"DeployID","Platform ID No.","Prg No.","Latitude","Longitude","Loc. quality","Loc. date","Loc. type","Altitude","Pass","Sat.","Mote Id","Frequency","Msg Date","Comp.","Msg","> - 120 DB","Best level","Delta freq.","Long. 1","Lat. sol. 1","Long. 2","Lat. sol. 2","Loc. idx","Nopc","Error radius","Semi-major axis","Semi-minor axis","Ellipse orientation","GDOP","SENSOR #01","SENSOR #02","SENSOR #03","SENSOR #04","SENSOR #05","SENSOR #06","SENSOR #07","SENSOR #08","SENSOR #09","SENSOR #10","SENSOR #11","SENSOR #12","SENSOR #13","SENSOR #14","SENSOR #15","SENSOR #16","SENSOR #17","SENSOR #18","SENSOR #19","SENSOR #20","SENSOR #21","SENSOR #22","SENSOR #23","SENSOR #24","SENSOR #25","SENSOR #26","SENSOR #27","SENSOR #28","SENSOR #29","SENSOR #30","SENSOR #31","SENSOR #32"
"",228001,5675,,,,,,,0,SR,,401650000,02/15/2022 07:05:12,1,1,0,-139,401650000,,,,,,,,,,,,87,137,1,,,,,,,,,,,,,,,,,,,,,,,,,,,,,
"",228001,5675,-29.03917,167.94594,3,02/15/2022 08:02:52,Argos,0,441,NK,,401677440.98,02/15/2022 07:59:12,1,6,0,-128,401677440.98,167.94594,-29.03917,167.94594,-29.03917,58,3,132,188,92,91,186,93,48,165,245,104,201,136,158,103,160,10,156,86,3,123,8,1,255,1,204,64,0,0,,,,,,,,,
"",228001,5675,-29.03917,167.94594,3,02/15/2022 08:02:52,Argos,0,441,NK,,401677440.98,02/15/2022 08:00:38,1,6,0,-128,401677440.98,167.94594,-29.03917,167.94594,-29.03917,58,3,132,188,92,91,186,92,190,1,,,,,,,,,,,,,,,,,,,,,,,,,,,,,
"",228001,5675,-29.03917,167.94594,3,02/15/2022 08:02:52,Argos,0,441,NK,,401677440.98,02/15/2022 08:02:08,1,6,0,-128,401677440.98,167.94594,-29.03917,167.94594,-29.03917,58,3,132,188,92,91,186,110,132,0,,,,,,,,,,,,,,,,,,,,,,,,,,,,,
"",228001,5675,-29.03917,167.94594,3,02/15/2022 08:02:52,Argos,0,441,NK,,401677440.98,02/15/2022 08:03:37,1,6,0,-128,401677440.98,167.94594,-29.03917,167.94594,-29.03917,58,3,132,188,92,91,186,12,1,144,,,,,,,,,,,,,,,,,,,,,,,,,,,,,
"",228001,5675,-29.03917,167.94594,3,02/15/2022 08:02:52,Argos,0,441,NK,,401677440.98,02/15/2022 08:05:07,1,6,0,-128,401677440.98,167.94594,-29.03917,167.94594,-29.03917,58,3,132,188,92,91,186,30,142,28,,,,,,,,,,,,,,,,,,,,,,,,,,,,,
"",228001,5675,-29.03917,167.94594,3,02/15/2022 08:02:52,Argos,0,441,NK,,401677440.98,02/15/2022 08:06:33,1,6,0,-128,401677440.98,167.94594,-29.03917,167.94594,-29.03917,58,3,132,188,92,91,186,70,192,4,,,,,,,,,,,,,,,,,,,,,,,,,,,,,
"",228001,5675,-29.04004,167.94114,3,02/15/2022 08:50:52,Argos,0,271,NP,,401677446.63,02/15/2022 08:48:37,1,4,0,-129,401677446.63,167.94114,-29.04004,167.94115,-29.04004,50,3,155,497,48,74,304,107,133,0,,,,,,,,,,,,,,,,,,,,,,,,,,,,,
"",228001,5675,-29.04004,167.94114,3,02/15/2022 08:50:52,Argos,0,271,NP,,401677446.63,02/15/2022 08:50:07,1,4,0,-129,401677446.63,167.94114,-29.04004,167.94115,-29.04004,50,3,155,497,48,74,304,12,1,144,,,,,,,,,,,,,,,,,,,,,,,,,,,,,
"",228001,5675,-29.04004,167.94114,3,02/15/2022 08:50:52,Argos,0,271,NP,,401677446.63,02/15/2022 08:51:38,1,4,0,-129,401677446.63,167.94114,-29.04004,167.94115,-29.04004,50,3,155,497,48,74,304,30,142,28,,,,,,,,,,,,,,,,,,,,,,,,,,,,,
"",228001,5675,-29.04004,167.94114,3,02/15/2022 08:50:52,Argos,0,271,NP,,401677446.63,02/15/2022 08:53:08,1,4,0,-129,401677446.63,167.94114,-29.04004,167.94115,-29.04004,50,3,155,497,48,74,304,75,201,4,,,,,,,,,,,,,,,,,,,,,,,,,,,,,
"",228001,5675,-29.04004,167.94114,3,02/15/2022 08:50:52,Argos,0,271,NP,,401677446.63,02/15/2022 08:54:36,1,4,0,-129,401677446.63,167.94114,-29.04004,167.94115,-29.04004,50,3,155,497,48,74,304,83,226,1,,,,,,,,,,,,,,,,,,,,,,,,,,,,,
"",228001,5675,-29.04038,167.9412,B,02/15/2022 09:11:00,Argos,0,0,MC,,401677442.57,02/15/2022 09:11:01,1,1,0,-131,401677442.57,167.9412,-29.04038,167.9412,-29.04038,6,3,627,745,527,86,1748,107,133,0,,,,,,,,,,,,,,,,,,,,,,,,,,,,,
"",228001,5675,-29.04029,167.93928,A,02/15/2022 10:50:31,Argos,0,180,MC,,401677448.14,02/15/2022 10:49:01,1,3,0,-122,401677448.14,167.93928,-29.04029,167.93929,-29.04029,8,3,174,424,71,81,380,30,142,28,,,,,,,,,,,,,,,,,,,,,,,,,,,,,
"",228001,5675,-29.04029,167.93928,A,02/15/2022 10:50:31,Argos,0,180,MC,,401677448.14,02/15/2022 10:50:31,1,3,0,-122,401677448.14,167.93928,-29.04029,167.93929,-29.04029,8,3,174,424,71,81,380,66,187,4,,,,,,,,,,,,,,,,,,,,,,,,,,,,,
"",228001,5675,-29.03794,167.94797,3,02/15/2022 10:52:45,Argos,0,447,NN,,401677447.61,02/15/2022 10:50:31,1,6,0,-128,401677447.61,167.94797,-29.03794,167.94797,-29.03794,56,3,132,282,62,89,195,66,187,4,,,,,,,,,,,,,,,,,,,,,,,,,,,,,
"",228001,5675,-29.04029,167.93928,A,02/15/2022 10:50:31,Argos,0,180,MC,,401677448.14,02/15/2022 10:52:01,1,3,0,-122,401677448.14,167.93928,-29.04029,167.93929,-29.04029,8,3,174,424,71,81,380,89,48,2,,,,,,,,,,,,,,,,,,,,,,,,,,,,,
"",228001,5675,-29.03794,167.94797,3,02/15/2022 10:52:45,Argos,0,447,NN,,401677447.61,02/15/2022 10:52:01,1,6,0,-128,401677447.61,167.94797,-29.03794,167.94797,-29.03794,56,3,132,282,62,89,195,89,48,2,,,,,,,,,,,,,,,,,,,,,,,,,,,,,
"",228001,5675,-29.03794,167.94797,3,02/15/2022 10:52:45,Argos,0,447,NN,,401677447.61,02/15/2022 10:53:31,1,6,0,-128,401677447.61,167.94797,-29.03794,167.94797,-29.03794,56,3,132,282,62,89,195,107,133,0,,,,,,,,,,,,,,,,,,,,,,,,,,,,,
"",228001,5675,-29.03794,167.94797,3,02/15/2022 10:52:45,Argos,0,447,NN,,401677447.61,02/15/2022 10:54:58,1,6,0,-128,401677447.61,167.94797,-29.03794,167.94797,-29.03794,56,3,132,282,62,89,195,12,1,144,,,,,,,,,,,,,,,,,,,,,,,,,,,,,
"",228001,5675,-29.03794,167.94797,3,02/15/2022 10:52:45,Argos,0,447,NN,,401677447.61,02/15/2022 10:56:28,2,6,0,-128,401677447.61,167.94797,-29.03794,167.94797,-29.03794,56,3,132,282,62,89,195,30,142,28,,,,,,,,,,,,,,,,,,,,,,,,,,,,,
"",228001,5675,,,,,,,0,MB,,401650000,02/27/2022 09:07:31,1,1,0,-132,401650000,,,,,,,,,,,,76,28,5,,,,,,,,,,,,,,,,,,,,,,,,,,,,,
"",228001,5675,,,,,,,0,NK,,401650000,02/28/2022 18:47:50,1,1,0,-127,401650000,,,,,,,,,,,,82,137,2,,,,,,,,,,,,,,,,,,,,,,,,,,,,,
"",228001,5675,,,,,,,0,SR,,401650000,02/28/2022 19:26:07,1,1,0,-130,401650000,,,,,,,,,,,,101,131,0,,,,,,,,,,,,,,,,,,,,,,,,,,,,,
"",228001,5675,,,,,,,0,NN,,401650000,03/07/2022 11:56:07,1,1,0,-124,401650000,,,,,,,,,,,,82,176,165,245,104,201,136,180,3,175,171,17,22,5,101,4,5,212,28,208,176,255,128,,,,,,,,,
"",228001,5675,,,,,,,0,NK,,401650000,03/09/2022 08:47:49,1,1,0,-133,401650000,,,,,,,,,,,,15,1,16,,,,,,,,,,,,,,,,,,,,,,,,,,,,,
"",228001,5675,-28.96428,167.90446,2,03/11/2022 20:32:57,Argos,0,0,MC,,401650000,03/11/2022 20:27:28,1,1,0,-131,401650000,167.90446,-28.96428,167.90446,-28.96428,56,3,440,537,361,40,388,100,134,0,,,,,,,,,,,,,,,,,,,,,,,,,,,,,
"",228001,5675,-28.9663,167.9096,2,03/11/2022 20:31:35,Argos,0,374,NP,,401677452.36,03/11/2022 20:27:28,1,4,0,-126,401677452.36,167.9096,-28.9663,167.9096,-28.9663,50,3,362,1671,78,127,360,100,134,0,,,,,,,,,,,,,,,,,,,,,,,,,,,,,
"",228001,5675,-28.9663,167.9096,2,03/11/2022 20:31:35,Argos,0,374,NP,,401677452.36,03/11/2022 20:31:44,1,4,0,-126,401677452.36,167.9096,-28.9663,167.9096,-28.9663,50,3,362,1671,78,127,360,30,142,28,,,,,,,,,,,,,,,,,,,,,,,,,,,,,
"",228001,5675,-28.96428,167.90446,2,03/11/2022 20:32:57,Argos,0,0,MC,,401650000,03/11/2022 20:31:44,1,1,0,-131,401650000,167.90446,-28.96428,167.90446,-28.96428,56,3,440,537,361,40,388,30,142,28,,,,,,,,,,,,,,,,,,,,,,,,,,,,,
"",228001,5675,-28.9663,167.9096,2,03/11/2022 20:31:35,Argos,0,374,NP,,401677452.36,03/11/2022 20:33:27,1,4,0,-126,401677452.36,167.9096,-28.9663,167.9096,-28.9663,50,3,362,1671,78,127,360,74,18,5,,,,,,,,,,,,,,,,,,,,,,,,,,,,,
"",228001,5675,-28.96428,167.90446,2,03/11/2022 20:32:57,Argos,0,0,MC,,401650000,03/11/2022 20:33:27,1,1,0,-131,401650000,167.90446,-28.96428,167.90446,-28.96428,56,3,440,537,361,40,388,74,18,5,,,,,,,,,,,,,,,,,,,,,,,,,,,,,
"",228001,5675,-28.9663,167.9096,2,03/11/2022 20:31:35,Argos,0,374,NP,,401677452.36,03/11/2022 20:33:42,1,4,0,-126,401677452.36,167.9096,-28.9663,167.9096,-28.9663,50,3,362,1671,78,127,360,91,5,3,,,,,,,,,,,,,,,,,,,,,,,,,,,,,
"",228001,5675,-28.96428,167.90446,2,03/11/2022 20:32:57,Argos,0,0,MC,,401650000,03/11/2022 20:33:42,1,1,0,-131,401650000,167.90446,-28.96428,167.90446,-28.96428,56,3,440,537,361,40,388,91,5,3,,,,,,,,,,,,,,,,,,,,,,,,,,,,,
"",228001,5675,-28.9649,167.90413,B,03/11/2022 20:47:51,Argos,0,0,NK,,401677456.84,03/11/2022 20:47:51,1,1,0,-128,401677456.84,167.90413,-28.9649,167.90413,-28.9649,6,3,1188,1378,1023,91,1519,42,141,32,238,238,238,238,224,238,14,238,0,238,14,238,21,141,0,238,224,224,14,14,238,234,68,251,125,29,182,82,
"",228001,5675,-28.85212,167.97653,A,03/12/2022 18:46:07,Argos,0,116,NK,,401677448.71,03/12/2022 18:45:23,1,3,0,-126,401677448.71,167.97653,-28.85212,167.97653,-28.85212,0,3,1981,25364,154,91,5597,42,141,96,238,238,238,238,238,236,238,238,164,207,218,251,17,150,224,190,54,242,201,14,42,49,244,117,89,221,156,112,
"",228001,5675,-28.85212,167.97653,A,03/12/2022 18:46:07,Argos,0,116,NK,,401677448.71,03/12/2022 18:45:40,1,3,0,-126,401677448.71,167.97653,-28.85212,167.97653,-28.85212,0,3,1981,25364,154,91,5597,30,142,24,,,,,,,,,,,,,,,,,,,,,,,,,,,,,
"",228001,5675,-28.85212,167.97653,A,03/12/2022 18:46:07,Argos,0,116,NK,,401677448.71,03/12/2022 18:47:19,1,3,0,-126,401677448.71,167.97653,-28.85212,167.97653,-28.85212,0,3,1981,25364,154,91,5597,74,18,5,,,,,,,,,,,,,,,,,,,,,,,,,,,,,
"",228001,5675,-28.86724,167.98345,A,03/12/2022 20:08:14,Argos,0,110,MC,,401677456.03,03/12/2022 20:08:14,1,3,0,-129,401677456.03,167.98345,-28.86724,167.98344,-28.86724,0,3,6866,33518,1406,12,5577,30,142,28,,,,,,,,,,,,,,,,,,,,,,,,,,,,,
"",228001,5675,-28.86724,167.98345,A,03/12/2022 20:08:14,Argos,0,110,MC,,401677456.03,03/12/2022 20:09:33,1,3,0,-129,401677456.03,167.98345,-28.86724,167.98344,-28.86724,0,3,6866,33518,1406,12,5577,97,135,0,,,,,,,,,,,,,,,,,,,,,,,,,,,,,
"",228001,5675,-28.86023,167.98573,B,03/12/2022 20:09:48,Argos,0,30,NP,,401677449.27,03/12/2022 20:09:33,1,2,0,-135,401677449.27,167.98573,-28.86023,167.98573,-28.86023,6,3,5051,18183,1403,12,4404,105,135,0,,,,,,,,,,,,,,,,,,,,,,,,,,,,,
"",228001,5675,-28.86724,167.98345,A,03/12/2022 20:08:14,Argos,0,110,MC,,401677456.03,03/12/2022 20:10:04,1,3,0,-129,401677456.03,167.98345,-28.86724,167.98344,-28.86724,0,3,6866,33518,1406,12,5577,15,1,17,,,,,,,,,,,,,,,,,,,,,,,,,,,,,
"",228001,5675,-28.86023,167.98573,B,03/12/2022 20:09:48,Argos,0,30,NP,,401677449.27,03/12/2022 20:10:04,1,2,0,-135,401677449.27,167.98573,-28.86023,167.98573,-28.86023,6,3,5051,18183,1403,12,4404,15,1,16,,,,,,,,,,,,,,,,,,,,,,,,,,,,,
"",228001,5675,-28.896,167.93948,A,03/12/2022 20:51:53,Argos,0,49,MB,,401677450.41,03/12/2022 20:51:42,1,3,0,-132,401677450.41,167.93948,-28.896,167.93948,-28.896,8,3,4605,29147,727,97,8542,42,141,96,238,238,238,238,238,238,238,238,238,224,44,1,117,226,29,212,183,0,216,51,188,63,203,240,123,223,13,131,
"",228001,5675,-28.896,167.93948,A,03/12/2022 20:51:53,Argos,0,49,MB,,401677450.41,03/12/2022 20:52:06,1,3,0,-132,401677450.41,167.93948,-28.896,167.93948,-28.896,8,3,4605,29147,727,97,8542,76,12,5,,,,,,,,,,,,,,,,,,,,,,,,,,,,,
"",228001,5675,-28.896,167.93948,A,03/12/2022 20:51:53,Argos,0,49,MB,,401677450.41,03/12/2022 20:52:31,1,3,0,-132,401677450.41,167.93948,-28.896,167.93948,-28.896,8,3,4605,29147,727,97,8542,86,67,3,,,,,,,,,,,,,,,,,,,,,,,,,,,,,
"",228001,5675,,,,,,,0,MC,,401650000,03/15/2022 09:35:54,1,1,0,-126,401650000,,,,,,,,,,,,168,166,247,229,237,129,239,141,226,29,143,8,167,78,242,67,62,32,191,230,94,131,195,161,244,162,0,84,46,59,219,
"",228001,5675,,,,,,,0,NK,,401650000,03/15/2022 09:35:54,1,1,0,-124,401650000,,,,,,,,,,,,42,13,147,243,30,145,142,25,179,208,205,21,163,212,109,189,190,27,190,235,43,106,180,33,106,108,62,234,146,213,233,
"",228001,5675,-28.89905,167.93515,0,03/15/2022 10:02:47,Argos,0,119,NP,,401677445.8,03/15/2022 10:01:55,1,4,0,-124,401677445.8,167.93515,-28.89905,167.93515,-28.89905,50,3,3206,14818,693,5,3058,83,82,3,,,,,,,,,,,,,,,,,,,,,,,,,,,,,
"",228001,5675,-28.89905,167.93515,0,03/15/2022 10:02:47,Argos,0,119,NP,,401677445.8,03/15/2022 10:02:24,1,4,0,-124,401677445.8,167.93515,-28.89905,167.93515,-28.89905,50,3,3206,14818,693,5,3058,100,134,0,,,,,,,,,,,,,,,,,,,,,,,,,,,,,
"",228001,5675,-28.89905,167.93515,0,03/15/2022 10:02:47,Argos,0,119,NP,,401677445.8,03/15/2022 10:02:58,1,4,0,-124,401677445.8,167.93515,-28.89905,167.93515,-28.89905,50,3,3206,14818,693,5,3058,15,1,16,,,,,,,,,,,,,,,,,,,,,,,,,,,,,
"",228001,5675,-28.89905,167.93515,0,03/15/2022 10:02:47,Argos,0,119,NP,,401677445.8,03/15/2022 10:03:54,1,4,0,-124,401677445.8,167.93515,-28.89905,167.93515,-28.89905,50,3,3206,14818,693,5,3058,30,142,28,,,,,,,,,,,,,,,,,,,,,,,,,,,,,
"",228001,5675,-28.90143,167.93454,B,03/15/2022 10:22:31,Argos,0,0,MB,,401677449.33,03/15/2022 10:22:32,1,1,0,-129,401677449.33,167.93454,-28.90143,167.93454,-28.90143,6,3,2569,5323,1239,6,3463,65,21,5,,,,,,,,,,,,,,,,,,,,,,,,,,,,,
"",228001,5675,-28.88336,167.93431,B,03/15/2022 10:23:04,Argos,0,66,NN,,401677445.73,03/15/2022 10:22:32,1,2,0,-133,401677445.73,167.93431,-28.88336,167.93431,-28.88336,6,3,1315,2169,797,35,2327,65,21,5,,,,,,,,,,,,,,,,,,,,,,,,,,,,,
"",228001,5675,-28.88336,167.93431,B,03/15/2022 10:23:04,Argos,0,66,NN,,401677445.73,03/15/2022 10:23:38,1,2,0,-133,401677445.73,167.93431,-28.88336,167.93431,-28.88336,6,3,1315,2169,797,35,2327,82,87,7,,,,,,,,,,,,,,,,,,,,,,,,,,,,,
"",228001,5675,-28.90068,167.93855,A,03/15/2022 11:14:59,Argos,0,35,MC,,401677441.59,03/15/2022 11:15:00,1,3,0,-121,401677441.59,167.93855,-28.90068,167.93855,-28.90068,8,3,1012,1779,576,97,2845,78,19,104,,,,,,,,,,,,,,,,,,,,,,,,,,,,,
"",228001,5675,-28.90068,167.93855,A,03/15/2022 11:14:59,Argos,0,35,MC,,401677441.59,03/15/2022 11:15:20,1,3,0,-121,401677441.59,167.93855,-28.90068,167.93855,-28.90068,8,3,1012,1779,576,97,2845,42,141,160,238,238,238,238,238,238,238,238,238,238,238,238,84,141,128,238,238,238,238,238,238,238,238,229,17,5,203,73,
"",228001,5675,-28.90068,167.93855,A,03/15/2022 11:14:59,Argos,0,35,MC,,401677441.59,03/15/2022 11:15:35,1,3,0,-121,401677441.59,167.93855,-28.90068,167.93855,-28.90068,8,3,1012,1779,576,97,2845,80,93,3,,,,,,,,,,,,,,,,,,,,,,,,,,,,,
"",228001,5675,-29.02087,167.95164,B,03/15/2022 19:04:27,Argos,0,163,NK,,401677442.42,03/15/2022 19:03:06,1,2,0,-127,401677442.42,167.95164,-29.02087,167.95164,-29.02087,8,3,2157,43916,105,97,6094,72,101,3,,,,,,,,,,,,,,,,,,,,,,,,,,,,,
"",228001,5675,-29.02087,167.95164,B,03/15/2022 19:04:27,Argos,0,163,NK,,401677442.42,03/15/2022 19:05:49,1,2,0,-127,401677442.42,167.95164,-29.02087,167.95164,-29.02087,8,3,2157,43916,105,97,6094,42,141,160,238,238,239,52,132,153,108,96,234,220,54,124,154,18,146,210,86,121,190,168,168,112,74,103,98,133,2,177,
"",228001,5675,-29.02336,167.9403,B,03/15/2022 19:40:02,Argos,0,0,NP,,401677450.01,03/15/2022 19:40:03,1,1,0,-126,401677450.01,167.9403,-29.02336,167.9403,-29.02336,8,3,2628,14179,486,97,7427,107,133,0,,,,,,,,,,,,,,,,,,,,,,,,,,,,,
"",228001,5675,-28.91618,167.996,B,03/15/2022 19:58:04,Argos,0,0,A1,,401677433.51,03/15/2022 19:58:04,1,1,0,-134,401677433.51,167.996,-28.91618,167.996,-28.91618,8,3,2739,4419,1696,54,7741,15,1,16,,,,,,,,,,,,,,,,,,,,,,,,,,,,,
"",228001,5675,-29.04716,167.99739,A,03/15/2022 20:50:33,Argos,0,327,MC,,401677464.83,03/15/2022 20:47:01,1,3,0,-125,401677464.83,167.99739,-29.04716,167.99739,-29.04716,6,3,11195,291601,429,85,4968,30,142,28,,,,,,,,,,,,,,,,,,,,,,,,,,,,,
"",228001,5675,-29.04716,167.99739,A,03/15/2022 20:50:33,Argos,0,327,MC,,401677464.83,03/15/2022 20:52:10,1,3,0,-125,401677464.83,167.99739,-29.04716,167.99739,-29.04716,6,3,11195,291601,429,85,4968,74,18,5,,,,,,,,,,,,,,,,,,,,,,,,,,,,,
"",228001,5675,-29.04975,167.95148,0,03/15/2022 20:52:48,Argos,0,75,NK,,401677440.21,03/15/2022 20:52:10,1,4,0,-127,401677440.21,167.95148,-29.04975,,,56,3,6323,49720,804,83,3034,74,18,5,,,,,,,,,,,,,,,,,,,,,,,,,,,,,
"",228001,5675,-29.04716,167.99739,A,03/15/2022 20:50:33,Argos,0,327,MC,,401677464.83,03/15/2022 20:52:28,1,3,0,-125,401677464.83,167.99739,-29.04716,167.99739,-29.04716,6,3,11195,291601,429,85,4968,94,127,114,,,,,,,,,,,,,,,,,,,,,,,,,,,,,
"",228001,5675,-29.04975,167.95148,0,03/15/2022 20:52:48,Argos,0,75,NK,,401677440.21,03/15/2022 20:52:28,1,4,0,-127,401677440.21,167.95148,-29.04975,,,56,3,6323,49720,804,83,3034,94,75,35,,,,,,,,,,,,,,,,,,,,,,,,,,,,,
"",228001,5675,-29.04975,167.95148,0,03/15/2022 20:52:48,Argos,0,75,NK,,401677440.21,03/15/2022 20:53:10,1,4,0,-127,401677440.21,167.95148,-29.04975,,,56,3,6323,49720,804,83,3034,107,133,0,,,,,,,,,,,,,,,,,,,,,,,,,,,,,
"",228001,5675,-29.04975,167.95148,0,03/15/2022 20:52:48,Argos,0,75,NK,,401677440.21,03/15/2022 20:53:25,1,4,0,-127,401677440.21,167.95148,-29.04975,,,56,3,6323,49720,804,83,3034,15,1,16,,,,,,,,,,,,,,,,,,,,,,,,,,,,,
"",228001,5675,,,,,,,0,MC,,401650000,03/18/2022 23:03:29,1,1,0,-124,401650000,,,,,,,,,,,,42,142,32,238,238,238,238,238,238,238,238,238,238,238,238,141,142,0,238,224,238,14,238,238,238,238,238,238,238,238,234,
"",228001,5675,,,,,,,0,NP,,401650000,03/23/2022 10:07:25,1,1,0,-131,401650000,,,,,,,,,,,,42,142,32,238,238,238,238,238,238,238,238,238,238,238,238,141,142,0,238,224,238,14,189,219,61,239,2,69,103,71,185,
"",228001,5675,,,,,,,0,MC,,401650000,03/23/2022 10:07:25,1,1,1,-119,401650000,,,,,,,,,,,,42,142,32,238,238,238,238,238,238,238,238,238,238,238,238,141,142,0,238,224,238,14,238,238,234,198,63,254,60,200,37,
"",228001,5675,,,,,,,0,NP,,401650000,03/24/2022 09:59:47,1,1,0,-131,401650000,,,,,,,,,,,,42,142,160,238,238,238,238,238,238,238,238,238,238,238,238,124,142,128,238,238,238,238,238,238,238,238,238,238,239,226,2,
"",228001,5675,,,,,,,0,NN,,401650000,03/28/2022 22:19:20,1,1,0,-129,401650000,,,,,,,,,,,,42,142,224,238,14,238,238,238,238,238,238,238,238,238,238,22,142,192,238,238,238,238,224,238,238,238,238,238,238,238,139,
"",228001,5675,-29.10544,167.7976,B,03/30/2022 10:44:04,Argos,0,14,NN,,401677460.63,03/30/2022 10:43:57,1,2,0,-128,401677460.63,167.7976,-29.10544,167.7976,-29.10544,0,3,75560,364939,15644,49,27663,42,143,160,238,238,0,14,238,238,238,239,148,92,17,144,223,242,204,47,176,140,218,182,221,183,240,185,248,240,240,167,
"",228001,5675,-29.10544,167.7976,B,03/30/2022 10:44:04,Argos,0,14,NN,,401677460.63,03/30/2022 10:44:12,1,2,0,-128,401677460.63,167.7976,-29.10544,167.7976,-29.10544,0,3,75560,364939,15644,49,27663,42,143,32,238,239,237,34,205,31,34,188,76,145,64,186,85,201,211,103,91,110,200,183,17,226,209,89,183,180,138,102,
"",228001,5675,,,,,,,0,NN,,401650000,04/03/2022 11:35:24,1,1,0,-128,401650000,,,,,,,,,,,,42,144,64,238,238,238,224,238,238,238,238,238,238,238,238,79,144,32,238,238,238,238,238,224,238,238,224,238,238,238,120,
"",228001,5675,,,,,,,0,NP,,401650000,04/07/2022 20:12:11,1,1,0,-122,401650000,,,,,,,,,,,,42,144,192,238,227,175,242,167,196,189,17,49,61,159,34,126,18,202,229,225,78,116,157,109,236,251,68,48,160,135,124,
"",228001,5675,,,,,,,0,NN,,401650000,04/08/2022 23:32:01,1,1,0,-129,401650000,,,,,,,,,,,,42,144,192,238,238,238,238,238,238,238,238,238,238,238,238,110,144,160,238,238,238,238,238,238,238,238,14,224,14,238,96,
"",228001,5675,-29.05232,167.94509,B,04/14/2022 19:49:17,Argos,0,22,NK,,401677462.65,04/14/2022 19:49:06,1,2,0,-127,401677462.65,167.94509,-29.05232,167.94508,-29.05232,0,3,29153,323394,2628,84,6863,42,144,64,238,238,238,224,238,238,238,238,238,238,238,238,79,144,32,238,238,238,238,238,224,238,238,224,238,238,238,120,
"",228001,5675,-29.05232,167.94509,B,04/14/2022 19:49:17,Argos,0,22,NK,,401677462.65,04/14/2022 19:49:28,1,2,0,-127,401677462.65,167.94509,-29.05232,167.94508,-29.05232,0,3,29153,323394,2628,84,6863,42,144,128,238,238,238,238,238,238,238,238,238,238,238,238,149,144,96,238,238,238,238,238,224,238,238,238,238,238,238,71,
"",228001,5675,-29.07067,167.86311,B,04/23/2022 21:05:09,Argos,0,35,NK,,401677453.92,04/23/2022 21:04:52,1,2,0,-130,401677453.92,167.86311,-29.07067,167.86311,-29.07067,0,3,6581,65176,664,85,18614,42,146,128,224,14,238,238,238,238,238,238,238,238,238,238,230,146,96,238,238,238,238,238,238,238,238,238,238,238,238,172,
"",228001,5675,-29.07067,167.86311,B,04/23/2022 21:05:09,Argos,0,35,NK,,401677453.92,04/23/2022 21:05:27,1,2,0,-130,401677453.92,167.86311,-29.07067,167.86311,-29.07067,0,3,6581,65176,664,85,18614,42,144,128,239,238,238,238,234,238,238,236,238,239,236,126,113,138,158,227,5,21,17,221,193,221,221,221,221,221,220,143,
"",228001,5675,,,,,,,0,MB,,401650000,04/27/2022 16:17:07,0,1,0,-132,401650000,,,,,,,,,,,,0,,,,,,,,,,,,,,,,,,,,,,,,,,,,,,,
"",228001,5675,,,,,,,0,SR,,401650000,05/03/2022 19:18:59,1,1,0,-130,401650000,,,,,,,,,,,,42,146,192,238,238,238,238,238,238,238,238,238,238,238,238,163,146,160,238,238,238,238,238,238,238,238,238,238,238,238,166,
"",228001,5675,-29.04241,167.91648,3,05/06/2022 07:09:01,Argos,0,561,SR,,401677457.77,05/06/2022 07:03:57,1,6,0,-129,401677457.77,167.91648,-29.04241,167.91647,-29.04241,50,3,119,222,63,115,167,83,16,165,245,104,201,136,181,3,28,156,212,84,8,32,240,49,129,27,206,224,255,128,,,,,,,,,
"",228001,5675,-29.04241,167.91648,3,05/06/2022 07:09:01,Argos,0,456,SR,,401677457.24,05/06/2022 07:05:42,1,5,0,-129,401677457.24,167.91648,-29.04241,167.91647,-29.04241,50,3,119,222,63,115,167,42,145,128,238,238,238,238,238,238,238,238,238,238,238,238,112,145,96,99,187,196,94,190,235,135,1,43,232,20,68,1,
"",228001,5675,-29.04241,167.91648,3,05/06/2022 07:09:01,Argos,0,456,SR,,401677457.24,05/06/2022 07:08:27,1,5,0,-129,401677457.24,167.91648,-29.04241,167.91647,-29.04241,50,3,119,222,63,115,167,42,147,192,238,238,239,238,105,183,238,238,238,238,238,238,70,147,160,224,238,238,238,238,238,238,238,238,238,238,238,108,
"",228001,5675,-29.04241,167.91648,3,05/06/2022 07:09:01,Argos,0,456,SR,,401677457.24,05/06/2022 07:08:42,1,5,0,-129,401677457.24,167.91648,-29.04241,167.91647,-29.04241,50,3,119,222,63,115,167,42,146,128,224,14,238,238,238,238,238,238,238,254,238,206,230,146,96,238,238,238,238,238,238,238,238,238,238,238,238,172,
"",228001,5675,-29.04241,167.91648,3,05/06/2022 07:09:01,Argos,0,456,SR,,401677457.24,05/06/2022 07:09:01,1,5,0,-129,401677457.24,167.91648,-29.04241,167.91647,-29.04241,50,3,119,222,63,115,167,42,148,64,238,254,206,238,238,238,238,238,238,238,238,238,2,148,32,238,238,238,238,238,238,238,238,238,238,238,238,7,
"",228001,5675,-29.04241,167.91648,3,05/06/2022 07:09:01,Argos,0,456,SR,,401677457.24,05/06/2022 07:13:18,1,5,0,-129,401677457.24,167.91648,-29.04241,167.91647,-29.04241,50,3,119,222,63,115,167,42,146,192,238,238,238,238,238,238,238,238,238,238,238,238,163,146,160,238,238,238,238,238,238,238,238,238,238,238,238,166,
"",228001,5675,-29.04099,167.91903,A,05/06/2022 07:26:27,Argos,0,68,A1,,401677459.84,05/06/2022 07:25:54,1,3,0,-137,401677459.84,167.91903,-29.04099,167.91904,-29.04099,6,3,635,1051,383,12,1238,15,1,16,,,,,,,,,,,,,,,,,,,,,,,,,,,,,
"",228001,5675,-29.04099,167.91903,A,05/06/2022 07:26:27,Argos,0,68,A1,,401677459.84,05/06/2022 07:26:24,1,3,0,-137,401677459.84,167.91903,-29.04099,167.91904,-29.04099,6,3,635,1051,383,12,1238,30,142,28,,,,,,,,,,,,,,,,,,,,,,,,,,,,,
"",228001,5675,-29.04099,167.91903,A,05/06/2022 07:26:27,Argos,0,68,A1,,401677459.84,05/06/2022 07:27:03,1,3,0,-137,401677459.84,167.91903,-29.04099,167.91904,-29.04099,6,3,635,1051,383,12,1238,74,236,4,,,,,,,,,,,,,,,,,,,,,,,,,,,,,
"",228001,5675,-29.04248,167.91582,B,05/06/2022 07:38:14,Argos,0,173,NK,,401677455.11,05/06/2022 07:36:48,1,2,0,-130,401677455.11,167.91582,-29.04248,167.91582,-29.04248,6,3,567,2617,123,30,1419,93,38,4,,,,,,,,,,,,,,,,,,,,,,,,,,,,,
"",228001,5675,-29.04248,167.91582,B,05/06/2022 07:38:14,Argos,0,173,NK,,401677455.11,05/06/2022 07:39:41,1,2,0,-130,401677455.11,167.91582,-29.04248,167.91582,-29.04248,6,3,567,2617,123,30,1419,96,130,0,,,,,,,,,,,,,,,,,,,,,,,,,,,,,
"",228001,5675,-29.0433,167.91448,B,05/06/2022 08:11:45,Argos,0,0,NP,,401677456.11,05/06/2022 08:11:46,1,1,0,-132,401677456.11,167.91448,-29.0433,167.91447,-29.0433,8,3,940,1243,710,42,2642,62,146,128,224,14,238,238,238,238,238,238,238,238,238,238,181,196,197,151,51,3,48,188,66,2,65,161,247,141,57,129,
"",228001,5675,-29.0454,167.91618,B,05/06/2022 09:49:29,Argos,0,0,NP,,401677466.43,05/06/2022 09:49:30,1,1,0,-127,401677466.43,167.91618,-29.0454,167.91618,-29.0454,8,3,1536,2035,1159,59,4335,96,130,0,,,,,,,,,,,,,,,,,,,,,,,,,,,,,
"",228001,5675,-29.05022,167.91397,B,05/06/2022 10:41:14,Argos,0,0,MB,,401677466.65,05/06/2022 10:41:14,1,1,0,-125,401677466.65,167.91397,-29.05022,167.91397,-29.05022,8,3,1559,51074,47,72,4286,95,16,165,245,104,201,136,180,3,42,242,87,212,8,133,6,3,189,27,206,224,255,128,,,,,,,,,
"",228001,5675,-29.05022,167.91397,B,05/06/2022 10:41:14,Argos,0,0,MB,,401677466.65,05/06/2022 10:48:43,1,1,0,-125,401677466.65,167.91397,-29.05022,167.91397,-29.05022,8,3,1559,51074,47,72,4286,42,148,128,238,14,238,238,238,238,224,238,238,224,238,238,28,148,66,238,192,230,238,207,174,251,194,145,156,145,160,22,
"",228001,5675,-29.01536,167.93068,B,05/14/2022 06:17:02,Argos,0,14,SR,,401677465.68,05/14/2022 06:16:55,1,2,0,-127,401677465.68,167.93068,-29.01536,167.93068,-29.01536,0,2,10550,117677,945,98,29178,42,148,192,14,238,238,224,0,14,238,238,238,238,238,238,76,148,160,238,238,238,14,238,238,14,238,238,238,238,238,116,
"",228001,5675,-29.01536,167.93068,B,05/14/2022 06:17:02,Argos,0,14,SR,,401677465.68,05/14/2022 06:17:10,1,2,0,-127,401677465.68,167.93068,-29.01536,167.93068,-29.01536,0,2,10550,117677,945,98,29178,42,149,0,238,238,238,238,238,238,238,238,238,238,238,238,28,148,224,238,238,238,238,238,238,238,238,238,238,238,238,13,
"",228001,5675,-28.86359,167.87397,B,05/22/2022 11:43:12,Argos,0,159,NN,,401677455.35,05/22/2022 11:41:53,1,2,0,-125,401677455.35,167.87397,-28.86359,167.87396,-28.86359,0,2,8568,528077,139,53,24236,42,149,0,238,238,238,238,238,238,238,238,238,238,238,238,28,148,224,238,238,238,238,238,238,238,238,169,88,100,202,196,
"",228001,5675,-28.86359,167.87397,B,05/22/2022 11:43:12,Argos,0,159,NN,,401677455.35,05/22/2022 11:44:32,1,2,0,-125,401677455.35,167.87397,-28.86359,167.87396,-28.86359,0,2,8568,528077,139,53,24236,42,149,192,238,238,238,14,238,250,220,125,114,122,230,254,203,136,1,53,145,58,179,35,136,206,206,140,39,34,127,113,
"",228001,5675,,,,,,,0,NK,,401650000,06/08/2022 18:16:27,1,1,0,-135,401650000,,,,,,,,,,,,42,137,100,234,44,120,71,227,138,111,143,199,67,38,27,48,191,161,134,74,238,64,122,235,102,232,182,222,251,165,109,
"",228001,5675,,,,,,,0,SR,,401650000,06/08/2022 19:01:11,1,1,0,-127,401650000,,,,,,,,,,,,42,150,128,238,238,14,238,14,238,238,238,238,238,238,238,33,150,96,238,238,238,238,238,238,238,238,238,238,238,238,49,
"",228001,5675,-28.61957,168.05519,3,06/08/2022 19:40:13,Argos,0,607,NP,,401677460.92,06/08/2022 19:34:10,1,7,0,-129,401677460.92,168.05519,-28.61957,168.05519,-28.61957,50,3,121,191,76,134,171,42,149,128,238,238,238,238,171,170,235,224,69,246,47,56,20,36,253,124,99,57,18,20,132,238,55,192,9,129,227,211,
"",228001,5675,-28.61957,168.05519,3,06/08/2022 19:40:13,Argos,0,607,NP,,401677460.92,06/08/2022 19:35:03,1,7,0,-129,401677460.92,168.05519,-28.61957,168.05519,-28.61957,50,3,121,191,76,134,171,42,152,224,238,238,238,238,238,238,238,238,238,238,238,238,173,152,192,238,238,238,238,238,239,234,234,55,113,60,113,110,
"",228001,5675,-28.61957,168.05519,3,06/08/2022 19:40:13,Argos,0,607,NP,,401677460.92,06/08/2022 19:35:52,1,7,0,-129,401677460.92,168.05519,-28.61957,168.05519,-28.61957,50,3,121,191,76,134,171,42,148,192,14,238,238,224,0,14,238,238,238,238,238,238,76,148,160,238,238,238,14,111,254,14,231,126,229,190,153,252,
"",228001,5675,-28.61957,168.05519,3,06/08/2022 19:40:13,Argos,0,434,NP,,401677460.01,06/08/2022 19:37:03,1,4,0,-129,401677460.01,168.05519,-28.61957,168.05519,-28.61957,50,3,121,191,76,134,171,42,149,0,238,238,238,238,206,238,238,238,238,238,238,238,28,148,224,203,252,47,204,119,82,1,94,150,228,224,107,38,
"",228001,5675,-28.61957,168.05519,3,06/08/2022 19:40:13,Argos,0,434,NP,,401677460.01,06/08/2022 19:37:58,1,4,0,-129,401677460.01,168.05519,-28.61957,168.05519,-28.61957,50,3,121,191,76,134,171,42,149,192,238,238,238,14,238,238,238,238,238,238,238,238,53,157,130,155,157,6,62,76,241,101,135,232,87,86,215,162,
"",228001,5675,-28.61957,168.05519,3,06/08/2022 19:40:13,Argos,0,434,NP,,401677460.01,06/08/2022 19:41:36,1,4,0,-129,401677460.01,168.05519,-28.61957,168.05519,-28.61957,50,3,121,191,76,134,171,79,144,165,245,104,201,136,180,4,79,21,84,152,9,27,4,85,174,28,205,80,143,0,,,,,,,,,
"",228001,5675,-28.61957,168.05519,3,06/08/2022 19:40:13,Argos,0,434,NP,,401677460.01,06/08/2022 19:44:17,1,4,0,-129,401677460.01,168.05519,-28.61957,168.05519,-28.61957,50,3,121,191,76,134,171,42,150,192,238,238,238,238,238,0,207,204,137,12,39,115,0,94,231,49,196,1,47,242,42,232,96,24,194,222,20,79,
"",228001,5675,-28.60894,168.04911,A,06/08/2022 19:47:25,Argos,0,105,A1,,401677459.42,06/08/2022 19:46:39,1,3,0,-134,401677459.42,168.04911,-28.60894,168.0491,-28.60894,6,3,571,1422,229,58,776,42,151,0,238,238,238,238,252,148,5,12,93,95,202,80,172,52,223,155,43,95,240,231,67,89,136,40,111,25,89,223,
"",228001,5675,-28.60894,168.04911,A,06/08/2022 19:47:25,Argos,0,105,A1,,401677459.42,06/08/2022 19:47:13,1,3,0,-134,401677459.42,168.04911,-28.60894,168.0491,-28.60894,6,3,571,1422,229,58,776,42,151,128,238,238,238,238,238,0,238,238,238,238,238,238,112,208,21,57,167,128,63,222,217,57,190,109,150,101,171,102,
"",228001,5675,-28.60894,168.04911,A,06/08/2022 19:47:25,Argos,0,105,A1,,401677459.42,06/08/2022 19:48:24,1,3,0,-134,401677459.42,168.04911,-28.60894,168.0491,-28.60894,6,3,571,1422,229,58,776,42,151,192,238,238,238,238,238,238,238,238,238,238,236,239,16,93,179,190,124,137,167,249,33,38,27,73,134,196,135,64,
"",228001,5675,-28.61514,168.06454,0,06/08/2022 19:58:44,Argos,0,354,NK,,401677458.43,06/08/2022 19:55:08,1,5,0,-124,401677458.43,168.06454,-28.61514,168.06454,-28.61514,46,3,4189,65220,269,101,1003,42,157,218,164,65,214,240,202,1,159,59,6,109,99,99,8,193,127,112,228,129,36,63,138,180,211,153,206,157,250,143,
"",228001,5675,-28.61514,168.06454,0,06/08/2022 19:58:44,Argos,0,354,NK,,401677458.43,06/08/2022 19:56:52,1,5,0,-124,401677458.43,168.06454,-28.61514,168.06454,-28.61514,46,3,4189,65220,269,101,1003,42,152,96,238,238,238,238,238,238,238,238,144,175,64,161,54,54,184,211,242,172,8,219,24,26,224,194,168,203,174,237,
"",228001,5675,-28.61514,168.06454,0,06/08/2022 19:58:44,Argos,0,354,NK,,401677458.43,06/08/2022 20:00:04,1,5,0,-124,401677458.43,168.06454,-28.61514,168.06454,-28.61514,46,3,4189,65220,269,101,1003,71,213,4,,,,,,,,,,,,,,,,,,,,,,,,,,,,,
"",228001,5675,-28.61514,168.06454,0,06/08/2022 19:58:44,Argos,0,354,NK,,401677458.43,06/08/2022 20:00:38,1,5,0,-124,401677458.43,168.06454,-28.61514,168.06454,-28.61514,46,3,4189,65220,269,101,1003,87,154,4,,,,,,,,,,,,,,,,,,,,,,,,,,,,,
"",228001,5675,-28.61514,168.06454,0,06/08/2022 19:58:44,Argos,0,354,NK,,401677458.43,06/08/2022 20:01:02,1,5,0,-124,401677458.43,168.06454,-28.61514,168.06454,-28.61514,46,3,4189,65220,269,101,1003,111,129,0,,,,,,,,,,,,,,,,,,,,,,,,,,,,,
"",228001,5675,-28.61174,168.04817,B,06/08/2022 20:35:27,Argos,0,0,SR,,401677458.96,06/08/2022 20:35:28,1,1,0,-135,401677458.96,168.04817,-28.61174,168.04817,-28.61174,8,3,3870,4602,3254,74,2743,42,151,0,238,238,238,238,238,238,238,238,238,238,238,238,209,150,224,238,238,238,238,238,238,238,238,238,238,238,238,192,
"",228001,5675,-28.60429,168.07296,1,06/08/2022 21:16:24,Argos,0,0,NP,,401677452.23,06/08/2022 21:16:25,1,1,0,-139,401677452.23,168.07296,-28.60429,168.07297,-28.60429,58,3,603,838,433,134,282,62,2,181,16,80,94,6,144,252,39,17,206,12,206,167,131,215,33,75,253,100,156,158,100,255,21,99,91,241,49,2,
"",228001,5675,-28.59883,168.08273,1,06/08/2022 21:20:26,Argos,0,136,NN,,401677459.13,06/08/2022 21:19:18,1,2,0,-130,401677459.13,168.08273,-28.59883,168.08273,-28.59883,56,3,559,909,344,35,381,105,126,0,,,,,,,,,,,,,,,,,,,,,,,,,,,,,
"",228001,5675,-28.60429,168.07296,1,06/08/2022 21:16:24,Argos,0,0,NP,,401677452.23,06/08/2022 21:19:18,1,1,0,-139,401677452.23,168.07296,-28.60429,168.07297,-28.60429,58,3,603,838,433,134,282,105,126,0,,,,,,,,,,,,,,,,,,,,,,,,,,,,,
"",228001,5675,-28.59883,168.08273,1,06/08/2022 21:20:26,Argos,0,136,NN,,401677459.13,06/08/2022 21:21:34,1,2,0,-130,401677459.13,168.08273,-28.59883,168.08273,-28.59883,56,3,559,909,344,35,381,42,151,0,238,238,238,238,238,238,238,238,238,238,238,238,209,150,224,238,238,238,100,64,139,247,137,69,172,202,69,24,
"",228001,5675,-28.60429,168.07296,1,06/08/2022 21:16:24,Argos,0,0,NP,,401677452.23,06/08/2022 21:21:34,1,1,0,-139,401677452.23,168.07296,-28.60429,168.07297,-28.60429,58,3,603,838,433,134,282,42,151,0,238,238,238,238,238,238,238,238,238,238,238,238,209,150,224,238,238,238,243,143,184,255,47,1,66,3,127,136,
"",228001,5675,-28.60182,168.07692,1,06/08/2022 21:30:27,Argos,0,533,MC,,401677460.75,06/08/2022 21:21:34,1,6,2,-116,401677460.75,168.07692,-28.60182,168.07692,-28.60182,46,3,632,1529,261,94,235,42,151,0,238,238,238,238,238,238,238,238,238,238,238,238,209,150,224,238,238,108,161,128,109,164,6,218,36,53,196,98,
"",228001,5675,-28.60429,168.07296,1,06/08/2022 21:16:24,Argos,0,0,NP,,401677452.23,06/08/2022 21:25:03,1,1,0,-139,401677452.23,168.07296,-28.60429,168.07297,-28.60429,58,3,603,838,433,134,282,71,147,54,208,46,123,246,3,95,80,28,35,85,231,90,100,71,121,140,89,74,202,203,,,,,,,,,
"",228001,5675,-28.60182,168.07692,1,06/08/2022 21:30:27,Argos,0,533,MC,,401677460.75,06/08/2022 21:25:03,1,6,2,-116,401677460.75,168.07692,-28.60182,168.07692,-28.60182,46,3,632,1529,261,94,235,71,52,37,120,26,193,39,177,217,64,105,13,91,98,10,95,130,143,218,150,6,242,251,,,,,,,,,
"",228001,5675,-28.59883,168.08273,1,06/08/2022 21:20:26,Argos,0,136,NN,,401677459.13,06/08/2022 21:25:03,1,2,0,-130,401677459.13,168.08273,-28.59883,168.08273,-28.59883,56,3,559,909,344,35,381,71,26,74,121,124,73,254,35,157,195,86,205,59,204,85,102,75,183,24,226,37,190,225,,,,,,,,,
"",228001,5675,-28.60182,168.07692,1,06/08/2022 21:30:27,Argos,0,533,MC,,401677460.75,06/08/2022 21:26:26,1,6,2,-116,401677460.75,168.07692,-28.60182,168.07692,-28.60182,46,3,632,1529,261,94,235,42,151,128,238,238,238,238,238,0,238,43,144,17,18,238,104,151,96,238,238,238,238,238,238,238,238,238,238,238,238,212,
"",228001,5675,-28.60429,168.07296,1,06/08/2022 21:16:24,Argos,0,0,NP,,401677452.23,06/08/2022 21:26:50,1,1,0,-139,401677452.23,168.07296,-28.60429,168.07297,-28.60429,58,3,603,838,433,134,282,42,151,192,238,238,238,238,238,238,238,238,235,77,140,231,228,240,121,176,103,156,254,250,209,199,40,255,198,155,83,83,
"",228001,5675,-28.60182,168.07692,1,06/08/2022 21:30:27,Argos,0,533,MC,,401677460.75,06/08/2022 21:26:50,1,6,2,-116,401677460.75,168.07692,-28.60182,168.07692,-28.60182,46,3,632,1529,261,94,235,42,151,192,238,238,238,238,238,238,238,238,238,238,238,238,219,147,160,188,118,192,199,90,70,15,112,81,225,179,97,42,
"",228001,5675,-28.59883,168.08273,1,06/08/2022 21:20:26,Argos,0,136,NN,,401677459.13,06/08/2022 21:26:50,1,2,0,-130,401677459.13,168.08273,-28.59883,168.08273,-28.59883,56,3,559,909,344,35,381,42,151,192,238,238,238,238,238,238,238,238,238,234,110,107,208,133,182,98,4,11,237,111,75,226,195,193,59,110,215,75,
"",228001,5675,-28.60429,168.07296,1,06/08/2022 21:16:24,Argos,0,0,NP,,401677452.23,06/08/2022 21:27:05,1,1,0,-139,401677452.23,168.07296,-28.60429,168.07297,-28.60429,58,3,603,838,433,134,282,34,151,64,238,238,238,238,238,238,238,238,238,238,239,239,14,57,216,243,181,130,250,138,87,117,75,253,154,89,210,159,
"",228001,5675,-28.60182,168.07692,1,06/08/2022 21:30:27,Argos,0,533,MC,,401677460.75,06/08/2022 21:27:05,1,6,2,-116,401677460.75,168.07692,-28.60182,168.07692,-28.60182,46,3,632,1529,261,94,235,42,151,64,238,238,238,238,238,238,238,238,238,238,238,238,42,151,32,238,174,238,238,238,238,238,238,238,238,174,239,45,
"",228001,5675,-28.59883,168.08273,1,06/08/2022 21:20:26,Argos,0,136,NN,,401677459.13,06/08/2022 21:27:05,1,2,0,-130,401677459.13,168.08273,-28.59883,168.08273,-28.59883,56,3,559,909,344,35,381,42,151,64,238,238,238,238,238,238,238,238,238,238,238,238,42,151,32,108,62,99,230,118,239,238,238,238,174,170,233,42,
"",228001,5675,-28.60851,168.10398,B,06/08/2022 21:30:27,Argos,0,0,MC,,401677466.31,06/08/2022 21:30:27,1,1,0,-121,401677466.31,168.10398,-28.60851,168.10397,-28.60851,6,3,2771,4817,1593,111,1826,42,152,32,238,207,205,89,102,250,73,60,60,85,80,115,56,207,120,130,188,0,223,204,185,14,2,133,126,159,218,102,
"",228001,5675,-28.59723,168.08614,A,06/08/2022 22:17:22,Argos,0,467,MB,,401677461.18,06/08/2022 22:10:37,1,3,0,-129,401677461.18,168.08614,-28.59723,168.08614,-28.59723,8,3,223,882,56,80,547,42,151,192,238,238,238,238,238,238,241,69,123,52,96,155,198,79,245,38,171,110,63,247,67,1,91,205,248,208,118,102,
"",228001,5675,-28.59723,168.08614,A,06/08/2022 22:17:22,Argos,0,467,MB,,401677461.18,06/08/2022 22:16:22,1,3,0,-129,401677461.18,168.08614,-28.59723,168.08614,-28.59723,8,3,223,882,56,80,547,68,227,43,143,91,245,189,117,0,0,98,249,170,194,230,54,203,206,31,7,55,196,112,,,,,,,,,
"",228001,5675,-28.59723,168.08614,A,06/08/2022 22:17:22,Argos,0,467,MB,,401677461.18,06/08/2022 22:18:24,1,3,0,-129,401677461.18,168.08614,-28.59723,168.08614,-28.59723,8,3,223,882,56,80,547,43,137,19,246,128,49,12,254,224,61,210,232,188,196,144,61,191,234,171,141,63,139,151,47,131,56,187,178,12,3,59,
"",228001,5675,-28.58738,168.11208,3,06/08/2022 23:02:25,Argos,0,557,NN,,401677461.51,06/08/2022 22:59:16,1,13,0,-124,401677461.51,168.11208,-28.58738,168.11208,-28.58738,58,3,181,355,91,107,144,42,227,168,234,29,141,122,12,151,156,65,240,66,113,203,15,18,81,64,48,123,244,33,28,150,238,190,144,1,110,90,
"",228001,5675,-28.58783,168.11233,3,06/08/2022 23:02:25,Argos,0,441,NN,,401677461.26,06/08/2022 23:00:26,1,11,0,-124,401677461.26,168.11233,-28.58783,168.11234,-28.58783,58,3,189,355,100,114,157,42,152,224,238,238,238,238,238,238,238,238,238,238,238,238,173,152,192,238,238,238,238,238,238,238,238,238,238,238,238,83,
"",228001,5675,-28.58783,168.11233,3,06/08/2022 23:02:25,Argos,0,441,NN,,401677461.26,06/08/2022 23:00:44,1,11,0,-124,401677461.26,168.11233,-28.58783,168.11234,-28.58783,58,3,189,355,100,114,157,30,142,28,,,,,,,,,,,,,,,,,,,,,,,,,,,,,
"",228001,5675,-28.58783,168.11233,3,06/08/2022 23:02:25,Argos,0,441,NN,,401677461.26,06/08/2022 23:01:34,1,11,0,-124,401677461.26,168.11233,-28.58783,168.11234,-28.58783,58,3,189,355,100,114,157,85,239,4,,,,,,,,,,,,,,,,,,,,,,,,,,,,,
"",228001,5675,-28.58783,168.11233,3,06/08/2022 23:02:25,Argos,0,441,NN,,401677461.26,06/08/2022 23:02:18,1,11,0,-124,401677461.26,168.11233,-28.58783,168.11234,-28.58783,58,3,189,355,100,114,157,102,125,165,,,,,,,,,,,,,,,,,,,,,,,,,,,,,
"",228001,5675,-28.58777,168.10959,3,06/08/2022 23:06:00,Argos,0,555,MC,,401677459.47,06/08/2022 23:02:19,1,9,0,-125,401677459.47,168.10959,-28.58777,168.10959,-28.58777,56,3,213,258,175,59,226,98,100,27,,,,,,,,,,,,,,,,,,,,,,,,,,,,,
"",228001,5675,-28.58783,168.11233,3,06/08/2022 23:02:25,Argos,0,441,NN,,401677461.26,06/08/2022 23:02:40,1,11,0,-124,401677461.26,168.11233,-28.58783,168.11234,-28.58783,58,3,189,355,100,114,157,78,48,165,245,104,201,136,180,4,92,166,209,22,106,227,18,106,160,151,148,57,21,190,,,,,,,,,
"",228001,5675,-28.58777,168.10959,3,06/08/2022 23:06:00,Argos,0,555,MC,,401677459.47,06/08/2022 23:02:40,1,9,0,-125,401677459.47,168.10959,-28.58777,168.10959,-28.58777,56,3,213,258,175,59,226,78,48,165,245,104,201,136,180,4,92,163,200,137,233,249,68,44,159,219,225,47,245,127,,,,,,,,,
"",228001,5675,-28.58783,168.11233,3,06/08/2022 23:02:25,Argos,0,441,NN,,401677461.26,06/08/2022 23:03:10,1,11,0,-124,401677461.26,168.11233,-28.58783,168.11234,-28.58783,58,3,189,355,100,114,157,15,1,16,,,,,,,,,,,,,,,,,,,,,,,,,,,,,
"",228001,5675,-28.58777,168.10959,3,06/08/2022 23:06:00,Argos,0,555,MC,,401677459.47,06/08/2022 23:03:10,1,9,0,-125,401677459.47,168.10959,-28.58777,168.10959,-28.58777,56,3,213,258,175,59,226,15,1,16,,,,,,,,,,,,,,,,,,,,,,,,,,,,,
"",228001,5675,-28.58783,168.11233,3,06/08/2022 23:02:25,Argos,0,441,NN,,401677461.26,06/08/2022 23:05:15,2,11,0,-124,401677461.26,168.11233,-28.58783,168.11234,-28.58783,58,3,189,355,100,114,157,71,213,4,,,,,,,,,,,,,,,,,,,,,,,,,,,,,
"",228001,5675,-28.59543,168.08832,A,06/08/2022 23:06:00,Argos,0,83,MC,,401677452.09,06/08/2022 23:05:15,1,3,0,-125,401677452.09,168.08832,-28.59543,168.08832,-28.59543,6,3,748,2117,264,76,1176,71,213,4,,,,,,,,,,,,,,,,,,,,,,,,,,,,,
"",228001,5675,-28.58783,168.11233,3,06/08/2022 23:02:25,Argos,0,441,NN,,401677461.26,06/08/2022 23:06:08,1,11,0,-124,401677461.26,168.11233,-28.58783,168.11234,-28.58783,58,3,189,355,100,114,157,87,245,4,,,,,,,,,,,,,,,,,,,,,,,,,,,,,
"",228001,5675,-28.59543,168.08832,A,06/08/2022 23:06:00,Argos,0,83,MC,,401677452.09,06/08/2022 23:06:08,1,3,0,-125,401677452.09,168.08832,-28.59543,168.08832,-28.59543,6,3,748,2117,264,76,1176,87,245,4,,,,,,,,,,,,,,,,,,,,,,,,,,,,,
"",228001,5675,-28.58783,168.11233,3,06/08/2022 23:02:25,Argos,0,441,NN,,401677461.26,06/08/2022 23:06:39,1,11,0,-124,401677461.26,168.11233,-28.58783,168.11234,-28.58783,58,3,189,355,100,114,157,111,129,0,,,,,,,,,,,,,,,,,,,,,,,,,,,,,
"",228001,5675,-28.59543,168.08832,A,06/08/2022 23:06:00,Argos,0,83,MC,,401677452.09,06/08/2022 23:06:39,1,3,0,-125,401677452.09,168.08832,-28.59543,168.08832,-28.59543,6,3,748,2117,264,76,1176,111,129,0,,,,,,,,,,,,,,,,,,,,,,,,,,,,,
"",228001,5675,-28.58783,168.11233,3,06/08/2022 23:02:25,Argos,0,441,NN,,401677461.26,06/08/2022 23:07:47,1,11,0,-124,401677461.26,168.11233,-28.58783,168.11234,-28.58783,58,3,189,355,100,114,157,15,9,193,,,,,,,,,,,,,,,,,,,,,,,,,,,,,
"",228001,5675,-28.58777,168.10959,3,06/08/2022 23:06:00,Argos,0,555,MC,,401677459.47,06/08/2022 23:07:47,1,9,0,-125,401677459.47,168.10959,-28.58777,168.10959,-28.58777,56,3,213,258,175,59,226,15,1,65,,,,,,,,,,,,,,,,,,,,,,,,,,,,,
"",228001,5675,-28.58777,168.10959,3,06/08/2022 23:06:00,Argos,0,555,MC,,401677459.47,06/08/2022 23:10:20,1,9,0,-125,401677459.47,168.10959,-28.58777,168.10959,-28.58777,56,3,213,258,175,59,226,30,142,24,,,,,,,,,,,,,,,,,,,,,,,,,,,,,
"",228001,5675,-28.58777,168.10959,3,06/08/2022 23:06:00,Argos,0,555,MC,,401677459.47,06/08/2022 23:11:34,2,9,0,-125,401677459.47,168.10959,-28.58777,168.10959,-28.58777,56,3,213,258,175,59,226,71,213,4,,,,,,,,,,,,,,,,,,,,,,,,,,,,,
"",228001,5675,-28.54136,168.13631,B,06/09/2022 04:28:27,Argos,0,40,SR,,401677446.37,06/09/2022 04:28:08,1,2,0,-134,401677446.37,168.13631,-28.54136,168.1363,-28.54136,8,3,3379,5177,2205,167,4875,30,142,28,,,,,,,,,,,,,,,,,,,,,,,,,,,,,
"",228001,5675,-28.54136,168.13631,B,06/09/2022 04:28:27,Argos,0,40,SR,,401677446.37,06/09/2022 04:28:48,1,2,0,-134,401677446.37,168.13631,-28.54136,168.1363,-28.54136,8,3,3379,5177,2205,167,4875,78,216,4,,,,,,,,,,,,,,,,,,,,,,,,,,,,,
"",228001,5675,-28.50272,168.19444,1,06/09/2022 06:05:59,Argos,0,475,SR,,401677459.75,06/09/2022 06:02:23,1,6,0,-121,401677459.75,168.19444,-28.50272,168.19444,-28.50272,48,3,765,1828,320,124,320,72,214,167,,,,,,,,,,,,,,,,,,,,,,,,,,,,,
"",228001,5675,-28.50272,168.19444,1,06/09/2022 06:05:59,Argos,0,475,SR,,401677459.75,06/09/2022 06:03:03,1,6,0,-121,401677459.75,168.19444,-28.50272,168.19444,-28.50272,48,3,765,1828,320,124,320,88,134,5,,,,,,,,,,,,,,,,,,,,,,,,,,,,,
"",228001,5675,-28.50272,168.19444,1,06/09/2022 06:05:59,Argos,0,475,SR,,401677459.75,06/09/2022 06:04:09,1,6,0,-121,401677459.75,168.19444,-28.50272,168.19444,-28.50272,48,3,765,1828,320,124,320,111,129,0,,,,,,,,,,,,,,,,,,,,,,,,,,,,,
"",228001,5675,-28.50272,168.19444,1,06/09/2022 06:05:59,Argos,0,475,SR,,401677459.75,06/09/2022 06:06:13,1,6,0,-121,401677459.75,168.19444,-28.50272,168.19444,-28.50272,48,3,765,1828,320,124,320,15,1,16,,,,,,,,,,,,,,,,,,,,,,,,,,,,,
"",228001,5675,-28.50272,168.19444,1,06/09/2022 06:05:59,Argos,0,475,SR,,401677459.75,06/09/2022 06:09:51,1,6,0,-121,401677459.75,168.19444,-28.50272,168.19444,-28.50272,48,3,765,1828,320,124,320,30,142,28,,,,,,,,,,,,,,,,,,,,,,,,,,,,,
"",228001,5675,-28.50272,168.19444,1,06/09/2022 06:05:59,Argos,0,475,SR,,401677459.75,06/09/2022 06:10:18,1,6,0,-121,401677459.75,168.19444,-28.50272,168.19444,-28.50272,48,3,765,1828,320,124,320,72,214,4,,,,,,,,,,,,,,,,,,,,,,,,,,,,,
"",228001,5675,-28.34636,168.33865,B,06/09/2022 17:59:57,Argos,0,0,A1,,401677470.7,06/09/2022 17:59:57,1,1,0,-137,401677470.7,168.33865,-28.34636,168.33865,-28.34636,8,3,18816,24293,14574,46,9177,15,1,16,,,,,,,,,,,,,,,,,,,,,,,,,,,,,
"",228001,5675,-28.33452,168.40195,1,06/09/2022 21:06:05,Argos,0,779,MC,,401677459.94,06/09/2022 21:00:25,1,6,1,-118,401677459.94,168.40195,-28.33452,168.40195,-28.33452,48,3,537,740,388,102,239,101,131,0,,,,,,,,,,,,,,,,,,,,,,,,,,,,,
"",228001,5675,-28.33452,168.40195,1,06/09/2022 21:06:05,Argos,0,779,MC,,401677459.94,06/09/2022 21:02:44,1,6,1,-118,401677459.94,168.40195,-28.33452,168.40195,-28.33452,48,3,537,740,388,102,239,15,1,16,,,,,,,,,,,,,,,,,,,,,,,,,,,,,
"",228001,5675,-28.33452,168.40195,1,06/09/2022 21:06:05,Argos,0,779,MC,,401677459.94,06/09/2022 21:03:23,1,6,1,-118,401677459.94,168.40195,-28.33452,168.40195,-28.33452,48,3,537,740,388,102,239,30,142,28,,,,,,,,,,,,,,,,,,,,,,,,,,,,,
"",228001,5675,-28.33623,168.40427,2,06/09/2022 21:08:18,Argos,0,212,NN,,401677468.24,06/09/2022 21:06:33,1,2,0,-132,401677468.24,168.40427,-28.33623,168.40427,-28.33623,56,3,437,541,352,28,373,84,80,165,245,104,201,136,180,4,212,229,20,84,11,115,2,1,190,28,205,80,255,128,,,,,,,,,
"",228001,5675,-28.33452,168.40195,1,06/09/2022 21:06:05,Argos,0,779,MC,,401677459.94,06/09/2022 21:06:33,1,6,1,-118,401677459.94,168.40195,-28.33452,168.40195,-28.33452,48,3,537,740,388,102,239,84,80,165,245,104,201,136,180,4,212,229,20,84,11,115,2,1,190,28,205,80,255,128,,,,,,,,,
"",228001,5675,-28.32917,168.4084,1,06/09/2022 21:12:54,Argos,0,521,NP,,401677460.88,06/09/2022 21:06:33,1,4,0,-131,401677460.88,168.4084,-28.32917,168.4084,-28.32917,40,3,815,1260,526,133,278,84,80,165,245,104,201,136,180,4,212,229,20,84,11,115,2,1,190,28,205,80,255,128,,,,,,,,,
"",228001,5675,-28.33623,168.40427,2,06/09/2022 21:08:18,Argos,0,212,NN,,401677468.24,06/09/2022 21:10:05,1,2,0,-132,401677468.24,168.40427,-28.33623,168.40427,-28.33623,56,3,437,541,352,28,373,81,187,5,,,,,,,,,,,,,,,,,,,,,,,,,,,,,
"",228001,5675,-28.32096,168.37527,A,06/09/2022 21:12:54,Argos,0,309,NP,,401677467.34,06/09/2022 21:10:05,1,3,0,-131,401677467.34,168.37527,-28.32096,168.37527,-28.32096,6,3,588,3698,93,106,1116,81,187,5,,,,,,,,,,,,,,,,,,,,,,,,,,,,,
"",228001,5675,-28.33452,168.40195,1,06/09/2022 21:06:05,Argos,0,779,MC,,401677459.94,06/09/2022 21:10:05,1,6,1,-118,401677459.94,168.40195,-28.33452,168.40195,-28.33452,48,3,537,740,388,102,239,81,187,5,,,,,,,,,,,,,,,,,,,,,,,,,,,,,
"",228001,5675,-28.31793,168.40225,A,06/09/2022 21:12:54,Argos,0,309,NK,,401677465.67,06/09/2022 21:10:05,1,3,0,-130,401677465.67,168.40225,-28.31793,168.40225,-28.31793,6,3,561,1796,175,145,885,81,187,5,,,,,,,,,,,,,,,,,,,,,,,,,,,,,
"",228001,5675,-28.32096,168.37527,A,06/09/2022 21:12:54,Argos,0,309,NP,,401677467.34,06/09/2022 21:13:24,1,3,0,-131,401677467.34,168.37527,-28.32096,168.37527,-28.32096,6,3,588,3698,93,106,1116,104,123,0,,,,,,,,,,,,,,,,,,,,,,,,,,,,,
"",228001,5675,-28.33452,168.40195,1,06/09/2022 21:06:05,Argos,0,779,MC,,401677459.94,06/09/2022 21:13:24,1,6,1,-118,401677459.94,168.40195,-28.33452,168.40195,-28.33452,48,3,537,740,388,102,239,104,123,0,,,,,,,,,,,,,,,,,,,,,,,,,,,,,
"",228001,5675,-28.31793,168.40225,A,06/09/2022 21:12:54,Argos,0,309,NK,,401677465.67,06/09/2022 21:13:24,1,3,0,-130,401677465.67,168.40225,-28.31793,168.40225,-28.31793,6,3,561,1796,175,145,885,104,123,0,,,,,,,,,,,,,,,,,,,,,,,,,,,,,
"",228001,5675,-28.33623,168.40427,2,06/09/2022 21:08:18,Argos,0,212,NN,,401677468.24,06/09/2022 21:13:24,1,2,0,-132,401677468.24,168.40427,-28.33623,168.40427,-28.33623,56,3,437,541,352,28,373,104,123,0,,,,,,,,,,,,,,,,,,,,,,,,,,,,,
"",228001,5675,-28.32096,168.37527,A,06/09/2022 21:12:54,Argos,0,309,NP,,401677467.34,06/09/2022 21:15:14,1,3,0,-131,401677467.34,168.37527,-28.32096,168.37527,-28.32096,6,3,588,3698,93,106,1116,11,9,16,,,,,,,,,,,,,,,,,,,,,,,,,,,,,
"",228001,5675,-28.31793,168.40225,A,06/09/2022 21:12:54,Argos,0,309,NK,,401677465.67,06/09/2022 21:15:14,1,3,0,-130,401677465.67,168.40225,-28.31793,168.40225,-28.31793,6,3,561,1796,175,145,885,15,1,16,,,,,,,,,,,,,,,,,,,,,,,,,,,,,
"",228001,5675,-28.33623,168.40427,2,06/09/2022 21:08:18,Argos,0,212,NN,,401677468.24,06/09/2022 21:15:14,1,2,0,-132,401677468.24,168.40427,-28.33623,168.40427,-28.33623,56,3,437,541,352,28,373,15,1,16,,,,,,,,,,,,,,,,,,,,,,,,,,,,,
"",228001,5675,-28.33803,168.41794,A,06/09/2022 21:59:34,Argos,0,595,MB,,401677459.74,06/09/2022 21:49:39,1,3,0,-129,401677459.74,168.41794,-28.33803,168.41794,-28.33803,8,3,4049,60177,272,98,1948,96,130,0,,,,,,,,,,,,,,,,,,,,,,,,,,,,,
"",228001,5675,-28.33803,168.41794,A,06/09/2022 21:59:34,Argos,0,595,MB,,401677459.74,06/09/2022 21:52:48,1,3,0,-129,401677459.74,168.41794,-28.33803,168.41794,-28.33803,8,3,4049,60177,272,98,1948,15,1,16,,,,,,,,,,,,,,,,,,,,,,,,,,,,,
"",228001,5675,-28.31152,168.38651,B,06/09/2022 21:59:34,Argos,0,0,MB,,401677458.8,06/09/2022 21:59:34,1,1,0,-133,401677458.8,168.38651,-28.31152,168.3865,-28.31152,8,3,2109,2731,1628,100,2876,73,211,4,,,,,,,,,,,,,,,,,,,,,,,,,,,,,
"",228001,5675,-28.33584,168.44126,B,06/09/2022 22:55:07,Argos,0,0,NN,,401677457.69,06/09/2022 22:55:07,1,1,0,-133,401677457.69,168.44126,-28.33584,168.44125,-28.33584,8,2,12217,19050,7834,96,3467,30,142,28,,,,,,,,,,,,,,,,,,,,,,,,,,,,,
"",228001,5675,-28.25847,168.56879,B,06/10/2022 05:34:29,Argos,0,0,SR,,401677421.33,06/10/2022 05:34:29,1,1,0,-126,401677421.33,168.56879,-28.25847,168.56879,-28.25847,8,3,20138,33818,11991,80,8083,95,176,165,245,104,201,136,180,5,22,164,148,84,11,215,0,5,96,28,205,80,255,128,,,,,,,,,
"",228001,5675,,,,,,,0,NK,,401650000,06/11/2022 20:18:11,1,1,0,-125,401650000,,,,,,,,,,,,67,209,4,,,,,,,,,,,,,,,,,,,,,,,,,,,,,
"",228001,5675,,,,,,,0,MB,,401650000,06/11/2022 21:11:38,1,1,0,-130,401650000,,,,,,,,,,,,30,142,28,,,,,,,,,,,,,,,,,,,,,,,,,,,,,
"",228001,5675,-27.07243,169.79793,0,06/12/2022 19:56:57,Argos,0,767,NK,,401677463.57,06/12/2022 19:56:55,1,6,0,-123,401677463.57,169.79793,-27.07243,169.79793,-27.07243,40,3,45623,559943,3717,97,2620,108,127,0,,,,,,,,,,,,,,,,,,,,,,,,,,,,,
"",228001,5675,-27.07243,169.79793,0,06/12/2022 19:56:57,Argos,0,767,NK,,401677463.57,06/12/2022 19:57:59,2,6,0,-123,401677463.57,169.79793,-27.07243,169.79793,-27.07243,40,3,45623,559943,3717,97,2620,15,1,16,,,,,,,,,,,,,,,,,,,,,,,,,,,,,
"",228001,5675,-27.07243,169.79793,0,06/12/2022 19:56:57,Argos,0,767,NK,,401677463.57,06/12/2022 19:58:21,1,6,0,-123,401677463.57,169.79793,-27.07243,169.79793,-27.07243,40,3,45623,559943,3717,97,2620,30,142,28,,,,,,,,,,,,,,,,,,,,,,,,,,,,,
"",228001,5675,-27.07243,169.79793,0,06/12/2022 19:56:57,Argos,0,767,NK,,401677463.57,06/12/2022 20:00:06,1,6,0,-123,401677463.57,169.79793,-27.07243,169.79793,-27.07243,40,3,45623,559943,3717,97,2620,67,225,4,,,,,,,,,,,,,,,,,,,,,,,,,,,,,
"",228001,5675,-27.07243,169.79793,0,06/12/2022 19:56:57,Argos,0,767,NK,,401677463.57,06/12/2022 20:00:36,1,6,0,-123,401677463.57,169.79793,-27.07243,169.79793,-27.07243,40,3,45623,559943,3717,97,2620,91,89,6,,,,,,,,,,,,,,,,,,,,,,,,,,,,,
"",228001,5675,-27.17422,168.92219,0,06/12/2022 20:04:12,Argos,0,117,MC,,401677293.55,06/12/2022 20:03:14,1,2,0,-129,401677293.55,168.92219,-27.17422,168.9222,-27.17422,40,3,28061,152670,5157,7,4149,30,142,28,,,,,,,,,,,,,,,,,,,,,,,,,,,,,
"",228001,5675,-27.17422,168.92219,0,06/12/2022 20:04:12,Argos,0,117,MC,,401677293.55,06/12/2022 20:05:11,1,2,0,-129,401677293.55,168.92219,-27.17422,168.9222,-27.17422,40,3,28061,152670,5157,7,4149,80,94,6,,,,,,,,,,,,,,,,,,,,,,,,,,,,,
"",228001,5675,-27.17422,168.92219,0,06/12/2022 20:04:12,Argos,0,117,MC,,401677293.55,06/12/2022 20:05:38,1,2,0,-129,401677293.55,168.92219,-27.17422,168.9222,-27.17422,40,3,28061,152670,5157,7,4149,89,51,160,,,,,,,,,,,,,,,,,,,,,,,,,,,,,
"",228001,5675,-27.17422,168.92219,0,06/12/2022 20:04:12,Argos,0,117,MC,,401677293.55,06/12/2022 20:06:01,1,2,0,-129,401677293.55,168.92219,-27.17422,168.9222,-27.17422,40,3,28061,152670,5157,7,4149,15,1,16,,,,,,,,,,,,,,,,,,,,,,,,,,,,,
"",228001,5675,-26.87541,168.98409,A,06/12/2022 20:11:28,Argos,0,190,SR,,401677445,06/12/2022 20:10:18,1,3,0,-133,401677445,168.98409,-26.87541,168.98409,-26.87541,6,3,4304,15026,1232,136,1252,30,142,28,,,,,,,,,,,,,,,,,,,,,,,,,,,,,
"",228001,5675,-26.87541,168.98409,A,06/12/2022 20:11:28,Argos,0,190,SR,,401677445,06/12/2022 20:10:39,1,3,0,-133,401677445,168.98409,-26.87541,168.98409,-26.87541,6,3,4304,15026,1232,136,1252,69,223,167,,,,,,,,,,,,,,,,,,,,,,,,,,,,,
"",228001,5675,-26.87541,168.98409,A,06/12/2022 20:11:28,Argos,0,190,SR,,401677445,06/12/2022 20:13:28,1,3,0,-133,401677445,168.98409,-26.87541,168.98409,-26.87541,6,3,4304,15026,1232,136,1252,89,99,6,,,,,,,,,,,,,,,,,,,,,,,,,,,,,
"",228001,5675,-26.87336,168.98954,0,06/12/2022 20:27:44,Argos,0,188,NP,,401677463.68,06/12/2022 20:26:25,1,5,0,-128,401677463.68,168.98954,-26.87336,168.98953,-26.87336,56,3,2251,7319,692,129,1688,15,129,16,,,,,,,,,,,,,,,,,,,,,,,,,,,,,
"",228001,5675,-26.87336,168.98954,0,06/12/2022 20:27:44,Argos,0,188,NP,,401677463.68,06/12/2022 20:26:59,1,5,0,-128,401677463.68,168.98954,-26.87336,168.98953,-26.87336,56,3,2251,7319,692,129,1688,30,142,28,,,,,,,,,,,,,,,,,,,,,,,,,,,,,
"",228001,5675,-26.87336,168.98954,0,06/12/2022 20:27:44,Argos,0,188,NP,,401677463.68,06/12/2022 20:27:25,1,5,0,-128,401677463.68,168.98954,-26.87336,168.98953,-26.87336,56,3,2251,7319,692,129,1688,76,226,21,,,,,,,,,,,,,,,,,,,,,,,,,,,,,
"",228001,5675,-26.87336,168.98954,0,06/12/2022 20:27:44,Argos,0,188,NP,,401677463.68,06/12/2022 20:28:23,1,5,0,-128,401677463.68,168.98954,-26.87336,168.98953,-26.87336,56,3,2251,7319,692,129,1688,91,105,6,,,,,,,,,,,,,,,,,,,,,,,,,,,,,
"",228001,5675,-26.87336,168.98954,0,06/12/2022 20:27:44,Argos,0,188,NP,,401677463.68,06/12/2022 20:29:33,1,5,0,-128,401677463.68,168.98954,-26.87336,168.98953,-26.87336,56,3,2251,7319,692,129,1688,111,171,171,,,,,,,,,,,,,,,,,,,,,,,,,,,,,
"",228001,5675,-26.75198,169.1234,B,06/13/2022 05:11:22,Argos,0,0,A1,,401677435.11,06/13/2022 05:11:23,1,1,0,-136,401677435.11,169.1234,-26.75198,169.1234,-26.75198,8,3,8705,12167,6227,72,8003,94,120,6,,,,,,,,,,,,,,,,,,,,,,,,,,,,,
"",228001,5675,-26.70797,168.84649,B,06/13/2022 19:39:24,Argos,0,519,SR,,401677497.68,06/13/2022 19:39:24,1,2,0,-135,401677497.68,168.84649,-26.70797,168.8465,-26.70797,0,3,7853,308626,199,22,9282,30,142,28,,,,,,,,,,,,,,,,,,,,,,,,,,,,,
"",228001,5675,-26.70797,168.84649,B,06/13/2022 19:39:24,Argos,0,519,SR,,401677497.68,06/13/2022 19:48:03,1,2,0,-135,401677497.68,168.84649,-26.70797,168.8465,-26.70797,0,3,7853,308626,199,22,9282,108,127,0,,,,,,,,,,,,,,,,,,,,,,,,,,,,,
"",228001,5675,-26.42733,168.94887,B,06/14/2022 04:57:55,Argos,0,0,A1,,401677446.68,06/14/2022 04:57:56,1,1,0,-141,401677446.68,168.94887,-26.42733,168.94887,-26.42733,8,3,2681,4527,1587,93,7578,67,225,4,,,,,,,,,,,,,,,,,,,,,,,,,,,,,
"",228001,5675,-26.19579,169.13768,B,06/14/2022 20:06:28,Argos,0,0,NP,,401677467.47,06/14/2022 20:06:28,1,1,0,-127,401677467.47,169.13768,-26.19579,169.13768,-26.19579,0,3,5377,8088,3574,78,15208,95,188,6,,,,,,,,,,,,,,,,,,,,,,,,,,,,,
"",228001,5675,-26.11756,169.20621,B,06/15/2022 06:23:57,Argos,0,0,SR,,401677499.54,06/15/2022 06:23:58,1,1,0,-126,401677499.54,169.20621,-26.11756,169.2062,-26.11756,8,2,8384,14454,4863,52,23716,91,215,6,,,,,,,,,,,,,,,,,,,,,,,,,,,,,
"",228001,5675,-26.25642,169.12461,B,06/15/2022 20:42:38,Argos,0,0,MC,,401677488.9,06/15/2022 20:42:39,1,1,0,-126,401677488.9,169.12461,-26.25642,,,0,2,5704,11920,2729,112,14309,15,1,16,,,,,,,,,,,,,,,,,,,,,,,,,,,,,
"",228001,5675,-25.94121,168.9353,B,06/16/2022 19:42:50,Argos,0,0,NP,,401677335.72,06/16/2022 19:42:50,1,1,0,-126,401677335.72,168.9353,-25.94121,168.9353,-25.94121,0,3,14696,24657,8758,77,15214,71,213,4,,,,,,,,,,,,,,,,,,,,,,,,,,,,,
"",228001,5675,,,,,,,0,SR,,401650000,06/19/2022 05:57:45,1,1,0,-129,401650000,,,,,,,,,,,,15,1,16,,,,,,,,,,,,,,,,,,,,,,,,,,,,,
"",228001,5675,,,,,,,0,MB,,401650000,06/19/2022 10:37:25,1,1,0,-127,401650000,,,,,,,,,,,,92,2,7,,,,,,,,,,,,,,,,,,,,,,,,,,,,,
"",228001,5675,-24.80697,169.54163,B,06/19/2022 20:50:01,Argos,0,102,NN,,401677279.9,06/19/2022 20:49:11,1,2,0,-133,401677279.9,169.54163,-24.80697,169.54163,-24.80697,0,3,19229,217499,1700,6,11767,94,8,7,,,,,,,,,,,,,,,,,,,,,,,,,,,,,
"",228001,5675,-24.36197,169.60448,A,06/19/2022 20:50:11,Argos,0,102,NP,,401677416.18,06/19/2022 20:49:11,1,3,0,-127,401677416.18,169.60448,-24.36197,169.60448,-24.36197,6,3,7070,34503,1448,17,1605,94,8,7,,,,,,,,,,,,,,,,,,,,,,,,,,,,,
"",228001,5675,-24.36197,169.60448,A,06/19/2022 20:50:11,Argos,0,102,NP,,401677416.18,06/19/2022 20:50:32,1,3,0,-127,401677416.18,169.60448,-24.36197,169.60448,-24.36197,6,3,7070,34503,1448,17,1605,92,232,218,,,,,,,,,,,,,,,,,,,,,,,,,,,,,
"",228001,5675,-24.80697,169.54163,B,06/19/2022 20:50:01,Argos,0,102,NN,,401677279.9,06/19/2022 20:50:53,1,2,0,-133,401677279.9,169.54163,-24.80697,169.54163,-24.80697,0,3,19229,217499,1700,6,11767,15,1,16,,,,,,,,,,,,,,,,,,,,,,,,,,,,,
"",228001,5675,-24.36197,169.60448,A,06/19/2022 20:50:11,Argos,0,102,NP,,401677416.18,06/19/2022 20:50:53,1,3,0,-127,401677416.18,169.60448,-24.36197,169.60448,-24.36197,6,3,7070,34503,1448,17,1605,15,1,16,,,,,,,,,,,,,,,,,,,,,,,,,,,,,
"",228001,5675,-24.26002,169.62454,B,06/20/2022 06:27:39,Argos,0,0,A1,,401677432.6,06/20/2022 06:27:39,1,1,0,-131,401677432.6,169.62454,-24.26002,169.62454,-24.26002,8,3,52862,60557,46144,144,8694,15,1,16,,,,,,,,,,,,,,,,,,,,,,,,,,,,,
"",228001,5675,-24.02134,169.92544,B,06/20/2022 19:43:17,Argos,0,39,A1,,401677459.11,06/20/2022 19:42:58,1,2,0,-132,401677459.11,169.92544,-24.02134,169.92545,-24.02134,0,3,15440,60880,3915,142,4357,81,43,7,,,,,,,,,,,,,,,,,,,,,,,,,,,,,
"",228001,5675,-24.02134,169.92544,B,06/20/2022 19:43:17,Argos,0,39,A1,,401677459.11,06/20/2022 19:43:37,1,2,0,-132,401677459.11,169.92544,-24.02134,169.92545,-24.02134,0,3,15440,60880,3915,142,4357,102,125,0,,,,,,,,,,,,,,,,,,,,,,,,,,,,,
"",228001,5675,-24.02074,169.92623,B,06/20/2022 19:46:55,Argos,0,0,NK,,401677459.53,06/20/2022 19:46:56,1,1,0,-129,401677459.53,169.92623,-24.02074,169.92622,-24.02074,6,3,2673,6655,1073,140,3188,15,1,16,,,,,,,,,,,,,,,,,,,,,,,,,,,,,
"",228001,5675,-24.11198,170.01499,B,06/20/2022 23:56:58,Argos,0,223,NN,,401677432.96,06/20/2022 23:55:07,1,2,0,-133,401677432.96,170.01499,-24.11198,170.01498,-24.11198,8,2,2932,30455,282,61,4059,30,142,28,,,,,,,,,,,,,,,,,,,,,,,,,,,,,
"",228001,5675,-24.11198,170.01499,B,06/20/2022 23:56:58,Argos,0,223,NN,,401677432.96,06/20/2022 23:58:50,1,2,0,-133,401677432.96,170.01499,-24.11198,170.01498,-24.11198,8,2,2932,30455,282,61,4059,70,240,4,,,,,,,,,,,,,,,,,,,,,,,,,,,,,
"",228001,5675,-23.97366,170.30513,B,06/21/2022 10:47:48,Argos,0,0,MC,,401677481.08,06/21/2022 10:47:49,1,1,0,-126,401677481.08,170.30513,-23.97366,170.30513,-23.97366,8,3,5672,8187,3929,102,9572,30,142,28,,,,,,,,,,,,,,,,,,,,,,,,,,,,,
"",228001,5675,-23.89999,170.33145,A,06/21/2022 10:52:10,Argos,0,453,NN,,401677460.68,06/21/2022 10:47:49,1,3,0,-121,401677460.68,170.33145,-23.89999,170.33145,-23.89999,6,3,369,2403,56,110,996,30,142,28,,,,,,,,,,,,,,,,,,,,,,,,,,,,,
"",228001,5675,-23.89999,170.33145,A,06/21/2022 10:52:10,Argos,0,453,NN,,401677460.68,06/21/2022 10:53:19,1,3,0,-121,401677460.68,170.33145,-23.89999,170.33145,-23.89999,6,3,369,2403,56,110,996,73,243,4,,,,,,,,,,,,,,,,,,,,,,,,,,,,,
"",228001,5675,-23.89999,170.33145,A,06/21/2022 10:52:10,Argos,0,453,NN,,401677460.68,06/21/2022 10:55:22,1,3,0,-121,401677460.68,170.33145,-23.89999,170.33145,-23.89999,6,3,369,2403,56,110,996,89,92,7,,,,,,,,,,,,,,,,,,,,,,,,,,,,,
"",228001,5675,-24.28418,170.5091,0,06/22/2022 20:00:19,Argos,0,440,SR,,401677469.88,06/22/2022 19:57:50,1,4,0,-132,401677469.88,170.5091,-24.28418,170.5091,-24.28418,40,3,1557,3206,756,148,556,86,111,7,,,,,,,,,,,,,,,,,,,,,,,,,,,,,
"",228001,5675,-24.28418,170.5091,0,06/22/2022 20:00:19,Argos,0,440,SR,,401677469.88,06/22/2022 20:02:49,1,4,0,-132,401677469.88,170.5091,-24.28418,170.5091,-24.28418,40,3,1557,3206,756,148,556,101,131,0,,,,,,,,,,,,,,,,,,,,,,,,,,,,,
"",228001,5675,-24.28418,170.5091,0,06/22/2022 20:00:19,Argos,0,440,SR,,401677469.88,06/22/2022 20:03:43,1,4,0,-132,401677469.88,170.5091,-24.28418,170.5091,-24.28418,40,3,1557,3206,756,148,556,15,1,16,,,,,,,,,,,,,,,,,,,,,,,,,,,,,
"",228001,5675,-24.28418,170.5091,0,06/22/2022 20:00:19,Argos,0,440,SR,,401677469.88,06/22/2022 20:05:10,1,4,0,-132,401677469.88,170.5091,-24.28418,170.5091,-24.28418,40,3,1557,3206,756,148,556,69,223,4,,,,,,,,,,,,,,,,,,,,,,,,,,,,,
"",228001,5675,-24.28067,170.52009,0,06/22/2022 20:12:24,Argos,0,361,NP,,401677463.98,06/22/2022 20:09:18,1,13,0,-122,401677463.98,170.52009,-24.28067,170.5201,-24.28067,56,3,1813,24537,133,103,861,82,144,165,245,104,201,136,180,11,81,28,16,214,14,247,6,5,200,27,205,240,255,128,,,,,,,,,
"",228001,5675,-24.28067,170.52009,0,06/22/2022 20:12:24,Argos,0,361,NP,,401677463.98,06/22/2022 20:09:37,1,13,0,-122,401677463.98,170.52009,-24.28067,170.5201,-24.28067,56,3,1813,24537,133,103,861,101,131,0,,,,,,,,,,,,,,,,,,,,,,,,,,,,,
"",228001,5675,-24.28067,170.52009,0,06/22/2022 20:12:24,Argos,0,361,NP,,401677463.98,06/22/2022 20:10:42,1,13,0,-122,401677463.98,170.52009,-24.28067,170.5201,-24.28067,56,3,1813,24537,133,103,861,80,128,7,,,,,,,,,,,,,,,,,,,,,,,,,,,,,
"",228001,5675,-24.27873,170.5099,0,06/22/2022 20:12:24,Argos,0,136,NP,,401677463.6,06/22/2022 20:11:29,1,5,0,-122,401677463.6,170.5099,-24.27873,170.5099,-24.27873,56,3,2017,20826,195,101,992,30,142,28,,,,,,,,,,,,,,,,,,,,,,,,,,,,,
"",228001,5675,-24.27873,170.5099,0,06/22/2022 20:12:24,Argos,0,136,NP,,401677463.6,06/22/2022 20:11:48,1,5,0,-122,401677463.6,170.5099,-24.27873,170.5099,-24.27873,56,3,2017,20826,195,101,992,69,223,4,,,,,,,,,,,,,,,,,,,,,,,,,,,,,
"",228001,5675,-24.27873,170.5099,0,06/22/2022 20:12:24,Argos,0,136,NP,,401677463.6,06/22/2022 20:12:07,1,5,0,-122,401677463.6,170.5099,-24.27873,170.5099,-24.27873,56,3,2017,20826,195,101,992,81,133,125,,,,,,,,,,,,,,,,,,,,,,,,,,,,,
"",228001,5675,-24.27873,170.5099,0,06/22/2022 20:12:24,Argos,0,136,NP,,401677463.6,06/22/2022 20:12:53,1,5,0,-122,401677463.6,170.5099,-24.27873,170.5099,-24.27873,56,3,2017,20826,195,101,992,15,1,16,,,,,,,,,,,,,,,,,,,,,,,,,,,,,
"",228001,5675,-24.27873,170.5099,0,06/22/2022 20:12:24,Argos,0,136,NP,,401677463.6,06/22/2022 20:13:45,1,5,0,-122,401677463.6,170.5099,-24.27873,170.5099,-24.27873,56,3,2017,20826,195,101,992,70,224,4,,,,,,,,,,,,,,,,,,,,,,,,,,,,,
"",228001,5675,-24.27356,170.62759,B,06/23/2022 05:35:48,Argos,0,0,SR,,401677494.61,06/23/2022 05:35:49,1,1,0,-136,401677494.61,170.62759,-24.27356,170.6276,-24.27356,8,2,17778,18668,16929,119,8875,101,131,0,,,,,,,,,,,,,,,,,,,,,,,,,,,,,
"",228001,5675,-24.43266,170.28063,B,06/23/2022 12:08:32,Argos,0,0,NN,,401677385.06,06/23/2022 12:08:33,1,1,0,-129,401677385.06,170.28063,-24.43266,170.28062,-24.43266,8,3,24917,64469,9630,110,12989,101,131,0,,,,,,,,,,,,,,,,,,,,,,,,,,,,,
"",228001,5675,-24.7895,170.29599,0,06/23/2022 19:58:10,Argos,0,118,NP,,401677467.49,06/23/2022 19:57:08,1,5,0,-126,401677467.49,170.29599,-24.7895,170.29599,-24.7895,48,3,21662,217407,2158,89,7081,65,219,6,,,,,,,,,,,,,,,,,,,,,,,,,,,,,
"",228001,5675,-24.7895,170.29599,0,06/23/2022 19:58:10,Argos,0,118,NP,,401677467.49,06/23/2022 19:57:46,1,5,0,-126,401677467.49,170.29599,-24.7895,170.29599,-24.7895,48,3,21662,217407,2158,89,7081,91,151,7,,,,,,,,,,,,,,,,,,,,,,,,,,,,,
"",228001,5675,-24.7895,170.29599,0,06/23/2022 19:58:10,Argos,0,118,NP,,401677467.49,06/23/2022 19:58:06,1,5,0,-126,401677467.49,170.29599,-24.7895,170.29599,-24.7895,48,3,21662,217407,2158,89,7081,101,131,1,,,,,,,,,,,,,,,,,,,,,,,,,,,,,
"",228001,5675,-24.7895,170.29599,0,06/23/2022 19:58:10,Argos,0,118,NP,,401677467.49,06/23/2022 19:58:48,1,5,0,-126,401677467.49,170.29599,-24.7895,170.29599,-24.7895,48,3,21662,217407,2158,89,7081,15,1,16,,,,,,,,,,,,,,,,,,,,,,,,,,,,,
"",228001,5675,-24.7895,170.29599,0,06/23/2022 19:58:10,Argos,0,118,NP,,401677467.49,06/23/2022 19:59:06,1,5,0,-126,401677467.49,170.29599,-24.7895,170.29599,-24.7895,48,3,21662,217407,2158,89,7081,30,142,28,,,,,,,,,,,,,,,,,,,,,,,,,,,,,
"",228001,5675,-25.36734,170.16319,A,06/24/2022 19:51:46,Argos,0,367,NP,,401677465.63,06/24/2022 19:45:40,1,3,0,-129,401677465.63,170.16319,-25.36734,170.1632,-25.36734,0,3,2381,35376,160,122,1608,110,132,0,,,,,,,,,,,,,,,,,,,,,,,,,,,,,
"",228001,5675,-25.36492,170.14143,A,06/24/2022 19:48:09,Argos,0,367,NK,,401677464.77,06/24/2022 19:45:40,1,3,0,-125,401677464.77,170.14143,-25.36492,170.14143,-25.36492,0,3,10957,517493,232,105,7358,110,132,0,,,,,,,,,,,,,,,,,,,,,,,,,,,,,
"",228001,5675,-25.36734,170.16319,A,06/24/2022 19:51:46,Argos,0,367,NP,,401677465.63,06/24/2022 19:47:01,1,3,0,-129,401677465.63,170.16319,-25.36734,170.1632,-25.36734,0,3,2381,35376,160,122,1608,42,154,224,238,224,224,238,238,238,238,238,238,238,14,14,9,154,192,224,238,224,238,238,238,238,238,235,89,236,29,100,
"",228001,5675,-25.36492,170.14143,A,06/24/2022 19:48:09,Argos,0,367,NK,,401677464.77,06/24/2022 19:47:01,1,3,0,-125,401677464.77,170.14143,-25.36492,170.14143,-25.36492,0,3,10957,517493,232,105,7358,42,154,224,238,224,224,238,238,238,238,238,238,238,14,14,9,154,192,224,238,224,238,238,238,238,238,230,231,45,221,7,
"",228001,5675,-25.30628,170.05849,B,06/24/2022 19:51:46,Argos,0,0,NP,,401677476.44,06/24/2022 19:51:47,1,1,0,-129,401677476.44,170.05849,-25.30628,170.05849,-25.30628,0,3,24080,115449,5022,113,13038,15,1,16,,,,,,,,,,,,,,,,,,,,,,,,,,,,,
"",228001,5675,-25.36492,170.14143,A,06/24/2022 19:48:09,Argos,0,367,NK,,401677464.77,06/24/2022 19:51:47,1,3,0,-125,401677464.77,170.14143,-25.36492,170.14143,-25.36492,0,3,10957,517493,232,105,7358,15,1,16,,,,,,,,,,,,,,,,,,,,,,,,,,,,,
"",228001,5675,-25.86709,169.88487,0,06/25/2022 19:20:51,Argos,0,253,NK,,401677461.25,06/25/2022 19:19:57,1,6,0,-127,401677461.25,169.88487,-25.86709,169.88487,-25.86709,50,3,2942,36802,235,84,2706,15,1,16,,,,,,,,,,,,,,,,,,,,,,,,,,,,,
"",228001,5675,-25.86709,169.88487,0,06/25/2022 19:20:51,Argos,0,253,NK,,401677461.25,06/25/2022 19:20:40,1,6,0,-127,401677461.25,169.88487,-25.86709,169.88487,-25.86709,50,3,2942,36802,235,84,2706,30,142,28,,,,,,,,,,,,,,,,,,,,,,,,,,,,,
"",228001,5675,-25.86709,169.88487,0,06/25/2022 19:20:51,Argos,0,253,NK,,401677461.25,06/25/2022 19:21:11,1,6,0,-127,401677461.25,169.88487,-25.86709,169.88487,-25.86709,50,3,2942,36802,235,84,2706,65,219,4,,,,,,,,,,,,,,,,,,,,,,,,,,,,,
"",228001,5675,-25.86709,169.88487,0,06/25/2022 19:20:51,Argos,0,253,NK,,401677461.25,06/25/2022 19:21:31,1,6,0,-127,401677461.25,169.88487,-25.86709,169.88487,-25.86709,50,3,2942,36802,235,84,2706,91,183,7,,,,,,,,,,,,,,,,,,,,,,,,,,,,,
"",228001,5675,-25.86709,169.88487,0,06/25/2022 19:20:51,Argos,0,253,NK,,401677461.25,06/25/2022 19:23:01,2,6,0,-127,401677461.25,169.88487,-25.86709,169.88487,-25.86709,50,3,2942,36802,235,84,2706,110,132,0,,,,,,,,,,,,,,,,,,,,,,,,,,,,,
"",228001,5675,,,,,,,0,MB,,401650000,06/27/2022 11:04:32,1,1,0,-132,401650000,,,,,,,,,,,,15,1,20,,,,,,,,,,,,,,,,,,,,,,,,,,,,,
"",228001,5675,,,,,,,0,SR,,401650000,06/27/2022 20:43:52,1,1,0,-135,401650000,,,,,,,,,,,,101,131,0,,,,,,,,,,,,,,,,,,,,,,,,,,,,,
"",228001,5675,-26.66567,169.45091,B,06/27/2022 20:52:27,Argos,0,76,NP,,401677505.93,06/27/2022 20:51:50,1,2,0,-133,401677505.93,169.45091,-26.66567,,,0,3,10227,161655,647,115,12084,68,218,4,,,,,,,,,,,,,,,,,,,,,,,,,,,,,
"",228001,5675,-26.57255,169.25825,B,06/27/2022 20:53:05,Argos,0,0,NN,,401650000,06/27/2022 20:53:06,1,1,0,-137,401650000,169.25825,-26.57255,169.25826,-26.57255,6,3,5981,58048,616,115,7708,82,1,8,,,,,,,,,,,,,,,,,,,,,,,,,,,,,
"",228001,5675,-26.66567,169.45091,B,06/27/2022 20:52:27,Argos,0,76,NP,,401677505.93,06/27/2022 20:53:06,1,2,0,-133,401677505.93,169.45091,-26.66567,,,0,3,10227,161655,647,115,12084,82,1,8,,,,,,,,,,,,,,,,,,,,,,,,,,,,,
"",228001,5675,-27.00318,169.07692,B,06/28/2022 19:43:04,Argos,0,0,NK,,401677462.31,06/28/2022 19:43:05,1,1,0,-131,401677462.31,169.07692,-27.00318,169.07692,-27.00318,0,3,5710,7630,4273,109,16151,77,199,4,,,,,,,,,,,,,,,,,,,,,,,,,,,,,
"",228001,5675,-27.02492,169.23621,A,06/28/2022 21:11:45,Argos,0,691,MC,,401677459.39,06/28/2022 21:08:41,1,3,1,-119,401677459.39,169.23621,-27.02492,169.2362,-27.02492,0,3,179,403,79,131,405,83,36,8,,,,,,,,,,,,,,,,,,,,,,,,,,,,,
"",228001,5675,-27.02492,169.23621,A,06/28/2022 21:11:45,Argos,0,691,MC,,401677459.39,06/28/2022 21:14:51,1,3,1,-119,401677459.39,169.23621,-27.02492,169.2362,-27.02492,0,3,179,403,79,131,405,30,142,28,,,,,,,,,,,,,,,,,,,,,,,,,,,,,
"",228001,5675,,,,,,,0,MC,,401650000,06/28/2022 21:20:12,1,1,0,-134,401650000,,,,,,,,,,,,70,16,165,,,,,,,,,,,,,,,,,,,,,,,,,,,,,
"",228001,5675,-26.86775,169.14941,B,06/28/2022 21:54:37,Argos,0,107,MB,,401677463.8,06/28/2022 21:53:44,1,2,0,-131,401677463.8,169.14941,-26.86775,169.14941,-26.86775,0,3,5452,25991,1143,115,12855,42,155,96,238,224,7,151,191,132,111,66,197,87,78,159,240,123,218,159,16,193,224,221,121,243,21,193,226,63,52,60,
"",228001,5675,-26.86775,169.14941,B,06/28/2022 21:54:37,Argos,0,107,MB,,401677463.8,06/28/2022 21:55:31,1,2,0,-131,401677463.8,169.14941,-26.86775,169.14941,-26.86775,0,3,5452,25991,1143,115,12855,77,199,4,,,,,,,,,,,,,,,,,,,,,,,,,,,,,
"",228001,5675,-27.24474,168.81829,B,06/29/2022 19:27:18,Argos,0,0,NK,,401677486.79,06/29/2022 19:27:19,1,1,0,-128,401677486.79,168.81829,-27.24474,168.81828,-27.24474,0,2,6523,18988,2240,136,18451,76,189,4,,,,,,,,,,,,,,,,,,,,,,,,,,,,,
"",228001,5675,-27.18614,168.95237,B,06/29/2022 19:40:13,Argos,0,0,SR,,401677465.38,06/29/2022 19:40:13,1,1,0,-129,401677465.38,168.95237,-27.18614,168.95238,-27.18614,0,2,4175,9479,1838,51,11807,80,59,8,,,,,,,,,,,,,,,,,,,,,,,,,,,,,
"",228001,5675,-27.34163,168.76888,1,06/29/2022 20:36:09,Argos,0,443,NP,,401677456.12,06/29/2022 20:30:01,1,5,0,-124,401677456.12,168.76888,-27.34163,168.76888,-27.34163,48,3,1094,1860,643,136,308,121,253,191,,,,,,,,,,,,,,,,,,,,,,,,,,,,,
"",228001,5675,-27.34163,168.76888,1,06/29/2022 20:36:09,Argos,0,443,NP,,401677456.12,06/29/2022 20:30:43,1,5,0,-124,401677456.12,168.76888,-27.34163,168.76888,-27.34163,48,3,1094,1860,643,136,308,104,123,0,,,,,,,,,,,,,,,,,,,,,,,,,,,,,
"",228001,5675,-27.34163,168.76888,1,06/29/2022 20:36:09,Argos,0,443,NP,,401677456.12,06/29/2022 20:31:13,1,5,0,-124,401677456.12,168.76888,-27.34163,168.76888,-27.34163,48,3,1094,1860,643,136,308,15,1,16,,,,,,,,,,,,,,,,,,,,,,,,,,,,,
"",228001,5675,-27.34163,168.76888,1,06/29/2022 20:36:09,Argos,0,443,NP,,401677456.12,06/29/2022 20:34:56,1,5,0,-124,401677456.12,168.76888,-27.34163,168.76888,-27.34163,48,3,1094,1860,643,136,308,70,16,165,245,104,201,136,180,14,210,188,85,86,16,135,8,1,127,28,203,192,255,128,,,,,,,,,
"",228001,5675,-27.34163,168.76888,1,06/29/2022 20:36:09,Argos,0,443,NP,,401677456.12,06/29/2022 20:37:24,1,5,0,-124,401677456.12,168.76888,-27.34163,168.76888,-27.34163,48,3,1094,1860,643,136,308,30,142,28,,,,,,,,,,,,,,,,,,,,,,,,,,,,,
"",228001,5675,-27.20756,168.77611,B,06/30/2022 19:12:49,Argos,0,0,SR,,401677470.75,06/30/2022 19:12:50,1,1,0,-123,401677470.75,168.77611,-27.20756,168.77611,-27.20756,0,3,30390,95576,9663,91,10522,42,155,160,238,238,14,14,238,238,224,238,238,224,14,238,98,155,128,14,238,238,238,238,238,238,238,238,224,224,238,132,
"",228001,5675,,,,,,,0,MC,,401650000,07/02/2022 10:12:16,1,1,0,-121,401650000,,,,,,,,,,,,77,199,4,,,,,,,,,,,,,,,,,,,,,,,,,,,,,
"",228001,5675,,,,,,,0,NK,,401650000,07/02/2022 10:12:16,1,1,0,-133,401650000,,,,,,,,,,,,77,199,4,,,,,,,,,,,,,,,,,,,,,,,,,,,,,
"",228001,5675,,,,,,,0,NN,,401650000,07/02/2022 10:12:16,1,1,0,-130,401650000,,,,,,,,,,,,77,199,4,,,,,,,,,,,,,,,,,,,,,,,,,,,,,
"",228001,5675,,,,,,,0,A1,,401650000,07/09/2022 06:14:01,1,1,0,-134,401650000,,,,,,,,,,,,42,156,224,238,238,238,238,238,238,238,238,238,238,238,238,48,156,192,14,238,14,238,238,238,238,238,238,238,238,238,217,
"",228001,5675,,,,,,,0,SR,,401650000,07/09/2022 19:36:31,1,1,0,-136,401650000,,,,,,,,,,,,42,156,224,238,238,238,238,238,238,238,238,238,238,238,238,48,156,192,14,238,14,238,238,238,238,238,238,238,238,238,217,
"",228001,5675,-27.47682,168.17995,B,07/10/2022 19:44:16,Argos,0,749,NK,,401677364.33,07/10/2022 19:38:02,1,2,0,-135,401677364.33,168.17995,-27.47682,168.17995,-27.47682,0,3,42769,0,1828,160,18575,83,213,8,,,,,,,,,,,,,,,,,,,,,,,,,,,,,
"",228001,5675,-27.47682,168.17995,B,07/10/2022 19:44:16,Argos,0,749,NK,,401677364.33,07/10/2022 19:50:31,1,2,0,-135,401677364.33,168.17995,-27.47682,168.17995,-27.47682,0,3,42769,0,1828,160,18575,64,249,1,,,,,,,,,,,,,,,,,,,,,,,,,,,,,
"",228001,5675,-23.61012,167.76817,A,07/11/2022 11:50:01,Argos,0,45,NN,,401677456.12,07/11/2022 11:49:39,1,2,0,-130,401677456.12,167.76817,-23.61012,152.56416,-26.92784,60,3,186,873,39,68,416,30,142,28,,,,,,,,,,,,,,,,,,,,,,,,,,,,,
"",228001,5675,-23.61012,167.76817,A,07/11/2022 11:50:01,Argos,0,45,NN,,401677456.12,07/11/2022 11:50:25,1,2,0,-130,401677456.12,167.76817,-23.61012,152.56416,-26.92784,60,3,186,873,39,68,416,64,0,5,,,,,,,,,,,,,,,,,,,,,,,,,,,,,
"",228001,5675,-23.61012,167.76817,A,07/11/2022 11:50:01,Argos,0,45,NN,,401677456.12,07/11/2022 11:54:01,1,2,0,-130,401677456.12,167.76817,-23.61012,152.56416,-26.92784,60,3,186,873,39,68,416,95,7,9,,,,,,,,,,,,,,,,,,,,,,,,,,,,,
"",228001,5675,-23.63362,167.79608,B,07/11/2022 18:32:33,Argos,0,21,SR,,401677437.4,07/11/2022 18:32:23,1,2,0,-127,401677437.4,167.79608,-23.63362,167.79608,-23.63362,8,3,2047,5387,777,58,5782,95,39,9,,,,,,,,,,,,,,,,,,,,,,,,,,,,,
"",228001,5675,-23.63362,167.79608,B,07/11/2022 18:32:33,Argos,0,21,SR,,401677437.4,07/11/2022 18:32:44,1,2,0,-127,401677437.4,167.79608,-23.63362,167.79608,-23.63362,8,3,2047,5387,777,58,5782,110,132,0,,,,,,,,,,,,,,,,,,,,,,,,,,,,,
"",228001,5675,-23.63608,167.83472,B,07/12/2022 05:40:23,Argos,0,130,SR,,401677423.43,07/12/2022 05:39:18,1,2,0,-130,401677423.43,167.83472,-23.63608,167.83472,-23.63608,8,3,2568,43728,150,118,7259,101,253,8,,,,,,,,,,,,,,,,,,,,,,,,,,,,,
"",228001,5675,-23.63608,167.83472,B,07/12/2022 05:40:23,Argos,0,130,SR,,401677423.43,07/12/2022 05:41:28,1,2,0,-130,401677423.43,167.83472,-23.63608,167.83472,-23.63608,8,3,2568,43728,150,118,7259,15,1,21,,,,,,,,,,,,,,,,,,,,,,,,,,,,,
"",228001,5675,-23.64548,167.84597,B,07/12/2022 18:59:15,Argos,0,0,NK,,401677425.63,07/12/2022 18:59:15,1,1,0,-135,401677425.63,167.84597,-23.64548,167.84596,-23.64548,0,3,4414,7106,2741,123,12483,15,1,16,,,,,,,,,,,,,,,,,,,,,,,,,,,,,
"",228001,5675,-23.70197,167.92914,B,07/12/2022 20:37:10,Argos,0,317,NK,,401677457.22,07/12/2022 20:34:32,1,2,0,-124,401677457.22,167.92914,-23.70197,167.92914,-23.70197,7,3,2259,115947,44,96,6383,79,131,190,,,,,,,,,,,,,,,,,,,,,,,,,,,,,
"",228001,5675,-23.70197,167.92914,B,07/12/2022 20:37:10,Argos,0,317,NK,,401677457.22,07/12/2022 20:39:49,1,2,0,-124,401677457.22,167.92914,-23.70197,167.92914,-23.70197,7,3,2259,115947,44,96,6383,30,142,28,,,,,,,,,,,,,,,,,,,,,,,,,,,,,
"",228001,5675,-23.66073,168.06429,B,07/13/2022 08:06:26,Argos,0,249,NP,,401677454.29,07/13/2022 08:04:22,1,2,0,-124,401677454.29,168.06429,-23.66073,168.06429,-23.66073,8,3,8077,340635,191,80,8157,107,133,0,,,,,,,,,,,,,,,,,,,,,,,,,,,,,
"",228001,5675,-23.66073,168.06429,B,07/13/2022 08:06:26,Argos,0,249,NP,,401677454.29,07/13/2022 08:08:31,1,2,0,-124,401677454.29,168.06429,-23.66073,168.06429,-23.66073,8,3,8077,340635,191,80,8157,70,240,4,,,,,,,,,,,,,,,,,,,,,,,,,,,,,
"",228001,5675,-23.69489,168.03588,1,07/13/2022 08:56:46,Argos,0,664,NK,,401677457.9,07/13/2022 08:51:53,1,6,0,-124,401677457.9,168.03588,-23.69489,168.03587,-23.69489,58,3,604,762,479,5,300,15,1,16,,,,,,,,,,,,,,,,,,,,,,,,,,,,,
"",228001,5675,-23.69489,168.03588,1,07/13/2022 08:56:46,Argos,0,664,NK,,401677457.9,07/13/2022 08:53:52,1,6,0,-124,401677457.9,168.03588,-23.69489,168.03587,-23.69489,58,3,604,762,479,5,300,65,235,4,,,,,,,,,,,,,,,,,,,,,,,,,,,,,
"",228001,5675,-23.69489,168.03588,1,07/13/2022 08:56:46,Argos,0,664,NK,,401677457.9,07/13/2022 08:54:56,1,6,0,-124,401677457.9,168.03588,-23.69489,168.03587,-23.69489,58,3,604,762,479,5,300,82,128,9,,,,,,,,,,,,,,,,,,,,,,,,,,,,,
"",228001,5675,-23.69489,168.03588,1,07/13/2022 08:56:46,Argos,0,664,NK,,401677457.9,07/13/2022 08:56:00,1,6,0,-124,401677457.9,168.03588,-23.69489,168.03587,-23.69489,58,3,604,762,479,5,300,110,132,0,,,,,,,,,,,,,,,,,,,,,,,,,,,,,
"",228001,5675,-23.69489,168.03588,1,07/13/2022 08:56:46,Argos,0,664,NK,,401677457.9,07/13/2022 09:00:59,1,6,0,-124,401677457.9,168.03588,-23.69489,168.03587,-23.69489,58,3,604,762,479,5,300,28,134,157,,,,,,,,,,,,,,,,,,,,,,,,,,,,,
"",228001,5675,-23.69489,168.03588,1,07/13/2022 08:56:46,Argos,0,664,NK,,401677457.9,07/13/2022 09:02:57,1,6,0,-124,401677457.9,168.03588,-23.69489,168.03587,-23.69489,58,3,604,762,479,5,300,233,109,158,,,,,,,,,,,,,,,,,,,,,,,,,,,,,
"",228001,5675,-23.76395,168.01256,B,07/13/2022 19:23:14,Argos,0,0,NP,,401677407.24,07/13/2022 19:23:15,1,1,0,-131,401677407.24,168.01256,-23.76395,168.01256,-23.76395,8,3,14519,21547,9783,77,8448,57,238,0,,,,,,,,,,,,,,,,,,,,,,,,,,,,,
"",228001,5675,-23.70804,167.94952,B,07/13/2022 19:48:46,Argos,0,0,A1,,401677460.07,07/13/2022 19:48:46,1,1,0,-142,401677460.07,167.94952,-23.70804,167.94952,-23.70804,6,3,11754,25825,5349,58,7645,101,131,0,,,,,,,,,,,,,,,,,,,,,,,,,,,,,
"",228001,5675,-23.02442,167.94699,0,07/14/2022 19:14:00,Argos,0,307,NP,,401677452.36,07/14/2022 19:09:13,1,5,0,-131,401677452.36,167.94699,-23.02442,167.94699,-23.02442,40,3,3971,18768,840,131,1027,15,1,16,,,,,,,,,,,,,,,,,,,,,,,,,,,,,
"",228001,5675,-23.02442,167.94699,0,07/14/2022 19:14:00,Argos,0,307,NP,,401677452.36,07/14/2022 19:10:43,1,5,0,-131,401677452.36,167.94699,-23.02442,167.94699,-23.02442,40,3,3971,18768,840,131,1027,71,245,4,,,,,,,,,,,,,,,,,,,,,,,,,,,,,
"",228001,5675,-23.02442,167.94699,0,07/14/2022 19:14:00,Argos,0,307,NP,,401677452.36,07/14/2022 19:11:40,1,5,0,-131,401677452.36,167.94699,-23.02442,167.94699,-23.02442,40,3,3971,18768,840,131,1027,82,207,9,,,,,,,,,,,,,,,,,,,,,,,,,,,,,
"",228001,5675,-23.18281,167.95246,B,07/14/2022 19:14:00,Argos,0,40,NP,,401677370.43,07/14/2022 19:13:40,1,2,0,-131,401677370.43,167.95246,-23.18281,167.95245,-23.18281,0,3,5745,17968,1837,179,5289,107,133,0,,,,,,,,,,,,,,,,,,,,,,,,,,,,,
"",228001,5675,-23.18281,167.95246,B,07/14/2022 19:14:00,Argos,0,40,NP,,401677370.43,07/14/2022 19:14:20,1,2,0,-131,401677370.43,167.95246,-23.18281,167.95245,-23.18281,0,3,5745,17968,1837,179,5289,15,161,154,,,,,,,,,,,,,,,,,,,,,,,,,,,,,
"",228001,5675,-23.03527,167.9536,B,07/14/2022 19:36:10,Argos,0,35,A1,,401677476.42,07/14/2022 19:35:53,1,2,0,-136,401677476.42,167.9536,-23.03527,167.9536,-23.03527,6,3,2482,6268,982,163,2168,30,142,28,,,,,,,,,,,,,,,,,,,,,,,,,,,,,
"",228001,5675,-23.03527,167.9536,B,07/14/2022 19:36:10,Argos,0,35,A1,,401677476.42,07/14/2022 19:36:28,1,2,0,-136,401677476.42,167.9536,-23.03527,167.9536,-23.03527,6,3,2482,6268,982,163,2168,95,62,142,33,8,224,57,198,190,240,123,133,53,37,244,94,4,240,240,158,254,228,128,,,,,,,,,
"",228001,5675,-23.00711,167.96572,1,07/14/2022 19:42:13,Argos,0,656,NK,,401677455.42,07/14/2022 19:36:28,1,10,0,-123,401677455.42,167.96572,-23.00711,167.96571,-23.00711,46,3,504,1408,180,86,206,92,240,132,94,148,152,169,92,7,255,43,33,202,174,164,57,133,83,158,50,229,128,8,,,,,,,,,
"",228001,5675,-23.00711,167.96572,1,07/14/2022 19:42:13,Argos,0,656,NK,,401677455.42,07/14/2022 19:39:47,1,10,0,-123,401677455.42,167.96572,-23.00711,167.96571,-23.00711,46,3,504,1408,180,86,206,106,128,0,,,,,,,,,,,,,,,,,,,,,,,,,,,,,
"",228001,5675,-23.00711,167.96572,1,07/14/2022 19:42:13,Argos,0,656,NK,,401677455.42,07/14/2022 19:40:53,1,10,0,-123,401677455.42,167.96572,-23.00711,167.96571,-23.00711,46,3,504,1408,180,86,206,15,1,16,,,,,,,,,,,,,,,,,,,,,,,,,,,,,
"",228001,5675,-23.00711,167.96572,1,07/14/2022 19:42:13,Argos,0,656,NK,,401677455.42,07/14/2022 19:41:40,1,10,0,-123,401677455.42,167.96572,-23.00711,167.96571,-23.00711,46,3,504,1408,180,86,206,30,142,28,,,,,,,,,,,,,,,,,,,,,,,,,,,,,
"",228001,5675,-23.00711,167.96572,1,07/14/2022 19:42:13,Argos,0,656,NK,,401677455.42,07/14/2022 19:41:57,1,10,0,-123,401677455.42,167.96572,-23.00711,167.96571,-23.00711,46,3,504,1408,180,86,206,69,77,48,,,,,,,,,,,,,,,,,,,,,,,,,,,,,
"",228001,5675,-23.00711,167.96572,1,07/14/2022 19:42:13,Argos,0,656,NK,,401677455.42,07/14/2022 19:42:27,1,10,0,-123,401677455.42,167.96572,-23.00711,167.96571,-23.00711,46,3,504,1408,180,86,206,83,218,9,,,,,,,,,,,,,,,,,,,,,,,,,,,,,
"",228001,5675,-23.00711,167.96572,1,07/14/2022 19:42:13,Argos,0,656,NK,,401677455.42,07/14/2022 19:46:09,2,10,0,-123,401677455.42,167.96572,-23.00711,167.96571,-23.00711,46,3,504,1408,180,86,206,75,249,4,,,,,,,,,,,,,,,,,,,,,,,,,,,,,
"",228001,5675,-23.00711,167.96572,1,07/14/2022 19:42:13,Argos,0,656,NK,,401677455.42,07/14/2022 19:46:40,1,10,0,-123,401677455.42,167.96572,-23.00711,167.96571,-23.00711,46,3,504,1408,180,86,206,82,223,9,,,,,,,,,,,,,,,,,,,,,,,,,,,,,
"",228001,5675,-23.00711,167.96572,1,07/14/2022 19:42:13,Argos,0,656,NK,,401677455.42,07/14/2022 19:47:24,1,10,0,-123,401677455.42,167.96572,-23.00711,167.96571,-23.00711,46,3,504,1408,180,86,206,107,133,0,,,,,,,,,,,,,,,,,,,,,,,,,,,,,
"",228001,5675,,,,,,,0,NK,,401650000,07/18/2022 19:37:16,1,1,0,-128,401650000,,,,,,,,,,,,42,158,32,238,238,238,238,232,226,36,71,0,13,191,83,186,172,146,65,1,125,125,244,41,51,47,17,9,128,136,251,
"",228001,5675,-22.83016,167.69653,0,07/20/2022 10:09:03,Argos,0,247,NP,,401677444.27,07/20/2022 10:07:37,1,4,0,-129,401677444.27,167.69653,-22.83016,167.69653,-22.83016,50,3,1519,8226,280,41,855,42,158,96,238,238,238,238,238,238,238,238,238,238,238,238,12,158,64,238,224,104,6,231,70,2,32,247,232,247,78,2,
"",228001,5675,,,,,,,0,NN,,401650000,07/20/2022 10:07:37,1,1,0,-137,401650000,,,,,,,,,,,,42,158,96,238,238,238,238,238,238,238,238,238,238,238,238,12,158,64,236,211,187,7,38,21,40,177,96,150,8,241,141,
"",228001,5675,-22.83016,167.69653,0,07/20/2022 10:09:03,Argos,0,247,NP,,401677444.27,07/20/2022 10:08:39,1,4,0,-129,401677444.27,167.69653,-22.83016,167.69653,-22.83016,50,3,1519,8226,280,41,855,42,158,32,238,238,238,238,238,238,238,238,238,238,238,238,247,158,0,238,238,238,238,238,238,238,238,238,238,238,238,9,
"",228001,5675,-22.83016,167.69653,0,07/20/2022 10:09:03,Argos,0,247,NP,,401677444.27,07/20/2022 10:10:54,1,4,0,-129,401677444.27,167.69653,-22.83016,167.69653,-22.83016,50,3,1519,8226,280,41,855,30,142,28,,,,,,,,,,,,,,,,,,,,,,,,,,,,,
"",228001,5675,-22.83016,167.69653,0,07/20/2022 10:09:03,Argos,0,247,NP,,401677444.27,07/20/2022 10:11:44,1,4,0,-129,401677444.27,167.69653,-22.83016,167.69653,-22.83016,50,3,1519,8226,280,41,855,79,3,5,,,,,,,,,,,,,,,,,,,,,,,,,,,,,
"",228001,5675,-22.84881,167.66051,B,07/23/2022 11:08:59,Argos,0,409,NN,,401677451.87,07/23/2022 11:05:35,1,2,0,-124,401677451.87,167.66051,-22.84881,167.6605,-22.84881,0,3,16571,0,189,99,15933,42,158,160,14,238,14,224,238,238,238,167,144,44,243,180,40,226,240,171,160,45,90,73,212,91,70,31,34,175,250,11,
"",228001,5675,-22.84881,167.66051,B,07/23/2022 11:08:59,Argos,0,409,NN,,401677451.87,07/23/2022 11:12:24,1,2,0,-124,401677451.87,167.66051,-22.84881,167.6605,-22.84881,0,3,16571,0,189,99,15933,81,48,6,,,,,,,,,,,,,,,,,,,,,,,,,,,,,
"",228001,5675,-22.85081,167.61468,B,07/23/2022 12:48:27,Argos,0,31,NN,,401677442.01,07/23/2022 12:48:12,1,2,0,-135,401677442.01,167.61468,-22.85081,167.61469,-22.85081,0,3,7395,17552,3115,19,7224,69,1,5,,,,,,,,,,,,,,,,,,,,,,,,,,,,,
"",228001,5675,-22.85081,167.61468,B,07/23/2022 12:48:27,Argos,0,31,NN,,401677442.01,07/23/2022 12:48:44,1,2,0,-135,401677442.01,167.61468,-22.85081,167.61469,-22.85081,0,3,7395,17552,3115,19,7224,42,158,160,14,238,14,224,238,238,238,238,224,238,238,238,5,158,128,238,238,238,238,238,14,14,14,238,238,238,238,12,
"",228001,5675,-22.76566,167.71063,B,07/24/2022 21:27:01,Argos,0,68,MB,,401677422.56,07/24/2022 21:26:28,1,2,0,-134,401677422.56,167.71063,-22.76566,167.71063,-22.76566,0,3,4597,39036,541,137,13000,96,123,0,,,,,,,,,,,,,,,,,,,,,,,,,,,,,
"",228001,5675,-22.76566,167.71063,B,07/24/2022 21:27:01,Argos,0,68,MB,,401677422.56,07/24/2022 21:27:36,1,2,0,-134,401677422.56,167.71063,-22.76566,167.71063,-22.76566,0,3,4597,39036,541,137,13000,15,1,16,,,,,,,,,,,,,,,,,,,,,,,,,,,,,
"",228001,5675,-23.12431,167.80008,A,07/24/2022 22:19:52,Argos,0,70,MC,,401677455.42,07/24/2022 22:19:24,1,3,0,-128,401677455.42,167.80008,-23.12431,162.11852,-21.12518,60,3,3371,34769,326,52,9531,81,95,10,,,,,,,,,,,,,,,,,,,,,,,,,,,,,
"",228001,5675,-23.12431,167.80008,A,07/24/2022 22:19:52,Argos,0,70,MC,,401677455.42,07/24/2022 22:19:39,1,3,0,-128,401677455.42,167.80008,-23.12431,162.11852,-21.12518,60,3,3371,34769,326,52,9531,42,158,224,238,238,238,238,238,0,238,238,238,238,238,238,181,158,192,238,238,238,238,238,224,238,238,238,238,238,238,37,
"",228001,5675,-23.12431,167.80008,A,07/24/2022 22:19:52,Argos,0,70,MC,,401677455.42,07/24/2022 22:20:35,1,3,0,-128,401677455.42,167.80008,-23.12431,162.11852,-21.12518,60,3,3371,34769,326,52,9531,96,130,0,,,,,,,,,,,,,,,,,,,,,,,,,,,,,
"",228001,5675,-23.05068,168.03086,A,07/24/2022 23:55:20,Argos,0,480,NN,,401677449.99,07/24/2022 23:47:21,1,3,0,-130,401677449.99,168.03086,-23.05068,168.03085,-23.05068,8,3,2370,22856,245,21,2278,64,0,5,,,,,,,,,,,,,,,,,,,,,,,,,,,,,
"",228001,5675,-23.05068,168.03086,A,07/24/2022 23:55:20,Argos,0,480,NN,,401677449.99,07/24/2022 23:47:54,1,3,0,-130,401677449.99,168.03086,-23.05068,168.03085,-23.05068,8,3,2370,22856,245,21,2278,92,118,10,,,,,,,,,,,,,,,,,,,,,,,,,,,,,
"",228001,5675,-23.12944,167.79712,B,07/24/2022 23:55:20,Argos,0,0,NN,,401677461.31,07/24/2022 23:55:21,1,1,0,-130,401677461.31,167.79712,-23.12944,167.79712,-23.12944,8,3,3516,12996,951,54,9941,30,142,28,,,,,,,,,,,,,,,,,,,,,,,,,,,,,
"",228001,5675,-23.01956,168.26547,B,07/25/2022 05:29:51,Argos,0,0,SR,,401677468.79,07/25/2022 05:29:52,1,1,0,-123,401677468.79,168.26547,-23.01956,168.26547,-23.01956,8,3,10972,16744,7189,94,6172,101,131,0,,,,,,,,,,,,,,,,,,,,,,,,,,,,,
"",228001,5675,-23.02191,168.15732,A,07/25/2022 08:47:48,Argos,0,53,NK,,401677448.05,07/25/2022 08:47:22,1,3,0,-131,401677448.05,168.15732,-23.02191,168.15732,-23.02191,8,3,5718,10297,3175,57,7174,15,1,16,,,,,,,,,,,,,,,,,,,,,,,,,,,,,
"",228001,5675,-23.02191,168.15732,A,07/25/2022 08:47:48,Argos,0,53,NK,,401677448.05,07/25/2022 08:47:47,1,3,0,-131,401677448.05,168.15732,-23.02191,168.15732,-23.02191,8,3,5718,10297,3175,57,7174,30,142,28,,,,,,,,,,,,,,,,,,,,,,,,,,,,,
"",228001,5675,-23.02191,168.15732,A,07/25/2022 08:47:48,Argos,0,53,NK,,401677448.05,07/25/2022 08:48:15,1,3,0,-131,401677448.05,168.15732,-23.02191,168.15732,-23.02191,8,3,5718,10297,3175,57,7174,72,246,4,,,,,,,,,,,,,,,,,,,,,,,,,,,,,
"",228001,5675,-23.33654,168.08121,1,07/25/2022 19:28:51,Argos,0,543,SR,,401677451.84,07/25/2022 19:26:35,1,5,0,-127,401677451.84,168.08121,-23.33654,168.0812,-23.33654,48,3,604,1009,361,67,226,30,142,28,,,,,,,,,,,,,,,,,,,,,,,,,,,,,
"",228001,5675,-23.33654,168.08121,1,07/25/2022 19:28:51,Argos,0,543,SR,,401677451.84,07/25/2022 19:28:41,1,5,0,-127,401677451.84,168.08121,-23.33654,168.0812,-23.33654,48,3,604,1009,361,67,226,101,131,0,,,,,,,,,,,,,,,,,,,,,,,,,,,,,
"",228001,5675,-23.33654,168.08121,1,07/25/2022 19:28:51,Argos,0,543,SR,,401677451.84,07/25/2022 19:31:18,1,5,0,-127,401677451.84,168.08121,-23.33654,168.0812,-23.33654,48,3,604,1009,361,67,226,78,248,4,,,,,,,,,,,,,,,,,,,,,,,,,,,,,
"",228001,5675,-23.33654,168.08121,1,07/25/2022 19:28:51,Argos,0,543,SR,,401677451.84,07/25/2022 19:35:03,1,5,0,-127,401677451.84,168.08121,-23.33654,168.0812,-23.33654,48,3,604,1009,361,67,226,126,161,27,,,,,,,,,,,,,,,,,,,,,,,,,,,,,
"",228001,5675,-23.33654,168.08121,1,07/25/2022 19:28:51,Argos,0,543,SR,,401677451.84,07/25/2022 19:35:38,1,5,0,-127,401677451.84,168.08121,-23.33654,168.0812,-23.33654,48,3,604,1009,361,67,226,15,1,16,,,,,,,,,,,,,,,,,,,,,,,,,,,,,
"",228001,5675,-23.33685,168.09169,B,07/25/2022 20:08:41,Argos,0,0,NK,,401677451.33,07/25/2022 20:08:41,1,1,0,-129,401677451.33,168.09169,-23.33685,168.09169,-23.33685,8,3,5266,5755,4818,89,2453,107,133,0,,,,,,,,,,,,,,,,,,,,,,,,,,,,,
"",228001,5675,-23.33716,168.09265,B,07/25/2022 20:12:28,Argos,0,0,MC,,401677453.6,07/25/2022 20:12:29,1,1,0,-132,401677453.6,168.09265,-23.33716,168.09265,-23.33716,8,3,5444,6087,4867,91,2536,30,142,28,,,,,,,,,,,,,,,,,,,,,,,,,,,,,
"",228001,5675,-23.46361,168.06935,A,07/27/2022 06:07:33,Argos,0,32,SR,,401677450.88,07/27/2022 06:07:17,1,3,0,-120,401677450.88,168.06935,-23.46361,168.06935,-23.46361,0,3,1866,7395,470,150,2581,42,159,32,0,224,224,14,14,238,238,238,238,238,14,238,42,159,0,238,238,238,238,238,238,238,238,238,224,0,224,127,
"",228001,5675,-23.46361,168.06935,A,07/27/2022 06:07:33,Argos,0,32,SR,,401677450.88,07/27/2022 06:07:32,1,3,0,-120,401677450.88,168.06935,-23.46361,168.06935,-23.46361,0,3,1866,7395,470,150,2581,15,1,16,,,,,,,,,,,,,,,,,,,,,,,,,,,,,
"",228001,5675,-23.46361,168.06935,A,07/27/2022 06:07:33,Argos,0,32,SR,,401677450.88,07/27/2022 06:07:50,1,3,0,-120,401677450.88,168.06935,-23.46361,168.06935,-23.46361,0,3,1866,7395,470,150,2581,30,142,28,,,,,,,,,,,,,,,,,,,,,,,,,,,,,
"",228001,5675,-23.46497,168.08922,B,07/27/2022 08:00:51,Argos,0,0,NK,,401677450.84,07/27/2022 08:00:52,1,1,0,-124,401677450.84,168.08922,-23.46497,168.08922,-23.46497,8,3,3102,3993,2409,113,4294,75,249,4,,,,,,,,,,,,,,,,,,,,,,,,,,,,,
"",228001,5675,,,,,,,0,SR,,401650000,08/11/2022 19:01:52,1,1,0,-125,401650000,,,,,,,,,,,,42,160,64,238,238,238,238,238,238,238,238,238,238,238,238,17,160,32,238,238,224,238,238,224,238,238,238,238,238,238,12,
"",228001,5675,-23.47403,168.22413,A,08/13/2022 21:33:56,Argos,0,88,NN,,401677440.89,08/13/2022 21:33:06,1,3,0,-128,401677440.89,168.22413,-23.47403,168.22414,-23.47403,0,3,3612,33881,385,76,6760,30,138,28,,,,,,,,,,,,,,,,,,,,,,,,,,,,,
"",228001,5675,-23.47403,168.22413,A,08/13/2022 21:33:56,Argos,0,88,NN,,401677440.89,08/13/2022 21:34:11,1,3,0,-128,401677440.89,168.22413,-23.47403,168.22414,-23.47403,0,3,3612,33881,385,76,6760,76,48,165,245,104,201,136,180,6,214,216,83,86,21,254,69,141,89,68,193,25,178,18,,,,,,,,,
"",228001,5675,-23.47403,168.22413,A,08/13/2022 21:33:56,Argos,0,88,NN,,401677440.89,08/13/2022 21:34:34,1,3,0,-128,401677440.89,168.22413,-23.47403,168.22414,-23.47403,0,3,3612,33881,385,76,6760,42,160,192,238,238,238,238,238,238,238,238,238,238,238,238,224,226,229,52,170,239,135,68,134,201,137,115,8,243,125,46,
"",228001,5675,-23.47354,168.25138,A,08/13/2022 21:45:24,Argos,0,480,NP,,401677448.86,08/13/2022 21:37:51,1,3,0,-131,401677448.86,168.25138,-23.47354,168.25137,-23.47354,0,3,401,2715,59,171,1092,108,18,22,,,,,,,,,,,,,,,,,,,,,,,,,,,,,
"",228001,5675,-23.47354,168.25138,A,08/13/2022 21:45:24,Argos,0,480,NP,,401677448.86,08/13/2022 21:44:57,1,3,0,-131,401677448.86,168.25138,-23.47354,168.25137,-23.47354,0,3,401,2715,59,171,1092,64,238,4,,,,,,,,,,,,,,,,,,,,,,,,,,,,,
"",228001,5675,-23.47354,168.25138,A,08/13/2022 21:45:24,Argos,0,480,NP,,401677448.86,08/13/2022 21:45:51,1,3,0,-131,401677448.86,168.25138,-23.47354,168.25137,-23.47354,0,3,401,2715,59,171,1092,96,130,0,,,,,,,,,,,,,,,,,,,,,,,,,,,,,
"",228001,5675,-23.48171,168.25093,B,08/13/2022 21:59:18,Argos,0,51,MC,,401677444.04,08/13/2022 21:58:53,1,2,0,-121,401677444.04,168.25093,-23.48171,168.25093,-23.48171,6,3,404,2027,80,103,1097,30,142,28,,,,,,,,,,,,,,,,,,,,,,,,,,,,,
"",228001,5675,-23.48171,168.25093,B,08/13/2022 21:59:18,Argos,0,51,MC,,401677444.04,08/13/2022 21:59:44,1,2,0,-121,401677444.04,168.25093,-23.48171,168.25093,-23.48171,6,3,404,2027,80,103,1097,42,160,64,238,238,238,238,238,238,238,238,238,238,238,238,17,160,32,238,238,224,238,238,224,238,238,238,238,238,238,12,
"",228001,5675,,,,,,,0,SR,,401650000,08/16/2022 07:25:35,1,1,0,-128,401650000,,,,,,,,,,,,42,161,192,117,191,114,161,221,186,198,178,152,1,171,191,7,155,135,167,102,241,26,64,62,2,31,186,128,241,175,103,
"",228001,5675,-23.57476,168.28189,B,08/23/2022 19:30:11,Argos,0,98,SR,,401677451.68,08/23/2022 19:30:12,1,2,0,-137,401677451.68,168.28189,-23.57476,168.28189,-23.57476,0,2,9600,210210,438,110,27155,71,229,4,,,,,,,,,,,,,,,,,,,,,,,,,,,,,
"",228001,5675,-23.58021,168.26998,2,08/23/2022 19:32:15,Argos,0,267,NK,,401677453.6,08/23/2022 19:30:12,1,4,0,-123,401677453.6,168.26998,-23.58021,168.26997,-23.58021,66,3,296,1755,49,105,782,71,229,4,,,,,,,,,,,,,,,,,,,,,,,,,,,,,
"",228001,5675,-23.57476,168.28189,B,08/23/2022 19:30:11,Argos,0,98,SR,,401677451.68,08/23/2022 19:31:51,1,2,0,-137,401677451.68,168.28189,-23.57476,168.28189,-23.57476,0,2,9600,210210,438,110,27155,73,208,165,245,32,201,136,180,11,206,187,147,86,23,42,126,85,53,203,83,243,201,160,,,,,,,,,
"",228001,5675,-23.58021,168.26998,2,08/23/2022 19:32:15,Argos,0,267,NK,,401677453.6,08/23/2022 19:31:51,1,4,0,-123,401677453.6,168.26998,-23.58021,168.26997,-23.58021,66,3,296,1755,49,105,782,73,208,165,245,104,201,136,180,11,206,187,147,86,23,42,242,21,222,27,206,49,25,22,,,,,,,,,
"",228001,5675,-23.58021,168.26998,2,08/23/2022 19:32:15,Argos,0,267,NK,,401677453.6,08/23/2022 19:32:21,1,4,0,-123,401677453.6,168.26998,-23.58021,168.26997,-23.58021,66,3,296,1755,49,105,782,104,123,0,,,,,,,,,,,,,,,,,,,,,,,,,,,,,
"",228001,5675,-23.58021,168.26998,2,08/23/2022 19:32:15,Argos,0,267,NK,,401677453.6,08/23/2022 19:34:39,1,4,0,-123,401677453.6,168.26998,-23.58021,168.26997,-23.58021,66,3,296,1755,49,105,782,30,142,28,,,,,,,,,,,,,,,,,,,,,,,,,,,,,
"",228001,5675,-23.56874,168.2654,B,08/23/2022 19:45:23,Argos,0,0,NP,,401677453.26,08/23/2022 19:45:24,1,1,0,-129,401677453.26,168.2654,-23.56874,168.2654,-23.56874,6,3,3560,22723,557,112,10067,72,230,4,,,,,,,,,,,,,,,,,,,,,,,,,,,,,
"",228001,5675,-23.59011,168.41898,B,08/24/2022 20:39:37,Argos,0,119,NK,,401677483.47,08/24/2022 20:38:38,1,2,0,-132,401677483.47,168.41898,-23.59011,168.41898,-23.59011,0,3,5063,131297,195,119,14320,15,70,64,,,,,,,,,,,,,,,,,,,,,,,,,,,,,
"",228001,5675,-23.59011,168.41898,B,08/24/2022 20:39:37,Argos,0,119,NK,,401677483.47,08/24/2022 20:40:37,1,2,0,-132,401677483.47,168.41898,-23.59011,168.41898,-23.59011,0,3,5063,131297,195,119,14320,30,142,28,,,,,,,,,,,,,,,,,,,,,,,,,,,,,
"",228001,5675,-23.54806,168.33592,B,08/25/2022 09:35:51,Argos,0,0,NP,,401677484.05,08/25/2022 09:35:51,1,1,0,-139,401677484.05,168.33592,-23.54806,168.33592,-23.54806,0,3,8876,29222,2696,119,25108,72,230,4,,,,,,,,,,,,,,,,,,,,,,,,,,,,,
"",228001,5675,-23.54183,168.13596,A,08/26/2022 19:49:04,Argos,0,180,NK,,401677439.51,08/26/2022 19:47:34,1,3,0,-125,401677439.51,168.13596,-23.54183,,,0,3,9158,205867,407,89,9155,99,146,221,,,,,,,,,,,,,,,,,,,,,,,,,,,,,
"",228001,5675,-23.54183,168.13596,A,08/26/2022 19:49:04,Argos,0,180,NK,,401677439.51,08/26/2022 19:49:06,1,3,0,-125,401677439.51,168.13596,-23.54183,,,0,3,9158,205867,407,89,9155,15,1,16,,,,,,,,,,,,,,,,,,,,,,,,,,,,,
"",228001,5675,-23.54183,168.13596,A,08/26/2022 19:49:04,Argos,0,180,NK,,401677439.51,08/26/2022 19:50:34,1,3,0,-125,401677439.51,168.13596,-23.54183,,,0,3,9158,205867,407,89,9155,30,134,122,,,,,,,,,,,,,,,,,,,,,,,,,,,,,
"",228001,5675,-23.61252,167.98222,B,08/27/2022 06:36:27,Argos,0,0,SR,,401677503.14,08/27/2022 06:36:28,1,1,0,-130,401677503.14,167.98222,-23.61252,167.98222,-23.61252,8,3,12949,21438,7821,115,10382,15,1,16,,,,,,,,,,,,,,,,,,,,,,,,,,,,,
"",228001,5675,-23.69698,167.97168,B,08/27/2022 18:45:29,Argos,0,0,A1,,401677493.26,08/27/2022 18:45:30,1,1,1,-119,401677493.26,167.97168,-23.69698,167.97168,-23.69698,0,3,9543,54907,1658,80,10757,105,67,1,,,,,,,,,,,,,,,,,,,,,,,,,,,,,
"",228001,5675,-23.67074,168.03045,B,08/27/2022 18:56:44,Argos,0,0,NP,,401677463.21,08/27/2022 18:56:44,1,1,0,-138,401677463.21,168.03045,-23.67074,168.03046,-23.67074,6,2,6999,46840,1045,84,9662,30,142,28,,,,,,,,,,,,,,,,,,,,,,,,,,,,,
"",228001,5675,-23.67797,167.9967,A,08/27/2022 18:56:44,Argos,0,521,SR,,401677449.11,08/27/2022 18:56:44,1,3,0,-126,401677449.11,167.9967,-23.67797,167.9967,-23.67797,0,3,2332,3076,1767,67,2259,30,142,28,,,,,,,,,,,,,,,,,,,,,,,,,,,,,
"",228001,5675,-23.67797,167.9967,A,08/27/2022 18:56:44,Argos,0,521,SR,,401677449.11,08/27/2022 19:05:07,1,3,0,-126,401677449.11,167.9967,-23.67797,167.9967,-23.67797,0,3,2332,3076,1767,67,2259,93,113,12,,,,,,,,,,,,,,,,,,,,,,,,,,,,,
"",228001,5675,-23.67797,167.9967,A,08/27/2022 18:56:44,Argos,0,521,SR,,401677449.11,08/27/2022 19:05:25,1,3,0,-126,401677449.11,167.9967,-23.67797,167.9967,-23.67797,0,3,2332,3076,1767,67,2259,96,130,0,,,,,,,,,,,,,,,,,,,,,,,,,,,,,
"",228001,5675,-23.68378,168.023,0,08/27/2022 22:09:38,Argos,0,176,NN,,401677451.51,08/27/2022 22:06:58,1,4,0,-128,401677451.51,168.023,-23.68378,168.023,-23.68378,58,2,5599,71762,436,124,3743,68,218,4,,,,,,,,,,,,,,,,,,,,,,,,,,,,,
"",228001,5675,-23.65742,168.0021,1,08/27/2022 22:13:25,Argos,0,527,MC,,401677450.24,08/27/2022 22:06:58,1,7,3,-118,401677450.24,168.0021,-23.65742,168.0021,-23.65742,46,3,677,3006,152,103,313,68,218,4,,,,,,,,,,,,,,,,,,,,,,,,,,,,,
"",228001,5675,-23.68378,168.023,0,08/27/2022 22:09:38,Argos,0,176,NN,,401677451.51,08/27/2022 22:07:17,1,4,0,-128,401677451.51,168.023,-23.68378,168.023,-23.68378,58,2,5599,71762,436,124,3743,88,129,12,,,,,,,,,,,,,,,,,,,,,,,,,,,,,
"",228001,5675,-23.65742,168.0021,1,08/27/2022 22:13:25,Argos,0,527,MC,,401677450.24,08/27/2022 22:07:17,1,7,3,-118,401677450.24,168.0021,-23.65742,168.0021,-23.65742,46,3,677,3006,152,103,313,88,129,12,,,,,,,,,,,,,,,,,,,,,,,,,,,,,
"",228001,5675,-23.68378,168.023,0,08/27/2022 22:09:38,Argos,0,176,NN,,401677451.51,08/27/2022 22:09:39,1,4,0,-128,401677451.51,168.023,-23.68378,168.023,-23.68378,58,2,5599,71762,436,124,3743,30,142,28,,,,,,,,,,,,,,,,,,,,,,,,,,,,,
"",228001,5675,-23.65742,168.0021,1,08/27/2022 22:13:25,Argos,0,527,MC,,401677450.24,08/27/2022 22:09:39,1,7,3,-118,401677450.24,168.0021,-23.65742,168.0021,-23.65742,46,3,677,3006,152,103,313,30,142,28,,,,,,,,,,,,,,,,,,,,,,,,,,,,,
"",228001,5675,-23.68378,168.023,0,08/27/2022 22:09:38,Argos,0,176,NN,,401677451.51,08/27/2022 22:09:54,1,4,0,-128,401677451.51,168.023,-23.68378,168.023,-23.68378,58,2,5599,71762,436,124,3743,78,240,100,,,,,,,,,,,,,,,,,,,,,,,,,,,,,
"",228001,5675,-23.65742,168.0021,1,08/27/2022 22:13:25,Argos,0,527,MC,,401677450.24,08/27/2022 22:09:54,1,7,3,-118,401677450.24,168.0021,-23.65742,168.0021,-23.65742,46,3,677,3006,152,103,313,79,220,31,,,,,,,,,,,,,,,,,,,,,,,,,,,,,
"",228001,5675,-23.66008,167.99399,A,08/27/2022 22:13:25,Argos,0,243,MC,,401677448.55,08/27/2022 22:12:49,1,3,0,-123,401677448.55,167.99399,-23.66008,167.99399,-23.66008,6,3,871,8485,89,98,1107,69,223,4,,,,,,,,,,,,,,,,,,,,,,,,,,,,,
"",228001,5675,-23.66005,167.99408,B,08/27/2022 22:15:45,Argos,0,0,NP,,401677440.58,08/27/2022 22:15:45,1,1,0,-139,401677440.58,167.99408,-23.66005,167.99408,-23.66005,6,3,570,1677,193,98,1255,15,3,16,,,,,,,,,,,,,,,,,,,,,,,,,,,,,
"",228001,5675,-23.66008,167.99399,A,08/27/2022 22:13:25,Argos,0,243,MC,,401677448.55,08/27/2022 22:15:45,2,3,0,-123,401677448.55,167.99399,-23.66008,167.99399,-23.66008,6,3,871,8485,89,98,1107,15,1,16,,,,,,,,,,,,,,,,,,,,,,,,,,,,,
"",228001,5675,-23.66576,168.07793,B,08/28/2022 18:25:36,Argos,0,0,SR,,401677477.79,08/28/2022 18:25:36,1,1,0,-135,401677477.79,168.07793,-23.66576,168.07793,-23.66576,0,3,21263,27541,16416,121,12224,15,1,16,,,,,,,,,,,,,,,,,,,,,,,,,,,,,
"",228001,5675,-23.49599,168.1049,A,08/28/2022 19:03:48,Argos,0,306,NK,,401677451.31,08/28/2022 19:01:10,1,3,0,-131,401677451.31,168.1049,-23.49599,168.1049,-23.49599,8,3,693,1256,382,46,501,30,142,28,,,,,,,,,,,,,,,,,,,,,,,,,,,,,
"",228001,5675,-23.49599,168.1049,A,08/28/2022 19:03:48,Argos,0,306,NK,,401677451.31,08/28/2022 19:03:58,1,3,0,-131,401677451.31,168.1049,-23.49599,168.1049,-23.49599,8,3,693,1256,382,46,501,73,227,4,,,,,,,,,,,,,,,,,,,,,,,,,,,,,
"",228001,5675,-23.49599,168.1049,A,08/28/2022 19:03:48,Argos,0,306,NK,,401677451.31,08/28/2022 19:06:16,1,3,0,-131,401677451.31,168.1049,-23.49599,168.1049,-23.49599,8,3,693,1256,382,46,501,110,121,11,,,,,,,,,,,,,,,,,,,,,,,,,,,,,
"",228001,5675,-22.57597,168.40984,B,08/29/2022 09:01:41,Argos,0,0,NP,,401677450.79,08/29/2022 09:01:41,1,1,0,-137,401677450.79,168.40984,-22.57597,168.40984,-22.57597,0,3,15355,16722,14100,89,11250,15,1,16,,,,,,,,,,,,,,,,,,,,,,,,,,,,,
"",228001,5675,-22.57294,168.39558,B,08/29/2022 09:01:41,Argos,0,0,NK,,401677461.83,08/29/2022 09:01:41,1,1,0,-131,401677461.83,168.39558,-22.57294,168.39558,-22.57294,0,2,10448,10875,10036,54,10825,15,1,16,,,,,,,,,,,,,,,,,,,,,,,,,,,,,
"",228001,5675,-22.48641,168.43731,B,08/29/2022 10:22:52,Argos,0,0,MC,,401677454.33,08/29/2022 10:22:53,1,1,0,-124,401677454.33,168.43731,-22.48641,168.43732,-22.48641,8,2,11293,12159,10489,86,11700,111,129,0,,,,,,,,,,,,,,,,,,,,,,,,,,,,,
"",228001,5675,-23.34888,168.21168,B,08/29/2022 10:22:52,Argos,0,0,NN,,401677429.29,08/29/2022 10:22:53,1,1,0,-135,401677429.29,168.21168,-23.34888,168.21169,-23.34888,0,3,2307,2568,2071,86,6518,111,129,0,,,,,,,,,,,,,,,,,,,,,,,,,,,,,
"",228001,5675,-23.42849,168.07528,B,08/30/2022 17:29:53,Argos,0,153,SR,,401677436.07,08/30/2022 17:27:20,1,2,0,-136,401677436.07,168.07528,-23.42849,168.07529,-23.42849,0,3,3031,41981,218,145,8566,30,142,28,,,,,,,,,,,,,,,,,,,,,,,,,,,,,
"",228001,5675,-23.42849,168.07528,B,08/30/2022 17:29:53,Argos,0,153,SR,,401677436.07,08/30/2022 17:29:53,1,2,0,-136,401677436.07,168.07528,-23.42849,168.07529,-23.42849,0,3,3031,41981,218,145,8566,71,191,99,,,,,,,,,,,,,,,,,,,,,,,,,,,,,
"",228001,5675,,,,,,,0,NP,,401650000,09/01/2022 08:23:37,1,1,0,-138,401650000,,,,,,,,,,,,30,142,28,,,,,,,,,,,,,,,,,,,,,,,,,,,,,
"",228001,5675,,,,,,,0,SR,,401650000,09/01/2022 18:07:34,1,1,0,-136,401650000,,,,,,,,,,,,66,228,4,,,,,,,,,,,,,,,,,,,,,,,,,,,,,
"",228001,5675,-23.48004,168.04764,A,09/02/2022 07:25:32,Argos,0,153,NK,,401677455.37,09/02/2022 07:24:06,1,3,0,-133,401677455.37,168.04764,-23.48004,168.04764,-23.48004,0,3,722,3251,160,10,2020,42,164,32,238,238,238,238,238,238,0,238,238,14,238,238,95,163,224,238,238,238,238,238,238,238,238,224,238,238,238,242,
"",228001,5675,-23.48004,168.04764,A,09/02/2022 07:25:32,Argos,0,153,NK,,401677455.37,09/02/2022 07:25:53,1,3,0,-133,401677455.37,168.04764,-23.48004,168.04764,-23.48004,0,3,722,3251,160,10,2020,82,236,12,,,,,,,,,,,,,,,,,,,,,,,,,,,,,
"",228001,5675,-23.48004,168.04764,A,09/02/2022 07:25:32,Argos,0,153,NK,,401677455.37,09/02/2022 07:26:39,1,3,0,-133,401677455.37,168.04764,-23.48004,168.04764,-23.48004,0,3,722,3251,160,10,2020,96,130,0,,,,,,,,,,,,,,,,,,,,,,,,,,,,,
"",228001,5675,,,,,,,0,NK,,401650000,09/02/2022 08:58:31,1,1,0,-140,401650000,,,,,,,,,,,,85,176,165,117,120,232,234,175,116,241,8,87,122,133,42,130,159,182,79,77,96,251,133,,,,,,,,,
"",228001,5675,-23.52406,168.0588,A,09/02/2022 19:19:26,Argos,0,194,SR,,401677443.55,09/02/2022 19:16:12,1,3,0,-123,401677443.55,168.0588,-23.52406,168.0588,-23.52406,8,3,2925,48566,176,101,6537,71,229,4,,,,,,,,,,,,,,,,,,,,,,,,,,,,,
"",228001,5675,-23.52406,168.0588,A,09/02/2022 19:19:26,Argos,0,194,SR,,401677443.55,09/02/2022 19:16:33,1,3,0,-123,401677443.55,168.0588,-23.52406,168.0588,-23.52406,8,3,2925,48566,176,101,6537,89,5,13,,,,,,,,,,,,,,,,,,,,,,,,,,,,,
"",228001,5675,-23.52406,168.0588,A,09/02/2022 19:19:26,Argos,0,194,SR,,401677443.55,09/02/2022 19:19:26,1,3,0,-123,401677443.55,168.0588,-23.52406,168.0588,-23.52406,8,3,2925,48566,176,101,6537,15,1,16,,,,,,,,,,,,,,,,,,,,,,,,,,,,,
"",228001,5675,-23.51013,167.98788,1,09/02/2022 19:19:26,Argos,0,545,NP,,401677449.02,09/02/2022 19:22:21,1,6,0,-128,401677449.02,167.98788,-23.51013,167.98788,-23.51013,40,3,661,993,440,70,296,77,231,4,,,,,,,,,,,,,,,,,,,,,,,,,,,,,
"",228001,5675,-23.51013,167.98788,1,09/02/2022 19:19:26,Argos,0,545,NP,,401677449.02,09/02/2022 19:22:59,1,6,0,-128,401677449.02,167.98788,-23.51013,167.98788,-23.51013,40,3,661,993,440,70,296,90,10,13,,,,,,,,,,,,,,,,,,,,,,,,,,,,,
"",228001,5675,-23.51013,167.98788,1,09/02/2022 19:19:26,Argos,0,545,NP,,401677449.02,09/02/2022 19:23:14,1,6,0,-128,401677449.02,167.98788,-23.51013,167.98788,-23.51013,40,3,661,993,440,70,296,106,128,0,,,,,,,,,,,,,,,,,,,,,,,,,,,,,
"",228001,5675,-23.51013,167.98788,1,09/02/2022 19:19:26,Argos,0,545,NP,,401677449.02,09/02/2022 19:26:44,2,6,0,-128,401677449.02,167.98788,-23.51013,167.98788,-23.51013,40,3,661,993,440,70,296,15,1,16,,,,,,,,,,,,,,,,,,,,,,,,,,,,,
"",228001,5675,-23.51013,167.98788,1,09/02/2022 19:19:26,Argos,0,545,NP,,401677449.02,09/02/2022 19:28:31,1,6,0,-128,401677449.02,167.98788,-23.51013,167.98788,-23.51013,40,3,661,993,440,70,296,30,142,28,,,,,,,,,,,,,,,,,,,,,,,,,,,,,
"",228001,5675,-23.51249,167.98589,B,09/02/2022 20:17:02,Argos,0,0,NK,,401677455.5,09/02/2022 20:17:03,1,1,0,-129,401677455.5,167.98589,-23.51249,167.98589,-23.51249,8,3,5428,7082,4160,89,2838,95,27,13,,,,,,,,,,,,,,,,,,,,,,,,,,,,,
"",228001,5675,-23.51919,167.98625,B,09/02/2022 21:05:10,Argos,0,0,NP,,401677460.6,09/02/2022 21:05:10,1,1,0,-140,401677460.6,167.98625,-23.51919,167.98625,-23.51919,8,3,6947,9946,4851,88,3632,88,32,13,,,,,,,,,,,,,,,,,,,,,,,,,,,,,
"",228001,5675,-23.50136,167.99156,B,09/02/2022 23:26:48,Argos,0,0,MC,,401677479.96,09/02/2022 23:26:48,1,1,0,-124,401677479.96,167.99156,-23.50136,167.99156,-23.50136,8,3,11676,15504,8792,23,7477,101,131,0,,,,,,,,,,,,,,,,,,,,,,,,,,,,,
"",228001,5675,,,,,,,0,MC,,401650000,09/04/2022 11:32:19,1,1,0,-120,401650000,,,,,,,,,,,,30,142,28,,,,,,,,,,,,,,,,,,,,,,,,,,,,,
"",228001,5675,-23.57956,168.07672,B,09/05/2022 19:00:43,Argos,0,327,NK,,401677491.51,09/05/2022 18:58:00,1,2,0,-127,401677491.51,168.07672,-23.57956,168.07672,-23.57956,0,3,5093,277424,93,40,14408,83,72,5,,,,,,,,,,,,,,,,,,,,,,,,,,,,,
"",228001,5675,-23.57956,168.07672,B,09/05/2022 19:00:43,Argos,0,327,NK,,401677491.51,09/05/2022 19:03:27,1,2,0,-127,401677491.51,168.07672,-23.57956,168.07672,-23.57956,0,3,5093,277424,93,40,14408,96,130,0,,,,,,,,,,,,,,,,,,,,,,,,,,,,,
"",228001,5675,,,,,,,0,NK,,401650000,09/05/2022 20:44:55,1,1,0,-133,401650000,,,,,,,,,,,,67,225,4,,,,,,,,,,,,,,,,,,,,,,,,,,,,,
"",228001,5675,-23.63955,168.0131,B,09/05/2022 20:44:54,Argos,0,138,MC,,401677433.28,09/05/2022 20:44:55,1,2,0,-129,401677433.28,168.0131,-23.63955,168.0131,-23.63955,8,3,4271,17759,1026,41,12077,67,225,4,,,,,,,,,,,,,,,,,,,,,,,,,,,,,
"",228001,5675,-23.63955,168.0131,B,09/05/2022 20:44:54,Argos,0,138,MC,,401677433.28,09/05/2022 20:47:13,1,2,0,-129,401677433.28,168.0131,-23.63955,168.0131,-23.63955,8,3,4271,17759,1026,41,12077,88,79,13,,,,,,,,,,,,,,,,,,,,,,,,,,,,,
"",228001,5675,-23.81096,167.86828,A,09/06/2022 05:56:15,Argos,0,146,A1,,401677458.55,09/06/2022 05:55:20,1,3,0,-126,401677458.55,167.86828,-23.81096,167.86829,-23.81096,8,3,359,1702,75,169,605,96,130,0,,,,,,,,,,,,,,,,,,,,,,,,,,,,,
"",228001,5675,-23.81096,167.86828,A,09/06/2022 05:56:15,Argos,0,146,A1,,401677458.55,09/06/2022 05:55:41,1,3,0,-126,401677458.55,167.86828,-23.81096,167.86829,-23.81096,8,3,359,1702,75,169,605,42,164,160,238,238,238,238,238,238,238,238,238,224,14,238,23,164,128,238,238,238,238,238,224,238,238,238,238,238,238,160,
"",228001,5675,-23.81096,167.86828,A,09/06/2022 05:56:15,Argos,0,146,A1,,401677458.55,09/06/2022 05:57:46,1,3,0,-126,401677458.55,167.86828,-23.81096,167.86829,-23.81096,8,3,359,1702,75,169,605,15,1,16,,,,,,,,,,,,,,,,,,,,,,,,,,,,,
"",228001,5675,-23.81609,167.86092,B,09/06/2022 06:28:22,Argos,0,0,SR,,401677434.27,09/06/2022 06:28:23,1,1,0,-122,401677434.27,167.86092,-23.81609,167.86092,-23.81609,8,3,782,871,700,105,2192,68,112,165,245,104,201,136,180,3,26,144,148,214,26,224,244,3,253,27,206,16,255,128,,,,,,,,,
"",228001,5675,-23.8645,167.63985,B,09/06/2022 18:53:17,Argos,0,207,SR,,401677446.52,09/06/2022 18:51:34,1,2,0,-129,401677446.52,167.63985,-23.8645,167.63985,-23.8645,0,2,2729,38698,192,59,7715,76,226,4,,,,,,,,,,,,,,,,,,,,,,,,,,,,,
"",228001,5675,-23.8645,167.63985,B,09/06/2022 18:53:17,Argos,0,207,SR,,401677446.52,09/06/2022 18:55:01,1,2,0,-129,401677446.52,167.63985,-23.8645,167.63985,-23.8645,0,2,2729,38698,192,59,7715,111,129,0,,,,,,,,,,,,,,,,,,,,,,,,,,,,,
"",228001,5675,-23.8432,167.67819,B,09/06/2022 20:13:53,Argos,0,0,NP,,401677453.4,09/06/2022 20:13:54,1,1,0,-126,401677453.4,167.67819,-23.8432,167.67819,-23.8432,8,3,8646,90067,829,60,24455,30,142,28,,,,,,,,,,,,,,,,,,,,,,,,,,,,,
"",228001,5675,-23.85816,167.64883,B,09/06/2022 20:14:44,Argos,0,99,NK,,401677445.8,09/06/2022 20:13:54,1,2,0,-124,401677445.8,167.64883,-23.85816,167.64883,-23.85816,6,3,859,7391,99,134,2411,30,142,28,,,,,,,,,,,,,,,,,,,,,,,,,,,,,
"",228001,5675,-23.85816,167.64883,B,09/06/2022 20:14:44,Argos,0,99,NK,,401677445.8,09/06/2022 20:15:34,1,2,0,-124,401677445.8,167.64883,-23.85816,167.64883,-23.85816,6,3,859,7391,99,134,2411,76,226,4,,,,,,,,,,,,,,,,,,,,,,,,,,,,,
"",228001,5675,-23.90773,167.41542,B,09/07/2022 05:38:05,Argos,0,0,A1,,401677413.1,09/07/2022 05:38:06,1,1,0,-138,401677413.1,167.41542,-23.90773,167.41542,-23.90773,8,3,2959,3990,2193,75,8365,15,5,23,,,,,,,,,,,,,,,,,,,,,,,,,,,,,
"",228001,5675,-23.79857,167.5453,B,09/07/2022 19:48:21,Argos,0,216,NK,,401677398.92,09/07/2022 19:46:34,1,2,0,-129,401677398.92,167.5453,-23.79857,167.5453,-23.79857,0,3,2951,123133,70,134,8341,30,142,28,,,,,,,,,,,,,,,,,,,,,,,,,,,,,
"",228001,5675,-23.79857,167.5453,B,09/07/2022 19:48:21,Argos,0,216,NK,,401677398.92,09/07/2022 19:50:10,1,2,0,-129,401677398.92,167.5453,-23.79857,167.5453,-23.79857,0,3,2951,123133,70,134,8341,74,217,69,,,,,,,,,,,,,,,,,,,,,,,,,,,,,
"",228001,5675,-23.8875,167.42812,B,09/08/2022 05:20:59,Argos,0,0,SR,,401677422.67,09/08/2022 05:21:00,1,1,0,-135,401677422.67,167.42812,-23.8875,167.42812,-23.8875,8,3,4292,6884,2675,129,12135,42,164,224,238,238,238,14,238,14,238,238,238,224,237,150,49,59,71,168,3,234,108,102,113,0,116,172,111,167,238,52,
"",228001,5675,-23.87453,167.55771,B,09/08/2022 19:22:02,Argos,0,0,SR,,401677407.59,09/08/2022 19:22:02,1,1,0,-129,401677407.59,167.55771,-23.87453,167.55771,-23.87453,0,3,7183,20522,2514,49,20318,91,185,120,,,,,,,,,,,,,,,,,,,,,,,,,,,,,
"",228001,5675,-23.92146,167.32798,B,09/08/2022 19:22:02,Argos,0,0,NK,,401677422.66,09/08/2022 19:22:02,1,1,0,-128,401677422.66,167.32798,-23.92146,167.32797,-23.92146,0,3,7155,21427,2388,84,20237,91,176,65,,,,,,,,,,,,,,,,,,,,,,,,,,,,,
"",228001,5675,-23.796,167.73354,B,09/09/2022 19:43:01,Argos,0,162,NP,,401677392.3,09/09/2022 19:41:41,1,2,0,-127,401677392.3,167.73354,-23.796,,,0,3,4860,151816,155,84,8902,11,104,10,,,,,,,,,,,,,,,,,,,,,,,,,,,,,
"",228001,5675,-23.796,167.73354,B,09/09/2022 19:43:01,Argos,0,162,NP,,401677392.3,09/09/2022 19:44:23,1,2,0,-127,401677392.3,167.73354,-23.796,,,0,3,4860,151816,155,84,8902,30,138,150,,,,,,,,,,,,,,,,,,,,,,,,,,,,,
"",228001,5675,-23.78172,167.86974,B,09/09/2022 20:38:49,Argos,0,16,NK,,401677439.56,09/09/2022 20:38:41,1,2,0,-125,401677439.56,167.86974,-23.78172,167.86974,-23.78172,6,3,3070,4728,1993,122,2415,30,142,28,,,,,,,,,,,,,,,,,,,,,,,,,,,,,
"",228001,5675,-23.78172,167.86974,B,09/09/2022 20:38:49,Argos,0,16,NK,,401677439.56,09/09/2022 20:38:58,1,2,0,-125,401677439.56,167.86974,-23.78172,167.86974,-23.78172,6,3,3070,4728,1993,122,2415,64,222,4,,,,,,,,,,,,,,,,,,,,,,,,,,,,,
"",228001,5675,-23.93335,168.15464,B,09/10/2022 06:04:19,Argos,0,230,SR,,401677516.16,09/10/2022 06:02:25,1,2,0,-125,401677516.16,168.15464,-23.93335,168.15463,-23.93335,8,3,6735,342589,132,96,5318,15,1,16,,,,,,,,,,,,,,,,,,,,,,,,,,,,,
"",228001,5675,-23.93335,168.15464,B,09/10/2022 06:04:19,Argos,0,230,SR,,401677516.16,09/10/2022 06:06:15,1,2,0,-125,401677516.16,168.15464,-23.93335,168.15463,-23.93335,8,3,6735,342589,132,96,5318,82,243,47,,,,,,,,,,,,,,,,,,,,,,,,,,,,,
"",228001,5675,-23.74321,167.80431,B,09/10/2022 19:32:46,Argos,0,400,NP,,401677450.93,09/10/2022 19:26:06,1,2,0,-134,401677450.93,167.80431,-23.74321,167.8043,-23.74321,0,3,8244,183277,370,20,6146,91,254,13,,,,,,,,,,,,,,,,,,,,,,,,,,,,,
"",228001,5675,-24.07186,168.47488,B,09/10/2022 19:32:46,Argos,0,0,NP,,401677570.43,09/10/2022 19:32:46,1,1,0,-134,401677570.43,168.47488,-24.07186,168.47488,-24.07186,0,3,9455,14258,6269,121,10509,15,1,59,,,,,,,,,,,,,,,,,,,,,,,,,,,,,
"",228001,5675,-23.64718,167.97178,B,09/11/2022 05:28:13,Argos,0,14,SR,,401677429.33,09/11/2022 05:28:06,1,2,0,-129,401677429.33,167.97178,-23.64718,167.97179,-23.64718,8,3,8685,17302,4359,95,7011,106,128,0,,,,,,,,,,,,,,,,,,,,,,,,,,,,,
"",228001,5675,-23.64718,167.97178,B,09/11/2022 05:28:13,Argos,0,14,SR,,401677429.33,09/11/2022 05:28:21,1,2,0,-129,401677429.33,167.97178,-23.64718,167.97179,-23.64718,8,3,8685,17302,4359,95,7011,15,1,16,,,,,,,,,,,,,,,,,,,,,,,,,,,,,
"",228001,5675,-23.63417,168.02152,0,09/11/2022 19:22:19,Argos,0,160,NP,,401677445.19,09/11/2022 19:20:51,1,4,0,-133,401677445.19,168.02152,-23.63417,168.02151,-23.63417,50,3,2695,28458,255,117,5911,30,142,28,,,,,,,,,,,,,,,,,,,,,,,,,,,,,
"",228001,5675,-23.6384,168.03299,3,09/11/2022 19:22:56,Argos,0,274,A1,,401677447.22,09/11/2022 19:20:51,1,5,0,-133,401677447.22,168.03299,-23.6384,168.03299,-23.6384,56,3,196,220,174,65,186,30,142,28,,,,,,,,,,,,,,,,,,,,,,,,,,,,,
"",228001,5675,-23.63417,168.02152,0,09/11/2022 19:22:19,Argos,0,160,NP,,401677445.19,09/11/2022 19:22:15,1,4,0,-133,401677445.19,168.02152,-23.63417,168.02151,-23.63417,50,3,2695,28458,255,117,5911,67,225,4,,,,,,,,,,,,,,,,,,,,,,,,,,,,,
"",228001,5675,-23.6384,168.03299,3,09/11/2022 19:22:56,Argos,0,274,A1,,401677447.22,09/11/2022 19:22:15,1,5,0,-133,401677447.22,168.03299,-23.6384,168.03299,-23.6384,56,3,196,220,174,65,186,67,225,4,,,,,,,,,,,,,,,,,,,,,,,,,,,,,
"",228001,5675,-23.63417,168.02152,0,09/11/2022 19:22:19,Argos,0,160,NP,,401677445.19,09/11/2022 19:22:43,1,4,0,-133,401677445.19,168.02152,-23.63417,168.02151,-23.63417,50,3,2695,28458,255,117,5911,82,51,14,,,,,,,,,,,,,,,,,,,,,,,,,,,,,
"",228001,5675,-23.6384,168.03299,3,09/11/2022 19:22:56,Argos,0,274,A1,,401677447.22,09/11/2022 19:22:43,1,5,0,-133,401677447.22,168.03299,-23.6384,168.03299,-23.6384,56,3,196,220,174,65,186,82,51,14,,,,,,,,,,,,,,,,,,,,,,,,,,,,,
"",228001,5675,-23.63417,168.02152,0,09/11/2022 19:22:19,Argos,0,160,NP,,401677445.19,09/11/2022 19:23:31,1,4,0,-133,401677445.19,168.02152,-23.63417,168.02151,-23.63417,50,3,2695,28458,255,117,5911,99,124,0,,,,,,,,,,,,,,,,,,,,,,,,,,,,,
"",228001,5675,-23.6384,168.03299,3,09/11/2022 19:22:56,Argos,0,274,A1,,401677447.22,09/11/2022 19:23:31,1,5,0,-133,401677447.22,168.03299,-23.6384,168.03299,-23.6384,56,3,196,220,174,65,186,99,124,0,,,,,,,,,,,,,,,,,,,,,,,,,,,,,
"",228001,5675,-23.6384,168.03299,3,09/11/2022 19:22:56,Argos,0,274,A1,,401677447.22,09/11/2022 19:25:25,1,5,0,-133,401677447.22,168.03299,-23.6384,168.03299,-23.6384,56,3,196,220,174,65,186,15,1,16,,,,,,,,,,,,,,,,,,,,,,,,,,,,,
"",228001,5675,-23.6385,168.03295,B,09/11/2022 19:26:51,Argos,0,0,SR,,401677443.31,09/11/2022 19:26:52,1,1,0,-133,401677443.31,168.03295,-23.6385,168.03294,-23.6385,6,3,582,634,534,88,788,30,142,28,,,,,,,,,,,,,,,,,,,,,,,,,,,,,
"",228001,5675,-23.63882,168.03317,B,09/11/2022 19:48:47,Argos,0,0,NK,,401677449.85,09/11/2022 19:48:48,1,1,0,-124,401677449.85,168.03317,-23.63882,168.03317,-23.63882,6,3,1202,1402,1030,101,1905,69,223,4,,,,,,,,,,,,,,,,,,,,,,,,,,,,,
"",228001,5675,,,,,,,0,SR,,401650000,09/15/2022 05:05:08,1,1,0,-129,401650000,,,,,,,,,,,,89,197,14,,,,,,,,,,,,,,,,,,,,,,,,,,,,,
"",228001,5675,,,,,,,0,A1,,401650000,09/15/2022 05:05:08,1,1,0,-141,401650000,,,,,,,,,,,,89,197,14,,,,,,,,,,,,,,,,,,,,,,,,,,,,,
"",228001,5675,,,,,,,0,NN,,401650000,09/15/2022 21:33:49,1,1,0,-133,401650000,,,,,,,,,,,,101,131,0,,,,,,,,,,,,,,,,,,,,,,,,,,,,,
"",228001,5675,,,,,,,0,NP,,401650000,09/15/2022 21:50:39,1,1,0,-133,401650000,,,,,,,,,,,,75,249,4,,,,,,,,,,,,,,,,,,,,,,,,,,,,,
"",228001,5675,,,,,,,0,A1,,401650000,09/17/2022 19:21:21,1,1,0,-133,401650000,,,,,,,,,,,,84,252,14,,,,,,,,,,,,,,,,,,,,,,,,,,,,,
"",228001,5675,-22.59319,170.45133,B,09/17/2022 19:44:23,Argos,0,190,SR,,401677565.98,09/17/2022 19:42:49,1,2,0,-130,401677565.98,170.45133,-22.59319,170.45132,-22.59319,0,3,12103,165489,885,160,3799,101,131,0,,,,,,,,,,,,,,,,,,,,,,,,,,,,,
"",228001,5675,-22.59319,170.45133,B,09/17/2022 19:44:23,Argos,0,190,SR,,401677565.98,09/17/2022 19:45:59,1,2,0,-130,401677565.98,170.45133,-22.59319,170.45132,-22.59319,0,3,12103,165489,885,160,3799,30,142,28,,,,,,,,,,,,,,,,,,,,,,,,,,,,,
"",228001,5675,-22.42771,170.39531,B,09/17/2022 19:45:58,Argos,0,0,NP,,401677398.73,09/17/2022 19:45:59,1,1,0,-137,401677398.73,170.39531,-22.42771,170.39531,-22.42771,6,3,6467,27531,1519,159,1997,30,142,28,,,,,,,,,,,,,,,,,,,,,,,,,,,,,
"",228001,5675,,,,,,,0,SR,,401650000,09/19/2022 18:43:22,1,1,0,-125,401650000,,,,,,,,,,,,30,142,28,,,,,,,,,,,,,,,,,,,,,,,,,,,,,
"",228001,5675,,,,,,,0,A1,,401650000,09/19/2022 18:45:56,1,1,0,-127,401650000,,,,,,,,,,,,84,8,27,,,,,,,,,,,,,,,,,,,,,,,,,,,,,
"",228001,5675,,,,,,,0,MC,,401650000,09/19/2022 20:57:31,1,1,0,-132,401650000,,,,,,,,,,,,15,1,16,,,,,,,,,,,,,,,,,,,,,,,,,,,,,
"",228001,5675,-21.92217,170.06788,0,09/19/2022 21:06:16,Argos,0,568,NP,,401677440.72,09/19/2022 21:05:53,1,7,0,-125,401677440.72,170.06788,-21.92217,170.06789,-21.92217,40,3,2941,10231,845,34,750,64,254,4,,,,,,,,,,,,,,,,,,,,,,,,,,,,,
"",228001,5675,-21.92217,170.06788,0,09/19/2022 21:06:16,Argos,0,568,NP,,401677440.72,09/19/2022 21:06:08,1,7,0,-125,401677440.72,170.06788,-21.92217,170.06789,-21.92217,40,3,2941,10231,845,34,750,85,39,15,,,,,,,,,,,,,,,,,,,,,,,,,,,,,
"",228001,5675,-21.92217,170.06788,0,09/19/2022 21:06:16,Argos,0,568,NP,,401677440.72,09/19/2022 21:06:23,1,7,0,-125,401677440.72,170.06788,-21.92217,170.06789,-21.92217,40,3,2941,10231,845,34,750,96,130,0,,,,,,,,,,,,,,,,,,,,,,,,,,,,,
"",228001,5675,-21.92217,170.06788,0,09/19/2022 21:06:16,Argos,0,568,NP,,401677440.72,09/19/2022 21:06:39,2,7,0,-125,401677440.72,170.06788,-21.92217,170.06789,-21.92217,40,3,2941,10231,845,34,750,15,1,16,,,,,,,,,,,,,,,,,,,,,,,,,,,,,
"",228001,5675,-21.92217,170.06788,0,09/19/2022 21:06:16,Argos,0,568,NP,,401677440.72,09/19/2022 21:06:59,2,7,0,-125,401677440.72,170.06788,-21.92217,170.06789,-21.92217,40,3,2941,10231,845,34,750,30,142,28,,,,,,,,,,,,,,,,,,,,,,,,,,,,,
"",228001,5675,-22.02821,170.11064,B,09/20/2022 05:49:20,Argos,0,129,SR,,401677471.91,09/20/2022 05:48:16,1,2,0,-124,401677471.91,170.11064,-22.02821,170.11064,-22.02821,8,3,9747,114336,830,7,3031,89,68,15,,,,,,,,,,,,,,,,,,,,,,,,,,,,,
"",228001,5675,-22.02821,170.11064,B,09/20/2022 05:49:20,Argos,0,129,SR,,401677471.91,09/20/2022 05:50:25,1,2,0,-124,401677471.91,170.11064,-22.02821,170.11064,-22.02821,8,3,9747,114336,830,7,3031,15,1,64,,,,,,,,,,,,,,,,,,,,,,,,,,,,,
"",228001,5675,-22.09919,170.1053,B,09/20/2022 20:35:24,Argos,0,0,MC,,401677552.87,09/20/2022 20:35:25,1,1,0,-133,401677552.87,170.1053,-22.09919,170.1053,-22.09919,0,3,32844,39688,27178,144,11031,30,142,28,,,,,,,,,,,,,,,,,,,,,,,,,,,,,
"",228001,5675,-22.06721,169.81716,B,09/21/2022 07:01:23,Argos,0,0,SR,,401677445.23,09/21/2022 07:01:23,1,1,0,-135,401677445.23,169.81716,-22.06721,169.81715,-22.06721,8,3,12952,16243,10327,13,12967,64,254,4,,,,,,,,,,,,,,,,,,,,,,,,,,,,,
"",228001,5675,-22.06132,169.78448,B,09/21/2022 10:52:59,Argos,0,0,NN,,401677449.7,09/21/2022 10:53:00,1,1,0,-133,401677449.7,169.78448,-22.06132,169.78448,-22.06132,8,3,8637,15962,4673,43,12226,85,85,18,,,,,,,,,,,,,,,,,,,,,,,,,,,,,
"",228001,5675,-22.20366,169.72598,B,09/22/2022 06:27:46,Argos,0,0,SR,,401677476.58,09/22/2022 06:27:46,1,1,0,-124,401677476.58,169.72598,-22.20366,169.72598,-22.20366,0,3,13192,57307,3036,94,11211,42,166,160,238,238,162,165,100,224,146,52,141,193,229,217,7,91,153,160,106,134,101,196,58,17,75,121,22,65,95,69,
"",228001,5675,,,,,,,0,A1,,401650000,09/25/2022 18:40:09,1,1,0,-135,401650000,,,,,,,,,,,,80,152,15,,,,,,,,,,,,,,,,,,,,,,,,,,,,,
"",228001,5675,,,,,,,0,SR,,401650000,09/25/2022 18:56:47,1,1,0,-130,401650000,,,,,,,,,,,,96,130,0,,,,,,,,,,,,,,,,,,,,,,,,,,,,,
"",228001,5675,,,,,,,0,NP,,401650000,09/26/2022 19:43:59,1,1,0,-139,401650000,,,,,,,,,,,,91,159,11,,,,,,,,,,,,,,,,,,,,,,,,,,,,,
"",228001,5675,,,,,,,0,SR,,401650000,09/27/2022 07:08:50,1,1,0,-132,401650000,,,,,,,,,,,,42,167,32,238,224,238,224,238,238,234,254,238,224,224,238,49,167,0,224,238,14,238,238,224,238,238,14,238,238,238,219,
"",228001,5675,,,,,,,0,NP,,401650000,09/29/2022 19:04:46,1,1,0,-138,401650000,,,,,,,,,,,,64,16,5,,,,,,,,,,,,,,,,,,,,,,,,,,,,,
"",228001,5675,-22.6984,169.42456,B,09/29/2022 22:09:01,Argos,0,143,NN,,401677483.56,09/29/2022 22:07:50,1,2,0,-129,401677483.56,169.42456,-22.6984,169.42456,-22.6984,0,2,11311,265493,481,57,6247,75,23,5,,,,,,,,,,,,,,,,,,,,,,,,,,,,,
"",228001,5675,-22.6984,169.42456,B,09/29/2022 22:09:01,Argos,0,143,NN,,401677483.56,09/29/2022 22:10:13,1,2,0,-129,401677483.56,169.42456,-22.6984,169.42456,-22.6984,0,2,11311,265493,481,57,6247,84,80,165,245,123,247,149,205,211,97,139,231,150,129,123,177,8,152,160,147,204,253,20,,,,,,,,,
"",228001,5675,-22.9507,169.26047,B,10/01/2022 18:39:27,Argos,0,39,A1,,401677413.44,10/01/2022 18:39:08,1,2,0,-120,401677413.44,169.26047,-22.9507,169.26047,-22.9507,0,3,27682,0,395,84,10033,30,142,28,,,,,,,,,,,,,,,,,,,,,,,,,,,,,
"",228001,5675,-22.9507,169.26047,B,10/01/2022 18:39:27,Argos,0,39,A1,,401677413.44,10/01/2022 18:39:47,1,2,0,-120,401677413.44,169.26047,-22.9507,169.26047,-22.9507,0,3,27682,0,395,84,10033,75,23,5,,,,,,,,,,,,,,,,,,,,,,,,,,,,,
"",228001,5675,-22.92,169.41095,2,10/02/2022 18:38:16,Argos,0,348,SR,,401677431.53,10/02/2022 18:36:16,1,7,0,-125,401677431.53,169.41095,-22.92,169.41095,-22.92,50,2,343,1634,71,87,286,30,142,28,,,,,,,,,,,,,,,,,,,,,,,,,,,,,
"",228001,5675,-22.92,169.41095,2,10/02/2022 18:38:16,Argos,0,348,SR,,401677431.53,10/02/2022 18:36:52,1,7,0,-125,401677431.53,169.41095,-22.92,169.41095,-22.92,50,2,343,1634,71,87,286,73,29,5,,,,,,,,,,,,,,,,,,,,,,,,,,,,,
"",228001,5675,-22.92,169.41095,2,10/02/2022 18:38:16,Argos,0,348,SR,,401677431.53,10/02/2022 18:37:35,1,7,0,-125,401677431.53,169.41095,-22.92,169.41095,-22.92,50,2,343,1634,71,87,286,94,90,16,,,,,,,,,,,,,,,,,,,,,,,,,,,,,
"",228001,5675,-22.92,169.41095,2,10/02/2022 18:38:16,Argos,0,348,SR,,401677431.53,10/02/2022 18:39:22,2,7,0,-125,401677431.53,169.41095,-22.92,169.41095,-22.92,50,2,343,1634,71,87,286,15,1,16,,,,,,,,,,,,,,,,,,,,,,,,,,,,,
"",228001,5675,-22.92,169.41095,2,10/02/2022 18:38:16,Argos,0,348,SR,,401677431.53,10/02/2022 18:40:07,1,7,0,-125,401677431.53,169.41095,-22.92,169.41095,-22.92,50,2,343,1634,71,87,286,82,240,165,245,104,201,136,180,1,75,99,147,212,32,189,0,5,99,26,209,224,254,128,,,,,,,,,
"",228001,5675,-22.92,169.41095,2,10/02/2022 18:38:16,Argos,0,348,SR,,401677431.53,10/02/2022 18:41:46,1,7,0,-125,401677431.53,169.41095,-22.92,169.41095,-22.92,50,2,343,1634,71,87,286,76,28,5,,,,,,,,,,,,,,,,,,,,,,,,,,,,,
"",228001,5675,-22.90895,169.43398,1,10/02/2022 19:16:32,Argos,0,283,NK,,401677433.05,10/02/2022 19:15:59,1,6,0,-129,401677433.05,169.43398,-22.90895,169.43398,-22.90895,58,3,571,1034,315,70,318,95,127,16,,,,,,,,,,,,,,,,,,,,,,,,,,,,,
"",228001,5675,-22.90895,169.43398,1,10/02/2022 19:16:32,Argos,0,283,NK,,401677433.05,10/02/2022 19:16:19,1,6,0,-129,401677433.05,169.43398,-22.90895,169.43398,-22.90895,58,3,571,1034,315,70,318,108,127,0,,,,,,,,,,,,,,,,,,,,,,,,,,,,,
"",228001,5675,-22.90895,169.43398,1,10/02/2022 19:16:32,Argos,0,283,NK,,401677433.05,10/02/2022 19:16:49,2,6,0,-129,401677433.05,169.43398,-22.90895,169.43398,-22.90895,58,3,571,1034,315,70,318,15,1,16,,,,,,,,,,,,,,,,,,,,,,,,,,,,,
"",228001,5675,-22.90895,169.43398,1,10/02/2022 19:16:32,Argos,0,283,NK,,401677433.05,10/02/2022 19:17:34,1,6,0,-129,401677433.05,169.43398,-22.90895,169.43398,-22.90895,58,3,571,1034,315,70,318,30,142,28,,,,,,,,,,,,,,,,,,,,,,,,,,,,,
"",228001,5675,-22.90895,169.43398,1,10/02/2022 19:16:32,Argos,0,283,NK,,401677433.05,10/02/2022 19:18:37,1,6,0,-129,401677433.05,169.43398,-22.90895,169.43398,-22.90895,58,3,571,1034,315,70,318,42,168,32,238,238,0,238,238,238,238,238,238,224,238,238,210,167,192,238,238,14,14,238,238,238,238,238,238,238,238,159,
"",228001,5675,-22.96247,169.40904,2,10/04/2022 06:51:56,Argos,0,455,SR,,401677430.44,10/04/2022 06:47:42,1,10,0,-126,401677430.44,169.40904,-22.96247,169.40904,-22.96247,50,3,268,472,151,81,155,90,192,16,,,,,,,,,,,,,,,,,,,,,,,,,,,,,
"",228001,5675,-22.96247,169.40904,2,10/04/2022 06:51:56,Argos,0,455,SR,,401677430.44,10/04/2022 06:48:46,1,10,0,-126,401677430.44,169.40904,-22.96247,169.40904,-22.96247,50,3,268,472,151,81,155,15,96,128,,,,,,,,,,,,,,,,,,,,,,,,,,,,,
"",228001,5675,-22.96247,169.40904,2,10/04/2022 06:51:56,Argos,0,455,SR,,401677430.44,10/04/2022 06:50:56,1,10,0,-126,401677430.44,169.40904,-22.96247,169.40904,-22.96247,50,3,268,472,151,81,155,84,198,16,,,,,,,,,,,,,,,,,,,,,,,,,,,,,
"",228001,5675,-22.96247,169.40904,2,10/04/2022 06:51:56,Argos,0,455,SR,,401677430.44,10/04/2022 06:52:49,1,10,0,-126,401677430.44,169.40904,-22.96247,169.40904,-22.96247,50,3,268,472,151,81,155,75,23,5,,,,,,,,,,,,,,,,,,,,,,,,,,,,,
"",228001,5675,-22.96247,169.40904,2,10/04/2022 06:51:56,Argos,0,455,SR,,401677430.44,10/04/2022 06:53:06,1,10,0,-126,401677430.44,169.40904,-22.96247,169.40904,-22.96247,50,3,268,472,151,81,155,93,203,16,,,,,,,,,,,,,,,,,,,,,,,,,,,,,
"",228001,5675,-22.96247,169.40904,2,10/04/2022 06:51:56,Argos,0,455,SR,,401677430.44,10/04/2022 06:54:29,1,10,0,-126,401677430.44,169.40904,-22.96247,169.40904,-22.96247,50,3,268,472,151,81,155,15,1,16,,,,,,,,,,,,,,,,,,,,,,,,,,,,,
"",228001,5675,-22.96247,169.40904,2,10/04/2022 06:51:56,Argos,0,455,SR,,401677430.44,10/04/2022 06:54:46,3,10,0,-126,401677430.44,169.40904,-22.96247,169.40904,-22.96247,50,3,268,472,151,81,155,30,142,28,,,,,,,,,,,,,,,,,,,,,,,,,,,,,
"",228001,5675,-22.96247,169.40904,2,10/04/2022 06:51:56,Argos,0,455,SR,,401677430.44,10/04/2022 06:55:17,1,10,0,-126,401677430.44,169.40904,-22.96247,169.40904,-22.96247,50,3,268,472,151,81,155,90,208,16,,,,,,,,,,,,,,,,,,,,,,,,,,,,,
"",228001,5675,,,,,,,0,SR,,401650000,10/05/2022 08:00:10,1,1,0,-137,401650000,,,,,,,,,,,,96,130,0,,,,,,,,,,,,,,,,,,,,,,,,,,,,,
"",228001,5675,,,,,,,0,NP,,401650000,10/05/2022 09:54:31,1,1,0,-132,401650000,,,,,,,,,,,,90,30,17,,,,,,,,,,,,,,,,,,,,,,,,,,,,,
"",228001,5675,,,,,,,0,A1,,401650000,10/05/2022 19:05:42,1,1,0,-133,401650000,,,,,,,,,,,,108,127,0,,,,,,,,,,,,,,,,,,,,,,,,,,,,,
"",228001,5675,-23.41593,168.57028,A,10/06/2022 09:41:53,Argos,0,27,NP,,401677510,10/06/2022 09:41:40,1,2,0,-133,401677510,168.57028,-23.41593,168.57028,-23.41593,0,3,3606,29946,434,172,2049,70,240,36,,,,,,,,,,,,,,,,,,,,,,,,,,,,,
"",228001,5675,,,,,,,0,NK,,401650000,10/06/2022 09:41:40,1,1,0,-135,401650000,,,,,,,,,,,,70,240,4,,,,,,,,,,,,,,,,,,,,,,,,,,,,,
"",228001,5675,-23.41593,168.57028,A,10/06/2022 09:41:53,Argos,0,27,NP,,401677510,10/06/2022 09:42:08,1,2,0,-133,401677510,168.57028,-23.41593,168.57028,-23.41593,0,3,3606,29946,434,172,2049,86,125,17,,,,,,,,,,,,,,,,,,,,,,,,,,,,,
"",228001,5675,-23.41593,168.57028,A,10/06/2022 09:41:53,Argos,0,27,NP,,401677510,10/06/2022 09:49:35,1,2,0,-133,401677510,168.57028,-23.41593,168.57028,-23.41593,0,3,3606,29946,434,172,2049,30,142,28,,,,,,,,,,,,,,,,,,,,,,,,,,,,,
"",228001,5675,-23.38372,168.67654,B,10/06/2022 11:10:22,Argos,0,0,NN,,401677426.99,10/06/2022 11:10:23,1,1,0,-133,401677426.99,168.67654,-23.38372,168.67654,-23.38372,8,3,11473,32402,4062,63,8431,70,240,4,,,,,,,,,,,,,,,,,,,,,,,,,,,,,
"",228001,5675,-23.4625,168.56551,B,10/06/2022 12:51:29,Argos,0,0,NN,,401677420.12,10/06/2022 12:51:30,1,1,0,-133,401677420.12,168.56551,-23.4625,168.5655,-23.4625,8,3,34357,113399,10409,62,13339,30,142,28,,,,,,,,,,,,,,,,,,,,,,,,,,,,,
"",228001,5675,-23.55986,168.08566,B,10/06/2022 18:16:14,Argos,0,222,SR,,401677405.16,10/06/2022 18:14:23,1,2,0,-133,401677405.16,168.08566,-23.55986,168.08566,-23.55986,8,3,6888,193899,244,64,8203,96,130,0,,,,,,,,,,,,,,,,,,,,,,,,,,,,,
"",228001,5675,-23.55986,168.08566,B,10/06/2022 18:16:14,Argos,0,222,SR,,401677405.16,10/06/2022 18:18:05,1,2,0,-133,401677405.16,168.08566,-23.55986,168.08566,-23.55986,8,3,6888,193899,244,64,8203,15,1,80,,,,,,,,,,,,,,,,,,,,,,,,,,,,,
"",228001,5675,-23.52668,168.25865,B,10/06/2022 18:51:07,Argos,0,101,A1,,401677537.66,10/06/2022 18:50:17,1,2,0,-127,401677537.66,168.25865,-23.52668,168.25865,-23.52668,4,3,8718,86120,882,46,1615,30,142,28,,,,,,,,,,,,,,,,,,,,,,,,,,,,,
"",228001,5675,-23.52668,168.25865,B,10/06/2022 18:51:07,Argos,0,101,A1,,401677537.66,10/06/2022 18:51:58,1,2,0,-127,401677537.66,168.25865,-23.52668,168.25865,-23.52668,4,3,8718,86120,882,46,1615,89,208,57,,,,,,,,,,,,,,,,,,,,,,,,,,,,,
"",228001,5675,-23.43544,168.35387,B,10/06/2022 19:11:51,Argos,0,308,NK,,401677416.33,10/06/2022 19:09:18,1,2,0,-137,401677416.33,168.35387,-23.43544,168.35387,-23.43544,6,2,6764,47301,967,135,1261,30,142,28,,,,,,,,,,,,,,,,,,,,,,,,,,,,,
"",228001,5675,-23.43544,168.35387,B,10/06/2022 19:11:51,Argos,0,308,NK,,401677416.33,10/06/2022 19:14:26,1,2,0,-137,401677416.33,168.35387,-23.43544,168.35387,-23.43544,6,2,6764,47301,967,135,1261,76,242,4,,,,,,,,,,,,,,,,,,,,,,,,,,,,,
"",228001,5675,-23.41059,168.3319,A,10/06/2022 19:48:01,Argos,0,638,SR,,401677435.16,10/06/2022 19:46:38,1,3,0,-132,401677435.16,168.3319,-23.41059,168.3319,-23.41059,6,3,371,780,176,32,479,108,127,0,,,,,,,,,,,,,,,,,,,,,,,,,,,,,
"",228001,5675,-23.41059,168.3319,A,10/06/2022 19:48:01,Argos,0,638,SR,,401677435.16,10/06/2022 19:49:25,1,3,0,-132,401677435.16,168.3319,-23.41059,168.3319,-23.41059,6,3,371,780,176,32,479,26,142,181,,,,,,,,,,,,,,,,,,,,,,,,,,,,,
"",228001,5675,-23.41059,168.3319,A,10/06/2022 19:48:01,Argos,0,638,SR,,401677435.16,10/06/2022 19:57:16,1,3,0,-132,401677435.16,168.3319,-23.41059,168.3319,-23.41059,6,3,371,780,176,32,479,15,1,49,,,,,,,,,,,,,,,,,,,,,,,,,,,,,
"",228001,5675,-23.39457,168.3111,A,10/06/2022 21:02:53,Argos,0,109,NP,,401677439.41,10/06/2022 21:01:53,1,3,0,-125,401677439.41,168.3111,-23.39457,168.3111,-23.39457,8,3,766,3590,163,136,1082,111,129,0,,,,,,,,,,,,,,,,,,,,,,,,,,,,,
"",228001,5675,-23.39457,168.3111,A,10/06/2022 21:02:53,Argos,0,109,NP,,401677439.41,10/06/2022 21:03:06,1,3,0,-125,401677439.41,168.3111,-23.39457,168.3111,-23.39457,8,3,766,3590,163,136,1082,30,140,9,,,,,,,,,,,,,,,,,,,,,,,,,,,,,
"",228001,5675,-23.39457,168.3111,A,10/06/2022 21:02:53,Argos,0,109,NP,,401677439.41,10/06/2022 21:03:42,1,3,0,-125,401677439.41,168.3111,-23.39457,168.3111,-23.39457,8,3,766,3590,163,136,1082,68,250,4,,,,,,,,,,,,,,,,,,,,,,,,,,,,,
"",228001,5675,-23.39024,168.31327,B,10/06/2022 21:36:39,Argos,0,0,MC,,401677430.82,10/06/2022 21:36:39,1,1,0,-130,401677430.82,168.31327,-23.39024,168.31326,-23.39024,8,3,1906,2282,1590,124,2494,75,249,4,,,,,,,,,,,,,,,,,,,,,,,,,,,,,
"",228001,5675,-23.38564,168.31392,B,10/06/2022 22:29:18,Argos,0,0,NN,,401677439.98,10/06/2022 22:29:19,1,1,0,-133,401677439.98,168.31392,-23.38564,168.31392,-23.38564,8,3,2049,2189,1916,118,3792,93,20,18,,,,,,,,,,,,,,,,,,,,,,,,,,,,,
"",228001,5675,-23.38411,168.31259,B,10/06/2022 22:33:11,Argos,0,0,MB,,401677433.61,10/06/2022 22:33:12,1,1,0,-131,401677433.61,168.31259,-23.38411,168.31259,-23.38411,6,3,2138,2521,1813,36,3959,68,250,4,,,,,,,,,,,,,,,,,,,,,,,,,,,,,
"",228001,5675,-23.37459,168.26026,B,10/07/2022 00:01:32,Argos,0,484,NN,,401677435.59,10/07/2022 00:01:32,1,2,0,-137,401677435.59,168.26026,-23.37459,168.26025,-23.37459,8,3,1438,18602,111,2,3943,75,249,4,,,,,,,,,,,,,,,,,,,,,,,,,,,,,
"",228001,5675,-23.37459,168.26026,B,10/07/2022 00:01:32,Argos,0,484,NN,,401677435.59,10/07/2022 00:09:36,1,2,0,-137,401677435.59,168.26026,-23.37459,168.26025,-23.37459,8,3,1438,18602,111,2,3943,95,46,18,,,,,,,,,,,,,,,,,,,,,,,,,,,,,
"",228001,5675,-23.33649,168.18371,A,10/07/2022 05:19:04,Argos,0,53,SR,,401677440.65,10/07/2022 05:18:35,1,3,0,-137,401677440.65,168.18371,-23.33649,168.18372,-23.33649,8,3,2542,10320,626,169,4458,66,176,165,245,104,201,136,180,3,150,14,147,150,36,165,0,1,207,27,207,81,164,111,,,,,,,,,
"",228001,5675,-23.33649,168.18371,A,10/07/2022 05:19:04,Argos,0,53,SR,,401677440.65,10/07/2022 05:19:10,1,3,0,-137,401677440.65,168.18371,-23.33649,168.18372,-23.33649,8,3,2542,10320,626,169,4458,85,211,18,,,,,,,,,,,,,,,,,,,,,,,,,,,,,
"",228001,5675,-23.33649,168.18371,A,10/07/2022 05:19:04,Argos,0,53,SR,,401677440.65,10/07/2022 05:19:28,1,3,0,-137,401677440.65,168.18371,-23.33649,168.18372,-23.33649,8,3,2542,10320,626,169,4458,111,129,0,,,,,,,,,,,,,,,,,,,,,,,,,,,,,
"",228001,5675,,,,,,,0,SR,,401650000,10/10/2022 19:25:06,1,1,0,-127,401650000,,,,,,,,,,,,30,142,28,,,,,,,,,,,,,,,,,,,,,,,,,,,,,
"",228001,5675,,,,,,,0,NN,,401650000,10/12/2022 11:41:00,1,1,0,-131,401650000,,,,,,,,,,,,76,13,5,,,,,,,,,,,,,,,,,,,,,,,,,,,,,
"",228001,5675,,,,,,,0,MC,,401650000,10/12/2022 21:16:25,1,1,0,-126,401650000,,,,,,,,,,,,85,221,18,,,,,,,,,,,,,,,,,,,,,,,,,,,,,
"",228001,5675,,,,,,,0,NK,,401650000,10/12/2022 21:41:55,1,1,0,-135,401650000,,,,,,,,,,,,15,1,16,,,,,,,,,,,,,,,,,,,,,,,,,,,,,
"",228001,5675,,,,,,,0,NN,,401650000,10/13/2022 00:34:46,1,1,0,-137,401650000,,,,,,,,,,,,80,2,19,,,,,,,,,,,,,,,,,,,,,,,,,,,,,
"",228001,5675,-22.69505,167.72035,B,10/13/2022 19:40:37,Argos,0,65,NP,,401677318.93,10/13/2022 19:40:05,1,2,0,-133,401677318.93,167.72035,-22.69505,167.72035,-22.69505,0,3,6140,62641,601,87,5951,96,130,0,,,,,,,,,,,,,,,,,,,,,,,,,,,,,
"",228001,5675,,,,,,,0,NK,,401650000,10/13/2022 19:40:05,1,1,0,-132,401650000,,,,,,,,,,,,96,130,0,,,,,,,,,,,,,,,,,,,,,,,,,,,,,
"",228001,5675,-22.69505,167.72035,B,10/13/2022 19:40:37,Argos,0,65,NP,,401677318.93,10/13/2022 19:41:10,1,2,0,-133,401677318.93,167.72035,-22.69505,167.72035,-22.69505,0,3,6140,62641,601,87,5951,94,142,28,,,,,,,,,,,,,,,,,,,,,,,,,,,,,
"",228001,5675,-22.63546,167.95215,0,10/13/2022 21:11:36,Argos,0,0,NK,,401677349.13,10/13/2022 21:11:37,1,1,0,-137,401677349.13,167.95215,-22.63546,167.95215,-22.63546,45,3,9141,59227,1410,69,2133,101,131,0,,,,,,,,,,,,,,,,,,,,,,,,,,,,,
"",228001,5675,-22.63546,167.95215,0,10/13/2022 21:11:36,Argos,0,0,NK,,401677349.13,10/13/2022 21:12:16,1,1,0,-137,401677349.13,167.95215,-22.63546,167.95215,-22.63546,45,3,9141,59227,1410,69,2133,15,1,16,,,,,,,,,,,,,,,,,,,,,,,,,,,,,
"",228001,5675,-22.63546,167.95215,0,10/13/2022 21:11:36,Argos,0,0,NK,,401677349.13,10/13/2022 21:12:58,1,1,0,-137,401677349.13,167.95215,-22.63546,167.95215,-22.63546,45,3,9141,59227,1410,69,2133,30,142,28,,,,,,,,,,,,,,,,,,,,,,,,,,,,,
"",228001,5675,-22.63454,167.95441,B,10/13/2022 21:14:52,Argos,0,0,NP,,401677357.51,10/13/2022 21:14:53,1,1,0,-137,401677357.51,167.95441,-22.63454,167.9544,-22.63454,6,3,6646,25285,1747,69,2244,79,35,5,,,,,,,,,,,,,,,,,,,,,,,,,,,,,
"",228001,5675,-22.63546,167.95215,0,10/13/2022 21:11:36,Argos,0,0,NK,,401677349.13,10/13/2022 21:14:53,1,1,0,-137,401677349.13,167.95215,-22.63546,167.95215,-22.63546,45,3,9141,59227,1410,69,2133,79,37,5,,,,,,,,,,,,,,,,,,,,,,,,,,,,,
"",228001,5675,,,,,,,0,SR,,401650000,10/15/2022 18:36:53,1,1,0,-139,401650000,,,,,,,,,,,,64,18,69,,,,,,,,,,,,,,,,,,,,,,,,,,,,,
"",228001,5675,,,,,,,0,NK,,401650000,10/15/2022 20:25:13,1,1,0,-128,401650000,,,,,,,,,,,,100,134,0,,,,,,,,,,,,,,,,,,,,,,,,,,,,,
"",228001,5675,,,,,,,0,NP,,401650000,10/15/2022 20:59:31,1,1,0,-139,401650000,,,,,,,,,,,,70,30,5,,,,,,,,,,,,,,,,,,,,,,,,,,,,,
"",228001,5675,,,,,,,0,NN,,401650000,10/17/2022 10:38:31,1,1,0,-129,401650000,,,,,,,,,,,,76,28,4,,,,,,,,,,,,,,,,,,,,,,,,,,,,,
"",228001,5675,,,,,,,0,MC,,401650000,10/17/2022 11:41:48,1,1,0,-129,401650000,,,,,,,,,,,,15,1,80,,,,,,,,,,,,,,,,,,,,,,,,,,,,,
"",228001,5675,,,,,,,0,NK,,401650000,10/17/2022 21:17:14,1,1,0,-137,401650000,,,,,,,,,,,,65,251,4,,,,,,,,,,,,,,,,,,,,,,,,,,,,,
"",228001,5675,,,,,,,0,MC,,401650000,10/17/2022 21:17:14,1,1,0,-132,401650000,,,,,,,,,,,,65,251,4,,,,,,,,,,,,,,,,,,,,,,,,,,,,,
"",228001,5675,,,,,,,0,NN,,401650000,10/20/2022 11:40:16,1,1,0,-123,401650000,,,,,,,,,,,,90,163,20,,,,,,,,,,,,,,,,,,,,,,,,,,,,,
"",228001,5675,,,,,,,0,NK,,401650000,10/22/2022 08:01:49,1,1,0,-137,401650000,,,,,,,,,,,,94,183,20,,,,,,,,,,,,,,,,,,,,,,,,,,,,,
"",228001,5675,-23.3735,167.94368,B,10/22/2022 11:37:43,Argos,0,148,MC,,401677391.74,10/22/2022 11:36:30,1,2,0,-123,401677391.74,167.94368,-23.3735,167.94368,-23.3735,0,3,11706,207784,659,108,5470,74,252,4,,,,,,,,,,,,,,,,,,,,,,,,,,,,,
"",228001,5675,-23.3735,167.94368,B,10/22/2022 11:37:43,Argos,0,148,MC,,401677391.74,10/22/2022 11:38:58,1,2,0,-123,401677391.74,167.94368,-23.3735,167.94368,-23.3735,0,3,11706,207784,659,108,5470,84,202,20,,,,,,,,,,,,,,,,,,,,,,,,,,,,,
"",228001,5675,-23.35505,167.95329,B,10/23/2022 08:01:44,Argos,0,0,NP,,401677397.08,10/23/2022 08:01:44,1,1,0,-139,401677397.08,167.95329,-23.35505,167.9533,-23.35505,0,3,10934,22805,5242,110,12364,81,219,20,,,,,,,,,,,,,,,,,,,,,,,,,,,,,
"",228001,5675,-23.33983,168.0618,B,10/23/2022 09:09:23,Argos,0,0,NK,,401677386.36,10/23/2022 09:09:23,1,1,0,-131,401677386.36,168.0618,-23.33983,168.0618,-23.33983,7,3,9832,12585,7681,139,9501,88,230,20,,,,,,,,,,,,,,,,,,,,,,,,,,,,,
"",228001,5675,-23.39239,167.85773,B,10/24/2022 08:09:27,Argos,0,0,SR,,401677469.81,10/24/2022 08:09:27,1,1,0,-139,401677469.81,167.85773,-23.39239,167.85773,-23.39239,0,3,9659,18057,5166,73,13145,42,170,215,55,224,228,223,212,220,253,56,10,126,204,189,132,228,88,151,35,124,40,149,156,114,158,142,61,182,34,96,
"",228001,5675,,,,,,,0,NN,,401650000,10/26/2022 12:03:30,1,1,0,-133,401650000,,,,,,,,,,,,85,49,21,,,,,,,,,,,,,,,,,,,,,,,,,,,,,
"",228001,5675,-23.48458,168.03855,B,10/26/2022 19:23:06,Argos,0,166,SR,,401677426.18,10/26/2022 19:21:44,1,2,0,-136,401677426.18,168.03855,-23.48458,168.03854,-23.48458,0,3,15278,790436,295,51,18474,15,1,16,,,,,,,,,,,,,,,,,,,,,,,,,,,,,
"",228001,5675,-23.48458,168.03855,B,10/26/2022 19:23:06,Argos,0,166,SR,,401677426.18,10/26/2022 19:24:30,1,2,0,-136,401677426.18,168.03855,-23.48458,168.03854,-23.48458,0,3,15278,790436,295,51,18474,30,132,49,,,,,,,,,,,,,,,,,,,,,,,,,,,,,
"",228001,5675,-23.48686,168.04077,B,10/27/2022 11:53:47,Argos,0,0,NN,,401677425.45,10/27/2022 11:53:47,1,1,0,-131,401677425.45,168.04077,-23.48686,168.04077,-23.48686,0,3,13267,54189,3247,51,21004,79,253,4,,,,,,,,,,,,,,,,,,,,,,,,,,,,,
"",228001,5675,,,,,,,0,A1,,401650000,10/28/2022 19:04:52,1,1,0,-137,401650000,,,,,,,,,,,,30,142,28,,,,,,,,,,,,,,,,,,,,,,,,,,,,,
"",228001,5675,,,,,,,0,NK,,401650000,10/28/2022 19:55:17,1,1,0,-128,401650000,,,,,,,,,,,,94,121,21,,,,,,,,,,,,,,,,,,,,,,,,,,,,,
"",228001,5675,,,,,,,0,A1,,401650000,10/31/2022 18:14:25,1,1,0,-137,401650000,,,,,,,,,,,,108,127,0,,,,,,,,,,,,,,,,,,,,,,,,,,,,,
"",228001,5675,,,,,,,0,MC,,401650000,11/01/2022 11:34:56,1,1,0,-129,401650000,,,,,,,,,,,,106,128,0,,,,,,,,,,,,,,,,,,,,,,,,,,,,,
"",228001,5675,,,,,,,0,SR,,401650000,11/01/2022 18:02:03,1,1,0,-135,401650000,,,,,,,,,,,,15,3,158,,,,,,,,,,,,,,,,,,,,,,,,,,,,,
"",228001,5675,,,,,,,0,NN,,401650000,11/01/2022 23:51:36,1,1,0,-133,401650000,,,,,,,,,,,,104,236,47,,,,,,,,,,,,,,,,,,,,,,,,,,,,,
"",228001,5675,-23.40149,168.03531,B,11/02/2022 09:55:02,Argos,0,140,NK,,401677418.93,11/02/2022 09:53:52,1,2,0,-133,401677418.93,168.03531,-23.40149,168.03531,-23.40149,0,3,6791,184226,250,95,15298,15,1,16,,,,,,,,,,,,,,,,,,,,,,,,,,,,,
"",228001,5675,-23.40149,168.03531,B,11/02/2022 09:55:02,Argos,0,140,NK,,401677418.93,11/02/2022 09:56:12,1,2,0,-133,401677418.93,168.03531,-23.40149,168.03531,-23.40149,0,3,6791,184226,250,95,15298,30,142,28,,,,,,,,,,,,,,,,,,,,,,,,,,,,,
"",228001,5675,-23.40315,168.06352,B,11/02/2022 10:39:51,Argos,0,0,NN,,401650000,11/02/2022 10:39:52,1,1,0,-132,401650000,168.06352,-23.40315,168.06352,-23.40315,6,3,3511,12562,981,97,6575,30,142,31,,,,,,,,,,,,,,,,,,,,,,,,,,,,,
"",228001,5675,,,,,,,0,MC,,401650000,11/02/2022 11:08:27,1,1,0,-126,401650000,,,,,,,,,,,,81,4,22,,,,,,,,,,,,,,,,,,,,,,,,,,,,,
"",228001,5675,,,,,,,0,A1,,401650000,11/03/2022 19:01:14,1,1,0,-140,401650000,,,,,,,,,,,,14,1,16,,,,,,,,,,,,,,,,,,,,,,,,,,,,,
"",228001,5675,-23.47432,168.08526,A,11/03/2022 19:03:52,Argos,0,331,NK,,401677424.28,11/03/2022 19:01:14,1,3,0,-137,401677424.28,168.08526,-23.47432,168.08527,-23.47432,0,3,1427,2291,888,52,441,15,1,16,,,,,,,,,,,,,,,,,,,,,,,,,,,,,
"",228001,5675,-23.47432,168.08526,A,11/03/2022 19:03:52,Argos,0,331,NK,,401677424.28,11/03/2022 19:03:38,1,3,0,-137,401677424.28,168.08526,-23.47432,168.08527,-23.47432,0,3,1427,2291,888,52,441,30,142,28,,,,,,,,,,,,,,,,,,,,,,,,,,,,,
"",228001,5675,-23.47432,168.08526,A,11/03/2022 19:03:52,Argos,0,331,NK,,401677424.28,11/03/2022 19:06:45,1,3,0,-137,401677424.28,168.08526,-23.47432,168.08527,-23.47432,0,3,1427,2291,888,52,441,127,177,191,212,46,49,245,27,239,158,196,44,101,41,130,161,16,206,78,89,83,2,90,,,,,,,,,
"",228001,5675,,,,,,,0,SR,,401650000,11/05/2022 05:18:34,1,1,0,-138,401650000,,,,,,,,,,,,72,32,13,,,,,,,,,,,,,,,,,,,,,,,,,,,,,
"",228001,5675,,,,,,,0,NK,,401650000,11/05/2022 19:51:20,1,1,0,-137,401650000,,,,,,,,,,,,86,16,165,245,104,201,136,181,2,208,117,78,210,45,161,0,33,107,29,241,160,163,86,,,,,,,,,
"",228001,5675,-23.36786,168.06028,B,11/07/2022 11:24:41,Argos,0,93,NN,,401677433.77,11/07/2022 11:23:55,1,2,0,-129,401677433.77,168.06028,-23.36786,168.06029,-23.36786,0,3,44610,0,483,77,19827,30,142,28,,,,,,,,,,,,,,,,,,,,,,,,,,,,,
"",228001,5675,-23.36786,168.06028,B,11/07/2022 11:24:41,Argos,0,93,NN,,401677433.77,11/07/2022 11:25:28,1,2,0,-129,401677433.77,168.06028,-23.36786,168.06029,-23.36786,0,3,44610,0,483,77,19827,68,20,5,,,,,,,,,,,,,,,,,,,,,,,,,,,,,
"",228001,5675,-23.35077,167.81761,B,11/07/2022 19:01:56,Argos,0,183,NK,,401677415.87,11/07/2022 19:00:25,1,2,0,-130,401677415.87,167.81761,-23.35077,167.81761,-23.35077,8,2,3813,46466,312,24,4151,106,128,0,,,,,,,,,,,,,,,,,,,,,,,,,,,,,
"",228001,5675,-23.35077,167.81761,B,11/07/2022 19:01:56,Argos,0,183,NK,,401677415.87,11/07/2022 19:03:28,1,2,0,-130,401677415.87,167.81761,-23.35077,167.81761,-23.35077,8,2,3813,46466,312,24,4151,15,1,16,,,,,,,,,,,,,,,,,,,,,,,,,,,,,
"",228001,5675,-23.41477,167.86497,B,11/07/2022 19:21:51,Argos,0,0,A1,,401677454.24,11/07/2022 19:21:52,1,1,0,-135,401677454.24,167.86497,-23.41477,167.86497,-23.41477,8,2,19928,40986,9689,58,10845,105,126,0,,,,,,,,,,,,,,,,,,,,,,,,,,,,,
"",228001,5675,-23.36618,167.82291,B,11/07/2022 19:40:03,Argos,0,0,NP,,401677414.63,11/07/2022 19:40:03,1,1,0,-137,401677414.63,167.82291,-23.36618,167.8229,-23.36618,6,3,3626,11441,1149,57,10252,30,137,179,,,,,,,,,,,,,,,,,,,,,,,,,,,,,
"",228001,5675,-23.40637,167.864,B,11/07/2022 19:54:01,Argos,0,0,SR,,401677452.41,11/07/2022 19:54:02,1,1,0,-130,401677452.41,167.864,-23.40637,167.864,-23.40637,8,3,2651,3489,2013,117,7493,15,1,16,,,,,,,,,,,,,,,,,,,,,,,,,,,,,
"",228001,5675,-23.34853,167.84332,B,11/07/2022 20:44:14,Argos,0,0,NK,,401677418.76,11/07/2022 20:44:14,1,1,0,-133,401677418.76,167.84332,-23.34853,167.84332,-23.34853,8,3,2430,6846,862,78,6868,78,80,165,245,104,201,136,180,3,212,5,144,22,47,149,0,1,134,31,101,65,238,238,,,,,,,,,
"",228001,5675,-23.4775,167.76042,B,11/08/2022 05:20:24,Argos,0,0,SR,,401677464.78,11/08/2022 05:20:24,1,1,0,-138,401677464.78,167.76042,-23.4775,167.76042,-23.4775,8,3,3156,6291,1582,105,8922,15,1,16,,,,,,,,,,,,,,,,,,,,,,,,,,,,,
"",228001,5675,-23.51872,167.66282,B,11/08/2022 06:58:42,Argos,0,0,SR,,401677497.77,11/08/2022 06:58:42,1,1,0,-137,401677497.77,167.66282,-23.51872,167.66283,-23.51872,7,3,3658,7489,1786,112,9219,15,1,16,,,,,,,,,,,,,,,,,,,,,,,,,,,,,
"",228001,5675,-23.60994,167.57686,B,11/08/2022 09:09:29,Argos,0,0,NK,,401677413.06,11/08/2022 09:09:29,1,1,0,-133,401677413.06,167.57686,-23.60994,167.57686,-23.60994,8,3,3728,10257,1354,114,9357,108,127,0,,,,,,,,,,,,,,,,,,,,,,,,,,,,,
"",228001,5675,-23.6384,167.2603,B,11/08/2022 19:07:31,Argos,0,36,A1,,401677473.39,11/08/2022 19:07:14,1,2,0,-125,401677473.39,167.2603,-23.6384,167.2603,-23.6384,8,3,4121,68417,248,95,3373,15,67,235,,,,,,,,,,,,,,,,,,,,,,,,,,,,,
"",228001,5675,-23.6384,167.2603,B,11/08/2022 19:07:31,Argos,0,36,A1,,401677473.39,11/08/2022 19:07:50,1,2,0,-125,401677473.39,167.2603,-23.6384,167.2603,-23.6384,8,3,4121,68417,248,95,3373,30,142,28,,,,,,,,,,,,,,,,,,,,,,,,,,,,,
"",228001,5675,-23.63697,167.17819,B,11/08/2022 19:19:47,Argos,0,175,SR,,401677429.14,11/08/2022 19:19:47,1,2,0,-128,401677429.14,167.17819,-23.63697,167.17819,-23.63697,6,3,1336,6270,284,158,1089,15,1,16,,,,,,,,,,,,,,,,,,,,,,,,,,,,,
"",228001,5675,-23.63697,167.17819,B,11/08/2022 19:19:47,Argos,0,175,SR,,401677429.14,11/08/2022 19:22:42,1,2,0,-128,401677429.14,167.17819,-23.63697,167.17819,-23.63697,6,3,1336,6270,284,158,1089,30,142,28,,,,,,,,,,,,,,,,,,,,,,,,,,,,,
"",228001,5675,-23.71061,167.0413,B,11/09/2022 00:10:29,Argos,0,0,NN,,401677429.4,11/09/2022 00:10:30,1,1,0,-137,401677429.4,167.0413,-23.71061,167.0413,-23.71061,8,3,5113,7253,3603,85,5908,30,143,140,,,,,,,,,,,,,,,,,,,,,,,,,,,,,
"",228001,5675,-24.07526,166.47932,B,11/09/2022 18:49:09,Argos,0,0,A1,,401677390.43,11/09/2022 18:49:10,1,1,0,-135,401677390.43,166.47932,-24.07526,166.47932,-24.07526,0,3,5066,9085,2824,92,14327,83,43,25,,,,,,,,,,,,,,,,,,,,,,,,,,,,,
"",228001,5675,-24.17412,166.39595,B,11/09/2022 18:49:09,Argos,0,0,SR,,401677371.83,11/09/2022 18:49:10,1,1,0,-130,401677371.83,166.39595,-24.17412,166.39595,-24.17412,0,3,17502,88923,3444,90,13544,83,43,25,,,,,,,,,,,,,,,,,,,,,,,,,,,,,
"",228001,5675,,,,,,,0,MC,,401650000,11/14/2022 21:35:03,1,1,0,-133,401650000,,,,,,,,,,,,30,142,28,,,,,,,,,,,,,,,,,,,,,,,,,,,,,
"",228001,5675,,,,,,,0,SR,,401650000,11/21/2022 19:09:59,1,1,0,-140,401650000,,,,,,,,,,,,81,79,26,,,,,,,,,,,,,,,,,,,,,,,,,,,,,
"",228001,5675,,,,,,,0,NK,,401650000,11/21/2022 19:43:46,1,1,0,-128,401650000,,,,,,,,,,,,78,200,4,,,,,,,,,,,,,,,,,,,,,,,,,,,,,
"",228001,5675,,,,,,,0,SR,,401650000,11/22/2022 04:43:33,1,1,0,-140,401650000,,,,,,,,,,,,109,122,0,,,,,,,,,,,,,,,,,,,,,,,,,,,,,
"",228001,5675,,,,,,,0,NK,,401650000,11/22/2022 08:08:07,1,1,0,-132,401650000,,,,,,,,,,,,15,1,16,,,,,,,,,,,,,,,,,,,,,,,,,,,,,
"",228001,5675,-29.46367,165.81385,A,11/22/2022 18:41:37,Argos,0,317,SR,,401677430.44,11/22/2022 18:38:52,1,3,0,-125,401677430.44,165.81385,-29.46367,178.8089,-26.7757,40,3,2106,7023,631,82,300,30,142,28,,,,,,,,,,,,,,,,,,,,,,,,,,,,,
"",228001,5675,-29.46367,165.81385,A,11/22/2022 18:41:37,Argos,0,317,SR,,401677430.44,11/22/2022 18:41:53,1,3,0,-125,401677430.44,165.81385,-29.46367,178.8089,-26.7757,40,3,2106,7023,631,82,300,80,58,27,,,,,,,,,,,,,,,,,,,,,,,,,,,,,
"",228001,5675,-29.46367,165.81385,A,11/22/2022 18:41:37,Argos,0,317,SR,,401677430.44,11/22/2022 18:44:09,1,3,0,-125,401677430.44,165.81385,-29.46367,178.8089,-26.7757,40,3,2106,7023,631,82,300,15,1,16,,,,,,,,,,,,,,,,,,,,,,,,,,,,,
"",228001,5675,,,,,,,0,SR,,401650000,12/10/2022 05:23:44,1,1,0,-138,401650000,,,,,,,,,,,,15,1,28,,,,,,,,,,,,,,,,,,,,,,,,,,,,,
"",228001,5675,,,,,,,0,A1,,401650000,12/11/2022 06:05:16,1,1,0,-135,401650000,,,,,,,,,,,,85,121,28,,,,,,,,,,,,,,,,,,,,,,,,,,,,,
"",228001,5675,,,,,,,0,MC,,401650000,01/02/2023 21:26:43,1,1,0,-134,401650000,,,,,,,,,,,,86,16,165,245,104,201,136,244,3,86,222,18,56,70,20,69,242,118,140,118,45,254,5,,,,,,,,,
"",228001,5675,,,,,,,0,SR,,401650000,01/26/2023 05:54:52,1,1,0,-137,401650000,,,,,,,,,,,,42,199,32,238,238,238,238,238,238,238,238,238,174,238,46,15,14,243,231,57,220,7,207,30,9,81,83,157,146,245,229,
"",228001,5675,,,,,,,0,NK,,401650000,02/04/2023 19:43:56,1,1,0,-133,401650000,,,,,,,,,,,,42,200,64,238,238,238,14,238,206,238,170,107,147,181,134,254,132,27,224,168,212,192,254,188,64,104,139,118,212,239,80,
"",228001,5675,,,,,,,0,MC,,401650000,02/05/2023 21:21:58,1,1,0,-129,401650000,,,,,,,,,,,,30,142,28,,,,,,,,,,,,,,,,,,,,,,,,,,,,,
"",228001,5675,,,,,,,0,NP,,401650000,03/02/2023 10:43:46,1,1,0,-140,401650000,,,,,,,,,,,,30,142,28,,,,,,,,,,,,,,,,,,,,,,,,,,,,,
"",228001,5675,,,,,,,0,A1,,401650000,03/03/2023 05:58:52,1,1,0,-141,401650000,,,,,,,,,,,,47,1,16,,,,,,,,,,,,,,,,,,,,,,,,,,,,,
"",228001,5675,,,,,,,0,NN,,401650000,03/10/2023 23:05:37,1,1,0,-135,401650000,,,,,,,,,,,,30,142,28,,,,,,,,,,,,,,,,,,,,,,,,,,,,,
"",228001,5675,,,,,,,0,A1,,401650000,03/11/2023 18:13:22,1,1,0,-137,401650000,,,,,,,,,,,,42,205,86,0,0,0,0,0,0,0,0,0,0,0,224,164,205,55,0,0,0,0,0,0,0,16,0,0,0,14,181,
"",228001,5675,,,,,,,0,NK,,401650000,03/11/2023 18:13:22,1,1,0,-137,401650000,,,,,,,,,,,,42,205,86,0,0,0,0,0,0,8,0,0,0,0,232,172,205,23,0,0,32,2,9,128,25,0,0,0,3,14,49,
"",228001,5675,,,,,,,0,A1,,401650000,03/12/2023 06:20:29,1,1,0,-133,401650000,,,,,,,,,,,,30,142,28,,,,,,,,,,,,,,,,,,,,,,,,,,,,,
"",228001,5675,,,,,,,0,MC,,401650000,03/12/2023 11:25:08,1,1,0,-126,401650000,,,,,,,,,,,,15,1,16,,,,,,,,,,,,,,,,,,,,,,,,,,,,,
"",228001,5675,,,,,,,0,NP,,401650000,03/13/2023 08:31:26,1,1,0,-140,401650000,,,,,,,,,,,,42,205,148,0,0,0,0,0,0,0,0,0,0,238,238,62,205,118,0,0,0,0,0,0,0,0,0,15,21,59,48,
"",228001,5675,,,,,,,0,MB,,401650000,03/14/2023 22:45:55,1,1,0,-133,401650000,,,,,,,,,,,,30,142,28,,,,,,,,,,,,,,,,,,,,,,,,,,,,,
"",228001,5675,,,,,,,0,A1,,401650000,03/16/2023 06:48:12,1,1,0,-133,401650000,,,,,,,,,,,,42,205,215,0,0,0,0,0,75,217,51,111,35,12,4,72,21,128,58,163,130,34,137,62,221,72,87,165,56,67,194,
"",228001,5675,,,,,,,0,MC,,401650000,03/17/2023 11:21:18,1,1,0,-127,401650000,,,,,,,,,,,,99,108,0,,,,,,,,,,,,,,,,,,,,,,,,,,,,,
"",228001,5675,,,,,,,202,A1,,401650000,03/19/2023 05:52:21,1,2,0,-139,401650000,,,,,,,,,,,,79,253,4,,,,,,,,,,,,,,,,,,,,,,,,,,,,,
"",228001,5675,,,,,,,202,A1,,401650000,03/19/2023 05:55:43,1,2,0,-139,401650000,,,,,,,,,,,,64,161,30,,,,,,,,,,,,,,,,,,,,,,,,,,,,,
"",228001,5675,,,,,,,102,NN,,401650000,03/19/2023 11:26:50,1,5,0,-125,401650000,,,,,,,,,,,,42,206,83,0,0,0,0,0,0,0,0,0,15,46,45,234,189,204,111,237,194,236,12,201,222,13,130,216,191,82,235,
"",228001,5675,,,,,,,102,NN,,401650000,03/19/2023 11:27:20,1,5,0,-125,401650000,,,,,,,,,,,,30,142,28,,,,,,,,,,,,,,,,,,,,,,,,,,,,,
"",228001,5675,,,,,,,102,NN,,401650000,03/19/2023 11:27:46,1,5,0,-125,401650000,,,,,,,,,,,,74,18,69,,,,,,,,,,,,,,,,,,,,,,,,,,,,,
"",228001,5675,,,,,,,102,NN,,401650000,03/19/2023 11:28:12,1,5,0,-125,401650000,,,,,,,,,,,,87,36,68,,,,,,,,,,,,,,,,,,,,,,,,,,,,,
"",228001,5675,,,,,,,102,NN,,401650000,03/19/2023 11:28:32,1,5,0,-125,401650000,,,,,,,,,,,,110,119,165,,,,,,,,,,,,,,,,,,,,,,,,,,,,,
"",228001,5675,,,,,,,0,SR,,401650000,03/20/2023 18:50:38,1,1,0,-127,401650000,,,,,,,,,,,,30,142,28,,,,,,,,,,,,,,,,,,,,,,,,,,,,,
"",228001,5675,,,,,,,0,SR,,401650000,03/26/2023 19:08:21,1,1,0,-134,401650000,,,,,,,,,,,,42,207,19,17,51,107,94,201,112,85,207,99,100,50,31,13,71,114,0,3,105,240,137,116,123,36,54,93,182,100,130,
"",228001,5675,,,,,,,0,MB,,401650000,03/26/2023 21:53:57,1,1,0,-130,401650000,,,,,,,,,,,,42,207,17,0,0,0,0,0,0,0,0,14,238,238,238,46,238,178,136,160,217,29,214,183,126,207,63,91,166,32,38,
"",228001,5675,,,,,,,0,NK,,401650000,03/30/2023 10:32:55,1,1,0,-137,401650000,,,,,,,,,,,,30,142,28,,,,,,,,,,,,,,,,,,,,,,,,,,,,,
"",228001,5675,,,,,,,0,NK,,401650000,03/30/2023 20:08:25,1,1,0,-126,401650000,,,,,,,,,,,,30,142,28,,,,,,,,,,,,,,,,,,,,,,,,,,,,,
"",228001,5675,,,,,,,29,SR,,401650000,03/30/2023 20:18:09,1,2,0,-133,401650000,,,,,,,,,,,,30,142,23,,,,,,,,,,,,,,,,,,,,,,,,,,,,,
"",228001,5675,,,,,,,29,SR,,401650000,03/30/2023 20:18:39,1,2,0,-133,401650000,,,,,,,,,,,,30,142,31,,,,,,,,,,,,,,,,,,,,,,,,,,,,,
"",228001,5675,,,,,,,0,SR,,401650000,03/31/2023 05:48:47,1,1,0,-127,401650000,,,,,,,,,,,,30,142,28,,,,,,,,,,,,,,,,,,,,,,,,,,,,,
"",228001,5675,-30.55656,168.77743,1,03/31/2023 22:42:02,Argos,0,364,MC,,401677402.42,03/31/2023 22:39:07,1,4,0,-124,401677402.42,168.77743,-30.55656,168.77744,-30.55656,50,3,619,2831,135,64,570,67,241,4,,,,,,,,,,,,,,,,,,,,,,,,,,,,,
"",228001,5675,-30.55656,168.77743,1,03/31/2023 22:42:02,Argos,0,364,MC,,401677402.42,03/31/2023 22:39:40,1,4,0,-124,401677402.42,168.77743,-30.55656,168.77744,-30.55656,50,3,619,2831,135,64,570,76,129,158,,,,,,,,,,,,,,,,,,,,,,,,,,,,,
"",228001,5675,,,,,,,61,MC,,401650000,03/31/2023 22:44:10,1,2,0,-124,401650000,,,,,,,,,,,,30,142,28,,,,,,,,,,,,,,,,,,,,,,,,,,,,,
"",228001,5675,,,,,,,61,MC,,401650000,03/31/2023 22:45:11,1,2,0,-124,401650000,,,,,,,,,,,,76,242,4,,,,,,,,,,,,,,,,,,,,,,,,,,,,,
"",228001,5675,-30.55617,168.77823,B,03/31/2023 23:41:09,Argos,0,0,NN,,401677396.6,03/31/2023 23:41:09,1,1,0,-135,401677396.6,168.77823,-30.55617,168.77823,-30.55617,8,3,2275,2666,1941,87,3009,30,142,28,,,,,,,,,,,,,,,,,,,,,,,,,,,,,
"",228001,5675,,,,,,,0,MB,,401650000,04/02/2023 09:58:38,1,1,0,-135,401650000,,,,,,,,,,,,159,112,88,,,,,,,,,,,,,,,,,,,,,,,,,,,,,
"",228001,5675,-29.05813,167.95973,1,04/07/2023 19:29:49,Argos,0,225,A1,,401677392.71,04/07/2023 19:27:52,1,10,0,-129,401677392.71,167.95973,-29.05813,167.95973,-29.05813,40,3,1112,1866,663,23,96,42,208,85,0,0,0,0,0,0,0,0,0,0,0,238,10,208,55,0,0,0,0,0,0,0,0,0,0,0,14,142,
"",228001,5675,-29.04949,167.9852,0,04/07/2023 19:29:47,Argos,0,225,SR,,401677386.77,04/07/2023 19:27:52,1,11,0,-120,401677386.77,167.9852,-29.04949,167.9852,-29.04949,40,3,1668,7307,380,62,181,42,208,85,0,0,0,0,0,0,0,0,0,0,0,238,10,208,55,0,0,0,0,0,0,0,0,0,0,0,14,142,
"",228001,5675,-29.05813,167.95973,1,04/07/2023 19:29:49,Argos,0,225,A1,,401677392.71,04/07/2023 19:28:11,1,10,0,-129,401677392.71,167.95973,-29.05813,167.95973,-29.05813,40,3,1112,1866,663,23,96,42,208,151,0,0,0,0,0,0,0,0,0,0,0,14,129,208,119,0,0,0,0,0,0,0,0,0,0,0,14,117,
"",228001,5675,-29.04949,167.9852,0,04/07/2023 19:29:47,Argos,0,225,SR,,401677386.77,04/07/2023 19:28:11,1,11,0,-120,401677386.77,167.9852,-29.04949,167.9852,-29.04949,40,3,1668,7307,380,62,181,42,208,151,0,0,0,0,0,0,0,0,0,0,0,14,129,208,119,0,0,0,0,0,0,0,0,0,0,0,14,117,
"",228001,5675,-29.05813,167.95973,1,04/07/2023 19:29:49,Argos,0,225,A1,,401677392.71,04/07/2023 19:28:26,1,10,0,-129,401677392.71,167.95973,-29.05813,167.95973,-29.05813,40,3,1112,1866,663,23,96,42,208,215,0,0,0,0,0,0,0,0,0,0,0,14,122,208,175,0,0,0,0,0,0,0,14,238,238,238,238,151,
"",228001,5675,-29.04949,167.9852,0,04/07/2023 19:29:47,Argos,0,225,SR,,401677386.77,04/07/2023 19:28:26,1,11,0,-120,401677386.77,167.9852,-29.04949,167.9852,-29.04949,40,3,1668,7307,380,62,181,42,208,215,0,0,0,0,0,0,0,0,0,0,0,14,122,208,175,0,0,0,0,0,0,0,14,238,238,238,238,151,
"",228001,5675,-29.04949,167.9852,0,04/07/2023 19:29:47,Argos,0,225,SR,,401677386.77,04/07/2023 19:29:18,1,11,0,-120,401677386.77,167.9852,-29.04949,167.9852,-29.04949,40,3,1668,7307,380,62,181,76,242,4,,,,,,,,,,,,,,,,,,,,,,,,,,,,,
"",228001,5675,-29.05813,167.95973,1,04/07/2023 19:29:49,Argos,0,225,A1,,401677392.71,04/07/2023 19:30:16,1,10,0,-129,401677392.71,167.95973,-29.05813,167.95973,-29.05813,40,3,1112,1866,663,23,96,70,240,4,,,,,,,,,,,,,,,,,,,,,,,,,,,,,
"",228001,5675,-29.04949,167.9852,0,04/07/2023 19:29:47,Argos,0,225,SR,,401677386.77,04/07/2023 19:30:16,1,11,0,-120,401677386.77,167.9852,-29.04949,167.9852,-29.04949,40,3,1668,7307,380,62,181,70,240,4,,,,,,,,,,,,,,,,,,,,,,,,,,,,,
"",228001,5675,-29.05813,167.95973,1,04/07/2023 19:29:49,Argos,0,225,A1,,401677392.71,04/07/2023 19:30:33,1,10,0,-129,401677392.71,167.95973,-29.05813,167.95973,-29.05813,40,3,1112,1866,663,23,96,91,170,80,,,,,,,,,,,,,,,,,,,,,,,,,,,,,
"",228001,5675,-29.04949,167.9852,0,04/07/2023 19:29:47,Argos,0,225,SR,,401677386.77,04/07/2023 19:30:33,1,11,0,-120,401677386.77,167.9852,-29.04949,167.9852,-29.04949,40,3,1668,7307,380,62,181,91,170,80,,,,,,,,,,,,,,,,,,,,,,,,,,,,,
"",228001,5675,-29.05813,167.95973,1,04/07/2023 19:29:49,Argos,0,225,A1,,401677392.71,04/07/2023 19:31:05,3,10,0,-129,401677392.71,167.95973,-29.05813,167.95973,-29.05813,40,3,1112,1866,663,23,96,30,142,28,,,,,,,,,,,,,,,,,,,,,,,,,,,,,
"",228001,5675,-29.04949,167.9852,0,04/07/2023 19:29:47,Argos,0,225,SR,,401677386.77,04/07/2023 19:31:05,3,11,0,-120,401677386.77,167.9852,-29.04949,167.9852,-29.04949,40,3,1668,7307,380,62,181,30,142,28,,,,,,,,,,,,,,,,,,,,,,,,,,,,,
"",228001,5675,-29.05813,167.95973,1,04/07/2023 19:29:49,Argos,0,225,A1,,401677392.71,04/07/2023 19:31:21,1,10,0,-129,401677392.71,167.95973,-29.05813,167.95973,-29.05813,40,3,1112,1866,663,23,96,67,241,12,,,,,,,,,,,,,,,,,,,,,,,,,,,,,
"",228001,5675,-29.04949,167.9852,0,04/07/2023 19:29:47,Argos,0,225,SR,,401677386.77,04/07/2023 19:31:21,1,11,0,-120,401677386.77,167.9852,-29.04949,167.9852,-29.04949,40,3,1668,7307,380,62,181,67,241,4,,,,,,,,,,,,,,,,,,,,,,,,,,,,,
"",228001,5675,-29.05813,167.95973,1,04/07/2023 19:29:49,Argos,0,225,A1,,401677392.71,04/07/2023 19:31:37,1,10,0,-129,401677392.71,167.95973,-29.05813,167.95973,-29.05813,40,3,1112,1866,663,23,96,95,174,80,,,,,,,,,,,,,,,,,,,,,,,,,,,,,
"",228001,5675,-29.04949,167.9852,0,04/07/2023 19:29:47,Argos,0,225,SR,,401677386.77,04/07/2023 19:31:37,1,11,0,-120,401677386.77,167.9852,-29.04949,167.9852,-29.04949,40,3,1668,7307,380,62,181,95,174,80,,,,,,,,,,,,,,,,,,,,,,,,,,,,,
"",228001,5675,-29.25268,167.57951,0,04/12/2023 06:14:36,Argos,0,110,SR,,401677405.06,04/12/2023 06:14:33,1,5,0,-121,401677405.06,167.57951,-29.25268,167.57951,-29.25268,40,3,1924,25353,146,99,803,65,251,4,,,,,,,,,,,,,,,,,,,,,,,,,,,,,
"",228001,5675,-29.25268,167.57951,0,04/12/2023 06:14:36,Argos,0,110,SR,,401677405.06,04/12/2023 06:14:48,1,5,0,-121,401677405.06,167.57951,-29.25268,167.57951,-29.25268,40,3,1924,25353,146,99,803,89,103,90,,,,,,,,,,,,,,,,,,,,,,,,,,,,,
"",228001,5675,-29.25268,167.57951,0,04/12/2023 06:14:36,Argos,0,110,SR,,401677405.06,04/12/2023 06:15:38,3,5,0,-121,401677405.06,167.57951,-29.25268,167.57951,-29.25268,40,3,1924,25353,146,99,803,30,142,28,,,,,,,,,,,,,,,,,,,,,,,,,,,,,
"",228001,5675,-29.37767,167.44796,B,04/12/2023 20:17:34,Argos,0,0,MC,,401677458.62,04/12/2023 20:17:34,1,1,0,-129,401677458.62,167.44796,-29.37767,167.44797,-29.37767,0,3,18656,28764,12099,122,9548,30,143,20,,,,,,,,,,,,,,,,,,,,,,,,,,,,,
"",228001,5675,-29.36456,167.42447,B,04/12/2023 21:18:36,Argos,0,0,NN,,401677448.11,04/12/2023 21:18:36,1,1,0,-135,401677448.11,167.42447,-29.36456,167.42447,-29.36456,8,3,16270,23064,11477,117,9614,30,142,28,,,,,,,,,,,,,,,,,,,,,,,,,,,,,
"",228001,5675,-29.37991,167.41553,B,04/12/2023 21:52:20,Argos,0,0,MC,,401677421.67,04/12/2023 21:52:20,1,1,0,-124,401677421.67,167.41553,-29.37991,167.41553,-29.37991,8,3,14774,21548,10128,116,9748,30,142,28,,,,,,,,,,,,,,,,,,,,,,,,,,,,,
"",228001,5675,-29.46215,167.36295,B,04/13/2023 05:48:01,Argos,0,0,SR,,401677404.59,04/13/2023 05:48:01,1,1,0,-139,401677404.59,167.36295,-29.46215,167.36295,-29.46215,8,2,4102,4465,3769,89,11601,42,209,151,0,16,0,184,36,222,192,218,0,22,124,31,12,66,169,127,47,241,197,54,201,17,191,225,114,65,81,15,
"",228001,5675,-29.48466,167.33138,B,04/13/2023 21:37:59,Argos,0,0,MC,,401677413.66,04/13/2023 21:37:59,1,1,0,-125,401677413.66,167.33138,-29.48466,167.33138,-29.48466,0,3,5880,6070,5695,156,16631,42,209,151,0,0,0,2,37,63,183,184,199,140,140,164,99,82,242,249,169,180,120,192,42,0,64,217,16,128,152,74,
"",228001,5675,-29.85085,167.2425,B,04/13/2023 23:13:33,Argos,0,0,MC,,401677402.96,04/13/2023 23:13:34,1,1,0,-132,401677402.96,167.2425,-29.85085,167.2425,-29.85085,8,3,20299,42996,9583,73,13759,42,209,151,0,0,0,0,0,0,0,2,0,2,8,162,28,54,81,207,202,123,92,52,206,120,207,150,60,42,63,120,
"",228001,5675,-29.90572,167.38153,B,04/14/2023 18:52:07,Argos,0,0,A1,,401677334.19,04/14/2023 18:52:07,1,1,0,-130,401677334.19,167.38153,-29.90572,167.38153,-29.90572,0,3,86417,210961,35399,105,13770,30,142,28,,,,,,,,,,,,,,,,,,,,,,,,,,,,,
"",228001,5675,-29.91133,167.37665,B,04/14/2023 19:11:25,Argos,0,0,SR,,401677357.38,04/14/2023 19:11:26,1,1,0,-128,401677357.38,167.37665,-29.91133,167.37665,-29.91133,6,2,86887,210850,35804,106,13843,30,142,28,,,,,,,,,,,,,,,,,,,,,,,,,,,,,
"",228001,5675,-30.06608,167.37451,B,04/14/2023 20:26:26,Argos,0,0,NK,,401677384.54,04/14/2023 20:26:27,1,1,0,-129,401677384.54,167.37451,-30.06608,167.37451,-30.06608,7,2,72615,446676,11804,94,11563,72,230,4,,,,,,,,,,,,,,,,,,,,,,,,,,,,,
"",228001,5675,-29.8727,167.51721,B,04/15/2023 06:20:31,Argos,0,0,SR,,401677313.66,04/15/2023 06:20:31,1,1,0,-135,401677313.66,167.51721,-29.8727,167.51721,-29.8727,8,3,71752,323333,15922,109,11493,42,209,208,167,236,1,157,37,164,175,7,126,223,197,122,118,220,248,61,245,44,225,249,16,143,216,208,244,60,142,176,
"",228001,5675,-29.84872,167.48235,B,04/15/2023 21:35:57,Argos,0,0,NP,,401677306.03,04/15/2023 21:35:58,1,1,0,-135,401677306.03,167.48235,-29.84872,167.48235,-29.84872,0,2,18790,33874,10422,85,13149,30,142,28,,,,,,,,,,,,,,,,,,,,,,,,,,,,,
