Prog,PTT,Len,Satellite,Class,Pass,PassDate,PassTime,Latitude,Longitude,Comment,Frequency,Power,IQ,Dups,MsgDate,MsgTime,Latitude2,Longitude2,Duration,Error radius,Error Semi-major axis,Error Semi-minor axis,Error Ellipse orientation,Offset,Offset orientation,SENSOR #01,SENSOR #02,SENSOR #03,SENSOR #04,SENSOR #05,SENSOR #06,SENSOR #07,SENSOR #08,SENSOR #09,SENSOR #10,SENSOR #11,SENSOR #12,SENSOR #13,SENSOR #14,SENSOR #15,SENSOR #16,SENSOR #17,SENSOR #18,SENSOR #19,SENSOR #20,SENSOR #21,SENSOR #22,SENSOR #23,SENSOR #24,SENSOR #25,SENSOR #26,SENSOR #27,SENSOR #28,SENSOR #29,SENSOR #30,SENSOR #31,SENSOR #32
7495,253101,3,O3, ,1,05-Sep-2023,11:57:03,,,,401650000,-139,,0,05-Sep-2023,11:57:03,,,60,,,,,,,29,139,1,,,,,,,,,,,,,,,,,,,,,,,,,,,,,
7495,253101,3,O3, ,1,05-Sep-2023,11:57:03,,,,401650000,-139,,0,05-Sep-2023,11:58:03,,,60,,,,,,,67,225,4,,,,,,,,,,,,,,,,,,,,,,,,,,,,,
7495,253101,3,CS, ,2,05-Sep-2023,16:39:59,,,,401650000,-138,,0,05-Sep-2023,16:39:59,,,,,,,,,,12,1,144,,,,,,,,,,,,,,,,,,,,,,,,,,,,,
7495,253101,3,NK,3,3,06-Sep-2023,09:13:38,-22.2753,166.4428,,401677576,-123,58,0,06-Sep-2023,09:11:26,-22.2753,166.4428,354,133,175,101,56,,,76,226,4,,,,,,,,,,,,,,,,,,,,,,,,,,,,,
7495,253101,3,NK,3,3,06-Sep-2023,09:13:38,-22.2753,166.4428,,401677576,-123,58,0,06-Sep-2023,09:12:56,-22.2753,166.4428,354,133,175,101,56,,,81,201,2,,,,,,,,,,,,,,,,,,,,,,,,,,,,,
7495,253101,3,NK,3,3,06-Sep-2023,09:13:38,-22.2753,166.4428,,401677576,-123,58,0,06-Sep-2023,09:14:22,-22.2753,166.4428,354,133,175,101,56,,,100,134,0,,,,,,,,,,,,,,,,,,,,,,,,,,,,,
7495,253101,3,NK,3,3,06-Sep-2023,09:13:38,-22.2753,166.4428,,401677576,-123,58,0,06-Sep-2023,09:15:52,-22.2753,166.4428,354,133,175,101,56,,,12,1,144,,,,,,,,,,,,,,,,,,,,,,,,,,,,,
7495,253101,3,NK,3,3,06-Sep-2023,09:13:38,-22.2753,166.4428,,401677576,-123,58,1,06-Sep-2023,09:17:20,-22.2753,166.4428,354,133,175,101,56,,,27,143,28,,,,,,,,,,,,,,,,,,,,,,,,,,,,,
7495,253101,3,NP,1,4,06-Sep-2023,09:45:56,-22.2755,166.4428,,401677581,-119,60,0,06-Sep-2023,09:42:55,-21.6070,169.3684,722,501,6374,39,75,,,72,214,4,,,,,,,,,,,,,,,,,,,,,,,,,,,,,
7495,253101,3,NP,1,4,06-Sep-2023,09:45:56,-22.2755,166.4428,,401677581,-119,60,0,06-Sep-2023,09:44:27,-21.6070,169.3684,722,501,6374,39,75,,,90,222,2,,,,,,,,,,,,,,,,,,,,,,,,,,,,,
7495,253101,3,NP,1,4,06-Sep-2023,09:45:56,-22.2755,166.4428,,401677581,-119,60,0,06-Sep-2023,09:45:57,-21.6070,169.3684,722,501,6374,39,75,,,107,133,0,,,,,,,,,,,,,,,,,,,,,,,,,,,,,
7495,253101,3,NP,1,4,06-Sep-2023,09:45:56,-22.2755,166.4428,,401677581,-119,60,0,06-Sep-2023,09:48:57,-21.6070,169.3684,722,501,6374,39,75,,,27,143,28,,,,,,,,,,,,,,,,,,,,,,,,,,,,,
7495,253101,3,NP,1,4,06-Sep-2023,09:45:56,-22.2755,166.4428,,401677581,-119,60,1,06-Sep-2023,09:53:27,-21.6070,169.3684,722,501,6374,39,75,,,107,133,0,,,,,,,,,,,,,,,,,,,,,,,,,,,,,
7495,253101,3,NP,1,4,06-Sep-2023,09:45:56,-22.2755,166.4428,,401677581,-119,60,1,06-Sep-2023,09:54:57,-21.6070,169.3684,722,501,6374,39,75,,,12,1,144,,,,,,,,,,,,,,,,,,,,,,,,,,,,,
7495,253101,3,MC,3,5,06-Sep-2023,09:56:56,-22.2768,166.4370,,401677580,-123,56,0,06-Sep-2023,09:53:27,-22.2768,166.4370,539,174,320,94,83,,,107,133,0,,,,,,,,,,,,,,,,,,,,,,,,,,,,,
7495,253101,3,MC,3,5,06-Sep-2023,09:56:56,-22.2768,166.4370,,401677580,-123,56,0,06-Sep-2023,09:57:59,-22.2768,166.4370,539,174,320,94,83,,,67,209,4,,,,,,,,,,,,,,,,,,,,,,,,,,,,,
7495,253101,3,MC,3,5,06-Sep-2023,09:56:56,-22.2768,166.4370,,401677580,-123,56,0,06-Sep-2023,09:59:25,-22.2768,166.4370,539,174,320,94,83,,,84,232,2,,,,,,,,,,,,,,,,,,,,,,,,,,,,,
7495,253101,3,MC,3,5,06-Sep-2023,09:56:56,-22.2768,166.4370,,401677580,-123,56,0,06-Sep-2023,10:02:26,-22.2768,166.4370,539,174,320,94,83,,,12,1,144,,,,,,,,,,,,,,,,,,,,,,,,,,,,,
7495,253101,3,NN,A,6,06-Sep-2023,10:11:28,-22.2787,166.4367,,401677585,-132,6,0,06-Sep-2023,10:10:00,,,178,497,948,260,28,,,12,1,144,,,,,,,,,,,,,,,,,,,,,,,,,,,,,
7495,253101,3,NN,A,6,06-Sep-2023,10:11:28,-22.2787,166.4367,,401677585,-132,6,0,06-Sep-2023,10:11:28,,,178,497,948,260,28,,,27,143,28,,,,,,,,,,,,,,,,,,,,,,,,,,,,,
7495,253101,3,NN,A,6,06-Sep-2023,10:11:28,-22.2787,166.4367,,401677585,-132,6,0,06-Sep-2023,10:12:58,,,178,497,948,260,28,,,69,207,4,,,,,,,,,,,,,,,,,,,,,,,,,,,,,
7495,253101,3,MB,B,7,06-Sep-2023,10:45:55,-22.2840,166.4315,,401677588,-130,8,0,06-Sep-2023,10:45:55,-22.2840,166.4315,,1003,1357,742,56,,,81,7,3,,,,,,,,,,,,,,,,,,,,,,,,,,,,,
7495,253101,3,NP,B,8,06-Sep-2023,11:26:25,-22.2828,166.4319,,401677584,-137,8,0,06-Sep-2023,11:26:25,-22.2828,166.4319,,1211,1409,1041,66,,,43,133,0,,,,,,,,,,,,,,,,,,,,,,,,,,,,,
7495,253101,3,MC,A,9,06-Sep-2023,11:39:10,-22.2777,166.4378,,401677585,-117,6,0,06-Sep-2023,11:38:25,-22.2777,166.4378,273,290,960,87,44,,,27,143,28,,,,,,,,,,,,,,,,,,,,,,,,,,,,,
7495,253101,3,MC,A,9,06-Sep-2023,11:39:10,-22.2777,166.4378,,401677585,-117,6,0,06-Sep-2023,11:39:55,-22.2777,166.4378,273,290,960,87,44,,,79,205,4,,,,,,,,,,,,,,,,,,,,,,,,,,,,,
7495,253101,3,MC,A,9,06-Sep-2023,11:39:10,-22.2777,166.4378,,401677585,-117,6,0,06-Sep-2023,11:42:58,-22.2777,166.4378,273,290,960,87,44,,,107,133,0,,,,,,,,,,,,,,,,,,,,,,,,,,,,,
7495,253101,3,NN,3,10,06-Sep-2023,11:48:16,-22.2762,166.4394,,401677584,-121,56,0,06-Sep-2023,11:47:31,,,543,108,397,29,79,,,74,204,4,,,,,,,,,,,,,,,,,,,,,,,,,,,,,
7495,253101,3,NN,3,10,06-Sep-2023,11:48:16,-22.2762,166.4394,,401677584,-121,56,0,06-Sep-2023,11:49:01,,,543,108,397,29,79,,,95,49,3,,,,,,,,,,,,,,,,,,,,,,,,,,,,,
7495,253101,3,NN,3,10,06-Sep-2023,11:48:16,-22.2762,166.4394,,401677584,-121,56,0,06-Sep-2023,11:50:35,,,543,108,397,29,79,,,107,133,0,,,,,,,,,,,,,,,,,,,,,,,,,,,,,
7495,253101,3,NN,3,10,06-Sep-2023,11:48:16,-22.2762,166.4394,,401677584,-121,56,0,06-Sep-2023,11:52:05,,,543,108,397,29,79,,,12,1,144,,,,,,,,,,,,,,,,,,,,,,,,,,,,,
7495,253101,3,NN,3,10,06-Sep-2023,11:48:16,-22.2762,166.4394,,401677584,-121,56,0,06-Sep-2023,11:53:37,,,543,108,397,29,79,,,27,143,28,,,,,,,,,,,,,,,,,,,,,,,,,,,,,
7495,253101,3,NN,3,10,06-Sep-2023,11:48:16,-22.2762,166.4394,,401677584,-121,56,0,06-Sep-2023,11:55:07,,,543,108,397,29,79,,,75,201,4,,,,,,,,,,,,,,,,,,,,,,,,,,,,,
7495,253101,3,NN,3,10,06-Sep-2023,11:48:16,-22.2762,166.4394,,401677584,-121,56,0,06-Sep-2023,11:56:34,,,543,108,397,29,79,,,84,54,3,,,,,,,,,,,,,,,,,,,,,,,,,,,,,
7495,253101,23,O3,3,11,06-Sep-2023,12:48:58,-22.2762,166.4419,,401677585,-120,68,0,06-Sep-2023,12:44:30,-22.2762,166.4419,536,77,163,36,80,,,66,144,165,253,232,144,190,76,131,50,217,235,148,6,173,10,1,255,1,204,128,0,0,,,,,,,,,
7495,253101,3,O3,3,11,06-Sep-2023,12:48:58,-22.2762,166.4419,,401677585,-120,68,0,06-Sep-2023,12:47:29,-22.2762,166.4419,536,77,163,36,80,,,12,1,144,,,,,,,,,,,,,,,,,,,,,,,,,,,,,
7495,253101,3,O3,3,11,06-Sep-2023,12:48:58,-22.2762,166.4419,,401677585,-120,68,0,06-Sep-2023,12:48:59,-22.2762,166.4419,536,77,163,36,80,,,27,143,28,,,,,,,,,,,,,,,,,,,,,,,,,,,,,
7495,253101,3,O3,3,11,06-Sep-2023,12:48:58,-22.2762,166.4419,,401677585,-120,68,0,06-Sep-2023,12:50:27,-22.2762,166.4419,536,77,163,36,80,,,71,197,4,,,,,,,,,,,,,,,,,,,,,,,,,,,,,
7495,253101,3,O3,3,11,06-Sep-2023,12:48:58,-22.2762,166.4419,,401677585,-120,68,0,06-Sep-2023,12:51:57,-22.2762,166.4419,536,77,163,36,80,,,94,91,3,,,,,,,,,,,,,,,,,,,,,,,,,,,,,
7495,253101,3,O3,3,11,06-Sep-2023,12:48:58,-22.2762,166.4419,,401677585,-120,68,1,06-Sep-2023,12:53:26,-22.2762,166.4419,536,77,163,36,80,,,107,133,0,,,,,,,,,,,,,,,,,,,,,,,,,,,,,
7495,253101,3,NN,B,12,06-Sep-2023,13:34:08,-22.2756,166.4424,,401677585,-133,8,0,06-Sep-2023,13:34:08,-22.2756,166.4424,,911,1010,821,85,,,12,1,144,,,,,,,,,,,,,,,,,,,,,,,,,,,,,
7495,253101,3,O3,A,13,06-Sep-2023,14:27:38,-22.2772,166.4406,,401677587,-134,8,0,06-Sep-2023,14:25:10,,,266,372,1099,125,171,,,81,153,3,,,,,,,,,,,,,,,,,,,,,,,,,,,,,
7495,253101,3,O3,A,13,06-Sep-2023,14:27:38,-22.2772,166.4406,,401677587,-134,8,0,06-Sep-2023,14:28:10,,,266,372,1099,125,171,,,12,1,144,,,,,,,,,,,,,,,,,,,,,,,,,,,,,
7495,253101,3,O3,A,13,06-Sep-2023,14:27:38,-22.2772,166.4406,,401677587,-134,8,0,06-Sep-2023,14:29:36,,,266,372,1099,125,171,,,27,143,28,,,,,,,,,,,,,,,,,,,,,,,,,,,,,
7495,253101,3,NP,0,14,08-Sep-2023,20:36:15,-22.7954,166.9229,,401677595,-125,40,0,08-Sep-2023,20:33:57,-22.7954,166.9229,429,13905,56514,3421,126,,,31,143,28,,,,,,,,,,,,,,,,,,,,,,,,,,,,,
7495,253101,3,NP,0,14,08-Sep-2023,20:36:15,-22.7954,166.9229,,401677595,-125,40,0,08-Sep-2023,20:34:12,-22.7954,166.9229,429,13905,56514,3421,126,,,69,223,4,,,,,,,,,,,,,,,,,,,,,,,,,,,,,
7495,253101,3,NP,0,14,08-Sep-2023,20:36:15,-22.7954,166.9229,,401677595,-125,40,0,08-Sep-2023,20:34:55,-22.7954,166.9229,429,13905,56514,3421,126,,,110,133,0,,,,,,,,,,,,,,,,,,,,,,,,,,,,,
7495,253101,3,NP,0,14,08-Sep-2023,20:36:15,-22.7954,166.9229,,401677595,-125,40,0,08-Sep-2023,20:37:10,-22.7954,166.9229,429,13905,56514,3421,126,,,15,1,16,,,,,,,,,,,,,,,,,,,,,,,,,,,,,
7495,253101,3,NP,0,14,08-Sep-2023,20:36:15,-22.7954,166.9229,,401677595,-125,40,0,08-Sep-2023,20:41:06,-22.7954,166.9229,429,13905,56514,3421,126,,,27,143,28,,,,,,,,,,,,,,,,,,,,,,,,,,,,,
7495,253101,3,SR, ,15,08-Sep-2023,20:34:12,,,,401650000,-139,,0,08-Sep-2023,20:34:12,,,,,,,,,,69,223,6,,,,,,,,,,,,,,,,,,,,,,,,,,,,,
7495,253101,31,SR,2,16,13-Sep-2023,19:42:54,-22.2580,167.3130,,401677599,-120,56,0,13-Sep-2023,19:35:38,-22.2580,167.3130,437,255,448,145,48,,,42,229,128,238,224,238,238,238,238,238,238,238,14,224,238,46,229,96,1,37,62,25,135,30,238,238,238,238,250,63,34,
7495,253101,3,SR,2,16,13-Sep-2023,19:42:54,-22.2580,167.3130,,401677599,-120,56,0,13-Sep-2023,19:35:53,-22.2580,167.3130,437,255,448,145,48,,,100,134,0,,,,,,,,,,,,,,,,,,,,,,,,,,,,,
7495,253101,3,SR,2,16,13-Sep-2023,19:42:54,-22.2580,167.3130,,401677599,-120,56,0,13-Sep-2023,19:36:43,-22.2580,167.3130,437,255,448,145,48,,,15,1,16,,,,,,,,,,,,,,,,,,,,,,,,,,,,,
7495,253101,3,SR,2,16,13-Sep-2023,19:42:54,-22.2580,167.3130,,401677599,-120,56,0,13-Sep-2023,19:37:55,-22.2580,167.3130,437,255,448,145,48,,,27,143,28,,,,,,,,,,,,,,,,,,,,,,,,,,,,,
7495,253101,3,SR,2,16,13-Sep-2023,19:42:54,-22.2580,167.3130,,401677599,-120,56,0,13-Sep-2023,19:39:12,-22.2580,167.3130,437,255,448,145,48,,,66,244,4,,,,,,,,,,,,,,,,,,,,,,,,,,,,,
7495,253101,3,SR,2,16,13-Sep-2023,19:42:54,-22.2580,167.3130,,401677599,-120,56,0,13-Sep-2023,19:42:00,-22.2580,167.3130,437,255,448,145,48,,,91,55,5,,,,,,,,,,,,,,,,,,,,,,,,,,,,,
7495,253101,3,SR,2,16,13-Sep-2023,19:42:54,-22.2580,167.3130,,401677599,-120,56,0,13-Sep-2023,19:42:55,-22.2580,167.3130,437,255,448,145,48,,,97,135,0,,,,,,,,,,,,,,,,,,,,,,,,,,,,,
7495,253101,3,NP,A,17,13-Sep-2023,19:38:33,-22.3026,167.3079,,401677582,-135,,0,13-Sep-2023,19:37:55,-22.3026,167.3079,245,22008,97583,4963,17,,,27,143,28,,,,,,,,,,,,,,,,,,,,,,,,,,,,,
7495,253101,3,NP,A,17,13-Sep-2023,19:38:33,-22.3026,167.3079,,401677582,-135,,0,13-Sep-2023,19:39:12,-22.3026,167.3079,245,22008,97583,4963,17,,,66,244,4,,,,,,,,,,,,,,,,,,,,,,,,,,,,,
7495,253101,3,NP,A,17,13-Sep-2023,19:38:33,-22.3026,167.3079,,401677582,-135,,0,13-Sep-2023,19:42:00,-22.3026,167.3079,245,22008,97583,4963,17,,,91,55,5,,,,,,,,,,,,,,,,,,,,,,,,,,,,,
7495,253101,31,NK,B,18,14-Sep-2023,18:41:43,-22.0858,167.3930,,401677584,-133,,0,14-Sep-2023,18:41:02,-22.0858,167.3930,83,7873,59472,1042,98,,,42,229,129,37,227,225,180,108,90,169,42,14,181,86,184,17,51,98,51,253,76,251,31,6,179,46,36,173,117,65,217,
7495,253101,3,NK,B,18,14-Sep-2023,18:41:43,-22.0858,167.3930,,401677584,-133,,0,14-Sep-2023,18:42:25,-22.0858,167.3930,83,7873,59472,1042,98,,,91,88,5,,,,,,,,,,,,,,,,,,,,,,,,,,,,,
7495,253101,3,CS,B,19,14-Sep-2023,18:48:24,-22.0776,167.3487,,401677580,-126,,0,14-Sep-2023,18:48:25,-22.0776,167.3487,,10707,27986,4096,99,,,15,1,16,,,,,,,,,,,,,,,,,,,,,,,,,,,,,
7495,253101,3,SR,B,20,15-Sep-2023,18:33:53,-21.9720,167.4763,,401677596,-125,,0,15-Sep-2023,18:33:54,-21.9720,167.4763,,5622,24301,1300,96,,,27,143,28,,,,,,,,,,,,,,,,,,,,,,,,,,,,,
7495,253101,3,CS, ,21,17-Sep-2023,18:26:36,,,,401650000,-127,,0,17-Sep-2023,18:26:36,,,,,,,,,,27,143,28,,,,,,,,,,,,,,,,,,,,,,,,,,,,,
7495,253101,31,A1, ,22,18-Sep-2023,20:04:33,,,,401650000,-141,,0,18-Sep-2023,20:04:33,,,,,,,,,,42,230,0,238,238,238,238,238,238,238,238,238,238,0,238,192,229,224,238,238,224,238,238,238,238,238,238,14,14,238,58,
7495,253101,31,CS,0,23,19-Sep-2023,18:39:59,-22.0565,168.0628,,401677571,-129,40,0,19-Sep-2023,18:38:54,-22.0565,168.0628,109,11287,212679,599,108,,,42,230,64,238,238,14,224,238,238,238,238,238,238,0,237,66,228,48,153,198,197,70,204,6,40,176,156,117,240,67,154,
7495,253101,31,CS,0,23,19-Sep-2023,18:39:59,-22.0565,168.0628,,401677571,-129,40,0,19-Sep-2023,18:39:16,-22.0565,168.0628,109,11287,212679,599,108,,,42,230,0,238,238,238,238,238,238,238,238,238,238,0,238,192,229,224,238,238,224,238,238,238,238,238,238,14,14,238,58,
7495,253101,3,CS,0,23,19-Sep-2023,18:39:59,-22.0565,168.0628,,401677571,-129,40,0,19-Sep-2023,18:39:41,-22.0565,168.0628,109,11287,212679,599,108,,,15,1,16,,,,,,,,,,,,,,,,,,,,,,,,,,,,,
7495,253101,3,CS,0,23,19-Sep-2023,18:39:59,-22.0565,168.0628,,401677571,-129,40,0,19-Sep-2023,18:40:23,-22.0565,168.0628,109,11287,212679,599,108,,,27,143,28,,,,,,,,,,,,,,,,,,,,,,,,,,,,,
7495,253101,3,CS,0,23,19-Sep-2023,18:39:59,-22.0565,168.0628,,401677571,-129,40,0,19-Sep-2023,18:40:43,-22.0565,168.0628,109,11287,212679,599,108,,,65,5,5,,,,,,,,,,,,,,,,,,,,,,,,,,,,,
7495,253101,3,NP,0,24,20-Sep-2023,08:43:31,-22.2548,168.1961,,401677578,-131,50,0,20-Sep-2023,08:42:51,-22.2548,168.1961,87,12853,126141,1309,79,,,79,3,5,,,,,,,,,,,,,,,,,,,,,,,,,,,,,
7495,253101,23,NP,0,24,20-Sep-2023,08:43:31,-22.2548,168.1961,,401677578,-131,50,0,20-Sep-2023,08:43:07,-22.2548,168.1961,87,12853,126141,1309,79,,,70,144,165,253,232,144,190,81,74,34,208,81,150,11,85,8,15,254,27,208,32,255,128,,,,,,,,,
7495,253101,31,NP,0,24,20-Sep-2023,08:43:31,-22.2548,168.1961,,401677578,-131,50,0,20-Sep-2023,08:43:22,-22.2548,168.1961,87,12853,126141,1309,79,,,42,230,64,238,238,14,224,238,238,238,238,238,238,0,238,2,230,32,238,238,238,238,238,238,238,238,224,238,238,238,111,
7495,253101,31,NP,0,24,20-Sep-2023,08:43:31,-22.2548,168.1961,,401677578,-131,50,0,20-Sep-2023,08:43:37,-22.2548,168.1961,87,12853,126141,1309,79,,,42,230,0,238,238,238,238,238,238,238,238,238,238,0,238,192,229,224,238,238,224,238,238,238,238,238,238,14,14,238,58,
7495,253101,3,NP,0,24,20-Sep-2023,08:43:31,-22.2548,168.1961,,401677578,-131,50,0,20-Sep-2023,08:43:53,-22.2548,168.1961,87,12853,126141,1309,79,,,95,173,5,,,,,,,,,,,,,,,,,,,,,,,,,,,,,
7495,253101,3,NP,0,24,20-Sep-2023,08:43:31,-22.2548,168.1961,,401677578,-131,50,0,20-Sep-2023,08:44:18,-22.2548,168.1961,87,12853,126141,1309,79,,,107,133,0,,,,,,,,,,,,,,,,,,,,,,,,,,,,,
7495,253101,3,MC,B,25,20-Sep-2023,22:58:46,-22.2875,168.3121,,401677578,-121,,0,20-Sep-2023,22:58:46,-22.2875,168.3121,,16739,35932,7798,101,,,100,134,0,,,,,,,,,,,,,,,,,,,,,,,,,,,,,
7495,253101,31,MC, ,26,22-Sep-2023,09:22:33,,,,401650000,-132,,0,22-Sep-2023,09:22:33,,,,,,,,,,42,230,128,238,238,0,238,14,238,238,238,238,238,238,224,84,230,96,12,212,59,242,27,34,76,16,255,57,128,125,191,
7495,253101,31,NK, ,27,23-Sep-2023,18:10:55,,,,401650000,-137,,0,23-Sep-2023,18:10:55,,,,,,,,,,42,230,192,238,238,224,238,224,238,224,238,224,238,238,238,238,230,160,238,238,238,238,238,238,238,238,238,238,238,238,90,
7495,253101,23,A1, ,28,24-Sep-2023,06:25:21,,,,401650000,-123,,0,24-Sep-2023,06:25:21,,,,,,,,,,70,48,165,253,232,144,190,81,76,25,182,86,131,244,135,65,215,4,65,171,92,37,120,,,,,,,,,
7495,253101,23,SR, ,29,24-Sep-2023,06:25:21,,,,401650000,-129,,0,24-Sep-2023,06:25:21,,,,,,,,,,70,48,165,253,232,144,190,81,76,17,134,192,157,186,115,82,140,143,228,189,142,138,108,,,,,,,,,
7495,253101,31,SR, ,30,25-Sep-2023,18:22:57,,,,401650000,-126,,0,25-Sep-2023,18:22:57,,,,,,,,,,42,231,0,238,238,224,238,238,110,190,230,239,236,252,126,18,206,212,220,102,4,188,145,24,87,232,24,145,241,14,243,
7495,253101,23,NP,B,31,25-Sep-2023,22:20:43,-22.2946,168.1733,,401677561,-132,,0,25-Sep-2023,22:20:36,-22.2946,168.1733,16,22091,79699,6123,76,,,79,80,165,237,232,145,190,208,76,217,108,81,116,12,29,12,13,140,27,208,0,255,128,,,,,,,,,
7495,253101,31,NP,B,31,25-Sep-2023,22:20:43,-22.2946,168.1733,,401677561,-132,,0,25-Sep-2023,22:20:52,-22.2946,168.1733,16,22091,79699,6123,76,,,42,231,0,238,238,224,238,238,238,238,238,238,238,238,238,142,230,224,238,238,238,0,238,238,238,238,238,0,14,238,243,
7495,253101,23,A1,3,32,27-Sep-2023,18:38:37,-22.8467,167.3096,,401677611,-127,50,0,27-Sep-2023,18:34:17,-21.0294,176.8314,517,136,247,74,87,,,79,16,165,253,232,144,190,81,77,202,72,211,20,12,79,8,27,165,27,206,64,144,0,,,,,,,,,
7495,253101,3,A1,3,32,27-Sep-2023,18:38:37,-22.8467,167.3096,,401677611,-127,50,0,27-Sep-2023,18:35:37,-21.0294,176.8314,517,136,247,74,87,,,98,62,203,,,,,,,,,,,,,,,,,,,,,,,,,,,,,
7495,253101,3,A1,3,32,27-Sep-2023,18:38:37,-22.8467,167.3096,,401677611,-127,50,0,27-Sep-2023,18:36:26,-21.0294,176.8314,517,136,247,74,87,,,100,134,0,,,,,,,,,,,,,,,,,,,,,,,,,,,,,
7495,253101,3,A1,3,32,27-Sep-2023,18:38:37,-22.8467,167.3096,,401677611,-127,50,0,27-Sep-2023,18:36:43,-21.0294,176.8314,517,136,247,74,87,,,15,28,116,,,,,,,,,,,,,,,,,,,,,,,,,,,,,
7495,253101,3,A1,3,32,27-Sep-2023,18:38:37,-22.8467,167.3096,,401677611,-127,50,0,27-Sep-2023,18:37:19,-21.0294,176.8314,517,136,247,74,87,,,72,230,4,,,,,,,,,,,,,,,,,,,,,,,,,,,,,
7495,253101,3,A1,3,32,27-Sep-2023,18:38:37,-22.8467,167.3096,,401677611,-127,50,0,27-Sep-2023,18:37:40,-21.0294,176.8314,517,136,247,74,87,,,85,48,6,,,,,,,,,,,,,,,,,,,,,,,,,,,,,
7495,253101,3,A1,3,32,27-Sep-2023,18:38:37,-22.8467,167.3096,,401677611,-127,50,0,27-Sep-2023,18:37:55,-21.0294,176.8314,517,136,247,74,87,,,110,132,2,,,,,,,,,,,,,,,,,,,,,,,,,,,,,
7495,253101,3,A1,3,32,27-Sep-2023,18:38:37,-22.8467,167.3096,,401677611,-127,50,1,27-Sep-2023,18:39:06,-21.0294,176.8314,517,136,247,74,87,,,66,228,4,,,,,,,,,,,,,,,,,,,,,,,,,,,,,
7495,253101,3,A1,3,32,27-Sep-2023,18:38:37,-22.8467,167.3096,,401677611,-127,50,0,27-Sep-2023,18:39:27,-21.0294,176.8314,517,136,247,74,87,,,84,53,6,,,,,,,,,,,,,,,,,,,,,,,,,,,,,
7495,253101,3,A1,3,32,27-Sep-2023,18:38:37,-22.8467,167.3096,,401677611,-127,50,0,27-Sep-2023,18:40:47,-21.0294,176.8314,517,136,247,74,87,,,66,228,48,,,,,,,,,,,,,,,,,,,,,,,,,,,,,
7495,253101,3,A1,3,32,27-Sep-2023,18:38:37,-22.8467,167.3096,,401677611,-127,50,0,27-Sep-2023,18:41:04,-21.0294,176.8314,517,136,247,74,87,,,87,58,6,,,,,,,,,,,,,,,,,,,,,,,,,,,,,
7495,253101,3,A1,3,32,27-Sep-2023,18:38:37,-22.8467,167.3096,,401677611,-127,50,2,27-Sep-2023,18:41:23,-21.0294,176.8314,517,136,247,74,87,,,107,133,0,,,,,,,,,,,,,,,,,,,,,,,,,,,,,
7495,253101,3,A1,3,32,27-Sep-2023,18:38:37,-22.8467,167.3096,,401677611,-127,50,2,27-Sep-2023,18:41:44,-21.0294,176.8314,517,136,247,74,87,,,15,1,16,,,,,,,,,,,,,,,,,,,,,,,,,,,,,
7495,253101,3,A1,3,32,27-Sep-2023,18:38:37,-22.8467,167.3096,,401677611,-127,50,4,27-Sep-2023,18:42:09,-21.0294,176.8314,517,136,247,74,87,,,27,143,28,,,,,,,,,,,,,,,,,,,,,,,,,,,,,
7495,253101,3,A1,3,32,27-Sep-2023,18:38:37,-22.8467,167.3096,,401677611,-127,50,0,27-Sep-2023,18:42:38,-21.0294,176.8314,517,136,247,74,87,,,72,230,5,,,,,,,,,,,,,,,,,,,,,,,,,,,,,
7495,253101,3,A1,3,32,27-Sep-2023,18:38:37,-22.8467,167.3096,,401677611,-127,50,0,27-Sep-2023,18:42:54,-21.0294,176.8314,517,136,247,74,87,,,86,63,6,,,,,,,,,,,,,,,,,,,,,,,,,,,,,
7495,253101,23,SR,1,33,27-Sep-2023,19:03:55,-22.8453,167.2875,,401677606,-122,56,0,27-Sep-2023,18:53:33,-22.8453,167.2875,638,654,15058,28,77,,,88,176,165,253,232,144,190,81,77,203,125,23,212,12,179,8,19,251,27,206,80,144,0,,,,,,,,,
7495,253101,3,SR,1,33,27-Sep-2023,19:03:55,-22.8453,167.2875,,401677606,-122,56,0,27-Sep-2023,18:54:15,-22.8453,167.2875,638,654,15058,28,77,,,84,90,6,,,,,,,,,,,,,,,,,,,,,,,,,,,,,
7495,253101,3,SR,1,33,27-Sep-2023,19:03:55,-22.8453,167.2875,,401677606,-122,56,0,27-Sep-2023,18:54:39,-22.8453,167.2875,638,654,15058,28,77,,,111,129,0,,,,,,,,,,,,,,,,,,,,,,,,,,,,,
7495,253101,3,SR,1,33,27-Sep-2023,19:03:55,-22.8453,167.2875,,401677606,-122,56,0,27-Sep-2023,18:56:13,-22.8453,167.2875,638,654,15058,28,77,,,85,95,6,,,,,,,,,,,,,,,,,,,,,,,,,,,,,
7495,253101,3,SR,1,33,27-Sep-2023,19:03:55,-22.8453,167.2875,,401677606,-122,56,0,27-Sep-2023,18:58:39,-22.8453,167.2875,638,654,15058,28,77,,,82,100,6,,,,,,,,,,,,,,,,,,,,,,,,,,,,,
7495,253101,3,SR,1,33,27-Sep-2023,19:03:55,-22.8453,167.2875,,401677606,-122,56,1,27-Sep-2023,18:58:57,-22.8453,167.2875,638,654,15058,28,77,,,107,133,0,,,,,,,,,,,,,,,,,,,,,,,,,,,,,
7495,253101,3,SR,1,33,27-Sep-2023,19:03:55,-22.8453,167.2875,,401677606,-122,56,3,27-Sep-2023,18:59:46,-22.8453,167.2875,638,654,15058,28,77,,,27,143,28,,,,,,,,,,,,,,,,,,,,,,,,,,,,,
7495,253101,3,SR,1,33,27-Sep-2023,19:03:55,-22.8453,167.2875,,401677606,-122,56,0,27-Sep-2023,19:00:19,-22.8453,167.2875,638,654,15058,28,77,,,71,229,4,,,,,,,,,,,,,,,,,,,,,,,,,,,,,
7495,253101,3,SR,1,33,27-Sep-2023,19:03:55,-22.8453,167.2875,,401677606,-122,56,0,27-Sep-2023,19:02:05,-22.8453,167.2875,638,654,15058,28,77,,,91,105,6,,,,,,,,,,,,,,,,,,,,,,,,,,,,,
7495,253101,3,SR,1,33,27-Sep-2023,19:03:55,-22.8453,167.2875,,401677606,-122,56,0,27-Sep-2023,19:02:25,-22.8453,167.2875,638,654,15058,28,77,,,100,134,0,,,,,,,,,,,,,,,,,,,,,,,,,,,,,
7495,253101,3,SR,1,33,27-Sep-2023,19:03:55,-22.8453,167.2875,,401677606,-122,56,3,27-Sep-2023,19:02:53,-22.8453,167.2875,638,654,15058,28,77,,,15,1,16,,,,,,,,,,,,,,,,,,,,,,,,,,,,,
7495,253101,3,SR,1,33,27-Sep-2023,19:03:55,-22.8453,167.2875,,401677606,-122,56,3,27-Sep-2023,19:03:40,-22.8453,167.2875,638,654,15058,28,77,,,72,230,4,,,,,,,,,,,,,,,,,,,,,,,,,,,,,
7495,253101,3,SR,1,33,27-Sep-2023,19:03:55,-22.8453,167.2875,,401677606,-122,56,0,27-Sep-2023,19:04:11,-22.8453,167.2875,638,654,15058,28,77,,,80,110,6,,,,,,,,,,,,,,,,,,,,,,,,,,,,,
7495,253101,3,NK,B,34,27-Sep-2023,19:48:05,-22.8410,167.2904,,401677604,-124,8,0,27-Sep-2023,19:46:51,-22.8410,167.2904,148,1466,15703,136,112,,,15,33,176,,,,,,,,,,,,,,,,,,,,,,,,,,,,,
7495,253101,3,NK,B,34,27-Sep-2023,19:48:05,-22.8410,167.2904,,401677604,-124,8,0,27-Sep-2023,19:49:19,-22.8410,167.2904,148,1466,15703,136,112,,,27,143,28,,,,,,,,,,,,,,,,,,,,,,,,,,,,,
7495,253101,3,NP,3,35,27-Sep-2023,20:08:01,-22.8411,167.2809,,401677602,-129,56,0,27-Sep-2023,20:08:41,-22.8411,167.2809,485,178,212,149,160,,,95,156,6,,,,,,,,,,,,,,,,,,,,,,,,,,,,,
7495,253101,3,NP,3,35,27-Sep-2023,20:08:01,-22.8411,167.2809,,401677602,-129,56,0,27-Sep-2023,20:10:06,-22.8411,167.2809,485,178,212,149,160,,,71,229,4,,,,,,,,,,,,,,,,,,,,,,,,,,,,,
7495,253101,3,NP,3,35,27-Sep-2023,20:08:01,-22.8411,167.2809,,401677602,-129,56,0,27-Sep-2023,20:10:26,-22.8411,167.2809,485,178,212,149,160,,,86,161,6,,,,,,,,,,,,,,,,,,,,,,,,,,,,,
7495,253101,3,NP,3,35,27-Sep-2023,20:08:01,-22.8411,167.2809,,401677602,-129,56,1,27-Sep-2023,20:10:51,-22.8411,167.2809,485,178,212,149,160,,,107,133,0,,,,,,,,,,,,,,,,,,,,,,,,,,,,,
7495,253101,23,NP,3,35,27-Sep-2023,20:08:01,-22.8411,167.2809,,401677602,-129,56,0,27-Sep-2023,20:12:08,-22.8411,167.2809,485,178,212,149,160,,,90,240,165,253,232,144,190,81,77,208,230,151,22,13,73,10,11,190,27,206,96,144,0,,,,,,,,,
7495,253101,3,NP,3,35,27-Sep-2023,20:08:01,-22.8411,167.2809,,401677602,-129,56,2,27-Sep-2023,20:12:51,-22.8411,167.2809,485,178,212,149,160,,,27,143,28,,,,,,,,,,,,,,,,,,,,,,,,,,,,,
7495,253101,3,NP,3,35,27-Sep-2023,20:08:01,-22.8411,167.2809,,401677602,-129,56,1,27-Sep-2023,20:13:10,-22.8411,167.2809,485,178,212,149,160,,,72,230,4,,,,,,,,,,,,,,,,,,,,,,,,,,,,,
7495,253101,3,NP,3,35,27-Sep-2023,20:08:01,-22.8411,167.2809,,401677602,-129,56,0,27-Sep-2023,20:13:34,-22.8411,167.2809,485,178,212,149,160,,,88,167,6,,,,,,,,,,,,,,,,,,,,,,,,,,,,,
7495,253101,3,NP,3,35,27-Sep-2023,20:08:01,-22.8411,167.2809,,401677602,-129,56,0,27-Sep-2023,20:15:48,-22.8411,167.2809,485,178,212,149,160,,,98,204,24,,,,,,,,,,,,,,,,,,,,,,,,,,,,,
7495,253101,3,NP,3,35,27-Sep-2023,20:08:01,-22.8411,167.2809,,401677602,-129,56,3,27-Sep-2023,20:16:46,-22.8411,167.2809,485,178,212,149,160,,,15,1,16,,,,,,,,,,,,,,,,,,,,,,,,,,,,,
7495,253101,3,A1,2,36,27-Sep-2023,20:11:16,-22.8400,167.2823,,401677605,-134,56,0,27-Sep-2023,20:09:51,-22.8400,167.2823,223,404,812,201,164,,,27,143,28,,,,,,,,,,,,,,,,,,,,,,,,,,,,,
7495,253101,3,A1,2,36,27-Sep-2023,20:11:16,-22.8400,167.2823,,401677605,-134,56,0,27-Sep-2023,20:10:06,-22.8400,167.2823,223,404,812,201,164,,,71,229,4,,,,,,,,,,,,,,,,,,,,,,,,,,,,,
7495,253101,3,A1,2,36,27-Sep-2023,20:11:16,-22.8400,167.2823,,401677605,-134,56,0,27-Sep-2023,20:10:26,-22.8400,167.2823,223,404,812,201,164,,,86,161,6,,,,,,,,,,,,,,,,,,,,,,,,,,,,,
7495,253101,3,A1,2,36,27-Sep-2023,20:11:16,-22.8400,167.2823,,401677605,-134,56,0,27-Sep-2023,20:10:51,-22.8400,167.2823,223,404,812,201,164,,,107,133,0,,,,,,,,,,,,,,,,,,,,,,,,,,,,,
7495,253101,3,A1,2,36,27-Sep-2023,20:11:16,-22.8400,167.2823,,401677605,-134,56,1,27-Sep-2023,20:11:53,-22.8400,167.2823,223,404,812,201,164,,,15,1,16,,,,,,,,,,,,,,,,,,,,,,,,,,,,,
7495,253101,23,A1,2,36,27-Sep-2023,20:11:16,-22.8400,167.2823,,401677605,-134,56,0,27-Sep-2023,20:12:08,-22.8400,167.2823,223,404,812,201,164,,,90,240,165,253,232,144,190,81,77,208,230,151,22,13,73,10,11,190,27,206,96,144,0,,,,,,,,,
7495,253101,3,A1,2,36,27-Sep-2023,20:11:16,-22.8400,167.2823,,401677605,-134,56,0,27-Sep-2023,20:13:10,-22.8400,167.2823,223,404,812,201,164,,,72,230,4,,,,,,,,,,,,,,,,,,,,,,,,,,,,,
7495,253101,3,A1,2,36,27-Sep-2023,20:11:16,-22.8400,167.2823,,401677605,-134,56,0,27-Sep-2023,20:13:34,-22.8400,167.2823,223,404,812,201,164,,,88,167,6,,,,,,,,,,,,,,,,,,,,,,,,,,,,,
7495,253101,3,MC, ,37,27-Sep-2023,20:33:13,,,,401650000,,,0,27-Sep-2023,20:33:13,,,342,,,,,,,72,230,4,,,,,,,,,,,,,,,,,,,,,,,,,,,,,
7495,253101,3,MC, ,37,27-Sep-2023,20:33:13,,,,401650000,,,0,27-Sep-2023,20:33:47,,,342,,,,,,,94,198,6,,,,,,,,,,,,,,,,,,,,,,,,,,,,,
7495,253101,3,MC, ,37,27-Sep-2023,20:33:13,,,,401650000,,,0,27-Sep-2023,20:34:02,,,342,,,,,,,110,132,0,,,,,,,,,,,,,,,,,,,,,,,,,,,,,
7495,253101,3,MC, ,37,27-Sep-2023,20:33:13,,,,401650000,,,1,27-Sep-2023,20:35:36,,,342,,,,,,,15,1,16,,,,,,,,,,,,,,,,,,,,,,,,,,,,,
7495,253101,3,MC, ,37,27-Sep-2023,20:33:13,,,,401650000,,,1,27-Sep-2023,20:35:55,,,342,,,,,,,27,143,28,,,,,,,,,,,,,,,,,,,,,,,,,,,,,
7495,253101,3,MC, ,37,27-Sep-2023,20:33:13,,,,401650000,,,0,27-Sep-2023,20:36:17,,,342,,,,,,,78,232,4,,,,,,,,,,,,,,,,,,,,,,,,,,,,,
7495,253101,3,MC, ,37,27-Sep-2023,20:33:13,,,,401650000,,,0,27-Sep-2023,20:36:46,,,342,,,,,,,87,203,6,,,,,,,,,,,,,,,,,,,,,,,,,,,,,
7495,253101,3,MC, ,37,27-Sep-2023,20:33:13,,,,401650000,,,1,27-Sep-2023,20:37:41,,,342,,,,,,,110,132,0,,,,,,,,,,,,,,,,,,,,,,,,,,,,,
7495,253101,3,MC, ,37,27-Sep-2023,20:33:13,,,,401650000,,,2,27-Sep-2023,20:38:19,,,342,,,,,,,15,1,16,,,,,,,,,,,,,,,,,,,,,,,,,,,,,
7495,253101,3,MC, ,37,27-Sep-2023,20:33:13,,,,401650000,,,2,27-Sep-2023,20:38:55,,,342,,,,,,,27,143,28,,,,,,,,,,,,,,,,,,,,,,,,,,,,,
7495,253101,3,SR,1,38,27-Sep-2023,20:35:37,-22.8417,167.2803,,401677605,-132,56,0,27-Sep-2023,20:33:47,-22.8417,167.2803,308,586,1217,281,142,,,94,198,6,,,,,,,,,,,,,,,,,,,,,,,,,,,,,
7495,253101,3,SR,1,38,27-Sep-2023,20:35:37,-22.8417,167.2803,,401677605,-132,56,0,27-Sep-2023,20:35:36,-22.8417,167.2803,308,586,1217,281,142,,,15,1,16,,,,,,,,,,,,,,,,,,,,,,,,,,,,,
7495,253101,3,SR,1,38,27-Sep-2023,20:35:37,-22.8417,167.2803,,401677605,-132,56,0,27-Sep-2023,20:36:46,-22.8417,167.2803,308,586,1217,281,142,,,87,203,6,,,,,,,,,,,,,,,,,,,,,,,,,,,,,
7495,253101,3,SR,1,38,27-Sep-2023,20:35:37,-22.8417,167.2803,,401677605,-132,56,1,27-Sep-2023,20:37:41,-22.8417,167.2803,308,586,1217,281,142,,,110,132,0,,,,,,,,,,,,,,,,,,,,,,,,,,,,,
7495,253101,3,SR,1,38,27-Sep-2023,20:35:37,-22.8417,167.2803,,401677605,-132,56,2,27-Sep-2023,20:38:55,-22.8417,167.2803,308,586,1217,281,142,,,27,143,28,,,,,,,,,,,,,,,,,,,,,,,,,,,,,
7495,253101,3,MB,A,39,27-Sep-2023,21:22:35,-22.8460,167.2594,,401677599,-129,6,0,27-Sep-2023,21:21:57,-22.8460,167.2594,88,559,2400,130,148,,,78,232,4,,,,,,,,,,,,,,,,,,,,,,,,,,,,,
7495,253101,3,MB,A,39,27-Sep-2023,21:22:35,-22.8460,167.2594,,401677599,-129,6,0,27-Sep-2023,21:22:25,-22.8460,167.2594,88,559,2400,130,148,,,85,225,6,,,,,,,,,,,,,,,,,,,,,,,,,,,,,
7495,253101,3,MB,A,39,27-Sep-2023,21:22:35,-22.8460,167.2594,,401677599,-129,6,0,27-Sep-2023,21:23:25,-22.8460,167.2594,88,559,2400,130,148,,,100,134,0,,,,,,,,,,,,,,,,,,,,,,,,,,,,,
7495,253101,3,NK,1,40,27-Sep-2023,21:22:24,-22.8346,167.2733,,401677608,-128,58,0,27-Sep-2023,21:21:57,-22.8346,167.2733,156,612,2189,171,61,,,78,232,4,,,,,,,,,,,,,,,,,,,,,,,,,,,,,
7495,253101,3,NK,1,40,27-Sep-2023,21:22:24,-22.8346,167.2733,,401677608,-128,58,0,27-Sep-2023,21:22:25,-22.8346,167.2733,156,612,2189,171,61,,,85,225,6,,,,,,,,,,,,,,,,,,,,,,,,,,,,,
7495,253101,3,NK,1,40,27-Sep-2023,21:22:24,-22.8346,167.2733,,401677608,-128,58,0,27-Sep-2023,21:23:25,-22.8346,167.2733,156,612,2189,171,61,,,100,134,0,,,,,,,,,,,,,,,,,,,,,,,,,,,,,
7495,253101,3,NK,1,40,27-Sep-2023,21:22:24,-22.8346,167.2733,,401677608,-128,58,0,27-Sep-2023,21:24:33,-22.8346,167.2733,156,612,2189,171,61,,,15,1,16,,,,,,,,,,,,,,,,,,,,,,,,,,,,,
7495,253101,3,NP,3,41,27-Sep-2023,21:54:48,-22.8536,167.2560,,401677601,-123,58,0,27-Sep-2023,21:51:38,-22.8536,167.2560,429,182,346,95,117,,,92,252,6,,,,,,,,,,,,,,,,,,,,,,,,,,,,,
7495,253101,3,NP,3,41,27-Sep-2023,21:54:48,-22.8536,167.2560,,401677601,-123,58,0,27-Sep-2023,21:52:17,-22.8536,167.2560,429,182,346,95,117,,,101,131,12,,,,,,,,,,,,,,,,,,,,,,,,,,,,,
7495,253101,3,NP,3,41,27-Sep-2023,21:54:48,-22.8536,167.2560,,401677601,-123,58,0,27-Sep-2023,21:53:33,-22.8536,167.2560,429,182,346,95,117,,,75,233,4,,,,,,,,,,,,,,,,,,,,,,,,,,,,,
7495,253101,3,NP,3,41,27-Sep-2023,21:54:48,-22.8536,167.2560,,401677601,-123,58,0,27-Sep-2023,21:54:14,-22.8536,167.2560,429,182,346,95,117,,,83,1,7,,,,,,,,,,,,,,,,,,,,,,,,,,,,,
7495,253101,3,NP,3,41,27-Sep-2023,21:54:48,-22.8536,167.2560,,401677601,-123,58,0,27-Sep-2023,21:54:39,-22.8536,167.2560,429,182,346,95,117,,,110,132,0,,,,,,,,,,,,,,,,,,,,,,,,,,,,,
7495,253101,3,NP,3,41,27-Sep-2023,21:54:48,-22.8536,167.2560,,401677601,-123,58,1,27-Sep-2023,21:55:03,-22.8536,167.2560,429,182,346,95,117,,,15,1,16,,,,,,,,,,,,,,,,,,,,,,,,,,,,,
7495,253101,3,NP,3,41,27-Sep-2023,21:54:48,-22.8536,167.2560,,401677601,-123,58,1,27-Sep-2023,21:58:47,-22.8536,167.2560,429,182,346,95,117,,,27,143,28,,,,,,,,,,,,,,,,,,,,,,,,,,,,,
7495,253101,3,MC, ,42,27-Sep-2023,22:09:16,,,,401650000,,,0,27-Sep-2023,22:09:16,,,,,,,,,,107,133,0,,,,,,,,,,,,,,,,,,,,,,,,,,,,,
7495,253101,3,O3,B,43,28-Sep-2023,00:19:56,-22.8730,167.2425,,401677610,-121,8,0,28-Sep-2023,00:19:57,-22.8730,167.2425,,3725,6345,2186,112,,,15,1,16,,,,,,,,,,,,,,,,,,,,,,,,,,,,,
7495,253101,3,O3,B,44,28-Sep-2023,01:54:04,-22.8807,167.2395,,401677602,-135,8,0,28-Sep-2023,01:54:04,-22.8807,167.2395,,4902,6526,3680,106,,,27,143,28,,,,,,,,,,,,,,,,,,,,,,,,,,,,,
7495,253101,3,CS,A,45,28-Sep-2023,06:30:52,-22.7920,167.2128,,401677602,-130,8,0,28-Sep-2023,06:26:34,-22.7920,167.2128,703,4116,10371,1633,18,,,94,24,7,,,,,,,,,,,,,,,,,,,,,,,,,,,,,
7495,253101,31,CS,A,45,28-Sep-2023,06:30:52,-22.7920,167.2128,,401677602,-130,8,0,28-Sep-2023,06:27:46,-22.7920,167.2128,703,4116,10371,1633,18,,,42,231,64,238,207,239,171,202,18,134,24,24,120,46,163,167,191,252,13,2,77,145,247,177,41,167,49,131,61,97,176,
7495,253101,3,CS,A,45,28-Sep-2023,06:30:52,-22.7920,167.2128,,401677602,-130,8,0,28-Sep-2023,06:38:17,-22.7920,167.2128,703,4116,10371,1633,18,,,15,0,18,,,,,,,,,,,,,,,,,,,,,,,,,,,,,
7495,253101,3,A1,B,46,28-Sep-2023,06:38:16,-22.7809,167.2206,,401677589,-122,6,0,28-Sep-2023,06:38:17,-22.7809,167.2206,,3720,4910,2817,13,,,15,1,16,,,,,,,,,,,,,,,,,,,,,,,,,,,,,
7495,253101,3,NP,B,47,28-Sep-2023,20:01:37,-22.7185,167.2066,,401677568,-127,,0,28-Sep-2023,20:01:38,-22.7185,167.2066,,8472,11417,6286,127,,,72,230,4,,,,,,,,,,,,,,,,,,,,,,,,,,,,,
7495,253101,3,SR,B,48,28-Sep-2023,20:03:30,-22.6517,167.2242,,401677583,-128,6,0,28-Sep-2023,20:01:38,-22.6517,167.2242,225,2915,88802,95,105,,,72,230,4,,,,,,,,,,,,,,,,,,,,,,,,,,,,,
7495,253101,3,SR,B,48,28-Sep-2023,20:03:30,-22.6517,167.2242,,401677583,-128,6,0,28-Sep-2023,20:05:23,-22.6517,167.2242,225,2915,88802,95,105,,,80,30,7,,,,,,,,,,,,,,,,,,,,,,,,,,,,,
7495,253101,3,A1,B,49,29-Sep-2023,19:35:20,-22.6016,167.0959,Lon > 4 deviations from mean,401677564,-131,,0,29-Sep-2023,19:35:20,-22.6016,167.0959,,4923,7297,3320,137,,,101,131,0,,,,,,,,,,,,,,,,,,,,,,,,,,,,,
7495,253101,3,SR,B,50,29-Sep-2023,19:36:18,-22.7259,167.1913,,401677562,-121,,0,29-Sep-2023,19:35:20,-22.7259,167.1913,117,2588,81852,81,71,,,101,131,0,,,,,,,,,,,,,,,,,,,,,,,,,,,,,
7495,253101,23,SR,B,50,29-Sep-2023,19:36:18,-22.7259,167.1913,,401677562,-121,,0,29-Sep-2023,19:37:17,-22.7259,167.1913,117,2588,81852,81,71,,,64,48,165,253,232,144,190,81,78,206,122,147,150,14,67,12,19,67,27,205,224,255,128,,,,,,,,,
7495,253101,3,SR, ,51,01-Oct-2023,18:26:48,,,,401650000,-130,,0,01-Oct-2023,18:26:48,,,,,,,,,,65,219,4,,,,,,,,,,,,,,,,,,,,,,,,,,,,,
7495,253101,31,CS,0,52,02-Oct-2023,18:13:05,-22.9909,166.8893,,401677610,-125,40,0,02-Oct-2023,18:11:08,-22.9909,166.8893,243,3217,48175,214,95,,,42,231,192,238,238,238,238,238,238,238,238,238,8,227,27,200,119,40,58,83,177,3,253,173,55,30,208,182,61,44,253,
7495,253101,3,CS,0,52,02-Oct-2023,18:13:05,-22.9909,166.8893,,401677610,-125,40,0,02-Oct-2023,18:12:18,-22.9909,166.8893,243,3217,48175,214,95,,,79,221,4,,,,,,,,,,,,,,,,,,,,,,,,,,,,,
7495,253101,3,CS,0,52,02-Oct-2023,18:13:05,-22.9909,166.8893,,401677610,-125,40,0,02-Oct-2023,18:13:44,-22.9909,166.8893,243,3217,48175,214,95,,,15,1,16,,,,,,,,,,,,,,,,,,,,,,,,,,,,,
7495,253101,3,CS,0,52,02-Oct-2023,18:13:05,-22.9909,166.8893,,401677610,-125,40,1,02-Oct-2023,18:14:05,-22.9909,166.8893,243,3217,48175,214,95,,,27,143,28,,,,,,,,,,,,,,,,,,,,,,,,,,,,,
7495,253101,3,CS,0,52,02-Oct-2023,18:13:05,-22.9909,166.8893,,401677610,-125,40,0,02-Oct-2023,18:14:21,-22.9909,166.8893,243,3217,48175,214,95,,,69,223,4,,,,,,,,,,,,,,,,,,,,,,,,,,,,,
7495,253101,3,CS,0,52,02-Oct-2023,18:13:05,-22.9909,166.8893,,401677610,-125,40,0,02-Oct-2023,18:15:11,-22.9909,166.8893,243,3217,48175,214,95,,,110,132,0,,,,,,,,,,,,,,,,,,,,,,,,,,,,,
7495,253101,3,A1,3,53,02-Oct-2023,18:31:17,-22.9795,166.8839,,401677608,-125,56,0,02-Oct-2023,18:27:37,-22.9795,166.8839,433,187,524,66,145,,,100,134,0,,,,,,,,,,,,,,,,,,,,,,,,,,,,,
7495,253101,3,A1,3,53,02-Oct-2023,18:31:17,-22.9795,166.8839,,401677608,-125,56,0,02-Oct-2023,18:28:50,-22.9795,166.8839,433,187,524,66,145,,,69,223,5,,,,,,,,,,,,,,,,,,,,,,,,,,,,,
7495,253101,3,A1,3,53,02-Oct-2023,18:31:17,-22.9795,166.8839,,401677608,-125,56,0,02-Oct-2023,18:29:05,-22.9795,166.8839,433,187,524,66,145,,,83,94,7,,,,,,,,,,,,,,,,,,,,,,,,,,,,,
7495,253101,3,A1,3,53,02-Oct-2023,18:31:17,-22.9795,166.8839,,401677608,-125,56,1,02-Oct-2023,18:33:04,-22.9795,166.8839,433,187,524,66,145,,,27,143,28,,,,,,,,,,,,,,,,,,,,,,,,,,,,,
7495,253101,3,A1,3,53,02-Oct-2023,18:31:17,-22.9795,166.8839,,401677608,-125,56,0,02-Oct-2023,18:34:05,-22.9795,166.8839,433,187,524,66,145,,,90,27,117,,,,,,,,,,,,,,,,,,,,,,,,,,,,,
7495,253101,3,A1,3,53,02-Oct-2023,18:31:17,-22.9795,166.8839,,401677608,-125,56,0,02-Oct-2023,18:34:21,-22.9795,166.8839,433,187,524,66,145,,,107,133,0,,,,,,,,,,,,,,,,,,,,,,,,,,,,,
7495,253101,3,A1,3,53,02-Oct-2023,18:31:17,-22.9795,166.8839,,401677608,-125,56,0,02-Oct-2023,18:34:50,-22.9795,166.8839,433,187,524,66,145,,,15,1,16,,,,,,,,,,,,,,,,,,,,,,,,,,,,,
7495,253101,3,NK,1,54,03-Oct-2023,18:52:59,-22.8662,167.2605,,401677609,-129,50,0,03-Oct-2023,18:48:24,-22.8662,167.2605,505,541,1998,146,15,,,100,134,0,,,,,,,,,,,,,,,,,,,,,,,,,,,,,
7495,253101,3,NK,1,54,03-Oct-2023,18:52:59,-22.8662,167.2605,,401677609,-129,50,0,03-Oct-2023,18:55:03,-22.8662,167.2605,505,541,1998,146,15,,,27,143,28,,,,,,,,,,,,,,,,,,,,,,,,,,,,,
7495,253101,3,NK,1,54,03-Oct-2023,18:52:59,-22.8662,167.2605,,401677609,-129,50,0,03-Oct-2023,18:55:54,-22.8662,167.2605,505,541,1998,146,15,,,91,216,7,,,,,,,,,,,,,,,,,,,,,,,,,,,,,
7495,253101,3,NK,1,54,03-Oct-2023,18:52:59,-22.8662,167.2605,,401677609,-129,50,1,03-Oct-2023,18:56:49,-22.8662,167.2605,505,541,1998,146,15,,,15,1,16,,,,,,,,,,,,,,,,,,,,,,,,,,,,,
7495,253101,3,SR,1,55,03-Oct-2023,19:06:23,-22.8616,167.2579,,401677607,-123,46,0,03-Oct-2023,19:02:44,-22.8616,167.2579,669,634,930,432,46,,,67,225,4,,,,,,,,,,,,,,,,,,,,,,,,,,,,,
7495,253101,23,SR,1,55,03-Oct-2023,19:06:23,-22.8616,167.2579,,401677607,-123,46,0,03-Oct-2023,19:03:19,-22.8616,167.2579,669,634,930,432,46,,,66,208,165,253,232,144,190,81,65,204,94,87,18,15,211,10,21,250,27,206,16,255,128,,,,,,,,,
7495,253101,3,SR,1,55,03-Oct-2023,19:06:23,-22.8616,167.2579,,401677607,-123,46,0,03-Oct-2023,19:03:52,-22.8616,167.2579,669,634,930,432,46,,,81,234,7,,,,,,,,,,,,,,,,,,,,,,,,,,,,,
7495,253101,3,SR,1,55,03-Oct-2023,19:06:23,-22.8616,167.2579,,401677607,-123,46,0,03-Oct-2023,19:04:14,-22.8616,167.2579,669,634,930,432,46,,,100,134,0,,,,,,,,,,,,,,,,,,,,,,,,,,,,,
7495,253101,3,SR,1,55,03-Oct-2023,19:06:23,-22.8616,167.2579,,401677607,-123,46,0,03-Oct-2023,19:05:26,-22.8616,167.2579,669,634,930,432,46,,,27,143,28,,,,,,,,,,,,,,,,,,,,,,,,,,,,,
7495,253101,3,SR,1,55,03-Oct-2023,19:06:23,-22.8616,167.2579,,401677607,-123,46,0,03-Oct-2023,19:06:15,-22.8616,167.2579,669,634,930,432,46,,,80,239,7,,,,,,,,,,,,,,,,,,,,,,,,,,,,,
7495,253101,3,SR,1,55,03-Oct-2023,19:06:23,-22.8616,167.2579,,401677607,-123,46,0,03-Oct-2023,19:06:37,-22.8616,167.2579,669,634,930,432,46,,,110,132,0,,,,,,,,,,,,,,,,,,,,,,,,,,,,,
7495,253101,3,SR,1,55,03-Oct-2023,19:06:23,-22.8616,167.2579,,401677607,-123,46,1,03-Oct-2023,19:12:48,-22.8616,167.2579,669,634,930,432,46,,,15,1,16,,,,,,,,,,,,,,,,,,,,,,,,,,,,,
7495,253101,3,SR,1,55,03-Oct-2023,19:06:23,-22.8616,167.2579,,401677607,-123,46,0,03-Oct-2023,19:13:53,-22.8616,167.2579,669,634,930,432,46,,,87,244,7,,,,,,,,,,,,,,,,,,,,,,,,,,,,,
7495,253101,3,CS,1,56,03-Oct-2023,19:06:16,-22.8577,167.2529,,401677609,-131,50,0,03-Oct-2023,19:03:52,-22.8577,167.2529,536,631,1018,391,169,,,65,234,7,,,,,,,,,,,,,,,,,,,,,,,,,,,,,
7495,253101,3,CS,1,56,03-Oct-2023,19:06:16,-22.8577,167.2529,,401677609,-131,50,0,03-Oct-2023,19:04:14,-22.8577,167.2529,536,631,1018,391,169,,,100,134,0,,,,,,,,,,,,,,,,,,,,,,,,,,,,,
7495,253101,3,CS,1,56,03-Oct-2023,19:06:16,-22.8577,167.2529,,401677609,-131,50,0,03-Oct-2023,19:05:26,-22.8577,167.2529,536,631,1018,391,169,,,27,143,28,,,,,,,,,,,,,,,,,,,,,,,,,,,,,
7495,253101,3,CS,1,56,03-Oct-2023,19:06:16,-22.8577,167.2529,,401677609,-131,50,0,03-Oct-2023,19:06:15,-22.8577,167.2529,536,631,1018,391,169,,,80,239,7,,,,,,,,,,,,,,,,,,,,,,,,,,,,,
7495,253101,3,CS,1,56,03-Oct-2023,19:06:16,-22.8577,167.2529,,401677609,-131,50,0,03-Oct-2023,19:06:37,-22.8577,167.2529,536,631,1018,391,169,,,110,132,0,,,,,,,,,,,,,,,,,,,,,,,,,,,,,
7495,253101,3,CS,1,56,03-Oct-2023,19:06:16,-22.8577,167.2529,,401677609,-131,50,1,03-Oct-2023,19:12:48,-22.8577,167.2529,536,631,1018,391,169,,,15,1,16,,,,,,,,,,,,,,,,,,,,,,,,,,,,,
7495,253101,3,A1,2,57,03-Oct-2023,19:44:26,-22.8498,167.2633,,401677608,-131,58,0,03-Oct-2023,19:42:43,-22.8498,167.2633,215,289,540,154,13,,,73,227,4,,,,,,,,,,,,,,,,,,,,,,,,,,,,,
7495,253101,3,A1,2,57,03-Oct-2023,19:44:26,-22.8498,167.2633,,401677608,-131,58,0,03-Oct-2023,19:43:30,-22.8498,167.2633,215,289,540,154,13,,,88,19,8,,,,,,,,,,,,,,,,,,,,,,,,,,,,,
7495,253101,3,A1,2,57,03-Oct-2023,19:44:26,-22.8498,167.2633,,401677608,-131,58,0,03-Oct-2023,19:43:57,-22.8498,167.2633,215,289,540,154,13,,,110,132,0,,,,,,,,,,,,,,,,,,,,,,,,,,,,,
7495,253101,31,A1,2,57,03-Oct-2023,19:44:26,-22.8498,167.2633,,401677608,-131,58,0,03-Oct-2023,19:44:53,-22.8498,167.2633,215,289,540,154,13,,,42,232,64,238,224,238,238,238,238,238,238,238,0,238,238,155,232,32,238,14,238,238,238,238,238,238,238,238,238,238,87,
7495,253101,31,A1,2,57,03-Oct-2023,19:44:26,-22.8498,167.2633,,401677608,-131,58,0,03-Oct-2023,19:45:19,-22.8498,167.2633,215,289,540,154,13,,,42,231,192,238,238,238,236,60,189,201,14,206,231,211,219,229,20,129,2,212,122,97,75,102,243,99,135,188,46,247,60,
7495,253101,3,A1,2,57,03-Oct-2023,19:44:26,-22.8498,167.2633,,401677608,-131,58,0,03-Oct-2023,19:46:18,-22.8498,167.2633,215,289,540,154,13,,,27,143,28,,,,,,,,,,,,,,,,,,,,,,,,,,,,,
7495,253101,3,NK,3,58,03-Oct-2023,20:30:16,-22.8340,167.2546,,401677602,-124,58,0,03-Oct-2023,20:25:42,,,696,240,584,98,90,,,89,73,8,,,,,,,,,,,,,,,,,,,,,,,,,,,,,
7495,253101,3,NK,3,58,03-Oct-2023,20:30:16,-22.8340,167.2546,,401677602,-124,58,0,03-Oct-2023,20:26:23,,,696,240,584,98,90,,,100,134,0,,,,,,,,,,,,,,,,,,,,,,,,,,,,,
7495,253101,3,NK,3,58,03-Oct-2023,20:30:16,-22.8340,167.2546,,401677602,-124,58,0,03-Oct-2023,20:26:58,,,696,240,584,98,90,,,15,1,16,,,,,,,,,,,,,,,,,,,,,,,,,,,,,
7495,253101,3,NK,3,58,03-Oct-2023,20:30:16,-22.8340,167.2546,,401677602,-124,58,0,03-Oct-2023,20:27:16,,,696,240,584,98,90,,,27,143,29,,,,,,,,,,,,,,,,,,,,,,,,,,,,,
7495,253101,23,NK,3,58,03-Oct-2023,20:30:16,-22.8340,167.2546,,401677602,-124,58,0,03-Oct-2023,20:29:02,,,696,240,584,98,90,,,91,176,165,253,232,144,190,81,65,209,250,23,212,16,155,14,17,192,27,206,64,255,128,,,,,,,,,
7495,253101,31,NK,3,58,03-Oct-2023,20:30:16,-22.8340,167.2546,,401677602,-124,58,0,03-Oct-2023,20:29:20,,,696,240,584,98,90,,,42,232,64,238,224,238,238,238,238,238,238,238,0,238,238,137,88,171,165,141,199,225,101,254,220,31,129,247,182,162,26,
7495,253101,3,NK,3,58,03-Oct-2023,20:30:16,-22.8340,167.2546,,401677602,-124,58,0,03-Oct-2023,20:31:50,,,696,240,584,98,90,,,76,226,4,,,,,,,,,,,,,,,,,,,,,,,,,,,,,
7495,253101,3,NK,3,58,03-Oct-2023,20:30:16,-22.8340,167.2546,,401677602,-124,58,0,03-Oct-2023,20:32:30,,,696,240,584,98,90,,,101,131,0,,,,,,,,,,,,,,,,,,,,,,,,,,,,,
7495,253101,3,NK,3,58,03-Oct-2023,20:30:16,-22.8340,167.2546,,401677602,-124,58,0,03-Oct-2023,20:36:29,,,696,240,584,98,90,,,27,143,28,,,,,,,,,,,,,,,,,,,,,,,,,,,,,
7495,253101,3,NK,3,58,03-Oct-2023,20:30:16,-22.8340,167.2546,,401677602,-124,58,0,03-Oct-2023,20:37:18,,,696,240,584,98,90,,,66,228,4,,,,,,,,,,,,,,,,,,,,,,,,,,,,,
7495,253101,3,NP,2,59,03-Oct-2023,20:44:09,-22.8295,167.2623,,401677603,-127,58,0,03-Oct-2023,20:37:18,-22.8295,167.2623,473,318,478,212,96,,,66,228,4,,,,,,,,,,,,,,,,,,,,,,,,,,,,,
7495,253101,3,NP,2,59,03-Oct-2023,20:44:09,-22.8295,167.2623,,401677603,-127,58,0,03-Oct-2023,20:40:32,-22.8295,167.2623,473,318,478,212,96,,,71,229,4,,,,,,,,,,,,,,,,,,,,,,,,,,,,,
7495,253101,3,NP,2,59,03-Oct-2023,20:44:09,-22.8295,167.2623,,401677603,-127,58,0,03-Oct-2023,20:40:47,-22.8295,167.2623,473,318,478,212,96,,,83,91,8,,,,,,,,,,,,,,,,,,,,,,,,,,,,,
7495,253101,3,NP,2,59,03-Oct-2023,20:44:09,-22.8295,167.2623,,401677603,-127,58,0,03-Oct-2023,20:41:02,-22.8295,167.2623,473,318,478,212,96,,,100,134,0,,,,,,,,,,,,,,,,,,,,,,,,,,,,,
7495,253101,3,NP,2,59,03-Oct-2023,20:44:09,-22.8295,167.2623,,401677603,-127,58,0,03-Oct-2023,20:42:54,-22.8295,167.2623,473,318,478,212,96,,,73,227,4,,,,,,,,,,,,,,,,,,,,,,,,,,,,,
7495,253101,3,NP,2,59,03-Oct-2023,20:44:09,-22.8295,167.2623,,401677603,-127,58,1,03-Oct-2023,20:43:55,-22.8295,167.2623,473,318,478,212,96,,,107,133,0,,,,,,,,,,,,,,,,,,,,,,,,,,,,,
7495,253101,3,NP,2,59,03-Oct-2023,20:44:09,-22.8295,167.2623,,401677603,-127,58,2,03-Oct-2023,20:44:38,-22.8295,167.2623,473,318,478,212,96,,,15,1,16,,,,,,,,,,,,,,,,,,,,,,,,,,,,,
7495,253101,3,NP,2,59,03-Oct-2023,20:44:09,-22.8295,167.2623,,401677603,-127,58,3,03-Oct-2023,20:45:11,-22.8295,167.2623,473,318,478,212,96,,,27,143,28,,,,,,,,,,,,,,,,,,,,,,,,,,,,,
7495,253101,3,SR,B,60,03-Oct-2023,20:45:10,-22.8293,167.2622,,401677604,-137,6,0,03-Oct-2023,20:45:11,-22.8293,167.2622,,794,900,699,92,,,27,143,28,,,,,,,,,,,,,,,,,,,,,,,,,,,,,
7495,253101,3,NP,B,61,03-Oct-2023,22:24:48,-22.8170,167.2510,,401677606,-134,8,0,03-Oct-2023,22:24:48,-22.8170,167.2510,,6891,7551,6287,79,,,76,226,4,,,,,,,,,,,,,,,,,,,,,,,,,,,,,
7495,253101,3,MC,B,62,03-Oct-2023,23:29:31,-22.8105,167.2527,,401677594,-129,8,0,03-Oct-2023,23:29:31,,,,8952,11181,7166,132,,,90,118,8,,,,,,,,,,,,,,,,,,,,,,,,,,,,,
7495,253101,3,NN,A,63,04-Oct-2023,00:15:41,-22.8302,167.3091,,401677602,-130,8,0,04-Oct-2023,00:15:41,,,564,501,1206,207,10,,,97,135,0,,,,,,,,,,,,,,,,,,,,,,,,,,,,,
7495,253101,3,NN,A,63,04-Oct-2023,00:15:41,-22.8302,167.3091,,401677602,-130,8,0,04-Oct-2023,00:22:43,,,564,501,1206,207,10,,,72,230,4,,,,,,,,,,,,,,,,,,,,,,,,,,,,,
7495,253101,3,NN,A,63,04-Oct-2023,00:15:41,-22.8302,167.3091,,401677602,-130,8,0,04-Oct-2023,00:25:05,,,564,501,1206,207,10,,,91,130,8,,,,,,,,,,,,,,,,,,,,,,,,,,,,,
7495,253101,3,O3,0,64,04-Oct-2023,00:41:38,-22.8374,167.3262,,401677602,-121,46,0,04-Oct-2023,00:36:01,-22.8374,167.3262,717,1809,13278,246,105,,,72,230,68,,,,,,,,,,,,,,,,,,,,,,,,,,,,,
7495,253101,3,O3,0,64,04-Oct-2023,00:41:38,-22.8374,167.3262,,401677602,-121,46,0,04-Oct-2023,00:38:55,-22.8374,167.3262,717,1809,13278,246,105,,,90,135,8,,,,,,,,,,,,,,,,,,,,,,,,,,,,,
7495,253101,3,O3,0,64,04-Oct-2023,00:41:38,-22.8374,167.3262,,401677602,-121,46,0,04-Oct-2023,00:41:10,-22.8374,167.3262,717,1809,13278,246,105,,,100,134,0,,,,,,,,,,,,,,,,,,,,,,,,,,,,,
7495,253101,3,O3,0,64,04-Oct-2023,00:41:38,-22.8374,167.3262,,401677602,-121,46,0,04-Oct-2023,00:44:06,-22.8374,167.3262,717,1809,13278,246,105,,,15,1,16,,,,,,,,,,,,,,,,,,,,,,,,,,,,,
7495,253101,31,O3,0,64,04-Oct-2023,00:41:38,-22.8374,167.3262,,401677602,-121,46,0,04-Oct-2023,00:47:58,-22.8374,167.3262,717,1809,13278,246,105,,,42,232,64,238,224,238,238,238,238,238,238,238,0,238,238,155,232,32,238,15,254,126,1,107,101,35,36,13,151,226,228,
7495,253101,3,CS,B,65,04-Oct-2023,05:41:04,-22.8442,167.4016,,401677586,-136,8,0,04-Oct-2023,05:41:04,,,,16907,18506,15445,107,,,66,228,4,,,,,,,,,,,,,,,,,,,,,,,,,,,,,
7495,253101,3,A1,B,66,04-Oct-2023,19:28:25,-22.8396,167.4082,,401677592,-137,,0,04-Oct-2023,19:28:25,-22.8396,167.4082,,27966,30863,25339,115,,,90,248,8,,,,,,,,,,,,,,,,,,,,,,,,,,,,,
7495,253101,23,SR,1,67,04-Oct-2023,20:18:24,-22.8499,167.2608,,401677617,-127,46,0,04-Oct-2023,20:15:25,-22.8499,167.2608,335,1172,2803,489,16,,,64,240,165,253,232,144,190,81,66,81,33,153,20,17,249,10,1,255,27,205,208,255,128,,,,,,,,,
7495,253101,3,SR,1,67,04-Oct-2023,20:18:24,-22.8499,167.2608,,401677617,-127,46,0,04-Oct-2023,20:15:42,-22.8499,167.2608,335,1172,2803,489,16,,,64,222,4,,,,,,,,,,,,,,,,,,,,,,,,,,,,,
7495,253101,3,SR,1,67,04-Oct-2023,20:18:24,-22.8499,167.2608,,401677617,-127,46,0,04-Oct-2023,20:16:11,-22.8499,167.2608,335,1172,2803,489,16,,,84,254,8,,,,,,,,,,,,,,,,,,,,,,,,,,,,,
7495,253101,3,SR,1,67,04-Oct-2023,20:18:24,-22.8499,167.2608,,401677617,-127,46,1,04-Oct-2023,20:17:39,-22.8499,167.2608,335,1172,2803,489,16,,,27,143,28,,,,,,,,,,,,,,,,,,,,,,,,,,,,,
7495,253101,3,SR,1,67,04-Oct-2023,20:18:24,-22.8499,167.2608,,401677617,-127,46,0,04-Oct-2023,20:18:10,-22.8499,167.2608,335,1172,2803,489,16,,,91,3,9,,,,,,,,,,,,,,,,,,,,,,,,,,,,,
7495,253101,3,SR,1,67,04-Oct-2023,20:18:24,-22.8499,167.2608,,401677617,-127,46,1,04-Oct-2023,20:18:28,-22.8499,167.2608,335,1172,2803,489,16,,,107,133,0,,,,,,,,,,,,,,,,,,,,,,,,,,,,,
7495,253101,3,SR,1,67,04-Oct-2023,20:18:24,-22.8499,167.2608,,401677617,-127,46,2,04-Oct-2023,20:18:43,-22.8499,167.2608,335,1172,2803,489,16,,,15,1,16,,,,,,,,,,,,,,,,,,,,,,,,,,,,,
7495,253101,3,SR,1,67,04-Oct-2023,20:18:24,-22.8499,167.2608,,401677617,-127,46,0,04-Oct-2023,20:19:13,-22.8499,167.2608,335,1172,2803,489,16,,,70,224,4,,,,,,,,,,,,,,,,,,,,,,,,,,,,,
7495,253101,3,SR,1,67,04-Oct-2023,20:18:24,-22.8499,167.2608,,401677617,-127,46,0,04-Oct-2023,20:19:31,-22.8499,167.2608,335,1172,2803,489,16,,,92,8,9,,,,,,,,,,,,,,,,,,,,,,,,,,,,,
7495,253101,3,SR,1,67,04-Oct-2023,20:18:24,-22.8499,167.2608,,401677617,-127,46,0,04-Oct-2023,20:19:57,-22.8499,167.2608,335,1172,2803,489,16,,,110,132,0,,,,,,,,,,,,,,,,,,,,,,,,,,,,,
7495,253101,3,SR,1,67,04-Oct-2023,20:18:24,-22.8499,167.2608,,401677617,-127,46,0,04-Oct-2023,20:21:00,-22.8499,167.2608,335,1172,2803,489,16,,,67,225,4,,,,,,,,,,,,,,,,,,,,,,,,,,,,,
7495,253101,3,NP,3,68,04-Oct-2023,20:32:45,-22.8464,167.2744,,401677610,-127,56,0,04-Oct-2023,20:21:45,-22.8464,167.2744,689,169,248,114,54,,,93,13,9,,,,,,,,,,,,,,,,,,,,,,,,,,,,,
7495,253101,3,NP,3,68,04-Oct-2023,20:32:45,-22.8464,167.2744,,401677610,-127,56,0,04-Oct-2023,20:24:15,-22.8464,167.2744,689,169,248,114,54,,,94,18,9,,,,,,,,,,,,,,,,,,,,,,,,,,,,,
7495,253101,23,NP,3,68,04-Oct-2023,20:32:45,-22.8464,167.2744,,401677610,-127,56,0,04-Oct-2023,20:25:13,-22.8464,167.2744,689,169,248,114,54,,,78,112,165,253,232,144,190,81,66,81,189,148,84,18,43,10,1,182,27,206,48,255,128,,,,,,,,,
7495,253101,3,NP,3,68,04-Oct-2023,20:32:45,-22.8464,167.2744,,401677610,-127,56,0,04-Oct-2023,20:25:57,-22.8464,167.2744,689,169,248,114,54,,,73,227,4,,,,,,,,,,,,,,,,,,,,,,,,,,,,,
7495,253101,3,NP,3,68,04-Oct-2023,20:32:45,-22.8464,167.2744,,401677610,-127,56,0,04-Oct-2023,20:27:47,-22.8464,167.2744,689,169,248,114,54,,,92,24,9,,,,,,,,,,,,,,,,,,,,,,,,,,,,,
7495,253101,3,NP,3,68,04-Oct-2023,20:32:45,-22.8464,167.2744,,401677610,-127,56,0,04-Oct-2023,20:28:08,-22.8464,167.2744,689,169,248,114,54,,,100,134,0,,,,,,,,,,,,,,,,,,,,,,,,,,,,,
7495,253101,3,NP,3,68,04-Oct-2023,20:32:45,-22.8464,167.2744,,401677610,-127,56,0,04-Oct-2023,20:30:37,-22.8464,167.2744,689,169,248,114,54,,,93,29,9,,,,,,,,,,,,,,,,,,,,,,,,,,,,,
7495,253101,3,NP,3,68,04-Oct-2023,20:32:45,-22.8464,167.2744,,401677610,-127,56,2,04-Oct-2023,20:31:20,-22.8464,167.2744,689,169,248,114,54,,,15,1,16,,,,,,,,,,,,,,,,,,,,,,,,,,,,,
7495,253101,3,NP,3,68,04-Oct-2023,20:32:45,-22.8464,167.2744,,401677610,-127,56,2,04-Oct-2023,20:31:37,-22.8464,167.2744,689,169,248,114,54,,,27,143,28,,,,,,,,,,,,,,,,,,,,,,,,,,,,,
7495,253101,3,NP,3,68,04-Oct-2023,20:32:45,-22.8464,167.2744,,401677610,-127,56,1,04-Oct-2023,20:31:53,-22.8464,167.2744,689,169,248,114,54,,,67,225,4,,,,,,,,,,,,,,,,,,,,,,,,,,,,,
7495,253101,3,NP,3,68,04-Oct-2023,20:32:45,-22.8464,167.2744,,401677610,-127,56,0,04-Oct-2023,20:32:17,-22.8464,167.2744,689,169,248,114,54,,,94,34,9,,,,,,,,,,,,,,,,,,,,,,,,,,,,,
7495,253101,3,NP,3,68,04-Oct-2023,20:32:45,-22.8464,167.2744,,401677610,-127,56,2,04-Oct-2023,20:33:14,-22.8464,167.2744,689,169,248,114,54,,,107,133,0,,,,,,,,,,,,,,,,,,,,,,,,,,,,,
7495,253101,3,MC,2,69,04-Oct-2023,21:27:29,-22.8663,167.2403,,401677604,-118,58,0,04-Oct-2023,21:25:59,-22.8663,167.2403,311,365,1454,91,111,,,107,133,0,,,,,,,,,,,,,,,,,,,,,,,,,,,,,
7495,253101,3,MC,2,69,04-Oct-2023,21:27:29,-22.8663,167.2403,,401677604,-118,58,0,04-Oct-2023,21:29:00,-22.8663,167.2403,311,365,1454,91,111,,,15,1,16,,,,,,,,,,,,,,,,,,,,,,,,,,,,,
7495,253101,3,MC,2,69,04-Oct-2023,21:27:29,-22.8663,167.2403,,401677604,-118,58,0,04-Oct-2023,21:30:06,-22.8663,167.2403,311,365,1454,91,111,,,66,228,4,,,,,,,,,,,,,,,,,,,,,,,,,,,,,
7495,253101,3,MC,2,69,04-Oct-2023,21:27:29,-22.8663,167.2403,,401677604,-118,58,0,04-Oct-2023,21:30:31,-22.8663,167.2403,311,365,1454,91,111,,,86,117,9,,,,,,,,,,,,,,,,,,,,,,,,,,,,,
7495,253101,3,MC,2,69,04-Oct-2023,21:27:29,-22.8663,167.2403,,401677604,-118,58,0,04-Oct-2023,21:31:10,-22.8663,167.2403,311,365,1454,91,111,,,100,134,0,,,,,,,,,,,,,,,,,,,,,,,,,,,,,
7495,253101,3,O3,B,70,04-Oct-2023,23:51:42,-22.8867,167.0821,,401677619,-136,8,0,04-Oct-2023,23:51:42,-22.8867,167.0821,,2941,3229,2678,83,,,27,143,222,,,,,,,,,,,,,,,,,,,,,,,,,,,,,
7495,253101,3,CS,A,71,05-Oct-2023,05:04:46,-22.8001,167.2160,,401677605,-136,8,0,05-Oct-2023,05:01:46,-22.8001,167.2160,354,822,1665,405,22,,,15,0,16,,,,,,,,,,,,,,,,,,,,,,,,,,,,,
7495,253101,23,CS,A,71,05-Oct-2023,05:04:46,-22.8001,167.2160,,401677605,-136,8,0,05-Oct-2023,05:04:54,-22.8001,167.2160,354,822,1665,405,22,,,86,144,165,253,232,144,190,81,66,148,121,19,86,19,87,12,13,255,27,206,48,255,128,,,,,,,,,
7495,253101,31,CS,A,71,05-Oct-2023,05:04:46,-22.8001,167.2160,,401677605,-136,8,0,05-Oct-2023,05:07:40,-22.8001,167.2160,354,822,1665,405,22,,,42,232,128,0,0,0,14,102,234,112,104,207,244,78,74,107,239,23,41,83,246,157,183,181,156,26,43,212,83,80,106,
7495,253101,3,A1,B,72,05-Oct-2023,05:55:17,-22.7987,167.1856,,401677591,-130,8,0,05-Oct-2023,05:55:17,-22.7987,167.1856,,3401,3482,3322,85,,,67,225,4,,,,,,,,,,,,,,,,,,,,,,,,,,,,,
7495,253101,3,NP,A,73,05-Oct-2023,20:14:15,-22.8189,167.2422,,401677611,-132,,0,05-Oct-2023,20:10:22,-22.8189,167.2422,234,1638,26591,100,122,,,100,134,0,,,,,,,,,,,,,,,,,,,,,,,,,,,,,
7495,253101,3,NP,A,73,05-Oct-2023,20:14:15,-22.8189,167.2422,,401677611,-132,,0,05-Oct-2023,20:10:56,-22.8189,167.2422,234,1638,26591,100,122,,,15,1,16,,,,,,,,,,,,,,,,,,,,,,,,,,,,,
7495,253101,3,NP,A,73,05-Oct-2023,20:14:15,-22.8189,167.2422,,401677611,-132,,0,05-Oct-2023,20:14:16,-22.8189,167.2422,234,1638,26591,100,122,,,27,143,28,,,,,,,,,,,,,,,,,,,,,,,,,,,,,
7495,253101,3,MC,B,74,05-Oct-2023,21:05:24,-22.9494,167.0213,,401677608,-130,,0,05-Oct-2023,21:05:17,-28.5840,-166.3357,15,7584,477344,120,57,,,91,2,10,,,,,,,,,,,,,,,,,,,,,,,,,,,,,
7495,253101,3,MC,B,74,05-Oct-2023,21:05:24,-22.9494,167.0213,,401677608,-130,,0,05-Oct-2023,21:05:32,-28.5840,-166.3357,15,7584,477344,120,57,,,107,133,0,,,,,,,,,,,,,,,,,,,,,,,,,,,,,
7495,253101,3,NP,B,75,05-Oct-2023,21:50:22,-22.8325,167.3083,,401677590,-132,,0,05-Oct-2023,21:50:23,-19.4631,152.1293,132,777,6046,99,140,,,97,135,0,,,,,,,,,,,,,,,,,,,,,,,,,,,,,
7495,253101,3,NP,B,75,05-Oct-2023,21:50:22,-22.8325,167.3083,,401677590,-132,,0,05-Oct-2023,21:52:35,-19.4631,152.1293,132,777,6046,99,140,,,15,1,16,,,,,,,,,,,,,,,,,,,,,,,,,,,,,
7495,253101,3,MC,B,76,05-Oct-2023,22:49:20,-22.7985,167.2874,,401677617,-120,8,0,05-Oct-2023,22:48:36,-22.7985,167.2874,45,819,2544,263,77,,,107,133,0,,,,,,,,,,,,,,,,,,,,,,,,,,,,,
7495,253101,3,MC,B,76,05-Oct-2023,22:49:20,-22.7985,167.2874,,401677617,-120,8,0,05-Oct-2023,22:49:21,-22.7985,167.2874,45,819,2544,263,77,,,15,1,16,,,,,,,,,,,,,,,,,,,,,,,,,,,,,
7495,253101,3,SR,2,77,06-Oct-2023,19:12:35,-22.9453,167.2658,,401677615,-119,40,0,06-Oct-2023,19:09:50,-22.9453,167.2658,533,422,1421,125,81,,,84,33,10,,,,,,,,,,,,,,,,,,,,,,,,,,,,,
7495,253101,3,SR,2,77,06-Oct-2023,19:12:35,-22.9453,167.2658,,401677615,-119,40,0,06-Oct-2023,19:10:30,-22.9453,167.2658,533,422,1421,125,81,,,110,132,0,,,,,,,,,,,,,,,,,,,,,,,,,,,,,
7495,253101,3,SR,2,77,06-Oct-2023,19:12:35,-22.9453,167.2658,,401677615,-119,40,1,06-Oct-2023,19:10:45,-22.9453,167.2658,533,422,1421,125,81,,,15,1,16,,,,,,,,,,,,,,,,,,,,,,,,,,,,,
7495,253101,3,SR,2,77,06-Oct-2023,19:12:35,-22.9453,167.2658,,401677615,-119,40,1,06-Oct-2023,19:11:43,-22.9453,167.2658,533,422,1421,125,81,,,27,143,28,,,,,,,,,,,,,,,,,,,,,,,,,,,,,
7495,253101,3,SR,2,77,06-Oct-2023,19:12:35,-22.9453,167.2658,,401677615,-119,40,0,06-Oct-2023,19:13:09,-22.9453,167.2658,533,422,1421,125,81,,,69,223,4,,,,,,,,,,,,,,,,,,,,,,,,,,,,,
7495,253101,3,SR,2,77,06-Oct-2023,19:12:35,-22.9453,167.2658,,401677615,-119,40,0,06-Oct-2023,19:13:24,-22.9453,167.2658,533,422,1421,125,81,,,95,38,10,,,,,,,,,,,,,,,,,,,,,,,,,,,,,
7495,253101,23,SR,2,77,06-Oct-2023,19:12:35,-22.9453,167.2658,,401677615,-119,40,0,06-Oct-2023,19:14:45,-22.9453,167.2658,533,422,1421,125,81,,,69,48,165,253,232,144,190,81,67,77,24,87,148,20,81,12,1,159,27,206,19,136,161,,,,,,,,,
7495,253101,3,SR,2,77,06-Oct-2023,19:12:35,-22.9453,167.2658,,401677615,-119,40,0,06-Oct-2023,19:15:01,-22.9453,167.2658,533,422,1421,125,81,,,15,1,48,,,,,,,,,,,,,,,,,,,,,,,,,,,,,
7495,253101,3,SR,2,77,06-Oct-2023,19:12:35,-22.9453,167.2658,,401677615,-119,40,0,06-Oct-2023,19:16:17,-22.9453,167.2658,533,422,1421,125,81,,,67,225,4,,,,,,,,,,,,,,,,,,,,,,,,,,,,,
7495,253101,3,SR,2,77,06-Oct-2023,19:12:35,-22.9453,167.2658,,401677615,-119,40,0,06-Oct-2023,19:18:43,-22.9453,167.2658,533,422,1421,125,81,,,93,44,10,,,,,,,,,,,,,,,,,,,,,,,,,,,,,
7495,253101,3,NK,3,78,06-Oct-2023,19:13:24,-22.9422,167.2727,,401677613,-120,56,0,06-Oct-2023,19:09:50,-22.9422,167.2727,533,224,345,145,117,,,84,33,10,,,,,,,,,,,,,,,,,,,,,,,,,,,,,
7495,253101,3,NK,3,78,06-Oct-2023,19:13:24,-22.9422,167.2727,,401677613,-120,56,0,06-Oct-2023,19:10:30,-22.9422,167.2727,533,224,345,145,117,,,110,132,0,,,,,,,,,,,,,,,,,,,,,,,,,,,,,
7495,253101,3,NK,3,78,06-Oct-2023,19:13:24,-22.9422,167.2727,,401677613,-120,56,0,06-Oct-2023,19:10:45,-22.9422,167.2727,533,224,345,145,117,,,15,1,16,,,,,,,,,,,,,,,,,,,,,,,,,,,,,
7495,253101,3,NK,3,78,06-Oct-2023,19:13:24,-22.9422,167.2727,,401677613,-120,56,0,06-Oct-2023,19:11:42,-22.9422,167.2727,533,224,345,145,117,,,27,143,28,,,,,,,,,,,,,,,,,,,,,,,,,,,,,
7495,253101,3,NK,3,78,06-Oct-2023,19:13:24,-22.9422,167.2727,,401677613,-120,56,0,06-Oct-2023,19:13:09,-22.9422,167.2727,533,224,345,145,117,,,69,223,4,,,,,,,,,,,,,,,,,,,,,,,,,,,,,
7495,253101,3,NK,3,78,06-Oct-2023,19:13:24,-22.9422,167.2727,,401677613,-120,56,0,06-Oct-2023,19:13:24,-22.9422,167.2727,533,224,345,145,117,,,95,38,10,,,,,,,,,,,,,,,,,,,,,,,,,,,,,
7495,253101,23,NK,3,78,06-Oct-2023,19:13:24,-22.9422,167.2727,,401677613,-120,56,0,06-Oct-2023,19:14:45,-22.9422,167.2727,533,224,345,145,117,,,69,48,165,253,232,144,190,81,67,77,24,87,148,20,81,12,1,159,27,196,102,17,66,,,,,,,,,
7495,253101,3,NK,3,78,06-Oct-2023,19:13:24,-22.9422,167.2727,,401677613,-120,56,0,06-Oct-2023,19:15:01,-22.9422,167.2727,533,224,345,145,117,,,15,1,12,,,,,,,,,,,,,,,,,,,,,,,,,,,,,
7495,253101,3,NK,3,78,06-Oct-2023,19:13:24,-22.9422,167.2727,,401677613,-120,56,0,06-Oct-2023,19:16:17,-22.9422,167.2727,533,224,345,145,117,,,67,225,4,,,,,,,,,,,,,,,,,,,,,,,,,,,,,
7495,253101,3,NK,3,78,06-Oct-2023,19:13:24,-22.9422,167.2727,,401677613,-120,56,0,06-Oct-2023,19:18:43,-22.9422,167.2727,533,224,345,145,117,,,93,44,10,,,,,,,,,,,,,,,,,,,,,,,,,,,,,
7495,253101,3,CS,B,79,07-Oct-2023,05:21:08,-22.8589,167.2386,,401677625,-127,8,0,07-Oct-2023,05:21:09,-22.8589,167.2386,,9453,15490,5768,107,,,27,143,28,,,,,,,,,,,,,,,,,,,,,,,,,,,,,
7495,253101,31,NN,2,80,07-Oct-2023,10:31:57,-22.9098,167.3196,,401677615,-128,58,0,07-Oct-2023,10:31:09,-22.9098,167.3196,251,420,1291,136,12,,,42,232,192,238,238,238,238,238,238,238,238,238,227,47,134,38,23,78,183,57,138,47,45,30,149,212,140,224,36,76,235,
7495,253101,3,NN,2,80,07-Oct-2023,10:31:57,-22.9098,167.3196,,401677615,-128,58,0,07-Oct-2023,10:32:47,-22.9098,167.3196,251,420,1291,136,12,,,83,117,10,,,,,,,,,,,,,,,,,,,,,,,,,,,,,
7495,253101,3,NN,2,80,07-Oct-2023,10:31:57,-22.9098,167.3196,,401677615,-128,58,0,07-Oct-2023,10:34:41,-22.9098,167.3196,251,420,1291,136,12,,,110,132,0,,,,,,,,,,,,,,,,,,,,,,,,,,,,,
7495,253101,3,NN,2,80,07-Oct-2023,10:31:57,-22.9098,167.3196,,401677615,-128,58,0,07-Oct-2023,10:34:57,-22.9098,167.3196,251,420,1291,136,12,,,15,1,16,,,,,,,,,,,,,,,,,,,,,,,,,,,,,
7495,253101,3,NN,2,80,07-Oct-2023,10:31:57,-22.9098,167.3196,,401677615,-128,58,0,07-Oct-2023,10:35:20,-22.9098,167.3196,251,420,1291,136,12,,,27,143,28,,,,,,,,,,,,,,,,,,,,,,,,,,,,,
7495,253101,3,SR,3,81,07-Oct-2023,18:42:41,-22.9069,167.1897,,401677606,-122,58,0,07-Oct-2023,18:36:46,-22.9069,167.1897,761,108,291,40,78,,,89,166,10,,,,,,,,,,,,,,,,,,,,,,,,,,,,,
7495,253101,3,SR,3,81,07-Oct-2023,18:42:41,-22.9069,167.1897,,401677606,-122,58,0,07-Oct-2023,18:38:16,-22.9069,167.1897,761,108,291,40,78,,,76,226,4,,,,,,,,,,,,,,,,,,,,,,,,,,,,,
7495,253101,3,SR,3,81,07-Oct-2023,18:42:41,-22.9069,167.1897,,401677606,-122,58,0,07-Oct-2023,18:38:36,-22.9069,167.1897,761,108,291,40,78,,,80,171,10,,,,,,,,,,,,,,,,,,,,,,,,,,,,,
7495,253101,3,SR,3,81,07-Oct-2023,18:42:41,-22.9069,167.1897,,401677606,-122,58,0,07-Oct-2023,18:39:02,-22.9069,167.1897,761,108,291,40,78,,,111,129,33,,,,,,,,,,,,,,,,,,,,,,,,,,,,,
7495,253101,3,SR,3,81,07-Oct-2023,18:42:41,-22.9069,167.1897,,401677606,-122,58,0,07-Oct-2023,18:40:08,-22.9069,167.1897,761,108,291,40,78,,,220,156,235,,,,,,,,,,,,,,,,,,,,,,,,,,,,,
7495,253101,3,SR,3,81,07-Oct-2023,18:42:41,-22.9069,167.1897,,401677606,-122,58,0,07-Oct-2023,18:41:32,-22.9069,167.1897,761,108,291,40,78,,,86,181,10,,,,,,,,,,,,,,,,,,,,,,,,,,,,,
7495,253101,3,SR,3,81,07-Oct-2023,18:42:41,-22.9069,167.1897,,401677606,-122,58,0,07-Oct-2023,18:41:50,-22.9069,167.1897,761,108,291,40,78,,,100,134,0,,,,,,,,,,,,,,,,,,,,,,,,,,,,,
7495,253101,3,SR,3,81,07-Oct-2023,18:42:41,-22.9069,167.1897,,401677606,-122,58,0,07-Oct-2023,18:43:33,-22.9069,167.1897,761,108,291,40,78,,,110,132,0,,,,,,,,,,,,,,,,,,,,,,,,,,,,,
7495,253101,23,SR,3,81,07-Oct-2023,18:42:41,-22.9069,167.1897,,401677606,-122,58,0,07-Oct-2023,18:44:35,-22.9069,167.1897,761,108,291,40,78,,,77,80,165,253,232,144,190,81,67,202,246,87,212,21,125,2,7,178,27,206,32,255,128,,,,,,,,,
7495,253101,3,SR,3,81,07-Oct-2023,18:42:41,-22.9069,167.1897,,401677606,-122,58,0,07-Oct-2023,18:44:53,-22.9069,167.1897,761,108,291,40,78,,,73,227,4,,,,,,,,,,,,,,,,,,,,,,,,,,,,,
7495,253101,3,SR,3,81,07-Oct-2023,18:42:41,-22.9069,167.1897,,401677606,-122,58,0,07-Oct-2023,18:45:08,-22.9069,167.1897,761,108,291,40,78,,,84,192,10,,,,,,,,,,,,,,,,,,,,,,,,,,,,,
7495,253101,3,SR,3,81,07-Oct-2023,18:42:41,-22.9069,167.1897,,401677606,-122,58,0,07-Oct-2023,18:45:55,-22.9069,167.1897,761,108,291,40,78,,,101,131,0,,,,,,,,,,,,,,,,,,,,,,,,,,,,,
7495,253101,3,SR,3,81,07-Oct-2023,18:42:41,-22.9069,167.1897,,401677606,-122,58,2,07-Oct-2023,18:47:20,-22.9069,167.1897,761,108,291,40,78,,,66,228,4,,,,,,,,,,,,,,,,,,,,,,,,,,,,,
7495,253101,3,SR,3,81,07-Oct-2023,18:42:41,-22.9069,167.1897,,401677606,-122,58,1,07-Oct-2023,18:48:28,-22.9069,167.1897,761,108,291,40,78,,,107,133,0,,,,,,,,,,,,,,,,,,,,,,,,,,,,,
7495,253101,3,SR,3,81,07-Oct-2023,18:42:41,-22.9069,167.1897,,401677606,-122,58,5,07-Oct-2023,18:49:10,-22.9069,167.1897,761,108,291,40,78,,,15,1,16,,,,,,,,,,,,,,,,,,,,,,,,,,,,,
7495,253101,3,SR,3,81,07-Oct-2023,18:42:41,-22.9069,167.1897,,401677606,-122,58,5,07-Oct-2023,18:49:27,-22.9069,167.1897,761,108,291,40,78,,,27,143,28,,,,,,,,,,,,,,,,,,,,,,,,,,,,,
7495,253101,23,NK,2,82,07-Oct-2023,18:48:41,-22.9033,167.1963,,401677606,-125,56,0,07-Oct-2023,18:44:35,-22.9033,167.1963,601,266,394,179,154,,,77,80,165,253,232,144,190,81,67,202,246,87,212,21,125,2,7,176,18,79,131,187,229,,,,,,,,,
7495,253101,3,NK,2,82,07-Oct-2023,18:48:41,-22.9033,167.1963,,401677606,-125,56,0,07-Oct-2023,18:45:08,-22.9033,167.1963,601,266,394,179,154,,,84,192,10,,,,,,,,,,,,,,,,,,,,,,,,,,,,,
7495,253101,3,NK,2,82,07-Oct-2023,18:48:41,-22.9033,167.1963,,401677606,-125,56,0,07-Oct-2023,18:45:55,-22.9033,167.1963,601,266,394,179,154,,,101,171,4,,,,,,,,,,,,,,,,,,,,,,,,,,,,,
7495,253101,3,NK,2,82,07-Oct-2023,18:48:41,-22.9033,167.1963,,401677606,-125,56,0,07-Oct-2023,18:47:20,-22.9033,167.1963,601,266,394,179,154,,,66,228,4,,,,,,,,,,,,,,,,,,,,,,,,,,,,,
7495,253101,3,NK,2,82,07-Oct-2023,18:48:41,-22.9033,167.1963,,401677606,-125,56,0,07-Oct-2023,18:48:28,-22.9033,167.1963,601,266,394,179,154,,,107,133,0,,,,,,,,,,,,,,,,,,,,,,,,,,,,,
7495,253101,3,NK,2,82,07-Oct-2023,18:48:41,-22.9033,167.1963,,401677606,-125,56,1,07-Oct-2023,18:49:10,-22.9033,167.1963,601,266,394,179,154,,,15,1,16,,,,,,,,,,,,,,,,,,,,,,,,,,,,,
7495,253101,3,NK,2,82,07-Oct-2023,18:48:41,-22.9033,167.1963,,401677606,-125,56,0,07-Oct-2023,18:50:12,-22.9033,167.1963,601,266,394,179,154,,,86,202,10,,,,,,,,,,,,,,,,,,,,,,,,,,,,,
7495,253101,3,NK,2,82,07-Oct-2023,18:48:41,-22.9033,167.1963,,401677606,-125,56,0,07-Oct-2023,18:50:35,-22.9033,167.1963,601,266,394,179,154,,,100,134,0,,,,,,,,,,,,,,,,,,,,,,,,,,,,,
7495,253101,3,NK,2,82,07-Oct-2023,18:48:41,-22.9033,167.1963,,401677606,-125,56,2,07-Oct-2023,18:51:17,-22.9033,167.1963,601,266,394,179,154,,,27,143,28,,,,,,,,,,,,,,,,,,,,,,,,,,,,,
7495,253101,3,NK,2,82,07-Oct-2023,18:48:41,-22.9033,167.1963,,401677606,-125,56,1,07-Oct-2023,18:51:33,-22.9033,167.1963,601,266,394,179,154,,,73,227,4,,,,,,,,,,,,,,,,,,,,,,,,,,,,,
7495,253101,3,NK,2,82,07-Oct-2023,18:48:41,-22.9033,167.1963,,401677606,-125,56,0,07-Oct-2023,18:52:27,-22.9033,167.1963,601,266,394,179,154,,,87,207,10,,,,,,,,,,,,,,,,,,,,,,,,,,,,,
7495,253101,3,NK,2,82,07-Oct-2023,18:48:41,-22.9033,167.1963,,401677606,-125,56,0,07-Oct-2023,18:54:36,-22.9033,167.1963,601,266,394,179,154,,,80,212,10,,,,,,,,,,,,,,,,,,,,,,,,,,,,,
7495,253101,3,NN,B,83,07-Oct-2023,21:45:28,-22.8902,167.1792,,401677587,-137,8,0,07-Oct-2023,21:45:29,-22.8902,167.1792,,5959,6778,5237,81,,,66,228,4,,,,,,,,,,,,,,,,,,,,,,,,,,,,,
7495,253101,3,NN,B,84,07-Oct-2023,23:29:49,-22.8480,167.1998,,401677570,-125,8,0,07-Oct-2023,23:29:49,-22.8480,167.1998,,6276,12184,3232,112,,,85,43,11,,,,,,,,,,,,,,,,,,,,,,,,,,,,,
7495,253101,3,O3,B,85,08-Oct-2023,00:57:32,-22.8132,167.1891,,401677558,-125,8,0,08-Oct-2023,00:57:33,-22.8132,167.1891,,6627,12131,3619,98,,,15,1,16,,,,,,,,,,,,,,,,,,,,,,,,,,,,,
7495,253101,3,NP,B,86,08-Oct-2023,08:20:10,-22.6578,167.1679,,401677606,-136,8,0,08-Oct-2023,08:20:11,-22.6578,167.1679,,3197,5729,1783,96,,,74,236,4,,,,,,,,,,,,,,,,,,,,,,,,,,,,,
7495,253101,3,NP,B,87,08-Oct-2023,11:40:07,-22.6283,167.1987,,401677600,-140,8,0,08-Oct-2023,11:40:07,-22.6283,167.1987,,4904,9280,2591,153,,,15,1,16,,,,,,,,,,,,,,,,,,,,,,,,,,,,,
7495,253101,3,MB,B,88,09-Oct-2023,11:02:30,-22.8097,167.2655,,401677623,-126,,0,09-Oct-2023,11:02:31,-22.8097,167.2655,,3843,8767,1684,74,,,66,228,4,,,,,,,,,,,,,,,,,,,,,,,,,,,,,
7495,253101,3,CS,1,89,09-Oct-2023,18:26:18,-22.8137,167.2176,,401677604,-124,58,0,09-Oct-2023,18:24:01,-22.8137,167.2176,311,592,5617,62,81,,,97,135,0,,,,,,,,,,,,,,,,,,,,,,,,,,,,,
7495,253101,31,CS,1,89,09-Oct-2023,18:26:18,-22.8137,167.2176,,401677604,-124,58,0,09-Oct-2023,18:24:17,-22.8137,167.2176,311,592,5617,62,81,,,42,233,0,224,14,0,238,238,224,238,238,238,238,238,238,146,232,224,238,0,224,14,238,14,0,238,238,0,224,224,146,
7495,253101,3,CS,1,89,09-Oct-2023,18:26:18,-22.8137,167.2176,,401677604,-124,58,0,09-Oct-2023,18:25:10,-22.8137,167.2176,311,592,5617,62,81,,,70,224,4,,,,,,,,,,,,,,,,,,,,,,,,,,,,,
7495,253101,3,CS,1,89,09-Oct-2023,18:26:18,-22.8137,167.2176,,401677604,-124,58,0,09-Oct-2023,18:25:30,-22.8137,167.2176,311,592,5617,62,81,,,89,104,11,,,,,,,,,,,,,,,,,,,,,,,,,,,,,
7495,253101,3,CS,1,89,09-Oct-2023,18:26:18,-22.8137,167.2176,,401677604,-124,58,0,09-Oct-2023,18:25:53,-22.8137,167.2176,311,592,5617,62,81,,,107,133,0,,,,,,,,,,,,,,,,,,,,,,,,,,,,,
7495,253101,3,CS,1,89,09-Oct-2023,18:26:18,-22.8137,167.2176,,401677604,-124,58,0,09-Oct-2023,18:27:11,-22.8137,167.2176,311,592,5617,62,81,,,67,225,4,,,,,,,,,,,,,,,,,,,,,,,,,,,,,
7495,253101,23,CS,1,89,09-Oct-2023,18:26:18,-22.8137,167.2176,,401677604,-124,58,0,09-Oct-2023,18:27:26,-22.8137,167.2176,311,592,5617,62,81,,,73,176,165,253,232,144,190,81,68,201,229,212,212,22,219,14,65,175,100,183,151,193,91,,,,,,,,,
7495,253101,3,CS,1,89,09-Oct-2023,18:26:18,-22.8137,167.2176,,401677604,-124,58,0,09-Oct-2023,18:28:06,-22.8137,167.2176,311,592,5617,62,81,,,87,110,139,,,,,,,,,,,,,,,,,,,,,,,,,,,,,
7495,253101,3,CS,1,89,09-Oct-2023,18:26:18,-22.8137,167.2176,,401677604,-124,58,2,09-Oct-2023,18:28:57,-22.8137,167.2176,311,592,5617,62,81,,,15,1,16,,,,,,,,,,,,,,,,,,,,,,,,,,,,,
7495,253101,3,CS,1,89,09-Oct-2023,18:26:18,-22.8137,167.2176,,401677604,-124,58,2,09-Oct-2023,18:29:12,-22.8137,167.2176,311,592,5617,62,81,,,27,143,28,,,,,,,,,,,,,,,,,,,,,,,,,,,,,
7495,253101,3,SR,3,90,09-Oct-2023,19:18:13,-22.8005,167.1575,,401677604,-121,58,0,09-Oct-2023,19:15:26,-22.8005,167.1575,350,234,759,72,82,,,93,157,11,,,,,,,,,,,,,,,,,,,,,,,,,,,,,
7495,253101,23,SR,3,90,09-Oct-2023,19:18:13,-22.8005,167.1575,,401677604,-121,58,0,09-Oct-2023,19:18:47,-22.8005,167.1575,350,234,759,72,82,,,73,48,165,253,232,144,190,80,15,9,9,209,155,150,17,28,223,191,35,90,121,102,243,,,,,,,,,
7495,253101,3,SR,3,90,09-Oct-2023,19:18:13,-22.8005,167.1575,,401677604,-121,58,0,09-Oct-2023,19:19:31,-22.8005,167.1575,350,234,759,72,82,,,15,1,16,,,,,,,,,,,,,,,,,,,,,,,,,,,,,
7495,253101,3,SR,3,90,09-Oct-2023,19:18:13,-22.8005,167.1575,,401677604,-121,58,1,09-Oct-2023,19:19:53,-22.8005,167.1575,350,234,759,72,82,,,27,143,28,,,,,,,,,,,,,,,,,,,,,,,,,,,,,
7495,253101,3,SR,3,90,09-Oct-2023,19:18:13,-22.8005,167.1575,,401677604,-121,58,1,09-Oct-2023,19:20:10,-22.8005,167.1575,350,234,759,72,82,,,66,228,4,,,,,,,,,,,,,,,,,,,,,,,,,,,,,
7495,253101,3,SR,3,90,09-Oct-2023,19:18:13,-22.8005,167.1575,,401677604,-121,58,0,09-Oct-2023,19:20:56,-22.8005,167.1575,350,234,759,72,82,,,91,163,11,,,,,,,,,,,,,,,,,,,,,,,,,,,,,
7495,253101,3,SR,3,90,09-Oct-2023,19:18:13,-22.8005,167.1575,,401677604,-121,58,0,09-Oct-2023,19:21:16,-22.8005,167.1575,350,234,759,72,82,,,107,133,0,,,,,,,,,,,,,,,,,,,,,,,,,,,,,
7495,253101,3,NP,B,91,09-Oct-2023,19:27:12,-22.7991,167.1545,,401677608,-140,6,0,09-Oct-2023,19:27:13,-22.7991,167.1545,,1351,1499,1218,89,,,95,138,44,,,,,,,,,,,,,,,,,,,,,,,,,,,,,
7495,253101,3,NK,1,92,09-Oct-2023,19:36:02,-22.8134,167.1496,,401677599,-123,56,0,09-Oct-2023,19:34:40,-22.8134,167.1496,267,836,7404,94,129,,,101,131,0,,,,,,,,,,,,,,,,,,,,,,,,,,,,,
7495,253101,3,NK,1,92,09-Oct-2023,19:36:02,-22.8134,167.1496,,401677599,-123,56,0,09-Oct-2023,19:35:00,-22.8134,167.1496,267,836,7404,94,129,,,15,1,16,,,,,,,,,,,,,,,,,,,,,,,,,,,,,
7495,253101,3,NK,1,92,09-Oct-2023,19:36:02,-22.8134,167.1496,,401677599,-123,56,0,09-Oct-2023,19:35:21,-22.8134,167.1496,267,836,7404,94,129,,,27,143,28,,,,,,,,,,,,,,,,,,,,,,,,,,,,,
7495,253101,3,NK,1,92,09-Oct-2023,19:36:02,-22.8134,167.1496,,401677599,-123,56,0,09-Oct-2023,19:39:07,-22.8134,167.1496,267,836,7404,94,129,,,107,133,0,,,,,,,,,,,,,,,,,,,,,,,,,,,,,
7495,253101,3,NP,2,93,09-Oct-2023,21:10:06,-22.8295,167.1061,,401677601,-120,58,0,09-Oct-2023,21:00:18,-22.8295,167.1061,799,322,1726,60,103,,,94,253,11,,,,,,,,,,,,,,,,,,,,,,,,,,,,,
7495,253101,3,NP,2,93,09-Oct-2023,21:10:06,-22.8295,167.1061,,401677601,-120,58,0,09-Oct-2023,21:07:05,-22.8295,167.1061,799,322,1726,60,103,,,66,230,143,,,,,,,,,,,,,,,,,,,,,,,,,,,,,
7495,253101,23,NP,2,93,09-Oct-2023,21:10:06,-22.8295,167.1061,,401677601,-120,58,0,09-Oct-2023,21:08:13,-22.8295,167.1061,799,322,1726,60,103,,,76,176,165,253,232,144,188,81,68,213,179,205,14,186,125,166,171,91,51,187,45,248,26,,,,,,,,,
7495,253101,3,NP,2,93,09-Oct-2023,21:10:06,-22.8295,167.1061,,401677601,-120,58,0,09-Oct-2023,21:08:41,-22.8295,167.1061,799,322,1726,60,103,,,96,130,0,,,,,,,,,,,,,,,,,,,,,,,,,,,,,
7495,253101,3,NP,2,93,09-Oct-2023,21:10:06,-22.8295,167.1061,,401677601,-120,58,0,09-Oct-2023,21:10:30,-22.8295,167.1061,799,322,1726,60,103,,,15,1,16,,,,,,,,,,,,,,,,,,,,,,,,,,,,,
7495,253101,3,NP,2,93,09-Oct-2023,21:10:06,-22.8295,167.1061,,401677601,-120,58,0,09-Oct-2023,21:12:34,-22.8295,167.1061,799,322,1726,60,103,,,83,8,12,,,,,,,,,,,,,,,,,,,,,,,,,,,,,
7495,253101,3,NP,2,93,09-Oct-2023,21:10:06,-22.8295,167.1061,,401677601,-120,58,0,09-Oct-2023,21:13:37,-22.8295,167.1061,799,322,1726,60,103,,,101,131,0,,,,,,,,,,,,,,,,,,,,,,,,,,,,,
7495,253101,3,NK,B,94,09-Oct-2023,21:13:37,-22.8359,167.1049,,401677606,-133,6,0,09-Oct-2023,21:13:37,-22.8359,167.1049,236,859,1913,385,79,,,101,131,0,,,,,,,,,,,,,,,,,,,,,,,,,,,,,
7495,253101,3,NK,B,94,09-Oct-2023,21:13:37,-22.8359,167.1049,,401677606,-133,6,0,09-Oct-2023,21:17:33,-22.8359,167.1049,236,859,1913,385,79,,,13,69,18,,,,,,,,,,,,,,,,,,,,,,,,,,,,,
7495,253101,31,MB,B,95,09-Oct-2023,22:10:45,-22.8154,167.0790,,401677597,-126,8,0,09-Oct-2023,22:09:52,-22.8154,167.0790,107,4260,18666,972,119,,,42,233,0,224,14,0,238,238,224,238,238,238,238,238,238,146,232,224,238,0,224,14,230,128,78,184,105,240,93,96,104,
7495,253101,3,MB,B,95,09-Oct-2023,22:10:45,-22.8154,167.0790,,401677597,-126,8,0,09-Oct-2023,22:11:39,-22.8154,167.0790,107,4260,18666,972,119,,,93,14,12,,,,,,,,,,,,,,,,,,,,,,,,,,,,,
7495,253101,3,CS,1,96,10-Oct-2023,05:01:59,-22.8307,167.2927,,401677604,-134,58,0,10-Oct-2023,04:59:44,-22.8307,167.2927,258,677,2269,201,135,,,97,135,0,,,,,,,,,,,,,,,,,,,,,,,,,,,,,
7495,253101,3,CS,1,96,10-Oct-2023,05:01:59,-22.8307,167.2927,,401677604,-134,58,0,10-Oct-2023,05:01:29,-22.8307,167.2927,258,677,2269,201,135,,,15,1,16,,,,,,,,,,,,,,,,,,,,,,,,,,,,,
7495,253101,3,CS,1,96,10-Oct-2023,05:01:59,-22.8307,167.2927,,401677604,-134,58,0,10-Oct-2023,05:02:42,-22.8307,167.2927,258,677,2269,201,135,,,27,143,28,,,,,,,,,,,,,,,,,,,,,,,,,,,,,
7495,253101,3,CS,1,96,10-Oct-2023,05:01:59,-22.8307,167.2927,,401677604,-134,58,0,10-Oct-2023,05:04:02,-22.8307,167.2927,258,677,2269,201,135,,,73,227,4,,,,,,,,,,,,,,,,,,,,,,,,,,,,,
7495,253101,3,SR,A,97,10-Oct-2023,06:31:19,-22.8291,167.2932,,401677600,-126,8,0,10-Oct-2023,06:29:44,-22.8291,167.2932,182,997,5901,168,107,,,69,223,4,,,,,,,,,,,,,,,,,,,,,,,,,,,,,
7495,253101,3,SR,A,97,10-Oct-2023,06:31:19,-22.8291,167.2932,,401677600,-126,8,0,10-Oct-2023,06:31:28,-22.8291,167.2932,182,997,5901,168,107,,,92,84,12,,,,,,,,,,,,,,,,,,,,,,,,,,,,,
7495,253101,3,SR,A,97,10-Oct-2023,06:31:19,-22.8291,167.2932,,401677600,-126,8,0,10-Oct-2023,06:32:46,-22.8291,167.2932,182,997,5901,168,107,,,15,1,16,,,,,,,,,,,,,,,,,,,,,,,,,,,,,
7495,253101,3,CS,3,98,10-Oct-2023,06:41:16,-22.8322,167.3137,,401677600,-124,56,0,10-Oct-2023,06:37:25,-22.8322,167.3137,352,208,616,70,32,,,64,222,4,,,,,,,,,,,,,,,,,,,,,,,,,,,,,
7495,253101,3,CS,3,98,10-Oct-2023,06:41:16,-22.8322,167.3137,,401677600,-124,56,0,10-Oct-2023,06:41:54,-22.8322,167.3137,352,208,616,70,32,,,107,133,0,,,,,,,,,,,,,,,,,,,,,,,,,,,,,
7495,253101,3,CS,3,98,10-Oct-2023,06:41:16,-22.8322,167.3137,,401677600,-124,56,0,10-Oct-2023,06:42:30,-22.8322,167.3137,352,208,616,70,32,,,15,1,16,,,,,,,,,,,,,,,,,,,,,,,,,,,,,
7495,253101,3,CS,3,98,10-Oct-2023,06:41:16,-22.8322,167.3137,,401677600,-124,56,0,10-Oct-2023,06:43:17,-22.8322,167.3137,352,208,616,70,32,,,27,143,28,,,,,,,,,,,,,,,,,,,,,,,,,,,,,
7495,253101,3,NP,B,99,10-Oct-2023,11:15:03,-22.8275,167.2771,,401677599,-136,8,0,10-Oct-2023,11:15:04,-22.8275,167.2771,,2155,2407,1929,51,,,69,223,4,,,,,,,,,,,,,,,,,,,,,,,,,,,,,
7495,253101,3,NN,B,100,10-Oct-2023,11:44:24,-22.8252,167.2887,,401677604,-135,6,0,10-Oct-2023,11:44:17,-22.8252,167.2887,16,2485,3295,1873,75,,,85,105,12,,,,,,,,,,,,,,,,,,,,,,,,,,,,,
7495,253101,3,NN,B,100,10-Oct-2023,11:44:24,-22.8252,167.2887,,401677604,-135,6,0,10-Oct-2023,11:44:33,-22.8252,167.2887,16,2485,3295,1873,75,,,100,134,0,,,,,,,,,,,,,,,,,,,,,,,,,,,,,
7495,253101,3,O3,B,101,10-Oct-2023,11:44:32,-22.8314,167.2993,,401677593,-139,6,0,10-Oct-2023,11:44:33,-22.8314,167.2993,,3477,4903,2465,67,,,100,134,0,,,,,,,,,,,,,,,,,,,,,,,,,,,,,
7495,253101,3,SR,0,102,10-Oct-2023,18:44:33,-22.9400,167.2560,,401677609,-123,58,0,10-Oct-2023,18:42:03,-22.9400,167.2560,302,1836,31837,105,91,,,107,149,4,,,,,,,,,,,,,,,,,,,,,,,,,,,,,
7495,253101,3,SR,0,102,10-Oct-2023,18:44:33,-22.9400,167.2560,,401677609,-123,58,0,10-Oct-2023,18:42:18,-22.9400,167.2560,302,1836,31837,105,91,,,81,172,12,,,,,,,,,,,,,,,,,,,,,,,,,,,,,
7495,253101,3,SR,0,102,10-Oct-2023,18:44:33,-22.9400,167.2560,,401677609,-123,58,0,10-Oct-2023,18:43:51,-22.9400,167.2560,302,1836,31837,105,91,,,88,177,12,,,,,,,,,,,,,,,,,,,,,,,,,,,,,
7495,253101,23,SR,0,102,10-Oct-2023,18:44:33,-22.9400,167.2560,,401677609,-123,58,0,10-Oct-2023,18:44:07,-22.9400,167.2560,302,1836,31837,105,91,,,87,80,165,253,232,144,190,81,69,74,241,213,148,25,101,10,1,89,27,205,240,255,128,,,,,,,,,
7495,253101,3,SR,0,102,10-Oct-2023,18:44:33,-22.9400,167.2560,,401677609,-123,58,0,10-Oct-2023,18:44:29,-22.9400,167.2560,302,1836,31837,105,91,,,107,133,0,,,,,,,,,,,,,,,,,,,,,,,,,,,,,
7495,253101,3,SR,0,102,10-Oct-2023,18:44:33,-22.9400,167.2560,,401677609,-123,58,1,10-Oct-2023,18:45:22,-22.9400,167.2560,302,1836,31837,105,91,,,64,222,4,,,,,,,,,,,,,,,,,,,,,,,,,,,,,
7495,253101,3,SR,0,102,10-Oct-2023,18:44:33,-22.9400,167.2560,,401677609,-123,58,0,10-Oct-2023,18:45:39,-22.9400,167.2560,302,1836,31837,105,91,,,86,183,12,,,,,,,,,,,,,,,,,,,,,,,,,,,,,
7495,253101,3,SR,0,102,10-Oct-2023,18:44:33,-22.9400,167.2560,,401677609,-123,58,1,10-Oct-2023,18:45:55,-22.9400,167.2560,302,1836,31837,105,91,,,100,134,0,,,,,,,,,,,,,,,,,,,,,,,,,,,,,
7495,253101,3,SR,0,102,10-Oct-2023,18:44:33,-22.9400,167.2560,,401677609,-123,58,2,10-Oct-2023,18:46:13,-22.9400,167.2560,302,1836,31837,105,91,,,15,1,16,,,,,,,,,,,,,,,,,,,,,,,,,,,,,
7495,253101,3,SR,0,102,10-Oct-2023,18:44:33,-22.9400,167.2560,,401677609,-123,58,2,10-Oct-2023,18:46:32,-22.9400,167.2560,302,1836,31837,105,91,,,27,143,28,,,,,,,,,,,,,,,,,,,,,,,,,,,,,
7495,253101,3,SR,0,102,10-Oct-2023,18:44:33,-22.9400,167.2560,,401677609,-123,58,0,10-Oct-2023,18:46:47,-22.9400,167.2560,302,1836,31837,105,91,,,79,221,4,,,,,,,,,,,,,,,,,,,,,,,,,,,,,
7495,253101,3,SR,0,102,10-Oct-2023,18:44:33,-22.9400,167.2560,,401677609,-123,58,0,10-Oct-2023,18:47:05,-22.9400,167.2560,302,1836,31837,105,91,,,81,188,12,,,,,,,,,,,,,,,,,,,,,,,,,,,,,
7495,253101,3,NP,2,103,10-Oct-2023,20:57:38,-22.9035,167.2831,,401677610,-124,58,0,10-Oct-2023,20:53:16,-22.9035,167.2831,262,257,280,234,12,,,79,221,4,,,,,,,,,,,,,,,,,,,,,,,,,,,,,
7495,253101,3,NP,2,103,10-Oct-2023,20:57:38,-22.9035,167.2831,,401677610,-124,58,0,10-Oct-2023,20:53:49,-22.9035,167.2831,262,257,280,234,12,,,91,209,12,,,,,,,,,,,,,,,,,,,,,,,,,,,,,
7495,253101,3,NP,2,103,10-Oct-2023,20:57:38,-22.9035,167.2831,,401677610,-124,58,0,10-Oct-2023,20:54:52,-22.9035,167.2831,262,257,280,234,12,,,110,132,0,,,,,,,,,,,,,,,,,,,,,,,,,,,,,
7495,253101,3,NP,2,103,10-Oct-2023,20:57:38,-22.9035,167.2831,,401677610,-124,58,0,10-Oct-2023,20:55:56,-22.9035,167.2831,262,257,280,234,12,,,15,1,16,,,,,,,,,,,,,,,,,,,,,,,,,,,,,
7495,253101,3,NP,2,103,10-Oct-2023,20:57:38,-22.9035,167.2831,,401677610,-124,58,1,10-Oct-2023,20:56:33,-22.9035,167.2831,262,257,280,234,12,,,27,143,28,,,,,,,,,,,,,,,,,,,,,,,,,,,,,
7495,253101,3,NP,2,103,10-Oct-2023,20:57:38,-22.9035,167.2831,,401677610,-124,58,0,10-Oct-2023,20:57:38,-22.9035,167.2831,262,257,280,234,12,,,72,230,4,,,,,,,,,,,,,,,,,,,,,,,,,,,,,
7495,253101,3,MC,B,104,10-Oct-2023,21:09:00,-22.9027,167.2830,,401677603,-122,6,0,10-Oct-2023,21:09:00,-22.9027,167.2830,,1402,1520,1292,94,,,80,214,12,,,,,,,,,,,,,,,,,,,,,,,,,,,,,
7495,253101,3,MB,B,105,10-Oct-2023,21:52:03,-22.8983,167.2812,,401677595,-131,8,0,10-Oct-2023,21:52:03,-22.8983,167.2812,,2999,3383,2658,88,,,89,219,12,,,,,,,,,,,,,,,,,,,,,,,,,,,,,
7495,253101,31,O3,B,106,11-Oct-2023,00:16:22,-22.8874,167.2747,,401677582,-127,8,0,11-Oct-2023,00:16:22,-22.8874,167.2747,,4832,5375,4343,81,,,42,192,7,179,215,213,64,4,110,176,137,141,77,104,132,65,131,197,109,144,113,72,37,173,192,131,222,138,79,92,66,
7495,253101,31,SR,A,107,11-Oct-2023,05:58:48,-22.7878,167.2763,,401677592,-125,8,0,11-Oct-2023,05:55:07,-22.7878,167.2763,354,824,17434,38,84,,,42,233,64,238,238,0,30,86,134,4,244,255,14,205,113,33,35,196,133,234,207,230,12,130,19,131,197,132,239,44,183,
7495,253101,3,SR,A,107,11-Oct-2023,05:58:48,-22.7878,167.2763,,401677592,-125,8,0,11-Oct-2023,06:00:16,-22.7878,167.2763,354,824,17434,38,84,,,100,134,0,,,,,,,,,,,,,,,,,,,,,,,,,,,,,
7495,253101,3,SR,A,107,11-Oct-2023,05:58:48,-22.7878,167.2763,,401677592,-125,8,0,11-Oct-2023,06:01:01,-22.7878,167.2763,354,824,17434,38,84,,,13,128,49,,,,,,,,,,,,,,,,,,,,,,,,,,,,,
7495,253101,31,CS,A,108,11-Oct-2023,05:58:48,-22.7827,167.3255,,401677599,-122,,0,11-Oct-2023,05:55:07,-22.7827,167.3255,354,142,298,67,69,,,42,233,64,238,236,58,244,192,55,99,68,80,158,199,143,222,59,155,63,171,145,225,218,196,252,114,195,126,173,132,163,
7495,253101,3,CS,A,108,11-Oct-2023,05:58:48,-22.7827,167.3255,,401677599,-122,,0,11-Oct-2023,06:00:16,-22.7827,167.3255,354,142,298,67,69,,,100,134,0,,,,,,,,,,,,,,,,,,,,,,,,,,,,,
7495,253101,3,CS,A,108,11-Oct-2023,05:58:48,-22.7827,167.3255,,401677599,-122,,0,11-Oct-2023,06:01:01,-22.7827,167.3255,354,142,298,67,69,,,15,1,24,,,,,,,,,,,,,,,,,,,,,,,,,,,,,
7495,253101,3,NN,B,109,11-Oct-2023,13:03:23,-22.7472,167.3361,,401677582,-132,8,0,11-Oct-2023,13:03:24,-22.7472,167.3361,,6737,8948,5072,56,,,100,134,0,,,,,,,,,,,,,,,,,,,,,,,,,,,,,
7495,253101,3,A1,A,110,12-Oct-2023,18:17:28,-22.7522,167.2549,,401677607,-133,,0,12-Oct-2023,18:17:13,-22.7522,167.2549,32,3575,32480,393,67,,,27,143,28,,,,,,,,,,,,,,,,,,,,,,,,,,,,,
7495,253101,3,A1,A,110,12-Oct-2023,18:17:28,-22.7522,167.2549,,401677607,-133,,0,12-Oct-2023,18:17:29,-22.7522,167.2549,32,3575,32480,393,67,,,67,225,4,,,,,,,,,,,,,,,,,,,,,,,,,,,,,
7495,253101,3,A1,A,110,12-Oct-2023,18:17:28,-22.7522,167.2549,,401677607,-133,,0,12-Oct-2023,18:17:45,-22.7522,167.2549,32,3575,32480,393,67,,,85,57,13,,,,,,,,,,,,,,,,,,,,,,,,,,,,,
7495,253101,3,NK,0,111,12-Oct-2023,18:20:11,-22.7162,167.2892,,401677626,-117,50,0,12-Oct-2023,18:19:15,-22.7162,167.2892,119,2973,18342,481,150,,,94,62,13,,,,,,,,,,,,,,,,,,,,,,,,,,,,,
7495,253101,3,NK,0,111,12-Oct-2023,18:20:11,-22.7162,167.2892,,401677626,-117,50,0,12-Oct-2023,18:19:44,-22.7162,167.2892,119,2973,18342,481,150,,,107,133,0,,,,,,,,,,,,,,,,,,,,,,,,,,,,,
7495,253101,3,NK,0,111,12-Oct-2023,18:20:11,-22.7162,167.2892,,401677626,-117,50,0,12-Oct-2023,18:20:13,-22.7162,167.2892,119,2973,18342,481,150,,,15,1,16,,,,,,,,,,,,,,,,,,,,,,,,,,,,,
7495,253101,3,NK,0,111,12-Oct-2023,18:20:11,-22.7162,167.2892,,401677626,-117,50,0,12-Oct-2023,18:20:32,-22.7162,167.2892,119,2973,18342,481,150,,,27,143,28,,,,,,,,,,,,,,,,,,,,,,,,,,,,,
7495,253101,3,NK,0,111,12-Oct-2023,18:20:11,-22.7162,167.2892,,401677626,-117,50,0,12-Oct-2023,18:21:14,-22.7162,167.2892,119,2973,18342,481,150,,,84,67,13,,,,,,,,,,,,,,,,,,,,,,,,,,,,,
7495,253101,3,SR,1,112,12-Oct-2023,19:25:02,-22.7320,167.2741,,401677600,-124,48,0,12-Oct-2023,19:21:26,-22.7320,167.2741,500,658,1231,351,85,,,40,252,163,,,,,,,,,,,,,,,,,,,,,,,,,,,,,
7495,253101,3,SR,1,112,12-Oct-2023,19:25:02,-22.7320,167.2741,,401677600,-124,48,0,12-Oct-2023,19:23:18,-22.7320,167.2741,500,658,1231,351,85,,,78,236,204,,,,,,,,,,,,,,,,,,,,,,,,,,,,,
7495,253101,3,SR,1,112,12-Oct-2023,19:25:02,-22.7320,167.2741,,401677600,-124,48,0,12-Oct-2023,19:23:39,-22.7320,167.2741,500,658,1231,351,85,,,82,140,13,,,,,,,,,,,,,,,,,,,,,,,,,,,,,
7495,253101,3,SR,1,112,12-Oct-2023,19:25:02,-22.7320,167.2741,,401677600,-124,48,0,12-Oct-2023,19:25:31,-22.7320,167.2741,500,658,1231,351,85,,,110,132,0,,,,,,,,,,,,,,,,,,,,,,,,,,,,,
7495,253101,3,SR,1,112,12-Oct-2023,19:25:02,-22.7320,167.2741,,401677600,-124,48,0,12-Oct-2023,19:26:34,-22.7320,167.2741,500,658,1231,351,85,,,15,1,16,,,,,,,,,,,,,,,,,,,,,,,,,,,,,
7495,253101,3,SR,1,112,12-Oct-2023,19:25:02,-22.7320,167.2741,,401677600,-124,48,0,12-Oct-2023,19:29:46,-22.7320,167.2741,500,658,1231,351,85,,,77,231,4,,,,,,,,,,,,,,,,,,,,,,,,,,,,,
7495,253101,3,A1,3,113,12-Oct-2023,19:48:01,-22.7316,167.2821,,401677602,-130,56,0,12-Oct-2023,19:45:28,-22.7316,167.2821,385,225,331,152,159,,,15,1,16,,,,,,,,,,,,,,,,,,,,,,,,,,,,,
7495,253101,3,A1,3,113,12-Oct-2023,19:48:01,-22.7316,167.2821,,401677602,-130,56,0,12-Oct-2023,19:46:17,-22.7316,167.2821,385,225,331,152,159,,,77,231,4,,,,,,,,,,,,,,,,,,,,,,,,,,,,,
7495,253101,3,A1,3,113,12-Oct-2023,19:48:01,-22.7316,167.2821,,401677602,-130,56,1,12-Oct-2023,19:48:44,-22.7316,167.2821,385,225,331,152,159,,,27,143,28,,,,,,,,,,,,,,,,,,,,,,,,,,,,,
7495,253101,3,A1,3,113,12-Oct-2023,19:48:01,-22.7316,167.2821,,401677602,-130,56,0,12-Oct-2023,19:50:00,-22.7316,167.2821,385,225,331,152,159,,,78,232,4,,,,,,,,,,,,,,,,,,,,,,,,,,,,,
7495,253101,3,A1,3,113,12-Oct-2023,19:48:01,-22.7316,167.2821,,401677602,-130,56,0,12-Oct-2023,19:51:53,-22.7316,167.2821,385,225,331,152,159,,,82,156,13,,,,,,,,,,,,,,,,,,,,,,,,,,,,,
7495,253101,3,CS,1,114,15-Oct-2023,04:53:35,-22.7683,167.3906,,401677613,-132,40,0,15-Oct-2023,04:51:05,-22.7683,167.3906,470,824,1491,455,158,,,80,248,164,,,,,,,,,,,,,,,,,,,,,,,,,,,,,
7495,253101,3,CS,1,114,15-Oct-2023,04:53:35,-22.7683,167.3906,,401677613,-132,40,0,15-Oct-2023,04:54:00,-22.7683,167.3906,470,824,1491,455,158,,,91,206,13,,,,,,,,,,,,,,,,,,,,,,,,,,,,,
7495,253101,3,CS,1,114,15-Oct-2023,04:53:35,-22.7683,167.3906,,401677613,-132,40,0,15-Oct-2023,04:54:32,-22.7683,167.3906,470,824,1491,455,158,,,107,133,0,,,,,,,,,,,,,,,,,,,,,,,,,,,,,
7495,253101,3,CS,1,114,15-Oct-2023,04:53:35,-22.7683,167.3906,,401677613,-132,40,0,15-Oct-2023,04:55:54,-22.7683,167.3906,470,824,1491,455,158,,,67,241,4,,,,,,,,,,,,,,,,,,,,,,,,,,,,,
7495,253101,3,CS,1,114,15-Oct-2023,04:53:35,-22.7683,167.3906,,401677613,-132,40,0,15-Oct-2023,04:56:16,-22.7683,167.3906,470,824,1491,455,158,,,82,211,13,,,,,,,,,,,,,,,,,,,,,,,,,,,,,
7495,253101,3,CS,1,114,15-Oct-2023,04:53:35,-22.7683,167.3906,,401677613,-132,40,0,15-Oct-2023,04:56:36,-22.7683,167.3906,470,824,1491,455,158,,,100,134,0,,,,,,,,,,,,,,,,,,,,,,,,,,,,,
7495,253101,3,CS,1,114,15-Oct-2023,04:53:35,-22.7683,167.3906,,401677613,-132,40,1,15-Oct-2023,04:57:10,-22.7683,167.3906,470,824,1491,455,158,,,27,143,28,,,,,,,,,,,,,,,,,,,,,,,,,,,,,
7495,253101,3,CS,1,114,15-Oct-2023,04:53:35,-22.7683,167.3906,,401677613,-132,40,1,15-Oct-2023,04:57:58,-22.7683,167.3906,470,824,1491,455,158,,,66,244,4,,,,,,,,,,,,,,,,,,,,,,,,,,,,,
7495,253101,3,CS,1,114,15-Oct-2023,04:53:35,-22.7683,167.3906,,401677613,-132,40,0,15-Oct-2023,04:58:18,-22.7683,167.3906,470,824,1491,455,158,,,85,216,13,,,,,,,,,,,,,,,,,,,,,,,,,,,,,
7495,253101,3,CS,1,114,15-Oct-2023,04:53:35,-22.7683,167.3906,,401677613,-132,40,0,15-Oct-2023,04:58:34,-22.7683,167.3906,470,824,1491,455,158,,,110,132,0,,,,,,,,,,,,,,,,,,,,,,,,,,,,,
7495,253101,3,CS,1,114,15-Oct-2023,04:53:35,-22.7683,167.3906,,401677613,-132,40,2,15-Oct-2023,04:58:55,-22.7683,167.3906,470,824,1491,455,158,,,15,1,16,,,,,,,,,,,,,,,,,,,,,,,,,,,,,
7495,253101,3,SR,1,115,15-Oct-2023,05:29:03,-22.8074,167.3544,,401677598,-124,48,0,15-Oct-2023,05:24:40,-22.8074,167.3544,662,534,661,431,129,,,15,1,210,,,,,,,,,,,,,,,,,,,,,,,,,,,,,
7495,253101,3,SR,1,115,15-Oct-2023,05:29:03,-22.8074,167.3544,,401677598,-124,48,0,15-Oct-2023,05:25:40,-22.8074,167.3544,662,534,661,431,129,,,64,238,4,,,,,,,,,,,,,,,,,,,,,,,,,,,,,
7495,253101,3,SR,1,115,15-Oct-2023,05:29:03,-22.8074,167.3544,,401677598,-124,48,0,15-Oct-2023,05:26:30,-22.8074,167.3544,662,534,661,431,129,,,88,33,14,,,,,,,,,,,,,,,,,,,,,,,,,,,,,
7495,253101,3,SR,1,115,15-Oct-2023,05:29:03,-22.8074,167.3544,,401677598,-124,48,0,15-Oct-2023,05:26:52,-22.8074,167.3544,662,534,661,431,129,,,100,133,255,,,,,,,,,,,,,,,,,,,,,,,,,,,,,
7495,253101,31,SR,1,115,15-Oct-2023,05:29:03,-22.8074,167.3544,,401677598,-124,48,0,15-Oct-2023,05:27:10,-22.8074,167.3544,662,534,661,431,129,,,42,233,192,238,238,238,238,238,238,238,238,238,238,238,238,215,233,160,238,238,238,238,238,238,238,238,238,14,238,238,28,
7495,253101,31,SR,1,115,15-Oct-2023,05:29:03,-22.8074,167.3544,,401677598,-124,48,0,15-Oct-2023,05:27:31,-22.8074,167.3544,662,534,661,431,129,,,42,233,128,238,238,238,238,238,236,239,115,164,245,143,243,227,126,101,200,181,14,183,87,17,14,149,38,18,254,6,13,
7495,253101,3,SR,1,115,15-Oct-2023,05:29:03,-22.8074,167.3544,,401677598,-124,48,0,15-Oct-2023,05:29:27,-22.8074,167.3544,662,534,661,431,129,,,85,40,14,,,,,,,,,,,,,,,,,,,,,,,,,,,,,
7495,253101,23,SR,1,115,15-Oct-2023,05:29:03,-22.8074,167.3544,,401677598,-124,48,0,15-Oct-2023,05:29:50,-22.8074,167.3544,662,534,661,431,129,,,73,48,165,253,232,144,190,81,71,150,17,83,214,28,83,10,31,255,27,206,192,142,128,,,,,,,,,
7495,253101,3,SR,1,115,15-Oct-2023,05:29:03,-22.8074,167.3544,,401677598,-124,48,0,15-Oct-2023,05:30:11,-22.8074,167.3544,662,534,661,431,129,,,100,134,0,,,,,,,,,,,,,,,,,,,,,,,,,,,,,
7495,253101,3,SR,1,115,15-Oct-2023,05:29:03,-22.8074,167.3544,,401677598,-124,48,2,15-Oct-2023,05:33:01,-22.8074,167.3544,662,534,661,431,129,,,27,143,28,,,,,,,,,,,,,,,,,,,,,,,,,,,,,
7495,253101,3,SR,1,115,15-Oct-2023,05:29:03,-22.8074,167.3544,,401677598,-124,48,1,15-Oct-2023,05:33:17,-22.8074,167.3544,662,534,661,431,129,,,79,237,4,,,,,,,,,,,,,,,,,,,,,,,,,,,,,
7495,253101,3,SR,1,115,15-Oct-2023,05:29:03,-22.8074,167.3544,,401677598,-124,48,2,15-Oct-2023,05:35:42,-22.8074,167.3544,662,534,661,431,129,,,15,1,16,,,,,,,,,,,,,,,,,,,,,,,,,,,,,
7495,253101,3,A1,3,116,15-Oct-2023,05:36:43,-22.8114,167.3595,,401677598,-134,56,1,15-Oct-2023,05:36:21,-22.8114,167.3595,176,136,188,97,44,,,27,143,28,,,,,,,,,,,,,,,,,,,,,,,,,,,,,
7495,253101,3,A1,3,116,15-Oct-2023,05:36:43,-22.8114,167.3595,,401677598,-134,56,1,15-Oct-2023,05:36:37,-22.8114,167.3595,176,136,188,97,44,,,79,237,4,,,,,,,,,,,,,,,,,,,,,,,,,,,,,
7495,253101,3,A1,3,116,15-Oct-2023,05:36:43,-22.8114,167.3595,,401677598,-134,56,0,15-Oct-2023,05:36:53,-22.8114,167.3595,176,136,188,97,44,,,85,56,14,,,,,,,,,,,,,,,,,,,,,,,,,,,,,
7495,253101,3,A1,3,116,15-Oct-2023,05:36:43,-22.8114,167.3595,,401677598,-134,56,0,15-Oct-2023,05:37:08,-22.8114,167.3595,176,136,188,97,44,,,110,132,0,,,,,,,,,,,,,,,,,,,,,,,,,,,,,
7495,253101,3,A1,3,116,15-Oct-2023,05:36:43,-22.8114,167.3595,,401677598,-134,56,1,15-Oct-2023,05:37:25,-22.8114,167.3595,176,136,188,97,44,,,15,1,16,,,,,,,,,,,,,,,,,,,,,,,,,,,,,
7495,253101,3,A1,3,116,15-Oct-2023,05:36:43,-22.8114,167.3595,,401677598,-134,56,0,15-Oct-2023,05:37:45,-22.8114,167.3595,176,136,188,97,44,,,27,139,13,,,,,,,,,,,,,,,,,,,,,,,,,,,,,
7495,253101,3,A1,3,116,15-Oct-2023,05:36:43,-22.8114,167.3595,,401677598,-134,56,0,15-Oct-2023,05:38:26,-22.8114,167.3595,176,136,188,97,44,,,69,239,4,,,,,,,,,,,,,,,,,,,,,,,,,,,,,
7495,253101,3,A1,3,116,15-Oct-2023,05:36:43,-22.8114,167.3595,,401677598,-134,56,0,15-Oct-2023,05:38:53,-22.8114,167.3595,176,136,188,97,44,,,84,61,14,,,,,,,,,,,,,,,,,,,,,,,,,,,,,
7495,253101,3,A1,3,116,15-Oct-2023,05:36:43,-22.8114,167.3595,,401677598,-134,56,0,15-Oct-2023,05:39:17,-22.8114,167.3595,176,136,188,97,44,,,63,135,16,,,,,,,,,,,,,,,,,,,,,,,,,,,,,
7495,253101,3,CS,2,117,15-Oct-2023,06:33:29,-22.8436,167.3595,,401677598,-124,58,0,15-Oct-2023,06:28:51,-22.8436,167.3595,683,372,1622,85,74,,,75,233,4,,,,,,,,,,,,,,,,,,,,,,,,,,,,,
7495,253101,3,CS,2,117,15-Oct-2023,06:33:29,-22.8436,167.3595,,401677598,-124,58,0,15-Oct-2023,06:31:41,-22.8436,167.3595,683,372,1622,85,74,,,83,121,14,,,,,,,,,,,,,,,,,,,,,,,,,,,,,
7495,253101,3,CS,2,117,15-Oct-2023,06:33:29,-22.8436,167.3595,,401677598,-124,58,0,15-Oct-2023,06:32:37,-22.8436,167.3595,683,372,1622,85,74,,,15,1,16,,,,,,,,,,,,,,,,,,,,,,,,,,,,,
7495,253101,3,CS,2,117,15-Oct-2023,06:33:29,-22.8436,167.3595,,401677598,-124,58,1,15-Oct-2023,06:32:56,-22.8436,167.3595,683,372,1622,85,74,,,27,143,28,,,,,,,,,,,,,,,,,,,,,,,,,,,,,
7495,253101,3,CS,2,117,15-Oct-2023,06:33:29,-22.8436,167.3595,,401677598,-124,58,0,15-Oct-2023,06:33:40,-22.8436,167.3595,683,372,1622,85,74,,,77,231,4,,,,,,,,,,,,,,,,,,,,,,,,,,,,,
7495,253101,3,CS,2,117,15-Oct-2023,06:33:29,-22.8436,167.3595,,401677598,-124,58,0,15-Oct-2023,06:35:09,-22.8436,167.3595,683,372,1622,85,74,,,88,126,14,,,,,,,,,,,,,,,,,,,,,,,,,,,,,
7495,253101,3,CS,2,117,15-Oct-2023,06:33:29,-22.8436,167.3595,,401677598,-124,58,1,15-Oct-2023,06:39:42,-22.8436,167.3595,683,372,1622,85,74,,,100,134,0,,,,,,,,,,,,,,,,,,,,,,,,,,,,,
7495,253101,3,CS,2,117,15-Oct-2023,06:33:29,-22.8436,167.3595,,401677598,-124,58,0,15-Oct-2023,06:40:14,-22.8436,167.3595,683,372,1622,85,74,,,13,2,85,,,,,,,,,,,,,,,,,,,,,,,,,,,,,
7495,253101,3,SR,3,118,15-Oct-2023,07:10:47,-22.8595,167.3510,,401677598,-122,56,0,15-Oct-2023,07:07:50,-22.8595,167.3510,425,242,724,80,121,,,95,173,209,,,,,,,,,,,,,,,,,,,,,,,,,,,,,
7495,253101,3,SR,3,118,15-Oct-2023,07:10:47,-22.8595,167.3510,,401677598,-122,56,0,15-Oct-2023,07:08:10,-22.8595,167.3510,425,242,724,80,121,,,100,134,0,,,,,,,,,,,,,,,,,,,,,,,,,,,,,
7495,253101,23,SR,3,118,15-Oct-2023,07:10:47,-22.8595,167.3510,,401677598,-122,56,0,15-Oct-2023,07:08:53,-22.8595,167.3510,425,242,724,80,121,,,92,112,165,253,232,144,190,81,71,156,194,19,148,29,77,10,23,199,27,206,176,142,128,,,,,,,,,
7495,253101,3,SR,3,118,15-Oct-2023,07:10:47,-22.8595,167.3510,,401677598,-122,56,0,15-Oct-2023,07:09:08,-22.8595,167.3510,425,242,724,80,121,,,15,1,16,,,,,,,,,,,,,,,,,,,,,,,,,,,,,
7495,253101,3,SR,3,118,15-Oct-2023,07:10:47,-22.8595,167.3510,,401677598,-122,56,0,15-Oct-2023,07:09:24,-22.8595,167.3510,425,242,724,80,121,,,27,143,28,,,,,,,,,,,,,,,,,,,,,,,,,,,,,
7495,253101,3,SR,3,118,15-Oct-2023,07:10:47,-22.8595,167.3510,,401677598,-122,56,0,15-Oct-2023,07:13:23,-22.8595,167.3510,425,242,724,80,121,,,78,232,4,,,,,,,,,,,,,,,,,,,,,,,,,,,,,
7495,253101,3,SR,3,118,15-Oct-2023,07:10:47,-22.8595,167.3510,,401677598,-122,56,0,15-Oct-2023,07:14:39,-22.8595,167.3510,425,242,724,80,121,,,89,170,14,,,,,,,,,,,,,,,,,,,,,,,,,,,,,
7495,253101,3,SR,3,118,15-Oct-2023,07:10:47,-22.8595,167.3510,,401677598,-122,56,0,15-Oct-2023,07:14:55,-22.8595,167.3510,425,242,724,80,121,,,97,135,0,,,,,,,,,,,,,,,,,,,,,,,,,,,,,
7495,253101,3,A1,3,119,15-Oct-2023,07:08:41,-22.8604,167.3493,,401677596,-127,58,0,15-Oct-2023,07:07:50,-22.8604,167.3493,94,229,766,68,4,,,117,47,129,,,,,,,,,,,,,,,,,,,,,,,,,,,,,
7495,253101,3,A1,3,119,15-Oct-2023,07:08:41,-22.8604,167.3493,,401677596,-127,58,0,15-Oct-2023,07:08:10,-22.8604,167.3493,94,229,766,68,4,,,100,134,0,,,,,,,,,,,,,,,,,,,,,,,,,,,,,
7495,253101,23,A1,3,119,15-Oct-2023,07:08:41,-22.8604,167.3493,,401677596,-127,58,0,15-Oct-2023,07:08:53,-22.8604,167.3493,94,229,766,68,4,,,92,112,165,253,232,144,190,81,71,156,194,19,148,29,77,10,23,199,27,206,176,142,128,,,,,,,,,
7495,253101,3,A1,3,119,15-Oct-2023,07:08:41,-22.8604,167.3493,,401677596,-127,58,0,15-Oct-2023,07:09:08,-22.8604,167.3493,94,229,766,68,4,,,15,1,16,,,,,,,,,,,,,,,,,,,,,,,,,,,,,
7495,253101,3,A1,3,119,15-Oct-2023,07:08:41,-22.8604,167.3493,,401677596,-127,58,0,15-Oct-2023,07:09:24,-22.8604,167.3493,94,229,766,68,4,,,27,143,28,,,,,,,,,,,,,,,,,,,,,,,,,,,,,
7495,253101,3,NP,B,120,15-Oct-2023,08:40:45,-22.8577,167.3361,,401677605,-132,8,0,15-Oct-2023,08:40:05,-22.8577,167.3361,81,2272,6667,774,102,,,88,175,14,,,,,,,,,,,,,,,,,,,,,,,,,,,,,
7495,253101,31,NP,B,120,15-Oct-2023,08:40:45,-22.8577,167.3361,,401677605,-132,8,0,15-Oct-2023,08:41:26,-22.8577,167.3361,81,2272,6667,774,102,,,10,1,91,101,68,16,236,108,183,239,161,110,238,238,238,215,233,160,238,238,238,238,238,238,238,238,238,14,238,238,28,
7495,253101,31,NP,B,121,15-Oct-2023,10:13:03,-22.9340,167.3005,,401677611,-133,8,0,15-Oct-2023,10:13:04,-22.9340,167.3005,,4542,4892,4216,88,,,42,233,128,238,238,238,238,238,238,238,238,238,4,231,5,74,149,90,169,94,155,55,90,200,176,236,133,193,247,49,166,
7495,253101,3,CS,2,122,16-Oct-2023,05:49:55,-22.8252,167.2497,,401677606,-125,50,0,16-Oct-2023,05:48:08,-22.8252,167.2497,638,462,990,215,123,,,92,212,14,,,,,,,,,,,,,,,,,,,,,,,,,,,,,
7495,253101,3,CS,2,122,16-Oct-2023,05:49:55,-22.8252,167.2497,,401677606,-125,50,0,16-Oct-2023,05:48:28,-22.8252,167.2497,638,462,990,215,123,,,110,132,0,,,,,,,,,,,,,,,,,,,,,,,,,,,,,
7495,253101,3,CS,2,122,16-Oct-2023,05:49:55,-22.8252,167.2497,,401677606,-125,50,1,16-Oct-2023,05:49:08,-22.8252,167.2497,638,462,990,215,123,,,27,143,28,,,,,,,,,,,,,,,,,,,,,,,,,,,,,
7495,253101,23,CS,2,122,16-Oct-2023,05:49:55,-22.8252,167.2497,,401677606,-125,50,0,16-Oct-2023,05:49:44,-22.8252,167.2497,638,462,990,215,123,,,94,144,165,253,232,144,190,81,72,23,80,149,212,29,177,10,1,239,27,206,208,255,128,,,,,,,,,
7495,253101,3,CS,2,122,16-Oct-2023,05:49:55,-22.8252,167.2497,,401677606,-125,50,1,16-Oct-2023,05:50:12,-22.8252,167.2497,638,462,990,215,123,,,79,237,4,,,,,,,,,,,,,,,,,,,,,,,,,,,,,
7495,253101,3,CS,2,122,16-Oct-2023,05:49:55,-22.8252,167.2497,,401677606,-125,50,0,16-Oct-2023,05:50:59,-22.8252,167.2497,638,462,990,215,123,,,90,218,14,,,,,,,,,,,,,,,,,,,,,,,,,,,,,
7495,253101,3,CS,2,122,16-Oct-2023,05:49:55,-22.8252,167.2497,,401677606,-125,50,1,16-Oct-2023,05:58:46,-22.8252,167.2497,638,462,990,215,123,,,15,1,16,,,,,,,,,,,,,,,,,,,,,,,,,,,,,
7495,253101,3,NK,B,123,16-Oct-2023,18:18:51,-22.8456,167.3544,,401677620,-133,,0,16-Oct-2023,18:18:43,-22.8456,167.3544,17,7732,9386,6369,133,,,88,14,15,,,,,,,,,,,,,,,,,,,,,,,,,,,,,
7495,253101,3,NK,B,123,16-Oct-2023,18:18:51,-22.8456,167.3544,,401677620,-133,,0,16-Oct-2023,18:19:00,-22.8456,167.3544,17,7732,9386,6369,133,,,110,132,0,,,,,,,,,,,,,,,,,,,,,,,,,,,,,
7495,253101,3,A1,3,124,16-Oct-2023,18:26:09,-22.8771,167.4071,,401677606,-125,56,0,16-Oct-2023,18:22:04,,,529,78,94,64,96,,,106,16,114,,,,,,,,,,,,,,,,,,,,,,,,,,,,,
7495,253101,3,A1,3,124,16-Oct-2023,18:26:09,-22.8771,167.4071,,401677606,-125,56,0,16-Oct-2023,18:23:33,,,529,78,94,64,96,,,87,29,15,,,,,,,,,,,,,,,,,,,,,,,,,,,,,
7495,253101,3,A1,3,124,16-Oct-2023,18:26:09,-22.8771,167.4071,,401677606,-125,56,0,16-Oct-2023,18:24:51,,,529,78,94,64,96,,,84,34,15,,,,,,,,,,,,,,,,,,,,,,,,,,,,,
7495,253101,23,A1,3,124,16-Oct-2023,18:26:09,-22.8771,167.4071,,401677606,-125,56,0,16-Oct-2023,18:25:06,,,529,78,94,64,96,,,76,48,165,253,232,144,190,81,72,73,198,147,84,30,79,188,245,127,253,162,197,221,128,,,,,,,,,
7495,253101,3,A1,3,124,16-Oct-2023,18:26:09,-22.8771,167.4071,,401677606,-125,56,0,16-Oct-2023,18:25:34,,,529,78,94,64,96,,,107,133,0,,,,,,,,,,,,,,,,,,,,,,,,,,,,,
7495,253101,3,A1,3,124,16-Oct-2023,18:26:09,-22.8771,167.4071,,401677606,-125,56,0,16-Oct-2023,18:26:59,,,529,78,94,64,96,,,86,40,15,,,,,,,,,,,,,,,,,,,,,,,,,,,,,
7495,253101,3,A1,3,124,16-Oct-2023,18:26:09,-22.8771,167.4071,,401677606,-125,56,3,16-Oct-2023,18:27:39,,,529,78,94,64,96,,,15,1,16,,,,,,,,,,,,,,,,,,,,,,,,,,,,,
7495,253101,3,A1,3,124,16-Oct-2023,18:26:09,-22.8771,167.4071,,401677606,-125,56,0,16-Oct-2023,18:28:27,,,529,78,94,64,96,,,87,45,15,,,,,,,,,,,,,,,,,,,,,,,,,,,,,
7495,253101,3,A1,3,124,16-Oct-2023,18:26:09,-22.8771,167.4071,,401677606,-125,56,1,16-Oct-2023,18:28:46,,,529,78,94,64,96,,,101,131,0,,,,,,,,,,,,,,,,,,,,,,,,,,,,,
7495,253101,3,A1,3,124,16-Oct-2023,18:26:09,-22.8771,167.4071,,401677606,-125,56,0,16-Oct-2023,18:29:33,,,529,78,94,64,96,,,68,234,4,,,,,,,,,,,,,,,,,,,,,,,,,,,,,
7495,253101,3,A1,3,124,16-Oct-2023,18:26:09,-22.8771,167.4071,,401677606,-125,56,0,16-Oct-2023,18:29:51,,,529,78,94,64,96,,,84,50,15,,,,,,,,,,,,,,,,,,,,,,,,,,,,,
7495,253101,3,A1,3,124,16-Oct-2023,18:26:09,-22.8771,167.4071,,401677606,-125,56,4,16-Oct-2023,18:30:38,,,529,78,94,64,96,,,27,143,28,,,,,,,,,,,,,,,,,,,,,,,,,,,,,
7495,253101,3,A1,3,124,16-Oct-2023,18:26:09,-22.8771,167.4071,,401677606,-125,56,3,16-Oct-2023,18:30:53,,,529,78,94,64,96,,,65,235,4,,,,,,,,,,,,,,,,,,,,,,,,,,,,,
7495,253101,3,CS,3,125,16-Oct-2023,18:34:39,-22.8745,167.4012,,401677604,-122,56,0,16-Oct-2023,18:29:51,,,609,110,143,84,94,,,84,50,15,,,,,,,,,,,,,,,,,,,,,,,,,,,,,
7495,253101,3,CS,3,125,16-Oct-2023,18:34:39,-22.8745,167.4012,,401677604,-122,56,0,16-Oct-2023,18:31:09,,,609,110,143,84,94,,,85,55,15,,,,,,,,,,,,,,,,,,,,,,,,,,,,,
7495,253101,23,CS,3,125,16-Oct-2023,18:34:39,-22.8745,167.4012,,401677604,-122,56,0,16-Oct-2023,18:32:26,,,609,110,143,84,94,,,79,112,165,253,232,144,254,25,198,20,205,24,52,111,133,243,254,77,215,61,97,255,1,,,,,,,,,
7495,253101,3,CS,3,125,16-Oct-2023,18:34:39,-22.8745,167.4012,,401677604,-122,56,0,16-Oct-2023,18:32:44,,,609,110,143,84,94,,,87,61,15,,,,,,,,,,,,,,,,,,,,,,,,,,,,,
7495,253101,3,CS,3,125,16-Oct-2023,18:34:39,-22.8745,167.4012,,401677604,-122,56,0,16-Oct-2023,18:34:05,,,609,110,143,84,94,,,87,66,15,,,,,,,,,,,,,,,,,,,,,,,,,,,,,
7495,253101,3,CS,3,125,16-Oct-2023,18:34:39,-22.8745,167.4012,,401677604,-122,56,0,16-Oct-2023,18:35:28,,,609,110,143,84,94,,,86,71,15,,,,,,,,,,,,,,,,,,,,,,,,,,,,,
7495,253101,3,CS,3,125,16-Oct-2023,18:34:39,-22.8745,167.4012,,401677604,-122,56,0,16-Oct-2023,18:35:44,,,609,110,143,84,94,,,126,104,99,,,,,,,,,,,,,,,,,,,,,,,,,,,,,
7495,253101,3,CS,3,125,16-Oct-2023,18:34:39,-22.8745,167.4012,,401677604,-122,56,1,16-Oct-2023,18:36:34,,,609,110,143,84,94,,,65,235,4,,,,,,,,,,,,,,,,,,,,,,,,,,,,,
7495,253101,3,CS,3,125,16-Oct-2023,18:34:39,-22.8745,167.4012,,401677604,-122,56,0,16-Oct-2023,18:36:50,,,609,110,143,84,94,,,81,76,15,,,,,,,,,,,,,,,,,,,,,,,,,,,,,
7495,253101,3,CS,3,125,16-Oct-2023,18:34:39,-22.8745,167.4012,,401677604,-122,56,3,16-Oct-2023,18:37:05,,,609,110,143,84,94,,,100,134,0,,,,,,,,,,,,,,,,,,,,,,,,,,,,,
7495,253101,3,CS,3,125,16-Oct-2023,18:34:39,-22.8745,167.4012,,401677604,-122,56,5,16-Oct-2023,18:37:36,,,609,110,143,84,94,,,27,143,28,,,,,,,,,,,,,,,,,,,,,,,,,,,,,
7495,253101,3,CS,3,125,16-Oct-2023,18:34:39,-22.8745,167.4012,,401677604,-122,56,3,16-Oct-2023,18:37:51,,,609,110,143,84,94,,,68,234,4,,,,,,,,,,,,,,,,,,,,,,,,,,,,,
7495,253101,3,CS,3,125,16-Oct-2023,18:34:39,-22.8745,167.4012,,401677604,-122,56,0,16-Oct-2023,18:38:26,,,609,110,143,84,94,,,96,130,0,,,,,,,,,,,,,,,,,,,,,,,,,,,,,
7495,253101,3,CS,3,125,16-Oct-2023,18:34:39,-22.8745,167.4012,,401677604,-122,56,5,16-Oct-2023,18:38:42,,,609,110,143,84,94,,,15,1,16,,,,,,,,,,,,,,,,,,,,,,,,,,,,,
7495,253101,23,CS,3,125,16-Oct-2023,18:34:39,-22.8745,167.4012,,401677604,-122,56,0,16-Oct-2023,18:39:13,,,609,110,143,84,94,,,72,16,165,253,232,144,190,81,72,74,168,86,22,30,171,12,1,255,27,206,160,255,128,,,,,,,,,
7495,253101,3,CS,3,125,16-Oct-2023,18:34:39,-22.8745,167.4012,,401677604,-122,56,0,16-Oct-2023,18:39:30,,,609,110,143,84,94,,,74,236,4,,,,,,,,,,,,,,,,,,,,,,,,,,,,,
7495,253101,3,CS,3,125,16-Oct-2023,18:34:39,-22.8745,167.4012,,401677604,-122,56,0,16-Oct-2023,18:39:45,,,609,110,143,84,94,,,86,87,15,,,,,,,,,,,,,,,,,,,,,,,,,,,,,
7495,253101,3,CS,3,125,16-Oct-2023,18:34:39,-22.8745,167.4012,,401677604,-122,56,0,16-Oct-2023,18:40:00,,,609,110,143,84,94,,,97,135,0,,,,,,,,,,,,,,,,,,,,,,,,,,,,,
7495,253101,23,SR,1,126,16-Oct-2023,19:06:23,-22.8607,167.4363,,401677602,-121,58,0,16-Oct-2023,18:54:26,,,727,774,17911,33,77,,,92,112,165,253,232,144,190,81,18,75,36,135,27,211,63,240,229,67,95,44,54,56,14,,,,,,,,,
7495,253101,3,SR,1,126,16-Oct-2023,19:06:23,-22.8607,167.4363,,401677602,-121,58,0,16-Oct-2023,18:55:58,,,727,774,17911,33,77,,,95,139,15,,,,,,,,,,,,,,,,,,,,,,,,,,,,,
7495,253101,3,SR,1,126,16-Oct-2023,19:06:23,-22.8607,167.4363,,401677602,-121,58,0,16-Oct-2023,18:58:43,,,727,774,17911,33,77,,,88,144,15,,,,,,,,,,,,,,,,,,,,,,,,,,,,,
7495,253101,3,SR,1,126,16-Oct-2023,19:06:23,-22.8607,167.4363,,401677602,-121,58,0,16-Oct-2023,18:59:18,,,727,774,17911,33,77,,,97,135,0,,,,,,,,,,,,,,,,,,,,,,,,,,,,,
7495,253101,3,SR,1,126,16-Oct-2023,19:06:23,-22.8607,167.4363,,401677602,-121,58,0,16-Oct-2023,19:01:54,,,727,774,17911,33,77,,,101,131,0,,,,,,,,,,,,,,,,,,,,,,,,,,,,,
7495,253101,3,SR,1,126,16-Oct-2023,19:06:23,-22.8607,167.4363,,401677602,-121,58,0,16-Oct-2023,19:02:24,,,727,774,17911,33,77,,,15,0,95,,,,,,,,,,,,,,,,,,,,,,,,,,,,,
7495,253101,3,SR,1,126,16-Oct-2023,19:06:23,-22.8607,167.4363,,401677602,-121,58,1,16-Oct-2023,19:03:00,,,727,774,17911,33,77,,,65,235,4,,,,,,,,,,,,,,,,,,,,,,,,,,,,,
7495,253101,3,SR,1,126,16-Oct-2023,19:06:23,-22.8607,167.4363,,401677602,-121,58,0,16-Oct-2023,19:03:24,,,727,774,17911,33,77,,,90,154,15,,,,,,,,,,,,,,,,,,,,,,,,,,,,,
7495,253101,3,SR,1,126,16-Oct-2023,19:06:23,-22.8607,167.4363,,401677602,-121,58,2,16-Oct-2023,19:04:57,,,727,774,17911,33,77,,,15,1,16,,,,,,,,,,,,,,,,,,,,,,,,,,,,,
7495,253101,3,SR,1,126,16-Oct-2023,19:06:23,-22.8607,167.4363,,401677602,-121,58,3,16-Oct-2023,19:05:14,,,727,774,17911,33,77,,,27,143,28,,,,,,,,,,,,,,,,,,,,,,,,,,,,,
7495,253101,23,SR,1,126,16-Oct-2023,19:06:23,-22.8607,167.4363,,401677602,-121,58,0,16-Oct-2023,19:06:14,,,727,774,17911,33,77,,,81,80,165,253,232,144,190,81,72,76,152,151,86,31,65,14,69,254,182,142,4,73,132,,,,,,,,,
7495,253101,3,SR,1,126,16-Oct-2023,19:06:23,-22.8607,167.4363,,401677602,-121,58,2,16-Oct-2023,19:06:33,,,727,774,17911,33,77,,,100,134,0,,,,,,,,,,,,,,,,,,,,,,,,,,,,,
7495,253101,3,A1,A,127,16-Oct-2023,20:01:47,-22.8477,167.3904,,401677600,-132,8,0,16-Oct-2023,19:59:55,-22.8477,167.3904,177,1821,16641,199,46,,,97,135,0,,,,,,,,,,,,,,,,,,,,,,,,,,,,,
7495,253101,3,A1,A,127,16-Oct-2023,20:01:47,-22.8477,167.3904,,401677600,-132,8,0,16-Oct-2023,20:02:36,-22.8477,167.3904,177,1821,16641,199,46,,,75,233,4,,,,,,,,,,,,,,,,,,,,,,,,,,,,,
7495,253101,23,A1,A,127,16-Oct-2023,20:01:47,-22.8477,167.3904,,401677600,-132,8,0,16-Oct-2023,20:02:52,-22.8477,167.3904,177,1821,16641,199,46,,,81,80,165,253,232,144,190,81,72,80,98,214,148,31,115,12,1,151,27,206,160,255,128,,,,,,,,,
7495,253101,3,NP,B,128,16-Oct-2023,21:17:30,-22.8433,167.3884,,401677600,-130,8,0,16-Oct-2023,21:17:30,-22.8433,167.3884,,4113,5406,3128,53,,,97,135,0,,,,,,,,,,,,,,,,,,,,,,,,,,,,,
7495,253101,3,O3,A,129,17-Oct-2023,00:40:55,-22.8111,167.2988,,401677595,-123,8,0,17-Oct-2023,00:39:01,-22.8111,167.2988,222,396,2320,67,96,,,15,1,16,,,,,,,,,,,,,,,,,,,,,,,,,,,,,
7495,253101,3,O3,A,129,17-Oct-2023,00:40:55,-22.8111,167.2988,,401677595,-123,8,0,17-Oct-2023,00:41:01,-22.8111,167.2988,222,396,2320,67,96,,,27,143,28,,,,,,,,,,,,,,,,,,,,,,,,,,,,,
7495,253101,3,O3,A,129,17-Oct-2023,00:40:55,-22.8111,167.2988,,401677595,-123,8,0,17-Oct-2023,00:42:43,-22.8111,167.2988,222,396,2320,67,96,,,65,235,4,,,,,,,,,,,,,,,,,,,,,,,,,,,,,
7495,253101,3,O3,B,130,17-Oct-2023,02:21:23,-22.8033,167.2874,,401677596,-136,8,0,17-Oct-2023,02:21:15,-22.8033,167.2874,17,1289,1427,1165,99,,,15,1,16,,,,,,,,,,,,,,,,,,,,,,,,,,,,,
7495,253101,23,O3,B,130,17-Oct-2023,02:21:23,-22.8033,167.2874,,401677596,-136,8,0,17-Oct-2023,02:21:32,-22.8033,167.2874,17,1289,1427,1165,99,,,73,144,165,253,232,144,190,81,8,132,153,22,64,41,1,155,103,87,140,254,241,41,113,,,,,,,,,
7495,253101,3,CS,2,131,17-Oct-2023,05:12:12,-22.8421,167.2331,,401677601,-127,58,0,17-Oct-2023,05:08:05,-22.8421,167.2331,432,262,489,139,28,,,77,231,4,,,,,,,,,,,,,,,,,,,,,,,,,,,,,
7495,253101,3,CS,2,131,17-Oct-2023,05:12:12,-22.8421,167.2331,,401677601,-127,58,0,17-Oct-2023,05:08:20,-22.8421,167.2331,432,262,489,139,28,,,85,109,16,,,,,,,,,,,,,,,,,,,,,,,,,,,,,
7495,253101,3,CS,2,131,17-Oct-2023,05:12:12,-22.8421,167.2331,,401677601,-127,58,0,17-Oct-2023,05:11:01,-22.8421,167.2331,432,262,489,139,28,,,101,131,0,,,,,,,,,,,,,,,,,,,,,,,,,,,,,
7495,253101,3,CS,2,131,17-Oct-2023,05:12:12,-22.8421,167.2331,,401677601,-127,58,0,17-Oct-2023,05:13:33,-22.8421,167.2331,432,262,489,139,28,,,75,233,4,,,,,,,,,,,,,,,,,,,,,,,,,,,,,
7495,253101,3,CS,2,131,17-Oct-2023,05:12:12,-22.8421,167.2331,,401677601,-127,58,0,17-Oct-2023,05:14:02,-22.8421,167.2331,432,262,489,139,28,,,86,114,16,,,,,,,,,,,,,,,,,,,,,,,,,,,,,
7495,253101,3,CS,2,131,17-Oct-2023,05:12:12,-22.8421,167.2331,,401677601,-127,58,1,17-Oct-2023,05:14:52,-22.8421,167.2331,432,262,489,139,28,,,15,1,16,,,,,,,,,,,,,,,,,,,,,,,,,,,,,
7495,253101,3,CS,2,131,17-Oct-2023,05:12:12,-22.8421,167.2331,,401677601,-127,58,0,17-Oct-2023,05:15:17,-22.8421,167.2331,432,262,489,139,28,,,27,143,28,,,,,,,,,,,,,,,,,,,,,,,,,,,,,
7495,253101,3,SR,3,132,17-Oct-2023,06:07:45,-22.8566,167.2434,,401677603,-120,58,0,17-Oct-2023,06:00:26,-22.8566,167.2434,772,232,336,160,122,,,100,134,0,,,,,,,,,,,,,,,,,,,,,,,,,,,,,
7495,253101,3,SR,3,132,17-Oct-2023,06:07:45,-22.8566,167.2434,,401677603,-120,58,0,17-Oct-2023,06:03:50,-22.8566,167.2434,772,232,336,160,122,,,75,233,133,,,,,,,,,,,,,,,,,,,,,,,,,,,,,
7495,253101,3,SR,3,132,17-Oct-2023,06:07:45,-22.8566,167.2434,,401677603,-120,58,0,17-Oct-2023,06:04:21,-22.8566,167.2434,772,232,336,160,122,,,81,136,16,,,,,,,,,,,,,,,,,,,,,,,,,,,,,
7495,253101,3,SR,3,132,17-Oct-2023,06:07:45,-22.8566,167.2434,,401677603,-120,58,0,17-Oct-2023,06:05:20,-22.8566,167.2434,772,232,336,160,122,,,107,133,0,,,,,,,,,,,,,,,,,,,,,,,,,,,,,
7495,253101,3,SR,3,132,17-Oct-2023,06:07:45,-22.8566,167.2434,,401677603,-120,58,0,17-Oct-2023,06:08:54,-22.8566,167.2434,772,232,336,160,122,,,78,232,4,,,,,,,,,,,,,,,,,,,,,,,,,,,,,
7495,253101,3,SR,3,132,17-Oct-2023,06:07:45,-22.8566,167.2434,,401677603,-120,58,0,17-Oct-2023,06:09:10,-22.8566,167.2434,772,232,336,160,122,,,80,141,16,,,,,,,,,,,,,,,,,,,,,,,,,,,,,
7495,253101,3,SR,3,132,17-Oct-2023,06:07:45,-22.8566,167.2434,,401677603,-120,58,0,17-Oct-2023,06:09:25,-22.8566,167.2434,772,232,336,160,122,,,97,135,0,,,,,,,,,,,,,,,,,,,,,,,,,,,,,
7495,253101,3,SR,3,132,17-Oct-2023,06:07:45,-22.8566,167.2434,,401677603,-120,58,0,17-Oct-2023,06:10:44,-22.8566,167.2434,772,232,336,160,122,,,75,233,4,,,,,,,,,,,,,,,,,,,,,,,,,,,,,
7495,253101,3,SR,3,132,17-Oct-2023,06:07:45,-22.8566,167.2434,,401677603,-120,58,2,17-Oct-2023,06:12:15,-22.8566,167.2434,772,232,336,160,122,,,15,1,16,,,,,,,,,,,,,,,,,,,,,,,,,,,,,
7495,253101,3,SR,3,132,17-Oct-2023,06:07:45,-22.8566,167.2434,,401677603,-120,58,2,17-Oct-2023,06:12:40,-22.8566,167.2434,772,232,336,160,122,,,27,143,28,,,,,,,,,,,,,,,,,,,,,,,,,,,,,
7495,253101,3,SR,3,132,17-Oct-2023,06:07:45,-22.8566,167.2434,,401677603,-120,58,0,17-Oct-2023,06:12:58,-22.8566,167.2434,772,232,336,160,122,,,77,231,4,,,,,,,,,,,,,,,,,,,,,,,,,,,,,
7495,253101,3,SR,3,132,17-Oct-2023,06:07:45,-22.8566,167.2434,,401677603,-120,58,0,17-Oct-2023,06:13:18,-22.8566,167.2434,772,232,336,160,122,,,82,151,16,,,,,,,,,,,,,,,,,,,,,,,,,,,,,
7495,253101,3,A1,1,133,17-Oct-2023,06:25:42,-22.8621,167.2346,,401677600,-120,46,0,17-Oct-2023,06:23:02,-22.8621,167.2346,570,1095,13255,90,107,,,15,129,16,,,,,,,,,,,,,,,,,,,,,,,,,,,,,
7495,253101,3,A1,1,133,17-Oct-2023,06:25:42,-22.8621,167.2346,,401677600,-120,46,0,17-Oct-2023,06:24:07,-22.8621,167.2346,570,1095,13255,90,107,,,90,52,239,,,,,,,,,,,,,,,,,,,,,,,,,,,,,
7495,253101,3,A1,1,133,17-Oct-2023,06:25:42,-22.8621,167.2346,,401677600,-120,46,0,17-Oct-2023,06:24:25,-22.8621,167.2346,570,1095,13255,90,107,,,82,167,16,,,,,,,,,,,,,,,,,,,,,,,,,,,,,
7495,253101,3,A1,1,133,17-Oct-2023,06:25:42,-22.8621,167.2346,,401677600,-120,46,0,17-Oct-2023,06:25:22,-22.8621,167.2346,570,1095,13255,90,107,,,15,1,16,,,,,,,,,,,,,,,,,,,,,,,,,,,,,
7495,253101,3,A1,1,133,17-Oct-2023,06:25:42,-22.8621,167.2346,,401677600,-120,46,1,17-Oct-2023,06:27:49,-22.8621,167.2346,570,1095,13255,90,107,,,27,143,28,,,,,,,,,,,,,,,,,,,,,,,,,,,,,
7495,253101,3,A1,1,133,17-Oct-2023,06:25:42,-22.8621,167.2346,,401677600,-120,46,0,17-Oct-2023,06:28:10,-22.8621,167.2346,570,1095,13255,90,107,,,78,232,4,,,,,,,,,,,,,,,,,,,,,,,,,,,,,
7495,253101,3,A1,1,133,17-Oct-2023,06:25:42,-22.8621,167.2346,,401677600,-120,46,1,17-Oct-2023,06:32:32,-22.8621,167.2346,570,1095,13255,90,107,,,100,134,0,,,,,,,,,,,,,,,,,,,,,,,,,,,,,
7495,253101,31,SR,B,134,17-Oct-2023,07:50:48,-22.8721,167.2309,,401677615,-138,8,0,17-Oct-2023,07:50:48,-22.8721,167.2309,,8535,9483,7681,83,,,42,232,161,248,172,230,214,123,2,149,100,249,111,108,126,87,204,142,101,252,225,143,248,15,134,57,3,253,9,231,63,
7495,253101,31,CS, ,135,19-Oct-2023,05:30:27,,,,401650000,-127,,0,19-Oct-2023,05:30:27,,,,,,,,,,42,234,64,238,238,238,238,14,224,238,238,238,238,238,238,37,234,32,0,0,0,0,239,238,124,133,142,86,78,250,253,
7495,253101,31,CS, ,136,19-Oct-2023,07:10:13,,,,401650000,-126,,0,19-Oct-2023,07:10:13,,,,,,,,,,42,234,64,238,238,238,238,14,224,238,238,238,238,108,203,50,206,95,157,152,191,119,98,25,225,27,225,186,83,221,135,
7495,253101,3,A1,3,137,21-Oct-2023,18:17:15,-22.8562,167.2816,,401677607,-125,50,0,21-Oct-2023,18:13:28,-22.8562,167.2816,487,116,135,99,98,,,89,239,16,,,,,,,,,,,,,,,,,,,,,,,,,,,,,
7495,253101,3,A1,3,137,21-Oct-2023,18:17:15,-22.8562,167.2816,,401677607,-125,50,0,21-Oct-2023,18:14:43,-22.8562,167.2816,487,116,135,99,98,,,72,230,4,,,,,,,,,,,,,,,,,,,,,,,,,,,,,
7495,253101,3,A1,3,137,21-Oct-2023,18:17:15,-22.8562,167.2816,,401677607,-125,50,0,21-Oct-2023,18:16:16,-22.8562,167.2816,487,116,135,99,98,,,71,229,4,,,,,,,,,,,,,,,,,,,,,,,,,,,,,
7495,253101,3,A1,3,137,21-Oct-2023,18:17:15,-22.8562,167.2816,,401677607,-125,50,0,21-Oct-2023,18:16:45,-22.8562,167.2816,487,116,135,99,98,,,87,249,16,,,,,,,,,,,,,,,,,,,,,,,,,,,,,
7495,253101,3,A1,3,137,21-Oct-2023,18:17:15,-22.8562,167.2816,,401677607,-125,50,1,21-Oct-2023,18:17:04,-22.8562,167.2816,487,116,135,99,98,,,107,133,0,,,,,,,,,,,,,,,,,,,,,,,,,,,,,
7495,253101,3,A1,3,137,21-Oct-2023,18:17:15,-22.8562,167.2816,,401677607,-125,50,1,21-Oct-2023,18:17:52,-22.8562,167.2816,487,116,135,99,98,,,75,233,4,,,,,,,,,,,,,,,,,,,,,,,,,,,,,
7495,253101,3,A1,3,137,21-Oct-2023,18:17:15,-22.8562,167.2816,,401677607,-125,50,0,21-Oct-2023,18:18:25,-22.8562,167.2816,487,116,135,99,98,,,73,249,25,,,,,,,,,,,,,,,,,,,,,,,,,,,,,
7495,253101,3,A1,3,137,21-Oct-2023,18:17:15,-22.8562,167.2816,,401677607,-125,50,2,21-Oct-2023,18:19:13,-22.8562,167.2816,487,116,135,99,98,,,27,143,28,,,,,,,,,,,,,,,,,,,,,,,,,,,,,
7495,253101,3,A1,3,137,21-Oct-2023,18:17:15,-22.8562,167.2816,,401677607,-125,50,0,21-Oct-2023,18:19:28,-22.8562,167.2816,487,116,135,99,98,,,78,232,4,,,,,,,,,,,,,,,,,,,,,,,,,,,,,
7495,253101,3,A1,3,137,21-Oct-2023,18:17:15,-22.8562,167.2816,,401677607,-125,50,0,21-Oct-2023,18:19:44,-22.8562,167.2816,487,116,135,99,98,,,88,76,9,,,,,,,,,,,,,,,,,,,,,,,,,,,,,
7495,253101,3,A1,3,137,21-Oct-2023,18:17:15,-22.8562,167.2816,,401677607,-125,50,1,21-Oct-2023,18:20:03,-22.8562,167.2816,487,116,135,99,98,,,100,134,0,,,,,,,,,,,,,,,,,,,,,,,,,,,,,
7495,253101,3,A1,3,137,21-Oct-2023,18:17:15,-22.8562,167.2816,,401677607,-125,50,3,21-Oct-2023,18:20:23,-22.8562,167.2816,487,116,135,99,98,,,15,1,16,,,,,,,,,,,,,,,,,,,,,,,,,,,,,
7495,253101,3,A1,3,137,21-Oct-2023,18:17:15,-22.8562,167.2816,,401677607,-125,50,0,21-Oct-2023,18:21:13,-22.8562,167.2816,487,116,135,99,98,,,77,231,4,,,,,,,,,,,,,,,,,,,,,,,,,,,,,
7495,253101,3,A1,3,137,21-Oct-2023,18:17:15,-22.8562,167.2816,,401677607,-125,50,0,21-Oct-2023,18:21:35,-22.8562,167.2816,487,116,135,99,98,,,81,9,17,,,,,,,,,,,,,,,,,,,,,,,,,,,,,
7495,253101,3,CS,3,138,21-Oct-2023,18:29:36,-22.8585,167.2783,,401677605,-123,56,0,21-Oct-2023,18:24:50,-22.8585,167.2783,644,106,162,69,97,,,81,19,54,,,,,,,,,,,,,,,,,,,,,,,,,,,,,
7495,253101,3,CS,3,138,21-Oct-2023,18:29:36,-22.8585,167.2783,,401677605,-123,56,0,21-Oct-2023,18:25:05,-22.8585,167.2783,644,106,162,69,97,,,100,132,1,,,,,,,,,,,,,,,,,,,,,,,,,,,,,
7495,253101,23,CS,3,138,21-Oct-2023,18:29:36,-22.8585,167.2783,,401677605,-123,56,0,21-Oct-2023,18:25:54,-22.8585,167.2783,644,106,162,69,97,,,67,112,165,253,232,144,190,81,74,201,215,148,86,34,47,8,17,222,27,206,144,255,128,,,,,,,,,
7495,253101,3,CS,3,138,21-Oct-2023,18:29:36,-22.8585,167.2783,,401677605,-123,56,0,21-Oct-2023,18:26:44,-22.8585,167.2783,644,106,162,69,97,,,96,130,0,,,,,,,,,,,,,,,,,,,,,,,,,,,,,
7495,253101,3,CS,3,138,21-Oct-2023,18:29:36,-22.8585,167.2783,,401677605,-123,56,0,21-Oct-2023,18:27:40,-22.8585,167.2783,644,106,162,69,97,,,77,231,4,,,,,,,,,,,,,,,,,,,,,,,,,,,,,
7495,253101,3,CS,3,138,21-Oct-2023,18:29:36,-22.8585,167.2783,,401677605,-123,56,0,21-Oct-2023,18:27:55,-22.8585,167.2783,644,106,162,69,97,,,90,30,17,,,,,,,,,,,,,,,,,,,,,,,,,,,,,
7495,253101,3,CS,3,138,21-Oct-2023,18:29:36,-22.8585,167.2783,,401677605,-123,56,0,21-Oct-2023,18:29:28,-22.8585,167.2783,644,106,162,69,97,,,83,35,17,,,,,,,,,,,,,,,,,,,,,,,,,,,,,
7495,253101,3,CS,3,138,21-Oct-2023,18:29:36,-22.8585,167.2783,,401677605,-123,56,0,21-Oct-2023,18:30:00,-22.8585,167.2783,644,106,162,69,97,,,15,1,18,,,,,,,,,,,,,,,,,,,,,,,,,,,,,
7495,253101,3,CS,3,138,21-Oct-2023,18:29:36,-22.8585,167.2783,,401677605,-123,56,0,21-Oct-2023,18:30:47,-22.8585,167.2783,644,106,162,69,97,,,84,40,17,,,,,,,,,,,,,,,,,,,,,,,,,,,,,
7495,253101,3,CS,3,138,21-Oct-2023,18:29:36,-22.8585,167.2783,,401677605,-123,56,0,21-Oct-2023,18:32:17,-22.8585,167.2783,644,106,162,69,97,,,85,45,17,,,,,,,,,,,,,,,,,,,,,,,,,,,,,
7495,253101,3,CS,3,138,21-Oct-2023,18:29:36,-22.8585,167.2783,,401677605,-123,56,1,21-Oct-2023,18:32:33,-22.8585,167.2783,644,106,162,69,97,,,107,133,0,,,,,,,,,,,,,,,,,,,,,,,,,,,,,
7495,253101,3,CS,3,138,21-Oct-2023,18:29:36,-22.8585,167.2783,,401677605,-123,56,4,21-Oct-2023,18:32:48,-22.8585,167.2783,644,106,162,69,97,,,15,1,16,,,,,,,,,,,,,,,,,,,,,,,,,,,,,
7495,253101,23,CS,3,138,21-Oct-2023,18:29:36,-22.8585,167.2783,,401677605,-123,56,0,21-Oct-2023,18:33:05,-22.8585,167.2783,644,106,162,69,97,,,92,16,165,253,232,144,190,81,74,202,78,81,137,111,142,115,246,8,96,56,23,33,179,,,,,,,,,
7495,253101,3,CS,3,138,21-Oct-2023,18:29:36,-22.8585,167.2783,,401677605,-123,56,0,21-Oct-2023,18:33:57,-22.8585,167.2783,644,106,162,69,97,,,83,51,17,,,,,,,,,,,,,,,,,,,,,,,,,,,,,
7495,253101,3,CS,3,138,21-Oct-2023,18:29:36,-22.8585,167.2783,,401677605,-123,56,7,21-Oct-2023,18:34:45,-22.8585,167.2783,644,106,162,69,97,,,27,143,28,,,,,,,,,,,,,,,,,,,,,,,,,,,,,
7495,253101,3,CS,3,138,21-Oct-2023,18:29:36,-22.8585,167.2783,,401677605,-123,56,5,21-Oct-2023,18:35:00,-22.8585,167.2783,644,106,162,69,97,,,75,233,4,,,,,,,,,,,,,,,,,,,,,,,,,,,,,
7495,253101,3,CS,3,138,21-Oct-2023,18:29:36,-22.8585,167.2783,,401677605,-123,56,0,21-Oct-2023,18:35:15,-22.8585,167.2783,644,106,162,69,97,,,84,56,17,,,,,,,,,,,,,,,,,,,,,,,,,,,,,
7495,253101,3,CS,3,138,21-Oct-2023,18:29:36,-22.8585,167.2783,,401677605,-123,56,4,21-Oct-2023,18:35:34,-22.8585,167.2783,644,106,162,69,97,,,100,134,0,,,,,,,,,,,,,,,,,,,,,,,,,,,,,
7495,253101,31,SR,0,139,21-Oct-2023,19:38:14,-22.8726,167.2857,,401677600,-126,58,0,21-Oct-2023,19:36:32,-22.8726,167.2857,161,3288,18506,584,52,,,42,234,128,238,238,224,224,238,238,31,135,226,131,208,61,16,190,115,216,243,34,86,61,190,15,243,35,16,66,228,9,
7495,253101,3,SR,0,139,21-Oct-2023,19:38:14,-22.8726,167.2857,,401677600,-126,58,0,21-Oct-2023,19:38:00,-22.8726,167.2857,161,3288,18506,584,52,,,27,143,28,,,,,,,,,,,,,,,,,,,,,,,,,,,,,
7495,253101,3,SR,0,139,21-Oct-2023,19:38:14,-22.8726,167.2857,,401677600,-126,58,0,21-Oct-2023,19:38:30,-22.8726,167.2857,161,3288,18506,584,52,,,78,232,4,,,,,,,,,,,,,,,,,,,,,,,,,,,,,
7495,253101,3,SR,0,139,21-Oct-2023,19:38:14,-22.8726,167.2857,,401677600,-126,58,0,21-Oct-2023,19:38:58,-22.8726,167.2857,161,3288,18506,584,52,,,86,188,17,,,,,,,,,,,,,,,,,,,,,,,,,,,,,
7495,253101,3,SR,0,139,21-Oct-2023,19:38:14,-22.8726,167.2857,,401677600,-126,58,0,21-Oct-2023,19:39:13,-22.8726,167.2857,161,3288,18506,584,52,,,107,133,0,,,,,,,,,,,,,,,,,,,,,,,,,,,,,
7495,253101,3,A1,B,140,21-Oct-2023,19:49:31,-22.8710,167.2870,,401677604,-132,6,0,21-Oct-2023,19:49:32,-22.8710,167.2870,,3183,7793,1299,54,,,100,134,0,,,,,,,,,,,,,,,,,,,,,,,,,,,,,
7495,253101,3,MB,B,141,21-Oct-2023,21:31:11,-22.8786,167.2923,,401677588,-133,8,0,21-Oct-2023,21:31:12,-22.8786,167.2923,,4964,6052,4071,63,,,75,233,4,,,,,,,,,,,,,,,,,,,,,,,,,,,,,
7495,253101,3,NP,B,142,21-Oct-2023,22:04:40,-22.8812,167.2948,,401677593,-129,8,0,21-Oct-2023,22:04:40,-22.8812,167.2948,,4708,6598,3359,56,,,95,206,17,,,,,,,,,,,,,,,,,,,,,,,,,,,,,
7495,253101,3,O3,B,143,22-Oct-2023,00:13:46,-22.8879,167.3242,,401677574,-124,8,0,22-Oct-2023,00:13:47,-22.8879,167.3242,,2066,2231,1912,14,,,93,212,17,,,,,,,,,,,,,,,,,,,,,,,,,,,,,
7495,253101,3,CS,A,144,22-Oct-2023,05:06:27,-22.8392,167.4354,,401677595,-136,8,0,22-Oct-2023,05:03:09,-22.8392,167.4354,534,497,2731,90,161,,,90,23,178,,,,,,,,,,,,,,,,,,,,,,,,,,,,,
7495,253101,3,CS,A,144,22-Oct-2023,05:06:27,-22.8392,167.4354,,401677595,-136,8,0,22-Oct-2023,05:04:09,-22.8392,167.4354,534,497,2731,90,161,,,107,133,0,,,,,,,,,,,,,,,,,,,,,,,,,,,,,
7495,253101,3,CS,A,144,22-Oct-2023,05:06:27,-22.8392,167.4354,,401677595,-136,8,0,22-Oct-2023,05:12:03,-22.8392,167.4354,534,497,2731,90,161,,,15,1,16,,,,,,,,,,,,,,,,,,,,,,,,,,,,,
7495,253101,3,SR,B,145,22-Oct-2023,05:12:58,-22.8521,167.4390,,401677571,-134,6,0,22-Oct-2023,05:12:03,-22.8521,167.4390,111,388,567,264,104,,,15,1,16,,,,,,,,,,,,,,,,,,,,,,,,,,,,,
7495,253101,3,SR,B,145,22-Oct-2023,05:12:58,-22.8521,167.4390,,401677571,-134,6,0,22-Oct-2023,05:13:54,-22.8521,167.4390,111,388,567,264,104,,,64,238,4,,,,,,,,,,,,,,,,,,,,,,,,,,,,,
7495,253101,3,A1,0,146,22-Oct-2023,06:21:26,-22.8591,167.4325,,401677599,-121,48,0,22-Oct-2023,06:20:05,-22.8591,167.4325,177,4594,47172,447,130,,,92,110,18,,,,,,,,,,,,,,,,,,,,,,,,,,,,,
7495,253101,3,A1,0,146,22-Oct-2023,06:21:26,-22.8591,167.4325,,401677599,-121,48,0,22-Oct-2023,06:20:23,-22.8591,167.4325,177,4594,47172,447,130,,,118,56,107,,,,,,,,,,,,,,,,,,,,,,,,,,,,,
7495,253101,3,A1,0,146,22-Oct-2023,06:21:26,-22.8591,167.4325,,401677599,-121,48,0,22-Oct-2023,06:21:07,-22.8591,167.4325,177,4594,47172,447,130,,,15,1,16,,,,,,,,,,,,,,,,,,,,,,,,,,,,,
7495,253101,3,A1,0,146,22-Oct-2023,06:21:26,-22.8591,167.4325,,401677599,-121,48,0,22-Oct-2023,06:21:40,-22.8591,167.4325,177,4594,47172,447,130,,,27,143,28,,,,,,,,,,,,,,,,,,,,,,,,,,,,,
7495,253101,3,A1,0,146,22-Oct-2023,06:21:26,-22.8591,167.4325,,401677599,-121,48,0,22-Oct-2023,06:22:25,-22.8591,167.4325,177,4594,47172,447,130,,,85,115,18,,,,,,,,,,,,,,,,,,,,,,,,,,,,,
7495,253101,23,A1,0,146,22-Oct-2023,06:21:26,-22.8591,167.4325,,401677599,-121,48,0,22-Oct-2023,06:23:02,-22.8591,167.4325,177,4594,47172,447,130,,,79,176,165,253,232,144,190,81,75,25,169,215,14,136,167,90,225,4,108,209,227,184,54,,,,,,,,,
7495,253101,3,CS,2,147,22-Oct-2023,06:49:00,-22.8508,167.4070,,401677596,-121,56,0,22-Oct-2023,06:45:54,-22.8508,167.4070,374,308,1346,70,73,,,78,232,4,,,,,,,,,,,,,,,,,,,,,,,,,,,,,
7495,253101,3,CS,2,147,22-Oct-2023,06:49:00,-22.8508,167.4070,,401677596,-121,56,0,22-Oct-2023,06:46:15,-22.8508,167.4070,374,308,1346,70,73,,,87,136,18,,,,,,,,,,,,,,,,,,,,,,,,,,,,,
7495,253101,3,CS,2,147,22-Oct-2023,06:49:00,-22.8508,167.4070,,401677596,-121,56,0,22-Oct-2023,06:47:01,-22.8508,167.4070,374,308,1346,70,73,,,107,133,0,,,,,,,,,,,,,,,,,,,,,,,,,,,,,
7495,253101,3,CS,2,147,22-Oct-2023,06:49:00,-22.8508,167.4070,,401677596,-121,56,0,22-Oct-2023,06:48:12,-22.8508,167.4070,374,308,1346,70,73,,,65,235,4,,,,,,,,,,,,,,,,,,,,,,,,,,,,,
7495,253101,3,CS,2,147,22-Oct-2023,06:49:00,-22.8508,167.4070,,401677596,-121,56,0,22-Oct-2023,06:48:34,-22.8508,167.4070,374,308,1346,70,73,,,86,141,18,,,,,,,,,,,,,,,,,,,,,,,,,,,,,
7495,253101,23,CS,2,147,22-Oct-2023,06:49:00,-22.8508,167.4070,,401677596,-121,56,0,22-Oct-2023,06:48:54,-22.8508,167.4070,374,308,1346,70,73,,,68,16,165,253,232,144,190,81,75,27,72,19,214,37,29,12,1,255,27,206,160,99,57,,,,,,,,,
7495,253101,3,CS,2,147,22-Oct-2023,06:49:00,-22.8508,167.4070,,401677596,-121,56,1,22-Oct-2023,06:49:49,-22.8508,167.4070,374,308,1346,70,73,,,27,143,28,,,,,,,,,,,,,,,,,,,,,,,,,,,,,
7495,253101,3,CS,2,147,22-Oct-2023,06:49:00,-22.8508,167.4070,,401677596,-121,56,0,22-Oct-2023,06:50:15,-22.8508,167.4070,374,308,1346,70,73,,,74,236,4,,,,,,,,,,,,,,,,,,,,,,,,,,,,,
7495,253101,3,CS,2,147,22-Oct-2023,06:49:00,-22.8508,167.4070,,401677596,-121,56,0,22-Oct-2023,06:50:50,-22.8508,167.4070,374,308,1346,70,73,,,80,147,18,,,,,,,,,,,,,,,,,,,,,,,,,,,,,
7495,253101,3,CS,2,147,22-Oct-2023,06:49:00,-22.8508,167.4070,,401677596,-121,56,0,22-Oct-2023,06:51:08,-22.8508,167.4070,374,308,1346,70,73,,,96,130,0,,,,,,,,,,,,,,,,,,,,,,,,,,,,,
7495,253101,3,CS,2,147,22-Oct-2023,06:49:00,-22.8508,167.4070,,401677596,-121,56,2,22-Oct-2023,06:51:31,-22.8508,167.4070,374,308,1346,70,73,,,15,1,16,,,,,,,,,,,,,,,,,,,,,,,,,,,,,
7495,253101,3,CS,2,147,22-Oct-2023,06:49:00,-22.8508,167.4070,,401677596,-121,56,0,22-Oct-2023,06:52:08,-22.8508,167.4070,374,308,1346,70,73,,,27,135,28,,,,,,,,,,,,,,,,,,,,,,,,,,,,,
7495,253101,3,SR,3,148,22-Oct-2023,06:49:40,-22.8546,167.4109,,401677598,-120,56,0,22-Oct-2023,06:45:54,-22.8546,167.4109,445,164,297,90,105,,,78,232,4,,,,,,,,,,,,,,,,,,,,,,,,,,,,,
7495,253101,3,SR,3,148,22-Oct-2023,06:49:40,-22.8546,167.4109,,401677598,-120,56,0,22-Oct-2023,06:46:15,-22.8546,167.4109,445,164,297,90,105,,,87,136,18,,,,,,,,,,,,,,,,,,,,,,,,,,,,,
7495,253101,3,SR,3,148,22-Oct-2023,06:49:40,-22.8546,167.4109,,401677598,-120,56,0,22-Oct-2023,06:47:01,-22.8546,167.4109,445,164,297,90,105,,,107,133,0,,,,,,,,,,,,,,,,,,,,,,,,,,,,,
7495,253101,3,SR,3,148,22-Oct-2023,06:49:40,-22.8546,167.4109,,401677598,-120,56,0,22-Oct-2023,06:48:12,-22.8546,167.4109,445,164,297,90,105,,,65,235,4,,,,,,,,,,,,,,,,,,,,,,,,,,,,,
7495,253101,3,SR,3,148,22-Oct-2023,06:49:40,-22.8546,167.4109,,401677598,-120,56,0,22-Oct-2023,06:48:34,-22.8546,167.4109,445,164,297,90,105,,,86,141,18,,,,,,,,,,,,,,,,,,,,,,,,,,,,,
7495,253101,23,SR,3,148,22-Oct-2023,06:49:40,-22.8546,167.4109,,401677598,-120,56,0,22-Oct-2023,06:48:54,-22.8546,167.4109,445,164,297,90,105,,,68,16,165,253,232,144,190,81,75,27,72,19,214,37,29,12,1,255,27,206,176,251,210,,,,,,,,,
7495,253101,3,SR,3,148,22-Oct-2023,06:49:40,-22.8546,167.4109,,401677598,-120,56,0,22-Oct-2023,06:50:50,-22.8546,167.4109,445,164,297,90,105,,,80,147,18,,,,,,,,,,,,,,,,,,,,,,,,,,,,,
7495,253101,3,SR,3,148,22-Oct-2023,06:49:40,-22.8546,167.4109,,401677598,-120,56,0,22-Oct-2023,06:51:09,-22.8546,167.4109,445,164,297,90,105,,,96,130,0,,,,,,,,,,,,,,,,,,,,,,,,,,,,,
7495,253101,3,SR,3,148,22-Oct-2023,06:49:40,-22.8546,167.4109,,401677598,-120,56,2,22-Oct-2023,06:51:31,-22.8546,167.4109,445,164,297,90,105,,,15,1,16,,,,,,,,,,,,,,,,,,,,,,,,,,,,,
7495,253101,3,SR,3,148,22-Oct-2023,06:49:40,-22.8546,167.4109,,401677598,-120,56,2,22-Oct-2023,06:52:08,-22.8546,167.4109,445,164,297,90,105,,,27,143,28,,,,,,,,,,,,,,,,,,,,,,,,,,,,,
7495,253101,3,SR,3,148,22-Oct-2023,06:49:40,-22.8546,167.4109,,401677598,-120,56,1,22-Oct-2023,06:52:34,-22.8546,167.4109,445,164,297,90,105,,,74,236,4,,,,,,,,,,,,,,,,,,,,,,,,,,,,,
7495,253101,3,SR,3,148,22-Oct-2023,06:49:40,-22.8546,167.4109,,401677598,-120,56,0,22-Oct-2023,06:53:03,-22.8546,167.4109,445,164,297,90,105,,,91,202,229,,,,,,,,,,,,,,,,,,,,,,,,,,,,,
7495,253101,3,SR,3,148,22-Oct-2023,06:49:40,-22.8546,167.4109,,401677598,-120,56,0,22-Oct-2023,06:53:19,-22.8546,167.4109,445,164,297,90,105,,,100,134,0,,,,,,,,,,,,,,,,,,,,,,,,,,,,,
7495,253101,3,CS,0,149,23-Oct-2023,18:50:57,-22.8062,167.2419,,401677611,-126,50,0,23-Oct-2023,18:49:25,-22.8062,167.2419,176,4060,59926,275,85,,,107,133,0,,,,,,,,,,,,,,,,,,,,,,,,,,,,,
7495,253101,31,CS,0,149,23-Oct-2023,18:50:57,-22.8062,167.2419,,401677611,-126,50,0,23-Oct-2023,18:49:42,-22.8062,167.2419,176,4060,59926,275,85,,,42,234,192,238,238,0,0,0,0,0,0,14,238,238,238,121,234,160,238,238,238,238,238,238,238,238,238,16,14,14,87,
7495,253101,3,CS,0,149,23-Oct-2023,18:50:57,-22.8062,167.2419,,401677611,-126,50,0,23-Oct-2023,18:51:03,-22.8062,167.2419,176,4060,59926,275,85,,,88,228,74,,,,,,,,,,,,,,,,,,,,,,,,,,,,,
7495,253101,3,CS,0,149,23-Oct-2023,18:50:57,-22.8062,167.2419,,401677611,-126,50,0,23-Oct-2023,18:51:19,-22.8062,167.2419,176,4060,59926,275,85,,,108,61,42,,,,,,,,,,,,,,,,,,,,,,,,,,,,,
7495,253101,3,CS,0,149,23-Oct-2023,18:50:57,-22.8062,167.2419,,401677611,-126,50,1,23-Oct-2023,18:51:46,-22.8062,167.2419,176,4060,59926,275,85,,,15,1,16,,,,,,,,,,,,,,,,,,,,,,,,,,,,,
7495,253101,3,CS,0,149,23-Oct-2023,18:50:57,-22.8062,167.2419,,401677611,-126,50,0,23-Oct-2023,18:52:06,-22.8062,167.2419,176,4060,59926,275,85,,,27,143,28,,,,,,,,,,,,,,,,,,,,,,,,,,,,,
7495,253101,3,CS,0,149,23-Oct-2023,18:50:57,-22.8062,167.2419,,401677611,-126,50,0,23-Oct-2023,18:52:21,-22.8062,167.2419,176,4060,59926,275,85,,,77,231,4,,,,,,,,,,,,,,,,,,,,,,,,,,,,,
7495,253101,3,A1,3,150,23-Oct-2023,19:07:55,-22.7734,167.2700,,401677607,-124,50,0,23-Oct-2023,19:04:23,-22.7734,167.2700,475,193,729,51,80,,,110,132,0,,,,,,,,,,,,,,,,,,,,,,,,,,,,,
7495,253101,3,A1,3,150,23-Oct-2023,19:07:55,-22.7734,167.2700,,401677607,-124,50,0,23-Oct-2023,19:05:43,-22.7734,167.2700,475,193,729,51,80,,,85,19,19,,,,,,,,,,,,,,,,,,,,,,,,,,,,,
7495,253101,3,A1,3,150,23-Oct-2023,19:07:55,-22.7734,167.2700,,401677607,-124,50,0,23-Oct-2023,19:07:16,-22.7734,167.2700,475,193,729,51,80,,,82,24,19,,,,,,,,,,,,,,,,,,,,,,,,,,,,,
7495,253101,3,A1,3,150,23-Oct-2023,19:07:55,-22.7734,167.2700,,401677607,-124,50,1,23-Oct-2023,19:07:32,-22.7734,167.2700,475,193,729,51,80,,,100,134,0,,,,,,,,,,,,,,,,,,,,,,,,,,,,,
7495,253101,3,A1,3,150,23-Oct-2023,19:07:55,-22.7734,167.2700,,401677607,-124,50,0,23-Oct-2023,19:08:45,-22.7734,167.2700,475,193,729,51,80,,,69,42,182,,,,,,,,,,,,,,,,,,,,,,,,,,,,,
7495,253101,3,A1,3,150,23-Oct-2023,19:07:55,-22.7734,167.2700,,401677607,-124,50,0,23-Oct-2023,19:09:04,-22.7734,167.2700,475,193,729,51,80,,,83,31,68,,,,,,,,,,,,,,,,,,,,,,,,,,,,,
7495,253101,3,A1,3,150,23-Oct-2023,19:07:55,-22.7734,167.2700,,401677607,-124,50,3,23-Oct-2023,19:10:01,-22.7734,167.2700,475,193,729,51,80,,,15,1,16,,,,,,,,,,,,,,,,,,,,,,,,,,,,,
7495,253101,3,A1,3,150,23-Oct-2023,19:07:55,-22.7734,167.2700,,401677607,-124,50,1,23-Oct-2023,19:10:28,-22.7734,167.2700,475,193,729,51,80,,,27,143,28,,,,,,,,,,,,,,,,,,,,,,,,,,,,,
7495,253101,3,A1,3,150,23-Oct-2023,19:07:55,-22.7734,167.2700,,401677607,-124,50,2,23-Oct-2023,19:11:24,-22.7734,167.2700,475,193,729,51,80,,,75,233,4,,,,,,,,,,,,,,,,,,,,,,,,,,,,,
7495,253101,3,A1,3,150,23-Oct-2023,19:07:55,-22.7734,167.2700,,401677607,-124,50,0,23-Oct-2023,19:11:45,-22.7734,167.2700,475,193,729,51,80,,,80,34,19,,,,,,,,,,,,,,,,,,,,,,,,,,,,,
7495,253101,3,A1,3,150,23-Oct-2023,19:07:55,-22.7734,167.2700,,401677607,-124,50,1,23-Oct-2023,19:12:18,-22.7734,167.2700,475,193,729,51,80,,,107,133,0,,,,,,,,,,,,,,,,,,,,,,,,,,,,,
7495,253101,3,NP,1,151,23-Oct-2023,19:56:23,-22.7670,167.2708,,401677606,-130,58,0,23-Oct-2023,19:53:52,-22.7670,167.2708,244,1141,4189,310,138,,,65,235,4,,,,,,,,,,,,,,,,,,,,,,,,,,,,,
7495,253101,3,NP,1,151,23-Oct-2023,19:56:23,-22.7670,167.2708,,401677606,-130,58,0,23-Oct-2023,19:56:42,-22.7670,167.2708,244,1141,4189,310,138,,,15,1,16,,,,,,,,,,,,,,,,,,,,,,,,,,,,,
7495,253101,3,NP,1,151,23-Oct-2023,19:56:23,-22.7670,167.2708,,401677606,-130,58,0,23-Oct-2023,19:57:04,-22.7670,167.2708,244,1141,4189,310,138,,,27,143,28,,,,,,,,,,,,,,,,,,,,,,,,,,,,,
7495,253101,3,NP,1,151,23-Oct-2023,19:56:23,-22.7670,167.2708,,401677606,-130,58,0,23-Oct-2023,19:57:56,-22.7670,167.2708,244,1141,4189,310,138,,,81,72,19,,,,,,,,,,,,,,,,,,,,,,,,,,,,,
7495,253101,3,SR,B,152,23-Oct-2023,20:15:29,-22.7748,167.2720,,401677597,-132,8,0,23-Oct-2023,20:15:30,-22.7748,167.2720,,5051,5483,4652,75,,,97,135,0,,,,,,,,,,,,,,,,,,,,,,,,,,,,,
7495,253101,3,NK,B,153,23-Oct-2023,20:15:29,-22.7756,167.2736,,401677598,-131,,0,23-Oct-2023,20:15:30,-22.7756,167.2736,,4878,5472,4348,76,,,97,135,0,,,,,,,,,,,,,,,,,,,,,,,,,,,,,
7495,253101,3,MC,1,154,23-Oct-2023,21:36:21,-22.8265,167.2808,,401677598,-116,58,0,23-Oct-2023,21:35:20,-22.8265,167.2808,172,759,5055,114,114,,,84,152,19,,,,,,,,,,,,,,,,,,,,,,,,,,,,,
7495,253101,3,MC,1,154,23-Oct-2023,21:36:21,-22.8265,167.2808,,401677598,-116,58,1,23-Oct-2023,21:37:28,-22.8265,167.2808,172,759,5055,114,114,,,65,235,4,,,,,,,,,,,,,,,,,,,,,,,,,,,,,
7495,253101,3,MC,1,154,23-Oct-2023,21:36:21,-22.8265,167.2808,,401677598,-116,58,0,23-Oct-2023,21:38:12,-22.8265,167.2808,172,759,5055,114,114,,,85,157,19,,,,,,,,,,,,,,,,,,,,,,,,,,,,,
7495,253101,3,NP,1,155,23-Oct-2023,21:36:21,-22.8260,167.2879,,401677598,-125,58,0,23-Oct-2023,21:35:20,-22.8260,167.2879,172,994,12472,79,100,,,84,152,19,,,,,,,,,,,,,,,,,,,,,,,,,,,,,
7495,253101,3,NP,1,155,23-Oct-2023,21:36:21,-22.8260,167.2879,,401677598,-125,58,1,23-Oct-2023,21:37:28,-22.8260,167.2879,172,994,12472,79,100,,,65,235,4,,,,,,,,,,,,,,,,,,,,,,,,,,,,,
7495,253101,3,NP,1,155,23-Oct-2023,21:36:21,-22.8260,167.2879,,401677598,-125,58,0,23-Oct-2023,21:38:12,-22.8260,167.2879,172,994,12472,79,100,,,85,157,19,,,,,,,,,,,,,,,,,,,,,,,,,,,,,
7495,253101,3,NN,B,156,23-Oct-2023,21:52:19,-22.8300,167.2819,,401677617,-129,6,0,23-Oct-2023,21:52:19,-22.8300,167.2819,,1325,1664,1055,106,,,97,135,0,,,,,,,,,,,,,,,,,,,,,,,,,,,,,
7495,253101,31,CS,0,157,24-Oct-2023,05:28:03,-22.8184,167.3492,,401677594,-125,48,0,24-Oct-2023,05:24:32,,,339,1872,7623,459,106,,,42,234,192,238,238,0,0,4,192,53,245,96,112,183,137,48,67,103,172,61,254,60,29,228,15,8,180,6,220,30,72,
7495,253101,3,CS,0,157,24-Oct-2023,05:28:03,-22.8184,167.3492,,401677594,-125,48,0,24-Oct-2023,05:26:08,,,339,1872,7623,459,106,,,92,176,19,,,,,,,,,,,,,,,,,,,,,,,,,,,,,
7495,253101,3,CS,0,157,24-Oct-2023,05:28:03,-22.8184,167.3492,,401677594,-125,48,0,24-Oct-2023,05:28:47,,,339,1872,7623,459,106,,,100,134,0,,,,,,,,,,,,,,,,,,,,,,,,,,,,,
7495,253101,3,CS,0,157,24-Oct-2023,05:28:03,-22.8184,167.3492,,401677594,-125,48,0,24-Oct-2023,05:29:14,,,339,1872,7623,459,106,,,15,1,16,,,,,,,,,,,,,,,,,,,,,,,,,,,,,
7495,253101,3,CS,0,157,24-Oct-2023,05:28:03,-22.8184,167.3492,,401677594,-125,48,0,24-Oct-2023,05:29:29,,,339,1872,7623,459,106,,,27,143,28,,,,,,,,,,,,,,,,,,,,,,,,,,,,,
7495,253101,3,CS,0,157,24-Oct-2023,05:28:03,-22.8184,167.3492,,401677594,-125,48,0,24-Oct-2023,05:30:11,,,339,1872,7623,459,106,,,79,237,5,,,,,,,,,,,,,,,,,,,,,,,,,,,,,
7495,253101,3,A1,3,158,24-Oct-2023,05:36:55,-22.8304,167.3461,,401677596,-131,56,0,24-Oct-2023,05:34:13,,,421,212,278,161,54,,,27,143,28,,,,,,,,,,,,,,,,,,,,,,,,,,,,,
7495,253101,3,A1,3,158,24-Oct-2023,05:36:55,-22.8304,167.3461,,401677596,-131,56,0,24-Oct-2023,05:34:29,,,421,212,278,161,54,,,64,238,4,,,,,,,,,,,,,,,,,,,,,,,,,,,,,
7495,253101,3,A1,3,158,24-Oct-2023,05:36:55,-22.8304,167.3461,,401677596,-131,56,0,24-Oct-2023,05:35:08,,,421,212,278,161,54,,,95,192,19,,,,,,,,,,,,,,,,,,,,,,,,,,,,,
7495,253101,3,A1,3,158,24-Oct-2023,05:36:55,-22.8304,167.3461,,401677596,-131,56,0,24-Oct-2023,05:35:48,,,421,212,278,161,54,,,15,1,16,,,,,,,,,,,,,,,,,,,,,,,,,,,,,
7495,253101,3,A1,3,158,24-Oct-2023,05:36:55,-22.8304,167.3461,,401677596,-131,56,0,24-Oct-2023,05:36:54,,,421,212,278,161,54,,,79,237,12,,,,,,,,,,,,,,,,,,,,,,,,,,,,,
7495,253101,3,A1,3,158,24-Oct-2023,05:36:55,-22.8304,167.3461,,401677596,-131,56,0,24-Oct-2023,05:37:17,,,421,212,278,161,54,,,94,197,19,,,,,,,,,,,,,,,,,,,,,,,,,,,,,
7495,253101,3,A1,3,158,24-Oct-2023,05:36:55,-22.8304,167.3461,,401677596,-131,56,0,24-Oct-2023,05:40:19,,,421,212,278,161,54,,,101,131,96,,,,,,,,,,,,,,,,,,,,,,,,,,,,,
7495,253101,3,A1,3,158,24-Oct-2023,05:36:55,-22.8304,167.3461,,401677596,-131,56,0,24-Oct-2023,05:41:14,,,421,212,278,161,54,,,27,15,81,,,,,,,,,,,,,,,,,,,,,,,,,,,,,
7495,253101,3,SR,2,159,24-Oct-2023,05:45:42,-22.8311,167.3377,,401677596,-121,46,0,24-Oct-2023,05:41:14,,,661,371,527,261,109,,,27,141,119,,,,,,,,,,,,,,,,,,,,,,,,,,,,,
7495,253101,3,SR,2,159,24-Oct-2023,05:45:42,-22.8311,167.3377,,401677596,-121,46,0,24-Oct-2023,05:41:33,,,661,371,527,261,109,,,79,237,4,,,,,,,,,,,,,,,,,,,,,,,,,,,,,
7495,253101,3,SR,2,159,24-Oct-2023,05:45:42,-22.8311,167.3377,,401677596,-121,46,0,24-Oct-2023,05:42:23,,,661,371,527,261,109,,,107,133,0,,,,,,,,,,,,,,,,,,,,,,,,,,,,,
7495,253101,3,SR,2,159,24-Oct-2023,05:45:42,-22.8311,167.3377,,401677596,-121,46,0,24-Oct-2023,05:43:47,,,661,371,527,261,109,,,92,207,19,,,,,,,,,,,,,,,,,,,,,,,,,,,,,
7495,253101,3,SR,2,159,24-Oct-2023,05:45:42,-22.8311,167.3377,,401677596,-121,46,0,24-Oct-2023,05:44:39,,,661,371,527,261,109,,,15,1,36,,,,,,,,,,,,,,,,,,,,,,,,,,,,,
7495,253101,23,SR,2,159,24-Oct-2023,05:45:42,-22.8311,167.3377,,401677596,-121,46,0,24-Oct-2023,05:45:23,,,661,371,527,261,109,,,78,208,165,253,232,144,190,81,76,23,17,210,22,39,167,10,3,210,27,206,192,255,128,,,,,,,,,
7495,253101,3,SR,2,159,24-Oct-2023,05:45:42,-22.8311,167.3377,,401677596,-121,46,0,24-Oct-2023,05:45:52,,,661,371,527,261,109,,,79,237,130,,,,,,,,,,,,,,,,,,,,,,,,,,,,,
7495,253101,3,SR,2,159,24-Oct-2023,05:45:42,-22.8311,167.3377,,401677596,-121,46,0,24-Oct-2023,05:46:13,,,661,371,527,261,109,,,94,213,19,,,,,,,,,,,,,,,,,,,,,,,,,,,,,
7495,253101,3,SR,2,159,24-Oct-2023,05:45:42,-22.8311,167.3377,,401677596,-121,46,1,24-Oct-2023,05:46:52,,,661,371,527,261,109,,,110,132,0,,,,,,,,,,,,,,,,,,,,,,,,,,,,,
7495,253101,3,SR,2,159,24-Oct-2023,05:45:42,-22.8311,167.3377,,401677596,-121,46,1,24-Oct-2023,05:48:05,,,661,371,527,261,109,,,27,143,28,,,,,,,,,,,,,,,,,,,,,,,,,,,,,
7495,253101,3,SR,2,159,24-Oct-2023,05:45:42,-22.8311,167.3377,,401677596,-121,46,1,24-Oct-2023,05:48:25,,,661,371,527,261,109,,,74,236,4,,,,,,,,,,,,,,,,,,,,,,,,,,,,,
7495,253101,3,SR,2,159,24-Oct-2023,05:45:42,-22.8311,167.3377,,401677596,-121,46,0,24-Oct-2023,05:50:42,,,661,371,527,261,109,,,93,218,19,,,,,,,,,,,,,,,,,,,,,,,,,,,,,
7495,253101,3,SR,2,159,24-Oct-2023,05:45:42,-22.8311,167.3377,,401677596,-121,46,0,24-Oct-2023,05:51:44,,,661,371,527,261,109,,,100,134,0,,,,,,,,,,,,,,,,,,,,,,,,,,,,,
7495,253101,3,SR,2,159,24-Oct-2023,05:45:42,-22.8311,167.3377,,401677596,-121,46,1,24-Oct-2023,05:52:15,,,661,371,527,261,109,,,15,1,16,,,,,,,,,,,,,,,,,,,,,,,,,,,,,
7495,253101,3,A1,A,160,24-Oct-2023,20:20:36,-22.9326,167.3423,,401677609,-135,,0,24-Oct-2023,20:20:01,,,82,12258,73869,2034,118,,,15,13,16,,,,,,,,,,,,,,,,,,,,,,,,,,,,,
7495,253101,3,A1,A,160,24-Oct-2023,20:20:36,-22.9326,167.3423,,401677609,-135,,0,24-Oct-2023,20:20:26,,,82,12258,73869,2034,118,,,27,143,28,,,,,,,,,,,,,,,,,,,,,,,,,,,,,
7495,253101,3,A1,A,160,24-Oct-2023,20:20:36,-22.9326,167.3423,,401677609,-135,,0,24-Oct-2023,20:21:23,,,82,12258,73869,2034,118,,,74,236,4,,,,,,,,,,,,,,,,,,,,,,,,,,,,,
7495,253101,3,MC,3,161,24-Oct-2023,21:13:32,-22.8991,167.3199,,401677599,-117,58,0,24-Oct-2023,21:11:27,-22.8991,167.3199,595,184,216,157,125,,,234,232,20,,,,,,,,,,,,,,,,,,,,,,,,,,,,,
7495,253101,3,MC,3,161,24-Oct-2023,21:13:32,-22.8991,167.3199,,401677599,-117,58,0,24-Oct-2023,21:13:58,-22.8991,167.3199,595,184,216,157,125,,,74,236,4,,,,,,,,,,,,,,,,,,,,,,,,,,,,,
7495,253101,3,MC,3,161,24-Oct-2023,21:13:32,-22.8991,167.3199,,401677599,-117,58,0,24-Oct-2023,21:14:17,-22.8991,167.3199,595,184,216,157,125,,,87,213,20,,,,,,,,,,,,,,,,,,,,,,,,,,,,,
7495,253101,3,MC,3,161,24-Oct-2023,21:13:32,-22.8991,167.3199,,401677599,-117,58,0,24-Oct-2023,21:14:56,-22.8991,167.3199,595,184,216,157,125,,,97,135,0,,,,,,,,,,,,,,,,,,,,,,,,,,,,,
7495,253101,3,MC,3,161,24-Oct-2023,21:13:32,-22.8991,167.3199,,401677599,-117,58,0,24-Oct-2023,21:16:15,-22.8991,167.3199,595,184,216,157,125,,,64,238,4,,,,,,,,,,,,,,,,,,,,,,,,,,,,,
7495,253101,3,MC,3,161,24-Oct-2023,21:13:32,-22.8991,167.3199,,401677599,-117,58,0,24-Oct-2023,21:16:48,-22.8991,167.3199,595,184,216,157,125,,,84,218,20,,,,,,,,,,,,,,,,,,,,,,,,,,,,,
7495,253101,3,MC,3,161,24-Oct-2023,21:13:32,-22.8991,167.3199,,401677599,-117,58,0,24-Oct-2023,21:18:36,-22.8991,167.3199,595,184,216,157,125,,,85,223,20,,,,,,,,,,,,,,,,,,,,,,,,,,,,,
7495,253101,3,MC,3,161,24-Oct-2023,21:13:32,-22.8991,167.3199,,401677599,-117,58,1,24-Oct-2023,21:19:44,-22.8991,167.3199,595,184,216,157,125,,,100,134,0,,,,,,,,,,,,,,,,,,,,,,,,,,,,,
7495,253101,3,MC,3,161,24-Oct-2023,21:13:32,-22.8991,167.3199,,401677599,-117,58,2,24-Oct-2023,21:20:09,-22.8991,167.3199,595,184,216,157,125,,,15,1,16,,,,,,,,,,,,,,,,,,,,,,,,,,,,,
7495,253101,3,MC,3,161,24-Oct-2023,21:13:32,-22.8991,167.3199,,401677599,-117,58,2,24-Oct-2023,21:20:38,-22.8991,167.3199,595,184,216,157,125,,,27,143,28,,,,,,,,,,,,,,,,,,,,,,,,,,,,,
7495,253101,3,MC,3,161,24-Oct-2023,21:13:32,-22.8991,167.3199,,401677599,-117,58,1,24-Oct-2023,21:21:22,-22.8991,167.3199,595,184,216,157,125,,,79,237,4,,,,,,,,,,,,,,,,,,,,,,,,,,,,,
7495,253101,3,NP,0,162,24-Oct-2023,21:28:16,-22.8974,167.3055,,401677597,-121,58,0,24-Oct-2023,21:24:41,-22.8974,167.3055,452,6667,620745,71,102,,,88,77,80,,,,,,,,,,,,,,,,,,,,,,,,,,,,,
7495,253101,23,NP,0,162,24-Oct-2023,21:28:16,-22.8974,167.3055,,401677597,-121,58,0,24-Oct-2023,21:25:21,-22.8974,167.3055,452,6667,620745,71,102,,,91,48,165,253,232,144,190,81,76,85,209,214,150,41,205,12,1,224,27,206,176,255,128,,,,,,,,,
7495,253101,3,NP,0,162,24-Oct-2023,21:28:16,-22.8974,167.3055,,401677597,-121,58,0,24-Oct-2023,21:25:52,-22.8974,167.3055,452,6667,620745,71,102,,,27,191,104,,,,,,,,,,,,,,,,,,,,,,,,,,,,,
7495,253101,3,NP,0,162,24-Oct-2023,21:28:16,-22.8974,167.3055,,401677597,-121,58,0,24-Oct-2023,21:26:32,-22.8974,167.3055,452,6667,620745,71,102,,,74,236,4,,,,,,,,,,,,,,,,,,,,,,,,,,,,,
7495,253101,3,NP,0,162,24-Oct-2023,21:28:16,-22.8974,167.3055,,401677597,-121,58,0,24-Oct-2023,21:27:36,-22.8974,167.3055,452,6667,620745,71,102,,,84,234,20,,,,,,,,,,,,,,,,,,,,,,,,,,,,,
7495,253101,3,NP,0,162,24-Oct-2023,21:28:16,-22.8974,167.3055,,401677597,-121,58,0,24-Oct-2023,21:28:01,-22.8974,167.3055,452,6667,620745,71,102,,,97,135,0,,,,,,,,,,,,,,,,,,,,,,,,,,,,,
7495,253101,3,NP,0,162,24-Oct-2023,21:28:16,-22.8974,167.3055,,401677597,-121,58,0,24-Oct-2023,21:29:50,-22.8974,167.3055,452,6667,620745,71,102,,,27,143,28,,,,,,,,,,,,,,,,,,,,,,,,,,,,,
7495,253101,3,NP,0,162,24-Oct-2023,21:28:16,-22.8974,167.3055,,401677597,-121,58,0,24-Oct-2023,21:30:46,-22.8974,167.3055,452,6667,620745,71,102,,,85,239,20,,,,,,,,,,,,,,,,,,,,,,,,,,,,,
7495,253101,3,NP,0,162,24-Oct-2023,21:28:16,-22.8974,167.3055,,401677597,-121,58,0,24-Oct-2023,21:31:06,-22.8974,167.3055,452,6667,620745,71,102,,,100,134,0,,,,,,,,,,,,,,,,,,,,,,,,,,,,,
7495,253101,3,NP,0,162,24-Oct-2023,21:28:16,-22.8974,167.3055,,401677597,-121,58,2,24-Oct-2023,21:31:31,-22.8974,167.3055,452,6667,620745,71,102,,,15,1,16,,,,,,,,,,,,,,,,,,,,,,,,,,,,,
7495,253101,3,NP,0,162,24-Oct-2023,21:28:16,-22.8974,167.3055,,401677597,-121,58,0,24-Oct-2023,21:32:13,-22.8974,167.3055,452,6667,620745,71,102,,,79,237,4,,,,,,,,,,,,,,,,,,,,,,,,,,,,,
7495,253101,3,NK,0,163,24-Oct-2023,21:30:28,-22.8978,167.3096,,401677595,-133,56,0,24-Oct-2023,21:29:50,-22.8978,167.3096,143,2413,10755,541,96,,,19,143,44,,,,,,,,,,,,,,,,,,,,,,,,,,,,,
7495,253101,3,NK,0,163,24-Oct-2023,21:30:28,-22.8978,167.3096,,401677595,-133,56,0,24-Oct-2023,21:30:46,-22.8978,167.3096,143,2413,10755,541,96,,,85,239,20,,,,,,,,,,,,,,,,,,,,,,,,,,,,,
7495,253101,3,NK,0,163,24-Oct-2023,21:30:28,-22.8978,167.3096,,401677595,-133,56,0,24-Oct-2023,21:31:06,-22.8978,167.3096,143,2413,10755,541,96,,,100,134,0,,,,,,,,,,,,,,,,,,,,,,,,,,,,,
7495,253101,3,NK,0,163,24-Oct-2023,21:30:28,-22.8978,167.3096,,401677595,-133,56,0,24-Oct-2023,21:31:31,-22.8978,167.3096,143,2413,10755,541,96,,,15,1,16,,,,,,,,,,,,,,,,,,,,,,,,,,,,,
7495,253101,3,NK,0,163,24-Oct-2023,21:30:28,-22.8978,167.3096,,401677595,-133,56,0,24-Oct-2023,21:32:13,-22.8978,167.3096,143,2413,10755,541,96,,,79,237,4,,,,,,,,,,,,,,,,,,,,,,,,,,,,,
7495,253101,3,NN,B,164,24-Oct-2023,21:39:02,-22.8990,167.3189,,401677597,-133,6,0,24-Oct-2023,21:37:29,-22.8990,167.3189,187,1318,5571,311,125,,,90,244,20,,,,,,,,,,,,,,,,,,,,,,,,,,,,,
7495,253101,3,NN,B,164,24-Oct-2023,21:39:02,-22.8990,167.3189,,401677597,-133,6,0,24-Oct-2023,21:40:36,-22.8990,167.3189,187,1318,5571,311,125,,,107,133,0,,,,,,,,,,,,,,,,,,,,,,,,,,,,,
7495,253101,3,MB,0,165,24-Oct-2023,22:06:37,-22.8853,167.3142,,401677599,-126,56,0,24-Oct-2023,22:03:48,-22.8853,167.3142,356,2479,93406,65,102,,,65,235,4,,,,,,,,,,,,,,,,,,,,,,,,,,,,,
7495,253101,3,MB,0,165,24-Oct-2023,22:06:37,-22.8853,167.3142,,401677599,-126,56,0,24-Oct-2023,22:04:30,-22.8853,167.3142,356,2479,93406,65,102,,,97,135,0,,,,,,,,,,,,,,,,,,,,,,,,,,,,,
7495,253101,3,MB,0,165,24-Oct-2023,22:06:37,-22.8853,167.3142,,401677599,-126,56,0,24-Oct-2023,22:06:05,-22.8853,167.3142,356,2479,93406,65,102,,,27,143,28,,,,,,,,,,,,,,,,,,,,,,,,,,,,,
7495,253101,3,MB,0,165,24-Oct-2023,22:06:37,-22.8853,167.3142,,401677599,-126,56,0,24-Oct-2023,22:07:16,-22.8853,167.3142,356,2479,93406,65,102,,,80,254,20,,,,,,,,,,,,,,,,,,,,,,,,,,,,,
7495,253101,23,MB,0,165,24-Oct-2023,22:06:37,-22.8853,167.3142,,401677599,-126,56,0,24-Oct-2023,22:08:19,-22.8853,167.3142,356,2479,93406,65,102,,,86,208,36,213,75,80,116,86,15,231,207,64,118,35,7,191,56,74,214,245,166,28,46,,,,,,,,,
7495,253101,3,MB,0,165,24-Oct-2023,22:06:37,-22.8853,167.3142,,401677599,-126,56,0,24-Oct-2023,22:09:44,-22.8853,167.3142,356,2479,93406,65,102,,,101,131,0,,,,,,,,,,,,,,,,,,,,,,,,,,,,,
7495,253101,31,MB, ,166,25-Oct-2023,10:30:36,,,,401650000,,,0,25-Oct-2023,10:30:36,,,,,,,,,,58,225,8,110,70,224,32,30,41,232,143,183,0,128,7,21,117,80,119,119,119,119,119,119,103,119,6,128,0,119,9,
7495,253101,31,MC,0,167,26-Oct-2023,11:09:02,-22.6857,166.9844,,401677607,-122,50,0,26-Oct-2023,11:07:45,-22.6857,166.9844,172,13367,263509,678,105,,,42,235,0,238,238,224,0,14,238,238,238,238,1,0,14,98,234,224,238,238,238,238,238,238,238,238,14,0,0,238,18,
7495,253101,3,MC,0,167,26-Oct-2023,11:09:02,-22.6857,166.9844,,401677607,-122,50,0,26-Oct-2023,11:08:07,-22.6857,166.9844,172,13367,263509,678,105,,,75,233,4,,,,,,,,,,,,,,,,,,,,,,,,,,,,,
7495,253101,3,MC,0,167,26-Oct-2023,11:09:02,-22.6857,166.9844,,401677607,-122,50,0,26-Oct-2023,11:08:32,-22.6857,166.9844,172,13367,263509,678,105,,,86,65,21,,,,,,,,,,,,,,,,,,,,,,,,,,,,,
7495,253101,3,MC,0,167,26-Oct-2023,11:09:02,-22.6857,166.9844,,401677607,-122,50,0,26-Oct-2023,11:10:12,-22.6857,166.9844,172,13367,263509,678,105,,,15,1,16,,,,,,,,,,,,,,,,,,,,,,,,,,,,,
7495,253101,3,MC,0,167,26-Oct-2023,11:09:02,-22.6857,166.9844,,401677607,-122,50,0,26-Oct-2023,11:10:37,-22.6857,166.9844,172,13367,263509,678,105,,,19,222,238,,,,,,,,,,,,,,,,,,,,,,,,,,,,,
7495,253101,3,A1,B,168,26-Oct-2023,18:10:54,-22.6686,166.9214,,401677610,-135,8,0,26-Oct-2023,18:10:54,-22.6686,166.9214,,9725,13160,7185,74,,,93,69,120,,,,,,,,,,,,,,,,,,,,,,,,,,,,,
7495,253101,3,NN,B,169,27-Oct-2023,11:33:17,-22.5996,166.7812,,401677678,-126,,0,27-Oct-2023,11:33:17,-22.5996,166.7812,,15562,18702,12948,80,,,210,124,63,,,,,,,,,,,,,,,,,,,,,,,,,,,,,
7495,253101,3,SR,B,170,27-Oct-2023,18:15:13,-23.0153,167.2952,,401677734,-123,8,0,27-Oct-2023,18:15:14,-23.0153,167.2952,,7738,12762,4691,90,,,110,132,12,,,,,,,,,,,,,,,,,,,,,,,,,,,,,
7495,253101,31,NP,1,171,27-Oct-2023,20:53:47,-22.8540,167.3395,,401677601,-122,48,0,27-Oct-2023,20:48:15,-22.8540,167.3395,332,681,996,465,109,,,34,211,135,7,9,187,165,141,76,96,95,148,74,202,28,210,143,188,190,53,123,231,189,4,60,245,170,243,174,26,203,
7495,253101,3,NP,1,171,27-Oct-2023,20:53:47,-22.8540,167.3395,,401677601,-122,48,0,27-Oct-2023,20:49:37,-22.8540,167.3395,332,681,996,465,109,,,69,239,4,,,,,,,,,,,,,,,,,,,,,,,,,,,,,
7495,253101,3,NP,1,171,27-Oct-2023,20:53:47,-22.8540,167.3395,,401677601,-122,48,0,27-Oct-2023,20:50:21,-22.8540,167.3395,332,681,996,465,109,,,91,137,21,,,,,,,,,,,,,,,,,,,,,,,,,,,,,
7495,253101,3,NP,1,171,27-Oct-2023,20:53:47,-22.8540,167.3395,,401677601,-122,48,0,27-Oct-2023,20:51:03,-22.8540,167.3395,332,681,996,465,109,,,101,158,3,,,,,,,,,,,,,,,,,,,,,,,,,,,,,
7495,253101,3,NP,1,171,27-Oct-2023,20:53:47,-22.8540,167.3395,,401677601,-122,48,0,27-Oct-2023,20:53:47,-22.8540,167.3395,332,681,996,465,109,,,15,1,16,,,,,,,,,,,,,,,,,,,,,,,,,,,,,
7495,253101,3,MB,B,172,27-Oct-2023,20:58:01,-22.8525,167.3441,,401677598,-129,6,0,27-Oct-2023,20:58:02,,,,2133,2402,1893,89,,,27,143,28,,,,,,,,,,,,,,,,,,,,,,,,,,,,,
7495,253101,3,SR,A,173,28-Oct-2023,07:00:54,-22.7770,167.4135,,401677625,-122,8,0,28-Oct-2023,06:57:48,-22.7770,167.4135,290,483,3589,64,23,,,15,1,16,,,,,,,,,,,,,,,,,,,,,,,,,,,,,
7495,253101,3,SR,A,173,28-Oct-2023,07:00:54,-22.7770,167.4135,,401677625,-122,8,0,28-Oct-2023,07:02:19,-22.7770,167.4135,290,483,3589,64,23,,,27,169,122,,,,,,,,,,,,,,,,,,,,,,,,,,,,,
7495,253101,3,SR,A,173,28-Oct-2023,07:00:54,-22.7770,167.4135,,401677625,-122,8,0,28-Oct-2023,07:02:38,-22.7770,167.4135,290,483,3589,64,23,,,70,240,4,,,,,,,,,,,,,,,,,,,,,,,,,,,,,
7495,253101,3,NK,A,174,28-Oct-2023,07:00:54,-22.8012,167.4041,,401677585,-130,,0,28-Oct-2023,06:57:48,-22.8012,167.4041,290,663,3492,126,28,,,15,9,17,,,,,,,,,,,,,,,,,,,,,,,,,,,,,
7495,253101,3,NK,A,174,28-Oct-2023,07:00:54,-22.8012,167.4041,,401677585,-130,,0,28-Oct-2023,07:02:19,-22.8012,167.4041,290,663,3492,126,28,,,130,200,240,,,,,,,,,,,,,,,,,,,,,,,,,,,,,
7495,253101,3,NK,A,174,28-Oct-2023,07:00:54,-22.8012,167.4041,,401677585,-130,,0,28-Oct-2023,07:02:38,-22.8012,167.4041,290,663,3492,126,28,,,70,240,68,,,,,,,,,,,,,,,,,,,,,,,,,,,,,
7495,253101,3,NK,0,175,28-Oct-2023,18:12:25,-22.7203,167.2585,,401677616,-133,58,0,28-Oct-2023,18:10:07,-22.7203,167.2585,300,1759,5594,553,16,,,81,228,21,,,,,,,,,,,,,,,,,,,,,,,,,,,,,
7495,253101,3,NK,0,175,28-Oct-2023,18:12:25,-22.7203,167.2585,,401677616,-133,58,0,28-Oct-2023,18:10:29,-22.7203,167.2585,300,1759,5594,553,16,,,107,133,0,,,,,,,,,,,,,,,,,,,,,,,,,,,,,
7495,253101,3,NK,0,175,28-Oct-2023,18:12:25,-22.7203,167.2585,,401677616,-133,58,1,28-Oct-2023,18:14:14,-22.7203,167.2585,300,1759,5594,553,16,,,15,1,16,,,,,,,,,,,,,,,,,,,,,,,,,,,,,
7495,253101,3,NK,0,175,28-Oct-2023,18:12:25,-22.7203,167.2585,,401677616,-133,58,2,28-Oct-2023,18:15:07,-22.7203,167.2585,300,1759,5594,553,16,,,79,237,4,,,,,,,,,,,,,,,,,,,,,,,,,,,,,
7495,253101,3,CS,3,176,28-Oct-2023,18:42:07,-22.7366,167.2304,,401677601,-124,58,0,28-Oct-2023,18:39:34,-22.7366,167.2304,431,233,307,176,122,,,94,39,22,,,,,,,,,,,,,,,,,,,,,,,,,,,,,
7495,253101,3,CS,3,176,28-Oct-2023,18:42:07,-22.7366,167.2304,,401677601,-124,58,0,28-Oct-2023,18:40:35,-22.7366,167.2304,431,233,307,176,122,,,97,135,0,,,,,,,,,,,,,,,,,,,,,,,,,,,,,
7495,253101,3,CS,3,176,28-Oct-2023,18:42:07,-22.7366,167.2304,,401677601,-124,58,1,28-Oct-2023,18:40:59,-22.7366,167.2304,431,233,307,176,122,,,15,1,16,,,,,,,,,,,,,,,,,,,,,,,,,,,,,
7495,253101,23,CS,3,176,28-Oct-2023,18:42:07,-22.7366,167.2304,,401677601,-124,58,0,28-Oct-2023,18:41:37,-22.7366,167.2304,431,233,307,176,122,,,68,112,165,253,232,144,190,81,78,74,216,211,188,14,73,241,4,6,53,197,30,206,127,,,,,,,,,
7495,253101,3,CS,3,176,28-Oct-2023,18:42:07,-22.7366,167.2304,,401677601,-124,58,1,28-Oct-2023,18:43:00,-22.7366,167.2304,431,233,307,176,122,,,79,237,4,,,,,,,,,,,,,,,,,,,,,,,,,,,,,
7495,253101,3,CS,3,176,28-Oct-2023,18:42:07,-22.7366,167.2304,,401677601,-124,58,0,28-Oct-2023,18:43:25,-22.7366,167.2304,431,233,307,176,122,,,88,125,21,,,,,,,,,,,,,,,,,,,,,,,,,,,,,
7495,253101,3,CS,3,176,28-Oct-2023,18:42:07,-22.7366,167.2304,,401677601,-124,58,0,28-Oct-2023,18:43:43,-22.7366,167.2304,431,233,307,176,122,,,107,133,0,,,,,,,,,,,,,,,,,,,,,,,,,,,,,
7495,253101,3,CS,3,176,28-Oct-2023,18:42:07,-22.7366,167.2304,,401677601,-124,58,1,28-Oct-2023,18:44:31,-22.7366,167.2304,431,233,307,176,122,,,27,143,28,,,,,,,,,,,,,,,,,,,,,,,,,,,,,
7495,253101,3,CS,3,176,28-Oct-2023,18:42:07,-22.7366,167.2304,,401677601,-124,58,0,28-Oct-2023,18:46:11,-22.7366,167.2304,431,233,307,176,122,,,95,50,22,,,,,,,,,,,,,,,,,,,,,,,,,,,,,
7495,253101,3,CS,3,176,28-Oct-2023,18:42:07,-22.7366,167.2304,,401677601,-124,58,0,28-Oct-2023,18:46:45,-22.7366,167.2304,431,233,307,176,122,,,100,134,0,,,,,,,,,,,,,,,,,,,,,,,,,,,,,
7495,253101,3,A1,0,177,28-Oct-2023,18:59:10,-22.7143,167.3207,,401677599,-120,58,0,28-Oct-2023,18:54:46,-22.7143,167.3207,493,2343,88675,61,80,,,91,143,28,,,,,,,,,,,,,,,,,,,,,,,,,,,,,
7495,253101,3,A1,0,177,28-Oct-2023,18:59:10,-22.7143,167.3207,,401677599,-120,58,0,28-Oct-2023,18:55:05,-22.7143,167.3207,493,2343,88675,61,80,,,65,239,4,,,,,,,,,,,,,,,,,,,,,,,,,,,,,
7495,253101,3,A1,0,177,28-Oct-2023,18:59:10,-22.7143,167.3207,,401677599,-120,58,0,28-Oct-2023,18:55:38,-22.7143,167.3207,493,2343,88675,61,80,,,83,65,22,,,,,,,,,,,,,,,,,,,,,,,,,,,,,
7495,253101,3,A1,0,177,28-Oct-2023,18:59:10,-22.7143,167.3207,,401677599,-120,58,0,28-Oct-2023,19:00:14,-22.7143,167.3207,493,2343,88675,61,80,,,64,238,4,,,,,,,,,,,,,,,,,,,,,,,,,,,,,
7495,253101,3,A1,0,177,28-Oct-2023,18:59:10,-22.7143,167.3207,,401677599,-120,58,0,28-Oct-2023,19:00:49,-22.7143,167.3207,493,2343,88675,61,80,,,93,71,22,,,,,,,,,,,,,,,,,,,,,,,,,,,,,
7495,253101,3,A1,0,177,28-Oct-2023,18:59:10,-22.7143,167.3207,,401677599,-120,58,0,28-Oct-2023,19:01:37,-22.7143,167.3207,493,2343,88675,61,80,,,110,132,0,,,,,,,,,,,,,,,,,,,,,,,,,,,,,
7495,253101,3,A1,0,177,28-Oct-2023,18:59:10,-22.7143,167.3207,,401677599,-120,58,1,28-Oct-2023,19:01:53,-22.7143,167.3207,493,2343,88675,61,80,,,15,1,16,,,,,,,,,,,,,,,,,,,,,,,,,,,,,
7495,253101,3,A1,0,177,28-Oct-2023,18:59:10,-22.7143,167.3207,,401677599,-120,58,0,28-Oct-2023,19:02:12,-22.7143,167.3207,493,2343,88675,61,80,,,27,143,28,,,,,,,,,,,,,,,,,,,,,,,,,,,,,
7495,253101,3,A1,0,177,28-Oct-2023,18:59:10,-22.7143,167.3207,,401677599,-120,58,0,28-Oct-2023,19:02:59,-22.7143,167.3207,493,2343,88675,61,80,,,69,239,4,,,,,,,,,,,,,,,,,,,,,,,,,,,,,
7495,253101,3,SR,0,178,28-Oct-2023,19:21:23,-22.7318,167.2603,,401677600,-129,56,0,28-Oct-2023,19:16:32,-22.7318,167.2603,607,1966,6771,570,137,,,124,62,65,,,,,,,,,,,,,,,,,,,,,,,,,,,,,
7495,253101,3,SR,0,178,28-Oct-2023,19:21:23,-22.7318,167.2603,,401677600,-129,56,0,28-Oct-2023,19:17:02,-22.7318,167.2603,607,1966,6771,570,137,,,15,1,16,,,,,,,,,,,,,,,,,,,,,,,,,,,,,
7495,253101,3,SR,0,178,28-Oct-2023,19:21:23,-22.7318,167.2603,,401677600,-129,56,0,28-Oct-2023,19:25:20,-22.7318,167.2603,607,1966,6771,570,137,,,70,240,4,,,,,,,,,,,,,,,,,,,,,,,,,,,,,
7495,253101,3,SR,0,178,28-Oct-2023,19:21:23,-22.7318,167.2603,,401677600,-129,56,0,28-Oct-2023,19:26:39,-22.7318,167.2603,607,1966,6771,570,137,,,88,86,22,,,,,,,,,,,,,,,,,,,,,,,,,,,,,
7495,253101,3,MC,B,179,29-Oct-2023,11:44:40,-22.6821,167.3830,,401677580,-124,,0,29-Oct-2023,11:44:41,-22.6821,167.3830,,15235,26085,8897,99,,,72,153,17,,,,,,,,,,,,,,,,,,,,,,,,,,,,,
7495,253101,3,SR,0,180,29-Oct-2023,18:53:20,-22.8332,167.3360,,401677613,-120,58,0,29-Oct-2023,18:52:21,-22.8332,167.3360,151,3737,94282,148,72,,,65,235,4,,,,,,,,,,,,,,,,,,,,,,,,,,,,,
7495,253101,31,SR,0,180,29-Oct-2023,18:53:20,-22.8332,167.3360,,401677613,-120,58,0,29-Oct-2023,18:52:49,-22.8332,167.3360,151,3737,94282,148,72,,,42,234,57,80,135,38,191,176,232,174,118,225,73,217,114,214,58,237,98,217,181,225,59,174,126,95,137,103,60,183,29,
7495,253101,3,SR,0,180,29-Oct-2023,18:53:20,-22.8332,167.3360,,401677613,-120,58,0,29-Oct-2023,18:53:21,-22.8332,167.3360,151,3737,94282,148,72,,,81,123,22,,,,,,,,,,,,,,,,,,,,,,,,,,,,,
7495,253101,3,SR,0,180,29-Oct-2023,18:53:20,-22.8332,167.3360,,401677613,-120,58,0,29-Oct-2023,18:54:52,-22.8332,167.3360,151,3737,94282,148,72,,,15,4,253,,,,,,,,,,,,,,,,,,,,,,,,,,,,,
7495,253101,31,NK,B,181,30-Oct-2023,09:26:22,-22.8264,167.3764,,401677633,-131,,0,30-Oct-2023,09:26:22,-22.8264,167.3764,,6847,9271,5056,44,,,42,235,128,14,238,238,14,238,228,237,219,195,218,45,228,230,3,246,154,118,173,98,49,185,105,62,163,42,22,48,21,
7495,253101,3,MC,B,182,30-Oct-2023,09:43:52,-22.7899,167.3781,,401677632,-120,,0,30-Oct-2023,09:43:53,-22.7899,167.3781,,6557,12374,3474,57,,,70,240,5,,,,,,,,,,,,,,,,,,,,,,,,,,,,,
7495,253101,3,O3,0,183,30-Oct-2023,14:36:53,-22.8491,167.2418,,401677621,-131,58,0,30-Oct-2023,14:35:33,-22.8491,167.2418,115,3827,27793,527,38,,,27,143,27,,,,,,,,,,,,,,,,,,,,,,,,,,,,,
7495,253101,3,O3,0,183,30-Oct-2023,14:36:53,-22.8491,167.2418,,401677621,-131,58,0,30-Oct-2023,14:36:17,-22.8491,167.2418,115,3827,27793,527,38,,,72,246,4,,,,,,,,,,,,,,,,,,,,,,,,,,,,,
7495,253101,3,O3,0,183,30-Oct-2023,14:36:53,-22.8491,167.2418,,401677621,-131,58,0,30-Oct-2023,14:36:55,-22.8491,167.2418,115,3827,27793,527,38,,,80,159,22,,,,,,,,,,,,,,,,,,,,,,,,,,,,,
7495,253101,3,O3,0,183,30-Oct-2023,14:36:53,-22.8491,167.2418,,401677621,-131,58,0,30-Oct-2023,14:37:28,-22.8491,167.2418,115,3827,27793,527,38,,,78,31,193,,,,,,,,,,,,,,,,,,,,,,,,,,,,,
7495,253101,3,NK,B,184,30-Oct-2023,19:06:25,-22.8551,167.2380,,401677614,-133,8,0,30-Oct-2023,19:06:26,-22.8551,167.2380,,3398,3950,2922,27,,,15,1,16,,,,,,,,,,,,,,,,,,,,,,,,,,,,,
7495,253101,3,SR,3,185,31-Oct-2023,17:47:57,-22.8916,167.2504,,401677601,-125,50,0,31-Oct-2023,17:42:27,-22.8916,167.2504,610,159,208,120,8,,,110,132,1,,,,,,,,,,,,,,,,,,,,,,,,,,,,,
7495,253101,3,SR,3,185,31-Oct-2023,17:47:57,-22.8916,167.2504,,401677601,-125,50,0,31-Oct-2023,17:43:45,-22.8916,167.2504,610,159,208,120,8,,,87,251,22,,,,,,,,,,,,,,,,,,,,,,,,,,,,,
7495,253101,3,SR,3,185,31-Oct-2023,17:47:57,-22.8916,167.2504,,401677601,-125,50,0,31-Oct-2023,17:46:18,-22.8916,167.2504,610,159,208,120,8,,,86,0,23,,,,,,,,,,,,,,,,,,,,,,,,,,,,,
7495,253101,3,SR,3,185,31-Oct-2023,17:47:57,-22.8916,167.2504,,401677601,-125,50,1,31-Oct-2023,17:48:51,-22.8916,167.2504,610,159,208,120,8,,,107,133,0,,,,,,,,,,,,,,,,,,,,,,,,,,,,,
7495,253101,3,SR,3,185,31-Oct-2023,17:47:57,-22.8916,167.2504,,401677601,-125,50,1,31-Oct-2023,17:50:05,-22.8916,167.2504,610,159,208,120,8,,,66,244,4,,,,,,,,,,,,,,,,,,,,,,,,,,,,,
7495,253101,3,SR,3,185,31-Oct-2023,17:47:57,-22.8916,167.2504,,401677601,-125,50,0,31-Oct-2023,17:50:24,-22.8916,167.2504,610,159,208,120,8,,,84,10,23,,,,,,,,,,,,,,,,,,,,,,,,,,,,,
7495,253101,3,SR,3,185,31-Oct-2023,17:47:57,-22.8916,167.2504,,401677601,-125,50,0,31-Oct-2023,17:50:46,-22.8916,167.2504,610,159,208,120,8,,,111,129,0,,,,,,,,,,,,,,,,,,,,,,,,,,,,,
7495,253101,23,SR,3,185,31-Oct-2023,17:47:57,-22.8916,167.2504,,401677601,-125,50,0,31-Oct-2023,17:51:05,-22.8916,167.2504,610,159,208,120,8,,,81,144,165,253,232,144,190,81,79,199,115,76,150,174,107,199,51,32,251,173,79,152,173,,,,,,,,,
7495,253101,3,SR,3,185,31-Oct-2023,17:47:57,-22.8916,167.2504,,401677601,-125,50,4,31-Oct-2023,17:51:21,-22.8916,167.2504,610,159,208,120,8,,,15,1,16,,,,,,,,,,,,,,,,,,,,,,,,,,,,,
7495,253101,3,SR,3,185,31-Oct-2023,17:47:57,-22.8916,167.2504,,401677601,-125,50,2,31-Oct-2023,17:51:38,-22.8916,167.2504,610,159,208,120,8,,,27,143,28,,,,,,,,,,,,,,,,,,,,,,,,,,,,,
7495,253101,3,SR,3,185,31-Oct-2023,17:47:57,-22.8916,167.2504,,401677601,-125,50,1,31-Oct-2023,17:51:59,-22.8916,167.2504,610,159,208,120,8,,,71,245,4,,,,,,,,,,,,,,,,,,,,,,,,,,,,,
7495,253101,3,SR,3,185,31-Oct-2023,17:47:57,-22.8916,167.2504,,401677601,-125,50,0,31-Oct-2023,17:52:22,-22.8916,167.2504,610,159,208,120,8,,,86,16,23,,,,,,,,,,,,,,,,,,,,,,,,,,,,,
7495,253101,3,SR,3,185,31-Oct-2023,17:47:57,-22.8916,167.2504,,401677601,-125,50,1,31-Oct-2023,17:52:37,-22.8916,167.2504,610,159,208,120,8,,,100,134,0,,,,,,,,,,,,,,,,,,,,,,,,,,,,,
7495,253101,3,A1,2,186,31-Oct-2023,17:56:15,-22.8902,167.2485,,401677598,-132,56,0,31-Oct-2023,17:54:33,-22.8902,167.2485,253,279,812,95,35,,,87,21,23,,,,,,,,,,,,,,,,,,,,,,,,,,,,,
7495,253101,3,A1,2,186,31-Oct-2023,17:56:15,-22.8902,167.2485,,401677598,-132,56,1,31-Oct-2023,17:55:51,-22.8902,167.2485,253,279,812,95,35,,,66,244,4,,,,,,,,,,,,,,,,,,,,,,,,,,,,,
7495,253101,3,A1,2,186,31-Oct-2023,17:56:15,-22.8902,167.2485,,401677598,-132,56,0,31-Oct-2023,17:56:08,-22.8902,167.2485,253,279,812,95,35,,,92,30,55,,,,,,,,,,,,,,,,,,,,,,,,,,,,,
7495,253101,3,A1,2,186,31-Oct-2023,17:56:15,-22.8902,167.2485,,401677598,-132,56,0,31-Oct-2023,17:57:52,-22.8902,167.2485,253,279,812,95,35,,,101,131,32,,,,,,,,,,,,,,,,,,,,,,,,,,,,,
7495,253101,3,A1,2,186,31-Oct-2023,17:56:15,-22.8902,167.2485,,401677598,-132,56,1,31-Oct-2023,17:58:12,-22.8902,167.2485,253,279,812,95,35,,,15,1,16,,,,,,,,,,,,,,,,,,,,,,,,,,,,,
7495,253101,3,A1,2,186,31-Oct-2023,17:56:15,-22.8902,167.2485,,401677598,-132,56,2,31-Oct-2023,17:58:27,-22.8902,167.2485,253,279,812,95,35,,,27,143,28,,,,,,,,,,,,,,,,,,,,,,,,,,,,,
7495,253101,3,A1,2,186,31-Oct-2023,17:56:15,-22.8902,167.2485,,401677598,-132,56,0,31-Oct-2023,17:58:46,-22.8902,167.2485,253,279,812,95,35,,,76,242,4,,,,,,,,,,,,,,,,,,,,,,,,,,,,,
7495,253101,3,CS,3,187,31-Oct-2023,18:17:50,-22.8993,167.2443,,401677599,-120,56,0,31-Oct-2023,18:13:49,-22.8993,167.2443,653,105,202,54,97,,,88,73,23,,,,,,,,,,,,,,,,,,,,,,,,,,,,,
7495,253101,3,CS,3,187,31-Oct-2023,18:17:50,-22.8993,167.2443,,401677599,-120,56,0,31-Oct-2023,18:15:45,-22.8993,167.2443,653,105,202,54,97,,,83,78,23,,,,,,,,,,,,,,,,,,,,,,,,,,,,,
7495,253101,3,CS,3,187,31-Oct-2023,18:17:50,-22.8993,167.2443,,401677599,-120,56,2,31-Oct-2023,18:16:09,-22.8993,167.2443,653,105,202,54,97,,,107,133,0,,,,,,,,,,,,,,,,,,,,,,,,,,,,,
7495,253101,31,CS,3,187,31-Oct-2023,18:17:50,-22.8993,167.2443,,401677599,-120,56,0,31-Oct-2023,18:17:41,-22.8993,167.2443,653,105,202,54,97,,,42,235,192,238,238,238,238,224,238,14,0,0,0,238,238,98,235,160,238,238,0,238,238,224,238,224,238,238,224,238,106,
7495,253101,3,CS,3,187,31-Oct-2023,18:17:50,-22.8993,167.2443,,401677599,-120,56,0,31-Oct-2023,18:17:56,-22.8993,167.2443,653,105,202,54,97,,,81,84,7,,,,,,,,,,,,,,,,,,,,,,,,,,,,,
7495,253101,23,CS,3,187,31-Oct-2023,18:17:50,-22.8993,167.2443,,401677599,-120,56,0,31-Oct-2023,18:19:17,-22.8993,167.2443,653,105,202,54,97,,,76,176,165,253,232,144,190,81,79,201,118,87,86,46,175,10,3,245,27,207,80,255,128,,,,,,,,,
7495,253101,3,CS,3,187,31-Oct-2023,18:17:50,-22.8993,167.2443,,401677599,-120,56,0,31-Oct-2023,18:20:52,-22.8993,167.2443,653,105,202,54,97,,,87,90,23,,,,,,,,,,,,,,,,,,,,,,,,,,,,,
7495,253101,3,CS,3,187,31-Oct-2023,18:17:50,-22.8993,167.2443,,401677599,-120,56,0,31-Oct-2023,18:21:09,-22.8993,167.2443,653,105,202,54,97,,,100,134,0,,,,,,,,,,,,,,,,,,,,,,,,,,,,,
7495,253101,3,CS,3,187,31-Oct-2023,18:17:50,-22.8993,167.2443,,401677599,-120,56,4,31-Oct-2023,18:22:35,-22.8993,167.2443,653,105,202,54,97,,,27,143,28,,,,,,,,,,,,,,,,,,,,,,,,,,,,,
7495,253101,3,CS,3,187,31-Oct-2023,18:17:50,-22.8993,167.2443,,401677599,-120,56,3,31-Oct-2023,18:22:50,-22.8993,167.2443,653,105,202,54,97,,,66,244,4,,,,,,,,,,,,,,,,,,,,,,,,,,,,,
7495,253101,3,CS,3,187,31-Oct-2023,18:17:50,-22.8993,167.2443,,401677599,-120,56,4,31-Oct-2023,18:23:55,-22.8993,167.2443,653,105,202,54,97,,,15,1,16,,,,,,,,,,,,,,,,,,,,,,,,,,,,,
7495,253101,3,CS,3,187,31-Oct-2023,18:17:50,-22.8993,167.2443,,401677599,-120,56,1,31-Oct-2023,18:24:25,-22.8993,167.2443,653,105,202,54,97,,,71,245,4,,,,,,,,,,,,,,,,,,,,,,,,,,,,,
7495,253101,3,CS,3,187,31-Oct-2023,18:17:50,-22.8993,167.2443,,401677599,-120,56,0,31-Oct-2023,18:24:42,-22.8993,167.2443,653,105,202,54,97,,,81,100,23,,,,,,,,,,,,,,,,,,,,,,,,,,,,,
7495,253101,3,NK,2,188,31-Oct-2023,18:31:39,-22.9025,167.2415,,401677601,-137,56,0,31-Oct-2023,18:31:39,-22.9025,167.2415,542,269,491,146,19,,,27,143,28,,,,,,,,,,,,,,,,,,,,,,,,,,,,,
7495,253101,3,NK,2,188,31-Oct-2023,18:31:39,-22.9025,167.2415,,401677601,-137,56,0,31-Oct-2023,18:32:00,-22.9025,167.2415,542,269,491,146,19,,,71,245,4,,,,,,,,,,,,,,,,,,,,,,,,,,,,,
7495,253101,3,NK,2,188,31-Oct-2023,18:31:39,-22.9025,167.2415,,401677601,-137,56,0,31-Oct-2023,18:32:50,-22.9025,167.2415,542,269,491,146,19,,,81,116,23,,,,,,,,,,,,,,,,,,,,,,,,,,,,,
7495,253101,3,NK,2,188,31-Oct-2023,18:31:39,-22.9025,167.2415,,401677601,-137,56,0,31-Oct-2023,18:33:10,-22.9025,167.2415,542,269,491,146,19,,,100,134,0,,,,,,,,,,,,,,,,,,,,,,,,,,,,,
7495,253101,3,NK,2,188,31-Oct-2023,18:31:39,-22.9025,167.2415,,401677601,-137,56,0,31-Oct-2023,18:34:51,-22.9025,167.2415,542,269,491,146,19,,,88,121,23,,,,,,,,,,,,,,,,,,,,,,,,,,,,,
7495,253101,3,NK,2,188,31-Oct-2023,18:31:39,-22.9025,167.2415,,401677601,-137,56,2,31-Oct-2023,18:37:40,-22.9025,167.2415,542,269,491,146,19,,,27,143,28,,,,,,,,,,,,,,,,,,,,,,,,,,,,,
7495,253101,3,NK,2,188,31-Oct-2023,18:31:39,-22.9025,167.2415,,401677601,-137,56,1,31-Oct-2023,18:37:57,-22.9025,167.2415,542,269,491,146,19,,,66,244,4,,,,,,,,,,,,,,,,,,,,,,,,,,,,,
7495,253101,3,NK,2,188,31-Oct-2023,18:31:39,-22.9025,167.2415,,401677601,-137,56,0,31-Oct-2023,18:38:15,-22.9025,167.2415,542,269,491,146,19,,,83,126,23,,,,,,,,,,,,,,,,,,,,,,,,,,,,,
7495,253101,3,NK,2,188,31-Oct-2023,18:31:39,-22.9025,167.2415,,401677601,-137,56,1,31-Oct-2023,18:38:31,-22.9025,167.2415,542,269,491,146,19,,,107,133,0,,,,,,,,,,,,,,,,,,,,,,,,,,,,,
7495,253101,3,NK,2,188,31-Oct-2023,18:31:39,-22.9025,167.2415,,401677601,-137,56,2,31-Oct-2023,18:40:41,-22.9025,167.2415,542,269,491,146,19,,,15,1,16,,,,,,,,,,,,,,,,,,,,,,,,,,,,,
7495,253101,3,NK,2,189,31-Oct-2023,20:12:00,-22.9265,167.2545,,401677598,-126,58,0,31-Oct-2023,20:08:36,-22.9265,167.2545,623,281,326,242,3,,,77,247,4,,,,,,,,,,,,,,,,,,,,,,,,,,,,,
7495,253101,3,NK,2,189,31-Oct-2023,20:12:00,-22.9265,167.2545,,401677598,-126,58,0,31-Oct-2023,20:08:52,-22.9265,167.2545,623,281,326,242,3,,,92,195,23,,,,,,,,,,,,,,,,,,,,,,,,,,,,,
7495,253101,3,NK,2,189,31-Oct-2023,20:12:00,-22.9265,167.2545,,401677598,-126,58,0,31-Oct-2023,20:11:37,-22.9265,167.2545,623,281,326,242,3,,,110,132,0,,,,,,,,,,,,,,,,,,,,,,,,,,,,,
7495,253101,3,NK,2,189,31-Oct-2023,20:12:00,-22.9265,167.2545,,401677598,-126,58,0,31-Oct-2023,20:18:59,-22.9265,167.2545,623,281,326,242,3,,,15,1,16,,,,,,,,,,,,,,,,,,,,,,,,,,,,,
7495,253101,3,MC,B,190,31-Oct-2023,20:33:43,-22.9103,167.2370,,401677605,-123,8,0,31-Oct-2023,20:33:44,-22.9103,167.2370,,3378,3957,2883,105,,,27,143,28,,,,,,,,,,,,,,,,,,,,,,,,,,,,,
7495,253101,3,NP,B,191,31-Oct-2023,21:46:57,-22.9129,167.2345,,401677601,-129,8,0,31-Oct-2023,21:46:58,,,,1836,2077,1622,109,,,91,200,23,,,,,,,,,,,,,,,,,,,,,,,,,,,,,
7495,253101,3,NN,B,192,31-Oct-2023,21:56:01,-22.9128,167.2346,,401677603,-130,6,0,31-Oct-2023,21:56:02,-22.9128,167.2346,,1764,2308,1348,112,,,100,134,0,,,,,,,,,,,,,,,,,,,,,,,,,,,,,
7495,253101,3,A1,A,193,01-Nov-2023,06:00:58,-22.8373,167.3083,,401677598,-126,8,0,01-Nov-2023,05:59:15,-22.8373,167.3083,163,1149,29545,44,88,,,15,1,16,,,,,,,,,,,,,,,,,,,,,,,,,,,,,
7495,253101,3,A1,A,193,01-Nov-2023,06:00:58,-22.8373,167.3083,,401677598,-126,8,0,01-Nov-2023,06:01:43,-22.8373,167.3083,163,1149,29545,44,88,,,27,131,156,,,,,,,,,,,,,,,,,,,,,,,,,,,,,
7495,253101,3,A1,A,193,01-Nov-2023,06:00:58,-22.8373,167.3083,,401677598,-126,8,0,01-Nov-2023,06:01:58,-22.8373,167.3083,163,1149,29545,44,88,,,64,254,4,,,,,,,,,,,,,,,,,,,,,,,,,,,,,
7495,253101,3,CS,A,194,01-Nov-2023,06:38:03,-22.8391,167.3044,,401677597,-126,8,0,01-Nov-2023,06:36:17,-22.8391,167.3044,174,974,26545,35,81,,,100,134,0,,,,,,,,,,,,,,,,,,,,,,,,,,,,,
7495,253101,3,CS,A,194,01-Nov-2023,06:38:03,-22.8391,167.3044,,401677597,-126,8,0,01-Nov-2023,06:38:44,-22.8391,167.3044,174,974,26545,35,81,,,89,242,23,,,,,,,,,,,,,,,,,,,,,,,,,,,,,
7495,253101,3,CS,A,194,01-Nov-2023,06:38:03,-22.8391,167.3044,,401677597,-126,8,0,01-Nov-2023,06:39:11,-22.8391,167.3044,174,974,26545,35,81,,,107,133,0,,,,,,,,,,,,,,,,,,,,,,,,,,,,,
7495,253101,3,SR,A,195,01-Nov-2023,06:38:03,-22.8366,167.3198,,401677597,-127,,0,01-Nov-2023,06:36:17,-22.8366,167.3198,174,271,2250,32,85,,,100,134,0,,,,,,,,,,,,,,,,,,,,,,,,,,,,,
7495,253101,3,SR,A,195,01-Nov-2023,06:38:03,-22.8366,167.3198,,401677597,-127,,0,01-Nov-2023,06:38:44,-22.8366,167.3198,174,271,2250,32,85,,,89,242,23,,,,,,,,,,,,,,,,,,,,,,,,,,,,,
7495,253101,3,SR,A,195,01-Nov-2023,06:38:03,-22.8366,167.3198,,401677597,-127,,0,01-Nov-2023,06:39:11,-22.8366,167.3198,174,271,2250,32,85,,,107,133,0,,,,,,,,,,,,,,,,,,,,,,,,,,,,,
7495,253101,3,NK,1,196,01-Nov-2023,06:58:12,-22.8427,167.3212,,401677595,-132,56,0,01-Nov-2023,06:56:48,-22.8427,167.3212,188,732,2126,251,39,,,91,12,24,,,,,,,,,,,,,,,,,,,,,,,,,,,,,
7495,253101,3,NK,1,196,01-Nov-2023,06:58:12,-22.8427,167.3212,,401677595,-132,56,0,01-Nov-2023,06:58:07,-22.8427,167.3212,188,732,2126,251,39,,,27,143,28,,,,,,,,,,,,,,,,,,,,,,,,,,,,,
7495,253101,3,NK,1,196,01-Nov-2023,06:58:12,-22.8427,167.3212,,401677595,-132,56,0,01-Nov-2023,06:58:27,-22.8427,167.3212,188,732,2126,251,39,,,77,247,4,,,,,,,,,,,,,,,,,,,,,,,,,,,,,
7495,253101,3,NK,1,196,01-Nov-2023,06:58:12,-22.8427,167.3212,,401677595,-132,56,0,01-Nov-2023,06:59:07,-22.8427,167.3212,188,732,2126,251,39,,,82,17,24,,,,,,,,,,,,,,,,,,,,,,,,,,,,,
7495,253101,3,NK,1,196,01-Nov-2023,06:58:12,-22.8427,167.3212,,401677595,-132,56,0,01-Nov-2023,06:59:35,-22.8427,167.3212,188,732,2126,251,39,,,100,134,0,,,,,,,,,,,,,,,,,,,,,,,,,,,,,
7495,253101,3,NK,1,196,01-Nov-2023,06:58:12,-22.8427,167.3212,,401677595,-132,56,2,01-Nov-2023,06:59:56,-22.8427,167.3212,188,732,2126,251,39,,,15,1,16,,,,,,,,,,,,,,,,,,,,,,,,,,,,,
7495,253101,3,NN,2,197,01-Nov-2023,12:06:45,-22.8769,167.2204,,401677603,-123,58,0,01-Nov-2023,12:04:27,-22.8769,167.2204,524,288,775,107,81,,,67,241,4,,,,,,,,,,,,,,,,,,,,,,,,,,,,,
7495,253101,3,NN,2,197,01-Nov-2023,12:06:45,-22.8769,167.2204,,401677603,-123,58,0,01-Nov-2023,12:04:51,-22.8769,167.2204,524,288,775,107,81,,,84,64,24,,,,,,,,,,,,,,,,,,,,,,,,,,,,,
7495,253101,3,NN,2,197,01-Nov-2023,12:06:45,-22.8769,167.2204,,401677603,-123,58,0,01-Nov-2023,12:05:09,-22.8769,167.2204,524,288,775,107,81,,,101,131,0,,,,,,,,,,,,,,,,,,,,,,,,,,,,,
7495,253101,3,NN,2,197,01-Nov-2023,12:06:45,-22.8769,167.2204,,401677603,-123,58,0,01-Nov-2023,12:06:38,-22.8769,167.2204,524,288,775,107,81,,,73,243,4,,,,,,,,,,,,,,,,,,,,,,,,,,,,,
7495,253101,3,NN,2,197,01-Nov-2023,12:06:45,-22.8769,167.2204,,401677603,-123,58,0,01-Nov-2023,12:07:07,-22.8769,167.2204,524,288,775,107,81,,,85,69,24,,,,,,,,,,,,,,,,,,,,,,,,,,,,,
7495,253101,3,NN,2,197,01-Nov-2023,12:06:45,-22.8769,167.2204,,401677603,-123,58,0,01-Nov-2023,12:07:30,-22.8769,167.2204,524,288,775,107,81,,,100,134,0,,,,,,,,,,,,,,,,,,,,,,,,,,,,,
7495,253101,3,NN,2,197,01-Nov-2023,12:06:45,-22.8769,167.2204,,401677603,-123,58,1,01-Nov-2023,12:07:52,-22.8769,167.2204,524,288,775,107,81,,,15,1,16,,,,,,,,,,,,,,,,,,,,,,,,,,,,,
7495,253101,3,NN,2,197,01-Nov-2023,12:06:45,-22.8769,167.2204,,401677603,-123,58,1,01-Nov-2023,12:08:07,-22.8769,167.2204,524,288,775,107,81,,,27,143,28,,,,,,,,,,,,,,,,,,,,,,,,,,,,,
7495,253101,3,NN,2,197,01-Nov-2023,12:06:45,-22.8769,167.2204,,401677603,-123,58,0,01-Nov-2023,12:08:22,-22.8769,167.2204,524,288,775,107,81,,,76,242,4,,,,,,,,,,,,,,,,,,,,,,,,,,,,,
7495,253101,3,NN,2,197,01-Nov-2023,12:06:45,-22.8769,167.2204,,401677603,-123,58,0,01-Nov-2023,12:08:48,-22.8769,167.2204,524,288,775,107,81,,,86,74,24,,,,,,,,,,,,,,,,,,,,,,,,,,,,,
7495,253101,3,NN,2,197,01-Nov-2023,12:06:45,-22.8769,167.2204,,401677603,-123,58,0,01-Nov-2023,12:13:11,-22.8769,167.2204,524,288,775,107,81,,,97,135,0,,,,,,,,,,,,,,,,,,,,,,,,,,,,,
7495,253101,3,NP,B,198,02-Nov-2023,09:55:25,-22.9254,167.0862,,401677604,-131,,0,02-Nov-2023,09:55:25,-22.9254,167.0862,,21121,22999,19396,89,,,97,135,0,,,,,,,,,,,,,,,,,,,,,,,,,,,,,
7495,253101,3,NK,B,199,02-Nov-2023,09:55:25,-22.8382,167.0851,,401677619,-132,,0,02-Nov-2023,09:55:25,-22.8382,167.0851,,17011,33425,8656,89,,,97,135,0,,,,,,,,,,,,,,,,,,,,,,,,,,,,,
7495,253101,3,CS,B,200,03-Nov-2023,06:58:11,-22.8004,167.1389,,401677593,-129,,0,03-Nov-2023,06:58:01,-22.8004,167.1389,21,5730,18969,1730,109,,,66,244,4,,,,,,,,,,,,,,,,,,,,,,,,,,,,,
7495,253101,31,CS,B,200,03-Nov-2023,06:58:11,-22.8004,167.1389,,401677593,-129,,0,03-Nov-2023,06:58:22,-22.8004,167.1389,21,5730,18969,1730,109,,,42,236,32,0,8,4,64,131,214,195,170,70,251,95,139,162,247,135,142,187,60,140,210,27,240,124,166,232,3,246,219,
7495,253101,3,NN, ,201,04-Nov-2023,11:31:03,,,,401650000,-124,,0,04-Nov-2023,11:31:03,,,,,,,,,,15,1,16,,,,,,,,,,,,,,,,,,,,,,,,,,,,,
7495,253101,31,MB, ,202,05-Nov-2023,11:46:11,,,,401650000,-135,,0,05-Nov-2023,11:46:11,,,,,,,,,,42,236,96,238,238,224,0,236,202,238,238,238,238,238,238,109,236,64,238,174,238,238,224,238,238,238,238,0,14,238,13,
7495,253101,3,SR, ,203,06-Nov-2023,07:12:10,,,,401650000,-132,,0,06-Nov-2023,07:12:10,,,,,,,,,,107,133,0,,,,,,,,,,,,,,,,,,,,,,,,,,,,,
7495,253101,31,MB, ,204,07-Nov-2023,11:02:15,,,,401650000,-127,,0,07-Nov-2023,11:02:15,,,,,,,,,,42,236,160,238,238,224,238,238,224,14,238,238,135,112,2,213,248,17,111,192,28,233,174,104,145,253,151,24,253,109,51,
7495,253101,31,SR,A,205,08-Nov-2023,07:55:38,-22.8487,167.0925,,401677607,-130,,0,08-Nov-2023,07:55:20,-22.8487,167.0925,161,1127,12180,104,119,,,42,236,160,114,175,71,58,215,35,100,138,242,221,200,142,53,152,27,246,30,175,49,117,117,131,119,81,24,120,198,181,
7495,253101,3,SR,A,205,08-Nov-2023,07:55:38,-22.8487,167.0925,,401677607,-130,,0,08-Nov-2023,07:55:58,-22.8487,167.0925,161,1127,12180,104,119,,,15,1,16,,,,,,,,,,,,,,,,,,,,,,,,,,,,,
7495,253101,3,SR,A,205,08-Nov-2023,07:55:38,-22.8487,167.0925,,401677607,-130,,0,08-Nov-2023,07:58:01,-22.8487,167.0925,161,1127,12180,104,119,,,93,195,24,,,,,,,,,,,,,,,,,,,,,,,,,,,,,
7495,253101,3,NN,B,206,08-Nov-2023,10:41:20,-22.8564,167.0837,,401677600,-128,8,0,08-Nov-2023,10:41:20,-22.8564,167.0837,,1839,3081,1097,94,,,15,1,16,,,,,,,,,,,,,,,,,,,,,,,,,,,,,
7495,253101,3,CS,2,207,08-Nov-2023,17:50:35,-22.8537,167.2507,,401677598,-122,58,0,08-Nov-2023,17:47:36,-22.8537,167.2507,560,435,4165,45,101,,,90,22,25,,,,,,,,,,,,,,,,,,,,,,,,,,,,,
7495,253101,23,CS,2,207,08-Nov-2023,17:50:35,-22.8537,167.2507,,401677598,-122,58,0,08-Nov-2023,17:48:37,-22.8537,167.2507,560,435,4165,45,101,,,88,80,165,253,232,144,190,81,68,71,86,214,20,50,51,10,19,255,26,207,32,255,128,,,,,,,,,
7495,253101,3,CS,2,207,08-Nov-2023,17:50:35,-22.8537,167.2507,,401677598,-122,58,1,08-Nov-2023,17:49:18,-22.8537,167.2507,560,435,4165,45,101,,,76,242,4,,,,,,,,,,,,,,,,,,,,,,,,,,,,,
7495,253101,3,CS,2,207,08-Nov-2023,17:50:35,-22.8537,167.2507,,401677598,-122,58,0,08-Nov-2023,17:49:39,-22.8537,167.2507,560,435,4165,45,101,,,88,28,25,,,,,,,,,,,,,,,,,,,,,,,,,,,,,
7495,253101,3,CS,2,207,08-Nov-2023,17:50:35,-22.8537,167.2507,,401677598,-122,58,1,08-Nov-2023,17:49:59,-22.8537,167.2507,560,435,4165,45,101,,,107,133,0,,,,,,,,,,,,,,,,,,,,,,,,,,,,,
7495,253101,3,CS,2,207,08-Nov-2023,17:50:35,-22.8537,167.2507,,401677598,-122,58,0,08-Nov-2023,17:51:51,-22.8537,167.2507,560,435,4165,45,101,,,100,134,0,,,,,,,,,,,,,,,,,,,,,,,,,,,,,
7495,253101,3,CS,2,207,08-Nov-2023,17:50:35,-22.8537,167.2507,,401677598,-122,58,4,08-Nov-2023,17:52:42,-22.8537,167.2507,560,435,4165,45,101,,,27,143,28,,,,,,,,,,,,,,,,,,,,,,,,,,,,,
7495,253101,3,CS,2,207,08-Nov-2023,17:50:35,-22.8537,167.2507,,401677598,-122,58,0,08-Nov-2023,17:53:20,-22.8537,167.2507,560,435,4165,45,101,,,90,38,25,,,,,,,,,,,,,,,,,,,,,,,,,,,,,
7495,253101,3,CS,2,207,08-Nov-2023,17:50:35,-22.8537,167.2507,,401677598,-122,58,0,08-Nov-2023,17:53:36,-22.8537,167.2507,560,435,4165,45,101,,,96,130,0,,,,,,,,,,,,,,,,,,,,,,,,,,,,,
7495,253101,3,CS,2,207,08-Nov-2023,17:50:35,-22.8537,167.2507,,401677598,-122,58,0,08-Nov-2023,17:53:51,-22.8537,167.2507,560,435,4165,45,101,,,15,0,35,,,,,,,,,,,,,,,,,,,,,,,,,,,,,
7495,253101,3,CS,2,207,08-Nov-2023,17:50:35,-22.8537,167.2507,,401677598,-122,58,0,08-Nov-2023,17:54:07,-22.8537,167.2507,560,435,4165,45,101,,,21,179,17,,,,,,,,,,,,,,,,,,,,,,,,,,,,,
7495,253101,3,CS,2,207,08-Nov-2023,17:50:35,-22.8537,167.2507,,401677598,-122,58,4,08-Nov-2023,17:54:31,-22.8537,167.2507,560,435,4165,45,101,,,67,241,4,,,,,,,,,,,,,,,,,,,,,,,,,,,,,
7495,253101,3,CS,2,207,08-Nov-2023,17:50:35,-22.8537,167.2507,,401677598,-122,58,0,08-Nov-2023,17:55:11,-22.8537,167.2507,560,435,4165,45,101,,,101,131,0,,,,,,,,,,,,,,,,,,,,,,,,,,,,,
7495,253101,3,CS,2,207,08-Nov-2023,17:50:35,-22.8537,167.2507,,401677598,-122,58,5,08-Nov-2023,17:55:26,-22.8537,167.2507,560,435,4165,45,101,,,15,1,16,,,,,,,,,,,,,,,,,,,,,,,,,,,,,
7495,253101,3,CS,2,207,08-Nov-2023,17:50:35,-22.8537,167.2507,,401677598,-122,58,0,08-Nov-2023,17:55:45,-22.8537,167.2507,560,435,4165,45,101,,,27,143,188,,,,,,,,,,,,,,,,,,,,,,,,,,,,,
7495,253101,3,CS,2,207,08-Nov-2023,17:50:35,-22.8537,167.2507,,401677598,-122,58,0,08-Nov-2023,17:56:18,-22.8537,167.2507,560,435,4165,45,101,,,84,48,25,,,,,,,,,,,,,,,,,,,,,,,,,,,,,
7495,253101,23,CS,2,207,08-Nov-2023,17:50:35,-22.8537,167.2507,,401677598,-122,58,0,08-Nov-2023,17:56:56,-22.8537,167.2507,560,435,4165,45,101,,,84,176,165,253,232,144,190,81,68,72,23,151,214,50,100,12,19,222,13,255,46,255,128,,,,,,,,,
7495,253101,3,A1,3,208,08-Nov-2023,18:18:45,-22.8443,167.2388,,401677597,-127,56,0,08-Nov-2023,18:14:56,-22.8443,167.2388,493,131,144,117,115,,,92,87,25,,,,,,,,,,,,,,,,,,,,,,,,,,,,,
7495,253101,3,A1,3,208,08-Nov-2023,18:18:45,-22.8443,167.2388,,401677597,-127,56,0,08-Nov-2023,18:15:13,-22.8443,167.2388,493,131,144,117,115,,,110,132,0,,,,,,,,,,,,,,,,,,,,,,,,,,,,,
7495,253101,3,A1,3,208,08-Nov-2023,18:18:45,-22.8443,167.2388,,401677597,-127,56,0,08-Nov-2023,18:16:25,-22.8443,167.2388,493,131,144,117,115,,,91,92,25,,,,,,,,,,,,,,,,,,,,,,,,,,,,,
7495,253101,3,A1,3,208,08-Nov-2023,18:18:45,-22.8443,167.2388,,401677597,-127,56,0,08-Nov-2023,18:18:21,-22.8443,167.2388,493,131,144,117,115,,,82,97,25,,,,,,,,,,,,,,,,,,,,,,,,,,,,,
7495,253101,3,A1,3,208,08-Nov-2023,18:18:45,-22.8443,167.2388,,401677597,-127,56,0,08-Nov-2023,18:19:10,-22.8443,167.2388,493,131,144,117,115,,,21,148,242,,,,,,,,,,,,,,,,,,,,,,,,,,,,,
7495,253101,23,A1,3,208,08-Nov-2023,18:18:45,-22.8443,167.2388,,401677597,-127,56,0,08-Nov-2023,18:19:26,-22.8443,167.2388,493,131,144,117,115,,,80,16,165,253,232,144,190,81,68,73,128,21,146,50,201,6,15,157,26,207,32,255,128,,,,,,,,,
7495,253101,3,A1,3,208,08-Nov-2023,18:18:45,-22.8443,167.2388,,401677597,-127,56,0,08-Nov-2023,18:20:45,-22.8443,167.2388,493,131,144,117,115,,,67,241,4,,,,,,,,,,,,,,,,,,,,,,,,,,,,,
7495,253101,3,A1,3,208,08-Nov-2023,18:18:45,-22.8443,167.2388,,401677597,-127,56,0,08-Nov-2023,18:21:00,-22.8443,167.2388,493,131,144,117,115,,,92,103,25,,,,,,,,,,,,,,,,,,,,,,,,,,,,,
7495,253101,3,A1,3,208,08-Nov-2023,18:18:45,-22.8443,167.2388,,401677597,-127,56,1,08-Nov-2023,18:21:17,-22.8443,167.2388,493,131,144,117,115,,,107,133,0,,,,,,,,,,,,,,,,,,,,,,,,,,,,,
7495,253101,3,A1,3,208,08-Nov-2023,18:18:45,-22.8443,167.2388,,401677597,-127,56,3,08-Nov-2023,18:22:00,-22.8443,167.2388,493,131,144,117,115,,,27,143,28,,,,,,,,,,,,,,,,,,,,,,,,,,,,,
7495,253101,3,A1,3,208,08-Nov-2023,18:18:45,-22.8443,167.2388,,401677597,-127,56,2,08-Nov-2023,18:22:16,-22.8443,167.2388,493,131,144,117,115,,,76,242,4,,,,,,,,,,,,,,,,,,,,,,,,,,,,,
7495,253101,3,A1,3,208,08-Nov-2023,18:18:45,-22.8443,167.2388,,401677597,-127,56,1,08-Nov-2023,18:22:49,-22.8443,167.2388,493,131,144,117,115,,,100,134,0,,,,,,,,,,,,,,,,,,,,,,,,,,,,,
7495,253101,3,A1,3,208,08-Nov-2023,18:18:45,-22.8443,167.2388,,401677597,-127,56,2,08-Nov-2023,18:23:09,-22.8443,167.2388,493,131,144,117,115,,,15,1,16,,,,,,,,,,,,,,,,,,,,,,,,,,,,,
7495,253101,3,NK,2,209,08-Nov-2023,18:30:53,-22.8388,167.2496,,401677598,-133,56,0,08-Nov-2023,18:26:44,-22.8388,167.2496,474,450,832,243,17,,,96,130,16,,,,,,,,,,,,,,,,,,,,,,,,,,,,,
7495,253101,3,NK,2,209,08-Nov-2023,18:30:53,-22.8388,167.2496,,401677598,-133,56,0,08-Nov-2023,18:28:20,-22.8388,167.2496,474,450,832,243,17,,,80,123,25,,,,,,,,,,,,,,,,,,,,,,,,,,,,,
7495,253101,3,NK,2,209,08-Nov-2023,18:30:53,-22.8388,167.2496,,401677598,-133,56,0,08-Nov-2023,18:28:51,-22.8388,167.2496,474,450,832,243,17,,,110,132,0,,,,,,,,,,,,,,,,,,,,,,,,,,,,,
7495,253101,3,NK,2,209,08-Nov-2023,18:30:53,-22.8388,167.2496,,401677598,-133,56,0,08-Nov-2023,18:31:52,-22.8388,167.2496,474,450,832,243,17,,,87,129,25,,,,,,,,,,,,,,,,,,,,,,,,,,,,,
7495,253101,3,NK,2,209,08-Nov-2023,18:30:53,-22.8388,167.2496,,401677598,-133,56,1,08-Nov-2023,18:32:53,-22.8388,167.2496,474,450,832,243,17,,,15,1,16,,,,,,,,,,,,,,,,,,,,,,,,,,,,,
7495,253101,3,NK,2,209,08-Nov-2023,18:30:53,-22.8388,167.2496,,401677598,-133,56,2,08-Nov-2023,18:33:18,-22.8388,167.2496,474,450,832,243,17,,,27,143,28,,,,,,,,,,,,,,,,,,,,,,,,,,,,,
7495,253101,3,NK,2,209,08-Nov-2023,18:30:53,-22.8388,167.2496,,401677598,-133,56,1,08-Nov-2023,18:34:02,-22.8388,167.2496,474,450,832,243,17,,,76,242,4,,,,,,,,,,,,,,,,,,,,,,,,,,,,,
7495,253101,3,NK,2,209,08-Nov-2023,18:30:53,-22.8388,167.2496,,401677598,-133,56,0,08-Nov-2023,18:34:38,-22.8388,167.2496,474,450,832,243,17,,,107,133,0,,,,,,,,,,,,,,,,,,,,,,,,,,,,,
7495,253101,3,SR,3,210,08-Nov-2023,18:36:41,-22.8373,167.2322,,401677597,-121,58,0,08-Nov-2023,18:31:52,-22.8373,167.2322,668,146,307,68,78,,,87,129,25,,,,,,,,,,,,,,,,,,,,,,,,,,,,,
7495,253101,3,SR,3,210,08-Nov-2023,18:36:41,-22.8373,167.2322,,401677597,-121,58,0,08-Nov-2023,18:32:17,-22.8373,167.2322,668,146,307,68,78,,,100,134,0,,,,,,,,,,,,,,,,,,,,,,,,,,,,,
7495,253101,3,SR,3,210,08-Nov-2023,18:36:41,-22.8373,167.2322,,401677597,-121,58,1,08-Nov-2023,18:34:02,-22.8373,167.2322,668,146,307,68,78,,,76,242,4,,,,,,,,,,,,,,,,,,,,,,,,,,,,,
7495,253101,3,SR,3,210,08-Nov-2023,18:36:41,-22.8373,167.2322,,401677597,-121,58,0,08-Nov-2023,18:34:19,-22.8373,167.2322,668,146,307,68,78,,,88,134,25,,,,,,,,,,,,,,,,,,,,,,,,,,,,,
7495,253101,3,SR,3,210,08-Nov-2023,18:36:41,-22.8373,167.2322,,401677597,-121,58,0,08-Nov-2023,18:34:38,-22.8373,167.2322,668,146,307,68,78,,,107,133,0,,,,,,,,,,,,,,,,,,,,,,,,,,,,,
7495,253101,3,SR,3,210,08-Nov-2023,18:36:41,-22.8373,167.2322,,401677597,-121,58,0,08-Nov-2023,18:36:26,-22.8373,167.2322,668,146,307,68,78,,,73,243,4,,,,,,,,,,,,,,,,,,,,,,,,,,,,,
7495,253101,3,SR,3,210,08-Nov-2023,18:36:41,-22.8373,167.2322,,401677597,-121,58,0,08-Nov-2023,18:37:05,-22.8373,167.2322,668,146,307,68,78,,,85,139,25,,,,,,,,,,,,,,,,,,,,,,,,,,,,,
7495,253101,3,SR,3,210,08-Nov-2023,18:36:41,-22.8373,167.2322,,401677597,-121,58,2,08-Nov-2023,18:37:43,-22.8373,167.2322,668,146,307,68,78,,,15,1,16,,,,,,,,,,,,,,,,,,,,,,,,,,,,,
7495,253101,3,SR,3,210,08-Nov-2023,18:36:41,-22.8373,167.2322,,401677597,-121,58,0,08-Nov-2023,18:41:13,-22.8373,167.2322,668,146,307,68,78,,,82,144,25,,,,,,,,,,,,,,,,,,,,,,,,,,,,,
7495,253101,3,SR,3,210,08-Nov-2023,18:36:41,-22.8373,167.2322,,401677597,-121,58,0,08-Nov-2023,18:41:35,-22.8373,167.2322,668,146,307,68,78,,,101,131,0,,,,,,,,,,,,,,,,,,,,,,,,,,,,,
7495,253101,3,SR,3,210,08-Nov-2023,18:36:41,-22.8373,167.2322,,401677597,-121,58,0,08-Nov-2023,18:42:03,-22.8373,167.2322,668,146,307,68,78,,,15,205,16,,,,,,,,,,,,,,,,,,,,,,,,,,,,,
7495,253101,3,SR,3,210,08-Nov-2023,18:36:41,-22.8373,167.2322,,401677597,-121,58,3,08-Nov-2023,18:42:18,-22.8373,167.2322,668,146,307,68,78,,,27,143,28,,,,,,,,,,,,,,,,,,,,,,,,,,,,,
7495,253101,3,SR,3,210,08-Nov-2023,18:36:41,-22.8373,167.2322,,401677597,-121,58,0,08-Nov-2023,18:42:39,-22.8373,167.2322,668,146,307,68,78,,,67,241,4,,,,,,,,,,,,,,,,,,,,,,,,,,,,,
7495,253101,3,SR,3,210,08-Nov-2023,18:36:41,-22.8373,167.2322,,401677597,-121,58,0,08-Nov-2023,18:43:00,-22.8373,167.2322,668,146,307,68,78,,,83,149,25,,,,,,,,,,,,,,,,,,,,,,,,,,,,,
7495,253101,31,CS,B,211,08-Nov-2023,19:30:04,-22.8382,167.2356,,401677597,-133,8,0,08-Nov-2023,19:30:05,-22.8382,167.2356,,3566,4041,3147,88,,,42,236,160,238,238,224,238,238,224,14,238,238,238,238,238,19,236,128,0,224,238,238,0,238,238,238,14,14,14,238,41,
7495,253101,3,A1,B,212,08-Nov-2023,19:55:26,-22.8398,167.2368,,401677592,-135,8,0,08-Nov-2023,19:55:27,-22.8398,167.2368,,4321,4839,3857,100,,,97,135,0,,,,,,,,,,,,,,,,,,,,,,,,,,,,,
7495,253101,3,NP,2,213,08-Nov-2023,20:01:29,-22.8474,167.1992,,401677588,-136,56,0,08-Nov-2023,20:00:37,-22.8474,167.1992,392,463,1210,177,163,,,15,1,16,,,,,,,,,,,,,,,,,,,,,,,,,,,,,
7495,253101,3,NP,2,213,08-Nov-2023,20:01:29,-22.8474,167.1992,,401677588,-136,56,0,08-Nov-2023,20:00:55,-22.8474,167.1992,392,463,1210,177,163,,,27,143,28,,,,,,,,,,,,,,,,,,,,,,,,,,,,,
7495,253101,3,NP,2,213,08-Nov-2023,20:01:29,-22.8474,167.1992,,401677588,-136,56,0,08-Nov-2023,20:01:11,-22.8474,167.1992,392,463,1210,177,163,,,73,243,4,,,,,,,,,,,,,,,,,,,,,,,,,,,,,
7495,253101,23,NP,2,213,08-Nov-2023,20:01:29,-22.8474,167.1992,,401677588,-136,56,0,08-Nov-2023,20:01:30,-22.8474,167.1992,392,463,1210,177,163,,,87,176,165,253,200,144,97,233,177,235,155,176,166,223,208,100,137,10,203,144,102,214,151,,,,,,,,,
7495,253101,3,NP,2,213,08-Nov-2023,20:01:29,-22.8474,167.1992,,401677588,-136,56,0,08-Nov-2023,20:02:04,-22.8474,167.1992,392,463,1210,177,163,,,92,201,25,,,,,,,,,,,,,,,,,,,,,,,,,,,,,
7495,253101,3,NP,2,213,08-Nov-2023,20:01:29,-22.8474,167.1992,,401677588,-136,56,0,08-Nov-2023,20:02:38,-22.8474,167.1992,392,463,1210,177,163,,,100,134,0,,,,,,,,,,,,,,,,,,,,,,,,,,,,,
7495,253101,3,NP,2,213,08-Nov-2023,20:01:29,-22.8474,167.1992,,401677588,-136,56,0,08-Nov-2023,20:04:12,-22.8474,167.1992,392,463,1210,177,163,,,76,242,4,,,,,,,,,,,,,,,,,,,,,,,,,,,,,
7495,253101,3,NP,2,213,08-Nov-2023,20:01:29,-22.8474,167.1992,,401677588,-136,56,0,08-Nov-2023,20:04:27,-22.8474,167.1992,392,463,1210,177,163,,,87,206,25,,,,,,,,,,,,,,,,,,,,,,,,,,,,,
7495,253101,3,NP,2,213,08-Nov-2023,20:01:29,-22.8474,167.1992,,401677588,-136,56,1,08-Nov-2023,20:05:59,-22.8474,167.1992,392,463,1210,177,163,,,73,243,4,,,,,,,,,,,,,,,,,,,,,,,,,,,,,
7495,253101,3,NP,2,213,08-Nov-2023,20:01:29,-22.8474,167.1992,,401677588,-136,56,0,08-Nov-2023,20:06:16,-22.8474,167.1992,392,463,1210,177,163,,,94,211,25,,,,,,,,,,,,,,,,,,,,,,,,,,,,,
7495,253101,3,NP,2,213,08-Nov-2023,20:01:29,-22.8474,167.1992,,401677588,-136,56,2,08-Nov-2023,20:06:32,-22.8474,167.1992,392,463,1210,177,163,,,100,134,0,,,,,,,,,,,,,,,,,,,,,,,,,,,,,
7495,253101,3,NP,2,213,08-Nov-2023,20:01:29,-22.8474,167.1992,,401677588,-136,56,2,08-Nov-2023,20:06:47,-22.8474,167.1992,392,463,1210,177,163,,,15,1,16,,,,,,,,,,,,,,,,,,,,,,,,,,,,,
7495,253101,3,NP,2,213,08-Nov-2023,20:01:29,-22.8474,167.1992,,401677588,-136,56,2,08-Nov-2023,20:07:09,-22.8474,167.1992,392,463,1210,177,163,,,27,143,28,,,,,,,,,,,,,,,,,,,,,,,,,,,,,
7495,253101,3,NK,1,214,08-Nov-2023,20:06:41,-22.8457,167.2054,,401677594,-124,56,0,08-Nov-2023,20:04:12,-22.8457,167.2054,740,541,1119,261,123,,,76,242,4,,,,,,,,,,,,,,,,,,,,,,,,,,,,,
7495,253101,3,NK,1,214,08-Nov-2023,20:06:41,-22.8457,167.2054,,401677594,-124,56,0,08-Nov-2023,20:04:27,-22.8457,167.2054,740,541,1119,261,123,,,87,206,25,,,,,,,,,,,,,,,,,,,,,,,,,,,,,
7495,253101,3,NK,1,214,08-Nov-2023,20:06:41,-22.8457,167.2054,,401677594,-124,56,0,08-Nov-2023,20:05:59,-22.8457,167.2054,740,541,1119,261,123,,,73,243,4,,,,,,,,,,,,,,,,,,,,,,,,,,,,,
7495,253101,3,NK,1,214,08-Nov-2023,20:06:41,-22.8457,167.2054,,401677594,-124,56,0,08-Nov-2023,20:06:16,-22.8457,167.2054,740,541,1119,261,123,,,94,211,25,,,,,,,,,,,,,,,,,,,,,,,,,,,,,
7495,253101,3,NK,1,214,08-Nov-2023,20:06:41,-22.8457,167.2054,,401677594,-124,56,1,08-Nov-2023,20:06:32,-22.8457,167.2054,740,541,1119,261,123,,,100,134,0,,,,,,,,,,,,,,,,,,,,,,,,,,,,,
7495,253101,3,NK,1,214,08-Nov-2023,20:06:41,-22.8457,167.2054,,401677594,-124,56,1,08-Nov-2023,20:06:47,-22.8457,167.2054,740,541,1119,261,123,,,15,1,16,,,,,,,,,,,,,,,,,,,,,,,,,,,,,
7495,253101,3,NK,1,214,08-Nov-2023,20:06:41,-22.8457,167.2054,,401677594,-124,56,1,08-Nov-2023,20:07:09,-22.8457,167.2054,740,541,1119,261,123,,,27,143,28,,,,,,,,,,,,,,,,,,,,,,,,,,,,,
7495,253101,31,NK,1,214,08-Nov-2023,20:06:41,-22.8457,167.2054,,401677594,-124,56,0,08-Nov-2023,20:16:32,-22.8457,167.2054,740,541,1119,261,123,,,42,236,224,238,238,238,238,238,232,238,238,238,238,174,239,32,26,34,247,68,139,187,187,187,184,3,187,187,187,187,139,
7495,253101,3,SR,1,215,08-Nov-2023,20:17:56,-22.8389,167.1939,,401677597,-129,56,0,08-Nov-2023,20:16:08,-22.8389,167.1939,262,963,3753,247,55,,,70,240,4,,,,,,,,,,,,,,,,,,,,,,,,,,,,,
7495,253101,31,SR,1,215,08-Nov-2023,20:17:56,-22.8389,167.1939,,401677597,-129,56,0,08-Nov-2023,20:16:32,-22.8389,167.1939,262,963,3753,247,55,,,42,236,224,238,238,238,238,238,224,238,238,238,238,238,238,119,236,192,238,238,238,238,238,238,224,14,238,238,238,238,45,
7495,253101,3,SR,1,215,08-Nov-2023,20:17:56,-22.8389,167.1939,,401677597,-129,56,0,08-Nov-2023,20:16:58,-22.8389,167.1939,262,963,3753,247,55,,,92,217,25,,,,,,,,,,,,,,,,,,,,,,,,,,,,,
7495,253101,3,SR,1,215,08-Nov-2023,20:17:56,-22.8389,167.1939,,401677597,-129,56,0,08-Nov-2023,20:17:17,-22.8389,167.1939,262,963,3753,247,55,,,107,133,0,,,,,,,,,,,,,,,,,,,,,,,,,,,,,
7495,253101,3,SR,1,215,08-Nov-2023,20:17:56,-22.8389,167.1939,,401677597,-129,56,0,08-Nov-2023,20:18:49,-22.8389,167.1939,262,963,3753,247,55,,,76,242,4,,,,,,,,,,,,,,,,,,,,,,,,,,,,,
7495,253101,3,SR,1,215,08-Nov-2023,20:17:56,-22.8389,167.1939,,401677597,-129,56,0,08-Nov-2023,20:19:17,-22.8389,167.1939,262,963,3753,247,55,,,87,222,25,,,,,,,,,,,,,,,,,,,,,,,,,,,,,
7495,253101,23,SR,1,215,08-Nov-2023,20:17:56,-22.8389,167.1939,,401677597,-129,56,0,08-Nov-2023,20:20:30,-22.8389,167.1939,262,963,3753,247,55,,,210,17,133,252,232,144,190,81,68,81,209,86,215,51,195,0,5,255,58,207,48,255,128,,,,,,,,,
7495,253101,3,MC,B,216,08-Nov-2023,21:08:44,-22.8401,167.1975,,401677598,-124,8,0,08-Nov-2023,21:08:44,-22.8401,167.1975,,2558,2931,2232,92,,,66,244,4,,,,,,,,,,,,,,,,,,,,,,,,,,,,,
7495,253101,3,SR,3,217,09-Nov-2023,05:42:50,-22.8509,167.1553,,401677595,-130,58,0,09-Nov-2023,05:38:19,-22.8509,167.1553,558,216,388,119,150,,,91,93,26,,,,,,,,,,,,,,,,,,,,,,,,,,,,,
7495,253101,23,SR,3,217,09-Nov-2023,05:42:50,-22.8509,167.1553,,401677595,-130,58,0,09-Nov-2023,05:38:44,-22.8509,167.1553,558,216,388,119,150,,,75,17,154,30,71,56,15,23,78,192,96,180,52,235,229,118,4,67,118,12,11,33,17,,,,,,,,,
7495,253101,3,SR,3,217,09-Nov-2023,05:42:50,-22.8509,167.1553,,401677595,-130,58,0,09-Nov-2023,05:44:17,-22.8509,167.1553,558,216,388,119,150,,,27,143,28,,,,,,,,,,,,,,,,,,,,,,,,,,,,,
7495,253101,3,SR,3,217,09-Nov-2023,05:42:50,-22.8509,167.1553,,401677595,-130,58,0,09-Nov-2023,05:44:39,-22.8509,167.1553,558,216,388,119,150,,,73,243,4,,,,,,,,,,,,,,,,,,,,,,,,,,,,,
7495,253101,3,SR,3,217,09-Nov-2023,05:42:50,-22.8509,167.1553,,401677595,-130,58,0,09-Nov-2023,05:46:03,-22.8509,167.1553,558,216,388,119,150,,,93,99,26,,,,,,,,,,,,,,,,,,,,,,,,,,,,,
7495,253101,3,SR,3,217,09-Nov-2023,05:42:50,-22.8509,167.1553,,401677595,-130,58,1,09-Nov-2023,05:46:28,-22.8509,167.1553,558,216,388,119,150,,,107,133,0,,,,,,,,,,,,,,,,,,,,,,,,,,,,,
7495,253101,3,SR,3,217,09-Nov-2023,05:42:50,-22.8509,167.1553,,401677595,-130,58,1,09-Nov-2023,05:47:37,-22.8509,167.1553,558,216,388,119,150,,,15,1,16,,,,,,,,,,,,,,,,,,,,,,,,,,,,,
7495,253101,3,CS,B,218,09-Nov-2023,06:08:02,-22.8598,167.1426,,401677599,-134,6,0,09-Nov-2023,06:03:37,-22.8598,167.1426,530,1217,4108,360,139,,,97,135,0,,,,,,,,,,,,,,,,,,,,,,,,,,,,,
7495,253101,3,CS,B,218,09-Nov-2023,06:08:02,-22.8598,167.1426,,401677599,-134,6,0,09-Nov-2023,06:12:27,-22.8598,167.1426,530,1217,4108,360,139,,,15,1,18,,,,,,,,,,,,,,,,,,,,,,,,,,,,,
7495,253101,3,A1,B,219,09-Nov-2023,06:20:40,-22.8586,167.1430,,401677592,-127,6,0,09-Nov-2023,06:20:41,-22.8586,167.1430,,1525,2597,895,133,,,91,45,168,,,,,,,,,,,,,,,,,,,,,,,,,,,,,
7495,253101,3,NK,B,220,09-Nov-2023,06:56:05,-22.8572,167.1437,,401677599,-137,8,0,09-Nov-2023,06:56:06,-22.8572,167.1437,,1034,1328,805,113,,,15,1,16,,,,,,,,,,,,,,,,,,,,,,,,,,,,,
7495,253101,3,SR,B,221,09-Nov-2023,07:18:20,-22.8584,167.1428,,401677605,-131,6,0,09-Nov-2023,07:18:20,-22.8584,167.1428,,1168,1503,907,110,,,15,0,16,,,,,,,,,,,,,,,,,,,,,,,,,,,,,
7495,253101,3,A1,1,222,09-Nov-2023,17:57:32,-22.8042,166.9372,,401677597,-136,58,0,09-Nov-2023,17:54:09,-22.8042,166.9372,413,561,1453,216,177,,,107,133,0,,,,,,,,,,,,,,,,,,,,,,,,,,,,,
7495,253101,3,A1,1,222,09-Nov-2023,17:57:32,-22.8042,166.9372,,401677597,-136,58,0,09-Nov-2023,17:55:51,-22.8042,166.9372,413,561,1453,216,177,,,93,2,26,,,,,,,,,,,,,,,,,,,,,,,,,,,,,
7495,253101,3,A1,1,222,09-Nov-2023,17:57:32,-22.8042,166.9372,,401677597,-136,58,0,09-Nov-2023,17:59:38,-22.8042,166.9372,413,561,1453,216,177,,,73,243,4,,,,,,,,,,,,,,,,,,,,,,,,,,,,,
7495,253101,3,A1,1,222,09-Nov-2023,17:57:32,-22.8042,166.9372,,401677597,-136,58,0,09-Nov-2023,18:00:06,-22.8042,166.9372,413,561,1453,216,177,,,92,135,26,,,,,,,,,,,,,,,,,,,,,,,,,,,,,
7495,253101,3,A1,1,222,09-Nov-2023,17:57:32,-22.8042,166.9372,,401677597,-136,58,1,09-Nov-2023,18:01:02,-22.8042,166.9372,413,561,1453,216,177,,,15,1,16,,,,,,,,,,,,,,,,,,,,,,,,,,,,,
7495,253101,3,SR,3,223,09-Nov-2023,18:03:10,-22.8069,166.9340,,401677599,-121,56,0,09-Nov-2023,17:59:38,-22.8069,166.9340,680,153,278,83,121,,,73,243,4,,,,,,,,,,,,,,,,,,,,,,,,,,,,,
7495,253101,3,SR,3,223,09-Nov-2023,18:03:10,-22.8069,166.9340,,401677599,-121,56,0,09-Nov-2023,18:00:06,-22.8069,166.9340,680,153,278,83,121,,,92,135,26,,,,,,,,,,,,,,,,,,,,,,,,,,,,,
7495,253101,3,SR,3,223,09-Nov-2023,18:03:10,-22.8069,166.9340,,401677599,-121,56,0,09-Nov-2023,18:00:42,-22.8069,166.9340,680,153,278,83,121,,,100,134,0,,,,,,,,,,,,,,,,,,,,,,,,,,,,,
7495,253101,3,SR,3,223,09-Nov-2023,18:03:10,-22.8069,166.9340,,401677599,-121,56,0,09-Nov-2023,18:02:00,-22.8069,166.9340,680,153,278,83,121,,,76,242,4,,,,,,,,,,,,,,,,,,,,,,,,,,,,,
7495,253101,3,SR,3,223,09-Nov-2023,18:03:10,-22.8069,166.9340,,401677599,-121,56,0,09-Nov-2023,18:02:16,-22.8069,166.9340,680,153,278,83,121,,,91,140,26,,,,,,,,,,,,,,,,,,,,,,,,,,,,,
7495,253101,3,SR,3,223,09-Nov-2023,18:03:10,-22.8069,166.9340,,401677599,-121,56,0,09-Nov-2023,18:02:39,-22.8069,166.9340,680,153,278,83,121,,,110,246,161,,,,,,,,,,,,,,,,,,,,,,,,,,,,,
7495,253101,3,SR,3,223,09-Nov-2023,18:03:10,-22.8069,166.9340,,401677599,-121,56,1,09-Nov-2023,18:02:54,-22.8069,166.9340,680,153,278,83,121,,,15,1,16,,,,,,,,,,,,,,,,,,,,,,,,,,,,,
7495,253101,3,SR,3,223,09-Nov-2023,18:03:10,-22.8069,166.9340,,401677599,-121,56,1,09-Nov-2023,18:03:14,-22.8069,166.9340,680,153,278,83,121,,,27,143,28,,,,,,,,,,,,,,,,,,,,,,,,,,,,,
7495,253101,23,SR,3,223,09-Nov-2023,18:03:10,-22.8069,166.9340,,401677599,-121,56,0,09-Nov-2023,18:03:39,-22.8069,166.9340,680,153,278,83,121,,,76,112,165,253,232,144,190,81,68,200,132,23,86,53,33,4,1,144,26,207,32,255,128,,,,,,,,,
7495,253101,3,SR,3,223,09-Nov-2023,18:03:10,-22.8069,166.9340,,401677599,-121,56,0,09-Nov-2023,18:10:42,-22.8069,166.9340,680,153,278,83,121,,,76,242,20,,,,,,,,,,,,,,,,,,,,,,,,,,,,,
7495,253101,3,SR,3,223,09-Nov-2023,18:03:10,-22.8069,166.9340,,401677599,-121,56,0,09-Nov-2023,18:10:58,-22.8069,166.9340,680,153,278,83,121,,,93,146,26,,,,,,,,,,,,,,,,,,,,,,,,,,,,,
7495,253101,3,MC,B,224,09-Nov-2023,20:45:38,-22.8027,166.8957,,401677591,-132,8,0,09-Nov-2023,20:45:39,-22.8027,166.8957,19,2420,2941,1991,140,,,71,245,4,,,,,,,,,,,,,,,,,,,,,,,,,,,,,
7495,253101,3,MC,B,224,09-Nov-2023,20:45:38,-22.8027,166.8957,,401677591,-132,8,0,09-Nov-2023,20:45:58,-22.8027,166.8957,19,2420,2941,1991,140,,,82,161,26,,,,,,,,,,,,,,,,,,,,,,,,,,,,,
7495,253101,3,SR,0,225,10-Nov-2023,19:18:17,-22.7724,166.9158,,401677599,-129,50,0,10-Nov-2023,19:17:39,-22.7724,166.9158,105,10208,71356,1460,104,,,15,1,16,,,,,,,,,,,,,,,,,,,,,,,,,,,,,
7495,253101,31,SR,0,225,10-Nov-2023,19:18:17,-22.7724,166.9158,,401677599,-129,50,0,10-Nov-2023,19:17:54,-22.7724,166.9158,105,10208,71356,1460,104,,,42,237,32,238,238,224,0,238,238,238,238,224,14,14,238,58,237,0,238,238,238,224,14,238,238,224,225,17,0,238,163,
7495,253101,3,SR,0,225,10-Nov-2023,19:18:17,-22.7724,166.9158,,401677599,-129,50,0,10-Nov-2023,19:18:12,-22.7724,166.9158,105,10208,71356,1460,104,,,27,143,28,,,,,,,,,,,,,,,,,,,,,,,,,,,,,
7495,253101,3,SR,0,225,10-Nov-2023,19:18:17,-22.7724,166.9158,,401677599,-129,50,0,10-Nov-2023,19:19:24,-22.7724,166.9158,105,10208,71356,1460,104,,,95,184,26,,,,,,,,,,,,,,,,,,,,,,,,,,,,,
7495,253101,31,NK,3,226,10-Nov-2023,19:18:51,-22.7930,166.9457,,401677596,-125,56,0,10-Nov-2023,19:17:54,-22.7930,166.9457,196,178,351,90,34,,,42,237,32,238,238,224,0,238,238,238,238,224,14,14,238,58,237,0,238,238,238,224,14,238,238,224,225,17,0,238,163,
7495,253101,3,NK,3,226,10-Nov-2023,19:18:51,-22.7930,166.9457,,401677596,-125,56,0,10-Nov-2023,19:18:12,-22.7930,166.9457,196,178,351,90,34,,,27,143,28,,,,,,,,,,,,,,,,,,,,,,,,,,,,,
7495,253101,3,NK,3,226,10-Nov-2023,19:18:51,-22.7930,166.9457,,401677596,-125,56,0,10-Nov-2023,19:19:24,-22.7930,166.9457,196,178,351,90,34,,,95,184,26,,,,,,,,,,,,,,,,,,,,,,,,,,,,,
7495,253101,3,NK,3,226,10-Nov-2023,19:18:51,-22.7930,166.9457,,401677596,-125,56,1,10-Nov-2023,19:21:10,-22.7930,166.9457,196,178,351,90,34,,,15,1,16,,,,,,,,,,,,,,,,,,,,,,,,,,,,,
7495,253101,31,CS, ,227,16-Nov-2023,06:24:58,,,,401650000,-134,,0,16-Nov-2023,06:24:58,,,,,,,,,,42,237,224,238,238,238,238,238,238,238,238,238,238,238,238,180,237,192,230,239,253,78,228,222,238,65,249,81,20,136,37,
7495,253101,31,NK, ,228,16-Nov-2023,18:27:48,,,,401650000,-130,,0,16-Nov-2023,18:27:48,,,,,,,,,,42,237,224,238,238,238,238,238,238,238,238,238,238,238,238,180,237,192,238,238,238,238,238,238,238,238,238,238,238,238,74,
7495,253101,23,MC, ,229,18-Nov-2023,09:54:17,,,,401650000,-127,,0,18-Nov-2023,09:54:17,,,,,,,,,,86,176,165,253,141,64,236,250,124,223,253,196,224,245,140,15,173,209,196,120,60,190,43,,,,,,,,,
7495,253101,31,NN, ,230,18-Nov-2023,10:23:39,,,,401650000,-135,,0,18-Nov-2023,10:23:39,,,,,,,,,,42,237,96,238,238,239,208,209,202,211,215,172,90,112,158,239,80,172,190,215,14,240,114,233,65,30,131,104,242,28,83,
7495,253101,3,MC,A,231,18-Nov-2023,11:29:00,-22.8562,166.7420,,401677607,-116,,0,18-Nov-2023,11:28:26,-22.8562,166.7420,64,1017,5801,178,11,,,82,254,26,,,,,,,,,,,,,,,,,,,,,,,,,,,,,
7495,253101,3,MC,A,231,18-Nov-2023,11:29:00,-22.8562,166.7420,,401677607,-116,,0,18-Nov-2023,11:29:05,-22.8562,166.7420,64,1017,5801,178,11,,,15,5,210,,,,,,,,,,,,,,,,,,,,,,,,,,,,,
7495,253101,3,MC,A,231,18-Nov-2023,11:29:00,-22.8562,166.7420,,401677607,-116,,0,18-Nov-2023,11:29:30,-22.8562,166.7420,64,1017,5801,178,11,,,27,31,61,,,,,,,,,,,,,,,,,,,,,,,,,,,,,
7495,253101,3,SR,2,232,18-Nov-2023,18:18:39,-22.7620,166.7394,,401677596,-124,58,0,18-Nov-2023,18:15:08,-22.7620,166.7394,506,274,415,180,60,,,15,1,16,,,,,,,,,,,,,,,,,,,,,,,,,,,,,
7495,253101,31,SR,2,232,18-Nov-2023,18:18:39,-22.7620,166.7394,,401677596,-124,58,0,18-Nov-2023,18:15:50,-22.7620,166.7394,506,274,415,180,60,,,42,238,32,238,238,224,224,238,238,238,238,14,238,238,238,28,238,0,238,238,238,238,238,238,238,234,238,12,174,110,164,
7495,253101,3,SR,2,232,18-Nov-2023,18:18:39,-22.7620,166.7394,,401677596,-124,58,0,18-Nov-2023,18:20:05,-22.7620,166.7394,506,274,415,180,60,,,27,143,28,,,,,,,,,,,,,,,,,,,,,,,,,,,,,
7495,253101,3,SR,2,232,18-Nov-2023,18:18:39,-22.7620,166.7394,,401677596,-124,58,0,18-Nov-2023,18:23:34,-22.7620,166.7394,506,274,415,180,60,,,64,254,4,,,,,,,,,,,,,,,,,,,,,,,,,,,,,
7495,253101,3,NK,0,233,18-Nov-2023,19:10:33,-22.7449,166.7345,,401677596,-125,58,0,18-Nov-2023,19:10:18,-22.7449,166.7345,81,2584,13445,496,93,,,124,69,9,,,,,,,,,,,,,,,,,,,,,,,,,,,,,
7495,253101,3,NK,0,233,18-Nov-2023,19:10:33,-22.7449,166.7345,,401677596,-125,58,0,18-Nov-2023,19:10:50,-22.7449,166.7345,81,2584,13445,496,93,,,15,1,16,,,,,,,,,,,,,,,,,,,,,,,,,,,,,
7495,253101,3,NK,0,233,18-Nov-2023,19:10:33,-22.7449,166.7345,,401677596,-125,58,1,18-Nov-2023,19:11:06,-22.7449,166.7345,81,2584,13445,496,93,,,27,143,28,,,,,,,,,,,,,,,,,,,,,,,,,,,,,
7495,253101,3,NK,0,233,18-Nov-2023,19:10:33,-22.7449,166.7345,,401677596,-125,58,0,18-Nov-2023,19:11:39,-22.7449,166.7345,81,2584,13445,496,93,,,66,217,4,,,,,,,,,,,,,,,,,,,,,,,,,,,,,
7495,253101,3,CS,B,234,18-Nov-2023,19:21:25,-22.7564,166.7354,,401677597,-133,8,0,18-Nov-2023,19:21:25,-22.7564,166.7354,,2181,2436,1953,81,,,27,143,28,,,,,,,,,,,,,,,,,,,,,,,,,,,,,
7495,253101,3,SR,B,235,18-Nov-2023,19:54:50,-22.7587,166.7369,,401677596,-137,8,0,18-Nov-2023,19:54:51,-22.7587,166.7369,,2200,2379,2033,74,,,90,87,27,,,,,,,,,,,,,,,,,,,,,,,,,,,,,
7495,253101,3,MB,B,236,19-Nov-2023,10:18:23,-22.7754,166.7680,,401677574,-130,,0,19-Nov-2023,10:18:23,-22.7754,166.7680,,10239,11441,9163,51,,,15,1,16,,,,,,,,,,,,,,,,,,,,,,,,,,,,,
7495,253101,3,A1,B,237,20-Nov-2023,07:12:01,-22.8558,166.8360,,401677592,-131,,0,20-Nov-2023,07:12:02,-22.8558,166.8360,,4238,12652,1419,63,,,100,134,0,,,,,,,,,,,,,,,,,,,,,,,,,,,,,
7495,253101,3,NK,B,238,20-Nov-2023,07:12:01,-22.7565,166.7475,,401677568,-133,,0,20-Nov-2023,07:12:02,-22.7565,166.7475,,5528,12316,2481,109,,,100,134,0,,,,,,,,,,,,,,,,,,,,,,,,,,,,,
7495,253101,31,O3,B,239,20-Nov-2023,13:20:55,-22.8333,166.8362,,401677595,-133,8,0,20-Nov-2023,13:20:56,-22.8333,166.8362,,5024,11461,2202,58,,,42,238,96,238,238,238,238,14,14,238,238,238,238,238,238,14,238,64,238,238,238,0,14,0,0,0,238,0,238,238,182,
7495,253101,3,SR, ,240,22-Nov-2023,07:15:37,,,,401650000,-124,,0,22-Nov-2023,07:15:37,,,,,,,,,,15,1,16,,,,,,,,,,,,,,,,,,,,,,,,,,,,,
7495,253101,3,CS, ,241,22-Nov-2023,07:16:01,,,,401650000,-133,,0,22-Nov-2023,07:16:01,,,,,,,,,,27,143,28,,,,,,,,,,,,,,,,,,,,,,,,,,,,,
7495,253101,3,A1, ,242,23-Nov-2023,06:11:43,,,,401650000,-134,,0,23-Nov-2023,06:11:43,,,,,,,,,,27,143,28,,,,,,,,,,,,,,,,,,,,,,,,,,,,,
7495,253101,3,NK,B,243,23-Nov-2023,07:37:28,-22.8194,166.9415,,401677594,-126,,0,23-Nov-2023,07:36:58,-22.8194,166.9415,60,2097,16978,259,119,,,27,143,28,,,,,,,,,,,,,,,,,,,,,,,,,,,,,
7495,253101,3,NK,B,243,23-Nov-2023,07:37:28,-22.8194,166.9415,,401677594,-126,,0,23-Nov-2023,07:37:58,-22.8194,166.9415,60,2097,16978,259,119,,,68,250,4,,,,,,,,,,,,,,,,,,,,,,,,,,,,,
7495,253101,3,A1, ,244,23-Nov-2023,07:37:58,,,,401650000,-138,,0,23-Nov-2023,07:37:58,,,,,,,,,,68,250,4,,,,,,,,,,,,,,,,,,,,,,,,,,,,,
7495,253101,3,NK,B,245,23-Nov-2023,09:09:47,-22.8219,166.9497,,401677597,-131,8,0,23-Nov-2023,09:09:28,-22.8219,166.9497,39,1469,1811,1191,103,,,91,209,28,,,,,,,,,,,,,,,,,,,,,,,,,,,,,
7495,253101,31,NK,B,245,23-Nov-2023,09:09:47,-22.8219,166.9497,,401677597,-131,8,0,23-Nov-2023,09:10:07,-22.8219,166.9497,39,1469,1811,1191,103,,,42,238,160,238,204,238,0,238,238,238,238,224,228,68,30,147,238,128,238,238,238,238,238,238,238,238,238,174,234,237,130,
7495,253101,3,NP,B,246,23-Nov-2023,10:50:39,-22.8334,166.9485,,401677583,-129,8,0,23-Nov-2023,10:50:40,-22.8334,166.9485,,1875,2538,1384,108,,,180,164,182,,,,,,,,,,,,,,,,,,,,,,,,,,,,,
7495,253101,3,CS,B,247,23-Nov-2023,17:37:52,-22.8569,166.9458,,401677599,-134,8,0,23-Nov-2023,17:37:53,-22.8569,166.9458,,3127,4009,2438,119,,,75,249,4,,,,,,,,,,,,,,,,,,,,,,,,,,,,,
7495,253101,3,A1,B,248,23-Nov-2023,17:46:12,-22.7580,166.9105,,401677633,-140,6,0,23-Nov-2023,17:46:13,-22.7580,166.9105,,2682,4879,1474,96,,,100,134,0,,,,,,,,,,,,,,,,,,,,,,,,,,,,,
7495,253101,3,NK,B,249,23-Nov-2023,18:44:28,-22.7204,166.8456,,401677584,-129,8,0,23-Nov-2023,18:44:20,-22.7204,166.8456,17,3435,5843,2019,98,,,27,143,28,,,,,,,,,,,,,,,,,,,,,,,,,,,,,
7495,253101,3,NK,B,249,23-Nov-2023,18:44:28,-22.7204,166.8456,,401677584,-129,8,0,23-Nov-2023,18:44:37,-22.7204,166.8456,17,3435,5843,2019,98,,,75,249,4,,,,,,,,,,,,,,,,,,,,,,,,,,,,,
7495,253101,3,SR,0,250,23-Nov-2023,19:08:10,-22.6776,166.8448,,401677595,-129,58,0,23-Nov-2023,18:59:02,-22.6776,166.8448,729,3765,6265,2262,76,,,15,1,16,,,,,,,,,,,,,,,,,,,,,,,,,,,,,
7495,253101,3,SR,0,250,23-Nov-2023,19:08:10,-22.6776,166.8448,,401677595,-129,58,0,23-Nov-2023,19:09:09,-22.6776,166.8448,729,3765,6265,2262,76,,,81,13,29,,,,,,,,,,,,,,,,,,,,,,,,,,,,,
7495,253101,3,SR,0,250,23-Nov-2023,19:08:10,-22.6776,166.8448,,401677595,-129,58,0,23-Nov-2023,19:10:02,-22.6776,166.8448,729,3765,6265,2262,76,,,110,132,0,,,,,,,,,,,,,,,,,,,,,,,,,,,,,
7495,253101,3,SR,0,250,23-Nov-2023,19:08:10,-22.6776,166.8448,,401677595,-129,58,0,23-Nov-2023,19:10:53,-22.6776,166.8448,729,3765,6265,2262,76,,,27,143,28,,,,,,,,,,,,,,,,,,,,,,,,,,,,,
7495,253101,3,SR,0,250,23-Nov-2023,19:08:10,-22.6776,166.8448,,401677595,-129,58,1,23-Nov-2023,19:11:11,-22.6776,166.8448,729,3765,6265,2262,76,,,78,248,4,,,,,,,,,,,,,,,,,,,,,,,,,,,,,
7495,253101,3,CS,1,251,23-Nov-2023,19:10:00,-22.6842,166.8445,,401677599,-129,56,0,23-Nov-2023,19:09:09,-22.6842,166.8445,122,1055,5594,198,76,,,81,13,29,,,,,,,,,,,,,,,,,,,,,,,,,,,,,
7495,253101,3,CS,1,251,23-Nov-2023,19:10:00,-22.6842,166.8445,,401677599,-129,56,0,23-Nov-2023,19:10:02,-22.6842,166.8445,122,1055,5594,198,76,,,110,132,0,,,,,,,,,,,,,,,,,,,,,,,,,,,,,
7495,253101,3,CS,1,251,23-Nov-2023,19:10:00,-22.6842,166.8445,,401677599,-129,56,0,23-Nov-2023,19:10:53,-22.6842,166.8445,122,1055,5594,198,76,,,27,143,28,,,,,,,,,,,,,,,,,,,,,,,,,,,,,
7495,253101,3,CS,1,251,23-Nov-2023,19:10:00,-22.6842,166.8445,,401677599,-129,56,1,23-Nov-2023,19:11:11,-22.6842,166.8445,122,1055,5594,198,76,,,78,248,4,,,,,,,,,,,,,,,,,,,,,,,,,,,,,
7495,253101,3,NP,B,252,23-Nov-2023,20:25:58,-22.6628,166.8282,,401677596,-135,8,0,23-Nov-2023,20:25:59,-22.6628,166.8282,,1584,2186,1147,84,,,68,250,4,,,,,,,,,,,,,,,,,,,,,,,,,,,,,
7495,253101,3,NK,B,253,23-Nov-2023,20:25:58,-22.6611,166.8273,,401677597,-125,8,0,23-Nov-2023,20:25:59,-22.6611,166.8273,,1483,2747,800,85,,,68,250,4,,,,,,,,,,,,,,,,,,,,,,,,,,,,,
7495,253101,31,SR,B,254,24-Nov-2023,06:11:11,-22.6128,166.9652,,401677582,-124,8,0,24-Nov-2023,06:10:52,-22.6128,166.9652,38,1200,5797,248,42,,,42,238,224,238,238,238,0,224,238,238,224,224,0,238,238,233,238,192,238,238,238,224,224,238,238,224,238,0,238,238,240,
7495,253101,3,SR,B,254,24-Nov-2023,06:11:11,-22.6128,166.9652,,401677582,-124,8,0,24-Nov-2023,06:11:30,-22.6128,166.9652,38,1200,5797,248,42,,,94,30,29,,,,,,,,,,,,,,,,,,,,,,,,,,,,,
7495,253101,3,NK,B,255,24-Nov-2023,18:23:45,-22.4742,166.8762,,401677625,-137,,0,24-Nov-2023,18:23:45,-22.4742,166.8762,,4425,4651,4208,95,,,76,242,4,,,,,,,,,,,,,,,,,,,,,,,,,,,,,
7495,253101,3,SR,B,256,24-Nov-2023,18:32:34,-22.6418,166.8955,,401677516,-125,,0,24-Nov-2023,18:32:34,-22.6418,166.8955,,2996,6392,1404,87,,,90,42,29,,,,,,,,,,,,,,,,,,,,,,,,,,,,,
7495,253101,3,CS,B,257,24-Nov-2023,18:32:34,-22.7011,166.9794,,401677606,-125,,0,24-Nov-2023,18:32:34,-22.7011,166.9794,,4642,8627,2497,82,,,90,43,254,,,,,,,,,,,,,,,,,,,,,,,,,,,,,
7495,253101,3,CS,B,258,25-Nov-2023,06:45:11,-22.6243,167.0041,,401677565,-129,,0,25-Nov-2023,06:45:11,-22.6243,167.0041,,4146,5579,3080,77,,,27,143,28,,,,,,,,,,,,,,,,,,,,,,,,,,,,,
7495,253101,3,A1,B,259,25-Nov-2023,06:56:39,-22.7923,166.9957,,401677595,-129,6,0,25-Nov-2023,06:56:39,-22.7923,166.9957,,5962,14889,2386,117,,,15,1,16,,,,,,,,,,,,,,,,,,,,,,,,,,,,,
7495,253101,3,SR,1,260,25-Nov-2023,07:13:33,-22.8521,167.0713,,401677589,-135,56,0,25-Nov-2023,07:12:46,-22.8521,167.0713,276,1058,7885,142,108,,,91,64,29,,,,,,,,,,,,,,,,,,,,,,,,,,,,,
7495,253101,3,SR,1,260,25-Nov-2023,07:13:33,-22.8521,167.0713,,401677589,-135,56,0,25-Nov-2023,07:13:23,-22.8521,167.0713,276,1058,7885,142,108,,,15,1,16,,,,,,,,,,,,,,,,,,,,,,,,,,,,,
7495,253101,3,SR,1,260,25-Nov-2023,07:13:33,-22.8521,167.0713,,401677589,-135,56,0,25-Nov-2023,07:13:44,-22.8521,167.0713,276,1058,7885,142,108,,,27,143,28,,,,,,,,,,,,,,,,,,,,,,,,,,,,,
7495,253101,31,SR,1,260,25-Nov-2023,07:13:33,-22.8521,167.0713,,401677589,-135,56,0,25-Nov-2023,07:15:00,-22.8521,167.0713,276,1058,7885,142,108,,,42,238,224,238,238,238,0,224,209,180,83,10,180,195,163,241,69,143,204,8,44,222,96,110,113,216,233,193,10,255,211,
7495,253101,3,SR,1,260,25-Nov-2023,07:13:33,-22.8521,167.0713,,401677589,-135,56,0,25-Nov-2023,07:16:03,-22.8521,167.0713,276,1058,7885,142,108,,,101,131,0,,,,,,,,,,,,,,,,,,,,,,,,,,,,,
7495,253101,3,SR,1,260,25-Nov-2023,07:13:33,-22.8521,167.0713,,401677589,-135,56,1,25-Nov-2023,07:16:21,-22.8521,167.0713,276,1058,7885,142,108,,,15,1,16,,,,,,,,,,,,,,,,,,,,,,,,,,,,,
7495,253101,3,SR,1,260,25-Nov-2023,07:13:33,-22.8521,167.0713,,401677589,-135,56,0,25-Nov-2023,07:17:22,-22.8521,167.0713,276,1058,7885,142,108,,,27,137,40,,,,,,,,,,,,,,,,,,,,,,,,,,,,,
7495,253101,31,SR, ,261,26-Nov-2023,19:12:37,,,,401650000,-129,,0,26-Nov-2023,19:12:37,,,,,,,,,,42,238,224,238,238,238,0,224,238,238,224,224,0,238,238,233,238,192,238,238,238,224,224,48,115,164,156,181,136,93,164,
7495,253101,31,NK, ,262,26-Nov-2023,19:12:37,,,,401650000,-130,,0,26-Nov-2023,19:12:37,,,,,,,,,,42,238,224,238,238,238,0,224,238,238,224,224,0,238,238,233,238,192,238,238,238,224,226,109,201,128,9,242,87,89,132,
7495,253101,3,NK, ,263,27-Nov-2023,07:27:43,,,,401650000,-137,,0,27-Nov-2023,07:27:43,,,,,,,,,,65,5,5,,,,,,,,,,,,,,,,,,,,,,,,,,,,,
7495,253101,31,SR, ,264,27-Nov-2023,18:43:21,,,,401650000,-136,,0,27-Nov-2023,18:43:21,,,,,,,,,,42,238,224,238,238,238,0,224,238,238,224,224,0,238,238,233,238,192,238,238,238,224,224,238,238,224,238,0,238,238,240,
7495,253101,31,NK, ,265,27-Nov-2023,18:43:21,,,,401650000,-131,,0,27-Nov-2023,18:43:21,,,,,,,,,,42,238,224,238,238,238,0,224,238,238,224,224,0,238,238,233,238,192,238,238,238,224,224,238,238,224,238,0,238,238,240,
7495,253101,31,NK, ,266,28-Nov-2023,19:55:37,,,,401650000,-125,,0,28-Nov-2023,19:55:37,,,,,,,,,,42,239,96,238,238,238,224,238,224,238,238,238,238,238,238,126,239,64,238,238,238,238,238,238,238,224,238,238,238,238,36,
7495,253101,3,NN, ,267,28-Nov-2023,22:50:46,,,,401650000,-132,,0,28-Nov-2023,22:50:46,,,,,,,,,,95,116,29,,,,,,,,,,,,,,,,,,,,,,,,,,,,,
7495,253101,3,MC,A,268,30-Nov-2023,08:56:10,-22.8877,167.0751,,401677603,-130,,0,30-Nov-2023,08:55:52,-22.8877,167.0751,37,12285,48248,3128,76,,,27,143,28,,,,,,,,,,,,,,,,,,,,,,,,,,,,,
7495,253101,3,MC,A,268,30-Nov-2023,08:56:10,-22.8877,167.0751,,401677603,-130,,0,30-Nov-2023,08:56:10,-22.8877,167.0751,37,12285,48248,3128,76,,,75,7,5,,,,,,,,,,,,,,,,,,,,,,,,,,,,,
7495,253101,3,MC,A,268,30-Nov-2023,08:56:10,-22.8877,167.0751,,401677603,-130,,0,30-Nov-2023,08:56:29,-22.8877,167.0751,37,12285,48248,3128,76,,,81,131,29,,,,,,,,,,,,,,,,,,,,,,,,,,,,,
7495,253101,3,NP,B,269,30-Nov-2023,09:21:18,-22.8850,167.0750,,401677604,-126,6,0,30-Nov-2023,09:21:19,-22.8850,167.0750,,25604,96151,6818,78,,,96,130,0,,,,,,,,,,,,,,,,,,,,,,,,,,,,,
7495,253101,3,MC,B,270,30-Nov-2023,10:39:21,-22.8773,167.0818,,401677574,-116,8,0,30-Nov-2023,10:39:21,-22.8773,167.0818,,18974,54302,6629,64,,,15,1,16,,,,,,,,,,,,,,,,,,,,,,,,,,,,,
7495,253101,31,NP,B,271,30-Nov-2023,11:01:23,-22.8847,167.0705,,401677581,-127,6,0,30-Nov-2023,11:01:23,-22.8847,167.0705,,13084,30199,5668,71,,,42,239,160,224,224,238,14,238,238,238,236,55,97,142,65,7,17,178,155,254,96,251,56,83,46,151,177,45,123,242,165,
7495,253101,3,CS,2,272,30-Nov-2023,17:47:20,-22.9198,167.2623,,401677594,-122,58,0,30-Nov-2023,17:40:18,-22.9198,167.2623,753,338,2013,56,99,,,27,143,153,,,,,,,,,,,,,,,,,,,,,,,,,,,,,
7495,253101,3,CS,2,272,30-Nov-2023,17:47:20,-22.9198,167.2623,,401677594,-122,58,0,30-Nov-2023,17:43:17,-22.9198,167.2623,753,338,2013,56,99,,,80,233,31,,,,,,,,,,,,,,,,,,,,,,,,,,,,,
7495,253101,3,CS,2,272,30-Nov-2023,17:47:20,-22.9198,167.2623,,401677594,-122,58,0,30-Nov-2023,17:44:16,-22.9198,167.2623,753,338,2013,56,99,,,25,143,35,,,,,,,,,,,,,,,,,,,,,,,,,,,,,
7495,253101,3,CS,2,272,30-Nov-2023,17:47:20,-22.9198,167.2623,,401677594,-122,58,0,30-Nov-2023,17:44:51,-22.9198,167.2623,753,338,2013,56,99,,,91,238,29,,,,,,,,,,,,,,,,,,,,,,,,,,,,,
7495,253101,3,CS,2,272,30-Nov-2023,17:47:20,-22.9198,167.2623,,401677594,-122,58,0,30-Nov-2023,17:47:31,-22.9198,167.2623,753,338,2013,56,99,,,73,13,5,,,,,,,,,,,,,,,,,,,,,,,,,,,,,
7495,253101,3,CS,2,272,30-Nov-2023,17:47:20,-22.9198,167.2623,,401677594,-122,58,0,30-Nov-2023,17:47:48,-22.9198,167.2623,753,338,2013,56,99,,,85,248,29,,,,,,,,,,,,,,,,,,,,,,,,,,,,,
7495,253101,3,CS,2,272,30-Nov-2023,17:47:20,-22.9198,167.2623,,401677594,-122,58,1,30-Nov-2023,17:48:05,-22.9198,167.2623,753,338,2013,56,99,,,110,132,0,,,,,,,,,,,,,,,,,,,,,,,,,,,,,
7495,253101,3,CS,2,272,30-Nov-2023,17:47:20,-22.9198,167.2623,,401677594,-122,58,0,30-Nov-2023,17:50:00,-22.9198,167.2623,753,338,2013,56,99,,,91,254,29,,,,,,,,,,,,,,,,,,,,,,,,,,,,,
7495,253101,3,CS,2,272,30-Nov-2023,17:47:20,-22.9198,167.2623,,401677594,-122,58,0,30-Nov-2023,17:50:28,-22.9198,167.2623,753,338,2013,56,99,,,111,129,0,,,,,,,,,,,,,,,,,,,,,,,,,,,,,
7495,253101,3,CS,2,272,30-Nov-2023,17:47:20,-22.9198,167.2623,,401677594,-122,58,0,30-Nov-2023,17:51:44,-22.9198,167.2623,753,338,2013,56,99,,,82,3,30,,,,,,,,,,,,,,,,,,,,,,,,,,,,,
7495,253101,3,CS,2,272,30-Nov-2023,17:47:20,-22.9198,167.2623,,401677594,-122,58,0,30-Nov-2023,17:52:01,-22.9198,167.2623,753,338,2013,56,99,,,107,133,0,,,,,,,,,,,,,,,,,,,,,,,,,,,,,
7495,253101,3,CS,2,272,30-Nov-2023,17:47:20,-22.9198,167.2623,,401677594,-122,58,5,30-Nov-2023,17:52:18,-22.9198,167.2623,753,338,2013,56,99,,,15,1,16,,,,,,,,,,,,,,,,,,,,,,,,,,,,,
7495,253101,3,CS,2,272,30-Nov-2023,17:47:20,-22.9198,167.2623,,401677594,-122,58,5,30-Nov-2023,17:52:34,-22.9198,167.2623,753,338,2013,56,99,,,27,143,28,,,,,,,,,,,,,,,,,,,,,,,,,,,,,
7495,253101,3,CS,2,272,30-Nov-2023,17:47:20,-22.9198,167.2623,,401677594,-122,58,3,30-Nov-2023,17:52:51,-22.9198,167.2623,753,338,2013,56,99,,,76,12,5,,,,,,,,,,,,,,,,,,,,,,,,,,,,,
7495,253101,3,A1,3,273,30-Nov-2023,18:24:44,-22.9173,167.2690,,401677593,-127,58,0,30-Nov-2023,18:20:00,-22.9173,167.2690,527,134,202,88,3,,,15,1,16,,,,,,,,,,,,,,,,,,,,,,,,,,,,,
7495,253101,3,A1,3,273,30-Nov-2023,18:24:44,-22.9173,167.2690,,401677593,-127,58,0,30-Nov-2023,18:21:24,-22.9173,167.2690,527,134,202,88,3,,,15,1,62,,,,,,,,,,,,,,,,,,,,,,,,,,,,,
7495,253101,23,A1,3,273,30-Nov-2023,18:24:44,-22.9173,167.2690,,401677593,-127,58,0,30-Nov-2023,18:21:42,-22.9173,167.2690,527,134,202,88,3,,,86,16,165,253,232,144,190,81,79,73,183,83,83,61,77,211,180,246,253,122,107,28,55,,,,,,,,,
7495,253101,3,A1,3,273,30-Nov-2023,18:24:44,-22.9173,167.2690,,401677593,-127,58,0,30-Nov-2023,18:22:35,-22.9173,167.2690,527,134,202,88,3,,,84,98,158,,,,,,,,,,,,,,,,,,,,,,,,,,,,,
7495,253101,3,A1,3,273,30-Nov-2023,18:24:44,-22.9173,167.2690,,401677593,-127,58,0,30-Nov-2023,18:25:49,-22.9173,167.2690,527,134,202,88,3,,,73,13,5,,,,,,,,,,,,,,,,,,,,,,,,,,,,,
7495,253101,3,A1,3,273,30-Nov-2023,18:24:44,-22.9173,167.2690,,401677593,-127,58,0,30-Nov-2023,18:26:09,-22.9173,167.2690,527,134,202,88,3,,,85,103,30,,,,,,,,,,,,,,,,,,,,,,,,,,,,,
7495,253101,3,A1,3,273,30-Nov-2023,18:24:44,-22.9173,167.2690,,401677593,-127,58,1,30-Nov-2023,18:26:26,-22.9173,167.2690,527,134,202,88,3,,,107,133,0,,,,,,,,,,,,,,,,,,,,,,,,,,,,,
7495,253101,3,A1,3,273,30-Nov-2023,18:24:44,-22.9173,167.2690,,401677593,-127,58,0,30-Nov-2023,18:27:22,-22.9173,167.2690,527,134,202,88,3,,,64,16,5,,,,,,,,,,,,,,,,,,,,,,,,,,,,,
7495,253101,3,A1,3,273,30-Nov-2023,18:24:44,-22.9173,167.2690,,401677593,-127,58,0,30-Nov-2023,18:27:37,-22.9173,167.2690,527,134,202,88,3,,,82,108,30,,,,,,,,,,,,,,,,,,,,,,,,,,,,,
7495,253101,3,A1,3,273,30-Nov-2023,18:24:44,-22.9173,167.2690,,401677593,-127,58,0,30-Nov-2023,18:27:55,-22.9173,167.2690,527,134,202,88,3,,,101,131,0,,,,,,,,,,,,,,,,,,,,,,,,,,,,,
7495,253101,3,A1,3,273,30-Nov-2023,18:24:44,-22.9173,167.2690,,401677593,-127,58,3,30-Nov-2023,18:28:32,-22.9173,167.2690,527,134,202,88,3,,,27,143,28,,,,,,,,,,,,,,,,,,,,,,,,,,,,,
7495,253101,3,A1,3,273,30-Nov-2023,18:24:44,-22.9173,167.2690,,401677593,-127,58,1,30-Nov-2023,18:28:47,-22.9173,167.2690,527,134,202,88,3,,,70,14,5,,,,,,,,,,,,,,,,,,,,,,,,,,,,,
7495,253101,31,NK,B,274,30-Nov-2023,19:01:43,-22.9167,167.2823,,401677590,-131,8,0,30-Nov-2023,19:01:36,-22.9167,167.2823,15,2273,2555,2022,85,,,42,239,160,224,224,238,14,238,238,238,238,238,238,238,238,52,239,128,238,238,238,0,238,238,238,238,238,14,14,14,172,
7495,253101,23,NK,B,274,30-Nov-2023,19:01:43,-22.9167,167.2823,,401677590,-131,8,0,30-Nov-2023,19:01:51,-22.9167,167.2823,15,2273,2555,2022,85,,,70,48,173,221,169,146,189,101,14,197,41,160,181,73,91,108,169,31,0,63,49,51,38,,,,,,,,,
7495,253101,3,NN,A,275,01-Dec-2023,00:04:27,-22.8419,167.2492,,401677599,-128,8,0,01-Dec-2023,00:04:20,-22.8419,167.2492,452,1431,22342,91,26,,,15,1,16,,,,,,,,,,,,,,,,,,,,,,,,,,,,,
7495,253101,3,NN,A,275,01-Dec-2023,00:04:27,-22.8419,167.2492,,401677599,-128,8,0,01-Dec-2023,00:04:36,-22.8419,167.2492,452,1431,22342,91,26,,,27,143,28,,,,,,,,,,,,,,,,,,,,,,,,,,,,,
7495,253101,3,NN,A,275,01-Dec-2023,00:04:27,-22.8419,167.2492,,401677599,-128,8,0,01-Dec-2023,00:11:52,-22.8419,167.2492,452,1431,22342,91,26,,,68,4,5,,,,,,,,,,,,,,,,,,,,,,,,,,,,,
7495,253101,3,CS,B,276,01-Dec-2023,06:00:01,-22.8748,167.3138,,401677598,-126,8,0,01-Dec-2023,05:59:43,,,37,2116,12693,352,97,,,101,131,0,,,,,,,,,,,,,,,,,,,,,,,,,,,,,
7495,253101,3,CS,B,276,01-Dec-2023,06:00:01,-22.8748,167.3138,,401677598,-126,8,0,01-Dec-2023,06:00:20,,,37,2116,12693,352,97,,,15,1,16,,,,,,,,,,,,,,,,,,,,,,,,,,,,,
7495,253101,3,SR,2,277,01-Dec-2023,07:28:54,-22.9082,167.3879,,401677594,-126,58,0,01-Dec-2023,07:26:40,-22.9082,167.3879,525,447,658,303,126,,,79,19,5,,,,,,,,,,,,,,,,,,,,,,,,,,,,,
7495,253101,3,SR,2,277,01-Dec-2023,07:28:54,-22.9082,167.3879,,401677594,-126,58,0,01-Dec-2023,07:28:54,-22.9082,167.3879,525,447,658,303,126,,,27,143,28,,,,,,,,,,,,,,,,,,,,,,,,,,,,,
7495,253101,3,SR,2,277,01-Dec-2023,07:28:54,-22.9082,167.3879,,401677594,-126,58,0,01-Dec-2023,07:29:29,-22.9082,167.3879,525,447,658,303,126,,,80,200,31,,,,,,,,,,,,,,,,,,,,,,,,,,,,,
7495,253101,3,SR,2,277,01-Dec-2023,07:28:54,-22.9082,167.3879,,401677594,-126,58,1,01-Dec-2023,07:30:38,-22.9082,167.3879,525,447,658,303,126,,,27,143,28,,,,,,,,,,,,,,,,,,,,,,,,,,,,,
7495,253101,3,SR,2,277,01-Dec-2023,07:28:54,-22.9082,167.3879,,401677594,-126,58,0,01-Dec-2023,07:31:17,-22.9082,167.3879,525,447,658,303,126,,,81,205,28,,,,,,,,,,,,,,,,,,,,,,,,,,,,,
7495,253101,3,SR,2,277,01-Dec-2023,07:28:54,-22.9082,167.3879,,401677594,-126,58,0,01-Dec-2023,07:31:32,-22.9082,167.3879,525,447,658,303,126,,,110,132,0,,,,,,,,,,,,,,,,,,,,,,,,,,,,,
7495,253101,3,SR,2,277,01-Dec-2023,07:28:54,-22.9082,167.3879,,401677594,-126,58,0,01-Dec-2023,07:31:51,-22.9082,167.3879,525,447,658,303,126,,,14,104,133,,,,,,,,,,,,,,,,,,,,,,,,,,,,,
7495,253101,3,SR,2,277,01-Dec-2023,07:28:54,-22.9082,167.3879,,401677594,-126,58,0,01-Dec-2023,07:33:22,-22.9082,167.3879,525,447,658,303,126,,,65,21,5,,,,,,,,,,,,,,,,,,,,,,,,,,,,,
7495,253101,3,SR,2,277,01-Dec-2023,07:28:54,-22.9082,167.3879,,401677594,-126,58,0,01-Dec-2023,07:34:40,-22.9082,167.3879,525,447,658,303,126,,,82,210,30,,,,,,,,,,,,,,,,,,,,,,,,,,,,,
7495,253101,3,SR,2,277,01-Dec-2023,07:28:54,-22.9082,167.3879,,401677594,-126,58,0,01-Dec-2023,07:35:09,-22.9082,167.3879,525,447,658,303,126,,,111,129,0,,,,,,,,,,,,,,,,,,,,,,,,,,,,,
7495,253101,3,SR,2,277,01-Dec-2023,07:28:54,-22.9082,167.3879,,401677594,-126,58,0,01-Dec-2023,07:35:25,-22.9082,167.3879,525,447,658,303,126,,,15,1,16,,,,,,,,,,,,,,,,,,,,,,,,,,,,,
7495,253101,3,NK,2,278,01-Dec-2023,07:31:43,-22.8991,167.3830,,401677586,-125,56,0,01-Dec-2023,07:26:40,-22.8991,167.3830,525,397,505,311,123,,,79,19,5,,,,,,,,,,,,,,,,,,,,,,,,,,,,,
7495,253101,3,NK,2,278,01-Dec-2023,07:31:43,-22.8991,167.3830,,401677586,-125,56,0,01-Dec-2023,07:29:29,-22.8991,167.3830,525,397,505,311,123,,,80,200,26,,,,,,,,,,,,,,,,,,,,,,,,,,,,,
7495,253101,3,NK,2,278,01-Dec-2023,07:31:43,-22.8991,167.3830,,401677586,-125,56,1,01-Dec-2023,07:30:38,-22.8991,167.3830,525,397,505,311,123,,,27,143,28,,,,,,,,,,,,,,,,,,,,,,,,,,,,,
7495,253101,3,NK,2,278,01-Dec-2023,07:31:43,-22.8991,167.3830,,401677586,-125,56,0,01-Dec-2023,07:31:17,-22.8991,167.3830,525,397,505,311,123,,,81,205,14,,,,,,,,,,,,,,,,,,,,,,,,,,,,,
7495,253101,3,NK,2,278,01-Dec-2023,07:31:43,-22.8991,167.3830,,401677586,-125,56,0,01-Dec-2023,07:31:32,-22.8991,167.3830,525,397,505,311,123,,,110,132,0,,,,,,,,,,,,,,,,,,,,,,,,,,,,,
7495,253101,3,NK,2,278,01-Dec-2023,07:31:43,-22.8991,167.3830,,401677586,-125,56,0,01-Dec-2023,07:31:51,-22.8991,167.3830,525,397,505,311,123,,,3,170,42,,,,,,,,,,,,,,,,,,,,,,,,,,,,,
7495,253101,3,NK,2,278,01-Dec-2023,07:31:43,-22.8991,167.3830,,401677586,-125,56,0,01-Dec-2023,07:33:22,-22.8991,167.3830,525,397,505,311,123,,,65,21,5,,,,,,,,,,,,,,,,,,,,,,,,,,,,,
7495,253101,3,NK,2,278,01-Dec-2023,07:31:43,-22.8991,167.3830,,401677586,-125,56,0,01-Dec-2023,07:34:40,-22.8991,167.3830,525,397,505,311,123,,,82,210,30,,,,,,,,,,,,,,,,,,,,,,,,,,,,,
7495,253101,3,NK,2,278,01-Dec-2023,07:31:43,-22.8991,167.3830,,401677586,-125,56,0,01-Dec-2023,07:35:09,-22.8991,167.3830,525,397,505,311,123,,,111,129,0,,,,,,,,,,,,,,,,,,,,,,,,,,,,,
7495,253101,3,NK,2,278,01-Dec-2023,07:31:43,-22.8991,167.3830,,401677586,-125,56,0,01-Dec-2023,07:35:25,-22.8991,167.3830,525,397,505,311,123,,,15,1,16,,,,,,,,,,,,,,,,,,,,,,,,,,,,,
7495,253101,3,CS,1,279,01-Dec-2023,07:42:37,-22.9049,167.3887,,401677591,-132,56,0,01-Dec-2023,07:42:11,-22.9049,167.3887,116,725,1856,283,17,,,64,16,5,,,,,,,,,,,,,,,,,,,,,,,,,,,,,
7495,253101,3,CS,1,279,01-Dec-2023,07:42:37,-22.9049,167.3887,,401677591,-132,56,1,01-Dec-2023,07:43:51,-22.9049,167.3887,116,725,1856,283,17,,,27,143,28,,,,,,,,,,,,,,,,,,,,,,,,,,,,,
7495,253101,3,CS,1,279,01-Dec-2023,07:42:37,-22.9049,167.3887,,401677591,-132,56,0,01-Dec-2023,07:44:07,-22.9049,167.3887,116,725,1856,283,17,,,74,18,5,,,,,,,,,,,,,,,,,,,,,,,,,,,,,
7495,253101,3,NP,A,280,01-Dec-2023,09:11:03,-22.9119,167.3831,,401677607,-125,8,0,01-Dec-2023,09:10:41,-22.9119,167.3831,44,2508,5788,1087,159,,,89,11,29,,,,,,,,,,,,,,,,,,,,,,,,,,,,,
7495,253101,3,NP,A,280,01-Dec-2023,09:11:03,-22.9119,167.3831,,401677607,-125,8,0,01-Dec-2023,09:11:05,-22.9119,167.3831,44,2508,5788,1087,159,,,107,133,0,,,,,,,,,,,,,,,,,,,,,,,,,,,,,
7495,253101,3,NP,A,280,01-Dec-2023,09:11:03,-22.9119,167.3831,,401677607,-125,8,0,01-Dec-2023,09:11:25,-22.9119,167.3831,44,2508,5788,1087,159,,,15,1,16,,,,,,,,,,,,,,,,,,,,,,,,,,,,,
7495,253101,3,NK,A,281,01-Dec-2023,09:11:03,-22.9197,167.3956,,401677619,-125,,0,01-Dec-2023,09:10:41,-22.9197,167.3956,44,2489,7314,846,174,,,89,11,31,,,,,,,,,,,,,,,,,,,,,,,,,,,,,
7495,253101,3,NK,A,281,01-Dec-2023,09:11:03,-22.9197,167.3956,,401677619,-125,,0,01-Dec-2023,09:11:05,-22.9197,167.3956,44,2489,7314,846,174,,,107,133,0,,,,,,,,,,,,,,,,,,,,,,,,,,,,,
7495,253101,3,NK,A,281,01-Dec-2023,09:11:03,-22.9197,167.3956,,401677619,-125,,0,01-Dec-2023,09:11:25,-22.9197,167.3956,44,2489,7314,846,174,,,15,1,16,,,,,,,,,,,,,,,,,,,,,,,,,,,,,
7495,253101,3,MC,B,282,01-Dec-2023,10:19:51,-22.9165,167.3932,,401677598,-121,8,0,01-Dec-2023,10:15:15,-22.9165,167.3932,552,2481,11820,520,160,,,15,1,16,,,,,,,,,,,,,,,,,,,,,,,,,,,,,
7495,253101,3,MC,B,282,01-Dec-2023,10:19:51,-22.9165,167.3932,,401677598,-121,8,0,01-Dec-2023,10:24:27,-22.9165,167.3932,552,2481,11820,520,160,,,76,12,5,,,,,,,,,,,,,,,,,,,,,,,,,,,,,
7495,253101,3,O3,B,283,02-Dec-2023,01:56:48,-22.8850,167.6655,,401677565,-130,,0,02-Dec-2023,01:56:48,-22.8850,167.6655,,6972,12661,3839,107,,,15,1,16,,,,,,,,,,,,,,,,,,,,,,,,,,,,,
7495,253101,3,A1,3,284,02-Dec-2023,06:04:45,-22.7719,167.4398,,401677594,-125,58,0,02-Dec-2023,05:59:56,-22.7719,167.4398,554,103,135,77,93,,,81,51,31,,,,,,,,,,,,,,,,,,,,,,,,,,,,,
7495,253101,3,A1,3,284,02-Dec-2023,06:04:45,-22.7719,167.4398,,401677594,-125,58,0,02-Dec-2023,06:01:44,-22.7719,167.4398,554,103,135,77,93,,,67,15,5,,,,,,,,,,,,,,,,,,,,,,,,,,,,,
7495,253101,3,A1,3,284,02-Dec-2023,06:04:45,-22.7719,167.4398,,401677594,-125,58,0,02-Dec-2023,06:02:07,-22.7719,167.4398,554,103,135,77,93,,,86,56,31,,,,,,,,,,,,,,,,,,,,,,,,,,,,,
7495,253101,3,A1,3,284,02-Dec-2023,06:04:45,-22.7719,167.4398,,401677594,-125,58,0,02-Dec-2023,06:02:30,-22.7719,167.4398,554,103,135,77,93,,,110,132,0,,,,,,,,,,,,,,,,,,,,,,,,,,,,,
7495,253101,3,A1,3,284,02-Dec-2023,06:04:45,-22.7719,167.4398,,401677594,-125,58,0,02-Dec-2023,06:03:53,-22.7719,167.4398,554,103,135,77,93,,,87,61,31,,,,,,,,,,,,,,,,,,,,,,,,,,,,,
7495,253101,3,A1,3,284,02-Dec-2023,06:04:45,-22.7719,167.4398,,401677594,-125,58,0,02-Dec-2023,06:04:14,-22.7719,167.4398,554,103,135,77,93,,,108,127,0,,,,,,,,,,,,,,,,,,,,,,,,,,,,,
7495,253101,23,A1,3,284,02-Dec-2023,06:04:45,-22.7719,167.4398,,401677594,-125,58,0,02-Dec-2023,06:05:22,-22.7719,167.4398,554,103,135,77,93,,,71,112,165,253,232,144,190,81,65,24,179,149,210,62,129,2,15,53,26,209,0,255,128,,,,,,,,,
7495,253101,3,A1,3,284,02-Dec-2023,06:04:45,-22.7719,167.4398,,401677594,-125,58,0,02-Dec-2023,06:06:14,-22.7719,167.4398,554,103,135,77,93,,,82,67,31,,,,,,,,,,,,,,,,,,,,,,,,,,,,,
7495,253101,3,A1,3,284,02-Dec-2023,06:04:45,-22.7719,167.4398,,401677594,-125,58,0,02-Dec-2023,06:06:29,-22.7719,167.4398,554,103,135,77,93,,,107,133,0,,,,,,,,,,,,,,,,,,,,,,,,,,,,,
7495,253101,3,A1,3,284,02-Dec-2023,06:04:45,-22.7719,167.4398,,401677594,-125,58,3,02-Dec-2023,06:06:46,-22.7719,167.4398,554,103,135,77,93,,,15,1,16,,,,,,,,,,,,,,,,,,,,,,,,,,,,,
7495,253101,3,A1,3,284,02-Dec-2023,06:04:45,-22.7719,167.4398,,401677594,-125,58,0,02-Dec-2023,06:07:33,-22.7719,167.4398,554,103,135,77,93,,,85,72,31,,,,,,,,,,,,,,,,,,,,,,,,,,,,,
7495,253101,3,A1,3,284,02-Dec-2023,06:04:45,-22.7719,167.4398,,401677594,-125,58,4,02-Dec-2023,06:08:27,-22.7719,167.4398,554,103,135,77,93,,,27,143,28,,,,,,,,,,,,,,,,,,,,,,,,,,,,,
7495,253101,3,A1,3,284,02-Dec-2023,06:04:45,-22.7719,167.4398,,401677594,-125,58,1,02-Dec-2023,06:08:46,-22.7719,167.4398,554,103,135,77,93,,,64,16,5,,,,,,,,,,,,,,,,,,,,,,,,,,,,,
7495,253101,3,A1,3,284,02-Dec-2023,06:04:45,-22.7719,167.4398,,401677594,-125,58,0,02-Dec-2023,06:09:10,-22.7719,167.4398,554,103,135,77,93,,,84,77,31,,,,,,,,,,,,,,,,,,,,,,,,,,,,,
7495,253101,3,SR,3,285,02-Dec-2023,06:58:26,-22.8061,167.4398,,401677591,-122,58,0,02-Dec-2023,06:53:29,-22.8061,167.4398,678,123,216,70,94,,,83,167,31,,,,,,,,,,,,,,,,,,,,,,,,,,,,,
7495,253101,3,SR,3,285,02-Dec-2023,06:58:26,-22.8061,167.4398,,401677591,-122,58,0,02-Dec-2023,06:53:44,-22.8061,167.4398,678,123,216,70,94,,,110,132,0,,,,,,,,,,,,,,,,,,,,,,,,,,,,,
7495,253101,3,SR,3,285,02-Dec-2023,06:58:26,-22.8061,167.4398,,401677591,-122,58,0,02-Dec-2023,06:54:01,-22.8061,167.4398,678,123,216,70,94,,,125,0,17,,,,,,,,,,,,,,,,,,,,,,,,,,,,,
7495,253101,3,SR,3,285,02-Dec-2023,06:58:26,-22.8061,167.4398,,401677591,-122,58,0,02-Dec-2023,06:54:57,-22.8061,167.4398,678,123,216,70,94,,,84,172,31,,,,,,,,,,,,,,,,,,,,,,,,,,,,,
7495,253101,3,SR,3,285,02-Dec-2023,06:58:26,-22.8061,167.4398,,401677591,-122,58,0,02-Dec-2023,06:56:26,-22.8061,167.4398,678,123,216,70,94,,,206,8,205,,,,,,,,,,,,,,,,,,,,,,,,,,,,,
7495,253101,3,SR,3,285,02-Dec-2023,06:58:26,-22.8061,167.4398,,401677591,-122,58,0,02-Dec-2023,06:56:50,-22.8061,167.4398,678,123,216,70,94,,,93,177,31,,,,,,,,,,,,,,,,,,,,,,,,,,,,,
7495,253101,3,SR,3,285,02-Dec-2023,06:58:26,-22.8061,167.4398,,401677591,-122,58,0,02-Dec-2023,06:57:15,-22.8061,167.4398,678,123,216,70,94,,,107,133,0,,,,,,,,,,,,,,,,,,,,,,,,,,,,,
7495,253101,3,SR,3,285,02-Dec-2023,06:58:26,-22.8061,167.4398,,401677591,-122,58,0,02-Dec-2023,06:58:30,-22.8061,167.4398,678,123,216,70,94,,,71,11,5,,,,,,,,,,,,,,,,,,,,,,,,,,,,,
7495,253101,3,SR,3,285,02-Dec-2023,06:58:26,-22.8061,167.4398,,401677591,-122,58,0,02-Dec-2023,06:58:51,-22.8061,167.4398,678,123,216,70,94,,,86,182,31,,,,,,,,,,,,,,,,,,,,,,,,,,,,,
7495,253101,3,SR,3,285,02-Dec-2023,06:58:26,-22.8061,167.4398,,401677591,-122,58,0,02-Dec-2023,06:59:14,-22.8061,167.4398,678,123,216,70,94,,,108,127,135,,,,,,,,,,,,,,,,,,,,,,,,,,,,,
7495,253101,3,SR,3,285,02-Dec-2023,06:58:26,-22.8061,167.4398,,401677591,-122,58,0,02-Dec-2023,06:59:29,-22.8061,167.4398,678,123,216,70,94,,,15,17,3,,,,,,,,,,,,,,,,,,,,,,,,,,,,,
7495,253101,3,SR,3,285,02-Dec-2023,06:58:26,-22.8061,167.4398,,401677591,-122,58,0,02-Dec-2023,07:00:04,-22.8061,167.4398,678,123,216,70,94,,,76,12,5,,,,,,,,,,,,,,,,,,,,,,,,,,,,,
7495,253101,3,SR,3,285,02-Dec-2023,06:58:26,-22.8061,167.4398,,401677591,-122,58,0,02-Dec-2023,07:00:40,-22.8061,167.4398,678,123,216,70,94,,,95,187,31,,,,,,,,,,,,,,,,,,,,,,,,,,,,,
7495,253101,3,SR,3,285,02-Dec-2023,06:58:26,-22.8061,167.4398,,401677591,-122,58,0,02-Dec-2023,07:00:56,-22.8061,167.4398,678,123,216,70,94,,,96,130,0,,,,,,,,,,,,,,,,,,,,,,,,,,,,,
7495,253101,23,SR,3,285,02-Dec-2023,06:58:26,-22.8061,167.4398,,401677591,-122,58,0,02-Dec-2023,07:01:35,-22.8061,167.4398,678,123,216,70,94,,,76,80,165,253,200,149,134,205,206,139,59,189,36,161,101,84,121,77,135,204,243,142,50,,,,,,,,,
7495,253101,3,SR,3,285,02-Dec-2023,06:58:26,-22.8061,167.4398,,401677591,-122,58,2,02-Dec-2023,07:01:56,-22.8061,167.4398,678,123,216,70,94,,,15,1,16,,,,,,,,,,,,,,,,,,,,,,,,,,,,,
7495,253101,3,SR,3,285,02-Dec-2023,06:58:26,-22.8061,167.4398,,401677591,-122,58,5,02-Dec-2023,07:03:05,-22.8061,167.4398,678,123,216,70,94,,,27,143,28,,,,,,,,,,,,,,,,,,,,,,,,,,,,,
7495,253101,3,SR,3,285,02-Dec-2023,06:58:26,-22.8061,167.4398,,401677591,-122,58,0,02-Dec-2023,07:03:22,-22.8061,167.4398,678,123,216,70,94,,,66,10,5,,,,,,,,,,,,,,,,,,,,,,,,,,,,,
7495,253101,31,SR,3,285,02-Dec-2023,06:58:26,-22.8061,167.4398,,401677591,-122,58,0,02-Dec-2023,07:04:24,-22.8061,167.4398,678,123,216,70,94,,,42,240,32,0,14,224,0,0,14,238,238,238,238,238,238,157,239,192,238,238,238,238,224,0,238,0,225,32,224,238,241,
7495,253101,3,SR,3,285,02-Dec-2023,06:58:26,-22.8061,167.4398,,401677591,-122,58,0,02-Dec-2023,07:04:47,-22.8061,167.4398,678,123,216,70,94,,,106,128,0,,,,,,,,,,,,,,,,,,,,,,,,,,,,,
7495,253101,3,CS,3,286,02-Dec-2023,06:59:46,-22.8067,167.4262,,401677592,-123,58,0,02-Dec-2023,06:54:57,-22.8067,167.4262,590,120,170,84,83,,,84,172,31,,,,,,,,,,,,,,,,,,,,,,,,,,,,,
7495,253101,3,CS,3,286,02-Dec-2023,06:59:46,-22.8067,167.4262,,401677592,-123,58,0,02-Dec-2023,06:56:50,-22.8067,167.4262,590,120,170,84,83,,,93,177,31,,,,,,,,,,,,,,,,,,,,,,,,,,,,,
7495,253101,3,CS,3,286,02-Dec-2023,06:59:46,-22.8067,167.4262,,401677592,-123,58,0,02-Dec-2023,06:57:15,-22.8067,167.4262,590,120,170,84,83,,,107,133,0,,,,,,,,,,,,,,,,,,,,,,,,,,,,,
7495,253101,3,CS,3,286,02-Dec-2023,06:59:46,-22.8067,167.4262,,401677592,-123,58,0,02-Dec-2023,06:58:30,-22.8067,167.4262,590,120,170,84,83,,,71,11,5,,,,,,,,,,,,,,,,,,,,,,,,,,,,,
7495,253101,3,CS,3,286,02-Dec-2023,06:59:46,-22.8067,167.4262,,401677592,-123,58,0,02-Dec-2023,06:58:51,-22.8067,167.4262,590,120,170,84,83,,,86,182,31,,,,,,,,,,,,,,,,,,,,,,,,,,,,,
7495,253101,3,CS,3,286,02-Dec-2023,06:59:46,-22.8067,167.4262,,401677592,-123,58,0,02-Dec-2023,06:59:14,-22.8067,167.4262,590,120,170,84,83,,,108,119,131,,,,,,,,,,,,,,,,,,,,,,,,,,,,,
7495,253101,3,CS,3,286,02-Dec-2023,06:59:46,-22.8067,167.4262,,401677592,-123,58,0,02-Dec-2023,06:59:29,-22.8067,167.4262,590,120,170,84,83,,,15,5,224,,,,,,,,,,,,,,,,,,,,,,,,,,,,,
7495,253101,3,CS,3,286,02-Dec-2023,06:59:46,-22.8067,167.4262,,401677592,-123,58,0,02-Dec-2023,07:00:04,-22.8067,167.4262,590,120,170,84,83,,,76,12,5,,,,,,,,,,,,,,,,,,,,,,,,,,,,,
7495,253101,3,CS,3,286,02-Dec-2023,06:59:46,-22.8067,167.4262,,401677592,-123,58,0,02-Dec-2023,07:00:40,-22.8067,167.4262,590,120,170,84,83,,,95,187,31,,,,,,,,,,,,,,,,,,,,,,,,,,,,,
7495,253101,3,CS,3,286,02-Dec-2023,06:59:46,-22.8067,167.4262,,401677592,-123,58,0,02-Dec-2023,07:00:56,-22.8067,167.4262,590,120,170,84,83,,,96,130,0,,,,,,,,,,,,,,,,,,,,,,,,,,,,,
7495,253101,23,CS,3,286,02-Dec-2023,06:59:46,-22.8067,167.4262,,401677592,-123,58,0,02-Dec-2023,07:01:35,-22.8067,167.4262,590,120,170,84,83,,,76,80,165,253,232,208,88,28,102,209,77,171,152,179,176,95,113,54,120,131,22,113,75,,,,,,,,,
7495,253101,3,CS,3,286,02-Dec-2023,06:59:46,-22.8067,167.4262,,401677592,-123,58,1,02-Dec-2023,07:01:56,-22.8067,167.4262,590,120,170,84,83,,,15,1,16,,,,,,,,,,,,,,,,,,,,,,,,,,,,,
7495,253101,3,CS,3,286,02-Dec-2023,06:59:46,-22.8067,167.4262,,401677592,-123,58,3,02-Dec-2023,07:03:05,-22.8067,167.4262,590,120,170,84,83,,,27,143,28,,,,,,,,,,,,,,,,,,,,,,,,,,,,,
7495,253101,3,CS,3,286,02-Dec-2023,06:59:46,-22.8067,167.4262,,401677592,-123,58,0,02-Dec-2023,07:03:22,-22.8067,167.4262,590,120,170,84,83,,,66,10,5,,,,,,,,,,,,,,,,,,,,,,,,,,,,,
7495,253101,31,CS,3,286,02-Dec-2023,06:59:46,-22.8067,167.4262,,401677592,-123,58,0,02-Dec-2023,07:04:24,-22.8067,167.4262,590,120,170,84,83,,,42,240,32,0,14,224,0,0,14,238,238,238,238,238,238,157,239,192,238,238,238,238,224,0,238,0,225,32,224,238,241,
7495,253101,3,CS,3,286,02-Dec-2023,06:59:46,-22.8067,167.4262,,401677592,-123,58,0,02-Dec-2023,07:04:47,-22.8067,167.4262,590,120,170,84,83,,,106,128,0,,,,,,,,,,,,,,,,,,,,,,,,,,,,,
7495,253101,3,NK,3,287,02-Dec-2023,07:03:43,-22.8110,167.4347,,401677593,-129,56,0,02-Dec-2023,07:00:40,-22.8110,167.4347,476,247,384,159,13,,,95,187,31,,,,,,,,,,,,,,,,,,,,,,,,,,,,,
7495,253101,3,NK,3,287,02-Dec-2023,07:03:43,-22.8110,167.4347,,401677593,-129,56,0,02-Dec-2023,07:00:56,-22.8110,167.4347,476,247,384,159,13,,,96,130,0,,,,,,,,,,,,,,,,,,,,,,,,,,,,,
7495,253101,23,NK,3,287,02-Dec-2023,07:03:43,-22.8110,167.4347,,401677593,-129,56,0,02-Dec-2023,07:01:35,-22.8110,167.4347,476,247,384,159,13,,,76,80,172,252,219,189,101,198,226,186,96,158,97,209,161,41,27,11,78,156,155,109,106,,,,,,,,,
7495,253101,3,NK,3,287,02-Dec-2023,07:03:43,-22.8110,167.4347,,401677593,-129,56,0,02-Dec-2023,07:03:05,-22.8110,167.4347,476,247,384,159,13,,,27,143,28,,,,,,,,,,,,,,,,,,,,,,,,,,,,,
7495,253101,3,NK,3,287,02-Dec-2023,07:03:43,-22.8110,167.4347,,401677593,-129,56,0,02-Dec-2023,07:03:22,-22.8110,167.4347,476,247,384,159,13,,,66,10,5,,,,,,,,,,,,,,,,,,,,,,,,,,,,,
7495,253101,31,NK,3,287,02-Dec-2023,07:03:43,-22.8110,167.4347,,401677593,-129,56,0,02-Dec-2023,07:04:24,-22.8110,167.4347,476,247,384,159,13,,,42,240,32,0,14,224,0,0,14,238,238,238,238,238,238,157,239,192,238,238,238,238,224,0,238,0,225,32,224,238,241,
7495,253101,3,NK,3,287,02-Dec-2023,07:03:43,-22.8110,167.4347,,401677593,-129,56,0,02-Dec-2023,07:04:47,-22.8110,167.4347,476,247,384,159,13,,,106,128,0,,,,,,,,,,,,,,,,,,,,,,,,,,,,,
7495,253101,3,NK,3,287,02-Dec-2023,07:03:43,-22.8110,167.4347,,401677593,-129,56,0,02-Dec-2023,07:07:54,-22.8110,167.4347,476,247,384,159,13,,,101,131,0,,,,,,,,,,,,,,,,,,,,,,,,,,,,,
7495,253101,3,NK,3,287,02-Dec-2023,07:03:43,-22.8110,167.4347,,401677593,-129,56,1,02-Dec-2023,07:08:36,-22.8110,167.4347,476,247,384,159,13,,,15,1,16,,,,,,,,,,,,,,,,,,,,,,,,,,,,,
7495,253101,3,MC,2,288,02-Dec-2023,11:39:41,-22.8661,167.4252,,401677597,-117,58,0,02-Dec-2023,11:38:16,-22.8661,167.4252,349,346,981,121,49,,,27,143,28,,,,,,,,,,,,,,,,,,,,,,,,,,,,,
7495,253101,3,MC,2,288,02-Dec-2023,11:39:41,-22.8661,167.4252,,401677597,-117,58,0,02-Dec-2023,11:39:29,-22.8661,167.4252,349,346,981,121,49,,,83,248,31,,,,,,,,,,,,,,,,,,,,,,,,,,,,,
7495,253101,3,MC,2,288,02-Dec-2023,11:39:41,-22.8661,167.4252,,401677597,-117,58,0,02-Dec-2023,11:40:06,-22.8661,167.4252,349,346,981,121,49,,,107,133,0,,,,,,,,,,,,,,,,,,,,,,,,,,,,,
7495,253101,3,MC,2,288,02-Dec-2023,11:39:41,-22.8661,167.4252,,401677597,-117,58,0,02-Dec-2023,11:40:54,-22.8661,167.4252,349,346,981,121,49,,,15,1,16,,,,,,,,,,,,,,,,,,,,,,,,,,,,,
7495,253101,3,MC,2,288,02-Dec-2023,11:39:41,-22.8661,167.4252,,401677597,-117,58,1,02-Dec-2023,11:42:11,-22.8661,167.4252,349,346,981,121,49,,,27,143,28,,,,,,,,,,,,,,,,,,,,,,,,,,,,,
7495,253101,3,MC,2,288,02-Dec-2023,11:39:41,-22.8661,167.4252,,401677597,-117,58,0,02-Dec-2023,11:44:05,-22.8661,167.4252,349,346,981,121,49,,,82,253,31,,,,,,,,,,,,,,,,,,,,,,,,,,,,,
7495,253101,3,CS,B,289,03-Dec-2023,06:20:27,-22.9084,167.2468,,401677624,-124,,0,03-Dec-2023,06:19:27,-22.9084,167.2468,120,1957,6029,635,114,,,27,143,24,,,,,,,,,,,,,,,,,,,,,,,,,,,,,
7495,253101,3,CS,B,289,03-Dec-2023,06:20:27,-22.9084,167.2468,,401677624,-124,,0,03-Dec-2023,06:21:27,-22.9084,167.2468,120,1957,6029,635,114,,,92,31,32,,,,,,,,,,,,,,,,,,,,,,,,,,,,,
7495,253101,3,SR,A,290,03-Dec-2023,06:27:31,-22.8920,167.2489,,401677592,-129,6,0,03-Dec-2023,06:21:27,-22.8920,167.2489,730,6021,258969,140,102,,,92,31,32,,,,,,,,,,,,,,,,,,,,,,,,,,,,,
7495,253101,3,SR,A,290,03-Dec-2023,06:27:31,-22.8920,167.2489,,401677592,-129,6,0,03-Dec-2023,06:27:30,-22.8920,167.2489,730,6021,258969,140,102,,,15,1,48,,,,,,,,,,,,,,,,,,,,,,,,,,,,,
7495,253101,3,SR,A,290,03-Dec-2023,06:27:31,-22.8920,167.2489,,401677592,-129,6,0,03-Dec-2023,06:33:37,-22.8920,167.2489,730,6021,258969,140,102,,,94,37,32,,,,,,,,,,,,,,,,,,,,,,,,,,,,,
7495,253101,3,MB,B,291,03-Dec-2023,10:24:18,-22.9086,167.2255,,401677598,-133,8,0,03-Dec-2023,10:24:18,-22.9086,167.2255,,15921,43253,5859,79,,,99,133,216,,,,,,,,,,,,,,,,,,,,,,,,,,,,,
7495,253101,3,NP,B,292,03-Dec-2023,10:24:46,-22.9273,167.2334,,401677593,-125,8,0,03-Dec-2023,10:24:18,-22.9273,167.2334,57,9780,100046,956,68,,,107,133,0,,,,,,,,,,,,,,,,,,,,,,,,,,,,,
7495,253101,3,NP,B,292,03-Dec-2023,10:24:46,-22.9273,167.2334,,401677593,-125,8,0,03-Dec-2023,10:25:15,-22.9273,167.2334,57,9780,100046,956,68,,,8,11,17,,,,,,,,,,,,,,,,,,,,,,,,,,,,,
7495,253101,3,MC,B,293,03-Dec-2023,11:15:59,-22.9283,167.2424,,401677601,-124,8,0,03-Dec-2023,11:15:59,-22.9283,167.2424,,2332,8153,666,68,,,27,143,28,,,,,,,,,,,,,,,,,,,,,,,,,,,,,
7495,253101,3,SR,2,294,03-Dec-2023,18:56:18,-22.8045,167.3669,,401677601,-124,56,0,03-Dec-2023,18:47:40,-22.8045,167.3669,518,321,1339,77,80,,,85,125,32,,,,,,,,,,,,,,,,,,,,,,,,,,,,,
7495,253101,3,SR,2,294,03-Dec-2023,18:56:18,-22.8045,167.3669,,401677601,-124,56,0,03-Dec-2023,18:50:15,-22.8045,167.3669,518,321,1339,77,80,,,15,223,226,,,,,,,,,,,,,,,,,,,,,,,,,,,,,
7495,253101,23,SR,2,294,03-Dec-2023,18:56:18,-22.8045,167.3669,,401677601,-124,56,0,03-Dec-2023,18:50:30,-22.8045,167.3669,518,321,1339,77,80,,,94,80,165,253,192,243,190,103,97,203,134,150,16,67,3,11,131,82,50,208,224,255,128,,,,,,,,,
7495,253101,3,SR,2,294,03-Dec-2023,18:56:18,-22.8045,167.3669,,401677601,-124,56,0,03-Dec-2023,18:51:18,-22.8045,167.3669,518,321,1339,77,80,,,81,136,32,,,,,,,,,,,,,,,,,,,,,,,,,,,,,
7495,253101,3,SR,2,294,03-Dec-2023,18:56:18,-22.8045,167.3669,,401677601,-124,56,0,03-Dec-2023,18:51:33,-22.8045,167.3669,518,321,1339,77,80,,,96,130,0,,,,,,,,,,,,,,,,,,,,,,,,,,,,,
7495,253101,3,SR,2,294,03-Dec-2023,18:56:18,-22.8045,167.3669,,401677601,-124,56,1,03-Dec-2023,18:52:21,-22.8045,167.3669,518,321,1339,77,80,,,70,14,5,,,,,,,,,,,,,,,,,,,,,,,,,,,,,
7495,253101,3,SR,2,294,03-Dec-2023,18:56:18,-22.8045,167.3669,,401677601,-124,56,0,03-Dec-2023,18:52:43,-22.8045,167.3669,518,321,1339,77,80,,,80,141,32,,,,,,,,,,,,,,,,,,,,,,,,,,,,,
7495,253101,3,SR,2,294,03-Dec-2023,18:56:18,-22.8045,167.3669,,401677601,-124,56,0,03-Dec-2023,18:53:00,-22.8045,167.3669,518,321,1339,77,80,,,108,127,0,,,,,,,,,,,,,,,,,,,,,,,,,,,,,
7495,253101,3,SR,2,294,03-Dec-2023,18:56:18,-22.8045,167.3669,,401677601,-124,56,1,03-Dec-2023,18:53:16,-22.8045,167.3669,518,321,1339,77,80,,,15,1,16,,,,,,,,,,,,,,,,,,,,,,,,,,,,,
7495,253101,3,SR,2,294,03-Dec-2023,18:56:18,-22.8045,167.3669,,401677601,-124,56,0,03-Dec-2023,18:53:47,-22.8045,167.3669,518,321,1339,77,80,,,64,16,5,,,,,,,,,,,,,,,,,,,,,,,,,,,,,
7495,253101,3,SR,2,294,03-Dec-2023,18:56:18,-22.8045,167.3669,,401677601,-124,56,0,03-Dec-2023,18:54:03,-22.8045,167.3669,518,321,1339,77,80,,,83,146,32,,,,,,,,,,,,,,,,,,,,,,,,,,,,,
7495,253101,3,SR,2,294,03-Dec-2023,18:56:18,-22.8045,167.3669,,401677601,-124,56,1,03-Dec-2023,18:54:18,-22.8045,167.3669,518,321,1339,77,80,,,101,131,0,,,,,,,,,,,,,,,,,,,,,,,,,,,,,
7495,253101,3,SR,2,294,03-Dec-2023,18:56:18,-22.8045,167.3669,,401677601,-124,56,0,03-Dec-2023,18:55:04,-22.8045,167.3669,518,321,1339,77,80,,,74,18,5,,,,,,,,,,,,,,,,,,,,,,,,,,,,,
7495,253101,3,SR,2,294,03-Dec-2023,18:56:18,-22.8045,167.3669,,401677601,-124,56,0,03-Dec-2023,18:55:23,-22.8045,167.3669,518,321,1339,77,80,,,82,151,32,,,,,,,,,,,,,,,,,,,,,,,,,,,,,
7495,253101,3,SR,2,294,03-Dec-2023,18:56:18,-22.8045,167.3669,,401677601,-124,56,0,03-Dec-2023,18:55:39,-22.8045,167.3669,518,321,1339,77,80,,,107,133,0,,,,,,,,,,,,,,,,,,,,,,,,,,,,,
7495,253101,3,SR,2,294,03-Dec-2023,18:56:18,-22.8045,167.3669,,401677601,-124,56,5,03-Dec-2023,18:56:18,-22.8045,167.3669,518,321,1339,77,80,,,27,143,28,,,,,,,,,,,,,,,,,,,,,,,,,,,,,
7495,253101,3,A1,2,295,03-Dec-2023,18:54:26,-22.8102,167.3637,,401677601,-123,48,0,03-Dec-2023,18:50:15,-22.8102,167.3637,532,354,1853,67,80,,,15,9,207,,,,,,,,,,,,,,,,,,,,,,,,,,,,,
7495,253101,23,A1,2,295,03-Dec-2023,18:54:26,-22.8102,167.3637,,401677601,-123,48,0,03-Dec-2023,18:50:30,-22.8102,167.3637,532,354,1853,67,80,,,94,80,165,253,232,144,190,81,65,203,134,150,20,65,11,8,1,90,26,208,224,255,128,,,,,,,,,
7495,253101,3,A1,2,295,03-Dec-2023,18:54:26,-22.8102,167.3637,,401677601,-123,48,0,03-Dec-2023,18:51:18,-22.8102,167.3637,532,354,1853,67,80,,,81,136,32,,,,,,,,,,,,,,,,,,,,,,,,,,,,,
7495,253101,3,A1,2,295,03-Dec-2023,18:54:26,-22.8102,167.3637,,401677601,-123,48,0,03-Dec-2023,18:51:33,-22.8102,167.3637,532,354,1853,67,80,,,96,130,0,,,,,,,,,,,,,,,,,,,,,,,,,,,,,
7495,253101,3,A1,2,295,03-Dec-2023,18:54:26,-22.8102,167.3637,,401677601,-123,48,1,03-Dec-2023,18:52:21,-22.8102,167.3637,532,354,1853,67,80,,,70,14,5,,,,,,,,,,,,,,,,,,,,,,,,,,,,,
7495,253101,3,A1,2,295,03-Dec-2023,18:54:26,-22.8102,167.3637,,401677601,-123,48,0,03-Dec-2023,18:52:43,-22.8102,167.3637,532,354,1853,67,80,,,80,141,32,,,,,,,,,,,,,,,,,,,,,,,,,,,,,
7495,253101,3,A1,2,295,03-Dec-2023,18:54:26,-22.8102,167.3637,,401677601,-123,48,0,03-Dec-2023,18:53:00,-22.8102,167.3637,532,354,1853,67,80,,,108,127,0,,,,,,,,,,,,,,,,,,,,,,,,,,,,,
7495,253101,3,A1,2,295,03-Dec-2023,18:54:26,-22.8102,167.3637,,401677601,-123,48,0,03-Dec-2023,18:53:47,-22.8102,167.3637,532,354,1853,67,80,,,64,16,5,,,,,,,,,,,,,,,,,,,,,,,,,,,,,
7495,253101,3,A1,2,295,03-Dec-2023,18:54:26,-22.8102,167.3637,,401677601,-123,48,0,03-Dec-2023,18:54:03,-22.8102,167.3637,532,354,1853,67,80,,,83,146,32,,,,,,,,,,,,,,,,,,,,,,,,,,,,,
7495,253101,3,A1,2,295,03-Dec-2023,18:54:26,-22.8102,167.3637,,401677601,-123,48,0,03-Dec-2023,18:55:23,-22.8102,167.3637,532,354,1853,67,80,,,82,151,32,,,,,,,,,,,,,,,,,,,,,,,,,,,,,
7495,253101,3,A1,2,295,03-Dec-2023,18:54:26,-22.8102,167.3637,,401677601,-123,48,1,03-Dec-2023,18:55:39,-22.8102,167.3637,532,354,1853,67,80,,,107,133,0,,,,,,,,,,,,,,,,,,,,,,,,,,,,,
7495,253101,3,A1,2,295,03-Dec-2023,18:54:26,-22.8102,167.3637,,401677601,-123,48,0,03-Dec-2023,18:56:49,-22.8102,167.3637,532,354,1853,67,80,,,85,156,32,,,,,,,,,,,,,,,,,,,,,,,,,,,,,
7495,253101,3,A1,2,295,03-Dec-2023,18:54:26,-22.8102,167.3637,,401677601,-123,48,0,03-Dec-2023,18:57:14,-22.8102,167.3637,532,354,1853,67,80,,,110,132,0,,,,,,,,,,,,,,,,,,,,,,,,,,,,,
7495,253101,23,A1,2,295,03-Dec-2023,18:54:26,-22.8102,167.3637,,401677601,-123,48,0,03-Dec-2023,18:57:29,-22.8102,167.3637,532,354,1853,67,80,,,90,176,165,253,232,144,190,81,65,204,54,86,84,65,61,8,1,255,26,209,32,255,128,,,,,,,,,
7495,253101,3,A1,2,295,03-Dec-2023,18:54:26,-22.8102,167.3637,,401677601,-123,48,5,03-Dec-2023,18:57:59,-22.8102,167.3637,532,354,1853,67,80,,,27,143,28,,,,,,,,,,,,,,,,,,,,,,,,,,,,,
7495,253101,3,A1,2,295,03-Dec-2023,18:54:26,-22.8102,167.3637,,401677601,-123,48,2,03-Dec-2023,18:58:20,-22.8102,167.3637,532,354,1853,67,80,,,74,18,5,,,,,,,,,,,,,,,,,,,,,,,,,,,,,
7495,253101,3,A1,2,295,03-Dec-2023,18:54:26,-22.8102,167.3637,,401677601,-123,48,0,03-Dec-2023,18:58:35,-22.8102,167.3637,532,354,1853,67,80,,,83,162,32,,,,,,,,,,,,,,,,,,,,,,,,,,,,,
7495,253101,3,A1,2,295,03-Dec-2023,18:54:26,-22.8102,167.3637,,401677601,-123,48,1,03-Dec-2023,18:58:52,-22.8102,167.3637,532,354,1853,67,80,,,101,131,0,,,,,,,,,,,,,,,,,,,,,,,,,,,,,
7495,253101,3,A1,2,295,03-Dec-2023,18:54:26,-22.8102,167.3637,,401677601,-123,48,3,03-Dec-2023,18:59:07,-22.8102,167.3637,532,354,1853,67,80,,,15,1,16,,,,,,,,,,,,,,,,,,,,,,,,,,,,,
7495,253101,3,CS,3,296,03-Dec-2023,18:59:10,-22.8079,167.3513,,401677596,-125,56,0,03-Dec-2023,18:56:49,-22.8079,167.3513,583,179,190,168,10,,,85,156,32,,,,,,,,,,,,,,,,,,,,,,,,,,,,,
7495,253101,3,CS,3,296,03-Dec-2023,18:59:10,-22.8079,167.3513,,401677596,-125,56,0,03-Dec-2023,18:57:14,-22.8079,167.3513,583,179,190,168,10,,,102,147,108,,,,,,,,,,,,,,,,,,,,,,,,,,,,,
7495,253101,3,CS,3,296,03-Dec-2023,18:59:10,-22.8079,167.3513,,401677596,-125,56,0,03-Dec-2023,18:58:20,-22.8079,167.3513,583,179,190,168,10,,,74,18,5,,,,,,,,,,,,,,,,,,,,,,,,,,,,,
7495,253101,3,CS,3,296,03-Dec-2023,18:59:10,-22.8079,167.3513,,401677596,-125,56,0,03-Dec-2023,18:58:35,-22.8079,167.3513,583,179,190,168,10,,,83,162,32,,,,,,,,,,,,,,,,,,,,,,,,,,,,,
7495,253101,3,CS,3,296,03-Dec-2023,18:59:10,-22.8079,167.3513,,401677596,-125,56,0,03-Dec-2023,18:58:52,-22.8079,167.3513,583,179,190,168,10,,,101,131,0,,,,,,,,,,,,,,,,,,,,,,,,,,,,,
7495,253101,3,CS,3,296,03-Dec-2023,18:59:10,-22.8079,167.3513,,401677596,-125,56,0,03-Dec-2023,18:59:54,-22.8079,167.3513,583,179,190,168,10,,,82,167,32,,,,,,,,,,,,,,,,,,,,,,,,,,,,,
7495,253101,3,CS,3,296,03-Dec-2023,18:59:10,-22.8079,167.3513,,401677596,-125,56,0,03-Dec-2023,19:00:57,-22.8079,167.3513,583,179,190,168,10,,,68,20,5,,,,,,,,,,,,,,,,,,,,,,,,,,,,,
7495,253101,3,CS,3,296,03-Dec-2023,18:59:10,-22.8079,167.3513,,401677596,-125,56,0,03-Dec-2023,19:01:13,-22.8079,167.3513,583,179,190,168,10,,,85,172,32,,,,,,,,,,,,,,,,,,,,,,,,,,,,,
7495,253101,3,CS,3,296,03-Dec-2023,18:59:10,-22.8079,167.3513,,401677596,-125,56,1,03-Dec-2023,19:01:28,-22.8079,167.3513,583,179,190,168,10,,,96,130,0,,,,,,,,,,,,,,,,,,,,,,,,,,,,,
7495,253101,3,CS,3,296,03-Dec-2023,18:59:10,-22.8079,167.3513,,401677596,-125,56,3,03-Dec-2023,19:01:43,-22.8079,167.3513,583,179,190,168,10,,,15,1,16,,,,,,,,,,,,,,,,,,,,,,,,,,,,,
7495,253101,3,CS,3,296,03-Dec-2023,18:59:10,-22.8079,167.3513,,401677596,-125,56,1,03-Dec-2023,19:03:18,-22.8079,167.3513,583,179,190,168,10,,,69,17,5,,,,,,,,,,,,,,,,,,,,,,,,,,,,,
7495,253101,3,CS,3,296,03-Dec-2023,18:59:10,-22.8079,167.3513,,401677596,-125,56,0,03-Dec-2023,19:04:03,-22.8079,167.3513,583,179,190,168,10,,,110,132,0,,,,,,,,,,,,,,,,,,,,,,,,,,,,,
7495,253101,3,CS,3,296,03-Dec-2023,18:59:10,-22.8079,167.3513,,401677596,-125,56,3,03-Dec-2023,19:05:51,-22.8079,167.3513,583,179,190,168,10,,,27,143,28,,,,,,,,,,,,,,,,,,,,,,,,,,,,,
7495,253101,3,CS,3,296,03-Dec-2023,18:59:10,-22.8079,167.3513,,401677596,-125,56,0,03-Dec-2023,19:06:16,-22.8079,167.3513,583,179,190,168,10,,,67,15,5,,,,,,,,,,,,,,,,,,,,,,,,,,,,,
7495,253101,3,CS,3,296,03-Dec-2023,18:59:10,-22.8079,167.3513,,401677596,-125,56,0,03-Dec-2023,19:06:32,-22.8079,167.3513,583,179,190,168,10,,,87,182,32,,,,,,,,,,,,,,,,,,,,,,,,,,,,,
7495,253101,3,NK,3,297,03-Dec-2023,19:29:29,-22.7987,167.3654,,401677592,-121,58,0,03-Dec-2023,19:23:28,-22.7987,167.3654,757,100,168,59,102,,,91,229,32,,,,,,,,,,,,,,,,,,,,,,,,,,,,,
7495,253101,3,NK,3,297,03-Dec-2023,19:29:29,-22.7987,167.3654,,401677592,-121,58,0,03-Dec-2023,19:23:45,-22.7987,167.3654,757,100,168,59,102,,,96,130,0,,,,,,,,,,,,,,,,,,,,,,,,,,,,,
7495,253101,3,NK,3,297,03-Dec-2023,19:29:29,-22.7987,167.3654,,401677592,-121,58,0,03-Dec-2023,19:24:04,-22.7987,167.3654,757,100,168,59,102,,,13,33,152,,,,,,,,,,,,,,,,,,,,,,,,,,,,,
7495,253101,23,NK,3,297,03-Dec-2023,19:29:29,-22.7987,167.3654,,401677592,-121,58,0,03-Dec-2023,19:24:45,-22.7987,167.3654,757,100,168,59,102,,,88,144,165,253,232,144,190,81,65,205,234,146,214,65,211,10,1,200,26,209,0,255,128,,,,,,,,,
7495,253101,3,NK,3,297,03-Dec-2023,19:29:29,-22.7987,167.3654,,401677592,-121,58,0,03-Dec-2023,19:25:16,-22.7987,167.3654,757,100,168,59,102,,,93,235,32,,,,,,,,,,,,,,,,,,,,,,,,,,,,,
7495,253101,3,NK,3,297,03-Dec-2023,19:29:29,-22.7987,167.3654,,401677592,-121,58,0,03-Dec-2023,19:25:35,-22.7987,167.3654,757,100,168,59,102,,,110,132,0,,,,,,,,,,,,,,,,,,,,,,,,,,,,,
7495,253101,3,NK,3,297,03-Dec-2023,19:29:29,-22.7987,167.3654,,401677592,-121,58,0,03-Dec-2023,19:26:44,-22.7987,167.3654,757,100,168,59,102,,,90,240,32,,,,,,,,,,,,,,,,,,,,,,,,,,,,,
7495,253101,3,NK,3,297,03-Dec-2023,19:29:29,-22.7987,167.3654,,401677592,-121,58,0,03-Dec-2023,19:27:20,-22.7987,167.3654,757,100,168,59,102,,,106,128,0,,,,,,,,,,,,,,,,,,,,,,,,,,,,,
7495,253101,3,NK,3,297,03-Dec-2023,19:29:29,-22.7987,167.3654,,401677592,-121,58,0,03-Dec-2023,19:28:29,-22.7987,167.3654,757,100,168,59,102,,,91,245,32,,,,,,,,,,,,,,,,,,,,,,,,,,,,,
7495,253101,3,NK,3,297,03-Dec-2023,19:29:29,-22.7987,167.3654,,401677592,-121,58,2,03-Dec-2023,19:29:45,-22.7987,167.3654,757,100,168,59,102,,,69,17,5,,,,,,,,,,,,,,,,,,,,,,,,,,,,,
7495,253101,3,NK,3,297,03-Dec-2023,19:29:29,-22.7987,167.3654,,401677592,-121,58,0,03-Dec-2023,19:30:08,-22.7987,167.3654,757,100,168,59,102,,,88,250,32,,,,,,,,,,,,,,,,,,,,,,,,,,,,,
7495,253101,3,NK,3,297,03-Dec-2023,19:29:29,-22.7987,167.3654,,401677592,-121,58,0,03-Dec-2023,19:30:23,-22.7987,167.3654,757,100,168,59,102,,,100,134,0,,,,,,,,,,,,,,,,,,,,,,,,,,,,,
7495,253101,3,NK,3,297,03-Dec-2023,19:29:29,-22.7987,167.3654,,401677592,-121,58,0,03-Dec-2023,19:31:55,-22.7987,167.3654,757,100,168,59,102,,,89,255,32,,,,,,,,,,,,,,,,,,,,,,,,,,,,,
7495,253101,3,NK,3,297,03-Dec-2023,19:29:29,-22.7987,167.3654,,401677592,-121,58,0,03-Dec-2023,19:33:29,-22.7987,167.3654,757,100,168,59,102,,,67,15,5,,,,,,,,,,,,,,,,,,,,,,,,,,,,,
7495,253101,3,NK,3,297,03-Dec-2023,19:29:29,-22.7987,167.3654,,401677592,-121,58,0,03-Dec-2023,19:33:46,-22.7987,167.3654,757,100,168,59,102,,,93,5,33,,,,,,,,,,,,,,,,,,,,,,,,,,,,,
7495,253101,3,NK,3,297,03-Dec-2023,19:29:29,-22.7987,167.3654,,401677592,-121,58,0,03-Dec-2023,19:34:24,-22.7987,167.3654,757,100,168,59,102,,,15,16,20,,,,,,,,,,,,,,,,,,,,,,,,,,,,,
7495,253101,3,NK,3,297,03-Dec-2023,19:29:29,-22.7987,167.3654,,401677592,-121,58,3,03-Dec-2023,19:34:56,-22.7987,167.3654,757,100,168,59,102,,,64,16,5,,,,,,,,,,,,,,,,,,,,,,,,,,,,,
7495,253101,3,NK,3,297,03-Dec-2023,19:29:29,-22.7987,167.3654,,401677592,-121,58,0,03-Dec-2023,19:35:11,-22.7987,167.3654,757,100,168,59,102,,,94,10,33,,,,,,,,,,,,,,,,,,,,,,,,,,,,,
7495,253101,3,NK,3,297,03-Dec-2023,19:29:29,-22.7987,167.3654,,401677592,-121,58,3,03-Dec-2023,19:35:34,-22.7987,167.3654,757,100,168,59,102,,,107,133,0,,,,,,,,,,,,,,,,,,,,,,,,,,,,,
7495,253101,3,NK,3,297,03-Dec-2023,19:29:29,-22.7987,167.3654,,401677592,-121,58,5,03-Dec-2023,19:35:50,-22.7987,167.3654,757,100,168,59,102,,,15,1,16,,,,,,,,,,,,,,,,,,,,,,,,,,,,,
7495,253101,3,NK,3,297,03-Dec-2023,19:29:29,-22.7987,167.3654,,401677592,-121,58,6,03-Dec-2023,19:36:05,-22.7987,167.3654,757,100,168,59,102,,,27,143,28,,,,,,,,,,,,,,,,,,,,,,,,,,,,,
7495,253101,3,NP,1,298,03-Dec-2023,20:01:07,-22.7898,167.3613,,401677590,-130,58,0,03-Dec-2023,19:58:50,-22.7898,167.3613,383,531,1259,223,174,,,106,128,0,,,,,,,,,,,,,,,,,,,,,,,,,,,,,
7495,253101,23,NP,1,298,03-Dec-2023,20:01:07,-22.7898,167.3613,,401677590,-130,58,0,03-Dec-2023,19:59:26,-22.7898,167.3613,383,531,1259,223,174,,,68,208,165,253,232,144,190,81,65,208,85,217,148,66,55,10,1,255,26,208,208,255,128,,,,,,,,,
7495,253101,3,NP,1,298,03-Dec-2023,20:01:07,-22.7898,167.3613,,401677590,-130,58,0,03-Dec-2023,20:00:44,-22.7898,167.3613,383,531,1259,223,174,,,95,31,33,,,,,,,,,,,,,,,,,,,,,,,,,,,,,
7495,253101,3,NP,1,298,03-Dec-2023,20:01:07,-22.7898,167.3613,,401677590,-130,58,0,03-Dec-2023,20:02:29,-22.7898,167.3613,383,531,1259,223,174,,,88,36,33,,,,,,,,,,,,,,,,,,,,,,,,,,,,,
7495,253101,3,NP,1,298,03-Dec-2023,20:01:07,-22.7898,167.3613,,401677590,-130,58,2,03-Dec-2023,20:03:21,-22.7898,167.3613,383,531,1259,223,174,,,15,1,16,,,,,,,,,,,,,,,,,,,,,,,,,,,,,
7495,253101,3,NP,1,298,03-Dec-2023,20:01:07,-22.7898,167.3613,,401677590,-130,58,0,03-Dec-2023,20:03:49,-22.7898,167.3613,383,531,1259,223,174,,,27,143,28,,,,,,,,,,,,,,,,,,,,,,,,,,,,,
7495,253101,3,NP,1,298,03-Dec-2023,20:01:07,-22.7898,167.3613,,401677590,-130,58,0,03-Dec-2023,20:04:09,-22.7898,167.3613,383,531,1259,223,174,,,64,16,5,,,,,,,,,,,,,,,,,,,,,,,,,,,,,
7495,253101,3,NP,1,298,03-Dec-2023,20:01:07,-22.7898,167.3613,,401677590,-130,58,0,03-Dec-2023,20:04:43,-22.7898,167.3613,383,531,1259,223,174,,,81,41,33,,,,,,,,,,,,,,,,,,,,,,,,,,,,,
7495,253101,3,NP,1,298,03-Dec-2023,20:01:07,-22.7898,167.3613,,401677590,-130,58,1,03-Dec-2023,20:05:13,-22.7898,167.3613,383,531,1259,223,174,,,110,132,0,,,,,,,,,,,,,,,,,,,,,,,,,,,,,
7495,253101,3,NP,B,299,04-Dec-2023,10:09:16,-22.8044,167.2586,,401677601,-131,,0,04-Dec-2023,10:09:16,-22.8044,167.2586,703,7831,55314,1108,168,,,80,60,33,,,,,,,,,,,,,,,,,,,,,,,,,,,,,
7495,253101,31,NP,B,299,04-Dec-2023,10:09:16,-22.8044,167.2586,,401677601,-131,,0,04-Dec-2023,10:20:59,-22.8044,167.2586,703,7831,55314,1108,168,,,42,240,96,14,14,224,0,14,14,14,238,224,2,14,238,169,240,64,224,0,224,16,238,0,0,14,2,48,238,238,44,
7495,253101,3,MB,B,300,04-Dec-2023,10:09:16,-22.7657,167.2531,,401677603,-133,,0,04-Dec-2023,10:09:16,-22.7657,167.2531,,13931,170646,1137,171,,,80,60,33,,,,,,,,,,,,,,,,,,,,,,,,,,,,,
7495,253101,31,NN,B,301,04-Dec-2023,10:20:58,-22.6428,167.2349,,401677609,-132,6,0,04-Dec-2023,10:20:59,-22.6428,167.2349,,3434,14811,796,169,,,42,240,96,14,14,224,0,14,14,14,238,224,2,14,238,169,240,64,224,0,224,16,238,0,0,14,2,48,238,238,44,
7495,253101,31,CS,B,302,05-Dec-2023,06:43:49,-22.6171,167.2175,,401677579,-135,,0,05-Dec-2023,06:43:50,-22.6171,167.2175,,5188,5615,4793,179,,,42,240,96,14,14,224,0,14,14,14,238,224,2,14,238,169,240,64,224,0,224,16,238,0,0,14,2,48,238,238,44,
7495,253101,3,NK,A,303,05-Dec-2023,09:08:25,-22.8982,167.0639,,401677605,-122,7,0,05-Dec-2023,09:07:35,-22.8982,167.0639,128,1124,4784,264,11,,,15,1,16,,,,,,,,,,,,,,,,,,,,,,,,,,,,,
7495,253101,31,NK,A,303,05-Dec-2023,09:08:25,-22.8982,167.0639,,401677605,-122,7,0,05-Dec-2023,09:07:57,-22.8982,167.0639,128,1124,4784,264,11,,,42,240,96,14,14,224,0,14,14,14,238,224,2,14,238,169,240,64,224,0,224,16,254,164,42,174,96,35,27,55,244,
7495,253101,3,NK,A,303,05-Dec-2023,09:08:25,-22.8982,167.0639,,401677605,-122,7,0,05-Dec-2023,09:09:43,-22.8982,167.0639,128,1124,4784,264,11,,,94,85,33,,,,,,,,,,,,,,,,,,,,,,,,,,,,,
7495,253101,31,NN,B,304,05-Dec-2023,11:57:30,-22.9598,166.9827,,401677596,-130,,0,05-Dec-2023,11:57:30,-22.9598,166.9827,,2789,3767,2064,63,,,42,240,96,14,14,224,0,14,14,14,238,224,2,14,238,169,240,64,224,0,224,16,238,0,4,138,111,213,138,233,213,
7495,253101,31,O3,B,305,05-Dec-2023,11:57:30,-22.9809,166.9932,,401677642,-127,7,0,05-Dec-2023,11:57:30,-22.9809,166.9932,,4167,4908,3537,63,,,42,240,96,14,14,224,0,14,14,14,238,224,2,14,238,169,240,64,224,0,224,16,238,0,0,12,223,188,190,94,77,
7495,253101,3,MC,B,306,05-Dec-2023,12:15:52,-22.9793,166.9922,,401677632,-131,6,0,05-Dec-2023,12:15:53,-22.9793,166.9922,,3087,3657,2605,63,,,15,7,18,,,,,,,,,,,,,,,,,,,,,,,,,,,,,
7495,253101,31,SR,B,307,06-Dec-2023,04:54:30,-22.7530,167.0844,,401677568,-133,,0,06-Dec-2023,04:54:30,-22.7530,167.0844,,3736,6650,2098,105,,,42,240,160,238,238,238,14,0,238,238,238,14,238,238,238,200,240,128,238,238,14,224,14,14,224,238,238,238,238,238,109,
7495,253101,31,CS,1,308,06-Dec-2023,05:55:53,-22.6448,166.9957,,401677595,-127,55,0,06-Dec-2023,05:53:38,-22.6448,166.9957,243,767,3190,184,69,,,42,240,96,14,14,224,38,108,155,38,205,147,100,155,38,201,140,123,219,246,15,237,9,247,255,241,253,231,144,1,209,
7495,253101,31,CS,1,308,06-Dec-2023,05:55:53,-22.6448,166.9957,,401677595,-127,55,0,06-Dec-2023,05:54:44,-22.6448,166.9957,243,767,3190,184,69,,,42,240,160,238,206,232,237,28,20,10,149,204,225,2,153,9,6,250,135,99,19,71,184,165,248,145,141,107,108,129,159,
7495,253101,3,CS,1,308,06-Dec-2023,05:55:53,-22.6448,166.9957,,401677595,-127,55,0,06-Dec-2023,05:55:10,-22.6448,166.9957,243,767,3190,184,69,,,27,143,28,,,,,,,,,,,,,,,,,,,,,,,,,,,,,
7495,253101,3,CS,1,308,06-Dec-2023,05:55:53,-22.6448,166.9957,,401677595,-127,55,0,06-Dec-2023,05:56:44,-22.6448,166.9957,243,767,3190,184,69,,,91,100,33,,,,,,,,,,,,,,,,,,,,,,,,,,,,,
7495,253101,3,CS,1,308,06-Dec-2023,05:55:53,-22.6448,166.9957,,401677595,-127,55,0,06-Dec-2023,05:57:22,-22.6448,166.9957,243,767,3190,184,69,,,100,134,0,,,,,,,,,,,,,,,,,,,,,,,,,,,,,
7495,253101,23,CS,1,308,06-Dec-2023,05:55:53,-22.6448,166.9957,,401677595,-127,55,0,06-Dec-2023,05:57:41,-22.6448,166.9957,243,767,3190,184,69,,,65,144,165,253,232,144,190,81,67,24,59,86,148,66,205,12,17,255,26,209,144,255,128,,,,,,,,,
7495,253101,3,SR,0,309,06-Dec-2023,06:37:38,-22.6246,166.9828,,401677596,-127,48,0,06-Dec-2023,06:36:56,-22.6246,166.9828,102,4831,8300,2811,95,,,27,143,28,,,,,,,,,,,,,,,,,,,,,,,,,,,,,
7495,253101,3,SR,0,309,06-Dec-2023,06:37:38,-22.6246,166.9828,,401677596,-127,48,0,06-Dec-2023,06:37:12,-22.6246,166.9828,102,4831,8300,2811,95,,,75,205,157,,,,,,,,,,,,,,,,,,,,,,,,,,,,,
7495,253101,3,SR,0,309,06-Dec-2023,06:37:38,-22.6246,166.9828,,401677596,-127,48,0,06-Dec-2023,06:37:47,-22.6246,166.9828,102,4831,8300,2811,95,,,93,106,33,,,,,,,,,,,,,,,,,,,,,,,,,,,,,
7495,253101,31,SR,0,309,06-Dec-2023,06:37:38,-22.6246,166.9828,,401677596,-127,48,0,06-Dec-2023,06:38:38,-22.6246,166.9828,102,4831,8300,2811,95,,,42,240,160,238,238,238,14,1,238,238,254,14,238,238,238,200,240,128,238,238,14,226,14,15,226,22,185,91,149,227,207,
7495,253101,3,NK,A,310,06-Dec-2023,06:59:19,-22.6115,166.9750,,401677588,-135,6,0,06-Dec-2023,06:59:02,-22.6115,166.9750,38,2949,4659,1866,87,,,67,15,5,,,,,,,,,,,,,,,,,,,,,,,,,,,,,
7495,253101,3,NK,A,310,06-Dec-2023,06:59:19,-22.6115,166.9750,,401677588,-135,6,0,06-Dec-2023,06:59:18,-22.6115,166.9750,38,2949,4659,1866,87,,,94,117,33,,,,,,,,,,,,,,,,,,,,,,,,,,,,,
7495,253101,3,NK,A,310,06-Dec-2023,06:59:19,-22.6115,166.9750,,401677588,-135,6,0,06-Dec-2023,06:59:40,-22.6115,166.9750,38,2949,4659,1866,87,,,107,133,0,,,,,,,,,,,,,,,,,,,,,,,,,,,,,
7495,253101,3,A1,2,311,06-Dec-2023,17:50:26,-22.4333,166.8961,,401677592,-134,58,0,06-Dec-2023,17:47:38,-22.4333,166.8961,331,451,1363,149,177,,,75,23,5,,,,,,,,,,,,,,,,,,,,,,,,,,,,,
7495,253101,3,A1,2,311,06-Dec-2023,17:50:26,-22.4333,166.8961,,401677592,-134,58,0,06-Dec-2023,17:48:11,-22.4333,166.8961,331,451,1363,149,177,,,82,73,143,,,,,,,,,,,,,,,,,,,,,,,,,,,,,
7495,253101,3,A1,2,311,06-Dec-2023,17:50:26,-22.4333,166.8961,,401677592,-134,58,0,06-Dec-2023,17:49:02,-22.4333,166.8961,331,451,1363,149,177,,,101,131,0,,,,,,,,,,,,,,,,,,,,,,,,,,,,,
7495,253101,3,A1,2,311,06-Dec-2023,17:50:26,-22.4333,166.8961,,401677592,-134,58,0,06-Dec-2023,17:51:49,-22.4333,166.8961,331,451,1363,149,177,,,81,135,33,,,,,,,,,,,,,,,,,,,,,,,,,,,,,
7495,253101,3,A1,2,311,06-Dec-2023,17:50:26,-22.4333,166.8961,,401677592,-134,58,0,06-Dec-2023,17:52:52,-22.4333,166.8961,331,451,1363,149,177,,,15,1,16,,,,,,,,,,,,,,,,,,,,,,,,,,,,,
7495,253101,3,A1,2,311,06-Dec-2023,17:50:26,-22.4333,166.8961,,401677592,-134,58,0,06-Dec-2023,17:53:09,-22.4333,166.8961,331,451,1363,149,177,,,27,143,28,,,,,,,,,,,,,,,,,,,,,,,,,,,,,
7495,253101,3,NK,B,312,06-Dec-2023,18:12:26,-22.4361,166.9005,,401677561,-137,6,0,06-Dec-2023,18:12:26,-22.4361,166.9005,157,1001,1872,534,30,,,86,156,33,,,,,,,,,,,,,,,,,,,,,,,,,,,,,
7495,253101,3,NK,B,312,06-Dec-2023,18:12:26,-22.4361,166.9005,,401677561,-137,6,0,06-Dec-2023,18:15:03,-22.4361,166.9005,157,1001,1872,534,30,,,78,22,5,,,,,,,,,,,,,,,,,,,,,,,,,,,,,
7495,253101,3,CS,0,313,07-Dec-2023,17:55:16,-22.8281,167.3105,,401677594,-126,40,0,07-Dec-2023,17:52:07,-22.8281,167.3105,569,3715,55278,249,99,,,76,12,5,,,,,,,,,,,,,,,,,,,,,,,,,,,,,
7495,253101,3,CS,0,313,07-Dec-2023,17:55:16,-22.8281,167.3105,,401677594,-126,40,0,07-Dec-2023,17:53:21,-22.8281,167.3105,569,3715,55278,249,99,,,83,226,33,,,,,,,,,,,,,,,,,,,,,,,,,,,,,
7495,253101,23,CS,0,313,07-Dec-2023,17:55:16,-22.8281,167.3105,,401677594,-126,40,0,07-Dec-2023,17:53:41,-22.8281,167.3105,569,3715,55278,249,99,,,72,48,165,253,232,144,190,81,67,199,188,208,214,67,199,10,5,234,26,208,224,255,128,,,,,,,,,
7495,253101,3,CS,0,313,07-Dec-2023,17:55:16,-22.8281,167.3105,,401677594,-126,40,0,07-Dec-2023,17:54:48,-22.8281,167.3105,569,3715,55278,249,99,,,27,143,28,,,,,,,,,,,,,,,,,,,,,,,,,,,,,
7495,253101,3,CS,0,313,07-Dec-2023,17:55:16,-22.8281,167.3105,,401677594,-126,40,0,07-Dec-2023,17:55:18,-22.8281,167.3105,569,3715,55278,249,99,,,73,13,5,,,,,,,,,,,,,,,,,,,,,,,,,,,,,
7495,253101,3,CS,0,313,07-Dec-2023,17:55:16,-22.8281,167.3105,,401677594,-126,40,1,07-Dec-2023,17:58:10,-22.8281,167.3105,569,3715,55278,249,99,,,107,133,0,,,,,,,,,,,,,,,,,,,,,,,,,,,,,
7495,253101,3,CS,0,313,07-Dec-2023,17:55:16,-22.8281,167.3105,,401677594,-126,40,1,07-Dec-2023,18:01:36,-22.8281,167.3105,569,3715,55278,249,99,,,15,1,16,,,,,,,,,,,,,,,,,,,,,,,,,,,,,
7495,253101,31,SR,1,314,07-Dec-2023,18:26:34,-22.8226,167.2530,,401677589,-124,58,0,07-Dec-2023,18:24:16,-22.8226,167.2530,289,681,4473,103,77,,,42,240,160,238,238,238,14,0,238,238,238,14,238,238,255,109,242,64,47,87,160,170,234,46,193,140,77,40,8,152,221,
7495,253101,3,SR,1,314,07-Dec-2023,18:26:34,-22.8226,167.2530,,401677589,-124,58,0,07-Dec-2023,18:24:41,-22.8226,167.2530,289,681,4473,103,77,,,95,238,33,,,,,,,,,,,,,,,,,,,,,,,,,,,,,
7495,253101,3,SR,1,314,07-Dec-2023,18:26:34,-22.8226,167.2530,,401677589,-124,58,0,07-Dec-2023,18:24:56,-22.8226,167.2530,289,681,4473,103,77,,,108,127,0,,,,,,,,,,,,,,,,,,,,,,,,,,,,,
7495,253101,3,SR,1,314,07-Dec-2023,18:26:34,-22.8226,167.2530,,401677589,-124,58,0,07-Dec-2023,18:26:31,-22.8226,167.2530,289,681,4473,103,77,,,110,132,0,,,,,,,,,,,,,,,,,,,,,,,,,,,,,
7495,253101,3,SR,1,314,07-Dec-2023,18:26:34,-22.8226,167.2530,,401677589,-124,58,0,07-Dec-2023,18:28:18,-22.8226,167.2530,289,681,4473,103,77,,,107,133,0,,,,,,,,,,,,,,,,,,,,,,,,,,,,,
7495,253101,3,SR,1,314,07-Dec-2023,18:26:34,-22.8226,167.2530,,401677589,-124,58,2,07-Dec-2023,18:28:49,-22.8226,167.2530,289,681,4473,103,77,,,27,143,28,,,,,,,,,,,,,,,,,,,,,,,,,,,,,
7495,253101,23,SR,1,314,07-Dec-2023,18:26:34,-22.8226,167.2530,,401677589,-124,58,0,07-Dec-2023,18:29:05,-22.8226,167.2530,289,681,4473,103,77,,,83,80,165,253,232,144,190,81,67,202,51,208,209,121,195,210,142,58,201,66,44,35,37,,,,,,,,,
7495,253101,31,NK,B,315,07-Dec-2023,19:25:32,-22.8422,167.2068,,401677609,-124,7,0,07-Dec-2023,19:25:21,-22.8422,167.2068,23,2238,5233,957,115,,,42,240,160,238,238,238,14,0,234,109,214,146,18,240,112,83,167,85,180,155,153,2,51,214,102,41,80,156,159,18,102,
7495,253101,3,NK,B,315,07-Dec-2023,19:25:32,-22.8422,167.2068,,401677609,-124,7,0,07-Dec-2023,19:25:44,-22.8422,167.2068,23,2238,5233,957,115,,,27,143,29,,,,,,,,,,,,,,,,,,,,,,,,,,,,,
7495,253101,3,SR,1,316,07-Dec-2023,19:59:47,-22.8867,167.2354,,401677593,-129,58,0,07-Dec-2023,19:57:54,-22.8867,167.2354,328,791,3238,193,109,,,110,132,0,,,,,,,,,,,,,,,,,,,,,,,,,,,,,
7495,253101,3,SR,1,316,07-Dec-2023,19:59:47,-22.8867,167.2354,,401677593,-129,58,0,07-Dec-2023,19:58:13,-22.8867,167.2354,328,791,3238,193,109,,,15,1,16,,,,,,,,,,,,,,,,,,,,,,,,,,,,,
7495,253101,3,SR,1,316,07-Dec-2023,19:59:47,-22.8867,167.2354,,401677593,-129,58,0,07-Dec-2023,19:59:43,-22.8867,167.2354,328,791,3238,193,109,,,67,15,5,,,,,,,,,,,,,,,,,,,,,,,,,,,,,
7495,253101,3,SR,1,316,07-Dec-2023,19:59:47,-22.8867,167.2354,,401677593,-129,58,0,07-Dec-2023,20:03:22,-22.8867,167.2354,328,791,3238,193,109,,,100,134,0,,,,,,,,,,,,,,,,,,,,,,,,,,,,,
7495,253101,3,SR,0,317,08-Dec-2023,05:33:32,-22.8653,167.2437,,401677589,-130,46,0,08-Dec-2023,05:30:55,-22.8653,167.2437,332,2099,9505,463,94,,,15,1,16,,,,,,,,,,,,,,,,,,,,,,,,,,,,,
7495,253101,3,SR,0,317,08-Dec-2023,05:33:32,-22.8653,167.2437,,401677589,-130,46,0,08-Dec-2023,05:32:12,-22.8653,167.2437,332,2099,9505,463,94,,,67,15,5,,,,,,,,,,,,,,,,,,,,,,,,,,,,,
7495,253101,3,SR,0,317,08-Dec-2023,05:33:32,-22.8653,167.2437,,401677589,-130,46,0,08-Dec-2023,05:34:34,-22.8653,167.2437,332,2099,9505,463,94,,,92,143,34,,,,,,,,,,,,,,,,,,,,,,,,,,,,,
7495,253101,3,SR,0,317,08-Dec-2023,05:33:32,-22.8653,167.2437,,401677589,-130,46,0,08-Dec-2023,05:36:27,-22.8653,167.2437,332,2099,9505,463,94,,,110,133,0,,,,,,,,,,,,,,,,,,,,,,,,,,,,,
7495,253101,3,A1,B,318,08-Dec-2023,05:30:55,-22.9291,167.2139,,401677545,-140,8,0,08-Dec-2023,05:30:55,-22.9291,167.2139,,5716,10667,3062,109,,,15,1,16,,,,,,,,,,,,,,,,,,,,,,,,,,,,,
7495,253101,3,CS,1,319,08-Dec-2023,06:16:12,-22.8664,167.2437,,401677589,-124,58,0,08-Dec-2023,06:08:59,-22.8664,167.2437,666,1232,2760,550,56,,,93,186,34,,,,,,,,,,,,,,,,,,,,,,,,,,,,,
7495,253101,3,CS,1,319,08-Dec-2023,06:16:12,-22.8664,167.2437,,401677589,-124,58,0,08-Dec-2023,06:09:51,-22.8664,167.2437,666,1232,2760,550,56,,,110,132,0,,,,,,,,,,,,,,,,,,,,,,,,,,,,,
7495,253101,3,CS,1,319,08-Dec-2023,06:16:12,-22.8664,167.2437,,401677589,-124,58,0,08-Dec-2023,06:17:41,-22.8664,167.2437,666,1232,2760,550,56,,,27,143,28,,,,,,,,,,,,,,,,,,,,,,,,,,,,,
7495,253101,3,CS,1,319,08-Dec-2023,06:16:12,-22.8664,167.2437,,401677589,-124,58,1,08-Dec-2023,06:18:24,-22.8664,167.2437,666,1232,2760,550,56,,,67,15,5,,,,,,,,,,,,,,,,,,,,,,,,,,,,,
7495,253101,23,CS,1,319,08-Dec-2023,06:16:12,-22.8664,167.2437,,401677589,-124,58,0,08-Dec-2023,06:19:10,-22.8664,167.2437,666,1232,2760,550,56,,,69,112,165,253,232,144,190,81,68,25,149,83,212,69,137,8,11,255,26,208,252,141,254,,,,,,,,,
7495,253101,3,CS,1,319,08-Dec-2023,06:16:12,-22.8664,167.2437,,401677589,-124,58,0,08-Dec-2023,06:19:31,-22.8664,167.2437,666,1232,2760,550,56,,,93,197,34,,,,,,,,,,,,,,,,,,,,,,,,,,,,,
7495,253101,3,CS,1,319,08-Dec-2023,06:16:12,-22.8664,167.2437,,401677589,-124,58,0,08-Dec-2023,06:19:48,-22.8664,167.2437,666,1232,2760,550,56,,,106,128,0,,,,,,,,,,,,,,,,,,,,,,,,,,,,,
7495,253101,3,CS,1,319,08-Dec-2023,06:16:12,-22.8664,167.2437,,401677589,-124,58,1,08-Dec-2023,06:20:05,-22.8664,167.2437,666,1232,2760,550,56,,,15,1,16,,,,,,,,,,,,,,,,,,,,,,,,,,,,,
7495,253101,3,A1,2,320,08-Dec-2023,07:05:04,-22.8938,167.2404,,401677587,-125,46,0,08-Dec-2023,07:02:51,-22.8938,167.2404,310,343,671,175,122,,,76,12,5,,,,,,,,,,,,,,,,,,,,,,,,,,,,,
7495,253101,3,A1,2,320,08-Dec-2023,07:05:04,-22.8938,167.2404,,401677587,-125,46,0,08-Dec-2023,07:03:22,-22.8938,167.2404,310,343,671,175,122,,,94,234,34,,,,,,,,,,,,,,,,,,,,,,,,,,,,,
7495,253101,3,A1,2,320,08-Dec-2023,07:05:04,-22.8938,167.2404,,401677587,-125,46,0,08-Dec-2023,07:04:53,-22.8938,167.2404,310,343,671,175,122,,,95,239,34,,,,,,,,,,,,,,,,,,,,,,,,,,,,,
7495,253101,3,A1,2,320,08-Dec-2023,07:05:04,-22.8938,167.2404,,401677587,-125,46,1,08-Dec-2023,07:05:13,-22.8938,167.2404,310,343,671,175,122,,,110,132,0,,,,,,,,,,,,,,,,,,,,,,,,,,,,,
7495,253101,3,A1,2,320,08-Dec-2023,07:05:04,-22.8938,167.2404,,401677587,-125,46,1,08-Dec-2023,07:05:50,-22.8938,167.2404,310,343,671,175,122,,,27,143,28,,,,,,,,,,,,,,,,,,,,,,,,,,,,,
7495,253101,3,A1,2,320,08-Dec-2023,07:05:04,-22.8938,167.2404,,401677587,-125,46,0,08-Dec-2023,07:06:05,-22.8938,167.2404,310,343,671,175,122,,,70,14,5,,,,,,,,,,,,,,,,,,,,,,,,,,,,,
7495,253101,3,A1,2,320,08-Dec-2023,07:05:04,-22.8938,167.2404,,401677587,-125,46,0,08-Dec-2023,07:06:23,-22.8938,167.2404,310,343,671,175,122,,,88,244,34,,,,,,,,,,,,,,,,,,,,,,,,,,,,,
7495,253101,3,A1,2,320,08-Dec-2023,07:05:04,-22.8938,167.2404,,401677587,-125,46,0,08-Dec-2023,07:08:01,-22.8938,167.2404,310,343,671,175,122,,,50,222,98,,,,,,,,,,,,,,,,,,,,,,,,,,,,,
7495,253101,3,SR,2,321,08-Dec-2023,07:03:34,-22.8863,167.2381,,401677595,-138,48,0,08-Dec-2023,07:03:22,-22.8863,167.2381,718,253,398,160,84,,,30,234,34,,,,,,,,,,,,,,,,,,,,,,,,,,,,,
7495,253101,3,SR,2,321,08-Dec-2023,07:03:34,-22.8863,167.2381,,401677595,-138,48,0,08-Dec-2023,07:03:47,-22.8863,167.2381,718,253,398,160,84,,,110,132,0,,,,,,,,,,,,,,,,,,,,,,,,,,,,,
7495,253101,3,SR,2,321,08-Dec-2023,07:03:34,-22.8863,167.2381,,401677595,-138,48,0,08-Dec-2023,07:04:53,-22.8863,167.2381,718,253,398,160,84,,,95,239,34,,,,,,,,,,,,,,,,,,,,,,,,,,,,,
7495,253101,3,SR,2,321,08-Dec-2023,07:03:34,-22.8863,167.2381,,401677595,-138,48,0,08-Dec-2023,07:05:28,-22.8863,167.2381,718,253,398,160,84,,,8,167,85,,,,,,,,,,,,,,,,,,,,,,,,,,,,,
7495,253101,3,SR,2,321,08-Dec-2023,07:03:34,-22.8863,167.2381,,401677595,-138,48,0,08-Dec-2023,07:06:23,-22.8863,167.2381,718,253,398,160,84,,,88,244,34,,,,,,,,,,,,,,,,,,,,,,,,,,,,,
7495,253101,3,SR,2,321,08-Dec-2023,07:03:34,-22.8863,167.2381,,401677595,-138,48,0,08-Dec-2023,07:08:01,-22.8863,167.2381,718,253,398,160,84,,,184,82,116,,,,,,,,,,,,,,,,,,,,,,,,,,,,,
7495,253101,3,SR,2,321,08-Dec-2023,07:03:34,-22.8863,167.2381,,401677595,-138,48,0,08-Dec-2023,07:08:51,-22.8863,167.2381,718,253,398,160,84,,,223,234,155,,,,,,,,,,,,,,,,,,,,,,,,,,,,,
7495,253101,3,SR,2,321,08-Dec-2023,07:03:34,-22.8863,167.2381,,401677595,-138,48,2,08-Dec-2023,07:09:19,-22.8863,167.2381,718,253,398,160,84,,,110,132,0,,,,,,,,,,,,,,,,,,,,,,,,,,,,,
7495,253101,3,SR,2,321,08-Dec-2023,07:03:34,-22.8863,167.2381,,401677595,-138,48,0,08-Dec-2023,07:10:39,-22.8863,167.2381,718,253,398,160,84,,,95,255,34,,,,,,,,,,,,,,,,,,,,,,,,,,,,,
7495,253101,3,SR,2,321,08-Dec-2023,07:03:34,-22.8863,167.2381,,401677595,-138,48,1,08-Dec-2023,07:11:25,-22.8863,167.2381,718,253,398,160,84,,,15,1,16,,,,,,,,,,,,,,,,,,,,,,,,,,,,,
7495,253101,3,SR,2,321,08-Dec-2023,07:03:34,-22.8863,167.2381,,401677595,-138,48,2,08-Dec-2023,07:12:15,-22.8863,167.2381,718,253,398,160,84,,,70,14,5,,,,,,,,,,,,,,,,,,,,,,,,,,,,,
7495,253101,3,SR,2,321,08-Dec-2023,07:03:34,-22.8863,167.2381,,401677595,-138,48,0,08-Dec-2023,07:12:40,-22.8863,167.2381,718,253,398,160,84,,,94,4,35,,,,,,,,,,,,,,,,,,,,,,,,,,,,,
7495,253101,31,SR,2,321,08-Dec-2023,07:03:34,-22.8863,167.2381,,401677595,-138,48,0,08-Dec-2023,07:13:03,-22.8863,167.2381,718,253,398,160,84,,,42,240,224,238,224,238,238,238,238,238,238,224,14,14,238,120,240,192,238,238,224,0,238,238,14,238,224,14,238,238,19,
7495,253101,3,SR,2,321,08-Dec-2023,07:03:34,-22.8863,167.2381,,401677595,-138,48,0,08-Dec-2023,07:13:21,-22.8863,167.2381,718,253,398,160,84,,,107,133,0,,,,,,,,,,,,,,,,,,,,,,,,,,,,,
7495,253101,3,SR,2,321,08-Dec-2023,07:03:34,-22.8863,167.2381,,401677595,-138,48,4,08-Dec-2023,07:14:11,-22.8863,167.2381,718,253,398,160,84,,,27,143,28,,,,,,,,,,,,,,,,,,,,,,,,,,,,,
7495,253101,3,SR,2,321,08-Dec-2023,07:03:34,-22.8863,167.2381,,401677595,-138,48,0,08-Dec-2023,07:15:20,-22.8863,167.2381,718,253,398,160,84,,,88,10,34,,,,,,,,,,,,,,,,,,,,,,,,,,,,,
7495,253101,31,NK,B,322,08-Dec-2023,07:56:15,-22.9065,167.2337,,401677593,-127,8,0,08-Dec-2023,07:56:16,-22.9065,167.2337,,7009,7555,6501,85,,,42,240,224,238,224,238,238,238,238,238,238,224,14,14,238,120,240,192,238,238,224,0,238,238,14,238,224,14,238,238,19,
7495,253101,3,A1,1,323,08-Dec-2023,20:14:38,-22.9000,167.3545,,401677598,-135,50,0,08-Dec-2023,20:13:03,-22.9000,167.3545,219,1205,3960,366,166,,,15,1,24,,,,,,,,,,,,,,,,,,,,,,,,,,,,,
7495,253101,3,A1,1,323,08-Dec-2023,20:14:38,-22.9000,167.3545,,401677598,-135,50,0,08-Dec-2023,20:13:41,-22.9000,167.3545,219,1205,3960,366,166,,,27,143,28,,,,,,,,,,,,,,,,,,,,,,,,,,,,,
7495,253101,3,A1,1,323,08-Dec-2023,20:14:38,-22.9000,167.3545,,401677598,-135,50,0,08-Dec-2023,20:14:04,-22.9000,167.3545,219,1205,3960,366,166,,,64,16,5,,,,,,,,,,,,,,,,,,,,,,,,,,,,,
7495,253101,3,A1,1,323,08-Dec-2023,20:14:38,-22.9000,167.3545,,401677598,-135,50,0,08-Dec-2023,20:15:45,-22.9000,167.3545,219,1205,3960,366,166,,,13,170,25,,,,,,,,,,,,,,,,,,,,,,,,,,,,,
7495,253101,3,A1,1,323,08-Dec-2023,20:14:38,-22.9000,167.3545,,401677598,-135,50,0,08-Dec-2023,20:16:42,-22.9000,167.3545,219,1205,3960,366,166,,,85,76,35,,,,,,,,,,,,,,,,,,,,,,,,,,,,,
7495,253101,3,NP,3,324,08-Dec-2023,20:48:04,-22.8844,167.3442,,401677590,-127,58,0,08-Dec-2023,20:39:12,-22.8844,167.3442,573,209,433,100,73,,,101,131,0,,,,,,,,,,,,,,,,,,,,,,,,,,,,,
7495,253101,3,NP,3,324,08-Dec-2023,20:48:04,-22.8844,167.3442,,401677590,-127,58,0,08-Dec-2023,20:39:31,-22.8844,167.3442,573,209,433,100,73,,,15,1,16,,,,,,,,,,,,,,,,,,,,,,,,,,,,,
7495,253101,3,NP,3,324,08-Dec-2023,20:48:04,-22.8844,167.3442,,401677590,-127,58,0,08-Dec-2023,20:40:13,-22.8844,167.3442,573,209,433,100,73,,,67,15,5,,,,,,,,,,,,,,,,,,,,,,,,,,,,,
7495,253101,3,NP,3,324,08-Dec-2023,20:48:04,-22.8844,167.3442,,401677590,-127,58,0,08-Dec-2023,20:41:15,-22.8844,167.3442,573,209,433,100,73,,,107,133,0,,,,,,,,,,,,,,,,,,,,,,,,,,,,,
7495,253101,3,NP,3,324,08-Dec-2023,20:48:04,-22.8844,167.3442,,401677590,-127,58,0,08-Dec-2023,20:42:17,-22.8844,167.3442,573,209,433,100,73,,,15,1,196,,,,,,,,,,,,,,,,,,,,,,,,,,,,,
7495,253101,23,NP,3,324,08-Dec-2023,20:48:04,-22.8844,167.3442,,401677590,-127,58,0,08-Dec-2023,20:47:20,-22.8844,167.3442,573,209,433,100,73,,,68,224,181,250,186,16,58,26,171,76,90,223,137,92,64,151,4,44,239,12,126,171,246,,,,,,,,,
7495,253101,3,NP,3,324,08-Dec-2023,20:48:04,-22.8844,167.3442,,401677590,-127,58,1,08-Dec-2023,20:48:09,-22.8844,167.3442,573,209,433,100,73,,,27,143,28,,,,,,,,,,,,,,,,,,,,,,,,,,,,,
7495,253101,3,NP,3,324,08-Dec-2023,20:48:04,-22.8844,167.3442,,401677590,-127,58,0,08-Dec-2023,20:48:45,-22.8844,167.3442,573,209,433,100,73,,,70,14,5,,,,,,,,,,,,,,,,,,,,,,,,,,,,,
7495,253101,23,MC,1,325,08-Dec-2023,20:48:39,-22.8826,167.3422,,401677591,-124,56,0,08-Dec-2023,20:47:20,-22.8826,167.3422,143,695,1028,469,71,,,68,240,165,252,233,178,64,236,151,67,178,116,84,158,24,236,84,20,185,151,235,109,202,,,,,,,,,
7495,253101,3,MC,1,325,08-Dec-2023,20:48:39,-22.8826,167.3422,,401677591,-124,56,0,08-Dec-2023,20:48:09,-22.8826,167.3422,143,695,1028,469,71,,,27,143,28,,,,,,,,,,,,,,,,,,,,,,,,,,,,,
7495,253101,3,MC,1,325,08-Dec-2023,20:48:39,-22.8826,167.3422,,401677591,-124,56,0,08-Dec-2023,20:48:45,-22.8826,167.3422,143,695,1028,469,71,,,70,14,5,,,,,,,,,,,,,,,,,,,,,,,,,,,,,
7495,253101,3,MC,1,325,08-Dec-2023,20:48:39,-22.8826,167.3422,,401677591,-124,56,0,08-Dec-2023,20:49:23,-22.8826,167.3422,143,695,1028,469,71,,,87,118,35,,,,,,,,,,,,,,,,,,,,,,,,,,,,,
7495,253101,3,MC,1,325,08-Dec-2023,20:48:39,-22.8826,167.3422,,401677591,-124,56,0,08-Dec-2023,20:49:43,-22.8826,167.3422,143,695,1028,469,71,,,111,129,0,,,,,,,,,,,,,,,,,,,,,,,,,,,,,
7495,253101,3,MB,B,326,08-Dec-2023,21:36:15,-22.8837,167.3384,,401677592,-132,8,0,08-Dec-2023,21:36:15,-22.8837,167.3384,,2119,2288,1962,95,,,107,133,0,,,,,,,,,,,,,,,,,,,,,,,,,,,,,
7495,253101,3,CS,3,327,09-Dec-2023,05:34:09,-22.7306,167.2494,,401677596,-124,58,0,09-Dec-2023,05:28:38,-22.7306,167.2494,659,217,240,196,167,,,66,10,21,,,,,,,,,,,,,,,,,,,,,,,,,,,,,
7495,253101,3,CS,3,327,09-Dec-2023,05:34:09,-22.7306,167.2494,,401677596,-124,58,0,09-Dec-2023,05:31:02,-22.7306,167.2494,659,217,240,196,167,,,89,206,35,,,,,,,,,,,,,,,,,,,,,,,,,,,,,
7495,253101,3,CS,3,327,09-Dec-2023,05:34:09,-22.7306,167.2494,,401677596,-124,58,0,09-Dec-2023,05:32:12,-22.7306,167.2494,659,217,240,196,167,,,27,143,28,,,,,,,,,,,,,,,,,,,,,,,,,,,,,
7495,253101,3,CS,3,327,09-Dec-2023,05:34:09,-22.7306,167.2494,,401677596,-124,58,1,09-Dec-2023,05:32:58,-22.7306,167.2494,659,217,240,196,167,,,77,9,5,,,,,,,,,,,,,,,,,,,,,,,,,,,,,
7495,253101,3,CS,3,327,09-Dec-2023,05:34:09,-22.7306,167.2494,,401677596,-124,58,0,09-Dec-2023,05:36:04,-22.7306,167.2494,659,217,240,196,167,,,72,8,5,,,,,,,,,,,,,,,,,,,,,,,,,,,,,
7495,253101,3,CS,3,327,09-Dec-2023,05:34:09,-22.7306,167.2494,,401677596,-124,58,0,09-Dec-2023,05:36:26,-22.7306,167.2494,659,217,240,196,167,,,82,217,35,,,,,,,,,,,,,,,,,,,,,,,,,,,,,
7495,253101,3,CS,3,327,09-Dec-2023,05:34:09,-22.7306,167.2494,,401677596,-124,58,0,09-Dec-2023,05:37:11,-22.7306,167.2494,659,217,240,196,167,,,101,131,0,,,,,,,,,,,,,,,,,,,,,,,,,,,,,
7495,253101,3,CS,3,327,09-Dec-2023,05:34:09,-22.7306,167.2494,,401677596,-124,58,0,09-Dec-2023,05:38:54,-22.7306,167.2494,659,217,240,196,167,,,107,143,52,,,,,,,,,,,,,,,,,,,,,,,,,,,,,
7495,253101,3,CS,3,327,09-Dec-2023,05:34:09,-22.7306,167.2494,,401677596,-124,58,4,09-Dec-2023,05:39:37,-22.7306,167.2494,659,217,240,196,167,,,15,1,16,,,,,,,,,,,,,,,,,,,,,,,,,,,,,
7495,253101,3,SR,3,328,09-Dec-2023,06:38:49,-22.7449,167.2744,,401677593,-120,58,0,09-Dec-2023,06:33:41,-22.7449,167.2744,585,192,775,47,103,,,86,237,35,,,,,,,,,,,,,,,,,,,,,,,,,,,,,
7495,253101,3,SR,3,328,09-Dec-2023,06:38:49,-22.7449,167.2744,,401677593,-120,58,0,09-Dec-2023,06:34:55,-22.7449,167.2744,585,192,775,47,103,,,100,134,0,,,,,,,,,,,,,,,,,,,,,,,,,,,,,
7495,253101,23,SR,3,328,09-Dec-2023,06:38:49,-22.7449,167.2744,,401677593,-120,58,0,09-Dec-2023,06:35:51,-22.7449,167.2744,585,192,775,47,103,,,86,48,165,253,232,147,159,17,177,152,219,165,22,98,81,208,97,249,27,184,110,195,76,,,,,,,,,
7495,253101,3,SR,3,328,09-Dec-2023,06:38:49,-22.7449,167.2744,,401677593,-120,58,0,09-Dec-2023,06:37:22,-22.7449,167.2744,585,192,775,47,103,,,68,4,142,,,,,,,,,,,,,,,,,,,,,,,,,,,,,
7495,253101,3,SR,3,328,09-Dec-2023,06:38:49,-22.7449,167.2744,,401677593,-120,58,1,09-Dec-2023,06:40:00,-22.7449,167.2744,585,192,775,47,103,,,27,143,28,,,,,,,,,,,,,,,,,,,,,,,,,,,,,
7495,253101,3,SR,3,328,09-Dec-2023,06:38:49,-22.7449,167.2744,,401677593,-120,58,0,09-Dec-2023,06:40:32,-22.7449,167.2744,585,192,775,47,103,,,87,248,35,,,,,,,,,,,,,,,,,,,,,,,,,,,,,
7495,253101,3,SR,3,328,09-Dec-2023,06:38:49,-22.7449,167.2744,,401677593,-120,58,1,09-Dec-2023,06:40:56,-22.7449,167.2744,585,192,775,47,103,,,107,133,0,,,,,,,,,,,,,,,,,,,,,,,,,,,,,
7495,253101,3,SR,3,328,09-Dec-2023,06:38:49,-22.7449,167.2744,,401677593,-120,58,1,09-Dec-2023,06:41:14,-22.7449,167.2744,585,192,775,47,103,,,15,1,16,,,,,,,,,,,,,,,,,,,,,,,,,,,,,
7495,253101,3,SR,3,328,09-Dec-2023,06:38:49,-22.7449,167.2744,,401677593,-120,58,0,09-Dec-2023,06:42:55,-22.7449,167.2744,585,192,775,47,103,,,65,5,5,,,,,,,,,,,,,,,,,,,,,,,,,,,,,
7495,253101,3,SR,3,328,09-Dec-2023,06:38:49,-22.7449,167.2744,,401677593,-120,58,0,09-Dec-2023,06:43:26,-22.7449,167.2744,585,192,775,47,103,,,86,253,35,,,,,,,,,,,,,,,,,,,,,,,,,,,,,
7495,253101,3,A1,3,329,09-Dec-2023,06:42:58,-22.7429,167.2670,,401677592,-121,56,0,09-Dec-2023,06:40:17,-22.7429,167.2670,426,221,682,71,92,,,79,3,5,,,,,,,,,,,,,,,,,,,,,,,,,,,,,
7495,253101,3,A1,3,329,09-Dec-2023,06:42:58,-22.7429,167.2670,,401677592,-121,56,0,09-Dec-2023,06:40:32,-22.7429,167.2670,426,221,682,71,92,,,87,248,35,,,,,,,,,,,,,,,,,,,,,,,,,,,,,
7495,253101,3,A1,3,329,09-Dec-2023,06:42:58,-22.7429,167.2670,,401677592,-121,56,0,09-Dec-2023,06:42:55,-22.7429,167.2670,426,221,682,71,92,,,65,5,5,,,,,,,,,,,,,,,,,,,,,,,,,,,,,
7495,253101,3,A1,3,329,09-Dec-2023,06:42:58,-22.7429,167.2670,,401677592,-121,56,0,09-Dec-2023,06:43:26,-22.7429,167.2670,426,221,682,71,92,,,86,253,35,,,,,,,,,,,,,,,,,,,,,,,,,,,,,
7495,253101,3,A1,3,329,09-Dec-2023,06:42:58,-22.7429,167.2670,,401677592,-121,56,2,09-Dec-2023,06:43:52,-22.7429,167.2670,426,221,682,71,92,,,107,133,0,,,,,,,,,,,,,,,,,,,,,,,,,,,,,
7495,253101,3,A1,3,329,09-Dec-2023,06:42:58,-22.7429,167.2670,,401677592,-121,56,1,09-Dec-2023,06:44:32,-22.7429,167.2670,426,221,682,71,92,,,27,143,28,,,,,,,,,,,,,,,,,,,,,,,,,,,,,
7495,253101,3,A1,3,329,09-Dec-2023,06:42:58,-22.7429,167.2670,,401677592,-121,56,3,09-Dec-2023,06:46:02,-22.7429,167.2670,426,221,682,71,92,,,15,1,16,,,,,,,,,,,,,,,,,,,,,,,,,,,,,
7495,253101,3,A1,3,329,09-Dec-2023,06:42:58,-22.7429,167.2670,,401677592,-121,56,0,09-Dec-2023,06:46:27,-22.7429,167.2670,426,221,682,71,92,,,27,141,28,,,,,,,,,,,,,,,,,,,,,,,,,,,,,
7495,253101,3,A1,3,329,09-Dec-2023,06:42:58,-22.7429,167.2670,,401677592,-121,56,1,09-Dec-2023,06:46:53,-22.7429,167.2670,426,221,682,71,92,,,68,4,5,,,,,,,,,,,,,,,,,,,,,,,,,,,,,
7495,253101,3,A1,3,329,09-Dec-2023,06:42:58,-22.7429,167.2670,,401677592,-121,56,0,09-Dec-2023,06:47:23,-22.7429,167.2670,426,221,682,71,92,,,88,7,36,,,,,,,,,,,,,,,,,,,,,,,,,,,,,
7495,253101,3,SR,2,330,10-Dec-2023,07:42:34,-22.7851,167.3040,,401677596,-131,50,0,10-Dec-2023,07:42:18,-22.7851,167.3040,525,321,547,188,26,,,15,1,16,,,,,,,,,,,,,,,,,,,,,,,,,,,,,
7495,253101,3,SR,2,330,10-Dec-2023,07:42:34,-22.7851,167.3040,,401677596,-131,50,0,10-Dec-2023,07:42:35,-22.7851,167.3040,525,321,547,188,26,,,27,143,28,,,,,,,,,,,,,,,,,,,,,,,,,,,,,
7495,253101,3,SR,2,330,10-Dec-2023,07:42:34,-22.7851,167.3040,,401677596,-131,50,0,10-Dec-2023,07:42:51,-22.7851,167.3040,525,321,547,188,26,,,66,10,5,,,,,,,,,,,,,,,,,,,,,,,,,,,,,
7495,253101,3,SR,2,330,10-Dec-2023,07:42:34,-22.7851,167.3040,,401677596,-131,50,1,10-Dec-2023,07:44:10,-22.7851,167.3040,525,321,547,188,26,,,27,143,28,,,,,,,,,,,,,,,,,,,,,,,,,,,,,
7495,253101,3,SR,2,330,10-Dec-2023,07:42:34,-22.7851,167.3040,,401677596,-131,50,0,10-Dec-2023,07:44:42,-22.7851,167.3040,525,321,547,188,26,,,84,149,36,,,,,,,,,,,,,,,,,,,,,,,,,,,,,
7495,253101,3,SR,2,330,10-Dec-2023,07:42:34,-22.7851,167.3040,,401677596,-131,50,0,10-Dec-2023,07:47:31,-22.7851,167.3040,525,321,547,188,26,,,87,154,36,,,,,,,,,,,,,,,,,,,,,,,,,,,,,
7495,253101,3,SR,2,330,10-Dec-2023,07:42:34,-22.7851,167.3040,,401677596,-131,50,1,10-Dec-2023,07:47:47,-22.7851,167.3040,525,321,547,188,26,,,107,133,0,,,,,,,,,,,,,,,,,,,,,,,,,,,,,
7495,253101,3,SR,2,330,10-Dec-2023,07:42:34,-22.7851,167.3040,,401677596,-131,50,2,10-Dec-2023,07:48:03,-22.7851,167.3040,525,321,547,188,26,,,15,1,16,,,,,,,,,,,,,,,,,,,,,,,,,,,,,
7495,253101,3,SR,2,330,10-Dec-2023,07:42:34,-22.7851,167.3040,,401677596,-131,50,1,10-Dec-2023,07:49:32,-22.7851,167.3040,525,321,547,188,26,,,77,9,5,,,,,,,,,,,,,,,,,,,,,,,,,,,,,
7495,253101,3,SR,2,330,10-Dec-2023,07:42:34,-22.7851,167.3040,,401677596,-131,50,0,10-Dec-2023,07:51:03,-22.7851,167.3040,525,321,547,188,26,,,101,131,0,,,,,,,,,,,,,,,,,,,,,,,,,,,,,
7495,253101,3,A1,2,331,10-Dec-2023,17:58:37,-22.9887,167.2963,,401677605,-135,58,0,10-Dec-2023,17:55:59,-22.9887,167.2963,338,330,444,244,3,,,15,1,2,,,,,,,,,,,,,,,,,,,,,,,,,,,,,
7495,253101,3,A1,2,331,10-Dec-2023,17:58:37,-22.9887,167.2963,,401677605,-135,58,0,10-Dec-2023,17:57:57,-22.9887,167.2963,338,330,444,244,3,,,126,200,12,,,,,,,,,,,,,,,,,,,,,,,,,,,,,
7495,253101,3,A1,2,331,10-Dec-2023,17:58:37,-22.9887,167.2963,,401677605,-135,58,0,10-Dec-2023,17:58:25,-22.9887,167.2963,338,330,444,244,3,,,110,129,8,,,,,,,,,,,,,,,,,,,,,,,,,,,,,
7495,253101,3,A1,2,331,10-Dec-2023,17:58:37,-22.9887,167.2963,,401677605,-135,58,1,10-Dec-2023,17:59:20,-22.9887,167.2963,338,330,444,244,3,,,27,143,28,,,,,,,,,,,,,,,,,,,,,,,,,,,,,
7495,253101,3,A1,2,331,10-Dec-2023,17:58:37,-22.9887,167.2963,,401677605,-135,58,0,10-Dec-2023,18:00:20,-22.9887,167.2963,338,330,444,244,3,,,95,205,55,,,,,,,,,,,,,,,,,,,,,,,,,,,,,
7495,253101,3,A1,2,331,10-Dec-2023,17:58:37,-22.9887,167.2963,,401677605,-135,58,1,10-Dec-2023,18:01:37,-22.9887,167.2963,338,330,444,244,3,,,15,1,16,,,,,,,,,,,,,,,,,,,,,,,,,,,,,
7495,253101,3,CS,B,332,10-Dec-2023,19:18:12,-22.9956,167.2965,,401677599,-138,8,0,10-Dec-2023,19:18:12,,,,3823,4216,3465,80,,,111,129,4,,,,,,,,,,,,,,,,,,,,,,,,,,,,,
7495,253101,31,MC,3,333,10-Dec-2023,21:49:01,-23.0794,167.2785,,401677591,-114,58,0,10-Dec-2023,21:43:01,-23.0794,167.2785,508,156,263,92,78,,,42,241,32,238,224,224,0,238,238,238,224,238,238,238,238,65,241,0,238,14,0,11,160,45,247,43,137,73,182,142,242,
7495,253101,3,MC,3,333,10-Dec-2023,21:49:01,-23.0794,167.2785,,401677591,-114,58,1,10-Dec-2023,21:46:35,-23.0794,167.2785,508,156,263,92,78,,,27,143,28,,,,,,,,,,,,,,,,,,,,,,,,,,,,,
7495,253101,3,MC,3,333,10-Dec-2023,21:49:01,-23.0794,167.2785,,401677591,-114,58,0,10-Dec-2023,21:47:33,-23.0794,167.2785,508,156,263,92,78,,,83,31,37,,,,,,,,,,,,,,,,,,,,,,,,,,,,,
7495,253101,3,MC,3,333,10-Dec-2023,21:49:01,-23.0794,167.2785,,401677591,-114,58,0,10-Dec-2023,21:47:55,-23.0794,167.2785,508,156,263,92,78,,,101,131,0,,,,,,,,,,,,,,,,,,,,,,,,,,,,,
7495,253101,3,MC,3,333,10-Dec-2023,21:49:01,-23.0794,167.2785,,401677591,-114,58,0,10-Dec-2023,21:48:32,-23.0794,167.2785,508,156,263,92,78,,,15,1,16,,,,,,,,,,,,,,,,,,,,,,,,,,,,,
7495,253101,3,MC,3,333,10-Dec-2023,21:49:01,-23.0794,167.2785,,401677591,-114,58,1,10-Dec-2023,21:49:54,-23.0794,167.2785,508,156,263,92,78,,,74,18,5,,,,,,,,,,,,,,,,,,,,,,,,,,,,,
7495,253101,3,MC,3,333,10-Dec-2023,21:49:01,-23.0794,167.2785,,401677591,-114,58,0,10-Dec-2023,21:50:32,-23.0794,167.2785,508,156,263,92,78,,,84,36,37,,,,,,,,,,,,,,,,,,,,,,,,,,,,,
7495,253101,3,MC,3,333,10-Dec-2023,21:49:01,-23.0794,167.2785,,401677591,-114,58,0,10-Dec-2023,21:51:29,-23.0794,167.2785,508,156,263,92,78,,,100,134,0,,,,,,,,,,,,,,,,,,,,,,,,,,,,,
7495,253101,3,CS,2,334,11-Dec-2023,05:54:19,-22.9950,167.2691,,401677589,-127,58,0,11-Dec-2023,05:48:38,-22.9950,167.2691,554,368,380,355,25,,,81,106,37,,,,,,,,,,,,,,,,,,,,,,,,,,,,,
7495,253101,3,CS,2,334,11-Dec-2023,05:54:19,-22.9950,167.2691,,401677589,-127,58,0,11-Dec-2023,05:54:57,-22.9950,167.2691,554,368,380,355,25,,,80,111,37,,,,,,,,,,,,,,,,,,,,,,,,,,,,,
7495,253101,3,CS,2,334,11-Dec-2023,05:54:19,-22.9950,167.2691,,401677589,-127,58,1,11-Dec-2023,05:55:50,-22.9950,167.2691,554,368,380,355,25,,,15,1,16,,,,,,,,,,,,,,,,,,,,,,,,,,,,,
7495,253101,3,CS,2,334,11-Dec-2023,05:54:19,-22.9950,167.2691,,401677589,-127,58,1,11-Dec-2023,05:56:42,-22.9950,167.2691,554,368,380,355,25,,,75,23,5,,,,,,,,,,,,,,,,,,,,,,,,,,,,,
7495,253101,3,CS,2,334,11-Dec-2023,05:54:19,-22.9950,167.2691,,401677589,-127,58,0,11-Dec-2023,05:57:08,-22.9950,167.2691,554,368,380,355,25,,,87,116,37,,,,,,,,,,,,,,,,,,,,,,,,,,,,,
7495,253101,3,CS,2,334,11-Dec-2023,05:54:19,-22.9950,167.2691,,401677589,-127,58,2,11-Dec-2023,05:57:52,-22.9950,167.2691,554,368,380,355,25,,,100,134,0,,,,,,,,,,,,,,,,,,,,,,,,,,,,,
7495,253101,3,A1,3,335,11-Dec-2023,06:01:01,-22.9930,167.2825,,401677588,-126,56,0,11-Dec-2023,05:57:08,-22.9930,167.2825,440,187,231,151,20,,,87,116,37,,,,,,,,,,,,,,,,,,,,,,,,,,,,,
7495,253101,3,A1,3,335,11-Dec-2023,06:01:01,-22.9930,167.2825,,401677588,-126,56,0,11-Dec-2023,05:57:52,-22.9930,167.2825,440,187,231,151,20,,,100,134,0,,,,,,,,,,,,,,,,,,,,,,,,,,,,,
7495,253101,3,A1,3,335,11-Dec-2023,06:01:01,-22.9930,167.2825,,401677588,-126,56,0,11-Dec-2023,05:58:51,-22.9930,167.2825,440,187,231,151,20,,,15,1,16,,,,,,,,,,,,,,,,,,,,,,,,,,,,,
7495,253101,3,A1,3,335,11-Dec-2023,06:01:01,-22.9930,167.2825,,401677588,-126,56,1,11-Dec-2023,06:01:44,-22.9930,167.2825,440,187,231,151,20,,,75,23,5,,,,,,,,,,,,,,,,,,,,,,,,,,,,,
7495,253101,3,A1,3,335,11-Dec-2023,06:01:01,-22.9930,167.2825,,401677588,-126,56,0,11-Dec-2023,06:02:01,-22.9930,167.2825,440,187,231,151,20,,,94,124,170,,,,,,,,,,,,,,,,,,,,,,,,,,,,,
7495,253101,3,A1,3,335,11-Dec-2023,06:01:01,-22.9930,167.2825,,401677588,-126,56,1,11-Dec-2023,06:03:20,-22.9930,167.2825,440,187,231,151,20,,,27,143,28,,,,,,,,,,,,,,,,,,,,,,,,,,,,,
7495,253101,3,A1,3,335,11-Dec-2023,06:01:01,-22.9930,167.2825,,401677588,-126,56,0,11-Dec-2023,06:03:36,-22.9930,167.2825,440,187,231,151,20,,,78,22,5,,,,,,,,,,,,,,,,,,,,,,,,,,,,,
7495,253101,3,A1,3,335,11-Dec-2023,06:01:01,-22.9930,167.2825,,401677588,-126,56,0,11-Dec-2023,06:04:02,-22.9930,167.2825,440,187,231,151,20,,,85,15,150,,,,,,,,,,,,,,,,,,,,,,,,,,,,,
7495,253101,3,A1,3,335,11-Dec-2023,06:01:01,-22.9930,167.2825,,401677588,-126,56,0,11-Dec-2023,06:04:28,-22.9930,167.2825,440,187,231,151,20,,,107,133,0,,,,,,,,,,,,,,,,,,,,,,,,,,,,,
7495,253101,3,SR,1,336,11-Dec-2023,07:09:12,-22.9671,167.2908,,401677594,-135,58,0,11-Dec-2023,07:09:12,-22.9671,167.2908,358,1303,6681,254,88,,,78,22,5,,,,,,,,,,,,,,,,,,,,,,,,,,,,,
7495,253101,3,SR,1,336,11-Dec-2023,07:09:12,-22.9671,167.2908,,401677594,-135,58,0,11-Dec-2023,07:12:20,-22.9671,167.2908,358,1303,6681,254,88,,,89,163,37,,,,,,,,,,,,,,,,,,,,,,,,,,,,,
7495,253101,3,SR,1,336,11-Dec-2023,07:09:12,-22.9671,167.2908,,401677594,-135,58,0,11-Dec-2023,07:14:46,-22.9671,167.2908,358,1303,6681,254,88,,,100,134,0,,,,,,,,,,,,,,,,,,,,,,,,,,,,,
7495,253101,3,SR,1,336,11-Dec-2023,07:09:12,-22.9671,167.2908,,401677594,-135,58,0,11-Dec-2023,07:15:10,-22.9671,167.2908,358,1303,6681,254,88,,,15,1,16,,,,,,,,,,,,,,,,,,,,,,,,,,,,,
7495,253101,3,A1,B,337,11-Dec-2023,17:38:26,-23.0117,167.3215,,401677572,-141,8,0,11-Dec-2023,17:38:26,-23.0117,167.3215,,11642,19605,6912,77,,,15,167,124,,,,,,,,,,,,,,,,,,,,,,,,,,,,,
7495,253101,3,SR,0,338,11-Dec-2023,17:53:33,-23.0934,167.2577,,401677596,-129,56,0,11-Dec-2023,17:52:21,-23.0934,167.2577,139,1534,15822,148,92,,,82,251,5,,,,,,,,,,,,,,,,,,,,,,,,,,,,,
7495,253101,3,SR,0,338,11-Dec-2023,17:53:33,-23.0934,167.2577,,401677596,-129,56,0,11-Dec-2023,17:52:39,-23.0934,167.2577,139,1534,15822,148,92,,,101,131,0,,,,,,,,,,,,,,,,,,,,,,,,,,,,,
7495,253101,3,SR,0,338,11-Dec-2023,17:53:33,-23.0934,167.2577,,401677596,-129,56,0,11-Dec-2023,17:53:31,-23.0934,167.2577,139,1534,15822,148,92,,,27,143,28,,,,,,,,,,,,,,,,,,,,,,,,,,,,,
7495,253101,3,SR,0,338,11-Dec-2023,17:53:33,-23.0934,167.2577,,401677596,-129,56,0,11-Dec-2023,17:53:46,-23.0934,167.2577,139,1534,15822,148,92,,,74,18,5,,,,,,,,,,,,,,,,,,,,,,,,,,,,,
7495,253101,3,SR,0,338,11-Dec-2023,17:53:33,-23.0934,167.2577,,401677596,-129,56,0,11-Dec-2023,17:54:24,-23.0934,167.2577,139,1534,15822,148,92,,,107,133,0,,,,,,,,,,,,,,,,,,,,,,,,,,,,,
7495,253101,3,SR,0,338,11-Dec-2023,17:53:33,-23.0934,167.2577,,401677596,-129,56,0,11-Dec-2023,17:54:40,-23.0934,167.2577,139,1534,15822,148,92,,,15,1,16,,,,,,,,,,,,,,,,,,,,,,,,,,,,,
7495,253101,3,NP,2,339,11-Dec-2023,20:03:20,-23.0874,167.1852,,401677593,-132,58,0,11-Dec-2023,20:02:23,-23.0874,167.1852,516,282,491,161,24,,,27,143,28,,,,,,,,,,,,,,,,,,,,,,,,,,,,,
7495,253101,3,NP,2,339,11-Dec-2023,20:03:20,-23.0874,167.1852,,401677593,-132,58,0,11-Dec-2023,20:02:45,-23.0874,167.1852,516,282,491,161,24,,,79,19,5,,,,,,,,,,,,,,,,,,,,,,,,,,,,,
7495,253101,3,NP,2,339,11-Dec-2023,20:03:20,-23.0874,167.1852,,401677593,-132,58,0,11-Dec-2023,20:03:29,-23.0874,167.1852,516,282,491,161,24,,,100,134,0,,,,,,,,,,,,,,,,,,,,,,,,,,,,,
7495,253101,3,NP,2,339,11-Dec-2023,20:03:20,-23.0874,167.1852,,401677593,-132,58,1,11-Dec-2023,20:03:52,-23.0874,167.1852,516,282,491,161,24,,,15,1,16,,,,,,,,,,,,,,,,,,,,,,,,,,,,,
7495,253101,3,NP,2,339,11-Dec-2023,20:03:20,-23.0874,167.1852,,401677593,-132,58,0,11-Dec-2023,20:04:17,-23.0874,167.1852,516,282,491,161,24,,,11,216,98,,,,,,,,,,,,,,,,,,,,,,,,,,,,,
7495,253101,3,NP,2,339,11-Dec-2023,20:03:20,-23.0874,167.1852,,401677593,-132,58,0,11-Dec-2023,20:04:34,-23.0874,167.1852,516,282,491,161,24,,,68,20,5,,,,,,,,,,,,,,,,,,,,,,,,,,,,,
7495,253101,3,NP,2,339,11-Dec-2023,20:03:20,-23.0874,167.1852,,401677593,-132,58,1,11-Dec-2023,20:07:04,-23.0874,167.1852,516,282,491,161,24,,,27,143,28,,,,,,,,,,,,,,,,,,,,,,,,,,,,,
7495,253101,3,NP,2,339,11-Dec-2023,20:03:20,-23.0874,167.1852,,401677593,-132,58,1,11-Dec-2023,20:07:31,-23.0874,167.1852,516,282,491,161,24,,,68,20,5,,,,,,,,,,,,,,,,,,,,,,,,,,,,,
7495,253101,3,NP,2,339,11-Dec-2023,20:03:20,-23.0874,167.1852,,401677593,-132,58,0,11-Dec-2023,20:08:08,-23.0874,167.1852,516,282,491,161,24,,,87,42,38,,,,,,,,,,,,,,,,,,,,,,,,,,,,,
7495,253101,3,NP,2,339,11-Dec-2023,20:03:20,-23.0874,167.1852,,401677593,-132,58,0,11-Dec-2023,20:08:26,-23.0874,167.1852,516,282,491,161,24,,,107,133,0,,,,,,,,,,,,,,,,,,,,,,,,,,,,,
7495,253101,3,NP,2,339,11-Dec-2023,20:03:20,-23.0874,167.1852,,401677593,-132,58,0,11-Dec-2023,20:09:29,-23.0874,167.1852,516,282,491,161,24,,,65,21,5,,,,,,,,,,,,,,,,,,,,,,,,,,,,,
7495,253101,3,NP,2,339,11-Dec-2023,20:03:20,-23.0874,167.1852,,401677593,-132,58,0,11-Dec-2023,20:10:20,-23.0874,167.1852,516,282,491,161,24,,,85,48,38,,,,,,,,,,,,,,,,,,,,,,,,,,,,,
7495,253101,3,NP,2,339,11-Dec-2023,20:03:20,-23.0874,167.1852,,401677593,-132,58,0,11-Dec-2023,20:10:40,-23.0874,167.1852,516,282,491,161,24,,,101,131,0,,,,,,,,,,,,,,,,,,,,,,,,,,,,,
7495,253101,3,NP,2,339,11-Dec-2023,20:03:20,-23.0874,167.1852,,401677593,-132,58,4,11-Dec-2023,20:10:59,-23.0874,167.1852,516,282,491,161,24,,,15,1,16,,,,,,,,,,,,,,,,,,,,,,,,,,,,,
7495,253101,31,NK,2,340,12-Dec-2023,07:52:12,-22.9641,167.1532,,401677599,-125,58,0,12-Dec-2023,07:49:10,-22.9641,167.1532,380,287,1106,74,88,,,42,241,99,160,241,27,96,57,84,24,124,21,233,169,3,92,155,150,38,92,178,148,208,157,28,183,92,228,62,149,75,
7495,253101,3,NK,2,340,12-Dec-2023,07:52:12,-22.9641,167.1532,,401677599,-125,58,0,12-Dec-2023,07:49:51,-22.9641,167.1532,380,287,1106,74,88,,,77,9,5,,,,,,,,,,,,,,,,,,,,,,,,,,,,,
7495,253101,3,NK,2,340,12-Dec-2023,07:52:12,-22.9641,167.1532,,401677599,-125,58,0,12-Dec-2023,07:50:14,-22.9641,167.1532,380,287,1106,74,88,,,81,107,38,,,,,,,,,,,,,,,,,,,,,,,,,,,,,
7495,253101,3,NK,2,340,12-Dec-2023,07:52:12,-22.9641,167.1532,,401677599,-125,58,0,12-Dec-2023,07:50:30,-22.9641,167.1532,380,287,1106,74,88,,,101,131,0,,,,,,,,,,,,,,,,,,,,,,,,,,,,,
7495,253101,3,NK,2,340,12-Dec-2023,07:52:12,-22.9641,167.1532,,401677599,-125,58,0,12-Dec-2023,07:51:04,-22.9641,167.1532,380,287,1106,74,88,,,27,175,28,,,,,,,,,,,,,,,,,,,,,,,,,,,,,
7495,253101,3,NK,2,340,12-Dec-2023,07:52:12,-22.9641,167.1532,,401677599,-125,58,0,12-Dec-2023,07:51:20,-22.9641,167.1532,380,287,1106,74,88,,,70,14,5,,,,,,,,,,,,,,,,,,,,,,,,,,,,,
7495,253101,3,NK,2,340,12-Dec-2023,07:52:12,-22.9641,167.1532,,401677599,-125,58,0,12-Dec-2023,07:51:35,-22.9641,167.1532,380,287,1106,74,88,,,86,112,38,,,,,,,,,,,,,,,,,,,,,,,,,,,,,
7495,253101,3,NK,2,340,12-Dec-2023,07:52:12,-22.9641,167.1532,,401677599,-125,58,1,12-Dec-2023,07:53:59,-22.9641,167.1532,380,287,1106,74,88,,,64,16,5,,,,,,,,,,,,,,,,,,,,,,,,,,,,,
7495,253101,23,NK,2,340,12-Dec-2023,07:52:12,-22.9641,167.1532,,401677599,-125,58,0,12-Dec-2023,07:54:14,-22.9641,167.1532,380,287,1106,74,88,,,66,80,165,253,232,144,190,81,70,32,9,148,212,76,245,10,17,200,26,209,16,255,128,,,,,,,,,
7495,253101,3,NK,2,340,12-Dec-2023,07:52:12,-22.9641,167.1532,,401677599,-125,58,0,12-Dec-2023,07:54:29,-22.9641,167.1532,380,287,1106,74,88,,,81,123,38,,,,,,,,,,,,,,,,,,,,,,,,,,,,,
7495,253101,3,NK,2,340,12-Dec-2023,07:52:12,-22.9641,167.1532,,401677599,-125,58,1,12-Dec-2023,07:54:45,-22.9641,167.1532,380,287,1106,74,88,,,107,133,0,,,,,,,,,,,,,,,,,,,,,,,,,,,,,
7495,253101,3,NK,2,340,12-Dec-2023,07:52:12,-22.9641,167.1532,,401677599,-125,58,3,12-Dec-2023,07:55:00,-22.9641,167.1532,380,287,1106,74,88,,,15,1,16,,,,,,,,,,,,,,,,,,,,,,,,,,,,,
7495,253101,3,NK,2,340,12-Dec-2023,07:52:12,-22.9641,167.1532,,401677599,-125,58,2,12-Dec-2023,07:55:15,-22.9641,167.1532,380,287,1106,74,88,,,27,143,28,,,,,,,,,,,,,,,,,,,,,,,,,,,,,
7495,253101,3,NK,2,340,12-Dec-2023,07:52:12,-22.9641,167.1532,,401677599,-125,58,0,12-Dec-2023,07:55:30,-22.9641,167.1532,380,287,1106,74,88,,,64,233,135,,,,,,,,,,,,,,,,,,,,,,,,,,,,,
7495,253101,3,MC,B,341,12-Dec-2023,11:37:04,-22.9430,167.1318,,401677616,-130,8,0,12-Dec-2023,11:37:05,-22.9430,167.1318,,6528,7312,5827,102,,,27,143,28,,,,,,,,,,,,,,,,,,,,,,,,,,,,,
7495,253101,31,O3, ,342,12-Dec-2023,13:17:20,,,,401650000,,,0,12-Dec-2023,13:17:20,,,,,,,,,,42,241,96,238,224,0,0,238,238,238,238,1,17,14,238,223,241,64,238,238,238,226,14,14,238,238,238,0,224,238,20,
7495,253101,3,SR,1,343,12-Dec-2023,17:26:10,-22.8446,167.2934,,401677598,-132,58,0,12-Dec-2023,17:25:00,-22.8446,167.2934,306,590,1938,179,142,,,15,1,16,,,,,,,,,,,,,,,,,,,,,,,,,,,,,
7495,253101,3,SR,1,343,12-Dec-2023,17:26:10,-22.8446,167.2934,,401677598,-132,58,0,12-Dec-2023,17:27:21,-22.8446,167.2934,306,590,1938,179,142,,,101,131,0,,,,,,,,,,,,,,,,,,,,,,,,,,,,,
7495,253101,23,SR,1,343,12-Dec-2023,17:26:10,-22.8446,167.2934,,401677598,-132,58,0,12-Dec-2023,17:28:37,-22.8446,167.2934,306,590,1938,179,142,,,89,176,163,225,131,195,195,248,97,195,193,240,240,231,149,58,33,135,7,199,129,128,31,,,,,,,,,
7495,253101,3,SR,1,343,12-Dec-2023,17:26:10,-22.8446,167.2934,,401677598,-132,58,0,12-Dec-2023,17:29:20,-22.8446,167.2934,306,590,1938,179,142,,,27,143,28,,,,,,,,,,,,,,,,,,,,,,,,,,,,,
7495,253101,3,SR,1,343,12-Dec-2023,17:26:10,-22.8446,167.2934,,401677598,-132,58,0,12-Dec-2023,17:29:49,-22.8446,167.2934,306,590,1938,179,142,,,73,13,5,,,,,,,,,,,,,,,,,,,,,,,,,,,,,
7495,253101,3,SR,1,343,12-Dec-2023,17:26:10,-22.8446,167.2934,,401677598,-132,58,0,12-Dec-2023,17:30:06,-22.8446,167.2934,306,590,1938,179,142,,,93,201,38,,,,,,,,,,,,,,,,,,,,,,,,,,,,,
7495,253101,3,CS,0,344,12-Dec-2023,17:48:02,-22.8487,167.2935,,401677596,-126,56,0,12-Dec-2023,17:46:27,-22.8487,167.2935,181,2132,7000,649,101,,,70,14,5,,,,,,,,,,,,,,,,,,,,,,,,,,,,,
7495,253101,23,CS,0,344,12-Dec-2023,17:48:02,-22.8487,167.2935,,401677596,-126,56,0,12-Dec-2023,17:46:54,-22.8487,167.2935,181,2132,7000,649,101,,,70,112,165,253,232,144,190,81,70,71,84,214,22,77,239,8,7,255,26,208,192,255,128,,,,,,,,,
7495,253101,3,CS,0,344,12-Dec-2023,17:48:02,-22.8487,167.2935,,401677596,-126,56,0,12-Dec-2023,17:47:27,-22.8487,167.2935,181,2132,7000,649,101,,,88,249,52,,,,,,,,,,,,,,,,,,,,,,,,,,,,,
7495,253101,3,CS,0,344,12-Dec-2023,17:48:02,-22.8487,167.2935,,401677596,-126,56,0,12-Dec-2023,17:48:01,-22.8487,167.2935,181,2132,7000,649,101,,,96,130,0,,,,,,,,,,,,,,,,,,,,,,,,,,,,,
7495,253101,3,CS,0,344,12-Dec-2023,17:48:02,-22.8487,167.2935,,401677596,-126,56,0,12-Dec-2023,17:48:21,-22.8487,167.2935,181,2132,7000,649,101,,,15,1,16,,,,,,,,,,,,,,,,,,,,,,,,,,,,,
7495,253101,3,CS,0,344,12-Dec-2023,17:48:02,-22.8487,167.2935,,401677596,-126,56,0,12-Dec-2023,17:48:40,-22.8487,167.2935,181,2132,7000,649,101,,,27,143,28,,,,,,,,,,,,,,,,,,,,,,,,,,,,,
7495,253101,3,CS,0,344,12-Dec-2023,17:48:02,-22.8487,167.2935,,401677596,-126,56,0,12-Dec-2023,17:48:59,-22.8487,167.2935,181,2132,7000,649,101,,,73,13,5,,,,,,,,,,,,,,,,,,,,,,,,,,,,,
7495,253101,3,CS,0,344,12-Dec-2023,17:48:02,-22.8487,167.2935,,401677596,-126,56,0,12-Dec-2023,17:49:28,-22.8487,167.2935,181,2132,7000,649,101,,,89,253,38,,,,,,,,,,,,,,,,,,,,,,,,,,,,,
7495,253101,3,NP,B,345,12-Dec-2023,19:53:36,-22.8285,167.3014,,401677591,-135,8,0,12-Dec-2023,19:53:36,-22.8285,167.3014,,5588,7219,4324,100,,,97,135,0,,,,,,,,,,,,,,,,,,,,,,,,,,,,,
7495,253101,3,A1,B,346,13-Dec-2023,05:15:41,-22.7794,167.3350,,401677600,-141,8,0,13-Dec-2023,05:15:42,-22.7794,167.3350,,10678,15581,7317,81,,,76,28,5,,,,,,,,,,,,,,,,,,,,,,,,,,,,,
7495,253101,3,CS,3,347,13-Dec-2023,06:08:07,-22.8161,167.2696,,401677588,-120,58,0,13-Dec-2023,06:03:30,-22.8161,167.2696,709,230,932,56,84,,,66,26,5,,,,,,,,,,,,,,,,,,,,,,,,,,,,,
7495,253101,3,CS,3,347,13-Dec-2023,06:08:07,-22.8161,167.2696,,401677588,-120,58,0,13-Dec-2023,06:04:53,-22.8161,167.2696,709,230,932,56,84,,,15,1,24,,,,,,,,,,,,,,,,,,,,,,,,,,,,,
7495,253101,3,CS,3,347,13-Dec-2023,06:08:07,-22.8161,167.2696,,401677588,-120,58,0,13-Dec-2023,06:05:50,-22.8161,167.2696,709,230,932,56,84,,,71,27,5,,,,,,,,,,,,,,,,,,,,,,,,,,,,,
7495,253101,3,CS,3,347,13-Dec-2023,06:08:07,-22.8161,167.2696,,401677588,-120,58,0,13-Dec-2023,06:06:09,-22.8161,167.2696,709,230,932,56,84,,,92,140,39,,,,,,,,,,,,,,,,,,,,,,,,,,,,,
7495,253101,3,CS,3,347,13-Dec-2023,06:08:07,-22.8161,167.2696,,401677588,-120,58,0,13-Dec-2023,06:06:48,-22.8161,167.2696,709,230,932,56,84,,,111,129,0,,,,,,,,,,,,,,,,,,,,,,,,,,,,,
7495,253101,3,CS,3,347,13-Dec-2023,06:08:07,-22.8161,167.2696,,401677588,-120,58,0,13-Dec-2023,06:07:31,-22.8161,167.2696,709,230,932,56,84,,,27,136,110,,,,,,,,,,,,,,,,,,,,,,,,,,,,,
7495,253101,3,CS,3,347,13-Dec-2023,06:08:07,-22.8161,167.2696,,401677588,-120,58,0,13-Dec-2023,06:08:07,-22.8161,167.2696,709,230,932,56,84,,,90,146,39,,,,,,,,,,,,,,,,,,,,,,,,,,,,,
7495,253101,3,CS,3,347,13-Dec-2023,06:08:07,-22.8161,167.2696,,401677588,-120,58,0,13-Dec-2023,06:08:26,-22.8161,167.2696,709,230,932,56,84,,,90,120,98,,,,,,,,,,,,,,,,,,,,,,,,,,,,,
7495,253101,3,CS,3,347,13-Dec-2023,06:08:07,-22.8161,167.2696,,401677588,-120,58,1,13-Dec-2023,06:08:57,-22.8161,167.2696,709,230,932,56,84,,,27,143,28,,,,,,,,,,,,,,,,,,,,,,,,,,,,,
7495,253101,3,CS,3,347,13-Dec-2023,06:08:07,-22.8161,167.2696,,401677588,-120,58,3,13-Dec-2023,06:14:15,-22.8161,167.2696,709,230,932,56,84,,,15,1,16,,,,,,,,,,,,,,,,,,,,,,,,,,,,,
7495,253101,3,CS,3,347,13-Dec-2023,06:08:07,-22.8161,167.2696,,401677588,-120,58,0,13-Dec-2023,06:15:19,-22.8161,167.2696,709,230,932,56,84,,,75,23,5,,,,,,,,,,,,,,,,,,,,,,,,,,,,,
7495,253101,3,SR,3,348,13-Dec-2023,06:11:54,-22.8145,167.2622,,401677587,-122,56,0,13-Dec-2023,06:06:09,-22.8145,167.2622,767,192,321,114,120,,,92,140,47,,,,,,,,,,,,,,,,,,,,,,,,,,,,,
7495,253101,3,SR,3,348,13-Dec-2023,06:11:54,-22.8145,167.2622,,401677587,-122,56,0,13-Dec-2023,06:06:48,-22.8145,167.2622,767,192,321,114,120,,,111,129,0,,,,,,,,,,,,,,,,,,,,,,,,,,,,,
7495,253101,3,SR,3,348,13-Dec-2023,06:11:54,-22.8145,167.2622,,401677587,-122,56,0,13-Dec-2023,06:08:07,-22.8145,167.2622,767,192,321,114,120,,,90,146,39,,,,,,,,,,,,,,,,,,,,,,,,,,,,,
7495,253101,3,SR,3,348,13-Dec-2023,06:11:54,-22.8145,167.2622,,401677587,-122,56,1,13-Dec-2023,06:15:01,-22.8145,167.2622,767,192,321,114,120,,,27,143,28,,,,,,,,,,,,,,,,,,,,,,,,,,,,,
7495,253101,3,SR,3,348,13-Dec-2023,06:11:54,-22.8145,167.2622,,401677587,-122,56,4,13-Dec-2023,06:16:36,-22.8145,167.2622,767,192,321,114,120,,,15,1,16,,,,,,,,,,,,,,,,,,,,,,,,,,,,,
7495,253101,3,SR,3,348,13-Dec-2023,06:11:54,-22.8145,167.2622,,401677587,-122,56,1,13-Dec-2023,06:17:56,-22.8145,167.2622,767,192,321,114,120,,,75,23,5,,,,,,,,,,,,,,,,,,,,,,,,,,,,,
7495,253101,3,SR,3,348,13-Dec-2023,06:11:54,-22.8145,167.2622,,401677587,-122,56,0,13-Dec-2023,06:18:56,-22.8145,167.2622,767,192,321,114,120,,,91,167,39,,,,,,,,,,,,,,,,,,,,,,,,,,,,,
7495,253101,3,A1,3,349,13-Dec-2023,06:51:43,-22.8221,167.2586,,401677586,-123,58,0,13-Dec-2023,06:52:40,-22.8221,167.2586,65,236,803,69,44,,,15,1,16,,,,,,,,,,,,,,,,,,,,,,,,,,,,,
7495,253101,3,A1,3,349,13-Dec-2023,06:51:43,-22.8221,167.2586,,401677586,-123,58,1,13-Dec-2023,06:52:57,-22.8221,167.2586,65,236,803,69,44,,,27,143,28,,,,,,,,,,,,,,,,,,,,,,,,,,,,,
7495,253101,3,A1,3,349,13-Dec-2023,06:51:43,-22.8221,167.2586,,401677586,-123,58,0,13-Dec-2023,06:53:45,-22.8221,167.2586,65,236,803,69,44,,,81,250,39,,,,,,,,,,,,,,,,,,,,,,,,,,,,,
7495,253101,3,A1,B,350,13-Dec-2023,20:00:27,-22.9077,167.1448,,401677575,-131,,0,13-Dec-2023,20:00:27,-22.9077,167.1448,,3059,6044,1547,55,,,15,1,16,,,,,,,,,,,,,,,,,,,,,,,,,,,,,
7495,253101,3,SR,B,351,13-Dec-2023,20:17:11,-22.8782,167.1931,,401677579,-130,6,0,13-Dec-2023,20:17:11,-22.8782,167.1931,,3585,9274,1385,47,,,22,79,9,,,,,,,,,,,,,,,,,,,,,,,,,,,,,
7495,253101,3,NK,B,352,13-Dec-2023,20:17:11,-22.8836,167.2068,,401677594,-130,6,0,13-Dec-2023,20:17:11,-22.8836,167.2068,,6955,46869,1032,56,,,27,24,229,,,,,,,,,,,,,,,,,,,,,,,,,,,,,
7495,253101,3,MC,B,353,13-Dec-2023,20:39:50,-22.9043,167.1736,,401677595,-132,6,0,13-Dec-2023,20:39:50,-22.9043,167.1736,,2427,4776,1232,67,,,67,15,5,,,,,,,,,,,,,,,,,,,,,,,,,,,,,
7495,253101,3,MC, ,354,15-Dec-2023,08:47:54,,,,401650000,-131,,0,15-Dec-2023,08:47:54,,,,,,,,,,110,132,0,,,,,,,,,,,,,,,,,,,,,,,,,,,,,
7495,253101,3,CS, ,355,16-Dec-2023,05:42:50,,,,401650000,-133,,0,16-Dec-2023,05:42:50,,,,,,,,,,93,34,40,,,,,,,,,,,,,,,,,,,,,,,,,,,,,
7495,253101,3,SR,1,356,16-Dec-2023,06:17:36,-22.6612,166.9855,,401677592,-125,50,0,16-Dec-2023,06:15:42,-22.6612,166.9855,533,755,4620,123,97,,,78,22,60,,,,,,,,,,,,,,,,,,,,,,,,,,,,,
7495,253101,3,SR,1,356,16-Dec-2023,06:17:36,-22.6612,166.9855,,401677592,-125,50,0,16-Dec-2023,06:16:09,-22.6612,166.9855,533,755,4620,123,97,,,85,42,40,,,,,,,,,,,,,,,,,,,,,,,,,,,,,
7495,253101,3,SR,1,356,16-Dec-2023,06:17:36,-22.6612,166.9855,,401677592,-125,50,0,16-Dec-2023,06:16:46,-22.6612,166.9855,533,755,4620,123,97,,,107,133,0,,,,,,,,,,,,,,,,,,,,,,,,,,,,,
7495,253101,3,SR,1,356,16-Dec-2023,06:17:36,-22.6612,166.9855,,401677592,-125,50,0,16-Dec-2023,06:17:02,-22.6612,166.9855,533,755,4620,123,97,,,15,1,16,,,,,,,,,,,,,,,,,,,,,,,,,,,,,
7495,253101,3,SR,1,356,16-Dec-2023,06:17:36,-22.6612,166.9855,,401677592,-125,50,1,16-Dec-2023,06:17:38,-22.6612,166.9855,533,755,4620,123,97,,,27,143,28,,,,,,,,,,,,,,,,,,,,,,,,,,,,,
7495,253101,3,SR,1,356,16-Dec-2023,06:17:36,-22.6612,166.9855,,401677592,-125,50,0,16-Dec-2023,06:24:35,-22.6612,166.9855,533,755,4620,123,97,,,110,132,0,,,,,,,,,,,,,,,,,,,,,,,,,,,,,
7495,253101,3,A1,1,357,16-Dec-2023,07:17:47,-22.6543,166.9924,,401677598,-129,58,0,16-Dec-2023,07:16:08,-22.6543,166.9924,199,1375,9230,204,100,,,106,128,0,,,,,,,,,,,,,,,,,,,,,,,,,,,,,
7495,253101,3,A1,1,357,16-Dec-2023,07:17:47,-22.6543,166.9924,,401677598,-129,58,0,16-Dec-2023,07:17:03,-22.6543,166.9924,199,1375,9230,204,100,,,74,18,5,,,,,,,,,,,,,,,,,,,,,,,,,,,,,
7495,253101,3,A1,1,357,16-Dec-2023,07:17:47,-22.6543,166.9924,,401677598,-129,58,0,16-Dec-2023,07:17:24,-22.6543,166.9924,199,1375,9230,204,100,,,80,59,40,,,,,,,,,,,,,,,,,,,,,,,,,,,,,
7495,253101,23,A1,1,357,16-Dec-2023,07:17:47,-22.6543,166.9924,,401677598,-129,58,0,16-Dec-2023,07:17:40,-22.6543,166.9924,199,1375,9230,204,100,,,69,80,165,253,232,144,190,81,72,29,132,150,84,56,249,128,143,115,124,208,163,155,246,,,,,,,,,
7495,253101,3,A1,1,357,16-Dec-2023,07:17:47,-22.6543,166.9924,,401677598,-129,58,0,16-Dec-2023,07:18:08,-22.6543,166.9924,199,1375,9230,204,100,,,101,131,0,,,,,,,,,,,,,,,,,,,,,,,,,,,,,
7495,253101,3,A1,1,357,16-Dec-2023,07:17:47,-22.6543,166.9924,,401677598,-129,58,1,16-Dec-2023,07:18:30,-22.6543,166.9924,199,1375,9230,204,100,,,15,1,16,,,,,,,,,,,,,,,,,,,,,,,,,,,,,
7495,253101,3,A1,1,357,16-Dec-2023,07:17:47,-22.6543,166.9924,,401677598,-129,58,1,16-Dec-2023,07:18:54,-22.6543,166.9924,199,1375,9230,204,100,,,27,143,28,,,,,,,,,,,,,,,,,,,,,,,,,,,,,
7495,253101,3,A1,1,357,16-Dec-2023,07:17:47,-22.6543,166.9924,,401677598,-129,58,0,16-Dec-2023,07:19:09,-22.6543,166.9924,199,1375,9230,204,100,,,69,17,5,,,,,,,,,,,,,,,,,,,,,,,,,,,,,
7495,253101,3,A1,1,357,16-Dec-2023,07:17:47,-22.6543,166.9924,,401677598,-129,58,0,16-Dec-2023,07:19:27,-22.6543,166.9924,199,1375,9230,204,100,,,81,65,40,,,,,,,,,,,,,,,,,,,,,,,,,,,,,
7495,253101,3,CS,3,358,16-Dec-2023,07:27:38,-22.6492,166.9778,,401677596,-128,58,0,16-Dec-2023,07:19:27,-22.6492,166.9778,657,170,286,100,119,,,81,65,44,,,,,,,,,,,,,,,,,,,,,,,,,,,,,
7495,253101,3,CS,3,358,16-Dec-2023,07:27:38,-22.6492,166.9778,,401677596,-128,58,0,16-Dec-2023,07:26:56,-22.6492,166.9778,657,170,286,100,119,,,100,134,0,,,,,,,,,,,,,,,,,,,,,,,,,,,,,
7495,253101,3,CS,3,358,16-Dec-2023,07:27:38,-22.6492,166.9778,,401677596,-128,58,0,16-Dec-2023,07:27:42,-22.6492,166.9778,657,170,286,100,119,,,73,13,5,,,,,,,,,,,,,,,,,,,,,,,,,,,,,
7495,253101,3,CS,3,358,16-Dec-2023,07:27:38,-22.6492,166.9778,,401677596,-128,58,0,16-Dec-2023,07:28:16,-22.6492,166.9778,657,170,286,100,119,,,107,133,0,,,,,,,,,,,,,,,,,,,,,,,,,,,,,
7495,253101,3,CS,3,358,16-Dec-2023,07:27:38,-22.6492,166.9778,,401677596,-128,58,0,16-Dec-2023,07:28:51,-22.6492,166.9778,657,170,286,100,119,,,27,143,28,,,,,,,,,,,,,,,,,,,,,,,,,,,,,
7495,253101,3,CS,3,358,16-Dec-2023,07:27:38,-22.6492,166.9778,,401677596,-128,58,0,16-Dec-2023,07:29:18,-22.6492,166.9778,657,170,286,100,119,,,69,17,5,,,,,,,,,,,,,,,,,,,,,,,,,,,,,
7495,253101,3,CS,3,358,16-Dec-2023,07:27:38,-22.6492,166.9778,,401677596,-128,58,0,16-Dec-2023,07:29:49,-22.6492,166.9778,657,170,286,100,119,,,83,75,98,,,,,,,,,,,,,,,,,,,,,,,,,,,,,
7495,253101,3,CS,3,358,16-Dec-2023,07:27:38,-22.6492,166.9778,,401677596,-128,58,2,16-Dec-2023,07:30:24,-22.6492,166.9778,657,170,286,100,119,,,15,1,16,,,,,,,,,,,,,,,,,,,,,,,,,,,,,
7495,253101,3,NK,0,359,16-Dec-2023,07:41:36,-22.6482,166.9739,,401677592,-127,56,0,16-Dec-2023,07:40:38,-22.6482,166.9739,164,1730,5365,557,104,,,70,14,5,,,,,,,,,,,,,,,,,,,,,,,,,,,,,
7495,253101,3,NK,0,359,16-Dec-2023,07:41:36,-22.6482,166.9739,,401677592,-127,56,0,16-Dec-2023,07:41:08,-22.6482,166.9739,164,1730,5365,557,104,,,107,133,0,,,,,,,,,,,,,,,,,,,,,,,,,,,,,
7495,253101,3,NK,0,359,16-Dec-2023,07:41:36,-22.6482,166.9739,,401677592,-127,56,1,16-Dec-2023,07:41:43,-22.6482,166.9739,164,1730,5365,557,104,,,27,143,28,,,,,,,,,,,,,,,,,,,,,,,,,,,,,
7495,253101,3,NK,0,359,16-Dec-2023,07:41:36,-22.6482,166.9739,,401677592,-127,56,0,16-Dec-2023,07:41:58,-22.6482,166.9739,164,1730,5365,557,104,,,73,13,5,,,,,,,,,,,,,,,,,,,,,,,,,,,,,
7495,253101,3,NK,0,359,16-Dec-2023,07:41:36,-22.6482,166.9739,,401677592,-127,56,0,16-Dec-2023,07:42:27,-22.6482,166.9739,164,1730,5365,557,104,,,86,106,40,,,,,,,,,,,,,,,,,,,,,,,,,,,,,
7495,253101,3,NK,0,359,16-Dec-2023,07:41:36,-22.6482,166.9739,,401677592,-127,56,1,16-Dec-2023,07:43:22,-22.6482,166.9739,164,1730,5365,557,104,,,15,1,16,,,,,,,,,,,,,,,,,,,,,,,,,,,,,
7495,253101,3,MB,B,360,16-Dec-2023,09:13:20,-22.6409,166.9525,,401677589,-133,8,0,16-Dec-2023,09:13:10,-22.6409,166.9525,22,4386,5392,3567,61,,,15,1,16,,,,,,,,,,,,,,,,,,,,,,,,,,,,,
7495,253101,3,MB,B,360,16-Dec-2023,09:13:20,-22.6409,166.9525,,401677589,-133,8,0,16-Dec-2023,09:13:32,-22.6409,166.9525,22,4386,5392,3567,61,,,27,143,28,,,,,,,,,,,,,,,,,,,,,,,,,,,,,
7495,253101,3,NP,B,361,16-Dec-2023,09:33:25,-22.6418,166.9493,,401677598,-129,6,0,16-Dec-2023,09:33:25,-22.6418,166.9493,,4629,5373,3987,78,,,70,14,5,,,,,,,,,,,,,,,,,,,,,,,,,,,,,
7495,253101,3,MC, ,362,18-Dec-2023,11:11:38,,,,401650000,-124,,0,18-Dec-2023,11:11:38,,,,,,,,,,74,18,5,,,,,,,,,,,,,,,,,,,,,,,,,,,,,
7495,253101,31,CS, ,363,18-Dec-2023,18:49:06,,,,401650000,-132,,0,18-Dec-2023,18:49:06,,,,,,,,,,42,242,32,238,238,238,238,238,238,254,238,239,48,238,167,150,12,129,6,2,2,72,64,235,20,44,190,29,24,12,176,
7495,253101,3,SR, ,364,19-Dec-2023,06:20:33,,,,401650000,-128,,0,19-Dec-2023,06:20:33,,,,,,,,,,27,143,28,,,,,,,,,,,,,,,,,,,,,,,,,,,,,
7495,253101,3,A1, ,365,19-Dec-2023,06:20:33,,,,401650000,-129,,0,19-Dec-2023,06:20:33,,,,,,,,,,27,143,28,,,,,,,,,,,,,,,,,,,,,,,,,,,,,
7495,253101,3,A1, ,366,19-Dec-2023,07:51:47,,,,401650000,-140,,0,19-Dec-2023,07:51:47,,,,,,,,,,107,133,0,,,,,,,,,,,,,,,,,,,,,,,,,,,,,
7495,253101,3,MC,1,367,19-Dec-2023,09:05:54,-22.9630,166.6864,,401677591,-130,50,0,19-Dec-2023,09:02:54,-22.9630,166.6864,475,614,1237,304,172,,,34,130,166,,,,,,,,,,,,,,,,,,,,,,,,,,,,,
7495,253101,23,MC,1,367,19-Dec-2023,09:05:54,-22.9630,166.6864,,401677591,-130,50,0,19-Dec-2023,09:03:32,-22.9630,166.6864,475,614,1237,304,172,,,66,16,165,125,232,208,190,83,73,166,165,16,214,83,3,10,1,200,26,209,240,255,128,,,,,,,,,
7495,253101,3,MC,1,367,19-Dec-2023,09:05:54,-22.9630,166.6864,,401677591,-130,50,0,19-Dec-2023,09:06:47,-22.9630,166.6864,475,614,1237,304,172,,,64,32,5,,,,,,,,,,,,,,,,,,,,,,,,,,,,,
7495,253101,3,MC,1,367,19-Dec-2023,09:05:54,-22.9630,166.6864,,401677591,-130,50,1,19-Dec-2023,09:08:02,-22.9630,166.6864,475,614,1237,304,172,,,107,133,0,,,,,,,,,,,,,,,,,,,,,,,,,,,,,
7495,253101,3,MC,1,367,19-Dec-2023,09:05:54,-22.9630,166.6864,,401677591,-130,50,1,19-Dec-2023,09:08:23,-22.9630,166.6864,475,614,1237,304,172,,,15,1,16,,,,,,,,,,,,,,,,,,,,,,,,,,,,,
7495,253101,3,MC,1,367,19-Dec-2023,09:05:54,-22.9630,166.6864,,401677591,-130,50,1,19-Dec-2023,09:08:44,-22.9630,166.6864,475,614,1237,304,172,,,27,143,28,,,,,,,,,,,,,,,,,,,,,,,,,,,,,
7495,253101,3,MC,1,367,19-Dec-2023,09:05:54,-22.9630,166.6864,,401677591,-130,50,0,19-Dec-2023,09:09:53,-22.9630,166.6864,475,614,1237,304,172,,,100,134,0,,,,,,,,,,,,,,,,,,,,,,,,,,,,,
7495,253101,3,MC,1,367,19-Dec-2023,09:05:54,-22.9630,166.6864,,401677591,-130,50,2,19-Dec-2023,09:10:10,-22.9630,166.6864,475,614,1237,304,172,,,15,1,16,,,,,,,,,,,,,,,,,,,,,,,,,,,,,
7495,253101,3,MC,1,367,19-Dec-2023,09:05:54,-22.9630,166.6864,,401677591,-130,50,2,19-Dec-2023,09:10:33,-22.9630,166.6864,475,614,1237,304,172,,,27,143,28,,,,,,,,,,,,,,,,,,,,,,,,,,,,,
7495,253101,3,MC,1,367,19-Dec-2023,09:05:54,-22.9630,166.6864,,401677591,-130,50,0,19-Dec-2023,09:10:49,-22.9630,166.6864,475,614,1237,304,172,,,70,30,5,,,,,,,,,,,,,,,,,,,,,,,,,,,,,
7495,253101,3,MC,0,368,19-Dec-2023,20:19:55,-22.8890,166.6694,,401677549,-127,48,0,19-Dec-2023,20:19:21,-22.8890,166.6694,69,14092,43049,4612,23,,,83,149,41,,,,,,,,,,,,,,,,,,,,,,,,,,,,,
7495,253101,3,MC,0,368,19-Dec-2023,20:19:55,-22.8890,166.6694,,401677549,-127,48,0,19-Dec-2023,20:19:41,-22.8890,166.6694,69,14092,43049,4612,23,,,101,131,0,,,,,,,,,,,,,,,,,,,,,,,,,,,,,
7495,253101,3,MC,0,368,19-Dec-2023,20:19:55,-22.8890,166.6694,,401677549,-127,48,0,19-Dec-2023,20:20:09,-22.8890,166.6694,69,14092,43049,4612,23,,,15,1,16,,,,,,,,,,,,,,,,,,,,,,,,,,,,,
7495,253101,3,MC,0,368,19-Dec-2023,20:19:55,-22.8890,166.6694,,401677549,-127,48,0,19-Dec-2023,20:20:30,-22.8890,166.6694,69,14092,43049,4612,23,,,27,143,28,,,,,,,,,,,,,,,,,,,,,,,,,,,,,
7495,253101,3,SR,B,369,19-Dec-2023,20:20:05,-22.8259,166.6939,,401677586,-134,6,0,19-Dec-2023,20:19:41,-22.8259,166.6939,49,4978,10725,2309,45,,,101,131,0,,,,,,,,,,,,,,,,,,,,,,,,,,,,,
7495,253101,3,SR,B,369,19-Dec-2023,20:20:05,-22.8259,166.6939,,401677586,-134,6,0,19-Dec-2023,20:20:30,-22.8259,166.6939,49,4978,10725,2309,45,,,27,143,28,,,,,,,,,,,,,,,,,,,,,,,,,,,,,
7495,253101,3,SR,B,370,20-Dec-2023,18:15:34,-22.6269,166.4741,,401677607,-125,,0,20-Dec-2023,18:15:34,-22.6269,166.4741,,14087,35209,5635,67,,,107,133,0,,,,,,,,,,,,,,,,,,,,,,,,,,,,,
7495,253101,3,NK,B,371,20-Dec-2023,20:32:51,-22.5110,166.6177,,401677583,-124,8,0,20-Dec-2023,20:32:51,-22.5110,166.6177,,5328,22852,1242,90,,,15,1,16,,,,,,,,,,,,,,,,,,,,,,,,,,,,,
7495,253101,3,MB, ,372,20-Dec-2023,22:18:36,,,,401650000,,,0,20-Dec-2023,22:18:36,,,,,,,,,,27,143,28,,,,,,,,,,,,,,,,,,,,,,,,,,,,,
7495,253101,3,O3,B,373,21-Dec-2023,00:42:57,-22.4403,166.6767,,401677586,-120,8,0,21-Dec-2023,00:42:58,-22.4403,166.6767,,5042,20415,1245,89,,,79,35,5,,,,,,,,,,,,,,,,,,,,,,,,,,,,,
7495,253101,3,SR,B,374,21-Dec-2023,06:55:42,-22.3663,166.5488,,401677580,-126,8,0,21-Dec-2023,06:53:53,-22.3663,166.5488,218,3050,69887,133,127,,,27,143,28,,,,,,,,,,,,,,,,,,,,,,,,,,,,,
7495,253101,3,SR,B,374,21-Dec-2023,06:55:42,-22.3663,166.5488,,401677580,-126,8,0,21-Dec-2023,06:57:31,-22.3663,166.5488,218,3050,69887,133,127,,,65,53,5,,,,,,,,,,,,,,,,,,,,,,,,,,,,,
7495,253101,3,A1,B,375,21-Dec-2023,07:10:52,-22.3900,166.5800,,401677582,-131,6,0,21-Dec-2023,07:10:52,-22.3900,166.5800,,2983,21244,418,127,,,92,201,41,,,,,,,,,,,,,,,,,,,,,,,,,,,,,
7495,253101,3,SR,B,376,21-Dec-2023,17:44:09,-22.3447,166.7002,,401677537,-132,8,0,21-Dec-2023,17:44:09,-22.3447,166.7002,,3056,5364,1740,74,,,27,143,28,,,,,,,,,,,,,,,,,,,,,,,,,,,,,
7495,253101,3,CS,B,377,21-Dec-2023,18:25:41,-22.5197,166.5863,,401677575,-127,6,0,21-Dec-2023,18:23:11,-22.5197,166.5863,301,21624,982141,476,86,,,111,129,0,,,,,,,,,,,,,,,,,,,,,,,,,,,,,
7495,253101,3,CS,B,377,21-Dec-2023,18:25:41,-22.5197,166.5863,,401677575,-127,6,0,21-Dec-2023,18:28:12,-22.5197,166.5863,301,21624,982141,476,86,,,15,128,80,,,,,,,,,,,,,,,,,,,,,,,,,,,,,
7495,253101,3,NK,B,378,21-Dec-2023,18:28:11,-22.5032,166.5698,,401677600,-131,5,0,21-Dec-2023,18:28:12,-22.5032,166.5698,,4600,12052,1755,81,,,10,1,4,,,,,,,,,,,,,,,,,,,,,,,,,,,,,
7495,253101,3,NP,B,379,21-Dec-2023,19:42:56,-22.5785,166.5207,,401677583,-138,8,0,21-Dec-2023,19:42:57,-22.5785,166.5207,,21488,60494,7632,85,,,100,134,0,,,,,,,,,,,,,,,,,,,,,,,,,,,,,
7495,253101,3,A1,B,380,21-Dec-2023,20:18:07,-22.5685,166.4908,,401677586,-136,8,0,21-Dec-2023,20:18:08,-22.5685,166.4908,,19767,64738,6035,81,,,15,1,16,,,,,,,,,,,,,,,,,,,,,,,,,,,,,
7495,253101,3,A1,B,381,22-Dec-2023,06:48:54,-22.9187,166.0820,,401677562,-132,8,0,22-Dec-2023,06:48:55,-22.9187,166.0820,,4571,7816,2673,73,,,97,135,0,,,,,,,,,,,,,,,,,,,,,,,,,,,,,
7495,253101,3,A1,B,382,22-Dec-2023,18:24:12,-22.3747,166.5185,,401677599,-128,8,0,22-Dec-2023,18:24:12,-22.3747,166.5185,,19896,164154,2411,68,,,15,1,16,,,,,,,,,,,,,,,,,,,,,,,,,,,,,
7495,253101,3,SR,B,383,22-Dec-2023,18:51:44,-22.3754,166.5172,,401677599,-123,6,0,22-Dec-2023,18:51:45,-22.3754,166.5172,,17453,122146,2493,71,,,15,1,16,,,,,,,,,,,,,,,,,,,,,,,,,,,,,
7495,253101,3,CS,B,384,22-Dec-2023,19:24:10,-22.3782,166.4928,,401677582,-137,8,0,22-Dec-2023,19:24:11,-22.3782,166.4928,,17375,167183,1805,70,,,82,31,42,,,,,,,,,,,,,,,,,,,,,,,,,,,,,
7495,253101,3,SR,B,385,23-Dec-2023,07:38:04,-22.5505,166.0610,,401677576,-125,,0,23-Dec-2023,07:38:05,-22.5505,166.0610,,14564,55926,3792,87,,,27,143,28,,,,,,,,,,,,,,,,,,,,,,,,,,,,,
7495,253101,3,MB,B,386,23-Dec-2023,11:46:51,-22.5220,166.8205,,401677596,-136,8,0,23-Dec-2023,11:46:52,-22.5220,166.8205,,7096,35969,1399,71,,,64,48,5,,,,,,,,,,,,,,,,,,,,,,,,,,,,,
7495,253101,3,CS,B,387,23-Dec-2023,17:03:38,-22.6653,166.7361,,401677583,-133,8,0,23-Dec-2023,17:03:38,-22.6653,166.7361,,4796,12325,1866,85,,,100,134,0,,,,,,,,,,,,,,,,,,,,,,,,,,,,,
7495,253101,3,SR,B,388,23-Dec-2023,18:25:07,-22.6906,166.7378,,401677576,-133,8,0,23-Dec-2023,18:25:08,-22.6906,166.7378,,4168,9681,1793,95,,,67,31,5,,,,,,,,,,,,,,,,,,,,,,,,,,,,,
7495,253101,3,CS,B,389,23-Dec-2023,18:39:08,-22.6940,166.7602,,401677581,-128,6,0,23-Dec-2023,18:37:54,-22.6940,166.7602,150,1275,17053,95,28,,,15,1,16,,,,,,,,,,,,,,,,,,,,,,,,,,,,,
7495,253101,3,CS,B,389,23-Dec-2023,18:39:08,-22.6940,166.7602,,401677581,-128,6,0,23-Dec-2023,18:40:24,-22.6940,166.7602,150,1275,17053,95,28,,,67,29,3,,,,,,,,,,,,,,,,,,,,,,,,,,,,,
7495,253101,3,NK,A,390,23-Dec-2023,19:15:54,-22.7108,166.7717,,401677579,-124,8,0,23-Dec-2023,19:12:33,-22.7108,166.7717,330,230,871,60,137,,,27,143,28,,,,,,,,,,,,,,,,,,,,,,,,,,,,,
7495,253101,3,NK,A,390,23-Dec-2023,19:15:54,-22.7108,166.7717,,401677579,-124,8,0,23-Dec-2023,19:17:08,-22.7108,166.7717,330,230,871,60,137,,,71,27,5,,,,,,,,,,,,,,,,,,,,,,,,,,,,,
7495,253101,3,NK,A,390,23-Dec-2023,19:15:54,-22.7108,166.7717,,401677579,-124,8,0,23-Dec-2023,19:18:03,-22.7108,166.7717,330,230,871,60,137,,,92,86,42,,,,,,,,,,,,,,,,,,,,,,,,,,,,,
7495,253101,3,A1,B,391,24-Dec-2023,07:33:13,-22.8927,166.9691,,401677550,-141,,0,24-Dec-2023,07:33:13,-22.8927,166.9691,,3180,4669,2165,131,,,90,72,43,,,,,,,,,,,,,,,,,,,,,,,,,,,,,
7495,253101,23,CS,2,392,24-Dec-2023,17:58:59,-22.8595,167.0096,,401677585,-125,58,0,24-Dec-2023,17:58:40,-22.8595,167.0096,171,479,5537,41,101,,,79,16,201,102,163,211,39,96,27,57,161,148,69,20,200,104,21,216,255,148,180,3,199,,,,,,,,,
7495,253101,3,CS,2,392,24-Dec-2023,17:58:59,-22.8595,167.0096,,401677585,-125,58,0,24-Dec-2023,17:59:31,-22.8595,167.0096,171,479,5537,41,101,,,15,1,16,,,,,,,,,,,,,,,,,,,,,,,,,,,,,
7495,253101,3,CS,2,392,24-Dec-2023,17:58:59,-22.8595,167.0096,,401677585,-125,58,1,24-Dec-2023,18:00:44,-22.8595,167.0096,171,479,5537,41,101,,,27,143,28,,,,,,,,,,,,,,,,,,,,,,,,,,,,,
7495,253101,3,CS,2,392,24-Dec-2023,17:58:59,-22.8595,167.0096,,401677585,-125,58,0,24-Dec-2023,18:01:31,-22.8595,167.0096,171,479,5537,41,101,,,75,23,5,,,,,,,,,,,,,,,,,,,,,,,,,,,,,
7495,253101,3,CS,B,393,24-Dec-2023,19:37:49,-22.8752,167.0268,,401677573,-136,8,0,24-Dec-2023,19:37:49,-22.8752,167.0268,,2029,2429,1695,93,,,86,133,42,,,,,,,,,,,,,,,,,,,,,,,,,,,,,
7495,253101,3,SR,B,394,25-Dec-2023,06:32:35,-22.8165,167.0453,,401677555,-125,8,0,25-Dec-2023,06:32:36,-22.8165,167.0453,,4554,7109,2917,116,,,15,1,16,,,,,,,,,,,,,,,,,,,,,,,,,,,,,
7495,253101,31,A1,1,395,25-Dec-2023,07:16:23,-22.7021,166.9164,,401677583,-128,46,0,25-Dec-2023,07:12:54,-22.7021,166.9164,370,1149,4415,299,149,,,42,216,139,211,17,188,28,247,22,107,245,212,117,76,60,143,179,93,13,241,133,11,98,35,240,3,125,103,121,162,12,
7495,253101,3,A1,1,395,25-Dec-2023,07:16:23,-22.7021,166.9164,,401677583,-128,46,0,25-Dec-2023,07:13:36,-22.7021,166.9164,370,1149,4415,299,149,,,27,143,28,,,,,,,,,,,,,,,,,,,,,,,,,,,,,
7495,253101,3,A1,1,395,25-Dec-2023,07:16:23,-22.7021,166.9164,,401677583,-128,46,0,25-Dec-2023,07:17:40,-22.7021,166.9164,370,1149,4415,299,149,,,65,37,5,,,,,,,,,,,,,,,,,,,,,,,,,,,,,
7495,253101,3,A1,1,395,25-Dec-2023,07:16:23,-22.7021,166.9164,,401677583,-128,46,0,25-Dec-2023,07:18:43,-22.7021,166.9164,370,1149,4415,299,149,,,82,145,42,,,,,,,,,,,,,,,,,,,,,,,,,,,,,
7495,253101,3,A1,1,395,25-Dec-2023,07:16:23,-22.7021,166.9164,,401677583,-128,46,0,25-Dec-2023,07:19:04,-22.7021,166.9164,370,1149,4415,299,149,,,101,131,0,,,,,,,,,,,,,,,,,,,,,,,,,,,,,
7495,253101,31,NK,0,396,25-Dec-2023,07:16:04,-22.6952,166.9142,,401677583,-130,46,0,25-Dec-2023,07:12:54,-22.6952,166.9142,370,8035,54395,1187,165,,,42,218,160,206,87,97,126,85,111,78,123,58,138,11,189,21,121,90,27,56,78,80,67,41,158,27,246,164,59,222,248,
7495,253101,3,NK,0,396,25-Dec-2023,07:16:04,-22.6952,166.9142,,401677583,-130,46,0,25-Dec-2023,07:13:36,-22.6952,166.9142,370,8035,54395,1187,165,,,27,143,28,,,,,,,,,,,,,,,,,,,,,,,,,,,,,
7495,253101,3,NK,0,396,25-Dec-2023,07:16:04,-22.6952,166.9142,,401677583,-130,46,0,25-Dec-2023,07:18:43,-22.6952,166.9142,370,8035,54395,1187,165,,,82,145,42,,,,,,,,,,,,,,,,,,,,,,,,,,,,,
7495,253101,3,NK,0,396,25-Dec-2023,07:16:04,-22.6952,166.9142,,401677583,-130,46,0,25-Dec-2023,07:19:04,-22.6952,166.9142,370,8035,54395,1187,165,,,101,131,0,,,,,,,,,,,,,,,,,,,,,,,,,,,,,
7495,253101,23,NK, ,397,26-Dec-2023,08:24:57,,,,401650000,-129,,0,26-Dec-2023,08:24:57,,,,,,,,,,68,208,165,253,232,144,190,81,77,34,1,209,86,85,91,8,17,118,26,210,16,255,128,,,,,,,,,
7495,253101,31,NP, ,398,26-Dec-2023,09:11:22,,,,401650000,-132,,0,26-Dec-2023,09:11:22,,,,,,,,,,42,243,32,231,249,56,30,32,3,249,158,145,111,102,129,158,57,198,72,136,192,129,71,96,135,120,7,191,248,104,205,
7495,253101,3,MC, ,399,26-Dec-2023,22:48:32,,,,401650000,-132,,0,26-Dec-2023,22:48:32,,,,,,,,,,15,1,16,,,,,,,,,,,,,,,,,,,,,,,,,,,,,
7495,253101,3,SR, ,400,28-Dec-2023,05:04:04,,,,401650000,-139,,0,28-Dec-2023,05:04:04,,,,,,,,,,42,120,88,,,,,,,,,,,,,,,,,,,,,,,,,,,,,
7495,253101,3,CS,3,401,28-Dec-2023,05:52:49,-22.2992,167.2627,,401677584,-126,50,0,28-Dec-2023,05:49:08,-19.4364,-179.1966,566,160,266,96,83,,,88,2,43,,,,,,,,,,,,,,,,,,,,,,,,,,,,,
7495,253101,3,CS,3,401,28-Dec-2023,05:52:49,-22.2992,167.2627,,401677584,-126,50,0,28-Dec-2023,05:50:38,-19.4364,-179.1966,566,160,266,96,83,,,15,1,8,,,,,,,,,,,,,,,,,,,,,,,,,,,,,
7495,253101,3,CS,3,401,28-Dec-2023,05:52:49,-22.2992,167.2627,,401677584,-126,50,0,28-Dec-2023,05:52:11,-19.4364,-179.1966,566,160,266,96,83,,,89,7,43,,,,,,,,,,,,,,,,,,,,,,,,,,,,,
7495,253101,3,CS,3,401,28-Dec-2023,05:52:49,-22.2992,167.2627,,401677584,-126,50,0,28-Dec-2023,05:52:51,-19.4364,-179.1966,566,160,266,96,83,,,106,128,0,,,,,,,,,,,,,,,,,,,,,,,,,,,,,
7495,253101,3,CS,3,401,28-Dec-2023,05:52:49,-22.2992,167.2627,,401677584,-126,50,0,28-Dec-2023,05:53:37,-19.4364,-179.1966,566,160,266,96,83,,,27,143,31,,,,,,,,,,,,,,,,,,,,,,,,,,,,,
7495,253101,3,CS,3,401,28-Dec-2023,05:52:49,-22.2992,167.2627,,401677584,-126,50,1,28-Dec-2023,05:55:00,-19.4364,-179.1966,566,160,266,96,83,,,110,132,0,,,,,,,,,,,,,,,,,,,,,,,,,,,,,
7495,253101,3,CS,3,401,28-Dec-2023,05:52:49,-22.2992,167.2627,,401677584,-126,50,1,28-Dec-2023,05:55:22,-19.4364,-179.1966,566,160,266,96,83,,,15,1,16,,,,,,,,,,,,,,,,,,,,,,,,,,,,,
7495,253101,3,CS,3,401,28-Dec-2023,05:52:49,-22.2992,167.2627,,401677584,-126,50,1,28-Dec-2023,05:55:56,-19.4364,-179.1966,566,160,266,96,83,,,77,57,5,,,,,,,,,,,,,,,,,,,,,,,,,,,,,
7495,253101,23,CS,3,401,28-Dec-2023,05:52:49,-22.2992,167.2627,,401677584,-126,50,0,28-Dec-2023,05:56:40,-19.4364,-179.1966,566,160,266,96,83,,,66,144,165,253,232,144,190,81,78,24,62,85,148,86,35,10,11,228,26,211,176,254,16,,,,,,,,,
7495,253101,3,CS,3,401,28-Dec-2023,05:52:49,-22.2992,167.2627,,401677584,-126,50,2,28-Dec-2023,05:58:34,-19.4364,-179.1966,566,160,266,96,83,,,27,143,28,,,,,,,,,,,,,,,,,,,,,,,,,,,,,
7495,253101,3,A1,3,402,28-Dec-2023,06:11:39,-22.2938,167.2620,,401677580,-128,56,0,28-Dec-2023,06:07:28,-22.2938,167.2620,446,150,335,67,95,,,87,33,30,,,,,,,,,,,,,,,,,,,,,,,,,,,,,
7495,253101,3,A1,3,402,28-Dec-2023,06:11:39,-22.2938,167.2620,,401677580,-128,56,0,28-Dec-2023,06:07:58,-22.2938,167.2620,446,150,335,67,95,,,105,132,19,,,,,,,,,,,,,,,,,,,,,,,,,,,,,
7495,253101,3,A1,3,402,28-Dec-2023,06:11:39,-22.2938,167.2620,,401677580,-128,56,0,28-Dec-2023,06:10:01,-22.2938,167.2620,446,150,335,67,95,,,27,143,28,,,,,,,,,,,,,,,,,,,,,,,,,,,,,
7495,253101,3,A1,3,402,28-Dec-2023,06:11:39,-22.2938,167.2620,,401677580,-128,56,0,28-Dec-2023,06:12:57,-22.2938,167.2620,446,150,335,67,95,,,15,1,16,,,,,,,,,,,,,,,,,,,,,,,,,,,,,
7495,253101,3,A1,3,402,28-Dec-2023,06:11:39,-22.2938,167.2620,,401677580,-128,56,1,28-Dec-2023,06:14:16,-22.2938,167.2620,446,150,335,67,95,,,66,58,5,,,,,,,,,,,,,,,,,,,,,,,,,,,,,
7495,253101,3,A1,3,402,28-Dec-2023,06:11:39,-22.2938,167.2620,,401677580,-128,56,0,28-Dec-2023,06:14:32,-22.2938,167.2620,446,150,335,67,95,,,94,44,43,,,,,,,,,,,,,,,,,,,,,,,,,,,,,
7495,253101,3,A1,3,402,28-Dec-2023,06:11:39,-22.2938,167.2620,,401677580,-128,56,1,28-Dec-2023,06:14:54,-22.2938,167.2620,446,150,335,67,95,,,96,130,0,,,,,,,,,,,,,,,,,,,,,,,,,,,,,
7495,253101,3,SR,2,403,28-Dec-2023,06:40:37,-22.2834,167.2628,,401677580,-120,56,0,28-Dec-2023,06:36:21,-22.2834,167.2628,558,368,1039,130,107,,,15,1,16,,,,,,,,,,,,,,,,,,,,,,,,,,,,,
7495,253101,3,SR,2,403,28-Dec-2023,06:40:37,-22.2834,167.2628,,401677580,-120,56,0,28-Dec-2023,06:37:37,-22.2834,167.2628,558,368,1039,130,107,,,110,132,0,,,,,,,,,,,,,,,,,,,,,,,,,,,,,
7495,253101,3,SR,2,403,28-Dec-2023,06:40:37,-22.2834,167.2628,,401677580,-120,56,0,28-Dec-2023,06:38:34,-22.2834,167.2628,558,368,1039,130,107,,,71,45,91,,,,,,,,,,,,,,,,,,,,,,,,,,,,,
7495,253101,3,SR,2,403,28-Dec-2023,06:40:37,-22.2834,167.2628,,401677580,-120,56,0,28-Dec-2023,06:38:56,-22.2834,167.2628,558,368,1039,130,107,,,95,86,43,,,,,,,,,,,,,,,,,,,,,,,,,,,,,
7495,253101,3,SR,2,403,28-Dec-2023,06:40:37,-22.2834,167.2628,,401677580,-120,56,0,28-Dec-2023,06:40:58,-22.2834,167.2628,558,368,1039,130,107,,,86,91,43,,,,,,,,,,,,,,,,,,,,,,,,,,,,,
7495,253101,3,SR,2,403,28-Dec-2023,06:40:37,-22.2834,167.2628,,401677580,-120,56,2,28-Dec-2023,06:42:38,-22.2834,167.2628,558,368,1039,130,107,,,27,143,28,,,,,,,,,,,,,,,,,,,,,,,,,,,,,
7495,253101,3,SR,2,403,28-Dec-2023,06:40:37,-22.2834,167.2628,,401677580,-120,56,0,28-Dec-2023,06:42:58,-22.2834,167.2628,558,368,1039,130,107,,,70,62,5,,,,,,,,,,,,,,,,,,,,,,,,,,,,,
7495,253101,3,SR,2,403,28-Dec-2023,06:40:37,-22.2834,167.2628,,401677580,-120,56,0,28-Dec-2023,06:43:46,-22.2834,167.2628,558,368,1039,130,107,,,113,198,8,,,,,,,,,,,,,,,,,,,,,,,,,,,,,
7495,253101,3,SR,2,403,28-Dec-2023,06:40:37,-22.2834,167.2628,,401677580,-120,56,0,28-Dec-2023,06:45:08,-22.2834,167.2628,558,368,1039,130,107,,,67,63,5,,,,,,,,,,,,,,,,,,,,,,,,,,,,,
7495,253101,3,SR,2,403,28-Dec-2023,06:40:37,-22.2834,167.2628,,401677580,-120,56,0,28-Dec-2023,06:45:39,-22.2834,167.2628,558,368,1039,130,107,,,95,102,43,,,,,,,,,,,,,,,,,,,,,,,,,,,,,
7495,253101,3,NP,0,404,28-Dec-2023,19:59:39,-22.0951,167.1844,,401677572,-135,50,0,28-Dec-2023,19:57:56,-22.0951,167.1844,178,3777,18058,790,177,,,27,143,28,,,,,,,,,,,,,,,,,,,,,,,,,,,,,
7495,253101,3,NP,0,404,28-Dec-2023,19:59:39,-22.0951,167.1844,,401677572,-135,50,0,28-Dec-2023,19:59:15,-22.0951,167.1844,178,3777,18058,790,177,,,75,72,53,,,,,,,,,,,,,,,,,,,,,,,,,,,,,
7495,253101,3,NP,0,404,28-Dec-2023,19:59:39,-22.0951,167.1844,,401677572,-135,50,0,28-Dec-2023,20:00:32,-22.0951,167.1844,178,3777,18058,790,177,,,93,189,43,,,,,,,,,,,,,,,,,,,,,,,,,,,,,
7495,253101,3,NP,0,404,28-Dec-2023,19:59:39,-22.0951,167.1844,,401677572,-135,50,0,28-Dec-2023,20:00:54,-22.0951,167.1844,178,3777,18058,790,177,,,101,131,0,,,,,,,,,,,,,,,,,,,,,,,,,,,,,
7495,253101,3,NK,B,405,28-Dec-2023,20:22:49,-22.0902,167.1842,,401677578,-130,6,0,28-Dec-2023,20:22:29,-22.0902,167.1842,41,2256,3996,1272,168,,,15,1,16,,,,,,,,,,,,,,,,,,,,,,,,,,,,,
7495,253101,3,NK,B,405,28-Dec-2023,20:22:49,-22.0902,167.1842,,401677578,-130,6,0,28-Dec-2023,20:23:10,-22.0902,167.1842,41,2256,3996,1272,168,,,27,143,28,,,,,,,,,,,,,,,,,,,,,,,,,,,,,
7495,253101,3,CS,2,406,29-Dec-2023,06:53:48,-21.9915,167.0910,,401677581,-123,58,0,29-Dec-2023,06:50:10,-21.9915,167.0910,403,327,1050,101,64,,,107,133,0,,,,,,,,,,,,,,,,,,,,,,,,,,,,,
7495,253101,3,CS,2,406,29-Dec-2023,06:53:48,-21.9915,167.0910,,401677581,-123,58,0,29-Dec-2023,06:51:29,-21.9915,167.0910,403,327,1050,101,64,,,76,83,5,,,,,,,,,,,,,,,,,,,,,,,,,,,,,
7495,253101,3,CS,2,406,29-Dec-2023,06:53:48,-21.9915,167.0910,,401677581,-123,58,0,29-Dec-2023,06:52:13,-21.9915,167.0910,403,327,1050,101,64,,,92,231,43,,,,,,,,,,,,,,,,,,,,,,,,,,,,,
7495,253101,3,CS,2,406,29-Dec-2023,06:53:48,-21.9915,167.0910,,401677581,-123,58,0,29-Dec-2023,06:53:02,-21.9915,167.0910,403,327,1050,101,64,,,110,132,50,,,,,,,,,,,,,,,,,,,,,,,,,,,,,
7495,253101,3,CS,2,406,29-Dec-2023,06:53:48,-21.9915,167.0910,,401677581,-123,58,0,29-Dec-2023,06:54:50,-21.9915,167.0910,403,327,1050,101,64,,,91,236,43,,,,,,,,,,,,,,,,,,,,,,,,,,,,,
7495,253101,3,CS,2,406,29-Dec-2023,06:53:48,-21.9915,167.0910,,401677581,-123,58,0,29-Dec-2023,06:55:12,-21.9915,167.0910,403,327,1050,101,64,,,96,130,0,,,,,,,,,,,,,,,,,,,,,,,,,,,,,
7495,253101,3,CS,2,406,29-Dec-2023,06:53:48,-21.9915,167.0910,,401677581,-123,58,1,29-Dec-2023,06:56:02,-21.9915,167.0910,403,327,1050,101,64,,,15,1,16,,,,,,,,,,,,,,,,,,,,,,,,,,,,,
7495,253101,3,CS,2,406,29-Dec-2023,06:53:48,-21.9915,167.0910,,401677581,-123,58,1,29-Dec-2023,06:56:28,-21.9915,167.0910,403,327,1050,101,64,,,27,143,28,,,,,,,,,,,,,,,,,,,,,,,,,,,,,
7495,253101,3,CS,2,406,29-Dec-2023,06:53:48,-21.9915,167.0910,,401677581,-123,58,1,29-Dec-2023,06:56:53,-21.9915,167.0910,403,327,1050,101,64,,,77,86,5,,,,,,,,,,,,,,,,,,,,,,,,,,,,,
7495,253101,3,A1,A,407,29-Dec-2023,07:20:42,-21.9987,167.0921,,401677580,-131,6,0,29-Dec-2023,07:18:15,-21.9987,167.0921,230,1524,13566,171,81,,,85,54,44,,,,,,,,,,,,,,,,,,,,,,,,,,,,,
7495,253101,3,A1,A,407,29-Dec-2023,07:20:42,-21.9987,167.0921,,401677580,-131,6,0,29-Dec-2023,07:21:50,-21.9987,167.0921,230,1524,13566,171,81,,,100,134,0,,,,,,,,,,,,,,,,,,,,,,,,,,,,,
7495,253101,3,A1,A,407,29-Dec-2023,07:20:42,-21.9987,167.0921,,401677580,-131,6,0,29-Dec-2023,07:22:05,-21.9987,167.0921,230,1524,13566,171,81,,,15,1,16,,,,,,,,,,,,,,,,,,,,,,,,,,,,,
7495,253101,3,SR,B,408,29-Dec-2023,07:45:33,-21.9963,167.0888,,401677582,-132,6,0,29-Dec-2023,07:45:33,-21.9963,167.0888,338,495,2136,114,179,,,27,143,28,,,,,,,,,,,,,,,,,,,,,,,,,,,,,
7495,253101,3,SR,B,408,29-Dec-2023,07:45:33,-21.9963,167.0888,,401677582,-132,6,0,29-Dec-2023,07:51:11,-21.9963,167.0888,338,495,2136,114,179,,,77,86,5,,,,,,,,,,,,,,,,,,,,,,,,,,,,,
7495,253101,3,CS,0,409,29-Dec-2023,17:55:58,-22.1179,166.8514,,401677579,-122,58,0,29-Dec-2023,17:50:42,-22.1179,166.8514,538,3339,114683,97,102,,,68,52,5,,,,,,,,,,,,,,,,,,,,,,,,,,,,,
7495,253101,3,CS,0,409,29-Dec-2023,17:55:58,-22.1179,166.8514,,401677579,-122,58,0,29-Dec-2023,17:54:14,-22.1179,166.8514,538,3339,114683,97,102,,,84,203,201,,,,,,,,,,,,,,,,,,,,,,,,,,,,,
7495,253101,3,CS,0,409,29-Dec-2023,17:55:58,-22.1179,166.8514,,401677579,-122,58,0,29-Dec-2023,17:56:40,-22.1179,166.8514,538,3339,114683,97,102,,,89,69,44,,,,,,,,,,,,,,,,,,,,,,,,,,,,,
7495,253101,3,CS,0,409,29-Dec-2023,17:55:58,-22.1179,166.8514,,401677579,-122,58,0,29-Dec-2023,17:57:09,-22.1179,166.8514,538,3339,114683,97,102,,,107,133,0,,,,,,,,,,,,,,,,,,,,,,,,,,,,,
7495,253101,3,CS,0,409,29-Dec-2023,17:55:58,-22.1179,166.8514,,401677579,-122,58,0,29-Dec-2023,17:57:31,-22.1179,166.8514,538,3339,114683,97,102,,,15,1,16,,,,,,,,,,,,,,,,,,,,,,,,,,,,,
7495,253101,3,CS,0,409,29-Dec-2023,17:55:58,-22.1179,166.8514,,401677579,-122,58,2,29-Dec-2023,17:57:52,-22.1179,166.8514,538,3339,114683,97,102,,,27,143,28,,,,,,,,,,,,,,,,,,,,,,,,,,,,,
7495,253101,3,CS,0,409,29-Dec-2023,17:55:58,-22.1179,166.8514,,401677579,-122,58,0,29-Dec-2023,17:58:32,-22.1179,166.8514,538,3339,114683,97,102,,,69,78,5,,,,,,,,,,,,,,,,,,,,,,,,,,,,,
7495,253101,3,CS,0,409,29-Dec-2023,17:55:58,-22.1179,166.8514,,401677579,-122,58,0,29-Dec-2023,17:59:20,-22.1179,166.8514,538,3339,114683,97,102,,,90,78,44,,,,,,,,,,,,,,,,,,,,,,,,,,,,,
7495,253101,3,CS,0,409,29-Dec-2023,17:55:58,-22.1179,166.8514,,401677579,-122,58,0,29-Dec-2023,17:59:40,-22.1179,166.8514,538,3339,114683,97,102,,,105,126,0,,,,,,,,,,,,,,,,,,,,,,,,,,,,,
7495,253101,3,SR,B,410,29-Dec-2023,18:26:37,-21.9701,167.0169,,401677547,-129,8,0,29-Dec-2023,18:26:37,-21.9701,167.0169,,3278,3861,2782,120,,,27,143,28,,,,,,,,,,,,,,,,,,,,,,,,,,,,,
7495,253101,3,NK,B,411,29-Dec-2023,18:26:37,-22.1164,166.8506,,401677551,-137,8,0,29-Dec-2023,18:26:37,-22.1164,166.8506,,4684,7927,2767,103,,,27,143,28,,,,,,,,,,,,,,,,,,,,,,,,,,,,,
7495,253101,3,MB,B,412,29-Dec-2023,20:55:50,-22.1199,166.8680,,401677620,-133,8,0,29-Dec-2023,20:54:35,-22.1199,166.8680,150,1361,12677,146,124,,,15,1,16,,,,,,,,,,,,,,,,,,,,,,,,,,,,,
7495,253101,3,MB,B,412,29-Dec-2023,20:55:50,-22.1199,166.8680,,401677620,-133,8,0,29-Dec-2023,20:57:05,-22.1199,166.8680,150,1361,12677,146,124,,,27,143,28,,,,,,,,,,,,,,,,,,,,,,,,,,,,,
7495,253101,3,NP,0,413,29-Dec-2023,21:33:42,-22.2196,167.0046,,401677577,-127,48,0,29-Dec-2023,21:24:01,-22.2196,167.0046,614,5358,14570,1970,66,,,110,132,0,,,,,,,,,,,,,,,,,,,,,,,,,,,,,
7495,253101,3,NP,0,413,29-Dec-2023,21:33:42,-22.2196,167.0046,,401677577,-127,48,0,29-Dec-2023,21:24:44,-22.2196,167.0046,614,5358,14570,1970,66,,,15,1,12,,,,,,,,,,,,,,,,,,,,,,,,,,,,,
7495,253101,3,NP,0,413,29-Dec-2023,21:33:42,-22.2196,167.0046,,401677577,-127,48,0,29-Dec-2023,21:33:10,-22.2196,167.0046,614,5358,14570,1970,66,,,27,143,28,,,,,,,,,,,,,,,,,,,,,,,,,,,,,
7495,253101,3,NP,0,413,29-Dec-2023,21:33:42,-22.2196,167.0046,,401677577,-127,48,0,29-Dec-2023,21:34:15,-22.2196,167.0046,614,5358,14570,1970,66,,,67,64,5,,,,,,,,,,,,,,,,,,,,,,,,,,,,,
7495,253101,3,NN,B,414,29-Dec-2023,21:33:42,-22.2041,166.9736,,401677572,-132,8,0,29-Dec-2023,21:33:10,-22.2041,166.9736,65,7095,11653,4320,93,,,27,143,28,,,,,,,,,,,,,,,,,,,,,,,,,,,,,
7495,253101,3,NN,B,414,29-Dec-2023,21:33:42,-22.2041,166.9736,,401677572,-132,8,0,29-Dec-2023,21:34:15,-22.2041,166.9736,65,7095,11653,4320,93,,,67,64,5,,,,,,,,,,,,,,,,,,,,,,,,,,,,,
7495,253101,3,MC,B,415,29-Dec-2023,21:50:50,-22.2193,167.0047,,401677576,-118,6,0,29-Dec-2023,21:50:51,-22.2193,167.0047,,4989,8041,3095,71,,,91,95,44,,,,,,,,,,,,,,,,,,,,,,,,,,,,,
7495,253101,3,NK,B,416,30-Dec-2023,06:44:41,-22.5989,167.5893,,401677607,-140,8,0,30-Dec-2023,06:44:42,-22.5989,167.5893,,15994,24001,10657,101,,,83,119,44,,,,,,,,,,,,,,,,,,,,,,,,,,,,,
7495,253101,3,A1,B,417,30-Dec-2023,06:58:31,-22.7025,167.5021,,401677610,-132,8,0,30-Dec-2023,06:58:31,-22.7025,167.5021,,15086,23590,9647,141,,,70,46,5,,,,,,,,,,,,,,,,,,,,,,,,,,,,,
7495,253101,3,SR,B,418,30-Dec-2023,07:12:32,-22.5469,167.5130,,401677646,-135,6,0,30-Dec-2023,07:12:11,-22.5469,167.5130,44,7368,30466,1782,120,,,27,143,28,,,,,,,,,,,,,,,,,,,,,,,,,,,,,
7495,253101,3,SR,B,418,30-Dec-2023,07:12:32,-22.5469,167.5130,,401677646,-135,6,0,30-Dec-2023,07:12:55,-22.5469,167.5130,44,7368,30466,1782,120,,,86,135,44,,,,,,,,,,,,,,,,,,,,,,,,,,,,,
7495,253101,3,MC,B,419,30-Dec-2023,10:18:49,-22.4958,167.4936,,401677651,-120,8,0,30-Dec-2023,10:18:50,-22.4958,167.4936,,8407,22655,3119,101,,,107,133,0,,,,,,,,,,,,,,,,,,,,,,,,,,,,,
7495,253101,3,CS,B,420,30-Dec-2023,18:46:10,-22.8372,167.9338,,401677717,-137,8,0,30-Dec-2023,18:46:11,-22.8372,167.9338,,12994,20673,8167,104,,,96,130,0,,,,,,,,,,,,,,,,,,,,,,,,,,,,,
7495,253101,3,CS,0,421,31-Dec-2023,07:11:24,-22.5897,167.0741,,401677587,-128,40,0,31-Dec-2023,07:10:42,-22.5897,167.0741,113,12577,158461,998,87,,,102,125,0,,,,,,,,,,,,,,,,,,,,,,,,,,,,,
7495,253101,31,CS,0,421,31-Dec-2023,07:11:24,-22.5897,167.0741,,401677587,-128,40,0,31-Dec-2023,07:11:02,-22.5897,167.0741,113,12577,158461,998,87,,,41,82,249,183,0,156,220,21,188,1,97,171,167,166,117,164,198,251,231,32,191,1,242,1,255,128,254,19,240,239,6,
7495,253101,3,CS,0,421,31-Dec-2023,07:11:24,-22.5897,167.0741,,401677587,-128,40,0,31-Dec-2023,07:11:18,-22.5897,167.0741,113,12577,158461,998,87,,,15,1,16,,,,,,,,,,,,,,,,,,,,,,,,,,,,,
7495,253101,3,CS,0,421,31-Dec-2023,07:11:24,-22.5897,167.0741,,401677587,-128,40,0,31-Dec-2023,07:12:35,-22.5897,167.0741,113,12577,158461,998,87,,,71,43,5,,,,,,,,,,,,,,,,,,,,,,,,,,,,,
7495,253101,3,MC,A,422,31-Dec-2023,10:04:27,-22.6382,167.1020,,401677576,-126,8,0,31-Dec-2023,10:04:02,-22.6382,167.1020,61,6808,18153,2553,51,,,15,1,16,,,,,,,,,,,,,,,,,,,,,,,,,,,,,
7495,253101,3,MC,A,422,31-Dec-2023,10:04:27,-22.6382,167.1020,,401677576,-126,8,0,31-Dec-2023,10:04:17,-22.6382,167.1020,61,6808,18153,2553,51,,,27,220,241,,,,,,,,,,,,,,,,,,,,,,,,,,,,,
7495,253101,3,MC,A,422,31-Dec-2023,10:04:27,-22.6382,167.1020,,401677576,-126,8,0,31-Dec-2023,10:05:03,-22.6382,167.1020,61,6808,18153,2553,51,,,84,194,44,,,,,,,,,,,,,,,,,,,,,,,,,,,,,
7495,253101,31,O3, ,423,01-Jan-2024,14:30:55,,,,401650000,-137,,0,01-Jan-2024,14:30:55,,,,,,,,,,42,243,224,238,238,238,224,14,14,240,78,174,142,110,206,220,219,72,204,252,169,80,78,78,238,238,102,50,96,16,193,
7495,253101,23,A1,0,424,01-Jan-2024,17:55:51,-22.5591,167.1097,,401677582,-139,50,0,01-Jan-2024,17:55:10,-22.5591,167.1097,116,2444,15812,377,134,,,89,208,165,253,232,144,190,81,64,200,42,87,148,89,167,8,15,123,26,210,96,255,128,,,,,,,,,
7495,253101,3,A1,0,424,01-Jan-2024,17:55:51,-22.5591,167.1097,,401677582,-139,50,0,01-Jan-2024,17:55:28,-22.5591,167.1097,116,2444,15812,377,134,,,65,37,5,,,,,,,,,,,,,,,,,,,,,,,,,,,,,
7495,253101,3,A1,0,424,01-Jan-2024,17:55:51,-22.5591,167.1097,,401677582,-139,50,0,01-Jan-2024,17:55:43,-22.5591,167.1097,116,2444,15812,377,134,,,95,213,44,,,,,,,,,,,,,,,,,,,,,,,,,,,,,
7495,253101,3,A1,0,424,01-Jan-2024,17:55:51,-22.5591,167.1097,,401677582,-139,50,0,01-Jan-2024,17:57:06,-22.5591,167.1097,116,2444,15812,377,134,,,15,1,16,,,,,,,,,,,,,,,,,,,,,,,,,,,,,
7495,253101,3,CS,A,425,01-Jan-2024,19:12:13,-22.5865,167.1251,,401677576,-132,8,0,01-Jan-2024,19:11:03,-22.5865,167.1251,119,1498,7257,309,109,,,64,32,5,,,,,,,,,,,,,,,,,,,,,,,,,,,,,
7495,253101,3,CS,A,425,01-Jan-2024,19:12:13,-22.5865,167.1251,,401677576,-132,8,0,01-Jan-2024,19:12:36,-22.5865,167.1251,119,1498,7257,309,109,,,95,245,44,,,,,,,,,,,,,,,,,,,,,,,,,,,,,
7495,253101,3,CS,A,425,01-Jan-2024,19:12:13,-22.5865,167.1251,,401677576,-132,8,0,01-Jan-2024,19:13:02,-22.5865,167.1251,119,1498,7257,309,109,,,107,133,0,,,,,,,,,,,,,,,,,,,,,,,,,,,,,
7495,253101,3,A1,3,426,01-Jan-2024,19:26:32,-22.5693,167.0815,,401677585,-126,58,0,01-Jan-2024,19:23:31,-22.5693,167.0815,369,144,599,34,91,,,15,1,16,,,,,,,,,,,,,,,,,,,,,,,,,,,,,
7495,253101,3,A1,3,426,01-Jan-2024,19:26:32,-22.5693,167.0815,,401677585,-126,58,0,01-Jan-2024,19:24:11,-22.5693,167.0815,369,144,599,34,91,,,71,43,5,,,,,,,,,,,,,,,,,,,,,,,,,,,,,
7495,253101,3,A1,3,426,01-Jan-2024,19:26:32,-22.5693,167.0815,,401677585,-126,58,0,01-Jan-2024,19:28:49,-22.5693,167.0815,369,144,599,34,91,,,93,255,44,,,,,,,,,,,,,,,,,,,,,,,,,,,,,
7495,253101,3,A1,3,426,01-Jan-2024,19:26:32,-22.5693,167.0815,,401677585,-126,58,0,01-Jan-2024,19:29:40,-22.5693,167.0815,369,144,599,34,91,,,110,132,0,,,,,,,,,,,,,,,,,,,,,,,,,,,,,
7495,253101,3,MC,B,427,01-Jan-2024,20:46:50,-22.5840,167.0860,,401677577,-129,8,0,01-Jan-2024,20:46:50,-22.5840,167.0860,,1209,1364,1071,84,,,15,1,16,,,,,,,,,,,,,,,,,,,,,,,,,,,,,
7495,253101,3,NP,B,428,01-Jan-2024,20:46:50,-22.5797,167.0847,,401677580,-133,,0,01-Jan-2024,20:46:50,-22.5797,167.0847,,1378,1595,1190,151,,,15,1,16,,,,,,,,,,,,,,,,,,,,,,,,,,,,,
7495,253101,31,A1,B,429,02-Jan-2024,05:54:43,-22.5891,167.0863,,401677582,-132,8,0,02-Jan-2024,05:54:44,-22.5891,167.0863,,2721,5830,1269,82,,,42,243,224,238,238,238,224,14,14,238,238,238,14,238,238,222,243,192,238,238,224,0,14,14,238,238,238,14,14,238,126,
7495,253101,31,A1,B,430,02-Jan-2024,07:28:46,-22.6245,167.0190,,401677618,-132,6,0,02-Jan-2024,07:28:47,-22.6245,167.0190,,3400,4533,2549,111,,,42,243,224,238,238,238,224,14,14,238,238,238,14,242,239,110,249,249,80,56,83,138,199,155,188,254,183,150,141,119,63,
7495,253101,31,O3,B,431,03-Jan-2024,00:38:19,-22.8360,166.8081,,401677579,-127,,0,03-Jan-2024,00:38:19,-22.8360,166.8081,,6356,7377,5475,100,,,42,4,64,238,238,224,238,238,238,238,238,238,14,224,238,135,4,32,238,238,238,238,238,14,238,238,224,0,238,238,236,
7495,253101,3,CS,B,432,03-Jan-2024,06:47:03,-22.7709,166.8656,,401677597,-127,8,0,03-Jan-2024,06:47:03,-22.7709,166.8656,,6699,24492,1832,101,,,27,143,28,,,,,,,,,,,,,,,,,,,,,,,,,,,,,
7495,253101,3,SR,B,433,03-Jan-2024,06:47:03,-22.7595,166.9073,,401677578,-130,,0,03-Jan-2024,06:47:03,-22.7595,166.9073,,5986,27558,1300,107,,,27,143,28,,,,,,,,,,,,,,,,,,,,,,,,,,,,,
7495,253101,31,A1,B,434,03-Jan-2024,07:11:12,-22.7701,166.9265,,401677583,-129,6,0,03-Jan-2024,07:11:12,-22.7701,166.9265,,2318,4587,1171,105,,,42,4,64,238,238,224,238,238,238,238,238,238,14,224,238,135,4,32,238,238,238,238,238,14,238,238,224,0,238,238,236,
7495,253101,23,NP,B,435,03-Jan-2024,09:12:18,-22.7709,166.8900,,401677596,-128,8,0,03-Jan-2024,09:12:18,-22.7709,166.8900,,2127,4188,1079,73,,,67,48,165,253,232,144,190,81,65,149,125,177,197,200,78,253,215,59,29,218,12,106,169,,,,,,,,,
7495,253101,31,NK,B,436,03-Jan-2024,21:11:10,-22.7932,166.7981,,401677572,-126,8,0,03-Jan-2024,21:11:11,-22.7932,166.7981,,3611,5790,2251,108,,,42,4,64,238,238,224,238,238,238,238,238,238,14,224,238,135,4,32,238,238,238,238,238,14,238,238,224,0,238,238,236,
7495,253101,3,A1,2,437,04-Jan-2024,18:23:52,-22.4905,166.9185,,401677581,-130,50,0,04-Jan-2024,18:21:04,-22.4905,166.9185,431,256,356,184,163,,,73,45,5,,,,,,,,,,,,,,,,,,,,,,,,,,,,,
7495,253101,3,A1,2,437,04-Jan-2024,18:23:52,-22.4905,166.9185,,401677581,-130,50,0,04-Jan-2024,18:21:21,-22.4905,166.9185,431,256,356,184,163,,,86,89,45,,,,,,,,,,,,,,,,,,,,,,,,,,,,,
7495,253101,3,A1,2,437,04-Jan-2024,18:23:52,-22.4905,166.9185,,401677581,-130,50,0,04-Jan-2024,18:22:13,-22.4905,166.9185,431,256,356,184,163,,,101,131,0,,,,,,,,,,,,,,,,,,,,,,,,,,,,,
7495,253101,3,A1,2,437,04-Jan-2024,18:23:52,-22.4905,166.9185,,401677581,-130,50,1,04-Jan-2024,18:25:37,-22.4905,166.9185,431,256,356,184,163,,,27,143,28,,,,,,,,,,,,,,,,,,,,,,,,,,,,,
7495,253101,3,A1,2,437,04-Jan-2024,18:23:52,-22.4905,166.9185,,401677581,-130,50,0,04-Jan-2024,18:27:02,-22.4905,166.9185,431,256,356,184,163,,,110,132,0,,,,,,,,,,,,,,,,,,,,,,,,,,,,,
7495,253101,3,A1,2,437,04-Jan-2024,18:23:52,-22.4905,166.9185,,401677581,-130,50,2,04-Jan-2024,18:27:23,-22.4905,166.9185,431,256,356,184,163,,,15,1,16,,,,,,,,,,,,,,,,,,,,,,,,,,,,,
7495,253101,3,A1,2,437,04-Jan-2024,18:23:52,-22.4905,166.9185,,401677581,-130,50,1,04-Jan-2024,18:28:15,-22.4905,166.9185,431,256,356,184,163,,,76,44,5,,,,,,,,,,,,,,,,,,,,,,,,,,,,,
7495,253101,3,NP,2,438,04-Jan-2024,20:13:38,-22.4617,166.8997,,401677584,-133,58,0,04-Jan-2024,20:12:54,-22.4617,166.8997,399,359,719,179,43,,,100,134,0,,,,,,,,,,,,,,,,,,,,,,,,,,,,,
7495,253101,3,NP,2,438,04-Jan-2024,20:13:38,-22.4617,166.8997,,401677584,-133,58,0,04-Jan-2024,20:13:50,-22.4617,166.8997,399,359,719,179,43,,,15,1,16,,,,,,,,,,,,,,,,,,,,,,,,,,,,,
7495,253101,3,NP,2,438,04-Jan-2024,20:13:38,-22.4617,166.8997,,401677584,-133,58,0,04-Jan-2024,20:14:12,-22.4617,166.8997,399,359,719,179,43,,,27,143,28,,,,,,,,,,,,,,,,,,,,,,,,,,,,,
7495,253101,3,NP,2,438,04-Jan-2024,20:13:38,-22.4617,166.8997,,401677584,-133,58,0,04-Jan-2024,20:16:11,-22.4617,166.8997,399,359,719,179,43,,,66,42,5,,,,,,,,,,,,,,,,,,,,,,,,,,,,,
7495,253101,3,NP,2,438,04-Jan-2024,20:13:38,-22.4617,166.8997,,401677584,-133,58,0,04-Jan-2024,20:19:33,-22.4617,166.8997,399,359,719,179,43,,,77,96,3,,,,,,,,,,,,,,,,,,,,,,,,,,,,,
7495,253101,3,SR,A,439,04-Jan-2024,20:19:13,-22.4629,166.9031,,401677585,-127,6,0,04-Jan-2024,20:16:11,-22.4629,166.9031,345,269,508,141,116,,,66,42,36,,,,,,,,,,,,,,,,,,,,,,,,,,,,,
7495,253101,3,SR,A,439,04-Jan-2024,20:19:13,-22.4629,166.9031,,401677585,-127,6,0,04-Jan-2024,20:19:33,-22.4629,166.9031,345,269,508,141,116,,,92,42,36,,,,,,,,,,,,,,,,,,,,,,,,,,,,,
7495,253101,3,SR,A,439,04-Jan-2024,20:19:13,-22.4629,166.9031,,401677585,-127,6,0,04-Jan-2024,20:21:56,-22.4629,166.9031,345,269,508,141,116,,,106,128,0,,,,,,,,,,,,,,,,,,,,,,,,,,,,,
7495,253101,3,NK,3,440,04-Jan-2024,20:46:57,-22.4547,166.8937,,401677582,-124,56,0,04-Jan-2024,20:43:10,-22.4547,166.8937,657,167,269,103,85,,,101,131,0,,,,,,,,,,,,,,,,,,,,,,,,,,,,,
7495,253101,23,NK,3,440,04-Jan-2024,20:46:57,-22.4547,166.8937,,401677582,-124,56,0,04-Jan-2024,20:44:14,-22.4547,166.8937,657,167,269,103,85,,,87,208,165,29,145,240,169,79,198,212,7,114,250,68,37,8,1,255,26,210,224,255,128,,,,,,,,,
7495,253101,3,NK,3,440,04-Jan-2024,20:46:57,-22.4547,166.8937,,401677582,-124,56,0,04-Jan-2024,20:44:30,-22.4547,166.8937,657,167,269,103,85,,,81,131,45,,,,,,,,,,,,,,,,,,,,,,,,,,,,,
7495,253101,3,NK,3,440,04-Jan-2024,20:46:57,-22.4547,166.8937,,401677582,-124,56,0,04-Jan-2024,20:45:28,-22.4547,166.8937,657,167,269,103,85,,,27,143,28,,,,,,,,,,,,,,,,,,,,,,,,,,,,,
7495,253101,3,NK,3,440,04-Jan-2024,20:46:57,-22.4547,166.8937,,401677582,-124,56,1,04-Jan-2024,20:47:05,-22.4547,166.8937,657,167,269,103,85,,,110,132,0,,,,,,,,,,,,,,,,,,,,,,,,,,,,,
7495,253101,3,NK,3,440,04-Jan-2024,20:46:57,-22.4547,166.8937,,401677582,-124,56,0,04-Jan-2024,20:48:40,-22.4547,166.8937,657,167,269,103,85,,,87,141,45,,,,,,,,,,,,,,,,,,,,,,,,,,,,,
7495,253101,3,NK,3,440,04-Jan-2024,20:46:57,-22.4547,166.8937,,401677582,-124,56,2,04-Jan-2024,20:49:20,-22.4547,166.8937,657,167,269,103,85,,,15,1,16,,,,,,,,,,,,,,,,,,,,,,,,,,,,,
7495,253101,3,NK,3,440,04-Jan-2024,20:46:57,-22.4547,166.8937,,401677582,-124,56,3,04-Jan-2024,20:51:50,-22.4547,166.8937,657,167,269,103,85,,,64,48,5,,,,,,,,,,,,,,,,,,,,,,,,,,,,,
7495,253101,3,NK,3,440,04-Jan-2024,20:46:57,-22.4547,166.8937,,401677582,-124,56,0,04-Jan-2024,20:54:07,-22.4547,166.8937,657,167,269,103,85,,,84,146,45,,,,,,,,,,,,,,,,,,,,,,,,,,,,,
7495,253101,3,CS,B,441,06-Jan-2024,06:24:35,-22.7253,166.9597,,401677581,-128,,0,06-Jan-2024,06:24:21,-22.7253,166.9597,29,13753,217569,869,78,,,15,1,16,,,,,,,,,,,,,,,,,,,,,,,,,,,,,
7495,253101,3,CS,B,441,06-Jan-2024,06:24:35,-22.7253,166.9597,,401677581,-128,,0,06-Jan-2024,06:24:50,-22.7253,166.9597,29,13753,217569,869,78,,,27,143,28,,,,,,,,,,,,,,,,,,,,,,,,,,,,,
7495,253101,3,NK,B,442,06-Jan-2024,07:11:00,-22.7137,167.0264,,401677558,-133,8,0,06-Jan-2024,07:11:01,-22.7137,167.0264,,11855,67891,2070,77,,,93,0,46,,,,,,,,,,,,,,,,,,,,,,,,,,,,,
7495,253101,3,A1,2,443,06-Jan-2024,07:35:34,-22.7089,167.2324,,401677584,-135,56,0,06-Jan-2024,07:34:07,-22.7089,167.2324,239,377,692,205,33,,,27,143,28,,,,,,,,,,,,,,,,,,,,,,,,,,,,,
7495,253101,3,A1,2,443,06-Jan-2024,07:35:34,-22.7089,167.2324,,401677584,-135,56,0,06-Jan-2024,07:34:55,-22.7089,167.2324,239,377,692,205,33,,,104,106,255,,,,,,,,,,,,,,,,,,,,,,,,,,,,,
7495,253101,3,A1,2,443,06-Jan-2024,07:35:34,-22.7089,167.2324,,401677584,-135,56,0,06-Jan-2024,07:35:11,-22.7089,167.2324,239,377,692,205,33,,,15,1,16,,,,,,,,,,,,,,,,,,,,,,,,,,,,,
7495,253101,3,A1,2,443,06-Jan-2024,07:35:34,-22.7089,167.2324,,401677584,-135,56,1,06-Jan-2024,07:35:43,-22.7089,167.2324,239,377,692,205,33,,,67,64,5,,,,,,,,,,,,,,,,,,,,,,,,,,,,,
7495,253101,3,A1,2,443,06-Jan-2024,07:35:34,-22.7089,167.2324,,401677584,-135,56,0,06-Jan-2024,07:35:58,-22.7089,167.2324,239,377,692,205,33,,,86,88,46,,,,,,,,,,,,,,,,,,,,,,,,,,,,,
7495,253101,3,A1,2,443,06-Jan-2024,07:35:34,-22.7089,167.2324,,401677584,-135,56,0,06-Jan-2024,07:36:13,-22.7089,167.2324,239,377,692,205,33,,,110,132,64,,,,,,,,,,,,,,,,,,,,,,,,,,,,,
7495,253101,3,A1,2,443,06-Jan-2024,07:35:34,-22.7089,167.2324,,401677584,-135,56,0,06-Jan-2024,07:38:06,-22.7089,167.2324,239,377,692,205,33,,,27,143,19,,,,,,,,,,,,,,,,,,,,,,,,,,,,,
7495,253101,3,CS,0,444,06-Jan-2024,08:00:07,-22.6849,167.2033,,401677562,-134,48,0,06-Jan-2024,07:59:33,-22.6849,167.2033,72,10370,22258,4831,150,,,86,156,46,,,,,,,,,,,,,,,,,,,,,,,,,,,,,
7495,253101,3,CS,0,444,06-Jan-2024,08:00:07,-22.6849,167.2033,,401677562,-134,48,0,06-Jan-2024,07:59:48,-22.6849,167.2033,72,10370,22258,4831,150,,,110,132,0,,,,,,,,,,,,,,,,,,,,,,,,,,,,,
7495,253101,3,CS,0,444,06-Jan-2024,08:00:07,-22.6849,167.2033,,401677562,-134,48,0,06-Jan-2024,08:00:23,-22.6849,167.2033,72,10370,22258,4831,150,,,25,143,28,,,,,,,,,,,,,,,,,,,,,,,,,,,,,
7495,253101,3,CS,0,444,06-Jan-2024,08:00:07,-22.6849,167.2033,,401677562,-134,48,0,06-Jan-2024,08:00:45,-22.6849,167.2033,72,10370,22258,4831,150,,,73,61,5,,,,,,,,,,,,,,,,,,,,,,,,,,,,,
7495,253101,3,NP,B,445,06-Jan-2024,19:53:45,-22.8245,167.9131,Lon > 4 deviations from mean,401677728,-140,7,0,06-Jan-2024,19:53:45,-22.8245,167.9131,,22032,31855,15238,120,,,91,239,46,,,,,,,,,,,,,,,,,,,,,,,,,,,,,
7495,253101,3,NK,0,446,06-Jan-2024,19:58:34,-22.8710,167.2804,,401677584,-121,46,0,06-Jan-2024,19:53:45,-22.8710,167.2804,607,5192,70083,384,100,,,91,239,46,,,,,,,,,,,,,,,,,,,,,,,,,,,,,
7495,253101,3,NK,0,446,06-Jan-2024,19:58:34,-22.8710,167.2804,,401677584,-121,46,0,06-Jan-2024,19:56:18,-22.8710,167.2804,607,5192,70083,384,100,,,72,56,13,,,,,,,,,,,,,,,,,,,,,,,,,,,,,
7495,253101,3,NK,0,446,06-Jan-2024,19:58:34,-22.8710,167.2804,,401677584,-121,46,0,06-Jan-2024,19:56:40,-22.8710,167.2804,607,5192,70083,384,100,,,92,244,46,,,,,,,,,,,,,,,,,,,,,,,,,,,,,
7495,253101,3,NK,0,446,06-Jan-2024,19:58:34,-22.8710,167.2804,,401677584,-121,46,0,06-Jan-2024,19:56:57,-22.8710,167.2804,607,5192,70083,384,100,,,101,131,0,,,,,,,,,,,,,,,,,,,,,,,,,,,,,
7495,253101,3,NK,0,446,06-Jan-2024,19:58:34,-22.8710,167.2804,,401677584,-121,46,0,06-Jan-2024,19:58:59,-22.8710,167.2804,607,5192,70083,384,100,,,90,250,46,,,,,,,,,,,,,,,,,,,,,,,,,,,,,
7495,253101,3,NK,0,446,06-Jan-2024,19:58:34,-22.8710,167.2804,,401677584,-121,46,0,06-Jan-2024,20:03:26,-22.8710,167.2804,607,5192,70083,384,100,,,27,143,28,,,,,,,,,,,,,,,,,,,,,,,,,,,,,
7495,253101,3,NK,0,446,06-Jan-2024,19:58:34,-22.8710,167.2804,,401677584,-121,46,0,06-Jan-2024,20:03:52,-22.8710,167.2804,607,5192,70083,384,100,,,51,137,179,,,,,,,,,,,,,,,,,,,,,,,,,,,,,
7495,253101,3,MC,2,447,06-Jan-2024,20:45:12,-22.8697,167.3112,,401677584,-127,60,0,06-Jan-2024,20:44:33,-30.9500,-155.1161,400,291,536,157,45,,,15,1,16,,,,,,,,,,,,,,,,,,,,,,,,,,,,,
7495,253101,3,MC,2,447,06-Jan-2024,20:45:12,-22.8697,167.3112,,401677584,-127,60,0,06-Jan-2024,20:45:52,-30.9500,-155.1161,400,291,536,157,45,,,87,99,50,,,,,,,,,,,,,,,,,,,,,,,,,,,,,
7495,253101,3,MC,2,447,06-Jan-2024,20:45:12,-22.8697,167.3112,,401677584,-127,60,0,06-Jan-2024,20:47:20,-30.9500,-155.1161,400,291,536,157,45,,,77,57,5,,,,,,,,,,,,,,,,,,,,,,,,,,,,,
7495,253101,3,MC,2,447,06-Jan-2024,20:45:12,-22.8697,167.3112,,401677584,-127,60,1,06-Jan-2024,20:48:42,-30.9500,-155.1161,400,291,536,157,45,,,27,143,28,,,,,,,,,,,,,,,,,,,,,,,,,,,,,
7495,253101,3,MC,2,447,06-Jan-2024,20:45:12,-22.8697,167.3112,,401677584,-127,60,0,06-Jan-2024,20:50:03,-30.9500,-155.1161,400,291,536,157,45,,,101,131,0,,,,,,,,,,,,,,,,,,,,,,,,,,,,,
7495,253101,3,MC,2,447,06-Jan-2024,20:45:12,-22.8697,167.3112,,401677584,-127,60,0,06-Jan-2024,20:51:13,-30.9500,-155.1161,400,291,536,157,45,,,88,113,47,,,,,,,,,,,,,,,,,,,,,,,,,,,,,
7495,253101,3,NP,1,448,06-Jan-2024,21:32:01,-22.8582,167.3187,,401677581,-126,58,0,06-Jan-2024,21:25:41,-22.8582,167.3187,757,1438,30578,67,104,,,65,53,5,,,,,,,,,,,,,,,,,,,,,,,,,,,,,
7495,253101,3,NP,1,448,06-Jan-2024,21:32:01,-22.8582,167.3187,,401677581,-126,58,0,06-Jan-2024,21:27:49,-22.8582,167.3187,757,1438,30578,67,104,,,95,155,47,,,,,,,,,,,,,,,,,,,,,,,,,,,,,
7495,253101,3,NP,1,448,06-Jan-2024,21:32:01,-22.8582,167.3187,,401677581,-126,58,0,06-Jan-2024,21:32:01,-22.8582,167.3187,757,1438,30578,67,104,,,110,132,0,,,,,,,,,,,,,,,,,,,,,,,,,,,,,
7495,253101,3,NP,1,448,06-Jan-2024,21:32:01,-22.8582,167.3187,,401677581,-126,58,0,06-Jan-2024,21:37:43,-22.8582,167.3187,757,1438,30578,67,104,,,15,1,16,,,,,,,,,,,,,,,,,,,,,,,,,,,,,
7495,253101,3,NP,1,448,06-Jan-2024,21:32:01,-22.8582,167.3187,,401677581,-126,58,0,06-Jan-2024,21:38:03,-22.8582,167.3187,757,1438,30578,67,104,,,27,143,28,,,,,,,,,,,,,,,,,,,,,,,,,,,,,
7495,253101,3,NP,1,448,06-Jan-2024,21:32:01,-22.8582,167.3187,,401677581,-126,58,0,06-Jan-2024,21:38:18,-22.8582,167.3187,757,1438,30578,67,104,,,68,20,5,,,,,,,,,,,,,,,,,,,,,,,,,,,,,
7495,253101,3,MB,1,449,06-Jan-2024,21:38:01,-22.8530,167.2934,,401677580,-133,56,0,06-Jan-2024,21:27:49,-22.8530,167.2934,629,784,1463,420,11,,,95,153,47,,,,,,,,,,,,,,,,,,,,,,,,,,,,,
7495,253101,3,MB,1,449,06-Jan-2024,21:38:01,-22.8530,167.2934,,401677580,-133,56,0,06-Jan-2024,21:37:43,-22.8530,167.2934,629,784,1463,420,11,,,15,1,16,,,,,,,,,,,,,,,,,,,,,,,,,,,,,
7495,253101,3,MB,1,449,06-Jan-2024,21:38:01,-22.8530,167.2934,,401677580,-133,56,0,06-Jan-2024,21:38:03,-22.8530,167.2934,629,784,1463,420,11,,,27,141,28,,,,,,,,,,,,,,,,,,,,,,,,,,,,,
7495,253101,3,MB,1,449,06-Jan-2024,21:38:01,-22.8530,167.2934,,401677580,-133,56,0,06-Jan-2024,21:38:18,-22.8530,167.2934,629,784,1463,420,11,,,68,52,5,,,,,,,,,,,,,,,,,,,,,,,,,,,,,
7495,253101,3,NN,B,450,06-Jan-2024,21:32:01,-22.8541,167.3022,,401677579,-137,,0,06-Jan-2024,21:32:01,,,,2083,68674,63,104,,,110,132,0,,,,,,,,,,,,,,,,,,,,,,,,,,,,,
7495,253101,3,NK,A,451,06-Jan-2024,21:38:01,-22.8533,167.2930,,401677580,-135,,0,06-Jan-2024,21:37:43,-22.8533,167.2930,35,540,1008,288,11,,,15,1,16,,,,,,,,,,,,,,,,,,,,,,,,,,,,,
7495,253101,3,NK,A,451,06-Jan-2024,21:38:01,-22.8533,167.2930,,401677580,-135,,0,06-Jan-2024,21:38:03,-22.8533,167.2930,35,540,1008,288,11,,,27,143,28,,,,,,,,,,,,,,,,,,,,,,,,,,,,,
7495,253101,3,NK,A,451,06-Jan-2024,21:38:01,-22.8533,167.2930,,401677580,-135,,0,06-Jan-2024,21:38:18,-22.8533,167.2930,35,540,1008,288,11,,,68,52,5,,,,,,,,,,,,,,,,,,,,,,,,,,,,,
7495,253101,3,MC,B,452,06-Jan-2024,22:26:00,-22.8473,167.2955,,401677571,-116,8,0,06-Jan-2024,22:26:00,-22.8473,167.2955,,2564,3121,2105,107,,,95,171,47,,,,,,,,,,,,,,,,,,,,,,,,,,,,,
7495,253101,3,A1,B,453,07-Jan-2024,20:25:00,-22.6776,167.2829,,401677590,-140,,0,07-Jan-2024,20:25:01,-22.6776,167.2829,,8004,16060,3989,67,,,110,132,0,,,,,,,,,,,,,,,,,,,,,,,,,,,,,
7495,253101,3,MC,B,454,07-Jan-2024,20:25:58,-22.7214,167.2169,,401677554,-131,6,0,07-Jan-2024,20:25:01,-22.7214,167.2169,114,835,3057,228,170,,,110,132,0,,,,,,,,,,,,,,,,,,,,,,,,,,,,,
7495,253101,3,MC,B,454,07-Jan-2024,20:25:58,-22.7214,167.2169,,401677554,-131,6,0,07-Jan-2024,20:26:55,-22.7214,167.2169,114,835,3057,228,170,,,27,143,28,,,,,,,,,,,,,,,,,,,,,,,,,,,,,
7495,253101,3,SR,A,455,07-Jan-2024,20:25:50,-22.7403,167.2207,,401677605,-135,6,0,07-Jan-2024,20:25:01,-22.7403,167.2207,114,1530,8394,278,164,,,110,132,0,,,,,,,,,,,,,,,,,,,,,,,,,,,,,
7495,253101,3,SR,A,455,07-Jan-2024,20:25:50,-22.7403,167.2207,,401677605,-135,6,0,07-Jan-2024,20:25:36,-22.7403,167.2207,114,1530,8394,278,164,,,15,1,16,,,,,,,,,,,,,,,,,,,,,,,,,,,,,
7495,253101,3,SR,A,455,07-Jan-2024,20:25:50,-22.7403,167.2207,,401677605,-135,6,0,07-Jan-2024,20:26:55,-22.7403,167.2207,114,1530,8394,278,164,,,27,143,28,,,,,,,,,,,,,,,,,,,,,,,,,,,,,
7495,253101,3,NK,1,456,07-Jan-2024,21:08:44,-22.6810,167.2115,,401677585,-126,56,0,07-Jan-2024,21:08:02,-22.6810,167.2115,404,995,3538,279,12,,,15,1,16,,,,,,,,,,,,,,,,,,,,,,,,,,,,,
7495,253101,3,NK,1,456,07-Jan-2024,21:08:44,-22.6810,167.2115,,401677585,-126,56,0,07-Jan-2024,21:08:56,-22.6810,167.2115,404,995,3538,279,12,,,74,23,134,,,,,,,,,,,,,,,,,,,,,,,,,,,,,
7495,253101,3,NK,1,456,07-Jan-2024,21:08:44,-22.6810,167.2115,,401677585,-126,56,0,07-Jan-2024,21:09:16,-22.6810,167.2115,404,995,3538,279,12,,,86,66,48,,,,,,,,,,,,,,,,,,,,,,,,,,,,,
7495,253101,3,NK,1,456,07-Jan-2024,21:08:44,-22.6810,167.2115,,401677585,-126,56,0,07-Jan-2024,21:13:43,-22.6810,167.2115,404,995,3538,279,12,,,27,143,28,,,,,,,,,,,,,,,,,,,,,,,,,,,,,
7495,253101,3,NK,1,456,07-Jan-2024,21:08:44,-22.6810,167.2115,,401677585,-126,56,0,07-Jan-2024,21:14:46,-22.6810,167.2115,404,995,3538,279,12,,,69,49,45,,,,,,,,,,,,,,,,,,,,,,,,,,,,,
7495,253101,3,MB,B,457,07-Jan-2024,21:08:02,-22.7179,167.2175,,401677576,-132,8,0,07-Jan-2024,21:08:02,-22.7179,167.2175,,1218,1752,845,169,,,15,1,16,,,,,,,,,,,,,,,,,,,,,,,,,,,,,
7495,253101,3,NP,3,458,07-Jan-2024,21:23:17,-22.6846,167.2153,,401677584,-128,56,0,07-Jan-2024,21:13:43,-22.6846,167.2153,575,212,692,65,131,,,27,143,28,,,,,,,,,,,,,,,,,,,,,,,,,,,,,
7495,253101,3,NP,3,458,07-Jan-2024,21:23:17,-22.6846,167.2153,,401677584,-128,56,0,07-Jan-2024,21:14:46,-22.6846,167.2153,575,212,692,65,131,,,69,49,5,,,,,,,,,,,,,,,,,,,,,,,,,,,,,
7495,253101,3,NP,3,458,07-Jan-2024,21:23:17,-22.6846,167.2153,,401677584,-128,56,0,07-Jan-2024,21:21:06,-22.6846,167.2153,575,212,692,65,131,,,87,71,48,,,,,,,,,,,,,,,,,,,,,,,,,,,,,
7495,253101,3,NP,3,458,07-Jan-2024,21:23:17,-22.6846,167.2153,,401677584,-128,56,0,07-Jan-2024,21:23:18,-22.6846,167.2153,575,212,692,65,131,,,105,126,0,,,,,,,,,,,,,,,,,,,,,,,,,,,,,
7495,253101,3,MC,0,459,07-Jan-2024,22:07:22,-22.6734,167.2206,,401677583,-121,48,0,07-Jan-2024,21:59:40,-22.6734,167.2206,517,7632,270764,215,102,,,15,1,56,,,,,,,,,,,,,,,,,,,,,,,,,,,,,
7495,253101,3,MC,0,459,07-Jan-2024,22:07:22,-22.6734,167.2206,,401677583,-121,48,0,07-Jan-2024,22:06:31,-22.6734,167.2206,517,7632,270764,215,102,,,27,143,28,,,,,,,,,,,,,,,,,,,,,,,,,,,,,
7495,253101,3,MC,0,459,07-Jan-2024,22:07:22,-22.6734,167.2206,,401677583,-121,48,0,07-Jan-2024,22:07:19,-22.6734,167.2206,517,7632,270764,215,102,,,74,50,5,,,,,,,,,,,,,,,,,,,,,,,,,,,,,
7495,253101,3,MC,0,459,07-Jan-2024,22:07:22,-22.6734,167.2206,,401677583,-121,48,0,07-Jan-2024,22:08:17,-22.6734,167.2206,517,7632,270764,215,102,,,82,86,48,,,,,,,,,,,,,,,,,,,,,,,,,,,,,
7495,253101,3,MC,B,460,08-Jan-2024,08:51:16,-22.4596,167.2152,,401677535,-131,8,0,08-Jan-2024,08:51:17,-22.4596,167.2152,,17803,27637,11468,100,,,65,53,5,,,,,,,,,,,,,,,,,,,,,,,,,,,,,
7495,253101,3,NP,B,461,08-Jan-2024,09:47:11,-22.5364,167.2241,,401677572,-131,7,0,08-Jan-2024,09:47:11,-22.5364,167.2241,,23307,34981,15528,173,,,111,129,0,,,,,,,,,,,,,,,,,,,,,,,,,,,,,
7495,253101,3,SR,3,462,08-Jan-2024,18:15:53,-22.5663,166.9459,,401677583,-120,58,0,08-Jan-2024,18:10:25,-22.5663,166.9459,668,114,169,76,89,,,89,128,48,,,,,,,,,,,,,,,,,,,,,,,,,,,,,
7495,253101,3,SR,3,462,08-Jan-2024,18:15:53,-22.5663,166.9459,,401677583,-120,58,0,08-Jan-2024,18:12:21,-22.5663,166.9459,668,114,169,76,89,,,88,133,48,,,,,,,,,,,,,,,,,,,,,,,,,,,,,
7495,253101,3,SR,3,462,08-Jan-2024,18:15:53,-22.5663,166.9459,,401677583,-120,58,0,08-Jan-2024,18:12:39,-22.5663,166.9459,668,114,169,76,89,,,99,124,0,,,,,,,,,,,,,,,,,,,,,,,,,,,,,
7495,253101,23,SR,3,462,08-Jan-2024,18:15:53,-22.5663,166.9459,,401677583,-120,58,0,08-Jan-2024,18:13:48,-22.5663,166.9459,668,114,169,76,89,,,79,208,165,253,233,87,255,47,59,1,253,145,240,14,40,218,204,99,21,222,53,227,128,,,,,,,,,
7495,253101,3,SR,3,462,08-Jan-2024,18:15:53,-22.5663,166.9459,,401677583,-120,58,0,08-Jan-2024,18:14:28,-22.5663,166.9459,668,114,169,76,89,,,94,139,48,,,,,,,,,,,,,,,,,,,,,,,,,,,,,
7495,253101,3,SR,3,462,08-Jan-2024,18:15:53,-22.5663,166.9459,,401677583,-120,58,0,08-Jan-2024,18:16:03,-22.5663,166.9459,668,114,169,76,89,,,89,144,48,,,,,,,,,,,,,,,,,,,,,,,,,,,,,
7495,253101,3,SR,3,462,08-Jan-2024,18:15:53,-22.5663,166.9459,,401677583,-120,58,0,08-Jan-2024,18:16:25,-22.5663,166.9459,668,114,169,76,89,,,101,131,0,,,,,,,,,,,,,,,,,,,,,,,,,,,,,
7495,253101,3,SR,3,462,08-Jan-2024,18:15:53,-22.5663,166.9459,,401677583,-120,58,3,08-Jan-2024,18:16:59,-22.5663,166.9459,668,114,169,76,89,,,27,143,28,,,,,,,,,,,,,,,,,,,,,,,,,,,,,
7495,253101,3,SR,3,462,08-Jan-2024,18:15:53,-22.5663,166.9459,,401677583,-120,58,0,08-Jan-2024,18:17:16,-22.5663,166.9459,668,114,169,76,89,,,78,54,5,,,,,,,,,,,,,,,,,,,,,,,,,,,,,
7495,253101,3,SR,3,462,08-Jan-2024,18:15:53,-22.5663,166.9459,,401677583,-120,58,0,08-Jan-2024,18:17:43,-22.5663,166.9459,668,114,169,76,89,,,88,149,48,,,,,,,,,,,,,,,,,,,,,,,,,,,,,
7495,253101,3,SR,3,462,08-Jan-2024,18:15:53,-22.5663,166.9459,,401677583,-120,58,0,08-Jan-2024,18:19:06,-22.5663,166.9459,668,114,169,76,89,,,65,53,5,,,,,,,,,,,,,,,,,,,,,,,,,,,,,
7495,253101,3,SR,3,462,08-Jan-2024,18:15:53,-22.5663,166.9459,,401677583,-120,58,0,08-Jan-2024,18:19:21,-22.5663,166.9459,668,114,169,76,89,,,91,154,48,,,,,,,,,,,,,,,,,,,,,,,,,,,,,
7495,253101,3,SR,3,462,08-Jan-2024,18:15:53,-22.5663,166.9459,,401677583,-120,58,0,08-Jan-2024,18:19:52,-22.5663,166.9459,668,114,169,76,89,,,15,1,20,,,,,,,,,,,,,,,,,,,,,,,,,,,,,
7495,253101,3,SR,3,462,08-Jan-2024,18:15:53,-22.5663,166.9459,,401677583,-120,58,3,08-Jan-2024,18:20:34,-22.5663,166.9459,668,114,169,76,89,,,68,52,5,,,,,,,,,,,,,,,,,,,,,,,,,,,,,
7495,253101,3,SR,3,462,08-Jan-2024,18:15:53,-22.5663,166.9459,,401677583,-120,58,0,08-Jan-2024,18:20:50,-22.5663,166.9459,668,114,169,76,89,,,90,159,49,,,,,,,,,,,,,,,,,,,,,,,,,,,,,
7495,253101,3,SR,3,462,08-Jan-2024,18:15:53,-22.5663,166.9459,,401677583,-120,58,0,08-Jan-2024,18:21:16,-22.5663,166.9459,668,114,169,76,89,,,111,129,0,,,,,,,,,,,,,,,,,,,,,,,,,,,,,
7495,253101,3,SR,3,462,08-Jan-2024,18:15:53,-22.5663,166.9459,,401677583,-120,58,2,08-Jan-2024,18:21:33,-22.5663,166.9459,668,114,169,76,89,,,15,1,16,,,,,,,,,,,,,,,,,,,,,,,,,,,,,
7495,253101,3,A1,3,463,08-Jan-2024,18:31:07,-22.5726,166.9374,,401677583,-127,56,0,08-Jan-2024,18:27:19,-22.5726,166.9374,457,129,186,89,133,,,78,54,5,,,,,,,,,,,,,,,,,,,,,,,,,,,,,
7495,253101,3,A1,3,463,08-Jan-2024,18:31:07,-22.5726,166.9374,,401677583,-127,56,0,08-Jan-2024,18:29:39,-22.5726,166.9374,457,129,186,89,133,,,27,143,28,,,,,,,,,,,,,,,,,,,,,,,,,,,,,
7495,253101,3,A1,3,463,08-Jan-2024,18:31:07,-22.5726,166.9374,,401677583,-127,56,0,08-Jan-2024,18:29:54,-22.5726,166.9374,457,129,186,89,133,,,65,53,5,,,,,,,,,,,,,,,,,,,,,,,,,,,,,
7495,253101,3,A1,3,463,08-Jan-2024,18:31:07,-22.5726,166.9374,,401677583,-127,56,0,08-Jan-2024,18:30:12,-22.5726,166.9374,457,129,186,89,133,,,93,180,50,,,,,,,,,,,,,,,,,,,,,,,,,,,,,
7495,253101,3,A1,3,463,08-Jan-2024,18:31:07,-22.5726,166.9374,,401677583,-127,56,0,08-Jan-2024,18:32:16,-22.5726,166.9374,457,129,186,89,133,,,106,128,0,,,,,,,,,,,,,,,,,,,,,,,,,,,,,
7495,253101,3,A1,3,463,08-Jan-2024,18:31:07,-22.5726,166.9374,,401677583,-127,56,1,08-Jan-2024,18:32:43,-22.5726,166.9374,457,129,186,89,133,,,15,1,16,,,,,,,,,,,,,,,,,,,,,,,,,,,,,
7495,253101,3,A1,3,463,08-Jan-2024,18:31:07,-22.5726,166.9374,,401677583,-127,56,0,08-Jan-2024,18:33:54,-22.5726,166.9374,457,129,186,89,133,,,75,55,5,,,,,,,,,,,,,,,,,,,,,,,,,,,,,
7495,253101,3,A1,3,463,08-Jan-2024,18:31:07,-22.5726,166.9374,,401677583,-127,56,0,08-Jan-2024,18:34:56,-22.5726,166.9374,457,129,186,89,133,,,110,132,0,,,,,,,,,,,,,,,,,,,,,,,,,,,,,
7495,253101,3,SR,2,464,08-Jan-2024,19:53:44,-22.5949,166.9229,,401677583,-125,58,0,08-Jan-2024,19:52:05,-22.5949,166.9229,286,377,709,200,148,,,82,232,48,,,,,,,,,,,,,,,,,,,,,,,,,,,,,
7495,253101,3,SR,2,464,08-Jan-2024,19:53:44,-22.5949,166.9229,,401677583,-125,58,0,08-Jan-2024,19:52:39,-22.5949,166.9229,286,377,709,200,148,,,15,1,16,,,,,,,,,,,,,,,,,,,,,,,,,,,,,
7495,253101,3,SR,2,464,08-Jan-2024,19:53:44,-22.5949,166.9229,,401677583,-125,58,0,08-Jan-2024,19:54:10,-22.5949,166.9229,286,377,709,200,148,,,92,238,29,,,,,,,,,,,,,,,,,,,,,,,,,,,,,
7495,253101,3,SR,2,464,08-Jan-2024,19:53:44,-22.5949,166.9229,,401677583,-125,58,1,08-Jan-2024,19:56:51,-22.5949,166.9229,286,377,709,200,148,,,27,143,28,,,,,,,,,,,,,,,,,,,,,,,,,,,,,
7495,253101,3,SR,B,465,09-Jan-2024,07:08:25,-22.5794,166.8291,,401677594,-137,8,0,09-Jan-2024,07:08:26,-22.5794,166.8291,,6845,7323,6397,73,,,73,61,5,,,,,,,,,,,,,,,,,,,,,,,,,,,,,
7495,253101,3,O3,B,466,10-Jan-2024,02:00:31,-22.7631,166.9483,,401677609,-137,,0,10-Jan-2024,02:00:31,-22.7631,166.9483,,9682,23577,3975,84,,,107,133,0,,,,,,,,,,,,,,,,,,,,,,,,,,,,,
7495,253101,3,NK,2,467,10-Jan-2024,19:56:28,-22.8550,167.3021,,401677583,-123,50,0,10-Jan-2024,19:52:50,-22.8550,167.3021,467,368,1792,75,101,,,89,63,51,,,,,,,,,,,,,,,,,,,,,,,,,,,,,
7495,253101,3,NK,2,467,10-Jan-2024,19:56:28,-22.8550,167.3021,,401677583,-123,50,0,10-Jan-2024,19:53:11,-22.8550,167.3021,467,368,1792,75,101,,,27,31,96,,,,,,,,,,,,,,,,,,,,,,,,,,,,,
7495,253101,3,NK,2,467,10-Jan-2024,19:56:28,-22.8550,167.3021,,401677583,-123,50,0,10-Jan-2024,19:55:56,-22.8550,167.3021,467,368,1792,75,101,,,101,131,80,,,,,,,,,,,,,,,,,,,,,,,,,,,,,
7495,253101,3,NK,2,467,10-Jan-2024,19:56:28,-22.8550,167.3021,,401677583,-123,50,1,10-Jan-2024,19:57:03,-22.8550,167.3021,467,368,1792,75,101,,,78,54,5,,,,,,,,,,,,,,,,,,,,,,,,,,,,,
7495,253101,3,NK,2,467,10-Jan-2024,19:56:28,-22.8550,167.3021,,401677583,-123,50,0,10-Jan-2024,19:57:20,-22.8550,167.3021,467,368,1792,75,101,,,91,74,51,,,,,,,,,,,,,,,,,,,,,,,,,,,,,
7495,253101,3,NK,2,467,10-Jan-2024,19:56:28,-22.8550,167.3021,,401677583,-123,50,0,10-Jan-2024,19:58:46,-22.8550,167.3021,467,368,1792,75,101,,,90,79,51,,,,,,,,,,,,,,,,,,,,,,,,,,,,,
7495,253101,3,NK,2,467,10-Jan-2024,19:56:28,-22.8550,167.3021,,401677583,-123,50,3,10-Jan-2024,19:59:20,-22.8550,167.3021,467,368,1792,75,101,,,15,1,16,,,,,,,,,,,,,,,,,,,,,,,,,,,,,
7495,253101,3,NK,2,467,10-Jan-2024,19:56:28,-22.8550,167.3021,,401677583,-123,50,4,10-Jan-2024,19:59:39,-22.8550,167.3021,467,368,1792,75,101,,,27,143,28,,,,,,,,,,,,,,,,,,,,,,,,,,,,,
7495,253101,3,NK,2,467,10-Jan-2024,19:56:28,-22.8550,167.3021,,401677583,-123,50,1,10-Jan-2024,19:59:57,-22.8550,167.3021,467,368,1792,75,101,,,75,55,5,,,,,,,,,,,,,,,,,,,,,,,,,,,,,
7495,253101,3,NK,2,467,10-Jan-2024,19:56:28,-22.8550,167.3021,,401677583,-123,50,0,10-Jan-2024,20:00:37,-22.8550,167.3021,467,368,1792,75,101,,,107,133,0,,,,,,,,,,,,,,,,,,,,,,,,,,,,,
7495,253101,3,NP,2,468,10-Jan-2024,20:45:44,-22.8598,167.3148,,401677591,-126,58,0,10-Jan-2024,20:42:57,-22.8598,167.3148,348,337,1324,85,97,,,72,49,89,,,,,,,,,,,,,,,,,,,,,,,,,,,,,
7495,253101,3,NP,2,468,10-Jan-2024,20:45:44,-22.8598,167.3148,,401677591,-126,58,0,10-Jan-2024,20:43:13,-22.8598,167.3148,348,337,1324,85,97,,,84,105,51,,,,,,,,,,,,,,,,,,,,,,,,,,,,,
7495,253101,3,NP,2,468,10-Jan-2024,20:45:44,-22.8598,167.3148,,401677591,-126,58,0,10-Jan-2024,20:43:33,-22.8598,167.3148,348,337,1324,85,97,,,110,132,0,,,,,,,,,,,,,,,,,,,,,,,,,,,,,
7495,253101,3,NP,2,468,10-Jan-2024,20:45:44,-22.8598,167.3148,,401677591,-126,58,0,10-Jan-2024,20:44:20,-22.8598,167.3148,348,337,1324,85,97,,,73,45,5,,,,,,,,,,,,,,,,,,,,,,,,,,,,,
7495,253101,3,NP,2,468,10-Jan-2024,20:45:44,-22.8598,167.3148,,401677591,-126,58,0,10-Jan-2024,20:44:35,-22.8598,167.3148,348,337,1324,85,97,,,95,110,51,,,,,,,,,,,,,,,,,,,,,,,,,,,,,
7495,253101,3,NP,2,468,10-Jan-2024,20:45:44,-22.8598,167.3148,,401677591,-126,58,0,10-Jan-2024,20:44:51,-22.8598,167.3148,348,337,1324,85,97,,,96,130,0,,,,,,,,,,,,,,,,,,,,,,,,,,,,,
7495,253101,3,NP,2,468,10-Jan-2024,20:45:44,-22.8598,167.3148,,401677591,-126,58,0,10-Jan-2024,20:45:37,-22.8598,167.3148,348,337,1324,85,97,,,69,49,5,,,,,,,,,,,,,,,,,,,,,,,,,,,,,
7495,253101,3,NP,2,468,10-Jan-2024,20:45:44,-22.8598,167.3148,,401677591,-126,58,0,10-Jan-2024,20:45:54,-22.8598,167.3148,348,337,1324,85,97,,,86,115,51,,,,,,,,,,,,,,,,,,,,,,,,,,,,,
7495,253101,3,NP,2,468,10-Jan-2024,20:45:44,-22.8598,167.3148,,401677591,-126,58,0,10-Jan-2024,20:46:09,-22.8598,167.3148,348,337,1324,85,97,,,102,125,0,,,,,,,,,,,,,,,,,,,,,,,,,,,,,
7495,253101,3,NP,2,468,10-Jan-2024,20:45:44,-22.8598,167.3148,,401677591,-126,58,2,10-Jan-2024,20:46:41,-22.8598,167.3148,348,337,1324,85,97,,,27,143,28,,,,,,,,,,,,,,,,,,,,,,,,,,,,,
7495,253101,3,NP,2,468,10-Jan-2024,20:45:44,-22.8598,167.3148,,401677591,-126,58,0,10-Jan-2024,20:47:29,-22.8598,167.3148,348,337,1324,85,97,,,84,121,51,,,,,,,,,,,,,,,,,,,,,,,,,,,,,
7495,253101,3,NP,2,468,10-Jan-2024,20:45:44,-22.8598,167.3148,,401677591,-126,58,0,10-Jan-2024,20:47:44,-22.8598,167.3148,348,337,1324,85,97,,,101,131,0,,,,,,,,,,,,,,,,,,,,,,,,,,,,,
7495,253101,3,NP,2,468,10-Jan-2024,20:45:44,-22.8598,167.3148,,401677591,-126,58,2,10-Jan-2024,20:47:59,-22.8598,167.3148,348,337,1324,85,97,,,15,1,16,,,,,,,,,,,,,,,,,,,,,,,,,,,,,
7495,253101,3,NP,2,468,10-Jan-2024,20:45:44,-22.8598,167.3148,,401677591,-126,58,0,10-Jan-2024,20:48:30,-22.8598,167.3148,348,337,1324,85,97,,,90,50,5,,,,,,,,,,,,,,,,,,,,,,,,,,,,,
7495,253101,3,NP,2,468,10-Jan-2024,20:45:44,-22.8598,167.3148,,401677591,-126,58,0,10-Jan-2024,20:48:45,-22.8598,167.3148,348,337,1324,85,97,,,95,126,179,,,,,,,,,,,,,,,,,,,,,,,,,,,,,
7495,253101,3,MC,3,469,10-Jan-2024,20:59:15,-22.8418,167.3191,,401677583,-128,56,0,10-Jan-2024,20:59:08,-22.8418,167.3191,567,202,272,150,163,,,15,1,16,,,,,,,,,,,,,,,,,,,,,,,,,,,,,
7495,253101,3,MC,3,469,10-Jan-2024,20:59:15,-22.8418,167.3191,,401677583,-128,56,0,10-Jan-2024,20:59:24,-22.8418,167.3191,567,202,272,150,163,,,27,143,28,,,,,,,,,,,,,,,,,,,,,,,,,,,,,
7495,253101,3,MC,3,469,10-Jan-2024,20:59:15,-22.8418,167.3191,,401677583,-128,56,0,10-Jan-2024,21:00:15,-22.8418,167.3191,567,202,272,150,163,,,87,167,51,,,,,,,,,,,,,,,,,,,,,,,,,,,,,
7495,253101,3,MC,3,469,10-Jan-2024,20:59:15,-22.8418,167.3191,,401677583,-128,56,0,10-Jan-2024,21:00:32,-22.8418,167.3191,567,202,272,150,163,,,107,133,0,,,,,,,,,,,,,,,,,,,,,,,,,,,,,
7495,253101,23,MC,3,469,10-Jan-2024,20:59:15,-22.8418,167.3191,,401677583,-128,56,0,10-Jan-2024,21:00:51,-22.8418,167.3191,567,202,272,150,163,,,82,144,165,253,232,144,190,81,69,84,141,79,88,103,83,8,1,169,26,211,64,248,0,,,,,,,,,
7495,253101,3,MC,3,469,10-Jan-2024,20:59:15,-22.8418,167.3191,,401677583,-128,56,0,10-Jan-2024,21:02:10,-22.8418,167.3191,567,202,272,150,163,,,85,173,51,,,,,,,,,,,,,,,,,,,,,,,,,,,,,
7495,253101,3,MC,3,469,10-Jan-2024,20:59:15,-22.8418,167.3191,,401677583,-128,56,0,10-Jan-2024,21:03:36,-22.8418,167.3191,567,202,272,150,163,,,65,53,5,,,,,,,,,,,,,,,,,,,,,,,,,,,,,
7495,253101,3,MC,3,469,10-Jan-2024,20:59:15,-22.8418,167.3191,,401677583,-128,56,0,10-Jan-2024,21:04:14,-22.8418,167.3191,567,202,272,150,163,,,100,59,140,,,,,,,,,,,,,,,,,,,,,,,,,,,,,
7495,253101,3,MC,3,469,10-Jan-2024,20:59:15,-22.8418,167.3191,,401677583,-128,56,1,10-Jan-2024,21:05:05,-22.8418,167.3191,567,202,272,150,163,,,78,54,5,,,,,,,,,,,,,,,,,,,,,,,,,,,,,
7495,253101,3,MC,3,469,10-Jan-2024,20:59:15,-22.8418,167.3191,,401677583,-128,56,0,10-Jan-2024,21:05:22,-22.8418,167.3191,567,202,272,150,163,,,87,183,51,,,,,,,,,,,,,,,,,,,,,,,,,,,,,
7495,253101,3,MC,3,469,10-Jan-2024,20:59:15,-22.8418,167.3191,,401677583,-128,56,0,10-Jan-2024,21:05:38,-22.8418,167.3191,567,202,272,150,163,,,101,131,0,,,,,,,,,,,,,,,,,,,,,,,,,,,,,
7495,253101,3,MC,3,469,10-Jan-2024,20:59:15,-22.8418,167.3191,,401677583,-128,56,0,10-Jan-2024,21:06:08,-22.8418,167.3191,567,202,272,150,163,,,25,142,186,,,,,,,,,,,,,,,,,,,,,,,,,,,,,
7495,253101,3,MC,3,469,10-Jan-2024,20:59:15,-22.8418,167.3191,,401677583,-128,56,0,10-Jan-2024,21:07:05,-22.8418,167.3191,567,202,272,150,163,,,99,124,0,,,,,,,,,,,,,,,,,,,,,,,,,,,,,
7495,253101,3,MC,3,469,10-Jan-2024,20:59:15,-22.8418,167.3191,,401677583,-128,56,5,10-Jan-2024,21:07:20,-22.8418,167.3191,567,202,272,150,163,,,15,1,16,,,,,,,,,,,,,,,,,,,,,,,,,,,,,
7495,253101,3,MC,3,469,10-Jan-2024,20:59:15,-22.8418,167.3191,,401677583,-128,56,1,10-Jan-2024,21:07:36,-22.8418,167.3191,567,202,272,150,163,,,27,143,28,,,,,,,,,,,,,,,,,,,,,,,,,,,,,
7495,253101,23,MC,3,469,10-Jan-2024,20:59:15,-22.8418,167.3191,,401677583,-128,56,0,10-Jan-2024,21:08:35,-22.8418,167.3191,567,202,272,150,163,,,74,80,165,253,232,144,190,81,69,85,9,15,150,103,133,8,1,177,26,218,50,141,80,,,,,,,,,
7495,253101,3,NK,A,470,10-Jan-2024,21:33:35,-22.8384,167.3160,,401677582,-135,8,0,10-Jan-2024,21:32:56,-22.8384,167.3160,171,1880,4835,731,14,,,111,129,4,,,,,,,,,,,,,,,,,,,,,,,,,,,,,
7495,253101,3,NK,A,470,10-Jan-2024,21:33:35,-22.8384,167.3160,,401677582,-135,8,0,10-Jan-2024,21:33:35,-22.8384,167.3160,171,1880,4835,731,14,,,15,1,16,,,,,,,,,,,,,,,,,,,,,,,,,,,,,
7495,253101,3,NK,A,470,10-Jan-2024,21:33:35,-22.8384,167.3160,,401677582,-135,8,1,10-Jan-2024,21:35:47,-22.8384,167.3160,171,1880,4835,731,14,,,15,1,16,,,,,,,,,,,,,,,,,,,,,,,,,,,,,
7495,253101,3,MB,B,471,10-Jan-2024,21:48:23,-22.8329,167.3238,,401677584,-130,6,0,10-Jan-2024,21:48:08,-22.8329,167.3238,31,2673,10093,707,97,,,75,55,5,,,,,,,,,,,,,,,,,,,,,,,,,,,,,
7495,253101,3,MB,B,471,10-Jan-2024,21:48:23,-22.8329,167.3238,,401677584,-130,6,0,10-Jan-2024,21:48:39,-22.8329,167.3238,31,2673,10093,707,97,,,87,52,52,,,,,,,,,,,,,,,,,,,,,,,,,,,,,
7495,253101,31,A1,B,472,11-Jan-2024,07:23:16,-22.8653,167.3541,,401677588,-140,8,0,11-Jan-2024,07:23:16,-22.8653,167.3541,,3875,8312,1806,75,,,42,5,64,18,16,17,16,0,14,238,238,239,49,153,2,43,189,58,138,113,187,151,166,24,61,135,159,111,255,124,79,
7495,253101,3,SR,3,473,11-Jan-2024,19:59:32,-22.8692,167.3261,,401677583,-123,50,0,11-Jan-2024,19:54:50,-22.8692,167.3261,671,202,279,146,32,,,13,185,1,,,,,,,,,,,,,,,,,,,,,,,,,,,,,
7495,253101,3,SR,3,473,11-Jan-2024,19:59:32,-22.8692,167.3261,,401677583,-123,50,0,11-Jan-2024,19:57:34,-22.8692,167.3261,671,202,279,146,32,,,107,133,0,,,,,,,,,,,,,,,,,,,,,,,,,,,,,
7495,253101,3,SR,3,473,11-Jan-2024,19:59:32,-22.8692,167.3261,,401677583,-123,50,0,11-Jan-2024,19:58:30,-22.8692,167.3261,671,202,279,146,32,,,66,58,5,,,,,,,,,,,,,,,,,,,,,,,,,,,,,
7495,253101,3,SR,3,473,11-Jan-2024,19:59:32,-22.8692,167.3261,,401677583,-123,50,2,11-Jan-2024,20:00:01,-22.8692,167.3261,671,202,279,146,32,,,27,143,28,,,,,,,,,,,,,,,,,,,,,,,,,,,,,
7495,253101,23,SR,3,473,11-Jan-2024,19:59:32,-22.8692,167.3261,,401677583,-123,50,0,11-Jan-2024,20:04:12,-22.8692,167.3261,671,202,279,146,32,,,80,144,165,253,232,144,190,81,69,208,196,86,20,104,177,10,1,121,26,211,112,255,128,,,,,,,,,
7495,253101,3,SR,3,473,11-Jan-2024,19:59:32,-22.8692,167.3261,,401677583,-123,50,3,11-Jan-2024,20:05:13,-22.8692,167.3261,671,202,279,146,32,,,15,1,16,,,,,,,,,,,,,,,,,,,,,,,,,,,,,
7495,253101,3,SR,3,473,11-Jan-2024,19:59:32,-22.8692,167.3261,,401677583,-123,50,0,11-Jan-2024,20:06:01,-22.8692,167.3261,671,202,279,146,32,,,86,94,52,,,,,,,,,,,,,,,,,,,,,,,,,,,,,
7495,253101,3,NP,3,474,11-Jan-2024,20:32:48,-22.8614,167.3173,,401677582,-131,58,0,11-Jan-2024,20:26:13,-22.8614,167.3173,605,198,363,107,26,,,94,135,52,,,,,,,,,,,,,,,,,,,,,,,,,,,,,
7495,253101,3,NP,3,474,11-Jan-2024,20:32:48,-22.8614,167.3173,,401677582,-131,58,1,11-Jan-2024,20:27:33,-22.8614,167.3173,605,198,363,107,26,,,27,143,28,,,,,,,,,,,,,,,,,,,,,,,,,,,,,
7495,253101,3,NP,3,474,11-Jan-2024,20:32:48,-22.8614,167.3173,,401677582,-131,58,0,11-Jan-2024,20:28:14,-22.8614,167.3173,605,198,363,107,26,,,92,141,52,,,,,,,,,,,,,,,,,,,,,,,,,,,,,
7495,253101,3,NP,3,474,11-Jan-2024,20:32:48,-22.8614,167.3173,,401677582,-131,58,0,11-Jan-2024,20:28:33,-22.8614,167.3173,605,198,363,107,26,,,102,125,0,,,,,,,,,,,,,,,,,,,,,,,,,,,,,
7495,253101,3,NP,3,474,11-Jan-2024,20:32:48,-22.8614,167.3173,,401677582,-131,58,1,11-Jan-2024,20:32:29,-22.8614,167.3173,605,198,363,107,26,,,76,60,5,,,,,,,,,,,,,,,,,,,,,,,,,,,,,
7495,253101,3,NP,3,474,11-Jan-2024,20:32:48,-22.8614,167.3173,,401677582,-131,58,0,11-Jan-2024,20:34:43,-22.8614,167.3173,605,198,363,107,26,,,89,156,52,,,,,,,,,,,,,,,,,,,,,,,,,,,,,
7495,253101,3,NP,3,474,11-Jan-2024,20:32:48,-22.8614,167.3173,,401677582,-131,58,0,11-Jan-2024,20:34:59,-22.8614,167.3173,605,198,363,107,26,,,107,133,0,,,,,,,,,,,,,,,,,,,,,,,,,,,,,
7495,253101,3,NP,3,474,11-Jan-2024,20:32:48,-22.8614,167.3173,,401677582,-131,58,1,11-Jan-2024,20:35:15,-22.8614,167.3173,605,198,363,107,26,,,15,1,16,,,,,,,,,,,,,,,,,,,,,,,,,,,,,
7495,253101,3,NP,3,474,11-Jan-2024,20:32:48,-22.8614,167.3173,,401677582,-131,58,0,11-Jan-2024,20:35:58,-22.8614,167.3173,605,198,363,107,26,,,27,143,12,,,,,,,,,,,,,,,,,,,,,,,,,,,,,
7495,253101,3,NP,3,474,11-Jan-2024,20:32:48,-22.8614,167.3173,,401677582,-131,58,0,11-Jan-2024,20:36:18,-22.8614,167.3173,605,198,363,107,26,,,73,61,5,,,,,,,,,,,,,,,,,,,,,,,,,,,,,
7495,253101,3,MC,1,475,11-Jan-2024,20:41:41,-22.8566,167.3184,,401677578,-125,46,0,11-Jan-2024,20:41:31,-22.8566,167.3184,332,1160,2030,662,32,,,94,167,52,,,,,,,,,,,,,,,,,,,,,,,,,,,,,
7495,253101,3,MC,1,475,11-Jan-2024,20:41:41,-22.8566,167.3184,,401677578,-125,46,0,11-Jan-2024,20:41:51,-22.8566,167.3184,332,1160,2030,662,32,,,110,132,0,,,,,,,,,,,,,,,,,,,,,,,,,,,,,
7495,253101,3,MC,1,475,11-Jan-2024,20:41:41,-22.8566,167.3184,,401677578,-125,46,0,11-Jan-2024,20:44:12,-22.8566,167.3184,332,1160,2030,662,32,,,73,134,193,,,,,,,,,,,,,,,,,,,,,,,,,,,,,
7495,253101,3,MC,1,475,11-Jan-2024,20:41:41,-22.8566,167.3184,,401677578,-125,46,1,11-Jan-2024,20:44:28,-22.8566,167.3184,332,1160,2030,662,32,,,110,132,0,,,,,,,,,,,,,,,,,,,,,,,,,,,,,
7495,253101,3,MC,1,475,11-Jan-2024,20:41:41,-22.8566,167.3184,,401677578,-125,46,0,11-Jan-2024,20:44:43,-22.8566,167.3184,332,1160,2030,662,32,,,15,1,16,,,,,,,,,,,,,,,,,,,,,,,,,,,,,
7495,253101,3,MC,1,475,11-Jan-2024,20:41:41,-22.8566,167.3184,,401677578,-125,46,1,11-Jan-2024,20:46:48,-22.8566,167.3184,332,1160,2030,662,32,,,27,143,28,,,,,,,,,,,,,,,,,,,,,,,,,,,,,
7495,253101,3,MC,1,475,11-Jan-2024,20:41:41,-22.8566,167.3184,,401677578,-125,46,0,11-Jan-2024,20:47:03,-22.8566,167.3184,332,1160,2030,662,32,,,67,63,5,,,,,,,,,,,,,,,,,,,,,,,,,,,,,
7495,253101,3,NK,B,476,11-Jan-2024,21:13:37,-22.8706,167.3181,,401677585,-133,8,0,11-Jan-2024,21:13:12,-22.8706,167.3181,50,4405,6187,3135,84,,,83,193,54,,,,,,,,,,,,,,,,,,,,,,,,,,,,,
7495,253101,3,NK,B,476,11-Jan-2024,21:13:37,-22.8706,167.3181,,401677585,-133,8,0,11-Jan-2024,21:14:02,-22.8706,167.3181,50,4405,6187,3135,84,,,107,133,0,,,,,,,,,,,,,,,,,,,,,,,,,,,,,
7495,253101,3,MB,A,477,11-Jan-2024,21:29:37,-22.8550,167.3114,,401677581,-133,8,0,11-Jan-2024,21:29:21,-22.8550,167.3114,67,2644,7168,975,17,,,111,129,0,,,,,,,,,,,,,,,,,,,,,,,,,,,,,
7495,253101,3,MB,A,477,11-Jan-2024,21:29:37,-22.8550,167.3114,,401677581,-133,8,0,11-Jan-2024,21:29:55,-22.8550,167.3114,67,2644,7168,975,17,,,27,143,28,,,,,,,,,,,,,,,,,,,,,,,,,,,,,
7495,253101,3,MB,A,477,11-Jan-2024,21:29:37,-22.8550,167.3114,,401677581,-133,8,0,11-Jan-2024,21:30:28,-22.8550,167.3114,67,2644,7168,975,17,,,67,63,5,,,,,,,,,,,,,,,,,,,,,,,,,,,,,
7495,253101,3,MB,0,478,11-Jan-2024,23:09:05,-22.8389,167.2769,,401677581,-134,58,0,11-Jan-2024,23:08:06,-22.8389,167.2769,98,4663,19835,1096,47,,,92,20,53,,,,,,,,,,,,,,,,,,,,,,,,,,,,,
7495,253101,3,MB,0,478,11-Jan-2024,23:09:05,-22.8389,167.2769,,401677581,-134,58,0,11-Jan-2024,23:09:08,-22.8389,167.2769,98,4663,19835,1096,47,,,27,143,28,,,,,,,,,,,,,,,,,,,,,,,,,,,,,
7495,253101,3,MB,0,478,11-Jan-2024,23:09:05,-22.8389,167.2769,,401677581,-134,58,0,11-Jan-2024,23:09:24,-22.8389,167.2769,98,4663,19835,1096,47,,,71,56,125,,,,,,,,,,,,,,,,,,,,,,,,,,,,,
7495,253101,3,MB,0,478,11-Jan-2024,23:09:05,-22.8389,167.2769,,401677581,-134,58,0,11-Jan-2024,23:09:44,-22.8389,167.2769,98,4663,19835,1096,47,,,93,25,53,,,,,,,,,,,,,,,,,,,,,,,,,,,,,
7495,253101,3,NN,B,479,11-Jan-2024,23:49:48,-22.8359,167.2701,,401677586,-130,8,0,11-Jan-2024,23:49:49,-22.8359,167.2701,,4591,7359,2864,50,,,76,60,5,,,,,,,,,,,,,,,,,,,,,,,,,,,,,
7495,253101,3,O3,B,480,12-Jan-2024,00:33:05,-22.8381,167.2709,,401677582,-136,8,0,12-Jan-2024,00:33:06,-22.8381,167.2709,,4562,5596,3718,62,,,107,133,0,,,,,,,,,,,,,,,,,,,,,,,,,,,,,
7495,253101,3,NP,2,481,12-Jan-2024,20:19:01,-22.9148,167.2231,,401677580,-132,50,0,12-Jan-2024,20:14:56,-22.9148,167.2231,466,318,632,159,25,,,100,134,0,,,,,,,,,,,,,,,,,,,,,,,,,,,,,
7495,253101,3,NP,2,481,12-Jan-2024,20:19:01,-22.9148,167.2231,,401677580,-132,50,0,12-Jan-2024,20:15:14,-22.9148,167.2231,466,318,632,159,25,,,15,161,72,,,,,,,,,,,,,,,,,,,,,,,,,,,,,
7495,253101,3,NP,2,481,12-Jan-2024,20:19:01,-22.9148,167.2231,,401677580,-132,50,0,12-Jan-2024,20:15:49,-22.9148,167.2231,466,318,632,159,25,,,70,62,5,,,,,,,,,,,,,,,,,,,,,,,,,,,,,
7495,253101,23,NP,2,481,12-Jan-2024,20:19:01,-22.9148,167.2231,,401677580,-132,50,0,12-Jan-2024,20:16:12,-22.9148,167.2231,466,318,632,159,25,,,81,16,165,253,236,129,39,233,98,10,244,21,182,7,183,207,69,143,135,27,95,24,59,,,,,,,,,
7495,253101,3,NP,2,481,12-Jan-2024,20:19:01,-22.9148,167.2231,,401677580,-132,50,0,12-Jan-2024,20:16:41,-22.9148,167.2231,466,318,632,159,25,,,92,83,53,,,,,,,,,,,,,,,,,,,,,,,,,,,,,
7495,253101,3,NP,2,481,12-Jan-2024,20:19:01,-22.9148,167.2231,,401677580,-132,50,0,12-Jan-2024,20:17:12,-22.9148,167.2231,466,318,632,159,25,,,111,129,0,,,,,,,,,,,,,,,,,,,,,,,,,,,,,
7495,253101,3,NP,2,481,12-Jan-2024,20:19:01,-22.9148,167.2231,,401677580,-132,50,0,12-Jan-2024,20:17:59,-22.9148,167.2231,466,318,632,159,25,,,27,143,28,,,,,,,,,,,,,,,,,,,,,,,,,,,,,
7495,253101,3,NP,2,481,12-Jan-2024,20:19:01,-22.9148,167.2231,,401677580,-132,50,0,12-Jan-2024,20:20:51,-22.9148,167.2231,466,318,632,159,25,,,73,61,5,,,,,,,,,,,,,,,,,,,,,,,,,,,,,
7495,253101,3,NP,2,481,12-Jan-2024,20:19:01,-22.9148,167.2231,,401677580,-132,50,0,12-Jan-2024,20:21:34,-22.9148,167.2231,466,318,632,159,25,,,107,133,0,,,,,,,,,,,,,,,,,,,,,,,,,,,,,
7495,253101,3,NP,2,481,12-Jan-2024,20:19:01,-22.9148,167.2231,,401677580,-132,50,0,12-Jan-2024,20:22:42,-22.9148,167.2231,466,318,632,159,25,,,15,1,16,,,,,,,,,,,,,,,,,,,,,,,,,,,,,
7495,253101,3,MC,A,482,12-Jan-2024,20:21:42,-22.9151,167.2225,,401677577,-134,6,0,12-Jan-2024,20:20:51,-22.9151,167.2225,111,690,902,526,29,,,73,61,5,,,,,,,,,,,,,,,,,,,,,,,,,,,,,
7495,253101,3,MC,A,482,12-Jan-2024,20:21:42,-22.9151,167.2225,,401677577,-134,6,0,12-Jan-2024,20:21:34,-22.9151,167.2225,111,690,902,526,29,,,107,133,0,,,,,,,,,,,,,,,,,,,,,,,,,,,,,
7495,253101,3,MC,A,482,12-Jan-2024,20:21:42,-22.9151,167.2225,,401677577,-134,6,0,12-Jan-2024,20:22:42,-22.9151,167.2225,111,690,902,526,29,,,95,1,16,,,,,,,,,,,,,,,,,,,,,,,,,,,,,
7495,253101,3,NP,A,483,12-Jan-2024,22:02:12,-22.8989,167.2042,,401677580,-129,8,0,12-Jan-2024,21:53:45,-22.8989,167.2042,507,1541,10963,216,37,,,78,54,5,,,,,,,,,,,,,,,,,,,,,,,,,,,,,
7495,253101,3,NP,A,483,12-Jan-2024,22:02:12,-22.8989,167.2042,,401677580,-129,8,0,12-Jan-2024,21:54:23,-22.8989,167.2042,507,1541,10963,216,37,,,90,109,55,,,,,,,,,,,,,,,,,,,,,,,,,,,,,
7495,253101,3,NP,A,483,12-Jan-2024,22:02:12,-22.8989,167.2042,,401677580,-129,8,0,12-Jan-2024,22:02:12,-22.8989,167.2042,507,1541,10963,216,37,,,15,1,16,,,,,,,,,,,,,,,,,,,,,,,,,,,,,
7495,253101,3,MC,0,484,12-Jan-2024,22:08:27,-22.9021,167.2179,,401677582,-125,46,0,12-Jan-2024,22:07:11,-22.9021,167.2179,130,7253,318827,165,100,,,73,61,5,,,,,,,,,,,,,,,,,,,,,,,,,,,,,
7495,253101,3,MC,0,484,12-Jan-2024,22:08:27,-22.9021,167.2179,,401677582,-125,46,0,12-Jan-2024,22:08:08,-22.9021,167.2179,130,7253,318827,165,100,,,107,133,0,,,,,,,,,,,,,,,,,,,,,,,,,,,,,
7495,253101,3,MC,0,484,12-Jan-2024,22:08:27,-22.9021,167.2179,,401677582,-125,46,0,12-Jan-2024,22:08:24,-22.9021,167.2179,130,7253,318827,165,100,,,15,1,16,,,,,,,,,,,,,,,,,,,,,,,,,,,,,
7495,253101,3,MC,0,484,12-Jan-2024,22:08:27,-22.9021,167.2179,,401677582,-125,46,0,12-Jan-2024,22:08:41,-22.9021,167.2179,130,7253,318827,165,100,,,27,143,29,,,,,,,,,,,,,,,,,,,,,,,,,,,,,
7495,253101,3,MC,0,484,12-Jan-2024,22:08:27,-22.9021,167.2179,,401677582,-125,46,0,12-Jan-2024,22:08:59,-22.9021,167.2179,130,7253,318827,165,100,,,67,64,5,,,,,,,,,,,,,,,,,,,,,,,,,,,,,
7495,253101,3,MC,0,484,12-Jan-2024,22:08:27,-22.9021,167.2179,,401677582,-125,46,0,12-Jan-2024,22:09:21,-22.9021,167.2179,130,7253,318827,165,100,,,88,119,53,,,,,,,,,,,,,,,,,,,,,,,,,,,,,
7495,253101,3,CS,B,485,13-Jan-2024,04:52:06,-22.8901,167.1621,,401677582,-136,8,0,13-Jan-2024,04:52:07,-22.8901,167.1621,,16750,24896,11269,106,,,86,176,53,,,,,,,,,,,,,,,,,,,,,,,,,,,,,
7495,253101,3,SR,2,486,13-Jan-2024,06:35:30,-22.8954,167.2383,,401677578,-119,56,0,13-Jan-2024,06:31:18,-22.8954,167.2383,588,262,816,83,100,,,91,246,53,,,,,,,,,,,,,,,,,,,,,,,,,,,,,
7495,253101,3,SR,2,486,13-Jan-2024,06:35:30,-22.8954,167.2383,,401677578,-119,56,0,13-Jan-2024,06:31:33,-22.8954,167.2383,588,262,816,83,100,,,99,124,0,,,,,,,,,,,,,,,,,,,,,,,,,,,,,
7495,253101,3,SR,2,486,13-Jan-2024,06:35:30,-22.8954,167.2383,,401677578,-119,56,0,13-Jan-2024,06:32:27,-22.8954,167.2383,588,262,816,83,100,,,66,69,5,,,,,,,,,,,,,,,,,,,,,,,,,,,,,
7495,253101,3,SR,2,486,13-Jan-2024,06:35:30,-22.8954,167.2383,,401677578,-119,56,0,13-Jan-2024,06:32:44,-22.8954,167.2383,588,262,816,83,100,,,82,251,53,,,,,,,,,,,,,,,,,,,,,,,,,,,,,
7495,253101,3,SR,2,486,13-Jan-2024,06:35:30,-22.8954,167.2383,,401677578,-119,56,1,13-Jan-2024,06:33:48,-22.8954,167.2383,588,262,816,83,100,,,27,143,28,,,,,,,,,,,,,,,,,,,,,,,,,,,,,
7495,253101,3,SR,2,486,13-Jan-2024,06:35:30,-22.8954,167.2383,,401677578,-119,56,0,13-Jan-2024,06:34:22,-22.8954,167.2383,588,262,816,83,100,,,85,0,54,,,,,,,,,,,,,,,,,,,,,,,,,,,,,
7495,253101,23,SR,2,486,13-Jan-2024,06:35:30,-22.8954,167.2383,,401677578,-119,56,0,13-Jan-2024,06:34:37,-22.8954,167.2383,588,262,816,83,100,,,74,176,165,253,232,144,190,81,70,154,171,144,152,108,3,6,7,109,26,212,128,255,128,,,,,,,,,
7495,253101,3,SR,2,486,13-Jan-2024,06:35:30,-22.8954,167.2383,,401677578,-119,56,0,13-Jan-2024,06:34:53,-22.8954,167.2383,588,262,816,83,100,,,111,129,1,,,,,,,,,,,,,,,,,,,,,,,,,,,,,
7495,253101,3,SR,2,486,13-Jan-2024,06:35:30,-22.8954,167.2383,,401677578,-119,56,2,13-Jan-2024,06:36:49,-22.8954,167.2383,588,262,816,83,100,,,15,1,16,,,,,,,,,,,,,,,,,,,,,,,,,,,,,
7495,253101,3,SR,2,486,13-Jan-2024,06:35:30,-22.8954,167.2383,,401677578,-119,56,0,13-Jan-2024,06:37:21,-22.8954,167.2383,588,262,816,83,100,,,72,71,5,,,,,,,,,,,,,,,,,,,,,,,,,,,,,
7495,253101,3,SR,2,486,13-Jan-2024,06:35:30,-22.8954,167.2383,,401677578,-119,56,0,13-Jan-2024,06:37:54,-22.8954,167.2383,588,262,816,83,100,,,66,124,132,,,,,,,,,,,,,,,,,,,,,,,,,,,,,
7495,253101,3,SR,2,486,13-Jan-2024,06:35:30,-22.8954,167.2383,,401677578,-119,56,0,13-Jan-2024,06:38:09,-22.8954,167.2383,588,262,816,83,100,,,15,1,20,,,,,,,,,,,,,,,,,,,,,,,,,,,,,
7495,253101,3,SR,2,486,13-Jan-2024,06:35:30,-22.8954,167.2383,,401677578,-119,56,0,13-Jan-2024,06:38:40,-22.8954,167.2383,588,262,816,83,100,,,72,69,227,,,,,,,,,,,,,,,,,,,,,,,,,,,,,
7495,253101,3,SR,2,486,13-Jan-2024,06:35:30,-22.8954,167.2383,,401677578,-119,56,0,13-Jan-2024,06:39:41,-22.8954,167.2383,588,262,816,83,100,,,27,143,24,,,,,,,,,,,,,,,,,,,,,,,,,,,,,
7495,253101,3,SR,2,486,13-Jan-2024,06:35:30,-22.8954,167.2383,,401677578,-119,56,1,13-Jan-2024,06:39:57,-22.8954,167.2383,588,262,816,83,100,,,77,70,5,,,,,,,,,,,,,,,,,,,,,,,,,,,,,
7495,253101,3,SR,2,486,13-Jan-2024,06:35:30,-22.8954,167.2383,,401677578,-119,56,0,13-Jan-2024,06:41:06,-22.8954,167.2383,588,262,816,83,100,,,27,157,31,,,,,,,,,,,,,,,,,,,,,,,,,,,,,
7495,253101,3,CS,3,487,13-Jan-2024,06:34:56,-22.8937,167.2426,,401677580,-120,58,0,13-Jan-2024,06:31:18,-22.8937,167.2426,488,210,740,59,76,,,91,246,55,,,,,,,,,,,,,,,,,,,,,,,,,,,,,
7495,253101,3,CS,3,487,13-Jan-2024,06:34:56,-22.8937,167.2426,,401677580,-120,58,0,13-Jan-2024,06:31:33,-22.8937,167.2426,488,210,740,59,76,,,97,124,0,,,,,,,,,,,,,,,,,,,,,,,,,,,,,
7495,253101,3,CS,3,487,13-Jan-2024,06:34:56,-22.8937,167.2426,,401677580,-120,58,0,13-Jan-2024,06:32:27,-22.8937,167.2426,488,210,740,59,76,,,66,196,5,,,,,,,,,,,,,,,,,,,,,,,,,,,,,
7495,253101,3,CS,3,487,13-Jan-2024,06:34:56,-22.8937,167.2426,,401677580,-120,58,0,13-Jan-2024,06:32:44,-22.8937,167.2426,488,210,740,59,76,,,82,251,53,,,,,,,,,,,,,,,,,,,,,,,,,,,,,
7495,253101,3,CS,3,487,13-Jan-2024,06:34:56,-22.8937,167.2426,,401677580,-120,58,1,13-Jan-2024,06:33:48,-22.8937,167.2426,488,210,740,59,76,,,27,143,28,,,,,,,,,,,,,,,,,,,,,,,,,,,,,
7495,253101,3,CS,3,487,13-Jan-2024,06:34:56,-22.8937,167.2426,,401677580,-120,58,0,13-Jan-2024,06:34:03,-22.8937,167.2426,488,210,740,59,76,,,77,70,5,,,,,,,,,,,,,,,,,,,,,,,,,,,,,
7495,253101,3,CS,3,487,13-Jan-2024,06:34:56,-22.8937,167.2426,,401677580,-120,58,0,13-Jan-2024,06:34:22,-22.8937,167.2426,488,210,740,59,76,,,85,0,54,,,,,,,,,,,,,,,,,,,,,,,,,,,,,
7495,253101,23,CS,3,487,13-Jan-2024,06:34:56,-22.8937,167.2426,,401677580,-120,58,0,13-Jan-2024,06:34:37,-22.8937,167.2426,488,210,740,59,76,,,74,176,165,253,232,144,190,81,70,154,171,144,152,108,3,6,7,109,26,212,128,255,128,,,,,,,,,
7495,253101,3,CS,3,487,13-Jan-2024,06:34:56,-22.8937,167.2426,,401677580,-120,58,0,13-Jan-2024,06:34:53,-22.8937,167.2426,488,210,740,59,76,,,111,129,0,,,,,,,,,,,,,,,,,,,,,,,,,,,,,
7495,253101,3,CS,3,487,13-Jan-2024,06:34:56,-22.8937,167.2426,,401677580,-120,58,0,13-Jan-2024,06:37:21,-22.8937,167.2426,488,210,740,59,76,,,72,71,5,,,,,,,,,,,,,,,,,,,,,,,,,,,,,
7495,253101,3,CS,3,487,13-Jan-2024,06:34:56,-22.8937,167.2426,,401677580,-120,58,0,13-Jan-2024,06:37:54,-22.8937,167.2426,488,210,740,59,76,,,99,124,129,,,,,,,,,,,,,,,,,,,,,,,,,,,,,
7495,253101,3,CS,3,487,13-Jan-2024,06:34:56,-22.8937,167.2426,,401677580,-120,58,0,13-Jan-2024,06:38:40,-22.8937,167.2426,488,210,740,59,76,,,72,64,67,,,,,,,,,,,,,,,,,,,,,,,,,,,,,
7495,253101,3,CS,3,487,13-Jan-2024,06:34:56,-22.8937,167.2426,,401677580,-120,58,4,13-Jan-2024,06:39:26,-22.8937,167.2426,488,210,740,59,76,,,15,1,16,,,,,,,,,,,,,,,,,,,,,,,,,,,,,
7495,253101,3,A1,1,488,13-Jan-2024,06:38:18,-22.8917,167.2281,,401677578,-119,56,0,13-Jan-2024,06:34:22,-22.8917,167.2281,521,594,9082,38,101,,,85,0,54,,,,,,,,,,,,,,,,,,,,,,,,,,,,,
7495,253101,23,A1,1,488,13-Jan-2024,06:38:18,-22.8917,167.2281,,401677578,-119,56,0,13-Jan-2024,06:34:37,-22.8917,167.2281,521,594,9082,38,101,,,74,176,165,253,232,144,190,81,70,154,171,144,152,108,3,6,7,109,26,148,130,255,128,,,,,,,,,
7495,253101,3,A1,1,488,13-Jan-2024,06:38:18,-22.8917,167.2281,,401677578,-119,56,0,13-Jan-2024,06:34:53,-22.8917,167.2281,521,594,9082,38,101,,,111,129,3,,,,,,,,,,,,,,,,,,,,,,,,,,,,,
7495,253101,3,A1,1,488,13-Jan-2024,06:38:18,-22.8917,167.2281,,401677578,-119,56,0,13-Jan-2024,06:37:21,-22.8917,167.2281,521,594,9082,38,101,,,72,71,5,,,,,,,,,,,,,,,,,,,,,,,,,,,,,
7495,253101,3,A1,1,488,13-Jan-2024,06:38:18,-22.8917,167.2281,,401677578,-119,56,0,13-Jan-2024,06:37:54,-22.8917,167.2281,521,594,9082,38,101,,,99,124,0,,,,,,,,,,,,,,,,,,,,,,,,,,,,,
7495,253101,3,A1,1,488,13-Jan-2024,06:38:18,-22.8917,167.2281,,401677578,-119,56,0,13-Jan-2024,06:38:40,-22.8917,167.2281,521,594,9082,38,101,,,72,71,89,,,,,,,,,,,,,,,,,,,,,,,,,,,,,
7495,253101,3,A1,1,488,13-Jan-2024,06:38:18,-22.8917,167.2281,,401677578,-119,56,1,13-Jan-2024,06:39:57,-22.8917,167.2281,521,594,9082,38,101,,,77,70,5,,,,,,,,,,,,,,,,,,,,,,,,,,,,,
7495,253101,3,A1,1,488,13-Jan-2024,06:38:18,-22.8917,167.2281,,401677578,-119,56,0,13-Jan-2024,06:41:06,-22.8917,167.2281,521,594,9082,38,101,,,27,235,73,,,,,,,,,,,,,,,,,,,,,,,,,,,,,
7495,253101,3,A1,1,488,13-Jan-2024,06:38:18,-22.8917,167.2281,,401677578,-119,56,0,13-Jan-2024,06:41:32,-22.8917,167.2281,521,594,9082,38,101,,,66,69,5,,,,,,,,,,,,,,,,,,,,,,,,,,,,,
7495,253101,23,A1,1,488,13-Jan-2024,06:38:18,-22.8917,167.2281,,401677578,-119,56,0,13-Jan-2024,06:41:50,-22.8917,167.2281,521,594,9082,38,101,,,95,144,165,253,232,144,190,81,70,155,32,19,84,108,53,8,7,81,26,212,96,255,128,,,,,,,,,
7495,253101,3,A1,1,488,13-Jan-2024,06:38:18,-22.8917,167.2281,,401677578,-119,56,0,13-Jan-2024,06:42:11,-22.8917,167.2281,521,594,9082,38,101,,,82,27,54,,,,,,,,,,,,,,,,,,,,,,,,,,,,,
7495,253101,3,A1,1,488,13-Jan-2024,06:38:18,-22.8917,167.2281,,401677578,-119,56,3,13-Jan-2024,06:42:45,-22.8917,167.2281,521,594,9082,38,101,,,15,1,16,,,,,,,,,,,,,,,,,,,,,,,,,,,,,
7495,253101,3,A1,1,488,13-Jan-2024,06:38:18,-22.8917,167.2281,,401677578,-119,56,2,13-Jan-2024,06:43:03,-22.8917,167.2281,521,594,9082,38,101,,,27,143,28,,,,,,,,,,,,,,,,,,,,,,,,,,,,,
7495,253101,31,NP,B,489,13-Jan-2024,08:45:23,-22.8836,167.2390,,401677591,-137,8,0,13-Jan-2024,08:45:24,-22.8836,167.2390,,6724,7536,5999,102,,,42,5,128,0,0,238,0,14,238,126,238,197,56,202,181,53,46,69,169,156,27,141,66,88,195,81,96,2,154,23,43,
7495,253101,3,A1,A,490,13-Jan-2024,19:52:52,-22.8548,167.2834,,401677583,-136,8,0,13-Jan-2024,19:52:27,-22.8548,167.2834,60,3461,30825,388,97,,,15,1,16,,,,,,,,,,,,,,,,,,,,,,,,,,,,,
7495,253101,3,A1,A,490,13-Jan-2024,19:52:52,-22.8548,167.2834,,401677583,-136,8,0,13-Jan-2024,19:52:44,-22.8548,167.2834,60,3461,30825,388,97,,,27,143,28,,,,,,,,,,,,,,,,,,,,,,,,,,,,,
7495,253101,3,A1,A,490,13-Jan-2024,19:52:52,-22.8548,167.2834,,401677583,-136,8,0,13-Jan-2024,19:53:27,-22.8548,167.2834,60,3461,30825,388,97,,,73,61,5,,,,,,,,,,,,,,,,,,,,,,,,,,,,,
7495,253101,3,NP,0,491,13-Jan-2024,20:06:14,-22.8650,167.3202,,401677580,-135,56,0,13-Jan-2024,20:02:49,-22.8650,167.3202,223,2163,8249,567,145,,,93,87,54,,,,,,,,,,,,,,,,,,,,,,,,,,,,,
7495,253101,3,NP,0,491,13-Jan-2024,20:06:14,-22.8650,167.3202,,401677580,-135,56,0,13-Jan-2024,20:03:21,-22.8650,167.3202,223,2163,8249,567,145,,,15,1,16,,,,,,,,,,,,,,,,,,,,,,,,,,,,,
7495,253101,3,NP,0,491,13-Jan-2024,20:06:14,-22.8650,167.3202,,401677580,-135,56,1,13-Jan-2024,20:03:48,-22.8650,167.3202,223,2163,8249,567,145,,,27,143,28,,,,,,,,,,,,,,,,,,,,,,,,,,,,,
7495,253101,3,NP,0,491,13-Jan-2024,20:06:14,-22.8650,167.3202,,401677580,-135,56,0,13-Jan-2024,20:04:03,-22.8650,167.3202,223,2163,8249,567,145,,,73,61,5,,,,,,,,,,,,,,,,,,,,,,,,,,,,,
7495,253101,3,NP,0,491,13-Jan-2024,20:06:14,-22.8650,167.3202,,401677580,-135,56,0,13-Jan-2024,20:05:56,-22.8650,167.3202,223,2163,8249,567,145,,,70,62,5,,,,,,,,,,,,,,,,,,,,,,,,,,,,,
7495,253101,3,NP,0,491,13-Jan-2024,20:06:14,-22.8650,167.3202,,401677580,-135,56,0,13-Jan-2024,20:06:32,-22.8650,167.3202,223,2163,8249,567,145,,,107,133,0,,,,,,,,,,,,,,,,,,,,,,,,,,,,,
7495,253101,23,NK,1,492,13-Jan-2024,20:17:49,-22.8764,167.3310,,401677578,-123,56,0,13-Jan-2024,20:14:44,-22.8764,167.3310,542,724,2869,182,138,,,80,208,165,253,232,144,190,81,70,209,110,18,84,108,203,8,1,124,26,211,176,255,128,,,,,,,,,
7495,253101,3,NK,1,492,13-Jan-2024,20:17:49,-22.8764,167.3310,,401677578,-123,56,0,13-Jan-2024,20:15:23,-22.8764,167.3310,542,724,2869,182,138,,,93,103,54,,,,,,,,,,,,,,,,,,,,,,,,,,,,,
7495,253101,3,NK,1,492,13-Jan-2024,20:17:49,-22.8764,167.3310,,401677578,-123,56,0,13-Jan-2024,20:15:38,-22.8764,167.3310,542,724,2869,182,138,,,107,133,0,,,,,,,,,,,,,,,,,,,,,,,,,,,,,
7495,253101,3,NK,1,492,13-Jan-2024,20:17:49,-22.8764,167.3310,,401677578,-123,56,1,13-Jan-2024,20:23:20,-22.8764,167.3310,542,724,2869,182,138,,,15,1,16,,,,,,,,,,,,,,,,,,,,,,,,,,,,,
7495,253101,3,NK,1,492,13-Jan-2024,20:17:49,-22.8764,167.3310,,401677578,-123,56,0,13-Jan-2024,20:23:46,-22.8764,167.3310,542,724,2869,182,138,,,27,143,28,,,,,,,,,,,,,,,,,,,,,,,,,,,,,
7495,253101,3,SR,0,493,13-Jan-2024,20:35:29,-22.8556,167.3047,,401677574,-138,56,0,13-Jan-2024,20:35:35,-22.8556,167.3047,60,1617,6142,425,118,,,15,1,16,,,,,,,,,,,,,,,,,,,,,,,,,,,,,
7495,253101,3,SR,0,493,13-Jan-2024,20:35:29,-22.8556,167.3047,,401677574,-138,56,0,13-Jan-2024,20:36:00,-22.8556,167.3047,60,1617,6142,425,118,,,27,143,188,,,,,,,,,,,,,,,,,,,,,,,,,,,,,
7495,253101,3,SR,0,493,13-Jan-2024,20:35:29,-22.8556,167.3047,,401677574,-138,56,1,13-Jan-2024,20:36:35,-22.8556,167.3047,60,1617,6142,425,118,,,73,61,5,,,,,,,,,,,,,,,,,,,,,,,,,,,,,
7495,253101,3,MC,3,494,13-Jan-2024,21:40:02,-22.8427,167.3413,,401677580,-118,58,0,13-Jan-2024,21:36:07,-22.8427,167.3413,451,150,361,62,111,,,107,133,0,,,,,,,,,,,,,,,,,,,,,,,,,,,,,
7495,253101,3,MC,3,494,13-Jan-2024,21:40:02,-22.8427,167.3413,,401677580,-118,58,0,13-Jan-2024,21:38:49,-22.8427,167.3413,451,150,361,62,111,,,84,228,54,,,,,,,,,,,,,,,,,,,,,,,,,,,,,
7495,253101,3,MC,3,494,13-Jan-2024,21:40:02,-22.8427,167.3413,,401677580,-118,58,0,13-Jan-2024,21:41:34,-22.8427,167.3413,451,150,361,62,111,,,27,143,28,,,,,,,,,,,,,,,,,,,,,,,,,,,,,
7495,253101,3,MC,3,494,13-Jan-2024,21:40:02,-22.8427,167.3413,,401677580,-118,58,0,13-Jan-2024,21:43:38,-22.8427,167.3413,451,150,361,62,111,,,93,233,54,,,,,,,,,,,,,,,,,,,,,,,,,,,,,
7495,253101,3,NP,1,495,13-Jan-2024,21:53:29,-22.8390,167.3382,,401677580,-126,56,0,13-Jan-2024,21:43:38,-22.8390,167.3382,591,817,861,774,124,,,93,233,54,,,,,,,,,,,,,,,,,,,,,,,,,,,,,
7495,253101,3,NP,1,495,13-Jan-2024,21:53:29,-22.8390,167.3382,,401677580,-126,56,0,13-Jan-2024,21:50:16,-22.8390,167.3382,591,817,861,774,124,,,27,143,28,,,,,,,,,,,,,,,,,,,,,,,,,,,,,
7495,253101,3,NP,1,495,13-Jan-2024,21:53:29,-22.8390,167.3382,,401677580,-126,56,0,13-Jan-2024,21:50:42,-22.8390,167.3382,591,817,861,774,124,,,73,61,5,,,,,,,,,,,,,,,,,,,,,,,,,,,,,
7495,253101,3,NP,1,495,13-Jan-2024,21:53:29,-22.8390,167.3382,,401677580,-126,56,1,13-Jan-2024,21:51:42,-22.8390,167.3382,591,817,861,774,124,,,15,1,16,,,,,,,,,,,,,,,,,,,,,,,,,,,,,
7495,253101,3,NP,1,495,13-Jan-2024,21:53:29,-22.8390,167.3382,,401677580,-126,56,0,13-Jan-2024,21:52:39,-22.8390,167.3382,591,817,861,774,124,,,95,243,54,,,,,,,,,,,,,,,,,,,,,,,,,,,,,
7495,253101,3,NP,1,495,13-Jan-2024,21:53:29,-22.8390,167.3382,,401677580,-126,56,0,13-Jan-2024,21:53:29,-22.8390,167.3382,591,817,861,774,124,,,75,192,153,,,,,,,,,,,,,,,,,,,,,,,,,,,,,
7495,253101,3,NN,B,496,13-Jan-2024,21:49:55,-22.8418,167.3435,,401677578,-140,6,0,13-Jan-2024,21:49:55,-22.8418,167.3435,,485,539,437,97,,,15,1,16,,,,,,,,,,,,,,,,,,,,,,,,,,,,,
7495,253101,3,MB,2,497,13-Jan-2024,22:29:14,-22.8270,167.3253,,401677584,-129,58,0,13-Jan-2024,22:27:49,-22.8270,167.3253,180,377,1023,138,137,,,66,58,5,,,,,,,,,,,,,,,,,,,,,,,,,,,,,
7495,253101,3,MB,2,497,13-Jan-2024,22:29:14,-22.8270,167.3253,,401677584,-129,58,0,13-Jan-2024,22:28:10,-22.8270,167.3253,180,377,1023,138,137,,,90,44,55,,,,,,,,,,,,,,,,,,,,,,,,,,,,,
7495,253101,23,MB,2,497,13-Jan-2024,22:29:14,-22.8270,167.3253,,401677584,-129,58,0,13-Jan-2024,22:29:23,-22.8270,167.3253,180,377,1023,138,137,,,73,48,165,253,232,144,190,81,70,218,88,208,148,110,91,10,1,152,26,211,208,255,128,,,,,,,,,
7495,253101,3,MB,2,497,13-Jan-2024,22:29:14,-22.8270,167.3253,,401677584,-129,58,0,13-Jan-2024,22:30:02,-22.8270,167.3253,180,377,1023,138,137,,,15,1,25,,,,,,,,,,,,,,,,,,,,,,,,,,,,,
7495,253101,3,MB,2,497,13-Jan-2024,22:29:14,-22.8270,167.3253,,401677584,-129,58,0,13-Jan-2024,22:30:49,-22.8270,167.3253,180,377,1023,138,137,,,70,62,5,,,,,,,,,,,,,,,,,,,,,,,,,,,,,
7495,253101,3,NK,B,498,14-Jan-2024,19:52:05,-23.0819,167.2866,,401677608,-129,,0,14-Jan-2024,19:51:57,-23.0819,167.2866,17,3860,7747,1923,135,,,92,50,55,,,,,,,,,,,,,,,,,,,,,,,,,,,,,
7495,253101,3,NK,B,498,14-Jan-2024,19:52:05,-23.0819,167.2866,,401677608,-129,,0,14-Jan-2024,19:52:14,-23.0819,167.2866,17,3860,7747,1923,135,,,107,129,35,,,,,,,,,,,,,,,,,,,,,,,,,,,,,
7495,253101,3,NP,B,499,14-Jan-2024,19:52:14,-22.8999,167.7220,Lon > 4 deviations from mean,401677659,-138,,0,14-Jan-2024,19:52:14,-22.8999,167.7220,,8986,15069,5357,94,,,107,130,91,,,,,,,,,,,,,,,,,,,,,,,,,,,,,
7495,253101,3,SR,1,500,14-Jan-2024,20:06:07,-23.1034,167.3022,,401677583,-126,56,0,14-Jan-2024,20:01:15,-23.1034,167.3022,455,572,831,393,151,,,107,133,0,,,,,,,,,,,,,,,,,,,,,,,,,,,,,
7495,253101,3,SR,1,500,14-Jan-2024,20:06:07,-23.1034,167.3022,,401677583,-126,56,0,14-Jan-2024,20:04:01,-23.1034,167.3022,455,572,831,393,151,,,90,60,55,,,,,,,,,,,,,,,,,,,,,,,,,,,,,
7495,253101,3,SR,1,500,14-Jan-2024,20:06:07,-23.1034,167.3022,,401677583,-126,56,0,14-Jan-2024,20:06:18,-23.1034,167.3022,455,572,831,393,151,,,15,1,16,,,,,,,,,,,,,,,,,,,,,,,,,,,,,
7495,253101,3,SR,1,500,14-Jan-2024,20:06:07,-23.1034,167.3022,,401677583,-126,56,0,14-Jan-2024,20:07:45,-23.1034,167.3022,455,572,831,393,151,,,27,206,24,,,,,,,,,,,,,,,,,,,,,,,,,,,,,
7495,253101,3,SR,1,500,14-Jan-2024,20:06:07,-23.1034,167.3022,,401677583,-126,56,0,14-Jan-2024,20:08:35,-23.1034,167.3022,455,572,831,393,151,,,80,65,117,,,,,,,,,,,,,,,,,,,,,,,,,,,,,
7495,253101,3,SR,1,500,14-Jan-2024,20:06:07,-23.1034,167.3022,,401677583,-126,56,0,14-Jan-2024,20:08:50,-23.1034,167.3022,455,572,831,393,151,,,101,131,0,,,,,,,,,,,,,,,,,,,,,,,,,,,,,
7495,253101,3,MC,B,501,14-Jan-2024,21:22:49,-23.0951,167.3252,,401677586,-125,8,0,14-Jan-2024,21:22:50,-23.0951,167.3252,,4663,5661,3840,113,,,110,198,8,,,,,,,,,,,,,,,,,,,,,,,,,,,,,
7495,253101,3,CS,B,502,15-Jan-2024,05:15:37,-23.0143,167.4481,,401677616,-132,8,0,15-Jan-2024,05:13:27,-23.0143,167.4481,260,7933,207195,303,97,,,216,125,155,,,,,,,,,,,,,,,,,,,,,,,,,,,,,
7495,253101,23,CS,B,502,15-Jan-2024,05:15:37,-23.0143,167.4481,,401677616,-132,8,0,15-Jan-2024,05:17:47,-23.0143,167.4481,260,7933,207195,303,97,,,67,176,165,253,232,144,190,81,71,149,160,208,148,111,35,8,129,84,26,212,0,254,160,,,,,,,,,
7495,253101,3,CS,A,503,15-Jan-2024,06:50:52,-22.9474,167.3182,,401677579,-130,8,0,15-Jan-2024,06:47:23,-22.9474,167.3182,529,265,727,96,20,,,73,66,5,,,,,,,,,,,,,,,,,,,,,,,,,,,,,
7495,253101,3,CS,A,503,15-Jan-2024,06:50:52,-22.9474,167.3182,,401677579,-130,8,0,15-Jan-2024,06:49:04,-22.9474,167.3182,529,265,727,96,20,,,110,132,0,,,,,,,,,,,,,,,,,,,,,,,,,,,,,
7495,253101,3,CS,A,503,15-Jan-2024,06:50:52,-22.9474,167.3182,,401677579,-130,8,0,15-Jan-2024,06:56:12,-22.9474,167.3182,529,265,727,96,20,,,70,65,5,,,,,,,,,,,,,,,,,,,,,,,,,,,,,
7495,253101,3,SR,1,504,15-Jan-2024,07:14:56,-22.9425,167.3232,,401677578,-126,56,0,15-Jan-2024,07:15:04,-22.9425,167.3232,202,751,1299,434,36,,,15,1,16,,,,,,,,,,,,,,,,,,,,,,,,,,,,,
7495,253101,23,SR,1,504,15-Jan-2024,07:14:56,-22.9425,167.3232,,401677578,-126,56,0,15-Jan-2024,07:15:40,-22.9425,167.3232,202,751,1299,434,36,,,88,243,240,17,231,194,243,39,154,177,105,49,108,29,107,75,108,111,110,254,233,166,80,,,,,,,,,
7495,253101,3,SR,1,504,15-Jan-2024,07:14:56,-22.9425,167.3232,,401677578,-126,56,1,15-Jan-2024,07:16:35,-22.9425,167.3232,202,751,1299,434,36,,,27,143,28,,,,,,,,,,,,,,,,,,,,,,,,,,,,,
7495,253101,3,SR,1,504,15-Jan-2024,07:14:56,-22.9425,167.3232,,401677578,-126,56,0,15-Jan-2024,07:18:26,-22.9425,167.3232,202,751,1299,434,36,,,115,128,134,,,,,,,,,,,,,,,,,,,,,,,,,,,,,
7495,253101,3,NK,B,505,15-Jan-2024,08:15:29,-22.9234,167.3203,,401677581,-128,8,0,15-Jan-2024,08:15:30,-22.9234,167.3203,,4890,6000,3984,90,,,94,29,56,,,,,,,,,,,,,,,,,,,,,,,,,,,,,
7495,253101,31,NK,B,506,15-Jan-2024,09:59:15,-22.8820,167.3027,,401677590,-133,8,0,15-Jan-2024,09:58:20,-22.8820,167.3027,55,4888,12008,1990,48,,,42,5,192,0,9,123,52,162,72,3,170,195,219,2,226,116,225,121,113,115,67,93,66,93,32,124,133,147,236,0,170,
7495,253101,3,NK,B,506,15-Jan-2024,09:59:15,-22.8820,167.3027,,401677590,-133,8,0,15-Jan-2024,09:59:15,-22.8820,167.3027,55,4888,12008,1990,48,,,83,36,56,,,,,,,,,,,,,,,,,,,,,,,,,,,,,
7495,253101,3,NP,B,507,15-Jan-2024,10:02:20,-22.9040,167.3163,,401677590,-132,8,0,15-Jan-2024,09:59:15,-22.9040,167.3163,185,4873,17226,1378,77,,,83,36,56,,,,,,,,,,,,,,,,,,,,,,,,,,,,,
7495,253101,3,NP,B,507,15-Jan-2024,10:02:20,-22.9040,167.3163,,401677590,-132,8,0,15-Jan-2024,10:02:20,-22.9040,167.3163,185,4873,17226,1378,77,,,27,143,28,,,,,,,,,,,,,,,,,,,,,,,,,,,,,
7495,253101,31,MC,B,508,15-Jan-2024,11:30:19,-22.8791,167.3125,,401677596,-116,8,0,15-Jan-2024,11:30:20,-22.8791,167.3125,,1753,3241,947,82,,,42,7,192,6,127,235,122,254,29,88,135,81,41,246,255,69,226,65,59,188,193,101,223,188,202,172,243,234,11,39,231,
7495,253101,3,NP,2,509,15-Jan-2024,21:26:26,-22.8933,167.3210,,401677581,-125,58,0,15-Jan-2024,21:21:24,-22.8933,167.3210,427,366,1951,68,99,,,27,143,28,,,,,,,,,,,,,,,,,,,,,,,,,,,,,
7495,253101,3,NP,2,509,15-Jan-2024,21:26:26,-22.8933,167.3210,,401677581,-125,58,0,15-Jan-2024,21:21:46,-22.8933,167.3210,427,366,1951,68,99,,,77,57,5,,,,,,,,,,,,,,,,,,,,,,,,,,,,,
7495,253101,3,NP,2,509,15-Jan-2024,21:26:26,-22.8933,167.3210,,401677581,-125,58,0,15-Jan-2024,21:22:45,-22.8933,167.3210,427,366,1951,68,99,,,87,111,56,,,,,,,,,,,,,,,,,,,,,,,,,,,,,
7495,253101,3,NP,2,509,15-Jan-2024,21:26:26,-22.8933,167.3210,,401677581,-125,58,0,15-Jan-2024,21:23:15,-22.8933,167.3210,427,366,1951,68,99,,,106,128,0,,,,,,,,,,,,,,,,,,,,,,,,,,,,,
7495,253101,23,NP,2,509,15-Jan-2024,21:26:26,-22.8933,167.3210,,401677581,-125,58,0,15-Jan-2024,21:26:05,-22.8933,167.3210,427,366,1951,68,99,,,79,240,165,253,232,144,190,81,71,214,38,16,146,112,229,8,68,197,167,34,109,65,242,,,,,,,,,
7495,253101,3,NP,2,509,15-Jan-2024,21:26:26,-22.8933,167.3210,,401677581,-125,58,0,15-Jan-2024,21:27:55,-22.8933,167.3210,427,366,1951,68,99,,,85,117,56,,,,,,,,,,,,,,,,,,,,,,,,,,,,,
7495,253101,3,NP,2,509,15-Jan-2024,21:26:26,-22.8933,167.3210,,401677581,-125,58,0,15-Jan-2024,21:28:31,-22.8933,167.3210,427,366,1951,68,99,,,107,133,0,,,,,,,,,,,,,,,,,,,,,,,,,,,,,
7495,253101,3,NN,B,510,15-Jan-2024,21:23:15,-22.7565,167.2724,,401677616,-137,8,0,15-Jan-2024,21:23:15,-22.7565,167.2724,,3324,5561,1986,108,,,106,144,64,,,,,,,,,,,,,,,,,,,,,,,,,,,,,
7495,253101,3,MC,B,511,15-Jan-2024,22:37:47,-22.8945,167.3196,,401677587,-126,8,0,15-Jan-2024,22:37:47,-22.8945,167.3196,,3269,3618,2952,107,,,107,133,0,,,,,,,,,,,,,,,,,,,,,,,,,,,,,
7495,253101,3,NN,2,512,15-Jan-2024,23:03:43,-22.8929,167.2930,,401677578,-126,56,0,15-Jan-2024,22:57:25,-22.8929,167.2930,472,367,1105,121,102,,,94,163,56,,,,,,,,,,,,,,,,,,,,,,,,,,,,,
7495,253101,3,NN,2,512,15-Jan-2024,23:03:43,-22.8929,167.2930,,401677578,-126,56,0,15-Jan-2024,23:03:03,-22.8929,167.2930,472,367,1105,121,102,,,101,131,0,,,,,,,,,,,,,,,,,,,,,,,,,,,,,
7495,253101,3,NN,2,512,15-Jan-2024,23:03:43,-22.8929,167.2930,,401677578,-126,56,0,15-Jan-2024,23:03:22,-22.8929,167.2930,472,367,1105,121,102,,,15,1,16,,,,,,,,,,,,,,,,,,,,,,,,,,,,,
7495,253101,3,NN,2,512,15-Jan-2024,23:03:43,-22.8929,167.2930,,401677578,-126,56,1,15-Jan-2024,23:04:03,-22.8929,167.2930,472,367,1105,121,102,,,27,143,28,,,,,,,,,,,,,,,,,,,,,,,,,,,,,
7495,253101,3,NN,2,512,15-Jan-2024,23:03:43,-22.8929,167.2930,,401677578,-126,56,0,15-Jan-2024,23:04:29,-22.8929,167.2930,472,367,1105,121,102,,,67,64,5,,,,,,,,,,,,,,,,,,,,,,,,,,,,,
7495,253101,3,NN,2,512,15-Jan-2024,23:03:43,-22.8929,167.2930,,401677578,-126,56,0,15-Jan-2024,23:04:47,-22.8929,167.2930,472,367,1105,121,102,,,87,174,56,,,,,,,,,,,,,,,,,,,,,,,,,,,,,
7495,253101,3,NN,2,512,15-Jan-2024,23:03:43,-22.8929,167.2930,,401677578,-126,56,0,15-Jan-2024,23:05:17,-22.8929,167.2930,472,367,1105,121,102,,,107,133,0,,,,,,,,,,,,,,,,,,,,,,,,,,,,,
7495,253101,3,NP,1,513,15-Jan-2024,22:59:58,-22.8772,167.2977,,401677587,-132,58,0,15-Jan-2024,22:59:59,-22.8772,167.2977,318,1094,2850,419,20,,,15,31,21,,,,,,,,,,,,,,,,,,,,,,,,,,,,,
7495,253101,3,NP,1,513,15-Jan-2024,22:59:58,-22.8772,167.2977,,401677587,-132,58,0,15-Jan-2024,23:02:08,-22.8772,167.2977,318,1094,2850,419,20,,,92,169,56,,,,,,,,,,,,,,,,,,,,,,,,,,,,,
7495,253101,3,NP,1,513,15-Jan-2024,22:59:58,-22.8772,167.2977,,401677587,-132,58,0,15-Jan-2024,23:03:03,-22.8772,167.2977,318,1094,2850,419,20,,,101,130,2,,,,,,,,,,,,,,,,,,,,,,,,,,,,,
7495,253101,3,NP,1,513,15-Jan-2024,22:59:58,-22.8772,167.2977,,401677587,-132,58,0,15-Jan-2024,23:03:22,-22.8772,167.2977,318,1094,2850,419,20,,,15,1,16,,,,,,,,,,,,,,,,,,,,,,,,,,,,,
7495,253101,3,NP,1,513,15-Jan-2024,22:59:58,-22.8772,167.2977,,401677587,-132,58,1,15-Jan-2024,23:04:03,-22.8772,167.2977,318,1094,2850,419,20,,,27,143,28,,,,,,,,,,,,,,,,,,,,,,,,,,,,,
7495,253101,3,NP,1,513,15-Jan-2024,22:59:58,-22.8772,167.2977,,401677587,-132,58,0,15-Jan-2024,23:04:29,-22.8772,167.2977,318,1094,2850,419,20,,,67,64,5,,,,,,,,,,,,,,,,,,,,,,,,,,,,,
7495,253101,3,NP,1,513,15-Jan-2024,22:59:58,-22.8772,167.2977,,401677587,-132,58,0,15-Jan-2024,23:04:47,-22.8772,167.2977,318,1094,2850,419,20,,,87,174,56,,,,,,,,,,,,,,,,,,,,,,,,,,,,,
7495,253101,3,NP,1,513,15-Jan-2024,22:59:58,-22.8772,167.2977,,401677587,-132,58,0,15-Jan-2024,23:05:17,-22.8772,167.2977,318,1094,2850,419,20,,,107,133,0,,,,,,,,,,,,,,,,,,,,,,,,,,,,,
7495,253101,3,O3,B,514,15-Jan-2024,23:03:45,-22.8928,167.2933,,401677578,-138,6,0,15-Jan-2024,23:03:03,-22.8928,167.2933,86,329,861,125,103,,,101,161,0,,,,,,,,,,,,,,,,,,,,,,,,,,,,,
7495,253101,3,O3,B,514,15-Jan-2024,23:03:45,-22.8928,167.2933,,401677578,-138,6,0,15-Jan-2024,23:04:29,-22.8928,167.2933,86,329,861,125,103,,,67,64,5,,,,,,,,,,,,,,,,,,,,,,,,,,,,,
7495,253101,3,NN,A,515,16-Jan-2024,00:39:56,-22.9167,167.3002,,401677591,-137,8,0,16-Jan-2024,00:39:56,-22.9167,167.3002,190,1543,5985,397,52,,,87,190,56,,,,,,,,,,,,,,,,,,,,,,,,,,,,,
7495,253101,3,NN,A,515,16-Jan-2024,00:39:56,-22.9167,167.3002,,401677591,-137,8,0,16-Jan-2024,00:41:25,-22.9167,167.3002,190,1543,5985,397,52,,,27,217,30,,,,,,,,,,,,,,,,,,,,,,,,,,,,,
7495,253101,3,NN,A,515,16-Jan-2024,00:39:56,-22.9167,167.3002,,401677591,-137,8,0,16-Jan-2024,00:43:06,-22.9167,167.3002,190,1543,5985,397,52,,,13,40,134,,,,,,,,,,,,,,,,,,,,,,,,,,,,,
7495,253101,3,O3,B,516,16-Jan-2024,00:41:30,-22.9333,167.2825,,401677578,-124,6,0,16-Jan-2024,00:39:56,-22.9333,167.2825,190,385,3238,45,90,,,87,190,56,,,,,,,,,,,,,,,,,,,,,,,,,,,,,
7495,253101,3,O3,B,516,16-Jan-2024,00:41:30,-22.9333,167.2825,,401677578,-124,6,0,16-Jan-2024,00:43:06,-22.9333,167.2825,190,385,3238,45,90,,,111,129,32,,,,,,,,,,,,,,,,,,,,,,,,,,,,,
7495,253101,3,SR,A,517,16-Jan-2024,05:01:15,-22.9089,167.2336,,401677577,-136,8,0,16-Jan-2024,05:00:59,-22.9089,167.2336,151,1057,5280,211,7,,,110,132,0,,,,,,,,,,,,,,,,,,,,,,,,,,,,,
7495,253101,3,SR,A,517,16-Jan-2024,05:01:15,-22.9089,167.2336,,401677577,-136,8,0,16-Jan-2024,05:01:32,-22.9089,167.2336,151,1057,5280,211,7,,,15,33,16,,,,,,,,,,,,,,,,,,,,,,,,,,,,,
7495,253101,3,SR,A,517,16-Jan-2024,05:01:15,-22.9089,167.2336,,401677577,-136,8,0,16-Jan-2024,05:03:30,-22.9089,167.2336,151,1057,5280,211,7,,,88,12,42,,,,,,,,,,,,,,,,,,,,,,,,,,,,,
7495,253101,3,A1,B,518,16-Jan-2024,20:18:16,-22.8925,167.1758,,401677568,-142,,0,16-Jan-2024,20:18:16,-22.8925,167.1758,,3325,6769,1633,83,,,71,59,5,,,,,,,,,,,,,,,,,,,,,,,,,,,,,
7495,253101,3,SR,1,519,16-Jan-2024,20:41:30,-22.8790,167.2069,,401677571,-133,66,0,16-Jan-2024,20:40:01,-22.8790,167.2069,232,705,2789,178,157,,,11,1,16,,,,,,,,,,,,,,,,,,,,,,,,,,,,,
7495,253101,3,SR,1,519,16-Jan-2024,20:41:30,-22.8790,167.2069,,401677571,-133,66,0,16-Jan-2024,20:40:23,-22.8790,167.2069,232,705,2789,178,157,,,27,143,28,,,,,,,,,,,,,,,,,,,,,,,,,,,,,
7495,253101,3,SR,1,519,16-Jan-2024,20:41:30,-22.8790,167.2069,,401677571,-133,66,0,16-Jan-2024,20:41:45,-22.8790,167.2069,232,705,2789,178,157,,,111,0,20,,,,,,,,,,,,,,,,,,,,,,,,,,,,,
7495,253101,3,SR,1,519,16-Jan-2024,20:41:30,-22.8790,167.2069,,401677571,-133,66,0,16-Jan-2024,20:43:53,-22.8790,167.2069,232,705,2789,178,157,,,101,131,0,,,,,,,,,,,,,,,,,,,,,,,,,,,,,
7495,253101,3,MC,1,520,16-Jan-2024,20:41:45,-22.8998,167.2187,,401677581,-126,56,0,16-Jan-2024,20:40:01,-22.8998,167.2187,232,1008,1677,605,59,,,15,1,16,,,,,,,,,,,,,,,,,,,,,,,,,,,,,
7495,253101,15,MC,1,520,16-Jan-2024,20:41:45,-22.8998,167.2187,,401677581,-126,56,0,16-Jan-2024,20:40:46,-22.8998,167.2187,232,1008,1677,605,59,,,77,57,5,38,228,82,105,168,156,0,62,11,228,164,32,,,,,,,,,,,,,,,,,
7495,253101,3,MC,1,520,16-Jan-2024,20:41:45,-22.8998,167.2187,,401677581,-126,56,1,16-Jan-2024,20:42:22,-22.8998,167.2187,232,1008,1677,605,59,,,27,143,28,,,,,,,,,,,,,,,,,,,,,,,,,,,,,
7495,253101,3,MC,1,520,16-Jan-2024,20:41:45,-22.8998,167.2187,,401677581,-126,56,0,16-Jan-2024,20:43:09,-22.8998,167.2187,232,1008,1677,605,59,,,84,88,14,,,,,,,,,,,,,,,,,,,,,,,,,,,,,
7495,253101,3,MC,1,520,16-Jan-2024,20:41:45,-22.8998,167.2187,,401677581,-126,56,0,16-Jan-2024,20:43:53,-22.8998,167.2187,232,1008,1677,605,59,,,101,131,0,,,,,,,,,,,,,,,,,,,,,,,,,,,,,
7495,253101,3,NK,3,521,16-Jan-2024,20:42:50,-22.9058,167.2139,,401677579,-121,56,0,16-Jan-2024,20:40:01,-22.9058,167.2139,379,213,601,75,114,,,15,1,16,,,,,,,,,,,,,,,,,,,,,,,,,,,,,
7495,253101,3,NK,3,521,16-Jan-2024,20:42:50,-22.9058,167.2139,,401677579,-121,56,0,16-Jan-2024,20:41:04,-22.9058,167.2139,379,213,601,75,114,,,90,105,57,,,,,,,,,,,,,,,,,,,,,,,,,,,,,
7495,253101,3,NK,3,521,16-Jan-2024,20:42:50,-22.9058,167.2139,,401677579,-121,56,0,16-Jan-2024,20:41:45,-22.9058,167.2139,379,213,601,75,114,,,15,1,23,,,,,,,,,,,,,,,,,,,,,,,,,,,,,
7495,253101,3,NK,3,521,16-Jan-2024,20:42:50,-22.9058,167.2139,,401677579,-121,56,1,16-Jan-2024,20:42:22,-22.9058,167.2139,379,213,601,75,114,,,27,143,28,,,,,,,,,,,,,,,,,,,,,,,,,,,,,
7495,253101,3,NK,3,521,16-Jan-2024,20:42:50,-22.9058,167.2139,,401677579,-121,56,0,16-Jan-2024,20:43:09,-22.9058,167.2139,379,213,601,75,114,,,84,107,151,,,,,,,,,,,,,,,,,,,,,,,,,,,,,
7495,253101,3,NK,3,521,16-Jan-2024,20:42:50,-22.9058,167.2139,,401677579,-121,56,0,16-Jan-2024,20:43:53,-22.9058,167.2139,379,213,601,75,114,,,101,131,0,,,,,,,,,,,,,,,,,,,,,,,,,,,,,
7495,253101,3,NK,3,521,16-Jan-2024,20:42:50,-22.9058,167.2139,,401677579,-121,56,1,16-Jan-2024,20:45:31,-22.9058,167.2139,379,213,601,75,114,,,77,57,5,,,,,,,,,,,,,,,,,,,,,,,,,,,,,
7495,253101,3,NK,3,521,16-Jan-2024,20:42:50,-22.9058,167.2139,,401677579,-121,56,0,16-Jan-2024,20:45:58,-22.9058,167.2139,379,213,601,75,114,,,83,116,57,,,,,,,,,,,,,,,,,,,,,,,,,,,,,
7495,253101,3,NK,3,521,16-Jan-2024,20:42:50,-22.9058,167.2139,,401677579,-121,56,0,16-Jan-2024,20:46:20,-22.9058,167.2139,379,213,601,75,114,,,110,132,0,,,,,,,,,,,,,,,,,,,,,,,,,,,,,
7495,253101,3,NP,3,522,16-Jan-2024,21:15:15,-22.8971,167.2048,,401677579,-130,58,0,16-Jan-2024,21:05:10,,,668,124,225,68,96,,,71,59,5,,,,,,,,,,,,,,,,,,,,,,,,,,,,,
7495,253101,3,NP,3,522,16-Jan-2024,21:15:15,-22.8971,167.2048,,401677579,-130,58,0,16-Jan-2024,21:06:35,,,668,124,225,68,96,,,110,132,0,,,,,,,,,,,,,,,,,,,,,,,,,,,,,
7495,253101,3,NP,3,522,16-Jan-2024,21:15:15,-22.8971,167.2048,,401677579,-130,58,0,16-Jan-2024,21:06:54,,,668,124,225,68,96,,,15,1,16,,,,,,,,,,,,,,,,,,,,,,,,,,,,,
7495,253101,3,NP,3,522,16-Jan-2024,21:15:15,-22.8971,167.2048,,401677579,-130,58,0,16-Jan-2024,21:08:18,,,668,124,225,68,96,,,73,61,5,,,,,,,,,,,,,,,,,,,,,,,,,,,,,
7495,253101,3,NP,3,522,16-Jan-2024,21:15:15,-22.8971,167.2048,,401677579,-130,58,0,16-Jan-2024,21:08:53,,,668,124,225,68,96,,,90,152,57,,,,,,,,,,,,,,,,,,,,,,,,,,,,,
7495,253101,3,NP,3,522,16-Jan-2024,21:15:15,-22.8971,167.2048,,401677579,-130,58,1,16-Jan-2024,21:09:40,,,668,124,225,68,96,,,27,143,28,,,,,,,,,,,,,,,,,,,,,,,,,,,,,
7495,253101,23,NP,3,522,16-Jan-2024,21:15:15,-22.8971,167.2048,,401677579,-130,58,0,16-Jan-2024,21:11:55,,,668,124,225,68,96,,,78,208,165,253,232,144,190,81,72,85,68,83,84,115,61,8,1,105,26,211,208,255,128,,,,,,,,,
7495,253101,3,NP,3,522,16-Jan-2024,21:15:15,-22.8971,167.2048,,401677579,-130,58,0,16-Jan-2024,21:14:13,,,668,124,225,68,96,,,110,4,0,,,,,,,,,,,,,,,,,,,,,,,,,,,,,
7495,253101,3,NP,3,522,16-Jan-2024,21:15:15,-22.8971,167.2048,,401677579,-130,58,0,16-Jan-2024,21:16:18,,,668,124,225,68,96,,,93,163,86,,,,,,,,,,,,,,,,,,,,,,,,,,,,,
7495,253101,3,MB,B,523,16-Jan-2024,21:23:45,-22.8960,167.2054,,401677578,-134,6,0,16-Jan-2024,21:22:44,-22.8960,167.2054,122,702,2049,240,95,,,15,1,16,,,,,,,,,,,,,,,,,,,,,,,,,,,,,
7495,253101,3,MB,B,523,16-Jan-2024,21:23:45,-22.8960,167.2054,,401677578,-134,6,0,16-Jan-2024,21:24:46,-22.8960,167.2054,122,702,2049,240,95,,,91,23,26,,,,,,,,,,,,,,,,,,,,,,,,,,,,,
7495,253101,3,MC,B,524,16-Jan-2024,22:19:40,-22.8715,167.1925,,401677582,-116,8,0,16-Jan-2024,22:19:03,-22.8715,167.1925,37,772,4047,147,79,,,27,143,28,,,,,,,,,,,,,,,,,,,,,,,,,,,,,
7495,253101,3,MC,B,524,16-Jan-2024,22:19:40,-22.8715,167.1925,,401677582,-116,8,0,16-Jan-2024,22:19:40,-22.8715,167.1925,37,772,4047,147,79,,,71,184,167,,,,,,,,,,,,,,,,,,,,,,,,,,,,,
7495,253101,3,NP,1,525,16-Jan-2024,22:51:18,-22.8762,167.1756,,401677587,-130,56,0,16-Jan-2024,22:51:02,-22.8762,167.1756,294,1108,4090,300,126,,,107,133,0,,,,,,,,,,,,,,,,,,,,,,,,,,,,,
7495,253101,3,NP,1,525,16-Jan-2024,22:51:18,-22.8762,167.1756,,401677587,-130,56,0,16-Jan-2024,22:51:36,-22.8762,167.1756,294,1108,4090,300,126,,,27,141,17,,,,,,,,,,,,,,,,,,,,,,,,,,,,,
7495,253101,3,NP,1,525,16-Jan-2024,22:51:18,-22.8762,167.1756,,401677587,-130,56,0,16-Jan-2024,22:52:05,-22.8762,167.1756,294,1108,4090,300,126,,,70,46,5,,,,,,,,,,,,,,,,,,,,,,,,,,,,,
7495,253101,3,NP,1,525,16-Jan-2024,22:51:18,-22.8762,167.1756,,401677587,-130,56,0,16-Jan-2024,22:52:36,-22.8762,167.1756,294,1108,4090,300,126,,,84,225,57,,,,,,,,,,,,,,,,,,,,,,,,,,,,,
7495,253101,3,NP,1,525,16-Jan-2024,22:51:18,-22.8762,167.1756,,401677587,-130,56,0,16-Jan-2024,22:53:08,-22.8762,167.1756,294,1108,4090,300,126,,,110,132,0,,,,,,,,,,,,,,,,,,,,,,,,,,,,,
7495,253101,3,NP,1,525,16-Jan-2024,22:51:18,-22.8762,167.1756,,401677587,-130,56,1,16-Jan-2024,22:53:26,-22.8762,167.1756,294,1108,4090,300,126,,,15,1,16,,,,,,,,,,,,,,,,,,,,,,,,,,,,,
7495,253101,3,NP,1,525,16-Jan-2024,22:51:18,-22.8762,167.1756,,401677587,-130,56,0,16-Jan-2024,22:53:48,-22.8762,167.1756,294,1108,4090,300,126,,,27,143,28,,,,,,,,,,,,,,,,,,,,,,,,,,,,,
7495,253101,3,NP,1,525,16-Jan-2024,22:51:18,-22.8762,167.1756,,401677587,-130,56,0,16-Jan-2024,22:54:14,-22.8762,167.1756,294,1108,4090,300,126,,,75,52,104,,,,,,,,,,,,,,,,,,,,,,,,,,,,,
7495,253101,23,NP,1,525,16-Jan-2024,22:51:18,-22.8762,167.1756,,401677587,-130,56,0,16-Jan-2024,22:55:56,-22.8762,167.1756,294,1108,4090,300,126,,,88,240,133,253,232,144,190,81,72,124,68,149,198,123,211,8,1,75,26,210,112,253,128,,,,,,,,,
7495,253101,3,NN,1,526,16-Jan-2024,22:53:31,-22.8676,167.1700,,401677585,-125,56,0,16-Jan-2024,22:51:02,,,355,681,4426,104,111,,,107,133,0,,,,,,,,,,,,,,,,,,,,,,,,,,,,,
7495,253101,3,NN,1,526,16-Jan-2024,22:53:31,-22.8676,167.1700,,401677585,-125,56,0,16-Jan-2024,22:51:36,,,355,681,4426,104,111,,,27,141,219,,,,,,,,,,,,,,,,,,,,,,,,,,,,,
7495,253101,3,NN,1,526,16-Jan-2024,22:53:31,-22.8676,167.1700,,401677585,-125,56,0,16-Jan-2024,22:52:05,,,355,681,4426,104,111,,,70,46,5,,,,,,,,,,,,,,,,,,,,,,,,,,,,,
7495,253101,3,NN,1,526,16-Jan-2024,22:53:31,-22.8676,167.1700,,401677585,-125,56,0,16-Jan-2024,22:52:36,,,355,681,4426,104,111,,,84,225,57,,,,,,,,,,,,,,,,,,,,,,,,,,,,,
7495,253101,3,NN,1,526,16-Jan-2024,22:53:31,-22.8676,167.1700,,401677585,-125,56,0,16-Jan-2024,22:53:08,,,355,681,4426,104,111,,,110,132,0,,,,,,,,,,,,,,,,,,,,,,,,,,,,,
7495,253101,3,NN,1,526,16-Jan-2024,22:53:31,-22.8676,167.1700,,401677585,-125,56,1,16-Jan-2024,22:53:26,,,355,681,4426,104,111,,,15,1,16,,,,,,,,,,,,,,,,,,,,,,,,,,,,,
7495,253101,3,NN,1,526,16-Jan-2024,22:53:31,-22.8676,167.1700,,401677585,-125,56,0,16-Jan-2024,22:54:14,,,355,681,4426,104,111,,,75,49,25,,,,,,,,,,,,,,,,,,,,,,,,,,,,,
7495,253101,23,NN,1,526,16-Jan-2024,22:53:31,-22.8676,167.1700,,401677585,-125,56,0,16-Jan-2024,22:55:56,,,355,681,4426,104,111,,,90,240,165,253,232,144,190,81,72,92,68,213,214,115,211,8,1,91,26,211,120,255,128,,,,,,,,,
7495,253101,3,NN,1,526,16-Jan-2024,22:53:31,-22.8676,167.1700,,401677585,-125,56,1,16-Jan-2024,22:56:15,,,355,681,4426,104,111,,,27,143,28,,,,,,,,,,,,,,,,,,,,,,,,,,,,,
7495,253101,3,NN,1,526,16-Jan-2024,22:53:31,-22.8676,167.1700,,401677585,-125,56,0,16-Jan-2024,22:56:57,,,355,681,4426,104,111,,,93,232,235,,,,,,,,,,,,,,,,,,,,,,,,,,,,,
7495,253101,3,MB,B,527,16-Jan-2024,23:01:27,-22.8684,167.1721,,401677581,-132,6,0,16-Jan-2024,23:01:28,,,542,1105,3210,380,23,,,15,1,16,,,,,,,,,,,,,,,,,,,,,,,,,,,,,
7495,253101,3,MB,B,527,16-Jan-2024,23:01:27,-22.8684,167.1721,,401677581,-132,6,0,16-Jan-2024,23:10:30,,,542,1105,3210,380,23,,,73,61,5,,,,,,,,,,,,,,,,,,,,,,,,,,,,,
7495,253101,31,A1,B,528,17-Jan-2024,06:44:36,-22.8565,167.0111,Lon > 4 deviations from mean,401677585,-121,8,0,17-Jan-2024,06:44:36,-22.8565,167.0111,,7774,36298,1664,103,,,42,6,0,238,238,0,0,0,238,0,14,0,16,0,0,158,5,224,238,224,224,0,14,14,0,14,0,0,0,0,47,
7495,253101,3,NK,B,529,17-Jan-2024,20:14:03,-22.9276,167.1693,,401677557,-125,,0,17-Jan-2024,20:11:24,-22.9276,167.1693,320,3536,194171,64,71,,,66,50,103,,,,,,,,,,,,,,,,,,,,,,,,,,,,,
7495,253101,3,NK,B,529,17-Jan-2024,20:14:03,-22.9276,167.1693,,401677557,-125,,0,17-Jan-2024,20:16:44,-22.9276,167.1693,320,3536,194171,64,71,,,107,133,0,,,,,,,,,,,,,,,,,,,,,,,,,,,,,
7495,253101,3,NP,B,530,17-Jan-2024,20:56:29,-22.8394,167.2611,,401677604,-130,,0,17-Jan-2024,20:55:24,-22.8394,167.2611,131,3142,118068,83,123,,,71,59,5,,,,,,,,,,,,,,,,,,,,,,,,,,,,,
7495,253101,3,NP,B,530,17-Jan-2024,20:56:29,-22.8394,167.2611,,401677604,-130,,0,17-Jan-2024,20:57:35,-22.8394,167.2611,131,3142,118068,83,123,,,15,1,16,,,,,,,,,,,,,,,,,,,,,,,,,,,,,
7495,253101,3,MC,B,531,17-Jan-2024,22:00:15,-22.8747,167.2935,,401677575,-118,8,0,17-Jan-2024,21:55:30,-22.8747,167.2935,286,3391,163601,70,112,,,31,163,250,,,,,,,,,,,,,,,,,,,,,,,,,,,,,
7495,253101,3,MC,B,531,17-Jan-2024,22:00:15,-22.8747,167.2935,,401677575,-118,8,0,17-Jan-2024,22:00:16,-22.8747,167.2935,286,3391,163601,70,112,,,66,58,5,,,,,,,,,,,,,,,,,,,,,,,,,,,,,
7495,253101,3,MC,B,532,17-Jan-2024,23:39:27,-22.8904,167.3010,,401677579,-130,8,0,17-Jan-2024,23:39:28,-22.8904,167.3010,,2783,7669,1009,110,,,15,1,25,,,,,,,,,,,,,,,,,,,,,,,,,,,,,
7495,253101,3,SR,A,533,18-Jan-2024,05:39:21,-23.0029,167.2809,,401677579,-130,8,0,18-Jan-2024,05:37:07,-23.0029,167.2809,262,160,237,107,20,,,95,136,58,,,,,,,,,,,,,,,,,,,,,,,,,,,,,
7495,253101,3,SR,A,533,18-Jan-2024,05:39:21,-23.0029,167.2809,,401677579,-130,8,0,18-Jan-2024,05:39:28,-23.0029,167.2809,262,160,237,107,20,,,15,1,16,,,,,,,,,,,,,,,,,,,,,,,,,,,,,
7495,253101,3,SR,A,533,18-Jan-2024,05:39:21,-23.0029,167.2809,,401677579,-130,8,0,18-Jan-2024,05:41:29,-23.0029,167.2809,262,160,237,107,20,,,27,143,28,,,,,,,,,,,,,,,,,,,,,,,,,,,,,
7495,253101,3,A1,B,534,18-Jan-2024,06:22:53,-23.0118,167.2850,,401677583,-126,8,0,18-Jan-2024,06:21:00,-23.0118,167.2850,227,639,6182,66,176,,,27,143,28,,,,,,,,,,,,,,,,,,,,,,,,,,,,,
7495,253101,3,A1,B,534,18-Jan-2024,06:22:53,-23.0118,167.2850,,401677583,-126,8,0,18-Jan-2024,06:24:47,-23.0118,167.2850,227,639,6182,66,176,,,92,167,58,,,,,,,,,,,,,,,,,,,,,,,,,,,,,
7495,253101,3,CS,1,535,18-Jan-2024,06:29:37,-23.0272,167.2864,,401677580,-129,58,0,18-Jan-2024,06:24:47,-23.0272,167.2864,443,575,2485,132,90,,,92,167,58,,,,,,,,,,,,,,,,,,,,,,,,,,,,,
7495,253101,3,CS,1,535,18-Jan-2024,06:29:37,-23.0272,167.2864,,401677580,-129,58,0,18-Jan-2024,06:29:50,-23.0272,167.2864,443,575,2485,132,90,,,27,143,28,,,,,,,,,,,,,,,,,,,,,,,,,,,,,
7495,253101,3,CS,1,535,18-Jan-2024,06:29:37,-23.0272,167.2864,,401677580,-129,58,0,18-Jan-2024,06:31:42,-23.0272,167.2864,443,575,2485,132,90,,,110,132,0,,,,,,,,,,,,,,,,,,,,,,,,,,,,,
7495,253101,3,CS,1,535,18-Jan-2024,06:29:37,-23.0272,167.2864,,401677580,-129,58,0,18-Jan-2024,06:32:10,-23.0272,167.2864,443,575,2485,132,90,,,15,1,16,,,,,,,,,,,,,,,,,,,,,,,,,,,,,
7495,253101,3,NK,A,536,18-Jan-2024,06:58:24,-23.0391,167.2977,,401677579,-135,6,0,18-Jan-2024,06:58:07,-23.0391,167.2977,85,1159,1860,721,30,,,70,62,5,,,,,,,,,,,,,,,,,,,,,,,,,,,,,
7495,253101,3,NK,A,536,18-Jan-2024,06:58:24,-23.0391,167.2977,,401677579,-135,6,0,18-Jan-2024,06:58:25,-23.0391,167.2977,85,1159,1860,721,30,,,88,198,58,,,,,,,,,,,,,,,,,,,,,,,,,,,,,
7495,253101,3,NK,A,536,18-Jan-2024,06:58:24,-23.0391,167.2977,,401677579,-135,6,0,18-Jan-2024,06:59:32,-23.0391,167.2977,85,1159,1860,721,30,,,27,143,28,,,,,,,,,,,,,,,,,,,,,,,,,,,,,
7495,253101,3,SR,B,537,18-Jan-2024,07:21:21,-23.0446,167.2891,,401677582,-133,6,0,18-Jan-2024,07:19:47,-23.0446,167.2891,189,904,7958,102,98,,,15,1,16,,,,,,,,,,,,,,,,,,,,,,,,,,,,,
7495,253101,3,SR,B,537,18-Jan-2024,07:21:21,-23.0446,167.2891,,401677582,-133,6,0,18-Jan-2024,07:22:56,-23.0446,167.2891,189,904,7958,102,98,,,84,224,58,,,,,,,,,,,,,,,,,,,,,,,,,,,,,
7495,253101,3,NK,0,538,18-Jan-2024,19:53:39,-22.9549,167.3931,,401677581,-125,50,0,18-Jan-2024,19:52:07,-22.9549,167.3931,199,3352,57809,194,117,,,27,143,28,,,,,,,,,,,,,,,,,,,,,,,,,,,,,
7495,253101,3,NK,0,538,18-Jan-2024,19:53:39,-22.9549,167.3931,,401677581,-125,50,0,18-Jan-2024,19:52:47,-22.9549,167.3931,199,3352,57809,194,117,,,95,41,59,,,,,,,,,,,,,,,,,,,,,,,,,,,,,
7495,253101,3,NK,0,538,18-Jan-2024,19:53:39,-22.9549,167.3931,,401677581,-125,50,0,18-Jan-2024,19:53:05,-22.9549,167.3931,199,3352,57809,194,117,,,110,132,0,,,,,,,,,,,,,,,,,,,,,,,,,,,,,
7495,253101,3,NK,0,538,18-Jan-2024,19:53:39,-22.9549,167.3931,,401677581,-125,50,1,18-Jan-2024,19:53:33,-22.9549,167.3931,199,3352,57809,194,117,,,15,1,16,,,,,,,,,,,,,,,,,,,,,,,,,,,,,
7495,253101,3,NK,0,538,18-Jan-2024,19:53:39,-22.9549,167.3931,,401677581,-125,50,0,18-Jan-2024,19:54:30,-22.9549,167.3931,199,3352,57809,194,117,,,75,55,5,,,,,,,,,,,,,,,,,,,,,,,,,,,,,
7495,253101,23,NK,0,538,18-Jan-2024,19:53:39,-22.9549,167.3931,,401677581,-125,50,0,18-Jan-2024,19:54:49,-22.9549,167.3931,199,3352,57809,194,117,,,79,112,165,253,232,144,190,81,73,80,52,83,18,118,93,6,1,97,26,211,112,255,128,,,,,,,,,
7495,253101,3,NK,0,538,18-Jan-2024,19:53:39,-22.9549,167.3931,,401677581,-125,50,0,18-Jan-2024,19:55:04,-22.9549,167.3931,199,3352,57809,194,117,,,81,47,59,,,,,,,,,,,,,,,,,,,,,,,,,,,,,
7495,253101,3,NK,0,538,18-Jan-2024,19:53:39,-22.9549,167.3931,,401677581,-125,50,0,18-Jan-2024,19:55:26,-22.9549,167.3931,199,3352,57809,194,117,,,111,129,0,,,,,,,,,,,,,,,,,,,,,,,,,,,,,
7495,253101,3,NP,1,539,18-Jan-2024,20:45:48,-22.9370,167.3821,,401677581,-131,58,0,18-Jan-2024,20:40:48,-22.9370,167.3821,389,548,1029,291,127,,,15,1,16,,,,,,,,,,,,,,,,,,,,,,,,,,,,,
7495,253101,3,NP,1,539,18-Jan-2024,20:45:48,-22.9370,167.3821,,401677581,-131,58,0,18-Jan-2024,20:44:34,-22.9370,167.3821,389,548,1029,291,127,,,27,143,28,,,,,,,,,,,,,,,,,,,,,,,,,,,,,
7495,253101,3,NP,1,539,18-Jan-2024,20:45:48,-22.9370,167.3821,,401677581,-131,58,0,18-Jan-2024,20:45:35,-22.9370,167.3821,389,548,1029,291,127,,,75,55,132,,,,,,,,,,,,,,,,,,,,,,,,,,,,,
7495,253101,3,NP,1,539,18-Jan-2024,20:45:48,-22.9370,167.3821,,401677581,-131,58,0,18-Jan-2024,20:47:17,-22.9370,167.3821,389,548,1029,291,127,,,89,104,59,,,,,,,,,,,,,,,,,,,,,,,,,,,,,
7495,253101,3,NP,B,540,18-Jan-2024,22:22:35,-22.9198,167.3417,,401677577,-132,8,0,18-Jan-2024,22:22:35,-22.9198,167.3417,393,2322,25039,215,27,,,27,143,28,,,,,,,,,,,,,,,,,,,,,,,,,,,,,
7495,253101,3,NP,B,540,18-Jan-2024,22:22:35,-22.9198,167.3417,,401677577,-132,8,0,18-Jan-2024,22:29:08,-22.9198,167.3417,393,2322,25039,215,27,,,78,54,5,,,,,,,,,,,,,,,,,,,,,,,,,,,,,
7495,253101,3,NN,B,541,18-Jan-2024,22:25:51,-22.9200,167.3454,,401677578,-129,6,0,18-Jan-2024,22:22:35,-22.9200,167.3454,393,942,10786,82,27,,,27,143,28,,,,,,,,,,,,,,,,,,,,,,,,,,,,,
7495,253101,3,NN,B,541,18-Jan-2024,22:25:51,-22.9200,167.3454,,401677578,-129,6,0,18-Jan-2024,22:29:08,-22.9200,167.3454,393,942,10786,82,27,,,78,54,5,,,,,,,,,,,,,,,,,,,,,,,,,,,,,
7495,253101,3,MB,B,542,18-Jan-2024,22:29:07,-22.9191,167.3426,,401677572,-131,6,0,18-Jan-2024,22:29:08,-22.9191,167.3426,,2136,7180,635,27,,,78,54,5,,,,,,,,,,,,,,,,,,,,,,,,,,,,,
7495,253101,3,CS,A,543,19-Jan-2024,05:51:56,-22.8482,167.2449,,401677582,-131,8,0,19-Jan-2024,05:51:00,-22.8482,167.2449,132,1932,20113,185,52,,,27,143,28,,,,,,,,,,,,,,,,,,,,,,,,,,,,,
7495,253101,3,CS,A,543,19-Jan-2024,05:51:56,-22.8482,167.2449,,401677582,-131,8,0,19-Jan-2024,05:51:39,-22.8482,167.2449,132,1932,20113,185,52,,,89,214,59,,,,,,,,,,,,,,,,,,,,,,,,,,,,,
7495,253101,3,CS,A,543,19-Jan-2024,05:51:56,-22.8482,167.2449,,401677582,-131,8,0,19-Jan-2024,05:53:12,-22.8482,167.2449,132,1932,20113,185,52,,,27,143,79,,,,,,,,,,,,,,,,,,,,,,,,,,,,,
7495,253101,3,SR,2,544,19-Jan-2024,06:45:37,-22.9099,167.1960,,401677575,-124,48,0,19-Jan-2024,06:41:31,-22.9099,167.1960,565,398,1425,110,94,,,110,132,0,,,,,,,,,,,,,,,,,,,,,,,,,,,,,
7495,253101,3,SR,2,544,19-Jan-2024,06:45:37,-22.9099,167.1960,,401677575,-124,48,0,19-Jan-2024,06:42:25,-22.9099,167.1960,565,398,1425,110,94,,,68,75,5,,,,,,,,,,,,,,,,,,,,,,,,,,,,,
7495,253101,3,SR,2,544,19-Jan-2024,06:45:37,-22.9099,167.1960,,401677575,-124,48,0,19-Jan-2024,06:43:21,-22.9099,167.1960,565,398,1425,110,94,,,92,11,63,,,,,,,,,,,,,,,,,,,,,,,,,,,,,
7495,253101,3,SR,2,544,19-Jan-2024,06:45:37,-22.9099,167.1960,,401677575,-124,48,0,19-Jan-2024,06:44:20,-22.9099,167.1960,565,398,1425,110,94,,,99,124,0,,,,,,,,,,,,,,,,,,,,,,,,,,,,,
7495,253101,3,SR,2,544,19-Jan-2024,06:45:37,-22.9099,167.1960,,401677575,-124,48,0,19-Jan-2024,06:46:44,-22.9099,167.1960,565,398,1425,110,94,,,78,73,5,,,,,,,,,,,,,,,,,,,,,,,,,,,,,
7495,253101,3,SR,2,544,19-Jan-2024,06:45:37,-22.9099,167.1960,,401677575,-124,48,0,19-Jan-2024,06:47:24,-22.9099,167.1960,565,398,1425,110,94,,,101,131,0,,,,,,,,,,,,,,,,,,,,,,,,,,,,,
7495,253101,3,SR,2,544,19-Jan-2024,06:45:37,-22.9099,167.1960,,401677575,-124,48,2,19-Jan-2024,06:50:25,-22.9099,167.1960,565,398,1425,110,94,,,15,1,16,,,,,,,,,,,,,,,,,,,,,,,,,,,,,
7495,253101,3,SR,2,544,19-Jan-2024,06:45:37,-22.9099,167.1960,,401677575,-124,48,1,19-Jan-2024,06:50:56,-22.9099,167.1960,565,398,1425,110,94,,,27,143,28,,,,,,,,,,,,,,,,,,,,,,,,,,,,,
7495,253101,3,SR,0,545,20-Jan-2024,06:12:18,-22.7879,167.3553,,401677578,-123,40,0,20-Jan-2024,06:09:35,-22.7879,167.3553,299,3081,37950,250,93,,,101,131,0,,,,,,,,,,,,,,,,,,,,,,,,,,,,,
7495,253101,3,SR,0,545,20-Jan-2024,06:12:18,-22.7879,167.3553,,401677578,-123,40,0,20-Jan-2024,06:11:46,-22.7879,167.3553,299,3081,37950,250,93,,,83,134,60,,,,,,,,,,,,,,,,,,,,,,,,,,,,,
7495,253101,3,SR,0,545,20-Jan-2024,06:12:18,-22.7879,167.3553,,401677578,-123,40,1,20-Jan-2024,06:12:24,-22.7879,167.3553,299,3081,37950,250,93,,,15,1,16,,,,,,,,,,,,,,,,,,,,,,,,,,,,,
7495,253101,3,SR,0,545,20-Jan-2024,06:12:18,-22.7879,167.3553,,401677578,-123,40,0,20-Jan-2024,06:12:44,-22.7879,167.3553,299,3081,37950,250,93,,,27,143,28,,,,,,,,,,,,,,,,,,,,,,,,,,,,,
7495,253101,3,SR,0,545,20-Jan-2024,06:12:18,-22.7879,167.3553,,401677578,-123,40,1,20-Jan-2024,06:13:23,-22.7879,167.3553,299,3081,37950,250,93,,,74,77,5,,,,,,,,,,,,,,,,,,,,,,,,,,,,,
7495,253101,3,SR,0,545,20-Jan-2024,06:12:18,-22.7879,167.3553,,401677578,-123,40,0,20-Jan-2024,06:13:41,-22.7879,167.3553,299,3081,37950,250,93,,,90,139,60,,,,,,,,,,,,,,,,,,,,,,,,,,,,,
7495,253101,23,SR,0,545,20-Jan-2024,06:12:18,-22.7879,167.3553,,401677578,-123,40,0,20-Jan-2024,06:14:14,-22.7879,167.3553,299,3081,37950,250,93,,,87,80,165,253,232,144,190,81,74,25,107,146,86,121,25,8,1,111,25,212,208,255,128,,,,,,,,,
7495,253101,3,SR,0,545,20-Jan-2024,06:12:18,-22.7879,167.3553,,401677578,-123,40,0,20-Jan-2024,06:14:34,-22.7879,167.3553,299,3081,37950,250,93,,,106,128,0,,,,,,,,,,,,,,,,,,,,,,,,,,,,,
7495,253101,3,CS,B,546,20-Jan-2024,06:51:22,-22.8088,167.3345,,401677585,-135,8,0,20-Jan-2024,06:51:02,-22.8088,167.3345,41,6671,9148,4864,100,,,71,68,5,,,,,,,,,,,,,,,,,,,,,,,,,,,,,
7495,253101,3,CS,B,546,20-Jan-2024,06:51:22,-22.8088,167.3345,,401677585,-135,8,0,20-Jan-2024,06:51:43,-22.8088,167.3345,41,6671,9148,4864,100,,,93,176,60,,,,,,,,,,,,,,,,,,,,,,,,,,,,,
7495,253101,3,A1,B,547,20-Jan-2024,07:11:18,-22.8001,167.3461,,401677559,-131,6,0,20-Jan-2024,07:11:19,-22.8001,167.3461,,7345,9961,5416,107,,,15,1,16,,,,,,,,,,,,,,,,,,,,,,,,,,,,,
7495,253101,3,NK,B,548,20-Jan-2024,07:49:03,-22.7872,167.3316,,401677596,-127,5,0,20-Jan-2024,07:49:04,-22.7872,167.3316,,7356,12402,4363,95,,,66,69,5,,,,,,,,,,,,,,,,,,,,,,,,,,,,,
7495,253101,3,SR,B,549,20-Jan-2024,07:55:43,-22.8150,167.3267,,401677555,-137,8,0,20-Jan-2024,07:55:43,-22.8150,167.3267,,8374,9706,7225,90,,,92,210,60,,,,,,,,,,,,,,,,,,,,,,,,,,,,,
7495,253101,3,NN,A,550,20-Jan-2024,10:48:56,-22.8247,167.2698,,401677570,-132,8,0,20-Jan-2024,10:47:23,-22.8247,167.2698,205,1164,10239,132,72,,,88,238,60,,,,,,,,,,,,,,,,,,,,,,,,,,,,,
7495,253101,3,NN,A,550,20-Jan-2024,10:48:56,-22.8247,167.2698,,401677570,-132,8,0,20-Jan-2024,10:48:37,-22.8247,167.2698,205,1164,10239,132,72,,,15,1,16,,,,,,,,,,,,,,,,,,,,,,,,,,,,,
7495,253101,3,NN,A,550,20-Jan-2024,10:48:56,-22.8247,167.2698,,401677570,-132,8,0,20-Jan-2024,10:50:48,-22.8247,167.2698,205,1164,10239,132,72,,,105,88,82,,,,,,,,,,,,,,,,,,,,,,,,,,,,,
7495,253101,3,NP,B,551,20-Jan-2024,10:50:48,-22.8151,167.2994,,401677599,-136,6,0,20-Jan-2024,10:50:48,-22.8151,167.2994,,1528,12833,181,72,,,105,124,16,,,,,,,,,,,,,,,,,,,,,,,,,,,,,
7495,253101,3,NN,1,552,20-Jan-2024,12:22:30,-22.8305,167.3985,,401677587,-129,58,0,20-Jan-2024,12:21:02,-22.8305,167.3985,231,699,3515,138,80,,,27,143,28,,,,,,,,,,,,,,,,,,,,,,,,,,,,,
7495,253101,3,NN,1,552,20-Jan-2024,12:22:30,-22.8305,167.3985,,401677587,-129,58,0,20-Jan-2024,12:21:29,-22.8305,167.3985,231,699,3515,138,80,,,76,67,5,,,,,,,,,,,,,,,,,,,,,,,,,,,,,
7495,253101,3,NN,1,552,20-Jan-2024,12:22:30,-22.8305,167.3985,,401677587,-129,58,0,20-Jan-2024,12:22:11,-22.8305,167.3985,231,699,3515,138,80,,,94,14,61,,,,,,,,,,,,,,,,,,,,,,,,,,,,,
7495,253101,3,NN,1,552,20-Jan-2024,12:22:30,-22.8305,167.3985,,401677587,-129,58,1,20-Jan-2024,12:22:29,-22.8305,167.3985,231,699,3515,138,80,,,101,131,0,,,,,,,,,,,,,,,,,,,,,,,,,,,,,
7495,253101,3,NN,1,552,20-Jan-2024,12:22:30,-22.8305,167.3985,,401677587,-129,58,0,20-Jan-2024,12:24:00,-22.8305,167.3985,231,699,3515,138,80,,,87,19,61,,,,,,,,,,,,,,,,,,,,,,,,,,,,,
7495,253101,3,NN,1,552,20-Jan-2024,12:22:30,-22.8305,167.3985,,401677587,-129,58,0,20-Jan-2024,12:24:30,-22.8305,167.3985,231,699,3515,138,80,,,96,130,0,,,,,,,,,,,,,,,,,,,,,,,,,,,,,
7495,253101,3,NN,1,552,20-Jan-2024,12:22:30,-22.8305,167.3985,,401677587,-129,58,1,20-Jan-2024,12:24:53,-22.8305,167.3985,231,699,3515,138,80,,,15,1,16,,,,,,,,,,,,,,,,,,,,,,,,,,,,,
7495,253101,3,NP,A,553,20-Jan-2024,20:18:39,-22.8484,167.3692,,401677564,-134,8,0,20-Jan-2024,20:17:15,-22.8484,167.3692,526,575,1032,320,40,,,81,61,63,,,,,,,,,,,,,,,,,,,,,,,,,,,,,
7495,253101,3,NP,A,553,20-Jan-2024,20:18:39,-22.8484,167.3692,,401677564,-134,8,0,20-Jan-2024,20:20:03,-22.8484,167.3692,526,575,1032,320,40,,,15,1,16,,,,,,,,,,,,,,,,,,,,,,,,,,,,,
7495,253101,3,NP,A,553,20-Jan-2024,20:18:39,-22.8484,167.3692,,401677564,-134,8,1,20-Jan-2024,20:26:01,-22.8484,167.3692,526,575,1032,320,40,,,15,1,16,,,,,,,,,,,,,,,,,,,,,,,,,,,,,
7495,253101,3,SR,B,554,20-Jan-2024,20:20:03,-22.8486,167.3693,,401677582,-138,6,0,20-Jan-2024,20:20:03,-22.8486,167.3693,,254,344,187,44,,,15,1,16,,,,,,,,,,,,,,,,,,,,,,,,,,,,,
7495,253101,3,MC,1,555,20-Jan-2024,20:57:10,-22.8488,167.3380,,401677577,-127,58,0,20-Jan-2024,20:54:18,-22.8488,167.3380,359,730,2270,234,5,,,77,70,5,,,,,,,,,,,,,,,,,,,,,,,,,,,,,
7495,253101,3,MC,1,555,20-Jan-2024,20:57:10,-22.8488,167.3380,,401677577,-127,58,0,20-Jan-2024,20:54:37,-22.8488,167.3380,359,730,2270,234,5,,,92,107,61,,,,,,,,,,,,,,,,,,,,,,,,,,,,,
7495,253101,3,MC,1,555,20-Jan-2024,20:57:10,-22.8488,167.3380,,401677577,-127,58,0,20-Jan-2024,20:54:55,-22.8488,167.3380,359,730,2270,234,5,,,108,127,0,,,,,,,,,,,,,,,,,,,,,,,,,,,,,
7495,253101,3,MC,1,555,20-Jan-2024,20:57:10,-22.8488,167.3380,,401677577,-127,58,0,20-Jan-2024,20:58:33,-22.8488,167.3380,359,730,2270,234,5,,,66,69,5,,,,,,,,,,,,,,,,,,,,,,,,,,,,,
7495,253101,3,MC,1,555,20-Jan-2024,20:57:10,-22.8488,167.3380,,401677577,-127,58,0,20-Jan-2024,20:58:59,-22.8488,167.3380,359,730,2270,234,5,,,94,113,61,,,,,,,,,,,,,,,,,,,,,,,,,,,,,
7495,253101,3,MC,1,555,20-Jan-2024,20:57:10,-22.8488,167.3380,,401677577,-127,58,0,20-Jan-2024,20:59:16,-22.8488,167.3380,359,730,2270,234,5,,,106,128,0,,,,,,,,,,,,,,,,,,,,,,,,,,,,,
7495,253101,3,MC,1,555,20-Jan-2024,20:57:10,-22.8488,167.3380,,401677577,-127,58,0,20-Jan-2024,20:59:38,-22.8488,167.3380,359,730,2270,234,5,,,15,1,16,,,,,,,,,,,,,,,,,,,,,,,,,,,,,
7495,253101,3,MC,1,555,20-Jan-2024,20:57:10,-22.8488,167.3380,,401677577,-127,58,0,20-Jan-2024,21:00:17,-22.8488,167.3380,359,730,2270,234,5,,,72,71,5,,,,,,,,,,,,,,,,,,,,,,,,,,,,,
7495,253101,3,MB,B,556,20-Jan-2024,21:43:52,-22.8523,167.3099,,401677573,-127,8,0,20-Jan-2024,21:43:36,-22.8523,167.3099,33,2019,4171,977,176,,,27,143,28,,,,,,,,,,,,,,,,,,,,,,,,,,,,,
7495,253101,3,MB,B,556,20-Jan-2024,21:43:52,-22.8523,167.3099,,401677573,-127,8,0,20-Jan-2024,21:44:09,-22.8523,167.3099,33,2019,4171,977,176,,,78,73,4,,,,,,,,,,,,,,,,,,,,,,,,,,,,,
7495,253101,3,NP,B,557,20-Jan-2024,22:00:28,-22.8533,167.3045,,401677574,-129,6,0,20-Jan-2024,22:00:29,-22.8533,167.3045,,2589,3518,1905,179,,,111,129,0,,,,,,,,,,,,,,,,,,,,,,,,,,,,,
7495,253101,3,NN,B,558,20-Jan-2024,22:00:28,-22.8533,167.3046,,401677573,-133,6,0,20-Jan-2024,22:00:29,-22.8533,167.3046,,2584,3458,1930,178,,,111,129,0,,,,,,,,,,,,,,,,,,,,,,,,,,,,,
7495,253101,3,MC,B,559,20-Jan-2024,22:30:55,-22.8494,167.3099,,401677582,-131,8,0,20-Jan-2024,22:30:56,-22.8494,167.3099,,3400,3639,3176,4,,,15,1,16,,,,,,,,,,,,,,,,,,,,,,,,,,,,,
7495,253101,3,SR,0,560,21-Jan-2024,05:40:37,-22.8930,167.3069,,401677575,-129,58,0,21-Jan-2024,05:39:55,-22.8930,167.3069,79,3291,25973,417,86,,,67,80,5,,,,,,,,,,,,,,,,,,,,,,,,,,,,,
7495,253101,3,SR,0,560,21-Jan-2024,05:40:37,-22.8930,167.3069,,401677575,-129,58,0,21-Jan-2024,05:40:31,-22.8930,167.3069,79,3291,25973,417,86,,,110,132,0,,,,,,,,,,,,,,,,,,,,,,,,,,,,,
7495,253101,3,SR,0,560,21-Jan-2024,05:40:37,-22.8930,167.3069,,401677575,-129,58,0,21-Jan-2024,05:40:51,-22.8930,167.3069,79,3291,25973,417,86,,,15,1,16,,,,,,,,,,,,,,,,,,,,,,,,,,,,,
7495,253101,3,SR,0,560,21-Jan-2024,05:40:37,-22.8930,167.3069,,401677575,-129,58,0,21-Jan-2024,05:41:14,-22.8930,167.3069,79,3291,25973,417,86,,,27,143,28,,,,,,,,,,,,,,,,,,,,,,,,,,,,,
7495,253101,3,CS,1,561,21-Jan-2024,06:01:31,-22.8864,167.2985,,401677578,-128,56,0,21-Jan-2024,05:59:42,-22.8864,167.2985,242,1365,22108,84,95,,,71,84,5,,,,,,,,,,,,,,,,,,,,,,,,,,,,,
7495,253101,3,CS,1,561,21-Jan-2024,06:01:31,-22.8864,167.2985,,401677578,-128,56,0,21-Jan-2024,06:00:27,-22.8864,167.2985,242,1365,22108,84,95,,,101,131,0,,,,,,,,,,,,,,,,,,,,,,,,,,,,,
7495,253101,3,CS,1,561,21-Jan-2024,06:01:31,-22.8864,167.2985,,401677578,-128,56,0,21-Jan-2024,06:02:49,-22.8864,167.2985,242,1365,22108,84,95,,,77,86,5,,,,,,,,,,,,,,,,,,,,,,,,,,,,,
7495,253101,3,CS,1,561,21-Jan-2024,06:01:31,-22.8864,167.2985,,401677578,-128,56,0,21-Jan-2024,06:03:23,-22.8864,167.2985,242,1365,22108,84,95,,,106,59,98,,,,,,,,,,,,,,,,,,,,,,,,,,,,,
7495,253101,3,CS,1,561,21-Jan-2024,06:01:31,-22.8864,167.2985,,401677578,-128,56,1,21-Jan-2024,06:03:44,-22.8864,167.2985,242,1365,22108,84,95,,,15,1,16,,,,,,,,,,,,,,,,,,,,,,,,,,,,,
7495,253101,31,NK,B,562,21-Jan-2024,07:19:41,-22.8918,167.2753,,401677588,-132,8,0,21-Jan-2024,07:19:42,-22.8918,167.2753,,2406,3410,1696,97,,,42,6,128,238,0,0,0,0,14,0,0,224,16,0,0,28,6,96,238,0,0,0,0,14,238,110,64,16,0,166,194,
7495,253101,31,SR,B,563,21-Jan-2024,07:19:41,-22.8804,167.3083,,401677554,-137,,0,21-Jan-2024,07:19:42,-22.8804,167.3083,,2356,4076,1362,94,,,42,6,128,238,0,0,0,0,14,0,0,224,16,0,0,28,6,96,238,0,0,0,0,14,239,236,248,32,81,63,199,
7495,253101,3,SR,B,564,21-Jan-2024,19:51:22,-22.8787,167.3108,,401677564,-136,,0,21-Jan-2024,19:51:22,-22.8787,167.3108,,5476,6555,4574,117,,,70,81,5,,,,,,,,,,,,,,,,,,,,,,,,,,,,,
7495,253101,3,A1,3,565,21-Jan-2024,20:01:24,-22.9133,167.2403,,401677574,-135,56,0,21-Jan-2024,20:00:00,-22.9133,167.2403,252,201,406,99,1,,,27,143,28,,,,,,,,,,,,,,,,,,,,,,,,,,,,,
7495,253101,23,A1,3,565,21-Jan-2024,20:01:24,-22.9133,167.2403,,401677574,-135,56,0,21-Jan-2024,20:00:24,-22.9133,167.2403,252,201,406,99,1,,,78,176,165,253,232,144,190,81,74,208,144,143,212,124,107,2,1,80,26,213,64,255,128,,,,,,,,,
7495,253101,3,A1,3,565,21-Jan-2024,20:01:24,-22.9133,167.2403,,401677574,-135,56,0,21-Jan-2024,20:00:55,-22.9133,167.2403,252,201,406,99,1,,,86,55,62,,,,,,,,,,,,,,,,,,,,,,,,,,,,,
7495,253101,3,A1,3,565,21-Jan-2024,20:01:24,-22.9133,167.2403,,401677574,-135,56,0,21-Jan-2024,20:01:28,-22.9133,167.2403,252,201,406,99,1,,,15,1,16,,,,,,,,,,,,,,,,,,,,,,,,,,,,,
7495,253101,3,A1,3,565,21-Jan-2024,20:01:24,-22.9133,167.2403,,401677574,-135,56,0,21-Jan-2024,20:04:12,-22.9133,167.2403,252,201,406,99,1,,,98,85,5,,,,,,,,,,,,,,,,,,,,,,,,,,,,,
7495,253101,3,NP,2,566,21-Jan-2024,20:06:59,-22.9180,167.2410,,401677573,-137,56,0,21-Jan-2024,20:06:17,-22.9180,167.2410,434,269,398,182,25,,,15,1,16,,,,,,,,,,,,,,,,,,,,,,,,,,,,,
7495,253101,3,NP,2,566,21-Jan-2024,20:06:59,-22.9180,167.2410,,401677573,-137,56,0,21-Jan-2024,20:07:09,-22.9180,167.2410,434,269,398,182,25,,,71,84,5,,,,,,,,,,,,,,,,,,,,,,,,,,,,,
7495,253101,3,NP,2,566,21-Jan-2024,20:06:59,-22.9180,167.2410,,401677573,-137,56,0,21-Jan-2024,20:07:32,-22.9180,167.2410,434,269,398,182,25,,,80,70,62,,,,,,,,,,,,,,,,,,,,,,,,,,,,,
7495,253101,3,NP,2,566,21-Jan-2024,20:06:59,-22.9180,167.2410,,401677573,-137,56,0,21-Jan-2024,20:09:42,-22.9180,167.2410,434,269,398,182,25,,,73,82,5,,,,,,,,,,,,,,,,,,,,,,,,,,,,,
7495,253101,3,NP,2,566,21-Jan-2024,20:06:59,-22.9180,167.2410,,401677573,-137,56,0,21-Jan-2024,20:10:03,-22.9180,167.2410,434,269,398,182,25,,,217,107,62,,,,,,,,,,,,,,,,,,,,,,,,,,,,,
7495,253101,3,NP,2,566,21-Jan-2024,20:06:59,-22.9180,167.2410,,401677573,-137,56,0,21-Jan-2024,20:13:31,-22.9180,167.2410,434,269,398,182,25,,,27,143,28,,,,,,,,,,,,,,,,,,,,,,,,,,,,,
7495,253101,3,NK,3,567,21-Jan-2024,20:11:19,-22.9125,167.2323,,401677575,-124,56,0,21-Jan-2024,20:07:32,-22.9125,167.2323,525,173,519,57,97,,,80,70,62,,,,,,,,,,,,,,,,,,,,,,,,,,,,,
7495,253101,3,NK,3,567,21-Jan-2024,20:11:19,-22.9125,167.2323,,401677575,-124,56,0,21-Jan-2024,20:07:54,-22.9125,167.2323,525,173,519,57,97,,,46,164,169,,,,,,,,,,,,,,,,,,,,,,,,,,,,,
7495,253101,3,NK,3,567,21-Jan-2024,20:11:19,-22.9125,167.2323,,401677575,-124,56,0,21-Jan-2024,20:09:42,-22.9125,167.2323,525,173,519,57,97,,,73,82,5,,,,,,,,,,,,,,,,,,,,,,,,,,,,,
7495,253101,3,NK,3,567,21-Jan-2024,20:11:19,-22.9125,167.2323,,401677575,-124,56,0,21-Jan-2024,20:10:03,-22.9125,167.2323,525,173,519,57,97,,,89,75,62,,,,,,,,,,,,,,,,,,,,,,,,,,,,,
7495,253101,3,NK,3,567,21-Jan-2024,20:11:19,-22.9125,167.2323,,401677575,-124,56,0,21-Jan-2024,20:12:20,-22.9125,167.2323,525,173,519,57,97,,,91,81,62,,,,,,,,,,,,,,,,,,,,,,,,,,,,,
7495,253101,3,NK,3,567,21-Jan-2024,20:11:19,-22.9125,167.2323,,401677575,-124,56,1,21-Jan-2024,20:13:31,-22.9125,167.2323,525,173,519,57,97,,,27,143,28,,,,,,,,,,,,,,,,,,,,,,,,,,,,,
7495,253101,3,NK,3,567,21-Jan-2024,20:11:19,-22.9125,167.2323,,401677575,-124,56,1,21-Jan-2024,20:14:19,-22.9125,167.2323,525,173,519,57,97,,,110,132,0,,,,,,,,,,,,,,,,,,,,,,,,,,,,,
7495,253101,3,NK,3,567,21-Jan-2024,20:11:19,-22.9125,167.2323,,401677575,-124,56,2,21-Jan-2024,20:14:34,-22.9125,167.2323,525,173,519,57,97,,,15,1,16,,,,,,,,,,,,,,,,,,,,,,,,,,,,,
7495,253101,3,NK,3,567,21-Jan-2024,20:11:19,-22.9125,167.2323,,401677575,-124,56,2,21-Jan-2024,20:15:27,-22.9125,167.2323,525,173,519,57,97,,,71,84,5,,,,,,,,,,,,,,,,,,,,,,,,,,,,,
7495,253101,3,NK,3,567,21-Jan-2024,20:11:19,-22.9125,167.2323,,401677575,-124,56,0,21-Jan-2024,20:16:17,-22.9125,167.2323,525,173,519,57,97,,,110,132,2,,,,,,,,,,,,,,,,,,,,,,,,,,,,,
7495,253101,3,MC,1,568,21-Jan-2024,20:35:18,-22.9131,167.2491,,401677572,-130,56,0,21-Jan-2024,20:34:08,-22.9131,167.2491,181,927,2441,351,156,,,95,117,62,,,,,,,,,,,,,,,,,,,,,,,,,,,,,
7495,253101,3,MC,1,568,21-Jan-2024,20:35:18,-22.9131,167.2491,,401677572,-130,56,0,21-Jan-2024,20:34:36,-22.9131,167.2491,181,927,2441,351,156,,,110,132,0,,,,,,,,,,,,,,,,,,,,,,,,,,,,,
7495,253101,3,MC,1,568,21-Jan-2024,20:35:18,-22.9131,167.2491,,401677572,-130,56,0,21-Jan-2024,20:35:52,-22.9131,167.2491,181,927,2441,351,156,,,27,143,28,,,,,,,,,,,,,,,,,,,,,,,,,,,,,
7495,253101,3,MC,1,568,21-Jan-2024,20:35:18,-22.9131,167.2491,,401677572,-130,56,0,21-Jan-2024,20:36:39,-22.9131,167.2491,181,927,2441,351,156,,,92,122,62,,,,,,,,,,,,,,,,,,,,,,,,,,,,,
7495,253101,3,MC,1,568,21-Jan-2024,20:35:18,-22.9131,167.2491,,401677572,-130,56,0,21-Jan-2024,20:37:09,-22.9131,167.2491,181,927,2441,351,156,,,15,1,16,,,,,,,,,,,,,,,,,,,,,,,,,,,,,
7495,253101,3,MB,B,569,21-Jan-2024,21:19:13,-22.9123,167.2307,,401677575,-132,8,0,21-Jan-2024,21:19:14,-22.9123,167.2307,,2162,2422,1930,154,,,110,132,0,,,,,,,,,,,,,,,,,,,,,,,,,,,,,
7495,253101,3,NP,B,570,21-Jan-2024,21:48:02,-22.9084,167.2403,,401677570,-125,6,0,21-Jan-2024,21:48:02,-22.9084,167.2403,,2394,2823,2029,104,,,110,132,0,,,,,,,,,,,,,,,,,,,,,,,,,,,,,
7495,253101,3,CS,B,571,22-Jan-2024,05:25:29,-22.8157,167.3299,,401677591,-131,8,0,22-Jan-2024,05:23:25,-22.8157,167.3299,249,2895,58969,142,138,,,86,169,62,,,,,,,,,,,,,,,,,,,,,,,,,,,,,
7495,253101,3,CS,B,571,22-Jan-2024,05:25:29,-22.8157,167.3299,,401677591,-131,8,0,22-Jan-2024,05:27:34,-22.8157,167.3299,249,2895,58969,142,138,,,110,132,0,,,,,,,,,,,,,,,,,,,,,,,,,,,,,
7495,253101,3,CS,B,572,22-Jan-2024,06:58:55,-22.8019,167.3067,,401677570,-138,8,0,22-Jan-2024,06:58:55,-22.8019,167.3067,,3939,8685,1786,136,,,27,143,28,,,,,,,,,,,,,,,,,,,,,,,,,,,,,
7495,253101,3,NP,0,573,22-Jan-2024,10:27:02,-22.8049,167.3546,,401677586,-131,58,0,22-Jan-2024,10:24:07,-22.8049,167.3546,186,5842,92979,367,93,,,107,133,0,,,,,,,,,,,,,,,,,,,,,,,,,,,,,
7495,253101,3,NP,0,573,22-Jan-2024,10:27:02,-22.8049,167.3546,,401677586,-131,58,0,22-Jan-2024,10:25:48,-22.8049,167.3546,186,5842,92979,367,93,,,27,143,28,,,,,,,,,,,,,,,,,,,,,,,,,,,,,
7495,253101,3,NP,0,573,22-Jan-2024,10:27:02,-22.8049,167.3546,,401677586,-131,58,0,22-Jan-2024,10:26:51,-22.8049,167.3546,186,5842,92979,367,93,,,67,64,5,,,,,,,,,,,,,,,,,,,,,,,,,,,,,
7495,253101,3,NP,0,573,22-Jan-2024,10:27:02,-22.8049,167.3546,,401677586,-131,58,0,22-Jan-2024,10:27:13,-22.8049,167.3546,186,5842,92979,367,93,,,81,221,62,,,,,,,,,,,,,,,,,,,,,,,,,,,,,
7495,253101,3,SR,B,574,22-Jan-2024,17:37:47,-22.8387,167.3797,,401677550,-133,8,0,22-Jan-2024,17:37:47,-22.8387,167.3797,,6854,11078,4240,74,,,71,84,5,,,,,,,,,,,,,,,,,,,,,,,,,,,,,
7495,253101,3,NP,A,575,22-Jan-2024,19:56:30,-22.8532,167.4275,,401677581,-136,7,0,22-Jan-2024,19:56:19,-22.8532,167.4275,136,4592,23006,916,21,,,78,73,5,,,,,,,,,,,,,,,,,,,,,,,,,,,,,
7495,253101,23,NP,A,575,22-Jan-2024,19:56:30,-22.8532,167.4275,,401677581,-136,7,0,22-Jan-2024,19:56:41,-22.8532,167.4275,136,4592,23006,916,21,,,85,208,165,253,232,144,190,81,75,80,85,145,20,126,44,248,1,82,25,212,144,255,128,,,,,,,,,
7495,253101,3,NP,A,575,22-Jan-2024,19:56:30,-22.8532,167.4275,,401677581,-136,7,0,22-Jan-2024,19:58:35,-22.8532,167.4275,136,4592,23006,916,21,,,68,11,5,,,,,,,,,,,,,,,,,,,,,,,,,,,,,
7495,253101,3,MC,B,576,22-Jan-2024,20:14:34,-22.8534,167.4274,,401677578,-135,6,0,22-Jan-2024,20:14:27,-22.8534,167.4274,15,3352,8932,1257,20,,,15,1,24,,,,,,,,,,,,,,,,,,,,,,,,,,,,,
7495,253101,3,MC,B,576,22-Jan-2024,20:14:34,-22.8534,167.4274,,401677578,-135,6,0,22-Jan-2024,20:14:42,-22.8534,167.4274,15,3352,8932,1257,20,,,27,143,28,,,,,,,,,,,,,,,,,,,,,,,,,,,,,
7495,253101,3,NP,B,577,22-Jan-2024,21:38:34,-22.8859,167.4170,,401677573,-127,8,0,22-Jan-2024,21:36:47,-22.8859,167.4170,108,1042,3474,312,123,,,107,133,0,,,,,,,,,,,,,,,,,,,,,,,,,,,,,
7495,253101,3,NP,B,577,22-Jan-2024,21:38:34,-22.8859,167.4170,,401677573,-127,8,0,22-Jan-2024,21:38:35,-22.8859,167.4170,108,1042,3474,312,123,,,15,1,16,,,,,,,,,,,,,,,,,,,,,,,,,,,,,
7495,253101,3,NN,B,578,22-Jan-2024,21:38:34,-22.8831,167.4124,,401677584,-133,,0,22-Jan-2024,21:38:35,-22.8831,167.4124,,987,3036,320,121,,,15,1,16,,,,,,,,,,,,,,,,,,,,,,,,,,,,,
7495,253101,3,MC,B,579,22-Jan-2024,21:55:37,-22.8796,167.3872,,401677581,-119,6,0,22-Jan-2024,21:55:30,-22.8796,167.3872,15,1995,4112,967,125,,,15,1,16,,,,,,,,,,,,,,,,,,,,,,,,,,,,,
7495,253101,3,MC,B,579,22-Jan-2024,21:55:37,-22.8796,167.3872,,401677581,-119,6,0,22-Jan-2024,21:55:45,-22.8796,167.3872,15,1995,4112,967,125,,,27,143,28,,,,,,,,,,,,,,,,,,,,,,,,,,,,,
7495,253101,3,CS,B,580,23-Jan-2024,04:42:40,-22.8931,167.2989,,401677577,-136,8,0,23-Jan-2024,04:42:41,-22.8931,167.2989,147,5004,29394,851,171,,,67,80,5,,,,,,,,,,,,,,,,,,,,,,,,,,,,,
7495,253101,3,CS,B,580,23-Jan-2024,04:42:40,-22.8931,167.2989,,401677577,-136,8,0,23-Jan-2024,04:45:08,-22.8931,167.2989,147,5004,29394,851,171,,,78,89,4,,,,,,,,,,,,,,,,,,,,,,,,,,,,,
7495,253101,3,SR,B,581,23-Jan-2024,04:42:40,-22.9326,167.3861,,401677576,-138,8,0,23-Jan-2024,04:42:41,-22.9326,167.3861,,8631,10909,6827,116,,,67,80,5,,,,,,,,,,,,,,,,,,,,,,,,,,,,,
7495,253101,3,SR,B,582,23-Jan-2024,06:21:19,-22.8822,167.2988,,401677572,-126,8,0,23-Jan-2024,06:21:19,-22.8822,167.2988,,1218,2310,642,106,,,27,143,28,,,,,,,,,,,,,,,,,,,,,,,,,,,,,
7495,253101,3,CS,A,583,23-Jan-2024,06:24:19,-22.8774,167.2726,,401677576,-127,6,0,23-Jan-2024,06:21:19,-22.8774,167.2726,298,1884,20743,171,71,,,27,143,28,,,,,,,,,,,,,,,,,,,,,,,,,,,,,
7495,253101,3,CS,A,583,23-Jan-2024,06:24:19,-22.8774,167.2726,,401677576,-127,6,0,23-Jan-2024,06:25:23,-22.8774,167.2726,298,1884,20743,171,71,,,72,71,5,,,,,,,,,,,,,,,,,,,,,,,,,,,,,
7495,253101,23,CS,A,583,23-Jan-2024,06:24:19,-22.8774,167.2726,,401677576,-127,6,0,23-Jan-2024,06:26:17,-22.8774,167.2726,298,1884,20743,171,71,,,79,240,165,253,232,144,190,81,75,154,46,203,214,125,167,198,28,97,227,148,39,219,185,,,,,,,,,
7495,253101,3,SR,B,584,23-Jan-2024,08:01:21,-22.8834,167.2629,,401677587,-137,8,0,23-Jan-2024,08:01:21,-22.8834,167.2629,,4237,5914,3034,80,,,92,164,127,,,,,,,,,,,,,,,,,,,,,,,,,,,,,
7495,253101,3,NK,0,585,23-Jan-2024,08:07:44,-22.9236,167.2444,,401677579,-122,56,0,23-Jan-2024,08:06:55,-22.9236,167.2444,181,3471,47033,256,94,,,90,170,63,,,,,,,,,,,,,,,,,,,,,,,,,,,,,
7495,253101,3,NK,0,585,23-Jan-2024,08:07:44,-22.9236,167.2444,,401677579,-122,56,1,23-Jan-2024,08:08:09,-22.9236,167.2444,181,3471,47033,256,94,,,15,1,16,,,,,,,,,,,,,,,,,,,,,,,,,,,,,
7495,253101,3,NK,0,585,23-Jan-2024,08:07:44,-22.9236,167.2444,,401677579,-122,56,0,23-Jan-2024,08:09:56,-22.9236,167.2444,181,3471,47033,256,94,,,27,143,28,,,,,,,,,,,,,,,,,,,,,,,,,,,,,
7495,253101,3,NN,A,586,23-Jan-2024,10:05:12,-22.9639,167.2834,,401677595,-137,8,0,23-Jan-2024,10:03:49,-22.9639,167.2834,170,2405,9526,607,44,,,93,177,63,,,,,,,,,,,,,,,,,,,,,,,,,,,,,
7495,253101,3,NN,A,586,23-Jan-2024,10:05:12,-22.9639,167.2834,,401677595,-137,8,0,23-Jan-2024,10:05:09,-22.9639,167.2834,170,2405,9526,607,44,,,15,1,16,,,,,,,,,,,,,,,,,,,,,,,,,,,,,
7495,253101,3,NN,A,586,23-Jan-2024,10:05:12,-22.9639,167.2834,,401677595,-137,8,0,23-Jan-2024,10:06:39,-22.9639,167.2834,170,2405,9526,607,44,,,27,143,28,,,,,,,,,,,,,,,,,,,,,,,,,,,,,
7495,253101,3,NP,1,587,23-Jan-2024,10:06:22,-22.9462,167.2969,,401677587,-127,56,0,23-Jan-2024,10:03:49,-22.9462,167.2969,418,1409,18385,107,75,,,93,177,63,,,,,,,,,,,,,,,,,,,,,,,,,,,,,
7495,253101,3,NP,1,587,23-Jan-2024,10:06:22,-22.9462,167.2969,,401677587,-127,56,0,23-Jan-2024,10:06:39,-22.9462,167.2969,418,1409,18385,107,75,,,27,143,28,,,,,,,,,,,,,,,,,,,,,,,,,,,,,
7495,253101,3,NP,1,587,23-Jan-2024,10:06:22,-22.9462,167.2969,,401677587,-127,56,0,23-Jan-2024,10:07:57,-22.9462,167.2969,418,1409,18385,107,75,,,71,84,5,,,,,,,,,,,,,,,,,,,,,,,,,,,,,
7495,253101,3,NP,1,587,23-Jan-2024,10:06:22,-22.9462,167.2969,,401677587,-127,56,0,23-Jan-2024,10:08:20,-22.9462,167.2969,418,1409,18385,107,75,,,86,182,63,,,,,,,,,,,,,,,,,,,,,,,,,,,,,
7495,253101,3,NP,1,587,23-Jan-2024,10:06:22,-22.9462,167.2969,,401677587,-127,56,0,23-Jan-2024,10:09:17,-22.9462,167.2969,418,1409,18385,107,75,,,110,132,0,,,,,,,,,,,,,,,,,,,,,,,,,,,,,
7495,253101,3,NP,1,587,23-Jan-2024,10:06:22,-22.9462,167.2969,,401677587,-127,56,1,23-Jan-2024,10:10:47,-22.9462,167.2969,418,1409,18385,107,75,,,15,1,16,,,,,,,,,,,,,,,,,,,,,,,,,,,,,
7495,253101,31,NN,B,588,23-Jan-2024,11:43:26,-22.9621,167.2818,,401677586,-133,8,0,23-Jan-2024,11:43:27,-22.9621,167.2818,,7965,9166,6920,83,,,42,6,192,11,135,95,231,19,2,247,149,253,92,160,40,210,121,97,85,126,146,208,34,75,82,210,10,212,52,113,233,
7495,253101,31,O3,B,589,23-Jan-2024,12:31:10,-22.9866,167.2833,,401677591,-128,8,0,23-Jan-2024,12:30:18,-22.9866,167.2833,106,6210,70383,547,92,,,42,6,192,14,231,2,252,178,142,109,183,252,231,177,76,36,233,19,215,77,225,78,3,1,198,148,134,227,224,247,66,
7495,253101,3,O3,B,589,23-Jan-2024,12:31:10,-22.9866,167.2833,,401677591,-128,8,0,23-Jan-2024,12:32:04,-22.9866,167.2833,106,6210,70383,547,92,,,15,1,16,,,,,,,,,,,,,,,,,,,,,,,,,,,,,
7495,253101,3,O3,B,590,23-Jan-2024,14:08:50,-23.0048,167.2975,,401677580,-133,8,0,23-Jan-2024,14:08:51,-23.0048,167.2975,,1601,2396,1069,84,,,27,143,28,,,,,,,,,,,,,,,,,,,,,,,,,,,,,
7495,253101,3,SR,B,591,23-Jan-2024,18:37:55,-23.0861,167.2967,,401677575,-135,8,0,23-Jan-2024,18:37:30,-23.0861,167.2967,51,2083,4996,868,108,,,81,6,64,,,,,,,,,,,,,,,,,,,,,,,,,,,,,
7495,253101,3,SR,B,591,23-Jan-2024,18:37:55,-23.0861,167.2967,,401677575,-135,8,0,23-Jan-2024,18:38:21,-23.0861,167.2967,51,2083,4996,868,108,,,111,129,4,,,,,,,,,,,,,,,,,,,,,,,,,,,,,
7495,253101,3,MB,B,592,23-Jan-2024,22:17:19,-23.1275,167.2994,,401677575,-131,8,0,23-Jan-2024,22:17:19,,,,3661,6398,2095,115,,,101,131,0,,,,,,,,,,,,,,,,,,,,,,,,,,,,,
7495,253101,3,O3,B,593,24-Jan-2024,01:17:59,-23.1747,167.3451,,401677594,-136,8,0,24-Jan-2024,01:18:00,-23.1747,167.3451,,4364,5639,3377,158,,,92,63,192,,,,,,,,,,,,,,,,,,,,,,,,,,,,,
7495,253101,3,A1,A,594,24-Jan-2024,07:17:58,-23.1666,167.3459,,401677581,-131,8,0,24-Jan-2024,07:17:17,-23.1666,167.3459,89,659,4048,107,61,,,71,100,5,,,,,,,,,,,,,,,,,,,,,,,,,,,,,
7495,253101,3,A1,A,594,24-Jan-2024,07:17:58,-23.1666,167.3459,,401677581,-131,8,0,24-Jan-2024,07:17:53,-23.1666,167.3459,89,659,4048,107,61,,,105,126,0,,,,,,,,,,,,,,,,,,,,,,,,,,,,,
7495,253101,3,A1,A,594,24-Jan-2024,07:17:58,-23.1666,167.3459,,401677581,-131,8,0,24-Jan-2024,07:18:46,-23.1666,167.3459,89,659,4048,107,61,,,74,119,94,,,,,,,,,,,,,,,,,,,,,,,,,,,,,
7495,253101,3,CS,B,595,24-Jan-2024,07:18:19,-23.1833,167.3684,,401677586,-134,8,0,24-Jan-2024,07:17:53,-23.1833,167.3684,53,1908,12332,295,87,,,105,126,0,,,,,,,,,,,,,,,,,,,,,,,,,,,,,
7495,253101,3,CS,B,595,24-Jan-2024,07:18:19,-23.1833,167.3684,,401677586,-134,8,0,24-Jan-2024,07:18:46,-23.1833,167.3684,53,1908,12332,295,87,,,77,237,159,,,,,,,,,,,,,,,,,,,,,,,,,,,,,
7495,253101,3,NP,2,596,24-Jan-2024,09:53:16,-23.1406,167.3331,,401677574,-127,58,0,24-Jan-2024,09:50:48,-23.1406,167.3331,462,311,2120,45,72,,,77,102,5,,,,,,,,,,,,,,,,,,,,,,,,,,,,,
7495,253101,3,NP,2,596,24-Jan-2024,09:53:16,-23.1406,167.3331,,401677574,-127,58,0,24-Jan-2024,09:51:07,-23.1406,167.3331,462,311,2120,45,72,,,81,199,0,,,,,,,,,,,,,,,,,,,,,,,,,,,,,
7495,253101,3,NP,2,596,24-Jan-2024,09:53:16,-23.1406,167.3331,,401677574,-127,58,0,24-Jan-2024,09:52:47,-23.1406,167.3331,462,311,2120,45,72,,,86,204,64,,,,,,,,,,,,,,,,,,,,,,,,,,,,,
7495,253101,3,NP,2,596,24-Jan-2024,09:53:16,-23.1406,167.3331,,401677574,-127,58,0,24-Jan-2024,09:53:05,-23.1406,167.3331,462,311,2120,45,72,,,106,136,0,,,,,,,,,,,,,,,,,,,,,,,,,,,,,
7495,253101,3,NP,2,596,24-Jan-2024,09:53:16,-23.1406,167.3331,,401677574,-127,58,0,24-Jan-2024,09:53:27,-23.1406,167.3331,462,311,2120,45,72,,,15,1,16,,,,,,,,,,,,,,,,,,,,,,,,,,,,,
7495,253101,3,NP,2,596,24-Jan-2024,09:53:16,-23.1406,167.3331,,401677574,-127,58,0,24-Jan-2024,09:53:48,-23.1406,167.3331,462,311,2120,45,72,,,27,143,28,,,,,,,,,,,,,,,,,,,,,,,,,,,,,
7495,253101,3,NP,2,596,24-Jan-2024,09:53:16,-23.1406,167.3331,,401677574,-127,58,1,24-Jan-2024,09:56:44,-23.1406,167.3331,462,311,2120,45,72,,,15,1,16,,,,,,,,,,,,,,,,,,,,,,,,,,,,,
7495,253101,3,NP,2,596,24-Jan-2024,09:53:16,-23.1406,167.3331,,401677574,-127,58,0,24-Jan-2024,09:57:38,-23.1406,167.3331,462,311,2120,45,72,,,27,143,60,,,,,,,,,,,,,,,,,,,,,,,,,,,,,
7495,253101,3,NP,2,596,24-Jan-2024,09:53:16,-23.1406,167.3331,,401677574,-127,58,0,24-Jan-2024,09:58:30,-23.1406,167.3331,462,311,2120,45,72,,,84,214,64,,,,,,,,,,,,,,,,,,,,,,,,,,,,,
7495,253101,3,NN,1,597,24-Jan-2024,13:12:39,-23.1083,167.3377,,401677585,-133,58,0,24-Jan-2024,13:13:28,-23.1083,167.3377,277,694,1981,242,142,,,101,131,0,,,,,,,,,,,,,,,,,,,,,,,,,,,,,
7495,253101,3,NN,1,597,24-Jan-2024,13:12:39,-23.1083,167.3377,,401677585,-133,58,0,24-Jan-2024,13:14:16,-23.1083,167.3377,277,694,1981,242,142,,,73,98,5,,,,,,,,,,,,,,,,,,,,,,,,,,,,,
7495,253101,3,NN,1,597,24-Jan-2024,13:12:39,-23.1083,167.3377,,401677585,-133,58,0,24-Jan-2024,13:16:06,-23.1083,167.3377,277,694,1981,242,142,,,76,99,5,,,,,,,,,,,,,,,,,,,,,,,,,,,,,
7495,253101,3,NN,1,597,24-Jan-2024,13:12:39,-23.1083,167.3377,,401677585,-133,58,0,24-Jan-2024,13:16:22,-23.1083,167.3377,277,694,1981,242,142,,,84,246,64,,,,,,,,,,,,,,,,,,,,,,,,,,,,,
7495,253101,3,NN,1,597,24-Jan-2024,13:12:39,-23.1083,167.3377,,401677585,-133,58,1,24-Jan-2024,13:17:11,-23.1083,167.3377,277,694,1981,242,142,,,27,143,28,,,,,,,,,,,,,,,,,,,,,,,,,,,,,
7495,253101,3,NN,1,597,24-Jan-2024,13:12:39,-23.1083,167.3377,,401677585,-133,58,0,24-Jan-2024,13:18:05,-23.1083,167.3377,277,694,1981,242,142,,,93,251,64,,,,,,,,,,,,,,,,,,,,,,,,,,,,,
7495,253101,3,NP,2,598,24-Jan-2024,21:16:57,-22.9607,167.2899,,401677575,-136,56,0,24-Jan-2024,21:08:32,-22.9607,167.2899,505,455,1296,159,124,,,91,207,208,,,,,,,,,,,,,,,,,,,,,,,,,,,,,
7495,253101,3,NP,2,598,24-Jan-2024,21:16:57,-22.9607,167.2899,,401677575,-136,56,0,24-Jan-2024,21:14:27,-22.9607,167.2899,505,455,1296,159,124,,,15,1,16,,,,,,,,,,,,,,,,,,,,,,,,,,,,,
7495,253101,3,NP,2,598,24-Jan-2024,21:16:57,-22.9607,167.2899,,401677575,-136,56,0,24-Jan-2024,21:14:48,-22.9607,167.2899,505,455,1296,159,124,,,27,143,28,,,,,,,,,,,,,,,,,,,,,,,,,,,,,
7495,253101,3,NP,2,598,24-Jan-2024,21:16:57,-22.9607,167.2899,,401677575,-136,56,0,24-Jan-2024,21:16:57,-22.9607,167.2899,505,455,1296,159,124,,,93,21,212,,,,,,,,,,,,,,,,,,,,,,,,,,,,,
7495,253101,3,MC,1,599,24-Jan-2024,21:14:28,-22.9679,167.2910,,401677572,-129,58,0,24-Jan-2024,21:14:09,-22.9679,167.2910,168,624,2288,170,62,,,105,126,0,,,,,,,,,,,,,,,,,,,,,,,,,,,,,
7495,253101,3,MC,1,599,24-Jan-2024,21:14:28,-22.9679,167.2910,,401677572,-129,58,0,24-Jan-2024,21:14:27,-22.9679,167.2910,168,624,2288,170,62,,,15,1,16,,,,,,,,,,,,,,,,,,,,,,,,,,,,,
7495,253101,3,MC,1,599,24-Jan-2024,21:14:28,-22.9679,167.2910,,401677572,-129,58,0,24-Jan-2024,21:14:48,-22.9679,167.2910,168,624,2288,170,62,,,27,143,28,,,,,,,,,,,,,,,,,,,,,,,,,,,,,
7495,253101,3,MC,1,599,24-Jan-2024,21:14:28,-22.9679,167.2910,,401677572,-129,58,0,24-Jan-2024,21:15:32,-22.9679,167.2910,168,624,2288,170,62,,,92,83,101,,,,,,,,,,,,,,,,,,,,,,,,,,,,,
7495,253101,3,MC,1,599,24-Jan-2024,21:14:28,-22.9679,167.2910,,401677572,-129,58,0,24-Jan-2024,21:16:57,-22.9679,167.2910,168,624,2288,170,62,,,93,21,89,,,,,,,,,,,,,,,,,,,,,,,,,,,,,
7495,253101,23,CS,B,600,25-Jan-2024,04:59:44,-22.8628,167.2893,,401677603,-140,8,0,25-Jan-2024,04:59:45,-22.8628,167.2893,,6374,9610,4226,99,,,93,179,113,118,168,193,224,65,187,137,43,226,92,99,187,44,226,52,232,55,170,45,245,,,,,,,,,
7495,253101,3,O3,B,601,25-Jan-2024,14:21:08,-22.9126,167.3060,,401677594,-138,8,0,25-Jan-2024,14:21:09,-22.9126,167.3060,,7940,11587,5441,94,,,27,143,157,,,,,,,,,,,,,,,,,,,,,,,,,,,,,
7495,253101,3,A1,B,602,25-Jan-2024,20:07:09,-22.8765,167.3137,,401677586,-139,8,0,25-Jan-2024,20:07:10,-22.8765,167.3137,,7354,10254,5273,56,,,90,15,77,,,,,,,,,,,,,,,,,,,,,,,,,,,,,
7495,253101,3,NK,B,603,25-Jan-2024,20:07:09,-22.8886,167.3031,,401677591,-128,,0,25-Jan-2024,20:07:10,-22.8886,167.3031,,3302,10184,1070,80,,,90,15,72,,,,,,,,,,,,,,,,,,,,,,,,,,,,,
7495,253101,3,MB,B,604,25-Jan-2024,21:37:36,-22.8824,167.2860,,401677582,-132,8,0,25-Jan-2024,21:37:36,-22.8824,167.2860,,2896,5723,1464,74,,,27,143,19,,,,,,,,,,,,,,,,,,,,,,,,,,,,,
7495,253101,3,A1,B,605,26-Jan-2024,18:10:12,-22.8501,167.1765,,401677571,-140,,0,26-Jan-2024,18:10:13,-22.8501,167.1765,,4297,10504,1757,109,,,96,130,0,,,,,,,,,,,,,,,,,,,,,,,,,,,,,
7495,253101,3,NK,B,606,27-Jan-2024,09:51:09,-22.8698,167.2126,,401677575,-137,,0,27-Jan-2024,09:51:09,-22.8698,167.2126,,6825,15035,3098,106,,,92,30,67,,,,,,,,,,,,,,,,,,,,,,,,,,,,,
7495,253101,3,O3,B,607,27-Jan-2024,14:28:54,-22.8028,167.1289,,401677581,-134,8,0,27-Jan-2024,14:28:54,-22.8028,167.1289,,6740,13358,3400,101,,,78,73,5,,,,,,,,,,,,,,,,,,,,,,,,,,,,,
7495,253101,31,SR,B,608,27-Jan-2024,18:22:38,-22.8071,167.0806,,401677600,-137,8,0,27-Jan-2024,18:22:39,-22.8071,167.0806,,6457,16680,2499,109,,,42,7,64,238,0,0,238,224,238,0,0,239,5,19,188,68,168,2,171,98,31,209,104,75,12,65,155,64,149,33,140,
7495,253101,3,NP,B,609,27-Jan-2024,22:22:12,-22.7583,166.9572,,401677569,-139,8,0,27-Jan-2024,22:22:12,-22.7583,166.9572,,3955,5163,3029,56,,,110,132,0,,,,,,,,,,,,,,,,,,,,,,,,,,,,,
7495,253101,3,MC, ,610,28-Jan-2024,23:11:59,,,,401650000,-131,,0,28-Jan-2024,23:11:59,,,,,,,,,,71,59,5,,,,,,,,,,,,,,,,,,,,,,,,,,,,,
7495,253101,3,NP, ,611,29-Jan-2024,10:33:50,,,,401650000,-136,,0,29-Jan-2024,10:33:50,,,,,,,,,,15,1,16,,,,,,,,,,,,,,,,,,,,,,,,,,,,,
7495,253101,3,CS,2,612,29-Jan-2024,18:17:29,-22.8775,167.3613,,401677583,-126,50,0,29-Jan-2024,18:14:03,-22.8775,167.3613,428,342,761,153,89,,,27,143,60,,,,,,,,,,,,,,,,,,,,,,,,,,,,,
7495,253101,3,CS,2,612,29-Jan-2024,18:17:29,-22.8775,167.3613,,401677583,-126,50,0,29-Jan-2024,18:14:34,-22.8775,167.3613,428,342,761,153,89,,,83,241,68,,,,,,,,,,,,,,,,,,,,,,,,,,,,,
7495,253101,3,CS,2,612,29-Jan-2024,18:17:29,-22.8775,167.3613,,401677583,-126,50,0,29-Jan-2024,18:17:20,-22.8775,167.3613,428,342,761,153,89,,,96,130,0,,,,,,,,,,,,,,,,,,,,,,,,,,,,,
7495,253101,3,CS,2,612,29-Jan-2024,18:17:29,-22.8775,167.3613,,401677583,-126,50,0,29-Jan-2024,18:17:53,-22.8775,167.3613,428,342,761,153,89,,,27,143,28,,,,,,,,,,,,,,,,,,,,,,,,,,,,,
7495,253101,3,CS,2,612,29-Jan-2024,18:17:29,-22.8775,167.3613,,401677583,-126,50,1,29-Jan-2024,18:18:15,-22.8775,167.3613,428,342,761,153,89,,,65,74,5,,,,,,,,,,,,,,,,,,,,,,,,,,,,,
7495,253101,3,CS,2,612,29-Jan-2024,18:17:29,-22.8775,167.3613,,401677583,-126,50,0,29-Jan-2024,18:18:30,-22.8775,167.3613,428,342,761,153,89,,,90,252,68,,,,,,,,,,,,,,,,,,,,,,,,,,,,,
7495,253101,3,CS,2,612,29-Jan-2024,18:17:29,-22.8775,167.3613,,401677583,-126,50,0,29-Jan-2024,18:19:19,-22.8775,167.3613,428,342,761,153,89,,,27,142,160,,,,,,,,,,,,,,,,,,,,,,,,,,,,,
7495,253101,3,CS,2,612,29-Jan-2024,18:17:29,-22.8775,167.3613,,401677583,-126,50,0,29-Jan-2024,18:21:11,-22.8775,167.3613,428,342,761,153,89,,,94,6,65,,,,,,,,,,,,,,,,,,,,,,,,,,,,,
7495,253101,3,NK,2,613,29-Jan-2024,18:27:11,-22.8829,167.3692,,401677581,-135,56,0,29-Jan-2024,18:24:32,-22.8829,167.3692,425,434,775,242,12,,,109,129,0,,,,,,,,,,,,,,,,,,,,,,,,,,,,,
7495,253101,3,NK,2,613,29-Jan-2024,18:27:11,-22.8829,167.3692,,401677581,-135,56,0,29-Jan-2024,18:25:32,-22.8829,167.3692,425,434,775,242,12,,,78,73,5,,,,,,,,,,,,,,,,,,,,,,,,,,,,,
7495,253101,3,NK,2,613,29-Jan-2024,18:27:11,-22.8829,167.3692,,401677581,-135,56,0,29-Jan-2024,18:25:47,-22.8829,167.3692,425,434,775,242,12,,,94,22,69,,,,,,,,,,,,,,,,,,,,,,,,,,,,,
7495,253101,3,NK,2,613,29-Jan-2024,18:27:11,-22.8829,167.3692,,401677581,-135,56,0,29-Jan-2024,18:27:11,-22.8829,167.3692,425,434,775,242,12,,,87,27,69,,,,,,,,,,,,,,,,,,,,,,,,,,,,,
7495,253101,3,NK,2,613,29-Jan-2024,18:27:11,-22.8829,167.3692,,401677581,-135,56,0,29-Jan-2024,18:27:26,-22.8829,167.3692,425,434,775,242,12,,,101,131,0,,,,,,,,,,,,,,,,,,,,,,,,,,,,,
7495,253101,3,NK,2,613,29-Jan-2024,18:27:11,-22.8829,167.3692,,401677581,-135,56,0,29-Jan-2024,18:28:15,-22.8829,167.3692,425,434,775,242,12,,,65,74,5,,,,,,,,,,,,,,,,,,,,,,,,,,,,,
7495,253101,3,NK,2,613,29-Jan-2024,18:27:11,-22.8829,167.3692,,401677581,-135,56,0,29-Jan-2024,18:28:31,-22.8829,167.3692,425,434,775,242,12,,,80,32,69,,,,,,,,,,,,,,,,,,,,,,,,,,,,,
7495,253101,3,NK,2,613,29-Jan-2024,18:27:11,-22.8829,167.3692,,401677581,-135,56,2,29-Jan-2024,18:29:15,-22.8829,167.3692,425,434,775,242,12,,,15,1,16,,,,,,,,,,,,,,,,,,,,,,,,,,,,,
7495,253101,23,NK,2,613,29-Jan-2024,18:27:11,-22.8829,167.3692,,401677581,-135,56,0,29-Jan-2024,18:29:47,-22.8829,167.3692,425,434,775,242,12,,,92,48,165,253,232,144,190,81,78,202,108,142,148,138,73,6,3,84,26,212,160,241,0,,,,,,,,,
7495,253101,3,NK,2,613,29-Jan-2024,18:27:11,-22.8829,167.3692,,401677581,-135,56,2,29-Jan-2024,18:31:37,-22.8829,167.3692,425,434,775,242,12,,,27,143,28,,,,,,,,,,,,,,,,,,,,,,,,,,,,,
7495,253101,3,NK,2,614,29-Jan-2024,20:07:24,-22.8662,167.4000,,401677577,-126,58,0,29-Jan-2024,20:02:42,-22.8662,167.4000,632,290,1518,55,100,,,101,147,1,,,,,,,,,,,,,,,,,,,,,,,,,,,,,
7495,253101,3,NK,2,614,29-Jan-2024,20:07:24,-22.8662,167.4000,,401677577,-126,58,0,29-Jan-2024,20:03:27,-22.8662,167.4000,632,290,1518,55,100,,,68,75,5,,,,,,,,,,,,,,,,,,,,,,,,,,,,,
7495,253101,3,NK,2,614,29-Jan-2024,20:07:24,-22.8662,167.4000,,401677577,-126,58,0,29-Jan-2024,20:03:42,-22.8662,167.4000,632,290,1518,55,100,,,81,106,69,,,,,,,,,,,,,,,,,,,,,,,,,,,,,
7495,253101,3,NK,2,614,29-Jan-2024,20:07:24,-22.8662,167.4000,,401677577,-126,58,0,29-Jan-2024,20:03:57,-22.8662,167.4000,632,290,1518,55,100,,,110,133,226,,,,,,,,,,,,,,,,,,,,,,,,,,,,,
7495,253101,23,NK,2,614,29-Jan-2024,20:07:24,-22.8662,167.4000,,401677577,-126,58,0,29-Jan-2024,20:04:58,-22.8662,167.4000,632,290,1518,55,100,,,95,208,165,253,232,144,190,81,78,208,224,140,212,138,223,6,1,107,26,212,192,241,0,,,,,,,,,
7495,253101,3,NK,2,614,29-Jan-2024,20:07:24,-22.8662,167.4000,,401677577,-126,58,0,29-Jan-2024,20:05:13,-22.8662,167.4000,632,290,1518,55,100,,,83,112,69,,,,,,,,,,,,,,,,,,,,,,,,,,,,,
7495,253101,3,NK,2,614,29-Jan-2024,20:07:24,-22.8662,167.4000,,401677577,-126,58,0,29-Jan-2024,20:06:33,-22.8662,167.4000,632,290,1518,55,100,,,82,117,69,,,,,,,,,,,,,,,,,,,,,,,,,,,,,
7495,253101,3,NK,2,614,29-Jan-2024,20:07:24,-22.8662,167.4000,,401677577,-126,58,0,29-Jan-2024,20:07:49,-22.8662,167.4000,632,290,1518,55,100,,,81,122,69,,,,,,,,,,,,,,,,,,,,,,,,,,,,,
7495,253101,3,NK,2,614,29-Jan-2024,20:07:24,-22.8662,167.4000,,401677577,-126,58,0,29-Jan-2024,20:08:04,-22.8662,167.4000,632,290,1518,55,100,,,100,134,0,,,,,,,,,,,,,,,,,,,,,,,,,,,,,
7495,253101,3,NK,2,614,29-Jan-2024,20:07:24,-22.8662,167.4000,,401677577,-126,58,0,29-Jan-2024,20:08:50,-22.8662,167.4000,632,290,1518,55,100,,,79,76,5,,,,,,,,,,,,,,,,,,,,,,,,,,,,,
7495,253101,3,NK,2,614,29-Jan-2024,20:07:24,-22.8662,167.4000,,401677577,-126,58,0,29-Jan-2024,20:09:05,-22.8662,167.4000,632,290,1518,55,100,,,80,127,69,,,,,,,,,,,,,,,,,,,,,,,,,,,,,
7495,253101,3,NK,2,614,29-Jan-2024,20:07:24,-22.8662,167.4000,,401677577,-126,58,0,29-Jan-2024,20:09:22,-22.8662,167.4000,632,290,1518,55,100,,,101,131,0,,,,,,,,,,,,,,,,,,,,,,,,,,,,,
7495,253101,3,NK,2,614,29-Jan-2024,20:07:24,-22.8662,167.4000,,401677577,-126,58,2,29-Jan-2024,20:09:53,-22.8662,167.4000,632,290,1518,55,100,,,27,143,28,,,,,,,,,,,,,,,,,,,,,,,,,,,,,
7495,253101,3,NK,2,614,29-Jan-2024,20:07:24,-22.8662,167.4000,,401677577,-126,58,1,29-Jan-2024,20:10:08,-22.8662,167.4000,632,290,1518,55,100,,,74,77,5,,,,,,,,,,,,,,,,,,,,,,,,,,,,,
7495,253101,23,NK,2,614,29-Jan-2024,20:07:24,-22.8662,167.4000,,401677577,-126,58,0,29-Jan-2024,20:11:25,-22.8662,167.4000,632,290,1518,55,100,,,83,176,165,253,232,144,190,81,78,209,71,17,146,139,17,8,1,255,26,212,192,241,0,,,,,,,,,
7495,253101,3,NK,2,614,29-Jan-2024,20:07:24,-22.8662,167.4000,,401677577,-126,58,5,29-Jan-2024,20:12:29,-22.8662,167.4000,632,290,1518,55,100,,,15,1,16,,,,,,,,,,,,,,,,,,,,,,,,,,,,,
7495,253101,3,NK,2,614,29-Jan-2024,20:07:24,-22.8662,167.4000,,401677577,-126,58,0,29-Jan-2024,20:12:59,-22.8662,167.4000,632,290,1518,55,100,,,65,74,5,,,,,,,,,,,,,,,,,,,,,,,,,,,,,
7495,253101,3,NK,2,614,29-Jan-2024,20:07:24,-22.8662,167.4000,,401677577,-126,58,0,29-Jan-2024,20:13:14,-22.8662,167.4000,632,290,1518,55,100,,,85,143,69,,,,,,,,,,,,,,,,,,,,,,,,,,,,,
7495,253101,3,NP,2,615,29-Jan-2024,20:13:57,-22.8680,167.4028,,401677577,-131,56,0,29-Jan-2024,20:10:08,-22.8680,167.4028,398,333,637,174,34,,,74,77,5,,,,,,,,,,,,,,,,,,,,,,,,,,,,,
7495,253101,23,NP,2,615,29-Jan-2024,20:13:57,-22.8680,167.4028,,401677577,-131,56,0,29-Jan-2024,20:11:25,-22.8680,167.4028,398,333,637,174,34,,,83,176,165,253,232,144,190,81,78,209,71,17,146,139,17,8,1,255,26,212,192,241,0,,,,,,,,,
7495,253101,3,NP,2,615,29-Jan-2024,20:13:57,-22.8680,167.4028,,401677577,-131,56,0,29-Jan-2024,20:12:59,-22.8680,167.4028,398,333,637,174,34,,,65,74,5,,,,,,,,,,,,,,,,,,,,,,,,,,,,,
7495,253101,3,NP,2,615,29-Jan-2024,20:13:57,-22.8680,167.4028,,401677577,-131,56,0,29-Jan-2024,20:13:14,-22.8680,167.4028,398,333,637,174,34,,,85,143,69,,,,,,,,,,,,,,,,,,,,,,,,,,,,,
7495,253101,3,NP,2,615,29-Jan-2024,20:13:57,-22.8680,167.4028,,401677577,-131,56,0,29-Jan-2024,20:14:29,-22.8680,167.4028,398,333,637,174,34,,,82,148,69,,,,,,,,,,,,,,,,,,,,,,,,,,,,,
7495,253101,3,NP,2,615,29-Jan-2024,20:13:57,-22.8680,167.4028,,401677577,-131,56,0,29-Jan-2024,20:14:44,-22.8680,167.4028,398,333,637,174,34,,,110,132,0,,,,,,,,,,,,,,,,,,,,,,,,,,,,,
7495,253101,3,NP,2,615,29-Jan-2024,20:13:57,-22.8680,167.4028,,401677577,-131,56,1,29-Jan-2024,20:14:59,-22.8680,167.4028,398,333,637,174,34,,,15,1,16,,,,,,,,,,,,,,,,,,,,,,,,,,,,,
7495,253101,3,NP,2,615,29-Jan-2024,20:13:57,-22.8680,167.4028,,401677577,-131,56,2,29-Jan-2024,20:15:14,-22.8680,167.4028,398,333,637,174,34,,,27,143,28,,,,,,,,,,,,,,,,,,,,,,,,,,,,,
7495,253101,3,NP,2,615,29-Jan-2024,20:13:57,-22.8680,167.4028,,401677577,-131,56,1,29-Jan-2024,20:16:00,-22.8680,167.4028,398,333,637,174,34,,,101,131,0,,,,,,,,,,,,,,,,,,,,,,,,,,,,,
7495,253101,3,NP,2,615,29-Jan-2024,20:13:57,-22.8680,167.4028,,401677577,-131,56,0,29-Jan-2024,20:16:15,-22.8680,167.4028,398,333,637,174,34,,,15,1,48,,,,,,,,,,,,,,,,,,,,,,,,,,,,,
7495,253101,3,NP,2,615,29-Jan-2024,20:13:57,-22.8680,167.4028,,401677577,-131,56,3,29-Jan-2024,20:16:46,-22.8680,167.4028,398,333,637,174,34,,,68,75,5,,,,,,,,,,,,,,,,,,,,,,,,,,,,,
7495,253101,23,A1,B,616,29-Jan-2024,20:11:24,-22.8806,167.3585,,401677567,-139,8,0,29-Jan-2024,20:11:25,-22.8806,167.3585,,3824,4436,3296,63,,,83,48,229,253,232,144,190,81,78,209,71,17,146,139,17,8,1,255,26,212,192,241,0,,,,,,,,,
7495,253101,3,A1,B,617,30-Jan-2024,19:55:03,-22.8048,167.1915,,401677571,-139,,0,30-Jan-2024,19:55:03,-22.8048,167.1915,,12896,21594,7701,119,,,75,72,5,,,,,,,,,,,,,,,,,,,,,,,,,,,,,
7495,253101,3,SR,B,618,30-Jan-2024,20:02:01,-22.8689,167.3099,,401677566,-131,6,0,30-Jan-2024,19:59:11,-22.8689,167.3099,342,7507,208234,270,178,,,27,143,28,,,,,,,,,,,,,,,,,,,,,,,,,,,,,
7495,253101,3,SR,B,618,30-Jan-2024,20:02:01,-22.8689,167.3099,,401677566,-131,6,0,30-Jan-2024,20:04:53,-22.8689,167.3099,342,7507,208234,270,178,,,15,1,16,,,,,,,,,,,,,,,,,,,,,,,,,,,,,
7495,253101,3,CS,1,619,31-Jan-2024,18:32:51,-22.7949,167.2521,,401677580,-130,50,0,31-Jan-2024,18:31:32,-22.7949,167.2521,231,591,2236,156,82,,,67,213,188,,,,,,,,,,,,,,,,,,,,,,,,,,,,,
7495,253101,3,CS,1,619,31-Jan-2024,18:32:51,-22.7949,167.2521,,401677580,-130,50,1,31-Jan-2024,18:32:24,-22.7949,167.2521,231,591,2236,156,82,,,15,1,16,,,,,,,,,,,,,,,,,,,,,,,,,,,,,
7495,253101,3,CS,1,619,31-Jan-2024,18:32:51,-22.7949,167.2521,,401677580,-130,50,1,31-Jan-2024,18:32:39,-22.7949,167.2521,231,591,2236,156,82,,,27,143,28,,,,,,,,,,,,,,,,,,,,,,,,,,,,,
7495,253101,3,CS,1,619,31-Jan-2024,18:32:51,-22.7949,167.2521,,401677580,-130,50,0,31-Jan-2024,18:33:12,-22.7949,167.2521,231,591,2236,156,82,,,87,203,70,,,,,,,,,,,,,,,,,,,,,,,,,,,,,
7495,253101,23,CS,1,619,31-Jan-2024,18:32:51,-22.7949,167.2521,,401677580,-130,50,0,31-Jan-2024,18:33:45,-22.7949,167.2521,231,591,2236,156,82,,,80,80,165,253,232,144,190,81,79,202,173,203,150,141,155,6,3,82,26,211,224,231,0,,,,,,,,,
7495,253101,3,CS,1,619,31-Jan-2024,18:32:51,-22.7949,167.2521,,401677580,-130,50,0,31-Jan-2024,18:34:36,-22.7949,167.2521,231,591,2236,156,82,,,67,63,5,,,,,,,,,,,,,,,,,,,,,,,,,,,,,
7495,253101,3,CS,1,619,31-Jan-2024,18:32:51,-22.7949,167.2521,,401677580,-130,50,0,31-Jan-2024,18:35:23,-22.7949,167.2521,231,591,2236,156,82,,,101,131,0,,,,,,,,,,,,,,,,,,,,,,,,,,,,,
7495,253101,3,NK,B,620,31-Jan-2024,19:17:24,-22.7919,167.2476,,401677579,-128,8,0,31-Jan-2024,19:17:25,,,,3369,3916,2897,104,,,67,64,5,,,,,,,,,,,,,,,,,,,,,,,,,,,,,
7495,253101,3,NN,B,621,01-Feb-2024,11:37:54,-22.7931,167.2500,,401677579,-131,,0,01-Feb-2024,11:37:55,-22.7931,167.2500,,11443,42956,3048,76,,,27,143,28,,,,,,,,,,,,,,,,,,,,,,,,,,,,,
7495,253101,3,CS,1,622,01-Feb-2024,17:55:48,-22.8057,167.3398,,401677583,-128,58,0,01-Feb-2024,17:53:24,-22.8057,167.3398,338,804,8736,73,101,,,111,132,128,,,,,,,,,,,,,,,,,,,,,,,,,,,,,
7495,253101,3,CS,1,622,01-Feb-2024,17:55:48,-22.8057,167.3398,,401677583,-128,58,0,01-Feb-2024,17:55:09,-22.8057,167.3398,338,804,8736,73,101,,,27,143,28,,,,,,,,,,,,,,,,,,,,,,,,,,,,,
7495,253101,3,CS,1,622,01-Feb-2024,17:55:48,-22.8057,167.3398,,401677583,-128,58,0,01-Feb-2024,17:56:03,-22.8057,167.3398,338,804,8736,73,101,,,83,110,71,,,,,,,,,,,,,,,,,,,,,,,,,,,,,
7495,253101,3,CS,1,622,01-Feb-2024,17:55:48,-22.8057,167.3398,,401677583,-128,58,1,01-Feb-2024,17:58:32,-22.8057,167.3398,338,804,8736,73,101,,,110,132,0,,,,,,,,,,,,,,,,,,,,,,,,,,,,,
7495,253101,3,CS,1,622,01-Feb-2024,17:55:48,-22.8057,167.3398,,401677583,-128,58,2,01-Feb-2024,17:59:02,-22.8057,167.3398,338,804,8736,73,101,,,15,1,16,,,,,,,,,,,,,,,,,,,,,,,,,,,,,
7495,253101,3,SR, ,623,02-Feb-2024,18:28:54,,,,401650000,-132,,0,02-Feb-2024,18:28:54,,,,,,,,,,67,64,5,,,,,,,,,,,,,,,,,,,,,,,,,,,,,
7495,253101,3,MC, ,624,03-Feb-2024,11:30:49,,,,401650000,-134,,0,03-Feb-2024,11:30:49,,,,,,,,,,15,1,16,,,,,,,,,,,,,,,,,,,,,,,,,,,,,
7495,253101,3,CS, ,625,03-Feb-2024,18:15:55,,,,401650000,-135,,0,03-Feb-2024,18:15:55,,,,,,,,,,15,1,16,,,,,,,,,,,,,,,,,,,,,,,,,,,,,
7495,253101,3,A1, ,626,03-Feb-2024,18:24:15,,,,401650000,-136,,0,03-Feb-2024,18:24:15,,,,,,,,,,15,1,16,,,,,,,,,,,,,,,,,,,,,,,,,,,,,
7495,253101,3,SR, ,627,03-Feb-2024,19:37:12,,,,401650000,-131,,0,03-Feb-2024,19:37:12,,,,,,,,,,67,64,5,,,,,,,,,,,,,,,,,,,,,,,,,,,,,
7495,253101,3,NN, ,628,03-Feb-2024,22:26:28,,,,401650000,-135,,0,03-Feb-2024,22:26:28,,,,,,,,,,70,65,5,,,,,,,,,,,,,,,,,,,,,,,,,,,,,
7495,253101,3,MC, ,629,04-Feb-2024,11:19:09,,,,401650000,-131,,0,04-Feb-2024,11:19:09,,,,,,,,,,27,143,28,,,,,,,,,,,,,,,,,,,,,,,,,,,,,
7495,253101,31,O3, ,630,04-Feb-2024,13:19:52,,,,401650000,-125,,0,04-Feb-2024,13:19:52,,,,,,,,,,42,8,96,0,238,238,238,238,224,224,0,14,0,14,238,29,8,64,238,238,14,0,14,238,238,238,224,0,14,14,221,
7495,253101,3,NN, ,631,04-Feb-2024,23:56:46,,,,401650000,-135,,0,04-Feb-2024,23:56:46,,,,,,,,,,15,1,20,,,,,,,,,,,,,,,,,,,,,,,,,,,,,
7495,253101,3,CS,2,632,05-Feb-2024,18:28:17,-22.8411,167.2525,,401677586,-134,50,0,05-Feb-2024,18:26:06,-22.8411,167.2525,261,381,1049,138,62,,,83,218,73,,,,,,,,,,,,,,,,,,,,,,,,,,,,,
7495,253101,3,CS,2,632,05-Feb-2024,18:28:17,-22.8411,167.2525,,401677586,-134,50,0,05-Feb-2024,18:27:13,-22.8411,167.2525,261,381,1049,138,62,,,27,143,60,,,,,,,,,,,,,,,,,,,,,,,,,,,,,
7495,253101,3,CS,2,632,05-Feb-2024,18:28:17,-22.8411,167.2525,,401677586,-134,50,0,05-Feb-2024,18:28:02,-22.8411,167.2525,261,381,1049,138,62,,,82,223,98,,,,,,,,,,,,,,,,,,,,,,,,,,,,,
7495,253101,3,CS,2,632,05-Feb-2024,18:28:17,-22.8411,167.2525,,401677586,-134,50,0,05-Feb-2024,18:29:41,-22.8411,167.2525,261,381,1049,138,62,,,111,129,0,,,,,,,,,,,,,,,,,,,,,,,,,,,,,
7495,253101,3,CS,2,632,05-Feb-2024,18:28:17,-22.8411,167.2525,,401677586,-134,50,0,05-Feb-2024,18:30:27,-22.8411,167.2525,261,381,1049,138,62,,,27,143,28,,,,,,,,,,,,,,,,,,,,,,,,,,,,,
7495,253101,3,SR,B,633,05-Feb-2024,18:30:03,-22.8446,167.2517,,401677582,-136,6,0,05-Feb-2024,18:29:41,-22.8446,167.2517,46,918,1117,753,86,,,111,129,0,,,,,,,,,,,,,,,,,,,,,,,,,,,,,
7495,253101,3,SR,B,633,05-Feb-2024,18:30:03,-22.8446,167.2517,,401677582,-136,6,0,05-Feb-2024,18:30:27,-22.8446,167.2517,46,918,1117,753,86,,,27,143,28,,,,,,,,,,,,,,,,,,,,,,,,,,,,,
7495,253101,3,NK,B,634,05-Feb-2024,18:48:33,-22.8446,167.2517,,401677585,-137,6,0,05-Feb-2024,18:48:33,-22.8446,167.2517,,2617,2928,2338,95,,,15,1,16,,,,,,,,,,,,,,,,,,,,,,,,,,,,,
7495,253101,31,SR,B,635,06-Feb-2024,05:43:50,-22.8278,167.2802,,401677577,-132,8,0,06-Feb-2024,05:43:50,-22.8278,167.2802,,19763,25185,15508,141,,,42,8,160,0,224,224,14,0,0,0,238,14,0,238,238,170,8,128,224,238,224,0,0,0,14,14,239,13,40,39,231,
7495,253101,3,CS,B,636,06-Feb-2024,06:42:46,-22.8129,167.2763,,401677587,-135,8,0,06-Feb-2024,06:42:47,-22.8129,167.2763,,13290,16988,10397,112,,,27,143,28,,,,,,,,,,,,,,,,,,,,,,,,,,,,,
7495,253101,3,A1,B,637,06-Feb-2024,18:50:37,-22.6644,167.2855,,401677587,-137,,0,06-Feb-2024,18:50:38,-22.6644,167.2855,,2575,11546,574,87,,,27,143,28,,,,,,,,,,,,,,,,,,,,,,,,,,,,,
7495,253101,3,CS, ,638,08-Feb-2024,18:04:09,,,,401650000,-132,,0,08-Feb-2024,18:04:09,,,,,,,,,,27,143,28,,,,,,,,,,,,,,,,,,,,,,,,,,,,,
7495,253101,3,SR, ,639,10-Feb-2024,06:55:52,,,,401650000,-136,,0,10-Feb-2024,06:55:52,,,,,,,,,,77,57,5,,,,,,,,,,,,,,,,,,,,,,,,,,,,,
7495,253101,3,NK, ,640,10-Feb-2024,08:46:51,,,,401650000,-140,,0,10-Feb-2024,08:46:51,,,,,,,,,,93,210,75,,,,,,,,,,,,,,,,,,,,,,,,,,,,,
7495,253101,3,A1, ,641,11-Feb-2024,18:36:00,,,,401650000,-141,,0,11-Feb-2024,18:36:00,,,,,,,,,,64,48,5,,,,,,,,,,,,,,,,,,,,,,,,,,,,,
7495,253101,3,SR,2,642,11-Feb-2024,18:44:50,-22.9107,167.3169,,401677587,-130,50,0,11-Feb-2024,18:43:47,-22.9107,167.3169,166,396,2249,69,88,,,100,134,0,,,,,,,,,,,,,,,,,,,,,,,,,,,,,
7495,253101,3,SR,2,642,11-Feb-2024,18:44:50,-22.9107,167.3169,,401677587,-130,50,0,11-Feb-2024,18:44:19,-22.9107,167.3169,166,396,2249,69,88,,,15,6,216,,,,,,,,,,,,,,,,,,,,,,,,,,,,,
7495,253101,3,SR,2,642,11-Feb-2024,18:44:50,-22.9107,167.3169,,401677587,-130,50,0,11-Feb-2024,18:44:43,-22.9107,167.3169,166,396,2249,69,88,,,11,142,28,,,,,,,,,,,,,,,,,,,,,,,,,,,,,
7495,253101,3,SR,2,642,11-Feb-2024,18:44:50,-22.9107,167.3169,,401677587,-130,50,0,11-Feb-2024,18:46:33,-22.9107,167.3169,166,396,2249,69,88,,,89,101,76,,,,,,,,,,,,,,,,,,,,,,,,,,,,,
7495,253101,3,NK,1,643,11-Feb-2024,19:35:15,-22.9027,167.3236,,401677581,-135,48,0,11-Feb-2024,19:31:29,-22.9027,167.3236,362,1048,1545,711,37,,,101,131,0,,,,,,,,,,,,,,,,,,,,,,,,,,,,,
7495,253101,3,NK,1,643,11-Feb-2024,19:35:15,-22.9027,167.3236,,401677581,-135,48,0,11-Feb-2024,19:35:28,-22.9027,167.3236,362,1048,1545,711,37,,,91,174,76,,,,,,,,,,,,,,,,,,,,,,,,,,,,,
7495,253101,3,NK,1,643,11-Feb-2024,19:35:15,-22.9027,167.3236,,401677581,-135,48,0,11-Feb-2024,19:36:33,-22.9027,167.3236,362,1048,1545,711,37,,,106,148,75,,,,,,,,,,,,,,,,,,,,,,,,,,,,,
7495,253101,3,NK,1,643,11-Feb-2024,19:35:15,-22.9027,167.3236,,401677581,-135,48,0,11-Feb-2024,19:37:31,-22.9027,167.3236,362,1048,1545,711,37,,,74,50,5,,,,,,,,,,,,,,,,,,,,,,,,,,,,,
7495,253101,3,CS,A,644,12-Feb-2024,05:58:33,-22.8202,167.2515,,401677584,-130,8,0,12-Feb-2024,05:56:49,-22.8202,167.2515,225,717,2730,188,55,,,15,1,16,,,,,,,,,,,,,,,,,,,,,,,,,,,,,
7495,253101,3,CS,A,644,12-Feb-2024,05:58:33,-22.8202,167.2515,,401677584,-130,8,0,12-Feb-2024,05:58:17,-22.8202,167.2515,225,717,2730,188,55,,,27,143,28,,,,,,,,,,,,,,,,,,,,,,,,,,,,,
7495,253101,3,CS,A,644,12-Feb-2024,05:58:33,-22.8202,167.2515,,401677584,-130,8,0,12-Feb-2024,06:00:34,-22.8202,167.2515,225,717,2730,188,55,,,64,48,13,,,,,,,,,,,,,,,,,,,,,,,,,,,,,
7495,253101,3,A1,B,645,12-Feb-2024,06:34:29,-22.8081,167.2500,,401677583,-135,8,0,12-Feb-2024,06:33:04,-22.8081,167.2500,171,595,8002,44,81,,,95,11,77,,,,,,,,,,,,,,,,,,,,,,,,,,,,,
7495,253101,3,A1,B,645,12-Feb-2024,06:34:29,-22.8081,167.2500,,401677583,-135,8,0,12-Feb-2024,06:35:55,-22.8081,167.2500,171,595,8002,44,81,,,100,134,0,,,,,,,,,,,,,,,,,,,,,,,,,,,,,
7495,253101,3,SR,A,646,12-Feb-2024,07:29:31,-22.8025,167.2187,,401677592,-128,8,0,12-Feb-2024,07:29:31,-22.8025,167.2187,180,680,3660,126,158,,,110,132,0,,,,,,,,,,,,,,,,,,,,,,,,,,,,,
7495,253101,3,SR,A,646,12-Feb-2024,07:29:31,-22.8025,167.2187,,401677592,-128,8,0,12-Feb-2024,07:29:51,-22.8025,167.2187,180,680,3660,126,158,,,15,1,16,,,,,,,,,,,,,,,,,,,,,,,,,,,,,
7495,253101,3,SR,A,646,12-Feb-2024,07:29:31,-22.8025,167.2187,,401677592,-128,8,0,12-Feb-2024,07:32:31,-22.8025,167.2187,180,680,3660,126,158,,,65,53,5,,,,,,,,,,,,,,,,,,,,,,,,,,,,,
7495,253101,3,NK,B,647,12-Feb-2024,07:57:36,-22.7964,167.2098,,401677582,-137,6,0,12-Feb-2024,07:55:19,-22.7964,167.2098,275,673,5831,77,21,,,65,53,5,,,,,,,,,,,,,,,,,,,,,,,,,,,,,
7495,253101,3,NK,B,647,12-Feb-2024,07:57:36,-22.7964,167.2098,,401677582,-137,6,0,12-Feb-2024,07:59:54,-22.7964,167.2098,275,673,5831,77,21,,,15,169,16,,,,,,,,,,,,,,,,,,,,,,,,,,,,,
7495,253101,3,NN,B,648,12-Feb-2024,12:43:13,-22.7492,167.1586,,401677584,-132,8,0,12-Feb-2024,12:43:13,-22.7492,167.1586,,2098,2923,1505,84,,,86,152,77,,,,,,,,,,,,,,,,,,,,,,,,,,,,,
7495,253101,3,SR,B,649,12-Feb-2024,18:12:12,-22.7656,167.1655,,401677582,-132,8,0,12-Feb-2024,18:12:13,-22.7656,167.1655,,3236,6155,1700,96,,,100,134,0,,,,,,,,,,,,,,,,,,,,,,,,,,,,,
7495,253101,3,A1,B,650,12-Feb-2024,18:12:12,-22.7615,167.1647,,401677571,-139,,0,12-Feb-2024,18:12:13,-22.7615,167.1647,,3308,6482,1688,105,,,100,134,0,,,,,,,,,,,,,,,,,,,,,,,,,,,,,
7495,253101,3,CS,B,651,15-Feb-2024,07:14:47,-22.8078,167.2623,,401677566,-139,,0,15-Feb-2024,07:13:44,-22.8078,167.2623,127,3026,68944,132,141,,,46,141,0,,,,,,,,,,,,,,,,,,,,,,,,,,,,,
7495,253101,3,CS,B,651,15-Feb-2024,07:14:47,-22.8078,167.2623,,401677566,-139,,0,15-Feb-2024,07:15:51,-22.8078,167.2623,127,3026,68944,132,141,,,27,135,28,,,,,,,,,,,,,,,,,,,,,,,,,,,,,
7495,253101,23,SR,B,652,15-Feb-2024,18:17:24,-22.8335,167.3100,,401677608,-137,8,0,15-Feb-2024,18:14:08,-22.8335,167.3100,393,2894,103753,80,12,,,94,80,165,253,232,144,190,81,71,201,129,203,86,157,209,8,1,114,26,210,176,255,128,,,,,,,,,
7495,253101,3,SR,B,652,15-Feb-2024,18:17:24,-22.8335,167.3100,,401677608,-137,8,0,15-Feb-2024,18:20:41,-22.8335,167.3100,393,2894,103753,80,12,,,71,43,5,,,,,,,,,,,,,,,,,,,,,,,,,,,,,
7495,253101,3,CS,B,653,15-Feb-2024,18:20:41,-22.7736,167.3232,,401677581,-136,6,0,15-Feb-2024,18:20:41,-22.7736,167.3232,,1478,10510,207,13,,,71,43,5,,,,,,,,,,,,,,,,,,,,,,,,,,,,,
7495,253101,3,CS,B,654,16-Feb-2024,06:31:47,-22.8407,167.3571,,401677583,-132,,0,16-Feb-2024,06:31:11,-22.8407,167.3571,73,2795,43755,178,58,,,15,1,16,,,,,,,,,,,,,,,,,,,,,,,,,,,,,
7495,253101,3,CS,B,654,16-Feb-2024,06:31:47,-22.8407,167.3571,,401677583,-132,,0,16-Feb-2024,06:32:24,-22.8407,167.3571,73,2795,43755,178,58,,,77,41,5,,,,,,,,,,,,,,,,,,,,,,,,,,,,,
7495,253101,3,SR,B,655,16-Feb-2024,07:03:44,-22.8521,167.3375,,401677583,-135,8,0,16-Feb-2024,07:03:44,-22.8521,167.3375,,1585,4537,553,65,,,110,132,0,,,,,,,,,,,,,,,,,,,,,,,,,,,,,
7495,253101,3,NK,B,656,16-Feb-2024,07:52:10,-22.8539,167.3327,,401677585,-135,8,0,16-Feb-2024,07:52:10,-22.8539,167.3327,,1364,2062,901,87,,,107,133,0,,,,,,,,,,,,,,,,,,,,,,,,,,,,,
7495,253101,3,CS,1,657,17-Feb-2024,18:36:40,-22.8296,167.3606,,401677588,-135,50,0,17-Feb-2024,18:34:44,-22.8296,167.3606,225,589,1237,280,140,,,27,143,28,,,,,,,,,,,,,,,,,,,,,,,,,,,,,
7495,253101,3,CS,1,657,17-Feb-2024,18:36:40,-22.8296,167.3606,,401677588,-135,50,0,17-Feb-2024,18:36:30,-22.8296,167.3606,225,589,1237,280,140,,,77,41,5,,,,,,,,,,,,,,,,,,,,,,,,,,,,,
7495,253101,23,CS,1,657,17-Feb-2024,18:36:40,-22.8296,167.3606,,401677588,-135,50,0,17-Feb-2024,18:36:59,-22.8296,167.3606,225,589,1237,280,140,,,65,90,245,253,232,144,191,19,10,194,241,212,239,28,131,116,1,191,3,50,254,180,46,,,,,,,,,
7495,253101,3,CS,1,657,17-Feb-2024,18:36:40,-22.8296,167.3606,,401677588,-135,50,0,17-Feb-2024,18:38:29,-22.8296,167.3606,225,589,1237,280,140,,,66,42,5,,,,,,,,,,,,,,,,,,,,,,,,,,,,,
7495,253101,3,NK,B,658,17-Feb-2024,18:38:28,-22.8297,167.3604,,401677588,-133,6,0,17-Feb-2024,18:38:29,-22.8297,167.3604,,633,831,481,135,,,66,42,5,,,,,,,,,,,,,,,,,,,,,,,,,,,,,
7495,253101,3,SR,B,659,17-Feb-2024,18:55:23,-22.8221,167.3597,,401677584,-126,6,1,17-Feb-2024,18:56:30,-22.8221,167.3597,,915,7663,109,86,,,15,1,16,,,,,,,,,,,,,,,,,,,,,,,,,,,,,
7495,253101,23,A1,B,660,17-Feb-2024,19:27:30,-22.8215,167.3748,,401677593,-135,6,0,17-Feb-2024,19:25:47,-22.8215,167.3748,207,1677,20213,139,17,,,73,144,165,253,232,144,190,81,72,206,61,77,214,191,244,207,194,240,148,233,126,6,155,,,,,,,,,
7495,253101,3,A1,B,660,17-Feb-2024,19:27:30,-22.8215,167.3748,,401677593,-135,6,0,17-Feb-2024,19:29:14,-22.8215,167.3748,207,1677,20213,139,17,,,27,143,28,,,,,,,,,,,,,,,,,,,,,,,,,,,,,
7495,253101,3,SR,B,661,18-Feb-2024,06:05:01,-22.8890,167.6782,Lon > 4 deviations from mean,401677662,-135,8,0,18-Feb-2024,06:05:01,-22.8890,167.6782,,6621,8462,5179,137,,,101,131,0,,,,,,,,,,,,,,,,,,,,,,,,,,,,,
7495,253101,23,SR,B,662,18-Feb-2024,18:26:24,-22.7283,167.2437,,401677629,-133,,0,18-Feb-2024,18:26:25,-22.7283,167.2437,,27868,94623,8207,81,,,79,240,165,208,177,144,236,126,122,177,247,97,240,23,30,250,253,72,10,209,88,250,176,,,,,,,,,
7495,253101,3,O3,B,663,18-Feb-2024,23:30:41,-22.6917,167.1532,,401677558,-138,8,0,18-Feb-2024,23:30:41,-22.6917,167.1532,,14077,40999,4833,59,,,27,143,28,,,,,,,,,,,,,,,,,,,,,,,,,,,,,
7495,253101,3,NN,B,664,19-Feb-2024,00:21:15,-22.6674,167.2041,,401677553,-135,8,0,19-Feb-2024,00:21:16,-22.6674,167.2041,,10287,14392,7353,57,,,66,187,254,,,,,,,,,,,,,,,,,,,,,,,,,,,,,
7495,253101,3,CS,B,665,19-Feb-2024,18:50:25,-22.6840,167.3984,,401677572,-135,,0,19-Feb-2024,18:50:25,-22.6840,167.3984,287,13267,225377,781,11,,,88,202,80,,,,,,,,,,,,,,,,,,,,,,,,,,,,,
7495,253101,3,CS,B,665,19-Feb-2024,18:50:25,-22.6840,167.3984,,401677572,-135,,0,19-Feb-2024,18:55:12,-22.6840,167.3984,287,13267,225377,781,11,,,161,0,81,,,,,,,,,,,,,,,,,,,,,,,,,,,,,
7495,253101,23,A1, ,666,21-Feb-2024,06:17:09,,,,401650000,-135,,0,21-Feb-2024,06:17:09,,,,,,,,,,75,176,165,253,232,144,190,81,74,153,182,207,84,162,179,6,13,116,26,211,136,40,178,,,,,,,,,
7495,253101,3,CS, ,667,21-Feb-2024,19:09:13,,,,401650000,-136,,0,21-Feb-2024,19:09:13,,,,,,,,,,78,54,5,,,,,,,,,,,,,,,,,,,,,,,,,,,,,
7495,253101,3,A1,B,668,21-Feb-2024,19:32:30,-22.8359,167.1834,,401677613,-137,,0,21-Feb-2024,19:29:35,-22.8359,167.1834,352,25148,,,,,,94,156,81,,,,,,,,,,,,,,,,,,,,,,,,,,,,,
7495,253101,3,A1,B,668,21-Feb-2024,19:32:30,-22.8359,167.1834,,401677613,-137,,0,21-Feb-2024,19:35:27,-22.8359,167.1834,352,25148,,,,,,15,1,16,,,,,,,,,,,,,,,,,,,,,,,,,,,,,
7495,253101,3,SR,B,669,22-Feb-2024,05:35:52,-22.7165,167.4296,,401677614,-127,8,0,22-Feb-2024,05:35:52,-22.7165,167.4296,,15984,33453,7636,104,,,75,55,5,,,,,,,,,,,,,,,,,,,,,,,,,,,,,
7495,253101,3,NK, ,670,23-Feb-2024,09:56:02,,,,401650000,-133,,0,23-Feb-2024,09:56:02,,,,,,,,,,75,55,34,,,,,,,,,,,,,,,,,,,,,,,,,,,,,
7495,253101,3,NN, ,671,23-Feb-2024,12:02:17,,,,401650000,-137,,0,23-Feb-2024,12:02:17,,,,,,,,,,15,1,16,,,,,,,,,,,,,,,,,,,,,,,,,,,,,
7495,253101,3,SR, ,672,24-Feb-2024,18:34:23,,,,401650000,-136,,0,24-Feb-2024,18:34:23,,,,,,,,,,66,123,144,,,,,,,,,,,,,,,,,,,,,,,,,,,,,
7495,253101,3,NK, ,673,25-Feb-2024,18:37:02,,,,401650000,-137,,0,25-Feb-2024,18:37:02,,,,,,,,,,15,1,24,,,,,,,,,,,,,,,,,,,,,,,,,,,,,
7495,253101,3,CS, ,674,27-Feb-2024,05:41:37,,,,401650000,-141,,0,27-Feb-2024,05:41:37,,,,,,,,,,77,57,5,,,,,,,,,,,,,,,,,,,,,,,,,,,,,
7495,253101,3,MC,B,675,29-Feb-2024,10:56:39,-22.8553,167.2307,,401650000,-133,,0,29-Feb-2024,10:54:12,-22.8553,167.2307,294,12298,,,,,,15,1,16,,,,,,,,,,,,,,,,,,,,,,,,,,,,,
7495,253101,3,MC,B,675,29-Feb-2024,10:56:39,-22.8553,167.2307,,401650000,-133,,0,29-Feb-2024,10:59:06,-22.8553,167.2307,294,12298,,,,,,84,168,83,,,,,,,,,,,,,,,,,,,,,,,,,,,,,
7495,253101,3,SR, ,676,01-Mar-2024,18:44:21,,,,401650000,-132,,0,01-Mar-2024,18:44:21,,,,,,,,,,27,143,28,,,,,,,,,,,,,,,,,,,,,,,,,,,,,
7495,253101,3,A1, ,677,02-Mar-2024,18:53:27,,,,401650000,-132,,0,02-Mar-2024,18:53:27,,,,,,,,,,75,55,5,,,,,,,,,,,,,,,,,,,,,,,,,,,,,
7495,253101,3,NK,B,678,02-Mar-2024,19:19:38,-22.8211,167.3617,,401677588,-133,,0,02-Mar-2024,19:16:49,-22.8211,167.3617,338,3396,122590,94,4,,,110,132,0,,,,,,,,,,,,,,,,,,,,,,,,,,,,,
7495,253101,3,NK,B,678,02-Mar-2024,19:19:38,-22.8211,167.3617,,401677588,-133,,0,02-Mar-2024,19:22:27,-22.8211,167.3617,338,3396,122590,94,4,,,91,103,84,,,,,,,,,,,,,,,,,,,,,,,,,,,,,
7495,253101,3,A1,B,679,03-Mar-2024,18:31:58,-22.8535,167.3655,,401677582,-139,,0,03-Mar-2024,18:31:59,-22.8535,167.3655,,3802,14534,994,72,,,110,132,0,,,,,,,,,,,,,,,,,,,,,,,,,,,,,
7495,253101,3,SR,A,680,06-Mar-2024,19:26:18,-23.0505,167.5913,,401677228,-133,,0,06-Mar-2024,19:26:02,-23.0505,167.5913,47,1199,8464,169,126,,,90,252,84,,,,,,,,,,,,,,,,,,,,,,,,,,,,,
7495,253101,3,SR,A,680,06-Mar-2024,19:26:18,-23.0505,167.5913,,401677228,-133,,0,06-Mar-2024,19:26:34,-23.0505,167.5913,47,1199,8464,169,126,,,15,1,16,,,,,,,,,,,,,,,,,,,,,,,,,,,,,
7495,253101,3,SR,A,680,06-Mar-2024,19:26:18,-23.0505,167.5913,,401677228,-133,,0,06-Mar-2024,19:26:49,-23.0505,167.5913,47,1199,8464,169,126,,,27,159,28,,,,,,,,,,,,,,,,,,,,,,,,,,,,,
7495,253101,3,NK,B,681,06-Mar-2024,20:53:16,-23.0700,167.6071,,401677596,-131,7,1,06-Mar-2024,20:54:33,-23.0700,167.6071,,1302,10310,164,102,,,66,69,5,,,,,,,,,,,,,,,,,,,,,,,,,,,,,
7495,253101,3,NP,A,682,06-Mar-2024,21:02:28,-23.0870,167.5721,,401677563,-131,8,0,06-Mar-2024,21:01:49,-23.0870,167.5721,77,1201,5374,268,145,,,72,71,5,,,,,,,,,,,,,,,,,,,,,,,,,,,,,
7495,253101,3,NP,A,682,06-Mar-2024,21:02:28,-23.0870,167.5721,,401677563,-131,8,0,06-Mar-2024,21:02:31,-23.0870,167.5721,77,1201,5374,268,145,,,90,50,85,,,,,,,,,,,,,,,,,,,,,,,,,,,,,
7495,253101,3,NP,A,682,06-Mar-2024,21:02:28,-23.0870,167.5721,,401677563,-131,8,0,06-Mar-2024,21:03:06,-23.0870,167.5721,77,1201,5374,268,145,,,15,1,16,,,,,,,,,,,,,,,,,,,,,,,,,,,,,
7495,253101,3,MC,B,683,06-Mar-2024,21:48:08,-23.0577,167.5612,,401677587,-125,6,0,06-Mar-2024,21:45:09,-23.0577,167.5612,179,1531,23779,98,85,,,15,0,16,,,,,,,,,,,,,,,,,,,,,,,,,,,,,
7495,253101,3,MC,B,683,06-Mar-2024,21:48:08,-23.0577,167.5612,,401677587,-125,6,0,06-Mar-2024,21:48:08,-23.0577,167.5612,179,1531,23779,98,85,,,71,68,1,,,,,,,,,,,,,,,,,,,,,,,,,,,,,
7495,253101,3,NP, ,684,08-Mar-2024,09:22:48,,,,401650000,-138,,0,08-Mar-2024,09:22:48,,,,,,,,,,87,250,85,,,,,,,,,,,,,,,,,,,,,,,,,,,,,
7495,253101,3,NP, ,685,08-Mar-2024,20:39:30,,,,401650000,-133,,0,08-Mar-2024,20:39:30,,,,,,,,,,88,25,86,,,,,,,,,,,,,,,,,,,,,,,,,,,,,
7495,253101,3,MC, ,686,08-Mar-2024,22:45:51,,,,401650000,-122,,0,08-Mar-2024,22:45:51,,,,,,,,,,106,134,0,,,,,,,,,,,,,,,,,,,,,,,,,,,,,
7495,253101,31,SR, ,687,09-Mar-2024,05:27:02,,,,401650000,-135,,0,09-Mar-2024,05:27:02,,,,,,,,,,42,13,0,238,238,174,238,238,238,224,238,153,211,252,140,152,46,58,126,110,47,110,160,67,87,53,84,239,196,142,172,
7495,253101,3,NK, ,688,11-Mar-2024,09:16:35,,,,401650000,-137,,0,11-Mar-2024,09:16:35,,,,,,,,,,27,143,28,,,,,,,,,,,,,,,,,,,,,,,,,,,,,
7495,253101,3,NK, ,689,11-Mar-2024,20:31:40,,,,401650000,-132,,0,11-Mar-2024,20:31:40,,,,,,,,,,105,126,0,,,,,,,,,,,,,,,,,,,,,,,,,,,,,
7495,253101,3,CS, ,690,12-Mar-2024,18:48:06,,,,401650000,-137,,0,12-Mar-2024,18:48:06,,,,,,,,,,27,143,28,,,,,,,,,,,,,,,,,,,,,,,,,,,,,
7495,253101,3,NP, ,691,16-Mar-2024,09:26:11,,,,401650000,-135,,0,16-Mar-2024,09:26:11,,,,,,,,,,108,123,16,,,,,,,,,,,,,,,,,,,,,,,,,,,,,
7495,253101,3,SR,A,692,17-Mar-2024,06:19:41,-22.8972,167.3721,,401677600,-136,,0,17-Mar-2024,06:18:37,-22.8972,167.3721,113,347,4383,27,91,,,105,126,0,,,,,,,,,,,,,,,,,,,,,,,,,,,,,
7495,253101,3,SR,A,692,17-Mar-2024,06:19:41,-22.8972,167.3721,,401677600,-136,,0,17-Mar-2024,06:19:57,-22.8972,167.3721,113,347,4383,27,91,,,15,129,16,,,,,,,,,,,,,,,,,,,,,,,,,,,,,
7495,253101,3,SR,A,692,17-Mar-2024,06:19:41,-22.8972,167.3721,,401677600,-136,,0,17-Mar-2024,06:20:30,-22.8972,167.3721,113,347,4383,27,91,,,27,143,28,,,,,,,,,,,,,,,,,,,,,,,,,,,,,
7495,253101,3,A1,B,693,17-Mar-2024,06:19:56,-22.8972,167.3719,,401677606,-138,6,0,17-Mar-2024,06:19:57,-22.8972,167.3719,,335,2100,53,91,,,15,225,16,,,,,,,,,,,,,,,,,,,,,,,,,,,,,
7495,253101,3,A1, ,694,19-Mar-2024,18:43:04,,,,401650000,-140,,0,19-Mar-2024,18:43:04,,,,,,,,,,105,126,0,,,,,,,,,,,,,,,,,,,,,,,,,,,,,
7495,253101,3,CS,B,695,19-Mar-2024,18:55:44,-22.9364,167.5056,,401677592,-134,,0,19-Mar-2024,18:54:59,-22.9364,167.5056,91,3283,44091,244,88,,,89,3,88,,,,,,,,,,,,,,,,,,,,,,,,,,,,,
7495,253101,3,CS,B,695,19-Mar-2024,18:55:44,-22.9364,167.5056,,401677592,-134,,0,19-Mar-2024,18:56:30,-22.9364,167.5056,91,3283,44091,244,88,,,15,33,16,,,,,,,,,,,,,,,,,,,,,,,,,,,,,
7495,253101,3,SR,B,696,19-Mar-2024,19:18:04,-22.9316,167.5365,,401677608,-138,6,0,19-Mar-2024,19:18:05,-22.9316,167.5365,,2556,14747,442,91,,,88,51,88,,,,,,,,,,,,,,,,,,,,,,,,,,,,,
7495,253101,3,NK,B,697,19-Mar-2024,20:21:30,-22.9276,167.5374,,401677609,-137,8,0,19-Mar-2024,20:21:30,-22.9276,167.5374,,2296,7846,671,100,,,27,143,28,,,,,,,,,,,,,,,,,,,,,,,,,,,,,
7495,253101,31,NP,B,698,19-Mar-2024,21:44:52,-22.8948,167.5247,,401677587,-140,8,0,19-Mar-2024,21:44:52,-22.8948,167.5247,,2448,7668,781,96,,,42,14,64,238,0,224,238,0,238,238,238,238,224,0,238,2,14,32,238,14,254,1,241,52,127,154,46,227,4,10,214,
7495,253101,3,SR,B,699,20-Mar-2024,06:24:47,-22.8594,167.4711,,401677600,-137,8,0,20-Mar-2024,06:24:47,-22.8594,167.4711,,3420,9315,1255,101,,,88,242,88,,,,,,,,,,,,,,,,,,,,,,,,,,,,,
7495,253101,3,CS,B,700,22-Mar-2024,05:52:24,-22.9036,167.4467,,401677574,-125,,0,22-Mar-2024,05:52:17,-22.9036,167.4467,15,4700,53777,410,83,,,27,143,28,,,,,,,,,,,,,,,,,,,,,,,,,,,,,
7495,253101,3,CS,B,700,22-Mar-2024,05:52:24,-22.9036,167.4467,,401677574,-125,,0,22-Mar-2024,05:52:32,-22.9036,167.4467,15,4700,53777,410,83,,,65,37,5,,,,,,,,,,,,,,,,,,,,,,,,,,,,,
7495,253101,3,SR,B,701,22-Mar-2024,06:58:39,-22.9022,167.4041,,401677585,-131,8,0,22-Mar-2024,06:58:40,-22.9022,167.4041,,1855,4284,803,98,,,79,35,5,,,,,,,,,,,,,,,,,,,,,,,,,,,,,
7495,253101,3,NK,B,702,22-Mar-2024,07:53:43,-22.9063,167.3943,,401677581,-131,8,0,22-Mar-2024,07:51:49,-22.9063,167.3943,230,1234,31066,49,76,,,15,1,16,,,,,,,,,,,,,,,,,,,,,,,,,,,,,
7495,253101,3,NK,B,702,22-Mar-2024,07:53:43,-22.9063,167.3943,,401677581,-131,8,0,22-Mar-2024,07:55:39,-22.9063,167.3943,230,1234,31066,49,76,,,65,37,5,,,,,,,,,,,,,,,,,,,,,,,,,,,,,
7495,253101,3,NP,B,703,22-Mar-2024,09:48:34,-22.9124,167.3645,,401677585,-127,8,0,22-Mar-2024,09:45:45,-22.9124,167.3645,339,1576,54373,45,88,,,15,1,16,,,,,,,,,,,,,,,,,,,,,,,,,,,,,
7495,253101,3,NP,B,703,22-Mar-2024,09:48:34,-22.9124,167.3645,,401677585,-127,8,0,22-Mar-2024,09:51:24,-22.9124,167.3645,339,1576,54373,45,88,,,27,143,28,,,,,,,,,,,,,,,,,,,,,,,,,,,,,
7495,253101,3,NN,A,704,22-Mar-2024,11:20:34,-22.9078,167.3673,,401677579,-121,8,0,22-Mar-2024,11:20:19,-22.9078,167.3673,31,1048,4943,222,109,,,27,143,28,,,,,,,,,,,,,,,,,,,,,,,,,,,,,
7495,253101,3,NN,A,704,22-Mar-2024,11:20:34,-22.9078,167.3673,,401677579,-121,8,0,22-Mar-2024,11:20:35,-22.9078,167.3673,31,1048,4943,222,109,,,74,34,5,,,,,,,,,,,,,,,,,,,,,,,,,,,,,
7495,253101,3,NN,A,704,22-Mar-2024,11:20:34,-22.9078,167.3673,,401677579,-121,8,0,22-Mar-2024,11:20:50,-22.9078,167.3673,31,1048,4943,222,109,,,93,236,89,,,,,,,,,,,,,,,,,,,,,,,,,,,,,
7495,253101,3,MC,A,705,22-Mar-2024,11:38:21,-22.8914,167.3670,,401677577,-127,8,0,22-Mar-2024,11:38:06,-22.8914,167.3670,486,876,6578,116,165,,,108,127,0,,,,,,,,,,,,,,,,,,,,,,,,,,,,,
7495,253101,3,MC,A,705,22-Mar-2024,11:38:21,-22.8914,167.3670,,401677577,-127,8,0,22-Mar-2024,11:38:36,-22.8914,167.3670,486,876,6578,116,165,,,27,143,28,,,,,,,,,,,,,,,,,,,,,,,,,,,,,
7495,253101,23,MC,A,705,22-Mar-2024,11:38:21,-22.8914,167.3670,,401677577,-127,8,0,22-Mar-2024,11:46:12,-22.8914,167.3670,486,876,6578,116,165,,,81,48,165,253,232,144,190,81,75,47,162,82,20,179,226,250,1,255,26,218,32,204,128,,,,,,,,,
7495,253101,3,NN,B,706,22-Mar-2024,13:00:44,-22.8885,167.3507,,401677573,-137,8,0,22-Mar-2024,13:00:45,-22.8885,167.3507,,2476,2641,2320,148,,,65,37,5,,,,,,,,,,,,,,,,,,,,,,,,,,,,,
7495,253101,3,O3,B,707,22-Mar-2024,13:52:54,-22.9192,167.3559,,401677589,-131,7,0,22-Mar-2024,13:52:47,-22.9192,167.3559,15,2810,4765,1657,91,,,15,1,16,,,,,,,,,,,,,,,,,,,,,,,,,,,,,
7495,253101,3,O3,B,707,22-Mar-2024,13:52:54,-22.9192,167.3559,,401677589,-131,7,0,22-Mar-2024,13:53:02,-22.9192,167.3559,15,2810,4765,1657,91,,,27,143,28,,,,,,,,,,,,,,,,,,,,,,,,,,,,,
7495,253101,3,A1,B,708,22-Mar-2024,19:11:52,-22.9453,167.3080,,401677586,-135,8,0,22-Mar-2024,19:11:44,-22.9453,167.3080,16,7476,11869,4708,92,,,108,127,0,,,,,,,,,,,,,,,,,,,,,,,,,,,,,
7495,253101,3,A1,B,708,22-Mar-2024,19:11:52,-22.9453,167.3080,,401677586,-135,8,0,22-Mar-2024,19:12:00,-22.9453,167.3080,16,7476,11869,4708,92,,,15,1,16,,,,,,,,,,,,,,,,,,,,,,,,,,,,,
7495,253101,3,SR,B,709,22-Mar-2024,19:21:29,-22.8778,167.4104,,401677560,-121,6,0,22-Mar-2024,19:21:22,-22.8778,167.4104,15,3649,14001,950,97,,,86,43,90,,,,,,,,,,,,,,,,,,,,,,,,,,,,,
7495,253101,3,SR,B,709,22-Mar-2024,19:21:29,-22.8778,167.4104,,401677560,-121,6,0,22-Mar-2024,19:21:37,-22.8778,167.4104,15,3649,14001,950,97,,,99,124,0,,,,,,,,,,,,,,,,,,,,,,,,,,,,,
7495,253101,3,NN,B,710,22-Mar-2024,22:40:37,-22.9056,167.3821,,401677581,-137,8,0,22-Mar-2024,22:40:37,-22.9056,167.3821,,4391,6483,2973,94,,,102,125,0,,,,,,,,,,,,,,,,,,,,,,,,,,,,,
7495,253101,3,NP,B,711,22-Mar-2024,22:46:53,-22.9083,167.3999,,401677581,-131,6,0,22-Mar-2024,22:46:44,-22.9083,167.3999,19,4613,13563,1568,78,,,15,1,16,,,,,,,,,,,,,,,,,,,,,,,,,,,,,
7495,253101,3,NP,B,711,22-Mar-2024,22:46:53,-22.9083,167.3999,,401677581,-131,6,0,22-Mar-2024,22:47:03,-22.9083,167.3999,19,4613,13563,1568,78,,,27,143,28,,,,,,,,,,,,,,,,,,,,,,,,,,,,,
7495,253101,31,NP, ,712,30-Mar-2024,11:34:41,,,,401650000,-137,,0,30-Mar-2024,11:34:41,,,,,,,,,,42,15,64,238,238,238,238,224,238,238,238,238,238,14,238,5,15,32,238,238,238,238,224,238,234,238,238,238,238,238,67,
7495,253101,31,SR,B,713,31-Mar-2024,07:20:24,-24.0459,164.8192,,401677426,-138,,0,31-Mar-2024,07:19:25,-24.0459,164.8192,118,24132,947247,614,84,,,42,15,0,238,238,238,238,238,238,238,238,238,238,238,238,79,14,224,14,206,238,238,238,239,238,238,142,191,102,110,132,
7495,253101,3,SR,B,713,31-Mar-2024,07:20:24,-24.0459,164.8192,,401677426,-138,,0,31-Mar-2024,07:21:23,-24.0459,164.8192,118,24132,947247,614,84,,,220,220,59,,,,,,,,,,,,,,,,,,,,,,,,,,,,,
7495,253101,31,CS, ,714,08-Apr-2024,05:57:25,,,,401650000,-131,,0,08-Apr-2024,05:57:25,,,,,,,,,,42,16,224,238,238,238,238,238,238,238,238,238,238,238,224,99,16,192,238,238,238,238,238,238,238,238,238,238,238,224,157,
7495,253101,31,NK, ,715,12-Apr-2024,20:04:34,,,,401650000,-133,,0,12-Apr-2024,20:04:34,,,,,,,,,,42,16,160,238,238,238,238,238,238,238,238,238,238,238,238,178,16,128,238,238,238,238,238,238,238,238,238,238,238,238,76,
7495,253101,31,CS, ,716,16-Apr-2024,07:04:53,,,,401650000,-137,,0,16-Apr-2024,07:04:53,,,,,,,,,,42,17,224,238,238,14,238,238,238,238,238,238,238,238,238,69,17,192,238,238,238,14,238,224,238,238,238,238,238,238,87,
7495,253101,31,MC, ,717,16-Apr-2024,11:23:51,,,,401650000,-125,,0,16-Apr-2024,11:23:51,,,,,,,,,,51,210,44,122,226,224,203,210,218,118,116,21,128,148,52,162,49,182,205,111,101,98,208,36,191,16,131,31,100,26,6,
7495,253101,3,O3, ,718,21-Apr-2024,12:29:55,,,,401650000,-139,,0,21-Apr-2024,12:29:55,,,,,,,,,,15,1,232,,,,,,,,,,,,,,,,,,,,,,,,,,,,,
7495,253101,3,CS,A,719,21-Apr-2024,18:02:51,-22.8255,166.0084,,401677628,-134,,0,21-Apr-2024,18:02:04,-22.8255,166.0084,116,15012,153508,1468,92,,,27,143,28,,,,,,,,,,,,,,,,,,,,,,,,,,,,,
7495,253101,3,CS,A,719,21-Apr-2024,18:02:51,-22.8255,166.0084,,401677628,-134,,0,21-Apr-2024,18:02:30,-22.8255,166.0084,116,15012,153508,1468,92,,,78,38,5,,,,,,,,,,,,,,,,,,,,,,,,,,,,,
7495,253101,3,CS,A,719,21-Apr-2024,18:02:51,-22.8255,166.0084,,401677628,-134,,0,21-Apr-2024,18:04:00,-22.8255,166.0084,116,15012,153508,1468,92,,,85,250,91,,,,,,,,,,,,,,,,,,,,,,,,,,,,,
7495,253101,3,SR, ,720,23-Apr-2024,06:52:53,,,,401650000,-139,,0,23-Apr-2024,06:52:53,,,,,,,,,,15,1,16,,,,,,,,,,,,,,,,,,,,,,,,,,,,,
7495,253101,3,NK, ,721,23-Apr-2024,09:10:15,,,,401650000,-140,,0,23-Apr-2024,09:10:15,,,,,,,,,,65,37,5,,,,,,,,,,,,,,,,,,,,,,,,,,,,,
7495,253101,3,NP, ,722,23-Apr-2024,09:59:00,,,,401650000,-139,,0,23-Apr-2024,09:59:00,,,,,,,,,,15,1,16,,,,,,,,,,,,,,,,,,,,,,,,,,,,,
7495,253101,3,NK, ,723,24-Apr-2024,08:48:54,,,,401650000,-135,,0,24-Apr-2024,08:48:54,,,,,,,,,,101,131,0,,,,,,,,,,,,,,,,,,,,,,,,,,,,,
7495,253101,31,SR,0,724,26-Apr-2024,06:56:00,-22.6497,167.2172,,401677560,-126,40,0,26-Apr-2024,06:55:03,-22.6497,167.2172,118,3793,6718,2141,14,,,42,18,224,238,174,0,0,254,230,110,28,112,81,6,68,195,145,54,84,105,142,18,82,155,78,221,165,96,60,231,49,
7495,253101,3,SR,0,724,26-Apr-2024,06:56:00,-22.6497,167.2172,,401677560,-126,40,0,26-Apr-2024,06:55:34,-22.6497,167.2172,118,3793,6718,2141,14,,,87,83,92,,,,,,,,,,,,,,,,,,,,,,,,,,,,,
7495,253101,3,SR,0,724,26-Apr-2024,06:56:00,-22.6497,167.2172,,401677560,-126,40,0,26-Apr-2024,06:56:23,-22.6497,167.2172,118,3793,6718,2141,14,,,27,143,28,,,,,,,,,,,,,,,,,,,,,,,,,,,,,
7495,253101,3,SR,0,724,26-Apr-2024,06:56:00,-22.6497,167.2172,,401677560,-126,40,0,26-Apr-2024,06:57:01,-22.6497,167.2172,118,3793,6718,2141,14,,,80,88,124,,,,,,,,,,,,,,,,,,,,,,,,,,,,,
7495,253101,31,SR, ,725,27-Apr-2024,18:45:59,,,,401650000,-136,,0,27-Apr-2024,18:45:59,,,,,,,,,,42,19,37,165,243,254,145,33,96,109,57,28,100,78,133,124,121,199,71,163,202,3,63,124,240,255,15,252,216,254,205,
7495,253101,3,CS,B,726,03-May-2024,05:22:29,-22.7181,167.3488,,401677562,-134,,0,03-May-2024,05:19:09,-22.7181,167.3488,401,77919,,,,,,104,123,0,,,,,,,,,,,,,,,,,,,,,,,,,,,,,
7495,253101,3,CS,B,726,03-May-2024,05:22:29,-22.7181,167.3488,,401677562,-134,,0,03-May-2024,05:25:50,-22.7181,167.3488,401,77919,,,,,,93,25,5,,,,,,,,,,,,,,,,,,,,,,,,,,,,,
7495,253101,23,NK,B,727,03-May-2024,19:27:30,-22.7894,167.2895,,401677574,-133,,0,03-May-2024,19:27:31,-22.7894,167.2895,,60766,117288,31482,130,,,74,48,165,253,232,144,190,81,65,206,156,81,134,121,170,125,71,77,46,244,128,34,168,,,,,,,,,
7495,253101,3,SR, ,728,05-May-2024,19:35:22,,,,401650000,-136,,0,05-May-2024,19:35:22,,,,,,,,,,90,10,93,,,,,,,,,,,,,,,,,,,,,,,,,,,,,
7495,253101,31,SR, ,729,06-May-2024,19:04:05,,,,401650000,-140,,0,06-May-2024,19:04:05,,,,,,,,,,42,20,96,238,238,224,14,224,238,238,14,206,224,10,254,158,22,0,234,238,56,172,14,175,159,27,40,64,11,166,255,
7495,253101,31,NK, ,730,07-May-2024,21:05:30,,,,401650000,-133,,0,07-May-2024,21:05:30,,,,,,,,,,2,186,213,36,177,95,241,151,200,20,14,234,79,89,174,234,240,207,117,160,248,6,156,79,15,240,202,75,150,172,19,
7495,253101,31,MC, ,731,14-May-2024,10:08:48,,,,401650000,-129,,0,14-May-2024,10:08:48,,,,,,,,,,42,21,34,0,238,238,238,238,238,224,224,14,238,0,238,223,21,0,238,238,0,238,238,238,238,14,238,238,238,238,41,
7495,253101,3,SR, ,732,27-May-2024,18:01:28,,,,401650000,-136,,0,27-May-2024,18:01:28,,,,,,,,,,27,143,28,,,,,,,,,,,,,,,,,,,,,,,,,,,,,
7495,253101,3,NK, ,733,28-May-2024,20:24:12,,,,401650000,-130,,0,28-May-2024,20:24:12,,,,,,,,,,69,17,5,,,,,,,,,,,,,,,,,,,,,,,,,,,,,
7495,253101,3,CS, ,734,31-May-2024,06:13:28,,,,401650000,-134,,0,31-May-2024,06:13:28,,,,,,,,,,27,143,156,,,,,,,,,,,,,,,,,,,,,,,,,,,,,
PTT,Diags,Passes,Msgs,,,,,,,,,,,,,,,,,,,,,,,,,,,,,,,,,,,,,,,,,,,,,,,,,,,,,,
253101,0,734,3291,,,,,,,,,,,,,,,,,,,,,,,,,,,,,,,,,,,,,,,,,,,,,,,,,,,,,,
