"DeployID","Platform ID No.","Prg No.","Latitude","Longitude","Loc. quality","Loc. date","Loc. type","Altitude","Pass","Sat.","Mote Id","Frequency","Msg Date","Comp.","Msg","> - 120 DB","Best level","Delta freq.","Long. 1","Lat. sol. 1","Long. 2","Lat. sol. 2","Loc. idx","Nopc","Error radius","Semi-major axis","Semi-minor axis","Ellipse orientation","GDOP","SENSOR #01","SENSOR #02","SENSOR #03","SENSOR #04","SENSOR #05","SENSOR #06","SENSOR #07","SENSOR #08","SENSOR #09","SENSOR #10","SENSOR #11","SENSOR #12","SENSOR #13","SENSOR #14","SENSOR #15","SENSOR #16","SENSOR #17","SENSOR #18","SENSOR #19","SENSOR #20","SENSOR #21","SENSOR #22","SENSOR #23","SENSOR #24","SENSOR #25","SENSOR #26","SENSOR #27","SENSOR #28","SENSOR #29","SENSOR #30","SENSOR #31","SENSOR #32"
"",178942,5171,,,,,,,0,NP,,401650000,12/08/2019 06:06:52,1,1,0,-138,401650000,,,,,,,,,,,,22,75,24,,,,,,,,,,,,,,,,,,,,,,,,,,,,,
"",178942,5171,-20.11936,148.9802,1,12/08/2019 06:09:43,Argos,0,260,NP,,401677226.88,12/08/2019 06:08:43,1,11,0,-127,401677226.88,148.9802,-20.11936,148.9802,-20.11936,50,0,1499,4350,516,179,1541,81,135,1,,,,,,,,,,,,,,,,,,,,,,,,,,,,,
"",178942,5171,-20.11936,148.9802,1,12/08/2019 06:09:43,Argos,0,260,NP,,401677226.88,12/08/2019 06:08:58,1,11,0,-127,401677226.88,148.9802,-20.11936,148.9802,-20.11936,50,0,1499,4350,516,179,1541,111,129,0,,,,,,,,,,,,,,,,,,,,,,,,,,,,,
"",178942,5171,-20.11936,148.9802,1,12/08/2019 06:09:43,Argos,0,260,NP,,401677226.88,12/08/2019 06:09:43,1,11,0,-127,401677226.88,148.9802,-20.11936,148.9802,-20.11936,50,0,1499,4350,516,179,1541,67,64,5,,,,,,,,,,,,,,,,,,,,,,,,,,,,,
"",178942,5171,-20.11936,148.9802,1,12/08/2019 06:09:43,Argos,0,260,NP,,401677226.88,12/08/2019 06:09:58,1,11,0,-127,401677226.88,148.9802,-20.11936,148.9802,-20.11936,50,0,1499,4350,516,179,1541,86,140,1,,,,,,,,,,,,,,,,,,,,,,,,,,,,,
"",178942,5171,-20.11936,148.9802,1,12/08/2019 06:09:43,Argos,0,260,NP,,401677226.88,12/08/2019 06:10:13,1,11,0,-127,401677226.88,148.9802,-20.11936,148.9802,-20.11936,50,0,1499,4350,516,179,1541,104,123,0,,,,,,,,,,,,,,,,,,,,,,,,,,,,,
"",178942,5171,-20.11936,148.9802,1,12/08/2019 06:09:43,Argos,0,260,NP,,401677226.88,12/08/2019 06:10:28,2,11,0,-127,401677226.88,148.9802,-20.11936,148.9802,-20.11936,50,0,1499,4350,516,179,1541,10,0,16,,,,,,,,,,,,,,,,,,,,,,,,,,,,,
"",178942,5171,-20.11936,148.9802,1,12/08/2019 06:09:43,Argos,0,260,NP,,401677226.88,12/08/2019 06:10:42,2,11,0,-127,401677226.88,148.9802,-20.11936,148.9802,-20.11936,50,0,1499,4350,516,179,1541,22,75,24,,,,,,,,,,,,,,,,,,,,,,,,,,,,,
"",178942,5171,-20.11936,148.9802,1,12/08/2019 06:09:43,Argos,0,260,NP,,401677226.88,12/08/2019 06:10:57,1,11,0,-127,401677226.88,148.9802,-20.11936,148.9802,-20.11936,50,0,1499,4350,516,179,1541,66,101,5,,,,,,,,,,,,,,,,,,,,,,,,,,,,,
"",178942,5171,-20.11936,148.9802,1,12/08/2019 06:09:43,Argos,0,260,NP,,401677226.88,12/08/2019 06:11:12,1,11,0,-127,401677226.88,148.9802,-20.11936,148.9802,-20.11936,50,0,1499,4350,516,179,1541,95,145,1,,,,,,,,,,,,,,,,,,,,,,,,,,,,,
"",178942,5171,-20.24328,148.95357,1,12/08/2019 06:47:04,Argos,0,445,SR,,401677232.49,12/08/2019 06:41:09,1,6,0,-121,401677232.49,148.95357,-20.24328,148.95357,-20.24328,48,3,821,1124,598,9,317,22,75,24,,,,,,,,,,,,,,,,,,,,,,,,,,,,,
"",178942,5171,-20.24328,148.95357,1,12/08/2019 06:47:04,Argos,0,445,SR,,401677232.49,12/08/2019 06:42:38,1,6,0,-121,401677232.49,148.95357,-20.24328,148.95357,-20.24328,48,3,821,1124,598,9,317,73,44,6,,,,,,,,,,,,,,,,,,,,,,,,,,,,,
"",178942,5171,-20.24328,148.95357,1,12/08/2019 06:47:04,Argos,0,445,SR,,401677232.49,12/08/2019 06:44:08,1,6,0,-121,401677232.49,148.95357,-20.24328,148.95357,-20.24328,48,3,821,1124,598,9,317,93,187,1,,,,,,,,,,,,,,,,,,,,,,,,,,,,,
"",178942,5171,-20.24328,148.95357,1,12/08/2019 06:47:04,Argos,0,445,SR,,401677232.49,12/08/2019 06:45:35,1,6,0,-121,401677232.49,148.95357,-20.24328,148.95357,-20.24328,48,3,821,1124,598,9,317,111,129,0,,,,,,,,,,,,,,,,,,,,,,,,,,,,,
"",178942,5171,-20.24328,148.95357,1,12/08/2019 06:47:04,Argos,0,445,SR,,401677232.49,12/08/2019 06:47:05,2,6,0,-121,401677232.49,148.95357,-20.24328,148.95357,-20.24328,48,3,821,1124,598,9,317,9,0,144,,,,,,,,,,,,,,,,,,,,,,,,,,,,,
"",178942,5171,-20.2361,148.95756,2,12/08/2019 07:47:26,Argos,0,452,NP,,401677244.57,12/08/2019 07:43:42,1,6,3,-114,401677244.57,148.95756,-20.2361,148.95757,-20.2361,58,3,407,2533,65,79,442,92,48,131,220,168,122,255,16,100,30,186,80,150,3,198,254,1,255,255,218,192,0,0,,,,,,,,,
"",178942,5171,-20.2361,148.95756,2,12/08/2019 07:47:26,Argos,0,452,NP,,401677244.57,12/08/2019 07:45:11,1,6,3,-114,401677244.57,148.95756,-20.2361,148.95757,-20.2361,58,3,407,2533,65,79,442,78,168,5,,,,,,,,,,,,,,,,,,,,,,,,,,,,,
"",178942,5171,-20.2361,148.95756,2,12/08/2019 07:47:26,Argos,0,452,NP,,401677244.57,12/08/2019 07:46:40,1,6,3,-114,401677244.57,148.95756,-20.2361,148.95757,-20.2361,58,3,407,2533,65,79,442,88,229,1,,,,,,,,,,,,,,,,,,,,,,,,,,,,,
"",178942,5171,-20.2361,148.95756,2,12/08/2019 07:47:26,Argos,0,452,NP,,401677244.57,12/08/2019 07:48:12,1,6,3,-114,401677244.57,148.95756,-20.2361,148.95757,-20.2361,58,3,407,2533,65,79,442,108,127,0,,,,,,,,,,,,,,,,,,,,,,,,,,,,,
"",178942,5171,-20.2361,148.95756,2,12/08/2019 07:47:26,Argos,0,452,NP,,401677244.57,12/08/2019 07:49:42,1,6,3,-114,401677244.57,148.95756,-20.2361,148.95757,-20.2361,58,3,407,2533,65,79,442,9,0,144,,,,,,,,,,,,,,,,,,,,,,,,,,,,,
"",178942,5171,-20.2361,148.95756,2,12/08/2019 07:47:26,Argos,0,452,NP,,401677244.57,12/08/2019 07:51:14,1,6,3,-114,401677244.57,148.95756,-20.2361,148.95757,-20.2361,58,3,407,2533,65,79,442,22,75,24,,,,,,,,,,,,,,,,,,,,,,,,,,,,,
"",178942,5171,-20.2361,148.95756,2,12/08/2019 07:47:26,Argos,0,452,NP,,401677244.57,12/08/2019 07:52:43,1,6,3,-114,401677244.57,148.95756,-20.2361,148.95757,-20.2361,58,3,407,2533,65,79,442,79,141,5,,,,,,,,,,,,,,,,,,,,,,,,,,,,,
"",178942,5171,-20.2361,148.95756,2,12/08/2019 07:47:26,Argos,0,452,NP,,401677244.57,12/08/2019 07:54:11,1,6,3,-114,401677244.57,148.95756,-20.2361,148.95757,-20.2361,58,3,407,2533,65,79,442,91,234,1,,,,,,,,,,,,,,,,,,,,,,,,,,,,,
"",178942,5171,-20.2361,148.95756,2,12/08/2019 07:47:26,Argos,0,452,NP,,401677244.57,12/08/2019 07:55:40,1,6,3,-114,401677244.57,148.95756,-20.2361,148.95757,-20.2361,58,3,407,2533,65,79,442,105,126,0,,,,,,,,,,,,,,,,,,,,,,,,,,,,,
"",178942,5171,-20.2361,148.95756,2,12/08/2019 07:47:26,Argos,0,452,NP,,401677244.57,12/08/2019 07:57:07,2,6,3,-114,401677244.57,148.95756,-20.2361,148.95757,-20.2361,58,3,407,2533,65,79,442,9,0,144,,,,,,,,,,,,,,,,,,,,,,,,,,,,,
"",178942,5171,-20.23835,148.95214,3,12/08/2019 08:17:05,Argos,0,804,SR,,401677260.67,12/08/2019 08:16:21,1,9,1,-115,401677260.67,148.95214,-20.23835,148.95213,-20.23835,56,3,246,840,71,42,628,84,249,65,,,,,,,,,,,,,,,,,,,,,,,,,,,,,
"",178942,5171,-20.23835,148.95214,3,12/08/2019 08:17:05,Argos,0,804,SR,,401677260.67,12/08/2019 08:17:50,1,9,1,-115,401677260.67,148.95214,-20.23835,148.95213,-20.23835,56,3,246,840,71,42,628,105,126,0,,,,,,,,,,,,,,,,,,,,,,,,,,,,,
"",178942,5171,-20.23835,148.95214,3,12/08/2019 08:17:05,Argos,0,804,SR,,401677260.67,12/08/2019 08:20:47,1,9,1,-115,401677260.67,148.95214,-20.23835,148.95213,-20.23835,56,3,246,840,71,42,628,70,176,131,220,168,122,255,16,100,33,75,145,84,3,248,252,1,255,255,214,16,0,0,,,,,,,,,
"",178942,5171,-20.23835,148.95214,3,12/08/2019 08:17:05,Argos,0,804,SR,,401677260.67,12/08/2019 08:23:47,1,9,1,-115,401677260.67,148.95214,-20.23835,148.95213,-20.23835,56,3,246,840,71,42,628,78,89,5,,,,,,,,,,,,,,,,,,,,,,,,,,,,,
"",178942,5171,-20.23835,148.95214,3,12/08/2019 08:17:05,Argos,0,804,SR,,401677260.67,12/08/2019 08:25:17,1,9,1,-115,401677260.67,148.95214,-20.23835,148.95213,-20.23835,56,3,246,840,71,42,628,90,255,1,,,,,,,,,,,,,,,,,,,,,,,,,,,,,
"",178942,5171,-20.23835,148.95214,3,12/08/2019 08:17:05,Argos,0,804,SR,,401677260.67,12/08/2019 08:26:45,1,9,1,-115,401677260.67,148.95214,-20.23835,148.95213,-20.23835,56,3,246,840,71,42,628,102,125,0,,,,,,,,,,,,,,,,,,,,,,,,,,,,,
"",178942,5171,-20.23835,148.95214,3,12/08/2019 08:17:05,Argos,0,804,SR,,401677260.67,12/08/2019 08:28:15,1,9,1,-115,401677260.67,148.95214,-20.23835,148.95213,-20.23835,56,3,246,840,71,42,628,9,0,144,,,,,,,,,,,,,,,,,,,,,,,,,,,,,
"",178942,5171,-20.23835,148.95214,3,12/08/2019 08:17:05,Argos,0,804,SR,,401677260.67,12/08/2019 08:29:45,2,9,1,-115,401677260.67,148.95214,-20.23835,148.95213,-20.23835,56,3,246,840,71,42,628,22,75,24,,,,,,,,,,,,,,,,,,,,,,,,,,,,,
"",178942,5171,-20.24398,148.93669,2,12/08/2019 09:13:04,Argos,0,713,NK,,401677277.45,12/08/2019 09:02:43,1,8,3,-117,401677277.45,148.93669,-20.24398,148.93669,-20.24398,57,3,288,862,95,80,207,77,41,5,,,,,,,,,,,,,,,,,,,,,,,,,,,,,
"",178942,5171,-20.24398,148.93669,2,12/08/2019 09:13:04,Argos,0,713,NK,,401677277.45,12/08/2019 09:07:10,1,8,3,-117,401677277.45,148.93669,-20.24398,148.93669,-20.24398,57,3,288,862,95,80,207,9,0,144,,,,,,,,,,,,,,,,,,,,,,,,,,,,,
"",178942,5171,-20.24398,148.93669,2,12/08/2019 09:13:04,Argos,0,713,NK,,401677277.45,12/08/2019 09:08:37,2,8,3,-117,401677277.45,148.93669,-20.24398,148.93669,-20.24398,57,3,288,862,95,80,207,22,75,24,,,,,,,,,,,,,,,,,,,,,,,,,,,,,
"",178942,5171,-20.24398,148.93669,2,12/08/2019 09:13:04,Argos,0,713,NK,,401677277.45,12/08/2019 09:10:06,1,8,3,-117,401677277.45,148.93669,-20.24398,148.93669,-20.24398,57,3,288,862,95,80,207,65,37,5,,,,,,,,,,,,,,,,,,,,,,,,,,,,,
"",178942,5171,-20.24398,148.93669,2,12/08/2019 09:13:04,Argos,0,713,NK,,401677277.45,12/08/2019 09:11:35,1,8,3,-117,401677277.45,148.93669,-20.24398,148.93669,-20.24398,57,3,288,862,95,80,207,95,30,2,,,,,,,,,,,,,,,,,,,,,,,,,,,,,
"",178942,5171,-20.281,148.94099,B,12/08/2019 09:13:04,Argos,0,0,NK,,401677281.51,12/08/2019 09:13:04,1,1,0,-127,401677281.51,148.94099,-20.281,148.941,-20.281,7,3,4198,4472,3940,89,2899,102,125,0,,,,,,,,,,,,,,,,,,,,,,,,,,,,,
"",178942,5171,-20.24939,148.94265,A,12/08/2019 09:26:23,Argos,0,0,NP,,401677286.28,12/08/2019 09:26:24,1,1,0,-140,401677286.28,148.94265,-20.24939,148.94266,-20.24939,6,3,565,2089,152,137,1568,81,40,2,,,,,,,,,,,,,,,,,,,,,,,,,,,,,
"",178942,5171,-20.24939,148.94265,A,12/08/2019 09:26:23,Argos,0,0,NP,,401677286.28,12/08/2019 09:30:47,1,1,0,-140,401677286.28,148.94265,-20.24939,148.94266,-20.24939,6,3,565,2089,152,137,1568,22,75,24,,,,,,,,,,,,,,,,,,,,,,,,,,,,,
"",178942,5171,-20.24939,148.94265,A,12/08/2019 09:26:23,Argos,0,0,NP,,401677286.28,12/08/2019 09:32:16,1,1,0,-140,401677286.28,148.94265,-20.24939,148.94266,-20.24939,6,3,565,2089,152,137,1568,76,28,5,,,,,,,,,,,,,,,,,,,,,,,,,,,,,
"",178942,5171,-20.26155,148.94176,B,12/08/2019 09:37:27,Argos,0,90,MA,,401677289.75,12/08/2019 09:36:43,1,2,0,-124,401677289.75,148.94176,-20.26155,148.94176,-20.26155,6,3,1794,8114,396,7,5065,105,126,0,,,,,,,,,,,,,,,,,,,,,,,,,,,,,
"",178942,5171,-20.26155,148.94176,B,12/08/2019 09:37:27,Argos,0,90,MA,,401677289.75,12/08/2019 09:38:13,1,2,0,-124,401677289.75,148.94176,-20.26155,148.94176,-20.26155,6,3,1794,8114,396,7,5065,9,0,144,,,,,,,,,,,,,,,,,,,,,,,,,,,,,
"",178942,5171,-20.263,148.93983,B,12/08/2019 09:44:06,Argos,0,0,NN,,401677289.63,12/08/2019 09:44:06,1,1,0,-137,401677289.63,148.93983,-20.263,148.93983,-20.263,6,3,1842,6564,517,8,5203,107,133,0,,,,,,,,,,,,,,,,,,,,,,,,,,,,,
"",178942,5171,-20.24618,148.93607,1,12/08/2019 10:44:08,Argos,0,265,NK,,401677286.73,12/08/2019 10:41:56,1,4,0,-126,401677286.73,148.93607,-20.24618,148.93607,-20.24618,58,3,825,3433,198,100,1379,76,28,5,,,,,,,,,,,,,,,,,,,,,,,,,,,,,
"",178942,5171,-20.24618,148.93607,1,12/08/2019 10:44:08,Argos,0,265,NK,,401677286.73,12/08/2019 10:43:25,1,4,0,-126,401677286.73,148.93607,-20.24618,148.93607,-20.24618,58,3,825,3433,198,100,1379,86,92,2,,,,,,,,,,,,,,,,,,,,,,,,,,,,,
"",178942,5171,-20.24618,148.93607,1,12/08/2019 10:44:08,Argos,0,265,NK,,401677286.73,12/08/2019 10:44:54,1,4,0,-126,401677286.73,148.93607,-20.24618,148.93607,-20.24618,58,3,825,3433,198,100,1379,96,130,0,,,,,,,,,,,,,,,,,,,,,,,,,,,,,
"",178942,5171,-20.24618,148.93607,1,12/08/2019 10:44:08,Argos,0,265,NK,,401677286.73,12/08/2019 10:46:21,1,4,0,-126,401677286.73,148.93607,-20.24618,148.93607,-20.24618,58,3,825,3433,198,100,1379,9,0,144,,,,,,,,,,,,,,,,,,,,,,,,,,,,,
"",178942,5171,-20.24183,148.94515,2,12/08/2019 11:19:54,Argos,0,627,MA,,401677287.12,12/08/2019 11:13:13,1,8,0,-120,401677287.12,148.94515,-20.24183,148.94514,-20.24183,58,3,256,1726,37,77,441,70,30,5,,,,,,,,,,,,,,,,,,,,,,,,,,,,,
"",178942,5171,-20.24183,148.94515,2,12/08/2019 11:19:54,Argos,0,627,MA,,401677287.12,12/08/2019 11:14:42,1,8,0,-120,401677287.12,148.94515,-20.24183,148.94514,-20.24183,58,3,256,1726,37,77,441,95,113,2,,,,,,,,,,,,,,,,,,,,,,,,,,,,,
"",178942,5171,-20.24183,148.94515,2,12/08/2019 11:19:54,Argos,0,627,MA,,401677287.12,12/08/2019 11:16:11,1,8,0,-120,401677287.12,148.94515,-20.24183,148.94514,-20.24183,58,3,256,1726,37,77,441,110,132,0,,,,,,,,,,,,,,,,,,,,,,,,,,,,,
"",178942,5171,-20.24364,148.93769,2,12/08/2019 11:19:54,Argos,0,268,MA,,401677287.17,12/08/2019 11:17:40,1,4,0,-120,401677287.17,148.93769,-20.24364,148.93768,-20.24364,58,3,389,2933,51,72,655,9,0,144,,,,,,,,,,,,,,,,,,,,,,,,,,,,,
"",178942,5171,-20.24364,148.93769,2,12/08/2019 11:19:54,Argos,0,268,MA,,401677287.17,12/08/2019 11:19:11,1,4,0,-120,401677287.17,148.93769,-20.24364,148.93768,-20.24364,58,3,389,2933,51,72,655,22,75,24,,,,,,,,,,,,,,,,,,,,,,,,,,,,,
"",178942,5171,-20.24364,148.93769,2,12/08/2019 11:19:54,Argos,0,268,MA,,401677287.17,12/08/2019 11:20:40,1,4,0,-120,401677287.17,148.93769,-20.24364,148.93768,-20.24364,58,3,389,2933,51,72,655,76,28,5,,,,,,,,,,,,,,,,,,,,,,,,,,,,,
"",178942,5171,-20.24364,148.93769,2,12/08/2019 11:19:54,Argos,0,268,MA,,401677287.17,12/08/2019 11:22:08,1,4,0,-120,401677287.17,148.93769,-20.24364,148.93768,-20.24364,58,3,389,2933,51,72,655,84,118,2,,,,,,,,,,,,,,,,,,,,,,,,,,,,,
"",178942,5171,-20.24331,148.94177,2,12/08/2019 11:26:38,Argos,0,529,NN,,401677287.93,12/08/2019 11:26:39,1,7,0,-124,401677287.93,148.94177,-20.24331,148.94177,-20.24331,56,3,262,1368,50,73,354,73,208,131,220,168,122,255,16,100,45,169,148,20,4,243,6,1,255,255,209,176,0,0,,,,,,,,,
"",178942,5171,-20.24331,148.94177,2,12/08/2019 11:26:38,Argos,0,529,NN,,401677287.93,12/08/2019 11:28:08,1,7,0,-124,401677287.93,148.94177,-20.24331,148.94177,-20.24331,56,3,262,1368,50,73,354,22,75,24,,,,,,,,,,,,,,,,,,,,,,,,,,,,,
"",178942,5171,-20.24331,148.94177,2,12/08/2019 11:26:38,Argos,0,529,NN,,401677287.93,12/08/2019 11:29:37,1,7,0,-124,401677287.93,148.94177,-20.24331,148.94177,-20.24331,56,3,262,1368,50,73,354,76,28,5,,,,,,,,,,,,,,,,,,,,,,,,,,,,,
"",178942,5171,-20.24331,148.94177,2,12/08/2019 11:26:38,Argos,0,529,NN,,401677287.93,12/08/2019 11:31:03,1,7,0,-124,401677287.93,148.94177,-20.24331,148.94177,-20.24331,56,3,262,1368,50,73,354,86,124,2,,,,,,,,,,,,,,,,,,,,,,,,,,,,,
"",178942,5171,-20.24331,148.94177,2,12/08/2019 11:26:38,Argos,0,529,NN,,401677287.93,12/08/2019 11:32:32,1,7,0,-124,401677287.93,148.94177,-20.24331,148.94177,-20.24331,56,3,262,1368,50,73,354,96,130,0,,,,,,,,,,,,,,,,,,,,,,,,,,,,,
"",178942,5171,-20.24331,148.94177,2,12/08/2019 11:26:38,Argos,0,529,NN,,401677287.93,12/08/2019 11:33:59,2,7,0,-124,401677287.93,148.94177,-20.24331,148.94177,-20.24331,56,3,262,1368,50,73,354,9,0,144,,,,,,,,,,,,,,,,,,,,,,,,,,,,,
"",178942,5171,-20.24237,148.94546,3,12/08/2019 11:55:32,Argos,0,442,MC,,401677288.57,12/08/2019 11:51:51,1,6,4,-115,401677288.57,148.94546,-20.24237,148.94547,-20.24237,56,3,196,848,45,76,274,65,21,5,,,,,,,,,,,,,,,,,,,,,,,,,,,,,
"",178942,5171,-20.24237,148.94546,3,12/08/2019 11:55:32,Argos,0,442,MC,,401677288.57,12/08/2019 11:53:20,1,6,4,-115,401677288.57,148.94546,-20.24237,148.94547,-20.24237,56,3,196,848,45,76,274,88,139,2,,,,,,,,,,,,,,,,,,,,,,,,,,,,,
"",178942,5171,-20.24237,148.94546,3,12/08/2019 11:55:32,Argos,0,442,MC,,401677288.57,12/08/2019 11:54:47,1,6,4,-115,401677288.57,148.94546,-20.24237,148.94547,-20.24237,56,3,196,848,45,76,274,110,132,0,,,,,,,,,,,,,,,,,,,,,,,,,,,,,
"",178942,5171,-20.24237,148.94546,3,12/08/2019 11:55:32,Argos,0,442,MC,,401677288.57,12/08/2019 11:56:16,1,6,4,-115,401677288.57,148.94546,-20.24237,148.94547,-20.24237,56,3,196,848,45,76,274,9,0,144,,,,,,,,,,,,,,,,,,,,,,,,,,,,,
"",178942,5171,-20.24237,148.94546,3,12/08/2019 11:55:32,Argos,0,442,MC,,401677288.57,12/08/2019 11:57:44,1,6,4,-115,401677288.57,148.94546,-20.24237,148.94547,-20.24237,56,3,196,848,45,76,274,22,75,24,,,,,,,,,,,,,,,,,,,,,,,,,,,,,
"",178942,5171,-20.24237,148.94546,3,12/08/2019 11:55:32,Argos,0,442,MC,,401677288.57,12/08/2019 11:59:13,1,6,4,-115,401677288.57,148.94546,-20.24237,148.94547,-20.24237,56,3,196,848,45,76,274,75,23,5,,,,,,,,,,,,,,,,,,,,,,,,,,,,,
"",178942,5171,-20.24237,148.94546,3,12/08/2019 11:55:32,Argos,0,442,MC,,401677288.57,12/08/2019 12:00:45,1,6,4,-115,401677288.57,148.94546,-20.24237,148.94547,-20.24237,56,3,196,848,45,76,274,95,144,2,,,,,,,,,,,,,,,,,,,,,,,,,,,,,
"",178942,5171,-20.24237,148.94546,3,12/08/2019 11:55:32,Argos,0,442,MC,,401677288.57,12/08/2019 12:02:14,2,6,4,-115,401677288.57,148.94546,-20.24237,148.94547,-20.24237,56,3,196,848,45,76,274,110,132,0,,,,,,,,,,,,,,,,,,,,,,,,,,,,,
"",178942,5171,-20.24237,148.94546,3,12/08/2019 11:55:32,Argos,0,442,MC,,401677288.57,12/08/2019 12:05:10,2,6,4,-115,401677288.57,148.94546,-20.24237,148.94547,-20.24237,56,3,196,848,45,76,274,9,0,144,,,,,,,,,,,,,,,,,,,,,,,,,,,,,
"",178942,5171,-20.25629,148.93594,3,12/08/2019 21:50:19,Argos,0,0,NK,,401677259.41,12/08/2019 21:50:19,1,1,0,-133,401677259.41,148.93594,-20.25629,148.93594,-20.25629,58,3,243,300,196,90,262,101,131,0,,,,,,,,,,,,,,,,,,,,,,,,,,,,,
"",178942,5171,-20.25629,148.93594,3,12/08/2019 21:50:19,Argos,0,0,NK,,401677259.41,12/08/2019 21:51:48,1,1,0,-133,401677259.41,148.93594,-20.25629,148.93594,-20.25629,58,3,243,300,196,90,262,9,0,144,,,,,,,,,,,,,,,,,,,,,,,,,,,,,
"",178942,5171,-20.25629,148.93594,3,12/08/2019 21:50:19,Argos,0,0,NK,,401677259.41,12/08/2019 21:54:45,1,1,0,-133,401677259.41,148.93594,-20.25629,148.93594,-20.25629,58,3,243,300,196,90,262,72,103,5,,,,,,,,,,,,,,,,,,,,,,,,,,,,,
"",178942,5171,-20.25629,148.93594,3,12/08/2019 21:50:19,Argos,0,0,NK,,401677259.41,12/08/2019 21:56:17,1,1,0,-133,401677259.41,148.93594,-20.25629,148.93594,-20.25629,58,3,243,300,196,90,262,86,226,2,,,,,,,,,,,,,,,,,,,,,,,,,,,,,
"",178942,5171,-20.25629,148.93594,3,12/08/2019 21:50:19,Argos,0,0,NK,,401677259.41,12/08/2019 22:00:46,2,1,0,-133,401677259.41,148.93594,-20.25629,148.93594,-20.25629,58,3,243,300,196,90,262,22,75,24,,,,,,,,,,,,,,,,,,,,,,,,,,,,,
"",178942,5171,-20.24838,148.84521,Z,12/08/2019 22:27:23,Argos,0,358,MA,,401677267.09,12/08/2019 22:22:54,1,4,2,-119,401677267.09,148.84521,-20.24838,148.84521,-20.24838,38,2,1937,42452,88,91,3608,9,0,144,,,,,,,,,,,,,,,,,,,,,,,,,,,,,
"",178942,5171,-20.24838,148.84521,Z,12/08/2019 22:27:23,Argos,0,358,MA,,401677267.09,12/08/2019 22:24:24,1,4,2,-119,401677267.09,148.84521,-20.24838,148.84521,-20.24838,38,2,1937,42452,88,91,3608,22,75,24,,,,,,,,,,,,,,,,,,,,,,,,,,,,,
"",178942,5171,-20.25536,148.944,1,12/08/2019 22:27:23,Argos,0,709,MA,,401677263.87,12/08/2019 22:25:54,1,9,5,-107,401677263.87,148.944,-20.25536,148.944,-20.25536,48,3,504,1346,188,103,192,64,174,5,,,,,,,,,,,,,,,,,,,,,,,,,,,,,
"",178942,5171,-20.24838,148.84521,Z,12/08/2019 22:27:23,Argos,0,358,MA,,401677267.09,12/08/2019 22:27:23,1,4,2,-119,401677267.09,148.84521,-20.24838,148.84521,-20.24838,38,2,1937,42452,88,91,3608,87,247,2,,,,,,,,,,,,,,,,,,,,,,,,,,,,,
"",178942,5171,-20.24838,148.84521,Z,12/08/2019 22:27:23,Argos,0,358,MA,,401677267.09,12/08/2019 22:28:52,1,4,2,-119,401677267.09,148.84521,-20.24838,148.84521,-20.24838,38,2,1937,42452,88,91,3608,110,132,0,,,,,,,,,,,,,,,,,,,,,,,,,,,,,
"",178942,5171,-20.25536,148.944,1,12/08/2019 22:27:23,Argos,0,709,MA,,401677263.87,12/08/2019 22:30:21,2,9,5,-107,401677263.87,148.944,-20.25536,148.944,-20.25536,48,3,504,1346,188,103,192,9,0,144,,,,,,,,,,,,,,,,,,,,,,,,,,,,,
"",178942,5171,-20.25536,148.944,1,12/08/2019 22:27:23,Argos,0,709,MA,,401677263.87,12/08/2019 22:31:48,2,9,5,-107,401677263.87,148.944,-20.25536,148.944,-20.25536,48,3,504,1346,188,103,192,22,75,24,,,,,,,,,,,,,,,,,,,,,,,,,,,,,
"",178942,5171,-20.25536,148.944,1,12/08/2019 22:27:23,Argos,0,709,MA,,401677263.87,12/08/2019 22:33:17,1,9,5,-107,401677263.87,148.944,-20.25536,148.944,-20.25536,48,3,504,1346,188,103,192,65,171,5,,,,,,,,,,,,,,,,,,,,,,,,,,,,,
"",178942,5171,-20.25536,148.944,1,12/08/2019 22:27:23,Argos,0,709,MA,,401677263.87,12/08/2019 22:34:43,1,9,5,-107,401677263.87,148.944,-20.25536,148.944,-20.25536,48,3,504,1346,188,103,192,80,252,2,,,,,,,,,,,,,,,,,,,,,,,,,,,,,
"",178942,5171,-20.25549,148.9359,2,12/08/2019 22:36:55,Argos,0,711,NN,,401677261.76,12/08/2019 22:40:41,1,9,2,-114,401677261.76,148.9359,-20.25549,148.9359,-20.25549,56,3,321,1506,68,103,310,71,165,5,,,,,,,,,,,,,,,,,,,,,,,,,,,,,
"",178942,5171,-20.25549,148.9359,2,12/08/2019 22:36:55,Argos,0,711,NN,,401677261.76,12/08/2019 22:42:10,1,9,2,-114,401677261.76,148.9359,-20.25549,148.9359,-20.25549,56,3,321,1506,68,103,310,95,1,3,,,,,,,,,,,,,,,,,,,,,,,,,,,,,
"",178942,5171,-20.25549,148.9359,2,12/08/2019 22:36:55,Argos,0,711,NN,,401677261.76,12/08/2019 22:43:39,2,9,2,-114,401677261.76,148.9359,-20.25549,148.9359,-20.25549,56,3,321,1506,68,103,310,110,132,0,,,,,,,,,,,,,,,,,,,,,,,,,,,,,
"",178942,5171,-20.25549,148.9359,2,12/08/2019 22:36:55,Argos,0,711,NN,,401677261.76,12/08/2019 22:45:08,2,9,2,-114,401677261.76,148.9359,-20.25549,148.9359,-20.25549,56,3,321,1506,68,103,310,9,0,144,,,,,,,,,,,,,,,,,,,,,,,,,,,,,
"",178942,5171,-20.25549,148.9359,2,12/08/2019 22:36:55,Argos,0,711,NN,,401677261.76,12/08/2019 22:46:34,2,9,2,-114,401677261.76,148.9359,-20.25549,148.9359,-20.25549,56,3,321,1506,68,103,310,22,75,24,,,,,,,,,,,,,,,,,,,,,,,,,,,,,
"",178942,5171,-20.25549,148.9359,2,12/08/2019 22:36:55,Argos,0,711,NN,,401677261.76,12/08/2019 22:48:03,1,9,2,-114,401677261.76,148.9359,-20.25549,148.9359,-20.25549,56,3,321,1506,68,103,310,78,152,5,,,,,,,,,,,,,,,,,,,,,,,,,,,,,
"",178942,5171,-20.2554,148.93559,2,12/08/2019 23:02:12,Argos,0,720,MC,,401677259.39,12/08/2019 23:04:26,1,9,4,-109,401677259.39,148.93559,-20.2554,148.9356,-20.2554,56,3,260,860,78,104,223,74,172,5,,,,,,,,,,,,,,,,,,,,,,,,,,,,,
"",178942,5171,-20.2554,148.93559,2,12/08/2019 23:02:12,Argos,0,720,MC,,401677259.39,12/08/2019 23:05:55,1,9,4,-109,401677259.39,148.93559,-20.2554,148.9356,-20.2554,56,3,260,860,78,104,223,95,17,3,,,,,,,,,,,,,,,,,,,,,,,,,,,,,
"",178942,5171,-20.25532,148.93611,2,12/08/2019 23:02:12,Argos,0,720,MC,,401677259.56,12/08/2019 23:07:25,1,7,3,-109,401677259.56,148.93611,-20.25532,148.93611,-20.25532,56,3,285,1080,75,102,259,110,132,0,,,,,,,,,,,,,,,,,,,,,,,,,,,,,
"",178942,5171,-20.25532,148.93611,2,12/08/2019 23:02:12,Argos,0,720,MC,,401677259.56,12/08/2019 23:08:54,2,7,3,-109,401677259.56,148.93611,-20.25532,148.93611,-20.25532,56,3,285,1080,75,102,259,9,0,144,,,,,,,,,,,,,,,,,,,,,,,,,,,,,
"",178942,5171,-20.25532,148.93611,2,12/08/2019 23:02:12,Argos,0,720,MC,,401677259.56,12/08/2019 23:10:26,2,7,3,-109,401677259.56,148.93611,-20.25532,148.93611,-20.25532,56,3,285,1080,75,102,259,22,75,24,,,,,,,,,,,,,,,,,,,,,,,,,,,,,
"",178942,5171,-20.25532,148.93611,2,12/08/2019 23:02:12,Argos,0,720,MC,,401677259.56,12/08/2019 23:11:56,1,7,3,-109,401677259.56,148.93611,-20.25532,148.93611,-20.25532,56,3,285,1080,75,102,259,69,175,5,,,,,,,,,,,,,,,,,,,,,,,,,,,,,
"",178942,5171,-20.25532,148.93611,2,12/08/2019 23:02:12,Argos,0,720,MC,,401677259.56,12/08/2019 23:13:28,1,7,3,-109,401677259.56,148.93611,-20.25532,148.93611,-20.25532,56,3,285,1080,75,102,259,84,22,3,,,,,,,,,,,,,,,,,,,,,,,,,,,,,
"",178942,5171,-20.25628,148.94002,3,12/08/2019 23:40:13,Argos,0,354,MB,,401677254.26,12/08/2019 23:40:13,1,4,1,-117,401677254.26,148.94002,-20.25628,148.94002,-20.25628,58,3,201,232,174,44,254,9,0,144,,,,,,,,,,,,,,,,,,,,,,,,,,,,,
"",178942,5171,-20.25628,148.94002,3,12/08/2019 23:40:13,Argos,0,354,MB,,401677254.26,12/08/2019 23:41:43,1,4,1,-117,401677254.26,148.94002,-20.25628,148.94002,-20.25628,58,3,201,232,174,44,254,22,75,24,,,,,,,,,,,,,,,,,,,,,,,,,,,,,
"",178942,5171,-20.25628,148.94002,3,12/08/2019 23:40:13,Argos,0,354,MB,,401677254.26,12/08/2019 23:44:38,1,4,1,-117,401677254.26,148.94002,-20.25628,148.94002,-20.25628,58,3,201,232,174,44,254,93,43,3,,,,,,,,,,,,,,,,,,,,,,,,,,,,,
"",178942,5171,-20.25628,148.94002,3,12/08/2019 23:40:13,Argos,0,354,MB,,401677254.26,12/08/2019 23:46:07,1,4,1,-117,401677254.26,148.94002,-20.25628,148.94002,-20.25628,58,3,201,232,174,44,254,107,133,0,,,,,,,,,,,,,,,,,,,,,,,,,,,,,
"",178942,5171,-20.24908,148.92842,0,12/09/2019 00:04:02,Argos,0,355,MA,,401677255.93,12/09/2019 00:04:02,1,3,1,-119,401677255.93,148.92842,-20.24908,148.92842,-20.24908,46,3,3333,7022,1581,36,589,22,75,24,,,,,,,,,,,,,,,,,,,,,,,,,,,,,
"",178942,5171,-20.24908,148.92842,0,12/09/2019 00:04:02,Argos,0,355,MA,,401677255.93,12/09/2019 00:06:59,1,3,1,-119,401677255.93,148.92842,-20.24908,148.92842,-20.24908,46,3,3333,7022,1581,36,589,88,58,3,,,,,,,,,,,,,,,,,,,,,,,,,,,,,
"",178942,5171,-20.24908,148.92842,0,12/09/2019 00:04:02,Argos,0,355,MA,,401677255.93,12/09/2019 00:09:57,1,3,1,-119,401677255.93,148.92842,-20.24908,148.92842,-20.24908,46,3,3333,7022,1581,36,589,66,176,131,220,168,122,255,17,84,128,158,3,20,6,121,10,1,255,255,222,64,255,128,,,,,,,,,
"",178942,5171,-20.24908,148.92842,0,12/09/2019 00:04:02,Argos,0,355,MA,,401677255.93,12/09/2019 00:11:26,1,3,1,-119,401677255.93,148.92842,-20.24908,148.92842,-20.24908,46,3,3333,7022,1581,36,589,9,0,144,,,,,,,,,,,,,,,,,,,,,,,,,,,,,
"",178942,5171,-20.23607,148.95185,0,12/09/2019 00:17:23,Argos,0,88,NN,,401677248.86,12/09/2019 00:17:23,1,2,0,-125,401677248.86,148.95185,-20.23607,148.95184,-20.23607,46,3,2956,6965,1254,38,653,107,133,0,,,,,,,,,,,,,,,,,,,,,,,,,,,,,
"",178942,5171,-20.23607,148.95185,0,12/09/2019 00:17:23,Argos,0,88,NN,,401677248.86,12/09/2019 00:18:51,1,2,0,-125,401677248.86,148.95185,-20.23607,148.95184,-20.23607,46,3,2956,6965,1254,38,653,9,0,144,,,,,,,,,,,,,,,,,,,,,,,,,,,,,
"",178942,5171,-20.23607,148.95185,0,12/09/2019 00:17:23,Argos,0,88,NN,,401677248.86,12/09/2019 00:21:49,1,2,0,-125,401677248.86,148.95185,-20.23607,148.95184,-20.23607,46,3,2956,6965,1254,38,653,78,23,6,,,,,,,,,,,,,,,,,,,,,,,,,,,,,
"",178942,5171,-20.23607,148.95185,0,12/09/2019 00:17:23,Argos,0,88,NN,,401677248.86,12/09/2019 00:23:18,1,2,0,-125,401677248.86,148.95185,-20.23607,148.95184,-20.23607,46,3,2956,6965,1254,38,653,88,69,3,,,,,,,,,,,,,,,,,,,,,,,,,,,,,
"",178942,5171,-20.23607,148.95185,0,12/09/2019 00:17:23,Argos,0,88,NN,,401677248.86,12/09/2019 00:24:46,1,2,0,-125,401677248.86,148.95185,-20.23607,148.95184,-20.23607,46,3,2956,6965,1254,38,653,100,134,0,,,,,,,,,,,,,,,,,,,,,,,,,,,,,
"",178942,5171,-20.26386,148.9377,0,12/09/2019 00:48:32,Argos,0,357,MC,,401677231.9,12/09/2019 00:45:34,1,4,0,-122,401677231.9,148.9377,-20.26386,148.9377,-20.26386,58,3,1747,4547,670,9,829,93,84,3,,,,,,,,,,,,,,,,,,,,,,,,,,,,,
"",178942,5171,-20.26386,148.9377,0,12/09/2019 00:48:32,Argos,0,357,MC,,401677231.9,12/09/2019 00:47:04,1,4,0,-122,401677231.9,148.9377,-20.26386,148.9377,-20.26386,58,3,1747,4547,670,9,829,88,112,0,220,168,122,255,17,84,130,240,194,210,6,171,12,1,255,255,224,32,247,128,,,,,,,,,
"",178942,5171,-20.26386,148.9377,0,12/09/2019 00:48:32,Argos,0,357,MC,,401677231.9,12/09/2019 00:50:00,1,4,0,-122,401677231.9,148.9377,-20.26386,148.9377,-20.26386,58,3,1747,4547,670,9,829,9,0,144,,,,,,,,,,,,,,,,,,,,,,,,,,,,,
"",178942,5171,-20.26386,148.9377,0,12/09/2019 00:48:32,Argos,0,357,MC,,401677231.9,12/09/2019 00:51:31,1,4,0,-122,401677231.9,148.9377,-20.26386,148.9377,-20.26386,58,3,1747,4547,670,9,829,22,75,24,,,,,,,,,,,,,,,,,,,,,,,,,,,,,
"",178942,5171,,,,,,,0,MB,,401650000,12/13/2019 23:36:12,1,1,0,-132,401650000,,,,,,,,,,,,156,203,16,,,,,,,,,,,,,,,,,,,,,,,,,,,,,
"",178942,5171,,,,,,,0,NN,,401650000,12/14/2019 23:10:32,1,1,0,-123,401650000,,,,,,,,,,,,78,73,5,,,,,,,,,,,,,,,,,,,,,,,,,,,,,
"",178942,5171,,,,,,,0,MC,,401650000,12/15/2019 12:47:11,1,1,0,-127,401650000,,,,,,,,,,,,71,68,5,,,,,,,,,,,,,,,,,,,,,,,,,,,,,
"",178942,5171,,,,,,,0,SR,,401650000,12/16/2019 07:32:04,1,1,0,-124,401650000,,,,,,,,,,,,107,133,0,,,,,,,,,,,,,,,,,,,,,,,,,,,,,
"",178942,5171,,,,,,,0,MA,,401650000,12/16/2019 10:08:47,1,1,0,-128,401650000,,,,,,,,,,,,97,135,0,,,,,,,,,,,,,,,,,,,,,,,,,,,,,
"",178942,5171,,,,,,,0,SR,,401650000,12/16/2019 19:51:29,1,1,0,-133,401650000,,,,,,,,,,,,10,0,16,,,,,,,,,,,,,,,,,,,,,,,,,,,,,
"",178942,5171,-21.10712,150.25912,B,12/17/2019 08:45:45,Argos,0,191,SR,,401677057.68,12/17/2019 08:42:35,1,2,0,-129,401677057.68,150.25912,-21.10712,150.25912,-21.10712,0,3,3193,40217,253,117,2096,81,80,131,220,168,122,255,26,56,162,168,151,20,9,165,16,1,170,30,212,176,255,128,,,,,,,,,
"",178942,5171,-20.81989,149.31956,B,12/17/2019 08:43:18,Argos,0,88,NK,,401677169.01,12/17/2019 08:42:35,1,2,0,-128,401677169.01,149.31956,-20.81989,149.31956,-20.81989,0,3,14599,306360,695,85,6491,81,80,131,220,168,122,255,26,56,162,168,151,20,9,165,16,1,170,30,212,176,255,128,,,,,,,,,
"",178942,5171,-20.81989,149.31956,B,12/17/2019 08:43:18,Argos,0,88,NK,,401677169.01,12/17/2019 08:44:03,1,2,0,-128,401677169.01,149.31956,-20.81989,149.31956,-20.81989,0,3,14599,306360,695,85,6491,82,212,4,,,,,,,,,,,,,,,,,,,,,,,,,,,,,
"",178942,5171,-21.10712,150.25912,B,12/17/2019 08:45:45,Argos,0,191,SR,,401677057.68,12/17/2019 08:45:46,1,2,0,-129,401677057.68,150.25912,-21.10712,150.25912,-21.10712,0,3,3193,40217,253,117,2096,10,0,16,,,,,,,,,,,,,,,,,,,,,,,,,,,,,
"",178942,5171,-21.00352,150.19909,B,12/17/2019 09:50:21,Argos,0,0,MA,,401677326.87,12/17/2019 09:50:22,1,1,0,-124,401677326.87,150.19909,-21.00352,150.1991,-21.00352,3,3,4983,7368,3369,106,3562,68,75,5,,,,,,,,,,,,,,,,,,,,,,,,,,,,,
"",178942,5171,-20.96143,150.14556,B,12/17/2019 12:11:22,Argos,0,0,MC,,401677307.1,12/17/2019 12:11:22,1,1,0,-126,401677307.1,150.14556,-20.96143,150.14555,-20.96143,8,3,10277,14894,7090,100,5390,97,135,0,,,,,,,,,,,,,,,,,,,,,,,,,,,,,
"",178942,5171,-21.03872,150.09116,B,12/17/2019 19:23:12,Argos,0,0,SR,,401677254.09,12/17/2019 19:23:12,1,1,0,-129,401677254.09,150.09116,-21.03872,150.09116,-21.03872,8,3,11935,16628,8565,110,8853,97,135,0,,,,,,,,,,,,,,,,,,,,,,,,,,,,,
"",178942,5171,-20.97697,149.88364,Z,12/17/2019 19:53:51,Argos,0,62,NK,,401677321.49,12/17/2019 19:53:20,1,5,0,-128,401677321.49,149.88364,-20.97697,149.88364,-20.97697,34,2,17144,243714,1206,115,13597,94,248,4,,,,,,,,,,,,,,,,,,,,,,,,,,,,,
"",178942,5171,-20.97697,149.88364,Z,12/17/2019 19:53:51,Argos,0,62,NK,,401677321.49,12/17/2019 19:53:37,1,5,0,-128,401677321.49,149.88364,-20.97697,149.88364,-20.97697,34,2,17144,243714,1206,115,13597,97,135,0,,,,,,,,,,,,,,,,,,,,,,,,,,,,,
"",178942,5171,-20.97697,149.88364,Z,12/17/2019 19:53:51,Argos,0,62,NK,,401677321.49,12/17/2019 19:53:52,1,5,0,-128,401677321.49,149.88364,-20.97697,149.88364,-20.97697,34,2,17144,243714,1206,115,13597,10,0,16,,,,,,,,,,,,,,,,,,,,,,,,,,,,,
"",178942,5171,-20.97697,149.88364,Z,12/17/2019 19:53:51,Argos,0,62,NK,,401677321.49,12/17/2019 19:54:07,1,5,0,-128,401677321.49,149.88364,-20.97697,149.88364,-20.97697,34,2,17144,243714,1206,115,13597,22,75,24,,,,,,,,,,,,,,,,,,,,,,,,,,,,,
"",178942,5171,-20.97697,149.88364,Z,12/17/2019 19:53:51,Argos,0,62,NK,,401677321.49,12/17/2019 19:54:22,1,5,0,-128,401677321.49,149.88364,-20.97697,149.88364,-20.97697,34,2,17144,243714,1206,115,13597,71,68,5,,,,,,,,,,,,,,,,,,,,,,,,,,,,,
"",178942,5171,-20.78765,149.53127,B,12/17/2019 20:42:19,Argos,0,17,NP,,401677273.05,12/17/2019 20:42:11,1,2,0,-133,401677273.05,149.53127,-20.78765,106.92242,-11.18692,0,3,2593,110197,61,88,7330,98,136,0,,,,,,,,,,,,,,,,,,,,,,,,,,,,,
"",178942,5171,-20.78765,149.53127,B,12/17/2019 20:42:19,Argos,0,17,NP,,401677273.05,12/17/2019 20:42:29,1,2,0,-133,401677273.05,149.53127,-20.78765,106.92242,-11.18692,0,3,2593,110197,61,88,7330,10,0,16,,,,,,,,,,,,,,,,,,,,,,,,,,,,,
"",178942,5171,-20.79166,149.54932,B,12/17/2019 21:05:27,Argos,0,0,SR,,401677242.84,12/17/2019 21:05:28,1,1,0,-125,401677242.84,149.54932,-20.79166,149.54932,-20.79166,6,3,6905,42414,1124,88,7411,22,75,24,,,,,,,,,,,,,,,,,,,,,,,,,,,,,
"",178942,5171,-20.7867,149.54847,B,12/17/2019 21:05:27,Argos,0,0,MA,,401677263.86,12/17/2019 21:05:28,1,1,0,-133,401677263.86,149.54847,-20.7867,149.54848,-20.7867,6,3,5936,30018,1173,89,6373,22,75,24,,,,,,,,,,,,,,,,,,,,,,,,,,,,,
"",178942,5171,-20.78944,149.52888,B,12/18/2019 20:28:18,Argos,0,0,SR,,401677255.09,12/18/2019 20:28:19,1,1,0,-133,401677255.09,149.52888,-20.78944,149.52888,-20.78944,0,3,5565,6863,4512,85,15741,90,18,5,,,,,,,,,,,,,,,,,,,,,,,,,,,,,
"",178942,5171,-20.86029,149.51044,B,12/18/2019 20:28:18,Argos,0,0,NP,,401677266.42,12/18/2019 20:28:19,1,1,0,-135,401677266.42,149.51044,-20.86029,149.51044,-20.86029,0,3,4544,10777,1916,96,12852,90,18,5,,,,,,,,,,,,,,,,,,,,,,,,,,,,,
"",178942,5171,-20.81302,149.53482,A,12/19/2019 11:26:32,Argos,0,103,MC,,401677255.18,12/19/2019 11:25:47,1,3,0,-120,401677255.18,149.53482,-20.81302,149.53482,-20.81302,0,3,882,14067,55,72,2474,22,66,93,,,,,,,,,,,,,,,,,,,,,,,,,,,,,
"",178942,5171,-20.81302,149.53482,A,12/19/2019 11:26:32,Argos,0,103,MC,,401677255.18,12/19/2019 11:26:20,1,3,0,-120,401677255.18,149.53482,-20.81302,149.53482,-20.81302,0,3,882,14067,55,72,2474,91,39,237,,,,,,,,,,,,,,,,,,,,,,,,,,,,,
"",178942,5171,-20.81302,149.53482,A,12/19/2019 11:26:32,Argos,0,103,MC,,401677255.18,12/19/2019 11:27:30,1,3,0,-120,401677255.18,149.53482,-20.81302,149.53482,-20.81302,0,3,882,14067,55,72,2474,10,0,16,,,,,,,,,,,,,,,,,,,,,,,,,,,,,
"",178942,5171,-20.81293,149.54128,B,12/20/2019 08:52:40,Argos,0,0,NP,,401677251.5,12/20/2019 08:52:41,1,1,0,-127,401677251.5,149.54128,-20.81293,149.54128,-20.81293,0,3,4030,8224,1974,88,11397,222,73,5,,,,,,,,,,,,,,,,,,,,,,,,,,,,,
"",178942,5171,-20.82244,149.54391,B,12/20/2019 08:52:40,Argos,0,0,SR,,401677260.49,12/20/2019 08:52:41,1,1,0,-131,401677260.49,149.54391,-20.82244,149.54391,-20.82244,0,3,3617,11997,1090,79,10227,78,89,5,,,,,,,,,,,,,,,,,,,,,,,,,,,,,
"",178942,5171,-20.83227,149.51301,B,12/20/2019 09:06:01,Argos,0,263,NK,,401677259.67,12/20/2019 09:03:50,1,2,0,-120,401677259.67,149.51301,-20.83227,149.51302,-20.83227,6,3,1030,13063,81,133,2897,84,91,5,,,,,,,,,,,,,,,,,,,,,,,,,,,,,
"",178942,5171,-20.83227,149.51301,B,12/20/2019 09:06:01,Argos,0,263,NK,,401677259.67,12/20/2019 09:08:13,1,2,0,-120,401677259.67,149.51301,-20.83227,149.51302,-20.83227,6,3,1030,13063,81,133,2897,10,0,16,,,,,,,,,,,,,,,,,,,,,,,,,,,,,
"",178942,5171,-20.82004,149.53652,B,12/21/2019 08:46:27,Argos,0,0,NK,,401677251.43,12/21/2019 08:46:27,1,1,0,-137,401677251.43,149.53652,-20.82004,149.53651,-20.82004,0,3,4977,5181,4780,9,14075,97,135,0,,,,,,,,,,,,,,,,,,,,,,,,,,,,,
"",178942,5171,-20.77248,149.5351,B,12/22/2019 08:16:37,Argos,0,0,NK,,401677253.34,12/22/2019 08:16:37,1,1,0,-132,401677253.34,149.5351,-20.77248,149.5351,-20.77248,0,3,5363,13816,2081,75,15167,20,66,108,,,,,,,,,,,,,,,,,,,,,,,,,,,,,
"",178942,5171,-20.77612,149.51369,B,12/22/2019 08:25:19,Argos,0,0,NP,,401677253.11,12/22/2019 08:25:19,1,1,0,-127,401677253.11,149.51369,-20.77612,149.51369,-20.77612,0,3,5545,13014,2362,50,15682,84,138,5,,,,,,,,,,,,,,,,,,,,,,,,,,,,,
"",178942,5171,-20.71746,149.56443,B,12/22/2019 18:29:10,Argos,0,0,SR,,401677267.37,12/22/2019 18:29:11,1,1,0,-134,401677267.37,149.56443,-20.71746,149.56442,-20.71746,8,3,4761,5763,3932,78,13464,100,134,0,,,,,,,,,,,,,,,,,,,,,,,,,,,,,
"",178942,5171,-20.67139,149.73255,B,12/23/2019 08:56:06,Argos,0,144,SR,,401677275.35,12/23/2019 08:54:54,1,2,0,-127,401677275.35,149.73255,-20.67139,149.73254,-20.67139,0,3,1975,23539,165,142,5579,72,71,5,,,,,,,,,,,,,,,,,,,,,,,,,,,,,
"",178942,5171,-20.67139,149.73255,B,12/23/2019 08:56:06,Argos,0,144,SR,,401677275.35,12/23/2019 08:57:18,1,2,0,-127,401677275.35,149.73255,-20.67139,149.73254,-20.67139,0,3,1975,23539,165,142,5579,100,134,0,,,,,,,,,,,,,,,,,,,,,,,,,,,,,
"",178942,5171,-20.75867,149.7898,B,12/23/2019 19:32:56,Argos,0,163,NP,,401677270.45,12/23/2019 19:31:35,1,2,0,-125,401677270.45,149.7898,-20.75867,149.7898,-20.75867,8,3,2702,168197,43,106,7640,80,174,5,,,,,,,,,,,,,,,,,,,,,,,,,,,,,
"",178942,5171,-20.75867,149.7898,B,12/23/2019 19:32:56,Argos,0,163,NP,,401677270.45,12/23/2019 19:34:18,1,2,0,-125,401677270.45,149.7898,-20.75867,149.7898,-20.75867,8,3,2702,168197,43,106,7640,110,132,0,,,,,,,,,,,,,,,,,,,,,,,,,,,,,
"",178942,5171,-20.75486,149.77673,B,12/23/2019 19:34:18,Argos,0,0,SR,,401677267.4,12/23/2019 19:34:18,1,1,0,-130,401677267.4,149.77673,-20.75486,149.77673,-20.75486,6,3,3391,99626,115,106,9587,110,132,0,,,,,,,,,,,,,,,,,,,,,,,,,,,,,
"",178942,5171,-20.76669,149.76749,B,12/24/2019 06:48:41,Argos,0,23,SR,,401677279.32,12/24/2019 06:48:30,1,2,0,-135,401677279.32,149.76749,-20.76669,149.76749,-20.76669,8,3,3221,9814,1057,123,9108,78,73,5,,,,,,,,,,,,,,,,,,,,,,,,,,,,,
"",178942,5171,-20.76669,149.76749,B,12/24/2019 06:48:41,Argos,0,23,SR,,401677279.32,12/24/2019 06:48:53,1,2,0,-135,401677279.32,149.76749,-20.76669,149.76749,-20.76669,8,3,3221,9814,1057,123,9108,91,185,5,,,,,,,,,,,,,,,,,,,,,,,,,,,,,
"",178942,5171,-20.75742,149.73328,B,12/24/2019 08:07:48,Argos,0,15,NP,,401677256.31,12/24/2019 08:07:41,1,2,0,-124,401677256.31,149.73328,-20.75742,149.73328,-20.75742,8,3,2380,6661,850,107,6727,10,0,16,,,,,,,,,,,,,,,,,,,,,,,,,,,,,
"",178942,5171,-20.75742,149.73328,B,12/24/2019 08:07:48,Argos,0,15,NP,,401677256.31,12/24/2019 08:07:57,1,2,0,-124,401677256.31,149.73328,-20.75742,149.73328,-20.75742,8,3,2380,6661,850,107,6727,22,75,24,,,,,,,,,,,,,,,,,,,,,,,,,,,,,
"",178942,5171,-20.7007,149.6415,B,12/25/2019 07:51:44,Argos,0,32,NP,,401677265.74,12/25/2019 07:51:28,1,2,0,-127,401677265.74,149.6415,-20.7007,149.6415,-20.7007,6,3,2149,33716,137,84,6073,75,72,5,,,,,,,,,,,,,,,,,,,,,,,,,,,,,
"",178942,5171,-20.74671,149.73714,B,12/25/2019 07:51:27,Argos,0,0,SR,,401677255.12,12/25/2019 07:51:28,1,1,0,-124,401677255.12,149.73714,-20.74671,149.73714,-20.74671,0,3,4422,17817,1097,111,12504,75,72,5,,,,,,,,,,,,,,,,,,,,,,,,,,,,,
"",178942,5171,-20.7007,149.6415,B,12/25/2019 07:51:44,Argos,0,32,NP,,401677265.74,12/25/2019 07:52:01,1,2,0,-127,401677265.74,149.6415,-20.7007,149.6415,-20.7007,6,3,2149,33716,137,84,6073,90,226,128,,,,,,,,,,,,,,,,,,,,,,,,,,,,,
"",178942,5171,,,,,,,0,NN,,401650000,12/28/2019 23:47:45,1,1,0,-131,401650000,,,,,,,,,,,,10,0,16,,,,,,,,,,,,,,,,,,,,,,,,,,,,,
"",178942,5171,-20.94007,149.55942,B,12/29/2019 08:49:20,Argos,0,0,NP,,401650000,12/29/2019 08:48:23,1,1,0,-131,401650000,149.55942,-20.94007,149.55942,-20.94007,0,3,3939,78159,198,66,10754,80,16,131,220,168,122,252,64,77,38,194,95,81,18,205,18,29,60,38,235,124,243,123,,,,,,,,,
"",178942,5171,-20.94007,149.55942,B,12/29/2019 08:49:20,Argos,0,0,NP,,401650000,12/29/2019 08:50:18,1,1,0,-131,401650000,149.55942,-20.94007,149.55942,-20.94007,0,3,3939,78159,198,66,10754,107,133,0,,,,,,,,,,,,,,,,,,,,,,,,,,,,,
"",178942,5171,-20.94872,149.54116,B,12/29/2019 09:10:17,Argos,0,0,SR,,401677266.53,12/29/2019 09:10:18,1,1,0,-135,401677266.53,149.54116,-20.94872,149.54115,-20.94872,6,3,2774,16707,460,67,7841,69,78,5,,,,,,,,,,,,,,,,,,,,,,,,,,,,,
"",178942,5171,,,,,,,0,NP,,401650000,12/31/2019 06:45:05,1,1,0,-132,401650000,,,,,,,,,,,,100,134,0,,,,,,,,,,,,,,,,,,,,,,,,,,,,,
"",178942,5171,-20.93519,149.43825,B,12/31/2019 08:10:08,Argos,0,242,SR,,401677270.26,12/31/2019 08:06:07,1,2,0,-122,401677270.26,149.43825,-20.93519,149.43825,-20.93519,0,3,4583,530479,39,97,12958,96,130,0,,,,,,,,,,,,,,,,,,,,,,,,,,,,,
"",178942,5171,-20.93519,149.43825,B,12/31/2019 08:10:08,Argos,0,242,SR,,401677270.26,12/31/2019 08:10:09,1,2,0,-122,401677270.26,149.43825,-20.93519,149.43825,-20.93519,0,3,4583,530479,39,97,12958,10,0,16,,,,,,,,,,,,,,,,,,,,,,,,,,,,,
"",178942,5171,,,,,,,0,SR,,401650000,01/01/2020 09:13:01,1,1,0,-136,401650000,,,,,,,,,,,,22,75,24,,,,,,,,,,,,,,,,,,,,,,,,,,,,,
"",178942,5171,,,,,,,0,MC,,401650000,01/01/2020 10:14:40,1,1,0,-130,401650000,,,,,,,,,,,,22,75,24,,,,,,,,,,,,,,,,,,,,,,,,,,,,,
"",178942,5171,,,,,,,0,NP,,401650000,01/01/2020 17:44:32,1,1,0,-133,401650000,,,,,,,,,,,,85,95,6,,,,,,,,,,,,,,,,,,,,,,,,,,,,,
"",178942,5171,,,,,,,0,NP,,401650000,01/02/2020 19:11:06,1,1,0,-131,401650000,,,,,,,,,,,,22,75,24,,,,,,,,,,,,,,,,,,,,,,,,,,,,,
"",178942,5171,-20.87456,149.41002,B,01/03/2020 11:14:08,Argos,0,109,MC,,401677271.58,01/03/2020 11:13:14,1,2,0,-122,401677271.58,149.41002,-20.87456,149.41002,-20.87456,0,3,1731,28600,104,33,4887,87,132,6,,,,,,,,,,,,,,,,,,,,,,,,,,,,,
"",178942,5171,-20.87456,149.41002,B,01/03/2020 11:14:08,Argos,0,109,MC,,401677271.58,01/03/2020 11:15:03,1,2,0,-122,401677271.58,149.41002,-20.87456,149.41002,-20.87456,0,3,1731,28600,104,33,4887,111,165,74,,,,,,,,,,,,,,,,,,,,,,,,,,,,,
"",178942,5171,-20.8711,149.4122,B,01/03/2020 11:27:20,Argos,0,0,NN,,401677268.59,01/03/2020 11:27:21,1,1,0,-128,401677268.59,149.4122,-20.8711,149.4122,-20.8711,6,3,1333,4516,393,33,3758,10,0,16,,,,,,,,,,,,,,,,,,,,,,,,,,,,,
"",178942,5171,-20.86589,149.40893,B,01/03/2020 13:03:05,Argos,0,0,NN,,401677276.07,01/03/2020 13:03:05,1,1,0,-137,401677276.07,149.40893,-20.86589,149.40894,-20.86589,8,2,1806,2786,1170,41,5097,22,75,28,,,,,,,,,,,,,,,,,,,,,,,,,,,,,
"",178942,5171,-20.88293,149.40726,B,01/03/2020 18:54:31,Argos,0,0,SR,,401677268.53,01/03/2020 18:54:31,1,1,0,-132,401677268.53,149.40726,-20.88293,149.40726,-20.88293,8,3,2787,3724,2085,82,7879,10,0,16,,,,,,,,,,,,,,,,,,,,,,,,,,,,,
"",178942,5171,-20.88448,149.40131,B,01/03/2020 18:59:24,Argos,0,0,NP,,401677274.9,01/03/2020 18:59:25,1,1,0,-126,401677274.9,149.40131,-20.88448,149.4013,-20.88448,6,3,2543,5186,1247,86,7189,73,82,5,,,,,,,,,,,,,,,,,,,,,,,,,,,,,
"",178942,5171,-20.88477,149.40089,B,01/03/2020 19:20:51,Argos,0,0,NK,,401677271.78,01/03/2020 19:20:51,1,1,0,-135,401677271.78,149.40089,-20.88477,149.4009,-20.88477,6,3,2562,5147,1275,88,7242,22,75,24,,,,,,,,,,,,,,,,,,,,,,,,,,,,,
"",178942,5171,-20.91565,149.41626,B,01/04/2020 09:13:20,Argos,0,0,NP,,401677255.2,01/04/2020 09:13:21,1,1,0,-138,401677255.2,149.41626,-20.91565,149.41626,-20.91565,0,3,3971,6389,2468,57,11229,73,82,5,,,,,,,,,,,,,,,,,,,,,,,,,,,,,
"",178942,5171,-20.90866,149.4765,1,01/04/2020 09:31:38,Argos,0,573,NK,,401677267.9,01/04/2020 09:24:05,1,6,0,-123,401677267.9,149.4765,-20.90866,149.4765,-20.90866,56,3,789,3552,175,76,440,91,231,6,,,,,,,,,,,,,,,,,,,,,,,,,,,,,
"",178942,5171,-20.89805,149.55323,A,01/04/2020 09:31:38,Argos,0,241,NK,,401677265.59,01/04/2020 09:29:37,1,3,0,-123,401677265.59,149.55323,-20.89805,149.55322,-20.89805,6,3,6643,234080,188,81,4363,100,134,0,,,,,,,,,,,,,,,,,,,,,,,,,,,,,
"",178942,5171,-20.89805,149.55323,A,01/04/2020 09:31:38,Argos,0,241,NK,,401677265.59,01/04/2020 09:31:42,1,3,0,-123,401677265.59,149.55323,-20.89805,149.55322,-20.89805,6,3,6643,234080,188,81,4363,10,0,16,,,,,,,,,,,,,,,,,,,,,,,,,,,,,
"",178942,5171,-20.89805,149.55323,A,01/04/2020 09:31:38,Argos,0,241,NK,,401677265.59,01/04/2020 09:33:38,1,3,0,-123,401677265.59,149.55323,-20.89805,149.55322,-20.89805,6,3,6643,234080,188,81,4363,22,75,24,,,,,,,,,,,,,,,,,,,,,,,,,,,,,
"",178942,5171,-20.91104,149.45207,0,01/04/2020 18:55:54,Argos,0,105,NP,,401677265.82,01/04/2020 18:55:06,1,4,0,-129,401677265.82,149.45207,-20.91104,149.45207,-20.91104,58,2,6453,58671,709,130,6057,92,252,6,,,,,,,,,,,,,,,,,,,,,,,,,,,,,
"",178942,5171,-20.91104,149.45207,0,01/04/2020 18:55:54,Argos,0,105,NP,,401677265.82,01/04/2020 18:55:39,1,4,0,-129,401677265.82,149.45207,-20.91104,149.45207,-20.91104,58,2,6453,58671,709,130,6057,107,133,0,,,,,,,,,,,,,,,,,,,,,,,,,,,,,
"",178942,5171,-20.91104,149.45207,0,01/04/2020 18:55:54,Argos,0,105,NP,,401677265.82,01/04/2020 18:56:02,1,4,0,-129,401677265.82,149.45207,-20.91104,149.45207,-20.91104,58,2,6453,58671,709,130,6057,10,0,16,,,,,,,,,,,,,,,,,,,,,,,,,,,,,
"",178942,5171,-20.91104,149.45207,0,01/04/2020 18:55:54,Argos,0,105,NP,,401677265.82,01/04/2020 18:56:51,1,4,0,-129,401677265.82,149.45207,-20.91104,149.45207,-20.91104,58,2,6453,58671,709,130,6057,22,75,24,,,,,,,,,,,,,,,,,,,,,,,,,,,,,
"",178942,5171,-20.93832,149.47475,B,01/04/2020 19:59:45,Argos,0,269,SR,,401677268.1,01/04/2020 19:57:31,1,2,0,-123,401677268.1,149.47475,-20.93832,149.47475,-20.93832,8,3,1966,29878,129,88,3069,67,80,5,,,,,,,,,,,,,,,,,,,,,,,,,,,,,
"",178942,5171,-20.93832,149.47475,B,01/04/2020 19:59:45,Argos,0,269,SR,,401677268.1,01/04/2020 20:02:00,1,2,0,-123,401677268.1,149.47475,-20.93832,149.47475,-20.93832,8,3,1966,29878,129,88,3069,88,6,7,,,,,,,,,,,,,,,,,,,,,,,,,,,,,
"",178942,5171,-20.71208,149.5705,A,01/05/2020 11:39:03,Argos,0,141,MA,,401677270.72,01/05/2020 11:37:08,1,3,3,-118,401677270.72,149.5705,-20.71208,149.5705,-20.71208,0,3,1052,2939,376,123,633,79,143,0,,,,,,,,,,,,,,,,,,,,,,,,,,,,,
"",178942,5171,-20.74853,149.56352,B,01/05/2020 11:39:03,Argos,0,50,MA,,401677301.69,01/05/2020 11:38:39,1,2,2,-118,401677301.69,149.56352,-20.74853,149.56352,-20.74853,0,3,3051,15669,594,9,3003,10,0,16,,,,,,,,,,,,,,,,,,,,,,,,,,,,,
"",178942,5171,-20.74853,149.56352,B,01/05/2020 11:39:03,Argos,0,50,MA,,401677301.69,01/05/2020 11:39:29,1,2,2,-118,401677301.69,149.56352,-20.74853,149.56352,-20.74853,0,3,3051,15669,594,9,3003,22,75,24,,,,,,,,,,,,,,,,,,,,,,,,,,,,,
"",178942,5171,-20.6996,149.55822,A,01/05/2020 12:16:42,Argos,0,190,MC,,401677270.66,01/05/2020 12:13:33,1,3,2,-117,401677270.66,149.55822,-20.6996,149.55823,-20.6996,8,3,2035,22784,181,73,1409,10,0,16,,,,,,,,,,,,,,,,,,,,,,,,,,,,,
"",178942,5171,-20.6996,149.55822,A,01/05/2020 12:16:42,Argos,0,190,MC,,401677270.66,01/05/2020 12:13:48,1,3,2,-117,401677270.66,149.55822,-20.6996,149.55823,-20.6996,8,3,2035,22784,181,73,1409,22,75,24,,,,,,,,,,,,,,,,,,,,,,,,,,,,,
"",178942,5171,-20.6996,149.55822,A,01/05/2020 12:16:42,Argos,0,190,MC,,401677270.66,01/05/2020 12:16:43,1,3,2,-117,401677270.66,149.55822,-20.6996,149.55823,-20.6996,8,3,2035,22784,181,73,1409,68,74,39,,,,,,,,,,,,,,,,,,,,,,,,,,,,,
"",178942,5171,-20.69675,149.55686,B,01/05/2020 12:50:17,Argos,0,0,MB,,401677270.16,01/05/2020 12:50:18,1,1,0,-134,401677270.16,149.55686,-20.69675,149.55685,-20.69675,8,3,2430,3399,1736,72,2601,96,130,1,,,,,,,,,,,,,,,,,,,,,,,,,,,,,
"",178942,5171,-20.65933,149.53674,A,01/05/2020 19:37:39,Argos,0,116,SR,,401677265.62,01/05/2020 19:36:37,1,3,0,-130,401677265.62,149.53674,-20.65933,149.53674,-20.65933,8,3,2009,16364,246,52,5675,10,0,16,,,,,,,,,,,,,,,,,,,,,,,,,,,,,
"",178942,5171,-20.65933,149.53674,A,01/05/2020 19:37:39,Argos,0,116,SR,,401677265.62,01/05/2020 19:37:49,1,3,0,-130,401677265.62,149.53674,-20.65933,149.53674,-20.65933,8,3,2009,16364,246,52,5675,22,75,24,,,,,,,,,,,,,,,,,,,,,,,,,,,,,
"",178942,5171,-20.65933,149.53674,A,01/05/2020 19:37:39,Argos,0,116,SR,,401677265.62,01/05/2020 19:38:33,1,3,0,-130,401677265.62,149.53674,-20.65933,149.53674,-20.65933,8,3,2009,16364,246,52,5675,78,73,5,,,,,,,,,,,,,,,,,,,,,,,,,,,,,
"",178942,5171,-20.62279,149.5672,0,01/05/2020 20:20:44,Argos,0,77,NP,,401677270.63,01/05/2020 20:20:10,1,5,0,-129,401677270.63,149.5672,-20.62279,149.5672,-20.62279,58,3,3252,9333,1133,5,2187,100,134,0,,,,,,,,,,,,,,,,,,,,,,,,,,,,,
"",178942,5171,-20.62279,149.5672,0,01/05/2020 20:20:44,Argos,0,77,NP,,401677270.63,01/05/2020 20:20:26,1,5,0,-129,401677270.63,149.5672,-20.62279,149.5672,-20.62279,58,3,3252,9333,1133,5,2187,10,2,16,,,,,,,,,,,,,,,,,,,,,,,,,,,,,
"",178942,5171,-20.62279,149.5672,0,01/05/2020 20:20:44,Argos,0,77,NP,,401677270.63,01/05/2020 20:20:42,1,5,0,-129,401677270.63,149.5672,-20.62279,149.5672,-20.62279,58,3,3252,9333,1133,5,2187,22,75,24,,,,,,,,,,,,,,,,,,,,,,,,,,,,,
"",178942,5171,-20.62279,149.5672,0,01/05/2020 20:20:44,Argos,0,77,NP,,401677270.63,01/05/2020 20:20:57,1,5,0,-129,401677270.63,149.5672,-20.62279,149.5672,-20.62279,58,3,3252,9333,1133,5,2187,68,75,5,,,,,,,,,,,,,,,,,,,,,,,,,,,,,
"",178942,5171,-20.62279,149.5672,0,01/05/2020 20:20:44,Argos,0,77,NP,,401677270.63,01/05/2020 20:21:27,1,5,0,-129,401677270.63,149.5672,-20.62279,149.5672,-20.62279,58,3,3252,9333,1133,5,2187,110,132,0,,,,,,,,,,,,,,,,,,,,,,,,,,,,,
"",178942,5171,-20.61939,149.56418,A,01/05/2020 21:08:09,Argos,0,88,MA,,401677267.96,01/05/2020 21:07:27,1,3,0,-130,401677267.96,149.56418,-20.61939,149.56418,-20.61939,8,3,2532,6214,1031,153,2645,68,75,13,,,,,,,,,,,,,,,,,,,,,,,,,,,,,
"",178942,5171,-20.61344,149.58166,A,01/05/2020 21:08:09,Argos,0,86,SR,,401677271.64,01/05/2020 21:07:28,1,3,0,-131,401677271.64,149.58166,-20.61344,149.58167,-20.61344,8,3,2391,7104,804,63,2271,68,75,5,,,,,,,,,,,,,,,,,,,,,,,,,,,,,
"",178942,5171,-20.61344,149.58166,A,01/05/2020 21:08:09,Argos,0,86,SR,,401677271.64,01/05/2020 21:08:05,1,3,0,-131,401677271.64,149.58166,-20.61344,149.58167,-20.61344,8,3,2391,7104,804,63,2271,86,79,7,,,,,,,,,,,,,,,,,,,,,,,,,,,,,
"",178942,5171,-20.61939,149.56418,A,01/05/2020 21:08:09,Argos,0,88,MA,,401677267.96,01/05/2020 21:08:05,1,3,0,-130,401677267.96,149.56418,-20.61939,149.56418,-20.61939,8,3,2532,6214,1031,153,2645,86,79,7,,,,,,,,,,,,,,,,,,,,,,,,,,,,,
"",178942,5171,-20.61344,149.58166,A,01/05/2020 21:08:09,Argos,0,86,SR,,401677271.64,01/05/2020 21:08:55,1,3,0,-131,401677271.64,149.58166,-20.61344,149.58167,-20.61344,8,3,2391,7104,804,63,2271,100,134,0,,,,,,,,,,,,,,,,,,,,,,,,,,,,,
"",178942,5171,-20.61939,149.56418,A,01/05/2020 21:08:09,Argos,0,88,MA,,401677267.96,01/05/2020 21:08:55,1,3,0,-130,401677267.96,149.56418,-20.61939,149.56418,-20.61939,8,3,2532,6214,1031,153,2645,100,134,0,,,,,,,,,,,,,,,,,,,,,,,,,,,,,
"",178942,5171,-20.45387,149.72186,B,01/06/2020 06:36:24,Argos,0,0,SR,,401677275.9,01/06/2020 06:36:24,1,1,0,-134,401677275.9,149.72186,-20.45387,149.72186,-20.45387,8,3,8935,13900,5743,78,8297,10,0,16,,,,,,,,,,,,,,,,,,,,,,,,,,,,,
"",178942,5171,,,,,,,0,NP,,401650000,01/06/2020 07:10:21,1,1,,,401650000,,,,,,,,,,,,64,79,5,,,,,,,,,,,,,,,,,,,,,,,,,,,,,
"",178942,5171,-20.38531,149.71157,B,01/06/2020 08:50:24,Argos,0,0,NP,,401677305.92,01/06/2020 08:50:25,1,1,0,-133,401677305.92,149.71157,-20.38531,149.71156,-20.38531,7,3,20222,138987,2942,60,24942,10,0,16,,,,,,,,,,,,,,,,,,,,,,,,,,,,,
"",178942,5171,-20.4783,149.49555,B,01/06/2020 10:22:44,Argos,0,0,NK,,401677259.25,01/06/2020 10:22:44,1,1,0,-133,401677259.25,149.49555,-20.4783,149.49554,-20.4783,8,3,7136,12702,4008,52,9197,11,26,225,,,,,,,,,,,,,,,,,,,,,,,,,,,,,
"",178942,5171,-20.57797,149.34942,1,01/06/2020 20:08:28,Argos,0,179,NP,,401677271.27,01/06/2020 20:07:51,1,4,0,-126,401677271.27,149.34942,-20.57797,149.34943,-20.57797,58,3,991,2951,332,30,837,88,152,7,,,,,,,,,,,,,,,,,,,,,,,,,,,,,
"",178942,5171,-20.57797,149.34942,1,01/06/2020 20:08:28,Argos,0,179,NP,,401677271.27,01/06/2020 20:09:07,1,4,0,-126,401677271.27,149.34942,-20.57797,149.34943,-20.57797,58,3,991,2951,332,30,837,100,134,0,,,,,,,,,,,,,,,,,,,,,,,,,,,,,
"",178942,5171,-20.57797,149.34942,1,01/06/2020 20:08:28,Argos,0,179,NP,,401677271.27,01/06/2020 20:09:57,2,4,0,-126,401677271.27,149.34942,-20.57797,149.34943,-20.57797,58,3,991,2951,332,30,837,22,75,24,,,,,,,,,,,,,,,,,,,,,,,,,,,,,
"",178942,5171,-20.57867,149.33842,B,01/06/2020 20:35:36,Argos,0,0,SR,,401677270.95,01/06/2020 20:35:37,1,1,0,-135,401677270.95,149.33842,-20.57867,149.33842,-20.57867,6,3,1817,2012,1640,45,2180,10,1,217,,,,,,,,,,,,,,,,,,,,,,,,,,,,,
"",178942,5171,-20.61799,149.15005,B,01/07/2020 07:07:07,Argos,0,0,NP,,401677220.04,01/07/2020 07:07:08,1,1,0,-135,401677220.04,149.15005,-20.61799,149.15005,-20.61799,8,3,6528,7087,6013,49,9593,100,134,0,,,,,,,,,,,,,,,,,,,,,,,,,,,,,
"",178942,5171,-20.77558,149.2019,B,01/07/2020 20:09:43,Argos,0,186,SR,,401677239.21,01/07/2020 20:09:44,1,2,0,-123,401677239.21,149.2019,-20.77558,149.2019,-20.77558,0,3,19099,232010,1572,86,27275,74,143,98,,,,,,,,,,,,,,,,,,,,,,,,,,,,,
"",178942,5171,-20.77558,149.2019,B,01/07/2020 20:09:43,Argos,0,186,SR,,401677239.21,01/07/2020 20:12:50,1,2,0,-123,401677239.21,149.2019,-20.77558,149.2019,-20.77558,0,3,19099,232010,1572,86,27275,100,134,0,,,,,,,,,,,,,,,,,,,,,,,,,,,,,
"",178942,5171,,,,,,,0,NP,,401650000,01/09/2020 08:15:25,1,1,0,-131,401650000,,,,,,,,,,,,71,84,165,,,,,,,,,,,,,,,,,,,,,,,,,,,,,
"",178942,5171,,,,,,,0,SR,,401650000,01/09/2020 08:26:46,1,1,0,-129,401650000,,,,,,,,,,,,110,132,0,,,,,,,,,,,,,,,,,,,,,,,,,,,,,
"",178942,5171,,,,,,,0,NK,,401650000,01/09/2020 08:58:19,1,1,0,-130,401650000,,,,,,,,,,,,22,75,24,,,,,,,,,,,,,,,,,,,,,,,,,,,,,
"",178942,5171,,,,,,,0,MA,,401650000,01/09/2020 11:54:36,1,1,0,-124,401650000,,,,,,,,,,,,96,130,0,,,,,,,,,,,,,,,,,,,,,,,,,,,,,
"",178942,5171,,,,,,,0,MC,,401650000,01/10/2020 12:09:36,1,1,0,-121,401650000,,,,,,,,,,,,10,0,16,,,,,,,,,,,,,,,,,,,,,,,,,,,,,
"",178942,5171,,,,,,,0,NP,,401650000,01/11/2020 06:12:11,1,1,0,-136,401650000,,,,,,,,,,,,10,0,16,,,,,,,,,,,,,,,,,,,,,,,,,,,,,
"",178942,5171,-20.92503,149.50816,0,01/12/2020 10:56:15,Argos,0,49,MA,,401677270.08,01/12/2020 10:55:51,1,4,2,-119,401677270.08,149.50816,-20.92503,149.50816,-20.92503,50,2,10508,389489,283,71,11106,72,87,5,,,,,,,,,,,,,,,,,,,,,,,,,,,,,
"",178942,5171,-20.92503,149.50816,0,01/12/2020 10:56:15,Argos,0,49,MA,,401677270.08,01/12/2020 10:56:06,1,4,2,-119,401677270.08,149.50816,-20.92503,149.50816,-20.92503,50,2,10508,389489,283,71,11106,91,115,8,,,,,,,,,,,,,,,,,,,,,,,,,,,,,
"",178942,5171,-20.92503,149.50816,0,01/12/2020 10:56:15,Argos,0,49,MA,,401677270.08,01/12/2020 10:56:23,1,4,2,-119,401677270.08,149.50816,-20.92503,149.50816,-20.92503,50,2,10508,389489,283,71,11106,107,133,0,,,,,,,,,,,,,,,,,,,,,,,,,,,,,
"",178942,5171,-20.92503,149.50816,0,01/12/2020 10:56:15,Argos,0,49,MA,,401677270.08,01/12/2020 10:56:40,1,4,2,-119,401677270.08,149.50816,-20.92503,149.50816,-20.92503,50,2,10508,389489,283,71,11106,10,0,16,,,,,,,,,,,,,,,,,,,,,,,,,,,,,
"",178942,5171,-20.95609,149.43745,B,01/12/2020 13:07:01,Argos,0,0,MC,,401677255.54,01/12/2020 13:07:02,1,1,0,-129,401677255.54,149.43745,-20.95609,149.43745,-20.95609,8,3,6973,26531,1832,75,10332,76,83,5,,,,,,,,,,,,,,,,,,,,,,,,,,,,,
"",178942,5171,-20.99173,149.31807,B,01/12/2020 18:57:04,Argos,0,0,NP,,401677249.98,01/12/2020 18:57:04,1,1,0,-129,401677249.98,149.31807,-20.99173,149.31807,-20.99173,8,3,6857,24883,1889,80,12407,72,87,5,,,,,,,,,,,,,,,,,,,,,,,,,,,,,
"",178942,5171,,,,,,,0,NK,,401650000,01/14/2020 10:19:50,1,1,0,-124,401650000,,,,,,,,,,,,90,167,8,,,,,,,,,,,,,,,,,,,,,,,,,,,,,
"",178942,5171,,,,,,,0,SR,,401650000,01/17/2020 21:35:08,1,1,0,-131,401650000,,,,,,,,,,,,110,132,0,,,,,,,,,,,,,,,,,,,,,,,,,,,,,
"",178942,5171,,,,,,,0,NN,,401650000,01/17/2020 21:35:08,1,1,0,-133,401650000,,,,,,,,,,,,110,132,0,,,,,,,,,,,,,,,,,,,,,,,,,,,,,
"",178942,5171,,,,,,,0,NN,,401650000,01/17/2020 23:11:08,1,1,0,-135,401650000,,,,,,,,,,,,22,75,24,,,,,,,,,,,,,,,,,,,,,,,,,,,,,
"",178942,5171,,,,,,,0,MA,,401650000,01/17/2020 23:39:07,1,1,0,-127,401650000,,,,,,,,,,,,82,240,8,,,,,,,,,,,,,,,,,,,,,,,,,,,,,
"",178942,5171,,,,,,,0,MC,,401650000,01/18/2020 00:14:31,1,1,0,-123,401650000,,,,,,,,,,,,22,75,24,,,,,,,,,,,,,,,,,,,,,,,,,,,,,
"",178942,5171,-20.69083,150.0093,0,01/18/2020 07:07:35,Argos,0,146,SR,,401677262.29,01/18/2020 07:06:17,1,8,0,-126,401677262.29,150.0093,-20.69083,150.0093,-20.69083,50,3,1604,19060,134,116,1552,76,115,5,,,,,,,,,,,,,,,,,,,,,,,,,,,,,
"",178942,5171,-20.69083,150.0093,0,01/18/2020 07:07:35,Argos,0,146,SR,,401677262.29,01/18/2020 07:06:37,1,8,0,-126,401677262.29,150.0093,-20.69083,150.0093,-20.69083,50,3,1604,19060,134,116,1552,87,15,9,,,,,,,,,,,,,,,,,,,,,,,,,,,,,
"",178942,5171,-20.69083,150.0093,0,01/18/2020 07:07:35,Argos,0,146,SR,,401677262.29,01/18/2020 07:07:10,1,8,0,-126,401677262.29,150.0093,-20.69083,150.0093,-20.69083,50,3,1604,19060,134,116,1552,100,134,0,,,,,,,,,,,,,,,,,,,,,,,,,,,,,
"",178942,5171,-20.69083,150.0093,0,01/18/2020 07:07:35,Argos,0,146,SR,,401677262.29,01/18/2020 07:07:32,1,8,0,-126,401677262.29,150.0093,-20.69083,150.0093,-20.69083,50,3,1604,19060,134,116,1552,10,0,16,,,,,,,,,,,,,,,,,,,,,,,,,,,,,
"",178942,5171,-20.69083,150.0093,0,01/18/2020 07:07:35,Argos,0,146,SR,,401677262.29,01/18/2020 07:07:46,1,8,0,-126,401677262.29,150.0093,-20.69083,150.0093,-20.69083,50,3,1604,19060,134,116,1552,22,75,24,,,,,,,,,,,,,,,,,,,,,,,,,,,,,
"",178942,5171,-20.69083,150.0093,0,01/18/2020 07:07:35,Argos,0,146,SR,,401677262.29,01/18/2020 07:08:13,1,8,0,-126,401677262.29,150.0093,-20.69083,150.0093,-20.69083,50,3,1604,19060,134,116,1552,66,117,5,,,,,,,,,,,,,,,,,,,,,,,,,,,,,
"",178942,5171,-20.69083,150.0093,0,01/18/2020 07:07:35,Argos,0,146,SR,,401677262.29,01/18/2020 07:08:28,1,8,0,-126,401677262.29,150.0093,-20.69083,150.0093,-20.69083,50,3,1604,19060,134,116,1552,80,20,9,,,,,,,,,,,,,,,,,,,,,,,,,,,,,
"",178942,5171,-20.69083,150.0093,0,01/18/2020 07:07:35,Argos,0,146,SR,,401677262.29,01/18/2020 07:08:43,1,8,0,-126,401677262.29,150.0093,-20.69083,150.0093,-20.69083,50,3,1604,19060,134,116,1552,107,133,0,,,,,,,,,,,,,,,,,,,,,,,,,,,,,
"",178942,5171,,,,,,,0,MA,,401650000,01/20/2020 09:45:50,1,1,0,-129,401650000,,,,,,,,,,,,89,144,131,220,168,122,255,26,58,38,220,151,70,34,189,119,60,87,250,110,0,130,128,,,,,,,,,
"",178942,5171,,,,,,,0,NP,,401650000,01/20/2020 19:12:07,1,1,0,-133,401650000,,,,,,,,,,,,98,128,0,,,,,,,,,,,,,,,,,,,,,,,,,,,,,
"",178942,5171,-18.74625,147.47437,Z,01/20/2020 20:33:30,Argos,0,43,NK,,401678245.44,01/20/2020 20:33:08,1,2,0,-123,401678245.44,147.47437,-18.74625,147.47437,-18.74625,31,1,5033,79817,317,110,4885,94,140,9,,,,,,,,,,,,,,,,,,,,,,,,,,,,,
"",178942,5171,-18.74625,147.47437,Z,01/20/2020 20:33:30,Argos,0,43,NK,,401678245.44,01/20/2020 20:33:52,1,2,0,-123,401678245.44,147.47437,-18.74625,147.47437,-18.74625,31,1,5033,79817,317,110,4885,106,128,0,,,,,,,,,,,,,,,,,,,,,,,,,,,,,
"",178942,5171,,,,,,,0,MC,,401650000,01/20/2020 21:31:50,1,1,0,-133,401650000,,,,,,,,,,,,103,26,164,,,,,,,,,,,,,,,,,,,,,,,,,,,,,
"",178942,5171,-19.68462,150.34413,A,01/21/2020 19:28:29,Argos,0,115,SR,,401677390.98,01/21/2020 19:27:43,1,3,0,-132,401677390.98,150.34413,-19.68462,150.34413,-19.68462,0,3,52988,949277,2957,112,11752,10,0,16,,,,,,,,,,,,,,,,,,,,,,,,,,,,,
"",178942,5171,-19.68462,150.34413,A,01/21/2020 19:28:29,Argos,0,115,SR,,401677390.98,01/21/2020 19:28:07,1,3,0,-132,401677390.98,150.34413,-19.68462,150.34413,-19.68462,0,3,52988,949277,2957,112,11752,74,208,131,220,168,122,255,26,58,205,193,219,20,19,155,12,1,167,30,214,128,255,128,,,,,,,,,
"",178942,5171,-19.68462,150.34413,A,01/21/2020 19:28:29,Argos,0,115,SR,,401677390.98,01/21/2020 19:29:38,1,3,0,-132,401677390.98,150.34413,-19.68462,150.34413,-19.68462,0,3,52988,949277,2957,112,11752,81,208,9,,,,,,,,,,,,,,,,,,,,,,,,,,,,,
"",178942,5171,-19.95356,151.30643,B,01/22/2020 10:10:21,Argos,0,0,NK,,401677114.41,01/22/2020 10:10:21,1,1,0,-133,401677114.41,151.30643,-19.95356,151.30643,-19.95356,0,3,131012,176643,97168,49,10006,67,112,5,,,,,,,,,,,,,,,,,,,,,,,,,,,,,
"",178942,5171,-20.74465,150.11762,B,01/22/2020 10:46:50,Argos,0,0,MA,,401677215.14,01/22/2020 10:46:51,1,1,1,-118,401677215.14,150.11762,-20.74465,150.11761,-20.74465,0,3,125575,513752,30693,54,4208,107,133,0,,,,,,,,,,,,,,,,,,,,,,,,,,,,,
"",178942,5171,-20.49268,151.68375,B,01/22/2020 18:59:16,Argos,0,16,SR,,401677258.34,01/22/2020 18:59:08,1,2,0,-133,401677258.34,151.68375,-20.49268,151.68375,-20.49268,7,3,62038,144962,26549,91,7379,77,102,5,,,,,,,,,,,,,,,,,,,,,,,,,,,,,
"",178942,5171,-20.49268,151.68375,B,01/22/2020 18:59:16,Argos,0,16,SR,,401677258.34,01/22/2020 18:59:25,1,2,0,-133,401677258.34,151.68375,-20.49268,151.68375,-20.49268,7,3,62038,144962,26549,91,7379,88,45,10,,,,,,,,,,,,,,,,,,,,,,,,,,,,,
"",178942,5171,-20.58515,151.76265,A,01/23/2020 07:12:47,Argos,0,158,NP,,401677294.94,01/23/2020 07:11:16,1,3,0,-132,401677294.94,151.76265,-20.58515,151.76265,-20.58515,0,3,17411,273454,1108,92,3747,89,31,248,,,,,,,,,,,,,,,,,,,,,,,,,,,,,
"",178942,5171,-20.58515,151.76265,A,01/23/2020 07:12:47,Argos,0,158,NP,,401677294.94,01/23/2020 07:13:13,1,3,0,-132,401677294.94,151.76265,-20.58515,151.76265,-20.58515,0,3,17411,273454,1108,92,3747,10,0,16,,,,,,,,,,,,,,,,,,,,,,,,,,,,,
"",178942,5171,-20.58515,151.76265,A,01/23/2020 07:12:47,Argos,0,158,NP,,401677294.94,01/23/2020 07:13:54,1,3,0,-132,401677294.94,151.76265,-20.58515,151.76265,-20.58515,0,3,17411,273454,1108,92,3747,22,75,24,,,,,,,,,,,,,,,,,,,,,,,,,,,,,
"",178942,5171,-20.63054,151.78252,B,01/23/2020 10:29:32,Argos,0,0,MA,,401677315.9,01/23/2020 10:29:33,1,1,0,-127,401677315.9,151.78252,-20.63054,151.78252,-20.63054,8,3,9483,12809,7020,77,5884,100,134,0,,,,,,,,,,,,,,,,,,,,,,,,,,,,,
"",178942,5171,-20.58346,151.80712,B,01/23/2020 12:38:19,Argos,0,0,MC,,401677327.81,01/23/2020 12:38:20,1,1,0,-123,401677327.81,151.80712,-20.58346,151.80711,-20.58346,8,3,10603,18785,5984,135,9296,101,131,0,,,,,,,,,,,,,,,,,,,,,,,,,,,,,
"",178942,5171,-20.58692,151.9245,B,01/23/2020 21:41:15,Argos,0,0,MA,,401677285.09,01/23/2020 21:41:15,1,1,0,-126,401677285.09,151.9245,-20.58692,151.9245,-20.58692,8,3,11315,22247,5755,117,12149,110,132,0,,,,,,,,,,,,,,,,,,,,,,,,,,,,,
"",178942,5171,-19.8906,152.49748,A,01/25/2020 19:10:14,Argos,0,0,SR,,401650000,01/25/2020 19:06:36,1,1,0,-136,401650000,152.49748,-19.8906,152.49748,-19.8906,0,3,15568,99003,2448,17,1499,22,75,24,,,,,,,,,,,,,,,,,,,,,,,,,,,,,
"",178942,5171,-19.8906,152.49748,A,01/25/2020 19:10:14,Argos,0,0,SR,,401650000,01/25/2020 19:10:04,1,1,0,-136,401650000,152.49748,-19.8906,152.49748,-19.8906,0,3,15568,99003,2448,17,1499,107,133,0,,,,,,,,,,,,,,,,,,,,,,,,,,,,,
"",178942,5171,-19.8906,152.49748,A,01/25/2020 19:10:14,Argos,0,0,SR,,401650000,01/25/2020 19:10:25,1,1,0,-136,401650000,152.49748,-19.8906,152.49748,-19.8906,0,3,15568,99003,2448,17,1499,10,6,199,,,,,,,,,,,,,,,,,,,,,,,,,,,,,
"",178942,5171,-19.54171,152.62363,A,01/26/2020 07:55:05,Argos,0,38,SR,,401677309.99,01/26/2020 07:54:27,1,3,0,-120,401677309.99,152.62363,-19.54171,152.62363,-19.54171,0,3,24579,226514,2667,119,3577,70,46,5,,,,,,,,,,,,,,,,,,,,,,,,,,,,,
"",178942,5171,-19.54171,152.62363,A,01/26/2020 07:55:05,Argos,0,38,SR,,401677309.99,01/26/2020 07:54:42,1,3,0,-120,401677309.99,152.62363,-19.54171,152.62363,-19.54171,0,3,24579,226514,2667,119,3577,84,65,11,,,,,,,,,,,,,,,,,,,,,,,,,,,,,
"",178942,5171,-19.54171,152.62363,A,01/26/2020 07:55:05,Argos,0,38,SR,,401677309.99,01/26/2020 07:55:05,1,3,0,-120,401677309.99,152.62363,-19.54171,152.62363,-19.54171,0,3,24579,226514,2667,119,3577,107,133,0,,,,,,,,,,,,,,,,,,,,,,,,,,,,,
"",178942,5171,-19.51251,152.65716,B,01/26/2020 11:02:57,Argos,0,0,MA,,401677314.09,01/26/2020 11:02:57,1,1,0,-126,401677314.09,152.65716,-19.51251,152.65717,-19.51251,8,3,28408,41359,19512,67,4886,22,75,24,,,,,,,,,,,,,,,,,,,,,,,,,,,,,
"",178942,5171,-19.47214,152.70085,0,01/26/2020 11:34:25,Argos,0,50,MC,,401677313.54,01/26/2020 11:34:01,1,4,2,-119,401677313.54,152.70085,-19.47214,152.70085,-19.47214,58,3,2791,14749,528,84,3642,22,75,24,,,,,,,,,,,,,,,,,,,,,,,,,,,,,
"",178942,5171,-19.47214,152.70085,0,01/26/2020 11:34:25,Argos,0,50,MC,,401677313.54,01/26/2020 11:34:17,1,4,2,-119,401677313.54,152.70085,-19.47214,152.70085,-19.47214,58,3,2791,14749,528,84,3642,64,95,5,,,,,,,,,,,,,,,,,,,,,,,,,,,,,
"",178942,5171,-19.47214,152.70085,0,01/26/2020 11:34:25,Argos,0,50,MC,,401677313.54,01/26/2020 11:34:32,1,4,2,-119,401677313.54,152.70085,-19.47214,152.70085,-19.47214,58,3,2791,14749,528,84,3642,86,91,11,,,,,,,,,,,,,,,,,,,,,,,,,,,,,
"",178942,5171,-19.47214,152.70085,0,01/26/2020 11:34:25,Argos,0,50,MC,,401677313.54,01/26/2020 11:34:51,1,4,2,-119,401677313.54,152.70085,-19.47214,152.70085,-19.47214,58,3,2791,14749,528,84,3642,100,134,0,,,,,,,,,,,,,,,,,,,,,,,,,,,,,
"",178942,5171,-19.10883,153.35465,B,01/27/2020 09:54:45,Argos,0,133,NK,,401677227.08,01/27/2020 09:53:39,1,2,0,-129,401677227.08,153.35465,-19.10883,153.35464,-19.10883,0,2,11425,196327,664,96,9514,75,104,5,,,,,,,,,,,,,,,,,,,,,,,,,,,,,
"",178942,5171,-19.10883,153.35465,B,01/27/2020 09:54:45,Argos,0,133,NK,,401677227.08,01/27/2020 09:55:52,1,2,0,-129,401677227.08,153.35465,-19.10883,153.35464,-19.10883,0,2,11425,196327,664,96,9514,78,105,5,,,,,,,,,,,,,,,,,,,,,,,,,,,,,
"",178942,5171,-19.40014,152.78662,B,01/27/2020 09:56:10,Argos,0,0,NN,,401677348.74,01/27/2020 09:56:11,1,1,0,-137,401677348.74,152.78662,-19.40014,152.78662,-19.40014,0,2,6935,9413,5108,125,12847,90,201,11,,,,,,,,,,,,,,,,,,,,,,,,,,,,,
"",178942,5171,-18.90765,152.58762,1,01/27/2020 19:20:01,Argos,0,0,NP,,401677336.38,01/27/2020 19:20:01,1,1,0,-130,401677336.38,152.58762,-18.90765,152.58762,-18.90765,48,3,1339,5040,355,100,243,66,101,5,,,,,,,,,,,,,,,,,,,,,,,,,,,,,
"",178942,5171,-19.2017,153.09155,B,01/27/2020 19:20:01,Argos,0,0,NK,,401677287.83,01/27/2020 19:20:01,1,1,0,-133,401677287.83,153.09155,-19.2017,153.09155,-19.2017,8,3,21619,46900,9965,117,10385,66,101,5,,,,,,,,,,,,,,,,,,,,,,,,,,,,,
"",178942,5171,-18.90765,152.58762,1,01/27/2020 19:20:01,Argos,0,0,NP,,401677336.38,01/27/2020 19:24:16,1,1,0,-130,401677336.38,152.58762,-18.90765,152.58762,-18.90765,48,3,1339,5040,355,100,243,87,44,12,,,,,,,,,,,,,,,,,,,,,,,,,,,,,
"",178942,5171,-18.90765,152.58762,1,01/27/2020 19:20:01,Argos,0,0,NP,,401677336.38,01/27/2020 19:24:44,1,1,0,-130,401677336.38,152.58762,-18.90765,152.58762,-18.90765,48,3,1339,5040,355,100,243,111,129,0,,,,,,,,,,,,,,,,,,,,,,,,,,,,,
"",178942,5171,-18.90765,152.58762,1,01/27/2020 19:20:01,Argos,0,0,NP,,401677336.38,01/27/2020 19:25:20,2,1,0,-130,401677336.38,152.58762,-18.90765,152.58762,-18.90765,48,3,1339,5040,355,100,243,10,0,16,,,,,,,,,,,,,,,,,,,,,,,,,,,,,
"",178942,5171,-18.90765,152.58762,1,01/27/2020 19:20:01,Argos,0,0,NP,,401677336.38,01/27/2020 19:29:49,1,1,0,-130,401677336.38,152.58762,-18.90765,152.58762,-18.90765,48,3,1339,5040,355,100,243,10,0,0,,,,,,,,,,,,,,,,,,,,,,,,,,,,,
"",178942,5171,-18.90765,152.58762,1,01/27/2020 19:20:01,Argos,0,0,NP,,401677336.38,01/27/2020 19:30:26,1,1,0,-130,401677336.38,152.58762,-18.90765,152.58762,-18.90765,48,3,1339,5040,355,100,243,22,75,24,,,,,,,,,,,,,,,,,,,,,,,,,,,,,
"",178942,5171,-18.87676,152.5527,A,01/27/2020 20:56:05,Argos,0,0,NK,,401677305.54,01/27/2020 20:56:05,1,1,0,-132,401677305.54,152.5527,-18.87676,152.5527,-18.87676,8,3,2729,15795,471,88,658,10,0,16,,,,,,,,,,,,,,,,,,,,,,,,,,,,,
"",178942,5171,-18.87676,152.5527,A,01/27/2020 20:56:05,Argos,0,0,NK,,401677305.54,01/27/2020 20:57:55,1,1,0,-132,401677305.54,152.5527,-18.87676,152.5527,-18.87676,8,3,2729,15795,471,88,658,22,75,24,,,,,,,,,,,,,,,,,,,,,,,,,,,,,
"",178942,5171,-18.87676,152.5527,A,01/27/2020 20:56:05,Argos,0,0,NK,,401677305.54,01/27/2020 20:58:38,1,1,0,-132,401677305.54,152.5527,-18.87676,152.5527,-18.87676,8,3,2729,15795,471,88,658,69,110,5,,,,,,,,,,,,,,,,,,,,,,,,,,,,,
"",178942,5171,-18.80617,152.52858,B,01/28/2020 00:05:56,Argos,0,37,MC,,401677285.86,01/28/2020 00:05:38,1,2,0,-125,401677285.86,152.52858,-18.80617,152.52858,-18.80617,8,3,1325,3978,441,107,3734,22,75,24,,,,,,,,,,,,,,,,,,,,,,,,,,,,,
"",178942,5171,-18.80617,152.52858,B,01/28/2020 00:05:56,Argos,0,37,MC,,401677285.86,01/28/2020 00:06:15,1,2,0,-125,401677285.86,152.52858,-18.80617,152.52858,-18.80617,8,3,1325,3978,441,107,3734,66,117,5,,,,,,,,,,,,,,,,,,,,,,,,,,,,,
"",178942,5171,-18.66199,152.4481,2,01/28/2020 06:53:46,Argos,0,432,SR,,401677303.06,01/28/2020 06:49:16,1,9,0,-131,401677303.06,152.4481,-18.66199,152.4481,-18.66199,58,3,411,621,272,73,202,86,216,12,,,,,,,,,,,,,,,,,,,,,,,,,,,,,
"",178942,5171,-18.66199,152.4481,2,01/28/2020 06:53:46,Argos,0,432,SR,,401677303.06,01/28/2020 06:50:16,1,9,0,-131,401677303.06,152.4481,-18.66199,152.4481,-18.66199,58,3,411,621,272,73,202,22,75,24,,,,,,,,,,,,,,,,,,,,,,,,,,,,,
"",178942,5171,-18.66199,152.4481,2,01/28/2020 06:53:46,Argos,0,432,SR,,401677303.06,01/28/2020 06:50:41,1,9,0,-131,401677303.06,152.4481,-18.66199,152.4481,-18.66199,58,3,411,621,272,73,202,74,109,5,,,,,,,,,,,,,,,,,,,,,,,,,,,,,
"",178942,5171,-18.66199,152.4481,2,01/28/2020 06:53:46,Argos,0,432,SR,,401677303.06,01/28/2020 06:50:57,1,9,0,-131,401677303.06,152.4481,-18.66199,152.4481,-18.66199,58,3,411,621,272,73,202,87,221,12,,,,,,,,,,,,,,,,,,,,,,,,,,,,,
"",178942,5171,-18.66199,152.4481,2,01/28/2020 06:53:46,Argos,0,432,SR,,401677303.06,01/28/2020 06:51:28,1,9,0,-131,401677303.06,152.4481,-18.66199,152.4481,-18.66199,58,3,411,621,272,73,202,107,133,14,,,,,,,,,,,,,,,,,,,,,,,,,,,,,
"",178942,5171,-18.66199,152.4481,2,01/28/2020 06:53:46,Argos,0,432,SR,,401677303.06,01/28/2020 06:51:44,1,9,0,-131,401677303.06,152.4481,-18.66199,152.4481,-18.66199,58,3,411,621,272,73,202,10,0,31,,,,,,,,,,,,,,,,,,,,,,,,,,,,,
"",178942,5171,-18.66199,152.4481,2,01/28/2020 06:53:46,Argos,0,432,SR,,401677303.06,01/28/2020 06:52:40,1,9,0,-131,401677303.06,152.4481,-18.66199,152.4481,-18.66199,58,3,411,621,272,73,202,84,230,245,,,,,,,,,,,,,,,,,,,,,,,,,,,,,
"",178942,5171,-18.66199,152.4481,2,01/28/2020 06:53:46,Argos,0,432,SR,,401677303.06,01/28/2020 06:54:15,1,9,0,-131,401677303.06,152.4481,-18.66199,152.4481,-18.66199,58,3,411,621,272,73,202,10,0,16,,,,,,,,,,,,,,,,,,,,,,,,,,,,,
"",178942,5171,-18.66199,152.4481,2,01/28/2020 06:53:46,Argos,0,432,SR,,401677303.06,01/28/2020 06:56:28,1,9,0,-131,401677303.06,152.4481,-18.66199,152.4481,-18.66199,58,3,411,621,272,73,202,85,231,105,,,,,,,,,,,,,,,,,,,,,,,,,,,,,
"",178942,5171,-18.58213,152.42048,B,01/28/2020 10:27:27,Argos,0,0,MA,,401677301.9,01/28/2020 10:27:27,1,1,0,-125,401677301.9,152.42048,-18.58213,152.42049,-18.58213,8,3,10013,10622,9438,57,5501,22,75,24,,,,,,,,,,,,,,,,,,,,,,,,,,,,,
"",178942,5171,-18.55116,152.40918,B,01/28/2020 12:28:26,Argos,0,76,MC,,401677300.96,01/28/2020 12:27:49,1,2,0,-130,401677300.96,152.40918,-18.55116,152.40918,-18.55116,8,3,8373,40042,1750,57,5215,102,128,196,,,,,,,,,,,,,,,,,,,,,,,,,,,,,
"",178942,5171,-18.55116,152.40918,B,01/28/2020 12:28:26,Argos,0,76,MC,,401677300.96,01/28/2020 12:29:05,1,2,0,-130,401677300.96,152.40918,-18.55116,152.40918,-18.55116,8,3,8373,40042,1750,57,5215,10,0,16,,,,,,,,,,,,,,,,,,,,,,,,,,,,,
"",178942,5171,-18.53561,152.36521,0,01/28/2020 19:09:06,Argos,0,176,NP,,401677291.97,01/28/2020 19:08:20,1,9,0,-124,401677291.97,152.36521,-18.53561,152.3652,-18.53561,58,3,9290,483764,178,103,4794,97,135,0,,,,,,,,,,,,,,,,,,,,,,,,,,,,,
"",178942,5171,-18.53561,152.36521,0,01/28/2020 19:09:06,Argos,0,176,NP,,401677291.97,01/28/2020 19:09:15,1,9,0,-124,401677291.97,152.36521,-18.53561,152.3652,-18.53561,58,3,9290,483764,178,103,4794,74,109,117,,,,,,,,,,,,,,,,,,,,,,,,,,,,,
"",178942,5171,-18.53561,152.36521,0,01/28/2020 19:09:06,Argos,0,176,NP,,401677291.97,01/28/2020 19:09:30,1,9,0,-124,401677291.97,152.36521,-18.53561,152.3652,-18.53561,58,3,9290,483764,178,103,4794,95,116,13,,,,,,,,,,,,,,,,,,,,,,,,,,,,,
"",178942,5171,-18.53186,152.35017,B,01/28/2020 19:10:53,Argos,0,14,SR,,401677283.06,01/28/2020 19:10:46,1,2,0,-136,401677283.06,152.35017,-18.53186,152.35017,-18.53186,6,2,11247,207795,608,104,6689,86,121,13,,,,,,,,,,,,,,,,,,,,,,,,,,,,,
"",178942,5171,-18.53561,152.36521,0,01/28/2020 19:09:06,Argos,0,176,NP,,401677291.97,01/28/2020 19:10:46,1,9,0,-124,401677291.97,152.36521,-18.53561,152.3652,-18.53561,58,3,9290,483764,178,103,4794,82,121,141,,,,,,,,,,,,,,,,,,,,,,,,,,,,,
"",178942,5171,-18.53186,152.35017,B,01/28/2020 19:10:53,Argos,0,14,SR,,401677283.06,01/28/2020 19:11:01,1,2,0,-136,401677283.06,152.35017,-18.53186,152.35017,-18.53186,6,2,11247,207795,608,104,6689,100,134,0,,,,,,,,,,,,,,,,,,,,,,,,,,,,,
"",178942,5171,-18.53561,152.36521,0,01/28/2020 19:09:06,Argos,0,176,NP,,401677291.97,01/28/2020 19:11:01,2,9,0,-124,401677291.97,152.36521,-18.53561,152.3652,-18.53561,58,3,9290,483764,178,103,4794,100,134,0,,,,,,,,,,,,,,,,,,,,,,,,,,,,,
"",178942,5171,-18.53561,152.36521,0,01/28/2020 19:09:06,Argos,0,176,NP,,401677291.97,01/28/2020 19:11:16,3,9,0,-124,401677291.97,152.36521,-18.53561,152.3652,-18.53561,58,3,9290,483764,178,103,4794,10,0,16,,,,,,,,,,,,,,,,,,,,,,,,,,,,,
"",178942,5171,-18.2233,152.17289,B,01/29/2020 11:48:26,Argos,0,0,MA,,401677287.07,01/29/2020 11:48:26,1,1,0,-130,401677287.07,152.17289,-18.2233,152.1729,-18.2233,0,3,21066,31108,14264,108,13290,101,131,0,,,,,,,,,,,,,,,,,,,,,,,,,,,,,
"",178942,5171,-18.08871,151.91537,A,01/29/2020 19:02:56,Argos,0,164,NP,,401677289.99,01/29/2020 19:01:30,1,3,0,-125,401677289.99,151.91537,-18.08871,151.91537,-18.08871,8,3,2156,48021,96,106,3154,107,133,0,,,,,,,,,,,,,,,,,,,,,,,,,,,,,
"",178942,5171,-18.08871,151.91537,A,01/29/2020 19:02:56,Argos,0,164,NP,,401677289.99,01/29/2020 19:03:07,1,3,0,-125,401677289.99,151.91537,-18.08871,151.91537,-18.08871,8,3,2156,48021,96,106,3154,22,75,24,,,,,,,,,,,,,,,,,,,,,,,,,,,,,
"",178942,5171,-18.08871,151.91537,A,01/29/2020 19:02:56,Argos,0,164,NP,,401677289.99,01/29/2020 19:04:14,1,3,0,-125,401677289.99,151.91537,-18.08871,151.91537,-18.08871,8,3,2156,48021,96,106,3154,93,16,14,,,,,,,,,,,,,,,,,,,,,,,,,,,,,
"",178942,5171,-18.08296,151.93251,B,01/29/2020 20:08:17,Argos,0,19,NK,,401677302.98,01/29/2020 20:08:07,1,2,0,-128,401677302.98,151.93251,-18.08296,151.93251,-18.08296,8,3,1640,2135,1259,45,2431,79,108,5,,,,,,,,,,,,,,,,,,,,,,,,,,,,,
"",178942,5171,-18.08296,151.93251,B,01/29/2020 20:08:17,Argos,0,19,NK,,401677302.98,01/29/2020 20:08:27,1,2,0,-128,401677302.98,151.93251,-18.08296,151.93251,-18.08296,8,3,1640,2135,1259,45,2431,94,107,151,,,,,,,,,,,,,,,,,,,,,,,,,,,,,
"",178942,5171,-18.05224,151.81866,B,01/29/2020 22:32:03,Argos,0,26,NN,,401677302.98,01/29/2020 22:31:50,1,2,0,-129,401677302.98,151.81866,-18.05224,151.81866,-18.05224,8,3,1833,10641,315,123,3629,73,114,5,,,,,,,,,,,,,,,,,,,,,,,,,,,,,
"",178942,5171,-18.05224,151.81866,B,01/29/2020 22:32:03,Argos,0,26,NN,,401677302.98,01/29/2020 22:32:16,1,2,0,-129,401677302.98,151.81866,-18.05224,151.81866,-18.05224,8,3,1833,10641,315,123,3629,81,99,14,,,,,,,,,,,,,,,,,,,,,,,,,,,,,
"",178942,5171,-18.0831,151.86669,B,01/29/2020 22:56:59,Argos,0,0,MA,,401677282.24,01/29/2020 22:56:59,1,1,0,-129,401677282.24,151.86669,-18.0831,151.86668,-18.0831,6,3,2859,9256,883,122,4992,10,0,16,,,,,,,,,,,,,,,,,,,,,,,,,,,,,
"",178942,5171,-18.07965,151.84714,A,01/29/2020 23:25:03,Argos,0,216,MC,,401677289.65,01/29/2020 23:23:37,1,3,0,-122,401677289.65,151.84714,-18.07965,151.84714,-18.07965,6,3,2404,27844,207,90,2836,66,101,5,,,,,,,,,,,,,,,,,,,,,,,,,,,,,
"",178942,5171,-18.07965,151.84714,A,01/29/2020 23:25:03,Argos,0,216,MC,,401677289.65,01/29/2020 23:24:20,1,3,0,-122,401677289.65,151.84714,-18.07965,151.84714,-18.07965,6,3,2404,27844,207,90,2836,83,105,14,,,,,,,,,,,,,,,,,,,,,,,,,,,,,
"",178942,5171,-18.07965,151.84714,A,01/29/2020 23:25:03,Argos,0,216,MC,,401677289.65,01/29/2020 23:27:13,1,3,0,-122,401677289.65,151.84714,-18.07965,151.84714,-18.07965,6,3,2404,27844,207,90,2836,22,75,24,,,,,,,,,,,,,,,,,,,,,,,,,,,,,
"",178942,5171,-18.07071,151.80912,B,01/30/2020 00:15:38,Argos,0,171,NN,,401677289.69,01/30/2020 00:12:48,1,2,0,-133,401677289.69,151.80912,-18.07071,151.80911,-18.07071,8,3,1324,4286,408,164,2025,76,107,101,,,,,,,,,,,,,,,,,,,,,,,,,,,,,
"",178942,5171,-18.06345,151.83808,B,01/30/2020 00:15:38,Argos,0,0,NN,,401677289.99,01/30/2020 00:15:39,1,1,0,-133,401677289.99,151.83808,-18.06345,151.83807,-18.06345,8,3,3722,7921,1748,123,6499,22,74,57,,,,,,,,,,,,,,,,,,,,,,,,,,,,,
"",178942,5171,-17.92752,151.6285,B,01/30/2020 08:40:16,Argos,0,404,NK,,401677292.39,01/30/2020 08:33:33,1,2,0,-130,401677292.39,151.6285,-17.92752,151.6285,-17.92752,8,3,2050,60227,69,129,5587,10,0,16,,,,,,,,,,,,,,,,,,,,,,,,,,,,,
"",178942,5171,-17.96689,151.59703,B,01/30/2020 08:40:16,Argos,0,0,NK,,401677290.05,01/30/2020 08:40:17,1,1,0,-135,401677290.05,151.59703,-17.96689,151.59703,-17.96689,8,3,4477,4995,4012,33,8418,65,106,5,,,,,,,,,,,,,,,,,,,,,,,,,,,,,
"",178942,5171,-17.93389,151.58997,A,01/30/2020 09:41:36,Argos,0,205,MA,,401677303.88,01/30/2020 09:39:25,1,3,0,-134,401677303.88,151.58997,-17.93389,151.58997,-17.93389,8,3,2197,23433,206,25,3850,100,134,0,,,,,,,,,,,,,,,,,,,,,,,,,,,,,
"",178942,5171,-17.93389,151.58997,A,01/30/2020 09:41:36,Argos,0,205,MA,,401677303.88,01/30/2020 09:42:35,1,3,0,-134,401677303.88,151.58997,-17.93389,151.58997,-17.93389,8,3,2197,23433,206,25,3850,65,106,5,,,,,,,,,,,,,,,,,,,,,,,,,,,,,
"",178942,5171,-17.93389,151.58997,A,01/30/2020 09:41:36,Argos,0,205,MA,,401677303.88,01/30/2020 09:42:50,1,3,0,-134,401677303.88,151.58997,-17.93389,151.58997,-17.93389,8,3,2197,23433,206,25,3850,86,198,14,,,,,,,,,,,,,,,,,,,,,,,,,,,,,
"",178942,5171,-17.91869,151.5713,0,01/30/2020 10:12:58,Argos,0,102,MC,,401677293.63,01/30/2020 10:11:58,1,4,0,-130,401677293.63,151.5713,-17.91869,151.5713,-17.91869,48,3,5550,11672,2639,138,1815,10,0,16,,,,,,,,,,,,,,,,,,,,,,,,,,,,,
"",178942,5171,-17.92017,151.57339,1,01/30/2020 10:13:25,Argos,0,102,NK,,401677294.02,01/30/2020 10:11:58,1,4,0,-129,401677294.02,151.57339,-17.92017,151.5734,-17.92017,56,3,1132,2589,495,98,1087,10,0,16,,,,,,,,,,,,,,,,,,,,,,,,,,,,,
"",178942,5171,-17.91869,151.5713,0,01/30/2020 10:12:58,Argos,0,102,MC,,401677293.63,01/30/2020 10:12:51,1,4,0,-130,401677293.63,151.5713,-17.91869,151.5713,-17.91869,48,3,5550,11672,2639,138,1815,22,75,24,,,,,,,,,,,,,,,,,,,,,,,,,,,,,
"",178942,5171,-17.90619,151.57016,A,01/30/2020 10:13:25,Argos,0,29,NK,,401677287.18,01/30/2020 10:13:10,1,3,0,-130,401677287.18,151.57016,-17.90619,151.57016,-17.90619,8,3,4255,32463,557,103,12034,70,105,70,,,,,,,,,,,,,,,,,,,,,,,,,,,,,
"",178942,5171,-17.90619,151.57016,A,01/30/2020 10:13:25,Argos,0,29,NK,,401677287.18,01/30/2020 10:13:25,1,3,0,-130,401677287.18,151.57016,-17.90619,151.57016,-17.90619,8,3,4255,32463,557,103,12034,86,214,14,,,,,,,,,,,,,,,,,,,,,,,,,,,,,
"",178942,5171,-17.91869,151.5713,0,01/30/2020 10:12:58,Argos,0,102,MC,,401677293.63,01/30/2020 10:13:25,1,4,0,-130,401677293.63,151.5713,-17.91869,151.5713,-17.91869,48,3,5550,11672,2639,138,1815,86,214,14,,,,,,,,,,,,,,,,,,,,,,,,,,,,,
"",178942,5171,-17.90619,151.57016,A,01/30/2020 10:13:25,Argos,0,29,NK,,401677287.18,01/30/2020 10:13:40,1,3,0,-130,401677287.18,151.57016,-17.90619,151.57016,-17.90619,8,3,4255,32463,557,103,12034,100,134,0,,,,,,,,,,,,,,,,,,,,,,,,,,,,,
"",178942,5171,-17.91869,151.5713,0,01/30/2020 10:12:58,Argos,0,102,MC,,401677293.63,01/30/2020 10:13:40,1,4,0,-130,401677293.63,151.5713,-17.91869,151.5713,-17.91869,48,3,5550,11672,2639,138,1815,100,134,0,,,,,,,,,,,,,,,,,,,,,,,,,,,,,
"",178942,5171,-17.90014,151.54709,1,01/30/2020 11:18:04,Argos,0,142,MA,,401677292.82,01/30/2020 11:17:03,1,4,0,-124,401677292.82,151.54709,-17.90014,151.54709,-17.90014,58,3,1416,7989,250,52,2287,86,230,14,,,,,,,,,,,,,,,,,,,,,,,,,,,,,
"",178942,5171,-17.90014,151.54709,1,01/30/2020 11:18:04,Argos,0,142,MA,,401677292.82,01/30/2020 11:17:49,1,4,0,-124,401677292.82,151.54709,-17.90014,151.54709,-17.90014,58,3,1416,7989,250,52,2287,22,75,24,,,,,,,,,,,,,,,,,,,,,,,,,,,,,
"",178942,5171,-17.90014,151.54709,1,01/30/2020 11:18:04,Argos,0,142,MA,,401677292.82,01/30/2020 11:18:03,1,4,0,-124,401677292.82,151.54709,-17.90014,151.54709,-17.90014,58,3,1416,7989,250,52,2287,71,100,5,,,,,,,,,,,,,,,,,,,,,,,,,,,,,
"",178942,5171,-17.90014,151.54709,1,01/30/2020 11:18:04,Argos,0,142,MA,,401677292.82,01/30/2020 11:19:25,1,4,0,-124,401677292.82,151.54709,-17.90014,151.54709,-17.90014,58,3,1416,7989,250,52,2287,10,0,16,,,,,,,,,,,,,,,,,,,,,,,,,,,,,
"",178942,5171,-17.89329,151.11292,B,01/31/2020 08:38:11,Argos,0,138,SR,,401677262.4,01/31/2020 08:37:02,1,2,0,-131,401677262.4,151.11292,-17.89329,151.11292,-17.89329,0,3,2610,31873,213,150,4694,22,75,24,,,,,,,,,,,,,,,,,,,,,,,,,,,,,
"",178942,5171,-17.89329,151.11292,B,01/31/2020 08:38:11,Argos,0,138,SR,,401677262.4,01/31/2020 08:39:20,1,2,0,-131,401677262.4,151.11292,-17.89329,151.11292,-17.89329,0,3,2610,31873,213,150,4694,82,157,169,,,,,,,,,,,,,,,,,,,,,,,,,,,,,
"",178942,5171,-17.70422,151.16787,B,02/01/2020 07:07:55,Argos,0,0,NP,,401677355.11,02/01/2020 07:07:55,1,1,0,-138,401677355.11,151.16787,-17.70422,151.16788,-17.70422,0,3,6622,9642,4548,114,13128,86,182,15,,,,,,,,,,,,,,,,,,,,,,,,,,,,,
"",178942,5171,-17.5029,151.51473,B,02/01/2020 20:03:50,Argos,0,227,NP,,401677265.91,02/01/2020 20:03:50,1,2,0,-128,401677265.91,151.51473,-17.5029,151.51472,-17.5029,0,3,3241,46246,227,20,4641,97,135,0,,,,,,,,,,,,,,,,,,,,,,,,,,,,,
"",178942,5171,-17.5029,151.51473,B,02/01/2020 20:03:50,Argos,0,227,NP,,401677265.91,02/01/2020 20:07:37,1,2,0,-128,401677265.91,151.51473,-17.5029,151.51472,-17.5029,0,3,3241,46246,227,20,4641,66,101,5,,,,,,,,,,,,,,,,,,,,,,,,,,,,,
"",178942,5171,-17.33845,151.64349,A,02/02/2020 06:54:09,Argos,0,29,NP,,401677313.03,02/02/2020 06:53:54,1,2,0,-140,401677313.03,151.64349,-17.33845,151.6435,-17.33845,8,3,7539,293155,193,64,4737,10,8,16,,,,,,,,,,,,,,,,,,,,,,,,,,,,,
"",178942,5171,-17.33845,151.64349,A,02/02/2020 06:54:09,Argos,0,29,NP,,401677313.03,02/02/2020 06:54:24,1,2,0,-140,401677313.03,151.64349,-17.33845,151.6435,-17.33845,8,3,7539,293155,193,64,4737,65,106,5,,,,,,,,,,,,,,,,,,,,,,,,,,,,,
"",178942,5171,-17.33845,151.64349,A,02/02/2020 06:54:09,Argos,0,29,NP,,401677313.03,02/02/2020 07:00:52,1,2,0,-140,401677313.03,151.64349,-17.33845,151.6435,-17.33845,8,3,7539,293155,193,64,4737,10,158,59,,,,,,,,,,,,,,,,,,,,,,,,,,,,,
"",178942,5171,-17.2759,151.74735,0,02/02/2020 08:37:41,Argos,0,111,NP,,401677293.49,02/02/2020 08:36:46,1,4,0,-129,401677293.49,151.74735,-17.2759,151.74734,-17.2759,48,3,12660,83302,1924,76,3735,77,102,5,,,,,,,,,,,,,,,,,,,,,,,,,,,,,
"",178942,5171,-17.2759,151.74735,0,02/02/2020 08:37:41,Argos,0,111,NP,,401677293.49,02/02/2020 08:37:34,1,4,0,-129,401677293.49,151.74735,-17.2759,151.74734,-17.2759,48,3,12660,83302,1924,76,3735,10,0,16,,,,,,,,,,,,,,,,,,,,,,,,,,,,,
"",178942,5171,-17.2759,151.74735,0,02/02/2020 08:37:41,Argos,0,111,NP,,401677293.49,02/02/2020 08:37:49,1,4,0,-129,401677293.49,151.74735,-17.2759,151.74734,-17.2759,48,3,12660,83302,1924,76,3735,22,75,24,,,,,,,,,,,,,,,,,,,,,,,,,,,,,
"",178942,5171,-17.2759,151.74735,0,02/02/2020 08:37:41,Argos,0,111,NP,,401677293.49,02/02/2020 08:38:37,1,4,0,-129,401677293.49,151.74735,-17.2759,151.74734,-17.2759,48,3,12660,83302,1924,76,3735,100,134,0,,,,,,,,,,,,,,,,,,,,,,,,,,,,,
"",178942,5171,-17.16876,151.89027,B,02/02/2020 20:05:04,Argos,0,32,NK,,401677301.86,02/02/2020 20:04:48,1,2,0,-132,401677301.86,151.89027,-17.16876,151.89027,-17.16876,8,3,11610,69595,1936,108,5971,71,100,5,,,,,,,,,,,,,,,,,,,,,,,,,,,,,
"",178942,5171,-17.16876,151.89027,B,02/02/2020 20:05:04,Argos,0,32,NK,,401677301.86,02/02/2020 20:05:21,1,2,0,-132,401677301.86,151.89027,-17.16876,151.89027,-17.16876,8,3,11610,69595,1936,108,5971,100,134,0,,,,,,,,,,,,,,,,,,,,,,,,,,,,,
"",178942,5171,-17.04548,152.08846,B,02/03/2020 06:48:21,Argos,0,0,NP,,401677278.09,02/03/2020 06:48:22,1,1,0,-132,401677278.09,152.08846,-17.04548,152.08846,-17.04548,8,3,15280,37298,6259,82,9074,69,126,5,,,,,,,,,,,,,,,,,,,,,,,,,,,,,
"",178942,5171,-17.07744,151.98134,B,02/03/2020 07:06:21,Argos,0,0,SR,,401677328.39,02/03/2020 07:06:21,1,1,0,-137,401677328.39,151.98134,-17.07744,151.98134,-17.07744,6,3,5877,18901,1827,98,7743,241,188,253,103,70,19,224,46,190,164,210,57,166,231,249,223,34,247,188,69,20,156,23,,,,,,,,,
"",178942,5171,-17.02304,151.95007,1,02/03/2020 08:40:45,Argos,0,298,SR,,401677301.96,02/03/2020 08:38:33,1,5,0,-131,401677301.96,151.95007,-17.02304,151.95007,-17.02304,56,3,842,4452,159,68,1042,80,72,16,,,,,,,,,,,,,,,,,,,,,,,,,,,,,
"",178942,5171,-17.0221,151.95226,A,02/03/2020 08:39:37,Argos,0,73,NK,,401677297.65,02/03/2020 08:38:33,1,3,0,-130,401677297.65,151.95226,-17.0221,151.95226,-17.0221,8,3,6263,38122,1028,58,4571,84,72,16,,,,,,,,,,,,,,,,,,,,,,,,,,,,,
"",178942,5171,-17.0465,152.00188,B,02/03/2020 08:39:37,Argos,0,18,NK,,401677310.62,02/03/2020 08:39:28,1,2,0,-137,401677310.62,152.00188,-17.0465,152.00188,-17.0465,8,3,2032,3777,1093,77,5741,97,135,0,,,,,,,,,,,,,,,,,,,,,,,,,,,,,
"",178942,5171,-17.02304,151.95007,1,02/03/2020 08:40:45,Argos,0,298,SR,,401677301.96,02/03/2020 08:39:28,1,5,0,-131,401677301.96,151.95007,-17.02304,151.95007,-17.02304,56,3,842,4452,159,68,1042,97,135,0,,,,,,,,,,,,,,,,,,,,,,,,,,,,,
"",178942,5171,-17.0465,152.00188,B,02/03/2020 08:39:37,Argos,0,18,NK,,401677310.62,02/03/2020 08:39:47,1,2,0,-137,401677310.62,152.00188,-17.0465,152.00188,-17.0465,8,3,2032,3777,1093,77,5741,10,0,16,,,,,,,,,,,,,,,,,,,,,,,,,,,,,
"",178942,5171,-17.02304,151.95007,1,02/03/2020 08:40:45,Argos,0,298,SR,,401677301.96,02/03/2020 08:42:30,1,5,0,-131,401677301.96,151.95007,-17.02304,151.95007,-17.02304,56,3,842,4452,159,68,1042,85,77,16,,,,,,,,,,,,,,,,,,,,,,,,,,,,,
"",178942,5171,-17.02304,151.95007,1,02/03/2020 08:40:45,Argos,0,298,SR,,401677301.96,02/03/2020 08:43:31,2,5,0,-131,401677301.96,151.95007,-17.02304,151.95007,-17.02304,56,3,842,4452,159,68,1042,10,0,16,,,,,,,,,,,,,,,,,,,,,,,,,,,,,
"",178942,5171,-17.00005,151.97146,B,02/03/2020 10:02:41,Argos,0,0,MA,,401677300.98,02/03/2020 10:02:42,1,1,0,-132,401677300.98,151.97146,-17.00005,151.97147,-17.00005,8,3,2334,2722,2001,67,3564,100,134,128,,,,,,,,,,,,,,,,,,,,,,,,,,,,,
"",178942,5171,-16.78059,152.03355,B,02/03/2020 19:31:23,Argos,0,0,SR,,401677336.07,02/03/2020 19:31:23,1,1,0,-132,401677336.07,152.03355,-16.78059,152.03355,-16.78059,8,3,5388,9436,3076,47,9443,22,56,54,,,,,,,,,,,,,,,,,,,,,,,,,,,,,
"",178942,5171,-16.75164,151.8747,A,02/03/2020 21:16:54,Argos,0,0,NK,,401677329.51,02/03/2020 21:16:55,1,1,0,-137,401677329.51,151.8747,-16.75164,151.8747,-16.75164,8,3,363,1308,100,94,531,22,75,24,,,,,,,,,,,,,,,,,,,,,,,,,,,,,
"",178942,5171,-16.75164,151.8747,A,02/03/2020 21:16:54,Argos,0,0,NK,,401677329.51,02/03/2020 21:20:22,1,1,0,-137,401677329.51,151.8747,-16.75164,151.8747,-16.75164,8,3,363,1308,100,94,531,10,0,16,,,,,,,,,,,,,,,,,,,,,,,,,,,,,
"",178942,5171,-16.75164,151.8747,A,02/03/2020 21:16:54,Argos,0,0,NK,,401677329.51,02/03/2020 21:21:49,1,1,0,-137,401677329.51,151.8747,-16.75164,151.8747,-16.75164,8,3,363,1308,100,94,531,87,150,122,,,,,,,,,,,,,,,,,,,,,,,,,,,,,
"",178942,5171,-16.53376,151.89332,B,02/04/2020 06:34:14,Argos,0,73,SR,,401677282.67,02/04/2020 06:33:37,1,2,0,-136,401677282.67,151.89332,-16.53376,151.89333,-16.53376,8,3,2222,12991,380,59,4475,54,75,16,,,,,,,,,,,,,,,,,,,,,,,,,,,,,
"",178942,5171,-16.53376,151.89332,B,02/04/2020 06:34:14,Argos,0,73,SR,,401677282.67,02/04/2020 06:34:51,1,2,0,-136,401677282.67,151.89332,-16.53376,151.89333,-16.53376,8,3,2222,12991,380,59,4475,89,176,16,,,,,,,,,,,,,,,,,,,,,,,,,,,,,
"",178942,5171,-16.50634,151.90049,1,02/04/2020 06:34:51,Argos,0,331,NP,,401677302.11,02/04/2020 06:34:51,1,2,0,-133,401677302.11,151.90049,-16.50634,151.9005,-16.50634,56,3,702,1048,469,167,390,89,176,16,,,,,,,,,,,,,,,,,,,,,,,,,,,,,
"",178942,5171,-16.50634,151.90049,1,02/04/2020 06:34:51,Argos,0,331,NP,,401677302.11,02/04/2020 06:35:30,1,2,0,-133,401677302.11,151.90049,-16.50634,151.9005,-16.50634,56,3,702,1048,469,167,390,97,211,196,,,,,,,,,,,,,,,,,,,,,,,,,,,,,
"",178942,5171,-16.50634,151.90049,1,02/04/2020 06:34:51,Argos,0,331,NP,,401677302.11,02/04/2020 06:37:24,1,2,0,-133,401677302.11,151.90049,-16.50634,151.9005,-16.50634,56,3,702,1048,469,167,390,110,132,0,,,,,,,,,,,,,,,,,,,,,,,,,,,,,
"",178942,5171,-16.50634,151.90049,1,02/04/2020 06:34:51,Argos,0,331,NP,,401677302.11,02/04/2020 06:38:14,1,2,0,-133,401677302.11,151.90049,-16.50634,151.9005,-16.50634,56,3,702,1048,469,167,390,18,9,88,,,,,,,,,,,,,,,,,,,,,,,,,,,,,
"",178942,5171,-16.50634,151.90049,1,02/04/2020 06:34:51,Argos,0,331,NP,,401677302.11,02/04/2020 06:40:22,1,2,0,-133,401677302.11,151.90049,-16.50634,151.9005,-16.50634,56,3,702,1048,469,167,390,90,114,213,130,225,112,22,186,58,65,99,244,7,109,135,62,20,229,174,94,228,142,3,,,,,,,,,
"",178942,5171,-16.16789,151.85873,B,02/04/2020 19:15:20,Argos,0,0,NK,,401677305.21,02/04/2020 19:15:20,1,1,0,-137,401677305.21,151.85873,-16.16789,151.85873,-16.16789,0,3,13403,20031,8968,92,9223,91,99,17,,,,,,,,,,,,,,,,,,,,,,,,,,,,,
"",178942,5171,-16.13407,151.86317,B,02/04/2020 19:25:31,Argos,0,0,NP,,401677290.76,02/04/2020 19:25:31,1,1,0,-132,401677290.76,151.86317,-16.13407,151.86317,-16.13407,0,3,15301,15908,14715,125,10528,83,108,17,,,,,,,,,,,,,,,,,,,,,,,,,,,,,
"",178942,5171,,,,,,,0,SR,,401650000,02/05/2020 20:04:37,1,1,,,401650000,,,,,,,,,,,,80,253,17,,,,,,,,,,,,,,,,,,,,,,,,,,,,,
"",178942,5171,-15.33516,151.98786,B,02/06/2020 07:57:30,Argos,0,31,NP,,401677338.25,02/06/2020 07:57:14,1,2,0,-129,401677338.25,151.98786,-15.33516,151.98785,-15.33516,0,3,4196,53684,328,88,11867,22,75,24,,,,,,,,,,,,,,,,,,,,,,,,,,,,,
"",178942,5171,-15.33516,151.98786,B,02/06/2020 07:57:30,Argos,0,31,NP,,401677338.25,02/06/2020 07:57:46,1,2,0,-129,401677338.25,151.98786,-15.33516,151.98785,-15.33516,0,3,4196,53684,328,88,11867,68,123,5,,,,,,,,,,,,,,,,,,,,,,,,,,,,,
"",178942,5171,-14.98814,152.00179,B,02/06/2020 19:05:04,Argos,0,81,NP,,401677348.95,02/06/2020 19:05:05,1,2,0,-131,401677348.95,152.00179,-14.98814,152.00179,-14.98814,8,3,4896,16502,1452,96,13847,10,0,16,,,,,,,,,,,,,,,,,,,,,,,,,,,,,
"",178942,5171,-14.98814,152.00179,B,02/06/2020 19:05:04,Argos,0,81,NP,,401677348.95,02/06/2020 19:06:27,1,2,0,-131,401677348.95,152.00179,-14.98814,152.00179,-14.98814,8,3,4896,16502,1452,96,13847,54,79,56,,,,,,,,,,,,,,,,,,,,,,,,,,,,,
"",178942,5171,-14.88671,152.30107,B,02/06/2020 22:16:10,Argos,0,0,MC,,401677275.84,02/06/2020 22:16:11,1,1,0,-129,401677275.84,152.30107,-14.88671,152.30107,-14.88671,8,3,4734,11075,2023,122,8011,88,122,18,,,,,,,,,,,,,,,,,,,,,,,,,,,,,
"",178942,5171,-14.56667,152.554,B,02/07/2020 10:23:32,Argos,0,0,MA,,401677276.75,02/07/2020 10:23:32,1,1,0,-131,401677276.75,152.554,-14.56667,152.554,-14.56667,0,3,9766,12266,7775,116,12736,18,79,26,,,,,,,,,,,,,,,,,,,,,,,,,,,,,
"",178942,5171,-14.04787,153.00004,B,02/08/2020 07:37:10,Argos,0,14,NP,,401677290.61,02/08/2020 07:37:03,1,2,0,-132,401677290.61,153.00004,-14.04787,153.00005,-14.04787,0,3,7991,14126,4520,56,21716,22,75,24,,,,,,,,,,,,,,,,,,,,,,,,,,,,,
"",178942,5171,-14.04787,153.00004,B,02/08/2020 07:37:10,Argos,0,14,NP,,401677290.61,02/08/2020 07:37:18,1,2,0,-132,401677290.61,153.00004,-14.04787,153.00005,-14.04787,0,3,7991,14126,4520,56,21716,73,114,5,,,,,,,,,,,,,,,,,,,,,,,,,,,,,
"",178942,5171,-14.21278,152.84452,B,02/08/2020 07:42:20,Argos,0,180,SR,,401677297.91,02/08/2020 07:40:50,1,2,0,-130,401677297.91,152.84452,-14.21278,152.84451,-14.21278,6,2,9664,200392,466,123,10834,81,137,19,,,,,,,,,,,,,,,,,,,,,,,,,,,,,
"",178942,5171,-14.21278,152.84452,B,02/08/2020 07:42:20,Argos,0,180,SR,,401677297.91,02/08/2020 07:43:50,1,2,0,-130,401677297.91,152.84452,-14.21278,152.84451,-14.21278,6,2,9664,200392,466,123,10834,22,75,24,,,,,,,,,,,,,,,,,,,,,,,,,,,,,
"",178942,5171,-14.15013,152.74395,1,02/08/2020 08:09:45,Argos,0,211,NK,,401677288.38,02/08/2020 08:08:27,1,4,0,-129,401677288.38,152.74395,-14.15013,152.74396,-14.15013,56,3,717,1916,268,172,734,87,176,131,220,168,122,223,26,52,32,135,26,118,47,39,56,205,139,221,140,40,48,118,,,,,,,,,
"",178942,5171,-14.15013,152.74395,1,02/08/2020 08:09:45,Argos,0,211,NK,,401677288.38,02/08/2020 08:08:44,1,4,0,-129,401677288.38,152.74395,-14.15013,152.74396,-14.15013,56,3,717,1916,268,172,734,22,75,24,,,,,,,,,,,,,,,,,,,,,,,,,,,,,
"",178942,5171,-14.15013,152.74395,1,02/08/2020 08:09:45,Argos,0,211,NK,,401677288.38,02/08/2020 08:09:52,1,4,0,-129,401677288.38,152.74395,-14.15013,152.74396,-14.15013,56,3,717,1916,268,172,734,88,148,19,,,,,,,,,,,,,,,,,,,,,,,,,,,,,
"",178942,5171,-14.15013,152.74395,1,02/08/2020 08:09:45,Argos,0,211,NK,,401677288.38,02/08/2020 08:11:58,1,4,0,-129,401677288.38,152.74395,-14.15013,152.74396,-14.15013,56,3,717,1916,268,172,734,70,128,5,,,,,,,,,,,,,,,,,,,,,,,,,,,,,
"",178942,5171,-14.20308,152.84368,B,02/08/2020 10:21:38,Argos,0,0,MC,,401677310.54,02/08/2020 10:21:38,1,1,0,-133,401677310.54,152.84368,-14.20308,152.84367,-14.20308,8,3,7399,26726,2048,122,11723,69,62,5,,,,,,,,,,,,,,,,,,,,,,,,,,,,,
"",178942,5171,-14.04663,152.73523,1,02/08/2020 11:35:52,Argos,0,351,MA,,401677282.65,02/08/2020 11:35:53,1,5,0,-122,401677282.65,152.73523,-14.04663,152.73523,-14.04663,58,3,922,2048,414,33,436,10,0,16,,,,,,,,,,,,,,,,,,,,,,,,,,,,,
"",178942,5171,-14.04663,152.73523,1,02/08/2020 11:35:52,Argos,0,351,MA,,401677282.65,02/08/2020 11:38:57,1,5,0,-122,401677282.65,152.73523,-14.04663,152.73523,-14.04663,58,3,922,2048,414,33,436,83,252,19,,,,,,,,,,,,,,,,,,,,,,,,,,,,,
"",178942,5171,-14.04663,152.73523,1,02/08/2020 11:35:52,Argos,0,351,MA,,401677282.65,02/08/2020 11:39:18,1,5,0,-122,401677282.65,152.73523,-14.04663,152.73523,-14.04663,58,3,922,2048,414,33,436,97,130,0,,,,,,,,,,,,,,,,,,,,,,,,,,,,,
"",178942,5171,-14.04663,152.73523,1,02/08/2020 11:35:52,Argos,0,351,MA,,401677282.65,02/08/2020 11:40:22,1,5,0,-122,401677282.65,152.73523,-14.04663,152.73523,-14.04663,58,3,922,2048,414,33,436,74,125,5,,,,,,,,,,,,,,,,,,,,,,,,,,,,,
"",178942,5171,-14.04663,152.73523,1,02/08/2020 11:35:52,Argos,0,351,MA,,401677282.65,02/08/2020 11:41:44,1,5,0,-122,401677282.65,152.73523,-14.04663,152.73523,-14.04663,58,3,922,2048,414,33,436,97,135,3,,,,,,,,,,,,,,,,,,,,,,,,,,,,,
"",178942,5171,-14.02298,152.72221,B,02/08/2020 12:06:42,Argos,0,228,MC,,401677278.12,02/08/2020 12:02:54,1,2,0,-120,401677278.12,152.72221,-14.02298,152.72221,-14.02298,8,3,2214,15180,322,161,1505,66,240,131,220,168,122,255,26,51,189,24,198,184,230,66,39,222,162,112,211,162,4,71,,,,,,,,,
"",178942,5171,-14.02192,152.72583,B,02/08/2020 12:06:42,Argos,0,0,MC,,401677277.13,02/08/2020 12:06:42,1,1,0,-120,401677277.13,152.72583,-14.02192,152.72583,-14.02192,8,3,3634,3878,3404,87,2142,10,0,16,,,,,,,,,,,,,,,,,,,,,,,,,,,,,
"",178942,5171,-13.37274,152.33414,B,02/09/2020 09:40:55,Argos,0,280,MA,,401677198.69,02/09/2020 09:36:15,1,2,0,-132,401677198.69,152.33414,-13.37274,152.33414,-13.37274,0,3,6149,126076,299,120,6326,10,0,16,,,,,,,,,,,,,,,,,,,,,,,,,,,,,
"",178942,5171,-13.89834,152.54419,B,02/09/2020 09:40:55,Argos,0,0,MA,,401677342.68,02/09/2020 09:40:55,1,1,0,-133,401677342.68,152.54419,-13.89834,152.54419,-13.89834,0,3,16008,21808,11750,40,12100,22,75,24,,,,,,,,,,,,,,,,,,,,,,,,,,,,,
"",178942,5171,-13.3127,152.3143,B,02/09/2020 11:13:20,Argos,0,0,MA,,401677176.75,02/09/2020 11:13:21,1,1,0,-128,401677176.75,152.3143,-13.3127,152.3143,-13.3127,8,3,5128,13628,1929,120,7444,100,134,0,,,,,,,,,,,,,,,,,,,,,,,,,,,,,
"",178942,5171,-13.57061,152.08247,0,02/10/2020 06:46:26,Argos,0,200,SR,,401677275.28,02/10/2020 06:44:50,1,4,0,-135,401677275.28,152.08247,-13.57061,152.08247,-13.57061,40,3,4863,46593,507,72,1926,22,75,24,,,,,,,,,,,,,,,,,,,,,,,,,,,,,
"",178942,5171,-13.57061,152.08247,0,02/10/2020 06:46:26,Argos,0,200,SR,,401677275.28,02/10/2020 06:45:10,1,4,0,-135,401677275.28,152.08247,-13.57061,152.08247,-13.57061,40,3,4863,46593,507,72,1926,64,127,5,,,,,,,,,,,,,,,,,,,,,,,,,,,,,
"",178942,5171,-13.57061,152.08247,0,02/10/2020 06:46:26,Argos,0,200,SR,,401677275.28,02/10/2020 06:47:37,1,4,0,-135,401677275.28,152.08247,-13.57061,152.08247,-13.57061,40,3,4863,46593,507,72,1926,97,135,0,,,,,,,,,,,,,,,,,,,,,,,,,,,,,
"",178942,5171,-13.57061,152.08247,0,02/10/2020 06:46:26,Argos,0,200,SR,,401677275.28,02/10/2020 06:48:10,1,4,0,-135,401677275.28,152.08247,-13.57061,152.08247,-13.57061,40,3,4863,46593,507,72,1926,2,15,63,,,,,,,,,,,,,,,,,,,,,,,,,,,,,
"",178942,5171,-13.54521,152.0606,2,02/10/2020 08:22:48,Argos,0,387,SR,,401677295.83,02/10/2020 08:21:42,1,8,0,-125,401677295.83,152.0606,-13.54521,152.0606,-13.54521,47,3,482,604,383,140,215,79,92,5,,,,,,,,,,,,,,,,,,,,,,,,,,,,,
"",178942,5171,-13.54521,152.0606,2,02/10/2020 08:22:48,Argos,0,387,SR,,401677295.83,02/10/2020 08:22:49,1,8,0,-125,401677295.83,152.0606,-13.54521,152.0606,-13.54521,47,3,482,604,383,140,215,10,0,131,,,,,,,,,,,,,,,,,,,,,,,,,,,,,
"",178942,5171,-13.54521,152.0606,2,02/10/2020 08:22:48,Argos,0,387,SR,,401677295.83,02/10/2020 08:24:55,1,8,0,-125,401677295.83,152.0606,-13.54521,152.0606,-13.54521,47,3,482,604,383,140,215,10,0,16,,,,,,,,,,,,,,,,,,,,,,,,,,,,,
"",178942,5171,-13.54521,152.0606,2,02/10/2020 08:22:48,Argos,0,387,SR,,401677295.83,02/10/2020 08:25:11,1,8,0,-125,401677295.83,152.0606,-13.54521,152.0606,-13.54521,47,3,482,604,383,140,215,22,75,24,,,,,,,,,,,,,,,,,,,,,,,,,,,,,
"",178942,5171,-13.54521,152.0606,2,02/10/2020 08:22:48,Argos,0,387,SR,,401677295.83,02/10/2020 08:26:04,1,8,0,-125,401677295.83,152.0606,-13.54521,152.0606,-13.54521,47,3,482,604,383,140,215,100,134,0,,,,,,,,,,,,,,,,,,,,,,,,,,,,,
"",178942,5171,-13.54521,152.0606,2,02/10/2020 08:22:48,Argos,0,387,SR,,401677295.83,02/10/2020 08:27:45,1,8,0,-125,401677295.83,152.0606,-13.54521,152.0606,-13.54521,47,3,482,604,383,140,215,93,151,5,,,,,,,,,,,,,,,,,,,,,,,,,,,,,
"",178942,5171,-13.54521,152.0606,2,02/10/2020 08:22:48,Argos,0,387,SR,,401677295.83,02/10/2020 08:28:09,2,8,0,-125,401677295.83,152.0606,-13.54521,152.0606,-13.54521,47,3,482,604,383,140,215,107,133,0,,,,,,,,,,,,,,,,,,,,,,,,,,,,,
"",178942,5171,-13.33144,151.92713,3,02/10/2020 19:58:43,Argos,0,632,NP,,401677290.14,02/10/2020 19:56:27,1,9,0,-126,401677290.14,151.92713,-13.33144,151.92712,-13.33144,58,3,224,316,158,119,186,66,117,5,,,,,,,,,,,,,,,,,,,,,,,,,,,,,
"",178942,5171,-13.33144,151.92713,3,02/10/2020 19:58:43,Argos,0,632,NP,,401677290.14,02/10/2020 19:58:32,1,9,0,-126,401677290.14,151.92713,-13.33144,151.92712,-13.33144,58,3,224,316,158,119,186,78,121,5,,,,,,,,,,,,,,,,,,,,,,,,,,,,,
"",178942,5171,-13.33144,151.92713,3,02/10/2020 19:58:43,Argos,0,632,NP,,401677290.14,02/10/2020 19:58:54,1,9,0,-126,401677290.14,151.92713,-13.33144,151.92712,-13.33144,58,3,224,316,158,119,186,88,41,22,,,,,,,,,,,,,,,,,,,,,,,,,,,,,
"",178942,5171,-13.33144,151.92713,3,02/10/2020 19:58:43,Argos,0,632,NP,,401677290.14,02/10/2020 19:59:23,1,9,0,-126,401677290.14,151.92713,-13.33144,151.92712,-13.33144,58,3,224,316,158,119,186,100,134,0,,,,,,,,,,,,,,,,,,,,,,,,,,,,,
"",178942,5171,-13.33144,151.92713,3,02/10/2020 19:58:43,Argos,0,632,NP,,401677290.14,02/10/2020 20:00:23,1,9,0,-126,401677290.14,151.92713,-13.33144,151.92712,-13.33144,58,3,224,316,158,119,186,65,122,5,,,,,,,,,,,,,,,,,,,,,,,,,,,,,
"",178942,5171,-13.32973,151.93964,3,02/10/2020 20:03:01,Argos,0,396,NK,,401677292,02/10/2020 20:00:23,1,6,0,-128,401677292,151.93964,-13.32973,151.93964,-13.32973,56,3,170,267,107,144,277,65,122,5,,,,,,,,,,,,,,,,,,,,,,,,,,,,,
"",178942,5171,-13.33144,151.92713,3,02/10/2020 19:58:43,Argos,0,632,NP,,401677290.14,02/10/2020 20:01:20,1,9,0,-126,401677290.14,151.92713,-13.33144,151.92712,-13.33144,58,3,224,316,158,119,186,10,0,16,,,,,,,,,,,,,,,,,,,,,,,,,,,,,
"",178942,5171,-13.32973,151.93964,3,02/10/2020 20:03:01,Argos,0,396,NK,,401677292,02/10/2020 20:01:20,1,6,0,-128,401677292,151.93964,-13.32973,151.93964,-13.32973,56,3,170,267,107,144,277,10,0,16,,,,,,,,,,,,,,,,,,,,,,,,,,,,,
"",178942,5171,-13.33144,151.92713,3,02/10/2020 19:58:43,Argos,0,632,NP,,401677290.14,02/10/2020 20:02:01,1,9,0,-126,401677290.14,151.92713,-13.33144,151.92712,-13.33144,58,3,224,316,158,119,186,68,123,5,,,,,,,,,,,,,,,,,,,,,,,,,,,,,
"",178942,5171,-13.32973,151.93964,3,02/10/2020 20:03:01,Argos,0,396,NK,,401677292,02/10/2020 20:02:01,1,6,0,-128,401677292,151.93964,-13.32973,151.93964,-13.32973,56,3,170,267,107,144,277,69,123,5,,,,,,,,,,,,,,,,,,,,,,,,,,,,,
"",178942,5171,-13.32973,151.93964,3,02/10/2020 20:03:01,Argos,0,396,NK,,401677292,02/10/2020 20:02:56,1,6,0,-128,401677292,151.93964,-13.32973,151.93964,-13.32973,56,3,170,267,107,144,277,73,112,131,220,168,122,255,26,85,80,13,220,132,0,109,47,99,75,83,246,35,44,101,,,,,,,,,
"",178942,5171,-13.33144,151.92713,3,02/10/2020 19:58:43,Argos,0,632,NP,,401677290.14,02/10/2020 20:04:31,1,9,0,-126,401677290.14,151.92713,-13.33144,151.92712,-13.33144,58,3,224,316,158,119,186,88,57,22,,,,,,,,,,,,,,,,,,,,,,,,,,,,,
"",178942,5171,-13.32973,151.93964,3,02/10/2020 20:03:01,Argos,0,396,NK,,401677292,02/10/2020 20:04:31,1,6,0,-128,401677292,151.93964,-13.32973,151.93964,-13.32973,56,3,170,267,107,144,277,88,57,22,,,,,,,,,,,,,,,,,,,,,,,,,,,,,
"",178942,5171,-13.33144,151.92713,3,02/10/2020 19:58:43,Argos,0,632,NP,,401677290.14,02/10/2020 20:06:59,1,9,0,-126,401677290.14,151.92713,-13.33144,151.92712,-13.33144,58,3,224,316,158,119,186,196,123,5,,,,,,,,,,,,,,,,,,,,,,,,,,,,,
"",178942,5171,-13.32973,151.93964,3,02/10/2020 20:03:01,Argos,0,396,NK,,401677292,02/10/2020 20:06:59,1,6,0,-128,401677292,151.93964,-13.32973,151.93964,-13.32973,56,3,170,267,107,144,277,68,123,5,,,,,,,,,,,,,,,,,,,,,,,,,,,,,
"",178942,5171,-13.04392,151.76884,B,02/11/2020 10:39:39,Argos,0,0,MA,,401677255.37,02/11/2020 10:39:40,1,1,0,-125,401677255.37,151.76884,-13.04392,151.76884,-13.04392,0,3,4518,4897,4167,39,10991,22,75,24,,,,,,,,,,,,,,,,,,,,,,,,,,,,,
"",178942,5171,-12.80812,152.20578,1,02/11/2020 19:40:25,Argos,0,351,NK,,401677290.89,02/11/2020 19:37:29,1,5,0,-132,401677290.89,152.20578,-12.80812,152.20578,-12.80812,58,3,724,1532,342,22,580,97,135,0,,,,,,,,,,,,,,,,,,,,,,,,,,,,,
"",178942,5171,-12.80812,152.20578,1,02/11/2020 19:40:25,Argos,0,351,NK,,401677290.89,02/11/2020 19:38:46,1,5,0,-132,401677290.89,152.20578,-12.80812,152.20578,-12.80812,58,3,724,1532,342,22,580,22,203,24,,,,,,,,,,,,,,,,,,,,,,,,,,,,,
"",178942,5171,-12.80812,152.20578,1,02/11/2020 19:40:25,Argos,0,351,NK,,401677290.89,02/11/2020 19:41:43,1,5,0,-132,401677290.89,152.20578,-12.80812,152.20578,-12.80812,58,3,724,1532,342,22,580,89,51,23,,,,,,,,,,,,,,,,,,,,,,,,,,,,,
"",178942,5171,-12.80812,152.20578,1,02/11/2020 19:40:25,Argos,0,351,NK,,401677290.89,02/11/2020 19:43:20,2,5,0,-132,401677290.89,152.20578,-12.80812,152.20578,-12.80812,58,3,724,1532,342,22,580,22,75,24,,,,,,,,,,,,,,,,,,,,,,,,,,,,,
"",178942,5171,-12.79804,152.18659,A,02/11/2020 19:48:37,Argos,0,128,NP,,401677297.21,02/11/2020 19:48:45,1,3,0,-126,401677297.21,152.18659,-12.79804,152.18658,-12.79804,8,3,7684,70487,837,126,2311,68,123,5,,,,,,,,,,,,,,,,,,,,,,,,,,,,,
"",178942,5171,-12.79804,152.18659,A,02/11/2020 19:48:37,Argos,0,128,NP,,401677297.21,02/11/2020 19:50:38,2,3,0,-126,401677297.21,152.18659,-12.79804,152.18658,-12.79804,8,3,7684,70487,837,126,2311,22,75,24,,,,,,,,,,,,,,,,,,,,,,,,,,,,,
"",178942,5171,-12.49218,152.43017,A,02/12/2020 07:24:53,Argos,0,167,SR,,401677273.43,02/12/2020 07:22:24,1,3,0,-133,401677273.43,152.43017,-12.49218,152.43018,-12.49218,8,3,6226,162125,239,102,2884,85,144,126,,,,,,,,,,,,,,,,,,,,,,,,,,,,,
"",178942,5171,-12.49218,152.43017,A,02/12/2020 07:24:53,Argos,0,167,SR,,401677273.43,02/12/2020 07:24:36,1,3,0,-133,401677273.43,152.43017,-12.49218,152.43018,-12.49218,8,3,6226,162125,239,102,2884,94,134,23,,,,,,,,,,,,,,,,,,,,,,,,,,,,,
"",178942,5171,-12.49218,152.43017,A,02/12/2020 07:24:53,Argos,0,167,SR,,401677273.43,02/12/2020 07:25:11,1,3,0,-133,401677273.43,152.43017,-12.49218,152.43018,-12.49218,8,3,6226,162125,239,102,2884,100,134,0,,,,,,,,,,,,,,,,,,,,,,,,,,,,,
"",178942,5171,-12.47584,152.44199,B,02/12/2020 08:12:16,Argos,0,0,NK,,401677257.57,02/12/2020 08:12:17,1,1,0,-131,401677257.57,152.44199,-12.47584,152.44199,-12.47584,8,3,6481,11944,3516,99,3787,78,121,37,,,,,,,,,,,,,,,,,,,,,,,,,,,,,
"",178942,5171,-12.4333,152.45048,B,02/12/2020 09:44:07,Argos,0,0,NK,,401677266.42,02/12/2020 09:44:08,1,1,0,-137,401677266.42,152.45048,-12.4333,152.45049,-12.4333,8,3,9174,12407,6783,101,5363,10,2,16,,,,,,,,,,,,,,,,,,,,,,,,,,,,,
"",178942,5171,-12.4026,152.61536,B,02/12/2020 10:46:48,Argos,0,535,MC,,401677288.93,02/12/2020 10:37:53,1,2,0,-127,401677288.93,152.61536,-12.4026,152.61536,-12.4026,8,3,4807,68065,339,172,3884,81,202,23,,,,,,,,,,,,,,,,,,,,,,,,,,,,,
"",178942,5171,-12.41184,152.46791,B,02/12/2020 10:46:48,Argos,0,0,MC,,401677255.32,02/12/2020 10:46:48,1,1,0,-127,401677255.32,152.46791,-12.41184,152.46791,-12.41184,8,3,10239,12455,8417,94,5986,22,75,24,,,,,,,,,,,,,,,,,,,,,,,,,,,,,
"",178942,5171,-12.37932,152.63034,B,02/12/2020 11:29:18,Argos,0,0,MB,,401677289.68,02/12/2020 11:29:19,1,1,0,-130,401677289.68,152.63034,-12.37932,152.63034,-12.37932,8,3,3004,3906,2309,4,2971,75,120,5,,,,,,,,,,,,,,,,,,,,,,,,,,,,,
"",178942,5171,-11.8929,153.10802,B,02/13/2020 06:36:10,Argos,0,0,NP,,401677252.41,02/13/2020 06:36:11,1,1,0,-135,401677252.41,153.10802,-11.8929,153.10802,-11.8929,0,2,4398,6296,3071,51,11772,77,116,5,,,,,,,,,,,,,,,,,,,,,,,,,,,,,
"",178942,5171,-11.94157,153.0565,B,02/13/2020 06:54:51,Argos,0,0,SR,,401677256.68,02/13/2020 06:54:52,1,1,0,-138,401677256.68,153.0565,-11.94157,153.0565,-11.94157,6,3,4605,12277,1727,73,13023,91,207,228,,,,,,,,,,,,,,,,,,,,,,,,,,,,,
"",178942,5171,-11.89185,153.13532,B,02/13/2020 07:42:17,Argos,0,0,NK,,401677282.86,02/13/2020 07:42:18,1,1,0,-132,401677282.86,153.13532,-11.89185,153.13531,-11.89185,6,3,4081,7128,2336,106,7587,66,113,1,,,,,,,,,,,,,,,,,,,,,,,,,,,,,
"",178942,5171,-11.8994,153.10895,B,02/13/2020 09:56:55,Argos,0,0,MA,,401677226.6,02/13/2020 09:56:55,1,1,0,-130,401677226.6,153.10895,-11.8994,153.10895,-11.8994,8,3,4670,13183,1654,77,13208,110,132,0,,,,,,,,,,,,,,,,,,,,,,,,,,,,,
"",178942,5171,-11.92244,153.32097,B,02/13/2020 10:27:15,Argos,0,587,MC,,401677290.89,02/13/2020 10:17:29,1,2,0,-130,401677290.89,153.32097,-11.92244,-175.9163,-5.43672,0,3,240,305,187,130,601,115,253,167,,,,,,,,,,,,,,,,,,,,,,,,,,,,,
"",178942,5171,-11.94187,153.08393,B,02/13/2020 10:27:15,Argos,0,0,MC,,401677243.52,02/13/2020 10:27:16,1,1,0,-132,401677243.52,153.08393,-11.94187,153.08392,-11.94187,6,3,7364,19689,2754,59,18231,22,75,56,,,,,,,,,,,,,,,,,,,,,,,,,,,,,
"",178942,5171,-11.91881,153.324,B,02/13/2020 12:06:28,Argos,0,0,MC,,401677312.71,02/13/2020 12:06:28,1,1,0,-130,401677312.71,153.324,-11.91881,153.324,-11.91881,7,3,2086,2169,2006,113,3860,10,0,16,,,,,,,,,,,,,,,,,,,,,,,,,,,,,
"",178942,5171,-11.84913,153.37407,B,02/13/2020 19:14:58,Argos,0,0,SR,,401677357.42,02/13/2020 19:14:58,1,1,0,-133,401677357.42,153.37407,-11.84913,153.37407,-11.84913,8,3,4486,5383,3737,120,8241,64,111,5,,,,,,,,,,,,,,,,,,,,,,,,,,,,,
"",178942,5171,-11.80141,153.41861,B,02/13/2020 19:18:17,Argos,0,0,NP,,401677289.55,02/13/2020 19:18:18,1,1,0,-137,401677289.55,153.41861,-11.80141,153.41861,-11.80141,6,3,2758,3836,1982,125,7796,95,23,25,,,,,,,,,,,,,,,,,,,,,,,,,,,,,
"",178942,5171,-11.77502,153.40935,B,02/13/2020 20:26:59,Argos,0,0,NK,,401677279.92,02/13/2020 20:26:59,1,1,0,-124,401677279.92,153.40935,-11.77502,153.40935,-11.77502,8,3,2434,3584,1652,85,6879,22,75,24,,,,,,,,,,,,,,,,,,,,,,,,,,,,,
"",178942,5171,-11.88823,153.53283,B,02/14/2020 09:37:47,Argos,0,0,MA,,401677206.81,02/14/2020 09:37:47,1,1,0,-131,401677206.81,153.53283,-11.88823,153.53284,-11.88823,0,3,3901,5956,2555,54,11032,22,75,24,,,,,,,,,,,,,,,,,,,,,,,,,,,,,
"",178942,5171,-11.40889,153.83397,B,02/14/2020 09:49:34,Argos,0,0,NN,,401677239.28,02/14/2020 09:49:34,1,1,0,-137,401677239.28,153.83397,-11.40889,153.83397,-11.40889,6,3,8340,14948,4652,178,11036,22,75,24,,,,,,,,,,,,,,,,,,,,,,,,,,,,,
"",178942,5171,-11.62072,154.16251,1,02/14/2020 11:34:07,Argos,0,355,NN,,401677297.22,02/14/2020 11:31:44,1,6,0,-132,401677297.22,154.16251,-11.62072,154.1625,-11.62072,56,3,539,942,308,41,257,100,134,8,,,,,,,,,,,,,,,,,,,,,,,,,,,,,
"",178942,5171,-11.62072,154.16251,1,02/14/2020 11:34:07,Argos,0,355,NN,,401677297.22,02/14/2020 11:33:08,1,6,0,-132,401677297.22,154.16251,-11.62072,154.1625,-11.62072,56,3,539,942,308,41,257,22,75,24,,,,,,,,,,,,,,,,,,,,,,,,,,,,,
"",178942,5171,-11.62072,154.16251,1,02/14/2020 11:34:07,Argos,0,355,NN,,401677297.22,02/14/2020 11:34:17,1,6,0,-132,401677297.22,154.16251,-11.62072,154.1625,-11.62072,56,3,539,942,308,41,257,84,33,26,,,,,,,,,,,,,,,,,,,,,,,,,,,,,
"",178942,5171,-11.62072,154.16251,1,02/14/2020 11:34:07,Argos,0,355,NN,,401677297.22,02/14/2020 11:35:35,2,6,0,-132,401677297.22,154.16251,-11.62072,154.1625,-11.62072,56,3,539,942,308,41,257,10,0,16,,,,,,,,,,,,,,,,,,,,,,,,,,,,,
"",178942,5171,-11.62072,154.16251,1,02/14/2020 11:34:07,Argos,0,355,NN,,401677297.22,02/14/2020 11:37:39,1,6,0,-132,401677297.22,154.16251,-11.62072,154.1625,-11.62072,56,3,539,942,308,41,257,81,120,59,,,,,,,,,,,,,,,,,,,,,,,,,,,,,
"",178942,5171,-11.23813,154.7745,A,02/15/2020 06:07:10,Argos,0,0,NP,,401677401.95,02/15/2020 06:07:11,1,1,0,-140,401677401.95,154.7745,-11.23813,154.7745,-11.23813,0,3,3174,10577,952,28,1202,97,135,0,,,,,,,,,,,,,,,,,,,,,,,,,,,,,
"",178942,5171,-11.23813,154.7745,A,02/15/2020 06:07:10,Argos,0,0,NP,,401677401.95,02/15/2020 06:09:49,1,1,0,-140,401677401.95,154.7745,-11.23813,154.7745,-11.23813,0,3,3174,10577,952,28,1202,22,75,24,,,,,,,,,,,,,,,,,,,,,,,,,,,,,
"",178942,5171,-11.23813,154.7745,A,02/15/2020 06:07:10,Argos,0,0,NP,,401677401.95,02/15/2020 06:11:30,1,1,0,-140,401677401.95,154.7745,-11.23813,154.7745,-11.23813,0,3,3174,10577,952,28,1202,88,163,26,,,,,,,,,,,,,,,,,,,,,,,,,,,,,
"",178942,5171,-11.20113,154.94612,B,02/15/2020 09:16:43,Argos,0,112,MA,,401677317.03,02/15/2020 09:14:51,1,2,0,-131,401677317.03,154.94612,-11.20113,154.94612,-11.20113,8,3,14101,59588,3337,103,3665,97,135,0,,,,,,,,,,,,,,,,,,,,,,,,,,,,,
"",178942,5171,-11.27816,154.9199,B,02/15/2020 09:16:43,Argos,0,0,MA,,401677328.87,02/15/2020 09:16:43,1,1,0,-133,401677328.87,154.9199,-11.27816,154.9199,-11.27816,8,3,28511,31867,25507,41,5272,10,0,24,,,,,,,,,,,,,,,,,,,,,,,,,,,,,
"",178942,5171,-11.14712,154.76883,B,02/15/2020 09:44:56,Argos,0,26,NN,,401677301.41,02/15/2020 09:44:43,1,2,0,-137,401677301.41,154.76883,-11.14712,154.76883,-11.14712,6,3,7017,38753,1270,101,8477,90,246,154,,,,,,,,,,,,,,,,,,,,,,,,,,,,,
"",178942,5171,-11.14712,154.76883,B,02/15/2020 09:44:56,Argos,0,26,NN,,401677301.41,02/15/2020 09:45:09,1,2,0,-137,401677301.41,154.76883,-11.14712,154.76883,-11.14712,6,3,7017,38753,1270,101,8477,110,132,0,,,,,,,,,,,,,,,,,,,,,,,,,,,,,
"",178942,5171,-10.7626,155.43594,B,02/16/2020 10:32:56,Argos,0,241,MA,,401677340.08,02/16/2020 10:30:56,1,2,0,-121,401677340.08,155.43594,-10.7626,155.43594,-10.7626,0,3,315747,0,8153,96,9589,10,0,16,,,,,,,,,,,,,,,,,,,,,,,,,,,,,
"",178942,5171,-10.7626,155.43594,B,02/16/2020 10:32:56,Argos,0,241,MA,,401677340.08,02/16/2020 10:34:57,1,2,0,-121,401677340.08,155.43594,-10.7626,155.43594,-10.7626,0,3,315747,0,8153,96,9589,76,99,5,,,,,,,,,,,,,,,,,,,,,,,,,,,,,
"",178942,5171,-10.75622,155.39733,B,02/16/2020 11:16:17,Argos,0,0,NN,,401677300.73,02/16/2020 11:16:18,1,1,0,-135,401677300.73,155.39733,-10.75622,155.39732,-10.75622,8,2,189828,843262,42732,96,8152,107,133,0,,,,,,,,,,,,,,,,,,,,,,,,,,,,,
"",178942,5171,-10.70998,155.55585,B,02/16/2020 18:43:16,Argos,0,417,NP,,401677290.78,02/16/2020 18:43:17,1,2,0,-126,401677290.78,155.55585,-10.70998,155.55585,-10.70998,8,3,200658,0,2877,120,8618,87,217,4,,,,,,,,,,,,,,,,,,,,,,,,,,,,,
"",178942,5171,-10.70998,155.55585,B,02/16/2020 18:43:16,Argos,0,417,NP,,401677290.78,02/16/2020 18:50:14,1,2,0,-126,401677290.78,155.55585,-10.70998,155.55585,-10.70998,8,3,200658,0,2877,120,8618,23,110,217,,,,,,,,,,,,,,,,,,,,,,,,,,,,,
"",178942,5171,-10.67051,155.51369,A,02/16/2020 19:19:53,Argos,0,569,SR,,401677295.5,02/16/2020 19:19:54,1,3,0,-124,401677295.5,155.51369,-10.67051,155.51369,-10.67051,8,3,456,2057,101,58,609,66,101,5,,,,,,,,,,,,,,,,,,,,,,,,,,,,,
"",178942,5171,-10.67051,155.51369,A,02/16/2020 19:19:53,Argos,0,569,SR,,401677295.5,02/16/2020 19:26:18,1,3,0,-124,401677295.5,155.51369,-10.67051,155.51369,-10.67051,8,3,456,2057,101,58,609,22,67,138,,,,,,,,,,,,,,,,,,,,,,,,,,,,,
"",178942,5171,-10.67051,155.51369,A,02/16/2020 19:19:53,Argos,0,569,SR,,401677295.5,02/16/2020 19:29:23,1,3,0,-124,401677295.5,155.51369,-10.67051,155.51369,-10.67051,8,3,456,2057,101,58,609,89,10,28,,,,,,,,,,,,,,,,,,,,,,,,,,,,,
"",178942,5171,-10.63701,155.88823,B,02/17/2020 05:46:11,Argos,0,78,NP,,401677279.3,02/17/2020 05:45:32,1,2,0,-137,401677279.3,155.88823,-10.63701,155.88823,-10.63701,8,3,6981,25635,1901,22,5159,10,0,16,,,,,,,,,,,,,,,,,,,,,,,,,,,,,
"",178942,5171,-10.63701,155.88823,B,02/17/2020 05:46:11,Argos,0,78,NP,,401677279.3,02/17/2020 05:46:50,1,2,0,-137,401677279.3,155.88823,-10.63701,155.88823,-10.63701,8,3,6981,25635,1901,22,5159,92,68,28,,,,,,,,,,,,,,,,,,,,,,,,,,,,,
"",178942,5171,-10.66002,155.88146,B,02/17/2020 06:23:01,Argos,0,59,SR,,401677309.62,02/17/2020 06:22:32,1,2,0,-135,401677309.62,155.88146,-10.66002,155.88145,-10.66002,6,3,3784,8569,1670,114,2268,97,135,0,,,,,,,,,,,,,,,,,,,,,,,,,,,,,
"",178942,5171,-10.66002,155.88146,B,02/17/2020 06:23:01,Argos,0,59,SR,,401677309.62,02/17/2020 06:23:32,1,2,0,-135,401677309.62,155.88146,-10.66002,155.88145,-10.66002,6,3,3784,8569,1670,114,2268,10,1,16,,,,,,,,,,,,,,,,,,,,,,,,,,,,,
"",178942,5171,-10.65767,155.88224,A,02/17/2020 07:30:31,Argos,0,16,NP,,401677305.66,02/17/2020 07:30:23,1,2,0,-126,401677305.66,155.88224,-10.65767,155.88223,-10.65767,8,3,2127,9266,488,87,2953,22,31,199,,,,,,,,,,,,,,,,,,,,,,,,,,,,,
"",178942,5171,-10.65767,155.88224,A,02/17/2020 07:30:31,Argos,0,16,NP,,401677305.66,02/17/2020 07:30:40,1,2,0,-126,401677305.66,155.88224,-10.65767,155.88223,-10.65767,8,3,2127,9266,488,87,2953,77,102,5,,,,,,,,,,,,,,,,,,,,,,,,,,,,,
"",178942,5171,-10.65767,155.88224,A,02/17/2020 07:30:31,Argos,0,16,NP,,401677305.66,02/17/2020 07:31:12,1,2,0,-126,401677305.66,155.88224,-10.65767,155.88223,-10.65767,8,3,2127,9266,488,87,2953,100,134,0,,,,,,,,,,,,,,,,,,,,,,,,,,,,,
"",178942,5171,-10.64461,155.95178,2,02/17/2020 07:46:19,Argos,0,279,NK,,401677297.01,02/17/2020 07:43:22,1,5,0,-133,401677297.01,155.95178,-10.64461,155.95178,-10.64461,56,3,262,625,110,151,680,87,130,28,,,,,,,,,,,,,,,,,,,,,,,,,,,,,
"",178942,5171,-10.64461,155.95178,2,02/17/2020 07:46:19,Argos,0,279,NK,,401677297.01,02/17/2020 07:46:07,1,5,0,-133,401677297.01,155.95178,-10.64461,155.95178,-10.64461,56,3,262,625,110,151,680,66,101,5,,,,,,,,,,,,,,,,,,,,,,,,,,,,,
"",178942,5171,-10.64461,155.95178,2,02/17/2020 07:46:19,Argos,0,279,NK,,401677297.01,02/17/2020 07:46:42,1,5,0,-133,401677297.01,155.95178,-10.64461,155.95178,-10.64461,56,3,262,625,110,151,680,86,135,28,,,,,,,,,,,,,,,,,,,,,,,,,,,,,
"",178942,5171,-10.64461,155.95178,2,02/17/2020 07:46:19,Argos,0,279,NK,,401677297.01,02/17/2020 07:47:25,1,5,0,-133,401677297.01,155.95178,-10.64461,155.95178,-10.64461,56,3,262,625,110,151,680,10,0,16,,,,,,,,,,,,,,,,,,,,,,,,,,,,,
"",178942,5171,-10.64461,155.95178,2,02/17/2020 07:46:19,Argos,0,279,NK,,401677297.01,02/17/2020 07:48:01,1,5,0,-133,401677297.01,155.95178,-10.64461,155.95178,-10.64461,56,3,262,625,110,151,680,22,75,24,,,,,,,,,,,,,,,,,,,,,,,,,,,,,
"",178942,5171,-10.65035,155.89202,B,02/17/2020 09:26:53,Argos,0,42,NK,,401677326.66,02/17/2020 09:26:32,1,3,0,-129,401677326.66,155.89202,-10.65035,155.89201,-10.65035,7,3,2624,15156,454,80,3993,79,144,131,232,237,32,5,34,146,81,85,222,88,91,72,4,135,162,175,135,47,226,148,,,,,,,,,
"",178942,5171,-10.65035,155.89202,B,02/17/2020 09:26:53,Argos,0,42,NK,,401677326.66,02/17/2020 09:27:15,1,3,0,-129,401677326.66,155.89202,-10.65035,155.89201,-10.65035,7,3,2624,15156,454,80,3993,86,167,28,,,,,,,,,,,,,,,,,,,,,,,,,,,,,
"",178942,5171,-10.66196,155.91316,B,02/17/2020 12:18:57,Argos,0,0,MC,,401677304.05,02/17/2020 12:18:57,1,1,0,-131,401677304.05,155.91316,-10.66196,155.91316,-10.66196,8,3,2116,3701,1209,71,5976,22,75,24,,,,,,,,,,,,,,,,,,,,,,,,,,,,,
"",178942,5171,-10.68474,156.1745,0,02/18/2020 07:19:12,Argos,0,320,NP,,401677293.6,02/18/2020 07:16:06,1,5,0,-125,401677293.6,156.1745,-10.68474,156.1745,-10.68474,40,3,7259,275469,191,77,2789,79,108,5,,,,,,,,,,,,,,,,,,,,,,,,,,,,,
"",178942,5171,-10.68474,156.1745,0,02/18/2020 07:19:12,Argos,0,320,NP,,401677293.6,02/18/2020 07:16:44,1,5,0,-125,401677293.6,156.1745,-10.68474,156.1745,-10.68474,40,3,7259,275469,191,77,2789,87,51,29,,,,,,,,,,,,,,,,,,,,,,,,,,,,,
"",178942,5171,-10.6808,156.4265,B,02/18/2020 07:19:05,Argos,0,282,NK,,401677314.32,02/18/2020 07:16:44,1,2,0,-137,401677314.32,156.4265,-10.6808,156.4265,-10.6808,0,3,3025,50932,179,7,7272,87,51,29,,,,,,,,,,,,,,,,,,,,,,,,,,,,,
"",178942,5171,-10.68474,156.1745,0,02/18/2020 07:19:12,Argos,0,320,NP,,401677293.6,02/18/2020 07:17:47,1,5,0,-125,401677293.6,156.1745,-10.68474,156.1745,-10.68474,40,3,7259,275469,191,77,2789,107,133,1,,,,,,,,,,,,,,,,,,,,,,,,,,,,,
"",178942,5171,-10.68474,156.1745,0,02/18/2020 07:19:12,Argos,0,320,NP,,401677293.6,02/18/2020 07:18:25,1,5,0,-125,401677293.6,156.1745,-10.68474,156.1745,-10.68474,40,3,7259,275469,191,77,2789,10,0,16,,,,,,,,,,,,,,,,,,,,,,,,,,,,,
"",178942,5171,-10.68474,156.1745,0,02/18/2020 07:19:12,Argos,0,320,NP,,401677293.6,02/18/2020 07:21:26,1,5,0,-125,401677293.6,156.1745,-10.68474,156.1745,-10.68474,40,3,7259,275469,191,77,2789,80,56,29,,,,,,,,,,,,,,,,,,,,,,,,,,,,,
"",178942,5171,-10.6808,156.4265,B,02/18/2020 07:19:05,Argos,0,282,NK,,401677314.32,02/18/2020 07:21:26,1,2,0,-137,401677314.32,156.4265,-10.6808,156.4265,-10.6808,0,3,3025,50932,179,7,7272,80,56,29,,,,,,,,,,,,,,,,,,,,,,,,,,,,,
"",178942,5171,-10.76557,156.40528,B,02/19/2020 06:58:00,Argos,0,0,SR,,401677345.1,02/19/2020 06:58:00,1,1,0,-134,401677345.1,156.40528,-10.76557,156.40527,-10.76557,0,2,29577,34892,25071,53,13911,68,107,5,,,,,,,,,,,,,,,,,,,,,,,,,,,,,
"",178942,5171,-10.8444,156.64401,B,02/19/2020 07:10:17,Argos,0,39,NP,,401677284.88,02/19/2020 07:09:58,1,2,0,-131,401677284.88,156.64401,-10.8444,156.64401,-10.8444,6,3,21750,57696,8199,50,12739,100,192,14,,,,,,,,,,,,,,,,,,,,,,,,,,,,,
"",178942,5171,-10.8444,156.64401,B,02/19/2020 07:10:17,Argos,0,39,NP,,401677284.88,02/19/2020 07:10:37,1,2,0,-131,401677284.88,156.64401,-10.8444,156.64401,-10.8444,6,3,21750,57696,8199,50,12739,10,0,16,,,,,,,,,,,,,,,,,,,,,,,,,,,,,
"",178942,5171,-10.91993,156.68842,B,02/19/2020 10:47:15,Argos,0,0,MB,,401677251.1,02/19/2020 10:47:15,1,1,0,-129,401677251.1,156.68842,-10.91993,156.68842,-10.91993,8,3,13299,40755,4339,52,13037,75,104,5,,,,,,,,,,,,,,,,,,,,,,,,,,,,,
"",178942,5171,-10.59507,157.19627,B,02/20/2020 06:28:22,Argos,0,63,SR,,401677369.64,02/20/2020 06:27:51,1,2,0,-132,401677369.64,157.19627,-10.59507,157.19627,-10.59507,0,3,6822,66677,697,92,9238,10,0,16,,,,,,,,,,,,,,,,,,,,,,,,,,,,,
"",178942,5171,-10.59507,157.19627,B,02/20/2020 06:28:22,Argos,0,63,SR,,401677369.64,02/20/2020 06:28:54,1,2,0,-132,401677369.64,157.19627,-10.59507,157.19627,-10.59507,0,3,6822,66677,697,92,9238,75,104,5,,,,,,,,,,,,,,,,,,,,,,,,,,,,,
"",178942,5171,-10.6176,157.48992,B,02/20/2020 06:54:47,Argos,0,0,NP,,401677270.15,02/20/2020 06:54:47,1,1,0,-121,401677270.15,157.48992,-10.6176,157.48991,-10.6176,6,3,4163,12341,1404,86,4929,90,69,95,,,,,,,,,,,,,,,,,,,,,,,,,,,,,
"",178942,5171,-10.61424,157.51777,B,02/20/2020 08:30:28,Argos,0,0,NP,,401677286.93,02/20/2020 08:30:28,1,1,0,-137,401677286.93,157.51777,-10.61424,157.51778,-10.61424,8,3,5225,9336,2923,86,6213,83,70,15,,,,,,,,,,,,,,,,,,,,,,,,,,,,,
"",178942,5171,-10.3817,157.82657,B,02/20/2020 20:41:00,Argos,0,0,SR,,401677362.05,02/20/2020 20:41:00,1,1,0,-135,401677362.05,157.82657,-10.3817,,,0,3,6360,11023,3668,101,10372,75,104,5,,,,,,,,,,,,,,,,,,,,,,,,,,,,,
"",178942,5171,-10.26413,157.95212,B,02/20/2020 20:50:11,Argos,0,0,NK,,401677185.19,02/20/2020 20:50:11,1,1,0,-129,401677185.19,157.95212,-10.26413,157.95212,-10.26413,6,3,5767,114923,289,71,3594,22,75,24,,,,,,,,,,,,,,,,,,,,,,,,,,,,,
"",178942,5171,-10.26413,157.95212,B,02/20/2020 20:50:11,Argos,0,0,NK,,401677185.19,02/20/2020 20:52:35,1,1,0,-129,401677185.19,157.95212,-10.26413,157.95212,-10.26413,6,3,5767,114923,289,71,3594,90,107,31,,,,,,,,,,,,,,,,,,,,,,,,,,,,,
"",178942,5171,-10.24482,157.994,B,02/20/2020 21:36:17,Argos,0,69,NN,,401677283.94,02/20/2020 21:35:42,1,2,0,-133,401677283.94,157.994,-10.24482,157.994,-10.24482,4,3,22895,219129,2392,114,9256,22,75,24,,,,,,,,,,,,,,,,,,,,,,,,,,,,,
"",178942,5171,-10.24482,157.994,B,02/20/2020 21:36:17,Argos,0,69,NN,,401677283.94,02/20/2020 21:36:52,1,2,0,-133,401677283.94,157.994,-10.24482,157.994,-10.24482,4,3,22895,219129,2392,114,9256,79,108,5,,,,,,,,,,,,,,,,,,,,,,,,,,,,,
"",178942,5171,-10.23584,158.03553,B,02/20/2020 21:56:26,Argos,0,230,MA,,401677295.16,02/20/2020 21:54:32,1,2,1,-118,401677295.16,158.03553,-10.23584,158.03552,-10.23584,6,3,6988,248015,196,92,3815,100,134,0,,,,,,,,,,,,,,,,,,,,,,,,,,,,,
"",178942,5171,-10.23584,158.03553,B,02/20/2020 21:56:26,Argos,0,230,MA,,401677295.16,02/20/2020 21:58:22,1,2,1,-118,401677295.16,158.03553,-10.23584,158.03552,-10.23584,6,3,6988,248015,196,92,3815,22,75,24,,,,,,,,,,,,,,,,,,,,,,,,,,,,,
"",178942,5171,-10.23598,157.9972,A,02/20/2020 22:22:17,Argos,0,195,MC,,401677285.34,02/20/2020 22:20:13,1,3,2,-118,401677285.34,157.9972,-10.23598,157.9972,-10.23598,6,3,388,2238,67,166,1050,74,109,5,,,,,,,,,,,,,,,,,,,,,,,,,,,,,
"",178942,5171,-10.23598,157.9972,A,02/20/2020 22:22:17,Argos,0,195,MC,,401677285.34,02/20/2020 22:23:12,1,3,2,-118,401677285.34,157.9972,-10.23598,157.9972,-10.23598,6,3,388,2238,67,166,1050,10,0,16,,,,,,,,,,,,,,,,,,,,,,,,,,,,,
"",178942,5171,-10.23598,157.9972,A,02/20/2020 22:22:17,Argos,0,195,MC,,401677285.34,02/20/2020 22:23:28,1,3,2,-118,401677285.34,157.9972,-10.23598,157.9972,-10.23598,6,3,388,2238,67,166,1050,22,75,24,,,,,,,,,,,,,,,,,,,,,,,,,,,,,
"",178942,5171,-10.23196,158.02692,A,02/20/2020 23:09:45,Argos,0,35,NN,,401677254.43,02/20/2020 23:09:28,1,2,0,-131,401677254.43,158.02692,-10.23196,158.02692,-10.23196,0,3,812,3447,191,24,821,89,149,31,,,,,,,,,,,,,,,,,,,,,,,,,,,,,
"",178942,5171,-10.185,158.01641,B,02/20/2020 23:09:45,Argos,0,35,MB,,401677343.06,02/20/2020 23:09:28,1,2,0,-127,401677343.06,158.01641,-10.185,158.0164,-10.185,6,3,692,1858,257,167,1932,89,149,31,,,,,,,,,,,,,,,,,,,,,,,,,,,,,
"",178942,5171,-10.23196,158.02692,A,02/20/2020 23:09:45,Argos,0,35,NN,,401677254.43,02/20/2020 23:10:03,1,2,0,-131,401677254.43,158.02692,-10.23196,158.02692,-10.23196,0,3,812,3447,191,24,821,100,134,0,,,,,,,,,,,,,,,,,,,,,,,,,,,,,
"",178942,5171,-10.185,158.01641,B,02/20/2020 23:09:45,Argos,0,35,MB,,401677343.06,02/20/2020 23:10:03,1,2,0,-127,401677343.06,158.01641,-10.185,158.0164,-10.185,6,3,692,1858,257,167,1932,100,134,0,,,,,,,,,,,,,,,,,,,,,,,,,,,,,
"",178942,5171,-10.23196,158.02692,A,02/20/2020 23:09:45,Argos,0,35,NN,,401677254.43,02/20/2020 23:15:06,1,2,0,-131,401677254.43,158.02692,-10.23196,158.02692,-10.23196,0,3,812,3447,191,24,821,10,0,16,,,,,,,,,,,,,,,,,,,,,,,,,,,,,
"",178942,5171,-10.17678,158.06839,B,02/21/2020 00:06:42,Argos,0,0,MC,,401677295.08,02/21/2020 00:06:42,1,1,0,-130,401677295.08,158.06839,-10.17678,158.06839,-10.17678,8,3,6794,7876,5860,30,3142,67,112,5,,,,,,,,,,,,,,,,,,,,,,,,,,,,,
"",178942,5171,-10.20249,158.04444,B,02/21/2020 06:00:10,Argos,0,187,SR,,401677291.53,02/21/2020 05:58:37,1,2,0,-136,401677291.53,158.04444,-10.20249,158.04443,-10.20249,8,3,4363,53091,358,174,5547,79,124,4,,,,,,,,,,,,,,,,,,,,,,,,,,,,,
"",178942,5171,-10.20249,158.04444,B,02/21/2020 06:00:10,Argos,0,187,SR,,401677291.53,02/21/2020 06:01:44,1,2,0,-136,401677291.53,158.04444,-10.20249,158.04443,-10.20249,8,3,4363,53091,358,174,5547,83,232,31,,,,,,,,,,,,,,,,,,,,,,,,,,,,,
"",178942,5171,,,,,,,0,NK,,401650000,03/01/2020 09:01:14,1,1,0,-137,401650000,,,,,,,,,,,,68,123,5,,,,,,,,,,,,,,,,,,,,,,,,,,,,,
"",178942,5171,,,,,,,0,MA,,401650000,03/01/2020 09:01:14,1,1,0,-135,401650000,,,,,,,,,,,,68,123,5,,,,,,,,,,,,,,,,,,,,,,,,,,,,,
"",178942,5171,,,,,,,0,MC,,401650000,03/25/2020 22:21:38,1,1,0,-130,401650000,,,,,,,,,,,,10,0,16,,,,,,,,,,,,,,,,,,,,,,,,,,,,,
"",178942,5171,,,,,,,0,NP,,401650000,03/30/2020 07:37:11,1,1,0,-124,401650000,,,,,,,,,,,,69,78,5,,,,,,,,,,,,,,,,,,,,,,,,,,,,,
"",178942,5171,,,,,,,14,NP,,401650000,04/14/2020 08:02:00,1,2,0,-136,401650000,,,,,,,,,,,,10,0,16,,,,,,,,,,,,,,,,,,,,,,,,,,,,,
"",178942,5171,,,,,,,14,NP,,401650000,04/14/2020 08:02:15,1,2,0,-136,401650000,,,,,,,,,,,,22,75,24,,,,,,,,,,,,,,,,,,,,,,,,,,,,,
