DeployID,Ptt,Instr,RecordType,MsgCount,Duplicates,Corrupt,AvgInterval,MinInterval,Date,Satellite,LocationQuality,Latitude,Longitude,Latitude2,Longitude2,IQ,Duration,Frequency,Power
227998,227998,UT,DS,1,0,0,,,07:07:27 15-Feb-2022,NP,,,,,,,,401650000,-140
227998,227998,UT,DS,4,0,0,90,90,08:03:51 15-Feb-2022,NK,3,-29.0386,167.9453,-29.0386,167.9453,68,,401677529,-125
227998,227998,UT,DS,5,0,0,90,88,08:49:40 15-Feb-2022,NP,3,-29.0394,167.9421,-29.0394,167.9421,50,,401677535,-124
227998,227998,UT,DS,3,0,1,134,87,09:08:48 15-Feb-2022,MC,A,-29.0438,167.9511,-29.0438,167.9511,6,,401677534,-133
227998,227998,UT,DS,5,0,0,91,90,10:49:46 15-Feb-2022,MC,3,-29.0413,167.9412,-29.0413,167.9412,58,,401677537,-116
227998,227998,UT,DS,6,0,0,91,89,10:52:03 15-Feb-2022,NN,3,-29.0384,167.9492,-29.0384,167.9492,56,,401677536,-126
227998,227998,UT,DS,1,0,0,,,12:20:45 25-Feb-2022,MC,,,,,,,,401650000,-126
227998,227998,UT,DS,1,0,0,,,09:59:31 26-Feb-2022,NP,,,,,,,,401650000,-129
227998,227998,UT,DS,1,0,0,,,09:59:31 26-Feb-2022,NK,,,,,,,,401650000,-135
227998,227998,UT,DS,1,0,0,,,10:22:32 26-Feb-2022,MC,,,,,,,,401650000,-120
227998,227998,UT,DS,1,0,0,,,10:22:32 26-Feb-2022,NN,,,,,,,,401650000,-135
227998,227998,UT,DS,1,0,1,,,21:42:30 26-Feb-2022,MC,,,,,,,,401650000,-127
227998,227998,UT,DS,1,0,1,,,21:42:30 26-Feb-2022,NN,,,,,,,,401650000,-132
227998,227998,UT,DS,1,0,0,,,19:16:39 27-Feb-2022,NK,,,,,,,,401650000,-135
227998,227998,UT,DS,1,0,0,,,11:00:43 01-Mar-2022,MC,,,,,,,,401650000,-115
227998,227998,UT,DS,1,0,0,,,13:07:56 01-Mar-2022,NN,,,,,,,,401650000,-135
227998,227998,UT,DS,5,0,1,30,15,18:38:37 02-Mar-2022,A1,3,-28.8901,167.8722,-28.8901,167.8722,50,,401677548,-124
227998,227998,UT,DS,3,0,1,39,19,07:11:32 03-Mar-2022,SR,A,-28.9500,167.8902,-28.9500,167.8902,,,401677542,-126
227998,227998,UT,DS,3,0,0,74,68,09:41:35 03-Mar-2022,NK,A,-28.9941,167.8427,-28.9941,167.8427,8,,401677537,-128
227998,227998,UT,DS,7,1,2,,,10:14:37 03-Mar-2022,MC,2,-29.0142,167.7609,-29.0142,167.7609,58,,401677544,-116
227998,227998,UT,DS,1,0,0,,,19:54:49 03-Mar-2022,A1,B,-29.1702,167.7245,-29.1702,167.7245,8,,401677509,-133
227998,227998,UT,DS,1,0,1,,,05:02:26 04-Mar-2022,SR,B,-29.2047,167.6868,-29.2047,167.6868,8,,401677483,-138
227998,227998,UT,DS,3,0,1,93,34,07:36:09 04-Mar-2022,NK,A,-29.1350,167.7851,-29.1350,167.7851,7,,401677537,-135
227998,227998,UT,DS,1,0,0,,,09:13:39 04-Mar-2022,NK,B,-29.1000,167.7534,-29.1000,167.7534,8,,401677537,-127
227998,227998,UT,DS,2,0,0,16,16,10:30:53 04-Mar-2022,NP,B,-29.0998,167.8189,-29.0998,167.8189,8,,401677552,-132
227998,227998,UT,DS,5,0,0,49,19,18:28:34 04-Mar-2022,NP,0,-29.0809,167.7324,-29.0809,167.7324,58,,401677530,-131
227998,227998,UT,DS,6,0,1,50,21,18:49:08 04-Mar-2022,NK,0,-29.0522,167.7280,-29.0522,167.7280,56,,401677544,-129
227998,227998,UT,DS,14,2,1,,,18:51:56 04-Mar-2022,SR,1,-29.0539,167.7395,-29.0539,167.7395,56,,401677545,-126
227998,227998,UT,DS,2,0,1,100,100,19:38:20 04-Mar-2022,A1,B,-29.0654,167.7421,-29.0654,167.7421,7,,401677555,-132
227998,227998,UT,DS,1,0,0,,,23:01:06 04-Mar-2022,MC,B,-29.0773,167.7281,-29.0773,167.7281,8,,401677531,-132
227998,227998,UT,DS,18,7,1,,,06:07:42 05-Mar-2022,SR,2,-29.0236,167.4895,-29.0236,167.4895,58,,401677542,-121
227998,227998,UT,DS,13,3,1,,,06:14:09 05-Mar-2022,A1,1,-29.0245,167.4891,-29.0245,167.4891,56,,401677542,-122
227998,227998,UT,DS,2,0,0,29,29,07:04:40 05-Mar-2022,NK,B,-29.0169,167.4724,-29.0169,167.4724,8,,401677538,-133
227998,227998,UT,DS,2,0,1,18,18,09:43:11 05-Mar-2022,MC,B,-29.0143,167.4361,-29.0143,167.4361,8,,401677555,-127
227998,227998,UT,DS,1,0,0,,,18:25:19 05-Mar-2022,SR,B,-28.8777,167.3173,-28.8777,167.3173,8,,401677581,-130
227998,227998,UT,DS,1,0,1,,,19:30:20 05-Mar-2022,A1,B,-28.8681,167.2368,-28.8681,167.2368,8,,401677548,-139
227998,227998,UT,DS,1,0,0,,,23:33:31 05-Mar-2022,NN,B,-28.8186,167.1582,-28.8186,167.1582,8,,401677522,-129
227998,227998,UT,DS,6,0,1,120,42,05:35:48 06-Mar-2022,SR,3,-28.6813,167.0013,-28.6813,167.0013,58,,401677539,-125
227998,227998,UT,DS,3,0,0,62,48,06:02:31 06-Mar-2022,A1,A,-28.6676,166.9961,-28.6676,166.9961,6,,401677542,-124
227998,227998,UT,DS,6,0,2,61,21,19:10:30 06-Mar-2022,A1,2,-28.5571,166.6545,-28.5571,166.6545,50,,401677541,-122
227998,227998,UT,DS,3,0,0,150,104,19:48:46 06-Mar-2022,NP,A,-28.5421,166.6624,-28.5421,166.6624,8,,401677539,-124
227998,227998,UT,DS,1,0,0,,,21:14:46 06-Mar-2022,NK,B,-28.5184,166.6372,-28.5184,166.6372,8,,401677532,-130
227998,227998,UT,DS,1,0,0,,,21:43:49 06-Mar-2022,NN,B,-28.5080,166.6290,-28.5080,166.6290,8,,401677529,-128
227998,227998,UT,DS,1,0,0,,,22:17:07 06-Mar-2022,MC,B,-28.5062,166.6178,-28.5062,166.6178,8,,401677536,-129
227998,227998,UT,DS,1,0,0,,,05:04:35 07-Mar-2022,SR,B,-28.3173,166.5362,-28.3173,166.5362,8,,401677506,-133
227998,227998,UT,DS,7,1,1,,,05:44:33 07-Mar-2022,A1,2,-28.2211,166.5085,-28.2211,166.5085,55,,401677540,-130
227998,227998,UT,DS,5,1,1,,,06:44:55 07-Mar-2022,SR,0,-28.1630,166.4925,-28.1630,166.4925,48,,401677541,-127
227998,227998,UT,DS,2,0,0,111,111,07:18:35 07-Mar-2022,A1,B,-28.1535,166.4380,-28.1535,166.4380,7,,401677551,-134
227998,227998,UT,DS,2,0,1,16,16,11:58:33 07-Mar-2022,NN,B,-27.9374,166.1510,,,8,,401677535,-124
227998,227998,UT,DS,1,0,0,,,19:07:05 07-Mar-2022,SR,B,-27.6266,165.8354,-27.6266,165.8354,8,,401677497,-133
227998,227998,UT,DS,1,0,0,,,19:07:05 07-Mar-2022,NK,B,-27.9776,166.1991,-27.9776,166.1991,,,401677540,-127
227998,227998,UT,DS,1,0,0,,,19:34:42 07-Mar-2022,NP,B,-27.9876,166.1873,-27.9876,166.1873,6,,401677543,-126
227998,227998,UT,DS,3,0,0,108,40,06:12:12 08-Mar-2022,SR,A,-28.1364,166.0510,-28.1364,166.0510,8,,401677539,-127
227998,227998,UT,DS,2,0,0,406,406,07:31:50 08-Mar-2022,NK,B,-28.1387,166.0419,-28.1387,166.0419,8,,401677532,-130
227998,227998,UT,DS,3,0,0,310,85,18:30:00 08-Mar-2022,SR,A,-28.3716,166.0396,-28.3716,166.0396,8,,401677539,-129
227998,227998,UT,DS,1,0,0,,,18:36:24 08-Mar-2022,A1,B,-28.3716,166.0397,-28.3716,166.0397,6,,401677541,-135
227998,227998,UT,DS,1,0,0,,,21:05:14 08-Mar-2022,NP,B,-28.3665,165.9828,-28.3665,165.9828,7,,401677572,-130
227998,227998,UT,DS,1,0,0,,,23:14:26 08-Mar-2022,MC,B,-28.3634,165.9816,-28.3634,165.9816,7,,401677594,-124
227998,227998,UT,DS,5,0,1,87,23,05:13:22 09-Mar-2022,A1,1,-28.4668,166.2496,-28.4668,166.2496,58,,401677539,-134
227998,227998,UT,DS,1,0,1,,,05:44:25 09-Mar-2022,SR,B,-28.4650,166.2500,-28.4650,166.2500,8,,401677509,-133
227998,227998,UT,DS,3,0,1,75,50,06:45:52 09-Mar-2022,A1,A,-28.4489,166.2870,-28.4489,166.2870,8,,401677535,-128
227998,227998,UT,DS,1,0,0,,,07:24:55 09-Mar-2022,SR,B,-28.4454,166.2942,-28.4454,166.2942,8,,401677543,-136
227998,227998,UT,DS,4,0,0,67,32,09:57:04 09-Mar-2022,MC,1,-28.4385,166.3374,-28.4385,166.3374,58,,401677541,-119
227998,227998,UT,DS,8,0,2,57,16,19:10:32 09-Mar-2022,NP,0,-28.4196,166.6158,-34.0503,-167.2116,48,,401677497,-126
227998,227998,UT,DS,4,0,0,46,18,19:37:43 09-Mar-2022,SR,0,-28.3046,166.4461,-28.3046,166.4461,58,,401677532,-120
227998,227998,UT,DS,1,0,0,,,19:53:16 09-Mar-2022,NK,B,-28.3046,166.4468,-28.3046,166.4468,6,,401677541,-133
227998,227998,UT,DS,6,0,1,69,19,05:07:19 10-Mar-2022,SR,1,-28.1888,166.6390,-28.1888,166.6390,58,,401677545,-130
227998,227998,UT,DS,3,0,0,268,34,06:32:03 10-Mar-2022,A1,A,-28.1568,166.6867,-28.1568,166.6867,8,,401677538,-129
227998,227998,UT,DS,5,0,1,61,29,06:52:49 10-Mar-2022,SR,0,-28.1897,166.6896,-28.1897,166.6896,56,,401677539,-123
227998,227998,UT,DS,1,0,1,,,09:56:48 10-Mar-2022,NK,B,-28.1496,166.7519,-28.1496,166.7519,8,,401677539,-132
227998,227998,UT,DS,1,0,0,,,17:29:26 10-Mar-2022,SR,B,-28.1914,166.8153,-28.1914,166.8153,8,,401677492,-134
227998,227998,UT,DS,2,0,0,54,54,19:12:16 10-Mar-2022,SR,B,-28.3101,166.6587,-28.3101,166.6587,7,,401677540,-126
227998,227998,UT,DS,1,0,0,,,19:46:14 10-Mar-2022,A1,B,-28.2977,166.7728,-28.2977,166.7728,6,,401677564,-139
227998,227998,UT,DS,2,0,1,439,439,18:49:41 11-Mar-2022,NP,B,-28.1409,166.7056,-28.1409,166.7056,,,401677526,-137
227998,227998,UT,DS,1,0,0,,,19:06:19 11-Mar-2022,NK,B,-28.1387,166.7212,-28.1387,166.7212,6,,401677527,-130
227998,227998,UT,DS,1,0,1,,,20:23:13 11-Mar-2022,NP,B,-28.1274,166.7849,-28.1274,166.7849,8,,401677539,-127
227998,227998,UT,DS,1,0,1,,,22:50:24 11-Mar-2022,MB,B,-28.1318,166.7542,-28.1318,166.7542,8,,401677534,-133
227998,227998,UT,DS,1,0,0,,,23:49:57 11-Mar-2022,MC,B,-28.0923,166.7478,-28.0923,166.7478,8,,401677499,-129
227998,227998,UT,DS,1,0,0,,,18:48:03 12-Mar-2022,NK,B,-27.8810,166.7531,-27.8810,166.7531,,,401677519,-135
227998,227998,UT,DS,1,0,0,,,20:10:36 12-Mar-2022,MC,B,-27.8600,166.9646,-27.8600,166.9646,,,401677506,-130
227998,227998,UT,DS,2,0,0,317,317,20:15:52 12-Mar-2022,NP,B,-27.7430,167.1637,-27.7430,167.1637,,,401677554,-124
227998,227998,UT,DS,1,0,0,,,20:28:32 12-Mar-2022,NK,B,-27.7435,167.1328,-27.7435,167.1328,6,,401677487,-133
227998,227998,UT,DS,1,0,0,,,07:07:27 13-Mar-2022,NP,B,-27.3867,167.1738,-27.3867,167.1738,8,,401677568,-140
227998,227998,UT,DS,1,0,1,,,07:16:45 13-Mar-2022,A1,B,-27.4265,167.1254,-27.4265,167.1254,6,,401677619,-133
227998,227998,UT,DS,7,1,1,,,18:56:36 13-Mar-2022,A1,1,-27.2207,166.8665,-27.2207,166.8665,48,,401677538,-120
227998,227998,UT,DS,2,0,0,133,133,20:02:25 13-Mar-2022,NK,B,-27.2033,166.8669,-27.2033,166.8669,8,,401677536,-129
227998,227998,UT,DS,1,0,0,,,20:01:19 13-Mar-2022,NP,B,-27.1994,166.8693,-27.1994,166.8693,8,,401677539,-124
227998,227998,UT,DS,1,0,1,,,21:43:56 13-Mar-2022,NP,B,-27.1631,166.8747,-27.1631,166.8747,8,,401677534,-135
227998,227998,UT,DS,1,0,0,,,18:29:14 15-Mar-2022,A1,,,,,,,,401650000,-137
227998,227998,UT,DS,1,0,0,,,18:52:07 17-Mar-2022,SR,,,,,,,,401650000,-125
227998,227998,UT,DS,2,0,0,304,304,05:59:11 18-Mar-2022,SR,B,-24.7281,165.5688,-24.7281,165.5688,,,401677565,-129
227998,227998,UT,DS,1,0,0,,,07:33:22 18-Mar-2022,SR,B,-24.7018,165.5677,-24.7018,165.5677,8,,401677549,-134
227998,227998,UT,DS,1,0,0,,,07:33:22 18-Mar-2022,A1,B,-24.6993,165.5636,-24.6993,165.5636,8,,401677573,-137
227998,227998,UT,DS,1,0,0,,,11:26:11 18-Mar-2022,NN,B,-24.7258,165.5652,-24.7258,165.5652,8,,401677548,-130
227998,227998,UT,DS,1,0,0,,,19:03:32 18-Mar-2022,NP,B,-24.5211,165.5411,-24.5211,165.5411,8,,401677524,-132
227998,227998,UT,DS,3,0,0,16,16,19:27:58 18-Mar-2022,NK,A,-24.5132,165.5039,-24.5132,165.5039,6,,401677501,-126
227998,227998,UT,DS,2,0,0,18,18,21:20:12 18-Mar-2022,MC,B,-24.5092,165.5051,-24.5092,165.5051,8,,401677488,-124
227998,227998,UT,DS,1,0,0,,,05:27:04 19-Mar-2022,SR,B,-24.3120,165.5153,-24.3120,165.5153,8,,401677470,-129
227998,227998,UT,DS,11,3,0,,,18:40:12 20-Mar-2022,NK,1,-24.0092,164.6324,-24.0092,164.6324,56,,401677538,-131
227998,227998,UT,DS,14,4,1,,,18:39:12 20-Mar-2022,NP,1,-24.0096,164.6384,-24.0096,164.6384,40,,401677507,-135
227998,227998,UT,DS,18,4,6,,,18:45:26 20-Mar-2022,A1,3,-24.0086,164.6301,-24.0086,164.6301,56,,401677535,-122
227998,227998,UT,DS,12,3,1,,,18:54:31 20-Mar-2022,SR,2,-24.0075,164.6462,-24.0075,164.6462,56,,401677536,-126
227998,227998,UT,DS,6,0,1,64,21,20:15:53 20-Mar-2022,NK,0,-24.0119,164.6532,-24.0119,164.6532,58,,401677535,-121
227998,227998,UT,DS,5,0,1,59,21,20:16:19 20-Mar-2022,NP,0,-24.0109,164.6464,-24.0109,164.6464,58,,401677535,-124
227998,227998,UT,DS,3,0,3,64,33,06:10:02 21-Mar-2022,SR,A,-23.9350,164.8555,-23.9350,164.8555,8,,401677517,-133
227998,227998,UT,DS,1,0,0,,,06:47:44 21-Mar-2022,A1,B,-23.9443,164.8626,-23.9443,164.8626,6,,401677536,-121
227998,227998,UT,DS,2,0,0,85,85,07:12:38 21-Mar-2022,NP,B,-24.0563,165.0155,-24.0563,165.0155,6,,401677515,-136
227998,227998,UT,DS,4,0,0,32,15,08:57:11 21-Mar-2022,NP,0,-24.0720,165.0281,-24.0720,165.0281,58,,401677533,-125
227998,227998,UT,DS,2,0,0,188,188,09:09:05 21-Mar-2022,MC,B,-24.0592,165.0971,-24.0592,165.0971,6,,401677531,-129
227998,227998,UT,DS,2,0,1,38,38,09:59:35 21-Mar-2022,MB,B,-24.0567,165.0995,-24.0567,165.0995,8,,401677528,-132
227998,227998,UT,DS,2,0,1,168,168,10:23:12 21-Mar-2022,NK,B,-24.0446,165.1271,-24.0446,165.1271,6,,401677526,-133
227998,227998,UT,DS,1,0,0,,,10:47:33 21-Mar-2022,MC,B,-24.0449,165.1271,-24.0449,165.1271,6,,401677529,-126
227998,227998,UT,DS,1,0,0,,,10:47:33 21-Mar-2022,NN,B,-24.0430,165.1277,-24.0430,165.1277,6,,401677528,-127
227998,227998,UT,DS,1,0,0,,,12:23:29 21-Mar-2022,NN,B,-24.0410,165.1322,-24.0410,165.1322,8,,401677519,-137
227998,227998,UT,DS,1,0,0,,,20:10:13 21-Mar-2022,NP,B,-23.8884,165.1940,-23.8884,165.1940,8,,401677491,-136
227998,227998,UT,DS,1,0,0,,,20:10:13 21-Mar-2022,SR,B,-23.9730,165.2030,-23.9730,165.2030,8,,401677568,-134
227998,227998,UT,DS,2,0,0,386,386,05:35:29 22-Mar-2022,SR,B,-23.8180,165.4524,-23.8180,165.4524,8,,401677493,-125
227998,227998,UT,DS,11,4,0,,,06:33:22 22-Mar-2022,A1,2,-23.7014,165.5808,-23.7014,165.5808,56,,401677531,-121
227998,227998,UT,DS,3,0,0,100,51,06:59:06 22-Mar-2022,NP,A,-23.6958,165.5865,-23.6958,165.5865,6,,401677548,-137
227998,227998,UT,DS,5,1,0,,,07:07:13 22-Mar-2022,SR,2,-23.6842,165.5962,-23.6842,165.5962,56,,401677529,-125
227998,227998,UT,DS,3,0,0,59,18,08:14:26 22-Mar-2022,NK,A,-23.6565,165.6414,-23.6565,165.6414,8,,401677530,-131
227998,227998,UT,DS,3,0,0,54,45,08:39:35 22-Mar-2022,NP,A,-23.6321,165.6647,-23.6321,165.6647,8,,401677530,-129
227998,227998,UT,DS,1,0,0,,,18:00:06 22-Mar-2022,SR,B,-23.2488,166.0802,-23.2488,166.0802,8,,401677545,-132
227998,227998,UT,DS,3,0,1,66,39,19:24:02 22-Mar-2022,NK,A,-23.3712,165.9365,-23.3712,165.9365,8,,401677527,-129
227998,227998,UT,DS,4,0,0,163,91,20:01:43 22-Mar-2022,NP,3,-23.3831,165.8957,-23.3831,165.8957,58,,401677531,-125
227998,227998,UT,DS,1,0,0,,,06:20:53 23-Mar-2022,A1,B,-23.1587,166.1036,-23.1587,166.1036,8,,401677539,-129
227998,227998,UT,DS,5,1,0,,,06:43:11 23-Mar-2022,SR,2,-23.1575,166.0402,-23.1575,166.0402,58,,401677530,-122
227998,227998,UT,DS,1,0,0,,,17:26:29 23-Mar-2022,SR,B,-22.9147,166.2527,-22.9147,166.2527,8,,401677532,-132
227998,227998,UT,DS,4,0,0,193,33,19:01:14 23-Mar-2022,SR,0,-22.8814,166.2455,-22.8814,166.2455,58,,401677532,-127
227998,227998,UT,DS,3,0,0,246,33,19:03:53 23-Mar-2022,NK,A,-22.8846,166.2357,-22.8846,166.2357,6,,401677530,-133
227998,227998,UT,DS,2,0,1,28,28,19:29:28 23-Mar-2022,A1,B,-22.8678,166.2429,-22.8678,166.2429,6,,401677527,-133
227998,227998,UT,DS,3,0,1,103,49,19:50:32 23-Mar-2022,NP,0,-22.8755,166.2356,-22.8755,166.2356,46,,401677526,-130
227998,227998,UT,DS,4,0,1,209,145,20:43:05 23-Mar-2022,NK,3,-22.8540,166.2512,-22.8540,166.2512,56,,401677529,-126
227998,227998,UT,DS,1,0,0,,,20:40:25 23-Mar-2022,SR,B,-22.8446,166.2643,-22.8446,166.2643,8,,401677526,-135
227998,227998,UT,DS,1,0,0,,,21:25:41 23-Mar-2022,NP,B,-22.8437,166.2643,-22.8437,166.2643,8,,401677530,-129
227998,227998,UT,DS,1,0,0,,,22:03:22 23-Mar-2022,MB,,,,,,,,401650000,
227998,227998,UT,DS,1,0,0,,,23:16:05 23-Mar-2022,NN,B,-22.7654,166.3434,-22.7654,166.3434,8,,401677544,-133
227998,227998,UT,DS,4,0,0,80,54,06:02:09 24-Mar-2022,A1,3,-22.6586,166.2890,-22.6586,166.2890,58,,401677527,-125
227998,227998,UT,DS,7,1,1,,,06:09:43 24-Mar-2022,SR,3,-22.6554,166.2890,-22.6554,166.2890,56,,401677527,-130
227998,227998,UT,DS,1,0,0,,,07:24:32 24-Mar-2022,NK,B,-22.6170,166.3166,-22.6170,166.3166,8,,401677521,-135
227998,227998,UT,DS,2,0,0,213,213,07:45:56 24-Mar-2022,SR,B,-22.6014,166.3219,-22.6014,166.3219,8,,401677538,-135
227998,227998,UT,DS,1,0,0,,,07:17:31 25-Mar-2022,SR,B,-22.5048,166.4260,-22.5048,166.4260,,,401677518,-126
227998,227998,UT,DS,1,0,0,,,07:17:31 25-Mar-2022,A1,B,-22.4692,166.4068,-22.4692,166.4068,,,401677559,-138
227998,227998,UT,DS,2,0,1,183,183,08:00:40 25-Mar-2022,NP,B,-22.3557,166.3300,-22.3557,166.3300,8,,401677524,-132
227998,227998,UT,DS,2,0,0,21,21,08:42:51 25-Mar-2022,NK,B,-22.2772,166.2394,-22.2772,166.2394,6,,401677545,-125
227998,227998,UT,DS,3,0,0,129,88,05:07:05 26-Mar-2022,SR,A,-22.1164,165.9884,-22.1164,165.9884,,,401677816,-133
227998,227998,UT,DS,1,0,0,,,05:32:15 26-Mar-2022,A1,B,-22.1155,165.9887,-22.1155,165.9887,6,,401677531,-137
227998,227998,UT,DS,13,4,0,,,06:48:47 26-Mar-2022,SR,3,-22.0753,165.9454,-22.0753,165.9454,58,,401677532,-121
227998,227998,UT,DS,11,2,0,,,07:03:35 26-Mar-2022,A1,3,-22.0672,165.9516,-22.0672,165.9516,56,,401677533,-125
227998,227998,UT,DS,1,0,0,,,11:26:38 26-Mar-2022,NN,B,-21.8863,165.8168,-21.8863,165.8168,8,,401677490,-122
227998,227998,UT,DS,16,4,2,,,19:06:09 26-Mar-2022,SR,1,-21.9355,165.8128,-21.9355,165.8128,58,,401677539,-120
227998,227998,UT,DS,12,2,1,,,19:15:31 26-Mar-2022,NP,3,-21.9305,165.8235,-21.9305,165.8235,56,,401677539,-130
227998,227998,UT,DS,1,0,0,,,19:24:20 26-Mar-2022,NK,B,-21.9256,165.8197,-21.9256,165.8197,6,,401677535,-128
227998,227998,UT,DS,1,0,0,,,06:20:39 27-Mar-2022,SR,B,-21.5811,165.5138,-21.5811,165.5138,8,,401677547,-129
227998,227998,UT,DS,12,3,1,,,06:48:31 27-Mar-2022,A1,3,-21.8037,165.5866,-21.8037,165.5866,56,,401677532,-122
227998,227998,UT,DS,2,0,0,287,287,09:19:48 27-Mar-2022,NP,B,-21.7650,165.5374,-21.7650,165.5374,8,,401677532,-122
227998,227998,UT,DS,2,0,0,20,20,11:17:37 27-Mar-2022,MB,B,-21.7196,165.4814,-21.7196,165.4814,8,,401677531,-130
227998,227998,UT,DS,6,0,0,78,20,11:19:56 27-Mar-2022,NN,1,-21.7503,165.5192,-21.7503,165.5192,56,,401677538,-127
227998,227998,UT,DS,3,0,1,73,38,12:06:47 27-Mar-2022,MC,A,-21.7255,165.5184,-21.7255,165.5184,8,,401677528,-121
227998,227998,UT,DS,1,0,0,,,19:02:02 27-Mar-2022,NP,B,-21.6220,165.4358,-21.6220,165.4358,8,,401677546,-136
227998,227998,UT,DS,3,0,0,130,35,19:04:45 27-Mar-2022,NK,A,-21.6222,165.3934,-21.6222,165.3934,6,,401677538,-130
227998,227998,UT,DS,1,0,0,,,20:37:25 27-Mar-2022,NP,B,-21.6299,165.3868,-21.6299,165.3868,8,,401677549,-131
227998,227998,UT,DS,1,0,0,,,20:37:25 27-Mar-2022,NK,B,-21.6255,165.3780,-21.6255,165.3780,,,401677542,-133
227998,227998,UT,DS,5,0,0,37,20,06:34:19 28-Mar-2022,A1,1,-21.5460,165.1657,-21.5460,165.1657,58,,401677533,-118
227998,227998,UT,DS,3,0,0,59,33,07:20:20 28-Mar-2022,SR,A,-21.5403,165.1757,-21.5403,165.1757,8,,401677563,-132
227998,227998,UT,DS,2,0,0,28,28,07:32:15 28-Mar-2022,NP,B,-21.6147,165.2710,-21.6147,165.2710,6,,401677595,-130
227998,227998,UT,DS,2,0,0,28,28,07:32:15 28-Mar-2022,NK,B,-21.5584,165.1946,-21.5584,165.1946,,,401677552,-135
227998,227998,UT,DS,11,3,0,,,19:48:29 28-Mar-2022,SR,3,-21.4239,164.9687,-21.4239,164.9687,50,,401677533,-121
227998,227998,UT,DS,7,1,0,,,19:49:48 28-Mar-2022,A1,3,-21.4248,164.9682,-21.4248,164.9682,56,,401677533,-130
227998,227998,UT,DS,4,0,0,83,63,20:20:05 28-Mar-2022,NK,0,-21.4217,164.9726,-21.4217,164.9726,48,,401677534,-120
227998,227998,UT,DS,3,0,0,152,121,20:22:44 28-Mar-2022,NP,A,-21.4223,164.9711,-21.4223,164.9711,8,,401677534,-132
227998,227998,UT,DS,1,0,0,,,06:49:31 29-Mar-2022,SR,B,-21.3120,164.8345,-21.3120,164.8345,8,,401677535,-130
227998,227998,UT,DS,2,0,0,296,296,19:22:45 29-Mar-2022,SR,B,-21.1355,164.6604,-21.1355,164.6604,,,401677534,-121
227998,227998,UT,DS,1,0,1,,,21:39:41 29-Mar-2022,MB,B,-21.1031,164.6237,-21.1031,164.6237,8,,401677527,-135
227998,227998,UT,DS,1,0,0,,,06:27:32 30-Mar-2022,SR,B,-20.9966,164.4924,-20.9966,164.4924,8,,401677525,-131
227998,227998,UT,DS,1,0,0,,,07:35:40 30-Mar-2022,A1,B,-21.0235,164.5231,-21.0235,164.5231,8,,401677527,-139
227998,227998,UT,DS,4,0,1,69,22,19:26:46 30-Mar-2022,NK,2,-20.9014,164.3656,-20.9014,164.3656,58,,401677533,-130
227998,227998,UT,DS,1,0,0,,,12:07:45 31-Mar-2022,NN,B,-20.6799,164.1291,-20.6799,164.1291,,,401677523,-128
227998,227998,UT,DS,4,0,0,47,16,07:08:53 01-Apr-2022,A1,1,-20.3752,163.9128,-20.3752,163.9128,50,,401677536,-129
227998,227998,UT,DS,7,1,1,,,06:29:55 02-Apr-2022,SR,3,-20.0579,163.6554,-20.0579,163.6554,50,,401677528,-121
227998,227998,UT,DS,14,5,2,,,06:50:19 02-Apr-2022,A1,3,-20.0424,163.6435,-20.0424,163.6435,56,,401677528,-121
227998,227998,UT,DS,1,0,1,,,07:02:24 02-Apr-2022,NK,B,-20.0492,163.6479,-20.0492,163.6479,7,,401677535,-140
227998,227998,UT,DS,11,3,1,,,08:05:07 02-Apr-2022,SR,1,-19.9896,163.6457,-19.9896,163.6457,58,,401677530,-129
227998,227998,UT,DS,6,2,0,,,08:08:14 02-Apr-2022,NP,1,-19.9930,163.6418,-19.9930,163.6418,56,,401677531,-132
227998,227998,UT,DS,4,0,0,38,15,08:47:42 02-Apr-2022,NK,0,-20.0101,163.6550,-20.0101,163.6550,48,,401677533,-128
227998,227998,UT,DS,4,0,1,77,22,09:53:47 02-Apr-2022,NP,1,-19.9744,163.6321,-19.9744,163.6321,58,,401677527,-125
227998,227998,UT,DS,2,0,1,51,51,09:55:43 02-Apr-2022,MC,B,-19.9810,163.6306,-19.9810,163.6306,6,,401677528,-130
227998,227998,UT,DS,6,0,0,37,18,10:19:36 02-Apr-2022,NK,1,-19.9751,163.6182,-19.9751,163.6182,56,,401677534,-132
227998,227998,UT,DS,1,0,0,,,10:44:27 02-Apr-2022,MB,B,-19.9581,163.6252,-19.9581,163.6252,8,,401677532,-133
227998,227998,UT,DS,4,0,1,208,47,05:59:48 03-Apr-2022,SR,3,-19.6298,163.3161,-19.6298,163.3161,50,,401677527,-133
227998,227998,UT,DS,13,5,1,,,06:34:43 03-Apr-2022,A1,1,-19.6095,163.3162,-19.6095,163.3162,48,,401677528,-125
227998,227998,UT,DS,2,0,0,230,230,07:39:39 03-Apr-2022,SR,B,-19.5811,163.3063,-19.5811,163.3063,8,,401677519,-123
227998,227998,UT,DS,1,0,0,,,09:58:50 03-Apr-2022,NK,B,-19.5157,163.2892,-19.5157,163.2892,8,,401677529,-130
227998,227998,UT,DS,2,0,1,136,136,18:25:46 03-Apr-2022,SR,B,-19.4783,163.2549,-19.4783,163.2549,8,,401677540,-126
227998,227998,UT,DS,4,0,1,142,17,19:15:30 03-Apr-2022,NP,1,-19.5070,163.2119,-19.5070,163.2119,58,,401677527,-135
227998,227998,UT,DS,2,0,0,106,106,19:26:22 03-Apr-2022,NK,B,-19.5067,163.2065,-19.5067,163.2065,6,,401677527,-130
227998,227998,UT,DS,2,0,0,23,23,19:54:04 03-Apr-2022,A1,B,-19.4804,163.1938,-19.4804,163.1938,8,,401677528,-134
227998,227998,UT,DS,5,0,1,133,17,19:59:19 03-Apr-2022,SR,2,-19.4895,163.1907,-19.4895,163.1907,56,,401677528,-125
227998,227998,UT,DS,6,0,0,45,30,20:49:18 03-Apr-2022,MC,1,-19.4963,163.1574,-19.4963,163.1574,58,,401677529,-129
227998,227998,UT,DS,18,4,3,,,20:49:42 03-Apr-2022,NP,2,-19.4992,163.1583,-19.4992,163.1583,56,,401677530,-127
227998,227998,UT,DS,16,4,0,,,20:59:31 03-Apr-2022,NK,3,-19.4994,163.1526,-19.4994,163.1526,6,,401677530,-128
227998,227998,UT,DS,1,0,1,,,09:21:31 04-Apr-2022,MC,B,-19.4750,162.8326,-19.4750,162.8326,,,401677514,-130
227998,227998,UT,DS,2,0,0,302,302,11:29:10 04-Apr-2022,NN,B,-19.4783,162.9617,-19.4783,162.9617,8,,401677528,-133
227998,227998,UT,DS,3,0,1,267,225,19:34:10 04-Apr-2022,SR,A,-19.2561,163.1001,-19.2561,163.1001,8,,401677535,-120
227998,227998,UT,DS,1,0,1,,,19:34:10 04-Apr-2022,A1,B,-19.2561,163.1001,-19.2561,163.1001,,,401677535,-129
227998,227998,UT,DS,1,0,0,,,08:59:17 06-Apr-2022,NP,,,,,,,,401650000,-138
227998,227998,UT,DS,2,0,1,185,185,12:00:54 06-Apr-2022,MC,B,-19.1683,163.5819,-19.1683,163.5819,,,401677583,-130
227998,227998,UT,DS,3,0,2,83,30,12:39:27 06-Apr-2022,NN,A,-19.0246,163.7148,-19.0246,163.7148,8,,401677523,-130
227998,227998,UT,DS,5,2,0,,,07:10:50 07-Apr-2022,A1,0,-18.8197,165.4648,-18.8197,165.4648,40,,401677373,-132
227998,227998,UT,DS,16,6,3,,,07:13:37 07-Apr-2022,SR,2,-19.5104,163.9065,-16.6673,150.9504,50,,401677531,-122
227998,227998,UT,DS,3,0,2,35,20,07:12:15 07-Apr-2022,NP,A,-18.6139,164.4291,-18.6139,164.4291,,,401677185,-139
227998,227998,UT,DS,2,0,0,18,18,08:18:11 07-Apr-2022,NK,B,-19.5322,163.9141,-19.5322,163.9141,8,,401677538,-127
227998,227998,UT,DS,10,1,2,,,08:52:43 07-Apr-2022,NP,0,-19.5445,163.9597,-19.5445,163.9597,58,,401677535,-122
227998,227998,UT,DS,4,0,0,139,52,10:44:08 07-Apr-2022,MB,0,-19.5930,163.9543,-19.5930,163.9543,58,,401677535,-131
227998,227998,UT,DS,8,2,1,,,10:48:39 07-Apr-2022,NN,1,-19.6000,163.9429,-19.6000,163.9429,46,,401677536,-126
227998,227998,UT,DS,1,0,0,,,11:34:42 07-Apr-2022,MC,B,-19.6006,164.0191,-19.6006,164.0191,7,,401677547,-132
227998,227998,UT,DS,24,10,1,,,06:42:24 08-Apr-2022,SR,0,-19.9252,164.2312,-19.9252,164.2312,40,,401677529,-119
227998,227998,UT,DS,21,7,2,,,06:52:09 08-Apr-2022,A1,3,-19.9437,164.2994,-19.9437,164.2994,56,,401677530,-123
227998,227998,UT,DS,1,0,0,,,07:02:07 08-Apr-2022,NP,B,-19.9321,164.2389,-19.9321,164.2389,6,,401677521,-140
227998,227998,UT,DS,5,0,0,40,18,10:20:42 08-Apr-2022,NP,0,-20.0535,164.3770,-20.0535,164.3770,56,,401677541,-131
227998,227998,UT,DS,4,0,1,34,18,10:20:12 08-Apr-2022,MB,0,-20.0330,164.3138,-20.0330,164.3138,58,,401677540,-129
227998,227998,UT,DS,1,0,1,,,06:34:03 09-Apr-2022,A1,B,-20.4617,164.8723,-20.4617,164.8723,,,401677515,-129
227998,227998,UT,DS,1,0,0,,,08:35:44 10-Apr-2022,NK,,,,,,,,401650000,-129
227998,227998,UT,DS,1,0,0,,,10:16:05 11-Apr-2022,MC,,,,,,,,401650000,-124
227998,227998,UT,DS,1,0,0,,,11:33:23 12-Apr-2022,MC,,,,,,,,401650000,-122
227998,227998,UT,DS,1,0,0,,,11:33:23 12-Apr-2022,NN,,,,,,,,401650000,-133
227998,227998,UT,DS,3,0,1,64,45,18:45:36 12-Apr-2022,SR,A,-20.5287,164.9264,-20.5287,164.9264,,,401677531,-131
227998,227998,UT,DS,4,0,1,56,17,19:01:24 12-Apr-2022,NK,0,-20.5443,164.9056,-20.5443,164.9056,46,,401677529,-129
227998,227998,UT,DS,6,0,3,97,17,19:05:07 12-Apr-2022,A1,1,-20.5492,164.9108,-20.5492,164.9108,56,,401677531,-126
227998,227998,UT,DS,9,3,2,,,19:11:47 12-Apr-2022,NP,2,-20.5500,164.9099,-20.5500,164.9099,56,,401677530,-129
227998,227998,UT,DS,1,0,0,,,20:32:02 12-Apr-2022,NK,B,-20.5711,164.9334,-20.5711,164.9334,8,,401677535,-129
227998,227998,UT,DS,1,0,0,,,20:49:26 12-Apr-2022,NP,B,-20.5788,164.9374,-20.5788,164.9374,8,,401677534,-122
227998,227998,UT,DS,1,0,0,,,05:36:59 13-Apr-2022,A1,B,-20.7138,165.0606,-20.7138,165.0606,8,,401677544,-135
227998,227998,UT,DS,1,0,0,,,21:07:27 14-Apr-2022,MB,,,,,,,,401650000,
227998,227998,UT,DS,2,0,1,328,328,22:08:00 14-Apr-2022,NP,B,-20.1979,164.3451,-20.1979,164.3451,,,401650000,-133
227998,227998,UT,DS,1,0,0,,,22:05:16 14-Apr-2022,MC,,,,,,,,401650000,-120
227998,227998,UT,DS,4,0,1,136,117,22:21:14 14-Apr-2022,NN,3,-20.1245,164.3550,-20.1245,164.3550,56,,401677530,-130
227998,227998,UT,DS,1,0,0,,,22:45:49 14-Apr-2022,MB,,,,,,,,401650000,
227998,227998,UT,DS,1,0,0,,,06:31:58 15-Apr-2022,A1,B,-20.2060,164.4136,-20.2060,164.4136,8,,401677528,-138
227998,227998,UT,DS,4,0,0,28,20,18:18:07 15-Apr-2022,A1,0,-19.9274,163.9740,-19.9274,163.9740,48,,401677547,-129
227998,227998,UT,DS,1,0,1,,,05:22:43 17-Apr-2022,SR,,,,,,,,401650000,-136
227998,227998,UT,DS,3,0,0,89,45,19:54:17 17-Apr-2022,NP,0,-19.4959,163.2282,-19.4959,163.2282,40,,401677536,-130
227998,227998,UT,DS,8,2,0,,,20:10:13 17-Apr-2022,NK,3,-19.4778,163.2203,-19.4778,163.2203,56,,401677532,-122
227998,227998,UT,DS,1,0,0,,,08:11:17 18-Apr-2022,SR,B,-19.5785,163.1597,-19.5785,163.1597,,,401677578,-130
227998,227998,UT,DS,8,2,0,,,19:20:35 19-Apr-2022,NK,1,-19.9991,163.6664,-19.9991,163.6664,50,,401677533,-127
227998,227998,UT,DS,4,0,1,99,39,19:24:29 19-Apr-2022,NP,0,-19.9866,163.6523,-19.9866,163.6523,40,,401677537,-127
227998,227998,UT,DS,1,0,0,,,18:36:36 20-Apr-2022,A1,B,-20.1896,163.7800,-20.1896,163.7800,,,401677510,-127
227998,227998,UT,DS,1,0,0,,,18:23:49 22-Apr-2022,SR,,,,,,,,401650000,-130
227998,227998,UT,DS,1,0,0,,,06:07:19 23-Apr-2022,A1,,,,,,,,401650000,-136
227998,227998,UT,DS,1,0,0,,,09:06:30 23-Apr-2022,NP,,,,,,,,401650000,-123
227998,227998,UT,DS,2,0,2,153,153,09:46:36 23-Apr-2022,NK,B,-20.4607,163.8480,-20.4607,163.8480,,,401677501,-128
227998,227998,UT,DS,4,0,3,71,38,19:19:00 23-Apr-2022,A1,0,-20.4791,164.0236,-20.4791,164.0236,58,,401677539,-129
227998,227998,UT,DS,4,0,3,71,38,19:19:00 23-Apr-2022,NK,1,-20.4820,164.0037,-20.4820,164.0037,58,,401677537,-123
227998,227998,UT,DS,1,0,0,,,09:26:16 24-Apr-2022,NK,B,-20.6422,164.0986,-20.6422,164.0986,,,401677521,-122
227998,227998,UT,DS,2,0,2,55,55,18:57:37 24-Apr-2022,NK,B,-20.7244,164.1609,-20.7244,164.1609,8,,401677515,-135
227998,227998,UT,DS,1,0,1,,,07:22:08 25-Apr-2022,NK,B,-20.8616,164.2602,-20.8616,164.2602,,,401677494,-133
227998,227998,UT,DS,1,0,0,,,19:37:18 26-Apr-2022,SR,,,,,,,,401650000,-135
227998,227998,UT,DS,1,0,0,,,19:37:18 26-Apr-2022,NK,,,,,,,,401650000,-137
227998,227998,UT,DS,1,0,0,,,06:40:06 27-Apr-2022,A1,,,,,,,,401650000,-127
227998,227998,UT,DS,10,1,3,,,06:49:03 27-Apr-2022,SR,1,-21.4518,165.0083,-21.4518,165.0083,40,,401677536,-123
227998,227998,UT,DS,2,0,0,28,28,11:50:30 27-Apr-2022,NN,B,-21.5139,165.0582,-21.5139,165.0582,8,,401677534,-124
227998,227998,UT,DS,1,0,1,,,19:07:32 29-Apr-2022,NP,,,,,,,,401650000,-131
227998,227998,UT,DS,1,0,0,,,19:19:09 29-Apr-2022,A1,,,,,,,,401650000,-127
227998,227998,UT,DS,1,0,0,,,20:44:30 29-Apr-2022,NP,,,,,,,,401650000,-135
227998,227998,UT,DS,2,0,1,39,39,23:42:57 02-May-2022,NN,B,-22.6211,167.0388,-22.6211,167.0388,,,401677390,-131
227998,227998,UT,DS,1,0,1,,,05:04:51 03-May-2022,A1,B,-22.6036,167.1337,-22.6036,167.1337,8,,401677340,-141
227998,227998,UT,DS,2,0,1,52,52,05:26:35 03-May-2022,SR,B,-22.2953,167.2954,-22.2953,167.2954,6,,401677513,-134
227998,227998,UT,DS,1,0,1,,,07:07:14 03-May-2022,SR,B,-22.3301,167.3694,-22.3301,167.3694,7,,401677540,-133
227998,227998,UT,DS,2,0,2,38,38,07:07:33 03-May-2022,NP,B,-22.3239,167.4093,-22.3239,167.4093,6,,401677545,-137
227998,227998,UT,DS,1,0,0,,,07:13:15 03-May-2022,NK,B,-22.3246,167.4115,-22.3246,167.4115,6,,401677545,-129
227998,227998,UT,DS,2,0,0,67,67,08:50:26 03-May-2022,NP,B,-22.3216,167.4383,-22.3216,167.4383,8,,401677537,-122
227998,227998,UT,DS,2,0,0,67,67,08:50:26 03-May-2022,NK,B,-22.3764,167.4983,-22.3764,167.4983,8,,401677541,-133
227998,227998,UT,DS,1,0,0,,,10:10:21 03-May-2022,MB,B,-22.3570,167.4842,-22.3570,167.4842,8,,401677537,-132
227998,227998,UT,DS,1,0,0,,,10:59:41 03-May-2022,MC,B,-22.3145,167.4504,-22.3145,167.4504,8,,401677529,-122
227998,227998,UT,DS,1,0,0,,,19:49:06 03-May-2022,A1,B,-22.2949,167.6319,-22.2949,167.6319,8,,401677477,-139
227998,227998,UT,DS,5,0,2,121,30,20:04:53 03-May-2022,NP,1,-22.3203,167.8053,-22.3203,167.8053,56,,401677537,-126
227998,227998,UT,DS,4,0,1,117,30,20:03:15 03-May-2022,NK,0,-22.3218,167.8143,,,46,,401677536,-120
227998,227998,UT,DS,4,0,1,138,117,20:29:25 03-May-2022,MC,1,-22.3456,167.8286,-22.3456,167.8286,56,,401677545,-130
227998,227998,UT,DS,1,0,0,,,21:15:01 03-May-2022,MB,B,-22.3126,167.8270,-22.3126,167.8270,8,,401677541,-127
227998,227998,UT,DS,2,0,1,114,114,04:50:02 04-May-2022,SR,B,-22.3304,168.0348,-22.3304,168.0348,8,,401677586,-135
227998,227998,UT,DS,10,3,1,,,06:22:37 04-May-2022,A1,1,-22.4503,168.1020,-22.4503,168.1020,48,,401677534,-120
227998,227998,UT,DS,10,3,2,,,06:30:13 04-May-2022,SR,0,-22.4491,168.0976,-22.4491,168.0976,46,,401677533,-122
227998,227998,UT,DS,2,0,0,50,50,08:27:24 05-May-2022,NP,B,-22.5102,168.1501,-22.5102,168.1501,,,401677509,-127
227998,227998,UT,DS,4,1,1,,,09:44:35 05-May-2022,NK,0,-22.1572,168.5311,-30.0725,131.6707,60,,401677519,-126
227998,227998,UT,DS,2,0,0,136,136,10:02:35 05-May-2022,NP,B,-22.1681,168.5396,-22.1681,168.5396,,,401677526,-131
227998,227998,UT,DS,5,0,1,87,52,18:49:31 06-May-2022,NK,2,-22.0435,168.6575,-22.0435,168.6575,50,,401677534,-128
227998,227998,UT,DS,3,0,1,74,52,19:06:30 06-May-2022,A1,A,-22.0359,168.6615,-22.0359,168.6615,,,401677538,-123
227998,227998,UT,DS,4,0,2,187,29,09:36:29 07-May-2022,MC,1,-22.0081,168.6316,-22.0081,168.6316,50,,401677537,-129
227998,227998,UT,DS,2,0,1,343,343,09:39:37 07-May-2022,NP,B,-22.0300,168.6349,-22.0300,168.6349,,,401677546,-131
227998,227998,UT,DS,2,0,0,35,35,17:21:42 07-May-2022,SR,B,-22.1226,168.7879,-22.1226,168.7879,8,,401677588,-136
227998,227998,UT,DS,7,0,0,37,21,18:50:57 07-May-2022,A1,2,-22.0404,168.6478,-22.0404,168.6478,58,,401677539,-121
227998,227998,UT,DS,2,0,1,49,49,18:54:08 07-May-2022,SR,B,-22.0409,168.6480,-22.0409,168.6480,6,,401677540,-134
227998,227998,UT,DS,9,2,2,,,06:06:27 08-May-2022,SR,3,-22.0201,168.6680,-22.0201,168.6680,58,,401677538,-125
227998,227998,UT,DS,3,1,0,,,06:51:43 08-May-2022,A1,A,-22.0275,168.6406,-22.0275,168.6406,8,,401677532,-130
227998,227998,UT,DS,1,0,0,,,07:44:55 08-May-2022,SR,B,-22.0265,168.6311,-22.0265,168.6311,,,401677537,-138
227998,227998,UT,DS,1,0,0,,,07:44:55 08-May-2022,NP,B,-22.0258,168.6286,-22.0258,168.6286,8,,401677537,-127
227998,227998,UT,DS,8,0,4,40,15,08:27:01 08-May-2022,NK,0,-22.0486,168.6366,-22.0486,168.6366,58,,401677537,-122
227998,227998,UT,DS,9,3,1,,,18:26:44 08-May-2022,SR,2,-22.0525,168.6803,-22.0525,168.6803,58,,401677536,-124
227998,227998,UT,DS,3,0,0,234,144,18:33:57 08-May-2022,A1,A,-22.0578,168.6903,-22.0578,168.6903,6,,401677536,-125
227998,227998,UT,DS,1,0,0,,,19:37:21 08-May-2022,NK,B,-22.0646,168.6867,-22.0646,168.6867,8,,401677537,-121
227998,227998,UT,DS,1,0,0,,,20:07:12 08-May-2022,SR,B,-22.0624,168.6875,-22.0624,168.6875,,,401677537,-132
227998,227998,UT,DS,1,0,1,,,20:07:12 08-May-2022,A1,B,-22.0666,168.6843,-22.0666,168.6843,8,,401677537,-141
227998,227998,UT,DS,7,1,1,,,05:32:38 09-May-2022,SR,3,-22.0361,168.6550,-22.0361,168.6550,58,,401677539,-127
227998,227998,UT,DS,5,0,0,42,17,06:34:27 09-May-2022,A1,0,-22.0396,168.6743,-22.0396,168.6743,58,,401677543,-127
227998,227998,UT,DS,3,0,0,280,246,19:15:58 09-May-2022,NK,A,-22.2025,168.7103,-22.2025,168.7103,,,401677534,-126
227998,227998,UT,DS,4,0,1,71,45,19:51:51 09-May-2022,A1,1,-22.2083,168.6984,-22.2083,168.6984,50,,401677540,-133
227998,227998,UT,DS,3,0,0,77,54,20:37:49 09-May-2022,NP,A,-22.2171,168.7006,-22.2171,168.7006,8,,401677535,-130
227998,227998,UT,DS,1,0,0,,,20:51:10 09-May-2022,NK,B,-22.2194,168.6992,-22.2194,168.6992,6,,401677543,-133
227998,227998,UT,DS,1,0,0,,,21:52:17 09-May-2022,MC,B,-22.2266,168.7014,-22.2266,168.7014,8,,401677541,-126
227998,227998,UT,DS,2,0,0,192,192,10:54:21 10-May-2022,NN,B,-22.3329,168.7278,-22.3329,168.7278,,,401677548,-133
227998,227998,UT,DS,1,0,0,,,22:04:58 10-May-2022,NN,B,-22.3852,168.7147,-22.3852,168.7147,8,,401677528,-135
227998,227998,UT,DS,1,0,0,,,06:13:33 11-May-2022,SR,B,-22.3256,168.7595,-22.3256,168.7595,8,,401677537,-135
227998,227998,UT,DS,1,0,0,,,18:29:31 11-May-2022,NP,B,-22.3970,168.8336,-22.3970,168.8336,,,401677531,-140
227998,227998,UT,DS,9,1,3,,,18:32:24 11-May-2022,SR,3,-22.3454,168.7551,-22.3454,168.7551,50,,401677537,-127
227998,227998,UT,DS,1,0,0,,,19:06:50 12-May-2022,A1,,,,,,,,401650000,-126
227998,227998,UT,DS,2,0,1,242,242,05:33:07 13-May-2022,A1,B,-22.3418,169.0171,-22.3418,169.0171,,,401677565,-133
227998,227998,UT,DS,2,0,0,179,179,06:23:26 14-May-2022,SR,B,-22.4042,169.1561,-22.4042,169.1561,,,401677540,-126
227998,227998,UT,DS,4,0,0,82,29,06:36:25 15-May-2022,A1,3,-22.4113,168.9807,-22.4113,168.9807,50,,401677542,-125
227998,227998,UT,DS,2,0,1,139,139,08:06:03 15-May-2022,NP,B,-22.4242,168.9590,,,8,,401677550,-131
227998,227998,UT,DS,1,0,0,,,08:57:52 15-May-2022,NK,B,-22.4264,168.9550,-22.4264,168.9550,8,,401677547,-127
227998,227998,UT,DS,6,0,1,84,15,21:23:16 15-May-2022,MC,2,-22.3394,169.1045,-22.3394,169.1045,50,,401677541,-121
227998,227998,UT,DS,4,0,0,130,26,05:18:00 16-May-2022,SR,1,-22.2688,169.0208,-22.2688,169.0208,58,,401677539,-129
227998,227998,UT,DS,1,0,0,,,06:19:49 16-May-2022,A1,B,-22.2700,169.0162,-22.2700,169.0162,8,,401677550,-135
227998,227998,UT,DS,1,0,0,,,11:17:05 16-May-2022,NN,B,-22.2905,169.0251,-22.2905,169.0251,8,,401677521,-125
227998,227998,UT,DS,7,1,0,,,18:48:54 17-May-2022,SR,2,-22.3654,169.0973,-22.3654,169.0973,50,,401677540,-120
227998,227998,UT,DS,9,1,2,,,19:12:17 17-May-2022,NK,3,-22.3774,169.0729,-22.3774,169.0729,56,,401677538,-123
227998,227998,UT,DS,3,0,2,36,32,05:57:51 18-May-2022,SR,A,-22.4907,168.9360,-22.4907,168.9360,8,,401677560,-132
227998,227998,UT,DS,2,0,0,199,199,21:56:26 18-May-2022,MC,B,-22.2163,168.9482,-22.2163,168.9482,,,401677539,-127
227998,227998,UT,DS,2,0,0,62,62,07:19:45 19-May-2022,NP,,,,,,,,401650000,
227998,227998,UT,DS,2,0,1,59,59,18:48:38 19-May-2022,A1,B,-22.0704,168.7238,-22.0704,168.7238,,,401677612,-121
227998,227998,UT,DS,1,0,0,,,19:28:39 19-May-2022,SR,B,-22.0604,168.6929,-22.0604,168.6929,8,,401677535,-133
227998,227998,UT,DS,3,0,0,253,132,19:58:32 19-May-2022,NK,A,-22.0392,168.6753,-22.0392,168.6753,6,,401677540,-124
227998,227998,UT,DS,1,0,0,,,20:13:17 19-May-2022,NP,B,-22.0569,168.6801,-22.0569,168.6801,8,,401677537,-132
227998,227998,UT,DS,4,0,2,59,20,06:03:07 21-May-2022,SR,0,-22.0100,168.5877,-22.0100,168.5877,50,,401677530,-129
227998,227998,UT,DS,8,1,3,,,06:38:35 21-May-2022,A1,3,-22.0218,168.6160,-22.0218,168.6160,57,,401677538,-123
227998,227998,UT,DS,4,0,1,175,50,19:53:19 21-May-2022,NP,1,-22.0057,168.6198,-22.0057,168.6198,56,,401677539,-127
227998,227998,UT,DS,2,0,0,50,50,19:52:54 21-May-2022,A1,B,-22.0108,168.6328,-22.0108,168.6328,,,401677536,-136
227998,227998,UT,DS,13,2,3,,,05:27:52 22-May-2022,SR,3,-22.0333,168.6245,-22.0333,168.6245,58,,401677539,-126
227998,227998,UT,DS,6,1,0,,,06:19:48 22-May-2022,A1,1,-22.0060,168.6149,-22.0060,168.6149,58,,401677535,-121
227998,227998,UT,DS,5,0,1,106,16,07:09:44 22-May-2022,SR,2,-22.0027,168.6384,-22.0027,168.6384,58,,401677537,-125
227998,227998,UT,DS,2,0,1,135,135,11:53:57 22-May-2022,NN,B,-22.0428,168.6701,-22.0428,168.6701,8,,401677535,-126
227998,227998,UT,DS,1,0,0,,,06:05:11 23-May-2022,A1,B,-22.0259,168.6698,-22.0259,168.6698,,,401677535,-128
227998,227998,UT,DS,3,0,1,52,37,09:01:32 23-May-2022,MC,A,-22.0257,168.7304,-22.0257,168.7304,8,,401677552,-123
227998,227998,UT,DS,14,4,3,,,06:07:13 24-May-2022,SR,2,-22.0296,168.6791,-22.0296,168.6791,50,,401677540,-124
227998,227998,UT,DS,1,0,0,,,07:23:19 24-May-2022,A1,B,-22.0259,168.6844,-22.0259,168.6844,8,,401677536,-137
227998,227998,UT,DS,2,0,0,464,464,07:58:06 24-May-2022,NP,B,-22.0124,168.6529,-22.0124,168.6529,8,,401677542,-132
227998,227998,UT,DS,2,0,1,426,426,19:04:30 24-May-2022,A1,B,-21.9299,168.6675,-21.9299,168.6675,8,,401677527,-132
227998,227998,UT,DS,1,0,0,,,19:15:08 24-May-2022,NP,B,-22.0013,168.6591,-22.0013,168.6591,6,,401677549,-127
227998,227998,UT,DS,3,0,0,41,29,20:07:29 24-May-2022,SR,A,-21.9573,168.6590,-21.9573,168.6590,8,,401677517,-128
227998,227998,UT,DS,1,0,1,,,20:55:52 24-May-2022,NP,B,-21.9942,168.6687,-21.9942,168.6687,7,,401677547,-129
227998,227998,UT,DS,8,1,2,,,05:33:56 25-May-2022,SR,2,-22.1034,168.6203,-22.1034,168.6203,56,,401677537,-123
227998,227998,UT,DS,8,2,2,,,05:33:15 25-May-2022,A1,3,-22.1002,168.6205,-22.1002,168.6205,58,,401677540,-130
227998,227998,UT,DS,2,0,1,354,354,07:14:08 25-May-2022,SR,B,-22.1216,168.6771,-22.1216,168.6771,6,,401677543,-125
227998,227998,UT,DS,1,0,0,,,07:11:11 25-May-2022,A1,B,-22.1057,168.6187,-22.1057,168.6187,8,,401677554,-137
227998,227998,UT,DS,2,0,0,21,21,09:26:34 25-May-2022,NP,B,-22.1693,168.6716,-22.1693,168.6716,8,,401677526,-131
227998,227998,UT,DS,2,0,0,349,349,10:06:27 25-May-2022,MC,B,-22.1497,168.6779,-22.1497,168.6779,8,,401677521,-115
227998,227998,UT,DS,3,0,0,32,18,18:49:45 25-May-2022,A1,A,-22.1531,168.7964,-22.1531,168.7964,8,,401677552,-122
227998,227998,UT,DS,16,4,3,,,19:04:51 25-May-2022,NP,2,-22.1639,168.9665,-22.1639,168.9665,56,,401677536,-127
227998,227998,UT,DS,15,5,2,,,19:08:36 25-May-2022,NK,3,-22.1601,168.9729,-22.1601,168.9729,56,,401677537,-124
227998,227998,UT,DS,4,0,1,48,15,19:32:17 25-May-2022,SR,1,-22.1682,168.9809,-22.1682,168.9809,56,,401677540,-132
227998,227998,UT,DS,6,1,1,,,05:15:53 26-May-2022,A1,1,-22.1555,169.2438,-22.1555,169.2438,58,,401677547,-133
227998,227998,UT,DS,2,0,0,31,31,22:40:40 26-May-2022,MC,B,-22.1413,169.4460,-22.1413,169.4460,,,401677536,-130
227998,227998,UT,DS,8,1,2,,,20:00:46 27-May-2022,NK,0,-22.4519,169.2599,-22.4519,169.2599,40,,401677538,-123
227998,227998,UT,DS,2,0,0,283,283,06:51:55 29-May-2022,SR,B,-22.4146,169.2182,-22.4146,169.2182,,,401677525,-133
227998,227998,UT,DS,1,0,0,,,07:54:20 29-May-2022,NK,B,-22.4248,169.2471,-22.4248,169.2471,7,,401677529,-129
227998,227998,UT,DS,1,0,0,,,08:34:28 29-May-2022,NP,B,-22.4065,169.1981,-22.4065,169.1981,7,,401677540,-135
227998,227998,UT,DS,2,0,0,437,437,19:55:10 29-May-2022,NP,B,-22.3629,169.0179,-22.3629,169.0179,8,,401677547,-129
227998,227998,UT,DS,1,0,0,,,23:20:05 29-May-2022,NN,B,-22.3842,168.9892,-22.3842,168.9892,8,,401677553,-133
227998,227998,UT,DS,1,0,0,,,05:50:29 30-May-2022,A1,B,-22.3969,168.9606,-22.3969,168.9606,8,,401677542,-128
227998,227998,UT,DS,1,0,0,,,06:15:53 30-May-2022,SR,B,-22.3952,168.9799,-22.3952,168.9799,6,,401677557,-125
227998,227998,UT,DS,2,0,1,309,309,19:44:56 30-May-2022,NP,B,-22.2401,168.8718,-22.2401,168.8718,,,401677572,-131
227998,227998,UT,DS,1,0,0,,,18:33:32 01-Jun-2022,A1,,,,,,,,401650000,-129
227998,227998,UT,DS,5,0,1,103,24,19:17:17 01-Jun-2022,SR,3,-22.3093,169.1469,-22.3093,169.1469,50,,401677538,-127
227998,227998,UT,DS,9,1,3,,,19:23:24 01-Jun-2022,NP,2,-22.3139,169.1522,-22.3139,169.1522,46,,401677538,-124
227998,227998,UT,DS,4,0,1,76,47,19:28:22 01-Jun-2022,NK,2,-22.3138,169.1517,-22.3138,169.1517,56,,401677539,-121
227998,227998,UT,DS,1,0,0,,,21:11:21 01-Jun-2022,NK,B,-22.3111,169.1416,-22.3111,169.1416,8,,401677542,-133
227998,227998,UT,DS,1,0,0,,,22:49:09 01-Jun-2022,NN,B,-22.3090,169.1376,-22.3090,169.1376,8,,401677545,-132
227998,227998,UT,DS,2,0,1,94,94,04:45:51 02-Jun-2022,SR,B,-22.2996,169.1072,-22.2996,169.1072,8,,401677532,-133
227998,227998,UT,DS,3,0,2,78,59,06:20:50 02-Jun-2022,SR,A,-22.4104,169.4101,-22.4104,169.4101,8,,401677540,-122
227998,227998,UT,DS,2,0,0,117,117,18:51:19 02-Jun-2022,SR,B,-22.4995,169.5741,-22.4995,169.5741,,,401677541,-124
227998,227998,UT,DS,1,0,1,,,11:58:46 03-Jun-2022,MC,B,-22.5900,169.7195,-22.5900,169.7195,,,401677531,-128
227998,227998,UT,DS,2,0,0,15,15,08:48:40 04-Jun-2022,NK,B,-22.9208,169.9281,-22.9208,169.9281,,,401677545,-125
227998,227998,UT,DS,1,0,0,,,08:26:10 05-Jun-2022,NK,B,-23.0843,170.1827,-23.0843,170.1827,,,401677552,-129
227998,227998,UT,DS,5,0,0,24,15,21:34:41 05-Jun-2022,MB,0,-22.7686,170.5082,-22.7686,170.5082,40,,401677512,-128
227998,227998,UT,DS,3,0,0,30,28,21:55:19 05-Jun-2022,NN,A,-22.7556,170.4987,-22.7556,170.4987,6,,401677538,-129
227998,227998,UT,DS,2,0,0,43,43,21:55:27 05-Jun-2022,NP,B,-22.7577,170.5053,-22.7577,170.5053,6,,401677538,-137
227998,227998,UT,DS,3,0,0,23,16,18:21:07 06-Jun-2022,SR,A,-22.8347,169.9936,-22.8347,169.9936,,,401677492,-121
227998,227998,UT,DS,1,0,0,,,18:21:32 06-Jun-2022,NP,B,-22.8610,169.9426,-22.8610,169.9426,6,,401677593,-136
227998,227998,UT,DS,1,0,0,,,19:08:32 06-Jun-2022,NK,B,-22.8648,169.9404,-22.8648,169.9404,7,,401677570,-129
227998,227998,UT,DS,2,0,0,15,15,05:15:17 07-Jun-2022,A1,B,-22.8005,169.7103,-22.8005,169.7103,8,,401677564,-131
227998,227998,UT,DS,2,0,0,89,89,19:34:23 07-Jun-2022,SR,B,-22.5353,169.6703,-22.5353,169.6703,,,401677504,-128
227998,227998,UT,DS,1,0,1,,,19:55:27 07-Jun-2022,NP,B,-22.5236,169.5301,-22.5236,169.5301,6,,401677568,-136
227998,227998,UT,DS,3,0,0,99,88,19:59:53 08-Jun-2022,NK,A,-22.4342,169.3057,-22.4342,169.3057,,,401677547,-127
227998,227998,UT,DS,5,0,0,36,18,21:19:17 08-Jun-2022,NP,0,-22.3550,169.0853,-22.3550,169.0853,50,,401677557,-130
227998,227998,UT,DS,4,0,1,48,39,21:19:46 08-Jun-2022,NN,0,-22.4098,169.0715,-22.4098,169.0715,56,,401677530,-133
227998,227998,UT,DS,1,0,0,,,21:20:58 08-Jun-2022,MC,B,-22.4094,169.0713,-22.4094,169.0713,6,,401677537,-133
227998,227998,UT,DS,2,0,1,170,170,06:02:07 09-Jun-2022,SR,B,-22.4659,169.0833,-22.4659,169.0833,8,,401677532,-127
227998,227998,UT,DS,2,0,0,41,41,18:33:14 09-Jun-2022,SR,B,-22.3722,168.7647,-22.3722,168.7647,,,401677535,-127
227998,227998,UT,DS,2,0,2,277,277,20:18:54 13-Jun-2022,NP,B,-22.5551,167.3768,-22.5551,167.3768,,,401677492,-122
227998,227998,UT,DS,1,0,0,,,21:04:42 13-Jun-2022,NK,B,-22.5611,167.5451,-22.5611,167.5451,8,,401677197,-130
227998,227998,UT,DS,1,0,0,,,21:49:58 14-Jun-2022,NP,,,,,,,,401650000,-133
227998,227998,UT,DS,2,0,0,134,134,21:51:05 14-Jun-2022,MB,B,-22.4611,167.2600,-22.4611,167.2600,,,401677279,-129
227998,227998,UT,DS,2,0,0,134,134,21:51:05 14-Jun-2022,NN,B,-22.9567,169.4444,-22.9567,169.4444,,,401677292,-127
227998,227998,UT,DS,6,1,1,,,06:19:45 15-Jun-2022,SR,1,-22.9862,169.3356,-22.9862,169.3356,58,,401677545,-122
227998,227998,UT,DS,3,0,1,84,28,06:19:05 15-Jun-2022,A1,A,-22.9957,169.4365,-22.9957,169.4365,8,,401677542,-131
227998,227998,UT,DS,2,0,0,96,96,08:35:39 15-Jun-2022,NP,B,-22.9300,169.4537,-22.9300,169.4537,8,,401677539,-132
227998,227998,UT,DS,2,0,0,29,29,05:41:53 17-Jun-2022,A1,B,-22.8126,169.4629,-22.8126,169.4629,,,401677540,-134
227998,227998,UT,DS,1,0,0,,,07:17:00 17-Jun-2022,A1,B,-22.8117,169.4623,-22.8117,169.4623,7,,401677568,-137
227998,227998,UT,DS,1,0,0,,,08:18:32 17-Jun-2022,NP,B,-22.7912,169.4510,-22.7912,169.4510,7,,401677582,-136
227998,227998,UT,DS,1,0,0,,,08:18:32 17-Jun-2022,NK,B,-22.7957,169.4387,-22.7957,169.4387,,,401677575,-130
227998,227998,UT,DS,2,0,0,48,48,11:12:34 17-Jun-2022,MB,B,-22.7306,169.4519,-22.7306,169.4519,8,,401677595,-130
227998,227998,UT,DS,1,0,0,,,19:08:31 19-Jun-2022,NP,,,,,,,,401650000,-127
227998,227998,UT,DS,26,9,3,,,22:32:32 19-Jun-2022,NN,1,-22.3279,169.1058,-22.3279,169.1058,56,,401677544,-123
227998,227998,UT,DS,19,5,1,,,22:40:34 19-Jun-2022,MC,3,-22.3347,169.1250,,,56,,401677542,-117
227998,227998,UT,DS,2,0,1,220,220,19:47:19 20-Jun-2022,NK,B,-22.3460,169.1263,-22.3460,169.1263,,,401677548,-121
227998,227998,UT,DS,1,0,1,,,18:22:57 22-Jun-2022,SR,,,,,,,,401650000,-127
227998,227998,UT,DS,1,0,0,,,09:42:51 24-Jun-2022,MC,,,,,,,,401650000,-126
227998,227998,UT,DS,2,0,0,247,247,18:10:58 24-Jun-2022,NK,B,-22.5919,169.3073,-22.5919,169.3073,,,401677557,-137
227998,227998,UT,DS,5,0,0,135,16,19:49:08 24-Jun-2022,NK,2,-22.6162,169.2534,-22.6162,169.2534,50,,401677544,-121
227998,227998,UT,DS,6,0,0,107,16,19:51:08 24-Jun-2022,NP,3,-22.6148,169.2553,-22.6148,169.2553,50,,401677544,-127
227998,227998,UT,DS,3,0,2,36,15,18:24:23 25-Jun-2022,SR,A,-22.4226,169.4211,-22.4226,169.4211,,,401677525,-131
227998,227998,UT,DS,2,0,1,58,58,18:24:08 25-Jun-2022,A1,B,-22.3276,169.0567,-22.3276,169.0567,,,401677572,-121
227998,227998,UT,DS,1,0,0,,,19:40:29 25-Jun-2022,NP,B,-22.3759,169.2583,-22.3759,169.2583,6,,401677581,-122
227998,227998,UT,DS,1,0,0,,,05:40:46 26-Jun-2022,SR,B,-22.2196,168.9644,-22.2196,168.9644,8,,401677544,-133
227998,227998,UT,DS,5,0,0,65,16,19:05:17 27-Jun-2022,SR,1,-22.2990,169.1042,-22.2990,169.1042,40,,401677541,-121
227998,227998,UT,DS,1,0,0,,,19:09:06 27-Jun-2022,NP,B,-22.2990,169.1043,-22.2990,169.1043,6,,401677545,-137
227998,227998,UT,DS,1,0,0,,,19:29:27 27-Jun-2022,A1,B,-22.2946,169.0961,-22.2946,169.0961,6,,401677543,-133
227998,227998,UT,DS,2,0,0,101,101,20:25:07 29-Jun-2022,NP,B,-22.2544,169.1366,-22.2544,169.1366,,,401677551,-130
227998,227998,UT,DS,1,0,1,,,20:06:04 01-Jul-2022,NP,,,,,,,,401650000,-121
227998,227998,UT,DS,1,0,1,,,20:06:04 01-Jul-2022,NK,,,,,,,,401650000,-137
227998,227998,UT,DS,13,2,3,,,19:19:20 03-Jul-2022,SR,3,-22.2868,168.9942,-22.2868,168.9942,50,,401677546,-122
227998,227998,UT,DS,10,0,4,84,17,19:20:39 03-Jul-2022,NK,2,-22.2858,168.9986,-22.2858,168.9986,56,,401677545,-124
227998,227998,UT,DS,5,0,3,59,31,19:26:45 03-Jul-2022,A1,1,-22.2863,168.9885,-22.2863,168.9885,56,,401677547,-131
227998,227998,UT,DS,1,0,0,,,19:42:37 03-Jul-2022,NP,B,-22.2838,168.9855,-22.2838,168.9855,6,,401677543,-129
227998,227998,UT,DS,2,0,2,99,99,10:26:56 04-Jul-2022,MB,B,-22.3064,168.9956,-22.3064,168.9956,,,401677543,-131
227998,227998,UT,DS,1,0,0,,,11:20:04 04-Jul-2022,MC,B,-22.2797,169.0514,-22.2797,169.0514,7,,401677558,-127
227998,227998,UT,DS,1,0,0,,,18:49:04 05-Jul-2022,A1,,,,,,,,401650000,-133
227998,227998,UT,DS,4,0,0,86,21,19:20:52 05-Jul-2022,NP,0,-22.2797,169.1149,-22.2797,169.1149,40,,401677546,-131
227998,227998,UT,DS,1,0,0,,,19:59:09 05-Jul-2022,SR,B,-22.2750,169.1215,-22.2750,169.1215,8,,401677538,-134
227998,227998,UT,DS,1,0,0,,,20:04:00 05-Jul-2022,NK,B,-22.2775,169.1187,-22.2775,169.1187,6,,401677543,-135
227998,227998,UT,DS,4,0,0,52,16,21:11:48 05-Jul-2022,MB,0,-22.3195,169.1117,-22.3195,169.1117,58,,401677541,-129
227998,227998,UT,DS,1,0,0,,,18:54:48 07-Jul-2022,SR,,,,,,,,401650000,-122
227998,227998,UT,DS,1,0,0,,,18:54:48 07-Jul-2022,NP,,,,,,,,401650000,-130
227998,227998,UT,DS,1,0,0,,,19:25:56 07-Jul-2022,NK,,,,,,,,401650000,-132
227998,227998,UT,DS,7,1,1,,,19:28:48 09-Jul-2022,SR,3,-23.3325,169.5753,-23.3325,169.5753,50,,401677543,-122
227998,227998,UT,DS,1,0,0,,,20:03:14 09-Jul-2022,NK,B,-23.3361,169.5784,,,8,,401677546,-133
227998,227998,UT,DS,4,0,2,37,21,05:52:38 10-Jul-2022,A1,2,-23.3746,169.4176,-23.3746,169.4176,58,,401677549,-127
227998,227998,UT,DS,1,0,0,,,10:05:46 11-Jul-2022,NN,,,,,,,,401650000,-135
227998,227998,UT,DS,6,1,0,,,10:29:19 11-Jul-2022,MC,0,-22.9806,169.6482,-22.9806,169.6482,40,,401650000,-121
227998,227998,UT,DS,1,0,0,,,12:09:55 11-Jul-2022,MC,B,-22.9772,169.6505,-22.9772,169.6505,8,,401677554,-132
227998,227998,UT,DS,2,0,0,113,113,19:23:13 11-Jul-2022,NK,B,-22.9876,169.6503,-22.9876,169.6503,8,,401677546,-132
227998,227998,UT,DS,3,0,0,142,45,19:48:33 11-Jul-2022,NP,A,-22.9527,169.6620,-22.9527,169.6620,6,,401677544,-128
227998,227998,UT,DS,3,0,0,17,17,05:31:39 12-Jul-2022,SR,A,-22.9800,169.6920,-22.9800,169.6920,8,,401677555,-129
227998,227998,UT,DS,2,0,0,31,31,18:50:32 12-Jul-2022,NK,B,-22.8582,169.8388,-22.8582,169.8388,,,401677582,-130
227998,227998,UT,DS,4,1,0,,,23:05:26 12-Jul-2022,MC,0,-22.9239,169.8691,-22.9239,169.8691,48,,401677576,-123
227998,227998,UT,DS,1,0,0,,,06:37:10 13-Jul-2022,A1,B,-22.8048,170.0444,-22.8048,170.0444,8,,401677520,-124
227998,227998,UT,DS,1,0,0,,,09:42:44 13-Jul-2022,NN,B,-22.7833,170.1145,-22.7833,170.1145,8,,401677555,-133
227998,227998,UT,DS,1,0,0,,,09:42:44 13-Jul-2022,MC,B,-22.7856,170.1043,-22.7856,170.1043,,,401677560,-130
227998,227998,UT,DS,2,0,0,16,16,19:30:03 13-Jul-2022,NP,B,-22.8143,170.2110,-22.8143,170.2110,8,,401677529,-131
227998,227998,UT,DS,1,0,0,,,20:08:35 13-Jul-2022,NK,B,-22.7731,170.2036,-22.7731,170.2036,8,,401677525,-127
227998,227998,UT,DS,3,0,2,91,73,06:09:36 14-Jul-2022,SR,A,-22.6312,170.2680,-22.6312,170.2680,8,,401677545,-121
227998,227998,UT,DS,1,0,0,,,07:58:01 14-Jul-2022,NP,B,-22.6034,170.2818,-22.6034,170.2818,8,,401677539,-130
227998,227998,UT,DS,1,0,1,,,09:32:09 14-Jul-2022,MC,B,-22.5787,170.2956,-22.5787,170.2956,8,,401677533,-123
227998,227998,UT,DS,3,0,1,181,40,18:01:53 14-Jul-2022,A1,A,-22.4601,170.3823,-22.4601,170.3823,8,,401677545,-129
227998,227998,UT,DS,1,0,1,,,18:03:27 14-Jul-2022,NK,B,-22.4602,170.3822,-22.4602,170.3822,6,,401677550,-137
227998,227998,UT,DS,3,0,0,91,21,09:09:21 15-Jul-2022,MC,A,-22.6716,170.2244,-22.6716,170.2244,,,401677541,-129
227998,227998,UT,DS,1,0,0,,,10:00:39 15-Jul-2022,MB,B,-22.6646,170.2261,-22.6646,170.2261,8,,401677553,-133
227998,227998,UT,DS,3,0,2,199,62,19:03:03 15-Jul-2022,NP,A,-22.6299,169.9525,-22.6299,169.9525,8,,401677544,-133
227998,227998,UT,DS,5,0,1,148,47,19:40:20 15-Jul-2022,SR,3,-22.6271,169.9204,-22.6271,169.9204,58,,401677545,-129
227998,227998,UT,DS,8,0,2,42,17,21:57:05 15-Jul-2022,MC,0,-22.5982,169.8805,-22.5982,169.8805,58,,401677554,-116
227998,227998,UT,DS,8,0,2,55,17,05:09:19 16-Jul-2022,SR,1,-22.4286,169.7623,-22.4286,169.7623,58,,401677549,-130
227998,227998,UT,DS,6,0,2,65,55,05:50:09 16-Jul-2022,A1,3,-22.4156,169.7618,-22.4156,169.7618,58,,401677545,-128
227998,227998,UT,DS,7,1,1,,,06:48:41 16-Jul-2022,SR,1,-22.3880,169.7342,-22.3880,169.7342,58,,401677542,-121
227998,227998,UT,DS,3,0,0,92,17,07:45:40 16-Jul-2022,NK,A,-22.3699,169.7185,-22.3699,169.7185,8,,401677544,-133
227998,227998,UT,DS,7,1,2,,,08:49:16 16-Jul-2022,MC,0,-22.3248,169.6819,-22.3248,169.6819,58,,401677535,-130
227998,227998,UT,DS,1,0,0,,,09:34:33 16-Jul-2022,MB,B,-22.3092,169.6669,-22.3092,169.6669,8,,401677532,-134
227998,227998,UT,DS,4,0,0,90,38,10:24:10 16-Jul-2022,MC,0,-22.3148,169.6649,-22.3148,169.6649,58,,401677541,-122
227998,227998,UT,DS,1,0,0,,,05:32:47 17-Jul-2022,A1,B,-21.8558,169.2853,-21.8558,169.2853,,,401677520,-137
227998,227998,UT,DS,9,2,1,,,06:19:30 17-Jul-2022,SR,0,-21.7833,169.4524,-21.7833,169.4524,46,,401677540,-126
227998,227998,UT,DS,8,3,1,,,07:17:02 17-Jul-2022,NK,2,-21.7666,169.4849,-21.7666,169.4849,58,,401677546,-133
227998,227998,UT,DS,1,0,1,,,07:24:58 17-Jul-2022,NP,B,-21.7621,169.4910,-21.7621,169.4910,6,,401677546,-140
227998,227998,UT,DS,1,0,0,,,07:58:24 17-Jul-2022,SR,B,-21.7467,169.5134,-21.7467,169.5134,8,,401677552,-138
227998,227998,UT,DS,2,0,0,85,85,08:52:37 17-Jul-2022,NK,B,-21.6904,169.5016,-21.6904,169.5016,8,,401677549,-132
227998,227998,UT,DS,5,0,1,132,45,05:49:29 18-Jul-2022,SR,1,-21.5260,169.7100,-21.5260,169.7100,40,,401677538,-127
227998,227998,UT,DS,15,4,2,,,19:41:08 18-Jul-2022,NK,2,-21.9373,169.9763,,,56,,401677542,-121
227998,227998,UT,DS,6,1,2,,,19:47:20 18-Jul-2022,SR,1,-21.9507,169.9890,-21.9507,169.9890,40,,401677543,-128
227998,227998,UT,DS,9,2,1,,,20:10:52 18-Jul-2022,NP,2,-21.9558,169.9801,-21.9558,169.9801,56,,401677541,-125
227998,227998,UT,DS,4,1,2,,,05:19:44 19-Jul-2022,SR,1,-22.2898,170.1446,-22.2898,170.1446,58,,401677537,-129
227998,227998,UT,DS,1,0,1,,,06:59:05 19-Jul-2022,SR,B,-22.3026,170.1838,-22.3026,170.1838,7,,401677558,-128
227998,227998,UT,DS,1,0,0,,,08:45:10 19-Jul-2022,NP,B,-22.3151,170.2180,-22.3151,170.2180,8,,401677540,-135
227998,227998,UT,DS,1,0,1,,,11:58:45 19-Jul-2022,NN,B,-22.3637,170.2212,-22.3637,170.2212,8,,401677503,-129
227998,227998,UT,DS,3,0,0,46,21,10:40:25 20-Jul-2022,MC,A,-22.7968,170.7511,-22.7968,170.7511,,,401677583,-120
227998,227998,UT,DS,2,0,1,40,40,20:15:03 20-Jul-2022,MC,B,-23.3007,170.3331,-23.3007,170.3331,8,,401677547,-133
227998,227998,UT,DS,3,0,1,85,60,20:26:29 20-Jul-2022,SR,A,-23.3295,170.2418,-23.3295,170.2418,6,,401677543,-135
227998,227998,UT,DS,5,0,0,175,15,20:28:41 20-Jul-2022,NK,1,-23.3219,170.2385,-23.3219,170.2385,56,,401677543,-129
227998,227998,UT,DS,6,0,2,60,23,05:52:16 21-Jul-2022,SR,2,-23.4789,170.1629,-23.4789,170.1629,58,,401677543,-123
227998,227998,UT,DS,1,0,0,,,06:03:48 21-Jul-2022,A1,B,-23.4831,170.1626,-23.4831,170.1626,6,,401677543,-126
227998,227998,UT,DS,1,0,0,,,07:32:34 21-Jul-2022,SR,B,-23.5128,170.1614,,,8,,401677539,-130
227998,227998,UT,DS,9,2,1,,,19:16:36 21-Jul-2022,A1,3,-23.7660,170.3107,-23.7660,170.3107,58,,401677548,-131
227998,227998,UT,DS,7,0,1,83,29,19:33:31 21-Jul-2022,NP,2,-23.7709,170.3192,-23.7709,170.3192,56,,401677545,-124
227998,227998,UT,DS,5,0,0,88,65,19:53:54 21-Jul-2022,SR,1,-23.7952,170.3173,-23.7952,170.3173,56,,401677545,-130
227998,227998,UT,DS,5,0,1,81,32,20:07:34 21-Jul-2022,NK,2,-23.7874,170.3271,-23.7874,170.3271,56,,401677545,-121
227998,227998,UT,DS,1,0,0,,,21:09:47 21-Jul-2022,NN,B,-23.8069,170.3336,-23.8069,170.3336,8,,401677526,-140
227998,227998,UT,DS,6,0,1,88,27,21:14:35 21-Jul-2022,NP,1,-23.7829,170.3733,-23.7829,170.3733,58,,401677542,-127
227998,227998,UT,DS,2,0,0,52,52,05:20:02 22-Jul-2022,SR,B,-23.6798,170.4830,-23.6798,170.4830,8,,401677555,-129
227998,227998,UT,DS,6,0,2,60,21,05:48:05 22-Jul-2022,A1,2,-23.6529,170.6167,-23.6529,170.6167,46,,401677545,-129
227998,227998,UT,DS,3,0,1,36,20,11:46:16 22-Jul-2022,MC,A,-23.6348,170.6216,-23.6348,170.6216,8,,401677569,-130
227998,227998,UT,DS,3,0,0,47,41,19:03:34 22-Jul-2022,A1,A,-23.5215,170.9294,-23.5215,170.9294,8,,401677556,-128
227998,227998,UT,DS,3,0,1,103,99,19:18:52 22-Jul-2022,NP,A,-23.5201,170.9792,-23.5201,170.9792,6,,401677540,-126
227998,227998,UT,DS,1,0,0,,,19:20:37 22-Jul-2022,SR,B,-23.5200,170.9804,-23.5200,170.9804,6,,401677536,-138
227998,227998,UT,DS,1,0,0,,,21:18:48 22-Jul-2022,MC,B,-23.5121,171.0242,-23.5121,171.0242,8,,401677538,-128
227998,227998,UT,DS,1,0,0,,,21:18:48 22-Jul-2022,NK,B,-23.5138,171.0061,-23.5138,171.0061,,,401677533,-133
227998,227998,UT,DS,1,0,0,,,22:02:45 22-Jul-2022,MB,B,-23.4877,171.0437,-23.4877,171.0437,8,,401677532,-129
227998,227998,UT,DS,1,0,0,,,04:56:47 23-Jul-2022,SR,B,-23.4439,171.1791,-23.4439,171.1791,8,,401677523,-140
227998,227998,UT,DS,1,0,1,,,18:45:19 23-Jul-2022,A1,B,-23.4334,171.4632,-23.4334,171.4632,,,401677503,-129
227998,227998,UT,DS,2,0,0,67,67,18:54:24 23-Jul-2022,SR,B,-23.4268,171.4996,-23.4268,171.4996,6,,401677509,-121
227998,227998,UT,DS,10,2,3,,,19:09:41 23-Jul-2022,NP,1,-23.4782,171.4577,-23.4782,171.4577,46,,401677545,-129
227998,227998,UT,DS,13,2,3,,,19:14:21 23-Jul-2022,NK,3,-23.4724,171.4609,-23.4724,171.4609,56,,401677546,-123
227998,227998,UT,DS,2,0,0,55,55,20:30:54 23-Jul-2022,SR,B,-23.4804,171.4590,-23.4804,171.4590,8,,401677535,-133
227998,227998,UT,DS,3,0,0,286,132,20:52:03 23-Jul-2022,NP,A,-23.4911,171.5024,-23.4911,171.5024,,,401677545,-131
227998,227998,UT,DS,2,0,0,33,33,20:44:25 23-Jul-2022,NN,B,-23.4853,171.4818,-23.4853,171.4818,6,,401677547,-137
227998,227998,UT,DS,1,0,0,,,20:52:03 23-Jul-2022,MC,B,-23.4856,171.4886,-23.4856,171.4886,,,401677555,-122
227998,227998,UT,DS,1,0,0,,,20:52:03 23-Jul-2022,NK,B,-23.4853,171.4838,-23.4853,171.4838,6,,401677541,-128
227998,227998,UT,DS,1,0,0,,,00:06:46 24-Jul-2022,NN,B,-23.4976,171.5050,-23.4976,171.5050,8,,401677554,-133
227998,227998,UT,DS,1,0,0,,,05:16:54 24-Jul-2022,A1,B,-23.4329,171.7858,-23.4329,171.7858,8,,401677532,-134
227998,227998,UT,DS,2,0,0,26,26,10:49:55 24-Jul-2022,NN,B,-23.3257,171.9046,-23.3257,171.9046,8,,401677542,-128
227998,227998,UT,DS,3,0,0,92,92,20:03:18 24-Jul-2022,SR,A,-23.2393,171.8967,-23.2393,171.8967,8,,401677549,-130
227998,227998,UT,DS,1,0,1,,,18:27:03 25-Jul-2022,NK,B,-23.0468,172.3302,-23.0468,172.3302,,,401677552,-133
227998,227998,UT,DS,5,1,0,,,18:43:08 25-Jul-2022,NP,1,-22.8372,172.0694,-22.8372,172.0694,50,,401677542,-133
227998,227998,UT,DS,3,0,0,50,38,19:28:57 25-Jul-2022,SR,A,-22.8062,172.0809,-22.8062,172.0809,8,,401677545,-135
227998,227998,UT,DS,6,1,0,,,20:14:40 25-Jul-2022,MC,0,-22.7915,172.1087,-22.7915,172.1087,58,,401677552,-130
227998,227998,UT,DS,18,4,2,,,20:26:33 25-Jul-2022,NP,3,-22.7840,172.0749,-22.7840,172.0749,58,,401677546,-120
227998,227998,UT,DS,2,0,1,15,15,20:57:26 25-Jul-2022,MB,B,-22.7756,172.0801,-22.7756,172.0801,8,,401677542,-131
227998,227998,UT,DS,1,0,0,,,04:54:46 26-Jul-2022,SR,B,-22.6081,172.1524,-22.6081,172.1524,8,,401677530,-138
227998,227998,UT,DS,1,0,0,,,10:19:53 26-Jul-2022,MC,B,-22.5413,172.1738,-22.5413,172.1738,8,,401677523,-121
227998,227998,UT,DS,12,1,1,,,19:03:30 26-Jul-2022,SR,2,-22.3825,172.2838,-22.3825,172.2838,58,,401677543,-120
227998,227998,UT,DS,8,1,0,,,19:38:45 26-Jul-2022,NK,2,-22.3716,172.2794,-22.3716,172.2794,58,,401677544,-121
227998,227998,UT,DS,3,0,1,68,49,05:58:11 27-Jul-2022,A1,A,-22.2218,172.3333,-22.2218,172.3333,8,,401677539,-131
227998,227998,UT,DS,3,0,1,79,24,06:10:39 27-Jul-2022,SR,A,-22.2270,172.1547,-22.2270,172.1547,6,,401677545,-126
227998,227998,UT,DS,1,0,0,,,07:03:53 27-Jul-2022,NP,B,-22.2043,172.1509,-22.2043,172.1509,7,,401677580,-139
227998,227998,UT,DS,1,0,0,,,08:00:04 27-Jul-2022,NK,B,-22.1879,172.1460,-22.1879,172.1460,8,,401677546,-133
227998,227998,UT,DS,2,0,1,54,54,10:02:57 27-Jul-2022,MC,B,-22.0646,172.0934,-22.0646,172.0934,8,,401677548,-121
227998,227998,UT,DS,2,0,0,16,16,19:07:33 27-Jul-2022,NK,B,-21.7972,172.0532,-21.7972,172.0532,8,,401677535,-131
227998,227998,UT,DS,2,0,0,54,54,05:38:49 28-Jul-2022,SR,B,-21.4533,172.0624,-21.4533,172.0624,8,,401677531,-132
227998,227998,UT,DS,4,0,0,31,20,05:44:12 28-Jul-2022,A1,3,-21.5090,172.1553,-21.5090,172.1553,56,,401677543,-130
227998,227998,UT,DS,1,0,0,,,09:37:21 28-Jul-2022,MC,B,-21.3931,172.1470,-21.3931,172.1470,8,,401677543,-125
227998,227998,UT,DS,1,0,0,,,10:05:15 28-Jul-2022,NN,B,-21.4175,172.1570,-21.4175,172.1570,6,,401677560,-135
227998,227998,UT,DS,7,0,1,50,24,11:20:25 28-Jul-2022,MC,1,-21.3654,172.2009,-21.3654,172.2009,58,,401677544,-122
227998,227998,UT,DS,5,1,0,,,11:44:05 28-Jul-2022,NN,3,-21.3442,172.2140,-21.3442,172.2140,56,,401677543,-133
227998,227998,UT,DS,1,0,0,,,05:24:58 29-Jul-2022,A1,B,-20.7846,172.3343,-20.7846,172.3343,,,401677549,-138
227998,227998,UT,DS,1,0,0,,,09:17:06 29-Jul-2022,MC,B,-20.7616,172.3226,-20.7616,172.3226,8,,401677522,-127
227998,227998,UT,DS,1,0,1,,,11:30:10 29-Jul-2022,NN,B,-20.7576,172.3000,-20.7576,172.3000,7,,401677560,-137
227998,227998,UT,DS,10,1,1,,,19:12:51 29-Jul-2022,SR,2,-20.6631,172.0474,-20.6631,172.0474,58,,401677544,-120
227998,227998,UT,DS,3,0,1,170,131,06:12:25 30-Jul-2022,SR,A,-20.7341,171.9610,-20.7341,171.9610,8,,401677541,-126
227998,227998,UT,DS,2,0,0,93,93,08:22:56 30-Jul-2022,NK,B,-20.6436,171.8201,-20.6436,171.8201,8,,401677553,-128
227998,227998,UT,DS,1,0,1,,,09:40:47 30-Jul-2022,NN,B,-20.7120,171.9200,-20.7120,171.9200,8,,401677518,-140
227998,227998,UT,DS,1,0,0,,,09:50:05 30-Jul-2022,NP,B,-20.6630,171.8387,-20.6630,171.8387,6,,401677552,-131
227998,227998,UT,DS,4,0,0,36,15,10:39:55 30-Jul-2022,MC,0,-20.6814,171.6645,-20.6814,171.6645,48,,401677529,-119
227998,227998,UT,DS,4,1,1,,,11:23:20 30-Jul-2022,NN,A,-20.7031,171.5957,-20.7031,171.5957,7,,401677552,-121
227998,227998,UT,DS,2,0,1,33,33,18:40:12 30-Jul-2022,SR,B,-20.6607,171.5785,-20.6607,171.5785,8,,401677546,-132
227998,227998,UT,DS,2,0,1,336,336,19:25:28 30-Jul-2022,NP,B,-20.7327,171.3803,-20.7327,171.3803,8,,401677542,-130
227998,227998,UT,DS,6,1,0,,,19:37:17 30-Jul-2022,NK,2,-20.7355,171.3692,-20.7355,171.3692,56,,401677543,-124
227998,227998,UT,DS,1,0,0,,,20:14:45 30-Jul-2022,SR,B,-20.7373,171.3403,-20.7373,171.3403,8,,401677535,-131
227998,227998,UT,DS,11,3,4,,,05:42:51 31-Jul-2022,SR,2,-20.8354,170.9696,-20.8354,170.9696,58,,401677541,-127
227998,227998,UT,DS,2,0,1,37,37,06:14:16 01-Aug-2022,A1,B,-21.1560,170.1972,-21.1560,170.1972,,,401677735,-123
227998,227998,UT,DS,1,0,1,,,06:55:52 01-Aug-2022,SR,B,-21.1808,170.2078,-21.1808,170.2078,8,,401650000,-133
227998,227998,UT,DS,6,0,1,86,18,09:18:05 01-Aug-2022,NK,1,-21.3211,170.1226,-21.3211,170.1226,48,,401677544,-125
227998,227998,UT,DS,4,1,1,,,09:22:02 01-Aug-2022,NP,0,-21.3282,170.1216,-21.3282,170.1216,48,,401677545,-125
227998,227998,UT,DS,2,0,1,76,76,06:00:53 02-Aug-2022,A1,B,-21.7585,169.5784,-21.7585,169.5784,,,401677538,-129
227998,227998,UT,DS,3,0,0,21,15,07:33:43 02-Aug-2022,NP,A,-21.8376,169.5963,-21.8376,169.5963,8,,401677551,-131
227998,227998,UT,DS,9,2,2,,,08:52:32 02-Aug-2022,NK,2,-21.8467,169.5731,-21.8467,169.5731,48,,401677546,-123
227998,227998,UT,DS,1,0,0,,,09:40:28 02-Aug-2022,MC,B,-21.9106,169.5541,-21.9106,169.5541,8,,401677555,-130
227998,227998,UT,DS,5,1,1,,,10:43:35 02-Aug-2022,NN,1,-21.8678,169.5139,-21.8678,169.5139,58,,401677542,-128
227998,227998,UT,DS,2,0,0,388,388,12:25:19 02-Aug-2022,NN,B,-21.8988,169.4716,-21.8988,169.4716,8,,401677552,-128
227998,227998,UT,DS,5,0,2,117,16,18:41:44 02-Aug-2022,SR,0,-21.9694,169.3438,-21.9694,169.3438,48,,401677547,-125
227998,227998,UT,DS,6,0,0,30,17,20:49:12 02-Aug-2022,MC,0,-22.0382,169.2297,-22.0382,169.2297,58,,401677520,-121
227998,227998,UT,DS,1,0,0,,,23:13:33 02-Aug-2022,MB,B,-22.0929,169.1471,-22.0929,169.1471,8,,401677521,-132
227998,227998,UT,DS,2,0,1,111,111,05:40:12 03-Aug-2022,A1,B,-22.1788,169.0205,-22.1788,169.0205,8,,401677568,-136
227998,227998,UT,DS,2,0,0,32,32,05:52:45 03-Aug-2022,SR,B,-22.1876,169.1294,-22.1876,169.1294,6,,401677541,-128
227998,227998,UT,DS,38,17,2,,,10:53:16 03-Aug-2022,MC,3,-22.1928,169.0173,-22.1928,169.0173,58,,401677545,-116
227998,227998,UT,DS,1,0,0,,,18:15:04 03-Aug-2022,SR,B,-22.2987,168.8131,-22.2987,168.8131,8,,401677542,-131
227998,227998,UT,DS,1,0,1,,,22:08:13 03-Aug-2022,MC,B,-22.0742,169.0593,-22.0742,169.0593,8,,401677552,-116
227998,227998,UT,DS,2,0,0,16,16,07:00:38 04-Aug-2022,A1,B,-21.8898,169.0093,-21.8898,169.0093,8,,401677528,-133
227998,227998,UT,DS,1,0,0,,,07:00:46 04-Aug-2022,SR,B,-21.8813,169.0059,-21.8813,169.0059,6,,401677527,-135
227998,227998,UT,DS,3,0,0,54,53,09:39:08 04-Aug-2022,NK,A,-21.8041,168.9945,-21.8041,168.9945,8,,401677534,-132
227998,227998,UT,DS,2,0,1,273,273,19:12:22 04-Aug-2022,NK,B,-21.9914,169.1375,-21.9914,169.1375,8,,401677518,-123
227998,227998,UT,DS,1,0,0,,,19:14:39 04-Aug-2022,SR,B,-21.6765,168.9200,-21.6765,168.9200,8,,401677484,-135
227998,227998,UT,DS,1,0,0,,,20:12:43 04-Aug-2022,NP,B,-21.7647,168.9949,-21.7647,168.9949,6,,401677536,-136
227998,227998,UT,DS,1,0,0,,,18:22:59 05-Aug-2022,A1,B,-22.2439,168.9439,-22.2439,168.9439,,,401677453,-130
227998,227998,UT,DS,3,0,0,131,118,11:31:16 06-Aug-2022,MC,A,-22.6280,169.6780,-22.6280,169.6780,,,401677537,-125
227998,227998,UT,DS,1,0,0,,,11:33:32 06-Aug-2022,NN,B,-22.6281,169.6781,-22.6281,169.6781,6,,401677544,-133
227998,227998,UT,DS,1,0,0,,,09:43:53 07-Aug-2022,NN,B,-23.1256,170.0450,-23.1256,170.0450,,,401677519,-137
227998,227998,UT,DS,7,0,0,25,15,06:27:19 08-Aug-2022,SR,0,-23.1356,169.8810,-23.1356,169.8810,50,,401677571,-130
227998,227998,UT,DS,6,0,1,20,15,19:05:56 08-Aug-2022,NK,0,-22.5454,169.4364,-22.5454,169.4364,40,,401677540,-129
227998,227998,UT,DS,2,0,0,15,15,19:06:39 08-Aug-2022,A1,B,-22.7864,169.4554,-22.7864,169.4554,,,401677588,-130
227998,227998,UT,DS,3,0,2,128,24,18:42:33 09-Aug-2022,NK,A,-23.0990,169.5125,-23.0990,169.5125,,,401677555,-129
227998,227998,UT,DS,1,0,1,,,18:56:54 09-Aug-2022,A1,B,-22.9412,169.3091,-22.9412,169.3091,,,401677545,-133
227998,227998,UT,DS,1,0,0,,,19:09:58 09-Aug-2022,NP,B,-22.9748,169.3610,-22.9748,169.3610,6,,401677541,-132
227998,227998,UT,DS,2,0,0,30,30,20:24:15 09-Aug-2022,NK,B,-23.1292,169.5771,-23.1292,169.5771,6,,401677576,-118
227998,227998,UT,DS,2,0,0,96,96,06:57:00 10-Aug-2022,A1,B,-22.9674,169.4865,-22.9674,169.4865,8,,401677665,-134
227998,227998,UT,DS,8,0,1,86,41,08:55:18 10-Aug-2022,NK,1,-23.0333,169.4079,-23.0333,169.4079,48,,401677548,-126
227998,227998,UT,DS,2,0,1,52,52,05:06:38 11-Aug-2022,A1,B,-22.8898,169.6709,-22.8898,169.6709,,,401677554,-137
227998,227998,UT,DS,9,2,1,,,06:38:31 11-Aug-2022,SR,2,-22.8968,169.6975,-22.8968,169.6975,48,,401677547,-122
227998,227998,UT,DS,6,1,0,,,06:39:25 11-Aug-2022,A1,2,-22.8939,169.6991,-22.8939,169.6991,56,,401677548,-130
227998,227998,UT,DS,1,0,0,,,06:43:41 11-Aug-2022,NK,B,-22.8967,169.6975,-22.8967,169.6975,6,,401677550,-133
227998,227998,UT,DS,3,0,0,198,47,08:25:46 11-Aug-2022,NK,A,-22.8780,169.7125,-22.8780,169.7125,8,,401677552,-127
227998,227998,UT,DS,1,0,0,,,10:02:18 11-Aug-2022,NK,B,-22.9280,169.7300,-22.9280,169.7300,8,,401677580,-130
227998,227998,UT,DS,1,0,0,,,18:55:35 11-Aug-2022,SR,B,-23.0357,169.8232,-23.0357,169.8232,8,,401677572,-133
227998,227998,UT,DS,10,3,0,,,19:34:21 11-Aug-2022,NK,3,-22.9792,169.4759,-25.3782,-179.4450,68,,401677549,-123
227998,227998,UT,DS,7,0,0,73,26,20:27:00 11-Aug-2022,NP,0,-22.9908,169.4512,-22.9908,169.4512,58,,401677548,-124
227998,227998,UT,DS,9,1,1,,,20:58:03 11-Aug-2022,MC,1,-22.9742,169.4579,-22.9742,169.4579,58,,401677553,-126
227998,227998,UT,DS,4,0,1,35,29,21:56:28 11-Aug-2022,NN,0,-22.9758,169.4248,-22.9758,169.4248,48,,401677523,-130
227998,227998,UT,DS,1,0,0,,,07:50:29 15-Aug-2022,SR,,,,,,,,401650000,-135
227998,227998,UT,DS,6,0,1,36,22,08:24:50 15-Aug-2022,NP,0,-22.8473,169.5180,-22.8473,169.5180,50,,401677559,-129
227998,227998,UT,DS,6,0,1,50,22,08:25:26 15-Aug-2022,NK,1,-22.8967,169.4510,-22.8967,169.4510,56,,401677549,-123
227998,227998,UT,DS,2,0,0,115,115,09:39:51 16-Aug-2022,NN,B,-22.9307,169.4310,-22.9307,169.4310,,,401677545,-137
227998,227998,UT,DS,2,0,0,15,15,09:40:21 16-Aug-2022,NK,B,-22.9834,169.4622,-22.9834,169.4622,6,,401677560,-130
227998,227998,UT,DS,8,2,1,,,09:42:17 16-Aug-2022,MC,2,-22.9389,169.4359,-22.9389,169.4359,56,,401677550,-117
227998,227998,UT,DS,5,0,1,38,27,09:46:07 16-Aug-2022,NP,0,-22.9461,169.4179,-22.9461,169.4179,46,,401677545,-127
227998,227998,UT,DS,2,0,0,59,59,11:14:11 16-Aug-2022,NN,B,-22.9564,169.4258,-22.9564,169.4258,8,,401677547,-135
227998,227998,UT,DS,2,0,1,54,54,19:10:05 16-Aug-2022,NK,B,-22.9107,169.3705,-22.9107,169.3705,8,,401677550,-128
227998,227998,UT,DS,1,0,0,,,05:05:20 17-Aug-2022,A1,B,-22.8517,169.3786,-22.8517,169.3786,8,,401677531,-140
227998,227998,UT,DS,11,1,1,,,05:10:03 17-Aug-2022,SR,2,-22.8338,169.4177,-22.8338,169.4177,56,,401677557,-134
227998,227998,UT,DS,1,0,0,,,18:41:04 18-Aug-2022,SR,,,,,,,,401650000,-138
227998,227998,UT,DS,6,1,1,,,18:58:52 18-Aug-2022,NP,1,-22.4340,169.0807,-22.4340,169.0807,50,,401677546,-131
227998,227998,UT,DS,1,0,0,,,10:30:51 19-Aug-2022,MC,B,-22.3631,168.9196,-22.3631,168.9196,,,401677549,-132
227998,227998,UT,DS,3,0,0,100,91,10:38:58 19-Aug-2022,NN,A,-22.6812,168.9579,-22.6812,168.9579,6,,401677548,-128
227998,227998,UT,DS,1,0,1,,,12:07:36 19-Aug-2022,MC,B,-22.6099,169.1067,-22.6099,169.1067,8,,401677505,-136
227998,227998,UT,DS,1,0,0,,,18:50:59 19-Aug-2022,NP,B,-22.9156,169.0720,-22.9156,169.0720,8,,401677540,-136
227998,227998,UT,DS,1,0,0,,,10:40:28 20-Aug-2022,NP,B,-23.0125,169.2016,-23.0125,169.2016,,,401677536,-136
227998,227998,UT,DS,1,0,0,,,07:31:20 25-Aug-2022,NK,,,,,,,,401650000,-135
227998,227998,UT,DS,6,0,3,47,16,07:03:25 26-Aug-2022,NK,1,-22.9284,169.3920,-22.9284,169.3920,50,,401677546,-133
227998,227998,UT,DS,17,6,3,,,07:10:31 26-Aug-2022,SR,3,-22.9294,169.3890,-22.9294,169.3890,50,,401677547,-121
227998,227998,UT,DS,3,0,0,53,37,07:19:29 26-Aug-2022,A1,A,-22.9173,169.3794,-22.9173,169.3794,6,,401677550,-134
227998,227998,UT,DS,1,0,0,,,17:48:01 26-Aug-2022,SR,B,-22.9235,169.3732,-22.9235,169.3732,8,,401677545,-133
227998,227998,UT,DS,1,0,1,,,12:27:37 27-Aug-2022,NN,B,-22.9228,169.3658,-22.9228,169.3658,,,401677549,-133
227998,227998,UT,DS,6,1,1,,,18:44:39 27-Aug-2022,A1,1,-22.9464,169.4327,-22.9464,169.4327,58,,401677546,-123
227998,227998,UT,DS,2,0,0,131,131,07:27:07 28-Aug-2022,NP,B,-22.8876,169.4504,-22.8876,169.4504,,,401677586,-137
227998,227998,UT,DS,2,0,2,37,37,08:58:50 28-Aug-2022,MC,B,-22.9354,169.5504,-22.9354,169.5504,8,,401677578,-130
227998,227998,UT,DS,7,0,1,94,32,09:04:53 28-Aug-2022,NP,2,-22.8833,169.4410,-22.8833,169.4410,58,,401677544,-122
227998,227998,UT,DS,2,0,0,21,21,10:31:31 28-Aug-2022,MC,B,-22.8866,169.4335,-22.8866,169.4335,8,,401677545,-127
227998,227998,UT,DS,2,0,0,21,21,10:31:31 28-Aug-2022,NN,B,-22.9089,169.4245,-22.9089,169.4245,8,,401677550,-129
227998,227998,UT,DS,1,0,0,,,12:12:19 28-Aug-2022,NN,B,-22.8906,169.4310,-22.8906,169.4310,8,,401677539,-137
227998,227998,UT,DS,1,0,0,,,18:28:49 28-Aug-2022,SR,B,-22.8992,169.4127,-22.8992,169.4127,8,,401677540,-120
227998,227998,UT,DS,1,0,0,,,18:28:49 28-Aug-2022,A1,B,-22.9102,169.4134,-22.9102,169.4134,8,,401677539,-125
227998,227998,UT,DS,1,0,1,,,07:27:49 29-Aug-2022,NK,B,-22.8837,169.4133,-22.8837,169.4133,,,401677544,-137
227998,227998,UT,DS,1,0,0,,,12:07:42 29-Aug-2022,NN,B,-22.8976,169.3690,-22.8976,169.3690,8,,401677544,-130
227998,227998,UT,DS,1,0,0,,,17:53:53 29-Aug-2022,SR,B,-22.9053,169.3581,-22.9053,169.3581,8,,401677552,-136
227998,227998,UT,DS,1,0,0,,,19:44:25 29-Aug-2022,A1,B,-22.9078,169.3972,-22.9078,169.3972,8,,401677541,-137
227998,227998,UT,DS,1,0,0,,,23:11:39 29-Aug-2022,MC,B,-22.9178,169.4065,-22.9178,169.4065,8,,401677543,-127
227998,227998,UT,DS,2,0,0,269,269,23:24:45 29-Aug-2022,NN,B,-22.9035,169.4222,-22.9035,169.4222,6,,401677548,-123
227998,227998,UT,DS,4,0,1,100,86,10:11:38 30-Aug-2022,NN,3,-22.9318,169.4416,-22.9318,169.4416,58,,401677550,-129
227998,227998,UT,DS,4,0,0,66,18,11:37:48 30-Aug-2022,MC,0,-22.9341,169.4173,-22.9341,169.4173,40,,401677547,-122
227998,227998,UT,DS,1,0,0,,,11:59:04 30-Aug-2022,NN,B,-22.9333,169.4193,-22.9333,169.4193,6,,401677552,-137
227998,227998,UT,DS,21,7,1,,,19:05:57 30-Aug-2022,SR,2,-22.9027,169.4160,-22.9027,169.4160,58,,401677546,-119
227998,227998,UT,DS,9,1,1,,,06:01:46 31-Aug-2022,A1,3,-22.9130,169.5461,-22.9130,169.5461,58,,401677546,-129
227998,227998,UT,DS,18,6,4,,,06:14:17 31-Aug-2022,SR,2,-22.9097,169.5606,-22.9097,169.5606,56,,401677546,-124
227998,227998,UT,DS,5,0,3,118,40,05:42:47 01-Sep-2022,SR,2,-22.8623,169.3740,-22.8623,169.3740,56,,401677545,-128
227998,227998,UT,DS,4,0,2,83,40,05:41:31 01-Sep-2022,A1,1,-22.8640,169.3715,-22.8640,169.3715,50,,401677544,-133
227998,227998,UT,DS,1,0,0,,,07:53:07 01-Sep-2022,NK,B,-22.8516,169.3669,-22.8516,169.3669,8,,401677562,-133
227998,227998,UT,DS,4,0,0,112,40,08:16:50 01-Sep-2022,NP,2,-22.7975,169.3850,-22.7975,169.3850,58,,401677551,-129
227998,227998,UT,DS,4,0,0,57,19,09:17:51 01-Sep-2022,MC,1,-22.7791,169.3893,-22.7791,169.3893,58,,401677546,-127
227998,227998,UT,DS,1,0,0,,,09:59:41 01-Sep-2022,NP,B,-22.7704,169.3905,-22.7704,169.3905,8,,401677553,-131
227998,227998,UT,DS,2,0,1,23,23,10:52:41 01-Sep-2022,MC,B,-22.7379,169.3764,-22.7379,169.3764,8,,401677537,-124
227998,227998,UT,DS,3,0,1,287,196,11:23:25 01-Sep-2022,NN,A,-22.7366,169.3723,-22.7366,169.3723,7,,401677545,-128
227998,227998,UT,DS,3,0,0,164,38,06:59:38 02-Sep-2022,A1,B,-22.3775,169.3470,-22.3775,169.3470,,,401677534,-132
227998,227998,UT,DS,1,0,0,,,07:30:38 02-Sep-2022,NK,B,-22.2813,169.2536,-22.2813,169.2536,6,,401677557,-137
227998,227998,UT,DS,1,0,0,,,08:11:13 02-Sep-2022,NP,B,-22.2652,169.2440,-22.2652,169.2440,7,,401677557,-139
227998,227998,UT,DS,2,0,0,56,56,12:55:34 02-Sep-2022,NN,B,-22.1424,168.9868,-22.1424,168.9868,8,,401677476,-133
227998,227998,UT,DS,3,0,2,219,64,19:21:13 02-Sep-2022,NP,A,-22.3480,169.1276,-22.3480,169.1276,8,,401677550,-130
227998,227998,UT,DS,2,0,0,19,19,06:47:20 03-Sep-2022,A1,B,-22.3100,169.1156,-22.3100,169.1156,8,,401677547,-129
227998,227998,UT,DS,1,0,1,,,19:55:32 03-Sep-2022,NK,B,-22.1040,168.8280,-22.1040,168.8280,,,401677538,-132
227998,227998,UT,DS,5,0,1,72,47,19:42:19 04-Sep-2022,A1,1,-22.3139,169.1112,-22.3139,169.1112,50,,401677553,-136
227998,227998,UT,DS,3,0,0,184,133,19:52:36 04-Sep-2022,SR,A,-22.3078,169.1094,-22.3078,169.1094,,,401677547,-132
227998,227998,UT,DS,4,0,0,73,21,05:19:02 05-Sep-2022,SR,0,-22.3090,169.0678,-22.3090,169.0678,58,,401677533,-126
227998,227998,UT,DS,14,4,1,,,19:19:27 05-Sep-2022,SR,3,-22.3074,169.1039,-22.3074,169.1039,50,,401677546,-127
227998,227998,UT,DS,3,0,0,66,41,19:26:22 05-Sep-2022,A1,A,-22.3077,169.1087,-22.3077,169.1087,6,,401677544,-135
227998,227998,UT,DS,8,0,0,49,15,20:27:06 05-Sep-2022,NP,0,-22.3009,169.1006,-22.3009,169.1006,58,,401677549,-121
227998,227998,UT,DS,1,0,0,,,22:27:59 05-Sep-2022,MC,B,-22.2941,169.0988,-22.2941,169.0988,8,,401677562,-124
227998,227998,UT,DS,1,0,0,,,21:26:00 08-Sep-2022,MC,,,,,,,,401650000,-133
227998,227998,UT,DS,19,5,4,,,06:34:14 09-Sep-2022,SR,3,-22.2916,169.1645,-22.2916,169.1645,50,,401677545,-119
227998,227998,UT,DS,11,2,1,,,06:40:57 09-Sep-2022,A1,2,-22.2898,169.1547,-22.2898,169.1547,46,,401677544,-126
227998,227998,UT,DS,3,0,2,30,23,19:45:38 09-Sep-2022,NP,A,-22.3096,169.1293,,,,,401677557,-136
227998,227998,UT,DS,3,0,0,102,90,06:01:59 10-Sep-2022,SR,A,-22.2642,169.0263,-22.2642,169.0263,8,,401677546,-122
227998,227998,UT,DS,2,0,0,141,141,07:56:17 11-Sep-2022,NP,B,-22.1235,168.9378,-22.1235,168.9378,,,401677564,-130
227998,227998,UT,DS,2,0,0,92,92,08:37:32 11-Sep-2022,NK,B,-22.1310,169.0889,-22.1310,169.0889,8,,401677553,-125
227998,227998,UT,DS,11,2,0,,,09:06:23 11-Sep-2022,MC,2,-22.1254,169.0736,-22.1254,169.0736,58,,401677546,-126
227998,227998,UT,DS,3,0,1,291,262,09:39:35 11-Sep-2022,NP,A,-22.1090,169.0699,-22.1090,169.0699,8,,401677543,-124
227998,227998,UT,DS,2,0,1,149,149,09:53:59 11-Sep-2022,MB,B,-22.1014,169.0693,-22.1014,169.0693,6,,401677540,-135
227998,227998,UT,DS,5,0,0,160,32,10:43:29 11-Sep-2022,MC,1,-22.0974,169.0500,-22.0974,169.0500,58,,401677546,-123
227998,227998,UT,DS,4,0,0,147,41,11:05:56 11-Sep-2022,NN,1,-22.0971,169.0303,-22.0971,169.0303,56,,401677540,-125
227998,227998,UT,DS,1,0,0,,,19:18:24 11-Sep-2022,NP,B,-22.1044,168.9914,-22.1044,168.9914,8,,401677569,-131
227998,227998,UT,DS,1,0,0,,,05:01:32 12-Sep-2022,SR,B,-22.0811,168.9842,-22.0811,168.9842,8,,401677565,-138
227998,227998,UT,DS,1,0,1,,,08:13:48 12-Sep-2022,NK,B,-22.0890,168.9935,-22.0890,168.9935,8,,401677561,-128
227998,227998,UT,DS,1,0,0,,,19:04:57 12-Sep-2022,SR,B,-22.0870,168.9283,-22.0870,168.9283,,,401677505,-131
227998,227998,UT,DS,1,0,1,,,19:04:57 12-Sep-2022,NP,B,-22.3032,168.8571,-22.3032,168.8571,,,401677573,-137
227998,227998,UT,DS,1,0,0,,,19:04:57 12-Sep-2022,A1,B,-22.0964,169.0182,-22.0964,169.0182,8,,401677554,-131
227998,227998,UT,DS,2,0,1,21,21,09:21:05 13-Sep-2022,NP,B,-22.4266,168.8519,-22.4266,168.8519,,,401677564,-125
227998,227998,UT,DS,8,0,3,42,16,18:48:56 13-Sep-2022,A1,1,-22.3084,169.1402,-22.3084,169.1402,48,,401677548,-121
227998,227998,UT,DS,2,0,1,42,42,18:50:27 13-Sep-2022,NP,B,-22.3081,169.1405,-22.3081,169.1405,6,,401677545,-137
227998,227998,UT,DS,2,0,0,102,102,19:00:39 13-Sep-2022,NK,B,-22.3121,169.1384,-22.3121,169.1384,6,,401677545,-133
227998,227998,UT,DS,6,0,0,46,15,18:00:21 14-Sep-2022,SR,1,-22.3769,169.1712,-22.3769,169.1712,50,,401677549,-124
227998,227998,UT,DS,1,0,0,,,18:37:49 14-Sep-2022,A1,B,-22.3760,169.1756,-22.3760,169.1756,8,,401677546,-132
227998,227998,UT,DS,1,0,0,,,19:09:58 15-Sep-2022,SR,,,,,,,,401650000,-129
227998,227998,UT,DS,1,0,0,,,19:45:57 15-Sep-2022,NK,,,,,,,,401650000,-127
227998,227998,UT,DS,1,0,0,,,21:32:35 15-Sep-2022,NN,,,,,,,,401650000,-135
227998,227998,UT,DS,1,0,1,,,07:41:06 17-Sep-2022,NK,,,,,,,,401650000,-130
227998,227998,UT,DS,2,0,0,96,96,08:24:43 17-Sep-2022,NP,B,-22.6472,169.0511,-22.6472,169.0511,,,401677541,-133
227998,227998,UT,DS,2,0,0,80,80,09:51:56 17-Sep-2022,NN,B,-22.6377,169.0307,-22.6377,169.0307,8,,401677535,-135
227998,227998,UT,DS,2,0,1,146,146,12:03:17 17-Sep-2022,MC,B,-22.6577,168.9622,-22.6577,168.9622,8,,401677529,-129
227998,227998,UT,DS,1,0,0,,,18:59:39 17-Sep-2022,NK,B,-22.6657,168.9034,-22.6657,168.9034,8,,401677523,-135
227998,227998,UT,DS,1,0,0,,,19:18:58 17-Sep-2022,A1,B,-22.8238,168.9948,-22.8238,168.9948,8,,401677499,-131
227998,227998,UT,DS,1,0,0,,,19:42:35 17-Sep-2022,SR,B,-22.8253,168.9964,-22.8253,168.9964,6,,401677507,-126
227998,227998,UT,DS,12,2,2,,,05:09:34 18-Sep-2022,SR,2,-23.0892,169.1725,-23.0892,169.1725,58,,401677581,-127
227998,227998,UT,DS,4,0,1,48,35,07:59:14 19-Sep-2022,SR,0,-22.8087,169.0173,-22.8087,169.0173,50,,401677535,-135
227998,227998,UT,DS,3,0,0,57,47,08:28:51 19-Sep-2022,NK,A,-22.8236,169.0180,-22.8236,169.0180,6,,401677546,-133
227998,227998,UT,DS,1,0,1,,,09:38:16 19-Sep-2022,MC,B,-22.8061,169.0273,-22.8061,169.0273,8,,401677552,-129
227998,227998,UT,DS,1,0,0,,,18:42:46 19-Sep-2022,SR,B,-22.7002,168.9997,-22.7002,168.9997,8,,401677560,-127
227998,227998,UT,DS,1,0,0,,,18:42:46 19-Sep-2022,A1,B,-22.6945,169.0008,-22.6945,169.0008,,,401677545,-141
227998,227998,UT,DS,2,0,0,78,78,19:24:34 19-Sep-2022,NP,B,-22.6871,169.0141,-22.6871,169.0141,8,,401677540,-134
227998,227998,UT,DS,1,0,0,,,19:46:31 19-Sep-2022,NK,B,-22.6869,169.0141,-22.6869,169.0141,6,,401677541,-123
227998,227998,UT,DS,2,0,0,20,20,21:09:04 19-Sep-2022,NP,B,-22.6914,169.0334,-22.6914,169.0334,8,,401677537,-135
227998,227998,UT,DS,1,0,1,,,05:15:57 20-Sep-2022,A1,B,-22.5499,169.1249,-22.5499,169.1249,8,,401677500,-141
227998,227998,UT,DS,1,0,0,,,05:51:19 20-Sep-2022,SR,B,-22.5444,169.0078,-22.5444,169.0078,7,,401677513,-130
227998,227998,UT,DS,1,0,0,,,10:53:57 21-Sep-2022,NN,,,,,,,,401650000,-135
227998,227998,UT,DS,1,0,0,,,07:39:36 23-Sep-2022,SR,,,,,,,,401650000,-133
227998,227998,UT,DS,1,0,0,,,08:58:30 23-Sep-2022,NP,,,,,,,,401650000,-127
227998,227998,UT,DS,2,0,0,203,203,05:43:47 24-Sep-2022,A1,B,-22.3209,169.1978,-22.3209,169.1978,,,401677484,-137
227998,227998,UT,DS,4,0,1,51,34,07:04:33 24-Sep-2022,SR,1,-22.1788,169.0119,-22.1788,169.0119,46,,401677543,-124
227998,227998,UT,DS,1,0,0,,,18:56:18 24-Sep-2022,A1,B,-21.8024,168.4217,-21.8024,168.4217,8,,401677461,-135
227998,227998,UT,DS,4,0,1,79,18,19:20:02 24-Sep-2022,NK,0,-21.9321,168.8301,-21.9321,168.8301,46,,401677538,-129
227998,227998,UT,DS,8,2,2,,,19:23:20 24-Sep-2022,SR,2,-21.9292,168.8590,-21.9292,168.8590,56,,401677540,-122
227998,227998,UT,DS,1,0,1,,,04:55:50 25-Sep-2022,SR,B,-21.6387,168.3034,-21.6387,168.3034,8,,401677559,-137
227998,227998,UT,DS,1,0,0,,,05:31:47 25-Sep-2022,A1,Z,-21.8439,168.6195,-21.8439,168.6195,8,,401677565,-138
227998,227998,UT,DS,11,1,2,,,06:33:39 25-Sep-2022,SR,2,-21.9017,168.5681,-21.9017,168.5681,58,,401677542,-127
227998,227998,UT,DS,8,0,2,65,17,06:02:59 26-Sep-2022,SR,1,-22.2390,168.2085,-22.2390,168.2085,40,,401677545,-122
227998,227998,UT,DS,2,0,0,97,97,06:46:50 26-Sep-2022,A1,B,-22.2417,168.2096,-22.2417,168.2096,6,,401677564,-137
227998,227998,UT,DS,1,0,0,,,22:44:41 26-Sep-2022,NN,B,-22.3250,167.8565,-22.3250,167.8565,,,401677568,-128
227998,227998,UT,DS,3,1,0,,,05:31:10 27-Sep-2022,SR,A,-22.5775,168.6743,-22.5775,168.6743,8,,401677540,-127
227998,227998,UT,DS,1,0,1,,,07:33:11 30-Sep-2022,NP,,,,,,,,401650000,-137
227998,227998,UT,DS,11,3,3,,,06:43:51 01-Oct-2022,SR,3,-22.3251,169.1318,-22.3251,169.1318,50,,401677547,-128
227998,227998,UT,DS,1,0,0,,,06:47:15 01-Oct-2022,NK,B,-22.3255,169.1326,-22.3255,169.1326,6,,401677548,-137
227998,227998,UT,DS,1,0,1,,,07:56:45 02-Oct-2022,SR,,,,,,,,401650000,-136
227998,227998,UT,DS,4,0,1,106,33,18:21:39 02-Oct-2022,A1,0,-22.7049,168.8622,-22.7049,168.8622,40,,401677544,-126
227998,227998,UT,DS,2,0,0,155,155,19:19:29 02-Oct-2022,NK,B,-22.7228,168.8603,-22.7228,168.8603,8,,401677542,-131
227998,227998,UT,DS,3,0,1,201,173,20:52:56 02-Oct-2022,NK,A,-22.7655,168.8526,-22.7655,168.8526,8,,401677547,-128
227998,227998,UT,DS,1,0,1,,,22:11:06 02-Oct-2022,MB,B,-22.7830,168.8574,-22.7830,168.8574,8,,401677548,-133
227998,227998,UT,DS,1,0,0,,,07:44:30 03-Oct-2022,NK,B,-22.9465,168.9385,-22.9465,168.9385,8,,401677510,-133
227998,227998,UT,DS,1,0,0,,,22:55:53 03-Oct-2022,NN,B,-23.2624,169.0253,-23.2624,169.0253,,,401677546,-135
227998,227998,UT,DS,1,0,0,,,19:13:07 04-Oct-2022,SR,B,-23.8391,169.4303,-23.8391,169.4303,,,401677537,-123
227998,227998,UT,DS,1,0,0,,,19:27:03 04-Oct-2022,A1,B,-23.8537,169.3078,-23.8537,169.3078,6,,401677475,-138
227998,227998,UT,DS,1,0,0,,,20:06:46 04-Oct-2022,NK,B,-23.9417,169.2273,-23.9417,169.2273,4,,401677566,-125
227998,227998,UT,DS,1,0,1,,,05:53:26 05-Oct-2022,A1,B,-24.2479,169.1947,-24.2479,169.1947,8,,401677588,-130
227998,227998,UT,DS,4,0,1,203,148,06:22:25 05-Oct-2022,SR,0,-24.2689,169.0514,-24.2689,169.0514,56,,401677546,-126
227998,227998,UT,DS,1,0,0,,,08:33:43 05-Oct-2022,NK,B,-24.3723,168.9831,-24.3723,168.9831,8,,401677552,-131
227998,227998,UT,DS,1,0,0,,,19:09:34 05-Oct-2022,A1,B,-24.4175,168.9358,-24.4175,168.9358,8,,401677543,-132
227998,227998,UT,DS,3,0,1,233,24,05:49:24 06-Oct-2022,SR,A,-24.6567,169.2808,-24.6567,169.2808,8,,401677546,-131
227998,227998,UT,DS,1,0,1,,,18:52:11 06-Oct-2022,A1,B,-25.0829,169.2109,-25.0829,169.2109,,,401677572,-135
227998,227998,UT,DS,3,1,0,,,19:15:16 06-Oct-2022,NK,A,-25.0434,169.2566,-25.0434,169.2566,6,,401677545,-127
227998,227998,UT,DS,1,0,0,,,19:19:10 06-Oct-2022,NP,B,-25.0509,169.2000,-25.0509,169.2000,6,,401677547,-135
227998,227998,UT,DS,1,0,0,,,19:46:12 06-Oct-2022,SR,B,-25.0782,169.2111,-25.0782,169.2111,6,,401677537,-133
227998,227998,UT,DS,1,0,0,,,05:17:38 07-Oct-2022,SR,B,-25.3869,169.1331,-25.3869,169.1331,8,,401677523,-136
227998,227998,UT,DS,3,0,0,101,86,07:03:36 07-Oct-2022,SR,A,-25.3770,169.1872,-25.3770,169.1872,8,,401677536,-131
227998,227998,UT,DS,1,0,0,,,10:53:00 07-Oct-2022,NN,B,-25.5274,169.1543,-25.5274,169.1543,8,,401677531,-132
227998,227998,UT,DS,1,0,0,,,11:49:32 07-Oct-2022,MC,B,-25.5398,169.1415,-25.5398,169.1415,8,,401677551,-127
227998,227998,UT,DS,1,0,0,,,06:36:55 08-Oct-2022,A1,B,-26.2584,168.9623,-26.2584,168.9623,,,401677561,-139
227998,227998,UT,DS,1,0,0,,,07:07:23 08-Oct-2022,NK,B,-26.2792,168.9537,-26.2792,168.9537,8,,401677558,-135
227998,227998,UT,DS,1,0,0,,,07:41:37 08-Oct-2022,NP,B,-26.2173,168.9217,-26.2173,168.9217,6,,401677596,-139
227998,227998,UT,DS,4,0,0,47,33,18:15:17 08-Oct-2022,A1,0,-26.5082,168.7530,-26.5082,168.7530,58,,401677546,-129
227998,227998,UT,DS,2,0,0,279,279,18:25:31 08-Oct-2022,NK,B,-26.5027,168.7431,-26.5027,168.7431,6,,401677550,-133
227998,227998,UT,DS,5,2,0,,,18:47:50 08-Oct-2022,SR,1,-26.5234,168.7458,-26.5234,168.7458,58,,401677546,-122
227998,227998,UT,DS,1,0,0,,,19:02:58 08-Oct-2022,NP,B,-26.5290,168.7409,-26.5290,168.7409,6,,401677551,-137
227998,227998,UT,DS,1,0,1,,,19:48:06 08-Oct-2022,A1,B,-26.5434,168.7315,-26.5434,168.7315,8,,401677548,-134
227998,227998,UT,DS,2,0,0,144,144,20:07:49 08-Oct-2022,NK,B,-26.5826,168.7184,-26.5826,168.7184,6,,401677547,-129
227998,227998,UT,DS,1,0,0,,,21:49:01 08-Oct-2022,MB,B,-26.6137,168.6978,-26.6137,168.6978,8,,401677565,-131
227998,227998,UT,DS,7,1,1,,,05:57:25 09-Oct-2022,SR,3,-26.9200,168.6506,-26.9200,168.6506,58,,401677546,-126
227998,227998,UT,DS,5,0,0,78,32,06:22:35 09-Oct-2022,A1,1,-26.9400,168.6544,-26.9400,168.6544,46,,401677546,-123
227998,227998,UT,DS,2,0,0,38,38,07:40:20 09-Oct-2022,SR,B,-26.9834,168.6361,-26.9834,168.6361,8,,401677549,-127
227998,227998,UT,DS,1,0,0,,,10:03:01 09-Oct-2022,NK,B,-27.0611,168.6111,-27.0611,168.6111,8,,401677540,-131
227998,227998,UT,DS,2,0,0,33,33,10:44:42 09-Oct-2022,NP,B,-27.1008,168.6062,-27.1008,168.6062,8,,401677544,-136
227998,227998,UT,DS,5,1,0,,,11:07:09 09-Oct-2022,MC,1,-27.1117,168.6112,-27.1117,168.6112,46,,401677549,-119
227998,227998,UT,DS,1,0,0,,,12:12:08 09-Oct-2022,NN,B,-27.1434,168.5967,-27.1434,168.5967,8,,401677557,-132
227998,227998,UT,DS,2,0,0,37,37,19:25:12 10-Oct-2022,SR,B,-28.1429,168.6663,-28.1429,168.6663,,,401677427,-125
227998,227998,UT,DS,1,0,0,,,05:52:27 11-Oct-2022,A1,,,,,,,,401650000,
227998,227998,UT,DS,1,0,0,,,06:36:17 11-Oct-2022,SR,B,-28.6830,168.6273,-28.6830,168.6273,8,,401677510,-130
227998,227998,UT,DS,1,0,0,,,12:54:02 14-Oct-2022,NN,,,,,,,,401650000,-133
227998,227998,UT,DS,1,0,0,,,18:49:37 15-Oct-2022,NK,,,,,,,,401650000,-137
227998,227998,UT,DS,2,0,1,169,169,19:17:55 15-Oct-2022,NP,B,-30.6727,166.2216,-38.7108,-155.4265,,,401677549,-140
227998,227998,UT,DS,2,0,1,232,232,05:37:50 16-Oct-2022,SR,B,-30.6388,166.1604,-30.6388,166.1604,8,,401677496,-130
227998,227998,UT,DS,1,0,1,,,06:05:38 16-Oct-2022,A1,,,,,,,,401650000,
227998,227998,UT,DS,4,0,1,125,49,06:45:13 17-Oct-2022,SR,0,-29.4626,165.6273,-29.4626,165.6273,40,,401677548,-126
227998,227998,UT,DS,3,0,1,92,85,06:18:20 18-Oct-2022,SR,A,-28.6555,165.1568,-28.6555,165.1568,,,401677543,-131
227998,227998,UT,DS,2,0,0,314,314,07:03:36 18-Oct-2022,A1,B,-28.6337,165.1716,-28.6337,165.1716,8,,401677549,-133
227998,227998,UT,DS,3,0,1,110,53,09:03:17 18-Oct-2022,NP,A,-28.5691,165.1233,-28.5691,165.1233,8,,401677551,-133
227998,227998,UT,DS,2,0,1,101,101,10:44:58 18-Oct-2022,NP,B,-28.5230,165.1086,-28.5230,165.1086,8,,401677557,-132
227998,227998,UT,DS,2,0,2,135,135,18:38:11 18-Oct-2022,SR,B,-28.2995,165.0106,-28.2995,165.0106,8,,401677574,-137
227998,227998,UT,DS,1,0,0,,,18:39:18 18-Oct-2022,A1,B,-28.3030,164.9700,-28.3030,164.9700,6,,401677546,-134
227998,227998,UT,DS,1,0,1,,,06:47:43 19-Oct-2022,A1,B,-27.9568,164.8432,-27.9568,164.8432,,,401677541,-137
227998,227998,UT,DS,1,0,0,,,09:10:21 19-Oct-2022,NK,B,-27.9219,164.7672,-27.9219,164.7672,7,,401677589,-133
227998,227998,UT,DS,2,0,0,202,202,10:30:48 19-Oct-2022,NP,B,-27.8918,164.5977,-27.8918,164.5977,8,,401677522,-133
227998,227998,UT,DS,1,0,0,,,06:29:01 20-Oct-2022,A1,B,-27.7199,164.5654,-27.7199,164.5654,,,401677454,-129
227998,227998,UT,DS,2,0,1,445,445,06:51:52 20-Oct-2022,SR,B,-27.5665,164.1201,-27.5665,164.1201,6,,401677553,-130
227998,227998,UT,DS,9,2,2,,,19:13:56 20-Oct-2022,SR,1,-27.1917,163.7595,-27.1917,163.7595,50,,401677549,-124
227998,227998,UT,DS,1,0,0,,,19:43:08 20-Oct-2022,A1,B,-27.1777,163.7486,-27.1777,163.7486,6,,401677562,-134
227998,227998,UT,DS,1,0,0,,,19:56:50 20-Oct-2022,NK,B,-27.1712,163.7465,-27.1712,163.7465,6,,401677548,-133
227998,227998,UT,DS,1,0,0,,,20:52:34 20-Oct-2022,SR,B,-27.1579,163.7282,-27.1579,163.7282,8,,401677556,-137
227998,227998,UT,DS,1,0,0,,,06:14:24 21-Oct-2022,A1,B,-27.0528,163.8327,-27.0528,163.8327,8,,401677506,-134
227998,227998,UT,DS,2,0,0,243,243,06:22:43 21-Oct-2022,SR,B,-27.0039,163.7666,-27.0039,163.7666,8,,401677480,-130
227998,227998,UT,DS,1,0,0,,,07:45:08 21-Oct-2022,A1,B,-26.9292,163.7218,-26.9292,163.7218,8,,401677494,-140
227998,227998,UT,DS,1,0,0,,,08:18:25 21-Oct-2022,NK,B,-26.8155,163.6811,-26.8155,163.6811,4,,401677558,-135
227998,227998,UT,DS,2,0,1,107,107,18:47:39 21-Oct-2022,SR,B,-26.5480,163.4082,-26.5480,163.4082,8,,401677533,-135
227998,227998,UT,DS,2,0,1,231,231,19:26:44 21-Oct-2022,A1,B,-26.5058,163.3890,-26.5058,163.3890,6,,401677559,-126
227998,227998,UT,DS,2,0,1,106,106,19:34:54 21-Oct-2022,NK,B,-26.4901,163.4394,-26.4901,163.4394,6,,401677518,-135
227998,227998,UT,DS,2,0,0,107,107,05:52:10 22-Oct-2022,SR,B,-26.2856,163.2563,-26.2856,163.2563,8,,401677442,-131
227998,227998,UT,DS,2,0,0,251,251,05:55:09 22-Oct-2022,A1,B,-26.1285,163.3061,-26.1285,163.3061,6,,401677548,-139
227998,227998,UT,DS,3,0,0,126,120,07:30:46 22-Oct-2022,SR,A,-26.0927,163.2635,-26.0927,163.2635,6,,401677542,-127
227998,227998,UT,DS,1,0,0,,,07:28:42 22-Oct-2022,A1,B,-26.0385,163.2609,-26.0385,163.2609,7,,401677572,-137
227998,227998,UT,DS,2,0,0,207,207,09:38:33 22-Oct-2022,NK,B,-26.0162,163.2532,-26.0162,163.2532,8,,401677544,-129
227998,227998,UT,DS,1,0,0,,,09:55:50 22-Oct-2022,NP,B,-25.9825,163.2104,-25.9825,163.2104,8,,401677512,-128
227998,227998,UT,DS,3,0,0,161,75,11:16:40 22-Oct-2022,NN,A,-25.9950,163.1745,-25.9950,163.1745,8,,401677552,-132
227998,227998,UT,DS,2,0,0,85,85,06:57:27 23-Oct-2022,SR,B,-25.3453,162.5470,-25.3453,162.5470,,,401677503,-133
227998,227998,UT,DS,2,0,0,85,85,09:09:32 23-Oct-2022,NK,B,-25.5182,162.8576,-25.5182,162.8576,8,,401677526,-125
227998,227998,UT,DS,1,0,1,,,10:29:03 23-Oct-2022,MB,B,-25.4292,162.7200,-25.4292,162.7200,8,,401677477,-130
227998,227998,UT,DS,1,0,0,,,12:42:05 23-Oct-2022,NN,B,-25.3689,162.7181,-25.3689,162.7181,8,,401677464,-137
227998,227998,UT,DS,1,0,1,,,06:25:05 24-Oct-2022,SR,B,-25.4094,162.7257,-25.4094,162.7257,,,401677481,-133
227998,227998,UT,DS,1,0,1,,,06:57:36 24-Oct-2022,A1,Z,-24.8919,162.7184,-24.8919,162.7184,5,,401677555,-126
227998,227998,UT,DS,1,0,0,,,09:38:28 24-Oct-2022,NP,B,-24.8742,162.6942,-24.8742,162.6942,7,,401677554,-138
227998,227998,UT,DS,2,0,0,167,167,18:36:00 24-Oct-2022,A1,B,-24.6632,162.8597,-24.6632,162.8597,8,,401677545,-133
227998,227998,UT,DS,4,0,1,138,41,19:55:28 24-Oct-2022,NK,3,-24.6417,162.8739,-24.6417,162.8739,58,,401677546,-130
227998,227998,UT,DS,1,0,0,,,20:53:12 24-Oct-2022,NP,B,-24.6066,162.8785,-24.6066,162.8785,8,,401677554,-131
227998,227998,UT,DS,3,0,0,132,85,06:39:40 25-Oct-2022,A1,A,-24.3634,162.9713,-24.3634,162.9713,8,,401677548,-124
227998,227998,UT,DS,1,0,0,,,09:16:21 25-Oct-2022,NP,B,-24.2761,162.9864,-24.2761,162.9864,8,,401677549,-132
227998,227998,UT,DS,1,0,1,,,06:25:35 26-Oct-2022,A1,B,-23.5561,163.1364,-23.5561,163.1364,,,401677544,-136
227998,227998,UT,DS,2,0,0,363,363,19:22:46 26-Oct-2022,SR,B,-23.4768,163.1062,-23.4768,163.1062,,,401677489,-122
227998,227998,UT,DS,3,0,0,52,49,19:35:43 26-Oct-2022,A1,A,-23.5459,163.7007,-23.5459,163.7007,6,,401677514,-136
227998,227998,UT,DS,2,0,0,15,15,23:25:36 26-Oct-2022,NN,B,-23.4746,163.7982,-23.4746,163.7982,7,,401677567,-127
227998,227998,UT,DS,1,0,0,,,06:29:10 27-Oct-2022,SR,B,-23.3167,163.8615,-23.3167,163.8615,8,,401677554,-138
227998,227998,UT,DS,4,0,0,112,65,18:57:57 27-Oct-2022,SR,1,-23.0515,164.4349,-23.0515,164.4349,40,,401677545,-126
227998,227998,UT,DS,3,0,1,94,50,19:19:50 27-Oct-2022,A1,A,-23.0326,164.4525,-23.0326,164.4525,6,,401677543,-128
227998,227998,UT,DS,1,0,0,,,18:26:43 28-Oct-2022,SR,B,-22.4007,164.8605,-22.4007,164.8605,,,401677553,-133
227998,227998,UT,DS,1,0,0,,,05:28:35 29-Oct-2022,SR,B,-22.1703,164.9709,-22.1703,164.9709,8,,401677554,-138
227998,227998,UT,DS,1,0,0,,,07:02:41 29-Oct-2022,A1,B,-22.0151,165.4828,-22.0151,165.4828,8,,401677518,-143
227998,227998,UT,DS,1,0,0,,,10:12:33 31-Oct-2022,MC,,,,,,,,401650000,-120
227998,227998,UT,DS,1,0,0,,,09:56:59 01-Nov-2022,MC,,,,,,,,401650000,-135
227998,227998,UT,DS,1,0,0,,,18:01:01 01-Nov-2022,SR,,,,,,,,401650000,-134
227998,227998,UT,DS,2,0,0,63,63,19:15:56 02-Nov-2022,A1,B,-22.9993,167.1385,-25.1742,155.4659,,,401677545,-141
227998,227998,UT,DS,1,0,0,,,19:31:14 02-Nov-2022,NK,,,,,,,,401650000,-132
227998,227998,UT,DS,7,2,1,,,18:38:53 03-Nov-2022,SR,0,-23.6686,167.4662,-23.6686,167.4662,40,,401677535,-123
227998,227998,UT,DS,1,0,0,,,22:12:40 03-Nov-2022,NP,B,-23.7114,167.4835,-23.7114,167.4835,8,,401677549,-138
227998,227998,UT,DS,2,0,0,31,31,10:33:03 04-Nov-2022,MC,B,-23.8552,167.5518,-23.8552,167.5518,,,401677531,-119
227998,227998,UT,DS,1,0,0,,,18:11:18 04-Nov-2022,SR,B,-23.9510,167.8147,-23.9510,167.8147,8,,401677438,-138
227998,227998,UT,DS,2,0,1,19,19,20:14:45 04-Nov-2022,NP,B,-23.8654,168.1214,-23.8654,168.1214,5,,401677566,-132
227998,227998,UT,DS,2,0,1,19,19,20:14:45 04-Nov-2022,NK,B,-23.7310,168.4512,-23.7310,168.4512,,,401677534,-128
227998,227998,UT,DS,1,0,0,,,10:05:10 05-Nov-2022,NN,B,-23.9980,169.0809,-23.9980,169.0809,,,401677438,-140
227998,227998,UT,DS,4,0,0,107,30,10:07:06 05-Nov-2022,MC,0,-24.1406,168.7382,-24.1406,168.7382,46,,401677539,-126
227998,227998,UT,DS,1,0,0,,,17:36:05 05-Nov-2022,SR,B,-24.1924,169.1340,-24.1924,169.1340,8,,401677527,-136
227998,227998,UT,DS,2,0,0,25,25,18:26:16 05-Nov-2022,A1,B,-24.2523,168.9895,-24.2523,168.9895,6,,401677557,-131
227998,227998,UT,DS,1,0,1,,,21:17:22 05-Nov-2022,MC,B,-24.3166,169.0795,-24.3166,169.0795,8,,401677538,-132
227998,227998,UT,DS,1,0,0,,,09:29:12 07-Nov-2022,MC,,,,,,,,401650000,-124
227998,227998,UT,DS,1,0,1,,,09:29:12 07-Nov-2022,NK,,,,,,,,401650000,-137
227998,227998,UT,DS,2,0,1,123,123,10:08:43 07-Nov-2022,NP,B,-25.0111,169.8116,-25.0111,169.8116,,,401677501,-138
227998,227998,UT,DS,1,0,0,,,05:20:08 08-Nov-2022,SR,B,-25.5957,170.3099,-25.5957,170.3099,,,401677551,-128
227998,227998,UT,DS,2,0,0,187,187,05:56:49 08-Nov-2022,A1,B,-25.6223,170.3070,-25.6223,170.3070,8,,401677554,-125
227998,227998,UT,DS,3,0,0,110,104,07:03:07 08-Nov-2022,SR,A,-25.6514,170.2481,-25.6514,170.2481,8,,401677546,-129
227998,227998,UT,DS,1,0,0,,,08:10:38 08-Nov-2022,NP,B,-25.6809,170.2457,-25.6809,170.2457,8,,401677553,-131
227998,227998,UT,DS,8,1,0,,,18:18:19 10-Nov-2022,SR,2,-27.1341,170.7944,-27.1341,170.7944,50,,401677547,-125
227998,227998,UT,DS,1,0,0,,,05:08:44 11-Nov-2022,A1,B,-27.3990,170.8625,-27.3990,170.8625,8,,401677527,-141
227998,227998,UT,DS,1,0,1,,,07:06:47 11-Nov-2022,SR,B,-27.3987,170.8499,-27.3987,170.8499,8,,401677533,-139
227998,227998,UT,DS,2,0,0,142,142,06:22:47 12-Nov-2022,A1,B,-28.0459,171.1562,-28.0459,171.1562,,,401677539,-129
227998,227998,UT,DS,2,0,1,198,198,07:22:12 12-Nov-2022,NK,B,-28.0431,171.1427,-28.0431,171.1427,7,,401677554,-133
227998,227998,UT,DS,1,0,0,,,18:00:16 12-Nov-2022,A1,B,-28.2991,171.1559,-28.2991,171.1559,8,,401677544,-135
227998,227998,UT,DS,2,0,1,94,94,20:19:19 12-Nov-2022,NK,B,-28.3210,171.1735,-28.3210,171.1735,8,,401677536,-128
227998,227998,UT,DS,2,0,0,15,15,20:19:59 12-Nov-2022,NP,B,-28.3452,171.1613,-28.3452,171.1613,8,,401677552,-135
227998,227998,UT,DS,1,0,1,,,18:19:50 13-Nov-2022,SR,B,-28.8580,171.0500,-28.8580,171.0500,,,401677523,-139
227998,227998,UT,DS,1,0,0,,,05:35:33 14-Nov-2022,SR,B,-29.2891,170.9481,-29.2891,170.9481,8,,401677565,-128
227998,227998,UT,DS,1,0,0,,,05:53:33 14-Nov-2022,A1,B,-29.3197,170.9685,-29.3197,170.9685,6,,401677531,-133
227998,227998,UT,DS,2,0,1,22,22,07:13:21 14-Nov-2022,SR,B,-29.4552,171.1083,-29.4552,171.1083,6,,401677572,-137
227998,227998,UT,DS,5,0,0,60,16,17:52:20 14-Nov-2022,SR,0,-29.9019,171.0552,-29.9019,171.0552,48,,401677546,-132
227998,227998,UT,DS,1,0,0,,,11:35:27 15-Nov-2022,MC,B,-30.6634,171.1118,-30.6634,171.1118,,,401677648,-129
227998,227998,UT,DS,5,0,0,49,20,18:43:59 15-Nov-2022,A1,0,-30.6037,170.5864,-30.6037,170.5864,48,,401677549,-127
227998,227998,UT,DS,1,0,0,,,22:47:08 15-Nov-2022,NN,B,-30.7227,170.5558,-30.7227,170.5558,8,,401677549,-133
227998,227998,UT,DS,1,0,0,,,07:18:37 16-Nov-2022,NK,B,-30.9677,170.4946,-30.9677,170.4946,8,,401677555,-133
227998,227998,UT,DS,4,0,0,60,20,05:01:58 17-Nov-2022,A1,0,-31.8626,170.8701,-31.8626,170.8701,40,,401677542,-135
227998,227998,UT,DS,6,1,1,,,05:43:04 17-Nov-2022,SR,2,-31.8869,170.8676,-31.8869,170.8676,58,,401677545,-124
227998,227998,UT,DS,4,0,0,54,31,06:53:43 17-Nov-2022,NK,0,-31.9553,170.8892,-31.9553,170.8892,48,,401677553,-133
227998,227998,UT,DS,2,0,0,283,283,07:21:55 17-Nov-2022,SR,B,-31.9431,170.8786,-31.9431,170.8786,8,,401677555,-136
227998,227998,UT,DS,9,2,1,,,08:02:55 17-Nov-2022,NP,1,-31.9945,170.8999,-31.9945,170.8999,58,,401677546,-129
227998,227998,UT,DS,4,0,0,66,28,09:13:42 17-Nov-2022,MC,0,-32.0423,170.9006,-32.0423,170.9006,58,,401677549,-124
227998,227998,UT,DS,4,1,1,,,09:40:35 17-Nov-2022,NP,0,-32.0651,170.9074,-32.0651,170.9074,56,,401677549,-134
227998,227998,UT,DS,1,0,0,,,10:15:04 17-Nov-2022,NK,B,-32.0860,170.9186,-32.0860,170.9186,8,,401677550,-135
227998,227998,UT,DS,1,0,0,,,10:56:41 17-Nov-2022,NN,B,-32.1107,170.9220,-32.1107,170.9220,8,,401677547,-140
227998,227998,UT,DS,1,0,0,,,10:56:41 17-Nov-2022,MC,B,-32.1112,170.9196,-32.1112,170.9196,,,401677554,-130
227998,227998,UT,DS,1,0,1,,,17:56:33 17-Nov-2022,SR,B,-32.4401,170.9879,-32.4401,170.9879,8,,401677554,-136
227998,227998,UT,DS,1,0,0,,,18:08:05 17-Nov-2022,A1,B,-32.4095,170.9365,-32.4095,170.9365,6,,401677537,-132
227998,227998,UT,DS,4,1,0,,,18:11:58 17-Nov-2022,NK,0,-32.4014,170.8705,-32.4014,170.8705,46,,401677548,-131
227998,227998,UT,DS,1,0,0,,,21:29:18 17-Nov-2022,MB,B,-32.5608,170.9008,-32.5608,170.9008,8,,401677551,-132
227998,227998,UT,DS,6,0,1,76,23,05:12:09 18-Nov-2022,SR,2,-32.8322,170.8128,-32.8322,170.8128,58,,401677547,-125
227998,227998,UT,DS,8,3,0,,,06:19:08 18-Nov-2022,A1,3,-32.8806,170.8249,-32.8806,170.8249,58,,401677546,-129
227998,227998,UT,DS,8,3,0,,,06:50:11 18-Nov-2022,SR,2,-32.9007,170.8241,-32.9007,170.8241,58,,401677547,-131
227998,227998,UT,DS,10,3,0,,,07:50:38 18-Nov-2022,NP,2,-32.9351,170.8485,-32.9351,170.8485,58,,401677546,-130
227998,227998,UT,DS,9,4,0,,,08:08:24 18-Nov-2022,NK,3,-32.9471,170.8549,-32.9471,170.8549,56,,401677547,-123
227998,227998,UT,DS,1,0,0,,,08:54:08 18-Nov-2022,MC,B,-32.9767,170.8592,-32.9767,170.8592,8,,401677550,-132
227998,227998,UT,DS,2,0,0,187,187,09:29:38 18-Nov-2022,NP,B,-33.0000,170.8630,-33.0000,170.8630,8,,401677549,-131
227998,227998,UT,DS,4,0,2,76,45,17:26:40 18-Nov-2022,SR,1,-33.3130,170.8861,-33.3130,170.8861,58,,401677538,-134
227998,227998,UT,DS,1,0,0,,,17:48:24 18-Nov-2022,NK,B,-33.3295,170.8878,-33.3295,170.8878,6,,401677551,-137
227998,227998,UT,DS,4,1,1,,,17:52:19 18-Nov-2022,A1,1,-33.3414,170.8800,-33.3414,170.8800,56,,401677545,-135
227998,227998,UT,DS,9,3,0,,,19:04:16 18-Nov-2022,SR,2,-33.3955,170.8664,-33.3955,170.8664,58,,401677544,-125
227998,227998,UT,DS,6,0,0,74,30,19:15:54 18-Nov-2022,NP,2,-33.4005,170.8608,-33.4005,170.8608,56,,401677543,-132
227998,227998,UT,DS,4,1,1,,,19:27:52 18-Nov-2022,NK,2,-33.4095,170.8680,-33.4095,170.8680,56,,401677544,-128
227998,227998,UT,DS,4,0,1,48,38,20:19:47 18-Nov-2022,MC,0,-33.4357,170.8682,-33.4357,170.8682,48,,401677548,-126
227998,227998,UT,DS,2,0,0,141,141,04:41:40 19-Nov-2022,SR,B,-33.7365,170.8599,-33.7365,170.8599,8,,401677550,-131
227998,227998,UT,DS,3,1,0,,,06:03:45 19-Nov-2022,A1,A,-33.8067,170.8476,-33.8067,170.8476,8,,401677546,-129
227998,227998,UT,DS,3,1,0,,,06:20:09 19-Nov-2022,SR,A,-33.8147,170.8524,-33.8147,170.8524,8,,401677547,-129
227998,227998,UT,DS,1,0,1,,,07:40:04 19-Nov-2022,NP,B,-33.8702,170.8492,-33.8702,170.8492,8,,401677546,-136
227998,227998,UT,DS,3,0,1,84,70,07:41:33 19-Nov-2022,NK,A,-33.8804,170.8791,-33.8804,170.8791,6,,401677548,-125
227998,227998,UT,DS,2,0,0,31,31,19:56:54 19-Nov-2022,MC,B,-34.1948,170.9523,-34.1948,170.9523,,,401677483,-130
227998,227998,UT,DS,1,0,0,,,20:17:46 19-Nov-2022,NN,B,-34.2052,170.9579,-34.2052,170.9579,6,,401677481,-137
227998,227998,UT,DS,4,0,0,74,26,20:43:22 19-Nov-2022,NP,2,-34.1148,171.1672,-34.1148,171.1672,56,,401677544,-127
227998,227998,UT,DS,2,0,0,151,151,21:36:42 19-Nov-2022,MC,B,-34.1054,171.1685,-34.1054,171.1685,8,,401677542,-120
227998,227998,UT,DS,2,0,0,27,27,04:09:42 20-Nov-2022,SR,B,-34.2384,171.4179,-34.2384,171.4179,8,,401677487,-132
227998,227998,UT,DS,4,1,1,,,05:45:01 20-Nov-2022,A1,2,-34.1451,171.6350,-34.1451,171.6350,56,,401677547,-125
227998,227998,UT,DS,6,2,0,,,05:45:45 20-Nov-2022,SR,2,-34.1462,171.6366,-34.1462,171.6366,56,,401677547,-126
227998,227998,UT,DS,5,0,1,86,20,07:20:21 20-Nov-2022,NK,1,-34.1459,171.7143,-34.1459,171.7143,58,,401677538,-130
227998,227998,UT,DS,1,0,0,,,07:26:52 20-Nov-2022,NP,B,-34.1453,171.7210,-34.1453,171.7210,8,,401677541,-135
227998,227998,UT,DS,1,0,0,,,18:07:53 21-Nov-2022,NK,,,,,,,,401650000,-137
227998,227998,UT,DS,1,0,0,,,19:45:12 21-Nov-2022,NK,,,,,,,,401650000,-132
227998,227998,UT,DS,2,0,1,185,185,20:19:42 21-Nov-2022,NP,B,-34.0196,173.0606,-34.0196,173.0606,,,401677332,-126
227998,227998,UT,DS,1,0,0,,,22:35:09 21-Nov-2022,MC,B,-33.8428,173.1126,-33.8428,173.1126,8,,401677143,-128
227998,227998,UT,DS,1,0,0,,,06:28:42 22-Nov-2022,SR,B,-33.6930,173.6038,-33.6930,173.6038,8,,401677228,-135
227998,227998,UT,DS,1,0,0,,,08:07:41 22-Nov-2022,NK,Z,-32.9235,173.2796,-32.9235,173.2796,4,,401677519,-131
227998,227998,UT,DS,5,1,0,,,17:42:24 22-Nov-2022,NK,0,-33.1236,172.5873,-33.1236,172.5873,47,,401677280,-135
227998,227998,UT,DS,4,1,0,,,18:18:48 22-Nov-2022,A1,0,-34.2963,168.7298,-31.4654,-179.5233,40,,401677873,-128
227998,227998,UT,DS,2,0,0,343,343,18:24:11 22-Nov-2022,NP,B,-32.9119,172.6231,-43.4344,-135.6524,,,401677281,-137
227998,227998,UT,DS,4,1,1,,,18:40:10 22-Nov-2022,SR,0,-32.9034,172.6077,-32.9034,172.6077,46,,401677551,-130
227998,227998,UT,DS,1,0,0,,,19:22:39 22-Nov-2022,NK,B,-32.8931,172.6122,-32.8931,172.6122,8,,401677531,-122
227998,227998,UT,DS,1,0,0,,,04:53:02 23-Nov-2022,A1,B,-32.8460,172.6312,-32.8460,172.6312,8,,401677529,-141
227998,227998,UT,DS,6,1,0,,,18:03:43 23-Nov-2022,A1,1,-32.7804,173.6516,-32.7804,173.6516,40,,401677553,-127
227998,227998,UT,DS,4,2,0,,,18:11:07 23-Nov-2022,SR,2,-32.7713,173.6497,-32.7713,173.6497,40,,401677554,-127
227998,227998,UT,DS,1,0,0,,,18:13:50 23-Nov-2022,NP,B,-32.7710,173.6508,-32.7710,173.6508,6,,401677475,-136
227998,227998,UT,DS,2,0,0,73,73,19:54:14 23-Nov-2022,NP,B,-32.7368,173.7147,-32.7368,173.7147,8,,401677555,-134
227998,227998,UT,DS,1,0,0,,,21:06:36 23-Nov-2022,NN,B,-32.7240,173.7474,-32.7240,173.7474,8,,401677554,-133
227998,227998,UT,DS,3,1,0,,,05:19:23 24-Nov-2022,SR,A,-32.6378,174.0657,-32.6378,174.0657,8,,401677556,-125
227998,227998,UT,DS,2,0,1,386,386,06:10:02 24-Nov-2022,A1,B,-32.6354,174.1634,-32.6354,174.1634,8,,401677550,-135
227998,227998,UT,DS,4,0,1,77,45,07:01:01 24-Nov-2022,SR,1,-32.6166,174.1945,-32.6166,174.1945,58,,401677549,-135
227998,227998,UT,DS,7,1,1,,,07:16:12 24-Nov-2022,NK,1,-32.6091,174.2132,-32.6091,174.2132,56,,401677547,-130
227998,227998,UT,DS,1,0,0,,,08:18:20 24-Nov-2022,NP,B,-32.5966,174.2661,-32.5966,174.2661,8,,401677545,-132
227998,227998,UT,DS,1,0,0,,,10:19:40 24-Nov-2022,MC,B,-32.5764,174.3465,-32.5764,174.3465,8,,401677549,-131
227998,227998,UT,DS,7,0,2,102,24,17:35:34 24-Nov-2022,SR,2,-32.5096,174.7053,-32.5096,174.7053,58,,401677549,-137
227998,227998,UT,DS,5,0,1,96,24,17:45:55 24-Nov-2022,A1,1,-32.5066,174.7164,-32.5066,174.7164,46,,401677547,-135
227998,227998,UT,DS,1,0,0,,,18:01:39 24-Nov-2022,NP,B,-32.5097,174.7053,-32.5097,174.7053,6,,401677553,-138
227998,227998,UT,DS,4,1,1,,,18:28:00 24-Nov-2022,NK,A,-32.5159,174.7326,-32.5159,174.7326,6,,401677547,-131
227998,227998,UT,DS,2,1,0,,,19:41:12 24-Nov-2022,NP,B,-32.4907,174.8131,-32.4907,174.8131,8,,401677548,-128
227998,227998,UT,DS,2,0,1,272,272,20:11:19 24-Nov-2022,NK,B,-32.4786,174.8327,-32.4786,174.8327,8,,401677551,-135
227998,227998,UT,DS,2,1,0,,,21:28:09 24-Nov-2022,MC,B,-32.4773,174.9128,-32.4773,174.9128,8,,401677551,-124
227998,227998,UT,DS,1,0,0,,,05:57:11 25-Nov-2022,A1,B,-32.3705,175.3855,-32.3705,175.3855,8,,401677551,-137
227998,227998,UT,DS,1,0,0,,,06:31:32 25-Nov-2022,SR,B,-32.4343,174.8576,-32.4343,174.8576,8,,401677544,-133
227998,227998,UT,DS,5,1,2,,,06:52:33 25-Nov-2022,NK,2,-32.4330,175.3156,-32.4330,175.3156,56,,401677543,-133
227998,227998,UT,DS,1,0,0,,,08:27:42 25-Nov-2022,NK,B,-32.4171,175.4107,-32.4171,175.4107,8,,401677550,-135
227998,227998,UT,DS,2,0,0,216,216,17:08:35 25-Nov-2022,SR,B,-32.3256,175.8285,-32.3256,175.8285,8,,401677542,-132
227998,227998,UT,DS,1,0,0,,,17:27:59 25-Nov-2022,A1,B,-32.3290,175.8421,-32.3290,175.8421,6,,401677541,-134
227998,227998,UT,DS,2,0,1,128,128,18:02:45 25-Nov-2022,NK,B,-32.3225,175.8768,-32.3225,175.8768,7,,401677553,-131
227998,227998,UT,DS,1,0,0,,,18:50:16 25-Nov-2022,SR,B,-32.3175,175.9204,-32.3175,175.9204,8,,401677545,-127
227998,227998,UT,DS,1,0,0,,,04:20:55 26-Nov-2022,SR,B,-32.2843,175.9342,-32.2843,175.9342,8,,401677532,-133
227998,227998,UT,DS,1,0,0,,,05:38:53 26-Nov-2022,A1,B,-32.3086,176.3029,-32.3086,176.3029,8,,401677554,-135
227998,227998,UT,DS,2,0,1,47,47,17:41:06 26-Nov-2022,NK,B,-32.3315,177.0683,-32.3315,177.0683,,,401677554,-133
227998,227998,UT,DS,1,0,0,,,18:20:13 26-Nov-2022,SR,B,-32.3307,177.1149,-32.3307,177.1149,8,,401677560,-134
227998,227998,UT,DS,2,0,2,126,126,05:22:30 27-Nov-2022,A1,B,-32.3722,177.8148,-32.3722,177.8148,8,,401677565,-132
227998,227998,UT,DS,2,0,2,432,432,05:28:51 27-Nov-2022,SR,B,-32.2870,177.6735,-32.2870,177.6735,6,,401677543,-128
227998,227998,UT,DS,2,0,1,76,76,07:50:11 27-Nov-2022,NP,B,-32.2361,177.8083,-32.2361,177.8083,8,,401677555,-136
227998,227998,UT,DS,1,0,0,,,09:16:29 27-Nov-2022,MC,B,-32.2304,177.8930,-32.2304,177.8930,8,,401677557,-129
227998,227998,UT,DS,1,0,1,,,09:57:26 27-Nov-2022,MB,B,-32.2271,177.9062,-32.2271,177.9062,8,,401677554,-133
227998,227998,UT,DS,1,0,0,,,10:49:40 27-Nov-2022,MC,B,-32.2225,177.9454,-32.2225,177.9454,8,,401677554,-131
227998,227998,UT,DS,3,0,0,68,47,16:56:04 27-Nov-2022,A1,A,-32.1112,178.2811,-32.1112,178.2811,8,,401677555,-136
227998,227998,UT,DS,2,0,0,160,160,17:16:51 27-Nov-2022,NK,B,-32.1091,178.2823,-32.1091,178.2823,6,,401677544,-135
227998,227998,UT,DS,5,1,0,,,17:47:04 27-Nov-2022,SR,2,-32.0859,178.3140,-32.0859,178.3140,58,,401677548,-128
227998,227998,UT,DS,2,0,0,247,247,18:27:38 27-Nov-2022,A1,B,-32.0793,178.3529,-32.0793,178.3529,8,,401677550,-127
227998,227998,UT,DS,2,1,0,,,19:05:33 27-Nov-2022,NP,B,-32.0704,178.3708,-32.0704,178.3708,8,,401677552,-132
227998,227998,UT,DS,2,0,0,60,60,04:54:12 28-Nov-2022,SR,B,-32.0957,178.8900,-32.0957,178.8900,8,,401677538,-130
227998,227998,UT,DS,2,0,1,301,301,06:37:31 28-Nov-2022,SR,B,-32.0990,178.8210,-32.0990,178.8210,7,,401677568,-138
227998,227998,UT,DS,12,3,2,,,07:16:26 28-Nov-2022,NK,3,-32.1603,178.8479,-32.1603,178.8479,58,,401677552,-127
227998,227998,UT,DS,7,0,0,76,16,07:31:02 28-Nov-2022,NP,3,-32.1630,178.8596,-32.1630,178.8596,58,,401677551,-130
227998,227998,UT,DS,2,0,0,42,42,17:10:58 28-Nov-2022,SR,B,-32.4048,179.1948,-32.4048,179.1948,8,,401677568,-131
227998,227998,UT,DS,1,0,0,,,18:25:18 28-Nov-2022,NK,B,-32.4263,179.2388,-32.4263,179.2388,8,,401677559,-133
227998,227998,UT,DS,1,0,0,,,04:44:03 29-Nov-2022,A1,B,-32.6491,179.6088,-32.6491,179.6088,8,,401677571,-134
227998,227998,UT,DS,2,0,0,83,83,06:04:55 29-Nov-2022,SR,B,-32.6672,179.7859,-32.6672,179.7859,8,,401677546,-130
227998,227998,UT,DS,7,3,0,,,06:48:40 29-Nov-2022,NK,3,-32.6818,179.8371,-32.6818,179.8371,58,,401677551,-129
227998,227998,UT,DS,2,0,1,50,50,07:19:50 29-Nov-2022,NP,B,-32.6921,179.8741,-32.6921,179.8741,8,,401677548,-131
227998,227998,UT,DS,1,0,0,,,09:04:57 29-Nov-2022,NP,B,-32.7281,179.9978,-32.7281,179.9978,8,,401677543,-134
227998,227998,UT,DS,1,0,0,,,16:44:09 29-Nov-2022,SR,B,-32.8180,-179.5397,-32.8180,-179.5397,8,,401677564,-133
227998,227998,UT,DS,1,0,0,,,18:48:11 29-Nov-2022,NP,B,-32.8395,-179.7130,-32.8395,-179.7130,8,,401677539,-138
227998,227998,UT,DS,2,0,0,440,440,19:43:53 29-Nov-2022,MC,B,-32.8451,-179.6050,-32.8451,-179.6050,,,401677553,-129
227998,227998,UT,DS,1,0,0,,,19:43:53 29-Nov-2022,NK,B,-32.8352,-179.6927,-32.8352,-179.6927,8,,401677540,-127
227998,227998,UT,DS,1,0,0,,,03:59:46 30-Nov-2022,SR,B,-32.9592,-179.3783,-32.9592,-179.3783,8,,401677531,-137
227998,227998,UT,DS,2,0,0,283,283,05:34:21 30-Nov-2022,SR,B,-32.9604,-179.3653,-32.9604,-179.3653,8,,401677533,-137
227998,227998,UT,DS,3,0,0,124,68,06:22:24 30-Nov-2022,NK,A,-32.9650,-179.2542,-32.9650,-179.2542,6,,401677555,-133
227998,227998,UT,DS,1,0,0,,,17:39:31 30-Nov-2022,A1,B,-33.1627,-179.0270,-33.1627,-179.0270,8,,401677500,-127
227998,227998,UT,DS,1,0,0,,,17:39:31 30-Nov-2022,NK,B,-33.1042,-178.4734,-33.1042,-178.4734,8,,401677532,-135
227998,227998,UT,DS,1,0,0,,,17:47:39 30-Nov-2022,SR,B,-33.1036,-178.7724,-33.1036,-178.7724,6,,401677569,-138
227998,227998,UT,DS,2,1,0,,,18:32:19 30-Nov-2022,NP,B,-33.0507,-178.6478,-33.0507,-178.6478,8,,401677532,-129
227998,227998,UT,DS,2,0,0,137,137,19:19:34 30-Nov-2022,NK,B,-33.0546,-178.6039,-33.0546,-178.6039,8,,401677525,-128
227998,227998,UT,DS,2,0,0,36,36,19:29:15 30-Nov-2022,MC,B,-33.0365,-178.6042,-33.0365,-178.6042,6,,401677546,-124
227998,227998,UT,DS,1,0,0,,,20:14:55 30-Nov-2022,NP,B,-33.0311,-178.5356,-33.0311,-178.5356,8,,401677535,-137
227998,227998,UT,DS,1,0,1,,,05:05:37 01-Dec-2022,SR,B,-32.9976,-178.5038,-32.9976,-178.5038,8,,401677534,-132
227998,227998,UT,DS,2,0,0,75,75,05:46:17 01-Dec-2022,A1,B,-33.1203,-178.2353,-30.7526,168.6560,,,401677551,-133
227998,227998,UT,DS,1,0,0,,,05:57:01 01-Dec-2022,NK,B,-33.0068,-178.4395,-33.0068,-178.4395,8,,401677524,-137
227998,227998,UT,DS,1,0,0,,,07:41:57 01-Dec-2022,NK,B,-33.0147,-178.3057,-33.0147,-178.3057,8,,401677513,-137
227998,227998,UT,DS,2,0,0,112,112,08:36:36 01-Dec-2022,NP,B,-33.1544,-178.0867,-33.1544,-178.0867,8,,401677558,-130
227998,227998,UT,DS,7,3,0,,,17:12:37 01-Dec-2022,NK,1,-33.2980,-177.8124,-33.2980,-177.8124,8,,401677552,-133
227998,227998,UT,DS,14,5,1,,,17:22:55 01-Dec-2022,SR,3,-33.2886,-177.7999,-33.2886,-177.7999,56,,401677552,-126
227998,227998,UT,DS,9,2,0,,,17:21:27 01-Dec-2022,A1,2,-33.2901,-177.8003,-33.2901,-177.8003,46,,401677553,-129
227998,227998,UT,DS,5,1,2,,,18:22:33 01-Dec-2022,NP,0,-33.3123,-177.7077,-33.3123,-177.7077,58,,401677563,-132
227998,227998,UT,DS,1,0,0,,,05:29:24 02-Dec-2022,A1,B,-33.2906,-177.7010,-33.2906,-177.7010,8,,401677561,-128
227998,227998,UT,DS,2,0,1,16,16,06:08:16 02-Dec-2022,SR,B,-33.6620,-176.7271,-33.6620,-176.7271,8,,401677623,-133
227998,227998,UT,DS,1,0,1,,,06:40:32 02-Dec-2022,NP,Z,-33.4159,-177.2590,-33.4159,-177.2590,8,,401677546,-138
227998,227998,UT,DS,4,0,1,153,45,09:09:47 02-Dec-2022,MC,2,-33.4807,-177.1305,-33.4807,-177.1305,58,,401677549,-120
227998,227998,UT,DS,1,0,0,,,09:55:57 02-Dec-2022,MB,B,-33.4916,-177.0797,-33.4916,-177.0797,8,,401677554,-133
227998,227998,UT,DS,3,0,0,151,64,16:49:59 02-Dec-2022,SR,A,-33.5906,-176.7626,-33.5906,-176.7626,8,,401677549,-131
227998,227998,UT,DS,1,0,0,,,17:04:49 02-Dec-2022,A1,B,-33.5940,-176.7475,-33.5940,-176.7475,6,,401677551,-137
227998,227998,UT,DS,5,1,1,,,18:05:02 02-Dec-2022,NP,1,-33.6137,-176.7126,-33.6137,-176.7126,58,,401677544,-136
227998,227998,UT,DS,2,0,2,32,32,18:32:07 02-Dec-2022,SR,B,-33.6343,-176.6876,-33.6343,-176.6876,6,,401677557,-134
227998,227998,UT,DS,1,0,0,,,04:01:16 03-Dec-2022,SR,B,-33.6812,-176.1451,-33.6812,-176.1451,8,,401677517,-125
227998,227998,UT,DS,2,0,1,377,377,06:48:00 03-Dec-2022,NK,B,-33.6152,-176.1919,-33.6152,-176.1919,7,,401677567,-133
227998,227998,UT,DS,5,1,1,,,08:16:25 03-Dec-2022,NP,0,-33.5290,-176.1342,-33.5290,-176.1342,58,,401677558,-123
227998,227998,UT,DS,1,0,0,,,08:31:58 03-Dec-2022,NK,B,-33.5294,-176.1353,-33.5294,-176.1353,6,,401677553,-133
227998,227998,UT,DS,1,0,0,,,09:25:34 03-Dec-2022,NN,B,-33.5124,-176.0917,-33.5124,-176.0917,8,,401677555,-137
227998,227998,UT,DS,3,0,0,172,23,10:25:17 03-Dec-2022,MC,A,-33.5042,-176.1349,-33.5042,-176.1349,8,,401677578,-127
227998,227998,UT,DS,3,1,1,,,11:10:01 03-Dec-2022,NN,A,-33.4452,-176.1115,-33.4452,-176.1115,8,,401677552,-131
227998,227998,UT,DS,8,1,3,,,16:17:59 03-Dec-2022,SR,1,-33.2912,-176.0295,-33.2912,-176.0295,58,,401677551,-134
227998,227998,UT,DS,2,0,0,116,116,16:46:46 03-Dec-2022,A1,B,-33.2908,-176.0268,-33.2908,-176.0268,6,,401677562,-138
227998,227998,UT,DS,3,0,2,44,33,17:52:56 03-Dec-2022,NP,A,-33.2314,-175.9773,-33.2314,-175.9773,8,,401677558,-136
227998,227998,UT,DS,1,0,0,,,17:56:52 03-Dec-2022,SR,B,-33.2413,-175.9691,-33.2413,-175.9691,6,,401677540,-131
227998,227998,UT,DS,1,0,0,,,18:20:00 03-Dec-2022,A1,B,-33.2254,-175.9590,-33.2254,-175.9590,6,,401677544,-137
227998,227998,UT,DS,1,0,0,,,03:30:19 04-Dec-2022,SR,B,-32.9189,-175.7343,-32.9189,-175.7343,8,,401677566,-140
227998,227998,UT,DS,2,0,0,116,116,04:55:56 04-Dec-2022,A1,B,-32.8970,-175.7384,-32.8970,-175.7384,8,,401677549,-129
227998,227998,UT,DS,1,0,0,,,05:14:09 04-Dec-2022,SR,B,-32.8943,-175.7394,-32.8943,-175.7394,6,,401677551,-139
227998,227998,UT,DS,1,0,0,,,06:23:28 04-Dec-2022,NK,B,-32.8447,-175.7123,-32.8447,-175.7123,8,,401677553,-140
227998,227998,UT,DS,3,1,0,,,08:27:29 04-Dec-2022,MC,A,-32.7691,-175.6600,-32.7691,-175.6600,8,,401677550,-123
227998,227998,UT,DS,2,0,0,241,241,09:16:54 04-Dec-2022,NN,B,-32.7440,-175.6445,-32.7440,-175.6445,8,,401677552,-132
227998,227998,UT,DS,1,0,0,,,09:14:54 04-Dec-2022,MB,B,-32.7419,-175.6404,-32.7419,-175.6404,8,,401677546,-127
227998,227998,UT,DS,1,0,0,,,10:13:18 04-Dec-2022,MC,B,-32.7115,-175.6231,-32.7115,-175.6231,8,,401677553,-135
227998,227998,UT,DS,2,0,0,285,285,10:56:46 04-Dec-2022,NN,B,-32.6898,-175.5994,-32.6898,-175.5994,8,,401677553,-127
227998,227998,UT,DS,1,0,0,,,17:43:41 04-Dec-2022,NP,B,-32.4887,-175.4444,-32.4887,-175.4444,8,,401677564,-137
227998,227998,UT,DS,2,0,1,18,18,18:09:31 04-Dec-2022,A1,B,-32.4453,-175.4070,-32.4453,-175.4070,6,,401677546,-133
227998,227998,UT,DS,1,0,0,,,07:49:23 05-Dec-2022,NP,B,-31.9669,-175.0646,-31.9669,-175.0646,,,401677549,-138
227998,227998,UT,DS,1,0,0,,,09:04:35 05-Dec-2022,NN,B,-31.9276,-175.1448,-31.9276,-175.1448,6,,401677605,-137
227998,227998,UT,DS,2,0,0,87,87,17:00:30 05-Dec-2022,SR,B,-31.5581,-175.2768,-31.5581,-175.2768,8,,401677566,-136
227998,227998,UT,DS,4,2,0,,,18:27:43 06-Dec-2022,NK,1,-30.8103,-175.5243,-30.8103,-175.5243,50,,401677551,-133
227998,227998,UT,DS,1,0,0,,,18:58:32 06-Dec-2022,NP,B,-30.7929,-175.5280,-30.7929,-175.5280,8,,401650000,-130
227998,227998,UT,DS,1,0,0,,,20:01:50 06-Dec-2022,NK,B,-30.7962,-175.5290,-30.7962,-175.5290,7,,401677560,-137
227998,227998,UT,DS,1,0,1,,,21:38:30 07-Dec-2022,NN,,,,,,,,401650000,-126
227998,227998,UT,DS,1,0,0,,,04:39:05 08-Dec-2022,SR,,,,,,,,401650000,-138
227998,227998,UT,DS,2,0,0,15,15,06:27:08 08-Dec-2022,SR,B,-29.9347,-175.9154,-29.9347,-175.9154,,,401677548,-132
227998,227998,UT,DS,2,1,0,,,16:58:33 08-Dec-2022,A1,B,-29.8044,-176.2541,-29.8044,-176.2541,8,,401677512,-137
227998,227998,UT,DS,1,0,0,,,17:02:55 08-Dec-2022,SR,B,-29.8687,-175.9742,-29.8687,-175.9742,8,,401677574,-134
227998,227998,UT,DS,2,0,0,153,153,18:31:13 08-Dec-2022,A1,B,-29.8280,-176.2652,-29.8280,-176.2652,7,,401677544,-134
227998,227998,UT,DS,1,0,1,,,18:32:29 08-Dec-2022,NP,B,-29.8304,-176.2596,-29.8304,-176.2596,6,,401677543,-138
227998,227998,UT,DS,4,0,3,122,40,18:41:35 08-Dec-2022,SR,1,-29.8239,-176.2589,-29.8239,-176.2589,56,,401677547,-126
227998,227998,UT,DS,8,3,1,,,19:15:42 08-Dec-2022,NK,2,-29.8132,-176.2817,-29.8132,-176.2817,48,,401677549,-124
227998,227998,UT,DS,3,1,0,,,20:17:59 08-Dec-2022,NP,A,-29.7944,-176.3153,-29.7944,-176.3153,8,,401677545,-133
227998,227998,UT,DS,1,0,0,,,21:44:10 08-Dec-2022,MC,B,-29.7635,-176.3467,-29.7635,-176.3467,8,,401677552,-124
227998,227998,UT,DS,3,1,1,,,05:55:34 09-Dec-2022,SR,A,-29.6297,-176.6176,-29.6297,-176.6176,8,,401677544,-122
227998,227998,UT,DS,2,0,0,25,25,08:24:47 09-Dec-2022,MC,B,-29.6224,-176.7867,-29.6224,-176.7867,8,,401677563,-132
227998,227998,UT,DS,4,2,1,,,08:44:07 09-Dec-2022,NP,3,-29.5725,-176.7360,-29.5725,-176.7360,56,,401677547,-124
227998,227998,UT,DS,2,0,0,370,370,09:54:52 09-Dec-2022,NN,B,-29.5637,-176.7859,-29.5637,-176.7859,8,,401677544,-129
227998,227998,UT,DS,8,2,2,,,10:04:28 09-Dec-2022,MC,3,-29.5615,-176.7864,-29.5615,-176.7864,56,,401677550,-116
227998,227998,UT,DS,8,0,2,81,12,18:11:42 09-Dec-2022,SR,1,-29.4982,-176.9203,-29.4982,-176.9203,48,,401677548,-129
227998,227998,UT,DS,8,2,0,,,18:16:54 09-Dec-2022,A1,3,-29.4959,-176.9299,-29.4959,-176.9299,56,,401677549,-127
227998,227998,UT,DS,2,0,1,133,133,18:22:28 09-Dec-2022,NP,B,-29.4962,-176.9270,-29.4962,-176.9270,6,,401677547,-138
227998,227998,UT,DS,5,2,0,,,18:49:00 09-Dec-2022,NK,2,-29.4861,-176.9403,-29.4861,-176.9403,56,,401677547,-125
227998,227998,UT,DS,1,0,0,,,19:49:26 09-Dec-2022,SR,B,-29.4710,-176.9731,-29.4710,-176.9731,8,,401677559,-135
227998,227998,UT,DS,1,0,0,,,21:21:54 09-Dec-2022,NN,B,-29.4554,-177.0089,-29.4554,-177.0089,8,,401677563,-137
227998,227998,UT,DS,1,0,0,,,21:21:54 09-Dec-2022,MC,B,-29.4447,-177.0226,-29.4447,-177.0226,8,,401677550,-117
227998,227998,UT,DS,4,1,1,,,04:49:12 10-Dec-2022,A1,1,-29.2533,-177.2749,-29.2533,-177.2749,48,,401677548,-137
227998,227998,UT,DS,7,2,2,,,05:22:58 10-Dec-2022,SR,0,-29.2420,-177.3004,-29.2420,-177.3004,58,,401677552,-124
227998,227998,UT,DS,4,0,0,55,22,06:20:36 10-Dec-2022,A1,0,-29.2186,-177.3347,-29.2186,-177.3347,58,,401677550,-136
227998,227998,UT,DS,2,1,0,,,07:02:07 10-Dec-2022,SR,B,-29.2043,-177.3607,-29.2043,-177.3607,8,,401677547,-138
227998,227998,UT,DS,3,0,2,256,174,07:13:37 10-Dec-2022,NK,A,-29.1912,-177.3763,-29.1912,-177.3763,6,,401677545,-132
227998,227998,UT,DS,1,0,0,,,08:54:38 10-Dec-2022,NK,B,-29.1598,-177.4395,-29.1598,-177.4395,8,,401677547,-133
227998,227998,UT,DS,2,1,0,,,09:43:46 10-Dec-2022,NN,B,-29.1456,-177.4539,-29.1456,-177.4539,8,,401677549,-133
227998,227998,UT,DS,2,1,0,,,09:43:46 10-Dec-2022,MC,B,-29.1450,-177.4757,-29.1450,-177.4757,8,,401677542,-119
227998,227998,UT,DS,3,2,0,,,11:23:53 10-Dec-2022,NN,A,-29.1076,-177.5097,-29.1076,-177.5097,8,,401677549,-129
227998,227998,UT,DS,1,0,0,,,11:23:54 10-Dec-2022,MC,B,-29.1078,-177.5090,-29.1078,-177.5090,,,401677552,-132
227998,227998,UT,DS,8,3,0,,,17:42:05 10-Dec-2022,SR,3,-29.0404,-177.8013,-29.0404,-177.8013,58,,401677547,-129
227998,227998,UT,DS,5,3,0,,,17:59:25 10-Dec-2022,A1,2,-29.0377,-177.8108,-29.0377,-177.8108,56,,401677549,-120
227998,227998,UT,DS,1,0,0,,,19:16:20 10-Dec-2022,SR,B,-29.0153,-177.8579,-29.0153,-177.8579,8,,401677545,-136
227998,227998,UT,DS,1,0,0,,,19:47:29 10-Dec-2022,NP,B,-29.0139,-177.8606,-29.0139,-177.8606,8,,401677552,-136
227998,227998,UT,DS,1,0,0,,,08:58:10 12-Dec-2022,MC,,,,,,,,401650000,-128
227998,227998,UT,DS,4,0,0,75,48,09:48:12 12-Dec-2022,NP,0,-29.2301,-178.0345,-29.2301,-178.0345,40,,401677546,-132
227998,227998,UT,DS,3,0,0,67,48,09:48:50 12-Dec-2022,MB,A,-29.2433,-178.0222,-29.2433,-178.0222,6,,401677554,-126
227998,227998,UT,DS,5,1,0,,,09:15:25 13-Dec-2022,NK,0,-29.2462,-177.9771,-29.2462,-177.9771,50,,401677572,-132
227998,227998,UT,DS,1,0,0,,,17:37:58 13-Dec-2022,NP,B,-29.1292,-178.1116,-29.1292,-178.1116,8,,401677546,-140
227998,227998,UT,DS,2,0,1,83,83,17:44:21 13-Dec-2022,SR,B,-29.1570,-178.0507,-29.1570,-178.0507,6,,401677552,-124
227998,227998,UT,DS,1,0,0,,,18:41:45 13-Dec-2022,A1,B,-29.1585,-178.0157,-29.1585,-178.0157,8,,401677522,-139
227998,227998,UT,DS,1,0,0,,,18:46:24 13-Dec-2022,NK,B,-29.1735,-178.0033,-29.1735,-178.0033,6,,401677559,-125
227998,227998,UT,DS,2,0,0,101,101,19:23:39 13-Dec-2022,SR,B,-29.1965,-178.0417,-29.1965,-178.0417,6,,401677527,-135
227998,227998,UT,DS,1,0,0,,,19:22:49 13-Dec-2022,NP,B,-29.1627,-178.0124,-29.1627,-178.0124,6,,401677549,-139
227998,227998,UT,DS,1,0,0,,,18:24:27 15-Dec-2022,SR,,,,,,,,401650000,-126
227998,227998,UT,DS,10,8,0,,,18:51:31 15-Dec-2022,NP,3,-29.2190,-178.0434,-29.2190,-178.0434,50,,401677554,-129
227998,227998,UT,DS,10,2,1,,,19:15:31 15-Dec-2022,MC,1,-29.2098,-178.0265,-29.2098,-178.0265,56,,401677550,-129
227998,227998,UT,DS,4,1,1,,,19:34:24 15-Dec-2022,NK,1,-29.1902,-178.0361,-29.1902,-178.0361,56,,401677554,-132
227998,227998,UT,DS,1,0,1,,,09:02:37 16-Dec-2022,NP,B,-29.2652,-178.0374,-29.2652,-178.0374,,,401677541,-136
227998,227998,UT,DS,1,0,1,,,09:24:19 16-Dec-2022,MC,B,-29.2577,-178.0347,-29.2577,-178.0347,6,,401677532,-128
227998,227998,UT,DS,3,1,0,,,05:59:18 17-Dec-2022,A1,A,-29.2050,-177.9054,-29.2050,-177.9054,,,401677558,-133
227998,227998,UT,DS,6,3,1,,,06:43:32 17-Dec-2022,SR,1,-29.2003,-177.8732,-29.2003,-177.8732,58,,401677550,-133
227998,227998,UT,DS,5,3,1,,,07:08:17 17-Dec-2022,NP,1,-29.1931,-177.8665,-29.1931,-177.8665,56,,401677562,-136
227998,227998,UT,DS,5,0,3,35,29,07:32:23 17-Dec-2022,NK,1,-29.1632,-177.8736,-29.1632,-177.8736,56,,401677552,-128
227998,227998,UT,DS,9,4,0,,,06:50:08 20-Dec-2022,SR,0,-29.7330,-178.5711,-29.7330,-178.5711,40,,401677546,-132
227998,227998,UT,DS,3,0,0,75,30,09:36:40 20-Dec-2022,MC,A,-29.7341,-178.6308,-29.7341,-178.6308,8,,401677546,-118
227998,227998,UT,DS,1,0,1,,,09:37:10 20-Dec-2022,NK,B,-29.7341,-178.6308,-29.7341,-178.6308,6,,401677550,-135
227998,227998,UT,DS,3,1,0,,,09:53:17 20-Dec-2022,NP,A,-29.7462,-178.6470,-29.7462,-178.6470,6,,401677560,-130
227998,227998,UT,DS,11,6,1,,,17:28:50 20-Dec-2022,SR,2,-29.7835,-178.9657,-29.7835,-178.9657,58,,401677548,-126
227998,227998,UT,DS,4,1,0,,,17:32:48 20-Dec-2022,NK,1,-29.7767,-178.9730,-29.7767,-178.9730,56,,401677555,-133
227998,227998,UT,DS,1,0,0,,,17:54:24 20-Dec-2022,NP,B,-29.7858,-178.9741,-29.7858,-178.9741,6,,401677559,-137
227998,227998,UT,DS,3,1,0,,,18:16:16 20-Dec-2022,A1,A,-29.8168,-179.0121,-29.8168,-179.0121,6,,401677552,-132
227998,227998,UT,DS,3,1,0,,,19:09:52 20-Dec-2022,SR,A,-29.8394,-179.0322,-29.8394,-179.0322,8,,401677546,-126
227998,227998,UT,DS,2,0,0,70,70,19:11:01 20-Dec-2022,NK,B,-29.8410,-179.0343,-29.8410,-179.0343,6,,401677554,-123
227998,227998,UT,DS,13,5,1,,,19:30:14 20-Dec-2022,NP,2,-29.8568,-179.0701,-29.8568,-179.0701,56,,401677547,-136
227998,227998,UT,DS,2,0,0,151,151,20:52:23 20-Dec-2022,MC,B,-29.8792,-179.1133,-29.8792,-179.1133,7,,401677567,-119
227998,227998,UT,DS,5,0,0,102,19,21:15:23 20-Dec-2022,NP,1,-29.9199,-179.1001,-29.9199,-179.1001,56,,401677553,-133
227998,227998,UT,DS,1,0,1,,,21:44:16 20-Dec-2022,MB,B,-29.9061,-179.1115,-29.9061,-179.1115,6,,401677553,-135
227998,227998,UT,DS,1,0,0,,,22:34:33 20-Dec-2022,MC,B,-29.9247,-179.1337,-29.9247,-179.1337,8,,401677561,-127
227998,227998,UT,DS,11,3,0,,,04:37:39 21-Dec-2022,SR,2,-30.0983,-179.3040,-30.0983,-179.3040,58,,401677553,-131
227998,227998,UT,DS,8,3,1,,,18:00:20 21-Dec-2022,A1,1,-30.3088,-179.7475,-30.3088,-179.7475,50,,401677551,-124
227998,227998,UT,DS,13,6,2,,,18:34:25 21-Dec-2022,SR,3,-30.3355,-179.7728,-30.3355,-179.7728,58,,401677549,-125
227998,227998,UT,DS,10,4,1,,,18:46:48 21-Dec-2022,NK,3,-30.3404,-179.7740,-30.3404,-179.7740,56,,401677548,-127
227998,227998,UT,DS,3,1,0,,,19:19:56 21-Dec-2022,NP,A,-30.3642,-179.7921,-30.3642,-179.7921,8,,401677548,-128
227998,227998,UT,DS,1,0,0,,,19:32:30 21-Dec-2022,A1,B,-30.3711,-179.7970,-30.3711,-179.7970,6,,401677546,-141
227998,227998,UT,DS,1,0,0,,,20:35:15 21-Dec-2022,NN,B,-30.3996,-179.8251,-30.3996,-179.8251,8,,401677546,-140
227998,227998,UT,DS,1,0,0,,,20:36:50 21-Dec-2022,MC,B,-30.3959,-179.8213,-30.3959,-179.8213,6,,401677547,-128
227998,227998,UT,DS,1,0,0,,,21:22:34 21-Dec-2022,MB,B,-30.4186,-179.8354,-30.4186,-179.8354,7,,401677562,-127
227998,227998,UT,DS,1,0,0,,,06:08:05 22-Dec-2022,A1,B,-30.7530,179.9503,-30.7530,179.9503,8,,401677573,-135
227998,227998,UT,DS,1,0,0,,,07:46:17 22-Dec-2022,NP,B,-30.8065,179.8599,-30.8065,179.8599,8,,401677573,-128
227998,227998,UT,DS,1,0,0,,,18:24:24 22-Dec-2022,NK,B,-31.1617,179.6867,-31.1617,179.6867,8,,401677548,-137
227998,227998,UT,DS,2,0,0,385,385,21:55:49 22-Dec-2022,MC,B,-31.2662,179.6348,-31.2662,179.6348,,,401677550,-131
227998,227998,UT,DS,1,0,1,,,21:55:49 22-Dec-2022,NN,B,-31.1137,179.5470,-31.1137,179.5470,8,,401677559,-140
227998,227998,UT,DS,1,0,0,,,05:48:08 23-Dec-2022,A1,B,-31.5692,179.4726,-31.5692,179.4726,8,,401677524,-136
227998,227998,UT,DS,1,0,0,,,06:41:50 23-Dec-2022,NK,B,-31.5597,179.4513,-31.5597,179.4513,8,,401677545,-137
227998,227998,UT,DS,2,0,1,268,268,07:33:13 23-Dec-2022,NP,B,-31.6241,179.4453,,,6,,401677558,-134
227998,227998,UT,DS,2,0,0,220,220,09:16:15 23-Dec-2022,NP,B,-31.6806,179.4569,-31.6806,179.4569,8,,401677557,-140
227998,227998,UT,DS,2,0,1,425,425,10:10:40 23-Dec-2022,MC,B,-31.7395,179.3994,-31.7395,179.3994,8,,401677558,-124
