Prog,PTT,Len,Satellite,Class,Pass,PassDate,PassTime,Latitude,Longitude,Comment,Frequency,Power,IQ,Dups,MsgDate,MsgTime,Latitude2,Longitude2,Duration,Error radius,Error Semi-major axis,Error Semi-minor axis,Error Ellipse orientation,Offset,Offset orientation,SENSOR #01,SENSOR #02,SENSOR #03,SENSOR #04,SENSOR #05,SENSOR #06,SENSOR #07,SENSOR #08,SENSOR #09,SENSOR #10,SENSOR #11,SENSOR #12,SENSOR #13,SENSOR #14,SENSOR #15,SENSOR #16,SENSOR #17,SENSOR #18,SENSOR #19,SENSOR #20,SENSOR #21,SENSOR #22,SENSOR #23,SENSOR #24,SENSOR #25,SENSOR #26,SENSOR #27,SENSOR #28,SENSOR #29,SENSOR #30,SENSOR #31,SENSOR #32
5675,198172,3,MA,1,2,22-Feb-2020,08:22:26,-29.0405,167.9541,,401677666,-124,60,0,22-Feb-2020,08:18:54,-19.2663,-146.8456,256,740,2478,221,26,,,78,152,4,,,,,,,,,,,,,,,,,,,,,,,,,,,,,
5675,198172,3,MA,1,2,22-Feb-2020,08:22:26,-29.0405,167.9541,,401677666,-124,60,0,22-Feb-2020,08:20:18,-19.2663,-146.8456,256,740,2478,221,26,,,83,194,1,,,,,,,,,,,,,,,,,,,,,,,,,,,,,
5675,198172,3,MA,1,2,22-Feb-2020,08:22:26,-29.0405,167.9541,,401677666,-124,60,0,22-Feb-2020,08:21:43,-19.2663,-146.8456,256,740,2478,221,26,,,97,135,0,,,,,,,,,,,,,,,,,,,,,,,,,,,,,
5675,198172,3,MA,1,2,22-Feb-2020,08:22:26,-29.0405,167.9541,,401677666,-124,60,0,22-Feb-2020,08:23:10,-19.2663,-146.8456,256,740,2478,221,26,,,9,0,144,,,,,,,,,,,,,,,,,,,,,,,,,,,,,
5675,198172,3,NK,3,3,22-Feb-2020,08:53:41,-29.0387,167.9540,,401677669,-127,66,0,22-Feb-2020,08:50:10,-29.0387,167.9540,424,128,166,98,66,,,82,215,1,,,,,,,,,,,,,,,,,,,,,,,,,,,,,
5675,198172,3,NK,3,3,22-Feb-2020,08:53:41,-29.0387,167.9540,,401677669,-127,66,0,22-Feb-2020,08:51:33,-29.0387,167.9540,424,128,166,98,66,,,100,134,0,,,,,,,,,,,,,,,,,,,,,,,,,,,,,
5675,198172,3,NK,3,3,22-Feb-2020,08:53:41,-29.0387,167.9540,,401677669,-127,66,0,22-Feb-2020,08:52:59,-29.0387,167.9540,424,128,166,98,66,,,9,0,144,,,,,,,,,,,,,,,,,,,,,,,,,,,,,
5675,198172,3,NK,3,3,22-Feb-2020,08:53:41,-29.0387,167.9540,,401677669,-127,66,0,22-Feb-2020,08:54:24,-29.0387,167.9540,424,128,166,98,66,,,22,75,24,,,,,,,,,,,,,,,,,,,,,,,,,,,,,
5675,198172,3,NK,3,3,22-Feb-2020,08:53:41,-29.0387,167.9540,,401677669,-127,66,0,22-Feb-2020,08:55:49,-29.0387,167.9540,424,128,166,98,66,,,66,212,4,,,,,,,,,,,,,,,,,,,,,,,,,,,,,
5675,198172,3,NK,3,3,22-Feb-2020,08:53:41,-29.0387,167.9540,,401677669,-127,66,0,22-Feb-2020,08:57:14,-29.0387,167.9540,424,128,166,98,66,,,85,220,1,,,,,,,,,,,,,,,,,,,,,,,,,,,,,
5675,198172,3,MC,B,4,22-Feb-2020,08:51:33,-29.0404,167.9539,,401677658,-131,6,0,22-Feb-2020,08:51:33,-19.2211,-146.8335,,1044,1533,710,31,,,100,134,0,,,,,,,,,,,,,,,,,,,,,,,,,,,,,
5675,198172,3,MB,A,5,22-Feb-2020,09:36:38,-29.0394,167.9568,,401677672,-132,8,0,22-Feb-2020,09:34:15,-29.0394,167.9568,345,249,604,102,168,,,87,246,1,,,,,,,,,,,,,,,,,,,,,,,,,,,,,
5675,198172,3,MB,A,5,22-Feb-2020,09:36:38,-29.0394,167.9568,,401677672,-132,8,0,22-Feb-2020,09:35:41,-29.0394,167.9568,345,249,604,102,168,,,100,134,0,,,,,,,,,,,,,,,,,,,,,,,,,,,,,
5675,198172,3,MB,A,5,22-Feb-2020,09:36:38,-29.0394,167.9568,,401677672,-132,8,0,22-Feb-2020,09:40:00,-29.0394,167.9568,345,249,604,102,168,,,69,143,4,,,,,,,,,,,,,,,,,,,,,,,,,,,,,
5675,198172,3,NN,3,6,22-Feb-2020,09:51:59,-29.0389,167.9551,,401677671,-121,56,0,22-Feb-2020,09:48:26,-29.0389,167.9551,685,129,314,52,79,,,89,0,2,,,,,,,,,,,,,,,,,,,,,,,,,,,,,
5675,198172,3,NN,3,6,22-Feb-2020,09:51:59,-29.0389,167.9551,,401677671,-121,56,0,22-Feb-2020,09:49:51,-29.0389,167.9551,685,129,314,52,79,,,100,134,0,,,,,,,,,,,,,,,,,,,,,,,,,,,,,
5675,198172,3,NN,3,6,22-Feb-2020,09:51:59,-29.0389,167.9551,,401677671,-121,56,0,22-Feb-2020,09:51:17,-29.0389,167.9551,685,129,314,52,79,,,9,0,144,,,,,,,,,,,,,,,,,,,,,,,,,,,,,
5675,198172,3,NN,3,6,22-Feb-2020,09:51:59,-29.0389,167.9551,,401677671,-121,56,0,22-Feb-2020,09:52:42,-29.0389,167.9551,685,129,314,52,79,,,22,75,24,,,,,,,,,,,,,,,,,,,,,,,,,,,,,
5675,198172,3,NN,3,6,22-Feb-2020,09:51:59,-29.0389,167.9551,,401677671,-121,56,0,22-Feb-2020,09:54:07,-29.0389,167.9551,685,129,314,52,79,,,78,200,4,,,,,,,,,,,,,,,,,,,,,,,,,,,,,
5675,198172,3,NN,3,6,22-Feb-2020,09:51:59,-29.0389,167.9551,,401677671,-121,56,0,22-Feb-2020,09:55:33,-29.0389,167.9551,685,129,314,52,79,,,88,5,2,,,,,,,,,,,,,,,,,,,,,,,,,,,,,
5675,198172,3,NN,3,6,22-Feb-2020,09:51:59,-29.0389,167.9551,,401677671,-121,56,1,22-Feb-2020,09:58:23,-29.0389,167.9551,685,129,314,52,79,,,9,0,144,,,,,,,,,,,,,,,,,,,,,,,,,,,,,
5675,198172,23,NN,3,6,22-Feb-2020,09:51:59,-29.0389,167.9551,,401677671,-121,56,0,22-Feb-2020,09:59:51,-29.0389,167.9551,685,129,314,52,79,,,76,112,131,220,232,140,96,172,123,39,190,205,212,4,17,12,1,255,239,204,144,0,0,,,,,,,,,
5675,198172,23,MA,2,7,22-Feb-2020,10:04:06,-29.0400,167.9492,,401677673,-119,56,0,22-Feb-2020,09:59:51,-29.0400,167.9492,429,293,2018,42,77,,,76,112,131,220,232,140,96,172,123,39,190,205,212,4,17,12,1,255,255,204,144,0,0,,,,,,,,,
5675,198172,3,MA,2,7,22-Feb-2020,10:04:06,-29.0400,167.9492,,401677673,-119,56,0,22-Feb-2020,10:01:16,-29.0400,167.9492,429,293,2018,42,77,,,22,75,24,,,,,,,,,,,,,,,,,,,,,,,,,,,,,
5675,198172,3,MA,2,7,22-Feb-2020,10:04:06,-29.0400,167.9492,,401677673,-119,56,0,22-Feb-2020,10:02:41,-29.0400,167.9492,429,293,2018,42,77,,,75,201,4,,,,,,,,,,,,,,,,,,,,,,,,,,,,,
5675,198172,3,MA,2,7,22-Feb-2020,10:04:06,-29.0400,167.9492,,401677673,-119,56,0,22-Feb-2020,10:04:07,-29.0400,167.9492,429,293,2018,42,77,,,94,11,2,,,,,,,,,,,,,,,,,,,,,,,,,,,,,
5675,198172,3,MA,2,7,22-Feb-2020,10:04:06,-29.0400,167.9492,,401677673,-119,56,0,22-Feb-2020,10:05:35,-29.0400,167.9492,429,293,2018,42,77,,,100,134,0,,,,,,,,,,,,,,,,,,,,,,,,,,,,,
5675,198172,3,MA,2,7,22-Feb-2020,10:04:06,-29.0400,167.9492,,401677673,-119,56,1,22-Feb-2020,10:07:00,-29.0400,167.9492,429,293,2018,42,77,,,9,0,144,,,,,,,,,,,,,,,,,,,,,,,,,,,,,
5675,198172,3,MC,3,8,22-Feb-2020,10:27:38,-29.0385,167.9592,,401677676,-114,56,0,22-Feb-2020,10:28:23,-29.0385,167.9592,338,194,528,71,76,,,9,0,144,,,,,,,,,,,,,,,,,,,,,,,,,,,,,
5675,198172,3,MC,3,8,22-Feb-2020,10:27:38,-29.0385,167.9592,,401677676,-114,56,0,22-Feb-2020,10:31:10,-29.0385,167.9592,338,194,528,71,76,,,69,207,4,,,,,,,,,,,,,,,,,,,,,,,,,,,,,
5675,198172,3,MC,3,8,22-Feb-2020,10:27:38,-29.0385,167.9592,,401677676,-114,56,0,22-Feb-2020,10:32:36,-29.0385,167.9592,338,194,528,71,76,,,90,31,2,,,,,,,,,,,,,,,,,,,,,,,,,,,,,
5675,198172,3,MC,3,8,22-Feb-2020,10:27:38,-29.0385,167.9592,,401677676,-114,56,1,22-Feb-2020,10:34:01,-29.0385,167.9592,338,194,528,71,76,,,100,134,0,,,,,,,,,,,,,,,,,,,,,,,,,,,,,
5675,198172,3,MB,B,9,22-Feb-2020,11:22:05,-29.0368,167.9608,,401677676,-131,8,0,22-Feb-2020,11:22:06,-29.0368,167.9608,,1126,1302,972,91,,,22,75,24,,,,,,,,,,,,,,,,,,,,,,,,,,,,,
5675,198172,3,MC,B,10,22-Feb-2020,12:09:05,-29.0354,167.9605,,401677679,-132,8,0,22-Feb-2020,12:09:06,-29.0354,167.9605,,1335,1581,1127,75,,,85,99,18,,,,,,,,,,,,,,,,,,,,,,,,,,,,,
5675,198172,3,MC, ,11,29-Feb-2020,09:49:21,,,,401650000,-132,,0,29-Feb-2020,09:49:21,,,,,,,,,,10,0,16,,,,,,,,,,,,,,,,,,,,,,,,,,,,,
5675,198172,3,MC,B,12,01-Mar-2020,11:03:30,-29.1509,167.7444,,401677683,-120,,0,01-Mar-2020,11:03:10,-29.1509,167.7444,41,2238,36147,138,92,,,22,75,24,,,,,,,,,,,,,,,,,,,,,,,,,,,,,
5675,198172,3,MC,B,12,01-Mar-2020,11:03:30,-29.1509,167.7444,,401677683,-120,,0,01-Mar-2020,11:03:51,-29.1509,167.7444,41,2238,36147,138,92,,,71,11,5,,,,,,,,,,,,,,,,,,,,,,,,,,,,,
5675,198172,3,MC,A,13,02-Mar-2020,12:22:36,-28.8349,167.7991,,401677757,-129,,0,02-Mar-2020,12:22:04,-28.8349,167.7991,80,7714,45263,1314,140,,,98,136,0,,,,,,,,,,,,,,,,,,,,,,,,,,,,,
5675,198172,23,MC,A,13,02-Mar-2020,12:22:36,-28.8349,167.7991,,401677757,-129,,0,02-Mar-2020,12:22:22,-28.8349,167.7991,80,7714,45263,1314,140,,,77,112,131,220,232,140,96,178,1,49,105,147,88,5,159,117,133,166,37,222,216,11,120,,,,,,,,,
5675,198172,3,MC,A,13,02-Mar-2020,12:22:36,-28.8349,167.7991,,401677757,-129,,0,02-Mar-2020,12:23:24,-28.8349,167.7991,80,7714,45263,1314,140,,,75,7,5,,,,,,,,,,,,,,,,,,,,,,,,,,,,,
5675,198172,3,NP,3,14,02-Mar-2020,19:17:57,-28.6271,167.8091,,401677714,-127,58,0,02-Mar-2020,19:15:42,-28.6271,167.8091,587,178,259,122,152,,,76,60,20,,,,,,,,,,,,,,,,,,,,,,,,,,,,,
5675,198172,3,NP,3,14,02-Mar-2020,19:17:57,-28.6271,167.8091,,401677714,-127,58,0,02-Mar-2020,19:17:11,-28.6271,167.8091,587,178,259,122,152,,,64,32,5,,,,,,,,,,,,,,,,,,,,,,,,,,,,,
5675,198172,3,NP,3,14,02-Mar-2020,19:17:57,-28.6271,167.8091,,401677714,-127,58,0,02-Mar-2020,19:17:29,-28.6271,167.8091,587,178,259,122,152,,,95,94,3,,,,,,,,,,,,,,,,,,,,,,,,,,,,,
5675,198172,3,NP,3,14,02-Mar-2020,19:17:57,-28.6271,167.8091,,401677714,-127,58,0,02-Mar-2020,19:18:30,-28.6271,167.8091,587,178,259,122,152,,,68,79,56,,,,,,,,,,,,,,,,,,,,,,,,,,,,,
5675,198172,23,NP,3,14,02-Mar-2020,19:17:57,-28.6271,167.8091,,401677714,-127,58,0,02-Mar-2020,19:19:04,-28.6271,167.8091,587,178,259,122,152,,,82,144,131,220,232,140,96,178,1,77,53,20,210,6,201,16,1,255,31,210,32,255,128,,,,,,,,,
5675,198172,3,NP,3,14,02-Mar-2020,19:17:57,-28.6271,167.8091,,401677714,-127,58,0,02-Mar-2020,19:20:43,-28.6271,167.8091,587,178,259,122,152,,,84,105,3,,,,,,,,,,,,,,,,,,,,,,,,,,,,,
5675,198172,3,NP,3,14,02-Mar-2020,19:17:57,-28.6271,167.8091,,401677714,-127,58,0,02-Mar-2020,19:22:02,-28.6271,167.8091,587,178,259,122,152,,,95,110,3,,,,,,,,,,,,,,,,,,,,,,,,,,,,,
5675,198172,3,NP,3,14,02-Mar-2020,19:17:57,-28.6271,167.8091,,401677714,-127,58,1,02-Mar-2020,19:23:05,-28.6271,167.8091,587,178,259,122,152,,,74,34,5,,,,,,,,,,,,,,,,,,,,,,,,,,,,,
5675,198172,3,NP,3,14,02-Mar-2020,19:17:57,-28.6271,167.8091,,401677714,-127,58,4,02-Mar-2020,19:23:37,-28.6271,167.8091,587,178,259,122,152,,,98,136,0,,,,,,,,,,,,,,,,,,,,,,,,,,,,,
5675,198172,3,NP,3,14,02-Mar-2020,19:17:57,-28.6271,167.8091,,401677714,-127,58,0,02-Mar-2020,19:23:52,-28.6271,167.8091,587,178,259,122,152,,,11,147,17,,,,,,,,,,,,,,,,,,,,,,,,,,,,,
5675,198172,3,NP,3,14,02-Mar-2020,19:17:57,-28.6271,167.8091,,401677714,-127,58,4,02-Mar-2020,19:24:14,-28.6271,167.8091,587,178,259,122,152,,,22,75,24,,,,,,,,,,,,,,,,,,,,,,,,,,,,,
5675,198172,3,NP,3,14,02-Mar-2020,19:17:57,-28.6271,167.8091,,401677714,-127,58,0,02-Mar-2020,19:24:29,-28.6271,167.8091,587,178,259,122,152,,,79,35,5,,,,,,,,,,,,,,,,,,,,,,,,,,,,,
5675,198172,3,NP,3,14,02-Mar-2020,19:17:57,-28.6271,167.8091,,401677714,-127,58,0,02-Mar-2020,19:24:58,-28.6271,167.8091,587,178,259,122,152,,,81,120,3,,,,,,,,,,,,,,,,,,,,,,,,,,,,,
5675,198172,3,NP,3,14,02-Mar-2020,19:17:57,-28.6271,167.8091,,401677714,-127,58,0,02-Mar-2020,19:25:15,-28.6271,167.8091,587,178,259,122,152,,,97,135,0,,,,,,,,,,,,,,,,,,,,,,,,,,,,,
5675,198172,3,NP,3,14,02-Mar-2020,19:17:57,-28.6271,167.8091,,401677714,-127,58,5,02-Mar-2020,19:25:29,-28.6271,167.8091,587,178,259,122,152,,,10,0,16,,,,,,,,,,,,,,,,,,,,,,,,,,,,,
5675,198172,3,NK,1,15,02-Mar-2020,19:37:34,-28.6080,167.7956,,401677713,-124,56,0,02-Mar-2020,19:33:58,-28.6080,167.7956,504,881,19704,39,99,,,84,136,3,,,,,,,,,,,,,,,,,,,,,,,,,,,,,
5675,198172,3,NK,1,15,02-Mar-2020,19:37:34,-28.6080,167.7956,,401677713,-124,56,0,02-Mar-2020,19:34:15,-28.6080,167.7956,504,881,19704,39,99,,,103,137,0,,,,,,,,,,,,,,,,,,,,,,,,,,,,,
5675,198172,3,NK,1,15,02-Mar-2020,19:37:34,-28.6080,167.7956,,401677713,-124,56,0,02-Mar-2020,19:35:11,-28.6080,167.7956,504,881,19704,39,99,,,64,32,5,,,,,,,,,,,,,,,,,,,,,,,,,,,,,
5675,198172,3,NK,1,15,02-Mar-2020,19:37:34,-28.6080,167.7956,,401677713,-124,56,0,02-Mar-2020,19:35:28,-28.6080,167.7956,504,881,19704,39,99,,,85,141,3,,,,,,,,,,,,,,,,,,,,,,,,,,,,,
5675,198172,3,NK,1,15,02-Mar-2020,19:37:34,-28.6080,167.7956,,401677713,-124,56,0,02-Mar-2020,19:36:26,-28.6080,167.7956,504,881,19704,39,99,,,69,35,5,,,,,,,,,,,,,,,,,,,,,,,,,,,,,
5675,198172,3,NK,1,15,02-Mar-2020,19:37:34,-28.6080,167.7956,,401677713,-124,56,0,02-Mar-2020,19:36:50,-28.6080,167.7956,504,881,19704,39,99,,,86,146,3,,,,,,,,,,,,,,,,,,,,,,,,,,,,,
5675,198172,23,NK,1,15,02-Mar-2020,19:37:34,-28.6080,167.7956,,401677713,-124,56,0,02-Mar-2020,19:40:51,-28.6080,167.7956,504,881,19704,39,99,,,76,208,131,220,232,140,96,178,1,78,145,214,84,7,45,18,1,89,31,209,112,255,128,,,,,,,,,
5675,198172,3,NK,1,15,02-Mar-2020,19:37:34,-28.6080,167.7956,,401677713,-124,56,0,02-Mar-2020,19:41:07,-28.6080,167.7956,504,881,19704,39,99,,,66,26,5,,,,,,,,,,,,,,,,,,,,,,,,,,,,,
5675,198172,3,NK,1,15,02-Mar-2020,19:37:34,-28.6080,167.7956,,401677713,-124,56,0,02-Mar-2020,19:41:27,-28.6080,167.7956,504,881,19704,39,99,,,84,152,3,,,,,,,,,,,,,,,,,,,,,,,,,,,,,
5675,198172,3,NK,1,15,02-Mar-2020,19:37:34,-28.6080,167.7956,,401677713,-124,56,2,02-Mar-2020,19:41:46,-28.6080,167.7956,504,881,19704,39,99,,,98,136,0,,,,,,,,,,,,,,,,,,,,,,,,,,,,,
5675,198172,3,NK,1,15,02-Mar-2020,19:37:34,-28.6080,167.7956,,401677713,-124,56,3,02-Mar-2020,19:42:03,-28.6080,167.7956,504,881,19704,39,99,,,10,0,16,,,,,,,,,,,,,,,,,,,,,,,,,,,,,
5675,198172,3,NK,1,15,02-Mar-2020,19:37:34,-28.6080,167.7956,,401677713,-124,56,3,02-Mar-2020,19:42:22,-28.6080,167.7956,504,881,19704,39,99,,,22,75,24,,,,,,,,,,,,,,,,,,,,,,,,,,,,,
5675,198172,3,MA,B,16,02-Mar-2020,19:50:43,-28.6195,167.8097,,401677708,-131,8,0,02-Mar-2020,19:50:43,-28.6195,167.8097,,1939,2282,1647,92,,,85,157,3,,,,,,,,,,,,,,,,,,,,,,,,,,,,,
5675,198172,3,SR,B,17,02-Mar-2020,19:50:43,-28.6175,167.8085,,401677720,-123,,0,02-Mar-2020,19:50:43,-28.6175,167.8085,,1845,2339,1454,79,,,85,157,3,,,,,,,,,,,,,,,,,,,,,,,,,,,,,
5675,198172,3,MC,1,18,02-Mar-2020,20:17:43,-28.5978,167.8132,,401677710,-129,56,0,02-Mar-2020,20:16:15,-28.5978,167.8132,269,1063,2540,444,170,,,98,137,0,,,,,,,,,,,,,,,,,,,,,,,,,,,,,
5675,198172,3,MC,1,18,02-Mar-2020,20:17:43,-28.5978,167.8132,,401677710,-129,56,0,02-Mar-2020,20:16:53,-28.5978,167.8132,269,1063,2540,444,170,,,86,75,24,,,,,,,,,,,,,,,,,,,,,,,,,,,,,
5675,198172,3,MC,1,18,02-Mar-2020,20:17:43,-28.5978,167.8132,,401677710,-129,56,0,02-Mar-2020,20:17:15,-28.5978,167.8132,269,1063,2540,444,170,,,69,33,5,,,,,,,,,,,,,,,,,,,,,,,,,,,,,
5675,198172,3,MC,1,18,02-Mar-2020,20:17:43,-28.5978,167.8132,,401677710,-129,56,0,02-Mar-2020,20:17:45,-28.5978,167.8132,269,1063,2540,444,170,,,98,136,0,,,,,,,,,,,,,,,,,,,,,,,,,,,,,
5675,198172,3,MC,1,18,02-Mar-2020,20:17:43,-28.5978,167.8132,,401677710,-129,56,0,02-Mar-2020,20:18:00,-28.5978,167.8132,269,1063,2540,444,170,,,30,22,16,,,,,,,,,,,,,,,,,,,,,,,,,,,,,
5675,198172,3,MC,1,18,02-Mar-2020,20:17:43,-28.5978,167.8132,,401677710,-129,56,0,02-Mar-2020,20:18:16,-28.5978,167.8132,269,1063,2540,444,170,,,22,75,24,,,,,,,,,,,,,,,,,,,,,,,,,,,,,
5675,198172,3,MC,1,18,02-Mar-2020,20:17:43,-28.5978,167.8132,,401677710,-129,56,0,02-Mar-2020,20:18:31,-28.5978,167.8132,269,1063,2540,444,170,,,74,34,5,,,,,,,,,,,,,,,,,,,,,,,,,,,,,
5675,198172,3,MC,1,18,02-Mar-2020,20:17:43,-28.5978,167.8132,,401677710,-129,56,0,02-Mar-2020,20:18:52,-28.5978,167.8132,269,1063,2540,444,170,,,90,65,3,,,,,,,,,,,,,,,,,,,,,,,,,,,,,
5675,198172,3,MC,1,18,02-Mar-2020,20:17:43,-28.5978,167.8132,,401677710,-129,56,1,02-Mar-2020,20:19:09,-28.5978,167.8132,269,1063,2540,444,170,,,98,136,0,,,,,,,,,,,,,,,,,,,,,,,,,,,,,
5675,198172,3,MC,1,18,02-Mar-2020,20:17:43,-28.5978,167.8132,,401677710,-129,56,0,02-Mar-2020,20:20:44,-28.5978,167.8132,269,1063,2540,444,170,,,10,0,16,,,,,,,,,,,,,,,,,,,,,,,,,,,,,
5675,198172,3,NP,0,19,04-Mar-2020,05:54:44,-27.8009,167.1409,,401677708,-133,40,0,04-Mar-2020,05:51:39,-27.8009,167.1409,282,10615,45224,2491,64,,,84,250,6,,,,,,,,,,,,,,,,,,,,,,,,,,,,,
5675,198172,3,NP,0,19,04-Mar-2020,05:54:44,-27.8009,167.1409,,401677708,-133,40,0,04-Mar-2020,05:54:57,-27.8009,167.1409,282,10615,45224,2491,64,,,75,39,5,,,,,,,,,,,,,,,,,,,,,,,,,,,,,
5675,198172,3,NP,0,19,04-Mar-2020,05:54:44,-27.8009,167.1409,,401677708,-133,40,0,04-Mar-2020,05:56:01,-27.8009,167.1409,282,10615,45224,2491,64,,,85,255,4,,,,,,,,,,,,,,,,,,,,,,,,,,,,,
5675,198172,3,NP,0,19,04-Mar-2020,05:54:44,-27.8009,167.1409,,401677708,-133,40,0,04-Mar-2020,05:56:21,-27.8009,167.1409,282,10615,45224,2491,64,,,98,136,0,,,,,,,,,,,,,,,,,,,,,,,,,,,,,
5675,198172,3,NP,B,20,04-Mar-2020,07:35:58,-27.7535,167.1380,,401677721,-124,8,0,04-Mar-2020,07:35:02,-27.7535,167.1380,113,21861,166829,2864,118,,,26,80,111,,,,,,,,,,,,,,,,,,,,,,,,,,,,,
5675,198172,23,NP,B,20,04-Mar-2020,07:35:58,-27.7535,167.1380,,401677721,-124,8,0,04-Mar-2020,07:36:55,-27.7535,167.1380,113,21861,166829,2864,118,,,66,240,130,223,94,16,48,205,106,163,114,72,7,208,205,229,255,215,78,9,29,20,196,,,,,,,,,
5675,198172,23,NK,B,21,04-Mar-2020,07:36:55,-27.7538,167.1387,,401677714,-135,6,0,04-Mar-2020,07:36:56,-27.7538,167.1387,,21970,152145,3172,118,,,66,240,205,131,142,86,22,128,139,71,149,87,173,93,239,247,27,119,56,191,87,16,156,,,,,,,,,
5675,198172,3,NK,A,22,04-Mar-2020,09:13:59,-27.7064,167.0637,,401677705,-129,8,0,04-Mar-2020,09:14:50,-27.7064,167.0637,58,782,5227,117,72,,,103,137,0,,,,,,,,,,,,,,,,,,,,,,,,,,,,,
5675,198172,3,NK,A,22,04-Mar-2020,09:13:59,-27.7064,167.0637,,401677705,-129,8,1,04-Mar-2020,09:15:48,-27.7064,167.0637,58,782,5227,117,72,,,22,75,24,,,,,,,,,,,,,,,,,,,,,,,,,,,,,
5675,198172,3,MA,3,23,04-Mar-2020,09:38:40,-27.7029,167.0484,,401677707,-124,58,0,04-Mar-2020,09:34:29,-27.7029,167.0484,462,205,877,47,86,,,91,72,5,,,,,,,,,,,,,,,,,,,,,,,,,,,,,
5675,198172,3,MA,3,23,04-Mar-2020,09:38:40,-27.7029,167.0484,,401677707,-124,58,0,04-Mar-2020,09:35:05,-27.7029,167.0484,462,205,877,47,86,,,10,4,16,,,,,,,,,,,,,,,,,,,,,,,,,,,,,
5675,198172,3,MA,3,23,04-Mar-2020,09:38:40,-27.7029,167.0484,,401677707,-124,58,0,04-Mar-2020,09:36:29,-27.7029,167.0484,462,205,877,47,86,,,90,77,5,,,,,,,,,,,,,,,,,,,,,,,,,,,,,
5675,198172,3,MA,3,23,04-Mar-2020,09:38:40,-27.7029,167.0484,,401677707,-124,58,0,04-Mar-2020,09:37:20,-27.7029,167.0484,462,205,877,47,86,,,97,135,0,,,,,,,,,,,,,,,,,,,,,,,,,,,,,
5675,198172,3,MA,3,23,04-Mar-2020,09:38:40,-27.7029,167.0484,,401677707,-124,58,1,04-Mar-2020,09:39:20,-27.7029,167.0484,462,205,877,47,86,,,22,75,24,,,,,,,,,,,,,,,,,,,,,,,,,,,,,
5675,198172,3,MA,3,23,04-Mar-2020,09:38:40,-27.7029,167.0484,,401677707,-124,58,0,04-Mar-2020,09:40:35,-27.7029,167.0484,462,205,877,47,86,,,98,136,0,,,,,,,,,,,,,,,,,,,,,,,,,,,,,
5675,198172,3,MA,3,23,04-Mar-2020,09:38:40,-27.7029,167.0484,,401677707,-124,58,0,04-Mar-2020,09:41:08,-27.7029,167.0484,462,205,877,47,86,,,10,0,16,,,,,,,,,,,,,,,,,,,,,,,,,,,,,
5675,198172,3,MA,3,23,04-Mar-2020,09:38:40,-27.7029,167.0484,,401677707,-124,58,0,04-Mar-2020,09:41:27,-27.7029,167.0484,462,205,877,47,86,,,22,75,28,,,,,,,,,,,,,,,,,,,,,,,,,,,,,
5675,198172,3,MA,3,23,04-Mar-2020,09:38:40,-27.7029,167.0484,,401677707,-124,58,0,04-Mar-2020,09:41:48,-27.7029,167.0484,462,205,877,47,86,,,78,38,5,,,,,,,,,,,,,,,,,,,,,,,,,,,,,
5675,198172,3,MA,3,23,04-Mar-2020,09:38:40,-27.7029,167.0484,,401677707,-124,58,0,04-Mar-2020,09:42:11,-27.7029,167.0484,462,205,877,47,86,,,88,87,5,,,,,,,,,,,,,,,,,,,,,,,,,,,,,
5675,198172,3,MC,A,24,04-Mar-2020,10:06:39,-27.6943,167.0369,,401677706,-123,6,0,04-Mar-2020,10:03:43,-27.6943,167.0369,289,1011,10876,93,81,,,75,39,5,,,,,,,,,,,,,,,,,,,,,,,,,,,,,
5675,198172,3,MC,A,24,04-Mar-2020,10:06:39,-27.6943,167.0369,,401677706,-123,6,0,04-Mar-2020,10:07:44,-27.6943,167.0369,289,1011,10876,93,81,,,103,137,0,,,,,,,,,,,,,,,,,,,,,,,,,,,,,
5675,198172,3,MC,A,24,04-Mar-2020,10:06:39,-27.6943,167.0369,,401677706,-123,6,0,04-Mar-2020,10:08:32,-27.6943,167.0369,289,1011,10876,93,81,,,10,0,16,,,,,,,,,,,,,,,,,,,,,,,,,,,,,
5675,198172,3,NN,B,25,04-Mar-2020,11:08:22,-27.6717,167.0221,,401677706,-124,8,0,04-Mar-2020,11:08:22,-27.6717,167.0221,,2622,3682,1866,88,,,95,124,5,,,,,,,,,,,,,,,,,,,,,,,,,,,,,
5675,198172,3,MC,1,26,04-Mar-2020,11:42:37,-27.6594,166.9961,,401677706,-120,58,0,04-Mar-2020,11:41:05,-27.6594,166.9961,253,714,1421,358,175,,,74,34,5,,,,,,,,,,,,,,,,,,,,,,,,,,,,,
5675,198172,3,MC,1,26,04-Mar-2020,11:42:37,-27.6594,166.9961,,401677706,-120,58,0,04-Mar-2020,11:41:22,-27.6594,166.9961,253,714,1421,358,175,,,88,134,5,,,,,,,,,,,,,,,,,,,,,,,,,,,,,
5675,198172,3,MC,1,26,04-Mar-2020,11:42:37,-27.6594,166.9961,,401677706,-120,58,0,04-Mar-2020,11:41:41,-27.6594,166.9961,253,714,1421,358,175,,,98,136,0,,,,,,,,,,,,,,,,,,,,,,,,,,,,,
5675,198172,23,MC,1,26,04-Mar-2020,11:42:37,-27.6594,166.9961,,401677706,-120,58,0,04-Mar-2020,11:43:06,-27.6594,166.9961,253,714,1421,358,175,,,93,16,131,220,232,140,96,178,2,46,182,23,18,11,22,83,139,207,127,33,198,151,190,,,,,,,,,
5675,198172,3,MC,1,26,04-Mar-2020,11:42:37,-27.6594,166.9961,,401677706,-120,58,0,04-Mar-2020,11:43:46,-27.6594,166.9961,253,714,1421,358,175,,,90,140,5,,,,,,,,,,,,,,,,,,,,,,,,,,,,,
5675,198172,3,MC,1,26,04-Mar-2020,11:42:37,-27.6594,166.9961,,401677706,-120,58,1,04-Mar-2020,11:45:18,-27.6594,166.9961,253,714,1421,358,175,,,10,0,16,,,,,,,,,,,,,,,,,,,,,,,,,,,,,
5675,198172,3,NK,B,27,05-Mar-2020,07:10:01,-27.1548,166.5465,,401677724,-133,,0,05-Mar-2020,07:10:02,-27.1548,166.5465,,14023,27946,7036,106,,,22,75,24,,,,,,,,,,,,,,,,,,,,,,,,,,,,,
5675,198172,3,NK,B,28,05-Mar-2020,18:25:50,-27.2528,166.6024,,401677755,-135,8,0,05-Mar-2020,18:25:51,-27.2528,166.6024,,54311,599805,4917,112,,,74,50,5,,,,,,,,,,,,,,,,,,,,,,,,,,,,,
5675,198172,3,SR,A,29,06-Mar-2020,07:12:53,-27.3606,166.5959,,401677702,-131,,0,06-Mar-2020,07:12:13,-27.3606,166.5959,79,13951,96025,2026,66,,,104,138,0,,,,,,,,,,,,,,,,,,,,,,,,,,,,,
5675,198172,3,SR,A,29,06-Mar-2020,07:12:53,-27.3606,166.5959,,401677702,-131,,0,06-Mar-2020,07:12:55,-27.3606,166.5959,79,13951,96025,2026,66,,,54,75,24,,,,,,,,,,,,,,,,,,,,,,,,,,,,,
5675,198172,3,SR,A,29,06-Mar-2020,07:12:53,-27.3606,166.5959,,401677702,-131,,0,06-Mar-2020,07:13:32,-27.3606,166.5959,79,13951,96025,2026,66,,,75,55,5,,,,,,,,,,,,,,,,,,,,,,,,,,,,,
5675,198172,3,NP,2,30,06-Mar-2020,07:14:36,-27.3184,166.6297,,401677703,-121,56,0,06-Mar-2020,07:12:13,-27.3184,166.6297,324,349,800,151,56,,,104,138,0,,,,,,,,,,,,,,,,,,,,,,,,,,,,,
5675,198172,3,NP,2,30,06-Mar-2020,07:14:36,-27.3184,166.6297,,401677703,-121,56,0,06-Mar-2020,07:13:32,-27.3184,166.6297,324,349,800,151,56,,,75,55,5,,,,,,,,,,,,,,,,,,,,,,,,,,,,,
5675,198172,3,NP,2,30,06-Mar-2020,07:14:36,-27.3184,166.6297,,401677703,-121,56,0,06-Mar-2020,07:14:45,-27.3184,166.6297,324,349,800,151,56,,,10,0,16,,,,,,,,,,,,,,,,,,,,,,,,,,,,,
5675,198172,3,NP,2,30,06-Mar-2020,07:14:36,-27.3184,166.6297,,401677703,-121,56,1,06-Mar-2020,07:15:08,-27.3184,166.6297,324,349,800,151,56,,,22,75,24,,,,,,,,,,,,,,,,,,,,,,,,,,,,,
5675,198172,3,NP,2,30,06-Mar-2020,07:14:36,-27.3184,166.6297,,401677703,-121,56,0,06-Mar-2020,07:15:38,-27.3184,166.6297,324,349,800,151,56,,,72,63,5,,,,,,,,,,,,,,,,,,,,,,,,,,,,,
5675,198172,3,NP,2,30,06-Mar-2020,07:14:36,-27.3184,166.6297,,401677703,-121,56,0,06-Mar-2020,07:16:06,-27.3184,166.6297,324,349,800,151,56,,,88,233,5,,,,,,,,,,,,,,,,,,,,,,,,,,,,,
5675,198172,3,NP,2,30,06-Mar-2020,07:14:36,-27.3184,166.6297,,401677703,-121,56,0,06-Mar-2020,07:16:37,-27.3184,166.6297,324,349,800,151,56,,,97,135,0,,,,,,,,,,,,,,,,,,,,,,,,,,,,,
5675,198172,3,NP,2,30,06-Mar-2020,07:14:36,-27.3184,166.6297,,401677703,-121,56,2,06-Mar-2020,07:17:37,-27.3184,166.6297,324,349,800,151,56,,,22,75,24,,,,,,,,,,,,,,,,,,,,,,,,,,,,,
5675,198172,3,MC,A,31,06-Mar-2020,10:57:40,-27.3210,166.6476,,401677685,-123,8,0,06-Mar-2020,10:57:40,-27.3210,166.6476,410,3147,26870,368,132,,,10,0,16,,,,,,,,,,,,,,,,,,,,,,,,,,,,,
5675,198172,3,MC,A,31,06-Mar-2020,10:57:40,-27.3210,166.6476,,401677685,-123,8,1,06-Mar-2020,11:04:15,-27.3210,166.6476,410,3147,26870,368,132,,,10,0,16,,,,,,,,,,,,,,,,,,,,,,,,,,,,,
5675,198172,3,MC,A,31,06-Mar-2020,10:57:40,-27.3210,166.6476,,401677685,-123,8,0,06-Mar-2020,11:04:30,-27.3210,166.6476,410,3147,26870,368,132,,,22,71,77,,,,,,,,,,,,,,,,,,,,,,,,,,,,,
5675,198172,3,SR,B,32,07-Mar-2020,06:41:40,-27.3264,166.6476,,401677708,-138,,0,07-Mar-2020,06:41:41,-27.3264,166.6476,,8638,10041,7430,97,,,10,0,16,,,,,,,,,,,,,,,,,,,,,,,,,,,,,
5675,198172,3,NP,B,33,07-Mar-2020,07:00:01,-27.4009,166.7259,,401677693,-131,6,0,07-Mar-2020,07:00:02,-27.4009,166.7259,295,5534,13160,2327,65,,,71,43,5,,,,,,,,,,,,,,,,,,,,,,,,,,,,,
5675,198172,3,NP,B,33,07-Mar-2020,07:00:01,-27.4009,166.7259,,401677693,-131,6,0,07-Mar-2020,07:04:57,-27.4009,166.7259,295,5534,13160,2327,65,,,10,0,34,,,,,,,,,,,,,,,,,,,,,,,,,,,,,
5675,198172,3,MA,B,34,07-Mar-2020,10:17:06,-27.3382,167.0737,,401677775,-121,8,0,07-Mar-2020,10:17:07,-27.3382,167.0737,,16686,30655,9082,31,,,31,225,185,,,,,,,,,,,,,,,,,,,,,,,,,,,,,
5675,198172,3,SR,A,35,07-Mar-2020,18:57:00,-27.1240,167.4178,,401677705,-125,8,0,07-Mar-2020,18:55:59,-27.1240,167.4178,154,5245,77565,354,83,,,81,186,6,,,,,,,,,,,,,,,,,,,,,,,,,,,,,
5675,198172,3,SR,A,35,07-Mar-2020,18:57:00,-27.1240,167.4178,,401677705,-125,8,0,07-Mar-2020,18:56:30,-27.1240,167.4178,154,5245,77565,354,83,,,103,137,0,,,,,,,,,,,,,,,,,,,,,,,,,,,,,
5675,198172,3,SR,A,35,07-Mar-2020,18:57:00,-27.1240,167.4178,,401677705,-125,8,0,07-Mar-2020,18:58:33,-27.1240,167.4178,154,5245,77565,354,83,,,22,75,24,,,,,,,,,,,,,,,,,,,,,,,,,,,,,
5675,198172,3,NK,B,36,07-Mar-2020,19:12:12,-27.1208,167.4191,,401677705,-124,6,0,07-Mar-2020,19:09:50,-27.1208,167.4191,285,3946,48449,321,116,,,84,196,6,,,,,,,,,,,,,,,,,,,,,,,,,,,,,
5675,198172,3,NK,B,36,07-Mar-2020,19:12:12,-27.1208,167.4191,,401677705,-124,6,0,07-Mar-2020,19:14:35,-27.1208,167.4191,285,3946,48449,321,116,,,22,75,24,,,,,,,,,,,,,,,,,,,,,,,,,,,,,
5675,198172,3,MA,B,37,07-Mar-2020,19:45:08,-27.1154,167.4226,,401677713,-135,7,0,07-Mar-2020,19:45:08,-27.1154,167.4226,,6182,8893,4296,110,,,68,52,5,,,,,,,,,,,,,,,,,,,,,,,,,,,,,
5675,198172,3,SR,B,38,08-Mar-2020,18:27:49,-27.2238,167.3441,,401677749,-132,,0,08-Mar-2020,18:25:51,-27.2238,167.3441,237,3003,168570,53,82,,,74,50,5,,,,,,,,,,,,,,,,,,,,,,,,,,,,,
5675,198172,3,SR,B,38,08-Mar-2020,18:27:49,-27.2238,167.3441,,401677749,-132,,0,08-Mar-2020,18:29:48,-27.2238,167.3441,237,3003,168570,53,82,,,103,137,0,,,,,,,,,,,,,,,,,,,,,,,,,,,,,
5675,198172,3,NN,1,39,08-Mar-2020,19:55:46,-27.2390,167.1793,,401677716,-133,58,0,08-Mar-2020,19:55:35,-27.2390,167.1793,300,1496,3940,568,42,,,10,0,16,,,,,,,,,,,,,,,,,,,,,,,,,,,,,
5675,198172,3,NN,1,39,08-Mar-2020,19:55:46,-27.2390,167.1793,,401677716,-133,58,0,08-Mar-2020,19:55:57,-27.2390,167.1793,300,1496,3940,568,42,,,22,75,24,,,,,,,,,,,,,,,,,,,,,,,,,,,,,
5675,198172,3,NN,1,39,08-Mar-2020,19:55:46,-27.2390,167.1793,,401677716,-133,58,0,08-Mar-2020,19:57:26,-27.2390,167.1793,300,1496,3940,568,42,,,71,59,5,,,,,,,,,,,,,,,,,,,,,,,,,,,,,
5675,198172,3,NN,1,39,08-Mar-2020,19:55:46,-27.2390,167.1793,,401677716,-133,58,0,08-Mar-2020,19:57:41,-27.2390,167.1793,300,1496,3940,568,42,,,89,3,7,,,,,,,,,,,,,,,,,,,,,,,,,,,,,
5675,198172,3,NN,1,39,08-Mar-2020,19:55:46,-27.2390,167.1793,,401677716,-133,58,0,08-Mar-2020,19:58:11,-27.2390,167.1793,300,1496,3940,568,42,,,98,136,0,,,,,,,,,,,,,,,,,,,,,,,,,,,,,
5675,198172,3,NN,1,39,08-Mar-2020,19:55:46,-27.2390,167.1793,,401677716,-133,58,1,08-Mar-2020,19:59:23,-27.2390,167.1793,300,1496,3940,568,42,,,10,0,16,,,,,,,,,,,,,,,,,,,,,,,,,,,,,
5675,198172,3,NN,1,39,08-Mar-2020,19:55:46,-27.2390,167.1793,,401677716,-133,58,0,08-Mar-2020,20:00:35,-27.2390,167.1793,300,1496,3940,568,42,,,94,8,7,,,,,,,,,,,,,,,,,,,,,,,,,,,,,
5675,198172,3,SR,2,40,08-Mar-2020,20:08:17,-27.2320,167.1489,,401677709,-128,56,0,08-Mar-2020,20:01:58,-27.2320,167.1489,379,347,467,257,83,,,22,3,50,,,,,,,,,,,,,,,,,,,,,,,,,,,,,
5675,198172,3,SR,2,40,08-Mar-2020,20:08:17,-27.2320,167.1489,,401677709,-128,56,1,08-Mar-2020,20:03:15,-27.2320,167.1489,379,347,467,257,83,,,10,0,16,,,,,,,,,,,,,,,,,,,,,,,,,,,,,
5675,198172,3,SR,2,40,08-Mar-2020,20:08:17,-27.2320,167.1489,,401677709,-128,56,0,08-Mar-2020,20:03:37,-27.2320,167.1489,379,347,467,257,83,,,22,75,25,,,,,,,,,,,,,,,,,,,,,,,,,,,,,
5675,198172,3,SR,2,40,08-Mar-2020,20:08:17,-27.2320,167.1489,,401677709,-128,56,0,08-Mar-2020,20:03:58,-27.2320,167.1489,379,347,467,257,83,,,67,64,4,,,,,,,,,,,,,,,,,,,,,,,,,,,,,
5675,198172,3,SR,2,40,08-Mar-2020,20:08:17,-27.2320,167.1489,,401677709,-128,56,0,08-Mar-2020,20:04:14,-27.2320,167.1489,379,347,467,257,83,,,92,18,7,,,,,,,,,,,,,,,,,,,,,,,,,,,,,
5675,198172,3,SR,2,40,08-Mar-2020,20:08:17,-27.2320,167.1489,,401677709,-128,56,0,08-Mar-2020,20:04:32,-27.2320,167.1489,379,347,467,257,83,,,98,136,0,,,,,,,,,,,,,,,,,,,,,,,,,,,,,
5675,198172,3,SR,2,40,08-Mar-2020,20:08:17,-27.2320,167.1489,,401677709,-128,56,0,08-Mar-2020,20:05:15,-27.2320,167.1489,379,347,467,257,83,,,22,75,24,,,,,,,,,,,,,,,,,,,,,,,,,,,,,
5675,198172,3,SR,2,40,08-Mar-2020,20:08:17,-27.2320,167.1489,,401677709,-128,56,0,08-Mar-2020,20:05:39,-27.2320,167.1489,379,347,467,257,83,,,67,63,5,,,,,,,,,,,,,,,,,,,,,,,,,,,,,
5675,198172,3,SR,2,40,08-Mar-2020,20:08:17,-27.2320,167.1489,,401677709,-128,56,0,08-Mar-2020,20:08:17,-27.2320,167.1489,379,347,467,257,83,,,101,137,0,,,,,,,,,,,,,,,,,,,,,,,,,,,,,
5675,198172,3,NK,B,41,08-Mar-2020,20:33:22,-27.2311,167.1364,,401677709,-133,6,0,08-Mar-2020,20:33:23,-27.2311,167.1364,,2735,3081,2427,87,,,79,51,5,,,,,,,,,,,,,,,,,,,,,,,,,,,,,
5675,198172,3,NK,B,42,09-Mar-2020,08:50:02,-27.3321,166.9175,,401677665,-127,,0,09-Mar-2020,08:50:03,-27.3321,166.9175,,10697,23706,4826,58,,,10,0,16,,,,,,,,,,,,,,,,,,,,,,,,,,,,,
5675,198172,3,NP,B,43,09-Mar-2020,17:55:22,-27.3070,166.6786,,401677651,-125,8,0,09-Mar-2020,17:55:23,-27.3070,166.6786,,13017,31051,5456,75,,,77,41,5,,,,,,,,,,,,,,,,,,,,,,,,,,,,,
5675,198172,3,SR,B,44,09-Mar-2020,17:55:22,-27.2880,166.6359,,401677671,-129,,0,09-Mar-2020,17:55:23,-27.2880,166.6359,,11312,118068,1083,80,,,77,41,5,,,,,,,,,,,,,,,,,,,,,,,,,,,,,
5675,198172,3,SR,2,45,09-Mar-2020,19:34:47,-27.1617,167.2660,,401677708,-129,50,0,09-Mar-2020,19:28:22,-30.0350,153.5409,520,322,445,232,94,,,103,137,0,,,,,,,,,,,,,,,,,,,,,,,,,,,,,
5675,198172,3,SR,2,45,09-Mar-2020,19:34:47,-27.1617,167.2660,,401677708,-129,50,0,09-Mar-2020,19:30:07,-30.0350,153.5409,520,322,445,232,94,,,80,81,7,,,,,,,,,,,,,,,,,,,,,,,,,,,,,
5675,198172,3,SR,2,45,09-Mar-2020,19:34:47,-27.1617,167.2660,,401677708,-129,50,0,09-Mar-2020,19:30:33,-30.0350,153.5409,520,322,445,232,94,,,100,134,0,,,,,,,,,,,,,,,,,,,,,,,,,,,,,
5675,198172,3,SR,2,45,09-Mar-2020,19:34:47,-27.1617,167.2660,,401677708,-129,50,1,09-Mar-2020,19:31:27,-30.0350,153.5409,520,322,445,232,94,,,22,75,24,,,,,,,,,,,,,,,,,,,,,,,,,,,,,
5675,198172,3,SR,2,45,09-Mar-2020,19:34:47,-27.1617,167.2660,,401677708,-129,50,0,09-Mar-2020,19:33:00,-30.0350,153.5409,520,322,445,232,94,,,91,86,7,,,,,,,,,,,,,,,,,,,,,,,,,,,,,
5675,198172,3,SR,2,45,09-Mar-2020,19:34:47,-27.1617,167.2660,,401677708,-129,50,1,09-Mar-2020,19:34:39,-30.0350,153.5409,520,322,445,232,94,,,10,0,16,,,,,,,,,,,,,,,,,,,,,,,,,,,,,
5675,198172,3,SR,2,45,09-Mar-2020,19:34:47,-27.1617,167.2660,,401677708,-129,50,0,09-Mar-2020,19:34:56,-30.0350,153.5409,520,322,445,232,94,,,22,109,182,,,,,,,,,,,,,,,,,,,,,,,,,,,,,
5675,198172,3,SR,2,45,09-Mar-2020,19:34:47,-27.1617,167.2660,,401677708,-129,50,0,09-Mar-2020,19:35:11,-30.0350,153.5409,520,322,445,232,94,,,67,64,73,,,,,,,,,,,,,,,,,,,,,,,,,,,,,
5675,198172,3,SR,2,45,09-Mar-2020,19:34:47,-27.1617,167.2660,,401677708,-129,50,0,09-Mar-2020,19:36:28,-30.0350,153.5409,520,322,445,232,94,,,82,91,7,,,,,,,,,,,,,,,,,,,,,,,,,,,,,
5675,198172,3,SR,2,45,09-Mar-2020,19:34:47,-27.1617,167.2660,,401677708,-129,50,1,09-Mar-2020,19:36:42,-30.0350,153.5409,520,322,445,232,94,,,103,137,0,,,,,,,,,,,,,,,,,,,,,,,,,,,,,
5675,198172,3,SR,2,45,09-Mar-2020,19:34:47,-27.1617,167.2660,,401677708,-129,50,2,09-Mar-2020,19:37:02,-30.0350,153.5409,520,322,445,232,94,,,10,0,16,,,,,,,,,,,,,,,,,,,,,,,,,,,,,
5675,198172,3,NP,1,46,09-Mar-2020,19:35:44,-27.1618,167.2660,,401677703,-135,46,0,09-Mar-2020,19:34:39,-27.1618,167.2660,123,1109,1392,883,81,,,10,0,16,,,,,,,,,,,,,,,,,,,,,,,,,,,,,
5675,198172,3,NP,1,46,09-Mar-2020,19:35:44,-27.1618,167.2660,,401677703,-135,46,0,09-Mar-2020,19:35:11,-27.1618,167.2660,123,1109,1392,883,81,,,67,32,207,,,,,,,,,,,,,,,,,,,,,,,,,,,,,
5675,198172,3,NP,1,46,09-Mar-2020,19:35:44,-27.1618,167.2660,,401677703,-135,46,0,09-Mar-2020,19:36:28,-27.1618,167.2660,123,1109,1392,883,81,,,82,91,7,,,,,,,,,,,,,,,,,,,,,,,,,,,,,
5675,198172,3,NP,1,46,09-Mar-2020,19:35:44,-27.1618,167.2660,,401677703,-135,46,0,09-Mar-2020,19:36:42,-27.1618,167.2660,123,1109,1392,883,81,,,103,137,0,,,,,,,,,,,,,,,,,,,,,,,,,,,,,
5675,198172,3,NK,B,47,10-Mar-2020,08:22:47,-27.1570,167.2617,,401677708,-126,,0,10-Mar-2020,08:22:47,-27.1570,167.2617,,20121,23307,17369,76,,,22,75,24,,,,,,,,,,,,,,,,,,,,,,,,,,,,,
5675,198172,3,MA,B,48,10-Mar-2020,09:16:08,-27.1966,167.2690,,401677725,-127,,0,10-Mar-2020,09:15:06,-27.1966,167.2690,125,12000,138672,1038,58,,,85,112,7,,,,,,,,,,,,,,,,,,,,,,,,,,,,,
5675,198172,3,MA,B,48,10-Mar-2020,09:16:08,-27.1966,167.2690,,401677725,-127,,0,10-Mar-2020,09:17:11,-27.1966,167.2690,125,12000,138672,1038,58,,,103,137,0,,,,,,,,,,,,,,,,,,,,,,,,,,,,,
5675,198172,3,MC,B,49,10-Mar-2020,09:36:41,-27.2289,167.2197,,401677705,-132,6,0,10-Mar-2020,09:36:41,-27.2289,167.2197,,6550,22443,1911,60,,,10,0,16,,,,,,,,,,,,,,,,,,,,,,,,,,,,,
5675,198172,3,NP,B,50,10-Mar-2020,17:47:39,-27.2914,167.2259,,401677726,-129,8,0,10-Mar-2020,17:43:52,-27.2914,167.2259,227,1399,22099,88,27,,,103,137,0,,,,,,,,,,,,,,,,,,,,,,,,,,,,,
5675,198172,3,NP,B,50,10-Mar-2020,17:47:39,-27.2914,167.2259,,401677726,-129,8,0,10-Mar-2020,17:47:39,-27.2914,167.2259,227,1399,22099,88,27,,,196,126,19,,,,,,,,,,,,,,,,,,,,,,,,,,,,,
5675,198172,3,NP,B,51,11-Mar-2020,06:16:57,-27.3697,167.2481,,401677711,-130,,0,11-Mar-2020,06:16:58,-27.3697,167.2481,,3194,6735,1515,65,,,85,101,8,,,,,,,,,,,,,,,,,,,,,,,,,,,,,
5675,198172,3,SR,B,52,11-Mar-2020,06:16:57,-27.3566,167.2494,,401677702,-131,,0,11-Mar-2020,06:16:58,-27.3566,167.2494,,3094,8466,1130,65,,,85,101,8,,,,,,,,,,,,,,,,,,,,,,,,,,,,,
5675,198172,3,MA,B,53,11-Mar-2020,08:47:49,-27.3328,167.2585,,401677704,-130,8,0,11-Mar-2020,08:47:13,-27.3328,167.2585,73,2033,15567,265,74,,,22,75,24,,,,,,,,,,,,,,,,,,,,,,,,,,,,,
5675,198172,3,MA,B,53,11-Mar-2020,08:47:49,-27.3328,167.2585,,401677704,-130,8,0,11-Mar-2020,08:48:26,-27.3328,167.2585,73,2033,15567,265,74,,,75,55,5,,,,,,,,,,,,,,,,,,,,,,,,,,,,,
5675,198172,3,MC,B,54,11-Mar-2020,09:18:52,-27.3395,167.2339,,401677715,-127,7,0,11-Mar-2020,09:17:41,-27.3395,167.2339,144,1000,3008,332,142,,,103,137,0,,,,,,,,,,,,,,,,,,,,,,,,,,,,,
5675,198172,3,MC,B,54,11-Mar-2020,09:18:52,-27.3395,167.2339,,401677715,-127,7,0,11-Mar-2020,09:20:05,-27.3395,167.2339,144,1000,3008,332,142,,,10,0,16,,,,,,,,,,,,,,,,,,,,,,,,,,,,,
5675,198172,3,NN,3,55,11-Mar-2020,09:42:43,-27.3021,167.2281,,401677705,-129,56,0,11-Mar-2020,09:42:03,-27.3021,167.2281,388,185,920,37,101,,,71,59,5,,,,,,,,,,,,,,,,,,,,,,,,,,,,,
5675,198172,3,NN,3,55,11-Mar-2020,09:42:43,-27.3021,167.2281,,401677705,-129,56,0,11-Mar-2020,09:42:53,-27.3021,167.2281,388,185,920,37,101,,,92,153,8,,,,,,,,,,,,,,,,,,,,,,,,,,,,,
5675,198172,3,NN,3,55,11-Mar-2020,09:42:43,-27.3021,167.2281,,401677705,-129,56,0,11-Mar-2020,09:43:16,-27.3021,167.2281,388,185,920,37,101,,,98,136,0,,,,,,,,,,,,,,,,,,,,,,,,,,,,,
5675,198172,3,NN,3,55,11-Mar-2020,09:42:43,-27.3021,167.2281,,401677705,-129,56,0,11-Mar-2020,09:47:36,-27.3021,167.2281,388,185,920,37,101,,,87,158,8,,,,,,,,,,,,,,,,,,,,,,,,,,,,,
5675,198172,3,NN,3,55,11-Mar-2020,09:42:43,-27.3021,167.2281,,401677705,-129,56,0,11-Mar-2020,09:48:01,-27.3021,167.2281,388,185,920,37,101,,,103,137,0,,,,,,,,,,,,,,,,,,,,,,,,,,,,,
5675,198172,3,NN,3,55,11-Mar-2020,09:42:43,-27.3021,167.2281,,401677705,-129,56,0,11-Mar-2020,09:48:31,-27.3021,167.2281,388,185,920,37,101,,,10,0,16,,,,,,,,,,,,,,,,,,,,,,,,,,,,,
5675,198172,3,NK,A,56,11-Mar-2020,09:42:57,-27.2962,167.2368,,401677702,-129,6,0,11-Mar-2020,09:42:03,-27.2962,167.2368,114,2037,12338,336,43,,,71,59,5,,,,,,,,,,,,,,,,,,,,,,,,,,,,,
5675,198172,3,NK,A,56,11-Mar-2020,09:42:57,-27.2962,167.2368,,401677702,-129,6,0,11-Mar-2020,09:42:53,-27.2962,167.2368,114,2037,12338,336,43,,,92,153,8,,,,,,,,,,,,,,,,,,,,,,,,,,,,,
5675,198172,3,NK,A,56,11-Mar-2020,09:42:57,-27.2962,167.2368,,401677702,-129,6,0,11-Mar-2020,09:43:57,-27.2962,167.2368,114,2037,12338,336,43,,,89,149,76,,,,,,,,,,,,,,,,,,,,,,,,,,,,,
5675,198172,3,MA,0,57,11-Mar-2020,10:37:04,-27.2754,167.2429,,401677702,-121,58,0,11-Mar-2020,10:34:20,-27.2754,167.2429,180,3170,14947,672,102,,,104,138,0,,,,,,,,,,,,,,,,,,,,,,,,,,,,,
5675,198172,3,MA,0,57,11-Mar-2020,10:37:04,-27.2754,167.2429,,401677702,-121,58,0,11-Mar-2020,10:35:08,-27.2754,167.2429,180,3170,14947,672,102,,,71,59,5,,,,,,,,,,,,,,,,,,,,,,,,,,,,,
5675,198172,23,MA,0,57,11-Mar-2020,10:37:04,-27.2754,167.2429,,401677702,-121,58,0,11-Mar-2020,10:36:50,-27.2754,167.2429,180,3170,14947,672,102,,,95,176,131,220,232,140,96,178,5,170,83,84,52,151,133,114,7,231,195,128,72,46,253,,,,,,,,,
5675,198172,3,MA,0,57,11-Mar-2020,10:37:04,-27.2754,167.2429,,401677702,-121,58,0,11-Mar-2020,10:37:20,-27.2754,167.2429,180,3170,14947,672,102,,,103,137,0,,,,,,,,,,,,,,,,,,,,,,,,,,,,,
5675,198172,3,MC,3,58,11-Mar-2020,10:55:57,-27.2573,167.2221,,401677702,-118,56,0,11-Mar-2020,10:52:16,-27.2573,167.2221,540,249,676,91,79,,,91,205,8,,,,,,,,,,,,,,,,,,,,,,,,,,,,,
5675,198172,3,MC,3,58,11-Mar-2020,10:55:57,-27.2573,167.2221,,401677702,-118,56,0,11-Mar-2020,10:55:09,-27.2573,167.2221,540,249,676,91,79,,,10,0,16,,,,,,,,,,,,,,,,,,,,,,,,,,,,,
5675,198172,3,MC,3,58,11-Mar-2020,10:55:57,-27.2573,167.2221,,401677702,-118,56,0,11-Mar-2020,10:56:36,-27.2573,167.2221,540,249,676,91,79,,,22,75,24,,,,,,,,,,,,,,,,,,,,,,,,,,,,,
5675,198172,3,MC,3,58,11-Mar-2020,10:55:57,-27.2573,167.2221,,401677702,-118,56,0,11-Mar-2020,10:57:47,-27.2573,167.2221,540,249,676,91,79,,,88,210,8,,,,,,,,,,,,,,,,,,,,,,,,,,,,,
5675,198172,3,MC,3,58,11-Mar-2020,10:55:57,-27.2573,167.2221,,401677702,-118,56,1,11-Mar-2020,10:59:22,-27.2573,167.2221,540,249,676,91,79,,,104,138,0,,,,,,,,,,,,,,,,,,,,,,,,,,,,,
5675,198172,3,MC,3,58,11-Mar-2020,10:55:57,-27.2573,167.2221,,401677702,-118,56,1,11-Mar-2020,11:01:16,-27.2573,167.2221,540,249,676,91,79,,,10,0,16,,,,,,,,,,,,,,,,,,,,,,,,,,,,,
5675,198172,3,NN,1,59,11-Mar-2020,11:22:42,-27.2431,167.2210,,401677701,-132,46,0,11-Mar-2020,11:20:36,-27.2431,167.2210,478,963,1839,503,170,,,189,214,168,,,,,,,,,,,,,,,,,,,,,,,,,,,,,
5675,198172,3,NN,1,59,11-Mar-2020,11:22:42,-27.2431,167.2210,,401677701,-132,46,0,11-Mar-2020,11:21:31,-27.2431,167.2210,478,963,1839,503,170,,,88,226,8,,,,,,,,,,,,,,,,,,,,,,,,,,,,,
5675,198172,3,NN,1,59,11-Mar-2020,11:22:42,-27.2431,167.2210,,401677701,-132,46,0,11-Mar-2020,11:26:01,-27.2431,167.2210,478,963,1839,503,170,,,104,138,0,,,,,,,,,,,,,,,,,,,,,,,,,,,,,
5675,198172,3,NN,1,59,11-Mar-2020,11:22:42,-27.2431,167.2210,,401677701,-132,46,0,11-Mar-2020,11:28:34,-27.2431,167.2210,478,963,1839,503,170,,,10,0,16,,,,,,,,,,,,,,,,,,,,,,,,,,,,,
5675,198172,23,MA,B,60,11-Mar-2020,20:01:49,-27.2367,167.1883,,401677717,-135,8,0,11-Mar-2020,20:01:50,-27.2367,167.1883,107,6780,57964,793,123,,,79,144,131,220,232,140,96,178,5,208,119,197,23,156,76,90,149,124,196,88,0,131,24,,,,,,,,,
5675,198172,3,MA,B,60,11-Mar-2020,20:01:49,-27.2367,167.1883,,401677717,-135,8,0,11-Mar-2020,20:03:37,-27.2367,167.1883,107,6780,57964,793,123,,,85,90,9,,,,,,,,,,,,,,,,,,,,,,,,,,,,,
5675,198172,3,NP,1,61,12-Mar-2020,06:00:53,-27.3779,167.1861,,401677704,-130,48,0,12-Mar-2020,05:59:07,-27.3779,167.1861,486,591,661,527,61,,,104,138,0,,,,,,,,,,,,,,,,,,,,,,,,,,,,,
5675,198172,3,NP,1,61,12-Mar-2020,06:00:53,-27.3779,167.1861,,401677704,-130,48,0,12-Mar-2020,06:00:24,-27.3779,167.1861,486,591,661,527,61,,,10,0,16,,,,,,,,,,,,,,,,,,,,,,,,,,,,,
5675,198172,3,NP,1,61,12-Mar-2020,06:00:53,-27.3779,167.1861,,401677704,-130,48,0,12-Mar-2020,06:03:08,-27.3779,167.1861,486,591,661,527,61,,,64,48,5,,,,,,,,,,,,,,,,,,,,,,,,,,,,,
5675,198172,3,NP,1,61,12-Mar-2020,06:00:53,-27.3779,167.1861,,401677704,-130,48,0,12-Mar-2020,06:05:38,-27.3779,167.1861,486,591,661,527,61,,,225,255,204,,,,,,,,,,,,,,,,,,,,,,,,,,,,,
5675,198172,3,NP,1,61,12-Mar-2020,06:00:53,-27.3779,167.1861,,401677704,-130,48,0,12-Mar-2020,06:07:13,-27.3779,167.1861,486,591,661,527,61,,,98,136,0,,,,,,,,,,,,,,,,,,,,,,,,,,,,,
5675,198172,3,SR,B,62,12-Mar-2020,07:20:06,-27.3678,167.1886,,401677690,-128,8,0,12-Mar-2020,07:20:06,-27.3678,167.1886,,6330,8404,4767,96,,,81,126,9,,,,,,,,,,,,,,,,,,,,,,,,,,,,,
5675,198172,3,NN,B,63,12-Mar-2020,09:33:12,-27.3126,167.1759,,401677712,-133,8,0,12-Mar-2020,09:33:12,-27.3126,167.1759,211,6064,102409,359,78,,,22,75,24,,,,,,,,,,,,,,,,,,,,,,,,,,,,,
5675,198172,3,NN,B,63,12-Mar-2020,09:33:12,-27.3126,167.1759,,401677712,-133,8,0,12-Mar-2020,09:36:43,-27.3126,167.1759,211,6064,102409,359,78,,,74,50,5,,,,,,,,,,,,,,,,,,,,,,,,,,,,,
5675,198172,3,MA,2,64,12-Mar-2020,10:11:03,-27.2741,167.2643,,401677705,-118,58,0,12-Mar-2020,10:04:46,-27.2741,167.2643,566,428,1949,93,79,,,10,0,134,,,,,,,,,,,,,,,,,,,,,,,,,,,,,
5675,198172,23,MA,2,64,12-Mar-2020,10:11:03,-27.2741,167.2643,,401677705,-118,58,0,12-Mar-2020,10:07:40,-27.2741,167.2643,566,428,1949,93,79,,,67,80,131,220,232,140,96,178,6,40,129,25,152,19,23,20,1,255,29,211,48,255,128,,,,,,,,,
5675,198172,3,MA,2,64,12-Mar-2020,10:11:03,-27.2741,167.2643,,401677705,-118,58,0,12-Mar-2020,10:09:51,-27.2741,167.2643,566,428,1949,93,79,,,22,75,24,,,,,,,,,,,,,,,,,,,,,,,,,,,,,
5675,198172,3,MA,2,64,12-Mar-2020,10:11:03,-27.2741,167.2643,,401677705,-118,58,0,12-Mar-2020,10:11:04,-27.2741,167.2643,566,428,1949,93,79,,,68,52,5,,,,,,,,,,,,,,,,,,,,,,,,,,,,,
5675,198172,3,MA,2,64,12-Mar-2020,10:11:03,-27.2741,167.2643,,401677705,-118,58,0,12-Mar-2020,10:14:12,-27.2741,167.2643,566,428,1949,93,79,,,84,142,9,,,,,,,,,,,,,,,,,,,,,,,,,,,,,
5675,198172,3,SR,B,65,12-Mar-2020,17:57:44,-27.1067,167.5329,,401677643,-127,8,0,12-Mar-2020,17:56:24,-27.1067,167.5329,161,4693,73142,301,71,,,73,45,5,,,,,,,,,,,,,,,,,,,,,,,,,,,,,
5675,198172,3,SR,B,65,12-Mar-2020,17:57:44,-27.1067,167.5329,,401677643,-127,8,0,12-Mar-2020,17:59:05,-27.1067,167.5329,161,4693,73142,301,71,,,101,115,216,,,,,,,,,,,,,,,,,,,,,,,,,,,,,
5675,198172,3,MA,B,66,12-Mar-2020,19:43:27,-27.1345,167.4492,,401677769,-130,5,0,12-Mar-2020,19:43:28,-27.1345,167.4492,,4792,9249,2482,82,,,70,46,5,,,,,,,,,,,,,,,,,,,,,,,,,,,,,
5675,198172,3,NP,A,67,13-Mar-2020,05:52:48,-27.3132,167.2706,,401677711,-133,8,0,13-Mar-2020,05:52:48,-27.3132,167.2706,87,11798,94454,1473,106,,,64,48,5,,,,,,,,,,,,,,,,,,,,,,,,,,,,,
5675,198172,3,NP,A,67,13-Mar-2020,05:52:48,-27.3132,167.2706,,401677711,-133,8,0,13-Mar-2020,05:53:35,-27.3132,167.2706,87,11798,94454,1473,106,,,93,92,9,,,,,,,,,,,,,,,,,,,,,,,,,,,,,
5675,198172,3,NP,A,67,13-Mar-2020,05:52:48,-27.3132,167.2706,,401677711,-133,8,0,13-Mar-2020,05:54:15,-27.3132,167.2706,87,11798,94454,1473,106,,,103,137,0,,,,,,,,,,,,,,,,,,,,,,,,,,,,,
5675,198172,3,MA,B,68,13-Mar-2020,09:50:58,-27.2472,167.2761,,401677711,-119,8,0,13-Mar-2020,09:47:01,-27.2472,167.2761,475,11617,219263,615,99,,,22,75,24,,,,,,,,,,,,,,,,,,,,,,,,,,,,,
5675,198172,3,MA,B,68,13-Mar-2020,09:50:58,-27.2472,167.2761,,401677711,-119,8,0,13-Mar-2020,09:54:56,-27.2472,167.2761,475,11617,219263,615,99,,,74,50,5,,,,,,,,,,,,,,,,,,,,,,,,,,,,,
5675,198172,3,MC,B,69,13-Mar-2020,10:10:48,-27.2439,167.2772,,401677712,-132,6,0,13-Mar-2020,10:10:49,-27.2439,167.2772,,9683,46715,2007,99,,,98,136,0,,,,,,,,,,,,,,,,,,,,,,,,,,,,,
5675,198172,3,NN,B,70,13-Mar-2020,11:00:16,-27.2314,167.2522,,401677716,-127,8,0,13-Mar-2020,10:58:10,-27.2314,167.2522,254,870,8655,87,155,,,86,251,9,,,,,,,,,,,,,,,,,,,,,,,,,,,,,
5675,198172,3,NN,B,70,13-Mar-2020,11:00:16,-27.2314,167.2522,,401677716,-127,8,0,13-Mar-2020,11:02:24,-27.2314,167.2522,254,870,8655,87,155,,,103,137,0,,,,,,,,,,,,,,,,,,,,,,,,,,,,,
5675,198172,3,MB,B,71,13-Mar-2020,11:00:16,-27.2304,167.2517,,401677714,-134,,0,13-Mar-2020,10:58:10,-27.2304,167.2517,254,160,193,131,37,,,86,249,9,,,,,,,,,,,,,,,,,,,,,,,,,,,,,
5675,198172,3,MB,B,71,13-Mar-2020,11:00:16,-27.2304,167.2517,,401677714,-134,,0,13-Mar-2020,11:02:24,-27.2304,167.2517,254,160,193,131,37,,,103,136,20,,,,,,,,,,,,,,,,,,,,,,,,,,,,,
5675,198172,3,NP,B,72,13-Mar-2020,17:08:01,-27.1959,167.2186,,401677738,-136,8,0,13-Mar-2020,17:08:02,-27.1959,167.2186,,2361,3378,1649,83,,,10,6,200,,,,,,,,,,,,,,,,,,,,,,,,,,,,,
5675,198172,3,NK,B,73,13-Mar-2020,18:25:16,-27.1881,167.1931,,401677749,-130,7,0,13-Mar-2020,18:25:17,-27.1881,167.1931,,3066,4455,2109,147,,,103,143,110,,,,,,,,,,,,,,,,,,,,,,,,,,,,,
5675,198172,3,NP,B,74,13-Mar-2020,18:45:09,-27.2284,167.2070,,401677727,-136,6,0,13-Mar-2020,18:45:10,-27.2284,167.2070,563,1575,25666,96,39,,,17,180,153,,,,,,,,,,,,,,,,,,,,,,,,,,,,,
5675,198172,3,NP,B,74,13-Mar-2020,18:45:09,-27.2284,167.2070,,401677727,-136,6,0,13-Mar-2020,18:54:33,-27.2284,167.2070,563,1575,25666,96,39,,,84,78,10,,,,,,,,,,,,,,,,,,,,,,,,,,,,,
5675,198172,3,NN,B,75,13-Mar-2020,20:37:34,-27.2558,167.1593,,401677754,-132,7,0,13-Mar-2020,20:37:34,-27.2558,167.1593,,1817,2891,1142,55,,,90,104,10,,,,,,,,,,,,,,,,,,,,,,,,,,,,,
5675,198172,3,MC,B,76,13-Mar-2020,21:37:21,-27.2863,167.1835,,401677718,-129,8,0,13-Mar-2020,21:25:48,-27.2863,167.1835,693,1425,11408,178,23,,,72,138,0,,,,,,,,,,,,,,,,,,,,,,,,,,,,,
5675,198172,3,MC,B,76,13-Mar-2020,21:37:21,-27.2863,167.1835,,401677718,-129,8,0,13-Mar-2020,21:37:21,-27.2863,167.1835,693,1425,11408,178,23,,,10,0,16,,,,,,,,,,,,,,,,,,,,,,,,,,,,,
5675,198172,3,NN,B,77,13-Mar-2020,22:15:42,-27.2974,167.1763,,401677727,-135,7,0,13-Mar-2020,22:15:43,-27.2974,167.1763,,1591,3104,815,23,,,10,0,16,,,,,,,,,,,,,,,,,,,,,,,,,,,,,
5675,198172,3,MB,B,78,13-Mar-2020,22:15:42,-27.2922,167.1541,,401677725,-134,,0,13-Mar-2020,22:15:43,-27.2922,167.1541,,2461,3886,1558,95,,,10,0,16,,,,,,,,,,,,,,,,,,,,,,,,,,,,,
5675,198172,3,MC,B,79,13-Mar-2020,23:16:59,-27.2984,167.1317,,401677723,-135,8,0,13-Mar-2020,23:16:59,-27.2984,167.1317,,2370,2859,1963,98,,,8,0,16,,,,,,,,,,,,,,,,,,,,,,,,,,,,,
5675,198172,3,MA,B,80,14-Mar-2020,11:12:20,-27.3297,166.9072,,401677738,-124,8,0,14-Mar-2020,11:12:21,-27.3297,166.9072,,3847,6390,2316,95,,,10,0,16,,,,,,,,,,,,,,,,,,,,,,,,,,,,,
5675,198172,3,MC,B,81,14-Mar-2020,11:35:09,-27.3163,167.1672,,401677706,-123,6,0,14-Mar-2020,11:31:25,-27.3163,167.1672,448,2716,85570,86,136,,,10,18,0,,,,,,,,,,,,,,,,,,,,,,,,,,,,,
5675,198172,3,MC,B,81,14-Mar-2020,11:35:09,-27.3163,167.1672,,401677706,-123,6,0,14-Mar-2020,11:38:53,-27.3163,167.1672,448,2716,85570,86,136,,,103,137,0,,,,,,,,,,,,,,,,,,,,,,,,,,,,,
5675,198172,3,NK,A,82,14-Mar-2020,17:59:29,-27.3420,167.1363,,401677714,-135,8,0,14-Mar-2020,17:57:02,-27.3420,167.1363,280,507,1472,174,27,,,85,245,10,,,,,,,,,,,,,,,,,,,,,,,,,,,,,
5675,198172,3,NK,A,82,14-Mar-2020,17:59:29,-27.3420,167.1363,,401677714,-135,8,0,14-Mar-2020,17:59:46,-27.3420,167.1363,280,507,1472,174,27,,,104,138,0,,,,,,,,,,,,,,,,,,,,,,,,,,,,,
5675,198172,3,NK,A,82,14-Mar-2020,17:59:29,-27.3420,167.1363,,401677714,-135,8,0,14-Mar-2020,18:01:42,-27.3420,167.1363,280,507,1472,174,27,,,10,0,16,,,,,,,,,,,,,,,,,,,,,,,,,,,,,
5675,198172,3,NP,B,83,14-Mar-2020,18:42:56,-27.3681,167.1234,,401677716,-125,8,0,14-Mar-2020,18:42:27,-27.3681,167.1234,60,750,2102,267,80,,,10,0,16,,,,,,,,,,,,,,,,,,,,,,,,,,,,,
5675,198172,3,NP,B,83,14-Mar-2020,18:42:56,-27.3681,167.1234,,401677716,-125,8,0,14-Mar-2020,18:43:27,-27.3681,167.1234,60,750,2102,267,80,,,22,75,24,,,,,,,,,,,,,,,,,,,,,,,,,,,,,
5675,198172,3,SR,B,84,14-Mar-2020,20:15:06,-27.3907,167.1054,,401677702,-132,8,0,14-Mar-2020,20:15:07,-27.3907,167.1054,,1468,2173,992,72,,,73,45,5,,,,,,,,,,,,,,,,,,,,,,,,,,,,,
5675,198172,3,MB,B,85,14-Mar-2020,21:51:53,-27.4091,167.0880,,401677705,-134,8,0,14-Mar-2020,21:51:54,-27.4091,167.0880,,2951,4822,1806,59,,,20,226,207,,,,,,,,,,,,,,,,,,,,,,,,,,,,,
5675,198172,3,NN, ,86,16-Mar-2020,10:22:33,,,,401650000,-129,,0,16-Mar-2020,10:22:33,,,,,,,,,,74,2,5,,,,,,,,,,,,,,,,,,,,,,,,,,,,,
5675,198172,3,MB, ,87,16-Mar-2020,21:15:35,,,,401650000,-131,,0,16-Mar-2020,21:15:35,,,,,,,,,,6,202,28,,,,,,,,,,,,,,,,,,,,,,,,,,,,,
5675,198172,3,MC, ,88,17-Mar-2020,10:37:07,,,,401650000,-124,,0,17-Mar-2020,10:37:07,,,,,,,,,,122,79,199,,,,,,,,,,,,,,,,,,,,,,,,,,,,,
5675,198172,3,NK,B,89,17-Mar-2020,18:23:54,-28.7150,167.5995,,401677664,-127,,0,17-Mar-2020,18:23:00,-28.7150,167.5995,109,17145,74317,3955,29,,,10,1,48,,,,,,,,,,,,,,,,,,,,,,,,,,,,,
5675,198172,3,NK,B,89,17-Mar-2020,18:23:54,-28.7150,167.5995,,401677664,-127,,0,17-Mar-2020,18:24:49,-28.7150,167.5995,109,17145,74317,3955,29,,,75,7,5,,,,,,,,,,,,,,,,,,,,,,,,,,,,,
5675,198172,3,SR,B,90,17-Mar-2020,18:46:47,-29.1542,166.4041,,401677584,-126,,0,17-Mar-2020,18:45:56,-29.1542,166.4041,103,200294,,,,,,10,0,16,,,,,,,,,,,,,,,,,,,,,,,,,,,,,
5675,198172,3,SR,B,90,17-Mar-2020,18:46:47,-29.1542,166.4041,,401677584,-126,,0,17-Mar-2020,18:47:39,-29.1542,166.4041,103,200294,,,,,,22,28,94,,,,,,,,,,,,,,,,,,,,,,,,,,,,,
5675,198172,3,NP,Z,91,17-Mar-2020,19:45:02,-28.6551,167.4102,,401677693,-131,8,0,17-Mar-2020,19:45:03,-28.6551,167.4102,,,,,,,,22,75,24,,,,,,,,,,,,,,,,,,,,,,,,,,,,,
5675,198172,3,MA,Z,92,17-Mar-2020,19:45:02,-28.5742,167.5938,,401677714,-132,7,0,17-Mar-2020,19:45:03,-28.5742,167.5938,,725924,,,,,,22,75,28,,,,,,,,,,,,,,,,,,,,,,,,,,,,,
5675,198172,3,NK,Z,93,17-Mar-2020,20:02:06,-28.5945,167.5324,,401677706,-125,8,0,17-Mar-2020,20:02:06,-28.5945,167.5324,,331385,872950,125798,77,,,75,7,5,,,,,,,,,,,,,,,,,,,,,,,,,,,,,
5675,198172,3,MC,Z,94,17-Mar-2020,20:10:51,-28.5892,167.5430,,401677707,-131,8,0,17-Mar-2020,20:10:52,-28.5892,167.5430,,731623,,,,,,22,75,24,,,,,,,,,,,,,,,,,,,,,,,,,,,,,
5675,198172,3,SR,Z,95,17-Mar-2020,20:23:15,-28.6545,167.4457,,401677699,-136,8,0,17-Mar-2020,20:23:16,-28.6545,167.4457,,834307,,,,,,77,9,5,,,,,,,,,,,,,,,,,,,,,,,,,,,,,
5675,198172,3,SR,0,96,21-Mar-2020,18:19:16,-29.0597,168.4007,,401677738,-131,50,0,21-Mar-2020,18:14:23,-29.0597,168.4007,588,4519,42232,483,160,,,74,2,5,,,,,,,,,,,,,,,,,,,,,,,,,,,,,
5675,198172,3,SR,0,96,21-Mar-2020,18:19:16,-29.0597,168.4007,,401677738,-131,50,0,21-Mar-2020,18:14:54,-29.0597,168.4007,588,4519,42232,483,160,,,86,149,9,,,,,,,,,,,,,,,,,,,,,,,,,,,,,
5675,198172,3,SR,0,96,21-Mar-2020,18:19:16,-29.0597,168.4007,,401677738,-131,50,0,21-Mar-2020,18:23:37,-29.0597,168.4007,588,4519,42232,483,160,,,10,0,16,,,,,,,,,,,,,,,,,,,,,,,,,,,,,
5675,198172,3,SR,0,96,21-Mar-2020,18:19:16,-29.0597,168.4007,,401677738,-131,50,0,21-Mar-2020,18:24:11,-29.0597,168.4007,588,4519,42232,483,160,,,22,75,24,,,,,,,,,,,,,,,,,,,,,,,,,,,,,
5675,198172,3,NK,B,97,21-Mar-2020,18:23:54,-29.0364,168.3926,,401677717,-129,6,0,21-Mar-2020,18:23:37,-29.0364,168.3926,34,1550,3395,707,162,,,10,0,16,,,,,,,,,,,,,,,,,,,,,,,,,,,,,
5675,198172,3,NK,B,97,21-Mar-2020,18:23:54,-29.0364,168.3926,,401677717,-129,6,0,21-Mar-2020,18:24:11,-29.0364,168.3926,34,1550,3395,707,162,,,22,75,24,,,,,,,,,,,,,,,,,,,,,,,,,,,,,
5675,198172,3,NP,A,98,21-Mar-2020,18:58:54,-28.9935,168.3827,,401677726,-131,7,0,21-Mar-2020,18:52:59,-28.9935,168.3827,356,1165,14544,93,80,,,10,0,16,,,,,,,,,,,,,,,,,,,,,,,,,,,,,
5675,198172,3,NP,A,98,21-Mar-2020,18:58:54,-28.9935,168.3827,,401677726,-131,7,0,21-Mar-2020,18:53:14,-28.9935,168.3827,356,1165,14544,93,80,,,22,75,24,,,,,,,,,,,,,,,,,,,,,,,,,,,,,
5675,198172,3,NP,A,98,21-Mar-2020,18:58:54,-28.9935,168.3827,,401677726,-131,7,0,21-Mar-2020,18:58:55,-28.9935,168.3827,356,1165,14544,93,80,,,95,4,12,,,,,,,,,,,,,,,,,,,,,,,,,,,,,
5675,198172,3,SR,B,99,21-Mar-2020,19:55:07,-28.9747,168.3814,,401677710,-135,8,0,21-Mar-2020,19:55:08,-28.9747,168.3814,,2947,4353,1995,80,,,10,0,16,,,,,,,,,,,,,,,,,,,,,,,,,,,,,
5675,198172,3,MA,B,100,21-Mar-2020,19:55:07,-28.9791,168.3877,,401677737,-127,,0,21-Mar-2020,19:55:08,-28.9791,168.3877,,1986,3114,1265,72,,,10,0,16,,,,,,,,,,,,,,,,,,,,,,,,,,,,,
5675,198172,3,MC,B,101,21-Mar-2020,20:31:03,-28.9489,168.4061,,401677721,-132,8,0,21-Mar-2020,20:30:43,-28.9489,168.4061,40,2547,3994,1623,100,,,76,242,4,,,,,,,,,,,,,,,,,,,,,,,,,,,,,
5675,198172,3,MC,B,101,21-Mar-2020,20:31:03,-28.9489,168.4061,,401677721,-132,8,0,21-Mar-2020,20:31:23,-28.9489,168.4061,40,2547,3994,1623,100,,,98,161,32,,,,,,,,,,,,,,,,,,,,,,,,,,,,,
5675,198172,3,NN,B,102,21-Mar-2020,22:22:27,-28.8957,168.4176,,401677725,-135,8,0,21-Mar-2020,22:22:28,-28.8957,168.4176,,4111,5421,3117,106,,,103,137,0,,,,,,,,,,,,,,,,,,,,,,,,,,,,,
5675,198172,3,NP,2,103,22-Mar-2020,05:47:40,-29.0538,168.6834,,401677689,-128,58,0,22-Mar-2020,05:46:58,-29.0538,168.6834,304,370,1983,69,92,,,84,124,12,,,,,,,,,,,,,,,,,,,,,,,,,,,,,
5675,198172,3,NP,2,103,22-Mar-2020,05:47:40,-29.0538,168.6834,,401677689,-128,58,0,22-Mar-2020,05:47:52,-29.0538,168.6834,304,370,1983,69,92,,,103,137,0,,,,,,,,,,,,,,,,,,,,,,,,,,,,,
5675,198172,3,NP,2,103,22-Mar-2020,05:47:40,-29.0538,168.6834,,401677689,-128,58,0,22-Mar-2020,05:48:13,-29.0538,168.6834,304,370,1983,69,92,,,10,0,16,,,,,,,,,,,,,,,,,,,,,,,,,,,,,
5675,198172,3,NP,2,103,22-Mar-2020,05:47:40,-29.0538,168.6834,,401677689,-128,58,0,22-Mar-2020,05:48:56,-29.0538,168.6834,304,370,1983,69,92,,,69,17,5,,,,,,,,,,,,,,,,,,,,,,,,,,,,,
5675,198172,3,NP,2,103,22-Mar-2020,05:47:40,-29.0538,168.6834,,401677689,-128,58,0,22-Mar-2020,05:49:44,-29.0538,168.6834,304,370,1983,69,92,,,88,129,12,,,,,,,,,,,,,,,,,,,,,,,,,,,,,
5675,198172,3,NP,2,103,22-Mar-2020,05:47:40,-29.0538,168.6834,,401677689,-128,58,1,22-Mar-2020,05:50:41,-29.0538,168.6834,304,370,1983,69,92,,,10,0,16,,,,,,,,,,,,,,,,,,,,,,,,,,,,,
5675,198172,3,NP,2,103,22-Mar-2020,05:47:40,-29.0538,168.6834,,401677689,-128,58,0,22-Mar-2020,05:50:57,-29.0538,168.6834,304,370,1983,69,92,,,22,75,24,,,,,,,,,,,,,,,,,,,,,,,,,,,,,
5675,198172,3,NP,2,103,22-Mar-2020,05:47:40,-29.0538,168.6834,,401677689,-128,58,0,22-Mar-2020,05:51:30,-29.0538,168.6834,304,370,1983,69,92,,,68,20,5,,,,,,,,,,,,,,,,,,,,,,,,,,,,,
5675,198172,3,NP,2,103,22-Mar-2020,05:47:40,-29.0538,168.6834,,401677689,-128,58,0,22-Mar-2020,05:51:45,-29.0538,168.6834,304,370,1983,69,92,,,83,134,12,,,,,,,,,,,,,,,,,,,,,,,,,,,,,
5675,198172,3,NP,2,103,22-Mar-2020,05:47:40,-29.0538,168.6834,,401677689,-128,58,0,22-Mar-2020,05:52:02,-29.0538,168.6834,304,370,1983,69,92,,,98,136,0,,,,,,,,,,,,,,,,,,,,,,,,,,,,,
5675,198172,3,NK,0,104,22-Mar-2020,06:42:07,-29.1144,168.6801,,401677743,-133,57,0,22-Mar-2020,06:41:12,-29.1144,168.6801,139,1976,7978,489,58,,,77,9,5,,,,,,,,,,,,,,,,,,,,,,,,,,,,,
5675,198172,3,NK,0,104,22-Mar-2020,06:42:07,-29.1144,168.6801,,401677743,-133,57,0,22-Mar-2020,06:41:46,-29.1144,168.6801,139,1976,7978,489,58,,,95,186,12,,,,,,,,,,,,,,,,,,,,,,,,,,,,,
5675,198172,3,NK,0,104,22-Mar-2020,06:42:07,-29.1144,168.6801,,401677743,-133,57,0,22-Mar-2020,06:42:08,-29.1144,168.6801,139,1976,7978,489,58,,,98,136,0,,,,,,,,,,,,,,,,,,,,,,,,,,,,,
5675,198172,3,NK,0,104,22-Mar-2020,06:42:07,-29.1144,168.6801,,401677743,-133,57,0,22-Mar-2020,06:42:36,-29.1144,168.6801,139,1976,7978,489,58,,,10,0,16,,,,,,,,,,,,,,,,,,,,,,,,,,,,,
5675,198172,3,NK,0,104,22-Mar-2020,06:42:07,-29.1144,168.6801,,401677743,-133,57,1,22-Mar-2020,06:42:55,-29.1144,168.6801,139,1976,7978,489,58,,,22,75,24,,,,,,,,,,,,,,,,,,,,,,,,,,,,,
5675,198172,3,NK,0,104,22-Mar-2020,06:42:07,-29.1144,168.6801,,401677743,-133,57,0,22-Mar-2020,06:43:14,-29.1144,168.6801,139,1976,7978,489,58,,,67,15,5,,,,,,,,,,,,,,,,,,,,,,,,,,,,,
5675,198172,3,NK,0,104,22-Mar-2020,06:42:07,-29.1144,168.6801,,401677743,-133,57,0,22-Mar-2020,06:43:31,-29.1144,168.6801,139,1976,7978,489,58,,,94,191,12,,,,,,,,,,,,,,,,,,,,,,,,,,,,,
5675,198172,23,SR,A,105,22-Mar-2020,07:03:49,-29.1047,168.7028,,401677731,-133,6,0,22-Mar-2020,07:03:26,-29.1047,168.7028,43,2014,2752,1473,88,,,76,224,131,220,232,140,96,178,11,28,64,23,20,25,137,18,1,4,63,208,0,255,128,,,,,,,,,
5675,198172,3,SR,A,105,22-Mar-2020,07:03:49,-29.1047,168.7028,,401677731,-133,6,0,22-Mar-2020,07:03:54,-29.1047,168.7028,43,2014,2752,1473,88,,,95,197,12,,,,,,,,,,,,,,,,,,,,,,,,,,,,,
5675,198172,3,SR,A,105,22-Mar-2020,07:03:49,-29.1047,168.7028,,401677731,-133,6,0,22-Mar-2020,07:04:09,-29.1047,168.7028,43,2014,2752,1473,88,,,97,135,0,,,,,,,,,,,,,,,,,,,,,,,,,,,,,
5675,198172,3,NP,B,106,22-Mar-2020,07:25:48,-29.0992,168.6982,,401677746,-125,6,0,22-Mar-2020,07:25:49,-29.0992,168.6982,,3385,4478,2559,85,,,69,1,5,,,,,,,,,,,,,,,,,,,,,,,,,,,,,
5675,198172,3,NN,B,107,22-Mar-2020,09:13:00,-29.0955,168.6300,,401677725,-132,8,0,22-Mar-2020,09:11:17,-29.0955,168.6300,208,2546,24031,269,20,,,10,0,16,,,,,,,,,,,,,,,,,,,,,,,,,,,,,
5675,198172,3,NN,B,107,22-Mar-2020,09:13:00,-29.0955,168.6300,,401677725,-132,8,0,22-Mar-2020,09:14:45,-29.0955,168.6300,208,2546,24031,269,20,,,22,75,24,,,,,,,,,,,,,,,,,,,,,,,,,,,,,
5675,198172,3,MA,B,108,22-Mar-2020,10:06:42,-29.1020,168.6266,,401677732,-127,8,0,22-Mar-2020,10:06:43,-29.1020,168.6266,,2395,3829,1498,23,,,10,0,16,,,,,,,,,,,,,,,,,,,,,,,,,,,,,
5675,198172,3,SR,B,109,22-Mar-2020,19:29:47,-29.1104,168.6235,,401677728,-133,8,0,22-Mar-2020,19:29:48,-29.1104,168.6235,,5001,7244,3451,102,,,10,0,16,,,,,,,,,,,,,,,,,,,,,,,,,,,,,
5675,198172,3,MA,B,110,22-Mar-2020,19:38:04,-29.0446,168.3187,,401677728,-132,6,0,22-Mar-2020,19:37:25,-29.0446,168.3187,79,2740,6498,1154,10,,,74,8,253,,,,,,,,,,,,,,,,,,,,,,,,,,,,,
5675,198172,3,MA,B,110,22-Mar-2020,19:38:04,-29.0446,168.3187,,401677728,-132,6,0,22-Mar-2020,19:38:44,-29.0446,168.3187,79,2740,6498,1154,10,,,103,137,9,,,,,,,,,,,,,,,,,,,,,,,,,,,,,
5675,198172,3,NK,A,111,22-Mar-2020,19:39:25,-29.0359,168.3209,,401677730,-122,6,0,22-Mar-2020,19:37:25,-29.0359,168.3209,282,1259,19520,81,102,,,66,149,170,,,,,,,,,,,,,,,,,,,,,,,,,,,,,
5675,198172,3,NK,A,111,22-Mar-2020,19:39:25,-29.0359,168.3209,,401677730,-122,6,0,22-Mar-2020,19:38:44,-29.0359,168.3209,282,1259,19520,81,102,,,103,137,0,,,,,,,,,,,,,,,,,,,,,,,,,,,,,
5675,198172,3,NK,A,111,22-Mar-2020,19:39:25,-29.0359,168.3209,,401677730,-122,6,0,22-Mar-2020,19:42:07,-29.0359,168.3209,282,1259,19520,81,102,,,68,4,5,,,,,,,,,,,,,,,,,,,,,,,,,,,,,
5675,198172,3,MC,B,112,22-Mar-2020,20:04:51,-29.1129,168.6183,,401677726,-133,8,0,22-Mar-2020,20:04:51,-29.1129,168.6183,,3210,7748,1330,103,,,88,254,12,,,,,,,,,,,,,,,,,,,,,,,,,,,,,
5675,198172,3,MA,B,113,22-Mar-2020,21:22:07,-29.0507,168.3145,,401677730,-122,8,0,22-Mar-2020,21:22:07,-29.0507,168.3145,,4484,5301,3792,14,,,98,136,0,,,,,,,,,,,,,,,,,,,,,,,,,,,,,
5675,198172,3,NP,A,114,26-Mar-2020,08:17:59,-28.7806,168.1242,,401677742,-136,,0,26-Mar-2020,08:17:38,-28.7806,168.1242,48,8000,45753,1398,88,,,98,136,0,,,,,,,,,,,,,,,,,,,,,,,,,,,,,
5675,198172,3,NP,A,114,26-Mar-2020,08:17:59,-28.7806,168.1242,,401677742,-136,,0,26-Mar-2020,08:17:54,-28.7806,168.1242,48,8000,45753,1398,88,,,10,0,16,,,,,,,,,,,,,,,,,,,,,,,,,,,,,
5675,198172,3,NP,A,114,26-Mar-2020,08:17:59,-28.7806,168.1242,,401677742,-136,,0,26-Mar-2020,08:18:26,-28.7806,168.1242,48,8000,45753,1398,88,,,65,254,22,,,,,,,,,,,,,,,,,,,,,,,,,,,,,
5675,198172,3,NK,0,115,26-Mar-2020,08:20:55,-28.7760,168.1670,,401677739,-130,56,0,26-Mar-2020,08:17:38,-28.7760,168.1670,727,3229,3922,2658,84,,,98,136,0,,,,,,,,,,,,,,,,,,,,,,,,,,,,,
5675,198172,3,NK,0,115,26-Mar-2020,08:20:55,-28.7760,168.1670,,401677739,-130,56,0,26-Mar-2020,08:18:26,-28.7760,168.1670,727,3229,3922,2658,84,,,64,238,38,,,,,,,,,,,,,,,,,,,,,,,,,,,,,
5675,198172,3,NK,0,115,26-Mar-2020,08:20:55,-28.7760,168.1670,,401677739,-130,56,1,26-Mar-2020,08:29:45,-28.7760,168.1670,727,3229,3922,2658,84,,,10,0,16,,,,,,,,,,,,,,,,,,,,,,,,,,,,,
5675,198172,3,NK,1,116,26-Mar-2020,10:02:09,-28.7439,168.0825,,401677746,-130,58,0,26-Mar-2020,09:59:38,-28.7439,168.0825,353,550,1296,233,141,,,65,251,4,,,,,,,,,,,,,,,,,,,,,,,,,,,,,
5675,198172,3,NK,1,116,26-Mar-2020,10:02:09,-28.7439,168.0825,,401677746,-130,58,0,26-Mar-2020,10:00:01,-28.7439,168.0825,353,550,1296,233,141,,,94,97,13,,,,,,,,,,,,,,,,,,,,,,,,,,,,,
5675,198172,3,NK,1,116,26-Mar-2020,10:02:09,-28.7439,168.0825,,401677746,-130,58,0,26-Mar-2020,10:02:12,-28.7439,168.0825,353,550,1296,233,141,,,74,252,4,,,,,,,,,,,,,,,,,,,,,,,,,,,,,
5675,198172,3,NK,1,116,26-Mar-2020,10:02:09,-28.7439,168.0825,,401677746,-130,58,0,26-Mar-2020,10:03:09,-28.7439,168.0825,353,550,1296,233,141,,,85,102,13,,,,,,,,,,,,,,,,,,,,,,,,,,,,,
5675,198172,3,NK,1,116,26-Mar-2020,10:02:09,-28.7439,168.0825,,401677746,-130,58,0,26-Mar-2020,10:03:38,-28.7439,168.0825,353,550,1296,233,141,,,98,136,0,,,,,,,,,,,,,,,,,,,,,,,,,,,,,
5675,198172,3,NK,1,116,26-Mar-2020,10:02:09,-28.7439,168.0825,,401677746,-130,58,1,26-Mar-2020,10:05:31,-28.7439,168.0825,353,550,1296,233,141,,,10,0,16,,,,,,,,,,,,,,,,,,,,,,,,,,,,,
5675,198172,3,NN,1,117,26-Mar-2020,10:05:31,-28.7413,168.0806,,401677745,-129,56,0,26-Mar-2020,10:02:12,-28.7413,168.0806,199,757,2871,199,90,,,74,252,4,,,,,,,,,,,,,,,,,,,,,,,,,,,,,
5675,198172,3,NN,1,117,26-Mar-2020,10:05:31,-28.7413,168.0806,,401677745,-129,56,0,26-Mar-2020,10:03:09,-28.7413,168.0806,199,757,2871,199,90,,,85,102,13,,,,,,,,,,,,,,,,,,,,,,,,,,,,,
5675,198172,3,NN,1,117,26-Mar-2020,10:05:31,-28.7413,168.0806,,401677745,-129,56,0,26-Mar-2020,10:03:38,-28.7413,168.0806,199,757,2871,199,90,,,98,136,0,,,,,,,,,,,,,,,,,,,,,,,,,,,,,
5675,198172,3,NN,1,117,26-Mar-2020,10:05:31,-28.7413,168.0806,,401677745,-129,56,0,26-Mar-2020,10:05:31,-28.7413,168.0806,199,757,2871,199,90,,,10,0,16,,,,,,,,,,,,,,,,,,,,,,,,,,,,,
5675,198172,3,MA,B,118,26-Mar-2020,10:23:58,-28.7704,168.1470,,401677744,-127,6,0,26-Mar-2020,10:23:58,-28.7704,168.1470,,4264,10700,1699,94,,,22,75,24,,,,,,,,,,,,,,,,,,,,,,,,,,,,,
5675,198172,3,SR,A,119,28-Mar-2020,18:02:01,-28.9735,168.3591,,401677736,-130,,0,28-Mar-2020,18:00:04,-28.9735,168.3591,320,514,4373,60,107,,,77,247,4,,,,,,,,,,,,,,,,,,,,,,,,,,,,,
5675,198172,3,SR,A,119,28-Mar-2020,18:02:01,-28.9735,168.3591,,401677736,-130,,0,28-Mar-2020,18:00:38,-28.9735,168.3591,320,514,4373,60,107,,,89,196,13,,,,,,,,,,,,,,,,,,,,,,,,,,,,,
5675,198172,3,SR,A,119,28-Mar-2020,18:02:01,-28.9735,168.3591,,401677736,-130,,0,28-Mar-2020,18:05:24,-28.9735,168.3591,320,514,4373,60,107,,,22,75,24,,,,,,,,,,,,,,,,,,,,,,,,,,,,,
5675,198172,3,NK,B,120,28-Mar-2020,18:48:39,-28.9718,168.3652,,401677719,-137,8,0,28-Mar-2020,18:48:40,-28.9718,168.3652,,1040,1522,710,106,,,10,0,16,,,,,,,,,,,,,,,,,,,,,,,,,,,,,
5675,198172,3,NP,1,121,28-Mar-2020,19:12:23,-28.9468,168.3222,,401677720,-126,56,0,28-Mar-2020,19:12:24,-28.9468,168.3222,281,1389,8867,217,76,,,10,0,16,,,,,,,,,,,,,,,,,,,,,,,,,,,,,
5675,198172,23,NP,1,121,28-Mar-2020,19:12:23,-28.9468,168.3222,,401677720,-126,56,0,28-Mar-2020,19:13:16,-28.9468,168.3222,281,1389,8867,217,76,,,89,6,231,88,28,96,154,16,227,193,241,200,214,118,171,156,251,60,240,0,100,44,187,,,,,,,,,
5675,198172,3,NP,1,121,28-Mar-2020,19:12:23,-28.9468,168.3222,,401677720,-126,56,0,28-Mar-2020,19:14:02,-28.9468,168.3222,281,1389,8867,217,76,,,22,75,24,,,,,,,,,,,,,,,,,,,,,,,,,,,,,
5675,198172,3,NP,1,121,28-Mar-2020,19:12:23,-28.9468,168.3222,,401677720,-126,56,0,28-Mar-2020,19:17:05,-28.9468,168.3222,281,1389,8867,217,76,,,82,243,13,,,,,,,,,,,,,,,,,,,,,,,,,,,,,
5675,198172,3,SR,B,122,28-Mar-2020,19:38:44,-28.9223,168.3822,,401677728,-125,8,0,28-Mar-2020,19:37:37,-28.9223,168.3822,135,990,14596,67,101,,,84,253,13,,,,,,,,,,,,,,,,,,,,,,,,,,,,,
5675,198172,3,SR,B,122,28-Mar-2020,19:38:44,-28.9223,168.3822,,401677728,-125,8,0,28-Mar-2020,19:39:52,-28.9223,168.3822,135,990,14596,67,101,,,22,75,24,,,,,,,,,,,,,,,,,,,,,,,,,,,,,
5675,198172,3,MA,2,123,28-Mar-2020,20:51:40,-28.8980,168.4514,,401677732,-120,57,0,28-Mar-2020,20:47:18,-28.8980,168.4514,579,417,1348,128,93,,,6,120,28,,,,,,,,,,,,,,,,,,,,,,,,,,,,,
5675,198172,3,MA,2,123,28-Mar-2020,20:51:40,-28.8980,168.4514,,401677732,-120,57,0,28-Mar-2020,20:49:35,-28.8980,168.4514,579,417,1348,128,93,,,88,61,162,,,,,,,,,,,,,,,,,,,,,,,,,,,,,
5675,198172,3,MA,2,123,28-Mar-2020,20:51:40,-28.8980,168.4514,,401677732,-120,57,0,28-Mar-2020,20:52:51,-28.8980,168.4514,579,417,1348,128,93,,,10,0,16,,,,,,,,,,,,,,,,,,,,,,,,,,,,,
5675,198172,3,MA,2,123,28-Mar-2020,20:51:40,-28.8980,168.4514,,401677732,-120,57,0,28-Mar-2020,20:56:57,-28.8980,168.4514,579,417,1348,128,93,,,64,254,4,,,,,,,,,,,,,,,,,,,,,,,,,,,,,
5675,198172,3,NN,B,124,28-Mar-2020,20:59:27,-28.8908,168.4562,,401677733,-130,6,0,28-Mar-2020,20:56:57,-28.8908,168.4562,302,593,3288,107,95,,,64,254,4,,,,,,,,,,,,,,,,,,,,,,,,,,,,,
5675,198172,3,NN,B,124,28-Mar-2020,20:59:27,-28.8908,168.4562,,401677733,-130,6,0,28-Mar-2020,21:01:59,-28.8908,168.4562,302,593,3288,107,95,,,98,136,0,,,,,,,,,,,,,,,,,,,,,,,,,,,,,
5675,198172,3,MC,B,125,28-Mar-2020,21:17:35,-28.8961,168.4638,,401677727,-123,6,0,28-Mar-2020,21:17:36,-28.8961,168.4638,,1655,1942,1409,89,,,81,115,223,,,,,,,,,,,,,,,,,,,,,,,,,,,,,
5675,198172,3,NP,B,126,29-Mar-2020,06:05:13,-28.7397,168.6565,,401677765,-127,8,0,29-Mar-2020,06:04:07,-28.7397,168.6565,132,1356,14035,130,6,,,103,137,0,,,,,,,,,,,,,,,,,,,,,,,,,,,,,
5675,198172,3,NP,B,126,29-Mar-2020,06:05:13,-28.7397,168.6565,,401677765,-127,8,0,29-Mar-2020,06:06:19,-28.7397,168.6565,132,1356,14035,130,6,,,22,75,24,,,,,,,,,,,,,,,,,,,,,,,,,,,,,
5675,198172,3,NP,B,127,29-Mar-2020,07:49:01,-28.6812,168.6995,,401677746,-131,8,0,29-Mar-2020,07:48:51,-28.6812,168.6995,21,3550,5238,2406,64,,,72,246,4,,,,,,,,,,,,,,,,,,,,,,,,,,,,,
5675,198172,3,NP,B,127,29-Mar-2020,07:49:01,-28.6812,168.6995,,401677746,-131,8,0,29-Mar-2020,07:49:12,-28.6812,168.6995,21,3550,5238,2406,64,,,93,127,72,,,,,,,,,,,,,,,,,,,,,,,,,,,,,
5675,198172,3,MA,A,128,29-Mar-2020,09:21:41,-28.6386,168.7121,,401677731,-119,8,0,29-Mar-2020,09:20:35,-28.6386,168.7121,180,2743,34681,217,58,,,98,136,0,,,,,,,,,,,,,,,,,,,,,,,,,,,,,
5675,198172,3,MA,A,128,29-Mar-2020,09:21:41,-28.6386,168.7121,,401677731,-119,8,0,29-Mar-2020,09:20:56,-28.6386,168.7121,180,2743,34681,217,58,,,10,0,233,,,,,,,,,,,,,,,,,,,,,,,,,,,,,
5675,198172,3,MA,A,128,29-Mar-2020,09:21:41,-28.6386,168.7121,,401677731,-119,8,0,29-Mar-2020,09:23:35,-28.6386,168.7121,180,2743,34681,217,58,,,95,164,14,,,,,,,,,,,,,,,,,,,,,,,,,,,,,
5675,198172,3,MC,B,129,29-Mar-2020,09:41:03,-28.6297,168.7229,,401677742,-130,6,0,29-Mar-2020,09:41:04,-28.6297,168.7229,,2565,10436,630,60,,,98,136,2,,,,,,,,,,,,,,,,,,,,,,,,,,,,,
5675,198172,3,MB,B,130,29-Mar-2020,10:31:51,-28.6295,168.7344,,401677739,-131,8,0,29-Mar-2020,10:31:13,-28.6295,168.7344,77,1504,43859,51,77,,,71,213,12,,,,,,,,,,,,,,,,,,,,,,,,,,,,,
5675,198172,23,MB,B,130,29-Mar-2020,10:31:51,-28.6295,168.7344,,401677739,-131,8,0,29-Mar-2020,10:32:30,-28.6295,168.7344,77,1504,43859,51,77,,,91,208,96,153,16,133,90,47,207,40,131,3,243,104,77,164,236,208,217,93,102,193,161,,,,,,,,,
5675,198172,3,MA,B,131,29-Mar-2020,10:55:46,-28.6198,168.7549,,401677729,-128,6,0,29-Mar-2020,10:55:10,-28.6198,168.7549,73,1075,5500,210,91,,,10,0,16,,,,,,,,,,,,,,,,,,,,,,,,,,,,,
5675,198172,3,MA,B,131,29-Mar-2020,10:55:46,-28.6198,168.7549,,401677729,-128,6,0,29-Mar-2020,10:56:23,-28.6198,168.7549,73,1075,5500,210,91,,,22,75,24,,,,,,,,,,,,,,,,,,,,,,,,,,,,,
5675,198172,3,MC,B,132,29-Mar-2020,11:30:10,-28.6117,168.7708,,401677735,-127,8,0,29-Mar-2020,11:30:11,-28.6117,168.7708,,1253,2531,620,92,,,22,86,233,,,,,,,,,,,,,,,,,,,,,,,,,,,,,
5675,198172,3,NP,A,133,29-Mar-2020,17:25:34,-28.4605,168.7757,,401677735,-129,8,0,29-Mar-2020,17:20:59,-28.4605,168.7757,397,158,187,132,36,,,10,0,149,,,,,,,,,,,,,,,,,,,,,,,,,,,,,
5675,198172,3,NP,A,133,29-Mar-2020,17:25:34,-28.4605,168.7757,,401677735,-129,8,0,29-Mar-2020,17:23:34,-28.4605,168.7757,397,158,187,132,36,,,22,75,24,,,,,,,,,,,,,,,,,,,,,,,,,,,,,
5675,198172,3,NP,A,133,29-Mar-2020,17:25:34,-28.4605,168.7757,,401677735,-129,8,0,29-Mar-2020,17:27:36,-28.4605,168.7757,397,158,187,132,36,,,75,249,4,,,,,,,,,,,,,,,,,,,,,,,,,,,,,
5675,198172,3,NP,B,134,30-Mar-2020,05:57:02,-28.1453,168.8669,,401677781,-135,,0,30-Mar-2020,05:57:02,-28.1453,168.8669,,3201,4794,2136,55,,,10,0,16,,,,,,,,,,,,,,,,,,,,,,,,,,,,,
5675,198172,3,SR,A,135,30-Mar-2020,06:21:24,-28.3947,168.5679,,401677749,-124,6,0,30-Mar-2020,06:21:01,-28.3947,168.5679,47,2298,26454,199,105,,,78,248,4,,,,,,,,,,,,,,,,,,,,,,,,,,,,,
5675,198172,3,SR,A,135,30-Mar-2020,06:21:24,-28.3947,168.5679,,401677749,-124,6,0,30-Mar-2020,06:21:23,-28.3947,168.5679,47,2298,26454,199,105,,,93,64,15,,,,,,,,,,,,,,,,,,,,,,,,,,,,,
5675,198172,3,SR,A,135,30-Mar-2020,06:21:24,-28.3947,168.5679,,401677749,-124,6,0,30-Mar-2020,06:21:48,-28.3947,168.5679,47,2298,26454,199,105,,,103,137,0,,,,,,,,,,,,,,,,,,,,,,,,,,,,,
5675,198172,3,NP,A,136,30-Mar-2020,07:38:14,-28.3346,168.5528,,401677731,-126,8,0,30-Mar-2020,07:38:15,-28.3346,168.5528,104,3098,22399,428,96,,,93,80,15,,,,,,,,,,,,,,,,,,,,,,,,,,,,,
5675,198172,3,NP,A,136,30-Mar-2020,07:38:14,-28.3346,168.5528,,401677731,-126,8,0,30-Mar-2020,07:38:41,-28.3346,168.5528,104,3098,22399,428,96,,,97,135,0,,,,,,,,,,,,,,,,,,,,,,,,,,,,,
5675,198172,3,NP,A,136,30-Mar-2020,07:38:14,-28.3346,168.5528,,401677731,-126,8,0,30-Mar-2020,07:39:59,-28.3346,168.5528,104,3098,22399,428,96,,,10,0,16,,,,,,,,,,,,,,,,,,,,,,,,,,,,,
5675,198172,3,NK,B,137,30-Mar-2020,08:19:28,-28.3126,168.5394,,401677754,-128,6,0,30-Mar-2020,08:19:28,-28.3126,168.5394,,5168,15112,1767,96,,,10,0,16,,,,,,,,,,,,,,,,,,,,,,,,,,,,,
5675,198172,3,MA,B,138,30-Mar-2020,09:00:29,-28.2824,168.5004,,401677769,-131,6,0,30-Mar-2020,09:00:30,-28.2824,168.5004,,5051,10034,2542,91,,,104,138,0,,,,,,,,,,,,,,,,,,,,,,,,,,,,,
5675,198172,3,NP,B,139,30-Mar-2020,18:50:52,-28.1149,168.3004,,401677842,-135,8,0,30-Mar-2020,18:50:52,-28.1149,168.3004,,6048,9809,3729,110,,,89,118,110,,,,,,,,,,,,,,,,,,,,,,,,,,,,,
5675,198172,3,NN,B,140,30-Mar-2020,20:44:30,-28.1564,168.3270,,401677801,-133,8,0,30-Mar-2020,20:44:31,-28.1564,168.3270,,10206,18584,5604,138,,,10,0,16,,,,,,,,,,,,,,,,,,,,,,,,,,,,,
5675,198172,3,MC,B,141,30-Mar-2020,20:44:30,-28.1630,168.3265,,401677814,-127,,0,30-Mar-2020,20:44:31,-28.1630,168.3265,,10161,18673,5528,138,,,10,0,16,,,,,,,,,,,,,,,,,,,,,,,,,,,,,
5675,198172,3,SR,B,142,02-Apr-2020,18:48:54,-28.6922,168.4264,,401677753,-127,,0,02-Apr-2020,18:46:58,-28.6922,168.4264,233,135878,,,,,,10,0,16,,,,,,,,,,,,,,,,,,,,,,,,,,,,,
5675,198172,3,SR,B,142,02-Apr-2020,18:48:54,-28.6922,168.4264,,401677753,-127,,0,02-Apr-2020,18:50:51,-28.6922,168.4264,233,135878,,,,,,22,75,12,,,,,,,,,,,,,,,,,,,,,,,,,,,,,
5675,198172,3,NN,B,143,02-Apr-2020,20:02:00,-28.7328,168.3462,,401677766,-140,8,0,02-Apr-2020,20:02:00,-28.7328,168.3462,,103361,620465,17218,61,,,66,244,12,,,,,,,,,,,,,,,,,,,,,,,,,,,,,
5675,198172,3,NK,B,144,02-Apr-2020,20:02:00,-28.7481,168.3344,,401677773,-130,7,0,02-Apr-2020,20:02:00,-28.7481,168.3344,,64491,276222,15056,66,,,66,244,4,,,,,,,,,,,,,,,,,,,,,,,,,,,,,
5675,198172,3,MC,A,145,02-Apr-2020,21:13:17,-28.8017,168.2666,,401677745,-117,8,0,02-Apr-2020,21:12:43,-28.8017,168.2666,191,4877,69655,341,92,,,88,11,16,,,,,,,,,,,,,,,,,,,,,,,,,,,,,
5675,198172,3,MC,A,145,02-Apr-2020,21:13:17,-28.8017,168.2666,,401677745,-117,8,0,02-Apr-2020,21:13:52,-28.8017,168.2666,191,4877,69655,341,92,,,98,136,0,,,,,,,,,,,,,,,,,,,,,,,,,,,,,
5675,198172,3,MC,A,145,02-Apr-2020,21:13:17,-28.8017,168.2666,,401677745,-117,8,0,02-Apr-2020,21:15:54,-28.8017,168.2666,191,4877,69655,341,92,,,10,0,16,,,,,,,,,,,,,,,,,,,,,,,,,,,,,
5675,198172,3,NP,A,146,06-Apr-2020,17:28:36,-28.8921,168.2634,,401650000,-128,,0,06-Apr-2020,17:26:24,-28.8921,168.2634,328,1539,36681,64,109,,,73,243,4,,,,,,,,,,,,,,,,,,,,,,,,,,,,,
5675,198172,3,NP,A,146,06-Apr-2020,17:28:36,-28.8921,168.2634,,401650000,-128,,0,06-Apr-2020,17:27:32,-28.8921,168.2634,328,1539,36681,64,109,,,115,7,6,,,,,,,,,,,,,,,,,,,,,,,,,,,,,
5675,198172,3,NP,A,146,06-Apr-2020,17:28:36,-28.8921,168.2634,,401650000,-128,,0,06-Apr-2020,17:31:52,-28.8921,168.2634,328,1539,36681,64,109,,,22,75,24,,,,,,,,,,,,,,,,,,,,,,,,,,,,,
5675,198172,3,SR,B,147,06-Apr-2020,18:24:49,-28.9038,168.2349,,401650000,-133,8,0,06-Apr-2020,18:24:50,-28.9038,168.2349,,3440,4722,2505,103,,,83,115,16,,,,,,,,,,,,,,,,,,,,,,,,,,,,,
5675,198172,23,NP,1,148,06-Apr-2020,19:07:16,-28.8296,168.2828,,401677738,-136,48,0,06-Apr-2020,19:07:09,-28.8296,168.2828,478,1097,2656,453,58,,,91,144,131,220,232,140,96,178,3,76,126,151,87,227,203,4,84,247,217,14,229,129,131,,,,,,,,,
5675,198172,3,NP,1,148,06-Apr-2020,19:07:16,-28.8296,168.2828,,401677738,-136,48,0,06-Apr-2020,19:07:24,-28.8296,168.2828,478,1097,2656,453,58,,,242,64,193,,,,,,,,,,,,,,,,,,,,,,,,,,,,,
5675,198172,3,NP,1,148,06-Apr-2020,19:07:16,-28.8296,168.2828,,401677738,-136,48,0,06-Apr-2020,19:08:46,-28.8296,168.2828,478,1097,2656,453,58,,,22,74,24,,,,,,,,,,,,,,,,,,,,,,,,,,,,,
5675,198172,3,NP,1,148,06-Apr-2020,19:07:16,-28.8296,168.2828,,401677738,-136,48,0,06-Apr-2020,19:10:21,-28.8296,168.2828,478,1097,2656,453,58,,,83,178,16,,,,,,,,,,,,,,,,,,,,,,,,,,,,,
5675,198172,3,NP,1,148,06-Apr-2020,19:07:16,-28.8296,168.2828,,401677738,-136,48,0,06-Apr-2020,19:12:56,-28.8296,168.2828,478,1097,2656,453,58,,,98,136,34,,,,,,,,,,,,,,,,,,,,,,,,,,,,,
5675,198172,3,NP,1,148,06-Apr-2020,19:07:16,-28.8296,168.2828,,401677738,-136,48,0,06-Apr-2020,19:14:24,-28.8296,168.2828,478,1097,2656,453,58,,,10,0,16,,,,,,,,,,,,,,,,,,,,,,,,,,,,,
5675,198172,3,NP,1,148,06-Apr-2020,19:07:16,-28.8296,168.2828,,401677738,-136,48,0,06-Apr-2020,19:15:07,-28.8296,168.2828,478,1097,2656,453,58,,,22,68,138,,,,,,,,,,,,,,,,,,,,,,,,,,,,,
5675,198172,3,MA,B,149,06-Apr-2020,19:28:29,-28.8293,168.2830,,401677735,-130,6,0,06-Apr-2020,19:28:01,-28.8293,168.2830,57,4417,5295,3683,52,,,66,244,4,,,,,,,,,,,,,,,,,,,,,,,,,,,,,
5675,198172,3,MA,B,149,06-Apr-2020,19:28:29,-28.8293,168.2830,,401677735,-130,6,0,06-Apr-2020,19:28:58,-28.8293,168.2830,57,4417,5295,3683,52,,,95,193,24,,,,,,,,,,,,,,,,,,,,,,,,,,,,,
5675,198172,3,SR,A,150,06-Apr-2020,20:00:42,-28.8048,168.2868,,401677741,-125,8,0,06-Apr-2020,19:58:24,-28.8048,168.2868,301,235,668,82,46,,,76,242,4,,,,,,,,,,,,,,,,,,,,,,,,,,,,,
5675,198172,3,SR,A,150,06-Apr-2020,20:00:42,-28.8048,168.2868,,401677741,-125,8,0,06-Apr-2020,20:00:42,-28.8048,168.2868,301,235,668,82,46,,,93,235,16,,,,,,,,,,,,,,,,,,,,,,,,,,,,,
5675,198172,3,SR,A,150,06-Apr-2020,20:00:42,-28.8048,168.2868,,401677741,-125,8,0,06-Apr-2020,20:03:25,-28.8048,168.2868,301,235,668,82,46,,,90,240,16,,,,,,,,,,,,,,,,,,,,,,,,,,,,,
5675,198172,3,NK,2,151,06-Apr-2020,20:00:56,-28.8003,168.2920,,401677739,-127,56,0,06-Apr-2020,19:58:24,-28.8003,168.2920,301,357,573,222,84,,,76,242,4,,,,,,,,,,,,,,,,,,,,,,,,,,,,,
5675,198172,3,NK,2,151,06-Apr-2020,20:00:56,-28.8003,168.2920,,401677739,-127,56,0,06-Apr-2020,20:00:42,-28.8003,168.2920,301,357,573,222,84,,,93,235,16,,,,,,,,,,,,,,,,,,,,,,,,,,,,,
5675,198172,3,NK,2,151,06-Apr-2020,20:00:56,-28.8003,168.2920,,401677739,-127,56,0,06-Apr-2020,20:01:13,-28.8003,168.2920,301,357,573,222,84,,,98,136,1,,,,,,,,,,,,,,,,,,,,,,,,,,,,,
5675,198172,3,NK,2,151,06-Apr-2020,20:00:56,-28.8003,168.2920,,401677739,-127,56,0,06-Apr-2020,20:03:25,-28.8003,168.2920,301,357,573,222,84,,,90,240,16,,,,,,,,,,,,,,,,,,,,,,,,,,,,,
5675,198172,3,MB,B,152,06-Apr-2020,20:40:15,-28.7898,168.2841,,401677741,-134,8,0,06-Apr-2020,20:40:15,-28.7898,168.2841,,878,1038,741,82,,,94,42,49,,,,,,,,,,,,,,,,,,,,,,,,,,,,,
5675,198172,3,MA,B,153,06-Apr-2020,21:09:54,-28.7815,168.2847,,401677731,-121,6,0,06-Apr-2020,21:09:54,-28.7815,168.2847,,1412,1766,1128,170,,,10,0,16,,,,,,,,,,,,,,,,,,,,,,,,,,,,,
5675,198172,3,MA,B,154,06-Apr-2020,22:45:53,-28.7443,168.2801,,401677726,-128,8,0,06-Apr-2020,22:45:54,-28.7443,168.2801,,4732,5468,4095,159,,,22,75,24,,,,,,,,,,,,,,,,,,,,,,,,,,,,,
5675,198172,3,NP,B,155,07-Apr-2020,05:57:51,-28.4777,168.2720,,401677760,-132,8,0,07-Apr-2020,05:57:52,-28.4777,168.2720,,3007,5355,1688,113,,,75,249,4,,,,,,,,,,,,,,,,,,,,,,,,,,,,,
5675,198172,3,NN,B,156,07-Apr-2020,11:02:56,-28.2694,168.3555,,401677689,-133,8,0,07-Apr-2020,11:02:56,-28.2694,168.3555,,5981,15650,2285,151,,,103,137,0,,,,,,,,,,,,,,,,,,,,,,,,,,,,,
5675,198172,3,SR,B,157,07-Apr-2020,17:47:37,-28.1448,168.3702,,401677700,-137,8,0,07-Apr-2020,17:47:37,-28.1448,168.3702,,4885,10741,2221,127,,,78,248,4,,,,,,,,,,,,,,,,,,,,,,,,,,,,,
5675,198172,3,NP,0,158,07-Apr-2020,18:59:00,-28.2314,168.4886,,401677747,-126,56,0,07-Apr-2020,18:55:41,-28.2314,168.4886,218,2528,24883,256,101,,,68,234,4,,,,,,,,,,,,,,,,,,,,,,,,,,,,,
5675,198172,3,NP,0,158,07-Apr-2020,18:59:00,-28.2314,168.4886,,401677747,-126,56,0,07-Apr-2020,18:56:07,-28.2314,168.4886,218,2528,24883,256,101,,,84,182,17,,,,,,,,,,,,,,,,,,,,,,,,,,,,,
5675,198172,3,NP,0,158,07-Apr-2020,18:59:00,-28.2314,168.4886,,401677747,-126,56,0,07-Apr-2020,18:56:22,-28.2314,168.4886,218,2528,24883,256,101,,,98,136,0,,,,,,,,,,,,,,,,,,,,,,,,,,,,,
5675,198172,3,NP,0,158,07-Apr-2020,18:59:00,-28.2314,168.4886,,401677747,-126,56,0,07-Apr-2020,18:57:38,-28.2314,168.4886,218,2528,24883,256,101,,,76,242,4,,,,,,,,,,,,,,,,,,,,,,,,,,,,,
5675,198172,3,NP,0,158,07-Apr-2020,18:59:00,-28.2314,168.4886,,401677747,-126,56,0,07-Apr-2020,18:58:15,-28.2314,168.4886,218,2528,24883,256,101,,,93,187,17,,,,,,,,,,,,,,,,,,,,,,,,,,,,,
5675,198172,3,NP,0,158,07-Apr-2020,18:59:00,-28.2314,168.4886,,401677747,-126,56,0,07-Apr-2020,18:58:44,-28.2314,168.4886,218,2528,24883,256,101,,,97,135,0,,,,,,,,,,,,,,,,,,,,,,,,,,,,,
5675,198172,3,NP,0,158,07-Apr-2020,18:59:00,-28.2314,168.4886,,401677747,-126,56,1,07-Apr-2020,18:58:59,-28.2314,168.4886,218,2528,24883,256,101,,,10,0,16,,,,,,,,,,,,,,,,,,,,,,,,,,,,,
5675,198172,3,NP,0,158,07-Apr-2020,18:59:00,-28.2314,168.4886,,401677747,-126,56,1,07-Apr-2020,18:59:19,-28.2314,168.4886,218,2528,24883,256,101,,,22,75,24,,,,,,,,,,,,,,,,,,,,,,,,,,,,,
5675,198172,3,SR,1,159,07-Apr-2020,19:30:00,-28.2155,168.4712,,401677738,-126,58,0,07-Apr-2020,19:29:40,-28.2155,168.4712,279,1056,12107,92,89,,,66,244,4,,,,,,,,,,,,,,,,,,,,,,,,,,,,,
5675,198172,3,SR,1,159,07-Apr-2020,19:30:00,-28.2155,168.4712,,401677738,-126,58,0,07-Apr-2020,19:30:01,-28.2155,168.4712,279,1056,12107,92,89,,,94,203,17,,,,,,,,,,,,,,,,,,,,,,,,,,,,,
5675,198172,3,SR,1,159,07-Apr-2020,19:30:00,-28.2155,168.4712,,401677738,-126,58,0,07-Apr-2020,19:30:31,-28.2155,168.4712,279,1056,12107,92,89,,,98,136,0,,,,,,,,,,,,,,,,,,,,,,,,,,,,,
5675,198172,3,SR,1,159,07-Apr-2020,19:30:00,-28.2155,168.4712,,401677738,-126,58,0,07-Apr-2020,19:32:35,-28.2155,168.4712,279,1056,12107,92,89,,,75,249,4,,,,,,,,,,,,,,,,,,,,,,,,,,,,,
5675,198172,3,SR,1,159,07-Apr-2020,19:30:00,-28.2155,168.4712,,401677738,-126,58,0,07-Apr-2020,19:32:59,-28.2155,168.4712,279,1056,12107,92,89,,,89,208,17,,,,,,,,,,,,,,,,,,,,,,,,,,,,,
5675,198172,3,SR,1,159,07-Apr-2020,19:30:00,-28.2155,168.4712,,401677738,-126,58,0,07-Apr-2020,19:33:22,-28.2155,168.4712,279,1056,12107,92,89,,,100,134,0,,,,,,,,,,,,,,,,,,,,,,,,,,,,,
5675,198172,3,SR,1,159,07-Apr-2020,19:30:00,-28.2155,168.4712,,401677738,-126,58,1,07-Apr-2020,19:34:04,-28.2155,168.4712,279,1056,12107,92,89,,,22,75,24,,,,,,,,,,,,,,,,,,,,,,,,,,,,,
5675,198172,3,SR,1,159,07-Apr-2020,19:30:00,-28.2155,168.4712,,401677738,-126,58,0,07-Apr-2020,19:34:19,-28.2155,168.4712,279,1056,12107,92,89,,,81,251,4,,,,,,,,,,,,,,,,,,,,,,,,,,,,,
5675,198172,3,NK,1,160,07-Apr-2020,19:32:04,-28.2194,168.4604,,401677745,-128,56,0,07-Apr-2020,19:29:40,-28.2194,168.4604,279,785,13982,44,101,,,66,244,4,,,,,,,,,,,,,,,,,,,,,,,,,,,,,
5675,198172,3,NK,1,160,07-Apr-2020,19:32:04,-28.2194,168.4604,,401677745,-128,56,0,07-Apr-2020,19:30:01,-28.2194,168.4604,279,785,13982,44,101,,,94,203,17,,,,,,,,,,,,,,,,,,,,,,,,,,,,,
5675,198172,3,NK,1,160,07-Apr-2020,19:32:04,-28.2194,168.4604,,401677745,-128,56,0,07-Apr-2020,19:30:31,-28.2194,168.4604,279,785,13982,44,101,,,98,136,0,,,,,,,,,,,,,,,,,,,,,,,,,,,,,
5675,198172,3,NK,1,160,07-Apr-2020,19:32:04,-28.2194,168.4604,,401677745,-128,56,0,07-Apr-2020,19:31:00,-28.2194,168.4604,279,785,13982,44,101,,,134,30,160,,,,,,,,,,,,,,,,,,,,,,,,,,,,,
5675,198172,3,NK,1,160,07-Apr-2020,19:32:04,-28.2194,168.4604,,401677745,-128,56,0,07-Apr-2020,19:32:35,-28.2194,168.4604,279,785,13982,44,101,,,75,249,4,,,,,,,,,,,,,,,,,,,,,,,,,,,,,
5675,198172,3,NK,1,160,07-Apr-2020,19:32:04,-28.2194,168.4604,,401677745,-128,56,0,07-Apr-2020,19:32:59,-28.2194,168.4604,279,785,13982,44,101,,,89,208,17,,,,,,,,,,,,,,,,,,,,,,,,,,,,,
5675,198172,3,NK,1,160,07-Apr-2020,19:32:04,-28.2194,168.4604,,401677745,-128,56,0,07-Apr-2020,19:33:22,-28.2194,168.4604,279,785,13982,44,101,,,100,134,0,,,,,,,,,,,,,,,,,,,,,,,,,,,,,
5675,198172,3,NK,1,160,07-Apr-2020,19:32:04,-28.2194,168.4604,,401677745,-128,56,1,07-Apr-2020,19:34:04,-28.2194,168.4604,279,785,13982,44,101,,,22,75,24,,,,,,,,,,,,,,,,,,,,,,,,,,,,,
5675,198172,3,NK,1,160,07-Apr-2020,19:32:04,-28.2194,168.4604,,401677745,-128,56,0,07-Apr-2020,19:34:19,-28.2194,168.4604,279,785,13982,44,101,,,65,251,4,,,,,,,,,,,,,,,,,,,,,,,,,,,,,
5675,198172,3,MA,0,161,07-Apr-2020,20:41:25,-28.1910,168.4746,,401677740,-127,58,0,07-Apr-2020,20:40:17,-28.1910,168.4746,160,2192,10481,458,75,,,64,244,4,,,,,,,,,,,,,,,,,,,,,,,,,,,,,
5675,198172,3,MA,0,161,07-Apr-2020,20:41:25,-28.1910,168.4746,,401677740,-127,58,0,07-Apr-2020,20:40:46,-28.1910,168.4746,160,2192,10481,458,75,,,88,229,17,,,,,,,,,,,,,,,,,,,,,,,,,,,,,
5675,198172,3,MA,0,161,07-Apr-2020,20:41:25,-28.1910,168.4746,,401677740,-127,58,0,07-Apr-2020,20:41:00,-28.1910,168.4746,160,2192,10481,458,75,,,98,136,0,,,,,,,,,,,,,,,,,,,,,,,,,,,,,
5675,198172,3,MA,0,161,07-Apr-2020,20:41:25,-28.1910,168.4746,,401677740,-127,58,0,07-Apr-2020,20:41:21,-28.1910,168.4746,160,2192,10481,458,75,,,10,0,16,,,,,,,,,,,,,,,,,,,,,,,,,,,,,
5675,198172,3,MA,0,161,07-Apr-2020,20:41:25,-28.1910,168.4746,,401677740,-127,58,0,07-Apr-2020,20:41:43,-28.1910,168.4746,160,2192,10481,458,75,,,22,75,24,,,,,,,,,,,,,,,,,,,,,,,,,,,,,
5675,198172,3,MA,0,161,07-Apr-2020,20:41:25,-28.1910,168.4746,,401677740,-127,58,0,07-Apr-2020,20:41:58,-28.1910,168.4746,160,2192,10481,458,75,,,77,247,4,,,,,,,,,,,,,,,,,,,,,,,,,,,,,
5675,198172,3,MA,0,161,07-Apr-2020,20:41:25,-28.1910,168.4746,,401677740,-127,58,0,07-Apr-2020,20:42:57,-28.1910,168.4746,160,2192,10481,458,75,,,91,234,17,,,,,,,,,,,,,,,,,,,,,,,,,,,,,
5675,198172,3,NN,1,162,07-Apr-2020,20:41:44,-28.2083,168.4292,,401677741,-135,56,0,07-Apr-2020,20:40:46,-28.2083,168.4292,131,933,4453,195,85,,,88,229,17,,,,,,,,,,,,,,,,,,,,,,,,,,,,,
5675,198172,3,NN,1,162,07-Apr-2020,20:41:44,-28.2083,168.4292,,401677741,-135,56,0,07-Apr-2020,20:41:21,-28.2083,168.4292,131,933,4453,195,85,,,10,0,16,,,,,,,,,,,,,,,,,,,,,,,,,,,,,
5675,198172,3,NN,1,162,07-Apr-2020,20:41:44,-28.2083,168.4292,,401677741,-135,56,0,07-Apr-2020,20:41:43,-28.2083,168.4292,131,933,4453,195,85,,,22,75,24,,,,,,,,,,,,,,,,,,,,,,,,,,,,,
5675,198172,3,NN,1,162,07-Apr-2020,20:41:44,-28.2083,168.4292,,401677741,-135,56,0,07-Apr-2020,20:41:58,-28.2083,168.4292,131,933,4453,195,85,,,77,215,6,,,,,,,,,,,,,,,,,,,,,,,,,,,,,
5675,198172,3,NN,1,162,07-Apr-2020,20:41:44,-28.2083,168.4292,,401677741,-135,56,0,07-Apr-2020,20:42:57,-28.2083,168.4292,131,933,4453,195,85,,,91,234,17,,,,,,,,,,,,,,,,,,,,,,,,,,,,,
5675,198172,23,MC,B,163,07-Apr-2020,22:58:28,-28.1841,168.4542,,401677754,-131,8,0,07-Apr-2020,22:58:29,-28.1841,168.4542,,2034,2665,1552,81,,,77,208,131,220,232,140,96,178,3,219,180,144,22,51,247,98,245,177,158,14,48,116,48,,,,,,,,,
5675,198172,3,NP,A,164,08-Apr-2020,05:51:52,-28.2659,168.2308,,401677741,-132,8,0,08-Apr-2020,05:49:55,-28.2659,168.2308,281,1246,7398,209,91,,,10,0,16,,,,,,,,,,,,,,,,,,,,,,,,,,,,,
5675,198172,3,NP,A,164,08-Apr-2020,05:51:52,-28.2659,168.2308,,401677741,-132,8,0,08-Apr-2020,05:51:06,-28.2659,168.2308,281,1246,7398,209,91,,,22,75,24,,,,,,,,,,,,,,,,,,,,,,,,,,,,,
5675,198172,3,NP,A,164,08-Apr-2020,05:51:52,-28.2659,168.2308,,401677741,-132,8,0,08-Apr-2020,05:54:36,-28.2659,168.2308,281,1246,7398,209,91,,,64,254,4,,,,,,,,,,,,,,,,,,,,,,,,,,,,,
5675,198172,3,SR,2,165,08-Apr-2020,06:38:45,-28.2541,168.2072,,401677740,-122,58,0,08-Apr-2020,06:33:08,-28.2541,168.2072,574,336,1290,87,92,,,22,79,27,,,,,,,,,,,,,,,,,,,,,,,,,,,,,
5675,198172,3,SR,2,165,08-Apr-2020,06:38:45,-28.2541,168.2072,,401677740,-122,58,0,08-Apr-2020,06:36:02,-28.2541,168.2072,574,336,1290,87,92,,,81,56,18,,,,,,,,,,,,,,,,,,,,,,,,,,,,,
5675,198172,23,SR,2,165,08-Apr-2020,06:38:45,-28.2541,168.2072,,401677740,-122,58,0,08-Apr-2020,06:39:07,-28.2541,168.2072,574,336,1290,87,92,,,88,208,131,220,232,140,97,112,248,238,52,118,21,49,145,158,5,237,255,15,160,189,147,,,,,,,,,
5675,198172,3,SR,2,165,08-Apr-2020,06:38:45,-28.2541,168.2072,,401677740,-122,58,0,08-Apr-2020,06:39:58,-28.2541,168.2072,574,336,1290,87,92,,,69,255,4,,,,,,,,,,,,,,,,,,,,,,,,,,,,,
5675,198172,3,SR,2,165,08-Apr-2020,06:38:45,-28.2541,168.2072,,401677740,-122,58,0,08-Apr-2020,06:41:36,-28.2541,168.2072,574,336,1290,87,92,,,10,0,16,,,,,,,,,,,,,,,,,,,,,,,,,,,,,
5675,198172,3,SR,2,165,08-Apr-2020,06:38:45,-28.2541,168.2072,,401677740,-122,58,1,08-Apr-2020,06:42:42,-28.2541,168.2072,574,336,1290,87,92,,,22,75,24,,,,,,,,,,,,,,,,,,,,,,,,,,,,,
5675,198172,3,NP,1,166,08-Apr-2020,07:28:40,-28.2620,168.1612,,401677738,-122,58,0,08-Apr-2020,07:26:56,-28.2620,168.1612,183,839,3153,223,95,,,22,75,97,,,,,,,,,,,,,,,,,,,,,,,,,,,,,
5675,198172,3,NP,1,166,08-Apr-2020,07:28:40,-28.2620,168.1612,,401677738,-122,58,0,08-Apr-2020,07:28:22,-28.2620,168.1612,183,839,3153,223,95,,,100,134,0,,,,,,,,,,,,,,,,,,,,,,,,,,,,,
5675,198172,3,NP,1,166,08-Apr-2020,07:28:40,-28.2620,168.1612,,401677738,-122,58,0,08-Apr-2020,07:28:41,-28.2620,168.1612,183,839,3153,223,95,,,10,0,16,,,,,,,,,,,,,,,,,,,,,,,,,,,,,
5675,198172,3,NP,1,166,08-Apr-2020,07:28:40,-28.2620,168.1612,,401677738,-122,58,0,08-Apr-2020,07:29:26,-28.2620,168.1612,183,839,3153,223,95,,,22,75,24,,,,,,,,,,,,,,,,,,,,,,,,,,,,,
5675,198172,3,NP,1,166,08-Apr-2020,07:28:40,-28.2620,168.1612,,401677738,-122,58,0,08-Apr-2020,07:29:59,-28.2620,168.1612,183,839,3153,223,95,,,65,251,4,,,,,,,,,,,,,,,,,,,,,,,,,,,,,
5675,198172,3,NN,B,167,08-Apr-2020,09:14:01,-28.2542,168.1190,,401677743,-137,8,0,08-Apr-2020,09:14:01,-28.2542,168.1190,,4291,5717,3220,92,,,98,136,0,,,,,,,,,,,,,,,,,,,,,,,,,,,,,
5675,198172,3,MA,B,168,08-Apr-2020,09:14:01,-28.2544,168.1161,,401677746,-125,8,0,08-Apr-2020,09:14:01,-28.2544,168.1161,,4414,5175,3764,76,,,98,136,0,,,,,,,,,,,,,,,,,,,,,,,,,,,,,
5675,198172,3,NP,1,169,08-Apr-2020,18:50:24,-28.4928,167.9874,,401677743,-126,48,0,08-Apr-2020,18:48:09,-28.4928,167.9874,250,815,966,687,3,,,76,242,4,,,,,,,,,,,,,,,,,,,,,,,,,,,,,
5675,198172,3,NP,1,169,08-Apr-2020,18:50:24,-28.4928,167.9874,,401677743,-126,48,1,08-Apr-2020,18:50:44,-28.4928,167.9874,250,815,966,687,3,,,10,0,16,,,,,,,,,,,,,,,,,,,,,,,,,,,,,
5675,198172,3,NP,1,169,08-Apr-2020,18:50:24,-28.4928,167.9874,,401677743,-126,48,0,08-Apr-2020,18:52:19,-28.4928,167.9874,250,815,966,687,3,,,71,245,4,,,,,,,,,,,,,,,,,,,,,,,,,,,,,
5675,198172,3,SR,A,170,08-Apr-2020,18:53:36,-28.4985,167.9892,,401677744,-123,6,0,08-Apr-2020,18:50:44,-28.4985,167.9892,422,768,5536,106,74,,,10,0,20,,,,,,,,,,,,,,,,,,,,,,,,,,,,,
5675,198172,3,SR,A,170,08-Apr-2020,18:53:36,-28.4985,167.9892,,401677744,-123,6,0,08-Apr-2020,18:52:19,-28.4985,167.9892,422,768,5536,106,74,,,71,245,4,,,,,,,,,,,,,,,,,,,,,,,,,,,,,
5675,198172,3,SR,A,170,08-Apr-2020,18:53:36,-28.4985,167.9892,,401677744,-123,6,0,08-Apr-2020,18:57:46,-28.4985,167.9892,422,768,5536,106,74,,,98,136,0,,,,,,,,,,,,,,,,,,,,,,,,,,,,,
5675,198172,3,NN,B,171,08-Apr-2020,20:39:30,-28.5077,167.9517,,401677742,-133,8,0,08-Apr-2020,20:39:31,-28.5077,167.9517,,1405,1579,1248,92,,,66,244,4,,,,,,,,,,,,,,,,,,,,,,,,,,,,,
5675,198172,3,NK,B,172,09-Apr-2020,18:45:56,-28.5035,167.9618,,401677743,-127,,0,09-Apr-2020,18:45:56,-28.5035,167.9618,,4086,10882,1533,114,,,94,202,18,,,,,,,,,,,,,,,,,,,,,,,,,,,,,
5675,198172,3,NP,B,173,10-Apr-2020,05:22:03,-28.5409,167.9353,,401677783,-137,8,0,10-Apr-2020,05:22:04,-28.5409,167.9353,,11206,70620,1778,117,,,22,75,24,,,,,,,,,,,,,,,,,,,,,,,,,,,,,
5675,198172,3,SR,B,174,10-Apr-2020,19:28:17,-28.5199,168.1819,,401677727,-139,,0,10-Apr-2020,19:28:18,-28.5199,168.1819,,9224,24946,3410,128,,,10,2,16,,,,,,,,,,,,,,,,,,,,,,,,,,,,,
5675,198172,3,MA,0,175,10-Apr-2020,19:41:33,-28.5425,168.4152,,401677755,-127,56,0,10-Apr-2020,19:40:42,-28.5425,168.4152,97,8354,72757,959,115,,,92,30,19,,,,,,,,,,,,,,,,,,,,,,,,,,,,,
5675,198172,3,MA,0,175,10-Apr-2020,19:41:33,-28.5425,168.4152,,401677755,-127,56,0,10-Apr-2020,19:41:18,-28.5425,168.4152,97,8354,72757,959,115,,,97,135,0,,,,,,,,,,,,,,,,,,,,,,,,,,,,,
5675,198172,3,MA,0,175,10-Apr-2020,19:41:33,-28.5425,168.4152,,401677755,-127,56,0,10-Apr-2020,19:41:54,-28.5425,168.4152,97,8354,72757,959,115,,,10,0,16,,,,,,,,,,,,,,,,,,,,,,,,,,,,,
5675,198172,3,MA,0,175,10-Apr-2020,19:41:33,-28.5425,168.4152,,401677755,-127,56,0,10-Apr-2020,19:42:19,-28.5425,168.4152,97,8354,72757,959,115,,,22,75,24,,,,,,,,,,,,,,,,,,,,,,,,,,,,,
5675,198172,3,NK,1,176,10-Apr-2020,19:57:53,-28.5653,168.4745,,401677758,-127,56,0,10-Apr-2020,19:57:07,-28.5653,168.4745,95,1223,12208,122,94,,,98,136,0,,,,,,,,,,,,,,,,,,,,,,,,,,,,,
5675,198172,3,NK,1,176,10-Apr-2020,19:57:53,-28.5653,168.4745,,401677758,-127,56,0,10-Apr-2020,19:57:44,-28.5653,168.4745,95,1223,12208,122,94,,,10,0,16,,,,,,,,,,,,,,,,,,,,,,,,,,,,,
5675,198172,3,NK,1,176,10-Apr-2020,19:57:53,-28.5653,168.4745,,401677758,-127,56,0,10-Apr-2020,19:58:00,-28.5653,168.4745,95,1223,12208,122,94,,,22,75,24,,,,,,,,,,,,,,,,,,,,,,,,,,,,,
5675,198172,3,NK,1,176,10-Apr-2020,19:57:53,-28.5653,168.4745,,401677758,-127,56,0,10-Apr-2020,19:58:42,-28.5653,168.4745,95,1223,12208,122,94,,,70,240,4,,,,,,,,,,,,,,,,,,,,,,,,,,,,,
5675,198172,3,MA,1,177,10-Apr-2020,21:24:05,-28.6029,168.4897,,401677740,-119,58,0,10-Apr-2020,21:23:58,-28.6029,168.4897,180,560,1929,162,110,,,97,135,0,,,,,,,,,,,,,,,,,,,,,,,,,,,,,
5675,198172,3,MA,1,177,10-Apr-2020,21:24:05,-28.6029,168.4897,,401677740,-119,58,0,10-Apr-2020,21:24:14,-28.6029,168.4897,180,560,1929,162,110,,,10,0,16,,,,,,,,,,,,,,,,,,,,,,,,,,,,,
5675,198172,3,MA,1,177,10-Apr-2020,21:24:05,-28.6029,168.4897,,401677740,-119,58,1,10-Apr-2020,21:26:58,-28.6029,168.4897,180,560,1929,162,110,,,22,75,24,,,,,,,,,,,,,,,,,,,,,,,,,,,,,
5675,198172,3,NN,A,178,10-Apr-2020,21:50:39,-28.6142,168.4845,,401677746,-129,6,0,10-Apr-2020,21:47:53,-28.6142,168.4845,197,554,4244,72,96,,,10,0,16,,,,,,,,,,,,,,,,,,,,,,,,,,,,,
5675,198172,3,NN,A,178,10-Apr-2020,21:50:39,-28.6142,168.4845,,401677746,-129,6,0,10-Apr-2020,21:50:09,-28.6142,168.4845,197,554,4244,72,96,,,70,240,4,,,,,,,,,,,,,,,,,,,,,,,,,,,,,
5675,198172,3,NN,A,178,10-Apr-2020,21:50:39,-28.6142,168.4845,,401677746,-129,6,0,10-Apr-2020,21:51:10,-28.6142,168.4845,197,554,4244,72,96,,,83,71,19,,,,,,,,,,,,,,,,,,,,,,,,,,,,,
5675,198172,3,MC,A,179,10-Apr-2020,21:49:44,-28.6146,168.4967,,401677747,-119,6,0,10-Apr-2020,21:47:53,-28.6146,168.4967,197,1689,17578,162,98,,,10,0,16,,,,,,,,,,,,,,,,,,,,,,,,,,,,,
5675,198172,3,MC,A,179,10-Apr-2020,21:49:44,-28.6146,168.4967,,401677747,-119,6,0,10-Apr-2020,21:50:09,-28.6146,168.4967,197,1689,17578,162,98,,,70,240,4,,,,,,,,,,,,,,,,,,,,,,,,,,,,,
5675,198172,3,MC,A,179,10-Apr-2020,21:49:44,-28.6146,168.4967,,401677747,-119,6,0,10-Apr-2020,21:51:10,-28.6146,168.4967,197,1689,17578,162,98,,,82,71,19,,,,,,,,,,,,,,,,,,,,,,,,,,,,,
5675,198172,3,MC,B,180,10-Apr-2020,23:32:08,-28.6364,168.4827,,401677758,-131,8,0,10-Apr-2020,23:32:09,-28.6364,168.4827,,1356,1730,1063,93,,,10,0,0,,,,,,,,,,,,,,,,,,,,,,,,,,,,,
5675,198172,3,NK,B,181,11-Apr-2020,06:36:39,-28.6813,168.4526,,401677722,-137,8,0,11-Apr-2020,06:36:39,-28.6813,168.4526,,2869,3959,2078,110,,,22,75,24,,,,,,,,,,,,,,,,,,,,,,,,,,,,,
5675,198172,3,NP,B,182,11-Apr-2020,16:35:13,-28.9008,168.4241,,401677747,-132,8,0,11-Apr-2020,16:35:13,-28.9008,168.4241,,3953,9093,1718,121,,,98,170,0,,,,,,,,,,,,,,,,,,,,,,,,,,,,,
5675,198172,3,NK,A,183,11-Apr-2020,17:55:47,-29.1196,168.7020,,401677727,-133,8,0,11-Apr-2020,17:53:48,-29.1196,168.7020,302,8246,46194,1472,53,,,91,139,19,,,,,,,,,,,,,,,,,,,,,,,,,,,,,
5675,198172,3,NK,A,183,11-Apr-2020,17:55:47,-29.1196,168.7020,,401677727,-133,8,0,11-Apr-2020,17:54:44,-29.1196,168.7020,302,8246,46194,1472,53,,,98,136,0,,,,,,,,,,,,,,,,,,,,,,,,,,,,,
5675,198172,3,NK,A,183,11-Apr-2020,17:55:47,-29.1196,168.7020,,401677727,-133,8,0,11-Apr-2020,17:58:50,-29.1196,168.7020,302,8246,46194,1472,53,,,10,0,16,,,,,,,,,,,,,,,,,,,,,,,,,,,,,
5675,198172,3,SR,A,184,12-Apr-2020,06:15:03,-29.0956,168.5686,,401677739,-121,,0,12-Apr-2020,06:12:12,-29.0956,168.5686,366,1808,7829,417,105,,,80,227,19,,,,,,,,,,,,,,,,,,,,,,,,,,,,,
5675,198172,3,SR,A,184,12-Apr-2020,06:15:03,-29.0956,168.5686,,401677739,-121,,0,12-Apr-2020,06:14:41,-29.0956,168.5686,366,1808,7829,417,105,,,10,0,16,,,,,,,,,,,,,,,,,,,,,,,,,,,,,
5675,198172,3,SR,A,184,12-Apr-2020,06:15:03,-29.0956,168.5686,,401677739,-121,,0,12-Apr-2020,06:18:18,-29.0956,168.5686,366,1808,7829,417,105,,,100,134,0,,,,,,,,,,,,,,,,,,,,,,,,,,,,,
5675,198172,3,NP,B,185,12-Apr-2020,06:41:01,-29.0958,168.5688,,401677742,-124,6,0,12-Apr-2020,06:40:16,-29.0958,168.5688,92,5426,45399,648,80,,,89,238,19,,,,,,,,,,,,,,,,,,,,,,,,,,,,,
5675,198172,3,NP,B,185,12-Apr-2020,06:41:01,-29.0958,168.5688,,401677742,-124,6,0,12-Apr-2020,06:41:48,-29.0958,168.5688,92,5426,45399,648,80,,,11,55,86,,,,,,,,,,,,,,,,,,,,,,,,,,,,,
5675,198172,3,NK,B,186,12-Apr-2020,19:11:02,-29.6191,169.0371,,401677733,-121,,0,12-Apr-2020,19:11:03,-29.6191,169.0371,,25054,58500,10730,121,,,91,8,20,,,,,,,,,,,,,,,,,,,,,,,,,,,,,
5675,198172,3,SR,A,187,16-Apr-2020,07:26:29,-29.3744,168.1515,,401677828,-129,,0,16-Apr-2020,07:26:19,-29.3744,168.1515,121,4035,50901,319,58,,,10,0,16,,,,,,,,,,,,,,,,,,,,,,,,,,,,,
5675,198172,3,SR,A,187,16-Apr-2020,07:26:29,-29.3744,168.1515,,401677828,-129,,0,16-Apr-2020,07:26:40,-29.3744,168.1515,121,4035,50901,319,58,,,22,75,24,,,,,,,,,,,,,,,,,,,,,,,,,,,,,
5675,198172,3,SR,A,187,16-Apr-2020,07:26:29,-29.3744,168.1515,,401677828,-129,,0,16-Apr-2020,07:28:20,-29.3744,168.1515,121,4035,50901,319,58,,,73,243,4,,,,,,,,,,,,,,,,,,,,,,,,,,,,,
5675,198172,23,NP,B,188,16-Apr-2020,07:38:07,-29.4270,168.0739,,401677718,-127,6,0,16-Apr-2020,07:37:54,-29.4270,168.0739,28,2260,8132,628,59,,,83,144,131,220,232,140,96,178,8,30,109,21,212,40,47,18,1,76,31,207,32,144,128,,,,,,,,,
5675,198172,3,NP,B,188,16-Apr-2020,07:38:07,-29.4270,168.0739,,401677718,-127,6,0,16-Apr-2020,07:38:22,-29.4270,168.0739,28,2260,8132,628,59,,,91,24,20,,,,,,,,,,,,,,,,,,,,,,,,,,,,,
5675,198172,3,NK,B,189,16-Apr-2020,07:58:24,-29.4336,168.0643,,401677753,-128,6,0,16-Apr-2020,07:58:25,-29.4336,168.0643,,2173,3864,1222,62,,,10,0,16,,,,,,,,,,,,,,,,,,,,,,,,,,,,,
5675,198172,3,NP,B,190,17-Apr-2020,17:02:57,-29.3357,167.9138,,401650000,-130,,0,17-Apr-2020,17:01:08,-29.3357,167.9138,109,2814,43878,180,120,,,76,242,4,,,,,,,,,,,,,,,,,,,,,,,,,,,,,
5675,198172,3,NP,B,190,17-Apr-2020,17:02:57,-29.3357,167.9138,,401650000,-130,,0,17-Apr-2020,17:02:57,-29.3357,167.9138,109,2814,43878,180,120,,,94,70,20,,,,,,,,,,,,,,,,,,,,,,,,,,,,,
5675,198172,3,SR,B,191,17-Apr-2020,17:35:40,-29.2915,167.8320,,401677770,-130,5,0,17-Apr-2020,17:35:40,-29.2915,167.8320,,7662,24987,2349,115,,,97,135,0,,,,,,,,,,,,,,,,,,,,,,,,,,,,,
5675,198172,3,NK, ,192,19-Apr-2020,17:53:52,,,,401650000,-135,,0,19-Apr-2020,17:53:52,,,,,,,,,,177,225,37,,,,,,,,,,,,,,,,,,,,,,,,,,,,,
5675,198172,3,MB, ,193,20-Apr-2020,11:15:39,,,,401650000,-134,,0,20-Apr-2020,11:15:39,,,,,,,,,,94,86,20,,,,,,,,,,,,,,,,,,,,,,,,,,,,,
5675,198172,3,MC, ,194,20-Apr-2020,12:06:02,,,,401650000,-130,,0,20-Apr-2020,12:06:02,,,,,,,,,,22,75,24,,,,,,,,,,,,,,,,,,,,,,,,,,,,,
5675,198172,3,SR, ,195,20-Apr-2020,17:44:18,,,,401650000,-135,,0,20-Apr-2020,17:44:18,,,,,,,,,,10,0,16,,,,,,,,,,,,,,,,,,,,,,,,,,,,,
5675,198172,3,NP, ,196,20-Apr-2020,18:11:51,,,,401650000,-131,,0,20-Apr-2020,18:11:51,,,,,,,,,,98,136,0,,,,,,,,,,,,,,,,,,,,,,,,,,,,,
5675,198172,3,NK,A,197,20-Apr-2020,19:05:27,-29.2874,168.5650,,401677742,-135,,0,20-Apr-2020,19:01:30,-29.2874,168.5650,690,18075,365652,893,178,,,70,240,4,,,,,,,,,,,,,,,,,,,,,,,,,,,,,
5675,198172,3,NK,A,197,20-Apr-2020,19:05:27,-29.2874,168.5650,,401677742,-135,,0,20-Apr-2020,19:01:54,-29.2874,168.5650,690,18075,365652,893,178,,,85,128,20,,,,,,,,,,,,,,,,,,,,,,,,,,,,,
5675,198172,3,NK,A,197,20-Apr-2020,19:05:27,-29.2874,168.5650,,401677742,-135,,0,20-Apr-2020,19:13:00,-29.2874,168.5650,690,18075,365652,893,178,,,10,0,16,,,,,,,,,,,,,,,,,,,,,,,,,,,,,
5675,198172,3,MB,B,198,20-Apr-2020,22:31:43,-29.1478,168.5184,,401677712,-133,8,0,20-Apr-2020,22:31:43,-29.1478,168.5184,,15504,22636,10618,131,,,84,133,20,,,,,,,,,,,,,,,,,,,,,,,,,,,,,
5675,198172,3,SR,0,199,21-Apr-2020,04:50:18,-29.0228,168.8118,,401677779,-131,58,0,21-Apr-2020,04:49:42,-29.0228,168.8118,97,9973,109556,907,116,,,22,203,24,,,,,,,,,,,,,,,,,,,,,,,,,,,,,
5675,198172,3,SR,0,199,21-Apr-2020,04:50:18,-29.0228,168.8118,,401677779,-131,58,0,21-Apr-2020,04:49:59,-29.0228,168.8118,97,9973,109556,907,116,,,74,2,5,,,,,,,,,,,,,,,,,,,,,,,,,,,,,
5675,198172,3,SR,0,199,21-Apr-2020,04:50:18,-29.0228,168.8118,,401677779,-131,58,0,21-Apr-2020,04:50:13,-29.0228,168.8118,97,9973,109556,907,116,,,91,23,21,,,,,,,,,,,,,,,,,,,,,,,,,,,,,
5675,198172,3,SR,0,199,21-Apr-2020,04:50:18,-29.0228,168.8118,,401677779,-131,58,0,21-Apr-2020,04:50:27,-29.0228,168.8118,97,9973,109556,907,116,,,97,135,0,,,,,,,,,,,,,,,,,,,,,,,,,,,,,
5675,198172,3,SR,0,199,21-Apr-2020,04:50:18,-29.0228,168.8118,,401677779,-131,58,1,21-Apr-2020,04:51:05,-29.0228,168.8118,97,9973,109556,907,116,,,10,0,16,,,,,,,,,,,,,,,,,,,,,,,,,,,,,
5675,198172,3,SR,0,199,21-Apr-2020,04:50:18,-29.0228,168.8118,,401677779,-131,58,0,21-Apr-2020,04:51:19,-29.0228,168.8118,97,9973,109556,907,116,,,22,75,24,,,,,,,,,,,,,,,,,,,,,,,,,,,,,
5675,198172,3,SR,B,200,21-Apr-2020,06:35:55,-28.9946,168.8132,,401677789,-130,8,0,21-Apr-2020,06:35:56,-28.9946,168.8132,,11403,34183,3803,116,,,103,137,0,,,,,,,,,,,,,,,,,,,,,,,,,,,,,
5675,198172,3,NP,B,201,21-Apr-2020,06:35:55,-29.0549,168.8735,,401677744,-126,,0,21-Apr-2020,06:35:56,-29.0549,168.8735,,8506,20932,3456,106,,,103,137,0,,,,,,,,,,,,,,,,,,,,,,,,,,,,,
5675,198172,3,NP, ,202,23-Apr-2020,17:29:01,,,,401650000,-138,,0,23-Apr-2020,17:29:01,,,,,,,,,,71,185,92,,,,,,,,,,,,,,,,,,,,,,,,,,,,,
5675,198172,3,MA, ,203,24-Apr-2020,21:38:56,,,,401650000,-125,,0,24-Apr-2020,21:38:56,,,,,,,,,,91,153,21,,,,,,,,,,,,,,,,,,,,,,,,,,,,,
5675,198172,3,NK, ,204,26-Apr-2020,08:41:20,,,,401650000,-125,,0,26-Apr-2020,08:41:20,,,,,,,,,,22,75,24,,,,,,,,,,,,,,,,,,,,,,,,,,,,,
5675,198172,3,NN, ,205,26-Apr-2020,09:00:12,,,,401650000,-137,,0,26-Apr-2020,09:00:12,,,,,,,,,,65,235,4,,,,,,,,,,,,,,,,,,,,,,,,,,,,,
5675,198172,3,SR, ,206,26-Apr-2020,19:34:22,,,,401650000,-122,,0,26-Apr-2020,19:34:22,,,,,,,,,,74,236,4,,,,,,,,,,,,,,,,,,,,,,,,,,,,,
5675,198172,3,NK,B,207,26-Apr-2020,19:59:06,-28.9967,168.5423,,401677694,-128,,0,26-Apr-2020,19:57:27,-28.9967,168.5423,199,5016,583835,43,103,,,22,75,24,,,,,,,,,,,,,,,,,,,,,,,,,,,,,
5675,198172,3,NK,B,207,26-Apr-2020,19:59:06,-28.9967,168.5423,,401677694,-128,,0,26-Apr-2020,20:00:46,-28.9967,168.5423,199,5016,583835,43,103,,,74,236,4,,,,,,,,,,,,,,,,,,,,,,,,,,,,,
5675,198172,3,NP, ,208,30-Apr-2020,06:33:37,,,,401650000,-125,,0,30-Apr-2020,06:33:37,,,,,,,,,,89,252,21,,,,,,,,,,,,,,,,,,,,,,,,,,,,,
5675,198172,3,NP, ,209,30-Apr-2020,16:12:42,,,,401650000,-137,,0,30-Apr-2020,16:12:42,,,,,,,,,,98,136,1,,,,,,,,,,,,,,,,,,,,,,,,,,,,,
5675,198172,3,SR, ,210,30-Apr-2020,19:17:23,,,,401650000,-137,,0,30-Apr-2020,19:17:23,,,,,,,,,,22,73,28,,,,,,,,,,,,,,,,,,,,,,,,,,,,,
5675,198172,3,MA,0,211,30-Apr-2020,21:10:22,-28.1963,168.0658,,401677755,-120,40,0,30-Apr-2020,21:08:01,-28.1963,168.0658,417,5955,163716,216,100,,,73,227,4,,,,,,,,,,,,,,,,,,,,,,,,,,,,,
5675,198172,3,MA,0,211,30-Apr-2020,21:10:22,-28.1963,168.0658,,401677755,-120,40,0,30-Apr-2020,21:08:20,-28.1963,168.0658,417,5955,163716,216,100,,,91,22,22,,,,,,,,,,,,,,,,,,,,,,,,,,,,,
5675,198172,3,MA,0,211,30-Apr-2020,21:10:22,-28.1963,168.0658,,401677755,-120,40,0,30-Apr-2020,21:10:11,-28.1963,168.0658,417,5955,163716,216,100,,,97,135,0,,,,,,,,,,,,,,,,,,,,,,,,,,,,,
5675,198172,3,MA,0,211,30-Apr-2020,21:10:22,-28.1963,168.0658,,401677755,-120,40,0,30-Apr-2020,21:14:58,-28.1963,168.0658,417,5955,163716,216,100,,,10,0,16,,,,,,,,,,,,,,,,,,,,,,,,,,,,,
5675,198172,3,NN,B,212,30-Apr-2020,21:14:57,-28.2004,168.0720,,401677853,-130,6,0,30-Apr-2020,21:14:58,-28.2004,168.0720,,4754,15001,1506,100,,,10,0,16,,,,,,,,,,,,,,,,,,,,,,,,,,,,,
5675,198172,23,MA,B,213,30-Apr-2020,22:53:26,-28.1906,168.0735,,401677879,-130,7,0,30-Apr-2020,22:53:27,-28.1906,168.0735,,9182,12326,6840,92,,,83,176,131,220,232,140,96,178,15,91,105,147,148,44,73,14,1,155,32,206,0,255,128,,,,,,,,,
5675,198172,3,NN,A,214,30-Apr-2020,22:56:50,-28.3569,168.6163,,401677793,-133,6,0,30-Apr-2020,22:56:19,-28.3569,168.6163,159,9906,34171,2871,173,,,91,38,22,,,,,,,,,,,,,,,,,,,,,,,,,,,,,
5675,198172,3,NN,A,214,30-Apr-2020,22:56:50,-28.3569,168.6163,,401677793,-133,6,0,30-Apr-2020,22:57:23,-28.3569,168.6163,159,9906,34171,2871,173,,,10,0,16,,,,,,,,,,,,,,,,,,,,,,,,,,,,,
5675,198172,3,NN,A,214,30-Apr-2020,22:56:50,-28.3569,168.6163,,401677793,-133,6,0,30-Apr-2020,22:58:58,-28.3569,168.6163,159,9906,34171,2871,173,,,22,75,24,,,,,,,,,,,,,,,,,,,,,,,,,,,,,
5675,198172,3,SR,B,215,01-May-2020,06:18:56,-28.5401,168.5549,,401677750,-122,8,0,01-May-2020,06:14:56,-28.5401,168.5549,481,22905,445281,1178,106,,,10,0,16,,,,,,,,,,,,,,,,,,,,,,,,,,,,,
5675,198172,23,SR,B,215,01-May-2020,06:18:56,-28.5401,168.5549,,401677750,-122,8,0,01-May-2020,06:22:57,-28.5401,168.5549,481,22905,445281,1178,106,,,70,176,131,220,232,140,96,178,0,153,130,87,212,45,17,14,1,88,30,206,128,255,128,,,,,,,,,
5675,198172,23,NP,B,216,01-May-2020,06:22:56,-28.5146,168.4704,,401677782,-130,6,0,01-May-2020,06:22:57,-28.5146,168.4704,,12464,81866,1897,104,,,70,176,131,220,232,140,96,178,0,185,130,87,214,41,17,14,1,88,30,206,128,255,128,,,,,,,,,
5675,198172,3,SR,A,217,02-May-2020,05:49:42,-28.2549,168.7627,,401677754,-121,,0,02-May-2020,05:48:35,-28.2549,168.7627,162,2909,7498,1128,43,,,67,225,4,,,,,,,,,,,,,,,,,,,,,,,,,,,,,
5675,198172,3,SR,A,217,02-May-2020,05:49:42,-28.2549,168.7627,,401677754,-121,,0,02-May-2020,05:49:15,-28.2549,168.7627,162,2909,7498,1128,43,,,91,152,22,,,,,,,,,,,,,,,,,,,,,,,,,,,,,
5675,198172,3,SR,A,217,02-May-2020,05:49:42,-28.2549,168.7627,,401677754,-121,,0,02-May-2020,05:51:17,-28.2549,168.7627,162,2909,7498,1128,43,,,97,135,0,,,,,,,,,,,,,,,,,,,,,,,,,,,,,
5675,198172,3,SR,A,218,02-May-2020,07:30:41,-28.2896,168.7585,,401677777,-132,7,0,02-May-2020,07:29:49,-28.2896,168.7585,125,6642,34990,1260,124,,,66,228,4,,,,,,,,,,,,,,,,,,,,,,,,,,,,,
5675,198172,3,SR,A,218,02-May-2020,07:30:41,-28.2896,168.7585,,401677777,-132,7,0,02-May-2020,07:30:22,-28.2896,168.7585,125,6642,34990,1260,124,,,90,173,22,,,,,,,,,,,,,,,,,,,,,,,,,,,,,
5675,198172,3,SR,A,218,02-May-2020,07:30:41,-28.2896,168.7585,,401677777,-132,7,0,02-May-2020,07:31:54,-28.2896,168.7585,125,6642,34990,1260,124,,,97,135,0,,,,,,,,,,,,,,,,,,,,,,,,,,,,,
5675,198172,3,MC,B,219,02-May-2020,09:39:18,-28.3911,168.7904,,401677761,-117,8,0,02-May-2020,09:38:43,-28.3911,168.7904,71,2193,12390,388,84,,,90,189,22,,,,,,,,,,,,,,,,,,,,,,,,,,,,,
5675,198172,3,MC,B,219,02-May-2020,09:39:18,-28.3911,168.7904,,401677761,-117,8,0,02-May-2020,09:39:54,-28.3911,168.7904,71,2193,12390,388,84,,,98,136,0,,,,,,,,,,,,,,,,,,,,,,,,,,,,,
5675,198172,3,NK,A,220,02-May-2020,19:06:37,-28.4286,168.5015,,401677754,-129,8,0,02-May-2020,19:02:23,-28.4286,168.5015,634,344,1362,86,76,,,98,136,0,,,,,,,,,,,,,,,,,,,,,,,,,,,,,
5675,198172,3,NK,A,220,02-May-2020,19:06:37,-28.4286,168.5015,,401677754,-129,8,0,02-May-2020,19:04:32,-28.4286,168.5015,634,344,1362,86,76,,,10,0,80,,,,,,,,,,,,,,,,,,,,,,,,,,,,,
5675,198172,3,NK,A,220,02-May-2020,19:06:37,-28.4286,168.5015,,401677754,-129,8,0,02-May-2020,19:12:57,-28.4286,168.5015,634,344,1362,86,76,,,72,230,4,,,,,,,,,,,,,,,,,,,,,,,,,,,,,
5675,198172,3,NP,B,221,02-May-2020,19:14:47,-28.4227,168.7933,,401677716,-130,8,0,02-May-2020,19:12:57,-28.4227,168.7933,220,4205,96535,183,87,,,72,230,4,,,,,,,,,,,,,,,,,,,,,,,,,,,,,
5675,198172,3,NP,B,221,02-May-2020,19:14:47,-28.4227,168.7933,,401677716,-130,8,0,02-May-2020,19:16:37,-28.4227,168.7933,220,4205,96535,183,87,,,97,135,0,,,,,,,,,,,,,,,,,,,,,,,,,,,,,
5675,198172,3,SR,A,222,02-May-2020,19:46:19,-28.4319,168.4670,,401677748,-124,50,0,02-May-2020,19:45:46,-33.0653,145.9020,81,932,7158,121,57,,,98,136,0,,,,,,,,,,,,,,,,,,,,,,,,,,,,,
5675,198172,3,SR,A,222,02-May-2020,19:46:19,-28.4319,168.4670,,401677748,-124,50,0,02-May-2020,19:46:07,-33.0653,145.9020,81,932,7158,121,57,,,10,0,16,,,,,,,,,,,,,,,,,,,,,,,,,,,,,
5675,198172,3,SR,A,222,02-May-2020,19:46:19,-28.4319,168.4670,,401677748,-124,50,0,02-May-2020,19:47:07,-33.0653,145.9020,81,932,7158,121,57,,,22,75,24,,,,,,,,,,,,,,,,,,,,,,,,,,,,,
5675,198172,3,MA,1,223,02-May-2020,20:29:10,-28.4498,168.4428,,401677754,-125,58,0,02-May-2020,20:28:32,-28.4498,168.4428,417,864,3391,220,88,,,10,0,16,,,,,,,,,,,,,,,,,,,,,,,,,,,,,
5675,198172,3,MA,1,223,02-May-2020,20:29:10,-28.4498,168.4428,,401677754,-125,58,0,02-May-2020,20:29:50,-28.4498,168.4428,417,864,3391,220,88,,,22,75,24,,,,,,,,,,,,,,,,,,,,,,,,,,,,,
5675,198172,3,MA,1,223,02-May-2020,20:29:10,-28.4498,168.4428,,401677754,-125,58,0,02-May-2020,20:34:04,-28.4498,168.4428,417,864,3391,220,88,,,71,229,4,,,,,,,,,,,,,,,,,,,,,,,,,,,,,
5675,198172,3,MA,1,223,02-May-2020,20:29:10,-28.4498,168.4428,,401677754,-125,58,0,02-May-2020,20:35:29,-28.4498,168.4428,417,864,3391,220,88,,,98,136,0,,,,,,,,,,,,,,,,,,,,,,,,,,,,,
5675,198172,3,NK,B,224,03-May-2020,09:02:21,-28.5266,168.2370,,401677804,-135,,0,03-May-2020,09:02:22,-28.5266,168.2370,,14766,15728,13862,54,,,73,38,82,,,,,,,,,,,,,,,,,,,,,,,,,,,,,
5675,198172,3,SR,B,225,05-May-2020,18:17:03,-26.8790,167.1994,,401677867,-135,,0,05-May-2020,18:15:32,-26.8790,167.1994,183,54659,544297,5488,100,,,79,237,4,,,,,,,,,,,,,,,,,,,,,,,,,,,,,
5675,198172,3,SR,B,225,05-May-2020,18:17:03,-26.8790,167.1994,,401677867,-135,,0,05-May-2020,18:18:35,-26.8790,167.1994,183,54659,544297,5488,100,,,84,58,23,,,,,,,,,,,,,,,,,,,,,,,,,,,,,
5675,198172,3,NP,B,226,05-May-2020,18:33:19,-26.7388,166.6607,,401677664,-129,6,0,05-May-2020,18:33:19,-26.7388,166.6607,,291925,,,,,,65,235,4,,,,,,,,,,,,,,,,,,,,,,,,,,,,,
5675,198172,3,NK,B,227,05-May-2020,19:28:54,-28.2512,174.3770,,401677754,-126,,0,05-May-2020,19:27:57,-26.7057,167.0534,115,23075,221449,2404,107,,,65,235,4,,,,,,,,,,,,,,,,,,,,,,,,,,,,,
5675,198172,3,NK,B,227,05-May-2020,19:28:54,-28.2512,174.3770,,401677754,-126,,0,05-May-2020,19:29:52,-26.7057,167.0534,115,23075,221449,2404,107,,,88,73,23,,,,,,,,,,,,,,,,,,,,,,,,,,,,,
5675,198172,3,MA,B,228,05-May-2020,21:02:01,-26.7753,166.8223,,401677758,-123,6,0,05-May-2020,21:02:01,-26.7753,166.8223,,264177,704831,99016,102,,,22,75,24,,,,,,,,,,,,,,,,,,,,,,,,,,,,,
5675,198172,3,NN, ,229,06-May-2020,21:49:12,,,,401650000,-124,,0,06-May-2020,21:49:12,,,,,,,,,,79,237,4,,,,,,,,,,,,,,,,,,,,,,,,,,,,,
5675,198172,3,SR, ,230,07-May-2020,18:52:21,,,,401650000,-129,,0,07-May-2020,18:52:21,,,,,,,,,,92,125,23,,,,,,,,,,,,,,,,,,,,,,,,,,,,,
5675,198172,23,NN, ,231,07-May-2020,19:55:17,,,,401650000,-137,,0,07-May-2020,19:55:17,,,,,,,,,,74,18,131,220,168,0,60,241,127,105,142,121,179,64,232,181,160,159,172,121,55,102,132,,,,,,,,,
5675,198172,3,NK,B,232,07-May-2020,20:19:04,-27.1679,167.9417,,401677781,-126,,0,07-May-2020,20:15:45,-27.1679,167.9417,400,24200,746603,784,40,,,95,131,23,,,,,,,,,,,,,,,,,,,,,,,,,,,,,
5675,198172,3,NK,B,232,07-May-2020,20:19:04,-27.1679,167.9417,,401677781,-126,,0,07-May-2020,20:22:25,-27.1679,167.9417,400,24200,746603,784,40,,,10,0,16,,,,,,,,,,,,,,,,,,,,,,,,,,,,,
5675,198172,3,MA, ,233,07-May-2020,20:22:25,,,,401650000,-130,,0,07-May-2020,20:22:25,,,,,,,,,,10,0,16,,,,,,,,,,,,,,,,,,,,,,,,,,,,,
5675,198172,3,NK,B,234,08-May-2020,08:39:55,-27.1097,167.9117,,401677809,-124,,0,08-May-2020,08:39:56,-27.1097,167.9117,,20831,40179,10799,54,,,75,233,4,,,,,,,,,,,,,,,,,,,,,,,,,,,,,
5675,198172,3,NN,B,235,08-May-2020,10:02:56,-26.8933,167.8477,,401677757,-125,8,0,08-May-2020,10:02:26,-26.8933,167.8477,61,15889,318538,792,66,,,22,75,24,,,,,,,,,,,,,,,,,,,,,,,,,,,,,
5675,198172,3,NN,B,235,08-May-2020,10:02:56,-26.8933,167.8477,,401677757,-125,8,0,08-May-2020,10:03:27,-26.8933,167.8477,61,15889,318538,792,66,,,75,233,4,,,,,,,,,,,,,,,,,,,,,,,,,,,,,
5675,198172,3,MA,B,236,08-May-2020,10:33:36,-26.9091,167.8073,,401677766,-131,7,0,08-May-2020,10:33:36,-26.9091,167.8073,,21503,79864,5789,66,,,85,177,23,,,,,,,,,,,,,,,,,,,,,,,,,,,,,
5675,198172,3,SR,B,237,08-May-2020,18:17:01,-26.8771,167.8729,,401677770,-138,8,0,08-May-2020,18:17:01,-26.8771,167.8729,,40762,56750,29277,73,,,98,136,0,,,,,,,,,,,,,,,,,,,,,,,,,,,,,
5675,198172,3,SR,B,238,09-May-2020,07:09:58,-26.7845,167.9987,,401677762,-135,,0,09-May-2020,07:09:58,-26.7845,167.9987,,33455,121993,9174,106,,,22,75,24,,,,,,,,,,,,,,,,,,,,,,,,,,,,,
5675,198172,3,NK,B,239,09-May-2020,21:12:45,-26.8433,168.1418,,401677801,-135,,0,09-May-2020,21:12:45,-26.8433,168.1418,,5071,7949,3234,83,,,98,136,0,,,,,,,,,,,,,,,,,,,,,,,,,,,,,
5675,198172,3,NN,B,240,09-May-2020,21:12:45,-26.7202,168.0354,,401677763,-123,,0,09-May-2020,21:12:45,-26.7202,168.0354,,5023,9132,2762,118,,,98,136,0,,,,,,,,,,,,,,,,,,,,,,,,,,,,,
5675,198172,23,NK, ,241,11-May-2020,20:18:50,,,,401650000,-130,,0,11-May-2020,20:18:50,,,,,,,,,,80,240,131,220,232,140,96,178,5,209,66,211,212,47,255,14,1,202,30,207,144,153,128,,,,,,,,,
5675,198172,3,NN,B,242,11-May-2020,20:50:32,-26.2710,169.2310,,401677861,-133,,0,11-May-2020,20:49:04,-26.2710,169.2310,177,24612,794913,762,113,,,86,5,10,,,,,,,,,,,,,,,,,,,,,,,,,,,,,
5675,198172,3,NN,B,242,11-May-2020,20:50:32,-26.2710,169.2310,,401677861,-133,,0,11-May-2020,20:52:01,-26.2710,169.2310,177,24612,794913,762,113,,,97,135,0,,,,,,,,,,,,,,,,,,,,,,,,,,,,,
5675,198172,3,MC,0,243,11-May-2020,21:09:15,-25.9832,168.6415,,401677759,-119,46,0,11-May-2020,21:04:48,-25.9832,168.6415,431,1930,4301,866,119,,,72,246,4,,,,,,,,,,,,,,,,,,,,,,,,,,,,,
5675,198172,3,MC,0,243,11-May-2020,21:09:15,-25.9832,168.6415,,401677759,-119,46,0,11-May-2020,21:09:52,-25.9832,168.6415,431,1930,4301,866,119,,,85,10,24,,,,,,,,,,,,,,,,,,,,,,,,,,,,,
5675,198172,3,MC,0,243,11-May-2020,21:09:15,-25.9832,168.6415,,401677759,-119,46,0,11-May-2020,21:10:24,-25.9832,168.6415,431,1930,4301,866,119,,,98,136,0,,,,,,,,,,,,,,,,,,,,,,,,,,,,,
5675,198172,3,MC,0,243,11-May-2020,21:09:15,-25.9832,168.6415,,401677759,-119,46,0,11-May-2020,21:11:59,-25.9832,168.6415,431,1930,4301,866,119,,,65,251,4,,,,,,,,,,,,,,,,,,,,,,,,,,,,,
5675,198172,3,MC,B,244,11-May-2020,22:52:23,-25.9743,168.6692,,401677762,-130,8,0,11-May-2020,22:52:24,-25.9743,168.6692,,14749,18548,11726,81,,,85,26,24,,,,,,,,,,,,,,,,,,,,,,,,,,,,,
5675,198172,3,NP,A,245,12-May-2020,18:47:58,-26.0045,168.9025,,401677772,-136,,0,12-May-2020,18:47:59,-26.0045,168.9025,429,190,506,71,82,,,81,46,24,,,,,,,,,,,,,,,,,,,,,,,,,,,,,
5675,198172,3,NP,A,245,12-May-2020,18:47:58,-26.0045,168.9025,,401677772,-136,,0,12-May-2020,18:53:26,-26.0045,168.9025,429,190,506,71,82,,,10,0,16,,,,,,,,,,,,,,,,,,,,,,,,,,,,,
5675,198172,3,NP,A,245,12-May-2020,18:47:58,-26.0045,168.9025,,401677772,-136,,0,12-May-2020,18:55:08,-26.0045,168.9025,429,190,506,71,82,,,22,75,24,,,,,,,,,,,,,,,,,,,,,,,,,,,,,
5675,198172,3,SR,B,246,12-May-2020,19:38:31,-26.0046,168.9150,,401677743,-136,8,0,12-May-2020,19:38:31,-26.0046,168.9150,,1197,1456,983,94,,,24,114,217,,,,,,,,,,,,,,,,,,,,,,,,,,,,,
5675,198172,3,MA,B,247,12-May-2020,20:24:14,-26.0099,168.9136,,401677757,-120,7,0,12-May-2020,20:24:14,-26.0099,168.9136,,1299,1873,900,104,,,22,75,24,,,,,,,,,,,,,,,,,,,,,,,,,,,,,
5675,198172,3,NN,B,248,12-May-2020,20:36:08,-26.0521,168.9719,,401677761,-127,6,0,12-May-2020,20:34:39,-26.0521,168.9719,179,959,7430,123,55,,,70,240,4,,,,,,,,,,,,,,,,,,,,,,,,,,,,,
5675,198172,3,NN,B,248,12-May-2020,20:36:08,-26.0521,168.9719,,401677761,-127,6,0,12-May-2020,20:37:38,-26.0521,168.9719,179,959,7430,123,55,,,81,62,24,,,,,,,,,,,,,,,,,,,,,,,,,,,,,
5675,198172,3,NP,B,249,13-May-2020,05:40:47,-26.0914,169.1045,,401677745,-127,8,0,13-May-2020,05:40:48,-26.0914,169.1045,231,1599,20315,125,179,,,91,67,24,,,,,,,,,,,,,,,,,,,,,,,,,,,,,
5675,198172,3,NP,B,249,13-May-2020,05:40:47,-26.0914,169.1045,,401677745,-127,8,0,13-May-2020,05:44:39,-26.0914,169.1045,231,1599,20315,125,179,,,10,9,159,,,,,,,,,,,,,,,,,,,,,,,,,,,,,
5675,198172,3,MC,B,250,13-May-2020,10:52:22,-26.0991,169.1827,,401677726,-120,8,0,13-May-2020,10:52:23,-26.0991,169.1827,,2825,3757,2123,0,,,65,235,4,,,,,,,,,,,,,,,,,,,,,,,,,,,,,
5675,198172,3,SR,A,251,13-May-2020,19:09:14,-26.3738,169.1576,,401677751,-126,8,0,13-May-2020,19:08:39,-26.3738,169.1576,90,9436,102146,871,93,,,98,136,0,,,,,,,,,,,,,,,,,,,,,,,,,,,,,
5675,198172,3,SR,A,251,13-May-2020,19:09:14,-26.3738,169.1576,,401677751,-126,8,0,13-May-2020,19:08:56,-26.3738,169.1576,90,9436,102146,871,93,,,10,0,16,,,,,,,,,,,,,,,,,,,,,,,,,,,,,
5675,198172,3,SR,A,251,13-May-2020,19:09:14,-26.3738,169.1576,,401677751,-126,8,0,13-May-2020,19:10:09,-26.3738,169.1576,90,9436,102146,871,93,,,22,75,27,,,,,,,,,,,,,,,,,,,,,,,,,,,,,
5675,198172,3,NK,B,252,13-May-2020,19:24:32,-26.3743,169.1667,,401677749,-133,6,0,13-May-2020,19:24:33,-26.3743,169.1667,,13190,123281,1411,93,,,98,136,0,,,,,,,,,,,,,,,,,,,,,,,,,,,,,
5675,198172,3,NP,B,253,14-May-2020,18:34:37,-26.5414,169.3595,,401677691,-132,,0,14-May-2020,18:34:37,-26.5414,169.3595,,13893,23054,8372,83,,,10,0,16,,,,,,,,,,,,,,,,,,,,,,,,,,,,,
5675,198172,3,SR,B,254,14-May-2020,18:36:02,-26.7080,168.5000,,401677861,-131,6,0,14-May-2020,18:34:37,-26.7080,168.5000,172,19116,712424,512,90,,,10,0,16,,,,,,,,,,,,,,,,,,,,,,,,,,,,,
5675,198172,3,SR,B,254,14-May-2020,18:36:02,-26.7080,168.5000,,401677861,-131,6,0,14-May-2020,18:37:29,-26.7080,168.5000,172,19116,712424,512,90,,,22,75,24,,,,,,,,,,,,,,,,,,,,,,,,,,,,,
5675,198172,3,NK,B,255,14-May-2020,19:04:11,-26.6877,168.0699,,401677763,-128,6,0,14-May-2020,19:03:30,-26.6877,168.0699,84,5826,21916,1548,31,,,67,225,4,,,,,,,,,,,,,,,,,,,,,,,,,,,,,
5675,198172,3,NK,B,255,14-May-2020,19:04:11,-26.6877,168.0699,,401677763,-128,6,0,14-May-2020,19:04:54,-26.6877,168.0699,84,5826,21916,1548,31,,,95,119,24,,,,,,,,,,,,,,,,,,,,,,,,,,,,,
5675,198172,3,SR,B,256,14-May-2020,20:15:39,-26.6986,168.0663,,401677760,-133,8,0,14-May-2020,20:15:39,-26.6986,168.0663,,9059,10765,7622,79,,,67,225,4,,,,,,,,,,,,,,,,,,,,,,,,,,,,,
5675,198172,3,SR,B,257,15-May-2020,07:19:06,-26.7667,168.0049,,401677788,-134,8,0,15-May-2020,07:19:06,-26.7667,168.0049,,15287,21820,10709,122,,,22,75,24,,,,,,,,,,,,,,,,,,,,,,,,,,,,,
5675,198172,3,NK,B,258,15-May-2020,07:30:09,-26.6180,167.8815,,401677807,-133,6,0,15-May-2020,07:30:10,-26.6180,167.8815,,11785,23449,5922,108,,,84,145,72,,,,,,,,,,,,,,,,,,,,,,,,,,,,,
5675,198172,23,NK,B,259,15-May-2020,09:01:54,-26.6740,167.9419,,401677823,-137,7,0,15-May-2020,09:01:55,-26.6740,167.9419,,18002,34869,9293,124,,,86,80,131,220,232,140,112,179,7,180,52,213,210,51,43,14,1,101,30,172,167,0,127,,,,,,,,,
5675,198172,3,MA,B,260,15-May-2020,09:41:01,-26.7032,167.9266,,401677763,-126,8,0,15-May-2020,09:40:53,-26.7032,167.9266,17,17672,39325,7941,125,,,98,140,126,,,,,,,,,,,,,,,,,,,,,,,,,,,,,
5675,198172,3,MA,B,260,15-May-2020,09:41:01,-26.7032,167.9266,,401677763,-126,8,0,15-May-2020,09:41:10,-26.7032,167.9266,17,17672,39325,7941,125,,,10,0,18,,,,,,,,,,,,,,,,,,,,,,,,,,,,,
5675,198172,3,MC,B,261,15-May-2020,10:10:33,-26.6974,167.9224,,401677766,-127,6,0,15-May-2020,10:10:34,-26.6974,167.9224,,17569,42314,7294,124,,,22,75,24,,,,,,,,,,,,,,,,,,,,,,,,,,,,,
5675,198172,3,NN,B,262,15-May-2020,10:25:56,-26.6979,167.9008,,401677789,-129,6,0,15-May-2020,10:25:56,-26.6979,167.9008,,17270,42549,7009,126,,,69,223,4,,,,,,,,,,,,,,,,,,,,,,,,,,,,,
5675,198172,3,NK,B,263,15-May-2020,18:41:43,-26.6926,167.7639,,401677811,-132,8,0,15-May-2020,18:41:43,-26.6926,167.7639,,13653,37264,5002,126,,,10,12,26,,,,,,,,,,,,,,,,,,,,,,,,,,,,,
5675,198172,3,SR, ,264,16-May-2020,19:05:31,,,,401650000,-139,,0,16-May-2020,19:05:31,,,,,,,,,,10,0,16,,,,,,,,,,,,,,,,,,,,,,,,,,,,,
5675,198172,3,NP, ,265,17-May-2020,17:56:45,,,,401650000,-129,,0,17-May-2020,17:56:45,,,,,,,,,,22,75,24,,,,,,,,,,,,,,,,,,,,,,,,,,,,,
5675,198172,3,MC, ,266,17-May-2020,20:48:02,,,,401650000,-127,,0,17-May-2020,20:48:02,,,,,,,,,,98,136,0,,,,,,,,,,,,,,,,,,,,,,,,,,,,,
5675,198172,3,SR, ,267,18-May-2020,05:51:46,,,,401650000,-125,,0,18-May-2020,05:51:46,,,,,,,,,,82,192,24,,,,,,,,,,,,,,,,,,,,,,,,,,,,,
5675,198172,3,NP, ,268,18-May-2020,08:03:41,,,,401650000,-128,,0,18-May-2020,08:03:41,,,,,,,,,,98,136,72,,,,,,,,,,,,,,,,,,,,,,,,,,,,,
5675,198172,23,NP, ,269,18-May-2020,19:23:06,,,,401650000,-130,,0,18-May-2020,19:23:06,,,,,,,,,,87,80,165,216,39,186,10,95,185,221,194,210,108,30,154,0,205,210,36,24,207,54,175,,,,,,,,,
5675,198172,3,MC, ,270,18-May-2020,22:12:13,,,,401650000,-132,,0,18-May-2020,22:12:13,,,,,,,,,,22,75,24,,,,,,,,,,,,,,,,,,,,,,,,,,,,,
5675,198172,3,MC, ,271,18-May-2020,23:45:09,,,,401650000,-130,,0,18-May-2020,23:45:09,,,,,,,,,,22,75,24,,,,,,,,,,,,,,,,,,,,,,,,,,,,,
5675,198172,3,SR,B,272,19-May-2020,05:22:30,-28.0687,166.5266,,401677578,-133,,0,19-May-2020,05:21:26,-28.0687,166.5266,130,53999,953761,3057,100,,,80,234,24,,,,,,,,,,,,,,,,,,,,,,,,,,,,,
5675,198172,3,SR,B,272,19-May-2020,05:22:30,-28.0687,166.5266,,401677578,-133,,0,19-May-2020,05:23:36,-28.0687,166.5266,130,53999,953761,3057,100,,,22,74,26,,,,,,,,,,,,,,,,,,,,,,,,,,,,,
5675,198172,3,SR,B,273,19-May-2020,06:56:05,-28.0746,166.4995,,401677592,-133,8,0,19-May-2020,06:56:05,-28.0746,166.4995,,67568,162876,28030,100,,,10,101,14,,,,,,,,,,,,,,,,,,,,,,,,,,,,,
5675,198172,3,NK,B,274,19-May-2020,09:07:58,-28.0202,166.5764,,401677682,-137,6,0,19-May-2020,09:07:58,-28.0202,166.5764,,78905,181032,34391,108,,,72,214,4,,,,,,,,,,,,,,,,,,,,,,,,,,,,,
5675,198172,23,NP,B,275,19-May-2020,19:12:57,-28.4049,166.5920,,401677795,-134,8,0,19-May-2020,19:12:57,-28.4049,166.5920,,58334,127068,26780,96,,,75,240,131,220,232,140,96,178,8,236,228,86,80,57,231,16,1,111,31,204,48,248,227,,,,,,,,,
5675,198172,23,SR,A,276,19-May-2020,19:18:33,-28.5397,167.6708,,401677756,-130,6,0,19-May-2020,19:12:57,-28.5397,167.6708,542,17693,48999,6388,124,,,75,240,131,220,232,140,96,178,9,204,230,214,68,177,211,107,198,169,32,142,242,230,48,,,,,,,,,
5675,198172,3,SR,A,276,19-May-2020,19:18:33,-28.5397,167.6708,,401677756,-130,6,0,19-May-2020,19:20:44,-28.5397,167.6708,542,17693,48999,6388,124,,,80,250,24,,,,,,,,,,,,,,,,,,,,,,,,,,,,,
5675,198172,3,SR,A,276,19-May-2020,19:18:33,-28.5397,167.6708,,401677756,-130,6,0,19-May-2020,19:21:59,-28.5397,167.6708,542,17693,48999,6388,124,,,98,140,6,,,,,,,,,,,,,,,,,,,,,,,,,,,,,
5675,198172,3,SR, ,277,21-May-2020,19:55:43,,,,401650000,-134,,0,21-May-2020,19:55:43,,,,,,,,,,22,75,24,,,,,,,,,,,,,,,,,,,,,,,,,,,,,
5675,198172,3,MA, ,278,21-May-2020,20:39:34,,,,401650000,-125,,0,21-May-2020,20:39:34,,,,,,,,,,52,185,144,,,,,,,,,,,,,,,,,,,,,,,,,,,,,
5675,198172,3,NK, ,279,22-May-2020,19:04:04,,,,401650000,-123,,0,22-May-2020,19:04:04,,,,,,,,,,10,0,16,,,,,,,,,,,,,,,,,,,,,,,,,,,,,
5675,198172,3,MA, ,280,22-May-2020,20:12:08,,,,401650000,-124,,0,22-May-2020,20:12:08,,,,,,,,,,94,77,25,,,,,,,,,,,,,,,,,,,,,,,,,,,,,
5675,198172,3,MC, ,281,22-May-2020,22:30:19,,,,401650000,-133,,0,22-May-2020,22:30:19,,,,,,,,,,97,135,0,,,,,,,,,,,,,,,,,,,,,,,,,,,,,
5675,198172,3,NP, ,282,23-May-2020,07:00:27,,,,401650000,-136,,0,23-May-2020,07:00:27,,,,,,,,,,22,75,8,,,,,,,,,,,,,,,,,,,,,,,,,,,,,
5675,198172,3,MC, ,283,23-May-2020,10:42:50,,,,401650000,-125,,0,23-May-2020,10:42:50,,,,,,,,,,70,208,4,,,,,,,,,,,,,,,,,,,,,,,,,,,,,
5675,198172,3,SR, ,284,23-May-2020,18:55:55,,,,401650000,-132,,0,23-May-2020,18:55:55,,,,,,,,,,71,197,4,,,,,,,,,,,,,,,,,,,,,,,,,,,,,
5675,198172,3,MA,A,285,23-May-2020,19:56:34,-28.4075,168.2378,,401650000,-133,,0,23-May-2020,19:52:23,-28.4075,168.2378,416,4543,16590,1244,29,,,66,183,108,,,,,,,,,,,,,,,,,,,,,,,,,,,,,
5675,198172,3,MA,A,285,23-May-2020,19:56:34,-28.4075,168.2378,,401650000,-133,,0,23-May-2020,19:58:02,-28.4075,168.2378,416,4543,16590,1244,29,,,94,3,26,,,,,,,,,,,,,,,,,,,,,,,,,,,,,
5675,198172,3,MA,A,285,23-May-2020,19:56:34,-28.4075,168.2378,,401650000,-133,,0,23-May-2020,19:59:19,-28.4075,168.2378,416,4543,16590,1244,29,,,97,135,0,,,,,,,,,,,,,,,,,,,,,,,,,,,,,
5675,198172,3,NP,A,286,23-May-2020,20:06:36,-28.4383,168.2411,,401677753,-134,,0,23-May-2020,20:05:38,-28.4383,168.2411,238,11025,41914,2900,169,,,66,196,4,,,,,,,,,,,,,,,,,,,,,,,,,,,,,
5675,198172,3,NP,A,286,23-May-2020,20:06:36,-28.4383,168.2411,,401677753,-134,,0,23-May-2020,20:07:34,-28.4383,168.2411,238,11025,41914,2900,169,,,89,8,26,,,,,,,,,,,,,,,,,,,,,,,,,,,,,
5675,198172,3,NP,A,286,23-May-2020,20:06:36,-28.4383,168.2411,,401677753,-134,,0,23-May-2020,20:09:36,-28.4383,168.2411,238,11025,41914,2900,169,,,97,135,0,,,,,,,,,,,,,,,,,,,,,,,,,,,,,
5675,198172,3,NN,A,287,23-May-2020,20:09:28,-28.4055,168.2346,,401677758,-135,6,0,23-May-2020,20:07:34,-28.4055,168.2346,192,452,611,334,71,,,89,8,26,,,,,,,,,,,,,,,,,,,,,,,,,,,,,
5675,198172,3,NN,A,287,23-May-2020,20:09:28,-28.4055,168.2346,,401677758,-135,6,0,23-May-2020,20:10:05,-28.4055,168.2346,192,452,611,334,71,,,10,0,16,,,,,,,,,,,,,,,,,,,,,,,,,,,,,
5675,198172,3,NN,A,287,23-May-2020,20:09:28,-28.4055,168.2346,,401677758,-135,6,0,23-May-2020,20:10:46,-28.4055,168.2346,192,452,611,334,71,,,22,75,24,,,,,,,,,,,,,,,,,,,,,,,,,,,,,
5675,198172,23,NK,3,288,23-May-2020,20:19:37,-28.4129,168.2330,,401677761,-125,66,0,23-May-2020,20:16:59,-28.4129,168.2330,342,169,575,49,124,,,84,80,131,220,232,140,96,178,11,209,40,22,150,52,25,14,1,94,32,204,64,255,128,,,,,,,,,
5675,198172,3,NK,3,288,23-May-2020,20:19:37,-28.4129,168.2330,,401677761,-125,66,0,23-May-2020,20:17:36,-28.4129,168.2330,342,169,575,49,124,,,66,196,4,,,,,,,,,,,,,,,,,,,,,,,,,,,,,
5675,198172,3,NK,3,288,23-May-2020,20:19:37,-28.4129,168.2330,,401677761,-125,66,0,23-May-2020,20:20:13,-28.4129,168.2330,342,169,575,49,124,,,87,14,26,,,,,,,,,,,,,,,,,,,,,,,,,,,,,
5675,198172,3,NK,3,288,23-May-2020,20:19:37,-28.4129,168.2330,,401677761,-125,66,0,23-May-2020,20:20:40,-28.4129,168.2330,342,169,575,49,124,,,107,133,0,,,,,,,,,,,,,,,,,,,,,,,,,,,,,
5675,198172,3,NK,3,288,23-May-2020,20:19:37,-28.4129,168.2330,,401677761,-125,66,0,23-May-2020,20:22:41,-28.4129,168.2330,342,169,575,49,124,,,10,0,16,,,,,,,,,,,,,,,,,,,,,,,,,,,,,
5675,198172,3,SR,B,289,23-May-2020,20:33:33,-28.4021,168.2260,,401677757,-130,6,0,23-May-2020,20:32:19,-28.4021,168.2260,149,1010,2515,405,29,,,66,196,4,,,,,,,,,,,,,,,,,,,,,,,,,,,,,
5675,198172,3,SR,B,289,23-May-2020,20:33:33,-28.4021,168.2260,,401677757,-130,6,0,23-May-2020,20:34:48,-28.4021,168.2260,149,1010,2515,405,29,,,94,19,26,,,,,,,,,,,,,,,,,,,,,,,,,,,,,
5675,198172,3,MA,0,290,23-May-2020,21:39:26,-28.4212,168.1789,,401677760,-120,58,0,23-May-2020,21:35:27,-28.4212,168.1789,406,2052,27511,153,98,,,97,135,0,,,,,,,,,,,,,,,,,,,,,,,,,,,,,
5675,198172,3,MA,0,290,23-May-2020,21:39:26,-28.4212,168.1789,,401677760,-120,58,0,23-May-2020,21:39:03,-28.4212,168.1789,406,2052,27511,153,98,,,22,75,24,,,,,,,,,,,,,,,,,,,,,,,,,,,,,
5675,198172,3,MA,0,290,23-May-2020,21:39:26,-28.4212,168.1789,,401677760,-120,58,0,23-May-2020,21:41:03,-28.4212,168.1789,406,2052,27511,153,98,,,68,202,4,,,,,,,,,,,,,,,,,,,,,,,,,,,,,
5675,198172,3,MA,0,290,23-May-2020,21:39:26,-28.4212,168.1789,,401677760,-120,58,0,23-May-2020,21:42:13,-28.4212,168.1789,406,2052,27511,153,98,,,88,45,26,,,,,,,,,,,,,,,,,,,,,,,,,,,,,
5675,198172,3,NN,1,291,23-May-2020,21:50:24,-28.4214,168.1826,,401677762,-123,56,0,23-May-2020,21:45:25,-28.4214,168.1826,401,936,7611,115,105,,,97,135,0,,,,,,,,,,,,,,,,,,,,,,,,,,,,,
5675,198172,3,NN,1,291,23-May-2020,21:50:24,-28.4214,168.1826,,401677762,-123,56,0,23-May-2020,21:48:46,-28.4214,168.1826,401,936,7611,115,105,,,68,202,4,,,,,,,,,,,,,,,,,,,,,,,,,,,,,
5675,198172,3,NN,1,291,23-May-2020,21:50:24,-28.4214,168.1826,,401677762,-123,56,0,23-May-2020,21:50:13,-28.4214,168.1826,401,936,7611,115,105,,,91,50,26,,,,,,,,,,,,,,,,,,,,,,,,,,,,,
5675,198172,3,NN,1,291,23-May-2020,21:50:24,-28.4214,168.1826,,401677762,-123,56,0,23-May-2020,21:50:33,-28.4214,168.1826,401,936,7611,115,105,,,107,133,0,,,,,,,,,,,,,,,,,,,,,,,,,,,,,
5675,198172,3,NN,1,291,23-May-2020,21:50:24,-28.4214,168.1826,,401677762,-123,56,0,23-May-2020,21:52:06,-28.4214,168.1826,401,936,7611,115,105,,,10,0,16,,,,,,,,,,,,,,,,,,,,,,,,,,,,,
5675,198172,3,MB,B,292,23-May-2020,22:53:33,-28.4316,168.2077,,401677743,-129,8,0,23-May-2020,22:53:33,-28.4316,168.2077,,5310,8907,3165,94,,,10,0,16,,,,,,,,,,,,,,,,,,,,,,,,,,,,,
5675,198172,3,NP,B,293,24-May-2020,06:55:07,-28.5738,168.0604,,401677758,-127,8,0,24-May-2020,06:54:47,-28.5738,168.0604,41,3609,11141,1169,100,,,10,0,16,,,,,,,,,,,,,,,,,,,,,,,,,,,,,
5675,198172,3,NP,B,293,24-May-2020,06:55:07,-28.5738,168.0604,,401677758,-127,8,0,24-May-2020,06:55:28,-28.5738,168.0604,41,3609,11141,1169,100,,,22,75,24,,,,,,,,,,,,,,,,,,,,,,,,,,,,,
5675,198172,3,NK,B,294,24-May-2020,06:55:07,-28.5706,168.0611,,401677761,-132,,0,24-May-2020,06:54:47,-28.5706,168.0611,41,2693,7913,916,93,,,10,0,16,,,,,,,,,,,,,,,,,,,,,,,,,,,,,
5675,198172,3,NK,B,294,24-May-2020,06:55:07,-28.5706,168.0611,,401677761,-132,,0,24-May-2020,06:55:28,-28.5706,168.0611,41,2693,7913,916,93,,,22,75,24,,,,,,,,,,,,,,,,,,,,,,,,,,,,,
5675,198172,3,MA,B,295,24-May-2020,09:57:05,-28.6141,168.0517,,401677743,-117,8,0,24-May-2020,09:57:06,-28.6141,168.0517,,3421,4918,2379,76,,,22,75,26,,,,,,,,,,,,,,,,,,,,,,,,,,,,,
5675,198172,3,MC,B,296,24-May-2020,10:27:31,-28.6660,168.0326,,401677737,-118,8,0,24-May-2020,10:27:31,-28.6660,168.0326,,4667,11227,1940,73,,,10,0,16,,,,,,,,,,,,,,,,,,,,,,,,,,,,,
5675,198172,3,MC,B,297,24-May-2020,12:11:00,-28.7563,168.0123,,401677788,-134,6,0,24-May-2020,12:11:01,-28.7563,168.0123,,3867,7384,2025,71,,,87,128,26,,,,,,,,,,,,,,,,,,,,,,,,,,,,,
5675,198172,3,MA,B,298,25-May-2020,11:14:53,-29.8341,167.4609,,401677807,-129,,0,25-May-2020,11:14:53,-29.8341,167.4609,,5508,9630,3150,24,,,22,75,24,,,,,,,,,,,,,,,,,,,,,,,,,,,,,
5675,198172,3,MC, ,299,27-May-2020,09:25:38,,,,401650000,-131,,0,27-May-2020,09:25:38,,,,,,,,,,79,205,4,,,,,,,,,,,,,,,,,,,,,,,,,,,,,
5675,198172,3,MA, ,300,27-May-2020,10:33:54,,,,401650000,-126,,0,27-May-2020,10:33:54,,,,,,,,,,84,175,26,,,,,,,,,,,,,,,,,,,,,,,,,,,,,
5675,198172,3,NN, ,301,27-May-2020,11:25:29,,,,401650000,-132,,0,27-May-2020,11:25:29,,,,,,,,,,97,135,0,,,,,,,,,,,,,,,,,,,,,,,,,,,,,
5675,198172,3,MC, ,302,28-May-2020,20:21:58,,,,401650000,-130,,0,28-May-2020,20:21:58,,,,,,,,,,89,201,26,,,,,,,,,,,,,,,,,,,,,,,,,,,,,
5675,198172,3,MA, ,303,29-May-2020,21:13:58,,,,401650000,-124,,0,29-May-2020,21:13:58,,,,,,,,,,97,135,0,,,,,,,,,,,,,,,,,,,,,,,,,,,,,
5675,198172,3,MB, ,304,29-May-2020,22:26:31,,,,401650000,-130,,0,29-May-2020,22:26:31,,,,,,,,,,97,135,0,,,,,,,,,,,,,,,,,,,,,,,,,,,,,
5675,198172,3,SR, ,305,30-May-2020,04:36:17,,,,401650000,-139,,0,30-May-2020,04:36:17,,,,,,,,,,97,135,0,,,,,,,,,,,,,,,,,,,,,,,,,,,,,
5675,198172,3,NP, ,306,30-May-2020,18:42:14,,,,401650000,-126,,0,30-May-2020,18:42:14,,,,,,,,,,22,75,24,,,,,,,,,,,,,,,,,,,,,,,,,,,,,
5675,198172,3,NN,0,307,30-May-2020,20:27:01,-28.1793,167.8111,,401677768,-133,50,0,30-May-2020,20:25:26,-28.1793,167.8111,190,1933,9706,384,82,,,22,75,24,,,,,,,,,,,,,,,,,,,,,,,,,,,,,
5675,198172,3,NN,0,307,30-May-2020,20:27:01,-28.1793,167.8111,,401677768,-133,50,0,30-May-2020,20:26:45,-28.1793,167.8111,190,1933,9706,384,82,,,77,199,4,,,,,,,,,,,,,,,,,,,,,,,,,,,,,
5675,198172,3,NN,0,307,30-May-2020,20:27:01,-28.1793,167.8111,,401677768,-133,50,0,30-May-2020,20:27:17,-28.1793,167.8111,190,1933,9706,384,82,,,94,28,27,,,,,,,,,,,,,,,,,,,,,,,,,,,,,
5675,198172,3,NN,0,307,30-May-2020,20:27:01,-28.1793,167.8111,,401677768,-133,50,0,30-May-2020,20:28:36,-28.1793,167.8111,190,1933,9706,384,82,,,10,0,16,,,,,,,,,,,,,,,,,,,,,,,,,,,,,
5675,198172,3,NK,B,308,30-May-2020,20:43:14,-28.1777,167.8093,,401677748,-135,6,0,30-May-2020,20:43:14,-28.1777,167.8093,,2278,3634,1427,82,,,88,34,27,,,,,,,,,,,,,,,,,,,,,,,,,,,,,
5675,198172,3,MC,B,309,30-May-2020,21:21:06,-28.1602,167.8280,,401677759,-125,8,0,30-May-2020,21:20:41,-28.1602,167.8280,51,2357,7106,781,114,,,98,136,0,,,,,,,,,,,,,,,,,,,,,,,,,,,,,
5675,198172,3,MC,B,309,30-May-2020,21:21:06,-28.1602,167.8280,,401677759,-125,8,0,30-May-2020,21:21:32,-28.1602,167.8280,51,2357,7106,781,114,,,10,0,16,,,,,,,,,,,,,,,,,,,,,,,,,,,,,
5675,198172,3,MB,B,310,30-May-2020,22:00:43,-28.1729,167.8238,,401677759,-133,8,0,30-May-2020,22:00:44,-28.1729,167.8238,,2999,4647,1935,112,,,87,49,27,,,,,,,,,,,,,,,,,,,,,,,,,,,,,
5675,198172,3,NN,B,311,30-May-2020,22:00:43,-28.1727,167.8238,,401677755,-128,8,0,30-May-2020,22:00:44,-28.1727,167.8238,,1780,2772,1143,112,,,87,49,27,,,,,,,,,,,,,,,,,,,,,,,,,,,,,
5675,198172,3,MC,B,312,30-May-2020,22:59:35,-28.1632,167.8217,,401677750,-128,8,0,30-May-2020,22:59:36,-28.1632,167.8217,,2250,3037,1666,89,,,22,91,176,,,,,,,,,,,,,,,,,,,,,,,,,,,,,
5675,198172,3,NP,B,313,31-May-2020,05:29:00,-28.0826,167.8577,,401677811,-137,8,0,31-May-2020,05:29:00,-28.0826,167.8577,,2801,4151,1889,101,,,22,75,24,,,,,,,,,,,,,,,,,,,,,,,,,,,,,
5675,198172,3,SR,B,314,31-May-2020,05:42:40,-28.0597,167.8628,,401677799,-128,6,0,31-May-2020,05:42:41,-28.0597,167.8628,,2709,6456,1136,88,,,95,70,27,,,,,,,,,,,,,,,,,,,,,,,,,,,,,
5675,198172,3,NP,1,315,31-May-2020,07:12:31,-28.0353,168.2127,,401677717,-130,48,0,31-May-2020,07:11:40,-28.0353,168.2127,360,913,3485,239,65,,,22,75,24,,,,,,,,,,,,,,,,,,,,,,,,,,,,,
5675,198172,3,NP,1,315,31-May-2020,07:12:31,-28.0353,168.2127,,401677717,-130,48,0,31-May-2020,07:13:23,-28.0353,168.2127,360,913,3485,239,65,,,77,199,4,,,,,,,,,,,,,,,,,,,,,,,,,,,,,
5675,198172,23,NP,1,315,31-May-2020,07:12:31,-28.0353,168.2127,,401677717,-130,48,0,31-May-2020,07:16:27,-28.0353,168.2127,360,913,3485,239,65,,,82,112,131,220,232,140,96,178,15,157,33,211,214,54,163,12,1,200,28,139,184,80,135,,,,,,,,,
5675,198172,3,NP,1,315,31-May-2020,07:12:31,-28.0353,168.2127,,401677717,-130,48,0,31-May-2020,07:17:40,-28.0353,168.2127,360,913,3485,239,65,,,110,132,0,,,,,,,,,,,,,,,,,,,,,,,,,,,,,
5675,198172,3,NK,B,316,31-May-2020,09:06:32,-28.0338,168.3404,,401677772,-129,8,0,31-May-2020,09:06:32,-28.0338,168.3404,,6707,8165,5509,96,,,100,134,0,,,,,,,,,,,,,,,,,,,,,,,,,,,,,
5675,198172,3,MA,B,317,31-May-2020,09:16:09,-28.0117,168.3298,,401677802,-118,7,0,31-May-2020,09:16:09,-28.0117,168.3298,,6607,8846,4934,68,,,10,0,16,,,,,,,,,,,,,,,,,,,,,,,,,,,,,
5675,198172,3,SR, ,318,01-Jun-2020,19:09:58,,,,401650000,-121,,0,01-Jun-2020,19:09:58,,,,,,,,,,10,0,16,,,,,,,,,,,,,,,,,,,,,,,,,,,,,
5675,198172,3,SR,B,319,04-Jun-2020,17:41:44,-26.9275,168.5198,,401677801,-128,,0,04-Jun-2020,17:39:54,-26.9275,168.5198,222,41869,957565,1830,107,,,10,0,16,,,,,,,,,,,,,,,,,,,,,,,,,,,,,
5675,198172,3,SR,B,319,04-Jun-2020,17:41:44,-26.9275,168.5198,,401677801,-128,,0,04-Jun-2020,17:43:36,-26.9275,168.5198,222,41869,957565,1830,107,,,22,75,24,,,,,,,,,,,,,,,,,,,,,,,,,,,,,
5675,198172,3,NP,B,320,04-Jun-2020,17:41:44,-26.9082,167.3023,,401677854,-126,,0,04-Jun-2020,17:39:54,-26.9082,167.3023,222,63400,,,,,,10,0,16,,,,,,,,,,,,,,,,,,,,,,,,,,,,,
5675,198172,3,NP,B,320,04-Jun-2020,17:41:44,-26.9082,167.3023,,401677854,-126,,0,04-Jun-2020,17:43:36,-26.9082,167.3023,222,63400,,,,,,22,75,24,,,,,,,,,,,,,,,,,,,,,,,,,,,,,
5675,198172,3,SR,B,321,04-Jun-2020,19:15:47,-26.9109,168.4463,,401677761,-131,8,0,04-Jun-2020,19:15:47,-26.9109,168.4463,384,18589,149040,2318,178,,,68,79,250,,,,,,,,,,,,,,,,,,,,,,,,,,,,,
5675,198172,3,SR,B,321,04-Jun-2020,19:15:47,-26.9109,168.4463,,401677761,-131,8,0,04-Jun-2020,19:22:11,-26.9109,168.4463,384,18589,149040,2318,178,,,92,247,27,,,,,,,,,,,,,,,,,,,,,,,,,,,,,
5675,198172,3,NP,B,322,04-Jun-2020,19:22:11,-26.9049,168.4474,,401677761,-136,6,0,04-Jun-2020,19:22:11,-26.9049,168.4474,,17586,68932,4486,4,,,92,247,27,,,,,,,,,,,,,,,,,,,,,,,,,,,,,
5675,198172,3,NK, ,323,06-Jun-2020,09:54:28,,,,401650000,-132,,0,06-Jun-2020,09:54:28,,,,,,,,,,67,217,4,,,,,,,,,,,,,,,,,,,,,,,,,,,,,
5675,198172,3,MA, ,324,07-Jun-2020,19:46:27,,,,401650000,-133,,0,07-Jun-2020,19:46:27,,,,,,,,,,114,136,0,,,,,,,,,,,,,,,,,,,,,,,,,,,,,
5675,198172,3,MA, ,325,08-Jun-2020,19:23:20,,,,401650000,-133,,0,08-Jun-2020,19:23:20,,,,,,,,,,11,0,16,,,,,,,,,,,,,,,,,,,,,,,,,,,,,
5675,198172,3,NK, ,326,08-Jun-2020,20:12:56,,,,401650000,-130,,0,08-Jun-2020,20:12:56,,,,,,,,,,10,0,16,,,,,,,,,,,,,,,,,,,,,,,,,,,,,
5675,198172,3,NN, ,327,08-Jun-2020,20:21:34,,,,401650000,-137,,0,08-Jun-2020,20:21:34,,,,,,,,,,19,83,62,,,,,,,,,,,,,,,,,,,,,,,,,,,,,
5675,198172,3,MA, ,328,08-Jun-2020,21:07:06,,,,401650000,-120,,0,08-Jun-2020,21:07:06,,,,,,,,,,97,135,0,,,,,,,,,,,,,,,,,,,,,,,,,,,,,
5675,198172,3,MC, ,329,08-Jun-2020,21:29:28,,,,401650000,-134,,0,08-Jun-2020,21:29:28,,,,,,,,,,22,75,24,,,,,,,,,,,,,,,,,,,,,,,,,,,,,
5675,198172,3,MA, ,330,08-Jun-2020,22:46:27,,,,401650000,-129,,0,08-Jun-2020,22:46:27,,,,,,,,,,97,135,0,,,,,,,,,,,,,,,,,,,,,,,,,,,,,
5675,198172,3,MC, ,331,08-Jun-2020,23:14:39,,,,401650000,-125,,0,08-Jun-2020,23:14:39,,,,,,,,,,76,189,4,,,,,,,,,,,,,,,,,,,,,,,,,,,,,
5675,198172,3,SR,A,332,09-Jun-2020,06:03:14,-28.6883,167.6758,,401677762,-126,50,0,09-Jun-2020,05:59:42,-30.8233,178.0514,393,2496,12411,501,104,,,22,75,154,,,,,,,,,,,,,,,,,,,,,,,,,,,,,
5675,198172,3,SR,A,332,09-Jun-2020,06:03:14,-28.6883,167.6758,,401677762,-126,50,0,09-Jun-2020,06:03:46,-30.8233,178.0514,393,2496,12411,501,104,,,70,192,4,,,,,,,,,,,,,,,,,,,,,,,,,,,,,
5675,198172,3,SR,A,332,09-Jun-2020,06:03:14,-28.6883,167.6758,,401677762,-126,50,0,09-Jun-2020,06:06:15,-30.8233,178.0514,393,2496,12411,501,104,,,87,205,121,,,,,,,,,,,,,,,,,,,,,,,,,,,,,
5675,198172,3,NK,B,333,09-Jun-2020,06:59:16,-28.6885,167.6711,,401677781,-135,7,0,09-Jun-2020,06:59:08,-28.6885,167.6711,18,11541,14586,9131,97,,,10,0,16,,,,,,,,,,,,,,,,,,,,,,,,,,,,,
5675,198172,3,NK,B,333,09-Jun-2020,06:59:16,-28.6885,167.6711,,401677781,-135,7,0,09-Jun-2020,06:59:26,-28.6885,167.6711,18,11541,14586,9131,97,,,22,75,24,,,,,,,,,,,,,,,,,,,,,,,,,,,,,
5675,198172,3,SR,B,334,09-Jun-2020,07:47:43,-28.6848,167.6727,,401677748,-137,8,0,09-Jun-2020,07:47:44,-28.6848,167.6727,,23168,27076,19824,82,,,86,233,225,,,,,,,,,,,,,,,,,,,,,,,,,,,,,
5675,198172,3,NK,B,335,09-Jun-2020,08:37:32,-28.6266,167.6564,,401677790,-121,6,0,09-Jun-2020,08:37:32,-28.6266,167.6564,,16099,34942,7417,77,,,10,0,16,,,,,,,,,,,,,,,,,,,,,,,,,,,,,
5675,198172,3,MA,A,336,09-Jun-2020,09:24:07,-28.6042,167.6684,,401677764,-127,8,0,09-Jun-2020,09:22:30,-28.6042,167.6684,242,3046,71757,129,93,,,70,192,4,,,,,,,,,,,,,,,,,,,,,,,,,,,,,
5675,198172,3,MA,A,336,09-Jun-2020,09:24:07,-28.6042,167.6684,,401677764,-127,8,0,09-Jun-2020,09:23:20,-28.6042,167.6684,242,3046,71757,129,93,,,85,231,24,,,,,,,,,,,,,,,,,,,,,,,,,,,,,
5675,198172,3,MA,A,336,09-Jun-2020,09:24:07,-28.6042,167.6684,,401677764,-127,8,0,09-Jun-2020,09:26:32,-28.6042,167.6684,242,3046,71757,129,93,,,10,0,16,,,,,,,,,,,,,,,,,,,,,,,,,,,,,
5675,198172,3,MA,0,337,09-Jun-2020,11:08:26,-28.5467,167.5481,,401677769,-121,58,0,09-Jun-2020,11:06:50,-28.5467,167.5481,163,2284,7190,725,166,,,97,135,0,,,,,,,,,,,,,,,,,,,,,,,,,,,,,
5675,198172,3,MA,0,337,09-Jun-2020,11:08:26,-28.5467,167.5481,,401677769,-121,58,0,09-Jun-2020,11:08:27,-28.5467,167.5481,163,2284,7190,725,166,,,10,0,16,,,,,,,,,,,,,,,,,,,,,,,,,,,,,
5675,198172,3,MA,0,337,09-Jun-2020,11:08:26,-28.5467,167.5481,,401677769,-121,58,0,09-Jun-2020,11:08:56,-28.5467,167.5481,163,2284,7190,725,166,,,22,75,24,,,,,,,,,,,,,,,,,,,,,,,,,,,,,
5675,198172,23,MA,0,337,09-Jun-2020,11:08:26,-28.5467,167.5481,,401677769,-121,58,0,09-Jun-2020,11:09:33,-28.5467,167.5481,163,2284,7190,725,166,,,71,16,131,220,232,140,96,178,4,172,181,153,251,245,239,53,174,70,244,160,213,33,237,,,,,,,,,
5675,198172,3,MC,0,338,09-Jun-2020,11:39:15,-28.5225,167.5533,,401677765,-120,58,0,09-Jun-2020,11:38:10,-28.5225,167.5533,225,2351,12657,436,82,,,97,135,0,,,,,,,,,,,,,,,,,,,,,,,,,,,,,
5675,198172,3,MC,0,338,09-Jun-2020,11:39:15,-28.5225,167.5533,,401677765,-120,58,0,09-Jun-2020,11:39:05,-28.5225,167.5533,225,2351,12657,436,82,,,30,251,247,,,,,,,,,,,,,,,,,,,,,,,,,,,,,
5675,198172,3,MC,0,338,09-Jun-2020,11:39:15,-28.5225,167.5533,,401677765,-120,58,0,09-Jun-2020,11:39:31,-28.5225,167.5533,225,2351,12657,436,82,,,22,75,24,,,,,,,,,,,,,,,,,,,,,,,,,,,,,
5675,198172,3,MC,0,338,09-Jun-2020,11:39:15,-28.5225,167.5533,,401677765,-120,58,0,09-Jun-2020,11:40:17,-28.5225,167.5533,225,2351,12657,436,82,,,66,196,4,,,,,,,,,,,,,,,,,,,,,,,,,,,,,
5675,198172,3,MC,0,338,09-Jun-2020,11:39:15,-28.5225,167.5533,,401677765,-120,58,0,09-Jun-2020,11:40:48,-28.5225,167.5533,225,2351,12657,436,82,,,101,20,84,,,,,,,,,,,,,,,,,,,,,,,,,,,,,
5675,198172,3,MC,0,338,09-Jun-2020,11:39:15,-28.5225,167.5533,,401677765,-120,58,0,09-Jun-2020,11:41:55,-28.5225,167.5533,225,2351,12657,436,82,,,100,134,0,,,,,,,,,,,,,,,,,,,,,,,,,,,,,
5675,198172,3,SR,B,339,09-Jun-2020,18:25:25,-28.3222,167.4639,,401677771,-131,8,0,09-Jun-2020,18:25:25,-28.3222,167.4639,,10462,14593,7499,57,,,22,75,24,,,,,,,,,,,,,,,,,,,,,,,,,,,,,
5675,198172,3,NP,B,340,09-Jun-2020,18:25:25,-28.3060,167.4623,,401677757,-130,,0,09-Jun-2020,18:25:25,-28.3060,167.4623,,8548,14682,4976,65,,,22,75,24,,,,,,,,,,,,,,,,,,,,,,,,,,,,,
5675,198172,3,NK,B,341,09-Jun-2020,19:50:00,-28.1998,167.4745,,401677753,-127,8,0,09-Jun-2020,19:49:44,-28.1998,167.4745,33,1236,4232,361,67,,,22,75,24,,,,,,,,,,,,,,,,,,,,,,,,,,,,,
5675,198172,3,NK,B,341,09-Jun-2020,19:50:00,-28.1998,167.4745,,401677753,-127,8,0,09-Jun-2020,19:50:17,-28.1998,167.4745,33,1236,4232,361,67,,,76,194,4,,,,,,,,,,,,,,,,,,,,,,,,,,,,,
5675,198172,3,MA,B,342,09-Jun-2020,20:40:31,-28.2350,167.4251,,401677747,-122,8,0,09-Jun-2020,20:40:31,-28.2350,167.4251,,9122,14513,5732,61,,,91,63,29,,,,,,,,,,,,,,,,,,,,,,,,,,,,,
5675,198172,3,NN,B,343,09-Jun-2020,21:45:32,-28.0884,167.4468,,401677766,-128,6,0,09-Jun-2020,21:41:12,-28.0884,167.4468,260,4713,116040,191,100,,,22,75,24,,,,,,,,,,,,,,,,,,,,,,,,,,,,,
5675,198172,3,NN,B,343,09-Jun-2020,21:45:32,-28.0884,167.4468,,401677766,-128,6,0,09-Jun-2020,21:45:32,-28.0884,167.4468,260,4713,116040,191,100,,,76,194,4,,,,,,,,,,,,,,,,,,,,,,,,,,,,,
5675,198172,3,MC,B,344,09-Jun-2020,22:45:24,-28.1201,167.4092,,401677746,-127,6,0,09-Jun-2020,22:45:25,-28.1201,167.4092,,3596,5172,2499,106,,,10,0,16,,,,,,,,,,,,,,,,,,,,,,,,,,,,,
5675,198172,3,NP,B,345,10-Jun-2020,06:53:22,-27.7174,167.2595,,401677769,-134,8,0,10-Jun-2020,06:53:23,-27.7174,167.2595,,15579,21711,11178,115,,,10,0,48,,,,,,,,,,,,,,,,,,,,,,,,,,,,,
5675,198172,3,NK,B,346,10-Jun-2020,21:02:41,-27.6351,167.2654,,401677755,-129,,0,10-Jun-2020,21:02:42,-27.6351,167.2654,,13653,41116,4533,113,,,95,100,29,,,,,,,,,,,,,,,,,,,,,,,,,,,,,
5675,198172,3,NK,B,347,11-Jun-2020,07:46:26,-27.3052,167.1420,,401677730,-133,8,0,11-Jun-2020,07:46:26,-27.3052,167.1420,,7402,37065,1478,97,,,84,162,29,,,,,,,,,,,,,,,,,,,,,,,,,,,,,
5675,198172,3,MA,B,348,11-Jun-2020,10:25:03,-27.4642,167.0800,,401677787,-123,,0,11-Jun-2020,10:25:03,-27.4642,167.0800,,5953,13992,2532,67,,,10,0,16,,,,,,,,,,,,,,,,,,,,,,,,,,,,,
5675,198172,3,SR, ,349,15-Jun-2020,20:15:23,,,,401650000,-129,,0,15-Jun-2020,20:15:23,,,,,,,,,,93,137,233,,,,,,,,,,,,,,,,,,,,,,,,,,,,,
5675,198172,3,NK, ,350,15-Jun-2020,20:43:55,,,,401650000,-131,,0,15-Jun-2020,20:43:55,,,,,,,,,,10,0,16,,,,,,,,,,,,,,,,,,,,,,,,,,,,,
5675,198172,3,MC, ,351,15-Jun-2020,20:46:19,,,,401650000,-132,,0,15-Jun-2020,20:46:19,,,,,,,,,,75,233,4,,,,,,,,,,,,,,,,,,,,,,,,,,,,,
5675,198172,3,MA, ,352,15-Jun-2020,21:55:52,,,,401650000,-127,,0,15-Jun-2020,21:55:52,,,,,,,,,,98,136,0,,,,,,,,,,,,,,,,,,,,,,,,,,,,,
5675,198172,3,NN,B,353,15-Jun-2020,22:20:40,-26.5776,167.1310,,401677937,-127,,0,15-Jun-2020,22:20:19,-26.5776,167.1310,43,34785,322189,3755,79,,,10,0,16,,,,,,,,,,,,,,,,,,,,,,,,,,,,,
5675,198172,3,NN,B,353,15-Jun-2020,22:20:40,-26.5776,167.1310,,401677937,-127,,0,15-Jun-2020,22:21:02,-26.5776,167.1310,43,34785,322189,3755,79,,,22,75,24,,,,,,,,,,,,,,,,,,,,,,,,,,,,,
5675,198172,3,MC,0,354,15-Jun-2020,22:30:10,-26.2013,169.0873,,401677757,-121,46,0,15-Jun-2020,22:20:19,-26.2013,169.0873,711,7651,12945,4522,108,,,74,64,16,,,,,,,,,,,,,,,,,,,,,,,,,,,,,
5675,198172,3,MC,0,354,15-Jun-2020,22:30:10,-26.2013,169.0873,,401677757,-121,46,0,15-Jun-2020,22:25:05,-26.2013,169.0873,711,7651,12945,4522,108,,,97,135,0,,,,,,,,,,,,,,,,,,,,,,,,,,,,,
5675,198172,3,MC,0,354,15-Jun-2020,22:30:10,-26.2013,169.0873,,401677757,-121,46,0,15-Jun-2020,22:28:13,-26.2013,169.0873,711,7651,12945,4522,108,,,10,0,16,,,,,,,,,,,,,,,,,,,,,,,,,,,,,
5675,198172,3,MC,0,354,15-Jun-2020,22:30:10,-26.2013,169.0873,,401677757,-121,46,0,15-Jun-2020,22:30:08,-26.2013,169.0873,711,7651,12945,4522,108,,,22,75,24,,,,,,,,,,,,,,,,,,,,,,,,,,,,,
5675,198172,3,MC,0,354,15-Jun-2020,22:30:10,-26.2013,169.0873,,401677757,-121,46,0,15-Jun-2020,22:32:10,-26.2013,169.0873,711,7651,12945,4522,108,,,73,227,4,,,,,,,,,,,,,,,,,,,,,,,,,,,,,
5675,198172,3,NP, ,355,17-Jun-2020,05:36:13,,,,401650000,-133,,0,17-Jun-2020,05:36:13,,,,,,,,,,66,244,4,,,,,,,,,,,,,,,,,,,,,,,,,,,,,
5675,198172,23,MA,B,356,17-Jun-2020,08:17:26,-26.4271,169.3693,,401677866,-132,,0,17-Jun-2020,08:17:09,-26.4271,169.3693,34,260971,900301,75647,101,,,71,176,135,92,232,140,96,178,8,161,113,19,214,60,127,16,1,192,32,207,80,255,128,,,,,,,,,
5675,198172,3,MA,B,356,17-Jun-2020,08:17:26,-26.4271,169.3693,,401677866,-132,,0,17-Jun-2020,08:17:43,-26.4271,169.3693,34,260971,900301,75647,101,,,10,0,16,,,,,,,,,,,,,,,,,,,,,,,,,,,,,
5675,198172,3,MA,B,357,17-Jun-2020,21:17:35,-26.3935,169.3734,,401677861,-118,,0,17-Jun-2020,21:17:36,-26.3935,169.3734,,276592,,,,,,70,224,4,,,,,,,,,,,,,,,,,,,,,,,,,,,,,
5675,198172,3,NK,B,358,18-Jun-2020,19:19:41,-26.0430,168.9541,,401677856,-132,,0,18-Jun-2020,19:19:42,-26.0430,168.9541,,34934,76803,15889,97,,,98,25,249,,,,,,,,,,,,,,,,,,,,,,,,,,,,,
5675,198172,3,NK,Z,359,18-Jun-2020,21:01:36,-26.1852,170.2371,,401677645,-132,8,0,18-Jun-2020,21:01:37,-26.1852,170.2371,,42958,240780,7664,121,,,100,134,17,,,,,,,,,,,,,,,,,,,,,,,,,,,,,
5675,198172,3,MA,Z,360,18-Jun-2020,21:01:36,-26.4563,169.4103,,401677703,-126,8,0,18-Jun-2020,21:01:37,-26.4563,169.4103,,27542,32534,23316,71,,,100,134,0,,,,,,,,,,,,,,,,,,,,,,,,,,,,,
5675,198172,3,SR,B,361,19-Jun-2020,05:52:49,-26.5151,170.4800,,401677549,-129,8,0,19-Jun-2020,05:52:49,-26.5151,170.4800,,62850,118916,33218,109,,,98,136,0,,,,,,,,,,,,,,,,,,,,,,,,,,,,,
5675,198172,3,SR,B,362,19-Jun-2020,19:52:17,-25.6458,169.8300,,401677766,-126,,0,19-Jun-2020,19:50:42,-25.6458,169.8300,192,4851,15539,1514,44,,,22,75,24,,,,,,,,,,,,,,,,,,,,,,,,,,,,,
5675,198172,3,SR,B,362,19-Jun-2020,19:52:17,-25.6458,169.8300,,401677766,-126,,0,19-Jun-2020,19:53:54,-25.6458,169.8300,192,4851,15539,1514,44,,,70,240,4,,,,,,,,,,,,,,,,,,,,,,,,,,,,,
5675,198172,3,NP,B,363,19-Jun-2020,19:52:17,-26.2872,169.8422,,401677513,-131,,0,19-Jun-2020,19:50:42,-26.2872,169.8422,192,70324,653141,7571,179,,,22,75,24,,,,,,,,,,,,,,,,,,,,,,,,,,,,,
5675,198172,3,NP,B,363,19-Jun-2020,19:52:17,-26.2872,169.8422,,401677513,-131,,0,19-Jun-2020,19:53:54,-26.2872,169.8422,192,70324,653141,7571,179,,,6,240,4,,,,,,,,,,,,,,,,,,,,,,,,,,,,,
5675,198172,23,SR,B,364,20-Jun-2020,19:24:20,-25.5420,169.9056,,401677748,-132,,0,20-Jun-2020,19:24:21,-25.5420,169.9056,,55428,68121,45099,115,,,91,240,131,220,232,140,96,178,10,77,125,27,199,193,104,250,2,206,25,47,111,254,124,,,,,,,,,
5675,198172,3,NP,B,365,20-Jun-2020,19:37:12,-25.5384,169.9083,,401677747,-133,6,0,20-Jun-2020,19:37:13,-25.5384,169.9083,,60439,145514,25103,121,,,66,244,4,,,,,,,,,,,,,,,,,,,,,,,,,,,,,
5675,198172,3,NK,B,366,21-Jun-2020,19:48:51,-25.5354,169.9023,,401677745,-131,,0,21-Jun-2020,19:48:43,-25.5354,169.9023,17,3992,58129,274,99,,,10,0,16,,,,,,,,,,,,,,,,,,,,,,,,,,,,,
5675,198172,3,NK,B,366,21-Jun-2020,19:48:51,-25.5354,169.9023,,401677745,-131,,0,21-Jun-2020,19:49:00,-25.5354,169.9023,17,3992,58129,274,99,,,22,75,24,,,,,,,,,,,,,,,,,,,,,,,,,,,,,
5675,198172,3,NP,B,367,22-Jun-2020,17:42:47,-25.5205,169.7679,,401677779,-138,,0,22-Jun-2020,17:42:47,-25.5205,169.7679,,5165,6153,4336,106,,,22,75,24,,,,,,,,,,,,,,,,,,,,,,,,,,,,,
5675,198172,3,NK,B,368,22-Jun-2020,17:43:42,-25.8732,169.7746,,401677814,-137,6,0,22-Jun-2020,17:42:47,-25.8732,169.7746,110,5300,37110,757,34,,,22,75,24,,,,,,,,,,,,,,,,,,,,,,,,,,,,,
5675,198172,3,NK,B,368,22-Jun-2020,17:43:42,-25.8732,169.7746,,401677814,-137,6,0,22-Jun-2020,17:44:37,-25.8732,169.7746,110,5300,37110,757,34,,,67,241,4,,,,,,,,,,,,,,,,,,,,,,,,,,,,,
5675,198172,3,MA,B,369,22-Jun-2020,19:33:46,-25.8997,169.7587,,401677836,-130,7,0,22-Jun-2020,19:33:47,-25.8997,169.7587,,7649,19481,3003,35,,,22,75,24,,,,,,,,,,,,,,,,,,,,,,,,,,,,,
5675,198172,3,NP,B,370,24-Jun-2020,05:52:47,-25.9728,169.7219,,401677836,-129,,0,24-Jun-2020,05:52:16,-25.9728,169.7219,63,4449,41777,473,58,,,103,137,0,,,,,,,,,,,,,,,,,,,,,,,,,,,,,
5675,198172,3,NP,B,370,24-Jun-2020,05:52:47,-25.9728,169.7219,,401677836,-129,,0,24-Jun-2020,05:53:19,-25.9728,169.7219,63,4449,41777,473,58,,,3,242,124,,,,,,,,,,,,,,,,,,,,,,,,,,,,,
5675,198172,3,NN,B,371,24-Jun-2020,10:59:18,-25.8999,169.7225,,401677798,-135,,0,24-Jun-2020,10:59:19,-25.8999,169.7225,,3455,9267,1288,60,,,103,137,0,,,,,,,,,,,,,,,,,,,,,,,,,,,,,
5675,198172,3,MA,B,372,24-Jun-2020,10:59:18,-25.9627,169.6948,,401677862,-126,8,0,24-Jun-2020,10:59:19,-25.9627,169.6948,,3651,8614,1547,55,,,103,137,0,,,,,,,,,,,,,,,,,,,,,,,,,,,,,
5675,198172,3,NK,B,373,24-Jun-2020,18:29:08,-25.6719,169.8229,,401677712,-130,8,0,24-Jun-2020,18:29:09,-25.6719,169.8229,,3788,8115,1767,78,,,70,240,4,,,,,,,,,,,,,,,,,,,,,,,,,,,,,
5675,198172,3,NP,B,374,24-Jun-2020,18:54:44,-25.6236,169.7636,,401677711,-129,8,0,24-Jun-2020,18:54:45,-25.6236,169.7636,,7498,20552,2735,87,,,10,0,16,,,,,,,,,,,,,,,,,,,,,,,,,,,,,
5675,198172,3,SR,B,375,24-Jun-2020,18:54:44,-25.6423,169.6151,,401677835,-131,8,0,24-Jun-2020,18:54:45,-25.6423,169.6151,,14056,71720,2754,75,,,10,0,16,,,,,,,,,,,,,,,,,,,,,,,,,,,,,
5675,198172,23,NK,B,376,24-Jun-2020,20:08:02,-25.4486,170.0611,,401677757,-128,,0,24-Jun-2020,20:07:12,-21.8618,153.0342,101,4459,38334,518,138,,,69,208,131,220,232,140,96,178,12,80,147,215,148,62,115,18,35,241,138,132,129,105,27,,,,,,,,,
5675,198172,3,NK,B,376,24-Jun-2020,20:08:02,-25.4486,170.0611,,401677757,-128,,0,24-Jun-2020,20:08:53,-21.8618,153.0342,101,4459,38334,518,138,,,103,137,0,,,,,,,,,,,,,,,,,,,,,,,,,,,,,
5675,198172,3,NP,B,377,25-Jun-2020,05:48:12,-25.4695,170.0941,,401677733,-138,8,0,25-Jun-2020,05:48:12,-25.4695,170.0941,,18988,21165,17034,54,,,98,136,0,,,,,,,,,,,,,,,,,,,,,,,,,,,,,
5675,198172,3,SR,B,378,25-Jun-2020,06:02:01,-25.4637,170.0930,,401677731,-123,6,0,25-Jun-2020,06:02:02,-25.4637,170.0930,,14822,34932,6288,73,,,10,0,16,,,,,,,,,,,,,,,,,,,,,,,,,,,,,
5675,198172,3,NK,B,379,25-Jun-2020,06:55:22,-25.4394,170.1107,,401677759,-131,6,0,25-Jun-2020,06:55:22,-25.4394,170.1107,,2352,6990,791,82,,,87,98,31,,,,,,,,,,,,,,,,,,,,,,,,,,,,,
5675,198172,3,MC,B,380,25-Jun-2020,09:25:33,-25.3873,170.3876,,401677778,-121,8,0,25-Jun-2020,09:23:36,-25.3873,170.3876,236,3495,42816,285,176,,,10,0,16,,,,,,,,,,,,,,,,,,,,,,,,,,,,,
5675,198172,3,MC,B,380,25-Jun-2020,09:25:33,-25.3873,170.3876,,401677778,-121,8,0,25-Jun-2020,09:27:32,-25.3873,170.3876,236,3495,42816,285,176,,,22,75,24,,,,,,,,,,,,,,,,,,,,,,,,,,,,,
5675,198172,3,MA,B,381,25-Jun-2020,10:31:42,-25.3665,170.4320,,401677761,-134,8,0,25-Jun-2020,10:31:42,-25.3665,170.4320,,4263,7048,2577,173,,,22,11,24,,,,,,,,,,,,,,,,,,,,,,,,,,,,,
5675,198172,3,SR, ,382,26-Jun-2020,19:35:29,,,,401650000,-128,,0,26-Jun-2020,19:35:29,,,,,,,,,,196,79,80,,,,,,,,,,,,,,,,,,,,,,,,,,,,,
5675,198172,3,MA, ,383,27-Jun-2020,19:27:27,,,,401650000,-132,,0,27-Jun-2020,19:27:27,,,,,,,,,,22,75,24,,,,,,,,,,,,,,,,,,,,,,,,,,,,,
5675,198172,3,MA,Z,384,29-Jun-2020,09:17:38,-22.6852,177.7530,,401678242,-126,31,0,29-Jun-2020,09:15:42,-22.6852,177.7530,261,73315,378978,14182,79,,,10,0,16,,,,,,,,,,,,,,,,,,,,,,,,,,,,,
5675,198172,3,MA,Z,384,29-Jun-2020,09:17:38,-22.6852,177.7530,,401678242,-126,31,0,29-Jun-2020,09:17:47,-22.6852,177.7530,261,73315,378978,14182,79,,,91,192,159,,,,,,,,,,,,,,,,,,,,,,,,,,,,,
5675,198172,3,MA,Z,384,29-Jun-2020,09:17:38,-22.6852,177.7530,,401678242,-126,31,0,29-Jun-2020,09:18:11,-22.6852,177.7530,261,73315,378978,14182,79,,,97,135,0,,,,,,,,,,,,,,,,,,,,,,,,,,,,,
5675,198172,3,MA,Z,384,29-Jun-2020,09:17:38,-22.6852,177.7530,,401678242,-126,31,1,29-Jun-2020,09:20:03,-22.6852,177.7530,261,73315,378978,14182,79,,,22,75,24,,,,,,,,,,,,,,,,,,,,,,,,,,,,,
5675,198172,3,MC, ,385,29-Jun-2020,11:22:58,,,,401650000,-119,,0,29-Jun-2020,11:22:58,,,,,,,,,,22,75,24,,,,,,,,,,,,,,,,,,,,,,,,,,,,,
5675,198172,3,SR, ,386,29-Jun-2020,18:02:54,,,,401650000,-138,,0,29-Jun-2020,18:02:54,,,,,,,,,,30,75,23,,,,,,,,,,,,,,,,,,,,,,,,,,,,,
5675,198172,3,SR,0,387,29-Jun-2020,19:42:18,-24.0440,168.9656,,401677777,-131,40,0,29-Jun-2020,19:40:57,-24.0440,168.9656,179,14715,134980,1604,84,,,22,75,24,,,,,,,,,,,,,,,,,,,,,,,,,,,,,
5675,198172,3,SR,0,387,29-Jun-2020,19:42:18,-24.0440,168.9656,,401677777,-131,40,0,29-Jun-2020,19:42:03,-24.0440,168.9656,179,14715,134980,1604,84,,,97,131,0,,,,,,,,,,,,,,,,,,,,,,,,,,,,,
5675,198172,3,SR,0,387,29-Jun-2020,19:42:18,-24.0440,168.9656,,401677777,-131,40,1,29-Jun-2020,19:43:56,-24.0440,168.9656,179,14715,134980,1604,84,,,10,0,16,,,,,,,,,,,,,,,,,,,,,,,,,,,,,
5675,198172,3,NK,0,388,29-Jun-2020,19:45:37,-24.0649,168.9355,,401677780,-123,46,1,29-Jun-2020,19:42:35,-24.0649,168.9355,468,1697,10973,262,98,,,22,75,24,,,,,,,,,,,,,,,,,,,,,,,,,,,,,
5675,198172,3,NK,0,388,29-Jun-2020,19:45:37,-24.0649,168.9355,,401677780,-123,46,0,29-Jun-2020,19:43:56,-24.0649,168.9355,468,1697,10973,262,98,,,10,0,22,,,,,,,,,,,,,,,,,,,,,,,,,,,,,
5675,198172,3,NK,0,388,29-Jun-2020,19:45:37,-24.0649,168.9355,,401677780,-123,46,0,29-Jun-2020,19:47:13,-24.0649,168.9355,468,1697,10973,262,98,,,70,240,4,,,,,,,,,,,,,,,,,,,,,,,,,,,,,
5675,198172,3,NK,0,388,29-Jun-2020,19:45:37,-24.0649,168.9355,,401677780,-123,46,0,29-Jun-2020,19:48:07,-24.0649,168.9355,468,1697,10973,262,98,,,98,136,0,,,,,,,,,,,,,,,,,,,,,,,,,,,,,
5675,198172,23,NK,0,388,29-Jun-2020,19:45:37,-24.0649,168.9355,,401677780,-123,46,0,29-Jun-2020,19:48:31,-24.0649,168.9355,468,1697,10973,262,98,,,90,106,228,157,145,113,115,234,137,11,16,59,4,155,116,117,141,175,17,46,17,62,55,,,,,,,,,
5675,198172,3,NK,0,388,29-Jun-2020,19:45:37,-24.0649,168.9355,,401677780,-123,46,2,29-Jun-2020,19:49:08,-24.0649,168.9355,468,1697,10973,262,98,,,10,0,16,,,,,,,,,,,,,,,,,,,,,,,,,,,,,
5675,198172,3,NK,0,388,29-Jun-2020,19:45:37,-24.0649,168.9355,,401677780,-123,46,1,29-Jun-2020,19:50:23,-24.0649,168.9355,468,1697,10973,262,98,,,97,135,0,,,,,,,,,,,,,,,,,,,,,,,,,,,,,
5675,198172,3,NP,B,389,30-Jun-2020,08:01:11,-23.8622,169.1526,,401677833,-138,,0,30-Jun-2020,08:01:11,-23.8622,169.1526,,28783,33958,24395,36,,,97,135,0,,,,,,,,,,,,,,,,,,,,,,,,,,,,,
5675,198172,3,NK,B,390,30-Jun-2020,08:14:47,-24.1101,168.8083,,401677765,-137,6,0,30-Jun-2020,08:14:47,-24.1101,168.8083,,52604,156043,17733,45,,,10,0,16,,,,,,,,,,,,,,,,,,,,,,,,,,,,,
5675,198172,3,MC,Z,391,30-Jun-2020,09:25:59,-24.2479,168.7894,,401677762,-133,8,0,30-Jun-2020,09:25:59,-24.2479,168.7894,,70827,276862,18119,57,,,22,75,24,,,,,,,,,,,,,,,,,,,,,,,,,,,,,
5675,198172,3,NP,B,392,30-Jun-2020,17:41:28,-24.4796,168.7957,,401677829,-130,8,0,30-Jun-2020,17:41:29,-24.4796,168.7957,,22180,52430,9383,98,,,22,75,24,,,,,,,,,,,,,,,,,,,,,,,,,,,,,
5675,198172,3,SR,B,393,01-Jul-2020,06:19:23,-24.9920,168.6761,,401677781,-127,,0,01-Jul-2020,06:18:42,-24.9920,168.6761,83,55037,796630,3802,116,,,81,102,33,,,,,,,,,,,,,,,,,,,,,,,,,,,,,
5675,198172,3,SR,B,393,01-Jul-2020,06:19:23,-24.9920,168.6761,,401677781,-127,,0,01-Jul-2020,06:20:05,-24.9920,168.6761,83,55037,796630,3802,116,,,10,0,16,,,,,,,,,,,,,,,,,,,,,,,,,,,,,
5675,198172,3,NK,B,394,01-Jul-2020,07:39:34,-25.0060,168.6783,,401677750,-135,8,0,01-Jul-2020,07:39:35,-25.0060,168.6783,,57509,201157,16441,116,,,98,136,0,,,,,,,,,,,,,,,,,,,,,,,,,,,,,
5675,198172,3,NK,B,395,01-Jul-2020,18:59:16,-25.2104,168.5247,,401677842,-129,8,0,01-Jul-2020,18:59:17,-25.2104,168.5247,,68355,126228,37015,135,,,103,137,0,,,,,,,,,,,,,,,,,,,,,,,,,,,,,
5675,198172,3,NP,B,396,01-Jul-2020,19:13:54,-24.9478,168.6364,,401677740,-132,8,0,01-Jul-2020,19:13:54,-24.9478,168.6364,,63335,133019,30155,83,,,10,0,16,,,,,,,,,,,,,,,,,,,,,,,,,,,,,
5675,198172,3,SR,B,397,01-Jul-2020,20:14:10,-24.8899,168.5164,,401677802,-132,5,0,01-Jul-2020,20:14:10,-24.8899,168.5164,,37879,109081,13153,68,,,10,0,16,,,,,,,,,,,,,,,,,,,,,,,,,,,,,
5675,198172,3,MC,B,398,01-Jul-2020,20:14:47,-24.8743,168.3670,,401677867,-132,4,0,01-Jul-2020,20:14:48,-24.8743,168.3670,,48159,70267,33006,104,,,22,75,8,,,,,,,,,,,,,,,,,,,,,,,,,,,,,
5675,198172,3,NP,A,399,03-Jul-2020,05:48:09,-25.2831,167.4777,,401677554,-134,,0,03-Jul-2020,05:47:37,,,281,41556,137370,12571,173,,,67,241,4,,,,,,,,,,,,,,,,,,,,,,,,,,,,,
5675,198172,3,NP,A,399,03-Jul-2020,05:48:09,-25.2831,167.4777,,401677554,-134,,0,03-Jul-2020,05:48:42,,,281,41556,137370,12571,173,,,98,136,0,,,,,,,,,,,,,,,,,,,,,,,,,,,,,
5675,198172,3,NP,A,399,03-Jul-2020,05:48:09,-25.2831,167.4777,,401677554,-134,,1,03-Jul-2020,05:52:18,,,281,41556,137370,12571,173,,,67,241,4,,,,,,,,,,,,,,,,,,,,,,,,,,,,,
5675,198172,3,NP,B,400,03-Jul-2020,18:53:42,-25.3144,166.7782,,401677844,-135,,0,03-Jul-2020,18:53:42,-25.3144,166.7782,,197251,216527,179690,84,,,82,7,34,,,,,,,,,,,,,,,,,,,,,,,,,,,,,
5675,198172,3,NK,Z,401,03-Jul-2020,19:50:32,-25.3805,167.6180,,401677779,-131,8,0,03-Jul-2020,19:50:32,-25.3805,167.6180,,489640,,,,,,76,242,4,,,,,,,,,,,,,,,,,,,,,,,,,,,,,
5675,198172,3,MA,1,402,03-Jul-2020,20:40:35,-25.8284,167.5149,,401677756,-116,50,0,03-Jul-2020,20:40:35,-28.4632,-179.9972,581,1134,3557,361,106,,,86,16,131,,,,,,,,,,,,,,,,,,,,,,,,,,,,,
5675,198172,3,MA,1,402,03-Jul-2020,20:40:35,-25.8284,167.5149,,401677756,-116,50,0,03-Jul-2020,20:45:55,-28.4632,-179.9972,581,1134,3557,361,106,,,98,136,0,,,,,,,,,,,,,,,,,,,,,,,,,,,,,
5675,198172,3,MA,1,402,03-Jul-2020,20:40:35,-25.8284,167.5149,,401677756,-116,50,0,03-Jul-2020,20:47:02,-28.4632,-179.9972,581,1134,3557,361,106,,,10,0,16,,,,,,,,,,,,,,,,,,,,,,,,,,,,,
5675,198172,3,MA,1,402,03-Jul-2020,20:40:35,-25.8284,167.5149,,401677756,-116,50,0,03-Jul-2020,20:48:44,-28.4632,-179.9972,581,1134,3557,361,106,,,14,203,199,,,,,,,,,,,,,,,,,,,,,,,,,,,,,
5675,198172,3,MA,1,402,03-Jul-2020,20:40:35,-25.8284,167.5149,,401677756,-116,50,0,03-Jul-2020,20:50:16,-28.4632,-179.9972,581,1134,3557,361,106,,,85,44,34,,,,,,,,,,,,,,,,,,,,,,,,,,,,,
5675,198172,3,NN,B,403,03-Jul-2020,22:11:13,-25.8287,167.5152,,401677763,-130,8,0,03-Jul-2020,22:11:14,-25.8287,167.5152,,8622,9644,7707,90,,,10,0,16,,,,,,,,,,,,,,,,,,,,,,,,,,,,,
5675,198172,3,SR,B,404,04-Jul-2020,04:42:54,-25.9139,167.4912,,401677811,-139,8,0,04-Jul-2020,04:42:54,-25.9139,167.4912,,15322,21794,10771,100,,,98,136,0,,,,,,,,,,,,,,,,,,,,,,,,,,,,,
5675,198172,3,NP,B,405,04-Jul-2020,05:33:14,-25.9691,167.4573,,401677761,-137,8,0,04-Jul-2020,05:33:14,-25.9691,167.4573,,12971,25325,6643,108,,,8,0,16,,,,,,,,,,,,,,,,,,,,,,,,,,,,,
5675,198172,3,MA,B,406,04-Jul-2020,10:47:43,-26.3145,167.6329,,401677730,-128,8,0,04-Jul-2020,10:45:55,-26.3145,167.6329,217,2831,52812,151,72,,,22,75,24,,,,,,,,,,,,,,,,,,,,,,,,,,,,,
5675,198172,3,MA,B,406,04-Jul-2020,10:47:43,-26.3145,167.6329,,401677730,-128,8,0,04-Jul-2020,10:49:32,-26.3145,167.6329,217,2831,52812,151,72,,,70,240,4,,,,,,,,,,,,,,,,,,,,,,,,,,,,,
5675,198172,3,MC,B,407,04-Jul-2020,11:19:17,-26.3263,167.6434,,401677743,-124,6,0,04-Jul-2020,11:12:47,-26.3263,167.6434,390,3002,12697,709,75,,,10,0,16,,,,,,,,,,,,,,,,,,,,,,,,,,,,,
5675,198172,3,MC,B,407,04-Jul-2020,11:19:17,-26.3263,167.6434,,401677743,-124,6,0,04-Jul-2020,11:19:17,-26.3263,167.6434,390,3002,12697,709,75,,,70,240,4,,,,,,,,,,,,,,,,,,,,,,,,,,,,,
5675,198172,3,NP,A,408,04-Jul-2020,16:54:30,-26.4501,167.8024,,401677770,-138,8,0,04-Jul-2020,16:53:34,-26.4501,167.8024,126,2141,11411,401,143,,,64,206,4,,,,,,,,,,,,,,,,,,,,,,,,,,,,,
5675,198172,3,NP,A,408,04-Jul-2020,16:54:30,-26.4501,167.8024,,401677770,-138,8,0,04-Jul-2020,16:54:18,-26.4501,167.8024,126,2141,11411,401,143,,,80,252,34,,,,,,,,,,,,,,,,,,,,,,,,,,,,,
5675,198172,3,NP,A,408,04-Jul-2020,16:54:30,-26.4501,167.8024,,401677770,-138,8,0,04-Jul-2020,16:55:40,-26.4501,167.8024,126,2141,11411,401,143,,,10,0,16,,,,,,,,,,,,,,,,,,,,,,,,,,,,,
5675,198172,3,NP,1,409,04-Jul-2020,18:37:00,-26.5354,167.7991,,401677768,-126,48,0,04-Jul-2020,18:36:13,-26.5354,167.7991,109,894,2954,270,97,,,100,134,0,,,,,,,,,,,,,,,,,,,,,,,,,,,,,
5675,198172,3,NP,1,409,04-Jul-2020,18:37:00,-26.5354,167.7991,,401677768,-126,48,0,04-Jul-2020,18:36:27,-26.5354,167.7991,109,894,2954,270,97,,,10,0,16,,,,,,,,,,,,,,,,,,,,,,,,,,,,,
5675,198172,3,NP,1,409,04-Jul-2020,18:37:00,-26.5354,167.7991,,401677768,-126,48,0,04-Jul-2020,18:36:42,-26.5354,167.7991,109,894,2954,270,97,,,22,75,24,,,,,,,,,,,,,,,,,,,,,,,,,,,,,
5675,198172,3,NP,1,409,04-Jul-2020,18:37:00,-26.5354,167.7991,,401677768,-126,48,0,04-Jul-2020,18:37:40,-26.5354,167.7991,109,894,2954,270,97,,,64,198,36,,,,,,,,,,,,,,,,,,,,,,,,,,,,,
5675,198172,3,NP,1,409,04-Jul-2020,18:37:00,-26.5354,167.7991,,401677768,-126,48,0,04-Jul-2020,18:38:02,-26.5354,167.7991,109,894,2954,270,97,,,95,17,35,,,,,,,,,,,,,,,,,,,,,,,,,,,,,
5675,198172,3,SR,A,410,04-Jul-2020,18:37:22,-26.5327,167.7964,,401677758,-131,6,0,04-Jul-2020,18:36:27,-26.5327,167.7964,95,1585,3222,779,131,,,8,0,16,,,,,,,,,,,,,,,,,,,,,,,,,,,,,
5675,198172,3,SR,A,410,04-Jul-2020,18:37:22,-26.5327,167.7964,,401677758,-131,6,0,04-Jul-2020,18:37:40,-26.5327,167.7964,95,1585,3222,779,131,,,64,206,4,,,,,,,,,,,,,,,,,,,,,,,,,,,,,
5675,198172,3,SR,A,410,04-Jul-2020,18:37:22,-26.5327,167.7964,,401677758,-131,6,0,04-Jul-2020,18:38:02,-26.5327,167.7964,95,1585,3222,779,131,,,95,17,35,,,,,,,,,,,,,,,,,,,,,,,,,,,,,
5675,198172,23,NK,B,411,04-Jul-2020,19:19:57,-26.5584,167.8029,,401677763,-123,8,0,04-Jul-2020,19:19:58,-26.5584,167.8029,,7698,10308,5749,97,,,90,16,131,220,232,140,96,179,123,104,54,54,104,113,224,6,166,139,107,210,42,37,218,,,,,,,,,
5675,198172,3,NN,B,412,04-Jul-2020,20:12:41,-26.5816,167.8087,,401677763,-137,8,0,04-Jul-2020,20:12:42,-26.5816,167.8087,,9763,11962,7967,142,,,22,75,24,,,,,,,,,,,,,,,,,,,,,,,,,,,,,
5675,198172,3,MC,B,413,04-Jul-2020,20:51:50,-26.5893,167.8105,,401677773,-127,8,0,04-Jul-2020,20:51:51,-26.5893,167.8105,,12297,20861,7248,159,,,98,136,0,,,,,,,,,,,,,,,,,,,,,,,,,,,,,
5675,198172,3,MA, ,414,05-Jul-2020,21:39:06,,,,401650000,-131,,0,05-Jul-2020,21:39:06,,,,,,,,,,10,0,16,,,,,,,,,,,,,,,,,,,,,,,,,,,,,
5675,198172,3,NN, ,415,05-Jul-2020,21:39:06,,,,401650000,-127,,0,05-Jul-2020,21:39:06,,,,,,,,,,10,0,16,,,,,,,,,,,,,,,,,,,,,,,,,,,,,
5675,198172,3,MC, ,416,05-Jul-2020,22:08:42,,,,401650000,-124,,0,05-Jul-2020,22:08:42,,,,,,,,,,22,75,24,,,,,,,,,,,,,,,,,,,,,,,,,,,,,
5675,198172,3,NK, ,417,06-Jul-2020,07:19:06,,,,401650000,-137,,0,06-Jul-2020,07:19:06,,,,,,,,,,22,75,176,,,,,,,,,,,,,,,,,,,,,,,,,,,,,
5675,198172,3,NK, ,418,06-Jul-2020,20:05:33,,,,401650000,-133,,0,06-Jul-2020,20:05:33,,,,,,,,,,72,214,4,,,,,,,,,,,,,,,,,,,,,,,,,,,,,
5675,198172,3,MC,B,419,07-Jul-2020,10:16:57,-26.4136,167.4187,,401677871,-120,,0,07-Jul-2020,10:16:42,-26.4136,167.4187,32,26330,163790,4232,38,,,98,136,0,,,,,,,,,,,,,,,,,,,,,,,,,,,,,
5675,198172,3,MC,B,419,07-Jul-2020,10:16:57,-26.4136,167.4187,,401677871,-120,,0,07-Jul-2020,10:17:14,-26.4136,167.4187,32,26330,163790,4232,38,,,10,0,16,,,,,,,,,,,,,,,,,,,,,,,,,,,,,
5675,198172,3,NK,B,420,07-Jul-2020,19:47:28,-26.0871,167.5325,,401677757,-129,8,0,07-Jul-2020,19:47:05,-26.0871,167.5325,47,47423,557611,4033,104,,,83,236,35,,,,,,,,,,,,,,,,,,,,,,,,,,,,,
5675,198172,3,NK,B,420,07-Jul-2020,19:47:28,-26.0871,167.5325,,401677757,-129,8,0,07-Jul-2020,19:47:52,-26.0871,167.5325,47,47423,557611,4033,104,,,98,136,0,,,,,,,,,,,,,,,,,,,,,,,,,,,,,
5675,198172,3,MA,A,421,07-Jul-2020,20:57:25,-26.0734,167.4390,,401677761,-129,8,0,07-Jul-2020,20:56:54,-26.0734,167.4390,78,37397,116507,12003,82,,,10,0,16,,,,,,,,,,,,,,,,,,,,,,,,,,,,,
5675,198172,3,MA,A,421,07-Jul-2020,20:57:25,-26.0734,167.4390,,401677761,-129,8,0,07-Jul-2020,20:57:11,-26.0734,167.4390,78,37397,116507,12003,82,,,22,75,24,,,,,,,,,,,,,,,,,,,,,,,,,,,,,
5675,198172,3,MA,A,421,07-Jul-2020,20:57:25,-26.0734,167.4390,,401677761,-129,8,0,07-Jul-2020,20:58:12,-26.0734,167.4390,78,37397,116507,12003,82,,,65,235,4,,,,,,,,,,,,,,,,,,,,,,,,,,,,,
5675,198172,3,NN,B,422,07-Jul-2020,21:18:06,-26.0480,167.4967,,401677739,-129,6,0,07-Jul-2020,21:18:06,-26.0480,167.4967,,16337,49011,5445,93,,,22,75,24,,,,,,,,,,,,,,,,,,,,,,,,,,,,,
5675,198172,3,SR,B,423,08-Jul-2020,06:00:33,-26.1507,167.5627,,401677721,-131,8,0,08-Jul-2020,06:00:33,-26.1507,167.5627,,17544,25843,11909,114,,,80,47,36,,,,,,,,,,,,,,,,,,,,,,,,,,,,,
5675,198172,23,MA,0,424,08-Jul-2020,09:29:06,-25.8757,167.4425,,401677769,-126,47,0,08-Jul-2020,09:29:07,-25.8757,167.4425,251,7561,168972,338,81,,,94,80,131,220,232,140,96,242,4,37,144,151,98,32,196,65,155,126,8,1,191,167,49,,,,,,,,,
5675,198172,3,MA,0,424,08-Jul-2020,09:29:06,-25.8757,167.4425,,401677769,-126,47,0,08-Jul-2020,09:31:59,-25.8757,167.4425,251,7561,168972,338,81,,,93,105,36,,,,,,,,,,,,,,,,,,,,,,,,,,,,,
5675,198172,3,MA,0,424,08-Jul-2020,09:29:06,-25.8757,167.4425,,401677769,-126,47,0,08-Jul-2020,09:32:35,-25.8757,167.4425,251,7561,168972,338,81,,,98,136,0,,,,,,,,,,,,,,,,,,,,,,,,,,,,,
5675,198172,3,MA,0,424,08-Jul-2020,09:29:06,-25.8757,167.4425,,401677769,-126,47,0,08-Jul-2020,09:33:18,-25.8757,167.4425,251,7561,168972,338,81,,,10,0,16,,,,,,,,,,,,,,,,,,,,,,,,,,,,,
5675,198172,3,NN,B,425,08-Jul-2020,09:49:02,-25.8760,167.4426,,401677774,-132,6,0,08-Jul-2020,09:49:02,-25.8760,167.4426,,7158,15183,3374,82,,,95,115,36,,,,,,,,,,,,,,,,,,,,,,,,,,,,,
5675,198172,3,NK,B,426,08-Jul-2020,09:49:02,-25.8893,167.4113,,401677764,-129,,0,08-Jul-2020,09:49:02,-25.8893,167.4113,,2595,5660,1189,88,,,95,115,36,,,,,,,,,,,,,,,,,,,,,,,,,,,,,
5675,198172,3,MC,B,427,08-Jul-2020,10:01:42,-25.8777,167.3579,,401677765,-128,6,0,08-Jul-2020,10:00:38,-25.8777,167.3579,129,1545,9996,238,56,,,98,136,0,,,,,,,,,,,,,,,,,,,,,,,,,,,,,
5675,198172,3,MC,B,427,08-Jul-2020,10:01:42,-25.8777,167.3579,,401677765,-128,6,0,08-Jul-2020,10:02:47,-25.8777,167.3579,129,1545,9996,238,56,,,22,75,24,,,,,,,,,,,,,,,,,,,,,,,,,,,,,
5675,198172,3,MB,A,428,08-Jul-2020,10:43:22,-25.8659,167.3501,,401677759,-129,8,0,08-Jul-2020,10:41:50,-25.8659,167.3501,160,388,3643,41,84,,,91,233,4,,,,,,,,,,,,,,,,,,,,,,,,,,,,,
5675,198172,3,MB,A,428,08-Jul-2020,10:43:22,-25.8659,167.3501,,401677759,-129,8,0,08-Jul-2020,10:43:48,-25.8659,167.3501,160,388,3643,41,84,,,98,136,0,,,,,,,,,,,,,,,,,,,,,,,,,,,,,
5675,198172,3,MB,A,428,08-Jul-2020,10:43:22,-25.8659,167.3501,,401677759,-129,8,0,08-Jul-2020,10:44:30,-25.8659,167.3501,160,388,3643,41,84,,,10,0,16,,,,,,,,,,,,,,,,,,,,,,,,,,,,,
5675,198172,3,NN,B,429,08-Jul-2020,11:27:10,-25.8575,167.3437,,401677760,-137,8,0,08-Jul-2020,11:27:11,-25.8575,167.3437,,961,1257,735,80,,,98,136,0,,,,,,,,,,,,,,,,,,,,,,,,,,,,,
5675,198172,3,NP,B,430,08-Jul-2020,17:46:03,-25.7119,167.2981,,401677774,-135,8,0,08-Jul-2020,17:45:30,-25.7119,167.2981,68,1972,12723,305,86,,,22,75,24,,,,,,,,,,,,,,,,,,,,,,,,,,,,,
5675,198172,23,NP,B,430,08-Jul-2020,17:46:03,-25.7119,167.2981,,401677774,-135,8,0,08-Jul-2020,17:46:38,-25.7119,167.2981,68,1972,12723,305,86,,,85,240,131,220,232,140,96,178,20,71,15,146,204,64,134,30,33,47,95,58,17,245,224,,,,,,,,,
5675,198172,3,SR,B,431,08-Jul-2020,18:23:05,-25.7525,167.2652,,401677754,-133,8,0,08-Jul-2020,18:22:39,-25.7525,167.2652,53,2138,8401,544,55,,,103,137,0,,,,,,,,,,,,,,,,,,,,,,,,,,,,,
5675,198172,3,SR,B,431,08-Jul-2020,18:23:05,-25.7525,167.2652,,401677754,-133,8,0,08-Jul-2020,18:23:32,-25.7525,167.2652,53,2138,8401,544,55,,,10,0,16,,,,,,,,,,,,,,,,,,,,,,,,,,,,,
5675,198172,3,NK,2,432,08-Jul-2020,19:17:48,-25.6605,167.4040,,401677764,-124,58,0,08-Jul-2020,19:13:31,-25.6605,167.4040,555,358,625,204,108,,,81,219,36,,,,,,,,,,,,,,,,,,,,,,,,,,,,,
5675,198172,3,NK,2,432,08-Jul-2020,19:17:48,-25.6605,167.4040,,401677764,-124,58,0,08-Jul-2020,19:14:35,-25.6605,167.4040,555,358,625,204,108,,,98,136,0,,,,,,,,,,,,,,,,,,,,,,,,,,,,,
5675,198172,3,NK,2,432,08-Jul-2020,19:17:48,-25.6605,167.4040,,401677764,-124,58,0,08-Jul-2020,19:16:43,-25.6605,167.4040,555,358,625,204,108,,,72,230,4,,,,,,,,,,,,,,,,,,,,,,,,,,,,,
5675,198172,3,NK,2,432,08-Jul-2020,19:17:48,-25.6605,167.4040,,401677764,-124,58,0,08-Jul-2020,19:19:15,-25.6605,167.4040,555,358,625,204,108,,,10,0,16,,,,,,,,,,,,,,,,,,,,,,,,,,,,,
5675,198172,23,NK,2,432,08-Jul-2020,19:17:48,-25.6605,167.4040,,401677764,-124,58,0,08-Jul-2020,19:21:55,-25.6605,167.4040,555,358,625,204,108,,,70,112,131,220,232,140,96,178,4,77,131,21,212,73,199,18,1,110,30,206,96,255,128,,,,,,,,,
5675,198172,3,NK,2,432,08-Jul-2020,19:17:48,-25.6605,167.4040,,401677764,-124,58,1,08-Jul-2020,19:22:46,-25.6605,167.4040,555,358,625,204,108,,,22,75,24,,,,,,,,,,,,,,,,,,,,,,,,,,,,,
5675,198172,3,NP,B,433,08-Jul-2020,19:33:27,-25.6497,167.3497,,401677769,-133,7,0,08-Jul-2020,19:32:35,-25.6497,167.3497,104,3414,21081,552,102,,,88,230,10,,,,,,,,,,,,,,,,,,,,,,,,,,,,,
5675,198172,3,NP,B,433,08-Jul-2020,19:33:27,-25.6497,167.3497,,401677769,-133,7,0,08-Jul-2020,19:34:19,-25.6497,167.3497,104,3414,21081,552,102,,,10,0,18,,,,,,,,,,,,,,,,,,,,,,,,,,,,,
5675,198172,3,SR,1,434,08-Jul-2020,19:57:56,-25.6322,167.4106,,401677759,-132,56,0,08-Jul-2020,19:55:28,-25.6322,167.4106,267,725,1091,480,150,,,118,250,36,,,,,,,,,,,,,,,,,,,,,,,,,,,,,
5675,198172,3,SR,1,434,08-Jul-2020,19:57:56,-25.6322,167.4106,,401677759,-132,56,0,08-Jul-2020,19:57:48,-25.6322,167.4106,267,725,1091,480,150,,,98,136,0,,,,,,,,,,,,,,,,,,,,,,,,,,,,,
5675,198172,23,SR,1,434,08-Jul-2020,19:57:56,-25.6322,167.4106,,401677759,-132,56,0,08-Jul-2020,19:58:34,-25.6322,167.4106,267,725,1091,480,150,,,94,240,131,220,232,140,96,178,4,80,12,212,16,77,248,81,120,17,73,147,214,223,122,,,,,,,,,
5675,198172,3,SR,1,434,08-Jul-2020,19:57:56,-25.6322,167.4106,,401677759,-132,56,0,08-Jul-2020,19:59:55,-25.6322,167.4106,267,725,1091,480,150,,,10,0,16,,,,,,,,,,,,,,,,,,,,,,,,,,,,,
5675,198172,3,MC,B,435,09-Jul-2020,09:37:52,-25.2103,167.6528,,401677743,-131,,0,09-Jul-2020,09:37:52,-25.2103,167.6528,,10735,20430,5640,67,,,22,75,13,,,,,,,,,,,,,,,,,,,,,,,,,,,,,
5675,198172,3,NN,B,436,09-Jul-2020,09:37:52,-25.2253,167.6532,,401677743,-133,,0,09-Jul-2020,09:37:52,-25.2253,167.6532,,10370,22648,4747,70,,,22,75,26,,,,,,,,,,,,,,,,,,,,,,,,,,,,,
5675,198172,3,MC,B,437,09-Jul-2020,11:18:59,-25.2533,167.5973,,401677735,-123,8,0,09-Jul-2020,11:18:59,-25.2533,167.5973,151,4918,74878,323,93,,,22,11,31,,,,,,,,,,,,,,,,,,,,,,,,,,,,,
5675,198172,3,MC,B,437,09-Jul-2020,11:18:59,-25.2533,167.5973,,401677735,-123,8,0,09-Jul-2020,11:21:30,-25.2533,167.5973,151,4918,74878,323,93,,,77,231,4,,,,,,,,,,,,,,,,,,,,,,,,,,,,,
5675,198172,3,NN,B,438,09-Jul-2020,11:21:30,-25.2474,167.5358,,401677740,-131,6,0,09-Jul-2020,11:18:59,-25.2474,167.5358,151,656,4348,98,78,,,22,77,245,,,,,,,,,,,,,,,,,,,,,,,,,,,,,
5675,198172,3,NN,B,438,09-Jul-2020,11:21:30,-25.2474,167.5358,,401677740,-131,6,0,09-Jul-2020,11:21:30,-25.2474,167.5358,151,656,4348,98,78,,,77,231,4,,,,,,,,,,,,,,,,,,,,,,,,,,,,,
5675,198172,3,NP,1,439,09-Jul-2020,19:19:17,-25.0260,167.5766,,401677760,-129,58,0,09-Jul-2020,19:14:30,-25.0260,167.5766,287,1297,7725,217,65,,,65,235,4,,,,,,,,,,,,,,,,,,,,,,,,,,,,,
5675,198172,3,NP,1,439,09-Jul-2020,19:19:17,-25.0260,167.5766,,401677760,-129,58,0,09-Jul-2020,19:15:09,-25.0260,167.5766,287,1297,7725,217,65,,,90,125,37,,,,,,,,,,,,,,,,,,,,,,,,,,,,,
5675,198172,3,NP,1,439,09-Jul-2020,19:19:17,-25.0260,167.5766,,401677760,-129,58,0,09-Jul-2020,19:15:49,-25.0260,167.5766,287,1297,7725,217,65,,,10,0,16,,,,,,,,,,,,,,,,,,,,,,,,,,,,,
5675,198172,3,NP,1,439,09-Jul-2020,19:19:17,-25.0260,167.5766,,401677760,-129,58,0,09-Jul-2020,19:19:17,-25.0260,167.5766,287,1297,7725,217,65,,,97,135,0,,,,,,,,,,,,,,,,,,,,,,,,,,,,,
5675,198172,3,SR,B,440,09-Jul-2020,19:29:36,-25.0225,167.5772,,401677760,-133,6,0,09-Jul-2020,19:29:37,-25.0225,167.5772,,1481,2247,975,69,,,22,75,88,,,,,,,,,,,,,,,,,,,,,,,,,,,,,
5675,198172,3,MC,B,441,09-Jul-2020,20:47:26,-24.9949,167.6051,,401677761,-132,8,0,09-Jul-2020,20:47:27,-24.9949,167.6051,182,1666,9265,299,169,,,93,135,37,,,,,,,,,,,,,,,,,,,,,,,,,,,,,
5675,198172,3,MC,B,441,09-Jul-2020,20:47:26,-24.9949,167.6051,,401677761,-132,8,0,09-Jul-2020,20:50:29,-24.9949,167.6051,182,1666,9265,299,169,,,22,75,24,,,,,,,,,,,,,,,,,,,,,,,,,,,,,
5675,198172,3,NN,B,442,09-Jul-2020,20:52:48,-24.9910,167.5931,,401677760,-135,6,0,09-Jul-2020,20:50:29,-24.9910,167.5931,278,1149,15614,84,144,,,22,75,24,,,,,,,,,,,,,,,,,,,,,,,,,,,,,
5675,198172,3,NN,B,442,09-Jul-2020,20:52:48,-24.9910,167.5931,,401677760,-135,6,0,09-Jul-2020,20:55:07,-24.9910,167.5931,278,1149,15614,84,144,,,97,135,0,,,,,,,,,,,,,,,,,,,,,,,,,,,,,
5675,198172,3,MC,B,443,10-Jul-2020,10:59:24,-24.7218,167.6275,,401677756,-124,,0,10-Jul-2020,10:59:25,-24.7218,167.6275,,3822,5050,2892,108,,,10,0,16,,,,,,,,,,,,,,,,,,,,,,,,,,,,,
5675,198172,3,NP, ,444,12-Jul-2020,18:46:07,,,,401650000,-131,,0,12-Jul-2020,18:46:07,,,,,,,,,,75,233,5,,,,,,,,,,,,,,,,,,,,,,,,,,,,,
5675,198172,3,NK,1,445,12-Jul-2020,19:21:23,-24.4710,167.3945,,401677773,-128,40,0,12-Jul-2020,19:17:48,-24.4710,167.3945,404,821,2393,281,92,,,103,137,0,,,,,,,,,,,,,,,,,,,,,,,,,,,,,
5675,198172,3,NK,1,445,12-Jul-2020,19:21:23,-24.4710,167.3945,,401677773,-128,40,0,12-Jul-2020,19:19:58,-24.4710,167.3945,404,821,2393,281,92,,,75,233,4,,,,,,,,,,,,,,,,,,,,,,,,,,,,,
5675,198172,3,NK,1,445,12-Jul-2020,19:21:23,-24.4710,167.3945,,401677773,-128,40,0,12-Jul-2020,19:21:05,-24.4710,167.3945,404,821,2393,281,92,,,92,61,38,,,,,,,,,,,,,,,,,,,,,,,,,,,,,
5675,198172,3,NK,1,445,12-Jul-2020,19:21:23,-24.4710,167.3945,,401677773,-128,40,0,12-Jul-2020,19:23:32,-24.4710,167.3945,404,821,2393,281,92,,,22,75,24,,,,,,,,,,,,,,,,,,,,,,,,,,,,,
5675,198172,23,NK,1,445,12-Jul-2020,19:21:23,-24.4710,167.3945,,401677773,-128,40,0,12-Jul-2020,19:24:32,-24.4710,167.3945,404,821,2393,281,92,,,79,208,131,220,232,140,96,178,6,77,173,23,86,76,131,14,1,183,30,206,160,255,128,,,,,,,,,
5675,198172,3,SR,B,446,12-Jul-2020,19:30:49,-24.4685,167.3945,,401650000,-132,6,0,12-Jul-2020,19:30:49,-24.4685,167.3945,,2589,2981,2248,88,,,10,0,16,,,,,,,,,,,,,,,,,,,,,,,,,,,,,
5675,198172,23,MC, ,447,13-Jul-2020,21:03:57,,,,401650000,-131,,0,13-Jul-2020,21:03:57,,,,,,,,,,84,240,134,159,230,207,153,3,176,102,56,136,28,32,88,58,71,129,143,183,20,38,33,,,,,,,,,
5675,198172,3,NN,B,448,13-Jul-2020,21:49:00,-24.3826,167.4045,,401677752,-129,,0,13-Jul-2020,21:45:36,-24.3826,167.4045,410,17430,853610,355,86,,,150,11,20,,,,,,,,,,,,,,,,,,,,,,,,,,,,,
5675,198172,3,NN,B,448,13-Jul-2020,21:49:00,-24.3826,167.4045,,401677752,-129,,0,13-Jul-2020,21:52:26,-24.3826,167.4045,410,17430,853610,355,86,,,93,150,38,,,,,,,,,,,,,,,,,,,,,,,,,,,,,
5675,198172,3,MB, ,449,13-Jul-2020,21:52:26,,,,401650000,-131,,0,13-Jul-2020,21:52:26,,,,,,,,,,93,150,38,,,,,,,,,,,,,,,,,,,,,,,,,,,,,
5675,198172,3,MA,A,450,13-Jul-2020,22:19:55,-24.4125,167.5181,,401650000,-131,,0,13-Jul-2020,22:17:47,-24.4125,167.5181,268,300,805,112,142,,,10,0,16,,,,,,,,,,,,,,,,,,,,,,,,,,,,,
5675,198172,3,MA,A,450,13-Jul-2020,22:19:55,-24.4125,167.5181,,401650000,-131,,0,13-Jul-2020,22:19:44,-24.4125,167.5181,268,300,805,112,142,,,22,75,24,,,,,,,,,,,,,,,,,,,,,,,,,,,,,
5675,198172,3,MA,A,450,13-Jul-2020,22:19:55,-24.4125,167.5181,,401650000,-131,,0,13-Jul-2020,22:22:15,-24.4125,167.5181,268,300,805,112,142,,,78,217,186,,,,,,,,,,,,,,,,,,,,,,,,,,,,,
5675,198172,3,NP,B,451,14-Jul-2020,07:03:35,-24.6317,167.6033,,401677670,-133,8,0,14-Jul-2020,07:03:36,-24.6317,167.6033,,16542,53888,5077,77,,,10,0,16,,,,,,,,,,,,,,,,,,,,,,,,,,,,,
5675,198172,3,SR,B,452,14-Jul-2020,18:32:49,-24.6845,167.7621,,401677641,-127,8,0,14-Jul-2020,18:32:49,-24.6845,167.7621,,17734,38879,8088,64,,,65,235,4,,,,,,,,,,,,,,,,,,,,,,,,,,,,,
5675,198172,3,NK,B,453,14-Jul-2020,20:07:47,-24.8038,167.8435,,401677762,-128,5,0,14-Jul-2020,20:05:19,-24.8038,167.8435,296,13272,295710,595,39,,,22,79,80,,,,,,,,,,,,,,,,,,,,,,,,,,,,,
5675,198172,3,NK,B,453,14-Jul-2020,20:07:47,-24.8038,167.8435,,401677762,-128,5,0,14-Jul-2020,20:10:15,-24.8038,167.8435,296,13272,295710,595,39,,,65,235,4,,,,,,,,,,,,,,,,,,,,,,,,,,,,,
5675,198172,3,SR,B,454,14-Jul-2020,20:10:15,-24.6724,167.7939,,401677667,-135,7,0,14-Jul-2020,20:10:15,-24.6724,167.7939,,17868,41399,7711,65,,,65,235,4,,,,,,,,,,,,,,,,,,,,,,,,,,,,,
5675,198172,3,MA,B,455,14-Jul-2020,20:21:30,-24.7670,167.6795,,401677715,-135,6,0,14-Jul-2020,20:21:31,-24.7670,167.6795,,22067,59560,8175,88,,,98,136,0,,,,,,,,,,,,,,,,,,,,,,,,,,,,,
5675,198172,3,MC,B,456,14-Jul-2020,20:49:44,-24.7651,167.6875,,401677716,-130,6,0,14-Jul-2020,20:49:45,-24.7651,167.6875,,3167,7961,1259,88,,,22,75,24,,,,,,,,,,,,,,,,,,,,,,,,,,,,,
5675,198172,3,NN,B,457,14-Jul-2020,21:36:06,-24.7594,167.7005,,401677715,-135,8,0,14-Jul-2020,21:36:07,-24.7594,167.7005,,3053,11104,839,93,,,10,1,22,,,,,,,,,,,,,,,,,,,,,,,,,,,,,
5675,198172,3,MC,B,458,14-Jul-2020,22:32:12,-24.7426,167.7931,,401677775,-131,5,0,14-Jul-2020,22:32:12,-24.7426,167.7931,,2906,7706,1095,102,,,22,75,24,,,,,,,,,,,,,,,,,,,,,,,,,,,,,
5675,198172,3,SR, ,459,16-Jul-2020,05:07:05,,,,401650000,-138,,0,16-Jul-2020,05:07:05,,,,,,,,,,82,186,39,,,,,,,,,,,,,,,,,,,,,,,,,,,,,
5675,198172,3,NP, ,460,16-Jul-2020,17:52:12,,,,401650000,-131,,0,16-Jul-2020,17:52:12,,,,,,,,,,22,75,24,,,,,,,,,,,,,,,,,,,,,,,,,,,,,
5675,198172,3,SR,A,461,16-Jul-2020,19:11:36,-24.1850,169.4136,Lon > 4 deviations from mean,401677677,-132,,0,16-Jul-2020,19:11:11,-24.1850,169.4136,60,45888,700807,3004,92,,,72,246,4,,,,,,,,,,,,,,,,,,,,,,,,,,,,,
5675,198172,3,SR,A,461,16-Jul-2020,19:11:36,-24.1850,169.4136,Lon > 4 deviations from mean,401677677,-132,,0,16-Jul-2020,19:11:28,-24.1850,169.4136,60,45888,700807,3004,92,,,85,238,39,,,,,,,,,,,,,,,,,,,,,,,,,,,,,
5675,198172,3,SR,A,461,16-Jul-2020,19:11:36,-24.1850,169.4136,Lon > 4 deviations from mean,401677677,-132,,0,16-Jul-2020,19:12:11,-24.1850,169.4136,60,45888,700807,3004,92,,,10,0,16,,,,,,,,,,,,,,,,,,,,,,,,,,,,,
5675,198172,3,NK,1,462,16-Jul-2020,19:17:27,-24.1540,167.9925,,401677767,-126,46,0,16-Jul-2020,19:13:36,-24.1540,167.9925,570,1399,3161,618,110,,,92,243,39,,,,,,,,,,,,,,,,,,,,,,,,,,,,,
5675,198172,3,NK,1,462,16-Jul-2020,19:17:27,-24.1540,167.9925,,401677767,-126,46,0,16-Jul-2020,19:15:12,-24.1540,167.9925,570,1399,3161,618,110,,,68,250,4,,,,,,,,,,,,,,,,,,,,,,,,,,,,,
5675,198172,3,NK,1,462,16-Jul-2020,19:17:27,-24.1540,167.9925,,401677767,-126,46,0,16-Jul-2020,19:15:33,-24.1540,167.9925,570,1399,3161,618,110,,,91,248,39,,,,,,,,,,,,,,,,,,,,,,,,,,,,,
5675,198172,3,NK,1,462,16-Jul-2020,19:17:27,-24.1540,167.9925,,401677767,-126,46,1,16-Jul-2020,19:17:55,-24.1540,167.9925,570,1399,3161,618,110,,,22,75,24,,,,,,,,,,,,,,,,,,,,,,,,,,,,,
5675,198172,3,NK,1,462,16-Jul-2020,19:17:27,-24.1540,167.9925,,401677767,-126,46,1,16-Jul-2020,19:18:17,-24.1540,167.9925,570,1399,3161,618,110,,,75,249,4,,,,,,,,,,,,,,,,,,,,,,,,,,,,,
5675,198172,3,NK,1,462,16-Jul-2020,19:17:27,-24.1540,167.9925,,401677767,-126,46,0,16-Jul-2020,19:18:45,-24.1540,167.9925,570,1399,3161,618,110,,,90,255,167,,,,,,,,,,,,,,,,,,,,,,,,,,,,,
5675,198172,3,NK,1,462,16-Jul-2020,19:17:27,-24.1540,167.9925,,401677767,-126,46,0,16-Jul-2020,19:21:35,-24.1540,167.9925,570,1399,3161,618,110,,,93,2,40,,,,,,,,,,,,,,,,,,,,,,,,,,,,,
5675,198172,23,NK,1,462,16-Jul-2020,19:17:27,-24.1540,167.9925,,401677767,-126,46,0,16-Jul-2020,19:21:53,-24.1540,167.9925,570,1399,3161,618,110,,,84,244,54,212,97,76,119,167,9,119,214,233,86,105,40,122,94,16,189,75,152,230,114,,,,,,,,,
5675,198172,3,NK,1,462,16-Jul-2020,19:17:27,-24.1540,167.9925,,401677767,-126,46,2,16-Jul-2020,19:22:50,-24.1540,167.9925,570,1399,3161,618,110,,,97,135,0,,,,,,,,,,,,,,,,,,,,,,,,,,,,,
5675,198172,3,NK,1,462,16-Jul-2020,19:17:27,-24.1540,167.9925,,401677767,-126,46,2,16-Jul-2020,19:23:06,-24.1540,167.9925,570,1399,3161,618,110,,,10,0,16,,,,,,,,,,,,,,,,,,,,,,,,,,,,,
5675,198172,3,MA,B,463,16-Jul-2020,19:35:58,-24.1549,167.9934,,401677769,-130,6,0,16-Jul-2020,19:35:59,-24.1549,167.9934,,17741,20033,15711,101,,,22,75,24,,,,,,,,,,,,,,,,,,,,,,,,,,,,,
5675,198172,3,NN,B,464,16-Jul-2020,21:09:31,-24.2062,167.9818,,401677780,-131,8,0,16-Jul-2020,21:09:24,-24.2062,167.9818,15,35825,68103,18845,97,,,75,249,20,,,,,,,,,,,,,,,,,,,,,,,,,,,,,
5675,198172,3,NN,B,464,16-Jul-2020,21:09:31,-24.2062,167.9818,,401677780,-131,8,0,16-Jul-2020,21:09:39,-24.2062,167.9818,15,35825,68103,18845,97,,,90,86,40,,,,,,,,,,,,,,,,,,,,,,,,,,,,,
5675,198172,3,MB,B,465,16-Jul-2020,22:28:34,-24.2106,168.0322,,401677777,-136,8,0,16-Jul-2020,22:28:35,-24.2106,168.0322,,7311,9897,5401,101,,,97,135,0,,,,,,,,,,,,,,,,,,,,,,,,,,,,,
5675,198172,3,NP,A,466,17-Jul-2020,06:27:02,-24.5800,168.0926,,401677724,-126,8,0,17-Jul-2020,06:26:18,-24.5800,168.0926,103,5570,22686,1367,21,,,65,235,4,,,,,,,,,,,,,,,,,,,,,,,,,,,,,
5675,198172,3,NP,A,466,17-Jul-2020,06:27:02,-24.5800,168.0926,,401677724,-126,8,0,17-Jul-2020,06:26:49,-24.5800,168.0926,103,5570,22686,1367,21,,,82,154,41,,,,,,,,,,,,,,,,,,,,,,,,,,,,,
5675,198172,3,NP,A,466,17-Jul-2020,06:27:02,-24.5800,168.0926,,401677724,-126,8,0,17-Jul-2020,06:28:01,-24.5800,168.0926,103,5570,22686,1367,21,,,97,203,74,,,,,,,,,,,,,,,,,,,,,,,,,,,,,
5675,198172,3,NK,B,467,17-Jul-2020,07:39:57,-24.6044,168.1247,,401677710,-128,8,0,17-Jul-2020,07:39:57,-24.6044,168.1247,,14409,15235,13627,67,,,22,75,24,,,,,,,,,,,,,,,,,,,,,,,,,,,,,
5675,198172,3,NP,B,468,17-Jul-2020,08:04:49,-24.6029,168.1230,,401677768,-137,6,0,17-Jul-2020,08:04:49,-24.6029,168.1230,,16511,18140,15027,35,,,69,239,100,,,,,,,,,,,,,,,,,,,,,,,,,,,,,
5675,198172,3,MC,B,469,17-Jul-2020,11:48:38,-24.6541,168.2106,,401677774,-131,8,0,17-Jul-2020,11:48:39,-24.6541,168.2106,,20288,23448,17553,75,,,75,233,4,,,,,,,,,,,,,,,,,,,,,,,,,,,,,
5675,198172,3,NP,0,470,17-Jul-2020,19:20:28,-24.6504,168.2311,,401677785,-136,58,0,17-Jul-2020,19:20:29,-24.6504,168.2311,191,1633,14945,178,98,,,113,135,0,,,,,,,,,,,,,,,,,,,,,,,,,,,,,
5675,198172,3,NP,0,470,17-Jul-2020,19:20:28,-24.6504,168.2311,,401677785,-136,58,0,17-Jul-2020,19:21:50,-24.6504,168.2311,191,1633,14945,178,98,,,10,0,16,,,,,,,,,,,,,,,,,,,,,,,,,,,,,
5675,198172,3,NP,0,470,17-Jul-2020,19:20:28,-24.6504,168.2311,,401677785,-136,58,0,17-Jul-2020,19:22:54,-24.6504,168.2311,191,1633,14945,178,98,,,22,75,24,,,,,,,,,,,,,,,,,,,,,,,,,,,,,
5675,198172,3,NP,0,470,17-Jul-2020,19:20:28,-24.6504,168.2311,,401677785,-136,58,0,17-Jul-2020,19:23:40,-24.6504,168.2311,191,1633,14945,178,98,,,71,245,4,,,,,,,,,,,,,,,,,,,,,,,,,,,,,
5675,198172,3,NK,A,471,17-Jul-2020,20:30:56,-24.6281,168.1626,,401677747,-128,8,0,17-Jul-2020,20:29:05,-24.6281,168.1626,181,1554,14455,167,85,,,103,137,0,,,,,,,,,,,,,,,,,,,,,,,,,,,,,
5675,198172,3,NK,A,471,17-Jul-2020,20:30:56,-24.6281,168.1626,,401677747,-128,8,0,17-Jul-2020,20:31:38,-24.6281,168.1626,181,1554,14455,167,85,,,10,0,16,,,,,,,,,,,,,,,,,,,,,,,,,,,,,
5675,198172,3,NK,A,471,17-Jul-2020,20:30:56,-24.6281,168.1626,,401677747,-128,8,0,17-Jul-2020,20:32:06,-24.6281,168.1626,181,1554,14455,167,85,,,22,75,24,,,,,,,,,,,,,,,,,,,,,,,,,,,,,
5675,198172,3,NN,B,472,17-Jul-2020,22:45:04,-24.6722,168.2752,,401677738,-133,8,0,17-Jul-2020,22:45:05,-24.6722,168.2752,,2609,3424,1988,83,,,10,0,16,,,,,,,,,,,,,,,,,,,,,,,,,,,,,
5675,198172,3,NP,0,473,18-Jul-2020,06:15:53,-24.3820,168.2277,,401677819,-138,48,0,18-Jul-2020,06:15:54,-24.3820,168.2277,160,2989,13527,660,113,,,98,136,2,,,,,,,,,,,,,,,,,,,,,,,,,,,,,
5675,198172,3,NP,0,473,18-Jul-2020,06:15:53,-24.3820,168.2277,,401677819,-138,48,0,18-Jul-2020,06:17:03,-24.3820,168.2277,160,2989,13527,660,113,,,10,0,16,,,,,,,,,,,,,,,,,,,,,,,,,,,,,
5675,198172,3,NP,0,473,18-Jul-2020,06:15:53,-24.3820,168.2277,,401677819,-138,48,0,18-Jul-2020,06:17:51,-24.3820,168.2277,160,2989,13527,660,113,,,22,75,24,,,,,,,,,,,,,,,,,,,,,,,,,,,,,
5675,198172,3,NP,0,473,18-Jul-2020,06:15:53,-24.3820,168.2277,,401677819,-138,48,0,18-Jul-2020,06:18:34,-24.3820,168.2277,160,2989,13527,660,113,,,73,243,4,,,,,,,,,,,,,,,,,,,,,,,,,,,,,
5675,198172,3,SR,B,474,18-Jul-2020,19:44:30,-24.1731,168.0553,,401677813,-126,,0,18-Jul-2020,19:44:31,-24.1731,168.0553,,15945,30631,8300,60,,,103,137,0,,,,,,,,,,,,,,,,,,,,,,,,,,,,,
5675,198172,3,NP,B,475,19-Jul-2020,18:58:48,-23.7450,168.1299,,401677762,-133,,0,19-Jul-2020,18:58:48,-23.7450,168.1299,,21332,36708,12396,118,,,22,75,24,,,,,,,,,,,,,,,,,,,,,,,,,,,,,
5675,198172,23,NK,Z,476,19-Jul-2020,19:36:17,-23.5212,167.9646,,401677767,-133,38,0,19-Jul-2020,19:35:54,-23.5212,167.9646,48,14786,27139,8056,111,,,82,144,131,220,232,140,96,178,9,206,101,84,214,82,245,18,1,95,29,207,144,255,128,,,,,,,,,
5675,198172,3,NK,Z,476,19-Jul-2020,19:36:17,-23.5212,167.9646,,401677767,-133,38,0,19-Jul-2020,19:36:42,-23.5212,167.9646,48,14786,27139,8056,111,,,96,142,201,,,,,,,,,,,,,,,,,,,,,,,,,,,,,
5675,198172,3,NK, ,477,20-Jul-2020,19:14:45,,,,401650000,-133,,0,20-Jul-2020,19:14:45,,,,,,,,,,103,137,0,,,,,,,,,,,,,,,,,,,,,,,,,,,,,
5675,198172,3,NK, ,478,22-Jul-2020,08:59:58,,,,401650000,-133,,0,22-Jul-2020,08:59:58,,,,,,,,,,22,75,24,,,,,,,,,,,,,,,,,,,,,,,,,,,,,
5675,198172,3,MC, ,479,22-Jul-2020,11:44:54,,,,401650000,-130,,0,22-Jul-2020,11:44:54,,,,,,,,,,68,250,4,,,,,,,,,,,,,,,,,,,,,,,,,,,,,
5675,198172,3,NN, ,480,22-Jul-2020,12:07:40,,,,401650000,-140,,0,22-Jul-2020,12:07:40,,,,,,,,,,90,215,41,,,,,,,,,,,,,,,,,,,,,,,,,,,,,
5675,198172,3,MA, ,481,23-Jul-2020,09:13:36,,,,401650000,-128,,0,23-Jul-2020,09:13:36,,,,,,,,,,84,1,42,,,,,,,,,,,,,,,,,,,,,,,,,,,,,
5675,198172,3,NK,2,482,23-Jul-2020,19:39:30,-23.8068,168.2953,,401677755,-122,50,0,23-Jul-2020,19:36:50,-23.8068,168.2953,390,375,2341,59,102,,,71,213,12,,,,,,,,,,,,,,,,,,,,,,,,,,,,,
5675,198172,3,NK,2,482,23-Jul-2020,19:39:30,-23.8068,168.2953,,401677755,-122,50,0,23-Jul-2020,19:37:37,-23.8068,168.2953,390,375,2341,59,102,,,98,136,0,,,,,,,,,,,,,,,,,,,,,,,,,,,,,
5675,198172,3,NK,2,482,23-Jul-2020,19:39:30,-23.8068,168.2953,,401677755,-122,50,0,23-Jul-2020,19:40:13,-23.8068,168.2953,390,375,2341,59,102,,,22,75,24,,,,,,,,,,,,,,,,,,,,,,,,,,,,,
5675,198172,3,NK,2,482,23-Jul-2020,19:39:30,-23.8068,168.2953,,401677755,-122,50,0,23-Jul-2020,19:43:20,-23.8068,168.2953,390,375,2341,59,102,,,66,244,4,,,,,,,,,,,,,,,,,,,,,,,,,,,,,
5675,198172,3,SR,B,483,23-Jul-2020,20:29:22,-23.8034,168.2967,,401650000,-138,8,0,23-Jul-2020,20:29:23,-23.8034,168.2967,,1523,1761,1317,85,,,81,79,42,,,,,,,,,,,,,,,,,,,,,,,,,,,,,
5675,198172,3,MA,B,484,23-Jul-2020,20:29:22,-23.8226,168.3011,,401677770,-122,,0,23-Jul-2020,20:29:23,-23.8226,168.3011,,1197,1521,941,75,,,81,79,42,,,,,,,,,,,,,,,,,,,,,,,,,,,,,
5675,198172,3,MC,B,485,23-Jul-2020,20:57:25,-23.8230,168.3011,,401677774,-127,6,0,23-Jul-2020,20:57:25,-23.8230,168.3011,,1315,1580,1095,78,,,103,137,0,,,,,,,,,,,,,,,,,,,,,,,,,,,,,
5675,198172,3,NN,B,486,23-Jul-2020,21:25:12,-23.8190,168.3005,,401677767,-135,6,0,23-Jul-2020,21:25:13,-23.8190,168.3005,,1376,1597,1185,82,,,83,27,100,,,,,,,,,,,,,,,,,,,,,,,,,,,,,
5675,198172,3,MB,B,487,23-Jul-2020,21:43:01,-23.8153,168.3012,,401677778,-132,8,0,23-Jul-2020,21:43:02,-23.8153,168.3012,,1501,1710,1316,81,,,98,136,0,,,,,,,,,,,,,,,,,,,,,,,,,,,,,
5675,198172,3,NN,B,488,24-Jul-2020,21:12:33,-23.9174,168.4091,,401677844,-137,,0,24-Jul-2020,21:12:34,-23.9174,168.4091,,5008,5984,4191,62,,,94,194,42,,,,,,,,,,,,,,,,,,,,,,,,,,,,,
5675,198172,3,MC, ,489,24-Jul-2020,22:21:05,,,,401650000,-118,,0,24-Jul-2020,22:21:05,,,,,,,,,,10,0,16,,,,,,,,,,,,,,,,,,,,,,,,,,,,,
5675,198172,3,MA,B,490,25-Jul-2020,10:14:51,-24.2626,168.9541,,401677684,-132,,0,25-Jul-2020,10:14:51,-24.2626,168.9541,,67323,245721,18445,64,,,103,137,0,,,,,,,,,,,,,,,,,,,,,,,,,,,,,
5675,198172,3,MC,B,491,25-Jul-2020,10:50:30,-24.2039,169.1390,,401677778,-128,4,0,25-Jul-2020,10:50:31,-24.2039,169.1390,,54249,140034,21015,58,,,10,1,30,,,,,,,,,,,,,,,,,,,,,,,,,,,,,
5675,198172,3,NP,A,492,25-Jul-2020,19:32:28,-23.8606,169.2438,,401677763,-133,8,0,25-Jul-2020,19:32:29,-23.8606,169.2438,345,656,2860,150,110,,,10,0,16,,,,,,,,,,,,,,,,,,,,,,,,,,,,,
5675,198172,3,NP,A,492,25-Jul-2020,19:32:28,-23.8606,169.2438,,401677763,-133,8,0,25-Jul-2020,19:34:08,-23.8606,169.2438,345,656,2860,150,110,,,101,223,4,,,,,,,,,,,,,,,,,,,,,,,,,,,,,
5675,198172,3,NP,A,492,25-Jul-2020,19:32:28,-23.8606,169.2438,,401677763,-133,8,0,25-Jul-2020,19:38:14,-23.8606,169.2438,345,656,2860,150,110,,,10,0,0,,,,,,,,,,,,,,,,,,,,,,,,,,,,,
5675,198172,23,MA,B,493,25-Jul-2020,19:49:56,-23.8516,169.2660,,401677759,-132,6,0,25-Jul-2020,19:49:56,-23.8516,169.2660,,1229,1722,876,107,,,72,144,131,220,232,140,96,178,12,207,71,24,90,86,171,202,208,241,181,159,158,250,135,,,,,,,,,
5675,198172,3,NN,A,494,25-Jul-2020,21:06:44,-23.8377,169.2195,,401677749,-133,8,0,25-Jul-2020,21:04:09,-23.8377,169.2195,269,511,1094,238,17,,,88,109,43,,,,,,,,,,,,,,,,,,,,,,,,,,,,,
5675,198172,3,NN,A,494,25-Jul-2020,21:06:44,-23.8377,169.2195,,401677749,-133,8,0,25-Jul-2020,21:07:28,-23.8377,169.2195,269,511,1094,238,17,,,98,136,0,,,,,,,,,,,,,,,,,,,,,,,,,,,,,
5675,198172,3,NN,A,494,25-Jul-2020,21:06:44,-23.8377,169.2195,,401677749,-133,8,0,25-Jul-2020,21:08:38,-23.8377,169.2195,269,511,1094,238,17,,,10,0,16,,,,,,,,,,,,,,,,,,,,,,,,,,,,,
5675,198172,3,MA,A,495,25-Jul-2020,21:27:53,-23.8281,169.2036,,401677753,-121,8,0,25-Jul-2020,21:27:46,-23.8281,169.2036,514,5019,63609,396,135,,,22,75,24,,,,,,,,,,,,,,,,,,,,,,,,,,,,,
5675,198172,3,MA,A,495,25-Jul-2020,21:27:53,-23.8281,169.2036,,401677753,-121,8,0,25-Jul-2020,21:28:01,-23.8281,169.2036,514,5019,63609,396,135,,,70,224,4,,,,,,,,,,,,,,,,,,,,,,,,,,,,,
5675,198172,3,MA,A,495,25-Jul-2020,21:27:53,-23.8281,169.2036,,401677753,-121,8,0,25-Jul-2020,21:36:20,-23.8281,169.2036,514,5019,63609,396,135,,,97,135,0,,,,,,,,,,,,,,,,,,,,,,,,,,,,,
5675,198172,3,NP,B,496,26-Jul-2020,06:18:03,-23.6208,169.5571,,401677712,-140,8,0,26-Jul-2020,06:18:04,-23.6208,169.5571,,21117,25648,17385,120,,,97,135,33,,,,,,,,,,,,,,,,,,,,,,,,,,,,,
5675,198172,3,SR,B,497,26-Jul-2020,06:32:53,-23.7221,169.3817,,401677762,-131,6,0,26-Jul-2020,06:32:53,-23.7221,169.3817,,14538,25104,8418,118,,,71,112,198,,,,,,,,,,,,,,,,,,,,,,,,,,,,,
5675,198172,3,NP,B,498,26-Jul-2020,08:05:05,-23.5946,169.4453,,401677747,-131,6,0,26-Jul-2020,08:05:06,-23.5946,169.4453,210,11237,27727,4554,106,,,69,223,4,,,,,,,,,,,,,,,,,,,,,,,,,,,,,
5675,198172,3,NP,B,498,26-Jul-2020,08:05:05,-23.5946,169.4453,,401677747,-131,6,0,26-Jul-2020,08:08:36,-23.5946,169.4453,210,11237,27727,4554,106,,,89,198,43,,,,,,,,,,,,,,,,,,,,,,,,,,,,,
5675,198172,3,NP,B,499,26-Jul-2020,19:20:49,-23.0077,169.0069,,401677843,-129,8,0,26-Jul-2020,19:19:47,-23.0077,169.0069,124,14523,146385,1440,157,,,10,0,16,,,,,,,,,,,,,,,,,,,,,,,,,,,,,
5675,198172,3,NP,B,499,26-Jul-2020,19:20:49,-23.0077,169.0069,,401677843,-129,8,0,26-Jul-2020,19:21:51,-23.0077,169.0069,124,14523,146385,1440,157,,,98,136,0,,,,,,,,,,,,,,,,,,,,,,,,,,,,,
5675,198172,3,NK,B,500,27-Jul-2020,08:29:33,-23.0402,169.0228,,401677834,-133,,0,27-Jul-2020,08:29:33,-23.0402,169.0228,,21597,56956,8189,65,,,87,67,44,,,,,,,,,,,,,,,,,,,,,,,,,,,,,
5675,198172,23,NP,B,501,27-Jul-2020,19:02:54,-22.6180,169.0706,,401677760,-136,8,0,27-Jul-2020,19:02:55,-22.6180,169.0706,308,13272,812146,216,91,,,73,208,131,220,232,140,96,178,13,204,87,90,24,89,3,16,1,161,30,207,112,255,128,,,,,,,,,
5675,198172,3,NP,B,501,27-Jul-2020,19:02:54,-22.6180,169.0706,,401677760,-136,8,0,27-Jul-2020,19:08:03,-22.6180,169.0706,308,13272,812146,216,91,,,103,137,0,,,,,,,,,,,,,,,,,,,,,,,,,,,,,
5675,198172,23,SR,B,502,27-Jul-2020,20:06:28,-22.5812,169.2724,,401677749,-135,8,0,27-Jul-2020,20:06:20,-22.5812,169.2724,17,5905,12825,2718,86,,,74,240,131,92,248,140,98,167,25,54,69,55,155,25,58,133,247,164,4,81,124,144,71,,,,,,,,,
5675,198172,3,SR,B,502,27-Jul-2020,20:06:28,-22.5812,169.2724,,401677749,-135,8,0,27-Jul-2020,20:06:37,-22.5812,169.2724,17,5905,12825,2718,86,,,77,247,4,,,,,,,,,,,,,,,,,,,,,,,,,,,,,
5675,198172,3,MB,A,503,28-Jul-2020,10:27:46,-22.5499,169.2592,,401677757,-131,,0,28-Jul-2020,10:26:50,-22.5499,169.2592,113,10199,311734,333,74,,,22,75,24,,,,,,,,,,,,,,,,,,,,,,,,,,,,,
5675,198172,3,MB,A,503,28-Jul-2020,10:27:46,-22.5499,169.2592,,401677757,-131,,0,28-Jul-2020,10:27:47,-22.5499,169.2592,113,10199,311734,333,74,,,64,238,12,,,,,,,,,,,,,,,,,,,,,,,,,,,,,
5675,198172,3,MB,A,503,28-Jul-2020,10:27:46,-22.5499,169.2592,,401677757,-131,,0,28-Jul-2020,10:28:43,-22.5499,169.2592,113,10199,311734,333,74,,,95,213,44,,,,,,,,,,,,,,,,,,,,,,,,,,,,,
5675,198172,3,NN,B,504,28-Jul-2020,10:56:42,-22.5112,169.4308,,401677804,-131,6,0,28-Jul-2020,10:55:58,-22.5112,169.4308,88,4584,89619,234,68,,,22,75,28,,,,,,,,,,,,,,,,,,,,,,,,,,,,,
5675,198172,3,NN,B,504,28-Jul-2020,10:56:42,-22.5112,169.4308,,401677804,-131,6,0,28-Jul-2020,10:57:26,-22.5112,169.4308,88,4584,89619,234,68,,,70,240,4,,,,,,,,,,,,,,,,,,,,,,,,,,,,,
5675,198172,3,MA,B,505,28-Jul-2020,10:57:26,-22.4892,169.4826,,401677785,-130,6,0,28-Jul-2020,10:57:26,-22.4892,169.4826,107,1552,15554,154,64,,,70,240,38,,,,,,,,,,,,,,,,,,,,,,,,,,,,,
5675,198172,3,MA,B,505,28-Jul-2020,10:57:26,-22.4892,169.4826,,401677785,-130,6,0,28-Jul-2020,10:59:13,-22.4892,169.4826,107,1552,15554,154,64,,,92,218,44,,,,,,,,,,,,,,,,,,,,,,,,,,,,,
5675,198172,3,MC,1,506,28-Jul-2020,11:21:50,-22.4899,169.5673,,401677767,-124,56,0,28-Jul-2020,11:19:40,-22.4899,169.5673,482,613,1352,277,119,,,98,136,0,,,,,,,,,,,,,,,,,,,,,,,,,,,,,
5675,198172,3,MC,1,506,28-Jul-2020,11:21:50,-22.4899,169.5673,,401677767,-124,56,0,28-Jul-2020,11:20:30,-22.4899,169.5673,482,613,1352,277,119,,,10,0,16,,,,,,,,,,,,,,,,,,,,,,,,,,,,,
5675,198172,3,MC,1,506,28-Jul-2020,11:21:50,-22.4899,169.5673,,401677767,-124,56,0,28-Jul-2020,11:22:14,-22.4899,169.5673,482,613,1352,277,119,,,92,234,44,,,,,,,,,,,,,,,,,,,,,,,,,,,,,
5675,198172,3,MC,1,506,28-Jul-2020,11:21:50,-22.4899,169.5673,,401677767,-124,56,0,28-Jul-2020,11:24:58,-22.4899,169.5673,482,613,1352,277,119,,,10,0,18,,,,,,,,,,,,,,,,,,,,,,,,,,,,,
5675,198172,3,MC,1,506,28-Jul-2020,11:21:50,-22.4899,169.5673,,401677767,-124,56,0,28-Jul-2020,11:27:42,-22.4899,169.5673,482,613,1352,277,119,,,70,240,4,,,,,,,,,,,,,,,,,,,,,,,,,,,,,
5675,198172,3,NP,B,507,28-Jul-2020,19:00:22,-22.2058,169.8925,,401677762,-135,8,0,28-Jul-2020,19:00:22,-22.2058,169.8925,,19315,22967,16243,66,,,10,0,16,,,,,,,,,,,,,,,,,,,,,,,,,,,,,
5675,198172,3,NK,B,508,28-Jul-2020,19:09:16,-22.3387,169.7239,,401677752,-135,6,0,28-Jul-2020,19:08:51,-22.3387,169.7239,52,40923,318091,5264,62,,,97,135,0,,,,,,,,,,,,,,,,,,,,,,,,,,,,,
5675,198172,3,NK,B,508,28-Jul-2020,19:09:16,-22.3387,169.7239,,401677752,-135,6,0,28-Jul-2020,19:09:43,-22.3387,169.7239,52,40923,318091,5264,62,,,10,0,20,,,,,,,,,,,,,,,,,,,,,,,,,,,,,
5675,198172,3,MA,B,509,28-Jul-2020,20:28:34,-22.4295,169.5324,,401677769,-125,7,0,28-Jul-2020,20:28:35,-22.4295,169.5324,,3355,5363,2098,93,,,10,0,16,,,,,,,,,,,,,,,,,,,,,,,,,,,,,
5675,198172,3,SR,B,510,29-Jul-2020,06:41:20,-22.4656,169.5394,,401677794,-125,8,0,29-Jul-2020,06:41:12,-22.4656,169.5394,17,2228,4779,1039,19,,,10,0,16,,,,,,,,,,,,,,,,,,,,,,,,,,,,,
5675,198172,3,SR,B,510,29-Jul-2020,06:41:20,-22.4656,169.5394,,401677794,-125,8,0,29-Jul-2020,06:41:29,-22.4656,169.5394,17,2228,4779,1039,19,,,22,75,24,,,,,,,,,,,,,,,,,,,,,,,,,,,,,
5675,198172,3,NP,1,511,29-Jul-2020,18:45:32,-22.1839,169.6293,,401677759,-128,40,0,29-Jul-2020,18:39:07,-22.1839,169.6293,420,784,2490,246,91,,,97,135,0,,,,,,,,,,,,,,,,,,,,,,,,,,,,,
5675,198172,3,NP,1,511,29-Jul-2020,18:45:32,-22.1839,169.6293,,401677759,-128,40,0,29-Jul-2020,18:40:01,-22.1839,169.6293,420,784,2490,246,91,,,22,75,24,,,,,,,,,,,,,,,,,,,,,,,,,,,,,
5675,198172,3,NP,1,511,29-Jul-2020,18:45:32,-22.1839,169.6293,,401677759,-128,40,0,29-Jul-2020,18:42:33,-22.1839,169.6293,420,784,2490,246,91,,,80,233,45,,,,,,,,,,,,,,,,,,,,,,,,,,,,,
5675,198172,3,NP,1,511,29-Jul-2020,18:45:32,-22.1839,169.6293,,401677759,-128,40,0,29-Jul-2020,18:43:14,-22.1839,169.6293,420,784,2490,246,91,,,10,0,16,,,,,,,,,,,,,,,,,,,,,,,,,,,,,
5675,198172,3,NP,1,511,29-Jul-2020,18:45:32,-22.1839,169.6293,,401677759,-128,40,0,29-Jul-2020,18:44:58,-22.1839,169.6293,420,784,2490,246,91,,,69,239,4,,,,,,,,,,,,,,,,,,,,,,,,,,,,,
5675,198172,3,NP,1,511,29-Jul-2020,18:45:32,-22.1839,169.6293,,401677759,-128,40,0,29-Jul-2020,18:46:07,-22.1839,169.6293,420,784,2490,246,91,,,91,238,45,,,,,,,,,,,,,,,,,,,,,,,,,,,,,
5675,198172,3,NK,B,512,29-Jul-2020,18:51:37,-22.1830,169.6290,,401677756,-135,6,0,29-Jul-2020,18:51:37,-22.1830,169.6290,,2537,2905,2214,92,,,98,136,0,,,,,,,,,,,,,,,,,,,,,,,,,,,,,
5675,198172,23,SR,2,513,29-Jul-2020,19:04:56,-22.1730,169.6287,,401677757,-121,56,0,29-Jul-2020,19:03:10,-22.1730,169.6287,286,339,2102,54,72,,,75,16,131,220,232,140,96,130,14,204,91,151,24,91,241,16,1,236,32,206,224,255,128,,,,,,,,,
5675,198172,3,SR,2,513,29-Jul-2020,19:04:56,-22.1730,169.6287,,401677757,-121,56,0,29-Jul-2020,19:03:33,-22.1730,169.6287,286,339,2102,54,72,,,80,249,45,,,,,,,,,,,,,,,,,,,,,,,,,,,,,
5675,198172,3,SR,2,513,29-Jul-2020,19:04:56,-22.1730,169.6287,,401677757,-121,56,0,29-Jul-2020,19:04:03,-22.1730,169.6287,286,339,2102,54,72,,,97,135,0,,,,,,,,,,,,,,,,,,,,,,,,,,,,,
5675,198172,3,SR,2,513,29-Jul-2020,19:04:56,-22.1730,169.6287,,401677757,-121,56,0,29-Jul-2020,19:04:27,-22.1730,169.6287,286,339,2102,54,72,,,10,0,16,,,,,,,,,,,,,,,,,,,,,,,,,,,,,
5675,198172,3,SR,2,513,29-Jul-2020,19:04:56,-22.1730,169.6287,,401677757,-121,56,0,29-Jul-2020,19:06:32,-22.1730,169.6287,286,339,2102,54,72,,,91,254,45,,,,,,,,,,,,,,,,,,,,,,,,,,,,,
5675,198172,3,SR,2,513,29-Jul-2020,19:04:56,-22.1730,169.6287,,401677757,-121,56,0,29-Jul-2020,19:07:56,-22.1730,169.6287,286,339,2102,54,72,,,103,137,0,,,,,,,,,,,,,,,,,,,,,,,,,,,,,
5675,198172,3,MA,A,514,29-Jul-2020,20:05:46,-22.1172,169.6221,,401677760,-131,8,1,29-Jul-2020,20:06:22,-22.1172,169.6221,102,368,862,157,144,,,22,75,24,,,,,,,,,,,,,,,,,,,,,,,,,,,,,
5675,198172,3,MA,A,514,29-Jul-2020,20:05:46,-22.1172,169.6221,,401677760,-131,8,0,29-Jul-2020,20:08:04,-22.1172,169.6221,102,368,862,157,144,,,87,50,46,,,,,,,,,,,,,,,,,,,,,,,,,,,,,
5675,198172,3,NK,B,515,29-Jul-2020,20:30:53,-22.1058,169.6216,,401677760,-129,6,0,29-Jul-2020,20:30:21,-22.1058,169.6216,65,633,1751,228,135,,,22,75,24,,,,,,,,,,,,,,,,,,,,,,,,,,,,,
5675,198172,3,NK,B,515,29-Jul-2020,20:30:53,-22.1058,169.6216,,401677760,-129,6,0,29-Jul-2020,20:31:26,-22.1058,169.6216,65,633,1751,228,135,,,69,111,56,,,,,,,,,,,,,,,,,,,,,,,,,,,,,
5675,198172,3,SR,1,516,30-Jul-2020,06:12:23,-22.2511,169.4442,,401677768,-122,48,0,30-Jul-2020,06:11:07,-22.2511,169.4442,194,1322,7466,234,99,,,69,239,4,,,,,,,,,,,,,,,,,,,,,,,,,,,,,
5675,198172,23,SR,1,516,30-Jul-2020,06:12:23,-22.2511,169.4442,,401677768,-122,48,0,30-Jul-2020,06:11:34,-22.2511,169.4442,194,1322,7466,234,99,,,68,80,131,220,232,140,96,178,15,24,226,145,150,92,235,16,1,88,30,207,0,255,128,,,,,,,,,
5675,198172,3,SR,1,516,30-Jul-2020,06:12:23,-22.2511,169.4442,,401677768,-122,48,0,30-Jul-2020,06:13:20,-22.2511,169.4442,194,1322,7466,234,99,,,100,134,0,,,,,,,,,,,,,,,,,,,,,,,,,,,,,
5675,198172,3,SR,1,516,30-Jul-2020,06:12:23,-22.2511,169.4442,,401677768,-122,48,0,30-Jul-2020,06:14:03,-22.2511,169.4442,194,1322,7466,234,99,,,10,0,16,,,,,,,,,,,,,,,,,,,,,,,,,,,,,
5675,198172,3,SR,1,516,30-Jul-2020,06:12:23,-22.2511,169.4442,,401677768,-122,48,1,30-Jul-2020,06:14:21,-22.2511,169.4442,194,1322,7466,234,99,,,22,75,24,,,,,,,,,,,,,,,,,,,,,,,,,,,,,
5675,198172,3,MA,A,517,30-Jul-2020,19:45:16,-22.4851,169.2757,,401677838,-131,,0,30-Jul-2020,19:45:16,-22.4851,169.2757,239,3597,14074,919,43,,,22,75,24,,,,,,,,,,,,,,,,,,,,,,,,,,,,,
5675,198172,3,MA,A,517,30-Jul-2020,19:45:16,-22.4851,169.2757,,401677838,-131,,0,30-Jul-2020,19:48:00,-22.4851,169.2757,239,3597,14074,919,43,,,97,135,0,,,,,,,,,,,,,,,,,,,,,,,,,,,,,
5675,198172,3,MA,A,517,30-Jul-2020,19:45:16,-22.4851,169.2757,,401677838,-131,,0,30-Jul-2020,19:49:15,-22.4851,169.2757,239,3597,14074,919,43,,,10,0,16,,,,,,,,,,,,,,,,,,,,,,,,,,,,,
5675,198172,3,MB,B,518,30-Jul-2020,22:42:37,-22.5190,169.2530,,401677815,-133,7,0,30-Jul-2020,22:42:37,-22.5190,169.2530,,5447,7639,3884,74,,,22,75,24,,,,,,,,,,,,,,,,,,,,,,,,,,,,,
5675,198172,3,MC,B,519,30-Jul-2020,23:35:14,-22.5218,169.2594,,401677802,-130,8,0,30-Jul-2020,23:35:15,-22.5218,169.2594,,5369,8918,3231,89,,,81,253,46,,,,,,,,,,,,,,,,,,,,,,,,,,,,,
5675,198172,3,NK,B,520,31-Jul-2020,08:36:12,-22.5662,169.1662,,401677770,-133,8,0,31-Jul-2020,08:34:56,-22.5662,169.1662,76,7160,9494,5399,94,,,97,135,0,,,,,,,,,,,,,,,,,,,,,,,,,,,,,
5675,198172,3,NK,B,520,31-Jul-2020,08:36:12,-22.5662,169.1662,,401677770,-133,8,0,31-Jul-2020,08:35:39,-22.5662,169.1662,76,7160,9494,5399,94,,,10,0,16,,,,,,,,,,,,,,,,,,,,,,,,,,,,,
5675,198172,3,NK,B,520,31-Jul-2020,08:36:12,-22.5662,169.1662,,401677770,-133,8,0,31-Jul-2020,08:36:12,-22.5662,169.1662,76,7160,9494,5399,94,,,22,75,24,,,,,,,,,,,,,,,,,,,,,,,,,,,,,
5675,198172,3,NP,A,521,31-Jul-2020,08:43:43,-22.7714,169.0736,,401677770,-136,6,0,31-Jul-2020,08:42:17,-22.7714,169.0736,183,3097,15866,604,124,,,97,135,0,,,,,,,,,,,,,,,,,,,,,,,,,,,,,
5675,198172,3,NP,A,521,31-Jul-2020,08:43:43,-22.7714,169.0736,,401677770,-136,6,0,31-Jul-2020,08:43:34,-22.7714,169.0736,183,3097,15866,604,124,,,66,244,4,,,,,,,,,,,,,,,,,,,,,,,,,,,,,
5675,198172,3,NP,A,521,31-Jul-2020,08:43:43,-22.7714,169.0736,,401677770,-136,6,0,31-Jul-2020,08:45:20,-22.7714,169.0736,183,3097,15866,604,124,,,91,161,47,,,,,,,,,,,,,,,,,,,,,,,,,,,,,
5675,198172,3,SR,B,522,31-Jul-2020,19:35:52,-22.8040,168.9913,,401677754,-138,8,0,31-Jul-2020,19:35:52,-22.8040,168.9913,,9284,9700,8884,117,,,221,16,46,,,,,,,,,,,,,,,,,,,,,,,,,,,,,
5675,198172,3,NK,0,523,31-Jul-2020,19:39:23,-23.0197,169.0720,,401677779,-127,46,0,31-Jul-2020,19:35:52,-23.0197,169.0720,476,3272,55130,194,103,,,93,96,47,,,,,,,,,,,,,,,,,,,,,,,,,,,,,
5675,198172,3,NK,0,523,31-Jul-2020,19:39:23,-23.0197,169.0720,,401677779,-127,46,0,31-Jul-2020,19:39:14,-23.0197,169.0720,476,3272,55130,194,103,,,92,101,47,,,,,,,,,,,,,,,,,,,,,,,,,,,,,
5675,198172,3,NK,0,523,31-Jul-2020,19:39:23,-23.0197,169.0720,,401677779,-127,46,0,31-Jul-2020,19:39:59,-23.0197,169.0720,476,3272,55130,194,103,,,103,137,0,,,,,,,,,,,,,,,,,,,,,,,,,,,,,
5675,198172,3,NK,0,523,31-Jul-2020,19:39:23,-23.0197,169.0720,,401677779,-127,46,1,31-Jul-2020,19:40:18,-23.0197,169.0720,476,3272,55130,194,103,,,10,0,16,,,,,,,,,,,,,,,,,,,,,,,,,,,,,
5675,198172,3,NK,0,523,31-Jul-2020,19:39:23,-23.0197,169.0720,,401677779,-127,46,0,31-Jul-2020,19:43:48,-23.0197,169.0720,476,3272,55130,194,103,,,95,106,47,,,,,,,,,,,,,,,,,,,,,,,,,,,,,
5675,198172,3,MC,B,524,31-Jul-2020,21:31:04,-23.0308,169.0535,,401677770,-122,8,0,31-Jul-2020,21:30:37,-23.0308,169.0535,55,8492,48439,1488,92,,,87,179,47,,,,,,,,,,,,,,,,,,,,,,,,,,,,,
5675,198172,3,MC,B,524,31-Jul-2020,21:31:04,-23.0308,169.0535,,401677770,-122,8,0,31-Jul-2020,21:31:32,-23.0308,169.0535,55,8492,48439,1488,92,,,98,136,0,,,,,,,,,,,,,,,,,,,,,,,,,,,,,
5675,198172,3,NN,B,525,31-Jul-2020,21:31:04,-23.0324,169.0565,,401677764,-133,8,0,31-Jul-2020,21:30:37,-23.0324,169.0565,55,9437,19891,4476,81,,,87,179,47,,,,,,,,,,,,,,,,,,,,,,,,,,,,,
5675,198172,3,NN,B,525,31-Jul-2020,21:31:04,-23.0324,169.0565,,401677764,-133,8,0,31-Jul-2020,21:31:32,-23.0324,169.0565,55,9437,19891,4476,81,,,98,136,0,,,,,,,,,,,,,,,,,,,,,,,,,,,,,
5675,198172,3,NK,B,526,01-Aug-2020,08:07:52,-23.1237,169.0341,,401677718,-130,8,0,01-Aug-2020,08:07:52,-23.1237,169.0341,,3363,4365,2591,67,,,10,0,16,,,,,,,,,,,,,,,,,,,,,,,,,,,,,
5675,198172,3,MA,B,527,01-Aug-2020,09:29:18,-23.1236,168.9748,,401677774,-129,8,0,01-Aug-2020,09:29:19,-23.1236,168.9748,267,2843,169785,47,72,,,10,0,16,,,,,,,,,,,,,,,,,,,,,,,,,,,,,
5675,198172,3,MA,B,527,01-Aug-2020,09:29:18,-23.1236,168.9748,,401677774,-129,8,0,01-Aug-2020,09:33:46,-23.1236,168.9748,267,2843,169785,47,72,,,66,228,4,,,,,,,,,,,,,,,,,,,,,,,,,,,,,
5675,198172,3,SR,1,528,01-Aug-2020,19:06:37,-22.7941,169.4486,,401677764,-126,48,0,01-Aug-2020,19:05:50,-22.7941,169.4486,545,918,2632,319,76,,,15,205,12,,,,,,,,,,,,,,,,,,,,,,,,,,,,,
5675,198172,3,SR,1,528,01-Aug-2020,19:06:37,-22.7941,169.4486,,401677764,-126,48,0,01-Aug-2020,19:07:24,-22.7941,169.4486,545,918,2632,319,76,,,22,75,24,,,,,,,,,,,,,,,,,,,,,,,,,,,,,
5675,198172,3,SR,1,528,01-Aug-2020,19:06:37,-22.7941,169.4486,,401677764,-126,48,0,01-Aug-2020,19:07:48,-22.7941,169.4486,545,918,2632,319,76,,,64,238,4,,,,,,,,,,,,,,,,,,,,,,,,,,,,,
5675,198172,3,SR,1,528,01-Aug-2020,19:06:37,-22.7941,169.4486,,401677764,-126,48,0,01-Aug-2020,19:08:03,-22.7941,169.4486,545,918,2632,319,76,,,94,79,23,,,,,,,,,,,,,,,,,,,,,,,,,,,,,
5675,198172,23,SR,1,528,01-Aug-2020,19:06:37,-22.7941,169.4486,,401677764,-126,48,0,01-Aug-2020,19:08:32,-22.7941,169.4486,545,918,2632,319,76,,,93,144,131,220,232,140,96,178,0,204,178,214,84,96,161,14,1,190,30,206,208,255,128,,,,,,,,,
5675,198172,3,SR,1,528,01-Aug-2020,19:06:37,-22.7941,169.4486,,401677764,-126,48,0,01-Aug-2020,19:08:53,-22.7941,169.4486,545,918,2632,319,76,,,97,135,0,,,,,,,,,,,,,,,,,,,,,,,,,,,,,
5675,198172,3,SR,1,528,01-Aug-2020,19:06:37,-22.7941,169.4486,,401677764,-126,48,0,01-Aug-2020,19:09:46,-22.7941,169.4486,545,918,2632,319,76,,,10,0,16,,,,,,,,,,,,,,,,,,,,,,,,,,,,,
5675,198172,3,SR,1,528,01-Aug-2020,19:06:37,-22.7941,169.4486,,401677764,-126,48,0,01-Aug-2020,19:10:18,-22.7941,169.4486,545,918,2632,319,76,,,69,239,4,,,,,,,,,,,,,,,,,,,,,,,,,,,,,
5675,198172,3,SR,1,528,01-Aug-2020,19:06:37,-22.7941,169.4486,,401677764,-126,48,1,01-Aug-2020,19:12:56,-22.7941,169.4486,545,918,2632,319,76,,,22,75,24,,,,,,,,,,,,,,,,,,,,,,,,,,,,,
5675,198172,3,SR,1,528,01-Aug-2020,19:06:37,-22.7941,169.4486,,401677764,-126,48,1,01-Aug-2020,19:14:55,-22.7941,169.4486,545,918,2632,319,76,,,64,238,4,,,,,,,,,,,,,,,,,,,,,,,,,,,,,
5675,198172,23,NK,3,529,01-Aug-2020,19:10:53,-22.7886,169.4464,,401677766,-128,56,0,01-Aug-2020,19:08:32,-22.7886,169.4464,383,245,937,64,110,,,93,144,131,220,232,140,96,178,0,204,178,214,84,96,161,14,1,190,30,206,208,255,128,,,,,,,,,
5675,198172,3,NK,3,529,01-Aug-2020,19:10:53,-22.7886,169.4464,,401677766,-128,56,0,01-Aug-2020,19:08:53,-22.7886,169.4464,383,245,937,64,110,,,97,135,0,,,,,,,,,,,,,,,,,,,,,,,,,,,,,
5675,198172,3,NK,3,529,01-Aug-2020,19:10:53,-22.7886,169.4464,,401677766,-128,56,0,01-Aug-2020,19:09:46,-22.7886,169.4464,383,245,937,64,110,,,10,0,16,,,,,,,,,,,,,,,,,,,,,,,,,,,,,
5675,198172,3,NK,3,529,01-Aug-2020,19:10:53,-22.7886,169.4464,,401677766,-128,56,0,01-Aug-2020,19:10:18,-22.7886,169.4464,383,245,937,64,110,,,69,239,4,,,,,,,,,,,,,,,,,,,,,,,,,,,,,
5675,198172,3,NK,3,529,01-Aug-2020,19:10:53,-22.7886,169.4464,,401677766,-128,56,0,01-Aug-2020,19:12:56,-22.7886,169.4464,383,245,937,64,110,,,22,75,24,,,,,,,,,,,,,,,,,,,,,,,,,,,,,
5675,198172,3,NK,3,529,01-Aug-2020,19:10:53,-22.7886,169.4464,,401677766,-128,56,0,01-Aug-2020,19:14:55,-22.7886,169.4464,383,245,937,64,110,,,64,238,4,,,,,,,,,,,,,,,,,,,,,,,,,,,,,
5675,198172,3,MA,A,530,01-Aug-2020,20:40:54,-22.7623,169.4699,,401677764,-130,8,0,01-Aug-2020,20:38:44,-22.7623,169.4699,374,1763,54535,57,110,,,98,136,0,,,,,,,,,,,,,,,,,,,,,,,,,,,,,
5675,198172,3,MA,A,530,01-Aug-2020,20:40:54,-22.7623,169.4699,,401677764,-130,8,0,01-Aug-2020,20:39:03,-22.7623,169.4699,374,1763,54535,57,110,,,10,0,16,,,,,,,,,,,,,,,,,,,,,,,,,,,,,
5675,198172,3,MA,A,530,01-Aug-2020,20:40:54,-22.7623,169.4699,,401677764,-130,8,0,01-Aug-2020,20:44:58,-22.7623,169.4699,374,1763,54535,57,110,,,98,136,6,,,,,,,,,,,,,,,,,,,,,,,,,,,,,
5675,198172,3,NN,B,531,01-Aug-2020,21:18:03,-22.7564,169.4761,,401677768,-137,8,0,01-Aug-2020,21:18:04,-22.7564,169.4761,,4203,8202,2153,109,,,81,168,48,,,,,,,,,,,,,,,,,,,,,,,,,,,,,
5675,198172,3,SR,B,532,02-Aug-2020,06:18:20,-22.7261,169.4911,,401677758,-136,8,0,02-Aug-2020,06:18:21,-22.7261,169.4911,,6770,14015,3269,111,,,10,0,16,,,,,,,,,,,,,,,,,,,,,,,,,,,,,
5675,198172,23,NN,2,533,02-Aug-2020,09:54:25,-22.9003,169.7908,,401677770,-125,58,0,02-Aug-2020,09:52:45,-22.9003,169.7908,387,354,635,196,88,,,64,176,131,220,232,140,96,178,1,167,118,83,51,29,80,77,149,218,129,107,203,208,25,,,,,,,,,
5675,198172,3,NN,2,533,02-Aug-2020,09:54:25,-22.9003,169.7908,,401677770,-125,58,0,02-Aug-2020,09:53:37,-22.9003,169.7908,387,354,635,196,88,,,10,0,16,,,,,,,,,,,,,,,,,,,,,,,,,,,,,
5675,198172,3,NN,2,533,02-Aug-2020,09:54:25,-22.9003,169.7908,,401677770,-125,58,0,02-Aug-2020,09:55:17,-22.9003,169.7908,387,354,635,196,88,,,98,136,0,,,,,,,,,,,,,,,,,,,,,,,,,,,,,
5675,198172,3,NN,2,533,02-Aug-2020,09:54:25,-22.9003,169.7908,,401677770,-125,58,0,02-Aug-2020,09:56:04,-22.9003,169.7908,387,354,635,196,88,,,22,75,24,,,,,,,,,,,,,,,,,,,,,,,,,,,,,
5675,198172,3,NN,2,533,02-Aug-2020,09:54:25,-22.9003,169.7908,,401677770,-125,58,1,02-Aug-2020,09:57:47,-22.9003,169.7908,387,354,635,196,88,,,22,75,24,,,,,,,,,,,,,,,,,,,,,,,,,,,,,
5675,198172,3,NN,2,533,02-Aug-2020,09:54:25,-22.9003,169.7908,,401677770,-125,58,0,02-Aug-2020,09:58:51,-22.9003,169.7908,387,354,635,196,88,,,70,224,4,,,,,,,,,,,,,,,,,,,,,,,,,,,,,
5675,198172,3,NN,2,533,02-Aug-2020,09:54:25,-22.9003,169.7908,,401677770,-125,58,0,02-Aug-2020,09:59:12,-22.9003,169.7908,387,354,635,196,88,,,84,246,48,,,,,,,,,,,,,,,,,,,,,,,,,,,,,
5675,198172,3,NK,A,534,02-Aug-2020,18:48:40,-22.7961,169.6714,,401677762,-133,8,0,02-Aug-2020,18:45:50,-22.7961,169.6714,311,687,1425,331,141,,,22,75,24,,,,,,,,,,,,,,,,,,,,,,,,,,,,,
5675,198172,3,NK,A,534,02-Aug-2020,18:48:40,-22.7961,169.6714,,401677762,-133,8,0,02-Aug-2020,18:49:10,-22.7961,169.6714,311,687,1425,331,141,,,94,81,246,,,,,,,,,,,,,,,,,,,,,,,,,,,,,
5675,198172,3,NK,A,534,02-Aug-2020,18:48:40,-22.7961,169.6714,,401677762,-133,8,0,02-Aug-2020,18:51:01,-22.7961,169.6714,311,687,1425,331,141,,,10,0,16,,,,,,,,,,,,,,,,,,,,,,,,,,,,,
5675,198172,3,NP,3,535,02-Aug-2020,19:33:40,-22.7779,169.6372,,401677803,-138,8,0,02-Aug-2020,19:33:40,-22.7779,169.6372,539,223,247,200,20,,,10,0,16,,,,,,,,,,,,,,,,,,,,,,,,,,,,,
5675,198172,3,NP,3,535,02-Aug-2020,19:33:40,-22.7779,169.6372,,401677803,-138,8,0,02-Aug-2020,19:36:18,-22.7779,169.6372,539,223,247,200,20,,,80,73,49,,,,,,,,,,,,,,,,,,,,,,,,,,,,,
5675,198172,3,NP,3,535,02-Aug-2020,19:33:40,-22.7779,169.6372,,401677803,-138,8,0,02-Aug-2020,19:37:37,-22.7779,169.6372,539,223,247,200,20,,,98,136,1,,,,,,,,,,,,,,,,,,,,,,,,,,,,,
5675,198172,3,NP,3,535,02-Aug-2020,19:33:40,-22.7779,169.6372,,401677803,-138,8,1,02-Aug-2020,19:38:10,-22.7779,169.6372,539,223,247,200,20,,,10,0,16,,,,,,,,,,,,,,,,,,,,,,,,,,,,,
5675,198172,3,NP,3,535,02-Aug-2020,19:33:40,-22.7779,169.6372,,401677803,-138,8,0,02-Aug-2020,19:38:38,-22.7779,169.6372,539,223,247,200,20,,,22,75,26,,,,,,,,,,,,,,,,,,,,,,,,,,,,,
5675,198172,3,NP,3,535,02-Aug-2020,19:33:40,-22.7779,169.6372,,401677803,-138,8,0,02-Aug-2020,19:40:48,-22.7779,169.6372,539,223,247,200,20,,,92,79,49,,,,,,,,,,,,,,,,,,,,,,,,,,,,,
5675,198172,3,NP,3,535,02-Aug-2020,19:33:40,-22.7779,169.6372,,401677803,-138,8,0,02-Aug-2020,19:42:39,-22.7779,169.6372,539,223,247,200,20,,,10,16,16,,,,,,,,,,,,,,,,,,,,,,,,,,,,,
5675,198172,3,NN,B,536,02-Aug-2020,21:15:26,-22.7738,169.6342,,401677772,-133,8,0,02-Aug-2020,21:15:26,-22.7738,169.6342,,2356,2528,2196,108,,,89,94,49,,,,,,,,,,,,,,,,,,,,,,,,,,,,,
5675,198172,3,MA,B,537,02-Aug-2020,22:05:38,-22.7584,169.6242,,401677752,-127,8,0,02-Aug-2020,22:05:38,-22.7584,169.6242,,2469,2907,2096,68,,,22,75,24,,,,,,,,,,,,,,,,,,,,,,,,,,,,,
5675,198172,3,SR,B,538,03-Aug-2020,05:47:27,-22.6139,169.5240,,401677797,-132,8,0,03-Aug-2020,05:46:04,-22.6139,169.5240,167,1907,60689,59,87,,,103,137,0,,,,,,,,,,,,,,,,,,,,,,,,,,,,,
5675,198172,3,SR,B,538,03-Aug-2020,05:47:27,-22.6139,169.5240,,401677797,-132,8,0,03-Aug-2020,05:48:51,-22.6139,169.5240,167,1907,60689,59,87,,,10,0,16,,,,,,,,,,,,,,,,,,,,,,,,,,,,,
5675,198172,3,MC,B,539,03-Aug-2020,11:03:32,-22.5715,169.4110,,401677752,-124,8,0,03-Aug-2020,11:03:32,-22.5715,169.4110,,2708,3991,1836,104,,,98,136,0,,,,,,,,,,,,,,,,,,,,,,,,,,,,,
5675,198172,3,NK,A,540,03-Aug-2020,20:04:45,-22.5057,169.0726,,401677762,-128,6,0,03-Aug-2020,20:02:24,-22.5057,169.0726,356,406,1481,111,117,,,86,188,49,,,,,,,,,,,,,,,,,,,,,,,,,,,,,
5675,198172,3,NK,A,540,03-Aug-2020,20:04:45,-22.5057,169.0726,,401677762,-128,6,0,03-Aug-2020,20:03:32,-22.5057,169.0726,356,406,1481,111,117,,,22,75,24,,,,,,,,,,,,,,,,,,,,,,,,,,,,,
5675,198172,3,NK,A,540,03-Aug-2020,20:04:45,-22.5057,169.0726,,401677762,-128,6,0,03-Aug-2020,20:08:20,-22.5057,169.0726,356,406,1481,111,117,,,86,225,157,,,,,,,,,,,,,,,,,,,,,,,,,,,,,
5675,198172,3,MA,B,541,03-Aug-2020,20:03:32,-22.5747,169.3344,,401677771,-132,8,0,03-Aug-2020,20:03:32,-22.5747,169.3344,,4200,13380,1318,110,,,22,75,24,,,,,,,,,,,,,,,,,,,,,,,,,,,,,
5675,198172,3,MC,B,542,03-Aug-2020,22:14:55,-22.5057,169.0721,,401677760,-129,8,0,03-Aug-2020,22:14:04,-22.5057,169.0721,104,2107,13868,320,87,,,92,193,49,,,,,,,,,,,,,,,,,,,,,,,,,,,,,
5675,198172,3,MC,B,542,03-Aug-2020,22:14:55,-22.5057,169.0721,,401677760,-129,8,0,03-Aug-2020,22:15:48,-22.5057,169.0721,104,2107,13868,320,87,,,103,137,8,,,,,,,,,,,,,,,,,,,,,,,,,,,,,
5675,198172,3,NK,0,543,04-Aug-2020,19:39:25,-22.5422,168.5639,,401677764,-129,40,0,04-Aug-2020,19:36:31,-22.5422,168.5639,432,1781,4513,702,110,,,10,0,16,,,,,,,,,,,,,,,,,,,,,,,,,,,,,
5675,198172,3,NK,0,543,04-Aug-2020,19:39:25,-22.5422,168.5639,,401677764,-129,40,0,04-Aug-2020,19:36:48,-22.5422,168.5639,432,1781,4513,702,110,,,22,75,24,,,,,,,,,,,,,,,,,,,,,,,,,,,,,
5675,198172,3,NK,0,543,04-Aug-2020,19:39:25,-22.5422,168.5639,,401677764,-129,40,0,04-Aug-2020,19:40:38,-22.5422,168.5639,432,1781,4513,702,110,,,88,245,165,,,,,,,,,,,,,,,,,,,,,,,,,,,,,
5675,198172,3,NK,0,543,04-Aug-2020,19:39:25,-22.5422,168.5639,,401677764,-129,40,0,04-Aug-2020,19:43:43,-22.5422,168.5639,432,1781,4513,702,110,,,8,0,17,,,,,,,,,,,,,,,,,,,,,,,,,,,,,
5675,198172,3,NP,B,544,05-Aug-2020,06:07:47,-22.5507,168.3784,,401677762,-133,8,0,05-Aug-2020,06:07:39,-22.5507,168.3784,17,10005,19114,5236,115,,,70,240,4,,,,,,,,,,,,,,,,,,,,,,,,,,,,,
5675,198172,3,NP,B,544,05-Aug-2020,06:07:47,-22.5507,168.3784,,401677762,-133,8,0,05-Aug-2020,06:07:56,-22.5507,168.3784,17,10005,19114,5236,115,,,90,47,50,,,,,,,,,,,,,,,,,,,,,,,,,,,,,
5675,198172,3,NK, ,545,07-Aug-2020,08:52:44,,,,401650000,-125,,0,07-Aug-2020,08:52:44,,,,,,,,,,22,75,24,,,,,,,,,,,,,,,,,,,,,,,,,,,,,
5675,198172,3,NK,3,546,09-Aug-2020,19:12:34,-22.7203,168.1182,,401677761,-124,50,0,09-Aug-2020,19:09:12,-22.7203,168.1182,562,205,496,84,100,,,10,0,16,,,,,,,,,,,,,,,,,,,,,,,,,,,,,
5675,198172,3,NK,3,546,09-Aug-2020,19:12:34,-22.7203,168.1182,,401677761,-124,50,0,09-Aug-2020,19:09:44,-22.7203,168.1182,562,205,496,84,100,,,22,75,24,,,,,,,,,,,,,,,,,,,,,,,,,,,,,
5675,198172,3,NK,3,546,09-Aug-2020,19:12:34,-22.7203,168.1182,,401677761,-124,50,0,09-Aug-2020,19:12:03,-22.7203,168.1182,562,205,496,84,100,,,42,108,49,,,,,,,,,,,,,,,,,,,,,,,,,,,,,
5675,198172,3,NK,3,546,09-Aug-2020,19:12:34,-22.7203,168.1182,,401677761,-124,50,0,09-Aug-2020,19:13:19,-22.7203,168.1182,562,205,496,84,100,,,88,187,50,,,,,,,,,,,,,,,,,,,,,,,,,,,,,
5675,198172,3,NK,3,546,09-Aug-2020,19:12:34,-22.7203,168.1182,,401677761,-124,50,0,09-Aug-2020,19:18:34,-22.7203,168.1182,562,205,496,84,100,,,10,72,80,,,,,,,,,,,,,,,,,,,,,,,,,,,,,
5675,198172,3,SR,B,547,09-Aug-2020,19:59:28,-22.7276,168.1022,,401677727,-134,8,0,09-Aug-2020,19:59:19,-22.7276,168.1022,19,2025,2206,1858,138,,,78,248,4,,,,,,,,,,,,,,,,,,,,,,,,,,,,,
5675,198172,3,SR,B,547,09-Aug-2020,19:59:28,-22.7276,168.1022,,401677727,-134,8,0,09-Aug-2020,19:59:38,-22.7276,168.1022,19,2025,2206,1858,138,,,93,245,50,,,,,,,,,,,,,,,,,,,,,,,,,,,,,
5675,198172,3,SR,B,548,10-Aug-2020,05:28:43,-22.7575,167.9620,,401677746,-135,8,0,10-Aug-2020,05:28:44,-22.7575,167.9620,,6120,11096,3375,114,,,71,245,4,,,,,,,,,,,,,,,,,,,,,,,,,,,,,
5675,198172,3,NP,1,549,10-Aug-2020,06:45:21,-22.9551,168.3504,,401677762,-127,58,0,10-Aug-2020,06:43:21,-22.9551,168.3504,511,639,1668,244,90,,,73,243,4,,,,,,,,,,,,,,,,,,,,,,,,,,,,,
5675,198172,3,NP,1,549,10-Aug-2020,06:45:21,-22.9551,168.3504,,401677762,-127,58,0,10-Aug-2020,06:43:37,-22.9551,168.3504,511,639,1668,244,90,,,92,207,51,,,,,,,,,,,,,,,,,,,,,,,,,,,,,
5675,198172,3,NP,1,549,10-Aug-2020,06:45:21,-22.9551,168.3504,,401677762,-127,58,0,10-Aug-2020,06:44:41,-22.9551,168.3504,511,639,1668,244,90,,,97,135,0,,,,,,,,,,,,,,,,,,,,,,,,,,,,,
5675,198172,3,NP,1,549,10-Aug-2020,06:45:21,-22.9551,168.3504,,401677762,-127,58,0,10-Aug-2020,06:45:30,-22.9551,168.3504,511,639,1668,244,90,,,10,0,16,,,,,,,,,,,,,,,,,,,,,,,,,,,,,
5675,198172,3,NP,1,549,10-Aug-2020,06:45:21,-22.9551,168.3504,,401677762,-127,58,0,10-Aug-2020,06:45:56,-22.9551,168.3504,511,639,1668,244,90,,,22,75,24,,,,,,,,,,,,,,,,,,,,,,,,,,,,,
5675,198172,3,NP,1,549,10-Aug-2020,06:45:21,-22.9551,168.3504,,401677762,-127,58,0,10-Aug-2020,06:46:51,-22.9551,168.3504,511,639,1668,244,90,,,94,213,51,,,,,,,,,,,,,,,,,,,,,,,,,,,,,
5675,198172,3,NP,1,549,10-Aug-2020,06:45:21,-22.9551,168.3504,,401677762,-127,58,0,10-Aug-2020,06:47:32,-22.9551,168.3504,511,639,1668,244,90,,,98,136,0,,,,,,,,,,,,,,,,,,,,,,,,,,,,,
5675,198172,3,NP,1,549,10-Aug-2020,06:45:21,-22.9551,168.3504,,401677762,-127,58,0,10-Aug-2020,06:51:52,-22.9551,168.3504,511,639,1668,244,90,,,93,218,51,,,,,,,,,,,,,,,,,,,,,,,,,,,,,
5675,198172,3,MA, ,550,11-Aug-2020,09:21:32,,,,401650000,-127,,0,11-Aug-2020,09:21:32,,,,,,,,,,92,239,51,,,,,,,,,,,,,,,,,,,,,,,,,,,,,
5675,198172,3,SR,0,551,11-Aug-2020,18:58:39,-23.1870,168.2948,,401677770,-122,40,0,11-Aug-2020,18:55:25,-23.1870,168.2948,391,17063,589565,493,78,,,89,254,51,,,,,,,,,,,,,,,,,,,,,,,,,,,,,
5675,198172,3,SR,0,551,11-Aug-2020,18:58:39,-23.1870,168.2948,,401677770,-122,40,0,11-Aug-2020,18:58:21,-23.1870,168.2948,391,17063,589565,493,78,,,76,242,4,,,,,,,,,,,,,,,,,,,,,,,,,,,,,
5675,198172,3,SR,0,551,11-Aug-2020,18:58:39,-23.1870,168.2948,,401677770,-122,40,2,11-Aug-2020,19:01:56,-23.1870,168.2948,391,17063,589565,493,78,,,10,0,16,,,,,,,,,,,,,,,,,,,,,,,,,,,,,
5675,198172,3,NP,B,552,11-Aug-2020,19:35:17,-23.2550,168.1826,,401677753,-137,8,0,11-Aug-2020,19:34:23,-23.2550,168.1826,109,9915,35238,2790,139,,,22,75,24,,,,,,,,,,,,,,,,,,,,,,,,,,,,,
5675,198172,3,NP,B,552,11-Aug-2020,19:35:17,-23.2550,168.1826,,401677753,-137,8,0,11-Aug-2020,19:36:12,-23.2550,168.1826,109,9915,35238,2790,139,,,98,136,0,,,,,,,,,,,,,,,,,,,,,,,,,,,,,
5675,198172,3,NK,B,553,11-Aug-2020,20:08:30,-23.2752,168.1698,,401677758,-133,8,0,11-Aug-2020,20:07:50,-23.2752,168.1698,81,7250,9058,5802,98,,,87,123,52,,,,,,,,,,,,,,,,,,,,,,,,,,,,,
5675,198172,3,NK,B,553,11-Aug-2020,20:08:30,-23.2752,168.1698,,401677758,-133,8,0,11-Aug-2020,20:09:11,-23.2752,168.1698,81,7250,9058,5802,98,,,42,0,16,,,,,,,,,,,,,,,,,,,,,,,,,,,,,
5675,198172,3,MA,2,554,11-Aug-2020,20:39:19,-23.2711,168.1517,,401677758,-121,58,0,11-Aug-2020,20:37:29,-23.2711,168.1517,335,446,966,206,87,,,87,154,52,,,,,,,,,,,,,,,,,,,,,,,,,,,,,
5675,198172,23,MA,2,554,11-Aug-2020,20:39:19,-23.2711,168.1517,,401677758,-121,58,0,11-Aug-2020,20:38:14,-23.2711,168.1517,335,446,966,206,87,,,87,148,243,33,139,159,224,17,80,31,141,190,244,26,113,81,80,40,66,218,17,26,107,,,,,,,,,
5675,198172,3,MA,2,554,11-Aug-2020,20:39:19,-23.2711,168.1517,,401677758,-121,58,0,11-Aug-2020,20:38:37,-23.2711,168.1517,335,446,966,206,87,,,1,128,41,,,,,,,,,,,,,,,,,,,,,,,,,,,,,
5675,198172,3,MA,2,554,11-Aug-2020,20:39:19,-23.2711,168.1517,,401677758,-121,58,1,11-Aug-2020,20:39:23,-23.2711,168.1517,335,446,966,206,87,,,22,75,24,,,,,,,,,,,,,,,,,,,,,,,,,,,,,
5675,198172,3,MA,2,554,11-Aug-2020,20:39:19,-23.2711,168.1517,,401677758,-121,58,0,11-Aug-2020,20:40:27,-23.2711,168.1517,335,446,966,206,87,,,85,160,52,,,,,,,,,,,,,,,,,,,,,,,,,,,,,
5675,198172,3,MA,2,554,11-Aug-2020,20:39:19,-23.2711,168.1517,,401677758,-121,58,0,11-Aug-2020,20:40:41,-23.2711,168.1517,335,446,966,206,87,,,97,135,0,,,,,,,,,,,,,,,,,,,,,,,,,,,,,
5675,198172,3,MA,2,554,11-Aug-2020,20:39:19,-23.2711,168.1517,,401677758,-121,58,0,11-Aug-2020,20:43:04,-23.2711,168.1517,335,446,966,206,87,,,10,0,16,,,,,,,,,,,,,,,,,,,,,,,,,,,,,
5675,198172,3,NN,B,555,11-Aug-2020,21:08:17,-23.2816,168.1473,,401677744,-128,,0,11-Aug-2020,21:08:18,-23.2816,168.1473,,6297,12756,3108,21,,,22,75,24,,,,,,,,,,,,,,,,,,,,,,,,,,,,,
5675,198172,3,MC,B,556,11-Aug-2020,21:08:17,-23.2913,168.1436,,401677755,-125,6,0,11-Aug-2020,21:08:18,-23.2913,168.1436,,3982,4400,3603,100,,,22,75,24,,,,,,,,,,,,,,,,,,,,,,,,,,,,,
5675,198172,3,SR,B,557,12-Aug-2020,06:07:45,-23.5011,168.0936,,401677769,-129,8,0,12-Aug-2020,06:07:24,-23.5011,168.0936,44,6743,64518,704,118,,,22,75,24,,,,,,,,,,,,,,,,,,,,,,,,,,,,,
5675,198172,3,SR,B,557,12-Aug-2020,06:07:45,-23.5011,168.0936,,401677769,-129,8,0,12-Aug-2020,06:08:08,-23.5011,168.0936,44,6743,64518,704,118,,,97,135,0,,,,,,,,,,,,,,,,,,,,,,,,,,,,,
5675,198172,3,NP, ,558,13-Aug-2020,06:15:47,,,,401650000,-140,,0,13-Aug-2020,06:15:47,,,,,,,,,,72,246,4,,,,,,,,,,,,,,,,,,,,,,,,,,,,,
5675,198172,3,SR,2,559,13-Aug-2020,19:33:09,-23.5325,167.9643,,401677759,-121,50,0,13-Aug-2020,19:32:19,-23.5325,167.9643,359,373,568,244,75,,,97,135,0,,,,,,,,,,,,,,,,,,,,,,,,,,,,,
5675,198172,3,SR,2,559,13-Aug-2020,19:33:09,-23.5325,167.9643,,401677759,-121,50,0,13-Aug-2020,19:32:35,-23.5325,167.9643,359,373,568,244,75,,,10,0,16,,,,,,,,,,,,,,,,,,,,,,,,,,,,,
5675,198172,3,SR,2,559,13-Aug-2020,19:33:09,-23.5325,167.9643,,401677759,-121,50,0,13-Aug-2020,19:34:34,-23.5325,167.9643,359,373,568,244,75,,,77,247,4,,,,,,,,,,,,,,,,,,,,,,,,,,,,,
5675,198172,3,SR,2,559,13-Aug-2020,19:33:09,-23.5325,167.9643,,401677759,-121,50,0,13-Aug-2020,19:34:53,-23.5325,167.9643,359,373,568,244,75,,,86,65,53,,,,,,,,,,,,,,,,,,,,,,,,,,,,,
5675,198172,3,SR,2,559,13-Aug-2020,19:33:09,-23.5325,167.9643,,401677759,-121,50,0,13-Aug-2020,19:38:18,-23.5325,167.9643,359,373,568,244,75,,,22,75,24,,,,,,,,,,,,,,,,,,,,,,,,,,,,,
5675,198172,3,MC,B,560,13-Aug-2020,20:26:41,-23.5533,167.9535,,401677767,-132,8,0,13-Aug-2020,20:25:57,-23.5533,167.9535,90,2374,4807,1172,58,,,22,75,24,,,,,,,,,,,,,,,,,,,,,,,,,,,,,
5675,198172,3,MC,B,560,13-Aug-2020,20:26:41,-23.5533,167.9535,,401677767,-132,8,0,13-Aug-2020,20:27:27,-23.5533,167.9535,90,2374,4807,1172,58,,,10,8,16,,,,,,,,,,,,,,,,,,,,,,,,,,,,,
5675,198172,3,MA,B,561,13-Aug-2020,21:36:52,-23.5682,167.9498,,401677757,-119,8,0,13-Aug-2020,21:36:52,-23.5682,167.9498,,1053,29576,37,91,,,10,0,16,,,,,,,,,,,,,,,,,,,,,,,,,,,,,
5675,198172,3,MA,B,562,14-Aug-2020,08:21:25,-23.5711,167.9484,,401677760,-133,8,0,14-Aug-2020,08:21:26,-23.5711,167.9484,,3126,5449,1792,102,,,65,101,2,,,,,,,,,,,,,,,,,,,,,,,,,,,,,
5675,198172,3,MC,B,563,14-Aug-2020,08:52:32,-23.6809,167.7960,,401677825,-131,8,0,14-Aug-2020,08:52:32,-23.6809,167.7960,,3269,5213,2050,82,,,98,8,32,,,,,,,,,,,,,,,,,,,,,,,,,,,,,
5675,198172,3,NN,B,564,14-Aug-2020,09:18:27,-23.6440,167.8282,,401677816,-137,6,0,14-Aug-2020,09:18:27,-23.6440,167.8282,,4969,9468,2607,43,,,22,75,24,,,,,,,,,,,,,,,,,,,,,,,,,,,,,
5675,198172,3,NK,A,565,14-Aug-2020,09:19:35,-23.4928,167.7576,,401677759,-129,6,0,14-Aug-2020,09:18:27,-23.4928,167.7576,161,1840,16952,199,67,,,22,75,24,,,,,,,,,,,,,,,,,,,,,,,,,,,,,
5675,198172,3,NK,A,565,14-Aug-2020,09:19:35,-23.4928,167.7576,,401677759,-129,6,0,14-Aug-2020,09:19:10,-23.4928,167.7576,161,1840,16952,199,67,,,93,232,53,,,,,,,,,,,,,,,,,,,,,,,,,,,,,
5675,198172,3,NK,A,565,14-Aug-2020,09:19:35,-23.4928,167.7576,,401677759,-129,6,0,14-Aug-2020,09:21:08,-23.4928,167.7576,161,1840,16952,199,67,,,92,237,53,,,,,,,,,,,,,,,,,,,,,,,,,,,,,
5675,198172,3,MC,B,566,14-Aug-2020,10:30:04,-23.6044,167.8584,,401677827,-124,8,0,14-Aug-2020,10:30:05,-23.6044,167.8584,67,3273,5047,2122,90,,,75,233,4,,,,,,,,,,,,,,,,,,,,,,,,,,,,,
5675,198172,3,MC,B,566,14-Aug-2020,10:30:04,-23.6044,167.8584,,401677827,-124,8,0,14-Aug-2020,10:31:12,-23.6044,167.8584,67,3273,5047,2122,90,,,98,190,117,,,,,,,,,,,,,,,,,,,,,,,,,,,,,
5675,198172,3,NN,B,567,14-Aug-2020,10:59:28,-23.5523,167.8125,,401677760,-133,6,0,14-Aug-2020,10:59:28,-23.5523,167.8125,,3460,6351,1885,78,,,103,137,0,,,,,,,,,,,,,,,,,,,,,,,,,,,,,
5675,198172,23,NP,1,568,14-Aug-2020,19:02:54,-23.4398,167.8137,,401677768,-131,58,0,14-Aug-2020,18:57:05,-23.4398,167.8137,437,682,1871,248,131,,,82,112,131,220,232,140,96,178,7,75,161,9,35,6,60,209,225,202,24,178,150,30,203,,,,,,,,,
5675,198172,3,NP,1,568,14-Aug-2020,19:02:54,-23.4398,167.8137,,401677768,-131,58,0,14-Aug-2020,18:57:51,-23.4398,167.8137,437,682,1871,248,131,,,79,237,4,,,,,,,,,,,,,,,,,,,,,,,,,,,,,
5675,198172,3,NP,1,568,14-Aug-2020,19:02:54,-23.4398,167.8137,,401677768,-131,58,0,14-Aug-2020,19:01:26,-23.4398,167.8137,437,682,1871,248,131,,,22,75,24,,,,,,,,,,,,,,,,,,,,,,,,,,,,,
5675,198172,3,NP,1,568,14-Aug-2020,19:02:54,-23.4398,167.8137,,401677768,-131,58,0,14-Aug-2020,19:04:22,-23.4398,167.8137,437,682,1871,248,131,,,65,134,0,,,,,,,,,,,,,,,,,,,,,,,,,,,,,
5675,198172,3,SR,2,569,14-Aug-2020,19:04:06,-23.4534,167.7505,,401677764,-125,56,0,14-Aug-2020,19:01:26,-23.4534,167.7505,395,291,3172,26,81,,,22,75,24,,,,,,,,,,,,,,,,,,,,,,,,,,,,,
5675,198172,3,SR,2,569,14-Aug-2020,19:04:06,-23.4534,167.7505,,401677764,-125,56,0,14-Aug-2020,19:01:50,-23.4534,167.7505,395,291,3172,26,81,,,79,237,4,,,,,,,,,,,,,,,,,,,,,,,,,,,,,
5675,198172,3,SR,2,569,14-Aug-2020,19:04:06,-23.4534,167.7505,,401677764,-125,56,0,14-Aug-2020,19:04:52,-23.4534,167.7505,395,291,3172,26,81,,,10,0,16,,,,,,,,,,,,,,,,,,,,,,,,,,,,,
5675,198172,3,SR,2,569,14-Aug-2020,19:04:06,-23.4534,167.7505,,401677764,-125,56,1,14-Aug-2020,19:08:01,-23.4534,167.7505,395,291,3172,26,81,,,97,135,0,,,,,,,,,,,,,,,,,,,,,,,,,,,,,
5675,198172,3,MA,0,570,14-Aug-2020,19:35:45,-23.4404,167.8070,,401677770,-128,47,0,14-Aug-2020,19:35:03,-23.4404,167.8070,98,5451,9279,3201,7,,,22,75,24,,,,,,,,,,,,,,,,,,,,,,,,,,,,,
5675,198172,3,MA,0,570,14-Aug-2020,19:35:45,-23.4404,167.8070,,401677770,-128,47,0,14-Aug-2020,19:35:19,-23.4404,167.8070,98,5451,9279,3201,7,,,64,238,4,,,,,,,,,,,,,,,,,,,,,,,,,,,,,
5675,198172,3,MA,0,570,14-Aug-2020,19:35:45,-23.4404,167.8070,,401677770,-128,47,0,14-Aug-2020,19:35:59,-23.4404,167.8070,98,5451,9279,3201,7,,,97,135,0,,,,,,,,,,,,,,,,,,,,,,,,,,,,,
5675,198172,3,MA,0,570,14-Aug-2020,19:35:45,-23.4404,167.8070,,401677770,-128,47,0,14-Aug-2020,19:36:41,-23.4404,167.8070,98,5451,9279,3201,7,,,10,0,16,,,,,,,,,,,,,,,,,,,,,,,,,,,,,
5675,198172,3,SR,B,571,15-Aug-2020,06:10:17,-23.4342,167.8719,,401677797,-129,8,0,15-Aug-2020,06:09:49,-23.4342,167.8719,58,11883,272082,519,113,,,103,137,0,,,,,,,,,,,,,,,,,,,,,,,,,,,,,
5675,198172,3,SR,B,571,15-Aug-2020,06:10:17,-23.4342,167.8719,,401677797,-129,8,0,15-Aug-2020,06:10:47,-23.4342,167.8719,58,11883,272082,519,113,,,10,0,16,,,,,,,,,,,,,,,,,,,,,,,,,,,,,
5675,198172,3,NK,A,572,16-Aug-2020,19:37:38,-23.3569,168.3026,,401677762,-131,,0,16-Aug-2020,19:34:33,-23.3569,168.3026,464,2973,20418,432,91,,,69,223,4,,,,,,,,,,,,,,,,,,,,,,,,,,,,,
5675,198172,3,NK,A,572,16-Aug-2020,19:37:38,-23.3569,168.3026,,401677762,-131,,0,16-Aug-2020,19:36:05,-23.3569,168.3026,464,2973,20418,432,91,,,10,0,16,,,,,,,,,,,,,,,,,,,,,,,,,,,,,
5675,198172,3,NK,A,572,16-Aug-2020,19:37:38,-23.3569,168.3026,,401677762,-131,,0,16-Aug-2020,19:42:17,-23.3569,168.3026,464,2973,20418,432,91,,,18,107,24,,,,,,,,,,,,,,,,,,,,,,,,,,,,,
5675,198172,3,MC,A,573,16-Aug-2020,22:45:25,-23.3230,168.2900,,401677764,-125,8,0,16-Aug-2020,22:42:08,-23.3230,168.2900,323,4029,50129,323,122,,,95,131,55,,,,,,,,,,,,,,,,,,,,,,,,,,,,,
5675,198172,3,MC,A,573,16-Aug-2020,22:45:25,-23.3230,168.2900,,401677764,-125,8,0,16-Aug-2020,22:46:39,-23.3230,168.2900,323,4029,50129,323,122,,,98,136,0,,,,,,,,,,,,,,,,,,,,,,,,,,,,,
5675,198172,3,MC,A,573,16-Aug-2020,22:45:25,-23.3230,168.2900,,401677764,-125,8,0,16-Aug-2020,22:47:31,-23.3230,168.2900,323,4029,50129,323,122,,,27,98,18,,,,,,,,,,,,,,,,,,,,,,,,,,,,,
5675,198172,3,NN,B,574,17-Aug-2020,10:22:58,-23.2407,168.4497,,401677732,-127,8,0,17-Aug-2020,10:22:59,-23.2407,168.4497,,5571,6572,4720,72,,,70,240,4,,,,,,,,,,,,,,,,,,,,,,,,,,,,,
5675,198172,3,NP,B,575,17-Aug-2020,18:25:53,-23.2153,168.4721,,401677729,-132,8,0,17-Aug-2020,18:25:53,-23.2153,168.4721,,4715,9460,2349,102,,,10,0,16,,,,,,,,,,,,,,,,,,,,,,,,,,,,,
5675,198172,3,NP,B,576,18-Aug-2020,06:58:46,-23.0366,168.6096,,401677759,-127,,0,18-Aug-2020,06:57:46,-23.0366,168.6096,121,3674,110095,122,66,,,80,20,57,,,,,,,,,,,,,,,,,,,,,,,,,,,,,
5675,198172,3,NP,B,576,18-Aug-2020,06:58:46,-23.0366,168.6096,,401677759,-127,,0,18-Aug-2020,06:59:47,-23.0366,168.6096,121,3674,110095,122,66,,,10,0,16,,,,,,,,,,,,,,,,,,,,,,,,,,,,,
5675,198172,3,NK,B,577,18-Aug-2020,07:34:07,-23.0248,168.6284,,401677761,-133,7,0,18-Aug-2020,07:34:08,-23.0248,168.6284,,4591,20287,1038,68,,,98,136,0,,,,,,,,,,,,,,,,,,,,,,,,,,,,,
5675,198172,3,NP,0,578,18-Aug-2020,18:09:03,-22.8199,168.7660,,401677741,-126,48,0,18-Aug-2020,18:07:38,-22.8199,168.7660,146,20341,276120,1498,92,,,94,140,57,,,,,,,,,,,,,,,,,,,,,,,,,,,,,
5675,198172,3,NP,0,578,18-Aug-2020,18:09:03,-22.8199,168.7660,,401677741,-126,48,0,18-Aug-2020,18:09:01,-22.8199,168.7660,146,20341,276120,1498,92,,,122,142,0,,,,,,,,,,,,,,,,,,,,,,,,,,,,,
5675,198172,3,NP,0,578,18-Aug-2020,18:09:03,-22.8199,168.7660,,401677741,-126,48,0,18-Aug-2020,18:09:31,-22.8199,168.7660,146,20341,276120,1498,92,,,10,0,16,,,,,,,,,,,,,,,,,,,,,,,,,,,,,
5675,198172,3,NP,0,578,18-Aug-2020,18:09:03,-22.8199,168.7660,,401677741,-126,48,0,18-Aug-2020,18:10:04,-22.8199,168.7660,146,20341,276120,1498,92,,,22,75,24,,,,,,,,,,,,,,,,,,,,,,,,,,,,,
5675,198172,3,SR,B,579,19-Aug-2020,19:48:39,-22.4366,168.8205,,401677856,-132,,0,19-Aug-2020,19:47:15,-22.4366,168.8205,169,17241,245567,1210,27,,,85,4,58,,,,,,,,,,,,,,,,,,,,,,,,,,,,,
5675,198172,3,SR,B,579,19-Aug-2020,19:48:39,-22.4366,168.8205,,401677856,-132,,0,19-Aug-2020,19:50:04,-22.4366,168.8205,169,17241,245567,1210,27,,,22,75,24,,,,,,,,,,,,,,,,,,,,,,,,,,,,,
5675,198172,3,NK,A,580,19-Aug-2020,19:55:44,-22.2827,168.9064,,401677755,-137,6,0,19-Aug-2020,19:55:00,-22.2827,168.9064,75,5680,14346,2248,26,,,10,0,16,,,,,,,,,,,,,,,,,,,,,,,,,,,,,
5675,198172,3,NK,A,580,19-Aug-2020,19:55:44,-22.2827,168.9064,,401677755,-137,6,0,19-Aug-2020,19:56:00,-22.2827,168.9064,75,5680,14346,2248,26,,,79,237,4,,,,,,,,,,,,,,,,,,,,,,,,,,,,,
5675,198172,3,NK,A,580,19-Aug-2020,19:55:44,-22.2827,168.9064,,401677755,-137,6,0,19-Aug-2020,19:56:15,-22.2827,168.9064,75,5680,14346,2248,26,,,94,19,58,,,,,,,,,,,,,,,,,,,,,,,,,,,,,
5675,198172,3,NN,B,581,19-Aug-2020,21:10:35,-22.2542,168.9276,,401677739,-130,8,0,19-Aug-2020,21:10:35,-22.2542,168.9276,,13455,17755,10196,62,,,10,0,16,,,,,,,,,,,,,,,,,,,,,,,,,,,,,
5675,198172,3,MA,B,582,19-Aug-2020,21:10:35,-22.2545,168.9269,,401677739,-120,,0,19-Aug-2020,21:10:35,-22.2545,168.9269,,10889,15788,7510,60,,,10,0,16,,,,,,,,,,,,,,,,,,,,,,,,,,,,,
5675,198172,3,NN, ,583,20-Aug-2020,22:38:31,,,,401650000,-126,,0,20-Aug-2020,22:38:31,,,,,,,,,,98,136,0,,,,,,,,,,,,,,,,,,,,,,,,,,,,,
5675,198172,3,MC, ,584,20-Aug-2020,23:02:12,,,,401650000,-126,,0,20-Aug-2020,23:02:12,,,,,,,,,,64,238,4,,,,,,,,,,,,,,,,,,,,,,,,,,,,,
5675,198172,3,NP, ,585,21-Aug-2020,08:00:07,,,,401650000,-139,,0,21-Aug-2020,08:00:07,,,,,,,,,,231,137,1,,,,,,,,,,,,,,,,,,,,,,,,,,,,,
5675,198172,3,NK,B,586,21-Aug-2020,08:00:18,-22.0665,168.9906,,401677777,-127,,0,21-Aug-2020,08:00:07,-22.0665,168.9906,24,4174,69135,252,75,,,103,137,0,,,,,,,,,,,,,,,,,,,,,,,,,,,,,
5675,198172,3,NK,B,586,21-Aug-2020,08:00:18,-22.0665,168.9906,,401677777,-127,,0,21-Aug-2020,08:00:31,-22.0665,168.9906,24,4174,69135,252,75,,,10,0,16,,,,,,,,,,,,,,,,,,,,,,,,,,,,,
5675,198172,3,NN,B,587,21-Aug-2020,09:33:25,-21.9778,169.2061,,401650000,-140,8,0,21-Aug-2020,09:33:26,-21.9778,169.2061,,4573,15209,1374,69,,,22,75,24,,,,,,,,,,,,,,,,,,,,,,,,,,,,,
5675,198172,23,MC,B,588,21-Aug-2020,09:46:27,-22.0746,169.0359,,401677758,-131,,0,21-Aug-2020,09:45:41,-22.0746,169.0359,92,3838,44859,328,30,,,69,112,131,220,232,140,96,178,10,167,9,148,84,117,35,18,1,95,32,206,80,255,128,,,,,,,,,
5675,198172,3,MC,B,588,21-Aug-2020,09:46:27,-22.0746,169.0359,,401677758,-131,,0,21-Aug-2020,09:47:13,-22.0746,169.0359,92,3838,44859,328,30,,,202,241,74,,,,,,,,,,,,,,,,,,,,,,,,,,,,,
5675,198172,3,MB,B,589,21-Aug-2020,10:32:56,-22.0396,169.0709,,401677741,-130,8,0,21-Aug-2020,10:32:57,-22.0396,169.0709,,4354,11768,1611,31,,,75,233,92,,,,,,,,,,,,,,,,,,,,,,,,,,,,,
5675,198172,3,MA,B,590,21-Aug-2020,10:55:18,-22.0726,169.0406,,401677765,-133,6,0,21-Aug-2020,10:55:19,-22.0726,169.0406,,4725,10485,2128,46,,,117,148,54,,,,,,,,,,,,,,,,,,,,,,,,,,,,,
5675,198172,3,NN,A,591,21-Aug-2020,11:13:14,-22.0718,169.0213,,401677752,-135,6,0,21-Aug-2020,11:12:53,-22.0718,169.0213,287,404,2611,62,55,,,85,186,58,,,,,,,,,,,,,,,,,,,,,,,,,,,,,
5675,198172,3,NN,A,591,21-Aug-2020,11:13:14,-22.0718,169.0213,,401677752,-135,6,0,21-Aug-2020,11:13:35,-22.0718,169.0213,287,404,2611,62,55,,,2,0,48,,,,,,,,,,,,,,,,,,,,,,,,,,,,,
5675,198172,3,NN,A,591,21-Aug-2020,11:13:14,-22.0718,169.0213,,401677752,-135,6,0,21-Aug-2020,11:17:40,-22.0718,169.0213,287,404,2611,62,55,,,20,75,24,,,,,,,,,,,,,,,,,,,,,,,,,,,,,
5675,198172,3,MC,A,592,21-Aug-2020,11:25:53,-22.0891,169.0057,,401677760,-126,6,0,21-Aug-2020,11:25:23,-22.0891,169.0057,68,698,1234,394,110,,,66,228,4,,,,,,,,,,,,,,,,,,,,,,,,,,,,,
5675,198172,3,MC,A,592,21-Aug-2020,11:25:53,-22.0891,169.0057,,401677760,-126,6,0,21-Aug-2020,11:25:47,-22.0891,169.0057,68,698,1234,394,110,,,84,191,58,,,,,,,,,,,,,,,,,,,,,,,,,,,,,
5675,198172,3,MC,A,592,21-Aug-2020,11:25:53,-22.0891,169.0057,,401677760,-126,6,0,21-Aug-2020,11:26:31,-22.0891,169.0057,68,698,1234,394,110,,,98,136,0,,,,,,,,,,,,,,,,,,,,,,,,,,,,,
5675,198172,3,SR,B,593,21-Aug-2020,18:48:31,-21.9047,169.1347,,401677724,-129,8,0,21-Aug-2020,18:48:31,-21.9047,169.1347,,7333,9009,5968,71,,,22,75,24,,,,,,,,,,,,,,,,,,,,,,,,,,,,,
5675,198172,3,NK,B,594,21-Aug-2020,19:16:56,-22.1235,168.9863,,401677769,-137,6,0,21-Aug-2020,19:16:56,-22.1235,168.9863,,8511,18799,3852,44,,,22,75,24,,,,,,,,,,,,,,,,,,,,,,,,,,,,,
5675,198172,3,MC,B,595,21-Aug-2020,22:38:04,-22.1646,168.9573,,401677770,-130,8,0,21-Aug-2020,22:38:04,-22.1646,168.9573,,4428,9519,2059,95,,,88,34,59,,,,,,,,,,,,,,,,,,,,,,,,,,,,,
5675,198172,3,NK,3,596,25-Aug-2020,19:09:50,-22.3668,169.0739,,401677775,-129,50,0,25-Aug-2020,19:06:43,-22.3668,169.0739,265,149,375,59,125,,,103,137,0,,,,,,,,,,,,,,,,,,,,,,,,,,,,,
5675,198172,3,NK,3,596,25-Aug-2020,19:09:50,-22.3668,169.0739,,401677775,-129,50,0,25-Aug-2020,19:10:20,-22.3668,169.0739,265,149,375,59,125,,,86,107,59,,,,,,,,,,,,,,,,,,,,,,,,,,,,,
5675,198172,3,NK,3,596,25-Aug-2020,19:09:50,-22.3668,169.0739,,401677775,-129,50,0,25-Aug-2020,19:10:35,-22.3668,169.0739,265,149,375,59,125,,,97,135,0,,,,,,,,,,,,,,,,,,,,,,,,,,,,,
5675,198172,3,NK,3,596,25-Aug-2020,19:09:50,-22.3668,169.0739,,401677775,-129,50,1,25-Aug-2020,19:10:53,-22.3668,169.0739,265,149,375,59,125,,,10,0,16,,,,,,,,,,,,,,,,,,,,,,,,,,,,,
5675,198172,3,NK,3,596,25-Aug-2020,19:09:50,-22.3668,169.0739,,401677775,-129,50,1,25-Aug-2020,19:11:08,-22.3668,169.0739,265,149,375,59,125,,,22,75,24,,,,,,,,,,,,,,,,,,,,,,,,,,,,,
5675,198172,3,MA,0,597,27-Aug-2020,21:49:34,-22.3488,169.1015,,401677767,-128,50,0,27-Aug-2020,21:46:44,-22.3488,169.1015,244,1949,30157,125,120,,,85,164,120,,,,,,,,,,,,,,,,,,,,,,,,,,,,,
5675,198172,3,MA,0,597,27-Aug-2020,21:49:34,-22.3488,169.1015,,401677767,-128,50,0,27-Aug-2020,21:50:11,-22.3488,169.1015,244,1949,30157,125,120,,,69,223,4,,,,,,,,,,,,,,,,,,,,,,,,,,,,,
5675,198172,3,MA,0,597,27-Aug-2020,21:49:34,-22.3488,169.1015,,401677767,-128,50,0,27-Aug-2020,21:50:34,-22.3488,169.1015,244,1949,30157,125,120,,,86,170,59,,,,,,,,,,,,,,,,,,,,,,,,,,,,,
5675,198172,3,MA,0,597,27-Aug-2020,21:49:34,-22.3488,169.1015,,401677767,-128,50,0,27-Aug-2020,21:50:48,-22.3488,169.1015,244,1949,30157,125,120,,,100,134,0,,,,,,,,,,,,,,,,,,,,,,,,,,,,,
5675,198172,3,MC,B,598,28-Aug-2020,09:01:00,-22.3378,169.0642,,401677728,-128,8,0,28-Aug-2020,08:59:43,-22.3378,169.0642,154,2527,20021,319,22,,,74,220,4,,,,,,,,,,,,,,,,,,,,,,,,,,,,,
5675,198172,3,MC,B,598,28-Aug-2020,09:01:00,-22.3378,169.0642,,401677728,-128,8,0,28-Aug-2020,09:02:17,-22.3378,169.0642,154,2527,20021,319,22,,,7,65,89,,,,,,,,,,,,,,,,,,,,,,,,,,,,,
5675,198172,3,NN,B,599,28-Aug-2020,09:54:50,-22.3978,169.0365,,401677770,-135,6,0,28-Aug-2020,09:54:50,-22.3978,169.0365,,3109,8589,1125,20,,,97,135,0,,,,,,,,,,,,,,,,,,,,,,,,,,,,,
5675,198172,3,NN,B,600,28-Aug-2020,11:26:57,-22.3739,169.0417,,401677761,-137,8,0,28-Aug-2020,11:26:58,-22.3739,169.0417,,3394,7262,1585,16,,,10,0,16,,,,,,,,,,,,,,,,,,,,,,,,,,,,,
5675,198172,3,SR,1,601,29-Aug-2020,05:33:46,-22.4426,169.0250,,401677760,-129,50,0,29-Aug-2020,05:32:48,-22.4426,169.0250,215,611,1622,230,22,,,22,75,24,,,,,,,,,,,,,,,,,,,,,,,,,,,,,
5675,198172,3,SR,1,601,29-Aug-2020,05:33:46,-22.4426,169.0250,,401677760,-129,50,0,29-Aug-2020,05:33:32,-22.4426,169.0250,215,611,1622,230,22,,,87,237,60,,,,,,,,,,,,,,,,,,,,,,,,,,,,,
5675,198172,3,SR,1,601,29-Aug-2020,05:33:46,-22.4426,169.0250,,401677760,-129,50,1,29-Aug-2020,05:36:23,-22.4426,169.0250,215,611,1622,230,22,,,10,0,16,,,,,,,,,,,,,,,,,,,,,,,,,,,,,
5675,198172,3,NP,3,602,29-Aug-2020,06:25:40,-22.4310,169.0321,,401677764,-127,58,0,29-Aug-2020,06:21:36,-22.4310,169.0321,640,243,662,89,70,,,75,208,129,,,,,,,,,,,,,,,,,,,,,,,,,,,,,
5675,198172,3,NP,3,602,29-Aug-2020,06:25:40,-22.4310,169.0321,,401677764,-127,58,0,29-Aug-2020,06:25:38,-22.4310,169.0321,640,243,662,89,70,,,83,7,61,,,,,,,,,,,,,,,,,,,,,,,,,,,,,
5675,198172,3,NP,3,602,29-Aug-2020,06:25:40,-22.4310,169.0321,,401677764,-127,58,0,29-Aug-2020,06:26:21,-22.4310,169.0321,640,243,662,89,70,,,10,0,16,,,,,,,,,,,,,,,,,,,,,,,,,,,,,
5675,198172,3,NP,3,602,29-Aug-2020,06:25:40,-22.4310,169.0321,,401677764,-127,58,0,29-Aug-2020,06:26:58,-22.4310,169.0321,640,243,662,89,70,,,22,75,24,,,,,,,,,,,,,,,,,,,,,,,,,,,,,
5675,198172,3,NP,3,602,29-Aug-2020,06:25:40,-22.4310,169.0321,,401677764,-127,58,0,29-Aug-2020,06:27:51,-22.4310,169.0321,640,243,662,89,70,,,79,237,121,,,,,,,,,,,,,,,,,,,,,,,,,,,,,
5675,198172,3,NP,3,602,29-Aug-2020,06:25:40,-22.4310,169.0321,,401677764,-127,58,0,29-Aug-2020,06:32:16,-22.4310,169.0321,640,243,662,89,70,,,98,136,0,,,,,,,,,,,,,,,,,,,,,,,,,,,,,
5675,198172,23,MA,B,603,29-Aug-2020,09:56:36,-22.4065,169.0511,,401677767,-124,8,0,29-Aug-2020,09:56:37,-22.4065,169.0511,,6637,7802,5645,102,,,83,144,131,220,232,140,96,178,14,167,186,146,214,122,105,16,1,186,30,206,144,255,128,,,,,,,,,
5675,198172,3,SR, ,604,04-Sep-2020,05:43:29,,,,401650000,-136,,0,04-Sep-2020,05:43:29,,,,,,,,,,98,136,0,,,,,,,,,,,,,,,,,,,,,,,,,,,,,
5675,198172,3,NP,1,605,04-Sep-2020,06:58:04,-22.4756,168.9865,,401677761,-125,50,0,04-Sep-2020,06:57:39,-22.4756,168.9865,304,969,14269,65,79,,,10,0,16,,,,,,,,,,,,,,,,,,,,,,,,,,,,,
5675,198172,3,NP,1,605,04-Sep-2020,06:58:04,-22.4756,168.9865,,401677761,-125,50,0,04-Sep-2020,06:58:10,-22.4756,168.9865,304,969,14269,65,79,,,22,75,24,,,,,,,,,,,,,,,,,,,,,,,,,,,,,
5675,198172,3,NP,1,605,04-Sep-2020,06:58:04,-22.4756,168.9865,,401677761,-125,50,0,04-Sep-2020,06:58:24,-22.4756,168.9865,304,969,14269,65,79,,,77,247,4,,,,,,,,,,,,,,,,,,,,,,,,,,,,,
5675,198172,3,NP,1,605,04-Sep-2020,06:58:04,-22.4756,168.9865,,401677761,-125,50,0,04-Sep-2020,07:00:15,-22.4756,168.9865,304,969,14269,65,79,,,95,5,63,,,,,,,,,,,,,,,,,,,,,,,,,,,,,
5675,198172,3,NP,1,605,04-Sep-2020,06:58:04,-22.4756,168.9865,,401677761,-125,50,0,04-Sep-2020,07:00:41,-22.4756,168.9865,304,969,14269,65,79,,,98,136,0,,,,,,,,,,,,,,,,,,,,,,,,,,,,,
5675,198172,3,NP,1,605,04-Sep-2020,06:58:04,-22.4756,168.9865,,401677761,-125,50,0,04-Sep-2020,07:02:07,-22.4756,168.9865,304,969,14269,65,79,,,194,172,65,,,,,,,,,,,,,,,,,,,,,,,,,,,,,
5675,198172,3,NP,1,605,04-Sep-2020,06:58:04,-22.4756,168.9865,,401677761,-125,50,0,04-Sep-2020,07:02:43,-22.4756,168.9865,304,969,14269,65,79,,,72,246,4,,,,,,,,,,,,,,,,,,,,,,,,,,,,,
5675,198172,3,SR,B,606,05-Sep-2020,19:16:24,-22.5369,168.9800,,401677751,-125,,0,05-Sep-2020,19:16:04,-22.5369,168.9800,41,7919,105066,596,94,,,97,135,0,,,,,,,,,,,,,,,,,,,,,,,,,,,,,
5675,198172,3,SR,B,606,05-Sep-2020,19:16:24,-22.5369,168.9800,,401677751,-125,,0,05-Sep-2020,19:16:45,-22.5369,168.9800,41,7919,105066,596,94,,,22,75,24,,,,,,,,,,,,,,,,,,,,,,,,,,,,,
5675,198172,3,NK,B,607,05-Sep-2020,19:29:40,-22.5386,168.9891,,401677758,-128,6,0,05-Sep-2020,19:28:52,-22.5386,168.9891,97,1208,7840,186,87,,,81,141,63,,,,,,,,,,,,,,,,,,,,,,,,,,,,,
5675,198172,3,NK,B,607,05-Sep-2020,19:29:40,-22.5386,168.9891,,401677758,-128,6,0,05-Sep-2020,19:30:29,-22.5386,168.9891,97,1208,7840,186,87,,,100,134,0,,,,,,,,,,,,,,,,,,,,,,,,,,,,,
5675,198172,3,NP,B,608,05-Sep-2020,19:39:06,-22.5373,168.9827,,401677755,-136,6,0,05-Sep-2020,19:39:07,-22.5373,168.9827,,7180,27516,1873,93,,,98,136,16,,,,,,,,,,,,,,,,,,,,,,,,,,,,,
5675,198172,3,NN,B,609,05-Sep-2020,21:11:52,-22.5303,168.9843,,401677751,-128,8,0,05-Sep-2020,21:11:53,-22.5303,168.9843,,2092,5066,864,90,,,93,177,63,,,,,,,,,,,,,,,,,,,,,,,,,,,,,
5675,198172,3,NK,B,610,05-Sep-2020,21:11:52,-22.5333,168.9858,,401677754,-129,8,0,05-Sep-2020,21:11:53,-22.5333,168.9858,,2160,4559,1023,92,,,93,177,63,,,,,,,,,,,,,,,,,,,,,,,,,,,,,
5675,198172,3,MB, ,611,05-Sep-2020,21:30:23,,,,401650000,,,0,05-Sep-2020,21:30:23,,,,,,,,,,22,75,24,,,,,,,,,,,,,,,,,,,,,,,,,,,,,
5675,198172,3,SR,B,612,06-Sep-2020,06:27:13,-22.7720,168.9207,,401677758,-124,8,0,06-Sep-2020,06:25:23,-22.7720,168.9207,221,33864,,,,,,10,0,16,,,,,,,,,,,,,,,,,,,,,,,,,,,,,
5675,198172,3,SR,B,612,06-Sep-2020,06:27:13,-22.7720,168.9207,,401677758,-124,8,0,06-Sep-2020,06:29:04,-22.7720,168.9207,221,33864,,,,,,67,225,35,,,,,,,,,,,,,,,,,,,,,,,,,,,,,
5675,198172,3,NP,A,613,06-Sep-2020,06:32:11,-22.8021,169.0489,,401677758,-125,6,0,06-Sep-2020,06:29:04,-22.8021,169.0489,355,972,2136,442,60,,,3,225,11,,,,,,,,,,,,,,,,,,,,,,,,,,,,,
5675,198172,3,NP,A,613,06-Sep-2020,06:32:11,-22.8021,169.0489,,401677758,-125,6,0,06-Sep-2020,06:32:33,-22.8021,169.0489,355,972,2136,442,60,,,97,135,0,,,,,,,,,,,,,,,,,,,,,,,,,,,,,
5675,198172,3,NP,A,613,06-Sep-2020,06:32:11,-22.8021,169.0489,,401677758,-125,6,0,06-Sep-2020,06:34:59,-22.8021,169.0489,355,972,2136,442,60,,,10,0,16,,,,,,,,,,,,,,,,,,,,,,,,,,,,,
5675,198172,23,NN,A,614,06-Sep-2020,09:43:45,-22.8752,169.0685,,401677744,-129,8,0,06-Sep-2020,09:42:32,-22.8752,169.0685,298,160,210,122,128,,,71,208,194,39,42,173,117,59,197,244,113,180,78,248,232,193,73,112,33,57,54,89,134,,,,,,,,,
5675,198172,3,NN,A,614,06-Sep-2020,09:43:45,-22.8752,169.0685,,401677744,-129,8,0,06-Sep-2020,09:44:59,-22.8752,169.0685,298,160,210,122,128,,,22,75,26,,,,,,,,,,,,,,,,,,,,,,,,,,,,,
5675,198172,3,NN,A,614,06-Sep-2020,09:43:45,-22.8752,169.0685,,401677744,-129,8,0,06-Sep-2020,09:47:30,-22.8752,169.0685,298,160,210,122,128,,,70,224,4,,,,,,,,,,,,,,,,,,,,,,,,,,,,,
5675,198172,3,SR,1,615,06-Sep-2020,18:43:52,-23.1392,169.1155,,401677758,-126,58,0,06-Sep-2020,18:44:03,-23.1392,169.1155,112,1415,24057,83,79,,,83,67,64,,,,,,,,,,,,,,,,,,,,,,,,,,,,,
5675,198172,3,SR,1,615,06-Sep-2020,18:43:52,-23.1392,169.1155,,401677758,-126,58,0,06-Sep-2020,18:44:34,-23.1392,169.1155,112,1415,24057,83,79,,,98,136,0,,,,,,,,,,,,,,,,,,,,,,,,,,,,,
5675,198172,3,SR,1,615,06-Sep-2020,18:43:52,-23.1392,169.1155,,401677758,-126,58,1,06-Sep-2020,18:45:40,-23.1392,169.1155,112,1415,24057,83,79,,,22,75,24,,,,,,,,,,,,,,,,,,,,,,,,,,,,,
5675,198172,3,SR,1,615,06-Sep-2020,18:43:52,-23.1392,169.1155,,401677758,-126,58,1,06-Sep-2020,18:45:55,-23.1392,169.1155,112,1415,24057,83,79,,,66,244,4,,,,,,,,,,,,,,,,,,,,,,,,,,,,,
5675,198172,3,NP,B,616,06-Sep-2020,19:33:10,-23.1531,169.1178,,401677759,-136,8,0,06-Sep-2020,19:33:11,-23.1531,169.1178,,3352,4359,2577,81,,,22,75,27,,,,,,,,,,,,,,,,,,,,,,,,,,,,,
5675,198172,3,MA,A,617,06-Sep-2020,19:58:13,-23.1581,169.1134,,401677761,-125,6,0,06-Sep-2020,19:57:27,-23.1581,169.1134,395,238,596,94,45,,,22,75,24,,,,,,,,,,,,,,,,,,,,,,,,,,,,,
5675,198172,3,MA,A,617,06-Sep-2020,19:58:13,-23.1581,169.1134,,401677761,-125,6,0,06-Sep-2020,19:59:01,-23.1581,169.1134,395,238,596,94,45,,,203,175,48,,,,,,,,,,,,,,,,,,,,,,,,,,,,,
5675,198172,3,MA,A,617,06-Sep-2020,19:58:13,-23.1581,169.1134,,401677761,-125,6,0,06-Sep-2020,20:04:02,-23.1581,169.1134,395,238,596,94,45,,,66,244,4,,,,,,,,,,,,,,,,,,,,,,,,,,,,,
5675,198172,3,NN,B,618,06-Sep-2020,22:48:15,-23.2042,169.1184,,401677754,-140,8,0,06-Sep-2020,22:48:15,-23.2042,169.1184,,1787,1933,1650,80,,,80,124,64,,,,,,,,,,,,,,,,,,,,,,,,,,,,,
5675,198172,3,SR,B,619,07-Sep-2020,05:51:56,-23.4601,169.1626,,401677777,-124,8,0,07-Sep-2020,05:51:57,-23.4601,169.1626,,3636,6318,2092,89,,,97,135,0,,,,,,,,,,,,,,,,,,,,,,,,,,,,,
5675,198172,3,NN,B,620,07-Sep-2020,09:30:08,-23.5025,169.0265,,401677761,-133,8,0,07-Sep-2020,09:28:02,-23.5025,169.0265,252,5107,132523,196,61,,,88,181,64,,,,,,,,,,,,,,,,,,,,,,,,,,,,,
5675,198172,23,NN,B,620,07-Sep-2020,09:30:08,-23.5025,169.0265,,401677761,-133,8,0,07-Sep-2020,09:32:14,-23.5025,169.0265,252,5107,132523,196,61,,,95,208,131,220,232,140,96,178,3,166,114,160,94,237,253,35,221,100,151,98,209,181,7,,,,,,,,,
5675,198172,3,MA,B,621,07-Sep-2020,10:05:09,-23.4927,169.1543,,401677796,-120,8,0,07-Sep-2020,10:05:02,-23.4927,169.1543,15,5737,25005,1316,75,,,66,244,4,,,,,,,,,,,,,,,,,,,,,,,,,,,,,
5675,198172,3,MA,B,621,07-Sep-2020,10:05:09,-23.4927,169.1543,,401677796,-120,8,0,07-Sep-2020,10:05:17,-23.4927,169.1543,15,5737,25005,1316,75,,,91,197,64,,,,,,,,,,,,,,,,,,,,,,,,,,,,,
5675,198172,3,NN,0,622,07-Sep-2020,11:11:40,-23.4479,169.0686,,401677755,-127,58,0,07-Sep-2020,11:10:38,-23.4479,169.0686,132,1729,8263,361,107,,,89,219,234,,,,,,,,,,,,,,,,,,,,,,,,,,,,,
5675,198172,3,NN,0,622,07-Sep-2020,11:11:40,-23.4479,169.0686,,401677755,-127,58,0,07-Sep-2020,11:11:04,-23.4479,169.0686,132,1729,8263,361,107,,,98,136,0,,,,,,,,,,,,,,,,,,,,,,,,,,,,,
5675,198172,3,NN,0,622,07-Sep-2020,11:11:40,-23.4479,169.0686,,401677755,-127,58,0,07-Sep-2020,11:11:42,-23.4479,169.0686,132,1729,8263,361,107,,,10,0,16,,,,,,,,,,,,,,,,,,,,,,,,,,,,,
5675,198172,3,NN,0,622,07-Sep-2020,11:11:40,-23.4479,169.0686,,401677755,-127,58,0,07-Sep-2020,11:12:07,-23.4479,169.0686,132,1729,8263,361,107,,,22,75,24,,,,,,,,,,,,,,,,,,,,,,,,,,,,,
5675,198172,3,NN,0,622,07-Sep-2020,11:11:40,-23.4479,169.0686,,401677755,-127,58,0,07-Sep-2020,11:12:50,-23.4479,169.0686,132,1729,8263,361,107,,,71,245,4,,,,,,,,,,,,,,,,,,,,,,,,,,,,,
5675,198172,3,MA,B,623,08-Sep-2020,08:06:47,-23.1220,169.2091,,401677829,-131,,0,08-Sep-2020,08:05:41,-23.1220,169.2091,133,8143,56619,1171,160,,,76,226,4,,,,,,,,,,,,,,,,,,,,,,,,,,,,,
5675,198172,3,MA,B,623,08-Sep-2020,08:06:47,-23.1220,169.2091,,401677829,-131,,0,08-Sep-2020,08:07:54,-23.1220,169.2091,133,8143,56619,1171,160,,,55,96,87,,,,,,,,,,,,,,,,,,,,,,,,,,,,,
5675,198172,23,NK,A,624,08-Sep-2020,08:48:20,-22.9499,169.1493,,401677773,-127,8,0,08-Sep-2020,08:46:06,-22.9499,169.1493,236,1182,2080,671,158,,,90,80,131,220,232,140,96,178,4,35,21,23,20,132,45,14,1,146,32,206,0,255,128,,,,,,,,,
5675,198172,3,NK,A,624,08-Sep-2020,08:48:20,-22.9499,169.1493,,401677773,-127,8,0,08-Sep-2020,08:48:53,-22.9499,169.1493,236,1182,2080,671,158,,,81,24,82,,,,,,,,,,,,,,,,,,,,,,,,,,,,,
5675,198172,3,NK,A,624,08-Sep-2020,08:48:20,-22.9499,169.1493,,401677773,-127,8,0,08-Sep-2020,08:50:02,-22.9499,169.1493,236,1182,2080,671,158,,,100,134,0,,,,,,,,,,,,,,,,,,,,,,,,,,,,,
5675,198172,3,MA,1,625,08-Sep-2020,09:46:10,-22.9453,169.1262,,401677758,-118,48,0,08-Sep-2020,09:45:43,-22.9453,169.1262,343,575,2027,163,75,,,83,35,66,,,,,,,,,,,,,,,,,,,,,,,,,,,,,
5675,198172,3,MA,1,625,08-Sep-2020,09:46:10,-22.9453,169.1262,,401677758,-118,48,0,08-Sep-2020,09:46:00,-22.9453,169.1262,343,575,2027,163,75,,,98,136,0,,,,,,,,,,,,,,,,,,,,,,,,,,,,,
5675,198172,3,MA,1,625,08-Sep-2020,09:46:10,-22.9453,169.1262,,401677758,-118,48,0,08-Sep-2020,09:46:21,-22.9453,169.1262,343,575,2027,163,75,,,10,0,16,,,,,,,,,,,,,,,,,,,,,,,,,,,,,
5675,198172,3,MA,1,625,08-Sep-2020,09:46:10,-22.9453,169.1262,,401677758,-118,48,0,08-Sep-2020,09:46:36,-22.9453,169.1262,343,575,2027,163,75,,,22,75,24,,,,,,,,,,,,,,,,,,,,,,,,,,,,,
5675,198172,3,MA,1,625,08-Sep-2020,09:46:10,-22.9453,169.1262,,401677758,-118,48,0,08-Sep-2020,09:47:19,-22.9453,169.1262,343,575,2027,163,75,,,82,39,66,,,,,,,,,,,,,,,,,,,,,,,,,,,,,
5675,198172,3,MA,1,625,08-Sep-2020,09:46:10,-22.9453,169.1262,,401677758,-118,48,0,08-Sep-2020,09:47:50,-22.9453,169.1262,343,575,2027,163,75,,,100,134,0,,,,,,,,,,,,,,,,,,,,,,,,,,,,,
5675,198172,3,MA,1,625,08-Sep-2020,09:46:10,-22.9453,169.1262,,401677758,-118,48,0,08-Sep-2020,09:51:26,-22.9453,169.1262,343,575,2027,163,75,,,95,13,128,,,,,,,,,,,,,,,,,,,,,,,,,,,,,
5675,198172,3,MC,B,626,08-Sep-2020,11:56:28,-22.8732,169.0740,,401677756,-127,8,0,08-Sep-2020,11:56:28,-22.8732,169.0740,,9726,11535,8200,91,,,10,0,16,,,,,,,,,,,,,,,,,,,,,,,,,,,,,
5675,198172,3,MA,B,627,09-Sep-2020,09:23:23,-22.7685,169.0786,,401677790,-125,,0,09-Sep-2020,09:23:24,-22.7685,169.0786,,26726,41295,17296,92,,,18,74,28,,,,,,,,,,,,,,,,,,,,,,,,,,,,,
5675,198172,3,MA,B,628,09-Sep-2020,20:36:26,-22.6644,168.5676,,401677734,-119,8,0,09-Sep-2020,20:36:17,-22.6644,168.5676,19,10771,81675,1420,107,,,22,75,24,,,,,,,,,,,,,,,,,,,,,,,,,,,,,
5675,198172,3,MA,B,628,09-Sep-2020,20:36:26,-22.6644,168.5676,,401677734,-119,8,0,09-Sep-2020,20:36:36,-22.6644,168.5676,19,10771,81675,1420,107,,,76,226,4,,,,,,,,,,,,,,,,,,,,,,,,,,,,,
5675,198172,3,SR,B,629,10-Sep-2020,07:35:52,-22.6971,168.3286,,401677829,-140,8,0,10-Sep-2020,07:35:52,-22.6971,168.3286,,14344,23612,8714,132,,,86,242,66,,,,,,,,,,,,,,,,,,,,,,,,,,,,,
5675,198172,3,MA,B,630,10-Sep-2020,10:40:14,-22.8724,168.5421,,401677824,-132,8,0,10-Sep-2020,10:40:15,-22.8724,168.5421,,18103,37515,8735,112,,,98,140,18,,,,,,,,,,,,,,,,,,,,,,,,,,,,,
5675,198172,3,NP,B,631,11-Sep-2020,05:37:22,-23.0368,168.6166,,401677832,-135,,0,11-Sep-2020,05:37:23,-23.0368,168.6166,,16837,32494,8724,98,,,98,136,0,,,,,,,,,,,,,,,,,,,,,,,,,,,,,
5675,198172,3,MA,1,632,12-Sep-2020,10:04:24,-23.4083,168.0853,,401677769,-117,40,0,12-Sep-2020,10:01:12,-23.4083,168.0853,258,683,793,587,110,,,10,0,16,,,,,,,,,,,,,,,,,,,,,,,,,,,,,
5675,198172,3,MA,1,632,12-Sep-2020,10:04:24,-23.4083,168.0853,,401677769,-117,40,0,12-Sep-2020,10:02:10,-23.4083,168.0853,258,683,793,587,110,,,22,75,24,,,,,,,,,,,,,,,,,,,,,,,,,,,,,
5675,198172,3,MA,1,632,12-Sep-2020,10:04:24,-23.4083,168.0853,,401677769,-117,40,0,12-Sep-2020,10:03:19,-23.4083,168.0853,258,683,793,587,110,,,97,135,0,,,,,,,,,,,,,,,,,,,,,,,,,,,,,
5675,198172,3,MA,1,632,12-Sep-2020,10:04:24,-23.4083,168.0853,,401677769,-117,40,1,12-Sep-2020,10:05:30,-23.4083,168.0853,258,683,793,587,110,,,69,223,4,,,,,,,,,,,,,,,,,,,,,,,,,,,,,
5675,198172,3,MA,B,633,13-Sep-2020,08:02:30,-23.5167,168.0360,,401677796,-135,,0,13-Sep-2020,08:02:30,-23.5167,168.0360,,22898,44557,11767,88,,,89,80,67,,,,,,,,,,,,,,,,,,,,,,,,,,,,,
5675,198172,3,NP,B,634,13-Sep-2020,08:33:22,-23.4974,168.0490,,401677787,-133,8,0,13-Sep-2020,08:33:23,-23.4974,168.0490,,27989,48182,16258,46,,,10,0,16,,,,,,,,,,,,,,,,,,,,,,,,,,,,,
5675,198172,3,NP,B,635,14-Sep-2020,08:22:55,-23.5015,168.0492,,401677786,-131,,0,14-Sep-2020,08:22:56,-23.5015,168.0492,,29640,44365,19801,74,,,79,221,4,,,,,,,,,,,,,,,,,,,,,,,,,,,,,
5675,198172,3,MA,0,636,14-Sep-2020,09:19:48,-23.4594,168.0958,,401677767,-123,58,0,14-Sep-2020,09:17:47,-23.4594,168.0958,208,4429,88024,222,87,,,64,222,4,,,,,,,,,,,,,,,,,,,,,,,,,,,,,
5675,198172,3,MA,0,636,14-Sep-2020,09:19:48,-23.4594,168.0958,,401677767,-123,58,0,14-Sep-2020,09:18:31,-23.4594,168.0958,208,4429,88024,222,87,,,88,132,67,,,,,,,,,,,,,,,,,,,,,,,,,,,,,
5675,198172,3,MA,0,636,14-Sep-2020,09:19:48,-23.4594,168.0958,,401677767,-123,58,0,14-Sep-2020,09:20:29,-23.4594,168.0958,208,4429,88024,222,87,,,10,0,16,,,,,,,,,,,,,,,,,,,,,,,,,,,,,
5675,198172,3,MA,0,636,14-Sep-2020,09:19:48,-23.4594,168.0958,,401677767,-123,58,0,14-Sep-2020,09:21:01,-23.4594,168.0958,208,4429,88024,222,87,,,22,75,88,,,,,,,,,,,,,,,,,,,,,,,,,,,,,
5675,198172,3,MA,0,636,14-Sep-2020,09:19:48,-23.4594,168.0958,,401677767,-123,58,0,14-Sep-2020,09:21:15,-23.4594,168.0958,208,4429,88024,222,87,,,69,223,4,,,,,,,,,,,,,,,,,,,,,,,,,,,,,
5675,198172,3,MB,B,637,14-Sep-2020,10:35:18,-23.4415,168.1162,,401677769,-129,8,0,14-Sep-2020,10:35:19,-23.4415,168.1162,,6195,10221,3754,81,,,88,148,67,,,,,,,,,,,,,,,,,,,,,,,,,,,,,
5675,198172,23,NN,B,638,14-Sep-2020,11:26:50,-23.4307,168.1287,,401677772,-135,8,0,14-Sep-2020,11:26:50,-23.4307,168.1287,,6685,9488,4710,80,,,87,144,131,220,232,140,96,178,7,45,226,212,150,135,77,12,1,241,30,205,208,255,128,,,,,,,,,
5675,198172,23,MC,B,639,14-Sep-2020,11:26:50,-23.4362,168.1220,,401677772,-126,,0,14-Sep-2020,11:26:50,-23.4362,168.1220,,6645,10193,4331,68,,,87,144,131,220,232,140,96,178,7,45,226,212,150,135,77,12,1,241,30,205,208,255,128,,,,,,,,,
5675,198172,3,NK,A,640,15-Sep-2020,09:10:51,-23.3723,168.0749,,401677750,-128,,0,15-Sep-2020,09:10:04,-23.3723,168.0749,120,1324,8158,214,148,,,84,231,67,,,,,,,,,,,,,,,,,,,,,,,,,,,,,
5675,198172,3,NK,A,640,15-Sep-2020,09:10:51,-23.3723,168.0749,,401677750,-128,,0,15-Sep-2020,09:10:27,-23.3723,168.0749,120,1324,8158,214,148,,,97,131,60,,,,,,,,,,,,,,,,,,,,,,,,,,,,,
5675,198172,3,NK,A,640,15-Sep-2020,09:10:51,-23.3723,168.0749,,401677750,-128,,0,15-Sep-2020,09:12:04,-23.3723,168.0749,120,1324,8158,214,148,,,10,0,16,,,,,,,,,,,,,,,,,,,,,,,,,,,,,
5675,198172,3,NN,B,641,15-Sep-2020,09:38:15,-23.3742,168.0923,,401677776,-133,6,0,15-Sep-2020,09:37:28,-23.3742,168.0923,95,947,4048,221,178,,,97,135,0,,,,,,,,,,,,,,,,,,,,,,,,,,,,,
5675,198172,3,NN,B,641,15-Sep-2020,09:38:15,-23.3742,168.0923,,401677776,-133,6,0,15-Sep-2020,09:39:03,-23.3742,168.0923,95,947,4048,221,178,,,76,226,70,,,,,,,,,,,,,,,,,,,,,,,,,,,,,
5675,198172,3,MA,B,642,15-Sep-2020,10:42:51,-23.3883,168.1098,,401677772,-122,8,0,15-Sep-2020,10:41:21,-23.3883,168.1098,91,1793,13555,237,3,,,93,174,30,,,,,,,,,,,,,,,,,,,,,,,,,,,,,
5675,198172,3,MA,B,642,15-Sep-2020,10:42:51,-23.3883,168.1098,,401677772,-122,8,0,15-Sep-2020,10:42:52,-23.3883,168.1098,91,1793,13555,237,3,,,100,134,0,,,,,,,,,,,,,,,,,,,,,,,,,,,,,
5675,198172,3,NK,A,643,15-Sep-2020,18:41:06,-23.2574,168.1958,,401677765,-132,8,0,15-Sep-2020,18:38:59,-23.2574,168.1958,279,298,772,115,172,,,10,0,16,,,,,,,,,,,,,,,,,,,,,,,,,,,,,
5675,198172,3,NK,A,643,15-Sep-2020,18:41:06,-23.2574,168.1958,,401677765,-132,8,0,15-Sep-2020,18:40:43,-23.2574,168.1958,279,298,772,115,172,,,97,135,0,,,,,,,,,,,,,,,,,,,,,,,,,,,,,
5675,198172,3,NK,A,643,15-Sep-2020,18:41:06,-23.2574,168.1958,,401677765,-132,8,0,15-Sep-2020,18:43:38,-23.2574,168.1958,279,298,772,115,172,,,8,17,233,,,,,,,,,,,,,,,,,,,,,,,,,,,,,
5675,198172,3,NP,A,644,15-Sep-2020,19:21:31,-23.2602,168.2008,,401677762,-134,8,0,15-Sep-2020,19:21:31,-23.2602,168.2008,521,288,895,92,8,,,10,0,16,,,,,,,,,,,,,,,,,,,,,,,,,,,,,
5675,198172,3,NP,A,644,15-Sep-2020,19:21:31,-23.2602,168.2008,,401677762,-134,8,0,15-Sep-2020,19:23:00,-23.2602,168.2008,521,288,895,92,8,,,69,223,4,,,,,,,,,,,,,,,,,,,,,,,,,,,,,
5675,198172,3,NP,A,644,15-Sep-2020,19:21:31,-23.2602,168.2008,,401677762,-134,8,0,15-Sep-2020,19:30:12,-23.2602,168.2008,521,288,895,92,8,,,22,75,28,,,,,,,,,,,,,,,,,,,,,,,,,,,,,
5675,198172,3,SR,1,645,16-Sep-2020,06:12:12,-23.0265,168.2796,,401677757,-129,58,0,16-Sep-2020,06:09:12,-23.0265,168.2796,392,751,2701,208,129,,,22,75,24,,,,,,,,,,,,,,,,,,,,,,,,,,,,,
5675,198172,3,SR,1,645,16-Sep-2020,06:12:12,-23.0265,168.2796,,401677757,-129,58,0,16-Sep-2020,06:13:50,-23.0265,168.2796,392,751,2701,208,129,,,100,134,97,,,,,,,,,,,,,,,,,,,,,,,,,,,,,
5675,198172,3,SR,1,645,16-Sep-2020,06:12:12,-23.0265,168.2796,,401677757,-129,58,1,16-Sep-2020,06:14:10,-23.0265,168.2796,392,751,2701,208,129,,,10,0,16,,,,,,,,,,,,,,,,,,,,,,,,,,,,,
5675,198172,3,SR,1,645,16-Sep-2020,06:12:12,-23.0265,168.2796,,401677757,-129,58,0,16-Sep-2020,06:15:44,-23.0265,168.2796,392,751,2701,208,129,,,192,24,154,,,,,,,,,,,,,,,,,,,,,,,,,,,,,
5675,198172,3,NP,1,646,16-Sep-2020,06:15:31,-23.0103,168.2638,,401677758,-130,56,0,16-Sep-2020,06:13:31,-23.0103,168.2638,309,851,1600,453,33,,,88,246,68,,,,,,,,,,,,,,,,,,,,,,,,,,,,,
5675,198172,3,NP,1,646,16-Sep-2020,06:15:31,-23.0103,168.2638,,401677758,-130,56,0,16-Sep-2020,06:14:10,-23.0103,168.2638,309,851,1600,453,33,,,10,0,16,,,,,,,,,,,,,,,,,,,,,,,,,,,,,
5675,198172,3,NP,1,646,16-Sep-2020,06:15:31,-23.0103,168.2638,,401677758,-130,56,0,16-Sep-2020,06:15:44,-23.0103,168.2638,309,851,1600,453,33,,,64,205,204,,,,,,,,,,,,,,,,,,,,,,,,,,,,,
5675,198172,3,NP,1,646,16-Sep-2020,06:15:31,-23.0103,168.2638,,401677758,-130,56,0,16-Sep-2020,06:18:40,-23.0103,168.2638,309,851,1600,453,33,,,64,222,4,,,,,,,,,,,,,,,,,,,,,,,,,,,,,
5675,198172,3,NK,B,647,16-Sep-2020,07:03:26,-23.0010,168.2719,,401677761,-140,8,0,16-Sep-2020,07:03:27,-23.0010,168.2719,,3871,4251,3524,94,,,64,222,20,,,,,,,,,,,,,,,,,,,,,,,,,,,,,
5675,198172,3,NP,B,648,16-Sep-2020,17:31:07,-22.7796,168.3672,,401677722,-130,8,0,16-Sep-2020,17:31:08,-22.7796,168.3672,77,5890,44896,772,125,,,22,75,24,,,,,,,,,,,,,,,,,,,,,,,,,,,,,
5675,198172,3,NP,B,648,16-Sep-2020,17:31:07,-22.7796,168.3672,,401677722,-130,8,0,16-Sep-2020,17:32:25,-22.7796,168.3672,77,5890,44896,772,125,,,79,221,248,,,,,,,,,,,,,,,,,,,,,,,,,,,,,
5675,198172,3,NK,B,649,16-Sep-2020,18:17:50,-22.6989,168.2782,,401677760,-137,6,0,16-Sep-2020,18:17:05,-22.6989,168.2782,92,3788,7406,1936,39,,,100,134,0,,,,,,,,,,,,,,,,,,,,,,,,,,,,,
5675,198172,3,NK,B,649,16-Sep-2020,18:17:50,-22.6989,168.2782,,401677760,-137,6,0,16-Sep-2020,18:18:37,-22.6989,168.2782,92,3788,7406,1936,39,,,22,75,24,,,,,,,,,,,,,,,,,,,,,,,,,,,,,
5675,198172,3,SR,B,650,16-Sep-2020,18:37:07,-22.7289,168.2985,,401677775,-125,6,0,16-Sep-2020,18:37:08,-22.7289,168.2985,,1545,2482,961,120,,,69,223,4,,,,,,,,,,,,,,,,,,,,,,,,,,,,,
5675,198172,3,NP,B,651,16-Sep-2020,19:10:01,-22.6978,168.2980,,401677760,-133,8,0,16-Sep-2020,19:10:01,-22.6978,168.2980,,1945,2297,1646,93,,,10,0,16,,,,,,,,,,,,,,,,,,,,,,,,,,,,,
5675,198172,3,NK,B,652,16-Sep-2020,19:52:16,-22.6693,168.2930,,401677757,-130,8,0,16-Sep-2020,19:50:24,-22.6693,168.2930,224,1600,22883,111,113,,,94,137,76,,,,,,,,,,,,,,,,,,,,,,,,,,,,,
5675,198172,3,NK,B,652,16-Sep-2020,19:52:16,-22.6693,168.2930,,401677757,-130,8,0,16-Sep-2020,19:54:08,-22.6693,168.2930,224,1600,22883,111,113,,,98,136,0,,,,,,,,,,,,,,,,,,,,,,,,,,,,,
5675,198172,3,MA,B,653,16-Sep-2020,19:54:08,-22.6716,168.2910,,401677758,-136,8,0,16-Sep-2020,19:54:08,-22.6716,168.2910,,6936,9193,5233,96,,,98,136,0,,,,,,,,,,,,,,,,,,,,,,,,,,,,,
5675,198172,3,MA,B,654,16-Sep-2020,21:35:05,-22.6292,168.2866,,401677761,-125,8,0,16-Sep-2020,21:35:05,-22.6292,168.2866,,2326,2512,2152,62,,,10,0,16,,,,,,,,,,,,,,,,,,,,,,,,,,,,,
5675,198172,3,NN,B,655,16-Sep-2020,22:29:41,-22.5777,168.2728,,401677771,-130,8,0,16-Sep-2020,22:29:33,-22.5777,168.2728,16,2650,3271,2147,112,,,79,221,4,,,,,,,,,,,,,,,,,,,,,,,,,,,,,
5675,198172,3,NN,B,655,16-Sep-2020,22:29:41,-22.5777,168.2728,,401677771,-130,8,0,16-Sep-2020,22:29:49,-22.5777,168.2728,16,2650,3271,2147,112,,,90,172,69,,,,,,,,,,,,,,,,,,,,,,,,,,,,,
5675,198172,3,SR,B,656,17-Sep-2020,05:37:50,-22.3739,168.2408,,401677805,-136,8,0,17-Sep-2020,05:37:51,-22.3739,168.2408,,5391,7547,3850,68,,,90,188,69,,,,,,,,,,,,,,,,,,,,,,,,,,,,,
5675,198172,3,NP,B,657,17-Sep-2020,07:41:54,-22.4888,168.2538,,401677741,-137,8,0,17-Sep-2020,07:41:55,-22.4888,168.2538,,8374,16942,4139,38,,,22,75,24,,,,,,,,,,,,,,,,,,,,,,,,,,,,,
5675,198172,3,NN,B,658,17-Sep-2020,10:50:12,-22.4237,168.2396,,401677738,-140,8,0,17-Sep-2020,10:50:12,-22.4237,168.2396,,6499,11261,3750,39,,,66,204,101,,,,,,,,,,,,,,,,,,,,,,,,,,,,,
5675,198172,3,NP,B,659,17-Sep-2020,17:24:23,-22.1614,168.3024,,401677723,-138,8,0,17-Sep-2020,17:24:24,-22.1614,168.3024,,4829,6767,3445,114,,,14,56,144,,,,,,,,,,,,,,,,,,,,,,,,,,,,,
5675,198172,3,NP,A,660,17-Sep-2020,18:58:30,-22.2455,168.5628,,401677755,-122,7,0,17-Sep-2020,18:56:10,-22.2455,168.5628,294,3840,68586,215,112,,,93,119,70,,,,,,,,,,,,,,,,,,,,,,,,,,,,,
5675,198172,3,NP,A,660,17-Sep-2020,18:58:30,-22.2455,168.5628,,401677755,-122,7,0,17-Sep-2020,18:58:18,-22.2455,168.5628,294,3840,68586,215,112,,,22,75,24,,,,,,,,,,,,,,,,,,,,,,,,,,,,,
5675,198172,3,NP,A,660,17-Sep-2020,18:58:30,-22.2455,168.5628,,401677755,-122,7,0,17-Sep-2020,19:01:04,-22.2455,168.5628,294,3840,68586,215,112,,,70,240,4,,,,,,,,,,,,,,,,,,,,,,,,,,,,,
5675,198172,3,MA,B,661,17-Sep-2020,19:33:34,-22.2401,168.5878,,401677758,-131,8,0,17-Sep-2020,19:33:35,-22.2401,168.5878,,5101,10359,2511,110,,,88,135,70,,,,,,,,,,,,,,,,,,,,,,,,,,,,,
5675,198172,3,NK,B,662,17-Sep-2020,19:33:34,-22.2402,168.5872,,401677760,-127,8,0,17-Sep-2020,19:33:35,-22.2402,168.5872,,5096,10264,2530,111,,,88,135,70,,,,,,,,,,,,,,,,,,,,,,,,,,,,,
5675,198172,3,MA,B,663,17-Sep-2020,21:13:52,-22.2167,168.6568,,401677750,-124,8,0,17-Sep-2020,21:13:53,-22.2167,168.6568,,5019,7889,3192,96,,,95,156,70,,,,,,,,,,,,,,,,,,,,,,,,,,,,,
5675,198172,3,SR,2,664,18-Sep-2020,06:48:08,-21.9795,168.7440,,401677756,-125,58,0,18-Sep-2020,06:45:10,-21.9795,168.7440,512,491,1043,230,146,,,22,75,24,,,,,,,,,,,,,,,,,,,,,,,,,,,,,
5675,198172,3,SR,2,664,18-Sep-2020,06:48:08,-21.9795,168.7440,,401677756,-125,58,0,18-Sep-2020,06:46:16,-21.9795,168.7440,512,491,1043,230,146,,,79,237,0,,,,,,,,,,,,,,,,,,,,,,,,,,,,,
5675,198172,3,SR,2,664,18-Sep-2020,06:48:08,-21.9795,168.7440,,401677756,-125,58,1,18-Sep-2020,06:53:42,-21.9795,168.7440,512,491,1043,230,146,,,98,136,0,,,,,,,,,,,,,,,,,,,,,,,,,,,,,
5675,198172,3,MA,B,665,18-Sep-2020,09:40:08,-21.9005,168.8308,,401677773,-121,8,0,18-Sep-2020,09:40:09,-21.9005,168.8308,,2973,6193,1426,78,,,22,75,24,,,,,,,,,,,,,,,,,,,,,,,,,,,,,
5675,198172,3,MC,B,666,18-Sep-2020,10:06:30,-21.9219,168.7542,,401677772,-127,6,0,18-Sep-2020,10:06:30,-21.9219,168.7542,,5839,25277,1348,74,,,82,208,202,,,,,,,,,,,,,,,,,,,,,,,,,,,,,
5675,198172,3,NP,1,667,18-Sep-2020,18:54:36,-21.8113,168.9148,,401677753,-126,58,0,18-Sep-2020,18:45:09,-21.8113,168.9148,616,683,1799,259,48,,,10,0,48,,,,,,,,,,,,,,,,,,,,,,,,,,,,,
5675,198172,3,NP,1,667,18-Sep-2020,18:54:36,-21.8113,168.9148,,401677753,-126,58,0,18-Sep-2020,18:46:03,-21.8113,168.9148,616,683,1799,259,48,,,22,75,24,,,,,,,,,,,,,,,,,,,,,,,,,,,,,
5675,198172,3,NP,1,667,18-Sep-2020,18:54:36,-21.8113,168.9148,,401677753,-126,58,0,18-Sep-2020,18:53:48,-21.8113,168.9148,616,683,1799,259,48,,,82,250,70,,,,,,,,,,,,,,,,,,,,,,,,,,,,,
5675,198172,3,NP,1,667,18-Sep-2020,18:54:36,-21.8113,168.9148,,401677753,-126,58,0,18-Sep-2020,18:55:25,-21.8113,168.9148,616,683,1799,259,48,,,10,0,16,,,,,,,,,,,,,,,,,,,,,,,,,,,,,
5675,198172,3,SR,A,668,19-Sep-2020,07:59:04,-21.8023,168.7917,,401677741,-134,,0,19-Sep-2020,07:58:58,-21.8023,168.7917,175,7250,76864,683,126,,,7,190,26,,,,,,,,,,,,,,,,,,,,,,,,,,,,,
5675,198172,3,SR,A,668,19-Sep-2020,07:59:04,-21.8023,168.7917,,401677741,-134,,0,19-Sep-2020,07:59:12,-21.8023,168.7917,175,7250,76864,683,126,,,64,238,4,,,,,,,,,,,,,,,,,,,,,,,,,,,,,
5675,198172,3,SR,A,668,19-Sep-2020,07:59:04,-21.8023,168.7917,,401677741,-134,,0,19-Sep-2020,08:01:53,-21.8023,168.7917,175,7250,76864,683,126,,,97,133,39,,,,,,,,,,,,,,,,,,,,,,,,,,,,,
5675,198172,3,NK,B,669,19-Sep-2020,09:11:34,-21.7698,168.7928,,401677765,-133,7,0,19-Sep-2020,09:11:34,-21.7698,168.7928,,10473,17770,6172,107,,,103,137,0,,,,,,,,,,,,,,,,,,,,,,,,,,,,,
5675,198172,3,MC,A,670,19-Sep-2020,09:43:22,-21.7348,168.8067,,401677755,-121,8,0,19-Sep-2020,09:43:23,-21.7348,168.8067,372,465,574,376,63,,,22,75,25,,,,,,,,,,,,,,,,,,,,,,,,,,,,,
5675,198172,3,MC,A,670,19-Sep-2020,09:43:22,-21.7348,168.8067,,401677755,-121,8,0,19-Sep-2020,09:46:48,-21.7348,168.8067,372,465,574,376,63,,,22,75,24,,,,,,,,,,,,,,,,,,,,,,,,,,,,,
5675,198172,3,MC,A,670,19-Sep-2020,09:43:22,-21.7348,168.8067,,401677755,-121,8,0,19-Sep-2020,09:49:35,-21.7348,168.8067,372,465,574,376,63,,,79,237,4,,,,,,,,,,,,,,,,,,,,,,,,,,,,,
5675,198172,3,NP,B,671,19-Sep-2020,18:35:15,-21.6714,168.9152,,401677751,-133,8,0,19-Sep-2020,18:33:59,-21.6714,168.9152,152,2672,48489,147,102,,,81,181,71,,,,,,,,,,,,,,,,,,,,,,,,,,,,,
5675,198172,3,NP,B,671,19-Sep-2020,18:35:15,-21.6714,168.9152,,401677751,-133,8,0,19-Sep-2020,18:36:31,-21.6714,168.9152,152,2672,48489,147,102,,,10,0,16,,,,,,,,,,,,,,,,,,,,,,,,,,,,,
5675,198172,3,SR,B,672,19-Sep-2020,18:36:31,-21.5719,168.9352,,401677736,-134,8,0,19-Sep-2020,18:36:31,-21.5719,168.9352,,3112,3411,2839,100,,,10,0,16,,,,,,,,,,,,,,,,,,,,,,,,,,,,,
5675,198172,23,MC,B,673,20-Sep-2020,09:25:45,-21.7427,168.5123,,401677750,-127,,0,20-Sep-2020,09:23:22,-21.7427,168.5123,286,3481,67786,178,9,,,79,112,131,220,232,140,96,178,10,37,172,23,22,143,229,18,1,106,32,207,0,255,128,,,,,,,,,
5675,198172,3,MC,B,673,20-Sep-2020,09:25:45,-21.7427,168.5123,,401677750,-127,,0,20-Sep-2020,09:28:08,-21.7427,168.5123,286,3481,67786,178,9,,,70,240,4,,,,,,,,,,,,,,,,,,,,,,,,,,,,,
5675,198172,3,NN,B,674,20-Sep-2020,10:23:53,-21.7474,168.5128,,401677754,-132,8,0,20-Sep-2020,10:23:53,-21.7474,168.5128,,5911,20526,1702,6,,,94,249,71,,,,,,,,,,,,,,,,,,,,,,,,,,,,,
5675,198172,3,MA,B,675,20-Sep-2020,10:38:48,-21.7607,168.5116,,401677759,-126,8,0,20-Sep-2020,10:38:48,-21.7607,168.5116,,7244,28176,1862,9,,,22,75,24,,,,,,,,,,,,,,,,,,,,,,,,,,,,,
5675,198172,3,MC,1,676,20-Sep-2020,11:05:07,-21.7687,168.4507,,401677751,-122,46,0,20-Sep-2020,11:02:48,-21.7687,168.4507,320,556,868,355,104,,,85,254,71,,,,,,,,,,,,,,,,,,,,,,,,,,,,,
5675,198172,3,MC,1,676,20-Sep-2020,11:05:07,-21.7687,168.4507,,401677751,-122,46,0,20-Sep-2020,11:05:40,-21.7687,168.4507,320,556,868,355,104,,,98,136,0,,,,,,,,,,,,,,,,,,,,,,,,,,,,,
5675,198172,3,MC,1,676,20-Sep-2020,11:05:07,-21.7687,168.4507,,401677751,-122,46,0,20-Sep-2020,11:06:54,-21.7687,168.4507,320,556,868,355,104,,,10,0,16,,,,,,,,,,,,,,,,,,,,,,,,,,,,,
5675,198172,3,MC,1,676,20-Sep-2020,11:05:07,-21.7687,168.4507,,401677751,-122,46,0,20-Sep-2020,11:07:33,-21.7687,168.4507,320,556,868,355,104,,,22,75,24,,,,,,,,,,,,,,,,,,,,,,,,,,,,,
5675,198172,3,MC,1,676,20-Sep-2020,11:05:07,-21.7687,168.4507,,401677751,-122,46,0,20-Sep-2020,11:08:08,-21.7687,168.4507,320,556,868,355,104,,,70,240,4,,,,,,,,,,,,,,,,,,,,,,,,,,,,,
5675,198172,3,SR,2,677,20-Sep-2020,18:11:31,-21.7151,168.6181,,401677751,-130,58,0,20-Sep-2020,18:07:45,-21.7151,168.6181,445,441,1306,149,116,,,10,34,246,,,,,,,,,,,,,,,,,,,,,,,,,,,,,
5675,198172,3,SR,2,677,20-Sep-2020,18:11:31,-21.7151,168.6181,,401677751,-130,58,0,20-Sep-2020,18:09:16,-21.7151,168.6181,445,441,1306,149,116,,,22,75,24,,,,,,,,,,,,,,,,,,,,,,,,,,,,,
5675,198172,3,SR,2,677,20-Sep-2020,18:11:31,-21.7151,168.6181,,401677751,-130,58,0,20-Sep-2020,18:13:56,-21.7151,168.6181,445,441,1306,149,116,,,68,234,4,,,,,,,,,,,,,,,,,,,,,,,,,,,,,
5675,198172,3,SR,2,677,20-Sep-2020,18:11:31,-21.7151,168.6181,,401677751,-130,58,0,20-Sep-2020,18:15:10,-21.7151,168.6181,445,441,1306,149,116,,,88,19,72,,,,,,,,,,,,,,,,,,,,,,,,,,,,,
5675,198172,3,NK,B,678,20-Sep-2020,18:15:10,-21.7146,168.6186,,401677752,-135,6,0,20-Sep-2020,18:15:10,-21.7146,168.6186,,650,816,516,110,,,88,19,72,,,,,,,,,,,,,,,,,,,,,,,,,,,,,
5675,198172,3,NP,B,679,20-Sep-2020,18:22:53,-21.7164,168.6184,,401677750,-129,6,0,20-Sep-2020,18:22:10,-21.7164,168.6184,87,770,1140,520,87,,,75,233,4,,,,,,,,,,,,,,,,,,,,,,,,,,,,,
5675,198172,3,NP,B,679,20-Sep-2020,18:22:53,-21.7164,168.6184,,401677750,-129,6,0,20-Sep-2020,18:23:37,-21.7164,168.6184,87,770,1140,520,87,,,98,136,0,,,,,,,,,,,,,,,,,,,,,,,,,,,,,
5675,198172,3,SR,A,680,21-Sep-2020,06:57:29,-21.6292,168.7108,,401677749,-124,,0,21-Sep-2020,06:57:14,-21.6292,168.7108,30,2069,17043,251,100,,,69,223,4,,,,,,,,,,,,,,,,,,,,,,,,,,,,,
5675,198172,3,SR,A,680,21-Sep-2020,06:57:29,-21.6292,168.7108,,401677749,-124,,0,21-Sep-2020,06:57:29,-21.6292,168.7108,30,2069,17043,251,100,,,94,45,72,,,,,,,,,,,,,,,,,,,,,,,,,,,,,
5675,198172,3,SR,A,680,21-Sep-2020,06:57:29,-21.6292,168.7108,,401677749,-124,,0,21-Sep-2020,06:57:44,-21.6292,168.7108,30,2069,17043,251,100,,,97,135,0,,,,,,,,,,,,,,,,,,,,,,,,,,,,,
5675,198172,3,NP,A,681,21-Sep-2020,06:57:29,-21.6293,168.7091,,401677756,-122,,0,21-Sep-2020,06:57:14,-21.6293,168.7091,30,3411,20856,558,93,,,69,223,4,,,,,,,,,,,,,,,,,,,,,,,,,,,,,
5675,198172,3,NP,A,681,21-Sep-2020,06:57:29,-21.6293,168.7091,,401677756,-122,,0,21-Sep-2020,06:57:29,-21.6293,168.7091,30,3411,20856,558,93,,,94,45,72,,,,,,,,,,,,,,,,,,,,,,,,,,,,,
5675,198172,3,NP,A,681,21-Sep-2020,06:57:29,-21.6293,168.7091,,401677756,-122,,0,21-Sep-2020,06:57:44,-21.6293,168.7091,30,3411,20856,558,93,,,97,135,0,,,,,,,,,,,,,,,,,,,,,,,,,,,,,
5675,198172,3,MA,B,682,21-Sep-2020,08:37:48,-21.6133,168.7410,,401677768,-125,8,0,21-Sep-2020,08:34:42,-21.6133,168.7410,372,3300,35637,305,180,,,66,228,4,,,,,,,,,,,,,,,,,,,,,,,,,,,,,
5675,198172,3,MA,B,682,21-Sep-2020,08:37:48,-21.6133,168.7410,,401677768,-125,8,0,21-Sep-2020,08:40:54,-21.6133,168.7410,372,3300,35637,305,180,,,91,60,72,,,,,,,,,,,,,,,,,,,,,,,,,,,,,
5675,198172,3,NN,B,683,21-Sep-2020,10:08:27,-21.5122,168.7558,,401677790,-132,8,0,21-Sep-2020,10:08:28,-21.5122,168.7558,281,1565,40683,60,86,,,100,134,0,,,,,,,,,,,,,,,,,,,,,,,,,,,,,
5675,198172,3,NN,B,683,21-Sep-2020,10:08:27,-21.5122,168.7558,,401677790,-132,8,0,21-Sep-2020,10:13:09,-21.5122,168.7558,281,1565,40683,60,86,,,22,75,24,,,,,,,,,,,,,,,,,,,,,,,,,,,,,
5675,198172,3,SR,B,684,21-Sep-2020,17:40:13,-21.3531,168.8564,,401677735,-137,8,0,21-Sep-2020,17:40:14,-21.3531,168.8564,,3234,5236,1997,75,,,22,75,24,,,,,,,,,,,,,,,,,,,,,,,,,,,,,
5675,198172,3,NP,1,685,21-Sep-2020,18:19:53,-21.3837,168.8578,,401677750,-124,47,0,21-Sep-2020,18:13:18,-21.3837,168.8578,395,1500,3708,606,110,,,22,75,25,,,,,,,,,,,,,,,,,,,,,,,,,,,,,
5675,198172,3,NP,1,685,21-Sep-2020,18:19:53,-21.3837,168.8578,,401677750,-124,47,0,21-Sep-2020,18:15:43,-21.3837,168.8578,395,1500,3708,606,110,,,98,136,0,,,,,,,,,,,,,,,,,,,,,,,,,,,,,
5675,198172,3,NP,1,685,21-Sep-2020,18:19:53,-21.3837,168.8578,,401677750,-124,47,0,21-Sep-2020,18:16:01,-21.3837,168.8578,395,1500,3708,606,110,,,10,34,32,,,,,,,,,,,,,,,,,,,,,,,,,,,,,
5675,198172,3,NP,1,685,21-Sep-2020,18:19:53,-21.3837,168.8578,,401677750,-124,47,0,21-Sep-2020,18:19:53,-21.3837,168.8578,395,1500,3708,606,110,,,40,230,241,,,,,,,,,,,,,,,,,,,,,,,,,,,,,
5675,198172,3,SR,B,686,21-Sep-2020,19:15:59,-21.3727,168.8721,,401677754,-127,8,0,21-Sep-2020,19:15:59,-21.3727,168.8721,,10878,11952,9900,73,,,10,0,16,,,,,,,,,,,,,,,,,,,,,,,,,,,,,
5675,198172,3,SR,B,687,22-Sep-2020,06:22:48,-21.3909,168.8636,,401677757,-121,8,0,22-Sep-2020,06:22:48,-21.3909,168.8636,,27368,49533,15121,94,,,10,0,16,,,,,,,,,,,,,,,,,,,,,,,,,,,,,
5675,198172,3,NP,A,688,22-Sep-2020,06:45:52,-21.3581,168.5917,,401677753,-127,6,0,22-Sep-2020,06:44:33,-21.3581,168.5917,131,6852,133066,352,87,,,98,136,0,,,,,,,,,,,,,,,,,,,,,,,,,,,,,
5675,198172,3,NP,A,688,22-Sep-2020,06:45:52,-21.3581,168.5917,,401677753,-127,6,0,22-Sep-2020,06:46:21,-21.3581,168.5917,131,6852,133066,352,87,,,10,0,16,,,,,,,,,,,,,,,,,,,,,,,,,,,,,
5675,198172,3,NP,A,688,22-Sep-2020,06:45:52,-21.3581,168.5917,,401677753,-127,6,0,22-Sep-2020,06:46:44,-21.3581,168.5917,131,6852,133066,352,87,,,22,75,24,,,,,,,,,,,,,,,,,,,,,,,,,,,,,
5675,198172,3,MA,1,689,22-Sep-2020,09:57:28,-21.3496,168.5074,,401677758,-125,58,0,22-Sep-2020,09:57:28,-21.3496,168.5074,313,822,3762,179,69,,,98,136,0,,,,,,,,,,,,,,,,,,,,,,,,,,,,,
5675,198172,3,MA,1,689,22-Sep-2020,09:57:28,-21.3496,168.5074,,401677758,-125,58,0,22-Sep-2020,09:58:45,-21.3496,168.5074,313,822,3762,179,69,,,10,0,38,,,,,,,,,,,,,,,,,,,,,,,,,,,,,
5675,198172,3,MA,1,689,22-Sep-2020,09:57:28,-21.3496,168.5074,,401677758,-125,58,0,22-Sep-2020,10:00:32,-21.3496,168.5074,313,822,3762,179,69,,,22,75,24,,,,,,,,,,,,,,,,,,,,,,,,,,,,,
5675,198172,3,MA,1,689,22-Sep-2020,09:57:28,-21.3496,168.5074,,401677758,-125,58,0,22-Sep-2020,10:02:41,-21.3496,168.5074,313,822,3762,179,69,,,223,39,73,,,,,,,,,,,,,,,,,,,,,,,,,,,,,
5675,198172,3,NN,B,690,22-Sep-2020,09:57:28,-21.3508,168.5054,,401677763,-132,,0,22-Sep-2020,09:57:28,-21.3508,168.5054,184,431,1885,98,73,,,98,136,0,,,,,,,,,,,,,,,,,,,,,,,,,,,,,
5675,198172,3,NN,B,690,22-Sep-2020,09:57:28,-21.3508,168.5054,,401677763,-132,,0,22-Sep-2020,10:00:32,-21.3508,168.5054,184,431,1885,98,73,,,22,75,24,,,,,,,,,,,,,,,,,,,,,,,,,,,,,
5675,198172,3,MC,B,691,22-Sep-2020,10:20:38,-21.3297,168.5959,,401677749,-126,6,0,22-Sep-2020,10:20:39,-21.3297,168.5959,,9339,37959,2297,70,,,10,0,16,,,,,,,,,,,,,,,,,,,,,,,,,,,,,
5675,198172,3,SR,A,692,22-Sep-2020,18:45:38,-21.3941,168.3334,,401677763,-133,8,0,22-Sep-2020,18:42:13,-21.3941,168.3334,575,1778,6101,518,173,,,97,135,0,,,,,,,,,,,,,,,,,,,,,,,,,,,,,
5675,198172,3,SR,A,692,22-Sep-2020,18:45:38,-21.3941,168.3334,,401677763,-133,8,0,22-Sep-2020,18:42:53,-21.3941,168.3334,575,1778,6101,518,173,,,22,75,24,,,,,,,,,,,,,,,,,,,,,,,,,,,,,
5675,198172,3,SR,A,692,22-Sep-2020,18:45:38,-21.3941,168.3334,,401677763,-133,8,0,22-Sep-2020,18:51:48,-21.3941,168.3334,575,1778,6101,518,173,,,10,0,16,,,,,,,,,,,,,,,,,,,,,,,,,,,,,
5675,198172,3,MC,B,693,22-Sep-2020,21:39:45,-21.4018,168.3269,,401677777,-125,8,0,22-Sep-2020,21:39:45,-21.4018,168.3269,,3029,3914,2344,161,,,22,75,24,,,,,,,,,,,,,,,,,,,,,,,,,,,,,
5675,198172,3,NP,1,694,24-Sep-2020,06:24:04,-21.4621,168.1317,,401677784,-129,40,0,24-Sep-2020,06:23:07,-21.4621,168.1317,371,628,1349,292,116,,,103,139,55,,,,,,,,,,,,,,,,,,,,,,,,,,,,,
5675,198172,3,NP,1,694,24-Sep-2020,06:24:04,-21.4621,168.1317,,401677784,-129,40,0,24-Sep-2020,06:23:44,-21.4621,168.1317,371,628,1349,292,116,,,12,135,246,,,,,,,,,,,,,,,,,,,,,,,,,,,,,
5675,198172,3,NP,1,694,24-Sep-2020,06:24:04,-21.4621,168.1317,,401677784,-129,40,0,24-Sep-2020,06:25:22,-21.4621,168.1317,371,628,1349,292,116,,,10,0,16,,,,,,,,,,,,,,,,,,,,,,,,,,,,,
5675,198172,3,NP,1,694,24-Sep-2020,06:24:04,-21.4621,168.1317,,401677784,-129,40,0,24-Sep-2020,06:26:32,-21.4621,168.1317,371,628,1349,292,116,,,81,157,60,,,,,,,,,,,,,,,,,,,,,,,,,,,,,
5675,198172,3,NP,1,694,24-Sep-2020,06:24:04,-21.4621,168.1317,,401677784,-129,40,0,24-Sep-2020,06:26:52,-21.4621,168.1317,371,628,1349,292,116,,,98,138,38,,,,,,,,,,,,,,,,,,,,,,,,,,,,,
5675,198172,3,NP,1,694,24-Sep-2020,06:24:04,-21.4621,168.1317,,401677784,-129,40,0,24-Sep-2020,06:28:19,-21.4621,168.1317,371,628,1349,292,116,,,74,2,5,,,,,,,,,,,,,,,,,,,,,,,,,,,,,
5675,198172,3,NP,1,694,24-Sep-2020,06:24:04,-21.4621,168.1317,,401677784,-129,40,0,24-Sep-2020,06:28:33,-21.4621,168.1317,371,628,1349,292,116,,,86,164,73,,,,,,,,,,,,,,,,,,,,,,,,,,,,,
5675,198172,3,NP,1,694,24-Sep-2020,06:24:04,-21.4621,168.1317,,401677784,-129,40,0,24-Sep-2020,06:28:51,-21.4621,168.1317,371,628,1349,292,116,,,97,135,0,,,,,,,,,,,,,,,,,,,,,,,,,,,,,
5675,198172,3,NP,1,694,24-Sep-2020,06:24:04,-21.4621,168.1317,,401677784,-129,40,0,24-Sep-2020,06:29:18,-21.4621,168.1317,371,628,1349,292,116,,,8,204,253,,,,,,,,,,,,,,,,,,,,,,,,,,,,,
5675,198172,3,SR,3,695,24-Sep-2020,07:01:25,-21.4780,168.1367,,401677753,-127,58,0,24-Sep-2020,06:57:12,-21.4780,168.1367,596,163,305,86,127,,,89,232,205,,,,,,,,,,,,,,,,,,,,,,,,,,,,,
5675,198172,3,SR,3,695,24-Sep-2020,07:01:25,-21.4780,168.1367,,401677753,-127,58,0,24-Sep-2020,06:59:50,-21.4780,168.1367,596,163,305,86,127,,,88,237,73,,,,,,,,,,,,,,,,,,,,,,,,,,,,,
5675,198172,3,SR,3,695,24-Sep-2020,07:01:25,-21.4780,168.1367,,401677753,-127,58,0,24-Sep-2020,07:00:06,-21.4780,168.1367,596,163,305,86,127,,,98,136,0,,,,,,,,,,,,,,,,,,,,,,,,,,,,,
5675,198172,3,SR,3,695,24-Sep-2020,07:01:25,-21.4780,168.1367,,401677753,-127,58,0,24-Sep-2020,07:00:21,-21.4780,168.1367,596,163,305,86,127,,,10,0,16,,,,,,,,,,,,,,,,,,,,,,,,,,,,,
5675,198172,3,SR,3,695,24-Sep-2020,07:01:25,-21.4780,168.1367,,401677753,-127,58,1,24-Sep-2020,07:00:53,-21.4780,168.1367,596,163,305,86,127,,,22,75,24,,,,,,,,,,,,,,,,,,,,,,,,,,,,,
5675,198172,3,SR,3,695,24-Sep-2020,07:01:25,-21.4780,168.1367,,401677753,-127,58,1,24-Sep-2020,07:01:25,-21.4780,168.1367,596,163,305,86,127,,,64,0,5,,,,,,,,,,,,,,,,,,,,,,,,,,,,,
5675,198172,3,SR,3,695,24-Sep-2020,07:01:25,-21.4780,168.1367,,401677753,-127,58,0,24-Sep-2020,07:05:27,-21.4780,168.1367,596,163,305,86,127,,,93,252,73,,,,,,,,,,,,,,,,,,,,,,,,,,,,,
5675,198172,3,SR,3,695,24-Sep-2020,07:01:25,-21.4780,168.1367,,401677753,-127,58,0,24-Sep-2020,07:05:48,-21.4780,168.1367,596,163,305,86,127,,,97,135,0,,,,,,,,,,,,,,,,,,,,,,,,,,,,,
5675,198172,23,SR,3,695,24-Sep-2020,07:01:25,-21.4780,168.1367,,401677753,-127,58,0,24-Sep-2020,07:07:08,-21.4780,168.1367,596,163,305,86,127,,,95,240,131,220,200,133,99,113,236,152,166,170,96,162,120,251,3,230,200,15,127,140,80,,,,,,,,,
5675,198172,3,NK,2,696,24-Sep-2020,07:03:30,-21.4807,168.1382,,401677754,-133,56,0,24-Sep-2020,07:00:21,-21.4807,168.1382,407,307,683,137,47,,,10,0,16,,,,,,,,,,,,,,,,,,,,,,,,,,,,,
5675,198172,3,NK,2,696,24-Sep-2020,07:03:30,-21.4807,168.1382,,401677754,-133,56,0,24-Sep-2020,07:00:53,-21.4807,168.1382,407,307,683,137,47,,,22,75,24,,,,,,,,,,,,,,,,,,,,,,,,,,,,,
5675,198172,3,NK,2,696,24-Sep-2020,07:03:30,-21.4807,168.1382,,401677754,-133,56,0,24-Sep-2020,07:01:25,-21.4807,168.1382,407,307,683,137,47,,,64,0,5,,,,,,,,,,,,,,,,,,,,,,,,,,,,,
5675,198172,3,NK,2,696,24-Sep-2020,07:03:30,-21.4807,168.1382,,401677754,-133,56,0,24-Sep-2020,07:05:27,-21.4807,168.1382,407,307,683,137,47,,,93,252,73,,,,,,,,,,,,,,,,,,,,,,,,,,,,,
5675,198172,3,NK,2,696,24-Sep-2020,07:03:30,-21.4807,168.1382,,401677754,-133,56,0,24-Sep-2020,07:05:48,-21.4807,168.1382,407,307,683,137,47,,,97,135,0,,,,,,,,,,,,,,,,,,,,,,,,,,,,,
5675,198172,23,NK,2,696,24-Sep-2020,07:03:30,-21.4807,168.1382,,401677754,-133,56,0,24-Sep-2020,07:07:08,-21.4807,168.1382,407,307,683,137,47,,,95,240,131,220,232,204,243,38,185,74,9,58,224,251,129,223,9,143,248,228,139,4,144,,,,,,,,,
5675,198172,3,NK,B,697,24-Sep-2020,08:46:45,-21.4958,168.1378,,401677744,-130,8,0,24-Sep-2020,08:46:45,-21.4958,168.1378,,2453,3318,1813,93,,,83,69,74,,,,,,,,,,,,,,,,,,,,,,,,,,,,,
5675,198172,3,MA,B,698,24-Sep-2020,09:11:00,-21.4916,168.1383,,401677750,-129,8,0,24-Sep-2020,09:11:00,-21.4916,168.1383,,3000,3224,2790,93,,,22,75,24,,,,,,,,,,,,,,,,,,,,,,,,,,,,,
5675,198172,3,NN,B,699,24-Sep-2020,09:27:31,-21.5315,168.1265,,401677757,-135,8,0,24-Sep-2020,09:27:05,-21.5315,168.1265,53,2682,5084,1414,106,,,100,134,0,,,,,,,,,,,,,,,,,,,,,,,,,,,,,
5675,198172,3,NN,B,699,24-Sep-2020,09:27:31,-21.5315,168.1265,,401677757,-135,8,0,24-Sep-2020,09:27:58,-21.5315,168.1265,53,2682,5084,1414,106,,,22,75,24,,,,,,,,,,,,,,,,,,,,,,,,,,,,,
5675,198172,3,NP,1,700,25-Sep-2020,06:13:28,-21.8207,168.2130,,401677741,-135,50,0,25-Sep-2020,06:12:43,-21.8207,168.2130,186,597,2290,155,121,,,10,0,16,,,,,,,,,,,,,,,,,,,,,,,,,,,,,
5675,198172,3,NP,1,700,25-Sep-2020,06:13:28,-21.8207,168.2130,,401677741,-135,50,0,25-Sep-2020,06:13:33,-21.8207,168.2130,186,597,2290,155,121,,,22,75,24,,,,,,,,,,,,,,,,,,,,,,,,,,,,,
5675,198172,3,NP,1,700,25-Sep-2020,06:13:28,-21.8207,168.2130,,401677741,-135,50,0,25-Sep-2020,06:14:09,-21.8207,168.2130,186,597,2290,155,121,,,65,5,5,,,,,,,,,,,,,,,,,,,,,,,,,,,,,
5675,198172,3,NP,1,700,25-Sep-2020,06:13:28,-21.8207,168.2130,,401677741,-135,50,0,25-Sep-2020,06:15:49,-21.8207,168.2130,186,597,2290,155,121,,,98,136,0,,,,,,,,,,,,,,,,,,,,,,,,,,,,,
5675,198172,3,SR,1,701,25-Sep-2020,06:31:11,-21.8319,168.2299,,401677743,-130,56,0,25-Sep-2020,06:26:48,-21.8319,168.2299,540,1197,12622,113,99,,,1,17,21,,,,,,,,,,,,,,,,,,,,,,,,,,,,,
5675,198172,3,SR,1,701,25-Sep-2020,06:31:11,-21.8319,168.2299,,401677743,-130,56,0,25-Sep-2020,06:27:43,-21.8319,168.2299,540,1197,12622,113,99,,,88,179,74,,,,,,,,,,,,,,,,,,,,,,,,,,,,,
5675,198172,3,SR,1,701,25-Sep-2020,06:31:11,-21.8319,168.2299,,401677743,-130,56,0,25-Sep-2020,06:32:30,-21.8319,168.2299,540,1197,12622,113,99,,,65,5,5,,,,,,,,,,,,,,,,,,,,,,,,,,,,,
5675,198172,3,SR,1,701,25-Sep-2020,06:31:11,-21.8319,168.2299,,401677743,-130,56,1,25-Sep-2020,06:34:26,-21.8319,168.2299,540,1197,12622,113,99,,,10,0,16,,,,,,,,,,,,,,,,,,,,,,,,,,,,,
5675,198172,3,SR,1,701,25-Sep-2020,06:31:11,-21.8319,168.2299,,401677743,-130,56,1,25-Sep-2020,06:35:48,-21.8319,168.2299,540,1197,12622,113,99,,,22,75,24,,,,,,,,,,,,,,,,,,,,,,,,,,,,,
5675,198172,3,MA,B,702,25-Sep-2020,08:56:43,-21.8556,168.2375,,401677737,-119,8,0,25-Sep-2020,08:55:50,-21.8556,168.2375,108,3902,46706,325,103,,,88,236,74,,,,,,,,,,,,,,,,,,,,,,,,,,,,,
5675,198172,3,MA,B,702,25-Sep-2020,08:56:43,-21.8556,168.2375,,401677737,-119,8,0,25-Sep-2020,08:57:38,-21.8556,168.2375,108,3902,46706,325,103,,,98,136,0,,,,,,,,,,,,,,,,,,,,,,,,,,,,,
5675,198172,3,NN,B,703,25-Sep-2020,09:20:48,-21.8545,168.2352,,401677742,-135,6,0,25-Sep-2020,09:20:48,-21.8545,168.2352,,4326,11684,1601,104,,,66,192,208,,,,,,,,,,,,,,,,,,,,,,,,,,,,,
5675,198172,3,MC,B,704,25-Sep-2020,09:24:25,-21.8571,168.2381,,401677733,-131,6,0,25-Sep-2020,09:24:25,-21.8571,168.2381,,1310,3170,541,105,,,224,243,25,,,,,,,,,,,,,,,,,,,,,,,,,,,,,
5675,198172,3,MA,B,705,25-Sep-2020,10:32:16,-21.8669,168.2407,,401677732,-127,8,0,25-Sep-2020,10:32:17,-21.8669,168.2407,,1701,2668,1083,103,,,10,0,16,,,,,,,,,,,,,,,,,,,,,,,,,,,,,
5675,198172,3,NK,B,706,25-Sep-2020,19:27:42,-22.0016,168.2495,,401677747,-126,8,0,25-Sep-2020,19:25:23,-22.0016,168.2495,278,2202,132084,36,114,,,10,0,16,,,,,,,,,,,,,,,,,,,,,,,,,,,,,
5675,198172,3,NK,B,706,25-Sep-2020,19:27:42,-22.0016,168.2495,,401677747,-126,8,0,25-Sep-2020,19:30:01,-22.0016,168.2495,278,2202,132084,36,114,,,22,75,24,,,,,,,,,,,,,,,,,,,,,,,,,,,,,
5675,198172,23,MA,A,707,25-Sep-2020,20:06:15,-22.0208,168.2851,,401677742,-124,8,0,25-Sep-2020,20:04:17,-22.0208,168.2851,202,863,3708,200,150,,,70,208,131,220,232,140,96,178,12,208,120,192,54,25,16,20,182,216,153,140,96,143,103,,,,,,,,,
5675,198172,3,MA,A,707,25-Sep-2020,20:06:15,-22.0208,168.2851,,401677742,-124,8,0,25-Sep-2020,20:06:52,-22.0208,168.2851,202,863,3708,200,150,,,98,136,0,,,,,,,,,,,,,,,,,,,,,,,,,,,,,
5675,198172,3,MA,A,707,25-Sep-2020,20:06:15,-22.0208,168.2851,,401677742,-124,8,0,25-Sep-2020,20:07:39,-22.0208,168.2851,202,863,3708,200,150,,,10,0,16,,,,,,,,,,,,,,,,,,,,,,,,,,,,,
5675,198172,3,MC,B,708,25-Sep-2020,22:12:36,-22.0675,168.3343,,401677751,-123,8,0,25-Sep-2020,22:12:37,-22.0675,168.3343,,4246,5399,3338,119,,,103,137,0,,,,,,,,,,,,,,,,,,,,,,,,,,,,,
5675,198172,3,NK,B,709,26-Sep-2020,09:31:43,-22.2314,168.4428,,401677827,-133,8,0,26-Sep-2020,09:31:24,-22.2314,168.4428,40,4541,19427,1061,86,,,103,145,16,,,,,,,,,,,,,,,,,,,,,,,,,,,,,
5675,198172,3,NK,B,709,26-Sep-2020,09:31:43,-22.2314,168.4428,,401677827,-133,8,0,26-Sep-2020,09:32:04,-22.2314,168.4428,40,4541,19427,1061,86,,,10,0,16,,,,,,,,,,,,,,,,,,,,,,,,,,,,,
5675,198172,3,MA,B,710,26-Sep-2020,10:15:19,-22.2559,168.6112,,401677765,-126,,0,26-Sep-2020,10:15:20,-22.2559,168.6112,,6656,17077,2594,89,,,10,0,16,,,,,,,,,,,,,,,,,,,,,,,,,,,,,
5675,198172,3,NN,Z,711,26-Sep-2020,10:49:32,-22.1928,168.2727,,401677720,-128,8,0,26-Sep-2020,10:49:33,-22.1928,168.2727,,6780,16928,2715,86,,,64,0,5,,,,,,,,,,,,,,,,,,,,,,,,,,,,,
5675,198172,3,MB,Z,712,26-Sep-2020,11:25:42,-22.1455,167.8942,Rate of Travel: 17.7 m/s,401677649,-133,8,0,26-Sep-2020,11:25:42,-22.1455,167.8942,,12799,59405,2757,105,,,28,219,28,,,,,,,,,,,,,,,,,,,,,,,,,,,,,
5675,198172,3,SR,1,713,26-Sep-2020,18:21:30,-22.4076,167.9696,,401677739,-126,50,0,26-Sep-2020,18:18:25,-22.4076,167.9696,488,790,1252,499,35,,,187,32,174,,,,,,,,,,,,,,,,,,,,,,,,,,,,,
5675,198172,3,SR,1,713,26-Sep-2020,18:21:30,-22.4076,167.9696,,401677739,-126,50,0,26-Sep-2020,18:18:48,-22.4076,167.9696,488,790,1252,499,35,,,22,75,24,,,,,,,,,,,,,,,,,,,,,,,,,,,,,
5675,198172,3,SR,1,713,26-Sep-2020,18:21:30,-22.4076,167.9696,,401677739,-126,50,0,26-Sep-2020,18:19:14,-22.4076,167.9696,488,790,1252,499,35,,,64,254,4,,,,,,,,,,,,,,,,,,,,,,,,,,,,,
5675,198172,3,SR,1,713,26-Sep-2020,18:21:30,-22.4076,167.9696,,401677739,-126,50,1,26-Sep-2020,18:23:10,-22.4076,167.9696,488,790,1252,499,35,,,97,135,0,,,,,,,,,,,,,,,,,,,,,,,,,,,,,
5675,198172,3,SR,1,713,26-Sep-2020,18:21:30,-22.4076,167.9696,,401677739,-126,50,0,26-Sep-2020,18:24:29,-22.4076,167.9696,488,790,1252,499,35,,,10,0,16,,,,,,,,,,,,,,,,,,,,,,,,,,,,,
5675,198172,3,SR,1,713,26-Sep-2020,18:21:30,-22.4076,167.9696,,401677739,-126,50,0,26-Sep-2020,18:26:33,-22.4076,167.9696,488,790,1252,499,35,,,226,137,0,,,,,,,,,,,,,,,,,,,,,,,,,,,,,
5675,198172,23,NK,B,714,26-Sep-2020,19:10:32,-22.4077,167.9690,,401677747,-135,8,0,26-Sep-2020,19:10:23,-22.4077,167.9690,19,5682,6100,5291,107,,,85,48,131,220,233,237,39,36,126,68,128,180,95,197,183,249,55,53,168,195,223,92,66,,,,,,,,,
5675,198172,3,NK,B,714,26-Sep-2020,19:10:32,-22.4077,167.9690,,401677747,-135,8,0,26-Sep-2020,19:10:42,-22.4077,167.9690,19,5682,6100,5291,107,,,22,75,24,,,,,,,,,,,,,,,,,,,,,,,,,,,,,
5675,198172,3,SR,2,715,27-Sep-2020,05:30:16,-22.5308,167.7238,,401677745,-133,58,0,27-Sep-2020,05:28:08,-22.5308,167.7238,274,457,885,236,45,,,10,0,16,,,,,,,,,,,,,,,,,,,,,,,,,,,,,
5675,198172,3,SR,2,715,27-Sep-2020,05:30:16,-22.5308,167.7238,,401677745,-133,58,1,27-Sep-2020,05:30:09,-22.5308,167.7238,274,457,885,236,45,,,22,75,24,,,,,,,,,,,,,,,,,,,,,,,,,,,,,
5675,198172,3,SR,2,715,27-Sep-2020,05:30:16,-22.5308,167.7238,,401677745,-133,58,0,27-Sep-2020,05:30:23,-22.5308,167.7238,274,457,885,236,45,,,76,12,5,,,,,,,,,,,,,,,,,,,,,,,,,,,,,
5675,198172,23,SR,2,715,27-Sep-2020,05:30:16,-22.5308,167.7238,,401677745,-133,58,0,27-Sep-2020,05:30:53,-22.5308,167.7238,274,457,885,236,45,,,91,112,131,222,230,193,132,188,91,79,241,199,127,50,133,243,82,57,135,184,124,48,51,,,,,,,,,
5675,198172,3,SR,2,715,27-Sep-2020,05:30:16,-22.5308,167.7238,,401677745,-133,58,1,27-Sep-2020,05:32:42,-22.5308,167.7238,274,457,885,236,45,,,97,135,0,,,,,,,,,,,,,,,,,,,,,,,,,,,,,
5675,198172,3,SR,B,716,27-Sep-2020,07:08:26,-22.5243,167.6812,,401677743,-129,8,0,27-Sep-2020,07:08:16,-22.5243,167.6812,22,2139,3705,1234,25,,,98,136,0,,,,,,,,,,,,,,,,,,,,,,,,,,,,,
5675,198172,23,SR,B,716,27-Sep-2020,07:08:26,-22.5243,167.6812,,401677743,-129,8,0,27-Sep-2020,07:08:38,-22.5243,167.6812,22,2139,3705,1234,25,,,65,176,131,220,232,140,96,178,13,156,194,147,86,153,19,14,1,110,30,207,178,40,87,,,,,,,,,
5675,198172,23,NK, ,717,28-Sep-2020,18:12:55,,,,401650000,-140,,0,28-Sep-2020,18:12:55,,,,,,,,,,92,16,134,169,137,2,165,141,86,115,239,18,45,43,17,226,221,176,151,230,184,128,34,,,,,,,,,
5675,198172,3,NP,0,718,28-Sep-2020,18:35:18,-22.9002,167.9519,,401677757,-124,40,0,28-Sep-2020,18:28:16,-22.9002,167.9519,560,4572,19340,1080,92,,,10,0,16,,,,,,,,,,,,,,,,,,,,,,,,,,,,,
5675,198172,3,NP,0,718,28-Sep-2020,18:35:18,-22.9002,167.9519,,401677757,-124,40,0,28-Sep-2020,18:31:52,-22.9002,167.9519,560,4572,19340,1080,92,,,98,136,0,,,,,,,,,,,,,,,,,,,,,,,,,,,,,
5675,198172,3,NP,0,718,28-Sep-2020,18:35:18,-22.9002,167.9519,,401677757,-124,40,0,28-Sep-2020,18:33:02,-22.9002,167.9519,560,4572,19340,1080,92,,,22,75,24,,,,,,,,,,,,,,,,,,,,,,,,,,,,,
5675,198172,3,NP,0,718,28-Sep-2020,18:35:18,-22.9002,167.9519,,401677757,-124,40,0,28-Sep-2020,18:37:36,-22.9002,167.9519,560,4572,19340,1080,92,,,70,240,4,,,,,,,,,,,,,,,,,,,,,,,,,,,,,
5675,198172,3,SR,0,719,28-Sep-2020,18:56:10,-22.9240,167.9217,,401677758,-127,56,0,28-Sep-2020,18:55:05,-22.9240,167.9217,524,2021,50218,81,78,,,11,0,16,,,,,,,,,,,,,,,,,,,,,,,,,,,,,
5675,198172,3,SR,0,719,28-Sep-2020,18:56:10,-22.9240,167.9217,,401677758,-127,56,0,28-Sep-2020,18:56:35,-22.9240,167.9217,524,2021,50218,81,78,,,89,203,76,,,,,,,,,,,,,,,,,,,,,,,,,,,,,
5675,198172,3,SR,0,719,28-Sep-2020,18:56:10,-22.9240,167.9217,,401677758,-127,56,0,28-Sep-2020,18:56:52,-22.9240,167.9217,524,2021,50218,81,78,,,98,136,0,,,,,,,,,,,,,,,,,,,,,,,,,,,,,
5675,198172,3,SR,0,719,28-Sep-2020,18:56:10,-22.9240,167.9217,,401677758,-127,56,1,28-Sep-2020,18:59:31,-22.9240,167.9217,524,2021,50218,81,78,,,98,136,0,,,,,,,,,,,,,,,,,,,,,,,,,,,,,
5675,198172,23,SR,0,719,28-Sep-2020,18:56:10,-22.9240,167.9217,,401677758,-127,56,0,28-Sep-2020,19:00:27,-22.9240,167.9217,524,2021,50218,81,78,,,77,240,131,220,232,140,96,178,14,207,224,22,22,241,168,132,19,186,29,207,16,255,128,,,,,,,,,
5675,198172,3,SR,0,719,28-Sep-2020,18:56:10,-22.9240,167.9217,,401677758,-127,56,0,28-Sep-2020,19:00:49,-22.9240,167.9217,524,2021,50218,81,78,,,67,241,4,,,,,,,,,,,,,,,,,,,,,,,,,,,,,
5675,198172,3,SR,0,719,28-Sep-2020,18:56:10,-22.9240,167.9217,,401677758,-127,56,1,28-Sep-2020,19:03:10,-22.9240,167.9217,524,2021,50218,81,78,,,97,135,0,,,,,,,,,,,,,,,,,,,,,,,,,,,,,
5675,198172,3,SR,0,719,28-Sep-2020,18:56:10,-22.9240,167.9217,,401677758,-127,56,0,28-Sep-2020,19:03:27,-22.9240,167.9217,524,2021,50218,81,78,,,10,0,16,,,,,,,,,,,,,,,,,,,,,,,,,,,,,
5675,198172,3,SR,0,719,28-Sep-2020,18:56:10,-22.9240,167.9217,,401677758,-127,56,0,28-Sep-2020,19:03:49,-22.9240,167.9217,524,2021,50218,81,78,,,22,75,24,,,,,,,,,,,,,,,,,,,,,,,,,,,,,
5675,198172,23,NK,1,720,28-Sep-2020,19:53:48,-22.9129,167.9953,,401677752,-124,58,0,28-Sep-2020,19:48:26,-22.9129,167.9953,645,755,7176,79,99,,,72,208,131,220,232,140,96,178,14,79,62,216,86,154,63,14,1,70,115,208,101,255,220,,,,,,,,,
5675,198172,3,NK,1,720,28-Sep-2020,19:53:48,-22.9129,167.9953,,401677752,-124,58,0,28-Sep-2020,19:50:01,-22.9129,167.9953,645,755,7176,79,99,,,22,75,24,,,,,,,,,,,,,,,,,,,,,,,,,,,,,
5675,198172,3,NK,1,720,28-Sep-2020,19:53:48,-22.9129,167.9953,,401677752,-124,58,0,28-Sep-2020,19:51:08,-22.9129,167.9953,645,755,7176,79,99,,,92,36,77,,,,,,,,,,,,,,,,,,,,,,,,,,,,,
5675,198172,3,NK,1,720,28-Sep-2020,19:53:48,-22.9129,167.9953,,401677752,-124,58,0,28-Sep-2020,19:51:42,-22.9129,167.9953,645,755,7176,79,99,,,98,136,64,,,,,,,,,,,,,,,,,,,,,,,,,,,,,
5675,198172,3,NK,1,720,28-Sep-2020,19:53:48,-22.9129,167.9953,,401677752,-124,58,0,28-Sep-2020,19:55:25,-22.9129,167.9953,645,755,7176,79,99,,,22,83,156,,,,,,,,,,,,,,,,,,,,,,,,,,,,,
5675,198172,3,NK,1,720,28-Sep-2020,19:53:48,-22.9129,167.9953,,401677752,-124,58,0,28-Sep-2020,19:57:39,-22.9129,167.9953,645,755,7176,79,99,,,97,131,0,,,,,,,,,,,,,,,,,,,,,,,,,,,,,
5675,198172,3,NK,1,720,28-Sep-2020,19:53:48,-22.9129,167.9953,,401677752,-124,58,2,28-Sep-2020,19:58:05,-22.9129,167.9953,645,755,7176,79,99,,,10,0,16,,,,,,,,,,,,,,,,,,,,,,,,,,,,,
5675,198172,3,NK,1,720,28-Sep-2020,19:53:48,-22.9129,167.9953,,401677752,-124,58,1,28-Sep-2020,19:58:56,-22.9129,167.9953,645,755,7176,79,99,,,65,235,4,,,,,,,,,,,,,,,,,,,,,,,,,,,,,
5675,198172,3,NK,1,720,28-Sep-2020,19:53:48,-22.9129,167.9953,,401677752,-124,58,0,28-Sep-2020,19:59:11,-22.9129,167.9953,645,755,7176,79,99,,,87,51,77,,,,,,,,,,,,,,,,,,,,,,,,,,,,,
5675,198172,3,NP,B,721,28-Sep-2020,20:14:01,-22.9241,167.9121,,401677737,-136,8,0,28-Sep-2020,20:14:01,-22.9241,167.9121,,5218,6663,4086,88,,,82,77,77,,,,,,,,,,,,,,,,,,,,,,,,,,,,,
5675,198172,23,MA,2,722,28-Sep-2020,20:40:42,-22.9180,168.0229,,401677752,-122,56,0,28-Sep-2020,20:40:04,-22.9180,168.0229,600,411,1073,157,112,,,89,208,131,220,187,163,97,175,26,192,118,44,71,51,135,72,218,215,148,125,225,223,27,,,,,,,,,
5675,198172,3,MA,2,722,28-Sep-2020,20:40:42,-22.9180,168.0229,,401677752,-122,56,0,28-Sep-2020,20:43:27,-22.9180,168.0229,600,411,1073,157,112,,,22,75,24,,,,,,,,,,,,,,,,,,,,,,,,,,,,,
5675,198172,3,MA,2,722,28-Sep-2020,20:40:42,-22.9180,168.0229,,401677752,-122,56,0,28-Sep-2020,20:45:41,-22.9180,168.0229,600,411,1073,157,112,,,75,233,15,,,,,,,,,,,,,,,,,,,,,,,,,,,,,
5675,198172,3,MA,2,722,28-Sep-2020,20:40:42,-22.9180,168.0229,,401677752,-122,56,1,28-Sep-2020,20:46:43,-22.9180,168.0229,600,411,1073,157,112,,,97,135,0,,,,,,,,,,,,,,,,,,,,,,,,,,,,,
5675,198172,3,MA,2,722,28-Sep-2020,20:40:42,-22.9180,168.0229,,401677752,-122,56,0,28-Sep-2020,20:50:04,-22.9180,168.0229,600,411,1073,157,112,,,100,134,0,,,,,,,,,,,,,,,,,,,,,,,,,,,,,
5675,198172,3,MC,B,723,28-Sep-2020,21:16:25,-22.9201,168.0172,,401677756,-127,8,0,28-Sep-2020,21:16:25,-22.9201,168.0172,,3507,3798,3238,97,,,22,203,14,,,,,,,,,,,,,,,,,,,,,,,,,,,,,
5675,198172,3,NN,B,724,28-Sep-2020,21:42:10,-22.9172,168.0442,,401677767,-127,6,0,28-Sep-2020,21:41:16,-22.9172,168.0442,108,2336,13890,392,169,,,22,75,24,,,,,,,,,,,,,,,,,,,,,,,,,,,,,
5675,198172,3,NN,B,724,28-Sep-2020,21:42:10,-22.9172,168.0442,,401677767,-127,6,0,28-Sep-2020,21:43:04,-22.9172,168.0442,108,2336,13890,392,169,,,82,140,77,,,,,,,,,,,,,,,,,,,,,,,,,,,,,
5675,198172,3,NP,B,725,30-Sep-2020,18:10:19,-23.0436,168.2299,,401677810,-135,,0,30-Sep-2020,18:06:33,-23.0436,168.2299,453,4136,150813,113,175,,,10,0,16,,,,,,,,,,,,,,,,,,,,,,,,,,,,,
5675,198172,3,NP,B,725,30-Sep-2020,18:10:19,-23.0436,168.2299,,401677810,-135,,0,30-Sep-2020,18:14:06,-23.0436,168.2299,453,4136,150813,113,175,,,68,250,4,,,,,,,,,,,,,,,,,,,,,,,,,,,,,
5675,198172,3,NK,B,726,30-Sep-2020,19:00:11,-23.0686,168.2287,,401677827,-137,7,0,30-Sep-2020,19:00:12,-23.0686,168.2287,,3694,17950,760,175,,,22,75,24,,,,,,,,,,,,,,,,,,,,,,,,,,,,,
5675,198172,3,NP,0,727,30-Sep-2020,19:46:23,-23.3554,168.2495,,401677751,-130,48,0,30-Sep-2020,19:46:15,-23.3554,168.2495,243,7175,49946,1030,90,,,85,71,78,,,,,,,,,,,,,,,,,,,,,,,,,,,,,
5675,198172,3,NP,0,727,30-Sep-2020,19:46:23,-23.3554,168.2495,,401677751,-130,48,0,30-Sep-2020,19:46:32,-23.3554,168.2495,243,7175,49946,1030,90,,,97,135,0,,,,,,,,,,,,,,,,,,,,,,,,,,,,,
5675,198172,3,NP,0,727,30-Sep-2020,19:46:23,-23.3554,168.2495,,401677751,-130,48,0,30-Sep-2020,19:49:14,-23.3554,168.2495,243,7175,49946,1030,90,,,10,0,16,,,,,,,,,,,,,,,,,,,,,,,,,,,,,
5675,198172,23,NP,0,727,30-Sep-2020,19:46:23,-23.3554,168.2495,,401677751,-130,48,0,30-Sep-2020,19:50:18,-23.3554,168.2495,243,7175,49946,1030,90,,,69,144,131,220,232,140,96,178,15,79,93,88,216,156,151,16,1,255,30,207,224,255,66,,,,,,,,,
5675,198172,3,MA,0,728,30-Sep-2020,20:03:59,-23.3699,168.2785,,401677752,-126,48,0,30-Sep-2020,20:02:40,-23.3699,168.2785,181,2557,6180,1057,27,,,122,128,184,,,,,,,,,,,,,,,,,,,,,,,,,,,,,
5675,198172,3,MA,0,728,30-Sep-2020,20:03:59,-23.3699,168.2785,,401677752,-126,48,0,30-Sep-2020,20:03:49,-23.3699,168.2785,181,2557,6180,1057,27,,,20,86,255,,,,,,,,,,,,,,,,,,,,,,,,,,,,,
5675,198172,3,MA,0,728,30-Sep-2020,20:03:59,-23.3699,168.2785,,401677752,-126,48,0,30-Sep-2020,20:04:04,-23.3699,168.2785,181,2557,6180,1057,27,,,69,255,4,,,,,,,,,,,,,,,,,,,,,,,,,,,,,
5675,198172,3,MA,0,728,30-Sep-2020,20:03:59,-23.3699,168.2785,,401677752,-126,48,0,30-Sep-2020,20:04:35,-23.3699,168.2785,181,2557,6180,1057,27,,,84,82,78,,,,,,,,,,,,,,,,,,,,,,,,,,,,,
5675,198172,3,MA,0,728,30-Sep-2020,20:03:59,-23.3699,168.2785,,401677752,-126,48,1,30-Sep-2020,20:05:41,-23.3699,168.2785,181,2557,6180,1057,27,,,10,0,16,,,,,,,,,,,,,,,,,,,,,,,,,,,,,
5675,198172,3,MC,B,729,30-Sep-2020,20:29:01,-23.3696,168.2784,,401677740,-134,6,0,30-Sep-2020,20:29:02,-23.3696,168.2784,,5801,6311,5331,54,,,65,255,197,,,,,,,,,,,,,,,,,,,,,,,,,,,,,
5675,198172,3,NK,B,730,30-Sep-2020,20:46:10,-23.3973,168.2822,,401677740,-130,6,0,30-Sep-2020,20:45:53,-23.3973,168.2822,35,5613,10509,2997,122,,,10,192,33,,,,,,,,,,,,,,,,,,,,,,,,,,,,,
5675,198172,3,NK,B,730,30-Sep-2020,20:46:10,-23.3973,168.2822,,401677740,-130,6,0,30-Sep-2020,20:46:28,-23.3973,168.2822,35,5613,10509,2997,122,,,22,75,24,,,,,,,,,,,,,,,,,,,,,,,,,,,,,
5675,198172,3,NN,B,731,30-Sep-2020,21:15:12,-23.4477,168.2870,,401677729,-137,6,0,30-Sep-2020,21:15:12,-23.4477,168.2870,,1235,1561,977,131,,,22,75,24,,,,,,,,,,,,,,,,,,,,,,,,,,,,,
5675,198172,3,MA,A,732,30-Sep-2020,21:40:57,-23.3836,168.3197,,401677758,-124,7,0,30-Sep-2020,21:40:03,-23.3836,168.3197,105,4668,31980,681,106,,,103,146,219,,,,,,,,,,,,,,,,,,,,,,,,,,,,,
5675,198172,3,MA,A,732,30-Sep-2020,21:40:57,-23.3836,168.3197,,401677758,-124,7,0,30-Sep-2020,21:41:02,-23.3836,168.3197,105,4668,31980,681,106,,,10,0,16,,,,,,,,,,,,,,,,,,,,,,,,,,,,,
5675,198172,3,MA,A,732,30-Sep-2020,21:40:57,-23.3836,168.3197,,401677758,-124,7,0,30-Sep-2020,21:41:48,-23.3836,168.3197,105,4668,31980,681,106,,,74,2,5,,,,,,,,,,,,,,,,,,,,,,,,,,,,,
5675,198172,3,SR,B,733,01-Oct-2020,06:39:14,-23.3822,168.3253,,401677746,-131,,0,01-Oct-2020,06:39:05,-23.3822,168.3253,19,7176,18112,2842,107,,,91,161,78,,,,,,,,,,,,,,,,,,,,,,,,,,,,,
5675,198172,3,SR,B,733,01-Oct-2020,06:39:14,-23.3822,168.3253,,401677746,-131,,0,01-Oct-2020,06:39:24,-23.3822,168.3253,19,7176,18112,2842,107,,,98,136,0,,,,,,,,,,,,,,,,,,,,,,,,,,,,,
5675,198172,3,NP,B,734,01-Oct-2020,06:39:14,-23.3826,168.3319,,401677771,-137,8,0,01-Oct-2020,06:39:06,-23.3826,168.3319,18,9009,24442,3320,101,,,83,224,78,,,,,,,,,,,,,,,,,,,,,,,,,,,,,
5675,198172,3,NP,B,734,01-Oct-2020,06:39:14,-23.3826,168.3319,,401677771,-137,8,0,01-Oct-2020,06:39:24,-23.3826,168.3319,18,9009,24442,3320,101,,,98,136,0,,,,,,,,,,,,,,,,,,,,,,,,,,,,,
5675,198172,3,NP,1,735,01-Oct-2020,08:22:25,-23.3708,168.4047,,401677757,-133,48,0,01-Oct-2020,08:21:15,-23.3708,168.4047,297,1447,2977,702,178,,,79,25,70,,,,,,,,,,,,,,,,,,,,,,,,,,,,,
5675,198172,3,NP,1,735,01-Oct-2020,08:22:25,-23.3708,168.4047,,401677757,-133,48,0,01-Oct-2020,08:23:36,-23.3708,168.4047,297,1447,2977,702,178,,,10,16,24,,,,,,,,,,,,,,,,,,,,,,,,,,,,,
5675,198172,23,NP,1,735,01-Oct-2020,08:22:25,-23.3708,168.4047,,401677757,-133,48,0,01-Oct-2020,08:25:14,-23.3708,168.4047,297,1447,2977,702,178,,,75,144,131,220,232,140,96,178,0,179,191,176,156,35,14,123,191,51,193,76,12,79,128,,,,,,,,,
5675,198172,3,NP,1,735,01-Oct-2020,08:22:25,-23.3708,168.4047,,401677757,-133,48,0,01-Oct-2020,08:26:12,-23.3708,168.4047,297,1447,2977,702,178,,,98,136,0,,,,,,,,,,,,,,,,,,,,,,,,,,,,,
5675,198172,3,NP,B,736,01-Oct-2020,19:45:31,-23.3691,168.3965,,401677748,-135,8,0,01-Oct-2020,19:45:20,-23.3691,168.3965,23,12119,22021,6669,71,,,10,0,16,,,,,,,,,,,,,,,,,,,,,,,,,,,,,
5675,198172,3,NP,B,736,01-Oct-2020,19:45:31,-23.3691,168.3965,,401677748,-135,8,0,01-Oct-2020,19:45:43,-23.3691,168.3965,23,12119,22021,6669,71,,,22,91,24,,,,,,,,,,,,,,,,,,,,,,,,,,,,,
5675,198172,3,MA,B,737,01-Oct-2020,19:45:31,-23.3415,168.3978,,401677753,-127,,0,01-Oct-2020,19:45:20,-23.3415,168.3978,23,7215,13415,3880,79,,,10,0,16,,,,,,,,,,,,,,,,,,,,,,,,,,,,,
5675,198172,3,MA,B,737,01-Oct-2020,19:45:31,-23.3415,168.3978,,401677753,-127,,0,01-Oct-2020,19:45:43,-23.3415,168.3978,23,7215,13415,3880,79,,,22,75,24,,,,,,,,,,,,,,,,,,,,,,,,,,,,,
5675,198172,3,NP,3,738,02-Oct-2020,06:30:29,-23.3274,168.4338,,401677752,-131,58,0,02-Oct-2020,06:26:40,-23.3274,168.4338,559,236,408,136,66,,,10,0,16,,,,,,,,,,,,,,,,,,,,,,,,,,,,,
5675,198172,3,NP,3,738,02-Oct-2020,06:30:29,-23.3274,168.4338,,401677752,-131,58,0,02-Oct-2020,06:31:51,-23.3274,168.4338,559,236,408,136,66,,,84,34,79,,,,,,,,,,,,,,,,,,,,,,,,,,,,,
5675,198172,3,NP,3,738,02-Oct-2020,06:30:29,-23.3274,168.4338,,401677752,-131,58,0,02-Oct-2020,06:32:58,-23.3274,168.4338,559,236,408,136,66,,,98,136,16,,,,,,,,,,,,,,,,,,,,,,,,,,,,,
5675,198172,3,NP,3,738,02-Oct-2020,06:30:29,-23.3274,168.4338,,401677752,-131,58,0,02-Oct-2020,06:35:41,-23.3274,168.4338,559,236,408,136,66,,,22,75,24,,,,,,,,,,,,,,,,,,,,,,,,,,,,,
5675,198172,3,NP,3,738,02-Oct-2020,06:30:29,-23.3274,168.4338,,401677752,-131,58,0,02-Oct-2020,06:35:59,-23.3274,168.4338,559,236,408,136,66,,,65,5,5,,,,,,,,,,,,,,,,,,,,,,,,,,,,,
5675,198172,3,NP,B,739,02-Oct-2020,08:14:53,-23.3539,168.4656,,401677763,-131,8,0,02-Oct-2020,08:14:53,-23.3539,168.4656,,2405,2766,2091,97,,,98,136,0,,,,,,,,,,,,,,,,,,,,,,,,,,,,,
5675,198172,3,NK,B,740,02-Oct-2020,08:40:07,-23.3479,168.4615,,401677754,-135,6,0,02-Oct-2020,08:40:07,-23.3479,168.4615,,3687,8031,1692,132,,,22,75,24,,,,,,,,,,,,,,,,,,,,,,,,,,,,,
5675,198172,3,NN,B,741,02-Oct-2020,09:35:31,-23.3600,168.4878,,401677771,-133,7,0,02-Oct-2020,09:35:31,-23.3600,168.4878,,3480,7234,1673,137,,,22,75,24,,,,,,,,,,,,,,,,,,,,,,,,,,,,,
5675,198172,3,MC,A,742,02-Oct-2020,10:12:48,-23.2709,168.4775,,401677745,-125,8,0,02-Oct-2020,10:12:49,-23.2709,168.4775,668,1542,7535,315,60,,,88,81,79,,,,,,,,,,,,,,,,,,,,,,,,,,,,,
5675,198172,3,MC,A,742,02-Oct-2020,10:12:48,-23.2709,168.4775,,401677745,-125,8,0,02-Oct-2020,10:19:01,-23.2709,168.4775,668,1542,7535,315,60,,,98,136,0,,,,,,,,,,,,,,,,,,,,,,,,,,,,,
5675,198172,3,MC,A,742,02-Oct-2020,10:12:48,-23.2709,168.4775,,401677745,-125,8,0,02-Oct-2020,10:23:57,-23.2709,168.4775,668,1542,7535,315,60,,,22,75,24,,,,,,,,,,,,,,,,,,,,,,,,,,,,,
5675,198172,3,NN,B,743,02-Oct-2020,11:15:29,-23.2432,168.4967,,401677746,-137,8,0,02-Oct-2020,11:15:29,-23.2432,168.4967,,6884,7687,6164,70,,,103,137,0,,,,,,,,,,,,,,,,,,,,,,,,,,,,,
5675,198172,3,NP,A,744,02-Oct-2020,17:46:58,-23.1497,168.4770,,401677744,-136,8,0,02-Oct-2020,17:45:48,-23.1497,168.4770,181,941,5131,172,4,,,98,136,0,,,,,,,,,,,,,,,,,,,,,,,,,,,,,
5675,198172,3,NP,A,744,02-Oct-2020,17:46:58,-23.1497,168.4770,,401677744,-136,8,0,02-Oct-2020,17:46:18,-23.1497,168.4770,181,941,5131,172,4,,,22,75,24,,,,,,,,,,,,,,,,,,,,,,,,,,,,,
5675,198172,3,NP,A,744,02-Oct-2020,17:46:58,-23.1497,168.4770,,401677744,-136,8,0,02-Oct-2020,17:48:49,-23.1497,168.4770,181,941,5131,172,4,,,85,185,79,,,,,,,,,,,,,,,,,,,,,,,,,,,,,
5675,198172,3,SR,B,745,02-Oct-2020,18:34:26,-23.1181,168.4661,,401677741,-124,8,0,02-Oct-2020,18:32:52,-23.1181,168.4661,188,924,10189,83,20,,,64,0,5,,,,,,,,,,,,,,,,,,,,,,,,,,,,,
5675,198172,3,SR,B,745,02-Oct-2020,18:34:26,-23.1181,168.4661,,401677741,-124,8,0,02-Oct-2020,18:36:00,-23.1181,168.4661,188,924,10189,83,20,,,98,136,0,,,,,,,,,,,,,,,,,,,,,,,,,,,,,
5675,198172,3,NP,B,746,02-Oct-2020,19:26:22,-23.1038,168.4663,,401677747,-129,8,0,02-Oct-2020,19:26:22,-23.1038,168.4663,,1083,1188,986,16,,,10,0,16,,,,,,,,,,,,,,,,,,,,,,,,,,,,,
5675,198172,3,NK,B,747,02-Oct-2020,19:55:28,-23.0959,168.4684,,401677748,-128,6,0,02-Oct-2020,19:55:28,-23.0959,168.4684,,1460,1842,1156,8,,,22,75,24,,,,,,,,,,,,,,,,,,,,,,,,,,,,,
5675,198172,23,NK,B,748,02-Oct-2020,21:33:01,-23.0562,168.4747,,401677751,-137,8,0,02-Oct-2020,21:33:02,-23.0562,168.4747,,1981,2125,1847,13,,,85,208,131,220,232,141,96,178,1,86,73,213,82,159,233,16,1,170,112,192,161,228,128,,,,,,,,,
5675,198172,23,MC,B,749,02-Oct-2020,21:33:01,-23.0799,168.4700,,401677742,-129,,0,02-Oct-2020,21:33:02,-23.0799,168.4700,,2903,5804,1452,15,,,85,208,131,220,232,140,96,178,1,86,73,213,82,159,233,16,1,162,32,208,32,155,140,,,,,,,,,
5675,198172,3,NP,B,750,03-Oct-2020,06:15:38,-22.8788,168.4965,,401677736,-136,8,0,03-Oct-2020,06:15:38,-22.8788,168.4965,,3219,4663,2221,126,,,84,23,80,,,,,,,,,,,,,,,,,,,,,,,,,,,,,
5675,198172,3,NK,B,751,03-Oct-2020,08:18:58,-22.8543,168.5039,,401677743,-129,8,0,03-Oct-2020,08:18:36,-22.8543,168.5039,46,2307,43919,121,76,,,64,254,4,,,,,,,,,,,,,,,,,,,,,,,,,,,,,
5675,198172,23,NK,B,751,03-Oct-2020,08:18:58,-22.8543,168.5039,,401677743,-129,8,0,03-Oct-2020,08:19:22,-22.8543,168.5039,46,2307,43919,121,76,,,94,240,131,220,232,140,96,178,1,161,112,21,22,160,77,18,1,95,30,207,208,255,128,,,,,,,,,
5675,198172,3,MC,B,752,03-Oct-2020,09:52:35,-22.8497,168.5131,,401677750,-131,8,0,03-Oct-2020,09:52:35,-22.8497,168.5131,,6736,14530,3122,174,,,30,75,26,,,,,,,,,,,,,,,,,,,,,,,,,,,,,
5675,198172,3,NN,B,753,03-Oct-2020,11:06:24,-22.8334,168.5104,,401677754,-128,8,0,03-Oct-2020,11:06:25,-22.8334,168.5104,,4330,13447,1394,38,,,10,1,40,,,,,,,,,,,,,,,,,,,,,,,,,,,,,
5675,198172,3,NP,A,754,03-Oct-2020,17:31:33,-22.6862,168.5244,,401677765,-136,8,0,03-Oct-2020,17:31:11,-22.6862,168.5244,392,958,8109,113,164,,,22,75,24,,,,,,,,,,,,,,,,,,,,,,,,,,,,,
5675,198172,3,NP,A,754,03-Oct-2020,17:31:33,-22.6862,168.5244,,401677765,-136,8,0,03-Oct-2020,17:31:56,-22.6862,168.5244,392,958,8109,113,164,,,93,117,80,,,,,,,,,,,,,,,,,,,,,,,,,,,,,
5675,198172,3,NP,A,754,03-Oct-2020,17:31:33,-22.6862,168.5244,,401677765,-136,8,1,03-Oct-2020,17:37:43,-22.6862,168.5244,392,958,8109,113,164,,,22,75,24,,,,,,,,,,,,,,,,,,,,,,,,,,,,,
5675,198172,3,SR,A,755,03-Oct-2020,18:05:52,-22.7072,168.5235,,401677744,-132,8,0,03-Oct-2020,18:03:11,-22.7072,168.5235,284,421,1851,95,120,,,68,4,5,,,,,,,,,,,,,,,,,,,,,,,,,,,,,
5675,198172,23,SR,A,755,03-Oct-2020,18:05:52,-22.7072,168.5235,,401677744,-132,8,0,03-Oct-2020,18:06:32,-22.7072,168.5235,284,421,1851,95,120,,,69,176,131,220,232,140,96,178,1,200,162,149,84,161,21,16,1,191,203,130,25,152,158,,,,,,,,,
5675,198172,3,SR,A,755,03-Oct-2020,18:05:52,-22.7072,168.5235,,401677744,-132,8,0,03-Oct-2020,18:07:55,-22.7072,168.5235,284,421,1851,95,120,,,10,0,16,,,,,,,,,,,,,,,,,,,,,,,,,,,,,
5675,198172,3,NP,A,756,03-Oct-2020,19:19:03,-22.6842,168.5412,,401677745,-126,8,0,03-Oct-2020,19:14:20,-22.6842,168.5412,378,163,192,138,122,,,68,4,5,,,,,,,,,,,,,,,,,,,,,,,,,,,,,
5675,198172,3,NP,A,756,03-Oct-2020,19:19:03,-22.6842,168.5412,,401677745,-126,8,0,03-Oct-2020,19:17:30,-22.6842,168.5412,378,163,192,138,122,,,103,137,0,,,,,,,,,,,,,,,,,,,,,,,,,,,,,
5675,198172,3,NP,A,756,03-Oct-2020,19:19:03,-22.6842,168.5412,,401677745,-126,8,0,03-Oct-2020,19:20:38,-22.6842,168.5412,378,163,192,138,122,,,10,0,16,,,,,,,,,,,,,,,,,,,,,,,,,,,,,
5675,198172,23,NN,B,757,03-Oct-2020,20:41:10,-22.6668,168.5484,,401677748,-140,8,0,03-Oct-2020,20:41:10,-22.6668,168.5484,,1211,1399,1048,89,,,25,112,163,116,132,21,221,207,224,43,181,63,48,242,126,34,134,64,179,210,138,197,115,,,,,,,,,
5675,198172,3,NP,B,758,04-Oct-2020,06:03:44,-22.5592,168.7303,,401677753,-135,8,0,04-Oct-2020,06:03:44,-22.5592,168.7303,444,1966,38809,99,0,,,78,6,5,,,,,,,,,,,,,,,,,,,,,,,,,,,,,
5675,198172,3,NP,B,758,04-Oct-2020,06:03:44,-22.5592,168.7303,,401677753,-135,8,0,04-Oct-2020,06:11:08,-22.5592,168.7303,444,1966,38809,99,0,,,103,137,0,,,,,,,,,,,,,,,,,,,,,,,,,,,,,
5675,198172,3,NK,B,759,04-Oct-2020,07:57:11,-22.5630,168.7480,,401677747,-130,8,0,04-Oct-2020,07:57:12,-22.5630,168.7480,,4007,14154,1134,178,,,83,205,16,,,,,,,,,,,,,,,,,,,,,,,,,,,,,
5675,198172,3,NN,B,760,04-Oct-2020,09:18:06,-22.5424,168.7599,,401677748,-133,8,0,04-Oct-2020,09:18:07,-22.5424,168.7599,,4575,14319,1461,1,,,82,216,80,,,,,,,,,,,,,,,,,,,,,,,,,,,,,
5675,198172,3,MA,B,761,04-Oct-2020,10:46:02,-22.5366,168.7616,,401677751,-133,8,0,04-Oct-2020,10:46:02,-22.5366,168.7616,,5217,11823,2302,9,,,22,75,24,,,,,,,,,,,,,,,,,,,,,,,,,,,,,
5675,198172,3,MA,B,762,05-Oct-2020,08:49:46,-22.4918,168.7396,,401677749,-122,,0,05-Oct-2020,08:49:46,-22.4918,168.7396,,5286,10734,2603,54,,,103,137,0,,,,,,,,,,,,,,,,,,,,,,,,,,,,,
5675,198172,3,MA,A,763,07-Oct-2020,08:05:56,-22.3794,169.0399,,401677739,-127,,0,07-Oct-2020,08:03:51,-22.3794,169.0399,212,937,5747,152,28,,,79,14,147,,,,,,,,,,,,,,,,,,,,,,,,,,,,,
5675,198172,3,MA,A,763,07-Oct-2020,08:05:56,-22.3794,169.0399,,401677739,-127,,0,07-Oct-2020,08:06:37,-22.3794,169.0399,212,937,5747,152,28,,,10,0,16,,,,,,,,,,,,,,,,,,,,,,,,,,,,,
5675,198172,3,MA,A,763,07-Oct-2020,08:05:56,-22.3794,169.0399,,401677739,-127,,0,07-Oct-2020,08:07:23,-22.3794,169.0399,212,937,5747,152,28,,,71,11,5,,,,,,,,,,,,,,,,,,,,,,,,,,,,,
5675,198172,3,NK,B,764,07-Oct-2020,08:20:30,-22.3921,169.0347,,401677748,-123,6,0,07-Oct-2020,08:20:14,-22.3921,169.0347,33,603,1194,304,65,,,22,67,17,,,,,,,,,,,,,,,,,,,,,,,,,,,,,
5675,198172,3,NK,B,764,07-Oct-2020,08:20:30,-22.3921,169.0347,,401677748,-123,6,0,07-Oct-2020,08:20:47,-22.3921,169.0347,33,603,1194,304,65,,,77,9,5,,,,,,,,,,,,,,,,,,,,,,,,,,,,,
5675,198172,3,MC, ,765,07-Oct-2020,10:14:05,,,,401650000,,,0,07-Oct-2020,10:14:05,,,,,,,,,,22,75,24,,,,,,,,,,,,,,,,,,,,,,,,,,,,,
5675,198172,3,MC,1,766,08-Oct-2020,09:56:05,-22.3956,169.0265,,401677741,-125,50,0,08-Oct-2020,09:54:29,-22.3956,169.0265,227,1135,6525,197,80,,,22,75,24,,,,,,,,,,,,,,,,,,,,,,,,,,,,,
5675,198172,3,MC,1,766,08-Oct-2020,09:56:05,-22.3956,169.0265,,401677741,-125,50,0,08-Oct-2020,09:55:22,-22.3956,169.0265,227,1135,6525,197,80,,,82,184,81,,,,,,,,,,,,,,,,,,,,,,,,,,,,,
5675,198172,3,MC,1,766,08-Oct-2020,09:56:05,-22.3956,169.0265,,401677741,-125,50,0,08-Oct-2020,09:55:59,-22.3956,169.0265,227,1135,6525,197,80,,,98,136,0,,,,,,,,,,,,,,,,,,,,,,,,,,,,,
5675,198172,3,MC,1,766,08-Oct-2020,09:56:05,-22.3956,169.0265,,401677741,-125,50,0,08-Oct-2020,09:56:23,-22.3956,169.0265,227,1135,6525,197,80,,,10,0,16,,,,,,,,,,,,,,,,,,,,,,,,,,,,,
5675,198172,3,MC,1,766,08-Oct-2020,09:56:05,-22.3956,169.0265,,401677741,-125,50,0,08-Oct-2020,09:58:16,-22.3956,169.0265,227,1135,6525,197,80,,,66,12,5,,,,,,,,,,,,,,,,,,,,,,,,,,,,,
5675,198172,3,NP,0,767,08-Oct-2020,18:20:30,-22.3698,169.0568,,401677753,-127,58,0,08-Oct-2020,18:18:52,-22.3698,169.0568,126,1998,30042,132,109,,,22,75,80,,,,,,,,,,,,,,,,,,,,,,,,,,,,,
5675,198172,3,NP,0,767,08-Oct-2020,18:20:30,-22.3698,169.0568,,401677753,-127,58,0,08-Oct-2020,18:19:07,-22.3698,169.0568,126,1998,30042,132,109,,,77,9,5,,,,,,,,,,,,,,,,,,,,,,,,,,,,,
5675,198172,3,NP,0,767,08-Oct-2020,18:20:30,-22.3698,169.0568,,401677753,-127,58,0,08-Oct-2020,18:20:02,-22.3698,169.0568,126,1998,30042,132,109,,,85,220,81,,,,,,,,,,,,,,,,,,,,,,,,,,,,,
5675,198172,3,NP,0,767,08-Oct-2020,18:20:30,-22.3698,169.0568,,401677753,-127,58,0,08-Oct-2020,18:20:58,-22.3698,169.0568,126,1998,30042,132,109,,,97,135,0,,,,,,,,,,,,,,,,,,,,,,,,,,,,,
5675,198172,3,NP,A,768,09-Oct-2020,06:44:50,-22.3797,169.0554,,401677746,-136,,0,09-Oct-2020,06:44:23,-22.3797,169.0554,62,9737,45827,2068,108,,,101,140,55,,,,,,,,,,,,,,,,,,,,,,,,,,,,,
5675,198172,3,NP,A,768,09-Oct-2020,06:44:50,-22.3797,169.0554,,401677746,-136,,0,09-Oct-2020,06:44:43,-22.3797,169.0554,62,9737,45827,2068,108,,,8,0,37,,,,,,,,,,,,,,,,,,,,,,,,,,,,,
5675,198172,3,NP,A,768,09-Oct-2020,06:44:50,-22.3797,169.0554,,401677746,-136,,0,09-Oct-2020,06:45:25,-22.3797,169.0554,62,9737,45827,2068,108,,,70,14,5,,,,,,,,,,,,,,,,,,,,,,,,,,,,,
5675,198172,3,MC,A,769,09-Oct-2020,09:33:16,-22.3574,169.0602,,401677752,-130,8,0,09-Oct-2020,09:31:03,-22.3574,169.0602,259,773,1479,404,156,,,98,136,0,,,,,,,,,,,,,,,,,,,,,,,,,,,,,
5675,198172,3,MC,A,769,09-Oct-2020,09:33:16,-22.3574,169.0602,,401677752,-130,8,0,09-Oct-2020,09:33:24,-22.3574,169.0602,259,773,1479,404,156,,,22,75,128,,,,,,,,,,,,,,,,,,,,,,,,,,,,,
5675,198172,3,MC,A,769,09-Oct-2020,09:33:16,-22.3574,169.0602,,401677752,-130,8,0,09-Oct-2020,09:35:22,-22.3574,169.0602,259,773,1479,404,156,,,103,137,0,,,,,,,,,,,,,,,,,,,,,,,,,,,,,
5675,198172,3,MC,B,770,10-Oct-2020,09:12:00,-22.3385,169.1126,,401677738,-134,,0,10-Oct-2020,09:12:00,-22.3385,169.1126,,4010,8911,1804,84,,,104,138,0,,,,,,,,,,,,,,,,,,,,,,,,,,,,,
5675,198172,3,MC,B,771,10-Oct-2020,10:53:12,-22.3408,169.0963,,401677744,-120,8,0,10-Oct-2020,10:53:12,-22.3408,169.0963,,4469,12280,1626,83,,,71,11,5,,,,,,,,,,,,,,,,,,,,,,,,,,,,,
5675,198172,3,NP,B,772,11-Oct-2020,08:02:58,-22.2391,169.1370,,401677751,-135,,0,11-Oct-2020,08:02:58,-22.2391,169.1370,,5347,5715,5002,68,,,98,136,0,,,,,,,,,,,,,,,,,,,,,,,,,,,,,
5675,198172,3,MA,B,773,11-Oct-2020,10:03:57,-22.3632,169.0582,,401677750,-119,8,0,11-Oct-2020,10:03:38,-22.3632,169.0582,38,1627,9159,289,146,,,82,230,82,,,,,,,,,,,,,,,,,,,,,,,,,,,,,
5675,198172,3,MA,B,773,11-Oct-2020,10:03:57,-22.3632,169.0582,,401677750,-119,8,0,11-Oct-2020,10:04:16,-22.3632,169.0582,38,1627,9159,289,146,,,103,137,0,,,,,,,,,,,,,,,,,,,,,,,,,,,,,
5675,198172,3,NK,2,774,12-Oct-2020,07:52:29,-22.3403,169.0690,,401677753,-125,50,0,12-Oct-2020,07:47:01,-22.3403,169.0690,550,471,1457,152,89,,,77,9,5,,,,,,,,,,,,,,,,,,,,,,,,,,,,,
5675,198172,3,NK,2,774,12-Oct-2020,07:52:29,-22.3403,169.0690,,401677753,-125,50,0,12-Oct-2020,07:51:40,-22.3403,169.0690,550,471,1457,152,89,,,22,75,24,,,,,,,,,,,,,,,,,,,,,,,,,,,,,
5675,198172,3,NK,2,774,12-Oct-2020,07:52:29,-22.3403,169.0690,,401677753,-125,50,0,12-Oct-2020,07:55:07,-22.3403,169.0690,550,471,1457,152,89,,,88,10,83,,,,,,,,,,,,,,,,,,,,,,,,,,,,,
5675,198172,3,NK,2,774,12-Oct-2020,07:52:29,-22.3403,169.0690,,401677753,-125,50,0,12-Oct-2020,07:56:11,-22.3403,169.0690,550,471,1457,152,89,,,10,0,16,,,,,,,,,,,,,,,,,,,,,,,,,,,,,
5675,198172,3,NP,B,775,12-Oct-2020,07:53:55,-22.3298,169.0034,,401677737,-134,,0,12-Oct-2020,07:51:40,-22.3298,169.0034,271,3058,135913,68,112,,,22,75,24,,,,,,,,,,,,,,,,,,,,,,,,,,,,,
5675,198172,3,NP,B,775,12-Oct-2020,07:53:55,-22.3298,169.0034,,401677737,-134,,0,12-Oct-2020,07:56:11,-22.3298,169.0034,271,3058,135913,68,112,,,10,0,16,,,,,,,,,,,,,,,,,,,,,,,,,,,,,
5675,198172,23,MA,B,776,12-Oct-2020,09:44:25,-22.3687,169.0302,,401677739,-128,8,0,12-Oct-2020,09:44:25,-22.3687,169.0302,135,1493,41524,53,78,,,73,112,131,180,169,22,22,12,143,225,137,183,222,60,102,63,232,77,6,41,206,249,101,,,,,,,,,
5675,198172,3,MA,B,776,12-Oct-2020,09:44:25,-22.3687,169.0302,,401677739,-128,8,0,12-Oct-2020,09:46:40,-22.3687,169.0302,135,1493,41524,53,78,,,98,136,0,,,,,,,,,,,,,,,,,,,,,,,,,,,,,
5675,198172,3,MC,3,777,12-Oct-2020,10:10:09,-22.3811,169.0278,,401677742,-118,56,0,12-Oct-2020,10:05:30,-22.3811,169.0278,498,231,410,129,14,,,22,75,24,,,,,,,,,,,,,,,,,,,,,,,,,,,,,
5675,198172,3,MC,3,777,12-Oct-2020,10:10:09,-22.3811,169.0278,,401677742,-118,56,0,12-Oct-2020,10:13:14,-22.3811,169.0278,498,231,410,129,14,,,22,75,50,,,,,,,,,,,,,,,,,,,,,,,,,,,,,
5675,198172,3,MC,3,777,12-Oct-2020,10:10:09,-22.3811,169.0278,,401677742,-118,56,1,12-Oct-2020,10:13:48,-22.3811,169.0278,498,231,410,129,14,,,77,9,5,,,,,,,,,,,,,,,,,,,,,,,,,,,,,
5675,198172,3,NN,B,778,12-Oct-2020,11:03:12,-22.3952,169.0282,,401677733,-127,8,0,12-Oct-2020,11:03:13,-22.3952,169.0282,193,727,7127,74,84,,,22,75,24,,,,,,,,,,,,,,,,,,,,,,,,,,,,,
5675,198172,3,NN,B,778,12-Oct-2020,11:03:12,-22.3952,169.0282,,401677733,-127,8,0,12-Oct-2020,11:06:26,-22.3952,169.0282,193,727,7127,74,84,,,98,136,0,,,,,,,,,,,,,,,,,,,,,,,,,,,,,
5675,198172,3,SR,2,779,12-Oct-2020,18:22:11,-22.3835,168.9899,,401677754,-125,58,0,12-Oct-2020,18:19:39,-22.3835,168.9899,282,270,532,137,43,,,65,5,5,,,,,,,,,,,,,,,,,,,,,,,,,,,,,
5675,198172,3,SR,2,779,12-Oct-2020,18:22:11,-22.3835,168.9899,,401677754,-125,58,0,12-Oct-2020,18:20:00,-22.3835,168.9899,282,270,532,137,43,,,83,114,83,,,,,,,,,,,,,,,,,,,,,,,,,,,,,
5675,198172,3,SR,2,779,12-Oct-2020,18:22:11,-22.3835,168.9899,,401677754,-125,58,0,12-Oct-2020,18:20:48,-22.3835,168.9899,282,270,532,137,43,,,98,136,0,,,,,,,,,,,,,,,,,,,,,,,,,,,,,
5675,198172,3,SR,2,779,12-Oct-2020,18:22:11,-22.3835,168.9899,,401677754,-125,58,0,12-Oct-2020,18:21:09,-22.3835,168.9899,282,270,532,137,43,,,19,1,180,,,,,,,,,,,,,,,,,,,,,,,,,,,,,
5675,198172,3,SR,2,779,12-Oct-2020,18:22:11,-22.3835,168.9899,,401677754,-125,58,0,12-Oct-2020,18:21:47,-22.3835,168.9899,282,270,532,137,43,,,72,8,5,,,,,,,,,,,,,,,,,,,,,,,,,,,,,
5675,198172,23,SR,2,779,12-Oct-2020,18:22:11,-22.3835,168.9899,,401677754,-125,58,0,12-Oct-2020,18:22:50,-22.3835,168.9899,282,270,532,137,43,,,68,144,131,220,232,140,96,178,6,73,169,87,212,166,241,16,1,122,32,208,112,253,128,,,,,,,,,
5675,198172,3,SR,2,779,12-Oct-2020,18:22:11,-22.3835,168.9899,,401677754,-125,58,0,12-Oct-2020,18:23:09,-22.3835,168.9899,282,270,532,137,43,,,100,134,0,,,,,,,,,,,,,,,,,,,,,,,,,,,,,
5675,198172,3,SR,2,779,12-Oct-2020,18:22:11,-22.3835,168.9899,,401677754,-125,58,0,12-Oct-2020,18:23:25,-22.3835,168.9899,282,270,532,137,43,,,10,0,16,,,,,,,,,,,,,,,,,,,,,,,,,,,,,
5675,198172,3,SR,2,779,12-Oct-2020,18:22:11,-22.3835,168.9899,,401677754,-125,58,1,12-Oct-2020,18:23:40,-22.3835,168.9899,282,270,532,137,43,,,22,75,24,,,,,,,,,,,,,,,,,,,,,,,,,,,,,
5675,198172,3,SR,2,779,12-Oct-2020,18:22:11,-22.3835,168.9899,,401677754,-125,58,0,12-Oct-2020,18:24:04,-22.3835,168.9899,282,270,532,137,43,,,75,7,5,,,,,,,,,,,,,,,,,,,,,,,,,,,,,
5675,198172,3,SR,2,779,12-Oct-2020,18:22:11,-22.3835,168.9899,,401677754,-125,58,0,12-Oct-2020,18:24:21,-22.3835,168.9899,282,270,532,137,43,,,80,125,83,,,,,,,,,,,,,,,,,,,,,,,,,,,,,
5675,198172,3,NP,B,780,13-Oct-2020,07:49:02,-22.2871,169.0280,,401677757,-136,,0,13-Oct-2020,07:48:47,-22.2871,169.0280,32,10954,25248,4752,108,,,74,18,5,,,,,,,,,,,,,,,,,,,,,,,,,,,,,
5675,198172,3,NP,B,780,13-Oct-2020,07:49:02,-22.2871,169.0280,,401677757,-136,,0,13-Oct-2020,07:49:19,-22.2871,169.0280,32,10954,25248,4752,108,,,89,161,83,,,,,,,,,,,,,,,,,,,,,,,,,,,,,
5675,198172,3,NN,A,781,13-Oct-2020,09:09:23,-22.2747,169.0508,,401677756,-135,8,0,13-Oct-2020,09:07:55,-22.2747,169.0508,290,646,2053,202,142,,,91,31,225,,,,,,,,,,,,,,,,,,,,,,,,,,,,,
5675,198172,3,NN,A,781,13-Oct-2020,09:09:23,-22.2747,169.0508,,401677756,-135,8,0,13-Oct-2020,09:10:52,-22.2747,169.0508,290,646,2053,202,142,,,79,19,5,,,,,,,,,,,,,,,,,,,,,,,,,,,,,
5675,198172,3,NN,A,781,13-Oct-2020,09:09:23,-22.2747,169.0508,,401677756,-135,8,0,13-Oct-2020,09:12:45,-22.2747,169.0508,290,646,2053,202,142,,,95,192,83,,,,,,,,,,,,,,,,,,,,,,,,,,,,,
5675,198172,3,NK,B,782,13-Oct-2020,09:09:23,-22.2804,169.0090,,401677751,-131,8,0,13-Oct-2020,09:07:55,-22.2804,169.0090,177,4343,90928,207,72,,,91,178,182,,,,,,,,,,,,,,,,,,,,,,,,,,,,,
5675,198172,3,NK,B,782,13-Oct-2020,09:09:23,-22.2804,169.0090,,401677751,-131,8,0,13-Oct-2020,09:10:52,-22.2804,169.0090,177,4343,90928,207,72,,,79,19,5,,,,,,,,,,,,,,,,,,,,,,,,,,,,,
5675,198172,3,MA,B,783,13-Oct-2020,09:24:09,-22.2701,169.0505,,401677742,-120,6,0,13-Oct-2020,09:23:56,-22.2701,169.0505,28,447,1327,150,81,,,103,137,0,,,,,,,,,,,,,,,,,,,,,,,,,,,,,
5675,198172,3,MA,B,783,13-Oct-2020,09:24:09,-22.2701,169.0505,,401677742,-120,6,0,13-Oct-2020,09:24:24,-22.2701,169.0505,28,447,1327,150,81,,,10,0,16,,,,,,,,,,,,,,,,,,,,,,,,,,,,,
5675,198172,3,MC,B,784,13-Oct-2020,09:46:17,-22.2700,169.0520,,401677743,-126,6,0,13-Oct-2020,09:46:18,-22.2700,169.0520,,779,1062,570,83,,,94,213,83,,,,,,,,,,,,,,,,,,,,,,,,,,,,,
5675,198172,3,NN,B,785,13-Oct-2020,10:44:59,-22.2698,169.0569,,401677740,-128,8,0,13-Oct-2020,10:44:59,-22.2698,169.0569,,1296,1493,1124,86,,,93,234,83,,,,,,,,,,,,,,,,,,,,,,,,,,,,,
5675,198172,3,NK,A,786,14-Oct-2020,08:38:55,-22.3143,169.0540,,401677745,-127,,0,14-Oct-2020,08:37:47,-22.3143,169.0540,123,1208,17079,85,64,,,10,0,16,,,,,,,,,,,,,,,,,,,,,,,,,,,,,
5675,198172,3,NK,A,786,14-Oct-2020,08:38:55,-22.3143,169.0540,,401677745,-127,,0,14-Oct-2020,08:39:11,-22.3143,169.0540,123,1208,17079,85,64,,,22,75,24,,,,,,,,,,,,,,,,,,,,,,,,,,,,,
5675,198172,3,NK,A,786,14-Oct-2020,08:38:55,-22.3143,169.0540,,401677745,-127,,0,14-Oct-2020,08:39:50,-22.3143,169.0540,123,1208,17079,85,64,,,67,15,5,,,,,,,,,,,,,,,,,,,,,,,,,,,,,
5675,198172,3,NN,B,787,14-Oct-2020,08:54:39,-22.2931,169.0458,,401677735,-140,,0,14-Oct-2020,08:54:39,-22.2931,169.0458,,4253,7634,2369,106,,,22,75,24,,,,,,,,,,,,,,,,,,,,,,,,,,,,,
5675,198172,3,MA,2,788,14-Oct-2020,08:58:15,-22.3224,169.0417,,401677745,-126,56,0,14-Oct-2020,08:57:59,-22.3224,169.0417,556,302,574,158,26,,,78,22,5,,,,,,,,,,,,,,,,,,,,,,,,,,,,,
5675,198172,3,MA,2,788,14-Oct-2020,08:58:15,-22.3224,169.0417,,401677745,-126,56,0,14-Oct-2020,08:58:15,-22.3224,169.0417,556,302,574,158,26,,,91,103,84,,,,,,,,,,,,,,,,,,,,,,,,,,,,,
5675,198172,3,MA,2,788,14-Oct-2020,08:58:15,-22.3224,169.0417,,401677745,-126,56,0,14-Oct-2020,08:58:33,-22.3224,169.0417,556,302,574,158,26,,,98,136,0,,,,,,,,,,,,,,,,,,,,,,,,,,,,,
5675,198172,3,MA,2,788,14-Oct-2020,08:58:15,-22.3224,169.0417,,401677745,-126,56,0,14-Oct-2020,09:04:13,-22.3224,169.0417,556,302,574,158,26,,,10,0,16,,,,,,,,,,,,,,,,,,,,,,,,,,,,,
5675,198172,3,MA,2,788,14-Oct-2020,08:58:15,-22.3224,169.0417,,401677745,-126,56,0,14-Oct-2020,09:04:27,-22.3224,169.0417,556,302,574,158,26,,,22,75,24,,,,,,,,,,,,,,,,,,,,,,,,,,,,,
5675,198172,3,MA,2,788,14-Oct-2020,08:58:15,-22.3224,169.0417,,401677745,-126,56,0,14-Oct-2020,09:07:01,-22.3224,169.0417,556,302,574,158,26,,,92,108,84,,,,,,,,,,,,,,,,,,,,,,,,,,,,,
5675,198172,3,MA,2,788,14-Oct-2020,08:58:15,-22.3224,169.0417,,401677745,-126,56,0,14-Oct-2020,09:07:15,-22.3224,169.0417,556,302,574,158,26,,,97,135,0,,,,,,,,,,,,,,,,,,,,,,,,,,,,,
5675,198172,3,MC,B,789,14-Oct-2020,09:24:13,-22.3227,169.0439,,401677741,-130,6,0,14-Oct-2020,09:24:06,-22.3227,169.0439,14,1497,1627,1376,92,,,89,140,20,,,,,,,,,,,,,,,,,,,,,,,,,,,,,
5675,198172,3,MC,B,789,14-Oct-2020,09:24:13,-22.3227,169.0439,,401677741,-130,6,0,14-Oct-2020,09:24:20,-22.3227,169.0439,14,1497,1627,1376,92,,,97,135,0,,,,,,,,,,,,,,,,,,,,,,,,,,,,,
5675,198172,3,NN,1,790,14-Oct-2020,10:33:18,-22.3362,169.0585,,401677741,-129,58,0,14-Oct-2020,10:32:34,-22.3362,169.0585,136,1230,6726,224,60,,,22,75,24,,,,,,,,,,,,,,,,,,,,,,,,,,,,,
5675,198172,3,NN,1,790,14-Oct-2020,10:33:18,-22.3362,169.0585,,401677741,-129,58,0,14-Oct-2020,10:32:53,-22.3362,169.0585,136,1230,6726,224,60,,,64,16,5,,,,,,,,,,,,,,,,,,,,,,,,,,,,,
5675,198172,3,NN,1,790,14-Oct-2020,10:33:18,-22.3362,169.0585,,401677741,-129,58,0,14-Oct-2020,10:33:18,-22.3362,169.0585,136,1230,6726,224,60,,,84,202,84,,,,,,,,,,,,,,,,,,,,,,,,,,,,,
5675,198172,3,NN,1,790,14-Oct-2020,10:33:18,-22.3362,169.0585,,401677741,-129,58,0,14-Oct-2020,10:34:16,-22.3362,169.0585,136,1230,6726,224,60,,,98,136,0,,,,,,,,,,,,,,,,,,,,,,,,,,,,,
5675,198172,3,NN,1,790,14-Oct-2020,10:33:18,-22.3362,169.0585,,401677741,-129,58,1,14-Oct-2020,10:34:50,-22.3362,169.0585,136,1230,6726,224,60,,,10,0,16,,,,,,,,,,,,,,,,,,,,,,,,,,,,,
5675,198172,3,MA,A,791,14-Oct-2020,10:43:29,-22.3450,169.0336,,401677742,-131,6,0,14-Oct-2020,10:42:00,-22.3450,169.0336,175,508,1727,149,34,,,23,203,24,,,,,,,,,,,,,,,,,,,,,,,,,,,,,
5675,198172,3,MA,A,791,14-Oct-2020,10:43:29,-22.3450,169.0336,,401677742,-131,6,0,14-Oct-2020,10:43:30,-22.3450,169.0336,175,508,1727,149,34,,,85,207,84,,,,,,,,,,,,,,,,,,,,,,,,,,,,,
5675,198172,3,MA,A,791,14-Oct-2020,10:43:29,-22.3450,169.0336,,401677742,-131,6,0,14-Oct-2020,10:44:55,-22.3450,169.0336,175,508,1727,149,34,,,22,75,24,,,,,,,,,,,,,,,,,,,,,,,,,,,,,
5675,198172,3,MC,A,792,14-Oct-2020,11:07:09,-22.3498,169.0379,,401677742,-130,6,0,14-Oct-2020,11:06:42,-22.3498,169.0379,54,924,2728,312,72,,,22,75,24,,,,,,,,,,,,,,,,,,,,,,,,,,,,,
5675,198172,3,MC,A,792,14-Oct-2020,11:07:09,-22.3498,169.0379,,401677742,-130,6,0,14-Oct-2020,11:07:10,-22.3498,169.0379,54,924,2728,312,72,,,76,12,5,,,,,,,,,,,,,,,,,,,,,,,,,,,,,
5675,198172,3,MC,A,792,14-Oct-2020,11:07:09,-22.3498,169.0379,,401677742,-130,6,0,14-Oct-2020,11:07:36,-22.3498,169.0379,54,924,2728,312,72,,,85,223,84,,,,,,,,,,,,,,,,,,,,,,,,,,,,,
5675,198172,3,MB,B,793,15-Oct-2020,09:55:52,-22.3575,169.1989,,401677746,-132,,0,15-Oct-2020,09:55:53,-22.3575,169.1989,,9159,32820,2555,80,,,10,0,16,,,,,,,,,,,,,,,,,,,,,,,,,,,,,
5675,198172,3,NK,B,794,16-Oct-2020,07:48:30,-22.3155,169.1592,,401677746,-124,,0,16-Oct-2020,07:46:28,-22.3155,169.1592,245,8428,,,,,,68,250,4,,,,,,,,,,,,,,,,,,,,,,,,,,,,,
5675,198172,3,NK,B,794,16-Oct-2020,07:48:30,-22.3155,169.1592,,401677746,-124,,0,16-Oct-2020,07:50:33,-22.3155,169.1592,245,8428,,,,,,22,75,24,,,,,,,,,,,,,,,,,,,,,,,,,,,,,
5675,198172,3,NK,B,795,16-Oct-2020,18:58:31,-22.3382,169.2802,,401677748,-132,8,0,16-Oct-2020,18:58:32,-22.3382,169.2802,,8507,45637,1585,86,,,75,233,4,,,,,,,,,,,,,,,,,,,,,,,,,,,,,
5675,198172,3,MA,A,796,17-Oct-2020,07:59:49,-22.3983,169.0796,,401677776,-128,,0,17-Oct-2020,07:58:02,-22.3983,169.0796,219,619,2057,186,173,,,10,0,16,,,,,,,,,,,,,,,,,,,,,,,,,,,,,
5675,198172,3,MA,A,796,17-Oct-2020,07:59:49,-22.3983,169.0796,,401677776,-128,,0,17-Oct-2020,07:59:47,-22.3983,169.0796,219,619,2057,186,173,,,10,23,147,,,,,,,,,,,,,,,,,,,,,,,,,,,,,
5675,198172,23,MA,A,796,17-Oct-2020,07:59:49,-22.3983,169.0796,,401677776,-128,,0,17-Oct-2020,08:01:41,-22.3983,169.0796,219,619,2057,186,173,,,92,208,131,220,232,140,96,178,8,160,88,21,24,171,11,14,0,119,30,207,160,255,128,,,,,,,,,
5675,198172,3,MA,B,797,17-Oct-2020,09:35:24,-22.3987,169.0836,,401677749,-131,8,0,17-Oct-2020,09:35:24,-22.3987,169.0836,,1481,1612,1359,165,,,104,138,0,,,,,,,,,,,,,,,,,,,,,,,,,,,,,
5675,198172,3,NN,B,798,17-Oct-2020,11:41:22,-22.3851,169.0748,,401677760,-133,8,0,17-Oct-2020,11:41:22,-22.3851,169.0748,,1953,2316,1647,60,,,98,136,0,,,,,,,,,,,,,,,,,,,,,,,,,,,,,
5675,198172,3,SR,1,799,18-Oct-2020,06:11:29,-22.3783,169.0677,,401677747,-124,40,0,18-Oct-2020,06:07:53,-22.3783,169.0677,454,623,2046,189,103,,,83,65,86,,,,,,,,,,,,,,,,,,,,,,,,,,,,,
5675,198172,3,SR,1,799,18-Oct-2020,06:11:29,-22.3783,169.0677,,401677747,-124,40,0,18-Oct-2020,06:09:43,-22.3783,169.0677,454,623,2046,189,103,,,64,0,5,,,,,,,,,,,,,,,,,,,,,,,,,,,,,
5675,198172,3,SR,1,799,18-Oct-2020,06:11:29,-22.3783,169.0677,,401677747,-124,40,1,18-Oct-2020,06:10:51,-22.3783,169.0677,454,623,2046,189,103,,,97,135,0,,,,,,,,,,,,,,,,,,,,,,,,,,,,,
5675,198172,3,SR,1,799,18-Oct-2020,06:11:29,-22.3783,169.0677,,401677747,-124,40,0,18-Oct-2020,06:11:26,-22.3783,169.0677,454,623,2046,189,103,,,10,0,191,,,,,,,,,,,,,,,,,,,,,,,,,,,,,
5675,198172,3,SR,1,799,18-Oct-2020,06:11:29,-22.3783,169.0677,,401677747,-124,40,0,18-Oct-2020,06:12:57,-22.3783,169.0677,454,623,2046,189,103,,,64,254,4,,,,,,,,,,,,,,,,,,,,,,,,,,,,,
5675,198172,23,SR,1,799,18-Oct-2020,06:11:29,-22.3783,169.0677,,401677747,-124,40,0,18-Oct-2020,06:15:13,-22.3783,169.0677,454,623,2046,189,103,,,83,240,131,220,232,140,96,178,9,25,49,85,150,172,155,14,1,158,100,60,177,196,252,,,,,,,,,
5675,198172,3,SR,1,799,18-Oct-2020,06:11:29,-22.3783,169.0677,,401677747,-124,40,0,18-Oct-2020,06:15:27,-22.3783,169.0677,454,623,2046,189,103,,,10,0,16,,,,,,,,,,,,,,,,,,,,,,,,,,,,,
5675,198172,3,NP,3,800,18-Oct-2020,06:43:14,-22.3873,169.0582,,401677746,-125,58,0,18-Oct-2020,06:39:52,-22.3873,169.0582,561,168,283,100,75,,,79,253,36,,,,,,,,,,,,,,,,,,,,,,,,,,,,,
5675,198172,3,NP,3,800,18-Oct-2020,06:43:14,-22.3873,169.0582,,401677746,-125,58,0,18-Oct-2020,06:40:31,-22.3873,169.0582,561,168,283,100,75,,,100,134,0,,,,,,,,,,,,,,,,,,,,,,,,,,,,,
5675,198172,3,NP,3,800,18-Oct-2020,06:43:14,-22.3873,169.0582,,401677746,-125,58,0,18-Oct-2020,06:41:08,-22.3873,169.0582,561,168,283,100,75,,,23,75,232,,,,,,,,,,,,,,,,,,,,,,,,,,,,,
5675,198172,3,NP,3,800,18-Oct-2020,06:43:14,-22.3873,169.0582,,401677746,-125,58,0,18-Oct-2020,06:41:49,-22.3873,169.0582,561,168,283,100,75,,,84,122,86,,,,,,,,,,,,,,,,,,,,,,,,,,,,,
5675,198172,3,NP,3,800,18-Oct-2020,06:43:14,-22.3873,169.0582,,401677746,-125,58,0,18-Oct-2020,06:42:07,-22.3873,169.0582,561,168,283,100,75,,,97,135,0,,,,,,,,,,,,,,,,,,,,,,,,,,,,,
5675,198172,3,NP,3,800,18-Oct-2020,06:43:14,-22.3873,169.0582,,401677746,-125,58,0,18-Oct-2020,06:42:43,-22.3873,169.0582,561,168,283,100,75,,,10,0,16,,,,,,,,,,,,,,,,,,,,,,,,,,,,,
5675,198172,23,NP,3,800,18-Oct-2020,06:43:14,-22.3873,169.0582,,401677746,-125,58,0,18-Oct-2020,06:43:37,-22.3873,169.0582,561,168,283,100,75,,,94,112,131,220,232,140,96,178,9,26,247,83,210,172,255,14,1,160,32,207,224,255,128,,,,,,,,,
5675,198172,3,NP,3,800,18-Oct-2020,06:43:14,-22.3873,169.0582,,401677746,-125,58,0,18-Oct-2020,06:43:53,-22.3873,169.0582,561,168,283,100,75,,,83,128,86,,,,,,,,,,,,,,,,,,,,,,,,,,,,,
5675,198172,3,NP,3,800,18-Oct-2020,06:43:14,-22.3873,169.0582,,401677746,-125,58,0,18-Oct-2020,06:44:38,-22.3873,169.0582,561,168,283,100,75,,,10,2,225,,,,,,,,,,,,,,,,,,,,,,,,,,,,,
5675,198172,3,NP,3,800,18-Oct-2020,06:43:14,-22.3873,169.0582,,401677746,-125,58,0,18-Oct-2020,06:45:11,-22.3873,169.0582,561,168,283,100,75,,,64,254,81,,,,,,,,,,,,,,,,,,,,,,,,,,,,,
5675,198172,3,NP,3,800,18-Oct-2020,06:43:14,-22.3873,169.0582,,401677746,-125,58,3,18-Oct-2020,06:46:39,-22.3873,169.0582,561,168,283,100,75,,,22,75,24,,,,,,,,,,,,,,,,,,,,,,,,,,,,,
5675,198172,3,NP,3,800,18-Oct-2020,06:43:14,-22.3873,169.0582,,401677746,-125,58,1,18-Oct-2020,06:46:53,-22.3873,169.0582,561,168,283,100,75,,,64,254,4,,,,,,,,,,,,,,,,,,,,,,,,,,,,,
5675,198172,3,NP,3,800,18-Oct-2020,06:43:14,-22.3873,169.0582,,401677746,-125,58,0,18-Oct-2020,06:47:08,-22.3873,169.0582,561,168,283,100,75,,,81,138,86,,,,,,,,,,,,,,,,,,,,,,,,,,,,,
5675,198172,3,NP,3,800,18-Oct-2020,06:43:14,-22.3873,169.0582,,401677746,-125,58,0,18-Oct-2020,06:48:42,-22.3873,169.0582,561,168,283,100,75,,,71,90,239,,,,,,,,,,,,,,,,,,,,,,,,,,,,,
5675,198172,3,NP,3,800,18-Oct-2020,06:43:14,-22.3873,169.0582,,401677746,-125,58,0,18-Oct-2020,06:49:13,-22.3873,169.0582,561,168,283,100,75,,,80,143,86,,,,,,,,,,,,,,,,,,,,,,,,,,,,,
5675,198172,3,SR,B,801,19-Oct-2020,05:46:36,-22.3505,169.0871,,401677749,-134,,0,19-Oct-2020,05:46:27,-22.3505,169.0871,18,11189,31622,3959,131,,,10,0,16,,,,,,,,,,,,,,,,,,,,,,,,,,,,,
5675,198172,3,SR,B,801,19-Oct-2020,05:46:36,-22.3505,169.0871,,401677749,-134,,0,19-Oct-2020,05:46:45,-22.3505,169.0871,18,11189,31622,3959,131,,,22,75,24,,,,,,,,,,,,,,,,,,,,,,,,,,,,,
5675,198172,3,A1,3,802,19-Oct-2020,06:45:02,-22.3061,169.0904,,401677753,-127,58,0,19-Oct-2020,06:39:58,-22.3061,169.0904,579,219,363,132,119,,,22,82,25,,,,,,,,,,,,,,,,,,,,,,,,,,,,,
5675,198172,3,A1,3,802,19-Oct-2020,06:45:02,-22.3061,169.0904,,401677753,-127,58,0,19-Oct-2020,06:43:13,-22.3061,169.0904,579,219,363,132,119,,,90,12,87,,,,,,,,,,,,,,,,,,,,,,,,,,,,,
5675,198172,3,A1,3,802,19-Oct-2020,06:45:02,-22.3061,169.0904,,401677753,-127,58,1,19-Oct-2020,06:43:27,-22.3061,169.0904,579,219,363,132,119,,,97,135,0,,,,,,,,,,,,,,,,,,,,,,,,,,,,,
5675,198172,3,A1,3,802,19-Oct-2020,06:45:02,-22.3061,169.0904,,401677753,-127,58,0,19-Oct-2020,06:43:46,-22.3061,169.0904,579,219,363,132,119,,,10,0,16,,,,,,,,,,,,,,,,,,,,,,,,,,,,,
5675,198172,3,A1,3,802,19-Oct-2020,06:45:02,-22.3061,169.0904,,401677753,-127,58,0,19-Oct-2020,06:44:14,-22.3061,169.0904,579,219,363,132,119,,,70,240,4,,,,,,,,,,,,,,,,,,,,,,,,,,,,,
5675,198172,3,A1,3,802,19-Oct-2020,06:45:02,-22.3061,169.0904,,401677753,-127,58,1,19-Oct-2020,06:45:47,-22.3061,169.0904,579,219,363,132,119,,,22,75,24,,,,,,,,,,,,,,,,,,,,,,,,,,,,,
5675,198172,23,A1,3,802,19-Oct-2020,06:45:02,-22.3061,169.0904,,401677753,-127,58,0,19-Oct-2020,06:46:11,-22.3061,169.0904,579,219,363,132,119,,,66,144,131,220,232,140,96,178,73,51,162,99,193,51,106,220,189,185,181,254,23,203,100,,,,,,,,,
5675,198172,3,A1,3,802,19-Oct-2020,06:45:02,-22.3061,169.0904,,401677753,-127,58,0,19-Oct-2020,06:47:18,-22.3061,169.0904,579,219,363,132,119,,,11,16,106,,,,,,,,,,,,,,,,,,,,,,,,,,,,,
5675,198172,3,A1,3,802,19-Oct-2020,06:45:02,-22.3061,169.0904,,401677753,-127,58,0,19-Oct-2020,06:48:14,-22.3061,169.0904,579,219,363,132,119,,,90,28,87,,,,,,,,,,,,,,,,,,,,,,,,,,,,,
5675,198172,3,A1,3,802,19-Oct-2020,06:45:02,-22.3061,169.0904,,401677753,-127,58,1,19-Oct-2020,06:48:33,-22.3061,169.0904,579,219,363,132,119,,,100,134,0,,,,,,,,,,,,,,,,,,,,,,,,,,,,,
5675,198172,3,A1,3,802,19-Oct-2020,06:45:02,-22.3061,169.0904,,401677753,-127,58,0,19-Oct-2020,06:49:37,-22.3061,169.0904,579,219,363,132,119,,,76,242,4,,,,,,,,,,,,,,,,,,,,,,,,,,,,,
5675,198172,3,NP,1,803,19-Oct-2020,08:10:24,-22.3243,169.0934,,401677748,-133,58,0,19-Oct-2020,08:08:54,-22.3243,169.0934,212,1189,7180,197,79,,,67,241,4,,,,,,,,,,,,,,,,,,,,,,,,,,,,,
5675,198172,3,NP,1,803,19-Oct-2020,08:10:24,-22.3243,169.0934,,401677748,-133,58,0,19-Oct-2020,08:09:28,-22.3243,169.0934,212,1189,7180,197,79,,,84,69,87,,,,,,,,,,,,,,,,,,,,,,,,,,,,,
5675,198172,23,NP,1,803,19-Oct-2020,08:10:24,-22.3243,169.0934,,401677748,-133,58,0,19-Oct-2020,08:10:04,-22.3243,169.0934,212,1189,7180,197,79,,,72,240,131,220,232,140,96,178,9,160,222,80,218,174,143,12,1,228,32,207,16,255,128,,,,,,,,,
5675,198172,3,NP,1,803,19-Oct-2020,08:10:24,-22.3243,169.0934,,401677748,-133,58,0,19-Oct-2020,08:11:12,-22.3243,169.0934,212,1189,7180,197,79,,,10,108,91,,,,,,,,,,,,,,,,,,,,,,,,,,,,,
5675,198172,3,NP,1,803,19-Oct-2020,08:10:24,-22.3243,169.0934,,401677748,-133,58,0,19-Oct-2020,08:12:26,-22.3243,169.0934,212,1189,7180,197,79,,,22,75,24,,,,,,,,,,,,,,,,,,,,,,,,,,,,,
5675,198172,3,NK,0,804,19-Oct-2020,08:13:53,-22.3225,169.1016,,401677745,-130,56,0,19-Oct-2020,08:09:28,-22.3225,169.1016,672,3202,12135,844,78,,,84,69,87,,,,,,,,,,,,,,,,,,,,,,,,,,,,,
5675,198172,23,NK,0,804,19-Oct-2020,08:13:53,-22.3225,169.1016,,401677745,-130,56,0,19-Oct-2020,08:10:04,-22.3225,169.1016,672,3202,12135,844,78,,,72,240,131,220,232,140,96,178,9,160,222,80,218,174,143,12,1,228,32,207,16,255,128,,,,,,,,,
5675,198172,3,NK,0,804,19-Oct-2020,08:13:53,-22.3225,169.1016,,401677745,-130,56,0,19-Oct-2020,08:11:12,-22.3225,169.1016,672,3202,12135,844,78,,,8,156,177,,,,,,,,,,,,,,,,,,,,,,,,,,,,,
5675,198172,3,NK,0,804,19-Oct-2020,08:13:53,-22.3225,169.1016,,401677745,-130,56,1,19-Oct-2020,08:19:30,-22.3225,169.1016,672,3202,12135,844,78,,,22,75,24,,,,,,,,,,,,,,,,,,,,,,,,,,,,,
5675,198172,3,NK,0,804,19-Oct-2020,08:13:53,-22.3225,169.1016,,401677745,-130,56,0,19-Oct-2020,08:20:40,-22.3225,169.1016,672,3202,12135,844,78,,,70,240,20,,,,,,,,,,,,,,,,,,,,,,,,,,,,,
5675,198172,3,NK,B,805,19-Oct-2020,09:54:51,-22.3250,169.0744,,401677737,-135,8,0,19-Oct-2020,09:53:55,-22.3250,169.0744,114,1605,4482,574,159,,,97,135,0,,,,,,,,,,,,,,,,,,,,,,,,,,,,,
5675,198172,3,NK,B,805,19-Oct-2020,09:54:51,-22.3250,169.0744,,401677737,-135,8,0,19-Oct-2020,09:55:49,-22.3250,169.0744,114,1605,4482,574,159,,,10,34,58,,,,,,,,,,,,,,,,,,,,,,,,,,,,,
5675,198172,3,MA,B,806,19-Oct-2020,10:36:55,-22.3174,169.0974,,401677738,-126,8,0,19-Oct-2020,10:36:56,-22.3174,169.0974,,3020,3938,2315,71,,,87,122,87,,,,,,,,,,,,,,,,,,,,,,,,,,,,,
5675,198172,3,NP,A,807,19-Oct-2020,17:52:34,-22.3759,169.0825,,401677744,-133,8,0,19-Oct-2020,17:47:01,-22.3759,169.0825,388,225,536,94,36,,,84,148,87,,,,,,,,,,,,,,,,,,,,,,,,,,,,,
5675,198172,3,NP,A,807,19-Oct-2020,17:52:34,-22.3759,169.0825,,401677744,-133,8,0,19-Oct-2020,17:51:40,-22.3759,169.0825,388,225,536,94,36,,,93,151,184,,,,,,,,,,,,,,,,,,,,,,,,,,,,,
5675,198172,3,NP,A,807,19-Oct-2020,17:52:34,-22.3759,169.0825,,401677744,-133,8,0,19-Oct-2020,17:53:29,-22.3759,169.0825,388,225,536,94,36,,,86,158,87,,,,,,,,,,,,,,,,,,,,,,,,,,,,,
5675,198172,3,NP,3,808,20-Oct-2020,06:19:36,-22.3044,169.1169,,401677760,-129,50,0,20-Oct-2020,06:19:37,-22.3044,169.1169,408,210,550,79,135,,,97,135,0,,,,,,,,,,,,,,,,,,,,,,,,,,,,,
5675,198172,3,NP,3,808,20-Oct-2020,06:19:36,-22.3044,169.1169,,401677760,-129,50,0,20-Oct-2020,06:24:06,-22.3044,169.1169,408,210,550,79,135,,,69,1,5,,,,,,,,,,,,,,,,,,,,,,,,,,,,,
5675,198172,3,NP,3,808,20-Oct-2020,06:19:36,-22.3044,169.1169,,401677760,-129,50,0,20-Oct-2020,06:25:35,-22.3044,169.1169,408,210,550,79,135,,,10,0,16,,,,,,,,,,,,,,,,,,,,,,,,,,,,,
5675,198172,3,NP,3,808,20-Oct-2020,06:19:36,-22.3044,169.1169,,401677760,-129,50,0,20-Oct-2020,06:26:25,-22.3044,169.1169,408,210,550,79,135,,,22,75,24,,,,,,,,,,,,,,,,,,,,,,,,,,,,,
5675,198172,3,A1,2,809,20-Oct-2020,06:30:19,-22.3088,169.0918,,401677752,-125,56,0,20-Oct-2020,06:25:35,-22.3088,169.0918,488,264,443,156,74,,,10,0,16,,,,,,,,,,,,,,,,,,,,,,,,,,,,,
5675,198172,3,A1,2,809,20-Oct-2020,06:30:19,-22.3088,169.0918,,401677752,-125,56,0,20-Oct-2020,06:28:12,-22.3088,169.0918,488,264,443,156,74,,,88,184,87,,,,,,,,,,,,,,,,,,,,,,,,,,,,,
5675,198172,3,A1,2,809,20-Oct-2020,06:30:19,-22.3088,169.0918,,401677752,-125,56,0,20-Oct-2020,06:30:57,-22.3088,169.0918,488,264,443,156,74,,,89,189,87,,,,,,,,,,,,,,,,,,,,,,,,,,,,,
5675,198172,3,A1,2,809,20-Oct-2020,06:30:19,-22.3088,169.0918,,401677752,-125,56,0,20-Oct-2020,06:31:32,-22.3088,169.0918,488,264,443,156,74,,,97,135,0,,,,,,,,,,,,,,,,,,,,,,,,,,,,,
5675,198172,3,A1,2,809,20-Oct-2020,06:30:19,-22.3088,169.0918,,401677752,-125,56,1,20-Oct-2020,06:32:56,-22.3088,169.0918,488,264,443,156,74,,,22,75,24,,,,,,,,,,,,,,,,,,,,,,,,,,,,,
5675,198172,3,A1,2,809,20-Oct-2020,06:30:19,-22.3088,169.0918,,401677752,-125,56,0,20-Oct-2020,06:33:19,-22.3088,169.0918,488,264,443,156,74,,,74,2,5,,,,,,,,,,,,,,,,,,,,,,,,,,,,,
5675,198172,3,A1,2,809,20-Oct-2020,06:30:19,-22.3088,169.0918,,401677752,-125,56,0,20-Oct-2020,06:33:43,-22.3088,169.0918,488,264,443,156,74,,,89,194,87,,,,,,,,,,,,,,,,,,,,,,,,,,,,,
5675,198172,3,SR,B,810,20-Oct-2020,06:56:32,-22.3088,169.0917,,401677751,-136,6,0,20-Oct-2020,06:56:33,-22.3088,169.0917,,2596,2812,2396,88,,,72,2,133,,,,,,,,,,,,,,,,,,,,,,,,,,,,,
5675,198172,3,NK,B,811,20-Oct-2020,07:51:39,-22.3114,169.0854,,401677746,-133,8,0,20-Oct-2020,07:47:16,-22.3114,169.0854,527,2795,22312,350,140,,,20,75,25,,,,,,,,,,,,,,,,,,,,,,,,,,,,,
5675,198172,3,NK,B,811,20-Oct-2020,07:51:39,-22.3114,169.0854,,401677746,-133,8,0,20-Oct-2020,07:56:03,-22.3114,169.0854,527,2795,22312,350,140,,,88,247,87,,,,,,,,,,,,,,,,,,,,,,,,,,,,,
5675,198172,3,NP,B,812,20-Oct-2020,08:01:02,-22.3064,169.0925,,401677746,-126,8,0,20-Oct-2020,07:59:12,-22.3064,169.0925,222,2719,28932,255,121,,,97,135,1,,,,,,,,,,,,,,,,,,,,,,,,,,,,,
5675,198172,3,NP,B,812,20-Oct-2020,08:01:02,-22.3064,169.0925,,401677746,-126,8,0,20-Oct-2020,08:02:54,-22.3064,169.0925,222,2719,28932,255,121,,,22,75,24,,,,,,,,,,,,,,,,,,,,,,,,,,,,,
5675,198172,3,NK,2,813,20-Oct-2020,19:01:16,-22.3358,169.0863,,401677746,-131,58,0,20-Oct-2020,18:58:53,-22.3358,169.0863,215,355,1340,94,24,,,98,136,0,,,,,,,,,,,,,,,,,,,,,,,,,,,,,
5675,198172,3,NK,2,813,20-Oct-2020,19:01:16,-22.3358,169.0863,,401677746,-131,58,0,20-Oct-2020,19:01:44,-22.3358,169.0863,215,355,1340,94,24,,,75,249,4,,,,,,,,,,,,,,,,,,,,,,,,,,,,,
5675,198172,3,NK,2,813,20-Oct-2020,19:01:16,-22.3358,169.0863,,401677746,-131,58,0,20-Oct-2020,19:02:00,-22.3358,169.0863,215,355,1340,94,24,,,94,147,88,,,,,,,,,,,,,,,,,,,,,,,,,,,,,
5675,198172,3,NK,2,813,20-Oct-2020,19:01:16,-22.3358,169.0863,,401677746,-131,58,0,20-Oct-2020,19:02:28,-22.3358,169.0863,215,355,1340,94,24,,,97,135,0,,,,,,,,,,,,,,,,,,,,,,,,,,,,,
5675,198172,3,SR,B,814,20-Oct-2020,19:15:19,-22.3191,169.0872,,401677743,-127,8,0,20-Oct-2020,19:15:20,-22.3191,169.0872,,3217,4933,2098,111,,,76,242,4,,,,,,,,,,,,,,,,,,,,,,,,,,,,,
5675,198172,3,NP,2,815,20-Oct-2020,19:20:19,-22.3310,169.0830,,401677745,-126,56,0,20-Oct-2020,19:15:20,-22.3310,169.0830,525,269,417,173,105,,,76,242,4,,,,,,,,,,,,,,,,,,,,,,,,,,,,,
5675,198172,3,NP,2,815,20-Oct-2020,19:20:19,-22.3310,169.0830,,401677745,-126,56,0,20-Oct-2020,19:16:40,-22.3310,169.0830,525,269,417,173,105,,,97,135,0,,,,,,,,,,,,,,,,,,,,,,,,,,,,,
5675,198172,3,NP,2,815,20-Oct-2020,19:20:19,-22.3310,169.0830,,401677745,-126,56,0,20-Oct-2020,19:18:16,-22.3310,169.0830,525,269,417,173,105,,,68,250,4,,,,,,,,,,,,,,,,,,,,,,,,,,,,,
5675,198172,3,NP,2,815,20-Oct-2020,19:20:19,-22.3310,169.0830,,401677745,-126,56,0,20-Oct-2020,19:18:34,-22.3310,169.0830,525,269,417,173,105,,,88,157,88,,,,,,,,,,,,,,,,,,,,,,,,,,,,,
5675,198172,3,NP,2,815,20-Oct-2020,19:20:19,-22.3310,169.0830,,401677745,-126,56,0,20-Oct-2020,19:19:41,-22.3310,169.0830,525,269,417,173,105,,,10,218,113,,,,,,,,,,,,,,,,,,,,,,,,,,,,,
5675,198172,3,NP,2,815,20-Oct-2020,19:20:19,-22.3310,169.0830,,401677745,-126,56,0,20-Oct-2020,19:21:04,-22.3310,169.0830,525,269,417,173,105,,,91,162,88,,,,,,,,,,,,,,,,,,,,,,,,,,,,,
5675,198172,23,NP,2,815,20-Oct-2020,19:20:19,-22.3310,169.0830,,401677745,-126,56,0,20-Oct-2020,19:24:05,-22.3310,169.0830,525,269,417,173,105,,,83,112,131,220,232,74,64,150,165,229,185,201,152,123,159,94,233,21,152,167,201,226,38,,,,,,,,,
5675,198172,3,NP,A,816,21-Oct-2020,06:09:55,-22.3185,169.0968,,401677746,-137,8,0,21-Oct-2020,06:08:50,-22.3185,169.0968,297,703,1882,262,123,,,65,251,4,,,,,,,,,,,,,,,,,,,,,,,,,,,,,
5675,198172,3,NP,A,816,21-Oct-2020,06:09:55,-22.3185,169.0968,,401677746,-137,8,0,21-Oct-2020,06:11:01,-22.3185,169.0968,297,703,1882,262,123,,,90,183,88,,,,,,,,,,,,,,,,,,,,,,,,,,,,,
5675,198172,3,NP,A,816,21-Oct-2020,06:09:55,-22.3185,169.0968,,401677746,-137,8,0,21-Oct-2020,06:13:47,-22.3185,169.0968,297,703,1882,262,123,,,73,15,23,,,,,,,,,,,,,,,,,,,,,,,,,,,,,
5675,198172,3,A1,1,817,21-Oct-2020,06:14:34,-22.3188,169.1005,,401677747,-122,56,0,21-Oct-2020,06:11:01,-22.3188,169.1005,445,1311,27254,63,101,,,88,183,88,,,,,,,,,,,,,,,,,,,,,,,,,,,,,
5675,198172,3,A1,1,817,21-Oct-2020,06:14:34,-22.3188,169.1005,,401677747,-122,56,0,21-Oct-2020,06:14:57,-22.3188,169.1005,445,1311,27254,63,101,,,93,188,88,,,,,,,,,,,,,,,,,,,,,,,,,,,,,
5675,198172,3,A1,1,817,21-Oct-2020,06:14:34,-22.3188,169.1005,,401677747,-122,56,1,21-Oct-2020,06:15:21,-22.3188,169.1005,445,1311,27254,63,101,,,97,135,0,,,,,,,,,,,,,,,,,,,,,,,,,,,,,
5675,198172,23,A1,1,817,21-Oct-2020,06:14:34,-22.3188,169.1005,,401677747,-122,56,0,21-Oct-2020,06:15:43,-22.3188,169.1005,445,1311,27254,63,101,,,89,112,131,220,232,140,96,182,253,40,12,76,212,145,253,16,1,106,32,208,224,255,128,,,,,,,,,
5675,198172,3,A1,1,817,21-Oct-2020,06:14:34,-22.3188,169.1005,,401677747,-122,56,0,21-Oct-2020,06:18:26,-22.3188,169.1005,445,1311,27254,63,101,,,22,75,24,,,,,,,,,,,,,,,,,,,,,,,,,,,,,
5675,198172,3,SR,1,818,21-Oct-2020,06:19:11,-22.3234,169.1111,,401677745,-129,56,0,21-Oct-2020,06:14:57,-22.3234,169.1111,538,983,2857,338,115,,,93,188,72,,,,,,,,,,,,,,,,,,,,,,,,,,,,,
5675,198172,3,SR,1,818,21-Oct-2020,06:19:11,-22.3234,169.1111,,401677745,-129,56,0,21-Oct-2020,06:15:21,-22.3234,169.1111,538,983,2857,338,115,,,97,135,0,,,,,,,,,,,,,,,,,,,,,,,,,,,,,
5675,198172,23,SR,1,818,21-Oct-2020,06:19:11,-22.3234,169.1111,,401677745,-129,56,0,21-Oct-2020,06:15:44,-22.3234,169.1111,538,983,2857,338,115,,,89,112,131,220,232,140,96,182,112,161,63,225,124,254,110,162,255,192,238,248,112,127,192,,,,,,,,,
5675,198172,3,SR,1,818,21-Oct-2020,06:19:11,-22.3234,169.1111,,401677745,-129,56,0,21-Oct-2020,06:21:51,-22.3234,169.1111,538,983,2857,338,115,,,10,0,16,,,,,,,,,,,,,,,,,,,,,,,,,,,,,
5675,198172,3,SR,1,818,21-Oct-2020,06:19:11,-22.3234,169.1111,,401677745,-129,56,0,21-Oct-2020,06:23:25,-22.3234,169.1111,538,983,2857,338,115,,,76,12,5,,,,,,,,,,,,,,,,,,,,,,,,,,,,,
5675,198172,3,SR,1,818,21-Oct-2020,06:19:11,-22.3234,169.1111,,401677745,-129,56,0,21-Oct-2020,06:23:55,-22.3234,169.1111,538,983,2857,338,115,,,89,199,88,,,,,,,,,,,,,,,,,,,,,,,,,,,,,
5675,198172,3,NK,A,819,21-Oct-2020,07:23:37,-22.3313,169.0992,,401677740,-127,8,0,21-Oct-2020,07:21:16,-22.3313,169.0992,349,756,2999,190,23,,,22,75,16,,,,,,,,,,,,,,,,,,,,,,,,,,,,,
5675,198172,3,NK,A,819,21-Oct-2020,07:23:37,-22.3313,169.0992,,401677740,-127,8,0,21-Oct-2020,07:22:31,-22.3313,169.0992,349,756,2999,190,23,,,77,9,5,,,,,,,,,,,,,,,,,,,,,,,,,,,,,
5675,198172,3,NK,A,819,21-Oct-2020,07:23:37,-22.3313,169.0992,,401677740,-127,8,0,21-Oct-2020,07:27:05,-22.3313,169.0992,349,756,2999,190,23,,,98,136,0,,,,,,,,,,,,,,,,,,,,,,,,,,,,,
5675,198172,3,NP,B,820,21-Oct-2020,07:45:17,-22.3215,169.1121,,401677743,-138,8,0,21-Oct-2020,07:45:17,-22.3215,169.1121,,4189,4558,3850,95,,,76,12,5,,,,,,,,,,,,,,,,,,,,,,,,,,,,,
5675,198172,3,MA,2,821,21-Oct-2020,09:56:59,-22.3842,169.0999,,401677739,-121,58,0,21-Oct-2020,09:52:30,-22.3842,169.0999,584,417,885,196,74,,,10,0,16,,,,,,,,,,,,,,,,,,,,,,,,,,,,,
5675,198172,3,MA,2,821,21-Oct-2020,09:56:59,-22.3842,169.0999,,401677739,-121,58,0,21-Oct-2020,09:52:52,-22.3842,169.0999,584,417,885,196,74,,,22,75,24,,,,,,,,,,,,,,,,,,,,,,,,,,,,,
5675,198172,3,MA,2,821,21-Oct-2020,09:56:59,-22.3842,169.0999,,401677739,-121,58,0,21-Oct-2020,09:56:59,-22.3842,169.0999,584,417,885,196,74,,,75,7,5,,,,,,,,,,,,,,,,,,,,,,,,,,,,,
5675,198172,3,MA,2,821,21-Oct-2020,09:56:59,-22.3842,169.0999,,401677739,-121,58,0,21-Oct-2020,09:59:59,-22.3842,169.0999,584,417,885,196,74,,,99,7,0,,,,,,,,,,,,,,,,,,,,,,,,,,,,,
5675,198172,3,MA,2,821,21-Oct-2020,09:56:59,-22.3842,169.0999,,401677739,-121,58,0,21-Oct-2020,10:02:14,-22.3842,169.0999,584,417,885,196,74,,,50,75,95,,,,,,,,,,,,,,,,,,,,,,,,,,,,,
5675,198172,3,MC,B,822,21-Oct-2020,12:03:38,-22.3957,169.0957,,401677747,-131,8,0,21-Oct-2020,12:03:38,-22.3957,169.0957,,5691,6691,4840,74,,,88,99,89,,,,,,,,,,,,,,,,,,,,,,,,,,,,,
5675,198172,3,A1,B,823,21-Oct-2020,17:56:33,-22.3610,169.0954,,401677752,-132,8,0,21-Oct-2020,17:56:33,-22.3610,169.0954,,8087,15825,4132,84,,,22,75,24,,,,,,,,,,,,,,,,,,,,,,,,,,,,,
5675,198172,3,NK,A,824,21-Oct-2020,18:34:25,-22.3472,169.1008,,401677749,-135,8,0,21-Oct-2020,18:32:06,-22.3472,169.1008,238,487,1878,126,152,,,22,75,24,,,,,,,,,,,,,,,,,,,,,,,,,,,,,
5675,198172,3,NK,A,824,21-Oct-2020,18:34:25,-22.3472,169.1008,,401677749,-135,8,0,21-Oct-2020,18:35:04,-22.3472,169.1008,238,487,1878,126,152,,,94,156,89,,,,,,,,,,,,,,,,,,,,,,,,,,,,,
5675,198172,3,NK,A,824,21-Oct-2020,18:34:25,-22.3472,169.1008,,401677749,-135,8,0,21-Oct-2020,18:36:04,-22.3472,169.1008,238,487,1878,126,152,,,98,136,0,,,,,,,,,,,,,,,,,,,,,,,,,,,,,
5675,198172,3,SR,B,825,21-Oct-2020,18:36:04,-22.3616,169.0869,,401677745,-138,8,0,21-Oct-2020,18:36:04,-22.3616,169.0869,,7469,17366,3211,80,,,98,136,0,,,,,,,,,,,,,,,,,,,,,,,,,,,,,
5675,198172,3,NK,2,826,22-Oct-2020,07:00:20,-22.2609,169.0906,,401677748,-133,50,0,22-Oct-2020,06:54:53,-22.2609,169.0906,505,483,705,330,19,,,22,75,24,,,,,,,,,,,,,,,,,,,,,,,,,,,,,
5675,198172,3,NK,2,826,22-Oct-2020,07:00:20,-22.2609,169.0906,,401677748,-133,50,0,22-Oct-2020,06:58:16,-22.2609,169.0906,505,483,705,330,19,,,81,208,89,,,,,,,,,,,,,,,,,,,,,,,,,,,,,
5675,198172,3,NK,2,826,22-Oct-2020,07:00:20,-22.2609,169.0906,,401677748,-133,50,0,22-Oct-2020,07:00:21,-22.2609,169.0906,505,483,705,330,19,,,98,136,0,,,,,,,,,,,,,,,,,,,,,,,,,,,,,
5675,198172,3,NK,2,826,22-Oct-2020,07:00:20,-22.2609,169.0906,,401677748,-133,50,0,22-Oct-2020,07:00:44,-22.2609,169.0906,505,483,705,330,19,,,10,0,8,,,,,,,,,,,,,,,,,,,,,,,,,,,,,
5675,198172,3,NK,2,826,22-Oct-2020,07:00:20,-22.2609,169.0906,,401677748,-133,50,0,22-Oct-2020,07:02:13,-22.2609,169.0906,505,483,705,330,19,,,97,135,0,,,,,,,,,,,,,,,,,,,,,,,,,,,,,
5675,198172,3,NK,2,826,22-Oct-2020,07:00:20,-22.2609,169.0906,,401677748,-133,50,0,22-Oct-2020,07:02:35,-22.2609,169.0906,505,483,705,330,19,,,10,1,80,,,,,,,,,,,,,,,,,,,,,,,,,,,,,
5675,198172,3,NK,2,826,22-Oct-2020,07:00:20,-22.2609,169.0906,,401677748,-133,50,0,22-Oct-2020,07:03:18,-22.2609,169.0906,505,483,705,330,19,,,72,24,5,,,,,,,,,,,,,,,,,,,,,,,,,,,,,
5675,198172,3,SR,B,827,22-Oct-2020,07:30:16,-22.3129,169.0344,,401677730,-130,,0,22-Oct-2020,07:30:16,-22.3129,169.0344,,3890,8660,1747,77,,,65,21,5,,,,,,,,,,,,,,,,,,,,,,,,,,,,,
5675,198172,3,NP,B,828,22-Oct-2020,07:33:04,-22.2808,169.0724,,401677743,-136,6,0,22-Oct-2020,07:33:05,-22.2808,169.0724,400,2191,105289,45,96,,,98,136,0,,,,,,,,,,,,,,,,,,,,,,,,,,,,,
5675,198172,3,NP,B,828,22-Oct-2020,07:33:04,-22.2808,169.0724,,401677743,-136,6,0,22-Oct-2020,07:39:45,-22.2808,169.0724,400,2191,105289,45,96,,,81,248,25,,,,,,,,,,,,,,,,,,,,,,,,,,,,,
5675,198172,3,NK,B,829,22-Oct-2020,08:46:05,-22.2798,169.0642,,401677743,-137,8,0,22-Oct-2020,08:46:05,-22.2798,169.0642,,2323,6562,822,96,,,65,21,5,,,,,,,,,,,,,,,,,,,,,,,,,,,,,
5675,198172,3,MA,B,830,22-Oct-2020,09:33:33,-22.3615,169.0473,,401677751,-126,8,0,22-Oct-2020,09:33:34,-22.3615,169.0473,,3972,5102,3092,37,,,92,41,90,,,,,,,,,,,,,,,,,,,,,,,,,,,,,
5675,198172,3,MC,B,831,22-Oct-2020,10:07:41,-22.3016,169.0263,,401677733,-124,8,0,22-Oct-2020,10:07:15,-22.3016,169.0263,53,9196,78381,1078,57,,,87,46,90,,,,,,,,,,,,,,,,,,,,,,,,,,,,,
5675,198172,3,MC,B,831,22-Oct-2020,10:07:41,-22.3016,169.0263,,401677733,-124,8,0,22-Oct-2020,10:08:08,-22.3016,169.0263,53,9196,78381,1078,57,,,97,135,0,,,,,,,,,,,,,,,,,,,,,,,,,,,,,
5675,198172,3,NN,1,832,22-Oct-2020,10:39:29,-22.3182,169.0299,,401677739,-133,58,0,22-Oct-2020,10:37:53,-22.3182,169.0299,662,546,1744,170,87,,,22,75,24,,,,,,,,,,,,,,,,,,,,,,,,,,,,,
5675,198172,3,NN,1,832,22-Oct-2020,10:39:29,-22.3182,169.0299,,401677739,-133,58,0,22-Oct-2020,10:39:16,-22.3182,169.0299,662,546,1744,170,87,,,97,135,0,,,,,,,,,,,,,,,,,,,,,,,,,,,,,
5675,198172,3,NN,1,832,22-Oct-2020,10:39:29,-22.3182,169.0299,,401677739,-133,58,0,22-Oct-2020,10:41:21,-22.3182,169.0299,662,546,1744,170,87,,,10,0,16,,,,,,,,,,,,,,,,,,,,,,,,,,,,,
5675,198172,3,NN,1,832,22-Oct-2020,10:39:29,-22.3182,169.0299,,401677739,-133,58,1,22-Oct-2020,10:46:15,-22.3182,169.0299,662,546,1744,170,87,,,22,75,24,,,,,,,,,,,,,,,,,,,,,,,,,,,,,
5675,198172,3,NN,1,832,22-Oct-2020,10:39:29,-22.3182,169.0299,,401677739,-133,58,0,22-Oct-2020,10:48:03,-22.3182,169.0299,662,546,1744,170,87,,,65,21,5,,,,,,,,,,,,,,,,,,,,,,,,,,,,,
5675,198172,3,NN,1,832,22-Oct-2020,10:39:29,-22.3182,169.0299,,401677739,-133,58,1,22-Oct-2020,10:48:55,-22.3182,169.0299,662,546,1744,170,87,,,97,135,0,,,,,,,,,,,,,,,,,,,,,,,,,,,,,
5675,198172,3,MB,B,833,22-Oct-2020,10:48:32,-22.3207,169.0416,,401677741,-127,6,0,22-Oct-2020,10:46:15,-22.3207,169.0416,276,781,16382,37,79,,,22,11,28,,,,,,,,,,,,,,,,,,,,,,,,,,,,,
5675,198172,3,MB,B,833,22-Oct-2020,10:48:32,-22.3207,169.0416,,401677741,-127,6,0,22-Oct-2020,10:50:51,-22.3207,169.0416,276,781,16382,37,79,,,90,88,90,,,,,,,,,,,,,,,,,,,,,,,,,,,,,
5675,198172,3,SR,1,834,22-Oct-2020,18:08:51,-22.3697,169.0755,,401677750,-129,58,0,22-Oct-2020,18:06:10,-22.3697,169.0755,267,556,2288,135,71,,,91,140,90,,,,,,,,,,,,,,,,,,,,,,,,,,,,,
5675,198172,3,SR,1,834,22-Oct-2020,18:08:51,-22.3697,169.0755,,401677750,-129,58,0,22-Oct-2020,18:09:21,-22.3697,169.0755,267,556,2288,135,71,,,70,14,5,,,,,,,,,,,,,,,,,,,,,,,,,,,,,
5675,198172,3,SR,1,834,22-Oct-2020,18:08:51,-22.3697,169.0755,,401677750,-129,58,1,22-Oct-2020,18:09:52,-22.3697,169.0755,267,556,2288,135,71,,,97,135,0,,,,,,,,,,,,,,,,,,,,,,,,,,,,,
5675,198172,23,SR,1,834,22-Oct-2020,18:08:51,-22.3697,169.0755,,401677750,-129,58,0,22-Oct-2020,18:10:37,-22.3697,169.0755,267,556,2288,135,71,,,82,137,243,216,139,243,79,238,246,95,157,107,85,116,12,48,67,4,197,145,192,201,165,,,,,,,,,
5675,198172,3,NK,B,835,22-Oct-2020,18:09:58,-22.3689,169.0790,,401677743,-137,6,0,22-Oct-2020,18:09:21,-22.3689,169.0790,76,633,1175,340,71,,,70,14,5,,,,,,,,,,,,,,,,,,,,,,,,,,,,,
5675,198172,23,NK,B,835,22-Oct-2020,18:09:58,-22.3689,169.0790,,401677743,-137,6,0,22-Oct-2020,18:10:37,-22.3689,169.0790,76,633,1175,340,71,,,23,207,248,196,122,140,82,97,148,227,45,103,81,202,152,55,182,77,54,165,207,72,53,,,,,,,,,
5675,198172,3,SR,B,836,23-Oct-2020,05:18:51,-22.3061,169.0156,,401677720,-130,8,0,23-Oct-2020,05:17:07,-22.3061,169.0156,210,6367,97576,415,50,,,79,19,5,,,,,,,,,,,,,,,,,,,,,,,,,,,,,
5675,198172,3,SR,B,836,23-Oct-2020,05:18:51,-22.3061,169.0156,,401677720,-130,8,0,23-Oct-2020,05:20:37,-22.3061,169.0156,210,6367,97576,415,50,,,98,136,0,,,,,,,,,,,,,,,,,,,,,,,,,,,,,
5675,198172,3,SR,B,837,23-Oct-2020,07:00:45,-22.2974,169.0351,,401677737,-134,8,0,23-Oct-2020,07:00:20,-22.2974,169.0351,50,1487,6058,364,73,,,10,0,16,,,,,,,,,,,,,,,,,,,,,,,,,,,,,
5675,198172,3,SR,B,837,23-Oct-2020,07:00:45,-22.2974,169.0351,,401677737,-134,8,0,23-Oct-2020,07:01:10,-22.2974,169.0351,50,1487,6058,364,73,,,22,75,24,,,,,,,,,,,,,,,,,,,,,,,,,,,,,
5675,198172,3,NP,A,838,23-Oct-2020,07:26:15,-22.2884,169.0696,,401677731,-127,6,0,23-Oct-2020,07:26:16,-22.2884,169.0696,365,264,2137,32,71,,,10,0,16,,,,,,,,,,,,,,,,,,,,,,,,,,,,,
5675,198172,3,NP,A,838,23-Oct-2020,07:26:15,-22.2884,169.0696,,401677731,-127,6,0,23-Oct-2020,07:27:05,-22.2884,169.0696,365,264,2137,32,71,,,79,19,5,,,,,,,,,,,,,,,,,,,,,,,,,,,,,
5675,198172,3,NP,A,838,23-Oct-2020,07:26:15,-22.2884,169.0696,,401677731,-127,6,1,23-Oct-2020,07:32:21,-22.2884,169.0696,365,264,2137,32,71,,,10,0,16,,,,,,,,,,,,,,,,,,,,,,,,,,,,,
5675,198172,3,NK,B,839,23-Oct-2020,08:15:03,-22.2999,169.0617,,401677745,-130,7,0,23-Oct-2020,08:14:56,-22.2999,169.0617,15,3421,5679,2060,80,,,22,75,24,,,,,,,,,,,,,,,,,,,,,,,,,,,,,
5675,198172,23,NK,B,839,23-Oct-2020,08:15:03,-22.2999,169.0617,,401677745,-130,7,0,23-Oct-2020,08:15:11,-22.2999,169.0617,15,3421,5679,2060,80,,,75,16,131,220,232,140,96,178,192,84,170,26,164,215,16,155,6,99,10,244,250,152,197,,,,,,,,,
5675,198172,3,SR,A,840,24-Oct-2020,06:25:14,-22.3138,169.1604,,401677739,-127,,0,24-Oct-2020,06:22:13,-22.3138,169.1604,310,3725,116426,119,101,,,103,137,0,,,,,,,,,,,,,,,,,,,,,,,,,,,,,
5675,198172,3,SR,A,840,24-Oct-2020,06:25:14,-22.3138,169.1604,,401677739,-127,,0,24-Oct-2020,06:26:07,-22.3138,169.1604,310,3725,116426,119,101,,,77,25,5,,,,,,,,,,,,,,,,,,,,,,,,,,,,,
5675,198172,3,SR,A,840,24-Oct-2020,06:25:14,-22.3138,169.1604,,401677739,-127,,0,24-Oct-2020,06:27:23,-22.3138,169.1604,310,3725,116426,119,101,,,83,155,91,,,,,,,,,,,,,,,,,,,,,,,,,,,,,
5675,198172,3,NP,0,841,24-Oct-2020,07:12:28,-22.3064,169.1431,,401677735,-133,58,0,24-Oct-2020,07:10:36,-22.3064,169.1431,303,2365,78317,71,77,,,103,137,0,,,,,,,,,,,,,,,,,,,,,,,,,,,,,
5675,198172,3,NP,0,841,24-Oct-2020,07:12:28,-22.3064,169.1431,,401677735,-133,58,0,24-Oct-2020,07:11:12,-22.3064,169.1431,303,2365,78317,71,77,,,10,17,2,,,,,,,,,,,,,,,,,,,,,,,,,,,,,
5675,198172,3,NP,0,841,24-Oct-2020,07:12:28,-22.3064,169.1431,,401677735,-133,58,0,24-Oct-2020,07:11:33,-22.3064,169.1431,303,2365,78317,71,77,,,22,75,24,,,,,,,,,,,,,,,,,,,,,,,,,,,,,
5675,198172,3,NP,0,841,24-Oct-2020,07:12:28,-22.3064,169.1431,,401677735,-133,58,0,24-Oct-2020,07:13:20,-22.3064,169.1431,303,2365,78317,71,77,,,87,191,91,,,,,,,,,,,,,,,,,,,,,,,,,,,,,
5675,198172,3,NP,0,841,24-Oct-2020,07:12:28,-22.3064,169.1431,,401677735,-133,58,0,24-Oct-2020,07:15:39,-22.3064,169.1431,303,2365,78317,71,77,,,66,26,7,,,,,,,,,,,,,,,,,,,,,,,,,,,,,
5675,198172,3,NK,B,842,24-Oct-2020,07:44:23,-22.3060,169.1377,,401677729,-140,8,0,24-Oct-2020,07:44:23,-22.3060,169.1377,,2564,5158,1274,78,,,22,75,24,,,,,,,,,,,,,,,,,,,,,,,,,,,,,
5675,198172,3,NP,B,843,24-Oct-2020,08:53:36,-22.3160,169.1152,,401677734,-136,8,0,24-Oct-2020,08:52:29,-22.3160,169.1152,136,2092,8131,538,116,,,97,135,0,,,,,,,,,,,,,,,,,,,,,,,,,,,,,
5675,198172,3,NP,B,843,24-Oct-2020,08:53:36,-22.3160,169.1152,,401677734,-136,8,0,24-Oct-2020,08:54:45,-22.3160,169.1152,136,2092,8131,538,116,,,77,25,5,,,,,,,,,,,,,,,,,,,,,,,,,,,,,
5675,198172,3,MA,2,844,24-Oct-2020,08:55:42,-22.3221,169.0951,,401677732,-124,56,0,24-Oct-2020,08:54:45,-22.3221,169.0951,406,368,950,142,83,,,77,25,5,,,,,,,,,,,,,,,,,,,,,,,,,,,,,
5675,198172,3,MA,2,844,24-Oct-2020,08:55:42,-22.3221,169.0951,,401677732,-124,56,0,24-Oct-2020,08:55:20,-22.3221,169.0951,406,368,950,142,83,,,83,228,91,,,,,,,,,,,,,,,,,,,,,,,,,,,,,
5675,198172,3,MA,2,844,24-Oct-2020,08:55:42,-22.3221,169.0951,,401677732,-124,56,1,24-Oct-2020,08:55:41,-22.3221,169.0951,406,368,950,142,83,,,97,135,0,,,,,,,,,,,,,,,,,,,,,,,,,,,,,
5675,198172,3,MA,2,844,24-Oct-2020,08:55:42,-22.3221,169.0951,,401677732,-124,56,0,24-Oct-2020,08:56:09,-22.3221,169.0951,406,368,950,142,83,,,14,0,16,,,,,,,,,,,,,,,,,,,,,,,,,,,,,
5675,198172,3,MA,2,844,24-Oct-2020,08:55:42,-22.3221,169.0951,,401677732,-124,56,0,24-Oct-2020,08:59:51,-22.3221,169.0951,406,368,950,142,83,,,118,142,156,,,,,,,,,,,,,,,,,,,,,,,,,,,,,
5675,198172,3,MA,2,844,24-Oct-2020,08:55:42,-22.3221,169.0951,,401677732,-124,56,0,24-Oct-2020,09:01:31,-22.3221,169.0951,406,368,950,142,83,,,10,0,16,,,,,,,,,,,,,,,,,,,,,,,,,,,,,
5675,198172,3,NK,B,845,24-Oct-2020,09:33:48,-22.3206,169.0860,,401677734,-130,8,0,24-Oct-2020,09:29:10,-22.3206,169.0860,279,2318,13546,396,42,,,75,23,5,,,,,,,,,,,,,,,,,,,,,,,,,,,,,
5675,198172,3,NK,B,845,24-Oct-2020,09:33:48,-22.3206,169.0860,,401677734,-130,8,0,24-Oct-2020,09:33:49,-22.3206,169.0860,279,2318,13546,396,42,,,98,136,0,,,,,,,,,,,,,,,,,,,,,,,,,,,,,
5675,198172,3,MA,B,846,24-Oct-2020,10:33:52,-22.3467,169.0809,,401677737,-126,8,0,24-Oct-2020,10:33:31,-22.3467,169.0809,44,4757,14570,1552,116,,,98,136,0,,,,,,,,,,,,,,,,,,,,,,,,,,,,,
5675,198172,3,MA,B,846,24-Oct-2020,10:33:52,-22.3467,169.0809,,401677737,-126,8,0,24-Oct-2020,10:34:15,-22.3467,169.0809,44,4757,14570,1552,116,,,10,0,16,,,,,,,,,,,,,,,,,,,,,,,,,,,,,
5675,198172,3,MC,B,847,24-Oct-2020,11:00:26,-22.3470,169.0815,,401677731,-123,6,0,24-Oct-2020,11:00:26,-22.3470,169.0815,,2735,5803,1289,115,,,21,193,106,,,,,,,,,,,,,,,,,,,,,,,,,,,,,
5675,198172,3,A1,B,848,24-Oct-2020,18:51:22,-22.4220,168.9401,,401677746,-140,8,0,24-Oct-2020,18:51:22,-22.4220,168.9401,,6000,6771,5316,103,,,214,86,92,,,,,,,,,,,,,,,,,,,,,,,,,,,,,
5675,198172,3,SR,A,849,24-Oct-2020,18:51:59,-22.3664,169.0126,,401677739,-127,6,0,24-Oct-2020,18:51:22,-22.3664,169.0126,88,16173,287308,910,67,,,86,86,92,,,,,,,,,,,,,,,,,,,,,,,,,,,,,
5675,198172,3,SR,A,849,24-Oct-2020,18:51:59,-22.3664,169.0126,,401677739,-127,6,0,24-Oct-2020,18:51:45,-22.3664,169.0126,88,16173,287308,910,67,,,97,135,93,,,,,,,,,,,,,,,,,,,,,,,,,,,,,
5675,198172,3,SR,A,849,24-Oct-2020,18:51:59,-22.3664,169.0126,,401677739,-127,6,0,24-Oct-2020,18:52:50,-22.3664,169.0126,88,16173,287308,910,67,,,10,4,16,,,,,,,,,,,,,,,,,,,,,,,,,,,,,
5675,198172,3,NK,B,850,24-Oct-2020,18:54:27,-22.3760,168.9924,,401677746,-133,6,0,24-Oct-2020,18:54:00,-22.3760,168.9924,56,6170,61334,620,70,,,68,20,5,,,,,,,,,,,,,,,,,,,,,,,,,,,,,
5675,198172,3,NK,B,850,24-Oct-2020,18:54:27,-22.3760,168.9924,,401677746,-133,6,0,24-Oct-2020,18:54:56,-22.3760,168.9924,56,6170,61334,620,70,,,84,92,92,,,,,,,,,,,,,,,,,,,,,,,,,,,,,
5675,198172,3,SR,A,851,25-Oct-2020,05:51:35,-22.2361,168.8318,,401677753,-127,8,0,25-Oct-2020,05:50:09,-22.2361,168.8318,150,4074,62638,264,84,,,95,154,92,,,,,,,,,,,,,,,,,,,,,,,,,,,,,
5675,198172,3,SR,A,851,25-Oct-2020,05:51:35,-22.2361,168.8318,,401677753,-127,8,0,25-Oct-2020,05:51:58,-22.2361,168.8318,150,4074,62638,264,84,,,135,105,207,,,,,,,,,,,,,,,,,,,,,,,,,,,,,
5675,198172,3,SR,A,851,25-Oct-2020,05:51:35,-22.2361,168.8318,,401677753,-127,8,0,25-Oct-2020,05:52:39,-22.2361,168.8318,150,4074,62638,264,84,,,78,22,5,,,,,,,,,,,,,,,,,,,,,,,,,,,,,
5675,198172,3,A1,B,852,25-Oct-2020,06:54:16,-22.2715,168.9050,,401677750,-135,8,0,25-Oct-2020,06:54:05,-22.2715,168.9050,23,8132,34498,1916,76,,,144,179,199,,,,,,,,,,,,,,,,,,,,,,,,,,,,,
5675,198172,3,A1,B,852,25-Oct-2020,06:54:16,-22.2715,168.9050,,401677750,-135,8,0,25-Oct-2020,06:54:28,-22.2715,168.9050,23,8132,34498,1916,76,,,81,243,92,,,,,,,,,,,,,,,,,,,,,,,,,,,,,
5675,198172,3,NP,1,853,25-Oct-2020,07:00:33,-22.2240,169.0329,,401677733,-127,56,0,25-Oct-2020,06:56:56,-22.2240,169.0329,369,801,8803,72,79,,,65,21,5,,,,,,,,,,,,,,,,,,,,,,,,,,,,,
5675,198172,3,NP,1,853,25-Oct-2020,07:00:33,-22.2240,169.0329,,401677733,-127,56,0,25-Oct-2020,07:00:32,-22.2240,169.0329,369,801,8803,72,79,,,87,253,92,,,,,,,,,,,,,,,,,,,,,,,,,,,,,
5675,198172,3,NP,1,853,25-Oct-2020,07:00:33,-22.2240,169.0329,,401677733,-127,56,0,25-Oct-2020,07:01:39,-22.2240,169.0329,369,801,8803,72,79,,,98,136,0,,,,,,,,,,,,,,,,,,,,,,,,,,,,,
5675,198172,3,NP,1,853,25-Oct-2020,07:00:33,-22.2240,169.0329,,401677733,-127,56,0,25-Oct-2020,07:03:05,-22.2240,169.0329,369,801,8803,72,79,,,78,22,5,,,,,,,,,,,,,,,,,,,,,,,,,,,,,
5675,198172,3,NK,B,854,25-Oct-2020,07:25:12,-22.2295,169.0384,,401677727,-133,6,0,25-Oct-2020,07:25:13,-22.2295,169.0384,,1245,1754,883,80,,,98,136,0,,,,,,,,,,,,,,,,,,,,,,,,,,,,,
5675,198172,3,MC,B,855,25-Oct-2020,09:00:10,-22.2566,169.0624,,401677726,-131,8,0,25-Oct-2020,08:59:41,-22.2566,169.0624,60,1545,3279,727,42,,,75,23,5,,,,,,,,,,,,,,,,,,,,,,,,,,,,,
5675,198172,3,MC,B,855,25-Oct-2020,09:00:10,-22.2566,169.0624,,401677726,-131,8,0,25-Oct-2020,09:00:41,-22.2566,169.0624,60,1545,3279,727,42,,,93,33,93,,,,,,,,,,,,,,,,,,,,,,,,,,,,,
5675,198172,3,NK,B,856,25-Oct-2020,09:00:40,-22.2598,169.0593,,401677737,-133,6,0,25-Oct-2020,09:00:41,-22.2598,169.0593,,1258,2439,648,41,,,93,33,93,,,,,,,,,,,,,,,,,,,,,,,,,,,,,
5675,198172,3,A1,B,857,26-Oct-2020,06:37:31,-22.2950,169.1262,,401677748,-127,,0,26-Oct-2020,06:36:47,-22.2950,169.1262,89,1669,74635,37,112,,,66,26,5,,,,,,,,,,,,,,,,,,,,,,,,,,,,,
5675,198172,3,A1,B,857,26-Oct-2020,06:37:31,-22.2950,169.1262,,401677748,-127,,0,26-Oct-2020,06:38:16,-22.2950,169.1262,89,1669,74635,37,112,,,88,190,93,,,,,,,,,,,,,,,,,,,,,,,,,,,,,
5675,198172,3,NP,2,858,26-Oct-2020,06:50:10,-22.3043,169.1686,,401677729,-124,56,0,26-Oct-2020,06:47:08,-22.3043,169.1686,642,267,733,97,73,,,14,4,7,,,,,,,,,,,,,,,,,,,,,,,,,,,,,
5675,198172,3,NP,2,858,26-Oct-2020,06:50:10,-22.3043,169.1686,,401677729,-124,56,0,26-Oct-2020,06:49:31,-22.3043,169.1686,642,267,733,97,73,,,84,205,115,,,,,,,,,,,,,,,,,,,,,,,,,,,,,
5675,198172,3,NP,2,858,26-Oct-2020,06:50:10,-22.3043,169.1686,,401677729,-124,56,0,26-Oct-2020,06:49:53,-22.3043,169.1686,642,267,733,97,73,,,100,134,0,,,,,,,,,,,,,,,,,,,,,,,,,,,,,
5675,198172,3,NP,2,858,26-Oct-2020,06:50:10,-22.3043,169.1686,,401677729,-124,56,0,26-Oct-2020,06:51:47,-22.3043,169.1686,642,267,733,97,73,,,22,75,24,,,,,,,,,,,,,,,,,,,,,,,,,,,,,
5675,198172,23,NP,2,858,26-Oct-2020,06:50:10,-22.3043,169.1686,,401677729,-124,56,0,26-Oct-2020,06:52:33,-22.3043,169.1686,642,267,733,97,73,,,66,17,94,166,131,217,29,238,186,61,46,56,211,239,248,54,157,80,35,215,221,135,7,,,,,,,,,
5675,198172,3,NP,2,858,26-Oct-2020,06:50:10,-22.3043,169.1686,,401677729,-124,56,0,26-Oct-2020,06:57:50,-22.3043,169.1686,642,267,733,97,73,,,98,136,0,,,,,,,,,,,,,,,,,,,,,,,,,,,,,
5675,198172,3,NK,3,859,26-Oct-2020,07:01:13,-22.3044,169.1685,,401677731,-133,56,0,26-Oct-2020,06:57:50,-22.3044,169.1685,347,243,520,113,146,,,98,136,0,,,,,,,,,,,,,,,,,,,,,,,,,,,,,
5675,198172,3,NK,3,859,26-Oct-2020,07:01:13,-22.3044,169.1685,,401677731,-133,56,0,26-Oct-2020,07:01:25,-22.3044,169.1685,347,243,520,113,146,,,77,25,5,,,,,,,,,,,,,,,,,,,,,,,,,,,,,
5675,198172,3,NK,3,859,26-Oct-2020,07:01:13,-22.3044,169.1685,,401677731,-133,56,0,26-Oct-2020,07:02:04,-22.3044,169.1685,347,243,520,113,146,,,85,152,93,,,,,,,,,,,,,,,,,,,,,,,,,,,,,
5675,198172,3,NK,3,859,26-Oct-2020,07:01:13,-22.3044,169.1685,,401677731,-133,56,0,26-Oct-2020,07:03:37,-22.3044,169.1685,347,243,520,113,146,,,10,0,16,,,,,,,,,,,,,,,,,,,,,,,,,,,,,
5675,198172,3,SR,A,860,26-Oct-2020,07:02:21,-22.3050,169.1649,,401677728,-124,6,0,26-Oct-2020,07:01:25,-22.3050,169.1649,132,616,2038,186,51,,,77,25,5,,,,,,,,,,,,,,,,,,,,,,,,,,,,,
5675,198172,3,SR,A,860,26-Oct-2020,07:02:21,-22.3050,169.1649,,401677728,-124,6,0,26-Oct-2020,07:02:04,-22.3050,169.1649,132,616,2038,186,51,,,85,216,93,,,,,,,,,,,,,,,,,,,,,,,,,,,,,
5675,198172,3,SR,A,860,26-Oct-2020,07:02:21,-22.3050,169.1649,,401677728,-124,6,0,26-Oct-2020,07:03:37,-22.3050,169.1649,132,616,2038,186,51,,,10,0,16,,,,,,,,,,,,,,,,,,,,,,,,,,,,,
5675,198172,3,MA,B,861,26-Oct-2020,08:12:27,-22.3160,169.1773,,401677731,-131,8,0,26-Oct-2020,08:12:27,-22.3160,169.1773,,1276,1507,1079,89,,,22,75,24,,,,,,,,,,,,,,,,,,,,,,,,,,,,,
5675,198172,3,NP,0,862,26-Oct-2020,08:30:16,-22.3077,169.1670,,401677724,-133,58,0,26-Oct-2020,08:29:46,-22.3077,169.1670,241,1639,5821,461,151,,,86,7,94,,,,,,,,,,,,,,,,,,,,,,,,,,,,,
5675,198172,3,NP,0,862,26-Oct-2020,08:30:16,-22.3077,169.1670,,401677724,-133,58,0,26-Oct-2020,08:30:48,-22.3077,169.1670,241,1639,5821,461,151,,,22,75,28,,,,,,,,,,,,,,,,,,,,,,,,,,,,,
5675,198172,3,NP,0,862,26-Oct-2020,08:30:16,-22.3077,169.1670,,401677724,-133,58,0,26-Oct-2020,08:33:03,-22.3077,169.1670,241,1639,5821,461,151,,,81,12,94,,,,,,,,,,,,,,,,,,,,,,,,,,,,,
5675,198172,3,NP,0,862,26-Oct-2020,08:30:16,-22.3077,169.1670,,401677724,-133,58,0,26-Oct-2020,08:33:47,-22.3077,169.1670,241,1639,5821,461,151,,,98,136,0,,,,,,,,,,,,,,,,,,,,,,,,,,,,,
5675,198172,3,NK,B,863,26-Oct-2020,08:33:25,-22.3100,169.1692,,401677729,-131,6,0,26-Oct-2020,08:33:03,-22.3100,169.1692,44,1102,2166,561,150,,,81,12,94,,,,,,,,,,,,,,,,,,,,,,,,,,,,,
5675,198172,3,NK,B,863,26-Oct-2020,08:33:25,-22.3100,169.1692,,401677729,-131,6,0,26-Oct-2020,08:33:47,-22.3100,169.1692,44,1102,2166,561,150,,,98,136,0,,,,,,,,,,,,,,,,,,,,,,,,,,,,,
5675,198172,3,MA,B,864,26-Oct-2020,09:53:41,-22.3329,169.1781,,401677734,-122,,0,26-Oct-2020,09:49:04,-22.3329,169.1781,278,1727,38266,77,80,,,10,0,16,,,,,,,,,,,,,,,,,,,,,,,,,,,,,
5675,198172,3,MA,B,864,26-Oct-2020,09:53:41,-22.3329,169.1781,,401677734,-122,,0,26-Oct-2020,09:53:42,-22.3329,169.1781,278,1727,38266,77,80,,,22,75,24,,,,,,,,,,,,,,,,,,,,,,,,,,,,,
5675,198172,3,NN,A,865,26-Oct-2020,09:53:41,-22.3440,169.1488,,401677718,-133,8,0,26-Oct-2020,09:53:42,-22.3440,169.1488,447,839,9048,77,145,,,22,75,24,,,,,,,,,,,,,,,,,,,,,,,,,,,,,
5675,198172,3,NN,A,865,26-Oct-2020,09:53:41,-22.3440,169.1488,,401677718,-133,8,0,26-Oct-2020,10:00:52,-22.3440,169.1488,447,839,9048,77,145,,,90,59,94,,,,,,,,,,,,,,,,,,,,,,,,,,,,,
5675,198172,3,NN,A,865,26-Oct-2020,09:53:41,-22.3440,169.1488,,401677718,-133,8,0,26-Oct-2020,10:01:09,-22.3440,169.1488,447,839,9048,77,145,,,98,136,0,,,,,,,,,,,,,,,,,,,,,,,,,,,,,
5675,198172,3,NN,A,866,26-Oct-2020,11:39:19,-22.3280,169.1443,,401677725,-129,8,0,26-Oct-2020,11:39:19,-22.3280,169.1443,104,5208,27077,1001,68,,,22,75,24,,,,,,,,,,,,,,,,,,,,,,,,,,,,,
5675,198172,3,NN,A,866,26-Oct-2020,11:39:19,-22.3280,169.1443,,401677725,-129,8,0,26-Oct-2020,11:40:09,-22.3280,169.1443,104,5208,27077,1001,68,,,65,21,5,,,,,,,,,,,,,,,,,,,,,,,,,,,,,
5675,198172,3,NN,A,866,26-Oct-2020,11:39:19,-22.3280,169.1443,,401677725,-129,8,0,26-Oct-2020,11:41:03,-22.3280,169.1443,104,5208,27077,1001,68,,,93,95,94,,,,,,,,,,,,,,,,,,,,,,,,,,,,,
5675,198172,3,MA,B,867,27-Oct-2020,09:38:31,-22.4625,169.1735,,401677740,-127,,0,27-Oct-2020,09:38:31,-22.4625,169.1735,,31504,35810,27715,82,,,78,22,5,,,,,,,,,,,,,,,,,,,,,,,,,,,,,
5675,198172,3,NN,A,868,27-Oct-2020,09:42:09,-22.3214,169.0760,,401677740,-133,6,0,27-Oct-2020,09:42:09,-22.3214,169.0760,533,165,202,135,135,,,10,0,16,,,,,,,,,,,,,,,,,,,,,,,,,,,,,
5675,198172,3,NN,A,868,27-Oct-2020,09:42:09,-22.3214,169.0760,,401677740,-133,6,0,27-Oct-2020,09:46:51,-22.3214,169.0760,533,165,202,135,135,,,82,194,94,,,,,,,,,,,,,,,,,,,,,,,,,,,,,
5675,198172,3,NN,A,868,27-Oct-2020,09:42:09,-22.3214,169.0760,,401677740,-133,6,0,27-Oct-2020,09:51:02,-22.3214,169.0760,533,165,202,135,135,,,98,136,0,,,,,,,,,,,,,,,,,,,,,,,,,,,,,
5675,198172,3,MC,A,869,27-Oct-2020,09:56:52,-22.3201,169.0768,,401677734,-126,6,0,27-Oct-2020,09:56:52,-22.3201,169.0768,428,153,341,68,82,,,75,23,5,,,,,,,,,,,,,,,,,,,,,,,,,,,,,
5675,198172,3,MC,A,869,27-Oct-2020,09:56:52,-22.3201,169.0768,,401677734,-126,6,0,27-Oct-2020,10:00:32,-22.3201,169.0768,428,153,341,68,82,,,97,133,0,,,,,,,,,,,,,,,,,,,,,,,,,,,,,
5675,198172,3,MC,A,869,27-Oct-2020,09:56:52,-22.3201,169.0768,,401677734,-126,6,0,27-Oct-2020,10:04:00,-22.3201,169.0768,428,153,341,68,82,,,10,0,16,,,,,,,,,,,,,,,,,,,,,,,,,,,,,
5675,198172,3,NN,B,870,27-Oct-2020,11:24:51,-22.3174,169.0820,,401677749,-131,8,0,27-Oct-2020,11:24:04,-22.3174,169.0820,95,824,3550,191,145,,,65,21,5,,,,,,,,,,,,,,,,,,,,,,,,,,,,,
5675,198172,3,NN,B,870,27-Oct-2020,11:24:51,-22.3174,169.0820,,401677749,-131,8,0,27-Oct-2020,11:25:39,-22.3174,169.0820,95,824,3550,191,145,,,93,225,94,,,,,,,,,,,,,,,,,,,,,,,,,,,,,
5675,198172,3,MC,B,871,27-Oct-2020,11:44:20,-22.3147,169.0795,,401677739,-130,6,0,27-Oct-2020,11:44:21,-22.3147,169.0795,,1036,2009,534,144,,,22,75,24,,,,,,,,,,,,,,,,,,,,,,,,,,,,,
5675,198172,3,NP,B,872,27-Oct-2020,17:56:10,-22.3546,169.0896,,401677747,-128,8,0,27-Oct-2020,17:56:11,-22.3546,169.0896,,2299,4443,1189,107,,,55,96,59,,,,,,,,,,,,,,,,,,,,,,,,,,,,,
5675,198172,3,A1,3,873,27-Oct-2020,18:03:51,-22.3738,169.0854,,401677733,-128,56,0,27-Oct-2020,18:01:57,-22.3738,169.0854,273,143,281,73,122,,,22,75,24,,,,,,,,,,,,,,,,,,,,,,,,,,,,,
5675,198172,3,A1,3,873,27-Oct-2020,18:03:51,-22.3738,169.0854,,401677733,-128,56,0,27-Oct-2020,18:02:46,-22.3738,169.0854,273,143,281,73,122,,,74,65,62,,,,,,,,,,,,,,,,,,,,,,,,,,,,,
5675,198172,3,A1,3,873,27-Oct-2020,18:03:51,-22.3738,169.0854,,401677733,-128,56,0,27-Oct-2020,18:03:15,-22.3738,169.0854,273,143,281,73,122,,,89,84,95,,,,,,,,,,,,,,,,,,,,,,,,,,,,,
5675,198172,3,A1,3,873,27-Oct-2020,18:03:51,-22.3738,169.0854,,401677733,-128,56,0,27-Oct-2020,18:04:49,-22.3738,169.0854,273,143,281,73,122,,,10,0,16,,,,,,,,,,,,,,,,,,,,,,,,,,,,,
5675,198172,3,A1,3,873,27-Oct-2020,18:03:51,-22.3738,169.0854,,401677733,-128,56,0,27-Oct-2020,18:06:30,-22.3738,169.0854,273,143,281,73,122,,,74,18,5,,,,,,,,,,,,,,,,,,,,,,,,,,,,,
5675,198172,3,SR,2,874,28-Oct-2020,06:02:50,-22.5308,168.8570,,401677734,-123,58,0,28-Oct-2020,05:58:37,-22.5308,168.8570,521,288,511,162,84,,,69,17,5,,,,,,,,,,,,,,,,,,,,,,,,,,,,,
5675,198172,3,SR,2,874,28-Oct-2020,06:02:50,-22.5308,168.8570,,401677734,-123,58,0,28-Oct-2020,05:58:51,-22.5308,168.8570,521,288,511,162,84,,,84,172,95,,,,,,,,,,,,,,,,,,,,,,,,,,,,,
5675,198172,23,SR,2,874,28-Oct-2020,06:02:50,-22.5308,168.8570,,401677734,-123,58,0,28-Oct-2020,05:59:50,-22.5308,168.8570,521,288,511,162,84,,,64,208,131,220,232,140,96,178,14,24,60,215,212,191,91,16,1,150,30,209,32,255,128,,,,,,,,,
5675,198172,3,SR,2,874,28-Oct-2020,06:02:50,-22.5308,168.8570,,401677734,-123,58,0,28-Oct-2020,06:03:35,-22.5308,168.8570,521,288,511,162,84,,,22,75,24,,,,,,,,,,,,,,,,,,,,,,,,,,,,,
5675,198172,3,SR,2,874,28-Oct-2020,06:02:50,-22.5308,168.8570,,401677734,-123,58,1,28-Oct-2020,06:05:06,-22.5308,168.8570,521,288,511,162,84,,,98,136,0,,,,,,,,,,,,,,,,,,,,,,,,,,,,,
5675,198172,3,SR,2,874,28-Oct-2020,06:02:50,-22.5308,168.8570,,401677734,-123,58,1,28-Oct-2020,06:05:28,-22.5308,168.8570,521,288,511,162,84,,,10,0,16,,,,,,,,,,,,,,,,,,,,,,,,,,,,,
5675,198172,3,SR,2,874,28-Oct-2020,06:02:50,-22.5308,168.8570,,401677734,-123,58,0,28-Oct-2020,06:06:04,-22.5308,168.8570,521,288,511,162,84,,,79,19,5,,,,,,,,,,,,,,,,,,,,,,,,,,,,,
5675,198172,3,SR,2,874,28-Oct-2020,06:02:50,-22.5308,168.8570,,401677734,-123,58,0,28-Oct-2020,06:07:18,-22.5308,168.8570,521,288,511,162,84,,,33,135,0,,,,,,,,,,,,,,,,,,,,,,,,,,,,,
5675,198172,3,A1,3,875,28-Oct-2020,06:07:59,-22.5363,168.8545,,401677733,-123,56,0,28-Oct-2020,06:05:49,-22.5363,168.8545,413,180,695,46,103,,,22,75,24,,,,,,,,,,,,,,,,,,,,,,,,,,,,,
5675,198172,3,A1,3,875,28-Oct-2020,06:07:59,-22.5363,168.8545,,401677733,-123,56,0,28-Oct-2020,06:06:04,-22.5363,168.8545,413,180,695,46,103,,,79,19,5,,,,,,,,,,,,,,,,,,,,,,,,,,,,,
5675,198172,3,A1,3,875,28-Oct-2020,06:07:59,-22.5363,168.8545,,401677733,-123,56,0,28-Oct-2020,06:07:18,-22.5363,168.8545,413,180,695,46,103,,,97,135,0,,,,,,,,,,,,,,,,,,,,,,,,,,,,,
5675,198172,3,A1,3,875,28-Oct-2020,06:07:59,-22.5363,168.8545,,401677733,-123,56,1,28-Oct-2020,06:07:56,-22.5363,168.8545,413,180,695,46,103,,,10,0,16,,,,,,,,,,,,,,,,,,,,,,,,,,,,,
5675,198172,3,A1,3,875,28-Oct-2020,06:07:59,-22.5363,168.8545,,401677733,-123,56,0,28-Oct-2020,06:10:43,-22.5363,168.8545,413,180,695,46,103,,,94,193,95,,,,,,,,,,,,,,,,,,,,,,,,,,,,,
5675,198172,3,A1,3,875,28-Oct-2020,06:07:59,-22.5363,168.8545,,401677733,-123,56,0,28-Oct-2020,06:12:42,-22.5363,168.8545,413,180,695,46,103,,,22,75,8,,,,,,,,,,,,,,,,,,,,,,,,,,,,,
5675,198172,3,SR,B,876,28-Oct-2020,07:37:45,-22.5505,168.8456,,401677747,-135,8,0,28-Oct-2020,07:37:45,-22.5505,168.8456,,2930,3281,2615,105,,,98,136,0,,,,,,,,,,,,,,,,,,,,,,,,,,,,,
5675,198172,3,MA,1,877,28-Oct-2020,09:11:10,-22.5827,168.7694,,401677744,-121,58,0,28-Oct-2020,09:10:39,-22.5827,168.7694,121,855,4453,164,72,,,97,135,0,,,,,,,,,,,,,,,,,,,,,,,,,,,,,
5675,198172,3,MA,1,877,28-Oct-2020,09:11:10,-22.5827,168.7694,,401677744,-121,58,0,28-Oct-2020,09:11:14,-22.5827,168.7694,121,855,4453,164,72,,,10,0,16,,,,,,,,,,,,,,,,,,,,,,,,,,,,,
5675,198172,3,MA,1,877,28-Oct-2020,09:11:10,-22.5827,168.7694,,401677744,-121,58,1,28-Oct-2020,09:11:39,-22.5827,168.7694,121,855,4453,164,72,,,22,75,24,,,,,,,,,,,,,,,,,,,,,,,,,,,,,
5675,198172,3,MA,1,877,28-Oct-2020,09:11:10,-22.5827,168.7694,,401677744,-121,58,0,28-Oct-2020,09:12:21,-22.5827,168.7694,121,855,4453,164,72,,,79,19,5,,,,,,,,,,,,,,,,,,,,,,,,,,,,,
5675,198172,3,MA,1,877,28-Oct-2020,09:11:10,-22.5827,168.7694,,401677744,-121,58,0,28-Oct-2020,09:12:40,-22.5827,168.7694,121,855,4453,164,72,,,81,112,225,,,,,,,,,,,,,,,,,,,,,,,,,,,,,
5675,198172,3,NK,B,878,29-Oct-2020,09:03:53,-22.8070,168.4668,,401677755,-129,,0,29-Oct-2020,09:03:17,-22.8070,168.4668,72,5920,42597,822,11,,,22,75,24,,,,,,,,,,,,,,,,,,,,,,,,,,,,,
5675,198172,3,NK,B,878,29-Oct-2020,09:03:53,-22.8070,168.4668,,401677755,-129,,0,29-Oct-2020,09:04:29,-22.8070,168.4668,72,5920,42597,822,11,,,83,130,96,,,,,,,,,,,,,,,,,,,,,,,,,,,,,
5675,198172,3,MA,B,879,29-Oct-2020,10:33:39,-22.8929,168.3913,,401677759,-130,,0,29-Oct-2020,10:31:07,-22.8929,168.3913,305,11828,389781,358,42,,,10,0,16,,,,,,,,,,,,,,,,,,,,,,,,,,,,,
5675,198172,3,MA,B,879,29-Oct-2020,10:33:39,-22.8929,168.3913,,401677759,-130,,0,29-Oct-2020,10:36:12,-22.8929,168.3913,305,11828,389781,358,42,,,97,135,160,,,,,,,,,,,,,,,,,,,,,,,,,,,,,
5675,198172,3,NN,B,880,29-Oct-2020,10:59:54,-22.8875,168.3983,,401650000,-130,6,0,29-Oct-2020,10:59:55,-22.8875,168.3983,,10905,59783,1989,41,,,22,75,24,,,,,,,,,,,,,,,,,,,,,,,,,,,,,
5675,198172,3,SR,0,881,30-Oct-2020,06:38:48,-23.1964,167.9772,,401677753,-127,40,0,30-Oct-2020,06:33:16,-23.1964,167.9772,659,1557,8846,274,100,,,98,136,2,,,,,,,,,,,,,,,,,,,,,,,,,,,,,
5675,198172,3,SR,0,881,30-Oct-2020,06:38:48,-23.1964,167.9772,,401677753,-127,40,0,30-Oct-2020,06:35:59,-23.1964,167.9772,659,1557,8846,274,100,,,84,166,97,,,,,,,,,,,,,,,,,,,,,,,,,,,,,
5675,198172,3,SR,0,881,30-Oct-2020,06:38:48,-23.1964,167.9772,,401677753,-127,40,0,30-Oct-2020,06:38:48,-23.1964,167.9772,659,1557,8846,274,100,,,98,136,4,,,,,,,,,,,,,,,,,,,,,,,,,,,,,
5675,198172,3,SR,0,881,30-Oct-2020,06:38:48,-23.1964,167.9772,,401677753,-127,40,1,30-Oct-2020,06:42:13,-23.1964,167.9772,659,1557,8846,274,100,,,22,75,24,,,,,,,,,,,,,,,,,,,,,,,,,,,,,
5675,198172,3,SR,0,881,30-Oct-2020,06:38:48,-23.1964,167.9772,,401677753,-127,40,0,30-Oct-2020,06:43:16,-23.1964,167.9772,659,1557,8846,274,100,,,91,181,97,,,,,,,,,,,,,,,,,,,,,,,,,,,,,
5675,198172,3,SR,0,881,30-Oct-2020,06:38:48,-23.1964,167.9772,,401677753,-127,40,2,30-Oct-2020,06:44:15,-23.1964,167.9772,659,1557,8846,274,100,,,10,0,16,,,,,,,,,,,,,,,,,,,,,,,,,,,,,
5675,198172,3,NK,B,882,30-Oct-2020,06:56:56,-23.2090,167.9993,,401677744,-135,6,0,30-Oct-2020,06:54:42,-23.2090,167.9993,269,5630,18594,1704,34,,,233,89,132,,,,,,,,,,,,,,,,,,,,,,,,,,,,,
5675,198172,3,NK,B,882,30-Oct-2020,06:56:56,-23.2090,167.9993,,401677744,-135,6,0,30-Oct-2020,06:59:11,-23.2090,167.9993,269,5630,18594,1704,34,,,10,0,16,,,,,,,,,,,,,,,,,,,,,,,,,,,,,
5675,198172,3,NP,B,883,31-Oct-2020,05:50:54,-23.3794,167.6010,,401677770,-137,,0,31-Oct-2020,05:50:55,-23.3794,167.6010,,51045,95159,27381,99,,,22,243,31,,,,,,,,,,,,,,,,,,,,,,,,,,,,,
5675,198172,23,MA,B,884,02-Nov-2020,09:09:16,-23.3776,168.0434,,401677706,-131,,0,02-Nov-2020,09:08:51,-23.3776,168.0434,51,2337,20614,265,130,,,92,48,131,216,168,188,126,190,36,10,93,229,178,113,7,48,25,74,7,74,39,184,98,,,,,,,,,
5675,198172,3,MA,B,884,02-Nov-2020,09:09:16,-23.3776,168.0434,,401677706,-131,,0,02-Nov-2020,09:09:42,-23.3776,168.0434,51,2337,20614,265,130,,,22,201,61,,,,,,,,,,,,,,,,,,,,,,,,,,,,,
5675,198172,3,MC,0,885,02-Nov-2020,09:38:37,-23.3902,168.0633,,401677740,-125,56,0,02-Nov-2020,09:38:00,-23.3902,168.0633,93,1846,12075,282,98,,,22,87,14,,,,,,,,,,,,,,,,,,,,,,,,,,,,,
5675,198172,3,MC,0,885,02-Nov-2020,09:38:37,-23.3902,168.0633,,401677740,-125,56,0,02-Nov-2020,09:38:14,-23.3902,168.0633,93,1846,12075,282,98,,,68,4,5,,,,,,,,,,,,,,,,,,,,,,,,,,,,,
5675,198172,3,MC,0,885,02-Nov-2020,09:38:37,-23.3902,168.0633,,401677740,-125,56,1,02-Nov-2020,09:39:02,-23.3902,168.0633,93,1846,12075,282,98,,,10,0,16,,,,,,,,,,,,,,,,,,,,,,,,,,,,,
5675,198172,3,MC,0,885,02-Nov-2020,09:38:37,-23.3902,168.0633,,401677740,-125,56,0,02-Nov-2020,09:39:18,-23.3902,168.0633,93,1846,12075,282,98,,,22,75,24,,,,,,,,,,,,,,,,,,,,,,,,,,,,,
5675,198172,3,MC,0,885,02-Nov-2020,09:38:37,-23.3902,168.0633,,401677740,-125,56,0,02-Nov-2020,09:39:33,-23.3902,168.0633,93,1846,12075,282,98,,,77,9,5,,,,,,,,,,,,,,,,,,,,,,,,,,,,,
5675,198172,3,NN,A,886,02-Nov-2020,10:18:19,-23.3894,168.0604,,401677745,-128,8,0,02-Nov-2020,10:17:58,-23.3894,168.0604,45,1812,3304,993,70,,,11,0,98,,,,,,,,,,,,,,,,,,,,,,,,,,,,,
5675,198172,3,NN,A,886,02-Nov-2020,10:18:19,-23.3894,168.0604,,401677745,-128,8,0,02-Nov-2020,10:18:18,-23.3894,168.0604,45,1812,3304,993,70,,,22,75,24,,,,,,,,,,,,,,,,,,,,,,,,,,,,,
5675,198172,3,NN,A,886,02-Nov-2020,10:18:19,-23.3894,168.0604,,401677745,-128,8,0,02-Nov-2020,10:18:43,-23.3894,168.0604,45,1812,3304,993,70,,,64,85,160,,,,,,,,,,,,,,,,,,,,,,,,,,,,,
5675,198172,3,MA,B,887,02-Nov-2020,10:47:08,-23.3992,168.0484,,401677743,-130,8,0,02-Nov-2020,10:47:09,-23.3992,168.0484,,2919,4508,1890,93,,,74,18,5,,,,,,,,,,,,,,,,,,,,,,,,,,,,,
5675,198172,3,SR,B,888,03-Nov-2020,06:10:01,-23.2195,168.0209,,401677738,-132,,0,03-Nov-2020,06:09:18,-23.2195,168.0209,87,4612,47010,452,79,,,98,136,0,,,,,,,,,,,,,,,,,,,,,,,,,,,,,
5675,198172,3,SR,B,888,03-Nov-2020,06:10:01,-23.2195,168.0209,,401677738,-132,,0,03-Nov-2020,06:10:45,-23.2195,168.0209,87,4612,47010,452,79,,,22,75,24,,,,,,,,,,,,,,,,,,,,,,,,,,,,,
5675,198172,3,A1, ,889,03-Nov-2020,17:56:27,,,,401650000,,,0,03-Nov-2020,17:56:27,,,69,,,,,,,22,75,24,,,,,,,,,,,,,,,,,,,,,,,,,,,,,
5675,198172,3,A1, ,889,03-Nov-2020,17:56:27,,,,401650000,,,0,03-Nov-2020,17:57:01,,,69,,,,,,,115,108,39,,,,,,,,,,,,,,,,,,,,,,,,,,,,,
5675,198172,23,A1, ,889,03-Nov-2020,17:56:27,,,,401650000,,,0,03-Nov-2020,17:57:36,,,69,,,,,,,82,112,131,220,232,140,96,178,1,200,26,214,212,198,49,14,1,116,32,208,208,255,128,,,,,,,,,
5675,198172,3,NP,B,890,03-Nov-2020,18:10:16,-23.2441,167.8513,,401677717,-132,,0,03-Nov-2020,18:10:16,-23.2441,167.8513,,5373,11983,2409,76,,,101,152,62,,,,,,,,,,,,,,,,,,,,,,,,,,,,,
5675,198172,23,SR,3,891,03-Nov-2020,18:35:46,-23.0079,168.0808,,401677731,-121,50,0,03-Nov-2020,18:32:19,-23.0079,168.0808,499,194,417,89,84,,,85,240,131,220,232,140,96,178,1,202,70,146,20,198,99,14,1,75,7,127,198,10,190,,,,,,,,,
5675,198172,3,SR,3,891,03-Nov-2020,18:35:46,-23.0079,168.0808,,401677731,-121,50,0,03-Nov-2020,18:32:35,-23.0079,168.0808,499,194,417,89,84,,,80,50,99,,,,,,,,,,,,,,,,,,,,,,,,,,,,,
5675,198172,3,SR,3,891,03-Nov-2020,18:35:46,-23.0079,168.0808,,401677731,-121,50,0,03-Nov-2020,18:32:49,-23.0079,168.0808,499,194,417,89,84,,,100,134,0,,,,,,,,,,,,,,,,,,,,,,,,,,,,,
5675,198172,3,SR,3,891,03-Nov-2020,18:35:46,-23.0079,168.0808,,401677731,-121,50,0,03-Nov-2020,18:34:33,-23.0079,168.0808,499,194,417,89,84,,,81,55,99,,,,,,,,,,,,,,,,,,,,,,,,,,,,,
5675,198172,3,SR,3,891,03-Nov-2020,18:35:46,-23.0079,168.0808,,401677731,-121,50,0,03-Nov-2020,18:34:52,-23.0079,168.0808,499,194,417,89,84,,,97,129,143,,,,,,,,,,,,,,,,,,,,,,,,,,,,,
5675,198172,3,SR,3,891,03-Nov-2020,18:35:46,-23.0079,168.0808,,401677731,-121,50,0,03-Nov-2020,18:35:58,-23.0079,168.0808,499,194,417,89,84,,,86,60,99,,,,,,,,,,,,,,,,,,,,,,,,,,,,,
5675,198172,3,SR,3,891,03-Nov-2020,18:35:46,-23.0079,168.0808,,401677731,-121,50,1,03-Nov-2020,18:37:22,-23.0079,168.0808,499,194,417,89,84,,,22,75,24,,,,,,,,,,,,,,,,,,,,,,,,,,,,,
5675,198172,3,SR,3,891,03-Nov-2020,18:35:46,-23.0079,168.0808,,401677731,-121,50,0,03-Nov-2020,18:37:56,-23.0079,168.0808,499,194,417,89,84,,,67,15,5,,,,,,,,,,,,,,,,,,,,,,,,,,,,,
5675,198172,3,SR,3,891,03-Nov-2020,18:35:46,-23.0079,168.0808,,401677731,-121,50,2,03-Nov-2020,18:39:40,-23.0079,168.0808,499,194,417,89,84,,,64,16,5,,,,,,,,,,,,,,,,,,,,,,,,,,,,,
5675,198172,3,SR,3,891,03-Nov-2020,18:35:46,-23.0079,168.0808,,401677731,-121,50,0,03-Nov-2020,18:40:23,-23.0079,168.0808,499,194,417,89,84,,,97,135,0,,,,,,,,,,,,,,,,,,,,,,,,,,,,,
5675,198172,3,SR,3,891,03-Nov-2020,18:35:46,-23.0079,168.0808,,401677731,-121,50,5,03-Nov-2020,18:40:38,-23.0079,168.0808,499,194,417,89,84,,,10,0,16,,,,,,,,,,,,,,,,,,,,,,,,,,,,,
5675,198172,3,A1, ,892,03-Nov-2020,19:26:29,,,,401650000,,,0,03-Nov-2020,19:26:29,,,179,,,,,,,98,136,0,,,,,,,,,,,,,,,,,,,,,,,,,,,,,
5675,198172,3,A1, ,892,03-Nov-2020,19:26:29,,,,401650000,,,0,03-Nov-2020,19:27:03,,,179,,,,,,,22,75,24,,,,,,,,,,,,,,,,,,,,,,,,,,,,,
5675,198172,3,A1, ,892,03-Nov-2020,19:26:29,,,,401650000,,,0,03-Nov-2020,19:29:28,,,179,,,,,,,10,0,16,,,,,,,,,,,,,,,,,,,,,,,,,,,,,
5675,198172,3,NK,B,893,03-Nov-2020,19:50:52,-23.0052,168.0732,,401677733,-129,8,0,03-Nov-2020,19:50:52,-23.0052,168.0732,,4940,5415,4505,92,,,97,135,0,,,,,,,,,,,,,,,,,,,,,,,,,,,,,
5675,198172,3,NP,B,894,03-Nov-2020,19:55:53,-23.0084,168.0726,,401677739,-137,8,0,03-Nov-2020,19:55:53,-23.0084,168.0726,,4880,5899,4035,91,,,10,10,0,,,,,,,,,,,,,,,,,,,,,,,,,,,,,
5675,198172,3,SR,B,895,03-Nov-2020,20:11:54,-23.0147,168.0798,,401677728,-136,6,0,03-Nov-2020,20:11:55,-23.0147,168.0798,,5040,7180,3537,82,,,69,17,5,,,,,,,,,,,,,,,,,,,,,,,,,,,,,
5675,198172,3,MC,B,896,03-Nov-2020,20:26:53,-23.0179,168.0807,,401677740,-133,6,0,03-Nov-2020,20:26:53,-23.0179,168.0807,,5111,7785,3355,79,,,128,0,16,,,,,,,,,,,,,,,,,,,,,,,,,,,,,
5675,198172,3,NN,B,897,03-Nov-2020,21:15:08,-23.0165,168.0747,,401677736,-137,8,0,03-Nov-2020,21:15:09,-23.0165,168.0747,,1584,2092,1199,78,,,22,75,24,,,,,,,,,,,,,,,,,,,,,,,,,,,,,
5675,198172,3,SR,B,898,04-Nov-2020,05:40:30,-23.0671,168.0944,,401677758,-133,8,0,04-Nov-2020,05:40:30,-23.0671,168.0944,,3086,4592,2072,76,,,90,105,26,,,,,,,,,,,,,,,,,,,,,,,,,,,,,
5675,198172,3,A1, ,899,04-Nov-2020,05:56:10,,,,401650000,,,0,04-Nov-2020,05:56:10,,,,,,,,,,78,18,13,,,,,,,,,,,,,,,,,,,,,,,,,,,,,
5675,198172,3,NP,3,900,04-Nov-2020,06:46:16,-23.1718,167.9858,,401677734,-133,58,0,04-Nov-2020,06:45:36,-23.1718,167.9858,396,203,507,81,101,,,89,2,100,,,,,,,,,,,,,,,,,,,,,,,,,,,,,
5675,198172,3,NP,3,900,04-Nov-2020,06:46:16,-23.1718,167.9858,,401677734,-133,58,1,04-Nov-2020,06:45:52,-23.1718,167.9858,396,203,507,81,101,,,100,134,0,,,,,,,,,,,,,,,,,,,,,,,,,,,,,
5675,198172,3,NP,3,900,04-Nov-2020,06:46:16,-23.1718,167.9858,,401677734,-133,58,0,04-Nov-2020,06:46:08,-23.1718,167.9858,396,203,507,81,101,,,10,0,16,,,,,,,,,,,,,,,,,,,,,,,,,,,,,
5675,198172,3,NP,3,900,04-Nov-2020,06:46:16,-23.1718,167.9858,,401677734,-133,58,0,04-Nov-2020,06:46:52,-23.1718,167.9858,396,203,507,81,101,,,88,7,100,,,,,,,,,,,,,,,,,,,,,,,,,,,,,
5675,198172,3,NP,3,900,04-Nov-2020,06:46:16,-23.1718,167.9858,,401677734,-133,58,0,04-Nov-2020,06:47:06,-23.1718,167.9858,396,203,507,81,101,,,97,135,0,,,,,,,,,,,,,,,,,,,,,,,,,,,,,
5675,198172,3,NP,3,900,04-Nov-2020,06:46:16,-23.1718,167.9858,,401677734,-133,58,0,04-Nov-2020,06:48:03,-23.1718,167.9858,396,203,507,81,101,,,65,21,5,,,,,,,,,,,,,,,,,,,,,,,,,,,,,
5675,198172,3,NP,3,900,04-Nov-2020,06:46:16,-23.1718,167.9858,,401677734,-133,58,0,04-Nov-2020,06:50:04,-23.1718,167.9858,396,203,507,81,101,,,86,17,100,,,,,,,,,,,,,,,,,,,,,,,,,,,,,
5675,198172,23,NP,3,900,04-Nov-2020,06:46:16,-23.1718,167.9858,,401677734,-133,58,0,04-Nov-2020,06:50:21,-23.1718,167.9858,396,203,507,81,101,,,88,208,131,220,232,140,96,178,2,27,0,51,114,176,125,33,72,138,105,93,14,139,15,,,,,,,,,
5675,198172,3,NP,3,900,04-Nov-2020,06:46:16,-23.1718,167.9858,,401677734,-133,58,1,04-Nov-2020,06:50:45,-23.1718,167.9858,396,203,507,81,101,,,97,135,0,,,,,,,,,,,,,,,,,,,,,,,,,,,,,
5675,198172,3,NP,3,900,04-Nov-2020,06:46:16,-23.1718,167.9858,,401677734,-133,58,1,04-Nov-2020,06:51:00,-23.1718,167.9858,396,203,507,81,101,,,10,0,16,,,,,,,,,,,,,,,,,,,,,,,,,,,,,
5675,198172,3,NP,3,900,04-Nov-2020,06:46:16,-23.1718,167.9858,,401677734,-133,58,1,04-Nov-2020,06:51:16,-23.1718,167.9858,396,203,507,81,101,,,22,75,24,,,,,,,,,,,,,,,,,,,,,,,,,,,,,
5675,198172,3,NP,3,900,04-Nov-2020,06:46:16,-23.1718,167.9858,,401677734,-133,58,1,04-Nov-2020,06:52:12,-23.1718,167.9858,396,203,507,81,101,,,65,21,5,,,,,,,,,,,,,,,,,,,,,,,,,,,,,
5675,198172,3,SR,3,901,04-Nov-2020,07:21:10,-23.1753,167.9740,,401677730,-128,58,0,04-Nov-2020,07:19:15,-23.1753,167.9740,319,166,258,107,28,,,10,0,16,,,,,,,,,,,,,,,,,,,,,,,,,,,,,
5675,198172,3,SR,3,901,04-Nov-2020,07:21:10,-23.1753,167.9740,,401677730,-128,58,0,04-Nov-2020,07:19:33,-23.1753,167.9740,319,166,258,107,28,,,22,75,24,,,,,,,,,,,,,,,,,,,,,,,,,,,,,
5675,198172,3,SR,3,901,04-Nov-2020,07:21:10,-23.1753,167.9740,,401677730,-128,58,0,04-Nov-2020,07:21:04,-23.1753,167.9740,319,166,258,107,28,,,79,19,5,,,,,,,,,,,,,,,,,,,,,,,,,,,,,
5675,198172,23,SR,3,901,04-Nov-2020,07:21:10,-23.1753,167.9740,,401677730,-128,58,0,04-Nov-2020,07:21:24,-23.1753,167.9740,319,166,258,107,28,,,89,48,131,220,232,140,96,178,2,29,152,19,86,200,87,14,0,129,246,94,113,223,224,,,,,,,,,
5675,198172,3,SR,3,901,04-Nov-2020,07:21:10,-23.1753,167.9740,,401677730,-128,58,0,04-Nov-2020,07:24:34,-23.1753,167.9740,319,166,258,107,28,,,95,44,100,,,,,,,,,,,,,,,,,,,,,,,,,,,,,
5675,198172,3,A1,B,902,04-Nov-2020,17:39:19,-23.1794,167.7684,,401677798,-133,8,0,04-Nov-2020,17:39:19,-23.1794,167.7684,,2690,4763,1518,98,,,10,0,16,,,,,,,,,,,,,,,,,,,,,,,,,,,,,
5675,198172,3,NP,3,903,04-Nov-2020,18:07:55,-23.1249,168.0966,,401677733,-131,56,0,04-Nov-2020,18:00:39,-23.1249,168.0966,437,173,283,105,60,,,64,16,5,,,,,,,,,,,,,,,,,,,,,,,,,,,,,
5675,198172,3,NP,3,903,04-Nov-2020,18:07:55,-23.1249,168.0966,,401677733,-131,56,0,04-Nov-2020,18:01:17,-23.1249,168.0966,437,173,283,105,60,,,88,169,100,,,,,,,,,,,,,,,,,,,,,,,,,,,,,
5675,198172,3,NP,3,903,04-Nov-2020,18:07:55,-23.1249,168.0966,,401677733,-131,56,0,04-Nov-2020,18:02:49,-23.1249,168.0966,437,173,283,105,60,,,100,134,0,,,,,,,,,,,,,,,,,,,,,,,,,,,,,
5675,198172,3,NP,3,903,04-Nov-2020,18:07:55,-23.1249,168.0966,,401677733,-131,56,0,04-Nov-2020,18:05:07,-23.1249,168.0966,437,173,283,105,60,,,74,18,5,,,,,,,,,,,,,,,,,,,,,,,,,,,,,
5675,198172,3,NP,3,903,04-Nov-2020,18:07:55,-23.1249,168.0966,,401677733,-131,56,0,04-Nov-2020,18:05:24,-23.1249,168.0966,437,173,283,105,60,,,93,184,100,,,,,,,,,,,,,,,,,,,,,,,,,,,,,
5675,198172,3,NP,3,903,04-Nov-2020,18:07:55,-23.1249,168.0966,,401677733,-131,56,2,04-Nov-2020,18:05:46,-23.1249,168.0966,437,173,283,105,60,,,97,135,0,,,,,,,,,,,,,,,,,,,,,,,,,,,,,
5675,198172,3,NP,3,903,04-Nov-2020,18:07:55,-23.1249,168.0966,,401677733,-131,56,3,04-Nov-2020,18:06:06,-23.1249,168.0966,437,173,283,105,60,,,10,0,16,,,,,,,,,,,,,,,,,,,,,,,,,,,,,
5675,198172,3,NP,3,903,04-Nov-2020,18:07:55,-23.1249,168.0966,,401677733,-131,56,0,04-Nov-2020,18:06:26,-23.1249,168.0966,437,173,283,105,60,,,22,76,22,,,,,,,,,,,,,,,,,,,,,,,,,,,,,
5675,198172,3,NP,3,903,04-Nov-2020,18:07:55,-23.1249,168.0966,,401677733,-131,56,0,04-Nov-2020,18:06:40,-23.1249,168.0966,437,173,283,105,60,,,69,17,5,,,,,,,,,,,,,,,,,,,,,,,,,,,,,
5675,198172,3,NP,3,903,04-Nov-2020,18:07:55,-23.1249,168.0966,,401677733,-131,56,0,04-Nov-2020,18:07:22,-23.1249,168.0966,437,173,283,105,60,,,100,135,0,,,,,,,,,,,,,,,,,,,,,,,,,,,,,
5675,198172,3,NP,3,903,04-Nov-2020,18:07:55,-23.1249,168.0966,,401677733,-131,56,0,04-Nov-2020,18:07:56,-23.1249,168.0966,437,173,283,105,60,,,22,75,24,,,,,,,,,,,,,,,,,,,,,,,,,,,,,
5675,198172,3,SR,3,904,04-Nov-2020,18:05:00,-23.1248,168.0868,,401677734,-130,56,0,04-Nov-2020,18:00:39,-23.1248,168.0868,529,239,292,195,49,,,64,16,5,,,,,,,,,,,,,,,,,,,,,,,,,,,,,
5675,198172,3,SR,3,904,04-Nov-2020,18:05:00,-23.1248,168.0868,,401677734,-130,56,0,04-Nov-2020,18:02:49,-23.1248,168.0868,529,239,292,195,49,,,100,134,0,,,,,,,,,,,,,,,,,,,,,,,,,,,,,
5675,198172,3,SR,3,904,04-Nov-2020,18:05:00,-23.1248,168.0868,,401677734,-130,56,0,04-Nov-2020,18:04:01,-23.1248,168.0868,529,239,292,195,49,,,90,179,100,,,,,,,,,,,,,,,,,,,,,,,,,,,,,
5675,198172,3,SR,3,904,04-Nov-2020,18:05:00,-23.1248,168.0868,,401677734,-130,56,0,04-Nov-2020,18:05:07,-23.1248,168.0868,529,239,292,195,49,,,74,18,5,,,,,,,,,,,,,,,,,,,,,,,,,,,,,
5675,198172,3,SR,3,904,04-Nov-2020,18:05:00,-23.1248,168.0868,,401677734,-130,56,0,04-Nov-2020,18:05:24,-23.1248,168.0868,529,239,292,195,49,,,93,184,100,,,,,,,,,,,,,,,,,,,,,,,,,,,,,
5675,198172,3,SR,3,904,04-Nov-2020,18:05:00,-23.1248,168.0868,,401677734,-130,56,1,04-Nov-2020,18:05:46,-23.1248,168.0868,529,239,292,195,49,,,97,135,0,,,,,,,,,,,,,,,,,,,,,,,,,,,,,
5675,198172,3,SR,3,904,04-Nov-2020,18:05:00,-23.1248,168.0868,,401677734,-130,56,2,04-Nov-2020,18:06:06,-23.1248,168.0868,529,239,292,195,49,,,10,0,16,,,,,,,,,,,,,,,,,,,,,,,,,,,,,
5675,198172,3,SR,3,904,04-Nov-2020,18:05:00,-23.1248,168.0868,,401677734,-130,56,0,04-Nov-2020,18:06:26,-23.1248,168.0868,529,239,292,195,49,,,22,67,179,,,,,,,,,,,,,,,,,,,,,,,,,,,,,
5675,198172,3,SR,3,904,04-Nov-2020,18:05:00,-23.1248,168.0868,,401677734,-130,56,0,04-Nov-2020,18:06:40,-23.1248,168.0868,529,239,292,195,49,,,69,17,5,,,,,,,,,,,,,,,,,,,,,,,,,,,,,
5675,198172,3,SR,3,904,04-Nov-2020,18:05:00,-23.1248,168.0868,,401677734,-130,56,0,04-Nov-2020,18:06:56,-23.1248,168.0868,529,239,292,195,49,,,92,189,100,,,,,,,,,,,,,,,,,,,,,,,,,,,,,
5675,198172,3,SR,3,904,04-Nov-2020,18:05:00,-23.1248,168.0868,,401677734,-130,56,1,04-Nov-2020,18:07:56,-23.1248,168.0868,529,239,292,195,49,,,22,75,24,,,,,,,,,,,,,,,,,,,,,,,,,,,,,
5675,198172,23,SR,3,904,04-Nov-2020,18:05:00,-23.1248,168.0868,,401677734,-130,56,0,04-Nov-2020,18:09:28,-23.1248,168.0868,529,239,292,195,49,,,78,112,131,220,232,140,96,178,2,72,217,87,150,201,131,14,1,161,30,209,0,255,128,,,,,,,,,
5675,198172,3,MA, ,905,05-Nov-2020,08:08:00,,,,401650000,,,0,05-Nov-2020,08:08:00,,,81,,,,,,,103,137,0,,,,,,,,,,,,,,,,,,,,,,,,,,,,,
5675,198172,23,MA, ,905,05-Nov-2020,08:08:00,,,,401650000,,,0,05-Nov-2020,08:09:21,,,81,,,,,,,75,240,131,220,232,140,96,178,2,160,215,151,212,201,231,18,1,207,30,210,32,255,128,,,,,,,,,
5675,198172,3,MA, ,906,05-Nov-2020,09:46:32,,,,401650000,,,0,05-Nov-2020,09:46:32,,,,,,,,,,103,137,0,,,,,,,,,,,,,,,,,,,,,,,,,,,,,
5675,198172,3,SR,1,907,05-Nov-2020,17:35:23,-23.2160,168.0317,,401677724,-135,50,0,05-Nov-2020,17:32:56,-23.2160,168.0317,258,701,2438,201,140,,,68,20,5,,,,,,,,,,,,,,,,,,,,,,,,,,,,,
5675,198172,3,SR,1,907,05-Nov-2020,17:35:23,-23.2160,168.0317,,401677724,-135,50,0,05-Nov-2020,17:35:17,-23.2160,168.0317,258,701,2438,201,140,,,98,136,0,,,,,,,,,,,,,,,,,,,,,,,,,,,,,
5675,198172,3,SR,1,907,05-Nov-2020,17:35:23,-23.2160,168.0317,,401677724,-135,50,0,05-Nov-2020,17:36:08,-23.2160,168.0317,258,701,2438,201,140,,,22,75,26,,,,,,,,,,,,,,,,,,,,,,,,,,,,,
5675,198172,3,SR,1,907,05-Nov-2020,17:35:23,-23.2160,168.0317,,401677724,-135,50,0,05-Nov-2020,17:37:14,-23.2160,168.0317,258,701,2438,201,140,,,87,43,101,,,,,,,,,,,,,,,,,,,,,,,,,,,,,
5675,198172,3,NP,3,908,05-Nov-2020,17:53:20,-23.2418,168.0334,,401677732,-130,56,0,05-Nov-2020,17:47:35,-23.2418,168.0334,470,242,326,179,171,,,75,23,5,,,,,,,,,,,,,,,,,,,,,,,,,,,,,
5675,198172,3,NP,3,908,05-Nov-2020,17:53:20,-23.2418,168.0334,,401677732,-130,56,0,05-Nov-2020,17:47:49,-23.2418,168.0334,470,242,326,179,171,,,209,75,101,,,,,,,,,,,,,,,,,,,,,,,,,,,,,
5675,198172,3,NP,3,908,05-Nov-2020,17:53:20,-23.2418,168.0334,,401677732,-130,56,0,05-Nov-2020,17:50:13,-23.2418,168.0334,470,242,326,179,171,,,98,136,0,,,,,,,,,,,,,,,,,,,,,,,,,,,,,
5675,198172,23,NP,3,908,05-Nov-2020,17:53:20,-23.2418,168.0334,,401677732,-130,56,0,05-Nov-2020,17:52:54,-23.2418,168.0334,470,242,326,179,171,,,78,48,131,220,232,140,96,178,2,199,145,23,146,202,175,14,1,127,30,219,32,219,43,,,,,,,,,
5675,198172,3,NP,3,908,05-Nov-2020,17:53:20,-23.2418,168.0334,,401677732,-130,56,1,05-Nov-2020,17:54:35,-23.2418,168.0334,470,242,326,179,171,,,97,135,0,,,,,,,,,,,,,,,,,,,,,,,,,,,,,
5675,198172,3,NP,3,908,05-Nov-2020,17:53:20,-23.2418,168.0334,,401677732,-130,56,0,05-Nov-2020,17:54:54,-23.2418,168.0334,470,242,326,179,171,,,10,0,16,,,,,,,,,,,,,,,,,,,,,,,,,,,,,
5675,198172,3,NP,3,908,05-Nov-2020,17:53:20,-23.2418,168.0334,,401677732,-130,56,1,05-Nov-2020,17:55:25,-23.2418,168.0334,470,242,326,179,171,,,22,75,24,,,,,,,,,,,,,,,,,,,,,,,,,,,,,
5675,198172,3,NK,B,909,05-Nov-2020,18:54:56,-23.2541,168.0159,,401677729,-135,8,0,05-Nov-2020,18:54:06,-23.2541,168.0159,102,1912,9279,393,108,,,75,23,5,,,,,,,,,,,,,,,,,,,,,,,,,,,,,
5675,198172,3,NK,B,909,05-Nov-2020,18:54:56,-23.2541,168.0159,,401677729,-135,8,0,05-Nov-2020,18:55:48,-23.2541,168.0159,102,1912,9279,393,108,,,10,8,4,,,,,,,,,,,,,,,,,,,,,,,,,,,,,
5675,198172,3,SR,B,910,06-Nov-2020,06:16:21,-23.3887,167.8235,,401677725,-136,8,0,06-Nov-2020,06:16:22,-23.3887,167.8235,,8579,10051,7322,95,,,80,209,101,,,,,,,,,,,,,,,,,,,,,,,,,,,,,
5675,198172,3,A1,B,911,06-Nov-2020,07:04:44,-23.2571,167.9877,,401677723,-138,8,0,06-Nov-2020,07:01:13,-23.2571,167.9877,423,8267,320073,213,9,,,10,0,16,,,,,,,,,,,,,,,,,,,,,,,,,,,,,
5675,198172,3,A1,B,911,06-Nov-2020,07:04:44,-23.2571,167.9877,,401677723,-138,8,0,06-Nov-2020,07:08:16,-23.2571,167.9877,423,8267,320073,213,9,,,10,8,16,,,,,,,,,,,,,,,,,,,,,,,,,,,,,
5675,198172,3,NK,B,912,06-Nov-2020,07:19:00,-23.2366,167.9912,,401677731,-135,6,0,06-Nov-2020,07:19:00,-23.2366,167.9912,,5686,20967,1541,8,,,64,32,5,,,,,,,,,,,,,,,,,,,,,,,,,,,,,
5675,198172,3,MA,B,913,06-Nov-2020,09:24:29,-23.1874,168.0423,,401677728,-127,8,0,06-Nov-2020,09:22:51,-23.1874,168.0423,197,4516,175534,116,76,,,85,16,102,,,,,,,,,,,,,,,,,,,,,,,,,,,,,
5675,198172,3,MA,B,913,06-Nov-2020,09:24:29,-23.1874,168.0423,,401677728,-127,8,0,06-Nov-2020,09:26:08,-23.1874,168.0423,197,4516,175534,116,76,,,84,21,110,,,,,,,,,,,,,,,,,,,,,,,,,,,,,
5675,198172,3,MC,B,914,06-Nov-2020,11:28:00,-23.1368,168.0654,,401677765,-134,7,0,06-Nov-2020,11:28:00,-23.1368,168.0654,,4892,7548,3170,75,,,84,37,103,,,,,,,,,,,,,,,,,,,,,,,,,,,,,
5675,198172,3,NP,0,915,06-Nov-2020,17:38:03,-23.4676,167.7762,,401677806,-138,48,0,06-Nov-2020,17:38:03,-23.4676,167.7762,432,2618,7234,947,72,,,26,111,32,,,,,,,,,,,,,,,,,,,,,,,,,,,,,
5675,198172,3,NP,0,915,06-Nov-2020,17:38:03,-23.4676,167.7762,,401677806,-138,48,0,06-Nov-2020,17:40:03,-23.4676,167.7762,432,2618,7234,947,72,,,65,29,5,,,,,,,,,,,,,,,,,,,,,,,,,,,,,
5675,198172,3,NP,0,915,06-Nov-2020,17:38:03,-23.4676,167.7762,,401677806,-138,48,1,06-Nov-2020,17:45:15,-23.4676,167.7762,432,2618,7234,947,72,,,10,0,16,,,,,,,,,,,,,,,,,,,,,,,,,,,,,
5675,198172,3,A1,1,916,06-Nov-2020,18:44:23,-23.5088,167.8197,,401677731,-123,58,0,06-Nov-2020,18:42:49,-23.5088,167.8197,192,1146,15850,82,77,,,74,18,5,,,,,,,,,,,,,,,,,,,,,,,,,,,,,
5675,198172,3,A1,1,916,06-Nov-2020,18:44:23,-23.5088,167.8197,,401677731,-123,58,0,06-Nov-2020,18:43:46,-23.5088,167.8197,192,1146,15850,82,77,,,10,0,16,,,,,,,,,,,,,,,,,,,,,,,,,,,,,
5675,198172,3,A1,1,916,06-Nov-2020,18:44:23,-23.5088,167.8197,,401677731,-123,58,0,06-Nov-2020,18:44:56,-23.5088,167.8197,192,1146,15850,82,77,,,22,75,24,,,,,,,,,,,,,,,,,,,,,,,,,,,,,
5675,198172,3,A1,1,916,06-Nov-2020,18:44:23,-23.5088,167.8197,,401677731,-123,58,0,06-Nov-2020,18:46:01,-23.5088,167.8197,192,1146,15850,82,77,,,68,20,5,,,,,,,,,,,,,,,,,,,,,,,,,,,,,
5675,198172,3,SR,B,917,06-Nov-2020,18:43:52,-23.5117,167.7842,,401677724,-134,8,0,06-Nov-2020,18:42:49,-23.5117,167.7842,127,5971,105953,336,81,,,74,18,5,,,,,,,,,,,,,,,,,,,,,,,,,,,,,
5675,198172,3,SR,B,917,06-Nov-2020,18:43:52,-23.5117,167.7842,,401677724,-134,8,0,06-Nov-2020,18:44:56,-23.5117,167.7842,127,5971,105953,336,81,,,22,76,135,,,,,,,,,,,,,,,,,,,,,,,,,,,,,
5675,198172,3,NP,B,918,06-Nov-2020,19:23:54,-23.5156,167.8241,,401677733,-128,8,0,06-Nov-2020,19:23:54,-23.5156,167.8241,,2977,4036,2195,82,,,65,21,37,,,,,,,,,,,,,,,,,,,,,,,,,,,,,
5675,198172,3,SR,B,919,07-Nov-2020,18:10:49,-23.8223,167.5402,,401677661,-136,,0,07-Nov-2020,18:08:38,-23.8223,167.5402,263,4024,72852,222,0,,,22,75,16,,,,,,,,,,,,,,,,,,,,,,,,,,,,,
5675,198172,3,SR,B,919,07-Nov-2020,18:10:49,-23.8223,167.5402,,401677661,-136,,0,07-Nov-2020,18:13:01,-23.8223,167.5402,263,4024,72852,222,0,,,78,6,5,,,,,,,,,,,,,,,,,,,,,,,,,,,,,
5675,198172,3,A1,B,920,07-Nov-2020,18:33:32,-23.9011,167.5432,,401677716,-136,6,0,07-Nov-2020,18:33:33,-23.9011,167.5432,,7434,37310,1481,175,,,22,72,174,,,,,,,,,,,,,,,,,,,,,,,,,,,,,
5675,198172,3,A1,0,921,08-Nov-2020,06:34:20,-24.3423,167.3790,,401677736,-131,40,0,08-Nov-2020,06:33:00,-24.3423,167.3790,151,4774,38814,587,100,,,100,134,0,,,,,,,,,,,,,,,,,,,,,,,,,,,,,
5675,198172,3,A1,0,921,08-Nov-2020,06:34:20,-24.3423,167.3790,,401677736,-131,40,0,08-Nov-2020,06:33:51,-24.3423,167.3790,151,4774,38814,587,100,,,10,0,16,,,,,,,,,,,,,,,,,,,,,,,,,,,,,
5675,198172,3,A1,0,921,08-Nov-2020,06:34:20,-24.3423,167.3790,,401677736,-131,40,0,08-Nov-2020,06:34:59,-24.3423,167.3790,151,4774,38814,587,100,,,22,75,24,,,,,,,,,,,,,,,,,,,,,,,,,,,,,
5675,198172,3,A1,0,921,08-Nov-2020,06:34:20,-24.3423,167.3790,,401677736,-131,40,0,08-Nov-2020,06:35:31,-24.3423,167.3790,151,4774,38814,587,100,,,71,11,5,,,,,,,,,,,,,,,,,,,,,,,,,,,,,
5675,198172,3,SR,B,922,08-Nov-2020,06:56:50,-24.3364,167.3769,,401677793,-130,6,0,08-Nov-2020,06:55:56,-24.3364,167.3769,109,7404,57455,954,84,,,95,114,103,,,,,,,,,,,,,,,,,,,,,,,,,,,,,
5675,198172,3,SR,B,922,08-Nov-2020,06:56:50,-24.3364,167.3769,,401677793,-130,6,0,08-Nov-2020,06:57:45,-24.3364,167.3769,109,7404,57455,954,84,,,22,91,8,,,,,,,,,,,,,,,,,,,,,,,,,,,,,
5675,198172,3,A1,B,923,08-Nov-2020,18:14:26,-24.6478,167.3134,,401677723,-134,8,0,08-Nov-2020,18:14:27,-24.6478,167.3134,,36298,79429,16587,110,,,22,75,24,,,,,,,,,,,,,,,,,,,,,,,,,,,,,
5675,198172,3,NP,B,924,08-Nov-2020,19:02:47,-24.6654,167.3106,,401677727,-132,8,0,08-Nov-2020,19:02:47,-24.6654,167.3106,,3011,7802,1161,112,,,22,75,24,,,,,,,,,,,,,,,,,,,,,,,,,,,,,
5675,198172,3,NK,B,925,08-Nov-2020,21:00:00,-24.7314,167.2682,,401677754,-128,7,0,08-Nov-2020,21:00:01,-24.7314,167.2682,,3245,7399,1422,117,,,97,135,0,,,,,,,,,,,,,,,,,,,,,,,,,,,,,
5675,198172,3,MA,B,926,09-Nov-2020,08:21:55,-25.1250,167.1733,,401677723,-128,8,0,09-Nov-2020,08:21:56,-25.1250,167.1733,,4049,10188,1609,104,,,22,75,24,,,,,,,,,,,,,,,,,,,,,,,,,,,,,
5675,198172,3,MA,B,927,09-Nov-2020,09:57:53,-25.2095,167.1196,,401677749,-130,6,0,09-Nov-2020,09:57:54,-25.2095,167.1196,,5699,10557,3075,107,,,97,135,0,,,,,,,,,,,,,,,,,,,,,,,,,,,,,
5675,198172,3,NP,B,928,09-Nov-2020,18:50:44,-25.5777,166.8744,,401677732,-131,,0,09-Nov-2020,18:50:44,-25.5777,166.8744,,6011,11711,3085,63,,,64,0,5,,,,,,,,,,,,,,,,,,,,,,,,,,,,,
5675,198172,3,SR,B,929,09-Nov-2020,18:50:44,-25.5982,166.8909,,401677751,-134,8,0,09-Nov-2020,18:50:44,-25.5982,166.8909,,6443,9126,4548,73,,,64,0,5,,,,,,,,,,,,,,,,,,,,,,,,,,,,,
5675,198172,3,NK,B,930,09-Nov-2020,18:56:41,-25.5532,166.8916,,401677730,-133,6,0,09-Nov-2020,18:56:41,-25.5532,166.8916,,4667,11510,1892,83,,,10,0,16,,,,,,,,,,,,,,,,,,,,,,,,,,,,,
5675,198172,3,MA,B,931,09-Nov-2020,19:34:21,-25.5537,166.8930,,401677723,-136,8,0,09-Nov-2020,19:34:21,-25.5537,166.8930,,3240,7066,1485,86,,,64,0,5,,,,,,,,,,,,,,,,,,,,,,,,,,,,,
5675,198172,3,A1,B,932,09-Nov-2020,19:34:21,-25.5615,166.8428,,401677734,-133,,0,09-Nov-2020,19:34:21,-25.5615,166.8428,,4090,22262,751,68,,,64,0,5,,,,,,,,,,,,,,,,,,,,,,,,,,,,,
5675,198172,3,NP,B,933,10-Nov-2020,08:53:05,-25.8915,166.4033,,401677730,-136,,0,10-Nov-2020,08:52:18,-25.8915,166.4033,96,4090,56291,297,79,,,74,2,5,,,,,,,,,,,,,,,,,,,,,,,,,,,,,
5675,198172,3,NP,B,933,10-Nov-2020,08:53:05,-25.8915,166.4033,,401677730,-136,,0,10-Nov-2020,08:53:54,-25.8915,166.4033,96,4090,56291,297,79,,,84,145,104,,,,,,,,,,,,,,,,,,,,,,,,,,,,,
5675,198172,3,NP,3,934,10-Nov-2020,18:35:29,-26.2053,166.2864,,401677737,-127,58,0,10-Nov-2020,18:28:46,-26.2053,166.2864,424,160,378,67,117,,,83,186,104,,,,,,,,,,,,,,,,,,,,,,,,,,,,,
5675,198172,3,NP,3,934,10-Nov-2020,18:35:29,-26.2053,166.2864,,401677737,-127,58,0,10-Nov-2020,18:29:38,-26.2053,166.2864,424,160,378,67,117,,,97,135,1,,,,,,,,,,,,,,,,,,,,,,,,,,,,,
5675,198172,3,NP,3,934,10-Nov-2020,18:35:29,-26.2053,166.2864,,401677737,-127,58,0,10-Nov-2020,18:31:58,-26.2053,166.2864,424,160,378,67,117,,,10,0,16,,,,,,,,,,,,,,,,,,,,,,,,,,,,,
5675,198172,3,NP,3,934,10-Nov-2020,18:35:29,-26.2053,166.2864,,401677737,-127,58,0,10-Nov-2020,18:33:09,-26.2053,166.2864,424,160,378,67,117,,,22,75,24,,,,,,,,,,,,,,,,,,,,,,,,,,,,,
5675,198172,3,NP,3,934,10-Nov-2020,18:35:29,-26.2053,166.2864,,401677737,-127,58,0,10-Nov-2020,18:35:08,-26.2053,166.2864,424,160,378,67,117,,,64,25,5,,,,,,,,,,,,,,,,,,,,,,,,,,,,,
5675,198172,3,NP,3,934,10-Nov-2020,18:35:29,-26.2053,166.2864,,401677737,-127,58,0,10-Nov-2020,18:35:50,-26.2053,166.2864,424,160,378,67,117,,,82,191,104,,,,,,,,,,,,,,,,,,,,,,,,,,,,,
5675,198172,3,NK,0,935,10-Nov-2020,18:34:01,-26.2032,166.2994,,401677740,-132,58,0,10-Nov-2020,18:31:58,-26.2032,166.2994,232,2956,12647,690,52,,,10,0,16,,,,,,,,,,,,,,,,,,,,,,,,,,,,,
5675,198172,3,NK,0,935,10-Nov-2020,18:34:01,-26.2032,166.2994,,401677740,-132,58,0,10-Nov-2020,18:33:09,-26.2032,166.2994,232,2956,12647,690,52,,,22,75,24,,,,,,,,,,,,,,,,,,,,,,,,,,,,,
5675,198172,3,NK,0,935,10-Nov-2020,18:34:01,-26.2032,166.2994,,401677740,-132,58,0,10-Nov-2020,18:35:08,-26.2032,166.2994,232,2956,12647,690,52,,,68,39,116,,,,,,,,,,,,,,,,,,,,,,,,,,,,,
5675,198172,3,NK,0,935,10-Nov-2020,18:34:01,-26.2032,166.2994,,401677740,-132,58,0,10-Nov-2020,18:35:50,-26.2032,166.2994,232,2956,12647,690,52,,,82,191,104,,,,,,,,,,,,,,,,,,,,,,,,,,,,,
5675,198172,3,NK,3,936,10-Nov-2020,20:14:12,-26.2434,166.2343,,401677740,-127,56,0,10-Nov-2020,20:10:35,-26.2434,166.2343,382,218,583,81,106,,,97,133,0,,,,,,,,,,,,,,,,,,,,,,,,,,,,,
5675,198172,3,NK,3,936,10-Nov-2020,20:14:12,-26.2434,166.2343,,401677740,-127,56,0,10-Nov-2020,20:13:25,-26.2434,166.2343,382,218,583,81,106,,,95,133,108,,,,,,,,,,,,,,,,,,,,,,,,,,,,,
5675,198172,3,NK,3,936,10-Nov-2020,20:14:12,-26.2434,166.2343,,401677740,-127,56,0,10-Nov-2020,20:13:58,-26.2434,166.2343,382,218,583,81,106,,,100,134,0,,,,,,,,,,,,,,,,,,,,,,,,,,,,,
5675,198172,3,NK,3,936,10-Nov-2020,20:14:12,-26.2434,166.2343,,401677740,-127,56,0,10-Nov-2020,20:14:52,-26.2434,166.2343,382,218,583,81,106,,,22,75,24,,,,,,,,,,,,,,,,,,,,,,,,,,,,,
5675,198172,3,NK,3,936,10-Nov-2020,20:14:12,-26.2434,166.2343,,401677740,-127,56,1,10-Nov-2020,20:15:37,-26.2434,166.2343,382,218,583,81,106,,,64,0,5,,,,,,,,,,,,,,,,,,,,,,,,,,,,,
5675,198172,3,NK,3,936,10-Nov-2020,20:14:12,-26.2434,166.2343,,401677740,-127,56,0,10-Nov-2020,20:16:18,-26.2434,166.2343,382,218,583,81,106,,,84,238,40,,,,,,,,,,,,,,,,,,,,,,,,,,,,,
5675,198172,3,NK,3,936,10-Nov-2020,20:14:12,-26.2434,166.2343,,401677740,-127,56,0,10-Nov-2020,20:16:57,-26.2434,166.2343,382,218,583,81,106,,,97,135,0,,,,,,,,,,,,,,,,,,,,,,,,,,,,,
5675,198172,3,NP,0,937,10-Nov-2020,20:14:08,-26.2408,166.2432,,401677740,-133,58,0,10-Nov-2020,20:12:00,-26.2408,166.2432,217,1544,4916,484,47,,,64,0,5,,,,,,,,,,,,,,,,,,,,,,,,,,,,,
5675,198172,3,NP,0,937,10-Nov-2020,20:14:08,-26.2408,166.2432,,401677740,-133,58,0,10-Nov-2020,20:13:58,-26.2408,166.2432,217,1544,4916,484,47,,,100,134,0,,,,,,,,,,,,,,,,,,,,,,,,,,,,,
5675,198172,3,NP,0,937,10-Nov-2020,20:14:08,-26.2408,166.2432,,401677740,-133,58,0,10-Nov-2020,20:14:17,-26.2408,166.2432,217,1544,4916,484,47,,,47,182,14,,,,,,,,,,,,,,,,,,,,,,,,,,,,,
5675,198172,3,NP,0,937,10-Nov-2020,20:14:08,-26.2408,166.2432,,401677740,-133,58,0,10-Nov-2020,20:14:52,-26.2408,166.2432,217,1544,4916,484,47,,,22,75,24,,,,,,,,,,,,,,,,,,,,,,,,,,,,,
5675,198172,3,NP,0,937,10-Nov-2020,20:14:08,-26.2408,166.2432,,401677740,-133,58,0,10-Nov-2020,20:15:37,-26.2408,166.2432,217,1544,4916,484,47,,,64,0,21,,,,,,,,,,,,,,,,,,,,,,,,,,,,,
5675,198172,3,MC,A,938,10-Nov-2020,21:20:53,-26.2651,166.2152,,401677740,-127,8,0,10-Nov-2020,21:19:54,-26.2651,166.2152,108,1893,9936,360,93,,,95,249,104,,,,,,,,,,,,,,,,,,,,,,,,,,,,,
5675,198172,3,MC,A,938,10-Nov-2020,21:20:53,-26.2651,166.2152,,401677740,-127,8,0,10-Nov-2020,21:21:04,-26.2651,166.2152,108,1893,9936,360,93,,,98,136,0,,,,,,,,,,,,,,,,,,,,,,,,,,,,,
5675,198172,3,MC,A,938,10-Nov-2020,21:20:53,-26.2651,166.2152,,401677740,-127,8,0,10-Nov-2020,21:21:42,-26.2651,166.2152,108,1893,9936,360,93,,,10,0,16,,,,,,,,,,,,,,,,,,,,,,,,,,,,,
5675,198172,3,A1,B,939,11-Nov-2020,05:51:59,-26.5275,165.9974,,401677749,-137,8,0,11-Nov-2020,05:51:59,-26.5275,165.9974,,2637,7626,911,88,,,91,19,105,,,,,,,,,,,,,,,,,,,,,,,,,,,,,
5675,198172,3,NP,B,940,11-Nov-2020,07:01:42,-26.5657,165.9453,,401677742,-130,8,0,11-Nov-2020,07:01:42,-26.5657,165.9453,,4081,20476,813,90,,,10,0,16,,,,,,,,,,,,,,,,,,,,,,,,,,,,,
5675,198172,3,NN,B,941,11-Nov-2020,10:02:50,-26.6502,165.8349,,401677753,-133,8,0,11-Nov-2020,10:02:19,-26.6502,165.8349,63,3507,30231,406,104,,,64,254,4,,,,,,,,,,,,,,,,,,,,,,,,,,,,,
5675,198172,3,NN,B,941,11-Nov-2020,10:02:50,-26.6502,165.8349,,401677753,-133,8,0,11-Nov-2020,10:03:22,-26.6502,165.8349,63,3507,30231,406,104,,,82,81,105,,,,,,,,,,,,,,,,,,,,,,,,,,,,,
5675,198172,3,SR,B,942,11-Nov-2020,17:45:15,-26.9730,165.6454,,401677715,-133,8,0,11-Nov-2020,17:45:16,-26.9730,165.6454,,3845,10089,1464,89,,,89,118,105,,,,,,,,,,,,,,,,,,,,,,,,,,,,,
5675,198172,23,NK,B,943,11-Nov-2020,18:07:42,-26.9618,165.6726,,401677707,-140,6,0,11-Nov-2020,18:07:42,-26.9618,165.6726,,4500,22002,920,92,,,90,74,228,226,244,4,205,39,132,4,25,22,128,214,130,26,20,64,0,172,54,127,221,,,,,,,,,
5675,198172,3,NP,B,944,11-Nov-2020,18:24:58,-26.9191,165.8294,,401677738,-128,50,0,11-Nov-2020,18:20:20,-26.9191,165.8294,286,3129,18423,531,106,,,98,136,0,,,,,,,,,,,,,,,,,,,,,,,,,,,,,
5675,198172,3,NP,B,944,11-Nov-2020,18:24:58,-26.9191,165.8294,,401677738,-128,50,0,11-Nov-2020,18:24:51,-26.9191,165.8294,286,3129,18423,531,106,,,76,242,4,,,,,,,,,,,,,,,,,,,,,,,,,,,,,
5675,198172,3,NP,B,944,11-Nov-2020,18:24:58,-26.9191,165.8294,,401677738,-128,50,0,11-Nov-2020,18:25:06,-26.9191,165.8294,286,3129,18423,531,106,,,81,159,105,,,,,,,,,,,,,,,,,,,,,,,,,,,,,
5675,198172,3,A1,B,945,11-Nov-2020,19:08:00,-27.0149,166.0741,,401677729,-135,8,0,11-Nov-2020,19:08:01,-27.0149,166.0741,,2004,2297,1748,95,,,97,135,2,,,,,,,,,,,,,,,,,,,,,,,,,,,,,
5675,198172,3,NP,B,946,11-Nov-2020,20:06:21,-27.0253,166.0767,,401677751,-130,7,0,11-Nov-2020,20:06:22,-27.0253,166.0767,,2067,2589,1650,84,,,107,133,0,,,,,,,,,,,,,,,,,,,,,,,,,,,,,
5675,198172,3,A1,B,947,12-Nov-2020,18:47:50,-27.1257,166.0826,,401677734,-136,,0,12-Nov-2020,18:47:50,-27.1257,166.0826,,6531,7832,5445,97,,,10,64,16,,,,,,,,,,,,,,,,,,,,,,,,,,,,,
5675,198172,3,NK,B,948,12-Nov-2020,19:19:33,-27.2961,166.1685,,401677791,-132,5,0,12-Nov-2020,19:19:33,-27.2961,166.1685,,27508,63744,11870,82,,,22,75,24,,,,,,,,,,,,,,,,,,,,,,,,,,,,,
5675,198172,3,SR,B,949,13-Nov-2020,06:09:01,-28.5851,166.8542,,401677745,-136,8,0,13-Nov-2020,06:09:01,-28.5851,166.8542,,31739,45588,22096,70,,,66,212,4,,,,,,,,,,,,,,,,,,,,,,,,,,,,,
5675,198172,3,A1,A,950,13-Nov-2020,06:59:44,-27.6399,166.6735,,401677738,-131,50,0,13-Nov-2020,06:59:02,-24.3845,149.5646,83,1244,9201,168,70,,,10,0,16,,,,,,,,,,,,,,,,,,,,,,,,,,,,,
5675,198172,3,A1,A,950,13-Nov-2020,06:59:44,-27.6399,166.6735,,401677738,-131,50,0,13-Nov-2020,06:59:47,-24.3845,149.5646,83,1244,9201,168,70,,,23,72,189,,,,,,,,,,,,,,,,,,,,,,,,,,,,,
5675,198172,3,A1,A,950,13-Nov-2020,06:59:44,-27.6399,166.6735,,401677738,-131,50,0,13-Nov-2020,07:00:25,-24.3845,149.5646,83,1244,9201,168,70,,,72,214,4,,,,,,,,,,,,,,,,,,,,,,,,,,,,,
5675,198172,3,NP,B,951,13-Nov-2020,19:42:31,-27.6285,166.6683,,401677734,-126,,0,13-Nov-2020,19:42:31,-27.6285,166.6683,,17503,31760,9645,72,,,73,221,236,,,,,,,,,,,,,,,,,,,,,,,,,,,,,
5675,198172,3,NN,B,952,13-Nov-2020,21:07:17,-27.6219,166.6275,,401677758,-140,7,0,13-Nov-2020,21:07:18,-27.6219,166.6275,,11620,20344,6637,56,,,101,134,0,,,,,,,,,,,,,,,,,,,,,,,,,,,,,
5675,198172,3,MA,B,953,13-Nov-2020,21:38:03,-27.6213,166.6155,,401677753,-124,8,0,13-Nov-2020,21:38:03,-27.6213,166.6155,,8919,16474,4828,44,,,22,75,24,,,,,,,,,,,,,,,,,,,,,,,,,,,,,
5675,198172,3,NP,B,954,14-Nov-2020,06:27:10,-27.7406,166.4513,,401677714,-131,8,0,14-Nov-2020,06:27:10,-27.7406,166.4513,,3092,6381,1498,91,,,10,1,240,,,,,,,,,,,,,,,,,,,,,,,,,,,,,
5675,198172,3,A1,B,955,14-Nov-2020,06:47:55,-27.8026,166.6092,,401677759,-137,6,0,14-Nov-2020,06:47:55,-27.8026,166.6092,,5231,25088,1090,93,,,90,153,106,,,,,,,,,,,,,,,,,,,,,,,,,,,,,
5675,198172,3,SR,B,956,14-Nov-2020,07:08:44,-27.8045,166.6475,,401677752,-137,6,0,14-Nov-2020,07:08:44,-27.8045,166.6475,,2590,5453,1230,102,,,96,134,0,,,,,,,,,,,,,,,,,,,,,,,,,,,,,
5675,198172,3,NK,B,957,14-Nov-2020,20:11:13,-28.0218,166.3162,,401677777,-131,,0,14-Nov-2020,20:11:14,-28.0218,166.3162,,10379,36196,2975,99,,,74,220,4,,,,,,,,,,,,,,,,,,,,,,,,,,,,,
5675,198172,3,MC,B,958,14-Nov-2020,21:42:14,-28.0670,166.3089,,401677769,-119,,0,14-Nov-2020,21:42:15,-28.0670,166.3089,,2927,7815,1096,100,,,91,211,106,,,,,,,,,,,,,,,,,,,,,,,,,,,,,
5675,198172,3,NP,B,959,15-Nov-2020,06:20:35,-28.3165,166.2371,,401677611,-137,8,0,15-Nov-2020,06:20:36,-28.3165,166.2371,,14948,32689,6835,91,,,92,22,107,,,,,,,,,,,,,,,,,,,,,,,,,,,,,
5675,198172,3,NP,B,960,15-Nov-2020,07:59:36,-28.1828,166.5214,,401677642,-133,7,0,15-Nov-2020,07:59:36,-28.1828,166.5214,,12957,21432,7833,106,,,22,75,24,,,,,,,,,,,,,,,,,,,,,,,,,,,,,
5675,198172,3,SR,B,961,15-Nov-2020,18:58:26,-28.3162,166.5477,,401677606,-126,8,0,15-Nov-2020,18:58:26,-28.3162,166.5477,,7101,19268,2617,84,,,10,0,16,,,,,,,,,,,,,,,,,,,,,,,,,,,,,
5675,198172,3,NP,A,962,15-Nov-2020,19:18:12,-28.4630,166.9905,,401677757,-122,6,0,15-Nov-2020,19:16:02,-28.4630,166.9905,208,4289,46235,397,132,,,74,220,4,,,,,,,,,,,,,,,,,,,,,,,,,,,,,
5675,198172,3,NP,A,962,15-Nov-2020,19:18:12,-28.4630,166.9905,,401677757,-122,6,0,15-Nov-2020,19:19:07,-28.4630,166.9905,208,4289,46235,397,132,,,85,100,107,,,,,,,,,,,,,,,,,,,,,,,,,,,,,
5675,198172,23,NP,A,962,15-Nov-2020,19:18:12,-28.4630,166.9905,,401677757,-122,6,0,15-Nov-2020,19:19:30,-28.4630,166.9905,208,4289,46235,397,132,,,67,16,131,220,232,140,96,178,7,205,124,21,84,214,203,8,1,154,31,205,208,234,0,,,,,,,,,
5675,198172,3,MA,A,963,17-Nov-2020,08:58:11,-27.7976,167.0144,,401677735,-124,,0,17-Nov-2020,08:57:58,-27.7976,167.0144,261,13468,157800,1149,83,,,66,228,4,,,,,,,,,,,,,,,,,,,,,,,,,,,,,
5675,198172,3,MA,A,963,17-Nov-2020,08:58:11,-27.7976,167.0144,,401677735,-124,,0,17-Nov-2020,08:58:25,-27.7976,167.0144,261,13468,157800,1149,83,,,92,122,122,,,,,,,,,,,,,,,,,,,,,,,,,,,,,
5675,198172,3,MA,A,963,17-Nov-2020,08:58:11,-27.7976,167.0144,,401677735,-124,,0,17-Nov-2020,09:02:19,-27.7976,167.0144,261,13468,157800,1149,83,,,22,75,24,,,,,,,,,,,,,,,,,,,,,,,,,,,,,
5675,198172,3,A1,B,964,17-Nov-2020,19:13:28,-27.7013,167.2467,,401677741,-127,8,0,17-Nov-2020,19:13:29,-27.7013,167.2467,,106610,277415,40970,102,,,22,75,24,,,,,,,,,,,,,,,,,,,,,,,,,,,,,
5675,198172,3,NK,0,965,17-Nov-2020,20:40:04,-27.7479,167.2078,,401677759,-127,48,0,17-Nov-2020,20:39:18,-27.7479,167.2078,111,19375,282619,1328,80,,,71,197,4,,,,,,,,,,,,,,,,,,,,,,,,,,,,,
5675,198172,3,NK,0,965,17-Nov-2020,20:40:04,-27.7479,167.2078,,401677759,-127,48,0,17-Nov-2020,20:39:47,-27.7479,167.2078,111,19375,282619,1328,80,,,91,236,107,,,,,,,,,,,,,,,,,,,,,,,,,,,,,
5675,198172,3,NK,0,965,17-Nov-2020,20:40:04,-27.7479,167.2078,,401677759,-127,48,0,17-Nov-2020,20:40:02,-27.7479,167.2078,111,19375,282619,1328,80,,,101,131,0,,,,,,,,,,,,,,,,,,,,,,,,,,,,,
5675,198172,3,NK,0,965,17-Nov-2020,20:40:04,-27.7479,167.2078,,401677759,-127,48,0,17-Nov-2020,20:41:09,-27.7479,167.2078,111,19375,282619,1328,80,,,18,107,56,,,,,,,,,,,,,,,,,,,,,,,,,,,,,
5675,198172,3,MC,B,966,17-Nov-2020,20:40:35,-27.6961,167.2610,,401677750,-128,8,0,17-Nov-2020,20:40:02,-27.6961,167.2610,67,24010,58155,9913,43,,,101,131,0,,,,,,,,,,,,,,,,,,,,,,,,,,,,,
5675,198172,3,MC,B,966,17-Nov-2020,20:40:35,-27.6961,167.2610,,401677750,-128,8,0,17-Nov-2020,20:41:09,-27.6961,167.2610,67,24010,58155,9913,43,,,22,75,24,,,,,,,,,,,,,,,,,,,,,,,,,,,,,
5675,198172,3,NK,B,967,18-Nov-2020,18:31:48,-27.9622,167.7025,,401677811,-137,,0,18-Nov-2020,18:31:49,-27.9622,167.7025,,11645,19821,6841,107,,,107,133,0,,,,,,,,,,,,,,,,,,,,,,,,,,,,,
5675,198172,3,NP,B,968,18-Nov-2020,18:35:44,-27.5779,167.8929,,401677757,-135,,0,18-Nov-2020,18:35:44,-27.5779,167.8929,,17147,19246,15277,80,,,10,0,16,,,,,,,,,,,,,,,,,,,,,,,,,,,,,
5675,198172,3,SR,B,969,20-Nov-2020,07:25:29,-28.5418,167.8963,,401677797,-132,,0,20-Nov-2020,07:25:20,-28.5418,167.8963,18,11495,27726,4765,137,,,10,0,16,,,,,,,,,,,,,,,,,,,,,,,,,,,,,
5675,198172,3,SR,B,969,20-Nov-2020,07:25:29,-28.5418,167.8963,,401677797,-132,,0,20-Nov-2020,07:25:38,-28.5418,167.8963,18,11495,27726,4765,137,,,22,75,24,,,,,,,,,,,,,,,,,,,,,,,,,,,,,
5675,198172,3,NN,A,970,24-Nov-2020,20:32:16,-28.9118,167.8699,,401677821,-133,,0,24-Nov-2020,20:31:59,-28.9118,167.8699,37,14893,53671,4132,171,,,22,75,24,,,,,,,,,,,,,,,,,,,,,,,,,,,,,
5675,198172,3,NN,A,970,24-Nov-2020,20:32:16,-28.9118,167.8699,,401677821,-133,,0,24-Nov-2020,20:32:14,-28.9118,167.8699,37,14893,53671,4132,171,,,72,214,4,,,,,,,,,,,,,,,,,,,,,,,,,,,,,
5675,198172,3,NN,A,970,24-Nov-2020,20:32:16,-28.9118,167.8699,,401677821,-133,,0,24-Nov-2020,20:32:36,-28.9118,167.8699,37,14893,53671,4132,171,,,87,115,108,,,,,,,,,,,,,,,,,,,,,,,,,,,,,
5675,198172,3,NP,A,971,26-Nov-2020,07:25:03,-28.8318,167.8320,,401677753,-134,,0,26-Nov-2020,07:23:33,-28.8318,167.8320,152,8928,232770,342,78,,,87,162,108,,,,,,,,,,,,,,,,,,,,,,,,,,,,,
5675,198172,3,NP,A,971,26-Nov-2020,07:25:03,-28.8318,167.8320,,401677753,-134,,0,26-Nov-2020,07:25:32,-28.8318,167.8320,152,8928,232770,342,78,,,22,75,24,,,,,,,,,,,,,,,,,,,,,,,,,,,,,
5675,198172,3,NP,A,971,26-Nov-2020,07:25:03,-28.8318,167.8320,,401677753,-134,,0,26-Nov-2020,07:26:05,-28.8318,167.8320,152,8928,232770,342,78,,,78,216,4,,,,,,,,,,,,,,,,,,,,,,,,,,,,,
5675,198172,3,SR,B,972,26-Nov-2020,18:11:31,-28.7925,168.0954,,401677760,-136,8,0,26-Nov-2020,18:11:31,-28.7925,168.0954,,4945,10368,2358,86,,,66,228,38,,,,,,,,,,,,,,,,,,,,,,,,,,,,,
5675,198172,3,A1,B,973,26-Nov-2020,18:37:35,-28.7834,167.9571,,401677789,-129,6,0,26-Nov-2020,18:37:36,-28.7834,167.9571,,3364,3644,3105,128,,,101,128,79,,,,,,,,,,,,,,,,,,,,,,,,,,,,,
5675,198172,3,NP,B,974,26-Nov-2020,18:43:36,-28.7384,167.9162,,401677740,-132,6,0,26-Nov-2020,18:43:36,-28.7384,167.9162,,3087,3469,2746,51,,,97,135,0,,,,,,,,,,,,,,,,,,,,,,,,,,,,,
5675,198172,3,NK,B,975,26-Nov-2020,20:03:42,-28.7318,167.9303,,401677762,-137,7,0,26-Nov-2020,20:03:43,-28.7318,167.9303,,3298,3703,2936,52,,,10,0,16,,,,,,,,,,,,,,,,,,,,,,,,,,,,,
5675,198172,3,MC,B,976,26-Nov-2020,20:49:00,-28.7015,167.9281,,401677708,-133,8,0,26-Nov-2020,20:49:01,-28.7015,167.9281,,3287,4051,2667,56,,,90,42,109,,,,,,,,,,,,,,,,,,,,,,,,,,,,,
5675,198172,3,NN,B,977,26-Nov-2020,21:47:09,-28.6651,167.9534,,401677687,-131,8,0,26-Nov-2020,21:47:09,-28.6651,167.9534,,3547,4945,2543,78,,,100,134,0,,,,,,,,,,,,,,,,,,,,,,,,,,,,,
5675,198172,3,A1,B,978,27-Nov-2020,06:38:41,-28.5069,168.0465,,401677723,-135,8,0,27-Nov-2020,06:38:42,-28.5069,168.0465,,4147,4846,3549,39,,,83,88,109,,,,,,,,,,,,,,,,,,,,,,,,,,,,,
5675,198172,3,SR,B,979,27-Nov-2020,07:00:45,-28.4803,168.0636,,401677737,-136,8,0,27-Nov-2020,07:00:46,-28.4803,168.0636,,4428,5629,3483,60,,,100,134,0,,,,,,,,,,,,,,,,,,,,,,,,,,,,,
5675,198172,3,NP,2,980,27-Nov-2020,07:15:33,-28.3559,168.0662,,401677745,-124,56,0,27-Nov-2020,07:15:34,-28.3559,168.0662,292,269,472,153,106,,,83,104,109,,,,,,,,,,,,,,,,,,,,,,,,,,,,,
5675,198172,3,NP,2,980,27-Nov-2020,07:15:33,-28.3559,168.0662,,401677745,-124,56,0,27-Nov-2020,07:19:05,-28.3559,168.0662,292,269,472,153,106,,,72,110,28,,,,,,,,,,,,,,,,,,,,,,,,,,,,,
5675,198172,3,NP,2,980,27-Nov-2020,07:15:33,-28.3559,168.0662,,401677745,-124,56,0,27-Nov-2020,07:19:25,-28.3559,168.0662,292,269,472,153,106,,,82,109,109,,,,,,,,,,,,,,,,,,,,,,,,,,,,,
5675,198172,3,NP,2,980,27-Nov-2020,07:15:33,-28.3559,168.0662,,401677745,-124,56,0,27-Nov-2020,07:19:42,-28.3559,168.0662,292,269,472,153,106,,,107,133,0,,,,,,,,,,,,,,,,,,,,,,,,,,,,,
5675,198172,3,NP,2,980,27-Nov-2020,07:15:33,-28.3559,168.0662,,401677745,-124,56,0,27-Nov-2020,07:20:26,-28.3559,168.0662,292,269,472,153,106,,,10,64,16,,,,,,,,,,,,,,,,,,,,,,,,,,,,,
5675,198172,3,SR,B,981,27-Nov-2020,17:46:17,-28.3857,167.8189,,401677784,-139,8,0,27-Nov-2020,17:44:41,-28.3857,167.8189,194,2919,34625,246,144,,,22,75,62,,,,,,,,,,,,,,,,,,,,,,,,,,,,,
5675,198172,3,SR,B,981,27-Nov-2020,17:46:17,-28.3857,167.8189,,401677784,-139,8,0,27-Nov-2020,17:47:55,-28.3857,167.8189,194,2919,34625,246,144,,,85,151,109,,,,,,,,,,,,,,,,,,,,,,,,,,,,,
5675,198172,3,NP,A,982,27-Nov-2020,18:40:21,-28.3078,167.7030,,401677745,-134,8,0,27-Nov-2020,18:33:32,-28.3078,167.7030,438,1483,3555,618,40,,,22,75,24,,,,,,,,,,,,,,,,,,,,,,,,,,,,,
5675,198172,3,NP,A,982,27-Nov-2020,18:40:21,-28.3078,167.7030,,401677745,-134,8,0,27-Nov-2020,18:39:54,-28.3078,167.7030,438,1483,3555,618,40,,,76,231,233,,,,,,,,,,,,,,,,,,,,,,,,,,,,,
5675,198172,3,NP,A,982,27-Nov-2020,18:40:21,-28.3078,167.7030,,401677745,-134,8,0,27-Nov-2020,18:40:50,-28.3078,167.7030,438,1483,3555,618,40,,,84,36,78,,,,,,,,,,,,,,,,,,,,,,,,,,,,,
5675,198172,3,NK,B,983,27-Nov-2020,19:49:12,-28.2692,167.6628,,401677749,-135,8,0,27-Nov-2020,19:49:04,-28.2692,167.6628,16,3856,4389,3386,80,,,22,75,24,,,,,,,,,,,,,,,,,,,,,,,,,,,,,
5675,198172,3,NK,B,983,27-Nov-2020,19:49:12,-28.2692,167.6628,,401677749,-135,8,0,27-Nov-2020,19:49:20,-28.2692,167.6628,16,3856,4389,3386,80,,,66,228,4,,,,,,,,,,,,,,,,,,,,,,,,,,,,,
5675,198172,3,A1,B,984,27-Nov-2020,19:54:45,-28.2776,167.6606,,401677721,-136,8,0,27-Nov-2020,19:54:45,-28.2776,167.6606,,5322,6988,4052,80,,,100,134,0,,,,,,,,,,,,,,,,,,,,,,,,,,,,,
5675,198172,3,MA, ,985,27-Nov-2020,20:06:35,,,,401650000,,,0,27-Nov-2020,20:06:35,,,,,,,,,,22,75,24,,,,,,,,,,,,,,,,,,,,,,,,,,,,,
5675,198172,3,NN,B,986,27-Nov-2020,21:37:58,-28.2996,167.5719,,401677785,-130,6,0,27-Nov-2020,21:37:59,-28.2996,167.5719,,1472,3002,721,101,,,100,134,0,,,,,,,,,,,,,,,,,,,,,,,,,,,,,
5675,198172,3,NN,2,987,29-Nov-2020,11:34:05,-29.0481,167.9186,,401677750,-129,50,0,29-Nov-2020,11:30:22,-34.5196,142.8737,418,417,783,221,108,,,107,133,0,,,,,,,,,,,,,,,,,,,,,,,,,,,,,
5675,198172,3,NN,2,987,29-Nov-2020,11:34:05,-29.0481,167.9186,,401677750,-129,50,0,29-Nov-2020,11:32:05,-34.5196,142.8737,418,417,783,221,108,,,64,222,4,,,,,,,,,,,,,,,,,,,,,,,,,,,,,
5675,198172,3,NN,2,987,29-Nov-2020,11:34:05,-29.0481,167.9186,,401677750,-129,50,0,29-Nov-2020,11:34:29,-34.5196,142.8737,418,417,783,221,108,,,10,0,16,,,,,,,,,,,,,,,,,,,,,,,,,,,,,
5675,198172,3,NN,2,987,29-Nov-2020,11:34:05,-29.0481,167.9186,,401677750,-129,50,0,29-Nov-2020,11:36:13,-34.5196,142.8737,418,417,783,221,108,,,100,134,0,,,,,,,,,,,,,,,,,,,,,,,,,,,,,
5675,198172,3,NN,2,987,29-Nov-2020,11:34:05,-29.0481,167.9186,,401677750,-129,50,0,29-Nov-2020,11:37:20,-34.5196,142.8737,418,417,783,221,108,,,22,75,24,,,,,,,,,,,,,,,,,,,,,,,,,,,,,
5675,198172,3,MC,B,988,29-Nov-2020,11:55:54,-29.0508,167.9130,,401677750,-125,6,0,29-Nov-2020,11:55:38,-29.0508,167.9130,33,1253,1492,1051,123,,,74,220,4,,,,,,,,,,,,,,,,,,,,,,,,,,,,,
5675,198172,3,MC,B,988,29-Nov-2020,11:55:54,-29.0508,167.9130,,401677750,-125,6,0,29-Nov-2020,11:56:11,-29.0508,167.9130,33,1253,1492,1051,123,,,94,15,110,,,,,,,,,,,,,,,,,,,,,,,,,,,,,
5675,198172,3,MA, ,989,01-Dec-2020,09:10:07,,,,401650000,-125,,0,01-Dec-2020,09:10:07,,,,,,,,,,22,75,24,,,,,,,,,,,,,,,,,,,,,,,,,,,,,
5675,198172,3,NP, ,990,02-Dec-2020,17:35:56,,,,401650000,-133,,0,02-Dec-2020,17:35:56,,,,,,,,,,22,75,24,,,,,,,,,,,,,,,,,,,,,,,,,,,,,
5675,198172,3,MC, ,991,02-Dec-2020,20:33:43,,,,401650000,-133,,0,02-Dec-2020,20:33:43,,,,,,,,,,71,215,36,,,,,,,,,,,,,,,,,,,,,,,,,,,,,
5675,198172,3,NK, ,992,05-Dec-2020,19:39:25,,,,401650000,-133,,0,05-Dec-2020,19:39:25,,,,,,,,,,22,75,24,,,,,,,,,,,,,,,,,,,,,,,,,,,,,
5675,198172,3,SR, ,993,07-Dec-2020,06:54:28,,,,401650000,,,0,07-Dec-2020,06:54:28,,,,,,,,,,98,136,0,,,,,,,,,,,,,,,,,,,,,,,,,,,,,
5675,198172,3,NP, ,994,07-Dec-2020,07:00:26,,,,401650000,-140,,0,07-Dec-2020,07:00:26,,,,,,,,,,10,0,16,,,,,,,,,,,,,,,,,,,,,,,,,,,,,
5675,198172,3,MC, ,995,10-Dec-2020,11:28:01,,,,401650000,-124,,0,10-Dec-2020,11:28:01,,,,,,,,,,97,135,0,,,,,,,,,,,,,,,,,,,,,,,,,,,,,
5675,198172,3,NK,B,996,12-Dec-2020,08:50:00,-28.9244,167.7841,,401677751,-133,,0,12-Dec-2020,08:49:47,-28.9244,167.7841,26,17205,214964,1377,52,,,110,132,0,,,,,,,,,,,,,,,,,,,,,,,,,,,,,
5675,198172,3,NK,B,996,12-Dec-2020,08:50:00,-28.9244,167.7841,,401677751,-133,,0,12-Dec-2020,08:50:13,-28.9244,167.7841,26,17205,214964,1377,52,,,10,0,16,,,,,,,,,,,,,,,,,,,,,,,,,,,,,
5675,198172,3,NP,B,997,12-Dec-2020,09:23:54,-28.9500,167.6224,,401677753,-137,,0,12-Dec-2020,09:23:23,-28.9500,167.6224,64,7185,32239,1601,19,,,76,226,4,,,,,,,,,,,,,,,,,,,,,,,,,,,,,
5675,198172,3,NP,B,997,12-Dec-2020,09:23:54,-28.9500,167.6224,,401677753,-137,,0,12-Dec-2020,09:24:27,-28.9500,167.6224,64,7185,32239,1601,19,,,100,115,140,,,,,,,,,,,,,,,,,,,,,,,,,,,,,
5675,198172,3,MA,A,998,12-Dec-2020,10:17:45,-28.9559,167.7029,,401677759,-124,8,0,12-Dec-2020,10:16:13,-28.9559,167.7029,298,4564,56545,368,119,,,22,73,24,,,,,,,,,,,,,,,,,,,,,,,,,,,,,
5675,198172,3,MA,A,998,12-Dec-2020,10:17:45,-28.9559,167.7029,,401677759,-124,8,1,12-Dec-2020,10:21:11,-28.9559,167.7029,298,4564,56545,368,119,,,10,0,16,,,,,,,,,,,,,,,,,,,,,,,,,,,,,
5675,198172,3,MC,B,999,12-Dec-2020,10:53:27,-28.9571,167.7189,,401677759,-130,8,0,12-Dec-2020,10:53:28,-28.9571,167.7189,,9666,15982,5846,116,,,97,135,0,,,,,,,,,,,,,,,,,,,,,,,,,,,,,
5675,198172,3,SR,B,1000,13-Dec-2020,05:28:37,-28.9790,168.0178,,401677790,-132,,0,13-Dec-2020,05:26:29,-28.9790,168.0178,257,10347,276854,386,60,,,70,224,4,,,,,,,,,,,,,,,,,,,,,,,,,,,,,
5675,198172,3,SR,B,1000,13-Dec-2020,05:28:37,-28.9790,168.0178,,401677790,-132,,0,13-Dec-2020,05:30:46,-28.9790,168.0178,257,10347,276854,386,60,,,100,134,0,,,,,,,,,,,,,,,,,,,,,,,,,,,,,
5675,198172,3,MA,B,1001,13-Dec-2020,09:55:33,-28.9594,168.1567,,401677815,-134,8,0,13-Dec-2020,09:55:33,-28.9594,168.1567,,4100,11477,1464,66,,,10,0,16,,,,,,,,,,,,,,,,,,,,,,,,,,,,,
5675,198172,3,NN,B,1002,13-Dec-2020,10:31:54,-28.9841,168.0085,,401677790,-128,8,0,13-Dec-2020,10:31:31,-28.9841,168.0085,46,3300,90277,120,77,,,32,222,4,,,,,,,,,,,,,,,,,,,,,,,,,,,,,
5675,198172,3,NN,B,1002,13-Dec-2020,10:31:54,-28.9841,168.0085,,401677790,-128,8,0,13-Dec-2020,10:32:17,-28.9841,168.0085,46,3300,90277,120,77,,,91,138,112,,,,,,,,,,,,,,,,,,,,,,,,,,,,,
5675,198172,3,MC,Z,1003,13-Dec-2020,10:31:54,-28.9523,167.7356,,401677763,-126,38,0,13-Dec-2020,10:31:31,-28.9523,167.7356,46,3617,14658,892,59,,,64,222,4,,,,,,,,,,,,,,,,,,,,,,,,,,,,,
5675,198172,3,MC,Z,1003,13-Dec-2020,10:31:54,-28.9523,167.7356,,401677763,-126,38,0,13-Dec-2020,10:32:17,-28.9523,167.7356,46,3617,14658,892,59,,,91,138,112,,,,,,,,,,,,,,,,,,,,,,,,,,,,,
5675,198172,3,MA,0,1004,14-Dec-2020,09:39:17,-28.8133,167.8663,,401677746,-119,40,0,14-Dec-2020,09:38:48,-28.8133,167.8663,231,5497,133369,226,78,,,100,134,0,,,,,,,,,,,,,,,,,,,,,,,,,,,,,
5675,198172,3,MA,0,1004,14-Dec-2020,09:39:17,-28.8133,167.8663,,401677746,-119,40,0,14-Dec-2020,09:39:18,-28.8133,167.8663,231,5497,133369,226,78,,,10,0,16,,,,,,,,,,,,,,,,,,,,,,,,,,,,,
5675,198172,3,MA,0,1004,14-Dec-2020,09:39:17,-28.8133,167.8663,,401677746,-119,40,0,14-Dec-2020,09:40:25,-28.8133,167.8663,231,5497,133369,226,78,,,78,232,4,,,,,,,,,,,,,,,,,,,,,,,,,,,,,
5675,198172,3,MA,0,1004,14-Dec-2020,09:39:17,-28.8133,167.8663,,401677746,-119,40,0,14-Dec-2020,09:42:39,-28.8133,167.8663,231,5497,133369,226,78,,,97,135,0,,,,,,,,,,,,,,,,,,,,,,,,,,,,,
5675,198172,3,NK,A,1005,14-Dec-2020,09:41:41,-28.8167,167.8530,,401677746,-129,6,0,14-Dec-2020,09:40:07,-28.8167,167.8530,152,1339,4184,428,95,,,22,75,24,,,,,,,,,,,,,,,,,,,,,,,,,,,,,
5675,198172,3,NK,A,1005,14-Dec-2020,09:41:41,-28.8167,167.8530,,401677746,-129,6,0,14-Dec-2020,09:42:19,-28.8167,167.8530,152,1339,4184,428,95,,,92,206,112,,,,,,,,,,,,,,,,,,,,,,,,,,,,,
5675,198172,3,NK,A,1005,14-Dec-2020,09:41:41,-28.8167,167.8530,,401677746,-129,6,0,14-Dec-2020,09:42:39,-28.8167,167.8530,152,1339,4184,428,95,,,97,135,0,,,,,,,,,,,,,,,,,,,,,,,,,,,,,
5675,198172,3,NN,B,1006,14-Dec-2020,10:16:44,-28.8021,167.7865,,401677750,-129,,0,14-Dec-2020,10:16:33,-26.0334,-179.6785,22,1012,28786,35,98,,,107,5,0,,,,,,,,,,,,,,,,,,,,,,,,,,,,,
5675,198172,3,NN,B,1006,14-Dec-2020,10:16:44,-28.8021,167.7865,,401677750,-129,,0,14-Dec-2020,10:16:55,-26.0334,-179.6785,22,1012,28786,35,98,,,10,0,16,,,,,,,,,,,,,,,,,,,,,,,,,,,,,
5675,198172,23,MA,B,1007,14-Dec-2020,11:19:31,-28.8013,167.7859,,401677754,-131,8,0,14-Dec-2020,11:19:31,-26.0467,-179.6816,,8479,16276,4416,95,,,67,80,131,220,232,140,96,178,7,45,132,84,18,225,237,12,1,184,30,206,120,231,216,,,,,,,,,
5675,198172,3,NP,B,1008,14-Dec-2020,18:34:50,-28.6602,167.7755,,401677750,-132,8,0,14-Dec-2020,18:34:15,-28.6602,167.7755,72,4470,41094,486,88,,,10,0,16,,,,,,,,,,,,,,,,,,,,,,,,,,,,,
5675,198172,3,NP,B,1008,14-Dec-2020,18:34:50,-28.6602,167.7755,,401677750,-132,8,0,14-Dec-2020,18:35:27,-28.6602,167.7755,72,4470,41094,486,88,,,22,75,24,,,,,,,,,,,,,,,,,,,,,,,,,,,,,
5675,198172,3,SR,B,1009,14-Dec-2020,20:37:59,-28.6454,167.7773,,401677757,-138,8,0,14-Dec-2020,20:37:59,-28.6454,167.7773,,2762,7503,1016,89,,,79,237,12,,,,,,,,,,,,,,,,,,,,,,,,,,,,,
5675,198172,3,A1,3,1010,19-Dec-2020,06:02:18,-28.8344,167.8477,,401677746,-129,50,0,19-Dec-2020,05:59:48,-28.8344,167.8477,345,165,592,45,88,,,80,221,113,,,,,,,,,,,,,,,,,,,,,,,,,,,,,
5675,198172,3,A1,3,1010,19-Dec-2020,06:02:18,-28.8344,167.8477,,401677746,-129,50,0,19-Dec-2020,06:01:59,-28.8344,167.8477,345,165,592,45,88,,,22,75,24,,,,,,,,,,,,,,,,,,,,,,,,,,,,,
5675,198172,3,A1,3,1010,19-Dec-2020,06:02:18,-28.8344,167.8477,,401677746,-129,50,0,19-Dec-2020,06:02:13,-28.8344,167.8477,345,165,592,45,88,,,76,242,4,,,,,,,,,,,,,,,,,,,,,,,,,,,,,
5675,198172,3,A1,3,1010,19-Dec-2020,06:02:18,-28.8344,167.8477,,401677746,-129,50,1,19-Dec-2020,06:04:58,-28.8344,167.8477,345,165,592,45,88,,,107,133,0,,,,,,,,,,,,,,,,,,,,,,,,,,,,,
5675,198172,3,A1,3,1010,19-Dec-2020,06:02:18,-28.8344,167.8477,,401677746,-129,50,1,19-Dec-2020,06:05:33,-28.8344,167.8477,345,165,592,45,88,,,10,0,16,,,,,,,,,,,,,,,,,,,,,,,,,,,,,
5675,198172,3,NP,B,1011,19-Dec-2020,06:17:54,-28.8346,167.8476,,401650000,-138,6,0,19-Dec-2020,06:17:54,-28.8346,167.8476,,1630,1891,1403,91,,,10,0,16,,,,,,,,,,,,,,,,,,,,,,,,,,,,,
5675,198172,3,SR,1,1012,19-Dec-2020,07:21:45,-28.8364,167.8000,,401677743,-132,58,0,19-Dec-2020,07:18:45,-28.8364,167.8000,288,795,3712,170,133,,,10,0,24,,,,,,,,,,,,,,,,,,,,,,,,,,,,,
5675,198172,3,SR,1,1012,19-Dec-2020,07:21:45,-28.8364,167.8000,,401677743,-132,58,0,19-Dec-2020,07:22:12,-28.8364,167.8000,288,795,3712,170,133,,,10,0,16,,,,,,,,,,,,,,,,,,,,,,,,,,,,,
5675,198172,3,SR,1,1012,19-Dec-2020,07:21:45,-28.8364,167.8000,,401677743,-132,58,0,19-Dec-2020,07:22:30,-28.8364,167.8000,288,795,3712,170,133,,,22,75,24,,,,,,,,,,,,,,,,,,,,,,,,,,,,,
5675,198172,3,SR,1,1012,19-Dec-2020,07:21:45,-28.8364,167.8000,,401677743,-132,58,0,19-Dec-2020,07:23:33,-28.8364,167.8000,288,795,3712,170,133,,,87,6,114,,,,,,,,,,,,,,,,,,,,,,,,,,,,,
5675,198172,3,NK,B,1013,19-Dec-2020,07:34:55,-28.8354,167.7970,,401677749,-133,6,0,19-Dec-2020,07:34:55,-28.8354,167.7970,,1055,1404,792,120,,,10,0,16,,,,,,,,,,,,,,,,,,,,,,,,,,,,,
5675,198172,3,NN, ,1014,22-Dec-2020,21:48:12,,,,401650000,-131,,0,22-Dec-2020,21:48:12,,,,,,,,,,69,239,4,,,,,,,,,,,,,,,,,,,,,,,,,,,,,
5675,198172,3,NP, ,1015,23-Dec-2020,18:37:17,,,,401650000,-135,,0,23-Dec-2020,18:37:17,,,,,,,,,,107,133,0,,,,,,,,,,,,,,,,,,,,,,,,,,,,,
5675,198172,3,MC, ,1016,26-Dec-2020,11:01:33,,,,401650000,-131,,0,26-Dec-2020,11:01:33,,,,,,,,,,80,204,114,,,,,,,,,,,,,,,,,,,,,,,,,,,,,
5675,198172,3,SR,A,1017,26-Dec-2020,17:41:30,-28.6525,167.7966,,401677729,-136,,0,26-Dec-2020,17:39:14,-28.6525,167.7966,224,1011,8489,120,143,,,10,0,16,,,,,,,,,,,,,,,,,,,,,,,,,,,,,
5675,198172,3,SR,A,1017,26-Dec-2020,17:41:30,-28.6525,167.7966,,401677729,-136,,0,26-Dec-2020,17:42:21,-28.6525,167.7966,224,1011,8489,120,143,,,89,47,115,,,,,,,,,,,,,,,,,,,,,,,,,,,,,
5675,198172,3,SR,A,1017,26-Dec-2020,17:41:30,-28.6525,167.7966,,401677729,-136,,0,26-Dec-2020,17:42:58,-28.6525,167.7966,224,1011,8489,120,143,,,100,134,0,,,,,,,,,,,,,,,,,,,,,,,,,,,,,
5675,198172,3,NP,2,1018,26-Dec-2020,17:57:58,-28.6598,167.8194,,401677741,-131,56,0,26-Dec-2020,17:51:59,-28.6598,167.8194,529,419,648,270,118,,,22,75,24,,,,,,,,,,,,,,,,,,,,,,,,,,,,,
5675,198172,3,NP,2,1018,26-Dec-2020,17:57:58,-28.6598,167.8194,,401677741,-131,56,0,26-Dec-2020,17:55:21,-28.6598,167.8194,529,419,648,270,118,,,89,63,115,,,,,,,,,,,,,,,,,,,,,,,,,,,,,
5675,198172,3,NP,2,1018,26-Dec-2020,17:57:58,-28.6598,167.8194,,401677741,-131,56,0,26-Dec-2020,17:55:44,-28.6598,167.8194,529,419,648,270,118,,,107,133,0,,,,,,,,,,,,,,,,,,,,,,,,,,,,,
5675,198172,3,NP,2,1018,26-Dec-2020,17:57:58,-28.6598,167.8194,,401677741,-131,56,0,26-Dec-2020,17:57:27,-28.6598,167.8194,529,419,648,270,118,,,93,68,115,,,,,,,,,,,,,,,,,,,,,,,,,,,,,
5675,198172,3,NP,2,1018,26-Dec-2020,17:57:58,-28.6598,167.8194,,401677741,-131,56,0,26-Dec-2020,17:58:05,-28.6598,167.8194,529,419,648,270,118,,,10,16,16,,,,,,,,,,,,,,,,,,,,,,,,,,,,,
5675,198172,3,NP,2,1018,26-Dec-2020,17:57:58,-28.6598,167.8194,,401677741,-131,56,1,26-Dec-2020,18:00:48,-28.6598,167.8194,529,419,648,270,118,,,110,132,0,,,,,,,,,,,,,,,,,,,,,,,,,,,,,
5675,198172,3,A1,B,1019,26-Dec-2020,19:05:46,-28.6485,167.8212,,401677743,-124,8,0,26-Dec-2020,19:03:35,-28.6485,167.8212,264,3210,41652,247,131,,,77,247,4,,,,,,,,,,,,,,,,,,,,,,,,,,,,,
5675,198172,3,A1,B,1019,26-Dec-2020,19:05:46,-28.6485,167.8212,,401677743,-124,8,0,26-Dec-2020,19:07:59,-28.6485,167.8212,264,3210,41652,247,131,,,22,75,24,,,,,,,,,,,,,,,,,,,,,,,,,,,,,
5675,198172,3,NK,2,1020,26-Dec-2020,19:12:03,-28.6229,167.7953,,401677736,-128,56,0,26-Dec-2020,19:11:14,-28.6229,167.7953,220,287,738,111,119,,,75,249,4,,,,,,,,,,,,,,,,,,,,,,,,,,,,,
5675,198172,3,NK,2,1020,26-Dec-2020,19:12:03,-28.6229,167.7953,,401677736,-128,56,0,26-Dec-2020,19:11:41,-28.6229,167.7953,220,287,738,111,119,,,87,151,115,,,,,,,,,,,,,,,,,,,,,,,,,,,,,
5675,198172,3,NK,2,1020,26-Dec-2020,19:12:03,-28.6229,167.7953,,401677736,-128,56,0,26-Dec-2020,19:11:59,-28.6229,167.7953,220,287,738,111,119,,,107,133,0,,,,,,,,,,,,,,,,,,,,,,,,,,,,,
5675,198172,23,NK,2,1020,26-Dec-2020,19:12:03,-28.6229,167.7953,,401677736,-128,56,0,26-Dec-2020,19:12:49,-28.6229,167.7953,220,287,738,111,119,,,69,240,131,220,232,140,96,178,13,77,27,147,146,231,51,6,1,211,31,205,5,46,22,,,,,,,,,
5675,198172,3,NK,2,1020,26-Dec-2020,19:12:03,-28.6229,167.7953,,401677736,-128,56,1,26-Dec-2020,19:13:50,-28.6229,167.7953,220,287,738,111,119,,,22,75,24,,,,,,,,,,,,,,,,,,,,,,,,,,,,,
5675,198172,3,NK,2,1020,26-Dec-2020,19:12:03,-28.6229,167.7953,,401677736,-128,56,0,26-Dec-2020,19:14:54,-28.6229,167.7953,220,287,738,111,119,,,68,250,4,,,,,,,,,,,,,,,,,,,,,,,,,,,,,
5675,198172,3,SR,B,1021,26-Dec-2020,19:21:47,-28.6282,167.8038,,401677737,-127,6,0,26-Dec-2020,19:21:16,-28.6282,167.8038,62,507,2219,115,87,,,10,0,16,,,,,,,,,,,,,,,,,,,,,,,,,,,,,
5675,198172,3,SR,B,1021,26-Dec-2020,19:21:47,-28.6282,167.8038,,401677737,-127,6,0,26-Dec-2020,19:22:18,-28.6282,167.8038,62,507,2219,115,87,,,22,75,24,,,,,,,,,,,,,,,,,,,,,,,,,,,,,
5675,198172,3,NP,A,1022,26-Dec-2020,19:40:55,-28.6155,167.7800,,401677734,-132,6,0,26-Dec-2020,19:33:38,-28.6155,167.7800,500,175,422,72,69,,,86,162,115,,,,,,,,,,,,,,,,,,,,,,,,,,,,,
5675,198172,3,NP,A,1022,26-Dec-2020,19:40:55,-28.6155,167.7800,,401677734,-132,6,0,26-Dec-2020,19:39:52,-28.6155,167.7800,500,175,422,72,69,,,87,167,115,,,,,,,,,,,,,,,,,,,,,,,,,,,,,
5675,198172,3,NP,A,1022,26-Dec-2020,19:40:55,-28.6155,167.7800,,401677734,-132,6,0,26-Dec-2020,19:41:58,-28.6155,167.7800,500,175,422,72,69,,,100,134,0,,,,,,,,,,,,,,,,,,,,,,,,,,,,,
5675,198172,3,MA,A,1023,26-Dec-2020,20:03:12,-28.6056,167.7870,,401677731,-126,6,0,26-Dec-2020,20:02:40,-28.6056,167.7870,62,879,2251,342,109,,,80,188,115,,,,,,,,,,,,,,,,,,,,,,,,,,,,,
5675,198172,3,MA,A,1023,26-Dec-2020,20:03:12,-28.6056,167.7870,,401677731,-126,6,0,26-Dec-2020,20:03:16,-28.6056,167.7870,62,879,2251,342,109,,,110,132,0,,,,,,,,,,,,,,,,,,,,,,,,,,,,,
5675,198172,3,MA,A,1023,26-Dec-2020,20:03:12,-28.6056,167.7870,,401677731,-126,6,0,26-Dec-2020,20:03:42,-28.6056,167.7870,62,879,2251,342,109,,,10,0,16,,,,,,,,,,,,,,,,,,,,,,,,,,,,,
5675,198172,3,NP,B,1024,27-Dec-2020,06:24:48,-28.4794,167.6901,,401677765,-137,8,0,27-Dec-2020,06:24:48,-28.4794,167.6901,359,4001,80339,199,145,,,65,5,5,,,,,,,,,,,,,,,,,,,,,,,,,,,,,
5675,198172,3,NP,B,1024,27-Dec-2020,06:24:48,-28.4794,167.6901,,401677765,-137,8,0,27-Dec-2020,06:30:47,-28.4794,167.6901,359,4001,80339,199,145,,,10,0,16,,,,,,,,,,,,,,,,,,,,,,,,,,,,,
5675,198172,3,SR,B,1025,27-Dec-2020,06:27:47,-28.3592,167.6086,,401677732,-127,6,0,27-Dec-2020,06:24:48,-28.3592,167.6086,359,753,4619,122,96,,,65,5,5,,,,,,,,,,,,,,,,,,,,,,,,,,,,,
5675,198172,3,SR,B,1025,27-Dec-2020,06:27:47,-28.3592,167.6086,,401677732,-127,6,0,27-Dec-2020,06:30:47,-28.3592,167.6086,359,753,4619,122,96,,,10,0,16,,,,,,,,,,,,,,,,,,,,,,,,,,,,,
5675,198172,3,A1,B,1026,27-Dec-2020,07:15:44,-28.3525,167.6019,,401677723,-137,8,0,27-Dec-2020,07:15:45,-28.3525,167.6019,,2049,2566,1635,84,,,81,10,116,,,,,,,,,,,,,,,,,,,,,,,,,,,,,
5675,198172,3,NK,3,1027,27-Dec-2020,07:36:27,-28.3374,167.5791,,401677730,-129,56,0,27-Dec-2020,07:34:16,-28.3374,167.5791,460,172,227,129,125,,,87,36,116,,,,,,,,,,,,,,,,,,,,,,,,,,,,,
5675,198172,3,NK,3,1027,27-Dec-2020,07:36:27,-28.3374,167.5791,,401677730,-129,56,0,27-Dec-2020,07:34:47,-28.3374,167.5791,460,172,227,129,125,,,100,134,0,,,,,,,,,,,,,,,,,,,,,,,,,,,,,
5675,198172,3,NK,3,1027,27-Dec-2020,07:36:27,-28.3374,167.5791,,401677730,-129,56,0,27-Dec-2020,07:39:01,-28.3374,167.5791,460,172,227,129,125,,,101,131,0,,,,,,,,,,,,,,,,,,,,,,,,,,,,,
5675,198172,3,NK,3,1027,27-Dec-2020,07:36:27,-28.3374,167.5791,,401677730,-129,56,1,27-Dec-2020,07:40:02,-28.3374,167.5791,460,172,227,129,125,,,22,75,24,,,,,,,,,,,,,,,,,,,,,,,,,,,,,
5675,198172,3,NK,3,1027,27-Dec-2020,07:36:27,-28.3374,167.5791,,401677730,-129,56,2,27-Dec-2020,07:41:56,-28.3374,167.5791,460,172,227,129,125,,,10,0,16,,,,,,,,,,,,,,,,,,,,,,,,,,,,,
5675,198172,3,SR,B,1028,27-Dec-2020,08:08:15,-28.3398,167.5534,,401677730,-134,8,0,27-Dec-2020,08:08:16,-28.3398,167.5534,103,2638,6525,1066,13,,,65,251,4,,,,,,,,,,,,,,,,,,,,,,,,,,,,,
5675,198172,3,SR,B,1028,27-Dec-2020,08:08:15,-28.3398,167.5534,,401677730,-134,8,0,27-Dec-2020,08:09:59,-28.3398,167.5534,103,2638,6525,1066,13,,,10,0,16,,,,,,,,,,,,,,,,,,,,,,,,,,,,,
5675,198172,3,NP,1,1029,27-Dec-2020,08:08:28,-28.3290,167.5538,,401677730,-123,56,0,27-Dec-2020,08:08:16,-28.3290,167.5538,286,631,6164,64,75,,,65,251,4,,,,,,,,,,,,,,,,,,,,,,,,,,,,,
5675,198172,3,NP,1,1029,27-Dec-2020,08:08:28,-28.3290,167.5538,,401677730,-123,56,0,27-Dec-2020,08:08:41,-28.3290,167.5538,286,631,6164,64,75,,,95,83,116,,,,,,,,,,,,,,,,,,,,,,,,,,,,,
5675,198172,3,NP,1,1029,27-Dec-2020,08:08:28,-28.3290,167.5538,,401677730,-123,56,0,27-Dec-2020,08:12:05,-28.3290,167.5538,286,631,6164,64,75,,,88,88,116,,,,,,,,,,,,,,,,,,,,,,,,,,,,,
5675,198172,3,NP,1,1029,27-Dec-2020,08:08:28,-28.3290,167.5538,,401677730,-123,56,0,27-Dec-2020,08:12:48,-28.3290,167.5538,286,631,6164,64,75,,,10,0,16,,,,,,,,,,,,,,,,,,,,,,,,,,,,,
5675,198172,3,NP,1,1029,27-Dec-2020,08:08:28,-28.3290,167.5538,,401677730,-123,56,0,27-Dec-2020,08:13:02,-28.3290,167.5538,286,631,6164,64,75,,,22,75,24,,,,,,,,,,,,,,,,,,,,,,,,,,,,,
5675,198172,3,NK,2,1030,27-Dec-2020,09:15:12,-28.3136,167.5379,,401677733,-128,58,0,27-Dec-2020,09:13:14,-28.3136,167.5379,280,276,305,249,3,,,100,134,0,,,,,,,,,,,,,,,,,,,,,,,,,,,,,
5675,198172,3,NK,2,1030,27-Dec-2020,09:15:12,-28.3136,167.5379,,401677733,-128,58,0,27-Dec-2020,09:14:19,-28.3136,167.5379,280,276,305,249,3,,,10,32,16,,,,,,,,,,,,,,,,,,,,,,,,,,,,,
5675,198172,3,NK,2,1030,27-Dec-2020,09:15:12,-28.3136,167.5379,,401677733,-128,58,0,27-Dec-2020,09:15:09,-28.3136,167.5379,280,276,305,249,3,,,22,75,24,,,,,,,,,,,,,,,,,,,,,,,,,,,,,
5675,198172,3,NK,2,1030,27-Dec-2020,09:15:12,-28.3136,167.5379,,401677733,-128,58,0,27-Dec-2020,09:15:25,-28.3136,167.5379,280,276,305,249,3,,,74,2,5,,,,,,,,,,,,,,,,,,,,,,,,,,,,,
5675,198172,3,NK,2,1030,27-Dec-2020,09:15:12,-28.3136,167.5379,,401677733,-128,58,0,27-Dec-2020,09:17:54,-28.3136,167.5379,280,276,305,249,3,,,10,0,16,,,,,,,,,,,,,,,,,,,,,,,,,,,,,
5675,198172,3,MA,B,1031,27-Dec-2020,10:08:13,-28.2929,167.5182,,401677729,-122,8,0,27-Dec-2020,10:05:29,-28.2929,167.5182,329,1495,27736,80,111,,,10,0,16,,,,,,,,,,,,,,,,,,,,,,,,,,,,,
5675,198172,3,MA,B,1031,27-Dec-2020,10:08:13,-28.2929,167.5182,,401677729,-122,8,0,27-Dec-2020,10:10:58,-28.2929,167.5182,329,1495,27736,80,111,,,69,1,5,,,,,,,,,,,,,,,,,,,,,,,,,,,,,
5675,198172,3,NN,B,1032,27-Dec-2020,11:05:44,-28.2721,167.4883,,401677735,-127,8,0,27-Dec-2020,11:05:44,-28.2721,167.4883,367,926,25912,33,74,,,97,135,0,,,,,,,,,,,,,,,,,,,,,,,,,,,,,
5675,198172,3,NN,B,1032,27-Dec-2020,11:05:44,-28.2721,167.4883,,401677735,-127,8,0,27-Dec-2020,11:11:51,-28.2721,167.4883,367,926,25912,33,74,,,74,2,5,,,,,,,,,,,,,,,,,,,,,,,,,,,,,
5675,198172,3,SR,B,1033,28-Dec-2020,18:17:54,-27.6355,167.2187,,401677758,-136,,0,28-Dec-2020,18:13:59,-27.6355,167.2187,470,5293,156528,179,167,,,88,40,119,,,,,,,,,,,,,,,,,,,,,,,,,,,,,
5675,198172,3,SR,B,1033,28-Dec-2020,18:17:54,-27.6355,167.2187,,401677758,-136,,0,28-Dec-2020,18:21:49,-27.6355,167.2187,470,5293,156528,179,167,,,65,235,4,,,,,,,,,,,,,,,,,,,,,,,,,,,,,
5675,198172,3,NP,B,1034,29-Dec-2020,07:48:51,-27.3502,166.9382,,401677737,-130,,0,29-Dec-2020,07:48:52,-27.3502,166.9382,,10690,26623,4292,168,,,88,87,117,,,,,,,,,,,,,,,,,,,,,,,,,,,,,
5675,198172,3,NP,B,1035,29-Dec-2020,09:23:36,-27.5167,167.0904,,401677750,-137,8,0,29-Dec-2020,09:23:36,-27.5167,167.0904,,9871,14998,6496,47,,,10,0,16,,,,,,,,,,,,,,,,,,,,,,,,,,,,,
5675,198172,3,MA,B,1036,29-Dec-2020,09:23:36,-27.5099,167.0838,,401677743,-131,,0,29-Dec-2020,09:23:36,-27.5099,167.0838,,6357,14119,2862,50,,,10,0,16,,,,,,,,,,,,,,,,,,,,,,,,,,,,,
5675,198172,3,NK,B,1037,29-Dec-2020,19:40:20,-27.3706,167.2258,,401677716,-128,8,0,29-Dec-2020,19:40:21,,,,3570,7238,1760,120,,,70,240,4,,,,,,,,,,,,,,,,,,,,,,,,,,,,,
5675,198172,3,MA,B,1038,29-Dec-2020,20:47:49,-27.3911,167.0415,,401677720,-132,8,0,29-Dec-2020,20:47:50,-27.3911,167.0415,,5221,6692,4073,55,,,100,134,32,,,,,,,,,,,,,,,,,,,,,,,,,,,,,
5675,198172,3,NK,B,1039,29-Dec-2020,21:15:18,-27.3834,167.0727,,401677718,-130,6,0,29-Dec-2020,21:15:18,,,,6367,15282,2652,112,,,83,133,54,,,,,,,,,,,,,,,,,,,,,,,,,,,,,
5675,198172,3,NK,B,1040,31-Dec-2020,09:17:17,-27.2709,167.1947,,401677767,-129,,0,31-Dec-2020,09:14:57,-27.2709,167.1947,282,2955,145326,60,54,,,22,75,24,,,,,,,,,,,,,,,,,,,,,,,,,,,,,
5675,198172,3,NK,B,1040,31-Dec-2020,09:17:17,-27.2709,167.1947,,401677767,-129,,0,31-Dec-2020,09:19:39,-27.2709,167.1947,282,2955,145326,60,54,,,10,128,16,,,,,,,,,,,,,,,,,,,,,,,,,,,,,
5675,198172,3,SR, ,1041,01-Jan-2021,17:56:19,,,,401650000,-132,,0,01-Jan-2021,17:56:19,,,,,,,,,,68,234,4,,,,,,,,,,,,,,,,,,,,,,,,,,,,,
5675,198172,3,NK, ,1042,02-Jan-2021,08:25:06,,,,401650000,-127,,0,02-Jan-2021,08:25:06,,,,,,,,,,10,0,16,,,,,,,,,,,,,,,,,,,,,,,,,,,,,
5675,198172,3,NP,B,1043,02-Jan-2021,08:35:25,-27.2060,167.2231,,401677761,-132,,0,02-Jan-2021,08:33:44,-27.2060,167.2231,204,3248,114388,92,84,,,22,75,24,,,,,,,,,,,,,,,,,,,,,,,,,,,,,
5675,198172,3,NP,B,1043,02-Jan-2021,08:35:25,-27.2060,167.2231,,401677761,-132,,0,02-Jan-2021,08:37:08,-27.2060,167.2231,204,3248,114388,92,84,,,69,239,4,,,,,,,,,,,,,,,,,,,,,,,,,,,,,
5675,198172,3,NP,B,1044,02-Jan-2021,18:15:18,-27.2035,167.1737,,401677768,-131,8,0,02-Jan-2021,18:14:52,-27.2035,167.1737,52,1528,11109,210,136,,,10,0,16,,,,,,,,,,,,,,,,,,,,,,,,,,,,,
5675,198172,3,NP,B,1044,02-Jan-2021,18:15:18,-27.2035,167.1737,,401677768,-131,8,0,02-Jan-2021,18:15:44,-27.2035,167.1737,52,1528,11109,210,136,,,22,75,24,,,,,,,,,,,,,,,,,,,,,,,,,,,,,
5675,198172,3,NN,B,1045,02-Jan-2021,21:11:04,-27.2190,167.1801,,401677779,-137,8,0,02-Jan-2021,21:11:05,-27.2190,167.1801,,2584,4666,1430,131,,,150,75,24,,,,,,,,,,,,,,,,,,,,,,,,,,,,,
5675,198172,3,A1,B,1046,03-Jan-2021,07:06:31,-27.2167,167.1559,,401677784,-135,8,0,03-Jan-2021,07:06:31,-27.2167,167.1559,,3415,5243,2224,80,,,92,66,118,,,,,,,,,,,,,,,,,,,,,,,,,,,,,
5675,198172,3,MC,B,1047,03-Jan-2021,09:56:03,-27.2441,167.1972,,401677748,-130,8,0,03-Jan-2021,09:56:03,-27.2441,167.1972,,3238,8622,1216,62,,,100,134,0,,,,,,,,,,,,,,,,,,,,,,,,,,,,,
5675,198172,3,NP,B,1048,03-Jan-2021,19:45:04,-27.2541,167.2173,,401677747,-127,8,0,03-Jan-2021,19:45:04,-27.2541,167.2173,,3566,10654,1193,89,,,70,240,4,,,,,,,,,,,,,,,,,,,,,,,,,,,,,
5675,198172,3,MA, ,1049,04-Jan-2021,20:18:01,,,,401650000,-131,,0,04-Jan-2021,20:18:01,,,,,,,,,,90,92,118,,,,,,,,,,,,,,,,,,,,,,,,,,,,,
5675,198172,3,MA, ,1050,06-Jan-2021,21:17:18,,,,401650000,-125,,0,06-Jan-2021,21:17:18,,,,,,,,,,22,79,70,,,,,,,,,,,,,,,,,,,,,,,,,,,,,
5675,198172,3,NP,0,1051,07-Jan-2021,19:01:33,-27.2756,167.1372,,401677733,-126,50,0,07-Jan-2021,19:01:01,-27.2756,167.1372,84,40320,,,,,,100,134,0,,,,,,,,,,,,,,,,,,,,,,,,,,,,,
5675,198172,3,NP,0,1051,07-Jan-2021,19:01:33,-27.2756,167.1372,,401677733,-126,50,0,07-Jan-2021,19:01:17,-27.2756,167.1372,84,40320,,,,,,10,0,16,,,,,,,,,,,,,,,,,,,,,,,,,,,,,
5675,198172,3,NP,0,1051,07-Jan-2021,19:01:33,-27.2756,167.1372,,401677733,-126,50,0,07-Jan-2021,19:01:32,-27.2756,167.1372,84,40320,,,,,,22,75,24,,,,,,,,,,,,,,,,,,,,,,,,,,,,,
5675,198172,3,NP,0,1051,07-Jan-2021,19:01:33,-27.2756,167.1372,,401677733,-126,50,0,07-Jan-2021,19:02:25,-27.2756,167.1372,84,40320,,,,,,92,18,119,,,,,,,,,,,,,,,,,,,,,,,,,,,,,
5675,198172,3,NK,B,1052,07-Jan-2021,19:09:51,-27.2682,167.0998,,401677744,-135,6,0,07-Jan-2021,19:08:47,-27.2682,167.0998,129,3373,45274,251,121,,,10,0,16,,,,,,,,,,,,,,,,,,,,,,,,,,,,,
5675,198172,3,NK,B,1052,07-Jan-2021,19:09:51,-27.2682,167.0998,,401677744,-135,6,0,07-Jan-2021,19:10:56,-27.2682,167.0998,129,3373,45274,251,121,,,64,0,197,,,,,,,,,,,,,,,,,,,,,,,,,,,,,
5675,198172,3,MC,B,1053,08-Jan-2021,11:26:13,-27.3016,167.1431,,401677737,-131,,0,08-Jan-2021,11:26:14,-27.3016,167.1431,,9616,13935,6634,40,,,64,0,5,,,,,,,,,,,,,,,,,,,,,,,,,,,,,
5675,198172,23,NP,A,1054,08-Jan-2021,18:48:26,-27.2595,167.1236,,401677728,-130,8,0,08-Jan-2021,18:44:56,-27.2595,167.1236,252,168,257,109,91,,,72,242,131,124,200,200,42,185,234,232,35,213,60,252,15,115,60,203,183,105,45,151,245,,,,,,,,,
5675,198172,3,NP,A,1054,08-Jan-2021,18:48:26,-27.2595,167.1236,,401677728,-130,8,0,08-Jan-2021,18:47:44,-27.2595,167.1236,252,168,257,109,91,,,10,0,16,,,,,,,,,,,,,,,,,,,,,,,,,,,,,
5675,198172,3,NP,A,1054,08-Jan-2021,18:48:26,-27.2595,167.1236,,401677728,-130,8,0,08-Jan-2021,18:49:08,-27.2595,167.1236,252,168,257,109,91,,,22,75,24,,,,,,,,,,,,,,,,,,,,,,,,,,,,,
5675,198172,3,NK,B,1055,08-Jan-2021,18:47:44,-27.2798,167.1631,,401677729,-137,8,0,08-Jan-2021,18:47:44,-27.2798,167.1631,,3417,6585,1773,100,,,10,0,16,,,,,,,,,,,,,,,,,,,,,,,,,,,,,
5675,198172,3,A1,B,1056,08-Jan-2021,19:06:43,-27.2591,167.1237,,401677734,-129,6,0,08-Jan-2021,19:06:44,-27.2591,167.1237,,607,696,528,92,,,10,0,16,,,,,,,,,,,,,,,,,,,,,,,,,,,,,
5675,198172,3,SR,A,1057,08-Jan-2021,19:15:35,-27.2422,167.1228,,401677728,-128,6,0,08-Jan-2021,19:13:13,-27.2422,167.1228,142,190,508,70,63,,,74,252,4,,,,,,,,,,,,,,,,,,,,,,,,,,,,,
5675,198172,3,SR,A,1057,08-Jan-2021,19:15:35,-27.2422,167.1228,,401677728,-128,6,0,08-Jan-2021,19:14:06,-27.2422,167.1228,142,190,508,70,63,,,92,195,119,,,,,,,,,,,,,,,,,,,,,,,,,,,,,
5675,198172,3,SR,A,1057,08-Jan-2021,19:15:35,-27.2422,167.1228,,401677728,-128,6,0,08-Jan-2021,19:15:35,-27.2422,167.1228,142,190,508,70,63,,,46,137,44,,,,,,,,,,,,,,,,,,,,,,,,,,,,,
5675,198172,3,NK,1,1058,09-Jan-2021,08:48:53,-27.3209,167.2201,,401677749,-126,40,0,09-Jan-2021,08:47:32,-27.3209,167.2201,168,798,1359,468,59,,,91,216,119,,,,,,,,,,,,,,,,,,,,,,,,,,,,,
5675,198172,3,NK,1,1058,09-Jan-2021,08:48:53,-27.3209,167.2201,,401677749,-126,40,0,09-Jan-2021,08:48:33,-27.3209,167.2201,168,798,1359,468,59,,,22,75,24,,,,,,,,,,,,,,,,,,,,,,,,,,,,,
5675,198172,3,NK,1,1058,09-Jan-2021,08:48:53,-27.3209,167.2201,,401677749,-126,40,0,09-Jan-2021,08:49:08,-27.3209,167.2201,168,798,1359,468,59,,,65,251,4,,,,,,,,,,,,,,,,,,,,,,,,,,,,,
5675,198172,3,NK,1,1058,09-Jan-2021,08:48:53,-27.3209,167.2201,,401677749,-126,40,0,09-Jan-2021,08:50:20,-27.3209,167.2201,168,798,1359,468,59,,,90,221,119,,,,,,,,,,,,,,,,,,,,,,,,,,,,,
5675,198172,3,NP,A,1059,09-Jan-2021,08:55:05,-27.3169,167.2146,,401677741,-131,,0,09-Jan-2021,08:54:05,-27.3169,167.2146,130,1665,9128,303,121,,,107,133,0,,,,,,,,,,,,,,,,,,,,,,,,,,,,,
5675,198172,3,NP,A,1059,09-Jan-2021,08:55:05,-27.3169,167.2146,,401677741,-131,,0,09-Jan-2021,08:54:56,-27.3169,167.2146,130,1665,9128,303,121,,,10,0,16,,,,,,,,,,,,,,,,,,,,,,,,,,,,,
5675,198172,3,NP,A,1059,09-Jan-2021,08:55:05,-27.3169,167.2146,,401677741,-131,,0,09-Jan-2021,08:56:15,-27.3169,167.2146,130,1665,9128,303,121,,,22,75,24,,,,,,,,,,,,,,,,,,,,,,,,,,,,,
5675,198172,3,MA,B,1060,09-Jan-2021,09:03:36,-27.3168,167.2145,,401677741,-133,6,0,09-Jan-2021,09:03:37,-27.3168,167.2145,,3002,9669,931,120,,,10,0,16,,,,,,,,,,,,,,,,,,,,,,,,,,,,,
5675,198172,3,MC,B,1061,09-Jan-2021,11:08:02,-27.3018,167.2052,,401677753,-121,8,0,09-Jan-2021,11:08:03,-27.3018,167.2052,,3085,4525,2102,90,,,10,0,16,,,,,,,,,,,,,,,,,,,,,,,,,,,,,
5675,198172,3,SR,B,1062,09-Jan-2021,18:39:55,-27.2962,167.1944,,401677741,-135,8,0,09-Jan-2021,18:39:55,-27.2962,167.1944,,4902,5519,4354,112,,,79,253,4,,,,,,,,,,,,,,,,,,,,,,,,,,,,,
5675,198172,3,A1,B,1063,10-Jan-2021,06:56:11,-27.1893,167.2130,,401677722,-129,,0,10-Jan-2021,06:56:12,-27.1893,167.2130,,3052,11148,835,100,,,10,0,16,,,,,,,,,,,,,,,,,,,,,,,,,,,,,
5675,198172,3,NP,B,1064,10-Jan-2021,07:02:02,-27.1847,167.2189,,401677751,-133,6,0,10-Jan-2021,07:02:03,-27.1847,167.2189,,2944,17452,496,101,,,22,75,24,,,,,,,,,,,,,,,,,,,,,,,,,,,,,
5675,198172,23,SR,B,1065,10-Jan-2021,18:10:49,-27.2160,167.2208,,401677725,-138,8,0,10-Jan-2021,18:10:50,-27.2160,167.2208,,4029,12267,1323,96,,,84,176,131,220,232,136,98,127,123,237,241,168,4,145,183,13,143,158,57,183,7,245,140,,,,,,,,,
5675,198172,3,NP,B,1066,10-Jan-2021,18:17:54,-27.2103,167.2227,,401677721,-139,6,0,10-Jan-2021,18:17:55,-27.2103,167.2227,,3810,15766,920,91,,,85,85,120,,,,,,,,,,,,,,,,,,,,,,,,,,,,,
5675,198172,3,A1,B,1067,10-Jan-2021,18:34:56,-27.1913,167.1901,,401677731,-130,6,0,10-Jan-2021,18:34:56,-27.1913,167.1901,,3157,13600,732,81,,,86,90,120,,,,,,,,,,,,,,,,,,,,,,,,,,,,,
5675,198172,3,MA,A,1068,13-Jan-2021,10:57:03,-27.2788,167.1199,,401677765,-127,,0,13-Jan-2021,10:55:31,,,148,4149,50938,338,122,,,18,79,24,,,,,,,,,,,,,,,,,,,,,,,,,,,,,
5675,198172,3,MA,A,1068,13-Jan-2021,10:57:03,-27.2788,167.1199,,401677765,-127,,0,13-Jan-2021,10:57:41,,,148,4149,50938,338,122,,,64,0,5,,,,,,,,,,,,,,,,,,,,,,,,,,,,,
5675,198172,3,MA,A,1068,13-Jan-2021,10:57:03,-27.2788,167.1199,,401677765,-127,,0,13-Jan-2021,10:57:59,,,148,4149,50938,338,122,,,92,246,120,,,,,,,,,,,,,,,,,,,,,,,,,,,,,
5675,198172,3,A1,1,1069,13-Jan-2021,19:22:58,-27.2978,167.1796,,401677733,-131,48,0,13-Jan-2021,19:21:15,-27.2978,167.1796,203,1094,5464,219,79,,,10,0,16,,,,,,,,,,,,,,,,,,,,,,,,,,,,,
5675,198172,3,A1,1,1069,13-Jan-2021,19:22:58,-27.2978,167.1796,,401677733,-131,48,0,13-Jan-2021,19:22:36,-27.2978,167.1796,203,1094,5464,219,79,,,69,1,37,,,,,,,,,,,,,,,,,,,,,,,,,,,,,
5675,198172,3,A1,1,1069,13-Jan-2021,19:22:58,-27.2978,167.1796,,401677733,-131,48,0,13-Jan-2021,19:23:27,-27.2978,167.1796,203,1094,5464,219,79,,,107,133,0,,,,,,,,,,,,,,,,,,,,,,,,,,,,,
5675,198172,3,A1,1,1069,13-Jan-2021,19:22:58,-27.2978,167.1796,,401677733,-131,48,0,13-Jan-2021,19:24:38,-27.2978,167.1796,203,1094,5464,219,79,,,74,2,5,,,,,,,,,,,,,,,,,,,,,,,,,,,,,
5675,198172,3,SR,B,1070,13-Jan-2021,19:57:17,-27.2967,167.1829,,401677734,-135,8,0,13-Jan-2021,19:55:35,-27.2967,167.1829,205,1945,11211,337,148,,,100,134,0,,,,,,,,,,,,,,,,,,,,,,,,,,,,,
5675,198172,3,SR,B,1070,13-Jan-2021,19:57:17,-27.2967,167.1829,,401677734,-135,8,0,13-Jan-2021,19:59:00,-27.2967,167.1829,205,1945,11211,337,148,,,22,75,24,,,,,,,,,,,,,,,,,,,,,,,,,,,,,
5675,198172,3,NK,B,1071,13-Jan-2021,19:57:17,-27.2911,167.1833,,401677733,-124,8,0,13-Jan-2021,19:55:35,-27.2911,167.1833,205,2072,28852,148,104,,,100,134,0,,,,,,,,,,,,,,,,,,,,,,,,,,,,,
5675,198172,3,NK,B,1071,13-Jan-2021,19:57:17,-27.2911,167.1833,,401677733,-124,8,0,13-Jan-2021,19:59:00,-27.2911,167.1833,205,2072,28852,148,104,,,22,75,24,,,,,,,,,,,,,,,,,,,,,,,,,,,,,
5675,198172,3,SR,B,1072,14-Jan-2021,19:31:35,-27.2953,167.2480,,401677725,-136,,0,14-Jan-2021,19:31:35,-27.2953,167.2480,,4934,5771,4218,112,,,97,135,0,,,,,,,,,,,,,,,,,,,,,,,,,,,,,
5675,198172,3,NK,B,1073,14-Jan-2021,19:31:35,-27.3471,167.2179,,401677745,-137,,0,14-Jan-2021,19:31:35,-27.3471,167.2179,,5137,11570,2280,90,,,97,135,0,,,,,,,,,,,,,,,,,,,,,,,,,,,,,
5675,198172,3,NK,B,1074,15-Jan-2021,07:57:43,-27.4107,167.3037,,401677729,-128,,0,15-Jan-2021,07:57:43,-27.4107,167.3037,,4667,24373,893,76,,,22,75,24,,,,,,,,,,,,,,,,,,,,,,,,,,,,,
5675,198172,3,MA,B,1075,15-Jan-2021,10:15:03,-27.3411,167.2626,,401677745,-132,,0,15-Jan-2021,10:15:03,-27.3411,167.2626,,4697,15368,1435,56,,,10,0,16,,,,,,,,,,,,,,,,,,,,,,,,,,,,,
5675,198172,3,A1,B,1076,15-Jan-2021,18:56:45,-27.2471,167.2896,,401677732,-129,8,0,15-Jan-2021,18:55:52,-27.2471,167.2896,107,2774,366373,21,76,,,78,6,5,,,,,,,,,,,,,,,,,,,,,,,,,,,,,
5675,198172,3,A1,B,1076,15-Jan-2021,18:56:45,-27.2471,167.2896,,401677732,-129,8,0,15-Jan-2021,18:57:39,-27.2471,167.2896,107,2774,366373,21,76,,,81,126,121,,,,,,,,,,,,,,,,,,,,,,,,,,,,,
5675,198172,3,SR,B,1077,15-Jan-2021,18:56:45,-27.2535,167.2632,,401677734,-133,,0,15-Jan-2021,18:55:52,-27.2535,167.2632,107,315,5044,19,78,,,78,6,1,,,,,,,,,,,,,,,,,,,,,,,,,,,,,
5675,198172,3,SR,B,1077,15-Jan-2021,18:56:45,-27.2535,167.2632,,401677734,-133,,0,15-Jan-2021,18:57:39,-27.2535,167.2632,107,315,5044,19,78,,,81,126,121,,,,,,,,,,,,,,,,,,,,,,,,,,,,,
5675,198172,3,NP,B,1078,16-Jan-2021,07:34:13,-27.1794,167.3011,,401677737,-133,,0,16-Jan-2021,07:34:14,-27.1794,167.3011,,2791,10920,713,79,,,90,152,121,,,,,,,,,,,,,,,,,,,,,,,,,,,,,
5675,198172,3,NK,B,1079,16-Jan-2021,07:34:13,-27.1941,167.2544,,401677751,-135,,0,16-Jan-2021,07:34:14,-27.1941,167.2544,,3152,16197,613,81,,,90,152,121,,,,,,,,,,,,,,,,,,,,,,,,,,,,,
5675,198172,3,NP,B,1080,16-Jan-2021,18:49:14,-27.1470,167.2990,,401677755,-139,8,0,16-Jan-2021,18:49:14,-27.1470,167.2990,,4451,7623,2598,75,,,71,11,5,,,,,,,,,,,,,,,,,,,,,,,,,,,,,
5675,198172,3,NP, ,1081,22-Jan-2021,06:25:09,,,,401650000,-140,,0,22-Jan-2021,06:25:09,,,,,,,,,,22,75,24,,,,,,,,,,,,,,,,,,,,,,,,,,,,,
5675,198172,3,SR, ,1082,22-Jan-2021,07:55:25,,,,401650000,-135,,0,22-Jan-2021,07:55:25,,,,,,,,,,82,47,122,,,,,,,,,,,,,,,,,,,,,,,,,,,,,
5675,198172,23,SR,A,1083,22-Jan-2021,18:37:30,-27.2843,167.2226,,401677727,-131,,0,22-Jan-2021,18:36:23,-27.2843,167.2226,158,146,410,51,120,,,66,144,131,232,234,200,99,98,27,46,20,169,2,229,116,157,95,21,116,90,198,1,198,,,,,,,,,
5675,198172,3,SR,A,1083,22-Jan-2021,18:37:30,-27.2843,167.2226,,401677727,-131,,0,22-Jan-2021,18:37:06,-27.2843,167.2226,158,146,410,51,120,,,18,109,121,,,,,,,,,,,,,,,,,,,,,,,,,,,,,
5675,198172,3,SR,A,1083,22-Jan-2021,18:37:30,-27.2843,167.2226,,401677727,-131,,0,22-Jan-2021,18:39:01,-27.2843,167.2226,158,146,410,51,120,,,107,133,8,,,,,,,,,,,,,,,,,,,,,,,,,,,,,
5675,198172,3,SR,3,1084,25-Jan-2021,18:44:28,-27.2819,167.2030,,401677724,-129,50,0,25-Jan-2021,18:42:39,-27.2819,167.2030,192,193,417,89,102,,,78,6,5,,,,,,,,,,,,,,,,,,,,,,,,,,,,,
5675,198172,3,SR,3,1084,25-Jan-2021,18:44:28,-27.2819,167.2030,,401677724,-129,50,0,25-Jan-2021,18:43:59,-27.2819,167.2030,192,193,417,89,102,,,85,245,122,,,,,,,,,,,,,,,,,,,,,,,,,,,,,
5675,198172,3,SR,3,1084,25-Jan-2021,18:44:28,-27.2819,167.2030,,401677724,-129,50,0,25-Jan-2021,18:44:39,-27.2819,167.2030,192,193,417,89,102,,,110,132,0,,,,,,,,,,,,,,,,,,,,,,,,,,,,,
5675,198172,3,SR,3,1084,25-Jan-2021,18:44:28,-27.2819,167.2030,,401677724,-129,50,0,25-Jan-2021,18:45:12,-27.2819,167.2030,192,193,417,89,102,,,10,0,20,,,,,,,,,,,,,,,,,,,,,,,,,,,,,
5675,198172,3,SR,3,1084,25-Jan-2021,18:44:28,-27.2819,167.2030,,401677724,-129,50,0,25-Jan-2021,18:45:51,-27.2819,167.2030,192,193,417,89,102,,,22,75,24,,,,,,,,,,,,,,,,,,,,,,,,,,,,,
5675,198172,3,NP,2,1085,25-Jan-2021,18:50:02,-27.2831,167.1947,,401677726,-127,56,0,25-Jan-2021,18:44:39,-27.2831,167.1947,385,339,872,132,117,,,110,132,0,,,,,,,,,,,,,,,,,,,,,,,,,,,,,
5675,198172,3,NP,2,1085,25-Jan-2021,18:50:02,-27.2831,167.1947,,401677726,-127,56,0,25-Jan-2021,18:45:51,-27.2831,167.1947,385,339,872,132,117,,,22,75,24,,,,,,,,,,,,,,,,,,,,,,,,,,,,,
5675,198172,3,NP,2,1085,25-Jan-2021,18:50:02,-27.2831,167.1947,,401677726,-127,56,0,25-Jan-2021,18:49:00,-27.2831,167.1947,385,339,872,132,117,,,86,250,122,,,,,,,,,,,,,,,,,,,,,,,,,,,,,
5675,198172,3,NP,2,1085,25-Jan-2021,18:50:02,-27.2831,167.1947,,401677726,-127,56,0,25-Jan-2021,18:51:04,-27.2831,167.1947,385,339,872,132,117,,,10,0,16,,,,,,,,,,,,,,,,,,,,,,,,,,,,,
5675,198172,3,A1,B,1086,25-Jan-2021,19:34:12,-27.2824,167.1978,,401677728,-137,8,0,25-Jan-2021,19:34:12,-27.2824,167.1978,,5178,24638,1088,104,,,81,15,123,,,,,,,,,,,,,,,,,,,,,,,,,,,,,
5675,198172,3,SR,B,1087,26-Jan-2021,07:28:13,-27.2213,167.1123,,401677719,-133,8,0,26-Jan-2021,07:28:14,-27.2213,167.1123,,7343,13135,4104,99,,,22,75,142,,,,,,,,,,,,,,,,,,,,,,,,,,,,,
5675,198172,3,MC,B,1088,26-Jan-2021,23:13:12,-27.1980,167.0596,,401677727,-130,,0,26-Jan-2021,23:13:12,-27.1980,167.0596,,7040,16829,2944,73,,,88,95,123,,,,,,,,,,,,,,,,,,,,,,,,,,,,,
5675,198172,3,NN,B,1089,26-Jan-2021,23:13:12,-27.1984,167.1052,,401677719,-128,,0,26-Jan-2021,23:13:12,-27.1984,167.1052,,5140,10973,2407,80,,,88,93,123,,,,,,,,,,,,,,,,,,,,,,,,,,,,,
5675,198172,3,MA,B,1090,27-Jan-2021,09:23:01,-27.1670,167.0447,,401677729,-127,8,0,27-Jan-2021,09:23:01,-27.1670,167.0447,,5808,12214,2761,78,,,22,75,24,,,,,,,,,,,,,,,,,,,,,,,,,,,,,
5675,198172,3,NP,B,1091,27-Jan-2021,18:24:50,-27.2972,167.2451,,401677744,-129,8,0,27-Jan-2021,18:24:30,-27.2972,167.2451,40,3861,13946,1068,29,,,10,0,16,,,,,,,,,,,,,,,,,,,,,,,,,,,,,
5675,198172,3,NP,B,1091,27-Jan-2021,18:24:50,-27.2972,167.2451,,401677744,-129,8,0,27-Jan-2021,18:25:10,-27.2972,167.2451,40,3861,13946,1068,29,,,71,11,5,,,,,,,,,,,,,,,,,,,,,,,,,,,,,
5675,198172,3,NN,B,1092,28-Jan-2021,09:45:15,-27.3492,167.2460,,401677728,-137,,0,28-Jan-2021,09:45:16,-27.3492,167.2460,,12238,20536,7293,108,,,73,13,37,,,,,,,,,,,,,,,,,,,,,,,,,,,,,
5675,198172,3,NP,B,1093,28-Jan-2021,18:11:48,-27.3240,167.2446,,401677714,-128,8,0,28-Jan-2021,18:11:48,-27.3240,167.2446,,13585,43567,4235,97,,,100,134,0,,,,,,,,,,,,,,,,,,,,,,,,,,,,,
5675,198172,3,NP,B,1094,28-Jan-2021,19:55:42,-27.3579,167.1933,,401677708,-129,8,0,28-Jan-2021,19:54:51,-27.3579,167.1933,102,3627,85102,154,109,,,81,254,123,,,,,,,,,,,,,,,,,,,,,,,,,,,,,
5675,198172,23,NP,B,1094,28-Jan-2021,19:55:42,-27.3579,167.1933,,401677708,-129,8,0,28-Jan-2021,19:56:33,-27.3579,167.1933,102,3627,85102,154,109,,,69,208,131,220,232,140,96,178,14,80,32,23,212,247,255,10,1,63,31,209,37,128,127,,,,,,,,,
5675,198172,3,NP,B,1095,29-Jan-2021,06:37:42,-27.2132,167.1697,,401677743,-140,8,0,29-Jan-2021,06:37:23,-27.2132,167.1697,39,9438,52076,1710,100,,,22,75,24,,,,,,,,,,,,,,,,,,,,,,,,,,,,,
5675,198172,3,NP,B,1095,29-Jan-2021,06:37:42,-27.2132,167.1697,,401677743,-140,8,0,29-Jan-2021,06:38:02,-27.2132,167.1697,39,9438,52076,1710,100,,,86,9,252,,,,,,,,,,,,,,,,,,,,,,,,,,,,,
5675,198172,3,A1,3,1096,29-Jan-2021,06:59:29,-27.2027,167.2120,,401677725,-129,56,0,29-Jan-2021,06:57:18,-27.2027,167.2120,314,162,295,88,66,,,22,75,24,,,,,,,,,,,,,,,,,,,,,,,,,,,,,
5675,198172,3,A1,3,1096,29-Jan-2021,06:59:29,-27.2027,167.2120,,401677725,-129,56,0,29-Jan-2021,07:00:11,-27.2027,167.2120,314,162,295,88,66,,,84,19,124,,,,,,,,,,,,,,,,,,,,,,,,,,,,,
5675,198172,3,A1,3,1096,29-Jan-2021,06:59:29,-27.2027,167.2120,,401677725,-129,56,0,29-Jan-2021,07:00:30,-27.2027,167.2120,314,162,295,88,66,,,107,133,0,,,,,,,,,,,,,,,,,,,,,,,,,,,,,
5675,198172,3,A1,3,1096,29-Jan-2021,06:59:29,-27.2027,167.2120,,401677725,-129,56,1,29-Jan-2021,07:02:32,-27.2027,167.2120,314,162,295,88,66,,,10,0,16,,,,,,,,,,,,,,,,,,,,,,,,,,,,,
5675,198172,3,NN,B,1097,29-Jan-2021,09:38:01,-27.2059,167.1911,,401677721,-140,8,0,29-Jan-2021,09:38:01,-27.2059,167.1911,,2304,2908,1825,75,,,82,45,124,,,,,,,,,,,,,,,,,,,,,,,,,,,,,
5675,198172,3,A1,1,1098,29-Jan-2021,18:38:10,-27.2811,167.1909,,401677729,-130,48,0,29-Jan-2021,18:34:43,-27.2811,167.1909,393,960,1704,540,65,,,22,75,24,,,,,,,,,,,,,,,,,,,,,,,,,,,,,
5675,198172,3,A1,1,1098,29-Jan-2021,18:38:10,-27.2811,167.1909,,401677729,-130,48,0,29-Jan-2021,18:37:14,-27.2811,167.1909,393,960,1704,540,65,,,107,132,179,,,,,,,,,,,,,,,,,,,,,,,,,,,,,
5675,198172,3,A1,1,1098,29-Jan-2021,18:38:10,-27.2811,167.1909,,401677729,-130,48,0,29-Jan-2021,18:39:30,-27.2811,167.1909,393,960,1704,540,65,,,71,11,5,,,,,,,,,,,,,,,,,,,,,,,,,,,,,
5675,198172,3,A1,1,1098,29-Jan-2021,18:38:10,-27.2811,167.1909,,401677729,-130,48,0,29-Jan-2021,18:41:16,-27.2811,167.1909,393,960,1704,540,65,,,84,108,124,,,,,,,,,,,,,,,,,,,,,,,,,,,,,
5675,198172,3,SR, ,1099,30-Jan-2021,19:26:35,,,,401650000,-129,,0,30-Jan-2021,19:26:35,,,,,,,,,,100,134,0,,,,,,,,,,,,,,,,,,,,,,,,,,,,,
5675,198172,3,NP, ,1100,30-Jan-2021,19:26:35,,,,401650000,-133,,0,30-Jan-2021,19:26:35,,,,,,,,,,100,134,0,,,,,,,,,,,,,,,,,,,,,,,,,,,,,
5675,198172,3,NK, ,1101,30-Jan-2021,19:26:35,,,,401650000,-133,,0,30-Jan-2021,19:26:35,,,,,,,,,,100,134,0,,,,,,,,,,,,,,,,,,,,,,,,,,,,,
5675,198172,3,NN, ,1102,31-Jan-2021,10:49:25,,,,401650000,-135,,0,31-Jan-2021,10:49:25,,,,,,,,,,10,0,16,,,,,,,,,,,,,,,,,,,,,,,,,,,,,
5675,198172,3,NK,2,1103,31-Jan-2021,20:45:01,-27.3647,167.1775,,401677725,-128,50,0,31-Jan-2021,20:41:41,-27.3647,167.1775,455,327,657,162,68,,,22,75,24,,,,,,,,,,,,,,,,,,,,,,,,,,,,,
5675,198172,3,NK,2,1103,31-Jan-2021,20:45:01,-27.3647,167.1775,,401677725,-128,50,0,31-Jan-2021,20:44:11,-27.3647,167.1775,455,327,657,162,68,,,72,8,5,,,,,,,,,,,,,,,,,,,,,,,,,,,,,
5675,198172,3,NK,2,1103,31-Jan-2021,20:45:01,-27.3647,167.1775,,401677725,-128,50,0,31-Jan-2021,20:46:47,-27.3647,167.1775,455,327,657,162,68,,,92,91,125,,,,,,,,,,,,,,,,,,,,,,,,,,,,,
5675,198172,3,NK,2,1103,31-Jan-2021,20:45:01,-27.3647,167.1775,,401677725,-128,50,0,31-Jan-2021,20:47:08,-27.3647,167.1775,455,327,657,162,68,,,100,134,0,,,,,,,,,,,,,,,,,,,,,,,,,,,,,
5675,198172,3,NK,2,1103,31-Jan-2021,20:45:01,-27.3647,167.1775,,401677725,-128,50,1,31-Jan-2021,20:49:16,-27.3647,167.1775,455,327,657,162,68,,,10,0,16,,,,,,,,,,,,,,,,,,,,,,,,,,,,,
5675,198172,3,MC, ,1104,31-Jan-2021,21:23:55,,,,401650000,-132,,0,31-Jan-2021,21:23:55,,,,,,,,,,107,133,0,,,,,,,,,,,,,,,,,,,,,,,,,,,,,
5675,198172,3,NK,B,1105,01-Feb-2021,09:11:23,-27.3486,167.1502,,401677752,-128,,0,01-Feb-2021,09:10:06,-27.3486,167.1502,155,5883,186288,185,77,,,22,75,24,,,,,,,,,,,,,,,,,,,,,,,,,,,,,
5675,198172,3,NK,B,1105,01-Feb-2021,09:11:23,-27.3486,167.1502,,401677752,-128,,0,01-Feb-2021,09:12:41,-27.3486,167.1502,155,5883,186288,185,77,,,95,133,125,,,,,,,,,,,,,,,,,,,,,,,,,,,,,
5675,198172,3,NN,B,1106,01-Feb-2021,10:44:41,-27.3246,167.1603,,401677729,-130,8,0,01-Feb-2021,10:43:54,-27.3246,167.1603,96,2460,33994,178,68,,,77,9,5,,,,,,,,,,,,,,,,,,,,,,,,,,,,,
5675,198172,3,NN,B,1106,01-Feb-2021,10:44:41,-27.3246,167.1603,,401677729,-130,8,0,01-Feb-2021,10:45:30,-27.3246,167.1603,96,2460,33994,178,68,,,94,144,125,,,,,,,,,,,,,,,,,,,,,,,,,,,,,
5675,198172,3,MB,B,1107,01-Feb-2021,10:45:29,-27.3986,167.1134,,401677733,-132,,0,01-Feb-2021,10:45:30,-27.3986,167.1134,,11122,12580,9832,89,,,94,144,125,,,,,,,,,,,,,,,,,,,,,,,,,,,,,
5675,198172,3,MC,B,1108,01-Feb-2021,11:35:38,-27.2810,167.1634,,401677736,-120,8,0,01-Feb-2021,11:35:27,-27.2810,167.1634,23,7124,35372,1434,73,,,107,133,0,,,,,,,,,,,,,,,,,,,,,,,,,,,,,
5675,198172,3,MC,B,1108,01-Feb-2021,11:35:38,-27.2810,167.1634,,401677736,-120,8,0,01-Feb-2021,11:35:50,-27.2810,167.1634,23,7124,35372,1434,73,,,10,0,16,,,,,,,,,,,,,,,,,,,,,,,,,,,,,
5675,198172,23,A1,B,1109,01-Feb-2021,17:57:00,-27.0707,167.3396,,401677683,-140,8,0,01-Feb-2021,17:57:01,-27.0707,167.3396,,3860,7253,2053,52,,,92,144,131,220,232,140,96,178,8,200,32,17,148,255,181,12,1,211,30,192,176,255,129,,,,,,,,,
5675,198172,3,SR,B,1110,01-Feb-2021,18:23:15,-27.1598,167.2117,,401677693,-136,6,0,01-Feb-2021,18:23:16,-27.1598,167.2117,,2785,3090,2509,23,,,85,232,125,,,,,,,,,,,,,,,,,,,,,,,,,,,,,
5675,198172,3,NK,B,1111,01-Feb-2021,18:39:22,-27.2641,167.1933,,401677737,-137,6,0,01-Feb-2021,18:39:22,-27.2641,167.1933,,1754,3285,936,97,,,107,133,0,,,,,,,,,,,,,,,,,,,,,,,,,,,,,
5675,198172,3,NP,B,1112,01-Feb-2021,19:10:23,-27.2159,167.1966,,401677730,-140,5,0,01-Feb-2021,19:10:23,-27.2159,167.1966,,4224,6056,2946,102,,,71,11,5,,,,,,,,,,,,,,,,,,,,,,,,,,,,,
5675,198172,3,SR,B,1113,01-Feb-2021,20:04:36,-27.2506,167.2174,,401677706,-137,8,0,01-Feb-2021,20:04:36,-27.2506,167.2174,,5202,9659,2801,84,,,76,12,5,,,,,,,,,,,,,,,,,,,,,,,,,,,,,
5675,198172,3,SR,B,1114,02-Feb-2021,07:18:26,-27.3840,167.3275,,401677714,-135,8,0,02-Feb-2021,07:18:26,-27.3840,167.3275,,9737,14485,6544,65,,,86,23,126,,,,,,,,,,,,,,,,,,,,,,,,,,,,,
5675,198172,3,NN,B,1115,02-Feb-2021,10:27:22,-27.3427,167.3163,,401677738,-133,8,0,02-Feb-2021,10:27:22,-27.3427,167.3163,,10074,28854,3517,89,,,86,39,126,,,,,,,,,,,,,,,,,,,,,,,,,,,,,
5675,198172,3,NK,B,1116,02-Feb-2021,18:14:47,-27.3386,167.3858,,401677706,-137,8,0,02-Feb-2021,18:14:47,-27.3386,167.3858,,4444,12615,1565,97,,,22,75,24,,,,,,,,,,,,,,,,,,,,,,,,,,,,,
5675,198172,3,NP,B,1117,02-Feb-2021,18:58:43,-27.2918,167.1784,,401677722,-133,7,0,02-Feb-2021,18:49:51,-27.2918,167.1784,533,2471,13147,464,162,,,22,75,24,,,,,,,,,,,,,,,,,,,,,,,,,,,,,
5675,198172,3,NP,B,1117,02-Feb-2021,18:58:43,-27.2918,167.1784,,401677722,-133,7,0,02-Feb-2021,18:58:44,-27.2918,167.1784,533,2471,13147,464,162,,,100,134,0,,,,,,,,,,,,,,,,,,,,,,,,,,,,,
5675,198172,3,A1,B,1118,02-Feb-2021,19:12:15,-27.2996,167.2641,,401677739,-132,6,0,02-Feb-2021,19:11:08,-27.2996,167.2641,134,2509,181867,34,77,,,22,75,24,,,,,,,,,,,,,,,,,,,,,,,,,,,,,
5675,198172,3,A1,B,1118,02-Feb-2021,19:12:15,-27.2996,167.2641,,401677739,-132,6,0,02-Feb-2021,19:13:22,-27.2996,167.2641,134,2509,181867,34,77,,,35,168,67,,,,,,,,,,,,,,,,,,,,,,,,,,,,,
5675,198172,3,SR,B,1119,02-Feb-2021,19:36:01,-27.3128,167.2231,,401677716,-132,6,0,02-Feb-2021,19:36:01,-27.3128,167.2231,,1653,6244,437,79,,,100,134,0,,,,,,,,,,,,,,,,,,,,,,,,,,,,,
5675,198172,3,MA,B,1120,02-Feb-2021,20:22:09,-27.3207,167.2127,,401677727,-134,7,0,02-Feb-2021,20:22:09,-27.3207,167.2127,,1545,2867,832,87,,,30,74,152,,,,,,,,,,,,,,,,,,,,,,,,,,,,,
5675,198172,23,NP,A,1121,03-Feb-2021,07:24:43,-27.2313,167.2753,,401677732,-129,8,0,03-Feb-2021,07:23:27,-27.2313,167.2753,173,374,1008,138,103,,,86,240,131,220,232,140,96,178,1,157,208,20,241,112,123,217,115,172,11,44,228,29,82,,,,,,,,,
5675,198172,3,NP,A,1121,03-Feb-2021,07:24:43,-27.2313,167.2753,,401677732,-129,8,0,03-Feb-2021,07:24:24,-27.2313,167.2753,173,374,1008,138,103,,,95,164,126,,,,,,,,,,,,,,,,,,,,,,,,,,,,,
5675,198172,3,NP,A,1121,03-Feb-2021,07:24:43,-27.2313,167.2753,,401677732,-129,8,0,03-Feb-2021,07:26:20,-27.2313,167.2753,173,374,1008,138,103,,,110,132,0,,,,,,,,,,,,,,,,,,,,,,,,,,,,,
5675,198172,3,NK,A,1122,03-Feb-2021,08:19:34,-27.2458,167.2564,,401677724,-128,8,0,03-Feb-2021,08:17:24,-27.2458,167.2564,223,268,690,104,111,,,83,184,126,,,,,,,,,,,,,,,,,,,,,,,,,,,,,
5675,198172,3,NK,A,1122,03-Feb-2021,08:19:34,-27.2458,167.2564,,401677724,-128,8,0,03-Feb-2021,08:20:13,-27.2458,167.2564,223,268,690,104,111,,,100,134,0,,,,,,,,,,,,,,,,,,,,,,,,,,,,,
5675,198172,3,NK,A,1122,03-Feb-2021,08:19:34,-27.2458,167.2564,,401677724,-128,8,0,03-Feb-2021,08:21:07,-27.2458,167.2564,223,268,690,104,111,,,10,0,16,,,,,,,,,,,,,,,,,,,,,,,,,,,,,
5675,198172,3,NK,B,1123,03-Feb-2021,09:59:22,-27.2471,167.2844,,401677720,-135,8,0,03-Feb-2021,09:59:22,-27.2471,167.2844,,3743,4775,2933,86,,,107,5,64,,,,,,,,,,,,,,,,,,,,,,,,,,,,,
5675,198172,3,A1,B,1124,04-Feb-2021,07:03:18,-27.3630,167.3139,,401677728,-135,,0,04-Feb-2021,07:03:18,-27.3630,167.3139,,4089,8130,2056,127,,,10,0,16,,,,,,,,,,,,,,,,,,,,,,,,,,,,,
5675,198172,3,SR,B,1125,04-Feb-2021,07:53:06,-27.2905,167.2377,,401677724,-133,8,0,04-Feb-2021,07:53:07,-27.2905,167.2377,,3272,4671,2292,158,,,82,242,126,,,,,,,,,,,,,,,,,,,,,,,,,,,,,
5675,198172,3,NK,B,1126,04-Feb-2021,07:53:06,-27.2826,167.2486,,401677735,-129,8,0,04-Feb-2021,07:53:07,-27.2826,167.2486,,3290,14264,758,104,,,82,242,126,,,,,,,,,,,,,,,,,,,,,,,,,,,,,
5675,198172,3,NN,A,1127,04-Feb-2021,10:04:28,-27.2822,167.1942,,401677756,-127,7,0,04-Feb-2021,10:02:32,-27.2822,167.1942,193,495,3063,80,57,,,107,133,0,,,,,,,,,,,,,,,,,,,,,,,,,,,,,
5675,198172,3,NN,A,1127,04-Feb-2021,10:04:28,-27.2822,167.1942,,401677756,-127,7,0,04-Feb-2021,10:05:08,-27.2822,167.1942,193,495,3063,80,57,,,64,16,5,,,,,,,,,,,,,,,,,,,,,,,,,,,,,
5675,198172,3,NN,A,1127,04-Feb-2021,10:04:28,-27.2822,167.1942,,401677756,-127,7,0,04-Feb-2021,10:05:45,-27.2822,167.1942,193,495,3063,80,57,,,91,1,127,,,,,,,,,,,,,,,,,,,,,,,,,,,,,
5675,198172,3,MA,B,1128,04-Feb-2021,10:05:45,-27.2821,167.1939,,401677746,-132,6,0,04-Feb-2021,10:05:45,-27.2821,167.1939,,443,1480,132,58,,,75,0,111,,,,,,,,,,,,,,,,,,,,,,,,,,,,,
5675,198172,3,MB,B,1129,04-Feb-2021,22:35:26,-27.2485,167.0490,,401677772,-131,,0,04-Feb-2021,22:35:26,-27.2485,167.0490,,3306,4948,2208,68,,,79,19,5,,,,,,,,,,,,,,,,,,,,,,,,,,,,,
5675,198172,3,SR,B,1130,05-Feb-2021,05:42:10,-27.2171,167.1117,,401677739,-135,8,0,05-Feb-2021,05:42:10,-27.2171,167.1117,,4271,11030,1653,134,,,110,132,0,,,,,,,,,,,,,,,,,,,,,,,,,,,,,
5675,198172,3,A1,B,1131,05-Feb-2021,06:53:46,-27.1936,167.0665,,401677731,-139,8,0,05-Feb-2021,06:53:46,-27.1936,167.0665,,3526,7607,1634,146,,,107,133,0,,,,,,,,,,,,,,,,,,,,,,,,,,,,,
5675,198172,3,MA,B,1132,05-Feb-2021,08:02:51,-27.1805,167.0373,,401677728,-130,8,0,05-Feb-2021,08:02:52,-27.1805,167.0373,,2003,3142,1276,74,,,10,0,16,,,,,,,,,,,,,,,,,,,,,,,,,,,,,
5675,198172,3,NK,B,1133,05-Feb-2021,09:03:55,-27.1732,167.0479,,401677712,-133,8,0,05-Feb-2021,09:03:56,-27.1732,167.0479,,2155,2993,1551,83,,,10,0,16,,,,,,,,,,,,,,,,,,,,,,,,,,,,,
5675,198172,3,MA,B,1134,05-Feb-2021,09:38:47,-27.2418,167.0635,,401677722,-125,8,0,05-Feb-2021,09:36:41,-27.2418,167.0635,253,2177,72713,65,66,,,107,133,0,,,,,,,,,,,,,,,,,,,,,,,,,,,,,
5675,198172,3,MA,B,1134,05-Feb-2021,09:38:47,-27.2418,167.0635,,401677722,-125,8,0,05-Feb-2021,09:40:54,-27.2418,167.0635,253,2177,72713,65,66,,,10,1,17,,,,,,,,,,,,,,,,,,,,,,,,,,,,,
5675,198172,3,MC,B,1135,05-Feb-2021,10:08:10,-27.2411,167.1081,,401677727,-126,6,0,05-Feb-2021,10:04:54,-27.2411,167.1081,392,1935,68795,54,58,,,94,111,127,,,,,,,,,,,,,,,,,,,,,,,,,,,,,
5675,198172,3,MC,B,1135,05-Feb-2021,10:08:10,-27.2411,167.1081,,401677727,-126,6,0,05-Feb-2021,10:11:26,-27.2411,167.1081,392,1935,68795,54,58,,,107,133,0,,,,,,,,,,,,,,,,,,,,,,,,,,,,,
5675,198172,3,NN,B,1136,05-Feb-2021,22:58:08,-27.3024,166.9639,,401677765,-133,,0,05-Feb-2021,22:58:08,-27.3024,166.9639,,3927,5555,2775,64,,,10,0,16,,,,,,,,,,,,,,,,,,,,,,,,,,,,,
5675,198172,3,NP,A,1137,06-Feb-2021,06:47:17,-27.2008,167.1301,,401677759,-133,8,0,06-Feb-2021,06:47:02,-27.2008,167.1301,328,651,4153,101,144,,,22,75,24,,,,,,,,,,,,,,,,,,,,,,,,,,,,,
5675,198172,3,NP,A,1137,06-Feb-2021,06:47:17,-27.2008,167.1301,,401677759,-133,8,0,06-Feb-2021,06:47:32,-27.2008,167.1301,328,651,4153,101,144,,,64,16,5,,,,,,,,,,,,,,,,,,,,,,,,,,,,,
5675,198172,3,NP,A,1137,06-Feb-2021,06:47:17,-27.2008,167.1301,,401677759,-133,8,0,06-Feb-2021,06:52:30,-27.2008,167.1301,328,651,4153,101,144,,,110,132,0,,,,,,,,,,,,,,,,,,,,,,,,,,,,,
5675,198172,3,SR,1,1138,06-Feb-2021,06:49:04,-27.1939,167.1250,,401677722,-129,46,0,06-Feb-2021,06:47:02,-27.1939,167.1250,328,527,1080,257,104,,,22,75,24,,,,,,,,,,,,,,,,,,,,,,,,,,,,,
5675,198172,3,SR,1,1138,06-Feb-2021,06:49:04,-27.1939,167.1250,,401677722,-129,46,0,06-Feb-2021,06:47:32,-27.1939,167.1250,328,527,1080,257,104,,,64,16,5,,,,,,,,,,,,,,,,,,,,,,,,,,,,,
5675,198172,3,SR,1,1138,06-Feb-2021,06:49:04,-27.1939,167.1250,,401677722,-129,46,0,06-Feb-2021,06:49:13,-27.1939,167.1250,328,527,1080,257,104,,,94,225,127,,,,,,,,,,,,,,,,,,,,,,,,,,,,,
5675,198172,3,SR,1,1138,06-Feb-2021,06:49:04,-27.1939,167.1250,,401677722,-129,46,0,06-Feb-2021,06:52:30,-27.1939,167.1250,328,527,1080,257,104,,,110,132,0,,,,,,,,,,,,,,,,,,,,,,,,,,,,,
5675,198172,3,NK,B,1139,06-Feb-2021,08:40:47,-27.1943,167.1173,,401677713,-130,8,0,06-Feb-2021,08:40:47,-27.1943,167.1173,,6306,7497,5303,74,,,89,1,128,,,,,,,,,,,,,,,,,,,,,,,,,,,,,
5675,198172,3,NP,B,1140,06-Feb-2021,18:09:26,-27.1956,167.0661,,401677718,-133,8,0,06-Feb-2021,18:09:26,-27.1956,167.0661,,10818,20058,5834,115,,,91,68,128,,,,,,,,,,,,,,,,,,,,,,,,,,,,,
5675,198172,23,A1,B,1141,06-Feb-2021,19:48:36,-27.2138,167.0858,,401677717,-134,8,0,06-Feb-2021,19:48:36,-27.2138,167.0858,,9010,27684,2932,93,,,66,112,131,220,232,140,96,178,11,66,153,132,161,44,18,149,167,79,92,112,67,243,236,,,,,,,,,
5675,198172,3,SR,B,1142,06-Feb-2021,20:47:30,-27.2143,167.0873,,401677720,-136,8,0,06-Feb-2021,20:47:31,-27.2143,167.0873,,2876,6911,1197,92,,,10,0,16,,,,,,,,,,,,,,,,,,,,,,,,,,,,,
5675,198172,3,NK,B,1143,06-Feb-2021,21:32:05,-27.2133,167.0868,,401677719,-132,8,0,06-Feb-2021,21:32:06,-27.2133,167.0868,,2898,8059,1042,91,,,101,131,0,,,,,,,,,,,,,,,,,,,,,,,,,,,,,
5675,198172,3,NN,B,1144,06-Feb-2021,22:39:38,-27.2110,167.0873,,401677714,-133,8,0,06-Feb-2021,22:36:56,-27.2110,167.0873,162,2898,8979,935,99,,,65,21,5,,,,,,,,,,,,,,,,,,,,,,,,,,,,,
5675,198172,3,NN,B,1144,06-Feb-2021,22:39:38,-27.2110,167.0873,,401677714,-133,8,0,06-Feb-2021,22:37:15,-27.2110,167.0873,162,2898,8979,935,99,,,83,141,128,,,,,,,,,,,,,,,,,,,,,,,,,,,,,
5675,198172,3,NN,B,1144,06-Feb-2021,22:39:38,-27.2110,167.0873,,401677714,-133,8,0,06-Feb-2021,22:39:38,-27.2110,167.0873,162,2898,8979,935,99,,,100,134,0,,,,,,,,,,,,,,,,,,,,,,,,,,,,,
5675,198172,3,MC,B,1145,06-Feb-2021,22:48:38,-27.2369,167.1299,,401677710,-129,6,0,06-Feb-2021,22:48:29,-27.2369,167.1299,19,4535,9363,2196,98,,,65,21,5,,,,,,,,,,,,,,,,,,,,,,,,,,,,,
5675,198172,3,MC,B,1145,06-Feb-2021,22:48:38,-27.2369,167.1299,,401677710,-129,6,0,06-Feb-2021,22:48:48,-27.2369,167.1299,19,4535,9363,2196,98,,,80,146,128,,,,,,,,,,,,,,,,,,,,,,,,,,,,,
5675,198172,3,SR,0,1146,07-Feb-2021,18:32:58,-27.3476,167.0983,,401677733,-133,50,0,07-Feb-2021,18:32:24,-27.3476,167.0983,74,19531,184265,2070,110,,,89,224,129,,,,,,,,,,,,,,,,,,,,,,,,,,,,,
5675,198172,23,SR,0,1146,07-Feb-2021,18:32:58,-27.3476,167.0983,,401677733,-133,50,0,07-Feb-2021,18:32:39,-27.3476,167.0983,74,19531,184265,2070,110,,,75,80,131,220,232,140,96,178,3,202,99,211,23,1,195,8,1,203,30,209,32,255,160,,,,,,,,,
5675,198172,3,SR,0,1146,07-Feb-2021,18:32:58,-27.3476,167.0983,,401677733,-133,50,0,07-Feb-2021,18:33:13,-27.3476,167.0983,74,19531,184265,2070,110,,,107,133,0,,,,,,,,,,,,,,,,,,,,,,,,,,,,,
5675,198172,3,SR,0,1146,07-Feb-2021,18:32:58,-27.3476,167.0983,,401677733,-133,50,0,07-Feb-2021,18:33:38,-27.3476,167.0983,74,19531,184265,2070,110,,,10,0,16,,,,,,,,,,,,,,,,,,,,,,,,,,,,,
5675,198172,3,NK,B,1147,07-Feb-2021,19:30:43,-27.4408,167.3206,,401677719,-129,8,1,07-Feb-2021,19:33:33,-27.4408,167.3206,,3386,33402,343,44,,,22,75,24,,,,,,,,,,,,,,,,,,,,,,,,,,,,,
5675,198172,3,MA,B,1148,07-Feb-2021,20:16:07,-27.4673,167.3739,,401677722,-119,8,0,07-Feb-2021,20:16:07,-27.4673,167.3739,,3791,5312,2706,58,,,107,133,0,,,,,,,,,,,,,,,,,,,,,,,,,,,,,
5675,198172,3,NN,B,1149,07-Feb-2021,20:50:39,-27.4856,167.4155,,401677709,-137,8,0,07-Feb-2021,20:50:40,-27.4856,167.4155,,5776,7337,4546,63,,,22,75,24,,,,,,,,,,,,,,,,,,,,,,,,,,,,,
5675,198172,3,MA,B,1150,08-Feb-2021,10:15:13,-27.5125,167.4626,,401677698,-131,,0,08-Feb-2021,10:15:13,-27.5125,167.4626,,12360,14433,10583,81,,,22,74,40,,,,,,,,,,,,,,,,,,,,,,,,,,,,,
5675,198172,3,NP,B,1151,08-Feb-2021,19:28:41,-27.6991,167.8698,,401677648,-126,8,0,08-Feb-2021,19:28:42,-27.6991,167.8698,,4533,7896,2602,55,,,22,75,24,,,,,,,,,,,,,,,,,,,,,,,,,,,,,
5675,198172,3,SR,B,1152,08-Feb-2021,19:46:05,-27.5640,167.5939,,401677711,-130,6,0,08-Feb-2021,19:46:06,-27.5640,167.5939,,5257,32142,859,75,,,68,20,5,,,,,,,,,,,,,,,,,,,,,,,,,,,,,
5675,198172,3,MA,B,1153,08-Feb-2021,19:53:06,-27.6126,167.4122,,401677717,-133,6,0,08-Feb-2021,19:52:57,-27.6126,167.4122,18,1338,3309,541,92,,,100,134,0,,,,,,,,,,,,,,,,,,,,,,,,,,,,,
5675,198172,3,MA,B,1153,08-Feb-2021,19:53:06,-27.6126,167.4122,,401677717,-133,6,0,08-Feb-2021,19:53:15,-27.6126,167.4122,18,1338,3309,541,92,,,10,0,16,,,,,,,,,,,,,,,,,,,,,,,,,,,,,
5675,198172,3,NK,B,1154,08-Feb-2021,20:42:48,-27.6356,167.4564,,401677724,-135,8,0,08-Feb-2021,20:42:48,-27.6356,167.4564,,1544,2595,918,97,,,97,135,0,,,,,,,,,,,,,,,,,,,,,,,,,,,,,
5675,198172,3,NN,B,1155,08-Feb-2021,22:20:05,-27.6646,167.5555,,401677685,-126,8,0,08-Feb-2021,22:20:05,-27.6646,167.5555,,2105,3216,1377,92,,,22,75,24,,,,,,,,,,,,,,,,,,,,,,,,,,,,,
5675,198172,3,A1, ,1156,09-Feb-2021,05:55:56,,,,401650000,,,0,09-Feb-2021,05:55:56,,,,,,,,,,10,0,16,,,,,,,,,,,,,,,,,,,,,,,,,,,,,
5675,198172,3,MA,B,1157,09-Feb-2021,08:22:59,-27.6231,167.4338,,401677700,-131,8,0,09-Feb-2021,08:22:59,-27.6231,167.4338,,3540,5681,2205,68,,,82,103,130,,,,,,,,,,,,,,,,,,,,,,,,,,,,,
5675,198172,3,MA,B,1158,09-Feb-2021,09:56:44,-27.6898,167.6111,,401677733,-132,8,0,09-Feb-2021,09:56:44,-27.6898,167.6111,,7705,22676,2618,106,,,85,124,130,,,,,,,,,,,,,,,,,,,,,,,,,,,,,
5675,198172,3,NN,B,1159,09-Feb-2021,10:44:08,-27.6934,167.5888,,401677698,-133,8,0,09-Feb-2021,10:44:09,-27.6934,167.5888,,4555,6481,3201,124,,,79,19,5,,,,,,,,,,,,,,,,,,,,,,,,,,,,,
5675,198172,3,SR,B,1160,10-Feb-2021,18:40:05,-28.8751,168.2902,Lon > 4 deviations from mean,401677661,-127,,0,10-Feb-2021,18:39:37,-28.8751,168.2902,58,133483,,,,,,78,6,5,,,,,,,,,,,,,,,,,,,,,,,,,,,,,
5675,198172,3,SR,B,1160,10-Feb-2021,18:40:05,-28.8751,168.2902,Lon > 4 deviations from mean,401677661,-127,,0,10-Feb-2021,18:40:35,-28.8751,168.2902,58,133483,,,,,,91,228,130,,,,,,,,,,,,,,,,,,,,,,,,,,,,,
5675,198172,3,MA, ,1161,11-Feb-2021,20:32:12,,,,401650000,-124,,0,11-Feb-2021,20:32:12,,,,,,,,,,71,245,4,,,,,,,,,,,,,,,,,,,,,,,,,,,,,
5675,198172,3,MC,A,1162,11-Feb-2021,21:01:55,-29.0495,167.9145,,401677726,-120,,0,11-Feb-2021,21:00:49,-29.0495,167.9145,155,14205,66673,3026,58,,,101,131,0,,,,,,,,,,,,,,,,,,,,,,,,,,,,,
5675,198172,3,MC,A,1162,11-Feb-2021,21:01:55,-29.0495,167.9145,,401677726,-120,,0,11-Feb-2021,21:01:32,-29.0495,167.9145,155,14205,66673,3026,58,,,10,0,16,,,,,,,,,,,,,,,,,,,,,,,,,,,,,
5675,198172,3,MC,A,1162,11-Feb-2021,21:01:55,-29.0495,167.9145,,401677726,-120,,0,11-Feb-2021,21:03:24,-29.0495,167.9145,155,14205,66673,3026,58,,,22,75,24,,,,,,,,,,,,,,,,,,,,,,,,,,,,,
5675,198172,3,MA,2,1163,12-Feb-2021,08:56:20,-28.9144,167.7264,,401677740,-125,58,0,12-Feb-2021,08:53:16,-28.9144,167.7264,316,431,601,309,52,,,72,246,4,,,,,,,,,,,,,,,,,,,,,,,,,,,,,
5675,198172,3,MA,2,1163,12-Feb-2021,08:56:20,-28.9144,167.7264,,401677740,-125,58,0,12-Feb-2021,08:56:24,-28.9144,167.7264,316,431,601,309,52,,,77,247,4,,,,,,,,,,,,,,,,,,,,,,,,,,,,,
5675,198172,3,MA,2,1163,12-Feb-2021,08:56:20,-28.9144,167.7264,,401677740,-125,58,0,12-Feb-2021,08:58:18,-28.9144,167.7264,316,431,601,309,52,,,95,14,131,,,,,,,,,,,,,,,,,,,,,,,,,,,,,
5675,198172,3,MA,2,1163,12-Feb-2021,08:56:20,-28.9144,167.7264,,401677740,-125,58,1,12-Feb-2021,08:58:32,-28.9144,167.7264,316,431,601,309,52,,,101,131,0,,,,,,,,,,,,,,,,,,,,,,,,,,,,,
5675,198172,3,NP,0,1164,12-Feb-2021,08:57:10,-28.9138,167.7325,,401677740,-132,48,0,12-Feb-2021,08:55:26,-28.9138,167.7325,186,6238,54336,716,97,,,10,19,188,,,,,,,,,,,,,,,,,,,,,,,,,,,,,
5675,198172,3,NP,0,1164,12-Feb-2021,08:57:10,-28.9138,167.7325,,401677740,-132,48,0,12-Feb-2021,08:56:24,-28.9138,167.7325,186,6238,54336,716,97,,,77,247,4,,,,,,,,,,,,,,,,,,,,,,,,,,,,,
5675,198172,3,NP,0,1164,12-Feb-2021,08:57:10,-28.9138,167.7325,,401677740,-132,48,0,12-Feb-2021,08:58:18,-28.9138,167.7325,186,6238,54336,716,97,,,95,14,131,,,,,,,,,,,,,,,,,,,,,,,,,,,,,
5675,198172,3,NP,0,1164,12-Feb-2021,08:57:10,-28.9138,167.7325,,401677740,-132,48,0,12-Feb-2021,08:58:32,-28.9138,167.7325,186,6238,54336,716,97,,,101,131,0,,,,,,,,,,,,,,,,,,,,,,,,,,,,,
5675,198172,3,NN,B,1165,12-Feb-2021,11:51:12,-28.9020,167.7422,,401677774,-135,8,0,12-Feb-2021,11:50:55,-28.9020,167.7422,35,4789,9893,2317,155,,,10,0,16,,,,,,,,,,,,,,,,,,,,,,,,,,,,,
5675,198172,3,NN,B,1165,12-Feb-2021,11:51:12,-28.9020,167.7422,,401677774,-135,8,0,12-Feb-2021,11:51:30,-28.9020,167.7422,35,4789,9893,2317,155,,,22,75,24,,,,,,,,,,,,,,,,,,,,,,,,,,,,,
5675,198172,3,NN, ,1166,14-Feb-2021,09:44:02,,,,401650000,-137,,0,14-Feb-2021,09:44:02,,,,,,,,,,22,75,24,,,,,,,,,,,,,,,,,,,,,,,,,,,,,
5675,198172,3,MC, ,1167,14-Feb-2021,10:22:52,,,,401650000,-133,,0,14-Feb-2021,10:22:52,,,,,,,,,,78,248,4,,,,,,,,,,,,,,,,,,,,,,,,,,,,,
5675,198172,3,MC, ,1168,14-Feb-2021,12:05:13,,,,401650000,-132,,0,14-Feb-2021,12:05:13,,,,,,,,,,65,251,4,,,,,,,,,,,,,,,,,,,,,,,,,,,,,
5675,198172,3,NN, ,1169,15-Feb-2021,09:36:02,,,,401650000,-137,,0,15-Feb-2021,09:36:02,,,,,,,,,,22,75,28,,,,,,,,,,,,,,,,,,,,,,,,,,,,,
5675,198172,3,MA, ,1170,15-Feb-2021,09:36:02,,,,401650000,-119,,0,15-Feb-2021,09:36:02,,,,,,,,,,22,75,24,,,,,,,,,,,,,,,,,,,,,,,,,,,,,
5675,198172,3,SR, ,1171,15-Feb-2021,19:25:43,,,,401650000,-125,,0,15-Feb-2021,19:25:43,,,,,,,,,,107,133,0,,,,,,,,,,,,,,,,,,,,,,,,,,,,,
5675,198172,3,NK, ,1172,15-Feb-2021,19:25:43,,,,401650000,-133,,0,15-Feb-2021,19:25:43,,,,,,,,,,107,133,0,,,,,,,,,,,,,,,,,,,,,,,,,,,,,
5675,198172,3,NP,B,1173,15-Feb-2021,19:48:21,-28.6447,167.5451,,401677728,-132,,0,15-Feb-2021,19:47:42,-28.6447,167.5451,79,22364,398583,1254,74,,,10,0,16,,,,,,,,,,,,,,,,,,,,,,,,,,,,,
5675,198172,3,NP,B,1173,15-Feb-2021,19:48:21,-28.6447,167.5451,,401677728,-132,,0,15-Feb-2021,19:49:01,-28.6447,167.5451,79,22364,398583,1254,74,,,71,27,5,,,,,,,,,,,,,,,,,,,,,,,,,,,,,
5675,198172,3,SR,B,1174,16-Feb-2021,18:58:25,-28.3966,167.3407,,401677836,-135,,0,16-Feb-2021,18:58:25,-28.3966,167.3407,,41145,140781,12025,45,,,110,132,0,,,,,,,,,,,,,,,,,,,,,,,,,,,,,
5675,198172,3,A1,B,1175,16-Feb-2021,18:58:25,-28.4264,167.2742,,401677778,-128,,0,16-Feb-2021,18:58:25,-28.4264,167.2742,,51335,160370,16432,43,,,110,132,0,,,,,,,,,,,,,,,,,,,,,,,,,,,,,
5675,198172,3,NP,B,1176,16-Feb-2021,19:33:03,-28.1473,167.4683,,401677677,-125,8,0,16-Feb-2021,19:33:04,-28.1473,167.4683,,15541,34090,7085,84,,,10,0,16,,,,,,,,,,,,,,,,,,,,,,,,,,,,,
5675,198172,3,MA,B,1177,16-Feb-2021,20:23:41,-28.0233,167.5522,,401677681,-134,8,0,16-Feb-2021,20:23:41,-28.0233,167.5522,,23455,45490,12093,86,,,77,41,5,,,,,,,,,,,,,,,,,,,,,,,,,,,,,
5675,198172,3,NK,B,1178,16-Feb-2021,20:40:52,-28.0639,167.4214,,401677782,-128,6,0,16-Feb-2021,20:40:53,-28.0639,167.4214,,2025,3326,1232,96,,,107,133,0,,,,,,,,,,,,,,,,,,,,,,,,,,,,,
5675,198172,3,MC,B,1179,16-Feb-2021,22:38:27,-27.8218,167.5729,,401677898,-116,6,0,16-Feb-2021,22:34:57,-27.8218,167.5729,211,2970,92486,95,51,,,22,75,24,,,,,,,,,,,,,,,,,,,,,,,,,,,,,
5675,198172,3,MC,B,1179,16-Feb-2021,22:38:27,-27.8218,167.5729,,401677898,-116,6,0,16-Feb-2021,22:38:28,-27.8218,167.5729,211,2970,92486,95,51,,,101,131,0,,,,,,,,,,,,,,,,,,,,,,,,,,,,,
5675,198172,3,A1,B,1180,17-Feb-2021,05:31:23,-27.9608,167.5098,,401677820,-139,8,0,17-Feb-2021,05:30:42,-27.9608,167.5098,84,17986,330004,980,100,,,82,228,132,,,,,,,,,,,,,,,,,,,,,,,,,,,,,
5675,198172,3,A1,B,1180,17-Feb-2021,05:31:23,-27.9608,167.5098,,401677820,-139,8,0,17-Feb-2021,05:32:06,-27.9608,167.5098,84,17986,330004,980,100,,,107,133,0,,,,,,,,,,,,,,,,,,,,,,,,,,,,,
5675,198172,3,SR,A,1181,17-Feb-2021,07:44:14,-27.7121,167.2918,,401677788,-129,8,0,17-Feb-2021,07:43:43,-27.7121,167.2918,108,8639,36148,2064,44,,,10,0,16,,,,,,,,,,,,,,,,,,,,,,,,,,,,,
5675,198172,3,SR,A,1181,17-Feb-2021,07:44:14,-27.7121,167.2918,,401677788,-129,8,0,17-Feb-2021,07:44:46,-27.7121,167.2918,108,8639,36148,2064,44,,,22,75,24,,,,,,,,,,,,,,,,,,,,,,,,,,,,,
5675,198172,3,SR,A,1181,17-Feb-2021,07:44:14,-27.7121,167.2918,,401677788,-129,8,0,17-Feb-2021,07:45:31,-27.7121,167.2918,108,8639,36148,2064,44,,,75,39,5,,,,,,,,,,,,,,,,,,,,,,,,,,,,,
5675,198172,3,NP,B,1182,17-Feb-2021,07:56:01,-27.7318,167.2753,,401677714,-140,6,0,17-Feb-2021,07:56:01,-27.7318,167.2753,,9178,21702,3881,46,,,72,40,5,,,,,,,,,,,,,,,,,,,,,,,,,,,,,
5675,198172,3,MA,B,1183,17-Feb-2021,08:55:38,-27.6736,167.2811,,401677663,-127,8,0,17-Feb-2021,08:55:39,-27.6736,167.2811,,9884,14517,6729,40,,,92,251,162,,,,,,,,,,,,,,,,,,,,,,,,,,,,,
5675,198172,3,NK,B,1184,17-Feb-2021,09:05:24,-27.7867,167.2707,,401677698,-125,6,0,17-Feb-2021,09:05:25,-27.7867,167.2707,,12348,23270,6552,4,,,107,133,0,,,,,,,,,,,,,,,,,,,,,,,,,,,,,
5675,198172,3,MC,B,1185,17-Feb-2021,10:58:45,-27.6268,167.1896,,401677686,-130,8,0,17-Feb-2021,10:58:46,-27.6268,167.1896,443,1757,20258,152,178,,,95,242,132,,,,,,,,,,,,,,,,,,,,,,,,,,,,,
5675,198172,3,MC,B,1185,17-Feb-2021,10:58:45,-27.6268,167.1896,,401677686,-130,8,0,17-Feb-2021,11:06:09,-27.6268,167.1896,443,1757,20258,152,178,,,100,134,18,,,,,,,,,,,,,,,,,,,,,,,,,,,,,
5675,198172,3,NN,B,1186,17-Feb-2021,10:58:45,-27.7212,167.2037,,401677703,-135,,0,17-Feb-2021,10:58:46,-27.7212,167.2037,,5267,108868,254,171,,,95,242,132,,,,,,,,,,,,,,,,,,,,,,,,,,,,,
5675,198172,23,SR,A,1187,17-Feb-2021,18:27:47,-27.5347,167.2574,,401677707,-133,8,0,17-Feb-2021,18:22:51,-27.5347,167.2574,466,3808,39890,363,137,,,198,48,163,59,218,47,175,182,152,8,15,108,50,15,117,147,2,20,70,47,142,251,223,,,,,,,,,
5675,198172,3,SR,A,1187,17-Feb-2021,18:27:47,-27.5347,167.2574,,401677707,-133,8,0,17-Feb-2021,18:29:53,-27.5347,167.2574,466,3808,39890,363,137,,,86,49,133,,,,,,,,,,,,,,,,,,,,,,,,,,,,,
5675,198172,3,SR,A,1187,17-Feb-2021,18:27:47,-27.5347,167.2574,,401677707,-133,8,0,17-Feb-2021,18:30:37,-27.5347,167.2574,466,3808,39890,363,137,,,101,131,0,,,,,,,,,,,,,,,,,,,,,,,,,,,,,
5675,198172,3,NK,B,1188,17-Feb-2021,18:37:25,-27.5389,167.2869,,401677707,-133,6,0,17-Feb-2021,18:35:19,-27.5389,167.2869,252,2251,11245,450,159,,,68,116,154,,,,,,,,,,,,,,,,,,,,,,,,,,,,,
5675,198172,3,NK,B,1188,17-Feb-2021,18:37:25,-27.5389,167.2869,,401677707,-133,6,0,17-Feb-2021,18:39:31,-27.5389,167.2869,252,2251,11245,450,159,,,10,0,16,,,,,,,,,,,,,,,,,,,,,,,,,,,,,
5675,198172,3,A1,B,1189,17-Feb-2021,18:42:19,-27.5132,167.2605,,401677706,-134,6,0,17-Feb-2021,18:39:31,-27.5132,167.2605,336,3063,22809,411,135,,,10,0,16,,,,,,,,,,,,,,,,,,,,,,,,,,,,,
5675,198172,3,A1,B,1189,17-Feb-2021,18:42:19,-27.5132,167.2605,,401677706,-134,6,0,17-Feb-2021,18:45:07,-27.5132,167.2605,336,3063,22809,411,135,,,84,59,133,,,,,,,,,,,,,,,,,,,,,,,,,,,,,
5675,198172,3,NP,2,1190,17-Feb-2021,19:22:12,-27.5012,167.2723,,401677710,-123,58,0,17-Feb-2021,19:12:28,-27.5012,167.2723,585,462,1047,203,103,,,10,0,16,,,,,,,,,,,,,,,,,,,,,,,,,,,,,
5675,198172,3,NP,2,1190,17-Feb-2021,19:22:12,-27.5012,167.2723,,401677710,-123,58,0,17-Feb-2021,19:14:08,-27.5012,167.2723,585,462,1047,203,103,,,65,37,5,,,,,,,,,,,,,,,,,,,,,,,,,,,,,
5675,198172,23,NP,2,1190,17-Feb-2021,19:22:12,-27.5012,167.2723,,401677710,-123,58,0,17-Feb-2021,19:15:49,-27.5012,167.2723,585,462,1047,203,103,,,65,144,131,146,229,152,6,145,49,123,143,107,2,59,190,200,127,252,66,89,76,255,240,,,,,,,,,
5675,198172,3,NP,2,1190,17-Feb-2021,19:22:12,-27.5012,167.2723,,401677710,-123,58,0,17-Feb-2021,19:18:20,-27.5012,167.2723,585,462,1047,203,103,,,101,131,0,,,,,,,,,,,,,,,,,,,,,,,,,,,,,
5675,198172,3,NP,2,1190,17-Feb-2021,19:22:12,-27.5012,167.2723,,401677710,-123,58,0,17-Feb-2021,19:22:13,-27.5012,167.2723,585,462,1047,203,103,,,22,99,213,,,,,,,,,,,,,,,,,,,,,,,,,,,,,
5675,198172,3,A1, ,1191,19-Feb-2021,19:50:04,,,,401650000,-139,,0,19-Feb-2021,19:50:04,,,,,,,,,,83,142,133,,,,,,,,,,,,,,,,,,,,,,,,,,,,,
5675,198172,3,MC,B,1192,19-Feb-2021,23:15:02,-27.1046,167.1698,,401650000,-128,,0,19-Feb-2021,23:13:36,-27.1046,167.1698,173,6478,73657,569,21,,,18,82,24,,,,,,,,,,,,,,,,,,,,,,,,,,,,,
5675,198172,3,MC,B,1192,19-Feb-2021,23:15:02,-27.1046,167.1698,,401650000,-128,,0,19-Feb-2021,23:16:29,-27.1046,167.1698,173,6478,73657,569,21,,,64,32,5,,,,,,,,,,,,,,,,,,,,,,,,,,,,,
5675,198172,3,SR,B,1193,20-Feb-2021,06:16:33,-27.0677,167.1633,,401677734,-132,8,0,20-Feb-2021,06:16:33,-27.0677,167.1633,,10782,13244,8776,34,,,95,205,133,,,,,,,,,,,,,,,,,,,,,,,,,,,,,
5675,198172,3,A1,B,1194,20-Feb-2021,06:18:59,-27.2202,167.1435,,401677722,-127,6,0,20-Feb-2021,06:19:00,-27.2202,167.1435,,10212,48286,2159,98,,,107,133,0,,,,,,,,,,,,,,,,,,,,,,,,,,,,,
5675,198172,3,NP,B,1195,20-Feb-2021,07:20:48,-27.1708,167.1403,,401677708,-136,8,0,20-Feb-2021,07:20:49,-27.1708,167.1403,,7891,22582,2757,100,,,10,0,16,,,,,,,,,,,,,,,,,,,,,,,,,,,,,
5675,198172,3,NK,B,1196,20-Feb-2021,07:46:44,-27.2261,167.1306,,401677694,-129,6,0,20-Feb-2021,07:46:44,-27.2261,167.1306,,3129,3908,2504,136,,,90,236,133,,,,,,,,,,,,,,,,,,,,,,,,,,,,,
5675,198172,3,NP,B,1197,20-Feb-2021,09:06:16,-27.1950,167.1837,,401677687,-135,8,0,20-Feb-2021,09:06:16,-27.1950,167.1837,,2846,4225,1916,58,,,101,131,0,,,,,,,,,,,,,,,,,,,,,,,,,,,,,
5675,198172,3,MA,B,1198,20-Feb-2021,09:33:00,-27.2834,167.1347,,401677696,-132,6,0,20-Feb-2021,09:33:01,-27.2834,167.1347,,2660,4563,1550,72,,,101,131,0,,,,,,,,,,,,,,,,,,,,,,,,,,,,,
5675,198172,3,NK,B,1199,20-Feb-2021,09:33:00,-27.2217,167.1455,,401677675,-133,6,0,20-Feb-2021,09:33:01,-27.2217,167.1455,,3449,6340,1876,36,,,101,131,0,,,,,,,,,,,,,,,,,,,,,,,,,,,,,
5675,198172,3,NN,B,1200,20-Feb-2021,10:19:08,-27.3006,167.1382,,401677732,-133,6,0,20-Feb-2021,10:18:55,-27.3006,167.1382,28,3162,19683,507,79,,,10,0,48,,,,,,,,,,,,,,,,,,,,,,,,,,,,,
5675,198172,23,NN,B,1200,20-Feb-2021,10:19:08,-27.3006,167.1382,,401677732,-133,6,0,20-Feb-2021,10:19:23,-27.3006,167.1382,28,3162,19683,507,79,,,91,56,130,216,54,58,196,175,37,92,29,47,24,79,55,83,169,64,88,238,238,173,35,,,,,,,,,
5675,198172,3,MA,B,1201,20-Feb-2021,11:15:11,-27.3071,167.1011,,401677701,-130,8,0,20-Feb-2021,11:13:07,-27.3071,167.1011,124,4876,12844,1851,81,,,81,27,134,,,,,,,,,,,,,,,,,,,,,,,,,,,,,
5675,198172,3,MA,B,1201,20-Feb-2021,11:15:11,-27.3071,167.1011,,401677701,-130,8,0,20-Feb-2021,11:15:11,-27.3071,167.1011,124,4876,12844,1851,81,,,10,0,16,,,,,,,,,,,,,,,,,,,,,,,,,,,,,
5675,198172,3,NN,B,1202,20-Feb-2021,11:55:59,-27.3062,166.9943,,401677719,-133,8,0,20-Feb-2021,11:56:00,-27.3062,166.9943,,4549,8770,2359,46,,,87,37,134,,,,,,,,,,,,,,,,,,,,,,,,,,,,,
5675,198172,3,NK,B,1203,21-Feb-2021,07:22:13,-27.3995,166.9397,,401677678,-133,,0,21-Feb-2021,07:22:14,-27.3995,166.9397,,15887,27863,9058,110,,,14,41,65,,,,,,,,,,,,,,,,,,,,,,,,,,,,,
5675,198172,3,NN,B,1204,21-Feb-2021,10:07:22,-27.5389,167.4284,,401677620,-135,8,0,21-Feb-2021,10:07:22,-27.5389,167.4284,,8685,11634,6483,109,,,107,133,0,,,,,,,,,,,,,,,,,,,,,,,,,,,,,
5675,198172,3,NP,B,1205,21-Feb-2021,18:35:11,-27.8403,167.9312,,401677779,-130,7,0,21-Feb-2021,18:34:55,-27.8403,167.9312,33,5226,65268,418,108,,,101,131,0,,,,,,,,,,,,,,,,,,,,,,,,,,,,,
5675,198172,3,NP,B,1205,21-Feb-2021,18:35:11,-27.8403,167.9312,,401677779,-130,7,0,21-Feb-2021,18:35:28,-27.8403,167.9312,33,5226,65268,418,108,,,10,0,16,,,,,,,,,,,,,,,,,,,,,,,,,,,,,
5675,198172,3,NP,B,1206,21-Feb-2021,20:11:02,-27.8708,168.0119,,401677756,-132,8,0,21-Feb-2021,20:11:03,-27.8708,168.0119,,5538,20930,1465,106,,,88,121,134,,,,,,,,,,,,,,,,,,,,,,,,,,,,,
5675,198172,3,MA,B,1207,21-Feb-2021,20:27:22,-27.8597,167.9534,,401677777,-134,6,0,21-Feb-2021,20:27:22,-27.8597,167.9534,,7474,36642,1524,112,,,107,133,0,,,,,,,,,,,,,,,,,,,,,,,,,,,,,
5675,198172,3,MA,B,1208,21-Feb-2021,22:08:29,-27.7317,167.6370,,401677676,-127,8,0,21-Feb-2021,22:07:34,-27.7317,167.6370,110,7293,75645,703,115,,,71,61,129,,,,,,,,,,,,,,,,,,,,,,,,,,,,,
5675,198172,3,MA,B,1208,21-Feb-2021,22:08:29,-27.7317,167.6370,,401677676,-127,8,0,21-Feb-2021,22:09:24,-27.7317,167.6370,110,7293,75645,703,115,,,100,131,0,,,,,,,,,,,,,,,,,,,,,,,,,,,,,
5675,198172,3,NN,B,1209,21-Feb-2021,23:00:52,-27.9256,168.1058,,401677797,-133,8,0,21-Feb-2021,23:00:53,-27.9256,168.1058,,5688,18793,1721,111,,,107,133,0,,,,,,,,,,,,,,,,,,,,,,,,,,,,,
5675,198172,3,NN,A,1210,22-Feb-2021,11:28:07,-27.5991,167.3551,,401677733,-130,,0,22-Feb-2021,11:27:55,-27.5991,167.3551,629,5491,75120,401,152,,,88,168,134,,,,,,,,,,,,,,,,,,,,,,,,,,,,,
5675,198172,3,NN,A,1210,22-Feb-2021,11:28:07,-27.5991,167.3551,,401677733,-130,,0,22-Feb-2021,11:28:21,-27.5991,167.3551,629,5491,75120,401,152,,,101,131,0,,,,,,,,,,,,,,,,,,,,,,,,,,,,,
5675,198172,3,NN,A,1210,22-Feb-2021,11:28:07,-27.5991,167.3551,,401677733,-130,,0,22-Feb-2021,11:38:24,-27.5991,167.3551,629,5491,75120,401,152,,,22,73,14,,,,,,,,,,,,,,,,,,,,,,,,,,,,,
5675,198172,3,MA,B,1211,22-Feb-2021,21:40:35,-27.4558,167.0595,,401677704,-129,8,0,22-Feb-2021,21:40:35,-27.4558,167.0595,,11594,16093,8352,136,,,70,30,5,,,,,,,,,,,,,,,,,,,,,,,,,,,,,
5675,198172,3,NP,B,1212,23-Feb-2021,06:50:05,-27.4004,166.9137,,401677723,-132,8,0,23-Feb-2021,06:49:08,-27.4004,166.9137,115,2897,26755,313,22,,,101,131,0,,,,,,,,,,,,,,,,,,,,,,,,,,,,,
5675,198172,3,NP,B,1212,23-Feb-2021,06:50:05,-27.4004,166.9137,,401677723,-132,8,0,23-Feb-2021,06:51:03,-27.4004,166.9137,115,2897,26755,313,22,,,10,0,16,,,,,,,,,,,,,,,,,,,,,,,,,,,,,
5675,198172,3,A1,B,1213,23-Feb-2021,18:44:54,-27.3330,166.5453,,401677730,-127,8,0,23-Feb-2021,18:43:36,-27.3330,166.5453,157,2613,102959,66,93,,,22,75,24,,,,,,,,,,,,,,,,,,,,,,,,,,,,,
5675,198172,3,A1,B,1213,23-Feb-2021,18:44:54,-27.3330,166.5453,,401677730,-127,8,0,23-Feb-2021,18:46:13,-27.3330,166.5453,157,2613,102959,66,93,,,85,16,135,,,,,,,,,,,,,,,,,,,,,,,,,,,,,
5675,198172,3,MA,B,1214,23-Feb-2021,21:22:49,-27.3163,166.7700,,401677717,-126,8,0,23-Feb-2021,21:22:50,-27.3163,166.7700,,3394,12927,891,104,,,64,32,5,,,,,,,,,,,,,,,,,,,,,,,,,,,,,
5675,198172,23,MC, ,1215,23-Feb-2021,21:53:26,,,,401650000,,,0,23-Feb-2021,21:53:26,,,,,,,,,,80,16,129,247,22,207,128,113,224,255,113,8,50,135,79,122,35,4,97,215,16,222,55,,,,,,,,,
5675,198172,3,NP,B,1216,24-Feb-2021,18:01:06,-27.0210,166.8464,Lat > 4 deviations from mean,401677666,-138,,0,24-Feb-2021,18:01:07,-27.0210,166.8464,,7016,12282,4007,118,,,22,75,24,,,,,,,,,,,,,,,,,,,,,,,,,,,,,
5675,198172,3,A1,B,1217,25-Feb-2021,06:38:34,-27.5721,167.0826,,401677519,-122,,0,25-Feb-2021,06:37:12,-27.5721,167.0826,166,49523,,,,,,110,132,0,,,,,,,,,,,,,,,,,,,,,,,,,,,,,
5675,198172,3,A1,B,1217,25-Feb-2021,06:38:34,-27.5721,167.0826,,401677519,-122,,0,25-Feb-2021,06:39:58,-27.5721,167.0826,166,49523,,,,,,22,75,24,,,,,,,,,,,,,,,,,,,,,,,,,,,,,
5675,198172,3,SR,B,1218,25-Feb-2021,06:59:53,-27.2405,167.3217,,401677794,-131,,0,25-Feb-2021,06:59:53,-27.2405,167.3217,,24586,36303,16650,47,,,101,131,0,,,,,,,,,,,,,,,,,,,,,,,,,,,,,
5675,198172,3,NP,A,1219,25-Feb-2021,08:08:51,-27.4428,167.4282,,401677745,-125,8,0,25-Feb-2021,08:08:51,-27.4428,167.4282,229,15262,533760,436,80,,,73,29,5,,,,,,,,,,,,,,,,,,,,,,,,,,,,,
5675,198172,3,NP,A,1219,25-Feb-2021,08:08:51,-27.4428,167.4282,,401677745,-125,8,0,25-Feb-2021,08:12:12,-27.4428,167.4282,229,15262,533760,436,80,,,10,32,89,,,,,,,,,,,,,,,,,,,,,,,,,,,,,
5675,198172,3,NP,A,1219,25-Feb-2021,08:08:51,-27.4428,167.4282,,401677745,-125,8,0,25-Feb-2021,08:12:40,-27.4428,167.4282,229,15262,533760,436,80,,,22,75,24,,,,,,,,,,,,,,,,,,,,,,,,,,,,,
5675,198172,3,NK,B,1220,25-Feb-2021,09:07:00,-27.4252,167.4546,,401677743,-130,8,0,25-Feb-2021,09:07:00,-27.4252,167.4546,,18619,45469,7624,81,,,101,131,0,,,,,,,,,,,,,,,,,,,,,,,,,,,,,
5675,198172,3,MA,B,1221,25-Feb-2021,09:34:27,-27.4175,167.4715,,401677715,-131,8,0,25-Feb-2021,09:34:27,-27.4175,167.4715,,20313,42212,9774,80,,,95,156,134,,,,,,,,,,,,,,,,,,,,,,,,,,,,,
5675,198172,23,MC,B,1222,25-Feb-2021,09:57:03,-27.3820,167.5645,,401677716,-127,6,0,25-Feb-2021,09:56:35,-27.3820,167.5645,58,5451,22685,1309,139,,,71,144,131,220,232,140,96,178,12,168,38,218,213,15,61,6,1,184,30,209,176,231,0,,,,,,,,,
5675,198172,3,MC,B,1222,25-Feb-2021,09:57:03,-27.3820,167.5645,,401677716,-127,6,0,25-Feb-2021,09:57:33,-27.3820,167.5645,58,5451,22685,1309,139,,,10,0,16,,,,,,,,,,,,,,,,,,,,,,,,,,,,,
5675,198172,3,MA,B,1223,25-Feb-2021,11:09:44,-27.3613,167.5990,,401677728,-133,8,0,25-Feb-2021,11:09:44,-27.3613,167.5990,,1462,2029,1053,133,,,69,32,60,,,,,,,,,,,,,,,,,,,,,,,,,,,,,
5675,198172,3,MC,B,1224,25-Feb-2021,11:33:28,-27.3544,167.6050,,401677737,-127,7,0,25-Feb-2021,11:33:28,-27.3544,167.6050,,1603,2091,1228,131,,,74,34,5,,,,,,,,,,,,,,,,,,,,,,,,,,,,,
5675,198172,3,MC,B,1225,01-Mar-2021,10:17:24,-28.1941,167.7191,,401677698,-133,,0,01-Mar-2021,10:17:12,-28.1941,167.7191,25,92178,865143,9821,57,,,92,217,238,,,,,,,,,,,,,,,,,,,,,,,,,,,,,
5675,198172,3,MC,B,1225,01-Mar-2021,10:17:24,-28.1941,167.7191,,401677698,-133,,0,01-Mar-2021,10:17:37,-28.1941,167.7191,25,92178,865143,9821,57,,,78,22,5,,,,,,,,,,,,,,,,,,,,,,,,,,,,,
5675,198172,3,MA,B,1226,01-Mar-2021,19:22:42,-28.3202,167.6116,,401677716,-130,8,0,01-Mar-2021,19:22:43,-28.3202,167.6116,,68745,98244,48103,83,,,64,254,4,,,,,,,,,,,,,,,,,,,,,,,,,,,,,
5675,198172,3,A1,B,1227,02-Mar-2021,18:41:33,-28.2210,167.9832,,401677678,-135,,0,02-Mar-2021,18:41:33,-28.2210,167.9832,,125519,191305,82355,87,,,110,132,0,,,,,,,,,,,,,,,,,,,,,,,,,,,,,
5675,198172,3,A1,B,1228,04-Mar-2021,06:27:14,-28.5825,167.4938,,401677686,-136,,0,04-Mar-2021,06:26:35,-28.5825,167.4938,79,6235,90022,431,135,,,101,131,128,,,,,,,,,,,,,,,,,,,,,,,,,,,,,
5675,198172,3,A1,B,1228,04-Mar-2021,06:27:14,-28.5825,167.4938,,401677686,-136,,0,04-Mar-2021,06:27:54,-28.5825,167.4938,79,6235,90022,431,135,,,10,0,16,,,,,,,,,,,,,,,,,,,,,,,,,,,,,
5675,198172,3,A1,A,1229,04-Mar-2021,19:44:14,-28.9933,167.9639,,401677686,-134,,0,04-Mar-2021,19:43:28,-28.9933,167.9639,86,12978,96244,1750,48,,,22,75,24,,,,,,,,,,,,,,,,,,,,,,,,,,,,,
5675,198172,3,A1,A,1229,04-Mar-2021,19:44:14,-28.9933,167.9639,,401677686,-134,,0,04-Mar-2021,19:44:21,-28.9933,167.9639,86,12978,96244,1750,48,,,65,5,5,,,,,,,,,,,,,,,,,,,,,,,,,,,,,
5675,198172,3,A1,A,1229,04-Mar-2021,19:44:14,-28.9933,167.9639,,401677686,-134,,0,04-Mar-2021,19:44:54,-28.9933,167.9639,86,12978,96244,1750,48,,,111,129,0,,,,,,,,,,,,,,,,,,,,,,,,,,,,,
5675,198172,3,NP,2,1230,04-Mar-2021,19:46:29,-29.0431,167.9110,,401677716,-123,56,0,04-Mar-2021,19:44:21,-29.0431,167.9110,282,473,922,242,139,,,65,5,5,,,,,,,,,,,,,,,,,,,,,,,,,,,,,
5675,198172,3,NP,2,1230,04-Mar-2021,19:46:29,-29.0431,167.9110,,401677716,-123,56,0,04-Mar-2021,19:44:54,-29.0431,167.9110,282,473,922,242,139,,,111,129,0,,,,,,,,,,,,,,,,,,,,,,,,,,,,,
5675,198172,3,NP,2,1230,04-Mar-2021,19:46:29,-29.0431,167.9110,,401677716,-123,56,1,04-Mar-2021,19:47:36,-29.0431,167.9110,282,473,922,242,139,,,22,75,24,,,,,,,,,,,,,,,,,,,,,,,,,,,,,
5675,198172,3,NP,2,1230,04-Mar-2021,19:46:29,-29.0431,167.9110,,401677716,-123,56,0,04-Mar-2021,19:47:55,-29.0431,167.9110,282,473,922,242,139,,,78,6,5,,,,,,,,,,,,,,,,,,,,,,,,,,,,,
5675,198172,3,NP,2,1230,04-Mar-2021,19:46:29,-29.0431,167.9110,,401677716,-123,56,1,04-Mar-2021,19:49:03,-29.0431,167.9110,282,473,922,242,139,,,10,0,16,,,,,,,,,,,,,,,,,,,,,,,,,,,,,
5675,198172,3,NK, ,1231,06-Mar-2021,18:08:28,,,,401650000,-135,,0,06-Mar-2021,18:08:28,,,,,,,,,,38,92,89,,,,,,,,,,,,,,,,,,,,,,,,,,,,,
5675,198172,3,A1,3,1232,06-Mar-2021,19:14:59,-28.4927,168.1516,,401677720,-131,66,0,06-Mar-2021,19:12:54,-30.7031,155.9761,223,191,587,62,56,,,80,164,138,,,,,,,,,,,,,,,,,,,,,,,,,,,,,
5675,198172,23,A1,3,1232,06-Mar-2021,19:14:59,-28.4927,168.1516,,401677720,-131,66,0,06-Mar-2021,19:13:51,-30.7031,155.9761,223,191,587,62,56,,,76,80,131,220,232,140,96,178,3,77,61,21,23,21,75,2,1,205,24,242,149,252,35,,,,,,,,,
5675,198172,3,A1,3,1232,06-Mar-2021,19:14:59,-28.4927,168.1516,,401677720,-131,66,0,06-Mar-2021,19:15:41,-30.7031,155.9761,223,191,587,62,56,,,10,0,16,,,,,,,,,,,,,,,,,,,,,,,,,,,,,
5675,198172,3,A1,3,1232,06-Mar-2021,19:14:59,-28.4927,168.1516,,401677720,-131,66,0,06-Mar-2021,19:15:56,-30.7031,155.9761,223,191,587,62,56,,,22,75,26,,,,,,,,,,,,,,,,,,,,,,,,,,,,,
5675,198172,3,A1,3,1232,06-Mar-2021,19:14:59,-28.4927,168.1516,,401677720,-131,66,0,06-Mar-2021,19:16:37,-30.7031,155.9761,223,191,587,62,56,,,76,242,4,,,,,,,,,,,,,,,,,,,,,,,,,,,,,
5675,198172,23,MA,2,1233,06-Mar-2021,19:15:09,-28.4912,168.1539,,401677602,-130,56,0,06-Mar-2021,19:13:51,-28.4912,168.1539,166,474,888,252,58,,,76,80,131,220,232,140,96,178,3,77,61,21,23,21,75,2,1,201,49,123,204,59,251,,,,,,,,,
5675,198172,3,MA,2,1233,06-Mar-2021,19:15:09,-28.4912,168.1539,,401677602,-130,56,0,06-Mar-2021,19:15:41,-28.4912,168.1539,166,474,888,252,58,,,10,0,16,,,,,,,,,,,,,,,,,,,,,,,,,,,,,
5675,198172,3,MA,2,1233,06-Mar-2021,19:15:09,-28.4912,168.1539,,401677602,-130,56,0,06-Mar-2021,19:15:56,-28.4912,168.1539,166,474,888,252,58,,,22,75,58,,,,,,,,,,,,,,,,,,,,,,,,,,,,,
5675,198172,3,MA,2,1233,06-Mar-2021,19:15:09,-28.4912,168.1539,,401677602,-130,56,0,06-Mar-2021,19:16:37,-28.4912,168.1539,166,474,888,252,58,,,76,242,4,,,,,,,,,,,,,,,,,,,,,,,,,,,,,
5675,198172,3,NP,2,1234,06-Mar-2021,19:22:43,-28.4854,168.1401,,401677720,-124,56,0,06-Mar-2021,19:15:41,-28.4854,168.1401,545,431,1744,106,94,,,10,0,16,,,,,,,,,,,,,,,,,,,,,,,,,,,,,
5675,198172,3,NP,2,1234,06-Mar-2021,19:22:43,-28.4854,168.1401,,401677720,-124,56,0,06-Mar-2021,19:15:56,-28.4854,168.1401,545,431,1744,106,94,,,22,75,31,,,,,,,,,,,,,,,,,,,,,,,,,,,,,
5675,198172,3,NP,2,1234,06-Mar-2021,19:22:43,-28.4854,168.1401,,401677720,-124,56,0,06-Mar-2021,19:16:37,-28.4854,168.1401,545,431,1744,106,94,,,76,242,4,,,,,,,,,,,,,,,,,,,,,,,,,,,,,
5675,198172,3,NP,2,1234,06-Mar-2021,19:22:43,-28.4854,168.1401,,401677720,-124,56,0,06-Mar-2021,19:21:04,-28.4854,168.1401,545,431,1744,106,94,,,22,75,24,,,,,,,,,,,,,,,,,,,,,,,,,,,,,
5675,198172,3,NP,2,1234,06-Mar-2021,19:22:43,-28.4854,168.1401,,401677720,-124,56,0,06-Mar-2021,19:22:23,-28.4854,168.1401,545,431,1744,106,94,,,76,247,147,,,,,,,,,,,,,,,,,,,,,,,,,,,,,
5675,198172,3,NP,2,1234,06-Mar-2021,19:22:43,-28.4854,168.1401,,401677720,-124,56,0,06-Mar-2021,19:22:39,-28.4854,168.1401,545,431,1744,106,94,,,87,175,138,,,,,,,,,,,,,,,,,,,,,,,,,,,,,
5675,198172,3,NP,2,1234,06-Mar-2021,19:22:43,-28.4854,168.1401,,401677720,-124,56,0,06-Mar-2021,19:24:46,-28.4854,168.1401,545,431,1744,106,94,,,111,129,0,,,,,,,,,,,,,,,,,,,,,,,,,,,,,
5675,198172,3,SR,3,1235,06-Mar-2021,19:37:09,-28.4851,168.1651,,401677718,-126,56,0,06-Mar-2021,19:30:16,-28.4851,168.1651,413,236,404,137,78,,,112,180,138,,,,,,,,,,,,,,,,,,,,,,,,,,,,,
5675,198172,3,SR,3,1235,06-Mar-2021,19:37:09,-28.4851,168.1651,,401677718,-126,56,0,06-Mar-2021,19:33:34,-28.4851,168.1651,413,236,404,137,78,,,101,131,0,,,,,,,,,,,,,,,,,,,,,,,,,,,,,
5675,198172,3,SR,3,1235,06-Mar-2021,19:37:09,-28.4851,168.1651,,401677718,-126,56,0,06-Mar-2021,19:34:54,-28.4851,168.1651,413,236,404,137,78,,,22,75,24,,,,,,,,,,,,,,,,,,,,,,,,,,,,,
5675,198172,3,SR,3,1235,06-Mar-2021,19:37:09,-28.4851,168.1651,,401677718,-126,56,0,06-Mar-2021,19:36:01,-28.4851,168.1651,413,236,404,137,78,,,89,185,138,,,,,,,,,,,,,,,,,,,,,,,,,,,,,
5675,198172,3,SR,3,1235,06-Mar-2021,19:37:09,-28.4851,168.1651,,401677718,-126,56,0,06-Mar-2021,19:37:09,-28.4851,168.1651,413,236,404,137,78,,,187,144,33,,,,,,,,,,,,,,,,,,,,,,,,,,,,,
5675,198172,3,NK,0,1236,06-Mar-2021,19:48:13,-28.4748,168.1660,,401677721,-125,46,0,06-Mar-2021,19:44:30,-28.4748,168.1660,502,4860,67462,350,101,,,10,0,16,,,,,,,,,,,,,,,,,,,,,,,,,,,,,
5675,198172,3,NK,0,1236,06-Mar-2021,19:48:13,-28.4748,168.1660,,401677721,-125,46,0,06-Mar-2021,19:45:56,-28.4748,168.1660,502,4860,67462,350,101,,,22,75,24,,,,,,,,,,,,,,,,,,,,,,,,,,,,,
5675,198172,3,NK,0,1236,06-Mar-2021,19:48:13,-28.4748,168.1660,,401677721,-125,46,0,06-Mar-2021,19:48:39,-28.4748,168.1660,502,4860,67462,350,101,,,66,244,4,,,,,,,,,,,,,,,,,,,,,,,,,,,,,
5675,198172,23,NK,0,1236,06-Mar-2021,19:48:13,-28.4748,168.1660,,401677721,-125,46,0,06-Mar-2021,19:49:11,-28.4748,168.1660,502,4860,67462,350,101,,,77,208,131,220,232,140,96,178,3,79,115,17,151,21,125,2,1,236,29,207,48,144,128,,,,,,,,,
5675,198172,3,NK,0,1236,06-Mar-2021,19:48:13,-28.4748,168.1660,,401677721,-125,46,0,06-Mar-2021,19:52:52,-28.4748,168.1660,502,4860,67462,350,101,,,83,196,138,,,,,,,,,,,,,,,,,,,,,,,,,,,,,
5675,198172,3,NN,B,1237,06-Mar-2021,20:31:00,-28.4819,168.1676,,401677703,-137,8,0,06-Mar-2021,20:31:01,-28.4819,168.1676,,2309,2718,1962,96,,,10,0,16,,,,,,,,,,,,,,,,,,,,,,,,,,,,,
5675,198172,3,MA,B,1238,06-Mar-2021,20:57:52,-28.4706,168.1663,,401677685,-121,6,0,06-Mar-2021,20:57:52,-28.4706,168.1663,,2294,3107,1694,88,,,22,75,24,,,,,,,,,,,,,,,,,,,,,,,,,,,,,
5675,198172,3,MC,B,1239,06-Mar-2021,21:28:15,-28.4624,168.1692,,401677700,-131,6,0,06-Mar-2021,21:27:55,-28.4624,168.1692,41,966,2862,326,117,,,101,131,0,,,,,,,,,,,,,,,,,,,,,,,,,,,,,
5675,198172,3,MC,B,1239,06-Mar-2021,21:28:15,-28.4624,168.1692,,401677700,-131,6,0,06-Mar-2021,21:28:36,-28.4624,168.1692,41,966,2862,326,117,,,167,25,156,,,,,,,,,,,,,,,,,,,,,,,,,,,,,
5675,198172,3,MB,B,1240,07-Mar-2021,10:35:46,-28.3410,168.1839,,401677703,-129,,0,07-Mar-2021,10:35:47,-28.3410,168.1839,,2901,12368,680,79,,,101,131,0,,,,,,,,,,,,,,,,,,,,,,,,,,,,,
5675,198172,3,A1,A,1241,07-Mar-2021,18:59:02,-28.2140,167.7642,,401677723,-122,8,0,07-Mar-2021,18:58:30,-28.2140,167.7642,65,3178,3247,3110,29,,,83,117,139,,,,,,,,,,,,,,,,,,,,,,,,,,,,,
5675,198172,3,A1,A,1241,07-Mar-2021,18:59:02,-28.2140,167.7642,,401677723,-122,8,0,07-Mar-2021,18:59:03,-28.2140,167.7642,65,3178,3247,3110,29,,,101,131,0,,,,,,,,,,,,,,,,,,,,,,,,,,,,,
5675,198172,3,A1,A,1241,07-Mar-2021,18:59:02,-28.2140,167.7642,,401677723,-122,8,0,07-Mar-2021,18:59:35,-28.2140,167.7642,65,3178,3247,3110,29,,,10,0,16,,,,,,,,,,,,,,,,,,,,,,,,,,,,,
5675,198172,3,SR,1,1242,07-Mar-2021,18:59:02,-28.2146,167.7643,,401677719,-135,40,0,07-Mar-2021,18:58:30,-28.2146,167.7643,539,922,955,889,58,,,83,117,139,,,,,,,,,,,,,,,,,,,,,,,,,,,,,
5675,198172,3,SR,1,1242,07-Mar-2021,18:59:02,-28.2146,167.7643,,401677719,-135,40,0,07-Mar-2021,18:59:03,-28.2146,167.7643,539,922,955,889,58,,,101,131,0,,,,,,,,,,,,,,,,,,,,,,,,,,,,,
5675,198172,3,SR,1,1242,07-Mar-2021,18:59:02,-28.2146,167.7643,,401677719,-135,40,0,07-Mar-2021,18:59:35,-28.2146,167.7643,539,922,955,889,58,,,10,0,16,,,,,,,,,,,,,,,,,,,,,,,,,,,,,
5675,198172,3,SR,1,1242,07-Mar-2021,18:59:02,-28.2146,167.7643,,401677719,-135,40,0,07-Mar-2021,19:07:29,-28.2146,167.7643,539,922,955,889,58,,,22,75,24,,,,,,,,,,,,,,,,,,,,,,,,,,,,,
5675,198172,3,NP,0,1243,07-Mar-2021,19:11:30,-28.2010,167.7088,,401677722,-127,46,0,07-Mar-2021,19:09:29,-28.2010,167.7088,208,2229,13836,359,103,,,101,131,0,,,,,,,,,,,,,,,,,,,,,,,,,,,,,
5675,198172,3,NP,0,1243,07-Mar-2021,19:11:30,-28.2010,167.7088,,401677722,-127,46,0,07-Mar-2021,19:10:58,-28.2010,167.7088,208,2229,13836,359,103,,,10,150,224,,,,,,,,,,,,,,,,,,,,,,,,,,,,,
5675,198172,3,NP,0,1243,07-Mar-2021,19:11:30,-28.2010,167.7088,,401677722,-127,46,1,07-Mar-2021,19:11:41,-28.2010,167.7088,208,2229,13836,359,103,,,22,75,24,,,,,,,,,,,,,,,,,,,,,,,,,,,,,
5675,198172,3,NP,0,1243,07-Mar-2021,19:11:30,-28.2010,167.7088,,401677722,-127,46,1,07-Mar-2021,19:12:29,-28.2010,167.7088,208,2229,13836,359,103,,,71,245,4,,,,,,,,,,,,,,,,,,,,,,,,,,,,,
5675,198172,3,NP,0,1243,07-Mar-2021,19:11:30,-28.2010,167.7088,,401677722,-127,46,0,07-Mar-2021,19:12:57,-28.2010,167.7088,208,2229,13836,359,103,,,81,127,139,,,,,,,,,,,,,,,,,,,,,,,,,,,,,
5675,198172,3,NK,2,1244,07-Mar-2021,19:25:06,-28.2095,167.7456,,401677723,-130,56,0,07-Mar-2021,19:23:40,-28.2095,167.7456,182,441,1188,163,59,,,111,129,0,,,,,,,,,,,,,,,,,,,,,,,,,,,,,
5675,198172,3,NK,2,1244,07-Mar-2021,19:25:06,-28.2095,167.7456,,401677723,-130,56,0,07-Mar-2021,19:24:11,-28.2095,167.7456,182,441,1188,163,59,,,10,0,16,,,,,,,,,,,,,,,,,,,,,,,,,,,,,
5675,198172,3,NK,2,1244,07-Mar-2021,19:25:06,-28.2095,167.7456,,401677723,-130,56,0,07-Mar-2021,19:25:53,-28.2095,167.7456,182,441,1188,163,59,,,22,75,24,,,,,,,,,,,,,,,,,,,,,,,,,,,,,
5675,198172,3,NK,2,1244,07-Mar-2021,19:25:06,-28.2095,167.7456,,401677723,-130,56,0,07-Mar-2021,19:26:42,-28.2095,167.7456,182,441,1188,163,59,,,126,115,11,,,,,,,,,,,,,,,,,,,,,,,,,,,,,
5675,198172,3,MA,A,1245,07-Mar-2021,20:33:31,-28.1918,167.7438,,401677717,-126,8,0,07-Mar-2021,20:30:18,-28.1918,167.7438,553,1199,5427,264,147,,,22,67,16,,,,,,,,,,,,,,,,,,,,,,,,,,,,,
5675,198172,3,MA,A,1245,07-Mar-2021,20:33:31,-28.1918,167.7438,,401677717,-126,8,0,07-Mar-2021,20:30:45,-28.1918,167.7438,553,1199,5427,264,147,,,65,251,4,,,,,,,,,,,,,,,,,,,,,,,,,,,,,
5675,198172,3,MA,A,1245,07-Mar-2021,20:33:31,-28.1918,167.7438,,401677717,-126,8,0,07-Mar-2021,20:39:31,-28.1918,167.7438,553,1199,5427,264,147,,,1,140,177,,,,,,,,,,,,,,,,,,,,,,,,,,,,,
5675,198172,3,SR,A,1246,08-Mar-2021,06:10:50,-27.8377,167.7220,,401677711,-132,8,0,08-Mar-2021,06:07:01,-27.8377,167.7220,606,1449,4065,516,179,,,110,132,0,,,,,,,,,,,,,,,,,,,,,,,,,,,,,
5675,198172,3,SR,A,1246,08-Mar-2021,06:10:50,-27.8377,167.7220,,401677711,-132,8,0,08-Mar-2021,06:08:22,-27.8377,167.7220,606,1449,4065,516,179,,,10,0,16,,,,,,,,,,,,,,,,,,,,,,,,,,,,,
5675,198172,3,SR,A,1246,08-Mar-2021,06:10:50,-27.8377,167.7220,,401677711,-132,8,0,08-Mar-2021,06:17:07,-27.8377,167.7220,606,1449,4065,516,179,,,7,241,143,,,,,,,,,,,,,,,,,,,,,,,,,,,,,
5675,198172,3,NP,A,1247,08-Mar-2021,07:39:07,-27.7808,167.6835,,401677719,-133,8,0,08-Mar-2021,07:38:41,-27.7808,167.6835,71,832,940,737,21,,,221,61,140,,,,,,,,,,,,,,,,,,,,,,,,,,,,,
5675,198172,3,NP,A,1247,08-Mar-2021,07:39:07,-27.7808,167.6835,,401677719,-133,8,0,08-Mar-2021,07:39:35,-27.7808,167.6835,71,832,940,737,21,,,10,0,16,,,,,,,,,,,,,,,,,,,,,,,,,,,,,
5675,198172,3,NP,A,1247,08-Mar-2021,07:39:07,-27.7808,167.6835,,401677719,-133,8,0,08-Mar-2021,07:39:52,-27.7808,167.6835,71,832,940,737,21,,,22,75,24,,,,,,,,,,,,,,,,,,,,,,,,,,,,,
5675,198172,3,MA,B,1248,08-Mar-2021,09:07:17,-27.7444,167.6656,,401677717,-132,8,0,08-Mar-2021,09:07:18,-27.7444,167.6656,,1359,1514,1220,92,,,22,75,25,,,,,,,,,,,,,,,,,,,,,,,,,,,,,
5675,198172,23,NP,B,1249,08-Mar-2021,09:17:34,-27.7268,167.6703,,401677716,-135,8,0,08-Mar-2021,09:15:50,-27.7268,167.6703,209,996,6468,153,110,,,67,112,227,216,243,224,105,38,76,251,244,213,193,5,153,94,144,79,251,19,144,178,47,,,,,,,,,
5675,198172,3,NP,B,1249,08-Mar-2021,09:17:34,-27.7268,167.6703,,401677716,-135,8,0,08-Mar-2021,09:19:19,-27.7268,167.6703,209,996,6468,153,110,,,101,131,0,,,,,,,,,,,,,,,,,,,,,,,,,,,,,
5675,198172,3,MA,B,1250,08-Mar-2021,10:44:51,-27.6891,167.6501,,401677712,-132,8,0,08-Mar-2021,10:44:52,,,,1629,2667,994,110,,,86,121,140,,,,,,,,,,,,,,,,,,,,,,,,,,,,,
5675,198172,3,MC,B,1251,08-Mar-2021,11:10:18,-27.6834,167.6453,,401677716,-119,6,0,08-Mar-2021,11:09:49,-27.6834,167.6453,58,1144,11147,117,64,,,93,126,140,,,,,,,,,,,,,,,,,,,,,,,,,,,,,
5675,198172,3,MC,B,1251,08-Mar-2021,11:10:18,-27.6834,167.6453,,401677716,-119,6,0,08-Mar-2021,11:10:47,-27.6834,167.6453,58,1144,11147,117,64,,,101,139,51,,,,,,,,,,,,,,,,,,,,,,,,,,,,,
5675,198172,3,NN,B,1252,08-Mar-2021,12:11:41,-27.6217,167.6108,,401677706,-133,8,0,08-Mar-2021,12:10:47,-27.6217,167.6108,108,3243,18944,555,64,,,81,147,140,,,,,,,,,,,,,,,,,,,,,,,,,,,,,
5675,198172,3,NN,B,1252,08-Mar-2021,12:11:41,-27.6217,167.6108,,401677706,-133,8,0,08-Mar-2021,12:12:35,-27.6217,167.6108,108,3243,18944,555,64,,,10,8,16,,,,,,,,,,,,,,,,,,,,,,,,,,,,,
5675,198172,3,MC, ,1253,11-Mar-2021,10:07:11,,,,401650000,-128,,0,11-Mar-2021,10:07:11,,,,,,,,,,77,25,21,,,,,,,,,,,,,,,,,,,,,,,,,,,,,
5675,198172,3,SR, ,1254,12-Mar-2021,18:03:32,,,,401650000,-136,,0,12-Mar-2021,18:03:32,,,,,,,,,,22,75,24,,,,,,,,,,,,,,,,,,,,,,,,,,,,,
5675,198172,3,NK,B,1255,12-Mar-2021,18:57:49,-25.7006,167.3365,,401677723,-130,,0,12-Mar-2021,18:56:28,,,162,415,1487,115,105,,,96,130,0,,,,,,,,,,,,,,,,,,,,,,,,,,,,,
5675,198172,3,NK,B,1255,12-Mar-2021,18:57:49,-25.7006,167.3365,,401677723,-130,,0,12-Mar-2021,18:59:10,,,162,415,1487,115,105,,,10,0,16,,,,,,,,,,,,,,,,,,,,,,,,,,,,,
5675,198172,3,A1, ,1256,12-Mar-2021,19:17:39,,,,401650000,-133,,0,12-Mar-2021,19:17:39,,,,,,,,,,124,255,133,,,,,,,,,,,,,,,,,,,,,,,,,,,,,
5675,198172,3,MA,B,1257,12-Mar-2021,20:31:36,-25.7330,167.3309,,401677756,-125,7,0,12-Mar-2021,20:31:37,-31.5927,-165.0787,,1922,3096,1193,97,,,96,130,0,,,,,,,,,,,,,,,,,,,,,,,,,,,,,
5675,198172,3,NN,B,1258,12-Mar-2021,21:01:42,-25.7404,167.3350,,401677744,-135,8,0,12-Mar-2021,21:01:42,-25.7404,167.3350,,1339,1930,928,91,,,22,75,24,,,,,,,,,,,,,,,,,,,,,,,,,,,,,
5675,198172,3,MC,B,1259,12-Mar-2021,21:01:42,-25.7414,167.3350,,401677744,-128,,0,12-Mar-2021,21:01:42,-25.7414,167.3350,,1334,1943,914,91,,,22,75,24,,,,,,,,,,,,,,,,,,,,,,,,,,,,,
5675,198172,3,SR,1,1260,13-Mar-2021,06:56:38,-25.9891,167.1710,,401677711,-127,48,1,13-Mar-2021,06:57:17,-25.9891,167.1710,75,958,2193,418,48,,,10,0,16,,,,,,,,,,,,,,,,,,,,,,,,,,,,,
5675,198172,3,SR,1,1260,13-Mar-2021,06:56:38,-25.9891,167.1710,,401677711,-127,48,0,13-Mar-2021,06:57:48,-25.9891,167.1710,75,958,2193,418,48,,,22,75,24,,,,,,,,,,,,,,,,,,,,,,,,,,,,,
5675,198172,23,SR,1,1260,13-Mar-2021,06:56:38,-25.9891,167.1710,,401677711,-127,48,0,13-Mar-2021,06:58:32,-25.9891,167.1710,75,958,2193,418,48,,,90,48,131,220,232,140,96,178,6,156,73,213,21,26,145,2,1,55,29,210,0,255,128,,,,,,,,,
5675,198172,3,MA,B,1261,13-Mar-2021,08:52:09,-26.0152,167.1637,,401677712,-126,8,0,13-Mar-2021,08:52:09,-26.0152,167.1637,,7231,8021,6517,91,,,92,84,141,,,,,,,,,,,,,,,,,,,,,,,,,,,,,
5675,198172,3,MC,B,1262,13-Mar-2021,11:00:42,-26.0366,167.1536,,401677720,-126,8,0,13-Mar-2021,11:00:43,-26.0366,167.1536,,9757,11775,8083,16,,,70,30,5,,,,,,,,,,,,,,,,,,,,,,,,,,,,,
5675,198172,3,A1,A,1263,13-Mar-2021,19:03:56,-26.3320,166.9226,,401677711,-129,8,0,13-Mar-2021,19:01:28,-26.3320,166.9226,246,1422,6804,297,81,,,10,0,16,,,,,,,,,,,,,,,,,,,,,,,,,,,,,
5675,198172,3,A1,A,1263,13-Mar-2021,19:03:56,-26.3320,166.9226,,401677711,-129,8,0,13-Mar-2021,19:04:50,-26.3320,166.9226,246,1422,6804,297,81,,,64,3,239,,,,,,,,,,,,,,,,,,,,,,,,,,,,,
5675,198172,3,A1,A,1263,13-Mar-2021,19:03:56,-26.3320,166.9226,,401677711,-129,8,0,13-Mar-2021,19:05:34,-26.3320,166.9226,246,1422,6804,297,81,,,96,130,0,,,,,,,,,,,,,,,,,,,,,,,,,,,,,
5675,198172,3,SR,1,1264,13-Mar-2021,19:12:53,-26.3340,166.9144,,401677711,-124,56,0,13-Mar-2021,19:11:07,-26.3340,166.9144,587,564,2836,112,66,,,67,31,5,,,,,,,,,,,,,,,,,,,,,,,,,,,,,
5675,198172,3,SR,1,1264,13-Mar-2021,19:12:53,-26.3340,166.9144,,401677711,-124,56,0,13-Mar-2021,19:12:40,-26.3340,166.9144,587,564,2836,112,66,,,108,127,0,,,,,,,,,,,,,,,,,,,,,,,,,,,,,
5675,198172,3,SR,1,1264,13-Mar-2021,19:12:53,-26.3340,166.9144,,401677711,-124,56,0,13-Mar-2021,19:14:53,-26.3340,166.9144,587,564,2836,112,66,,,22,75,24,,,,,,,,,,,,,,,,,,,,,,,,,,,,,
5675,198172,3,SR,1,1264,13-Mar-2021,19:12:53,-26.3340,166.9144,,401677711,-124,56,0,13-Mar-2021,19:20:54,-26.3340,166.9144,587,564,2836,112,66,,,10,0,16,,,,,,,,,,,,,,,,,,,,,,,,,,,,,
5675,198172,3,NP,A,1265,13-Mar-2021,19:42:12,-26.3461,166.9002,,401677709,-137,6,0,13-Mar-2021,19:39:52,-26.3461,166.9002,407,705,9543,52,100,,,64,32,5,,,,,,,,,,,,,,,,,,,,,,,,,,,,,
5675,198172,3,NP,A,1265,13-Mar-2021,19:42:12,-26.3461,166.9002,,401677709,-137,6,0,13-Mar-2021,19:40:07,-26.3461,166.9002,407,705,9543,52,100,,,95,245,141,,,,,,,,,,,,,,,,,,,,,,,,,,,,,
5675,198172,3,NP,A,1265,13-Mar-2021,19:42:12,-26.3461,166.9002,,401677709,-137,6,0,13-Mar-2021,19:46:39,-26.3461,166.9002,407,705,9543,52,100,,,14,0,16,,,,,,,,,,,,,,,,,,,,,,,,,,,,,
5675,198172,3,MA,0,1266,13-Mar-2021,20:16:42,-26.3713,166.8674,,401677710,-126,58,0,13-Mar-2021,20:15:55,-26.3713,166.8674,90,3257,7099,1494,131,,,10,0,16,,,,,,,,,,,,,,,,,,,,,,,,,,,,,
5675,198172,3,MA,0,1266,13-Mar-2021,20:16:42,-26.3713,166.8674,,401677710,-126,58,0,13-Mar-2021,20:16:26,-26.3713,166.8674,90,3257,7099,1494,131,,,22,75,24,,,,,,,,,,,,,,,,,,,,,,,,,,,,,
5675,198172,3,MA,0,1266,13-Mar-2021,20:16:42,-26.3713,166.8674,,401677710,-126,58,0,13-Mar-2021,20:17:04,-26.3713,166.8674,90,3257,7099,1494,131,,,67,31,5,,,,,,,,,,,,,,,,,,,,,,,,,,,,,
5675,198172,3,MA,0,1266,13-Mar-2021,20:16:42,-26.3713,166.8674,,401677710,-126,58,0,13-Mar-2021,20:17:25,-26.3713,166.8674,90,3257,7099,1494,131,,,94,0,142,,,,,,,,,,,,,,,,,,,,,,,,,,,,,
5675,198172,3,NK,1,1267,13-Mar-2021,20:17:07,-26.3868,166.8816,,401677711,-127,56,0,13-Mar-2021,20:15:55,-26.3868,166.8816,175,1423,3257,622,84,,,10,0,16,,,,,,,,,,,,,,,,,,,,,,,,,,,,,
5675,198172,3,NK,1,1267,13-Mar-2021,20:17:07,-26.3868,166.8816,,401677711,-127,56,0,13-Mar-2021,20:17:04,-26.3868,166.8816,175,1423,3257,622,84,,,67,31,5,,,,,,,,,,,,,,,,,,,,,,,,,,,,,
5675,198172,3,NK,1,1267,13-Mar-2021,20:17:07,-26.3868,166.8816,,401677711,-127,56,0,13-Mar-2021,20:17:25,-26.3868,166.8816,175,1423,3257,622,84,,,94,0,142,,,,,,,,,,,,,,,,,,,,,,,,,,,,,
5675,198172,3,NK,1,1267,13-Mar-2021,20:17:07,-26.3868,166.8816,,401677711,-127,56,1,13-Mar-2021,20:18:50,-26.3868,166.8816,175,1423,3257,622,84,,,22,75,24,,,,,,,,,,,,,,,,,,,,,,,,,,,,,
5675,198172,3,MC,0,1268,13-Mar-2021,20:40:15,-26.3655,166.8800,,401677713,-131,56,0,13-Mar-2021,20:38:36,-26.3655,166.8800,200,1692,5198,550,22,,,22,75,24,,,,,,,,,,,,,,,,,,,,,,,,,,,,,
5675,198172,3,MC,0,1268,13-Mar-2021,20:40:15,-26.3655,166.8800,,401677713,-131,56,0,13-Mar-2021,20:39:19,-26.3655,166.8800,200,1692,5198,550,22,,,95,21,142,,,,,,,,,,,,,,,,,,,,,,,,,,,,,
5675,198172,3,MC,0,1268,13-Mar-2021,20:40:15,-26.3655,166.8800,,401677713,-131,56,0,13-Mar-2021,20:41:10,-26.3655,166.8800,200,1692,5198,550,22,,,101,131,0,,,,,,,,,,,,,,,,,,,,,,,,,,,,,
5675,198172,3,MC,0,1268,13-Mar-2021,20:40:15,-26.3655,166.8800,,401677713,-131,56,0,13-Mar-2021,20:41:56,-26.3655,166.8800,200,1692,5198,550,22,,,30,75,24,,,,,,,,,,,,,,,,,,,,,,,,,,,,,
5675,198172,3,NN,B,1269,13-Mar-2021,22:33:47,-26.4184,166.8316,,401677716,-133,8,0,13-Mar-2021,22:33:48,-26.4184,166.8316,,3950,4261,3661,61,,,22,75,24,,,,,,,,,,,,,,,,,,,,,,,,,,,,,
5675,198172,3,SR,1,1270,14-Mar-2021,06:26:43,-26.6704,166.6224,,401677718,-124,58,0,14-Mar-2021,06:24:49,-26.6704,166.6224,225,1099,8854,136,97,,,76,28,5,,,,,,,,,,,,,,,,,,,,,,,,,,,,,
5675,198172,3,SR,1,1270,14-Mar-2021,06:26:43,-26.6704,166.6224,,401677718,-124,58,0,14-Mar-2021,06:26:23,-26.6704,166.6224,225,1099,8854,136,97,,,83,57,142,,,,,,,,,,,,,,,,,,,,,,,,,,,,,
5675,198172,3,SR,1,1270,14-Mar-2021,06:26:43,-26.6704,166.6224,,401677718,-124,58,0,14-Mar-2021,06:26:50,-26.6704,166.6224,225,1099,8854,136,97,,,111,145,88,,,,,,,,,,,,,,,,,,,,,,,,,,,,,
5675,198172,3,SR,1,1270,14-Mar-2021,06:26:43,-26.6704,166.6224,,401677718,-124,58,1,14-Mar-2021,06:27:15,-26.6704,166.6224,225,1099,8854,136,97,,,10,0,16,,,,,,,,,,,,,,,,,,,,,,,,,,,,,
5675,198172,3,SR,1,1270,14-Mar-2021,06:26:43,-26.6704,166.6224,,401677718,-124,58,0,14-Mar-2021,06:27:42,-26.6704,166.6224,225,1099,8854,136,97,,,22,75,24,,,,,,,,,,,,,,,,,,,,,,,,,,,,,
5675,198172,3,SR,1,1270,14-Mar-2021,06:26:43,-26.6704,166.6224,,401677718,-124,58,0,14-Mar-2021,06:28:18,-26.6704,166.6224,225,1099,8854,136,97,,,74,34,5,,,,,,,,,,,,,,,,,,,,,,,,,,,,,
5675,198172,3,SR,1,1270,14-Mar-2021,06:26:43,-26.6704,166.6224,,401677718,-124,58,0,14-Mar-2021,06:28:34,-26.6704,166.6224,225,1099,8854,136,97,,,88,62,142,,,,,,,,,,,,,,,,,,,,,,,,,,,,,
5675,198172,3,NP,0,1271,14-Mar-2021,06:27:00,-26.6723,166.6298,,401677733,-136,46,0,14-Mar-2021,06:24:49,-26.6723,166.6298,209,1586,4555,551,92,,,76,28,5,,,,,,,,,,,,,,,,,,,,,,,,,,,,,
5675,198172,3,NP,0,1271,14-Mar-2021,06:27:00,-26.6723,166.6298,,401677733,-136,46,0,14-Mar-2021,06:27:15,-26.6723,166.6298,209,1586,4555,551,92,,,10,0,16,,,,,,,,,,,,,,,,,,,,,,,,,,,,,
5675,198172,3,NP,0,1271,14-Mar-2021,06:27:00,-26.6723,166.6298,,401677733,-136,46,0,14-Mar-2021,06:27:42,-26.6723,166.6298,209,1586,4555,551,92,,,22,75,24,,,,,,,,,,,,,,,,,,,,,,,,,,,,,
5675,198172,3,NP,0,1271,14-Mar-2021,06:27:00,-26.6723,166.6298,,401677733,-136,46,0,14-Mar-2021,06:28:18,-26.6723,166.6298,209,1586,4555,551,92,,,74,34,5,,,,,,,,,,,,,,,,,,,,,,,,,,,,,
5675,198172,3,A1,A,1272,14-Mar-2021,18:49:45,-27.0477,166.5052,,401677730,-126,,0,14-Mar-2021,18:49:04,-27.0477,166.5052,103,2898,47761,175,70,,,22,75,24,,,,,,,,,,,,,,,,,,,,,,,,,,,,,
5675,198172,3,A1,A,1272,14-Mar-2021,18:49:45,-27.0477,166.5052,,401677730,-126,,0,14-Mar-2021,18:49:26,-27.0477,166.5052,103,2898,47761,175,70,,,77,27,134,,,,,,,,,,,,,,,,,,,,,,,,,,,,,
5675,198172,23,A1,A,1272,14-Mar-2021,18:49:45,-27.0477,166.5052,,401677730,-126,,0,14-Mar-2021,18:50:47,-27.0477,166.5052,103,2898,47761,175,70,,,85,80,131,221,236,196,53,96,162,143,53,183,117,199,233,9,226,122,221,4,217,39,176,,,,,,,,,
5675,198172,3,NP,B,1273,14-Mar-2021,19:27:00,-27.0553,166.5022,,401677699,-125,8,0,14-Mar-2021,19:27:00,-27.0553,166.5022,,6320,8972,4451,90,,,73,29,5,,,,,,,,,,,,,,,,,,,,,,,,,,,,,
5675,198172,3,SR,B,1274,17-Mar-2021,06:35:17,-27.8871,165.5960,,401677691,-128,,0,17-Mar-2021,06:35:08,-27.8871,165.5960,20,65085,419407,10100,105,,,85,198,142,,,,,,,,,,,,,,,,,,,,,,,,,,,,,
5675,198172,3,SR,B,1274,17-Mar-2021,06:35:17,-27.8871,165.5960,,401677691,-128,,0,17-Mar-2021,06:35:28,-27.8871,165.5960,20,65085,419407,10100,105,,,105,126,0,,,,,,,,,,,,,,,,,,,,,,,,,,,,,
5675,198172,3,MA,B,1275,17-Mar-2021,09:18:40,-28.1135,166.1278,,401677690,-126,8,0,17-Mar-2021,09:17:46,-28.1135,166.1278,109,38067,283336,5114,57,,,91,224,142,,,,,,,,,,,,,,,,,,,,,,,,,,,,,
5675,198172,3,MA,B,1275,17-Mar-2021,09:18:40,-28.1135,166.1278,,401677690,-126,8,0,17-Mar-2021,09:19:35,-28.1135,166.1278,109,38067,283336,5114,57,,,10,0,16,,,,,,,,,,,,,,,,,,,,,,,,,,,,,
5675,198172,3,MC,B,1276,17-Mar-2021,11:22:30,-27.9591,166.6436,,401677729,-126,7,0,17-Mar-2021,11:20:42,-27.9591,166.6436,217,12554,141884,1110,154,,,79,35,5,,,,,,,,,,,,,,,,,,,,,,,,,,,,,
5675,198172,3,MC,B,1276,17-Mar-2021,11:22:30,-27.9591,166.6436,,401677729,-126,7,0,17-Mar-2021,11:24:19,-27.9591,166.6436,217,12554,141884,1110,154,,,10,0,16,,,,,,,,,,,,,,,,,,,,,,,,,,,,,
5675,198172,3,A1,B,1277,17-Mar-2021,18:07:24,-27.9308,167.2636,,401677763,-138,8,0,17-Mar-2021,18:07:25,-27.9308,167.2636,,22238,33311,14845,65,,,91,46,143,,,,,,,,,,,,,,,,,,,,,,,,,,,,,
5675,198172,3,SR,0,1278,17-Mar-2021,18:48:16,-28.1124,166.8332,,401677670,-135,48,0,17-Mar-2021,18:48:17,-28.1124,166.8332,481,1830,7776,430,77,,,204,159,229,,,,,,,,,,,,,,,,,,,,,,,,,,,,,
5675,198172,3,SR,0,1278,17-Mar-2021,18:48:16,-28.1124,166.8332,,401677670,-135,48,0,17-Mar-2021,18:50:31,-28.1124,166.8332,481,1830,7776,430,77,,,22,79,130,,,,,,,,,,,,,,,,,,,,,,,,,,,,,
5675,198172,23,SR,0,1278,17-Mar-2021,18:48:16,-28.1124,166.8332,,401677670,-135,48,0,17-Mar-2021,18:51:23,-28.1124,166.8332,481,1830,7776,430,77,,,78,144,131,220,232,137,224,242,8,105,240,248,25,253,250,141,141,58,126,167,218,120,69,,,,,,,,,
5675,198172,3,SR,0,1278,17-Mar-2021,18:48:16,-28.1124,166.8332,,401677670,-135,48,0,17-Mar-2021,18:51:38,-28.1124,166.8332,481,1830,7776,430,77,,,67,31,5,,,,,,,,,,,,,,,,,,,,,,,,,,,,,
5675,198172,3,SR,0,1278,17-Mar-2021,18:48:16,-28.1124,166.8332,,401677670,-135,48,0,17-Mar-2021,18:52:10,-28.1124,166.8332,481,1830,7776,430,77,,,91,62,143,,,,,,,,,,,,,,,,,,,,,,,,,,,,,
5675,198172,3,SR,0,1278,17-Mar-2021,18:48:16,-28.1124,166.8332,,401677670,-135,48,0,17-Mar-2021,18:55:00,-28.1124,166.8332,481,1830,7776,430,77,,,10,0,16,,,,,,,,,,,,,,,,,,,,,,,,,,,,,
5675,198172,3,SR,0,1278,17-Mar-2021,18:48:16,-28.1124,166.8332,,401677670,-135,48,0,17-Mar-2021,18:56:18,-28.1124,166.8332,481,1830,7776,430,77,,,65,67,143,,,,,,,,,,,,,,,,,,,,,,,,,,,,,
5675,198172,3,NP,2,1279,17-Mar-2021,18:55:31,-28.1201,166.8172,,401677719,-126,56,0,17-Mar-2021,18:50:31,-28.1201,166.8172,332,490,855,280,74,,,22,75,252,,,,,,,,,,,,,,,,,,,,,,,,,,,,,
5675,198172,23,NP,2,1279,17-Mar-2021,18:55:31,-28.1201,166.8172,,401677719,-126,56,0,17-Mar-2021,18:51:23,-28.1201,166.8172,332,490,855,280,74,,,78,144,131,220,40,128,37,67,18,250,176,52,32,233,186,140,67,138,62,182,196,64,86,,,,,,,,,
5675,198172,3,NP,2,1279,17-Mar-2021,18:55:31,-28.1201,166.8172,,401677719,-126,56,0,17-Mar-2021,18:51:38,-28.1201,166.8172,332,490,855,280,74,,,67,31,5,,,,,,,,,,,,,,,,,,,,,,,,,,,,,
5675,198172,3,NP,2,1279,17-Mar-2021,18:55:31,-28.1201,166.8172,,401677719,-126,56,0,17-Mar-2021,18:52:10,-28.1201,166.8172,332,490,855,280,74,,,91,62,143,,,,,,,,,,,,,,,,,,,,,,,,,,,,,
5675,198172,3,NP,2,1279,17-Mar-2021,18:55:31,-28.1201,166.8172,,401677719,-126,56,0,17-Mar-2021,18:55:00,-28.1201,166.8172,332,490,855,280,74,,,10,0,16,,,,,,,,,,,,,,,,,,,,,,,,,,,,,
5675,198172,3,NP,2,1279,17-Mar-2021,18:55:31,-28.1201,166.8172,,401677719,-126,56,0,17-Mar-2021,18:56:03,-28.1201,166.8172,332,490,855,280,74,,,64,32,69,,,,,,,,,,,,,,,,,,,,,,,,,,,,,
5675,198172,3,A1,B,1280,17-Mar-2021,19:37:34,-28.1259,166.8817,,401677728,-138,7,0,17-Mar-2021,19:37:35,-28.1259,166.8817,,3982,4534,3496,78,,,67,31,5,,,,,,,,,,,,,,,,,,,,,,,,,,,,,
5675,198172,3,MC,B,1281,17-Mar-2021,21:01:41,-28.1258,166.8577,,401677723,-133,8,0,17-Mar-2021,21:01:41,-28.1258,166.8577,,12059,36253,4010,91,,,22,75,24,,,,,,,,,,,,,,,,,,,,,,,,,,,,,
5675,198172,3,MC,B,1282,18-Mar-2021,09:21:00,-28.3757,167.8870,,401677623,-129,,0,18-Mar-2021,09:21:01,-28.3757,167.8870,,25715,115377,5731,106,,,96,130,0,,,,,,,,,,,,,,,,,,,,,,,,,,,,,
5675,198172,3,NN,Z,1283,18-Mar-2021,10:14:58,-28.2872,166.5986,,401677608,-140,8,0,18-Mar-2021,10:14:58,,,,25896,114497,5857,104,,,10,0,16,,,,,,,,,,,,,,,,,,,,,,,,,,,,,
5675,198172,3,NP,0,1284,18-Mar-2021,18:43:40,-28.7735,167.2196,,401677738,-124,47,0,18-Mar-2021,18:36:19,-28.7735,167.2196,442,1991,3506,1130,99,,,68,40,204,,,,,,,,,,,,,,,,,,,,,,,,,,,,,
5675,198172,3,NP,0,1284,18-Mar-2021,18:43:40,-28.7735,167.2196,,401677738,-124,47,0,18-Mar-2021,18:37:25,-28.7735,167.2196,442,1991,3506,1130,99,,,92,171,143,,,,,,,,,,,,,,,,,,,,,,,,,,,,,
5675,198172,3,NP,0,1284,18-Mar-2021,18:43:40,-28.7735,167.2196,,401677738,-124,47,0,18-Mar-2021,18:37:42,-28.7735,167.2196,442,1991,3506,1130,99,,,102,125,0,,,,,,,,,,,,,,,,,,,,,,,,,,,,,
5675,198172,3,NP,0,1284,18-Mar-2021,18:43:40,-28.7735,167.2196,,401677738,-124,47,0,18-Mar-2021,18:39:03,-28.7735,167.2196,442,1991,3506,1130,99,,,10,0,16,,,,,,,,,,,,,,,,,,,,,,,,,,,,,
5675,198172,3,NP,0,1284,18-Mar-2021,18:43:40,-28.7735,167.2196,,401677738,-124,47,0,18-Mar-2021,18:40:03,-28.7735,167.2196,442,1991,3506,1130,99,,,22,75,24,,,,,,,,,,,,,,,,,,,,,,,,,,,,,
5675,198172,3,NP,0,1284,18-Mar-2021,18:43:40,-28.7735,167.2196,,401677738,-124,47,0,18-Mar-2021,18:43:41,-28.7735,167.2196,442,1991,3506,1130,99,,,73,13,5,,,,,,,,,,,,,,,,,,,,,,,,,,,,,
5675,198172,3,NK,1,1285,19-Mar-2021,08:10:12,-28.9162,167.4250,,401677721,-127,40,0,19-Mar-2021,08:04:45,-28.9162,167.4250,482,656,940,457,93,,,89,213,143,,,,,,,,,,,,,,,,,,,,,,,,,,,,,
5675,198172,3,NK,1,1285,19-Mar-2021,08:10:12,-28.9162,167.4250,,401677721,-127,40,0,19-Mar-2021,08:07:49,-28.9162,167.4250,482,656,940,457,93,,,102,125,0,,,,,,,,,,,,,,,,,,,,,,,,,,,,,
5675,198172,3,NK,1,1285,19-Mar-2021,08:10:12,-28.9162,167.4250,,401677721,-127,40,0,19-Mar-2021,08:10:32,-28.9162,167.4250,482,656,940,457,93,,,10,0,16,,,,,,,,,,,,,,,,,,,,,,,,,,,,,
5675,198172,3,NK,1,1285,19-Mar-2021,08:10:12,-28.9162,167.4250,,401677721,-127,40,0,19-Mar-2021,08:11:32,-28.9162,167.4250,482,656,940,457,93,,,75,7,5,,,,,,,,,,,,,,,,,,,,,,,,,,,,,
5675,198172,3,NK,1,1285,19-Mar-2021,08:10:12,-28.9162,167.4250,,401677721,-127,40,0,19-Mar-2021,08:11:53,-28.9162,167.4250,482,656,940,457,93,,,90,218,130,,,,,,,,,,,,,,,,,,,,,,,,,,,,,
5675,198172,3,NK,1,1285,19-Mar-2021,08:10:12,-28.9162,167.4250,,401677721,-127,40,0,19-Mar-2021,08:12:08,-28.9162,167.4250,482,656,940,457,93,,,99,124,0,,,,,,,,,,,,,,,,,,,,,,,,,,,,,
5675,198172,3,NK,1,1285,19-Mar-2021,08:10:12,-28.9162,167.4250,,401677721,-127,40,0,19-Mar-2021,08:12:47,-28.9162,167.4250,482,656,940,457,93,,,20,230,36,,,,,,,,,,,,,,,,,,,,,,,,,,,,,
5675,198172,3,MA,A,1286,21-Mar-2021,11:07:38,-29.7040,168.5037,,401677882,-128,,0,21-Mar-2021,11:07:12,-29.7040,168.5037,55,20232,83455,4904,93,,,10,0,16,,,,,,,,,,,,,,,,,,,,,,,,,,,,,
5675,198172,3,MA,A,1286,21-Mar-2021,11:07:38,-29.7040,168.5037,,401677882,-128,,0,21-Mar-2021,11:07:38,-29.7040,168.5037,55,20232,83455,4904,93,,,6,107,96,,,,,,,,,,,,,,,,,,,,,,,,,,,,,
5675,198172,3,MA,A,1286,21-Mar-2021,11:07:38,-29.7040,168.5037,,401677882,-128,,0,21-Mar-2021,11:08:07,-29.7040,168.5037,55,20232,83455,4904,93,,,64,206,4,,,,,,,,,,,,,,,,,,,,,,,,,,,,,
5675,198172,3,NN,B,1287,21-Mar-2021,11:08:06,-29.6895,168.3953,,401650000,-137,6,0,21-Mar-2021,11:08:07,-29.6895,168.3953,,23441,87240,6298,92,,,64,238,4,,,,,,,,,,,,,,,,,,,,,,,,,,,,,
5675,198172,3,MA,B,1288,21-Mar-2021,19:10:16,-29.9170,168.4990,,401677842,-132,8,0,21-Mar-2021,19:10:16,-29.9170,168.4990,,23193,37537,14330,109,,,10,0,16,,,,,,,,,,,,,,,,,,,,,,,,,,,,,
5675,198172,3,NP,B,1289,21-Mar-2021,19:50:21,-29.9160,168.1012,,401677667,-124,,0,21-Mar-2021,19:49:48,-25.0471,147.5173,67,781,9478,64,65,,,22,75,24,,,,,,,,,,,,,,,,,,,,,,,,,,,,,
5675,198172,3,NP,B,1289,21-Mar-2021,19:50:21,-29.9160,168.1012,,401677667,-124,,0,21-Mar-2021,19:50:55,-25.0471,147.5173,67,781,9478,64,65,,,85,249,143,,,,,,,,,,,,,,,,,,,,,,,,,,,,,
5675,198172,3,SR,B,1290,21-Mar-2021,20:00:18,-29.9098,168.2030,,401677776,-133,6,0,21-Mar-2021,20:00:19,-29.9098,168.2030,,3307,16411,666,87,,,22,75,24,,,,,,,,,,,,,,,,,,,,,,,,,,,,,
5675,198172,3,MA,B,1291,21-Mar-2021,20:49:26,-29.9146,168.0959,,401677738,-123,8,0,21-Mar-2021,20:49:27,-29.9146,168.0959,,1294,2080,804,70,,,109,78,192,,,,,,,,,,,,,,,,,,,,,,,,,,,,,
5675,198172,3,NP,A,1292,22-Mar-2021,06:35:38,-30.0257,167.9972,,401677724,-131,8,0,22-Mar-2021,06:35:09,-30.0257,167.9972,155,903,5760,141,114,,,68,234,4,,,,,,,,,,,,,,,,,,,,,,,,,,,,,
5675,198172,3,NP,A,1292,22-Mar-2021,06:35:38,-30.0257,167.9972,,401677724,-131,8,0,22-Mar-2021,06:36:07,-30.0257,167.9972,155,903,5760,141,114,,,85,45,144,,,,,,,,,,,,,,,,,,,,,,,,,,,,,
5675,198172,3,NP,A,1292,22-Mar-2021,06:35:38,-30.0257,167.9972,,401677724,-131,8,0,22-Mar-2021,06:37:44,-30.0257,167.9972,155,903,5760,141,114,,,105,126,0,,,,,,,,,,,,,,,,,,,,,,,,,,,,,
5675,198172,3,SR,B,1293,22-Mar-2021,07:12:03,-30.0265,167.9952,,401677722,-133,8,0,22-Mar-2021,07:12:04,-30.0265,167.9952,,1215,2381,619,111,,,75,233,4,,,,,,,,,,,,,,,,,,,,,,,,,,,,,
5675,198172,3,NP,B,1294,22-Mar-2021,17:59:45,-30.0554,167.9392,,401677733,-135,8,0,22-Mar-2021,17:59:46,-30.0554,167.9392,,3405,4073,2846,126,,,22,75,16,,,,,,,,,,,,,,,,,,,,,,,,,,,,,
5675,198172,3,A1,B,1295,22-Mar-2021,18:28:16,-30.1370,167.9798,,401677699,-138,6,0,22-Mar-2021,18:28:17,-30.1370,167.9798,,3133,4892,2006,74,,,108,127,0,,,,,,,,,,,,,,,,,,,,,,,,,,,,,
5675,198172,3,SR,B,1296,22-Mar-2021,19:31:15,-30.1406,167.9804,,401677689,-127,8,0,22-Mar-2021,19:31:16,-30.1406,167.9804,,3303,5033,2167,75,,,83,108,144,,,,,,,,,,,,,,,,,,,,,,,,,,,,,
5675,198172,3,SR,B,1297,23-Mar-2021,06:48:10,-30.2745,168.0749,,401677769,-128,8,0,23-Mar-2021,06:48:11,-30.2745,168.0749,,4311,8045,2310,57,,,10,0,16,,,,,,,,,,,,,,,,,,,,,,,,,,,,,
5675,198172,3,NN,B,1298,24-Mar-2021,21:59:56,-30.9730,167.2381,,401677460,-124,,0,24-Mar-2021,21:59:39,-30.9730,167.2381,36,283431,,,,,,22,75,24,,,,,,,,,,,,,,,,,,,,,,,,,,,,,
5675,198172,3,NN,B,1298,24-Mar-2021,21:59:56,-30.9730,167.2381,,401677460,-124,,0,24-Mar-2021,22:00:15,-30.9730,167.2381,36,283431,,,,,,77,247,4,,,,,,,,,,,,,,,,,,,,,,,,,,,,,
5675,198172,3,MC, ,1299,24-Mar-2021,22:00:15,,,,401650000,-130,,0,24-Mar-2021,22:00:15,,,,,,,,,,77,247,4,,,,,,,,,,,,,,,,,,,,,,,,,,,,,
5675,198172,3,NP,B,1300,25-Mar-2021,19:05:54,-31.2959,167.1161,,401677698,-139,,0,25-Mar-2021,19:05:54,-31.2959,167.1161,,783611,,,,,,137,212,115,,,,,,,,,,,,,,,,,,,,,,,,,,,,,
5675,198172,3,MA,B,1301,25-Mar-2021,19:20:39,-31.9944,167.2075,,401677830,-135,6,0,25-Mar-2021,19:20:39,-31.9944,167.2075,,660591,,,,,,22,75,24,,,,,,,,,,,,,,,,,,,,,,,,,,,,,
5675,198172,3,MC,Z,1302,25-Mar-2021,19:53:28,-31.6334,168.9120,,401677573,-134,8,0,25-Mar-2021,19:53:29,-31.6334,168.9120,,467572,731027,299062,97,,,74,220,0,,,,,,,,,,,,,,,,,,,,,,,,,,,,,
5675,198172,3,NK,B,1303,25-Mar-2021,20:13:10,-31.9619,167.2160,,401677820,-132,8,0,25-Mar-2021,20:13:11,-31.9619,167.2160,,447170,,,,,,22,75,24,,,,,,,,,,,,,,,,,,,,,,,,,,,,,
5675,198172,3,NP,B,1304,26-Mar-2021,18:46:03,-31.5899,167.2109,,401677906,-130,,0,26-Mar-2021,18:45:10,-31.5899,167.2109,107,84141,,,,,,69,207,4,,,,,,,,,,,,,,,,,,,,,,,,,,,,,
5675,198172,3,NP,B,1304,26-Mar-2021,18:46:03,-31.5899,167.2109,,401677906,-130,,0,26-Mar-2021,18:46:57,-31.5899,167.2109,107,84141,,,,,,104,123,0,,,,,,,,,,,,,,,,,,,,,,,,,,,,,
5675,198172,3,A1,B,1305,26-Mar-2021,19:01:15,-31.6824,167.7936,,401677557,-136,6,0,26-Mar-2021,19:01:15,-31.6824,167.7936,,53704,140339,20550,70,,,22,75,24,,,,,,,,,,,,,,,,,,,,,,,,,,,,,
5675,198172,3,MC,B,1306,26-Mar-2021,21:14:22,-31.9248,170.5378,,401677721,-121,,0,26-Mar-2021,21:14:22,-35.5055,-172.9322,45,51335,749198,3517,135,,,67,209,4,,,,,,,,,,,,,,,,,,,,,,,,,,,,,
5675,198172,3,MC,B,1306,26-Mar-2021,21:14:22,-31.9248,170.5378,,401677721,-121,,0,26-Mar-2021,21:15:07,-35.5055,-172.9322,45,51335,749198,3517,135,,,83,44,145,,,,,,,,,,,,,,,,,,,,,,,,,,,,,
5675,198172,3,MC,B,1307,26-Mar-2021,22:49:28,-31.9295,170.5347,,401677734,-133,8,0,26-Mar-2021,22:49:28,-35.8741,-173.2940,,128763,191799,86444,124,,,22,75,24,,,,,,,,,,,,,,,,,,,,,,,,,,,,,
5675,198172,3,SR,B,1308,27-Mar-2021,04:41:33,-32.1060,170.8393,,401677777,-130,1,0,27-Mar-2021,04:39:43,-32.1060,170.8393,221,139380,,,,,,10,0,16,,,,,,,,,,,,,,,,,,,,,,,,,,,,,
5675,198172,3,SR,B,1308,27-Mar-2021,04:41:33,-32.1060,170.8393,,401677777,-130,1,0,27-Mar-2021,04:43:24,-32.1060,170.8393,221,139380,,,,,,22,75,24,,,,,,,,,,,,,,,,,,,,,,,,,,,,,
5675,198172,3,A1,B,1309,27-Mar-2021,05:35:19,-32.2041,170.8173,,401677774,-129,8,0,27-Mar-2021,05:35:19,-32.2041,170.8173,,3231,4013,2601,50,,,93,117,145,,,,,,,,,,,,,,,,,,,,,,,,,,,,,
5675,198172,3,NK,B,1310,27-Mar-2021,08:07:38,-32.3352,170.8287,,401677737,-130,8,0,27-Mar-2021,08:07:39,-32.3352,170.8287,,4860,9359,2523,81,,,72,214,4,,,,,,,,,,,,,,,,,,,,,,,,,,,,,
5675,198172,3,SR,A,1311,27-Mar-2021,18:38:53,-32.6059,170.8411,,401677732,-127,8,0,27-Mar-2021,18:37:20,-32.6059,170.8411,198,1218,9986,148,85,,,67,209,4,,,,,,,,,,,,,,,,,,,,,,,,,,,,,
5675,198172,3,SR,A,1311,27-Mar-2021,18:38:53,-32.6059,170.8411,,401677732,-127,8,0,27-Mar-2021,18:38:43,-32.6059,170.8411,198,1218,9986,148,85,,,109,122,0,,,,,,,,,,,,,,,,,,,,,,,,,,,,,
5675,198172,3,SR,A,1311,27-Mar-2021,18:38:53,-32.6059,170.8411,,401677732,-127,8,0,27-Mar-2021,18:40:38,-32.6059,170.8411,198,1218,9986,148,85,,,103,120,0,,,,,,,,,,,,,,,,,,,,,,,,,,,,,
5675,198172,3,NP,2,1312,27-Mar-2021,18:41:46,-32.6110,170.8379,,401677730,-126,56,0,27-Mar-2021,18:37:20,-32.6110,170.8379,437,489,3085,77,104,,,67,209,4,,,,,,,,,,,,,,,,,,,,,,,,,,,,,
5675,198172,3,NP,2,1312,27-Mar-2021,18:41:46,-32.6110,170.8379,,401677730,-126,56,0,27-Mar-2021,18:38:43,-32.6110,170.8379,437,489,3085,77,104,,,109,122,0,,,,,,,,,,,,,,,,,,,,,,,,,,,,,
5675,198172,3,NP,2,1312,27-Mar-2021,18:41:46,-32.6110,170.8379,,401677730,-126,56,0,27-Mar-2021,18:39:21,-32.6110,170.8379,437,489,3085,77,104,,,22,91,24,,,,,,,,,,,,,,,,,,,,,,,,,,,,,
5675,198172,3,NP,2,1312,27-Mar-2021,18:41:46,-32.6110,170.8379,,401677730,-126,56,0,27-Mar-2021,18:40:21,-32.6110,170.8379,437,489,3085,77,104,,,93,207,212,,,,,,,,,,,,,,,,,,,,,,,,,,,,,
5675,198172,3,NP,2,1312,27-Mar-2021,18:41:46,-32.6110,170.8379,,401677730,-126,56,0,27-Mar-2021,18:40:38,-32.6110,170.8379,437,489,3085,77,104,,,103,120,0,,,,,,,,,,,,,,,,,,,,,,,,,,,,,
5675,198172,3,NP,2,1312,27-Mar-2021,18:41:46,-32.6110,170.8379,,401677730,-126,56,0,27-Mar-2021,18:41:30,-32.6110,170.8379,437,489,3085,77,104,,,10,0,16,,,,,,,,,,,,,,,,,,,,,,,,,,,,,
5675,198172,3,NP,2,1312,27-Mar-2021,18:41:46,-32.6110,170.8379,,401677730,-126,56,0,27-Mar-2021,18:43:12,-32.6110,170.8379,437,489,3085,77,104,,,66,212,4,,,,,,,,,,,,,,,,,,,,,,,,,,,,,
5675,198172,3,NP,2,1312,27-Mar-2021,18:41:46,-32.6110,170.8379,,401677730,-126,56,0,27-Mar-2021,18:43:41,-32.6110,170.8379,437,489,3085,77,104,,,87,201,145,,,,,,,,,,,,,,,,,,,,,,,,,,,,,
5675,198172,3,NP,2,1312,27-Mar-2021,18:41:46,-32.6110,170.8379,,401677730,-126,56,0,27-Mar-2021,18:43:58,-32.6110,170.8379,437,489,3085,77,104,,,98,121,0,,,,,,,,,,,,,,,,,,,,,,,,,,,,,
5675,198172,3,NP,2,1312,27-Mar-2021,18:41:46,-32.6110,170.8379,,401677730,-126,56,0,27-Mar-2021,18:44:37,-32.6110,170.8379,437,489,3085,77,104,,,22,75,24,,,,,,,,,,,,,,,,,,,,,,,,,,,,,
5675,198172,3,A1,2,1313,27-Mar-2021,18:44:31,-32.6140,170.8352,,401677733,-124,56,0,27-Mar-2021,18:43:12,-32.6140,170.8352,222,259,1463,45,82,,,66,212,4,,,,,,,,,,,,,,,,,,,,,,,,,,,,,
5675,198172,3,A1,2,1313,27-Mar-2021,18:44:31,-32.6140,170.8352,,401677733,-124,56,0,27-Mar-2021,18:43:41,-32.6140,170.8352,222,259,1463,45,82,,,87,201,145,,,,,,,,,,,,,,,,,,,,,,,,,,,,,
5675,198172,3,A1,2,1313,27-Mar-2021,18:44:31,-32.6140,170.8352,,401677733,-124,56,0,27-Mar-2021,18:43:58,-32.6140,170.8352,222,259,1463,45,82,,,98,121,0,,,,,,,,,,,,,,,,,,,,,,,,,,,,,
5675,198172,3,A1,2,1313,27-Mar-2021,18:44:31,-32.6140,170.8352,,401677733,-124,56,0,27-Mar-2021,18:45:00,-32.6140,170.8352,222,259,1463,45,82,,,72,214,4,,,,,,,,,,,,,,,,,,,,,,,,,,,,,
5675,198172,3,A1,2,1313,27-Mar-2021,18:44:31,-32.6140,170.8352,,401677733,-124,56,0,27-Mar-2021,18:45:46,-32.6140,170.8352,222,259,1463,45,82,,,99,124,0,,,,,,,,,,,,,,,,,,,,,,,,,,,,,
5675,198172,3,A1,2,1313,27-Mar-2021,18:44:31,-32.6140,170.8352,,401677733,-124,56,2,27-Mar-2021,18:46:05,-32.6140,170.8352,222,259,1463,45,82,,,10,0,16,,,,,,,,,,,,,,,,,,,,,,,,,,,,,
5675,198172,3,A1,2,1313,27-Mar-2021,18:44:31,-32.6140,170.8352,,401677733,-124,56,2,27-Mar-2021,18:46:22,-32.6140,170.8352,222,259,1463,45,82,,,22,75,24,,,,,,,,,,,,,,,,,,,,,,,,,,,,,
5675,198172,3,A1,2,1313,27-Mar-2021,18:44:31,-32.6140,170.8352,,401677733,-124,56,0,27-Mar-2021,18:46:54,-32.6140,170.8352,222,259,1463,45,82,,,85,197,209,,,,,,,,,,,,,,,,,,,,,,,,,,,,,
5675,198172,3,MA,3,1314,27-Mar-2021,18:44:19,-32.6099,170.8367,,401677730,-132,56,0,27-Mar-2021,18:43:41,,,161,242,369,158,80,,,87,201,145,,,,,,,,,,,,,,,,,,,,,,,,,,,,,
5675,198172,3,MA,3,1314,27-Mar-2021,18:44:19,-32.6099,170.8367,,401677730,-132,56,0,27-Mar-2021,18:43:58,,,161,242,369,158,80,,,98,121,0,,,,,,,,,,,,,,,,,,,,,,,,,,,,,
5675,198172,3,MA,3,1314,27-Mar-2021,18:44:19,-32.6099,170.8367,,401677730,-132,56,0,27-Mar-2021,18:45:00,,,161,242,369,158,80,,,72,214,4,,,,,,,,,,,,,,,,,,,,,,,,,,,,,
5675,198172,3,MA,3,1314,27-Mar-2021,18:44:19,-32.6099,170.8367,,401677730,-132,56,1,27-Mar-2021,18:46:22,,,161,242,369,158,80,,,22,75,24,,,,,,,,,,,,,,,,,,,,,,,,,,,,,
5675,198172,3,NK,B,1315,27-Mar-2021,19:23:39,-32.6294,170.8337,,401677731,-129,8,0,27-Mar-2021,19:20:50,-32.6294,170.8337,340,2019,39342,103,94,,,22,75,24,,,,,,,,,,,,,,,,,,,,,,,,,,,,,
5675,198172,3,NK,B,1315,27-Mar-2021,19:23:39,-32.6294,170.8337,,401677731,-129,8,0,27-Mar-2021,19:26:30,-32.6294,170.8337,340,2019,39342,103,94,,,22,75,26,,,,,,,,,,,,,,,,,,,,,,,,,,,,,
5675,198172,3,SR,B,1316,27-Mar-2021,20:13:35,-32.6558,170.8331,,401677750,-130,7,0,27-Mar-2021,20:13:36,-32.6558,170.8331,,3553,5591,2257,90,,,22,75,24,,,,,,,,,,,,,,,,,,,,,,,,,,,,,
5675,198172,3,NP,B,1317,27-Mar-2021,20:21:03,-32.6226,170.8303,,401677730,-135,6,0,27-Mar-2021,20:21:03,-32.6226,170.8303,,5618,8979,3515,24,,,69,207,4,,,,,,,,,,,,,,,,,,,,,,,,,,,,,
5675,198172,3,MA,B,1318,27-Mar-2021,20:21:03,-32.6354,170.8296,,401677731,-127,6,0,27-Mar-2021,20:21:03,-32.6354,170.8296,,1400,1646,1189,49,,,69,207,4,,,,,,,,,,,,,,,,,,,,,,,,,,,,,
5675,198172,3,MC,B,1319,27-Mar-2021,20:55:48,-32.6409,170.8244,,401677748,-128,6,0,27-Mar-2021,20:55:48,-32.6409,170.8244,,1845,2808,1212,26,,,69,207,4,,,,,,,,,,,,,,,,,,,,,,,,,,,,,
5675,198172,3,NK,B,1320,27-Mar-2021,21:05:11,-32.6245,170.8126,,401677728,-137,6,0,27-Mar-2021,21:05:11,-32.6245,170.8126,,2129,3714,1220,15,,,80,18,146,,,,,,,,,,,,,,,,,,,,,,,,,,,,,
5675,198172,3,MC,B,1321,27-Mar-2021,22:30:03,-32.7009,170.7815,,401677763,-126,7,0,27-Mar-2021,22:29:54,-32.7009,170.7815,18,1303,3051,556,84,,,73,211,4,,,,,,,,,,,,,,,,,,,,,,,,,,,,,
5675,198172,3,MC,B,1321,27-Mar-2021,22:30:03,-32.7009,170.7815,,401677763,-126,7,0,27-Mar-2021,22:30:12,-32.7009,170.7815,18,1303,3051,556,84,,,95,33,146,,,,,,,,,,,,,,,,,,,,,,,,,,,,,
5675,198172,3,A1,B,1322,28-Mar-2021,05:22:39,-32.9609,170.7513,,401677745,-140,8,0,28-Mar-2021,05:22:39,-32.9609,170.7513,,2570,4013,1645,120,,,84,54,146,,,,,,,,,,,,,,,,,,,,,,,,,,,,,
5675,198172,3,SR,B,1323,28-Mar-2021,05:51:12,-32.9270,170.7870,,401677726,-131,8,0,28-Mar-2021,05:51:12,-32.9270,170.7870,,2608,4964,1370,110,,,109,122,0,,,,,,,,,,,,,,,,,,,,,,,,,,,,,
5675,198172,3,NN,B,1324,28-Mar-2021,11:32:29,-32.7277,170.6598,,401677795,-131,8,0,28-Mar-2021,11:32:30,-32.7277,170.6598,,3115,8004,1212,103,,,134,235,80,,,,,,,,,,,,,,,,,,,,,,,,,,,,,
5675,198172,3,SR,B,1325,29-Mar-2021,05:20:11,-32.0855,170.0727,,401677820,-138,,0,29-Mar-2021,05:17:10,-32.0855,170.0727,363,12819,449364,365,66,,,89,137,150,,,,,,,,,,,,,,,,,,,,,,,,,,,,,
5675,198172,3,SR,B,1325,29-Mar-2021,05:20:11,-32.0855,170.0727,,401677820,-138,,0,29-Mar-2021,05:23:13,-32.0855,170.0727,363,12819,449364,365,66,,,79,241,4,,,,,,,,,,,,,,,,,,,,,,,,,,,,,
5675,198172,3,NP,B,1326,29-Mar-2021,06:48:36,-32.1978,169.8362,,401677689,-137,8,0,29-Mar-2021,06:48:37,-32.1978,169.8362,,10274,19798,5331,74,,,87,6,147,,,,,,,,,,,,,,,,,,,,,,,,,,,,,
5675,198172,3,MA,B,1327,29-Mar-2021,08:23:22,-32.2118,169.7384,,401677728,-130,7,0,29-Mar-2021,08:23:22,-32.2118,169.7384,,13109,25682,6690,76,,,88,226,20,,,,,,,,,,,,,,,,,,,,,,,,,,,,,
5675,198172,3,NP,B,1328,29-Mar-2021,08:28:45,-32.2781,169.6411,,401677749,-137,6,0,29-Mar-2021,08:28:45,-32.2781,169.6411,,12097,16184,9041,65,,,109,94,12,,,,,,,,,,,,,,,,,,,,,,,,,,,,,
5675,198172,3,NK,A,1329,29-Mar-2021,08:57:47,-32.1662,169.5601,,401677725,-128,6,0,29-Mar-2021,08:57:11,-32.1662,169.5601,65,3299,38822,280,74,,,22,75,24,,,,,,,,,,,,,,,,,,,,,,,,,,,,,
5675,198172,3,NK,A,1329,29-Mar-2021,08:57:47,-32.1662,169.5601,,401677725,-128,6,0,29-Mar-2021,08:57:55,-32.1662,169.5601,65,3299,38822,280,74,,,89,95,147,,,,,,,,,,,,,,,,,,,,,,,,,,,,,
5675,198172,3,NK,A,1329,29-Mar-2021,08:57:47,-32.1662,169.5601,,401677725,-128,6,0,29-Mar-2021,08:58:16,-32.1662,169.5601,65,3299,38822,280,74,,,109,122,0,,,,,,,,,,,,,,,,,,,,,,,,,,,,,
5675,198172,3,MC,B,1330,29-Mar-2021,10:33:25,-32.1495,169.6421,,401677779,-126,7,0,29-Mar-2021,10:33:25,-32.1495,169.6421,,4587,13422,1567,82,,,66,228,4,,,,,,,,,,,,,,,,,,,,,,,,,,,,,
5675,198172,3,NK,B,1331,30-Mar-2021,06:50:01,-32.0027,169.7176,,401677828,-135,,0,30-Mar-2021,06:50:01,-32.0027,169.7176,,19751,61588,6333,85,,,10,0,16,,,,,,,,,,,,,,,,,,,,,,,,,,,,,
5675,198172,3,NP,B,1332,30-Mar-2021,19:45:01,-31.8121,167.8112,,401677743,-134,,0,30-Mar-2021,19:45:01,-31.8121,167.8112,,51170,404094,6479,81,,,22,75,24,,,,,,,,,,,,,,,,,,,,,,,,,,,,,
5675,198172,3,NK,B,1333,30-Mar-2021,19:45:01,-31.5618,168.5484,,401677506,-127,,0,30-Mar-2021,19:45:01,-31.5618,168.5484,,80710,273677,23802,118,,,22,75,24,,,,,,,,,,,,,,,,,,,,,,,,,,,,,
5675,198172,3,MA,Z,1334,30-Mar-2021,20:58:28,-31.8329,168.4882,,401677496,-124,8,0,30-Mar-2021,20:58:29,-31.8329,168.4882,,9640,14099,6590,122,,,109,122,1,,,,,,,,,,,,,,,,,,,,,,,,,,,,,
5675,198172,3,MA,B,1335,31-Mar-2021,09:23:24,-31.3633,167.1687,,401677597,-124,,0,31-Mar-2021,09:23:24,-31.3633,167.1687,,110672,421448,29062,77,,,80,147,147,,,,,,,,,,,,,,,,,,,,,,,,,,,,,
5675,198172,3,NP,B,1336,31-Mar-2021,19:28:10,-31.1172,167.4867,,401677272,-131,8,0,31-Mar-2021,19:28:10,-31.1172,167.4867,,118693,307695,45785,115,,,22,75,24,,,,,,,,,,,,,,,,,,,,,,,,,,,,,
5675,198172,3,MA,Z,1337,31-Mar-2021,20:34:10,-31.0902,167.8229,,401677708,-133,1,0,31-Mar-2021,20:34:11,-31.0902,167.8229,,115610,253418,52741,118,,,68,250,4,,,,,,,,,,,,,,,,,,,,,,,,,,,,,
5675,198172,3,MC,Z,1338,31-Mar-2021,21:04:35,-31.4438,168.1866,,401677631,-127,4,0,31-Mar-2021,21:04:36,-31.4438,168.1866,,99216,161822,60831,114,,,91,235,147,,,,,,,,,,,,,,,,,,,,,,,,,,,,,
5675,198172,3,SR,B,1339,01-Apr-2021,07:00:10,-30.9230,166.5924,,401677220,-131,8,0,01-Apr-2021,07:00:10,-30.9230,166.5924,,166739,263804,105388,118,,,100,119,0,,,,,,,,,,,,,,,,,,,,,,,,,,,,,
5675,198172,3,NK,Z,1340,01-Apr-2021,07:39:54,-31.1546,170.1707,Lon > 4 deviations from mean,401678075,-137,1,0,01-Apr-2021,07:39:54,-31.1546,170.1707,,262427,,,,,,42,0,16,,,,,,,,,,,,,,,,,,,,,,,,,,,,,
5675,198172,3,NP,A,1341,01-Apr-2021,07:58:18,-30.4845,168.4933,,401677730,-126,50,0,01-Apr-2021,07:57:33,-49.6507,80.0232,86,1861,29463,117,76,,,72,246,4,,,,,,,,,,,,,,,,,,,,,,,,,,,,,
5675,198172,3,NP,A,1341,01-Apr-2021,07:58:18,-30.4845,168.4933,,401677730,-126,50,0,01-Apr-2021,07:58:25,-49.6507,80.0232,86,1861,29463,117,76,,,80,32,148,,,,,,,,,,,,,,,,,,,,,,,,,,,,,
5675,198172,3,NP,A,1341,01-Apr-2021,07:58:18,-30.4845,168.4933,,401677730,-126,50,0,01-Apr-2021,07:58:59,-49.6507,80.0232,86,1861,29463,117,76,,,103,56,197,,,,,,,,,,,,,,,,,,,,,,,,,,,,,
5675,198172,3,MA,B,1342,01-Apr-2021,10:39:39,-30.5029,168.4302,,401677757,-129,8,0,01-Apr-2021,10:39:39,-30.5029,168.4302,329,5375,55244,522,141,,,66,244,4,,,,,,,,,,,,,,,,,,,,,,,,,,,,,
5675,198172,3,MA,B,1342,01-Apr-2021,10:39:39,-30.5029,168.4302,,401677757,-129,8,0,01-Apr-2021,10:45:08,-30.5029,168.4302,329,5375,55244,522,141,,,10,0,16,,,,,,,,,,,,,,,,,,,,,,,,,,,,,
5675,198172,3,NN,B,1343,01-Apr-2021,10:45:07,-30.4824,168.4138,,401677762,-133,6,0,01-Apr-2021,10:45:08,-30.4824,168.4138,,3879,14548,1034,140,,,10,0,16,,,,,,,,,,,,,,,,,,,,,,,,,,,,,
5675,198172,3,NN,B,1344,01-Apr-2021,12:24:00,-30.4325,168.4711,,401677768,-137,8,0,01-Apr-2021,12:24:01,-30.4325,168.4711,,2036,2935,1411,78,,,10,0,16,,,,,,,,,,,,,,,,,,,,,,,,,,,,,
5675,198172,3,SR,0,1345,02-Apr-2021,06:33:13,-30.4281,167.6359,,401677719,-129,40,0,02-Apr-2021,06:30:44,-30.4281,167.6359,355,6386,23907,1705,101,,,82,0,149,,,,,,,,,,,,,,,,,,,,,,,,,,,,,
5675,198172,3,SR,0,1345,02-Apr-2021,06:33:13,-30.4281,167.6359,,401677719,-129,40,0,02-Apr-2021,06:32:00,-30.4281,167.6359,355,6386,23907,1705,101,,,101,114,0,,,,,,,,,,,,,,,,,,,,,,,,,,,,,
5675,198172,3,SR,0,1345,02-Apr-2021,06:33:13,-30.4281,167.6359,,401677719,-129,40,0,02-Apr-2021,06:33:32,-30.4281,167.6359,355,6386,23907,1705,101,,,22,207,168,,,,,,,,,,,,,,,,,,,,,,,,,,,,,
5675,198172,3,SR,0,1345,02-Apr-2021,06:33:13,-30.4281,167.6359,,401677719,-129,40,0,02-Apr-2021,06:36:39,-30.4281,167.6359,355,6386,23907,1705,101,,,76,242,4,,,,,,,,,,,,,,,,,,,,,,,,,,,,,
5675,198172,3,NK,B,1346,02-Apr-2021,08:54:09,-30.3845,167.5821,,401677748,-124,7,0,02-Apr-2021,08:52:58,-30.3845,167.5821,143,35124,890674,1385,84,,,101,114,0,,,,,,,,,,,,,,,,,,,,,,,,,,,,,
5675,198172,3,NK,B,1346,02-Apr-2021,08:54:09,-30.3845,167.5821,,401677748,-124,7,0,02-Apr-2021,08:55:21,-30.3845,167.5821,143,35124,890674,1385,84,,,10,0,16,,,,,,,,,,,,,,,,,,,,,,,,,,,,,
5675,198172,3,MB,B,1347,02-Apr-2021,09:59:15,-30.3786,167.5514,,401677759,-133,8,0,02-Apr-2021,09:59:16,-30.3786,167.5514,,68733,95669,49381,67,,,10,0,16,,,,,,,,,,,,,,,,,,,,,,,,,,,,,
5675,198172,3,MA,B,1348,02-Apr-2021,10:20:36,-30.3626,167.5645,,401677745,-124,6,0,02-Apr-2021,10:17:40,-30.3626,167.5645,353,43561,,,,,,70,240,4,,,,,,,,,,,,,,,,,,,,,,,,,,,,,
5675,198172,3,MA,B,1348,02-Apr-2021,10:20:36,-30.3626,167.5645,,401677745,-124,6,0,02-Apr-2021,10:23:33,-30.3626,167.5645,353,43561,,,,,,80,31,149,,,,,,,,,,,,,,,,,,,,,,,,,,,,,
5675,198172,3,MC,B,1349,02-Apr-2021,10:54:32,-30.3562,167.5431,,401677731,-121,8,0,02-Apr-2021,10:54:32,-30.3562,167.5431,,1716,5531,532,106,,,96,115,0,,,,,,,,,,,,,,,,,,,,,,,,,,,,,
5675,198172,3,SR,1,1350,02-Apr-2021,18:49:59,-30.0829,167.4241,,401677770,-132,48,0,02-Apr-2021,18:50:00,-30.0829,167.4241,384,693,2892,165,84,,,110,117,0,,,,,,,,,,,,,,,,,,,,,,,,,,,,,
5675,198172,3,SR,1,1350,02-Apr-2021,18:49:59,-30.0829,167.4241,,401677770,-132,48,0,02-Apr-2021,18:52:15,-30.0829,167.4241,384,693,2892,165,84,,,112,186,213,,,,,,,,,,,,,,,,,,,,,,,,,,,,,
5675,198172,3,SR,1,1350,02-Apr-2021,18:49:59,-30.0829,167.4241,,401677770,-132,48,0,02-Apr-2021,18:52:52,-30.0829,167.4241,384,693,2892,165,84,,,67,241,4,,,,,,,,,,,,,,,,,,,,,,,,,,,,,
5675,198172,3,SR,1,1350,02-Apr-2021,18:49:59,-30.0829,167.4241,,401677770,-132,48,1,02-Apr-2021,18:54:57,-30.0829,167.4241,384,693,2892,165,84,,,10,0,16,,,,,,,,,,,,,,,,,,,,,,,,,,,,,
5675,198172,3,SR,1,1350,02-Apr-2021,18:49:59,-30.0829,167.4241,,401677770,-132,48,0,02-Apr-2021,18:56:24,-30.0829,167.4241,384,693,2892,165,84,,,70,240,4,,,,,,,,,,,,,,,,,,,,,,,,,,,,,
5675,198172,3,A1,1,1351,02-Apr-2021,18:53:55,-30.0835,167.4234,,401677728,-125,56,0,02-Apr-2021,18:52:52,-30.0835,167.4234,212,1029,13100,80,80,,,67,241,4,,,,,,,,,,,,,,,,,,,,,,,,,,,,,
5675,198172,3,A1,1,1351,02-Apr-2021,18:53:55,-30.0835,167.4234,,401677728,-125,56,1,02-Apr-2021,18:54:57,-30.0835,167.4234,212,1029,13100,80,80,,,10,0,16,,,,,,,,,,,,,,,,,,,,,,,,,,,,,
5675,198172,3,A1,1,1351,02-Apr-2021,18:53:55,-30.0835,167.4234,,401677728,-125,56,0,02-Apr-2021,18:56:24,-30.0835,167.4234,212,1029,13100,80,80,,,70,240,4,,,,,,,,,,,,,,,,,,,,,,,,,,,,,
5675,198172,23,MA,B,1352,02-Apr-2021,19:58:52,-30.0611,167.3923,,401677723,-127,8,0,02-Apr-2021,19:57:59,-30.0611,167.3923,107,1945,9900,382,29,,,89,16,131,220,232,140,96,178,1,80,70,85,212,37,216,94,15,76,163,26,123,224,124,,,,,,,,,
5675,198172,3,MA,B,1352,02-Apr-2021,19:58:52,-30.0611,167.3923,,401677723,-127,8,0,02-Apr-2021,19:59:46,-30.0611,167.3923,107,1945,9900,382,29,,,97,118,0,,,,,,,,,,,,,,,,,,,,,,,,,,,,,
5675,198172,3,MA,B,1353,02-Apr-2021,21:41:41,-30.0340,167.3513,,401677718,-127,8,0,02-Apr-2021,21:41:41,-30.0340,167.3513,,3735,4611,3024,41,,,80,161,157,,,,,,,,,,,,,,,,,,,,,,,,,,,,,
5675,198172,3,NN,B,1354,02-Apr-2021,21:59:13,-30.0345,167.3542,,401677725,-140,6,0,02-Apr-2021,21:59:14,-30.0345,167.3542,,2047,2726,1536,116,,,101,122,32,,,,,,,,,,,,,,,,,,,,,,,,,,,,,
5675,198172,3,MC,B,1355,02-Apr-2021,22:06:57,-30.0463,167.3653,,401677727,-121,6,0,02-Apr-2021,22:06:57,-30.0463,167.3653,,2158,7576,614,104,,,10,0,16,,,,,,,,,,,,,,,,,,,,,,,,,,,,,
5675,198172,3,NN,B,1356,02-Apr-2021,23:37:51,-30.0215,167.3217,,401677711,-137,8,0,02-Apr-2021,23:37:51,-30.0215,167.3217,,2422,5356,1095,105,,,22,75,24,,,,,,,,,,,,,,,,,,,,,,,,,,,,,
5675,198172,23,MC,B,1357,02-Apr-2021,23:45:10,-30.0224,167.2969,,401677733,-133,6,0,02-Apr-2021,23:45:11,-30.0224,167.2969,,2700,5552,1312,123,,,85,192,131,220,236,0,207,122,252,57,215,175,255,38,142,244,255,98,68,215,112,251,61,,,,,,,,,
5675,198172,3,NP,B,1358,03-Apr-2021,07:35:28,-30.0798,167.3360,,401677720,-130,8,0,03-Apr-2021,07:35:29,-30.0798,167.3360,,2722,9451,783,78,,,22,75,24,,,,,,,,,,,,,,,,,,,,,,,,,,,,,
5675,198172,3,NP,B,1359,03-Apr-2021,18:59:35,-30.0865,166.8452,,401677703,-125,8,0,03-Apr-2021,18:58:42,-30.0865,166.8452,107,8159,86725,767,126,,,71,245,4,,,,,,,,,,,,,,,,,,,,,,,,,,,,,
5675,198172,3,NP,B,1359,03-Apr-2021,18:59:35,-30.0865,166.8452,,401677703,-125,8,0,03-Apr-2021,19:00:29,-30.0865,166.8452,107,8159,86725,767,126,,,82,4,150,,,,,,,,,,,,,,,,,,,,,,,,,,,,,
5675,198172,3,NP,B,1360,04-Apr-2021,07:23:37,-30.7017,167.3301,,401677695,-129,,0,04-Apr-2021,07:23:37,-30.7017,167.3301,,5899,7871,4420,91,,,22,75,24,,,,,,,,,,,,,,,,,,,,,,,,,,,,,
5675,198172,3,NP,B,1361,04-Apr-2021,09:02:46,-30.7216,167.3144,,401677669,-133,8,0,04-Apr-2021,09:02:47,-30.7216,167.3144,,7661,9529,6158,90,,,76,242,132,,,,,,,,,,,,,,,,,,,,,,,,,,,,,
5675,198172,23,NP,1,1362,04-Apr-2021,18:45:37,-30.9147,167.7399,,401677738,-126,48,0,04-Apr-2021,18:42:28,-30.9147,167.7399,309,557,1698,182,97,,,87,208,130,158,31,240,146,149,199,207,102,51,69,64,223,29,134,84,155,1,67,29,95,,,,,,,,,
5675,198172,3,NP,1,1362,04-Apr-2021,18:45:37,-30.9147,167.7399,,401677738,-126,48,0,04-Apr-2021,18:43:36,-30.9147,167.7399,309,557,1698,182,97,,,87,171,150,,,,,,,,,,,,,,,,,,,,,,,,,,,,,
5675,198172,3,NP,1,1362,04-Apr-2021,18:45:37,-30.9147,167.7399,,401677738,-126,48,0,04-Apr-2021,18:44:05,-30.9147,167.7399,309,557,1698,182,97,,,239,112,2,,,,,,,,,,,,,,,,,,,,,,,,,,,,,
5675,198172,3,NP,1,1362,04-Apr-2021,18:45:37,-30.9147,167.7399,,401677738,-126,48,0,04-Apr-2021,18:44:28,-30.9147,167.7399,309,557,1698,182,97,,,10,0,148,,,,,,,,,,,,,,,,,,,,,,,,,,,,,
5675,198172,3,NP,1,1362,04-Apr-2021,18:45:37,-30.9147,167.7399,,401677738,-126,48,0,04-Apr-2021,18:44:44,-30.9147,167.7399,309,557,1698,182,97,,,22,75,24,,,,,,,,,,,,,,,,,,,,,,,,,,,,,
5675,198172,3,NP,1,1362,04-Apr-2021,18:45:37,-30.9147,167.7399,,401677738,-126,48,0,04-Apr-2021,18:47:15,-30.9147,167.7399,309,557,1698,182,97,,,80,176,150,,,,,,,,,,,,,,,,,,,,,,,,,,,,,
5675,198172,3,NP,1,1362,04-Apr-2021,18:45:37,-30.9147,167.7399,,401677738,-126,48,0,04-Apr-2021,18:47:37,-30.9147,167.7399,309,557,1698,182,97,,,96,115,0,,,,,,,,,,,,,,,,,,,,,,,,,,,,,
5675,198172,3,MA,B,1363,04-Apr-2021,19:15:10,-30.9145,167.7399,,401677736,-132,6,0,04-Apr-2021,19:15:10,-30.9145,167.7399,,4185,5028,3483,90,,,79,237,4,,,,,,,,,,,,,,,,,,,,,,,,,,,,,
5675,198172,3,NK,B,1364,04-Apr-2021,19:15:10,-30.9180,167.7409,,401677734,-133,,0,04-Apr-2021,19:15:10,-30.9180,167.7409,,4218,4653,3822,129,,,79,237,4,,,,,,,,,,,,,,,,,,,,,,,,,,,,,
5675,198172,3,MA,0,1365,05-Apr-2021,18:55:06,-31.5487,168.0901,,401677785,-135,50,0,05-Apr-2021,18:54:47,-31.5487,168.0901,147,6027,27317,1329,166,,,108,111,0,,,,,,,,,,,,,,,,,,,,,,,,,,,,,
5675,198172,3,MA,0,1365,05-Apr-2021,18:55:06,-31.5487,168.0901,,401677785,-135,50,0,05-Apr-2021,18:55:25,-31.5487,168.0901,147,6027,27317,1329,166,,,22,75,24,,,,,,,,,,,,,,,,,,,,,,,,,,,,,
5675,198172,3,MA,0,1365,05-Apr-2021,18:55:06,-31.5487,168.0901,,401677785,-135,50,0,05-Apr-2021,18:55:40,-31.5487,168.0901,147,6027,27317,1329,166,,,69,239,4,,,,,,,,,,,,,,,,,,,,,,,,,,,,,
5675,198172,3,MA,0,1365,05-Apr-2021,18:55:06,-31.5487,168.0901,,401677785,-135,50,0,05-Apr-2021,18:55:57,-31.5487,168.0901,147,6027,27317,1329,166,,,90,92,151,,,,,,,,,,,,,,,,,,,,,,,,,,,,,
5675,198172,3,MA,0,1365,05-Apr-2021,18:55:06,-31.5487,168.0901,,401677785,-135,50,0,05-Apr-2021,18:57:14,-31.5487,168.0901,147,6027,27317,1329,166,,,42,0,16,,,,,,,,,,,,,,,,,,,,,,,,,,,,,
5675,198172,3,SR,1,1366,05-Apr-2021,18:55:59,-31.5794,168.1128,,401677741,-124,46,0,05-Apr-2021,18:54:47,-31.5794,168.1128,227,813,3090,213,79,,,108,111,0,,,,,,,,,,,,,,,,,,,,,,,,,,,,,
5675,198172,3,SR,1,1366,05-Apr-2021,18:55:59,-31.5794,168.1128,,401677741,-124,46,0,05-Apr-2021,18:55:25,-31.5794,168.1128,227,813,3090,213,79,,,22,75,24,,,,,,,,,,,,,,,,,,,,,,,,,,,,,
5675,198172,3,SR,1,1366,05-Apr-2021,18:55:59,-31.5794,168.1128,,401677741,-124,46,0,05-Apr-2021,18:55:40,-31.5794,168.1128,227,813,3090,213,79,,,69,239,4,,,,,,,,,,,,,,,,,,,,,,,,,,,,,
5675,198172,3,SR,1,1366,05-Apr-2021,18:55:59,-31.5794,168.1128,,401677741,-124,46,0,05-Apr-2021,18:55:57,-31.5794,168.1128,227,813,3090,213,79,,,90,92,151,,,,,,,,,,,,,,,,,,,,,,,,,,,,,
5675,198172,3,SR,1,1366,05-Apr-2021,18:55:59,-31.5794,168.1128,,401677741,-124,46,0,05-Apr-2021,18:56:52,-31.5794,168.1128,227,813,3090,213,79,,,101,114,0,,,,,,,,,,,,,,,,,,,,,,,,,,,,,
5675,198172,3,SR,1,1366,05-Apr-2021,18:55:59,-31.5794,168.1128,,401677741,-124,46,0,05-Apr-2021,18:57:14,-31.5794,168.1128,227,813,3090,213,79,,,10,0,16,,,,,,,,,,,,,,,,,,,,,,,,,,,,,
5675,198172,3,SR,1,1366,05-Apr-2021,18:55:59,-31.5794,168.1128,,401677741,-124,46,0,05-Apr-2021,18:58:34,-31.5794,168.1128,227,813,3090,213,79,,,83,97,151,,,,,,,,,,,,,,,,,,,,,,,,,,,,,
5675,198172,3,NK,1,1367,05-Apr-2021,18:55:59,-31.5804,168.1110,,401677745,-128,50,0,05-Apr-2021,18:54:47,-31.5804,168.1110,147,513,2022,129,79,,,108,111,0,,,,,,,,,,,,,,,,,,,,,,,,,,,,,
5675,198172,3,NK,1,1367,05-Apr-2021,18:55:59,-31.5804,168.1110,,401677745,-128,50,0,05-Apr-2021,18:55:25,-31.5804,168.1110,147,513,2022,129,79,,,22,75,24,,,,,,,,,,,,,,,,,,,,,,,,,,,,,
5675,198172,3,NK,1,1367,05-Apr-2021,18:55:59,-31.5804,168.1110,,401677745,-128,50,0,05-Apr-2021,18:55:40,-31.5804,168.1110,147,513,2022,129,79,,,69,239,4,,,,,,,,,,,,,,,,,,,,,,,,,,,,,
5675,198172,3,NK,1,1367,05-Apr-2021,18:55:59,-31.5804,168.1110,,401677745,-128,50,0,05-Apr-2021,18:55:57,-31.5804,168.1110,147,513,2022,129,79,,,90,92,151,,,,,,,,,,,,,,,,,,,,,,,,,,,,,
5675,198172,3,NK,1,1367,05-Apr-2021,18:55:59,-31.5804,168.1110,,401677745,-128,50,0,05-Apr-2021,18:56:52,-31.5804,168.1110,147,513,2022,129,79,,,101,114,0,,,,,,,,,,,,,,,,,,,,,,,,,,,,,
5675,198172,3,NK,1,1367,05-Apr-2021,18:55:59,-31.5804,168.1110,,401677745,-128,50,0,05-Apr-2021,18:57:14,-31.5804,168.1110,147,513,2022,129,79,,,10,0,16,,,,,,,,,,,,,,,,,,,,,,,,,,,,,
5675,198172,3,MA,B,1368,05-Apr-2021,20:37:34,-31.6098,168.1009,,401677772,-125,7,0,05-Apr-2021,20:37:34,-31.6098,168.1009,,4587,7957,2644,101,,,10,0,16,,,,,,,,,,,,,,,,,,,,,,,,,,,,,
5675,198172,3,NK,B,1369,08-Apr-2021,08:05:07,-32.0103,168.0896,,401677635,-129,,0,08-Apr-2021,08:03:49,-32.0103,168.0896,158,6293,135014,293,106,,,106,113,0,,,,,,,,,,,,,,,,,,,,,,,,,,,,,
5675,198172,3,NK,B,1369,08-Apr-2021,08:05:07,-32.0103,168.0896,,401677635,-129,,0,08-Apr-2021,08:06:27,-32.0103,168.0896,158,6293,135014,293,106,,,10,0,16,,,,,,,,,,,,,,,,,,,,,,,,,,,,,
5675,198172,3,NP, ,1370,08-Apr-2021,08:10:40,,,,401650000,-137,,0,08-Apr-2021,08:10:40,,,,,,,,,,10,0,16,,,,,,,,,,,,,,,,,,,,,,,,,,,,,
5675,198172,3,NK, ,1371,08-Apr-2021,09:46:54,,,,401650000,-123,,0,08-Apr-2021,09:46:54,,,,,,,,,,64,222,4,,,,,,,,,,,,,,,,,,,,,,,,,,,,,
5675,198172,3,MA,A,1372,08-Apr-2021,09:57:56,-32.0497,168.2998,,401677706,-119,,0,08-Apr-2021,09:56:43,-32.0497,168.2998,120,9245,39364,2171,136,,,82,165,151,,,,,,,,,,,,,,,,,,,,,,,,,,,,,
5675,198172,3,MA,A,1372,08-Apr-2021,09:57:56,-32.0497,168.2998,,401677706,-119,,0,08-Apr-2021,09:58:22,-32.0497,168.2998,120,9245,39364,2171,136,,,107,116,0,,,,,,,,,,,,,,,,,,,,,,,,,,,,,
5675,198172,3,MA,A,1372,08-Apr-2021,09:57:56,-32.0497,168.2998,,401677706,-119,,0,08-Apr-2021,09:58:43,-32.0497,168.2998,120,9245,39364,2171,136,,,10,0,16,,,,,,,,,,,,,,,,,,,,,,,,,,,,,
5675,198172,3,MC,B,1373,08-Apr-2021,10:25:55,-32.0627,168.3100,,401677655,-124,6,0,08-Apr-2021,10:25:28,-32.0627,168.3100,55,8126,35025,1885,52,,,96,115,0,,,,,,,,,,,,,,,,,,,,,,,,,,,,,
5675,198172,3,MC,B,1373,08-Apr-2021,10:25:55,-32.0627,168.3100,,401677655,-124,6,0,08-Apr-2021,10:26:23,-32.0627,168.3100,55,8126,35025,1885,52,,,10,0,16,,,,,,,,,,,,,,,,,,,,,,,,,,,,,
5675,198172,3,NN,A,1374,08-Apr-2021,11:00:09,-32.0719,168.2836,,401677746,-127,6,0,08-Apr-2021,10:58:50,-32.0719,168.2836,163,522,4201,64,84,,,74,220,4,,,,,,,,,,,,,,,,,,,,,,,,,,,,,
5675,198172,3,NN,A,1374,08-Apr-2021,11:00:09,-32.0719,168.2836,,401677746,-127,6,0,08-Apr-2021,11:00:04,-32.0719,168.2836,163,522,4201,64,84,,,80,175,151,,,,,,,,,,,,,,,,,,,,,,,,,,,,,
5675,198172,3,NN,A,1374,08-Apr-2021,11:00:09,-32.0719,168.2836,,401677746,-127,6,0,08-Apr-2021,11:01:33,-32.0719,168.2836,163,522,4201,64,84,,,101,114,0,,,,,,,,,,,,,,,,,,,,,,,,,,,,,
5675,198172,23,MC,B,1375,08-Apr-2021,23:23:45,-31.9786,168.1603,,401677661,-127,,0,08-Apr-2021,23:23:46,-31.9786,168.1603,,6370,11785,3443,91,,,77,80,131,220,232,140,96,178,4,93,228,150,87,47,118,224,1,212,30,206,96,237,128,,,,,,,,,
5675,198172,3,NK,B,1376,09-Apr-2021,09:21:26,-31.8686,168.2307,,401677713,-133,8,0,09-Apr-2021,09:21:26,-31.8686,168.2307,,5925,14630,2399,98,,,10,0,16,,,,,,,,,,,,,,,,,,,,,,,,,,,,,
5675,198172,3,NN,B,1377,09-Apr-2021,12:28:54,-31.9130,168.0934,,401677747,-131,8,0,09-Apr-2021,12:28:54,-31.9130,168.0934,,5215,7422,3663,47,,,102,109,0,,,,,,,,,,,,,,,,,,,,,,,,,,,,,
5675,198172,3,NP,A,1378,10-Apr-2021,19:11:20,-31.7796,168.1933,,401677733,-129,,0,10-Apr-2021,19:08:53,-31.7796,168.1933,369,2437,79597,74,92,,,105,110,0,,,,,,,,,,,,,,,,,,,,,,,,,,,,,
5675,198172,3,NP,A,1378,10-Apr-2021,19:11:20,-31.7796,168.1933,,401677733,-129,,0,10-Apr-2021,19:10:08,-31.7796,168.1933,369,2437,79597,74,92,,,10,0,16,,,,,,,,,,,,,,,,,,,,,,,,,,,,,
5675,198172,3,NP,A,1378,10-Apr-2021,19:11:20,-31.7796,168.1933,,401677733,-129,,0,10-Apr-2021,19:15:02,-31.7796,168.1933,369,2437,79597,74,92,,,22,75,24,,,,,,,,,,,,,,,,,,,,,,,,,,,,,
5675,198172,3,NN,B,1379,11-Apr-2021,12:02:42,-31.8680,168.0756,,401677712,-135,,0,11-Apr-2021,12:02:42,-31.8680,168.0756,,7170,10998,4674,48,,,10,0,16,,,,,,,,,,,,,,,,,,,,,,,,,,,,,
5675,198172,3,NP,B,1380,12-Apr-2021,07:27:21,-32.0597,167.9048,,401677729,-132,,0,12-Apr-2021,07:27:03,-32.0597,167.9048,37,5032,83607,302,82,,,89,200,152,,,,,,,,,,,,,,,,,,,,,,,,,,,,,
5675,198172,3,NP,B,1380,12-Apr-2021,07:27:21,-32.0597,167.9048,,401677729,-132,,0,12-Apr-2021,07:27:40,-32.0597,167.9048,37,5032,83607,302,82,,,99,108,0,,,,,,,,,,,,,,,,,,,,,,,,,,,,,
5675,198172,3,MC,B,1381,12-Apr-2021,20:22:52,-31.7157,167.6986,,401677739,-128,,0,12-Apr-2021,20:22:25,-31.7157,167.6986,55,8921,36391,2187,75,,,75,233,4,,,,,,,,,,,,,,,,,,,,,,,,,,,,,
5675,198172,3,MC,B,1381,12-Apr-2021,20:22:52,-31.7157,167.6986,,401677739,-128,,0,12-Apr-2021,20:23:20,-31.7157,167.6986,55,8921,36391,2187,75,,,99,108,0,,,,,,,,,,,,,,,,,,,,,,,,,,,,,
5675,198172,3,NP,B,1382,12-Apr-2021,20:30:34,-31.9368,168.0686,,401677673,-135,,0,12-Apr-2021,20:30:35,-31.9368,168.0686,,8601,20556,3598,104,,,89,216,152,,,,,,,,,,,,,,,,,,,,,,,,,,,,,
5675,198172,3,SR,0,1383,13-Apr-2021,05:48:12,-31.4982,167.9256,,401677726,-127,48,0,13-Apr-2021,05:45:09,-31.4982,167.9256,316,1569,6312,389,119,,,73,110,0,,,,,,,,,,,,,,,,,,,,,,,,,,,,,
5675,198172,3,SR,0,1383,13-Apr-2021,05:48:12,-31.4982,167.9256,,401677726,-127,48,0,13-Apr-2021,05:48:05,-31.4982,167.9256,316,1569,6312,389,119,,,82,17,153,,,,,,,,,,,,,,,,,,,,,,,,,,,,,
5675,198172,3,SR,0,1383,13-Apr-2021,05:48:12,-31.4982,167.9256,,401677726,-127,48,1,13-Apr-2021,05:49:36,-31.4982,167.9256,316,1569,6312,389,119,,,10,0,16,,,,,,,,,,,,,,,,,,,,,,,,,,,,,
5675,198172,3,SR,0,1383,13-Apr-2021,05:48:12,-31.4982,167.9256,,401677726,-127,48,0,13-Apr-2021,05:50:03,-31.4982,167.9256,316,1569,6312,389,119,,,22,75,24,,,,,,,,,,,,,,,,,,,,,,,,,,,,,
5675,198172,3,SR,0,1383,13-Apr-2021,05:48:12,-31.4982,167.9256,,401677726,-127,48,1,13-Apr-2021,05:50:25,-31.4982,167.9256,316,1569,6312,389,119,,,76,242,4,,,,,,,,,,,,,,,,,,,,,,,,,,,,,
5675,198172,3,A1,B,1384,13-Apr-2021,06:03:24,-31.4949,167.9236,,401677727,-136,6,0,13-Apr-2021,06:03:24,-31.4949,167.9236,,6661,7952,5578,95,,,67,241,4,,,,,,,,,,,,,,,,,,,,,,,,,,,,,
5675,198172,23,NP,B,1385,13-Apr-2021,07:15:28,-31.4783,167.9161,,401677731,-131,8,0,13-Apr-2021,07:15:29,-31.4783,167.9161,,13665,17815,10481,99,,,75,144,131,220,232,140,96,178,6,157,97,89,17,50,100,210,1,6,16,145,144,156,188,,,,,,,,,
5675,198172,3,SR,1,1386,13-Apr-2021,07:28:50,-31.5036,168.0053,,401677720,-132,56,0,13-Apr-2021,07:28:24,-31.5036,168.0053,86,882,3104,250,30,,,76,242,4,,,,,,,,,,,,,,,,,,,,,,,,,,,,,
5675,198172,3,SR,1,1386,13-Apr-2021,07:28:50,-31.5036,168.0053,,401677720,-132,56,1,13-Apr-2021,07:29:27,-31.5036,168.0053,86,882,3104,250,30,,,10,0,16,,,,,,,,,,,,,,,,,,,,,,,,,,,,,
5675,198172,3,SR,1,1386,13-Apr-2021,07:28:50,-31.5036,168.0053,,401677720,-132,56,0,13-Apr-2021,07:29:50,-31.5036,168.0053,86,882,3104,250,30,,,22,75,24,,,,,,,,,,,,,,,,,,,,,,,,,,,,,
5675,198172,3,MC,B,1387,13-Apr-2021,10:20:33,-31.4651,167.9839,,401677718,-133,8,0,13-Apr-2021,10:20:33,-31.4651,167.9839,,2001,2558,1564,96,,,10,0,16,,,,,,,,,,,,,,,,,,,,,,,,,,,,,
5675,198172,3,MC,B,1388,13-Apr-2021,12:03:41,-31.5129,168.0287,,401677693,-132,8,0,13-Apr-2021,12:03:42,-31.5129,168.0287,,2583,3367,1980,128,,,10,0,16,,,,,,,,,,,,,,,,,,,,,,,,,,,,,
5675,198172,3,MC,B,1389,13-Apr-2021,21:33:49,-31.5461,168.0730,,401677752,-131,8,0,13-Apr-2021,21:33:50,-31.5461,168.0730,,3770,4822,2947,82,,,22,75,24,,,,,,,,,,,,,,,,,,,,,,,,,,,,,
5675,198172,3,MA,B,1390,14-Apr-2021,07:57:00,-31.8934,168.3434,,401677658,-129,8,0,14-Apr-2021,07:57:00,-31.8934,168.3434,,7776,14178,4264,61,,,100,103,8,,,,,,,,,,,,,,,,,,,,,,,,,,,,,
5675,198172,3,MC,B,1391,14-Apr-2021,09:59:05,-32.0358,168.5409,,401677758,-122,6,0,14-Apr-2021,09:59:06,-32.0358,168.5409,121,5045,143944,176,78,,,72,214,4,,,,,,,,,,,,,,,,,,,,,,,,,,,,,
5675,198172,3,MC,B,1391,14-Apr-2021,09:59:05,-32.0358,168.5409,,401677758,-122,6,0,14-Apr-2021,10:01:07,-32.0358,168.5409,121,5045,143944,176,78,,,97,102,0,,,,,,,,,,,,,,,,,,,,,,,,,,,,,
5675,198172,3,NN,0,1392,16-Apr-2021,22:27:46,-33.3927,168.3432,,401677860,-129,40,0,16-Apr-2021,22:25:57,-33.3927,168.3432,117,35550,311205,4061,86,,,89,231,153,,,,,,,,,,,,,,,,,,,,,,,,,,,,,
5675,198172,3,NN,0,1392,16-Apr-2021,22:27:46,-33.3927,168.3432,,401677860,-129,40,0,16-Apr-2021,22:26:12,-33.3927,168.3432,117,35550,311205,4061,86,,,98,105,0,,,,,,,,,,,,,,,,,,,,,,,,,,,,,
5675,198172,3,NN,0,1392,16-Apr-2021,22:27:46,-33.3927,168.3432,,401677860,-129,40,0,16-Apr-2021,22:26:34,-33.3927,168.3432,117,35550,311205,4061,86,,,10,0,16,,,,,,,,,,,,,,,,,,,,,,,,,,,,,
5675,198172,3,NN,0,1392,16-Apr-2021,22:27:46,-33.3927,168.3432,,401677860,-129,40,0,16-Apr-2021,22:27:39,-33.3927,168.3432,117,35550,311205,4061,86,,,94,236,153,,,,,,,,,,,,,,,,,,,,,,,,,,,,,
5675,198172,3,NN,0,1392,16-Apr-2021,22:27:46,-33.3927,168.3432,,401677860,-129,40,0,16-Apr-2021,22:27:54,-33.3927,168.3432,117,35550,311205,4061,86,,,99,92,0,,,,,,,,,,,,,,,,,,,,,,,,,,,,,
5675,198172,3,NP,B,1393,17-Apr-2021,09:49:51,-33.4703,169.1064,,401678073,-140,7,0,17-Apr-2021,09:49:51,-33.4703,169.1064,,783731,,,,,,106,97,0,,,,,,,,,,,,,,,,,,,,,,,,,,,,,
5675,198172,3,NN,Z,1394,17-Apr-2021,12:30:36,-33.3124,167.7530,,401677810,-135,8,0,17-Apr-2021,12:30:36,-33.3124,167.7530,,,,,,,,22,75,24,,,,,,,,,,,,,,,,,,,,,,,,,,,,,
5675,198172,3,SR,B,1395,17-Apr-2021,19:24:56,-33.3403,168.1464,,401677674,-132,8,0,17-Apr-2021,19:24:57,-33.3403,168.1464,,516477,615467,433407,129,,,95,115,154,,,,,,,,,,,,,,,,,,,,,,,,,,,,,
5675,198172,3,NP, ,1396,19-Apr-2021,19:08:22,,,,401650000,-130,,0,19-Apr-2021,19:08:22,,,,,,,,,,10,0,16,,,,,,,,,,,,,,,,,,,,,,,,,,,,,
5675,198172,3,SR, ,1397,19-Apr-2021,19:55:12,,,,401650000,-140,,0,19-Apr-2021,19:55:12,,,,,,,,,,74,0,81,,,,,,,,,,,,,,,,,,,,,,,,,,,,,
5675,198172,3,SR, ,1398,20-Apr-2021,07:08:06,,,,401650000,-131,,0,20-Apr-2021,07:08:06,,,,,,,,,,10,0,16,,,,,,,,,,,,,,,,,,,,,,,,,,,,,
5675,198172,3,NN,A,1399,20-Apr-2021,10:20:23,-32.4081,166.9088,,401677720,-130,60,0,20-Apr-2021,10:19:56,-28.1371,-173.0847,61,391,4871,31,67,,,22,75,24,,,,,,,,,,,,,,,,,,,,,,,,,,,,,
5675,198172,3,NN,A,1399,20-Apr-2021,10:20:23,-32.4081,166.9088,,401677720,-130,60,0,20-Apr-2021,10:20:17,-28.1371,-173.0847,61,391,4871,31,67,,,77,199,4,,,,,,,,,,,,,,,,,,,,,,,,,,,,,
5675,198172,3,NN,A,1399,20-Apr-2021,10:20:23,-32.4081,166.9088,,401677720,-130,60,0,20-Apr-2021,10:20:57,-28.1371,-173.0847,61,391,4871,31,67,,,91,220,154,,,,,,,,,,,,,,,,,,,,,,,,,,,,,
5675,198172,3,NP,B,1400,20-Apr-2021,18:55:04,-32.2652,166.8916,,401677650,-133,8,0,20-Apr-2021,18:55:05,-32.2652,166.8916,,2725,4808,1543,86,,,81,16,155,,,,,,,,,,,,,,,,,,,,,,,,,,,,,
5675,198172,3,NK,B,1401,20-Apr-2021,19:16:15,-32.1857,166.9920,,401677615,-140,6,0,20-Apr-2021,19:16:16,-32.1857,166.9920,,2347,4497,1224,101,,,96,83,0,,,,,,,,,,,,,,,,,,,,,,,,,,,,,
5675,198172,3,SR,B,1402,20-Apr-2021,19:29:24,-32.0751,167.0001,,401677777,-125,6,0,20-Apr-2021,19:29:24,-32.0751,167.0001,,2106,8140,544,99,,,22,75,24,,,,,,,,,,,,,,,,,,,,,,,,,,,,,
5675,198172,23,SR, ,1403,13-May-2021,19:11:34,,,,401650000,-134,,0,13-May-2021,19:11:34,,,,,,,,,,95,240,131,222,204,5,48,216,6,145,251,36,56,243,176,180,255,32,24,219,55,209,154,,,,,,,,,
5675,198172,3,MA,Z,1404,13-May-2021,20:52:30,-29.5334,164.9734,,401677730,-132,30,0,13-May-2021,20:52:15,-29.5334,164.9734,31,204,229,181,65,,,98,73,0,,,,,,,,,,,,,,,,,,,,,,,,,,,,,
5675,198172,3,MA,Z,1404,13-May-2021,20:52:30,-29.5334,164.9734,,401677730,-132,30,0,13-May-2021,20:52:46,-29.5334,164.9734,31,204,229,181,65,,,10,0,16,,,,,,,,,,,,,,,,,,,,,,,,,,,,,
5675,198172,3,A1, ,1405,21-May-2021,06:09:10,,,,401650000,-138,,0,21-May-2021,06:09:10,,,,,,,,,,67,89,3,,,,,,,,,,,,,,,,,,,,,,,,,,,,,
,,,,,,,,,,,,,,,,,,,,,,,,,,,,,,,,,,,,,,,,,,,,,,,,,,,,,,,,,
,,,,,,,,,,,,,,,,,,,,,,,,,,,,,,,,,,,,,,,,,,,,,,,,,,,,,,,,,
PTT,Diags,Passes,Msgs,,,,,,,,,,,,,,,,,,,,,,,,,,,,,,,,,,,,,,,,,,,,,,,,,,,,,,
198172,0,1404,3203,,,,,,,,,,,,,,,,,,,,,,,,,,,,,,,,,,,,,,,,,,,,,,,,,,,,,,
