DeployID,Ptt,DepthSensor,Instr,SW,RTC,Received,Time Offset,LocationQuality,Latitude,Longitude,Type,HauledOut,BrokenThermistor,BrokenLink,Transmits,BattVoltage,TransmitVoltage,TransmitCurrent,Temperature,Depth,MaxDepth,ZeroDepthOffset,LightLevel,NoDawnDusk,ReleaseType,ReleaseTime,InitiallyBroken,BurnMinutes,ReleaseDepth,FastGPSPower,TWICPower,PowerLimit,WetDry,MinWetDry,MaxWetDry,WetDryThreshold,StatusWord,TransmitPower,Resets,PreReleaseTilt,PreReleaseTiltSd,PreReleaseTiltCount,XmitQueue,FastGPSLocNumber,FastGPSFailures,BattDiscon,Tilt,S11,ReleaseWetDry,ReleaseTemperature
209949,209949,0.500000,UT,,,06:52:06 04-Oct-2022,,3,-23.8448,151.2500,,,,,,,,,27.00,,,,,,,,,,,,,,,,,,,,,,,,,,,0,,,,
209949,209949,0.500000,UT,,,06:53:33 04-Oct-2022,,3,-23.8448,151.2500,,,,,542,,,,,,,,,,,,,,,,,,,,,,,,,,,,,,,0,,,,
209949,209949,0.500000,UT,,,06:55:03 04-Oct-2022,,3,-23.8448,151.2500,,,,,,3.350,,,,,,,,,,,,,,,,,,,,,,,,,,,,,,0,,,,
209949,209949,0.500000,UT,1.00b,,06:56:33 04-Oct-2022,,3,-23.8448,151.2500,,1,,,,,,,,,,,,,,,,,,,,,,,,,,,,,,,,,,0,,,,
209949,209949,0.500000,UT,,,07:44:22 04-Oct-2022,,B,-23.8475,151.2533,,,,,,,,,,,,,,,,,,,,,,,,,,,,,,,,,,,,0,,,,
209949,209949,0.500000,UT,,,07:45:52 04-Oct-2022,,B,-23.8475,151.2533,,,,,,,,,21.15,,,,,,,,,,,,,,,,,,,,,,,,,,,0,,,,
209949,209949,0.500000,UT,,,08:29:24 04-Oct-2022,,A,-23.8442,151.2524,,,,,,3.325,,,,,,,,,,,,,,,,,,,,,,,,,,,,,,0,,,,
209949,209949,0.500000,UT,1.00b,,08:30:54 04-Oct-2022,,A,-23.8442,151.2524,,1,,,,,,,,,,,,,,,,,,,,,,,,,,,,,,,,,,0,,,,
209949,209949,0.500000,UT,,,08:32:27 04-Oct-2022,,A,-23.8442,151.2524,,,,,,,,,,,,,,,,,,,,,,,,,,,,,,,,,,,,0,,,,
209949,209949,0.500000,UT,,,08:50:16 04-Oct-2022,,A,-23.8462,151.2475,,,,,620,,,,,,,,,,,,,,,,,,,,,,,,,,,,,,,0,,,,
209949,209949,0.500000,UT,,,08:51:46 04-Oct-2022,,A,-23.8462,151.2475,,,,,,3.325,,,,,,,,,,,,,,,,,,,,,,,,,,,,,,0,,,,
209949,209949,0.500000,UT,1.00b,,08:53:15 04-Oct-2022,,A,-23.8462,151.2475,,1,,,,,,,,,,,,,,,,,,,,,,,,,,,,,,,,,,0,,,,
209949,209949,0.500000,UT,,,10:05:20 04-Oct-2022,,1,-23.8482,151.2403,,,,,,,,,,,,,,,,,,,,,,,,,,,,,,,,,,,,0,,,,
209949,209949,0.500000,UT,,,10:06:50 04-Oct-2022,,1,-23.8482,151.2403,,,,,,,,,20.05,,,,,,,,,,,,,,,,,,,,,,,,,,,0,,,,
209949,209949,0.500000,UT,,,10:08:20 04-Oct-2022,,1,-23.8482,151.2403,,,,,672,,,,,,,,,,,,,,,,,,,,,,,,,,,,,,,0,,,,
209949,209949,0.500000,UT,,,10:09:50 04-Oct-2022,,1,-23.8482,151.2403,,,,,,3.325,,,,,,,,,,,,,,,,,,,,,,,,,,,,,,0,,,,
209949,209949,0.500000,UT,,,10:12:51 04-Oct-2022,,1,-23.8482,151.2403,,,,,,,,,,,,,,,,,,,,,,,,,,,,,,,,,,,,0,,,,
209949,209949,0.500000,UT,,,10:32:15 04-Oct-2022,,B,-23.8482,151.2410,,,,,688,,,,,,,,,,,,,,,,,,,,,,,,,,,,,,,0,,,,
209949,209949,0.500000,UT,1.00b,,11:06:53 04-Oct-2022,,2,-23.8454,151.2444,,1,,,,,,,,,,,,,,,,,,,,,,,,,,,,,,,,,,0,,,,
209949,209949,0.500000,UT,,,11:08:23 04-Oct-2022,,2,-23.8454,151.2444,,,,,,,,,,,,,,,,,,,,,,,,,,,,,,,,,,,,0,,,,
209949,209949,0.500000,UT,,,11:09:53 04-Oct-2022,,2,-23.8454,151.2444,,,,,,,,,20.65,,,,,,,,,,,,,,,,,,,,,,,,,,,0,,,,
209949,209949,0.500000,UT,,,11:11:21 04-Oct-2022,,2,-23.8454,151.2444,,,,,714,,,,,,,,,,,,,,,,,,,,,,,,,,,,,,,0,,,,
209949,209949,0.500000,UT,1.00b,,11:29:23 04-Oct-2022,,A,-23.8449,151.2513,,1,,,,,,,,,,,,,,,,,,,,,,,,,,,,,,,,,,0,,,,
209949,209949,0.500000,UT,,,11:30:53 04-Oct-2022,,A,-23.8449,151.2513,,,,,,,,,,,,,,,,,,,,,,,,,,,,,,,,,,,,0,,,,
209949,209949,0.500000,UT,,,11:33:55 04-Oct-2022,,A,-23.8449,151.2513,,,,,,,,,21.20,,,,,,,,,,,,,,,,,,,,,,,,,,,0,,,,
209949,209949,0.500000,UT,,,11:56:32 04-Oct-2022,,A,-23.8451,151.2556,,,,,,,,,20.90,,,,,,,,,,,,,,,,,,,,,,,,,,,0,,,,
209949,209949,0.500000,UT,,,11:58:02 04-Oct-2022,,A,-23.8451,151.2556,,,,,745,,,,,,,,,,,,,,,,,,,,,,,,,,,,,,,0,,,,
209949,209949,0.500000,UT,,,11:59:35 04-Oct-2022,,A,-23.8451,151.2556,,,,,,3.350,,,,,,,,,,,,,,,,,,,,,,,,,,,,,,0,,,,
209949,209949,0.500000,UT,,,21:43:46 04-Oct-2022,,0,-23.8647,151.2518,,,,,,,,,22.25,,,,,,,,,,,,,,,,,,,,,,,,,,,0,,,,
209949,209949,0.500000,UT,,,21:44:13 04-Oct-2022,,0,-23.8647,151.2518,,,,,,,,,,,,,,,,,,,,,,,,,,,,,,,,,,,,0,,,,
209949,209949,0.500000,UT,,,06:33:55 08-Oct-2022,,,,,,,,,,,,,22.75,,,,,,,,,,,,,,,,,,,,,,,,,,,0,,,,
209949,209949,0.500000,UT,1.00b,,05:57:01 09-Oct-2022,,,,,,0,,,,,,,,,,,,,,,,,,,,,,,,,,,,,,,,,,0,,,,
209949,209949,0.500000,UT,,,06:24:17 09-Oct-2022,,0,-22.8347,151.8969,,,,,,,,,23.35,,,,,,,,,,,,,,,,,,,,,,,,,,,0,,,,
209949,209949,0.500000,UT,,,06:24:38 09-Oct-2022,,0,-22.8347,151.8969,,,,,880,,,,,,,,,,,,,,,,,,,,,,,,,,,,,,,0,,,,
209949,209949,0.500000,UT,,,06:25:54 09-Oct-2022,,0,-22.8347,151.8969,,,,,,3.400,,,,,,,,,,,,,,,,,,,,,,,,,,,,,,0,,,,
209949,209949,0.500000,UT,1.00b,,06:26:09 09-Oct-2022,,0,-22.8347,151.8969,,0,,,,,,,,,,,,,,,,,,,,,,,,,,,,,,,,,,0,,,,
209949,209949,0.500000,UT,,,09:15:28 09-Oct-2022,,B,-22.8241,151.8973,,,,,,,,,23.90,,,,,,,,,,,,,,,,,,,,,,,,,,,0,,,,
209949,209949,0.500000,UT,,,12:08:12 09-Oct-2022,,A,-22.7617,151.9171,,,,,,,,,,,,,,,,,,,,,,,,,,,,,,,,,,,,0,,,,
209949,209949,0.500000,UT,,,12:08:28 09-Oct-2022,,A,-22.7617,151.9171,,,,,,,,,23.90,,,,,,,,,,,,,,,,,,,,,,,,,,,0,,,,
209949,209949,0.500000,UT,,,12:08:57 09-Oct-2022,,A,-22.7617,151.9171,,,,,926,,,,,,,,,,,,,,,,,,,,,,,,,,,,,,,0,,,,
209949,209949,0.500000,UT,,,18:20:08 09-Oct-2022,,B,-22.6859,151.9237,,,,,932,,,,,,,,,,,,,,,,,,,,,,,,,,,,,,,0,,,,
209949,209949,0.500000,UT,,,19:56:18 09-Oct-2022,,0,-22.6096,151.9385,,,,,,3.425,,,,,,,,,,,,,,,,,,,,,,,,,,,,,,0,,,,
209949,209949,0.500000,UT,,,19:59:52 09-Oct-2022,,0,-22.6096,151.9385,,,,,,,,,,,,,,,,,,,,,,,,,,,,,,,,,,,,0,,,,
209949,209949,0.500000,UT,,,20:01:49 09-Oct-2022,,0,-22.6096,151.9385,,,,,,,,,23.90,,,,,,,,,,,,,,,,,,,,,,,,,,,0,,,,
209949,209949,0.500000,UT,,,20:03:52 09-Oct-2022,,0,-22.6096,151.9385,,,,,952,,,,,,,,,,,,,,,,,,,,,,,,,,,,,,,0,,,,
209949,209949,0.500000,UT,,,20:04:51 09-Oct-2022,,0,-22.6096,151.9385,,,,,,3.400,,,,,,,,,,,,,,,,,,,,,,,,,,,,,,0,,,,
209949,209949,0.500000,UT,,,20:28:47 09-Oct-2022,,1,-22.5788,151.9584,,,,,,,,,23.90,,,,,,,,,,,,,,,,,,,,,,,,,,,0,,,,
209949,209949,0.500000,UT,,,20:29:25 09-Oct-2022,,1,-22.5788,151.9584,,,,,,3.400,,,,,,,,,,,,,,,,,,,,,,,,,,,,,,0,,,,
209949,209949,0.500000,UT,,,20:31:03 09-Oct-2022,,1,-22.5788,151.9584,,,,,973,,,,,,,,,,,,,,,,,,,,,,,,,,,,,,,0,,,,
209949,209949,0.500000,UT,1.00b,,20:32:40 09-Oct-2022,,1,-22.5788,151.9584,,0,,,,,,,,,,,,,,,,,,,,,,,,,,,,,,,,,,0,,,,
209949,209949,0.500000,UT,,,21:09:04 09-Oct-2022,,B,-22.5551,151.9690,,,,,,3.400,,,,,,,,,,,,,,,,,,,,,,,,,,,,,,0,,,,
209949,209949,0.500000,UT,,,21:10:25 09-Oct-2022,,B,-22.5551,151.9690,,,,,,,,,23.95,,,,,,,,,,,,,,,,,,,,,,,,,,,0,,,,
209949,209949,0.500000,UT,,,22:02:49 09-Oct-2022,,3,-22.5501,151.9503,,,,,1041,,,,,,,,,,,,,,,,,,,,,,,,,,,,,,,0,,,,
209949,209949,0.500000,UT,,,22:03:29 09-Oct-2022,,3,-22.5501,151.9503,,,,,,3.375,,,,,,,,,,,,,,,,,,,,,,,,,,,,,,0,,,,
209949,209949,0.500000,UT,,,22:05:02 09-Oct-2022,,3,-22.5501,151.9503,,,,,,,,,23.75,,,,,,,,,,,,,,,,,,,,,,,,,,,0,,,,
209949,209949,0.500000,UT,,,22:06:17 09-Oct-2022,,3,-22.5501,151.9503,,,,,1046,,,,,,,,,,,,,,,,,,,,,,,,,,,,,,,0,,,,
209949,209949,0.500000,UT,1.00b,,22:08:01 09-Oct-2022,,3,-22.5501,151.9503,,0,,,,,,,,,,,,,,,,,,,,,,,,,,,,,,,,,,0,,,,
209949,209949,0.500000,UT,,,22:09:51 09-Oct-2022,,3,-22.5501,151.9503,,,,,,,,,,,,,,,,,,,,,,,,,,,,,,,,,,,,0,,,,
209949,209949,0.500000,UT,,,22:10:18 09-Oct-2022,,3,-22.5501,151.9503,,,,,,,,,23.85,,,,,,,,,,,,,,,,,,,,,,,,,,,0,,,,
209949,209949,0.500000,UT,,,22:12:35 09-Oct-2022,,3,-22.5501,151.9503,,,,,1051,,,,,,,,,,,,,,,,,,,,,,,,,,,,,,,0,,,,
209949,209949,0.500000,UT,,,22:12:50 09-Oct-2022,,3,-22.5501,151.9503,,,,,,3.400,,,,,,,,,,,,,,,,,,,,,,,,,,,,,,0,,,,
209949,209949,0.500000,UT,,22:13:59 09-Oct-2022,22:13:16 09-Oct-2022,-42,3,-22.5501,151.9503,CRC,,,,1053,3.425,,,23.80,,,,,,,,,,,,,,94,30,255,0,,,,,,,0,,,1,75,,,
209949,209949,0.500000,UT,1.00b,,23:04:16 09-Oct-2022,,B,-22.5539,151.9491,,0,,,,,,,,,,,,,,,,,,,,,,,,,,,,,,,,,,0,,,,
209949,209949,0.500000,UT,,,23:05:12 09-Oct-2022,,B,-22.5539,151.9491,,,,,,,,,23.40,,,,,,,,,,,,,,,,,,,,,,,,,,,0,,,,
209949,209949,0.500000,UT,,,23:27:32 09-Oct-2022,,B,-22.5378,151.9495,,,,,,,,,23.40,,,,,,,,,,,,,,,,,,,,,,,,,,,0,,,,
209949,209949,0.500000,UT,,,07:37:33 10-Oct-2022,,B,-22.3808,151.9551,,,,,1091,,,,,,,,,,,,,,,,,,,,,,,,,,,,,,,0,,,,
209949,209949,0.500000,UT,,,07:39:15 10-Oct-2022,,B,-22.3808,151.9551,,,,,,3.400,,,,,,,,,,,,,,,,,,,,,,,,,,,,,,0,,,,
209949,209949,0.500000,UT,,,13:41:55 10-Oct-2022,,B,-22.1466,152.0049,,,,,,,,,24.60,,,,,,,,,,,,,,,,,,,,,,,,,,,0,,,,
209949,209949,0.500000,UT,,,19:19:09 10-Oct-2022,,,,,,,,,1131,,,,,,,,,,,,,,,,,,,,,,,,,,,,,,,0,,,,
209949,209949,0.500000,UT,,,19:21:23 10-Oct-2022,,,,,,,,,,,,,,,,,,,,,,,,,,,,,,,,,,,,,,,,0,,,,
209949,209949,0.500000,UT,,,19:21:56 10-Oct-2022,,,,,,,,,,,,,24.70,,,,,,,,,,,,,,,,,,,,,,,,,,,0,,,,
209949,209949,0.500000,UT,1.00b,,20:46:46 10-Oct-2022,,0,-22.2314,152.0899,,0,,,,,,,,,,,,,,,,,,,,,,,,,,,,,,,,,,0,,,,
209949,209949,0.500000,UT,,,20:47:04 10-Oct-2022,,0,-22.2314,152.0899,,,,,,,,,,,,,,,,,,,,,,,,,,,,,,,,,,,,0,,,,
209949,209949,0.500000,UT,,,20:48:04 10-Oct-2022,,0,-22.2314,152.0899,,,,,,,,,24.60,,,,,,,,,,,,,,,,,,,,,,,,,,,0,,,,
209949,209949,0.500000,UT,,,20:52:32 10-Oct-2022,,0,-22.2314,152.0899,,,,,,3.350,,,,,,,,,,,,,,,,,,,,,,,,,,,,,,0,,,,
209949,209949,0.500000,UT,1.00b,,21:10:42 10-Oct-2022,,B,-22.1894,151.9607,,0,,,,,,,,,,,,,,,,,,,,,,,,,,,,,,,,,,0,,,,
209949,209949,0.500000,UT,,,21:59:49 10-Oct-2022,,B,-22.1783,151.9564,,,,,,,,,24.60,,,,,,,,,,,,,,,,,,,,,,,,,,,0,,,,
209949,209949,0.500000,UT,,,06:37:59 11-Oct-2022,,B,-21.9555,151.9641,,,,,,,,,24.90,,,,,,,,,,,,,,,,,,,,,,,,,,,0,,,,
209949,209949,0.500000,UT,,,07:05:02 12-Oct-2022,,,,,,,,,,3.300,,,,,,,,,,,,,,,,,,,,,,,,,,,,,,0,,,,
209949,209949,0.500000,UT,1.00b,,10:09:59 12-Oct-2022,,,,,,0,,,,,,,,,,,,,,,,,,,,,,,,,,,,,,,,,,0,,,,
209949,209949,0.500000,UT,,,11:46:55 12-Oct-2022,,,,,,,,,,3.425,,,,,,,,,,,,,,,,,,,,,,,,,,,,,,0,,,,
209949,209949,0.500000,UT,,,18:48:57 12-Oct-2022,,,,,,,,,,,,,24.60,,,,,,,,,,,,,,,,,,,,,,,,,,,0,,,,
209949,209949,0.500000,UT,,,20:23:57 12-Oct-2022,,B,-21.7573,151.7935,,,,,,3.450,,,,,,,,,,,,,,,,,,,,,,,,,,,,,,0,,,,
209949,209949,0.500000,UT,3.00b,,20:24:39 12-Oct-2022,,B,-21.7573,151.7935,,0,,,,,,,,,,,,,,,,,,,,,,,,,,,,,,,,,,0,,,,
209949,209949,0.500000,UT,,,07:07:03 13-Oct-2022,,B,-21.5526,151.8085,,,,,,,,,24.65,,,,,,,,,,,,,,,,,,,,,,,,,,,0,,,,
209949,209949,0.500000,UT,,,19:30:51 13-Oct-2022,,A,-21.5792,151.4058,,,,,,,,,,,,,,,,,,,,,,,,,,,,,,,,,,,,0,,,,
209949,209949,0.500000,UT,,,19:34:48 13-Oct-2022,,A,-21.5792,151.4058,,,,,,,,,24.35,,,,,,,,,,,,,,,,,,,,,,,,,,,0,,,,
209949,209949,0.500000,UT,,,19:37:28 13-Oct-2022,,A,-21.5792,151.4058,,,,,,3.375,,,,,,,,,,,,,,,,,,,,,,,,,,,,,,0,,,,
209949,209949,0.500000,UT,1.00b,,19:39:23 13-Oct-2022,,B,-21.5788,151.4057,,0,,,,,,,,,,,,,,,,,,,,,,,,,,,,,,,,,,0,,,,
209949,209949,0.500000,UT,,,20:44:15 14-Oct-2022,,B,-21.5182,151.3976,,,,,,,,,24.50,,,,,,,,,,,,,,,,,,,,,,,,,,,0,,,,
209949,209949,0.500000,UT,,,06:08:50 15-Oct-2022,,0,-21.3935,150.8612,,,,,,3.450,,,,,,,,,,,,,,,,,,,,,,,,,,,,,,0,,,,
209949,209949,0.500000,UT,1.00b,,06:09:05 15-Oct-2022,,0,-21.3935,150.8612,,0,,,,,,,,,,,,,,,,,,,,,,,,,,,,,,,,,,0,,,,
209949,209949,0.500000,UT,,,06:09:24 15-Oct-2022,,0,-21.3935,150.8612,,,,,,,,,,,,,,,,,,,,,,,,,,,,,,,,,,,,0,,,,
209949,209949,0.500000,UT,,,06:20:30 15-Oct-2022,,B,-21.3935,150.8611,,,,,1398,,,,,,,,,,,,,,,,,,,,,,,,,,,,,,,0,,,,
209949,209949,0.500000,UT,,,07:44:37 15-Oct-2022,,3,-21.3659,150.8273,,,,,1445,,,,,,,,,,,,,,,,,,,,,,,,,,,,,,,0,,,,
209949,209949,0.500000,UT,,,07:45:46 15-Oct-2022,,3,-21.3659,150.8273,,,,,,,,,24.90,,,,,,,,,,,,,,,,,,,,,,,,,,,0,,,,
209949,209949,0.500000,UT,,,07:46:01 15-Oct-2022,,3,-21.3659,150.8273,,,,,1450,,,,,,,,,,,,,,,,,,,,,,,,,,,,,,,0,,,,
209949,209949,0.500000,UT,,07:47:55 15-Oct-2022,07:46:54 15-Oct-2022,-60,3,-21.3659,150.8273,CRC,,,,1453,3.450,,,24.80,,,,,,,,,,,,,,255,28,255,0,,,,,,,0,,,1,82,,,
209949,209949,0.500000,UT,,,07:47:27 15-Oct-2022,,3,-21.3659,150.8273,,,,,,,,,24.80,,,,,,,,,,,,,,,,,,,,,,,,,,,0,,,,
209949,209949,0.500000,UT,,,07:47:42 15-Oct-2022,,3,-21.3659,150.8273,,,,,1456,,,,,,,,,,,,,,,,,,,,,,,,,,,,,,,0,,,,
209949,209949,0.500000,UT,,,07:47:57 15-Oct-2022,,3,-21.3659,150.8273,,,,,,3.450,,,,,,,,,,,,,,,,,,,,,,,,,,,,,,0,,,,
209949,209949,0.500000,UT,,,07:48:45 15-Oct-2022,,3,-21.3659,150.8273,,,,,,,,,24.75,,,,,,,,,,,,,,,,,,,,,,,,,,,0,,,,
209949,209949,0.500000,UT,,,07:49:00 15-Oct-2022,,3,-21.3659,150.8273,,,,,1461,,,,,,,,,,,,,,,,,,,,,,,,,,,,,,,0,,,,
209949,209949,0.500000,UT,,,07:49:36 15-Oct-2022,,3,-21.3659,150.8273,,,,,,3.375,,,,,,,,,,,,,,,,,,,,,,,,,,,,,,0,,,,
209949,209949,0.500000,UT,,,07:50:06 15-Oct-2022,,3,-21.3659,150.8273,,,,,,,,,,,,,,,,,,,,,,,,,,,,,,,,,,,,0,,,,
209949,209949,0.500000,UT,,,07:50:22 15-Oct-2022,,3,-21.3659,150.8273,,,,,,,,,24.85,,,,,,,,,,,,,,,,,,,,,,,,,,,0,,,,
209949,209949,0.500000,UT,,,07:50:46 15-Oct-2022,,3,-21.3659,150.8273,,,,,1466,,,,,,,,,,,,,,,,,,,,,,,,,,,,,,,0,,,,
209949,209949,0.500000,UT,,,07:51:02 15-Oct-2022,,3,-21.3659,150.8273,,,,,,3.425,,,,,,,,,,,,,,,,,,,,,,,,,,,,,,0,,,,
209949,209949,0.500000,UT,1.00b,,07:51:44 15-Oct-2022,,3,-21.3659,150.8273,,0,,,,,,,,,,,,,,,,,,,,,,,,,,,,,,,,,,0,,,,
209949,209949,0.500000,UT,,,07:52:16 15-Oct-2022,,3,-21.3659,150.8273,,,,,,,,,24.85,,,,,,,,,,,,,,,,,,,,,,,,,,,0,,,,
209949,209949,0.500000,UT,,,07:53:22 15-Oct-2022,,3,-21.3659,150.8273,,,,,,3.400,,,,,,,,,,,,,,,,,,,,,,,,,,,,,,0,,,,
209949,209949,0.500000,UT,1.00b,,07:53:37 15-Oct-2022,,3,-21.3659,150.8273,,0,,,,,,,,,,,,,,,,,,,,,,,,,,,,,,,,,,0,,,,
209949,209949,0.500000,UT,,,07:53:52 15-Oct-2022,,3,-21.3659,150.8273,,,,,,,,,,,,,,,,,,,,,,,,,,,,,,,,,,,,0,,,,
209949,209949,0.500000,UT,,,07:54:07 15-Oct-2022,,3,-21.3659,150.8273,,,,,,,,,24.80,,,,,,,,,,,,,,,,,,,,,,,,,,,0,,,,
209949,209949,0.500000,UT,,,07:54:22 15-Oct-2022,,3,-21.3659,150.8273,,,,,1476,,,,,,,,,,,,,,,,,,,,,,,,,,,,,,,0,,,,
209949,209949,0.500000,UT,,,07:54:37 15-Oct-2022,,3,-21.3659,150.8273,,,,,,3.425,,,,,,,,,,,,,,,,,,,,,,,,,,,,,,0,,,,
209949,209949,0.500000,UT,1.00b,,09:11:38 15-Oct-2022,,A,-21.3718,150.8017,,0,,,,,,,,,,,,,,,,,,,,,,,,,,,,,,,,,,0,,,,
209949,209949,0.500000,UT,,,09:15:37 15-Oct-2022,,A,-21.3718,150.8017,,,,,,,,,25.05,,,,,,,,,,,,,,,,,,,,,,,,,,,0,,,,
209949,209949,0.500000,UT,,,09:17:28 15-Oct-2022,,A,-21.3718,150.8017,,,,,1555,,,,,,,,,,,,,,,,,,,,,,,,,,,,,,,0,,,,
209949,209949,0.500000,UT,,07:14:45 16-Oct-2022,07:13:42 16-Oct-2022,-62,1,-21.2648,150.5350,CRC,,,,1578,3.450,,,25.15,,,,,,,,,,,,,,179,28,255,0,,,,,,,3,,,1,88,,,
209949,209949,0.500000,UT,,,07:14:04 16-Oct-2022,,1,-21.2648,150.5350,,,,,1579,,,,,,,,,,,,,,,,,,,,,,,,,,,,,,,0,,,,
209949,209949,0.500000,UT,,,07:14:19 16-Oct-2022,,1,-21.2648,150.5350,,,,,,3.450,,,,,,,,,,,,,,,,,,,,,,,,,,,,,,0,,,,
209949,209949,0.500000,UT,,,07:14:49 16-Oct-2022,,1,-21.2648,150.5350,,,,,,,,,,,,,,,,,,,,,,,,,,,,,,,,,,,,0,,,,
209949,209949,0.500000,UT,,,07:15:04 16-Oct-2022,,1,-21.2648,150.5350,,,,,,,,,25.15,,,,,,,,,,,,,,,,,,,,,,,,,,,0,,,,
209949,209949,0.500000,UT,,,07:15:20 16-Oct-2022,,1,-21.2648,150.5350,,,,,1584,,,,,,,,,,,,,,,,,,,,,,,,,,,,,,,0,,,,
209949,209949,0.500000,UT,1.00b,,07:17:15 16-Oct-2022,,1,-21.2648,150.5350,,0,,,,,,,,,,,,,,,,,,,,,,,,,,,,,,,,,,0,,,,
209949,209949,0.500000,UT,,,09:26:34 16-Oct-2022,,2,-21.2519,150.5032,,,,,,3.425,,,,,,,,,,,,,,,,,,,,,,,,,,,,,,0,,,,
209949,209949,0.500000,UT,1.00b,,09:26:49 16-Oct-2022,,2,-21.2519,150.5032,,0,,,,,,,,,,,,,,,,,,,,,,,,,,,,,,,,,,0,,,,
209949,209949,0.500000,UT,,,09:27:04 16-Oct-2022,,2,-21.2519,150.5032,,,,,,,,,,,,,,,,,,,,,,,,,,,,,,,,,,,,0,,,,
209949,209949,0.500000,UT,,,09:27:24 16-Oct-2022,,2,-21.2519,150.5032,,,,,,,,,25.20,,,,,,,,,,,,,,,,,,,,,,,,,,,0,,,,
209949,209949,0.500000,UT,,,09:27:39 16-Oct-2022,,2,-21.2519,150.5032,,,,,1612,,,,,,,,,,,,,,,,,,,,,,,,,,,,,,,0,,,,
209949,209949,0.500000,UT,,,09:27:54 16-Oct-2022,,2,-21.2519,150.5032,,,,,,3.450,,,,,,,,,,,,,,,,,,,,,,,,,,,,,,0,,,,
209949,209949,0.500000,UT,,,09:31:23 16-Oct-2022,,2,-21.2519,150.5032,,,,,,,,,,,,,,,,,,,,,,,,,,,,,,,,,,,,0,,,,
209949,209949,0.500000,UT,,,09:31:40 16-Oct-2022,,2,-21.2519,150.5032,,,,,,,,,25.25,,,,,,,,,,,,,,,,,,,,,,,,,,,0,,,,
209949,209949,0.500000,UT,,,09:31:55 16-Oct-2022,,2,-21.2519,150.5032,,,,,1617,,,,,,,,,,,,,,,,,,,,,,,,,,,,,,,0,,,,
209949,209949,0.500000,UT,,,19:13:37 16-Oct-2022,,2,-21.1515,150.3983,,,,,,,,,,,,,,,,,,,,,,,,,,,,,,,,,,,,0,,,,
209949,209949,0.500000,UT,,,19:14:10 16-Oct-2022,,2,-21.1515,150.3983,,,,,,,,,24.95,,,,,,,,,,,,,,,,,,,,,,,,,,,0,,,,
209949,209949,0.500000,UT,,,19:14:33 16-Oct-2022,,2,-21.1515,150.3983,,,,,1623,,,,,,,,,,,,,,,,,,,,,,,,,,,,,,,0,,,,
209949,209949,0.500000,UT,,,19:15:13 16-Oct-2022,,2,-21.1515,150.3983,,,,,,3.400,,,,,,,,,,,,,,,,,,,,,,,,,,,,,,0,,,,
209949,209949,0.500000,UT,,19:44:29 16-Oct-2022,19:43:24 16-Oct-2022,-64,B,-21.1516,150.3992,CRC,,,,1628,3.425,,,25.15,,,,,,,,,,,,,,237,28,255,0,,,,,,,0,,,1,86,,,
209949,209949,0.500000,UT,,,19:56:36 16-Oct-2022,,1,-21.1495,150.3930,,,,,1629,,,,,,,,,,,,,,,,,,,,,,,,,,,,,,,0,,,,
209949,209949,0.500000,UT,,,19:57:34 16-Oct-2022,,1,-21.1495,150.3930,,,,,,3.350,,,,,,,,,,,,,,,,,,,,,,,,,,,,,,0,,,,
209949,209949,0.500000,UT,,,20:04:43 16-Oct-2022,,1,-21.1495,150.3930,,,,,,,,,,,,,,,,,,,,,,,,,,,,,,,,,,,,0,,,,
209949,209949,0.500000,UT,,,20:05:04 16-Oct-2022,,1,-21.1495,150.3930,,,,,,,,,25.25,,,,,,,,,,,,,,,,,,,,,,,,,,,0,,,,
209949,209949,0.500000,UT,,,20:05:26 16-Oct-2022,,1,-21.1495,150.3930,,,,,1634,,,,,,,,,,,,,,,,,,,,,,,,,,,,,,,0,,,,
209949,209949,0.500000,UT,,,23:22:09 16-Oct-2022,,B,-21.1234,150.3430,,,,,,,,,,,,,,,,,,,,,,,,,,,,,,,,,,,,0,,,,
209949,209949,0.500000,UT,,,01:30:18 17-Oct-2022,,B,-21.1160,150.3303,,,,,,,,,25.15,,,,,,,,,,,,,,,,,,,,,,,,,,,0,,,,
209949,209949,0.500000,UT,,,07:17:39 17-Oct-2022,,B,-21.0343,150.2517,,,,,1649,,,,,,,,,,,,,,,,,,,,,,,,,,,,,,,0,,,,
209949,209949,0.500000,UT,,07:01:38 18-Oct-2022,07:00:28 18-Oct-2022,-69,B,-20.7630,150.1064,CRC,,,,1928,3.450,,,25.70,,,,,,,,,,,,,,94,27,255,0,,,,,,,2,,,1,77,,,
209949,209949,0.500000,UT,,,07:01:18 18-Oct-2022,,B,-20.7630,150.1064,,,,,,,,,25.85,,,,,,,,,,,,,,,,,,,,,,,,,,,0,,,,
209949,209949,0.500000,UT,1.00b,,07:50:36 18-Oct-2022,,B,-20.7505,150.0892,,0,,,,,,,,,,,,,,,,,,,,,,,,,,,,,,,,,,0,,,,
209949,209949,0.500000,UT,,,09:34:48 18-Oct-2022,,B,-20.7338,150.0676,,,,,,,,,,,,,,,,,,,,,,,,,,,,,,,,,,,,0,,,,
209949,209949,0.500000,UT,,,12:09:52 18-Oct-2022,,B,-20.7098,150.0363,,,,,,3.450,,,,,,,,,,,,,,,,,,,,,,,,,,,,,,0,,,,
209949,209949,0.500000,UT,,,20:23:09 18-Oct-2022,,B,-20.5836,149.9173,,,,,,3.500,,,,,,,,,,,,,,,,,,,,,,,,,,,,,,0,,,,
209949,209949,0.500000,UT,1.00b,,20:24:05 18-Oct-2022,,B,-20.5836,149.9173,,0,,,,,,,,,,,,,,,,,,,,,,,,,,,,,,,,,,0,,,,
209949,209949,0.500000,UT,,,22:26:21 18-Oct-2022,,B,-20.5661,149.9656,,,,,,,,,25.55,,,,,,,,,,,,,,,,,,,,,,,,,,,0,,,,
209949,209949,0.500000,UT,,06:45:11 19-Oct-2022,06:43:58 19-Oct-2022,-72,B,-20.4135,149.8082,CRC,,,,2053,3.425,,,25.95,,,,,,,,,,,,,,176,27,255,0,,,,,,,0,,,1,77,,,
209949,209949,0.500000,UT,,,08:49:07 19-Oct-2022,,0,-20.3642,149.9355,,,,,2062,,,,,,,,,,,,,,,,,,,,,,,,,,,,,,,0,,,,
209949,209949,0.500000,UT,1.00b,,08:49:42 19-Oct-2022,,0,-20.3642,149.9355,,0,,,,,,,,,,,,,,,,,,,,,,,,,,,,,,,,,,0,,,,
209949,209949,0.500000,UT,,,08:49:57 19-Oct-2022,,0,-20.3642,149.9355,,,,,,,,,,,,,,,,,,,,,,,,,,,,,,,,,,,,0,,,,
209949,209949,0.500000,UT,,,08:50:12 19-Oct-2022,,0,-20.3642,149.9355,,,,,,,,,26.10,,,,,,,,,,,,,,,,,,,,,,,,,,,0,,,,
209949,209949,0.500000,UT,,,08:50:27 19-Oct-2022,,0,-20.3642,149.9355,,,,,2067,,,,,,,,,,,,,,,,,,,,,,,,,,,,,,,0,,,,
209949,209949,0.500000,UT,,,08:50:43 19-Oct-2022,,0,-20.3642,149.9355,,,,,,3.425,,,,,,,,,,,,,,,,,,,,,,,,,,,,,,0,,,,
209949,209949,0.500000,UT,,,19:48:53 19-Oct-2022,,B,-20.2758,149.8213,,,,,,3.350,,,,,,,,,,,,,,,,,,,,,,,,,,,,,,0,,,,
209949,209949,0.500000,UT,1.00b,,19:49:15 19-Oct-2022,,B,-20.2758,149.8213,,0,,,,,,,,,,,,,,,,,,,,,,,,,,,,,,,,,,0,,,,
209949,209949,0.500000,UT,1.00b,,21:41:32 19-Oct-2022,,A,-20.2604,149.7743,,0,,,,,,,,,,,,,,,,,,,,,,,,,,,,,,,,,,0,,,,
209949,209949,0.500000,UT,,,21:42:28 19-Oct-2022,,A,-20.2604,149.7743,,,,,,,,,,,,,,,,,,,,,,,,,,,,,,,,,,,,0,,,,
209949,209949,0.500000,UT,,,21:42:43 19-Oct-2022,,A,-20.2604,149.7743,,,,,,,,,26.60,,,,,,,,,,,,,,,,,,,,,,,,,,,0,,,,
209949,209949,0.500000,UT,,,22:00:16 19-Oct-2022,,B,-20.2791,149.7428,,,,,,3.475,,,,,,,,,,,,,,,,,,,,,,,,,,,,,,0,,,,
209949,209949,0.500000,UT,1.00b,,22:00:31 19-Oct-2022,,B,-20.2791,149.7428,,0,,,,,,,,,,,,,,,,,,,,,,,,,,,,,,,,,,0,,,,
209949,209949,0.500000,UT,,,22:14:18 19-Oct-2022,,B,-20.2509,149.7536,,,,,,,,,,,,,,,,,,,,,,,,,,,,,,,,,,,,0,,,,
209949,209949,0.500000,UT,,,23:55:57 19-Oct-2022,,B,-20.2145,149.7222,,,,,2093,,,,,,,,,,,,,,,,,,,,,,,,,,,,,,,0,,,,
209949,209949,0.500000,UT,1.00b,,23:54:25 21-Oct-2022,,,,,,0,,,,,,,,,,,,,,,,,,,,,,,,,,,,,,,,,,0,,,,
209949,209949,0.500000,UT,,,07:25:19 22-Oct-2022,,,,,,,,,2431,,,,,,,,,,,,,,,,,,,,,,,,,,,,,,,0,,,,
209949,209949,0.500000,UT,,,11:20:08 22-Oct-2022,,,,,,,,,2455,,,,,,,,,,,,,,,,,,,,,,,,,,,,,,,0,,,,
209949,209949,0.500000,UT,,,00:09:35 23-Oct-2022,,,,,,,,,,,,,,,,,,,,,,,,,,,,,,,,,,,,,,,,0,,,,
209949,209949,0.500000,UT,,,19:18:02 23-Oct-2022,,,,,,,,,2501,,,,,,,,,,,,,,,,,,,,,,,,,,,,,,,0,,,,
209949,209949,0.500000,UT,,,21:05:13 23-Oct-2022,,,,,,,,,,,,,,,,,,,,,,,,,,,,,,,,,,,,,,,,0,,,,
209949,209949,0.500000,UT,,,22:32:09 23-Oct-2022,,0,-19.6980,148.7961,,,,,2507,,,,,,,,,,,,,,,,,,,,,,,,,,,,,,,0,,,,
209949,209949,0.500000,UT,,,22:32:24 23-Oct-2022,,0,-19.6980,148.7961,,,,,,3.525,,,,,,,,,,,,,,,,,,,,,,,,,,,,,,0,,,,
209949,209949,0.500000,UT,1.00b,,22:32:39 23-Oct-2022,,0,-19.6980,148.7961,,0,,,,,,,,,,,,,,,,,,,,,,,,,,,,,,,,,,0,,,,
209949,209949,0.500000,UT,,,22:32:54 23-Oct-2022,,0,-19.6980,148.7961,,,,,,,,,,,,,,,,,,,,,,,,,,,,,,,,,,,,0,,,,
209949,209949,0.500000,UT,,,22:33:09 23-Oct-2022,,0,-19.6980,148.7961,,,,,,,,,27.25,,,,,,,,,,,,,,,,,,,,,,,,,,,0,,,,
209949,209949,0.500000,UT,,,22:33:24 23-Oct-2022,,0,-19.6980,148.7961,,,,,2512,,,,,,,,,,,,,,,,,,,,,,,,,,,,,,,0,,,,
209949,209949,0.500000,UT,,,06:25:13 24-Oct-2022,,B,-19.6269,148.7628,,,,,,,,,,,,,,,,,,,,,,,,,,,,,,,,,,,,0,,,,
209949,209949,0.500000,UT,,,19:59:38 24-Oct-2022,,B,-19.5118,148.8506,,,,,,,,,,,,,,,,,,,,,,,,,,,,,,,,,,,,0,,,,
209949,209949,0.500000,UT,,,20:46:18 24-Oct-2022,,B,-19.3015,148.7807,,,,,,,,,27.55,,,,,,,,,,,,,,,,,,,,,,,,,,,0,,,,
209949,209949,0.500000,UT,,23:43:43 24-Oct-2022,23:42:12 24-Oct-2022,-90,3,-19.2262,148.8743,CRC,,,,2578,3.475,,,27.70,,,,,,,,,,,,,,164,27,255,0,,,,,,,0,,,1,92,,,
209949,209949,0.500000,UT,,,23:46:01 24-Oct-2022,,3,-19.2262,148.8743,,,,,2581,,,,,,,,,,,,,,,,,,,,,,,,,,,,,,,0,,,,
209949,209949,0.500000,UT,,,23:47:57 24-Oct-2022,,3,-19.2300,148.8905,,,,,,,,,27.70,,,,,,,,,,,,,,,,,,,,,,,,,,,0,,,,
209949,209949,0.500000,UT,,,23:48:16 24-Oct-2022,,3,-19.2262,148.8743,,,,,2586,,,,,,,,,,,,,,,,,,,,,,,,,,,,,,,0,,,,
209949,209949,0.500000,UT,,,23:49:30 24-Oct-2022,,3,-19.2300,148.8905,,,,,,,,,27.75,,,,,,,,,,,,,,,,,,,,,,,,,,,0,,,,
209949,209949,0.500000,UT,,,23:50:10 24-Oct-2022,,3,-19.2262,148.8743,,,,,2591,,,,,,,,,,,,,,,,,,,,,,,,,,,,,,,0,,,,
209949,209949,0.500000,UT,,,23:52:13 24-Oct-2022,,3,-19.2262,148.8743,,,,,2596,,,,,,,,,,,,,,,,,,,,,,,,,,,,,,,0,,,,
209949,209949,0.500000,UT,,,23:52:43 24-Oct-2022,,3,-19.2262,148.8743,,,,,,3.500,,,,,,,,,,,,,,,,,,,,,,,,,,,,,,0,,,,
209949,209949,0.500000,UT,1.00b,,23:53:02 24-Oct-2022,,3,-19.2262,148.8743,,0,,,,,,,,,,,,,,,,,,,,,,,,,,,,,,,,,,0,,,,
209949,209949,0.500000,UT,,,23:53:18 24-Oct-2022,,3,-19.2300,148.8905,,,,,,,,,,,,,,,,,,,,,,,,,,,,,,,,,,,,0,,,,
209949,209949,0.500000,UT,,,23:53:33 24-Oct-2022,,3,-19.2262,148.8743,,,,,,,,,27.65,,,,,,,,,,,,,,,,,,,,,,,,,,,0,,,,
209949,209949,0.500000,UT,,,23:54:03 24-Oct-2022,,3,-19.2262,148.8743,,,,,,3.475,,,,,,,,,,,,,,,,,,,,,,,,,,,,,,0,,,,
209949,209949,0.500000,UT,,23:55:49 24-Oct-2022,23:54:18 24-Oct-2022,-90,3,-19.2262,148.8743,CRC,,,,2603,3.450,,,27.65,,,,,,,,,,,,,,255,27,255,0,,,,,,,0,,,1,73,,,
209949,209949,0.500000,UT,,,23:54:51 24-Oct-2022,,3,-19.2262,148.8743,,,,,,,,,,,,,,,,,,,,,,,,,,,,,,,,,,,,0,,,,
209949,209949,0.500000,UT,,,23:55:07 24-Oct-2022,,3,-19.2262,148.8743,,,,,,,,,27.70,,,,,,,,,,,,,,,,,,,,,,,,,,,0,,,,
209949,209949,0.500000,UT,,,20:06:45 25-Oct-2022,,B,-18.9005,149.0417,,,,,,,,,27.45,,,,,,,,,,,,,,,,,,,,,,,,,,,0,,,,
209949,209949,0.500000,UT,,,21:39:29 25-Oct-2022,,B,-19.0381,148.9781,,,,,,,,,27.25,,,,,,,,,,,,,,,,,,,,,,,,,,,0,,,,
209949,209949,0.500000,UT,,,23:23:04 25-Oct-2022,,B,-19.0622,148.9325,,,,,2654,,,,,,,,,,,,,,,,,,,,,,,,,,,,,,,0,,,,
209949,209949,0.500000,UT,,,23:23:19 25-Oct-2022,,B,-19.0622,148.9325,,,,,,3.500,,,,,,,,,,,,,,,,,,,,,,,,,,,,,,0,,,,
209949,209949,0.500000,UT,,,07:02:14 29-Oct-2022,,B,-18.8719,147.8245,,,,,,3.500,,,,,,,,,,,,,,,,,,,,,,,,,,,,,,0,,,,
209949,209949,0.500000,UT,1.00b,,07:02:49 29-Oct-2022,,B,-18.8719,147.8245,,0,,,,,,,,,,,,,,,,,,,,,,,,,,,,,,,,,,0,,,,
209949,209949,0.500000,UT,,,07:13:06 29-Oct-2022,,1,-18.7598,147.9651,,,,,,,,,,,,,,,,,,,,,,,,,,,,,,,,,,,,0,,,,
209949,209949,0.500000,UT,,,07:14:05 29-Oct-2022,,1,-18.7598,147.9651,,,,,,,,,28.00,,,,,,,,,,,,,,,,,,,,,,,,,,,0,,,,
209949,209949,0.500000,UT,,,07:15:11 29-Oct-2022,,1,-18.7598,147.9651,,,,,2817,,,,,,,,,,,,,,,,,,,,,,,,,,,,,,,0,,,,
209949,209949,0.500000,UT,,,07:16:59 29-Oct-2022,,1,-18.7598,147.9651,,,,,,3.500,,,,,,,,,,,,,,,,,,,,,,,,,,,,,,0,,,,
209949,209949,0.500000,UT,,,19:35:05 29-Oct-2022,,B,-18.6700,147.9651,,,,,,,,,27.85,,,,,,,,,,,,,,,,,,,,,,,,,,,0,,,,
209949,209949,0.500000,UT,,,23:07:17 29-Oct-2022,,B,-18.6309,147.7679,,,,,,3.525,,,,,,,,,,,,,,,,,,,,,,,,,,,,,,0,,,,
209949,209949,0.500000,UT,1.00b,,23:09:41 29-Oct-2022,,B,-18.6309,147.7679,,0,,,,,,,,,,,,,,,,,,,,,,,,,,,,,,,,,,0,,,,
209949,209949,0.500000,UT,,,01:07:35 31-Oct-2022,,B,-18.6991,147.7664,,,,,,,,,28.20,,,,,,,,,,,,,,,,,,,,,,,,,,,0,,,,
209949,209949,0.500000,UT,,,01:07:52 31-Oct-2022,,B,-18.6991,147.7664,,,,,2870,,,,,,,,,,,,,,,,,,,,,,,,,,,,,,,0,,,,
209949,209949,0.500000,UT,,,06:30:42 31-Oct-2022,,B,-18.7206,147.6981,,,,,,,,,28.85,,,,,,,,,,,,,,,,,,,,,,,,,,,0,,,,
209949,209949,0.500000,UT,,,19:47:10 31-Oct-2022,,B,-18.7035,147.5168,,,,,,3.475,,,,,,,,,,,,,,,,,,,,,,,,,,,,,,0,,,,
209949,209949,0.500000,UT,,,20:20:44 31-Oct-2022,,Z,-18.7664,147.8263,,,,,,,,,28.05,,,,,,,,,,,,,,,,,,,,,,,,,,,0,,,,
209949,209949,0.500000,UT,,,21:02:53 31-Oct-2022,,A,-18.7416,147.8155,,,,,,,,,28.40,,,,,,,,,,,,,,,,,,,,,,,,,,,0,,,,
209949,209949,0.500000,UT,,,21:03:38 31-Oct-2022,,A,-18.7416,147.8155,,,,,2912,,,,,,,,,,,,,,,,,,,,,,,,,,,,,,,0,,,,
209949,209949,0.500000,UT,1.00b,,21:06:29 31-Oct-2022,,A,-18.7416,147.8155,,0,,,,,,,,,,,,,,,,,,,,,,,,,,,,,,,,,,0,,,,
209949,209949,0.500000,UT,,,23:09:20 31-Oct-2022,,B,-18.7511,147.8901,,,,,,,,,,,,,,,,,,,,,,,,,,,,,,,,,,,,0,,,,
209949,209949,0.500000,UT,1.00b,,11:18:49 01-Nov-2022,,1,-18.6128,147.8602,,0,,,,,,,,,,,,,,,,,,,,,,,,,,,,,,,,,,0,,,,
209949,209949,0.500000,UT,,,11:19:04 01-Nov-2022,,1,-18.6128,147.8602,,,,,,,,,,,,,,,,,,,,,,,,,,,,,,,,,,,,0,,,,
209949,209949,0.500000,UT,,,11:23:07 01-Nov-2022,,1,-18.6128,147.8602,,,,,,,,,28.15,,,,,,,,,,,,,,,,,,,,,,,,,,,0,,,,
209949,209949,0.500000,UT,1.00b,,19:29:29 01-Nov-2022,,B,-18.6539,148.0177,,0,,,,,,,,,,,,,,,,,,,,,,,,,,,,,,,,,,0,,,,
209949,209949,0.500000,UT,,,19:41:49 01-Nov-2022,,B,-18.6635,148.0828,,,,,,,,,28.25,,,,,,,,,,,,,,,,,,,,,,,,,,,0,,,,
209949,209949,0.500000,UT,,,19:55:24 01-Nov-2022,,B,-18.6784,147.9622,,,,,,,,,,,,,,,,,,,,,,,,,,,,,,,,,,,,0,,,,
209949,209949,0.500000,UT,,,19:56:39 01-Nov-2022,,B,-18.6784,147.9622,,,,,,,,,28.20,,,,,,,,,,,,,,,,,,,,,,,,,,,0,,,,
209949,209949,0.500000,UT,,,22:34:41 01-Nov-2022,,B,-18.6667,147.8896,,,,,,3.525,,,,,,,,,,,,,,,,,,,,,,,,,,,,,,0,,,,
209949,209949,0.500000,UT,1.00b,,22:34:56 01-Nov-2022,,B,-18.6667,147.8896,,0,,,,,,,,,,,,,,,,,,,,,,,,,,,,,,,,,,0,,,,
209949,209949,0.500000,UT,,,22:43:04 01-Nov-2022,,B,-18.6827,147.9033,,,,,,,,,,,,,,,,,,,,,,,,,,,,,,,,,,,,0,,,,
209949,209949,0.500000,UT,1.00b,,12:18:00 03-Nov-2022,,0,-18.3869,147.7338,,0,,,,,,,,,,,,,,,,,,,,,,,,,,,,,,,,,,0,,,,
209949,209949,0.500000,UT,,,12:20:12 03-Nov-2022,,0,-18.3869,147.7338,,,,,,,,,,,,,,,,,,,,,,,,,,,,,,,,,,,,0,,,,
209949,209949,0.500000,UT,,,20:13:42 03-Nov-2022,,1,-18.4761,147.6604,,,,,3174,,,,,,,,,,,,,,,,,,,,,,,,,,,,,,,0,,,,
209949,209949,0.500000,UT,,20:17:44 03-Nov-2022,20:15:42 03-Nov-2022,-121,1,-18.4761,147.6604,CRC,,,,3178,3.475,,,27.85,,,,,,,,,,,,,,217,27,255,0,,,,,,,0,,,1,98,,,
209949,209949,0.500000,UT,,,20:17:24 03-Nov-2022,,1,-18.4761,147.6604,,,,,3180,,,,,,,,,,,,,,,,,,,,,,,,,,,,,,,0,,,,
209949,209949,0.500000,UT,1.00b,,20:19:05 03-Nov-2022,,1,-18.4761,147.6604,,0,,,,,,,,,,,,,,,,,,,,,,,,,,,,,,,,,,0,,,,
209949,209949,0.500000,UT,,,20:19:40 03-Nov-2022,,1,-18.4761,147.6604,,,,,,,,,,,,,,,,,,,,,,,,,,,,,,,,,,,,0,,,,
209949,209949,0.500000,UT,,,20:22:12 03-Nov-2022,,1,-18.4761,147.6604,,,,,,3.475,,,,,,,,,,,,,,,,,,,,,,,,,,,,,,0,,,,
209949,209949,0.500000,UT,1.00b,,20:37:55 03-Nov-2022,,B,-18.4738,147.6623,,0,,,,,,,,,,,,,,,,,,,,,,,,,,,,,,,,,,0,,,,
209949,209949,0.500000,UT,,,20:38:29 03-Nov-2022,,2,-18.4835,147.6444,,,,,,,,,27.30,,,,,,,,,,,,,,,,,,,,,,,,,,,0,,,,
209949,209949,0.500000,UT,,,20:38:50 03-Nov-2022,,2,-18.4835,147.6444,,,,,3190,,,,,,,,,,,,,,,,,,,,,,,,,,,,,,,0,,,,
209949,209949,0.500000,UT,,,20:41:43 03-Nov-2022,,2,-18.4835,147.6444,,,,,3195,,,,,,,,,,,,,,,,,,,,,,,,,,,,,,,0,,,,
209949,209949,0.500000,UT,,,20:42:01 03-Nov-2022,,2,-18.4835,147.6444,,,,,,3.450,,,,,,,,,,,,,,,,,,,,,,,,,,,,,,0,,,,
209949,209949,0.500000,UT,,,20:44:54 03-Nov-2022,,2,-18.4835,147.6444,,,,,3200,,,,,,,,,,,,,,,,,,,,,,,,,,,,,,,0,,,,
209949,209949,0.500000,UT,,,20:46:17 03-Nov-2022,,2,-18.4835,147.6444,,,,,,3.500,,,,,,,,,,,,,,,,,,,,,,,,,,,,,,0,,,,
209949,209949,0.500000,UT,1.00b,,20:46:34 03-Nov-2022,,2,-18.4835,147.6444,,0,,,,,,,,,,,,,,,,,,,,,,,,,,,,,,,,,,0,,,,
209949,209949,0.500000,UT,,,20:48:03 03-Nov-2022,,2,-18.4835,147.6444,,,,,,,,,,,,,,,,,,,,,,,,,,,,,,,,,,,,0,,,,
209949,209949,0.500000,UT,,,20:48:19 03-Nov-2022,,2,-18.4835,147.6444,,,,,,,,,27.95,,,,,,,,,,,,,,,,,,,,,,,,,,,0,,,,
209949,209949,0.500000,UT,1.00b,,21:57:00 03-Nov-2022,,B,-18.5065,147.6414,,0,,,,,,,,,,,,,,,,,,,,,,,,,,,,,,,,,,0,,,,
209949,209949,0.500000,UT,,,22:05:09 03-Nov-2022,,B,-18.4999,147.6185,,,,,,,,,,,,,,,,,,,,,,,,,,,,,,,,,,,,0,,,,
209949,209949,0.500000,UT,,,22:06:58 03-Nov-2022,,B,-18.4999,147.6185,,,,,,3.500,,,,,,,,,,,,,,,,,,,,,,,,,,,,,,0,,,,
209949,209949,0.500000,UT,,,22:12:15 03-Nov-2022,,1,-18.4987,147.6131,,,,,,,,,,,,,,,,,,,,,,,,,,,,,,,,,,,,0,,,,
209949,209949,0.500000,UT,,,22:12:53 03-Nov-2022,,1,-18.4987,147.6131,,,,,,,,,28.05,,,,,,,,,,,,,,,,,,,,,,,,,,,0,,,,
209949,209949,0.500000,UT,,,22:13:44 03-Nov-2022,,1,-18.4987,147.6131,,,,,3237,,,,,,,,,,,,,,,,,,,,,,,,,,,,,,,0,,,,
209949,209949,0.500000,UT,,,06:57:46 04-Nov-2022,,B,-18.5846,147.6575,,,,,,3.500,,,,,,,,,,,,,,,,,,,,,,,,,,,,,,0,,,,
209949,209949,0.500000,UT,,,07:01:09 04-Nov-2022,,B,-18.5846,147.6575,,,,,,,,,27.60,,,,,,,,,,,,,,,,,,,,,,,,,,,0,,,,
209949,209949,0.500000,UT,,,12:06:13 04-Nov-2022,,B,-18.6796,147.7132,,,,,,,,,,,,,,,,,,,,,,,,,,,,,,,,,,,,0,,,,
209949,209949,0.500000,UT,,,19:44:31 04-Nov-2022,,2,-18.5863,147.8585,,,,,,,,,,,,,,,,,,,,,,,,,,,,,,,,,,,,0,,,,
209949,209949,0.500000,UT,,,19:46:19 04-Nov-2022,,2,-18.5863,147.8585,,,,,3331,,,,,,,,,,,,,,,,,,,,,,,,,,,,,,,0,,,,
209949,209949,0.500000,UT,,,19:51:22 04-Nov-2022,,2,-18.5863,147.8585,,,,,,,,,28.40,,,,,,,,,,,,,,,,,,,,,,,,,,,0,,,,
209949,209949,0.500000,UT,,,20:13:49 04-Nov-2022,,,,,,,,,,3.475,,,,,,,,,,,,,,,,,,,,,,,,,,,,,,0,,,,
209949,209949,0.500000,UT,,,20:17:13 04-Nov-2022,,,,,,,,,,,,,,,,,,,,,,,,,,,,,,,,,,,,,,,,0,,,,
209949,209949,0.500000,UT,,,20:17:39 04-Nov-2022,,,,,,,,,,,,,28.10,,,,,,,,,,,,,,,,,,,,,,,,,,,0,,,,
209949,209949,0.500000,UT,,,20:19:12 04-Nov-2022,,,,,,,,,51313,,,,,,,,,,,,,,,,,,,,,,,,,,,,,,,0,,,,
209949,209949,0.500000,UT,,,20:22:20 04-Nov-2022,,2,-18.5837,147.8693,,,,,,3.450,,,,,,,,,,,,,,,,,,,,,,,,,,,,,,0,,,,
209949,209949,0.500000,UT,,,21:22:53 04-Nov-2022,,1,-18.5539,147.8944,,,,,3404,,,,,,,,,,,,,,,,,,,,,,,,,,,,,,,0,,,,
209949,209949,0.500000,UT,1.00b,,21:23:37 04-Nov-2022,,1,-18.5539,147.8944,,0,,,,,,,,,,,,,,,,,,,,,,,,,,,,,,,,,,0,,,,
209949,209949,0.500000,UT,,,21:24:55 04-Nov-2022,,1,-18.5539,147.8944,,,,,,,,,,,,,,,,,,,,,,,,,,,,,,,,,,,,0,,,,
209949,209949,0.500000,UT,,,21:27:28 04-Nov-2022,,1,-18.5539,147.8944,,,,,,,,,28.15,,,,,,,,,,,,,,,,,,,,,,,,,,,0,,,,
209949,209949,0.500000,UT,,,21:51:44 04-Nov-2022,,0,-18.5497,147.8817,,,,,3419,,,,,,,,,,,,,,,,,,,,,,,,,,,,,,,0,,,,
209949,209949,0.500000,UT,,,21:52:16 04-Nov-2022,,0,-18.5527,147.8974,,,,,,3.500,,,,,,,,,,,,,,,,,,,,,,,,,,,,,,0,,,,
209949,209949,0.500000,UT,,,21:53:38 04-Nov-2022,,0,-18.5497,147.8817,,,,,,,,,,,,,,,,,,,,,,,,,,,,,,,,,,,,0,,,,
209949,209949,0.500000,UT,,,21:56:15 04-Nov-2022,,0,-18.5497,147.8817,,,,,3424,,,,,,,,,,,,,,,,,,,,,,,,,,,,,,,0,,,,
209949,209949,0.500000,UT,,,22:03:39 04-Nov-2022,,0,-18.5527,147.8974,,,,,,3.525,,,,,,,,,,,,,,,,,,,,,,,,,,,,,,0,,,,
209949,209949,0.500000,UT,,,19:15:35 05-Nov-2022,,2,-18.7663,148.0272,,,,,,,,,27.75,,,,,,,,,,,,,,,,,,,,,,,,,,,0,,,,
209949,209949,0.500000,UT,,,19:15:52 05-Nov-2022,,2,-18.7663,148.0272,,,,,3477,,,,,,,,,,,,,,,,,,,,,,,,,,,,,,,0,,,,
209949,209949,0.500000,UT,1.00b,,19:19:34 05-Nov-2022,,2,-18.7663,148.0272,,0,,,,,,,,,,,,,,,,,,,,,,,,,,,,,,,,,,0,,,,
209949,209949,0.500000,UT,,,19:20:27 05-Nov-2022,,2,-18.7663,148.0272,,,,,,,,,,,,,,,,,,,,,,,,,,,,,,,,,,,,0,,,,
209949,209949,0.500000,UT,,,20:00:10 05-Nov-2022,,B,-18.7783,148.0295,,,,,3493,,,,,,,,,,,,,,,,,,,,,,,,,,,,,,,0,,,,
209949,209949,0.500000,UT,,,21:43:24 05-Nov-2022,,B,-18.7933,148.0541,,,,,3504,,,,,,,,,,,,,,,,,,,,,,,,,,,,,,,0,,,,
209949,209949,0.500000,UT,,,07:55:05 06-Nov-2022,,2,-18.7468,148.0922,,,,,3608,,,,,,,,,,,,,,,,,,,,,,,,,,,,,,,0,,,,
209949,209949,0.500000,UT,,,08:00:16 06-Nov-2022,,2,-18.7468,148.0922,,,,,,,,,28.30,,,,,,,,,,,,,,,,,,,,,,,,,,,0,,,,
209949,209949,0.500000,UT,,,08:01:21 06-Nov-2022,,2,-18.7468,148.0922,,,,,,3.500,,,,,,,,,,,,,,,,,,,,,,,,,,,,,,0,,,,
209949,209949,0.500000,UT,1.00b,,08:01:49 06-Nov-2022,,2,-18.7468,148.0922,,0,,,,,,,,,,,,,,,,,,,,,,,,,,,,,,,,,,0,,,,
209949,209949,0.500000,UT,,,08:04:28 06-Nov-2022,,2,-18.7468,148.0922,,,,,3623,,,,,,,,,,,,,,,,,,,,,,,,,,,,,,,0,,,,
209949,209949,0.500000,UT,,,08:05:19 06-Nov-2022,,2,-18.7468,148.0922,,,,,,3.475,,,,,,,,,,,,,,,,,,,,,,,,,,,,,,0,,,,
209949,209949,0.500000,UT,,,08:06:05 06-Nov-2022,,2,-18.7468,148.0922,,,,,,,,,,,,,,,,,,,,,,,,,,,,,,,,,,,,0,,,,
209949,209949,0.500000,UT,,,11:26:55 06-Nov-2022,,1,-18.7108,148.0190,,,,,,,,,,,,,,,,,,,,,,,,,,,,,,,,,,,,0,,,,
209949,209949,0.500000,UT,,11:30:18 06-Nov-2022,11:28:08 06-Nov-2022,-129,1,-18.7108,148.0190,CRC,,,,3653,3.525,,,27.85,,,,,,,,,,,,,,255,26,255,0,,,,,,,0,,,1,80,,,
209949,209949,0.500000,UT,,,11:33:52 06-Nov-2022,,1,-18.7108,148.0190,,,,,,,,,27.85,,,,,,,,,,,,,,,,,,,,,,,,,,,0,,,,
209949,209949,0.500000,UT,,,11:34:56 06-Nov-2022,,1,-18.7108,148.0190,,,,,,3.500,,,,,,,,,,,,,,,,,,,,,,,,,,,,,,0,,,,
209949,209949,0.500000,UT,1.00b,,11:35:58 06-Nov-2022,,1,-18.7108,148.0190,,0,,,,,,,,,,,,,,,,,,,,,,,,,,,,,,,,,,0,,,,
209949,209949,0.500000,UT,,,11:57:53 06-Nov-2022,,B,-18.7020,148.0196,,,,,3660,,,,,,,,,,,,,,,,,,,,,,,,,,,,,,,0,,,,
209949,209949,0.500000,UT,,,11:59:16 06-Nov-2022,,B,-18.7020,148.0196,,,,,,3.475,,,,,,,,,,,,,,,,,,,,,,,,,,,,,,0,,,,
209949,209949,0.500000,UT,1.00b,,23:24:54 06-Nov-2022,,B,-18.6196,148.0096,,0,,,,,,,,,,,,,,,,,,,,,,,,,,,,,,,,,,0,,,,
209949,209949,0.500000,UT,,,07:40:46 07-Nov-2022,,A,-18.6285,148.0109,,,,,,3.525,,,,,,,,,,,,,,,,,,,,,,,,,,,,,,0,,,,
209949,209949,0.500000,UT,,,07:42:38 07-Nov-2022,,A,-18.6285,148.0109,,,,,,,,,,,,,,,,,,,,,,,,,,,,,,,,,,,,0,,,,
209949,209949,0.500000,UT,,,11:53:57 07-Nov-2022,,B,-18.6250,148.0017,,,,,,,,,27.20,,,,,,,,,,,,,,,,,,,,,,,,,,,0,,,,
209949,209949,0.500000,UT,,,09:01:54 08-Nov-2022,,B,-18.7754,147.9987,,,,,,,,,27.25,,,,,,,,,,,,,,,,,,,,,,,,,,,0,,,,
209949,209949,0.500000,UT,,,20:15:34 08-Nov-2022,,B,-18.7870,147.9342,,,,,3822,,,,,,,,,,,,,,,,,,,,,,,,,,,,,,,0,,,,
209949,209949,0.500000,UT,,,21:52:22 08-Nov-2022,,B,-18.7244,147.9392,,,,,,3.500,,,,,,,,,,,,,,,,,,,,,,,,,,,,,,0,,,,
209949,209949,0.500000,UT,1.00b,,08:41:43 09-Nov-2022,,A,-18.9363,147.9466,,0,,,,,,,,,,,,,,,,,,,,,,,,,,,,,,,,,,0,,,,
209949,209949,0.500000,UT,,,08:43:08 09-Nov-2022,,A,-18.9363,147.9466,,,,,,,,,,,,,,,,,,,,,,,,,,,,,,,,,,,,0,,,,
209949,209949,0.500000,UT,1.00b,,09:33:29 10-Nov-2022,,B,-18.9198,147.9639,,0,,,,,,,,,,,,,,,,,,,,,,,,,,,,,,,,,,0,,,,
209949,209949,0.500000,UT,,,19:59:53 10-Nov-2022,,B,-18.8969,147.9480,,,,,,,,,,,,,,,,,,,,,,,,,,,,,,,,,,,,0,,,,
209949,209949,0.500000,UT,,,20:10:26 10-Nov-2022,,B,-18.8517,148.0883,,,,,,,,,27.55,,,,,,,,,,,,,,,,,,,,,,,,,,,0,,,,
209949,209949,0.500000,UT,,,20:10:42 10-Nov-2022,,B,-18.8517,148.0883,,,,,3886,,,,,,,,,,,,,,,,,,,,,,,,,,,,,,,0,,,,
209949,209949,0.500000,UT,,,20:46:26 10-Nov-2022,,B,-18.8590,148.1044,,,,,,,,,27.50,,,,,,,,,,,,,,,,,,,,,,,,,,,0,,,,
209949,209949,0.500000,UT,,,21:01:25 10-Nov-2022,,B,-18.8443,148.1079,,,,,,,,,27.50,,,,,,,,,,,,,,,,,,,,,,,,,,,0,,,,
209949,209949,0.500000,UT,,,21:03:44 10-Nov-2022,,B,-18.8443,148.1079,,,,,3896,,,,,,,,,,,,,,,,,,,,,,,,,,,,,,,0,,,,
209949,209949,0.500000,UT,,,22:34:23 10-Nov-2022,,B,-18.8500,148.1196,,,,,,,,,27.50,,,,,,,,,,,,,,,,,,,,,,,,,,,0,,,,
209949,209949,0.500000,UT,,,06:37:38 11-Nov-2022,,B,-18.7425,147.9998,,,,,,3.500,,,,,,,,,,,,,,,,,,,,,,,,,,,,,,0,,,,
209949,209949,0.500000,UT,1.00b,,06:41:45 11-Nov-2022,,B,-18.7425,147.9998,,0,,,,,,,,,,,,,,,,,,,,,,,,,,,,,,,,,,0,,,,
209949,209949,0.500000,UT,,,07:05:08 11-Nov-2022,,2,-18.7777,147.9340,,,,,3936,,,,,,,,,,,,,,,,,,,,,,,,,,,,,,,0,,,,
209949,209949,0.500000,UT,,,07:06:43 11-Nov-2022,,2,-18.7777,147.9340,,,,,,3.475,,,,,,,,,,,,,,,,,,,,,,,,,,,,,,0,,,,
209949,209949,0.500000,UT,,,07:08:55 11-Nov-2022,,2,-18.7777,147.9340,,,,,,,,,27.40,,,,,,,,,,,,,,,,,,,,,,,,,,,0,,,,
209949,209949,0.500000,UT,,,08:08:13 11-Nov-2022,,3,-18.7839,147.9050,,,,,,3.475,,,,,,,,,,,,,,,,,,,,,,,,,,,,,,0,,,,
209949,209949,0.500000,UT,,,09:17:30 11-Nov-2022,,B,-18.7805,147.8941,,,,,,,,,,,,,,,,,,,,,,,,,,,,,,,,,,,,0,,,,
209949,209949,0.500000,UT,,,09:18:53 11-Nov-2022,,B,-18.7805,147.8941,,,,,,,,,27.15,,,,,,,,,,,,,,,,,,,,,,,,,,,0,,,,
209949,209949,0.500000,UT,,,19:30:58 11-Nov-2022,,B,-18.7823,147.8145,,,,,,,,,,,,,,,,,,,,,,,,,,,,,,,,,,,,0,,,,
209949,209949,0.500000,UT,,,21:05:40 11-Nov-2022,,B,-18.7931,147.7923,,,,,,3.425,,,,,,,,,,,,,,,,,,,,,,,,,,,,,,0,,,,
209949,209949,0.500000,UT,,,22:41:26 11-Nov-2022,,B,-18.7876,147.7793,,,,,4001,,,,,,,,,,,,,,,,,,,,,,,,,,,,,,,0,,,,
209949,209949,0.500000,UT,,,23:38:37 11-Nov-2022,,B,-18.7939,147.7624,,,,,,,,,,,,,,,,,,,,,,,,,,,,,,,,,,,,0,,,,
209949,209949,0.500000,UT,,,01:11:59 12-Nov-2022,,B,-18.7576,147.7702,,,,,4007,,,,,,,,,,,,,,,,,,,,,,,,,,,,,,,0,,,,
209949,209949,0.500000,UT,1.00b,,10:40:26 12-Nov-2022,,B,-18.7202,147.6639,,0,,,,,,,,,,,,,,,,,,,,,,,,,,,,,,,,,,0,,,,
209949,209949,0.500000,UT,,,20:25:38 12-Nov-2022,,B,-18.7269,147.8187,,,,,,3.450,,,,,,,,,,,,,,,,,,,,,,,,,,,,,,0,,,,
209949,209949,0.500000,UT,1.00b,,20:36:28 12-Nov-2022,,B,-18.7017,147.9022,,0,,,,,,,,,,,,,,,,,,,,,,,,,,,,,,,,,,0,,,,
209949,209949,0.500000,UT,1.00b,,23:09:32 12-Nov-2022,,A,-18.7018,147.8486,,0,,,,,,,,,,,,,,,,,,,,,,,,,,,,,,,,,,0,,,,
209949,209949,0.500000,UT,,,23:10:29 12-Nov-2022,,A,-18.7018,147.8486,,,,,,,,,27.45,,,,,,,,,,,,,,,,,,,,,,,,,,,0,,,,
209949,209949,0.500000,UT,,,20:05:21 13-Nov-2022,,B,-18.9790,147.8778,,,,,,3.500,,,,,,,,,,,,,,,,,,,,,,,,,,,,,,0,,,,
209949,209949,0.500000,UT,,,07:17:47 14-Nov-2022,,B,-19.0313,147.7421,,,,,,3.475,,,,,,,,,,,,,,,,,,,,,,,,,,,,,,0,,,,
209949,209949,0.500000,UT,,,21:34:07 14-Nov-2022,,B,-19.1210,147.9988,,,,,,3.450,,,,,,,,,,,,,,,,,,,,,,,,,,,,,,0,,,,
209949,209949,0.500000,UT,,,08:19:48 15-Nov-2022,,B,-19.4360,147.7110,,,,,,,,,27.50,,,,,,,,,,,,,,,,,,,,,,,,,,,0,,,,
209949,209949,0.500000,UT,,,20:40:22 15-Nov-2022,,B,-20.4974,148.1704,,,,,,,,,27.60,,,,,,,,,,,,,,,,,,,,,,,,,,,0,,,,
209949,209949,0.500000,UT,,,20:41:28 15-Nov-2022,,B,-20.4974,148.1704,,,,,4358,,,,,,,,,,,,,,,,,,,,,,,,,,,,,,,0,,,,
209949,209949,0.500000,UT,1.00b,,21:25:48 15-Nov-2022,,Z,-20.2875,148.5588,,0,,,,,,,,,,,,,,,,,,,,,,,,,,,,,,,,,,0,,,,
209949,209949,0.500000,UT,,,09:06:53 16-Nov-2022,,B,-20.6726,148.4094,,,,,4384,,,,,,,,,,,,,,,,,,,,,,,,,,,,,,,0,,,,
209949,209949,0.500000,UT,,,18:36:11 16-Nov-2022,,B,-20.6533,148.6651,,,,,,3.425,,,,,,,,,,,,,,,,,,,,,,,,,,,,,,0,,,,
209949,209949,0.500000,UT,,,22:28:54 16-Nov-2022,,B,-20.6693,148.6539,,,,,,,,,,,,,,,,,,,,,,,,,,,,,,,,,,,,0,,,,
209949,209949,0.500000,UT,1.00b,,19:07:36 18-Nov-2022,,,,,,0,,,,,,,,,,,,,,,,,,,,,,,,,,,,,,,,,,0,,,,
209949,209949,0.500000,UT,,,19:27:50 18-Nov-2022,,,,,,,,,,,,,,,,,,,,,,,,,,,,,,,,,,,,,,,,0,,,,
209949,209949,0.500000,UT,1.00b,,20:50:44 18-Nov-2022,,,,,,0,,,,,,,,,,,,,,,,,,,,,,,,,,,,,,,,,,0,,,,
209949,209949,0.500000,UT,,07:40:34 19-Nov-2022,07:37:43 19-Nov-2022,-170,,,,CRC,,,,4928,3.550,,,27.75,,,,,,,,,,,,,,120,27,255,0,,,,,,,4,,,1,68,,,
209949,209949,0.500000,UT,,,07:57:09 19-Nov-2022,,0,-20.9981,149.5330,,,,,4935,,,,,,,,,,,,,,,,,,,,,,,,,,,,,,,0,,,,
209949,209949,0.500000,UT,,,07:59:54 19-Nov-2022,,0,-20.9981,149.5330,,,,,,,,,,,,,,,,,,,,,,,,,,,,,,,,,,,,0,,,,
209949,209949,0.500000,UT,,,08:00:10 19-Nov-2022,,0,-20.9981,149.5330,,,,,,,,,27.85,,,,,,,,,,,,,,,,,,,,,,,,,,,0,,,,
209949,209949,0.500000,UT,,,08:00:32 19-Nov-2022,,0,-20.9981,149.5330,,,,,4940,,,,,,,,,,,,,,,,,,,,,,,,,,,,,,,0,,,,
209949,209949,0.500000,UT,,,09:26:39 19-Nov-2022,,0,-21.1058,150.3822,,,,,4967,,,,,,,,,,,,,,,,,,,,,,,,,,,,,,,0,,,,
209949,209949,0.500000,UT,,,09:27:23 19-Nov-2022,,0,-21.1058,150.3822,,,,,,3.525,,,,,,,,,,,,,,,,,,,,,,,,,,,,,,0,,,,
209949,209949,0.500000,UT,1.00b,,09:28:47 19-Nov-2022,,0,-21.1058,150.3822,,0,,,,,,,,,,,,,,,,,,,,,,,,,,,,,,,,,,0,,,,
209949,209949,0.500000,UT,,,10:19:13 19-Nov-2022,,B,-21.1116,150.3981,,,,,,,,,,,,,,,,,,,,,,,,,,,,,,,,,,,,0,,,,
209949,209949,0.500000,UT,,,11:10:50 19-Nov-2022,,B,-21.1132,150.4026,,,,,,,,,27.50,,,,,,,,,,,,,,,,,,,,,,,,,,,0,,,,
209949,209949,0.500000,UT,,,11:11:29 19-Nov-2022,,A,-21.1368,150.4084,,,,,4985,,,,,,,,,,,,,,,,,,,,,,,,,,,,,,,0,,,,
209949,209949,0.500000,UT,,,11:12:41 19-Nov-2022,,A,-21.1368,150.4084,,,,,,3.500,,,,,,,,,,,,,,,,,,,,,,,,,,,,,,0,,,,
209949,209949,0.500000,UT,,,18:42:35 19-Nov-2022,,B,-21.2799,150.4454,,,,,,3.525,,,,,,,,,,,,,,,,,,,,,,,,,,,,,,0,,,,
209949,209949,0.500000,UT,,,19:14:34 19-Nov-2022,,2,-21.3482,150.4730,,,,,,,,,27.45,,,,,,,,,,,,,,,,,,,,,,,,,,,0,,,,
209949,209949,0.500000,UT,,,19:15:18 19-Nov-2022,,2,-21.3482,150.4730,,,,,,3.475,,,,,,,,,,,,,,,,,,,,,,,,,,,,,,0,,,,
209949,209949,0.500000,UT,,,19:16:31 19-Nov-2022,,2,-21.3482,150.4730,,,,,,,,,,,,,,,,,,,,,,,,,,,,,,,,,,,,0,,,,
209949,209949,0.500000,UT,,,20:13:14 19-Nov-2022,,2,-21.3724,150.5020,,,,,,,,,27.60,,,,,,,,,,,,,,,,,,,,,,,,,,,0,,,,
209949,209949,0.500000,UT,,,20:15:51 19-Nov-2022,,2,-21.3724,150.5020,,,,,,3.500,,,,,,,,,,,,,,,,,,,,,,,,,,,,,,0,,,,
209949,209949,0.500000,UT,,,20:20:49 19-Nov-2022,,2,-21.3724,150.5020,,,,,5141,,,,,,,,,,,,,,,,,,,,,,,,,,,,,,,0,,,,
209949,209949,0.500000,UT,,,20:33:48 19-Nov-2022,,2,-21.3798,150.5041,,,,,,,,,27.40,,,,,,,,,,,,,,,,,,,,,,,,,,,0,,,,
209949,209949,0.500000,UT,,,20:34:12 19-Nov-2022,,2,-21.3798,150.5041,,,,,5146,,,,,,,,,,,,,,,,,,,,,,,,,,,,,,,0,,,,
209949,209949,0.500000,UT,,,20:34:28 19-Nov-2022,,2,-21.3798,150.5041,,,,,,3.475,,,,,,,,,,,,,,,,,,,,,,,,,,,,,,0,,,,
209949,209949,0.500000,UT,1.00b,,20:36:05 19-Nov-2022,,2,-21.3798,150.5041,,0,,,,,,,,,,,,,,,,,,,,,,,,,,,,,,,,,,0,,,,
209949,209949,0.500000,UT,,,20:37:03 19-Nov-2022,,2,-21.3798,150.5041,,,,,,,,,27.55,,,,,,,,,,,,,,,,,,,,,,,,,,,0,,,,
209949,209949,0.500000,UT,,,20:37:36 19-Nov-2022,,2,-21.3798,150.5041,,,,,5151,,,,,,,,,,,,,,,,,,,,,,,,,,,,,,,0,,,,
209949,209949,0.500000,UT,,,20:44:06 19-Nov-2022,,2,-21.3760,150.5078,,,,,,,,,27.45,,,,,,,,,,,,,,,,,,,,,,,,,,,0,,,,
209949,209949,0.500000,UT,,,20:45:50 19-Nov-2022,,2,-21.3760,150.5078,,,,,,3.475,,,,,,,,,,,,,,,,,,,,,,,,,,,,,,0,,,,
209949,209949,0.500000,UT,1.00b,,20:46:07 19-Nov-2022,,2,-21.3760,150.5078,,0,,,,,,,,,,,,,,,,,,,,,,,,,,,,,,,,,,0,,,,
209949,209949,0.500000,UT,,,20:46:25 19-Nov-2022,,2,-21.3760,150.5078,,,,,,,,,,,,,,,,,,,,,,,,,,,,,,,,,,,,0,,,,
209949,209949,0.500000,UT,,,20:47:57 19-Nov-2022,,1,-21.3803,150.5065,,,,,,,,,27.65,,,,,,,,,,,,,,,,,,,,,,,,,,,0,,,,
209949,209949,0.500000,UT,,,07:26:20 20-Nov-2022,,A,-21.6251,150.8428,,,,,,3.525,,,,,,,,,,,,,,,,,,,,,,,,,,,,,,0,,,,
209949,209949,0.500000,UT,,,07:29:01 20-Nov-2022,,A,-21.6251,150.8428,,,,,,,,,27.65,,,,,,,,,,,,,,,,,,,,,,,,,,,0,,,,
209949,209949,0.500000,UT,,,07:29:23 20-Nov-2022,,A,-21.6251,150.8428,,,,,5188,,,,,,,,,,,,,,,,,,,,,,,,,,,,,,,0,,,,
209949,209949,0.500000,UT,,,09:18:42 20-Nov-2022,,B,-21.6470,150.7832,,,,,5240,,,,,,,,,,,,,,,,,,,,,,,,,,,,,,,0,,,,
209949,209949,0.500000,UT,,,10:50:18 20-Nov-2022,,B,-21.6784,150.8241,,,,,,,,,,,,,,,,,,,,,,,,,,,,,,,,,,,,0,,,,
209949,209949,0.500000,UT,,,11:45:50 20-Nov-2022,,B,-21.7068,150.8454,,,,,,,,,,,,,,,,,,,,,,,,,,,,,,,,,,,,0,,,,
209949,209949,0.500000,UT,,,11:47:26 20-Nov-2022,,B,-21.7068,150.8454,,,,,5266,,,,,,,,,,,,,,,,,,,,,,,,,,,,,,,0,,,,
209949,209949,0.500000,UT,1.00b,,19:47:45 20-Nov-2022,,0,-21.8431,150.9909,,0,,,,,,,,,,,,,,,,,,,,,,,,,,,,,,,,,,0,,,,
209949,209949,0.500000,UT,,,19:48:14 20-Nov-2022,,0,-21.8431,150.9909,,,,,,,,,,,,,,,,,,,,,,,,,,,,,,,,,,,,0,,,,
209949,209949,0.500000,UT,,,19:48:30 20-Nov-2022,,0,-21.8431,150.9909,,,,,,,,,27.10,,,,,,,,,,,,,,,,,,,,,,,,,,,0,,,,
209949,209949,0.500000,UT,,,19:48:51 20-Nov-2022,,0,-21.8431,150.9909,,,,,5308,,,,,,,,,,,,,,,,,,,,,,,,,,,,,,,0,,,,
209949,209949,0.500000,UT,1.00b,,20:16:52 20-Nov-2022,,B,-21.8427,150.9880,,0,,,,,,,,,,,,,,,,,,,,,,,,,,,,,,,,,,0,,,,
209949,209949,0.500000,UT,,,06:59:03 21-Nov-2022,,A,-22.1718,151.2167,,,,,,3.500,,,,,,,,,,,,,,,,,,,,,,,,,,,,,,0,,,,
209949,209949,0.500000,UT,,,07:01:34 21-Nov-2022,,3,-22.0547,151.1228,,,,,,,,,,,,,,,,,,,,,,,,,,,,,,,,,,,,0,,,,
209949,209949,0.500000,UT,,,07:03:26 21-Nov-2022,,3,-22.0547,151.1228,,,,,5341,,,,,,,,,,,,,,,,,,,,,,,,,,,,,,,0,,,,
209949,209949,0.500000,UT,1.00b,,08:39:10 21-Nov-2022,,B,-22.1038,151.1561,,0,,,,,,,,,,,,,,,,,,,,,,,,,,,,,,,,,,0,,,,
209949,209949,0.500000,UT,,,08:40:29 21-Nov-2022,,A,-22.0747,151.1350,,,,,,3.475,,,,,,,,,,,,,,,,,,,,,,,,,,,,,,0,,,,
209949,209949,0.500000,UT,1.00b,,08:40:55 21-Nov-2022,,A,-22.0747,151.1350,,0,,,,,,,,,,,,,,,,,,,,,,,,,,,,,,,,,,0,,,,
209949,209949,0.500000,UT,,,10:11:58 21-Nov-2022,,B,-22.1182,151.1665,,,,,5412,,,,,,,,,,,,,,,,,,,,,,,,,,,,,,,0,,,,
209949,209949,0.500000,UT,1.00b,,10:13:20 21-Nov-2022,,B,-22.1182,151.1665,,0,,,,,,,,,,,,,,,,,,,,,,,,,,,,,,,,,,0,,,,
209949,209949,0.500000,UT,,,10:38:36 21-Nov-2022,,A,-22.1179,151.1868,,,,,,,,,27.00,,,,,,,,,,,,,,,,,,,,,,,,,,,0,,,,
209949,209949,0.500000,UT,,,10:38:51 21-Nov-2022,,A,-22.1179,151.1868,,,,,5417,,,,,,,,,,,,,,,,,,,,,,,,,,,,,,,0,,,,
209949,209949,0.500000,UT,,,10:40:30 21-Nov-2022,,A,-22.1179,151.1868,,,,,,3.500,,,,,,,,,,,,,,,,,,,,,,,,,,,,,,0,,,,
209949,209949,0.500000,UT,,,19:09:57 21-Nov-2022,,3,-22.3025,151.2693,,,,,5439,,,,,,,,,,,,,,,,,,,,,,,,,,,,,,,0,,,,
209949,209949,0.500000,UT,,,19:12:44 21-Nov-2022,,3,-22.3025,151.2693,,,,,5444,,,,,,,,,,,,,,,,,,,,,,,,,,,,,,,0,,,,
209949,209949,0.500000,UT,,,19:13:04 21-Nov-2022,,3,-22.3025,151.2693,,,,,,3.425,,,,,,,,,,,,,,,,,,,,,,,,,,,,,,0,,,,
209949,209949,0.500000,UT,,,19:14:40 21-Nov-2022,,3,-22.3025,151.2693,,,,,5449,,,,,,,,,,,,,,,,,,,,,,,,,,,,,,,0,,,,
209949,209949,0.500000,UT,1.00b,,19:16:07 21-Nov-2022,,3,-22.3025,151.2693,,0,,,,,,,,,,,,,,,,,,,,,,,,,,,,,,,,,,0,,,,
209949,209949,0.500000,UT,,,19:19:16 21-Nov-2022,,3,-22.3025,151.2693,,,,,,3.500,,,,,,,,,,,,,,,,,,,,,,,,,,,,,,0,,,,
209949,209949,0.500000,UT,,,19:20:44 21-Nov-2022,,3,-22.3025,151.2693,,,,,,,,,,,,,,,,,,,,,,,,,,,,,,,,,,,,0,,,,
209949,209949,0.500000,UT,,,19:21:07 21-Nov-2022,,3,-22.3025,151.2693,,,,,,,,,27.05,,,,,,,,,,,,,,,,,,,,,,,,,,,0,,,,
209949,209949,0.500000,UT,,,19:21:29 21-Nov-2022,,3,-22.3025,151.2693,,,,,5460,,,,,,,,,,,,,,,,,,,,,,,,,,,,,,,0,,,,
209949,209949,0.500000,UT,,,19:21:44 21-Nov-2022,,3,-22.3025,151.2693,,,,,,3.475,,,,,,,,,,,,,,,,,,,,,,,,,,,,,,0,,,,
209949,209949,0.500000,UT,1.00b,,20:08:51 21-Nov-2022,,B,-22.3194,151.2727,,0,,,,,,,,,,,,,,,,,,,,,,,,,,,,,,,,,,0,,,,
209949,209949,0.500000,UT,,,20:09:32 21-Nov-2022,,B,-22.3194,151.2727,,,,,,,,,,,,,,,,,,,,,,,,,,,,,,,,,,,,0,,,,
209949,209949,0.500000,UT,,,07:56:53 22-Nov-2022,,B,-22.5997,151.4186,,,,,,,,,26.70,,,,,,,,,,,,,,,,,,,,,,,,,,,0,,,,
209949,209949,0.500000,UT,,,18:43:15 22-Nov-2022,,B,-22.8290,151.5353,,,,,,,,,,,,,,,,,,,,,,,,,,,,,,,,,,,,0,,,,
209949,209949,0.500000,UT,,,19:23:55 22-Nov-2022,,B,-22.8463,151.5240,,,,,,,,,26.55,,,,,,,,,,,,,,,,,,,,,,,,,,,0,,,,
209949,209949,0.500000,UT,,,00:23:01 24-Nov-2022,,,,,,,,,,,,,25.55,,,,,,,,,,,,,,,,,,,,,,,,,,,0,,,,
209949,209949,0.500000,UT,,,20:54:00 24-Nov-2022,,,,,,,,,,,,,25.05,,,,,,,,,,,,,,,,,,,,,,,,,,,0,,,,
209949,209949,0.500000,UT,,,21:55:13 24-Nov-2022,,,,,,,,,,,,,,,,,,,,,,,,,,,,,,,,,,,,,,,,0,,,,
209949,209949,0.500000,UT,1.00b,,06:29:23 25-Nov-2022,,A,-23.2812,151.7187,,0,,,,,,,,,,,,,,,,,,,,,,,,,,,,,,,,,,0,,,,
209949,209949,0.500000,UT,,,06:35:24 25-Nov-2022,,A,-23.2812,151.7187,,,,,,,,,,,,,,,,,,,,,,,,,,,,,,,,,,,,0,,,,
209949,209949,0.500000,UT,,,08:09:58 25-Nov-2022,,B,-23.3070,151.7367,,,,,,,,,25.25,,,,,,,,,,,,,,,,,,,,,,,,,,,0,,,,
209949,209949,0.500000,UT,,,09:48:17 25-Nov-2022,,B,-23.3221,151.7462,,,,,,,,,25.35,,,,,,,,,,,,,,,,,,,,,,,,,,,0,,,,
209949,209949,0.500000,UT,1.00b,,11:37:33 25-Nov-2022,,B,-23.2810,151.7210,,0,,,,,,,,,,,,,,,,,,,,,,,,,,,,,,,,,,0,,,,
209949,209949,0.500000,UT,1.00b,,18:52:19 25-Nov-2022,,B,-23.3210,151.7384,,0,,,,,,,,,,,,,,,,,,,,,,,,,,,,,,,,,,0,,,,
209949,209949,0.500000,UT,,,19:41:10 25-Nov-2022,,A,-23.2646,151.7046,,,,,,,,,,,,,,,,,,,,,,,,,,,,,,,,,,,,0,,,,
209949,209949,0.500000,UT,,,19:43:17 25-Nov-2022,,A,-23.2646,151.7046,,,,,,,,,25.45,,,,,,,,,,,,,,,,,,,,,,,,,,,0,,,,
209949,209949,0.500000,UT,,,19:45:59 25-Nov-2022,,A,-23.2646,151.7046,,,,,5691,,,,,,,,,,,,,,,,,,,,,,,,,,,,,,,0,,,,
209949,209949,0.500000,UT,,,21:08:11 25-Nov-2022,,B,-23.2569,151.6971,,,,,,3.500,,,,,,,,,,,,,,,,,,,,,,,,,,,,,,0,,,,
209949,209949,0.500000,UT,,,07:34:12 26-Nov-2022,,1,-23.3354,151.7076,,,,,,,,,,,,,,,,,,,,,,,,,,,,,,,,,,,,0,,,,
209949,209949,0.500000,UT,,,07:41:58 26-Nov-2022,,1,-23.3354,151.7076,,,,,,3.475,,,,,,,,,,,,,,,,,,,,,,,,,,,,,,0,,,,
209949,209949,0.500000,UT,,,07:44:36 26-Nov-2022,,1,-23.3354,151.7076,,,,,,,,,,,,,,,,,,,,,,,,,,,,,,,,,,,,0,,,,
209949,209949,0.500000,UT,,,07:44:54 26-Nov-2022,,1,-23.3354,151.7076,,,,,,,,,25.75,,,,,,,,,,,,,,,,,,,,,,,,,,,0,,,,
209949,209949,0.500000,UT,,,08:08:40 26-Nov-2022,,A,-23.3366,151.6849,,,,,,,,,,,,,,,,,,,,,,,,,,,,,,,,,,,,0,,,,
209949,209949,0.500000,UT,,,08:11:43 26-Nov-2022,,A,-23.3366,151.6849,,,,,5738,,,,,,,,,,,,,,,,,,,,,,,,,,,,,,,0,,,,
209949,209949,0.500000,UT,,,08:12:09 26-Nov-2022,,A,-23.3366,151.6849,,,,,,3.450,,,,,,,,,,,,,,,,,,,,,,,,,,,,,,0,,,,
209949,209949,0.500000,UT,,,18:21:14 26-Nov-2022,,B,-23.3552,151.7149,,,,,,,,,25.50,,,,,,,,,,,,,,,,,,,,,,,,,,,0,,,,
209949,209949,0.500000,UT,,,18:52:04 26-Nov-2022,,B,-23.3495,151.6996,,,,,,3.475,,,,,,,,,,,,,,,,,,,,,,,,,,,,,,0,,,,
209949,209949,0.500000,UT,,,19:23:37 26-Nov-2022,,A,-23.3885,151.7066,,,,,,,,,,,,,,,,,,,,,,,,,,,,,,,,,,,,0,,,,
209949,209949,0.500000,UT,,,19:23:55 26-Nov-2022,,A,-23.3885,151.7066,,,,,,,,,25.40,,,,,,,,,,,,,,,,,,,,,,,,,,,0,,,,
209949,209949,0.500000,UT,,,19:54:32 26-Nov-2022,,0,-23.4103,151.6646,,,,,5884,,,,,,,,,,,,,,,,,,,,,,,,,,,,,,,0,,,,
209949,209949,0.500000,UT,,,19:57:03 26-Nov-2022,,0,-23.4103,151.6646,,,,,,,,,25.40,,,,,,,,,,,,,,,,,,,,,,,,,,,0,,,,
209949,209949,0.500000,UT,,,19:57:23 26-Nov-2022,,0,-23.4103,151.6646,,,,,5889,,,,,,,,,,,,,,,,,,,,,,,,,,,,,,,0,,,,
209949,209949,0.500000,UT,,,19:59:03 26-Nov-2022,,0,-23.4103,151.6646,,,,,,,,,,,,,,,,,,,,,,,,,,,,,,,,,,,,0,,,,
209949,209949,0.500000,UT,,,19:59:47 26-Nov-2022,,0,-23.4103,151.6646,,,,,,,,,25.45,,,,,,,,,,,,,,,,,,,,,,,,,,,0,,,,
209949,209949,0.500000,UT,,,20:01:57 26-Nov-2022,,0,-23.4103,151.6646,,,,,5894,,,,,,,,,,,,,,,,,,,,,,,,,,,,,,,0,,,,
209949,209949,0.500000,UT,1.00b,,20:03:04 26-Nov-2022,,0,-23.4103,151.6646,,0,,,,,,,,,,,,,,,,,,,,,,,,,,,,,,,,,,0,,,,
209949,209949,0.500000,UT,,,20:18:46 26-Nov-2022,,A,-23.4130,151.6539,,,,,,,,,,,,,,,,,,,,,,,,,,,,,,,,,,,,0,,,,
209949,209949,0.500000,UT,,,20:20:40 26-Nov-2022,,A,-23.4130,151.6539,,,,,,,,,25.40,,,,,,,,,,,,,,,,,,,,,,,,,,,0,,,,
209949,209949,0.500000,UT,,,20:56:54 26-Nov-2022,,B,-23.4264,151.6321,,,,,5920,,,,,,,,,,,,,,,,,,,,,,,,,,,,,,,0,,,,
209949,209949,0.500000,UT,,,20:59:41 26-Nov-2022,,B,-23.4264,151.6321,,,,,,3.450,,,,,,,,,,,,,,,,,,,,,,,,,,,,,,0,,,,
209949,209949,0.500000,UT,,,21:02:06 26-Nov-2022,,A,-23.4292,151.6321,,,,,,,,,,,,,,,,,,,,,,,,,,,,,,,,,,,,0,,,,
209949,209949,0.500000,UT,1.00b,,07:04:51 27-Nov-2022,,B,-23.5831,151.4281,,0,,,,,,,,,,,,,,,,,,,,,,,,,,,,,,,,,,0,,,,
209949,209949,0.500000,UT,,,08:25:27 27-Nov-2022,,B,-23.4580,151.6745,,,,,,,,,,,,,,,,,,,,,,,,,,,,,,,,,,,,0,,,,
209949,209949,0.500000,UT,,,11:04:27 27-Nov-2022,,B,-23.4546,151.7534,,,,,,,,,25.85,,,,,,,,,,,,,,,,,,,,,,,,,,,0,,,,
209949,209949,0.500000,UT,1.00b,,11:11:36 27-Nov-2022,,B,-23.4546,151.7534,,0,,,,,,,,,,,,,,,,,,,,,,,,,,,,,,,,,,0,,,,
209949,209949,0.500000,UT,,,20:46:42 27-Nov-2022,,B,-23.4019,151.6992,,,,,,,,,26.05,,,,,,,,,,,,,,,,,,,,,,,,,,,0,,,,
209949,209949,0.500000,UT,,,20:51:12 27-Nov-2022,,B,-23.4019,151.6992,,,,,6015,,,,,,,,,,,,,,,,,,,,,,,,,,,,,,,0,,,,
209949,209949,0.500000,UT,,,21:06:21 27-Nov-2022,,3,-23.4230,151.5780,,,,,,,,,,,,,,,,,,,,,,,,,,,,,,,,,,,,0,,,,
209949,209949,0.500000,UT,1.00b,,21:12:23 27-Nov-2022,,3,-23.4230,151.5780,,0,,,,,,,,,,,,,,,,,,,,,,,,,,,,,,,,,,0,,,,
209949,209949,0.500000,UT,,,22:21:41 27-Nov-2022,,1,-23.4136,151.6149,,,,,,3.375,,,,,,,,,,,,,,,,,,,,,,,,,,,,,,0,,,,
209949,209949,0.500000,UT,1.00b,,22:23:24 27-Nov-2022,,1,-23.4136,151.6149,,0,,,,,,,,,,,,,,,,,,,,,,,,,,,,,,,,,,0,,,,
209949,209949,0.500000,UT,,,22:23:40 27-Nov-2022,,1,-23.4136,151.6149,,,,,,,,,,,,,,,,,,,,,,,,,,,,,,,,,,,,0,,,,
209949,209949,0.500000,UT,,,22:23:55 27-Nov-2022,,1,-23.4136,151.6149,,,,,,,,,26.40,,,,,,,,,,,,,,,,,,,,,,,,,,,0,,,,
209949,209949,0.500000,UT,,,22:24:11 27-Nov-2022,,1,-23.4136,151.6149,,,,,6036,,,,,,,,,,,,,,,,,,,,,,,,,,,,,,,0,,,,
209949,209949,0.500000,UT,,,08:53:54 28-Nov-2022,,3,-23.4091,151.7384,,,,,,,,,26.15,,,,,,,,,,,,,,,,,,,,,,,,,,,0,,,,
209949,209949,0.500000,UT,,,08:54:23 28-Nov-2022,,3,-23.4091,151.7384,,,,,6067,,,,,,,,,,,,,,,,,,,,,,,,,,,,,,,0,,,,
209949,209949,0.500000,UT,,,08:56:29 28-Nov-2022,,3,-23.4091,151.7384,,,,,,3.525,,,,,,,,,,,,,,,,,,,,,,,,,,,,,,0,,,,
209949,209949,0.500000,UT,,,09:02:22 28-Nov-2022,,3,-23.4091,151.7384,,,,,,,,,,,,,,,,,,,,,,,,,,,,,,,,,,,,0,,,,
209949,209949,0.500000,UT,,,11:53:34 29-Nov-2022,,B,-23.2896,151.4107,,,,,,3.500,,,,,,,,,,,,,,,,,,,,,,,,,,,,,,0,,,,
209949,209949,0.500000,UT,,,19:42:02 29-Nov-2022,,A,-23.2543,151.7165,,,,,,,,,25.60,,,,,,,,,,,,,,,,,,,,,,,,,,,0,,,,
209949,209949,0.500000,UT,,,19:44:46 29-Nov-2022,,A,-23.2543,151.7165,,,,,,3.375,,,,,,,,,,,,,,,,,,,,,,,,,,,,,,0,,,,
209949,209949,0.500000,UT,1.00b,,19:45:12 29-Nov-2022,,A,-23.2543,151.7165,,0,,,,,,,,,,,,,,,,,,,,,,,,,,,,,,,,,,0,,,,
209949,209949,0.500000,UT,,,20:00:06 29-Nov-2022,,1,-23.2796,151.7312,,,,,,,,,25.85,,,,,,,,,,,,,,,,,,,,,,,,,,,0,,,,
209949,209949,0.500000,UT,,,20:03:11 29-Nov-2022,,1,-23.2796,151.7312,,,,,6370,,,,,,,,,,,,,,,,,,,,,,,,,,,,,,,0,,,,
209949,209949,0.500000,UT,,,20:03:27 29-Nov-2022,,1,-23.2796,151.7312,,,,,,3.450,,,,,,,,,,,,,,,,,,,,,,,,,,,,,,0,,,,
209949,209949,0.500000,UT,1.00b,,20:07:30 29-Nov-2022,,1,-23.2796,151.7312,,0,,,,,,,,,,,,,,,,,,,,,,,,,,,,,,,,,,0,,,,
209949,209949,0.500000,UT,,,20:27:35 29-Nov-2022,,A,-23.2769,151.7332,,,,,6375,,,,,,,,,,,,,,,,,,,,,,,,,,,,,,,0,,,,
209949,209949,0.500000,UT,,,20:27:50 29-Nov-2022,,A,-23.2769,151.7332,,,,,,3.475,,,,,,,,,,,,,,,,,,,,,,,,,,,,,,0,,,,
209949,209949,0.500000,UT,,,21:19:25 29-Nov-2022,,3,-23.2815,151.7142,,,,,,3.475,,,,,,,,,,,,,,,,,,,,,,,,,,,,,,0,,,,
209949,209949,0.500000,UT,,,21:20:34 29-Nov-2022,,3,-23.2815,151.7142,,,,,,,,,25.85,,,,,,,,,,,,,,,,,,,,,,,,,,,0,,,,
209949,209949,0.500000,UT,,,21:25:16 29-Nov-2022,,3,-23.2815,151.7142,,,,,,3.525,,,,,,,,,,,,,,,,,,,,,,,,,,,,,,0,,,,
209949,209949,0.500000,UT,1.00b,,21:26:09 29-Nov-2022,,3,-23.2815,151.7142,,0,,,,,,,,,,,,,,,,,,,,,,,,,,,,,,,,,,0,,,,
209949,209949,0.500000,UT,,,21:27:18 29-Nov-2022,,3,-23.2815,151.7142,,,,,6407,,,,,,,,,,,,,,,,,,,,,,,,,,,,,,,0,,,,
209949,209949,0.500000,UT,,,21:28:23 29-Nov-2022,,3,-23.2815,151.7142,,,,,,3.500,,,,,,,,,,,,,,,,,,,,,,,,,,,,,,0,,,,
209949,209949,0.500000,UT,,,21:29:40 29-Nov-2022,,3,-23.2815,151.7142,,,,,,,,,,,,,,,,,,,,,,,,,,,,,,,,,,,,0,,,,
209949,209949,0.500000,UT,,,21:30:12 29-Nov-2022,,3,-23.2815,151.7142,,,,,,,,,2486.60,,,,,,,,,,,,,,,,,,,,,,,,,,,0,,,,
209949,209949,0.500000,UT,,,21:57:32 29-Nov-2022,,B,-23.2542,151.7086,,,,,,,,,,,,,,,,,,,,,,,,,,,,,,,,,,,,0,,,,
209949,209949,0.500000,UT,,,11:31:37 30-Nov-2022,,2,-23.3595,151.7030,,,,,,,,,25.60,,,,,,,,,,,,,,,,,,,,,,,,,,,0,,,,
209949,209949,0.500000,UT,,,11:31:59 30-Nov-2022,,2,-23.3595,151.7030,,,,,6464,,,,,,,,,,,,,,,,,,,,,,,,,,,,,,,0,,,,
209949,209949,0.500000,UT,,,11:33:14 30-Nov-2022,,2,-23.3595,151.7030,,,,,,3.550,,,,,,,,,,,,,,,,,,,,,,,,,,,,,,0,,,,
209949,209949,0.500000,UT,1.00b,,11:34:36 30-Nov-2022,,2,-23.3595,151.7030,,0,,,,,,,,,,,,,,,,,,,,,,,,,,,,,,,,,,0,,,,
209949,209949,0.500000,UT,,,11:49:35 30-Nov-2022,,1,-23.3523,151.6929,,,,,,,,,,,,,,,,,,,,,,,,,,,,,,,,,,,,0,,,,
209949,209949,0.500000,UT,,,11:50:01 30-Nov-2022,,1,-23.3523,151.6929,,,,,,,,,25.70,,,,,,,,,,,,,,,,,,,,,,,,,,,0,,,,
209949,209949,0.500000,UT,1.00b,,11:51:28 30-Nov-2022,,1,-23.3523,151.6929,,0,,,,,,,,,,,,,,,,,,,,,,,,,,,,,,,,,,0,,,,
209949,209949,0.500000,UT,,,11:52:22 30-Nov-2022,,1,-23.3523,151.6929,,,,,,,,,25.75,,,,,,,,,,,,,,,,,,,,,,,,,,,0,,,,
209949,209949,0.500000,UT,,,13:15:37 30-Nov-2022,,B,-23.3496,151.6986,,,,,,,,,25.60,,,,,,,,,,,,,,,,,,,,,,,,,,,0,,,,
209949,209949,0.500000,UT,,,19:36:13 30-Nov-2022,,B,-23.3771,151.5699,,,,,,,,,,,,,,,,,,,,,,,,,,,,,,,,,,,,0,,,,
209949,209949,0.500000,UT,,,20:14:08 30-Nov-2022,,A,-23.3861,151.5633,,,,,,,,,,,,,,,,,,,,,,,,,,,,,,,,,,,,0,,,,
209949,209949,0.500000,UT,,,20:14:44 30-Nov-2022,,A,-23.3861,151.5633,,,,,,,,,25.75,,,,,,,,,,,,,,,,,,,,,,,,,,,0,,,,
209949,209949,0.500000,UT,,,20:15:04 30-Nov-2022,,A,-23.3861,151.5633,,,,,6516,,,,,,,,,,,,,,,,,,,,,,,,,,,,,,,0,,,,
209949,209949,0.500000,UT,,,20:47:30 30-Nov-2022,,1,-23.3906,151.5578,,,,,6558,,,,,,,,,,,,,,,,,,,,,,,,,,,,,,,0,,,,
209949,209949,0.500000,UT,,,20:48:50 30-Nov-2022,,1,-23.3906,151.5578,,,,,,,,,,,,,,,,,,,,,,,,,,,,,,,,,,,,0,,,,
209949,209949,0.500000,UT,,,20:50:26 30-Nov-2022,,1,-23.3906,151.5578,,,,,,3.475,,,,,,,,,,,,,,,,,,,,,,,,,,,,,,0,,,,
209949,209949,0.500000,UT,1.00b,,20:50:54 30-Nov-2022,,1,-23.3906,151.5578,,0,,,,,,,,,,,,,,,,,,,,,,,,,,,,,,,,,,0,,,,
209949,209949,0.500000,UT,,,20:51:52 30-Nov-2022,,2,-23.3934,151.5436,,,,,,,,,25.80,,,,,,,,,,,,,,,,,,,,,,,,,,,0,,,,
209949,209949,0.500000,UT,,,20:52:53 30-Nov-2022,,2,-23.3934,151.5436,,,,,6568,,,,,,,,,,,,,,,,,,,,,,,,,,,,,,,0,,,,
209949,209949,0.500000,UT,1.00b,,20:54:33 30-Nov-2022,,2,-23.3934,151.5436,,0,,,,,,,,,,,,,,,,,,,,,,,,,,,,,,,,,,0,,,,
209949,209949,0.500000,UT,,,20:58:59 30-Nov-2022,,2,-23.3934,151.5436,,,,,6573,,,,,,,,,,,,,,,,,,,,,,,,,,,,,,,0,,,,
209949,209949,0.500000,UT,,,21:02:28 30-Nov-2022,,2,-23.3934,151.5436,,,,,,3.475,,,,,,,,,,,,,,,,,,,,,,,,,,,,,,0,,,,
209949,209949,0.500000,UT,,,21:03:27 30-Nov-2022,,2,-23.3934,151.5436,,,,,,,,,,,,,,,,,,,,,,,,,,,,,,,,,,,,0,,,,
209949,209949,0.500000,UT,,,21:10:21 30-Nov-2022,,1,-23.3854,151.5453,,,,,,3.475,,,,,,,,,,,,,,,,,,,,,,,,,,,,,,0,,,,
209949,209949,0.500000,UT,,21:16:01 30-Nov-2022,21:12:34 30-Nov-2022,-206,1,-23.3854,151.5453,CRC,,,,6603,3.500,,,25.80,,,,,,,,,,,,,,255,27,255,0,,,,,,,0,,,1,68,,,
209949,209949,0.500000,UT,,,21:15:06 30-Nov-2022,,1,-23.3854,151.5453,,,,,,,,,,,,,,,,,,,,,,,,,,,,,,,,,,,,0,,,,
209949,209949,0.500000,UT,,,21:15:38 30-Nov-2022,,1,-23.3854,151.5453,,,,,,,,,25.85,,,,,,,,,,,,,,,,,,,,,,,,,,,0,,,,
209949,209949,0.500000,UT,,,21:15:54 30-Nov-2022,,1,-23.3854,151.5453,,,,,6610,,,,,,,,,,,,,,,,,,,,,,,,,,,,,,,0,,,,
209949,209949,0.500000,UT,,,21:52:07 30-Nov-2022,,1,-23.3719,151.5503,,,,,,3.400,,,,,,,,,,,,,,,,,,,,,,,,,,,,,,0,,,,
209949,209949,0.500000,UT,1.00b,,21:52:23 30-Nov-2022,,1,-23.3719,151.5503,,0,,,,,,,,,,,,,,,,,,,,,,,,,,,,,,,,,,0,,,,
209949,209949,0.500000,UT,,,21:56:41 30-Nov-2022,,1,-23.3719,151.5503,,,,,,,,,25.85,,,,,,,,,,,,,,,,,,,,,,,,,,,0,,,,
209949,209949,0.500000,UT,,,21:58:30 30-Nov-2022,,1,-23.3719,151.5503,,,,,,3.475,,,,,,,,,,,,,,,,,,,,,,,,,,,,,,0,,,,
209949,209949,0.500000,UT,,,06:40:40 01-Dec-2022,,2,-23.2847,151.6996,,,,,,,,,25.15,,,,,,,,,,,,,,,,,,,,,,,,,,,0,,,,
209949,209949,0.500000,UT,,,06:40:55 01-Dec-2022,,2,-23.2847,151.6996,,,,,6715,,,,,,,,,,,,,,,,,,,,,,,,,,,,,,,0,,,,
209949,209949,0.500000,UT,,,06:41:10 01-Dec-2022,,2,-23.2847,151.6996,,,,,,3.500,,,,,,,,,,,,,,,,,,,,,,,,,,,,,,0,,,,
209949,209949,0.500000,UT,,,06:41:41 01-Dec-2022,,2,-23.2847,151.6996,,,,,,,,,,,,,,,,,,,,,,,,,,,,,,,,,,,,0,,,,
209949,209949,0.500000,UT,,,06:42:40 01-Dec-2022,,2,-23.2847,151.6996,,,,,,3.475,,,,,,,,,,,,,,,,,,,,,,,,,,,,,,0,,,,
209949,209949,0.500000,UT,1.00b,,06:43:01 01-Dec-2022,,2,-23.2847,151.6996,,0,,,,,,,,,,,,,,,,,,,,,,,,,,,,,,,,,,0,,,,
209949,209949,0.500000,UT,1.00b,,07:16:44 01-Dec-2022,,B,-23.2811,151.7004,,0,,,,,,,,,,,,,,,,,,,,,,,,,,,,,,,,,,0,,,,
209949,209949,0.500000,UT,,,08:20:43 01-Dec-2022,,B,-23.2657,151.6967,,,,,,,,,,,,,,,,,,,,,,,,,,,,,,,,,,,,0,,,,
209949,209949,0.500000,UT,1.00b,,10:24:49 01-Dec-2022,,A,-23.2896,151.7044,,0,,,,,,,,,,,,,,,,,,,,,,,,,,,,,,,,,,0,,,,
209949,209949,0.500000,UT,,,10:25:04 01-Dec-2022,,A,-23.2896,151.7044,,,,,,,,,,,,,,,,,,,,,,,,,,,,,,,,,,,,0,,,,
209949,209949,0.500000,UT,,,13:13:57 01-Dec-2022,,B,-23.2804,151.7034,,,,,,,,,24.85,,,,,,,,,,,,,,,,,,,,,,,,,,,0,,,,
209949,209949,0.500000,UT,,,18:57:18 01-Dec-2022,,2,-23.3033,151.6740,,,,,,,,,25.40,,,,,,,,,,,,,,,,,,,,,,,,,,,0,,,,
209949,209949,0.500000,UT,,,18:57:53 01-Dec-2022,,2,-23.3033,151.6740,,,,,6814,,,,,,,,,,,,,,,,,,,,,,,,,,,,,,,0,,,,
209949,209949,0.500000,UT,,,19:01:12 01-Dec-2022,,2,-23.3023,151.6787,,,,,,,,,25.35,,,,,,,,,,,,,,,,,,,,,,,,,,,0,,,,
209949,209949,0.500000,UT,,,19:01:42 01-Dec-2022,,2,-23.3033,151.6740,,,,,6819,,,,,,,,,,,,,,,,,,,,,,,,,,,,,,,0,,,,
209949,209949,0.500000,UT,1.00b,,19:02:29 01-Dec-2022,,2,-23.3033,151.6740,,0,,,,,,,,,,,,,,,,,,,,,,,,,,,,,,,,,,0,,,,
209949,209949,0.500000,UT,,,19:02:45 01-Dec-2022,,2,-23.3033,151.6740,,,,,,,,,,,,,,,,,,,,,,,,,,,,,,,,,,,,0,,,,
209949,209949,0.500000,UT,,,19:04:16 01-Dec-2022,,2,-23.3023,151.6787,,,,,6824,,,,,,,,,,,,,,,,,,,,,,,,,,,,,,,0,,,,
209949,209949,0.500000,UT,,,19:09:54 01-Dec-2022,,2,-23.3023,151.6787,,,,,6830,,,,,,,,,,,,,,,,,,,,,,,,,,,,,,,0,,,,
209949,209949,0.500000,UT,,,00:03:37 02-Dec-2022,,B,-23.2887,151.6806,,,,,,3.525,,,,,,,,,,,,,,,,,,,,,,,,,,,,,,0,,,,
209949,209949,0.500000,UT,,,06:58:31 02-Dec-2022,,A,-23.1481,151.6793,,,,,,,,,24.85,,,,,,,,,,,,,,,,,,,,,,,,,,,0,,,,
209949,209949,0.500000,UT,1.00b,,07:00:18 02-Dec-2022,,A,-23.1481,151.6793,,0,,,,,,,,,,,,,,,,,,,,,,,,,,,,,,,,,,0,,,,
209949,209949,0.500000,UT,,,07:02:34 02-Dec-2022,,A,-23.1481,151.6793,,,,,,,,,24.80,,,,,,,,,,,,,,,,,,,,,,,,,,,0,,,,
209949,209949,0.500000,UT,,,07:53:44 02-Dec-2022,,0,-23.1348,151.6794,,,,,,,,,,,,,,,,,,,,,,,,,,,,,,,,,,,,0,,,,
209949,209949,0.500000,UT,,,07:55:00 02-Dec-2022,,0,-23.1348,151.6794,,,,,,3.475,,,,,,,,,,,,,,,,,,,,,,,,,,,,,,0,,,,
209949,209949,0.500000,UT,1.00b,,07:55:15 02-Dec-2022,,0,-23.1348,151.6794,,0,,,,,,,,,,,,,,,,,,,,,,,,,,,,,,,,,,0,,,,
209949,209949,0.500000,UT,1.00b,,10:54:20 02-Dec-2022,,B,-23.0972,151.6686,,0,,,,,,,,,,,,,,,,,,,,,,,,,,,,,,,,,,0,,,,
209949,209949,0.500000,UT,,,21:20:49 02-Dec-2022,,1,-23.1004,151.6607,,,,,,,,,,,,,,,,,,,,,,,,,,,,,,,,,,,,0,,,,
209949,209949,0.500000,UT,,,21:21:06 02-Dec-2022,,1,-23.1004,151.6607,,,,,,,,,24.90,,,,,,,,,,,,,,,,,,,,,,,,,,,0,,,,
209949,209949,0.500000,UT,,,21:33:16 02-Dec-2022,,1,-23.1004,151.6607,,,,,,,,,25.00,,,,,,,,,,,,,,,,,,,,,,,,,,,0,,,,
209949,209949,0.500000,UT,,,22:05:37 02-Dec-2022,,B,-23.0759,151.6380,,,,,,,,,1666.65,,,,,,,,,,,,,,,,,,,,,,,,,,,0,,,,
209949,209949,0.500000,UT,,,22:06:50 02-Dec-2022,,B,-23.0759,151.6380,,,,,,3.500,,,,,,,,,,,,,,,,,,,,,,,,,,,,,,0,,,,
209949,209949,0.500000,UT,,,11:34:46 03-Dec-2022,,A,-23.1470,151.5058,,,,,,,,,,,,,,,,,,,,,,,,,,,,,,,,,,,,0,,,,
209949,209949,0.500000,UT,,,11:35:35 03-Dec-2022,,A,-23.1470,151.5058,,,,,7006,,,,,,,,,,,,,,,,,,,,,,,,,,,,,,,0,,,,
209949,209949,0.500000,UT,,,11:37:24 03-Dec-2022,,A,-23.1470,151.5058,,,,,,3.500,,,,,,,,,,,,,,,,,,,,,,,,,,,,,,0,,,,
209949,209949,0.500000,UT,,,19:36:30 03-Dec-2022,,A,-23.2389,151.2664,,,,,,,,,3199.30,,,,,,,,,,,,,,,,,,,,,,,,,,,0,,,,
209949,209949,0.500000,UT,,,19:37:19 03-Dec-2022,,A,-23.2389,151.2664,,,,,7049,,,,,,,,,,,,,,,,,,,,,,,,,,,,,,,0,,,,
209949,209949,0.500000,UT,1.00b,,20:03:16 03-Dec-2022,,B,-23.2537,151.2968,,0,,,,,,,,,,,,,,,,,,,,,,,,,,,,,,,,,,0,,,,
209949,209949,0.500000,UT,,,21:16:16 03-Dec-2022,,B,-23.2453,151.2332,,,,,7081,,,,,,,,,,,,,,,,,,,,,,,,,,,,,,,0,,,,
209949,209949,0.500000,UT,,,08:24:37 04-Dec-2022,,A,-23.2638,151.2279,,,,,7086,,,,,,,,,,,,,,,,,,,,,,,,,,,,,,,0,,,,
209949,209949,0.500000,UT,,,08:25:09 04-Dec-2022,,A,-23.2638,151.2279,,,,,,3.400,,,,,,,,,,,,,,,,,,,,,,,,,,,,,,0,,,,
209949,209949,0.500000,UT,1.00b,,08:25:24 04-Dec-2022,,A,-23.2638,151.2279,,0,,,,,,,,,,,,,,,,,,,,,,,,,,,,,,,,,,0,,,,
209949,209949,0.500000,UT,,,20:49:21 04-Dec-2022,,B,-23.3464,151.2596,,,,,,,,,,,,,,,,,,,,,,,,,,,,,,,,,,,,0,,,,
209949,209949,0.500000,UT,,,20:49:41 04-Dec-2022,,B,-23.3464,151.2596,,,,,,,,,25.10,,,,,,,,,,,,,,,,,,,,,,,,,,,0,,,,
209949,209949,0.500000,UT,,,08:03:34 05-Dec-2022,,B,-23.3641,151.1792,,,,,7152,,,,,,,,,,,,,,,,,,,,,,,,,,,,,,,0,,,,
209949,209949,0.500000,UT,,,09:25:40 05-Dec-2022,,B,-23.3645,151.2878,,,,,,,,,25.35,,,,,,,,,,,,,,,,,,,,,,,,,,,0,,,,
209949,209949,0.500000,UT,,,07:23:50 06-Dec-2022,,B,-23.3372,151.4458,,,,,,,,,,,,,,,,,,,,,,,,,,,,,,,,,,,,0,,,,
209949,209949,0.500000,UT,,,07:34:23 06-Dec-2022,,B,-23.3049,151.3760,,,,,,,,,25.50,,,,,,,,,,,,,,,,,,,,,,,,,,,0,,,,
209949,209949,0.500000,UT,1.00b,,08:55:14 06-Dec-2022,,A,-23.3429,151.6003,,0,,,,,,,,,,,,,,,,,,,,,,,,,,,,,,,,,,0,,,,
209949,209949,0.500000,UT,,,08:55:30 06-Dec-2022,,A,-23.3429,151.6003,,,,,,,,,,,,,,,,,,,,,,,,,,,,,,,,,,,,0,,,,
209949,209949,0.500000,UT,,,09:29:17 06-Dec-2022,,B,-23.3110,151.5880,,,,,7254,,,,,,,,,,,,,,,,,,,,,,,,,,,,,,,0,,,,
209949,209949,0.500000,UT,1.00b,,12:18:16 06-Dec-2022,,B,-23.3107,151.6885,,0,,,,,,,,,,,,,,,,,,,,,,,,,,,,,,,,,,0,,,,
209949,209949,0.500000,UT,,,19:07:26 06-Dec-2022,,B,-23.3863,151.7673,,,,,7274,,,,,,,,,,,,,,,,,,,,,,,,,,,,,,,0,,,,
209949,209949,0.500000,UT,1.00b,,19:49:12 06-Dec-2022,,B,-23.3712,151.6834,,0,,,,,,,,,,,,,,,,,,,,,,,,,,,,,,,,,,0,,,,
209949,209949,0.500000,UT,,,22:16:18 06-Dec-2022,,1,-23.4766,151.6670,,,,,,,,,25.05,,,,,,,,,,,,,,,,,,,,,,,,,,,0,,,,
209949,209949,0.500000,UT,,,22:23:08 06-Dec-2022,,1,-23.4766,151.6670,,,,,7280,,,,,,,,,,,,,,,,,,,,,,,,,,,,,,,0,,,,
209949,209949,0.500000,UT,1.00b,,22:26:01 06-Dec-2022,,1,-23.4766,151.6670,,0,,,,,,,,,,,,,,,,,,,,,,,,,,,,,,,,,,0,,,,
209949,209949,0.500000,UT,,,23:55:57 06-Dec-2022,,B,-23.4978,151.6847,,,,,,,,,25.10,,,,,,,,,,,,,,,,,,,,,,,,,,,0,,,,
209949,209949,0.500000,UT,,,06:56:41 07-Dec-2022,,1,-23.6070,151.7554,,,,,,,,,,,,,,,,,,,,,,,,,,,,,,,,,,,,0,,,,
209949,209949,0.500000,UT,,,06:57:00 07-Dec-2022,,1,-23.6070,151.7554,,,,,,,,,25.30,,,,,,,,,,,,,,,,,,,,,,,,,,,0,,,,
209949,209949,0.500000,UT,,,06:58:57 07-Dec-2022,,1,-23.6070,151.7554,,,,,7343,,,,,,,,,,,,,,,,,,,,,,,,,,,,,,,0,,,,
209949,209949,0.500000,UT,,,07:00:09 07-Dec-2022,,1,-23.6070,151.7554,,,,,,3.500,,,,,,,,,,,,,,,,,,,,,,,,,,,,,,0,,,,
209949,209949,0.500000,UT,,,19:40:30 07-Dec-2022,,B,-23.7618,151.8595,,,,,,,,,25.20,,,,,,,,,,,,,,,,,,,,,,,,,,,0,,,,
209949,209949,0.500000,UT,,,22:15:03 07-Dec-2022,,B,-23.7414,151.8240,,,,,,3.500,,,,,,,,,,,,,,,,,,,,,,,,,,,,,,0,,,,
209949,209949,0.500000,UT,,,22:54:29 07-Dec-2022,,B,-23.7339,151.7755,,,,,,,,,25.30,,,,,,,,,,,,,,,,,,,,,,,,,,,0,,,,
209949,209949,0.500000,UT,1.00b,,21:00:41 08-Dec-2022,,B,-23.6880,151.3222,,0,,,,,,,,,,,,,,,,,,,,,,,,,,,,,,,,,,0,,,,
209949,209949,0.500000,UT,,07:31:22 09-Dec-2022,07:27:28 09-Dec-2022,-233,B,-23.6487,151.2987,CRC,,,,7653,3.525,,,25.85,,,,,,,,,,,,,,251,27,255,0,,,,,,,4,,,1,67,,,
209949,209949,0.500000,UT,,,23:41:52 09-Dec-2022,,B,-23.5924,151.3076,,,,,,,,,,,,,,,,,,,,,,,,,,,,,,,,,,,,0,,,,
209949,209949,0.500000,UT,,,08:49:36 10-Dec-2022,,1,-23.2553,151.7191,,,,,,,,,26.40,,,,,,,,,,,,,,,,,,,,,,,,,,,0,,,,
209949,209949,0.500000,UT,,,08:53:01 10-Dec-2022,,1,-23.2553,151.7191,,,,,7719,,,,,,,,,,,,,,,,,,,,,,,,,,,,,,,0,,,,
209949,209949,0.500000,UT,,,08:55:35 10-Dec-2022,,1,-23.2553,151.7191,,,,,,3.500,,,,,,,,,,,,,,,,,,,,,,,,,,,,,,0,,,,
209949,209949,0.500000,UT,,,08:57:41 10-Dec-2022,,1,-23.2553,151.7191,,,,,7724,,,,,,,,,,,,,,,,,,,,,,,,,,,,,,,0,,,,
209949,209949,0.500000,UT,1.00b,,08:58:16 10-Dec-2022,,1,-23.2553,151.7191,,0,,,,,,,,,,,,,,,,,,,,,,,,,,,,,,,,,,0,,,,
209949,209949,0.500000,UT,,,08:58:45 10-Dec-2022,,1,-23.2553,151.7191,,,,,,,,,,,,,,,,,,,,,,,,,,,,,,,,,,,,0,,,,
209949,209949,0.500000,UT,,,12:18:17 10-Dec-2022,,B,-23.1701,151.8665,,,,,,,,,,,,,,,,,,,,,,,,,,,,,,,,,,,,0,,,,
209949,209949,0.500000,UT,,,13:11:48 10-Dec-2022,,B,-23.1476,151.9079,,,,,7813,,,,,,,,,,,,,,,,,,,,,,,,,,,,,,,0,,,,
209949,209949,0.500000,UT,,,19:18:29 10-Dec-2022,,3,-23.4201,151.6335,,,,,7907,,,,,,,,,,,,,,,,,,,,,,,,,,,,,,,0,,,,
209949,209949,0.500000,UT,,,19:19:47 10-Dec-2022,,3,-23.4201,151.6335,,,,,,,,,26.00,,,,,,,,,,,,,,,,,,,,,,,,,,,0,,,,
209949,209949,0.500000,UT,,,19:20:26 10-Dec-2022,,3,-23.4201,151.6335,,,,,7912,,,,,,,,,,,,,,,,,,,,,,,,,,,,,,,0,,,,
209949,209949,0.500000,UT,1.00b,,19:21:04 10-Dec-2022,,3,-23.4201,151.6335,,0,,,,,,,,,,,,,,,,,,,,,,,,,,,,,,,,,,0,,,,
209949,209949,0.500000,UT,,,19:22:38 10-Dec-2022,,3,-23.4201,151.6335,,,,,7917,,,,,,,,,,,,,,,,,,,,,,,,,,,,,,,0,,,,
209949,209949,0.500000,UT,,,19:22:55 10-Dec-2022,,3,-23.4201,151.6335,,,,,,3.475,,,,,,,,,,,,,,,,,,,,,,,,,,,,,,0,,,,
209949,209949,0.500000,UT,,,19:24:13 10-Dec-2022,,3,-23.4201,151.6335,,,,,,,,,,,,,,,,,,,,,,,,,,,,,,,,,,,,0,,,,
209949,209949,0.500000,UT,,,19:25:24 10-Dec-2022,,3,-23.4201,151.6335,,,,,7922,,,,,,,,,,,,,,,,,,,,,,,,,,,,,,,0,,,,
209949,209949,0.500000,UT,,,19:25:42 10-Dec-2022,,3,-23.4201,151.6335,,,,,,3.500,,,,,,,,,,,,,,,,,,,,,,,,,,,,,,0,,,,
209949,209949,0.500000,UT,,,08:04:39 11-Dec-2022,,3,-23.6714,151.6380,,,,,,,,,26.00,,,,,,,,,,,,,,,,,,,,,,,,,,,0,,,,
209949,209949,0.500000,UT,,,08:04:56 11-Dec-2022,,3,-23.6714,151.6380,,,,,7957,,,,,,,,,,,,,,,,,,,,,,,,,,,,,,,0,,,,
209949,209949,0.500000,UT,,,08:06:15 11-Dec-2022,,3,-23.6714,151.6380,,,,,,3.500,,,,,,,,,,,,,,,,,,,,,,,,,,,,,,0,,,,
209949,209949,0.500000,UT,,,08:10:17 11-Dec-2022,,3,-23.6714,151.6380,,,,,,3.525,,,,,,,,,,,,,,,,,,,,,,,,,,,,,,0,,,,
209949,209949,0.500000,UT,,,08:15:05 11-Dec-2022,,3,-23.6714,151.6380,,,,,,,,,25.95,,,,,,,,,,,,,,,,,,,,,,,,,,,0,,,,
209949,209949,0.500000,UT,,,08:15:21 11-Dec-2022,,3,-23.6714,151.6380,,,,,7967,,,,,,,,,,,,,,,,,,,,,,,,,,,,,,,0,,,,
209949,209949,0.500000,UT,,,18:48:41 11-Dec-2022,,2,-23.6956,151.6149,,,,,,,,,25.75,,,,,,,,,,,,,,,,,,,,,,,,,,,0,,,,
209949,209949,0.500000,UT,,,18:48:56 11-Dec-2022,,2,-23.6956,151.6149,,,,,7990,,,,,,,,,,,,,,,,,,,,,,,,,,,,,,,0,,,,
209949,209949,0.500000,UT,,,18:49:16 11-Dec-2022,,2,-23.6956,151.6149,,,,,,3.475,,,,,,,,,,,,,,,,,,,,,,,,,,,,,,0,,,,
209949,209949,0.500000,UT,,,18:55:36 11-Dec-2022,,2,-23.6956,151.6149,,,,,,,,,,,,,,,,,,,,,,,,,,,,,,,,,,,,0,,,,
209949,209949,0.500000,UT,,,18:56:05 11-Dec-2022,,2,-23.6956,151.6149,,,,,,,,,25.85,,,,,,,,,,,,,,,,,,,,,,,,,,,0,,,,
209949,209949,0.500000,UT,,,18:56:23 11-Dec-2022,,2,-23.6956,151.6149,,,,,7995,,,,,,,,,,,,,,,,,,,,,,,,,,,,,,,0,,,,
209949,209949,0.500000,UT,,,22:59:40 11-Dec-2022,,B,-23.6997,151.6545,,,,,8007,,,,,,,,,,,,,,,,,,,,,,,,,,,,,,,0,,,,
209949,209949,0.500000,UT,,,07:22:08 12-Dec-2022,,1,-23.7635,151.7239,,,,,,,,,26.75,,,,,,,,,,,,,,,,,,,,,,,,,,,0,,,,
209949,209949,0.500000,UT,,,07:22:51 12-Dec-2022,,1,-23.7635,151.7239,,,,,8147,,,,,,,,,,,,,,,,,,,,,,,,,,,,,,,0,,,,
209949,209949,0.500000,UT,,,07:24:15 12-Dec-2022,,1,-23.7635,151.7239,,,,,,3.450,,,,,,,,,,,,,,,,,,,,,,,,,,,,,,0,,,,
209949,209949,0.500000,UT,,,07:26:58 12-Dec-2022,,1,-23.7635,151.7239,,,,,,,,,26.55,,,,,,,,,,,,,,,,,,,,,,,,,,,0,,,,
209949,209949,0.500000,UT,,,07:31:53 12-Dec-2022,,2,-23.7736,151.7568,,,,,8158,,,,,,,,,,,,,,,,,,,,,,,,,,,,,,,0,,,,
209949,209949,0.500000,UT,,,07:35:11 12-Dec-2022,,2,-23.7736,151.7568,,,,,,3.475,,,,,,,,,,,,,,,,,,,,,,,,,,,,,,0,,,,
209949,209949,0.500000,UT,,,07:38:19 12-Dec-2022,,2,-23.7736,151.7568,,,,,,,,,26.85,,,,,,,,,,,,,,,,,,,,,,,,,,,0,,,,
209949,209949,0.500000,UT,,,07:38:40 12-Dec-2022,,2,-23.7736,151.7568,,,,,8168,,,,,,,,,,,,,,,,,,,,,,,,,,,,,,,0,,,,
209949,209949,0.500000,UT,1.00b,,07:39:14 12-Dec-2022,,2,-23.7736,151.7568,,0,,,,,,,,,,,,,,,,,,,,,,,,,,,,,,,,,,0,,,,
209949,209949,0.500000,UT,,,07:39:29 12-Dec-2022,,2,-23.7736,151.7568,,,,,,,,,,,,,,,,,,,,,,,,,,,,,,,,,,,,0,,,,
209949,209949,0.500000,UT,,,07:39:46 12-Dec-2022,,2,-23.7736,151.7568,,,,,,,,,26.75,,,,,,,,,,,,,,,,,,,,,,,,,,,0,,,,
209949,209949,0.500000,UT,,,07:40:03 12-Dec-2022,,2,-23.7736,151.7568,,,,,8173,,,,,,,,,,,,,,,,,,,,,,,,,,,,,,,0,,,,
209949,209949,0.500000,UT,,,07:41:16 12-Dec-2022,,2,-23.7736,151.7568,,,,,,,,,26.85,,,,,,,,,,,,,,,,,,,,,,,,,,,0,,,,
209949,209949,0.500000,UT,,,07:42:00 12-Dec-2022,,2,-23.7736,151.7568,,,,,8179,,,,,,,,,,,,,,,,,,,,,,,,,,,,,,,0,,,,
209949,209949,0.500000,UT,,,07:42:27 12-Dec-2022,,2,-23.7736,151.7568,,,,,,3.475,,,,,,,,,,,,,,,,,,,,,,,,,,,,,,0,,,,
209949,209949,0.500000,UT,1.00b,,07:42:51 12-Dec-2022,,2,-23.7736,151.7568,,0,,,,,,,,,,,,,,,,,,,,,,,,,,,,,,,,,,0,,,,
209949,209949,0.500000,UT,,,07:43:29 12-Dec-2022,,2,-23.7736,151.7568,,,,,,,,,,,,,,,,,,,,,,,,,,,,,,,,,,,,0,,,,
209949,209949,0.500000,UT,,,07:43:55 12-Dec-2022,,2,-23.7736,151.7568,,,,,,,,,26.75,,,,,,,,,,,,,,,,,,,,,,,,,,,0,,,,
209949,209949,0.500000,UT,,,07:44:11 12-Dec-2022,,2,-23.7736,151.7568,,,,,8184,,,,,,,,,,,,,,,,,,,,,,,,,,,,,,,0,,,,
209949,209949,0.500000,UT,,,07:44:27 12-Dec-2022,,2,-23.7736,151.7568,,,,,,3.500,,,,,,,,,,,,,,,,,,,,,,,,,,,,,,0,,,,
209949,209949,0.500000,UT,5.00b,,07:44:43 12-Dec-2022,,2,-23.7736,151.7568,,0,,,,,,,,,,,,,,,,,,,,,,,,,,,,,,,,,,0,,,,
209949,209949,0.500000,UT,,,07:59:27 12-Dec-2022,,1,-23.7731,151.7600,,,,,,3.450,,,,,,,,,,,,,,,,,,,,,,,,,,,,,,0,,,,
209949,209949,0.500000,UT,,,08:00:58 12-Dec-2022,,1,-23.7731,151.7600,,,,,,,,,26.75,,,,,,,,,,,,,,,,,,,,,,,,,,,0,,,,
209949,209949,0.500000,UT,,,08:03:01 12-Dec-2022,,1,-23.7731,151.7600,,,,,8225,,,,,,,,,,,,,,,,,,,,,,,,,,,,,,,0,,,,
209949,209949,0.500000,UT,,,08:05:14 12-Dec-2022,,1,-23.7731,151.7600,,,,,,,,,,,,,,,,,,,,,,,,,,,,,,,,,,,,0,,,,
209949,209949,0.500000,UT,,,08:05:54 12-Dec-2022,,1,-23.7731,151.7600,,,,,8231,,,,,,,,,,,,,,,,,,,,,,,,,,,,,,,0,,,,
209949,209949,0.500000,UT,,,08:06:09 12-Dec-2022,,1,-23.7731,151.7600,,,,,,3.350,,,,,,,,,,,,,,,,,,,,,,,,,,,,,,0,,,,
209949,209949,0.500000,UT,1.00b,,08:06:36 12-Dec-2022,,1,-23.7731,151.7600,,0,,,,,,,,,,,,,,,,,,,,,,,,,,,,,,,,,,0,,,,
209949,209949,0.500000,UT,,,19:55:37 12-Dec-2022,,0,-23.6352,151.7199,,,,,,3.475,,,,,,,,,,,,,,,,,,,,,,,,,,,,,,0,,,,
209949,209949,0.500000,UT,,,19:56:47 12-Dec-2022,,0,-23.6352,151.7199,,,,,,,,,,,,,,,,,,,,,,,,,,,,,,,,,,,,0,,,,
209949,209949,0.500000,UT,,,19:59:20 12-Dec-2022,,0,-23.6352,151.7199,,,,,8309,,,,,,,,,,,,,,,,,,,,,,,,,,,,,,,0,,,,
209949,209949,0.500000,UT,1.00b,,19:59:54 12-Dec-2022,,0,-23.6352,151.7199,,0,,,,,,,,,,,,,,,,,,,,,,,,,,,,,,,,,,0,,,,
209949,209949,0.500000,UT,,,20:00:58 12-Dec-2022,,0,-23.6352,151.7199,,,,,8314,,,,,,,,,,,,,,,,,,,,,,,,,,,,,,,0,,,,
209949,209949,0.500000,UT,,,08:42:30 13-Dec-2022,,2,-23.4899,151.8565,,,,,,,,,26.70,,,,,,,,,,,,,,,,,,,,,,,,,,,0,,,,
209949,209949,0.500000,UT,,,08:47:38 13-Dec-2022,,2,-23.4899,151.8565,,,,,8357,,,,,,,,,,,,,,,,,,,,,,,,,,,,,,,0,,,,
209949,209949,0.500000,UT,,,08:47:54 13-Dec-2022,,2,-23.4899,151.8565,,,,,,3.450,,,,,,,,,,,,,,,,,,,,,,,,,,,,,,0,,,,
209949,209949,0.500000,UT,1.00b,,08:48:32 13-Dec-2022,,2,-23.4899,151.8565,,0,,,,,,,,,,,,,,,,,,,,,,,,,,,,,,,,,,0,,,,
209949,209949,0.500000,UT,,,08:52:05 13-Dec-2022,,2,-23.4899,151.8565,,,,,,3.475,,,,,,,,,,,,,,,,,,,,,,,,,,,,,,0,,,,
209949,209949,0.500000,UT,,,18:47:43 13-Dec-2022,,B,-23.3704,151.8812,,,,,,,,,,,,,,,,,,,,,,,,,,,,,,,,,,,,0,,,,
209949,209949,0.500000,UT,,,19:31:48 13-Dec-2022,,B,-23.3846,151.8608,,,,,,3.525,,,,,,,,,,,,,,,,,,,,,,,,,,,,,,0,,,,
209949,209949,0.500000,UT,,,20:17:09 13-Dec-2022,,3,-23.3110,151.8219,,,,,,,,,26.50,,,,,,,,,,,,,,,,,,,,,,,,,,,0,,,,
209949,209949,0.500000,UT,,,20:17:40 13-Dec-2022,,3,-23.3110,151.8219,,,,,,3.450,,,,,,,,,,,,,,,,,,,,,,,,,,,,,,0,,,,
209949,209949,0.500000,UT,1.00b,,20:17:55 13-Dec-2022,,3,-23.3110,151.8219,,0,,,,,,,,,,,,,,,,,,,,,,,,,,,,,,,,,,0,,,,
209949,209949,0.500000,UT,,,20:22:15 13-Dec-2022,,3,-23.3110,151.8219,,,,,,,,,,,,,,,,,,,,,,,,,,,,,,,,,,,,0,,,,
209949,209949,0.500000,UT,,,20:23:21 13-Dec-2022,,3,-23.3110,151.8219,,,,,,3.400,,,,,,,,,,,,,,,,,,,,,,,,,,,,,,0,,,,
209949,209949,0.500000,UT,,,20:24:35 13-Dec-2022,,3,-23.3062,151.8247,,,,,,,,,26.50,,,,,,,,,,,,,,,,,,,,,,,,,,,0,,,,
209949,209949,0.500000,UT,,,20:24:56 13-Dec-2022,,3,-23.3062,151.8247,,,,,8492,,,,,,,,,,,,,,,,,,,,,,,,,,,,,,,0,,,,
209949,209949,0.500000,UT,,,20:25:12 13-Dec-2022,,3,-23.3062,151.8247,,,,,,3.450,,,,,,,,,,,,,,,,,,,,,,,,,,,,,,0,,,,
209949,209949,0.500000,UT,1.00b,,20:25:27 13-Dec-2022,,3,-23.3062,151.8247,,0,,,,,,,,,,,,,,,,,,,,,,,,,,,,,,,,,,0,,,,
209949,209949,0.500000,UT,,,20:29:59 13-Dec-2022,,3,-23.3062,151.8247,,,,,,3.425,,,,,,,,,,,,,,,,,,,,,,,,,,,,,,0,,,,
209949,209949,0.500000,UT,,,20:32:22 13-Dec-2022,,3,-23.3062,151.8247,,,,,8502,,,,,,,,,,,,,,,,,,,,,,,,,,,,,,,0,,,,
209949,209949,0.500000,UT,,,20:51:19 13-Dec-2022,,3,-23.3000,151.8327,,,,,,3.450,,,,,,,,,,,,,,,,,,,,,,,,,,,,,,0,,,,
209949,209949,0.500000,UT,,,20:53:00 13-Dec-2022,,3,-23.3000,151.8327,,,,,,,,,,,,,,,,,,,,,,,,,,,,,,,,,,,,0,,,,
209949,209949,0.500000,UT,,,20:54:02 13-Dec-2022,,3,-23.3000,151.8327,,,,,,,,,26.50,,,,,,,,,,,,,,,,,,,,,,,,,,,0,,,,
209949,209949,0.500000,UT,,,20:58:45 13-Dec-2022,,3,-23.3000,151.8327,,,,,8539,,,,,,,,,,,,,,,,,,,,,,,,,,,,,,,0,,,,
209949,209949,0.500000,UT,1.00b,,20:59:39 13-Dec-2022,,3,-23.3000,151.8327,,0,,,,,,,,,,,,,,,,,,,,,,,,,,,,,,,,,,0,,,,
209949,209949,0.500000,UT,,,21:00:48 13-Dec-2022,,3,-23.3000,151.8327,,,,,8544,,,,,,,,,,,,,,,,,,,,,,,,,,,,,,,0,,,,
209949,209949,0.500000,UT,1.00b,,21:04:17 13-Dec-2022,,1,-23.3053,151.8379,,0,,,,,,,,,,,,,,,,,,,,,,,,,,,,,,,,,,0,,,,
209949,209949,0.500000,UT,,,21:04:32 13-Dec-2022,,1,-23.3053,151.8379,,,,,,,,,,,,,,,,,,,,,,,,,,,,,,,,,,,,0,,,,
209949,209949,0.500000,UT,,21:09:01 13-Dec-2022,21:04:53 13-Dec-2022,-247,1,-23.3053,151.8379,CRC,,,,8553,3.400,,,26.55,,,,,,,,,,,,,,91,27,255,0,,,,,,,0,,,1,75,,,
209949,209949,0.500000,UT,,,21:08:46 13-Dec-2022,,1,-23.3053,151.8379,,,,,8555,,,,,,,,,,,,,,,,,,,,,,,,,,,,,,,0,,,,
209949,209949,0.500000,UT,,,21:09:15 13-Dec-2022,,1,-23.3053,151.8379,,,,,,3.500,,,,,,,,,,,,,,,,,,,,,,,,,,,,,,0,,,,
209949,209949,0.500000,UT,1.64b,,06:30:48 14-Dec-2022,,3,-23.2619,151.8692,,0,,,,,,,,,,,,,,,,,,,,,,,,,,,,,,,,,,0,,,,
209949,209949,0.500000,UT,,,06:36:17 14-Dec-2022,,3,-23.2619,151.8692,,,,,,,,,,,,,,,,,,,,,,,,,,,,,,,,,,,,0,,,,
209949,209949,0.500000,UT,,,06:36:33 14-Dec-2022,,3,-23.2619,151.8692,,,,,,,,,26.90,,,,,,,,,,,,,,,,,,,,,,,,,,,0,,,,
209949,209949,0.500000,UT,,,06:36:48 14-Dec-2022,,3,-23.2619,151.8692,,,,,8601,,,,,,,,,,,,,,,,,,,,,,,,,,,,,,,0,,,,
209949,209949,0.500000,UT,,06:41:29 14-Dec-2022,06:37:19 14-Dec-2022,-249,3,-23.2619,151.8692,CRC,,,,8603,3.500,,,27.00,,,,,,,,,,,,,,148,27,255,0,,,,,,,0,,,1,71,,,
209949,209949,0.500000,UT,1.00b,,06:39:49 14-Dec-2022,,3,-23.2619,151.8692,,0,,,,,,,,,,,,,,,,,,,,,,,,,,,,,,,,,,0,,,,
209949,209949,0.500000,UT,,,06:40:50 14-Dec-2022,,3,-23.2619,151.8692,,,,,,,,,26.95,,,,,,,,,,,,,,,,,,,,,,,,,,,0,,,,
209949,209949,0.500000,UT,,,06:41:59 14-Dec-2022,,3,-23.2619,151.8692,,,,,8612,,,,,,,,,,,,,,,,,,,,,,,,,,,,,,,0,,,,
209949,209949,0.500000,UT,,,06:42:28 14-Dec-2022,,3,-23.2619,151.8692,,,,,,3.500,,,,,,,,,,,,,,,,,,,,,,,,,,,,,,0,,,,
209949,209949,0.500000,UT,,,06:45:44 14-Dec-2022,,2,-23.2557,151.8746,,,,,,3.500,,,,,,,,,,,,,,,,,,,,,,,,,,,,,,0,,,,
209949,209949,0.500000,UT,,,06:49:04 14-Dec-2022,,2,-23.2557,151.8746,,,,,,,,,,,,,,,,,,,,,,,,,,,,,,,,,,,,0,,,,
209949,209949,0.500000,UT,,,08:14:18 14-Dec-2022,,2,-23.2250,151.9069,,,,,,,,,26.30,,,,,,,,,,,,,,,,,,,,,,,,,,,0,,,,
209949,209949,0.500000,UT,,,08:16:00 14-Dec-2022,,2,-23.2250,151.9069,,,,,,3.500,,,,,,,,,,,,,,,,,,,,,,,,,,,,,,0,,,,
209949,209949,0.500000,UT,,,08:17:48 14-Dec-2022,,2,-23.2250,151.9069,,,,,,,,,26.35,,,,,,,,,,,,,,,,,,,,,,,,,,,0,,,,
209949,209949,0.500000,UT,,,08:18:30 14-Dec-2022,,2,-23.2250,151.9069,,,,,,3.450,,,,,,,,,,,,,,,,,,,,,,,,,,,,,,0,,,,
209949,209949,0.500000,UT,,,08:20:25 14-Dec-2022,,2,-23.2250,151.9069,,,,,,,,,26.40,,,,,,,,,,,,,,,,,,,,,,,,,,,0,,,,
209949,209949,0.500000,UT,1.00b,,08:22:22 14-Dec-2022,,2,-23.2250,151.9069,,0,,,,,,,,,,,,,,,,,,,,,,,,,,,,,,,,,,0,,,,
209949,209949,0.500000,UT,,,08:23:00 14-Dec-2022,,1,-23.2258,151.9037,,,,,,,,,26.40,,,,,,,,,,,,,,,,,,,,,,,,,,,0,,,,
209949,209949,0.500000,UT,,,08:24:07 14-Dec-2022,,1,-23.2258,151.9037,,,,,,3.475,,,,,,,,,,,,,,,,,,,,,,,,,,,,,,0,,,,
209949,209949,0.500000,UT,,,08:47:50 14-Dec-2022,,B,-23.2111,151.9141,,,,,8747,,,,,,,,,,,,,,,,,,,,,,,,,,,,,,,0,,,,
209949,209949,0.500000,UT,,,08:58:16 14-Dec-2022,,B,-23.2111,151.9141,,,,,,3.525,,,,,,,,,,,,,,,,,,,,,,,,,,,,,,0,,,,
209949,209949,0.500000,UT,,,10:26:48 14-Dec-2022,,A,-23.1660,151.9696,,,,,8763,,,,,,,,,,,,,,,,,,,,,,,,,,,,,,,0,,,,
209949,209949,0.500000,UT,3.87o,,10:30:29 14-Dec-2022,,A,-23.1660,151.9696,,1,,,,,,,,,,,,,,,,,,,,,,,,,,,,,,,,,,0,,,,
209949,209949,0.500000,UT,1.00b,,10:30:54 14-Dec-2022,,A,-23.1660,151.9696,,0,,,,,,,,,,,,,,,,,,,,,,,,,,,,,,,,,,0,,,,
209949,209949,0.500000,UT,,,14:00:03 14-Dec-2022,,B,-23.0756,152.0215,,,,,8794,,,,,,,,,,,,,,,,,,,,,,,,,,,,,,,0,,,,
209949,209949,0.500000,UT,1.00b,,18:53:09 14-Dec-2022,,0,-22.9683,151.9318,,0,,,,,,,,,,,,,,,,,,,,,,,,,,,,,,,,,,0,,,,
209949,209949,0.500000,UT,,,18:54:26 14-Dec-2022,,0,-22.9683,151.9318,,,,,8815,,,,,,,,,,,,,,,,,,,,,,,,,,,,,,,0,,,,
209949,209949,0.500000,UT,,,18:54:41 14-Dec-2022,,0,-22.9683,151.9318,,,,,,3.500,,,,,,,,,,,,,,,,,,,,,,,,,,,,,,0,,,,
209949,209949,0.500000,UT,,,06:02:36 15-Dec-2022,,2,-22.7859,152.0011,,,,,,3.450,,,,,,,,,,,,,,,,,,,,,,,,,,,,,,0,,,,
209949,209949,0.500000,UT,,,06:05:23 15-Dec-2022,,2,-22.7859,152.0011,,,,,,,,,27.50,,,,,,,,,,,,,,,,,,,,,,,,,,,0,,,,
209949,209949,0.500000,UT,,,06:05:46 15-Dec-2022,,2,-22.7859,152.0011,,,,,8831,,,,,,,,,,,,,,,,,,,,,,,,,,,,,,,0,,,,
209949,209949,0.500000,UT,1.00b,,06:06:58 15-Dec-2022,,2,-22.7859,152.0011,,0,,,,,,,,,,,,,,,,,,,,,,,,,,,,,,,,,,0,,,,
209949,209949,0.500000,UT,,,06:08:09 15-Dec-2022,,2,-22.7859,152.0011,,,,,,,,,,,,,,,,,,,,,,,,,,,,,,,,,,,,0,,,,
209949,209949,0.500000,UT,,,07:38:57 15-Dec-2022,,3,-22.7612,152.0295,,,,,,,,,27.45,,,,,,,,,,,,,,,,,,,,,,,,,,,0,,,,
209949,209949,0.500000,UT,,,07:39:21 15-Dec-2022,,3,-22.7612,152.0295,,,,,8925,,,,,,,,,,,,,,,,,,,,,,,,,,,,,,,0,,,,
209949,209949,0.500000,UT,,,07:39:39 15-Dec-2022,,3,-22.7612,152.0295,,,,,,3.500,,,,,,,,,,,,,,,,,,,,,,,,,,,,,,0,,,,
209949,209949,0.500000,UT,,,07:46:50 15-Dec-2022,,3,-22.7612,152.0295,,,,,,,,,27.50,,,,,,,,,,,,,,,,,,,,,,,,,,,0,,,,
209949,209949,0.500000,UT,,,07:47:17 15-Dec-2022,,3,-22.7612,152.0295,,,,,8941,,,,,,,,,,,,,,,,,,,,,,,,,,,,,,,0,,,,
209949,209949,0.500000,UT,,,07:48:15 15-Dec-2022,,3,-22.7612,152.0295,,,,,,3.525,,,,,,,,,,,,,,,,,,,,,,,,,,,,,,0,,,,
209949,209949,0.500000,UT,,,07:49:31 15-Dec-2022,,3,-22.7612,152.0295,,,,,,,,,,,,,,,,,,,,,,,,,,,,,,,,,,,,0,,,,
209949,209949,0.500000,UT,,,08:06:25 15-Dec-2022,,1,-22.7578,152.0405,,,,,,3.550,,,,,,,,,,,,,,,,,,,,,,,,,,,,,,0,,,,
209949,209949,0.500000,UT,1.00b,,08:07:02 15-Dec-2022,,1,-22.7578,152.0405,,0,,,,,,,,,,,,,,,,,,,,,,,,,,,,,,,,,,0,,,,
209949,209949,0.500000,UT,,,08:07:19 15-Dec-2022,,1,-22.7578,152.0405,,,,,,,,,,,,,,,,,,,,,,,,,,,,,,,,,,,,0,,,,
209949,209949,0.500000,UT,,,08:08:27 15-Dec-2022,,1,-22.7578,152.0405,,,,,,3.450,,,,,,,,,,,,,,,,,,,,,,,,,,,,,,0,,,,
209949,209949,0.500000,UT,,,08:09:35 15-Dec-2022,,1,-22.7578,152.0405,,,,,,,,,27.35,,,,,,,,,,,,,,,,,,,,,,,,,,,0,,,,
209949,209949,0.500000,UT,,,08:30:10 15-Dec-2022,,1,-22.7594,152.0417,,,,,,,,,,,,,,,,,,,,,,,,,,,,,,,,,,,,0,,,,
209949,209949,0.500000,UT,,,08:31:11 15-Dec-2022,,1,-22.7594,152.0417,,,,,8977,,,,,,,,,,,,,,,,,,,,,,,,,,,,,,,0,,,,
209949,209949,0.500000,UT,,,11:01:18 15-Dec-2022,,B,-22.7005,152.0677,,,,,8993,,,,,,,,,,,,,,,,,,,,,,,,,,,,,,,0,,,,
209949,209949,0.500000,UT,1.00b,,11:17:24 15-Dec-2022,,B,-22.7191,152.0590,,0,,,,,,,,,,,,,,,,,,,,,,,,,,,,,,,,,,0,,,,
209949,209949,0.500000,UT,,,18:29:47 15-Dec-2022,,B,-22.5812,152.1285,,,,,,,,,26.95,,,,,,,,,,,,,,,,,,,,,,,,,,,0,,,,
209949,209949,0.500000,UT,,,07:07:22 16-Dec-2022,,0,-22.3530,152.2482,,,,,,,,,28.15,,,,,,,,,,,,,,,,,,,,,,,,,,,0,,,,
209949,209949,0.500000,UT,,,07:18:21 16-Dec-2022,,0,-22.3530,152.2482,,,,,,,,,,,,,,,,,,,,,,,,,,,,,,,,,,,,0,,,,
209949,209949,0.500000,UT,1.00b,,07:20:01 16-Dec-2022,,0,-22.3530,152.2482,,0,,,,,,,,,,,,,,,,,,,,,,,,,,,,,,,,,,0,,,,
209949,209949,0.500000,UT,,,07:48:07 16-Dec-2022,,2,-22.3305,152.2338,,,,,,,,,27.40,,,,,,,,,,,,,,,,,,,,,,,,,,,0,,,,
209949,209949,0.500000,UT,,,07:48:22 16-Dec-2022,,2,-22.3305,152.2338,,,,,9113,,,,,,,,,,,,,,,,,,,,,,,,,,,,,,,0,,,,
209949,209949,0.500000,UT,,,07:49:32 16-Dec-2022,,2,-22.3305,152.2338,,,,,,,,,27.85,,,,,,,,,,,,,,,,,,,,,,,,,,,0,,,,
209949,209949,0.500000,UT,,,07:49:51 16-Dec-2022,,2,-22.3305,152.2338,,,,,9118,,,,,,,,,,,,,,,,,,,,,,,,,,,,,,,0,,,,
209949,209949,0.500000,UT,,,07:50:49 16-Dec-2022,,2,-22.3305,152.2338,,,,,,3.500,,,,,,,,,,,,,,,,,,,,,,,,,,,,,,0,,,,
209949,209949,0.500000,UT,1.00b,,07:51:05 16-Dec-2022,,2,-22.3305,152.2338,,0,,,,,,,,,,,,,,,,,,,,,,,,,,,,,,,,,,0,,,,
209949,209949,0.500000,UT,,,07:51:35 16-Dec-2022,,2,-22.3305,152.2338,,,,,,,,,,,,,,,,,,,,,,,,,,,,,,,,,,,,0,,,,
209949,209949,0.500000,UT,,,08:50:17 16-Dec-2022,,1,-22.3068,152.2247,,,,,9160,,,,,,,,,,,,,,,,,,,,,,,,,,,,,,,0,,,,
209949,209949,0.500000,UT,,,08:50:35 16-Dec-2022,,1,-22.3068,152.2247,,,,,,3.450,,,,,,,,,,,,,,,,,,,,,,,,,,,,,,0,,,,
209949,209949,0.500000,UT,,,08:52:44 16-Dec-2022,,1,-22.3068,152.2247,,,,,,,,,27.95,,,,,,,,,,,,,,,,,,,,,,,,,,,0,,,,
209949,209949,0.500000,UT,,,08:53:05 16-Dec-2022,,1,-22.3068,152.2247,,,,,9165,,,,,,,,,,,,,,,,,,,,,,,,,,,,,,,0,,,,
209949,209949,0.500000,UT,,,08:53:20 16-Dec-2022,,1,-22.3068,152.2247,,,,,,3.525,,,,,,,,,,,,,,,,,,,,,,,,,,,,,,0,,,,
209949,209949,0.500000,UT,,,08:54:26 16-Dec-2022,,1,-22.3068,152.2247,,,,,,,,,,,,,,,,,,,,,,,,,,,,,,,,,,,,0,,,,
209949,209949,0.500000,UT,,,19:27:39 16-Dec-2022,,3,-22.3870,152.0946,,,,,9222,,,,,,,,,,,,,,,,,,,,,,,,,,,,,,,0,,,,
209949,209949,0.500000,UT,,,19:27:57 16-Dec-2022,,3,-22.3870,152.0946,,,,,,3.550,,,,,,,,,,,,,,,,,,,,,,,,,,,,,,0,,,,
209949,209949,0.500000,UT,1.00b,,19:28:12 16-Dec-2022,,3,-22.3870,152.0946,,0,,,,,,,,,,,,,,,,,,,,,,,,,,,,,,,,,,0,,,,
209949,209949,0.500000,UT,,,19:29:08 16-Dec-2022,,3,-22.3870,152.0946,,,,,9227,,,,,,,,,,,,,,,,,,,,,,,,,,,,,,,0,,,,
209949,209949,0.500000,UT,,,19:30:40 16-Dec-2022,,3,-22.3870,152.0946,,,,,,,,,,,,,,,,,,,,,,,,,,,,,,,,,,,,0,,,,
209949,209949,0.500000,UT,,,19:31:52 16-Dec-2022,,3,-22.3870,152.0946,,,,,,3.500,,,,,,,,,,,,,,,,,,,,,,,,,,,,,,0,,,,
209949,209949,0.500000,UT,,,19:33:27 16-Dec-2022,,3,-22.3856,152.0881,,,,,,3.500,,,,,,,,,,,,,,,,,,,,,,,,,,,,,,0,,,,
209949,209949,0.500000,UT,,,19:34:24 16-Dec-2022,,3,-22.3856,152.0881,,,,,,,,,27.70,,,,,,,,,,,,,,,,,,,,,,,,,,,0,,,,
209949,209949,0.500000,UT,,,19:34:43 16-Dec-2022,,3,-22.3856,152.0881,,,,,9243,,,,,,,,,,,,,,,,,,,,,,,,,,,,,,,0,,,,
209949,209949,0.500000,UT,1.00b,,19:35:19 16-Dec-2022,,3,-22.3856,152.0881,,0,,,,,,,,,,,,,,,,,,,,,,,,,,,,,,,,,,0,,,,
209949,209949,0.500000,UT,,,19:36:57 16-Dec-2022,,3,-22.3856,152.0881,,,,,9248,,,,,,,,,,,,,,,,,,,,,,,,,,,,,,,0,,,,
209949,209949,0.500000,UT,,,19:38:01 16-Dec-2022,,3,-22.3856,152.0881,,,,,,,,,,,,,,,,,,,,,,,,,,,,,,,,,,,,0,,,,
209949,209949,0.500000,UT,,,19:38:20 16-Dec-2022,,3,-22.3856,152.0881,,,,,,,,,27.75,,,,,,,,,,,,,,,,,,,,,,,,,,,0,,,,
209949,209949,0.500000,UT,,,19:39:39 16-Dec-2022,,3,-22.3856,152.0881,,,,,9254,,,,,,,,,,,,,,,,,,,,,,,,,,,,,,,0,,,,
209949,209949,0.500000,UT,,,20:45:34 16-Dec-2022,,B,-22.3685,152.0820,,,,,9321,,,,,,,,,,,,,,,,,,,,,,,,,,,,,,,0,,,,
209949,209949,0.500000,UT,,,09:14:29 17-Dec-2022,,B,-22.5402,152.0691,,,,,,3.400,,,,,,,,,,,,,,,,,,,,,,,,,,,,,,0,,,,
209949,209949,0.500000,UT,,,19:04:41 17-Dec-2022,,1,-22.7545,151.8020,,,,,,,,,27.20,,,,,,,,,,,,,,,,,,,,,,,,,,,0,,,,
209949,209949,0.500000,UT,,,19:04:56 17-Dec-2022,,1,-22.7545,151.8020,,,,,9400,,,,,,,,,,,,,,,,,,,,,,,,,,,,,,,0,,,,
209949,209949,0.500000,UT,,,19:05:16 17-Dec-2022,,1,-22.7545,151.8020,,,,,,3.525,,,,,,,,,,,,,,,,,,,,,,,,,,,,,,0,,,,
209949,209949,0.500000,UT,1.00b,,19:05:58 17-Dec-2022,,1,-22.7545,151.8020,,0,,,,,,,,,,,,,,,,,,,,,,,,,,,,,,,,,,0,,,,
209949,209949,0.500000,UT,,,19:06:50 17-Dec-2022,,1,-22.7545,151.8020,,,,,,,,,,,,,,,,,,,,,,,,,,,,,,,,,,,,0,,,,
209949,209949,0.500000,UT,,,19:07:58 17-Dec-2022,,1,-22.7545,151.8020,,,,,9406,,,,,,,,,,,,,,,,,,,,,,,,,,,,,,,0,,,,
209949,209949,0.500000,UT,,,19:08:31 17-Dec-2022,,3,-22.7572,151.8010,,,,,,3.525,,,,,,,,,,,,,,,,,,,,,,,,,,,,,,0,,,,
209949,209949,0.500000,UT,,,19:10:08 17-Dec-2022,,3,-22.7572,151.8010,,,,,9411,,,,,,,,,,,,,,,,,,,,,,,,,,,,,,,0,,,,
209949,209949,0.500000,UT,,,19:11:34 17-Dec-2022,,3,-22.7572,151.8010,,,,,,,,,27.25,,,,,,,,,,,,,,,,,,,,,,,,,,,0,,,,
209949,209949,0.500000,UT,,,19:11:49 17-Dec-2022,,3,-22.7572,151.8010,,,,,9416,,,,,,,,,,,,,,,,,,,,,,,,,,,,,,,0,,,,
209949,209949,0.500000,UT,,,19:12:04 17-Dec-2022,,3,-22.7572,151.8010,,,,,,3.475,,,,,,,,,,,,,,,,,,,,,,,,,,,,,,0,,,,
209949,209949,0.500000,UT,,,19:12:35 17-Dec-2022,,3,-22.7572,151.8010,,,,,,,,,,,,,,,,,,,,,,,,,,,,,,,,,,,,0,,,,
209949,209949,0.500000,UT,,,19:13:27 17-Dec-2022,,3,-22.7572,151.8010,,,,,9421,,,,,,,,,,,,,,,,,,,,,,,,,,,,,,,0,,,,
209949,209949,0.500000,UT,1.00b,,19:14:22 17-Dec-2022,,3,-22.7572,151.8010,,0,,,,,,,,,,,,,,,,,,,,,,,,,,,,,,,,,,0,,,,
209949,209949,0.500000,UT,,,07:56:42 18-Dec-2022,,0,-22.8621,151.5796,,,,,,,,,26.95,,,,,,,,,,,,,,,,,,,,,,,,,,,0,,,,
209949,209949,0.500000,UT,,,07:57:18 18-Dec-2022,,0,-22.8621,151.5796,,,,,,3.525,,,,,,,,,,,,,,,,,,,,,,,,,,,,,,0,,,,
209949,209949,0.500000,UT,,,10:20:25 18-Dec-2022,,B,-23.0072,151.6899,,,,,,3.525,,,,,,,,,,,,,,,,,,,,,,,,,,,,,,0,,,,
209949,209949,0.500000,UT,1.00b,,13:10:05 18-Dec-2022,,2,-23.0597,151.6976,,0,,,,,,,,,,,,,,,,,,,,,,,,,,,,,,,,,,0,,,,
209949,209949,0.500000,UT,,,13:11:10 18-Dec-2022,,2,-23.0597,151.6976,,,,,,,,,,,,,,,,,,,,,,,,,,,,,,,,,,,,0,,,,
209949,209949,0.500000,UT,,,13:11:45 18-Dec-2022,,2,-23.0597,151.6976,,,,,,,,,26.75,,,,,,,,,,,,,,,,,,,,,,,,,,,0,,,,
209949,209949,0.500000,UT,,,18:51:18 18-Dec-2022,,2,-23.1658,151.5995,,,,,,,,,26.75,,,,,,,,,,,,,,,,,,,,,,,,,,,0,,,,
209949,209949,0.500000,UT,,,18:52:12 18-Dec-2022,,2,-23.1658,151.5995,,,,,,3.475,,,,,,,,,,,,,,,,,,,,,,,,,,,,,,0,,,,
209949,209949,0.500000,UT,,,18:54:11 18-Dec-2022,,2,-23.1658,151.5995,,,,,9557,,,,,,,,,,,,,,,,,,,,,,,,,,,,,,,0,,,,
209949,209949,0.500000,UT,,,18:54:34 18-Dec-2022,,2,-23.1658,151.5995,,,,,,3.525,,,,,,,,,,,,,,,,,,,,,,,,,,,,,,0,,,,
209949,209949,0.500000,UT,,,18:56:11 18-Dec-2022,,2,-23.1658,151.5995,,,,,9562,,,,,,,,,,,,,,,,,,,,,,,,,,,,,,,0,,,,
209949,209949,0.500000,UT,1.00b,,19:57:07 18-Dec-2022,,B,-23.1854,151.5947,,0,,,,,,,,,,,,,,,,,,,,,,,,,,,,,,,,,,0,,,,
209949,209949,0.500000,UT,,,20:04:23 18-Dec-2022,,A,-23.2190,151.5610,,,,,9640,,,,,,,,,,,,,,,,,,,,,,,,,,,,,,,0,,,,
209949,209949,0.500000,UT,,,20:04:44 18-Dec-2022,,A,-23.2190,151.5610,,,,,,3.525,,,,,,,,,,,,,,,,,,,,,,,,,,,,,,0,,,,
209949,209949,0.500000,UT,,,20:07:21 18-Dec-2022,,1,-23.1747,151.5723,,,,,,,,,26.80,,,,,,,,,,,,,,,,,,,,,,,,,,,0,,,,
209949,209949,0.500000,UT,,,20:15:59 18-Dec-2022,,1,-23.1747,151.5723,,,,,,,,,,,,,,,,,,,,,,,,,,,,,,,,,,,,0,,,,
209949,209949,0.500000,UT,1.00b,,20:18:23 18-Dec-2022,,1,-23.1747,151.5723,,0,,,,,,,,,,,,,,,,,,,,,,,,,,,,,,,,,,0,,,,
209949,209949,0.500000,UT,,,20:25:39 18-Dec-2022,,B,-23.1796,151.5721,,,,,,,,,26.80,,,,,,,,,,,,,,,,,,,,,,,,,,,0,,,,
209949,209949,0.500000,UT,,,21:32:55 18-Dec-2022,,B,-23.1915,151.5692,,,,,9682,,,,,,,,,,,,,,,,,,,,,,,,,,,,,,,0,,,,
209949,209949,0.500000,UT,,,07:01:24 19-Dec-2022,,B,-23.1894,151.5798,,,,,,,,,26.50,,,,,,,,,,,,,,,,,,,,,,,,,,,0,,,,
209949,209949,0.500000,UT,,,10:00:10 19-Dec-2022,,A,-23.2958,151.6887,,,,,,,,,,,,,,,,,,,,,,,,,,,,,,,,,,,,0,,,,
209949,209949,0.500000,UT,,,10:00:25 19-Dec-2022,,A,-23.2958,151.6887,,,,,,,,,26.30,,,,,,,,,,,,,,,,,,,,,,,,,,,0,,,,
209949,209949,0.500000,UT,,,10:00:55 19-Dec-2022,,A,-23.2958,151.6887,,,,,,3.475,,,,,,,,,,,,,,,,,,,,,,,,,,,,,,0,,,,
209949,209949,0.500000,UT,,,19:36:54 19-Dec-2022,,A,-23.4378,151.5883,,,,,,,,,,,,,,,,,,,,,,,,,,,,,,,,,,,,0,,,,
209949,209949,0.500000,UT,,,19:38:52 19-Dec-2022,,A,-23.4378,151.5883,,,,,,3.500,,,,,,,,,,,,,,,,,,,,,,,,,,,,,,0,,,,
209949,209949,0.500000,UT,,,19:40:26 19-Dec-2022,,A,-23.4378,151.5883,,,,,,,,,,,,,,,,,,,,,,,,,,,,,,,,,,,,0,,,,
209949,209949,0.500000,UT,,,20:11:38 19-Dec-2022,,1,-23.4458,151.5715,,,,,,3.500,,,,,,,,,,,,,,,,,,,,,,,,,,,,,,0,,,,
209949,209949,0.500000,UT,1.00b,,20:12:24 19-Dec-2022,,1,-23.4458,151.5715,,0,,,,,,,,,,,,,,,,,,,,,,,,,,,,,,,,,,0,,,,
209949,209949,0.500000,UT,,,20:12:41 19-Dec-2022,,1,-23.4458,151.5715,,,,,,,,,,,,,,,,,,,,,,,,,,,,,,,,,,,,0,,,,
209949,209949,0.500000,UT,,,20:13:00 19-Dec-2022,,1,-23.4458,151.5715,,,,,,,,,26.05,,,,,,,,,,,,,,,,,,,,,,,,,,,0,,,,
209949,209949,0.500000,UT,,,21:11:34 19-Dec-2022,,B,-23.4641,151.5679,,,,,9855,,,,,,,,,,,,,,,,,,,,,,,,,,,,,,,0,,,,
209949,209949,0.500000,UT,1.00b,,21:16:09 19-Dec-2022,,B,-23.4641,151.5679,,0,,,,,,,,,,,,,,,,,,,,,,,,,,,,,,,,,,0,,,,
209949,209949,0.500000,UT,,06:49:47 20-Dec-2022,06:45:19 20-Dec-2022,-267,B,-23.6013,151.5281,CRC,,,,9878,3.550,,,26.00,,,,,,,,,,,,,,191,27,255,0,,,,,,,0,,,1,79,,,
209949,209949,0.500000,UT,,,08:27:50 20-Dec-2022,,A,-23.5530,151.5445,,,,,,3.525,,,,,,,,,,,,,,,,,,,,,,,,,,,,,,0,,,,
209949,209949,0.500000,UT,1.00b,,08:28:08 20-Dec-2022,,A,-23.5530,151.5445,,0,,,,,,,,,,,,,,,,,,,,,,,,,,,,,,,,,,0,,,,
209949,209949,0.500000,UT,,,08:33:49 20-Dec-2022,,A,-23.5530,151.5445,,,,,9891,,,,,,,,,,,,,,,,,,,,,,,,,,,,,,,0,,,,
209949,209949,0.500000,UT,1.00b,,09:37:57 20-Dec-2022,,0,-23.5849,151.4930,,0,,,,,,,,,,,,,,,,,,,,,,,,,,,,,,,,,,0,,,,
209949,209949,0.500000,UT,,,09:40:06 20-Dec-2022,,0,-23.5849,151.4930,,,,,,3.525,,,,,,,,,,,,,,,,,,,,,,,,,,,,,,0,,,,
209949,209949,0.500000,UT,,,09:41:20 20-Dec-2022,,0,-23.5849,151.4930,,,,,,,,,,,,,,,,,,,,,,,,,,,,,,,,,,,,0,,,,
209949,209949,0.500000,UT,,,09:42:21 20-Dec-2022,,0,-23.5849,151.4930,,,,,,,,,25.95,,,,,,,,,,,,,,,,,,,,,,,,,,,0,,,,
209949,209949,0.500000,UT,1.00b,,19:10:35 20-Dec-2022,,3,-23.7244,151.4448,,0,,,,,,,,,,,,,,,,,,,,,,,,,,,,,,,,,,0,,,,
209949,209949,0.500000,UT,,,19:11:16 20-Dec-2022,,3,-23.7244,151.4448,,,,,,,,,25.95,,,,,,,,,,,,,,,,,,,,,,,,,,,0,,,,
209949,209949,0.500000,UT,,,19:11:40 20-Dec-2022,,3,-23.7244,151.4448,,,,,9974,,,,,,,,,,,,,,,,,,,,,,,,,,,,,,,0,,,,
209949,209949,0.500000,UT,,,19:13:00 20-Dec-2022,,3,-23.7244,151.4448,,,,,,,,,,,,,,,,,,,,,,,,,,,,,,,,,,,,0,,,,
209949,209949,0.500000,UT,,,19:52:19 20-Dec-2022,,0,-23.7283,151.4487,,,,,,3.500,,,,,,,,,,,,,,,,,,,,,,,,,,,,,,0,,,,
209949,209949,0.500000,UT,1.00b,,19:52:43 20-Dec-2022,,0,-23.7283,151.4487,,0,,,,,,,,,,,,,,,,,,,,,,,,,,,,,,,,,,0,,,,
209949,209949,0.500000,UT,,,19:54:22 20-Dec-2022,,0,-23.7283,151.4487,,,,,,,,,26.05,,,,,,,,,,,,,,,,,,,,,,,,,,,0,,,,
209949,209949,0.500000,UT,,,19:57:21 20-Dec-2022,,0,-23.7283,151.4487,,,,,,,,,,,,,,,,,,,,,,,,,,,,,,,,,,,,0,,,,
209949,209949,0.500000,UT,1.00b,,20:55:20 20-Dec-2022,,B,-23.7406,151.4422,,0,,,,,,,,,,,,,,,,,,,,,,,,,,,,,,,,,,0,,,,
209949,209949,0.500000,UT,1.00b,,21:16:01 20-Dec-2022,,B,-23.7530,151.4321,,0,,,,,,,,,,,,,,,,,,,,,,,,,,,,,,,,,,0,,,,
209949,209949,0.500000,UT,,,21:19:34 20-Dec-2022,,B,-23.7530,151.4321,,,,,,,,,26.05,,,,,,,,,,,,,,,,,,,,,,,,,,,0,,,,
209949,209949,0.500000,UT,,,22:33:06 20-Dec-2022,,B,-23.7543,151.4225,,,,,,,,,26.05,,,,,,,,,,,,,,,,,,,,,,,,,,,0,,,,
209949,209949,0.500000,UT,,,23:18:42 20-Dec-2022,,B,-23.7561,151.4218,,,,,,,,,,,,,,,,,,,,,,,,,,,,,,,,,,,,0,,,,
209949,209949,0.500000,UT,,,06:16:44 21-Dec-2022,,1,-23.6189,151.5390,,,,,10122,,,,,,,,,,,,,,,,,,,,,,,,,,,,,,,0,,,,
209949,209949,0.500000,UT,,,06:17:16 21-Dec-2022,,1,-23.6189,151.5390,,,,,,3.500,,,,,,,,,,,,,,,,,,,,,,,,,,,,,,0,,,,
209949,209949,0.500000,UT,1.00b,,06:17:42 21-Dec-2022,,1,-23.6189,151.5390,,0,,,,,,,,,,,,,,,,,,,,,,,,,,,,,,,,,,0,,,,
209949,209949,0.500000,UT,,,06:21:33 21-Dec-2022,,1,-23.6189,151.5390,,,,,,,,,25.90,,,,,,,,,,,,,,,,,,,,,,,,,,,0,,,,
209949,209949,0.500000,UT,,,06:21:50 21-Dec-2022,,1,-23.6189,151.5390,,,,,10127,,,,,,,,,,,,,,,,,,,,,,,,,,,,,,,0,,,,
209949,209949,0.500000,UT,,,08:01:38 21-Dec-2022,,2,-23.5800,151.5657,,,,,10166,,,,,,,,,,,,,,,,,,,,,,,,,,,,,,,0,,,,
209949,209949,0.500000,UT,,,18:37:36 21-Dec-2022,,B,-23.5067,151.6060,,,,,10262,,,,,,,,,,,,,,,,,,,,,,,,,,,,,,,0,,,,
209949,209949,0.500000,UT,,,18:38:08 21-Dec-2022,,B,-23.5067,151.6060,,,,,,3.375,,,,,,,,,,,,,,,,,,,,,,,,,,,,,,0,,,,
209949,209949,0.500000,UT,,,19:33:05 21-Dec-2022,,0,-23.4591,151.5964,,,,,10298,,,,,,,,,,,,,,,,,,,,,,,,,,,,,,,0,,,,
209949,209949,0.500000,UT,,,19:34:36 21-Dec-2022,,0,-23.4591,151.5964,,,,,,,,,,,,,,,,,,,,,,,,,,,,,,,,,,,,0,,,,
209949,209949,0.500000,UT,,,19:40:31 21-Dec-2022,,0,-23.4591,151.5964,,,,,10304,,,,,,,,,,,,,,,,,,,,,,,,,,,,,,,0,,,,
209949,209949,0.500000,UT,,,20:13:56 21-Dec-2022,,B,-23.4501,151.6064,,,,,,,,,25.85,,,,,,,,,,,,,,,,,,,,,,,,,,,0,,,,
209949,209949,0.500000,UT,,,20:26:57 21-Dec-2022,,B,-23.4505,151.6061,,,,,10330,,,,,,,,,,,,,,,,,,,,,,,,,,,,,,,0,,,,
209949,209949,0.500000,UT,,,07:25:31 22-Dec-2022,,B,-23.5529,151.5982,,,,,,,,,,,,,,,,,,,,,,,,,,,,,,,,,,,,0,,,,
209949,209949,0.500000,UT,,,07:45:07 22-Dec-2022,,B,-23.5564,151.5926,,,,,,,,,25.95,,,,,,,,,,,,,,,,,,,,,,,,,,,0,,,,
209949,209949,0.500000,UT,,,21:36:54 22-Dec-2022,,B,-23.6783,151.5099,,,,,,,,,,,,,,,,,,,,,,,,,,,,,,,,,,,,0,,,,
209949,209949,0.500000,UT,,,08:23:18 23-Dec-2022,,B,-23.6252,151.6277,,,,,10416,,,,,,,,,,,,,,,,,,,,,,,,,,,,,,,0,,,,
209949,209949,0.500000,UT,1.00b,,08:36:17 23-Dec-2022,,A,-23.5574,151.6052,,0,,,,,,,,,,,,,,,,,,,,,,,,,,,,,,,,,,0,,,,
209949,209949,0.500000,UT,,,08:40:31 23-Dec-2022,,A,-23.5574,151.6052,,,,,,,,,26.05,,,,,,,,,,,,,,,,,,,,,,,,,,,0,,,,
209949,209949,0.500000,UT,1.00b,,09:16:13 23-Dec-2022,,B,-23.5496,151.6092,,0,,,,,,,,,,,,,,,,,,,,,,,,,,,,,,,,,,0,,,,
209949,209949,0.500000,UT,,,09:19:26 23-Dec-2022,,B,-23.5496,151.6092,,,,,,,,,,,,,,,,,,,,,,,,,,,,,,,,,,,,0,,,,
209949,209949,0.500000,UT,,,18:59:10 23-Dec-2022,,B,-23.4836,151.5729,,,,,,,,,26.05,,,,,,,,,,,,,,,,,,,,,,,,,,,0,,,,
209949,209949,0.500000,UT,1.00b,,19:06:04 23-Dec-2022,,B,-23.4836,151.5729,,0,,,,,,,,,,,,,,,,,,,,,,,,,,,,,,,,,,0,,,,
209949,209949,0.500000,UT,,,19:16:15 23-Dec-2022,,B,-23.4501,151.5740,,,,,,,,,,,,,,,,,,,,,,,,,,,,,,,,,,,,0,,,,
209949,209949,0.500000,UT,1.00b,,21:29:21 23-Dec-2022,,B,-23.4118,151.5845,,0,,,,,,,,,,,,,,,,,,,,,,,,,,,,,,,,,,0,,,,
209949,209949,0.500000,UT,1.00b,,23:32:17 23-Dec-2022,,B,-23.3935,151.5813,,0,,,,,,,,,,,,,,,,,,,,,,,,,,,,,,,,,,0,,,,
209949,209949,0.500000,UT,,,07:06:50 24-Dec-2022,,B,-23.2343,151.6028,,,,,10497,,,,,,,,,,,,,,,,,,,,,,,,,,,,,,,0,,,,
209949,209949,0.500000,UT,,,08:37:23 26-Dec-2022,,,,,,,,,10571,,,,,,,,,,,,,,,,,,,,,,,,,,,,,,,0,,,,
209949,209949,0.500000,UT,,,19:18:34 26-Dec-2022,,2,-23.4386,151.5729,,,,,,,,,25.95,,,,,,,,,,,,,,,,,,,,,,,,,,,0,,,,
209949,209949,0.500000,UT,,,19:19:00 26-Dec-2022,,2,-23.4386,151.5729,,,,,10582,,,,,,,,,,,,,,,,,,,,,,,,,,,,,,,0,,,,
209949,209949,0.500000,UT,,,19:21:22 26-Dec-2022,,2,-23.4386,151.5729,,,,,,,,,26.00,,,,,,,,,,,,,,,,,,,,,,,,,,,0,,,,
209949,209949,0.500000,UT,,,19:22:13 26-Dec-2022,,2,-23.4386,151.5729,,,,,10587,,,,,,,,,,,,,,,,,,,,,,,,,,,,,,,0,,,,
209949,209949,0.500000,UT,1.00b,,19:23:05 26-Dec-2022,,2,-23.4386,151.5729,,0,,,,,,,,,,,,,,,,,,,,,,,,,,,,,,,,,,0,,,,
209949,209949,0.500000,UT,,,19:23:21 26-Dec-2022,,2,-23.4386,151.5729,,,,,,,,,,,,,,,,,,,,,,,,,,,,,,,,,,,,0,,,,
209949,209949,0.500000,UT,1.00b,,19:48:05 26-Dec-2022,,A,-23.4345,151.5745,,0,,,,,,,,,,,,,,,,,,,,,,,,,,,,,,,,,,0,,,,
209949,209949,0.500000,UT,,,19:48:48 26-Dec-2022,,A,-23.4345,151.5745,,,,,,,,,26.00,,,,,,,,,,,,,,,,,,,,,,,,,,,0,,,,
209949,209949,0.500000,UT,,,19:49:04 26-Dec-2022,,A,-23.4345,151.5745,,,,,10608,,,,,,,,,,,,,,,,,,,,,,,,,,,,,,,0,,,,
209949,209949,0.500000,UT,,,19:54:33 26-Dec-2022,,A,-23.4415,151.5662,,,,,,3.525,,,,,,,,,,,,,,,,,,,,,,,,,,,,,,0,,,,
209949,209949,0.500000,UT,,,19:58:09 26-Dec-2022,,A,-23.4415,151.5662,,,,,,,,,,,,,,,,,,,,,,,,,,,,,,,,,,,,0,,,,
209949,209949,0.500000,UT,,,19:59:21 26-Dec-2022,,A,-23.4415,151.5662,,,,,,,,,26.00,,,,,,,,,,,,,,,,,,,,,,,,,,,0,,,,
209949,209949,0.500000,UT,,,20:04:30 26-Dec-2022,,B,-23.4356,151.5734,,,,,,,,,,,,,,,,,,,,,,,,,,,,,,,,,,,,0,,,,
209949,209949,0.500000,UT,,,20:58:52 26-Dec-2022,,B,-23.4240,151.5741,,,,,,,,,,,,,,,,,,,,,,,,,,,,,,,,,,,,0,,,,
209949,209949,0.500000,UT,,,20:59:08 26-Dec-2022,,B,-23.4240,151.5741,,,,,,,,,25.95,,,,,,,,,,,,,,,,,,,,,,,,,,,0,,,,
209949,209949,0.500000,UT,,,21:32:15 26-Dec-2022,,B,-23.4214,151.5739,,,,,,,,,26.00,,,,,,,,,,,,,,,,,,,,,,,,,,,0,,,,
209949,209949,0.500000,UT,,,06:14:40 27-Dec-2022,,B,-23.5201,151.5655,,,,,,3.500,,,,,,,,,,,,,,,,,,,,,,,,,,,,,,0,,,,
209949,209949,0.500000,UT,,,06:32:43 27-Dec-2022,,A,-23.5864,151.4088,,,,,,,,,,,,,,,,,,,,,,,,,,,,,,,,,,,,0,,,,
209949,209949,0.500000,UT,,,06:35:21 27-Dec-2022,,A,-23.5864,151.4088,,,,,,,,,26.00,,,,,,,,,,,,,,,,,,,,,,,,,,,0,,,,
209949,209949,0.500000,UT,,,07:45:45 27-Dec-2022,,3,-23.6056,151.3766,,,,,,,,,,,,,,,,,,,,,,,,,,,,,,,,,,,,0,,,,
209949,209949,0.500000,UT,,,07:46:44 27-Dec-2022,,3,-23.6056,151.3766,,,,,10738,,,,,,,,,,,,,,,,,,,,,,,,,,,,,,,0,,,,
209949,209949,0.500000,UT,,,07:47:15 27-Dec-2022,,3,-23.6056,151.3766,,,,,,3.525,,,,,,,,,,,,,,,,,,,,,,,,,,,,,,0,,,,
209949,209949,0.500000,UT,,,07:49:22 27-Dec-2022,,3,-23.6056,151.3766,,,,,,3.500,,,,,,,,,,,,,,,,,,,,,,,,,,,,,,0,,,,
209949,209949,0.500000,UT,1.00b,,07:50:02 27-Dec-2022,,3,-23.6056,151.3766,,0,,,,,,,,,,,,,,,,,,,,,,,,,,,,,,,,,,0,,,,
209949,209949,0.500000,UT,,,07:51:25 27-Dec-2022,,3,-23.6056,151.3766,,,,,,,,,26.15,,,,,,,,,,,,,,,,,,,,,,,,,,,0,,,,
209949,209949,0.500000,UT,,,07:51:53 27-Dec-2022,,3,-23.6056,151.3766,,,,,10748,,,,,,,,,,,,,,,,,,,,,,,,,,,,,,,0,,,,
209949,209949,0.500000,UT,,,08:06:25 27-Dec-2022,,2,-23.6135,151.3742,,,,,,3.525,,,,,,,,,,,,,,,,,,,,,,,,,,,,,,0,,,,
209949,209949,0.500000,UT,,,08:07:35 27-Dec-2022,,2,-23.6135,151.3742,,,,,,,,,26.10,,,,,,,,,,,,,,,,,,,,,,,,,,,0,,,,
209949,209949,0.500000,UT,1.00b,,08:12:31 27-Dec-2022,,2,-23.6135,151.3742,,0,,,,,,,,,,,,,,,,,,,,,,,,,,,,,,,,,,0,,,,
209949,209949,0.500000,UT,,,08:12:57 27-Dec-2022,,2,-23.6135,151.3742,,,,,,,,,,,,,,,,,,,,,,,,,,,,,,,,,,,,0,,,,
209949,209949,0.500000,UT,,,08:13:50 27-Dec-2022,,2,-23.6135,151.3742,,,,,56598,,,,,,,,,,,,,,,,,,,,,,,,,,,,,,,0,,,,
209949,209949,0.500000,UT,,,08:14:12 27-Dec-2022,,2,-23.6135,151.3742,,,,,,3.500,,,,,,,,,,,,,,,,,,,,,,,,,,,,,,0,,,,
209949,209949,0.500000,UT,1.00b,,08:14:27 27-Dec-2022,,2,-23.6135,151.3742,,0,,,,,,,,,,,,,,,,,,,,,,,,,,,,,,,,,,0,,,,
209949,209949,0.500000,UT,,,08:15:27 27-Dec-2022,,2,-23.6135,151.3742,,,,,,,,,2061.30,,,,,,,,,,,,,,,,,,,,,,,,,,,0,,,,
209949,209949,0.500000,UT,,,08:17:16 27-Dec-2022,,1,-23.6171,151.3633,,,,,,3.350,,,,,,,,,,,,,,,,,,,,,,,,,,,,,,0,,,,
209949,209949,0.500000,UT,,,08:18:55 27-Dec-2022,,1,-23.6171,151.3633,,,,,,,,,,,,,,,,,,,,,,,,,,,,,,,,,,,,0,,,,
209949,209949,0.500000,UT,1.00b,,08:21:10 27-Dec-2022,,1,-23.6171,151.3633,,0,,,,,,,,,,,,,,,,,,,,,,,,,,,,,,,,,,0,,,,
209949,209949,0.500000,UT,,,08:26:01 27-Dec-2022,,1,-23.6171,151.3633,,,,,,3.475,,,,,,,,,,,,,,,,,,,,,,,,,,,,,,0,,,,
209949,209949,0.500000,UT,,,10:31:48 27-Dec-2022,,1,-23.6355,151.3162,,,,,10869,,,,,,,,,,,,,,,,,,,,,,,,,,,,,,,0,,,,
209949,209949,0.500000,UT,,,10:32:06 27-Dec-2022,,1,-23.6355,151.3162,,,,,,3.550,,,,,,,,,,,,,,,,,,,,,,,,,,,,,,0,,,,
209949,209949,0.500000,UT,,,10:34:10 27-Dec-2022,,1,-23.6355,151.3162,,,,,,,,,,,,,,,,,,,,,,,,,,,,,,,,,,,,0,,,,
209949,209949,0.500000,UT,,,13:00:49 27-Dec-2022,,B,-23.6057,151.2630,,,,,10885,,,,,,,,,,,,,,,,,,,,,,,,,,,,,,,0,,,,
209949,209949,0.500000,UT,1.00b,,13:02:08 27-Dec-2022,,B,-23.6057,151.2630,,0,,,,,,,,,,,,,,,,,,,,,,,,,,,,,,,,,,0,,,,
209949,209949,0.500000,UT,,,09:40:27 28-Dec-2022,,A,-23.6595,151.3187,,,,,11072,,,,,,,,,,,,,,,,,,,,,,,,,,,,,,,0,,,,
209949,209949,0.500000,UT,,,09:40:52 28-Dec-2022,,A,-23.6595,151.3187,,,,,,3.525,,,,,,,,,,,,,,,,,,,,,,,,,,,,,,0,,,,
209949,209949,0.500000,UT,1.00b,,09:41:39 28-Dec-2022,,A,-23.6595,151.3187,,0,,,,,,,,,,,,,,,,,,,,,,,,,,,,,,,,,,0,,,,
209949,209949,0.500000,UT,,,19:13:19 28-Dec-2022,,B,-23.6120,151.5108,,,,,,,,,,,,,,,,,,,,,,,,,,,,,,,,,,,,0,,,,
209949,209949,0.500000,UT,,,19:13:59 28-Dec-2022,,B,-23.6120,151.5108,,,,,,,,,25.75,,,,,,,,,,,,,,,,,,,,,,,,,,,0,,,,
209949,209949,0.500000,UT,,,20:01:15 28-Dec-2022,,0,-23.5973,151.5188,,,,,11124,,,,,,,,,,,,,,,,,,,,,,,,,,,,,,,0,,,,
209949,209949,0.500000,UT,,,20:02:42 28-Dec-2022,,0,-23.5973,151.5188,,,,,,3.400,,,,,,,,,,,,,,,,,,,,,,,,,,,,,,0,,,,
209949,209949,0.500000,UT,,,20:03:42 28-Dec-2022,,0,-23.5973,151.5188,,,,,,,,,,,,,,,,,,,,,,,,,,,,,,,,,,,,0,,,,
209949,209949,0.500000,UT,,20:10:26 28-Dec-2022,20:05:30 28-Dec-2022,-295,0,-23.5973,151.5188,CRC,,,,11128,3.500,,,25.70,,,,,,,,,,,,,,215,27,255,0,,,,,,,0,,,1,61,,,
209949,209949,0.500000,UT,,,20:06:14 28-Dec-2022,,0,-23.5973,151.5188,,,,,,,,,25.70,,,,,,,,,,,,,,,,,,,,,,,,,,,0,,,,
209949,209949,0.500000,UT,,,21:20:40 28-Dec-2022,,B,-23.5621,151.5466,,,,,11140,,,,,,,,,,,,,,,,,,,,,,,,,,,,,,,0,,,,
209949,209949,0.500000,UT,,,21:23:36 28-Dec-2022,,B,-23.5621,151.5466,,,,,,3.500,,,,,,,,,,,,,,,,,,,,,,,,,,,,,,0,,,,
209949,209949,0.500000,UT,,,11:00:28 29-Dec-2022,,B,-23.4897,151.6882,,,,,,3.550,,,,,,,,,,,,,,,,,,,,,,,,,,,,,,0,,,,
209949,209949,0.500000,UT,1.00b,,19:29:08 29-Dec-2022,,3,-23.4134,151.7483,,0,,,,,,,,,,,,,,,,,,,,,,,,,,,,,,,,,,0,,,,
209949,209949,0.500000,UT,,,19:29:36 29-Dec-2022,,3,-23.4134,151.7483,,,,,,,,,,,,,,,,,,,,,,,,,,,,,,,,,,,,0,,,,
209949,209949,0.500000,UT,,,19:32:40 29-Dec-2022,,3,-23.4134,151.7483,,,,,11240,,,,,,,,,,,,,,,,,,,,,,,,,,,,,,,0,,,,
209949,209949,0.500000,UT,,,19:33:45 29-Dec-2022,,3,-23.4134,151.7483,,,,,,3.500,,,,,,,,,,,,,,,,,,,,,,,,,,,,,,0,,,,
209949,209949,0.500000,UT,,,20:15:28 29-Dec-2022,,2,-23.4018,151.7730,,,,,,3.550,,,,,,,,,,,,,,,,,,,,,,,,,,,,,,0,,,,
209949,209949,0.500000,UT,,20:21:11 29-Dec-2022,20:16:13 29-Dec-2022,-297,2,-23.4018,151.7730,CRC,,,,11253,3.500,,,25.70,,,,,,,,,,,,,,255,27,255,0,,,,,,,0,,,1,64,,,
209949,209949,0.500000,UT,,,20:20:50 29-Dec-2022,,2,-23.4018,151.7730,,,,,,,,,,,,,,,,,,,,,,,,,,,,,,,,,,,,0,,,,
209949,209949,0.500000,UT,,,20:21:54 29-Dec-2022,,2,-23.4018,151.7730,,,,,,3.500,,,,,,,,,,,,,,,,,,,,,,,,,,,,,,0,,,,
209949,209949,0.500000,UT,1.00b,,20:22:27 29-Dec-2022,,2,-23.4018,151.7730,,0,,,,,,,,,,,,,,,,,,,,,,,,,,,,,,,,,,0,,,,
209949,209949,0.500000,UT,,,20:28:18 29-Dec-2022,,B,-23.4015,151.7635,,,,,,,,,25.80,,,,,,,,,,,,,,,,,,,,,,,,,,,0,,,,
209949,209949,0.500000,UT,,,20:29:59 29-Dec-2022,,B,-23.4015,151.7635,,,,,11261,,,,,,,,,,,,,,,,,,,,,,,,,,,,,,,0,,,,
209949,209949,0.500000,UT,,,21:11:47 29-Dec-2022,,B,-23.4074,151.7597,,,,,,3.525,,,,,,,,,,,,,,,,,,,,,,,,,,,,,,0,,,,
209949,209949,0.500000,UT,1.00b,,21:12:22 29-Dec-2022,,B,-23.4074,151.7597,,0,,,,,,,,,,,,,,,,,,,,,,,,,,,,,,,,,,0,,,,
209949,209949,0.500000,UT,,,23:50:42 29-Dec-2022,,B,-23.3316,151.8111,,,,,,,,,,,,,,,,,,,,,,,,,,,,,,,,,,,,0,,,,
209949,209949,0.500000,UT,,,23:58:22 29-Dec-2022,,B,-23.3316,151.8111,,,,,,,,,26.00,,,,,,,,,,,,,,,,,,,,,,,,,,,0,,,,
209949,209949,0.500000,UT,1.00b,,06:58:37 30-Dec-2022,,B,-23.2913,151.8420,,0,,,,,,,,,,,,,,,,,,,,,,,,,,,,,,,,,,0,,,,
209949,209949,0.500000,UT,,,07:42:39 31-Dec-2022,,A,-23.3472,151.6801,,,,,,3.500,,,,,,,,,,,,,,,,,,,,,,,,,,,,,,0,,,,
209949,209949,0.500000,UT,,,07:46:22 31-Dec-2022,,A,-23.3472,151.6801,,,,,11368,,,,,,,,,,,,,,,,,,,,,,,,,,,,,,,0,,,,
209949,209949,0.500000,UT,,,10:53:12 31-Dec-2022,,B,-23.3332,151.6824,,,,,,,,,25.85,,,,,,,,,,,,,,,,,,,,,,,,,,,0,,,,
209949,209949,0.500000,UT,,,18:25:46 31-Dec-2022,,B,-23.3112,151.6922,,,,,,,,,25.80,,,,,,,,,,,,,,,,,,,,,,,,,,,0,,,,
209949,209949,0.500000,UT,1.00b,,19:53:57 31-Dec-2022,,B,-23.3409,151.7052,,0,,,,,,,,,,,,,,,,,,,,,,,,,,,,,,,,,,0,,,,
209949,209949,0.500000,UT,,,22:06:15 31-Dec-2022,,B,-23.2925,151.7802,,,,,,,,,26.30,,,,,,,,,,,,,,,,,,,,,,,,,,,0,,,,
209949,209949,0.500000,UT,,,22:27:52 31-Dec-2022,,B,-23.2840,151.8430,,,,,11423,,,,,,,,,,,,,,,,,,,,,,,,,,,,,,,0,,,,
209949,209949,0.500000,UT,1.00b,,07:12:08 01-Jan-2023,,A,-23.1454,152.0141,,0,,,,,,,,,,,,,,,,,,,,,,,,,,,,,,,,,,0,,,,
209949,209949,0.500000,UT,,,07:12:59 01-Jan-2023,,A,-23.1454,152.0141,,,,,,,,,,,,,,,,,,,,,,,,,,,,,,,,,,,,0,,,,
209949,209949,0.500000,UT,,,07:17:51 01-Jan-2023,,A,-23.1454,152.0141,,,,,,,,,26.80,,,,,,,,,,,,,,,,,,,,,,,,,,,0,,,,
209949,209949,0.500000,UT,,,07:55:38 01-Jan-2023,,A,-23.1188,152.0317,,,,,,,,,26.80,,,,,,,,,,,,,,,,,,,,,,,,,,,0,,,,
209949,209949,0.500000,UT,,,07:56:04 01-Jan-2023,,A,-23.1188,152.0317,,,,,11507,,,,,,,,,,,,,,,,,,,,,,,,,,,,,,,0,,,,
209949,209949,0.500000,UT,,,09:14:07 01-Jan-2023,,B,-23.1221,152.0444,,,,,,3.475,,,,,,,,,,,,,,,,,,,,,,,,,,,,,,0,,,,
209949,209949,0.500000,UT,,,19:29:55 01-Jan-2023,,1,-23.1605,152.1858,,,,,,3.475,,,,,,,,,,,,,,,,,,,,,,,,,,,,,,0,,,,
209949,209949,0.500000,UT,1.00b,,19:30:41 01-Jan-2023,,1,-23.1605,152.1858,,0,,,,,,,,,,,,,,,,,,,,,,,,,,,,,,,,,,0,,,,
209949,209949,0.500000,UT,,,19:32:02 01-Jan-2023,,1,-23.1605,152.1858,,,,,,,,,,,,,,,,,,,,,,,,,,,,,,,,,,,,0,,,,
209949,209949,0.500000,UT,,,19:33:39 01-Jan-2023,,1,-23.1605,152.1858,,,,,,,,,26.50,,,,,,,,,,,,,,,,,,,,,,,,,,,0,,,,
209949,209949,0.500000,UT,,,19:34:39 01-Jan-2023,,1,-23.1605,152.1858,,,,,11580,,,,,,,,,,,,,,,,,,,,,,,,,,,,,,,0,,,,
209949,209949,0.500000,UT,,,20:48:38 01-Jan-2023,,B,-23.1549,152.2023,,,,,11611,,,,,,,,,,,,,,,,,,,,,,,,,,,,,,,0,,,,
209949,209949,0.500000,UT,,,21:14:21 01-Jan-2023,,B,-23.1599,152.2153,,,,,,,,,24.70,,,,,,,,,,,,,,,,,,,,,,,,,,,0,,,,
209949,209949,0.500000,UT,,,08:27:50 02-Jan-2023,,A,-23.3860,152.0108,,,,,,3.525,,,,,,,,,,,,,,,,,,,,,,,,,,,,,,0,,,,
209949,209949,0.500000,UT,,,09:10:51 02-Jan-2023,,B,-23.4032,152.0247,,,,,11635,,,,,,,,,,,,,,,,,,,,,,,,,,,,,,,0,,,,
209949,209949,0.500000,UT,,,19:17:31 02-Jan-2023,,B,-23.4960,152.0602,,,,,11643,,,,,,,,,,,,,,,,,,,,,,,,,,,,,,,0,,,,
209949,209949,0.500000,UT,,,08:39:13 03-Jan-2023,,B,-23.5379,152.0267,,,,,11690,,,,,,,,,,,,,,,,,,,,,,,,,,,,,,,0,,,,
209949,209949,0.500000,UT,1.00b,,08:49:32 03-Jan-2023,,B,-23.5379,152.0267,,0,,,,,,,,,,,,,,,,,,,,,,,,,,,,,,,,,,0,,,,
209949,209949,0.500000,UT,,,18:33:13 03-Jan-2023,,B,-23.9851,152.0180,,,,,,,,,,,,,,,,,,,,,,,,,,,,,,,,,,,,0,,,,
209949,209949,0.500000,UT,,,18:34:06 03-Jan-2023,,B,-23.9851,152.0180,,,,,,,,,25.95,,,,,,,,,,,,,,,,,,,,,,,,,,,0,,,,
209949,209949,0.500000,UT,1.00b,,19:00:51 03-Jan-2023,,A,-24.1673,152.0824,,0,,,,,,,,,,,,,,,,,,,,,,,,,,,,,,,,,,0,,,,
209949,209949,0.500000,UT,,,19:02:27 03-Jan-2023,,A,-24.1673,152.0824,,,,,11737,,,,,,,,,,,,,,,,,,,,,,,,,,,,,,,0,,,,
209949,209949,0.500000,UT,,,19:05:16 03-Jan-2023,,A,-24.1673,152.0824,,,,,,,,,25.95,,,,,,,,,,,,,,,,,,,,,,,,,,,0,,,,
209949,209949,0.500000,UT,,,19:57:12 03-Jan-2023,,0,-24.1844,152.0871,,,,,11794,,,,,,,,,,,,,,,,,,,,,,,,,,,,,,,0,,,,
209949,209949,0.500000,UT,,,19:57:47 03-Jan-2023,,0,-24.1844,152.0871,,,,,,3.450,,,,,,,,,,,,,,,,,,,,,,,,,,,,,,0,,,,
209949,209949,0.500000,UT,1.00b,,19:58:03 03-Jan-2023,,0,-24.1844,152.0871,,0,,,,,,,,,,,,,,,,,,,,,,,,,,,,,,,,,,0,,,,
209949,209949,0.500000,UT,,,19:59:05 03-Jan-2023,,0,-24.1844,152.0871,,,,,,,,,,,,,,,,,,,,,,,,,,,,,,,,,,,,0,,,,
209949,209949,0.500000,UT,,,19:59:29 03-Jan-2023,,0,-24.1844,152.0871,,,,,,,,,25.95,,,,,,,,,,,,,,,,,,,,,,,,,,,0,,,,
209949,209949,0.500000,UT,,,19:59:50 03-Jan-2023,,0,-24.1844,152.0871,,,,,11799,,,,,,,,,,,,,,,,,,,,,,,,,,,,,,,0,,,,
209949,209949,0.500000,UT,,,20:10:35 03-Jan-2023,,1,-24.1784,152.1080,,,,,,,,,,,,,,,,,,,,,,,,,,,,,,,,,,,,0,,,,
209949,209949,0.500000,UT,,,20:11:14 03-Jan-2023,,1,-24.1784,152.1080,,,,,11810,,,,,,,,,,,,,,,,,,,,,,,,,,,,,,,0,,,,
209949,209949,0.500000,UT,,,20:11:36 03-Jan-2023,,1,-24.1784,152.1080,,,,,,3.400,,,,,,,,,,,,,,,,,,,,,,,,,,,,,,0,,,,
209949,209949,0.500000,UT,1.00b,,20:11:55 03-Jan-2023,,1,-24.1784,152.1080,,0,,,,,,,,,,,,,,,,,,,,,,,,,,,,,,,,,,0,,,,
209949,209949,0.500000,UT,,,20:12:10 03-Jan-2023,,2,-24.1882,152.0998,,,,,,,,,,,,,,,,,,,,,,,,,,,,,,,,,,,,0,,,,
209949,209949,0.500000,UT,,,20:14:32 03-Jan-2023,,2,-24.1882,152.0998,,,,,,3.475,,,,,,,,,,,,,,,,,,,,,,,,,,,,,,0,,,,
209949,209949,0.500000,UT,,,20:34:45 03-Jan-2023,,0,-24.1966,152.1088,,,,,,,,,,,,,,,,,,,,,,,,,,,,,,,,,,,,0,,,,
209949,209949,0.500000,UT,,,20:35:00 03-Jan-2023,,0,-24.1966,152.1088,,,,,,,,,26.00,,,,,,,,,,,,,,,,,,,,,,,,,,,0,,,,
209949,209949,0.500000,UT,,,20:35:50 03-Jan-2023,,0,-24.1966,152.1088,,,,,11820,,,,,,,,,,,,,,,,,,,,,,,,,,,,,,,0,,,,
209949,209949,0.500000,UT,,,20:36:15 03-Jan-2023,,0,-24.1966,152.1088,,,,,,3.500,,,,,,,,,,,,,,,,,,,,,,,,,,,,,,0,,,,
209949,209949,0.500000,UT,,,21:51:41 03-Jan-2023,,B,-24.2087,152.1114,,,,,,3.500,,,,,,,,,,,,,,,,,,,,,,,,,,,,,,0,,,,
209949,209949,0.500000,UT,,,22:40:33 03-Jan-2023,,B,-24.2159,152.1124,,,,,11831,,,,,,,,,,,,,,,,,,,,,,,,,,,,,,,0,,,,
209949,209949,0.500000,UT,,,07:25:08 04-Jan-2023,,0,-24.1170,152.3234,,,,,,,,,,,,,,,,,,,,,,,,,,,,,,,,,,,,0,,,,
209949,209949,0.500000,UT,,,07:25:27 04-Jan-2023,,0,-24.1170,152.3234,,,,,,,,,26.40,,,,,,,,,,,,,,,,,,,,,,,,,,,0,,,,
209949,209949,0.500000,UT,,,08:16:35 04-Jan-2023,,B,-24.1233,152.3391,,,,,11882,,,,,,,,,,,,,,,,,,,,,,,,,,,,,,,0,,,,
209949,209949,0.500000,UT,,,08:16:50 04-Jan-2023,,B,-24.1233,152.3391,,,,,,3.500,,,,,,,,,,,,,,,,,,,,,,,,,,,,,,0,,,,
209949,209949,0.500000,UT,,,08:36:56 04-Jan-2023,,0,-24.1178,152.4038,,,,,,,,,26.30,,,,,,,,,,,,,,,,,,,,,,,,,,,0,,,,
209949,209949,0.500000,UT,,,08:40:01 04-Jan-2023,,0,-24.1178,152.4038,,,,,,3.500,,,,,,,,,,,,,,,,,,,,,,,,,,,,,,0,,,,
209949,209949,0.500000,UT,1.00b,,08:40:18 04-Jan-2023,,0,-24.1178,152.4038,,0,,,,,,,,,,,,,,,,,,,,,,,,,,,,,,,,,,0,,,,
209949,209949,0.500000,UT,,,11:54:48 04-Jan-2023,,B,-24.1198,152.4668,,,,,,,,,26.30,,,,,,,,,,,,,,,,,,,,,,,,,,,0,,,,
209949,209949,0.500000,UT,1.00b,,19:27:22 04-Jan-2023,,A,-24.0067,152.4929,,0,,,,,,,,,,,,,,,,,,,,,,,,,,,,,,,,,,0,,,,
209949,209949,0.500000,UT,,,19:27:45 04-Jan-2023,,A,-24.0067,152.4929,,,,,,,,,,,,,,,,,,,,,,,,,,,,,,,,,,,,0,,,,
209949,209949,0.500000,UT,,,19:29:47 04-Jan-2023,,A,-24.0067,152.4929,,,,,,,,,26.30,,,,,,,,,,,,,,,,,,,,,,,,,,,0,,,,
209949,209949,0.500000,UT,,,19:36:48 04-Jan-2023,,1,-23.9317,152.4662,,,,,,,,,26.40,,,,,,,,,,,,,,,,,,,,,,,,,,,0,,,,
209949,209949,0.500000,UT,,,19:37:32 04-Jan-2023,,1,-23.9317,152.4662,,,,,11988,,,,,,,,,,,,,,,,,,,,,,,,,,,,,,,0,,,,
209949,209949,0.500000,UT,1.00b,,19:40:49 04-Jan-2023,,1,-23.9317,152.4662,,0,,,,,,,,,,,,,,,,,,,,,,,,,,,,,,,,,,0,,,,
209949,209949,0.500000,UT,,,19:41:10 04-Jan-2023,,1,-23.9317,152.4662,,,,,,,,,,,,,,,,,,,,,,,,,,,,,,,,,,,,0,,,,
209949,209949,0.500000,UT,,,19:42:11 04-Jan-2023,,1,-23.9317,152.4662,,,,,,,,,26.35,,,,,,,,,,,,,,,,,,,,,,,,,,,0,,,,
209949,209949,0.500000,UT,,,20:21:11 04-Jan-2023,,A,-23.9222,152.4848,,,,,,,,,,,,,,,,,,,,,,,,,,,,,,,,,,,,0,,,,
209949,209949,0.500000,UT,,,20:22:27 04-Jan-2023,,A,-23.9222,152.4848,,,,,,,,,26.30,,,,,,,,,,,,,,,,,,,,,,,,,,,0,,,,
209949,209949,0.500000,UT,,,21:02:34 04-Jan-2023,,B,-23.9167,152.4995,,,,,,3.500,,,,,,,,,,,,,,,,,,,,,,,,,,,,,,0,,,,
209949,209949,0.500000,UT,,,21:16:48 04-Jan-2023,,B,-23.9182,152.4935,,,,,12019,,,,,,,,,,,,,,,,,,,,,,,,,,,,,,,0,,,,
209949,209949,0.500000,UT,,,08:21:34 05-Jan-2023,,A,-23.7722,152.5376,,,,,,3.525,,,,,,,,,,,,,,,,,,,,,,,,,,,,,,0,,,,
209949,209949,0.500000,UT,1.00b,,08:22:29 05-Jan-2023,,A,-23.7722,152.5376,,0,,,,,,,,,,,,,,,,,,,,,,,,,,,,,,,,,,0,,,,
209949,209949,0.500000,UT,,,08:27:56 05-Jan-2023,,2,-23.7733,152.5447,,,,,25919,,,,,,,,,,,,,,,,,,,,,,,,,,,,,,,0,,,,
209949,209949,0.500000,UT,,,08:30:23 05-Jan-2023,,2,-23.7733,152.5447,,,,,12113,,,,,,,,,,,,,,,,,,,,,,,,,,,,,,,0,,,,
209949,209949,0.500000,UT,,,08:31:32 05-Jan-2023,,2,-23.7733,152.5447,,,,,,3.500,,,,,,,,,,,,,,,,,,,,,,,,,,,,,,0,,,,
209949,209949,0.500000,UT,1.00b,,08:32:07 05-Jan-2023,,2,-23.7733,152.5447,,0,,,,,,,,,,,,,,,,,,,,,,,,,,,,,,,,,,0,,,,
209949,209949,0.500000,UT,,,08:33:25 05-Jan-2023,,2,-23.7733,152.5447,,,,,,,,,,,,,,,,,,,,,,,,,,,,,,,,,,,,0,,,,
209949,209949,0.500000,UT,,,08:33:42 05-Jan-2023,,2,-23.7733,152.5447,,,,,,,,,27.15,,,,,,,,,,,,,,,,,,,,,,,,,,,0,,,,
209949,209949,0.500000,UT,,,10:42:17 05-Jan-2023,,A,-23.7898,152.5765,,,,,,,,,26.95,,,,,,,,,,,,,,,,,,,,,,,,,,,0,,,,
209949,209949,0.500000,UT,,,10:42:35 05-Jan-2023,,A,-23.7898,152.5765,,,,,12123,,,,,,,,,,,,,,,,,,,,,,,,,,,,,,,0,,,,
209949,209949,0.500000,UT,1.00b,,10:44:03 05-Jan-2023,,A,-23.7898,152.5765,,0,,,,,,,,,,,,,,,,,,,,,,,,,,,,,,,,,,0,,,,
209949,209949,0.500000,UT,,,11:42:51 05-Jan-2023,,B,-23.7822,152.5837,,,,,,,,,,,,,,,,,,,,,,,,,,,,,,,,,,,,0,,,,
209949,209949,0.500000,UT,,,19:04:32 05-Jan-2023,,2,-23.6430,152.5917,,,,,,,,,27.40,,,,,,,,,,,,,,,,,,,,,,,,,,,0,,,,
209949,209949,0.500000,UT,,,19:05:18 05-Jan-2023,,2,-23.6430,152.5917,,,,,12139,,,,,,,,,,,,,,,,,,,,,,,,,,,,,,,0,,,,
209949,209949,0.500000,UT,,,19:08:01 05-Jan-2023,,2,-23.6430,152.5917,,,,,12144,,,,,,,,,,,,,,,,,,,,,,,,,,,,,,,0,,,,
209949,209949,0.500000,UT,,,19:08:36 05-Jan-2023,,2,-23.6430,152.5917,,,,,,3.450,,,,,,,,,,,,,,,,,,,,,,,,,,,,,,0,,,,
209949,209949,0.500000,UT,1.00b,,19:10:46 05-Jan-2023,,2,-23.6430,152.5917,,0,,,,,,,,,,,,,,,,,,,,,,,,,,,,,,,,,,0,,,,
209949,209949,0.500000,UT,,,19:11:14 05-Jan-2023,,2,-23.6430,152.5917,,,,,,,,,,,,,,,,,,,,,,,,,,,,,,,,,,,,0,,,,
209949,209949,0.500000,UT,1.00b,,20:03:53 05-Jan-2023,,A,-23.6220,152.6062,,0,,,,,,,,,,,,,,,,,,,,,,,,,,,,,,,,,,0,,,,
209949,209949,0.500000,UT,,,20:04:08 05-Jan-2023,,A,-23.6220,152.6062,,,,,,,,,,,,,,,,,,,,,,,,,,,,,,,,,,,,0,,,,
209949,209949,0.500000,UT,,,20:06:17 05-Jan-2023,,A,-23.6220,152.6062,,,,,,,,,1108.85,,,,,,,,,,,,,,,,,,,,,,,,,,,0,,,,
209949,209949,0.500000,UT,1.00b,,06:16:38 06-Jan-2023,,1,-23.5752,152.4700,,0,,,,,,,,,,,,,,,,,,,,,,,,,,,,,,,,,,0,,,,
209949,209949,0.500000,UT,,,06:17:46 06-Jan-2023,,1,-23.5752,152.4700,,,,,,,,,27.80,,,,,,,,,,,,,,,,,,,,,,,,,,,0,,,,
209949,209949,0.500000,UT,,,06:18:01 06-Jan-2023,,1,-23.5752,152.4700,,,,,12212,,,,,,,,,,,,,,,,,,,,,,,,,,,,,,,0,,,,
209949,209949,0.500000,UT,,,06:18:17 06-Jan-2023,,1,-23.5752,152.4700,,,,,,3.500,,,,,,,,,,,,,,,,,,,,,,,,,,,,,,0,,,,
209949,209949,0.500000,UT,,,06:19:57 06-Jan-2023,,1,-23.5752,152.4700,,,,,,,,,,,,,,,,,,,,,,,,,,,,,,,,,,,,0,,,,
209949,209949,0.500000,UT,,,06:29:21 06-Jan-2023,,3,-23.5592,152.4731,,,,,12233,,,,,,,,,,,,,,,,,,,,,,,,,,,,,,,0,,,,
209949,209949,0.500000,UT,,,06:31:32 06-Jan-2023,,3,-23.5592,152.4731,,,,,12238,,,,,,,,,,,,,,,,,,,,,,,,,,,,,,,0,,,,
209949,209949,0.500000,UT,1.00b,,06:32:48 06-Jan-2023,,3,-23.5592,152.4731,,0,,,,,,,,,,,,,,,,,,,,,,,,,,,,,,,,,,0,,,,
209949,209949,0.500000,UT,,,06:34:07 06-Jan-2023,,3,-23.5592,152.4731,,,,,,,,,27.70,,,,,,,,,,,,,,,,,,,,,,,,,,,0,,,,
209949,209949,0.500000,UT,,,06:34:26 06-Jan-2023,,3,-23.5592,152.4731,,,,,12243,,,,,,,,,,,,,,,,,,,,,,,,,,,,,,,0,,,,
209949,209949,0.500000,UT,,,06:36:17 06-Jan-2023,,3,-23.5592,152.4731,,,,,12248,,,,,,,,,,,,,,,,,,,,,,,,,,,,,,,0,,,,
209949,209949,0.500000,UT,,,07:51:30 06-Jan-2023,,3,-23.5306,152.4468,,,,,12312,,,,,,,,,,,,,,,,,,,,,,,,,,,,,,,0,,,,
209949,209949,0.500000,UT,,,07:51:49 06-Jan-2023,,3,-23.5306,152.4468,,,,,,3.525,,,,,,,,,,,,,,,,,,,,,,,,,,,,,,0,,,,
209949,209949,0.500000,UT,,,07:56:58 06-Jan-2023,,3,-23.5306,152.4468,,,,,,,,,27.65,,,,,,,,,,,,,,,,,,,,,,,,,,,0,,,,
209949,209949,0.500000,UT,,,07:57:24 06-Jan-2023,,3,-23.5306,152.4468,,,,,12322,,,,,,,,,,,,,,,,,,,,,,,,,,,,,,,0,,,,
209949,209949,0.500000,UT,,,07:59:35 06-Jan-2023,,3,-23.5306,152.4468,,,,,,,,,,,,,,,,,,,,,,,,,,,,,,,,,,,,0,,,,
209949,209949,0.500000,UT,,,08:07:18 06-Jan-2023,,B,-23.5222,152.4488,,,,,,,,,26.95,,,,,,,,,,,,,,,,,,,,,,,,,,,0,,,,
209949,209949,0.500000,UT,1.00b,,08:08:54 06-Jan-2023,,B,-23.5222,152.4488,,0,,,,,,,,,,,,,,,,,,,,,,,,,,,,,,,,,,0,,,,
209949,209949,0.500000,UT,,,05:45:39 07-Jan-2023,,B,-23.3428,152.3825,,,,,,,,,26.40,,,,,,,,,,,,,,,,,,,,,,,,,,,0,,,,
209949,209949,0.500000,UT,1.00b,,11:41:41 07-Jan-2023,,B,-23.3034,152.3878,,0,,,,,,,,,,,,,,,,,,,,,,,,,,,,,,,,,,0,,,,
209949,209949,0.500000,UT,,,08:34:10 08-Jan-2023,,B,-23.3472,152.1967,,,,,,,,,26.85,,,,,,,,,,,,,,,,,,,,,,,,,,,0,,,,
209949,209949,0.500000,UT,,,09:29:02 08-Jan-2023,,1,-23.2708,151.7823,,,,,,3.500,,,,,,,,,,,,,,,,,,,,,,,,,,,,,,0,,,,
209949,209949,0.500000,UT,1.00b,,09:29:17 08-Jan-2023,,1,-23.2708,151.7823,,0,,,,,,,,,,,,,,,,,,,,,,,,,,,,,,,,,,0,,,,
209949,209949,0.500000,UT,,,09:32:05 08-Jan-2023,,1,-23.2708,151.7823,,,,,,,,,,,,,,,,,,,,,,,,,,,,,,,,,,,,0,,,,
209949,209949,0.500000,UT,,,09:32:53 08-Jan-2023,,1,-23.2708,151.7823,,,,,12813,,,,,,,,,,,,,,,,,,,,,,,,,,,,,,,0,,,,
209949,209949,0.500000,UT,,,19:19:00 08-Jan-2023,,B,-23.1716,151.6992,,,,,12818,,,,,,,,,,,,,,,,,,,,,,,,,,,,,,,0,,,,
209949,209949,0.500000,UT,,,20:48:37 08-Jan-2023,,B,-23.0965,151.7258,,,,,,,,,,,,,,,,,,,,,,,,,,,,,,,,,,,,0,,,,
209949,209949,0.500000,UT,1.00b,,00:20:27 09-Jan-2023,,B,-23.0535,151.7738,,0,,,,,,,,,,,,,,,,,,,,,,,,,,,,,,,,,,0,,,,
209949,209949,0.500000,UT,,,01:21:19 09-Jan-2023,,B,-23.0803,151.7393,,,,,12834,,,,,,,,,,,,,,,,,,,,,,,,,,,,,,,0,,,,
209949,209949,0.500000,UT,,,08:03:18 09-Jan-2023,,B,-23.2666,151.5904,,,,,,,,,,,,,,,,,,,,,,,,,,,,,,,,,,,,0,,,,
209949,209949,0.500000,UT,,,08:03:57 09-Jan-2023,,B,-23.2666,151.5904,,,,,,,,,26.85,,,,,,,,,,,,,,,,,,,,,,,,,,,0,,,,
209949,209949,0.500000,UT,,,23:07:58 09-Jan-2023,,B,-23.2685,151.4754,,,,,,,,,26.80,,,,,,,,,,,,,,,,,,,,,,,,,,,0,,,,
209949,209949,0.500000,UT,,,23:10:27 09-Jan-2023,,B,-23.2685,151.4754,,,,,12891,,,,,,,,,,,,,,,,,,,,,,,,,,,,,,,0,,,,
209949,209949,0.500000,UT,1.00b,,23:20:20 09-Jan-2023,,B,-23.2690,151.4772,,0,,,,,,,,,,,,,,,,,,,,,,,,,,,,,,,,,,0,,,,
209949,209949,0.500000,UT,,,23:25:17 09-Jan-2023,,B,-23.2690,151.4772,,,,,,,,,,,,,,,,,,,,,,,,,,,,,,,,,,,,0,,,,
209949,209949,0.500000,UT,1.00b,,22:01:24 10-Jan-2023,,B,-23.2446,151.5365,,0,,,,,,,,,,,,,,,,,,,,,,,,,,,,,,,,,,0,,,,
209949,209949,0.500000,UT,,,22:10:13 10-Jan-2023,,B,-23.2446,151.5365,,,,,,,,,,,,,,,,,,,,,,,,,,,,,,,,,,,,0,,,,
209949,209949,0.500000,UT,1.00b,,10:27:07 11-Jan-2023,,B,-23.4009,151.6327,,0,,,,,,,,,,,,,,,,,,,,,,,,,,,,,,,,,,0,,,,
209949,209949,0.500000,UT,,,19:19:20 11-Jan-2023,,B,-23.3735,151.6697,,,,,,3.525,,,,,,,,,,,,,,,,,,,,,,,,,,,,,,0,,,,
209949,209949,0.500000,UT,,,06:23:06 12-Jan-2023,,2,-23.2913,151.6733,,,,,,,,,26.70,,,,,,,,,,,,,,,,,,,,,,,,,,,0,,,,
209949,209949,0.500000,UT,,,06:25:19 12-Jan-2023,,2,-23.2913,151.6733,,,,,,,,,,,,,,,,,,,,,,,,,,,,,,,,,,,,0,,,,
209949,209949,0.500000,UT,,,06:25:48 12-Jan-2023,,1,-23.2857,151.6748,,,,,,,,,26.70,,,,,,,,,,,,,,,,,,,,,,,,,,,0,,,,
209949,209949,0.500000,UT,1.00b,,06:26:53 12-Jan-2023,,2,-23.2913,151.6733,,0,,,,,,,,,,,,,,,,,,,,,,,,,,,,,,,,,,0,,,,
209949,209949,0.500000,UT,,,06:28:43 12-Jan-2023,,1,-23.2857,151.6748,,,,,,3.425,,,,,,,,,,,,,,,,,,,,,,,,,,,,,,0,,,,
209949,209949,0.500000,UT,1.00b,,06:29:10 12-Jan-2023,,1,-23.2857,151.6748,,0,,,,,,,,,,,,,,,,,,,,,,,,,,,,,,,,,,0,,,,
209949,209949,0.500000,UT,,,06:29:28 12-Jan-2023,,1,-23.2857,151.6748,,,,,,,,,,,,,,,,,,,,,,,,,,,,,,,,,,,,0,,,,
209949,209949,0.500000,UT,,,19:18:48 13-Jan-2023,,A,-23.1403,151.4856,,,,,,,,,,,,,,,,,,,,,,,,,,,,,,,,,,,,0,,,,
209949,209949,0.500000,UT,,,19:19:05 13-Jan-2023,,A,-23.1403,151.4856,,,,,,,,,26.75,,,,,,,,,,,,,,,,,,,,,,,,,,,0,,,,
209949,209949,0.500000,UT,,,19:19:22 13-Jan-2023,,A,-23.1403,151.4856,,,,,13299,,,,,,,,,,,,,,,,,,,,,,,,,,,,,,,0,,,,
209949,209949,0.500000,UT,,,19:56:24 13-Jan-2023,,B,-23.1415,151.5049,,,,,,3.525,,,,,,,,,,,,,,,,,,,,,,,,,,,,,,0,,,,
209949,209949,0.500000,UT,,,20:04:00 13-Jan-2023,,B,-23.1415,151.5049,,,,,13346,,,,,,,,,,,,,,,,,,,,,,,,,,,,,,,0,,,,
209949,209949,0.500000,UT,,,19:27:28 14-Jan-2023,,A,-23.3756,151.4182,,,,,,,,,26.40,,,,,,,,,,,,,,,,,,,,,,,,,,,0,,,,
209949,209949,0.500000,UT,1.00b,,19:31:37 14-Jan-2023,,A,-23.3756,151.4182,,0,,,,,,,,,,,,,,,,,,,,,,,,,,,,,,,,,,0,,,,
209949,209949,0.500000,UT,,,19:35:43 14-Jan-2023,,A,-23.3756,151.4182,,,,,,,,,229.65,,,,,,,,,,,,,,,,,,,,,,,,,,,0,,,,
209949,209949,0.500000,UT,1.00b,,20:13:17 14-Jan-2023,,A,-23.3910,151.3965,,0,,,,,,,,,,,,,,,,,,,,,,,,,,,,,,,,,,0,,,,
209949,209949,0.500000,UT,,,20:17:11 14-Jan-2023,,A,-23.3910,151.3965,,,,,,3.450,,,,,,,,,,,,,,,,,,,,,,,,,,,,,,0,,,,
209949,209949,0.500000,UT,,,20:21:18 14-Jan-2023,,A,-23.3910,151.3965,,,,,,,,,26.40,,,,,,,,,,,,,,,,,,,,,,,,,,,0,,,,
209949,209949,0.500000,UT,,,21:05:03 14-Jan-2023,,A,-23.4118,151.3969,,,,,13472,,,,,,,,,,,,,,,,,,,,,,,,,,,,,,,0,,,,
209949,209949,0.500000,UT,1.00b,,21:07:57 14-Jan-2023,,A,-23.4118,151.3969,,0,,,,,,,,,,,,,,,,,,,,,,,,,,,,,,,,,,0,,,,
209949,209949,0.500000,UT,,,21:19:16 14-Jan-2023,,A,-23.4205,151.3911,,,,,,,,,26.35,,,,,,,,,,,,,,,,,,,,,,,,,,,0,,,,
209949,209949,0.500000,UT,,,21:56:45 14-Jan-2023,,B,-23.4279,151.3891,,,,,,,,,,,,,,,,,,,,,,,,,,,,,,,,,,,,0,,,,
209949,209949,0.500000,UT,1.00b,,22:09:00 14-Jan-2023,,B,-23.4303,151.3884,,0,,,,,,,,,,,,,,,,,,,,,,,,,,,,,,,,,,0,,,,
209949,209949,0.500000,UT,,,22:52:29 14-Jan-2023,,B,-23.4355,151.3874,,,,,13509,,,,,,,,,,,,,,,,,,,,,,,,,,,,,,,0,,,,
209949,209949,0.500000,UT,,,23:58:24 14-Jan-2023,,B,-23.4458,151.3861,,,,,,,,,,,,,,,,,,,,,,,,,,,,,,,,,,,,0,,,,
209949,209949,0.500000,UT,,,07:03:54 15-Jan-2023,,1,-23.5198,151.2802,,,,,,3.525,,,,,,,,,,,,,,,,,,,,,,,,,,,,,,0,,,,
209949,209949,0.500000,UT,,,07:05:24 15-Jan-2023,,1,-23.5198,151.2802,,,,,,,,,,,,,,,,,,,,,,,,,,,,,,,,,,,,0,,,,
209949,209949,0.500000,UT,,,07:05:41 15-Jan-2023,,1,-23.5198,151.2802,,,,,,,,,26.35,,,,,,,,,,,,,,,,,,,,,,,,,,,0,,,,
209949,209949,0.500000,UT,,,07:11:08 15-Jan-2023,,1,-23.5198,151.2802,,,,,13535,,,,,,,,,,,,,,,,,,,,,,,,,,,,,,,0,,,,
209949,209949,0.500000,UT,,,08:19:30 15-Jan-2023,,B,-23.5223,151.2699,,,,,,3.475,,,,,,,,,,,,,,,,,,,,,,,,,,,,,,0,,,,
209949,209949,0.500000,UT,1.00b,,08:20:23 15-Jan-2023,,B,-23.5223,151.2699,,0,,,,,,,,,,,,,,,,,,,,,,,,,,,,,,,,,,0,,,,
209949,209949,0.500000,UT,,,08:34:36 15-Jan-2023,,A,-23.5231,151.2743,,,,,,,,,26.30,,,,,,,,,,,,,,,,,,,,,,,,,,,0,,,,
209949,209949,0.500000,UT,,,08:36:35 15-Jan-2023,,A,-23.5231,151.2743,,,,,13556,,,,,,,,,,,,,,,,,,,,,,,,,,,,,,,0,,,,
209949,209949,0.500000,UT,,,18:45:01 15-Jan-2023,,B,-23.5287,151.2742,,,,,,,,,,,,,,,,,,,,,,,,,,,,,,,,,,,,0,,,,
209949,209949,0.500000,UT,,,18:54:42 15-Jan-2023,,B,-23.5453,151.2473,,,,,,,,,26.20,,,,,,,,,,,,,,,,,,,,,,,,,,,0,,,,
209949,209949,0.500000,UT,,,20:32:57 15-Jan-2023,,A,-23.5277,151.3541,,,,,13629,,,,,,,,,,,,,,,,,,,,,,,,,,,,,,,0,,,,
209949,209949,0.500000,UT,1.00b,,20:36:35 15-Jan-2023,,A,-23.5277,151.3541,,0,,,,,,,,,,,,,,,,,,,,,,,,,,,,,,,,,,0,,,,
209949,209949,0.500000,UT,,,20:42:06 15-Jan-2023,,A,-23.5277,151.3541,,,,,,,,,26.30,,,,,,,,,,,,,,,,,,,,,,,,,,,0,,,,
209949,209949,0.500000,UT,1.00b,,21:34:40 15-Jan-2023,,B,-23.5288,151.3643,,0,,,,,,,,,,,,,,,,,,,,,,,,,,,,,,,,,,0,,,,
209949,209949,0.500000,UT,,,21:50:52 15-Jan-2023,,B,-23.5287,151.3639,,,,,,,,,,,,,,,,,,,,,,,,,,,,,,,,,,,,0,,,,
209949,209949,0.500000,UT,,,22:51:44 15-Jan-2023,,B,-23.5308,151.3800,,,,,13675,,,,,,,,,,,,,,,,,,,,,,,,,,,,,,,0,,,,
209949,209949,0.500000,UT,,,06:44:56 16-Jan-2023,,B,-23.5270,151.3702,,,,,,,,,26.45,,,,,,,,,,,,,,,,,,,,,,,,,,,0,,,,
209949,209949,0.500000,UT,,,07:39:12 16-Jan-2023,,1,-23.3538,151.5504,,,,,,3.500,,,,,,,,,,,,,,,,,,,,,,,,,,,,,,0,,,,
209949,209949,0.500000,UT,,,07:44:50 16-Jan-2023,,1,-23.3538,151.5504,,,,,,,,,26.45,,,,,,,,,,,,,,,,,,,,,,,,,,,0,,,,
209949,209949,0.500000,UT,,07:51:28 16-Jan-2023,07:45:35 16-Jan-2023,-352,1,-23.3538,151.5504,CRC,,,,13778,3.500,,,26.50,,,,,,,,,,,,,,255,27,255,0,,,,,,,2,,,1,56,,,
209949,209949,0.500000,UT,,,07:47:14 16-Jan-2023,,1,-23.3538,151.5504,,,,,,3.500,,,,,,,,,,,,,,,,,,,,,,,,,,,,,,0,,,,
209949,209949,0.500000,UT,,08:18:23 16-Jan-2023,08:12:29 16-Jan-2023,-353,A,-23.3214,151.5765,CRC,,,,13803,3.475,,,26.40,,,,,,,,,,,,,,255,27,255,0,,,,,,,1,,,1,80,,,
209949,209949,0.500000,UT,,,08:13:44 16-Jan-2023,,A,-23.3214,151.5765,,,,,,,,,,,,,,,,,,,,,,,,,,,,,,,,,,,,0,,,,
209949,209949,0.500000,UT,1.00b,,09:54:40 16-Jan-2023,,B,-23.3222,151.5736,,0,,,,,,,,,,,,,,,,,,,,,,,,,,,,,,,,,,0,,,,
209949,209949,0.500000,UT,,,09:54:59 16-Jan-2023,,B,-23.3222,151.5736,,,,,,,,,,,,,,,,,,,,,,,,,,,,,,,,,,,,0,,,,
209949,209949,0.500000,UT,1.00b,,12:21:26 16-Jan-2023,,A,-23.2878,151.6543,,0,,,,,,,,,,,,,,,,,,,,,,,,,,,,,,,,,,0,,,,
209949,209949,0.500000,UT,,,12:21:42 16-Jan-2023,,A,-23.2878,151.6543,,,,,,,,,,,,,,,,,,,,,,,,,,,,,,,,,,,,0,,,,
209949,209949,0.500000,UT,,,12:24:11 16-Jan-2023,,A,-23.2878,151.6543,,,,,,,,,26.30,,,,,,,,,,,,,,,,,,,,,,,,,,,0,,,,
209949,209949,0.500000,UT,,,06:31:00 17-Jan-2023,,B,-23.3863,151.6734,,,,,,,,,,,,,,,,,,,,,,,,,,,,,,,,,,,,0,,,,
209949,209949,0.500000,UT,,,07:14:39 17-Jan-2023,,B,-23.3994,151.5991,,,,,,,,,26.30,,,,,,,,,,,,,,,,,,,,,,,,,,,0,,,,
209949,209949,0.500000,UT,,,08:00:57 17-Jan-2023,,0,-23.4387,151.6415,,,,,,3.475,,,,,,,,,,,,,,,,,,,,,,,,,,,,,,0,,,,
209949,209949,0.500000,UT,,,08:01:43 17-Jan-2023,,0,-23.4387,151.6415,,,,,,,,,,,,,,,,,,,,,,,,,,,,,,,,,,,,0,,,,
209949,209949,0.500000,UT,,,08:04:00 17-Jan-2023,,0,-23.4387,151.6415,,,,,13979,,,,,,,,,,,,,,,,,,,,,,,,,,,,,,,0,,,,
209949,209949,0.500000,UT,,,08:50:51 17-Jan-2023,,0,-23.4189,151.6265,,,,,,3.550,,,,,,,,,,,,,,,,,,,,,,,,,,,,,,0,,,,
209949,209949,0.500000,UT,,,08:51:39 17-Jan-2023,,0,-23.4189,151.6265,,,,,,,,,26.35,,,,,,,,,,,,,,,,,,,,,,,,,,,0,,,,
209949,209949,0.500000,UT,,,08:52:15 17-Jan-2023,,0,-23.4189,151.6265,,,,,,,,,3153.85,,,,,,,,,,,,,,,,,,,,,,,,,,,0,,,,
209949,209949,0.500000,UT,1.00b,,08:52:59 17-Jan-2023,,0,-23.4189,151.6265,,0,,,,,,,,,,,,,,,,,,,,,,,,,,,,,,,,,,0,,,,
209949,209949,0.500000,UT,,,19:30:58 17-Jan-2023,,1,-23.4608,151.5446,,,,,,3.550,,,,,,,,,,,,,,,,,,,,,,,,,,,,,,0,,,,
209949,209949,0.500000,UT,,,19:36:04 17-Jan-2023,,1,-23.4608,151.5446,,,,,14031,,,,,,,,,,,,,,,,,,,,,,,,,,,,,,,0,,,,
209949,209949,0.500000,UT,,,19:36:22 17-Jan-2023,,1,-23.4608,151.5446,,,,,,3.500,,,,,,,,,,,,,,,,,,,,,,,,,,,,,,0,,,,
209949,209949,0.500000,UT,,,19:38:23 17-Jan-2023,,1,-23.4608,151.5446,,,,,,,,,26.10,,,,,,,,,,,,,,,,,,,,,,,,,,,0,,,,
209949,209949,0.500000,UT,,,19:40:49 17-Jan-2023,,1,-23.4608,151.5446,,,,,14036,,,,,,,,,,,,,,,,,,,,,,,,,,,,,,,0,,,,
209949,209949,0.500000,UT,,,19:41:26 17-Jan-2023,,1,-23.4608,151.5446,,,,,,3.375,,,,,,,,,,,,,,,,,,,,,,,,,,,,,,0,,,,
209949,209949,0.500000,UT,,,21:19:12 17-Jan-2023,,B,-23.4652,151.5468,,,,,,,,,26.05,,,,,,,,,,,,,,,,,,,,,,,,,,,0,,,,
209949,209949,0.500000,UT,,,07:50:26 18-Jan-2023,,1,-23.6628,151.3649,,,,,14133,,,,,,,,,,,,,,,,,,,,,,,,,,,,,,,0,,,,
209949,209949,0.500000,UT,1.00b,,07:51:45 18-Jan-2023,,1,-23.6628,151.3649,,0,,,,,,,,,,,,,,,,,,,,,,,,,,,,,,,,,,0,,,,
209949,209949,0.500000,UT,,,07:53:16 18-Jan-2023,,1,-23.6628,151.3649,,,,,,,,,26.15,,,,,,,,,,,,,,,,,,,,,,,,,,,0,,,,
209949,209949,0.500000,UT,,,08:17:06 18-Jan-2023,,3,-23.6693,151.3413,,,,,,,,,,,,,,,,,,,,,,,,,,,,,,,,,,,,0,,,,
209949,209949,0.500000,UT,,,08:19:50 18-Jan-2023,,3,-23.6693,151.3413,,,,,,,,,26.10,,,,,,,,,,,,,,,,,,,,,,,,,,,0,,,,
209949,209949,0.500000,UT,,,08:20:15 18-Jan-2023,,3,-23.6693,151.3413,,,,,14191,,,,,,,,,,,,,,,,,,,,,,,,,,,,,,,0,,,,
209949,209949,0.500000,UT,,,08:20:37 18-Jan-2023,,3,-23.6693,151.3413,,,,,,3.500,,,,,,,,,,,,,,,,,,,,,,,,,,,,,,0,,,,
209949,209949,0.500000,UT,,,08:22:13 18-Jan-2023,,3,-23.6693,151.3413,,,,,,,,,26.15,,,,,,,,,,,,,,,,,,,,,,,,,,,0,,,,
209949,209949,0.500000,UT,,,08:23:17 18-Jan-2023,,3,-23.6693,151.3413,,,,,14196,,,,,,,,,,,,,,,,,,,,,,,,,,,,,,,0,,,,
209949,209949,0.500000,UT,,,08:23:37 18-Jan-2023,,3,-23.6693,151.3413,,,,,,3.475,,,,,,,,,,,,,,,,,,,,,,,,,,,,,,0,,,,
209949,209949,0.500000,UT,1.00b,,08:24:43 18-Jan-2023,,3,-23.6693,151.3413,,0,,,,,,,,,,,,,,,,,,,,,,,,,,,,,,,,,,0,,,,
209949,209949,0.500000,UT,,,08:28:07 18-Jan-2023,,3,-23.6693,151.3413,,,,,,,,,,,,,,,,,,,,,,,,,,,,,,,,,,,,0,,,,
209949,209949,0.500000,UT,,,08:28:33 18-Jan-2023,,3,-23.6693,151.3413,,,,,,,,,26.05,,,,,,,,,,,,,,,,,,,,,,,,,,,0,,,,
209949,209949,0.500000,UT,1.00b,,08:58:56 18-Jan-2023,,2,-23.6737,151.3201,,0,,,,,,,,,,,,,,,,,,,,,,,,,,,,,,,,,,0,,,,
209949,209949,0.500000,UT,,,08:59:33 18-Jan-2023,,2,-23.6737,151.3201,,,,,,,,,26.00,,,,,,,,,,,,,,,,,,,,,,,,,,,0,,,,
209949,209949,0.500000,UT,,,09:00:01 18-Jan-2023,,2,-23.6737,151.3201,,,,,14265,,,,,,,,,,,,,,,,,,,,,,,,,,,,,,,0,,,,
209949,209949,0.500000,UT,,,09:00:43 18-Jan-2023,,2,-23.6737,151.3201,,,,,,3.450,,,,,,,,,,,,,,,,,,,,,,,,,,,,,,0,,,,
209949,209949,0.500000,UT,3.00b,,09:06:19 18-Jan-2023,,2,-23.6737,151.3201,,0,,,,,,,,,,,,,,,,,,,,,,,,,,,,,,,,,,0,,,,
209949,209949,0.500000,UT,,,09:12:08 18-Jan-2023,,A,-23.6812,151.3069,,,,,14275,,,,,,,,,,,,,,,,,,,,,,,,,,,,,,,0,,,,
209949,209949,0.500000,UT,1.00b,,09:13:15 18-Jan-2023,,A,-23.6812,151.3069,,0,,,,,,,,,,,,,,,,,,,,,,,,,,,,,,,,,,0,,,,
209949,209949,0.500000,UT,,,22:10:41 18-Jan-2023,,B,-23.6130,151.3142,,,,,14339,,,,,,,,,,,,,,,,,,,,,,,,,,,,,,,0,,,,
209949,209949,0.500000,UT,,,22:29:15 18-Jan-2023,,2,-23.6034,151.3867,,,,,,3.525,,,,,,,,,,,,,,,,,,,,,,,,,,,,,,0,,,,
209949,209949,0.500000,UT,1.00b,,22:29:38 18-Jan-2023,,2,-23.6034,151.3867,,0,,,,,,,,,,,,,,,,,,,,,,,,,,,,,,,,,,0,,,,
209949,209949,0.500000,UT,,,22:36:21 18-Jan-2023,,2,-23.6034,151.3867,,,,,,,,,25.90,,,,,,,,,,,,,,,,,,,,,,,,,,,0,,,,
209949,209949,0.500000,UT,,,22:38:26 18-Jan-2023,,2,-23.6034,151.3867,,,,,14344,,,,,,,,,,,,,,,,,,,,,,,,,,,,,,,0,,,,
209949,209949,0.500000,UT,1.00b,,20:11:17 19-Jan-2023,,B,-23.6585,151.0667,,0,,,,,,,,,,,,,,,,,,,,,,,,,,,,,,,,,,0,,,,
209949,209949,0.500000,UT,1.00b,,08:33:04 21-Jan-2023,,,,,,0,,,,,,,,,,,,,,,,,,,,,,,,,,,,,,,,,,0,,,,
209949,209949,0.500000,UT,,,23:12:09 21-Jan-2023,,1,-22.9862,151.5072,,,,,14408,,,,,,,,,,,,,,,,,,,,,,,,,,,,,,,0,,,,
209949,209949,0.500000,UT,,,23:12:24 21-Jan-2023,,1,-22.9862,151.5072,,,,,,3.450,,,,,,,,,,,,,,,,,,,,,,,,,,,,,,0,,,,
209949,209949,0.500000,UT,1.00b,,23:14:14 21-Jan-2023,,1,-22.9862,151.5072,,0,,,,,,,,,,,,,,,,,,,,,,,,,,,,,,,,,,0,,,,
209949,209949,0.500000,UT,,,23:14:29 21-Jan-2023,,1,-22.9862,151.5072,,,,,,,,,,,,,,,,,,,,,,,,,,,,,,,,,,,,0,,,,
209949,209949,0.500000,UT,,,23:18:26 21-Jan-2023,,1,-22.9862,151.5072,,,,,,,,,26.75,,,,,,,,,,,,,,,,,,,,,,,,,,,0,,,,
209949,209949,0.500000,UT,,,00:49:57 22-Jan-2023,,A,-22.9904,151.5116,,,,,,3.550,,,,,,,,,,,,,,,,,,,,,,,,,,,,,,0,,,,
209949,209949,0.500000,UT,,,00:52:01 22-Jan-2023,,A,-22.9904,151.5116,,,,,,,,,27.05,,,,,,,,,,,,,,,,,,,,,,,,,,,0,,,,
209949,209949,0.500000,UT,,,00:52:16 22-Jan-2023,,A,-22.9904,151.5116,,,,,14419,,,,,,,,,,,,,,,,,,,,,,,,,,,,,,,0,,,,
209949,209949,0.500000,UT,,,06:37:51 22-Jan-2023,,A,-23.0995,151.4728,,,,,,,,,,,,,,,,,,,,,,,,,,,,,,,,,,,,0,,,,
209949,209949,0.500000,UT,,,22:56:44 24-Jan-2023,,,,,,,,,,3.550,,,,,,,,,,,,,,,,,,,,,,,,,,,,,,0,,,,
209949,209949,0.500000,UT,,,01:18:49 25-Jan-2023,,1,-23.3186,151.3986,,,,,,,,,,,,,,,,,,,,,,,,,,,,,,,,,,,,0,,,,
209949,209949,0.500000,UT,,,01:19:45 25-Jan-2023,,1,-23.3186,151.3986,,,,,14498,,,,,,,,,,,,,,,,,,,,,,,,,,,,,,,0,,,,
209949,209949,0.500000,UT,,,01:24:13 25-Jan-2023,,1,-23.3186,151.3986,,,,,,3.525,,,,,,,,,,,,,,,,,,,,,,,,,,,,,,0,,,,
209949,209949,0.500000,UT,1.00b,,10:34:06 25-Jan-2023,,A,-23.1163,151.4553,,0,,,,,,,,,,,,,,,,,,,,,,,,,,,,,,,,,,0,,,,
209949,209949,0.500000,UT,,,10:35:40 25-Jan-2023,,A,-23.1163,151.4553,,,,,,,,,,,,,,,,,,,,,,,,,,,,,,,,,,,,0,,,,
209949,209949,0.500000,UT,,10:43:48 25-Jan-2023,10:37:25 25-Jan-2023,-382,A,-23.1163,151.4553,CRC,,,,14528,3.525,,,27.35,,,,,,,,,,,,,,168,27,255,0,,,,,,,0,,,1,68,,,
209949,209949,0.500000,UT,1.00b,,11:06:58 25-Jan-2023,,B,-23.2099,151.5331,,0,,,,,,,,,,,,,,,,,,,,,,,,,,,,,,,,,,0,,,,
209949,209949,0.500000,UT,,,11:12:02 25-Jan-2023,,B,-23.2099,151.5331,,,,,,,,,27.40,,,,,,,,,,,,,,,,,,,,,,,,,,,0,,,,
209949,209949,0.500000,UT,,,12:12:10 25-Jan-2023,,B,-23.1244,151.4558,,,,,,,,,27.40,,,,,,,,,,,,,,,,,,,,,,,,,,,0,,,,
209949,209949,0.500000,UT,,,12:15:59 25-Jan-2023,,B,-23.1244,151.4558,,,,,14545,,,,,,,,,,,,,,,,,,,,,,,,,,,,,,,0,,,,
209949,209949,0.500000,UT,,,20:59:25 29-Jan-2023,,B,-23.1185,151.5453,,,,,,,,,26.95,,,,,,,,,,,,,,,,,,,,,,,,,,,0,,,,
209949,209949,0.500000,UT,,,23:47:55 29-Jan-2023,,B,-23.1073,151.5346,,,,,,,,,,,,,,,,,,,,,,,,,,,,,,,,,,,,0,,,,
209949,209949,0.500000,UT,,,08:56:13 30-Jan-2023,,B,-23.1250,151.5323,,,,,,,,,27.20,,,,,,,,,,,,,,,,,,,,,,,,,,,0,,,,
209949,209949,0.500000,UT,,,08:32:06 31-Jan-2023,,B,-23.0473,151.5123,,,,,14663,,,,,,,,,,,,,,,,,,,,,,,,,,,,,,,0,,,,
209949,209949,0.500000,UT,,,21:23:38 31-Jan-2023,,B,-23.1448,151.4962,,,,,,3.525,,,,,,,,,,,,,,,,,,,,,,,,,,,,,,0,,,,
209949,209949,0.500000,UT,,,22:07:59 31-Jan-2023,,0,-23.1845,151.4032,,,,,,,,,,,,,,,,,,,,,,,,,,,,,,,,,,,,0,,,,
209949,209949,0.500000,UT,,,22:08:24 31-Jan-2023,,0,-23.1845,151.4032,,,,,,,,,27.45,,,,,,,,,,,,,,,,,,,,,,,,,,,0,,,,
209949,209949,0.500000,UT,,,22:08:55 31-Jan-2023,,0,-23.1845,151.4032,,,,,14694,,,,,,,,,,,,,,,,,,,,,,,,,,,,,,,0,,,,
209949,209949,0.500000,UT,1.00b,,22:09:37 31-Jan-2023,,0,-23.1845,151.4032,,0,,,,,,,,,,,,,,,,,,,,,,,,,,,,,,,,,,0,,,,
209949,209949,0.500000,UT,,,11:25:37 01-Feb-2023,,B,-23.1890,151.3997,,,,,,,,,,,,,,,,,,,,,,,,,,,,,,,,,,,,0,,,,
209949,209949,0.500000,UT,,,11:36:59 01-Feb-2023,,B,-23.1890,151.3997,,,,,14763,,,,,,,,,,,,,,,,,,,,,,,,,,,,,,,0,,,,
209949,209949,0.500000,UT,,,13:05:12 01-Feb-2023,,B,-23.2025,151.3555,,,,,,,,,,,,,,,,,,,,,,,,,,,,,,,,,,,,0,,,,
209949,209949,0.500000,UT,,,08:14:34 02-Feb-2023,,B,-23.1814,151.3601,,,,,,,,,,,,,,,,,,,,,,,,,,,,,,,,,,,,0,,,,
209949,209949,0.500000,UT,,,01:19:13 03-Feb-2023,,B,-23.3325,150.9974,,,,,14800,,,,,,,,,,,,,,,,,,,,,,,,,,,,,,,0,,,,
209949,209949,0.500000,UT,,,22:02:48 03-Feb-2023,,B,-23.1696,151.2790,,,,,14821,,,,,,,,,,,,,,,,,,,,,,,,,,,,,,,0,,,,
209949,209949,0.500000,UT,1.00b,,22:21:54 03-Feb-2023,,B,-23.2487,151.4663,,0,,,,,,,,,,,,,,,,,,,,,,,,,,,,,,,,,,0,,,,
209949,209949,0.500000,UT,,07:42:00 04-Feb-2023,07:35:06 04-Feb-2023,-413,A,-23.2276,151.5711,CRC,,,,14828,3.550,,,27.30,,,,,,,,,,,,,,193,27,255,0,,,,,,,0,,,1,79,,,
209949,209949,0.500000,UT,1.00b,,07:35:42 04-Feb-2023,,A,-23.2276,151.5711,,0,,,,,,,,,,,,,,,,,,,,,,,,,,,,,,,,,,0,,,,
209949,209949,0.500000,UT,,,07:35:57 04-Feb-2023,,A,-23.2276,151.5711,,,,,,,,,,,,,,,,,,,,,,,,,,,,,,,,,,,,0,,,,
209949,209949,0.500000,UT,,,21:57:24 05-Feb-2023,,,,,,,,,,,,,,,,,,,,,,,,,,,,,,,,,,,,,,,,0,,,,
209949,209949,0.500000,UT,,,23:42:58 05-Feb-2023,,,,,,,,,,3.550,,,,,,,,,,,,,,,,,,,,,,,,,,,,,,0,,,,
209949,209949,0.500000,UT,1.00b,,07:01:50 06-Feb-2023,,,,,,0,,,,,,,,,,,,,,,,,,,,,,,,,,,,,,,,,,0,,,,
209949,209949,0.500000,UT,,,08:14:07 07-Feb-2023,,2,-23.1687,151.5647,,,,,,3.500,,,,,,,,,,,,,,,,,,,,,,,,,,,,,,0,,,,
209949,209949,0.500000,UT,,,08:15:42 07-Feb-2023,,2,-23.1687,151.5647,,,,,,,,,27.65,,,,,,,,,,,,,,,,,,,,,,,,,,,0,,,,
209949,209949,0.500000,UT,,,08:16:58 07-Feb-2023,,2,-23.1687,151.5647,,,,,,3.400,,,,,,,,,,,,,,,,,,,,,,,,,,,,,,0,,,,
209949,209949,0.500000,UT,1.00b,,08:17:16 07-Feb-2023,,2,-23.1687,151.5647,,0,,,,,,,,,,,,,,,,,,,,,,,,,,,,,,,,,,0,,,,
209949,209949,0.500000,UT,,,08:18:17 07-Feb-2023,,2,-23.1687,151.5647,,,,,,,,,,,,,,,,,,,,,,,,,,,,,,,,,,,,0,,,,
209949,209949,0.500000,UT,,,08:18:40 07-Feb-2023,,2,-23.1687,151.5647,,,,,,,,,27.60,,,,,,,,,,,,,,,,,,,,,,,,,,,0,,,,
209949,209949,0.500000,UT,,,11:59:27 07-Feb-2023,,B,-23.1730,151.5518,,,,,,3.525,,,,,,,,,,,,,,,,,,,,,,,,,,,,,,0,,,,
209949,209949,0.500000,UT,,,12:43:34 07-Feb-2023,,B,-23.0841,151.6029,,,,,,,,,,,,,,,,,,,,,,,,,,,,,,,,,,,,0,,,,
209949,209949,0.500000,UT,,,12:45:50 07-Feb-2023,,B,-23.0841,151.6029,,,,,,,,,27.45,,,,,,,,,,,,,,,,,,,,,,,,,,,0,,,,
209949,209949,0.500000,UT,,,08:27:40 08-Feb-2023,,B,-22.9541,151.5992,,,,,15355,,,,,,,,,,,,,,,,,,,,,,,,,,,,,,,0,,,,
209949,209949,0.500000,UT,,,09:40:24 09-Feb-2023,,,,,,,,,,,,,27.50,,,,,,,,,,,,,,,,,,,,,,,,,,,0,,,,
209949,209949,0.500000,UT,1.00b,,19:25:34 09-Feb-2023,,,,,,0,,,,,,,,,,,,,,,,,,,,,,,,,,,,,,,,,,0,,,,
209949,209949,0.500000,UT,,,21:37:36 09-Feb-2023,,,,,,,,,,,,,27.55,,,,,,,,,,,,,,,,,,,,,,,,,,,0,,,,
209949,209949,0.500000,UT,,,22:28:43 11-Feb-2023,,,,,,,,,,3.525,,,,,,,,,,,,,,,,,,,,,,,,,,,,,,0,,,,
209949,209949,0.500000,UT,,,22:41:01 11-Feb-2023,,,,,,,,,,,,,,,,,,,,,,,,,,,,,,,,,,,,,,,,0,,,,
209949,209949,0.500000,UT,,,06:47:12 12-Feb-2023,,A,-23.5518,151.2549,,,,,,,,,,,,,,,,,,,,,,,,,,,,,,,,,,,,0,,,,
209949,209949,0.500000,UT,,,06:49:04 12-Feb-2023,,A,-23.5518,151.2549,,,,,,,,,27.95,,,,,,,,,,,,,,,,,,,,,,,,,,,0,,,,
209949,209949,0.500000,UT,1.00b,,23:17:00 12-Feb-2023,,B,-23.0746,151.4671,,0,,,,,,,,,,,,,,,,,,,,,,,,,,,,,,,,,,0,,,,
209949,209949,0.500000,UT,,,19:44:17 13-Feb-2023,,3,-23.1176,151.4921,,,,,,,,,27.70,,,,,,,,,,,,,,,,,,,,,,,,,,,0,,,,
209949,209949,0.500000,UT,,,19:44:35 13-Feb-2023,,3,-23.1176,151.4921,,,,,16056,,,,,,,,,,,,,,,,,,,,,,,,,,,,,,,0,,,,
209949,209949,0.500000,UT,,,19:44:53 13-Feb-2023,,3,-23.1176,151.4921,,,,,,3.450,,,,,,,,,,,,,,,,,,,,,,,,,,,,,,0,,,,
209949,209949,0.500000,UT,1.00b,,19:45:41 13-Feb-2023,,3,-23.1176,151.4921,,0,,,,,,,,,,,,,,,,,,,,,,,,,,,,,,,,,,0,,,,
209949,209949,0.500000,UT,,,19:46:27 13-Feb-2023,,3,-23.1176,151.4921,,,,,,,,,,,,,,,,,,,,,,,,,,,,,,,,,,,,0,,,,
209949,209949,0.500000,UT,,,19:47:45 13-Feb-2023,,3,-23.1176,151.4921,,,,,16061,,,,,,,,,,,,,,,,,,,,,,,,,,,,,,,0,,,,
209949,209949,0.500000,UT,,,20:24:58 13-Feb-2023,,,,,,,,,,,,,,,,,,,,,,,,,,,,,,,,,,,,,,,,0,,,,
209949,209949,0.500000,UT,,,20:25:31 13-Feb-2023,,,,,,,,,,,,,27.75,,,,,,,,,,,,,,,,,,,,,,,,,,,0,,,,
209949,209949,0.500000,UT,,,20:27:46 13-Feb-2023,,,,,,,,,16092,,,,,,,,,,,,,,,,,,,,,,,,,,,,,,,0,,,,
209949,209949,0.500000,UT,,,20:47:40 13-Feb-2023,,2,-23.1437,151.4669,,,,,,3.400,,,,,,,,,,,,,,,,,,,,,,,,,,,,,,0,,,,
209949,209949,0.500000,UT,1.00b,,20:55:00 13-Feb-2023,,2,-23.1437,151.4669,,0,,,,,,,,,,,,,,,,,,,,,,,,,,,,,,,,,,0,,,,
209949,209949,0.500000,UT,,,20:55:42 13-Feb-2023,,2,-23.1437,151.4669,,,,,,,,,,,,,,,,,,,,,,,,,,,,,,,,,,,,0,,,,
209949,209949,0.500000,UT,,,20:56:04 13-Feb-2023,,2,-23.1437,151.4669,,,,,,,,,27.75,,,,,,,,,,,,,,,,,,,,,,,,,,,0,,,,
209949,209949,0.500000,UT,,,20:56:22 13-Feb-2023,,2,-23.1437,151.4669,,,,,16123,,,,,,,,,,,,,,,,,,,,,,,,,,,,,,,0,,,,
209949,209949,0.500000,UT,,,20:56:55 13-Feb-2023,,2,-23.1437,151.4669,,,,,,3.500,,,,,,,,,,,,,,,,,,,,,,,,,,,,,,0,,,,
209949,209949,0.500000,UT,,,21:16:57 13-Feb-2023,,B,-23.1047,151.5008,,,,,,3.475,,,,,,,,,,,,,,,,,,,,,,,,,,,,,,0,,,,
209949,209949,0.500000,UT,,,21:58:58 13-Feb-2023,,B,-23.1124,151.4989,,,,,,,,,,,,,,,,,,,,,,,,,,,,,,,,,,,,0,,,,
209949,209949,0.500000,UT,,,23:00:51 13-Feb-2023,,B,-23.1848,151.5190,,,,,16191,,,,,,,,,,,,,,,,,,,,,,,,,,,,,,,0,,,,
209949,209949,0.500000,UT,,,09:17:18 14-Feb-2023,,B,-23.2985,151.5558,,,,,,,,,28.00,,,,,,,,,,,,,,,,,,,,,,,,,,,0,,,,
209949,209949,0.500000,UT,,,22:08:33 14-Feb-2023,,B,-23.1978,151.6718,,,,,16227,,,,,,,,,,,,,,,,,,,,,,,,,,,,,,,0,,,,
209949,209949,0.500000,UT,,,07:01:49 15-Feb-2023,,1,-23.0350,151.5455,,,,,,3.425,,,,,,,,,,,,,,,,,,,,,,,,,,,,,,0,,,,
209949,209949,0.500000,UT,1.00b,,07:06:58 15-Feb-2023,,1,-23.0350,151.5455,,0,,,,,,,,,,,,,,,,,,,,,,,,,,,,,,,,,,0,,,,
209949,209949,0.500000,UT,,,20:43:20 15-Feb-2023,,B,-23.2029,151.5529,,,,,,,,,27.85,,,,,,,,,,,,,,,,,,,,,,,,,,,0,,,,
209949,209949,0.500000,UT,,,21:36:59 15-Feb-2023,,A,-23.2056,151.5614,,,,,16301,,,,,,,,,,,,,,,,,,,,,,,,,,,,,,,0,,,,
209949,209949,0.500000,UT,1.00b,,21:42:07 15-Feb-2023,,A,-23.2056,151.5614,,0,,,,,,,,,,,,,,,,,,,,,,,,,,,,,,,,,,0,,,,
209949,209949,0.500000,UT,1.00b,,22:50:10 15-Feb-2023,,0,-23.1879,151.5866,,0,,,,,,,,,,,,,,,,,,,,,,,,,,,,,,,,,,0,,,,
209949,209949,0.500000,UT,,,22:51:19 15-Feb-2023,,0,-23.1879,151.5866,,,,,,,,,27.85,,,,,,,,,,,,,,,,,,,,,,,,,,,0,,,,
209949,209949,0.500000,UT,,,22:53:07 15-Feb-2023,,0,-23.1879,151.5866,,,,,16317,,,,,,,,,,,,,,,,,,,,,,,,,,,,,,,0,,,,
209949,209949,0.500000,UT,,07:16:20 16-Feb-2023,07:08:48 16-Feb-2023,-451,2,-23.0914,151.6103,CRC,,,,16328,3.525,,,27.95,,,,,,,,,,,,,,148,27,255,0,,,,,,,0,,,1,92,,,
209949,209949,0.500000,UT,,,07:09:44 16-Feb-2023,,2,-23.0914,151.6103,,,,,,3.475,,,,,,,,,,,,,,,,,,,,,,,,,,,,,,0,,,,
209949,209949,0.500000,UT,,,07:14:43 16-Feb-2023,,2,-23.0914,151.6103,,,,,,3.425,,,,,,,,,,,,,,,,,,,,,,,,,,,,,,0,,,,
209949,209949,0.500000,UT,,,07:15:35 16-Feb-2023,,2,-23.0914,151.6103,,,,,,,,,,,,,,,,,,,,,,,,,,,,,,,,,,,,0,,,,
209949,209949,0.500000,UT,,,07:16:17 16-Feb-2023,,2,-23.0914,151.6103,,,,,,,,,27.90,,,,,,,,,,,,,,,,,,,,,,,,,,,0,,,,
209949,209949,0.500000,UT,,,07:17:19 16-Feb-2023,,2,-23.0914,151.6103,,,,,,3.525,,,,,,,,,,,,,,,,,,,,,,,,,,,,,,0,,,,
209949,209949,0.500000,UT,1.00b,,07:18:07 16-Feb-2023,,2,-23.0914,151.6103,,0,,,,,,,,,,,,,,,,,,,,,,,,,,,,,,,,,,0,,,,
209949,209949,0.500000,UT,,,08:12:46 16-Feb-2023,,1,-23.1149,151.5954,,,,,16364,,,,,,,,,,,,,,,,,,,,,,,,,,,,,,,0,,,,
209949,209949,0.500000,UT,,,08:13:01 16-Feb-2023,,1,-23.1149,151.5954,,,,,,3.475,,,,,,,,,,,,,,,,,,,,,,,,,,,,,,0,,,,
209949,209949,0.500000,UT,1.00b,,08:14:15 16-Feb-2023,,1,-23.1149,151.5954,,0,,,,,,,,,,,,,,,,,,,,,,,,,,,,,,,,,,0,,,,
209949,209949,0.500000,UT,,,08:15:37 16-Feb-2023,,1,-23.1149,151.5954,,,,,,,,,27.85,,,,,,,,,,,,,,,,,,,,,,,,,,,0,,,,
209949,209949,0.500000,UT,,,08:27:22 16-Feb-2023,,B,-23.1259,151.5897,,,,,16369,,,,,,,,,,,,,,,,,,,,,,,,,,,,,,,0,,,,
209949,209949,0.500000,UT,,,22:39:46 18-Feb-2023,,,,,,,,,16412,,,,,,,,,,,,,,,,,,,,,,,,,,,,,,,0,,,,
209949,209949,0.500000,UT,1.00b,,23:31:23 18-Feb-2023,,,,,,0,,,,,,,,,,,,,,,,,,,,,,,,,,,,,,,,,,0,,,,
209949,209949,0.500000,UT,,,06:37:54 19-Feb-2023,,B,-23.4201,151.3726,,,,,,,,,28.00,,,,,,,,,,,,,,,,,,,,,,,,,,,0,,,,
209949,209949,0.500000,UT,,,07:49:48 19-Feb-2023,,,,,,,,,,,,,27.85,,,,,,,,,,,,,,,,,,,,,,,,,,,0,,,,
209949,209949,0.500000,UT,,,07:54:33 19-Feb-2023,,,,,,,,,16438,,,,,,,,,,,,,,,,,,,,,,,,,,,,,,,0,,,,
209949,209949,0.500000,UT,,,12:01:13 19-Feb-2023,,B,-23.4879,151.3730,,,,,,3.525,,,,,,,,,,,,,,,,,,,,,,,,,,,,,,0,,,,
209949,209949,0.500000,UT,1.00b,,12:07:39 19-Feb-2023,,B,-23.4750,151.3720,,0,,,,,,,,,,,,,,,,,,,,,,,,,,,,,,,,,,0,,,,
209949,209949,0.500000,UT,,,19:30:36 19-Feb-2023,,,,,,,,,,,,,27.85,,,,,,,,,,,,,,,,,,,,,,,,,,,0,,,,
209949,209949,0.500000,UT,,,23:05:33 19-Feb-2023,,B,-23.5861,151.3744,,,,,,,,,27.75,,,,,,,,,,,,,,,,,,,,,,,,,,,0,,,,
209949,209949,0.500000,UT,1.00b,,20:09:23 20-Feb-2023,,B,-23.2785,151.2684,,0,,,,,,,,,,,,,,,,,,,,,,,,,,,,,,,,,,0,,,,
209949,209949,0.500000,UT,,,07:21:14 21-Feb-2023,,0,-23.1458,151.4897,,,,,,3.550,,,,,,,,,,,,,,,,,,,,,,,,,,,,,,0,,,,
209949,209949,0.500000,UT,,,07:22:14 21-Feb-2023,,0,-23.1079,151.4618,,,,,,,,,,,,,,,,,,,,,,,,,,,,,,,,,,,,0,,,,
209949,209949,0.500000,UT,,,07:23:06 21-Feb-2023,,0,-23.1458,151.4897,,,,,16494,,,,,,,,,,,,,,,,,,,,,,,,,,,,,,,0,,,,
209949,209949,0.500000,UT,,,07:23:34 21-Feb-2023,,0,-23.1458,151.4897,,,,,,3.500,,,,,,,,,,,,,,,,,,,,,,,,,,,,,,0,,,,
209949,209949,0.500000,UT,1.00b,,07:24:09 21-Feb-2023,,0,-23.1458,151.4897,,0,,,,,,,,,,,,,,,,,,,,,,,,,,,,,,,,,,0,,,,
209949,209949,0.500000,UT,,,07:25:10 21-Feb-2023,,0,-23.1458,151.4897,,,,,,,,,,,,,,,,,,,,,,,,,,,,,,,,,,,,0,,,,
209949,209949,0.500000,UT,,,07:25:38 21-Feb-2023,,0,-23.1458,151.4897,,,,,,,,,27.55,,,,,,,,,,,,,,,,,,,,,,,,,,,0,,,,
209949,209949,0.500000,UT,,,21:18:59 21-Feb-2023,,B,-23.2359,151.5425,,,,,,3.475,,,,,,,,,,,,,,,,,,,,,,,,,,,,,,0,,,,
209949,209949,0.500000,UT,1.00b,,21:19:17 21-Feb-2023,,B,-23.2359,151.5425,,0,,,,,,,,,,,,,,,,,,,,,,,,,,,,,,,,,,0,,,,
209949,209949,0.500000,UT,,,20:22:02 22-Feb-2023,,2,-23.4811,151.6880,,,,,,,,,,,,,,,,,,,,,,,,,,,,,,,,,,,,0,,,,
209949,209949,0.500000,UT,,,20:23:49 22-Feb-2023,,2,-23.4811,151.6880,,,,,,3.500,,,,,,,,,,,,,,,,,,,,,,,,,,,,,,0,,,,
209949,209949,0.500000,UT,1.00b,,20:24:04 22-Feb-2023,,2,-23.4811,151.6880,,0,,,,,,,,,,,,,,,,,,,,,,,,,,,,,,,,,,0,,,,
209949,209949,0.500000,UT,,,20:24:40 22-Feb-2023,,2,-23.4811,151.6880,,,,,,,,,27.40,,,,,,,,,,,,,,,,,,,,,,,,,,,0,,,,
209949,209949,0.500000,UT,,,20:26:08 22-Feb-2023,,2,-23.4811,151.6880,,,,,,3.475,,,,,,,,,,,,,,,,,,,,,,,,,,,,,,0,,,,
209949,209949,0.500000,UT,,,20:29:29 22-Feb-2023,,2,-23.4811,151.6880,,,,,16779,,,,,,,,,,,,,,,,,,,,,,,,,,,,,,,0,,,,
209949,209949,0.500000,UT,1.00b,,20:43:47 22-Feb-2023,,2,-23.4688,151.6999,,0,,,,,,,,,,,,,,,,,,,,,,,,,,,,,,,,,,0,,,,
209949,209949,0.500000,UT,,,20:47:39 22-Feb-2023,,2,-23.4688,151.6999,,,,,,,,,27.40,,,,,,,,,,,,,,,,,,,,,,,,,,,0,,,,
209949,209949,0.500000,UT,,,20:48:29 22-Feb-2023,,2,-23.4688,151.6999,,,,,16789,,,,,,,,,,,,,,,,,,,,,,,,,,,,,,,0,,,,
209949,209949,0.500000,UT,,,20:49:04 22-Feb-2023,,2,-23.4688,151.6999,,,,,,3.500,,,,,,,,,,,,,,,,,,,,,,,,,,,,,,0,,,,
209949,209949,0.500000,UT,,,20:49:40 22-Feb-2023,,2,-23.4688,151.6999,,,,,,,,,,,,,,,,,,,,,,,,,,,,,,,,,,,,0,,,,
209949,209949,0.500000,UT,,,19:53:45 23-Feb-2023,,0,-23.0536,151.7146,,,,,,,,,27.30,,,,,,,,,,,,,,,,,,,,,,,,,,,0,,,,
209949,209949,0.500000,UT,,,19:57:24 23-Feb-2023,,0,-23.0536,151.7146,,,,,,3.425,,,,,,,,,,,,,,,,,,,,,,,,,,,,,,0,,,,
209949,209949,0.500000,UT,,,20:00:39 23-Feb-2023,,0,-23.0536,151.7146,,,,,,3.475,,,,,,,,,,,,,,,,,,,,,,,,,,,,,,0,,,,
209949,209949,0.500000,UT,1.00b,,20:00:55 23-Feb-2023,,0,-23.0536,151.7146,,0,,,,,,,,,,,,,,,,,,,,,,,,,,,,,,,,,,0,,,,
209949,209949,0.500000,UT,,,20:01:58 23-Feb-2023,,2,-23.0679,151.6496,,,,,,,,,,,,,,,,,,,,,,,,,,,,,,,,,,,,0,,,,
209949,209949,0.500000,UT,,,20:17:04 23-Feb-2023,,2,-23.0630,151.6548,,,,,,,,,27.30,,,,,,,,,,,,,,,,,,,,,,,,,,,0,,,,
209949,209949,0.500000,UT,,,20:17:43 23-Feb-2023,,2,-23.0630,151.6548,,,,,,3.475,,,,,,,,,,,,,,,,,,,,,,,,,,,,,,0,,,,
209949,209949,0.500000,UT,,,20:20:20 23-Feb-2023,,2,-23.0630,151.6548,,,,,,,,,27.35,,,,,,,,,,,,,,,,,,,,,,,,,,,0,,,,
209949,209949,0.500000,UT,,,20:21:17 23-Feb-2023,,2,-23.0630,151.6548,,,,,16951,,,,,,,,,,,,,,,,,,,,,,,,,,,,,,,0,,,,
209949,209949,0.500000,UT,,,20:21:48 23-Feb-2023,,2,-23.0630,151.6548,,,,,,3.425,,,,,,,,,,,,,,,,,,,,,,,,,,,,,,0,,,,
209949,209949,0.500000,UT,1.00b,,20:22:52 23-Feb-2023,,2,-23.0630,151.6548,,0,,,,,,,,,,,,,,,,,,,,,,,,,,,,,,,,,,0,,,,
209949,209949,0.500000,UT,,,21:31:22 23-Feb-2023,,A,-23.0392,151.6549,,,,,,,,,,,,,,,,,,,,,,,,,,,,,,,,,,,,0,,,,
209949,209949,0.500000,UT,,,21:37:21 23-Feb-2023,,A,-23.0392,151.6549,,,,,17019,,,,,,,,,,,,,,,,,,,,,,,,,,,,,,,0,,,,
209949,209949,0.500000,UT,,,21:38:36 23-Feb-2023,,A,-23.0392,151.6549,,,,,,,,,,,,,,,,,,,,,,,,,,,,,,,,,,,,0,,,,
209949,209949,0.500000,UT,,,21:45:24 23-Feb-2023,,2,-23.0414,151.6542,,,,,17024,,,,,,,,,,,,,,,,,,,,,,,,,,,,,,,0,,,,
209949,209949,0.500000,UT,,,21:46:46 23-Feb-2023,,2,-23.0414,151.6542,,,,,,3.400,,,,,,,,,,,,,,,,,,,,,,,,,,,,,,0,,,,
209949,209949,0.500000,UT,1.00b,,21:50:57 23-Feb-2023,,A,-23.0418,151.6548,,0,,,,,,,,,,,,,,,,,,,,,,,,,,,,,,,,,,0,,,,
209949,209949,0.500000,UT,,,22:45:20 23-Feb-2023,,B,-23.0348,151.6571,,,,,,3.450,,,,,,,,,,,,,,,,,,,,,,,,,,,,,,0,,,,
209949,209949,0.500000,UT,,,00:25:01 24-Feb-2023,,B,-22.9707,151.6379,,,,,17040,,,,,,,,,,,,,,,,,,,,,,,,,,,,,,,0,,,,
209949,209949,0.500000,UT,,,00:25:28 24-Feb-2023,,B,-22.9707,151.6379,,,,,,3.525,,,,,,,,,,,,,,,,,,,,,,,,,,,,,,0,,,,
209949,209949,0.500000,UT,,,08:03:03 24-Feb-2023,,B,-22.8559,151.6315,,,,,,3.525,,,,,,,,,,,,,,,,,,,,,,,,,,,,,,0,,,,
209949,209949,0.500000,UT,,,21:08:01 24-Feb-2023,,0,-23.1455,151.5533,,,,,,,,,27.20,,,,,,,,,,,,,,,,,,,,,,,,,,,0,,,,
209949,209949,0.500000,UT,,,21:09:26 24-Feb-2023,,0,-23.1455,151.5533,,,,,,3.450,,,,,,,,,,,,,,,,,,,,,,,,,,,,,,0,,,,
209949,209949,0.500000,UT,,,21:10:36 24-Feb-2023,,0,-23.1455,151.5533,,,,,,,,,,,,,,,,,,,,,,,,,,,,,,,,,,,,0,,,,
209949,209949,0.500000,UT,,,21:10:57 24-Feb-2023,,0,-23.1455,151.5533,,,,,,,,,27.30,,,,,,,,,,,,,,,,,,,,,,,,,,,0,,,,
209949,209949,0.500000,UT,1.00b,,21:19:15 24-Feb-2023,,0,-23.1455,151.5533,,0,,,,,,,,,,,,,,,,,,,,,,,,,,,,,,,,,,0,,,,
209949,209949,0.500000,UT,,,21:24:55 24-Feb-2023,,1,-23.1574,151.5566,,,,,,3.450,,,,,,,,,,,,,,,,,,,,,,,,,,,,,,0,,,,
209949,209949,0.500000,UT,,,21:27:15 24-Feb-2023,,1,-23.1574,151.5566,,,,,,,,,27.30,,,,,,,,,,,,,,,,,,,,,,,,,,,0,,,,
209949,209949,0.500000,UT,,,21:27:53 24-Feb-2023,,3,-23.1526,151.5455,,,,,17207,,,,,,,,,,,,,,,,,,,,,,,,,,,,,,,0,,,,
209949,209949,0.500000,UT,,,21:28:31 24-Feb-2023,,0,-23.1541,151.5538,,,,,,,,,,,,,,,,,,,,,,,,,,,,,,,,,,,,0,,,,
209949,209949,0.500000,UT,,,21:29:14 24-Feb-2023,,0,-23.1541,151.5538,,,,,,,,,,,,,,,,,,,,,,,,,,,,,,,,,,,,0,,,,
209949,209949,0.500000,UT,1.00b,,21:31:43 24-Feb-2023,,3,-23.1526,151.5455,,0,,,,,,,,,,,,,,,,,,,,,,,,,,,,,,,,,,0,,,,
209949,209949,0.500000,UT,,,21:32:01 24-Feb-2023,,3,-23.1526,151.5455,,,,,,,,,,,,,,,,,,,,,,,,,,,,,,,,,,,,0,,,,
209949,209949,0.500000,UT,,,21:32:21 24-Feb-2023,,3,-23.1526,151.5455,,,,,,,,,27.25,,,,,,,,,,,,,,,,,,,,,,,,,,,0,,,,
209949,209949,0.500000,UT,,,21:34:23 24-Feb-2023,,3,-23.1526,151.5455,,,,,,,,,27.30,,,,,,,,,,,,,,,,,,,,,,,,,,,0,,,,
209949,209949,0.500000,UT,,,21:35:52 24-Feb-2023,,3,-23.1526,151.5455,,,,,,3.475,,,,,,,,,,,,,,,,,,,,,,,,,,,,,,0,,,,
209949,209949,0.500000,UT,,,22:13:30 24-Feb-2023,,B,-23.1540,151.5465,,,,,,,,,27.30,,,,,,,,,,,,,,,,,,,,,,,,,,,0,,,,
209949,209949,0.500000,UT,,,07:43:54 25-Feb-2023,,B,-23.2092,151.5852,,,,,,3.475,,,,,,,,,,,,,,,,,,,,,,,,,,,,,,0,,,,
209949,209949,0.500000,UT,,,19:16:05 25-Feb-2023,,B,-23.4767,151.4686,,,,,,,,,27.15,,,,,,,,,,,,,,,,,,,,,,,,,,,0,,,,
209949,209949,0.500000,UT,,,06:19:14 26-Feb-2023,,B,-23.5811,151.4515,,,,,,,,,27.40,,,,,,,,,,,,,,,,,,,,,,,,,,,0,,,,
209949,209949,0.500000,UT,1.00b,,08:04:06 26-Feb-2023,,A,-23.4946,151.6013,,0,,,,,,,,,,,,,,,,,,,,,,,,,,,,,,,,,,0,,,,
209949,209949,0.500000,UT,,,08:07:40 26-Feb-2023,,A,-23.4946,151.6013,,,,,17390,,,,,,,,,,,,,,,,,,,,,,,,,,,,,,,0,,,,
209949,209949,0.500000,UT,,,09:10:35 26-Feb-2023,,B,-23.4786,151.6261,,,,,17400,,,,,,,,,,,,,,,,,,,,,,,,,,,,,,,0,,,,
209949,209949,0.500000,UT,,,19:03:03 26-Feb-2023,,B,-23.2854,151.7377,,,,,,,,,26.85,,,,,,,,,,,,,,,,,,,,,,,,,,,0,,,,
209949,209949,0.500000,UT,,,07:09:23 27-Feb-2023,,B,-23.3708,151.5588,,,,,17506,,,,,,,,,,,,,,,,,,,,,,,,,,,,,,,0,,,,
209949,209949,0.500000,UT,,,07:11:21 27-Feb-2023,,B,-23.3708,151.5588,,,,,17511,,,,,,,,,,,,,,,,,,,,,,,,,,,,,,,0,,,,
209949,209949,0.500000,UT,,,07:26:46 27-Feb-2023,,0,-23.2584,151.4972,,,,,,3.400,,,,,,,,,,,,,,,,,,,,,,,,,,,,,,0,,,,
209949,209949,0.500000,UT,,,07:29:00 27-Feb-2023,,0,-23.2584,151.4972,,,,,,,,,27.30,,,,,,,,,,,,,,,,,,,,,,,,,,,0,,,,
209949,209949,0.500000,UT,,,07:37:27 27-Feb-2023,,0,-23.2584,151.4972,,,,,,,,,27.20,,,,,,,,,,,,,,,,,,,,,,,,,,,0,,,,
209949,209949,0.500000,UT,,,08:43:02 27-Feb-2023,,1,-23.2257,151.4967,,,,,,3.400,,,,,,,,,,,,,,,,,,,,,,,,,,,,,,0,,,,
209949,209949,0.500000,UT,,,08:43:57 27-Feb-2023,,1,-23.2257,151.4967,,,,,,,,,27.20,,,,,,,,,,,,,,,,,,,,,,,,,,,0,,,,
209949,209949,0.500000,UT,,,08:44:14 27-Feb-2023,,1,-23.2257,151.4967,,,,,17636,,,,,,,,,,,,,,,,,,,,,,,,,,,,,,,0,,,,
209949,209949,0.500000,UT,,,08:45:53 27-Feb-2023,,1,-23.2257,151.4967,,,,,,,,,27.25,,,,,,,,,,,,,,,,,,,,,,,,,,,0,,,,
209949,209949,0.500000,UT,,,08:46:29 27-Feb-2023,,1,-23.2257,151.4967,,,,,,3.475,,,,,,,,,,,,,,,,,,,,,,,,,,,,,,0,,,,
209949,209949,0.500000,UT,,,06:45:26 28-Feb-2023,,B,-22.9961,151.6846,,,,,,,,,,,,,,,,,,,,,,,,,,,,,,,,,,,,0,,,,
209949,209949,0.500000,UT,,,06:55:12 28-Feb-2023,,B,-22.9624,151.6613,,,,,,3.525,,,,,,,,,,,,,,,,,,,,,,,,,,,,,,0,,,,
209949,209949,0.500000,UT,1.00b,,08:25:24 28-Feb-2023,,B,-23.1878,151.4874,,0,,,,,,,,,,,,,,,,,,,,,,,,,,,,,,,,,,0,,,,
209949,209949,0.500000,UT,1.00b,,08:34:21 28-Feb-2023,,2,-23.1896,151.5048,,0,,,,,,,,,,,,,,,,,,,,,,,,,,,,,,,,,,0,,,,
209949,209949,0.500000,UT,,,08:35:40 28-Feb-2023,,2,-23.1896,151.5048,,,,,,,,,,,,,,,,,,,,,,,,,,,,,,,,,,,,0,,,,
209949,209949,0.500000,UT,,,19:58:03 28-Feb-2023,,B,-23.2947,151.3018,,,,,,3.425,,,,,,,,,,,,,,,,,,,,,,,,,,,,,,0,,,,
209949,209949,0.500000,UT,,,08:06:01 01-Mar-2023,,B,-23.1983,151.2714,,,,,17861,,,,,,,,,,,,,,,,,,,,,,,,,,,,,,,0,,,,
209949,209949,0.500000,UT,,,08:11:06 01-Mar-2023,,A,-23.0992,151.5815,,,,,17866,,,,,,,,,,,,,,,,,,,,,,,,,,,,,,,0,,,,
209949,209949,0.500000,UT,1.00b,,08:11:54 01-Mar-2023,,A,-23.0992,151.5815,,0,,,,,,,,,,,,,,,,,,,,,,,,,,,,,,,,,,0,,,,
209949,209949,0.500000,UT,,,20:39:47 01-Mar-2023,,A,-23.2592,151.4963,,,,,17897,,,,,,,,,,,,,,,,,,,,,,,,,,,,,,,0,,,,
209949,209949,0.500000,UT,,,20:51:09 01-Mar-2023,,A,-23.2592,151.4963,,,,,,3.450,,,,,,,,,,,,,,,,,,,,,,,,,,,,,,0,,,,
209949,209949,0.500000,UT,1.00b,,20:51:28 01-Mar-2023,,A,-23.2592,151.4963,,0,,,,,,,,,,,,,,,,,,,,,,,,,,,,,,,,,,0,,,,
209949,209949,0.500000,UT,,,07:31:07 02-Mar-2023,,A,-23.1775,151.5747,,,,,,3.475,,,,,,,,,,,,,,,,,,,,,,,,,,,,,,0,,,,
209949,209949,0.500000,UT,,,07:37:50 02-Mar-2023,,A,-23.1775,151.5747,,,,,,,,,,,,,,,,,,,,,,,,,,,,,,,,,,,,0,,,,
209949,209949,0.500000,UT,1.00b,,21:38:03 02-Mar-2023,,B,-23.2185,151.4440,,0,,,,,,,,,,,,,,,,,,,,,,,,,,,,,,,,,,0,,,,
209949,209949,0.500000,UT,,,22:01:01 02-Mar-2023,,B,-23.2211,151.4695,,,,,17934,,,,,,,,,,,,,,,,,,,,,,,,,,,,,,,0,,,,
209949,209949,0.500000,UT,,,21:31:35 03-Mar-2023,,2,-23.1069,151.5051,,,,,,3.475,,,,,,,,,,,,,,,,,,,,,,,,,,,,,,0,,,,
209949,209949,0.500000,UT,,,21:32:18 03-Mar-2023,,2,-23.1069,151.5051,,,,,,,,,,,,,,,,,,,,,,,,,,,,,,,,,,,,0,,,,
209949,209949,0.500000,UT,,,21:33:07 03-Mar-2023,,2,-23.1069,151.5051,,,,,17997,,,,,,,,,,,,,,,,,,,,,,,,,,,,,,,0,,,,
209949,209949,0.500000,UT,1.00b,,21:33:57 03-Mar-2023,,2,-23.1069,151.5051,,0,,,,,,,,,,,,,,,,,,,,,,,,,,,,,,,,,,0,,,,
209949,209949,0.500000,UT,,,21:35:05 03-Mar-2023,,2,-23.1069,151.5051,,,,,,,,,27.50,,,,,,,,,,,,,,,,,,,,,,,,,,,0,,,,
209949,209949,0.500000,UT,,,21:35:34 03-Mar-2023,,2,-23.1069,151.5051,,,,,18002,,,,,,,,,,,,,,,,,,,,,,,,,,,,,,,0,,,,
209949,209949,0.500000,UT,,,21:39:36 03-Mar-2023,,3,-23.1004,151.5122,,,,,18008,,,,,,,,,,,,,,,,,,,,,,,,,,,,,,,0,,,,
209949,209949,0.500000,UT,,,21:42:06 03-Mar-2023,,3,-23.1004,151.5122,,,,,,3.475,,,,,,,,,,,,,,,,,,,,,,,,,,,,,,0,,,,
209949,209949,0.500000,UT,,,21:45:25 03-Mar-2023,,3,-23.1004,151.5122,,,,,,,,,27.50,,,,,,,,,,,,,,,,,,,,,,,,,,,0,,,,
209949,209949,0.500000,UT,1.00b,,21:46:22 03-Mar-2023,,3,-23.1004,151.5122,,0,,,,,,,,,,,,,,,,,,,,,,,,,,,,,,,,,,0,,,,
209949,209949,0.500000,UT,,,21:46:54 03-Mar-2023,,3,-23.1004,151.5122,,,,,,,,,27.55,,,,,,,,,,,,,,,,,,,,,,,,,,,0,,,,
209949,209949,0.500000,UT,,,21:48:49 03-Mar-2023,,3,-23.1004,151.5122,,,,,,,,,,,,,,,,,,,,,,,,,,,,,,,,,,,,0,,,,
209949,209949,0.500000,UT,,,22:24:39 03-Mar-2023,,B,-23.0870,151.5149,,,,,,,,,,,,,,,,,,,,,,,,,,,,,,,,,,,,0,,,,
209949,209949,0.500000,UT,,,22:25:27 03-Mar-2023,,B,-23.0870,151.5149,,,,,,,,,27.45,,,,,,,,,,,,,,,,,,,,,,,,,,,0,,,,
209949,209949,0.500000,UT,,,22:40:02 03-Mar-2023,,A,-23.0770,151.5204,,,,,,3.325,,,,,,,,,,,,,,,,,,,,,,,,,,,,,,0,,,,
209949,209949,0.500000,UT,,,22:42:17 03-Mar-2023,,A,-23.0770,151.5204,,,,,,,,,437.15,,,,,,,,,,,,,,,,,,,,,,,,,,,0,,,,
209949,209949,0.500000,UT,,,22:42:33 03-Mar-2023,,A,-23.0770,151.5204,,,,,18070,,,,,,,,,,,,,,,,,,,,,,,,,,,,,,,0,,,,
209949,209949,0.500000,UT,,,07:13:15 04-Mar-2023,,B,-22.9767,151.5838,,,,,,3.450,,,,,,,,,,,,,,,,,,,,,,,,,,,,,,0,,,,
209949,209949,0.500000,UT,,,08:15:14 04-Mar-2023,,2,-22.9725,151.6512,,,,,,,,,,,,,,,,,,,,,,,,,,,,,,,,,,,,0,,,,
209949,209949,0.500000,UT,,,08:15:46 04-Mar-2023,,2,-22.9725,151.6512,,,,,,,,,27.50,,,,,,,,,,,,,,,,,,,,,,,,,,,0,,,,
209949,209949,0.500000,UT,,,08:17:19 04-Mar-2023,,2,-22.9725,151.6512,,,,,18122,,,,,,,,,,,,,,,,,,,,,,,,,,,,,,,0,,,,
209949,209949,0.500000,UT,,,08:19:50 04-Mar-2023,,1,-22.9739,151.6484,,,,,,,,,27.50,,,,,,,,,,,,,,,,,,,,,,,,,,,0,,,,
209949,209949,0.500000,UT,,,22:46:05 04-Mar-2023,,B,-23.1095,151.8799,,,,,,,,,,,,,,,,,,,,,,,,,,,,,,,,,,,,0,,,,
209949,209949,0.500000,UT,,,22:46:22 04-Mar-2023,,B,-23.1095,151.8799,,,,,,,,,232.20,,,,,,,,,,,,,,,,,,,,,,,,,,,0,,,,
209949,209949,0.500000,UT,,,23:12:44 04-Mar-2023,,B,-23.1288,151.6925,,,,,18221,,,,,,,,,,,,,,,,,,,,,,,,,,,,,,,0,,,,
209949,209949,0.500000,UT,,,20:01:53 05-Mar-2023,,B,-23.1783,151.6511,,,,,,3.500,,,,,,,,,,,,,,,,,,,,,,,,,,,,,,0,,,,
209949,209949,0.500000,UT,,,20:09:08 05-Mar-2023,,B,-23.2224,151.5762,,,,,,,,,,,,,,,,,,,,,,,,,,,,,,,,,,,,0,,,,
209949,209949,0.500000,UT,,,20:38:01 05-Mar-2023,,A,-23.2724,151.6402,,,,,18290,,,,,,,,,,,,,,,,,,,,,,,,,,,,,,,0,,,,
209949,209949,0.500000,UT,,,20:43:14 05-Mar-2023,,A,-23.2724,151.6402,,,,,,3.500,,,,,,,,,,,,,,,,,,,,,,,,,,,,,,0,,,,
209949,209949,0.500000,UT,1.00b,,20:49:35 05-Mar-2023,,A,-23.2724,151.6402,,0,,,,,,,,,,,,,,,,,,,,,,,,,,,,,,,,,,0,,,,
209949,209949,0.500000,UT,1.00b,,22:22:40 05-Mar-2023,,B,-23.2680,151.6354,,0,,,,,,,,,,,,,,,,,,,,,,,,,,,,,,,,,,0,,,,
209949,209949,0.500000,UT,,,22:57:09 05-Mar-2023,,B,-23.2489,151.6324,,,,,,,,,,,,,,,,,,,,,,,,,,,,,,,,,,,,0,,,,
209949,209949,0.500000,UT,,,23:06:22 05-Mar-2023,,B,-23.2489,151.6324,,,,,18332,,,,,,,,,,,,,,,,,,,,,,,,,,,,,,,0,,,,
209949,209949,0.500000,UT,,,23:25:21 05-Mar-2023,,B,-23.2671,151.6229,,,,,18342,,,,,,,,,,,,,,,,,,,,,,,,,,,,,,,0,,,,
209949,209949,0.500000,UT,,,06:32:33 06-Mar-2023,,B,-23.3029,151.6367,,,,,,,,,,,,,,,,,,,,,,,,,,,,,,,,,,,,0,,,,
209949,209949,0.500000,UT,,,06:38:45 06-Mar-2023,,B,-23.3029,151.6367,,,,,,,,,27.40,,,,,,,,,,,,,,,,,,,,,,,,,,,0,,,,
209949,209949,0.500000,UT,1.00b,,14:08:06 06-Mar-2023,,B,-23.3401,151.6740,,0,,,,,,,,,,,,,,,,,,,,,,,,,,,,,,,,,,0,,,,
209949,209949,0.500000,UT,,,19:31:37 06-Mar-2023,,B,-23.2570,151.6515,,,,,,3.500,,,,,,,,,,,,,,,,,,,,,,,,,,,,,,0,,,,
209949,209949,0.500000,UT,,,20:13:15 06-Mar-2023,,B,-23.2473,151.6565,,,,,,,,,27.35,,,,,,,,,,,,,,,,,,,,,,,,,,,0,,,,
209949,209949,0.500000,UT,,,23:48:06 06-Mar-2023,,B,-23.2879,151.6570,,,,,,,,,27.35,,,,,,,,,,,,,,,,,,,,,,,,,,,0,,,,
209949,209949,0.500000,UT,,,00:37:16 07-Mar-2023,,B,-23.2989,151.6361,,,,,,3.400,,,,,,,,,,,,,,,,,,,,,,,,,,,,,,0,,,,
209949,209949,0.500000,UT,1.00b,,00:37:32 07-Mar-2023,,B,-23.2989,151.6361,,0,,,,,,,,,,,,,,,,,,,,,,,,,,,,,,,,,,0,,,,
209949,209949,0.500000,UT,,,06:41:00 07-Mar-2023,,B,-23.2726,151.6057,,,,,18624,,,,,,,,,,,,,,,,,,,,,,,,,,,,,,,0,,,,
209949,209949,0.500000,UT,,,06:42:22 07-Mar-2023,,B,-23.2726,151.6057,,,,,,3.525,,,,,,,,,,,,,,,,,,,,,,,,,,,,,,0,,,,
209949,209949,0.500000,UT,,,07:48:38 07-Mar-2023,,B,-23.2976,151.5725,,,,,,,,,,,,,,,,,,,,,,,,,,,,,,,,,,,,0,,,,
209949,209949,0.500000,UT,,,08:17:51 07-Mar-2023,,B,-23.2957,151.5732,,,,,,,,,28.20,,,,,,,,,,,,,,,,,,,,,,,,,,,0,,,,
209949,209949,0.500000,UT,,,08:39:27 07-Mar-2023,,1,-23.2426,151.5823,,,,,,,,,,,,,,,,,,,,,,,,,,,,,,,,,,,,0,,,,
209949,209949,0.500000,UT,,,08:44:54 07-Mar-2023,,1,-23.2426,151.5823,,,,,18661,,,,,,,,,,,,,,,,,,,,,,,,,,,,,,,0,,,,
209949,209949,0.500000,UT,,,08:48:33 07-Mar-2023,,1,-23.2426,151.5823,,,,,,3.400,,,,,,,,,,,,,,,,,,,,,,,,,,,,,,0,,,,
209949,209949,0.500000,UT,,,11:30:42 07-Mar-2023,,B,-23.2604,151.6010,,,,,18687,,,,,,,,,,,,,,,,,,,,,,,,,,,,,,,0,,,,
209949,209949,0.500000,UT,,,20:36:26 07-Mar-2023,,B,-23.2398,151.5914,,,,,,,,,27.30,,,,,,,,,,,,,,,,,,,,,,,,,,,0,,,,
209949,209949,0.500000,UT,,,23:31:17 07-Mar-2023,,B,-23.2664,151.6223,,,,,,,,,,,,,,,,,,,,,,,,,,,,,,,,,,,,0,,,,
209949,209949,0.500000,UT,,,07:53:47 08-Mar-2023,,B,-23.2678,151.6375,,,,,,,,,,,,,,,,,,,,,,,,,,,,,,,,,,,,0,,,,
209949,209949,0.500000,UT,,,09:25:15 08-Mar-2023,,B,-23.2898,151.6223,,,,,,3.525,,,,,,,,,,,,,,,,,,,,,,,,,,,,,,0,,,,
209949,209949,0.500000,UT,1.00b,,12:06:17 08-Mar-2023,,B,-23.2959,151.6189,,0,,,,,,,,,,,,,,,,,,,,,,,,,,,,,,,,,,0,,,,
209949,209949,0.500000,UT,1.00b,,23:42:04 09-Mar-2023,,,,,,0,,,,,,,,,,,,,,,,,,,,,,,,,,,,,,,,,,0,,,,
209949,209949,0.500000,UT,1.00b,,20:10:21 10-Mar-2023,,A,-23.5092,151.4995,,0,,,,,,,,,,,,,,,,,,,,,,,,,,,,,,,,,,0,,,,
209949,209949,0.500000,UT,,,20:14:16 10-Mar-2023,,A,-23.5092,151.4995,,,,,18954,,,,,,,,,,,,,,,,,,,,,,,,,,,,,,,0,,,,
209949,209949,0.500000,UT,1.00b,,20:15:48 10-Mar-2023,,2,-23.5124,151.4861,,0,,,,,,,,,,,,,,,,,,,,,,,,,,,,,,,,,,0,,,,
209949,209949,0.500000,UT,,,20:50:38 10-Mar-2023,,B,-23.5182,151.4987,,,,,18974,,,,,,,,,,,,,,,,,,,,,,,,,,,,,,,0,,,,
209949,209949,0.500000,UT,,,20:51:33 10-Mar-2023,,B,-23.5182,151.4987,,,,,,3.450,,,,,,,,,,,,,,,,,,,,,,,,,,,,,,0,,,,
209949,209949,0.500000,UT,,,21:34:52 10-Mar-2023,,A,-23.5172,151.4774,,,,,,,,,27.70,,,,,,,,,,,,,,,,,,,,,,,,,,,0,,,,
209949,209949,0.500000,UT,,,21:39:23 10-Mar-2023,,A,-23.5172,151.4774,,,,,18995,,,,,,,,,,,,,,,,,,,,,,,,,,,,,,,0,,,,
209949,209949,0.500000,UT,,,21:39:52 10-Mar-2023,,A,-23.5172,151.4774,,,,,,3.450,,,,,,,,,,,,,,,,,,,,,,,,,,,,,,0,,,,
209949,209949,0.500000,UT,1.00b,,22:02:04 10-Mar-2023,,B,-23.5615,151.4651,,0,,,,,,,,,,,,,,,,,,,,,,,,,,,,,,,,,,0,,,,
209949,209949,0.500000,UT,,,22:02:22 10-Mar-2023,,B,-23.5615,151.4651,,,,,,,,,,,,,,,,,,,,,,,,,,,,,,,,,,,,0,,,,
209949,209949,0.500000,UT,,,19:53:20 11-Mar-2023,,B,-23.7778,151.3368,,,,,19246,,,,,,,,,,,,,,,,,,,,,,,,,,,,,,,0,,,,
209949,209949,0.500000,UT,,,21:35:53 11-Mar-2023,,0,-23.6998,151.6077,,,,,,3.425,,,,,,,,,,,,,,,,,,,,,,,,,,,,,,0,,,,
209949,209949,0.500000,UT,,,21:37:53 11-Mar-2023,,0,-23.6998,151.6077,,,,,,,,,,,,,,,,,,,,,,,,,,,,,,,,,,,,0,,,,
209949,209949,0.500000,UT,,,21:53:40 11-Mar-2023,,1,-23.6883,151.6266,,,,,19283,,,,,,,,,,,,,,,,,,,,,,,,,,,,,,,0,,,,
209949,209949,0.500000,UT,,,21:54:04 11-Mar-2023,,1,-23.6883,151.6266,,,,,,3.400,,,,,,,,,,,,,,,,,,,,,,,,,,,,,,0,,,,
209949,209949,0.500000,UT,,,21:54:55 11-Mar-2023,,1,-23.6883,151.6266,,,,,,,,,27.90,,,,,,,,,,,,,,,,,,,,,,,,,,,0,,,,
209949,209949,0.500000,UT,,,23:46:25 11-Mar-2023,,B,-23.6500,151.6741,,,,,,,,,,,,,,,,,,,,,,,,,,,,,,,,,,,,0,,,,
209949,209949,0.500000,UT,,,23:48:54 11-Mar-2023,,B,-23.6500,151.6741,,,,,,,,,27.90,,,,,,,,,,,,,,,,,,,,,,,,,,,0,,,,
209949,209949,0.500000,UT,,,08:14:42 12-Mar-2023,,B,-23.5963,151.6547,,,,,19361,,,,,,,,,,,,,,,,,,,,,,,,,,,,,,,0,,,,
209949,209949,0.500000,UT,1.00b,,08:16:04 12-Mar-2023,,B,-23.5963,151.6547,,0,,,,,,,,,,,,,,,,,,,,,,,,,,,,,,,,,,0,,,,
209949,209949,0.500000,UT,1.00b,,19:44:40 12-Mar-2023,,B,-23.3806,151.7608,,0,,,,,,,,,,,,,,,,,,,,,,,,,,,,,,,,,,0,,,,
209949,209949,0.500000,UT,,,21:02:01 12-Mar-2023,,0,-23.4890,151.4855,,,,,,,,,,,,,,,,,,,,,,,,,,,,,,,,,,,,0,,,,
209949,209949,0.500000,UT,,,21:03:11 12-Mar-2023,,0,-23.4890,151.4855,,,,,,3.375,,,,,,,,,,,,,,,,,,,,,,,,,,,,,,0,,,,
209949,209949,0.500000,UT,,,21:08:14 12-Mar-2023,,0,-23.4890,151.4855,,,,,,,,,27.85,,,,,,,,,,,,,,,,,,,,,,,,,,,0,,,,
209949,209949,0.500000,UT,,,21:10:08 12-Mar-2023,,0,-23.4890,151.4855,,,,,,3.325,,,,,,,,,,,,,,,,,,,,,,,,,,,,,,0,,,,
209949,209949,0.500000,UT,,,21:39:44 12-Mar-2023,,0,-23.5021,151.4979,,,,,,3.450,,,,,,,,,,,,,,,,,,,,,,,,,,,,,,0,,,,
209949,209949,0.500000,UT,,,21:42:53 12-Mar-2023,,0,-23.5021,151.4979,,,,,,,,,,,,,,,,,,,,,,,,,,,,,,,,,,,,0,,,,
209949,209949,0.500000,UT,,,21:43:44 12-Mar-2023,,0,-23.5021,151.4979,,,,,,,,,27.90,,,,,,,,,,,,,,,,,,,,,,,,,,,0,,,,
209949,209949,0.500000,UT,,,22:32:50 12-Mar-2023,,B,-23.5291,151.4476,,,,,,,,,,,,,,,,,,,,,,,,,,,,,,,,,,,,0,,,,
209949,209949,0.500000,UT,,,07:38:16 13-Mar-2023,,B,-23.5814,151.4431,,,,,,3.500,,,,,,,,,,,,,,,,,,,,,,,,,,,,,,0,,,,
209949,209949,0.500000,UT,,01:52:50 14-Mar-2023,01:43:57 14-Mar-2023,-532,B,-23.2493,152.1998,CRC,,,,19503,3.475,,,27.95,,,,,,,,,,,,,,211,26,255,0,,,,,,,0,,,1,72,,,
209949,209949,0.500000,UT,1.00b,,08:00:08 14-Mar-2023,,B,-23.6560,152.5116,,0,,,,,,,,,,,,,,,,,,,,,,,,,,,,,,,,,,0,,,,
209949,209949,0.500000,UT,,,23:51:39 14-Mar-2023,,B,-23.6930,152.5104,,,,,,3.475,,,,,,,,,,,,,,,,,,,,,,,,,,,,,,0,,,,
209949,209949,0.500000,UT,1.00b,,07:04:16 16-Mar-2023,,,,,,0,,,,,,,,,,,,,,,,,,,,,,,,,,,,,,,,,,0,,,,
209949,209949,0.500000,UT,,,08:15:41 16-Mar-2023,,B,-23.4858,151.4760,,,,,,3.500,,,,,,,,,,,,,,,,,,,,,,,,,,,,,,0,,,,
209949,209949,0.500000,UT,,,20:51:44 16-Mar-2023,,B,-23.5598,151.4479,,,,,,3.525,,,,,,,,,,,,,,,,,,,,,,,,,,,,,,0,,,,
209949,209949,0.500000,UT,1.00b,,21:03:50 16-Mar-2023,,B,-23.6292,151.4402,,0,,,,,,,,,,,,,,,,,,,,,,,,,,,,,,,,,,0,,,,
209949,209949,0.500000,UT,,,21:08:03 16-Mar-2023,,B,-23.6292,151.4402,,,,,,,,,,,,,,,,,,,,,,,,,,,,,,,,,,,,0,,,,
209949,209949,0.500000,UT,,,22:47:03 16-Mar-2023,,B,-23.5211,151.5112,,,,,,3.525,,,,,,,,,,,,,,,,,,,,,,,,,,,,,,0,,,,
209949,209949,0.500000,UT,,,22:27:27 17-Mar-2023,,3,-23.2815,151.5116,,,,,,,,,28.60,,,,,,,,,,,,,,,,,,,,,,,,,,,0,,,,
209949,209949,0.500000,UT,,,22:28:23 17-Mar-2023,,3,-23.2815,151.5116,,,,,20114,,,,,,,,,,,,,,,,,,,,,,,,,,,,,,,0,,,,
209949,209949,0.500000,UT,,,22:30:43 17-Mar-2023,,3,-23.2815,151.5116,,,,,,3.500,,,,,,,,,,,,,,,,,,,,,,,,,,,,,,0,,,,
209949,209949,0.500000,UT,1.00b,,22:31:56 17-Mar-2023,,3,-23.2815,151.5116,,0,,,,,,,,,,,,,,,,,,,,,,,,,,,,,,,,,,0,,,,
209949,209949,0.500000,UT,,,22:32:30 17-Mar-2023,,3,-23.2815,151.5116,,,,,,,,,,,,,,,,,,,,,,,,,,,,,,,,,,,,0,,,,
209949,209949,0.500000,UT,1.00b,,07:36:27 18-Mar-2023,,B,-23.2810,151.5120,,0,,,,,,,,,,,,,,,,,,,,,,,,,,,,,,,,,,0,,,,
209949,209949,0.500000,UT,,,20:02:31 18-Mar-2023,,B,-23.2901,151.5914,,,,,,,,,,,,,,,,,,,,,,,,,,,,,,,,,,,,0,,,,
209949,209949,0.500000,UT,,,20:53:58 18-Mar-2023,,B,-23.4877,151.4933,,,,,,,,,,,,,,,,,,,,,,,,,,,,,,,,,,,,0,,,,
209949,209949,0.500000,UT,,,21:51:23 18-Mar-2023,,B,-23.4865,151.4310,,,,,,3.500,,,,,,,,,,,,,,,,,,,,,,,,,,,,,,0,,,,
209949,209949,0.500000,UT,,07:09:05 19-Mar-2023,06:59:56 19-Mar-2023,-548,0,-23.7205,151.4510,CRC,,,,20253,3.375,,,28.60,,,,,,,,,,,,,,216,27,255,0,,,,,,,2,,,1,78,,,
209949,209949,0.500000,UT,,,07:03:41 19-Mar-2023,,0,-23.7205,151.4510,,,,,,,,,,,,,,,,,,,,,,,,,,,,,,,,,,,,0,,,,
209949,209949,0.500000,UT,,,07:03:58 19-Mar-2023,,0,-23.7205,151.4510,,,,,,,,,28.55,,,,,,,,,,,,,,,,,,,,,,,,,,,0,,,,
209949,209949,0.500000,UT,,,07:19:41 19-Mar-2023,,2,-23.7251,151.4541,,,,,,,,,28.50,,,,,,,,,,,,,,,,,,,,,,,,,,,0,,,,
209949,209949,0.500000,UT,,,07:20:20 19-Mar-2023,,2,-23.7251,151.4541,,,,,,3.425,,,,,,,,,,,,,,,,,,,,,,,,,,,,,,0,,,,
209949,209949,0.500000,UT,,,07:22:28 19-Mar-2023,,2,-23.7251,151.4541,,,,,,,,,28.60,,,,,,,,,,,,,,,,,,,,,,,,,,,0,,,,
209949,209949,0.500000,UT,1.00b,,07:24:48 19-Mar-2023,,2,-23.7251,151.4541,,0,,,,,,,,,,,,,,,,,,,,,,,,,,,,,,,,,,0,,,,
209949,209949,0.500000,UT,,,07:25:03 19-Mar-2023,,2,-23.7251,151.4541,,,,,,,,,,,,,,,,,,,,,,,,,,,,,,,,,,,,0,,,,
209949,209949,0.500000,UT,,,07:26:17 19-Mar-2023,,2,-23.7251,151.4541,,,,,20285,,,,,,,,,,,,,,,,,,,,,,,,,,,,,,,0,,,,
209949,209949,0.500000,UT,1.00b,,08:54:41 19-Mar-2023,,B,-23.7788,151.3287,,0,,,,,,,,,,,,,,,,,,,,,,,,,,,,,,,,,,0,,,,
209949,209949,0.500000,UT,,,08:54:58 19-Mar-2023,,B,-23.7788,151.3287,,,,,,,,,,,,,,,,,,,,,,,,,,,,,,,,,,,,0,,,,
209949,209949,0.500000,UT,1.00b,,13:12:34 19-Mar-2023,,B,-23.7753,151.3815,,0,,,,,,,,,,,,,,,,,,,,,,,,,,,,,,,,,,0,,,,
209949,209949,0.500000,UT,,,13:14:30 19-Mar-2023,,B,-23.7753,151.3815,,,,,,,,,,,,,,,,,,,,,,,,,,,,,,,,,,,,0,,,,
209949,209949,0.500000,UT,,,19:46:45 19-Mar-2023,,B,-23.8426,150.9623,,,,,,,,,28.85,,,,,,,,,,,,,,,,,,,,,,,,,,,0,,,,
209949,209949,0.500000,UT,,,20:36:35 19-Mar-2023,,B,-23.7474,151.1512,,,,,,,,,,,,,,,,,,,,,,,,,,,,,,,,,,,,0,,,,
209949,209949,0.500000,UT,,,18:50:12 20-Mar-2023,,0,-23.3631,151.6540,,,,,20485,,,,,,,,,,,,,,,,,,,,,,,,,,,,,,,0,,,,
209949,209949,0.500000,UT,,,18:50:30 20-Mar-2023,,0,-23.3631,151.6540,,,,,,3.450,,,,,,,,,,,,,,,,,,,,,,,,,,,,,,0,,,,
209949,209949,0.500000,UT,1.00b,,18:58:48 20-Mar-2023,,0,-23.3631,151.6540,,0,,,,,,,,,,,,,,,,,,,,,,,,,,,,,,,,,,0,,,,
209949,209949,0.500000,UT,,,20:17:26 20-Mar-2023,,B,-23.3423,151.5979,,,,,,,,,,,,,,,,,,,,,,,,,,,,,,,,,,,,0,,,,
209949,209949,0.500000,UT,1.00b,,20:31:58 20-Mar-2023,,B,-23.3371,151.6072,,0,,,,,,,,,,,,,,,,,,,,,,,,,,,,,,,,,,0,,,,
209949,209949,0.500000,UT,1.00b,,21:04:39 20-Mar-2023,,B,-23.2873,151.6339,,0,,,,,,,,,,,,,,,,,,,,,,,,,,,,,,,,,,0,,,,
209949,209949,0.500000,UT,1.00b,,23:15:37 20-Mar-2023,,B,-23.2127,151.6197,,0,,,,,,,,,,,,,,,,,,,,,,,,,,,,,,,,,,0,,,,
209949,209949,0.500000,UT,,,10:46:37 21-Mar-2023,,B,-23.2521,151.6444,,,,,20632,,,,,,,,,,,,,,,,,,,,,,,,,,,,,,,0,,,,
209949,209949,0.500000,UT,,,11:32:59 21-Mar-2023,,B,-23.2639,151.6395,,,,,,,,,27.85,,,,,,,,,,,,,,,,,,,,,,,,,,,0,,,,
209949,209949,0.500000,UT,,,20:40:40 21-Mar-2023,,A,-23.2951,151.6342,,,,,,,,,27.80,,,,,,,,,,,,,,,,,,,,,,,,,,,0,,,,
209949,209949,0.500000,UT,,,20:41:28 21-Mar-2023,,A,-23.2951,151.6342,,,,,20705,,,,,,,,,,,,,,,,,,,,,,,,,,,,,,,0,,,,
209949,209949,0.500000,UT,,,21:29:20 21-Mar-2023,,1,-23.3190,151.5934,,,,,,3.450,,,,,,,,,,,,,,,,,,,,,,,,,,,,,,0,,,,
209949,209949,0.500000,UT,1.00b,,21:31:48 21-Mar-2023,,1,-23.3190,151.5934,,0,,,,,,,,,,,,,,,,,,,,,,,,,,,,,,,,,,0,,,,
209949,209949,0.500000,UT,,,21:33:56 21-Mar-2023,,1,-23.3190,151.5934,,,,,,,,,,,,,,,,,,,,,,,,,,,,,,,,,,,,0,,,,
209949,209949,0.500000,UT,,,21:34:12 21-Mar-2023,,1,-23.3190,151.5934,,,,,,,,,27.85,,,,,,,,,,,,,,,,,,,,,,,,,,,0,,,,
209949,209949,0.500000,UT,,,21:34:27 21-Mar-2023,,1,-23.3190,151.5934,,,,,20720,,,,,,,,,,,,,,,,,,,,,,,,,,,,,,,0,,,,
209949,209949,0.500000,UT,,,21:41:03 21-Mar-2023,,B,-23.3268,151.6312,,,,,,3.475,,,,,,,,,,,,,,,,,,,,,,,,,,,,,,0,,,,
209949,209949,0.500000,UT,1.00b,,09:56:47 22-Mar-2023,,0,-23.3071,151.7387,,0,,,,,,,,,,,,,,,,,,,,,,,,,,,,,,,,,,0,,,,
209949,209949,0.500000,UT,,,09:57:42 22-Mar-2023,,0,-23.3071,151.7387,,,,,,,,,,,,,,,,,,,,,,,,,,,,,,,,,,,,0,,,,
209949,209949,0.500000,UT,,,09:57:57 22-Mar-2023,,0,-23.3071,151.7387,,,,,,,,,27.75,,,,,,,,,,,,,,,,,,,,,,,,,,,0,,,,
209949,209949,0.500000,UT,,,09:58:13 22-Mar-2023,,0,-23.3071,151.7387,,,,,20793,,,,,,,,,,,,,,,,,,,,,,,,,,,,,,,0,,,,
209949,209949,0.500000,UT,,,10:40:53 22-Mar-2023,,B,-23.2813,151.6647,,,,,,,,,,,,,,,,,,,,,,,,,,,,,,,,,,,,0,,,,
209949,209949,0.500000,UT,,,12:33:29 22-Mar-2023,,A,-23.2366,151.5546,,,,,20819,,,,,,,,,,,,,,,,,,,,,,,,,,,,,,,0,,,,
209949,209949,0.500000,UT,,,19:32:41 22-Mar-2023,,B,-23.3631,151.3623,,,,,20861,,,,,,,,,,,,,,,,,,,,,,,,,,,,,,,0,,,,
209949,209949,0.500000,UT,,,19:36:12 22-Mar-2023,,B,-23.3631,151.3623,,,,,,3.475,,,,,,,,,,,,,,,,,,,,,,,,,,,,,,0,,,,
209949,209949,0.500000,UT,,,19:41:18 22-Mar-2023,,A,-23.3431,151.6595,,,,,,,,,27.75,,,,,,,,,,,,,,,,,,,,,,,,,,,0,,,,
209949,209949,0.500000,UT,,,19:44:32 22-Mar-2023,,A,-23.3431,151.6595,,,,,,,,,27.70,,,,,,,,,,,,,,,,,,,,,,,,,,,0,,,,
209949,209949,0.500000,UT,,,19:46:31 22-Mar-2023,,A,-23.3431,151.6595,,,,,20871,,,,,,,,,,,,,,,,,,,,,,,,,,,,,,,0,,,,
209949,209949,0.500000,UT,,,20:05:56 22-Mar-2023,,A,-23.3272,151.6617,,,,,20887,,,,,,,,,,,,,,,,,,,,,,,,,,,,,,,0,,,,
209949,209949,0.500000,UT,,,20:11:46 22-Mar-2023,,A,-23.3272,151.6617,,,,,,,,,,,,,,,,,,,,,,,,,,,,,,,,,,,,0,,,,
209949,209949,0.500000,UT,,,20:14:00 22-Mar-2023,,A,-23.3272,151.6617,,,,,,,,,27.75,,,,,,,,,,,,,,,,,,,,,,,,,,,0,,,,
209949,209949,0.500000,UT,1.00b,,23:20:57 22-Mar-2023,,B,-23.3138,151.6550,,0,,,,,,,,,,,,,,,,,,,,,,,,,,,,,,,,,,0,,,,
209949,209949,0.500000,UT,,,08:17:19 23-Mar-2023,,2,-23.2804,151.6785,,,,,20943,,,,,,,,,,,,,,,,,,,,,,,,,,,,,,,0,,,,
209949,209949,0.500000,UT,,,08:18:02 23-Mar-2023,,2,-23.2804,151.6785,,,,,,3.475,,,,,,,,,,,,,,,,,,,,,,,,,,,,,,0,,,,
209949,209949,0.500000,UT,1.00b,,08:18:44 23-Mar-2023,,2,-23.2804,151.6785,,0,,,,,,,,,,,,,,,,,,,,,,,,,,,,,,,,,,0,,,,
209949,209949,0.500000,UT,,,08:19:09 23-Mar-2023,,2,-23.2804,151.6785,,,,,,,,,,,,,,,,,,,,,,,,,,,,,,,,,,,,0,,,,
209949,209949,0.500000,UT,,,08:19:35 23-Mar-2023,,2,-23.2804,151.6785,,,,,,,,,27.75,,,,,,,,,,,,,,,,,,,,,,,,,,,0,,,,
209949,209949,0.500000,UT,,,08:20:33 23-Mar-2023,,2,-23.2804,151.6785,,,,,,3.400,,,,,,,,,,,,,,,,,,,,,,,,,,,,,,0,,,,
209949,209949,0.500000,UT,,,08:21:21 23-Mar-2023,,2,-23.2804,151.6785,,,,,,,,,,,,,,,,,,,,,,,,,,,,,,,,,,,,0,,,,
209949,209949,0.500000,UT,,,08:22:58 23-Mar-2023,,2,-23.2804,151.6785,,,,,,,,,27.75,,,,,,,,,,,,,,,,,,,,,,,,,,,0,,,,
209949,209949,0.500000,UT,,,08:31:21 23-Mar-2023,,1,-23.2841,151.6821,,,,,,3.475,,,,,,,,,,,,,,,,,,,,,,,,,,,,,,0,,,,
209949,209949,0.500000,UT,,,08:32:22 23-Mar-2023,,1,-23.2841,151.6821,,,,,,,,,27.85,,,,,,,,,,,,,,,,,,,,,,,,,,,0,,,,
209949,209949,0.500000,UT,,,08:32:37 23-Mar-2023,,1,-23.2841,151.6821,,,,,20959,,,,,,,,,,,,,,,,,,,,,,,,,,,,,,,0,,,,
209949,209949,0.500000,UT,,,08:33:06 23-Mar-2023,,1,-23.2841,151.6821,,,,,,3.425,,,,,,,,,,,,,,,,,,,,,,,,,,,,,,0,,,,
209949,209949,0.500000,UT,1.00b,,08:33:32 23-Mar-2023,,1,-23.2841,151.6821,,0,,,,,,,,,,,,,,,,,,,,,,,,,,,,,,,,,,0,,,,
209949,209949,0.500000,UT,,,20:40:38 23-Mar-2023,,A,-23.4066,151.5801,,,,,21018,,,,,,,,,,,,,,,,,,,,,,,,,,,,,,,0,,,,
209949,209949,0.500000,UT,,,20:40:53 23-Mar-2023,,A,-23.4066,151.5801,,,,,,3.375,,,,,,,,,,,,,,,,,,,,,,,,,,,,,,0,,,,
209949,209949,0.500000,UT,,,20:44:46 23-Mar-2023,,A,-23.4066,151.5801,,,,,,,,,27.85,,,,,,,,,,,,,,,,,,,,,,,,,,,0,,,,
209949,209949,0.500000,UT,,,10:31:57 24-Mar-2023,,B,-23.3450,151.6102,,,,,21216,,,,,,,,,,,,,,,,,,,,,,,,,,,,,,,0,,,,
209949,209949,0.500000,UT,,,23:21:03 25-Mar-2023,,,,,,,,,,,,,,,,,,,,,,,,,,,,,,,,,,,,,,,,0,,,,
209949,209949,0.500000,UT,,,06:44:39 26-Mar-2023,,,,,,,,,,,,,28.05,,,,,,,,,,,,,,,,,,,,,,,,,,,0,,,,
209949,209949,0.500000,UT,,,00:22:50 27-Mar-2023,,,,,,,,,,3.425,,,,,,,,,,,,,,,,,,,,,,,,,,,,,,0,,,,
209949,209949,0.500000,UT,,,21:19:23 27-Mar-2023,,,,,,,,,,,,,,,,,,,,,,,,,,,,,,,,,,,,,,,,0,,,,
209949,209949,0.500000,UT,,,19:41:44 28-Mar-2023,,,,,,,,,,,,,,,,,,,,,,,,,,,,,,,,,,,,,,,,0,,,,
209949,209949,0.500000,UT,,,06:48:20 29-Mar-2023,,B,-23.3368,151.1965,,,,,21651,,,,,,,,,,,,,,,,,,,,,,,,,,,,,,,0,,,,
209949,209949,0.500000,UT,,,22:13:21 29-Mar-2023,,B,-23.2722,151.3793,,,,,,3.450,,,,,,,,,,,,,,,,,,,,,,,,,,,,,,0,,,,
209949,209949,0.500000,UT,1.00b,,22:14:51 29-Mar-2023,,B,-23.2722,151.3793,,0,,,,,,,,,,,,,,,,,,,,,,,,,,,,,,,,,,0,,,,
209949,209949,0.500000,UT,,,22:28:58 29-Mar-2023,,B,-23.2392,151.3396,,,,,,3.375,,,,,,,,,,,,,,,,,,,,,,,,,,,,,,0,,,,
209949,209949,0.500000,UT,,,23:27:31 29-Mar-2023,,B,-23.3610,151.4407,,,,,,3.500,,,,,,,,,,,,,,,,,,,,,,,,,,,,,,0,,,,
209949,209949,0.500000,UT,,,07:58:20 30-Mar-2023,,B,-23.4977,151.3114,,,,,21714,,,,,,,,,,,,,,,,,,,,,,,,,,,,,,,0,,,,
209949,209949,0.500000,UT,,,10:11:20 30-Mar-2023,,B,-23.5128,151.3231,,,,,,,,,28.30,,,,,,,,,,,,,,,,,,,,,,,,,,,0,,,,
209949,209949,0.500000,UT,,,20:04:25 30-Mar-2023,,B,-23.5115,151.3210,,,,,,3.400,,,,,,,,,,,,,,,,,,,,,,,,,,,,,,0,,,,
209949,209949,0.500000,UT,,,06:53:49 31-Mar-2023,,B,-23.5211,151.3409,,,,,,,,,28.45,,,,,,,,,,,,,,,,,,,,,,,,,,,0,,,,
209949,209949,0.500000,UT,,,07:25:58 31-Mar-2023,,0,-23.5395,151.4121,,,,,21807,,,,,,,,,,,,,,,,,,,,,,,,,,,,,,,0,,,,
209949,209949,0.500000,UT,,,07:31:42 31-Mar-2023,,0,-23.5395,151.4121,,,,,,,,,,,,,,,,,,,,,,,,,,,,,,,,,,,,0,,,,
209949,209949,0.500000,UT,,,07:31:57 31-Mar-2023,,0,-23.5395,151.4121,,,,,,,,,28.35,,,,,,,,,,,,,,,,,,,,,,,,,,,0,,,,
209949,209949,0.500000,UT,,,07:32:27 31-Mar-2023,,0,-23.5395,151.4121,,,,,21813,,,,,,,,,,,,,,,,,,,,,,,,,,,,,,,0,,,,
209949,209949,0.500000,UT,1.00b,,20:59:55 01-Apr-2023,,,,,,0,,,,,,,,,,,,,,,,,,,,,,,,,,,,,,,,,,0,,,,
209949,209949,0.500000,UT,,,23:32:39 01-Apr-2023,,,,,,,,,,3.375,,,,,,,,,,,,,,,,,,,,,,,,,,,,,,0,,,,
209949,209949,0.500000,UT,1.00b,,06:28:06 02-Apr-2023,,B,-23.2693,151.5923,,0,,,,,,,,,,,,,,,,,,,,,,,,,,,,,,,,,,0,,,,
209949,209949,0.500000,UT,,,06:31:06 02-Apr-2023,,B,-23.2693,151.5923,,,,,,3.200,,,,,,,,,,,,,,,,,,,,,,,,,,,,,,0,,,,
209949,209949,0.500000,UT,,,09:35:35 02-Apr-2023,,B,-23.2729,151.6546,,,,,,,,,27.95,,,,,,,,,,,,,,,,,,,,,,,,,,,0,,,,
209949,209949,0.500000,UT,1.00b,,09:37:25 02-Apr-2023,,B,-23.2729,151.6546,,0,,,,,,,,,,,,,,,,,,,,,,,,,,,,,,,,,,0,,,,
209949,209949,0.500000,UT,,,10:50:32 02-Apr-2023,,B,-23.2817,151.6582,,,,,,,,,,,,,,,,,,,,,,,,,,,,,,,,,,,,0,,,,
209949,209949,0.500000,UT,,,11:04:00 02-Apr-2023,,B,-23.2752,151.6814,,,,,,3.400,,,,,,,,,,,,,,,,,,,,,,,,,,,,,,0,,,,
209949,209949,0.500000,UT,,,12:28:08 02-Apr-2023,,B,-23.2903,151.6964,,,,,,3.350,,,,,,,,,,,,,,,,,,,,,,,,,,,,,,0,,,,
209949,209949,0.500000,UT,,,18:51:13 02-Apr-2023,,B,-23.2621,151.6852,,,,,,3.425,,,,,,,,,,,,,,,,,,,,,,,,,,,,,,0,,,,
209949,209949,0.500000,UT,1.00b,,18:51:33 02-Apr-2023,,B,-23.2621,151.6852,,0,,,,,,,,,,,,,,,,,,,,,,,,,,,,,,,,,,0,,,,
209949,209949,0.500000,UT,,,19:29:19 02-Apr-2023,,A,-23.3092,151.6938,,,,,,,,,27.85,,,,,,,,,,,,,,,,,,,,,,,,,,,0,,,,
209949,209949,0.500000,UT,,,19:31:41 02-Apr-2023,,A,-23.3092,151.6938,,,,,22164,,,,,,,,,,,,,,,,,,,,,,,,,,,,,,,0,,,,
209949,209949,0.500000,UT,,,19:31:58 02-Apr-2023,,A,-23.3092,151.6938,,,,,,3.425,,,,,,,,,,,,,,,,,,,,,,,,,,,,,,0,,,,
209949,209949,0.500000,UT,,,20:26:54 02-Apr-2023,,B,-23.3224,151.6921,,,,,,3.200,,,,,,,,,,,,,,,,,,,,,,,,,,,,,,0,,,,
209949,209949,0.500000,UT,,,20:36:35 02-Apr-2023,,B,-23.3110,151.6704,,,,,,,,,27.85,,,,,,,,,,,,,,,,,,,,,,,,,,,0,,,,
209949,209949,0.500000,UT,,,20:44:07 02-Apr-2023,,B,-23.3093,151.6863,,,,,,3.425,,,,,,,,,,,,,,,,,,,,,,,,,,,,,,0,,,,
209949,209949,0.500000,UT,,,21:58:33 02-Apr-2023,,0,-23.3153,151.6728,,,,,,,,,,,,,,,,,,,,,,,,,,,,,,,,,,,,0,,,,
209949,209949,0.500000,UT,1.00b,,22:03:29 02-Apr-2023,,0,-23.3153,151.6728,,0,,,,,,,,,,,,,,,,,,,,,,,,,,,,,,,,,,0,,,,
209949,209949,0.500000,UT,,,22:04:08 02-Apr-2023,,0,-23.3153,151.6728,,,,,,,,,27.95,,,,,,,,,,,,,,,,,,,,,,,,,,,0,,,,
209949,209949,0.500000,UT,,,22:04:25 02-Apr-2023,,0,-23.3153,151.6728,,,,,22226,,,,,,,,,,,,,,,,,,,,,,,,,,,,,,,0,,,,
209949,209949,0.500000,UT,,,22:08:08 02-Apr-2023,,B,-23.3120,151.6706,,,,,,3.300,,,,,,,,,,,,,,,,,,,,,,,,,,,,,,0,,,,
209949,209949,0.500000,UT,,,22:10:51 02-Apr-2023,,B,-23.3120,151.6706,,,,,,,,,,,,,,,,,,,,,,,,,,,,,,,,,,,,0,,,,
209949,209949,0.500000,UT,,,22:48:44 02-Apr-2023,,B,-23.3380,151.6757,,,,,,,,,27.90,,,,,,,,,,,,,,,,,,,,,,,,,,,0,,,,
209949,209949,0.500000,UT,,,23:43:47 02-Apr-2023,,0,-23.2964,151.6293,,,,,,,,,,,,,,,,,,,,,,,,,,,,,,,,,,,,0,,,,
209949,209949,0.500000,UT,,,23:44:04 02-Apr-2023,,0,-23.2964,151.6293,,,,,,,,,27.80,,,,,,,,,,,,,,,,,,,,,,,,,,,0,,,,
209949,209949,0.500000,UT,,,23:44:20 02-Apr-2023,,0,-23.2964,151.6293,,,,,22247,,,,,,,,,,,,,,,,,,,,,,,,,,,,,,,0,,,,
209949,209949,0.500000,UT,,,08:53:08 03-Apr-2023,,B,-23.2743,151.5164,,,,,,3.450,,,,,,,,,,,,,,,,,,,,,,,,,,,,,,0,,,,
209949,209949,0.500000,UT,,,12:11:32 03-Apr-2023,,B,-23.2750,151.4708,,,,,,,,,,,,,,,,,,,,,,,,,,,,,,,,,,,,0,,,,
209949,209949,0.500000,UT,,,19:50:04 03-Apr-2023,,A,-23.2963,151.6950,,,,,,3.400,,,,,,,,,,,,,,,,,,,,,,,,,,,,,,0,,,,
209949,209949,0.500000,UT,,,19:55:53 03-Apr-2023,,A,-23.2963,151.6950,,,,,,,,,,,,,,,,,,,,,,,,,,,,,,,,,,,,0,,,,
209949,209949,0.500000,UT,,,20:00:40 03-Apr-2023,,A,-23.2963,151.6950,,,,,22351,,,,,,,,,,,,,,,,,,,,,,,,,,,,,,,0,,,,
209949,209949,0.500000,UT,,,21:49:42 03-Apr-2023,,B,-23.2956,151.6900,,,,,,,,,27.65,,,,,,,,,,,,,,,,,,,,,,,,,,,0,,,,
209949,209949,0.500000,UT,,,21:50:13 03-Apr-2023,,B,-23.2956,151.6900,,,,,,3.350,,,,,,,,,,,,,,,,,,,,,,,,,,,,,,0,,,,
209949,209949,0.500000,UT,,,23:14:03 03-Apr-2023,,1,-23.3055,151.6949,,,,,,,,,27.75,,,,,,,,,,,,,,,,,,,,,,,,,,,0,,,,
209949,209949,0.500000,UT,,,23:17:22 03-Apr-2023,,1,-23.3055,151.6949,,,,,22383,,,,,,,,,,,,,,,,,,,,,,,,,,,,,,,0,,,,
209949,209949,0.500000,UT,,,23:17:37 03-Apr-2023,,1,-23.3055,151.6949,,,,,,3.425,,,,,,,,,,,,,,,,,,,,,,,,,,,,,,0,,,,
209949,209949,0.500000,UT,1.00b,,23:20:13 03-Apr-2023,,1,-23.3055,151.6949,,0,,,,,,,,,,,,,,,,,,,,,,,,,,,,,,,,,,0,,,,
209949,209949,0.500000,UT,,,23:21:20 03-Apr-2023,,1,-23.3055,151.6949,,,,,,,,,,,,,,,,,,,,,,,,,,,,,,,,,,,,0,,,,
209949,209949,0.500000,UT,,,23:26:58 03-Apr-2023,,1,-23.3055,151.6949,,,,,,,,,27.70,,,,,,,,,,,,,,,,,,,,,,,,,,,0,,,,
209949,209949,0.500000,UT,,,00:07:21 04-Apr-2023,,B,-23.3085,151.6941,,,,,22467,,,,,,,,,,,,,,,,,,,,,,,,,,,,,,,0,,,,
209949,209949,0.500000,UT,,,00:42:48 04-Apr-2023,,B,-23.3092,151.6939,,,,,,,,,,,,,,,,,,,,,,,,,,,,,,,,,,,,0,,,,
209949,209949,0.500000,UT,,,07:12:06 04-Apr-2023,,1,-23.2978,151.6581,,,,,22545,,,,,,,,,,,,,,,,,,,,,,,,,,,,,,,0,,,,
209949,209949,0.500000,UT,,,07:12:27 04-Apr-2023,,1,-23.2978,151.6581,,,,,,3.400,,,,,,,,,,,,,,,,,,,,,,,,,,,,,,0,,,,
209949,209949,0.500000,UT,1.00b,,07:12:44 04-Apr-2023,,1,-23.2978,151.6581,,0,,,,,,,,,,,,,,,,,,,,,,,,,,,,,,,,,,0,,,,
209949,209949,0.500000,UT,,,07:12:59 04-Apr-2023,,1,-23.2978,151.6581,,,,,,,,,,,,,,,,,,,,,,,,,,,,,,,,,,,,0,,,,
209949,209949,0.500000,UT,,,07:13:37 04-Apr-2023,,1,-23.2978,151.6581,,,,,22550,,,,,,,,,,,,,,,,,,,,,,,,,,,,,,,0,,,,
209949,209949,0.500000,UT,,,08:43:01 04-Apr-2023,,1,-23.3053,151.6683,,,,,,,,,27.90,,,,,,,,,,,,,,,,,,,,,,,,,,,0,,,,
209949,209949,0.500000,UT,,,08:43:16 04-Apr-2023,,1,-23.3053,151.6683,,,,,22566,,,,,,,,,,,,,,,,,,,,,,,,,,,,,,,0,,,,
209949,209949,0.500000,UT,,,08:43:31 04-Apr-2023,,1,-23.3053,151.6683,,,,,,3.350,,,,,,,,,,,,,,,,,,,,,,,,,,,,,,0,,,,
209949,209949,0.500000,UT,1.00b,,08:43:55 04-Apr-2023,,1,-23.3053,151.6683,,0,,,,,,,,,,,,,,,,,,,,,,,,,,,,,,,,,,0,,,,
209949,209949,0.500000,UT,,,08:46:08 04-Apr-2023,,1,-23.3053,151.6683,,,,,,,,,,,,,,,,,,,,,,,,,,,,,,,,,,,,0,,,,
209949,209949,0.500000,UT,,,09:03:39 04-Apr-2023,,A,-23.3088,151.6704,,,,,,3.350,,,,,,,,,,,,,,,,,,,,,,,,,,,,,,0,,,,
209949,209949,0.500000,UT,1.00b,,09:04:00 04-Apr-2023,,A,-23.3088,151.6704,,0,,,,,,,,,,,,,,,,,,,,,,,,,,,,,,,,,,0,,,,
209949,209949,0.500000,UT,,,09:04:16 04-Apr-2023,,A,-23.3088,151.6704,,,,,,,,,,,,,,,,,,,,,,,,,,,,,,,,,,,,0,,,,
209949,209949,0.500000,UT,,,10:10:36 04-Apr-2023,,B,-23.3302,151.6688,,,,,22582,,,,,,,,,,,,,,,,,,,,,,,,,,,,,,,0,,,,
209949,209949,0.500000,UT,1.00b,,10:11:30 04-Apr-2023,,B,-23.3246,151.6677,,0,,,,,,,,,,,,,,,,,,,,,,,,,,,,,,,,,,0,,,,
209949,209949,0.500000,UT,,,10:14:53 04-Apr-2023,,B,-23.3246,151.6677,,,,,,,,,,,,,,,,,,,,,,,,,,,,,,,,,,,,0,,,,
209949,209949,0.500000,UT,1.00b,,10:56:30 04-Apr-2023,,B,-23.3350,151.6681,,0,,,,,,,,,,,,,,,,,,,,,,,,,,,,,,,,,,0,,,,
209949,209949,0.500000,UT,1.00b,,11:40:26 04-Apr-2023,,B,-23.3248,151.6729,,0,,,,,,,,,,,,,,,,,,,,,,,,,,,,,,,,,,0,,,,
209949,209949,0.500000,UT,,,11:43:56 04-Apr-2023,,B,-23.3248,151.6729,,,,,,,,,,,,,,,,,,,,,,,,,,,,,,,,,,,,0,,,,
209949,209949,0.500000,UT,,13:24:50 04-Apr-2023,13:14:50 04-Apr-2023,-599,B,-23.3465,151.6683,CRC,,,,22603,3.425,,,27.75,,,,,,,,,,,,,,200,27,255,0,,,,,,,0,,,1,84,,,
209949,209949,0.500000,UT,,,10:36:27 05-Apr-2023,,B,-23.3246,151.6646,,,,,22634,,,,,,,,,,,,,,,,,,,,,,,,,,,,,,,0,,,,
209949,209949,0.500000,UT,1.00b,,20:34:14 05-Apr-2023,,B,-23.3132,151.6715,,0,,,,,,,,,,,,,,,,,,,,,,,,,,,,,,,,,,0,,,,
209949,209949,0.500000,UT,,,20:51:52 05-Apr-2023,,B,-23.3014,151.6593,,,,,,,,,,,,,,,,,,,,,,,,,,,,,,,,,,,,0,,,,
209949,209949,0.500000,UT,,,21:55:24 05-Apr-2023,,B,-23.3047,151.6402,,,,,,,,,28.00,,,,,,,,,,,,,,,,,,,,,,,,,,,0,,,,
209949,209949,0.500000,UT,,,20:01:58 06-Apr-2023,,B,-23.3689,151.3641,,,,,,3.325,,,,,,,,,,,,,,,,,,,,,,,,,,,,,,0,,,,
209949,209949,0.500000,UT,1.00b,,20:24:13 06-Apr-2023,,B,-23.2989,151.6936,,0,,,,,,,,,,,,,,,,,,,,,,,,,,,,,,,,,,0,,,,
209949,209949,0.500000,UT,,,00:05:22 07-Apr-2023,,B,-23.3068,151.6399,,,,,,,,,27.95,,,,,,,,,,,,,,,,,,,,,,,,,,,0,,,,
209949,209949,0.500000,UT,,,07:09:34 07-Apr-2023,,B,-23.3329,151.5398,,,,,,,,,,,,,,,,,,,,,,,,,,,,,,,,,,,,0,,,,
209949,209949,0.500000,UT,,,19:27:44 07-Apr-2023,,B,-23.3511,151.5375,,,,,,,,,28.05,,,,,,,,,,,,,,,,,,,,,,,,,,,0,,,,
209949,209949,0.500000,UT,,,21:10:02 07-Apr-2023,,B,-23.2824,151.4722,,,,,,3.400,,,,,,,,,,,,,,,,,,,,,,,,,,,,,,0,,,,
209949,209949,0.500000,UT,1.00b,,21:27:39 07-Apr-2023,,B,-23.1439,151.5622,,0,,,,,,,,,,,,,,,,,,,,,,,,,,,,,,,,,,0,,,,
209949,209949,0.500000,UT,,,21:53:41 07-Apr-2023,,B,-23.1494,151.5793,,,,,,3.325,,,,,,,,,,,,,,,,,,,,,,,,,,,,,,0,,,,
209949,209949,0.500000,UT,,,22:50:29 07-Apr-2023,,B,-23.1310,151.5342,,,,,22911,,,,,,,,,,,,,,,,,,,,,,,,,,,,,,,0,,,,
209949,209949,0.500000,UT,,,11:08:29 08-Apr-2023,,B,-23.0807,151.6401,,,,,,3.375,,,,,,,,,,,,,,,,,,,,,,,,,,,,,,0,,,,
209949,209949,0.500000,UT,,,19:41:37 08-Apr-2023,,B,-23.0344,151.6568,,,,,,,,,28.15,,,,,,,,,,,,,,,,,,,,,,,,,,,0,,,,
209949,209949,0.500000,UT,,,22:22:32 08-Apr-2023,,B,-23.0946,151.7294,,,,,,3.400,,,,,,,,,,,,,,,,,,,,,,,,,,,,,,0,,,,
209949,209949,0.500000,UT,1.00b,,23:48:01 08-Apr-2023,,B,-23.0929,151.7077,,0,,,,,,,,,,,,,,,,,,,,,,,,,,,,,,,,,,0,,,,
209949,209949,0.500000,UT,,,23:49:16 08-Apr-2023,,B,-23.0929,151.7077,,,,,,,,,,,,,,,,,,,,,,,,,,,,,,,,,,,,0,,,,
209949,209949,0.500000,UT,,,07:49:52 09-Apr-2023,,B,-23.0831,151.6465,,,,,23177,,,,,,,,,,,,,,,,,,,,,,,,,,,,,,,0,,,,
209949,209949,0.500000,UT,,,05:37:20 10-Apr-2023,,B,-23.1831,151.3837,,,,,,,,,,,,,,,,,,,,,,,,,,,,,,,,,,,,0,,,,
209949,209949,0.500000,UT,1.00b,,07:18:16 10-Apr-2023,,B,-23.2638,151.5024,,0,,,,,,,,,,,,,,,,,,,,,,,,,,,,,,,,,,0,,,,
209949,209949,0.500000,UT,,,20:05:16 10-Apr-2023,,A,-23.4851,151.6370,,,,,,,,,,,,,,,,,,,,,,,,,,,,,,,,,,,,0,,,,
209949,209949,0.500000,UT,,,20:11:05 10-Apr-2023,,A,-23.4851,151.6370,,,,,,,,,27.75,,,,,,,,,,,,,,,,,,,,,,,,,,,0,,,,
209949,209949,0.500000,UT,,,20:49:43 10-Apr-2023,,A,-23.4955,151.6385,,,,,23345,,,,,,,,,,,,,,,,,,,,,,,,,,,,,,,0,,,,
209949,209949,0.500000,UT,,,20:50:11 10-Apr-2023,,A,-23.4955,151.6385,,,,,,3.250,,,,,,,,,,,,,,,,,,,,,,,,,,,,,,0,,,,
209949,209949,0.500000,UT,1.00b,,20:50:26 10-Apr-2023,,A,-23.4955,151.6385,,0,,,,,,,,,,,,,,,,,,,,,,,,,,,,,,,,,,0,,,,
209949,209949,0.500000,UT,1.00b,,21:13:00 10-Apr-2023,,B,-23.4923,151.6355,,0,,,,,,,,,,,,,,,,,,,,,,,,,,,,,,,,,,0,,,,
209949,209949,0.500000,UT,,,22:34:47 10-Apr-2023,,B,-23.4995,151.6362,,,,,23356,,,,,,,,,,,,,,,,,,,,,,,,,,,,,,,0,,,,
209949,209949,0.500000,UT,,,23:24:33 10-Apr-2023,,A,-23.4610,151.6526,,,,,,3.375,,,,,,,,,,,,,,,,,,,,,,,,,,,,,,0,,,,
209949,209949,0.500000,UT,1.00b,,23:24:48 10-Apr-2023,,A,-23.4610,151.6526,,0,,,,,,,,,,,,,,,,,,,,,,,,,,,,,,,,,,0,,,,
209949,209949,0.500000,UT,,,23:26:27 10-Apr-2023,,A,-23.4610,151.6526,,,,,,,,,,,,,,,,,,,,,,,,,,,,,,,,,,,,0,,,,
209949,209949,0.500000,UT,,,20:42:27 11-Apr-2023,,B,-23.3444,151.8211,,,,,,,,,,,,,,,,,,,,,,,,,,,,,,,,,,,,0,,,,
209949,209949,0.500000,UT,,,11:44:29 12-Apr-2023,,B,-23.5196,151.7463,,,,,23440,,,,,,,,,,,,,,,,,,,,,,,,,,,,,,,0,,,,
209949,209949,0.500000,UT,,,08:27:53 14-Apr-2023,,B,-23.5224,151.5872,,,,,,3.200,,,,,,,,,,,,,,,,,,,,,,,,,,,,,,0,,,,
209949,209949,0.500000,UT,1.00b,,10:03:15 14-Apr-2023,,B,-23.5491,151.5424,,0,,,,,,,,,,,,,,,,,,,,,,,,,,,,,,,,,,0,,,,
209949,209949,0.500000,UT,,,10:23:41 14-Apr-2023,,B,-23.5580,151.5222,,,,,23488,,,,,,,,,,,,,,,,,,,,,,,,,,,,,,,0,,,,
209949,209949,0.500000,UT,,,10:23:58 14-Apr-2023,,B,-23.5580,151.5222,,,,,,3.075,,,,,,,,,,,,,,,,,,,,,,,,,,,,,,0,,,,
209949,209949,0.500000,UT,,,11:39:40 14-Apr-2023,,B,-23.5803,151.5376,,,,,,,,,27.35,,,,,,,,,,,,,,,,,,,,,,,,,,,0,,,,
209949,209949,0.500000,UT,,,20:26:12 14-Apr-2023,,B,-23.6625,151.5168,,,,,,,,,,,,,,,,,,,,,,,,,,,,,,,,,,,,0,,,,
209949,209949,0.500000,UT,,,20:53:17 14-Apr-2023,,2,-23.5855,151.4400,,,,,23524,,,,,,,,,,,,,,,,,,,,,,,,,,,,,,,0,,,,
209949,209949,0.500000,UT,,,20:53:32 14-Apr-2023,,2,-23.5855,151.4400,,,,,,3.275,,,,,,,,,,,,,,,,,,,,,,,,,,,,,,0,,,,
209949,209949,0.500000,UT,,,20:54:03 14-Apr-2023,,2,-23.5855,151.4400,,,,,,,,,,,,,,,,,,,,,,,,,,,,,,,,,,,,0,,,,
209949,209949,0.500000,UT,1.00b,,20:56:29 14-Apr-2023,,2,-23.5855,151.4400,,0,,,,,,,,,,,,,,,,,,,,,,,,,,,,,,,,,,0,,,,
209949,209949,0.500000,UT,,,22:06:27 14-Apr-2023,,B,-23.5923,151.4351,,,,,,3.275,,,,,,,,,,,,,,,,,,,,,,,,,,,,,,0,,,,
209949,209949,0.500000,UT,,,00:15:30 15-Apr-2023,,1,-23.5851,151.4856,,,,,23550,,,,,,,,,,,,,,,,,,,,,,,,,,,,,,,0,,,,
209949,209949,0.500000,UT,,,00:15:47 15-Apr-2023,,1,-23.5851,151.4856,,,,,,3.275,,,,,,,,,,,,,,,,,,,,,,,,,,,,,,0,,,,
209949,209949,0.500000,UT,1.00b,,00:16:04 15-Apr-2023,,1,-23.5851,151.4856,,0,,,,,,,,,,,,,,,,,,,,,,,,,,,,,,,,,,0,,,,
209949,209949,0.500000,UT,,,00:20:59 15-Apr-2023,,1,-23.5851,151.4856,,,,,,,,,,,,,,,,,,,,,,,,,,,,,,,,,,,,0,,,,
209949,209949,0.500000,UT,,,00:37:14 15-Apr-2023,,B,-23.5895,151.4877,,,,,,,,,27.50,,,,,,,,,,,,,,,,,,,,,,,,,,,0,,,,
209949,209949,0.500000,UT,,,00:38:15 15-Apr-2023,,B,-23.5895,151.4877,,,,,23556,,,,,,,,,,,,,,,,,,,,,,,,,,,,,,,0,,,,
209949,209949,0.500000,UT,,,06:59:01 15-Apr-2023,,B,-23.4942,151.5470,,,,,,,,,27.65,,,,,,,,,,,,,,,,,,,,,,,,,,,0,,,,
209949,209949,0.500000,UT,,,23:12:32 15-Apr-2023,,B,-23.4007,151.5665,,,,,23587,,,,,,,,,,,,,,,,,,,,,,,,,,,,,,,0,,,,
209949,209949,0.500000,UT,1.00b,,05:48:02 16-Apr-2023,,B,-23.3594,151.5933,,0,,,,,,,,,,,,,,,,,,,,,,,,,,,,,,,,,,0,,,,
209949,209949,0.500000,UT,,,06:42:10 16-Apr-2023,,A,-23.3778,151.6503,,,,,23661,,,,,,,,,,,,,,,,,,,,,,,,,,,,,,,0,,,,
209949,209949,0.500000,UT,,,06:42:31 16-Apr-2023,,A,-23.3778,151.6503,,,,,,3.300,,,,,,,,,,,,,,,,,,,,,,,,,,,,,,0,,,,
209949,209949,0.500000,UT,1.00b,,06:43:26 16-Apr-2023,,A,-23.3778,151.6503,,0,,,,,,,,,,,,,,,,,,,,,,,,,,,,,,,,,,0,,,,
209949,209949,0.500000,UT,,,07:24:05 16-Apr-2023,,B,-23.3689,151.6465,,,,,23682,,,,,,,,,,,,,,,,,,,,,,,,,,,,,,,0,,,,
209949,209949,0.500000,UT,,,22:57:40 16-Apr-2023,,B,-23.4228,151.6084,,,,,,3.350,,,,,,,,,,,,,,,,,,,,,,,,,,,,,,0,,,,
209949,209949,0.500000,UT,1.00b,,22:57:56 16-Apr-2023,,B,-23.4228,151.6084,,0,,,,,,,,,,,,,,,,,,,,,,,,,,,,,,,,,,0,,,,
209949,209949,0.500000,UT,,,06:52:04 17-Apr-2023,,B,-23.3769,151.6817,,,,,,,,,27.85,,,,,,,,,,,,,,,,,,,,,,,,,,,0,,,,
209949,209949,0.500000,UT,,,19:17:54 17-Apr-2023,,B,-23.3534,151.8015,,,,,23713,,,,,,,,,,,,,,,,,,,,,,,,,,,,,,,0,,,,
209949,209949,0.500000,UT,,,18:46:20 18-Apr-2023,,0,-23.2718,151.6216,,,,,,,,,,,,,,,,,,,,,,,,,,,,,,,,,,,,0,,,,
209949,209949,0.500000,UT,,,18:47:49 18-Apr-2023,,0,-23.2718,151.6216,,,,,,3.000,,,,,,,,,,,,,,,,,,,,,,,,,,,,,,0,,,,
209949,209949,0.500000,UT,1.00b,,18:48:09 18-Apr-2023,,0,-23.2718,151.6216,,0,,,,,,,,,,,,,,,,,,,,,,,,,,,,,,,,,,0,,,,
209949,209949,0.500000,UT,1.00b,,19:13:05 18-Apr-2023,,1,-23.2989,151.6460,,0,,,,,,,,,,,,,,,,,,,,,,,,,,,,,,,,,,0,,,,
209949,209949,0.500000,UT,,,19:14:37 18-Apr-2023,,1,-23.2989,151.6460,,,,,,,,,27.30,,,,,,,,,,,,,,,,,,,,,,,,,,,0,,,,
209949,209949,0.500000,UT,,,19:16:37 18-Apr-2023,,1,-23.2989,151.6460,,,,,23839,,,,,,,,,,,,,,,,,,,,,,,,,,,,,,,0,,,,
209949,209949,0.500000,UT,,,19:17:07 18-Apr-2023,,1,-23.2989,151.6460,,,,,,3.200,,,,,,,,,,,,,,,,,,,,,,,,,,,,,,0,,,,
209949,209949,0.500000,UT,,,20:26:48 18-Apr-2023,,B,-23.2938,151.6573,,,,,,3.325,,,,,,,,,,,,,,,,,,,,,,,,,,,,,,0,,,,
209949,209949,0.500000,UT,,,20:58:32 18-Apr-2023,,B,-23.2914,151.6615,,,,,,,,,,,,,,,,,,,,,,,,,,,,,,,,,,,,0,,,,
209949,209949,0.500000,UT,,,21:27:13 18-Apr-2023,,A,-23.2682,151.6717,,,,,,3.300,,,,,,,,,,,,,,,,,,,,,,,,,,,,,,0,,,,
209949,209949,0.500000,UT,1.00b,,21:27:30 18-Apr-2023,,A,-23.2682,151.6717,,0,,,,,,,,,,,,,,,,,,,,,,,,,,,,,,,,,,0,,,,
209949,209949,0.500000,UT,,,21:32:53 18-Apr-2023,,A,-23.2682,151.6717,,,,,,,,,27.20,,,,,,,,,,,,,,,,,,,,,,,,,,,0,,,,
209949,209949,0.500000,UT,,,23:05:00 18-Apr-2023,,B,-23.2454,151.6938,,,,,,,,,,,,,,,,,,,,,,,,,,,,,,,,,,,,0,,,,
209949,209949,0.500000,UT,,,07:32:57 19-Apr-2023,,B,-23.3096,151.6647,,,,,23922,,,,,,,,,,,,,,,,,,,,,,,,,,,,,,,0,,,,
209949,209949,0.500000,UT,,,07:33:16 19-Apr-2023,,B,-23.3096,151.6647,,,,,,3.225,,,,,,,,,,,,,,,,,,,,,,,,,,,,,,0,,,,
209949,209949,0.500000,UT,,,10:21:19 19-Apr-2023,,1,-23.3193,151.6615,,,,,23964,,,,,,,,,,,,,,,,,,,,,,,,,,,,,,,0,,,,
209949,209949,0.500000,UT,1.00b,,10:21:54 19-Apr-2023,,1,-23.3193,151.6615,,0,,,,,,,,,,,,,,,,,,,,,,,,,,,,,,,,,,0,,,,
209949,209949,0.500000,UT,,,10:31:47 19-Apr-2023,,1,-23.3193,151.6615,,,,,,3.275,,,,,,,,,,,,,,,,,,,,,,,,,,,,,,0,,,,
209949,209949,0.500000,UT,,,10:32:17 19-Apr-2023,,1,-23.3193,151.6615,,,,,,,,,,,,,,,,,,,,,,,,,,,,,,,,,,,,0,,,,
209949,209949,0.500000,UT,,,10:32:32 19-Apr-2023,,1,-23.3193,151.6615,,,,,,,,,27.00,,,,,,,,,,,,,,,,,,,,,,,,,,,0,,,,
209949,209949,0.500000,UT,,,18:54:33 19-Apr-2023,,B,-23.2927,151.7118,,,,,24021,,,,,,,,,,,,,,,,,,,,,,,,,,,,,,,0,,,,
209949,209949,0.500000,UT,,,19:49:03 19-Apr-2023,,B,-23.2919,151.6806,,,,,,,,,,,,,,,,,,,,,,,,,,,,,,,,,,,,0,,,,
209949,209949,0.500000,UT,,,19:58:48 19-Apr-2023,,B,-23.2919,151.6806,,,,,,,,,26.90,,,,,,,,,,,,,,,,,,,,,,,,,,,0,,,,
209949,209949,0.500000,UT,,,20:29:24 19-Apr-2023,,1,-23.3009,151.6496,,,,,24052,,,,,,,,,,,,,,,,,,,,,,,,,,,,,,,0,,,,
209949,209949,0.500000,UT,,,20:30:02 19-Apr-2023,,1,-23.3009,151.6496,,,,,,3.250,,,,,,,,,,,,,,,,,,,,,,,,,,,,,,0,,,,
209949,209949,0.500000,UT,,,20:32:21 19-Apr-2023,,1,-23.3009,151.6496,,,,,,,,,26.95,,,,,,,,,,,,,,,,,,,,,,,,,,,0,,,,
209949,209949,0.500000,UT,,,20:32:37 19-Apr-2023,,1,-23.3009,151.6496,,,,,24063,,,,,,,,,,,,,,,,,,,,,,,,,,,,,,,0,,,,
209949,209949,0.500000,UT,1.00b,,20:33:14 19-Apr-2023,,1,-23.3009,151.6496,,0,,,,,,,,,,,,,,,,,,,,,,,,,,,,,,,,,,0,,,,
209949,209949,0.500000,UT,,,20:33:57 19-Apr-2023,,1,-23.3009,151.6496,,,,,,,,,,,,,,,,,,,,,,,,,,,,,,,,,,,,0,,,,
209949,209949,0.500000,UT,,,20:43:28 19-Apr-2023,,3,-23.3018,151.6390,,,,,,3.200,,,,,,,,,,,,,,,,,,,,,,,,,,,,,,0,,,,
209949,209949,0.500000,UT,1.00b,,20:43:43 19-Apr-2023,,3,-23.3018,151.6390,,0,,,,,,,,,,,,,,,,,,,,,,,,,,,,,,,,,,0,,,,
209949,209949,0.500000,UT,,,20:44:02 19-Apr-2023,,3,-23.3018,151.6390,,,,,,,,,,,,,,,,,,,,,,,,,,,,,,,,,,,,0,,,,
209949,209949,0.500000,UT,,,20:48:59 19-Apr-2023,,3,-23.3018,151.6390,,,,,,3.300,,,,,,,,,,,,,,,,,,,,,,,,,,,,,,0,,,,
209949,209949,0.500000,UT,1.00b,,21:10:43 19-Apr-2023,,B,-23.3025,151.6352,,0,,,,,,,,,,,,,,,,,,,,,,,,,,,,,,,,,,0,,,,
209949,209949,0.500000,UT,,,22:24:32 19-Apr-2023,,1,-23.2994,151.6604,,,,,24105,,,,,,,,,,,,,,,,,,,,,,,,,,,,,,,0,,,,
209949,209949,0.500000,UT,,,22:27:40 19-Apr-2023,,1,-23.2994,151.6604,,,,,,3.275,,,,,,,,,,,,,,,,,,,,,,,,,,,,,,0,,,,
209949,209949,0.500000,UT,1.00b,,22:28:06 19-Apr-2023,,1,-23.2994,151.6604,,0,,,,,,,,,,,,,,,,,,,,,,,,,,,,,,,,,,0,,,,
209949,209949,0.500000,UT,,,22:49:17 19-Apr-2023,,B,-23.3028,151.6578,,,,,,,,,26.95,,,,,,,,,,,,,,,,,,,,,,,,,,,0,,,,
209949,209949,0.500000,UT,,,22:53:09 19-Apr-2023,,B,-23.3028,151.6578,,,,,24110,,,,,,,,,,,,,,,,,,,,,,,,,,,,,,,0,,,,
209949,209949,0.500000,UT,,,23:14:23 19-Apr-2023,,B,-23.3034,151.6569,,,,,,3.300,,,,,,,,,,,,,,,,,,,,,,,,,,,,,,0,,,,
209949,209949,0.500000,UT,,08:44:52 20-Apr-2023,08:34:01 20-Apr-2023,-650,B,-23.3070,151.6568,CRC,,,,24153,3.300,,,26.95,,,,,,,,,,,,,,255,27,255,0,,,,,,,0,,,1,95,,,
209949,209949,0.500000,UT,,,08:34:19 20-Apr-2023,,B,-23.3070,151.6568,,,,,,3.125,,,,,,,,,,,,,,,,,,,,,,,,,,,,,,0,,,,
209949,209949,0.500000,UT,,,09:55:16 20-Apr-2023,,0,-23.2907,151.6753,,,,,24179,,,,,,,,,,,,,,,,,,,,,,,,,,,,,,,0,,,,
209949,209949,0.500000,UT,,,09:56:10 20-Apr-2023,,0,-23.2907,151.6753,,,,,,,,,,,,,,,,,,,,,,,,,,,,,,,,,,,,0,,,,
209949,209949,0.500000,UT,,,09:57:49 20-Apr-2023,,0,-23.2907,151.6753,,,,,24184,,,,,,,,,,,,,,,,,,,,,,,,,,,,,,,0,,,,
209949,209949,0.500000,UT,,,09:59:07 20-Apr-2023,,0,-23.2907,151.6753,,,,,,3.175,,,,,,,,,,,,,,,,,,,,,,,,,,,,,,0,,,,
209949,209949,0.500000,UT,,,10:54:45 20-Apr-2023,,B,-23.3082,151.6456,,,,,,,,,,,,,,,,,,,,,,,,,,,,,,,,,,,,0,,,,
209949,209949,0.500000,UT,,,20:35:40 20-Apr-2023,,B,-23.2741,151.6766,,,,,24246,,,,,,,,,,,,,,,,,,,,,,,,,,,,,,,0,,,,
209949,209949,0.500000,UT,,,21:00:19 20-Apr-2023,,B,-23.3033,151.6519,,,,,24251,,,,,,,,,,,,,,,,,,,,,,,,,,,,,,,0,,,,
209949,209949,0.500000,UT,,,21:06:56 20-Apr-2023,,B,-23.3033,151.6519,,,,,,3.050,,,,,,,,,,,,,,,,,,,,,,,,,,,,,,0,,,,
209949,209949,0.500000,UT,,,22:29:44 20-Apr-2023,,B,-23.3298,151.6403,,,,,24262,,,,,,,,,,,,,,,,,,,,,,,,,,,,,,,0,,,,
209949,209949,0.500000,UT,1.00b,,06:28:44 21-Apr-2023,,B,-23.3981,151.6125,,0,,,,,,,,,,,,,,,,,,,,,,,,,,,,,,,,,,0,,,,
209949,209949,0.500000,UT,,,11:12:46 21-Apr-2023,,B,-23.3394,151.6835,,,,,24304,,,,,,,,,,,,,,,,,,,,,,,,,,,,,,,0,,,,
209949,209949,0.500000,UT,,,11:15:53 21-Apr-2023,,B,-23.3394,151.6835,,,,,,,,,,,,,,,,,,,,,,,,,,,,,,,,,,,,0,,,,
209949,209949,0.500000,UT,,,13:17:19 21-Apr-2023,,B,-23.3382,151.6950,,,,,24314,,,,,,,,,,,,,,,,,,,,,,,,,,,,,,,0,,,,
209949,209949,0.500000,UT,,,18:56:09 21-Apr-2023,,B,-23.3484,151.7146,,,,,,3.175,,,,,,,,,,,,,,,,,,,,,,,,,,,,,,0,,,,
209949,209949,0.500000,UT,1.00b,,19:58:24 21-Apr-2023,,B,-23.3458,151.7273,,0,,,,,,,,,,,,,,,,,,,,,,,,,,,,,,,,,,0,,,,
209949,209949,0.500000,UT,1.00b,,20:20:53 21-Apr-2023,,B,-23.3094,151.7419,,0,,,,,,,,,,,,,,,,,,,,,,,,,,,,,,,,,,0,,,,
209949,209949,0.500000,UT,,,20:47:52 21-Apr-2023,,B,-23.2858,151.7272,,,,,24382,,,,,,,,,,,,,,,,,,,,,,,,,,,,,,,0,,,,
209949,209949,0.500000,UT,1.00b,,19:55:59 22-Apr-2023,,B,-23.0573,152.0873,,0,,,,,,,,,,,,,,,,,,,,,,,,,,,,,,,,,,0,,,,
209949,209949,0.500000,UT,,,21:47:47 22-Apr-2023,,B,-23.4773,151.8035,,,,,,3.000,,,,,,,,,,,,,,,,,,,,,,,,,,,,,,0,,,,
209949,209949,0.500000,UT,1.00b,,21:40:38 23-Apr-2023,,B,-23.8993,151.3784,,0,,,,,,,,,,,,,,,,,,,,,,,,,,,,,,,,,,0,,,,
209949,209949,0.500000,UT,,,07:19:50 24-Apr-2023,,B,-23.3207,151.4397,,,,,,,,,,,,,,,,,,,,,,,,,,,,,,,,,,,,0,,,,
209949,209949,0.500000,UT,,,18:55:46 24-Apr-2023,,B,-23.3545,151.5546,,,,,,,,,26.05,,,,,,,,,,,,,,,,,,,,,,,,,,,0,,,,
209949,209949,0.500000,UT,,,18:56:17 24-Apr-2023,,B,-23.3545,151.5546,,,,,24649,,,,,,,,,,,,,,,,,,,,,,,,,,,,,,,0,,,,
209949,209949,0.500000,UT,,,19:30:59 24-Apr-2023,,B,-23.3121,151.6939,,,,,24681,,,,,,,,,,,,,,,,,,,,,,,,,,,,,,,0,,,,
209949,209949,0.500000,UT,,,19:31:25 24-Apr-2023,,B,-23.3121,151.6939,,,,,,3.100,,,,,,,,,,,,,,,,,,,,,,,,,,,,,,0,,,,
209949,209949,0.500000,UT,1.00b,,20:29:46 24-Apr-2023,,B,-23.3005,151.6634,,0,,,,,,,,,,,,,,,,,,,,,,,,,,,,,,,,,,0,,,,
209949,209949,0.500000,UT,,,21:31:16 24-Apr-2023,,B,-23.2872,151.7051,,,,,,,,,,,,,,,,,,,,,,,,,,,,,,,,,,,,0,,,,
209949,209949,0.500000,UT,,,22:40:01 24-Apr-2023,,A,-23.2697,151.7691,,,,,24751,,,,,,,,,,,,,,,,,,,,,,,,,,,,,,,0,,,,
209949,209949,0.500000,UT,1.00b,,22:40:32 24-Apr-2023,,A,-23.2697,151.7691,,0,,,,,,,,,,,,,,,,,,,,,,,,,,,,,,,,,,0,,,,
209949,209949,0.500000,UT,,,22:43:27 24-Apr-2023,,A,-23.2697,151.7691,,,,,,,,,26.10,,,,,,,,,,,,,,,,,,,,,,,,,,,0,,,,
209949,209949,0.500000,UT,,,23:02:10 24-Apr-2023,,B,-23.2728,151.7520,,,,,,3.175,,,,,,,,,,,,,,,,,,,,,,,,,,,,,,0,,,,
209949,209949,0.500000,UT,,,23:59:25 24-Apr-2023,,A,-23.2944,151.6990,,,,,,,,,26.05,,,,,,,,,,,,,,,,,,,,,,,,,,,0,,,,
209949,209949,0.500000,UT,,,23:59:59 24-Apr-2023,,A,-23.2944,151.6990,,,,,24767,,,,,,,,,,,,,,,,,,,,,,,,,,,,,,,0,,,,
209949,209949,0.500000,UT,,,00:01:34 25-Apr-2023,,A,-23.2944,151.6990,,,,,,,,,,,,,,,,,,,,,,,,,,,,,,,,,,,,0,,,,
209949,209949,0.500000,UT,,,06:04:49 25-Apr-2023,,B,-23.2214,151.6996,,,,,24783,,,,,,,,,,,,,,,,,,,,,,,,,,,,,,,0,,,,
209949,209949,0.500000,UT,,,06:06:01 25-Apr-2023,,B,-23.2214,151.6996,,,,,,3.150,,,,,,,,,,,,,,,,,,,,,,,,,,,,,,0,,,,
209949,209949,0.500000,UT,,,11:39:49 25-Apr-2023,,B,-23.2988,151.8114,,,,,,,,,,,,,,,,,,,,,,,,,,,,,,,,,,,,0,,,,
209949,209949,0.500000,UT,,,11:40:05 25-Apr-2023,,B,-23.2988,151.8114,,,,,,,,,25.95,,,,,,,,,,,,,,,,,,,,,,,,,,,0,,,,
209949,209949,0.500000,UT,,,20:05:06 25-Apr-2023,,1,-23.2818,151.7082,,,,,24951,,,,,,,,,,,,,,,,,,,,,,,,,,,,,,,0,,,,
209949,209949,0.500000,UT,,,20:11:24 25-Apr-2023,,1,-23.2818,151.7082,,,,,,,,,,,,,,,,,,,,,,,,,,,,,,,,,,,,0,,,,
209949,209949,0.500000,UT,,,20:11:44 25-Apr-2023,,1,-23.2818,151.7082,,,,,,,,,25.95,,,,,,,,,,,,,,,,,,,,,,,,,,,0,,,,
209949,209949,0.500000,UT,,,20:12:54 25-Apr-2023,,3,-23.2759,151.6670,,,,,,,,,,,,,,,,,,,,,,,,,,,,,,,,,,,,0,,,,
209949,209949,0.500000,UT,,,20:13:24 25-Apr-2023,,3,-23.2759,151.6670,,,,,,,,,26.00,,,,,,,,,,,,,,,,,,,,,,,,,,,0,,,,
209949,209949,0.500000,UT,,,20:14:02 25-Apr-2023,,3,-23.2759,151.6670,,,,,24963,,,,,,,,,,,,,,,,,,,,,,,,,,,,,,,0,,,,
209949,209949,0.500000,UT,,,20:15:06 25-Apr-2023,,3,-23.2759,151.6670,,,,,,3.075,,,,,,,,,,,,,,,,,,,,,,,,,,,,,,0,,,,
209949,209949,0.500000,UT,,,22:30:48 25-Apr-2023,,A,-23.2705,151.7057,,,,,,,,,26.20,,,,,,,,,,,,,,,,,,,,,,,,,,,0,,,,
209949,209949,0.500000,UT,,,08:15:20 26-Apr-2023,,B,-23.2399,151.8547,,,,,,,,,26.35,,,,,,,,,,,,,,,,,,,,,,,,,,,0,,,,
209949,209949,0.500000,UT,,,10:31:10 27-Apr-2023,,B,-23.2967,151.7190,,,,,,,,,,,,,,,,,,,,,,,,,,,,,,,,,,,,0,,,,
209949,209949,0.500000,UT,,,13:42:35 27-Apr-2023,,A,-23.2778,151.7036,,,,,,,,,,,,,,,,,,,,,,,,,,,,,,,,,,,,0,,,,
209949,209949,0.500000,UT,,,13:42:50 27-Apr-2023,,A,-23.2778,151.7036,,,,,,,,,26.05,,,,,,,,,,,,,,,,,,,,,,,,,,,0,,,,
209949,209949,0.500000,UT,,,19:33:31 27-Apr-2023,,B,-23.2907,151.7061,,,,,,,,,,,,,,,,,,,,,,,,,,,,,,,,,,,,0,,,,
209949,209949,0.500000,UT,,,19:52:52 27-Apr-2023,,B,-23.2750,151.6013,,,,,,,,,,,,,,,,,,,,,,,,,,,,,,,,,,,,0,,,,
209949,209949,0.500000,UT,,,19:53:13 27-Apr-2023,,B,-23.2750,151.6013,,,,,,,,,25.95,,,,,,,,,,,,,,,,,,,,,,,,,,,0,,,,
209949,209949,0.500000,UT,,,18:30:02 28-Apr-2023,,B,-23.3114,151.5768,,,,,,,,,,,,,,,,,,,,,,,,,,,,,,,,,,,,0,,,,
209949,209949,0.500000,UT,,,19:21:05 28-Apr-2023,,B,-23.3187,151.6495,,,,,,,,,,,,,,,,,,,,,,,,,,,,,,,,,,,,0,,,,
209949,209949,0.500000,UT,,,19:30:19 28-Apr-2023,,B,-23.2731,151.6238,,,,,,,,,,,,,,,,,,,,,,,,,,,,,,,,,,,,0,,,,
209949,209949,0.500000,UT,,,20:06:25 28-Apr-2023,,B,-23.2660,151.6442,,,,,,,,,,,,,,,,,,,,,,,,,,,,,,,,,,,,0,,,,
209949,209949,0.500000,UT,,,23:46:20 29-Apr-2023,,,,,,,,,,,,,,,,,,,,,,,,,,,,,,,,,,,,,,,,0,,,,
209949,209949,0.500000,UT,,,00:39:33 30-Apr-2023,,B,-23.2846,151.6398,,,,,,,,,25.75,,,,,,,,,,,,,,,,,,,,,,,,,,,0,,,,
209949,209949,0.500000,UT,,,20:45:52 30-Apr-2023,,B,-23.2791,151.7195,,,,,,,,,,,,,,,,,,,,,,,,,,,,,,,,,,,,0,,,,
209949,209949,0.500000,UT,,,21:56:05 30-Apr-2023,,B,-23.6692,151.4925,,,,,,,,,,,,,,,,,,,,,,,,,,,,,,,,,,,,0,,,,
209949,209949,0.500000,UT,,,22:28:07 30-Apr-2023,,B,-23.6709,151.4948,,,,,,,,,,,,,,,,,,,,,,,,,,,,,,,,,,,,0,,,,
209949,209949,0.500000,UT,,,08:43:18 01-May-2023,,B,-23.7160,151.5159,,,,,,2.975,,,,,,,,,,,,,,,,,,,,,,,,,,,,,,0,,,,
209949,209949,0.500000,UT,,,23:46:25 01-May-2023,,B,-23.4805,151.5287,,,,,,,,,,,,,,,,,,,,,,,,,,,,,,,,,,,,0,,,,
209949,209949,0.500000,UT,,,23:24:30 02-May-2023,,B,-23.4017,151.5536,,,,,,,,,,,,,,,,,,,,,,,,,,,,,,,,,,,,0,,,,
209949,209949,0.500000,UT,,,20:43:06 03-May-2023,,B,-23.2814,151.6738,,,,,,,,,,,,,,,,,,,,,,,,,,,,,,,,,,,,0,,,,
209949,209949,0.500000,UT,,,11:03:23 05-May-2023,,,,,,,,,,,,,,,,,,,,,,,,,,,,,,,,,,,,,,,,0,,,,
209949,209949,0.500000,UT,,,20:54:31 05-May-2023,,B,-23.3399,151.6525,,,,,,,,,,,,,,,,,,,,,,,,,,,,,,,,,,,,0,,,,
209949,209949,0.500000,UT,,,22:33:29 05-May-2023,,B,-23.3531,151.6598,,,,,,,,,,,,,,,,,,,,,,,,,,,,,,,,,,,,0,,,,
209949,209949,0.500000,UT,,,23:02:54 05-May-2023,,B,-23.3540,151.6604,,,,,,,,,,,,,,,,,,,,,,,,,,,,,,,,,,,,0,,,,
209949,209949,0.500000,UT,,,23:05:46 06-May-2023,,B,-23.4802,151.7768,,,,,,,,,,,,,,,,,,,,,,,,,,,,,,,,,,,,0,,,,
209949,209949,0.500000,UT,,,22:11:01 07-May-2023,,0,-23.8085,151.6503,,,,,,,,,,,,,,,,,,,,,,,,,,,,,,,,,,,,0,,,,
209949,209949,0.500000,UT,,,22:11:18 07-May-2023,,0,-23.8085,151.6503,,,,,,,,,24.65,,,,,,,,,,,,,,,,,,,,,,,,,,,0,,,,
209949,209949,0.500000,UT,,,00:34:19 08-May-2023,,0,-23.7960,151.6848,,,,,,,,,,,,,,,,,,,,,,,,,,,,,,,,,,,,0,,,,
209949,209949,0.500000,UT,,,10:17:42 13-May-2023,,,,,,,,,,,,,,,,,,,,,,,,,,,,,,,,,,,,,,,,0,,,,
