"DeployID","Platform ID No.","Prg No.","Latitude","Longitude","Loc. quality","Loc. date","Loc. type","Altitude","Pass","Sat.","Mote Id","Frequency","Msg Date","Comp.","Msg","> - 120 DB","Best level","Delta freq.","Long. 1","Lat. sol. 1","Long. 2","Lat. sol. 2","Loc. idx","Nopc","Error radius","Semi-major axis","Semi-minor axis","Ellipse orientation","GDOP","SENSOR #01","SENSOR #02","SENSOR #03","SENSOR #04","SENSOR #05","SENSOR #06","SENSOR #07","SENSOR #08","SENSOR #09","SENSOR #10","SENSOR #11","SENSOR #12","SENSOR #13","SENSOR #14","SENSOR #15","SENSOR #16","SENSOR #17","SENSOR #18","SENSOR #19","SENSOR #20","SENSOR #21","SENSOR #22","SENSOR #23","SENSOR #24","SENSOR #25","SENSOR #26","SENSOR #27","SENSOR #28","SENSOR #29","SENSOR #30","SENSOR #31","SENSOR #32"
"",176405,5171,-16.77753,145.67306,3,10/18/2018 06:24:19,Argos,0,441,NP,,401677422.06,10/18/2018 06:19:41,1,18,0,-125,401677422.06,145.67306,-16.77753,145.67307,-16.77753,50,3,115,272,48,71,137,68,107,5,,,,,,,,,,,,,,,,,,,,,,,,,,,,,
"",176405,5171,-16.77753,145.67306,3,10/18/2018 06:24:19,Argos,0,441,NP,,401677422.06,10/18/2018 06:19:55,1,18,0,-125,401677422.06,145.67306,-16.77753,145.67307,-16.77753,50,3,115,272,48,71,137,93,112,131,220,168,40,58,164,105,25,61,193,86,5,165,26,1,255,255,214,161,128,0,,,,,,,,,
"",176405,5171,-16.77753,145.67306,3,10/18/2018 06:24:19,Argos,0,441,NP,,401677422.06,10/18/2018 06:21:21,1,18,0,-125,401677422.06,145.67306,-16.77753,145.67307,-16.77753,50,3,115,272,48,71,137,84,216,2,,,,,,,,,,,,,,,,,,,,,,,,,,,,,
"",176405,5171,-16.77824,145.67428,3,10/18/2018 06:24:19,Argos,0,213,NP,,401677422.84,10/18/2018 06:23:01,1,8,0,-128,401677422.84,145.67428,-16.77824,145.67429,-16.77824,50,3,144,369,55,111,280,10,0,16,,,,,,,,,,,,,,,,,,,,,,,,,,,,,
"",176405,5171,-16.77824,145.67428,3,10/18/2018 06:24:19,Argos,0,213,NP,,401677422.84,10/18/2018 06:23:15,1,8,0,-128,401677422.84,145.67428,-16.77824,145.67429,-16.77824,50,3,144,369,55,111,280,22,75,24,,,,,,,,,,,,,,,,,,,,,,,,,,,,,
"",176405,5171,-16.77824,145.67428,3,10/18/2018 06:24:19,Argos,0,213,NP,,401677422.84,10/18/2018 06:23:29,1,8,0,-128,401677422.84,145.67428,-16.77824,145.67429,-16.77824,50,3,144,369,55,111,280,79,108,5,,,,,,,,,,,,,,,,,,,,,,,,,,,,,
"",176405,5171,-16.77824,145.67428,3,10/18/2018 06:24:19,Argos,0,213,NP,,401677422.84,10/18/2018 06:23:43,1,8,0,-128,401677422.84,145.67428,-16.77824,145.67429,-16.77824,50,3,144,369,55,111,280,86,226,2,,,,,,,,,,,,,,,,,,,,,,,,,,,,,
"",176405,5171,-16.77824,145.67428,3,10/18/2018 06:24:19,Argos,0,213,NP,,401677422.84,10/18/2018 06:24:26,1,8,0,-128,401677422.84,145.67428,-16.77824,145.67429,-16.77824,50,3,144,369,55,111,280,22,75,88,,,,,,,,,,,,,,,,,,,,,,,,,,,,,
"",176405,5171,-16.77824,145.67428,3,10/18/2018 06:24:19,Argos,0,213,NP,,401677422.84,10/18/2018 06:26:06,1,8,0,-128,401677422.84,145.67428,-16.77824,145.67429,-16.77824,50,3,144,369,55,111,280,197,110,5,,,,,,,,,,,,,,,,,,,,,,,,,,,,,
"",176405,5171,-16.77824,145.67428,3,10/18/2018 06:24:19,Argos,0,213,NP,,401677422.84,10/18/2018 06:26:34,2,8,0,-128,401677422.84,145.67428,-16.77824,145.67429,-16.77824,50,3,144,369,55,111,280,99,141,0,,,,,,,,,,,,,,,,,,,,,,,,,,,,,
"",176405,5171,-16.80147,145.71544,3,10/19/2018 06:14:07,Argos,0,641,NP,,401677421.77,10/19/2018 06:07:07,1,28,0,-130,401677421.77,145.71544,-16.80147,145.71544,-16.80147,50,3,113,152,83,71,99,42,0,16,,,,,,,,,,,,,,,,,,,,,,,,,,,,,
"",176405,5171,-16.80147,145.71544,3,10/19/2018 06:14:07,Argos,0,641,NP,,401677421.77,10/19/2018 06:07:50,1,28,0,-130,401677421.77,145.71544,-16.80147,145.71544,-16.80147,50,3,113,152,83,71,99,83,163,3,,,,,,,,,,,,,,,,,,,,,,,,,,,,,
"",176405,5171,-16.80147,145.71544,3,10/19/2018 06:14:07,Argos,0,641,NP,,401677421.77,10/19/2018 06:08:47,2,28,0,-130,401677421.77,145.71544,-16.80147,145.71544,-16.80147,50,3,113,152,83,71,99,77,9,5,,,,,,,,,,,,,,,,,,,,,,,,,,,,,
"",176405,5171,-16.80147,145.71544,3,10/19/2018 06:14:07,Argos,0,641,NP,,401677421.77,10/19/2018 06:09:01,1,28,0,-130,401677421.77,145.71544,-16.80147,145.71544,-16.80147,50,3,113,152,83,71,99,84,168,3,,,,,,,,,,,,,,,,,,,,,,,,,,,,,
"",176405,5171,-16.80147,145.71544,3,10/19/2018 06:14:07,Argos,0,641,NP,,401677421.77,10/19/2018 06:09:15,2,28,0,-130,401677421.77,145.71544,-16.80147,145.71544,-16.80147,50,3,113,152,83,71,99,102,140,0,,,,,,,,,,,,,,,,,,,,,,,,,,,,,
"",176405,5171,-16.80147,145.71544,3,10/19/2018 06:14:07,Argos,0,641,NP,,401677421.77,10/19/2018 06:10:12,1,28,0,-130,401677421.77,145.71544,-16.80147,145.71544,-16.80147,50,3,113,152,83,71,99,85,173,3,,,,,,,,,,,,,,,,,,,,,,,,,,,,,
"",176405,5171,-16.80147,145.71544,3,10/19/2018 06:14:07,Argos,0,641,NP,,401677421.77,10/19/2018 06:11:09,1,28,0,-130,401677421.77,145.71544,-16.80147,145.71544,-16.80147,50,3,113,152,83,71,99,66,10,5,,,,,,,,,,,,,,,,,,,,,,,,,,,,,
"",176405,5171,-16.80147,145.71544,3,10/19/2018 06:14:07,Argos,0,641,NP,,401677421.77,10/19/2018 06:11:52,1,28,0,-130,401677421.77,145.71544,-16.80147,145.71544,-16.80147,50,3,113,152,83,71,99,109,139,0,,,,,,,,,,,,,,,,,,,,,,,,,,,,,
"",176405,5171,-16.80303,145.71829,3,10/19/2018 06:14:07,Argos,0,256,NP,,401677423.36,10/19/2018 06:12:06,1,9,0,-130,401677423.36,145.71829,-16.80303,145.71829,-16.80303,50,3,158,471,53,101,338,10,0,16,,,,,,,,,,,,,,,,,,,,,,,,,,,,,
"",176405,5171,-16.80303,145.71829,3,10/19/2018 06:14:07,Argos,0,256,NP,,401677423.36,10/19/2018 06:13:46,1,9,0,-130,401677423.36,145.71829,-16.80303,145.71829,-16.80303,50,3,158,471,53,101,338,199,11,5,,,,,,,,,,,,,,,,,,,,,,,,,,,,,
"",176405,5171,-16.80303,145.71829,3,10/19/2018 06:14:07,Argos,0,256,NP,,401677423.36,10/19/2018 06:14:00,1,9,0,-130,401677423.36,145.71829,-16.80303,145.71829,-16.80303,50,3,158,471,53,101,338,85,189,3,,,,,,,,,,,,,,,,,,,,,,,,,,,,,
"",176405,5171,-16.80303,145.71829,3,10/19/2018 06:14:07,Argos,0,256,NP,,401677423.36,10/19/2018 06:14:14,1,9,0,-130,401677423.36,145.71829,-16.80303,145.71829,-16.80303,50,3,158,471,53,101,338,102,130,181,,,,,,,,,,,,,,,,,,,,,,,,,,,,,
"",176405,5171,-16.80303,145.71829,3,10/19/2018 06:14:07,Argos,0,256,NP,,401677423.36,10/19/2018 06:14:57,1,9,0,-130,401677423.36,145.71829,-16.80303,145.71829,-16.80303,50,3,158,471,53,101,338,76,12,5,,,,,,,,,,,,,,,,,,,,,,,,,,,,,
"",176405,5171,-16.80303,145.71829,3,10/19/2018 06:14:07,Argos,0,256,NP,,401677423.36,10/19/2018 06:15:54,3,9,0,-130,401677423.36,145.71829,-16.80303,145.71829,-16.80303,50,3,158,471,53,101,338,22,75,24,,,,,,,,,,,,,,,,,,,,,,,,,,,,,
"",176405,5171,-16.80303,145.71829,3,10/19/2018 06:14:07,Argos,0,256,NP,,401677423.36,10/19/2018 06:16:22,1,9,0,-130,401677423.36,145.71829,-16.80303,145.71829,-16.80303,50,3,158,471,53,101,338,84,199,3,,,,,,,,,,,,,,,,,,,,,,,,,,,,,
"",176405,5171,-16.80147,145.71544,3,10/19/2018 06:14:07,Argos,0,641,NP,,401677421.77,10/19/2018 06:16:51,5,28,0,-130,401677421.77,145.71544,-16.80147,145.71544,-16.80147,50,3,113,152,83,71,99,10,0,16,,,,,,,,,,,,,,,,,,,,,,,,,,,,,
"",176405,5171,-16.80147,145.71544,3,10/19/2018 06:14:07,Argos,0,641,NP,,401677421.77,10/19/2018 06:17:19,2,28,0,-130,401677421.77,145.71544,-16.80147,145.71544,-16.80147,50,3,113,152,83,71,99,76,12,5,,,,,,,,,,,,,,,,,,,,,,,,,,,,,
"",176405,5171,-16.80147,145.71544,3,10/19/2018 06:14:07,Argos,0,641,NP,,401677421.77,10/19/2018 06:17:48,1,28,0,-130,401677421.77,145.71544,-16.80147,145.71544,-16.80147,50,3,113,152,83,71,99,86,205,3,,,,,,,,,,,,,,,,,,,,,,,,,,,,,
"",176405,5171,-16.46838,145.61532,B,10/20/2018 06:03:54,Argos,0,14,NP,,401677430.55,10/20/2018 06:03:47,1,2,0,-133,401677430.55,145.61532,-16.46838,145.61533,-16.46838,0,3,6670,19994,2225,70,8842,22,75,24,,,,,,,,,,,,,,,,,,,,,,,,,,,,,
"",176405,5171,-16.46838,145.61532,B,10/20/2018 06:03:54,Argos,0,14,NP,,401677430.55,10/20/2018 06:04:01,1,2,0,-133,401677430.55,145.61532,-16.46838,145.61533,-16.46838,0,3,6670,19994,2225,70,8842,77,25,5,,,,,,,,,,,,,,,,,,,,,,,,,,,,,
"",176405,5171,-16.46507,145.59724,B,10/20/2018 06:55:17,Argos,0,0,SR,,401677419.08,10/20/2018 06:55:17,1,1,0,-137,401677419.08,145.59724,-16.46507,145.59724,-16.46507,8,3,6009,15736,2294,63,8107,98,152,0,,,,,,,,,,,,,,,,,,,,,,,,,,,,,
"",176405,5171,-16.35951,145.71194,A,10/21/2018 06:30:01,Argos,0,243,SR,,401677434.19,10/21/2018 06:28:02,1,3,0,-133,401677434.19,145.71194,-16.35951,145.71194,-16.35951,0,3,655,2346,182,33,1830,84,245,133,,,,,,,,,,,,,,,,,,,,,,,,,,,,,
"",176405,5171,-16.35951,145.71194,A,10/21/2018 06:30:01,Argos,0,243,SR,,401677434.19,10/21/2018 06:29:57,1,3,0,-133,401677434.19,145.71194,-16.35951,145.71194,-16.35951,0,3,655,2346,182,33,1830,22,75,24,,,,,,,,,,,,,,,,,,,,,,,,,,,,,
"",176405,5171,-16.35951,145.71194,A,10/21/2018 06:30:01,Argos,0,243,SR,,401677434.19,10/21/2018 06:32:05,1,3,0,-133,401677434.19,145.71194,-16.35951,145.71194,-16.35951,0,3,655,2346,182,33,1830,10,0,16,,,,,,,,,,,,,,,,,,,,,,,,,,,,,
"",176405,5171,-16.91272,145.98486,B,10/24/2018 20:03:55,Argos,0,25,NK,,401677464.28,10/24/2018 20:03:43,1,2,0,-129,401677464.28,145.98486,-16.91272,145.98486,-16.91272,0,3,50740,351937,7315,90,13154,64,48,5,,,,,,,,,,,,,,,,,,,,,,,,,,,,,
"",176405,5171,-16.91272,145.98486,B,10/24/2018 20:03:55,Argos,0,25,NK,,401677464.28,10/24/2018 20:04:08,1,2,0,-129,401677464.28,145.98486,-16.91272,145.98486,-16.91272,0,3,50740,351937,7315,90,13154,32,170,224,0,0,0,0,0,0,0,0,86,255,0,0,216,170,192,0,0,0,0,0,0,32,0,43,255,17,56,144,
"",176405,5171,-16.89066,146.37817,0,10/25/2018 10:48:34,Argos,0,88,MA,,401677440.93,10/25/2018 10:48:02,1,6,0,-125,401677440.93,146.37817,-16.89066,146.37817,-16.89066,40,3,10346,114034,938,68,4492,22,75,24,,,,,,,,,,,,,,,,,,,,,,,,,,,,,
"",176405,5171,-16.87382,146.41585,3,10/25/2018 10:48:50,Argos,0,171,NN,,401677425.5,10/25/2018 10:48:32,1,6,0,-124,401677425.5,146.41585,-16.87382,146.41585,-16.87382,56,3,171,328,89,88,315,73,16,131,220,168,40,58,164,108,171,8,143,148,15,105,24,1,243,114,211,33,255,192,,,,,,,,,
"",176405,5171,-16.89066,146.37817,0,10/25/2018 10:48:34,Argos,0,88,MA,,401677440.93,10/25/2018 10:48:32,1,6,0,-125,401677440.93,146.37817,-16.89066,146.37817,-16.89066,40,3,10346,114034,938,68,4492,73,16,131,220,168,40,58,164,108,171,8,143,148,15,105,24,1,243,114,211,33,255,192,,,,,,,,,
"",176405,5171,-16.87382,146.41585,3,10/25/2018 10:48:50,Argos,0,171,NN,,401677425.5,10/25/2018 10:48:46,1,6,0,-124,401677425.5,146.41585,-16.87382,146.41585,-16.87382,56,3,171,328,89,88,315,81,181,7,,,,,,,,,,,,,,,,,,,,,,,,,,,,,
"",176405,5171,-16.89066,146.37817,0,10/25/2018 10:48:34,Argos,0,88,MA,,401677440.93,10/25/2018 10:48:46,1,6,0,-125,401677440.93,146.37817,-16.89066,146.37817,-16.89066,40,3,10346,114034,938,68,4492,81,181,7,,,,,,,,,,,,,,,,,,,,,,,,,,,,,
"",176405,5171,-16.89066,146.37817,0,10/25/2018 10:48:34,Argos,0,88,MA,,401677440.93,10/25/2018 10:49:02,1,6,0,-125,401677440.93,146.37817,-16.89066,146.37817,-16.89066,40,3,10346,114034,938,68,4492,102,141,12,,,,,,,,,,,,,,,,,,,,,,,,,,,,,
"",176405,5171,-16.87382,146.41585,3,10/25/2018 10:48:50,Argos,0,171,NN,,401677425.5,10/25/2018 10:49:16,2,6,0,-124,401677425.5,146.41585,-16.87382,146.41585,-16.87382,56,3,171,328,89,88,315,10,0,16,,,,,,,,,,,,,,,,,,,,,,,,,,,,,
"",176405,5171,-16.89066,146.37817,0,10/25/2018 10:48:34,Argos,0,88,MA,,401677440.93,10/25/2018 10:49:16,2,6,0,-125,401677440.93,146.37817,-16.89066,146.37817,-16.89066,40,3,10346,114034,938,68,4492,10,0,16,,,,,,,,,,,,,,,,,,,,,,,,,,,,,
"",176405,5171,-16.87382,146.41585,3,10/25/2018 10:48:50,Argos,0,171,NN,,401677425.5,10/25/2018 10:50:39,2,6,0,-124,401677425.5,146.41585,-16.87382,146.41585,-16.87382,56,3,171,328,89,88,315,22,75,24,,,,,,,,,,,,,,,,,,,,,,,,,,,,,
"",176405,5171,-16.931,146.50832,3,10/25/2018 21:22:37,Argos,0,261,NK,,401677435.78,10/25/2018 21:20:25,1,9,0,-120,401677435.78,146.50832,-16.931,146.50832,-16.931,58,3,217,370,127,152,214,87,196,7,,,,,,,,,,,,,,,,,,,,,,,,,,,,,
"",176405,5171,-16.931,146.50832,3,10/25/2018 21:22:37,Argos,0,261,NK,,401677435.78,10/25/2018 21:20:43,1,9,0,-120,401677435.78,146.50832,-16.931,146.50832,-16.931,58,3,217,370,127,152,214,109,139,0,,,,,,,,,,,,,,,,,,,,,,,,,,,,,
"",176405,5171,-16.931,146.50832,3,10/25/2018 21:22:37,Argos,0,261,NK,,401677435.78,10/25/2018 21:21:00,1,9,0,-120,401677435.78,146.50832,-16.931,146.50832,-16.931,58,3,217,370,127,152,214,10,16,16,,,,,,,,,,,,,,,,,,,,,,,,,,,,,
"",176405,5171,-16.931,146.50832,3,10/25/2018 21:22:37,Argos,0,261,NK,,401677435.78,10/25/2018 21:22:16,1,9,0,-120,401677435.78,146.50832,-16.931,146.50832,-16.931,58,3,217,370,127,152,214,94,201,7,,,,,,,,,,,,,,,,,,,,,,,,,,,,,
"",176405,5171,-16.931,146.50832,3,10/25/2018 21:22:37,Argos,0,261,NK,,401677435.78,10/25/2018 21:22:34,1,9,0,-120,401677435.78,146.50832,-16.931,146.50832,-16.931,58,3,217,370,127,152,214,102,140,0,,,,,,,,,,,,,,,,,,,,,,,,,,,,,
"",176405,5171,-16.931,146.50832,3,10/25/2018 21:22:37,Argos,0,261,NK,,401677435.78,10/25/2018 21:23:23,1,9,0,-120,401677435.78,146.50832,-16.931,146.50832,-16.931,58,3,217,370,127,152,214,22,75,24,,,,,,,,,,,,,,,,,,,,,,,,,,,,,
"",176405,5171,-16.931,146.50832,3,10/25/2018 21:22:37,Argos,0,261,NK,,401677435.78,10/25/2018 21:23:59,1,9,0,-120,401677435.78,146.50832,-16.931,146.50832,-16.931,58,3,217,370,127,152,214,64,80,131,220,168,40,58,164,108,149,40,210,146,127,140,51,159,25,116,181,131,193,31,,,,,,,,,
"",176405,5171,-16.931,146.50832,3,10/25/2018 21:22:37,Argos,0,261,NK,,401677435.78,10/25/2018 21:24:29,1,9,0,-120,401677435.78,146.50832,-16.931,146.50832,-16.931,58,3,217,370,127,152,214,64,48,5,,,,,,,,,,,,,,,,,,,,,,,,,,,,,
"",176405,5171,-16.931,146.50832,3,10/25/2018 21:22:37,Argos,0,261,NK,,401677435.78,10/25/2018 21:24:46,1,9,0,-120,401677435.78,146.50832,-16.931,146.50832,-16.931,58,3,217,370,127,152,214,80,207,7,,,,,,,,,,,,,,,,,,,,,,,,,,,,,
"",176405,5171,-16.96346,146.49185,B,10/26/2018 08:09:34,Argos,0,27,NP,,401677440.67,10/26/2018 08:09:20,1,2,0,-133,401677440.67,146.49185,-16.96346,146.49185,-16.96346,8,3,4849,9976,2356,94,6263,32,171,32,0,0,0,0,1,4,4,7,21,255,0,0,125,171,0,0,0,0,0,0,0,0,0,72,255,0,8,234,
"",176405,5171,-16.95605,146.44938,B,10/26/2018 08:09:34,Argos,0,27,NK,,401677431.27,10/26/2018 08:09:20,1,2,0,-130,401677431.27,146.44938,-16.95605,146.44939,-16.95605,0,3,1413,2280,875,36,3316,32,171,32,0,0,0,0,1,4,4,7,21,255,0,0,125,171,0,0,0,0,0,0,0,0,0,72,255,0,0,106,
"",176405,5171,-16.96346,146.49185,B,10/26/2018 08:09:34,Argos,0,27,NP,,401677440.67,10/26/2018 08:09:48,1,2,0,-133,401677440.67,146.49185,-16.96346,146.49185,-16.96346,8,3,4849,9976,2356,94,6263,10,0,16,,,,,,,,,,,,,,,,,,,,,,,,,,,,,
"",176405,5171,-16.95605,146.44938,B,10/26/2018 08:09:34,Argos,0,27,NK,,401677431.27,10/26/2018 08:09:48,1,2,0,-130,401677431.27,146.44938,-16.95605,146.44939,-16.95605,0,3,1413,2280,875,36,3316,10,0,16,,,,,,,,,,,,,,,,,,,,,,,,,,,,,
"",176405,5171,,,,,,,0,NP,,401650000,10/28/2018 06:03:56,1,1,0,-133,401650000,,,,,,,,,,,,22,75,24,,,,,,,,,,,,,,,,,,,,,,,,,,,,,
"",176405,5171,-16.92646,146.44295,B,10/28/2018 07:45:40,Argos,0,40,SR,,401677431.76,10/28/2018 07:45:20,1,2,0,-135,401677431.76,146.44295,-16.92646,146.44295,-16.92646,0,3,5284,29376,950,78,14944,80,43,8,,,,,,,,,,,,,,,,,,,,,,,,,,,,,
"",176405,5171,-16.93902,146.41178,B,10/28/2018 07:45:40,Argos,0,40,NP,,401677438.49,10/28/2018 07:45:20,1,2,0,-131,401677438.49,146.41178,-16.93902,146.41177,-16.93902,0,3,3558,26482,478,73,10060,80,43,8,,,,,,,,,,,,,,,,,,,,,,,,,,,,,
"",176405,5171,-16.92646,146.44295,B,10/28/2018 07:45:40,Argos,0,40,SR,,401677431.76,10/28/2018 07:46:00,1,2,0,-135,401677431.76,146.44295,-16.92646,146.44295,-16.92646,0,3,5284,29376,950,78,14944,10,0,16,,,,,,,,,,,,,,,,,,,,,,,,,,,,,
"",176405,5171,-16.93902,146.41178,B,10/28/2018 07:45:40,Argos,0,40,NP,,401677438.49,10/28/2018 07:46:00,1,2,0,-131,401677438.49,146.41178,-16.93902,146.41177,-16.93902,0,3,3558,26482,478,73,10060,10,0,16,,,,,,,,,,,,,,,,,,,,,,,,,,,,,
"",176405,5171,,,,,,,0,MA,,401650000,10/29/2018 22:20:18,1,1,0,-134,401650000,,,,,,,,,,,,77,41,5,,,,,,,,,,,,,,,,,,,,,,,,,,,,,
"",176405,5171,-16.74129,146.11054,1,10/30/2018 21:00:44,Argos,0,0,NK,,401650000,10/30/2018 20:52:51,1,1,0,-133,401650000,146.11054,-16.74129,146.11053,-16.74129,56,3,1017,7017,147,94,708,102,140,0,,,,,,,,,,,,,,,,,,,,,,,,,,,,,
"",176405,5171,-16.65315,146.36357,B,10/30/2018 20:52:50,Argos,0,297,SR,,401677396.3,10/30/2018 20:52:51,1,2,0,-129,401677396.3,146.36357,-16.65315,146.36357,-16.65315,0,3,7509,469535,120,73,7629,102,140,0,,,,,,,,,,,,,,,,,,,,,,,,,,,,,
"",176405,5171,-16.65315,146.36357,B,10/30/2018 20:52:50,Argos,0,297,SR,,401677396.3,10/30/2018 20:57:48,1,2,0,-129,401677396.3,146.36357,-16.65315,146.36357,-16.65315,0,3,7509,469535,120,73,7629,10,20,16,,,,,,,,,,,,,,,,,,,,,,,,,,,,,
"",176405,5171,-16.74193,146.09718,1,10/30/2018 21:02:26,Argos,0,14,NN,,401677442.48,10/30/2018 21:02:19,1,2,0,-133,401677442.48,146.09718,-16.74193,,,56,3,1281,2349,698,101,726,22,75,24,,,,,,,,,,,,,,,,,,,,,,,,,,,,,
"",176405,5171,-16.74129,146.11054,1,10/30/2018 21:00:44,Argos,0,0,NK,,401650000,10/30/2018 21:02:19,1,1,0,-133,401650000,146.11054,-16.74129,146.11053,-16.74129,56,3,1017,7017,147,94,708,22,75,24,,,,,,,,,,,,,,,,,,,,,,,,,,,,,
"",176405,5171,-16.74193,146.09718,1,10/30/2018 21:02:26,Argos,0,14,NN,,401677442.48,10/30/2018 21:02:33,1,2,0,-133,401677442.48,146.09718,-16.74193,,,56,3,1281,2349,698,101,726,67,64,5,,,,,,,,,,,,,,,,,,,,,,,,,,,,,
"",176405,5171,-16.74129,146.11054,1,10/30/2018 21:00:44,Argos,0,0,NK,,401650000,10/30/2018 21:02:33,1,1,0,-133,401650000,146.11054,-16.74129,146.11053,-16.74129,56,3,1017,7017,147,94,708,67,64,5,,,,,,,,,,,,,,,,,,,,,,,,,,,,,
"",176405,5171,-16.74129,146.11054,1,10/30/2018 21:00:44,Argos,0,0,NK,,401650000,10/30/2018 21:02:56,1,1,0,-133,401650000,146.11054,-16.74129,146.11053,-16.74129,56,3,1017,7017,147,94,708,89,136,8,,,,,,,,,,,,,,,,,,,,,,,,,,,,,
"",176405,5171,-16.74193,146.09718,1,10/30/2018 21:02:26,Argos,0,14,NN,,401677442.48,10/30/2018 21:02:56,1,2,0,-133,401677442.48,146.09718,-16.74193,,,56,3,1281,2349,698,101,726,89,136,8,,,,,,,,,,,,,,,,,,,,,,,,,,,,,
"",176405,5171,-16.74129,146.11054,1,10/30/2018 21:00:44,Argos,0,0,NK,,401650000,10/30/2018 21:03:10,1,1,0,-133,401650000,146.11054,-16.74129,146.11053,-16.74129,56,3,1017,7017,147,94,708,109,139,0,,,,,,,,,,,,,,,,,,,,,,,,,,,,,
"",176405,5171,-16.74193,146.09718,1,10/30/2018 21:02:26,Argos,0,14,NN,,401677442.48,10/30/2018 21:03:10,1,2,0,-133,401677442.48,146.09718,-16.74193,,,56,3,1281,2349,698,101,726,109,139,0,,,,,,,,,,,,,,,,,,,,,,,,,,,,,
"",176405,5171,-16.74129,146.11054,1,10/30/2018 21:00:44,Argos,0,0,NK,,401650000,10/30/2018 21:03:33,2,1,0,-133,401650000,146.11054,-16.74129,146.11053,-16.74129,56,3,1017,7017,147,94,708,10,0,16,,,,,,,,,,,,,,,,,,,,,,,,,,,,,
"",176405,5171,-16.74193,146.09718,1,10/30/2018 21:02:26,Argos,0,14,NN,,401677442.48,10/30/2018 21:03:33,1,2,0,-133,401677442.48,146.09718,-16.74193,,,56,3,1281,2349,698,101,726,10,0,16,,,,,,,,,,,,,,,,,,,,,,,,,,,,,
"",176405,5171,-16.49853,146.2179,B,10/31/2018 20:20:27,Argos,0,0,SR,,401677502.2,10/31/2018 20:20:28,1,1,0,-126,401677502.2,146.2179,-16.49853,146.2179,-16.49853,0,3,21834,96557,4937,79,10530,10,0,16,,,,,,,,,,,,,,,,,,,,,,,,,,,,,
"",176405,5171,-16.49853,146.2179,B,10/31/2018 20:20:27,Argos,0,0,SR,,401677502.2,10/31/2018 20:20:57,1,1,0,-126,401677502.2,146.2179,-16.49853,146.2179,-16.49853,0,3,21834,96557,4937,79,10530,22,75,24,,,,,,,,,,,,,,,,,,,,,,,,,,,,,
"",176405,5171,-16.37721,146.02395,B,11/01/2018 19:55:56,Argos,0,0,SR,,401677467.31,11/01/2018 19:55:56,1,1,0,-136,401677467.31,146.02395,-16.37721,146.02396,-16.37721,0,2,54851,71647,41992,45,14634,103,140,0,,,,,,,,,,,,,,,,,,,,,,,,,,,,,
"",176405,5171,-16.44815,145.97346,B,11/02/2018 06:48:02,Argos,0,0,NP,,401677451.48,11/02/2018 06:48:03,1,1,0,-134,401677451.48,145.97346,-16.44815,145.97346,-16.44815,8,3,140327,183212,107479,62,17528,10,0,16,,,,,,,,,,,,,,,,,,,,,,,,,,,,,
"",176405,5171,-16.36041,145.97081,B,11/02/2018 13:04:20,Argos,0,0,MA,,401677449.17,11/02/2018 13:04:21,1,1,0,-129,401677449.17,145.97081,-16.36041,145.97081,-16.36041,8,2,98064,205882,46709,62,17322,68,52,5,,,,,,,,,,,,,,,,,,,,,,,,,,,,,
"",176405,5171,-16.31461,145.98107,B,11/02/2018 19:19:25,Argos,0,0,SR,,401677451.44,11/02/2018 19:19:25,1,1,0,-135,401677451.44,145.98107,-16.31461,145.98106,-16.31461,8,3,5532,9984,3065,79,15647,94,2,9,,,,,,,,,,,,,,,,,,,,,,,,,,,,,
"",176405,5171,-16.2781,145.9842,B,11/02/2018 19:38:19,Argos,0,0,NK,,401677427.14,11/02/2018 19:38:19,1,1,0,-132,401677427.14,145.9842,-16.2781,145.9842,-16.2781,6,3,5029,24548,1030,80,14221,10,0,16,,,,,,,,,,,,,,,,,,,,,,,,,,,,,
"",176405,5171,-16.28326,145.98878,B,11/02/2018 19:46:48,Argos,0,0,NP,,401677431.97,11/02/2018 19:46:48,1,1,0,-134,401677431.97,145.98878,-16.28326,145.98878,-16.28326,6,3,5020,25884,973,82,14198,81,17,9,,,,,,,,,,,,,,,,,,,,,,,,,,,,,
"",176405,5171,-16.3019,145.95254,B,11/02/2018 22:04:57,Argos,0,205,NN,,401677433.04,11/02/2018 22:03:15,1,2,0,-129,401677433.04,145.95254,-16.3019,145.95255,-16.3019,8,3,4561,124931,166,89,12897,67,64,5,,,,,,,,,,,,,,,,,,,,,,,,,,,,,
"",176405,5171,-16.3019,145.95254,B,11/02/2018 22:04:57,Argos,0,205,NN,,401677433.04,11/02/2018 22:06:40,1,2,0,-129,401677433.04,145.95254,-16.3019,145.95255,-16.3019,8,3,4561,124931,166,89,12897,81,33,9,,,,,,,,,,,,,,,,,,,,,,,,,,,,,
"",176405,5171,-16.36574,145.89943,B,11/03/2018 08:00:59,Argos,0,0,SR,,401677454.4,11/03/2018 08:01:00,1,1,0,-121,401677454.4,145.89943,-16.36574,145.89943,-16.36574,8,3,4796,17230,1335,99,13565,71,68,5,,,,,,,,,,,,,,,,,,,,,,,,,,,,,
"",176405,5171,-16.36082,145.70504,B,11/04/2018 07:28:04,Argos,0,0,SR,,401677450.06,11/04/2018 07:28:05,1,1,0,-133,401677450.06,145.70504,-16.36082,145.70505,-16.36082,0,2,5916,9032,3875,76,16733,84,111,9,,,,,,,,,,,,,,,,,,,,,,,,,,,,,
"",176405,5171,-16.38081,145.73902,A,11/04/2018 08:06:44,Argos,0,205,NP,,401677427.82,11/04/2018 08:05:09,1,3,0,-131,401677427.82,145.73902,-16.38081,145.73901,-16.38081,8,3,1256,5506,286,121,1835,81,100,31,,,,,,,,,,,,,,,,,,,,,,,,,,,,,
"",176405,5171,-16.38081,145.73902,A,11/04/2018 08:06:44,Argos,0,205,NP,,401677427.82,11/04/2018 08:06:31,1,3,0,-131,401677427.82,145.73902,-16.38081,145.73901,-16.38081,8,3,1256,5506,286,121,1835,237,139,0,,,,,,,,,,,,,,,,,,,,,,,,,,,,,
"",176405,5171,-16.38081,145.73902,A,11/04/2018 08:06:44,Argos,0,205,NP,,401677427.82,11/04/2018 08:08:34,1,3,0,-131,401677427.82,145.73902,-16.38081,145.73901,-16.38081,8,3,1256,5506,286,121,1835,10,128,17,,,,,,,,,,,,,,,,,,,,,,,,,,,,,
"",176405,5171,-16.39854,145.72688,B,11/04/2018 09:08:35,Argos,0,0,SR,,401677427.88,11/04/2018 09:08:36,1,1,0,-130,401677427.88,145.72688,-16.39854,145.72688,-16.39854,8,3,2363,3252,1717,115,3469,22,75,24,,,,,,,,,,,,,,,,,,,,,,,,,,,,,
"",176405,5171,-16.38348,145.73334,B,11/04/2018 09:25:35,Argos,0,0,NK,,401677440.3,11/04/2018 09:25:35,1,1,0,-132,401677440.3,145.73334,-16.38348,145.73334,-16.38348,6,3,1743,3284,925,92,3614,78,176,131,220,168,40,58,164,98,37,152,213,95,72,234,7,2,95,101,156,34,149,196,,,,,,,,,
"",176405,5171,-16.33463,145.73846,B,11/04/2018 12:22:14,Argos,0,44,MA,,401677440.25,11/04/2018 12:21:52,1,2,0,-121,401677440.25,145.73846,-16.33463,145.73846,-16.33463,8,3,2634,17260,401,100,4230,70,62,5,,,,,,,,,,,,,,,,,,,,,,,,,,,,,
"",176405,5171,-16.33463,145.73846,B,11/04/2018 12:22:14,Argos,0,44,MA,,401677440.25,11/04/2018 12:22:37,1,2,0,-121,401677440.25,145.73846,-16.33463,145.73846,-16.33463,8,3,2634,17260,401,100,4230,86,148,9,,,,,,,,,,,,,,,,,,,,,,,,,,,,,
"",176405,5171,,,,,,,0,SR,,401650000,11/06/2018 08:14:27,1,1,0,-131,401650000,,,,,,,,,,,,22,75,24,,,,,,,,,,,,,,,,,,,,,,,,,,,,,
"",176405,5171,-16.40408,145.812,3,11/08/2018 18:30:50,Argos,0,699,NP,,401677429.55,11/08/2018 18:28:56,1,38,0,-124,401677429.55,145.812,-16.40408,,,50,3,186,1356,25,104,135,75,88,5,,,,,,,,,,,,,,,,,,,,,,,,,,,,,
"",176405,5171,-16.40408,145.812,3,11/08/2018 18:30:50,Argos,0,699,NP,,401677429.55,11/08/2018 18:29:10,1,38,0,-124,401677429.55,145.812,-16.40408,,,50,3,186,1356,25,104,135,83,235,10,,,,,,,,,,,,,,,,,,,,,,,,,,,,,
"",176405,5171,-16.40408,145.812,3,11/08/2018 18:30:50,Argos,0,699,NP,,401677429.55,11/08/2018 18:30:36,1,38,0,-124,401677429.55,145.812,-16.40408,,,50,3,186,1356,25,104,135,81,241,10,,,,,,,,,,,,,,,,,,,,,,,,,,,,,
"",176405,5171,-16.40408,145.812,3,11/08/2018 18:30:50,Argos,0,699,NP,,401677429.55,11/08/2018 18:31:33,2,38,0,-124,401677429.55,145.812,-16.40408,,,50,3,186,1356,25,104,135,78,89,5,,,,,,,,,,,,,,,,,,,,,,,,,,,,,
"",176405,5171,-16.40408,145.812,3,11/08/2018 18:30:50,Argos,0,699,NP,,401677429.55,11/08/2018 18:31:48,1,38,0,-124,401677429.55,145.812,-16.40408,,,50,3,186,1356,25,104,135,90,246,10,,,,,,,,,,,,,,,,,,,,,,,,,,,,,
"",176405,5171,-16.40408,145.812,3,11/08/2018 18:30:50,Argos,0,699,NP,,401677429.55,11/08/2018 18:33:43,1,38,0,-124,401677429.55,145.812,-16.40408,,,50,3,186,1356,25,104,135,83,251,10,,,,,,,,,,,,,,,,,,,,,,,,,,,,,
"",176405,5171,-16.40408,145.812,3,11/08/2018 18:30:50,Argos,0,699,NP,,401677429.55,11/08/2018 18:34:40,1,38,0,-124,401677429.55,145.812,-16.40408,,,50,3,186,1356,25,104,135,74,93,5,,,,,,,,,,,,,,,,,,,,,,,,,,,,,
"",176405,5171,-16.40408,145.812,3,11/08/2018 18:30:50,Argos,0,699,NP,,401677429.55,11/08/2018 18:34:54,1,38,0,-124,401677429.55,145.812,-16.40408,,,50,3,186,1356,25,104,135,82,0,11,,,,,,,,,,,,,,,,,,,,,,,,,,,,,
"",176405,5171,-16.40408,145.812,3,11/08/2018 18:30:50,Argos,0,699,NP,,401677429.55,11/08/2018 18:35:09,4,38,0,-124,401677429.55,145.812,-16.40408,,,50,3,186,1356,25,104,135,109,139,0,,,,,,,,,,,,,,,,,,,,,,,,,,,,,
"",176405,5171,-16.40408,145.812,3,11/08/2018 18:30:50,Argos,0,699,NP,,401677429.55,11/08/2018 18:36:17,1,38,0,-124,401677429.55,145.812,-16.40408,,,50,3,186,1356,25,104,135,83,5,11,,,,,,,,,,,,,,,,,,,,,,,,,,,,,
"",176405,5171,-16.40408,145.812,3,11/08/2018 18:30:50,Argos,0,699,NP,,401677429.55,11/08/2018 18:36:45,1,38,0,-124,401677429.55,145.812,-16.40408,,,50,3,186,1356,25,104,135,109,139,1,,,,,,,,,,,,,,,,,,,,,,,,,,,,,
"",176405,5171,-16.40408,145.812,3,11/08/2018 18:30:50,Argos,0,699,NP,,401677429.55,11/08/2018 18:37:43,1,38,0,-124,401677429.55,145.812,-16.40408,,,50,3,186,1356,25,104,135,85,11,11,,,,,,,,,,,,,,,,,,,,,,,,,,,,,
"",176405,5171,-16.40408,145.812,3,11/08/2018 18:30:50,Argos,0,699,NP,,401677429.55,11/08/2018 18:38:26,6,38,0,-124,401677429.55,145.812,-16.40408,,,50,3,186,1356,25,104,135,22,75,24,,,,,,,,,,,,,,,,,,,,,,,,,,,,,
"",176405,5171,-16.40408,145.812,3,11/08/2018 18:30:50,Argos,0,699,NP,,401677429.55,11/08/2018 18:38:40,3,38,0,-124,401677429.55,145.812,-16.40408,,,50,3,186,1356,25,104,135,65,90,5,,,,,,,,,,,,,,,,,,,,,,,,,,,,,
"",176405,5171,-16.40408,145.812,3,11/08/2018 18:30:50,Argos,0,699,NP,,401677429.55,11/08/2018 18:38:54,1,38,0,-124,401677429.55,145.812,-16.40408,,,50,3,186,1356,25,104,135,82,16,11,,,,,,,,,,,,,,,,,,,,,,,,,,,,,
"",176405,5171,-16.40408,145.812,3,11/08/2018 18:30:50,Argos,0,699,NP,,401677429.55,11/08/2018 18:39:09,3,38,0,-124,401677429.55,145.812,-16.40408,,,50,3,186,1356,25,104,135,104,138,0,,,,,,,,,,,,,,,,,,,,,,,,,,,,,
"",176405,5171,-16.40408,145.812,3,11/08/2018 18:30:50,Argos,0,699,NP,,401677429.55,11/08/2018 18:39:23,7,38,0,-124,401677429.55,145.812,-16.40408,,,50,3,186,1356,25,104,135,10,0,16,,,,,,,,,,,,,,,,,,,,,,,,,,,,,
"",176405,5171,-16.40408,145.812,3,11/08/2018 18:30:50,Argos,0,699,NP,,401677429.55,11/08/2018 18:39:53,1,38,0,-124,401677429.55,145.812,-16.40408,,,50,3,186,1356,25,104,135,75,88,1,,,,,,,,,,,,,,,,,,,,,,,,,,,,,
"",176405,5171,-16.40408,145.812,3,11/08/2018 18:30:50,Argos,0,699,NP,,401677429.55,11/08/2018 18:40:07,1,38,0,-124,401677429.55,145.812,-16.40408,,,50,3,186,1356,25,104,135,83,21,11,,,,,,,,,,,,,,,,,,,,,,,,,,,,,
"",176405,5171,-16.40408,145.812,3,11/08/2018 18:30:50,Argos,0,699,NP,,401677429.55,11/08/2018 18:40:39,8,38,0,-124,401677429.55,145.812,-16.40408,,,50,3,186,1356,25,104,135,10,0,16,,,,,,,,,,,,,,,,,,,,,,,,,,,,,
"",176405,5171,-16.40408,145.812,3,11/08/2018 18:30:50,Argos,0,699,NP,,401677429.55,11/08/2018 18:41:17,3,38,0,-124,401677429.55,145.812,-16.40408,,,50,3,186,1356,25,104,135,78,89,5,,,,,,,,,,,,,,,,,,,,,,,,,,,,,
"",176405,5171,-16.40408,145.812,3,11/08/2018 18:30:50,Argos,0,699,NP,,401677429.55,11/08/2018 18:41:37,1,38,0,-124,401677429.55,145.812,-16.40408,,,50,3,186,1356,25,104,135,80,26,11,,,,,,,,,,,,,,,,,,,,,,,,,,,,,
"",176405,5171,-16.41134,145.78749,B,11/08/2018 22:40:27,Argos,0,0,NN,,401677424.16,11/08/2018 22:40:28,1,1,0,-132,401677424.16,145.78749,-16.41134,145.78749,-16.41134,8,2,5570,10997,2821,97,4892,65,90,5,,,,,,,,,,,,,,,,,,,,,,,,,,,,,
"",176405,5171,-16.44343,145.74752,B,11/09/2018 07:04:40,Argos,0,0,NP,,401677426.72,11/09/2018 07:04:41,1,1,0,-136,401677426.72,145.74752,-16.44343,145.74751,-16.44343,8,3,11607,15525,8678,88,10326,10,0,16,,,,,,,,,,,,,,,,,,,,,,,,,,,,,
"",176405,5171,-16.47173,145.69811,B,11/09/2018 18:30:38,Argos,0,0,NP,,401677422.71,11/09/2018 18:30:39,1,1,0,-138,401677422.71,145.69811,-16.47173,145.6981,-16.47173,8,3,18460,25674,13272,64,16627,22,75,24,,,,,,,,,,,,,,,,,,,,,,,,,,,,,
"",176405,5171,-16.4358,145.78206,0,11/09/2018 20:36:09,Argos,0,128,SR,,401677429.96,11/09/2018 20:35:11,1,7,0,-127,401677429.96,145.78206,-16.4358,145.78206,-16.4358,58,2,4223,86483,206,49,11944,78,73,5,,,,,,,,,,,,,,,,,,,,,,,,,,,,,
"",176405,5171,-16.4358,145.78206,0,11/09/2018 20:36:09,Argos,0,128,SR,,401677429.96,11/09/2018 20:35:26,1,7,0,-127,401677429.96,145.78206,-16.4358,145.78206,-16.4358,58,2,4223,86483,206,49,11944,80,219,11,,,,,,,,,,,,,,,,,,,,,,,,,,,,,
"",176405,5171,-16.4358,145.78206,0,11/09/2018 20:36:09,Argos,0,128,SR,,401677429.96,11/09/2018 20:35:46,1,7,0,-127,401677429.96,145.78206,-16.4358,145.78206,-16.4358,58,2,4223,86483,206,49,11944,109,139,0,,,,,,,,,,,,,,,,,,,,,,,,,,,,,
"",176405,5171,-16.4358,145.78206,0,11/09/2018 20:36:09,Argos,0,128,SR,,401677429.96,11/09/2018 20:36:05,1,7,0,-127,401677429.96,145.78206,-16.4358,145.78206,-16.4358,58,2,4223,86483,206,49,11944,10,0,16,,,,,,,,,,,,,,,,,,,,,,,,,,,,,
"",176405,5171,-16.4358,145.78206,0,11/09/2018 20:36:09,Argos,0,128,SR,,401677429.96,11/09/2018 20:36:31,1,7,0,-127,401677429.96,145.78206,-16.4358,145.78206,-16.4358,58,2,4223,86483,206,49,11944,22,75,24,,,,,,,,,,,,,,,,,,,,,,,,,,,,,
"",176405,5171,-16.4358,145.78206,0,11/09/2018 20:36:09,Argos,0,128,SR,,401677429.96,11/09/2018 20:36:52,1,7,0,-127,401677429.96,145.78206,-16.4358,145.78206,-16.4358,58,2,4223,86483,206,49,11944,68,75,5,,,,,,,,,,,,,,,,,,,,,,,,,,,,,
"",176405,5171,-16.4358,145.78206,0,11/09/2018 20:36:09,Argos,0,128,SR,,401677429.96,11/09/2018 20:37:19,1,7,0,-127,401677429.96,145.78206,-16.4358,145.78206,-16.4358,58,2,4223,86483,206,49,11944,87,224,11,,,,,,,,,,,,,,,,,,,,,,,,,,,,,
"",176405,5171,-16.41642,145.80873,B,11/09/2018 22:28:57,Argos,0,0,NN,,401677429.73,11/09/2018 22:28:58,1,1,0,-128,401677429.73,145.80873,-16.41642,145.80873,-16.41642,8,3,1735,3832,785,79,4898,10,0,16,,,,,,,,,,,,,,,,,,,,,,,,,,,,,
"",176405,5171,-16.35962,145.69479,B,11/10/2018 07:40:09,Argos,0,530,SR,,401677430.9,11/10/2018 07:40:10,1,2,0,-131,401677430.9,145.69479,-16.35962,145.6948,-16.35962,8,3,2450,38514,155,19,6924,95,48,131,196,175,73,159,32,100,166,16,14,251,116,26,68,82,230,16,195,125,137,56,,,,,,,,,
"",176405,5171,-16.35962,145.69479,B,11/10/2018 07:40:09,Argos,0,530,SR,,401677430.9,11/10/2018 07:49:00,1,2,0,-131,401677430.9,145.69479,-16.35962,145.6948,-16.35962,8,3,2450,38514,155,19,6924,22,75,24,,,,,,,,,,,,,,,,,,,,,,,,,,,,,
"",176405,5171,-16.38097,145.68746,B,11/10/2018 08:36:58,Argos,0,0,NP,,401677421.85,11/10/2018 08:36:58,1,1,0,-137,401677421.85,145.68746,-16.38097,145.68745,-16.38097,8,3,2408,7373,786,22,6805,88,23,12,,,,,,,,,,,,,,,,,,,,,,,,,,,,,
"",176405,5171,-16.4171,145.68093,A,11/10/2018 08:38:48,Argos,0,184,NK,,401677430.48,11/10/2018 08:36:58,1,3,0,-132,401677430.48,145.68093,-16.4171,145.68092,-16.4171,6,3,506,3300,77,79,1400,88,23,12,,,,,,,,,,,,,,,,,,,,,,,,,,,,,
"",176405,5171,-16.38551,145.68607,B,11/10/2018 08:38:48,Argos,0,0,NK,,401677427.06,11/10/2018 08:38:48,1,1,0,-133,401677427.06,145.68607,-16.38551,145.68607,-16.38551,6,3,2317,6673,804,23,6549,22,75,24,,,,,,,,,,,,,,,,,,,,,,,,,,,,,
"",176405,5171,-16.40088,145.70902,A,11/10/2018 19:40:23,Argos,0,160,NK,,401677424.31,11/10/2018 19:38:41,1,3,0,-133,401677424.31,145.70902,-16.40088,145.70901,-16.40088,8,3,1447,14523,144,157,4083,66,58,5,,,,,,,,,,,,,,,,,,,,,,,,,,,,,
"",176405,5171,-16.40088,145.70902,A,11/10/2018 19:40:23,Argos,0,160,NK,,401677424.31,11/10/2018 19:41:07,1,3,0,-133,401677424.31,145.70902,-16.40088,145.70901,-16.40088,8,3,1447,14523,144,157,4083,10,0,16,,,,,,,,,,,,,,,,,,,,,,,,,,,,,
"",176405,5171,-16.40088,145.70902,A,11/10/2018 19:40:23,Argos,0,160,NK,,401677424.31,11/10/2018 19:41:21,1,3,0,-133,401677424.31,145.70902,-16.40088,145.70901,-16.40088,8,3,1447,14523,144,157,4083,22,75,24,,,,,,,,,,,,,,,,,,,,,,,,,,,,,
"",176405,5171,-16.40104,145.67146,B,11/10/2018 19:53:04,Argos,0,0,NP,,401677418.49,11/10/2018 19:53:05,1,1,0,-135,401677418.49,145.67146,-16.40104,145.67146,-16.40104,8,3,3052,4892,1904,92,8629,10,0,16,,,,,,,,,,,,,,,,,,,,,,,,,,,,,
"",176405,5171,,,,,,,0,NN,,401650000,11/11/2018 22:05:59,1,1,0,-130,401650000,,,,,,,,,,,,32,173,64,0,0,0,0,0,0,0,0,0,255,154,0,137,173,32,0,0,0,0,0,0,0,0,0,255,191,12,71,
"",176405,5171,,,,,,,0,MA,,401650000,11/12/2018 11:12:39,1,1,0,-128,401650000,,,,,,,,,,,,10,0,16,,,,,,,,,,,,,,,,,,,,,,,,,,,,,
"",176405,5171,,,,,,,0,MA,,401650000,11/13/2018 23:42:41,1,1,0,-127,401650000,,,,,,,,,,,,102,140,0,,,,,,,,,,,,,,,,,,,,,,,,,,,,,
"",176405,5171,,,,,,,0,SR,,401650000,11/14/2018 07:13:58,1,1,0,-138,401650000,,,,,,,,,,,,77,240,134,222,231,96,131,109,237,157,79,238,254,164,117,24,207,134,114,147,52,44,247,,,,,,,,,
"",176405,5171,-16.27146,145.68279,B,11/14/2018 07:49:08,Argos,0,21,NP,,401677411.73,11/14/2018 07:48:58,1,2,0,-132,401677411.73,145.68279,-16.27146,145.68279,-16.27146,0,3,5610,26346,1194,61,15868,10,0,16,,,,,,,,,,,,,,,,,,,,,,,,,,,,,
"",176405,5171,-16.27146,145.68279,B,11/14/2018 07:49:08,Argos,0,21,NP,,401677411.73,11/14/2018 07:49:19,1,2,0,-132,401677411.73,145.68279,-16.27146,145.68279,-16.27146,0,3,5610,26346,1194,61,15868,22,75,56,,,,,,,,,,,,,,,,,,,,,,,,,,,,,
"",176405,5171,-16.16452,145.87311,B,11/14/2018 08:36:11,Argos,0,81,NK,,401677446.81,11/14/2018 08:35:31,1,2,0,-129,401677446.81,145.87311,-16.16452,145.87311,-16.16452,6,3,20750,400846,1074,89,7199,83,39,13,,,,,,,,,,,,,,,,,,,,,,,,,,,,,
"",176405,5171,-16.16452,145.87311,B,11/14/2018 08:36:11,Argos,0,81,NK,,401677446.81,11/14/2018 08:36:52,1,2,0,-129,401677446.81,145.87311,-16.16452,145.87311,-16.16452,6,3,20750,400846,1074,89,7199,22,75,24,,,,,,,,,,,,,,,,,,,,,,,,,,,,,
"",176405,5171,-15.98612,146.14018,B,11/14/2018 12:13:29,Argos,0,0,MA,,401677476.32,11/14/2018 12:13:29,1,1,0,-126,401677476.32,146.14018,-15.98612,146.14018,-15.98612,8,3,18230,40005,8307,86,8944,2,0,16,,,,,,,,,,,,,,,,,,,,,,,,,,,,,
"",176405,5171,-16.07318,146.15883,A,11/14/2018 19:47:29,Argos,0,162,SR,,401677482.58,11/14/2018 19:47:30,1,3,0,-135,401677482.58,146.15883,-16.07318,146.15883,-16.07318,8,3,13971,417524,467,64,8568,70,19,96,253,149,98,50,24,90,158,89,77,130,30,190,187,113,176,16,6,153,201,216,,,,,,,,,
"",176405,5171,-16.07318,146.15883,A,11/14/2018 19:47:29,Argos,0,162,SR,,401677482.58,11/14/2018 19:49:58,1,3,0,-135,401677482.58,146.15883,-16.07318,146.15883,-16.07318,8,3,13971,417524,467,64,8568,81,98,13,,,,,,,,,,,,,,,,,,,,,,,,,,,,,
"",176405,5171,-16.07318,146.15883,A,11/14/2018 19:47:29,Argos,0,162,SR,,401677482.58,11/14/2018 19:50:12,1,3,0,-135,401677482.58,146.15883,-16.07318,146.15883,-16.07318,8,3,13971,417524,467,64,8568,109,139,0,,,,,,,,,,,,,,,,,,,,,,,,,,,,,
"",176405,5171,-16.21753,145.80999,A,11/14/2018 21:25:52,Argos,0,0,NN,,401677425.47,11/14/2018 21:25:53,1,1,0,-133,401677425.47,145.80999,-16.21753,145.81,-16.21753,8,3,1741,4883,620,5,639,104,138,0,,,,,,,,,,,,,,,,,,,,,,,,,,,,,
"",176405,5171,-16.2177,145.8097,B,11/14/2018 21:27:28,Argos,0,0,SR,,401677389.9,11/14/2018 21:27:28,1,1,0,-132,401677389.9,145.8097,-16.2177,145.8097,-16.2177,6,3,3528,5791,2148,5,798,22,75,24,,,,,,,,,,,,,,,,,,,,,,,,,,,,,
"",176405,5171,-16.21753,145.80999,A,11/14/2018 21:25:52,Argos,0,0,NN,,401677425.47,11/14/2018 21:27:28,1,1,0,-133,401677425.47,145.80999,-16.21753,145.81,-16.21753,8,3,1741,4883,620,5,639,22,75,24,,,,,,,,,,,,,,,,,,,,,,,,,,,,,
"",176405,5171,-16.21753,145.80999,A,11/14/2018 21:25:52,Argos,0,0,NN,,401677425.47,11/14/2018 21:32:52,1,1,0,-133,401677425.47,145.80999,-16.21753,145.81,-16.21753,8,3,1741,4883,620,5,639,76,67,5,,,,,,,,,,,,,,,,,,,,,,,,,,,,,
"",176405,5171,-16.21497,145.69973,B,11/15/2018 08:27:39,Argos,0,0,SR,,401677429.93,11/15/2018 08:27:39,1,1,0,-129,401677429.93,145.69973,-16.21497,145.69974,-16.21497,8,3,23341,68089,8001,105,7469,32,173,192,0,0,0,0,0,64,0,0,0,255,8,0,179,173,160,0,0,0,0,0,0,0,0,0,255,0,0,30,
"",176405,5171,-16.19629,145.57964,B,11/15/2018 21:01:34,Argos,0,0,NK,,401677439.89,11/15/2018 21:01:34,1,1,0,-133,401677439.89,145.57964,-16.19629,145.57964,-16.19629,0,3,32928,45079,24051,104,12904,10,0,16,,,,,,,,,,,,,,,,,,,,,,,,,,,,,
"",176405,5171,,,,,,,0,NK,,401650000,11/17/2018 08:57:20,1,1,0,-128,401650000,,,,,,,,,,,,91,206,13,,,,,,,,,,,,,,,,,,,,,,,,,,,,,
"",176405,5171,,,,,,,0,NP,,401650000,11/17/2018 18:25:11,1,1,0,-134,401650000,,,,,,,,,,,,10,0,16,,,,,,,,,,,,,,,,,,,,,,,,,,,,,
"",176405,5171,,,,,,,0,MB,,401650000,11/17/2018 23:29:57,1,1,0,-133,401650000,,,,,,,,,,,,28,76,24,,,,,,,,,,,,,,,,,,,,,,,,,,,,,
"",176405,5171,-16.41049,145.74601,B,11/18/2018 08:38:06,Argos,0,132,SR,,401677435.59,11/18/2018 08:37:01,1,2,0,-131,401677435.59,145.74601,-16.41049,145.74602,-16.41049,0,2,15449,658979,362,77,17569,22,75,24,,,,,,,,,,,,,,,,,,,,,,,,,,,,,
"",176405,5171,-16.41049,145.74601,B,11/18/2018 08:38:06,Argos,0,132,SR,,401677435.59,11/18/2018 08:39:13,1,2,0,-131,401677435.59,145.74601,-16.41049,145.74602,-16.41049,0,2,15449,658979,362,77,17569,75,104,5,,,,,,,,,,,,,,,,,,,,,,,,,,,,,
"",176405,5171,-16.40031,145.76474,B,11/18/2018 10:16:00,Argos,0,0,NK,,401677442.67,11/18/2018 10:16:01,1,1,0,-132,401677442.67,145.76474,-16.40031,145.76474,-16.40031,8,3,14420,93860,2215,79,16218,80,249,13,,,,,,,,,,,,,,,,,,,,,,,,,,,,,
"",176405,5171,-16.40271,145.74797,B,11/18/2018 10:55:30,Argos,0,0,MA,,401677447.22,11/18/2018 10:55:31,1,1,0,-131,401677447.22,145.74797,-16.40271,145.74797,-16.40271,8,3,6754,15780,2890,73,7443,109,139,0,,,,,,,,,,,,,,,,,,,,,,,,,,,,,
"",176405,5171,-16.49674,145.72568,B,11/19/2018 09:49:41,Argos,0,246,NK,,401677473.62,11/19/2018 09:47:39,1,2,0,-124,401677473.62,145.72568,-16.49674,145.72568,-16.49674,0,3,4004,157206,102,37,6785,89,208,131,220,168,40,58,164,105,166,251,77,148,28,27,24,13,213,70,212,145,255,192,,,,,,,,,
"",176405,5171,-16.49674,145.72568,B,11/19/2018 09:49:41,Argos,0,246,NK,,401677473.62,11/19/2018 09:51:45,1,2,0,-124,401677473.62,145.72568,-16.49674,145.72568,-16.49674,0,3,4004,157206,102,37,6785,99,141,0,,,,,,,,,,,,,,,,,,,,,,,,,,,,,
"",176405,5171,,,,,,,0,NP,,401650000,11/21/2018 17:48:14,1,1,0,-130,401650000,,,,,,,,,,,,84,131,14,,,,,,,,,,,,,,,,,,,,,,,,,,,,,
"",176405,5171,,,,,,,0,NK,,401650000,11/22/2018 08:29:13,1,1,0,-131,401650000,,,,,,,,,,,,68,123,5,,,,,,,,,,,,,,,,,,,,,,,,,,,,,
"",176405,5171,,,,,,,0,NP,,401650000,11/23/2018 06:02:57,1,1,0,-140,401650000,,,,,,,,,,,,78,152,4,,,,,,,,,,,,,,,,,,,,,,,,,,,,,
"",176405,5171,-16.42312,145.81707,3,11/23/2018 17:23:12,Argos,0,389,NP,,401677433.41,11/23/2018 17:18:26,1,9,0,-131,401677433.41,145.81707,-16.42312,145.81706,-16.42312,50,3,182,407,81,173,235,66,117,5,,,,,,,,,,,,,,,,,,,,,,,,,,,,,
"",176405,5171,-16.42367,145.81663,3,11/23/2018 17:23:12,Argos,0,332,NP,,401677433.09,11/23/2018 17:18:54,1,7,0,-131,401677433.09,145.81663,-16.42367,145.81664,-16.42367,50,3,240,421,136,11,285,95,123,14,,,,,,,,,,,,,,,,,,,,,,,,,,,,,
"",176405,5171,-16.42367,145.81663,3,11/23/2018 17:23:12,Argos,0,332,NP,,401677433.09,11/23/2018 17:21:50,1,7,0,-131,401677433.09,145.81663,-16.42367,145.81664,-16.42367,50,3,240,421,136,11,285,102,140,0,,,,,,,,,,,,,,,,,,,,,,,,,,,,,
"",176405,5171,-16.42367,145.81663,3,11/23/2018 17:23:12,Argos,0,332,NP,,401677433.09,11/23/2018 17:23:19,1,7,0,-131,401677433.09,145.81663,-16.42367,145.81664,-16.42367,50,3,240,421,136,11,285,22,75,24,,,,,,,,,,,,,,,,,,,,,,,,,,,,,
"",176405,5171,-16.42367,145.81663,3,11/23/2018 17:23:12,Argos,0,332,NP,,401677433.09,11/23/2018 17:23:33,1,7,0,-131,401677433.09,145.81663,-16.42367,145.81664,-16.42367,50,3,240,421,136,11,285,76,115,5,,,,,,,,,,,,,,,,,,,,,,,,,,,,,
"",176405,5171,-16.42367,145.81663,3,11/23/2018 17:23:12,Argos,0,332,NP,,401677433.09,11/23/2018 17:24:03,1,7,0,-131,401677433.09,145.81663,-16.42367,145.81664,-16.42367,50,3,240,421,136,11,285,109,139,0,,,,,,,,,,,,,,,,,,,,,,,,,,,,,
"",176405,5171,-16.42367,145.81663,3,11/23/2018 17:23:12,Argos,0,332,NP,,401677433.09,11/23/2018 17:24:26,2,7,0,-131,401677433.09,145.81663,-16.42367,145.81664,-16.42367,50,3,240,421,136,11,285,10,0,16,,,,,,,,,,,,,,,,,,,,,,,,,,,,,
"",176405,5171,-16.4228,145.80793,B,11/23/2018 19:02:53,Argos,0,0,NP,,401677431.61,11/23/2018 19:02:53,1,1,0,-127,401677431.61,145.80793,-16.4228,145.80794,-16.4228,8,3,2032,2763,1493,91,3447,32,174,192,0,0,0,0,0,0,0,0,0,11,255,17,84,174,160,0,0,0,0,0,0,0,0,0,29,255,11,200,
"",176405,5171,-16.38791,145.78721,A,11/24/2018 17:14:19,Argos,0,465,NP,,401677437.15,11/24/2018 17:06:48,1,3,0,-137,401677437.15,145.78721,-16.38791,145.78722,-16.38791,0,3,1152,13649,97,23,3246,78,113,5,,,,,,,,,,,,,,,,,,,,,,,,,,,,,
"",176405,5171,-16.39399,145.80502,B,11/24/2018 17:14:19,Argos,0,27,NP,,401677440.47,11/24/2018 17:14:05,1,2,0,-139,401677440.47,145.80502,-16.39399,145.80502,-16.39399,0,3,4887,13756,1736,108,9365,80,54,15,,,,,,,,,,,,,,,,,,,,,,,,,,,,,
"",176405,5171,-16.39399,145.80502,B,11/24/2018 17:14:19,Argos,0,27,NP,,401677440.47,11/24/2018 17:14:33,1,2,0,-139,401677440.47,145.80502,-16.39399,145.80502,-16.39399,0,3,4887,13756,1736,108,9365,10,0,16,,,,,,,,,,,,,,,,,,,,,,,,,,,,,
"",176405,5171,-16.43316,145.74353,A,11/24/2018 18:44:46,Argos,0,495,NP,,401677428.05,11/24/2018 18:44:47,1,3,0,-134,401677428.05,145.74353,-16.43316,145.74353,-16.43316,8,3,2175,25751,183,62,2390,82,60,15,,,,,,,,,,,,,,,,,,,,,,,,,,,,,
"",176405,5171,-16.43316,145.74353,A,11/24/2018 18:44:46,Argos,0,495,NP,,401677428.05,11/24/2018 18:52:47,1,3,0,-134,401677428.05,145.74353,-16.43316,145.74353,-16.43316,8,3,2175,25751,183,62,2390,102,140,0,,,,,,,,,,,,,,,,,,,,,,,,,,,,,
"",176405,5171,-16.43316,145.74353,A,11/24/2018 18:44:46,Argos,0,495,NP,,401677428.05,11/24/2018 18:53:02,1,3,0,-134,401677428.05,145.74353,-16.43316,145.74353,-16.43316,8,3,2175,25751,183,62,2390,139,0,99,,,,,,,,,,,,,,,,,,,,,,,,,,,,,
"",176405,5171,-16.42193,145.80516,A,11/24/2018 19:29:52,Argos,0,0,SR,,401677447.59,11/24/2018 19:29:52,1,1,0,-132,401677447.59,145.80516,-16.42193,145.80516,-16.42193,8,3,512,916,286,25,444,22,75,24,,,,,,,,,,,,,,,,,,,,,,,,,,,,,
"",176405,5171,-16.42193,145.80516,A,11/24/2018 19:29:52,Argos,0,0,SR,,401677447.59,11/24/2018 19:33:06,1,1,0,-132,401677447.59,145.80516,-16.42193,145.80516,-16.42193,8,3,512,916,286,25,444,88,65,15,,,,,,,,,,,,,,,,,,,,,,,,,,,,,
"",176405,5171,-16.42193,145.80516,A,11/24/2018 19:29:52,Argos,0,0,SR,,401677447.59,11/24/2018 19:35:01,1,1,0,-132,401677447.59,145.80516,-16.42193,145.80516,-16.42193,8,3,512,916,286,25,444,102,140,0,,,,,,,,,,,,,,,,,,,,,,,,,,,,,
"",176405,5171,-16.4065,145.85437,B,11/24/2018 22:49:07,Argos,0,0,NN,,401677443.03,11/24/2018 22:49:07,1,1,0,-137,401677443.03,145.85437,-16.4065,145.85437,-16.4065,8,3,3142,86686,113,92,3782,10,0,16,,,,,,,,,,,,,,,,,,,,,,,,,,,,,
"",176405,5171,-16.4065,145.85437,B,11/24/2018 22:49:07,Argos,0,0,NN,,401677443.03,11/24/2018 22:54:23,1,1,0,-137,401677443.03,145.85437,-16.4065,145.85437,-16.4065,8,3,3142,86686,113,92,3782,22,75,24,,,,,,,,,,,,,,,,,,,,,,,,,,,,,
"",176405,5171,-16.41012,145.84973,B,11/25/2018 20:07:20,Argos,0,0,NK,,401677453.28,11/25/2018 20:07:20,1,1,0,-130,401677453.28,145.84973,-16.41012,145.84973,-16.41012,0,3,7795,15003,4050,132,11447,22,75,24,,,,,,,,,,,,,,,,,,,,,,,,,,,,,
"",176405,5171,-16.38643,145.84575,B,11/25/2018 21:46:33,Argos,0,0,NK,,401677448.95,11/25/2018 21:46:34,1,1,0,-132,401677448.95,145.84575,-16.38643,145.84575,-16.38643,0,3,7995,18210,3510,72,11792,95,106,15,,,,,,,,,,,,,,,,,,,,,,,,,,,,,
"",176405,5171,-16.43106,145.78715,B,11/25/2018 22:45:25,Argos,0,290,NN,,401677435.95,11/25/2018 22:43:01,1,2,0,-125,401677435.95,145.78715,-16.43106,145.78716,-16.43106,8,3,9221,689002,123,106,9453,67,240,131,220,168,40,58,164,108,218,177,211,82,30,215,26,1,124,68,215,1,255,192,,,,,,,,,
"",176405,5171,-16.43106,145.78715,B,11/25/2018 22:45:25,Argos,0,290,NN,,401677435.95,11/25/2018 22:47:51,1,2,0,-125,401677435.95,145.78715,-16.43106,145.78716,-16.43106,8,3,9221,689002,123,106,9453,102,140,0,,,,,,,,,,,,,,,,,,,,,,,,,,,,,
"",176405,5171,,,,,,,0,NP,,401650000,11/27/2018 06:59:59,1,1,0,-136,401650000,,,,,,,,,,,,80,199,15,,,,,,,,,,,,,,,,,,,,,,,,,,,,,
"",176405,5171,-16.4814,145.76656,B,11/27/2018 07:11:35,Argos,0,69,SR,,401677434.62,11/27/2018 07:11:01,1,2,0,-126,401677434.62,145.76656,-16.4814,145.76656,-16.4814,0,3,82023,0,4985,107,10604,87,204,15,,,,,,,,,,,,,,,,,,,,,,,,,,,,,
"",176405,5171,-16.4814,145.76656,B,11/27/2018 07:11:35,Argos,0,69,SR,,401677434.62,11/27/2018 07:12:11,1,2,0,-126,401677434.62,145.76656,-16.4814,145.76656,-16.4814,0,3,82023,0,4985,107,10604,10,0,16,,,,,,,,,,,,,,,,,,,,,,,,,,,,,
"",176405,5171,-16.47124,145.74943,B,11/27/2018 12:14:24,Argos,0,0,MB,,401677445.31,11/27/2018 12:14:24,1,1,0,-135,401677445.31,145.74943,-16.47124,145.74944,-16.47124,8,3,58186,132251,25600,100,10637,31,16,48,,,,,,,,,,,,,,,,,,,,,,,,,,,,,
"",176405,5171,-16.49146,145.64862,B,11/27/2018 12:49:59,Argos,0,0,MA,,401677467.69,11/27/2018 12:49:59,1,1,0,-130,401677467.69,145.64862,-16.49146,145.64862,-16.49146,8,3,238533,0,42333,79,31132,10,0,16,,,,,,,,,,,,,,,,,,,,,,,,,,,,,
"",176405,5171,-16.45599,145.69804,B,11/28/2018 08:25:44,Argos,0,0,SR,,401677448.35,11/28/2018 08:25:45,1,1,0,-127,401677448.35,145.69804,-16.45599,145.69804,-16.45599,0,3,160551,615462,41881,86,29626,10,0,16,,,,,,,,,,,,,,,,,,,,,,,,,,,,,
"",176405,5171,-16.48606,145.72389,B,11/28/2018 08:29:14,Argos,0,0,NP,,401677436.29,11/28/2018 08:29:14,1,1,0,-137,401677436.29,145.72389,-16.48606,145.72389,-16.48606,6,3,31268,259164,3772,57,34927,10,132,16,,,,,,,,,,,,,,,,,,,,,,,,,,,,,
"",176405,5171,-16.42537,145.7816,0,11/28/2018 10:43:50,Argos,0,90,MA,,401677443.59,11/28/2018 10:43:05,1,4,0,-127,401677443.59,145.7816,-16.42537,145.7816,-16.42537,58,3,1779,14496,218,64,4574,77,135,5,,,,,,,,,,,,,,,,,,,,,,,,,,,,,
"",176405,5171,-16.42537,145.7816,0,11/28/2018 10:43:50,Argos,0,90,MA,,401677443.59,11/28/2018 10:43:43,1,4,0,-127,401677443.59,145.7816,-16.42537,145.7816,-16.42537,58,3,1779,14496,218,64,4574,94,90,16,,,,,,,,,,,,,,,,,,,,,,,,,,,,,
"",176405,5171,-16.42537,145.7816,0,11/28/2018 10:43:50,Argos,0,90,MA,,401677443.59,11/28/2018 10:43:57,1,4,0,-127,401677443.59,145.7816,-16.42537,145.7816,-16.42537,58,3,1779,14496,218,64,4574,109,139,0,,,,,,,,,,,,,,,,,,,,,,,,,,,,,
"",176405,5171,-16.42537,145.7816,0,11/28/2018 10:43:50,Argos,0,90,MA,,401677443.59,11/28/2018 10:44:35,1,4,0,-127,401677443.59,145.7816,-16.42537,145.7816,-16.42537,58,3,1779,14496,218,64,4574,10,0,16,,,,,,,,,,,,,,,,,,,,,,,,,,,,,
"",176405,5171,-16.3878,145.72419,B,11/28/2018 22:03:19,Argos,0,0,NN,,401677446.08,11/28/2018 22:03:20,1,1,0,-133,401677446.08,145.72419,-16.3878,145.7242,-16.3878,8,3,3802,4786,3019,76,10750,10,0,16,,,,,,,,,,,,,,,,,,,,,,,,,,,,,
"",176405,5171,-16.41367,145.76539,B,11/28/2018 23:28:42,Argos,0,0,MA,,401677431.7,11/28/2018 23:28:42,1,1,0,-129,401677431.7,145.76539,-16.41367,145.7654,-16.41367,8,3,2931,46557,184,47,8285,64,127,16,,,,,,,,,,,,,,,,,,,,,,,,,,,,,
"",176405,5171,-16.41367,145.76539,B,11/28/2018 23:28:42,Argos,0,0,MA,,401677431.7,11/28/2018 23:38:08,1,1,0,-129,401677431.7,145.76539,-16.41367,145.7654,-16.41367,8,3,2931,46557,184,47,8285,102,140,0,,,,,,,,,,,,,,,,,,,,,,,,,,,,,
"",176405,5171,-16.42955,145.82534,B,11/29/2018 10:20:40,Argos,0,0,MA,,401677437.35,11/29/2018 10:20:40,1,1,0,-134,401677437.35,145.82534,-16.42955,145.82533,-16.42955,8,3,3471,4058,2968,93,9815,32,175,128,0,0,0,0,32,0,4,40,207,223,2,229,128,158,217,127,103,90,160,178,77,183,10,56,201,74,28,212,
"",176405,5171,-16.42307,145.81517,B,11/29/2018 11:31:21,Argos,0,0,MB,,401677439.72,11/29/2018 11:31:21,1,1,0,-135,401677439.72,145.81517,-16.42307,145.81517,-16.42307,8,3,2873,5164,1597,39,8120,77,151,5,,,,,,,,,,,,,,,,,,,,,,,,,,,,,
"",176405,5171,-16.43681,145.85306,B,11/30/2018 08:11:00,Argos,0,0,NP,,401677439.05,11/30/2018 08:11:01,1,1,0,-132,401677439.05,145.85306,-16.43681,145.85306,-16.43681,0,3,4929,6132,3961,93,13939,73,131,5,,,,,,,,,,,,,,,,,,,,,,,,,,,,,
"",176405,5171,-16.43222,145.80157,B,11/30/2018 13:24:54,Argos,0,14,MA,,401677441.94,11/30/2018 13:24:47,1,2,0,-132,401677441.94,145.80157,-16.43222,145.80157,-16.43222,8,3,4257,6167,2938,2,12038,22,75,24,,,,,,,,,,,,,,,,,,,,,,,,,,,,,
"",176405,5171,-16.43222,145.80157,B,11/30/2018 13:24:54,Argos,0,14,MA,,401677441.94,11/30/2018 13:25:02,1,2,0,-132,401677441.94,145.80157,-16.43222,145.80157,-16.43222,8,3,4257,6167,2938,2,12038,72,150,133,,,,,,,,,,,,,,,,,,,,,,,,,,,,,
"",176405,5171,-16.46529,145.81609,B,12/01/2018 09:45:46,Argos,0,0,NK,,401677439.81,12/01/2018 09:45:46,1,1,0,-127,401677439.81,145.81609,-16.46529,145.81609,-16.46529,0,3,5194,9793,2754,34,14689,22,75,24,,,,,,,,,,,,,,,,,,,,,,,,,,,,,
"",176405,5171,-16.47057,145.81932,B,12/01/2018 13:01:04,Argos,0,0,MA,,401677450.24,12/01/2018 13:01:04,1,1,0,-132,401677450.24,145.81932,-16.47057,145.81932,-16.47057,8,3,5469,9345,3200,36,15468,10,64,16,,,,,,,,,,,,,,,,,,,,,,,,,,,,,
"",176405,5171,-16.45329,145.83214,B,12/01/2018 22:37:11,Argos,0,0,MA,,401677440.4,12/01/2018 22:37:11,1,1,0,-130,401677440.4,145.83214,-16.45329,145.83214,-16.45329,8,3,4880,6240,3815,87,13800,32,175,192,0,0,0,0,0,0,0,0,0,3,129,32,231,30,165,184,14,80,130,236,154,243,123,67,193,176,242,194,
"",176405,5171,-16.44957,145.83883,B,12/02/2018 07:49:18,Argos,0,0,NP,,401677442.89,12/02/2018 07:49:18,1,1,0,-133,401677442.89,145.83883,-16.44957,145.83884,-16.44957,8,3,4607,9283,2286,127,13028,93,37,17,,,,,,,,,,,,,,,,,,,,,,,,,,,,,
"",176405,5171,-16.43192,145.84784,B,12/02/2018 17:19:34,Argos,0,0,NP,,401677435.37,12/02/2018 17:19:35,1,1,0,-135,401677435.37,145.84784,-16.43192,145.84784,-16.43192,8,3,4927,14864,1632,121,13934,22,75,24,,,,,,,,,,,,,,,,,,,,,,,,,,,,,
"",176405,5171,,,,,,,0,NK,,401650000,12/03/2018 21:42:31,1,1,0,-129,401650000,,,,,,,,,,,,10,0,16,,,,,,,,,,,,,,,,,,,,,,,,,,,,,
"",176405,5171,-16.49946,145.67134,2,12/04/2018 07:23:22,Argos,0,201,NP,,401677434.44,12/04/2018 07:22:10,1,4,0,-127,401677434.44,145.67134,-16.49946,145.67134,-16.49946,50,3,445,2219,89,63,672,22,75,24,,,,,,,,,,,,,,,,,,,,,,,,,,,,,
"",176405,5171,-16.49946,145.67134,2,12/04/2018 07:23:22,Argos,0,201,NP,,401677434.44,12/04/2018 07:22:33,1,4,0,-127,401677434.44,145.67134,-16.49946,145.67134,-16.49946,50,3,445,2219,89,63,672,65,107,41,,,,,,,,,,,,,,,,,,,,,,,,,,,,,
"",176405,5171,-16.49946,145.67134,2,12/04/2018 07:23:22,Argos,0,201,NP,,401677434.44,12/04/2018 07:23:17,1,4,0,-127,401677434.44,145.67134,-16.49946,145.67134,-16.49946,50,3,445,2219,89,63,672,102,140,0,,,,,,,,,,,,,,,,,,,,,,,,,,,,,
"",176405,5171,-16.49946,145.67134,2,12/04/2018 07:23:22,Argos,0,201,NP,,401677434.44,12/04/2018 07:25:31,1,4,0,-127,401677434.44,145.67134,-16.49946,145.67134,-16.49946,50,3,445,2219,89,63,672,80,178,17,,,,,,,,,,,,,,,,,,,,,,,,,,,,,
"",176405,5171,-16.52016,145.70478,1,12/04/2018 08:36:38,Argos,0,399,NK,,401677434.68,12/04/2018 08:29:59,1,4,0,-127,401677434.68,145.70478,-16.52016,145.70477,-16.52016,56,3,785,2439,252,139,537,92,122,54,,,,,,,,,,,,,,,,,,,,,,,,,,,,,
"",176405,5171,-16.52408,145.70152,2,12/04/2018 08:30:40,Argos,0,430,SR,,401677431.65,12/04/2018 08:30:32,1,6,0,-126,401677431.65,145.70152,-16.52408,145.70152,-16.52408,58,3,500,1465,170,65,309,109,139,0,,,,,,,,,,,,,,,,,,,,,,,,,,,,,
"",176405,5171,-16.52016,145.70478,1,12/04/2018 08:36:38,Argos,0,399,NK,,401677434.68,12/04/2018 08:30:32,1,4,0,-127,401677434.68,145.70478,-16.52016,145.70477,-16.52016,56,3,785,2439,252,139,537,109,139,0,,,,,,,,,,,,,,,,,,,,,,,,,,,,,
"",176405,5171,-16.52408,145.70152,2,12/04/2018 08:30:40,Argos,0,430,SR,,401677431.65,12/04/2018 08:30:49,1,6,0,-126,401677431.65,145.70152,-16.52408,145.70152,-16.52408,58,3,500,1465,170,65,309,10,0,16,,,,,,,,,,,,,,,,,,,,,,,,,,,,,
"",176405,5171,-16.52016,145.70478,1,12/04/2018 08:36:38,Argos,0,399,NK,,401677434.68,12/04/2018 08:30:49,1,4,0,-127,401677434.68,145.70478,-16.52016,145.70477,-16.52016,56,3,785,2439,252,139,537,10,0,16,,,,,,,,,,,,,,,,,,,,,,,,,,,,,
"",176405,5171,-16.52408,145.70152,2,12/04/2018 08:30:40,Argos,0,430,SR,,401677431.65,12/04/2018 08:35:54,1,6,0,-126,401677431.65,145.70152,-16.52408,145.70152,-16.52408,58,3,500,1465,170,65,309,75,104,5,,,,,,,,,,,,,,,,,,,,,,,,,,,,,
"",176405,5171,-16.52406,145.70147,B,12/04/2018 08:36:38,Argos,0,0,NK,,401677434.42,12/04/2018 08:36:38,1,1,0,-133,401677434.42,145.70147,-16.52406,145.70148,-16.52406,6,3,1366,1521,1226,72,994,89,240,17,,,,,,,,,,,,,,,,,,,,,,,,,,,,,
"",176405,5171,-16.52408,145.70152,2,12/04/2018 08:30:40,Argos,0,430,SR,,401677431.65,12/04/2018 08:36:38,1,6,0,-126,401677431.65,145.70152,-16.52408,145.70152,-16.52408,58,3,500,1465,170,65,309,89,240,17,,,,,,,,,,,,,,,,,,,,,,,,,,,,,
"",176405,5171,-16.52408,145.70152,2,12/04/2018 08:30:40,Argos,0,430,SR,,401677431.65,12/04/2018 08:36:52,1,6,0,-126,401677431.65,145.70152,-16.52408,145.70152,-16.52408,58,3,500,1465,170,65,309,102,140,0,,,,,,,,,,,,,,,,,,,,,,,,,,,,,
"",176405,5171,-16.52408,145.70152,2,12/04/2018 08:30:40,Argos,0,430,SR,,401677431.65,12/04/2018 08:37:42,1,6,0,-126,401677431.65,145.70152,-16.52408,145.70152,-16.52408,58,3,500,1465,170,65,309,74,70,112,,,,,,,,,,,,,,,,,,,,,,,,,,,,,
"",176405,5171,-16.54189,145.86346,A,12/04/2018 19:37:36,Argos,0,80,NK,,401677429.59,12/04/2018 19:37:00,1,3,0,-131,401677429.59,145.86346,-16.54189,145.86346,-16.54189,8,3,3556,19567,646,144,4817,70,97,5,,,,,,,,,,,,,,,,,,,,,,,,,,,,,
"",176405,5171,-16.54189,145.86346,A,12/04/2018 19:37:36,Argos,0,80,NK,,401677429.59,12/04/2018 19:37:29,1,3,0,-131,401677429.59,145.86346,-16.54189,145.86346,-16.54189,8,3,3556,19567,646,144,4817,91,26,18,,,,,,,,,,,,,,,,,,,,,,,,,,,,,
"",176405,5171,-16.54189,145.86346,A,12/04/2018 19:37:36,Argos,0,80,NK,,401677429.59,12/04/2018 19:38:20,1,3,0,-131,401677429.59,145.86346,-16.54189,145.86346,-16.54189,8,3,3556,19567,646,144,4817,109,139,0,,,,,,,,,,,,,,,,,,,,,,,,,,,,,
"",176405,5171,-16.29758,146.00773,A,12/06/2018 18:11:02,Argos,0,176,NP,,401677443.71,12/06/2018 18:09:18,1,3,0,-129,401677443.71,146.00773,-16.29758,146.00774,-16.29758,0,3,1116,6082,204,120,726,102,140,0,,,,,,,,,,,,,,,,,,,,,,,,,,,,,
"",176405,5171,-16.29758,146.00773,A,12/06/2018 18:11:02,Argos,0,176,NP,,401677443.71,12/06/2018 18:11:35,1,3,0,-129,401677443.71,146.00773,-16.29758,146.00774,-16.29758,0,3,1116,6082,204,120,726,22,75,24,,,,,,,,,,,,,,,,,,,,,,,,,,,,,
"",176405,5171,-16.29758,146.00773,A,12/06/2018 18:11:02,Argos,0,176,NP,,401677443.71,12/06/2018 18:12:14,1,3,0,-129,401677443.71,146.00773,-16.29758,146.00774,-16.29758,0,3,1116,6082,204,120,726,79,16,131,220,168,40,58,164,99,72,197,79,86,37,71,29,70,95,148,97,15,242,242,,,,,,,,,
"",176405,5171,-16.30341,146.01725,B,12/06/2018 19:54:52,Argos,0,68,NP,,401677438.74,12/06/2018 19:54:18,1,2,0,-136,401677438.74,146.01725,-16.30341,146.01724,-16.30341,8,3,5554,13760,2241,125,2979,85,146,18,,,,,,,,,,,,,,,,,,,,,,,,,,,,,
"",176405,5171,-16.30341,146.01725,B,12/06/2018 19:54:52,Argos,0,68,NP,,401677438.74,12/06/2018 19:55:27,1,2,0,-136,401677438.74,146.01725,-16.30341,146.01724,-16.30341,8,3,5554,13760,2241,125,2979,102,140,0,,,,,,,,,,,,,,,,,,,,,,,,,,,,,
"",176405,5171,-16.30837,145.99198,3,12/06/2018 19:58:03,Argos,0,331,SR,,401677437.77,12/06/2018 19:55:27,1,6,0,-129,401677437.77,145.99198,-16.30837,145.99197,-16.30837,56,3,243,345,170,127,206,102,140,0,,,,,,,,,,,,,,,,,,,,,,,,,,,,,
"",176405,5171,-16.30837,145.99198,3,12/06/2018 19:58:03,Argos,0,331,SR,,401677437.77,12/06/2018 19:56:35,1,6,0,-129,401677437.77,145.99198,-16.30837,145.99197,-16.30837,56,3,243,345,170,127,206,10,0,16,,,,,,,,,,,,,,,,,,,,,,,,,,,,,
"",176405,5171,-16.30837,145.99198,3,12/06/2018 19:58:03,Argos,0,331,SR,,401677437.77,12/06/2018 19:57:44,1,6,0,-129,401677437.77,145.99198,-16.30837,145.99197,-16.30837,56,3,243,345,170,127,206,76,16,56,,,,,,,,,,,,,,,,,,,,,,,,,,,,,
"",176405,5171,-16.30837,145.99198,3,12/06/2018 19:58:03,Argos,0,331,SR,,401677437.77,12/06/2018 20:00:24,2,6,0,-129,401677437.77,145.99198,-16.30837,145.99197,-16.30837,56,3,243,345,170,127,206,22,75,24,,,,,,,,,,,,,,,,,,,,,,,,,,,,,
"",176405,5171,-16.30837,145.99198,3,12/06/2018 19:58:03,Argos,0,331,SR,,401677437.77,12/06/2018 20:00:58,1,6,0,-129,401677437.77,145.99198,-16.30837,145.99197,-16.30837,56,3,243,345,170,127,206,79,94,5,,,,,,,,,,,,,,,,,,,,,,,,,,,,,
"",176405,5171,-16.31156,145.99504,B,12/06/2018 20:28:14,Argos,0,0,NK,,401677443.96,12/06/2018 20:28:15,1,1,0,-130,401677443.96,145.99504,-16.31156,145.99504,-16.31156,7,3,1860,2207,1567,95,2013,10,0,16,,,,,,,,,,,,,,,,,,,,,,,,,,,,,
"",176405,5171,-16.32646,145.96385,1,12/06/2018 22:11:07,Argos,0,368,NN,,401677437.56,12/06/2018 22:10:32,1,6,0,-129,401677437.56,145.96385,-16.32646,145.96385,-16.32646,58,3,820,4937,136,106,456,67,96,5,,,,,,,,,,,,,,,,,,,,,,,,,,,,,
"",176405,5171,-16.32646,145.96385,1,12/06/2018 22:11:07,Argos,0,368,NN,,401677437.56,12/06/2018 22:11:42,1,6,0,-129,401677437.56,145.96385,-16.32646,145.96385,-16.32646,58,3,820,4937,136,106,456,93,213,18,,,,,,,,,,,,,,,,,,,,,,,,,,,,,
"",176405,5171,-16.32646,145.96385,1,12/06/2018 22:11:07,Argos,0,368,NN,,401677437.56,12/06/2018 22:13:56,1,6,0,-129,401677437.56,145.96385,-16.32646,145.96385,-16.32646,58,3,820,4937,136,106,456,80,84,163,254,169,96,60,130,55,68,127,62,54,104,122,147,150,83,186,234,101,190,179,,,,,,,,,
"",176405,5171,-16.32646,145.96385,1,12/06/2018 22:11:07,Argos,0,368,NN,,401677437.56,12/06/2018 22:15:03,1,6,0,-129,401677437.56,145.96385,-16.32646,145.96385,-16.32646,58,3,820,4937,136,106,456,109,139,0,,,,,,,,,,,,,,,,,,,,,,,,,,,,,
"",176405,5171,-16.32646,145.96385,1,12/06/2018 22:11:07,Argos,0,368,NN,,401677437.56,12/06/2018 22:16:00,1,6,0,-129,401677437.56,145.96385,-16.32646,145.96385,-16.32646,58,3,820,4937,136,106,456,10,121,114,,,,,,,,,,,,,,,,,,,,,,,,,,,,,
"",176405,5171,-16.32646,145.96385,1,12/06/2018 22:11:07,Argos,0,368,NN,,401677437.56,12/06/2018 22:16:40,1,6,0,-129,401677437.56,145.96385,-16.32646,145.96385,-16.32646,58,3,820,4937,136,106,456,22,75,24,,,,,,,,,,,,,,,,,,,,,,,,,,,,,
"",176405,5171,-16.32868,145.96241,B,12/06/2018 22:27:19,Argos,0,82,MA,,401677432.41,12/06/2018 22:26:38,1,2,0,-126,401677432.41,145.96241,-16.32868,145.96242,-16.32868,6,3,1724,4261,697,133,1244,96,142,0,,,,,,,,,,,,,,,,,,,,,,,,,,,,,
"",176405,5171,-16.32868,145.96241,B,12/06/2018 22:27:19,Argos,0,82,MA,,401677432.41,12/06/2018 22:28:01,1,2,0,-126,401677432.41,145.96241,-16.32868,145.96242,-16.32868,6,3,1724,4261,697,133,1244,10,0,16,,,,,,,,,,,,,,,,,,,,,,,,,,,,,
"",176405,5171,-16.32178,145.9456,B,12/07/2018 08:26:46,Argos,0,0,NP,,401677456.63,12/07/2018 08:26:47,1,1,0,-136,401677456.63,145.9456,-16.32178,145.9456,-16.32178,8,3,10410,14983,7232,65,8256,89,48,131,92,168,46,13,182,98,37,236,14,97,248,110,192,127,166,7,132,99,128,86,,,,,,,,,
"",176405,5171,-16.31626,145.94437,B,12/07/2018 08:40:57,Argos,0,0,SR,,401677454.84,12/07/2018 08:40:57,1,1,0,-126,401677454.84,145.94437,-16.31626,145.94437,-16.31626,6,3,2354,6812,813,90,6654,138,0,18,,,,,,,,,,,,,,,,,,,,,,,,,,,,,
"",176405,5171,-16.32071,145.94015,B,12/07/2018 09:03:13,Argos,0,0,NK,,401677445.25,12/07/2018 09:03:13,1,1,0,-137,401677445.25,145.94015,-16.32071,145.94016,-16.32071,6,3,2338,6659,820,93,6605,90,18,23,,,,,,,,,,,,,,,,,,,,,,,,,,,,,
"",176405,5171,-16.28043,145.84737,B,12/07/2018 19:30:19,Argos,0,0,SR,,401677474.59,12/07/2018 19:30:19,1,1,0,-134,401677474.59,145.84737,-16.28043,145.84737,-16.28043,8,3,3467,5593,2149,63,9804,79,76,5,,,,,,,,,,,,,,,,,,,,,,,,,,,,,
"",176405,5171,,,,,,,0,SR,,401650000,12/08/2018 20:34:15,1,1,0,-132,401650000,,,,,,,,,,,,109,139,0,,,,,,,,,,,,,,,,,,,,,,,,,,,,,
"",176405,5171,,,,,,,0,NK,,401650000,12/08/2018 21:15:37,1,1,0,-129,401650000,,,,,,,,,,,,102,140,0,,,,,,,,,,,,,,,,,,,,,,,,,,,,,
"",176405,5171,-16.00817,145.60811,B,12/08/2018 21:47:44,Argos,0,157,NN,,401677419.46,12/08/2018 21:46:26,1,2,0,-133,401677419.46,145.60811,-16.00817,145.60811,-16.00817,0,3,475,1063,212,77,875,74,77,5,,,,,,,,,,,,,,,,,,,,,,,,,,,,,
"",176405,5171,-16.06465,145.5857,B,12/08/2018 21:47:44,Argos,0,157,MA,,401677413.62,12/08/2018 21:46:26,1,2,0,-133,401677413.62,145.5857,-16.06465,145.5857,-16.06465,0,3,3641,35275,375,21,6925,74,77,1,,,,,,,,,,,,,,,,,,,,,,,,,,,,,
"",176405,5171,-16.00817,145.60811,B,12/08/2018 21:47:44,Argos,0,157,NN,,401677419.46,12/08/2018 21:49:03,1,2,0,-133,401677419.46,145.60811,-16.00817,145.60811,-16.00817,0,3,475,1063,212,77,875,109,139,0,,,,,,,,,,,,,,,,,,,,,,,,,,,,,
"",176405,5171,-16.06465,145.5857,B,12/08/2018 21:47:44,Argos,0,157,MA,,401677413.62,12/08/2018 21:49:03,1,2,0,-133,401677413.62,145.5857,-16.06465,145.5857,-16.06465,0,3,3641,35275,375,21,6925,109,139,0,,,,,,,,,,,,,,,,,,,,,,,,,,,,,
"",176405,5171,-16.00298,145.66525,B,12/08/2018 23:30:02,Argos,0,0,NN,,401677442.93,12/08/2018 23:30:03,1,1,0,-135,401677442.93,145.66525,-16.00298,145.66525,-16.00298,7,3,6997,18840,2598,92,7280,64,79,5,,,,,,,,,,,,,,,,,,,,,,,,,,,,,
"",176405,5171,-16.00401,145.60003,B,12/08/2018 23:30:02,Argos,0,0,MA,,401677431.18,12/08/2018 23:30:03,1,1,0,-133,401677431.18,145.60003,-16.00401,145.60004,-16.00401,8,3,1485,1631,1351,85,3965,64,79,5,,,,,,,,,,,,,,,,,,,,,,,,,,,,,
"",176405,5171,-15.998,145.68898,B,12/09/2018 07:43:23,Argos,0,0,SR,,401677414.29,12/09/2018 07:43:23,1,1,0,-134,401677414.29,145.68898,-15.998,145.68898,-15.998,8,3,3924,5512,2792,94,11095,102,140,0,,,,,,,,,,,,,,,,,,,,,,,,,,,,,
"",176405,5171,-16.0082,145.59485,B,12/09/2018 17:38:47,Argos,0,0,NP,,401677400.4,12/09/2018 17:38:48,1,1,0,-135,401677400.4,145.59485,-16.0082,145.59485,-16.0082,8,3,7305,24500,2178,103,20320,79,76,5,,,,,,,,,,,,,,,,,,,,,,,,,,,,,
"",176405,5171,-16.05152,145.63862,B,12/09/2018 19:15:18,Argos,0,77,NP,,401677401.87,12/09/2018 19:14:40,1,2,0,-133,401677401.87,145.63862,-16.05152,145.63863,-16.05152,8,3,14154,527899,379,94,17214,32,177,0,0,0,185,181,170,9,222,246,159,84,140,248,79,86,201,13,116,70,225,206,232,215,228,45,96,255,128,151,
"",176405,5171,-16.05152,145.63862,B,12/09/2018 19:15:18,Argos,0,77,NP,,401677401.87,12/09/2018 19:15:57,1,2,0,-133,401677401.87,145.63862,-16.05152,145.63863,-16.05152,8,3,14154,527899,379,94,17214,79,76,21,,,,,,,,,,,,,,,,,,,,,,,,,,,,,
"",176405,5171,-16.06827,145.75047,B,12/09/2018 20:01:21,Argos,0,0,SR,,401677435.45,12/09/2018 20:01:22,1,1,0,-133,401677435.45,145.75047,-16.06827,145.75047,-16.06827,6,3,2534,37228,172,43,2269,82,249,19,,,,,,,,,,,,,,,,,,,,,,,,,,,,,
"",176405,5171,-16.06827,145.75047,B,12/09/2018 20:01:21,Argos,0,0,SR,,401677435.45,12/09/2018 20:06:11,1,1,0,-133,401677435.45,145.75047,-16.06827,145.75047,-16.06827,6,3,2534,37228,172,43,2269,10,0,16,,,,,,,,,,,,,,,,,,,,,,,,,,,,,
"",176405,5171,-16.07423,145.73546,A,12/09/2018 20:50:54,Argos,0,0,NK,,401677436.2,12/09/2018 20:50:55,1,1,0,-129,401677436.2,145.73546,-16.07423,145.73546,-16.07423,8,3,3365,82667,137,102,2050,22,75,24,,,,,,,,,,,,,,,,,,,,,,,,,,,,,
"",176405,5171,-16.07423,145.73546,A,12/09/2018 20:50:54,Argos,0,0,NK,,401677436.2,12/09/2018 20:53:04,1,1,0,-129,401677436.2,145.73546,-16.07423,145.73546,-16.07423,8,3,3365,82667,137,102,2050,74,77,5,,,,,,,,,,,,,,,,,,,,,,,,,,,,,
"",176405,5171,-16.07423,145.73546,A,12/09/2018 20:50:54,Argos,0,0,NK,,401677436.2,12/09/2018 20:57:05,1,1,0,-129,401677436.2,145.73546,-16.07423,145.73546,-16.07423,8,3,3365,82667,137,102,2050,10,0,16,,,,,,,,,,,,,,,,,,,,,,,,,,,,,
"",176405,5171,-16.09493,145.80224,B,12/09/2018 21:41:40,Argos,0,0,NN,,401677450.72,12/09/2018 21:41:40,1,1,0,-129,401677450.72,145.80224,-16.09493,145.80225,-16.09493,7,2,4466,7842,2543,110,5861,22,75,24,,,,,,,,,,,,,,,,,,,,,,,,,,,,,
"",176405,5171,-16.09312,145.78972,B,12/09/2018 21:41:40,Argos,0,0,SR,,401677444.37,12/09/2018 21:41:40,1,1,0,-135,401677444.37,145.78972,-16.09312,145.78972,-16.09312,0,3,3716,11046,1250,103,6897,22,75,24,,,,,,,,,,,,,,,,,,,,,,,,,,,,,
"",176405,5171,-16.28953,145.69528,A,12/10/2018 07:53:23,Argos,0,400,NP,,401677443.1,12/10/2018 07:49:04,1,3,0,-132,401677443.1,145.69528,-16.28953,145.69528,-16.28953,8,3,1144,13025,100,141,2491,65,74,5,,,,,,,,,,,,,,,,,,,,,,,,,,,,,
"",176405,5171,-16.28953,145.69528,A,12/10/2018 07:53:23,Argos,0,400,NP,,401677443.1,12/10/2018 07:55:23,1,3,0,-132,401677443.1,145.69528,-16.28953,145.69528,-16.28953,8,3,1144,13025,100,141,2491,91,135,20,,,,,,,,,,,,,,,,,,,,,,,,,,,,,
"",176405,5171,-16.28953,145.69528,A,12/10/2018 07:53:23,Argos,0,400,NP,,401677443.1,12/10/2018 07:55:44,1,3,0,-132,401677443.1,145.69528,-16.28953,145.69528,-16.28953,8,3,1144,13025,100,141,2491,102,140,0,,,,,,,,,,,,,,,,,,,,,,,,,,,,,
"",176405,5171,,,,,,,0,SR,,401650000,12/11/2018 20:37:23,1,1,0,-138,401650000,,,,,,,,,,,,10,0,16,,,,,,,,,,,,,,,,,,,,,,,,,,,,,
"",176405,5171,,,,,,,0,NK,,401650000,12/11/2018 21:38:33,1,1,0,-137,401650000,,,,,,,,,,,,32,177,64,0,8,0,4,64,0,0,0,64,165,2,28,10,177,33,0,159,244,32,2,71,247,59,254,197,49,20,181,
"",176405,5171,-16.39675,145.74726,A,12/11/2018 22:57:55,Argos,0,239,NN,,401677437.1,12/11/2018 22:55:33,1,3,0,-131,401677437.1,145.74726,-16.39675,145.74725,-16.39675,0,3,249,669,92,3,603,88,185,20,,,,,,,,,,,,,,,,,,,,,,,,,,,,,
"",176405,5171,-16.39675,145.74726,A,12/11/2018 22:57:55,Argos,0,239,NN,,401677437.1,12/11/2018 22:58:41,1,3,0,-131,401677437.1,145.74726,-16.39675,145.74725,-16.39675,0,3,249,669,92,3,603,10,0,16,,,,,,,,,,,,,,,,,,,,,,,,,,,,,
"",176405,5171,-16.39675,145.74726,A,12/11/2018 22:57:55,Argos,0,239,NN,,401677437.1,12/11/2018 22:59:32,1,3,0,-131,401677437.1,145.74726,-16.39675,145.74725,-16.39675,0,3,249,669,92,3,603,66,85,5,,,,,,,,,,,,,,,,,,,,,,,,,,,,,
"",176405,5171,-16.37653,145.75078,B,12/12/2018 09:50:40,Argos,0,0,NN,,401677442.92,12/12/2018 09:50:41,1,1,0,-130,401677442.92,145.75078,-16.37653,145.75078,-16.37653,8,3,3705,6693,2050,98,8075,102,140,0,,,,,,,,,,,,,,,,,,,,,,,,,,,,,
"",176405,5171,-16.38787,145.86842,2,12/12/2018 10:58:31,Argos,0,369,MA,,401677436.65,12/12/2018 10:52:23,1,4,0,-126,401677436.65,145.86842,-16.38787,145.86842,-16.38787,58,3,330,597,181,28,378,22,75,24,,,,,,,,,,,,,,,,,,,,,,,,,,,,,
"",176405,5171,-16.38787,145.86842,2,12/12/2018 10:58:31,Argos,0,369,MA,,401677436.65,12/12/2018 10:56:28,1,4,0,-126,401677436.65,145.86842,-16.38787,145.86842,-16.38787,58,3,330,597,181,28,378,91,233,20,,,,,,,,,,,,,,,,,,,,,,,,,,,,,
"",176405,5171,-16.38787,145.86842,2,12/12/2018 10:58:31,Argos,0,369,MA,,401677436.65,12/12/2018 10:57:07,1,4,0,-126,401677436.65,145.86842,-16.38787,145.86842,-16.38787,58,3,330,597,181,28,378,102,140,0,,,,,,,,,,,,,,,,,,,,,,,,,,,,,
"",176405,5171,-16.42516,145.88303,B,12/12/2018 10:58:31,Argos,0,0,MA,,401677453.3,12/12/2018 10:58:32,1,1,0,-126,401677453.3,145.88303,-16.42516,145.88303,-16.42516,8,3,3841,8919,1653,118,10859,10,0,16,,,,,,,,,,,,,,,,,,,,,,,,,,,,,
"",176405,5171,-16.39528,146.01445,B,12/12/2018 19:35:51,Argos,0,0,NK,,401677434.98,12/12/2018 19:35:51,1,1,0,-135,401677434.98,146.01445,-16.39528,146.01445,-16.39528,8,3,4531,6192,3315,80,7834,22,75,24,,,,,,,,,,,,,,,,,,,,,,,,,,,,,
"",176405,5171,-16.35767,146.14235,B,12/13/2018 11:19:23,Argos,0,26,NN,,401677453.26,12/13/2018 11:19:10,1,2,0,-128,401677453.26,146.14235,-16.35767,146.14235,-16.35767,0,3,2989,20930,426,87,7292,102,140,0,,,,,,,,,,,,,,,,,,,,,,,,,,,,,
"",176405,5171,-16.35767,146.14235,B,12/13/2018 11:19:23,Argos,0,26,NN,,401677453.26,12/13/2018 11:19:36,1,2,0,-128,401677453.26,146.14235,-16.35767,146.14235,-16.35767,0,3,2989,20930,426,87,7292,33,177,128,0,128,16,4,73,179,100,128,145,183,230,44,237,57,23,98,76,18,68,178,101,151,197,36,214,85,44,214,
"",176405,5171,-16.3744,146.29744,2,12/13/2018 19:36:52,Argos,0,479,SR,,401677443.95,12/13/2018 19:36:29,1,4,0,-130,401677443.95,146.29744,-16.3744,146.29744,-16.3744,58,3,500,1545,161,143,593,102,140,32,,,,,,,,,,,,,,,,,,,,,,,,,,,,,
"",176405,5171,-16.3744,146.29744,2,12/13/2018 19:36:52,Argos,0,479,SR,,401677443.95,12/13/2018 19:37:15,1,4,0,-130,401677443.95,146.29744,-16.3744,146.29744,-16.3744,58,3,500,1545,161,143,593,10,0,16,,,,,,,,,,,,,,,,,,,,,,,,,,,,,
"",176405,5171,-16.3744,146.29744,2,12/13/2018 19:36:52,Argos,0,479,SR,,401677443.95,12/13/2018 19:37:57,1,4,0,-130,401677443.95,146.29744,-16.3744,146.29744,-16.3744,58,3,500,1545,161,143,593,52,200,228,,,,,,,,,,,,,,,,,,,,,,,,,,,,,
"",176405,5171,-16.3744,146.29744,2,12/13/2018 19:36:52,Argos,0,479,SR,,401677443.95,12/13/2018 19:44:28,1,4,0,-130,401677443.95,146.29744,-16.3744,146.29744,-16.3744,58,3,500,1545,161,143,593,102,142,43,,,,,,,,,,,,,,,,,,,,,,,,,,,,,
"",176405,5171,-16.37579,146.53814,B,12/14/2018 09:25:09,Argos,0,0,NK,,401677448.64,12/14/2018 09:25:10,1,1,0,-127,401677448.64,146.53814,-16.37579,146.53815,-16.37579,0,3,6162,7181,5286,103,10562,10,0,16,,,,,,,,,,,,,,,,,,,,,,,,,,,,,
"",176405,5171,-15.91792,146.91516,A,12/16/2018 07:19:59,Argos,0,35,SR,,401677352.07,12/16/2018 07:19:42,1,3,0,-121,401677352.07,146.91516,-15.91792,146.91516,-15.91792,0,3,19320,82797,4508,137,3495,10,0,16,,,,,,,,,,,,,,,,,,,,,,,,,,,,,
"",176405,5171,-15.91792,146.91516,A,12/16/2018 07:19:59,Argos,0,35,SR,,401677352.07,12/16/2018 07:19:59,1,3,0,-121,401677352.07,146.91516,-15.91792,146.91516,-15.91792,0,3,19320,82797,4508,137,3495,22,75,24,,,,,,,,,,,,,,,,,,,,,,,,,,,,,
"",176405,5171,-15.91792,146.91516,A,12/16/2018 07:19:59,Argos,0,35,SR,,401677352.07,12/16/2018 07:20:17,1,3,0,-121,401677352.07,146.91516,-15.91792,146.91516,-15.91792,0,3,19320,82797,4508,137,3495,79,220,1,,,,,,,,,,,,,,,,,,,,,,,,,,,,,
"",176405,5171,-15.91076,146.94019,B,12/16/2018 09:04:36,Argos,0,0,SR,,401677397.69,12/16/2018 09:04:37,1,1,0,-138,401677397.69,146.94019,-15.91076,146.94019,-15.91076,6,3,29184,44036,19340,135,5279,22,75,24,,,,,,,,,,,,,,,,,,,,,,,,,,,,,
"",176405,5171,-15.97636,146.65495,A,12/17/2018 11:57:46,Argos,0,208,MB,,401677448.13,12/17/2018 11:56:00,1,3,0,-127,401677448.13,146.65495,-15.97636,146.65495,-15.97636,0,3,1246,5460,284,78,557,84,106,22,,,,,,,,,,,,,,,,,,,,,,,,,,,,,
"",176405,5171,-15.97636,146.65495,A,12/17/2018 11:57:46,Argos,0,208,MB,,401677448.13,12/17/2018 11:57:51,1,3,0,-127,401677448.13,146.65495,-15.97636,146.65495,-15.97636,0,3,1246,5460,284,78,557,10,0,16,,,,,,,,,,,,,,,,,,,,,,,,,,,,,
"",176405,5171,-15.97636,146.65495,A,12/17/2018 11:57:46,Argos,0,208,MB,,401677448.13,12/17/2018 11:59:28,1,3,0,-127,401677448.13,146.65495,-15.97636,146.65495,-15.97636,0,3,1246,5460,284,78,557,22,75,24,,,,,,,,,,,,,,,,,,,,,,,,,,,,,
"",176405,5171,-15.97546,146.65876,B,12/17/2018 12:28:10,Argos,0,0,MA,,401677450.64,12/17/2018 12:28:10,1,1,0,-131,401677450.64,146.65876,-15.97546,146.65875,-15.97546,8,2,4878,5340,4455,78,2190,22,75,24,,,,,,,,,,,,,,,,,,,,,,,,,,,,,
"",176405,5171,-16.18695,146.64232,B,12/17/2018 19:21:58,Argos,0,27,NP,,401677464.21,12/17/2018 19:21:44,1,2,0,-135,401677464.21,146.64232,-16.18695,146.64232,-16.18695,8,3,9885,29616,3299,104,5753,22,75,24,,,,,,,,,,,,,,,,,,,,,,,,,,,,,
"",176405,5171,-16.18695,146.64232,B,12/17/2018 19:21:58,Argos,0,27,NP,,401677464.21,12/17/2018 19:22:12,1,2,0,-135,401677464.21,146.64232,-16.18695,146.64232,-16.18695,8,3,9885,29616,3299,104,5753,74,93,5,,,,,,,,,,,,,,,,,,,,,,,,,,,,,
"",176405,5171,,,,,,,0,SR,,401650000,12/19/2018 07:31:41,1,1,0,-133,401650000,,,,,,,,,,,,32,178,64,0,0,0,0,0,12,40,151,98,183,30,0,135,48,88,11,71,164,254,8,216,161,176,27,250,157,13,131,
"",176405,5171,,,,,,,0,NN,,401650000,12/19/2018 23:07:26,1,1,0,-135,401650000,,,,,,,,,,,,32,178,64,0,0,0,0,0,8,55,255,129,55,51,0,140,163,106,214,181,42,70,20,165,2,59,235,53,82,1,234,
"",176405,5171,-16.3416,146.02101,A,12/20/2018 19:24:43,Argos,0,319,SR,,401677434.1,12/20/2018 19:21:22,1,3,0,-131,401677434.1,146.02101,-16.3416,146.02101,-16.3416,0,3,2856,49162,165,113,1994,91,247,22,,,,,,,,,,,,,,,,,,,,,,,,,,,,,
"",176405,5171,-16.3416,146.02101,A,12/20/2018 19:24:43,Argos,0,319,SR,,401677434.1,12/20/2018 19:26:07,1,3,0,-131,401677434.1,146.02101,-16.3416,146.02101,-16.3416,0,3,2856,49162,165,113,1994,77,102,5,,,,,,,,,,,,,,,,,,,,,,,,,,,,,
"",176405,5171,-16.3416,146.02101,A,12/20/2018 19:24:43,Argos,0,319,SR,,401677434.1,12/20/2018 19:26:41,1,3,0,-131,401677434.1,146.02101,-16.3416,146.02101,-16.3416,0,3,2856,49162,165,113,1994,92,252,6,,,,,,,,,,,,,,,,,,,,,,,,,,,,,
"",176405,5171,-16.12438,145.96557,B,12/23/2018 11:35:41,Argos,0,222,MB,,401677428.06,12/23/2018 11:33:50,1,2,0,-130,401677428.06,145.96557,-16.12438,145.96558,-16.12438,0,3,4877,335887,70,86,8032,82,49,24,,,,,,,,,,,,,,,,,,,,,,,,,,,,,
"",176405,5171,-16.12438,145.96557,B,12/23/2018 11:35:41,Argos,0,222,MB,,401677428.06,12/23/2018 11:37:32,1,2,0,-130,401677428.06,145.96557,-16.12438,145.96558,-16.12438,0,3,4877,335887,70,86,8032,10,32,16,,,,,,,,,,,,,,,,,,,,,,,,,,,,,
"",176405,5171,,,,,,,0,MA,,401650000,12/24/2018 11:45:14,1,1,0,-131,401650000,,,,,,,,,,,,97,116,52,,,,,,,,,,,,,,,,,,,,,,,,,,,,,
"",176405,5171,-15.76219,146.35749,1,12/24/2018 18:00:15,Argos,0,382,NP,,401677457.6,12/24/2018 17:59:36,1,4,0,-129,401677457.6,146.35749,-15.76219,146.35748,-15.76219,40,3,992,1440,683,143,223,66,85,5,,,,,,,,,,,,,,,,,,,,,,,,,,,,,
"",176405,5171,-15.76219,146.35749,1,12/24/2018 18:00:15,Argos,0,382,NP,,401677457.6,12/24/2018 18:01:50,1,4,0,-129,401677457.6,146.35749,-15.76219,146.35748,-15.76219,40,3,992,1440,683,143,223,22,75,24,,,,,,,,,,,,,,,,,,,,,,,,,,,,,
"",176405,5171,-15.76219,146.35749,1,12/24/2018 18:00:15,Argos,0,382,NP,,401677457.6,12/24/2018 18:04:30,1,4,0,-129,401677457.6,146.35749,-15.76219,146.35748,-15.76219,40,3,992,1440,683,143,223,74,93,5,,,,,,,,,,,,,,,,,,,,,,,,,,,,,
"",176405,5171,-15.76219,146.35749,1,12/24/2018 18:00:15,Argos,0,382,NP,,401677457.6,12/24/2018 18:05:58,2,4,0,-129,401677457.6,146.35749,-15.76219,146.35748,-15.76219,40,3,992,1440,683,143,223,104,138,0,,,,,,,,,,,,,,,,,,,,,,,,,,,,,
"",176405,5171,-15.76219,146.35749,1,12/24/2018 18:00:15,Argos,0,382,NP,,401677457.6,12/24/2018 18:06:50,1,4,0,-129,401677457.6,146.35749,-15.76219,146.35748,-15.76219,40,3,992,1440,683,143,223,22,75,19,,,,,,,,,,,,,,,,,,,,,,,,,,,,,
"",176405,5171,-15.77852,146.41495,B,12/25/2018 09:47:26,Argos,0,0,NK,,401677450.39,12/25/2018 09:47:27,1,1,0,-129,401677450.39,146.41495,-15.77852,146.41495,-15.77852,0,3,35314,81161,15365,97,9227,50,82,128,153,39,39,194,127,88,148,95,98,248,242,197,247,218,44,84,66,148,186,5,234,73,166,202,47,151,251,167,
"",176405,5171,-15.78915,146.08006,B,12/25/2018 11:32:15,Argos,0,0,MA,,401677471.18,12/25/2018 11:32:16,1,1,0,-130,401677471.18,146.08006,-15.78915,146.08006,-15.78915,8,3,17855,160370,1987,139,5629,22,75,24,,,,,,,,,,,,,,,,,,,,,,,,,,,,,
"",176405,5171,-15.93403,145.58638,B,12/27/2018 06:37:11,Argos,0,56,SR,,401677419.61,12/27/2018 06:36:43,1,2,0,-135,401677419.61,145.58638,-15.93403,145.58638,-15.93403,0,3,10737,25288,4558,159,4218,32,179,64,0,0,3,1,65,67,9,1,1,29,0,245,153,144,179,13,72,61,64,219,13,176,60,26,80,58,167,170,
"",176405,5171,-15.93403,145.58638,B,12/27/2018 06:37:11,Argos,0,56,SR,,401677419.61,12/27/2018 06:37:40,1,2,0,-135,401677419.61,145.58638,-15.93403,145.58638,-15.93403,0,3,10737,25288,4558,159,4218,10,8,16,,,,,,,,,,,,,,,,,,,,,,,,,,,,,
"",176405,5171,-15.90638,145.6556,B,12/27/2018 20:05:44,Argos,0,0,NK,,401677388.74,12/27/2018 20:05:44,1,1,0,-135,401677388.74,145.6556,-15.90638,145.6556,-15.90638,0,3,18986,26910,13395,155,10539,65,90,1,,,,,,,,,,,,,,,,,,,,,,,,,,,,,
"",176405,5171,-15.90987,145.59272,B,12/27/2018 23:28:57,Argos,0,0,MA,,401677406.49,12/27/2018 23:28:57,1,1,0,-124,401677406.49,145.59272,-15.90987,145.59271,-15.90987,7,3,40477,82381,19887,108,18608,69,94,5,,,,,,,,,,,,,,,,,,,,,,,,,,,,,
"",176405,5171,-15.91926,145.38546,B,12/28/2018 12:00:40,Argos,0,0,MA,,401677412.73,12/28/2018 12:00:40,1,1,0,-125,401677412.73,145.38546,-15.91926,145.38547,-15.91926,0,3,32268,66977,15545,77,20933,10,0,16,,,,,,,,,,,,,,,,,,,,,,,,,,,,,
"",176405,5171,-15.372,145.85189,A,12/28/2018 20:11:01,Argos,0,190,SR,,401677448.59,12/28/2018 20:11:02,1,3,0,-123,401677448.59,145.85189,-15.372,145.85188,-15.372,8,3,6429,14155,2920,92,349,10,0,16,,,,,,,,,,,,,,,,,,,,,,,,,,,,,
"",176405,5171,-15.372,145.85189,A,12/28/2018 20:11:01,Argos,0,190,SR,,401677448.59,12/28/2018 20:12:40,1,3,0,-123,401677448.59,145.85189,-15.372,145.85188,-15.372,8,3,6429,14155,2920,92,349,84,144,27,,,,,,,,,,,,,,,,,,,,,,,,,,,,,
"",176405,5171,-15.372,145.85189,A,12/28/2018 20:11:01,Argos,0,190,SR,,401677448.59,12/28/2018 20:14:12,1,3,0,-123,401677448.59,145.85189,-15.372,145.85188,-15.372,8,3,6429,14155,2920,92,349,22,75,24,,,,,,,,,,,,,,,,,,,,,,,,,,,,,
"",176405,5171,-15.3443,145.87375,B,12/29/2018 09:51:13,Argos,0,0,NN,,401677460.61,12/29/2018 09:51:13,1,1,0,-133,401677460.61,145.87375,-15.3443,145.87375,-15.3443,0,3,168054,232517,121462,119,9776,64,79,5,,,,,,,,,,,,,,,,,,,,,,,,,,,,,
"",176405,5171,-15.41097,146.04464,0,12/29/2018 11:33:14,Argos,0,223,NN,,401677449.27,12/29/2018 11:30:53,1,4,0,-129,401677449.27,146.04464,-15.41097,146.04465,-15.41097,48,3,3067,16743,561,83,1276,109,139,0,,,,,,,,,,,,,,,,,,,,,,,,,,,,,
"",176405,5171,-15.41097,146.04464,0,12/29/2018 11:33:14,Argos,0,223,NN,,401677449.27,12/29/2018 11:32:23,1,4,0,-129,401677449.27,146.04464,-15.41097,146.04465,-15.41097,48,3,3067,16743,561,83,1276,22,75,24,,,,,,,,,,,,,,,,,,,,,,,,,,,,,
"",176405,5171,-15.41097,146.04464,0,12/29/2018 11:33:14,Argos,0,223,NN,,401677449.27,12/29/2018 11:32:46,1,4,0,-129,401677449.27,146.04464,-15.41097,146.04465,-15.41097,48,3,3067,16743,561,83,1276,79,85,65,,,,,,,,,,,,,,,,,,,,,,,,,,,,,
"",176405,5171,-15.41097,146.04464,0,12/29/2018 11:33:14,Argos,0,223,NN,,401677449.27,12/29/2018 11:34:36,1,4,0,-129,401677449.27,146.04464,-15.41097,146.04465,-15.41097,48,3,3067,16743,561,83,1276,102,140,0,,,,,,,,,,,,,,,,,,,,,,,,,,,,,
"",176405,5171,-15.50054,145.91251,0,12/29/2018 18:41:28,Argos,0,141,NP,,401677459.6,12/29/2018 18:40:33,1,3,0,-130,401677459.6,145.91251,-15.50054,145.9125,-15.50054,48,3,2227,5958,832,69,861,80,208,131,220,168,40,58,164,110,202,139,80,82,57,3,24,5,125,231,7,63,186,22,,,,,,,,,
"",176405,5171,-15.50054,145.91251,0,12/29/2018 18:41:28,Argos,0,141,NP,,401677459.6,12/29/2018 18:40:59,1,3,0,-130,401677459.6,145.91251,-15.50054,145.9125,-15.50054,48,3,2227,5958,832,69,861,10,0,16,,,,,,,,,,,,,,,,,,,,,,,,,,,,,
"",176405,5171,-15.50054,145.91251,0,12/29/2018 18:41:28,Argos,0,141,NP,,401677459.6,12/29/2018 18:42:54,1,3,0,-130,401677459.6,145.91251,-15.50054,145.9125,-15.50054,48,3,2227,5958,832,69,861,92,133,28,,,,,,,,,,,,,,,,,,,,,,,,,,,,,
"",176405,5171,-15.50054,145.91251,0,12/29/2018 18:41:28,Argos,0,141,NP,,401677459.6,12/29/2018 18:48:53,2,3,0,-130,401677459.6,145.91251,-15.50054,145.9125,-15.50054,48,3,2227,5958,832,69,861,10,0,16,,,,,,,,,,,,,,,,,,,,,,,,,,,,,
"",176405,5171,-15.68473,146.18882,B,12/30/2018 11:22:14,Argos,0,0,NN,,401677460.35,12/30/2018 11:22:14,1,1,0,-127,401677460.35,146.18882,-15.68473,146.18883,-15.68473,0,3,17624,39601,7843,54,9466,76,82,22,,,,,,,,,,,,,,,,,,,,,,,,,,,,,
"",176405,5171,-15.81574,146.01312,B,12/30/2018 11:22:14,Argos,0,0,MA,,401677442.4,12/30/2018 11:22:14,1,1,0,-120,401677442.4,146.01312,-15.81574,146.01312,-15.81574,0,3,11053,19973,6116,103,7249,76,88,208,,,,,,,,,,,,,,,,,,,,,,,,,,,,,
"",176405,5171,-15.9867,145.80309,A,12/30/2018 20:51:36,Argos,0,187,SR,,401677452.08,12/30/2018 20:50:25,1,3,0,-124,401677452.08,145.80309,-15.9867,145.80309,-15.9867,8,3,3724,50570,274,86,2223,10,0,16,,,,,,,,,,,,,,,,,,,,,,,,,,,,,
"",176405,5171,-15.9867,145.80309,A,12/30/2018 20:51:36,Argos,0,187,SR,,401677452.08,12/30/2018 20:50:52,1,3,0,-124,401677452.08,145.80309,-15.9867,145.80309,-15.9867,8,3,3724,50570,274,86,2223,22,75,24,,,,,,,,,,,,,,,,,,,,,,,,,,,,,
"",176405,5171,-15.9867,145.80309,A,12/30/2018 20:51:36,Argos,0,187,SR,,401677452.08,12/30/2018 20:53:32,1,3,0,-124,401677452.08,145.80309,-15.9867,145.80309,-15.9867,8,3,3724,50570,274,86,2223,72,87,5,,,,,,,,,,,,,,,,,,,,,,,,,,,,,
"",176405,5171,-15.98496,146.36208,B,01/01/2019 11:00:25,Argos,0,59,NN,,401677392.84,01/01/2019 10:59:56,1,2,0,-129,401677392.84,146.36208,-15.98496,146.36208,-15.98496,0,3,5332,19762,1438,167,2124,22,75,24,,,,,,,,,,,,,,,,,,,,,,,,,,,,,
"",176405,5171,-15.98496,146.36208,B,01/01/2019 11:00:25,Argos,0,59,NN,,401677392.84,01/01/2019 11:00:56,1,2,0,-129,401677392.84,146.36208,-15.98496,146.36208,-15.98496,0,3,5332,19762,1438,167,2124,73,66,5,,,,,,,,,,,,,,,,,,,,,,,,,,,,,
"",176405,5171,-16.17514,146.36271,B,01/01/2019 18:13:45,Argos,0,0,NP,,401677479.58,01/01/2019 18:13:45,1,1,0,-127,401677479.58,146.36271,-16.17514,146.36272,-16.17514,7,3,14640,21931,9772,121,7099,102,140,0,,,,,,,,,,,,,,,,,,,,,,,,,,,,,
"",176405,5171,-16.16703,146.33669,B,01/01/2019 21:49:09,Argos,0,56,MA,,401677473.34,01/01/2019 21:48:41,1,2,0,-126,401677473.34,146.33669,-16.16703,146.33669,-16.16703,8,3,17324,79014,3798,174,7746,91,144,131,220,168,40,58,164,96,215,13,146,84,59,191,24,1,213,57,210,225,255,192,,,,,,,,,
"",176405,5171,-16.16703,146.33669,B,01/01/2019 21:49:09,Argos,0,56,MA,,401677473.34,01/01/2019 21:49:38,1,2,0,-126,401677473.34,146.33669,-16.16703,146.33669,-16.16703,8,3,17324,79014,3798,174,7746,87,226,29,,,,,,,,,,,,,,,,,,,,,,,,,,,,,
"",176405,5171,-16.64784,146.5409,B,01/03/2019 19:33:42,Argos,0,122,NP,,401677493.94,01/03/2019 19:32:42,1,2,0,-130,401677493.94,146.5409,-16.64784,146.5409,-16.64784,0,3,4542,84867,243,83,12847,109,139,0,,,,,,,,,,,,,,,,,,,,,,,,,,,,,
"",176405,5171,-16.64784,146.5409,B,01/03/2019 19:33:42,Argos,0,122,NP,,401677493.94,01/03/2019 19:34:44,1,2,0,-130,401677493.94,146.5409,-16.64784,146.5409,-16.64784,0,3,4542,84867,243,83,12847,10,0,16,,,,,,,,,,,,,,,,,,,,,,,,,,,,,
"",176405,5171,,,,,,,0,NK,,401650000,01/05/2019 10:12:48,1,1,0,-131,401650000,,,,,,,,,,,,87,188,30,,,,,,,,,,,,,,,,,,,,,,,,,,,,,
"",176405,5171,,,,,,,0,NN,,401650000,01/05/2019 10:16:27,1,1,0,-130,401650000,,,,,,,,,,,,22,75,24,,,,,,,,,,,,,,,,,,,,,,,,,,,,,
"",176405,5171,,,,,,,0,SR,,401650000,01/06/2019 08:11:23,1,1,0,-138,401650000,,,,,,,,,,,,32,196,160,0,4,0,32,0,5,6,16,81,247,125,223,4,119,129,49,55,155,109,186,167,32,91,128,119,181,43,213,
"",176405,5171,-16.43736,146.71562,B,01/06/2019 09:42:51,Argos,0,380,NK,,401677483.9,01/06/2019 09:39:41,1,2,0,-130,401677483.9,146.71562,-16.43736,146.71562,-16.43736,0,3,4262,248820,73,109,9303,102,140,0,,,,,,,,,,,,,,,,,,,,,,,,,,,,,
"",176405,5171,,,,,,,0,NK,,401650000,01/06/2019 09:46:01,1,1,0,-130,401650000,,,,,,,,,,,,79,76,5,,,,,,,,,,,,,,,,,,,,,,,,,,,,,
"",176405,5171,-16.42567,146.67231,B,01/06/2019 09:59:33,Argos,0,0,NN,,401650000,01/06/2019 09:59:34,1,1,0,-133,401650000,146.67231,-16.42567,146.67232,-16.42567,6,3,2911,22078,383,110,8230,102,140,0,,,,,,,,,,,,,,,,,,,,,,,,,,,,,
"",176405,5171,-16.4001,146.6421,A,01/06/2019 10:42:05,Argos,0,256,MA,,401677473.6,01/06/2019 10:37:50,1,3,0,-129,401677473.6,146.6421,-16.4001,146.6421,-16.4001,8,3,2468,39243,155,99,3484,10,0,16,,,,,,,,,,,,,,,,,,,,,,,,,,,,,
"",176405,5171,-16.4001,146.6421,A,01/06/2019 10:42:05,Argos,0,256,MA,,401677473.6,01/06/2019 10:38:07,1,3,0,-129,401677473.6,146.6421,-16.4001,146.6421,-16.4001,8,3,2468,39243,155,99,3484,22,75,24,,,,,,,,,,,,,,,,,,,,,,,,,,,,,
"",176405,5171,-16.44093,146.70948,B,01/06/2019 10:42:05,Argos,0,0,MA,,401677494.44,01/06/2019 10:42:06,1,1,0,-133,401677494.44,146.70948,-16.44093,,,8,3,3306,14716,742,109,9347,86,103,31,,,,,,,,,,,,,,,,,,,,,,,,,,,,,
"",176405,5171,-16.39471,146.62002,B,01/06/2019 11:48:16,Argos,0,0,MB,,401677456.99,01/06/2019 11:48:17,1,1,0,-133,401677456.99,146.62002,-16.39471,146.62003,-16.39471,8,3,4192,7993,2198,99,4671,22,75,24,,,,,,,,,,,,,,,,,,,,,,,,,,,,,
"",176405,5171,-16.36608,146.54785,B,01/06/2019 12:19:02,Argos,0,119,MA,,401677432.11,01/06/2019 12:18:03,1,2,0,-125,401677432.11,146.54785,-16.36608,146.54785,-16.36608,8,3,2967,32880,267,58,3029,82,130,31,,,,,,,,,,,,,,,,,,,,,,,,,,,,,
"",176405,5171,-16.36608,146.54785,B,01/06/2019 12:19:02,Argos,0,119,MA,,401677432.11,01/06/2019 12:20:02,1,2,0,-125,401677432.11,146.54785,-16.36608,146.54785,-16.36608,8,3,2967,32880,267,58,3029,22,75,24,,,,,,,,,,,,,,,,,,,,,,,,,,,,,
"",176405,5171,-15.94832,145.40752,B,01/07/2019 09:14:39,Argos,0,0,NK,,401677410.91,01/07/2019 09:14:40,1,1,0,-132,401677410.91,145.40752,-15.94832,145.40752,-15.94832,0,3,20130,21648,18717,67,13981,10,0,16,,,,,,,,,,,,,,,,,,,,,,,,,,,,,
"",176405,5171,-15.81764,144.96565,B,01/07/2019 17:03:25,Argos,0,0,NP,,401677415.67,01/07/2019 17:03:26,1,1,0,-138,401677415.67,144.96565,-15.81764,144.96565,-15.81764,8,2,18524,36094,9506,113,12866,82,240,131,220,168,40,58,164,99,196,57,210,16,72,75,24,1,163,63,213,65,255,192,,,,,,,,,
"",176405,5171,-16.38613,146.02083,B,01/08/2019 07:08:29,Argos,0,0,SR,,401677413.43,01/08/2019 07:08:30,1,1,0,-138,401677413.43,146.02083,-16.38613,146.02083,-16.38613,0,3,23516,53982,10244,117,22544,75,88,5,,,,,,,,,,,,,,,,,,,,,,,,,,,,,
"",176405,5171,-16.42997,146.15886,B,01/08/2019 08:51:24,Argos,0,68,NK,,401677448.17,01/08/2019 08:50:51,1,2,0,-127,401677448.17,146.15886,-16.42997,146.15886,-16.42997,7,3,3497,44283,276,100,8373,32,196,224,0,0,0,0,0,0,8,40,176,102,255,0,202,228,164,69,157,26,230,22,145,72,122,154,31,80,72,52,
"",176405,5171,-16.42997,146.15886,B,01/08/2019 08:51:24,Argos,0,68,NK,,401677448.17,01/08/2019 08:51:59,1,2,0,-127,401677448.17,146.15886,-16.42997,146.15886,-16.42997,7,3,3497,44283,276,100,8373,102,140,0,,,,,,,,,,,,,,,,,,,,,,,,,,,,,
"",176405,5171,-16.53658,146.22005,B,01/08/2019 18:26:49,Argos,0,0,NP,,401677444.76,01/08/2019 18:26:49,1,1,0,-131,401677444.76,146.22005,-16.53658,146.22005,-16.53658,8,3,3776,292819,48,100,10679,80,124,32,,,,,,,,,,,,,,,,,,,,,,,,,,,,,
"",176405,5171,-16.53658,146.22005,B,01/08/2019 18:26:49,Argos,0,0,NP,,401677444.76,01/08/2019 18:29:54,1,1,0,-131,401677444.76,146.22005,-16.53658,146.22005,-16.53658,8,3,3776,292819,48,100,10679,102,140,0,,,,,,,,,,,,,,,,,,,,,,,,,,,,,
"",176405,5171,-16.62189,146.26671,B,01/09/2019 18:14:35,Argos,0,0,NP,,401677380.44,01/09/2019 18:14:36,1,1,0,-136,401677380.44,146.26671,-16.62189,146.26671,-16.62189,0,2,6118,9409,3978,90,17305,10,0,16,,,,,,,,,,,,,,,,,,,,,,,,,,,,,
"",176405,5171,-16.46376,145.85168,B,01/10/2019 00:04:52,Argos,0,36,MA,,401677416.65,01/10/2019 00:04:35,1,2,0,-130,401677416.65,145.85168,-16.46376,145.85168,-16.46376,8,3,2234,14072,354,134,6055,99,141,0,,,,,,,,,,,,,,,,,,,,,,,,,,,,,
"",176405,5171,-16.46376,145.85168,B,01/10/2019 00:04:52,Argos,0,36,MA,,401677416.65,01/10/2019 00:05:11,1,2,0,-130,401677416.65,145.85168,-16.46376,145.85168,-16.46376,8,3,2234,14072,354,134,6055,10,0,16,,,,,,,,,,,,,,,,,,,,,,,,,,,,,
"",176405,5171,-16.41737,145.72055,B,01/10/2019 06:55:09,Argos,0,0,NP,,401677442.36,01/10/2019 06:55:10,1,1,0,-128,401677442.36,145.72055,-16.41737,145.72055,-16.41737,8,3,3288,9200,1175,74,6392,10,0,16,,,,,,,,,,,,,,,,,,,,,,,,,,,,,
"",176405,5171,-16.40944,145.74283,B,01/10/2019 07:36:02,Argos,0,0,SR,,401677441.45,01/10/2019 07:36:03,1,1,0,-132,401677441.45,145.74283,-16.40944,145.74283,-16.40944,8,2,6207,34557,1115,76,12147,33,236,17,55,138,222,253,255,254,255,255,255,245,169,255,147,98,128,0,0,0,0,0,0,0,0,1,190,127,128,54,
"",176405,5171,-16.37752,145.67477,B,01/10/2019 18:09:43,Argos,0,0,NP,,401677426.51,01/10/2019 18:09:43,1,1,0,-132,401677426.51,145.67477,-16.37752,145.67477,-16.37752,8,3,2514,19373,326,106,7106,32,197,32,8,0,192,41,28,85,248,132,237,206,243,255,194,40,49,148,162,46,13,4,140,252,174,26,97,107,1,199,
"",176405,5171,-16.37752,145.67477,B,01/10/2019 18:09:43,Argos,0,0,NP,,401677426.51,01/10/2019 18:10:12,1,1,0,-132,401677426.51,145.67477,-16.37752,145.67477,-16.37752,8,3,2514,19373,326,106,7106,99,141,0,,,,,,,,,,,,,,,,,,,,,,,,,,,,,
"",176405,5171,,,,,,,0,NK,,401650000,01/11/2019 20:25:04,1,1,0,-129,401650000,,,,,,,,,,,,91,197,32,,,,,,,,,,,,,,,,,,,,,,,,,,,,,
"",176405,5171,,,,,,,0,NK,,401650000,01/12/2019 08:59:27,1,1,0,-130,401650000,,,,,,,,,,,,10,0,16,,,,,,,,,,,,,,,,,,,,,,,,,,,,,
"",176405,5171,,,,,,,0,NP,,401650000,01/15/2019 07:39:04,1,1,0,-127,401650000,,,,,,,,,,,,90,30,33,,,,,,,,,,,,,,,,,,,,,,,,,,,,,
"",176405,5171,,,,,,,0,SR,,401650000,01/15/2019 20:47:31,1,1,0,-132,401650000,,,,,,,,,,,,11,32,26,,,,,,,,,,,,,,,,,,,,,,,,,,,,,
"",176405,5171,-16.37598,145.71818,B,01/17/2019 11:48:47,Argos,0,329,MA,,401677427.56,01/17/2019 11:46:03,1,2,0,-125,401677427.56,145.71818,-16.37598,145.71819,-16.37598,0,3,13187,591679,293,118,21740,32,197,224,0,0,0,0,0,0,0,0,0,41,255,63,251,197,192,0,0,0,0,0,0,0,0,0,65,255,3,37,
"",176405,5171,,,,,,,0,MA,,401650000,01/17/2019 11:51:32,1,1,0,-125,401650000,,,,,,,,,,,,66,101,5,,,,,,,,,,,,,,,,,,,,,,,,,,,,,
"",176405,5171,-16.37864,145.74874,B,01/18/2019 11:05:43,Argos,0,0,NN,,401677430.54,01/18/2019 11:05:43,1,1,0,-125,401677430.54,145.74874,-16.37864,145.74873,-16.37864,0,3,58978,224657,15482,108,37059,32,198,32,3,2,33,0,136,0,0,0,0,4,255,0,182,198,32,1,33,169,74,80,164,128,0,0,27,255,12,137,
"",176405,5171,-16.41039,145.81947,B,01/18/2019 20:54:40,Argos,0,0,SR,,401677434.44,01/18/2019 20:54:40,1,1,0,-124,401677434.44,145.81947,-16.41039,145.81947,-16.41039,8,3,31253,75212,12986,47,13918,32,198,161,149,203,250,114,3,112,18,190,83,204,229,64,187,31,171,196,251,238,30,254,145,126,107,29,231,244,229,170,
"",176405,5171,-16.41321,145.81593,B,01/18/2019 20:54:40,Argos,0,0,NK,,401677434.86,01/18/2019 20:54:40,1,1,0,-129,401677434.86,145.81593,-16.41321,145.81593,-16.41321,0,3,19277,76898,4832,58,12139,48,198,51,113,144,170,103,44,210,233,237,147,187,98,220,206,36,30,87,7,136,169,25,28,22,102,144,161,146,58,20,
"",176405,5171,-16.43716,145.8615,B,01/19/2019 18:09:14,Argos,0,0,NP,,401677438.8,01/19/2019 18:09:15,1,1,0,-137,401677438.8,145.8615,-16.43716,145.8615,-16.43716,0,2,35436,46077,27251,50,16342,22,75,24,,,,,,,,,,,,,,,,,,,,,,,,,,,,,
"",176405,5171,-16.41731,145.84482,B,01/20/2019 17:52:04,Argos,0,0,NP,,401677436.38,01/20/2019 17:52:05,1,1,0,-129,401677436.38,145.84482,-16.41731,145.84482,-16.41731,0,3,5988,22035,1627,94,16936,102,140,0,,,,,,,,,,,,,,,,,,,,,,,,,,,,,
"",176405,5171,-16.45717,145.79274,B,01/21/2019 12:06:46,Argos,0,245,MA,,401677442.89,01/21/2019 12:02:41,1,2,1,-116,401677442.89,145.79274,-16.45717,145.79274,-16.45717,0,3,5408,607968,48,95,15292,93,107,34,,,,,,,,,,,,,,,,,,,,,,,,,,,,,
"",176405,5171,-16.43189,145.92257,B,01/21/2019 12:06:46,Argos,0,0,MA,,401677437.66,01/21/2019 12:06:46,1,1,1,-116,401677437.66,145.92257,-16.43189,145.92258,-16.43189,0,3,7069,41370,1207,87,19993,10,0,16,,,,,,,,,,,,,,,,,,,,,,,,,,,,,
"",176405,5171,-16.45802,145.80324,B,01/21/2019 12:06:46,Argos,0,0,NN,,401677446.69,01/21/2019 12:06:46,1,1,0,-132,401677446.69,145.80324,-16.45802,145.80324,-16.45802,0,3,5338,571123,49,95,15102,10,0,16,,,,,,,,,,,,,,,,,,,,,,,,,,,,,
"",176405,5171,-16.43424,145.79557,B,01/23/2019 10:05:26,Argos,0,82,NN,,401677449.97,01/23/2019 10:04:45,1,2,0,-131,401677449.97,145.79557,-16.43424,145.79556,-16.43424,0,3,3056,57872,161,122,8640,17,237,216,,,,,,,,,,,,,,,,,,,,,,,,,,,,,
"",176405,5171,-16.43424,145.79557,B,01/23/2019 10:05:26,Argos,0,82,NN,,401677449.97,01/23/2019 10:06:08,1,2,0,-131,401677449.97,145.79557,-16.43424,145.79556,-16.43424,0,3,3056,57872,161,122,8640,102,140,0,,,,,,,,,,,,,,,,,,,,,,,,,,,,,
"",176405,5171,-16.42425,145.78469,A,01/23/2019 20:05:06,Argos,0,67,SR,,401677431.19,01/23/2019 20:04:59,1,3,0,-132,401677431.19,145.78469,-16.42425,145.78468,-16.42425,8,3,2465,9662,628,43,6966,10,0,16,,,,,,,,,,,,,,,,,,,,,,,,,,,,,
"",176405,5171,-16.42425,145.78469,A,01/23/2019 20:05:06,Argos,0,67,SR,,401677431.19,01/23/2019 20:05:14,1,3,0,-132,401677431.19,145.78469,-16.42425,145.78468,-16.42425,8,3,2465,9662,628,43,6966,22,75,24,,,,,,,,,,,,,,,,,,,,,,,,,,,,,
"",176405,5171,-16.42425,145.78469,A,01/23/2019 20:05:06,Argos,0,67,SR,,401677431.19,01/23/2019 20:06:06,1,3,0,-132,401677431.19,145.78469,-16.42425,145.78468,-16.42425,8,3,2465,9662,628,43,6966,78,73,5,,,,,,,,,,,,,,,,,,,,,,,,,,,,,
"",176405,5171,-16.42317,145.79891,3,01/23/2019 20:26:54,Argos,0,402,NK,,401677431.77,01/23/2019 20:23:46,1,9,0,-123,401677431.77,145.79891,-16.42317,145.7989,-16.42317,56,3,194,587,64,79,232,75,72,5,,,,,,,,,,,,,,,,,,,,,,,,,,,,,
"",176405,5171,-16.42317,145.79891,3,01/23/2019 20:26:54,Argos,0,402,NK,,401677431.77,01/23/2019 20:24:21,1,9,0,-123,401677431.77,145.79891,-16.42317,145.7989,-16.42317,56,3,194,587,64,79,232,93,59,35,,,,,,,,,,,,,,,,,,,,,,,,,,,,,
"",176405,5171,-16.42317,145.79891,3,01/23/2019 20:26:54,Argos,0,402,NK,,401677431.77,01/23/2019 20:28:26,1,9,0,-123,401677431.77,145.79891,-16.42317,145.7989,-16.42317,56,3,194,587,64,79,232,69,176,131,76,170,105,50,141,107,209,202,147,146,70,89,116,246,190,89,107,20,86,240,,,,,,,,,
"",176405,5171,-16.42317,145.79891,3,01/23/2019 20:26:54,Argos,0,402,NK,,401677431.77,01/23/2019 20:28:40,2,9,0,-123,401677431.77,145.79891,-16.42317,145.7989,-16.42317,56,3,194,587,64,79,232,22,75,24,,,,,,,,,,,,,,,,,,,,,,,,,,,,,
"",176405,5171,-16.42317,145.79891,3,01/23/2019 20:26:54,Argos,0,402,NK,,401677431.77,01/23/2019 20:29:17,1,9,0,-123,401677431.77,145.79891,-16.42317,145.7989,-16.42317,56,3,194,587,64,79,232,92,65,35,,,,,,,,,,,,,,,,,,,,,,,,,,,,,
"",176405,5171,-16.42317,145.79891,3,01/23/2019 20:26:54,Argos,0,402,NK,,401677431.77,01/23/2019 20:29:35,2,9,0,-123,401677431.77,145.79891,-16.42317,145.7989,-16.42317,56,3,194,587,64,79,232,109,139,0,,,,,,,,,,,,,,,,,,,,,,,,,,,,,
"",176405,5171,-16.42317,145.79891,3,01/23/2019 20:26:54,Argos,0,402,NK,,401677431.77,01/23/2019 20:29:50,1,9,0,-123,401677431.77,145.79891,-16.42317,145.7989,-16.42317,56,3,194,587,64,79,232,10,0,16,,,,,,,,,,,,,,,,,,,,,,,,,,,,,
"",176405,5171,-16.41363,145.79883,B,01/24/2019 09:52:29,Argos,0,0,NN,,401677434.36,01/24/2019 09:52:29,1,1,0,-135,401677434.36,145.79883,-16.41363,145.79883,-16.41363,0,3,5628,11523,2748,84,8723,76,176,135,92,168,168,58,164,108,39,75,86,84,70,175,24,77,173,34,214,17,255,192,,,,,,,,,
"",176405,5171,-16.41268,145.79023,B,01/24/2019 12:42:23,Argos,0,0,MA,,401677438.15,01/24/2019 12:42:24,1,1,0,-127,401677438.15,145.79023,-16.41268,145.79024,-16.41268,8,3,5369,7682,3752,77,8896,10,0,16,,,,,,,,,,,,,,,,,,,,,,,,,,,,,
"",176405,5171,-16.43993,145.76053,1,01/24/2019 20:01:14,Argos,0,158,NK,,401677415.48,01/24/2019 20:00:07,1,4,0,-132,401677415.48,145.76053,-16.43993,145.76053,-16.43993,58,3,670,3069,146,68,1388,77,77,5,,,,,,,,,,,,,,,,,,,,,,,,,,,,,
"",176405,5171,-16.43993,145.76053,1,01/24/2019 20:01:14,Argos,0,158,NK,,401677415.48,01/24/2019 20:00:42,1,4,0,-132,401677415.48,145.76053,-16.43993,145.76053,-16.43993,58,3,670,3069,146,68,1388,80,109,35,,,,,,,,,,,,,,,,,,,,,,,,,,,,,
"",176405,5171,-16.43993,145.76053,1,01/24/2019 20:01:14,Argos,0,158,NK,,401677415.48,01/24/2019 20:01:26,1,4,0,-132,401677415.48,145.76053,-16.43993,145.76053,-16.43993,58,3,670,3069,146,68,1388,102,140,0,,,,,,,,,,,,,,,,,,,,,,,,,,,,,
"",176405,5171,-16.43993,145.76053,1,01/24/2019 20:01:14,Argos,0,158,NK,,401677415.48,01/24/2019 20:02:45,1,4,0,-132,401677415.48,145.76053,-16.43993,145.76053,-16.43993,58,3,670,3069,146,68,1388,10,0,16,,,,,,,,,,,,,,,,,,,,,,,,,,,,,
"",176405,5171,-16.40513,145.76983,B,01/25/2019 07:24:08,Argos,0,0,NP,,401677427.09,01/25/2019 07:24:09,1,1,0,-126,401677427.09,145.76983,-16.40513,145.76984,-16.40513,8,3,3002,5100,1767,101,8488,94,138,35,,,,,,,,,,,,,,,,,,,,,,,,,,,,,
"",176405,5171,-16.45551,145.77752,3,01/27/2019 22:08:50,Argos,0,475,NN,,401677433.29,01/27/2019 22:08:34,1,7,0,-127,401677433.29,145.77752,-16.45551,145.77753,-16.45551,50,3,140,392,49,97,250,99,141,0,,,,,,,,,,,,,,,,,,,,,,,,,,,,,
"",176405,5171,-16.45551,145.77752,3,01/27/2019 22:08:50,Argos,0,475,NN,,401677433.29,01/27/2019 22:11:16,1,7,0,-127,401677433.29,145.77752,-16.45551,145.77753,-16.45551,50,3,140,392,49,97,250,85,226,35,,,,,,,,,,,,,,,,,,,,,,,,,,,,,
"",176405,5171,-16.45551,145.77752,3,01/27/2019 22:08:50,Argos,0,475,NN,,401677433.29,01/27/2019 22:14:06,2,7,0,-127,401677433.29,145.77752,-16.45551,145.77753,-16.45551,50,3,140,392,49,97,250,22,75,24,,,,,,,,,,,,,,,,,,,,,,,,,,,,,
"",176405,5171,-16.45551,145.77752,3,01/27/2019 22:08:50,Argos,0,475,NN,,401677433.29,01/27/2019 22:14:34,2,7,0,-127,401677433.29,145.77752,-16.45551,145.77753,-16.45551,50,3,140,392,49,97,250,71,68,5,,,,,,,,,,,,,,,,,,,,,,,,,,,,,
"",176405,5171,-16.45551,145.77752,3,01/27/2019 22:08:50,Argos,0,475,NN,,401677433.29,01/27/2019 22:16:29,1,7,0,-127,401677433.29,145.77752,-16.45551,145.77753,-16.45551,50,3,140,392,49,97,250,84,231,35,,,,,,,,,,,,,,,,,,,,,,,,,,,,,
"",176405,5171,-16.45617,145.77698,B,01/27/2019 22:53:43,Argos,0,0,MA,,401677433.07,01/27/2019 22:53:43,1,1,0,-131,401677433.07,145.77698,-16.45617,145.77698,-16.45617,8,3,1764,1849,1682,106,2574,99,141,0,,,,,,,,,,,,,,,,,,,,,,,,,,,,,
"",176405,5171,-16.45672,145.78108,2,01/28/2019 00:26:01,Argos,0,356,MA,,401677440.77,01/28/2019 00:25:54,1,5,0,-128,401677440.77,145.78108,-16.45672,145.78108,-16.45672,58,3,350,1709,71,56,914,22,75,24,,,,,,,,,,,,,,,,,,,,,,,,,,,,,
"",176405,5171,-16.45672,145.78108,2,01/28/2019 00:26:01,Argos,0,356,MA,,401677440.77,01/28/2019 00:26:09,1,5,0,-128,401677440.77,145.78108,-16.45672,145.78108,-16.45672,58,3,350,1709,71,56,914,78,41,5,,,,,,,,,,,,,,,,,,,,,,,,,,,,,
"",176405,5171,-16.45672,145.78108,2,01/28/2019 00:26:01,Argos,0,356,MA,,401677440.77,01/28/2019 00:30:31,1,5,0,-128,401677440.77,145.78108,-16.45672,145.78108,-16.45672,58,3,350,1709,71,56,914,95,28,36,,,,,,,,,,,,,,,,,,,,,,,,,,,,,
"",176405,5171,-16.45672,145.78108,2,01/28/2019 00:26:01,Argos,0,356,MA,,401677440.77,01/28/2019 00:31:24,1,5,0,-128,401677440.77,145.78108,-16.45672,145.78108,-16.45672,58,3,350,1709,71,56,914,99,141,0,,,,,,,,,,,,,,,,,,,,,,,,,,,,,
"",176405,5171,-16.45672,145.78108,2,01/28/2019 00:26:01,Argos,0,356,MA,,401677440.77,01/28/2019 00:31:50,1,5,0,-128,401677440.77,145.78108,-16.45672,145.78108,-16.45672,58,3,350,1709,71,56,914,10,0,16,,,,,,,,,,,,,,,,,,,,,,,,,,,,,
"",176405,5171,-16.48007,145.79858,B,01/28/2019 19:45:13,Argos,0,0,NP,,401677448.9,01/28/2019 19:45:14,1,1,0,-134,401677448.9,145.79858,-16.48007,145.79858,-16.48007,0,3,4111,5657,2987,55,11626,83,16,131,220,168,40,58,164,110,78,215,146,18,72,113,26,11,116,49,213,97,255,192,,,,,,,,,
"",176405,5171,-16.43545,145.88018,B,01/28/2019 22:31:55,Argos,0,0,MA,,401677432.2,01/28/2019 22:31:55,1,1,0,-133,401677432.2,145.88018,-16.43545,145.88017,-16.43545,8,3,3225,5155,2017,156,9119,10,0,16,,,,,,,,,,,,,,,,,,,,,,,,,,,,,
"",176405,5171,,,,,,,0,MA,,401650000,01/29/2019 23:46:03,1,1,0,-127,401650000,,,,,,,,,,,,68,81,0,,,,,,,,,,,,,,,,,,,,,,,,,,,,,
"",176405,5171,-16.08402,146.22166,A,01/31/2019 07:47:30,Argos,0,68,NP,,401677506.52,01/31/2019 07:46:59,1,3,0,-132,401677506.52,146.22166,-16.08402,146.22166,-16.08402,0,3,7038,76422,648,47,16251,78,89,5,,,,,,,,,,,,,,,,,,,,,,,,,,,,,
"",176405,5171,-16.08402,146.22166,A,01/31/2019 07:47:30,Argos,0,68,NP,,401677506.52,01/31/2019 07:47:25,1,3,0,-132,401677506.52,146.22166,-16.08402,146.22166,-16.08402,0,3,7038,76422,648,47,16251,87,154,36,,,,,,,,,,,,,,,,,,,,,,,,,,,,,
"",176405,5171,-16.08402,146.22166,A,01/31/2019 07:47:30,Argos,0,68,NP,,401677506.52,01/31/2019 07:48:07,1,3,0,-132,401677506.52,146.22166,-16.08402,146.22166,-16.08402,0,3,7038,76422,648,47,16251,99,13,49,,,,,,,,,,,,,,,,,,,,,,,,,,,,,
"",176405,5171,-16.07728,146.26415,B,01/31/2019 08:27:06,Argos,0,0,SR,,401677583.47,01/31/2019 08:27:07,1,1,0,-124,401677583.47,146.26415,-16.07728,146.26414,-16.07728,5,3,47814,246051,9291,50,10814,22,75,24,,,,,,,,,,,,,,,,,,,,,,,,,,,,,
"",176405,5171,-16.38214,146.07323,B,01/31/2019 10:56:55,Argos,0,0,NK,,401677416.87,01/31/2019 10:56:55,1,1,0,-135,401677416.87,146.07323,-16.38214,146.07323,-16.38214,8,3,27218,69418,10671,62,8666,93,184,36,,,,,,,,,,,,,,,,,,,,,,,,,,,,,
"",176405,5171,,,,,,,0,MA,,401650000,02/01/2019 22:44:17,1,1,0,-127,401650000,,,,,,,,,,,,32,199,224,0,0,0,0,0,0,0,0,0,0,255,0,242,199,192,0,0,0,0,0,0,0,0,0,1,255,0,103,
"",176405,5171,-16.6597,145.91268,A,02/01/2019 23:25:33,Argos,0,77,MC,,401677448.91,02/01/2019 23:25:03,1,3,0,-126,401677448.91,145.91268,-16.6597,145.91267,-16.6597,0,3,142402,0,12407,125,10518,75,88,5,,,,,,,,,,,,,,,,,,,,,,,,,,,,,
"",176405,5171,-16.6597,145.91268,A,02/01/2019 23:25:33,Argos,0,77,MC,,401677448.91,02/01/2019 23:25:19,1,3,0,-126,401677448.91,145.91268,-16.6597,145.91267,-16.6597,0,3,142402,0,12407,125,10518,92,210,36,,,,,,,,,,,,,,,,,,,,,,,,,,,,,
"",176405,5171,-16.6597,145.91268,A,02/01/2019 23:25:33,Argos,0,77,MC,,401677448.91,02/01/2019 23:26:20,1,3,0,-126,401677448.91,145.91268,-16.6597,145.91267,-16.6597,0,3,142402,0,12407,125,10518,99,141,0,,,,,,,,,,,,,,,,,,,,,,,,,,,,,
"",176405,5171,-16.5291,145.73182,B,02/02/2019 07:27:14,Argos,0,0,NP,,401677480.03,02/02/2019 07:27:14,1,1,0,-132,401677480.03,145.73182,-16.5291,145.73183,-16.5291,8,3,107665,142437,81381,66,7923,102,140,0,,,,,,,,,,,,,,,,,,,,,,,,,,,,,
"",176405,5171,-16.37864,145.77191,A,02/02/2019 08:32:06,Argos,0,450,NK,,401677437.57,02/02/2019 08:24:37,1,3,0,-130,401677437.57,145.77191,-16.37864,145.77191,-16.37864,8,3,1524,3939,589,165,582,83,241,36,,,,,,,,,,,,,,,,,,,,,,,,,,,,,
"",176405,5171,-16.37864,145.77191,A,02/02/2019 08:32:06,Argos,0,450,NK,,401677437.57,02/02/2019 08:30:18,1,3,0,-130,401677437.57,145.77191,-16.37864,145.77191,-16.37864,8,3,1524,3939,589,165,582,102,140,64,,,,,,,,,,,,,,,,,,,,,,,,,,,,,
"",176405,5171,-16.53501,145.71275,B,02/02/2019 08:32:06,Argos,0,0,NK,,401677447.31,02/02/2019 08:32:07,1,1,0,-133,401677447.31,145.71275,-16.53501,145.71275,-16.53501,8,3,82099,109241,61700,64,8544,88,247,85,,,,,,,,,,,,,,,,,,,,,,,,,,,,,
"",176405,5171,-16.33753,145.77656,B,02/02/2019 11:16:47,Argos,0,0,MA,,401677411.55,02/02/2019 11:16:48,1,1,1,-116,401677411.55,145.77656,-16.33753,145.77657,-16.33753,8,3,9697,15481,6073,91,4202,99,141,0,,,,,,,,,,,,,,,,,,,,,,,,,,,,,
"",176405,5171,-16.3626,145.81138,B,02/02/2019 19:50:15,Argos,0,0,SR,,401677390.97,02/02/2019 19:50:16,1,1,0,-129,401677390.97,145.81138,-16.3626,145.81139,-16.3626,8,3,16486,21310,12753,14,10104,99,141,0,,,,,,,,,,,,,,,,,,,,,,,,,,,,,
"",176405,5171,-16.36522,145.81254,B,02/02/2019 21:11:55,Argos,0,0,NK,,401677410.29,02/02/2019 21:11:56,1,1,0,-135,401677410.29,145.81254,-16.36522,145.81255,-16.36522,6,3,10459,22847,4788,87,7748,77,86,5,,,,,,,,,,,,,,,,,,,,,,,,,,,,,
"",176405,5171,-16.31344,145.83552,B,02/03/2019 20:58:54,Argos,0,0,SR,,401677475.75,02/03/2019 20:58:54,1,1,0,-132,401677475.75,145.83552,-16.31344,145.83553,-16.31344,0,3,6721,14710,3070,109,12348,32,200,64,0,0,1,32,5,142,116,131,1,162,11,161,16,176,66,64,63,250,228,252,112,255,135,77,80,14,63,176,
"",176405,5171,-16.27829,145.8745,B,02/03/2019 22:32:41,Argos,0,0,NN,,401677446.79,02/03/2019 22:32:41,1,1,0,-124,401677446.79,145.8745,-16.27829,145.8745,-16.27829,8,3,7860,26507,2330,103,13321,94,73,37,,,,,,,,,,,,,,,,,,,,,,,,,,,,,
"",176405,5171,-16.27167,145.85475,B,02/03/2019 22:43:58,Argos,0,0,MC,,401677451.76,02/03/2019 22:43:59,1,1,0,-129,401677451.76,145.85475,-16.27167,145.85475,-16.27167,6,2,5575,12186,2550,103,9454,74,144,131,220,168,40,58,186,194,224,15,245,58,227,28,5,15,183,21,96,227,204,81,,,,,,,,,
"",176405,5171,-16.27383,145.87384,B,02/03/2019 23:18:59,Argos,0,0,MB,,401677449.12,02/03/2019 23:19:00,1,1,0,-135,401677449.12,145.87384,-16.27383,145.87384,-16.27383,8,2,7274,20421,2590,101,12302,10,0,16,,,,,,,,,,,,,,,,,,,,,,,,,,,,,
"",176405,5171,-16.45789,145.93544,B,02/04/2019 18:18:11,Argos,0,25,NP,,401677470.85,02/04/2019 18:17:59,1,2,0,-130,401677470.85,145.93544,-16.45789,145.93544,-16.45789,0,3,2703,19231,380,123,5157,92,146,37,,,,,,,,,,,,,,,,,,,,,,,,,,,,,
"",176405,5171,-16.45789,145.93544,B,02/04/2019 18:18:11,Argos,0,25,NP,,401677470.85,02/04/2019 18:18:24,1,2,0,-130,401677470.85,145.93544,-16.45789,145.93544,-16.45789,0,3,2703,19231,380,123,5157,102,140,0,,,,,,,,,,,,,,,,,,,,,,,,,,,,,
"",176405,5171,-16.49803,145.98018,B,02/04/2019 20:24:05,Argos,0,0,SR,,401677433.51,02/04/2019 20:24:06,1,1,0,-133,401677433.51,145.98018,-16.49803,145.98018,-16.49803,8,3,2391,3658,1562,87,4551,22,75,24,,,,,,,,,,,,,,,,,,,,,,,,,,,,,
"",176405,5171,-16.45861,145.9375,B,02/04/2019 20:24:05,Argos,0,0,NK,,401677469.98,02/04/2019 20:24:06,1,1,0,-128,401677469.98,145.9375,-16.45861,145.9375,-16.45861,8,3,3358,8475,1330,125,6407,22,75,24,,,,,,,,,,,,,,,,,,,,,,,,,,,,,
"",176405,5171,-16.50782,145.9891,B,02/04/2019 21:46:24,Argos,0,0,MA,,401677435.27,02/04/2019 21:46:24,1,1,0,-129,401677435.27,145.9891,-16.50782,145.9891,-16.50782,8,2,1957,3239,1182,93,5284,65,90,5,,,,,,,,,,,,,,,,,,,,,,,,,,,,,
"",176405,5171,-16.51071,145.99179,B,02/04/2019 22:21:09,Argos,0,0,NN,,401677433.35,02/04/2019 22:21:09,1,1,0,-126,401677433.35,145.99179,-16.51071,145.99179,-16.51071,8,3,2076,3166,1360,96,5863,10,0,16,,,,,,,,,,,,,,,,,,,,,,,,,,,,,
"",176405,5171,-16.50849,145.99009,B,02/04/2019 22:21:09,Argos,0,0,MC,,401677431.86,02/04/2019 22:21:09,1,1,0,-126,401677431.86,145.99009,-16.50849,145.9901,-16.50849,0,3,2069,3221,1329,98,5845,10,0,16,,,,,,,,,,,,,,,,,,,,,,,,,,,,,
"",176405,5171,-16.43662,146.08012,3,02/05/2019 08:51:56,Argos,0,345,NK,,401677446.25,02/05/2019 08:47:49,1,6,0,-124,401677446.25,146.08012,-16.43662,146.08012,-16.43662,58,3,188,387,90,63,216,32,200,128,0,0,0,0,0,0,0,0,1,148,255,0,106,200,179,209,140,164,29,8,128,38,64,169,18,109,146,100,
"",176405,5171,-16.43662,146.08012,3,02/05/2019 08:51:56,Argos,0,345,NK,,401677446.25,02/05/2019 08:50:12,1,6,0,-124,401677446.25,146.08012,-16.43662,146.08012,-16.43662,58,3,188,387,90,63,216,22,75,24,,,,,,,,,,,,,,,,,,,,,,,,,,,,,
"",176405,5171,-16.43662,146.08012,3,02/05/2019 08:51:56,Argos,0,345,NK,,401677446.25,02/05/2019 08:51:24,1,6,0,-124,401677446.25,146.08012,-16.43662,146.08012,-16.43662,58,3,188,387,90,63,216,84,197,37,,,,,,,,,,,,,,,,,,,,,,,,,,,,,
"",176405,5171,-16.44395,145.98723,B,02/05/2019 08:51:56,Argos,0,0,NK,,401677445.95,02/05/2019 08:51:57,1,1,0,-124,401677445.95,145.98723,-16.44395,145.98723,-16.44395,8,3,3032,9489,969,89,8573,99,141,0,,,,,,,,,,,,,,,,,,,,,,,,,,,,,
"",176405,5171,-16.43662,146.08012,3,02/05/2019 08:51:56,Argos,0,345,NK,,401677446.25,02/05/2019 08:52:50,1,6,0,-124,401677446.25,146.08012,-16.43662,146.08012,-16.43662,58,3,188,387,90,63,216,10,0,16,,,,,,,,,,,,,,,,,,,,,,,,,,,,,
"",176405,5171,-16.43662,146.08012,3,02/05/2019 08:51:56,Argos,0,345,NK,,401677446.25,02/05/2019 08:53:34,1,6,0,-124,401677446.25,146.08012,-16.43662,146.08012,-16.43662,58,3,188,387,90,63,216,92,16,131,220,168,40,58,164,98,163,221,17,212,75,145,26,13,96,48,213,145,255,192,,,,,,,,,
"",176405,5171,-16.44901,146.02627,B,02/05/2019 09:12:39,Argos,0,0,SR,,401677455.17,02/05/2019 09:12:39,1,1,0,-134,401677455.17,146.02627,-16.44901,146.02628,-16.44901,6,3,3333,15873,700,83,9425,68,91,5,,,,,,,,,,,,,,,,,,,,,,,,,,,,,
"",176405,5171,-16.50041,146.02855,B,02/05/2019 20:02:22,Argos,0,0,NK,,401677471.96,02/05/2019 20:02:23,1,1,0,-133,401677471.96,146.02855,-16.50041,146.02855,-16.50041,8,3,5230,7375,3709,134,9510,65,74,5,,,,,,,,,,,,,,,,,,,,,,,,,,,,,
"",176405,5171,-16.44842,146.02707,B,02/05/2019 21:39:54,Argos,0,0,NK,,401677454.73,02/05/2019 21:39:54,1,1,0,-127,401677454.73,146.02707,-16.44842,146.02707,-16.44842,0,3,6847,21219,2209,88,12452,22,75,24,,,,,,,,,,,,,,,,,,,,,,,,,,,,,
"",176405,5171,-16.46029,146.08468,B,02/05/2019 23:00:20,Argos,0,0,MA,,401677432.08,02/05/2019 23:00:20,1,1,0,-126,401677432.08,146.08468,-16.46029,146.08469,-16.46029,8,3,6136,25058,1502,88,17356,64,90,228,,,,,,,,,,,,,,,,,,,,,,,,,,,,,
"",176405,5171,-16.51135,145.89536,B,02/06/2019 07:02:08,Argos,0,0,SR,,401677465.02,02/06/2019 07:02:09,1,1,0,-132,401677465.02,145.89536,-16.51135,145.89536,-16.51135,8,3,3740,5129,2727,124,10577,10,2,61,,,,,,,,,,,,,,,,,,,,,,,,,,,,,
"",176405,5171,-16.41,145.79981,A,02/06/2019 10:38:39,Argos,0,95,NN,,401677443.11,02/06/2019 10:37:50,1,3,0,-127,401677443.11,145.79981,-16.41,145.7998,-16.41,8,3,5673,75365,427,90,6743,99,141,0,,,,,,,,,,,,,,,,,,,,,,,,,,,,,
"",176405,5171,-16.41,145.79981,A,02/06/2019 10:38:39,Argos,0,95,NN,,401677443.11,02/06/2019 10:38:43,1,3,0,-127,401677443.11,145.79981,-16.41,145.7998,-16.41,8,3,5673,75365,427,90,6743,10,0,16,,,,,,,,,,,,,,,,,,,,,,,,,,,,,
"",176405,5171,-16.41,145.79981,A,02/06/2019 10:38:39,Argos,0,95,NN,,401677443.11,02/06/2019 10:39:26,1,3,0,-127,401677443.11,145.79981,-16.41,145.7998,-16.41,8,3,5673,75365,427,90,6743,17,83,108,,,,,,,,,,,,,,,,,,,,,,,,,,,,,
"",176405,5171,-16.406,145.79678,B,02/06/2019 11:38:52,Argos,0,0,MA,,401677436.49,02/06/2019 11:38:52,1,1,0,-128,401677436.49,145.79678,-16.406,145.79678,-16.406,8,3,6006,19744,1826,89,7233,102,140,0,,,,,,,,,,,,,,,,,,,,,,,,,,,,,
"",176405,5171,,,,,,,0,SR,,401650000,02/09/2019 08:44:07,1,1,0,-131,401650000,,,,,,,,,,,,22,75,24,,,,,,,,,,,,,,,,,,,,,,,,,,,,,
"",176405,5171,-16.38486,145.78422,B,02/09/2019 08:51:38,Argos,0,587,NK,,401677442.69,02/09/2019 08:46:45,1,2,0,-130,401677442.69,145.78422,-16.38486,145.78423,-16.38486,0,2,7473,286692,194,176,15530,88,183,38,,,,,,,,,,,,,,,,,,,,,,,,,,,,,
"",176405,5171,,,,,,,0,NK,,401650000,02/09/2019 08:56:32,1,1,0,-130,401650000,,,,,,,,,,,,95,175,122,,,,,,,,,,,,,,,,,,,,,,,,,,,,,
"",176405,5171,,,,,,,0,MC,,401650000,02/10/2019 10:42:08,1,1,0,-132,401650000,,,,,,,,,,,,79,16,131,220,168,40,58,164,101,42,166,144,84,77,233,26,1,129,47,215,49,252,128,,,,,,,,,
"",176405,5171,-16.42296,145.81554,A,02/10/2019 11:35:48,Argos,0,374,NN,,401677441.21,02/10/2019 11:32:59,1,3,0,-129,401677441.21,145.81554,-16.42296,145.81554,-16.42296,0,3,170,240,120,32,365,10,0,16,,,,,,,,,,,,,,,,,,,,,,,,,,,,,
"",176405,5171,-16.42296,145.81554,A,02/10/2019 11:35:48,Argos,0,374,NN,,401677441.21,02/10/2019 11:35:13,1,3,0,-129,401677441.21,145.81554,-16.42296,145.81554,-16.42296,0,3,170,240,120,32,365,22,75,24,,,,,,,,,,,,,,,,,,,,,,,,,,,,,
"",176405,5171,-16.42296,145.81554,A,02/10/2019 11:35:48,Argos,0,374,NN,,401677441.21,02/10/2019 11:39:13,1,3,0,-129,401677441.21,145.81554,-16.42296,145.81554,-16.42296,0,3,170,240,120,32,365,64,111,5,,,,,,,,,,,,,,,,,,,,,,,,,,,,,
"",176405,5171,-16.4152,145.79037,1,02/10/2019 20:35:21,Argos,0,141,SR,,401677443.18,02/10/2019 20:34:22,1,4,0,-128,401677443.18,145.79037,-16.4152,145.79037,-16.4152,68,3,1427,30893,65,66,4027,80,110,35,,,,,,,,,,,,,,,,,,,,,,,,,,,,,
"",176405,5171,-16.4152,145.79037,1,02/10/2019 20:35:21,Argos,0,141,SR,,401677443.18,02/10/2019 20:35:02,1,4,0,-128,401677443.18,145.79037,-16.4152,145.79037,-16.4152,68,3,1427,30893,65,66,4027,99,141,0,,,,,,,,,,,,,,,,,,,,,,,,,,,,,
"",176405,5171,-16.4152,145.79037,1,02/10/2019 20:35:21,Argos,0,141,SR,,401677443.18,02/10/2019 20:35:17,1,4,0,-128,401677443.18,145.79037,-16.4152,145.79037,-16.4152,68,3,1427,30893,65,66,4027,10,0,16,,,,,,,,,,,,,,,,,,,,,,,,,,,,,
"",176405,5171,-16.4152,145.79037,1,02/10/2019 20:35:21,Argos,0,141,SR,,401677443.18,02/10/2019 20:36:43,1,4,0,-128,401677443.18,145.79037,-16.4152,145.79037,-16.4152,68,3,1427,30893,65,66,4027,89,51,37,,,,,,,,,,,,,,,,,,,,,,,,,,,,,
"",176405,5171,-16.38111,145.79584,B,02/11/2019 12:04:39,Argos,0,302,MC,,401677443.56,02/11/2019 12:02:09,1,2,0,-125,401677443.56,145.79584,-16.38111,145.79584,-16.38111,0,3,3134,222275,44,89,8861,32,201,64,0,0,0,0,0,0,0,0,0,0,255,41,79,201,32,0,0,0,0,0,0,0,0,0,11,255,0,121,
"",176405,5171,-16.38111,145.79584,B,02/11/2019 12:04:39,Argos,0,302,MC,,401677443.56,02/11/2019 12:07:11,1,2,0,-125,401677443.56,145.79584,-16.38111,145.79584,-16.38111,0,3,3134,222275,44,89,8861,22,75,24,,,,,,,,,,,,,,,,,,,,,,,,,,,,,
"",176405,5171,-16.38385,145.77481,B,02/12/2019 07:08:48,Argos,0,0,SR,,401677442.26,02/12/2019 07:08:49,1,1,0,-131,401677442.26,145.77481,-16.38385,145.77481,-16.38385,0,3,5102,14531,1791,76,14430,10,0,16,,,,,,,,,,,,,,,,,,,,,,,,,,,,,
"",176405,5171,,,,,,,0,NK,,401650000,02/13/2019 08:55:06,1,1,0,-137,401650000,,,,,,,,,,,,22,74,24,,,,,,,,,,,,,,,,,,,,,,,,,,,,,
"",176405,5171,,,,,,,0,NN,,401650000,02/13/2019 10:56:53,1,1,0,-132,401650000,,,,,,,,,,,,32,201,128,0,0,0,0,0,0,0,0,0,11,255,1,113,201,96,82,148,165,40,90,144,160,41,74,212,148,136,203,
"",176405,5171,,,,,,,0,MA,,401650000,02/14/2019 12:10:06,1,1,0,-130,401650000,,,,,,,,,,,,66,95,5,,,,,,,,,,,,,,,,,,,,,,,,,,,,,
"",176405,5171,,,,,,,0,SR,,401650000,02/14/2019 20:15:39,1,1,0,-123,401650000,,,,,,,,,,,,108,142,0,,,,,,,,,,,,,,,,,,,,,,,,,,,,,
"",176405,5171,,,,,,,0,NP,,401650000,02/15/2019 06:40:03,1,1,0,-125,401650000,,,,,,,,,,,,90,84,45,,,,,,,,,,,,,,,,,,,,,,,,,,,,,
"",176405,5171,,,,,,,0,SR,,401650000,02/15/2019 09:02:30,1,1,0,-140,401650000,,,,,,,,,,,,79,124,7,,,,,,,,,,,,,,,,,,,,,,,,,,,,,
"",176405,5171,-16.32918,145.6939,B,02/15/2019 09:39:39,Argos,0,242,NK,,401677404.19,02/15/2019 09:37:39,1,2,0,-125,401677404.19,145.6939,-16.32918,145.6939,-16.32918,0,3,3171,288861,34,92,8965,32,201,192,0,0,0,0,0,0,0,0,0,26,255,240,154,201,160,0,0,0,0,0,0,0,0,0,47,255,11,81,
"",176405,5171,,,,,,,0,NK,,401650000,02/15/2019 09:41:41,1,1,0,-125,401650000,,,,,,,,,,,,10,0,16,,,,,,,,,,,,,,,,,,,,,,,,,,,,,
"",176405,5171,-16.33246,145.70819,B,02/15/2019 22:59:43,Argos,0,0,MA,,401677430.36,02/15/2019 22:59:43,1,1,0,-133,401677430.36,145.70819,-16.33246,145.70819,-16.33246,0,3,9231,32592,2614,95,24885,66,116,101,,,,,,,,,,,,,,,,,,,,,,,,,,,,,
"",176405,5171,,,,,,,0,NN,,401650000,02/17/2019 10:13:04,1,1,0,-133,401650000,,,,,,,,,,,,87,64,41,,,,,,,,,,,,,,,,,,,,,,,,,,,,,
"",176405,5171,,,,,,,0,NK,,401650000,02/17/2019 10:27:13,1,1,0,-135,401650000,,,,,,,,,,,,32,202,0,0,0,0,0,0,0,0,0,0,21,255,237,172,200,224,0,0,0,0,0,0,0,0,0,35,236,255,250,
"",176405,5171,-16.34353,145.74184,B,02/17/2019 17:24:03,Argos,0,14,NP,,401677463.22,02/17/2019 17:23:56,1,2,0,-138,401677463.22,145.74184,-16.34353,145.74184,-16.34353,0,3,5009,9499,2641,86,14166,69,110,1,,,,,,,,,,,,,,,,,,,,,,,,,,,,,
"",176405,5171,-16.34353,145.74184,B,02/17/2019 17:24:03,Argos,0,14,NP,,401677463.22,02/17/2019 17:24:11,1,2,0,-138,401677463.22,145.74184,-16.34353,145.74184,-16.34353,0,3,5009,9499,2641,86,14166,82,128,41,,,,,,,,,,,,,,,,,,,,,,,,,,,,,
"",176405,5171,-16.38368,145.77955,1,02/18/2019 00:33:02,Argos,0,146,MC,,401677441.25,02/18/2019 00:31:47,1,4,0,-121,401677441.25,145.77955,-16.38368,145.77956,-16.38368,68,3,887,6733,116,114,2487,81,143,41,,,,,,,,,,,,,,,,,,,,,,,,,,,,,
"",176405,5171,-16.38368,145.77955,1,02/18/2019 00:33:02,Argos,0,146,MC,,401677441.25,02/18/2019 00:32:44,1,4,0,-121,401677441.25,145.77955,-16.38368,145.77956,-16.38368,68,3,887,6733,116,114,2487,99,141,0,,,,,,,,,,,,,,,,,,,,,,,,,,,,,
"",176405,5171,-16.38368,145.77955,1,02/18/2019 00:33:02,Argos,0,146,MC,,401677441.25,02/18/2019 00:33:28,1,4,0,-121,401677441.25,145.77955,-16.38368,145.77956,-16.38368,68,3,887,6733,116,114,2487,18,123,24,,,,,,,,,,,,,,,,,,,,,,,,,,,,,
"",176405,5171,-16.38368,145.77955,1,02/18/2019 00:33:02,Argos,0,146,MC,,401677441.25,02/18/2019 00:34:13,1,4,0,-121,401677441.25,145.77955,-16.38368,145.77956,-16.38368,68,3,887,6733,116,114,2487,77,135,5,,,,,,,,,,,,,,,,,,,,,,,,,,,,,
"",176405,5171,,,,,,,0,NP,,401650000,02/19/2019 17:04:21,1,1,0,-137,401650000,,,,,,,,,,,,10,0,16,,,,,,,,,,,,,,,,,,,,,,,,,,,,,
"",176405,5171,-16.41141,145.75001,A,02/19/2019 18:44:58,Argos,0,28,NP,,401677429.26,02/19/2019 18:44:44,1,3,0,-128,401677429.26,145.75001,-16.41141,145.75002,-16.41141,0,3,4804,158623,145,102,13586,22,75,24,,,,,,,,,,,,,,,,,,,,,,,,,,,,,
"",176405,5171,-16.41141,145.75001,A,02/19/2019 18:44:58,Argos,0,28,NP,,401677429.26,02/19/2019 18:44:59,1,3,0,-128,401677429.26,145.75001,-16.41141,145.75002,-16.41141,0,3,4804,158623,145,102,13586,67,96,5,,,,,,,,,,,,,,,,,,,,,,,,,,,,,
"",176405,5171,-16.41141,145.75001,A,02/19/2019 18:44:58,Argos,0,28,NP,,401677429.26,02/19/2019 18:45:13,1,3,0,-128,401677429.26,145.75001,-16.41141,145.75002,-16.41141,0,3,4804,158623,145,102,13586,87,222,41,,,,,,,,,,,,,,,,,,,,,,,,,,,,,
"",176405,5171,-16.40011,145.8101,2,02/20/2019 18:28:42,Argos,0,500,NP,,401677437.88,02/20/2019 18:28:57,1,8,0,-126,401677437.88,145.8101,-16.40011,145.8101,-16.40011,50,2,296,1503,58,105,324,87,48,131,220,168,40,58,164,106,73,212,16,212,83,247,26,1,148,48,215,1,255,192,,,,,,,,,
"",176405,5171,-16.40011,145.8101,2,02/20/2019 18:28:42,Argos,0,500,NP,,401677437.88,02/20/2019 18:33:45,1,8,0,-126,401677437.88,145.8101,-16.40011,145.8101,-16.40011,50,2,296,1503,58,105,324,99,141,0,,,,,,,,,,,,,,,,,,,,,,,,,,,,,
"",176405,5171,-16.40011,145.8101,2,02/20/2019 18:28:42,Argos,0,500,NP,,401677437.88,02/20/2019 18:35:08,1,8,0,-126,401677437.88,145.8101,-16.40011,145.8101,-16.40011,50,2,296,1503,58,105,324,91,2,42,,,,,,,,,,,,,,,,,,,,,,,,,,,,,
"",176405,5171,-16.40011,145.8101,2,02/20/2019 18:28:42,Argos,0,500,NP,,401677437.88,02/20/2019 18:35:43,2,8,0,-126,401677437.88,145.8101,-16.40011,145.8101,-16.40011,50,2,296,1503,58,105,324,10,0,16,,,,,,,,,,,,,,,,,,,,,,,,,,,,,
"",176405,5171,-16.40011,145.8101,2,02/20/2019 18:28:42,Argos,0,500,NP,,401677437.88,02/20/2019 18:35:57,2,8,0,-126,401677437.88,145.8101,-16.40011,145.8101,-16.40011,50,2,296,1503,58,105,324,22,75,24,,,,,,,,,,,,,,,,,,,,,,,,,,,,,
"",176405,5171,-16.40011,145.8101,2,02/20/2019 18:28:42,Argos,0,500,NP,,401677437.88,02/20/2019 18:36:49,1,8,0,-126,401677437.88,145.8101,-16.40011,145.8101,-16.40011,50,2,296,1503,58,105,324,90,7,42,,,,,,,,,,,,,,,,,,,,,,,,,,,,,
"",176405,5171,-16.43639,145.86846,B,02/21/2019 07:25:17,Argos,0,0,SR,,401677453.89,02/21/2019 07:25:18,1,1,0,-136,401677453.89,145.86846,-16.43639,145.86845,-16.43639,0,3,5345,108008,264,23,7392,90,88,42,,,,,,,,,,,,,,,,,,,,,,,,,,,,,
"",176405,5171,-16.43639,145.86846,B,02/21/2019 07:25:17,Argos,0,0,SR,,401677453.89,02/21/2019 07:35:33,1,1,0,-136,401677453.89,145.86846,-16.43639,145.86845,-16.43639,0,3,5345,108008,264,23,7392,98,143,92,,,,,,,,,,,,,,,,,,,,,,,,,,,,,
"",176405,5171,-16.46632,145.86306,B,02/21/2019 09:11:24,Argos,0,0,SR,,401677458.02,02/21/2019 09:11:25,1,1,0,-131,401677458.02,145.86306,-16.46632,145.86307,-16.46632,8,3,4658,10593,2048,29,6883,80,106,42,,,,,,,,,,,,,,,,,,,,,,,,,,,,,
"",176405,5171,-16.5287,145.85369,B,02/21/2019 18:17:36,Argos,0,0,NP,,401677448.01,02/21/2019 18:17:37,1,1,0,-135,401677448.01,145.85369,-16.5287,145.85368,-16.5287,8,3,3881,4704,3202,26,10976,81,127,42,,,,,,,,,,,,,,,,,,,,,,,,,,,,,
"",176405,5171,-16.5358,145.86135,B,02/21/2019 23:11:30,Argos,0,0,MC,,401677447.19,02/21/2019 23:11:30,1,1,0,-125,401677447.19,145.86135,-16.5358,145.86134,-16.5358,8,3,4686,8530,2573,174,13251,99,141,0,,,,,,,,,,,,,,,,,,,,,,,,,,,,,
"",176405,5171,-16.64333,145.78974,1,02/22/2019 06:58:35,Argos,0,327,NP,,401677440.26,02/22/2019 06:56:11,1,5,0,-127,401677440.26,145.78974,-16.64333,145.78973,-16.64333,48,3,1214,4218,349,75,364,64,176,131,220,168,40,58,164,111,49,227,15,151,173,204,47,8,205,255,46,78,161,245,,,,,,,,,
"",176405,5171,-16.64213,145.8049,A,02/22/2019 07:01:37,Argos,0,311,SR,,401677434.44,02/22/2019 06:56:27,1,3,0,-133,401677434.44,145.8049,-16.64213,145.8049,-16.64213,6,3,961,1395,661,21,436,102,140,0,,,,,,,,,,,,,,,,,,,,,,,,,,,,,
"",176405,5171,-16.64333,145.78974,1,02/22/2019 06:58:35,Argos,0,327,NP,,401677440.26,02/22/2019 06:56:45,1,5,0,-127,401677440.26,145.78974,-16.64333,145.78973,-16.64333,48,3,1214,4218,349,75,364,10,0,16,,,,,,,,,,,,,,,,,,,,,,,,,,,,,
"",176405,5171,-16.64213,145.8049,A,02/22/2019 07:01:37,Argos,0,311,SR,,401677434.44,02/22/2019 06:58:42,1,3,0,-133,401677434.44,145.8049,-16.64213,145.8049,-16.64213,6,3,961,1395,661,21,436,64,111,5,,,,,,,,,,,,,,,,,,,,,,,,,,,,,
"",176405,5171,-16.64333,145.78974,1,02/22/2019 06:58:35,Argos,0,327,NP,,401677440.26,02/22/2019 06:58:42,1,5,0,-127,401677440.26,145.78974,-16.64333,145.78973,-16.64333,48,3,1214,4218,349,75,364,64,111,5,,,,,,,,,,,,,,,,,,,,,,,,,,,,,
"",176405,5171,-16.64333,145.78974,1,02/22/2019 06:58:35,Argos,0,327,NP,,401677440.26,02/22/2019 06:59:43,1,5,0,-127,401677440.26,145.78974,-16.64333,145.78973,-16.64333,48,3,1214,4218,349,75,364,103,157,238,,,,,,,,,,,,,,,,,,,,,,,,,,,,,
"",176405,5171,-16.64213,145.8049,A,02/22/2019 07:01:37,Argos,0,311,SR,,401677434.44,02/22/2019 07:01:38,1,3,0,-133,401677434.44,145.8049,-16.64213,145.8049,-16.64213,6,3,961,1395,661,21,436,72,119,5,,,,,,,,,,,,,,,,,,,,,,,,,,,,,
"",176405,5171,-16.64333,145.78974,1,02/22/2019 06:58:35,Argos,0,327,NP,,401677440.26,02/22/2019 07:01:38,1,5,0,-127,401677440.26,145.78974,-16.64333,145.78973,-16.64333,48,3,1214,4218,349,75,364,72,119,5,,,,,,,,,,,,,,,,,,,,,,,,,,,,,
"",176405,5171,-16.65934,145.77067,B,02/22/2019 11:41:05,Argos,0,0,MC,,401677461.81,02/22/2019 11:41:06,1,1,0,-130,401677461.81,145.77067,-16.65934,145.77068,-16.65934,8,3,8148,10189,6516,53,5899,95,231,42,,,,,,,,,,,,,,,,,,,,,,,,,,,,,
"",176405,5171,-16.63563,145.78438,B,02/22/2019 23:49:14,Argos,0,0,MA,,401677456.29,02/22/2019 23:49:14,1,1,0,-127,401677456.29,145.78438,-16.63563,145.78438,-16.63563,0,3,9366,16798,5222,118,9569,75,104,5,,,,,,,,,,,,,,,,,,,,,,,,,,,,,
"",176405,5171,-16.55647,145.75047,B,02/23/2019 20:30:51,Argos,0,0,SR,,401677479.58,02/23/2019 20:30:51,1,1,0,-125,401677479.58,145.75047,-16.55647,145.75047,-16.55647,0,3,10593,26579,4221,77,12942,102,140,0,,,,,,,,,,,,,,,,,,,,,,,,,,,,,
"",176405,5171,-16.55668,145.80096,B,02/23/2019 20:30:51,Argos,0,234,SR,,401677492.48,02/23/2019 20:34:45,2,2,0,-124,401677492.48,145.80096,-16.55668,145.80096,-16.55668,0,3,1992,29866,132,24,5567,102,140,0,,,,,,,,,,,,,,,,,,,,,,,,,,,,,
"",176405,5171,-16.52763,145.81419,3,02/24/2019 07:34:55,Argos,0,408,SR,,401677440.22,02/24/2019 07:34:35,1,5,0,-126,401677440.22,145.81419,-16.52763,145.8142,-16.52763,58,3,212,1077,41,69,523,82,241,43,,,,,,,,,,,,,,,,,,,,,,,,,,,,,
"",176405,5171,-16.52763,145.81419,3,02/24/2019 07:34:55,Argos,0,408,SR,,401677440.22,02/24/2019 07:35:17,1,5,0,-126,401677440.22,145.81419,-16.52763,145.8142,-16.52763,58,3,212,1077,41,69,523,102,140,0,,,,,,,,,,,,,,,,,,,,,,,,,,,,,
"",176405,5171,-16.52763,145.81419,3,02/24/2019 07:34:55,Argos,0,408,SR,,401677440.22,02/24/2019 07:39:52,1,5,0,-126,401677440.22,145.81419,-16.52763,145.8142,-16.52763,58,3,212,1077,41,69,523,22,75,24,,,,,,,,,,,,,,,,,,,,,,,,,,,,,
"",176405,5171,-16.52763,145.81419,3,02/24/2019 07:34:55,Argos,0,408,SR,,401677440.22,02/24/2019 07:40:26,1,5,0,-126,401677440.22,145.81419,-16.52763,145.8142,-16.52763,58,3,212,1077,41,69,523,89,246,43,,,,,,,,,,,,,,,,,,,,,,,,,,,,,
"",176405,5171,-16.52763,145.81419,3,02/24/2019 07:34:55,Argos,0,408,SR,,401677440.22,02/24/2019 07:41:23,1,5,0,-126,401677440.22,145.81419,-16.52763,145.8142,-16.52763,58,3,212,1077,41,69,523,109,139,0,,,,,,,,,,,,,,,,,,,,,,,,,,,,,
"",176405,5171,-16.52003,145.81735,B,02/24/2019 08:13:23,Argos,0,24,NP,,401677430.32,02/24/2019 08:13:11,1,2,0,-131,401677430.32,145.81735,-16.52003,145.81735,-16.52003,8,3,1132,1427,898,89,2243,10,80,49,,,,,,,,,,,,,,,,,,,,,,,,,,,,,
"",176405,5171,-16.52003,145.81735,B,02/24/2019 08:13:23,Argos,0,24,NP,,401677430.32,02/24/2019 08:13:35,1,2,0,-131,401677430.32,145.81735,-16.52003,145.81735,-16.52003,8,3,1132,1427,898,89,2243,22,45,153,,,,,,,,,,,,,,,,,,,,,,,,,,,,,
"",176405,5171,-16.51877,145.81833,B,02/24/2019 09:09:37,Argos,0,0,NK,,401677437.57,02/24/2019 09:09:38,1,1,0,-135,401677437.57,145.81833,-16.51877,145.81833,-16.51877,8,3,1645,1831,1477,86,3651,77,107,241,,,,,,,,,,,,,,,,,,,,,,,,,,,,,
"",176405,5171,-16.61713,145.94983,B,02/24/2019 20:23:02,Argos,0,165,NK,,401677428.45,02/24/2019 20:21:40,1,2,0,-130,401677428.45,145.94983,-16.61713,145.94983,-16.61713,8,2,3388,72782,157,59,4311,92,68,44,,,,,,,,,,,,,,,,,,,,,,,,,,,,,
"",176405,5171,-16.61713,145.94983,B,02/24/2019 20:23:02,Argos,0,165,NK,,401677428.45,02/24/2019 20:24:25,1,2,0,-130,401677428.45,145.94983,-16.61713,145.94983,-16.61713,8,2,3388,72782,157,59,4311,85,73,44,,,,,,,,,,,,,,,,,,,,,,,,,,,,,
"",176405,5171,-16.56605,145.85729,B,02/24/2019 22:06:43,Argos,0,0,NK,,401677463.83,02/24/2019 22:06:44,1,1,0,-137,401677463.83,145.85729,-16.56605,145.85728,-16.56605,0,2,9715,12592,7494,56,10242,94,94,44,,,,,,,,,,,,,,,,,,,,,,,,,,,,,
"",176405,5171,-16.55273,145.86572,B,02/24/2019 23:30:07,Argos,0,0,NN,,401677463.24,02/24/2019 23:30:08,1,1,0,-129,401677463.24,145.86572,-16.55273,145.86572,-16.55273,8,3,6509,8715,4861,51,11245,87,99,44,,,,,,,,,,,,,,,,,,,,,,,,,,,,,
"",176405,5171,-16.61,145.86045,B,02/24/2019 23:50:29,Argos,0,16,MC,,401677445.33,02/24/2019 23:50:21,1,2,0,-126,401677445.33,145.86045,-16.61,145.86044,-16.61,6,3,6427,11638,3549,70,9517,10,0,16,,,,,,,,,,,,,,,,,,,,,,,,,,,,,
"",176405,5171,-16.61,145.86045,B,02/24/2019 23:50:29,Argos,0,16,MC,,401677445.33,02/24/2019 23:50:38,1,2,0,-126,401677445.33,145.86045,-16.61,145.86044,-16.61,6,3,6427,11638,3549,70,9517,22,75,24,,,,,,,,,,,,,,,,,,,,,,,,,,,,,
"",176405,5171,-16.46904,146.02484,B,02/25/2019 08:04:32,Argos,0,41,NP,,401677477.47,02/25/2019 08:04:11,1,2,0,-130,401677477.47,146.02484,-16.46904,146.02484,-16.46904,8,3,4526,15345,1335,14,4269,22,75,24,,,,,,,,,,,,,,,,,,,,,,,,,,,,,
"",176405,5171,-16.46904,146.02484,B,02/25/2019 08:04:32,Argos,0,41,NP,,401677477.47,02/25/2019 08:04:53,1,2,0,-130,401677477.47,146.02484,-16.46904,146.02484,-16.46904,8,3,4526,15345,1335,14,4269,68,105,5,,,,,,,,,,,,,,,,,,,,,,,,,,,,,
"",176405,5171,-16.42874,146.03994,B,02/25/2019 08:39:43,Argos,0,0,SR,,401677432.84,02/25/2019 08:39:44,1,1,0,-131,401677432.84,146.03994,-16.42874,146.03995,-16.42874,8,3,3122,4862,2004,12,3795,70,105,77,,,,,,,,,,,,,,,,,,,,,,,,,,,,,
"",176405,5171,-16.20336,146.15304,B,02/25/2019 17:34:36,Argos,0,0,NP,,401677430.92,02/25/2019 17:34:37,1,1,0,-134,401677430.92,146.15304,-16.20336,146.15305,-16.20336,8,3,7774,11341,5328,83,8212,22,75,24,,,,,,,,,,,,,,,,,,,,,,,,,,,,,
"",176405,5171,-16.02509,146.10128,A,02/25/2019 22:43:01,Argos,0,330,MA,,401677431.64,02/25/2019 22:43:01,1,2,0,-130,401677431.64,146.10128,-16.02509,146.10127,-16.02509,8,3,186,658,52,95,422,69,126,5,,,,,,,,,,,,,,,,,,,,,,,,,,,,,
"",176405,5171,-16.02509,146.10128,A,02/25/2019 22:43:01,Argos,0,330,MA,,401677431.64,02/25/2019 22:48:31,1,2,0,-130,401677431.64,146.10128,-16.02509,146.10127,-16.02509,8,3,186,658,52,95,422,109,139,0,,,,,,,,,,,,,,,,,,,,,,,,,,,,,
"",176405,5171,-16.02509,146.10128,A,02/25/2019 22:43:01,Argos,0,330,MA,,401677431.64,02/25/2019 22:53:27,1,2,0,-130,401677431.64,146.10128,-16.02509,146.10127,-16.02509,8,3,186,658,52,95,422,83,76,61,,,,,,,,,,,,,,,,,,,,,,,,,,,,,
"",176405,5171,-15.773,146.13573,2,02/26/2019 08:10:39,Argos,0,346,SR,,401677450.21,02/26/2019 08:14:28,1,4,0,-125,401677450.21,146.13573,-15.773,146.13573,-15.773,58,3,488,1595,149,84,436,82,93,45,,,,,,,,,,,,,,,,,,,,,,,,,,,,,
"",176405,5171,-15.773,146.13573,2,02/26/2019 08:10:39,Argos,0,346,SR,,401677450.21,02/26/2019 08:14:44,1,4,0,-125,401677450.21,146.13573,-15.773,146.13573,-15.773,58,3,488,1595,149,84,436,102,140,0,,,,,,,,,,,,,,,,,,,,,,,,,,,,,
"",176405,5171,-15.773,146.13573,2,02/26/2019 08:10:39,Argos,0,346,SR,,401677450.21,02/26/2019 08:16:26,2,4,0,-125,401677450.21,146.13573,-15.773,146.13573,-15.773,58,3,488,1595,149,84,436,22,75,24,,,,,,,,,,,,,,,,,,,,,,,,,,,,,
"",176405,5171,-15.77156,146.13562,A,02/26/2019 08:29:41,Argos,0,316,NK,,401677448.37,02/26/2019 08:24:25,1,3,0,-129,401677448.37,146.13562,-15.77156,146.13562,-15.77156,6,3,260,488,138,124,435,66,101,5,,,,,,,,,,,,,,,,,,,,,,,,,,,,,
"",176405,5171,-15.77156,146.13562,A,02/26/2019 08:29:41,Argos,0,316,NK,,401677448.37,02/26/2019 08:26:45,1,3,0,-129,401677448.37,146.13562,-15.77156,146.13562,-15.77156,6,3,260,488,138,124,435,102,140,0,,,,,,,,,,,,,,,,,,,,,,,,,,,,,
"",176405,5171,-15.77305,146.13581,B,02/26/2019 08:29:41,Argos,0,0,NK,,401677448.69,02/26/2019 08:29:41,1,1,0,-137,401677448.69,146.13581,-15.77305,146.1358,-15.77305,6,3,1348,1471,1234,83,1736,10,0,16,,,,,,,,,,,,,,,,,,,,,,,,,,,,,
"",176405,5171,-15.38891,146.0138,1,02/26/2019 23:00:11,Argos,0,81,MC,,401677431.92,02/26/2019 22:59:31,1,2,0,-127,401677431.92,146.0138,-15.38891,146.0138,-15.38891,40,3,696,880,549,52,267,10,0,16,,,,,,,,,,,,,,,,,,,,,,,,,,,,,
"",176405,5171,-15.3922,146.01174,1,02/26/2019 23:01:05,Argos,0,455,NN,,401677450.04,02/26/2019 22:59:31,1,6,0,-125,401677450.04,146.01174,-15.3922,146.01173,-15.3922,46,3,606,1226,299,104,228,10,0,16,,,,,,,,,,,,,,,,,,,,,,,,,,,,,
"",176405,5171,-15.38891,146.0138,1,02/26/2019 23:00:11,Argos,0,81,MC,,401677431.92,02/26/2019 23:00:52,1,2,0,-127,401677431.92,146.0138,-15.38891,146.0138,-15.38891,40,3,696,880,549,52,267,22,75,24,,,,,,,,,,,,,,,,,,,,,,,,,,,,,
"",176405,5171,-15.3922,146.01174,1,02/26/2019 23:01:05,Argos,0,455,NN,,401677450.04,02/26/2019 23:01:52,1,6,0,-125,401677450.04,146.01174,-15.3922,146.01173,-15.3922,46,3,606,1226,299,104,228,74,109,5,,,,,,,,,,,,,,,,,,,,,,,,,,,,,
"",176405,5171,-15.38891,146.0138,1,02/26/2019 23:00:11,Argos,0,81,MC,,401677431.92,02/26/2019 23:01:52,1,2,0,-127,401677431.92,146.0138,-15.38891,146.0138,-15.38891,40,3,696,880,549,52,267,74,45,77,,,,,,,,,,,,,,,,,,,,,,,,,,,,,
"",176405,5171,-15.3922,146.01174,1,02/26/2019 23:01:05,Argos,0,455,NN,,401677450.04,02/26/2019 23:02:07,1,6,0,-125,401677450.04,146.01174,-15.3922,146.01173,-15.3922,46,3,606,1226,299,104,228,91,30,46,,,,,,,,,,,,,,,,,,,,,,,,,,,,,
"",176405,5171,-15.38891,146.0138,1,02/26/2019 23:00:11,Argos,0,81,MC,,401677431.92,02/26/2019 23:02:07,1,2,0,-127,401677431.92,146.0138,-15.38891,146.0138,-15.38891,40,3,696,880,549,52,267,91,30,46,,,,,,,,,,,,,,,,,,,,,,,,,,,,,
"",176405,5171,-15.3922,146.01174,1,02/26/2019 23:01:05,Argos,0,455,NN,,401677450.04,02/26/2019 23:02:51,1,6,0,-125,401677450.04,146.01174,-15.3922,146.01173,-15.3922,46,3,606,1226,299,104,228,102,140,0,,,,,,,,,,,,,,,,,,,,,,,,,,,,,
"",176405,5171,-15.38891,146.0138,1,02/26/2019 23:00:11,Argos,0,81,MC,,401677431.92,02/26/2019 23:02:51,1,2,0,-127,401677431.92,146.0138,-15.38891,146.0138,-15.38891,40,3,696,880,549,52,267,102,140,0,,,,,,,,,,,,,,,,,,,,,,,,,,,,,
"",176405,5171,-15.3922,146.01174,1,02/26/2019 23:01:05,Argos,0,455,NN,,401677450.04,02/26/2019 23:07:06,2,6,0,-125,401677450.04,146.01174,-15.3922,146.01173,-15.3922,46,3,606,1226,299,104,228,22,75,24,,,,,,,,,,,,,,,,,,,,,,,,,,,,,
"",176405,5171,-15.38891,146.0138,1,02/26/2019 23:00:11,Argos,0,81,MC,,401677431.92,02/26/2019 23:07:06,2,2,0,-127,401677431.92,146.0138,-15.38891,146.0138,-15.38891,40,3,696,880,549,52,267,22,75,24,,,,,,,,,,,,,,,,,,,,,,,,,,,,,
"",176405,5171,-15.21083,145.81735,A,02/27/2019 07:44:33,Argos,0,269,SR,,401677445.59,02/27/2019 07:40:04,1,3,0,-126,401677445.59,145.81735,-15.21083,145.81735,-15.21083,6,3,179,309,103,74,274,81,83,46,,,,,,,,,,,,,,,,,,,,,,,,,,,,,
"",176405,5171,-15.21083,145.81735,A,02/27/2019 07:44:33,Argos,0,269,SR,,401677445.59,02/27/2019 07:41:40,1,3,0,-126,401677445.59,145.81735,-15.21083,145.81735,-15.21083,6,3,179,309,103,74,274,10,0,16,,,,,,,,,,,,,,,,,,,,,,,,,,,,,
"",176405,5171,-15.13764,145.9813,B,02/27/2019 07:43:06,Argos,0,172,NP,,401677401.22,02/27/2019 07:41:41,1,2,0,-131,401677401.22,145.9813,-15.13764,145.9813,-15.13764,8,3,10894,309888,383,64,5390,10,1,58,,,,,,,,,,,,,,,,,,,,,,,,,,,,,
"",176405,5171,-15.21083,145.81735,A,02/27/2019 07:44:33,Argos,0,269,SR,,401677445.59,02/27/2019 07:44:33,1,3,0,-126,401677445.59,145.81735,-15.21083,145.81735,-15.21083,6,3,179,309,103,74,274,22,75,24,,,,,,,,,,,,,,,,,,,,,,,,,,,,,
"",176405,5171,-15.13764,145.9813,B,02/27/2019 07:43:06,Argos,0,172,NP,,401677401.22,02/27/2019 07:44:33,1,2,0,-131,401677401.22,145.9813,-15.13764,145.9813,-15.13764,8,3,10894,309888,383,64,5390,22,75,24,,,,,,,,,,,,,,,,,,,,,,,,,,,,,
"",176405,5171,-15.21076,145.81687,B,02/27/2019 07:57:09,Argos,0,0,NK,,401677443.64,02/27/2019 07:57:09,1,1,0,-137,401677443.64,145.81687,-15.21076,145.81686,-15.21076,6,3,1034,1099,972,90,1403,22,66,89,,,,,,,,,,,,,,,,,,,,,,,,,,,,,
"",176405,5171,-14.88383,145.87398,B,02/27/2019 20:42:19,Argos,0,0,NK,,401677481.36,02/27/2019 20:42:19,1,1,0,-133,401677481.36,145.87398,-14.88383,145.87398,-14.88383,0,3,5429,6010,4904,70,10437,70,97,5,,,,,,,,,,,,,,,,,,,,,,,,,,,,,
"",176405,5171,-15.05217,145.84735,B,02/28/2019 10:41:29,Argos,0,0,MA,,401677462.98,02/28/2019 10:41:29,1,1,0,-131,401677462.98,145.84735,-15.05217,145.84735,-15.05217,0,3,7260,21929,2403,49,16372,73,240,131,221,168,40,58,172,107,225,30,153,228,190,74,7,198,52,59,194,52,40,93,,,,,,,,,
"",176405,5171,-14.97516,145.89458,A,02/28/2019 11:12:46,Argos,0,199,MC,,401677452.19,02/28/2019 11:11:55,1,3,0,-125,401677452.19,145.89458,-14.97516,145.89458,-14.97516,8,3,518,1872,143,51,768,22,75,24,,,,,,,,,,,,,,,,,,,,,,,,,,,,,
"",176405,5171,-14.97516,145.89458,A,02/28/2019 11:12:46,Argos,0,199,MC,,401677452.19,02/28/2019 11:13:38,1,3,0,-125,401677452.19,145.89458,-14.97516,145.89458,-14.97516,8,3,518,1872,143,51,768,73,98,5,,,,,,,,,,,,,,,,,,,,,,,,,,,,,
"",176405,5171,-14.97516,145.89458,A,02/28/2019 11:12:46,Argos,0,199,MC,,401677452.19,02/28/2019 11:15:14,1,3,0,-125,401677452.19,145.89458,-14.97516,145.89458,-14.97516,8,3,518,1872,143,51,768,92,155,46,,,,,,,,,,,,,,,,,,,,,,,,,,,,,
"",176405,5171,-14.96663,145.89964,B,02/28/2019 11:26:08,Argos,0,0,NN,,401677450.13,02/28/2019 11:26:08,1,1,0,-132,401677450.13,145.89964,-14.96663,145.89964,-14.96663,6,3,990,1262,776,54,1587,110,213,75,,,,,,,,,,,,,,,,,,,,,,,,,,,,,
"",176405,5171,-14.736,146.33074,B,03/01/2019 06:38:50,Argos,0,0,SR,,401677578.48,03/01/2019 06:38:50,1,1,0,-139,401677578.48,146.33074,-14.736,146.33073,-14.736,0,3,5875,9237,3736,96,9925,10,0,16,,,,,,,,,,,,,,,,,,,,,,,,,,,,,
"",176405,5171,-14.94311,146.28638,B,03/01/2019 07:21:19,Argos,0,0,NP,,401677401.1,03/01/2019 07:21:19,1,1,0,-132,401677401.1,146.28638,-14.94311,146.28638,-14.94311,8,3,6844,16663,2810,98,9159,10,0,16,,,,,,,,,,,,,,,,,,,,,,,,,,,,,
"",176405,5171,-15.03642,146.12374,B,03/01/2019 08:15:40,Argos,0,0,SR,,401677509.54,03/01/2019 08:15:40,1,1,0,-135,401677509.54,146.12374,-15.03642,146.12373,-15.03642,5,3,10862,22580,5224,106,8399,22,75,24,,,,,,,,,,,,,,,,,,,,,,,,,,,,,
"",176405,5171,-16.03125,145.17733,B,03/01/2019 22:22:55,Argos,0,0,NN,,401677384.33,03/01/2019 22:22:55,1,1,0,-137,401677384.33,145.17733,-16.03125,145.17732,-16.03125,0,3,16884,19773,14417,90,12990,22,75,24,,,,,,,,,,,,,,,,,,,,,,,,,,,,,
"",176405,5171,-15.35212,145.34957,B,03/03/2019 08:55:33,Argos,0,0,SR,,401650000,03/03/2019 08:54:11,1,1,0,-131,401650000,145.34957,-15.35212,145.34956,-15.35212,0,3,58087,773717,4360,86,6626,91,78,47,,,,,,,,,,,,,,,,,,,,,,,,,,,,,
"",176405,5171,-15.35212,145.34957,B,03/03/2019 08:55:33,Argos,0,0,SR,,401650000,03/03/2019 08:55:33,1,1,0,-131,401650000,145.34957,-15.35212,145.34956,-15.35212,0,3,58087,773717,4360,86,6626,99,13,0,,,,,,,,,,,,,,,,,,,,,,,,,,,,,
"",176405,5171,-15.34541,145.63369,0,03/03/2019 20:41:31,Argos,0,27,NK,,401677453.52,03/03/2019 20:41:18,1,2,0,-133,401677453.52,145.63369,-15.34541,145.6337,-15.34541,48,3,6673,41062,1084,20,3069,22,75,24,,,,,,,,,,,,,,,,,,,,,,,,,,,,,
"",176405,5171,-15.34541,145.63369,0,03/03/2019 20:41:31,Argos,0,27,NK,,401677453.52,03/03/2019 20:41:46,1,2,0,-133,401677453.52,145.63369,-15.34541,145.6337,-15.34541,48,3,6673,41062,1084,20,3069,79,92,5,,,,,,,,,,,,,,,,,,,,,,,,,,,,,
"",176405,5171,-15.34541,145.63369,0,03/03/2019 20:41:31,Argos,0,27,NK,,401677453.52,03/03/2019 20:50:57,1,2,0,-133,401677453.52,145.63369,-15.34541,145.6337,-15.34541,48,3,6673,41062,1084,20,3069,10,0,16,,,,,,,,,,,,,,,,,,,,,,,,,,,,,
"",176405,5171,-15.34541,145.63369,0,03/03/2019 20:41:31,Argos,0,27,NK,,401677453.52,03/03/2019 20:51:35,2,2,0,-133,401677453.52,145.63369,-15.34541,145.6337,-15.34541,48,3,6673,41062,1084,20,3069,22,75,24,,,,,,,,,,,,,,,,,,,,,,,,,,,,,
"",176405,5171,-15.44098,145.58922,B,03/04/2019 06:36:59,Argos,0,62,NP,,401677452.16,03/04/2019 06:36:28,1,2,0,-136,401677452.16,145.58922,-15.44098,145.58922,-15.44098,8,3,9607,24543,3760,116,7166,10,0,16,,,,,,,,,,,,,,,,,,,,,,,,,,,,,
"",176405,5171,-15.44098,145.58922,B,03/04/2019 06:36:59,Argos,0,62,NP,,401677452.16,03/04/2019 06:37:30,1,2,0,-136,401677452.16,145.58922,-15.44098,145.58922,-15.44098,8,3,9607,24543,3760,116,7166,77,102,5,,,,,,,,,,,,,,,,,,,,,,,,,,,,,
"",176405,5171,-15.59115,145.56947,0,03/04/2019 20:54:12,Argos,0,57,SR,,401677434.11,03/04/2019 20:53:45,1,4,0,-125,401677434.11,145.56947,-15.59115,145.56947,-15.59115,50,3,7392,111868,488,86,6985,102,140,0,,,,,,,,,,,,,,,,,,,,,,,,,,,,,
"",176405,5171,-15.59115,145.56947,0,03/04/2019 20:54:12,Argos,0,57,SR,,401677434.11,03/04/2019 20:54:02,1,4,0,-125,401677434.11,145.56947,-15.59115,145.56947,-15.59115,50,3,7392,111868,488,86,6985,10,0,16,,,,,,,,,,,,,,,,,,,,,,,,,,,,,
"",176405,5171,-15.59115,145.56947,0,03/04/2019 20:54:12,Argos,0,57,SR,,401677434.11,03/04/2019 20:54:20,1,4,0,-125,401677434.11,145.56947,-15.59115,145.56947,-15.59115,50,3,7392,111868,488,86,6985,22,75,24,,,,,,,,,,,,,,,,,,,,,,,,,,,,,
"",176405,5171,-15.59115,145.56947,0,03/04/2019 20:54:12,Argos,0,57,SR,,401677434.11,03/04/2019 20:54:43,1,4,0,-125,401677434.11,145.56947,-15.59115,145.56947,-15.59115,50,3,7392,111868,488,86,6985,79,92,5,,,,,,,,,,,,,,,,,,,,,,,,,,,,,
"",176405,5171,-15.66204,145.49681,B,03/05/2019 07:57:50,Argos,0,62,SR,,401677440.11,03/05/2019 07:57:20,1,2,0,-134,401677440.11,145.49681,-15.66204,145.49681,-15.66204,8,3,4835,70414,332,116,8093,82,178,47,,,,,,,,,,,,,,,,,,,,,,,,,,,,,
"",176405,5171,-15.66204,145.49681,B,03/05/2019 07:57:50,Argos,0,62,SR,,401677440.11,03/05/2019 07:58:22,1,2,0,-134,401677440.11,145.49681,-15.66204,145.49681,-15.66204,8,3,4835,70414,332,116,8093,10,0,16,,,,,,,,,,,,,,,,,,,,,,,,,,,,,
"",176405,5171,-15.59276,145.49416,B,03/05/2019 23:59:40,Argos,0,0,MC,,401677432.94,03/05/2019 23:59:41,1,1,0,-125,401677432.94,145.49416,-15.59276,145.49416,-15.59276,0,3,5680,25596,1260,99,10912,32,204,128,0,0,0,0,147,32,168,32,0,93,191,64,38,204,2,0,0,7,126,0,8,122,243,191,253,255,97,248,
"",176405,5171,-15.8664,145.55815,B,03/06/2019 21:33:10,Argos,0,0,NN,,401677363.06,03/06/2019 21:33:10,1,1,0,-133,401677363.06,145.55815,-15.8664,145.55815,-15.8664,0,3,5582,7459,4176,110,15787,10,0,28,,,,,,,,,,,,,,,,,,,,,,,,,,,,,
"",176405,5171,-16.06354,145.46075,B,03/07/2019 20:48:22,Argos,0,0,NK,,401677384.68,03/07/2019 20:48:23,1,1,0,-124,401677384.68,145.46075,-16.06354,145.46075,-16.06354,0,3,12019,21447,6734,160,29436,10,0,16,,,,,,,,,,,,,,,,,,,,,,,,,,,,,
"",176405,5171,-15.97612,145.44867,B,03/07/2019 22:43:11,Argos,0,152,MA,,401677413.63,03/07/2019 22:43:12,1,2,0,-125,401677413.63,145.44867,-15.97612,145.44867,-15.97612,7,3,11278,686367,185,108,15588,69,94,5,,,,,,,,,,,,,,,,,,,,,,,,,,,,,
"",176405,5171,-15.97612,145.44867,B,03/07/2019 22:43:11,Argos,0,152,MA,,401677413.63,03/07/2019 22:45:44,1,2,0,-125,401677413.63,145.44867,-15.97612,145.44867,-15.97612,7,3,11278,686367,185,108,15588,89,250,47,,,,,,,,,,,,,,,,,,,,,,,,,,,,,
"",176405,5171,-16.00501,145.51188,B,03/08/2019 08:04:36,Argos,0,0,SR,,401677465.6,03/08/2019 08:04:36,1,1,0,-129,401677465.6,145.51188,-16.00501,145.51189,-16.00501,8,3,9960,21108,4699,101,13719,99,141,0,,,,,,,,,,,,,,,,,,,,,,,,,,,,,
"",176405,5171,,,,,,,0,SR,,401650000,03/09/2019 09:11:51,1,1,0,-132,401650000,,,,,,,,,,,,32,205,0,0,0,0,0,0,0,0,0,0,10,242,154,168,242,55,167,8,216,143,11,46,97,207,0,110,55,241,21,
"",176405,5171,,,,,,,0,NN,,401650000,03/09/2019 22:34:45,1,1,0,-131,401650000,,,,,,,,,,,,22,75,24,,,,,,,,,,,,,,,,,,,,,,,,,,,,,
"",176405,5171,,,,,,,0,MB,,401650000,03/09/2019 23:15:40,1,1,0,-132,401650000,,,,,,,,,,,,32,205,0,0,0,0,0,0,0,0,0,32,0,255,0,246,204,224,0,0,0,64,0,0,0,0,0,0,255,8,231,
"",176405,5171,,,,,,,0,MA,,401650000,03/10/2019 10:34:32,1,1,0,-133,401650000,,,,,,,,,,,,91,60,48,,,,,,,,,,,,,,,,,,,,,,,,,,,,,
"",176405,5171,,,,,,,0,NN,,401650000,03/12/2019 23:37:47,1,1,0,-135,401650000,,,,,,,,,,,,84,176,131,220,168,40,58,164,102,94,97,217,148,97,63,26,1,70,45,214,209,196,192,,,,,,,,,
"",176405,5171,,,,,,,0,MA,,401650000,03/13/2019 00:17:18,1,1,0,-130,401650000,,,,,,,,,,,,22,75,24,,,,,,,,,,,,,,,,,,,,,,,,,,,,,
"",176405,5171,,,,,,,0,SR,,401650000,03/13/2019 07:05:19,1,1,0,-136,401650000,,,,,,,,,,,,32,205,128,0,0,0,0,0,0,0,0,0,0,255,51,158,205,96,0,0,0,0,0,0,0,0,0,1,255,73,96,
"",176405,5171,,,,,,,0,NK,,401650000,03/13/2019 19:53:22,1,1,0,-133,401650000,,,,,,,,,,,,10,0,16,,,,,,,,,,,,,,,,,,,,,,,,,,,,,
"",176405,5171,,,,,,,0,MA,,401650000,03/14/2019 21:55:48,1,1,0,-132,401650000,,,,,,,,,,,,22,203,24,,,,,,,,,,,,,,,,,,,,,,,,,,,,,
"",176405,5171,,,,,,,0,MA,,401650000,03/17/2019 00:36:11,1,1,0,-132,401650000,,,,,,,,,,,,32,206,0,0,0,0,0,0,0,0,0,0,9,255,193,221,205,224,0,0,0,0,0,0,0,0,0,0,69,254,224,
"",176405,5171,,,,,,,0,NP,,401650000,03/17/2019 18:41:45,1,1,0,-132,401650000,,,,,,,,,,,,78,121,5,,,,,,,,,,,,,,,,,,,,,,,,,,,,,
"",176405,5171,,,,,,,0,NP,,401650000,03/19/2019 18:24:52,1,1,0,-130,401650000,,,,,,,,,,,,32,206,64,0,0,0,0,0,0,0,0,0,168,255,0,60,206,32,0,0,0,0,0,0,0,0,0,0,147,255,218,
"",176405,5171,,,,,,,0,NP,,401650000,03/20/2019 18:05:38,1,1,0,-138,401650000,,,,,,,,,,,,10,0,16,,,,,,,,,,,,,,,,,,,,,,,,,,,,,
"",176405,5171,,,,,,,0,MB,,401650000,03/21/2019 23:58:47,1,1,0,-132,401650000,,,,,,,,,,,,32,238,128,0,0,0,0,0,0,1,37,221,6,3,213,104,86,153,2,33,152,8,4,96,56,183,183,243,24,79,234,
"",176405,5171,-16.43155,145.78782,0,03/22/2019 19:52:45,Argos,0,55,SR,,401677447.45,03/22/2019 19:52:17,1,2,0,-130,401677447.45,145.78782,-16.43155,,,50,2,1843,23094,147,66,2276,22,75,24,,,,,,,,,,,,,,,,,,,,,,,,,,,,,
"",176405,5171,-16.43155,145.78782,0,03/22/2019 19:52:45,Argos,0,55,SR,,401677447.45,03/22/2019 19:53:13,1,2,0,-130,401677447.45,145.78782,-16.43155,,,50,2,1843,23094,147,66,2276,102,140,0,,,,,,,,,,,,,,,,,,,,,,,,,,,,,
"",176405,5171,-16.43155,145.78782,0,03/22/2019 19:52:45,Argos,0,55,SR,,401677447.45,03/22/2019 19:53:50,1,2,0,-130,401677447.45,145.78782,-16.43155,,,50,2,1843,23094,147,66,2276,10,0,16,,,,,,,,,,,,,,,,,,,,,,,,,,,,,
"",176405,5171,-16.43155,145.78782,0,03/22/2019 19:52:45,Argos,0,55,SR,,401677447.45,03/22/2019 19:54:35,1,2,0,-130,401677447.45,145.78782,-16.43155,,,50,2,1843,23094,147,66,2276,67,63,5,,,,,,,,,,,,,,,,,,,,,,,,,,,,,
"",176405,5171,,,,,,,0,NK,,401650000,03/23/2019 20:48:40,1,1,0,-133,401650000,,,,,,,,,,,,22,75,24,,,,,,,,,,,,,,,,,,,,,,,,,,,,,
"",176405,5171,,,,,,,0,SR,,401650000,03/23/2019 20:57:38,1,1,0,-128,401650000,,,,,,,,,,,,99,141,0,,,,,,,,,,,,,,,,,,,,,,,,,,,,,
"",176405,5171,,,,,,,0,NN,,401650000,03/23/2019 21:35:12,1,1,0,-133,401650000,,,,,,,,,,,,22,75,24,,,,,,,,,,,,,,,,,,,,,,,,,,,,,
"",176405,5171,-16.47005,145.77757,A,03/24/2019 20:19:30,Argos,0,291,NK,,401677433.27,03/24/2019 20:17:48,1,3,0,-126,401677433.27,145.77757,-16.47005,145.77757,-16.47005,0,3,765,7863,74,41,1871,22,75,24,,,,,,,,,,,,,,,,,,,,,,,,,,,,,
"",176405,5171,-16.47005,145.77757,A,03/24/2019 20:19:30,Argos,0,291,NK,,401677433.27,03/24/2019 20:18:04,1,3,0,-126,401677433.27,145.77757,-16.47005,145.77757,-16.47005,0,3,765,7863,74,41,1871,74,77,5,,,,,,,,,,,,,,,,,,,,,,,,,,,,,
"",176405,5171,,,,,,,0,SR,,401650000,03/24/2019 20:22:39,1,1,0,-136,401650000,,,,,,,,,,,,10,0,16,,,,,,,,,,,,,,,,,,,,,,,,,,,,,
"",176405,5171,-16.47005,145.77757,A,03/24/2019 20:19:30,Argos,0,291,NK,,401677433.27,03/24/2019 20:22:39,1,3,0,-126,401677433.27,145.77757,-16.47005,145.77757,-16.47005,0,3,765,7863,74,41,1871,10,0,16,,,,,,,,,,,,,,,,,,,,,,,,,,,,,
"",176405,5171,-16.46681,145.77883,0,03/24/2019 21:17:21,Argos,0,57,NN,,401677441.12,03/24/2019 21:16:48,1,4,0,-131,401677441.12,145.77883,-16.46681,145.77882,-16.46681,58,3,2955,5129,1702,120,2380,75,88,5,,,,,,,,,,,,,,,,,,,,,,,,,,,,,
"",176405,5171,-16.46681,145.77883,0,03/24/2019 21:17:21,Argos,0,57,NN,,401677441.12,03/24/2019 21:17:18,1,4,0,-131,401677441.12,145.77883,-16.46681,145.77882,-16.46681,58,3,2955,5129,1702,120,2380,102,140,0,,,,,,,,,,,,,,,,,,,,,,,,,,,,,
"",176405,5171,-16.46681,145.77883,0,03/24/2019 21:17:21,Argos,0,57,NN,,401677441.12,03/24/2019 21:17:32,1,4,0,-131,401677441.12,145.77883,-16.46681,145.77882,-16.46681,58,3,2955,5129,1702,120,2380,10,0,16,,,,,,,,,,,,,,,,,,,,,,,,,,,,,
"",176405,5171,-16.46681,145.77883,0,03/24/2019 21:17:21,Argos,0,57,NN,,401677441.12,03/24/2019 21:17:46,1,4,0,-131,401677441.12,145.77883,-16.46681,145.77882,-16.46681,58,3,2955,5129,1702,120,2380,22,75,24,,,,,,,,,,,,,,,,,,,,,,,,,,,,,
"",176405,5171,-16.46818,145.77709,B,03/24/2019 22:57:17,Argos,0,0,NN,,401650000,03/24/2019 22:57:17,1,1,0,-128,401650000,145.77709,-16.46818,145.77708,-16.46818,8,3,1795,1936,1663,47,5067,99,141,0,,,,,,,,,,,,,,,,,,,,,,,,,,,,,
"",176405,5171,-16.45922,145.76847,B,03/25/2019 08:52:49,Argos,0,0,NK,,401677440.94,03/25/2019 08:52:49,1,1,0,-137,401677440.94,145.76847,-16.45922,145.76846,-16.45922,8,3,7324,8310,6454,53,10219,22,75,88,,,,,,,,,,,,,,,,,,,,,,,,,,,,,
"",176405,5171,-16.42639,145.74924,B,03/25/2019 22:41:30,Argos,0,0,NN,,401677436.41,03/25/2019 22:41:31,1,1,0,-140,401677436.41,145.74924,-16.42639,145.74924,-16.42639,0,3,3821,146551,99,72,10803,10,0,16,,,,,,,,,,,,,,,,,,,,,,,,,,,,,
"",176405,5171,-16.42639,145.74924,B,03/25/2019 22:41:30,Argos,0,0,NN,,401677436.41,03/25/2019 22:51:14,1,1,0,-140,401677436.41,145.74924,-16.42639,145.74924,-16.42639,0,3,3821,146551,99,72,10803,69,110,5,,,,,,,,,,,,,,,,,,,,,,,,,,,,,
"",176405,5171,-16.42514,145.75177,B,03/25/2019 23:05:57,Argos,0,0,MA,,401677437.12,03/25/2019 23:05:58,1,1,0,-127,401677437.12,145.75177,-16.42514,145.75177,-16.42514,6,3,3847,31397,471,72,10877,88,155,50,,,,,,,,,,,,,,,,,,,,,,,,,,,,,
"",176405,5171,-16.42031,145.75137,B,03/26/2019 05:51:40,Argos,0,0,NP,,401677433.79,03/26/2019 05:51:40,1,1,0,-139,401677433.79,145.75137,-16.42031,145.75137,-16.42031,8,3,4514,11510,1770,68,12766,10,0,16,,,,,,,,,,,,,,,,,,,,,,,,,,,,,
"",176405,5171,-16.42332,145.75377,B,03/26/2019 06:56:53,Argos,0,0,SR,,401677436.11,03/26/2019 06:56:53,1,1,0,-135,401677436.11,145.75377,-16.42332,145.75377,-16.42332,8,3,4337,14883,1263,63,12265,84,183,50,,,,,,,,,,,,,,,,,,,,,,,,,,,,,
"",176405,5171,-16.39389,145.79009,B,03/26/2019 08:18:48,Argos,0,68,NK,,401677437.6,03/26/2019 08:18:14,1,2,0,-131,401677437.6,145.79009,-16.39389,145.79008,-16.39389,8,3,2496,16049,388,93,7055,102,140,0,,,,,,,,,,,,,,,,,,,,,,,,,,,,,
"",176405,5171,-16.39389,145.79009,B,03/26/2019 08:18:48,Argos,0,68,NK,,401677437.6,03/26/2019 08:19:23,1,2,0,-131,401677437.6,145.79009,-16.39389,145.79008,-16.39389,8,3,2496,16049,388,93,7055,22,75,24,,,,,,,,,,,,,,,,,,,,,,,,,,,,,
"",176405,5171,-16.38147,145.82278,A,03/26/2019 21:01:02,Argos,0,35,SR,,401677448.28,03/26/2019 21:00:45,1,2,0,-135,401677448.28,145.82278,-16.38147,145.82278,-16.38147,0,3,555,4563,67,142,1540,74,48,131,220,168,40,58,164,109,84,17,84,20,101,139,26,1,77,46,214,17,232,128,,,,,,,,,
"",176405,5171,-16.38147,145.82278,A,03/26/2019 21:01:02,Argos,0,35,SR,,401677448.28,03/26/2019 21:01:20,1,2,0,-135,401677448.28,145.82278,-16.38147,145.82278,-16.38147,0,3,555,4563,67,142,1540,70,97,5,,,,,,,,,,,,,,,,,,,,,,,,,,,,,
"",176405,5171,-16.38185,145.82296,B,03/26/2019 21:07:03,Argos,0,0,NK,,401677457.16,03/26/2019 21:07:03,1,1,0,-127,401677457.16,145.82296,-16.38185,145.82297,-16.38185,6,3,347,2258,53,100,935,87,199,50,,,,,,,,,,,,,,,,,,,,,,,,,,,,,
"",176405,5171,-16.38147,145.82278,A,03/26/2019 21:01:02,Argos,0,35,SR,,401677448.28,03/26/2019 21:07:03,1,2,0,-135,401677448.28,145.82278,-16.38147,145.82278,-16.38147,0,3,555,4563,67,142,1540,87,199,50,,,,,,,,,,,,,,,,,,,,,,,,,,,,,
"",176405,5171,-16.38185,145.82296,B,03/26/2019 21:07:03,Argos,0,0,NK,,401677457.16,03/26/2019 21:08:36,1,1,0,-127,401677457.16,145.82296,-16.38185,145.82297,-16.38185,6,3,347,2258,53,100,935,102,140,0,,,,,,,,,,,,,,,,,,,,,,,,,,,,,
"",176405,5171,-16.38884,145.82953,B,03/26/2019 22:37:17,Argos,0,0,NN,,401677451.33,03/26/2019 22:37:17,1,1,0,-131,401677451.33,145.82953,-16.38884,145.82953,-16.38884,8,3,1151,1952,678,101,3241,10,0,16,,,,,,,,,,,,,,,,,,,,,,,,,,,,,
"",176405,5171,-16.38971,145.82497,B,03/26/2019 22:48:47,Argos,0,0,MA,,401677451.22,03/26/2019 22:48:48,1,1,0,-121,401677451.22,145.82497,-16.38971,145.82497,-16.38971,6,2,1281,2053,799,94,3611,91,219,50,,,,,,,,,,,,,,,,,,,,,,,,,,,,,
"",176405,5171,-16.39683,145.80039,3,03/26/2019 23:22:00,Argos,0,29,MC,,401677437.8,03/26/2019 23:21:46,1,2,0,-126,401677437.8,145.80039,-16.39683,145.80038,-16.39683,58,3,247,997,61,110,346,99,141,0,,,,,,,,,,,,,,,,,,,,,,,,,,,,,
"",176405,5171,-16.39683,145.80039,3,03/26/2019 23:22:00,Argos,0,29,MC,,401677437.8,03/26/2019 23:22:16,1,2,0,-126,401677437.8,145.80039,-16.39683,145.80038,-16.39683,58,3,247,997,61,110,346,10,0,16,,,,,,,,,,,,,,,,,,,,,,,,,,,,,
"",176405,5171,-16.39683,145.80039,3,03/26/2019 23:22:00,Argos,0,29,MC,,401677437.8,03/26/2019 23:23:13,1,2,0,-126,401677437.8,145.80039,-16.39683,145.80038,-16.39683,58,3,247,997,61,110,346,22,75,24,,,,,,,,,,,,,,,,,,,,,,,,,,,,,
"",176405,5171,-16.39683,145.80039,3,03/26/2019 23:22:00,Argos,0,29,MC,,401677437.8,03/26/2019 23:25:10,1,2,0,-126,401677437.8,145.80039,-16.39683,145.80038,-16.39683,58,3,247,997,61,110,346,66,117,5,,,,,,,,,,,,,,,,,,,,,,,,,,,,,
"",176405,5171,-16.39683,145.80039,3,03/26/2019 23:22:00,Argos,0,29,MC,,401677437.8,03/26/2019 23:26:47,1,2,0,-126,401677437.8,145.80039,-16.39683,145.80038,-16.39683,58,3,247,997,61,110,346,82,230,50,,,,,,,,,,,,,,,,,,,,,,,,,,,,,
"",176405,5171,-16.39683,145.80039,3,03/26/2019 23:22:00,Argos,0,29,MC,,401677437.8,03/26/2019 23:31:27,1,2,0,-126,401677437.8,145.80039,-16.39683,145.80038,-16.39683,58,3,247,997,61,110,346,102,140,0,,,,,,,,,,,,,,,,,,,,,,,,,,,,,
"",176405,5171,,,,,,,0,MC,,401650000,03/28/2019 00:47:07,1,1,0,-131,401650000,,,,,,,,,,,,32,207,64,0,0,0,0,1,0,0,32,0,1,255,101,151,207,32,0,0,0,0,0,0,0,0,0,0,255,129,75,
"",176405,5171,,,,,,,0,MC,,401650000,03/29/2019 00:23:56,1,1,0,-120,401650000,,,,,,,,,,,,32,207,128,0,0,0,0,0,0,0,21,76,139,61,56,61,152,239,102,75,50,5,182,218,26,162,243,102,229,204,211,
"",176405,5171,,,,,,,0,SR,,401650000,03/29/2019 07:07:31,1,1,0,-138,401650000,,,,,,,,,,,,75,104,5,,,,,,,,,,,,,,,,,,,,,,,,,,,,,
"",176405,5171,-16.42252,145.81292,A,03/29/2019 19:30:53,Argos,0,402,SR,,401677439.6,03/29/2019 19:28:02,1,3,0,-130,401677439.6,145.81292,-16.42252,145.81293,-16.42252,0,3,703,1442,342,165,503,102,140,0,,,,,,,,,,,,,,,,,,,,,,,,,,,,,
"",176405,5171,-16.42252,145.81292,A,03/29/2019 19:30:53,Argos,0,402,SR,,401677439.6,03/29/2019 19:29:55,1,3,0,-130,401677439.6,145.81292,-16.42252,145.81293,-16.42252,0,3,703,1442,342,165,503,26,0,16,,,,,,,,,,,,,,,,,,,,,,,,,,,,,
"",176405,5171,-16.42252,145.81292,A,03/29/2019 19:30:53,Argos,0,402,SR,,401677439.6,03/29/2019 19:34:44,1,3,0,-130,401677439.6,145.81292,-16.42252,145.81293,-16.42252,0,3,703,1442,342,165,503,22,75,24,,,,,,,,,,,,,,,,,,,,,,,,,,,,,
"",176405,5171,-16.42297,145.81334,B,03/29/2019 21:56:33,Argos,0,0,NN,,401677442.06,03/29/2019 21:56:33,1,1,0,-137,401677442.06,145.81334,-16.42297,,,8,3,5699,5938,5469,77,4653,71,208,131,220,168,40,58,164,110,215,141,147,18,102,183,26,1,108,44,212,209,221,64,,,,,,,,,
"",176405,5171,-16.42787,145.80391,B,03/29/2019 22:24:56,Argos,0,0,MC,,401677443.2,03/29/2019 22:24:57,1,1,0,-132,401677443.2,145.80391,-16.42787,145.80391,-16.42787,6,3,4265,4787,3799,111,4923,22,75,24,,,,,,,,,,,,,,,,,,,,,,,,,,,,,
"",176405,5171,-16.49014,145.86192,B,03/30/2019 19:39:15,Argos,0,0,NP,,401677466.55,03/30/2019 19:39:16,1,1,0,-133,401677466.55,145.86192,-16.49014,145.86192,-16.49014,0,3,8872,12882,6110,53,12548,22,75,28,,,,,,,,,,,,,,,,,,,,,,,,,,,,,
"",176405,5171,-16.61593,145.78336,B,03/30/2019 20:39:27,Argos,0,0,SR,,401677439,03/30/2019 20:39:28,1,1,0,-136,401677439,145.78336,-16.61593,145.78336,-16.61593,8,3,5078,38804,664,67,14363,10,60,66,,,,,,,,,,,,,,,,,,,,,,,,,,,,,
"",176405,5171,-16.63734,145.76543,B,03/30/2019 21:14:00,Argos,0,0,NK,,401677435.26,03/30/2019 21:14:00,1,1,0,-131,401677435.26,145.76543,-16.63734,145.76543,-16.63734,8,3,5681,43195,747,67,16067,10,0,16,,,,,,,,,,,,,,,,,,,,,,,,,,,,,
"",176405,5171,-16.62713,145.78099,B,03/30/2019 23:01:42,Argos,0,0,MA,,401677425.07,03/30/2019 23:01:42,1,1,0,-125,401677425.07,145.78099,-16.62713,145.78099,-16.62713,8,3,5633,26273,1207,68,15930,89,161,51,,,,,,,,,,,,,,,,,,,,,,,,,,,,,
"",176405,5171,-16.45427,145.84429,3,03/31/2019 06:26:48,Argos,0,246,NP,,401677438.79,03/31/2019 06:24:54,1,7,0,-127,401677438.79,145.84429,-16.45427,145.84428,-16.45427,58,3,220,241,199,112,141,82,21,52,,,,,,,,,,,,,,,,,,,,,,,,,,,,,
"",176405,5171,-16.45427,145.84429,3,03/31/2019 06:26:48,Argos,0,246,NP,,401677438.79,03/31/2019 06:25:38,1,7,0,-127,401677438.79,145.84429,-16.45427,145.84428,-16.45427,58,3,220,241,199,112,141,22,75,24,,,,,,,,,,,,,,,,,,,,,,,,,,,,,
"",176405,5171,-16.45427,145.84429,3,03/31/2019 06:26:48,Argos,0,246,NP,,401677438.79,03/31/2019 06:26:04,1,7,0,-127,401677438.79,145.84429,-16.45427,145.84428,-16.45427,58,3,220,241,199,112,141,69,110,5,,,,,,,,,,,,,,,,,,,,,,,,,,,,,
"",176405,5171,-16.45427,145.84429,3,03/31/2019 06:26:48,Argos,0,246,NP,,401677438.79,03/31/2019 06:28:05,1,7,0,-127,401677438.79,145.84429,-16.45427,145.84428,-16.45427,58,3,220,241,199,112,141,81,26,52,,,,,,,,,,,,,,,,,,,,,,,,,,,,,
"",176405,5171,-16.45427,145.84429,3,03/31/2019 06:26:48,Argos,0,246,NP,,401677438.79,03/31/2019 06:28:36,1,7,0,-127,401677438.79,145.84429,-16.45427,145.84428,-16.45427,58,3,220,241,199,112,141,109,139,0,,,,,,,,,,,,,,,,,,,,,,,,,,,,,
"",176405,5171,-16.45427,145.84429,3,03/31/2019 06:26:48,Argos,0,246,NP,,401677438.79,03/31/2019 06:29:00,2,7,0,-127,401677438.79,145.84429,-16.45427,145.84428,-16.45427,58,3,220,241,199,112,141,10,0,16,,,,,,,,,,,,,,,,,,,,,,,,,,,,,
"",176405,5171,-16.45427,145.84429,3,03/31/2019 06:26:48,Argos,0,246,NP,,401677438.79,03/31/2019 06:30:05,1,7,0,-127,401677438.79,145.84429,-16.45427,145.84428,-16.45427,58,3,220,241,199,112,141,80,31,52,,,,,,,,,,,,,,,,,,,,,,,,,,,,,
"",176405,5171,-16.45427,145.84429,3,03/31/2019 06:26:48,Argos,0,246,NP,,401677438.79,03/31/2019 06:32:37,2,7,0,-127,401677438.79,145.84429,-16.45427,145.84428,-16.45427,58,3,220,241,199,112,141,109,139,0,,,,,,,,,,,,,,,,,,,,,,,,,,,,,
"",176405,5171,-16.45427,145.84429,3,03/31/2019 06:26:48,Argos,0,246,NP,,401677438.79,03/31/2019 06:33:19,3,7,0,-127,401677438.79,145.84429,-16.45427,145.84428,-16.45427,58,3,220,241,199,112,141,22,75,24,,,,,,,,,,,,,,,,,,,,,,,,,,,,,
"",176405,5171,-16.45427,145.84429,3,03/31/2019 06:26:48,Argos,0,246,NP,,401677438.79,03/31/2019 06:33:38,1,7,0,-127,401677438.79,145.84429,-16.45427,145.84428,-16.45427,58,3,220,241,199,112,141,94,208,131,220,168,104,58,164,111,154,30,143,148,104,71,22,9,96,45,214,193,167,64,,,,,,,,,
"",176405,5171,-16.45427,145.84429,3,03/31/2019 06:26:48,Argos,0,246,NP,,401677438.79,03/31/2019 06:34:07,2,7,0,-127,401677438.79,145.84429,-16.45427,145.84428,-16.45427,58,3,220,241,199,112,141,69,110,5,,,,,,,,,,,,,,,,,,,,,,,,,,,,,
"",176405,5171,-16.45427,145.84429,3,03/31/2019 06:26:48,Argos,0,246,NP,,401677438.79,03/31/2019 06:36:40,4,7,0,-127,401677438.79,145.84429,-16.45427,145.84428,-16.45427,58,3,220,241,199,112,141,10,0,16,,,,,,,,,,,,,,,,,,,,,,,,,,,,,
"",176405,5171,-16.69079,145.77457,B,04/01/2019 06:24:59,Argos,0,0,NP,,401677458.34,04/01/2019 06:25:00,1,1,0,-137,401677458.34,145.77457,-16.69079,145.77457,-16.69079,0,3,17693,20985,14916,25,13416,88,72,52,,,,,,,,,,,,,,,,,,,,,,,,,,,,,
"",176405,5171,-16.44815,145.79158,A,04/02/2019 06:02:14,Argos,0,613,NP,,401677432.39,04/02/2019 06:02:14,1,3,0,-138,401677432.39,145.79158,-16.44815,145.79158,-16.44815,0,3,5284,125201,223,169,6353,82,187,52,,,,,,,,,,,,,,,,,,,,,,,,,,,,,
"",176405,5171,-16.44815,145.79158,A,04/02/2019 06:02:14,Argos,0,613,NP,,401677432.39,04/02/2019 06:12:11,1,3,0,-138,401677432.39,145.79158,-16.44815,145.79158,-16.44815,0,3,5284,125201,223,169,6353,10,0,16,,,,,,,,,,,,,,,,,,,,,,,,,,,,,
"",176405,5171,-16.44815,145.79158,A,04/02/2019 06:02:14,Argos,0,613,NP,,401677432.39,04/02/2019 06:12:27,1,3,0,-138,401677432.39,145.79158,-16.44815,145.79158,-16.44815,0,3,5284,125201,223,169,6353,22,75,24,,,,,,,,,,,,,,,,,,,,,,,,,,,,,
"",176405,5171,-16.4599,145.78944,B,04/02/2019 08:24:42,Argos,0,0,SR,,401677432.16,04/02/2019 08:24:42,1,1,0,-136,401677432.16,145.78944,-16.4599,145.78944,-16.4599,8,3,5319,8621,3281,172,6396,32,208,32,2,3,95,85,238,125,253,78,39,196,232,223,245,151,97,36,50,180,118,87,220,54,167,118,137,96,104,45,
"",176405,5171,-16.44889,145.7911,B,04/02/2019 10:49:06,Argos,0,0,MA,,401677447.47,04/02/2019 10:49:07,1,1,0,-132,401677447.47,145.7911,-16.44889,145.7911,-16.44889,8,3,4213,5064,3504,153,7148,32,208,32,0,0,0,0,0,0,0,0,0,143,31,235,216,143,151,161,132,231,31,155,48,243,43,101,224,226,90,169,
"",176405,5171,-16.42286,145.7807,B,04/02/2019 11:32:38,Argos,0,0,MC,,401677450.91,04/02/2019 11:32:38,1,1,0,-132,401677450.91,145.7807,-16.42286,145.7807,-16.42286,8,3,2707,4988,1468,63,5619,86,48,131,220,168,40,58,164,97,46,14,211,84,105,165,24,3,74,47,213,209,236,192,,,,,,,,,
"",176405,5171,-16.40978,145.77119,B,04/02/2019 13:16:09,Argos,0,0,MC,,401677446.21,04/02/2019 13:16:09,1,1,0,-128,401677446.21,145.77119,-16.40978,145.7712,-16.40978,8,3,2383,3689,1539,61,6734,99,140,49,,,,,,,,,,,,,,,,,,,,,,,,,,,,,
"",176405,5171,-16.37273,145.76074,B,04/02/2019 17:22:09,Argos,0,0,NP,,401677439.8,04/02/2019 17:22:09,1,1,0,-138,401677439.8,145.76074,-16.37273,145.76074,-16.37273,8,3,2611,4026,1693,114,7381,10,0,16,,,,,,,,,,,,,,,,,,,,,,,,,,,,,
"",176405,5171,,,,,,,0,SR,,401650000,04/03/2019 20:13:30,1,1,0,-137,401650000,,,,,,,,,,,,22,75,24,,,,,,,,,,,,,,,,,,,,,,,,,,,,,
"",176405,5171,,,,,,,0,MC,,401650000,04/04/2019 00:00:15,1,1,0,-120,401650000,,,,,,,,,,,,32,208,96,0,0,0,0,0,0,0,0,0,104,255,1,95,208,64,0,0,0,0,0,0,0,0,0,96,255,1,240,
"",176405,5171,,,,,,,0,NP,,401650000,04/04/2019 07:31:25,1,1,0,-137,401650000,,,,,,,,,,,,22,75,24,,,,,,,,,,,,,,,,,,,,,,,,,,,,,
"",176405,5171,-16.45381,145.79093,B,04/05/2019 06:47:49,Argos,0,77,SR,,401677442.27,04/05/2019 06:47:11,1,2,0,-134,401677442.27,145.79093,-16.45381,145.79092,-16.45381,0,3,2374,15967,352,179,6708,102,140,0,,,,,,,,,,,,,,,,,,,,,,,,,,,,,
"",176405,5171,-16.45381,145.79093,B,04/05/2019 06:47:49,Argos,0,77,SR,,401677442.27,04/05/2019 06:48:28,1,2,0,-134,401677442.27,145.79093,-16.45381,145.79092,-16.45381,0,3,2374,15967,352,179,6708,10,0,16,,,,,,,,,,,,,,,,,,,,,,,,,,,,,
"",176405,5171,-16.46333,145.79273,1,04/05/2019 07:09:40,Argos,0,96,NP,,401677432.44,04/05/2019 07:08:51,1,7,0,-127,401677432.44,145.79273,-16.46333,145.79272,-16.46333,56,3,1206,7982,182,77,1620,70,140,0,,,,,,,,,,,,,,,,,,,,,,,,,,,,,
"",176405,5171,-16.46333,145.79273,1,04/05/2019 07:09:40,Argos,0,96,NP,,401677432.44,04/05/2019 07:09:25,1,7,0,-127,401677432.44,145.79273,-16.46333,145.79272,-16.46333,56,3,1206,7982,182,77,1620,22,75,24,,,,,,,,,,,,,,,,,,,,,,,,,,,,,
"",176405,5171,-16.46333,145.79273,1,04/05/2019 07:09:40,Argos,0,96,NP,,401677432.44,04/05/2019 07:09:41,1,7,0,-127,401677432.44,145.79273,-16.46333,145.79272,-16.46333,56,3,1206,7982,182,77,1620,65,90,5,,,,,,,,,,,,,,,,,,,,,,,,,,,,,
"",176405,5171,-16.46333,145.79273,1,04/05/2019 07:09:40,Argos,0,96,NP,,401677432.44,04/05/2019 07:09:56,1,7,0,-127,401677432.44,145.79273,-16.46333,145.79272,-16.46333,56,3,1206,7982,182,77,1620,83,222,53,,,,,,,,,,,,,,,,,,,,,,,,,,,,,
"",176405,5171,-16.46333,145.79273,1,04/05/2019 07:09:40,Argos,0,96,NP,,401677432.44,04/05/2019 07:10:10,1,7,0,-127,401677432.44,145.79273,-16.46333,145.79272,-16.46333,56,3,1206,7982,182,77,1620,102,140,0,,,,,,,,,,,,,,,,,,,,,,,,,,,,,
"",176405,5171,-16.46333,145.79273,1,04/05/2019 07:09:40,Argos,0,96,NP,,401677432.44,04/05/2019 07:10:28,2,7,0,-127,401677432.44,145.79273,-16.46333,145.79272,-16.46333,56,3,1206,7982,182,77,1620,10,0,16,,,,,,,,,,,,,,,,,,,,,,,,,,,,,
"",176405,5171,-16.46333,145.79273,1,04/05/2019 07:09:40,Argos,0,96,NP,,401677432.44,04/05/2019 07:10:44,2,7,0,-127,401677432.44,145.79273,-16.46333,145.79272,-16.46333,56,3,1206,7982,182,77,1620,22,75,24,,,,,,,,,,,,,,,,,,,,,,,,,,,,,
"",176405,5171,-16.46333,145.79273,1,04/05/2019 07:09:40,Argos,0,96,NP,,401677432.44,04/05/2019 07:16:40,1,7,0,-127,401677432.44,145.79273,-16.46333,145.79272,-16.46333,56,3,1206,7982,182,77,1620,77,86,5,,,,,,,,,,,,,,,,,,,,,,,,,,,,,
"",176405,5171,-16.46333,145.79273,1,04/05/2019 07:09:40,Argos,0,96,NP,,401677432.44,04/05/2019 07:18:37,1,7,0,-127,401677432.44,145.79273,-16.46333,145.79272,-16.46333,56,3,1206,7982,182,77,1620,90,227,53,,,,,,,,,,,,,,,,,,,,,,,,,,,,,
"",176405,5171,-16.24568,145.84311,3,04/10/2019 07:55:50,Argos,0,431,NP,,401677435.14,04/10/2019 07:55:52,1,4,0,-126,401677435.14,145.84311,-16.24568,145.84311,-16.24568,50,2,159,251,100,103,179,99,141,0,,,,,,,,,,,,,,,,,,,,,,,,,,,,,
"",176405,5171,-16.24568,145.84311,3,04/10/2019 07:55:50,Argos,0,431,NP,,401677435.14,04/10/2019 07:56:54,2,4,0,-126,401677435.14,145.84311,-16.24568,145.84311,-16.24568,50,2,159,251,100,103,179,22,75,24,,,,,,,,,,,,,,,,,,,,,,,,,,,,,
"",176405,5171,-16.24568,145.84311,3,04/10/2019 07:55:50,Argos,0,431,NP,,401677435.14,04/10/2019 07:58:53,1,4,0,-126,401677435.14,145.84311,-16.24568,145.84311,-16.24568,50,2,159,251,100,103,179,10,0,16,,,,,,,,,,,,,,,,,,,,,,,,,,,,,
"",176405,5171,-16.36474,145.86051,B,04/10/2019 19:56:56,Argos,0,0,SR,,401677418.25,04/10/2019 19:56:56,1,1,0,-128,401677418.25,145.86051,-16.36474,145.8605,-16.36474,0,3,3430,9439,1246,81,7233,22,75,201,,,,,,,,,,,,,,,,,,,,,,,,,,,,,
"",176405,5171,-16.38018,145.8372,B,04/10/2019 21:27:49,Argos,0,0,NK,,401677444.7,04/10/2019 21:27:49,1,1,0,-135,401677444.7,145.8372,-16.38018,145.8372,-16.38018,7,3,3072,7402,1274,89,7931,32,209,32,0,0,0,0,0,0,0,0,0,255,12,0,210,209,0,0,0,0,0,0,0,0,0,2,255,3,201,104,
"",176405,5171,-16.40601,145.83363,B,04/10/2019 23:03:07,Argos,0,0,NN,,401677455.02,04/10/2019 23:03:08,1,1,0,-130,401677455.02,145.83363,-16.40601,145.83363,-16.40601,8,3,2868,9396,875,87,8108,68,75,5,,,,,,,,,,,,,,,,,,,,,,,,,,,,,
"",176405,5171,-16.41144,145.83366,B,04/10/2019 23:21:05,Argos,0,0,MC,,401677446.8,04/10/2019 23:21:06,1,1,0,-131,401677446.8,145.83366,-16.41144,145.83366,-16.41144,6,3,2876,10516,786,88,8129,102,140,80,,,,,,,,,,,,,,,,,,,,,,,,,,,,,
"",176405,5171,-16.42218,145.82832,B,04/11/2019 00:54:39,Argos,0,0,MC,,401677447.79,04/11/2019 00:54:39,1,1,0,-132,401677447.79,145.82832,-16.42218,145.82832,-16.42218,8,3,3093,8654,1105,90,8743,8,0,16,,,,,,,,,,,,,,,,,,,,,,,,,,,,,
"",176405,5171,-16.4845,145.8231,B,04/11/2019 07:42:37,Argos,0,0,NP,,401677443.96,04/11/2019 07:42:37,1,1,0,-132,401677443.96,145.8231,-16.4845,145.8231,-16.4845,8,3,3445,10171,1166,72,9740,10,0,16,,,,,,,,,,,,,,,,,,,,,,,,,,,,,
"",176405,5171,-16.56623,145.82536,B,04/11/2019 22:20:17,Argos,0,0,MA,,401677433.35,04/11/2019 22:20:18,1,1,0,-132,401677433.35,145.82536,-16.56623,145.82536,-16.56623,0,3,4807,6731,3432,88,13595,83,33,55,,,,,,,,,,,,,,,,,,,,,,,,,,,,,
"",176405,5171,-16.44802,145.83515,A,04/11/2019 22:53:29,Argos,0,46,NN,,401677426.47,04/11/2019 22:53:04,1,3,0,-128,401677426.47,145.83515,-16.44802,145.83514,-16.44802,0,3,3437,65707,179,94,9717,22,75,24,,,,,,,,,,,,,,,,,,,,,,,,,,,,,
"",176405,5171,-16.44802,145.83515,A,04/11/2019 22:53:29,Argos,0,46,NN,,401677426.47,04/11/2019 22:53:35,1,3,0,-128,401677426.47,145.83515,-16.44802,145.83514,-16.44802,0,3,3437,65707,179,94,9717,88,54,55,,,,,,,,,,,,,,,,,,,,,,,,,,,,,
"",176405,5171,-16.43994,145.72351,B,04/11/2019 22:53:43,Argos,0,15,MC,,401677441.3,04/11/2019 22:53:35,1,2,0,-124,401677441.3,145.72351,-16.43994,145.72351,-16.43994,6,3,1843,9338,363,96,2647,88,54,55,,,,,,,,,,,,,,,,,,,,,,,,,,,,,
"",176405,5171,-16.44802,145.83515,A,04/11/2019 22:53:29,Argos,0,46,NN,,401677426.47,04/11/2019 22:53:51,1,3,0,-128,401677426.47,145.83515,-16.44802,145.83514,-16.44802,0,3,3437,65707,179,94,9717,102,140,0,,,,,,,,,,,,,,,,,,,,,,,,,,,,,
"",176405,5171,-16.43994,145.72351,B,04/11/2019 22:53:43,Argos,0,15,MC,,401677441.3,04/11/2019 22:53:51,1,2,0,-124,401677441.3,145.72351,-16.43994,145.72351,-16.43994,6,3,1843,9338,363,96,2647,102,140,0,,,,,,,,,,,,,,,,,,,,,,,,,,,,,
"",176405,5171,-16.30476,145.69359,B,04/12/2019 07:27:43,Argos,0,86,NP,,401677440.89,04/12/2019 07:27:00,1,2,0,-126,401677440.89,145.69359,-16.30476,145.69359,-16.30476,8,3,6719,41220,1095,49,6450,83,78,55,,,,,,,,,,,,,,,,,,,,,,,,,,,,,
"",176405,5171,-16.30476,145.69359,B,04/12/2019 07:27:43,Argos,0,86,NP,,401677440.89,04/12/2019 07:28:27,1,2,0,-126,401677440.89,145.69359,-16.30476,145.69359,-16.30476,8,3,6719,41220,1095,49,6450,99,141,0,,,,,,,,,,,,,,,,,,,,,,,,,,,,,
"",176405,5171,-16.31438,145.69939,B,04/13/2019 00:17:14,Argos,0,0,MC,,401677443.96,04/13/2019 00:17:14,1,1,0,-122,401677443.96,145.69939,-16.31438,145.69939,-16.31438,0,3,9029,16905,4821,56,12217,72,87,5,,,,,,,,,,,,,,,,,,,,,,,,,,,,,
"",176405,5171,-16.3081,145.69874,B,04/13/2019 18:28:26,Argos,0,0,NP,,401677450.02,04/13/2019 18:28:27,1,1,0,-133,401677450.02,145.69874,-16.3081,145.69875,-16.3081,0,3,18245,20248,16440,53,18957,22,75,24,,,,,,,,,,,,,,,,,,,,,,,,,,,,,
"",176405,5171,-16.37798,145.70441,B,04/13/2019 22:28:11,Argos,0,0,NN,,401677443.32,04/13/2019 22:28:11,1,1,0,-137,401677443.32,145.70441,-16.37798,145.7044,-16.37798,8,3,15066,123943,1831,114,21620,65,53,5,,,,,,,,,,,,,,,,,,,,,,,,,,,,,
"",176405,5171,,,,,,,0,SR,,401650000,04/16/2019 07:42:52,1,1,0,-130,401650000,,,,,,,,,,,,32,209,224,0,0,0,0,0,2,0,0,0,255,0,49,172,81,196,1,2,22,83,126,29,131,121,235,221,191,175,1,
"",176405,5171,,,,,,,0,NN,,401650000,04/16/2019 10:34:31,1,1,0,-137,401650000,,,,,,,,,,,,10,0,16,,,,,,,,,,,,,,,,,,,,,,,,,,,,,
"",176405,5171,,,,,,,0,SR,,401650000,04/18/2019 06:44:36,1,1,0,-135,401650000,,,,,,,,,,,,32,210,32,0,0,0,0,0,0,0,4,1,87,231,153,156,100,253,246,196,121,246,16,38,142,220,13,23,41,246,55,
"",176405,5171,,,,,,,0,NK,,401650000,04/19/2019 08:18:47,1,1,0,-135,401650000,,,,,,,,,,,,95,40,56,,,,,,,,,,,,,,,,,,,,,,,,,,,,,
"",176405,5171,,,,,,,0,NN,,401650000,04/19/2019 22:58:15,1,1,0,-124,401650000,,,,,,,,,,,,32,210,1,76,119,121,32,192,254,170,96,25,10,118,127,249,217,47,205,227,77,115,23,107,185,242,164,32,232,113,89,
"",176405,5171,,,,,,,0,SR,,401650000,04/20/2019 08:58:32,1,1,0,-130,401650000,,,,,,,,,,,,70,62,5,,,,,,,,,,,,,,,,,,,,,,,,,,,,,
"",176405,5171,,,,,,,0,NK,,401650000,04/23/2019 09:57:56,1,1,0,-129,401650000,,,,,,,,,,,,99,141,0,,,,,,,,,,,,,,,,,,,,,,,,,,,,,
"",176405,5171,,,,,,,0,SR,,401650000,04/25/2019 08:07:26,1,1,0,-131,401650000,,,,,,,,,,,,32,210,224,0,0,0,0,0,0,0,0,1,247,78,0,56,139,164,197,155,165,174,101,7,228,61,182,171,18,67,178,
"",176405,5171,,,,,,,0,NK,,401650000,04/26/2019 21:29:29,1,1,0,-129,401650000,,,,,,,,,,,,76,70,9,,,,,,,,,,,,,,,,,,,,,,,,,,,,,
"",176405,5171,,,,,,,0,MC,,401650000,04/27/2019 00:22:06,1,1,0,-129,401650000,,,,,,,,,,,,32,211,32,16,0,0,0,0,0,0,0,1,255,0,0,227,211,0,0,0,0,32,0,0,0,0,0,255,7,0,118,
"",176405,5171,,,,,,,0,SR,,401650000,04/27/2019 07:04:47,1,1,0,-137,401650000,,,,,,,,,,,,10,0,16,,,,,,,,,,,,,,,,,,,,,,,,,,,,,
"",176405,5171,-16.33213,145.78197,B,04/27/2019 08:03:13,Argos,0,62,NP,,401677455.09,04/27/2019 08:02:43,1,2,0,-131,401677455.09,145.78197,-16.33213,145.78197,-16.33213,0,3,64022,0,2219,97,35293,99,141,0,,,,,,,,,,,,,,,,,,,,,,,,,,,,,
"",176405,5171,-16.33213,145.78197,B,04/27/2019 08:03:13,Argos,0,62,NP,,401677455.09,04/27/2019 08:03:45,1,2,0,-131,401677455.09,145.78197,-16.33213,145.78197,-16.33213,0,3,64022,0,2219,97,35293,11,0,88,,,,,,,,,,,,,,,,,,,,,,,,,,,,,
"",176405,5171,,,,,,,0,MC,,401650000,04/28/2019 10:53:17,1,1,0,-131,401650000,,,,,,,,,,,,32,211,96,0,0,0,191,235,63,65,148,27,172,99,192,193,57,113,34,121,236,222,129,253,62,98,49,198,168,27,35,
"",176405,5171,-16.41732,145.69184,0,04/29/2019 11:35:51,Argos,0,298,MA,,401677424.18,04/29/2019 11:36:03,1,4,0,-125,401677424.18,145.69184,-16.41732,145.69183,-16.41732,50,3,2944,62231,139,80,3862,99,141,0,,,,,,,,,,,,,,,,,,,,,,,,,,,,,
"",176405,5171,-16.41732,145.69184,0,04/29/2019 11:35:51,Argos,0,298,MA,,401677424.18,04/29/2019 11:37:06,1,4,0,-125,401677424.18,145.69184,-16.41732,145.69183,-16.41732,50,3,2944,62231,139,80,3862,81,240,59,,,,,,,,,,,,,,,,,,,,,,,,,,,,,
"",176405,5171,-16.41732,145.69184,0,04/29/2019 11:35:51,Argos,0,298,MA,,401677424.18,04/29/2019 11:37:38,2,4,0,-125,401677424.18,145.69184,-16.41732,145.69183,-16.41732,50,3,2944,62231,139,80,3862,10,0,16,,,,,,,,,,,,,,,,,,,,,,,,,,,,,
"",176405,5171,-16.43268,145.63346,B,04/29/2019 21:40:22,Argos,0,0,SR,,401677434.64,04/29/2019 21:40:23,1,1,0,-138,401677434.64,145.63346,-16.43268,145.63345,-16.43268,8,2,4839,7509,3117,56,8979,99,141,0,,,,,,,,,,,,,,,,,,,,,,,,,,,,,
"",176405,5171,-16.41339,145.63086,B,04/30/2019 07:08:50,Argos,0,0,SR,,401677429.35,04/30/2019 07:08:50,1,1,0,-138,401677429.35,145.63086,-16.41339,145.63086,-16.41339,8,3,4419,9117,2141,101,10043,32,211,160,0,158,73,54,75,166,108,89,50,245,244,120,28,3,241,54,70,125,15,247,233,8,255,6,136,132,218,121,
"",176405,5171,,,,,,,0,NN,,401650000,05/01/2019 11:08:05,1,1,0,-126,401650000,,,,,,,,,,,,32,211,160,0,0,0,0,0,0,0,0,16,255,4,0,33,211,128,0,0,0,0,0,2,35,166,4,14,80,10,98,
"",176405,5171,-16.46996,145.65689,B,05/04/2019 08:25:17,Argos,0,15,SR,,401677431.83,05/04/2019 08:25:10,1,2,0,-131,401677431.83,145.65689,-16.46996,145.65689,-16.46996,0,3,6547,48525,883,80,18518,32,212,96,0,0,0,0,0,0,12,159,60,93,161,251,28,130,81,15,70,60,235,102,117,212,69,254,121,16,253,27,
"",176405,5171,-16.46996,145.65689,B,05/04/2019 08:25:17,Argos,0,15,SR,,401677431.83,05/04/2019 08:25:26,1,2,0,-131,401677431.83,145.65689,-16.46996,145.65689,-16.46996,0,3,6547,48525,883,80,18518,70,62,5,,,,,,,,,,,,,,,,,,,,,,,,,,,,,
"",176405,5171,-16.45739,145.7408,B,05/04/2019 08:48:48,Argos,0,0,NK,,401677421.23,05/04/2019 08:48:48,1,1,0,-133,401677421.23,145.7408,-16.45739,145.7408,-16.45739,6,3,3709,14500,948,75,10487,22,75,24,,,,,,,,,,,,,,,,,,,,,,,,,,,,,
"",176405,5171,-16.41132,145.79326,B,05/05/2019 08:16:32,Argos,0,0,NK,,401677434.71,05/05/2019 08:16:33,1,1,0,-137,401677434.71,145.79326,-16.41132,145.79326,-16.41132,0,3,4739,10123,2218,115,13403,10,0,16,,,,,,,,,,,,,,,,,,,,,,,,,,,,,
"",176405,5171,-16.42666,145.73451,B,05/05/2019 23:34:45,Argos,0,0,MB,,401677440.91,05/05/2019 23:34:46,1,1,0,-136,401677440.91,145.73451,-16.42666,145.73451,-16.42666,0,3,5999,13433,2678,112,16966,70,65,5,,,,,,,,,,,,,,,,,,,,,,,,,,,,,
"",176405,5171,-16.43382,145.72003,B,05/06/2019 22:16:07,Argos,0,0,NK,,401677439.82,05/06/2019 22:16:08,1,1,0,-135,401677439.82,145.72003,-16.43382,145.72003,-16.43382,0,2,6848,12874,3642,128,19369,77,208,131,220,168,40,58,164,99,81,7,209,146,117,143,26,11,96,44,147,99,149,79,,,,,,,,,
"",176405,5171,,,,,,,0,NP,,401650000,05/08/2019 07:31:53,1,1,0,-127,401650000,,,,,,,,,,,,103,136,0,,,,,,,,,,,,,,,,,,,,,,,,,,,,,
"",176405,5171,,,,,,,0,SR,,401650000,05/08/2019 07:59:56,1,1,0,-132,401650000,,,,,,,,,,,,66,42,5,,,,,,,,,,,,,,,,,,,,,,,,,,,,,
"",176405,5171,,,,,,,0,SR,,401650000,05/09/2019 07:20:38,1,1,0,-136,401650000,,,,,,,,,,,,10,0,16,,,,,,,,,,,,,,,,,,,,,,,,,,,,,
"",176405,5171,,,,,,,0,NP,,401650000,05/09/2019 07:20:38,1,1,0,-129,401650000,,,,,,,,,,,,10,0,16,,,,,,,,,,,,,,,,,,,,,,,,,,,,,
"",176405,5171,,,,,,,0,NK,,401650000,05/09/2019 09:58:41,1,1,0,-133,401650000,,,,,,,,,,,,84,185,127,,,,,,,,,,,,,,,,,,,,,,,,,,,,,
"",176405,5171,,,,,,,0,NN,,401650000,05/09/2019 22:20:56,1,1,0,-137,401650000,,,,,,,,,,,,10,0,16,,,,,,,,,,,,,,,,,,,,,,,,,,,,,
"",176405,5171,,,,,,,0,SR,,401650000,05/14/2019 08:05:54,1,1,0,-134,401650000,,,,,,,,,,,,32,213,160,0,0,0,0,0,0,0,0,255,0,0,0,184,213,128,0,0,27,220,195,78,35,56,53,211,162,62,61,
"",176405,5171,,,,,,,0,NP,,401650000,05/14/2019 08:05:54,1,1,0,-132,401650000,,,,,,,,,,,,32,213,160,0,0,0,0,0,0,0,0,255,0,0,0,184,213,130,0,0,151,160,5,185,69,90,253,151,53,187,27,
"",176405,5171,-15.64108,145.42849,1,05/20/2019 19:10:04,Argos,0,188,SR,,401677422.31,05/20/2019 19:08:27,1,5,0,-133,401677422.31,145.42849,-15.64108,145.4285,-15.64108,50,3,904,3270,249,137,916,76,28,5,,,,,,,,,,,,,,,,,,,,,,,,,,,,,
"",176405,5171,-15.64108,145.42849,1,05/20/2019 19:10:04,Argos,0,188,SR,,401677422.31,05/20/2019 19:09:41,1,5,0,-133,401677422.31,145.42849,-15.64108,145.4285,-15.64108,50,3,904,3270,249,137,916,109,139,8,,,,,,,,,,,,,,,,,,,,,,,,,,,,,
"",176405,5171,-15.64108,145.42849,1,05/20/2019 19:10:04,Argos,0,188,SR,,401677422.31,05/20/2019 19:10:03,1,5,0,-133,401677422.31,145.42849,-15.64108,145.4285,-15.64108,50,3,904,3270,249,137,916,10,0,16,,,,,,,,,,,,,,,,,,,,,,,,,,,,,
"",176405,5171,-15.64108,145.42849,1,05/20/2019 19:10:04,Argos,0,188,SR,,401677422.31,05/20/2019 19:10:34,1,5,0,-133,401677422.31,145.42849,-15.64108,145.4285,-15.64108,50,3,904,3270,249,137,916,22,10,48,,,,,,,,,,,,,,,,,,,,,,,,,,,,,
"",176405,5171,-15.64108,145.42849,1,05/20/2019 19:10:04,Argos,0,188,SR,,401677422.31,05/20/2019 19:11:35,1,5,0,-133,401677422.31,145.42849,-15.64108,145.4285,-15.64108,50,3,904,3270,249,137,916,66,26,5,,,,,,,,,,,,,,,,,,,,,,,,,,,,,
"",176405,5171,,,,,,,0,NK,,401650000,05/22/2019 20:36:57,1,1,0,-131,401650000,,,,,,,,,,,,10,0,16,,,,,,,,,,,,,,,,,,,,,,,,,,,,,
"",176405,5171,,,,,,,0,MC,,401650000,05/23/2019 23:28:21,1,1,0,-133,401650000,,,,,,,,,,,,69,33,5,,,,,,,,,,,,,,,,,,,,,,,,,,,,,
"",176405,5171,-16.22909,145.18732,B,05/25/2019 12:07:44,Argos,0,282,MB,,401677372.06,05/25/2019 12:05:24,1,2,0,-130,401677372.06,145.18732,-16.22909,145.18732,-16.22909,0,3,7742,373399,160,86,4225,22,73,24,,,,,,,,,,,,,,,,,,,,,,,,,,,,,
"",176405,5171,-16.22909,145.18732,B,05/25/2019 12:07:44,Argos,0,282,MB,,401677372.06,05/25/2019 12:10:06,1,2,0,-130,401677372.06,145.18732,-16.22909,145.18732,-16.22909,0,3,7742,373399,160,86,4225,91,174,60,,,,,,,,,,,,,,,,,,,,,,,,,,,,,
"",176405,5171,-16.21002,145.67404,B,05/25/2019 12:38:16,Argos,0,411,MA,,401677422.31,05/25/2019 12:31:26,1,2,0,-130,401677422.31,145.67404,-16.21002,116.30982,-22.38655,0,2,1545,2138,1116,71,454,102,140,0,,,,,,,,,,,,,,,,,,,,,,,,,,,,,
"",176405,5171,-16.21642,145.24748,B,05/25/2019 12:38:16,Argos,0,0,MA,,401677476.05,05/25/2019 12:38:17,1,1,0,-130,401677476.05,145.24748,-16.21642,145.24748,-16.21642,4,3,7548,22143,2572,87,4463,2,248,77,,,,,,,,,,,,,,,,,,,,,,,,,,,,,
"",176405,5171,,,,,,,0,NN,,401650000,05/30/2019 21:41:34,1,1,0,-135,401650000,,,,,,,,,,,,10,0,16,,,,,,,,,,,,,,,,,,,,,,,,,,,,,
"",176405,5171,,,,,,,0,NK,,401650000,06/02/2019 21:00:42,1,1,0,-135,401650000,,,,,,,,,,,,90,117,61,,,,,,,,,,,,,,,,,,,,,,,,,,,,,
"",176405,5171,,,,,,,0,NP,,401650000,06/06/2019 06:51:35,1,1,0,-137,401650000,,,,,,,,,,,,72,240,131,220,168,40,58,164,99,27,97,80,91,127,101,16,155,147,124,168,80,72,112,,,,,,,,,
"",176405,5171,,,,,,,0,MA,,401650000,06/06/2019 22:55:42,1,1,0,-122,401650000,,,,,,,,,,,,91,112,131,220,168,40,58,164,99,91,131,13,16,123,157,24,7,59,45,207,65,215,128,,,,,,,,,
"",176405,5171,,,,,,,0,NP,,401650000,06/08/2019 08:10:25,1,1,0,-135,401650000,,,,,,,,,,,,32,216,192,0,0,0,0,0,0,10,255,1,16,165,92,187,29,92,169,205,251,12,89,23,65,78,201,125,196,66,65,
"",176405,5171,,,,,,,0,SR,,401650000,06/08/2019 08:26:03,1,1,0,-128,401650000,,,,,,,,,,,,84,221,61,,,,,,,,,,,,,,,,,,,,,,,,,,,,,
"",176405,5171,,,,,,,0,NN,,401650000,06/08/2019 21:37:32,1,1,0,-131,401650000,,,,,,,,,,,,10,0,16,,,,,,,,,,,,,,,,,,,,,,,,,,,,,
"",176405,5171,,,,,,,0,MC,,401650000,06/08/2019 22:55:39,1,1,0,-126,401650000,,,,,,,,,,,,32,216,192,4,0,0,0,0,0,10,255,17,0,0,0,124,216,160,0,0,0,0,0,0,48,255,54,0,0,0,109,
"",176405,5171,,,,,,,0,NN,,401650000,06/08/2019 23:19:32,1,1,0,-130,401650000,,,,,,,,,,,,77,247,4,,,,,,,,,,,,,,,,,,,,,,,,,,,,,
"",176405,5171,-16.47988,145.89927,0,06/09/2019 08:36:05,Argos,0,101,NK,,401677402.74,06/09/2019 08:35:10,1,6,0,-132,401677402.74,145.89927,-16.47988,145.89928,-16.47988,50,3,8922,224101,355,105,10793,109,139,0,,,,,,,,,,,,,,,,,,,,,,,,,,,,,
"",176405,5171,-16.47988,145.89927,0,06/09/2019 08:36:05,Argos,0,101,NK,,401677402.74,06/09/2019 08:35:54,1,6,0,-132,401677402.74,145.89927,-16.47988,145.89928,-16.47988,50,3,8922,224101,355,105,10793,74,252,4,,,,,,,,,,,,,,,,,,,,,,,,,,,,,
"",176405,5171,-16.47988,145.89927,0,06/09/2019 08:36:05,Argos,0,101,NK,,401677402.74,06/09/2019 08:36:22,1,6,0,-132,401677402.74,145.89927,-16.47988,145.89928,-16.47988,50,3,8922,224101,355,105,10793,109,130,0,,,,,,,,,,,,,,,,,,,,,,,,,,,,,
"",176405,5171,-16.47988,145.89927,0,06/09/2019 08:36:05,Argos,0,101,NK,,401677402.74,06/09/2019 08:36:36,1,6,0,-132,401677402.74,145.89927,-16.47988,145.89928,-16.47988,50,3,8922,224101,355,105,10793,10,0,16,,,,,,,,,,,,,,,,,,,,,,,,,,,,,
"",176405,5171,-16.47988,145.89927,0,06/09/2019 08:36:05,Argos,0,101,NK,,401677402.74,06/09/2019 08:36:51,2,6,0,-132,401677402.74,145.89927,-16.47988,145.89928,-16.47988,50,3,8922,224101,355,105,10793,22,75,24,,,,,,,,,,,,,,,,,,,,,,,,,,,,,
"",176405,5171,-16.4922,145.76898,B,06/10/2019 00:11:05,Argos,0,0,MC,,401677429.13,06/10/2019 00:11:05,1,1,0,-125,401677429.13,145.76898,-16.4922,145.76898,-16.4922,0,3,8663,16376,4582,135,12097,10,0,16,,,,,,,,,,,,,,,,,,,,,,,,,,,,,
"",176405,5171,,,,,,,0,MA,,401650000,06/11/2019 22:45:47,1,1,0,-134,401650000,,,,,,,,,,,,91,80,131,220,168,40,58,164,101,218,228,149,20,125,95,26,11,91,44,206,145,219,0,,,,,,,,,
"",176405,5171,,,,,,,0,NK,,401650000,06/12/2019 21:51:06,1,1,0,-129,401650000,,,,,,,,,,,,10,0,16,,,,,,,,,,,,,,,,,,,,,,,,,,,,,
"",176405,5171,,,,,,,0,MC,,401650000,06/22/2019 11:54:46,1,1,0,-128,401650000,,,,,,,,,,,,72,230,4,,,,,,,,,,,,,,,,,,,,,,,,,,,,,
"",176405,5171,,,,,,,0,MC,,401650000,06/30/2019 23:39:03,1,1,0,-129,401650000,,,,,,,,,,,,108,142,0,,,,,,,,,,,,,,,,,,,,,,,,,,,,,
"",176405,5171,,,,,,,592,NP,,401650000,07/14/2019 07:52:50,1,3,0,-131,401650000,,,,,,,,,,,,79,221,4,,,,,,,,,,,,,,,,,,,,,,,,,,,,,
"",176405,5171,,,,,,,592,NP,,401650000,07/14/2019 07:53:48,1,3,0,-131,401650000,,,,,,,,,,,,83,83,64,,,,,,,,,,,,,,,,,,,,,,,,,,,,,
"",176405,5171,,,,,,,592,NP,,401650000,07/14/2019 08:02:42,1,3,0,-131,401650000,,,,,,,,,,,,99,137,0,,,,,,,,,,,,,,,,,,,,,,,,,,,,,
"",176405,5171,,,,,,,0,SR,,401650000,07/14/2019 08:02:42,1,1,0,-133,401650000,,,,,,,,,,,,99,141,0,,,,,,,,,,,,,,,,,,,,,,,,,,,,,
"",176405,5171,,,,,,,0,MA,,401650000,07/22/2019 10:51:02,1,1,0,-135,401650000,,,,,,,,,,,,102,140,0,,,,,,,,,,,,,,,,,,,,,,,,,,,,,
"",176405,5171,,,,,,,0,NN,,401650000,07/22/2019 21:22:27,1,1,0,-133,401650000,,,,,,,,,,,,84,176,131,220,168,40,42,164,107,85,114,87,82,129,121,24,5,71,43,206,33,211,0,,,,,,,,,
"",176405,5171,,,,,,,0,NP,,401650000,07/24/2019 07:44:17,1,1,0,-133,401650000,,,,,,,,,,,,22,75,24,,,,,,,,,,,,,,,,,,,,,,,,,,,,,
"",176405,5171,,,,,,,0,NP,,401650000,07/25/2019 07:26:05,1,1,0,-131,401650000,,,,,,,,,,,,47,197,1,140,25,58,64,41,22,253,225,167,20,144,58,154,70,105,190,79,43,51,95,114,180,134,227,97,165,35,198,
"",176405,5171,,,,,,,0,SR,,401650000,07/25/2019 07:26:05,1,1,0,-134,401650000,,,,,,,,,,,,32,30,196,27,35,217,31,4,19,159,247,48,112,152,152,225,214,127,224,147,48,33,146,33,235,237,151,63,27,217,87,
"",176405,5171,,,,,,,0,NP,,401650000,07/28/2019 19:47:35,1,1,0,-140,401650000,,,,,,,,,,,,32,223,0,0,0,0,0,0,0,0,255,0,0,0,0,175,222,228,52,128,3,127,238,32,9,5,242,129,35,27,36,
"",176405,5171,,,,,,,0,MA,,401650000,07/29/2019 10:12:35,1,1,0,-133,401650000,,,,,,,,,,,,69,0,247,204,224,40,58,164,110,168,212,213,146,129,221,24,41,61,46,206,145,243,64,,,,,,,,,
"",176405,5171,,,,,,,0,SR,,401650000,07/31/2019 21:42:18,1,1,0,-132,401650000,,,,,,,,,,,,32,223,128,0,0,9,17,197,246,9,127,173,232,27,208,152,0,63,254,32,54,135,50,194,175,178,118,201,38,127,175,
"",176405,5171,,,,,,,15,NP,,401650000,08/01/2019 07:45:03,1,2,0,-127,401650000,,,,,,,,,,,,32,223,192,0,0,0,0,0,0,0,255,14,0,0,0,97,223,160,0,4,0,2,0,17,1,255,8,8,0,0,219,
"",176405,5171,,,,,,,15,NP,,401650000,08/01/2019 07:45:19,1,2,0,-127,401650000,,,,,,,,,,,,102,140,0,,,,,,,,,,,,,,,,,,,,,,,,,,,,,
"",176405,5171,,,,,,,0,NK,,401650000,08/01/2019 09:48:28,1,1,0,-129,401650000,,,,,,,,,,,,102,140,0,,,,,,,,,,,,,,,,,,,,,,,,,,,,,
"",176405,5171,,,,,,,0,NP,,401650000,08/04/2019 08:49:28,1,1,0,-138,401650000,,,,,,,,,,,,86,125,97,,,,,,,,,,,,,,,,,,,,,,,,,,,,,
"",176405,5171,,,,,,,0,SR,,401650000,08/04/2019 08:49:28,1,1,0,-135,401650000,,,,,,,,,,,,86,125,65,,,,,,,,,,,,,,,,,,,,,,,,,,,,,
"",176405,5171,,,,,,,0,NP,,401650000,08/06/2019 06:50:57,1,1,0,-135,401650000,,,,,,,,,,,,32,224,160,0,0,0,0,0,0,110,224,255,253,198,120,17,74,13,235,194,49,155,198,178,197,128,123,168,32,144,245,
"",176405,5171,,,,,,,0,NK,,401650000,08/31/2019 10:33:42,1,1,0,-135,401650000,,,,,,,,,,,,99,141,0,,,,,,,,,,,,,,,,,,,,,,,,,,,,,
"",176405,5171,,,,,,,0,NK,,401650000,09/10/2019 09:42:57,1,1,0,-133,401650000,,,,,,,,,,,,32,229,0,0,0,0,26,28,36,142,155,169,137,99,229,80,139,38,125,129,46,152,42,82,105,186,8,148,194,156,212,
"",176405,5171,,,,,,,0,NP,,401650000,09/20/2019 19:19:58,1,1,0,-140,401650000,,,,,,,,,,,,32,229,192,0,0,0,0,0,0,11,254,11,0,0,0,72,228,160,40,20,0,8,1,68,44,232,45,52,240,32,35,
"",176405,5171,,,,,,,0,NP,,401650000,10/02/2019 18:38:40,1,1,0,-138,401650000,,,,,,,,,,,,99,13,9,,,,,,,,,,,,,,,,,,,,,,,,,,,,,
"",176405,5171,,,,,,,0,NK,,401650000,10/07/2019 21:16:36,1,1,0,-135,401650000,,,,,,,,,,,,32,232,192,0,0,0,0,0,0,0,0,255,0,0,0,118,232,160,0,0,0,16,64,1,68,81,194,138,133,65,5,
"",176405,5171,-16.40542,145.79347,0,10/28/2019 18:40:08,Argos,0,98,NP,,401677381.14,10/28/2019 18:39:33,1,4,0,-132,401677381.14,145.79347,-16.40542,145.79347,-16.40542,50,3,1578,7414,335,46,1742,32,235,0,128,0,0,0,0,0,0,0,255,22,0,0,139,234,224,0,0,0,0,0,0,0,33,255,136,0,0,25,
"",176405,5171,-16.40542,145.79347,0,10/28/2019 18:40:08,Argos,0,98,NP,,401677381.14,10/28/2019 18:39:48,1,4,0,-132,401677381.14,145.79347,-16.40542,145.79347,-16.40542,50,3,1578,7414,335,46,1742,22,75,24,,,,,,,,,,,,,,,,,,,,,,,,,,,,,
"",176405,5171,-16.40542,145.79347,0,10/28/2019 18:40:08,Argos,0,98,NP,,401677381.14,10/28/2019 18:40:02,1,4,0,-132,401677381.14,145.79347,-16.40542,145.79347,-16.40542,50,3,1578,7414,335,46,1742,71,59,5,,,,,,,,,,,,,,,,,,,,,,,,,,,,,
"",176405,5171,-16.40542,145.79347,0,10/28/2019 18:40:08,Argos,0,98,NP,,401677381.14,10/28/2019 18:41:12,1,4,0,-132,401677381.14,145.79347,-16.40542,145.79347,-16.40542,50,3,1578,7414,335,46,1742,10,0,16,,,,,,,,,,,,,,,,,,,,,,,,,,,,,
"",176405,5171,-16.41883,145.78228,B,10/29/2019 09:06:33,Argos,0,0,SR,,401677386.54,10/29/2019 09:06:34,1,1,0,-136,401677386.54,145.78228,-16.41883,145.78229,-16.41883,0,3,6299,9104,4357,124,9852,81,48,131,221,168,40,58,52,110,134,120,147,146,10,43,79,214,153,237,141,220,62,62,,,,,,,,,
"",176405,5171,-16.41668,145.79482,B,10/29/2019 18:31:45,Argos,0,0,NP,,401677380.24,10/29/2019 18:31:46,1,1,0,-135,401677380.24,145.79482,-16.41668,145.79482,-16.41668,8,3,6646,8513,5187,137,12730,22,72,156,,,,,,,,,,,,,,,,,,,,,,,,,,,,,
"",176405,5171,,,,,,,0,NN,,401650000,12/18/2019 11:13:35,1,1,0,-133,401650000,,,,,,,,,,,,74,93,5,,,,,,,,,,,,,,,,,,,,,,,,,,,,,
"",176405,5171,,,,,,,0,SR,,401650000,12/20/2019 08:43:54,1,1,0,-133,401650000,,,,,,,,,,,,150,75,24,,,,,,,,,,,,,,,,,,,,,,,,,,,,,
"",176405,5171,,,,,,,362,NN,,401650000,12/28/2019 10:50:00,1,2,0,-129,401650000,,,,,,,,,,,,10,4,216,,,,,,,,,,,,,,,,,,,,,,,,,,,,,
"",176405,5171,,,,,,,362,NN,,401650000,12/28/2019 10:56:02,1,2,0,-129,401650000,,,,,,,,,,,,102,140,0,,,,,,,,,,,,,,,,,,,,,,,,,,,,,
"",176405,5171,-9.41335,146.90368,1,01/08/2020 21:20:08,Argos,0,369,SR,,401677363.79,01/08/2020 21:17:26,1,10,0,-131,401677363.79,146.90368,-9.41335,146.90369,-9.41335,50,0,1288,2310,718,124,534,94,222,78,,,,,,,,,,,,,,,,,,,,,,,,,,,,,
"",176405,5171,-9.41335,146.90368,1,01/08/2020 21:20:08,Argos,0,369,SR,,401677363.79,01/08/2020 21:18:37,1,10,0,-131,401677363.79,146.90368,-9.41335,146.90369,-9.41335,50,0,1288,2310,718,124,534,87,227,78,,,,,,,,,,,,,,,,,,,,,,,,,,,,,
"",176405,5171,-9.41335,146.90368,1,01/08/2020 21:20:08,Argos,0,369,SR,,401677363.79,01/08/2020 21:19:34,1,10,0,-131,401677363.79,146.90368,-9.41335,146.90369,-9.41335,50,0,1288,2310,718,124,534,22,75,24,,,,,,,,,,,,,,,,,,,,,,,,,,,,,
"",176405,5171,-9.41335,146.90368,1,01/08/2020 21:20:08,Argos,0,369,SR,,401677363.79,01/08/2020 21:20:02,1,10,0,-131,401677363.79,146.90368,-9.41335,146.90369,-9.41335,50,0,1288,2310,718,124,534,85,233,78,,,,,,,,,,,,,,,,,,,,,,,,,,,,,
"",176405,5171,-9.41335,146.90368,1,01/08/2020 21:20:08,Argos,0,369,SR,,401677363.79,01/08/2020 21:20:31,2,10,0,-131,401677363.79,146.90368,-9.41335,146.90369,-9.41335,50,0,1288,2310,718,124,534,10,0,16,,,,,,,,,,,,,,,,,,,,,,,,,,,,,
"",176405,5171,-9.41335,146.90368,1,01/08/2020 21:20:08,Argos,0,369,SR,,401677363.79,01/08/2020 21:20:59,1,10,0,-131,401677363.79,146.90368,-9.41335,146.90369,-9.41335,50,0,1288,2310,718,124,534,69,78,5,,,,,,,,,,,,,,,,,,,,,,,,,,,,,
"",176405,5171,-9.41335,146.90368,1,01/08/2020 21:20:08,Argos,0,369,SR,,401677363.79,01/08/2020 21:21:13,1,10,0,-131,401677363.79,146.90368,-9.41335,146.90369,-9.41335,50,0,1288,2310,718,124,534,94,238,78,,,,,,,,,,,,,,,,,,,,,,,,,,,,,
"",176405,5171,-9.41335,146.90368,1,01/08/2020 21:20:08,Argos,0,369,SR,,401677363.79,01/08/2020 21:21:28,1,10,0,-131,401677363.79,146.90368,-9.41335,146.90369,-9.41335,50,0,1288,2310,718,124,534,102,12,0,,,,,,,,,,,,,,,,,,,,,,,,,,,,,
"",176405,5171,-9.41335,146.90368,1,01/08/2020 21:20:08,Argos,0,369,SR,,401677363.79,01/08/2020 21:23:35,1,10,0,-131,401677363.79,146.90368,-9.41335,146.90369,-9.41335,50,0,1288,2310,718,124,534,80,248,74,,,,,,,,,,,,,,,,,,,,,,,,,,,,,
"",176405,5171,-9.41506,146.90237,B,01/08/2020 21:46:03,Argos,0,14,MA,,401677382.66,01/08/2020 21:45:56,1,2,0,-125,401677382.66,146.90237,-9.41506,146.90237,-9.41506,6,3,4124,4304,3950,92,1944,32,4,128,4,5,4,3,3,5,12,52,73,181,255,13,76,4,96,0,0,0,0,0,0,2,11,181,255,246,88,63,
"",176405,5171,-9.41506,146.90237,B,01/08/2020 21:46:03,Argos,0,14,MA,,401677382.66,01/08/2020 21:46:10,1,2,0,-125,401677382.66,146.90237,-9.41506,146.90237,-9.41506,6,3,4124,4304,3950,92,1944,32,4,192,0,0,0,0,1,7,3,4,70,255,157,59,92,4,160,0,0,0,0,0,3,4,33,76,243,255,39,132,
"",176405,5171,-9.46994,146.86233,B,01/09/2020 06:38:09,Argos,0,14,NP,,401677338.87,01/09/2020 06:38:02,1,2,0,-138,401677338.87,146.86233,-9.46994,146.86234,-9.46994,8,3,2509,3983,1579,86,6925,65,196,133,,,,,,,,,,,,,,,,,,,,,,,,,,,,,
"",176405,5171,-9.46994,146.86233,B,01/09/2020 06:38:09,Argos,0,14,NP,,401677338.87,01/09/2020 06:38:16,1,2,0,-138,401677338.87,146.86233,-9.46994,146.86234,-9.46994,8,3,2509,3983,1579,86,6925,89,180,79,,,,,,,,,,,,,,,,,,,,,,,,,,,,,
"",176405,5171,,,,,,,0,MB,,401650000,01/10/2020 23:58:49,1,1,0,-126,401650000,,,,,,,,,,,,32,5,64,0,0,0,0,0,0,0,0,0,255,144,215,48,5,32,0,0,0,0,0,0,0,0,0,255,83,202,180,
"",176405,5171,-9.4255,147.04659,1,01/11/2020 06:17:59,Argos,0,299,NP,,401677337.11,01/11/2020 06:17:49,1,8,0,-132,401677337.11,147.04659,-9.4255,147.04659,-9.4255,50,3,593,1463,240,9,1026,10,0,16,,,,,,,,,,,,,,,,,,,,,,,,,,,,,
"",176405,5171,-9.4255,147.04659,1,01/11/2020 06:17:59,Argos,0,299,NP,,401677337.11,01/11/2020 06:18:03,1,8,0,-132,401677337.11,147.04659,-9.4255,147.04659,-9.4255,50,3,593,1463,240,9,1026,22,75,24,,,,,,,,,,,,,,,,,,,,,,,,,,,,,
"",176405,5171,-9.4255,147.04659,1,01/11/2020 06:17:59,Argos,0,299,NP,,401677337.11,01/11/2020 06:18:17,1,8,0,-132,401677337.11,147.04659,-9.4255,147.04659,-9.4255,50,3,593,1463,240,9,1026,74,172,5,,,,,,,,,,,,,,,,,,,,,,,,,,,,,
"",176405,5171,-9.4255,147.04659,1,01/11/2020 06:17:59,Argos,0,299,NP,,401677337.11,01/11/2020 06:18:32,1,8,0,-132,401677337.11,147.04659,-9.4255,147.04659,-9.4255,50,3,593,1463,240,9,1026,95,96,81,,,,,,,,,,,,,,,,,,,,,,,,,,,,,
"",176405,5171,,,,,,,0,NP,,401650000,01/11/2020 06:19:57,1,1,0,-135,401650000,,,,,,,,,,,,99,141,0,,,,,,,,,,,,,,,,,,,,,,,,,,,,,
"",176405,5171,-9.42357,147.04364,3,01/12/2020 06:47:32,Argos,0,342,SR,,401677333.27,01/12/2020 06:45:35,1,9,0,-131,401677333.27,147.04364,-9.42357,147.04364,-9.42357,50,3,205,449,93,175,501,64,140,82,,,,,,,,,,,,,,,,,,,,,,,,,,,,,
"",176405,5171,-9.42357,147.04364,3,01/12/2020 06:47:32,Argos,0,342,SR,,401677333.27,01/12/2020 06:45:50,1,9,0,-131,401677333.27,147.04364,-9.42357,147.04364,-9.42357,50,3,205,449,93,175,501,75,144,131,220,168,40,58,164,102,26,240,67,212,165,155,24,1,255,255,216,33,255,192,,,,,,,,,
"",176405,5171,-9.42357,147.04364,3,01/12/2020 06:47:32,Argos,0,342,SR,,401677333.27,01/12/2020 06:46:04,1,9,0,-131,401677333.27,147.04364,-9.42357,147.04364,-9.42357,50,3,205,449,93,175,501,102,140,0,,,,,,,,,,,,,,,,,,,,,,,,,,,,,
"",176405,5171,-9.42357,147.04364,3,01/12/2020 06:47:32,Argos,0,342,SR,,401677333.27,01/12/2020 06:46:46,1,9,0,-131,401677333.27,147.04364,-9.42357,147.04364,-9.42357,50,3,205,449,93,175,501,76,130,5,,,,,,,,,,,,,,,,,,,,,,,,,,,,,
"",176405,5171,-9.42357,147.04364,3,01/12/2020 06:47:32,Argos,0,342,SR,,401677333.27,01/12/2020 06:48:40,1,9,0,-131,401677333.27,147.04364,-9.42357,147.04364,-9.42357,50,3,205,449,93,175,501,10,0,16,,,,,,,,,,,,,,,,,,,,,,,,,,,,,
"",176405,5171,-9.42357,147.04364,3,01/12/2020 06:47:32,Argos,0,342,SR,,401677333.27,01/12/2020 06:49:23,1,9,0,-131,401677333.27,147.04364,-9.42357,147.04364,-9.42357,50,3,205,449,93,175,501,80,220,82,,,,,,,,,,,,,,,,,,,,,,,,,,,,,
"",176405,5171,-9.42357,147.04364,3,01/12/2020 06:47:32,Argos,0,342,SR,,401677333.27,01/12/2020 06:51:17,3,9,0,-131,401677333.27,147.04364,-9.42357,147.04364,-9.42357,50,3,205,449,93,175,501,22,75,24,,,,,,,,,,,,,,,,,,,,,,,,,,,,,
"",176405,5171,-9.42092,147.04471,3,01/15/2020 06:55:07,Argos,0,286,SR,,401677341.15,01/15/2020 06:53:26,1,12,0,-131,401677341.15,147.04471,-9.42092,147.04471,-9.42092,50,3,160,475,53,12,284,79,18,129,,,,,,,,,,,,,,,,,,,,,,,,,,,,,
"",176405,5171,-9.42092,147.04471,3,01/15/2020 06:55:07,Argos,0,286,SR,,401677341.15,01/15/2020 06:53:55,1,12,0,-131,401677341.15,147.04471,-9.42092,147.04471,-9.42092,50,3,160,475,53,12,284,86,239,85,,,,,,,,,,,,,,,,,,,,,,,,,,,,,
"",176405,5171,-9.42092,147.04471,3,01/15/2020 06:55:07,Argos,0,286,SR,,401677341.15,01/15/2020 06:54:52,1,12,0,-131,401677341.15,147.04471,-9.42092,147.04471,-9.42092,50,3,160,475,53,12,284,72,166,5,,,,,,,,,,,,,,,,,,,,,,,,,,,,,
"",176405,5171,-9.42092,147.04471,3,01/15/2020 06:55:07,Argos,0,286,SR,,401677341.15,01/15/2020 06:55:20,1,12,0,-131,401677341.15,147.04471,-9.42092,147.04471,-9.42092,50,3,160,475,53,12,284,119,137,0,,,,,,,,,,,,,,,,,,,,,,,,,,,,,
"",176405,5171,-9.42092,147.04471,3,01/15/2020 06:55:07,Argos,0,286,SR,,401677341.15,01/15/2020 06:56:31,2,12,0,-131,401677341.15,147.04471,-9.42092,147.04471,-9.42092,50,3,160,475,53,12,284,104,138,0,,,,,,,,,,,,,,,,,,,,,,,,,,,,,
"",176405,5171,-9.42092,147.04471,3,01/15/2020 06:55:07,Argos,0,286,SR,,401677341.15,01/15/2020 06:56:46,2,12,0,-131,401677341.15,147.04471,-9.42092,147.04471,-9.42092,50,3,160,475,53,12,284,10,0,16,,,,,,,,,,,,,,,,,,,,,,,,,,,,,
"",176405,5171,-9.42092,147.04471,3,01/15/2020 06:55:07,Argos,0,286,SR,,401677341.15,01/15/2020 06:57:00,2,12,0,-131,401677341.15,147.04471,-9.42092,147.04471,-9.42092,50,3,160,475,53,12,284,22,75,24,,,,,,,,,,,,,,,,,,,,,,,,,,,,,
"",176405,5171,-9.42092,147.04471,3,01/15/2020 06:55:07,Argos,0,286,SR,,401677341.15,01/15/2020 06:57:14,1,12,0,-131,401677341.15,147.04471,-9.42092,147.04471,-9.42092,50,3,160,475,53,12,284,71,165,5,,,,,,,,,,,,,,,,,,,,,,,,,,,,,
"",176405,5171,-9.42092,147.04471,3,01/15/2020 06:55:07,Argos,0,286,SR,,401677341.15,01/15/2020 06:57:29,1,12,0,-131,401677341.15,147.04471,-9.42092,147.04471,-9.42092,50,3,160,475,53,12,284,83,254,85,,,,,,,,,,,,,,,,,,,,,,,,,,,,,
"",176405,5171,-9.42283,147.04513,0,01/16/2020 06:57:01,Argos,0,0,NP,,401650000,01/16/2020 06:56:16,1,1,0,-136,401650000,147.04513,-9.42283,147.04514,-9.42283,50,3,2142,30302,151,82,6052,95,243,86,,,,,,,,,,,,,,,,,,,,,,,,,,,,,
"",176405,5171,-9.42283,147.04513,0,01/16/2020 06:57:01,Argos,0,0,NP,,401650000,01/16/2020 06:56:59,1,1,0,-136,401650000,147.04513,-9.42283,147.04514,-9.42283,50,3,2142,30302,151,82,6052,22,75,24,,,,,,,,,,,,,,,,,,,,,,,,,,,,,
"",176405,5171,-9.42283,147.04513,0,01/16/2020 06:57:01,Argos,0,0,NP,,401650000,01/16/2020 06:57:42,2,1,0,-136,401650000,147.04513,-9.42283,147.04514,-9.42283,50,3,2142,30302,151,82,6052,109,139,0,,,,,,,,,,,,,,,,,,,,,,,,,,,,,
"",176405,5171,-9.42283,147.04513,0,01/16/2020 06:57:01,Argos,0,0,NP,,401650000,01/16/2020 06:57:56,2,1,0,-136,401650000,147.04513,-9.42283,147.04514,-9.42283,50,3,2142,30302,151,82,6052,10,0,16,,,,,,,,,,,,,,,,,,,,,,,,,,,,,
"",176405,5171,-9.42171,147.04481,3,01/17/2020 06:43:28,Argos,0,627,NP,,401677338.27,01/17/2020 06:43:57,1,11,0,-129,401677338.27,147.04481,-9.42171,147.04482,-9.42171,50,3,123,188,80,33,187,92,195,87,,,,,,,,,,,,,,,,,,,,,,,,,,,,,
"",176405,5171,-9.42171,147.04481,3,01/17/2020 06:43:28,Argos,0,627,NP,,401677338.27,01/17/2020 06:45:08,1,11,0,-129,401677338.27,147.04481,-9.42171,147.04482,-9.42171,50,3,123,188,80,33,187,93,112,131,220,168,40,58,164,104,154,229,4,214,175,145,22,1,255,255,218,113,255,192,,,,,,,,,
"",176405,5171,-9.42171,147.04481,3,01/17/2020 06:43:28,Argos,0,627,NP,,401677338.27,01/17/2020 06:45:22,1,11,0,-129,401677338.27,147.04481,-9.42171,147.04482,-9.42171,50,3,123,188,80,33,187,94,233,87,,,,,,,,,,,,,,,,,,,,,,,,,,,,,
"",176405,5171,-9.42171,147.04481,3,01/17/2020 06:43:28,Argos,0,627,NP,,401677338.27,01/17/2020 06:46:48,1,11,0,-129,401677338.27,147.04481,-9.42171,147.04482,-9.42171,50,3,123,188,80,33,187,109,139,0,,,,,,,,,,,,,,,,,,,,,,,,,,,,,
"",176405,5171,-9.42171,147.04481,3,01/17/2020 06:43:28,Argos,0,627,NP,,401677338.27,01/17/2020 06:48:56,1,11,0,-129,401677338.27,147.04481,-9.42171,147.04482,-9.42171,50,3,123,188,80,33,187,91,216,87,,,,,,,,,,,,,,,,,,,,,,,,,,,,,
"",176405,5171,-9.42171,147.04481,3,01/17/2020 06:43:28,Argos,0,627,NP,,401677338.27,01/17/2020 06:49:53,1,11,0,-129,401677338.27,147.04481,-9.42171,147.04482,-9.42171,50,3,123,188,80,33,187,75,169,5,,,,,,,,,,,,,,,,,,,,,,,,,,,,,
"",176405,5171,-9.42171,147.04481,3,01/17/2020 06:43:28,Argos,0,627,NP,,401677338.27,01/17/2020 06:50:22,3,11,0,-129,401677338.27,147.04481,-9.42171,147.04482,-9.42171,50,3,123,188,80,33,187,104,138,0,,,,,,,,,,,,,,,,,,,,,,,,,,,,,
"",176405,5171,-9.42171,147.04481,3,01/17/2020 06:43:28,Argos,0,627,NP,,401677338.27,01/17/2020 06:50:36,2,11,0,-129,401677338.27,147.04481,-9.42171,147.04482,-9.42171,50,3,123,188,80,33,187,10,0,16,,,,,,,,,,,,,,,,,,,,,,,,,,,,,
"",176405,5171,-9.42171,147.04481,3,01/17/2020 06:43:28,Argos,0,627,NP,,401677338.27,01/17/2020 06:53:27,3,11,0,-129,401677338.27,147.04481,-9.42171,147.04482,-9.42171,50,3,123,188,80,33,187,22,75,24,,,,,,,,,,,,,,,,,,,,,,,,,,,,,
"",176405,5171,-9.42386,147.04591,3,01/18/2020 06:31:50,Argos,0,28,NP,,401677340.97,01/18/2020 06:31:36,1,3,0,-136,401677340.97,147.04591,-9.42386,147.04591,-9.42386,50,3,156,335,72,23,305,92,137,88,,,,,,,,,,,,,,,,,,,,,,,,,,,,,
"",176405,5171,-9.42386,147.04591,3,01/18/2020 06:31:50,Argos,0,28,NP,,401677340.97,01/18/2020 06:31:50,1,3,0,-136,401677340.97,147.04591,-9.42386,147.04591,-9.42386,50,3,156,335,72,23,305,102,140,128,,,,,,,,,,,,,,,,,,,,,,,,,,,,,
"",176405,5171,-9.42386,147.04591,3,01/18/2020 06:31:50,Argos,0,28,NP,,401677340.97,01/18/2020 06:32:05,1,3,0,-136,401677340.97,147.04591,-9.42386,147.04591,-9.42386,50,3,156,335,72,23,305,10,0,16,,,,,,,,,,,,,,,,,,,,,,,,,,,,,
"",176405,5171,-9.42386,147.04591,3,01/18/2020 06:31:50,Argos,0,28,NP,,401677340.97,01/18/2020 06:33:16,1,3,0,-136,401677340.97,147.04591,-9.42386,147.04591,-9.42386,50,3,156,335,72,23,305,92,80,131,220,168,40,58,164,105,26,38,194,86,177,33,24,1,255,255,219,49,255,192,,,,,,,,,
"",176405,5171,-9.42386,147.04591,3,01/18/2020 06:31:50,Argos,0,28,NP,,401677340.97,01/18/2020 06:38:01,1,3,0,-136,401677340.97,147.04591,-9.42386,147.04591,-9.42386,50,3,156,335,72,23,305,102,140,8,,,,,,,,,,,,,,,,,,,,,,,,,,,,,
"",176405,5171,-9.42386,147.04591,3,01/18/2020 06:31:50,Argos,0,28,NP,,401677340.97,01/18/2020 06:38:15,3,3,0,-136,401677340.97,147.04591,-9.42386,147.04591,-9.42386,50,3,156,335,72,23,305,10,0,16,,,,,,,,,,,,,,,,,,,,,,,,,,,,,
"",176405,5171,-9.42386,147.04591,3,01/18/2020 06:31:50,Argos,0,28,NP,,401677340.97,01/18/2020 06:38:30,3,3,0,-136,401677340.97,147.04591,-9.42386,147.04591,-9.42386,50,3,156,335,72,23,305,22,75,24,,,,,,,,,,,,,,,,,,,,,,,,,,,,,
"",176405,5171,-9.42386,147.04591,3,01/18/2020 06:31:50,Argos,0,28,NP,,401677340.97,01/18/2020 06:38:44,2,3,0,-136,401677340.97,147.04591,-9.42386,147.04591,-9.42386,50,3,156,335,72,23,305,76,178,5,,,,,,,,,,,,,,,,,,,,,,,,,,,,,
"",176405,5171,-9.42386,147.04591,3,01/18/2020 06:31:50,Argos,0,28,NP,,401677340.97,01/18/2020 06:38:58,1,3,0,-136,401677340.97,147.04591,-9.42386,147.04591,-9.42386,50,3,156,335,72,23,305,89,168,88,,,,,,,,,,,,,,,,,,,,,,,,,,,,,
"",176405,5171,-9.42386,147.04591,3,01/18/2020 06:31:50,Argos,0,28,NP,,401677340.97,01/18/2020 06:39:12,1,3,0,-136,401677340.97,147.04591,-9.42386,147.04591,-9.42386,50,3,156,335,72,23,305,82,240,131,220,168,40,58,228,105,26,130,3,6,177,83,22,1,255,127,219,33,127,192,,,,,,,,,
"",176405,5171,-9.42372,147.04586,B,01/18/2020 06:57:44,Argos,0,0,SR,,401677337.34,01/18/2020 06:57:44,1,1,0,-135,401677337.34,147.04586,-9.42372,147.04585,-9.42372,6,3,734,752,715,60,1980,89,247,88,,,,,,,,,,,,,,,,,,,,,,,,,,,,,
"",176405,5171,-9.44976,147.04177,0,01/19/2020 06:24:25,Argos,0,128,NP,,401677347.39,01/19/2020 06:23:31,1,6,0,-133,401677347.39,147.04177,-9.44976,147.04176,-9.44976,50,3,2196,15352,314,7,3985,102,140,0,,,,,,,,,,,,,,,,,,,,,,,,,,,,,
"",176405,5171,-9.44976,147.04177,0,01/19/2020 06:24:25,Argos,0,128,NP,,401677347.39,01/19/2020 06:23:45,1,6,0,-133,401677347.39,147.04177,-9.44976,147.04176,-9.44976,50,3,2196,15352,314,7,3985,10,0,16,,,,,,,,,,,,,,,,,,,,,,,,,,,,,
"",176405,5171,-9.44976,147.04177,0,01/19/2020 06:24:25,Argos,0,128,NP,,401677347.39,01/19/2020 06:24:13,1,6,0,-133,401677347.39,147.04177,-9.44976,147.04176,-9.44976,50,3,2196,15352,314,7,3985,71,165,69,,,,,,,,,,,,,,,,,,,,,,,,,,,,,
"",176405,5171,-9.44976,147.04177,0,01/19/2020 06:24:25,Argos,0,128,NP,,401677347.39,01/19/2020 06:25:25,2,6,0,-133,401677347.39,147.04177,-9.44976,147.04176,-9.44976,50,3,2196,15352,314,7,3985,22,75,24,,,,,,,,,,,,,,,,,,,,,,,,,,,,,
"",176405,5171,-9.44976,147.04177,0,01/19/2020 06:24:25,Argos,0,128,NP,,401677347.39,01/19/2020 06:25:39,1,6,0,-133,401677347.39,147.04177,-9.44976,147.04176,-9.44976,50,3,2196,15352,314,7,3985,71,165,5,,,,,,,,,,,,,,,,,,,,,,,,,,,,,
"",176405,5171,-9.43196,147.044,B,01/19/2020 06:33:36,Argos,0,14,SR,,401677337.25,01/19/2020 06:33:29,1,2,0,-136,401677337.25,147.044,-9.43196,147.044,-9.43196,6,3,1312,3520,489,6,2887,102,140,0,,,,,,,,,,,,,,,,,,,,,,,,,,,,,
"",176405,5171,-9.43196,147.044,B,01/19/2020 06:33:36,Argos,0,14,SR,,401677337.25,01/19/2020 06:33:44,1,2,0,-136,401677337.25,147.044,-9.43196,147.044,-9.43196,6,3,1312,3520,489,6,2887,10,0,16,,,,,,,,,,,,,,,,,,,,,,,,,,,,,
"",176405,5171,-9.42908,147.04474,3,01/22/2020 06:40:42,Argos,0,342,SR,,401677331.67,01/22/2020 06:36:05,1,19,0,-131,401677331.67,147.04474,-9.42908,147.04474,-9.42908,50,3,212,681,66,58,325,83,150,92,,,,,,,,,,,,,,,,,,,,,,,,,,,,,
"",176405,5171,-9.42908,147.04474,3,01/22/2020 06:40:42,Argos,0,342,SR,,401677331.67,01/22/2020 06:37:02,1,19,0,-131,401677331.67,147.04474,-9.42908,147.04474,-9.42908,50,3,212,681,66,58,325,72,134,5,,,,,,,,,,,,,,,,,,,,,,,,,,,,,
"",176405,5171,-9.42908,147.04474,3,01/22/2020 06:40:42,Argos,0,342,SR,,401677331.67,01/22/2020 06:38:27,1,19,0,-131,401677331.67,147.04474,-9.42908,147.04474,-9.42908,50,3,212,681,66,58,325,93,160,92,,,,,,,,,,,,,,,,,,,,,,,,,,,,,
"",176405,5171,-9.42908,147.04474,3,01/22/2020 06:40:42,Argos,0,342,SR,,401677331.67,01/22/2020 06:39:10,1,19,0,-131,401677331.67,147.04474,-9.42908,147.04474,-9.42908,50,3,212,681,66,58,325,22,79,24,,,,,,,,,,,,,,,,,,,,,,,,,,,,,
"",176405,5171,-9.42908,147.04474,3,01/22/2020 06:40:42,Argos,0,342,SR,,401677331.67,01/22/2020 06:39:39,1,19,0,-131,401677331.67,147.04474,-9.42908,147.04474,-9.42908,50,3,212,681,66,58,325,92,165,92,,,,,,,,,,,,,,,,,,,,,,,,,,,,,
"",176405,5171,-9.42908,147.04474,3,01/22/2020 06:40:42,Argos,0,342,SR,,401677331.67,01/22/2020 06:40:21,1,19,0,-131,401677331.67,147.04474,-9.42908,147.04474,-9.42908,50,3,212,681,66,58,325,22,75,24,,,,,,,,,,,,,,,,,,,,,,,,,,,,,
"",176405,5171,-9.42908,147.04474,3,01/22/2020 06:40:42,Argos,0,342,SR,,401677331.67,01/22/2020 06:40:36,2,19,0,-131,401677331.67,147.04474,-9.42908,147.04474,-9.42908,50,3,212,681,66,58,325,66,132,5,,,,,,,,,,,,,,,,,,,,,,,,,,,,,
"",176405,5171,-9.42908,147.04474,3,01/22/2020 06:40:42,Argos,0,342,SR,,401677331.67,01/22/2020 06:40:50,1,19,0,-131,401677331.67,147.04474,-9.42908,147.04474,-9.42908,50,3,212,681,66,58,325,78,16,131,220,168,40,58,164,107,26,160,75,148,185,85,24,1,255,255,216,65,255,192,,,,,,,,,
"",176405,5171,-9.42908,147.04474,3,01/22/2020 06:40:42,Argos,0,342,SR,,401677331.67,01/22/2020 06:41:04,1,19,0,-131,401677331.67,147.04474,-9.42908,147.04474,-9.42908,50,3,212,681,66,58,325,90,171,92,,,,,,,,,,,,,,,,,,,,,,,,,,,,,
"",176405,5171,-9.42908,147.04474,3,01/22/2020 06:40:42,Argos,0,342,SR,,401677331.67,01/22/2020 06:41:18,4,19,0,-131,401677331.67,147.04474,-9.42908,147.04474,-9.42908,50,3,212,681,66,58,325,102,140,0,,,,,,,,,,,,,,,,,,,,,,,,,,,,,
"",176405,5171,-9.42908,147.04474,3,01/22/2020 06:40:42,Argos,0,342,SR,,401677331.67,01/22/2020 06:41:32,4,19,0,-131,401677331.67,147.04474,-9.42908,147.04474,-9.42908,50,3,212,681,66,58,325,10,0,16,,,,,,,,,,,,,,,,,,,,,,,,,,,,,
"",176405,5171,-9.42908,147.04474,3,01/22/2020 06:40:42,Argos,0,342,SR,,401677331.67,01/22/2020 06:41:47,1,19,0,-131,401677331.67,147.04474,-9.42908,147.04474,-9.42908,50,3,212,681,66,58,325,22,75,56,,,,,,,,,,,,,,,,,,,,,,,,,,,,,
"",176405,5171,-9.42544,147.04125,3,01/25/2020 06:44:58,Argos,0,413,SR,,401677332.7,01/25/2020 06:42:44,1,18,0,-129,401677332.7,147.04125,-9.42544,147.04124,-9.42544,50,3,130,299,56,52,224,87,179,95,,,,,,,,,,,,,,,,,,,,,,,,,,,,,
"",176405,5171,-9.42544,147.04125,3,01/25/2020 06:44:58,Argos,0,413,SR,,401677332.7,01/25/2020 06:44:24,1,18,0,-129,401677332.7,147.04125,-9.42544,147.04124,-9.42544,50,3,130,299,56,52,224,11,0,16,,,,,,,,,,,,,,,,,,,,,,,,,,,,,
"",176405,5171,-9.42544,147.04125,3,01/25/2020 06:44:58,Argos,0,413,SR,,401677332.7,01/25/2020 06:45:07,1,18,0,-129,401677332.7,147.04125,-9.42544,147.04124,-9.42544,50,3,130,299,56,52,224,81,189,95,,,,,,,,,,,,,,,,,,,,,,,,,,,,,
"",176405,5171,-9.42544,147.04125,3,01/25/2020 06:44:58,Argos,0,413,SR,,401677332.7,01/25/2020 06:46:04,2,18,0,-129,401677332.7,147.04125,-9.42544,147.04124,-9.42544,50,3,130,299,56,52,224,76,146,5,,,,,,,,,,,,,,,,,,,,,,,,,,,,,
"",176405,5171,-9.42544,147.04125,3,01/25/2020 06:44:58,Argos,0,413,SR,,401677332.7,01/25/2020 06:46:18,1,18,0,-129,401677332.7,147.04125,-9.42544,147.04124,-9.42544,50,3,130,299,56,52,224,81,194,95,,,,,,,,,,,,,,,,,,,,,,,,,,,,,
"",176405,5171,-9.42544,147.04125,3,01/25/2020 06:44:58,Argos,0,413,SR,,401677332.7,01/25/2020 06:46:46,3,18,0,-129,401677332.7,147.04125,-9.42544,147.04124,-9.42544,50,3,130,299,56,52,224,10,0,16,,,,,,,,,,,,,,,,,,,,,,,,,,,,,
"",176405,5171,-9.42544,147.04125,3,01/25/2020 06:44:58,Argos,0,413,SR,,401677332.7,01/25/2020 06:47:43,4,18,0,-129,401677332.7,147.04125,-9.42544,147.04124,-9.42544,50,3,130,299,56,52,224,102,140,0,,,,,,,,,,,,,,,,,,,,,,,,,,,,,
"",176405,5171,-9.42544,147.04125,3,01/25/2020 06:44:58,Argos,0,413,SR,,401677332.7,01/25/2020 06:48:26,5,18,0,-129,401677332.7,147.04125,-9.42544,147.04124,-9.42544,50,3,130,299,56,52,224,22,75,24,,,,,,,,,,,,,,,,,,,,,,,,,,,,,
"",176405,5171,-9.42282,147.04308,3,01/25/2020 06:50:32,Argos,0,527,NP,,401677336.06,01/25/2020 06:50:06,1,15,0,-125,401677336.06,147.04308,-9.42282,147.04308,-9.42282,56,3,121,235,61,41,161,81,210,95,,,,,,,,,,,,,,,,,,,,,,,,,,,,,
"",176405,5171,-9.42282,147.04308,3,01/25/2020 06:50:32,Argos,0,527,NP,,401677336.06,01/25/2020 06:51:03,1,15,0,-125,401677336.06,147.04308,-9.42282,147.04308,-9.42282,56,3,121,235,61,41,161,76,146,5,,,,,,,,,,,,,,,,,,,,,,,,,,,,,
"",176405,5171,-9.42282,147.04308,3,01/25/2020 06:50:32,Argos,0,527,NP,,401677336.06,01/25/2020 06:51:17,1,15,0,-125,401677336.06,147.04308,-9.42282,147.04308,-9.42282,56,3,121,235,61,41,161,80,215,95,,,,,,,,,,,,,,,,,,,,,,,,,,,,,
"",176405,5171,-9.42282,147.04308,3,01/25/2020 06:50:32,Argos,0,527,NP,,401677336.06,01/25/2020 06:52:14,2,15,0,-125,401677336.06,147.04308,-9.42282,147.04308,-9.42282,56,3,121,235,61,41,161,76,146,5,,,,,,,,,,,,,,,,,,,,,,,,,,,,,
"",176405,5171,-9.42282,147.04308,3,01/25/2020 06:50:32,Argos,0,527,NP,,401677336.06,01/25/2020 06:53:40,1,15,0,-125,401677336.06,147.04308,-9.42282,147.04308,-9.42282,56,3,121,235,61,41,161,94,225,95,,,,,,,,,,,,,,,,,,,,,,,,,,,,,
"",176405,5171,-9.42282,147.04308,3,01/25/2020 06:50:32,Argos,0,527,NP,,401677336.06,01/25/2020 06:54:08,1,15,0,-125,401677336.06,147.04308,-9.42282,147.04308,-9.42282,56,3,121,235,61,41,161,66,208,131,220,168,40,58,164,108,155,116,216,148,191,199,22,1,255,255,217,33,255,192,,,,,,,,,
"",176405,5171,-9.42282,147.04308,3,01/25/2020 06:50:32,Argos,0,527,NP,,401677336.06,01/25/2020 06:55:05,1,15,0,-125,401677336.06,147.04308,-9.42282,147.04308,-9.42282,56,3,121,235,61,41,161,80,231,95,,,,,,,,,,,,,,,,,,,,,,,,,,,,,
"",176405,5171,-9.42282,147.04308,3,01/25/2020 06:50:32,Argos,0,527,NP,,401677336.06,01/25/2020 06:56:59,2,15,0,-125,401677336.06,147.04308,-9.42282,147.04308,-9.42282,56,3,121,235,61,41,161,22,75,24,,,,,,,,,,,,,,,,,,,,,,,,,,,,,
"",176405,5171,-9.42282,147.04308,3,01/25/2020 06:50:32,Argos,0,527,NP,,401677336.06,01/25/2020 06:57:13,2,15,0,-125,401677336.06,147.04308,-9.42282,147.04308,-9.42282,56,3,121,235,61,41,161,73,147,5,,,,,,,,,,,,,,,,,,,,,,,,,,,,,
"",176405,5171,-9.42282,147.04308,3,01/25/2020 06:50:32,Argos,0,527,NP,,401677336.06,01/25/2020 06:57:28,1,15,0,-125,401677336.06,147.04308,-9.42282,147.04308,-9.42282,56,3,121,235,61,41,161,94,241,95,,,,,,,,,,,,,,,,,,,,,,,,,,,,,
"",176405,5171,-9.42282,147.04308,3,01/25/2020 06:50:32,Argos,0,527,NP,,401677336.06,01/25/2020 06:57:42,3,15,0,-125,401677336.06,147.04308,-9.42282,147.04308,-9.42282,56,3,121,235,61,41,161,109,139,0,,,,,,,,,,,,,,,,,,,,,,,,,,,,,
"",176405,5171,-9.42282,147.04308,3,01/25/2020 06:50:32,Argos,0,527,NP,,401677336.06,01/25/2020 06:57:56,4,15,0,-125,401677336.06,147.04308,-9.42282,147.04308,-9.42282,56,3,121,235,61,41,161,10,0,16,,,,,,,,,,,,,,,,,,,,,,,,,,,,,
"",176405,5171,-9.42203,147.04681,3,01/26/2020 06:38:42,Argos,0,584,NP,,401677332.86,01/26/2020 06:38:43,1,17,0,-130,401677332.86,147.04681,-9.42203,147.04681,-9.42203,50,3,137,205,91,0,167,71,21,5,,,,,,,,,,,,,,,,,,,,,,,,,,,,,
"",176405,5171,-9.42203,147.04681,3,01/26/2020 06:38:42,Argos,0,584,NP,,401677332.86,01/26/2020 06:39:25,1,17,0,-130,401677332.86,147.04681,-9.42203,147.04681,-9.42203,50,3,137,205,91,0,167,8,0,16,,,,,,,,,,,,,,,,,,,,,,,,,,,,,
"",176405,5171,-9.42203,147.04681,3,01/26/2020 06:38:42,Argos,0,584,NP,,401677332.86,01/26/2020 06:39:54,1,17,0,-130,401677332.86,147.04681,-9.42203,147.04681,-9.42203,50,3,137,205,91,0,167,71,149,5,,,,,,,,,,,,,,,,,,,,,,,,,,,,,
"",176405,5171,-9.42203,147.04681,3,01/26/2020 06:38:42,Argos,0,584,NP,,401677332.86,01/26/2020 06:40:08,1,17,0,-130,401677332.86,147.04681,-9.42203,147.04681,-9.42203,50,3,137,205,91,0,167,83,162,96,,,,,,,,,,,,,,,,,,,,,,,,,,,,,
"",176405,5171,-9.42203,147.04681,3,01/26/2020 06:38:42,Argos,0,584,NP,,401677332.86,01/26/2020 06:42:16,1,17,0,-130,401677332.86,147.04681,-9.42203,147.04681,-9.42203,50,3,137,205,91,0,167,69,48,131,220,168,40,58,164,109,26,182,202,20,193,87,24,1,255,255,217,65,255,192,,,,,,,,,
"",176405,5171,-9.42203,147.04681,3,01/26/2020 06:38:42,Argos,0,584,NP,,401677332.86,01/26/2020 06:43:42,1,17,0,-130,401677332.86,147.04681,-9.42203,147.04681,-9.42203,50,3,137,205,91,0,167,66,148,5,,,,,,,,,,,,,,,,,,,,,,,,,,,,,
"",176405,5171,-9.42203,147.04681,3,01/26/2020 06:38:42,Argos,0,584,NP,,401677332.86,01/26/2020 06:43:56,1,17,0,-130,401677332.86,147.04681,-9.42203,147.04681,-9.42203,50,3,137,205,91,0,167,83,178,224,,,,,,,,,,,,,,,,,,,,,,,,,,,,,
"",176405,5171,-9.42203,147.04681,3,01/26/2020 06:38:42,Argos,0,584,NP,,401677332.86,01/26/2020 06:46:04,1,17,0,-130,401677332.86,147.04681,-9.42203,147.04681,-9.42203,50,3,137,205,91,0,167,73,147,5,,,,,,,,,,,,,,,,,,,,,,,,,,,,,
"",176405,5171,-9.42203,147.04681,3,01/26/2020 06:38:42,Argos,0,584,NP,,401677332.86,01/26/2020 06:46:19,1,17,0,-130,401677332.86,147.04681,-9.42203,147.04681,-9.42203,50,3,137,205,91,0,167,85,188,96,,,,,,,,,,,,,,,,,,,,,,,,,,,,,
"",176405,5171,-9.42203,147.04681,3,01/26/2020 06:38:42,Argos,0,584,NP,,401677332.86,01/26/2020 06:47:30,1,17,0,-130,401677332.86,147.04681,-9.42203,147.04681,-9.42203,50,3,137,205,91,0,167,95,193,96,,,,,,,,,,,,,,,,,,,,,,,,,,,,,
"",176405,5171,-9.42203,147.04681,3,01/26/2020 06:38:42,Argos,0,584,NP,,401677332.86,01/26/2020 06:47:44,3,17,0,-130,401677332.86,147.04681,-9.42203,147.04681,-9.42203,50,3,137,205,91,0,167,102,140,0,,,,,,,,,,,,,,,,,,,,,,,,,,,,,
"",176405,5171,-9.42203,147.04681,3,01/26/2020 06:38:42,Argos,0,584,NP,,401677332.86,01/26/2020 06:47:58,2,17,0,-130,401677332.86,147.04681,-9.42203,147.04681,-9.42203,50,3,137,205,91,0,167,10,0,16,,,,,,,,,,,,,,,,,,,,,,,,,,,,,
"",176405,5171,-9.42203,147.04681,3,01/26/2020 06:38:42,Argos,0,584,NP,,401677332.86,01/26/2020 06:48:13,1,17,0,-130,401677332.86,147.04681,-9.42203,147.04681,-9.42203,50,3,137,205,91,0,167,67,144,131,220,168,40,58,164,109,27,22,10,146,193,137,24,1,255,255,217,17,255,192,,,,,,,,,
"",176405,5171,-9.42203,147.04681,3,01/26/2020 06:38:42,Argos,0,584,NP,,401677332.86,01/26/2020 06:48:27,3,17,0,-130,401677332.86,147.04681,-9.42203,147.04681,-9.42203,50,3,137,205,91,0,167,22,75,24,,,,,,,,,,,,,,,,,,,,,,,,,,,,,
"",176405,5171,-9.41878,147.04996,3,01/27/2020 06:27:47,Argos,0,484,NP,,401677338.53,01/27/2020 06:27:48,1,13,0,-131,401677338.53,147.04996,-9.41878,147.04996,-9.41878,50,3,167,292,95,1,299,85,114,97,,,,,,,,,,,,,,,,,,,,,,,,,,,,,
"",176405,5171,-9.41878,147.04996,3,01/27/2020 06:27:47,Argos,0,484,NP,,401677338.53,01/27/2020 06:31:36,1,13,0,-131,401677338.53,147.04996,-9.41878,147.04996,-9.41878,50,3,167,292,95,1,299,80,130,97,,,,,,,,,,,,,,,,,,,,,,,,,,,,,
"",176405,5171,-9.41878,147.04996,3,01/27/2020 06:27:47,Argos,0,484,NP,,401677338.53,01/27/2020 06:32:33,1,13,0,-131,401677338.53,147.04996,-9.41878,147.04996,-9.41878,50,3,167,292,95,1,299,7,181,5,,,,,,,,,,,,,,,,,,,,,,,,,,,,,
"",176405,5171,-9.41878,147.04996,3,01/27/2020 06:27:47,Argos,0,484,NP,,401677338.53,01/27/2020 06:32:47,1,13,0,-131,401677338.53,147.04996,-9.41878,147.04996,-9.41878,50,3,167,292,95,1,299,81,135,97,,,,,,,,,,,,,,,,,,,,,,,,,,,,,
"",176405,5171,-9.41878,147.04996,3,01/27/2020 06:27:47,Argos,0,484,NP,,401677338.53,01/27/2020 06:33:58,1,13,0,-131,401677338.53,147.04996,-9.41878,147.04996,-9.41878,50,3,167,292,95,1,299,70,48,131,220,168,40,58,164,109,154,50,71,212,195,25,24,1,255,255,219,81,255,192,,,,,,,,,
"",176405,5171,-9.41878,147.04996,3,01/27/2020 06:27:47,Argos,0,484,NP,,401677338.53,01/27/2020 06:34:12,1,13,0,-131,401677338.53,147.04996,-9.41878,147.04996,-9.41878,50,3,167,292,95,1,299,83,141,97,,,,,,,,,,,,,,,,,,,,,,,,,,,,,
"",176405,5171,-9.41878,147.04996,3,01/27/2020 06:27:47,Argos,0,484,NP,,401677338.53,01/27/2020 06:34:27,1,13,0,-131,401677338.53,147.04996,-9.41878,147.04996,-9.41878,50,3,167,292,95,1,299,98,140,0,,,,,,,,,,,,,,,,,,,,,,,,,,,,,
"",176405,5171,-9.41878,147.04996,3,01/27/2020 06:27:47,Argos,0,484,NP,,401677338.53,01/27/2020 06:34:41,1,13,0,-131,401677338.53,147.04996,-9.41878,147.04996,-9.41878,50,3,167,292,95,1,299,14,0,16,,,,,,,,,,,,,,,,,,,,,,,,,,,,,
"",176405,5171,-9.41878,147.04996,3,01/27/2020 06:27:47,Argos,0,484,NP,,401677338.53,01/27/2020 06:34:55,1,13,0,-131,401677338.53,147.04996,-9.41878,147.04996,-9.41878,50,3,167,292,95,1,299,22,75,24,,,,,,,,,,,,,,,,,,,,,,,,,,,,,
"",176405,5171,-9.41878,147.04996,3,01/27/2020 06:27:47,Argos,0,484,NP,,401677338.53,01/27/2020 06:35:10,2,13,0,-131,401677338.53,147.04996,-9.41878,147.04996,-9.41878,50,3,167,292,95,1,299,71,181,5,,,,,,,,,,,,,,,,,,,,,,,,,,,,,
"",176405,5171,-9.41878,147.04996,3,01/27/2020 06:27:47,Argos,0,484,NP,,401677338.53,01/27/2020 06:35:24,1,13,0,-131,401677338.53,147.04996,-9.41878,147.04996,-9.41878,50,3,167,292,95,1,299,80,146,97,,,,,,,,,,,,,,,,,,,,,,,,,,,,,
"",176405,5171,-9.41878,147.04996,3,01/27/2020 06:27:47,Argos,0,484,NP,,401677338.53,01/27/2020 06:35:38,2,13,0,-131,401677338.53,147.04996,-9.41878,147.04996,-9.41878,50,3,167,292,95,1,299,102,140,0,,,,,,,,,,,,,,,,,,,,,,,,,,,,,
"",176405,5171,-9.41878,147.04996,3,01/27/2020 06:27:47,Argos,0,484,NP,,401677338.53,01/27/2020 06:35:52,2,13,0,-131,401677338.53,147.04996,-9.41878,147.04996,-9.41878,50,3,167,292,95,1,299,10,0,16,,,,,,,,,,,,,,,,,,,,,,,,,,,,,
"",176405,5171,-9.42612,147.05449,0,01/28/2020 06:22:20,Argos,0,99,NP,,401677339.77,01/28/2020 06:20:55,1,4,0,-133,401677339.77,147.05449,-9.42612,147.05449,-9.42612,60,3,1927,11513,322,144,5444,10,0,16,,,,,,,,,,,,,,,,,,,,,,,,,,,,,
"",176405,5171,-9.42612,147.05449,0,01/28/2020 06:22:20,Argos,0,99,NP,,401677339.77,01/28/2020 06:21:09,1,4,0,-133,401677339.77,147.05449,-9.42612,147.05449,-9.42612,60,3,1927,11513,322,144,5444,22,75,24,,,,,,,,,,,,,,,,,,,,,,,,,,,,,
"",176405,5171,-9.42514,147.04902,B,01/28/2020 06:22:20,Argos,0,28,NP,,401677338.55,01/28/2020 06:22:06,1,2,0,-133,401677338.55,147.04902,-9.42514,147.04903,-9.42514,0,3,2983,5744,1549,123,7188,73,240,131,220,168,40,58,164,110,25,116,71,148,198,169,26,1,255,255,219,145,255,192,,,,,,,,,
"",176405,5171,-9.42514,147.04902,B,01/28/2020 06:22:20,Argos,0,28,NP,,401677338.55,01/28/2020 06:22:35,1,2,0,-133,401677338.55,147.04902,-9.42514,147.04903,-9.42514,0,3,2983,5744,1549,123,7188,22,75,56,,,,,,,,,,,,,,,,,,,,,,,,,,,,,
"",176405,5171,-9.42408,147.04457,3,01/28/2020 06:53:34,Argos,0,528,SR,,401677337.7,01/28/2020 06:47:47,1,22,0,-129,401677337.7,147.04457,-9.42408,147.04457,-9.42408,58,3,195,369,103,48,223,92,192,98,,,,,,,,,,,,,,,,,,,,,,,,,,,,,
"",176405,5171,-9.42408,147.04457,3,01/28/2020 06:53:34,Argos,0,528,SR,,401677337.7,01/28/2020 06:48:58,1,22,0,-129,401677337.7,147.04457,-9.42408,147.04457,-9.42408,58,3,195,369,103,48,223,93,197,98,,,,,,,,,,,,,,,,,,,,,,,,,,,,,
"",176405,5171,-9.42408,147.04457,3,01/28/2020 06:53:34,Argos,0,528,SR,,401677337.7,01/28/2020 06:49:12,2,22,0,-129,401677337.7,147.04457,-9.42408,147.04457,-9.42408,58,3,195,369,103,48,223,102,140,0,,,,,,,,,,,,,,,,,,,,,,,,,,,,,
"",176405,5171,-9.42408,147.04457,3,01/28/2020 06:53:34,Argos,0,528,SR,,401677337.7,01/28/2020 06:51:06,2,22,0,-129,401677337.7,147.04457,-9.42408,147.04457,-9.42408,58,3,195,369,103,48,223,64,190,5,,,,,,,,,,,,,,,,,,,,,,,,,,,,,
"",176405,5171,-9.42408,147.04457,3,01/28/2020 06:53:34,Argos,0,528,SR,,401677337.7,01/28/2020 06:51:21,1,22,0,-129,401677337.7,147.04457,-9.42408,147.04457,-9.42408,58,3,195,369,103,48,223,95,207,98,,,,,,,,,,,,,,,,,,,,,,,,,,,,,
"",176405,5171,-9.42408,147.04457,3,01/28/2020 06:53:34,Argos,0,528,SR,,401677337.7,01/28/2020 06:52:46,1,22,0,-129,401677337.7,147.04457,-9.42408,147.04457,-9.42408,58,3,195,369,103,48,223,93,213,98,,,,,,,,,,,,,,,,,,,,,,,,,,,,,
"",176405,5171,-9.42408,147.04457,3,01/28/2020 06:53:34,Argos,0,528,SR,,401677337.7,01/28/2020 06:53:00,1,22,0,-129,401677337.7,147.04457,-9.42408,147.04457,-9.42408,58,3,195,369,103,48,223,109,139,0,,,,,,,,,,,,,,,,,,,,,,,,,,,,,
"",176405,5171,-9.42408,147.04457,3,01/28/2020 06:53:34,Argos,0,528,SR,,401677337.7,01/28/2020 06:53:15,3,22,0,-129,401677337.7,147.04457,-9.42408,147.04457,-9.42408,58,3,195,369,103,48,223,10,0,16,,,,,,,,,,,,,,,,,,,,,,,,,,,,,
"",176405,5171,-9.42408,147.04457,3,01/28/2020 06:53:34,Argos,0,528,SR,,401677337.7,01/28/2020 06:53:57,1,22,0,-129,401677337.7,147.04457,-9.42408,147.04457,-9.42408,58,3,195,369,103,48,223,94,218,98,,,,,,,,,,,,,,,,,,,,,,,,,,,,,
"",176405,5171,-9.42408,147.04457,3,01/28/2020 06:53:34,Argos,0,528,SR,,401677337.7,01/28/2020 06:54:40,4,22,0,-129,401677337.7,147.04457,-9.42408,147.04457,-9.42408,58,3,195,369,103,48,223,22,75,24,,,,,,,,,,,,,,,,,,,,,,,,,,,,,
"",176405,5171,-9.42408,147.04457,3,01/28/2020 06:53:34,Argos,0,528,SR,,401677337.7,01/28/2020 06:54:54,4,22,0,-129,401677337.7,147.04457,-9.42408,147.04457,-9.42408,58,3,195,369,103,48,223,69,191,5,,,,,,,,,,,,,,,,,,,,,,,,,,,,,
"",176405,5171,-9.42408,147.04457,3,01/28/2020 06:53:34,Argos,0,528,SR,,401677337.7,01/28/2020 06:55:09,1,22,0,-129,401677337.7,147.04457,-9.42408,147.04457,-9.42408,58,3,195,369,103,48,223,95,223,98,,,,,,,,,,,,,,,,,,,,,,,,,,,,,
"",176405,5171,-9.41966,147.04712,3,01/31/2020 06:54:53,Argos,0,328,SR,,401677333.03,01/31/2020 06:53:13,1,18,0,-126,401677333.03,147.04712,-9.41966,147.04712,-9.41966,50,3,124,287,53,167,196,94,215,101,,,,,,,,,,,,,,,,,,,,,,,,,,,,,
"",176405,5171,-9.41966,147.04712,3,01/31/2020 06:54:53,Argos,0,328,SR,,401677333.03,01/31/2020 06:55:21,3,18,0,-126,401677333.03,147.04712,-9.41966,147.04712,-9.41966,50,3,124,287,53,167,196,22,75,24,,,,,,,,,,,,,,,,,,,,,,,,,,,,,
"",176405,5171,-9.41966,147.04712,3,01/31/2020 06:54:53,Argos,0,328,SR,,401677333.03,01/31/2020 06:55:35,3,18,0,-126,401677333.03,147.04712,-9.41966,147.04712,-9.41966,50,3,124,287,53,167,196,77,151,5,,,,,,,,,,,,,,,,,,,,,,,,,,,,,
"",176405,5171,-9.41966,147.04712,3,01/31/2020 06:54:53,Argos,0,328,SR,,401677333.03,01/31/2020 06:55:49,1,18,0,-126,401677333.03,147.04712,-9.41966,147.04712,-9.41966,50,3,124,287,53,167,196,95,226,101,,,,,,,,,,,,,,,,,,,,,,,,,,,,,
"",176405,5171,-9.41966,147.04712,3,01/31/2020 06:54:53,Argos,0,328,SR,,401677333.03,01/31/2020 06:57:01,1,18,0,-126,401677333.03,147.04712,-9.41966,147.04712,-9.41966,50,3,124,287,53,167,196,94,231,101,,,,,,,,,,,,,,,,,,,,,,,,,,,,,
"",176405,5171,-9.41966,147.04712,3,01/31/2020 06:54:53,Argos,0,328,SR,,401677333.03,01/31/2020 06:57:15,4,18,0,-126,401677333.03,147.04712,-9.41966,147.04712,-9.41966,50,3,124,287,53,167,196,109,139,0,,,,,,,,,,,,,,,,,,,,,,,,,,,,,
"",176405,5171,-9.41966,147.04712,3,01/31/2020 06:54:53,Argos,0,328,SR,,401677333.03,01/31/2020 06:57:29,4,18,0,-126,401677333.03,147.04712,-9.41966,147.04712,-9.41966,50,3,124,287,53,167,196,10,0,16,,,,,,,,,,,,,,,,,,,,,,,,,,,,,
"",176405,5171,-9.41966,147.04712,3,01/31/2020 06:54:53,Argos,0,328,SR,,401677333.03,01/31/2020 06:57:58,1,18,0,-126,401677333.03,147.04712,-9.41966,147.04712,-9.41966,50,3,124,287,53,167,196,78,152,5,,,,,,,,,,,,,,,,,,,,,,,,,,,,,
"",176405,5171,-9.43628,147.04887,A,02/01/2020 06:26:27,Argos,0,42,SR,,401677334.58,02/01/2020 06:26:08,1,3,0,-133,401677334.58,147.04887,-9.43628,147.04887,-9.43628,0,3,2358,5942,935,49,6663,85,95,102,,,,,,,,,,,,,,,,,,,,,,,,,,,,,
"",176405,5171,-9.43628,147.04887,A,02/01/2020 06:26:27,Argos,0,42,SR,,401677334.58,02/01/2020 06:26:22,1,3,0,-133,401677334.58,147.04887,-9.43628,147.04887,-9.43628,0,3,2358,5942,935,49,6663,99,141,0,,,,,,,,,,,,,,,,,,,,,,,,,,,,,
"",176405,5171,-9.43628,147.04887,A,02/01/2020 06:26:27,Argos,0,42,SR,,401677334.58,02/01/2020 06:26:51,1,3,0,-133,401677334.58,147.04887,-9.43628,147.04887,-9.43628,0,3,2358,5942,935,49,6663,22,75,24,,,,,,,,,,,,,,,,,,,,,,,,,,,,,
"",176405,5171,-9.43269,146.98659,B,02/01/2020 23:58:49,Argos,0,0,MC,,401677330.15,02/01/2020 23:58:49,1,1,0,-122,401677330.15,146.98659,-9.43269,146.98659,-9.43269,0,3,4382,8947,2146,61,12391,32,8,32,0,0,0,0,0,0,0,0,0,255,18,169,145,7,224,0,0,0,0,0,0,0,0,0,150,134,255,252,
"",176405,5171,-9.42157,146.99341,B,02/02/2020 06:57:48,Argos,0,14,NP,,401677340.95,02/02/2020 06:57:42,1,2,0,-133,401677340.95,146.99341,-9.42157,146.99341,-9.42157,8,3,4197,10321,1706,96,11870,10,0,16,,,,,,,,,,,,,,,,,,,,,,,,,,,,,
"",176405,5171,-9.42157,146.99341,B,02/02/2020 06:57:48,Argos,0,14,NP,,401677340.95,02/02/2020 06:57:56,1,2,0,-133,401677340.95,146.99341,-9.42157,146.99341,-9.42157,8,3,4197,10321,1706,96,11870,22,75,24,,,,,,,,,,,,,,,,,,,,,,,,,,,,,
"",176405,5171,-9.42299,147.04268,3,02/03/2020 06:44:55,Argos,0,556,NP,,401677338.12,02/03/2020 06:44:55,1,12,0,-132,401677338.12,147.04268,-9.42299,147.04268,-9.42299,50,3,165,289,93,30,178,102,142,0,,,,,,,,,,,,,,,,,,,,,,,,,,,,,
"",176405,5171,-9.42299,147.04268,3,02/03/2020 06:44:55,Argos,0,556,NP,,401677338.12,02/03/2020 06:46:35,1,12,0,-132,401677338.12,147.04268,-9.42299,147.04268,-9.42299,50,3,165,289,93,30,178,10,0,16,,,,,,,,,,,,,,,,,,,,,,,,,,,,,
"",176405,5171,-9.42299,147.04268,3,02/03/2020 06:44:55,Argos,0,556,NP,,401677338.12,02/03/2020 06:47:03,1,12,0,-132,401677338.12,147.04268,-9.42299,147.04268,-9.42299,50,3,165,289,93,30,178,72,182,5,,,,,,,,,,,,,,,,,,,,,,,,,,,,,
"",176405,5171,-9.42299,147.04268,3,02/03/2020 06:44:55,Argos,0,556,NP,,401677338.12,02/03/2020 06:47:18,1,12,0,-132,401677338.12,147.04268,-9.42299,147.04268,-9.42299,50,3,165,289,93,30,178,95,182,104,,,,,,,,,,,,,,,,,,,,,,,,,,,,,
"",176405,5171,-9.42299,147.04268,3,02/03/2020 06:44:55,Argos,0,556,NP,,401677338.12,02/03/2020 06:48:15,1,12,0,-132,401677338.12,147.04268,-9.42299,147.04268,-9.42299,50,3,165,289,93,30,178,71,181,5,,,,,,,,,,,,,,,,,,,,,,,,,,,,,
"",176405,5171,-9.42299,147.04268,3,02/03/2020 06:44:55,Argos,0,556,NP,,401677338.12,02/03/2020 06:48:29,1,12,0,-132,401677338.12,147.04268,-9.42299,147.04268,-9.42299,50,3,165,289,93,30,178,86,187,104,,,,,,,,,,,,,,,,,,,,,,,,,,,,,
"",176405,5171,-9.42299,147.04268,3,02/03/2020 06:44:55,Argos,0,556,NP,,401677338.12,02/03/2020 06:49:26,1,12,0,-132,401677338.12,147.04268,-9.42299,147.04268,-9.42299,50,3,165,289,93,30,178,200,183,1,,,,,,,,,,,,,,,,,,,,,,,,,,,,,
"",176405,5171,-9.42299,147.04268,3,02/03/2020 06:44:55,Argos,0,556,NP,,401677338.12,02/03/2020 06:49:55,1,12,0,-132,401677338.12,147.04268,-9.42299,147.04268,-9.42299,50,3,165,289,93,30,178,103,140,0,,,,,,,,,,,,,,,,,,,,,,,,,,,,,
"",176405,5171,-9.42299,147.04268,3,02/03/2020 06:44:55,Argos,0,556,NP,,401677338.12,02/03/2020 06:50:37,1,12,0,-132,401677338.12,147.04268,-9.42299,147.04268,-9.42299,50,3,165,289,93,30,178,77,183,5,,,,,,,,,,,,,,,,,,,,,,,,,,,,,
"",176405,5171,-9.42299,147.04268,3,02/03/2020 06:44:55,Argos,0,556,NP,,401677338.12,02/03/2020 06:51:20,2,12,0,-132,401677338.12,147.04268,-9.42299,147.04268,-9.42299,50,3,165,289,93,30,178,102,140,0,,,,,,,,,,,,,,,,,,,,,,,,,,,,,
"",176405,5171,-9.42299,147.04268,3,02/03/2020 06:44:55,Argos,0,556,NP,,401677338.12,02/03/2020 06:51:34,4,12,0,-132,401677338.12,147.04268,-9.42299,147.04268,-9.42299,50,3,165,289,93,30,178,10,0,16,,,,,,,,,,,,,,,,,,,,,,,,,,,,,
"",176405,5171,-9.42299,147.04268,3,02/03/2020 06:44:55,Argos,0,556,NP,,401677338.12,02/03/2020 06:52:03,1,12,0,-132,401677338.12,147.04268,-9.42299,147.04268,-9.42299,50,3,165,289,93,30,178,78,184,5,,,,,,,,,,,,,,,,,,,,,,,,,,,,,
"",176405,5171,-9.42299,147.04268,3,02/03/2020 06:44:55,Argos,0,556,NP,,401677338.12,02/03/2020 06:53:28,1,12,0,-132,401677338.12,147.04268,-9.42299,147.04268,-9.42299,50,3,165,289,93,30,178,82,80,104,,,,,,,,,,,,,,,,,,,,,,,,,,,,,
"",176405,5171,-9.42299,147.04268,3,02/03/2020 06:44:55,Argos,0,556,NP,,401677338.12,02/03/2020 06:53:43,3,12,0,-132,401677338.12,147.04268,-9.42299,147.04268,-9.42299,50,3,165,289,93,30,178,109,139,0,,,,,,,,,,,,,,,,,,,,,,,,,,,,,
"",176405,5171,-9.42299,147.04268,3,02/03/2020 06:44:55,Argos,0,556,NP,,401677338.12,02/03/2020 06:54:11,4,12,0,-132,401677338.12,147.04268,-9.42299,147.04268,-9.42299,50,3,165,289,93,30,178,22,75,24,,,,,,,,,,,,,,,,,,,,,,,,,,,,,
"",176405,5171,-9.42861,147.03778,B,02/04/2020 06:34:04,Argos,0,128,SR,,401677331.58,02/04/2020 06:33:01,1,2,0,-137,401677331.58,147.03778,-9.42861,147.03778,-9.42861,0,3,4893,42818,559,74,7138,102,140,0,,,,,,,,,,,,,,,,,,,,,,,,,,,,,
"",176405,5171,-9.42861,147.03778,B,02/04/2020 06:34:04,Argos,0,128,SR,,401677331.58,02/04/2020 06:35:09,1,2,0,-137,401677331.58,147.03778,-9.42861,147.03778,-9.42861,0,3,4893,42818,559,74,7138,92,134,105,,,,,,,,,,,,,,,,,,,,,,,,,,,,,
"",176405,5171,-9.42097,147.04322,3,02/04/2020 06:35:16,Argos,0,385,NP,,401677337.11,02/04/2020 06:35:09,1,4,0,-135,401677337.11,147.04322,-9.42097,147.04321,-9.42097,56,3,158,306,81,28,337,92,134,105,,,,,,,,,,,,,,,,,,,,,,,,,,,,,
"",176405,5171,-9.42097,147.04322,3,02/04/2020 06:35:16,Argos,0,385,NP,,401677337.11,02/04/2020 06:36:06,1,4,0,-135,401677337.11,147.04322,-9.42097,147.04321,-9.42097,56,3,158,306,81,28,337,64,158,5,,,,,,,,,,,,,,,,,,,,,,,,,,,,,
"",176405,5171,-9.42097,147.04322,3,02/04/2020 06:35:16,Argos,0,385,NP,,401677337.11,02/04/2020 06:36:20,1,4,0,-135,401677337.11,147.04322,-9.42097,147.04321,-9.42097,56,3,158,306,81,28,337,85,139,105,,,,,,,,,,,,,,,,,,,,,,,,,,,,,
"",176405,5171,-9.42097,147.04322,3,02/04/2020 06:35:16,Argos,0,385,NP,,401677337.11,02/04/2020 06:37:03,1,4,0,-135,401677337.11,147.04322,-9.42097,147.04321,-9.42097,56,3,158,306,81,28,337,73,176,131,220,168,40,58,164,98,26,99,143,18,211,29,24,1,255,255,217,225,255,192,,,,,,,,,
"",176405,5171,-9.42097,147.04322,3,02/04/2020 06:35:16,Argos,0,385,NP,,401677337.11,02/04/2020 06:37:46,1,4,0,-135,401677337.11,147.04322,-9.42097,147.04321,-9.42097,56,3,158,306,81,28,337,87,145,105,,,,,,,,,,,,,,,,,,,,,,,,,,,,,
"",176405,5171,-9.42097,147.04322,3,02/04/2020 06:35:16,Argos,0,385,NP,,401677337.11,02/04/2020 06:38:14,3,4,0,-135,401677337.11,147.04322,-9.42097,147.04321,-9.42097,56,3,158,306,81,28,337,10,0,16,,,,,,,,,,,,,,,,,,,,,,,,,,,,,
"",176405,5171,-9.42097,147.04322,3,02/04/2020 06:35:16,Argos,0,385,NP,,401677337.11,02/04/2020 06:38:29,2,4,0,-135,401677337.11,147.04322,-9.42097,147.04321,-9.42097,56,3,158,306,81,28,337,22,75,24,,,,,,,,,,,,,,,,,,,,,,,,,,,,,
"",176405,5171,-9.42097,147.04322,3,02/04/2020 06:35:16,Argos,0,385,NP,,401677337.11,02/04/2020 06:38:57,1,4,0,-135,401677337.11,147.04322,-9.42097,147.04321,-9.42097,56,3,158,306,81,28,337,92,150,105,,,,,,,,,,,,,,,,,,,,,,,,,,,,,
"",176405,5171,-9.42097,147.04322,3,02/04/2020 06:35:16,Argos,0,385,NP,,401677337.11,02/04/2020 06:41:05,1,4,0,-135,401677337.11,147.04322,-9.42097,147.04321,-9.42097,56,3,158,306,81,28,337,69,159,5,,,,,,,,,,,,,,,,,,,,,,,,,,,,,
"",176405,5171,-9.42097,147.04322,3,02/04/2020 06:35:16,Argos,0,385,NP,,401677337.11,02/04/2020 06:41:34,2,4,0,-135,401677337.11,147.04322,-9.42097,147.04321,-9.42097,56,3,158,306,81,28,337,102,140,0,,,,,,,,,,,,,,,,,,,,,,,,,,,,,
"",176405,5171,-9.41906,147.04902,1,02/05/2020 06:25:47,Argos,0,242,NP,,401677327.22,02/05/2020 06:23:58,1,9,0,-135,401677327.22,147.04902,-9.41906,147.04903,-9.41906,50,3,618,3296,115,42,1575,87,81,106,,,,,,,,,,,,,,,,,,,,,,,,,,,,,
"",176405,5171,-9.41906,147.04902,1,02/05/2020 06:25:47,Argos,0,242,NP,,401677327.22,02/05/2020 06:25:24,1,9,0,-135,401677327.22,147.04902,-9.41906,147.04903,-9.41906,50,3,618,3296,115,42,1575,25,87,106,,,,,,,,,,,,,,,,,,,,,,,,,,,,,
"",176405,5171,-9.41906,147.04902,1,02/05/2020 06:25:47,Argos,0,242,NP,,401677327.22,02/05/2020 06:26:21,2,9,0,-135,401677327.22,147.04902,-9.41906,147.04903,-9.41906,50,3,618,3296,115,42,1575,65,106,5,,,,,,,,,,,,,,,,,,,,,,,,,,,,,
"",176405,5171,-9.41906,147.04902,1,02/05/2020 06:25:47,Argos,0,242,NP,,401677327.22,02/05/2020 06:26:35,1,9,0,-135,401677327.22,147.04902,-9.41906,147.04903,-9.41906,50,3,618,3296,115,42,1575,94,92,106,,,,,,,,,,,,,,,,,,,,,,,,,,,,,
"",176405,5171,-9.41906,147.04902,1,02/05/2020 06:25:47,Argos,0,242,NP,,401677327.22,02/05/2020 06:26:49,1,9,0,-135,401677327.22,147.04902,-9.41906,147.04903,-9.41906,50,3,618,3296,115,42,1575,99,141,0,,,,,,,,,,,,,,,,,,,,,,,,,,,,,
"",176405,5171,-9.41906,147.04902,1,02/05/2020 06:25:47,Argos,0,242,NP,,401677327.22,02/05/2020 06:27:03,2,9,0,-135,401677327.22,147.04902,-9.41906,147.04903,-9.41906,50,3,618,3296,115,42,1575,10,0,16,,,,,,,,,,,,,,,,,,,,,,,,,,,,,
"",176405,5171,-9.41906,147.04902,1,02/05/2020 06:25:47,Argos,0,242,NP,,401677327.22,02/05/2020 06:27:46,1,9,0,-135,401677327.22,147.04902,-9.41906,147.04903,-9.41906,50,3,618,3296,115,42,1575,87,100,122,,,,,,,,,,,,,,,,,,,,,,,,,,,,,
"",176405,5171,-9.42712,147.04015,1,02/07/2020 06:39:59,Argos,0,299,SR,,401677328.65,02/07/2020 06:38:57,1,10,0,-130,401677328.65,147.04015,-9.42712,147.04015,-9.42712,50,3,582,3077,110,71,1117,72,150,5,,,,,,,,,,,,,,,,,,,,,,,,,,,,,
"",176405,5171,-9.42712,147.04015,1,02/07/2020 06:39:59,Argos,0,299,SR,,401677328.65,02/07/2020 06:41:48,1,10,0,-130,401677328.65,147.04015,-9.42712,147.04015,-9.42712,50,3,582,3077,110,71,1117,80,153,108,,,,,,,,,,,,,,,,,,,,,,,,,,,,,
"",176405,5171,-9.42712,147.04015,1,02/07/2020 06:39:59,Argos,0,299,SR,,401677328.65,02/07/2020 06:42:02,3,10,0,-130,401677328.65,147.04015,-9.42712,147.04015,-9.42712,50,3,582,3077,110,71,1117,102,140,0,,,,,,,,,,,,,,,,,,,,,,,,,,,,,
"",176405,5171,-9.42712,147.04015,1,02/07/2020 06:39:59,Argos,0,299,SR,,401677328.65,02/07/2020 06:42:17,2,10,0,-130,401677328.65,147.04015,-9.42712,147.04015,-9.42712,50,3,582,3077,110,71,1117,10,0,16,,,,,,,,,,,,,,,,,,,,,,,,,,,,,
"",176405,5171,-9.42712,147.04015,1,02/07/2020 06:39:59,Argos,0,299,SR,,401677328.65,02/07/2020 06:42:31,3,10,0,-130,401677328.65,147.04015,-9.42712,147.04015,-9.42712,50,3,582,3077,110,71,1117,22,75,24,,,,,,,,,,,,,,,,,,,,,,,,,,,,,
"",176405,5171,-9.42279,147.04399,3,02/10/2020 06:46:56,Argos,0,313,SR,,401677331.54,02/10/2020 06:43:31,1,7,0,-133,401677331.54,147.04399,-9.42279,147.04399,-9.42279,50,3,201,663,60,65,487,93,161,111,,,,,,,,,,,,,,,,,,,,,,,,,,,,,
"",176405,5171,-9.42279,147.04399,3,02/10/2020 06:46:56,Argos,0,313,SR,,401677331.54,02/10/2020 06:45:25,1,7,0,-133,401677331.54,147.04399,-9.42279,147.04399,-9.42279,50,3,201,663,60,65,487,22,75,24,,,,,,,,,,,,,,,,,,,,,,,,,,,,,
"",176405,5171,-9.42279,147.04399,3,02/10/2020 06:46:56,Argos,0,313,SR,,401677331.54,02/10/2020 06:46:50,1,7,0,-133,401677331.54,147.04399,-9.42279,147.04399,-9.42279,50,3,201,663,60,65,487,68,213,5,,,,,,,,,,,,,,,,,,,,,,,,,,,,,
"",176405,5171,-9.42279,147.04399,3,02/10/2020 06:46:56,Argos,0,313,SR,,401677331.54,02/10/2020 06:47:19,1,7,0,-133,401677331.54,147.04399,-9.42279,147.04399,-9.42279,50,3,201,663,60,65,487,102,140,0,,,,,,,,,,,,,,,,,,,,,,,,,,,,,
"",176405,5171,-9.42279,147.04399,3,02/10/2020 06:46:56,Argos,0,313,SR,,401677331.54,02/10/2020 06:48:16,1,7,0,-133,401677331.54,147.04399,-9.42279,147.04399,-9.42279,50,3,201,663,60,65,487,73,176,131,220,168,40,58,164,101,27,22,207,146,223,107,24,1,255,255,221,81,255,192,,,,,,,,,
"",176405,5171,-9.42279,147.04399,3,02/10/2020 06:46:56,Argos,0,313,SR,,401677331.54,02/10/2020 06:48:30,1,7,0,-133,401677331.54,147.04399,-9.42279,147.04399,-9.42279,50,3,201,663,60,65,487,86,182,111,,,,,,,,,,,,,,,,,,,,,,,,,,,,,
"",176405,5171,-9.42279,147.04399,3,02/10/2020 06:46:56,Argos,0,313,SR,,401677331.54,02/10/2020 06:48:44,1,7,0,-133,401677331.54,147.04399,-9.42279,147.04399,-9.42279,50,3,201,663,60,65,487,102,156,0,,,,,,,,,,,,,,,,,,,,,,,,,,,,,
"",176405,5171,-9.42384,147.03854,2,02/11/2020 06:53:25,Argos,0,99,NP,,401677341.89,02/11/2020 06:52:46,1,5,0,-137,401677341.89,147.03854,-9.42384,147.03854,-9.42384,50,3,376,2010,70,68,672,22,75,24,,,,,,,,,,,,,,,,,,,,,,,,,,,,,
"",176405,5171,-9.42384,147.03854,2,02/11/2020 06:53:25,Argos,0,99,NP,,401677341.89,02/11/2020 06:53:15,1,5,0,-137,401677341.89,147.03854,-9.42384,147.03854,-9.42384,50,3,376,2010,70,68,672,94,196,112,,,,,,,,,,,,,,,,,,,,,,,,,,,,,
"",176405,5171,-9.42384,147.03854,2,02/11/2020 06:53:25,Argos,0,99,NP,,401677341.89,02/11/2020 06:53:29,1,5,0,-137,401677341.89,147.03854,-9.42384,147.03854,-9.42384,50,3,376,2010,70,68,672,102,140,0,,,,,,,,,,,,,,,,,,,,,,,,,,,,,
"",176405,5171,-9.42384,147.03854,2,02/11/2020 06:53:25,Argos,0,99,NP,,401677341.89,02/11/2020 06:54:12,1,5,0,-137,401677341.89,147.03854,-9.42384,147.03854,-9.42384,50,3,376,2010,70,68,672,85,112,131,220,168,40,58,164,101,155,117,143,148,225,145,24,1,255,255,220,225,255,192,,,,,,,,,
"",176405,5171,-9.42384,147.03854,2,02/11/2020 06:53:25,Argos,0,99,NP,,401677341.89,02/11/2020 06:54:26,1,5,0,-137,401677341.89,147.03854,-9.42384,147.03854,-9.42384,50,3,376,2010,70,68,672,70,207,5,,,,,,,,,,,,,,,,,,,,,,,,,,,,,
"",176405,5171,-9.42384,147.03854,2,02/11/2020 06:53:25,Argos,0,99,NP,,401677341.89,02/11/2020 06:54:40,1,5,0,-137,401677341.89,147.03854,-9.42384,147.03854,-9.42384,50,3,376,2010,70,68,672,88,202,112,,,,,,,,,,,,,,,,,,,,,,,,,,,,,
"",176405,5171,-9.42384,147.03854,2,02/11/2020 06:53:25,Argos,0,99,NP,,401677341.89,02/11/2020 06:56:49,1,5,0,-137,401677341.89,147.03854,-9.42384,147.03854,-9.42384,50,3,376,2010,70,68,672,67,206,5,,,,,,,,,,,,,,,,,,,,,,,,,,,,,
"",176405,5171,-9.42384,147.03854,2,02/11/2020 06:53:25,Argos,0,99,NP,,401677341.89,02/11/2020 06:57:17,4,5,0,-137,401677341.89,147.03854,-9.42384,147.03854,-9.42384,50,3,376,2010,70,68,672,102,140,0,,,,,,,,,,,,,,,,,,,,,,,,,,,,,
"",176405,5171,-9.42384,147.03854,2,02/11/2020 06:53:25,Argos,0,99,NP,,401677341.89,02/11/2020 06:57:31,2,5,0,-137,401677341.89,147.03854,-9.42384,147.03854,-9.42384,50,3,376,2010,70,68,672,10,0,16,,,,,,,,,,,,,,,,,,,,,,,,,,,,,
"",176405,5171,-9.42384,147.03854,2,02/11/2020 06:53:25,Argos,0,99,NP,,401677341.89,02/11/2020 06:57:46,3,5,0,-137,401677341.89,147.03854,-9.42384,147.03854,-9.42384,50,3,376,2010,70,68,672,22,75,24,,,,,,,,,,,,,,,,,,,,,,,,,,,,,
"",176405,5171,-9.42165,147.03209,B,02/12/2020 00:39:19,Argos,0,0,MB,,401677336.98,02/12/2020 00:39:20,1,1,0,-132,401677336.98,147.03209,-9.42165,147.03209,-9.42165,0,3,5462,8749,3409,66,10596,32,9,96,0,0,0,0,1,0,0,0,0,162,128,255,84,73,64,0,0,0,0,0,0,0,0,0,158,132,255,229,
"",176405,5171,-9.42165,147.04644,3,02/12/2020 06:41:06,Argos,0,84,NP,,401677339.99,02/12/2020 06:41:07,1,5,0,-133,401677339.99,147.04644,-9.42165,147.04643,-9.42165,58,3,195,425,89,31,277,91,149,113,,,,,,,,,,,,,,,,,,,,,,,,,,,,,
"",176405,5171,-9.42165,147.04644,3,02/12/2020 06:41:06,Argos,0,84,NP,,401677339.99,02/12/2020 06:41:35,1,5,0,-133,401677339.99,147.04644,-9.42165,147.04643,-9.42165,58,3,195,425,89,31,277,10,0,16,,,,,,,,,,,,,,,,,,,,,,,,,,,,,
"",176405,5171,-9.42165,147.04644,3,02/12/2020 06:41:06,Argos,0,84,NP,,401677339.99,02/12/2020 06:41:49,1,5,0,-133,401677339.99,147.04644,-9.42165,147.04643,-9.42165,58,3,195,425,89,31,277,22,79,8,,,,,,,,,,,,,,,,,,,,,,,,,,,,,
"",176405,5171,-9.42165,147.04644,3,02/12/2020 06:41:06,Argos,0,84,NP,,401677339.99,02/12/2020 06:42:18,1,5,0,-133,401677339.99,147.04644,-9.42165,147.04643,-9.42165,58,3,195,425,89,31,277,88,154,113,,,,,,,,,,,,,,,,,,,,,,,,,,,,,
"",176405,5171,-9.42165,147.04644,3,02/12/2020 06:41:06,Argos,0,84,NP,,401677339.99,02/12/2020 06:42:32,1,5,0,-133,401677339.99,147.04644,-9.42165,147.04643,-9.42165,58,3,195,425,89,31,277,102,140,0,,,,,,,,,,,,,,,,,,,,,,,,,,,,,
"",176405,5171,-9.42165,147.04644,3,02/12/2020 06:41:06,Argos,0,84,NP,,401677339.99,02/12/2020 06:43:15,1,5,0,-133,401677339.99,147.04644,-9.42165,147.04643,-9.42165,58,3,195,425,89,31,277,71,181,5,,,,,,,,,,,,,,,,,,,,,,,,,,,,,
"",176405,5171,-9.42165,147.04644,3,02/12/2020 06:41:06,Argos,0,84,NP,,401677339.99,02/12/2020 06:44:12,1,5,0,-133,401677339.99,147.04644,-9.42165,147.04643,-9.42165,58,3,195,425,89,31,277,22,75,152,,,,,,,,,,,,,,,,,,,,,,,,,,,,,
"",176405,5171,-9.42165,147.04644,3,02/12/2020 06:41:06,Argos,0,84,NP,,401677339.99,02/12/2020 06:45:52,1,5,0,-133,401677339.99,147.04644,-9.42165,147.04643,-9.42165,58,3,195,425,89,31,277,78,112,131,220,168,40,58,164,102,26,240,144,82,227,83,24,1,255,255,219,81,255,192,,,,,,,,,
"",176405,5171,-9.42165,147.04644,3,02/12/2020 06:41:06,Argos,0,84,NP,,401677339.99,02/12/2020 06:46:34,2,5,0,-133,401677339.99,147.04644,-9.42165,147.04643,-9.42165,58,3,195,425,89,31,277,10,0,16,,,,,,,,,,,,,,,,,,,,,,,,,,,,,
"",176405,5171,-9.42165,147.04644,3,02/12/2020 06:41:06,Argos,0,84,NP,,401677339.99,02/12/2020 06:47:17,1,5,0,-133,401677339.99,147.04644,-9.42165,147.04643,-9.42165,58,3,195,425,89,31,277,121,175,120,,,,,,,,,,,,,,,,,,,,,,,,,,,,,
"",176405,5171,-9.42165,147.04644,3,02/12/2020 06:41:06,Argos,0,84,NP,,401677339.99,02/12/2020 06:47:32,2,5,0,-133,401677339.99,147.04644,-9.42165,147.04643,-9.42165,58,3,195,425,89,31,277,102,140,0,,,,,,,,,,,,,,,,,,,,,,,,,,,,,
"",176405,5171,-9.42165,147.04644,3,02/12/2020 06:41:06,Argos,0,84,NP,,401677339.99,02/12/2020 06:48:43,1,5,0,-133,401677339.99,147.04644,-9.42165,147.04643,-9.42165,58,3,195,425,89,31,277,109,139,0,,,,,,,,,,,,,,,,,,,,,,,,,,,,,
"",176405,5171,-9.42165,147.04644,3,02/12/2020 06:41:06,Argos,0,84,NP,,401677339.99,02/12/2020 06:49:11,1,5,0,-133,401677339.99,147.04644,-9.42165,147.04643,-9.42165,58,3,195,425,89,31,277,22,75,24,,,,,,,,,,,,,,,,,,,,,,,,,,,,,
"",176405,5171,-9.40952,147.04992,A,02/13/2020 06:35:52,Argos,0,213,NP,,401677326.73,02/13/2020 06:32:19,1,3,0,-136,401677326.73,147.04992,-9.40952,147.04993,-9.40952,0,3,909,3449,239,14,1699,80,106,114,,,,,,,,,,,,,,,,,,,,,,,,,,,,,
"",176405,5171,-9.40952,147.04992,A,02/13/2020 06:35:52,Argos,0,213,NP,,401677326.73,02/13/2020 06:33:58,1,3,0,-136,401677326.73,147.04992,-9.40952,147.04993,-9.40952,0,3,909,3449,239,14,1699,95,16,131,220,168,40,59,164,102,154,50,79,84,228,227,24,1,255,255,217,161,255,193,,,,,,,,,
"",176405,5171,-9.41762,147.05368,B,02/13/2020 06:35:52,Argos,0,0,NP,,401677330.78,02/13/2020 06:35:52,1,1,0,-136,401677330.78,147.05368,-9.41762,147.05368,-9.41762,0,3,6640,13253,3326,71,11630,68,154,5,,,,,,,,,,,,,,,,,,,,,,,,,,,,,
"",176405,5171,-9.42484,147.03936,3,02/13/2020 06:52:27,Argos,0,399,SR,,401677328.64,02/13/2020 06:49:25,1,13,0,-133,401677328.64,147.03936,-9.42484,147.03935,-9.42484,56,3,229,650,80,69,391,75,153,7,,,,,,,,,,,,,,,,,,,,,,,,,,,,,
"",176405,5171,-9.42484,147.03936,3,02/13/2020 06:52:27,Argos,0,399,SR,,401677328.64,02/13/2020 06:49:39,1,13,0,-133,401677328.64,147.03936,-9.42484,147.03935,-9.42484,56,3,229,650,80,69,391,80,179,114,,,,,,,,,,,,,,,,,,,,,,,,,,,,,
"",176405,5171,-9.42484,147.03936,3,02/13/2020 06:52:27,Argos,0,399,SR,,401677328.64,02/13/2020 06:50:08,1,13,0,-133,401677328.64,147.03936,-9.42484,147.03935,-9.42484,56,3,229,650,80,69,391,10,0,16,,,,,,,,,,,,,,,,,,,,,,,,,,,,,
"",176405,5171,-9.42484,147.03936,3,02/13/2020 06:52:27,Argos,0,399,SR,,401677328.64,02/13/2020 06:50:36,1,13,0,-133,401677328.64,147.03936,-9.42484,147.03935,-9.42484,56,3,229,650,80,69,391,75,153,5,,,,,,,,,,,,,,,,,,,,,,,,,,,,,
"",176405,5171,-9.42484,147.03936,3,02/13/2020 06:52:27,Argos,0,399,SR,,401677328.64,02/13/2020 06:51:47,1,13,0,-133,401677328.64,147.03936,-9.42484,147.03935,-9.42484,56,3,229,650,80,69,391,89,48,131,220,172,40,58,164,102,155,78,143,148,229,121,22,1,255,255,217,129,255,192,,,,,,,,,
"",176405,5171,-9.42484,147.03936,3,02/13/2020 06:52:27,Argos,0,399,SR,,401677328.64,02/13/2020 06:52:01,1,13,0,-133,401677328.64,147.03936,-9.42484,147.03935,-9.42484,56,3,229,650,80,69,391,68,154,5,,,,,,,,,,,,,,,,,,,,,,,,,,,,,
"",176405,5171,-9.42484,147.03936,3,02/13/2020 06:52:27,Argos,0,399,SR,,401677328.64,02/13/2020 06:52:44,1,13,0,-133,401677328.64,147.03936,-9.42484,147.03935,-9.42484,56,3,229,650,80,69,391,10,0,28,,,,,,,,,,,,,,,,,,,,,,,,,,,,,
"",176405,5171,-9.42484,147.03936,3,02/13/2020 06:52:27,Argos,0,399,SR,,401677328.64,02/13/2020 06:53:27,1,13,0,-133,401677328.64,147.03936,-9.42484,147.03935,-9.42484,56,3,229,650,80,69,391,83,195,114,,,,,,,,,,,,,,,,,,,,,,,,,,,,,
"",176405,5171,-9.42484,147.03936,3,02/13/2020 06:52:27,Argos,0,399,SR,,401677328.64,02/13/2020 06:54:38,1,13,0,-133,401677328.64,147.03936,-9.42484,147.03935,-9.42484,56,3,229,650,80,69,391,84,200,114,,,,,,,,,,,,,,,,,,,,,,,,,,,,,
"",176405,5171,-9.42484,147.03936,3,02/13/2020 06:52:27,Argos,0,399,SR,,401677328.64,02/13/2020 06:55:21,2,13,0,-133,401677328.64,147.03936,-9.42484,147.03935,-9.42484,56,3,229,650,80,69,391,22,75,24,,,,,,,,,,,,,,,,,,,,,,,,,,,,,
"",176405,5171,-9.42484,147.03936,3,02/13/2020 06:52:27,Argos,0,399,SR,,401677328.64,02/13/2020 06:55:50,1,13,0,-133,401677328.64,147.03936,-9.42484,147.03935,-9.42484,56,3,229,650,80,69,391,85,205,114,,,,,,,,,,,,,,,,,,,,,,,,,,,,,
"",176405,5171,-9.42484,147.03936,3,02/13/2020 06:52:27,Argos,0,399,SR,,401677328.64,02/13/2020 06:56:04,1,13,0,-133,401677328.64,147.03936,-9.42484,147.03935,-9.42484,56,3,229,650,80,69,391,109,139,0,,,,,,,,,,,,,,,,,,,,,,,,,,,,,
"",176405,5171,-9.42466,147.04629,B,02/13/2020 23:58:49,Argos,0,0,MB,,401677330.6,02/13/2020 23:58:49,1,1,0,-123,401677330.6,147.04629,-9.42466,147.0463,-9.42466,0,3,5771,6768,4921,56,11563,32,9,160,0,0,0,0,0,0,0,0,237,43,143,255,54,9,128,0,0,0,0,0,0,0,0,144,106,92,255,108,
"",176405,5171,-9.41671,147.04313,B,02/14/2020 06:24:00,Argos,0,0,NP,,401677333.4,02/14/2020 06:24:00,1,1,0,-138,401677333.4,147.04313,-9.41671,147.04314,-9.41671,8,3,5395,11798,2467,68,11290,91,74,115,,,,,,,,,,,,,,,,,,,,,,,,,,,,,
"",176405,5171,-9.41945,147.04331,2,02/16/2020 06:56:29,Argos,0,256,SR,,401677327.3,02/16/2020 06:55:51,1,7,0,-131,401677327.3,147.04331,-9.41945,147.0433,-9.41945,50,3,316,745,134,165,642,10,0,16,,,,,,,,,,,,,,,,,,,,,,,,,,,,,
"",176405,5171,-9.41945,147.04331,2,02/16/2020 06:56:29,Argos,0,256,SR,,401677327.3,02/16/2020 06:56:48,1,7,0,-131,401677327.3,147.04331,-9.41945,147.0433,-9.41945,50,3,316,745,134,165,642,109,139,0,,,,,,,,,,,,,,,,,,,,,,,,,,,,,
"",176405,5171,-9.41945,147.04331,2,02/16/2020 06:56:29,Argos,0,256,SR,,401677327.3,02/16/2020 06:57:16,3,7,0,-131,401677327.3,147.04331,-9.41945,147.0433,-9.41945,50,3,316,745,134,165,642,22,75,24,,,,,,,,,,,,,,,,,,,,,,,,,,,,,
"",176405,5171,-9.41945,147.04331,2,02/16/2020 06:56:29,Argos,0,256,SR,,401677327.3,02/16/2020 06:57:45,1,7,0,-131,401677327.3,147.04331,-9.41945,147.0433,-9.41945,50,3,316,745,134,165,642,84,213,117,,,,,,,,,,,,,,,,,,,,,,,,,,,,,
"",176405,5171,-9.41945,147.04331,2,02/16/2020 06:56:29,Argos,0,256,SR,,401677327.3,02/16/2020 06:57:59,1,7,0,-131,401677327.3,147.04331,-9.41945,147.0433,-9.41945,50,3,316,745,134,165,642,102,140,0,,,,,,,,,,,,,,,,,,,,,,,,,,,,,
"",176405,5171,-9.42485,147.03355,A,02/17/2020 06:27:15,Argos,0,56,SR,,401677328.43,02/17/2020 06:26:51,1,3,0,-133,401677328.43,147.03355,-9.42485,147.03355,-9.42485,0,3,2368,8095,692,49,6456,95,77,118,,,,,,,,,,,,,,,,,,,,,,,,,,,,,
"",176405,5171,-9.42485,147.03355,A,02/17/2020 06:27:15,Argos,0,56,SR,,401677328.43,02/17/2020 06:27:06,1,3,0,-133,401677328.43,147.03355,-9.42485,147.03355,-9.42485,0,3,2368,8095,692,49,6456,99,141,0,,,,,,,,,,,,,,,,,,,,,,,,,,,,,
"",176405,5171,-9.42485,147.03355,A,02/17/2020 06:27:15,Argos,0,56,SR,,401677328.43,02/17/2020 06:27:48,1,3,0,-133,401677328.43,147.03355,-9.42485,147.03355,-9.42485,0,3,2368,8095,692,49,6456,70,176,5,,,,,,,,,,,,,,,,,,,,,,,,,,,,,
"",176405,5171,-9.42072,147.04552,3,02/20/2020 06:55:24,Argos,0,414,NP,,401677328.02,02/20/2020 06:49:56,1,17,0,-130,401677328.02,147.04552,-9.42072,147.04552,-9.42072,50,3,127,213,74,3,133,109,186,2,,,,,,,,,,,,,,,,,,,,,,,,,,,,,
"",176405,5171,-9.42072,147.04552,3,02/20/2020 06:55:24,Argos,0,414,NP,,401677328.02,02/20/2020 06:50:25,1,17,0,-130,401677328.02,147.04552,-9.42072,147.04552,-9.42072,50,3,127,213,74,3,133,23,75,24,,,,,,,,,,,,,,,,,,,,,,,,,,,,,
"",176405,5171,-9.42072,147.04552,3,02/20/2020 06:55:24,Argos,0,414,NP,,401677328.02,02/20/2020 06:51:51,1,17,0,-130,401677328.02,147.04552,-9.42072,147.04552,-9.42072,50,3,127,213,74,3,133,74,211,5,,,,,,,,,,,,,,,,,,,,,,,,,,,,,
"",176405,5171,-9.42072,147.04552,3,02/20/2020 06:55:24,Argos,0,414,NP,,401677328.02,02/20/2020 06:52:05,1,17,0,-130,401677328.02,147.04552,-9.42072,147.04552,-9.42072,50,3,127,213,74,3,133,90,184,121,,,,,,,,,,,,,,,,,,,,,,,,,,,,,
"",176405,5171,-9.42072,147.04552,3,02/20/2020 06:55:24,Argos,0,414,NP,,401677328.02,02/20/2020 06:52:19,2,17,0,-130,401677328.02,147.04552,-9.42072,147.04552,-9.42072,50,3,127,213,74,3,133,102,140,0,,,,,,,,,,,,,,,,,,,,,,,,,,,,,
"",176405,5171,-9.42072,147.04552,3,02/20/2020 06:55:24,Argos,0,414,NP,,401677328.02,02/20/2020 06:53:02,1,17,0,-130,401677328.02,147.04552,-9.42072,147.04552,-9.42072,50,3,127,213,74,3,133,79,210,5,,,,,,,,,,,,,,,,,,,,,,,,,,,,,
"",176405,5171,-9.41319,147.03462,3,02/20/2020 06:55:24,Argos,0,185,NP,,401677322.32,02/20/2020 06:54:28,1,7,0,-130,401677322.32,147.03462,-9.41319,147.03462,-9.41319,50,3,246,983,61,118,629,91,194,121,,,,,,,,,,,,,,,,,,,,,,,,,,,,,
"",176405,5171,-9.41319,147.03462,3,02/20/2020 06:55:24,Argos,0,185,NP,,401677322.32,02/20/2020 06:55:10,2,7,0,-130,401677322.32,147.03462,-9.41319,147.03462,-9.41319,50,3,246,983,61,118,629,10,0,16,,,,,,,,,,,,,,,,,,,,,,,,,,,,,
"",176405,5171,-9.41319,147.03462,3,02/20/2020 06:55:24,Argos,0,185,NP,,401677322.32,02/20/2020 06:55:25,1,7,0,-130,401677322.32,147.03462,-9.41319,147.03462,-9.41319,50,3,246,983,61,118,629,150,75,24,,,,,,,,,,,,,,,,,,,,,,,,,,,,,
"",176405,5171,-9.41319,147.03462,3,02/20/2020 06:55:24,Argos,0,185,NP,,401677322.32,02/20/2020 06:55:39,1,7,0,-130,401677322.32,147.03462,-9.41319,147.03462,-9.41319,50,3,246,983,61,118,629,69,208,5,,,,,,,,,,,,,,,,,,,,,,,,,,,,,
"",176405,5171,-9.41319,147.03462,3,02/20/2020 06:55:24,Argos,0,185,NP,,401677322.32,02/20/2020 06:56:36,1,7,0,-130,401677322.32,147.03462,-9.41319,147.03462,-9.41319,50,3,246,983,61,118,629,22,75,24,,,,,,,,,,,,,,,,,,,,,,,,,,,,,
"",176405,5171,-9.41319,147.03462,3,02/20/2020 06:55:24,Argos,0,185,NP,,401677322.32,02/20/2020 06:56:50,1,7,0,-130,401677322.32,147.03462,-9.41319,147.03462,-9.41319,50,3,246,983,61,118,629,70,207,5,,,,,,,,,,,,,,,,,,,,,,,,,,,,,
"",176405,5171,-9.42287,147.04474,3,02/21/2020 06:37:15,Argos,0,56,NP,,401677330.16,02/21/2020 06:36:51,1,3,0,-137,401677330.16,147.04474,-9.42287,147.04474,-9.42287,50,3,224,714,70,45,564,67,206,5,,,,,,,,,,,,,,,,,,,,,,,,,,,,,
"",176405,5171,-9.42287,147.04474,3,02/21/2020 06:37:15,Argos,0,56,NP,,401677330.16,02/21/2020 06:37:06,1,3,0,-137,401677330.16,147.04474,-9.42287,147.04474,-9.42287,50,3,224,714,70,45,564,69,80,167,220,168,40,58,164,106,218,99,208,84,244,231,24,33,255,255,220,209,255,194,,,,,,,,,
"",176405,5171,-9.42287,147.04474,3,02/21/2020 06:37:15,Argos,0,56,NP,,401677330.16,02/21/2020 06:37:48,1,3,0,-137,401677330.16,147.04474,-9.42287,147.04474,-9.42287,50,3,224,714,70,45,564,10,0,16,,,,,,,,,,,,,,,,,,,,,,,,,,,,,
"",176405,5171,-9.42287,147.04474,3,02/21/2020 06:37:15,Argos,0,56,NP,,401677330.16,02/21/2020 06:38:17,1,3,0,-137,401677330.16,147.04474,-9.42287,147.04474,-9.42287,50,3,224,714,70,45,564,76,205,5,,,,,,,,,,,,,,,,,,,,,,,,,,,,,
"",176405,5171,-9.42287,147.04474,3,02/21/2020 06:37:15,Argos,0,56,NP,,401677330.16,02/21/2020 06:38:31,1,3,0,-137,401677330.16,147.04474,-9.42287,147.04474,-9.42287,50,3,224,714,70,45,564,95,121,122,,,,,,,,,,,,,,,,,,,,,,,,,,,,,
"",176405,5171,-9.42287,147.04474,3,02/21/2020 06:37:15,Argos,0,56,NP,,401677330.16,02/21/2020 06:38:45,1,3,0,-137,401677330.16,147.04474,-9.42287,147.04474,-9.42287,50,3,224,714,70,45,564,99,141,0,,,,,,,,,,,,,,,,,,,,,,,,,,,,,
"",176405,5171,-9.42287,147.04474,3,02/21/2020 06:37:15,Argos,0,56,NP,,401677330.16,02/21/2020 06:39:42,1,3,0,-137,401677330.16,147.04474,-9.42287,147.04474,-9.42287,50,3,224,714,70,45,564,84,126,122,,,,,,,,,,,,,,,,,,,,,,,,,,,,,
"",176405,5171,-9.42287,147.04474,3,02/21/2020 06:37:15,Argos,0,56,NP,,401677330.16,02/21/2020 06:40:54,1,3,0,-137,401677330.16,147.04474,-9.42287,147.04474,-9.42287,50,3,224,714,70,45,564,88,131,122,,,,,,,,,,,,,,,,,,,,,,,,,,,,,
"",176405,5171,-9.42287,147.04474,3,02/21/2020 06:37:15,Argos,0,56,NP,,401677330.16,02/21/2020 06:41:08,1,3,0,-137,401677330.16,147.04474,-9.42287,147.04474,-9.42287,50,3,224,714,70,45,564,102,140,0,,,,,,,,,,,,,,,,,,,,,,,,,,,,,
"",176405,5171,-9.42287,147.04474,3,02/21/2020 06:37:15,Argos,0,56,NP,,401677330.16,02/21/2020 06:41:51,1,3,0,-137,401677330.16,147.04474,-9.42287,147.04474,-9.42287,50,3,224,714,70,45,564,73,204,69,,,,,,,,,,,,,,,,,,,,,,,,,,,,,
"",176405,5171,-9.42287,147.04474,3,02/21/2020 06:37:15,Argos,0,56,NP,,401677330.16,02/21/2020 06:43:02,1,3,0,-137,401677330.16,147.04474,-9.42287,147.04474,-9.42287,50,3,224,714,70,45,564,68,240,3,220,168,40,58,164,106,154,195,16,20,245,25,24,1,255,255,220,193,255,192,,,,,,,,,
"",176405,5171,-9.44164,147.0753,A,02/22/2020 06:26:39,Argos,0,27,NP,,401677336.88,02/22/2020 06:26:25,1,3,0,-136,401677336.88,147.0753,-9.44164,147.0753,-9.44164,0,3,3137,7686,1280,74,8869,94,73,123,,,,,,,,,,,,,,,,,,,,,,,,,,,,,
"",176405,5171,-9.44164,147.0753,A,02/22/2020 06:26:39,Argos,0,27,NP,,401677336.88,02/22/2020 06:26:39,1,3,0,-136,401677336.88,147.0753,-9.44164,147.0753,-9.44164,0,3,3137,7686,1280,74,8869,99,141,0,,,,,,,,,,,,,,,,,,,,,,,,,,,,,
"",176405,5171,-9.44164,147.0753,A,02/22/2020 06:26:39,Argos,0,27,NP,,401677336.88,02/22/2020 06:26:53,1,3,0,-136,401677336.88,147.0753,-9.44164,147.0753,-9.44164,0,3,3137,7686,1280,74,8869,10,0,16,,,,,,,,,,,,,,,,,,,,,,,,,,,,,
"",176405,5171,-9.42358,147.04666,2,02/23/2020 06:40:04,Argos,0,342,SR,,401677319.84,02/23/2020 06:37:32,1,10,0,-131,401677319.84,147.04666,-9.42358,147.04666,-9.42358,50,3,254,737,87,61,658,82,82,124,,,,,,,,,,,,,,,,,,,,,,,,,,,,,
"",176405,5171,-9.42358,147.04666,2,02/23/2020 06:40:04,Argos,0,342,SR,,401677319.84,02/23/2020 06:39:40,1,10,0,-131,401677319.84,147.04666,-9.42358,147.04666,-9.42358,50,3,254,737,87,61,658,75,137,5,,,,,,,,,,,,,,,,,,,,,,,,,,,,,
"",176405,5171,-9.42358,147.04666,2,02/23/2020 06:40:04,Argos,0,342,SR,,401677319.84,02/23/2020 06:40:09,2,10,0,-131,401677319.84,147.04666,-9.42358,147.04666,-9.42358,50,3,254,737,87,61,658,99,141,0,,,,,,,,,,,,,,,,,,,,,,,,,,,,,
"",176405,5171,-9.42358,147.04666,2,02/23/2020 06:40:04,Argos,0,342,SR,,401677319.84,02/23/2020 06:41:34,1,10,0,-131,401677319.84,147.04666,-9.42358,147.04666,-9.42358,50,3,254,737,87,61,658,102,140,1,,,,,,,,,,,,,,,,,,,,,,,,,,,,,
"",176405,5171,-9.42358,147.04666,2,02/23/2020 06:40:04,Argos,0,342,SR,,401677319.84,02/23/2020 06:43:00,3,10,0,-131,401677319.84,147.04666,-9.42358,147.04666,-9.42358,50,3,254,737,87,61,658,10,0,16,,,,,,,,,,,,,,,,,,,,,,,,,,,,,
"",176405,5171,-9.42358,147.04666,2,02/23/2020 06:40:04,Argos,0,342,SR,,401677319.84,02/23/2020 06:43:14,2,10,0,-131,401677319.84,147.04666,-9.42358,147.04666,-9.42358,50,3,254,737,87,61,658,22,75,24,,,,,,,,,,,,,,,,,,,,,,,,,,,,,
"",176405,5171,-9.44652,147.04273,B,02/24/2020 00:39:28,Argos,0,14,MC,,401677323.6,02/24/2020 00:39:22,1,2,0,-128,401677323.6,147.04273,-9.44652,147.04272,-9.44652,0,3,2188,3205,1493,64,6179,32,10,224,0,0,0,0,0,0,0,0,124,88,129,255,169,10,192,0,0,0,0,0,0,0,0,0,37,161,255,213,
"",176405,5171,-9.44652,147.04273,B,02/24/2020 00:39:28,Argos,0,14,MC,,401677323.6,02/24/2020 00:39:36,1,2,0,-128,401677323.6,147.04273,-9.44652,147.04272,-9.44652,0,3,2188,3205,1493,64,6179,79,144,131,220,168,40,58,164,108,2,139,80,148,241,151,26,17,255,255,219,145,255,192,,,,,,,,,
"",176405,5171,,,,,,,0,NN,,401650000,02/25/2020 23:58:51,1,1,0,-128,401650000,,,,,,,,,,,,32,11,32,0,0,0,0,0,0,0,0,0,50,162,255,79,11,0,0,0,0,0,0,0,0,0,0,117,112,255,177,
"",176405,5171,-9.41702,147.04766,A,02/26/2020 06:48:49,Argos,0,55,SR,,401677328.72,02/26/2020 06:48:17,1,3,0,-136,401677328.72,147.04766,-9.41702,147.04765,-9.41702,0,3,4361,34679,548,102,12332,72,240,131,220,168,40,62,164,237,27,22,79,178,255,65,24,1,247,255,208,129,255,192,,,,,,,,,
"",176405,5171,-9.41702,147.04766,A,02/26/2020 06:48:49,Argos,0,55,SR,,401677328.72,02/26/2020 06:48:59,1,3,0,-136,401677328.72,147.04766,-9.41702,147.04765,-9.41702,0,3,4361,34679,548,102,12332,78,199,5,,,,,,,,,,,,,,,,,,,,,,,,,,,,,
"",176405,5171,-9.41702,147.04766,A,02/26/2020 06:48:49,Argos,0,55,SR,,401677328.72,02/26/2020 06:49:13,1,3,0,-136,401677328.72,147.04766,-9.41702,147.04765,-9.41702,0,3,4361,34679,548,102,12332,92,164,127,,,,,,,,,,,,,,,,,,,,,,,,,,,,,
"",176405,5171,-9.42555,147.02713,B,02/28/2020 06:55:58,Argos,0,14,NP,,401677324.81,02/28/2020 06:55:51,1,2,0,-137,401677324.81,147.02713,-9.42555,147.02713,-9.42555,0,3,5094,11855,2188,109,14406,10,0,16,,,,,,,,,,,,,,,,,,,,,,,,,,,,,
"",176405,5171,-9.42555,147.02713,B,02/28/2020 06:55:58,Argos,0,14,NP,,401677324.81,02/28/2020 06:56:05,1,2,0,-137,401677324.81,147.02713,-9.42555,147.02713,-9.42555,0,3,5094,11855,2188,109,14406,22,75,24,,,,,,,,,,,,,,,,,,,,,,,,,,,,,
"",176405,5171,-9.422,147.03179,0,02/28/2020 06:55:58,Argos,0,114,NP,,401677323.39,02/28/2020 06:57:02,2,6,0,-130,401677323.39,147.03179,-9.422,147.03178,-9.422,50,3,2841,43921,183,91,8031,10,0,16,,,,,,,,,,,,,,,,,,,,,,,,,,,,,
"",176405,5171,-9.422,147.03179,0,02/28/2020 06:55:58,Argos,0,114,NP,,401677323.39,02/28/2020 06:57:17,2,6,0,-130,401677323.39,147.03179,-9.422,147.03178,-9.422,50,3,2841,43921,183,91,8031,22,75,24,,,,,,,,,,,,,,,,,,,,,,,,,,,,,
"",176405,5171,-9.422,147.03179,0,02/28/2020 06:55:58,Argos,0,114,NP,,401677323.39,02/28/2020 06:57:31,1,6,0,-130,401677323.39,147.03179,-9.422,147.03178,-9.422,50,3,2841,43921,183,91,8031,67,161,5,,,,,,,,,,,,,,,,,,,,,,,,,,,,,
"",176405,5171,-9.422,147.03179,0,02/28/2020 06:55:58,Argos,0,114,NP,,401677323.39,02/28/2020 06:57:45,1,6,0,-130,401677323.39,147.03179,-9.422,147.03178,-9.422,50,3,2841,43921,183,91,8031,94,112,131,220,168,40,58,164,110,27,173,79,213,3,141,24,1,255,255,218,17,255,192,,,,,,,,,
"",176405,5171,-9.42606,147.04694,3,02/29/2020 06:44:04,Argos,0,84,NP,,401677327.67,02/29/2020 06:43:32,1,3,0,-136,401677327.67,147.04694,-9.42606,147.04694,-9.42606,50,3,159,309,81,40,332,10,0,16,,,,,,,,,,,,,,,,,,,,,,,,,,,,,
"",176405,5171,-9.42606,147.04694,3,02/29/2020 06:44:04,Argos,0,84,NP,,401677327.67,02/29/2020 06:44:57,2,3,0,-136,401677327.67,147.04694,-9.42606,147.04694,-9.42606,50,3,159,309,81,40,332,22,75,24,,,,,,,,,,,,,,,,,,,,,,,,,,,,,
"",176405,5171,-9.42606,147.04694,3,02/29/2020 06:44:04,Argos,0,541,NP,,401677326.05,02/29/2020 06:45:26,1,16,0,-130,401677326.05,147.04694,-9.42606,147.04694,-9.42606,50,3,159,309,81,40,332,80,140,146,,,,,,,,,,,,,,,,,,,,,,,,,,,,,
"",176405,5171,-9.42606,147.04694,3,02/29/2020 06:44:04,Argos,0,541,NP,,401677326.05,02/29/2020 06:45:54,1,16,0,-130,401677326.05,147.04694,-9.42606,147.04694,-9.42606,50,3,159,309,81,40,332,91,80,131,220,168,40,58,164,110,154,240,143,149,5,29,24,1,255,255,219,209,255,192,,,,,,,,,
"",176405,5171,-9.42606,147.04694,3,02/29/2020 06:44:04,Argos,0,541,NP,,401677326.05,02/29/2020 06:46:51,1,16,0,-130,401677326.05,147.04694,-9.42606,147.04694,-9.42606,50,3,159,309,81,40,332,86,146,130,,,,,,,,,,,,,,,,,,,,,,,,,,,,,
"",176405,5171,-9.42606,147.04694,3,02/29/2020 06:44:04,Argos,0,541,NP,,401677326.05,02/29/2020 06:47:05,1,16,0,-130,401677326.05,147.04694,-9.42606,147.04694,-9.42606,50,3,159,309,81,40,332,102,140,0,,,,,,,,,,,,,,,,,,,,,,,,,,,,,
"",176405,5171,-9.42606,147.04694,3,02/29/2020 06:44:04,Argos,0,541,NP,,401677326.05,02/29/2020 06:47:20,2,16,0,-130,401677326.05,147.04694,-9.42606,147.04694,-9.42606,50,3,159,309,81,40,332,10,0,16,,,,,,,,,,,,,,,,,,,,,,,,,,,,,
"",176405,5171,-9.42286,147.0461,3,02/29/2020 06:53:18,Argos,0,528,SR,,401677324.16,02/29/2020 06:48:02,1,17,0,-130,401677324.16,147.0461,-9.42286,147.0461,-9.42286,56,3,178,295,107,68,248,87,151,130,,,,,,,,,,,,,,,,,,,,,,,,,,,,,
"",176405,5171,-9.42606,147.04694,3,02/29/2020 06:44:04,Argos,0,84,NP,,401677327.67,02/29/2020 06:48:59,1,3,0,-136,401677327.67,147.04694,-9.42606,147.04694,-9.42606,50,3,159,309,81,40,332,64,190,5,,,,,,,,,,,,,,,,,,,,,,,,,,,,,
"",176405,5171,-9.42606,147.04694,3,02/29/2020 06:44:04,Argos,0,84,NP,,401677327.67,02/29/2020 06:49:14,1,3,0,-136,401677327.67,147.04694,-9.42606,147.04694,-9.42606,50,3,159,309,81,40,332,80,156,130,,,,,,,,,,,,,,,,,,,,,,,,,,,,,
"",176405,5171,-9.42286,147.0461,3,02/29/2020 06:53:18,Argos,0,528,SR,,401677324.16,02/29/2020 06:50:11,1,17,0,-130,401677324.16,147.0461,-9.42286,147.0461,-9.42286,56,3,178,295,107,68,248,64,62,5,,,,,,,,,,,,,,,,,,,,,,,,,,,,,
"",176405,5171,-9.42606,147.04694,3,02/29/2020 06:44:04,Argos,0,84,NP,,401677327.67,02/29/2020 06:50:25,1,3,0,-136,401677327.67,147.04694,-9.42606,147.04694,-9.42606,50,3,159,309,81,40,332,89,161,130,,,,,,,,,,,,,,,,,,,,,,,,,,,,,
"",176405,5171,-9.42286,147.0461,3,02/29/2020 06:53:18,Argos,0,528,SR,,401677324.16,02/29/2020 06:51:36,1,17,0,-130,401677324.16,147.0461,-9.42286,147.0461,-9.42286,56,3,178,295,107,68,248,82,166,130,,,,,,,,,,,,,,,,,,,,,,,,,,,,,
"",176405,5171,-9.42286,147.0461,3,02/29/2020 06:53:18,Argos,0,528,SR,,401677324.16,02/29/2020 06:51:50,1,17,0,-130,401677324.16,147.0461,-9.42286,147.0461,-9.42286,56,3,178,295,107,68,248,93,80,131,220,168,40,58,164,110,155,78,208,85,5,79,24,1,255,255,219,225,255,192,,,,,,,,,
"",176405,5171,-9.42606,147.04694,3,02/29/2020 06:44:04,Argos,0,84,NP,,401677327.67,02/29/2020 06:52:33,3,3,0,-136,401677327.67,147.04694,-9.42606,147.04694,-9.42606,50,3,159,309,81,40,332,22,75,24,,,,,,,,,,,,,,,,,,,,,,,,,,,,,
"",176405,5171,-9.42286,147.0461,3,02/29/2020 06:53:18,Argos,0,528,SR,,401677324.16,02/29/2020 06:52:47,1,17,0,-130,401677324.16,147.0461,-9.42286,147.0461,-9.42286,56,3,178,295,107,68,248,64,190,5,,,,,,,,,,,,,,,,,,,,,,,,,,,,,
"",176405,5171,-9.42286,147.0461,3,02/29/2020 06:53:18,Argos,0,528,SR,,401677324.16,02/29/2020 06:53:16,1,17,0,-130,401677324.16,147.0461,-9.42286,147.0461,-9.42286,56,3,178,295,107,68,248,38,140,0,,,,,,,,,,,,,,,,,,,,,,,,,,,,,
"",176405,5171,-9.42286,147.0461,3,02/29/2020 06:53:18,Argos,0,528,SR,,401677324.16,02/29/2020 06:53:30,2,17,0,-130,401677324.16,147.0461,-9.42286,147.0461,-9.42286,56,3,178,295,107,68,248,10,0,16,,,,,,,,,,,,,,,,,,,,,,,,,,,,,
"",176405,5171,-9.42286,147.0461,3,02/29/2020 06:53:18,Argos,0,528,SR,,401677324.16,02/29/2020 06:54:13,1,17,0,-130,401677324.16,147.0461,-9.42286,147.0461,-9.42286,56,3,178,295,107,68,248,89,177,130,,,,,,,,,,,,,,,,,,,,,,,,,,,,,
"",176405,5171,-9.42286,147.0461,3,02/29/2020 06:53:18,Argos,0,528,SR,,401677324.16,02/29/2020 06:55:24,1,17,0,-130,401677324.16,147.0461,-9.42286,147.0461,-9.42286,56,3,178,295,107,68,248,82,182,130,,,,,,,,,,,,,,,,,,,,,,,,,,,,,
"",176405,5171,-9.42286,147.0461,3,02/29/2020 06:53:18,Argos,0,528,SR,,401677324.16,02/29/2020 06:56:07,3,17,0,-130,401677324.16,147.0461,-9.42286,147.0461,-9.42286,56,3,178,295,107,68,248,22,75,24,,,,,,,,,,,,,,,,,,,,,,,,,,,,,
"",176405,5171,-9.42286,147.0461,3,02/29/2020 06:53:18,Argos,0,528,SR,,401677324.16,02/29/2020 06:56:21,1,17,0,-130,401677324.16,147.0461,-9.42286,147.0461,-9.42286,56,3,178,295,107,68,248,79,188,5,,,,,,,,,,,,,,,,,,,,,,,,,,,,,
"",176405,5171,-9.42286,147.0461,3,02/29/2020 06:53:18,Argos,0,528,SR,,401677324.16,02/29/2020 06:56:50,3,17,0,-130,401677324.16,147.0461,-9.42286,147.0461,-9.42286,56,3,178,295,107,68,248,102,140,0,,,,,,,,,,,,,,,,,,,,,,,,,,,,,
"",176405,5171,-9.40757,147.05009,0,03/01/2020 06:38:34,Argos,0,300,NP,,401677331.37,03/01/2020 06:33:49,1,7,0,-133,401677331.37,147.05009,-9.40757,147.0501,-9.40757,50,3,1526,15173,153,19,2015,99,141,8,,,,,,,,,,,,,,,,,,,,,,,,,,,,,
"",176405,5171,-9.40757,147.05009,0,03/01/2020 06:38:34,Argos,0,300,NP,,401677331.37,03/01/2020 06:34:04,1,7,0,-133,401677331.37,147.05009,-9.40757,147.0501,-9.40757,50,3,1526,15173,153,19,2015,10,0,16,,,,,,,,,,,,,,,,,,,,,,,,,,,,,
"",176405,5171,-9.40757,147.05009,0,03/01/2020 06:38:34,Argos,0,300,NP,,401677331.37,03/01/2020 06:34:18,1,7,0,-133,401677331.37,147.05009,-9.40757,147.0501,-9.40757,50,3,1526,15173,153,19,2015,22,75,24,,,,,,,,,,,,,,,,,,,,,,,,,,,,,
"",176405,5171,-9.40757,147.05009,0,03/01/2020 06:38:34,Argos,0,300,NP,,401677331.37,03/01/2020 06:34:32,1,7,0,-133,401677331.37,147.05009,-9.40757,147.0501,-9.40757,50,3,1526,15173,153,19,2015,71,250,5,,,,,,,,,,,,,,,,,,,,,,,,,,,,,
"",176405,5171,-9.39037,147.06029,A,03/01/2020 06:38:34,Argos,0,28,NP,,401677325.77,03/01/2020 06:38:20,1,3,0,-134,401677325.77,147.06029,-9.39037,147.06029,-9.39037,0,3,3518,7270,1702,134,6182,66,251,7,,,,,,,,,,,,,,,,,,,,,,,,,,,,,
"",176405,5171,-9.39037,147.06029,A,03/01/2020 06:38:34,Argos,0,28,NP,,401677325.77,03/01/2020 06:38:35,1,3,0,-134,401677325.77,147.06029,-9.39037,147.06029,-9.39037,0,3,3518,7270,1702,134,6182,80,114,138,,,,,,,,,,,,,,,,,,,,,,,,,,,,,
"",176405,5171,-9.39037,147.06029,A,03/01/2020 06:38:34,Argos,0,28,NP,,401677325.77,03/01/2020 06:38:49,1,3,0,-134,401677325.77,147.06029,-9.39037,147.06029,-9.39037,0,3,3518,7270,1702,134,6182,102,140,0,,,,,,,,,,,,,,,,,,,,,,,,,,,,,
"",176405,5171,-9.42641,147.05584,B,03/02/2020 06:26:26,Argos,0,28,NP,,401677327.56,03/02/2020 06:26:12,1,2,0,-137,401677327.56,147.05584,-9.42641,147.05585,-9.42641,0,3,4233,7488,2392,151,6859,88,56,132,,,,,,,,,,,,,,,,,,,,,,,,,,,,,
"",176405,5171,-9.42641,147.05584,B,03/02/2020 06:26:26,Argos,0,28,NP,,401677327.56,03/02/2020 06:26:41,1,2,0,-137,401677327.56,147.05584,-9.42641,147.05585,-9.42641,0,3,4233,7488,2392,151,6859,10,0,0,,,,,,,,,,,,,,,,,,,,,,,,,,,,,
"",176405,5171,-9.42326,147.04323,1,03/03/2020 06:56:59,Argos,0,142,SR,,401677323.54,03/03/2020 06:57:32,1,4,0,-130,401677323.54,147.04323,-9.42326,147.04323,-9.42326,50,3,691,3141,152,166,1933,102,140,0,,,,,,,,,,,,,,,,,,,,,,,,,,,,,
"",176405,5171,-9.42326,147.04323,1,03/03/2020 06:56:59,Argos,0,142,SR,,401677323.54,03/03/2020 06:58:00,3,4,0,-130,401677323.54,147.04323,-9.42326,147.04323,-9.42326,50,3,691,3141,152,166,1933,22,75,24,,,,,,,,,,,,,,,,,,,,,,,,,,,,,
"",176405,5171,-9.42741,147.04609,B,03/04/2020 06:27:44,Argos,0,14,SR,,401677323.49,03/04/2020 06:27:37,1,2,0,-135,401677323.49,147.04609,-9.42741,147.0461,-9.42741,0,3,3103,3587,2683,76,8773,85,59,134,,,,,,,,,,,,,,,,,,,,,,,,,,,,,
"",176405,5171,-9.42741,147.04609,B,03/04/2020 06:27:44,Argos,0,14,SR,,401677323.49,03/04/2020 06:27:52,1,2,0,-135,401677323.49,147.04609,-9.42741,147.0461,-9.42741,0,3,3103,3587,2683,76,8773,99,141,0,,,,,,,,,,,,,,,,,,,,,,,,,,,,,
"",176405,5171,,,,,,,0,MC,,401650000,03/06/2020 23:58:53,1,1,0,-130,401650000,,,,,,,,,,,,32,12,192,0,0,0,0,0,0,0,0,0,239,60,255,135,12,160,0,0,0,0,0,0,0,0,0,67,137,255,62,
"",176405,5171,-9.4192,147.0521,A,03/07/2020 06:33:23,Argos,0,70,SR,,401677324.26,03/07/2020 06:33:18,1,3,0,-133,401677324.26,147.0521,-9.4192,147.0521,-9.4192,0,3,2764,15583,490,25,7813,102,140,0,,,,,,,,,,,,,,,,,,,,,,,,,,,,,
"",176405,5171,-9.4192,147.0521,A,03/07/2020 06:33:23,Argos,0,70,SR,,401677324.26,03/07/2020 06:34:01,2,3,0,-133,401677324.26,147.0521,-9.4192,147.0521,-9.4192,0,3,2764,15583,490,25,7813,69,159,5,,,,,,,,,,,,,,,,,,,,,,,,,,,,,
"",176405,5171,-9.42338,147.04372,3,03/08/2020 06:57:06,Argos,0,0,NP,,401650000,03/08/2020 06:51:34,1,1,0,-137,401650000,147.04372,-9.42338,147.04372,-9.42338,50,3,197,452,85,35,339,83,155,138,,,,,,,,,,,,,,,,,,,,,,,,,,,,,
"",176405,5171,-9.42338,147.04372,3,03/08/2020 06:57:06,Argos,0,0,NP,,401650000,03/08/2020 06:53:57,1,1,0,-137,401650000,147.04372,-9.42338,147.04372,-9.42338,50,3,197,452,85,35,339,85,165,138,,,,,,,,,,,,,,,,,,,,,,,,,,,,,
"",176405,5171,-9.42338,147.04372,3,03/08/2020 06:57:06,Argos,0,0,NP,,401650000,03/08/2020 06:54:39,2,1,0,-137,401650000,147.04372,-9.42338,147.04372,-9.42338,50,3,197,452,85,35,339,22,75,24,,,,,,,,,,,,,,,,,,,,,,,,,,,,,
"",176405,5171,-9.42338,147.04372,3,03/08/2020 06:57:06,Argos,0,0,NP,,401650000,03/08/2020 06:55:08,1,1,0,-137,401650000,147.04372,-9.42338,147.04372,-9.42338,50,3,197,452,85,35,339,73,131,5,,,,,,,,,,,,,,,,,,,,,,,,,,,,,
"",176405,5171,-9.42338,147.04372,3,03/08/2020 06:57:06,Argos,0,0,NP,,401650000,03/08/2020 06:55:50,2,1,0,-137,401650000,147.04372,-9.42338,147.04372,-9.42338,50,3,197,452,85,35,339,10,0,16,,,,,,,,,,,,,,,,,,,,,,,,,,,,,
"",176405,5171,-9.42338,147.04372,3,03/08/2020 06:57:06,Argos,0,0,NP,,401650000,03/08/2020 06:56:19,2,1,0,-137,401650000,147.04372,-9.42338,147.04372,-9.42338,50,3,197,452,85,35,339,76,130,5,,,,,,,,,,,,,,,,,,,,,,,,,,,,,
"",176405,5171,-9.42338,147.04372,3,03/08/2020 06:57:06,Argos,0,0,NP,,401650000,03/08/2020 06:56:33,1,1,0,-137,401650000,147.04372,-9.42338,147.04372,-9.42338,50,3,197,452,85,35,339,84,176,138,,,,,,,,,,,,,,,,,,,,,,,,,,,,,
"",176405,5171,-9.42338,147.04372,3,03/08/2020 06:57:06,Argos,0,0,NP,,401650000,03/08/2020 06:57:59,2,1,0,-137,401650000,147.04372,-9.42338,147.04372,-9.42338,50,3,197,452,85,35,339,102,140,0,,,,,,,,,,,,,,,,,,,,,,,,,,,,,
"",176405,5171,-9.42185,147.04505,3,03/09/2020 06:39:56,Argos,0,70,NP,,401677326.34,03/09/2020 06:39:14,1,3,0,-137,401677326.34,147.04505,-9.42185,147.04504,-9.42185,50,3,213,480,94,40,420,72,134,5,,,,,,,,,,,,,,,,,,,,,,,,,,,,,
"",176405,5171,-9.42185,147.04505,3,03/09/2020 06:39:56,Argos,0,70,NP,,401677326.34,03/09/2020 06:40:11,1,3,0,-137,401677326.34,147.04505,-9.42185,147.04504,-9.42185,50,3,213,480,94,40,420,22,75,24,,,,,,,,,,,,,,,,,,,,,,,,,,,,,
"",176405,5171,-9.42185,147.04505,3,03/09/2020 06:39:56,Argos,0,70,NP,,401677326.34,03/09/2020 06:40:25,1,3,0,-137,401677326.34,147.04505,-9.42185,147.04504,-9.42185,50,3,213,480,94,40,420,77,135,5,,,,,,,,,,,,,,,,,,,,,,,,,,,,,
"",176405,5171,-9.42185,147.04505,3,03/09/2020 06:39:56,Argos,0,70,NP,,401677326.34,03/09/2020 06:40:53,1,3,0,-137,401677326.34,147.04505,-9.42185,147.04504,-9.42185,50,3,213,480,94,40,420,84,208,131,220,168,40,58,164,100,154,160,15,147,22,227,24,1,255,255,216,113,255,192,,,,,,,,,
"",176405,5171,-9.42185,147.04505,3,03/09/2020 06:39:56,Argos,0,70,NP,,401677326.34,03/09/2020 06:41:36,1,3,0,-137,401677326.34,147.04505,-9.42185,147.04504,-9.42185,50,3,213,480,94,40,420,22,67,24,,,,,,,,,,,,,,,,,,,,,,,,,,,,,
"",176405,5171,-9.42185,147.04505,3,03/09/2020 06:39:56,Argos,0,70,NP,,401677326.34,03/09/2020 06:41:50,2,3,0,-137,401677326.34,147.04505,-9.42185,147.04504,-9.42185,50,3,213,480,94,40,420,77,135,5,,,,,,,,,,,,,,,,,,,,,,,,,,,,,
"",176405,5171,-9.42185,147.04505,3,03/09/2020 06:39:56,Argos,0,70,NP,,401677326.34,03/09/2020 06:42:47,2,3,0,-137,401677326.34,147.04505,-9.42185,147.04504,-9.42185,50,3,213,480,94,40,420,22,75,24,,,,,,,,,,,,,,,,,,,,,,,,,,,,,
"",176405,5171,-9.42185,147.04505,3,03/09/2020 06:39:56,Argos,0,70,NP,,401677326.34,03/09/2020 06:43:01,1,3,0,-137,401677326.34,147.04505,-9.42185,147.04504,-9.42185,50,3,213,480,94,40,420,77,135,21,,,,,,,,,,,,,,,,,,,,,,,,,,,,,
"",176405,5171,-9.42185,147.04505,3,03/09/2020 06:39:56,Argos,0,70,NP,,401677326.34,03/09/2020 06:43:16,1,3,0,-137,401677326.34,147.04505,-9.42185,147.04504,-9.42185,50,3,213,480,94,40,420,85,123,139,,,,,,,,,,,,,,,,,,,,,,,,,,,,,
"",176405,5171,-9.42185,147.04505,3,03/09/2020 06:39:56,Argos,0,70,NP,,401677326.34,03/09/2020 06:44:41,1,3,0,-137,401677326.34,147.04505,-9.42185,147.04504,-9.42185,50,3,213,480,94,40,420,102,140,0,,,,,,,,,,,,,,,,,,,,,,,,,,,,,
"",176405,5171,-9.42185,147.04505,3,03/09/2020 06:39:56,Argos,0,70,NP,,401677326.34,03/09/2020 06:46:07,1,3,0,-137,401677326.34,147.04505,-9.42185,147.04504,-9.42185,50,3,213,480,94,40,420,10,0,16,,,,,,,,,,,,,,,,,,,,,,,,,,,,,
"",176405,5171,-9.43026,147.04364,1,03/10/2020 06:34:04,Argos,0,314,NP,,401677329.81,03/10/2020 06:28:50,1,5,0,-136,401677329.81,147.04364,-9.43026,147.04364,-9.43026,50,3,682,3103,150,21,1426,10,0,16,,,,,,,,,,,,,,,,,,,,,,,,,,,,,
"",176405,5171,-9.43026,147.04364,1,03/10/2020 06:34:04,Argos,0,314,NP,,401677329.81,03/10/2020 06:29:05,1,5,0,-136,401677329.81,147.04364,-9.43026,147.04364,-9.43026,50,3,682,3103,150,21,1426,93,144,131,220,168,40,58,164,101,25,227,16,21,24,115,24,1,255,255,222,17,255,192,,,,,,,,,
"",176405,5171,-9.4196,147.0429,B,03/10/2020 06:34:04,Argos,0,0,NP,,401677325.5,03/10/2020 06:34:04,1,1,0,-136,401677325.5,147.0429,-9.4196,147.0429,-9.4196,0,3,4982,9391,2643,69,11773,22,75,24,,,,,,,,,,,,,,,,,,,,,,,,,,,,,
"",176405,5171,-9.42629,147.04281,1,03/10/2020 06:41:02,Argos,0,242,SR,,401677321.71,03/10/2020 06:40:29,1,6,0,-134,401677321.71,147.04281,-9.42629,147.04282,-9.42629,56,3,509,1239,209,69,875,73,220,5,,,,,,,,,,,,,,,,,,,,,,,,,,,,,
"",176405,5171,-9.42629,147.04281,1,03/10/2020 06:41:02,Argos,0,242,SR,,401677321.71,03/10/2020 06:40:58,1,6,0,-134,401677321.71,147.04281,-9.42629,147.04282,-9.42629,56,3,509,1239,209,69,875,64,80,131,220,168,40,26,164,101,26,161,79,21,24,215,24,1,255,255,221,177,255,192,,,,,,,,,
"",176405,5171,-9.42629,147.04281,1,03/10/2020 06:41:02,Argos,0,242,SR,,401677321.71,03/10/2020 06:41:12,2,6,0,-134,401677321.71,147.04281,-9.42629,147.04282,-9.42629,56,3,509,1239,209,69,875,102,140,0,,,,,,,,,,,,,,,,,,,,,,,,,,,,,
"",176405,5171,-9.42629,147.04281,1,03/10/2020 06:41:02,Argos,0,242,SR,,401677321.71,03/10/2020 06:43:49,2,6,0,-134,401677321.71,147.04281,-9.42629,147.04282,-9.42629,56,3,509,1239,209,69,875,10,0,16,,,,,,,,,,,,,,,,,,,,,,,,,,,,,
"",176405,5171,-9.42635,147.0368,3,03/13/2020 06:48:09,Argos,0,428,SR,,401677323.52,03/13/2020 06:45:08,1,14,0,-131,401677323.52,147.0368,-9.42635,147.0368,-9.42635,50,3,202,542,74,65,241,102,140,0,,,,,,,,,,,,,,,,,,,,,,,,,,,,,
"",176405,5171,-9.42635,147.0368,3,03/13/2020 06:48:09,Argos,0,428,SR,,401677323.52,03/13/2020 06:46:20,1,14,0,-131,401677323.52,147.0368,-9.42635,147.0368,-9.42635,50,3,202,542,74,65,241,109,139,0,,,,,,,,,,,,,,,,,,,,,,,,,,,,,
"",176405,5171,-9.42635,147.0368,3,03/13/2020 06:48:09,Argos,0,428,SR,,401677323.52,03/13/2020 06:47:02,1,14,0,-131,401677323.52,147.0368,-9.42635,147.0368,-9.42635,50,3,202,542,74,65,241,66,117,5,,,,,,,,,,,,,,,,,,,,,,,,,,,,,
"",176405,5171,-9.42635,147.0368,3,03/13/2020 06:48:09,Argos,0,428,SR,,401677323.52,03/13/2020 06:47:45,1,14,0,-131,401677323.52,147.0368,-9.42635,147.0368,-9.42635,50,3,202,542,74,65,241,138,0,16,,,,,,,,,,,,,,,,,,,,,,,,,,,,,
"",176405,5171,-9.42635,147.0368,3,03/13/2020 06:48:09,Argos,0,428,SR,,401677323.52,03/13/2020 06:48:14,1,14,0,-131,401677323.52,147.0368,-9.42635,147.0368,-9.42635,50,3,202,542,74,65,241,84,208,131,220,168,40,58,164,102,155,21,15,213,31,23,22,1,255,255,215,65,255,192,,,,,,,,,
"",176405,5171,-9.42635,147.0368,3,03/13/2020 06:48:09,Argos,0,428,SR,,401677323.52,03/13/2020 06:48:56,1,14,0,-131,401677323.52,147.0368,-9.42635,147.0368,-9.42635,50,3,202,542,74,65,241,111,152,4,,,,,,,,,,,,,,,,,,,,,,,,,,,,,
"",176405,5171,-9.42635,147.0368,3,03/13/2020 06:48:09,Argos,0,428,SR,,401677323.52,03/13/2020 06:49:10,3,14,0,-131,401677323.52,147.0368,-9.42635,147.0368,-9.42635,50,3,202,542,74,65,241,10,0,16,,,,,,,,,,,,,,,,,,,,,,,,,,,,,
"",176405,5171,-9.42635,147.0368,3,03/13/2020 06:48:09,Argos,0,428,SR,,401677323.52,03/13/2020 06:49:53,1,14,0,-131,401677323.52,147.0368,-9.42635,147.0368,-9.42635,50,3,202,542,74,65,241,81,146,143,,,,,,,,,,,,,,,,,,,,,,,,,,,,,
"",176405,5171,-9.42635,147.0368,3,03/13/2020 06:48:09,Argos,0,428,SR,,401677323.52,03/13/2020 06:50:36,2,14,0,-131,401677323.52,147.0368,-9.42635,147.0368,-9.42635,50,3,202,542,74,65,241,22,75,24,,,,,,,,,,,,,,,,,,,,,,,,,,,,,
"",176405,5171,-9.42635,147.0368,3,03/13/2020 06:48:09,Argos,0,428,SR,,401677323.52,03/13/2020 06:50:50,1,14,0,-131,401677323.52,147.0368,-9.42635,147.0368,-9.42635,50,3,202,542,74,65,241,77,118,5,,,,,,,,,,,,,,,,,,,,,,,,,,,,,
"",176405,5171,-9.42635,147.0368,3,03/13/2020 06:48:09,Argos,0,428,SR,,401677323.52,03/13/2020 06:51:19,1,14,0,-131,401677323.52,147.0368,-9.42635,147.0368,-9.42635,50,3,202,542,74,65,241,109,131,0,,,,,,,,,,,,,,,,,,,,,,,,,,,,,
"",176405,5171,-9.42411,147.04261,3,03/16/2020 06:53:04,Argos,0,399,SR,,401677316.86,03/16/2020 06:50:53,1,14,0,-130,401677316.86,147.04261,-9.42411,147.0426,-9.42411,50,3,127,290,55,64,208,79,157,5,,,,,,,,,,,,,,,,,,,,,,,,,,,,,
"",176405,5171,-9.42411,147.04261,3,03/16/2020 06:53:04,Argos,0,399,SR,,401677316.86,03/16/2020 06:51:22,1,14,0,-130,401677316.86,147.04261,-9.42411,147.0426,-9.42411,50,3,127,290,55,64,208,102,140,0,,,,,,,,,,,,,,,,,,,,,,,,,,,,,
"",176405,5171,-9.42411,147.04261,3,03/16/2020 06:53:04,Argos,0,399,SR,,401677316.86,03/16/2020 06:51:50,1,14,0,-130,401677316.86,147.04261,-9.42411,147.0426,-9.42411,50,3,127,290,55,64,208,90,48,131,220,168,40,58,164,104,27,78,80,21,37,37,24,1,255,255,217,209,255,192,,,,,,,,,
"",176405,5171,-9.42411,147.04261,3,03/16/2020 06:53:04,Argos,0,399,SR,,401677316.86,03/16/2020 06:52:33,1,14,0,-130,401677316.86,147.04261,-9.42411,147.0426,-9.42411,50,3,127,290,55,64,208,93,149,146,,,,,,,,,,,,,,,,,,,,,,,,,,,,,
"",176405,5171,-9.42411,147.04261,3,03/16/2020 06:53:04,Argos,0,399,SR,,401677316.86,03/16/2020 06:52:47,1,14,0,-130,401677316.86,147.04261,-9.42411,147.0426,-9.42411,50,3,127,290,55,64,208,109,139,0,,,,,,,,,,,,,,,,,,,,,,,,,,,,,
"",176405,5171,-9.42411,147.04261,3,03/16/2020 06:53:04,Argos,0,399,SR,,401677316.86,03/16/2020 06:53:01,2,14,0,-130,401677316.86,147.04261,-9.42411,147.0426,-9.42411,50,3,127,290,55,64,208,10,0,16,,,,,,,,,,,,,,,,,,,,,,,,,,,,,
"",176405,5171,-9.42411,147.04261,3,03/16/2020 06:53:04,Argos,0,399,SR,,401677316.86,03/16/2020 06:53:58,1,14,0,-130,401677316.86,147.04261,-9.42411,147.0426,-9.42411,50,3,127,290,55,64,208,98,140,0,,,,,,,,,,,,,,,,,,,,,,,,,,,,,
"",176405,5171,-9.42411,147.04261,3,03/16/2020 06:53:04,Argos,0,399,SR,,401677316.86,03/16/2020 06:54:55,1,14,0,-130,401677316.86,147.04261,-9.42411,147.0426,-9.42411,50,3,127,290,55,64,208,95,159,146,,,,,,,,,,,,,,,,,,,,,,,,,,,,,
"",176405,5171,-9.42411,147.04261,3,03/16/2020 06:53:04,Argos,0,399,SR,,401677316.86,03/16/2020 06:56:49,4,14,0,-130,401677316.86,147.04261,-9.42411,147.0426,-9.42411,50,3,127,290,55,64,208,22,75,24,,,,,,,,,,,,,,,,,,,,,,,,,,,,,
"",176405,5171,-9.42411,147.04261,3,03/16/2020 06:53:04,Argos,0,399,SR,,401677316.86,03/16/2020 06:57:18,1,14,0,-130,401677316.86,147.04261,-9.42411,147.0426,-9.42411,50,3,127,290,55,64,208,81,169,146,,,,,,,,,,,,,,,,,,,,,,,,,,,,,
"",176405,5171,-9.42438,147.04255,B,03/16/2020 06:57:53,Argos,0,14,NP,,401677326.93,03/16/2020 06:57:46,1,2,0,-138,401677326.93,147.04255,-9.42438,147.04256,-9.42438,6,3,335,351,319,72,873,77,144,131,220,168,40,58,164,104,27,173,79,149,37,87,24,1,255,255,217,145,255,192,,,,,,,,,
"",176405,5171,-9.42438,147.04255,B,03/16/2020 06:57:53,Argos,0,14,NP,,401677326.93,03/16/2020 06:58:01,1,2,0,-138,401677326.93,147.04255,-9.42438,147.04256,-9.42438,6,3,335,351,319,72,873,10,0,16,,,,,,,,,,,,,,,,,,,,,,,,,,,,,
"",176405,5171,-9.42328,147.04458,3,03/17/2020 06:46:08,Argos,0,85,NP,,401677321.27,03/17/2020 06:46:23,1,5,0,-130,401677321.27,147.04458,-9.42328,147.04459,-9.42328,50,3,182,479,69,43,325,76,166,5,,,,,,,,,,,,,,,,,,,,,,,,,,,,,
"",176405,5171,-9.42328,147.04458,3,03/17/2020 06:46:08,Argos,0,85,NP,,401677321.27,03/17/2020 06:47:05,1,5,0,-130,401677321.27,147.04458,-9.42328,147.04459,-9.42328,50,3,182,479,69,43,325,10,0,16,,,,,,,,,,,,,,,,,,,,,,,,,,,,,
"",176405,5171,-9.42328,147.04458,3,03/17/2020 06:46:08,Argos,0,85,NP,,401677321.27,03/17/2020 06:47:20,2,5,0,-130,401677321.27,147.04458,-9.42328,147.04459,-9.42328,50,3,182,479,69,43,325,22,75,24,,,,,,,,,,,,,,,,,,,,,,,,,,,,,
"",176405,5171,-9.42328,147.04458,3,03/17/2020 06:46:08,Argos,0,85,NP,,401677321.27,03/17/2020 06:47:34,1,5,0,-130,401677321.27,147.04458,-9.42328,147.04459,-9.42328,50,3,182,479,69,43,325,71,165,5,,,,,,,,,,,,,,,,,,,,,,,,,,,,,
"",176405,5171,-9.42328,147.04458,3,03/17/2020 06:46:08,Argos,0,85,NP,,401677321.27,03/17/2020 06:47:48,1,5,0,-130,401677321.27,147.04458,-9.42328,147.04459,-9.42328,50,3,182,479,69,43,325,91,132,147,,,,,,,,,,,,,,,,,,,,,,,,,,,,,
"",176405,5171,-9.42328,147.04458,3,03/17/2020 06:46:08,Argos,0,85,NP,,401677321.27,03/17/2020 06:48:17,2,5,0,-130,401677321.27,147.04458,-9.42328,147.04459,-9.42328,50,3,182,479,69,43,325,10,0,16,,,,,,,,,,,,,,,,,,,,,,,,,,,,,
"",176405,5171,-9.42328,147.04458,3,03/17/2020 06:46:08,Argos,0,85,NP,,401677321.27,03/17/2020 06:48:59,1,5,0,-130,401677321.27,147.04458,-9.42328,147.04459,-9.42328,50,3,182,479,69,43,325,82,137,147,,,,,,,,,,,,,,,,,,,,,,,,,,,,,
"",176405,5171,-9.42328,147.04458,3,03/17/2020 06:46:08,Argos,0,85,NP,,401677321.27,03/17/2020 06:49:42,1,5,0,-130,401677321.27,147.04458,-9.42328,147.04459,-9.42328,50,3,182,479,69,43,325,69,112,131,220,168,40,58,164,104,155,44,80,19,39,25,24,1,255,255,222,81,255,192,,,,,,,,,
"",176405,5171,-9.42328,147.04458,3,03/17/2020 06:46:08,Argos,0,85,NP,,401677321.27,03/17/2020 06:49:56,4,5,0,-130,401677321.27,147.04458,-9.42328,147.04459,-9.42328,50,3,182,479,69,43,325,22,75,24,,,,,,,,,,,,,,,,,,,,,,,,,,,,,
"",176405,5171,-9.42328,147.04458,3,03/17/2020 06:46:08,Argos,0,85,NP,,401677321.27,03/17/2020 06:50:10,2,5,0,-130,401677321.27,147.04458,-9.42328,147.04459,-9.42328,50,3,182,479,69,43,325,71,165,5,,,,,,,,,,,,,,,,,,,,,,,,,,,,,
"",176405,5171,-9.42328,147.04458,3,03/17/2020 06:46:08,Argos,0,85,NP,,401677321.27,03/17/2020 06:50:25,1,5,0,-130,401677321.27,147.04458,-9.42328,147.04459,-9.42328,50,3,182,479,69,43,325,92,143,147,,,,,,,,,,,,,,,,,,,,,,,,,,,,,
"",176405,5171,-9.42328,147.04458,3,03/17/2020 06:46:08,Argos,0,85,NP,,401677321.27,03/17/2020 06:51:50,1,5,0,-130,401677321.27,147.04458,-9.42328,147.04459,-9.42328,50,3,182,479,69,43,325,102,140,0,,,,,,,,,,,,,,,,,,,,,,,,,,,,,
"",176405,5171,-9.42328,147.04458,3,03/17/2020 06:46:08,Argos,0,85,NP,,401677321.27,03/17/2020 06:52:04,1,5,0,-130,401677321.27,147.04458,-9.42328,147.04459,-9.42328,50,3,182,479,69,43,325,10,2,24,,,,,,,,,,,,,,,,,,,,,,,,,,,,,
"",176405,5171,-9.42328,147.04458,3,03/17/2020 06:46:08,Argos,0,85,NP,,401677321.27,03/17/2020 06:52:33,1,5,0,-130,401677321.27,147.04458,-9.42328,147.04459,-9.42328,50,3,182,479,69,43,325,194,164,5,,,,,,,,,,,,,,,,,,,,,,,,,,,,,
"",176405,5171,-9.42328,147.04458,3,03/17/2020 06:46:08,Argos,0,85,NP,,401677321.27,03/17/2020 06:53:02,1,5,0,-130,401677321.27,147.04458,-9.42328,147.04459,-9.42328,50,3,182,479,69,43,325,109,139,0,,,,,,,,,,,,,,,,,,,,,,,,,,,,,
"",176405,5171,-9.42569,147.04028,B,03/18/2020 06:40:53,Argos,0,228,NP,,401677321.37,03/18/2020 06:37:06,1,2,0,-137,401677321.37,147.04028,-9.42569,147.04028,-9.42569,0,3,2657,39215,180,16,6127,10,0,16,,,,,,,,,,,,,,,,,,,,,,,,,,,,,
"",176405,5171,-9.42492,147.04532,B,03/18/2020 06:40:53,Argos,0,0,NP,,401677321.8,03/18/2020 06:40:54,1,1,0,-137,401677321.8,147.04532,-9.42492,147.04532,-9.42492,0,3,5190,10326,2608,70,11639,10,16,16,,,,,,,,,,,,,,,,,,,,,,,,,,,,,
"",176405,5171,-9.42204,147.03799,B,03/19/2020 06:28:46,Argos,0,0,NP,,401677322.24,03/19/2020 06:28:47,1,1,0,-136,401677322.24,147.03799,-9.42204,147.038,-9.42204,0,3,5642,8315,3828,60,13377,10,0,16,,,,,,,,,,,,,,,,,,,,,,,,,,,,,
"",176405,5171,-9.41678,147.0401,1,03/19/2020 06:56:56,Argos,0,171,SR,,401677323.77,03/19/2020 06:55:07,1,6,0,-129,401677323.77,147.0401,-9.41678,147.0401,-9.41678,66,3,554,2483,123,135,1540,22,107,16,,,,,,,,,,,,,,,,,,,,,,,,,,,,,
"",176405,5171,-9.41678,147.0401,1,03/19/2020 06:56:56,Argos,0,171,SR,,401677323.77,03/19/2020 06:56:47,1,6,0,-129,401677323.77,147.0401,-9.41678,147.0401,-9.41678,66,3,554,2483,123,135,1540,94,135,149,,,,,,,,,,,,,,,,,,,,,,,,,,,,,
"",176405,5171,-9.41678,147.0401,1,03/19/2020 06:56:56,Argos,0,171,SR,,401677323.77,03/19/2020 06:57:01,1,6,0,-129,401677323.77,147.0401,-9.41678,147.0401,-9.41678,66,3,554,2483,123,135,1540,109,139,0,,,,,,,,,,,,,,,,,,,,,,,,,,,,,
"",176405,5171,-9.41678,147.0401,1,03/19/2020 06:56:56,Argos,0,171,SR,,401677323.77,03/19/2020 06:57:16,1,6,0,-129,401677323.77,147.0401,-9.41678,147.0401,-9.41678,66,3,554,2483,123,135,1540,10,0,16,,,,,,,,,,,,,,,,,,,,,,,,,,,,,
"",176405,5171,-9.41678,147.0401,1,03/19/2020 06:56:56,Argos,0,171,SR,,401677323.77,03/19/2020 06:57:30,1,6,0,-129,401677323.77,147.0401,-9.41678,147.0401,-9.41678,66,3,554,2483,123,135,1540,22,75,24,,,,,,,,,,,,,,,,,,,,,,,,,,,,,
"",176405,5171,-9.41678,147.0401,1,03/19/2020 06:56:56,Argos,0,171,SR,,401677323.77,03/19/2020 06:57:58,1,6,0,-129,401677323.77,147.0401,-9.41678,147.0401,-9.41678,66,3,554,2483,123,135,1540,89,172,149,,,,,,,,,,,,,,,,,,,,,,,,,,,,,
"",176405,5171,-9.42177,147.0449,B,03/20/2020 06:29:29,Argos,0,114,SR,,401677323.06,03/20/2020 06:28:33,1,2,0,-135,401677323.06,147.0449,-9.42177,147.0449,-9.42177,0,3,2390,16796,340,61,6756,99,141,1,,,,,,,,,,,,,,,,,,,,,,,,,,,,,
"",176405,5171,-9.42177,147.0449,B,03/20/2020 06:29:29,Argos,0,114,SR,,401677323.06,03/20/2020 06:30:27,1,2,0,-135,401677323.06,147.0449,-9.42177,147.0449,-9.42177,0,3,2390,16796,340,61,6756,22,75,24,,,,,,,,,,,,,,,,,,,,,,,,,,,,,
"",176405,5171,-9.4249,147.04154,B,03/20/2020 23:58:52,Argos,0,0,MC,,401677325.46,03/20/2020 23:58:53,1,1,0,-128,401677325.46,147.04154,-9.4249,147.04153,-9.4249,0,3,4761,5428,4174,65,13463,32,14,128,0,0,0,0,0,0,0,0,118,255,97,243,148,14,96,0,0,0,0,0,0,0,0,90,199,135,255,239,
"",176405,5171,-9.42183,147.05175,1,03/23/2020 06:34:49,Argos,0,200,SR,,401677317.34,03/23/2020 06:34:01,1,7,0,-131,401677317.34,147.05175,-9.42183,147.05174,-9.42183,50,3,970,4107,229,50,1952,102,140,0,,,,,,,,,,,,,,,,,,,,,,,,,,,,,
"",176405,5171,-9.42183,147.05175,1,03/23/2020 06:34:49,Argos,0,200,SR,,401677317.34,03/23/2020 06:34:44,2,7,0,-131,401677317.34,147.05175,-9.42183,147.05174,-9.42183,50,3,970,4107,229,50,1952,67,145,5,,,,,,,,,,,,,,,,,,,,,,,,,,,,,
"",176405,5171,-9.42183,147.05175,1,03/23/2020 06:34:49,Argos,0,200,SR,,401677317.34,03/23/2020 06:34:58,1,7,0,-131,401677317.34,147.05175,-9.42183,147.05174,-9.42183,50,3,970,4107,229,50,1952,90,70,153,,,,,,,,,,,,,,,,,,,,,,,,,,,,,
"",176405,5171,-9.42183,147.05175,1,03/23/2020 06:34:49,Argos,0,200,SR,,401677317.34,03/23/2020 06:35:26,2,7,0,-131,401677317.34,147.05175,-9.42183,147.05174,-9.42183,50,3,970,4107,229,50,1952,10,0,16,,,,,,,,,,,,,,,,,,,,,,,,,,,,,
"",176405,5171,-9.42183,147.05175,1,03/23/2020 06:34:49,Argos,0,200,SR,,401677317.34,03/23/2020 06:36:52,1,7,0,-131,401677317.34,147.05175,-9.42183,147.05174,-9.42183,50,3,970,4107,229,50,1952,22,75,24,,,,,,,,,,,,,,,,,,,,,,,,,,,,,
"",176405,5171,-9.42234,147.04375,2,03/25/2020 06:53:42,Argos,0,84,NP,,401677313.35,03/25/2020 06:53:43,1,5,0,-136,401677313.35,147.04375,-9.42234,147.04375,-9.42234,50,3,424,2250,80,69,736,72,101,5,,,,,,,,,,,,,,,,,,,,,,,,,,,,,
"",176405,5171,-9.42234,147.04375,2,03/25/2020 06:53:42,Argos,0,84,NP,,401677313.35,03/25/2020 06:54:11,2,5,0,-136,401677313.35,147.04375,-9.42234,147.04375,-9.42234,50,3,424,2250,80,69,736,109,139,0,,,,,,,,,,,,,,,,,,,,,,,,,,,,,
"",176405,5171,-9.42234,147.04375,2,03/25/2020 06:53:42,Argos,0,84,NP,,401677313.35,03/25/2020 06:54:25,2,5,0,-136,401677313.35,147.04375,-9.42234,147.04375,-9.42234,50,3,424,2250,80,69,736,10,0,16,,,,,,,,,,,,,,,,,,,,,,,,,,,,,
"",176405,5171,-9.42234,147.04375,2,03/25/2020 06:53:42,Argos,0,84,NP,,401677313.35,03/25/2020 06:55:08,1,5,0,-136,401677313.35,147.04375,-9.42234,147.04375,-9.42234,50,3,424,2250,80,69,736,95,152,155,,,,,,,,,,,,,,,,,,,,,,,,,,,,,
"",176405,5171,-9.42234,147.04375,2,03/25/2020 06:53:42,Argos,0,84,NP,,401677313.35,03/25/2020 06:55:36,1,5,0,-136,401677313.35,147.04375,-9.42234,147.04375,-9.42234,50,3,424,2250,80,69,736,10,0,18,,,,,,,,,,,,,,,,,,,,,,,,,,,,,
"",176405,5171,-9.42234,147.04375,2,03/25/2020 06:53:42,Argos,0,84,NP,,401677313.35,03/25/2020 06:55:51,1,5,0,-136,401677313.35,147.04375,-9.42234,147.04375,-9.42234,50,3,424,2250,80,69,736,22,75,25,,,,,,,,,,,,,,,,,,,,,,,,,,,,,
"",176405,5171,-9.42234,147.04375,2,03/25/2020 06:53:42,Argos,0,84,NP,,401677313.35,03/25/2020 06:56:05,1,5,0,-136,401677313.35,147.04375,-9.42234,147.04375,-9.42234,50,3,424,2250,80,69,736,72,119,5,,,,,,,,,,,,,,,,,,,,,,,,,,,,,
"",176405,5171,-9.42234,147.04375,2,03/25/2020 06:53:42,Argos,0,84,NP,,401677313.35,03/25/2020 06:56:19,1,5,0,-136,401677313.35,147.04375,-9.42234,147.04375,-9.42234,50,3,424,2250,80,69,736,94,157,219,,,,,,,,,,,,,,,,,,,,,,,,,,,,,
"",176405,5171,-9.42234,147.04375,2,03/25/2020 06:53:42,Argos,0,84,NP,,401677313.35,03/25/2020 06:57:02,1,5,0,-136,401677313.35,147.04375,-9.42234,147.04375,-9.42234,50,3,424,2250,80,69,736,22,75,24,,,,,,,,,,,,,,,,,,,,,,,,,,,,,
"",176405,5171,-9.42234,147.04375,2,03/25/2020 06:53:42,Argos,0,84,NP,,401677313.35,03/25/2020 06:57:16,1,5,0,-136,401677313.35,147.04375,-9.42234,147.04375,-9.42234,50,3,424,2250,80,69,736,66,117,5,,,,,,,,,,,,,,,,,,,,,,,,,,,,,
"",176405,5171,-9.42234,147.04375,2,03/25/2020 06:53:42,Argos,0,84,NP,,401677313.35,03/25/2020 06:57:30,1,5,0,-136,401677313.35,147.04375,-9.42234,147.04375,-9.42234,50,3,424,2250,80,69,736,93,162,155,,,,,,,,,,,,,,,,,,,,,,,,,,,,,
"",176405,5171,-9.42234,147.04375,2,03/25/2020 06:53:42,Argos,0,84,NP,,401677313.35,03/25/2020 06:57:45,4,5,0,-136,401677313.35,147.04375,-9.42234,147.04375,-9.42234,50,3,424,2250,80,69,736,109,139,0,,,,,,,,,,,,,,,,,,,,,,,,,,,,,
"",176405,5171,-9.42234,147.04375,2,03/25/2020 06:53:42,Argos,0,84,NP,,401677313.35,03/25/2020 06:57:59,3,5,0,-136,401677313.35,147.04375,-9.42234,147.04375,-9.42234,50,3,424,2250,80,69,736,10,0,16,,,,,,,,,,,,,,,,,,,,,,,,,,,,,
"",176405,5171,-9.42622,147.03876,3,03/26/2020 06:41:07,Argos,0,371,SR,,401677319.69,03/26/2020 06:38:47,1,15,0,-133,401677319.69,147.03876,-9.42622,147.03876,-9.42622,50,3,244,638,93,49,462,64,190,5,,,,,,,,,,,,,,,,,,,,,,,,,,,,,
"",176405,5171,-9.42622,147.03876,3,03/26/2020 06:41:07,Argos,0,371,SR,,401677319.69,03/26/2020 06:39:02,1,15,0,-133,401677319.69,147.03876,-9.42622,147.03876,-9.42622,50,3,244,638,93,49,462,93,78,156,,,,,,,,,,,,,,,,,,,,,,,,,,,,,
"",176405,5171,-9.42622,147.03876,3,03/26/2020 06:41:07,Argos,0,371,SR,,401677319.69,03/26/2020 06:39:30,1,15,0,-133,401677319.69,147.03876,-9.42622,147.03876,-9.42622,50,3,244,638,93,49,462,14,0,16,,,,,,,,,,,,,,,,,,,,,,,,,,,,,
"",176405,5171,-9.42622,147.03876,3,03/26/2020 06:41:07,Argos,0,371,SR,,401677319.69,03/26/2020 06:39:59,1,15,0,-133,401677319.69,147.03876,-9.42622,147.03876,-9.42622,50,3,244,638,93,49,462,79,189,5,,,,,,,,,,,,,,,,,,,,,,,,,,,,,
"",176405,5171,-9.42622,147.03876,3,03/26/2020 06:41:07,Argos,0,371,SR,,401677319.69,03/26/2020 06:40:56,1,15,0,-133,401677319.69,147.03876,-9.42622,147.03876,-9.42622,50,3,244,638,93,49,462,81,144,131,220,168,40,58,164,109,26,160,144,149,56,173,24,1,255,255,219,225,255,192,,,,,,,,,
"",176405,5171,-9.42622,147.03876,3,03/26/2020 06:41:07,Argos,0,371,SR,,401677319.69,03/26/2020 06:41:38,1,15,0,-133,401677319.69,147.03876,-9.42622,147.03876,-9.42622,50,3,244,638,93,49,462,86,89,156,,,,,,,,,,,,,,,,,,,,,,,,,,,,,
"",176405,5171,-9.42304,147.04233,3,03/26/2020 06:42:21,Argos,0,399,NP,,401677324.14,03/26/2020 06:41:53,1,6,0,-135,401677324.14,147.04233,-9.42304,147.04233,-9.42304,56,3,183,451,74,42,336,102,140,0,,,,,,,,,,,,,,,,,,,,,,,,,,,,,
"",176405,5171,-9.42304,147.04233,3,03/26/2020 06:42:21,Argos,0,399,NP,,401677324.14,03/26/2020 06:42:07,1,6,0,-135,401677324.14,147.04233,-9.42304,147.04233,-9.42304,56,3,183,451,74,42,336,10,0,16,,,,,,,,,,,,,,,,,,,,,,,,,,,,,
"",176405,5171,-9.42304,147.04233,3,03/26/2020 06:42:21,Argos,0,399,NP,,401677324.14,03/26/2020 06:42:35,1,6,0,-135,401677324.14,147.04233,-9.42304,147.04233,-9.42304,56,3,183,451,74,42,336,64,190,5,,,,,,,,,,,,,,,,,,,,,,,,,,,,,
"",176405,5171,-9.42304,147.04233,3,03/26/2020 06:42:21,Argos,0,399,NP,,401677324.14,03/26/2020 06:42:50,1,6,0,-135,401677324.14,147.04233,-9.42304,147.04233,-9.42304,56,3,183,451,74,42,336,93,94,156,,,,,,,,,,,,,,,,,,,,,,,,,,,,,
"",176405,5171,-9.42622,147.03876,3,03/26/2020 06:41:07,Argos,0,371,SR,,401677319.69,03/26/2020 06:43:04,4,15,0,-133,401677319.69,147.03876,-9.42622,147.03876,-9.42622,50,3,244,638,93,49,462,102,140,0,,,,,,,,,,,,,,,,,,,,,,,,,,,,,
"",176405,5171,-9.42304,147.04233,3,03/26/2020 06:42:21,Argos,0,399,NP,,401677324.14,03/26/2020 06:43:47,1,6,0,-135,401677324.14,147.04233,-9.42304,147.04233,-9.42304,56,3,183,451,74,42,336,79,189,5,,,,,,,,,,,,,,,,,,,,,,,,,,,,,
"",176405,5171,-9.42622,147.03876,3,03/26/2020 06:41:07,Argos,0,371,SR,,401677319.69,03/26/2020 06:44:29,2,15,0,-133,401677319.69,147.03876,-9.42622,147.03876,-9.42622,50,3,244,638,93,49,462,10,0,16,,,,,,,,,,,,,,,,,,,,,,,,,,,,,
"",176405,5171,-9.42622,147.03876,3,03/26/2020 06:41:07,Argos,0,371,SR,,401677319.69,03/26/2020 06:44:44,3,15,0,-133,401677319.69,147.03876,-9.42622,147.03876,-9.42622,50,3,244,638,93,49,462,22,75,24,,,,,,,,,,,,,,,,,,,,,,,,,,,,,
"",176405,5171,-9.42304,147.04233,3,03/26/2020 06:42:21,Argos,0,399,NP,,401677324.14,03/26/2020 06:44:44,1,6,0,-135,401677324.14,147.04233,-9.42304,147.04233,-9.42304,56,3,183,451,74,42,336,22,11,24,,,,,,,,,,,,,,,,,,,,,,,,,,,,,
"",176405,5171,-9.42304,147.04233,3,03/26/2020 06:42:21,Argos,0,399,NP,,401677324.14,03/26/2020 06:45:12,1,6,0,-135,401677324.14,147.04233,-9.42304,147.04233,-9.42304,56,3,183,451,74,42,336,83,104,156,,,,,,,,,,,,,,,,,,,,,,,,,,,,,
"",176405,5171,-9.42304,147.04233,3,03/26/2020 06:42:21,Argos,0,399,NP,,401677324.14,03/26/2020 06:46:09,2,6,0,-135,401677324.14,147.04233,-9.42304,147.04233,-9.42304,56,3,183,451,74,42,336,64,190,5,,,,,,,,,,,,,,,,,,,,,,,,,,,,,
"",176405,5171,-9.42304,147.04233,3,03/26/2020 06:42:21,Argos,0,399,NP,,401677324.14,03/26/2020 06:46:24,1,6,0,-135,401677324.14,147.04233,-9.42304,147.04233,-9.42304,56,3,183,451,74,42,336,82,109,156,,,,,,,,,,,,,,,,,,,,,,,,,,,,,
"",176405,5171,-9.42304,147.04233,3,03/26/2020 06:42:21,Argos,0,399,NP,,401677324.14,03/26/2020 06:46:38,3,6,0,-135,401677324.14,147.04233,-9.42304,147.04233,-9.42304,56,3,183,451,74,42,336,102,140,0,,,,,,,,,,,,,,,,,,,,,,,,,,,,,
"",176405,5171,-9.42304,147.04233,3,03/26/2020 06:42:21,Argos,0,399,NP,,401677324.14,03/26/2020 06:47:06,3,6,0,-135,401677324.14,147.04233,-9.42304,147.04233,-9.42304,56,3,183,451,74,42,336,10,0,16,,,,,,,,,,,,,,,,,,,,,,,,,,,,,
"",176405,5171,-9.42304,147.04233,3,03/26/2020 06:42:21,Argos,0,399,NP,,401677324.14,03/26/2020 06:47:35,1,6,0,-135,401677324.14,147.04233,-9.42304,147.04233,-9.42304,56,3,183,451,74,42,336,74,188,5,,,,,,,,,,,,,,,,,,,,,,,,,,,,,
"",176405,5171,-9.42304,147.04233,3,03/26/2020 06:42:21,Argos,0,399,NP,,401677324.14,03/26/2020 06:48:32,1,6,0,-135,401677324.14,147.04233,-9.42304,147.04233,-9.42304,56,3,183,451,74,42,336,22,75,24,,,,,,,,,,,,,,,,,,,,,,,,,,,,,
"",176405,5171,-9.44117,147.02002,0,03/27/2020 06:32:43,Argos,0,171,NP,,401677332.38,03/27/2020 06:31:25,1,6,0,-136,401677332.38,147.02002,-9.44117,147.02002,-9.44117,50,3,1817,16191,203,48,3782,64,174,5,,,,,,,,,,,,,,,,,,,,,,,,,,,,,
"",176405,5171,-9.44117,147.02002,0,03/27/2020 06:32:43,Argos,0,171,NP,,401677332.38,03/27/2020 06:31:39,1,6,0,-136,401677332.38,147.02002,-9.44117,147.02002,-9.44117,50,3,1817,16191,203,48,3782,84,51,157,,,,,,,,,,,,,,,,,,,,,,,,,,,,,
"",176405,5171,-9.44117,147.02002,0,03/27/2020 06:32:43,Argos,0,171,NP,,401677332.38,03/27/2020 06:31:53,1,6,0,-136,401677332.38,147.02002,-9.44117,147.02002,-9.44117,50,3,1817,16191,203,48,3782,102,140,0,,,,,,,,,,,,,,,,,,,,,,,,,,,,,
"",176405,5171,-9.44117,147.02002,0,03/27/2020 06:32:43,Argos,0,171,NP,,401677332.38,03/27/2020 06:33:05,1,6,0,-136,401677332.38,147.02002,-9.44117,147.02002,-9.44117,50,3,1817,16191,203,48,3782,86,57,189,,,,,,,,,,,,,,,,,,,,,,,,,,,,,
"",176405,5171,-9.44117,147.02002,0,03/27/2020 06:32:43,Argos,0,171,NP,,401677332.38,03/27/2020 06:34:02,1,6,0,-136,401677332.38,147.02002,-9.44117,147.02002,-9.44117,50,3,1817,16191,203,48,3782,79,237,5,,,,,,,,,,,,,,,,,,,,,,,,,,,,,
"",176405,5171,-9.44117,147.02002,0,03/27/2020 06:32:43,Argos,0,171,NP,,401677332.38,03/27/2020 06:34:16,1,6,0,-136,401677332.38,147.02002,-9.44117,147.02002,-9.44117,50,3,1817,16191,203,48,3782,93,62,157,,,,,,,,,,,,,,,,,,,,,,,,,,,,,
"",176405,5171,,,,,,,0,MC,,401650000,03/29/2020 00:39:22,1,1,0,-125,401650000,,,,,,,,,,,,32,15,128,0,0,0,0,0,0,0,0,255,127,129,54,251,15,96,0,0,0,0,0,0,0,0,0,204,116,255,173,
"",176405,5171,-9.42476,147.04316,3,03/29/2020 06:46:56,Argos,0,484,SR,,401677322.69,03/29/2020 06:45:54,1,8,0,-131,401677322.69,147.04316,-9.42476,147.04317,-9.42476,50,3,179,308,103,52,384,102,140,0,,,,,,,,,,,,,,,,,,,,,,,,,,,,,
"",176405,5171,-9.42476,147.04316,3,03/29/2020 06:46:56,Argos,0,484,SR,,401677322.69,03/29/2020 06:46:08,1,8,0,-131,401677322.69,147.04316,-9.42476,147.04317,-9.42476,50,3,179,308,103,52,384,11,0,16,,,,,,,,,,,,,,,,,,,,,,,,,,,,,
"",176405,5171,-9.42476,147.04316,3,03/29/2020 06:46:56,Argos,0,484,SR,,401677322.69,03/29/2020 06:46:37,1,8,0,-131,401677322.69,147.04316,-9.42476,147.04317,-9.42476,50,3,179,308,103,52,384,70,176,5,,,,,,,,,,,,,,,,,,,,,,,,,,,,,
"",176405,5171,-9.42476,147.04316,3,03/29/2020 06:46:56,Argos,0,484,SR,,401677322.69,03/29/2020 06:47:05,3,8,0,-131,401677322.69,147.04316,-9.42476,147.04317,-9.42476,50,3,179,308,103,52,384,109,139,0,,,,,,,,,,,,,,,,,,,,,,,,,,,,,
"",176405,5171,-9.42476,147.04316,3,03/29/2020 06:46:56,Argos,0,484,SR,,401677322.69,03/29/2020 06:49:56,1,8,0,-131,401677322.69,147.04316,-9.42476,147.04317,-9.42476,50,3,179,308,103,52,384,10,0,16,,,,,,,,,,,,,,,,,,,,,,,,,,,,,
"",176405,5171,-9.42476,147.04316,3,03/29/2020 06:46:56,Argos,0,484,SR,,401677322.69,03/29/2020 06:51:36,1,8,0,-131,401677322.69,147.04316,-9.42476,147.04317,-9.42476,50,3,179,308,103,52,384,64,174,5,,,,,,,,,,,,,,,,,,,,,,,,,,,,,
"",176405,5171,,,,,,,0,MC,,401650000,03/30/2020 23:58:53,1,1,0,-129,401650000,,,,,,,,,,,,32,15,192,0,0,0,0,0,0,0,0,183,255,188,126,207,15,160,0,0,0,0,0,0,0,0,78,255,178,246,8,
"",176405,5171,-9.42345,147.04475,3,04/01/2020 06:53:17,Argos,0,527,SR,,401677315.71,04/01/2020 06:49:13,1,22,0,-129,401677315.71,147.04475,-9.42345,147.04475,-9.42345,50,3,110,157,77,42,111,77,151,5,,,,,,,,,,,,,,,,,,,,,,,,,,,,,
"",176405,5171,-9.42345,147.04475,3,04/01/2020 06:53:17,Argos,0,527,SR,,401677315.71,04/01/2020 06:49:27,1,22,0,-129,401677315.71,147.04475,-9.42345,147.04475,-9.42345,50,3,110,157,77,42,111,86,115,162,,,,,,,,,,,,,,,,,,,,,,,,,,,,,
"",176405,5171,-9.42345,147.04475,3,04/01/2020 06:53:17,Argos,0,527,SR,,401677315.71,04/01/2020 06:51:36,1,22,0,-129,401677315.71,147.04475,-9.42345,147.04475,-9.42345,50,3,110,157,77,42,111,72,214,5,,,,,,,,,,,,,,,,,,,,,,,,,,,,,
"",176405,5171,-9.42345,147.04475,3,04/01/2020 06:53:17,Argos,0,527,SR,,401677315.71,04/01/2020 06:51:50,1,22,0,-129,401677315.71,147.04475,-9.42345,147.04475,-9.42345,50,3,110,157,77,42,111,75,240,131,220,168,40,58,164,96,155,78,80,213,68,251,24,1,255,255,217,97,255,192,,,,,,,,,
"",176405,5171,-9.42345,147.04475,3,04/01/2020 06:53:17,Argos,0,527,SR,,401677315.71,04/01/2020 06:52:04,1,22,0,-129,401677315.71,147.04475,-9.42345,147.04475,-9.42345,50,3,110,157,77,42,111,95,126,162,,,,,,,,,,,,,,,,,,,,,,,,,,,,,
"",176405,5171,-9.42345,147.04475,3,04/01/2020 06:53:17,Argos,0,527,SR,,401677315.71,04/01/2020 06:52:32,1,22,0,-129,401677315.71,147.04475,-9.42345,147.04475,-9.42345,50,3,110,157,77,42,111,10,0,16,,,,,,,,,,,,,,,,,,,,,,,,,,,,,
"",176405,5171,-9.42345,147.04475,3,04/01/2020 06:53:17,Argos,0,527,SR,,401677315.71,04/01/2020 06:53:15,1,22,0,-129,401677315.71,147.04475,-9.42345,147.04475,-9.42345,50,3,110,157,77,42,111,83,131,162,,,,,,,,,,,,,,,,,,,,,,,,,,,,,
"",176405,5171,-9.42345,147.04475,3,04/01/2020 06:53:17,Argos,0,527,SR,,401677315.71,04/01/2020 06:54:12,1,22,0,-129,401677315.71,147.04475,-9.42345,147.04475,-9.42345,50,3,110,157,77,42,111,71,149,5,,,,,,,,,,,,,,,,,,,,,,,,,,,,,
"",176405,5171,-9.42345,147.04475,3,04/01/2020 06:53:17,Argos,0,527,SR,,401677315.71,04/01/2020 06:54:26,1,22,0,-129,401677315.71,147.04475,-9.42345,147.04475,-9.42345,50,3,110,157,77,42,111,84,136,162,,,,,,,,,,,,,,,,,,,,,,,,,,,,,
"",176405,5171,-9.42345,147.04475,3,04/01/2020 06:53:17,Argos,0,527,SR,,401677315.71,04/01/2020 06:55:52,4,22,0,-129,401677315.71,147.04475,-9.42345,147.04475,-9.42345,50,3,110,157,77,42,111,102,140,0,,,,,,,,,,,,,,,,,,,,,,,,,,,,,
"",176405,5171,-9.42345,147.04475,3,04/01/2020 06:53:17,Argos,0,527,SR,,401677315.71,04/01/2020 06:56:49,1,22,0,-129,401677315.71,147.04475,-9.42345,147.04475,-9.42345,50,3,110,157,77,42,111,86,146,162,,,,,,,,,,,,,,,,,,,,,,,,,,,,,
"",176405,5171,-9.42345,147.04475,3,04/01/2020 06:53:17,Argos,0,527,SR,,401677315.71,04/01/2020 06:57:32,6,22,0,-129,401677315.71,147.04475,-9.42345,147.04475,-9.42345,50,3,110,157,77,42,111,22,75,24,,,,,,,,,,,,,,,,,,,,,,,,,,,,,
"",176405,5171,-9.42345,147.04475,3,04/01/2020 06:53:17,Argos,0,527,SR,,401677315.71,04/01/2020 06:58:00,2,22,0,-129,401677315.71,147.04475,-9.42345,147.04475,-9.42345,50,3,110,157,77,42,111,73,147,5,,,,,,,,,,,,,,,,,,,,,,,,,,,,,
"",176405,5171,-9.4233,147.04298,3,04/03/2020 06:49:15,Argos,0,70,NP,,401677318.41,04/03/2020 06:48:45,1,5,0,-133,401677318.41,147.04298,-9.4233,147.04298,-9.4233,50,3,161,346,74,34,248,102,140,0,,,,,,,,,,,,,,,,,,,,,,,,,,,,,
"",176405,5171,-9.4233,147.04298,3,04/03/2020 06:49:15,Argos,0,70,NP,,401677318.41,04/03/2020 06:48:59,1,5,0,-133,401677318.41,147.04298,-9.4233,147.04298,-9.4233,50,3,161,346,74,34,248,10,0,16,,,,,,,,,,,,,,,,,,,,,,,,,,,,,
"",176405,5171,-9.4233,147.04298,3,04/03/2020 06:49:15,Argos,0,70,NP,,401677318.41,04/03/2020 06:49:13,1,5,0,-133,401677318.41,147.04298,-9.4233,147.04298,-9.4233,50,3,161,346,74,34,248,22,75,24,,,,,,,,,,,,,,,,,,,,,,,,,,,,,
"",176405,5171,-9.4233,147.04298,3,04/03/2020 06:49:15,Argos,0,70,NP,,401677318.41,04/03/2020 06:49:27,1,5,0,-133,401677318.41,147.04298,-9.4233,147.04298,-9.4233,50,3,161,346,74,34,248,64,158,5,,,,,,,,,,,,,,,,,,,,,,,,,,,,,
"",176405,5171,-9.4233,147.04298,3,04/03/2020 06:49:15,Argos,0,70,NP,,401677318.41,04/03/2020 06:49:56,1,5,0,-133,401677318.41,147.04298,-9.4233,147.04298,-9.4233,50,3,161,346,74,34,248,89,114,164,,,,,,,,,,,,,,,,,,,,,,,,,,,,,
"",176405,5171,-9.4233,147.04298,3,04/03/2020 06:49:15,Argos,0,70,NP,,401677318.41,04/03/2020 06:50:24,2,5,0,-133,401677318.41,147.04298,-9.4233,147.04298,-9.4233,50,3,161,346,74,34,248,10,0,16,,,,,,,,,,,,,,,,,,,,,,,,,,,,,
"",176405,5171,-9.4233,147.04298,3,04/03/2020 06:49:15,Argos,0,70,NP,,401677318.41,04/03/2020 06:52:04,2,5,0,-133,401677318.41,147.04298,-9.4233,147.04298,-9.4233,50,3,161,346,74,34,248,79,157,5,,,,,,,,,,,,,,,,,,,,,,,,,,,,,
"",176405,5171,-9.4233,147.04298,3,04/03/2020 06:49:15,Argos,0,70,NP,,401677318.41,04/03/2020 06:52:18,1,5,0,-133,401677318.41,147.04298,-9.4233,147.04298,-9.4233,50,3,161,346,74,34,248,95,124,164,,,,,,,,,,,,,,,,,,,,,,,,,,,,,
"",176405,5171,-9.4233,147.04298,3,04/03/2020 06:49:15,Argos,0,70,NP,,401677318.41,04/03/2020 06:52:32,1,5,0,-133,401677318.41,147.04298,-9.4233,147.04298,-9.4233,50,3,161,346,74,34,248,102,141,0,,,,,,,,,,,,,,,,,,,,,,,,,,,,,
"",176405,5171,-9.4233,147.04298,3,04/03/2020 06:49:15,Argos,0,70,NP,,401677318.41,04/03/2020 06:53:15,1,5,0,-133,401677318.41,147.04298,-9.4233,147.04298,-9.4233,50,3,161,346,74,34,248,74,156,5,,,,,,,,,,,,,,,,,,,,,,,,,,,,,
"",176405,5171,-9.4233,147.04298,3,04/03/2020 06:49:15,Argos,0,70,NP,,401677318.41,04/03/2020 06:54:26,1,5,0,-133,401677318.41,147.04298,-9.4233,147.04298,-9.4233,50,3,161,346,74,34,248,65,155,149,,,,,,,,,,,,,,,,,,,,,,,,,,,,,
"",176405,5171,-9.4233,147.04298,3,04/03/2020 06:49:15,Argos,0,70,NP,,401677318.41,04/03/2020 06:54:55,2,5,0,-133,401677318.41,147.04298,-9.4233,147.04298,-9.4233,50,3,161,346,74,34,248,102,140,0,,,,,,,,,,,,,,,,,,,,,,,,,,,,,
"",176405,5171,-9.4233,147.04298,3,04/03/2020 06:49:15,Argos,0,70,NP,,401677318.41,04/03/2020 06:55:23,3,5,0,-133,401677318.41,147.04298,-9.4233,147.04298,-9.4233,50,3,161,346,74,34,248,22,75,24,,,,,,,,,,,,,,,,,,,,,,,,,,,,,
"",176405,5171,-9.4233,147.04298,3,04/03/2020 06:49:15,Argos,0,70,NP,,401677318.41,04/03/2020 06:55:38,1,5,0,-133,401677318.41,147.04298,-9.4233,147.04298,-9.4233,50,3,161,346,74,34,248,66,80,131,220,168,40,58,164,97,147,139,18,145,73,21,20,33,255,255,201,1,255,198,,,,,,,,,
"",176405,5171,-9.4233,147.04298,3,04/03/2020 06:49:15,Argos,0,70,NP,,401677318.41,04/03/2020 06:55:52,1,5,0,-133,401677318.41,147.04298,-9.4233,147.04298,-9.4233,50,3,161,346,74,34,248,65,155,5,,,,,,,,,,,,,,,,,,,,,,,,,,,,,
"",176405,5171,-9.4233,147.04298,3,04/03/2020 06:49:15,Argos,0,70,NP,,401677318.41,04/03/2020 06:56:20,1,5,0,-133,401677318.41,147.04298,-9.4233,147.04298,-9.4233,50,3,161,346,74,34,248,109,139,0,,,,,,,,,,,,,,,,,,,,,,,,,,,,,
"",176405,5171,-9.41356,147.05478,B,04/04/2020 06:37:35,Argos,0,356,NP,,401677320,04/04/2020 06:37:35,1,2,0,-136,401677320,147.05478,-9.41356,147.05478,-9.41356,0,3,3439,80979,146,32,7308,73,179,5,,,,,,,,,,,,,,,,,,,,,,,,,,,,,
"",176405,5171,-9.429,147.04426,2,04/04/2020 06:37:35,Argos,0,356,NP,,401677324.83,04/04/2020 06:39:01,1,6,0,-134,401677324.83,147.04426,-9.429,147.04427,-9.429,50,3,447,1157,172,29,776,91,71,165,,,,,,,,,,,,,,,,,,,,,,,,,,,,,
"",176405,5171,-9.429,147.04426,2,04/04/2020 06:37:35,Argos,0,356,NP,,401677324.83,04/04/2020 06:39:29,1,6,0,-134,401677324.83,147.04426,-9.429,147.04427,-9.429,50,3,447,1157,172,29,776,10,16,16,,,,,,,,,,,,,,,,,,,,,,,,,,,,,
"",176405,5171,-9.429,147.04426,2,04/04/2020 06:37:35,Argos,0,356,NP,,401677324.83,04/04/2020 06:39:58,2,6,0,-134,401677324.83,147.04426,-9.429,147.04427,-9.429,50,3,447,1157,172,29,776,73,179,5,,,,,,,,,,,,,,,,,,,,,,,,,,,,,
"",176405,5171,-9.41356,147.05478,B,04/04/2020 06:37:35,Argos,0,356,NP,,401677320,04/04/2020 06:43:31,1,2,0,-136,401677320,147.05478,-9.41356,147.05478,-9.41356,0,3,3439,80979,146,32,7308,22,75,24,,,,,,,,,,,,,,,,,,,,,,,,,,,,,
"",176405,5171,-9.4283,147.04421,B,04/04/2020 06:55:52,Argos,0,0,SR,,401677321.13,04/04/2020 06:55:52,1,1,0,-133,401677321.13,147.04421,-9.4283,147.0442,-9.4283,6,3,883,1000,778,36,1809,22,75,24,,,,,,,,,,,,,,,,,,,,,,,,,,,,,
"",176405,5171,-9.42678,147.04116,0,04/05/2020 06:29:55,Argos,0,142,SR,,401677315.31,04/05/2020 06:28:48,1,4,0,-136,401677315.31,147.04116,-9.42678,147.04115,-9.42678,60,3,1911,16538,220,55,5400,77,167,5,,,,,,,,,,,,,,,,,,,,,,,,,,,,,
"",176405,5171,-9.42678,147.04116,0,04/05/2020 06:29:55,Argos,0,142,SR,,401677315.31,04/05/2020 06:29:02,1,4,0,-136,401677315.31,147.04116,-9.42678,147.04115,-9.42678,60,3,1911,16538,220,55,5400,93,23,166,,,,,,,,,,,,,,,,,,,,,,,,,,,,,
"",176405,5171,-9.42678,147.04116,0,04/05/2020 06:29:55,Argos,0,142,SR,,401677315.31,04/05/2020 06:30:42,1,4,0,-136,401677315.31,147.04116,-9.42678,147.04115,-9.42678,60,3,1911,16538,220,55,5400,70,140,0,,,,,,,,,,,,,,,,,,,,,,,,,,,,,
"",176405,5171,-9.42678,147.04116,0,04/05/2020 06:29:55,Argos,0,142,SR,,401677315.31,04/05/2020 06:31:10,1,4,0,-136,401677315.31,147.04116,-9.42678,147.04115,-9.42678,60,3,1911,16538,220,55,5400,22,75,24,,,,,,,,,,,,,,,,,,,,,,,,,,,,,
"",176405,5171,-9.4265,147.04128,0,04/05/2020 06:31:53,Argos,0,42,NP,,401677319.87,04/05/2020 06:31:10,1,4,0,-136,401677319.87,147.04128,-9.4265,147.04128,-9.4265,56,3,1756,4870,632,56,2128,22,107,24,,,,,,,,,,,,,,,,,,,,,,,,,,,,,
"",176405,5171,-9.4265,147.04128,0,04/05/2020 06:31:53,Argos,0,42,NP,,401677319.87,04/05/2020 06:31:25,1,4,0,-136,401677319.87,147.04128,-9.4265,147.04128,-9.4265,56,3,1756,4870,632,56,2128,72,166,5,,,,,,,,,,,,,,,,,,,,,,,,,,,,,
"",176405,5171,-9.4265,147.04128,0,04/05/2020 06:31:53,Argos,0,42,NP,,401677319.87,04/05/2020 06:31:39,1,4,0,-136,401677319.87,147.04128,-9.4265,147.04128,-9.4265,56,3,1756,4870,632,56,2128,92,34,166,,,,,,,,,,,,,,,,,,,,,,,,,,,,,
"",176405,5171,-9.42321,147.04232,B,04/05/2020 06:31:53,Argos,0,0,NP,,401677318.7,04/05/2020 06:31:53,1,1,0,-137,401677318.7,147.04232,-9.42321,147.04231,-9.42321,0,3,5158,9332,2851,70,11898,102,140,0,,,,,,,,,,,,,,,,,,,,,,,,,,,,,
"",176405,5171,,,,,,,0,MA,,401650000,04/07/2020 23:58:53,1,1,0,-133,401650000,,,,,,,,,,,,32,16,224,0,0,0,8,32,0,0,0,17,152,252,127,31,7,236,33,245,147,28,125,248,126,6,220,57,148,24,100,
"",176405,5171,-9.4257,147.04205,2,04/08/2020 06:35:32,Argos,0,285,SR,,401677313.98,04/08/2020 06:34:29,1,9,0,-131,401677313.98,147.04205,-9.4257,147.04205,-9.4257,50,3,261,930,73,63,680,84,47,169,,,,,,,,,,,,,,,,,,,,,,,,,,,,,
"",176405,5171,-9.4257,147.04205,2,04/08/2020 06:35:32,Argos,0,285,SR,,401677313.98,04/08/2020 06:34:43,1,9,0,-131,401677313.98,147.04205,-9.4257,147.04205,-9.4257,50,3,261,930,73,63,680,102,140,0,,,,,,,,,,,,,,,,,,,,,,,,,,,,,
"",176405,5171,-9.4257,147.04205,2,04/08/2020 06:35:32,Argos,0,285,SR,,401677313.98,04/08/2020 06:35:26,2,9,0,-131,401677313.98,147.04205,-9.4257,147.04205,-9.4257,50,3,261,930,73,63,680,64,142,5,,,,,,,,,,,,,,,,,,,,,,,,,,,,,
"",176405,5171,-9.4257,147.04205,2,04/08/2020 06:35:32,Argos,0,285,SR,,401677313.98,04/08/2020 06:35:40,1,9,0,-131,401677313.98,147.04205,-9.4257,147.04205,-9.4257,50,3,261,930,73,63,680,83,52,169,,,,,,,,,,,,,,,,,,,,,,,,,,,,,
"",176405,5171,-9.4257,147.04205,2,04/08/2020 06:35:32,Argos,0,285,SR,,401677313.98,04/08/2020 06:36:09,2,9,0,-131,401677313.98,147.04205,-9.4257,147.04205,-9.4257,50,3,261,930,73,63,680,10,0,16,,,,,,,,,,,,,,,,,,,,,,,,,,,,,
"",176405,5171,-9.4257,147.04205,2,04/08/2020 06:35:32,Argos,0,285,SR,,401677313.98,04/08/2020 06:39:00,2,9,0,-131,401677313.98,147.04205,-9.4257,147.04205,-9.4257,50,3,261,930,73,63,680,22,75,24,,,,,,,,,,,,,,,,,,,,,,,,,,,,,
"",176405,5171,-9.42625,147.04128,3,04/11/2020 06:42:25,Argos,0,413,SR,,401677314.41,04/11/2020 06:39:13,1,12,0,-133,401677314.41,147.04128,-9.42625,147.04128,-9.42625,50,3,201,552,72,55,271,150,75,24,,,,,,,,,,,,,,,,,,,,,,,,,,,,,
"",176405,5171,-9.42625,147.04128,3,04/11/2020 06:42:25,Argos,0,413,SR,,401677314.41,04/11/2020 06:39:28,1,12,0,-133,401677314.41,147.04128,-9.42625,147.04128,-9.42625,50,3,201,552,72,55,271,73,131,5,,,,,,,,,,,,,,,,,,,,,,,,,,,,,
"",176405,5171,-9.42625,147.04128,3,04/11/2020 06:42:25,Argos,0,413,SR,,401677314.41,04/11/2020 06:40:53,1,12,0,-133,401677314.41,147.04128,-9.42625,147.04128,-9.42625,50,3,201,552,72,55,271,91,240,131,220,168,40,58,164,101,154,160,16,85,88,131,24,1,255,255,216,33,255,192,,,,,,,,,
"",176405,5171,-9.42625,147.04128,3,04/11/2020 06:42:25,Argos,0,413,SR,,401677314.41,04/11/2020 06:41:07,1,12,0,-133,401677314.41,147.04128,-9.42625,147.04128,-9.42625,50,3,201,552,72,55,271,81,82,174,,,,,,,,,,,,,,,,,,,,,,,,,,,,,
"",176405,5171,-9.42625,147.04128,3,04/11/2020 06:42:25,Argos,0,413,SR,,401677314.41,04/11/2020 06:45:09,3,12,0,-133,401677314.41,147.04128,-9.42625,147.04128,-9.42625,50,3,201,552,72,55,271,10,0,16,,,,,,,,,,,,,,,,,,,,,,,,,,,,,
"",176405,5171,-9.42625,147.04128,3,04/11/2020 06:42:25,Argos,0,413,SR,,401677314.41,04/11/2020 06:45:24,1,12,0,-133,401677314.41,147.04128,-9.42625,147.04128,-9.42625,50,3,201,552,72,55,271,22,75,24,,,,,,,,,,,,,,,,,,,,,,,,,,,,,
"",176405,5171,-9.42625,147.04128,3,04/11/2020 06:42:25,Argos,0,413,SR,,401677314.41,04/11/2020 06:46:06,4,12,0,-133,401677314.41,147.04128,-9.42625,147.04128,-9.42625,50,3,201,552,72,55,271,102,140,0,,,,,,,,,,,,,,,,,,,,,,,,,,,,,
"",176405,5171,-9.42498,147.0414,2,04/11/2020 06:55:35,Argos,0,98,NP,,401677318.62,04/11/2020 06:55:22,1,5,0,-137,401677318.62,147.0414,-9.42498,147.0414,-9.42498,56,3,393,1056,146,90,1073,18,75,24,,,,,,,,,,,,,,,,,,,,,,,,,,,,,
"",176405,5171,-9.42498,147.0414,2,04/11/2020 06:55:35,Argos,0,98,NP,,401677318.62,04/11/2020 06:55:36,1,5,0,-137,401677318.62,147.0414,-9.42498,147.0414,-9.42498,56,3,393,1056,146,90,1073,76,130,5,,,,,,,,,,,,,,,,,,,,,,,,,,,,,
"",176405,5171,-9.42498,147.0414,2,04/11/2020 06:55:35,Argos,0,98,NP,,401677318.62,04/11/2020 06:55:50,1,5,0,-137,401677318.62,147.0414,-9.42498,147.0414,-9.42498,56,3,393,1056,146,90,1073,94,128,172,,,,,,,,,,,,,,,,,,,,,,,,,,,,,
"",176405,5171,-9.42498,147.0414,2,04/11/2020 06:55:35,Argos,0,98,NP,,401677318.62,04/11/2020 06:56:33,1,5,0,-137,401677318.62,147.0414,-9.42498,147.0414,-9.42498,56,3,393,1056,146,90,1073,150,75,24,,,,,,,,,,,,,,,,,,,,,,,,,,,,,
"",176405,5171,-9.42498,147.0414,2,04/11/2020 06:55:35,Argos,0,98,NP,,401677318.62,04/11/2020 06:57:01,1,5,0,-137,401677318.62,147.0414,-9.42498,147.0414,-9.42498,56,3,393,1056,146,90,1073,95,133,172,,,,,,,,,,,,,,,,,,,,,,,,,,,,,
"",176405,5171,-9.42498,147.0414,2,04/11/2020 06:55:35,Argos,0,98,NP,,401677318.62,04/11/2020 06:57:30,1,5,0,-137,401677318.62,147.0414,-9.42498,147.0414,-9.42498,56,3,393,1056,146,90,1073,10,0,16,,,,,,,,,,,,,,,,,,,,,,,,,,,,,
"",176405,5171,-9.42498,147.0414,2,04/11/2020 06:55:35,Argos,0,98,NP,,401677318.62,04/11/2020 06:57:44,1,5,0,-137,401677318.62,147.0414,-9.42498,147.0414,-9.42498,56,3,393,1056,146,90,1073,22,75,24,,,,,,,,,,,,,,,,,,,,,,,,,,,,,
"",176405,5171,-9.42498,147.0414,2,04/11/2020 06:55:35,Argos,0,98,NP,,401677318.62,04/11/2020 06:57:58,1,5,0,-137,401677318.62,147.0414,-9.42498,147.0414,-9.42498,56,3,393,1056,146,90,1073,67,129,5,,,,,,,,,,,,,,,,,,,,,,,,,,,,,
"",176405,5171,-9.43986,147.05154,B,04/11/2020 23:58:53,Argos,0,0,MB,,401677327.21,04/11/2020 23:58:53,1,1,0,-122,401677327.21,147.05154,-9.43986,147.05154,-9.43986,0,3,4058,4881,3373,59,11474,32,17,96,0,0,0,0,0,0,0,0,0,253,179,255,182,17,64,0,0,0,0,0,0,0,0,33,208,120,255,56,
"",176405,5171,-9.42519,147.04167,3,04/12/2020 06:44:37,Argos,0,56,NP,,401677318.33,04/12/2020 06:44:12,1,4,0,-138,401677318.33,147.04167,-9.42519,147.04167,-9.42519,58,3,235,587,94,40,428,22,75,24,,,,,,,,,,,,,,,,,,,,,,,,,,,,,
"",176405,5171,-9.42519,147.04167,3,04/12/2020 06:44:37,Argos,0,56,NP,,401677318.33,04/12/2020 06:44:27,1,4,0,-138,401677318.33,147.04167,-9.42519,147.04167,-9.42519,58,3,235,587,94,40,428,80,176,131,220,168,40,58,164,102,26,216,80,19,90,169,24,1,255,255,216,65,253,192,,,,,,,,,
"",176405,5171,-9.42519,147.04167,3,04/12/2020 06:44:37,Argos,0,56,NP,,401677318.33,04/12/2020 06:44:41,1,4,0,-138,401677318.33,147.04167,-9.42519,147.04167,-9.42519,58,3,235,587,94,40,428,66,132,5,,,,,,,,,,,,,,,,,,,,,,,,,,,,,
"",176405,5171,-9.42519,147.04167,3,04/12/2020 06:44:37,Argos,0,56,NP,,401677318.33,04/12/2020 06:45:09,1,4,0,-138,401677318.33,147.04167,-9.42519,147.04167,-9.42519,58,3,235,587,94,40,428,102,140,0,,,,,,,,,,,,,,,,,,,,,,,,,,,,,
"",176405,5171,-9.42519,147.04167,3,04/12/2020 06:44:37,Argos,0,56,NP,,401677318.33,04/12/2020 06:46:06,1,4,0,-138,401677318.33,147.04167,-9.42519,147.04167,-9.42519,58,3,235,587,94,40,428,95,91,173,,,,,,,,,,,,,,,,,,,,,,,,,,,,,
"",176405,5171,-9.42519,147.04167,3,04/12/2020 06:44:37,Argos,0,56,NP,,401677318.33,04/12/2020 06:46:49,2,4,0,-138,401677318.33,147.04167,-9.42519,147.04167,-9.42519,58,3,235,587,94,40,428,22,75,24,,,,,,,,,,,,,,,,,,,,,,,,,,,,,
"",176405,5171,-9.42519,147.04167,3,04/12/2020 06:44:37,Argos,0,56,NP,,401677318.33,04/12/2020 06:47:32,2,4,0,-138,401677318.33,147.04167,-9.42519,147.04167,-9.42519,58,3,235,587,94,40,428,109,139,0,,,,,,,,,,,,,,,,,,,,,,,,,,,,,
"",176405,5171,-9.42519,147.04167,3,04/12/2020 06:44:37,Argos,0,56,NP,,401677318.33,04/12/2020 06:48:14,3,4,0,-138,401677318.33,147.04167,-9.42519,147.04167,-9.42519,58,3,235,587,94,40,428,73,131,5,,,,,,,,,,,,,,,,,,,,,,,,,,,,,
"",176405,5171,-9.42519,147.04167,3,04/12/2020 06:44:37,Argos,0,56,NP,,401677318.33,04/12/2020 06:48:29,1,4,0,-138,401677318.33,147.04167,-9.42519,147.04167,-9.42519,58,3,235,587,94,40,428,89,101,173,,,,,,,,,,,,,,,,,,,,,,,,,,,,,
"",176405,5171,-9.42519,147.04167,3,04/12/2020 06:44:37,Argos,0,56,NP,,401677318.33,04/12/2020 06:50:08,1,4,0,-138,401677318.33,147.04167,-9.42519,147.04167,-9.42519,58,3,235,587,94,40,428,10,0,16,,,,,,,,,,,,,,,,,,,,,,,,,,,,,
"",176405,5171,-9.42519,147.04167,3,04/12/2020 06:44:37,Argos,0,56,NP,,401677318.33,04/12/2020 06:50:51,1,4,0,-138,401677318.33,147.04167,-9.42519,147.04167,-9.42519,58,3,235,587,94,40,428,76,130,5,,,,,,,,,,,,,,,,,,,,,,,,,,,,,
"",176405,5171,-9.42448,147.04689,2,04/13/2020 06:40:03,Argos,0,370,NP,,401677315.22,04/13/2020 06:36:23,1,5,0,-136,401677315.22,147.04689,-9.42448,147.04689,-9.42448,60,3,345,1170,101,177,931,102,140,0,,,,,,,,,,,,,,,,,,,,,,,,,,,,,
"",176405,5171,-9.42613,147.03827,B,04/13/2020 06:40:03,Argos,0,42,NP,,401677314.08,04/13/2020 06:39:42,1,2,0,-137,401677314.08,147.03827,-9.42613,147.03827,-9.42613,0,3,3194,10099,1010,113,7050,71,133,5,,,,,,,,,,,,,,,,,,,,,,,,,,,,,
"",176405,5171,-9.42613,147.03827,B,04/13/2020 06:40:03,Argos,0,42,NP,,401677314.08,04/13/2020 06:40:25,1,2,0,-137,401677314.08,147.03827,-9.42613,147.03827,-9.42613,0,3,3194,10099,1010,113,7050,10,0,16,,,,,,,,,,,,,,,,,,,,,,,,,,,,,
"",176405,5171,-9.42405,147.04328,3,04/14/2020 06:48:32,Argos,0,485,SR,,401677310.82,04/14/2020 06:48:29,1,11,0,-133,401677310.82,147.04328,-9.42405,147.04327,-9.42405,50,3,200,376,105,34,313,22,75,88,,,,,,,,,,,,,,,,,,,,,,,,,,,,,
"",176405,5171,-9.42405,147.04328,3,04/14/2020 06:48:32,Argos,0,485,SR,,401677310.82,04/14/2020 06:49:26,3,11,0,-133,401677310.82,147.04328,-9.42405,147.04327,-9.42405,50,3,200,376,105,34,313,10,0,16,,,,,,,,,,,,,,,,,,,,,,,,,,,,,
"",176405,5171,-9.42405,147.04328,3,04/14/2020 06:48:32,Argos,0,485,SR,,401677310.82,04/14/2020 06:50:23,2,11,0,-133,401677310.82,147.04328,-9.42405,147.04327,-9.42405,50,3,200,376,105,34,313,102,140,0,,,,,,,,,,,,,,,,,,,,,,,,,,,,,
"",176405,5171,-9.42405,147.04328,3,04/14/2020 06:48:32,Argos,0,485,SR,,401677310.82,04/14/2020 06:51:34,1,11,0,-133,401677310.82,147.04328,-9.42405,147.04327,-9.42405,50,3,200,376,105,34,313,109,139,0,,,,,,,,,,,,,,,,,,,,,,,,,,,,,
"",176405,5171,-9.42405,147.04328,3,04/14/2020 06:48:32,Argos,0,485,SR,,401677310.82,04/14/2020 06:52:02,3,11,0,-133,401677310.82,147.04328,-9.42405,147.04327,-9.42405,50,3,200,376,105,34,313,22,75,24,,,,,,,,,,,,,,,,,,,,,,,,,,,,,
"",176405,5171,-9.42405,147.04328,3,04/14/2020 06:48:32,Argos,0,485,SR,,401677310.82,04/14/2020 06:52:17,1,11,0,-133,401677310.82,147.04328,-9.42405,147.04327,-9.42405,50,3,200,376,105,34,313,68,123,5,,,,,,,,,,,,,,,,,,,,,,,,,,,,,
"",176405,5171,-9.42289,147.04371,3,04/17/2020 06:54:34,Argos,0,314,SR,,401677309.26,04/17/2020 06:52:46,1,14,0,-128,401677309.26,147.04371,-9.42289,147.04372,-9.42289,50,3,147,389,55,54,263,85,108,178,,,,,,,,,,,,,,,,,,,,,,,,,,,,,
"",176405,5171,-9.42289,147.04371,3,04/17/2020 06:54:34,Argos,0,314,SR,,401677309.26,04/17/2020 06:53:57,1,14,0,-128,401677309.26,147.04371,-9.42289,147.04372,-9.42289,50,3,147,389,55,54,263,92,113,178,,,,,,,,,,,,,,,,,,,,,,,,,,,,,
"",176405,5171,-9.42289,147.04371,3,04/17/2020 06:54:34,Argos,0,314,SR,,401677309.26,04/17/2020 06:54:26,2,14,0,-128,401677309.26,147.04371,-9.42289,147.04372,-9.42289,50,3,147,389,55,54,263,10,0,16,,,,,,,,,,,,,,,,,,,,,,,,,,,,,
"",176405,5171,-9.42289,147.04371,3,04/17/2020 06:54:34,Argos,0,314,SR,,401677309.26,04/17/2020 06:54:40,3,14,0,-128,401677309.26,147.04371,-9.42289,147.04372,-9.42289,50,3,147,389,55,54,263,22,75,24,,,,,,,,,,,,,,,,,,,,,,,,,,,,,
"",176405,5171,-9.42289,147.04371,3,04/17/2020 06:54:34,Argos,0,314,SR,,401677309.26,04/17/2020 06:54:54,1,14,0,-128,401677309.26,147.04371,-9.42289,147.04372,-9.42289,50,3,147,389,55,54,263,78,121,5,,,,,,,,,,,,,,,,,,,,,,,,,,,,,
"",176405,5171,-9.42289,147.04371,3,04/17/2020 06:54:34,Argos,0,314,SR,,401677309.26,04/17/2020 06:55:08,1,14,0,-128,401677309.26,147.04371,-9.42289,147.04372,-9.42289,50,3,147,389,55,54,263,87,22,178,,,,,,,,,,,,,,,,,,,,,,,,,,,,,
"",176405,5171,-9.42289,147.04371,3,04/17/2020 06:54:34,Argos,0,314,SR,,401677309.26,04/17/2020 06:55:23,2,14,0,-128,401677309.26,147.04371,-9.42289,147.04372,-9.42289,50,3,147,389,55,54,263,102,140,0,,,,,,,,,,,,,,,,,,,,,,,,,,,,,
"",176405,5171,-9.42289,147.04371,3,04/17/2020 06:54:34,Argos,0,314,SR,,401677309.26,04/17/2020 06:56:34,1,14,0,-128,401677309.26,147.04371,-9.42289,147.04372,-9.42289,50,3,147,389,55,54,263,109,139,0,,,,,,,,,,,,,,,,,,,,,,,,,,,,,
"",176405,5171,-9.42289,147.04371,3,04/17/2020 06:54:34,Argos,0,314,SR,,401677309.26,04/17/2020 06:56:48,1,14,0,-128,401677309.26,147.04371,-9.42289,147.04372,-9.42289,50,3,147,389,55,54,263,10,0,22,,,,,,,,,,,,,,,,,,,,,,,,,,,,,
"",176405,5171,-9.42289,147.04371,3,04/17/2020 06:54:34,Argos,0,314,SR,,401677309.26,04/17/2020 06:57:31,1,14,0,-128,401677309.26,147.04371,-9.42289,147.04372,-9.42289,50,3,147,389,55,54,263,94,128,178,,,,,,,,,,,,,,,,,,,,,,,,,,,,,
"",176405,5171,-9.44763,147.05377,B,04/17/2020 23:58:53,Argos,0,0,MA,,401677316.18,04/17/2020 23:58:54,1,1,0,-128,401677316.18,147.05377,-9.44763,147.05377,-9.44763,0,3,3957,6310,2480,68,10374,32,18,32,0,0,0,0,0,0,0,0,152,255,38,248,224,18,0,3,35,24,198,56,198,25,207,28,71,153,199,49,
"",176405,5171,-9.42388,147.04239,3,04/20/2020 06:51:42,Argos,0,99,NP,,401677318.66,04/20/2020 06:50:53,1,4,0,-133,401677318.66,147.04239,-9.42388,147.04239,-9.42388,50,3,172,453,65,49,388,84,100,181,,,,,,,,,,,,,,,,,,,,,,,,,,,,,
"",176405,5171,-9.42388,147.04239,3,04/20/2020 06:51:42,Argos,0,99,NP,,401677318.66,04/20/2020 06:52:18,2,4,0,-133,401677318.66,147.04239,-9.42388,147.04239,-9.42388,50,3,172,453,65,49,388,109,139,0,,,,,,,,,,,,,,,,,,,,,,,,,,,,,
"",176405,5171,-9.42388,147.04239,3,04/20/2020 06:51:42,Argos,0,99,NP,,401677318.66,04/20/2020 06:52:33,1,4,0,-133,401677318.66,147.04239,-9.42388,147.04239,-9.42388,50,3,172,453,65,49,388,10,0,16,,,,,,,,,,,,,,,,,,,,,,,,,,,,,
"",176405,5171,-9.42388,147.04239,3,04/20/2020 06:51:42,Argos,0,99,NP,,401677318.66,04/20/2020 06:53:15,1,4,0,-133,401677318.66,147.04239,-9.42388,147.04239,-9.42388,50,3,172,453,65,49,388,86,110,181,,,,,,,,,,,,,,,,,,,,,,,,,,,,,
"",176405,5171,-9.42388,147.04239,3,04/20/2020 06:51:42,Argos,0,99,NP,,401677318.66,04/20/2020 06:53:58,2,4,0,-133,401677318.66,147.04239,-9.42388,147.04239,-9.42388,50,3,172,453,65,49,388,10,0,16,,,,,,,,,,,,,,,,,,,,,,,,,,,,,
"",176405,5171,-9.42388,147.04239,3,04/20/2020 06:51:42,Argos,0,99,NP,,401677318.66,04/20/2020 06:54:27,2,4,0,-133,401677318.66,147.04239,-9.42388,147.04239,-9.42388,50,3,172,453,65,49,388,73,147,5,,,,,,,,,,,,,,,,,,,,,,,,,,,,,
"",176405,5171,-9.42388,147.04239,3,04/20/2020 06:51:42,Argos,0,99,NP,,401677318.66,04/20/2020 06:54:41,1,4,0,-133,401677318.66,147.04239,-9.42388,147.04239,-9.42388,50,3,172,453,65,49,388,84,116,181,,,,,,,,,,,,,,,,,,,,,,,,,,,,,
"",176405,5171,-9.42388,147.04239,3,04/20/2020 06:51:42,Argos,0,99,NP,,401677318.66,04/20/2020 06:54:55,3,4,0,-133,401677318.66,147.04239,-9.42388,147.04239,-9.42388,50,3,172,453,65,49,388,109,139,0,,,,,,,,,,,,,,,,,,,,,,,,,,,,,
"",176405,5171,-9.42388,147.04239,3,04/20/2020 06:51:42,Argos,0,99,NP,,401677318.66,04/20/2020 06:55:09,1,4,0,-133,401677318.66,147.04239,-9.42388,147.04239,-9.42388,50,3,172,453,65,49,388,10,0,17,,,,,,,,,,,,,,,,,,,,,,,,,,,,,
"",176405,5171,-9.41468,147.04903,1,04/20/2020 06:56:26,Argos,0,98,SR,,401677316.77,04/20/2020 06:55:38,1,5,0,-135,401677316.77,147.04903,-9.41468,147.04903,-9.41468,56,3,1324,1911,917,87,843,76,146,5,,,,,,,,,,,,,,,,,,,,,,,,,,,,,
"",176405,5171,-9.41468,147.04903,1,04/20/2020 06:56:26,Argos,0,98,SR,,401677316.77,04/20/2020 06:55:52,1,5,0,-135,401677316.77,147.04903,-9.41468,147.04903,-9.41468,56,3,1324,1911,917,87,843,93,121,181,,,,,,,,,,,,,,,,,,,,,,,,,,,,,
"",176405,5171,-9.42388,147.04239,3,04/20/2020 06:51:42,Argos,0,99,NP,,401677318.66,04/20/2020 06:55:52,1,4,0,-133,401677318.66,147.04239,-9.42388,147.04239,-9.42388,50,3,172,453,65,49,388,93,121,181,,,,,,,,,,,,,,,,,,,,,,,,,,,,,
"",176405,5171,-9.42388,147.04239,3,04/20/2020 06:51:42,Argos,0,99,NP,,401677318.66,04/20/2020 06:56:06,1,4,0,-133,401677318.66,147.04239,-9.42388,147.04239,-9.42388,50,3,172,453,65,49,388,109,139,5,,,,,,,,,,,,,,,,,,,,,,,,,,,,,
"",176405,5171,-9.41468,147.04903,1,04/20/2020 06:56:26,Argos,0,98,SR,,401677316.77,04/20/2020 06:56:35,1,5,0,-135,401677316.77,147.04903,-9.41468,147.04903,-9.41468,56,3,1324,1911,917,87,843,22,75,25,,,,,,,,,,,,,,,,,,,,,,,,,,,,,
"",176405,5171,-9.42388,147.04239,3,04/20/2020 06:51:42,Argos,0,99,NP,,401677318.66,04/20/2020 06:56:49,1,4,0,-133,401677318.66,147.04239,-9.42388,147.04239,-9.42388,50,3,172,453,65,49,388,76,146,5,,,,,,,,,,,,,,,,,,,,,,,,,,,,,
"",176405,5171,-9.41468,147.04903,1,04/20/2020 06:56:26,Argos,0,98,SR,,401677316.77,04/20/2020 06:56:49,1,5,0,-135,401677316.77,147.04903,-9.41468,147.04903,-9.41468,56,3,1324,1911,917,87,843,204,146,5,,,,,,,,,,,,,,,,,,,,,,,,,,,,,
"",176405,5171,-9.41468,147.04903,1,04/20/2020 06:56:26,Argos,0,98,SR,,401677316.77,04/20/2020 06:57:17,1,5,0,-135,401677316.77,147.04903,-9.41468,147.04903,-9.41468,56,3,1324,1911,917,87,843,105,142,92,,,,,,,,,,,,,,,,,,,,,,,,,,,,,
"",176405,5171,-9.42388,147.04239,3,04/20/2020 06:51:42,Argos,0,99,NP,,401677318.66,04/20/2020 06:57:46,1,4,0,-133,401677318.66,147.04239,-9.42388,147.04239,-9.42388,50,3,172,453,65,49,388,22,75,24,,,,,,,,,,,,,,,,,,,,,,,,,,,,,
"",176405,5171,-9.42387,147.03777,A,04/21/2020 06:30:26,Argos,0,157,SR,,401677315.1,04/21/2020 06:29:30,1,3,0,-136,401677315.1,147.03777,-9.42387,147.03777,-9.42387,0,3,6629,64634,679,59,6104,68,138,5,,,,,,,,,,,,,,,,,,,,,,,,,,,,,
"",176405,5171,-9.42387,147.03777,A,04/21/2020 06:30:26,Argos,0,157,SR,,401677315.1,04/21/2020 06:29:44,1,3,0,-136,401677315.1,147.03777,-9.42387,147.03777,-9.42387,0,3,6629,64634,679,59,6104,81,240,131,220,168,40,58,164,106,153,236,144,19,108,11,24,1,255,255,216,145,255,192,,,,,,,,,
"",176405,5171,-9.42387,147.03777,A,04/21/2020 06:30:26,Argos,0,157,SR,,401677315.1,04/21/2020 06:32:07,1,3,0,-136,401677315.1,147.03777,-9.42387,147.03777,-9.42387,0,3,6629,64634,679,59,6104,68,138,133,,,,,,,,,,,,,,,,,,,,,,,,,,,,,
"",176405,5171,-9.42078,147.04494,2,04/21/2020 06:40:24,Argos,0,0,NP,,401677319.19,04/21/2020 06:40:25,1,1,0,-137,401677319.19,147.04494,-9.42078,147.04494,-9.42078,66,3,348,1263,95,16,940,22,75,24,,,,,,,,,,,,,,,,,,,,,,,,,,,,,
"",176405,5171,-9.42174,147.04452,3,04/21/2020 06:40:24,Argos,0,427,NP,,401677319.18,04/21/2020 06:41:36,1,11,0,-135,401677319.18,147.04452,-9.42174,147.04453,-9.42174,56,3,215,621,74,5,510,66,80,131,220,168,40,58,164,106,154,170,144,149,108,111,24,1,255,255,216,65,255,194,,,,,,,,,
"",176405,5171,-9.42174,147.04452,3,04/21/2020 06:40:24,Argos,0,427,NP,,401677319.18,04/21/2020 06:41:50,2,11,0,-135,401677319.18,147.04452,-9.42174,147.04453,-9.42174,56,3,215,621,74,5,510,22,75,24,,,,,,,,,,,,,,,,,,,,,,,,,,,,,
"",176405,5171,-9.42174,147.04452,3,04/21/2020 06:40:24,Argos,0,427,NP,,401677319.18,04/21/2020 06:42:05,1,11,0,-135,401677319.18,147.04452,-9.42174,147.04453,-9.42174,56,3,215,621,74,5,510,79,141,5,,,,,,,,,,,,,,,,,,,,,,,,,,,,,
"",176405,5171,-9.42174,147.04452,3,04/21/2020 06:40:24,Argos,0,427,NP,,401677319.18,04/21/2020 06:43:16,1,11,0,-135,401677319.18,147.04452,-9.42174,147.04453,-9.42174,56,3,215,621,74,5,510,74,140,5,,,,,,,,,,,,,,,,,,,,,,,,,,,,,
"",176405,5171,-9.42078,147.04494,2,04/21/2020 06:40:24,Argos,0,0,NP,,401677319.19,04/21/2020 06:46:21,1,1,0,-137,401677319.19,147.04494,-9.42078,147.04494,-9.42078,66,3,348,1263,95,16,940,10,0,16,,,,,,,,,,,,,,,,,,,,,,,,,,,,,
"",176405,5171,-9.42078,147.04494,2,04/21/2020 06:40:24,Argos,0,0,NP,,401677319.19,04/21/2020 06:47:18,1,1,0,-137,401677319.19,147.04494,-9.42078,147.04494,-9.42078,66,3,348,1263,95,16,940,102,140,0,,,,,,,,,,,,,,,,,,,,,,,,,,,,,
"",176405,5171,-9.42078,147.04494,2,04/21/2020 06:40:24,Argos,0,0,NP,,401677319.19,04/21/2020 06:47:32,1,1,0,-137,401677319.19,147.04494,-9.42078,147.04494,-9.42078,66,3,348,1263,95,16,940,78,112,131,220,168,40,58,164,110,155,9,142,213,100,161,24,1,255,255,216,209,255,192,,,,,,,,,
"",176405,5171,-9.42652,147.0422,B,04/22/2020 06:33:45,Argos,0,0,NP,,401677318.97,04/22/2020 06:33:46,1,1,0,-139,401677318.97,147.0422,-9.42652,147.0422,-9.42652,0,3,4194,7649,2299,75,11860,87,26,183,,,,,,,,,,,,,,,,,,,,,,,,,,,,,
"",176405,5171,-9.41846,147.04529,1,04/24/2020 06:36:10,Argos,0,171,SR,,401677316.3,04/24/2020 06:34:57,1,6,0,-133,401677316.3,147.04529,-9.41846,147.04529,-9.41846,50,3,889,4418,179,43,2499,75,120,5,,,,,,,,,,,,,,,,,,,,,,,,,,,,,
"",176405,5171,-9.41846,147.04529,1,04/24/2020 06:36:10,Argos,0,171,SR,,401677316.3,04/24/2020 06:35:25,1,6,0,-133,401677316.3,147.04529,-9.41846,147.04529,-9.41846,50,3,889,4418,179,43,2499,102,140,0,,,,,,,,,,,,,,,,,,,,,,,,,,,,,
"",176405,5171,-9.41846,147.04529,1,04/24/2020 06:36:10,Argos,0,171,SR,,401677316.3,04/24/2020 06:36:22,1,6,0,-133,401677316.3,147.04529,-9.41846,147.04529,-9.41846,50,3,889,4418,179,43,2499,93,34,185,,,,,,,,,,,,,,,,,,,,,,,,,,,,,
"",176405,5171,-9.41846,147.04529,1,04/24/2020 06:36:10,Argos,0,171,SR,,401677316.3,04/24/2020 06:36:51,2,6,0,-133,401677316.3,147.04529,-9.41846,147.04529,-9.41846,50,3,889,4418,179,43,2499,10,0,16,,,,,,,,,,,,,,,,,,,,,,,,,,,,,
"",176405,5171,-9.41846,147.04529,1,04/24/2020 06:36:10,Argos,0,171,SR,,401677316.3,04/24/2020 06:37:48,1,6,0,-133,401677316.3,147.04529,-9.41846,147.04529,-9.41846,50,3,889,4418,179,43,2499,95,40,185,,,,,,,,,,,,,,,,,,,,,,,,,,,,,
"",176405,5171,,,,,,,0,NN,,401650000,04/25/2020 23:58:54,1,1,0,-131,401650000,,,,,,,,,,,,36,19,33,0,128,0,0,0,0,0,0,0,255,193,147,221,19,0,0,0,0,0,0,0,0,0,0,255,112,196,219,
"",176405,5171,-9.42699,147.04308,3,04/27/2020 06:42:57,Argos,0,356,SR,,401677313.38,04/27/2020 06:40:12,1,6,0,-133,401677313.38,147.04308,-9.42699,147.04308,-9.42699,50,3,182,579,57,60,427,68,154,5,,,,,,,,,,,,,,,,,,,,,,,,,,,,,
"",176405,5171,-9.42699,147.04308,3,04/27/2020 06:42:57,Argos,0,356,SR,,401677313.38,04/27/2020 06:41:51,1,6,0,-133,401677313.38,147.04308,-9.42699,147.04308,-9.42699,50,3,182,579,57,60,427,88,48,188,,,,,,,,,,,,,,,,,,,,,,,,,,,,,
"",176405,5171,-9.42699,147.04308,3,04/27/2020 06:42:57,Argos,0,356,SR,,401677313.38,04/27/2020 06:45:54,2,6,0,-133,401677313.38,147.04308,-9.42699,147.04308,-9.42699,50,3,182,579,57,60,427,10,0,16,,,,,,,,,,,,,,,,,,,,,,,,,,,,,
"",176405,5171,-9.42699,147.04308,3,04/27/2020 06:42:57,Argos,0,356,SR,,401677313.38,04/27/2020 06:46:08,2,6,0,-133,401677313.38,147.04308,-9.42699,147.04308,-9.42699,50,3,182,579,57,60,427,22,75,24,,,,,,,,,,,,,,,,,,,,,,,,,,,,,
"",176405,5171,,,,,,,0,NP,,401650000,04/28/2020 06:57:58,1,1,0,-138,401650000,,,,,,,,,,,,80,120,189,,,,,,,,,,,,,,,,,,,,,,,,,,,,,
"",176405,5171,-9.42352,147.04487,3,04/29/2020 06:47:14,Argos,0,442,NP,,401677317.62,04/29/2020 06:46:50,1,6,0,-134,401677317.62,147.04487,-9.42352,147.04488,-9.42352,50,3,192,390,94,24,356,82,99,191,,,,,,,,,,,,,,,,,,,,,,,,,,,,,
"",176405,5171,-9.42352,147.04487,3,04/29/2020 06:47:14,Argos,0,442,NP,,401677317.62,04/29/2020 06:47:33,1,6,0,-134,401677317.62,147.04487,-9.42352,147.04488,-9.42352,50,3,192,390,94,24,356,22,75,24,,,,,,,,,,,,,,,,,,,,,,,,,,,,,
"",176405,5171,-9.42352,147.04487,3,04/29/2020 06:47:14,Argos,0,442,NP,,401677317.62,04/29/2020 06:48:16,1,6,0,-134,401677317.62,147.04487,-9.42352,147.04488,-9.42352,50,3,192,390,94,24,356,102,140,0,,,,,,,,,,,,,,,,,,,,,,,,,,,,,
"",176405,5171,-9.42352,147.04487,3,04/29/2020 06:47:14,Argos,0,442,NP,,401677317.62,04/29/2020 06:48:44,2,6,0,-134,401677317.62,147.04487,-9.42352,147.04488,-9.42352,50,3,192,390,94,24,356,22,75,24,,,,,,,,,,,,,,,,,,,,,,,,,,,,,
"",176405,5171,-9.42352,147.04487,3,04/29/2020 06:47:14,Argos,0,442,NP,,401677317.62,04/29/2020 06:49:13,1,6,0,-134,401677317.62,147.04487,-9.42352,147.04488,-9.42352,50,3,192,390,94,24,356,84,77,190,,,,,,,,,,,,,,,,,,,,,,,,,,,,,
"",176405,5171,-9.42352,147.04487,3,04/29/2020 06:47:14,Argos,0,442,NP,,401677317.62,04/29/2020 06:50:10,1,6,0,-134,401677317.62,147.04487,-9.42352,147.04488,-9.42352,50,3,192,390,94,24,356,78,152,69,,,,,,,,,,,,,,,,,,,,,,,,,,,,,
"",176405,5171,-9.42352,147.04487,3,04/29/2020 06:47:14,Argos,0,442,NP,,401677317.62,04/29/2020 06:50:24,1,6,0,-134,401677317.62,147.04487,-9.42352,147.04488,-9.42352,50,3,192,390,94,24,356,69,80,147,252,232,40,58,164,110,251,55,143,211,124,165,24,1,255,255,217,97,255,194,,,,,,,,,
"",176405,5171,-9.42352,147.04487,3,04/29/2020 06:47:14,Argos,0,442,NP,,401677317.62,04/29/2020 06:52:18,2,6,0,-134,401677317.62,147.04487,-9.42352,147.04488,-9.42352,50,3,192,390,94,24,356,10,0,16,,,,,,,,,,,,,,,,,,,,,,,,,,,,,
"",176405,5171,-9.42352,147.04487,3,04/29/2020 06:47:14,Argos,0,442,NP,,401677317.62,04/29/2020 06:53:58,1,6,0,-134,401677317.62,147.04487,-9.42352,147.04488,-9.42352,50,3,192,390,94,24,356,72,150,5,,,,,,,,,,,,,,,,,,,,,,,,,,,,,
"",176405,5171,-9.42352,147.04487,3,04/29/2020 06:47:14,Argos,0,442,NP,,401677317.62,04/29/2020 06:54:12,1,6,0,-134,401677317.62,147.04487,-9.42352,147.04488,-9.42352,50,3,192,390,94,24,356,87,98,190,,,,,,,,,,,,,,,,,,,,,,,,,,,,,
"",176405,5171,-9.42229,147.0456,2,04/30/2020 06:42:19,Argos,0,256,NP,,401677314.61,04/30/2020 06:38:03,1,5,0,-136,401677314.61,147.0456,-9.42229,147.0456,-9.42229,50,3,478,1731,131,178,1320,22,75,24,,,,,,,,,,,,,,,,,,,,,,,,,,,,,
"",176405,5171,-9.42229,147.0456,2,04/30/2020 06:42:19,Argos,0,256,NP,,401677314.61,04/30/2020 06:38:17,1,5,0,-136,401677314.61,147.0456,-9.42229,147.0456,-9.42229,50,3,478,1731,131,178,1320,204,152,37,,,,,,,,,,,,,,,,,,,,,,,,,,,,,
"",176405,5171,-9.42229,147.0456,2,04/30/2020 06:42:19,Argos,0,256,NP,,401677314.61,04/30/2020 06:40:40,1,5,0,-136,401677314.61,147.0456,-9.42229,147.0456,-9.42229,50,3,478,1731,131,178,1320,72,150,133,,,,,,,,,,,,,,,,,,,,,,,,,,,,,
"",176405,5171,-9.42229,147.0456,2,04/30/2020 06:42:19,Argos,0,256,NP,,401677314.61,04/30/2020 06:40:54,1,5,0,-136,401677314.61,147.0456,-9.42229,147.0456,-9.42229,50,3,478,1731,131,178,1320,84,45,191,,,,,,,,,,,,,,,,,,,,,,,,,,,,,
"",176405,5171,-9.4287,147.04663,B,04/30/2020 06:42:19,Argos,0,0,NP,,401677316.98,04/30/2020 06:42:19,1,1,0,-138,401677316.98,147.04663,-9.4287,147.04663,-9.4287,0,3,5152,9157,2899,61,11929,87,48,131,220,168,105,58,180,111,26,182,145,149,126,103,24,1,255,255,216,97,255,192,,,,,,,,,
"",176405,5171,-9.42557,147.04444,3,04/30/2020 06:48:23,Argos,0,498,SR,,401677311.31,04/30/2020 06:44:42,1,12,0,-130,401677311.31,147.04444,-9.42557,147.04443,-9.42557,56,3,204,329,125,36,273,84,189,191,,,,,,,,,,,,,,,,,,,,,,,,,,,,,
"",176405,5171,-9.42557,147.04444,3,04/30/2020 06:48:23,Argos,0,498,SR,,401677311.31,04/30/2020 06:46:36,1,12,0,-130,401677311.31,147.04444,-9.42557,147.04443,-9.42557,56,3,204,329,125,36,273,22,75,24,,,,,,,,,,,,,,,,,,,,,,,,,,,,,
"",176405,5171,-9.42557,147.04444,3,04/30/2020 06:48:23,Argos,0,498,SR,,401677311.31,04/30/2020 06:47:33,2,12,0,-130,401677311.31,147.04444,-9.42557,147.04443,-9.42557,56,3,204,329,125,36,273,10,0,24,,,,,,,,,,,,,,,,,,,,,,,,,,,,,
"",176405,5171,-9.42557,147.04444,3,04/30/2020 06:48:23,Argos,0,498,SR,,401677311.31,04/30/2020 06:48:30,1,12,0,-130,401677311.31,147.04444,-9.42557,147.04443,-9.42557,56,3,204,329,125,36,273,87,77,191,,,,,,,,,,,,,,,,,,,,,,,,,,,,,
"",176405,5171,-9.42557,147.04444,3,04/30/2020 06:48:23,Argos,0,498,SR,,401677311.31,04/30/2020 06:50:52,1,12,0,-130,401677311.31,147.04444,-9.42557,147.04443,-9.42557,56,3,204,329,125,36,273,85,87,191,,,,,,,,,,,,,,,,,,,,,,,,,,,,,
"",176405,5171,-9.42557,147.04444,3,04/30/2020 06:48:23,Argos,0,498,SR,,401677311.31,04/30/2020 06:52:17,5,12,0,-130,401677311.31,147.04444,-9.42557,147.04443,-9.42557,56,3,204,329,125,36,273,102,140,0,,,,,,,,,,,,,,,,,,,,,,,,,,,,,
"",176405,5171,-9.42557,147.04444,3,04/30/2020 06:48:23,Argos,0,498,SR,,401677311.31,04/30/2020 06:53:00,1,12,0,-130,401677311.31,147.04444,-9.42557,147.04443,-9.42557,56,3,204,329,125,36,273,70,144,5,,,,,,,,,,,,,,,,,,,,,,,,,,,,,
"",176405,5171,-9.42287,147.04474,3,05/03/2020 06:54:29,Argos,0,455,SR,,401677313.33,05/03/2020 06:51:49,1,19,0,-131,401677313.33,147.04474,-9.42287,147.04474,-9.42287,50,3,135,210,87,14,133,71,144,129,220,168,40,58,164,105,155,77,208,211,132,167,152,1,255,253,216,241,239,192,,,,,,,,,
"",176405,5171,-9.42287,147.04474,3,05/03/2020 06:54:29,Argos,0,455,SR,,401677313.33,05/03/2020 06:53:29,1,19,0,-131,401677313.33,147.04474,-9.42287,147.04474,-9.42287,50,3,135,210,87,14,133,91,90,194,,,,,,,,,,,,,,,,,,,,,,,,,,,,,
"",176405,5171,-9.42287,147.04474,3,05/03/2020 06:54:29,Argos,0,455,SR,,401677313.33,05/03/2020 06:53:43,2,19,0,-131,401677313.33,147.04474,-9.42287,147.04474,-9.42287,50,3,135,210,87,14,133,102,140,0,,,,,,,,,,,,,,,,,,,,,,,,,,,,,
"",176405,5171,-9.42287,147.04474,3,05/03/2020 06:54:29,Argos,0,455,SR,,401677313.33,05/03/2020 06:54:40,1,19,0,-131,401677313.33,147.04474,-9.42287,147.04474,-9.42287,50,3,135,210,87,14,133,88,95,194,,,,,,,,,,,,,,,,,,,,,,,,,,,,,
"",176405,5171,-9.42287,147.04474,3,05/03/2020 06:54:29,Argos,0,455,SR,,401677313.33,05/03/2020 06:55:09,2,19,0,-131,401677313.33,147.04474,-9.42287,147.04474,-9.42287,50,3,135,210,87,14,133,10,0,16,,,,,,,,,,,,,,,,,,,,,,,,,,,,,
"",176405,5171,-9.42287,147.04474,3,05/03/2020 06:54:29,Argos,0,455,SR,,401677313.33,05/03/2020 06:55:37,2,19,0,-131,401677313.33,147.04474,-9.42287,147.04474,-9.42287,50,3,135,210,87,14,133,69,143,5,,,,,,,,,,,,,,,,,,,,,,,,,,,,,
"",176405,5171,-9.42287,147.04474,3,05/03/2020 06:54:29,Argos,0,455,SR,,401677313.33,05/03/2020 06:55:51,1,19,0,-131,401677313.33,147.04474,-9.42287,147.04474,-9.42287,50,3,135,210,87,14,133,93,101,194,,,,,,,,,,,,,,,,,,,,,,,,,,,,,
"",176405,5171,-9.42287,147.04474,3,05/03/2020 06:54:29,Argos,0,455,SR,,401677313.33,05/03/2020 06:56:48,1,19,0,-131,401677313.33,147.04474,-9.42287,147.04474,-9.42287,50,3,135,210,87,14,133,79,141,5,,,,,,,,,,,,,,,,,,,,,,,,,,,,,
"",176405,5171,-9.42287,147.04474,3,05/03/2020 06:54:29,Argos,0,455,SR,,401677313.33,05/03/2020 06:57:03,1,19,0,-131,401677313.33,147.04474,-9.42287,147.04474,-9.42287,50,3,135,210,87,14,133,84,105,194,,,,,,,,,,,,,,,,,,,,,,,,,,,,,
"",176405,5171,-9.42287,147.04474,3,05/03/2020 06:54:29,Argos,0,455,SR,,401677313.33,05/03/2020 06:57:17,2,19,0,-131,401677313.33,147.04474,-9.42287,147.04474,-9.42287,50,3,135,210,87,14,133,109,139,0,,,,,,,,,,,,,,,,,,,,,,,,,,,,,
"",176405,5171,-9.42287,147.04474,3,05/03/2020 06:54:29,Argos,0,455,SR,,401677313.33,05/03/2020 06:57:59,5,19,0,-131,401677313.33,147.04474,-9.42287,147.04474,-9.42287,50,3,135,210,87,14,133,22,75,24,,,,,,,,,,,,,,,,,,,,,,,,,,,,,
"",176405,5171,-9.42434,147.04465,B,05/03/2020 23:58:53,Argos,0,0,NN,,401677313.52,05/03/2020 23:58:54,1,1,0,-133,401677313.52,147.04465,-9.42434,147.04465,-9.42434,0,3,5993,15879,2261,93,9385,32,20,96,0,0,0,0,0,0,0,0,0,57,184,255,116,20,64,0,0,0,0,0,0,0,0,0,111,179,255,79,
"",176405,5171,-9.42335,147.04524,B,05/03/2020 23:58:53,Argos,0,0,MC,,401677315.26,05/03/2020 23:58:54,1,1,0,-131,401677315.26,147.04524,-9.42335,147.04524,-9.42335,0,3,5610,19625,1603,95,9039,32,20,96,0,0,1,0,0,0,0,0,0,185,184,255,116,20,64,0,128,0,0,0,0,0,0,0,111,179,255,79,
"",176405,5171,-9.4201,147.05184,B,05/04/2020 06:24:30,Argos,0,0,SR,,401677312.43,05/04/2020 06:24:31,1,1,0,-137,401677312.43,147.05184,-9.4201,147.05183,-9.4201,8,3,6249,12464,3132,109,10346,10,0,16,,,,,,,,,,,,,,,,,,,,,,,,,,,,,
"",176405,5171,,,,,,,0,MB,,401650000,05/05/2020 23:58:54,1,1,0,-133,401650000,,,,,,,,,,,,32,20,160,0,0,0,0,0,0,1,0,65,234,130,182,4,20,128,0,51,236,1,201,88,79,223,254,74,90,218,59,
"",176405,5171,-9.41872,147.04599,0,05/06/2020 06:57:28,Argos,0,56,SR,,401677312.83,05/06/2020 06:57:00,1,5,0,-136,401677312.83,147.04599,-9.41872,147.04599,-9.41872,60,3,3456,33753,353,108,9773,10,0,16,,,,,,,,,,,,,,,,,,,,,,,,,,,,,
"",176405,5171,-9.41872,147.04599,0,05/06/2020 06:57:28,Argos,0,56,SR,,401677312.83,05/06/2020 06:57:14,1,5,0,-136,401677312.83,147.04599,-9.41872,147.04599,-9.41872,60,3,3456,33753,353,108,9773,20,75,16,,,,,,,,,,,,,,,,,,,,,,,,,,,,,
"",176405,5171,-9.41872,147.04599,0,05/06/2020 06:57:28,Argos,0,56,SR,,401677312.83,05/06/2020 06:57:28,1,5,0,-136,401677312.83,147.04599,-9.41872,147.04599,-9.41872,60,3,3456,33753,353,108,9773,76,103,5,,,,,,,,,,,,,,,,,,,,,,,,,,,,,
"",176405,5171,-9.41872,147.04599,0,05/06/2020 06:57:28,Argos,0,56,SR,,401677312.83,05/06/2020 06:57:42,1,5,0,-136,401677312.83,147.04599,-9.41872,147.04599,-9.41872,60,3,3456,33753,353,108,9773,92,108,197,,,,,,,,,,,,,,,,,,,,,,,,,,,,,
"",176405,5171,-9.41872,147.04599,0,05/06/2020 06:57:28,Argos,0,56,SR,,401677312.83,05/06/2020 06:57:57,1,5,0,-136,401677312.83,147.04599,-9.41872,147.04599,-9.41872,60,3,3456,33753,353,108,9773,101,139,0,,,,,,,,,,,,,,,,,,,,,,,,,,,,,
"",176405,5171,-9.43812,147.03299,A,05/07/2020 06:31:22,Argos,0,114,SR,,401677305.88,05/07/2020 06:30:40,1,3,0,-136,401677305.88,147.03299,-9.43812,147.03299,-9.43812,0,3,3197,24292,420,62,6437,82,244,197,,,,,,,,,,,,,,,,,,,,,,,,,,,,,
"",176405,5171,-9.43812,147.03299,A,05/07/2020 06:31:22,Argos,0,114,SR,,401677305.88,05/07/2020 06:30:54,1,3,0,-136,401677305.88,147.03299,-9.43812,147.03299,-9.43812,0,3,3197,24292,420,62,6437,102,140,0,,,,,,,,,,,,,,,,,,,,,,,,,,,,,
"",176405,5171,-9.43812,147.03299,A,05/07/2020 06:31:22,Argos,0,114,SR,,401677305.88,05/07/2020 06:32:34,1,3,0,-136,401677305.88,147.03299,-9.43812,147.03299,-9.43812,0,3,3197,24292,420,62,6437,22,75,24,,,,,,,,,,,,,,,,,,,,,,,,,,,,,
"",176405,5171,-9.428,147.04925,A,05/07/2020 06:53:11,Argos,0,98,NP,,401677313.36,05/07/2020 06:54:37,2,3,0,-134,401677313.36,147.04925,-9.428,147.04926,-9.428,6,3,1876,6076,578,85,2947,10,0,16,,,,,,,,,,,,,,,,,,,,,,,,,,,,,
"",176405,5171,-9.428,147.04925,A,05/07/2020 06:53:11,Argos,0,98,NP,,401677313.36,05/07/2020 06:54:51,1,3,0,-134,401677313.36,147.04925,-9.428,147.04926,-9.428,6,3,1876,6076,578,85,2947,22,75,24,,,,,,,,,,,,,,,,,,,,,,,,,,,,,
"",176405,5171,-9.42555,147.04241,2,05/07/2020 06:53:11,Argos,0,284,NP,,401677313.83,05/07/2020 06:55:06,1,13,0,-130,401677313.83,147.04241,-9.42555,147.0424,-9.42555,56,3,411,2055,82,68,1125,72,103,1,,,,,,,,,,,,,,,,,,,,,,,,,,,,,
"",176405,5171,-9.42555,147.04241,2,05/07/2020 06:53:11,Argos,0,284,NP,,401677313.83,05/07/2020 06:55:48,3,13,0,-130,401677313.83,147.04241,-9.42555,147.0424,-9.42555,56,3,411,2055,82,68,1125,10,0,16,,,,,,,,,,,,,,,,,,,,,,,,,,,,,
"",176405,5171,-9.42555,147.04241,2,05/07/2020 06:53:11,Argos,0,284,NP,,401677313.83,05/07/2020 06:56:17,1,13,0,-130,401677313.83,147.04241,-9.42555,147.0424,-9.42555,56,3,411,2055,82,68,1125,72,103,5,,,,,,,,,,,,,,,,,,,,,,,,,,,,,
"",176405,5171,-9.42555,147.04241,2,05/07/2020 06:53:11,Argos,0,284,NP,,401677313.83,05/07/2020 06:56:31,1,13,0,-130,401677313.83,147.04241,-9.42555,147.0424,-9.42555,56,3,411,2055,82,68,1125,80,97,198,,,,,,,,,,,,,,,,,,,,,,,,,,,,,
"",176405,5171,-9.42555,147.04241,2,05/07/2020 06:53:11,Argos,0,284,NP,,401677313.83,05/07/2020 06:56:59,1,13,0,-130,401677313.83,147.04241,-9.42555,147.0424,-9.42555,56,3,411,2055,82,68,1125,10,0,112,,,,,,,,,,,,,,,,,,,,,,,,,,,,,
"",176405,5171,-9.42555,147.04241,2,05/07/2020 06:53:11,Argos,0,284,NP,,401677313.83,05/07/2020 06:57:14,3,13,0,-130,401677313.83,147.04241,-9.42555,147.0424,-9.42555,56,3,411,2055,82,68,1125,22,75,24,,,,,,,,,,,,,,,,,,,,,,,,,,,,,
"",176405,5171,-9.42555,147.04241,2,05/07/2020 06:53:11,Argos,0,284,NP,,401677313.83,05/07/2020 06:57:56,3,13,0,-130,401677313.83,147.04241,-9.42555,147.0424,-9.42555,56,3,411,2055,82,68,1125,109,139,0,,,,,,,,,,,,,,,,,,,,,,,,,,,,,
"",176405,5171,-9.42362,147.04404,3,05/08/2020 06:42:46,Argos,0,0,NP,,401677314.91,05/08/2020 06:42:47,1,1,0,-139,401677314.91,147.04404,-9.42362,147.04404,-9.42362,50,3,226,513,99,23,443,73,114,5,,,,,,,,,,,,,,,,,,,,,,,,,,,,,
"",176405,5171,-9.42362,147.04404,3,05/08/2020 06:42:46,Argos,0,0,NP,,401677314.91,05/08/2020 06:44:12,1,1,0,-139,401677314.91,147.04404,-9.42362,147.04404,-9.42362,50,3,226,513,99,23,443,80,49,199,,,,,,,,,,,,,,,,,,,,,,,,,,,,,
"",176405,5171,-9.42362,147.04404,3,05/08/2020 06:42:46,Argos,0,0,NP,,401677314.91,05/08/2020 06:44:26,1,1,0,-139,401677314.91,147.04404,-9.42362,147.04404,-9.42362,50,3,226,513,99,23,443,109,139,0,,,,,,,,,,,,,,,,,,,,,,,,,,,,,
"",176405,5171,-9.42362,147.04404,3,05/08/2020 06:42:46,Argos,0,0,NP,,401677314.91,05/08/2020 06:46:06,2,1,0,-139,401677314.91,147.04404,-9.42362,147.04404,-9.42362,50,3,226,513,99,23,443,10,0,16,,,,,,,,,,,,,,,,,,,,,,,,,,,,,
"",176405,5171,-9.42362,147.04404,3,05/08/2020 06:42:46,Argos,0,0,NP,,401677314.91,05/08/2020 06:46:20,2,1,0,-139,401677314.91,147.04404,-9.42362,147.04404,-9.42362,50,3,226,513,99,23,443,22,75,24,,,,,,,,,,,,,,,,,,,,,,,,,,,,,
"",176405,5171,-9.42362,147.04404,3,05/08/2020 06:42:46,Argos,0,0,NP,,401677314.91,05/08/2020 06:46:35,1,1,0,-139,401677314.91,147.04404,-9.42362,147.04404,-9.42362,50,3,226,513,99,23,443,70,113,5,,,,,,,,,,,,,,,,,,,,,,,,,,,,,
"",176405,5171,-9.42362,147.04404,3,05/08/2020 06:42:46,Argos,0,0,NP,,401677314.91,05/08/2020 06:47:46,1,1,0,-139,401677314.91,147.04404,-9.42362,147.04404,-9.42362,50,3,226,513,99,23,443,67,112,5,,,,,,,,,,,,,,,,,,,,,,,,,,,,,
"",176405,5171,-9.42362,147.04404,3,05/08/2020 06:42:46,Argos,0,0,NP,,401677314.91,05/08/2020 06:48:14,1,1,0,-139,401677314.91,147.04404,-9.42362,147.04404,-9.42362,50,3,226,513,99,23,443,102,140,0,,,,,,,,,,,,,,,,,,,,,,,,,,,,,
"",176405,5171,-9.42362,147.04404,3,05/08/2020 06:42:46,Argos,0,0,NP,,401677314.91,05/08/2020 06:49:54,1,1,0,-139,401677314.91,147.04404,-9.42362,147.04404,-9.42362,50,3,226,513,99,23,443,30,75,24,,,,,,,,,,,,,,,,,,,,,,,,,,,,,
"",176405,5171,-9.4181,147.05809,A,05/09/2020 06:36:21,Argos,0,28,NP,,401677312.65,05/09/2020 06:36:07,1,3,0,-135,401677312.65,147.05809,-9.4181,147.05809,-9.4181,0,3,3233,5454,1915,147,6820,10,0,16,,,,,,,,,,,,,,,,,,,,,,,,,,,,,
"",176405,5171,-9.4181,147.05809,A,05/09/2020 06:36:21,Argos,0,28,NP,,401677312.65,05/09/2020 06:36:22,1,3,0,-135,401677312.65,147.05809,-9.4181,147.05809,-9.4181,0,3,3233,5454,1915,147,6820,22,75,24,,,,,,,,,,,,,,,,,,,,,,,,,,,,,
"",176405,5171,-9.4181,147.05809,A,05/09/2020 06:36:21,Argos,0,28,NP,,401677312.65,05/09/2020 06:36:36,1,3,0,-135,401677312.65,147.05809,-9.4181,147.05809,-9.4181,0,3,3233,5454,1915,147,6820,75,104,5,,,,,,,,,,,,,,,,,,,,,,,,,,,,,
"",176405,5171,-9.42882,147.03788,2,05/10/2020 06:37:50,Argos,0,314,SR,,401677307.39,05/10/2020 06:36:36,1,10,0,-131,401677307.39,147.03788,-9.42882,147.03789,-9.42882,50,3,346,1336,89,70,937,22,75,24,,,,,,,,,,,,,,,,,,,,,,,,,,,,,
"",176405,5171,-9.42882,147.03788,2,05/10/2020 06:37:50,Argos,0,314,SR,,401677307.39,05/10/2020 06:36:51,2,10,0,-131,401677307.39,147.03788,-9.42882,147.03789,-9.42882,50,3,346,1336,89,70,937,69,110,5,,,,,,,,,,,,,,,,,,,,,,,,,,,,,
"",176405,5171,-9.42882,147.03788,2,05/10/2020 06:37:50,Argos,0,314,SR,,401677307.39,05/10/2020 06:37:05,1,10,0,-131,401677307.39,147.03788,-9.42882,147.03789,-9.42882,50,3,346,1336,89,70,937,90,176,131,220,168,40,58,164,101,26,98,208,213,146,33,24,1,255,255,214,209,255,192,,,,,,,,,
"",176405,5171,-9.42882,147.03788,2,05/10/2020 06:37:50,Argos,0,314,SR,,401677307.39,05/10/2020 06:37:33,1,10,0,-131,401677307.39,147.03788,-9.42882,147.03789,-9.42882,50,3,346,1336,89,70,937,102,140,0,,,,,,,,,,,,,,,,,,,,,,,,,,,,,
"",176405,5171,-9.42882,147.03788,2,05/10/2020 06:37:50,Argos,0,314,SR,,401677307.39,05/10/2020 06:38:59,3,10,0,-131,401677307.39,147.03788,-9.42882,147.03789,-9.42882,50,3,346,1336,89,70,937,10,0,16,,,,,,,,,,,,,,,,,,,,,,,,,,,,,
"",176405,5171,-9.42882,147.03788,2,05/10/2020 06:37:50,Argos,0,314,SR,,401677307.39,05/10/2020 06:40:38,1,10,0,-131,401677307.39,147.03788,-9.42882,147.03789,-9.42882,50,3,346,1336,89,70,937,79,108,5,,,,,,,,,,,,,,,,,,,,,,,,,,,,,
"",176405,5171,-9.42882,147.03788,2,05/10/2020 06:37:50,Argos,0,314,SR,,401677307.39,05/10/2020 06:40:53,1,10,0,-131,401677307.39,147.03788,-9.42882,147.03789,-9.42882,50,3,346,1336,89,70,937,71,32,201,,,,,,,,,,,,,,,,,,,,,,,,,,,,,
"",176405,5171,-9.42363,147.04377,3,05/13/2020 06:43:42,Argos,0,384,SR,,401677309.77,05/13/2020 06:40:52,1,19,0,-131,401677309.77,147.04377,-9.42363,147.04378,-9.42363,50,3,132,313,55,50,216,74,112,131,220,168,40,58,164,102,154,158,144,85,152,47,24,1,255,255,214,1,255,192,,,,,,,,,
"",176405,5171,-9.42363,147.04377,3,05/13/2020 06:43:42,Argos,0,384,SR,,401677309.77,05/13/2020 06:41:06,1,19,0,-131,401677309.77,147.04377,-9.42363,147.04378,-9.42363,50,3,132,313,55,50,216,73,98,5,,,,,,,,,,,,,,,,,,,,,,,,,,,,,
"",176405,5171,-9.42363,147.04377,3,05/13/2020 06:43:42,Argos,0,384,SR,,401677309.77,05/13/2020 06:41:20,1,19,0,-131,401677309.77,147.04377,-9.42363,147.04378,-9.42363,50,3,132,313,55,50,216,69,25,206,,,,,,,,,,,,,,,,,,,,,,,,,,,,,
"",176405,5171,-9.42363,147.04377,3,05/13/2020 06:43:42,Argos,0,384,SR,,401677309.77,05/13/2020 06:42:31,1,19,0,-131,401677309.77,147.04377,-9.42363,147.04378,-9.42363,50,3,132,313,55,50,216,94,30,204,,,,,,,,,,,,,,,,,,,,,,,,,,,,,
"",176405,5171,-9.42363,147.04377,3,05/13/2020 06:43:42,Argos,0,384,SR,,401677309.77,05/13/2020 06:42:46,1,19,0,-131,401677309.77,147.04377,-9.42363,147.04378,-9.42363,50,3,132,313,55,50,216,102,140,128,,,,,,,,,,,,,,,,,,,,,,,,,,,,,
"",176405,5171,-9.42363,147.04377,3,05/13/2020 06:43:42,Argos,0,384,SR,,401677309.77,05/13/2020 06:43:28,1,19,0,-131,401677309.77,147.04377,-9.42363,147.04378,-9.42363,50,3,132,313,55,50,216,67,96,5,,,,,,,,,,,,,,,,,,,,,,,,,,,,,
"",176405,5171,-9.42363,147.04377,3,05/13/2020 06:43:42,Argos,0,384,SR,,401677309.77,05/13/2020 06:43:43,1,19,0,-131,401677309.77,147.04377,-9.42363,147.04378,-9.42363,50,3,132,313,55,50,216,87,35,204,,,,,,,,,,,,,,,,,,,,,,,,,,,,,
"",176405,5171,-9.42363,147.04377,3,05/13/2020 06:43:42,Argos,0,384,SR,,401677309.77,05/13/2020 06:43:57,1,19,0,-131,401677309.77,147.04377,-9.42363,147.04378,-9.42363,50,3,132,313,55,50,216,109,139,0,,,,,,,,,,,,,,,,,,,,,,,,,,,,,
"",176405,5171,-9.42363,147.04377,3,05/13/2020 06:43:42,Argos,0,384,SR,,401677309.77,05/13/2020 06:44:25,4,19,0,-131,401677309.77,147.04377,-9.42363,147.04378,-9.42363,50,3,132,313,55,50,216,22,75,24,,,,,,,,,,,,,,,,,,,,,,,,,,,,,
"",176405,5171,-9.42363,147.04377,3,05/13/2020 06:43:42,Argos,0,384,SR,,401677309.77,05/13/2020 06:44:39,1,19,0,-131,401677309.77,147.04377,-9.42363,147.04378,-9.42363,50,3,132,313,55,50,216,70,97,5,,,,,,,,,,,,,,,,,,,,,,,,,,,,,
"",176405,5171,-9.42363,147.04377,3,05/13/2020 06:43:42,Argos,0,384,SR,,401677309.77,05/13/2020 06:44:54,1,19,0,-131,401677309.77,147.04377,-9.42363,147.04378,-9.42363,50,3,132,313,55,50,216,80,40,204,,,,,,,,,,,,,,,,,,,,,,,,,,,,,
"",176405,5171,-9.42363,147.04377,3,05/13/2020 06:43:42,Argos,0,384,SR,,401677309.77,05/13/2020 06:45:08,1,19,0,-131,401677309.77,147.04377,-9.42363,147.04378,-9.42363,50,3,132,313,55,50,216,102,140,0,,,,,,,,,,,,,,,,,,,,,,,,,,,,,
"",176405,5171,-9.42363,147.04377,3,05/13/2020 06:43:42,Argos,0,384,SR,,401677309.77,05/13/2020 06:46:33,2,19,0,-131,401677309.77,147.04377,-9.42363,147.04378,-9.42363,50,3,132,313,55,50,216,10,0,16,,,,,,,,,,,,,,,,,,,,,,,,,,,,,
"",176405,5171,-9.42363,147.04377,3,05/13/2020 06:43:42,Argos,0,384,SR,,401677309.77,05/13/2020 06:46:48,1,19,0,-131,401677309.77,147.04377,-9.42363,147.04378,-9.42363,50,3,132,313,55,50,216,75,240,131,220,168,40,58,164,102,154,253,144,149,152,97,24,1,255,255,214,1,255,192,,,,,,,,,
"",176405,5171,-9.42363,147.04377,3,05/13/2020 06:43:42,Argos,0,384,SR,,401677309.77,05/13/2020 06:47:02,1,19,0,-131,401677309.77,147.04377,-9.42363,147.04378,-9.42363,50,3,132,313,55,50,216,22,67,24,,,,,,,,,,,,,,,,,,,,,,,,,,,,,
"",176405,5171,-9.42255,147.04403,3,05/16/2020 06:49:46,Argos,0,527,SR,,401677308.62,05/16/2020 06:45:21,1,16,0,-130,401677308.62,147.04403,-9.42255,147.04404,-9.42255,56,3,133,219,80,37,169,90,43,207,,,,,,,,,,,,,,,,,,,,,,,,,,,,,
"",176405,5171,-9.42255,147.04403,3,05/16/2020 06:49:46,Argos,0,527,SR,,401677308.62,05/16/2020 06:45:36,1,16,0,-130,401677308.62,147.04403,-9.42255,147.04404,-9.42255,56,3,133,219,80,37,169,102,140,0,,,,,,,,,,,,,,,,,,,,,,,,,,,,,
"",176405,5171,-9.42255,147.04403,3,05/16/2020 06:49:46,Argos,0,527,SR,,401677308.62,05/16/2020 06:46:33,1,16,0,-130,401677308.62,147.04403,-9.42255,147.04404,-9.42255,56,3,133,219,80,37,169,93,48,207,,,,,,,,,,,,,,,,,,,,,,,,,,,,,
"",176405,5171,-9.42255,147.04403,3,05/16/2020 06:49:46,Argos,0,527,SR,,401677308.62,05/16/2020 06:48:12,1,16,0,-130,401677308.62,147.04403,-9.42255,147.04404,-9.42255,56,3,133,219,80,37,169,78,208,131,220,168,40,58,164,104,27,20,208,85,158,111,22,1,255,255,214,97,255,192,,,,,,,,,
"",176405,5171,-9.42056,147.04429,3,05/16/2020 06:49:37,Argos,0,455,NP,,401677309.44,05/16/2020 06:49:09,1,9,0,-132,401677309.44,147.04429,-9.42056,147.0443,-9.42056,50,3,126,294,54,33,186,90,59,207,,,,,,,,,,,,,,,,,,,,,,,,,,,,,
"",176405,5171,-9.42255,147.04403,3,05/16/2020 06:49:46,Argos,0,527,SR,,401677308.62,05/16/2020 06:49:23,1,16,0,-130,401677308.62,147.04403,-9.42255,147.04404,-9.42255,56,3,133,219,80,37,169,105,139,0,,,,,,,,,,,,,,,,,,,,,,,,,,,,,
"",176405,5171,-9.42056,147.04429,3,05/16/2020 06:49:37,Argos,0,455,NP,,401677309.44,05/16/2020 06:50:06,1,9,0,-132,401677309.44,147.04429,-9.42056,147.0443,-9.42056,50,3,126,294,54,33,186,66,101,5,,,,,,,,,,,,,,,,,,,,,,,,,,,,,
"",176405,5171,-9.42056,147.04429,3,05/16/2020 06:49:37,Argos,0,455,NP,,401677309.44,05/16/2020 06:50:20,1,9,0,-132,401677309.44,147.04429,-9.42056,147.0443,-9.42056,50,3,126,294,54,33,186,94,128,207,,,,,,,,,,,,,,,,,,,,,,,,,,,,,
"",176405,5171,-9.42056,147.04429,3,05/16/2020 06:49:37,Argos,0,455,NP,,401677309.44,05/16/2020 06:50:34,1,9,0,-132,401677309.44,147.04429,-9.42056,147.0443,-9.42056,50,3,126,294,54,33,186,102,140,0,,,,,,,,,,,,,,,,,,,,,,,,,,,,,
"",176405,5171,-9.42255,147.04403,3,05/16/2020 06:49:46,Argos,0,527,SR,,401677308.62,05/16/2020 06:51:17,2,16,0,-130,401677308.62,147.04403,-9.42255,147.04404,-9.42255,56,3,133,219,80,37,169,66,101,5,,,,,,,,,,,,,,,,,,,,,,,,,,,,,
"",176405,5171,-9.42056,147.04429,3,05/16/2020 06:49:37,Argos,0,455,NP,,401677309.44,05/16/2020 06:51:17,2,9,0,-132,401677309.44,147.04429,-9.42056,147.0443,-9.42056,50,3,126,294,54,33,186,66,101,5,,,,,,,,,,,,,,,,,,,,,,,,,,,,,
"",176405,5171,-9.42056,147.04429,3,05/16/2020 06:49:37,Argos,0,455,NP,,401677309.44,05/16/2020 06:51:31,1,9,0,-132,401677309.44,147.04429,-9.42056,147.0443,-9.42056,50,3,126,294,54,33,186,95,69,207,,,,,,,,,,,,,,,,,,,,,,,,,,,,,
"",176405,5171,-9.42255,147.04403,3,05/16/2020 06:49:46,Argos,0,527,SR,,401677308.62,05/16/2020 06:52:00,3,16,0,-130,401677308.62,147.04403,-9.42255,147.04404,-9.42255,56,3,133,219,80,37,169,10,0,16,,,,,,,,,,,,,,,,,,,,,,,,,,,,,
"",176405,5171,-9.42056,147.04429,3,05/16/2020 06:49:37,Argos,0,455,NP,,401677309.44,05/16/2020 06:52:42,1,9,0,-132,401677309.44,147.04429,-9.42056,147.0443,-9.42056,50,3,126,294,54,33,186,92,74,207,,,,,,,,,,,,,,,,,,,,,,,,,,,,,
"",176405,5171,-9.42255,147.04403,3,05/16/2020 06:49:46,Argos,0,527,SR,,401677308.62,05/16/2020 06:52:57,1,16,0,-130,401677308.62,147.04403,-9.42255,147.04404,-9.42255,56,3,133,219,80,37,169,109,139,0,,,,,,,,,,,,,,,,,,,,,,,,,,,,,
"",176405,5171,-9.42056,147.04429,3,05/16/2020 06:49:37,Argos,0,455,NP,,401677309.44,05/16/2020 06:53:11,2,9,0,-132,401677309.44,147.04429,-9.42056,147.0443,-9.42056,50,3,126,294,54,33,186,10,0,16,,,,,,,,,,,,,,,,,,,,,,,,,,,,,
"",176405,5171,-9.42255,147.04403,3,05/16/2020 06:49:46,Argos,0,527,SR,,401677308.62,05/16/2020 06:53:25,3,16,0,-130,401677308.62,147.04403,-9.42255,147.04404,-9.42255,56,3,133,219,80,37,169,22,75,24,,,,,,,,,,,,,,,,,,,,,,,,,,,,,
"",176405,5171,-9.42255,147.04403,3,05/16/2020 06:49:46,Argos,0,527,SR,,401677308.62,05/16/2020 06:53:39,1,16,0,-130,401677308.62,147.04403,-9.42255,147.04404,-9.42255,56,3,133,219,80,37,169,76,99,5,,,,,,,,,,,,,,,,,,,,,,,,,,,,,
"",176405,5171,-9.42255,147.04403,3,05/16/2020 06:49:46,Argos,0,527,SR,,401677308.62,05/16/2020 06:54:08,1,16,0,-130,401677308.62,147.04403,-9.42255,147.04404,-9.42255,56,3,133,219,80,37,169,67,80,131,220,168,40,58,164,104,27,115,207,211,158,161,22,1,255,255,214,49,255,192,,,,,,,,,
"",176405,5171,-9.42056,147.04429,3,05/16/2020 06:49:37,Argos,0,455,NP,,401677309.44,05/16/2020 06:54:36,1,9,0,-132,401677309.44,147.04429,-9.42056,147.0443,-9.42056,50,3,126,294,54,33,186,10,0,20,,,,,,,,,,,,,,,,,,,,,,,,,,,,,
"",176405,5171,-9.42056,147.04429,3,05/16/2020 06:49:37,Argos,0,455,NP,,401677309.44,05/16/2020 06:54:50,2,9,0,-132,401677309.44,147.04429,-9.42056,147.0443,-9.42056,50,3,126,294,54,33,186,22,75,24,,,,,,,,,,,,,,,,,,,,,,,,,,,,,
"",176405,5171,-9.42056,147.04429,3,05/16/2020 06:49:37,Argos,0,455,NP,,401677309.44,05/16/2020 06:55:05,1,9,0,-132,401677309.44,147.04429,-9.42056,147.0443,-9.42056,50,3,126,294,54,33,186,71,100,5,,,,,,,,,,,,,,,,,,,,,,,,,,,,,
"",176405,5171,-9.42056,147.04429,3,05/16/2020 06:49:37,Argos,0,455,NP,,401677309.44,05/16/2020 06:55:19,1,9,0,-132,401677309.44,147.04429,-9.42056,147.0443,-9.42056,50,3,126,294,54,33,186,95,85,207,,,,,,,,,,,,,,,,,,,,,,,,,,,,,
"",176405,5171,-9.42056,147.04429,3,05/16/2020 06:49:37,Argos,0,455,NP,,401677309.44,05/16/2020 06:56:44,2,9,0,-132,401677309.44,147.04429,-9.42056,147.0443,-9.42056,50,3,126,294,54,33,186,109,139,0,,,,,,,,,,,,,,,,,,,,,,,,,,,,,
"",176405,5171,-9.42256,147.04349,2,05/17/2020 06:43:20,Argos,0,285,NP,,401677311.25,05/17/2020 06:38:43,1,8,0,-136,401677311.25,147.04349,-9.42256,147.04349,-9.42256,50,3,398,1478,107,24,1087,22,75,24,,,,,,,,,,,,,,,,,,,,,,,,,,,,,
"",176405,5171,-9.42256,147.04349,2,05/17/2020 06:43:20,Argos,0,285,NP,,401677311.25,05/17/2020 06:39:12,1,8,0,-136,401677311.25,147.04349,-9.42256,147.04349,-9.42256,50,3,398,1478,107,24,1087,91,11,208,,,,,,,,,,,,,,,,,,,,,,,,,,,,,
"",176405,5171,-9.42256,147.04349,2,05/17/2020 06:43:20,Argos,0,285,NP,,401677311.25,05/17/2020 06:40:09,1,8,0,-136,401677311.25,147.04349,-9.42256,147.04349,-9.42256,50,3,398,1478,107,24,1087,79,108,5,,,,,,,,,,,,,,,,,,,,,,,,,,,,,
"",176405,5171,-9.42256,147.04349,2,05/17/2020 06:43:20,Argos,0,285,NP,,401677311.25,05/17/2020 06:40:23,1,8,0,-136,401677311.25,147.04349,-9.42256,147.04349,-9.42256,50,3,398,1478,107,24,1087,92,16,208,,,,,,,,,,,,,,,,,,,,,,,,,,,,,
"",176405,5171,-9.42256,147.04349,2,05/17/2020 06:43:20,Argos,0,285,NP,,401677311.25,05/17/2020 06:40:37,1,8,0,-136,401677311.25,147.04349,-9.42256,147.04349,-9.42256,50,3,398,1478,107,24,1087,110,140,0,,,,,,,,,,,,,,,,,,,,,,,,,,,,,
"",176405,5171,-9.42256,147.04349,2,05/17/2020 06:43:20,Argos,0,285,NP,,401677311.25,05/17/2020 06:41:34,1,8,0,-136,401677311.25,147.04349,-9.42256,147.04349,-9.42256,50,3,398,1478,107,24,1087,93,21,208,,,,,,,,,,,,,,,,,,,,,,,,,,,,,
"",176405,5171,-9.41704,147.04942,B,05/17/2020 06:43:20,Argos,0,14,NP,,401677309.68,05/17/2020 06:43:13,1,2,0,-136,401677309.68,147.04942,-9.41704,147.04942,-9.41704,0,3,3646,4205,3160,109,7948,102,140,0,,,,,,,,,,,,,,,,,,,,,,,,,,,,,
"",176405,5171,-9.41704,147.04942,B,05/17/2020 06:43:20,Argos,0,14,NP,,401677309.68,05/17/2020 06:43:28,1,2,0,-136,401677309.68,147.04942,-9.41704,147.04942,-9.41704,0,3,3646,4205,3160,109,7948,10,0,16,,,,,,,,,,,,,,,,,,,,,,,,,,,,,
"",176405,5171,-9.43036,147.02988,B,05/17/2020 23:58:52,Argos,0,0,MC,,401677317.63,05/17/2020 23:58:53,1,1,0,-127,401677317.63,147.02988,-9.43036,147.02988,-9.43036,0,3,4013,4948,3255,149,11349,32,22,32,0,0,0,0,0,0,0,0,49,255,152,105,67,22,0,0,0,0,0,0,0,0,0,4,255,127,74,155,
"",176405,5171,-9.42151,147.04492,3,05/19/2020 06:54:52,Argos,0,412,SR,,401677308.99,05/19/2020 06:51:32,1,17,0,-128,401677308.99,147.04492,-9.42151,147.04492,-9.42151,50,3,139,227,84,1,263,83,61,210,,,,,,,,,,,,,,,,,,,,,,,,,,,,,
"",176405,5171,-9.42151,147.04492,3,05/19/2020 06:54:52,Argos,0,412,SR,,401677308.99,05/19/2020 06:52:15,1,17,0,-128,401677308.99,147.04492,-9.42151,147.04492,-9.42151,50,3,139,227,84,1,263,2,0,16,,,,,,,,,,,,,,,,,,,,,,,,,,,,,
"",176405,5171,-9.42151,147.04492,3,05/19/2020 06:54:52,Argos,0,412,SR,,401677308.99,05/19/2020 06:53:12,1,17,0,-128,401677308.99,147.04492,-9.42151,147.04492,-9.42151,50,3,139,227,84,1,263,102,140,0,,,,,,,,,,,,,,,,,,,,,,,,,,,,,
"",176405,5171,-9.42151,147.04492,3,05/19/2020 06:54:52,Argos,0,412,SR,,401677308.99,05/19/2020 06:55:20,1,17,0,-128,401677308.99,147.04492,-9.42151,147.04492,-9.42151,50,3,139,227,84,1,263,80,77,210,,,,,,,,,,,,,,,,,,,,,,,,,,,,,
"",176405,5171,-9.42151,147.04492,3,05/19/2020 06:54:52,Argos,0,412,SR,,401677308.99,05/19/2020 06:55:34,2,17,0,-128,401677308.99,147.04492,-9.42151,147.04492,-9.42151,50,3,139,227,84,1,263,109,139,0,,,,,,,,,,,,,,,,,,,,,,,,,,,,,
"",176405,5171,-9.42151,147.04492,3,05/19/2020 06:54:52,Argos,0,412,SR,,401677308.99,05/19/2020 06:55:48,1,17,0,-128,401677308.99,147.04492,-9.42151,147.04492,-9.42151,50,3,139,227,84,1,263,10,0,16,,,,,,,,,,,,,,,,,,,,,,,,,,,,,
"",176405,5171,-9.42151,147.04492,3,05/19/2020 06:54:52,Argos,0,412,SR,,401677308.99,05/19/2020 06:56:03,4,17,0,-128,401677308.99,147.04492,-9.42151,147.04492,-9.42151,50,3,139,227,84,1,263,22,75,24,,,,,,,,,,,,,,,,,,,,,,,,,,,,,
"",176405,5171,-9.42151,147.04492,3,05/19/2020 06:54:52,Argos,0,412,SR,,401677308.99,05/19/2020 06:56:17,2,17,0,-128,401677308.99,147.04492,-9.42151,147.04492,-9.42151,50,3,139,227,84,1,263,66,117,5,,,,,,,,,,,,,,,,,,,,,,,,,,,,,
"",176405,5171,-9.42151,147.04492,3,05/19/2020 06:54:52,Argos,0,412,SR,,401677308.99,05/19/2020 06:56:31,1,17,0,-128,401677308.99,147.04492,-9.42151,147.04492,-9.42151,50,3,139,227,84,1,263,83,82,210,,,,,,,,,,,,,,,,,,,,,,,,,,,,,
"",176405,5171,-9.42151,147.04492,3,05/19/2020 06:54:52,Argos,0,412,SR,,401677308.99,05/19/2020 06:56:45,1,17,0,-128,401677308.99,147.04492,-9.42151,147.04492,-9.42151,50,3,139,227,84,1,263,109,203,0,,,,,,,,,,,,,,,,,,,,,,,,,,,,,
"",176405,5171,-9.42151,147.04492,3,05/19/2020 06:54:52,Argos,0,412,SR,,401677308.99,05/19/2020 06:57:42,1,17,0,-128,401677308.99,147.04492,-9.42151,147.04492,-9.42151,50,3,139,227,84,1,263,88,16,131,220,168,40,58,164,105,155,172,80,213,164,175,22,1,255,255,215,81,255,192,,,,,,,,,
"",176405,5171,-9.42151,147.04492,3,05/19/2020 06:54:52,Argos,0,412,SR,,401677308.99,05/19/2020 06:57:56,1,17,0,-128,401677308.99,147.04492,-9.42151,147.04492,-9.42151,50,3,139,227,84,1,263,81,88,210,,,,,,,,,,,,,,,,,,,,,,,,,,,,,
"",176405,5171,-9.41881,147.04564,B,05/20/2020 06:25:13,Argos,0,0,SR,,401677308.29,05/20/2020 06:25:14,1,1,0,-137,401677308.29,147.04564,-9.41881,147.04564,-9.41881,0,3,4205,7308,2419,116,11891,10,0,16,,,,,,,,,,,,,,,,,,,,,,,,,,,,,
"",176405,5171,-9.43666,147.05,B,05/23/2020 06:31:02,Argos,0,42,SR,,401677309.06,05/23/2020 06:30:41,1,2,0,-134,401677309.06,147.05,-9.43666,147.05,-9.43666,0,3,3152,11510,863,32,8911,10,0,16,,,,,,,,,,,,,,,,,,,,,,,,,,,,,
"",176405,5171,-9.43666,147.05,B,05/23/2020 06:31:02,Argos,0,42,SR,,401677309.06,05/23/2020 06:31:24,1,2,0,-134,401677309.06,147.05,-9.43666,147.05,-9.43666,0,3,3152,11510,863,32,8911,92,226,213,,,,,,,,,,,,,,,,,,,,,,,,,,,,,
"",176405,5171,-9.4236,147.04136,0,05/24/2020 06:56:37,Argos,0,84,NP,,401677309.64,05/24/2020 06:55:46,1,3,0,-131,401677309.64,147.04136,-9.4236,147.04137,-9.4236,50,3,3192,29291,347,91,9025,64,207,5,,,,,,,,,,,,,,,,,,,,,,,,,,,,,
"",176405,5171,-9.4236,147.04136,0,05/24/2020 06:56:37,Argos,0,84,NP,,401677309.64,05/24/2020 06:56:57,1,3,0,-131,401677309.64,147.04136,-9.4236,147.04137,-9.4236,50,3,3192,29291,347,91,9025,74,16,131,220,168,40,58,164,108,27,160,207,83,174,165,22,1,255,255,212,241,255,192,,,,,,,,,
"",176405,5171,-9.4236,147.04136,0,05/24/2020 06:56:37,Argos,0,84,NP,,401677309.64,05/24/2020 06:57:11,1,3,0,-131,401677309.64,147.04136,-9.4236,147.04137,-9.4236,50,3,3192,29291,347,91,9025,64,79,5,,,,,,,,,,,,,,,,,,,,,,,,,,,,,
"",176405,5171,-9.4236,147.04136,0,05/24/2020 06:56:37,Argos,0,84,NP,,401677309.64,05/24/2020 06:57:25,1,3,0,-131,401677309.64,147.04136,-9.4236,147.04137,-9.4236,50,3,3192,29291,347,91,9025,82,84,215,,,,,,,,,,,,,,,,,,,,,,,,,,,,,
"",176405,5171,-9.42015,147.04397,2,05/25/2020 06:45:05,Argos,0,0,NP,,401677310.09,05/25/2020 06:45:06,1,1,0,-134,401677310.09,147.04397,-9.42015,147.04398,-9.42015,50,3,259,811,82,27,628,79,144,131,220,168,40,58,164,108,154,227,80,85,176,53,22,1,255,255,213,65,255,192,,,,,,,,,
"",176405,5171,-9.42015,147.04397,2,05/25/2020 06:45:05,Argos,0,0,NP,,401677310.09,05/25/2020 06:45:48,1,1,0,-134,401677310.09,147.04397,-9.42015,147.04398,-9.42015,50,3,259,811,82,27,628,22,75,24,,,,,,,,,,,,,,,,,,,,,,,,,,,,,
"",176405,5171,-9.42015,147.04397,2,05/25/2020 06:45:05,Argos,0,0,NP,,401677310.09,05/25/2020 06:46:31,1,1,0,-134,401677310.09,147.04397,-9.42015,147.04398,-9.42015,50,3,259,811,82,27,628,109,139,0,,,,,,,,,,,,,,,,,,,,,,,,,,,,,
"",176405,5171,-9.42015,147.04397,2,05/25/2020 06:45:05,Argos,0,0,NP,,401677310.09,05/25/2020 06:47:14,2,1,0,-134,401677310.09,147.04397,-9.42015,147.04398,-9.42015,50,3,259,811,82,27,628,66,85,5,,,,,,,,,,,,,,,,,,,,,,,,,,,,,
"",176405,5171,-9.42015,147.04397,2,05/25/2020 06:45:05,Argos,0,0,NP,,401677310.09,05/25/2020 06:48:39,1,1,0,-134,401677310.09,147.04397,-9.42015,147.04398,-9.42015,50,3,259,811,82,27,628,89,41,216,,,,,,,,,,,,,,,,,,,,,,,,,,,,,
"",176405,5171,-9.42015,147.04397,2,05/25/2020 06:45:05,Argos,0,0,NP,,401677310.09,05/25/2020 06:50:04,1,1,0,-134,401677310.09,147.04397,-9.42015,147.04398,-9.42015,50,3,259,811,82,27,628,102,140,0,,,,,,,,,,,,,,,,,,,,,,,,,,,,,
"",176405,5171,-9.42015,147.04397,2,05/25/2020 06:45:05,Argos,0,0,NP,,401677310.09,05/25/2020 06:50:19,1,1,0,-134,401677310.09,147.04397,-9.42015,147.04398,-9.42015,50,3,259,811,82,27,628,10,0,16,,,,,,,,,,,,,,,,,,,,,,,,,,,,,
"",176405,5171,-9.42015,147.04397,2,05/25/2020 06:45:05,Argos,0,0,NP,,401677310.09,05/25/2020 06:51:15,1,1,0,-134,401677310.09,147.04397,-9.42015,147.04398,-9.42015,50,3,259,811,82,27,628,80,52,216,,,,,,,,,,,,,,,,,,,,,,,,,,,,,
"",176405,5171,-9.42743,147.04544,B,05/26/2020 00:39:19,Argos,0,0,MC,,401677310.16,05/26/2020 00:39:19,1,1,0,-127,401677310.16,147.04544,-9.42743,147.04544,-9.42743,0,3,3619,6861,1909,78,10186,32,23,32,0,0,0,0,0,0,0,0,0,255,6,0,128,23,0,0,8,0,0,0,129,0,8,2,255,127,72,144,
"",176405,5171,-9.4247,147.04387,2,05/26/2020 06:37:54,Argos,0,342,SR,,401677307.09,05/26/2020 06:37:45,2,9,0,-133,401677307.09,147.04387,-9.4247,147.04387,-9.4247,58,3,309,786,121,50,683,71,84,5,,,,,,,,,,,,,,,,,,,,,,,,,,,,,
"",176405,5171,-9.4247,147.04387,2,05/26/2020 06:37:54,Argos,0,342,SR,,401677307.09,05/26/2020 06:37:59,1,9,0,-133,401677307.09,147.04387,-9.4247,147.04387,-9.4247,58,3,309,786,121,50,683,210,255,216,,,,,,,,,,,,,,,,,,,,,,,,,,,,,
"",176405,5171,-9.4247,147.04387,2,05/26/2020 06:37:54,Argos,0,342,SR,,401677307.09,05/26/2020 06:38:14,2,9,0,-133,401677307.09,147.04387,-9.4247,147.04387,-9.4247,58,3,309,786,121,50,683,102,140,0,,,,,,,,,,,,,,,,,,,,,,,,,,,,,
"",176405,5171,-9.42453,147.04405,B,05/26/2020 06:38:56,Argos,0,14,NP,,401677309.93,05/26/2020 06:38:42,1,2,0,-137,401677309.93,147.04405,-9.42453,147.04405,-9.42453,6,3,317,584,171,50,781,22,75,24,,,,,,,,,,,,,,,,,,,,,,,,,,,,,
"",176405,5171,-9.42665,147.04495,B,05/26/2020 06:38:56,Argos,0,0,NP,,401677310.7,05/26/2020 06:38:56,1,1,0,-137,401677310.7,147.04495,-9.42665,147.04495,-9.42665,8,3,3953,9787,1596,75,11179,76,83,5,,,,,,,,,,,,,,,,,,,,,,,,,,,,,
"",176405,5171,-9.4247,147.04387,2,05/26/2020 06:37:54,Argos,0,342,SR,,401677307.09,05/26/2020 06:39:39,3,9,0,-133,401677307.09,147.04387,-9.4247,147.04387,-9.4247,58,3,309,786,121,50,683,10,0,16,,,,,,,,,,,,,,,,,,,,,,,,,,,,,
"",176405,5171,-9.4247,147.04387,2,05/26/2020 06:37:54,Argos,0,342,SR,,401677307.09,05/26/2020 06:41:19,1,9,0,-133,401677307.09,147.04387,-9.4247,147.04387,-9.4247,58,3,309,786,121,50,683,73,82,5,,,,,,,,,,,,,,,,,,,,,,,,,,,,,
"",176405,5171,,,,,,,0,MC,,401650000,05/27/2020 23:58:53,1,1,0,-125,401650000,,,,,,,,,,,,32,23,96,0,0,0,0,0,0,0,0,0,255,134,0,123,23,64,0,0,0,0,0,0,0,0,0,255,101,0,249,
"",176405,5171,-9.42601,147.04,3,05/29/2020 06:44:53,Argos,0,384,SR,,401677307.57,05/29/2020 06:42:44,1,15,0,-134,401677307.57,147.04,-9.42601,147.04,-9.42601,50,3,142,363,55,65,276,150,75,24,,,,,,,,,,,,,,,,,,,,,,,,,,,,,
"",176405,5171,-9.42601,147.04,3,05/29/2020 06:44:53,Argos,0,384,SR,,401677307.57,05/29/2020 06:43:12,1,15,0,-134,401677307.57,147.04,-9.42601,147.04,-9.42601,50,3,142,363,55,65,276,84,12,220,,,,,,,,,,,,,,,,,,,,,,,,,,,,,
"",176405,5171,-9.42601,147.04,3,05/29/2020 06:44:53,Argos,0,384,SR,,401677307.57,05/29/2020 06:44:09,1,15,0,-134,401677307.57,147.04,-9.42601,147.04,-9.42601,50,3,142,363,55,65,276,75,104,5,,,,,,,,,,,,,,,,,,,,,,,,,,,,,
"",176405,5171,-9.42601,147.04,3,05/29/2020 06:44:53,Argos,0,384,SR,,401677307.57,05/29/2020 06:45:06,2,15,0,-134,401677307.57,147.04,-9.42601,147.04,-9.42601,50,3,142,363,55,65,276,22,75,24,,,,,,,,,,,,,,,,,,,,,,,,,,,,,
"",176405,5171,-9.42601,147.04,3,05/29/2020 06:44:53,Argos,0,384,SR,,401677307.57,05/29/2020 06:45:20,2,15,0,-134,401677307.57,147.04,-9.42601,147.04,-9.42601,50,3,142,363,55,65,276,72,103,5,,,,,,,,,,,,,,,,,,,,,,,,,,,,,
"",176405,5171,-9.42601,147.04,3,05/29/2020 06:44:53,Argos,0,384,SR,,401677307.57,05/29/2020 06:45:35,1,15,0,-134,401677307.57,147.04,-9.42601,147.04,-9.42601,50,3,142,363,55,65,276,86,22,220,,,,,,,,,,,,,,,,,,,,,,,,,,,,,
"",176405,5171,-9.42601,147.04,3,05/29/2020 06:44:53,Argos,0,384,SR,,401677307.57,05/29/2020 06:45:49,3,15,0,-134,401677307.57,147.04,-9.42601,147.04,-9.42601,50,3,142,363,55,65,276,102,140,0,,,,,,,,,,,,,,,,,,,,,,,,,,,,,
"",176405,5171,-9.42601,147.04,3,05/29/2020 06:44:53,Argos,0,384,SR,,401677307.57,05/29/2020 06:47:14,1,15,0,-134,401677307.57,147.04,-9.42601,147.04,-9.42601,50,3,142,363,55,65,276,109,139,0,,,,,,,,,,,,,,,,,,,,,,,,,,,,,
"",176405,5171,-9.42601,147.04,3,05/29/2020 06:44:53,Argos,0,384,SR,,401677307.57,05/29/2020 06:47:28,2,15,0,-134,401677307.57,147.04,-9.42601,147.04,-9.42601,50,3,142,363,55,65,276,10,0,16,,,,,,,,,,,,,,,,,,,,,,,,,,,,,
"",176405,5171,-9.42601,147.04,3,05/29/2020 06:44:53,Argos,0,384,SR,,401677307.57,05/29/2020 06:48:11,1,15,0,-134,401677307.57,147.04,-9.42601,147.04,-9.42601,50,3,142,363,55,65,276,93,97,220,,,,,,,,,,,,,,,,,,,,,,,,,,,,,
"",176405,5171,-9.42947,147.04394,B,05/29/2020 23:58:52,Argos,0,0,NN,,401677310.77,05/29/2020 23:58:53,1,1,0,-129,401677310.77,147.04394,-9.42947,147.04395,-9.42947,0,3,4168,4685,3707,45,11786,32,23,160,0,0,0,0,0,0,0,0,0,255,193,18,63,23,128,0,0,0,0,0,0,0,0,0,255,144,5,189,
"",176405,5171,-9.42435,147.04399,3,06/01/2020 06:50:09,Argos,0,526,SR,,401677306.41,06/01/2020 06:46:02,1,9,0,-132,401677306.41,147.04399,-9.42435,147.04399,-9.42435,50,3,231,398,133,43,303,82,17,223,,,,,,,,,,,,,,,,,,,,,,,,,,,,,
"",176405,5171,-9.42435,147.04399,3,06/01/2020 06:50:09,Argos,0,526,SR,,401677306.41,06/01/2020 06:46:30,1,9,0,-132,401677306.41,147.04399,-9.42435,147.04399,-9.42435,50,3,231,398,133,43,303,10,0,16,,,,,,,,,,,,,,,,,,,,,,,,,,,,,
"",176405,5171,-9.42435,147.04399,3,06/01/2020 06:50:09,Argos,0,526,SR,,401677306.41,06/01/2020 06:48:52,2,9,0,-132,401677306.41,147.04399,-9.42435,147.04399,-9.42435,50,3,231,398,133,43,303,109,139,0,,,,,,,,,,,,,,,,,,,,,,,,,,,,,
"",176405,5171,-9.42435,147.04399,3,06/01/2020 06:50:09,Argos,0,526,SR,,401677306.41,06/01/2020 06:51:43,2,9,0,-132,401677306.41,147.04399,-9.42435,147.04399,-9.42435,50,3,231,398,133,43,303,22,75,24,,,,,,,,,,,,,,,,,,,,,,,,,,,,,
"",176405,5171,-9.42435,147.04399,3,06/01/2020 06:50:09,Argos,0,526,SR,,401677306.41,06/01/2020 06:53:23,1,9,0,-132,401677306.41,147.04399,-9.42435,147.04399,-9.42435,50,3,231,398,133,43,303,85,56,223,,,,,,,,,,,,,,,,,,,,,,,,,,,,,
"",176405,5171,-9.42435,147.04399,3,06/01/2020 06:50:09,Argos,0,526,SR,,401677306.41,06/01/2020 06:54:34,1,9,0,-132,401677306.41,147.04399,-9.42435,147.04399,-9.42435,50,3,231,398,133,43,303,76,83,5,,,,,,,,,,,,,,,,,,,,,,,,,,,,,
"",176405,5171,-9.42435,147.04399,3,06/01/2020 06:50:09,Argos,0,526,SR,,401677306.41,06/01/2020 06:54:48,1,9,0,-132,401677306.41,147.04399,-9.42435,147.04399,-9.42435,50,3,231,398,133,43,303,91,62,223,,,,,,,,,,,,,,,,,,,,,,,,,,,,,
"",176405,5171,-9.4271,147.03474,1,06/02/2020 06:51:53,Argos,0,56,NP,,401677308.92,06/02/2020 06:51:29,1,4,0,-135,401677308.92,147.03474,-9.4271,147.03474,-9.4271,50,3,579,3141,106,65,1546,2,0,16,,,,,,,,,,,,,,,,,,,,,,,,,,,,,
"",176405,5171,-9.4271,147.03474,1,06/02/2020 06:51:53,Argos,0,56,NP,,401677308.92,06/02/2020 06:51:43,1,4,0,-135,401677308.92,147.03474,-9.4271,147.03474,-9.4271,50,3,579,3141,106,65,1546,22,75,24,,,,,,,,,,,,,,,,,,,,,,,,,,,,,
"",176405,5171,-9.4271,147.03474,1,06/02/2020 06:51:53,Argos,0,56,NP,,401677308.92,06/02/2020 06:51:57,1,4,0,-135,401677308.92,147.03474,-9.4271,147.03474,-9.4271,50,3,579,3141,106,65,1546,64,79,5,,,,,,,,,,,,,,,,,,,,,,,,,,,,,
"",176405,5171,-9.4271,147.03474,1,06/02/2020 06:51:53,Argos,0,56,NP,,401677308.92,06/02/2020 06:52:26,1,4,0,-135,401677308.92,147.03474,-9.4271,147.03474,-9.4271,50,3,579,3141,106,65,1546,109,139,0,,,,,,,,,,,,,,,,,,,,,,,,,,,,,
"",176405,5171,-9.4271,147.03474,1,06/02/2020 06:51:53,Argos,0,56,NP,,401677308.92,06/02/2020 06:53:08,1,4,0,-135,401677308.92,147.03474,-9.4271,147.03474,-9.4271,50,3,579,3141,106,65,1546,69,78,5,,,,,,,,,,,,,,,,,,,,,,,,,,,,,
"",176405,5171,-9.4271,147.03474,1,06/02/2020 06:51:53,Argos,0,56,NP,,401677308.92,06/02/2020 06:53:23,1,4,0,-135,401677308.92,147.03474,-9.4271,147.03474,-9.4271,50,3,579,3141,106,65,1546,86,50,224,,,,,,,,,,,,,,,,,,,,,,,,,,,,,
"",176405,5171,-9.4271,147.03474,1,06/02/2020 06:51:53,Argos,0,56,NP,,401677308.92,06/02/2020 06:53:37,2,4,0,-135,401677308.92,147.03474,-9.4271,147.03474,-9.4271,50,3,579,3141,106,65,1546,109,139,0,,,,,,,,,,,,,,,,,,,,,,,,,,,,,
"",176405,5171,-9.4271,147.03474,1,06/02/2020 06:51:53,Argos,0,56,NP,,401677308.92,06/02/2020 06:54:05,1,4,0,-135,401677308.92,147.03474,-9.4271,147.03474,-9.4271,50,3,579,3141,106,65,1546,85,48,131,220,168,40,58,164,97,27,115,81,85,192,107,22,1,255,255,212,225,255,192,,,,,,,,,
"",176405,5171,-9.4271,147.03474,1,06/02/2020 06:51:53,Argos,0,56,NP,,401677308.92,06/02/2020 06:54:19,3,4,0,-135,401677308.92,147.03474,-9.4271,147.03474,-9.4271,50,3,579,3141,106,65,1546,22,75,24,,,,,,,,,,,,,,,,,,,,,,,,,,,,,
"",176405,5171,-9.4271,147.03474,1,06/02/2020 06:51:53,Argos,0,56,NP,,401677308.92,06/02/2020 06:55:30,1,4,0,-135,401677308.92,147.03474,-9.4271,147.03474,-9.4271,50,3,579,3141,106,65,1546,22,67,24,,,,,,,,,,,,,,,,,,,,,,,,,,,,,
"",176405,5171,-9.42642,147.04363,1,06/03/2020 06:47:18,Argos,0,384,NP,,401677308.26,06/03/2020 06:41:02,1,4,0,-137,401677308.26,147.04363,-9.42642,147.04362,-9.42642,50,3,1274,6732,241,2,1423,67,64,5,,,,,,,,,,,,,,,,,,,,,,,,,,,,,
"",176405,5171,-9.42642,147.04363,1,06/03/2020 06:47:18,Argos,0,384,NP,,401677308.26,06/03/2020 06:42:27,1,4,0,-137,401677308.26,147.04363,-9.42642,147.04362,-9.42642,50,3,1274,6732,241,2,1423,87,8,225,,,,,,,,,,,,,,,,,,,,,,,,,,,,,
"",176405,5171,-9.40335,147.07086,B,06/03/2020 06:47:18,Argos,0,14,NP,,401677306.04,06/03/2020 06:47:12,1,2,0,-137,401677306.04,147.07086,-9.40335,147.07086,-9.40335,0,3,3164,4765,2101,90,8946,67,63,5,,,,,,,,,,,,,,,,,,,,,,,,,,,,,
"",176405,5171,-9.40335,147.07086,B,06/03/2020 06:47:18,Argos,0,14,NP,,401677306.04,06/03/2020 06:47:26,1,2,0,-137,401677306.04,147.07086,-9.40335,147.07086,-9.40335,0,3,3164,4765,2101,90,8946,86,29,225,,,,,,,,,,,,,,,,,,,,,,,,,,,,,
"",176405,5171,-9.42297,147.04484,3,06/04/2020 06:55:12,Argos,0,299,SR,,401677303.7,06/04/2020 06:52:54,1,16,0,-130,401677303.7,147.04484,-9.42297,147.04485,-9.42297,50,3,195,438,86,177,378,10,0,16,,,,,,,,,,,,,,,,,,,,,,,,,,,,,
"",176405,5171,-9.42297,147.04484,3,06/04/2020 06:55:12,Argos,0,299,SR,,401677303.7,06/04/2020 06:54:05,1,16,0,-130,401677303.7,147.04484,-9.42297,147.04485,-9.42297,50,3,195,438,86,177,378,10,0,24,,,,,,,,,,,,,,,,,,,,,,,,,,,,,
"",176405,5171,-9.42297,147.04484,3,06/04/2020 06:55:12,Argos,0,299,SR,,401677303.7,06/04/2020 06:54:48,1,16,0,-130,401677303.7,147.04484,-9.42297,147.04485,-9.42297,50,3,195,438,86,177,378,84,54,226,,,,,,,,,,,,,,,,,,,,,,,,,,,,,
"",176405,5171,-9.42297,147.04484,3,06/04/2020 06:55:12,Argos,0,299,SR,,401677303.7,06/04/2020 06:55:31,3,16,0,-130,401677303.7,147.04484,-9.42297,147.04485,-9.42297,50,3,195,438,86,177,378,22,75,24,,,,,,,,,,,,,,,,,,,,,,,,,,,,,
"",176405,5171,-9.42297,147.04484,3,06/04/2020 06:55:12,Argos,0,299,SR,,401677303.7,06/04/2020 06:55:45,2,16,0,-130,401677303.7,147.04484,-9.42297,147.04485,-9.42297,50,3,195,438,86,177,378,76,83,5,,,,,,,,,,,,,,,,,,,,,,,,,,,,,
"",176405,5171,-9.42297,147.04484,3,06/04/2020 06:55:12,Argos,0,299,SR,,401677303.7,06/04/2020 06:55:59,1,16,0,-130,401677303.7,147.04484,-9.42297,147.04485,-9.42297,50,3,195,438,86,177,378,93,59,226,,,,,,,,,,,,,,,,,,,,,,,,,,,,,
"",176405,5171,-9.42297,147.04484,3,06/04/2020 06:55:12,Argos,0,299,SR,,401677303.7,06/04/2020 06:56:13,3,16,0,-130,401677303.7,147.04484,-9.42297,147.04485,-9.42297,50,3,195,438,86,177,378,109,139,0,,,,,,,,,,,,,,,,,,,,,,,,,,,,,
"",176405,5171,-9.42297,147.04484,3,06/04/2020 06:55:12,Argos,0,299,SR,,401677303.7,06/04/2020 06:56:42,1,16,0,-130,401677303.7,147.04484,-9.42297,147.04485,-9.42297,50,3,195,438,86,177,378,22,75,56,,,,,,,,,,,,,,,,,,,,,,,,,,,,,
"",176405,5171,-9.42297,147.04484,3,06/04/2020 06:55:12,Argos,0,299,SR,,401677303.7,06/04/2020 06:56:56,1,16,0,-130,401677303.7,147.04484,-9.42297,147.04485,-9.42297,50,3,195,438,86,177,378,73,82,5,,,,,,,,,,,,,,,,,,,,,,,,,,,,,
"",176405,5171,-9.42297,147.04484,3,06/04/2020 06:55:12,Argos,0,299,SR,,401677303.7,06/04/2020 06:57:10,1,16,0,-130,401677303.7,147.04484,-9.42297,147.04485,-9.42297,50,3,195,438,86,177,378,89,64,226,,,,,,,,,,,,,,,,,,,,,,,,,,,,,
"",176405,5171,-9.42297,147.04484,3,06/04/2020 06:55:12,Argos,0,299,SR,,401677303.7,06/04/2020 06:57:39,1,16,0,-130,401677303.7,147.04484,-9.42297,147.04485,-9.42297,50,3,195,438,86,177,378,94,112,131,220,168,40,58,164,98,27,171,143,213,196,133,22,1,255,255,213,49,255,192,,,,,,,,,
"",176405,5171,-9.43207,147.03521,B,06/04/2020 23:58:51,Argos,0,0,MA,,401677308.06,06/04/2020 23:58:52,1,1,0,-133,401677308.06,147.03521,-9.43207,147.03522,-9.43207,0,3,4512,6464,3148,134,10689,32,24,128,0,0,0,0,0,0,0,0,103,255,118,86,129,24,96,0,0,0,0,0,0,0,0,255,108,63,7,209,
"",176405,5171,-9.43003,147.03399,B,06/05/2020 06:25:53,Argos,0,0,SR,,401677306.73,06/05/2020 06:25:54,1,1,0,-135,401677306.73,147.03399,-9.43003,147.034,-9.43003,8,3,4964,6758,3646,118,12175,92,240,131,220,168,40,58,164,98,153,176,79,149,197,127,24,1,255,255,215,1,255,192,,,,,,,,,
"",176405,5171,,,,,,,0,NN,,401650000,06/06/2020 23:58:52,1,1,0,-137,401650000,,,,,,,,,,,,32,24,192,0,0,0,0,0,0,0,0,1,255,171,0,173,24,160,0,0,0,0,0,0,0,0,53,255,218,1,233,
"",176405,5171,-9.43824,147.03892,1,06/08/2020 06:31:29,Argos,0,99,SR,,401677299.74,06/08/2020 06:30:37,1,6,0,-130,401677299.74,147.03892,-9.43824,147.03893,-9.43824,60,3,1491,11209,198,25,4208,196,91,5,,,,,,,,,,,,,,,,,,,,,,,,,,,,,
"",176405,5171,-9.43824,147.03892,1,06/08/2020 06:31:29,Argos,0,99,SR,,401677299.74,06/08/2020 06:31:20,1,6,0,-130,401677299.74,147.03892,-9.43824,147.03893,-9.43824,60,3,1491,11209,198,25,4208,10,0,16,,,,,,,,,,,,,,,,,,,,,,,,,,,,,
"",176405,5171,-9.43824,147.03892,1,06/08/2020 06:31:29,Argos,0,99,SR,,401677299.74,06/08/2020 06:31:34,1,6,0,-130,401677299.74,147.03892,-9.43824,147.03893,-9.43824,60,3,1491,11209,198,25,4208,150,73,24,,,,,,,,,,,,,,,,,,,,,,,,,,,,,
"",176405,5171,-9.43824,147.03892,1,06/08/2020 06:31:29,Argos,0,99,SR,,401677299.74,06/08/2020 06:32:03,1,6,0,-130,401677299.74,147.03892,-9.43824,147.03893,-9.43824,60,3,1491,11209,198,25,4208,86,208,229,,,,,,,,,,,,,,,,,,,,,,,,,,,,,
"",176405,5171,-9.43824,147.03892,1,06/08/2020 06:31:29,Argos,0,99,SR,,401677299.74,06/08/2020 06:32:17,2,6,0,-130,401677299.74,147.03892,-9.43824,147.03893,-9.43824,60,3,1491,11209,198,25,4208,102,140,0,,,,,,,,,,,,,,,,,,,,,,,,,,,,,
"",176405,5171,-9.44626,147.0502,B,06/08/2020 23:58:51,Argos,0,0,MB,,401677309.5,06/08/2020 23:58:52,1,1,0,-124,401677309.5,147.0502,-9.44626,147.0502,-9.44626,0,3,4463,5437,3662,32,12620,32,25,0,0,0,0,0,0,0,0,0,41,255,170,0,41,24,224,0,0,0,0,0,0,0,0,77,255,153,55,118,
"",176405,5171,-9.42271,147.04788,2,06/11/2020 06:38:37,Argos,0,327,SR,,401677310.04,06/11/2020 06:37:44,1,8,0,-132,401677310.04,147.04788,-9.42271,147.04788,-9.42271,50,3,398,957,165,57,784,109,139,0,,,,,,,,,,,,,,,,,,,,,,,,,,,,,
"",176405,5171,-9.42271,147.04788,2,06/11/2020 06:38:37,Argos,0,327,SR,,401677310.04,06/11/2020 06:37:58,1,8,0,-132,401677310.04,147.04788,-9.42271,147.04788,-9.42271,50,3,398,957,165,57,784,10,0,16,,,,,,,,,,,,,,,,,,,,,,,,,,,,,
"",176405,5171,-9.42271,147.04788,2,06/11/2020 06:38:37,Argos,0,327,SR,,401677310.04,06/11/2020 06:38:27,1,8,0,-132,401677310.04,147.04788,-9.42271,147.04788,-9.42271,50,3,398,957,165,57,784,75,104,5,,,,,,,,,,,,,,,,,,,,,,,,,,,,,
"",176405,5171,-9.42271,147.04788,2,06/11/2020 06:38:37,Argos,0,327,SR,,401677310.04,06/11/2020 06:38:55,2,8,0,-132,401677310.04,147.04788,-9.42271,147.04788,-9.42271,50,3,398,957,165,57,784,102,140,0,,,,,,,,,,,,,,,,,,,,,,,,,,,,,
"",176405,5171,-9.42271,147.04788,2,06/11/2020 06:38:37,Argos,0,327,SR,,401677310.04,06/11/2020 06:39:38,1,8,0,-132,401677310.04,147.04788,-9.42271,147.04788,-9.42271,50,3,398,957,165,57,784,72,103,5,,,,,,,,,,,,,,,,,,,,,,,,,,,,,
"",176405,5171,-9.42271,147.04788,2,06/11/2020 06:38:37,Argos,0,327,SR,,401677310.04,06/11/2020 06:41:46,2,8,0,-132,401677310.04,147.04788,-9.42271,147.04788,-9.42271,50,3,398,957,165,57,784,22,75,24,,,,,,,,,,,,,,,,,,,,,,,,,,,,,
"",176405,5171,-9.42174,147.04686,2,06/11/2020 06:52:54,Argos,0,0,NP,,401650000,06/11/2020 06:47:27,1,1,0,-139,401650000,147.04686,-9.42174,147.04686,-9.42174,66,3,341,1068,108,27,918,109,139,0,,,,,,,,,,,,,,,,,,,,,,,,,,,,,
"",176405,5171,-9.42174,147.04686,2,06/11/2020 06:52:54,Argos,0,0,NP,,401650000,06/11/2020 06:48:10,1,1,0,-139,401650000,147.04686,-9.42174,147.04686,-9.42174,66,3,341,1068,108,27,918,66,101,5,,,,,,,,,,,,,,,,,,,,,,,,,,,,,
"",176405,5171,-9.42174,147.04686,2,06/11/2020 06:52:54,Argos,0,0,NP,,401650000,06/11/2020 06:48:24,1,1,0,-139,401650000,147.04686,-9.42174,147.04686,-9.42174,66,3,341,1068,108,27,918,89,22,233,,,,,,,,,,,,,,,,,,,,,,,,,,,,,
"",176405,5171,-9.42174,147.04686,2,06/11/2020 06:52:54,Argos,0,0,NP,,401650000,06/11/2020 06:48:53,1,1,0,-139,401650000,147.04686,-9.42174,147.04686,-9.42174,66,3,341,1068,108,27,918,73,176,131,220,168,40,58,164,101,155,32,80,213,210,49,22,1,255,255,214,81,255,192,,,,,,,,,
"",176405,5171,-9.42174,147.04686,2,06/11/2020 06:52:54,Argos,0,0,NP,,401650000,06/11/2020 06:49:07,1,1,0,-139,401650000,147.04686,-9.42174,147.04686,-9.42174,66,3,341,1068,108,27,918,10,0,16,,,,,,,,,,,,,,,,,,,,,,,,,,,,,
"",176405,5171,-9.42174,147.04686,2,06/11/2020 06:52:54,Argos,0,0,NP,,401650000,06/11/2020 06:52:55,1,1,0,-139,401650000,147.04686,-9.42174,147.04686,-9.42174,66,3,341,1068,108,27,918,22,75,24,,,,,,,,,,,,,,,,,,,,,,,,,,,,,
"",176405,5171,-9.42298,147.04384,3,06/14/2020 06:44:30,Argos,0,441,SR,,401677305.88,06/14/2020 06:41:32,1,18,0,-130,401677305.88,147.04384,-9.42298,147.04384,-9.42298,50,3,165,373,73,45,316,84,240,235,,,,,,,,,,,,,,,,,,,,,,,,,,,,,
"",176405,5171,-9.42298,147.04384,3,06/14/2020 06:44:30,Argos,0,441,SR,,401677305.88,06/14/2020 06:42:01,1,18,0,-130,401677305.88,147.04384,-9.42298,147.04384,-9.42298,50,3,165,373,73,45,316,10,0,0,,,,,,,,,,,,,,,,,,,,,,,,,,,,,
"",176405,5171,-9.42298,147.04384,3,06/14/2020 06:44:30,Argos,0,441,SR,,401677305.88,06/14/2020 06:42:43,1,18,0,-130,401677305.88,147.04384,-9.42298,147.04384,-9.42298,50,3,165,373,73,45,316,85,245,235,,,,,,,,,,,,,,,,,,,,,,,,,,,,,
"",176405,5171,-9.42298,147.04384,3,06/14/2020 06:44:30,Argos,0,441,SR,,401677305.88,06/14/2020 06:43:54,1,18,0,-130,401677305.88,147.04384,-9.42298,147.04384,-9.42298,50,3,165,373,73,45,316,86,250,235,,,,,,,,,,,,,,,,,,,,,,,,,,,,,
"",176405,5171,-9.42298,147.04384,3,06/14/2020 06:44:30,Argos,0,441,SR,,401677305.88,06/14/2020 06:45:20,2,18,0,-130,401677305.88,147.04384,-9.42298,147.04384,-9.42298,50,3,165,373,73,45,316,102,140,0,,,,,,,,,,,,,,,,,,,,,,,,,,,,,
"",176405,5171,-9.42298,147.04384,3,06/14/2020 06:44:30,Argos,0,441,SR,,401677305.88,06/14/2020 06:45:48,4,18,0,-130,401677305.88,147.04384,-9.42298,147.04384,-9.42298,50,3,165,373,73,45,316,22,75,24,,,,,,,,,,,,,,,,,,,,,,,,,,,,,
"",176405,5171,-9.42298,147.04384,3,06/14/2020 06:44:30,Argos,0,441,SR,,401677305.88,06/14/2020 06:46:45,1,18,0,-130,401677305.88,147.04384,-9.42298,147.04384,-9.42298,50,3,165,373,73,45,316,90,81,131,220,168,40,58,160,103,26,253,144,85,216,13,24,1,255,255,214,177,255,192,,,,,,,,,
"",176405,5171,-9.42298,147.04384,3,06/14/2020 06:44:30,Argos,0,441,SR,,401677305.88,06/14/2020 06:47:42,1,18,0,-130,401677305.88,147.04384,-9.42298,147.04384,-9.42298,50,3,165,373,73,45,316,90,10,236,,,,,,,,,,,,,,,,,,,,,,,,,,,,,
"",176405,5171,-9.42298,147.04384,3,06/14/2020 06:44:30,Argos,0,441,SR,,401677305.88,06/14/2020 06:47:56,1,18,0,-130,401677305.88,147.04384,-9.42298,147.04384,-9.42298,50,3,165,373,73,45,316,109,139,0,,,,,,,,,,,,,,,,,,,,,,,,,,,,,
"",176405,5171,-9.42298,147.04384,3,06/14/2020 06:44:30,Argos,0,441,SR,,401677305.88,06/14/2020 06:48:11,1,18,0,-130,401677305.88,147.04384,-9.42298,147.04384,-9.42298,50,3,165,373,73,45,316,10,0,16,,,,,,,,,,,,,,,,,,,,,,,,,,,,,
"",176405,5171,-9.42298,147.04384,3,06/14/2020 06:44:30,Argos,0,441,SR,,401677305.88,06/14/2020 06:48:39,4,18,0,-130,401677305.88,147.04384,-9.42298,147.04384,-9.42298,50,3,165,373,73,45,316,79,108,5,,,,,,,,,,,,,,,,,,,,,,,,,,,,,
"",176405,5171,-9.42458,147.04214,3,06/17/2020 06:51:02,Argos,0,469,SR,,401677306,06/17/2020 06:48:08,1,11,0,-133,401677306,147.04214,-9.42458,147.04214,-9.42458,50,3,126,223,71,58,177,93,208,131,216,168,40,58,164,104,155,20,79,85,222,27,22,1,255,255,212,241,255,192,,,,,,,,,
"",176405,5171,-9.42458,147.04214,3,06/17/2020 06:51:02,Argos,0,469,SR,,401677306,06/17/2020 06:48:51,1,11,0,-133,401677306,147.04214,-9.42458,147.04214,-9.42458,50,3,126,223,71,58,177,22,75,24,,,,,,,,,,,,,,,,,,,,,,,,,,,,,
"",176405,5171,-9.42458,147.04214,3,06/17/2020 06:51:02,Argos,0,469,SR,,401677306,06/17/2020 06:49:19,1,11,0,-133,401677306,147.04214,-9.42458,147.04214,-9.42458,50,3,126,223,71,58,177,87,18,239,,,,,,,,,,,,,,,,,,,,,,,,,,,,,
"",176405,5171,-9.42458,147.04214,3,06/17/2020 06:51:02,Argos,0,469,SR,,401677306,06/17/2020 06:50:30,1,11,0,-133,401677306,147.04214,-9.42458,147.04214,-9.42458,50,3,126,223,71,58,177,86,23,239,,,,,,,,,,,,,,,,,,,,,,,,,,,,,
"",176405,5171,-9.42458,147.04214,3,06/17/2020 06:51:02,Argos,0,469,SR,,401677306,06/17/2020 06:50:59,1,11,0,-133,401677306,147.04214,-9.42458,147.04214,-9.42458,50,3,126,223,71,58,177,10,0,16,,,,,,,,,,,,,,,,,,,,,,,,,,,,,
"",176405,5171,-9.42458,147.04214,3,06/17/2020 06:51:02,Argos,0,469,SR,,401677306,06/17/2020 06:51:27,2,11,0,-133,401677306,147.04214,-9.42458,147.04214,-9.42458,50,3,126,223,71,58,177,64,79,5,,,,,,,,,,,,,,,,,,,,,,,,,,,,,
"",176405,5171,-9.42458,147.04214,3,06/17/2020 06:51:02,Argos,0,469,SR,,401677306,06/17/2020 06:53:07,2,11,0,-133,401677306,147.04214,-9.42458,147.04214,-9.42458,50,3,126,223,71,58,177,109,139,0,,,,,,,,,,,,,,,,,,,,,,,,,,,,,
"",176405,5171,-9.42458,147.04214,3,06/17/2020 06:51:02,Argos,0,469,SR,,401677306,06/17/2020 06:55:15,1,11,0,-133,401677306,147.04214,-9.42458,147.04214,-9.42458,50,3,126,223,71,58,177,71,80,5,,,,,,,,,,,,,,,,,,,,,,,,,,,,,
"",176405,5171,-9.42458,147.04214,3,06/17/2020 06:51:02,Argos,0,469,SR,,401677306,06/17/2020 06:55:29,1,11,0,-133,401677306,147.04214,-9.42458,147.04214,-9.42458,50,3,126,223,71,58,177,81,44,239,,,,,,,,,,,,,,,,,,,,,,,,,,,,,
"",176405,5171,-9.42434,147.0437,1,06/19/2020 06:54:13,Argos,0,56,NP,,401677306.17,06/19/2020 06:53:50,1,3,0,-138,401677306.17,147.0437,-9.42434,147.0437,-9.42434,60,3,540,2875,101,63,1500,22,75,28,,,,,,,,,,,,,,,,,,,,,,,,,,,,,
"",176405,5171,-9.42434,147.0437,1,06/19/2020 06:54:13,Argos,0,56,NP,,401677306.17,06/19/2020 06:54:04,1,3,0,-138,401677306.17,147.0437,-9.42434,147.0437,-9.42434,60,3,540,2875,101,63,1500,70,81,5,,,,,,,,,,,,,,,,,,,,,,,,,,,,,
"",176405,5171,-9.42434,147.0437,1,06/19/2020 06:54:13,Argos,0,56,NP,,401677306.17,06/19/2020 06:54:47,1,3,0,-138,401677306.17,147.0437,-9.42434,147.0437,-9.42434,60,3,540,2875,101,63,1500,10,0,16,,,,,,,,,,,,,,,,,,,,,,,,,,,,,
"",176405,5171,-9.42434,147.0437,1,06/19/2020 06:54:13,Argos,0,56,NP,,401677306.17,06/19/2020 06:55:30,1,3,0,-138,401677306.17,147.0437,-9.42434,147.0437,-9.42434,60,3,540,2875,101,63,1500,93,42,241,,,,,,,,,,,,,,,,,,,,,,,,,,,,,
"",176405,5171,-9.42434,147.0437,1,06/19/2020 06:54:13,Argos,0,56,NP,,401677306.17,06/19/2020 06:55:44,1,3,0,-138,401677306.17,147.0437,-9.42434,147.0437,-9.42434,60,3,540,2875,101,63,1500,109,139,0,,,,,,,,,,,,,,,,,,,,,,,,,,,,,
"",176405,5171,-9.42434,147.0437,1,06/19/2020 06:54:13,Argos,0,56,NP,,401677306.17,06/19/2020 06:56:12,1,3,0,-138,401677306.17,147.0437,-9.42434,147.0437,-9.42434,60,3,540,2875,101,63,1500,22,75,26,,,,,,,,,,,,,,,,,,,,,,,,,,,,,
"",176405,5171,-9.42434,147.0437,1,06/19/2020 06:54:13,Argos,0,56,NP,,401677306.17,06/19/2020 06:57:09,3,3,0,-138,401677306.17,147.0437,-9.42434,147.0437,-9.42434,60,3,540,2875,101,63,1500,10,0,16,,,,,,,,,,,,,,,,,,,,,,,,,,,,,
"",176405,5171,-9.42434,147.0437,1,06/19/2020 06:54:13,Argos,0,56,NP,,401677306.17,06/19/2020 06:57:52,3,3,0,-138,401677306.17,147.0437,-9.42434,147.0437,-9.42434,60,3,540,2875,101,63,1500,67,80,5,,,,,,,,,,,,,,,,,,,,,,,,,,,,,
"",176405,5171,-9.41954,147.04708,1,06/20/2020 06:49:19,Argos,0,256,NP,,401677305.97,06/20/2020 06:45:04,1,5,0,-135,401677305.97,147.04708,-9.41954,147.04707,-9.41954,50,3,608,1837,201,170,1276,22,75,24,,,,,,,,,,,,,,,,,,,,,,,,,,,,,
"",176405,5171,-9.41954,147.04708,1,06/20/2020 06:49:19,Argos,0,256,NP,,401677305.97,06/20/2020 06:45:47,1,5,0,-135,401677305.97,147.04708,-9.41954,147.04707,-9.41954,50,3,608,1837,201,170,1276,89,48,131,220,168,40,58,164,106,26,238,17,19,227,247,24,1,255,255,213,65,255,192,,,,,,,,,
"",176405,5171,-9.41954,147.04708,1,06/20/2020 06:49:19,Argos,0,256,NP,,401677305.97,06/20/2020 06:46:43,1,5,0,-135,401677305.97,147.04708,-9.41954,147.04707,-9.41954,50,3,608,1837,201,170,1276,66,85,5,,,,,,,,,,,,,,,,,,,,,,,,,,,,,
"",176405,5171,-9.41954,147.04708,1,06/20/2020 06:49:19,Argos,0,256,NP,,401677305.97,06/20/2020 06:47:12,1,5,0,-135,401677305.97,147.04708,-9.41954,147.04707,-9.41954,50,3,608,1837,201,170,1276,109,139,0,,,,,,,,,,,,,,,,,,,,,,,,,,,,,
"",176405,5171,-9.42347,147.04369,B,06/20/2020 06:49:19,Argos,0,0,NP,,401677306.71,06/20/2020 06:49:20,1,1,0,-135,401677306.71,147.04369,-9.42347,147.04369,-9.42347,0,3,4260,7564,2398,60,12046,88,10,242,,,,,,,,,,,,,,,,,,,,,,,,,,,,,
"",176405,5171,-9.42045,147.04496,2,06/20/2020 06:55:11,Argos,0,256,SR,,401677306.63,06/20/2020 06:52:25,1,4,0,-133,401677306.63,147.04496,-9.42045,147.04495,-9.42045,56,3,301,947,95,144,798,10,0,16,,,,,,,,,,,,,,,,,,,,,,,,,,,,,
"",176405,5171,-9.42045,147.04496,2,06/20/2020 06:55:11,Argos,0,256,SR,,401677306.63,06/20/2020 06:56:26,2,4,0,-133,401677306.63,147.04496,-9.42045,147.04495,-9.42045,56,3,301,947,95,144,798,73,82,5,,,,,,,,,,,,,,,,,,,,,,,,,,,,,
"",176405,5171,-9.42045,147.04496,2,06/20/2020 06:55:11,Argos,0,256,SR,,401677306.63,06/20/2020 06:56:41,1,4,0,-133,401677306.63,147.04496,-9.42045,147.04495,-9.42045,56,3,301,947,95,144,798,87,41,242,,,,,,,,,,,,,,,,,,,,,,,,,,,,,
"",176405,5171,-9.42401,147.04355,B,06/20/2020 23:58:50,Argos,0,0,MC,,401677306.64,06/20/2020 23:58:51,1,1,0,-130,401677306.64,147.04355,-9.42401,147.04355,-9.42401,0,3,3254,10588,999,111,9198,32,26,128,0,0,0,0,0,0,0,0,127,255,199,0,100,26,96,0,0,0,0,0,0,0,0,139,255,198,0,222,
"",176405,5171,-9.41355,147.05427,0,06/21/2020 06:26:23,Argos,0,84,SR,,401677310.92,06/21/2020 06:26:20,1,4,0,-133,401677310.92,147.05427,-9.41355,147.05428,-9.41355,58,3,3552,15067,837,36,5516,80,172,242,,,,,,,,,,,,,,,,,,,,,,,,,,,,,
"",176405,5171,-9.41355,147.05427,0,06/21/2020 06:26:23,Argos,0,84,SR,,401677310.92,06/21/2020 06:26:34,1,4,0,-133,401677310.92,147.05427,-9.41355,147.05428,-9.41355,58,3,3552,15067,837,36,5516,102,140,0,,,,,,,,,,,,,,,,,,,,,,,,,,,,,
"",176405,5171,-9.41355,147.05427,0,06/21/2020 06:26:23,Argos,0,84,SR,,401677310.92,06/21/2020 06:27:03,2,4,0,-133,401677310.92,147.05427,-9.41355,147.05428,-9.41355,58,3,3552,15067,837,36,5516,22,75,24,,,,,,,,,,,,,,,,,,,,,,,,,,,,,
"",176405,5171,-9.42511,147.05289,0,06/24/2020 06:32:36,Argos,0,84,SR,,401677307.77,06/24/2020 06:32:01,1,4,0,-131,401677307.77,147.05289,-9.42511,147.05289,-9.42511,50,3,4631,30056,713,41,7062,10,0,16,,,,,,,,,,,,,,,,,,,,,,,,,,,,,
"",176405,5171,-9.42511,147.05289,0,06/24/2020 06:32:36,Argos,0,84,SR,,401677307.77,06/24/2020 06:32:44,1,4,0,-131,401677307.77,147.05289,-9.42511,147.05289,-9.42511,50,3,4631,30056,713,41,7062,83,190,245,,,,,,,,,,,,,,,,,,,,,,,,,,,,,
"",176405,5171,-9.42511,147.05289,0,06/24/2020 06:32:36,Argos,0,84,SR,,401677307.77,06/24/2020 06:33:26,2,4,0,-131,401677307.77,147.05289,-9.42511,147.05289,-9.42511,50,3,4631,30056,713,41,7062,22,75,24,,,,,,,,,,,,,,,,,,,,,,,,,,,,,
"",176405,5171,-9.42468,147.04074,3,06/27/2020 06:39:34,Argos,0,356,SR,,401677302.3,06/27/2020 06:36:45,1,16,0,-132,401677302.3,147.04074,-9.42468,147.04074,-9.42468,50,3,154,445,53,58,290,81,208,248,,,,,,,,,,,,,,,,,,,,,,,,,,,,,
"",176405,5171,-9.42468,147.04074,3,06/27/2020 06:39:34,Argos,0,356,SR,,401677302.3,06/27/2020 06:36:59,1,16,0,-132,401677302.3,147.04074,-9.42468,147.04074,-9.42468,50,3,154,445,53,58,290,90,240,131,220,168,40,58,172,109,158,98,79,83,241,163,24,1,255,255,212,241,255,192,,,,,,,,,
"",176405,5171,-9.42468,147.04074,3,06/27/2020 06:39:34,Argos,0,356,SR,,401677302.3,06/27/2020 06:38:25,1,16,0,-132,401677302.3,147.04074,-9.42468,147.04074,-9.42468,50,3,154,445,53,58,290,109,171,0,,,,,,,,,,,,,,,,,,,,,,,,,,,,,
"",176405,5171,-9.42468,147.04074,3,06/27/2020 06:39:34,Argos,0,356,SR,,401677302.3,06/27/2020 06:39:07,1,16,0,-132,401677302.3,147.04074,-9.42468,147.04074,-9.42468,50,3,154,445,53,58,290,64,79,5,,,,,,,,,,,,,,,,,,,,,,,,,,,,,
"",176405,5171,-9.42468,147.04074,3,06/27/2020 06:39:34,Argos,0,356,SR,,401677302.3,06/27/2020 06:39:21,1,16,0,-132,401677302.3,147.04074,-9.42468,147.04074,-9.42468,50,3,154,445,53,58,290,86,223,233,,,,,,,,,,,,,,,,,,,,,,,,,,,,,
"",176405,5171,-9.42468,147.04074,3,06/27/2020 06:39:34,Argos,0,356,SR,,401677302.3,06/27/2020 06:39:36,1,16,0,-132,401677302.3,147.04074,-9.42468,147.04074,-9.42468,50,3,154,445,53,58,290,102,140,0,,,,,,,,,,,,,,,,,,,,,,,,,,,,,
"",176405,5171,-9.42468,147.04074,3,06/27/2020 06:39:34,Argos,0,356,SR,,401677302.3,06/27/2020 06:39:50,3,16,0,-132,401677302.3,147.04074,-9.42468,147.04074,-9.42468,50,3,154,445,53,58,290,10,0,16,,,,,,,,,,,,,,,,,,,,,,,,,,,,,
"",176405,5171,-9.42468,147.04074,3,06/27/2020 06:39:34,Argos,0,356,SR,,401677302.3,06/27/2020 06:41:58,1,16,0,-132,401677302.3,147.04074,-9.42468,147.04074,-9.42468,50,3,154,445,53,58,290,103,140,0,,,,,,,,,,,,,,,,,,,,,,,,,,,,,
"",176405,5171,-9.42468,147.04074,3,06/27/2020 06:39:34,Argos,0,356,SR,,401677302.3,06/27/2020 06:42:12,1,16,0,-132,401677302.3,147.04074,-9.42468,147.04074,-9.42468,50,3,154,445,53,58,290,10,32,16,,,,,,,,,,,,,,,,,,,,,,,,,,,,,
"",176405,5171,-9.42468,147.04074,3,06/27/2020 06:39:34,Argos,0,356,SR,,401677302.3,06/27/2020 06:42:26,4,16,0,-132,401677302.3,147.04074,-9.42468,147.04074,-9.42468,50,3,154,445,53,58,290,22,75,24,,,,,,,,,,,,,,,,,,,,,,,,,,,,,
"",176405,5171,-9.42468,147.04074,3,06/27/2020 06:39:34,Argos,0,356,SR,,401677302.3,06/27/2020 06:42:41,1,16,0,-132,401677302.3,147.04074,-9.42468,147.04074,-9.42468,50,3,154,445,53,58,290,69,78,5,,,,,,,,,,,,,,,,,,,,,,,,,,,,,
"",176405,5171,-9.41658,147.04554,B,06/28/2020 06:56:25,Argos,0,0,NP,,401650000,06/28/2020 06:49:48,1,1,0,-140,401650000,147.04554,-9.41658,147.04555,-9.41658,0,3,2686,61724,116,14,7212,10,0,16,,,,,,,,,,,,,,,,,,,,,,,,,,,,,
"",176405,5171,-9.42377,147.04386,3,06/28/2020 06:56:25,Argos,0,398,NP,,401677305.2,06/28/2020 06:50:02,1,9,0,-130,401677305.2,147.04386,-9.42377,147.04385,-9.42377,60,3,205,399,104,27,498,22,75,24,,,,,,,,,,,,,,,,,,,,,,,,,,,,,
"",176405,5171,-9.42377,147.04386,3,06/28/2020 06:56:25,Argos,0,398,NP,,401677305.2,06/28/2020 06:50:16,1,9,0,-130,401677305.2,147.04386,-9.42377,147.04385,-9.42377,60,3,205,399,104,27,498,73,82,5,,,,,,,,,,,,,,,,,,,,,,,,,,,,,
"",176405,5171,-9.42377,147.04386,3,06/28/2020 06:56:25,Argos,0,398,NP,,401677305.2,06/28/2020 06:51:27,1,9,0,-130,401677305.2,147.04386,-9.42377,147.04385,-9.42377,60,3,205,399,104,27,498,73,80,5,,,,,,,,,,,,,,,,,,,,,,,,,,,,,
"",176405,5171,-9.42377,147.04386,3,06/28/2020 06:56:25,Argos,0,398,NP,,401677305.2,06/28/2020 06:52:38,1,9,0,-130,401677305.2,147.04386,-9.42377,147.04385,-9.42377,60,3,205,399,104,27,498,70,81,5,,,,,,,,,,,,,,,,,,,,,,,,,,,,,
"",176405,5171,-9.42377,147.04386,3,06/28/2020 06:56:25,Argos,0,398,NP,,401677305.2,06/28/2020 06:52:53,1,9,0,-130,401677305.2,147.04386,-9.42377,147.04385,-9.42377,60,3,205,399,104,27,498,20,14,250,,,,,,,,,,,,,,,,,,,,,,,,,,,,,
"",176405,5171,-9.42377,147.04386,3,06/28/2020 06:56:25,Argos,0,398,NP,,401677305.2,06/28/2020 06:53:21,2,9,0,-130,401677305.2,147.04386,-9.42377,147.04385,-9.42377,60,3,205,399,104,27,498,10,0,16,,,,,,,,,,,,,,,,,,,,,,,,,,,,,
"",176405,5171,-9.41658,147.04554,B,06/28/2020 06:56:25,Argos,0,0,NP,,401650000,06/28/2020 06:56:26,1,1,0,-140,401650000,147.04554,-9.41658,147.04555,-9.41658,0,3,2686,61724,116,14,7212,67,80,5,,,,,,,,,,,,,,,,,,,,,,,,,,,,,
"",176405,5171,-9.42738,147.04711,B,06/29/2020 00:39:16,Argos,0,0,MC,,401677307.17,06/29/2020 00:39:16,1,1,0,-125,401677307.17,147.04711,-9.42738,147.0471,-9.42738,0,3,4034,5096,3193,49,11408,32,27,128,0,0,0,0,0,0,0,0,203,255,200,0,130,27,96,0,0,0,0,0,0,0,0,183,255,173,0,24,
"",176405,5171,-9.42545,147.04363,3,06/30/2020 06:45:25,Argos,0,398,SR,,401677302.07,06/30/2020 06:43:21,1,19,0,-131,401677302.07,147.04363,-9.42545,147.04362,-9.42545,50,3,165,369,73,49,364,91,227,251,,,,,,,,,,,,,,,,,,,,,,,,,,,,,
"",176405,5171,-9.42545,147.04363,3,06/30/2020 06:45:25,Argos,0,398,SR,,401677302.07,06/30/2020 06:44:32,1,19,0,-131,401677302.07,147.04363,-9.42545,147.04362,-9.42545,50,3,165,369,73,49,364,92,232,251,,,,,,,,,,,,,,,,,,,,,,,,,,,,,
"",176405,5171,-9.42545,147.04363,3,06/30/2020 06:45:25,Argos,0,398,SR,,401677302.07,06/30/2020 06:44:47,1,19,0,-131,401677302.07,147.04363,-9.42545,147.04362,-9.42545,50,3,165,369,73,49,364,109,171,0,,,,,,,,,,,,,,,,,,,,,,,,,,,,,
"",176405,5171,-9.42545,147.04363,3,06/30/2020 06:45:25,Argos,0,398,SR,,401677302.07,06/30/2020 06:45:15,1,19,0,-131,401677302.07,147.04363,-9.42545,147.04362,-9.42545,50,3,165,369,73,49,364,23,75,24,,,,,,,,,,,,,,,,,,,,,,,,,,,,,
"",176405,5171,-9.42545,147.04363,3,06/30/2020 06:45:25,Argos,0,398,SR,,401677302.07,06/30/2020 06:45:29,3,19,0,-131,401677302.07,147.04363,-9.42545,147.04362,-9.42545,50,3,165,369,73,49,364,77,57,5,,,,,,,,,,,,,,,,,,,,,,,,,,,,,
"",176405,5171,-9.42545,147.04363,3,06/30/2020 06:45:25,Argos,0,398,SR,,401677302.07,06/30/2020 06:45:58,1,19,0,-131,401677302.07,147.04363,-9.42545,147.04362,-9.42545,50,3,165,369,73,49,364,102,140,0,,,,,,,,,,,,,,,,,,,,,,,,,,,,,
"",176405,5171,-9.42545,147.04363,3,06/30/2020 06:45:25,Argos,0,398,SR,,401677302.07,06/30/2020 06:46:12,3,19,0,-131,401677302.07,147.04363,-9.42545,147.04362,-9.42545,50,3,165,369,73,49,364,10,0,16,,,,,,,,,,,,,,,,,,,,,,,,,,,,,
"",176405,5171,-9.42545,147.04363,3,06/30/2020 06:45:25,Argos,0,398,SR,,401677302.07,06/30/2020 06:46:26,3,19,0,-131,401677302.07,147.04363,-9.42545,147.04362,-9.42545,50,3,165,369,73,49,364,22,75,24,,,,,,,,,,,,,,,,,,,,,,,,,,,,,
"",176405,5171,-9.42545,147.04363,3,06/30/2020 06:45:25,Argos,0,398,SR,,401677302.07,06/30/2020 06:46:40,1,19,0,-131,401677302.07,147.04363,-9.42545,147.04362,-9.42545,50,3,165,369,73,49,364,84,208,131,220,168,40,58,164,111,26,252,208,213,247,227,22,1,255,255,211,129,255,192,,,,,,,,,
"",176405,5171,-9.42545,147.04363,3,06/30/2020 06:45:25,Argos,0,398,SR,,401677302.07,06/30/2020 06:47:09,1,19,0,-131,401677302.07,147.04363,-9.42545,147.04362,-9.42545,50,3,165,369,73,49,364,94,243,251,,,,,,,,,,,,,,,,,,,,,,,,,,,,,
"",176405,5171,-9.42545,147.04363,3,06/30/2020 06:45:25,Argos,0,398,SR,,401677302.07,06/30/2020 06:48:34,2,19,0,-131,401677302.07,147.04363,-9.42545,147.04362,-9.42545,50,3,165,369,73,49,364,109,139,0,,,,,,,,,,,,,,,,,,,,,,,,,,,,,
"",176405,5171,-9.42545,147.04363,3,06/30/2020 06:45:25,Argos,0,398,SR,,401677302.07,06/30/2020 06:49:17,1,19,0,-131,401677302.07,147.04363,-9.42545,147.04362,-9.42545,50,3,165,369,73,49,364,75,55,5,,,,,,,,,,,,,,,,,,,,,,,,,,,,,
"",176405,5171,-9.42531,147.0419,3,07/03/2020 06:52:50,Argos,0,426,SR,,401677300.95,07/03/2020 06:49:45,1,21,0,-130,401677300.95,147.0419,-9.42531,147.0419,-9.42531,50,3,127,334,48,70,168,76,67,5,,,,,,,,,,,,,,,,,,,,,,,,,,,,,
"",176405,5171,-9.42531,147.0419,3,07/03/2020 06:52:50,Argos,0,426,SR,,401677300.95,07/03/2020 06:50:00,1,21,0,-130,401677300.95,147.0419,-9.42531,147.0419,-9.42531,50,3,127,334,48,70,168,93,0,255,,,,,,,,,,,,,,,,,,,,,,,,,,,,,
"",176405,5171,-9.42531,147.0419,3,07/03/2020 06:52:50,Argos,0,426,SR,,401677300.95,07/03/2020 06:51:11,1,21,0,-130,401677300.95,147.0419,-9.42531,147.0419,-9.42531,50,3,127,334,48,70,168,92,5,255,,,,,,,,,,,,,,,,,,,,,,,,,,,,,
"",176405,5171,-9.42531,147.0419,3,07/03/2020 06:52:50,Argos,0,426,SR,,401677300.95,07/03/2020 06:52:22,1,21,0,-130,401677300.95,147.0419,-9.42531,147.0419,-9.42531,50,3,127,334,48,70,168,95,10,255,,,,,,,,,,,,,,,,,,,,,,,,,,,,,
"",176405,5171,-9.42531,147.0419,3,07/03/2020 06:52:50,Argos,0,426,SR,,401677300.95,07/03/2020 06:54:01,1,21,0,-130,401677300.95,147.0419,-9.42531,147.0419,-9.42531,50,3,127,334,48,70,168,69,80,131,220,168,40,58,164,97,155,115,15,83,254,35,22,1,255,255,212,33,255,192,,,,,,,,,
"",176405,5171,-9.42531,147.0419,3,07/03/2020 06:52:50,Argos,0,426,SR,,401677300.95,07/03/2020 06:55:12,1,21,0,-130,401677300.95,147.0419,-9.42531,147.0419,-9.42531,50,3,127,334,48,70,168,109,171,0,,,,,,,,,,,,,,,,,,,,,,,,,,,,,
"",176405,5171,-9.42531,147.0419,3,07/03/2020 06:52:50,Argos,0,426,SR,,401677300.95,07/03/2020 06:55:27,5,21,0,-130,401677300.95,147.0419,-9.42531,147.0419,-9.42531,50,3,127,334,48,70,168,10,0,16,,,,,,,,,,,,,,,,,,,,,,,,,,,,,
"",176405,5171,-9.42531,147.0419,3,07/03/2020 06:52:50,Argos,0,426,SR,,401677300.95,07/03/2020 06:55:41,4,21,0,-130,401677300.95,147.0419,-9.42531,147.0419,-9.42531,50,3,127,334,48,70,168,22,75,24,,,,,,,,,,,,,,,,,,,,,,,,,,,,,
"",176405,5171,-9.42531,147.0419,3,07/03/2020 06:52:50,Argos,0,426,SR,,401677300.95,07/03/2020 06:55:55,2,21,0,-130,401677300.95,147.0419,-9.42531,147.0419,-9.42531,50,3,127,334,48,70,168,73,66,5,,,,,,,,,,,,,,,,,,,,,,,,,,,,,
"",176405,5171,-9.42531,147.0419,3,07/03/2020 06:52:50,Argos,0,426,SR,,401677300.95,07/03/2020 06:56:09,1,21,0,-130,401677300.95,147.0419,-9.42531,147.0419,-9.42531,50,3,127,334,48,70,168,95,26,255,,,,,,,,,,,,,,,,,,,,,,,,,,,,,
"",176405,5171,-9.42531,147.0419,3,07/03/2020 06:52:50,Argos,0,426,SR,,401677300.95,07/03/2020 06:56:23,3,21,0,-130,401677300.95,147.0419,-9.42531,147.0419,-9.42531,50,3,127,334,48,70,168,109,139,0,,,,,,,,,,,,,,,,,,,,,,,,,,,,,
"",176405,5171,-9.4233,147.04642,3,07/06/2020 06:55:54,Argos,0,213,SR,,401677304.15,07/06/2020 06:53:48,1,9,0,-131,401677304.15,147.04642,-9.4233,147.04642,-9.4233,50,3,227,831,61,148,494,209,8,2,,,,,,,,,,,,,,,,,,,,,,,,,,,,,
"",176405,5171,-9.4233,147.04642,3,07/06/2020 06:55:54,Argos,0,213,SR,,401677304.15,07/06/2020 06:55:41,1,9,0,-131,401677304.15,147.04642,-9.4233,147.04642,-9.4233,50,3,227,831,61,148,494,22,75,24,,,,,,,,,,,,,,,,,,,,,,,,,,,,,
"",176405,5171,-9.4233,147.04642,3,07/06/2020 06:55:54,Argos,0,213,SR,,401677304.15,07/06/2020 06:56:10,1,9,0,-131,401677304.15,147.04642,-9.4233,147.04642,-9.4233,50,3,227,831,61,148,494,83,18,2,,,,,,,,,,,,,,,,,,,,,,,,,,,,,
"",176405,5171,-9.4233,147.04642,3,07/06/2020 06:55:54,Argos,0,213,SR,,401677304.15,07/06/2020 06:56:24,2,9,0,-131,401677304.15,147.04642,-9.4233,147.04642,-9.4233,50,3,227,831,61,148,494,109,139,0,,,,,,,,,,,,,,,,,,,,,,,,,,,,,
"",176405,5171,-9.4233,147.04642,3,07/06/2020 06:55:54,Argos,0,213,SR,,401677304.15,07/06/2020 06:56:38,1,9,0,-131,401677304.15,147.04642,-9.4233,147.04642,-9.4233,50,3,227,831,61,148,494,10,0,16,,,,,,,,,,,,,,,,,,,,,,,,,,,,,
"",176405,5171,-9.42299,147.04629,A,07/06/2020 06:57:16,Argos,0,0,NP,,401650000,07/06/2020 06:56:53,1,1,0,-136,401650000,147.04629,-9.42299,147.0463,-9.42299,6,3,254,406,158,146,654,22,75,24,,,,,,,,,,,,,,,,,,,,,,,,,,,,,
"",176405,5171,-9.4233,147.04642,3,07/06/2020 06:55:54,Argos,0,213,SR,,401677304.15,07/06/2020 06:57:07,2,9,0,-131,401677304.15,147.04642,-9.4233,147.04642,-9.4233,50,3,227,831,61,148,494,76,83,5,,,,,,,,,,,,,,,,,,,,,,,,,,,,,
"",176405,5171,-9.4233,147.04642,3,07/06/2020 06:55:54,Argos,0,213,SR,,401677304.15,07/06/2020 06:57:21,1,9,0,-131,401677304.15,147.04642,-9.4233,147.04642,-9.4233,50,3,227,831,61,148,494,82,23,2,,,,,,,,,,,,,,,,,,,,,,,,,,,,,
"",176405,5171,-9.42299,147.04629,A,07/06/2020 06:57:16,Argos,0,0,NP,,401650000,07/06/2020 06:57:21,1,1,0,-136,401650000,147.04629,-9.42299,147.0463,-9.42299,6,3,254,406,158,146,654,82,23,2,,,,,,,,,,,,,,,,,,,,,,,,,,,,,
"",176405,5171,-9.42299,147.04629,A,07/06/2020 06:57:16,Argos,0,0,NP,,401650000,07/06/2020 06:57:35,1,1,0,-136,401650000,147.04629,-9.42299,147.0463,-9.42299,6,3,254,406,158,146,654,67,176,131,220,168,40,58,164,99,27,171,208,82,4,49,22,1,255,255,213,33,255,192,,,,,,,,,
"",176405,5171,-9.42505,147.05151,B,07/07/2020 06:27:07,Argos,0,14,SR,,401677305.53,07/07/2020 06:27:00,1,2,0,-133,401677305.53,147.05151,-9.42505,147.05151,-9.42505,0,3,3035,3637,2531,84,8580,93,154,2,,,,,,,,,,,,,,,,,,,,,,,,,,,,,
"",176405,5171,-9.42505,147.05151,B,07/07/2020 06:27:07,Argos,0,14,SR,,401677305.53,07/07/2020 06:27:14,1,2,0,-133,401677305.53,147.05151,-9.42505,147.05151,-9.42505,0,3,3035,3637,2531,84,8580,102,140,0,,,,,,,,,,,,,,,,,,,,,,,,,,,,,
"",176405,5171,-9.42127,147.04952,1,07/07/2020 06:48:00,Argos,0,185,NP,,401677305.24,07/07/2020 06:46:12,1,5,0,-137,401677305.24,147.04952,-9.42127,147.04951,-9.42127,66,3,828,4075,168,30,2325,22,75,24,,,,,,,,,,,,,,,,,,,,,,,,,,,,,
"",176405,5171,-9.42127,147.04952,1,07/07/2020 06:48:00,Argos,0,185,NP,,401677305.24,07/07/2020 06:48:20,2,5,0,-137,401677305.24,147.04952,-9.42127,147.04951,-9.42127,66,3,828,4075,168,30,2325,10,0,16,,,,,,,,,,,,,,,,,,,,,,,,,,,,,
"",176405,5171,-9.42127,147.04952,1,07/07/2020 06:48:00,Argos,0,185,NP,,401677305.24,07/07/2020 06:49:03,1,5,0,-137,401677305.24,147.04952,-9.42127,147.04951,-9.42127,66,3,828,4075,168,30,2325,87,247,2,,,,,,,,,,,,,,,,,,,,,,,,,,,,,
"",176405,5171,-9.42127,147.04952,1,07/07/2020 06:48:00,Argos,0,185,NP,,401677305.24,07/07/2020 06:49:17,1,5,0,-137,401677305.24,147.04952,-9.42127,147.04951,-9.42127,66,3,828,4075,168,30,2325,109,131,8,,,,,,,,,,,,,,,,,,,,,,,,,,,,,
"",176405,5171,-9.43138,147.04232,0,07/10/2020 06:32:44,Argos,0,85,SR,,401677302.58,07/10/2020 06:32:28,1,5,0,-133,401677302.58,147.04232,-9.43138,147.04231,-9.43138,60,3,1957,10343,370,23,5528,102,140,0,,,,,,,,,,,,,,,,,,,,,,,,,,,,,
"",176405,5171,-9.43138,147.04232,0,07/10/2020 06:32:44,Argos,0,85,SR,,401677302.58,07/10/2020 06:32:42,1,5,0,-133,401677302.58,147.04232,-9.43138,147.04231,-9.43138,60,3,1957,10343,370,23,5528,10,0,16,,,,,,,,,,,,,,,,,,,,,,,,,,,,,
"",176405,5171,-9.43138,147.04232,0,07/10/2020 06:32:44,Argos,0,85,SR,,401677302.58,07/10/2020 06:33:10,2,5,0,-133,401677302.58,147.04232,-9.43138,147.04231,-9.43138,60,3,1957,10343,370,23,5528,79,92,5,,,,,,,,,,,,,,,,,,,,,,,,,,,,,
"",176405,5171,-9.43138,147.04232,0,07/10/2020 06:32:44,Argos,0,85,SR,,401677302.58,07/10/2020 06:33:25,1,5,0,-133,401677302.58,147.04232,-9.43138,147.04231,-9.43138,60,3,1957,10343,370,23,5528,90,172,5,,,,,,,,,,,,,,,,,,,,,,,,,,,,,
"",176405,5171,-9.43623,147.03891,B,07/10/2020 23:58:47,Argos,0,0,NN,,401677303.24,07/10/2020 23:58:48,1,1,0,-133,401677303.24,147.03891,-9.43623,147.03891,-9.43623,0,3,3735,6114,2281,129,10562,32,29,64,0,0,0,0,0,0,0,0,255,174,249,1,141,29,32,0,0,0,0,0,0,0,0,45,255,142,0,232,
"",176405,5171,-9.42445,147.04529,2,07/13/2020 06:40:24,Argos,0,355,SR,,401677303.93,07/13/2020 06:39:04,1,13,0,-131,401677303.93,147.04529,-9.42445,147.04529,-9.42445,50,3,308,763,124,58,555,102,140,0,,,,,,,,,,,,,,,,,,,,,,,,,,,,,
"",176405,5171,-9.42445,147.04529,2,07/13/2020 06:40:24,Argos,0,355,SR,,401677303.93,07/13/2020 06:40:01,1,13,0,-131,401677303.93,147.04529,-9.42445,147.04529,-9.42445,50,3,308,763,124,58,555,95,201,8,,,,,,,,,,,,,,,,,,,,,,,,,,,,,
"",176405,5171,-9.42445,147.04529,2,07/13/2020 06:40:24,Argos,0,355,SR,,401677303.93,07/13/2020 06:40:16,1,13,0,-131,401677303.93,147.04529,-9.42445,147.04529,-9.42445,50,3,308,763,124,58,555,109,139,0,,,,,,,,,,,,,,,,,,,,,,,,,,,,,
"",176405,5171,-9.42445,147.04529,2,07/13/2020 06:40:24,Argos,0,355,SR,,401677303.93,07/13/2020 06:40:30,1,13,0,-131,401677303.93,147.04529,-9.42445,147.04529,-9.42445,50,3,308,763,124,58,555,3,51,51,,,,,,,,,,,,,,,,,,,,,,,,,,,,,
"",176405,5171,-9.42445,147.04529,2,07/13/2020 06:40:24,Argos,0,355,SR,,401677303.93,07/13/2020 06:40:58,3,13,0,-131,401677303.93,147.04529,-9.42445,147.04529,-9.42445,50,3,308,763,124,58,555,78,89,5,,,,,,,,,,,,,,,,,,,,,,,,,,,,,
"",176405,5171,-9.42445,147.04529,2,07/13/2020 06:40:24,Argos,0,355,SR,,401677303.93,07/13/2020 06:41:13,1,13,0,-131,401677303.93,147.04529,-9.42445,147.04529,-9.42445,50,3,308,763,124,58,555,84,206,8,,,,,,,,,,,,,,,,,,,,,,,,,,,,,
"",176405,5171,-9.42445,147.04529,2,07/13/2020 06:40:24,Argos,0,355,SR,,401677303.93,07/13/2020 06:43:06,2,13,0,-131,401677303.93,147.04529,-9.42445,147.04529,-9.42445,50,3,308,763,124,58,555,10,0,16,,,,,,,,,,,,,,,,,,,,,,,,,,,,,
"",176405,5171,-9.42445,147.04529,2,07/13/2020 06:40:24,Argos,0,355,SR,,401677303.93,07/13/2020 06:43:20,3,13,0,-131,401677303.93,147.04529,-9.42445,147.04529,-9.42445,50,3,308,763,124,58,555,22,75,24,,,,,,,,,,,,,,,,,,,,,,,,,,,,,
"",176405,5171,,,,,,,0,MC,,401650000,07/14/2020 23:58:47,1,1,0,-127,401650000,,,,,,,,,,,,32,29,192,0,0,0,0,0,0,0,0,111,255,158,0,252,29,160,0,0,0,0,0,0,0,0,174,255,196,0,203,
"",176405,5171,-9.42617,147.04076,2,07/15/2020 06:57:04,Argos,0,0,NP,,401650000,07/15/2020 06:52:06,1,1,0,-138,401650000,147.04076,-9.42617,147.04076,-9.42617,50,3,457,1906,109,33,1147,22,75,152,,,,,,,,,,,,,,,,,,,,,,,,,,,,,
"",176405,5171,-9.42617,147.04076,2,07/15/2020 06:57:04,Argos,0,0,NP,,401650000,07/15/2020 06:52:20,1,1,0,-138,401650000,147.04076,-9.42617,147.04076,-9.42617,50,3,457,1906,109,33,1147,68,75,5,,,,,,,,,,,,,,,,,,,,,,,,,,,,,
"",176405,5171,-9.42617,147.04076,2,07/15/2020 06:57:04,Argos,0,0,NP,,401650000,07/15/2020 06:52:34,1,1,0,-138,401650000,147.04076,-9.42617,147.04076,-9.42617,50,3,457,1906,109,33,1147,91,208,131,220,168,40,58,164,103,155,91,143,210,21,247,22,1,255,255,212,177,255,192,,,,,,,,,
"",176405,5171,-9.42617,147.04076,2,07/15/2020 06:57:04,Argos,0,0,NP,,401650000,07/15/2020 06:52:48,1,1,0,-138,401650000,147.04076,-9.42617,147.04076,-9.42617,50,3,457,1906,109,33,1147,88,252,14,,,,,,,,,,,,,,,,,,,,,,,,,,,,,
"",176405,5171,-9.42617,147.04076,2,07/15/2020 06:57:04,Argos,0,0,NP,,401650000,07/15/2020 06:55:25,1,1,0,-138,401650000,147.04076,-9.42617,147.04076,-9.42617,50,3,457,1906,109,33,1147,109,131,2,,,,,,,,,,,,,,,,,,,,,,,,,,,,,
"",176405,5171,-9.42617,147.04076,2,07/15/2020 06:57:04,Argos,0,0,NP,,401650000,07/15/2020 06:57:04,1,1,0,-138,401650000,147.04076,-9.42617,147.04076,-9.42617,50,3,457,1906,109,33,1147,22,75,24,,,,,,,,,,,,,,,,,,,,,,,,,,,,,
"",176405,5171,-9.42329,147.04553,3,07/16/2020 06:46:08,Argos,0,384,SR,,401677300.65,07/16/2020 06:45:12,1,12,0,-134,401677300.65,147.04553,-9.42329,147.04553,-9.42329,50,3,220,460,104,39,418,89,214,11,,,,,,,,,,,,,,,,,,,,,,,,,,,,,
"",176405,5171,-9.42329,147.04553,3,07/16/2020 06:46:08,Argos,0,384,SR,,401677300.65,07/16/2020 06:45:27,2,12,0,-134,401677300.65,147.04553,-9.42329,147.04553,-9.42329,50,3,220,460,104,39,418,109,139,0,,,,,,,,,,,,,,,,,,,,,,,,,,,,,
"",176405,5171,-9.42329,147.04553,3,07/16/2020 06:46:08,Argos,0,384,SR,,401677300.65,07/16/2020 06:46:09,2,12,0,-134,401677300.65,147.04553,-9.42329,147.04553,-9.42329,50,3,220,460,104,39,418,78,54,5,,,,,,,,,,,,,,,,,,,,,,,,,,,,,
"",176405,5171,-9.42329,147.04553,3,07/16/2020 06:46:08,Argos,0,384,SR,,401677300.65,07/16/2020 06:46:38,1,12,0,-134,401677300.65,147.04553,-9.42329,147.04553,-9.42329,50,3,220,460,104,39,418,73,176,131,220,168,40,58,164,104,26,252,143,212,23,185,22,1,255,255,211,81,255,192,,,,,,,,,
"",176405,5171,-9.42329,147.04553,3,07/16/2020 06:46:08,Argos,0,384,SR,,401677300.65,07/16/2020 06:47:06,1,12,0,-134,401677300.65,147.04553,-9.42329,147.04553,-9.42329,50,3,220,460,104,39,418,10,0,16,,,,,,,,,,,,,,,,,,,,,,,,,,,,,
"",176405,5171,-9.42329,147.04553,3,07/16/2020 06:46:08,Argos,0,384,SR,,401677300.65,07/16/2020 06:47:20,2,12,0,-134,401677300.65,147.04553,-9.42329,147.04553,-9.42329,50,3,220,460,104,39,418,22,75,24,,,,,,,,,,,,,,,,,,,,,,,,,,,,,
"",176405,5171,-9.42329,147.04553,3,07/16/2020 06:46:08,Argos,0,384,SR,,401677300.65,07/16/2020 06:47:35,1,12,0,-134,401677300.65,147.04553,-9.42329,147.04553,-9.42329,50,3,220,460,104,39,418,65,53,5,,,,,,,,,,,,,,,,,,,,,,,,,,,,,
"",176405,5171,-9.42329,147.04553,3,07/16/2020 06:46:08,Argos,0,384,SR,,401677300.65,07/16/2020 06:48:46,1,12,0,-134,401677300.65,147.04553,-9.42329,147.04553,-9.42329,50,3,220,460,104,39,418,65,53,1,,,,,,,,,,,,,,,,,,,,,,,,,,,,,
"",176405,5171,-9.42329,147.04553,3,07/16/2020 06:46:08,Argos,0,384,SR,,401677300.65,07/16/2020 06:49:00,1,12,0,-134,401677300.65,147.04553,-9.42329,147.04553,-9.42329,50,3,220,460,104,39,418,89,230,11,,,,,,,,,,,,,,,,,,,,,,,,,,,,,
"",176405,5171,-9.42368,147.04235,3,07/19/2020 06:52:48,Argos,0,440,SR,,401677298.37,07/19/2020 06:49:29,1,22,0,-130,401677298.37,147.04235,-9.42368,147.04234,-9.42368,50,3,120,304,47,61,155,85,233,14,,,,,,,,,,,,,,,,,,,,,,,,,,,,,
"",176405,5171,-9.42368,147.04235,3,07/19/2020 06:52:48,Argos,0,440,SR,,401677298.37,07/19/2020 06:50:25,1,22,0,-130,401677298.37,147.04235,-9.42368,147.04234,-9.42368,50,3,120,304,47,61,155,76,60,5,,,,,,,,,,,,,,,,,,,,,,,,,,,,,
"",176405,5171,-9.42368,147.04235,3,07/19/2020 06:52:48,Argos,0,440,SR,,401677298.37,07/19/2020 06:50:40,1,22,0,-130,401677298.37,147.04235,-9.42368,147.04234,-9.42368,50,3,120,304,47,61,155,94,238,14,,,,,,,,,,,,,,,,,,,,,,,,,,,,,
"",176405,5171,-9.42368,147.04235,3,07/19/2020 06:52:48,Argos,0,440,SR,,401677298.37,07/19/2020 06:51:51,1,22,0,-130,401677298.37,147.04235,-9.42368,147.04234,-9.42368,50,3,120,304,47,61,155,87,243,14,,,,,,,,,,,,,,,,,,,,,,,,,,,,,
"",176405,5171,-9.42368,147.04235,3,07/19/2020 06:52:48,Argos,0,440,SR,,401677298.37,07/19/2020 06:54:13,1,22,0,-130,401677298.37,147.04235,-9.42368,147.04234,-9.42368,50,3,120,304,47,61,155,73,61,5,,,,,,,,,,,,,,,,,,,,,,,,,,,,,
"",176405,5171,-9.42368,147.04235,3,07/19/2020 06:52:48,Argos,0,440,SR,,401677298.37,07/19/2020 06:54:27,1,22,0,-130,401677298.37,147.04235,-9.42368,147.04234,-9.42368,50,3,120,304,47,61,155,94,254,14,,,,,,,,,,,,,,,,,,,,,,,,,,,,,
"",176405,5171,-9.42368,147.04235,3,07/19/2020 06:52:48,Argos,0,440,SR,,401677298.37,07/19/2020 06:55:24,2,22,0,-130,401677298.37,147.04235,-9.42368,147.04234,-9.42368,50,3,120,304,47,61,155,71,59,5,,,,,,,,,,,,,,,,,,,,,,,,,,,,,
"",176405,5171,-9.42368,147.04235,3,07/19/2020 06:52:48,Argos,0,440,SR,,401677298.37,07/19/2020 06:55:38,1,22,0,-130,401677298.37,147.04235,-9.42368,147.04234,-9.42368,50,3,120,304,47,61,155,81,3,7,,,,,,,,,,,,,,,,,,,,,,,,,,,,,
"",176405,5171,-9.42368,147.04235,3,07/19/2020 06:52:48,Argos,0,440,SR,,401677298.37,07/19/2020 06:55:52,3,22,0,-130,401677298.37,147.04235,-9.42368,147.04234,-9.42368,50,3,120,304,47,61,155,109,139,0,,,,,,,,,,,,,,,,,,,,,,,,,,,,,
"",176405,5171,-9.42368,147.04235,3,07/19/2020 06:52:48,Argos,0,440,SR,,401677298.37,07/19/2020 06:56:07,5,22,0,-130,401677298.37,147.04235,-9.42368,147.04234,-9.42368,50,3,120,304,47,61,155,10,0,16,,,,,,,,,,,,,,,,,,,,,,,,,,,,,
"",176405,5171,-9.42368,147.04235,3,07/19/2020 06:52:48,Argos,0,440,SR,,401677298.37,07/19/2020 06:56:21,4,22,0,-130,401677298.37,147.04235,-9.42368,147.04234,-9.42368,50,3,120,304,47,61,155,22,75,24,,,,,,,,,,,,,,,,,,,,,,,,,,,,,
"",176405,5171,-9.42368,147.04235,3,07/19/2020 06:52:48,Argos,0,440,SR,,401677298.37,07/19/2020 06:56:49,1,22,0,-130,401677298.37,147.04235,-9.42368,147.04234,-9.42368,50,3,120,304,47,61,155,86,8,15,,,,,,,,,,,,,,,,,,,,,,,,,,,,,
"",176405,5171,-9.42652,147.04686,2,07/22/2020 06:55:40,Argos,0,199,SR,,401677298.83,07/22/2020 06:54:12,1,4,0,-131,401677298.83,147.04686,-9.42652,147.04686,-9.42652,50,3,333,1754,63,140,896,67,64,5,,,,,,,,,,,,,,,,,,,,,,,,,,,,,
"",176405,5171,-9.42652,147.04686,2,07/22/2020 06:55:40,Argos,0,199,SR,,401677298.83,07/22/2020 06:54:40,1,4,0,-131,401677298.83,147.04686,-9.42652,147.04686,-9.42652,50,3,333,1754,63,140,896,109,139,0,,,,,,,,,,,,,,,,,,,,,,,,,,,,,
"",176405,5171,-9.42652,147.04686,2,07/22/2020 06:55:40,Argos,0,199,SR,,401677298.83,07/22/2020 06:56:20,1,4,0,-131,401677298.83,147.04686,-9.42652,147.04686,-9.42652,50,3,333,1754,63,140,896,22,75,24,,,,,,,,,,,,,,,,,,,,,,,,,,,,,
"",176405,5171,-9.42652,147.04686,2,07/22/2020 06:55:40,Argos,0,199,SR,,401677298.83,07/22/2020 06:56:34,1,4,0,-131,401677298.83,147.04686,-9.42652,147.04686,-9.42652,50,3,333,1754,63,140,896,70,62,5,,,,,,,,,,,,,,,,,,,,,,,,,,,,,
"",176405,5171,-9.42652,147.04686,2,07/22/2020 06:55:40,Argos,0,199,SR,,401677298.83,07/22/2020 06:56:48,1,4,0,-131,401677298.83,147.04686,-9.42652,147.04686,-9.42652,50,3,333,1754,63,140,896,89,0,18,,,,,,,,,,,,,,,,,,,,,,,,,,,,,
"",176405,5171,-9.42652,147.04686,2,07/22/2020 06:55:40,Argos,0,199,SR,,401677298.83,07/22/2020 06:57:02,2,4,0,-131,401677298.83,147.04686,-9.42652,147.04686,-9.42652,50,3,333,1754,63,140,896,109,139,0,,,,,,,,,,,,,,,,,,,,,,,,,,,,,
"",176405,5171,-9.42652,147.04686,2,07/22/2020 06:55:40,Argos,0,199,SR,,401677298.83,07/22/2020 06:57:31,1,4,0,-131,401677298.83,147.04686,-9.42652,147.04686,-9.42652,50,3,333,1754,63,140,896,78,208,131,220,168,40,58,164,107,27,171,15,212,36,7,22,1,255,255,211,241,255,192,,,,,,,,,
"",176405,5171,-9.42595,147.04713,B,07/23/2020 00:39:10,Argos,0,0,MC,,401677299.16,07/23/2020 00:39:10,1,1,0,-123,401677299.16,147.04713,-9.42595,147.04713,-9.42595,0,3,3772,7193,1978,80,10123,32,30,192,0,0,0,0,0,0,0,0,255,197,7,0,184,30,160,0,0,0,0,0,0,0,0,255,155,77,0,108,
"",176405,5171,-9.41882,147.04226,0,07/23/2020 06:27:42,Argos,0,84,SR,,401677302.34,07/23/2020 06:26:57,1,4,0,-136,401677302.34,147.04226,-9.41882,147.04227,-9.41882,58,3,4071,20720,799,37,6383,10,0,16,,,,,,,,,,,,,,,,,,,,,,,,,,,,,
"",176405,5171,-9.41882,147.04226,0,07/23/2020 06:27:42,Argos,0,84,SR,,401677302.34,07/23/2020 06:27:39,1,4,0,-136,401677302.34,147.04226,-9.41882,147.04227,-9.41882,58,3,4071,20720,799,37,6383,87,136,18,,,,,,,,,,,,,,,,,,,,,,,,,,,,,
"",176405,5171,-9.41882,147.04226,0,07/23/2020 06:27:42,Argos,0,84,SR,,401677302.34,07/23/2020 06:27:54,1,4,0,-136,401677302.34,147.04226,-9.41882,147.04227,-9.41882,58,3,4071,20720,799,37,6383,102,140,0,,,,,,,,,,,,,,,,,,,,,,,,,,,,,
"",176405,5171,-9.41882,147.04226,0,07/23/2020 06:27:42,Argos,0,84,SR,,401677302.34,07/23/2020 06:28:22,1,4,0,-136,401677302.34,147.04226,-9.41882,147.04227,-9.41882,58,3,4071,20720,799,37,6383,22,75,24,,,,,,,,,,,,,,,,,,,,,,,,,,,,,
"",176405,5171,-9.4134,147.04882,A,07/24/2020 06:51:07,Argos,0,71,NP,,401677299.46,07/24/2020 06:51:21,1,3,0,-136,401677299.46,147.04882,-9.4134,147.04881,-9.4134,0,3,2205,9908,490,5,6029,109,139,0,,,,,,,,,,,,,,,,,,,,,,,,,,,,,
"",176405,5171,-9.4134,147.04882,A,07/24/2020 06:51:07,Argos,0,71,NP,,401677299.46,07/24/2020 06:51:36,2,3,0,-136,401677299.46,147.04882,-9.4134,147.04881,-9.4134,0,3,2205,9908,490,5,6029,10,0,16,,,,,,,,,,,,,,,,,,,,,,,,,,,,,
"",176405,5171,-9.42675,147.05084,B,07/24/2020 23:58:45,Argos,0,0,MC,,401677304.27,07/24/2020 23:58:46,1,1,0,-127,401677304.27,147.05084,-9.42675,147.05084,-9.42675,0,3,3877,6070,2476,70,10812,32,31,0,0,0,0,0,0,0,0,0,255,209,51,4,214,30,225,0,0,0,0,0,0,0,0,255,163,4,0,193,
"",176405,5171,-9.39338,147.06311,0,07/26/2020 06:33:20,Argos,0,99,SR,,401677317.97,07/26/2020 06:32:24,1,5,0,-135,401677317.97,147.06311,-9.39338,147.06311,-9.39338,50,3,4357,25558,742,20,5302,22,73,8,,,,,,,,,,,,,,,,,,,,,,,,,,,,,
"",176405,5171,-9.39338,147.06311,0,07/26/2020 06:33:20,Argos,0,99,SR,,401677317.97,07/26/2020 06:33:07,1,5,0,-135,401677317.97,147.06311,-9.39338,147.06311,-9.39338,50,3,4357,25558,742,20,5302,102,140,4,,,,,,,,,,,,,,,,,,,,,,,,,,,,,
"",176405,5171,-9.39338,147.06311,0,07/26/2020 06:33:20,Argos,0,99,SR,,401677317.97,07/26/2020 06:33:21,1,5,0,-135,401677317.97,147.06311,-9.39338,147.06311,-9.39338,50,3,4357,25558,742,20,5302,10,0,16,,,,,,,,,,,,,,,,,,,,,,,,,,,,,
"",176405,5171,-9.39338,147.06311,0,07/26/2020 06:33:20,Argos,0,99,SR,,401677317.97,07/26/2020 06:33:49,1,5,0,-135,401677317.97,147.06311,-9.39338,147.06311,-9.39338,50,3,4357,25558,742,20,5302,5,94,5,,,,,,,,,,,,,,,,,,,,,,,,,,,,,
"",176405,5171,-9.39338,147.06311,0,07/26/2020 06:33:20,Argos,0,99,SR,,401677317.97,07/26/2020 06:34:04,1,5,0,-135,401677317.97,147.06311,-9.39338,147.06311,-9.39338,50,3,4357,25558,742,20,5302,84,154,21,,,,,,,,,,,,,,,,,,,,,,,,,,,,,
"",176405,5171,-9.42742,147.03295,2,07/29/2020 06:40:50,Argos,0,284,SR,,401677294.72,07/29/2020 06:39:00,1,5,0,-134,401677294.72,147.03295,-9.42742,147.03294,-9.42742,50,3,263,976,70,64,686,22,75,24,,,,,,,,,,,,,,,,,,,,,,,,,,,,,
"",176405,5171,-9.42742,147.03295,2,07/29/2020 06:40:50,Argos,0,284,SR,,401677294.72,07/29/2020 06:39:28,1,5,0,-134,401677294.72,147.03295,-9.42742,147.03294,-9.42742,50,3,263,976,70,64,686,91,178,24,,,,,,,,,,,,,,,,,,,,,,,,,,,,,
"",176405,5171,-9.42742,147.03295,2,07/29/2020 06:40:50,Argos,0,284,SR,,401677294.72,07/29/2020 06:41:36,2,5,0,-134,401677294.72,147.03295,-9.42742,147.03294,-9.42742,50,3,263,976,70,64,686,72,40,5,,,,,,,,,,,,,,,,,,,,,,,,,,,,,
"",176405,5171,-9.42742,147.03295,2,07/29/2020 06:40:50,Argos,0,284,SR,,401677294.72,07/29/2020 06:43:44,1,5,0,-134,401677294.72,147.03295,-9.42742,147.03294,-9.42742,50,3,263,976,70,64,686,10,0,16,,,,,,,,,,,,,,,,,,,,,,,,,,,,,
"",176405,5171,-9.42423,147.04399,3,08/01/2020 06:47:05,Argos,0,483,SR,,401677298.76,08/01/2020 06:44:55,1,19,0,-131,401677298.76,147.04399,-9.42423,147.04399,-9.42423,50,3,126,256,61,45,154,77,139,0,,,,,,,,,,,,,,,,,,,,,,,,,,,,,
"",176405,5171,-9.42423,147.04399,3,08/01/2020 06:47:05,Argos,0,483,SR,,401677298.76,08/01/2020 06:48:28,1,19,0,-131,401677298.76,147.04399,-9.42423,147.04399,-9.42423,50,3,126,256,61,45,154,84,207,31,,,,,,,,,,,,,,,,,,,,,,,,,,,,,
"",176405,5171,-9.42423,147.04399,3,08/01/2020 06:47:05,Argos,0,483,SR,,401677298.76,08/01/2020 06:48:57,4,19,0,-131,401677298.76,147.04399,-9.42423,147.04399,-9.42423,50,3,126,256,61,45,154,10,0,16,,,,,,,,,,,,,,,,,,,,,,,,,,,,,
"",176405,5171,-9.42423,147.04399,3,08/01/2020 06:47:05,Argos,0,483,SR,,401677298.76,08/01/2020 06:49:11,4,19,0,-131,401677298.76,147.04399,-9.42423,147.04399,-9.42423,50,3,126,256,61,45,154,22,75,24,,,,,,,,,,,,,,,,,,,,,,,,,,,,,
"",176405,5171,-9.42423,147.04399,3,08/01/2020 06:47:05,Argos,0,483,SR,,401677298.76,08/01/2020 06:49:54,3,19,0,-131,401677298.76,147.04399,-9.42423,147.04399,-9.42423,50,3,126,256,61,45,154,109,139,0,,,,,,,,,,,,,,,,,,,,,,,,,,,,,
"",176405,5171,-9.42423,147.04399,3,08/01/2020 06:47:05,Argos,0,483,SR,,401677298.76,08/01/2020 06:50:08,1,19,0,-131,401677298.76,147.04399,-9.42423,147.04399,-9.42423,50,3,126,256,61,45,154,47,0,16,,,,,,,,,,,,,,,,,,,,,,,,,,,,,
"",176405,5171,-9.42423,147.04399,3,08/01/2020 06:47:05,Argos,0,483,SR,,401677298.76,08/01/2020 06:50:36,4,19,0,-131,401677298.76,147.04399,-9.42423,147.04399,-9.42423,50,3,126,256,61,45,154,68,52,5,,,,,,,,,,,,,,,,,,,,,,,,,,,,,
"",176405,5171,-9.42423,147.04399,3,08/01/2020 06:47:05,Argos,0,483,SR,,401677298.76,08/01/2020 06:50:50,1,19,0,-131,401677298.76,147.04399,-9.42423,147.04399,-9.42423,50,3,126,256,61,45,154,90,217,27,,,,,,,,,,,,,,,,,,,,,,,,,,,,,
"",176405,5171,-9.4251,147.04463,2,08/01/2020 06:55:06,Argos,0,98,NP,,401677301.25,08/01/2020 06:54:38,1,5,0,-135,401677301.25,147.04463,-9.4251,147.04463,-9.4251,56,3,358,496,257,62,968,90,233,27,,,,,,,,,,,,,,,,,,,,,,,,,,,,,
"",176405,5171,-9.4251,147.04463,2,08/01/2020 06:55:06,Argos,0,98,NP,,401677301.25,08/01/2020 06:55:35,2,5,0,-135,401677301.25,147.04463,-9.4251,147.04463,-9.4251,56,3,358,496,257,62,968,74,50,5,,,,,,,,,,,,,,,,,,,,,,,,,,,,,
"",176405,5171,-9.4251,147.04463,2,08/01/2020 06:55:06,Argos,0,98,NP,,401677301.25,08/01/2020 06:56:03,2,5,0,-135,401677301.25,147.04463,-9.4251,147.04463,-9.4251,56,3,358,496,257,62,968,109,139,0,,,,,,,,,,,,,,,,,,,,,,,,,,,,,
"",176405,5171,-9.42306,147.04469,3,08/04/2020 06:53:24,Argos,0,512,SR,,401677299.94,08/04/2020 06:48:57,1,23,0,-133,401677299.94,147.04469,-9.42306,147.0447,-9.42306,50,3,153,265,87,53,204,82,218,30,,,,,,,,,,,,,,,,,,,,,,,,,,,,,
"",176405,5171,-9.42306,147.04469,3,08/04/2020 06:53:24,Argos,0,512,SR,,401677299.94,08/04/2020 06:49:11,1,23,0,-133,401677299.94,147.04469,-9.42306,147.0447,-9.42306,50,3,153,265,87,53,204,111,139,0,,,,,,,,,,,,,,,,,,,,,,,,,,,,,
"",176405,5171,-9.42306,147.04469,3,08/04/2020 06:53:24,Argos,0,512,SR,,401677299.94,08/04/2020 06:49:25,1,23,0,-133,401677299.94,147.04469,-9.42306,147.0447,-9.42306,50,3,153,265,87,53,204,10,0,20,,,,,,,,,,,,,,,,,,,,,,,,,,,,,
"",176405,5171,-9.42306,147.04469,3,08/04/2020 06:53:24,Argos,0,512,SR,,401677299.94,08/04/2020 06:51:19,1,23,0,-133,401677299.94,147.04469,-9.42306,147.0447,-9.42306,50,3,153,265,87,53,204,84,220,30,,,,,,,,,,,,,,,,,,,,,,,,,,,,,
"",176405,5171,-9.42306,147.04469,3,08/04/2020 06:53:24,Argos,0,512,SR,,401677299.94,08/04/2020 06:52:30,1,23,0,-133,401677299.94,147.04469,-9.42306,147.0447,-9.42306,50,3,153,265,87,53,204,93,225,30,,,,,,,,,,,,,,,,,,,,,,,,,,,,,
"",176405,5171,-9.42306,147.04469,3,08/04/2020 06:53:24,Argos,0,512,SR,,401677299.94,08/04/2020 06:53:27,1,23,0,-133,401677299.94,147.04469,-9.42306,147.0447,-9.42306,50,3,153,265,87,53,204,73,61,5,,,,,,,,,,,,,,,,,,,,,,,,,,,,,
"",176405,5171,-9.42306,147.04469,3,08/04/2020 06:53:24,Argos,0,512,SR,,401677299.94,08/04/2020 06:53:41,1,23,0,-133,401677299.94,147.04469,-9.42306,147.0447,-9.42306,50,3,153,265,87,53,204,86,230,30,,,,,,,,,,,,,,,,,,,,,,,,,,,,,
"",176405,5171,-9.42306,147.04469,3,08/04/2020 06:53:24,Argos,0,512,SR,,401677299.94,08/04/2020 06:53:56,1,23,0,-133,401677299.94,147.04469,-9.42306,147.0447,-9.42306,50,3,153,265,87,53,204,73,176,131,220,168,40,58,164,98,27,114,207,148,61,207,22,1,255,255,211,177,255,192,,,,,,,,,
"",176405,5171,-9.42306,147.04469,3,08/04/2020 06:53:24,Argos,0,512,SR,,401677299.94,08/04/2020 06:54:10,1,23,0,-133,401677299.94,147.04469,-9.42306,147.0447,-9.42306,50,3,153,265,87,53,204,109,139,0,,,,,,,,,,,,,,,,,,,,,,,,,,,,,
"",176405,5171,-9.42306,147.04469,3,08/04/2020 06:53:24,Argos,0,512,SR,,401677299.94,08/04/2020 06:54:52,2,23,0,-133,401677299.94,147.04469,-9.42306,147.0447,-9.42306,50,3,153,265,87,53,204,76,60,5,,,,,,,,,,,,,,,,,,,,,,,,,,,,,
"",176405,5171,-9.42306,147.04469,3,08/04/2020 06:53:24,Argos,0,512,SR,,401677299.94,08/04/2020 06:55:07,1,23,0,-133,401677299.94,147.04469,-9.42306,147.0447,-9.42306,50,3,153,265,87,53,204,84,236,30,,,,,,,,,,,,,,,,,,,,,,,,,,,,,
"",176405,5171,-9.42306,147.04469,3,08/04/2020 06:53:24,Argos,0,512,SR,,401677299.94,08/04/2020 06:56:18,1,23,0,-133,401677299.94,147.04469,-9.42306,147.0447,-9.42306,50,3,153,265,87,53,204,93,241,30,,,,,,,,,,,,,,,,,,,,,,,,,,,,,
"",176405,5171,-9.42306,147.04469,3,08/04/2020 06:53:24,Argos,0,512,SR,,401677299.94,08/04/2020 06:56:46,2,23,0,-133,401677299.94,147.04469,-9.42306,147.0447,-9.42306,50,3,153,265,87,53,204,10,0,16,,,,,,,,,,,,,,,,,,,,,,,,,,,,,
"",176405,5171,-9.42306,147.04469,3,08/04/2020 06:53:24,Argos,0,512,SR,,401677299.94,08/04/2020 06:57:00,6,23,0,-133,401677299.94,147.04469,-9.42306,147.0447,-9.42306,50,3,153,265,87,53,204,22,75,24,,,,,,,,,,,,,,,,,,,,,,,,,,,,,
"",176405,5171,-9.42306,147.04469,3,08/04/2020 06:53:24,Argos,0,512,SR,,401677299.94,08/04/2020 06:57:15,1,23,0,-133,401677299.94,147.04469,-9.42306,147.0447,-9.42306,50,3,153,265,87,53,204,71,59,5,,,,,,,,,,,,,,,,,,,,,,,,,,,,,
"",176405,5171,-9.42306,147.04469,3,08/04/2020 06:53:24,Argos,0,512,SR,,401677299.94,08/04/2020 06:57:29,1,23,0,-133,401677299.94,147.04469,-9.42306,147.0447,-9.42306,50,3,153,265,87,53,204,86,246,30,,,,,,,,,,,,,,,,,,,,,,,,,,,,,
"",176405,5171,,,,,,,0,MB,,401650000,08/05/2020 23:58:44,1,1,0,-131,401650000,,,,,,,,,,,,32,32,160,0,0,0,0,0,0,0,38,255,168,34,0,202,32,128,0,0,0,0,0,0,0,0,255,192,0,0,11,
"",176405,5171,,,,,,,0,NN,,401650000,08/05/2020 23:58:44,1,1,0,-125,401650000,,,,,,,,,,,,32,32,160,0,0,0,0,0,0,0,38,255,168,34,0,202,32,128,0,0,0,0,0,0,0,0,255,192,0,0,11,
"",176405,5171,-9.42622,147.04554,2,08/07/2020 06:56:13,Argos,0,171,SR,,401677297.67,08/07/2020 06:55:11,1,8,0,-130,401677297.67,147.04554,-9.42622,147.04555,-9.42622,50,3,460,3291,64,137,1026,93,228,33,,,,,,,,,,,,,,,,,,,,,,,,,,,,,
"",176405,5171,-9.42622,147.04554,2,08/07/2020 06:56:13,Argos,0,171,SR,,401677297.67,08/07/2020 06:55:25,1,8,0,-130,401677297.67,147.04554,-9.42622,147.04555,-9.42622,50,3,460,3291,64,137,1026,109,139,0,,,,,,,,,,,,,,,,,,,,,,,,,,,,,
"",176405,5171,-9.42622,147.04554,2,08/07/2020 06:56:13,Argos,0,171,SR,,401677297.67,08/07/2020 06:55:40,1,8,0,-130,401677297.67,147.04554,-9.42622,147.04555,-9.42622,50,3,460,3291,64,137,1026,10,0,16,,,,,,,,,,,,,,,,,,,,,,,,,,,,,
"",176405,5171,-9.42622,147.04554,2,08/07/2020 06:56:13,Argos,0,171,SR,,401677297.67,08/07/2020 06:56:08,2,8,0,-130,401677297.67,147.04554,-9.42622,147.04555,-9.42622,50,3,460,3291,64,137,1026,72,150,5,,,,,,,,,,,,,,,,,,,,,,,,,,,,,
"",176405,5171,-9.42622,147.04554,2,08/07/2020 06:56:13,Argos,0,171,SR,,401677297.67,08/07/2020 06:57:05,1,8,0,-130,401677297.67,147.04554,-9.42622,147.04555,-9.42622,50,3,460,3291,64,137,1026,22,75,24,,,,,,,,,,,,,,,,,,,,,,,,,,,,,
"",176405,5171,-9.42622,147.04554,2,08/07/2020 06:56:13,Argos,0,171,SR,,401677297.67,08/07/2020 06:57:34,1,8,0,-130,401677297.67,147.04554,-9.42622,147.04555,-9.42622,50,3,460,3291,64,137,1026,2,80,131,220,168,40,58,164,99,155,172,143,146,67,221,22,1,255,255,217,83,255,200,,,,,,,,,
"",176405,5171,-9.42622,147.04554,2,08/07/2020 06:56:13,Argos,0,171,SR,,401677297.67,08/07/2020 06:57:48,1,8,0,-130,401677297.67,147.04554,-9.42622,147.04555,-9.42622,50,3,460,3291,64,137,1026,90,239,33,,,,,,,,,,,,,,,,,,,,,,,,,,,,,
"",176405,5171,-9.44001,147.06105,B,08/08/2020 06:28:14,Argos,0,14,SR,,401677298.09,08/08/2020 06:28:08,1,2,0,-135,401677298.09,147.06105,-9.44001,147.06105,-9.44001,0,3,3170,3695,2719,82,8470,73,147,5,,,,,,,,,,,,,,,,,,,,,,,,,,,,,
"",176405,5171,-9.44001,147.06105,B,08/08/2020 06:28:14,Argos,0,14,SR,,401677298.09,08/08/2020 06:28:22,1,2,0,-135,401677298.09,147.06105,-9.44001,147.06105,-9.44001,0,3,3170,3695,2719,82,8470,84,118,34,,,,,,,,,,,,,,,,,,,,,,,,,,,,,
"",176405,5171,,,,,,,0,SR,,401650000,08/11/2020 06:35:12,1,1,0,-137,401650000,,,,,,,,,,,,14,0,16,,,,,,,,,,,,,,,,,,,,,,,,,,,,,
"",176405,5171,,,,,,,0,NN,,401650000,08/13/2020 23:58:43,1,1,0,-128,401650000,,,,,,,,,,,,32,33,160,0,0,0,0,0,0,0,0,157,255,255,0,24,33,128,0,0,0,0,0,0,0,0,45,255,122,0,137,
"",176405,5171,-9.4252,147.04091,3,08/14/2020 06:41:11,Argos,0,355,SR,,401677294.86,08/14/2020 06:38:31,1,9,0,-132,401677294.86,147.04091,-9.4252,147.04091,-9.4252,50,3,171,417,70,48,351,22,203,24,,,,,,,,,,,,,,,,,,,,,,,,,,,,,
"",176405,5171,-9.4252,147.04091,3,08/14/2020 06:41:11,Argos,0,355,SR,,401677294.86,08/14/2020 06:38:59,1,9,0,-132,401677294.86,147.04091,-9.4252,147.04091,-9.4252,50,3,171,417,70,48,351,86,155,40,,,,,,,,,,,,,,,,,,,,,,,,,,,,,
"",176405,5171,-9.4252,147.04091,3,08/14/2020 06:41:11,Argos,0,355,SR,,401677294.86,08/14/2020 06:39:56,1,9,0,-132,401677294.86,147.04091,-9.4252,147.04091,-9.4252,50,3,171,417,70,48,351,78,65,5,,,,,,,,,,,,,,,,,,,,,,,,,,,,,
"",176405,5171,-9.4252,147.04091,3,08/14/2020 06:41:11,Argos,0,355,SR,,401677294.86,08/14/2020 06:40:53,1,9,0,-132,401677294.86,147.04091,-9.4252,147.04091,-9.4252,50,3,171,417,70,48,351,22,75,24,,,,,,,,,,,,,,,,,,,,,,,,,,,,,
"",176405,5171,-9.4252,147.04091,3,08/14/2020 06:41:11,Argos,0,355,SR,,401677294.86,08/14/2020 06:41:07,1,9,0,-132,401677294.86,147.04091,-9.4252,147.04091,-9.4252,50,3,171,417,70,48,351,65,74,5,,,,,,,,,,,,,,,,,,,,,,,,,,,,,
"",176405,5171,-9.4252,147.04091,3,08/14/2020 06:41:11,Argos,0,355,SR,,401677294.86,08/14/2020 06:41:35,1,9,0,-132,401677294.86,147.04091,-9.4252,147.04091,-9.4252,50,3,171,417,70,48,351,109,139,0,,,,,,,,,,,,,,,,,,,,,,,,,,,,,
"",176405,5171,-9.4252,147.04091,3,08/14/2020 06:41:11,Argos,0,355,SR,,401677294.86,08/14/2020 06:42:18,1,9,0,-132,401677294.86,147.04091,-9.4252,147.04091,-9.4252,50,3,171,417,70,48,351,64,74,5,,,,,,,,,,,,,,,,,,,,,,,,,,,,,
"",176405,5171,-9.4252,147.04091,3,08/14/2020 06:41:11,Argos,0,355,SR,,401677294.86,08/14/2020 06:43:01,1,9,0,-132,401677294.86,147.04091,-9.4252,147.04091,-9.4252,50,3,171,417,70,48,351,102,140,0,,,,,,,,,,,,,,,,,,,,,,,,,,,,,
"",176405,5171,-9.4252,147.04091,3,08/14/2020 06:41:11,Argos,0,355,SR,,401677294.86,08/14/2020 06:44:26,1,9,0,-132,401677294.86,147.04091,-9.4252,147.04091,-9.4252,50,3,171,417,70,48,351,10,0,16,,,,,,,,,,,,,,,,,,,,,,,,,,,,,
"",176405,5171,,,,,,,0,MC,,401650000,08/16/2020 00:39:08,1,1,0,-130,401650000,,,,,,,,,,,,32,33,224,0,0,0,0,0,0,0,8,255,247,195,0,87,33,192,0,0,0,0,0,0,0,0,255,243,156,0,84,
"",176405,5171,,,,,,,0,MC,,401650000,08/17/2020 23:58:42,1,1,0,-129,401650000,,,,,,,,,,,,32,34,32,0,0,0,8,10,0,0,138,214,255,79,0,213,34,0,0,0,0,0,0,0,0,195,250,255,132,0,196,
"",176405,5171,-9.42821,147.08129,0,08/18/2020 06:56:53,Argos,0,56,NP,,401677294.42,08/18/2020 06:56:29,1,4,0,-133,401677294.42,147.08129,-9.42821,147.08128,-9.42821,50,3,5098,30895,841,67,10291,74,50,5,,,,,,,,,,,,,,,,,,,,,,,,,,,,,
"",176405,5171,-9.42821,147.08129,0,08/18/2020 06:56:53,Argos,0,56,NP,,401677294.42,08/18/2020 06:56:43,1,4,0,-133,401677294.42,147.08129,-9.42821,147.08128,-9.42821,50,3,5098,30895,841,67,10291,91,225,44,,,,,,,,,,,,,,,,,,,,,,,,,,,,,
"",176405,5171,-9.42821,147.08129,0,08/18/2020 06:56:53,Argos,0,56,NP,,401677294.42,08/18/2020 06:56:57,1,4,0,-133,401677294.42,147.08129,-9.42821,147.08128,-9.42821,50,3,5098,30895,841,67,10291,109,139,0,,,,,,,,,,,,,,,,,,,,,,,,,,,,,
"",176405,5171,-9.42821,147.08129,0,08/18/2020 06:56:53,Argos,0,56,NP,,401677294.42,08/18/2020 06:57:26,1,4,0,-133,401677294.42,147.08129,-9.42821,147.08128,-9.42821,50,3,5098,30895,841,67,10291,22,75,26,,,,,,,,,,,,,,,,,,,,,,,,,,,,,
"",176405,5171,-9.4223,147.04489,3,08/20/2020 06:53:42,Argos,0,540,SR,,401677295.54,08/20/2020 06:49:38,1,17,0,-133,401677295.54,147.04489,-9.4223,147.04489,-9.4223,50,3,158,249,100,37,220,88,192,46,,,,,,,,,,,,,,,,,,,,,,,,,,,,,
"",176405,5171,-9.4223,147.04489,3,08/20/2020 06:53:42,Argos,0,540,SR,,401677295.54,08/20/2020 06:51:17,1,17,0,-133,401677295.54,147.04489,-9.4223,147.04489,-9.4223,50,3,158,249,100,37,220,14,0,17,,,,,,,,,,,,,,,,,,,,,,,,,,,,,
"",176405,5171,-9.4223,147.04489,3,08/20/2020 06:53:42,Argos,0,540,SR,,401677295.54,08/20/2020 06:51:46,1,17,0,-133,401677295.54,147.04489,-9.4223,147.04489,-9.4223,50,3,158,249,100,37,220,66,69,5,,,,,,,,,,,,,,,,,,,,,,,,,,,,,
"",176405,5171,-9.4223,147.04489,3,08/20/2020 06:53:42,Argos,0,540,SR,,401677295.54,08/20/2020 06:54:36,1,17,0,-133,401677295.54,147.04489,-9.4223,147.04489,-9.4223,50,3,158,249,100,37,220,89,213,46,,,,,,,,,,,,,,,,,,,,,,,,,,,,,
"",176405,5171,-9.4223,147.04489,3,08/20/2020 06:53:42,Argos,0,540,SR,,401677295.54,08/20/2020 06:54:50,3,17,0,-133,401677295.54,147.04489,-9.4223,147.04489,-9.4223,50,3,158,249,100,37,220,109,139,0,,,,,,,,,,,,,,,,,,,,,,,,,,,,,
"",176405,5171,-9.4223,147.04489,3,08/20/2020 06:53:42,Argos,0,540,SR,,401677295.54,08/20/2020 06:55:19,1,17,0,-133,401677295.54,147.04489,-9.4223,147.04489,-9.4223,50,3,158,249,100,37,220,22,75,28,,,,,,,,,,,,,,,,,,,,,,,,,,,,,
"",176405,5171,-9.4223,147.04489,3,08/20/2020 06:53:42,Argos,0,540,SR,,401677295.54,08/20/2020 06:55:33,1,17,0,-133,401677295.54,147.04489,-9.4223,147.04489,-9.4223,50,3,158,249,100,37,220,71,68,5,,,,,,,,,,,,,,,,,,,,,,,,,,,,,
"",176405,5171,-9.4223,147.04489,3,08/20/2020 06:53:42,Argos,0,540,SR,,401677295.54,08/20/2020 06:55:47,1,17,0,-133,401677295.54,147.04489,-9.4223,147.04489,-9.4223,50,3,158,249,100,37,220,90,218,46,,,,,,,,,,,,,,,,,,,,,,,,,,,,,
"",176405,5171,-9.4223,147.04489,3,08/20/2020 06:53:42,Argos,0,540,SR,,401677295.54,08/20/2020 06:56:30,2,17,0,-133,401677295.54,147.04489,-9.4223,147.04489,-9.4223,50,3,158,249,100,37,220,22,75,24,,,,,,,,,,,,,,,,,,,,,,,,,,,,,
"",176405,5171,-9.4223,147.04489,3,08/20/2020 06:53:42,Argos,0,540,SR,,401677295.54,08/20/2020 06:57:27,4,17,0,-133,401677295.54,147.04489,-9.4223,147.04489,-9.4223,50,3,158,249,100,37,220,10,0,16,,,,,,,,,,,,,,,,,,,,,,,,,,,,,
"",176405,5171,-9.4223,147.04489,3,08/20/2020 06:53:42,Argos,0,540,SR,,401677295.54,08/20/2020 06:57:41,1,17,0,-133,401677295.54,147.04489,-9.4223,147.04489,-9.4223,50,3,158,249,100,37,220,22,79,24,,,,,,,,,,,,,,,,,,,,,,,,,,,,,
"",176405,5171,-9.42405,147.04849,2,08/23/2020 06:56:08,Argos,0,185,SR,,401677280.68,08/23/2020 06:54:36,1,14,0,-121,401677280.68,147.04849,-9.42405,147.0485,-9.42405,50,3,335,2451,45,119,901,80,205,49,,,,,,,,,,,,,,,,,,,,,,,,,,,,,
"",176405,5171,-9.42405,147.04849,2,08/23/2020 06:56:08,Argos,0,185,SR,,401677280.68,08/23/2020 06:55:33,1,14,0,-121,401677280.68,147.04849,-9.42405,147.0485,-9.42405,50,3,335,2451,45,119,901,77,70,5,,,,,,,,,,,,,,,,,,,,,,,,,,,,,
"",176405,5171,-9.42405,147.04849,2,08/23/2020 06:56:08,Argos,0,185,SR,,401677280.68,08/23/2020 06:55:47,1,14,0,-121,401677280.68,147.04849,-9.42405,147.0485,-9.42405,50,3,335,2451,45,119,901,83,210,49,,,,,,,,,,,,,,,,,,,,,,,,,,,,,
"",176405,5171,-9.42405,147.04849,2,08/23/2020 06:56:08,Argos,0,185,SR,,401677280.68,08/23/2020 06:56:30,2,14,0,-121,401677280.68,147.04849,-9.42405,147.0485,-9.42405,50,3,335,2451,45,119,901,22,75,24,,,,,,,,,,,,,,,,,,,,,,,,,,,,,
"",176405,5171,-9.42405,147.04849,2,08/23/2020 06:56:08,Argos,0,185,SR,,401677280.68,08/23/2020 06:56:44,1,14,0,-121,401677280.68,147.04849,-9.42405,147.0485,-9.42405,50,3,335,2451,45,119,901,71,68,5,,,,,,,,,,,,,,,,,,,,,,,,,,,,,
"",176405,5171,-9.42405,147.04849,2,08/23/2020 06:56:08,Argos,0,185,SR,,401677280.68,08/23/2020 06:56:58,1,14,0,-121,401677280.68,147.04849,-9.42405,147.0485,-9.42405,50,3,335,2451,45,119,901,82,215,49,,,,,,,,,,,,,,,,,,,,,,,,,,,,,
"",176405,5171,-9.42405,147.04849,2,08/23/2020 06:56:08,Argos,0,185,SR,,401677280.68,08/23/2020 06:57:12,3,14,0,-121,401677280.68,147.04849,-9.42405,147.0485,-9.42405,50,3,335,2451,45,119,901,109,139,0,,,,,,,,,,,,,,,,,,,,,,,,,,,,,
"",176405,5171,-9.42405,147.04849,2,08/23/2020 06:56:08,Argos,0,185,SR,,401677280.68,08/23/2020 06:57:26,1,14,0,-121,401677280.68,147.04849,-9.42405,147.0485,-9.42405,50,3,335,2451,45,119,901,72,144,131,220,168,40,58,164,107,155,171,67,148,99,179,22,1,255,255,212,65,255,192,,,,,,,,,
"",176405,5171,-9.42405,147.04849,2,08/23/2020 06:56:08,Argos,0,185,SR,,401677280.68,08/23/2020 06:57:41,3,14,0,-121,401677280.68,147.04849,-9.42405,147.0485,-9.42405,50,3,335,2451,45,119,901,10,0,16,,,,,,,,,,,,,,,,,,,,,,,,,,,,,
"",176405,5171,-9.42415,147.04623,1,08/24/2020 06:29:55,Argos,0,213,SR,,401677284.54,08/24/2020 06:28:46,1,15,0,-122,401677284.54,147.04623,-9.42415,147.04623,-9.42415,50,3,619,3285,116,59,1728,65,53,5,,,,,,,,,,,,,,,,,,,,,,,,,,,,,
"",176405,5171,-9.42415,147.04623,1,08/24/2020 06:29:55,Argos,0,213,SR,,401677284.54,08/24/2020 06:29:00,1,15,0,-122,401677284.54,147.04623,-9.42415,147.04623,-9.42415,50,3,619,3285,116,59,1728,94,100,50,,,,,,,,,,,,,,,,,,,,,,,,,,,,,
"",176405,5171,-9.42415,147.04623,1,08/24/2020 06:29:55,Argos,0,213,SR,,401677284.54,08/24/2020 06:30:11,1,15,0,-122,401677284.54,147.04623,-9.42415,147.04623,-9.42415,50,3,619,3285,116,59,1728,87,105,50,,,,,,,,,,,,,,,,,,,,,,,,,,,,,
"",176405,5171,-9.42415,147.04623,1,08/24/2020 06:29:55,Argos,0,213,SR,,401677284.54,08/24/2020 06:30:25,3,15,0,-122,401677284.54,147.04623,-9.42415,147.04623,-9.42415,50,3,619,3285,116,59,1728,102,140,0,,,,,,,,,,,,,,,,,,,,,,,,,,,,,
"",176405,5171,-9.42415,147.04623,1,08/24/2020 06:29:55,Argos,0,213,SR,,401677284.54,08/24/2020 06:30:39,2,15,0,-122,401677284.54,147.04623,-9.42415,147.04623,-9.42415,50,3,619,3285,116,59,1728,10,0,16,,,,,,,,,,,,,,,,,,,,,,,,,,,,,
"",176405,5171,-9.42415,147.04623,1,08/24/2020 06:29:55,Argos,0,213,SR,,401677284.54,08/24/2020 06:30:53,3,15,0,-122,401677284.54,147.04623,-9.42415,147.04623,-9.42415,50,3,619,3285,116,59,1728,22,75,24,,,,,,,,,,,,,,,,,,,,,,,,,,,,,
"",176405,5171,-9.42415,147.04623,1,08/24/2020 06:29:55,Argos,0,213,SR,,401677284.54,08/24/2020 06:31:08,2,15,0,-122,401677284.54,147.04623,-9.42415,147.04623,-9.42415,50,3,619,3285,116,59,1728,68,52,5,,,,,,,,,,,,,,,,,,,,,,,,,,,,,
"",176405,5171,-9.42415,147.04623,1,08/24/2020 06:29:55,Argos,0,213,SR,,401677284.54,08/24/2020 06:31:22,1,15,0,-122,401677284.54,147.04623,-9.42415,147.04623,-9.42415,50,3,619,3285,116,59,1728,92,110,50,,,,,,,,,,,,,,,,,,,,,,,,,,,,,
"",176405,5171,-9.42415,147.04623,1,08/24/2020 06:29:55,Argos,0,213,SR,,401677284.54,08/24/2020 06:31:36,1,15,0,-122,401677284.54,147.04623,-9.42415,147.04623,-9.42415,50,3,619,3285,116,59,1728,76,80,131,220,168,40,58,164,108,26,13,132,212,100,223,22,1,255,255,211,65,255,192,,,,,,,,,
"",176405,5171,-9.42671,147.01661,1,08/27/2020 06:37:15,Argos,0,184,SR,,401677280.45,08/27/2020 06:35:37,1,11,0,-134,401677280.45,147.01661,-9.42671,147.01662,-9.42671,50,3,565,3915,81,81,1571,88,111,53,,,,,,,,,,,,,,,,,,,,,,,,,,,,,
"",176405,5171,-9.42671,147.01661,1,08/27/2020 06:37:15,Argos,0,184,SR,,401677280.45,08/27/2020 06:36:48,1,11,0,-134,401677280.45,147.01661,-9.42671,147.01662,-9.42671,50,3,565,3915,81,81,1571,95,124,53,,,,,,,,,,,,,,,,,,,,,,,,,,,,,
"",176405,5171,-9.42671,147.01661,1,08/27/2020 06:37:15,Argos,0,184,SR,,401677280.45,08/27/2020 06:37:02,1,11,0,-134,401677280.45,147.01661,-9.42671,147.01662,-9.42671,50,3,565,3915,81,81,1571,102,140,0,,,,,,,,,,,,,,,,,,,,,,,,,,,,,
"",176405,5171,-9.42671,147.01661,1,08/27/2020 06:37:15,Argos,0,184,SR,,401677280.45,08/27/2020 06:37:30,1,11,0,-134,401677280.45,147.01661,-9.42671,147.01662,-9.42671,50,3,565,3915,81,81,1571,22,75,24,,,,,,,,,,,,,,,,,,,,,,,,,,,,,
"",176405,5171,-9.42671,147.01661,1,08/27/2020 06:37:15,Argos,0,184,SR,,401677280.45,08/27/2020 06:37:44,2,11,0,-134,401677280.45,147.01661,-9.42671,147.01662,-9.42671,50,3,565,3915,81,81,1571,74,34,5,,,,,,,,,,,,,,,,,,,,,,,,,,,,,
"",176405,5171,-9.42671,147.01661,1,08/27/2020 06:37:15,Argos,0,184,SR,,401677280.45,08/27/2020 06:38:13,1,11,0,-134,401677280.45,147.01661,-9.42671,147.01662,-9.42671,50,3,565,3915,81,81,1571,109,139,0,,,,,,,,,,,,,,,,,,,,,,,,,,,,,
"",176405,5171,-9.42671,147.01661,1,08/27/2020 06:37:15,Argos,0,184,SR,,401677280.45,08/27/2020 06:38:27,3,11,0,-134,401677280.45,147.01661,-9.42671,147.01662,-9.42671,50,3,565,3915,81,81,1571,10,0,16,,,,,,,,,,,,,,,,,,,,,,,,,,,,,
"",176405,5171,-9.42671,147.01661,1,08/27/2020 06:37:15,Argos,0,184,SR,,401677280.45,08/27/2020 06:38:41,1,11,0,-134,401677280.45,147.01661,-9.42671,147.01662,-9.42671,50,3,565,3915,81,81,1571,30,203,24,,,,,,,,,,,,,,,,,,,,,,,,,,,,,
"",176405,5171,-9.42829,147.04223,1,08/30/2020 06:44:04,Argos,0,199,SR,,401677290.81,08/30/2020 06:42:15,1,10,0,-131,401677290.81,147.04223,-9.42829,147.04224,-9.42829,50,3,1100,8444,143,89,1534,102,141,0,,,,,,,,,,,,,,,,,,,,,,,,,,,,,
"",176405,5171,-9.42829,147.04223,1,08/30/2020 06:44:04,Argos,0,199,SR,,401677290.81,08/30/2020 06:43:26,1,10,0,-131,401677290.81,147.04223,-9.42829,147.04224,-9.42829,50,3,1100,8444,143,89,1534,92,153,56,,,,,,,,,,,,,,,,,,,,,,,,,,,,,
"",176405,5171,-9.42829,147.04223,1,08/30/2020 06:44:04,Argos,0,199,SR,,401677290.81,08/30/2020 06:43:55,1,10,0,-131,401677290.81,147.04223,-9.42829,147.04224,-9.42829,50,3,1100,8444,143,89,1534,10,0,0,,,,,,,,,,,,,,,,,,,,,,,,,,,,,
"",176405,5171,-9.42829,147.04223,1,08/30/2020 06:44:04,Argos,0,199,SR,,401677290.81,08/30/2020 06:44:09,1,10,0,-131,401677290.81,147.04223,-9.42829,147.04224,-9.42829,50,3,1100,8444,143,89,1534,22,75,24,,,,,,,,,,,,,,,,,,,,,,,,,,,,,
"",176405,5171,-9.42829,147.04223,1,08/30/2020 06:44:04,Argos,0,199,SR,,401677290.81,08/30/2020 06:44:23,1,10,0,-131,401677290.81,147.04223,-9.42829,147.04224,-9.42829,50,3,1100,8444,143,89,1534,77,86,5,,,,,,,,,,,,,,,,,,,,,,,,,,,,,
"",176405,5171,-9.42829,147.04223,1,08/30/2020 06:44:04,Argos,0,199,SR,,401677290.81,08/30/2020 06:44:37,1,10,0,-131,401677290.81,147.04223,-9.42829,147.04224,-9.42829,50,3,1100,8444,143,89,1534,87,158,56,,,,,,,,,,,,,,,,,,,,,,,,,,,,,
"",176405,5171,-9.42829,147.04223,1,08/30/2020 06:44:04,Argos,0,199,SR,,401677290.81,08/30/2020 06:44:52,1,10,0,-131,401677290.81,147.04223,-9.42829,147.04224,-9.42829,50,3,1100,8444,143,89,1534,109,139,0,,,,,,,,,,,,,,,,,,,,,,,,,,,,,
"",176405,5171,-9.42829,147.04223,1,08/30/2020 06:44:04,Argos,0,199,SR,,401677290.81,08/30/2020 06:45:06,2,10,0,-131,401677290.81,147.04223,-9.42829,147.04224,-9.42829,50,3,1100,8444,143,89,1534,10,0,16,,,,,,,,,,,,,,,,,,,,,,,,,,,,,
"",176405,5171,-9.42829,147.04223,1,08/30/2020 06:44:04,Argos,0,199,SR,,401677290.81,08/30/2020 06:45:34,1,10,0,-131,401677290.81,147.04223,-9.42829,147.04224,-9.42829,50,3,1100,8444,143,89,1534,72,87,5,,,,,,,,,,,,,,,,,,,,,,,,,,,,,
"",176405,5171,-9.42864,147.04966,1,09/02/2020 06:51:29,Argos,0,156,SR,,401677290.81,09/02/2020 06:49:36,1,11,0,-132,401677290.81,147.04966,-9.42864,147.04967,-9.42864,50,3,993,11212,87,106,2793,71,68,7,,,,,,,,,,,,,,,,,,,,,,,,,,,,,
"",176405,5171,-9.42864,147.04966,1,09/02/2020 06:51:29,Argos,0,156,SR,,401677290.81,09/02/2020 06:50:04,1,11,0,-132,401677290.81,147.04966,-9.42864,147.04967,-9.42864,50,3,993,11212,87,106,2793,105,139,0,,,,,,,,,,,,,,,,,,,,,,,,,,,,,
"",176405,5171,-9.41155,147.00805,0,09/02/2020 06:51:29,Argos,0,114,SR,,401677283.49,09/02/2020 06:50:47,1,9,0,-132,401677283.49,147.00805,-9.41155,147.00806,-9.41155,50,3,2448,37421,160,110,6920,76,67,5,,,,,,,,,,,,,,,,,,,,,,,,,,,,,
"",176405,5171,-9.41155,147.00805,0,09/02/2020 06:51:29,Argos,0,114,SR,,401677283.49,09/02/2020 06:51:01,1,9,0,-132,401677283.49,147.00805,-9.41155,147.00806,-9.41155,50,3,2448,37421,160,110,6920,84,176,59,,,,,,,,,,,,,,,,,,,,,,,,,,,,,
"",176405,5171,-9.41155,147.00805,0,09/02/2020 06:51:29,Argos,0,114,SR,,401677283.49,09/02/2020 06:51:15,1,9,0,-132,401677283.49,147.00805,-9.41155,147.00806,-9.41155,50,3,2448,37421,160,110,6920,109,139,0,,,,,,,,,,,,,,,,,,,,,,,,,,,,,
"",176405,5171,-9.41155,147.00805,0,09/02/2020 06:51:29,Argos,0,114,SR,,401677283.49,09/02/2020 06:51:29,2,9,0,-132,401677283.49,147.00805,-9.41155,147.00806,-9.41155,50,3,2448,37421,160,110,6920,10,0,16,,,,,,,,,,,,,,,,,,,,,,,,,,,,,
"",176405,5171,-9.41155,147.00805,0,09/02/2020 06:51:29,Argos,0,114,SR,,401677283.49,09/02/2020 06:51:43,2,9,0,-132,401677283.49,147.00805,-9.41155,147.00806,-9.41155,50,3,2448,37421,160,110,6920,22,75,24,,,,,,,,,,,,,,,,,,,,,,,,,,,,,
"",176405,5171,-9.41155,147.00805,0,09/02/2020 06:51:29,Argos,0,114,SR,,401677283.49,09/02/2020 06:51:58,1,9,0,-132,401677283.49,147.00805,-9.41155,147.00806,-9.41155,50,3,2448,37421,160,110,6920,71,68,5,,,,,,,,,,,,,,,,,,,,,,,,,,,,,
"",176405,5171,-9.41155,147.00805,0,09/02/2020 06:51:29,Argos,0,114,SR,,401677283.49,09/02/2020 06:52:12,1,9,0,-132,401677283.49,147.00805,-9.41155,147.00806,-9.41155,50,3,2448,37421,160,110,6920,85,181,63,,,,,,,,,,,,,,,,,,,,,,,,,,,,,
"",176405,5171,-9.43188,147.05313,B,09/05/2020 06:57:30,Argos,0,14,SR,,401677290.43,09/05/2020 06:57:24,1,2,0,-133,401677290.43,147.05313,-9.43188,147.05313,-9.43188,0,3,5214,13520,2010,124,14746,67,64,5,,,,,,,,,,,,,,,,,,,,,,,,,,,,,
"",176405,5171,-9.43188,147.05313,B,09/05/2020 06:57:30,Argos,0,14,SR,,401677290.43,09/05/2020 06:57:38,1,2,0,-133,401677290.43,147.05313,-9.43188,147.05313,-9.43188,0,3,5214,13520,2010,124,14746,81,205,62,,,,,,,,,,,,,,,,,,,,,,,,,,,,,
"",176405,5171,,,,,,,0,NN,,401650000,09/08/2020 23:58:39,1,1,0,-135,401650000,,,,,,,,,,,,32,37,0,0,0,0,0,0,0,0,0,255,234,23,0,122,36,224,0,0,0,0,0,0,0,0,127,255,96,0,241,
"",176405,5171,-9.42662,147.04508,A,09/09/2020 06:31:19,Argos,0,28,SR,,401677289.61,09/09/2020 06:31:05,1,3,0,-137,401677289.61,147.04508,-9.42662,147.04507,-9.42662,0,3,4472,15201,1315,81,12646,102,140,0,,,,,,,,,,,,,,,,,,,,,,,,,,,,,
"",176405,5171,-9.42662,147.04508,A,09/09/2020 06:31:19,Argos,0,28,SR,,401677289.61,09/09/2020 06:31:19,1,3,0,-137,401677289.61,147.04508,-9.42662,147.04507,-9.42662,0,3,4472,15201,1315,81,12646,10,0,16,,,,,,,,,,,,,,,,,,,,,,,,,,,,,
"",176405,5171,-9.42662,147.04508,A,09/09/2020 06:31:19,Argos,0,28,SR,,401677289.61,09/09/2020 06:31:34,1,3,0,-137,401677289.61,147.04508,-9.42662,147.04507,-9.42662,0,3,4472,15201,1315,81,12646,95,208,131,220,168,40,58,164,100,154,13,195,214,132,181,24,1,255,255,212,17,255,192,,,,,,,,,
"",176405,5171,,,,,,,0,MC,,401650000,09/10/2020 23:58:38,1,1,0,-129,401650000,,,,,,,,,,,,32,37,64,0,0,0,0,0,0,0,0,255,163,28,0,170,37,32,0,0,0,0,0,0,0,0,255,182,34,0,226,
"",176405,5171,-9.42919,147.04241,0,09/12/2020 06:37:55,Argos,0,128,SR,,401677286.08,09/12/2020 06:37:13,1,8,0,-136,401677286.08,147.04241,-9.42919,147.0424,-9.42919,50,3,1539,16649,142,83,3734,69,49,5,,,,,,,,,,,,,,,,,,,,,,,,,,,,,
"",176405,5171,-9.42919,147.04241,0,09/12/2020 06:37:55,Argos,0,128,SR,,401677286.08,09/12/2020 06:37:27,1,8,0,-136,401677286.08,147.04241,-9.42919,147.0424,-9.42919,50,3,1539,16649,142,83,3734,81,106,69,,,,,,,,,,,,,,,,,,,,,,,,,,,,,
"",176405,5171,-9.42919,147.04241,0,09/12/2020 06:37:55,Argos,0,128,SR,,401677286.08,09/12/2020 06:37:56,2,8,0,-136,401677286.08,147.04241,-9.42919,147.0424,-9.42919,50,3,1539,16649,142,83,3734,10,0,16,,,,,,,,,,,,,,,,,,,,,,,,,,,,,
"",176405,5171,-9.42919,147.04241,0,09/12/2020 06:37:55,Argos,0,128,SR,,401677286.08,09/12/2020 06:38:10,1,8,0,-136,401677286.08,147.04241,-9.42919,147.0424,-9.42919,50,3,1539,16649,142,83,3734,22,75,24,,,,,,,,,,,,,,,,,,,,,,,,,,,,,
"",176405,5171,-9.42919,147.04241,0,09/12/2020 06:37:55,Argos,0,128,SR,,401677286.08,09/12/2020 06:38:24,1,8,0,-136,401677286.08,147.04241,-9.42919,147.0424,-9.42919,50,3,1539,16649,142,83,3734,64,48,5,,,,,,,,,,,,,,,,,,,,,,,,,,,,,
"",176405,5171,-9.42919,147.04241,0,09/12/2020 06:37:55,Argos,0,128,SR,,401677286.08,09/12/2020 06:38:38,1,8,0,-136,401677286.08,147.04241,-9.42919,147.0424,-9.42919,50,3,1539,16649,142,83,3734,80,111,69,,,,,,,,,,,,,,,,,,,,,,,,,,,,,
"",176405,5171,-9.42919,147.04241,0,09/12/2020 06:37:55,Argos,0,128,SR,,401677286.08,09/12/2020 06:38:53,1,8,0,-136,401677286.08,147.04241,-9.42919,147.0424,-9.42919,50,3,1539,16649,142,83,3734,102,140,0,,,,,,,,,,,,,,,,,,,,,,,,,,,,,
"",176405,5171,-9.42482,147.03073,1,09/15/2020 06:44:19,Argos,0,185,SR,,401677286.57,09/15/2020 06:42:40,1,11,0,-131,401677286.57,147.03073,-9.42482,147.03073,-9.42482,50,3,557,4693,66,86,1547,90,48,131,220,168,40,58,164,103,154,192,133,212,145,3,16,9,255,255,212,129,255,128,,,,,,,,,
"",176405,5171,-9.42482,147.03073,1,09/15/2020 06:44:19,Argos,0,185,SR,,401677286.57,09/15/2020 06:42:54,1,11,0,-131,401677286.57,147.03073,-9.42482,147.03073,-9.42482,50,3,557,4693,66,86,1547,91,130,72,,,,,,,,,,,,,,,,,,,,,,,,,,,,,
"",176405,5171,-9.42482,147.03073,1,09/15/2020 06:44:19,Argos,0,185,SR,,401677286.57,09/15/2020 06:43:09,1,11,0,-131,401677286.57,147.03073,-9.42482,147.03073,-9.42482,50,3,557,4693,66,86,1547,118,140,16,,,,,,,,,,,,,,,,,,,,,,,,,,,,,
"",176405,5171,-9.42482,147.03073,1,09/15/2020 06:44:19,Argos,0,185,SR,,401677286.57,09/15/2020 06:43:51,1,11,0,-131,401677286.57,147.03073,-9.42482,147.03073,-9.42482,50,3,557,4693,66,86,1547,72,71,5,,,,,,,,,,,,,,,,,,,,,,,,,,,,,
"",176405,5171,-9.42482,147.03073,1,09/15/2020 06:44:19,Argos,0,185,SR,,401677286.57,09/15/2020 06:44:05,1,11,0,-131,401677286.57,147.03073,-9.42482,147.03073,-9.42482,50,3,557,4693,66,86,1547,90,135,72,,,,,,,,,,,,,,,,,,,,,,,,,,,,,
"",176405,5171,-9.42482,147.03073,1,09/15/2020 06:44:19,Argos,0,185,SR,,401677286.57,09/15/2020 06:44:48,1,11,0,-131,401677286.57,147.03073,-9.42482,147.03073,-9.42482,50,3,557,4693,66,86,1547,22,75,24,,,,,,,,,,,,,,,,,,,,,,,,,,,,,
"",176405,5171,-9.42482,147.03073,1,09/15/2020 06:44:19,Argos,0,185,SR,,401677286.57,09/15/2020 06:45:02,1,11,0,-131,401677286.57,147.03073,-9.42482,147.03073,-9.42482,50,3,557,4693,66,86,1547,77,70,5,,,,,,,,,,,,,,,,,,,,,,,,,,,,,
"",176405,5171,-9.42482,147.03073,1,09/15/2020 06:44:19,Argos,0,185,SR,,401677286.57,09/15/2020 06:45:16,1,11,0,-131,401677286.57,147.03073,-9.42482,147.03073,-9.42482,50,3,557,4693,66,86,1547,93,140,72,,,,,,,,,,,,,,,,,,,,,,,,,,,,,
"",176405,5171,-9.42482,147.03073,1,09/15/2020 06:44:19,Argos,0,185,SR,,401677286.57,09/15/2020 06:45:31,1,11,0,-131,401677286.57,147.03073,-9.42482,147.03073,-9.42482,50,3,557,4693,66,86,1547,109,139,0,,,,,,,,,,,,,,,,,,,,,,,,,,,,,
"",176405,5171,-9.42482,147.03073,1,09/15/2020 06:44:19,Argos,0,185,SR,,401677286.57,09/15/2020 06:45:45,2,11,0,-131,401677286.57,147.03073,-9.42482,147.03073,-9.42482,50,3,557,4693,66,86,1547,10,0,16,,,,,,,,,,,,,,,,,,,,,,,,,,,,,
"",176405,5171,-9.42547,147.03358,2,09/18/2020 06:51:04,Argos,0,269,SR,,401677283.63,09/18/2020 06:48:22,1,10,0,-135,401677283.63,147.03358,-9.42547,147.03358,-9.42547,50,3,336,1976,57,88,730,102,140,0,,,,,,,,,,,,,,,,,,,,,,,,,,,,,
"",176405,5171,-9.42547,147.03358,2,09/18/2020 06:51:04,Argos,0,269,SR,,401677283.63,09/18/2020 06:50:01,1,10,0,-135,401677283.63,147.03358,-9.42547,147.03358,-9.42547,50,3,336,1976,57,88,730,23,75,24,,,,,,,,,,,,,,,,,,,,,,,,,,,,,
"",176405,5171,-9.42547,147.03358,2,09/18/2020 06:51:04,Argos,0,269,SR,,401677283.63,09/18/2020 06:50:58,1,10,0,-135,401677283.63,147.03358,-9.42547,147.03358,-9.42547,50,3,336,1976,57,88,730,10,128,16,,,,,,,,,,,,,,,,,,,,,,,,,,,,,
"",176405,5171,-9.42547,147.03358,2,09/18/2020 06:51:04,Argos,0,269,SR,,401677283.63,09/18/2020 06:51:41,1,10,0,-135,401677283.63,147.03358,-9.42547,147.03358,-9.42547,50,3,336,1976,57,88,730,82,158,75,,,,,,,,,,,,,,,,,,,,,,,,,,,,,
"",176405,5171,-9.42547,147.03358,2,09/18/2020 06:51:04,Argos,0,269,SR,,401677283.63,09/18/2020 06:52:09,2,10,0,-135,401677283.63,147.03358,-9.42547,147.03358,-9.42547,50,3,336,1976,57,88,730,10,0,16,,,,,,,,,,,,,,,,,,,,,,,,,,,,,
"",176405,5171,-9.42547,147.03358,2,09/18/2020 06:51:04,Argos,0,269,SR,,401677283.63,09/18/2020 06:52:23,1,10,0,-135,401677283.63,147.03358,-9.42547,147.03358,-9.42547,50,3,336,1976,57,88,730,78,144,131,220,168,40,58,164,105,27,91,132,212,151,67,24,1,255,255,212,209,255,192,,,,,,,,,
"",176405,5171,-9.42547,147.03358,2,09/18/2020 06:51:04,Argos,0,269,SR,,401677283.63,09/18/2020 06:52:37,2,10,0,-135,401677283.63,147.03358,-9.42547,147.03358,-9.42547,50,3,336,1976,57,88,730,22,75,24,,,,,,,,,,,,,,,,,,,,,,,,,,,,,
"",176405,5171,-9.42547,147.03358,2,09/18/2020 06:51:04,Argos,0,269,SR,,401677283.63,09/18/2020 06:52:51,1,10,0,-135,401677283.63,147.03358,-9.42547,147.03358,-9.42547,50,3,336,1976,57,88,730,74,77,1,,,,,,,,,,,,,,,,,,,,,,,,,,,,,
"",176405,5171,,,,,,,0,MC,,401650000,09/20/2020 23:58:37,1,1,0,-129,401650000,,,,,,,,,,,,32,38,128,0,0,0,0,0,0,0,0,45,255,136,0,2,38,96,0,32,0,0,0,0,0,0,85,223,156,29,49,
"",176405,5171,-9.42556,147.02905,B,09/21/2020 06:55:55,Argos,0,171,SR,,401677283.82,09/21/2020 06:54:30,1,2,0,-138,401677283.82,147.02905,-9.42556,147.02905,-9.42556,0,3,3104,61815,155,77,8023,65,74,13,,,,,,,,,,,,,,,,,,,,,,,,,,,,,
"",176405,5171,-9.42556,147.02905,B,09/21/2020 06:55:55,Argos,0,171,SR,,401677283.82,09/21/2020 06:57:21,1,2,0,-138,401677283.82,147.02905,-9.42556,147.02905,-9.42556,0,3,3104,61815,155,77,8023,109,139,0,,,,,,,,,,,,,,,,,,,,,,,,,,,,,
"",176405,5171,-9.43483,147.0456,A,09/25/2020 06:30:10,Argos,0,41,SR,,401677284.56,09/25/2020 06:29:52,1,3,0,-136,401677284.56,147.0456,-9.43483,147.0456,-9.43483,0,3,3372,13362,850,43,9533,22,75,24,,,,,,,,,,,,,,,,,,,,,,,,,,,,,
"",176405,5171,-9.43483,147.0456,A,09/25/2020 06:30:10,Argos,0,41,SR,,401677284.56,09/25/2020 06:30:06,1,3,0,-136,401677284.56,147.0456,-9.43483,147.0456,-9.43483,0,3,3372,13362,850,43,9533,71,68,5,,,,,,,,,,,,,,,,,,,,,,,,,,,,,
"",176405,5171,-9.43483,147.0456,A,09/25/2020 06:30:10,Argos,0,41,SR,,401677284.56,09/25/2020 06:30:34,1,3,0,-136,401677284.56,147.0456,-9.43483,147.0456,-9.43483,0,3,3372,13362,850,43,9533,102,140,0,,,,,,,,,,,,,,,,,,,,,,,,,,,,,
"",176405,5171,-9.43154,147.05006,0,09/28/2020 06:39:08,Argos,0,84,SR,,401677286.5,09/28/2020 06:38:24,1,6,0,-135,401677286.5,147.05006,-9.43154,147.05006,-9.43154,50,3,4274,52135,350,94,12086,102,132,0,,,,,,,,,,,,,,,,,,,,,,,,,,,,,
"",176405,5171,-9.43154,147.05006,0,09/28/2020 06:39:08,Argos,0,84,SR,,401677286.5,09/28/2020 06:39:06,1,6,0,-135,401677286.5,147.05006,-9.43154,147.05006,-9.43154,50,3,4274,52135,350,94,12086,64,79,5,,,,,,,,,,,,,,,,,,,,,,,,,,,,,
"",176405,5171,-9.43154,147.05006,0,09/28/2020 06:39:08,Argos,0,84,SR,,401677286.5,09/28/2020 06:39:20,1,6,0,-135,401677286.5,147.05006,-9.43154,147.05006,-9.43154,50,3,4274,52135,350,94,12086,90,93,85,,,,,,,,,,,,,,,,,,,,,,,,,,,,,
"",176405,5171,-9.43154,147.05006,0,09/28/2020 06:39:08,Argos,0,84,SR,,401677286.5,09/28/2020 06:39:35,1,6,0,-135,401677286.5,147.05006,-9.43154,147.05006,-9.43154,50,3,4274,52135,350,94,12086,102,140,0,,,,,,,,,,,,,,,,,,,,,,,,,,,,,
"",176405,5171,-9.43154,147.05006,0,09/28/2020 06:39:08,Argos,0,84,SR,,401677286.5,09/28/2020 06:39:49,2,6,0,-135,401677286.5,147.05006,-9.43154,147.05006,-9.43154,50,3,4274,52135,350,94,12086,10,0,16,,,,,,,,,,,,,,,,,,,,,,,,,,,,,
"",176405,5171,-9.42376,147.05867,0,10/01/2020 06:44:57,Argos,0,113,SR,,401677293.38,10/01/2020 06:43:50,1,4,0,-136,401677293.38,147.05867,-9.42376,147.05867,-9.42376,50,3,4665,59289,367,88,5664,109,139,0,,,,,,,,,,,,,,,,,,,,,,,,,,,,,
"",176405,5171,-9.42376,147.05867,0,10/01/2020 06:44:57,Argos,0,113,SR,,401677293.38,10/01/2020 06:44:46,1,4,0,-136,401677293.38,147.05867,-9.42376,147.05867,-9.42376,50,3,4665,59289,367,88,5664,85,117,88,,,,,,,,,,,,,,,,,,,,,,,,,,,,,
"",176405,5171,-9.42376,147.05867,0,10/01/2020 06:44:57,Argos,0,113,SR,,401677293.38,10/01/2020 06:45:29,1,4,0,-136,401677293.38,147.05867,-9.42376,147.05867,-9.42376,50,3,4665,59289,367,88,5664,22,75,24,,,,,,,,,,,,,,,,,,,,,,,,,,,,,
"",176405,5171,-9.42376,147.05867,0,10/01/2020 06:44:57,Argos,0,113,SR,,401677293.38,10/01/2020 06:45:43,1,4,0,-136,401677293.38,147.05867,-9.42376,147.05867,-9.42376,50,3,4665,59289,367,88,5664,71,76,5,,,,,,,,,,,,,,,,,,,,,,,,,,,,,
"",176405,5171,-9.42429,147.04257,3,10/04/2020 06:50:16,Argos,0,383,SR,,401677287.19,10/04/2020 06:46:27,1,5,0,-135,401677287.19,147.04257,-9.42429,147.04257,-9.42429,50,3,173,415,72,44,380,67,176,131,220,168,41,58,165,98,10,252,235,84,246,231,20,1,255,255,214,1,255,192,,,,,,,,,
"",176405,5171,-9.42429,147.04257,3,10/04/2020 06:50:16,Argos,0,383,SR,,401677287.19,10/04/2020 06:50:14,1,5,0,-135,401677287.19,147.04257,-9.42429,147.04257,-9.42429,50,3,173,415,72,44,380,104,142,0,,,,,,,,,,,,,,,,,,,,,,,,,,,,,
"",176405,5171,-9.42429,147.04257,3,10/04/2020 06:50:16,Argos,0,383,SR,,401677287.19,10/04/2020 06:50:42,1,5,0,-135,401677287.19,147.04257,-9.42429,147.04257,-9.42429,50,3,173,415,72,44,380,22,75,24,,,,,,,,,,,,,,,,,,,,,,,,,,,,,
"",176405,5171,-9.42429,147.04257,3,10/04/2020 06:50:16,Argos,0,383,SR,,401677287.19,10/04/2020 06:51:11,1,5,0,-135,401677287.19,147.04257,-9.42429,147.04257,-9.42429,50,3,173,415,72,44,380,95,135,91,,,,,,,,,,,,,,,,,,,,,,,,,,,,,
"",176405,5171,-9.42429,147.04257,3,10/04/2020 06:50:16,Argos,0,383,SR,,401677287.19,10/04/2020 06:52:50,1,5,0,-135,401677287.19,147.04257,-9.42429,147.04257,-9.42429,50,3,173,415,72,44,380,104,138,0,,,,,,,,,,,,,,,,,,,,,,,,,,,,,
"",176405,5171,-9.40453,147.04207,A,10/07/2020 06:56:51,Argos,0,28,SR,,401677287.19,10/07/2020 06:56:37,1,3,0,-132,401677287.19,147.04207,-9.40453,147.04207,-9.40453,0,3,3132,12275,799,92,8854,88,159,94,,,,,,,,,,,,,,,,,,,,,,,,,,,,,
"",176405,5171,-9.40453,147.04207,A,10/07/2020 06:56:51,Argos,0,28,SR,,401677287.19,10/07/2020 06:56:51,1,3,0,-132,401677287.19,147.04207,-9.40453,147.04207,-9.40453,0,3,3132,12275,799,92,8854,103,137,0,,,,,,,,,,,,,,,,,,,,,,,,,,,,,
"",176405,5171,-9.40453,147.04207,A,10/07/2020 06:56:51,Argos,0,28,SR,,401677287.19,10/07/2020 06:57:06,1,3,0,-132,401677287.19,147.04207,-9.40453,147.04207,-9.40453,0,3,3132,12275,799,92,8854,10,0,16,,,,,,,,,,,,,,,,,,,,,,,,,,,,,
"",176405,5171,-9.40651,147.04122,B,10/08/2020 06:24:51,Argos,0,0,SR,,401677287.71,10/08/2020 06:24:52,1,1,0,-140,401677287.71,147.04122,-9.40651,147.04121,-9.40651,0,3,5382,9769,2964,99,15222,109,139,0,,,,,,,,,,,,,,,,,,,,,,,,,,,,,
"",176405,5171,-9.4262,147.03726,3,10/17/2020 06:44:07,Argos,0,284,SR,,401677280.2,10/17/2020 06:41:40,1,8,0,-135,401677280.2,147.03726,-9.4262,147.03726,-9.4262,50,3,201,643,62,61,484,91,19,104,,,,,,,,,,,,,,,,,,,,,,,,,,,,,
"",176405,5171,-9.4262,147.03726,3,10/17/2020 06:44:07,Argos,0,284,SR,,401677280.2,10/17/2020 06:43:20,1,8,0,-135,401677280.2,147.03726,-9.4262,147.03726,-9.4262,50,3,201,643,62,61,484,102,140,0,,,,,,,,,,,,,,,,,,,,,,,,,,,,,
"",176405,5171,-9.4262,147.03726,3,10/17/2020 06:44:07,Argos,0,284,SR,,401677280.2,10/17/2020 06:44:17,1,8,0,-135,401677280.2,147.03726,-9.4262,147.03726,-9.4262,50,3,201,643,62,61,484,82,94,104,,,,,,,,,,,,,,,,,,,,,,,,,,,,,
"",176405,5171,-9.4262,147.03726,3,10/17/2020 06:44:07,Argos,0,284,SR,,401677280.2,10/17/2020 06:44:45,1,8,0,-135,401677280.2,147.03726,-9.4262,147.03726,-9.4262,50,3,201,643,62,61,484,10,0,16,,,,,,,,,,,,,,,,,,,,,,,,,,,,,
"",176405,5171,-9.4262,147.03726,3,10/17/2020 06:44:07,Argos,0,284,SR,,401677280.2,10/17/2020 06:46:10,2,8,0,-135,401677280.2,147.03726,-9.4262,147.03726,-9.4262,50,3,201,643,62,61,484,22,75,24,,,,,,,,,,,,,,,,,,,,,,,,,,,,,
"",176405,5171,-9.4262,147.03726,3,10/17/2020 06:44:07,Argos,0,284,SR,,401677280.2,10/17/2020 06:46:24,2,8,0,-135,401677280.2,147.03726,-9.4262,147.03726,-9.4262,50,3,201,643,62,61,484,73,82,5,,,,,,,,,,,,,,,,,,,,,,,,,,,,,
"",176405,5171,,,,,,,0,SR,,401650000,10/20/2020 06:53:18,1,1,0,-140,401650000,,,,,,,,,,,,86,106,107,,,,,,,,,,,,,,,,,,,,,,,,,,,,,
"",176405,5171,-9.44586,147.04293,B,10/24/2020 06:25:56,Argos,0,41,SR,,401677280.36,10/24/2020 06:25:35,1,2,0,-138,401677280.36,147.04293,-9.44586,147.04292,-9.44586,0,3,3042,9708,953,62,8602,99,143,0,,,,,,,,,,,,,,,,,,,,,,,,,,,,,
"",176405,5171,-9.44586,147.04293,B,10/24/2020 06:25:56,Argos,0,41,SR,,401677280.36,10/24/2020 06:26:17,1,2,0,-138,401677280.36,147.04293,-9.44586,147.04292,-9.44586,0,3,3042,9708,953,62,8602,64,127,5,,,,,,,,,,,,,,,,,,,,,,,,,,,,,
"",176405,5171,-9.41695,147.05113,B,10/25/2020 06:51:39,Argos,0,27,A1,,401677283.84,10/25/2020 06:51:26,1,2,0,-138,401677283.84,147.05113,-9.41695,147.05113,-9.41695,0,3,3698,20472,668,97,10457,75,48,131,220,168,40,58,164,108,155,77,43,4,224,229,24,1,255,255,216,33,255,192,,,,,,,,,
"",176405,5171,-9.41695,147.05113,B,10/25/2020 06:51:39,Argos,0,27,A1,,401677283.84,10/25/2020 06:51:54,1,2,0,-138,401677283.84,147.05113,-9.41695,147.05113,-9.41695,0,3,3698,20472,668,97,10457,10,0,16,,,,,,,,,,,,,,,,,,,,,,,,,,,,,
"",176405,5171,-9.43185,147.03639,0,10/27/2020 06:32:57,Argos,0,157,SR,,401677278.1,10/27/2020 06:31:44,1,11,0,-134,401677278.1,147.03639,-9.43185,147.03639,-9.43185,50,3,1574,12879,192,77,3804,73,114,5,,,,,,,,,,,,,,,,,,,,,,,,,,,,,
"",176405,5171,-9.43185,147.03639,0,10/27/2020 06:32:57,Argos,0,157,SR,,401677278.1,10/27/2020 06:31:58,1,11,0,-134,401677278.1,147.03639,-9.43185,147.03639,-9.43185,50,3,1574,12879,192,77,3804,80,29,114,,,,,,,,,,,,,,,,,,,,,,,,,,,,,
"",176405,5171,-9.43185,147.03639,0,10/27/2020 06:32:57,Argos,0,157,SR,,401677278.1,10/27/2020 06:32:13,1,11,0,-134,401677278.1,147.03639,-9.43185,147.03639,-9.43185,50,3,1574,12879,192,77,3804,70,140,0,,,,,,,,,,,,,,,,,,,,,,,,,,,,,
"",176405,5171,-9.43185,147.03639,0,10/27/2020 06:32:57,Argos,0,157,SR,,401677278.1,10/27/2020 06:32:41,1,11,0,-134,401677278.1,147.03639,-9.43185,147.03639,-9.43185,50,3,1574,12879,192,77,3804,22,75,24,,,,,,,,,,,,,,,,,,,,,,,,,,,,,
"",176405,5171,-9.43185,147.03639,0,10/27/2020 06:32:57,Argos,0,157,SR,,401677278.1,10/27/2020 06:33:10,1,11,0,-134,401677278.1,147.03639,-9.43185,147.03639,-9.43185,50,3,1574,12879,192,77,3804,83,34,114,,,,,,,,,,,,,,,,,,,,,,,,,,,,,
"",176405,5171,-9.43185,147.03639,0,10/27/2020 06:32:57,Argos,0,157,SR,,401677278.1,10/27/2020 06:33:24,1,11,0,-134,401677278.1,147.03639,-9.43185,147.03639,-9.43185,50,3,1574,12879,192,77,3804,102,140,0,,,,,,,,,,,,,,,,,,,,,,,,,,,,,
"",176405,5171,-9.43185,147.03639,0,10/27/2020 06:32:57,Argos,0,157,SR,,401677278.1,10/27/2020 06:33:38,2,11,0,-134,401677278.1,147.03639,-9.43185,147.03639,-9.43185,50,3,1574,12879,192,77,3804,10,0,16,,,,,,,,,,,,,,,,,,,,,,,,,,,,,
"",176405,5171,-9.43185,147.03639,0,10/27/2020 06:32:57,Argos,0,157,SR,,401677278.1,10/27/2020 06:34:07,2,11,0,-134,401677278.1,147.03639,-9.43185,147.03639,-9.43185,50,3,1574,12879,192,77,3804,67,112,5,,,,,,,,,,,,,,,,,,,,,,,,,,,,,
"",176405,5171,-9.43185,147.03639,0,10/27/2020 06:32:57,Argos,0,157,SR,,401677278.1,10/27/2020 06:34:21,1,11,0,-134,401677278.1,147.03639,-9.43185,147.03639,-9.43185,50,3,1574,12879,192,77,3804,82,39,114,,,,,,,,,,,,,,,,,,,,,,,,,,,,,
"",176405,5171,-9.42661,147.03624,2,10/30/2020 06:39:46,Argos,0,256,SR,,401677277.26,10/30/2020 06:37:40,1,8,0,-132,401677277.26,147.03624,-9.42661,147.03624,-9.42661,50,3,414,2875,59,72,1135,10,0,16,,,,,,,,,,,,,,,,,,,,,,,,,,,,,
"",176405,5171,-9.42661,147.03624,2,10/30/2020 06:39:46,Argos,0,256,SR,,401677277.26,10/30/2020 06:40:17,1,8,0,-132,401677277.26,147.03624,-9.42661,147.03624,-9.42661,50,3,414,2875,59,72,1135,22,75,24,,,,,,,,,,,,,,,,,,,,,,,,,,,,,
"",176405,5171,-9.42661,147.03624,2,10/30/2020 06:39:46,Argos,0,256,SR,,401677277.26,10/30/2020 06:40:31,2,8,0,-132,401677277.26,147.03624,-9.42661,147.03624,-9.42661,50,3,414,2875,59,72,1135,76,130,5,,,,,,,,,,,,,,,,,,,,,,,,,,,,,
"",176405,5171,-9.42661,147.03624,2,10/30/2020 06:39:46,Argos,0,256,SR,,401677277.26,10/30/2020 06:40:45,1,8,0,-132,401677277.26,147.03624,-9.42661,147.03624,-9.42661,50,3,414,2875,59,72,1135,93,57,117,,,,,,,,,,,,,,,,,,,,,,,,,,,,,
"",176405,5171,-9.42661,147.03624,2,10/30/2020 06:39:46,Argos,0,256,SR,,401677277.26,10/30/2020 06:41:00,2,8,0,-132,401677277.26,147.03624,-9.42661,147.03624,-9.42661,50,3,414,2875,59,72,1135,102,140,0,,,,,,,,,,,,,,,,,,,,,,,,,,,,,
"",176405,5171,-9.42661,147.03624,2,10/30/2020 06:39:46,Argos,0,256,SR,,401677277.26,10/30/2020 06:41:14,1,8,0,-132,401677277.26,147.03624,-9.42661,147.03624,-9.42661,50,3,414,2875,59,72,1135,73,208,131,220,168,42,58,164,111,26,170,42,82,234,119,22,1,255,255,216,33,255,192,,,,,,,,,
"",176405,5171,-9.42176,147.04075,1,10/31/2020 06:56:39,Argos,0,142,A1,,401677277.64,10/31/2020 06:55:12,1,7,0,-137,401677277.64,147.04075,-9.42176,147.04076,-9.42176,50,3,626,2557,153,44,1020,22,75,24,151,176,244,33,52,161,37,124,167,179,22,121,30,30,215,219,,,,,,,,,,,,,
"",176405,5171,-9.42176,147.04075,1,10/31/2020 06:56:39,Argos,0,142,A1,,401677277.64,10/31/2020 06:55:55,1,7,0,-137,401677277.64,147.04075,-9.42176,147.04076,-9.42176,50,3,626,2557,153,44,1020,109,162,16,,,,,,,,,,,,,,,,,,,,,,,,,,,,,
"",176405,5171,-9.42176,147.04075,1,10/31/2020 06:56:39,Argos,0,142,A1,,401677277.64,10/31/2020 06:56:37,1,7,0,-137,401677277.64,147.04075,-9.42176,147.04076,-9.42176,50,3,626,2557,153,44,1020,64,176,131,220,168,40,58,164,111,155,161,41,84,237,1,150,1,255,255,214,225,255,192,,,,,,,,,
"",176405,5171,-9.42176,147.04075,1,10/31/2020 06:56:39,Argos,0,142,A1,,401677277.64,10/31/2020 06:56:52,1,7,0,-137,401677277.64,147.04075,-9.42176,147.04076,-9.42176,50,3,626,2557,153,44,1020,69,110,5,,,,,,,,,,,,,,,,,,,,,,,,,,,,,
"",176405,5171,-9.42176,147.04075,1,10/31/2020 06:56:39,Argos,0,142,A1,,401677277.64,10/31/2020 06:57:06,1,7,0,-137,401677277.64,147.04075,-9.42176,147.04076,-9.42176,50,3,626,2557,153,44,1020,89,130,118,,,,,,,,,,,,,,,,,,,,,,,,,,,,,
"",176405,5171,-9.42176,147.04075,1,10/31/2020 06:56:39,Argos,0,142,A1,,401677277.64,10/31/2020 06:57:20,1,7,0,-137,401677277.64,147.04075,-9.42176,147.04076,-9.42176,50,3,626,2557,153,44,1020,109,143,0,,,,,,,,,,,,,,,,,,,,,,,,,,,,,
"",176405,5171,-9.42176,147.04075,1,10/31/2020 06:56:39,Argos,0,142,A1,,401677277.64,10/31/2020 06:57:34,1,7,0,-137,401677277.64,147.04075,-9.42176,147.04076,-9.42176,50,3,626,2557,153,44,1020,10,0,16,,,,,,,,,,,,,,,,,,,,,,,,,,,,,
"",176405,5171,-9.43267,147.00352,0,11/01/2020 06:43:49,Argos,0,84,A1,,401677266.5,11/01/2020 06:43:07,1,7,0,-137,401677266.5,147.00352,-9.43267,147.00352,-9.43267,50,3,7088,65719,764,90,5557,67,129,21,,,,,,,,,,,,,,,,,,,,,,,,,,,,,
"",176405,5171,-9.43267,147.00352,0,11/01/2020 06:43:49,Argos,0,84,A1,,401677266.5,11/01/2020 06:43:21,1,7,0,-137,401677266.5,147.00352,-9.43267,147.00352,-9.43267,50,3,7088,65719,764,90,5557,95,66,119,,,,,,,,,,,,,,,,,,,,,,,,,,,,,
"",176405,5171,-9.43267,147.00352,0,11/01/2020 06:43:49,Argos,0,84,A1,,401677266.5,11/01/2020 06:43:36,1,7,0,-137,401677266.5,147.00352,-9.43267,147.00352,-9.43267,50,3,7088,65719,764,90,5557,102,140,0,,,,,,,,,,,,,,,,,,,,,,,,,,,,,
"",176405,5171,-9.43267,147.00352,0,11/01/2020 06:43:49,Argos,0,84,A1,,401677266.5,11/01/2020 06:43:50,1,7,0,-137,401677266.5,147.00352,-9.43267,147.00352,-9.43267,50,3,7088,65719,764,90,5557,10,0,16,,,,,,,,,,,,,,,,,,,,,,,,,,,,,
"",176405,5171,-9.43267,147.00352,0,11/01/2020 06:43:49,Argos,0,84,A1,,401677266.5,11/01/2020 06:44:04,1,7,0,-137,401677266.5,147.00352,-9.43267,147.00352,-9.43267,50,3,7088,65719,764,90,5557,22,75,24,,,,,,,,,,,,,,,,,,,,,,,,,,,,,
"",176405,5171,-9.43267,147.00352,0,11/01/2020 06:43:49,Argos,0,84,A1,,401677266.5,11/01/2020 06:44:18,1,7,0,-137,401677266.5,147.00352,-9.43267,147.00352,-9.43267,50,3,7088,65719,764,90,5557,70,224,65,,,,,,,,,,,,,,,,,,,,,,,,,,,,,
"",176405,5171,-9.43267,147.00352,0,11/01/2020 06:43:49,Argos,0,84,A1,,401677266.5,11/01/2020 06:44:32,1,7,0,-137,401677266.5,147.00352,-9.43267,147.00352,-9.43267,50,3,7088,65719,764,90,5557,94,71,119,,,,,,,,,,,,,,,,,,,,,,,,,,,,,
"",176405,5171,-9.42447,147.03845,3,11/02/2020 06:45:01,Argos,0,356,SR,,401677279.32,11/02/2020 06:42:24,1,18,0,-132,401677279.32,147.03845,-9.42447,147.03845,-9.42447,50,3,208,729,59,69,503,81,65,120,,,,,,,,,,,,,,,,,,,,,,,,,,,,,
"",176405,5171,-9.42447,147.03845,3,11/02/2020 06:45:01,Argos,0,356,SR,,401677279.32,11/02/2020 06:42:39,1,18,0,-132,401677279.32,147.03845,-9.42447,147.03845,-9.42447,50,3,208,729,59,69,503,66,240,131,220,168,40,58,164,97,26,193,107,146,240,133,22,1,255,255,216,33,255,192,,,,,,,,,
"",176405,5171,-9.42447,147.03845,3,11/02/2020 06:45:01,Argos,0,356,SR,,401677279.32,11/02/2020 06:43:50,1,18,0,-132,401677279.32,147.03845,-9.42447,147.03845,-9.42447,50,3,208,729,59,69,503,95,71,120,,,,,,,,,,,,,,,,,,,,,,,,,,,,,
"",176405,5171,-9.42447,147.03845,3,11/02/2020 06:45:01,Argos,0,356,SR,,401677279.32,11/02/2020 06:44:04,1,18,0,-132,401677279.32,147.03845,-9.42447,147.03845,-9.42447,50,3,208,729,59,69,503,109,139,4,,,,,,,,,,,,,,,,,,,,,,,,,,,,,
"",176405,5171,-9.42447,147.03845,3,11/02/2020 06:45:01,Argos,0,356,SR,,401677279.32,11/02/2020 06:44:46,2,18,0,-132,401677279.32,147.03845,-9.42447,147.03845,-9.42447,50,3,208,729,59,69,503,76,130,5,,,,,,,,,,,,,,,,,,,,,,,,,,,,,
"",176405,5171,-9.42447,147.03845,3,11/02/2020 06:45:01,Argos,0,356,SR,,401677279.32,11/02/2020 06:46:26,3,18,0,-132,401677279.32,147.03845,-9.42447,147.03845,-9.42447,50,3,208,729,59,69,503,109,139,0,,,,,,,,,,,,,,,,,,,,,,,,,,,,,
"",176405,5171,-9.42447,147.03845,3,11/02/2020 06:45:01,Argos,0,356,SR,,401677279.32,11/02/2020 06:47:09,1,18,0,-132,401677279.32,147.03845,-9.42447,147.03845,-9.42447,50,3,208,729,59,69,503,73,131,5,,,,,,,,,,,,,,,,,,,,,,,,,,,,,
"",176405,5171,-9.42447,147.03845,3,11/02/2020 06:45:01,Argos,0,356,SR,,401677279.32,11/02/2020 06:47:23,1,18,0,-132,401677279.32,147.03845,-9.42447,147.03845,-9.42447,50,3,208,729,59,69,503,90,86,120,,,,,,,,,,,,,,,,,,,,,,,,,,,,,
"",176405,5171,-9.42447,147.03845,3,11/02/2020 06:45:01,Argos,0,356,SR,,401677279.32,11/02/2020 06:47:51,4,18,0,-132,401677279.32,147.03845,-9.42447,147.03845,-9.42447,50,3,208,729,59,69,503,10,0,16,,,,,,,,,,,,,,,,,,,,,,,,,,,,,
"",176405,5171,-9.42447,147.03845,3,11/02/2020 06:45:01,Argos,0,356,SR,,401677279.32,11/02/2020 06:48:06,3,18,0,-132,401677279.32,147.03845,-9.42447,147.03845,-9.42447,50,3,208,729,59,69,503,22,75,24,,,,,,,,,,,,,,,,,,,,,,,,,,,,,
"",176405,5171,,,,,,,0,NN,,401650000,11/04/2020 00:39:00,1,1,0,-130,401650000,,,,,,,,,,,,32,44,96,0,0,0,0,0,0,0,0,26,255,167,162,199,44,64,0,0,0,0,0,0,0,0,0,226,150,255,169,
"",176405,5171,-9.42376,147.04321,3,11/05/2020 06:50:33,Argos,0,483,SR,,401677278.64,11/05/2020 06:46:25,1,20,0,-130,401677278.64,147.04321,-9.42376,147.04321,-9.42376,50,3,115,242,54,52,141,77,144,131,220,168,40,58,164,98,155,252,235,148,246,147,22,1,255,255,214,49,255,192,,,,,,,,,
"",176405,5171,-9.42376,147.04321,3,11/05/2020 06:50:33,Argos,0,483,SR,,401677278.64,11/05/2020 06:46:39,1,20,0,-130,401677278.64,147.04321,-9.42376,147.04321,-9.42376,50,3,115,242,54,52,141,83,74,123,,,,,,,,,,,,,,,,,,,,,,,,,,,,,
"",176405,5171,-9.42376,147.04321,3,11/05/2020 06:50:33,Argos,0,483,SR,,401677278.64,11/05/2020 06:47:36,1,20,0,-130,401677278.64,147.04321,-9.42376,147.04321,-9.42376,50,3,115,242,54,52,141,71,100,5,,,,,,,,,,,,,,,,,,,,,,,,,,,,,
"",176405,5171,-9.42376,147.04321,3,11/05/2020 06:50:33,Argos,0,483,SR,,401677278.64,11/05/2020 06:48:47,1,20,0,-130,401677278.64,147.04321,-9.42376,147.04321,-9.42376,50,3,115,242,54,52,141,76,99,5,,,,,,,,,,,,,,,,,,,,,,,,,,,,,
"",176405,5171,-9.42376,147.04321,3,11/05/2020 06:50:33,Argos,0,483,SR,,401677278.64,11/05/2020 06:49:01,1,20,0,-130,401677278.64,147.04321,-9.42376,147.04321,-9.42376,50,3,115,242,54,52,141,85,84,123,,,,,,,,,,,,,,,,,,,,,,,,,,,,,
"",176405,5171,-9.42376,147.04321,3,11/05/2020 06:50:33,Argos,0,483,SR,,401677278.64,11/05/2020 06:49:58,1,20,0,-130,401677278.64,147.04321,-9.42376,147.04321,-9.42376,50,3,115,242,54,52,141,108,99,5,,,,,,,,,,,,,,,,,,,,,,,,,,,,,
"",176405,5171,-9.42376,147.04321,3,11/05/2020 06:50:33,Argos,0,483,SR,,401677278.64,11/05/2020 06:51:23,1,20,0,-130,401677278.64,147.04321,-9.42376,147.04321,-9.42376,50,3,115,242,54,52,141,87,94,123,,,,,,,,,,,,,,,,,,,,,,,,,,,,,
"",176405,5171,-9.42376,147.04321,3,11/05/2020 06:50:33,Argos,0,483,SR,,401677278.64,11/05/2020 06:52:06,2,20,0,-130,401677278.64,147.04321,-9.42376,147.04321,-9.42376,50,3,115,242,54,52,141,22,75,24,,,,,,,,,,,,,,,,,,,,,,,,,,,,,
"",176405,5171,-9.42376,147.04321,3,11/05/2020 06:50:33,Argos,0,483,SR,,401677278.64,11/05/2020 06:53:45,1,20,0,-130,401677278.64,147.04321,-9.42376,147.04321,-9.42376,50,3,115,242,54,52,141,70,97,5,,,,,,,,,,,,,,,,,,,,,,,,,,,,,
"",176405,5171,-9.42376,147.04321,3,11/05/2020 06:50:33,Argos,0,483,SR,,401677278.64,11/05/2020 06:53:59,1,20,0,-130,401677278.64,147.04321,-9.42376,147.04321,-9.42376,50,3,115,242,54,52,141,92,105,123,,,,,,,,,,,,,,,,,,,,,,,,,,,,,
"",176405,5171,-9.42376,147.04321,3,11/05/2020 06:50:33,Argos,0,483,SR,,401677278.64,11/05/2020 06:54:14,5,20,0,-130,401677278.64,147.04321,-9.42376,147.04321,-9.42376,50,3,115,242,54,52,141,109,139,0,,,,,,,,,,,,,,,,,,,,,,,,,,,,,
"",176405,5171,-9.42376,147.04321,3,11/05/2020 06:50:33,Argos,0,483,SR,,401677278.64,11/05/2020 06:54:28,4,20,0,-130,401677278.64,147.04321,-9.42376,147.04321,-9.42376,50,3,115,242,54,52,141,10,0,16,,,,,,,,,,,,,,,,,,,,,,,,,,,,,
"",176405,5171,-9.42709,147.03856,0,11/07/2020 06:50:27,Argos,0,99,A1,,401677279.88,11/07/2020 06:49:48,1,7,0,-135,401677279.88,147.03856,-9.42709,147.03856,-9.42709,50,3,1806,18758,173,94,4576,150,203,24,,,,,,,,,,,,,,,,,,,,,,,,,,,,,
"",176405,5171,-9.42709,147.03856,0,11/07/2020 06:50:27,Argos,0,99,A1,,401677279.88,11/07/2020 06:50:17,1,7,0,-135,401677279.88,147.03856,-9.42709,147.03856,-9.42709,50,3,1806,18758,173,94,4576,77,183,5,,,,,,,,,,,,,,,,,,,,,,,,,,,,,
"",176405,5171,-9.42709,147.03856,0,11/07/2020 06:50:27,Argos,0,99,A1,,401677279.88,11/07/2020 06:50:31,1,7,0,-135,401677279.88,147.03856,-9.42709,147.03856,-9.42709,50,3,1806,18758,173,94,4576,83,88,125,,,,,,,,,,,,,,,,,,,,,,,,,,,,,
"",176405,5171,-9.42709,147.03856,0,11/07/2020 06:50:27,Argos,0,99,A1,,401677279.88,11/07/2020 06:50:45,1,7,0,-135,401677279.88,147.03856,-9.42709,147.03856,-9.42709,50,3,1806,18758,173,94,4576,109,139,0,,,,,,,,,,,,,,,,,,,,,,,,,,,,,
"",176405,5171,-9.42709,147.03856,0,11/07/2020 06:50:27,Argos,0,99,A1,,401677279.88,11/07/2020 06:51:00,2,7,0,-135,401677279.88,147.03856,-9.42709,147.03856,-9.42709,50,3,1806,18758,173,94,4576,10,0,16,,,,,,,,,,,,,,,,,,,,,,,,,,,,,
"",176405,5171,-9.42709,147.03856,0,11/07/2020 06:50:27,Argos,0,99,A1,,401677279.88,11/07/2020 06:51:14,1,7,0,-135,401677279.88,147.03856,-9.42709,147.03856,-9.42709,50,3,1806,18758,173,94,4576,22,75,24,,,,,,,,,,,,,,,,,,,,,,,,,,,,,
"",176405,5171,-9.42037,147.04537,3,11/08/2020 06:55:34,Argos,0,270,SR,,401677277.62,11/08/2020 06:53:06,1,10,0,-130,401677277.62,147.04537,-9.42037,147.04536,-9.42037,50,3,199,470,83,11,480,80,102,126,,,,,,,,,,,,,,,,,,,,,,,,,,,,,
"",176405,5171,-9.42037,147.04537,3,11/08/2020 06:55:34,Argos,0,270,SR,,401677277.62,11/08/2020 06:53:20,1,10,0,-130,401677277.62,147.04537,-9.42037,147.04536,-9.42037,50,3,199,470,83,11,480,109,139,2,,,,,,,,,,,,,,,,,,,,,,,,,,,,,
"",176405,5171,-9.42037,147.04537,3,11/08/2020 06:55:34,Argos,0,270,SR,,401677277.62,11/08/2020 06:54:02,1,10,0,-130,401677277.62,147.04537,-9.42037,147.04536,-9.42037,50,3,199,470,83,11,480,22,107,40,,,,,,,,,,,,,,,,,,,,,,,,,,,,,
"",176405,5171,-9.42037,147.04537,3,11/08/2020 06:55:34,Argos,0,270,SR,,401677277.62,11/08/2020 06:55:28,1,10,0,-130,401677277.62,147.04537,-9.42037,147.04536,-9.42037,50,3,199,470,83,11,480,75,137,5,,,,,,,,,,,,,,,,,,,,,,,,,,,,,
"",176405,5171,-9.42037,147.04537,3,11/08/2020 06:55:34,Argos,0,270,SR,,401677277.62,11/08/2020 06:55:42,1,10,0,-130,401677277.62,147.04537,-9.42037,147.04536,-9.42037,50,3,199,470,83,11,480,91,113,126,,,,,,,,,,,,,,,,,,,,,,,,,,,,,
"",176405,5171,-9.42037,147.04537,3,11/08/2020 06:55:34,Argos,0,270,SR,,401677277.62,11/08/2020 06:57:07,2,10,0,-130,401677277.62,147.04537,-9.42037,147.04536,-9.42037,50,3,199,470,83,11,480,109,139,0,,,,,,,,,,,,,,,,,,,,,,,,,,,,,
"",176405,5171,-9.42037,147.04537,3,11/08/2020 06:55:34,Argos,0,270,SR,,401677277.62,11/08/2020 06:57:22,2,10,0,-130,401677277.62,147.04537,-9.42037,147.04536,-9.42037,50,3,199,470,83,11,480,10,0,16,,,,,,,,,,,,,,,,,,,,,,,,,,,,,
"",176405,5171,-9.42037,147.04537,3,11/08/2020 06:55:34,Argos,0,270,SR,,401677277.62,11/08/2020 06:57:36,1,10,0,-130,401677277.62,147.04537,-9.42037,147.04536,-9.42037,50,3,199,470,83,11,480,22,75,24,,,,,,,,,,,,,,,,,,,,,,,,,,,,,
"",176405,5171,-9.42046,147.03128,A,11/09/2020 06:26:45,Argos,0,27,SR,,401677280.86,11/09/2020 06:26:32,1,3,0,-137,401677280.86,147.03128,-9.42046,147.03128,-9.42046,0,3,2741,5353,1402,72,7747,10,0,16,,,,,,,,,,,,,,,,,,,,,,,,,,,,,
"",176405,5171,-9.42046,147.03128,A,11/09/2020 06:26:45,Argos,0,27,SR,,401677280.86,11/09/2020 06:26:46,1,3,0,-137,401677280.86,147.03128,-9.42046,147.03128,-9.42046,0,3,2741,5353,1402,72,7747,22,75,24,,,,,,,,,,,,,,,,,,,,,,,,,,,,,
"",176405,5171,-9.42046,147.03128,A,11/09/2020 06:26:45,Argos,0,27,SR,,401677280.86,11/09/2020 06:27:00,1,3,0,-137,401677280.86,147.03128,-9.42046,147.03128,-9.42046,0,3,2741,5353,1402,72,7747,75,137,5,,,,,,,,,,,,,,,,,,,,,,,,,,,,,
"",176405,5171,-9.43132,147.03138,1,11/12/2020 06:33:30,Argos,0,156,SR,,401677270.92,11/12/2020 06:32:26,1,12,0,-134,401677270.92,147.03138,-9.43132,147.03139,-9.43132,50,3,1041,8999,120,76,2181,77,102,5,,,,,,,,,,,,,,,,,,,,,,,,,,,,,
"",176405,5171,-9.43132,147.03138,1,11/12/2020 06:33:30,Argos,0,156,SR,,401677270.92,11/12/2020 06:32:40,1,12,0,-134,401677270.92,147.03138,-9.43132,147.03139,-9.43132,50,3,1041,8999,120,76,2181,93,11,130,,,,,,,,,,,,,,,,,,,,,,,,,,,,,
"",176405,5171,-9.43132,147.03138,1,11/12/2020 06:33:30,Argos,0,156,SR,,401677270.92,11/12/2020 06:33:23,2,12,0,-134,401677270.92,147.03138,-9.43132,147.03139,-9.43132,50,3,1041,8999,120,76,2181,22,75,24,,,,,,,,,,,,,,,,,,,,,,,,,,,,,
"",176405,5171,-9.43132,147.03138,1,11/12/2020 06:33:30,Argos,0,156,SR,,401677270.92,11/12/2020 06:33:51,1,12,0,-134,401677270.92,147.03138,-9.43132,147.03139,-9.43132,50,3,1041,8999,120,76,2181,90,16,130,,,,,,,,,,,,,,,,,,,,,,,,,,,,,
"",176405,5171,-9.43132,147.03138,1,11/12/2020 06:33:30,Argos,0,156,SR,,401677270.92,11/12/2020 06:34:06,2,12,0,-134,401677270.92,147.03138,-9.43132,147.03139,-9.43132,50,3,1041,8999,120,76,2181,102,140,0,,,,,,,,,,,,,,,,,,,,,,,,,,,,,
"",176405,5171,-9.43132,147.03138,1,11/12/2020 06:33:30,Argos,0,156,SR,,401677270.92,11/12/2020 06:34:20,2,12,0,-134,401677270.92,147.03138,-9.43132,147.03139,-9.43132,50,3,1041,8999,120,76,2181,10,0,16,,,,,,,,,,,,,,,,,,,,,,,,,,,,,
"",176405,5171,-9.43132,147.03138,1,11/12/2020 06:33:30,Argos,0,156,SR,,401677270.92,11/12/2020 06:34:34,1,12,0,-134,401677270.92,147.03138,-9.43132,147.03139,-9.43132,50,3,1041,8999,120,76,2181,18,75,24,,,,,,,,,,,,,,,,,,,,,,,,,,,,,
"",176405,5171,-9.43132,147.03138,1,11/12/2020 06:33:30,Argos,0,156,SR,,401677270.92,11/12/2020 06:34:48,2,12,0,-134,401677270.92,147.03138,-9.43132,147.03139,-9.43132,50,3,1041,8999,120,76,2181,66,101,5,,,,,,,,,,,,,,,,,,,,,,,,,,,,,
"",176405,5171,-9.42153,147.04553,2,11/13/2020 06:55:19,Argos,0,313,A1,,401677275.88,11/13/2020 06:52:21,1,9,0,-135,401677275.88,147.04553,-9.42153,147.04553,-9.42153,50,3,258,596,111,48,308,82,88,131,,,,,,,,,,,,,,,,,,,,,,,,,,,,,
"",176405,5171,-9.42153,147.04553,2,11/13/2020 06:55:19,Argos,0,313,A1,,401677275.88,11/13/2020 06:53:18,1,9,0,-135,401677275.88,147.04553,-9.42153,147.04553,-9.42153,50,3,258,596,111,48,308,77,118,5,,,,,,,,,,,,,,,,,,,,,,,,,,,,,
"",176405,5171,-9.42153,147.04553,2,11/13/2020 06:55:19,Argos,0,313,A1,,401677275.88,11/13/2020 06:54:01,1,9,0,-135,401677275.88,147.04553,-9.42153,147.04553,-9.42153,50,3,258,596,111,48,308,10,0,16,,,,,,,,,,,,,,,,,,,,,,,,,,,,,
"",176405,5171,-9.42153,147.04553,2,11/13/2020 06:55:19,Argos,0,313,A1,,401677275.88,11/13/2020 06:55:12,1,9,0,-135,401677275.88,147.04553,-9.42153,147.04553,-9.42153,50,3,258,596,111,48,308,94,16,131,220,168,40,58,164,102,155,137,171,85,6,201,22,1,255,255,214,113,255,192,,,,,,,,,
"",176405,5171,-9.42153,147.04553,2,11/13/2020 06:55:19,Argos,0,313,A1,,401677275.88,11/13/2020 06:56:51,2,9,0,-135,401677275.88,147.04553,-9.42153,147.04553,-9.42153,50,3,258,596,111,48,308,22,75,24,,,,,,,,,,,,,,,,,,,,,,,,,,,,,
"",176405,5171,-9.42153,147.04553,2,11/13/2020 06:55:19,Argos,0,313,A1,,401677275.88,11/13/2020 06:57:05,1,9,0,-135,401677275.88,147.04553,-9.42153,147.04553,-9.42153,50,3,258,596,111,48,308,66,101,5,,,,,,,,,,,,,,,,,,,,,,,,,,,,,
"",176405,5171,-9.42153,147.04553,2,11/13/2020 06:55:19,Argos,0,313,A1,,401677275.88,11/13/2020 06:57:20,1,9,0,-135,401677275.88,147.04553,-9.42153,147.04553,-9.42153,50,3,258,596,111,48,308,83,109,131,,,,,,,,,,,,,,,,,,,,,,,,,,,,,
"",176405,5171,-9.42153,147.04553,2,11/13/2020 06:55:19,Argos,0,313,A1,,401677275.88,11/13/2020 06:57:34,1,9,0,-135,401677275.88,147.04553,-9.42153,147.04553,-9.42153,50,3,258,596,111,48,308,109,139,0,,,,,,,,,,,,,,,,,,,,,,,,,,,,,
"",176405,5171,-9.41947,147.05686,0,11/14/2020 06:41:48,Argos,0,70,A1,,401677281.17,11/14/2020 06:41:13,1,6,0,-135,401677281.17,147.05686,-9.41947,147.05685,-9.41947,50,3,2873,21126,390,76,5301,80,240,131,220,184,40,58,164,103,26,169,235,211,0,89,22,1,239,239,215,49,255,192,,,,,,,,,
"",176405,5171,-9.41947,147.05686,0,11/14/2020 06:41:48,Argos,0,70,A1,,401677281.17,11/14/2020 06:41:27,1,6,0,-135,401677281.17,147.05686,-9.41947,147.05685,-9.41947,50,3,2873,21126,390,76,5301,76,99,12,,,,,,,,,,,,,,,,,,,,,,,,,,,,,
"",176405,5171,-9.41947,147.05686,0,11/14/2020 06:41:48,Argos,0,70,A1,,401677281.17,11/14/2020 06:41:41,1,6,0,-135,401677281.17,147.05686,-9.41947,147.05685,-9.41947,50,3,2873,21126,390,76,5301,86,46,132,,,,,,,,,,,,,,,,,,,,,,,,,,,,,
"",176405,5171,-9.41947,147.05686,0,11/14/2020 06:41:48,Argos,0,70,A1,,401677281.17,11/14/2020 06:41:56,1,6,0,-135,401677281.17,147.05686,-9.41947,147.05685,-9.41947,50,3,2873,21126,390,76,5301,109,139,0,,,,,,,,,,,,,,,,,,,,,,,,,,,,,
"",176405,5171,-9.41947,147.05686,0,11/14/2020 06:41:48,Argos,0,70,A1,,401677281.17,11/14/2020 06:42:10,1,6,0,-135,401677281.17,147.05686,-9.41947,147.05685,-9.41947,50,3,2873,21126,390,76,5301,10,0,16,,,,,,,,,,,,,,,,,,,,,,,,,,,,,
"",176405,5171,-9.41947,147.05686,0,11/14/2020 06:41:48,Argos,0,70,A1,,401677281.17,11/14/2020 06:42:24,1,6,0,-135,401677281.17,147.05686,-9.41947,147.05685,-9.41947,50,3,2873,21126,390,76,5301,22,75,24,,,,,,,,,,,,,,,,,,,,,,,,,,,,,
"",176405,5171,-9.42812,147.03217,1,11/15/2020 06:39:25,Argos,0,284,SR,,401677274.85,11/15/2020 06:37:55,1,13,0,-133,401677274.85,147.03217,-9.42812,147.03217,-9.42812,50,3,545,3446,86,67,1184,91,24,133,,,,,,,,,,,,,,,,,,,,,,,,,,,,,
"",176405,5171,-9.42812,147.03217,1,11/15/2020 06:39:25,Argos,0,284,SR,,401677274.85,11/15/2020 06:40:17,1,13,0,-133,401677274.85,147.03217,-9.42812,147.03217,-9.42812,50,3,545,3446,86,67,1184,123,34,133,,,,,,,,,,,,,,,,,,,,,,,,,,,,,
"",176405,5171,-9.42812,147.03217,1,11/15/2020 06:39:25,Argos,0,284,SR,,401677274.85,11/15/2020 06:40:31,2,13,0,-133,401677274.85,147.03217,-9.42812,147.03217,-9.42812,50,3,545,3446,86,67,1184,102,140,0,,,,,,,,,,,,,,,,,,,,,,,,,,,,,
"",176405,5171,-9.42812,147.03217,1,11/15/2020 06:39:25,Argos,0,284,SR,,401677274.85,11/15/2020 06:40:45,3,13,0,-133,401677274.85,147.03217,-9.42812,147.03217,-9.42812,50,3,545,3446,86,67,1184,10,0,16,,,,,,,,,,,,,,,,,,,,,,,,,,,,,
"",176405,5171,-9.42812,147.03217,1,11/15/2020 06:39:25,Argos,0,284,SR,,401677274.85,11/15/2020 06:41:00,2,13,0,-133,401677274.85,147.03217,-9.42812,147.03217,-9.42812,50,3,545,3446,86,67,1184,22,75,24,,,,,,,,,,,,,,,,,,,,,,,,,,,,,
"",176405,5171,-9.42812,147.03217,1,11/15/2020 06:39:25,Argos,0,284,SR,,401677274.85,11/15/2020 06:41:14,1,13,0,-133,401677274.85,147.03217,-9.42812,147.03217,-9.42812,50,3,545,3446,86,67,1184,93,48,131,220,168,40,58,164,103,154,170,42,149,10,77,24,1,255,255,216,129,255,192,,,,,,,,,
"",176405,5171,-9.42812,147.03217,1,11/15/2020 06:39:25,Argos,0,284,SR,,401677274.85,11/15/2020 06:41:28,2,13,0,-133,401677274.85,147.03217,-9.42812,147.03217,-9.42812,50,3,545,3446,86,67,1184,75,137,5,,,,,,,,,,,,,,,,,,,,,,,,,,,,,
"",176405,5171,-9.42812,147.03217,1,11/15/2020 06:39:25,Argos,0,284,SR,,401677274.85,11/15/2020 06:41:42,1,13,0,-133,401677274.85,147.03217,-9.42812,147.03217,-9.42812,50,3,545,3446,86,67,1184,91,40,133,,,,,,,,,,,,,,,,,,,,,,,,,,,,,
"",176405,5171,-9.45084,147.03846,B,11/15/2020 23:58:33,Argos,0,0,NN,,401677281.58,11/15/2020 23:58:33,1,1,0,-129,401677281.58,147.03846,-9.45084,147.03847,-9.45084,0,3,4593,7044,2994,69,10663,32,45,224,0,0,0,0,0,0,0,0,98,143,71,255,225,45,192,0,0,0,0,0,0,0,0,66,255,60,235,239,
"",176405,5171,,,,,,,0,MC,,401650000,11/17/2020 23:58:33,1,1,0,-133,401650000,,,,,,,,,,,,32,46,32,0,0,0,0,0,0,0,0,0,255,101,166,193,46,1,0,0,32,0,128,16,136,0,17,121,116,255,197,
"",176405,5171,-9.4267,147.04315,2,11/18/2020 06:45:33,Argos,0,342,SR,,401677274.06,11/18/2020 06:42:38,1,15,0,-134,401677274.06,147.04315,-9.4267,147.04315,-9.4267,50,3,383,1442,101,71,595,71,112,135,220,168,40,58,164,105,26,209,106,211,16,90,22,1,255,255,215,133,255,128,,,,,,,,,
"",176405,5171,-9.4267,147.04315,2,11/18/2020 06:45:33,Argos,0,342,SR,,401677274.06,11/18/2020 06:43:21,1,15,0,-134,401677274.06,147.04315,-9.4267,147.04315,-9.4267,50,3,383,1442,101,71,595,84,48,136,,,,,,,,,,,,,,,,,,,,,,,,,,,,,
"",176405,5171,-9.4267,147.04315,2,11/18/2020 06:45:33,Argos,0,342,SR,,401677274.06,11/18/2020 06:44:18,1,15,0,-134,401677274.06,147.04315,-9.4267,147.04315,-9.4267,50,3,383,1442,101,71,595,72,119,5,,,,,,,,,,,,,,,,,,,,,,,,,,,,,
"",176405,5171,-9.4267,147.04315,2,11/18/2020 06:45:33,Argos,0,342,SR,,401677274.06,11/18/2020 06:44:32,1,15,0,-134,401677274.06,147.04315,-9.4267,147.04315,-9.4267,50,3,383,1442,101,71,595,85,53,136,,,,,,,,,,,,,,,,,,,,,,,,,,,,,
"",176405,5171,-9.4267,147.04315,2,11/18/2020 06:45:33,Argos,0,342,SR,,401677274.06,11/18/2020 06:45:01,2,15,0,-134,401677274.06,147.04315,-9.4267,147.04315,-9.4267,50,3,383,1442,101,71,595,10,0,16,,,,,,,,,,,,,,,,,,,,,,,,,,,,,
"",176405,5171,-9.4267,147.04315,2,11/18/2020 06:45:33,Argos,0,342,SR,,401677274.06,11/18/2020 06:46:54,1,15,0,-134,401677274.06,147.04315,-9.4267,147.04315,-9.4267,50,3,383,1442,101,71,595,71,63,136,,,,,,,,,,,,,,,,,,,,,,,,,,,,,
"",176405,5171,-9.4267,147.04315,2,11/18/2020 06:45:33,Argos,0,342,SR,,401677274.06,11/18/2020 06:47:23,1,15,0,-134,401677274.06,147.04315,-9.4267,147.04315,-9.4267,50,3,383,1442,101,71,595,10,2,16,,,,,,,,,,,,,,,,,,,,,,,,,,,,,
"",176405,5171,-9.4267,147.04315,2,11/18/2020 06:45:33,Argos,0,342,SR,,401677274.06,11/18/2020 06:47:37,2,15,0,-134,401677274.06,147.04315,-9.4267,147.04315,-9.4267,50,3,383,1442,101,71,595,22,75,24,,,,,,,,,,,,,,,,,,,,,,,,,,,,,
"",176405,5171,-9.4267,147.04315,2,11/18/2020 06:45:33,Argos,0,342,SR,,401677274.06,11/18/2020 06:47:51,1,15,0,-134,401677274.06,147.04315,-9.4267,147.04315,-9.4267,50,3,383,1442,101,71,595,72,247,5,,,,,,,,,,,,,,,,,,,,,,,,,,,,,
"",176405,5171,-9.4267,147.04315,2,11/18/2020 06:45:33,Argos,0,342,SR,,401677274.06,11/18/2020 06:48:06,1,15,0,-134,401677274.06,147.04315,-9.4267,147.04315,-9.4267,50,3,383,1442,101,71,595,83,68,136,,,,,,,,,,,,,,,,,,,,,,,,,,,,,
"",176405,5171,-9.4267,147.04315,2,11/18/2020 06:45:33,Argos,0,342,SR,,401677274.06,11/18/2020 06:48:20,3,15,0,-134,401677274.06,147.04315,-9.4267,147.04315,-9.4267,50,3,383,1442,101,71,595,109,139,0,,,,,,,,,,,,,,,,,,,,,,,,,,,,,
"",176405,5171,,,,,,,0,MB,,401650000,11/19/2020 23:58:33,1,1,0,-133,401650000,,,,,,,,,,,,32,46,96,0,0,0,0,0,0,0,0,0,255,123,252,42,46,64,0,0,0,0,0,0,0,0,0,255,149,212,153,
"",176405,5171,-9.42636,147.05881,A,11/20/2020 06:48:52,Argos,0,98,A1,,401677277.79,11/20/2020 06:47:51,1,3,0,-138,401677277.79,147.05881,-9.42636,147.0588,-9.42636,0,3,3812,50833,285,86,6762,10,128,16,,,,,,,,,,,,,,,,,,,,,,,,,,,,,
"",176405,5171,-9.42636,147.05881,A,11/20/2020 06:48:52,Argos,0,98,A1,,401677277.79,11/20/2020 06:49:16,1,3,0,-138,401677277.79,147.05881,-9.42636,147.0588,-9.42636,0,3,3812,50833,285,86,6762,22,67,24,,,,,,,,,,,,,,,,,,,,,,,,,,,,,
"",176405,5171,-9.42636,147.05881,A,11/20/2020 06:48:52,Argos,0,98,A1,,401677277.79,11/20/2020 06:49:30,1,3,0,-138,401677277.79,147.05881,-9.42636,147.0588,-9.42636,0,3,3812,50833,285,86,6762,71,116,5,,,,,,,,,,,,,,,,,,,,,,,,,,,,,
"",176405,5171,-9.42542,147.04225,3,11/21/2020 06:52:25,Argos,0,427,SR,,401677272.1,11/21/2020 06:49:44,1,15,0,-132,401677272.1,147.04225,-9.42542,147.04225,-9.42542,50,3,210,576,76,73,390,88,66,139,,,,,,,,,,,,,,,,,,,,,,,,,,,,,
"",176405,5171,-9.42542,147.04225,3,11/21/2020 06:52:25,Argos,0,427,SR,,401677272.1,11/21/2020 06:50:55,1,15,0,-132,401677272.1,147.04225,-9.42542,147.04225,-9.42542,50,3,210,576,76,73,390,89,71,139,,,,,,,,,,,,,,,,,,,,,,,,,,,,,
"",176405,5171,-9.42542,147.04225,3,11/21/2020 06:52:25,Argos,0,427,SR,,401677272.1,11/21/2020 06:52:34,1,15,0,-132,401677272.1,147.04225,-9.42542,147.04225,-9.42542,50,3,210,576,76,73,390,72,138,0,,,,,,,,,,,,,,,,,,,,,,,,,,,,,
"",176405,5171,-9.42542,147.04225,3,11/21/2020 06:52:25,Argos,0,427,SR,,401677272.1,11/21/2020 06:53:31,1,15,0,-132,401677272.1,147.04225,-9.42542,147.04225,-9.42542,50,3,210,576,76,73,390,88,82,139,,,,,,,,,,,,,,,,,,,,,,,,,,,,,
"",176405,5171,-9.42542,147.04225,3,11/21/2020 06:52:25,Argos,0,427,SR,,401677272.1,11/21/2020 06:53:46,2,15,0,-132,401677272.1,147.04225,-9.42542,147.04225,-9.42542,50,3,210,576,76,73,390,104,138,0,,,,,,,,,,,,,,,,,,,,,,,,,,,,,
"",176405,5171,-9.42542,147.04225,3,11/21/2020 06:52:25,Argos,0,427,SR,,401677272.1,11/21/2020 06:54:14,3,15,0,-132,401677272.1,147.04225,-9.42542,147.04225,-9.42542,50,3,210,576,76,73,390,22,75,24,,,,,,,,,,,,,,,,,,,,,,,,,,,,,
"",176405,5171,-9.42542,147.04225,3,11/21/2020 06:52:25,Argos,0,427,SR,,401677272.1,11/21/2020 06:54:28,2,15,0,-132,401677272.1,147.04225,-9.42542,147.04225,-9.42542,50,3,210,576,76,73,390,79,92,5,,,,,,,,,,,,,,,,,,,,,,,,,,,,,
"",176405,5171,-9.42542,147.04225,3,11/21/2020 06:52:25,Argos,0,427,SR,,401677272.1,11/21/2020 06:54:42,1,15,0,-132,401677272.1,147.04225,-9.42542,147.04225,-9.42542,50,3,210,576,76,73,390,89,87,139,,,,,,,,,,,,,,,,,,,,,,,,,,,,,
"",176405,5171,-9.42542,147.04225,3,11/21/2020 06:52:25,Argos,0,427,SR,,401677272.1,11/21/2020 06:55:11,3,15,0,-132,401677272.1,147.04225,-9.42542,147.04225,-9.42542,50,3,210,576,76,73,390,10,0,16,,,,,,,,,,,,,,,,,,,,,,,,,,,,,
"",176405,5171,,,,,,,0,NN,,401650000,11/23/2020 23:58:33,1,1,0,-135,401650000,,,,,,,,,,,,32,46,224,0,0,0,0,0,0,0,0,0,255,134,246,16,46,192,0,0,0,0,0,0,0,0,93,255,64,219,188,
"",176405,5171,-9.41695,147.04242,A,11/24/2020 06:55:58,Argos,0,214,SR,,401677284.37,11/24/2020 06:53:50,1,3,0,-136,401677284.37,147.04242,-9.41695,147.04242,-9.41695,0,3,425,2239,80,0,984,92,80,131,220,160,40,186,160,104,25,116,106,215,28,169,20,1,255,255,219,241,255,197,,,,,,,,,
"",176405,5171,-9.41695,147.04242,A,11/24/2020 06:55:58,Argos,0,214,SR,,401677284.37,11/24/2020 06:56:41,1,3,0,-136,401677284.37,147.04242,-9.41695,147.04242,-9.41695,0,3,425,2239,80,0,984,104,138,0,,,,,,,,,,,,,,,,,,,,,,,,,,,,,
"",176405,5171,-9.41695,147.04242,A,11/24/2020 06:55:58,Argos,0,214,SR,,401677284.37,11/24/2020 06:57:24,1,3,0,-136,401677284.37,147.04242,-9.41695,147.04242,-9.41695,0,3,425,2239,80,0,984,68,186,21,,,,,,,,,,,,,,,,,,,,,,,,,,,,,
"",176405,5171,-9.40659,147.04709,B,11/25/2020 06:26:47,Argos,0,0,SR,,401677281.89,11/25/2020 06:26:47,1,1,0,-140,401677281.89,147.04709,-9.40659,147.04709,-9.40659,0,3,4237,7168,2504,121,11983,87,220,142,,,,,,,,,,,,,,,,,,,,,,,,,,,,,
"",176405,5171,-9.40834,146.99211,0,11/26/2020 06:56:04,Argos,0,84,A1,,401677260.19,11/26/2020 06:55:13,1,5,0,-137,401677260.19,146.99211,-9.40834,146.99211,-9.40834,50,3,4675,57914,377,107,7427,87,88,144,,,,,,,,,,,,,,,,,,,,,,,,,,,,,
"",176405,5171,-9.40834,146.99211,0,11/26/2020 06:56:04,Argos,0,84,A1,,401677260.19,11/26/2020 06:55:56,1,5,0,-137,401677260.19,146.99211,-9.40834,146.99211,-9.40834,50,3,4675,57914,377,107,7427,22,75,24,,,,,,,,,,,,,,,,,,,,,,,,,,,,,
"",176405,5171,-9.40834,146.99211,0,11/26/2020 06:56:04,Argos,0,84,A1,,401677260.19,11/26/2020 06:56:10,1,5,0,-137,401677260.19,146.99211,-9.40834,146.99211,-9.40834,50,3,4675,57914,377,107,7427,76,130,5,,,,,,,,,,,,,,,,,,,,,,,,,,,,,
"",176405,5171,-9.40834,146.99211,0,11/26/2020 06:56:04,Argos,0,84,A1,,401677260.19,11/26/2020 06:56:24,1,5,0,-137,401677260.19,146.99211,-9.40834,146.99211,-9.40834,50,3,4675,57914,377,107,7427,86,93,208,,,,,,,,,,,,,,,,,,,,,,,,,,,,,
"",176405,5171,-9.40834,146.99211,0,11/26/2020 06:56:04,Argos,0,84,A1,,401677260.19,11/26/2020 06:56:38,1,5,0,-137,401677260.19,146.99211,-9.40834,146.99211,-9.40834,50,3,4675,57914,377,107,7427,104,138,0,,,,,,,,,,,,,,,,,,,,,,,,,,,,,
"",176405,5171,-9.4266,146.99176,A,11/27/2020 06:40:21,Argos,0,42,A1,,401677258.06,11/27/2020 06:40:02,1,3,0,-138,401677258.06,146.99176,-9.4266,146.99176,-9.4266,0,3,3433,19589,601,79,8229,22,75,24,,,,,,,,,,,,,,,,,,,,,,,,,,,,,
"",176405,5171,-9.4266,146.99176,A,11/27/2020 06:40:21,Argos,0,42,A1,,401677258.06,11/27/2020 06:40:17,1,3,0,-138,401677258.06,146.99176,-9.4266,146.99176,-9.4266,0,3,3433,19589,601,79,8229,70,128,5,,,,,,,,,,,,,,,,,,,,,,,,,,,,,
"",176405,5171,-9.4266,146.99176,A,11/27/2020 06:40:21,Argos,0,42,A1,,401677258.06,11/27/2020 06:40:45,1,3,0,-138,401677258.06,146.99176,-9.4266,146.99176,-9.4266,0,3,3433,19589,601,79,8229,108,202,0,,,,,,,,,,,,,,,,,,,,,,,,,,,,,
"",176405,5171,-9.4278,147.0135,1,11/28/2020 06:34:21,Argos,0,157,SR,,401677268.4,11/28/2020 06:32:57,1,11,0,-133,401677268.4,147.0135,-9.4278,147.0135,-9.4278,50,3,1405,11652,169,81,3964,54,75,24,,,,,,,,,,,,,,,,,,,,,,,,,,,,,
"",176405,5171,-9.4278,147.0135,1,11/28/2020 06:34:21,Argos,0,157,SR,,401677268.4,11/28/2020 06:33:25,1,11,0,-133,401677268.4,147.0135,-9.4278,147.0135,-9.4278,50,3,1405,11652,169,81,3964,87,249,145,,,,,,,,,,,,,,,,,,,,,,,,,,,,,
"",176405,5171,-9.4278,147.0135,1,11/28/2020 06:34:21,Argos,0,157,SR,,401677268.4,11/28/2020 06:34:37,1,11,0,-133,401677268.4,147.0135,-9.4278,147.0135,-9.4278,50,3,1405,11652,169,81,3964,92,254,145,,,,,,,,,,,,,,,,,,,,,,,,,,,,,
"",176405,5171,-9.4278,147.0135,1,11/28/2020 06:34:21,Argos,0,157,SR,,401677268.4,11/28/2020 06:34:51,2,11,0,-133,401677268.4,147.0135,-9.4278,147.0135,-9.4278,50,3,1405,11652,169,81,3964,109,139,0,,,,,,,,,,,,,,,,,,,,,,,,,,,,,
"",176405,5171,-9.4278,147.0135,1,11/28/2020 06:34:21,Argos,0,157,SR,,401677268.4,11/28/2020 06:35:05,2,11,0,-133,401677268.4,147.0135,-9.4278,147.0135,-9.4278,50,3,1405,11652,169,81,3964,10,0,16,,,,,,,,,,,,,,,,,,,,,,,,,,,,,
"",176405,5171,-9.4278,147.0135,1,11/28/2020 06:34:21,Argos,0,157,SR,,401677268.4,11/28/2020 06:35:19,2,11,0,-133,401677268.4,147.0135,-9.4278,147.0135,-9.4278,50,3,1405,11652,169,81,3964,22,75,24,,,,,,,,,,,,,,,,,,,,,,,,,,,,,
"",176405,5171,-9.4278,147.0135,1,11/28/2020 06:34:21,Argos,0,157,SR,,401677268.4,11/28/2020 06:35:34,2,11,0,-133,401677268.4,147.0135,-9.4278,147.0135,-9.4278,50,3,1405,11652,169,81,3964,73,179,5,,,,,,,,,,,,,,,,,,,,,,,,,,,,,
"",176405,5171,-9.42432,147.04343,2,12/01/2020 06:40:27,Argos,0,270,SR,,401677272.96,12/01/2020 06:41:01,1,9,0,-133,401677272.96,147.04343,-9.42432,147.04343,-9.42432,50,3,336,2259,50,69,905,83,16,149,,,,,,,,,,,,,,,,,,,,,,,,,,,,,
"",176405,5171,-9.42432,147.04343,2,12/01/2020 06:40:27,Argos,0,270,SR,,401677272.96,12/01/2020 06:41:15,1,9,0,-133,401677272.96,147.04343,-9.42432,147.04343,-9.42432,50,3,336,2259,50,69,905,67,208,131,220,168,40,58,164,96,154,170,106,149,42,35,22,1,255,255,218,49,255,192,,,,,,,,,
"",176405,5171,-9.42432,147.04343,2,12/01/2020 06:40:27,Argos,0,270,SR,,401677272.96,12/01/2020 06:41:30,3,9,0,-133,401677272.96,147.04343,-9.42432,147.04343,-9.42432,50,3,336,2259,50,69,905,109,139,0,,,,,,,,,,,,,,,,,,,,,,,,,,,,,
"",176405,5171,-9.42432,147.04343,2,12/01/2020 06:40:27,Argos,0,270,SR,,401677272.96,12/01/2020 06:41:44,2,9,0,-133,401677272.96,147.04343,-9.42432,147.04343,-9.42432,50,3,336,2259,50,69,905,10,0,16,,,,,,,,,,,,,,,,,,,,,,,,,,,,,
"",176405,5171,-9.42432,147.04343,2,12/01/2020 06:40:27,Argos,0,270,SR,,401677272.96,12/01/2020 06:41:58,1,9,0,-133,401677272.96,147.04343,-9.42432,147.04343,-9.42432,50,3,336,2259,50,69,905,22,75,24,,,,,,,,,,,,,,,,,,,,,,,,,,,,,
"",176405,5171,-9.42432,147.04343,2,12/01/2020 06:40:27,Argos,0,270,SR,,401677272.96,12/01/2020 06:42:12,1,9,0,-133,401677272.96,147.04343,-9.42432,147.04343,-9.42432,50,3,336,2259,50,69,905,66,164,5,,,,,,,,,,,,,,,,,,,,,,,,,,,,,
"",176405,5171,,,,,,,171,A1,,401650000,12/03/2020 06:45:02,1,5,,,401650000,,,,,,,,,,,,86,31,150,,,,,,,,,,,,,,,,,,,,,,,,,,,,,
"",176405,5171,,,,,,,171,A1,,401650000,12/03/2020 06:47:10,1,5,,,401650000,,,,,,,,,,,,73,147,5,,,,,,,,,,,,,,,,,,,,,,,,,,,,,
"",176405,5171,,,,,,,171,A1,,401650000,12/03/2020 06:47:24,1,5,,,401650000,,,,,,,,,,,,88,41,151,,,,,,,,,,,,,,,,,,,,,,,,,,,,,
"",176405,5171,,,,,,,171,A1,,401650000,12/03/2020 06:47:39,1,5,,,401650000,,,,,,,,,,,,109,139,0,,,,,,,,,,,,,,,,,,,,,,,,,,,,,
"",176405,5171,,,,,,,171,A1,,401650000,12/03/2020 06:47:53,1,5,,,401650000,,,,,,,,,,,,10,0,16,,,,,,,,,,,,,,,,,,,,,,,,,,,,,
"",176405,5171,,,,,,,412,SR,,401650000,12/07/2020 06:48:36,1,23,,,401650000,,,,,,,,,,,,10,8,16,,,,,,,,,,,,,,,,,,,,,,,,,,,,,
"",176405,5171,,,,,,,412,SR,,401650000,12/07/2020 06:49:18,1,23,,,401650000,,,,,,,,,,,,86,43,155,,,,,,,,,,,,,,,,,,,,,,,,,,,,,
"",176405,5171,,,,,,,412,SR,,401650000,12/07/2020 06:50:30,1,23,,,401650000,,,,,,,,,,,,81,48,155,,,,,,,,,,,,,,,,,,,,,,,,,,,,,
"",176405,5171,,,,,,,412,SR,,401650000,12/07/2020 06:52:23,1,23,,,401650000,,,,,,,,,,,,83,112,131,220,168,40,58,164,99,155,92,106,211,54,113,20,1,255,255,216,209,255,192,,,,,,,,,
"",176405,5171,,,,,,,412,SR,,401650000,12/07/2020 06:54:03,5,23,,,401650000,,,,,,,,,,,,79,141,5,,,,,,,,,,,,,,,,,,,,,,,,,,,,,
"",176405,5171,,,,,,,412,SR,,401650000,12/07/2020 06:54:17,1,23,,,401650000,,,,,,,,,,,,82,64,155,,,,,,,,,,,,,,,,,,,,,,,,,,,,,
"",176405,5171,,,,,,,412,SR,,401650000,12/07/2020 06:54:31,3,23,,,401650000,,,,,,,,,,,,104,138,0,,,,,,,,,,,,,,,,,,,,,,,,,,,,,
"",176405,5171,,,,,,,412,SR,,401650000,12/07/2020 06:54:46,4,23,,,401650000,,,,,,,,,,,,10,0,16,,,,,,,,,,,,,,,,,,,,,,,,,,,,,
"",176405,5171,,,,,,,412,SR,,401650000,12/07/2020 06:55:00,4,23,,,401650000,,,,,,,,,,,,22,75,24,,,,,,,,,,,,,,,,,,,,,,,,,,,,,
"",176405,5171,,,,,,,412,SR,,401650000,12/07/2020 06:55:14,1,23,,,401650000,,,,,,,,,,,,74,140,5,,,,,,,,,,,,,,,,,,,,,,,,,,,,,
"",176405,5171,,,,,,,412,SR,,401650000,12/07/2020 06:55:28,1,23,,,401650000,,,,,,,,,,,,83,69,147,,,,,,,,,,,,,,,,,,,,,,,,,,,,,
"",176405,5171,-9.42404,147.04759,0,12/09/2020 06:53:51,Argos,0,56,A1,,401677273.87,12/09/2020 06:53:23,1,5,0,-137,401677273.87,147.04759,-9.42404,147.04759,-9.42404,50,3,6671,71642,621,102,9179,104,138,0,,,,,,,,,,,,,,,,,,,,,,,,,,,,,
"",176405,5171,-9.42404,147.04759,0,12/09/2020 06:53:51,Argos,0,56,A1,,401677273.87,12/09/2020 06:53:37,1,5,0,-137,401677273.87,147.04759,-9.42404,147.04759,-9.42404,50,3,6671,71642,621,102,9179,10,0,16,,,,,,,,,,,,,,,,,,,,,,,,,,,,,
"",176405,5171,-9.42404,147.04759,0,12/09/2020 06:53:51,Argos,0,56,A1,,401677273.87,12/09/2020 06:53:51,1,5,0,-137,401677273.87,147.04759,-9.42404,147.04759,-9.42404,50,3,6671,71642,621,102,9179,22,75,24,,,,,,,,,,,,,,,,,,,,,,,,,,,,,
"",176405,5171,-9.42404,147.04759,0,12/09/2020 06:53:51,Argos,0,56,A1,,401677273.87,12/09/2020 06:54:06,1,5,0,-137,401677273.87,147.04759,-9.42404,147.04759,-9.42404,50,3,6671,71642,621,102,9179,68,186,5,,,,,,,,,,,,,,,,,,,,,,,,,,,,,
"",176405,5171,-9.42404,147.04759,0,12/09/2020 06:53:51,Argos,0,56,A1,,401677273.87,12/09/2020 06:54:20,1,5,0,-137,401677273.87,147.04759,-9.42404,147.04759,-9.42404,50,3,6671,71642,621,102,9179,93,62,157,,,,,,,,,,,,,,,,,,,,,,,,,,,,,
"",176405,5171,-9.42168,147.04984,B,12/10/2020 06:38:10,Argos,0,0,A1,,401677272.88,12/10/2020 06:38:11,1,1,0,-141,401677272.88,147.04984,-9.42168,147.04984,-9.42168,0,3,8911,20143,3942,109,15018,22,75,24,,,,,,,,,,,,,,,,,,,,,,,,,,,,,
"",176405,5171,-9.41927,147.04712,2,12/10/2020 06:56:15,Argos,0,200,SR,,401677273.49,12/10/2020 06:56:41,2,5,0,-133,401677273.49,147.04712,-9.41927,147.04712,-9.41927,60,3,412,1593,106,0,1128,22,75,24,,,,,,,,,,,,,,,,,,,,,,,,,,,,,
"",176405,5171,-9.41927,147.04712,2,12/10/2020 06:56:15,Argos,0,200,SR,,401677273.49,12/10/2020 06:57:24,1,5,0,-133,401677273.49,147.04712,-9.41927,147.04712,-9.41927,60,3,412,1593,106,0,1128,104,138,0,,,,,,,,,,,,,,,,,,,,,,,,,,,,,
"",176405,5171,-9.41927,147.04712,2,12/10/2020 06:56:15,Argos,0,200,SR,,401677273.49,12/10/2020 06:57:38,2,5,0,-133,401677273.49,147.04712,-9.41927,147.04712,-9.41927,60,3,412,1593,106,0,1128,10,0,16,,,,,,,,,,,,,,,,,,,,,,,,,,,,,
"",176405,5171,-9.43385,147.02787,1,12/11/2020 06:27:15,Argos,0,171,SR,,401677267.01,12/11/2020 06:25:51,1,11,0,-133,401677267.01,147.02787,-9.43385,147.02786,-9.43385,50,3,967,5512,169,54,2720,23,75,24,,,,,,,,,,,,,,,,,,,,,,,,,,,,,
"",176405,5171,-9.43385,147.02787,1,12/11/2020 06:27:15,Argos,0,171,SR,,401677267.01,12/11/2020 06:26:06,1,11,0,-133,401677267.01,147.02787,-9.43385,147.02786,-9.43385,50,3,967,5512,169,54,2720,71,181,5,,,,,,,,,,,,,,,,,,,,,,,,,,,,,
"",176405,5171,-9.43385,147.02787,1,12/11/2020 06:27:15,Argos,0,171,SR,,401677267.01,12/11/2020 06:27:03,1,11,0,-133,401677267.01,147.02787,-9.43385,147.02786,-9.43385,50,3,967,5512,169,54,2720,22,75,24,,,,,,,,,,,,,,,,,,,,,,,,,,,,,
"",176405,5171,-9.43385,147.02787,1,12/11/2020 06:27:15,Argos,0,171,SR,,401677267.01,12/11/2020 06:27:17,1,11,0,-133,401677267.01,147.02787,-9.43385,147.02786,-9.43385,50,3,967,5512,169,54,2720,76,178,5,,,,,,,,,,,,,,,,,,,,,,,,,,,,,
"",176405,5171,-9.43385,147.02787,1,12/11/2020 06:27:15,Argos,0,171,SR,,401677267.01,12/11/2020 06:27:31,1,11,0,-133,401677267.01,147.02787,-9.43385,147.02786,-9.43385,50,3,967,5512,169,54,2720,89,202,158,,,,,,,,,,,,,,,,,,,,,,,,,,,,,
"",176405,5171,-9.43385,147.02787,1,12/11/2020 06:27:15,Argos,0,171,SR,,401677267.01,12/11/2020 06:27:45,2,11,0,-133,401677267.01,147.02787,-9.43385,147.02786,-9.43385,50,3,967,5512,169,54,2720,109,139,0,,,,,,,,,,,,,,,,,,,,,,,,,,,,,
"",176405,5171,-9.43385,147.02787,1,12/11/2020 06:27:15,Argos,0,171,SR,,401677267.01,12/11/2020 06:28:00,2,11,0,-133,401677267.01,147.02787,-9.43385,147.02786,-9.43385,50,3,967,5512,169,54,2720,10,0,16,,,,,,,,,,,,,,,,,,,,,,,,,,,,,
"",176405,5171,-9.43385,147.02787,1,12/11/2020 06:27:15,Argos,0,171,SR,,401677267.01,12/11/2020 06:28:14,1,11,0,-133,401677267.01,147.02787,-9.43385,147.02786,-9.43385,50,3,967,5512,169,54,2720,6,75,24,,,,,,,,,,,,,,,,,,,,,,,,,,,,,
"",176405,5171,-9.43385,147.02787,1,12/11/2020 06:27:15,Argos,0,171,SR,,401677267.01,12/11/2020 06:28:42,1,11,0,-133,401677267.01,147.02787,-9.43385,147.02786,-9.43385,50,3,967,5512,169,54,2720,88,207,158,,,,,,,,,,,,,,,,,,,,,,,,,,,,,
"",176405,5171,-9.43526,147.02718,B,12/11/2020 23:58:34,Argos,0,0,MC,,401677267.13,12/11/2020 23:58:35,1,1,0,-127,401677267.13,147.02718,-9.43526,147.02718,-9.43526,0,3,3359,9887,1141,113,9496,32,49,96,0,0,0,0,0,0,0,0,90,127,33,255,52,49,64,0,0,0,0,0,0,0,0,65,75,97,255,54,
"",176405,5171,-9.4359,147.03661,0,12/14/2020 06:35:07,Argos,0,114,SR,,401677267.6,12/14/2020 06:34:11,1,9,0,-136,401677267.6,147.03661,-9.4359,,,50,3,4540,49895,413,87,7452,81,231,161,,,,,,,,,,,,,,,,,,,,,,,,,,,,,
"",176405,5171,-9.4359,147.03661,0,12/14/2020 06:35:07,Argos,0,114,SR,,401677267.6,12/14/2020 06:35:08,1,9,0,-136,401677267.6,147.03661,-9.4359,,,50,3,4540,49895,413,87,7452,73,204,5,,,,,,,,,,,,,,,,,,,,,,,,,,,,,
"",176405,5171,-9.4359,147.03661,0,12/14/2020 06:35:07,Argos,0,114,SR,,401677267.6,12/14/2020 06:35:22,1,9,0,-136,401677267.6,147.03661,-9.4359,,,50,3,4540,49895,413,87,7452,86,236,161,,,,,,,,,,,,,,,,,,,,,,,,,,,,,
"",176405,5171,-9.4359,147.03661,0,12/14/2020 06:35:07,Argos,0,114,SR,,401677267.6,12/14/2020 06:35:36,2,9,0,-136,401677267.6,147.03661,-9.4359,,,50,3,4540,49895,413,87,7452,109,139,0,,,,,,,,,,,,,,,,,,,,,,,,,,,,,
"",176405,5171,-9.4359,147.03661,0,12/14/2020 06:35:07,Argos,0,114,SR,,401677267.6,12/14/2020 06:35:50,2,9,0,-136,401677267.6,147.03661,-9.4359,,,50,3,4540,49895,413,87,7452,10,0,16,,,,,,,,,,,,,,,,,,,,,,,,,,,,,
"",176405,5171,-9.4359,147.03661,0,12/14/2020 06:35:07,Argos,0,114,SR,,401677267.6,12/14/2020 06:36:05,2,9,0,-136,401677267.6,147.03661,-9.4359,,,50,3,4540,49895,413,87,7452,22,75,24,,,,,,,,,,,,,,,,,,,,,,,,,,,,,
"",176405,5171,-9.42285,147.01872,0,12/16/2020 06:45:33,Argos,0,56,A1,,401677268.29,12/16/2020 06:45:05,1,4,0,-137,401677268.29,147.01872,-9.42285,147.01872,-9.42285,60,3,3650,38010,350,96,10320,22,75,24,,,,,,,,,,,,,,,,,,,,,,,,,,,,,
"",176405,5171,-9.42285,147.01872,0,12/16/2020 06:45:33,Argos,0,56,A1,,401677268.29,12/16/2020 06:45:19,1,4,0,-137,401677268.29,147.01872,-9.42285,147.01872,-9.42285,60,3,3650,38010,350,96,10320,69,191,5,,,,,,,,,,,,,,,,,,,,,,,,,,,,,
"",176405,5171,-9.42285,147.01872,0,12/16/2020 06:45:33,Argos,0,56,A1,,401677268.29,12/16/2020 06:45:47,1,4,0,-137,401677268.29,147.01872,-9.42285,147.01872,-9.42285,60,3,3650,38010,350,96,10320,104,138,0,,,,,,,,,,,,,,,,,,,,,,,,,,,,,
"",176405,5171,-9.42285,147.01872,0,12/16/2020 06:45:33,Argos,0,56,A1,,401677268.29,12/16/2020 06:46:02,1,4,0,-137,401677268.29,147.01872,-9.42285,147.01872,-9.42285,60,3,3650,38010,350,96,10320,10,0,16,,,,,,,,,,,,,,,,,,,,,,,,,,,,,
"",176405,5171,-9.43013,147.01678,1,12/17/2020 06:41:17,Argos,0,228,SR,,401677266.91,12/17/2020 06:38:53,1,7,0,-131,401677266.91,147.01678,-9.43013,147.01678,-9.43013,60,3,1170,13256,103,76,3295,22,75,24,,,,,,,,,,,,,,,,,,,,,,,,,,,,,
"",176405,5171,-9.43013,147.01678,1,12/17/2020 06:41:17,Argos,0,228,SR,,401677266.91,12/17/2020 06:39:08,1,7,0,-131,401677266.91,147.01678,-9.43013,147.01678,-9.43013,60,3,1170,13256,103,76,3295,5,143,5,,,,,,,,,,,,,,,,,,,,,,,,,,,,,
"",176405,5171,-9.43013,147.01678,1,12/17/2020 06:41:17,Argos,0,228,SR,,401677266.91,12/17/2020 06:41:44,1,7,0,-131,401677266.91,147.01678,-9.43013,147.01678,-9.43013,60,3,1170,13256,103,76,3295,67,145,5,,,,,,,,,,,,,,,,,,,,,,,,,,,,,
"",176405,5171,-9.43013,147.01678,1,12/17/2020 06:41:17,Argos,0,228,SR,,401677266.91,12/17/2020 06:41:58,1,7,0,-131,401677266.91,147.01678,-9.43013,147.01678,-9.43013,60,3,1170,13256,103,76,3295,86,255,164,,,,,,,,,,,,,,,,,,,,,,,,,,,,,
"",176405,5171,-9.43013,147.01678,1,12/17/2020 06:41:17,Argos,0,228,SR,,401677266.91,12/17/2020 06:42:13,1,7,0,-131,401677266.91,147.01678,-9.43013,147.01678,-9.43013,60,3,1170,13256,103,76,3295,109,139,0,,,,,,,,,,,,,,,,,,,,,,,,,,,,,
"",176405,5171,-9.43013,147.01678,1,12/17/2020 06:41:17,Argos,0,228,SR,,401677266.91,12/17/2020 06:42:27,1,7,0,-131,401677266.91,147.01678,-9.43013,147.01678,-9.43013,60,3,1170,13256,103,76,3295,10,0,16,,,,,,,,,,,,,,,,,,,,,,,,,,,,,
"",176405,5171,-9.43013,147.01678,1,12/17/2020 06:41:17,Argos,0,228,SR,,401677266.91,12/17/2020 06:42:41,1,7,0,-131,401677266.91,147.01678,-9.43013,147.01678,-9.43013,60,3,1170,13256,103,76,3295,150,75,24,,,,,,,,,,,,,,,,,,,,,,,,,,,,,
"",176405,5171,,,,,,,0,NN,,401650000,12/19/2020 23:58:35,1,1,0,-135,401650000,,,,,,,,,,,,32,50,100,0,0,0,0,0,0,8,0,0,163,125,255,89,50,64,0,0,0,0,0,0,0,0,0,49,189,255,53,
"",176405,5171,,,,,,,185,SR,,401650000,01/28/2021 06:27:03,1,3,0,-138,401650000,,,,,,,,,,,,65,104,5,,,,,,,,,,,,,,,,,,,,,,,,,,,,,
"",176405,5171,,,,,,,185,SR,,401650000,01/28/2021 06:28:57,1,3,0,-138,401650000,,,,,,,,,,,,10,0,16,,,,,,,,,,,,,,,,,,,,,,,,,,,,,
"",176405,5171,,,,,,,185,SR,,401650000,01/28/2021 06:30:08,1,3,0,-138,401650000,,,,,,,,,,,,91,176,131,220,168,8,58,164,110,25,247,132,7,29,45,26,1,255,255,214,145,255,192,,,,,,,,,
"",176405,5171,-9.41985,147.04701,2,01/29/2021 06:55:31,Argos,0,213,A1,,401677267.95,01/29/2021 06:53:38,1,5,0,-137,401677267.95,147.04701,-9.41985,147.04701,-9.41985,60,0,356,1435,88,155,962,102,140,0,,,,,,,,,,,,,,,,,,,,,,,,,,,,,
"",176405,5171,-9.41985,147.04701,2,01/29/2021 06:55:31,Argos,0,213,A1,,401677267.95,01/29/2021 06:53:52,1,5,0,-137,401677267.95,147.04701,-9.41985,147.04701,-9.41985,60,0,356,1435,88,155,962,10,0,16,32,189,227,45,127,146,79,51,38,77,164,254,,,,,,,,,,,,,,,,,
"",176405,5171,-9.41985,147.04701,2,01/29/2021 06:55:31,Argos,0,213,A1,,401677267.95,01/29/2021 06:56:00,1,5,0,-137,401677267.95,147.04701,-9.41985,147.04701,-9.41985,60,0,356,1435,88,155,962,102,140,1,,,,,,,,,,,,,,,,,,,,,,,,,,,,,
"",176405,5171,-9.41985,147.04701,2,01/29/2021 06:55:31,Argos,0,213,A1,,401677267.95,01/29/2021 06:56:57,1,5,0,-137,401677267.95,147.04701,-9.41985,147.04701,-9.41985,60,0,356,1435,88,155,962,91,11,208,,,,,,,,,,,,,,,,,,,,,,,,,,,,,
"",176405,5171,-9.41985,147.04701,2,01/29/2021 06:55:31,Argos,0,213,A1,,401677267.95,01/29/2021 06:57:11,1,5,0,-137,401677267.95,147.04701,-9.41985,147.04701,-9.41985,60,0,356,1435,88,155,962,102,28,0,,,,,,,,,,,,,,,,,,,,,,,,,,,,,
"",176405,5171,-9.4148,147.05528,B,01/30/2021 06:44:11,Argos,0,14,A1,,401677265.98,01/30/2021 06:44:04,1,2,0,-139,401677265.98,147.05528,-9.4148,147.05528,-9.4148,0,3,2850,5843,1389,99,8056,22,9,88,,,,,,,,,,,,,,,,,,,,,,,,,,,,,
"",176405,5171,-9.4148,147.05528,B,01/30/2021 06:44:11,Argos,0,14,A1,,401677265.98,01/30/2021 06:44:19,1,2,0,-139,401677265.98,147.05528,-9.4148,147.05528,-9.4148,0,3,2850,5843,1389,99,8056,75,39,5,,,,,,,,,,,,,,,,,,,,,,,,,,,,,
"",176405,5171,-9.43263,147.0241,0,01/31/2021 06:34:55,Argos,0,213,SR,,401677259.28,01/31/2021 06:33:38,1,5,0,-135,401677259.28,147.0241,-9.43263,147.0241,-9.43263,50,3,2261,30046,170,63,4557,64,32,5,,,,,,,,,,,,,,,,,,,,,,,,,,,,,
"",176405,5171,-9.43263,147.0241,0,01/31/2021 06:34:55,Argos,0,213,SR,,401677259.28,01/31/2021 06:33:53,1,5,0,-135,401677259.28,147.0241,-9.43263,147.0241,-9.43263,50,3,2261,30046,170,63,4557,82,167,209,,,,,,,,,,,,,,,,,,,,,,,,,,,,,
"",176405,5171,-9.43263,147.0241,0,01/31/2021 06:34:55,Argos,0,213,SR,,401677259.28,01/31/2021 06:36:43,1,5,0,-135,401677259.28,147.0241,-9.43263,147.0241,-9.43263,50,3,2261,30046,170,63,4557,10,0,16,,,,,,,,,,,,,,,,,,,,,,,,,,,,,
"",176405,5171,-9.43263,147.0241,0,01/31/2021 06:34:55,Argos,0,213,SR,,401677259.28,01/31/2021 06:36:57,2,5,0,-135,401677259.28,147.0241,-9.43263,147.0241,-9.43263,50,3,2261,30046,170,63,4557,22,75,24,,,,,,,,,,,,,,,,,,,,,,,,,,,,,
"",176405,5171,,,,,,,0,NN,,401650000,02/02/2021 01:19:21,1,1,0,-133,401650000,,,,,,,,,,,,32,72,32,0,0,0,0,0,0,0,98,174,255,13,0,239,71,224,0,0,0,0,0,0,0,124,255,0,0,0,37,
"",176405,5171,,,,,,,0,SR,,401650000,02/03/2021 06:40:07,1,1,0,-135,401650000,,,,,,,,,,,,78,172,5,,,,,,,,,,,,,,,,,,,,,,,,,,,,,
"",176405,5171,-9.42139,147.04761,2,02/06/2021 06:47:44,Argos,0,328,SR,,401677273.04,02/06/2021 06:44:54,1,4,0,-136,401677273.04,147.04761,-9.42139,147.0476,-9.42139,50,3,418,3557,49,65,1088,109,139,0,,,,,,,,,,,,,,,,,,,,,,,,,,,,,
"",176405,5171,-9.42139,147.04761,2,02/06/2021 06:47:44,Argos,0,328,SR,,401677273.04,02/06/2021 06:45:37,1,4,0,-136,401677273.04,147.04761,-9.42139,147.0476,-9.42139,50,3,418,3557,49,65,1088,64,225,5,,,,,,,,,,,,,,,,,,,,,,,,,,,,,
"",176405,5171,-9.42139,147.04761,2,02/06/2021 06:47:44,Argos,0,328,SR,,401677273.04,02/06/2021 06:50:07,1,4,0,-136,401677273.04,147.04761,-9.42139,147.0476,-9.42139,50,3,418,3557,49,65,1088,10,0,16,,,,,,,,,,,,,,,,,,,,,,,,,,,,,
"",176405,5171,-9.42139,147.04761,2,02/06/2021 06:47:44,Argos,0,328,SR,,401677273.04,02/06/2021 06:50:22,1,4,0,-136,401677273.04,147.04761,-9.42139,147.0476,-9.42139,50,3,418,3557,49,65,1088,22,75,24,,,,,,,,,,,,,,,,,,,,,,,,,,,,,
"",176405,5171,,,,,,,0,MC,,401650000,02/07/2021 23:58:37,1,1,0,-126,401650000,,,,,,,,,,,,32,72,224,0,0,0,0,0,0,0,0,17,171,131,255,219,72,192,0,0,0,0,0,0,0,0,0,208,98,255,137,
"",176405,5171,-9.42177,147.04591,A,02/09/2021 06:53:43,Argos,0,313,SR,,401677261.79,02/09/2021 06:51:45,1,3,0,-135,401677261.79,147.04591,-9.42177,147.04591,-9.42177,0,3,380,2770,52,78,1036,22,75,24,,,,,,,,,,,,,,,,,,,,,,,,,,,,,
"",176405,5171,-9.42177,147.04591,A,02/09/2021 06:53:43,Argos,0,313,SR,,401677261.79,02/09/2021 06:52:28,1,3,0,-135,401677261.79,147.04591,-9.42177,147.04591,-9.42177,0,3,380,2770,52,78,1036,83,80,131,220,168,40,58,164,100,155,92,198,223,181,137,22,65,255,255,219,81,255,192,,,,,,,,,
"",176405,5171,-9.42177,147.04591,A,02/09/2021 06:53:43,Argos,0,313,SR,,401677261.79,02/09/2021 06:56:58,1,3,0,-135,401677261.79,147.04591,-9.42177,147.04591,-9.42177,0,3,380,2770,52,78,1036,77,183,5,,,,,,,,,,,,,,,,,,,,,,,,,,,,,
"",176405,5171,,,,,,,0,SR,,401650000,02/12/2021 06:57:13,1,1,0,-136,401650000,,,,,,,,,,,,22,91,24,,,,,,,,,,,,,,,,,,,,,,,,,,,,,
"",176405,5171,-9.43501,147.01231,A,02/19/2021 06:42:55,Argos,0,299,SR,,401677260.51,02/19/2021 06:39:41,1,3,0,-137,401677260.51,147.01231,-9.43501,147.01231,-9.43501,0,3,2402,66624,86,68,6788,201,204,5,,,,,,,,,,,,,,,,,,,,,,,,,,,,,
"",176405,5171,-9.43501,147.01231,A,02/19/2021 06:42:55,Argos,0,299,SR,,401677260.51,02/19/2021 06:44:26,1,3,0,-137,401677260.51,147.01231,-9.43501,147.01231,-9.43501,0,3,2402,66624,86,68,6788,22,75,24,,,,,,,,,,,,,,,,,,,,,,,,,,,,,
"",176405,5171,-9.43501,147.01231,A,02/19/2021 06:42:55,Argos,0,299,SR,,401677260.51,02/19/2021 06:44:40,1,3,0,-137,401677260.51,147.01231,-9.43501,147.01231,-9.43501,0,3,2402,66624,86,68,6788,67,206,5,,,,,,,,,,,,,,,,,,,,,,,,,,,,,
"",176405,5171,,,,,,,0,SR,,401650000,02/22/2021 06:50:35,1,1,0,-138,401650000,,,,,,,,,,,,109,139,0,,,,,,,,,,,,,,,,,,,,,,,,,,,,,
"",176405,5171,-9.42267,147.04483,2,02/25/2021 06:54:01,Argos,0,327,SR,,401677266.18,02/25/2021 06:52:00,1,6,0,-132,401677266.18,147.04483,-9.42267,147.04483,-9.42267,50,3,344,3245,36,76,927,104,138,0,,,,,,,,,,,,,,,,,,,,,,,,,,,,,
"",176405,5171,-9.42267,147.04483,2,02/25/2021 06:54:01,Argos,0,327,SR,,401677266.18,02/25/2021 06:52:29,1,6,0,-132,401677266.18,147.04483,-9.42267,147.04483,-9.42267,50,3,344,3245,36,76,927,78,144,131,220,168,42,58,164,108,147,92,132,213,213,159,20,1,255,255,218,241,255,192,,,,,,,,,
"",176405,5171,-9.42267,147.04483,2,02/25/2021 06:54:01,Argos,0,327,SR,,401677266.18,02/25/2021 06:52:43,1,6,0,-132,401677266.18,147.04483,-9.42267,147.04483,-9.42267,50,3,344,3245,36,76,927,22,79,24,,,,,,,,,,,,,,,,,,,,,,,,,,,,,
"",176405,5171,-9.42267,147.04483,2,02/25/2021 06:54:01,Argos,0,327,SR,,401677266.18,02/25/2021 06:57:13,2,6,0,-132,401677266.18,147.04483,-9.42267,147.04483,-9.42267,50,3,344,3245,36,76,927,10,0,16,,,,,,,,,,,,,,,,,,,,,,,,,,,,,
"",176405,5171,-9.42267,147.04483,2,02/25/2021 06:54:01,Argos,0,327,SR,,401677266.18,02/25/2021 06:57:27,1,6,0,-132,401677266.18,147.04483,-9.42267,147.04483,-9.42267,50,3,344,3245,36,76,927,22,75,24,,,,,,,,,,,,,,,,,,,,,,,,,,,,,
"",176405,5171,-9.42564,147.04633,B,02/25/2021 23:58:37,Argos,0,0,NN,,401677270.65,02/25/2021 23:58:38,1,1,0,-129,401677270.65,147.04633,-9.42564,147.04633,-9.42564,0,3,4338,4525,4158,72,12267,32,75,32,0,0,0,0,0,0,0,84,73,206,96,255,185,75,0,0,0,0,0,0,0,0,0,255,107,114,16,168,
"",176405,5171,,,,,,,0,A1,,401650000,03/02/2021 06:55:45,1,1,0,-138,401650000,,,,,,,,,,,,79,124,5,,,,,,,,,,,,,,,,,,,,,,,,,,,,,
"",176405,5171,,,,,,,0,SR,,401650000,03/04/2021 06:36:59,1,1,0,-140,401650000,,,,,,,,,,,,74,0,16,,,,,,,,,,,,,,,,,,,,,,,,,,,,,
"",176405,5171,,,,,,,0,NN,,401650000,03/05/2021 23:58:37,1,1,0,-131,401650000,,,,,,,,,,,,32,76,160,0,0,0,0,0,0,0,0,42,250,255,254,136,76,128,0,0,0,0,0,0,0,0,16,255,5,0,225,
"",176405,5171,-9.42882,147.04002,3,03/07/2021 06:40:26,Argos,0,341,SR,,401677264.04,03/07/2021 06:38:26,1,6,0,-136,401677264.04,147.04002,-9.42882,147.04002,-9.42882,50,3,186,479,72,40,421,109,139,0,,,,,,,,,,,,,,,,,,,,,,,,,,,,,
"",176405,5171,-9.42882,147.04002,3,03/07/2021 06:40:26,Argos,0,341,SR,,401677264.04,03/07/2021 06:38:54,1,6,0,-136,401677264.04,147.04002,-9.42882,147.04002,-9.42882,50,3,186,479,72,40,421,22,75,24,,,,,,,,,,,,,,,,,,,,,,,,,,,,,
"",176405,5171,-9.42882,147.04002,3,03/07/2021 06:40:26,Argos,0,341,SR,,401677264.04,03/07/2021 06:39:09,1,6,0,-136,401677264.04,147.04002,-9.42882,147.04002,-9.42882,50,3,186,479,72,40,421,65,122,5,,,,,,,,,,,,,,,,,,,,,,,,,,,,,
"",176405,5171,-9.42882,147.04002,3,03/07/2021 06:40:26,Argos,0,341,SR,,401677264.04,03/07/2021 06:40:20,1,6,0,-136,401677264.04,147.04002,-9.42882,147.04002,-9.42882,50,3,186,479,72,40,421,94,121,5,,,,,,,,,,,,,,,,,,,,,,,,,,,,,
"",176405,5171,-9.42882,147.04002,3,03/07/2021 06:40:26,Argos,0,341,SR,,401677264.04,03/07/2021 06:44:07,2,6,0,-136,401677264.04,147.04002,-9.42882,147.04002,-9.42882,50,3,186,479,72,40,421,78,121,5,,,,,,,,,,,,,,,,,,,,,,,,,,,,,
"",176405,5171,-9.42326,147.03965,A,03/09/2021 06:49:24,Argos,0,227,A1,,401677264.67,03/09/2021 06:46:58,1,3,0,-140,401677264.67,147.03965,-9.42326,147.03966,-9.42326,0,3,1421,24908,81,51,4010,93,169,246,,,,,,,,,,,,,,,,,,,,,,,,,,,,,
"",176405,5171,-9.42326,147.03965,A,03/09/2021 06:49:24,Argos,0,227,A1,,401677264.67,03/09/2021 06:50:31,1,3,0,-140,401677264.67,147.03965,-9.42326,147.03966,-9.42326,0,3,1421,24908,81,51,4010,88,184,246,,,,,,,,,,,,,,,,,,,,,,,,,,,,,
"",176405,5171,-9.42326,147.03965,A,03/09/2021 06:49:24,Argos,0,227,A1,,401677264.67,03/09/2021 06:50:45,1,3,0,-140,401677264.67,147.03965,-9.42326,147.03966,-9.42326,0,3,1421,24908,81,51,4010,95,241,131,220,172,32,56,164,100,155,66,21,157,237,115,30,1,255,255,215,241,255,192,,,,,,,,,
"",176405,5171,-9.43206,147.03685,0,03/10/2021 06:47:26,Argos,0,99,SR,,401677264.41,03/10/2021 06:46:29,1,4,0,-135,401677264.41,147.03685,-9.43206,147.03685,-9.43206,50,3,2224,14271,346,41,4371,10,0,16,,,,,,,,,,,,,,,,,,,,,,,,,,,,,
"",176405,5171,-9.43206,147.03685,0,03/10/2021 06:47:26,Argos,0,99,SR,,401677264.41,03/10/2021 06:47:12,1,4,0,-135,401677264.41,147.03685,-9.43206,147.03685,-9.43206,50,3,2224,14271,346,41,4371,90,173,247,,,,,,,,,,,,,,,,,,,,,,,,,,,,,
"",176405,5171,-9.43206,147.03685,0,03/10/2021 06:47:26,Argos,0,99,SR,,401677264.41,03/10/2021 06:47:55,1,4,0,-135,401677264.41,147.03685,-9.43206,147.03685,-9.43206,50,3,2224,14271,346,41,4371,22,75,24,,,,,,,,,,,,,,,,,,,,,,,,,,,,,
"",176405,5171,-9.43206,147.03685,0,03/10/2021 06:47:26,Argos,0,99,SR,,401677264.41,03/10/2021 06:48:09,1,4,0,-135,401677264.41,147.03685,-9.43206,147.03685,-9.43206,50,3,2224,14271,346,41,4371,75,137,5,,,,,,,,,,,,,,,,,,,,,,,,,,,,,
"",176405,5171,-9.42239,147.044,3,03/13/2021 06:53:25,Argos,0,498,SR,,401677269.59,03/13/2021 06:50:59,1,14,0,-132,401677269.59,147.044,-9.42239,147.044,-9.42239,50,3,127,213,75,37,158,79,141,5,,,,,,,,,,,,,,,,,,,,,,,,,,,,,
"",176405,5171,-9.42239,147.044,3,03/13/2021 06:53:25,Argos,0,498,SR,,401677269.59,03/13/2021 06:51:14,1,14,0,-132,401677269.59,147.044,-9.42239,147.044,-9.42239,50,3,127,213,75,37,158,85,181,250,,,,,,,,,,,,,,,,,,,,,,,,,,,,,
"",176405,5171,-9.42239,147.044,3,03/13/2021 06:53:25,Argos,0,498,SR,,401677269.59,03/13/2021 06:52:10,1,14,0,-132,401677269.59,147.044,-9.42239,147.044,-9.42239,50,3,127,213,75,37,158,74,140,5,,,,,,,,,,,,,,,,,,,,,,,,,,,,,
"",176405,5171,-9.42239,147.044,3,03/13/2021 06:53:25,Argos,0,498,SR,,401677269.59,03/13/2021 06:52:25,1,14,0,-132,401677269.59,147.044,-9.42239,147.044,-9.42239,50,3,127,213,75,37,158,83,112,131,220,168,40,58,164,102,153,92,22,87,245,117,20,1,255,255,216,177,255,192,,,,,,,,,
"",176405,5171,-9.42239,147.044,3,03/13/2021 06:53:25,Argos,0,498,SR,,401677269.59,03/13/2021 06:52:53,2,14,0,-132,401677269.59,147.044,-9.42239,147.044,-9.42239,50,3,127,213,75,37,158,109,139,0,,,,,,,,,,,,,,,,,,,,,,,,,,,,,
"",176405,5171,-9.42239,147.044,3,03/13/2021 06:53:25,Argos,0,498,SR,,401677269.59,03/13/2021 06:53:50,1,14,0,-132,401677269.59,147.044,-9.42239,147.044,-9.42239,50,3,127,213,75,37,158,87,192,250,,,,,,,,,,,,,,,,,,,,,,,,,,,,,
"",176405,5171,-9.42239,147.044,3,03/13/2021 06:53:25,Argos,0,498,SR,,401677269.59,03/13/2021 06:55:01,1,14,0,-132,401677269.59,147.044,-9.42239,147.044,-9.42239,50,3,127,213,75,37,158,86,197,250,,,,,,,,,,,,,,,,,,,,,,,,,,,,,
"",176405,5171,-9.42239,147.044,3,03/13/2021 06:53:25,Argos,0,498,SR,,401677269.59,03/13/2021 06:55:15,1,14,0,-132,401677269.59,147.044,-9.42239,147.044,-9.42239,50,3,127,213,75,37,158,104,136,0,,,,,,,,,,,,,,,,,,,,,,,,,,,,,
"",176405,5171,-9.42239,147.044,3,03/13/2021 06:53:25,Argos,0,498,SR,,401677269.59,03/13/2021 06:55:29,1,14,0,-132,401677269.59,147.044,-9.42239,147.044,-9.42239,50,3,127,213,75,37,158,10,8,16,,,,,,,,,,,,,,,,,,,,,,,,,,,,,
"",176405,5171,-9.42239,147.044,3,03/13/2021 06:53:25,Argos,0,498,SR,,401677269.59,03/13/2021 06:55:44,3,14,0,-132,401677269.59,147.044,-9.42239,147.044,-9.42239,50,3,127,213,75,37,158,22,75,24,,,,,,,,,,,,,,,,,,,,,,,,,,,,,
"",176405,5171,-9.42239,147.044,3,03/13/2021 06:53:25,Argos,0,498,SR,,401677269.59,03/13/2021 06:57:23,1,14,0,-132,401677269.59,147.044,-9.42239,147.044,-9.42239,50,3,127,213,75,37,158,84,207,250,,,,,,,,,,,,,,,,,,,,,,,,,,,,,
"",176405,5171,-9.41462,147.04146,B,03/13/2021 23:58:36,Argos,0,0,MC,,401677267.63,03/13/2021 23:58:37,1,1,0,-127,401677267.63,147.04146,-9.41462,147.04146,-9.41462,0,3,4545,7938,2601,72,10132,32,77,160,0,0,0,0,0,0,0,0,0,255,188,94,242,77,128,0,0,0,0,0,0,0,0,0,148,255,171,132,
"",176405,5171,-9.42238,147.04259,2,03/15/2021 06:53:20,Argos,0,185,A1,,401677264.32,03/15/2021 06:51:40,1,4,0,-137,401677264.32,147.04259,-9.42238,147.04259,-9.42238,60,3,334,1240,89,9,893,104,138,0,,,,,,,,,,,,,,,,,,,,,,,,,,,,,
"",176405,5171,-9.42238,147.04259,2,03/15/2021 06:53:20,Argos,0,185,A1,,401677264.32,03/15/2021 06:52:37,1,4,0,-137,401677264.32,147.04259,-9.42238,147.04259,-9.42238,60,3,334,1240,89,9,893,83,185,252,,,,,,,,,,,,,,,,,,,,,,,,,,,,,
"",176405,5171,-9.42238,147.04259,2,03/15/2021 06:53:20,Argos,0,185,A1,,401677264.32,03/15/2021 06:54:17,1,4,0,-137,401677264.32,147.04259,-9.42238,147.04259,-9.42238,60,3,334,1240,89,9,893,10,0,16,,,,,,,,,,,,,,,,,,,,,,,,,,,,,
"",176405,5171,-9.42238,147.04259,2,03/15/2021 06:53:20,Argos,0,185,A1,,401677264.32,03/15/2021 06:54:45,1,4,0,-137,401677264.32,147.04259,-9.42238,147.04259,-9.42238,60,3,334,1240,89,9,893,78,105,5,,,,,,,,,,,,,,,,,,,,,,,,,,,,,
"",176405,5171,-9.41309,147.03308,1,03/16/2021 06:55:47,Argos,0,199,SR,,401677274.85,03/16/2021 06:54:18,1,9,0,-129,401677274.85,147.03308,-9.41309,147.03308,-9.41309,50,3,1075,10073,114,114,2014,81,195,253,,,,,,,,,,,,,,,,,,,,,,,,,,,,,
"",176405,5171,-9.41309,147.03308,1,03/16/2021 06:55:47,Argos,0,199,SR,,401677274.85,03/16/2021 06:54:32,1,9,0,-129,401677274.85,147.03308,-9.41309,147.03308,-9.41309,50,3,1075,10073,114,114,2014,104,138,0,,,,,,,,,,,,,,,,,,,,,,,,,,,,,
"",176405,5171,-9.41309,147.03308,1,03/16/2021 06:55:47,Argos,0,199,SR,,401677274.85,03/16/2021 06:55:00,1,9,0,-129,401677274.85,147.03308,-9.41309,147.03308,-9.41309,50,3,1075,10073,114,114,2014,22,75,26,,,,,,,,,,,,,,,,,,,,,,,,,,,,,
"",176405,5171,-9.41309,147.03308,1,03/16/2021 06:55:47,Argos,0,199,SR,,401677274.85,03/16/2021 06:55:29,1,9,0,-129,401677274.85,147.03308,-9.41309,147.03308,-9.41309,50,3,1075,10073,114,114,2014,86,200,253,,,,,,,,,,,,,,,,,,,,,,,,,,,,,
"",176405,5171,-9.41309,147.03308,1,03/16/2021 06:55:47,Argos,0,199,SR,,401677274.85,03/16/2021 06:57:08,3,9,0,-129,401677274.85,147.03308,-9.41309,147.03308,-9.41309,50,3,1075,10073,114,114,2014,10,0,16,,,,,,,,,,,,,,,,,,,,,,,,,,,,,
"",176405,5171,-9.41309,147.03308,1,03/16/2021 06:55:47,Argos,0,199,SR,,401677274.85,03/16/2021 06:57:23,1,9,0,-129,401677274.85,147.03308,-9.41309,147.03308,-9.41309,50,3,1075,10073,114,114,2014,22,75,24,,,,,,,,,,,,,,,,,,,,,,,,,,,,,
"",176405,5171,-9.41309,147.03308,1,03/16/2021 06:55:47,Argos,0,199,SR,,401677274.85,03/16/2021 06:57:37,1,9,0,-129,401677274.85,147.03308,-9.41309,147.03308,-9.41309,50,3,1075,10073,114,114,2014,77,135,5,,,,,,,,,,,,,,,,,,,,,,,,,,,,,
"",176405,5171,-9.40666,147.03179,B,03/17/2021 06:28:56,Argos,0,0,SR,,401677274.1,03/17/2021 06:28:56,1,1,0,-137,401677274.1,147.03179,-9.40666,147.03178,-9.40666,0,3,5894,10747,3232,114,11986,86,75,24,,,,,,,,,,,,,,,,,,,,,,,,,,,,,
"",176405,5171,-9.41921,147.04223,1,03/20/2021 06:34:51,Argos,0,156,SR,,401677261.44,03/20/2021 06:33:40,1,6,0,-132,401677261.44,147.04223,-9.41921,147.04224,-9.41921,60,3,677,4561,100,34,1894,84,103,1,,,,,,,,,,,,,,,,,,,,,,,,,,,,,
"",176405,5171,-9.41921,147.04223,1,03/20/2021 06:34:51,Argos,0,156,SR,,401677261.44,03/20/2021 06:34:08,1,6,0,-132,401677261.44,147.04223,-9.41921,147.04224,-9.41921,60,3,677,4561,100,34,1894,10,0,16,,,,,,,,,,,,,,,,,,,,,,,,,,,,,
"",176405,5171,-9.41921,147.04223,1,03/20/2021 06:34:51,Argos,0,156,SR,,401677261.44,03/20/2021 06:34:23,1,6,0,-132,401677261.44,147.04223,-9.41921,147.04224,-9.41921,60,3,677,4561,100,34,1894,22,75,24,,,,,,,,,,,,,,,,,,,,,,,,,,,,,
"",176405,5171,-9.41921,147.04223,1,03/20/2021 06:34:51,Argos,0,156,SR,,401677261.44,03/20/2021 06:34:37,1,6,0,-132,401677261.44,147.04223,-9.41921,147.04224,-9.41921,60,3,677,4561,100,34,1894,76,130,5,,,,,,,,,,,,,,,,,,,,,,,,,,,,,
"",176405,5171,-9.41921,147.04223,1,03/20/2021 06:34:51,Argos,0,156,SR,,401677261.44,03/20/2021 06:36:02,1,6,0,-132,401677261.44,147.04223,-9.41921,147.04224,-9.41921,60,3,677,4561,100,34,1894,90,113,1,,,,,,,,,,,,,,,,,,,,,,,,,,,,,
"",176405,5171,-9.41921,147.04223,1,03/20/2021 06:34:51,Argos,0,156,SR,,401677261.44,03/20/2021 06:36:16,1,6,0,-132,401677261.44,147.04223,-9.41921,147.04224,-9.41921,60,3,677,4561,100,34,1894,102,140,0,,,,,,,,,,,,,,,,,,,,,,,,,,,,,
"",176405,5171,-9.41857,147.05614,B,03/21/2021 06:56:54,Argos,0,28,A1,,401677264.58,03/21/2021 06:56:40,1,2,0,-136,401677264.58,147.05614,-9.41857,147.05614,-9.41857,0,3,2380,12158,466,111,6727,22,75,24,,,,,,,,,,,,,,,,,,,,,,,,,,,,,
"",176405,5171,-9.41857,147.05614,B,03/21/2021 06:56:54,Argos,0,28,A1,,401677264.58,03/21/2021 06:57:09,1,2,0,-136,401677264.58,147.05614,-9.41857,147.05614,-9.41857,0,3,2380,12158,466,111,6727,92,196,18,,,,,,,,,,,,,,,,,,,,,,,,,,,,,
"",176405,5171,-9.40567,147.04652,0,03/23/2021 06:40:32,Argos,0,184,SR,,401677271.75,03/23/2021 06:39:08,1,5,0,-133,401677271.75,147.04652,-9.40567,147.04652,-9.40567,50,3,1530,5372,436,18,1691,102,140,0,,,,,,,,,,,,,,,,,,,,,,,,,,,,,
"",176405,5171,-9.40567,147.04652,0,03/23/2021 06:40:32,Argos,0,184,SR,,401677271.75,03/23/2021 06:40:05,1,5,0,-133,401677271.75,147.04652,-9.40567,147.04652,-9.40567,50,3,1530,5372,436,18,1691,93,121,4,,,,,,,,,,,,,,,,,,,,,,,,,,,,,
"",176405,5171,-9.40567,147.04652,0,03/23/2021 06:40:32,Argos,0,184,SR,,401677271.75,03/23/2021 06:40:19,1,5,0,-133,401677271.75,147.04652,-9.40567,147.04652,-9.40567,50,3,1530,5372,436,18,1691,101,140,0,,,,,,,,,,,,,,,,,,,,,,,,,,,,,
"",176405,5171,-9.40567,147.04652,0,03/23/2021 06:40:32,Argos,0,184,SR,,401677271.75,03/23/2021 06:41:01,1,5,0,-133,401677271.75,147.04652,-9.40567,147.04652,-9.40567,50,3,1530,5372,436,18,1691,77,141,5,,,,,,,,,,,,,,,,,,,,,,,,,,,,,
"",176405,5171,-9.40567,147.04652,0,03/23/2021 06:40:32,Argos,0,184,SR,,401677271.75,03/23/2021 06:42:12,1,5,0,-133,401677271.75,147.04652,-9.40567,147.04652,-9.40567,50,3,1530,5372,436,18,1691,22,75,24,,,,,,,,,,,,,,,,,,,,,,,,,,,,,
"",176405,5171,-9.4217,147.04299,3,03/26/2021 06:47:31,Argos,0,327,SR,,401677262.78,03/26/2021 06:44:06,1,14,0,-131,401677262.78,147.04299,-9.4217,147.04298,-9.4217,50,3,148,301,72,19,255,72,134,5,,,,,,,,,,,,,,,,,,,,,,,,,,,,,
"",176405,5171,-9.4217,147.04299,3,03/26/2021 06:47:31,Argos,0,327,SR,,401677262.78,03/26/2021 06:45:03,1,14,0,-131,401677262.78,147.04299,-9.4217,147.04298,-9.4217,50,3,148,301,72,19,255,22,79,24,,,,,,,,,,,,,,,,,,,,,,,,,,,,,
"",176405,5171,-9.4217,147.04299,3,03/26/2021 06:47:31,Argos,0,327,SR,,401677262.78,03/26/2021 06:46:42,1,14,0,-131,401677262.78,147.04299,-9.4217,147.04298,-9.4217,50,3,148,301,72,19,255,94,182,7,,,,,,,,,,,,,,,,,,,,,,,,,,,,,
"",176405,5171,-9.4217,147.04299,3,03/26/2021 06:47:31,Argos,0,327,SR,,401677262.78,03/26/2021 06:46:57,1,14,0,-131,401677262.78,147.04299,-9.4217,147.04298,-9.4217,50,3,148,301,72,19,255,70,140,0,,,,,,,,,,,,,,,,,,,,,,,,,,,,,
"",176405,5171,-9.4217,147.04299,3,03/26/2021 06:47:31,Argos,0,327,SR,,401677262.78,03/26/2021 06:47:25,1,14,0,-131,401677262.78,147.04299,-9.4217,147.04298,-9.4217,50,3,148,301,72,19,255,22,75,24,,,,,,,,,,,,,,,,,,,,,,,,,,,,,
"",176405,5171,-9.4217,147.04299,3,03/26/2021 06:47:31,Argos,0,327,SR,,401677262.78,03/26/2021 06:47:39,1,14,0,-131,401677262.78,147.04299,-9.4217,147.04298,-9.4217,50,3,148,301,72,19,255,66,132,5,,,,,,,,,,,,,,,,,,,,,,,,,,,,,
"",176405,5171,-9.4217,147.04299,3,03/26/2021 06:47:31,Argos,0,327,SR,,401677262.78,03/26/2021 06:47:53,1,14,0,-131,401677262.78,147.04299,-9.4217,147.04298,-9.4217,50,3,148,301,72,19,255,87,155,7,,,,,,,,,,,,,,,,,,,,,,,,,,,,,
"",176405,5171,-9.4217,147.04299,3,03/26/2021 06:47:31,Argos,0,327,SR,,401677262.78,03/26/2021 06:48:22,1,14,0,-131,401677262.78,147.04299,-9.4217,147.04298,-9.4217,50,3,148,301,72,19,255,10,0,16,,,,,,,,,,,,,,,,,,,,,,,,,,,,,
"",176405,5171,-9.4217,147.04299,3,03/26/2021 06:47:31,Argos,0,327,SR,,401677262.78,03/26/2021 06:48:36,1,14,0,-131,401677262.78,147.04299,-9.4217,147.04298,-9.4217,50,3,148,301,72,19,255,65,16,131,220,168,40,58,164,109,27,32,1,150,15,53,24,1,255,255,216,65,251,192,,,,,,,,,
"",176405,5171,-9.4217,147.04299,3,03/26/2021 06:47:31,Argos,0,327,SR,,401677262.78,03/26/2021 06:49:04,2,14,0,-131,401677262.78,147.04299,-9.4217,147.04298,-9.4217,50,3,148,301,72,19,255,71,133,5,,,,,,,,,,,,,,,,,,,,,,,,,,,,,
"",176405,5171,-9.4217,147.04299,3,03/26/2021 06:47:31,Argos,0,327,SR,,401677262.78,03/26/2021 06:49:19,1,14,0,-131,401677262.78,147.04299,-9.4217,147.04298,-9.4217,50,3,148,301,72,19,255,85,160,7,,,,,,,,,,,,,,,,,,,,,,,,,,,,,
"",176405,5171,-9.4217,147.04299,3,03/26/2021 06:47:31,Argos,0,327,SR,,401677262.78,03/26/2021 06:49:33,2,14,0,-131,401677262.78,147.04299,-9.4217,147.04298,-9.4217,50,3,148,301,72,19,255,102,140,0,,,,,,,,,,,,,,,,,,,,,,,,,,,,,
"",176405,5171,-9.4291,147.02857,1,03/28/2021 06:51:22,Argos,0,99,A1,,401677259.67,03/28/2021 06:50:30,1,6,0,-137,401677259.67,147.02857,-9.4291,147.02856,-9.4291,50,3,979,7417,129,64,2752,72,150,5,,,,,,,,,,,,,,,,,,,,,,,,,,,,,
"",176405,5171,-9.4291,147.02857,1,03/28/2021 06:51:22,Argos,0,99,A1,,401677259.67,03/28/2021 06:50:45,1,6,0,-137,401677259.67,147.02857,-9.4291,147.02856,-9.4291,50,3,979,7417,129,64,2752,86,164,11,,,,,,,,,,,,,,,,,,,,,,,,,,,,,
"",176405,5171,-9.4291,147.02857,1,03/28/2021 06:51:22,Argos,0,99,A1,,401677259.67,03/28/2021 06:51:13,1,6,0,-137,401677259.67,147.02857,-9.4291,147.02856,-9.4291,50,3,979,7417,129,64,2752,10,0,16,,,,,,,,,,,,,,,,,,,,,,,,,,,,,
"",176405,5171,-9.4291,147.02857,1,03/28/2021 06:51:22,Argos,0,99,A1,,401677259.67,03/28/2021 06:51:42,1,6,0,-137,401677259.67,147.02857,-9.4291,147.02856,-9.4291,50,3,979,7417,129,64,2752,71,148,69,,,,,,,,,,,,,,,,,,,,,,,,,,,,,
"",176405,5171,-9.4291,147.02857,1,03/28/2021 06:51:22,Argos,0,99,A1,,401677259.67,03/28/2021 06:51:56,1,6,0,-137,401677259.67,147.02857,-9.4291,147.02856,-9.4291,50,3,979,7417,129,64,2752,95,169,9,,,,,,,,,,,,,,,,,,,,,,,,,,,,,
"",176405,5171,-9.4291,147.02857,1,03/28/2021 06:51:22,Argos,0,99,A1,,401677259.67,03/28/2021 06:52:10,1,6,0,-137,401677259.67,147.02857,-9.4291,147.02856,-9.4291,50,3,979,7417,129,64,2752,102,140,0,,,,,,,,,,,,,,,,,,,,,,,,,,,,,
"",176405,5171,-9.4208,147.04487,3,03/29/2021 06:53:06,Argos,0,398,SR,,401677267.73,03/29/2021 06:49:34,1,12,0,-135,401677267.73,147.04487,-9.4208,147.04488,-9.4208,50,3,155,250,96,11,277,90,153,10,,,,,,,,,,,,,,,,,,,,,,,,,,,,,
"",176405,5171,-9.4208,147.04487,3,03/29/2021 06:53:06,Argos,0,398,SR,,401677267.73,03/29/2021 06:52:25,1,12,0,-135,401677267.73,147.04487,-9.4208,147.04488,-9.4208,50,3,155,250,96,11,277,90,176,131,220,168,40,58,164,110,155,92,65,20,21,75,24,1,255,255,217,177,255,192,,,,,,,,,
"",176405,5171,-9.4208,147.04487,3,03/29/2021 06:53:06,Argos,0,398,SR,,401677267.73,03/29/2021 06:53:07,1,12,0,-135,401677267.73,147.04487,-9.4208,147.04488,-9.4208,50,3,155,250,96,11,277,65,155,5,,,,,,,,,,,,,,,,,,,,,,,,,,,,,
"",176405,5171,-9.4208,147.04487,3,03/29/2021 06:53:06,Argos,0,398,SR,,401677267.73,03/29/2021 06:54:04,1,12,0,-135,401677267.73,147.04487,-9.4208,147.04488,-9.4208,50,3,155,250,96,11,277,22,75,26,,,,,,,,,,,,,,,,,,,,,,,,,,,,,
"",176405,5171,-9.4208,147.04487,3,03/29/2021 06:53:06,Argos,0,398,SR,,401677267.73,03/29/2021 06:55:15,2,12,0,-135,401677267.73,147.04487,-9.4208,147.04488,-9.4208,50,3,155,250,96,11,277,22,75,24,,,,,,,,,,,,,,,,,,,,,,,,,,,,,
"",176405,5171,-9.4208,147.04487,3,03/29/2021 06:53:06,Argos,0,398,SR,,401677267.73,03/29/2021 06:55:44,1,12,0,-135,401677267.73,147.04487,-9.4208,147.04488,-9.4208,50,3,155,250,96,11,277,88,179,10,,,,,,,,,,,,,,,,,,,,,,,,,,,,,
"",176405,5171,-9.4208,147.04487,3,03/29/2021 06:53:06,Argos,0,398,SR,,401677267.73,03/29/2021 06:55:58,3,12,0,-135,401677267.73,147.04487,-9.4208,147.04488,-9.4208,50,3,155,250,96,11,277,102,140,0,,,,,,,,,,,,,,,,,,,,,,,,,,,,,
"",176405,5171,-9.4208,147.04487,3,03/29/2021 06:53:06,Argos,0,398,SR,,401677267.73,03/29/2021 06:56:12,2,12,0,-135,401677267.73,147.04487,-9.4208,147.04488,-9.4208,50,3,155,250,96,11,277,10,0,16,,,,,,,,,,,,,,,,,,,,,,,,,,,,,
"",176405,5171,-9.40749,147.04245,0,04/01/2021 06:56:38,Argos,0,55,SR,,401677270.96,04/01/2021 06:56:11,1,5,0,-132,401677270.96,147.04245,-9.40749,147.04245,-9.40749,50,3,4211,37208,476,114,8293,80,182,13,,,,,,,,,,,,,,,,,,,,,,,,,,,,,
"",176405,5171,-9.40749,147.04245,0,04/01/2021 06:56:38,Argos,0,55,SR,,401677270.96,04/01/2021 06:56:25,1,5,0,-132,401677270.96,147.04245,-9.40749,147.04245,-9.40749,50,3,4211,37208,476,114,8293,102,140,0,,,,,,,,,,,,,,,,,,,,,,,,,,,,,
"",176405,5171,-9.40749,147.04245,0,04/01/2021 06:56:38,Argos,0,55,SR,,401677270.96,04/01/2021 06:56:39,1,5,0,-132,401677270.96,147.04245,-9.40749,147.04245,-9.40749,50,3,4211,37208,476,114,8293,10,0,16,,,,,,,,,,,,,,,,,,,,,,,,,,,,,
"",176405,5171,-9.40749,147.04245,0,04/01/2021 06:56:38,Argos,0,55,SR,,401677270.96,04/01/2021 06:56:53,1,5,0,-132,401677270.96,147.04245,-9.40749,147.04245,-9.40749,50,3,4211,37208,476,114,8293,22,75,24,,,,,,,,,,,,,,,,,,,,,,,,,,,,,
"",176405,5171,-9.40749,147.04245,0,04/01/2021 06:56:38,Argos,0,55,SR,,401677270.96,04/01/2021 06:57:07,1,5,0,-132,401677270.96,147.04245,-9.40749,147.04245,-9.40749,50,3,4211,37208,476,114,8293,76,130,5,,,,,,,,,,,,,,,,,,,,,,,,,,,,,
"",176405,5171,-9.41827,147.0441,2,04/03/2021 06:55:47,Argos,0,270,A1,,401677266.35,04/03/2021 06:53:48,1,12,0,-133,401677266.35,147.0441,-9.41827,147.0441,-9.41827,50,3,385,780,190,1,295,90,170,15,,,,,,,,,,,,,,,,,,,,,,,,,,,,,
"",176405,5171,-9.41827,147.0441,2,04/03/2021 06:55:47,Argos,0,270,A1,,401677266.35,04/03/2021 06:55:42,1,12,0,-133,401677266.35,147.0441,-9.41827,147.0441,-9.41827,50,3,385,780,190,1,295,22,203,24,,,,,,,,,,,,,,,,,,,,,,,,,,,,,
"",176405,5171,-9.41827,147.0441,2,04/03/2021 06:55:47,Argos,0,270,A1,,401677266.35,04/03/2021 06:56:10,1,12,0,-133,401677266.35,147.0441,-9.41827,147.0441,-9.41827,50,3,385,780,190,1,295,92,180,15,,,,,,,,,,,,,,,,,,,,,,,,,,,,,
"",176405,5171,-9.41827,147.0441,2,04/03/2021 06:55:47,Argos,0,270,A1,,401677266.35,04/03/2021 06:56:25,1,12,0,-133,401677266.35,147.0441,-9.41827,147.0441,-9.41827,50,3,385,780,190,1,295,102,140,0,,,,,,,,,,,,,,,,,,,,,,,,,,,,,
"",176405,5171,-9.41827,147.0441,2,04/03/2021 06:55:47,Argos,0,270,A1,,401677266.35,04/03/2021 06:56:39,3,12,0,-133,401677266.35,147.0441,-9.41827,147.0441,-9.41827,50,3,385,780,190,1,295,10,0,16,,,,,,,,,,,,,,,,,,,,,,,,,,,,,
"",176405,5171,-9.41827,147.0441,2,04/03/2021 06:55:47,Argos,0,270,A1,,401677266.35,04/03/2021 06:56:53,2,12,0,-133,401677266.35,147.0441,-9.41827,147.0441,-9.41827,50,3,385,780,190,1,295,22,75,24,,,,,,,,,,,,,,,,,,,,,,,,,,,,,
"",176405,5171,-9.41827,147.0441,2,04/03/2021 06:55:47,Argos,0,270,A1,,401677266.35,04/03/2021 06:57:07,1,12,0,-133,401677266.35,147.0441,-9.41827,147.0441,-9.41827,50,3,385,780,190,1,295,64,127,5,,,,,,,,,,,,,,,,,,,,,,,,,,,,,
"",176405,5171,-9.41827,147.0441,2,04/03/2021 06:55:47,Argos,0,270,A1,,401677266.35,04/03/2021 06:57:22,1,12,0,-133,401677266.35,147.0441,-9.41827,147.0441,-9.41827,50,3,385,780,190,1,295,70,48,131,220,168,40,58,164,97,155,171,129,212,31,115,24,1,255,255,216,1,255,192,,,,,,,,,
"",176405,5171,-9.41827,147.0441,2,04/03/2021 06:55:47,Argos,0,270,A1,,401677266.35,04/03/2021 06:57:36,1,12,0,-133,401677266.35,147.0441,-9.41827,147.0441,-9.41827,50,3,385,780,190,1,295,90,186,15,,,,,,,,,,,,,,,,,,,,,,,,,,,,,
"",176405,5171,-9.42249,147.04259,B,04/04/2021 06:42:40,Argos,0,0,A1,,401677267.17,04/04/2021 06:42:41,1,1,0,-141,401677267.17,147.04259,-9.42249,147.04259,-9.42249,0,3,13698,28292,6632,125,11504,221,117,144,,,,,,,,,,,,,,,,,,,,,,,,,,,,,
"",176405,5171,-9.42288,147.04212,B,04/05/2021 06:33:53,Argos,0,0,SR,,401677267.21,04/05/2021 06:33:54,1,1,0,-135,401677267.21,147.04212,-9.42288,147.04211,-9.42288,0,3,17783,31257,10117,98,15664,22,75,24,,,,,,,,,,,,,,,,,,,,,,,,,,,,,
"",176405,5171,,,,,,,0,MC,,401650000,04/06/2021 23:58:35,1,1,0,-130,401650000,,,,,,,,,,,,32,80,192,0,0,0,0,0,0,0,0,0,255,254,252,222,80,160,0,0,0,0,0,16,0,1,0,255,170,131,249,
"",176405,5171,-9.42205,147.04574,3,04/08/2021 06:41:40,Argos,0,298,SR,,401677262.31,04/08/2021 06:39:34,1,10,0,-132,401677262.31,147.04574,-9.42205,147.04575,-9.42205,50,3,250,601,103,43,416,88,98,20,,,,,,,,,,,,,,,,,,,,,,,,,,,,,
"",176405,5171,-9.42205,147.04574,3,04/08/2021 06:41:40,Argos,0,298,SR,,401677262.31,04/08/2021 06:40:31,1,10,0,-132,401677262.31,147.04574,-9.42205,147.04575,-9.42205,50,3,250,601,103,43,416,75,104,5,,,,,,,,,,,,,,,,,,,,,,,,,,,,,
"",176405,5171,-9.42205,147.04574,3,04/08/2021 06:41:40,Argos,0,298,SR,,401677262.31,04/08/2021 06:40:45,1,10,0,-132,401677262.31,147.04574,-9.42205,147.04575,-9.42205,50,3,250,601,103,43,416,91,103,20,,,,,,,,,,,,,,,,,,,,,,,,,,,,,
"",176405,5171,-9.42205,147.04574,3,04/08/2021 06:41:40,Argos,0,298,SR,,401677262.31,04/08/2021 06:41:42,1,10,0,-132,401677262.31,147.04574,-9.42205,147.04575,-9.42205,50,3,250,601,103,43,416,22,75,16,,,,,,,,,,,,,,,,,,,,,,,,,,,,,
"",176405,5171,-9.42205,147.04574,3,04/08/2021 06:41:40,Argos,0,298,SR,,401677262.31,04/08/2021 06:42:10,1,10,0,-132,401677262.31,147.04574,-9.42205,147.04575,-9.42205,50,3,250,601,103,43,416,89,109,20,,,,,,,,,,,,,,,,,,,,,,,,,,,,,
"",176405,5171,-9.42205,147.04574,3,04/08/2021 06:41:40,Argos,0,298,SR,,401677262.31,04/08/2021 06:42:24,2,10,0,-132,401677262.31,147.04574,-9.42205,147.04575,-9.42205,50,3,250,601,103,43,416,102,140,0,,,,,,,,,,,,,,,,,,,,,,,,,,,,,
"",176405,5171,-9.42205,147.04574,3,04/08/2021 06:41:40,Argos,0,298,SR,,401677262.31,04/08/2021 06:42:38,2,10,0,-132,401677262.31,147.04574,-9.42205,147.04575,-9.42205,50,3,250,601,103,43,416,10,0,16,,,,,,,,,,,,,,,,,,,,,,,,,,,,,
"",176405,5171,-9.42205,147.04574,3,04/08/2021 06:41:40,Argos,0,298,SR,,401677262.31,04/08/2021 06:44:32,1,10,0,-132,401677262.31,147.04574,-9.42205,147.04575,-9.42205,50,3,250,601,103,43,416,91,119,20,,,,,,,,,,,,,,,,,,,,,,,,,,,,,
"",176405,5171,-9.41844,147.04692,B,04/08/2021 23:58:34,Argos,0,0,NN,,401677261.93,04/08/2021 23:58:35,1,1,0,-137,401677261.93,147.04692,-9.41844,147.04692,-9.41844,0,3,4718,16408,1356,97,9189,32,81,0,0,0,0,0,0,0,0,0,0,255,153,0,85,80,224,0,0,0,0,0,0,0,0,0,255,177,168,19,
"",176405,5171,-9.42316,147.04427,2,04/10/2021 06:47:06,Argos,0,157,A1,,401677266.17,04/10/2021 06:46:56,1,8,0,-135,401677266.17,147.04427,-9.42316,147.04427,-9.42316,50,3,393,1475,104,29,1068,71,133,5,,,,,,,,,,,,,,,,,,,,,,,,,,,,,
"",176405,5171,-9.42316,147.04427,2,04/10/2021 06:47:06,Argos,0,157,A1,,401677266.17,04/10/2021 06:47:10,1,8,0,-135,401677266.17,147.04427,-9.42316,147.04427,-9.42316,50,3,393,1475,104,29,1068,83,128,22,,,,,,,,,,,,,,,,,,,,,,,,,,,,,
"",176405,5171,-9.42316,147.04427,2,04/10/2021 06:47:06,Argos,0,157,A1,,401677266.17,04/10/2021 06:47:24,2,8,0,-135,401677266.17,147.04427,-9.42316,147.04427,-9.42316,50,3,393,1475,104,29,1068,102,140,0,,,,,,,,,,,,,,,,,,,,,,,,,,,,,
"",176405,5171,-9.42316,147.04427,2,04/10/2021 06:47:06,Argos,0,157,A1,,401677266.17,04/10/2021 06:47:38,1,8,0,-135,401677266.17,147.04427,-9.42316,147.04427,-9.42316,50,3,393,1475,104,29,1068,10,0,16,,,,,,,,,,,,,,,,,,,,,,,,,,,,,
"",176405,5171,-9.42316,147.04427,2,04/10/2021 06:47:06,Argos,0,157,A1,,401677266.17,04/10/2021 06:47:53,2,8,0,-135,401677266.17,147.04427,-9.42316,147.04427,-9.42316,50,3,393,1475,104,29,1068,22,75,24,,,,,,,,,,,,,,,,,,,,,,,,,,,,,
"",176405,5171,-9.42316,147.04427,2,04/10/2021 06:47:06,Argos,0,157,A1,,401677266.17,04/10/2021 06:48:07,1,8,0,-135,401677266.17,147.04427,-9.42316,147.04427,-9.42316,50,3,393,1475,104,29,1068,66,132,5,,,,,,,,,,,,,,,,,,,,,,,,,,,,,
"",176405,5171,-9.42187,147.04441,3,04/11/2021 06:47:47,Argos,0,370,SR,,401677265.78,04/11/2021 06:46:13,1,18,0,-132,401677265.78,147.04441,-9.42187,147.0444,-9.42187,50,3,165,366,74,27,364,86,127,23,,,,,,,,,,,,,,,,,,,,,,,,,,,,,
"",176405,5171,-9.42187,147.04441,3,04/11/2021 06:47:47,Argos,0,370,SR,,401677265.78,04/11/2021 06:46:27,1,18,0,-132,401677265.78,147.04441,-9.42187,147.0444,-9.42187,50,3,165,366,74,27,364,102,140,64,,,,,,,,,,,,,,,,,,,,,,,,,,,,,
"",176405,5171,-9.42187,147.04441,3,04/11/2021 06:47:47,Argos,0,370,SR,,401677265.78,04/11/2021 06:47:10,1,18,0,-132,401677265.78,147.04441,-9.42187,147.0444,-9.42187,50,3,165,366,74,27,364,68,138,5,,,,,,,,,,,,,,,,,,,,,,,,,,,,,
"",176405,5171,-9.42187,147.04441,3,04/11/2021 06:47:47,Argos,0,370,SR,,401677265.78,04/11/2021 06:47:38,1,18,0,-132,401677265.78,147.04441,-9.42187,147.0444,-9.42187,50,3,165,366,74,27,364,102,140,1,,,,,,,,,,,,,,,,,,,,,,,,,,,,,
"",176405,5171,-9.42187,147.04441,3,04/11/2021 06:47:47,Argos,0,370,SR,,401677265.78,04/11/2021 06:48:35,1,18,0,-132,401677265.78,147.04441,-9.42187,147.0444,-9.42187,50,3,165,366,74,27,364,72,112,131,220,168,40,58,164,101,155,32,65,214,47,19,24,1,255,255,216,145,255,192,,,,,,,,,
"",176405,5171,-9.42187,147.04441,3,04/11/2021 06:47:47,Argos,0,370,SR,,401677265.78,04/11/2021 06:48:49,1,18,0,-132,401677265.78,147.04441,-9.42187,147.0444,-9.42187,50,3,165,366,74,27,364,82,138,23,,,,,,,,,,,,,,,,,,,,,,,,,,,,,
"",176405,5171,-9.42187,147.04441,3,04/11/2021 06:47:47,Argos,0,370,SR,,401677265.78,04/11/2021 06:49:04,2,18,0,-132,401677265.78,147.04441,-9.42187,147.0444,-9.42187,50,3,165,366,74,27,364,102,140,0,,,,,,,,,,,,,,,,,,,,,,,,,,,,,
"",176405,5171,-9.42187,147.04441,3,04/11/2021 06:47:47,Argos,0,370,SR,,401677265.78,04/11/2021 06:49:18,3,18,0,-132,401677265.78,147.04441,-9.42187,147.0444,-9.42187,50,3,165,366,74,27,364,10,0,16,,,,,,,,,,,,,,,,,,,,,,,,,,,,,
"",176405,5171,-9.42187,147.04441,3,04/11/2021 06:47:47,Argos,0,370,SR,,401677265.78,04/11/2021 06:49:32,3,18,0,-132,401677265.78,147.04441,-9.42187,147.0444,-9.42187,50,3,165,366,74,27,364,22,75,24,,,,,,,,,,,,,,,,,,,,,,,,,,,,,
"",176405,5171,-9.42187,147.04441,3,04/11/2021 06:47:47,Argos,0,370,SR,,401677265.78,04/11/2021 06:49:46,2,18,0,-132,401677265.78,147.04441,-9.42187,147.0444,-9.42187,50,3,165,366,74,27,364,75,137,5,,,,,,,,,,,,,,,,,,,,,,,,,,,,,
"",176405,5171,-9.42187,147.04441,3,04/11/2021 06:47:47,Argos,0,370,SR,,401677265.78,04/11/2021 06:50:01,1,18,0,-132,401677265.78,147.04441,-9.42187,147.0444,-9.42187,50,3,165,366,74,27,364,83,143,23,,,,,,,,,,,,,,,,,,,,,,,,,,,,,
"",176405,5171,-9.42187,147.04441,3,04/11/2021 06:47:47,Argos,0,370,SR,,401677265.78,04/11/2021 06:50:15,1,18,0,-132,401677265.78,147.04441,-9.42187,147.0444,-9.42187,50,3,165,366,74,27,364,100,140,0,,,,,,,,,,,,,,,,,,,,,,,,,,,,,
"",176405,5171,-9.42243,147.04249,3,04/14/2021 06:53:20,Argos,0,398,SR,,401677260.9,04/14/2021 06:50:12,1,14,0,-132,401677260.9,147.04249,-9.42243,147.0425,-9.42243,50,3,120,206,69,28,171,92,135,26,,,,,,,,,,,,,,,,,,,,,,,,,,,,,
"",176405,5171,-9.42243,147.04249,3,04/14/2021 06:53:20,Argos,0,398,SR,,401677260.9,04/14/2021 06:52:06,1,14,0,-132,401677260.9,147.04249,-9.42243,147.0425,-9.42243,50,3,120,206,69,28,171,22,75,24,,,,,,,,,,,,,,,,,,,,,,,,,,,,,
"",176405,5171,-9.42243,147.04249,3,04/14/2021 06:53:20,Argos,0,398,SR,,401677260.9,04/14/2021 06:52:35,1,14,0,-132,401677260.9,147.04249,-9.42243,147.0425,-9.42243,50,3,120,206,69,28,171,64,79,1,,,,,,,,,,,,,,,,,,,,,,,,,,,,,
"",176405,5171,-9.42243,147.04249,3,04/14/2021 06:53:20,Argos,0,398,SR,,401677260.9,04/14/2021 06:52:49,1,14,0,-132,401677260.9,147.04249,-9.42243,147.0425,-9.42243,50,3,120,206,69,28,171,93,146,26,,,,,,,,,,,,,,,,,,,,,,,,,,,,,
"",176405,5171,-9.42243,147.04249,3,04/14/2021 06:53:20,Argos,0,398,SR,,401677260.9,04/14/2021 06:54:00,1,14,0,-132,401677260.9,147.04249,-9.42243,147.0425,-9.42243,50,3,120,206,69,28,171,92,151,26,,,,,,,,,,,,,,,,,,,,,,,,,,,,,
"",176405,5171,-9.42243,147.04249,3,04/14/2021 06:53:20,Argos,0,398,SR,,401677260.9,04/14/2021 06:54:14,3,14,0,-132,401677260.9,147.04249,-9.42243,147.0425,-9.42243,50,3,120,206,69,28,171,102,140,0,,,,,,,,,,,,,,,,,,,,,,,,,,,,,
"",176405,5171,-9.42243,147.04249,3,04/14/2021 06:53:20,Argos,0,398,SR,,401677260.9,04/14/2021 06:56:08,3,14,0,-132,401677260.9,147.04249,-9.42243,147.0425,-9.42243,50,3,120,206,69,28,171,64,95,5,,,,,,,,,,,,,,,,,,,,,,,,,,,,,
"",176405,5171,-9.42243,147.04249,3,04/14/2021 06:53:20,Argos,0,398,SR,,401677260.9,04/14/2021 06:56:22,1,14,0,-132,401677260.9,147.04249,-9.42243,147.0425,-9.42243,50,3,120,206,69,28,171,82,161,26,,,,,,,,,,,,,,,,,,,,,,,,,,,,,
"",176405,5171,-9.42243,147.04249,3,04/14/2021 06:53:20,Argos,0,398,SR,,401677260.9,04/14/2021 06:56:50,2,14,0,-132,401677260.9,147.04249,-9.42243,147.0425,-9.42243,50,3,120,206,69,28,171,10,0,16,,,,,,,,,,,,,,,,,,,,,,,,,,,,,
"",176405,5171,-9.42285,147.04116,0,04/16/2021 06:53:21,Argos,0,70,A1,,401677258.95,04/16/2021 06:52:48,1,5,0,-136,401677258.95,147.04116,-9.42285,147.04115,-9.42285,50,3,1538,12587,188,70,4219,125,144,28,,,,,,,,,,,,,,,,,,,,,,,,,,,,,
"",176405,5171,-9.42285,147.04116,0,04/16/2021 06:53:21,Argos,0,70,A1,,401677258.95,04/16/2021 06:53:02,1,5,0,-136,401677258.95,147.04116,-9.42285,147.04115,-9.42285,50,3,1538,12587,188,70,4219,102,140,0,,,,,,,,,,,,,,,,,,,,,,,,,,,,,
"",176405,5171,-9.42285,147.04116,0,04/16/2021 06:53:21,Argos,0,70,A1,,401677258.95,04/16/2021 06:53:16,1,5,0,-136,401677258.95,147.04116,-9.42285,147.04115,-9.42285,50,3,1538,12587,188,70,4219,10,0,16,,,,,,,,,,,,,,,,,,,,,,,,,,,,,
"",176405,5171,-9.42285,147.04116,0,04/16/2021 06:53:21,Argos,0,70,A1,,401677258.95,04/16/2021 06:53:44,1,5,0,-136,401677258.95,147.04116,-9.42285,147.04115,-9.42285,50,3,1538,12587,188,70,4219,66,85,5,,,,,,,,,,,,,,,,,,,,,,,,,,,,,
"",176405,5171,-9.42285,147.04116,0,04/16/2021 06:53:21,Argos,0,70,A1,,401677258.95,04/16/2021 06:53:59,1,5,0,-136,401677258.95,147.04116,-9.42285,147.04115,-9.42285,50,3,1538,12587,188,70,4219,92,149,28,,,,,,,,,,,,,,,,,,,,,,,,,,,,,
"",176405,5171,-9.42219,147.05984,B,04/17/2021 06:56:46,Argos,0,42,SR,,401677265.24,04/17/2021 06:56:25,1,2,0,-132,401677265.24,147.05984,-9.42219,147.05984,-9.42219,0,3,2803,15437,508,110,7923,22,75,24,,,,,,,,,,,,,,,,,,,,,,,,,,,,,
"",176405,5171,-9.42219,147.05984,B,04/17/2021 06:56:46,Argos,0,42,SR,,401677265.24,04/17/2021 06:57:08,1,2,0,-132,401677265.24,147.05984,-9.42219,147.05984,-9.42219,0,3,2803,15437,508,110,7923,102,140,0,,,,,,,,,,,,,,,,,,,,,,,,,,,,,
"",176405,5171,-9.4264,147.05812,B,04/18/2021 06:30:47,Argos,0,0,SR,,401677267.35,04/18/2021 06:30:48,1,1,0,-138,401677267.35,147.05812,-9.4264,147.05812,-9.4264,0,3,4915,9541,2531,132,13901,66,132,5,,,,,,,,,,,,,,,,,,,,,,,,,,,,,
"",176405,5171,-9.42094,147.04682,0,04/21/2021 06:38:08,Argos,0,56,SR,,401677266.02,04/21/2021 06:37:40,1,4,0,-136,401677266.02,147.04682,-9.42094,147.04681,-9.42094,50,3,9464,73574,1217,87,11843,89,78,33,,,,,,,,,,,,,,,,,,,,,,,,,,,,,
"",176405,5171,-9.42094,147.04682,0,04/21/2021 06:38:08,Argos,0,56,SR,,401677266.02,04/21/2021 06:37:54,1,4,0,-136,401677266.02,147.04682,-9.42094,147.04681,-9.42094,50,3,9464,73574,1217,87,11843,102,140,0,,,,,,,,,,,,,,,,,,,,,,,,,,,,,
"",176405,5171,-9.42094,147.04682,0,04/21/2021 06:38:08,Argos,0,56,SR,,401677266.02,04/21/2021 06:38:23,1,4,0,-136,401677266.02,147.04682,-9.42094,147.04681,-9.42094,50,3,9464,73574,1217,87,11843,22,75,24,,,,,,,,,,,,,,,,,,,,,,,,,,,,,
"",176405,5171,-9.42094,147.04682,0,04/21/2021 06:38:08,Argos,0,56,SR,,401677266.02,04/21/2021 06:38:37,1,4,0,-136,401677266.02,147.04682,-9.42094,147.04681,-9.42094,50,3,9464,73574,1217,87,11843,69,143,5,,,,,,,,,,,,,,,,,,,,,,,,,,,,,
"",176405,5171,-9.41975,147.04737,B,04/22/2021 06:56:51,Argos,0,56,A1,,401677265.77,04/22/2021 06:56:23,1,2,0,-136,401677265.77,147.04737,-9.41975,147.04736,-9.41975,0,3,2187,15931,300,168,4734,102,140,0,,,,,,,,,,,,,,,,,,,,,,,,,,,,,
"",176405,5171,-9.41975,147.04737,B,04/22/2021 06:56:51,Argos,0,56,A1,,401677265.77,04/22/2021 06:57:20,1,2,0,-136,401677265.77,147.04737,-9.41975,147.04736,-9.41975,0,3,2187,15931,300,168,4734,88,155,34,,,,,,,,,,,,,,,,,,,,,,,,,,,,,
"",176405,5171,-9.42709,147.06375,0,04/23/2021 06:45:35,Argos,0,41,A1,,401677265.27,04/23/2021 06:45:14,1,4,0,-137,401677265.27,147.06375,-9.42709,,,50,3,9721,56861,1661,97,8152,94,107,35,,,,,,,,,,,,,,,,,,,,,,,,,,,,,
"",176405,5171,-9.42709,147.06375,0,04/23/2021 06:45:35,Argos,0,41,A1,,401677265.27,04/23/2021 06:45:28,1,4,0,-137,401677265.27,147.06375,-9.42709,,,50,3,9721,56861,1661,97,8152,102,140,0,,,,,,,,,,,,,,,,,,,,,,,,,,,,,
"",176405,5171,-9.42709,147.06375,0,04/23/2021 06:45:35,Argos,0,41,A1,,401677265.27,04/23/2021 06:45:42,1,4,0,-137,401677265.27,147.06375,-9.42709,,,50,3,9721,56861,1661,97,8152,10,2,16,,,,,,,,,,,,,,,,,,,,,,,,,,,,,
"",176405,5171,-9.42709,147.06375,0,04/23/2021 06:45:35,Argos,0,41,A1,,401677265.27,04/23/2021 06:45:56,1,4,0,-137,401677265.27,147.06375,-9.42709,,,50,3,9721,56861,1661,97,8152,22,75,24,,,,,,,,,,,,,,,,,,,,,,,,,,,,,
"",176405,5171,-9.42118,147.04277,3,04/24/2021 06:42:45,Argos,0,341,SR,,401677258.36,04/24/2021 06:41:40,1,13,0,-132,401677258.36,147.04277,-9.42118,147.04277,-9.42118,50,3,209,446,97,44,468,94,86,36,,,,,,,,,,,,,,,,,,,,,,,,,,,,,
"",176405,5171,-9.42118,147.04277,3,04/24/2021 06:42:45,Argos,0,341,SR,,401677258.36,04/24/2021 06:42:51,1,13,0,-132,401677258.36,147.04277,-9.42118,147.04277,-9.42118,50,3,209,446,97,44,468,87,91,36,,,,,,,,,,,,,,,,,,,,,,,,,,,,,
"",176405,5171,-9.42118,147.04277,3,04/24/2021 06:42:45,Argos,0,341,SR,,401677258.36,04/24/2021 06:43:05,2,13,0,-132,401677258.36,147.04277,-9.42118,147.04277,-9.42118,50,3,209,446,97,44,468,102,140,0,,,,,,,,,,,,,,,,,,,,,,,,,,,,,
"",176405,5171,-9.42118,147.04277,3,04/24/2021 06:42:45,Argos,0,341,SR,,401677258.36,04/24/2021 06:43:19,2,13,0,-132,401677258.36,147.04277,-9.42118,147.04277,-9.42118,50,3,209,446,97,44,468,10,0,16,,,,,,,,,,,,,,,,,,,,,,,,,,,,,
"",176405,5171,-9.42118,147.04277,3,04/24/2021 06:42:45,Argos,0,341,SR,,401677258.36,04/24/2021 06:44:44,3,13,0,-132,401677258.36,147.04277,-9.42118,147.04277,-9.42118,50,3,209,446,97,44,468,22,75,24,,,,,,,,,,,,,,,,,,,,,,,,,,,,,
"",176405,5171,-9.42118,147.04277,3,04/24/2021 06:42:45,Argos,0,341,SR,,401677258.36,04/24/2021 06:44:59,3,13,0,-132,401677258.36,147.04277,-9.42118,147.04277,-9.42118,50,3,209,446,97,44,468,70,97,5,,,,,,,,,,,,,,,,,,,,,,,,,,,,,
"",176405,5171,-9.42118,147.04277,3,04/24/2021 06:42:45,Argos,0,341,SR,,401677258.36,04/24/2021 06:45:13,1,13,0,-132,401677258.36,147.04277,-9.42118,147.04277,-9.42118,50,3,209,446,97,44,468,81,101,39,,,,,,,,,,,,,,,,,,,,,,,,,,,,,
"",176405,5171,-9.4232,147.04133,3,04/27/2021 06:48:35,Argos,0,426,SR,,401677262.43,04/27/2021 06:48:03,1,14,0,-131,401677262.43,147.04133,-9.4232,147.04134,-9.4232,50,3,126,229,68,23,204,95,114,39,,,,,,,,,,,,,,,,,,,,,,,,,,,,,
"",176405,5171,-9.4232,147.04133,3,04/27/2021 06:48:35,Argos,0,426,SR,,401677262.43,04/27/2021 06:48:17,1,14,0,-131,401677262.43,147.04133,-9.4232,147.04134,-9.4232,50,3,126,229,68,23,204,109,139,0,,,,,,,,,,,,,,,,,,,,,,,,,,,,,
"",176405,5171,-9.4232,147.04133,3,04/27/2021 06:48:35,Argos,0,426,SR,,401677262.43,04/27/2021 06:48:31,1,14,0,-131,401677262.43,147.04133,-9.4232,147.04134,-9.4232,50,3,126,229,68,23,204,86,80,131,220,168,40,58,164,109,155,30,129,148,78,233,22,1,255,255,214,193,255,192,,,,,,,,,
"",176405,5171,-9.4232,147.04133,3,04/27/2021 06:48:35,Argos,0,426,SR,,401677262.43,04/27/2021 06:49:14,1,14,0,-131,401677262.43,147.04133,-9.4232,147.04134,-9.4232,50,3,126,229,68,23,204,69,110,5,,,,,,,,,,,,,,,,,,,,,,,,,,,,,
"",176405,5171,-9.4232,147.04133,3,04/27/2021 06:48:35,Argos,0,426,SR,,401677262.43,04/27/2021 06:49:28,1,14,0,-131,401677262.43,147.04133,-9.4232,147.04134,-9.4232,50,3,126,229,68,23,204,93,120,39,,,,,,,,,,,,,,,,,,,,,,,,,,,,,
"",176405,5171,-9.4232,147.04133,3,04/27/2021 06:48:35,Argos,0,426,SR,,401677262.43,04/27/2021 06:49:42,2,14,0,-131,401677262.43,147.04133,-9.4232,147.04134,-9.4232,50,3,126,229,68,23,204,102,140,0,,,,,,,,,,,,,,,,,,,,,,,,,,,,,
"",176405,5171,-9.4232,147.04133,3,04/27/2021 06:48:35,Argos,0,426,SR,,401677262.43,04/27/2021 06:49:57,3,14,0,-131,401677262.43,147.04133,-9.4232,147.04134,-9.4232,50,3,126,229,68,23,204,10,0,16,,,,,,,,,,,,,,,,,,,,,,,,,,,,,
"",176405,5171,-9.4232,147.04133,3,04/27/2021 06:48:35,Argos,0,426,SR,,401677262.43,04/27/2021 06:50:11,1,14,0,-131,401677262.43,147.04133,-9.4232,147.04134,-9.4232,50,3,126,229,68,23,204,22,75,24,,,,,,,,,,,,,,,,,,,,,,,,,,,,,
"",176405,5171,-9.4232,147.04133,3,04/27/2021 06:48:35,Argos,0,426,SR,,401677262.43,04/27/2021 06:50:25,2,14,0,-131,401677262.43,147.04133,-9.4232,147.04134,-9.4232,50,3,126,229,68,23,204,74,109,5,,,,,,,,,,,,,,,,,,,,,,,,,,,,,
"",176405,5171,-9.4232,147.04133,3,04/27/2021 06:48:35,Argos,0,426,SR,,401677262.43,04/27/2021 06:51:22,1,14,0,-131,401677262.43,147.04133,-9.4232,147.04134,-9.4232,50,3,126,229,68,23,204,22,75,8,,,,,,,,,,,,,,,,,,,,,,,,,,,,,
"",176405,5171,-9.42456,147.05873,0,04/29/2021 06:49:39,Argos,0,56,A1,,401677258.02,04/29/2021 06:49:11,1,5,0,-137,401677258.02,147.05873,-9.42456,147.05873,-9.42456,50,3,2037,14123,293,70,5179,22,75,24,,,,,,,,,,,,,,,,,,,,,,,,,,,,,
"",176405,5171,-9.42456,147.05873,0,04/29/2021 06:49:39,Argos,0,56,A1,,401677258.02,04/29/2021 06:49:25,1,5,0,-137,401677258.02,147.05873,-9.42456,147.05873,-9.42456,50,3,2037,14123,293,70,5179,64,32,5,,,,,,,,,,,,,,,,,,,,,,,,,,,,,
"",176405,5171,-9.42456,147.05873,0,04/29/2021 06:49:39,Argos,0,56,A1,,401677258.02,04/29/2021 06:49:39,1,5,0,-137,401677258.02,147.05873,-9.42456,147.05873,-9.42456,50,3,2037,14123,293,70,5179,89,118,41,,,,,,,,,,,,,,,,,,,,,,,,,,,,,
"",176405,5171,-9.42456,147.05873,0,04/29/2021 06:49:39,Argos,0,56,A1,,401677258.02,04/29/2021 06:49:53,1,5,0,-137,401677258.02,147.05873,-9.42456,147.05873,-9.42456,50,3,2037,14123,293,70,5179,109,139,0,,,,,,,,,,,,,,,,,,,,,,,,,,,,,
"",176405,5171,-9.42456,147.05873,0,04/29/2021 06:49:39,Argos,0,56,A1,,401677258.02,04/29/2021 06:50:08,1,5,0,-137,401677258.02,147.05873,-9.42456,147.05873,-9.42456,50,3,2037,14123,293,70,5179,2,0,16,,,,,,,,,,,,,,,,,,,,,,,,,,,,,
"",176405,5171,-9.42161,147.04478,3,04/30/2021 06:53:05,Argos,0,398,SR,,401677263.99,04/30/2021 06:50:11,1,13,0,-132,401677263.99,147.04478,-9.42161,147.04478,-9.42161,50,3,224,358,140,171,273,10,0,20,,,,,,,,,,,,,,,,,,,,,,,,,,,,,
"",176405,5171,-9.42161,147.04478,3,04/30/2021 06:53:05,Argos,0,398,SR,,401677263.99,04/30/2021 06:50:54,1,13,0,-132,401677263.99,147.04478,-9.42161,147.04478,-9.42161,50,3,224,358,140,171,273,83,117,42,,,,,,,,,,,,,,,,,,,,,,,,,,,,,
"",176405,5171,-9.42161,147.04478,3,04/30/2021 06:53:05,Argos,0,398,SR,,401677263.99,04/30/2021 06:51:22,1,13,0,-132,401677263.99,147.04478,-9.42161,147.04478,-9.42161,50,3,224,358,140,171,273,26,0,16,,,,,,,,,,,,,,,,,,,,,,,,,,,,,
"",176405,5171,-9.42161,147.04478,3,04/30/2021 06:53:05,Argos,0,398,SR,,401677263.99,04/30/2021 06:53:30,1,13,0,-132,401677263.99,147.04478,-9.42161,147.04478,-9.42161,50,3,224,358,140,171,273,87,128,42,,,,,,,,,,,,,,,,,,,,,,,,,,,,,
"",176405,5171,-9.42161,147.04478,3,04/30/2021 06:53:05,Argos,0,398,SR,,401677263.99,04/30/2021 06:53:44,1,13,0,-132,401677263.99,147.04478,-9.42161,147.04478,-9.42161,50,3,224,358,140,171,273,109,139,0,,,,,,,,,,,,,,,,,,,,,,,,,,,,,
"",176405,5171,-9.42161,147.04478,3,04/30/2021 06:53:05,Argos,0,398,SR,,401677263.99,04/30/2021 06:53:59,1,13,0,-132,401677263.99,147.04478,-9.42161,147.04478,-9.42161,50,3,224,358,140,171,273,10,0,16,,,,,,,,,,,,,,,,,,,,,,,,,,,,,
"",176405,5171,-9.42161,147.04478,3,04/30/2021 06:53:05,Argos,0,398,SR,,401677263.99,04/30/2021 06:54:27,3,13,0,-132,401677263.99,147.04478,-9.42161,147.04478,-9.42161,50,3,224,358,140,171,273,66,117,5,,,,,,,,,,,,,,,,,,,,,,,,,,,,,
"",176405,5171,-9.42161,147.04478,3,04/30/2021 06:53:05,Argos,0,398,SR,,401677263.99,04/30/2021 06:56:35,3,13,0,-132,401677263.99,147.04478,-9.42161,147.04478,-9.42161,50,3,224,358,140,171,273,22,75,24,,,,,,,,,,,,,,,,,,,,,,,,,,,,,
"",176405,5171,-9.42161,147.04478,3,04/30/2021 06:53:05,Argos,0,398,SR,,401677263.99,04/30/2021 06:56:49,1,13,0,-132,401677263.99,147.04478,-9.42161,147.04478,-9.42161,50,3,224,358,140,171,273,71,116,5,,,,,,,,,,,,,,,,,,,,,,,,,,,,,
"",176405,5171,-9.41027,147.03627,B,05/03/2021 06:56:53,Argos,0,14,SR,,401677263.83,05/03/2021 06:56:46,1,2,0,-134,401677263.83,147.03627,-9.41027,147.03627,-9.41027,0,3,7644,21579,2707,98,11503,10,0,16,,,,,,,,,,,,,,,,,,,,,,,,,,,,,
"",176405,5171,-9.41027,147.03627,B,05/03/2021 06:56:53,Argos,0,14,SR,,401677263.83,05/03/2021 06:57:01,1,2,0,-134,401677263.83,147.03627,-9.41027,147.03627,-9.41027,0,3,7644,21579,2707,98,11503,22,75,24,,,,,,,,,,,,,,,,,,,,,,,,,,,,,
"",176405,5171,-9.40767,147.03691,A,05/04/2021 06:32:37,Argos,0,27,SR,,401677264.05,05/04/2021 06:32:24,1,3,0,-136,401677264.05,147.03691,-9.40767,147.03691,-9.40767,0,3,3302,7939,1373,94,9337,30,75,24,,,,,,,,,,,,,,,,,,,,,,,,,,,,,
"",176405,5171,-9.40767,147.03691,A,05/04/2021 06:32:37,Argos,0,27,SR,,401677264.05,05/04/2021 06:32:38,1,3,0,-136,401677264.05,147.03691,-9.40767,147.03691,-9.40767,0,3,3302,7939,1373,94,9337,66,101,5,,,,,,,,,,,,,,,,,,,,,,,,,,,,,
"",176405,5171,-9.40767,147.03691,A,05/04/2021 06:32:37,Argos,0,27,SR,,401677264.05,05/04/2021 06:32:52,1,3,0,-136,401677264.05,147.03691,-9.40767,147.03691,-9.40767,0,3,3302,7939,1373,94,9337,89,36,46,,,,,,,,,,,,,,,,,,,,,,,,,,,,,
"",176405,5171,-9.41949,147.04864,2,05/05/2021 06:54:12,Argos,0,185,A1,,401677264.4,05/05/2021 06:52:45,1,6,0,-136,401677264.4,147.04864,-9.41949,147.04865,-9.41949,50,3,334,1103,100,48,711,81,124,47,,,,,,,,,,,,,,,,,,,,,,,,,,,,,
"",176405,5171,-9.41949,147.04864,2,05/05/2021 06:54:12,Argos,0,185,A1,,401677264.4,05/05/2021 06:53:14,1,6,0,-136,401677264.4,147.04864,-9.41949,147.04865,-9.41949,50,3,334,1103,100,48,711,10,0,16,,,,,,,,,,,,,,,,,,,,,,,,,,,,,
"",176405,5171,-9.41949,147.04864,2,05/05/2021 06:54:12,Argos,0,185,A1,,401677264.4,05/05/2021 06:53:56,1,6,0,-136,401677264.4,147.04864,-9.41949,147.04865,-9.41949,50,3,334,1103,100,48,711,93,129,47,,,,,,,,,,,,,,,,,,,,,,,,,,,,,
"",176405,5171,-9.41949,147.04864,2,05/05/2021 06:54:12,Argos,0,185,A1,,401677264.4,05/05/2021 06:54:11,1,6,0,-136,401677264.4,147.04864,-9.41949,147.04865,-9.41949,50,3,334,1103,100,48,711,109,139,0,,,,,,,,,,,,,,,,,,,,,,,,,,,,,
"",176405,5171,-9.41949,147.04864,2,05/05/2021 06:54:12,Argos,0,185,A1,,401677264.4,05/05/2021 06:55:22,1,6,0,-136,401677264.4,147.04864,-9.41949,147.04865,-9.41949,50,3,334,1103,100,48,711,102,140,0,,,,,,,,,,,,,,,,,,,,,,,,,,,,,
"",176405,5171,-9.41949,147.04864,2,05/05/2021 06:54:12,Argos,0,185,A1,,401677264.4,05/05/2021 06:55:50,1,6,0,-136,401677264.4,147.04864,-9.41949,147.04865,-9.41949,50,3,334,1103,100,48,711,22,75,24,,,,,,,,,,,,,,,,,,,,,,,,,,,,,
"",176405,5171,-9.42312,147.05414,B,05/06/2021 06:41:09,Argos,0,28,A1,,401677263.54,05/06/2021 06:40:55,1,2,0,-139,401677263.54,147.05414,-9.42312,147.05414,-9.42312,0,3,2532,8255,776,88,7156,11,0,16,,,,,,,,,,,,,,,,,,,,,,,,,,,,,
"",176405,5171,-9.42312,147.05414,B,05/06/2021 06:41:09,Argos,0,28,A1,,401677263.54,05/06/2021 06:41:24,1,2,0,-139,401677263.54,147.05414,-9.42312,147.05414,-9.42312,0,3,2532,8255,776,88,7156,70,91,5,,,,,,,,,,,,,,,,,,,,,,,,,,,,,
"",176405,5171,-9.42309,147.04537,1,05/07/2021 06:38:12,Argos,0,156,SR,,401677262.06,05/07/2021 06:37:36,1,7,0,-136,401677262.06,147.04537,-9.42309,147.04536,-9.42309,50,3,1268,8599,186,77,3575,10,0,144,,,,,,,,,,,,,,,,,,,,,,,,,,,,,
"",176405,5171,-9.42309,147.04537,1,05/07/2021 06:38:12,Argos,0,156,SR,,401677262.06,05/07/2021 06:38:04,1,7,0,-136,401677262.06,147.04537,-9.42309,147.04536,-9.42309,50,3,1268,8599,186,77,3575,76,99,141,,,,,,,,,,,,,,,,,,,,,,,,,,,,,
"",176405,5171,-9.42309,147.04537,1,05/07/2021 06:38:12,Argos,0,156,SR,,401677262.06,05/07/2021 06:38:19,1,7,0,-136,401677262.06,147.04537,-9.42309,147.04536,-9.42309,50,3,1268,8599,186,77,3575,80,60,49,,,,,,,,,,,,,,,,,,,,,,,,,,,,,
"",176405,5171,-9.42309,147.04537,1,05/07/2021 06:38:12,Argos,0,156,SR,,401677262.06,05/07/2021 06:38:33,1,7,0,-136,401677262.06,147.04537,-9.42309,147.04536,-9.42309,50,3,1268,8599,186,77,3575,166,140,0,,,,,,,,,,,,,,,,,,,,,,,,,,,,,
"",176405,5171,-9.42309,147.04537,1,05/07/2021 06:38:12,Argos,0,156,SR,,401677262.06,05/07/2021 06:39:01,1,7,0,-136,401677262.06,147.04537,-9.42309,147.04536,-9.42309,50,3,1268,8599,186,77,3575,22,75,24,,,,,,,,,,,,,,,,,,,,,,,,,,,,,
"",176405,5171,-9.42309,147.04537,1,05/07/2021 06:38:12,Argos,0,156,SR,,401677262.06,05/07/2021 06:39:15,2,7,0,-136,401677262.06,147.04537,-9.42309,147.04536,-9.42309,50,3,1268,8599,186,77,3575,73,98,5,,,,,,,,,,,,,,,,,,,,,,,,,,,,,
"",176405,5171,-9.42147,147.04526,3,05/10/2021 06:41:06,Argos,0,412,SR,,401677254.7,05/10/2021 06:39:44,1,14,0,-129,401677254.7,147.04526,-9.42147,147.04526,-9.42147,50,3,136,257,71,31,233,94,57,52,,,,,,,,,,,,,,,,,,,,,,,,,,,,,
"",176405,5171,-9.42147,147.04526,3,05/10/2021 06:41:06,Argos,0,412,SR,,401677254.7,05/10/2021 06:39:59,1,14,0,-129,401677254.7,147.04526,-9.42147,147.04526,-9.42147,50,3,136,257,71,31,233,102,140,0,,,,,,,,,,,,,,,,,,,,,,,,,,,,,
"",176405,5171,-9.42147,147.04526,3,05/10/2021 06:41:06,Argos,0,412,SR,,401677254.7,05/10/2021 06:40:56,1,14,0,-129,401677254.7,147.04526,-9.42147,147.04526,-9.42147,50,3,136,257,71,31,233,85,62,52,,,,,,,,,,,,,,,,,,,,,,,,,,,,,
"",176405,5171,-9.42147,147.04526,3,05/10/2021 06:41:06,Argos,0,412,SR,,401677254.7,05/10/2021 06:41:38,3,14,0,-129,401677254.7,147.04526,-9.42147,147.04526,-9.42147,50,3,136,257,71,31,233,10,0,16,,,,,,,,,,,,,,,,,,,,,,,,,,,,,
"",176405,5171,-9.42147,147.04526,3,05/10/2021 06:41:06,Argos,0,412,SR,,401677254.7,05/10/2021 06:41:52,3,14,0,-129,401677254.7,147.04526,-9.42147,147.04526,-9.42147,50,3,136,257,71,31,233,22,75,24,,,,,,,,,,,,,,,,,,,,,,,,,,,,,
"",176405,5171,-9.42147,147.04526,3,05/10/2021 06:41:06,Argos,0,412,SR,,401677254.7,05/10/2021 06:42:07,3,14,0,-129,401677254.7,147.04526,-9.42147,147.04526,-9.42147,50,3,136,257,71,31,233,67,112,5,,,,,,,,,,,,,,,,,,,,,,,,,,,,,
"",176405,5171,-9.42147,147.04526,3,05/10/2021 06:41:06,Argos,0,412,SR,,401677254.7,05/10/2021 06:44:15,1,14,0,-129,401677254.7,147.04526,-9.42147,147.04526,-9.42147,50,3,136,257,71,31,233,23,74,24,,,,,,,,,,,,,,,,,,,,,,,,,,,,,
"",176405,5171,-9.42147,147.04526,3,05/10/2021 06:41:06,Argos,0,412,SR,,401677254.7,05/10/2021 06:45:54,1,14,0,-129,401677254.7,147.04526,-9.42147,147.04526,-9.42147,50,3,136,257,71,31,233,95,83,52,,,,,,,,,,,,,,,,,,,,,,,,,,,,,
"",176405,5171,-9.43596,147.04992,B,05/10/2021 23:58:30,Argos,0,0,MC,,401677257.97,05/10/2021 23:58:31,1,1,0,-124,401677257.97,147.04992,-9.43596,147.04993,-9.43596,0,3,3725,6678,2077,72,10128,32,85,64,0,0,0,0,0,0,0,0,255,211,238,244,80,85,32,0,0,0,0,0,0,0,0,151,236,255,112,193,
"",176405,5171,-9.42624,147.07195,1,05/11/2021 06:56:41,Argos,0,99,A1,,401677252.83,05/11/2021 06:55:52,1,8,0,-129,401677252.83,147.07195,-9.42624,147.07195,-9.42624,58,3,1328,12435,141,115,2788,83,129,53,,,,,,,,,,,,,,,,,,,,,,,,,,,,,
"",176405,5171,-9.42624,147.07195,1,05/11/2021 06:56:41,Argos,0,99,A1,,401677252.83,05/11/2021 06:56:21,1,8,0,-129,401677252.83,147.07195,-9.42624,147.07195,-9.42624,58,3,1328,12435,141,115,2788,10,0,16,,,,,,,,,,,,,,,,,,,,,,,,,,,,,
"",176405,5171,-9.42624,147.07195,1,05/11/2021 06:56:41,Argos,0,99,A1,,401677252.83,05/11/2021 06:56:35,1,8,0,-129,401677252.83,147.07195,-9.42624,147.07195,-9.42624,58,3,1328,12435,141,115,2788,85,208,131,220,168,40,58,164,101,155,161,1,148,107,13,20,1,255,255,216,241,255,192,,,,,,,,,
"",176405,5171,-9.42624,147.07195,1,05/11/2021 06:56:41,Argos,0,99,A1,,401677252.83,05/11/2021 06:56:49,1,8,0,-129,401677252.83,147.07195,-9.42624,147.07195,-9.42624,58,3,1328,12435,141,115,2788,22,75,24,,,,,,,,,,,,,,,,,,,,,,,,,,,,,
"",176405,5171,-9.42624,147.07195,1,05/11/2021 06:56:41,Argos,0,99,A1,,401677252.83,05/11/2021 06:57:03,1,8,0,-129,401677252.83,147.07195,-9.42624,147.07195,-9.42624,58,3,1328,12435,141,115,2788,69,143,5,,,,,,,,,,,,,,,,,,,,,,,,,,,,,
"",176405,5171,-9.42624,147.07195,1,05/11/2021 06:56:41,Argos,0,99,A1,,401677252.83,05/11/2021 06:57:17,1,8,0,-129,401677252.83,147.07195,-9.42624,147.07195,-9.42624,58,3,1328,12435,141,115,2788,93,135,53,,,,,,,,,,,,,,,,,,,,,,,,,,,,,
"",176405,5171,-9.42624,147.07195,1,05/11/2021 06:56:41,Argos,0,99,A1,,401677252.83,05/11/2021 06:57:32,2,8,0,-129,401677252.83,147.07195,-9.42624,147.07195,-9.42624,58,3,1328,12435,141,115,2788,109,139,0,,,,,,,,,,,,,,,,,,,,,,,,,,,,,
"",176405,5171,-9.44348,147.05327,1,05/13/2021 06:46:13,Argos,0,114,SR,,401677252.19,05/13/2021 06:45:39,1,5,0,-135,401677252.19,147.05327,-9.44348,147.05327,-9.44348,50,3,1328,8775,201,150,3747,10,0,16,,,,,,,,,,,,,,,,,,,,,,,,,,,,,
"",176405,5171,-9.44348,147.05327,1,05/13/2021 06:46:13,Argos,0,114,SR,,401677252.19,05/13/2021 06:46:36,2,5,0,-135,401677252.19,147.05327,-9.44348,147.05327,-9.44348,50,3,1328,8775,201,150,3747,102,140,0,,,,,,,,,,,,,,,,,,,,,,,,,,,,,
"",176405,5171,-9.44348,147.05327,1,05/13/2021 06:46:13,Argos,0,114,SR,,401677252.19,05/13/2021 06:47:19,2,5,0,-135,401677252.19,147.05327,-9.44348,147.05327,-9.44348,50,3,1328,8775,201,150,3747,76,130,5,,,,,,,,,,,,,,,,,,,,,,,,,,,,,
"",176405,5171,-9.41506,147.04147,2,05/16/2021 06:52:53,Argos,0,185,SR,,401677262.8,05/16/2021 06:52:17,1,8,0,-130,401677262.8,147.04147,-9.41506,147.04147,-9.41506,50,3,316,1030,96,169,619,75,112,131,220,168,40,58,164,104,27,91,171,210,116,205,24,1,255,255,214,193,255,192,,,,,,,,,
"",176405,5171,-9.41506,147.04147,2,05/16/2021 06:52:53,Argos,0,185,SR,,401677262.8,05/16/2021 06:52:59,1,8,0,-130,401677262.8,147.04147,-9.41506,147.04147,-9.41506,50,3,316,1030,96,169,619,95,105,58,,,,,,,,,,,,,,,,,,,,,,,,,,,,,
"",176405,5171,-9.41506,147.04147,2,05/16/2021 06:52:53,Argos,0,185,SR,,401677262.8,05/16/2021 06:53:13,2,8,0,-130,401677262.8,147.04147,-9.41506,147.04147,-9.41506,50,3,316,1030,96,169,619,102,140,0,,,,,,,,,,,,,,,,,,,,,,,,,,,,,
"",176405,5171,-9.41506,147.04147,2,05/16/2021 06:52:53,Argos,0,185,SR,,401677262.8,05/16/2021 06:53:28,2,8,0,-130,401677262.8,147.04147,-9.41506,147.04147,-9.41506,50,3,316,1030,96,169,619,10,0,16,,,,,,,,,,,,,,,,,,,,,,,,,,,,,
"",176405,5171,-9.41506,147.04147,2,05/16/2021 06:52:53,Argos,0,185,SR,,401677262.8,05/16/2021 06:54:53,2,8,0,-130,401677262.8,147.04147,-9.41506,147.04147,-9.41506,50,3,316,1030,96,169,619,22,75,24,,,,,,,,,,,,,,,,,,,,,,,,,,,,,
"",176405,5171,,,,,,,0,NN,,401650000,05/20/2021 23:58:30,1,1,0,-137,401650000,,,,,,,,,,,,32,86,128,0,0,0,0,0,0,0,0,0,255,206,63,203,86,96,0,0,0,64,64,32,128,0,0,255,181,234,47,
"",176405,5171,,,,,,,0,SR,,401650000,05/26/2021 06:41:49,1,1,0,-139,401650000,,,,,,,,,,,,90,45,68,,,,,,,,,,,,,,,,,,,,,,,,,,,,,
"",176405,5171,-9.41555,147.03953,0,05/29/2021 06:47:00,Argos,0,84,SR,,401677260.66,05/29/2021 06:46:18,1,4,0,-135,401677260.66,147.03953,-9.41555,147.03954,-9.41555,50,3,2068,14433,296,159,4089,10,0,16,,,,,,,,,,,,,,,,,,,,,,,,,,,,,
"",176405,5171,-9.41555,147.03953,0,05/29/2021 06:47:00,Argos,0,84,SR,,401677260.66,05/29/2021 06:46:47,1,4,0,-135,401677260.66,147.03953,-9.41555,147.03954,-9.41555,50,3,2068,14433,296,159,4089,66,85,5,,,,,,,,,,,,,,,,,,,,,,,,,,,,,
"",176405,5171,-9.41555,147.03953,0,05/29/2021 06:47:00,Argos,0,84,SR,,401677260.66,05/29/2021 06:47:15,1,4,0,-135,401677260.66,147.03953,-9.41555,147.03954,-9.41555,50,3,2068,14433,296,159,4089,102,140,0,,,,,,,,,,,,,,,,,,,,,,,,,,,,,
"",176405,5171,-9.41555,147.03953,0,05/29/2021 06:47:00,Argos,0,84,SR,,401677260.66,05/29/2021 06:47:43,1,4,0,-135,401677260.66,147.03953,-9.41555,147.03954,-9.41555,50,3,2068,14433,296,159,4089,22,75,24,,,,,,,,,,,,,,,,,,,,,,,,,,,,,
"",176405,5171,-9.39985,147.05244,A,06/01/2021 06:54:11,Argos,0,84,SR,,401677267.95,06/01/2021 06:53:38,1,3,0,-137,401677267.95,147.05244,-9.39985,147.05244,-9.39985,0,3,1872,14080,248,16,5288,89,87,74,,,,,,,,,,,,,,,,,,,,,,,,,,,,,
"",176405,5171,-9.39985,147.05244,A,06/01/2021 06:54:11,Argos,0,84,SR,,401677267.95,06/01/2021 06:55:03,2,3,0,-137,401677267.95,147.05244,-9.39985,147.05244,-9.39985,0,3,1872,14080,248,16,5288,102,140,0,,,,,,,,,,,,,,,,,,,,,,,,,,,,,
"",176405,5171,,,,,,,0,MC,,401650000,06/03/2021 23:58:28,1,1,0,-128,401650000,,,,,,,,,,,,32,88,96,0,0,0,0,0,0,0,0,0,255,110,0,247,88,64,0,0,0,0,0,0,0,0,204,255,230,23,48,
"",176405,5171,,,,,,,0,NN,,401650000,06/04/2021 00:38:51,1,1,0,-137,401650000,,,,,,,,,,,,32,88,96,0,0,0,0,0,0,32,0,0,255,110,0,247,88,64,0,0,0,0,0,0,0,0,204,255,230,23,48,
"",176405,5171,-9.41382,147.05156,A,06/06/2021 06:50:22,Argos,0,255,A1,,401677262.19,06/06/2021 06:48:53,1,3,0,-133,401677262.19,147.05156,-9.41382,147.05156,-9.41382,0,3,634,9269,43,41,1768,71,84,5,,,,,,,,,,,,,,,,,,,,,,,,,,,,,
"",176405,5171,-9.41382,147.05156,A,06/06/2021 06:50:22,Argos,0,255,A1,,401677262.19,06/06/2021 06:49:07,1,3,0,-133,401677262.19,147.05156,-9.41382,147.05156,-9.41382,0,3,634,9269,43,41,1768,82,67,79,,,,,,,,,,,,,,,,,,,,,,,,,,,,,
"",176405,5171,-9.41382,147.05156,A,06/06/2021 06:50:22,Argos,0,255,A1,,401677262.19,06/06/2021 06:53:08,1,3,0,-133,401677262.19,147.05156,-9.41382,147.05156,-9.41382,0,3,634,9269,43,41,1768,104,136,32,,,,,,,,,,,,,,,,,,,,,,,,,,,,,
"",176405,5171,-9.41291,147.04894,1,06/08/2021 06:36:59,Argos,0,213,SR,,401677265.72,06/08/2021 06:34:55,1,4,0,-133,401677265.72,147.04894,-9.41291,147.04893,-9.41291,50,3,1030,4782,221,37,1908,109,139,0,,,,,,,,,,,,,,,,,,,,,,,,,,,,,
"",176405,5171,-9.41291,147.04894,1,06/08/2021 06:36:59,Argos,0,213,SR,,401677265.72,06/08/2021 06:36:21,1,4,0,-133,401677265.72,147.04894,-9.41291,147.04893,-9.41291,50,3,1030,4782,221,37,1908,10,0,16,,,,,,,,,,,,,,,,,,,,,,,,,,,,,
"",176405,5171,-9.41291,147.04894,1,06/08/2021 06:36:59,Argos,0,213,SR,,401677265.72,06/08/2021 06:38:14,1,4,0,-133,401677265.72,147.04894,-9.41291,147.04893,-9.41291,50,3,1030,4782,221,37,1908,67,112,5,,,,,,,,,,,,,,,,,,,,,,,,,,,,,
"",176405,5171,-9.41291,147.04894,1,06/08/2021 06:36:59,Argos,0,213,SR,,401677265.72,06/08/2021 06:38:28,1,4,0,-133,401677265.72,147.04894,-9.41291,147.04893,-9.41291,50,3,1030,4782,221,37,1908,83,19,81,,,,,,,,,,,,,,,,,,,,,,,,,,,,,
"",176405,5171,-9.42562,147.04411,3,06/11/2021 06:44:25,Argos,0,298,SR,,401677256.28,06/11/2021 06:41:20,1,10,0,-132,401677256.28,147.04411,-9.42562,147.04411,-9.42562,50,3,227,661,77,59,436,93,22,84,,,,,,,,,,,,,,,,,,,,,,,,,,,,,
"",176405,5171,-9.42562,147.04411,3,06/11/2021 06:44:25,Argos,0,298,SR,,401677256.28,06/11/2021 06:44:24,1,10,0,-132,401677256.28,147.04411,-9.42562,147.04411,-9.42562,50,3,227,661,77,59,436,22,75,24,,,,,,,,,,,,,,,,,,,,,,,,,,,,,
"",176405,5171,-9.42562,147.04411,3,06/11/2021 06:44:25,Argos,0,298,SR,,401677256.28,06/11/2021 06:44:53,1,10,0,-132,401677256.28,147.04411,-9.42562,147.04411,-9.42562,50,3,227,661,77,59,436,86,37,85,,,,,,,,,,,,,,,,,,,,,,,,,,,,,
"",176405,5171,-9.42562,147.04411,3,06/11/2021 06:44:25,Argos,0,298,SR,,401677256.28,06/11/2021 06:45:21,2,10,0,-132,401677256.28,147.04411,-9.42562,147.04411,-9.42562,50,3,227,661,77,59,436,10,0,16,,,,,,,,,,,,,,,,,,,,,,,,,,,,,
"",176405,5171,-9.42562,147.04411,3,06/11/2021 06:44:25,Argos,0,298,SR,,401677256.28,06/11/2021 06:46:04,1,10,0,-132,401677256.28,147.04411,-9.42562,147.04411,-9.42562,50,3,227,661,77,59,436,81,42,84,,,,,,,,,,,,,,,,,,,,,,,,,,,,,
"",176405,5171,-9.42562,147.04411,3,06/11/2021 06:44:25,Argos,0,298,SR,,401677256.28,06/11/2021 06:46:18,4,10,0,-132,401677256.28,147.04411,-9.42562,147.04411,-9.42562,50,3,227,661,77,59,436,109,139,0,,,,,,,,,,,,,,,,,,,,,,,,,,,,,
"",176405,5171,-9.42709,147.05036,B,06/12/2021 06:54:00,Argos,0,128,A1,,401677256.92,06/12/2021 06:52:56,1,2,0,-138,401677256.92,147.05036,-9.42709,147.05035,-9.42709,0,3,2185,36465,130,139,5333,10,0,16,,,,,,,,,,,,,,,,,,,,,,,,,,,,,
"",176405,5171,-9.42709,147.05036,B,06/12/2021 06:54:00,Argos,0,128,A1,,401677256.92,06/12/2021 06:55:04,1,2,0,-138,401677256.92,147.05036,-9.42709,147.05035,-9.42709,0,3,2185,36465,130,139,5333,109,203,0,,,,,,,,,,,,,,,,,,,,,,,,,,,,,
"",176405,5171,-9.42457,147.04481,3,06/14/2021 06:49:16,Argos,0,497,SR,,401677252.93,06/14/2021 06:46:33,1,25,0,-125,401677252.93,147.04481,-9.42457,147.04482,-9.42457,50,3,133,258,68,52,232,95,45,87,,,,,,,,,,,,,,,,,,,,,,,,,,,,,
"",176405,5171,-9.42457,147.04481,3,06/14/2021 06:49:16,Argos,0,497,SR,,401677252.93,06/14/2021 06:47:44,1,25,0,-125,401677252.93,147.04481,-9.42457,147.04482,-9.42457,50,3,133,258,68,52,232,92,50,87,,,,,,,,,,,,,,,,,,,,,,,,,,,,,
"",176405,5171,-9.42457,147.04481,3,06/14/2021 06:49:16,Argos,0,497,SR,,401677252.93,06/14/2021 06:48:26,1,25,0,-125,401677252.93,147.04481,-9.42457,147.04482,-9.42457,50,3,133,258,68,52,232,68,80,131,220,168,40,58,164,103,27,32,1,84,174,107,20,1,255,255,216,179,255,196,,,,,,,,,
"",176405,5171,-9.42457,147.04481,3,06/14/2021 06:49:16,Argos,0,497,SR,,401677252.93,06/14/2021 06:48:55,3,25,0,-125,401677252.93,147.04481,-9.42457,147.04482,-9.42457,50,3,133,258,68,52,232,75,137,5,,,,,,,,,,,,,,,,,,,,,,,,,,,,,
"",176405,5171,-9.42457,147.04481,3,06/14/2021 06:49:16,Argos,0,497,SR,,401677252.93,06/14/2021 06:49:09,1,25,0,-125,401677252.93,147.04481,-9.42457,147.04482,-9.42457,50,3,133,258,68,52,232,94,56,87,,,,,,,,,,,,,,,,,,,,,,,,,,,,,
"",176405,5171,-9.42457,147.04481,3,06/14/2021 06:49:16,Argos,0,497,SR,,401677252.93,06/14/2021 06:50:20,1,25,0,-125,401677252.93,147.04481,-9.42457,147.04482,-9.42457,50,3,133,258,68,52,232,95,60,87,,,,,,,,,,,,,,,,,,,,,,,,,,,,,
"",176405,5171,-9.42457,147.04481,3,06/14/2021 06:49:16,Argos,0,497,SR,,401677252.93,06/14/2021 06:51:03,3,25,0,-125,401677252.93,147.04481,-9.42457,147.04482,-9.42457,50,3,133,258,68,52,232,22,75,24,,,,,,,,,,,,,,,,,,,,,,,,,,,,,
"",176405,5171,-9.42457,147.04481,3,06/14/2021 06:49:16,Argos,0,497,SR,,401677252.93,06/14/2021 06:52:28,1,25,0,-125,401677252.93,147.04481,-9.42457,147.04482,-9.42457,50,3,133,258,68,52,232,72,134,5,,,,,,,,,,,,,,,,,,,,,,,,,,,,,
"",176405,5171,-9.42457,147.04481,3,06/14/2021 06:49:16,Argos,0,497,SR,,401677252.93,06/14/2021 06:52:56,7,25,0,-125,401677252.93,147.04481,-9.42457,147.04482,-9.42457,50,3,133,258,68,52,232,104,138,0,,,,,,,,,,,,,,,,,,,,,,,,,,,,,
"",176405,5171,-9.42457,147.04481,3,06/14/2021 06:49:16,Argos,0,497,SR,,401677252.93,06/14/2021 06:53:11,5,25,0,-125,401677252.93,147.04481,-9.42457,147.04482,-9.42457,50,3,133,258,68,52,232,10,0,16,,,,,,,,,,,,,,,,,,,,,,,,,,,,,
"",176405,5171,-9.42457,147.04481,3,06/14/2021 06:49:16,Argos,0,497,SR,,401677252.93,06/14/2021 06:53:53,1,25,0,-125,401677252.93,147.04481,-9.42457,147.04482,-9.42457,50,3,133,258,68,52,232,89,76,87,,,,,,,,,,,,,,,,,,,,,,,,,,,,,
"",176405,5171,-9.42034,147.0447,3,06/17/2021 06:54:41,Argos,0,356,SR,,401677188.27,06/17/2021 06:51:38,1,19,0,-127,401677188.27,147.0447,-9.42034,147.0447,-9.42034,50,3,123,245,61,23,166,66,117,5,,,,,,,,,,,,,,,,,,,,,,,,,,,,,
"",176405,5171,-9.42034,147.0447,3,06/17/2021 06:54:41,Argos,0,356,SR,,401677188.27,06/17/2021 06:52:20,1,19,0,-127,401677188.27,147.0447,-9.42034,147.0447,-9.42034,50,3,123,245,61,23,166,85,80,131,220,168,40,58,164,104,155,93,130,22,180,121,14,1,255,255,215,209,255,192,,,,,,,,,
"",176405,5171,-9.42034,147.0447,3,06/17/2021 06:54:41,Argos,0,356,SR,,401677188.27,06/17/2021 06:53:17,1,19,0,-127,401677188.27,147.0447,-9.42034,147.0447,-9.42034,50,3,123,245,61,23,166,82,64,90,,,,,,,,,,,,,,,,,,,,,,,,,,,,,
"",176405,5171,-9.42034,147.0447,3,06/17/2021 06:54:41,Argos,0,356,SR,,401677188.27,06/17/2021 06:53:31,1,19,0,-127,401677188.27,147.0447,-9.42034,147.0447,-9.42034,50,3,123,245,61,23,166,98,136,0,,,,,,,,,,,,,,,,,,,,,,,,,,,,,
"",176405,5171,-9.42034,147.0447,3,06/17/2021 06:54:41,Argos,0,356,SR,,401677188.27,06/17/2021 06:54:14,1,19,0,-127,401677188.27,147.0447,-9.42034,147.0447,-9.42034,50,3,123,245,61,23,166,76,115,5,,,,,,,,,,,,,,,,,,,,,,,,,,,,,
"",176405,5171,-9.42034,147.0447,3,06/17/2021 06:54:41,Argos,0,356,SR,,401677188.27,06/17/2021 06:54:28,1,19,0,-127,401677188.27,147.0447,-9.42034,147.0447,-9.42034,50,3,123,245,61,23,166,83,69,90,,,,,,,,,,,,,,,,,,,,,,,,,,,,,
"",176405,5171,-9.42034,147.0447,3,06/17/2021 06:54:41,Argos,0,356,SR,,401677188.27,06/17/2021 06:55:40,1,19,0,-127,401677188.27,147.0447,-9.42034,147.0447,-9.42034,50,3,123,245,61,23,166,64,74,90,,,,,,,,,,,,,,,,,,,,,,,,,,,,,
"",176405,5171,-9.42034,147.0447,3,06/17/2021 06:54:41,Argos,0,356,SR,,401677188.27,06/17/2021 06:56:37,1,19,0,-127,401677188.27,147.0447,-9.42034,147.0447,-9.42034,50,3,123,245,61,23,166,73,114,5,,,,,,,,,,,,,,,,,,,,,,,,,,,,,
"",176405,5171,-9.42034,147.0447,3,06/17/2021 06:54:41,Argos,0,356,SR,,401677188.27,06/17/2021 06:57:05,2,19,0,-127,401677188.27,147.0447,-9.42034,147.0447,-9.42034,50,3,123,245,61,23,166,97,135,0,,,,,,,,,,,,,,,,,,,,,,,,,,,,,
"",176405,5171,-9.42034,147.0447,3,06/17/2021 06:54:41,Argos,0,356,SR,,401677188.27,06/17/2021 06:57:19,5,19,0,-127,401677188.27,147.0447,-9.42034,147.0447,-9.42034,50,3,123,245,61,23,166,10,0,16,,,,,,,,,,,,,,,,,,,,,,,,,,,,,
"",176405,5171,-9.42034,147.0447,3,06/17/2021 06:54:41,Argos,0,356,SR,,401677188.27,06/17/2021 06:57:34,4,19,0,-127,401677188.27,147.0447,-9.42034,147.0447,-9.42034,50,3,123,245,61,23,166,22,75,24,,,,,,,,,,,,,,,,,,,,,,,,,,,,,
"",176405,5171,-9.44456,147.01922,0,06/18/2021 06:25:06,Argos,0,128,SR,,401677191.35,06/18/2021 06:24:32,1,7,0,-133,401677191.35,147.01922,-9.44456,147.01923,-9.44456,50,3,1578,10643,233,47,4453,65,90,5,,,,,,,,,,,,,,,,,,,,,,,,,,,,,
"",176405,5171,-9.44456,147.01922,0,06/18/2021 06:25:06,Argos,0,128,SR,,401677191.35,06/18/2021 06:25:15,2,7,0,-133,401677191.35,147.01922,-9.44456,147.01923,-9.44456,50,3,1578,10643,233,47,4453,10,0,16,,,,,,,,,,,,,,,,,,,,,,,,,,,,,
"",176405,5171,-9.44456,147.01922,0,06/18/2021 06:25:06,Argos,0,128,SR,,401677191.35,06/18/2021 06:25:29,2,7,0,-133,401677191.35,147.01922,-9.44456,147.01923,-9.44456,50,3,1578,10643,233,47,4453,22,75,24,,,,,,,,,,,,,,,,,,,,,,,,,,,,,
"",176405,5171,-9.44456,147.01922,0,06/18/2021 06:25:06,Argos,0,128,SR,,401677191.35,06/18/2021 06:25:57,1,7,0,-133,401677191.35,147.01922,-9.44456,147.01923,-9.44456,50,3,1578,10643,233,47,4453,81,209,90,,,,,,,,,,,,,,,,,,,,,,,,,,,,,
"",176405,5171,-9.44456,147.01922,0,06/18/2021 06:25:06,Argos,0,128,SR,,401677191.35,06/18/2021 06:26:12,1,7,0,-133,401677191.35,147.01922,-9.44456,147.01923,-9.44456,50,3,1578,10643,233,47,4453,88,16,131,220,168,40,58,164,105,25,187,66,86,181,165,18,1,255,255,213,161,127,192,,,,,,,,,
"",176405,5171,-9.42391,147.04459,3,06/19/2021 06:46:08,Argos,0,286,A1,,401677186.79,06/19/2021 06:44:44,1,9,0,-134,401677186.79,147.04459,-9.42391,147.04459,-9.42391,50,3,250,598,104,54,471,89,26,92,,,,,,,,,,,,,,,,,,,,,,,,,,,,,
"",176405,5171,-9.42391,147.04459,3,06/19/2021 06:46:08,Argos,0,286,A1,,401677186.79,06/19/2021 06:44:59,1,9,0,-134,401677186.79,147.04459,-9.42391,147.04459,-9.42391,50,3,250,598,104,54,471,98,136,0,,,,,,,,,,,,,,,,,,,,,,,,,,,,,
"",176405,5171,-9.42391,147.04459,3,06/19/2021 06:46:08,Argos,0,286,A1,,401677186.79,06/19/2021 06:45:13,1,9,0,-134,401677186.79,147.04459,-9.42391,147.04459,-9.42391,50,3,250,598,104,54,471,10,0,16,,,,,,,,,,,,,,,,,,,,,,,,,,,,,
"",176405,5171,-9.42391,147.04459,3,06/19/2021 06:46:08,Argos,0,286,A1,,401677186.79,06/19/2021 06:45:41,1,9,0,-134,401677186.79,147.04459,-9.42391,147.04459,-9.42391,50,3,250,598,104,54,471,75,104,5,,,,,,,,,,,,,,,,,,,,,,,,,,,,,
"",176405,5171,-9.42391,147.04459,3,06/19/2021 06:46:08,Argos,0,286,A1,,401677186.79,06/19/2021 06:45:56,1,9,0,-134,401677186.79,147.04459,-9.42391,147.04459,-9.42391,50,3,250,598,104,54,471,88,31,92,,,,,,,,,,,,,,,,,,,,,,,,,,,,,
"",176405,5171,-9.42391,147.04459,3,06/19/2021 06:46:08,Argos,0,286,A1,,401677186.79,06/19/2021 06:46:39,2,9,0,-134,401677186.79,147.04459,-9.42391,147.04459,-9.42391,50,3,250,598,104,54,471,22,75,24,,,,,,,,,,,,,,,,,,,,,,,,,,,,,
"",176405,5171,-9.42391,147.04459,3,06/19/2021 06:46:08,Argos,0,286,A1,,401677186.79,06/19/2021 06:47:07,1,9,0,-134,401677186.79,147.04459,-9.42391,147.04459,-9.42391,50,3,250,598,104,54,471,95,36,92,,,,,,,,,,,,,,,,,,,,,,,,,,,,,
"",176405,5171,-9.42391,147.04459,3,06/19/2021 06:46:08,Argos,0,286,A1,,401677186.79,06/19/2021 06:49:30,1,9,0,-134,401677186.79,147.04459,-9.42391,147.04459,-9.42391,50,3,250,598,104,54,471,93,46,92,,,,,,,,,,,,,,,,,,,,,,,,,,,,,
"",176405,5171,-9.42273,147.06664,B,06/20/2021 06:57:26,Argos,0,14,SR,,401677193.23,06/20/2021 06:57:20,1,2,0,-133,401677193.23,147.06664,-9.42273,147.06664,-9.42273,0,3,3934,8888,1741,94,9403,81,82,93,,,,,,,,,,,,,,,,,,,,,,,,,,,,,
"",176405,5171,-9.42273,147.06664,B,06/20/2021 06:57:26,Argos,0,14,SR,,401677193.23,06/20/2021 06:57:34,1,2,0,-133,401677193.23,147.06664,-9.42273,147.06664,-9.42273,0,3,3934,8888,1741,94,9403,100,134,0,,,,,,,,,,,,,,,,,,,,,,,,,,,,,
"",176405,5171,-9.39017,147.05946,0,06/24/2021 06:36:56,Argos,0,85,SR,,401677187.19,06/24/2021 06:36:13,1,5,0,-136,401677187.19,147.05946,-9.39017,147.05946,-9.39017,50,3,1960,15053,255,36,5537,22,75,24,,,,,,,,,,,,,,,,,,,,,,,,,,,,,
"",176405,5171,-9.39017,147.05946,0,06/24/2021 06:36:56,Argos,0,85,SR,,401677187.19,06/24/2021 06:36:28,1,5,0,-136,401677187.19,147.05946,-9.39017,147.05946,-9.39017,50,3,1960,15053,255,36,5537,79,108,5,,,,,,,,,,,,,,,,,,,,,,,,,,,,,
"",176405,5171,-9.39017,147.05946,0,06/24/2021 06:36:56,Argos,0,85,SR,,401677187.19,06/24/2021 06:36:56,1,5,0,-136,401677187.19,147.05946,-9.39017,147.05946,-9.39017,50,3,1960,15053,255,36,5537,116,142,0,,,,,,,,,,,,,,,,,,,,,,,,,,,,,
"",176405,5171,-9.39017,147.05946,0,06/24/2021 06:36:56,Argos,0,85,SR,,401677187.19,06/24/2021 06:37:25,1,5,0,-136,401677187.19,147.05946,-9.39017,147.05946,-9.39017,50,3,1960,15053,255,36,5537,69,208,131,220,168,40,58,164,108,26,110,107,84,193,243,28,1,255,255,214,177,255,192,,,,,,,,,
"",176405,5171,-9.39017,147.05946,0,06/24/2021 06:36:56,Argos,0,85,SR,,401677187.19,06/24/2021 06:37:39,1,5,0,-136,401677187.19,147.05946,-9.39017,147.05946,-9.39017,50,3,1960,15053,255,36,5537,22,203,24,,,,,,,,,,,,,,,,,,,,,,,,,,,,,
"",176405,5171,-9.40425,147.06318,A,06/25/2021 06:51:29,Argos,0,70,A1,,401677188.49,06/25/2021 06:51:25,1,3,0,-137,401677188.49,147.06318,-9.40425,147.06319,-9.40425,0,3,1456,9858,215,46,4108,73,82,5,,,,,,,,,,,,,,,,,,,,,,,,,,,,,
"",176405,5171,-9.40425,147.06318,A,06/25/2021 06:51:29,Argos,0,70,A1,,401677188.49,06/25/2021 06:52:07,2,3,0,-137,401677188.49,147.06318,-9.40425,147.06319,-9.40425,0,3,1456,9858,215,46,4108,10,0,16,,,,,,,,,,,,,,,,,,,,,,,,,,,,,
"",176405,5171,-9.41714,147.04066,2,06/30/2021 06:47:12,Argos,0,185,SR,,401677167.06,06/30/2021 06:46:14,1,9,0,-131,401677167.06,147.04066,-9.41714,147.04066,-9.41714,50,3,306,1427,65,164,814,88,22,103,,,,,,,,,,,,,,,,,,,,,,,,,,,,,
"",176405,5171,-9.41714,147.04066,2,06/30/2021 06:47:12,Argos,0,185,SR,,401677167.06,06/30/2021 06:46:43,1,9,0,-131,401677167.06,147.04066,-9.41714,147.04066,-9.41714,50,3,306,1427,65,164,814,10,0,16,,,,,,,,,,,,,,,,,,,,,,,,,,,,,
"",176405,5171,-9.41714,147.04066,2,06/30/2021 06:47:12,Argos,0,185,SR,,401677167.06,06/30/2021 06:46:57,1,9,0,-131,401677167.06,147.04066,-9.41714,147.04066,-9.41714,50,3,306,1427,65,164,814,22,75,24,,,,,,,,,,,,,,,,,,,,,,,,,,,,,
"",176405,5171,-9.41714,147.04066,2,06/30/2021 06:47:12,Argos,0,185,SR,,401677167.06,06/30/2021 06:47:11,2,9,0,-131,401677167.06,147.04066,-9.41714,147.04066,-9.41714,50,3,306,1427,65,164,814,67,96,5,,,,,,,,,,,,,,,,,,,,,,,,,,,,,
"",176405,5171,-9.41714,147.04066,2,06/30/2021 06:47:12,Argos,0,185,SR,,401677167.06,06/30/2021 06:47:25,1,9,0,-131,401677167.06,147.04066,-9.41714,147.04066,-9.41714,50,3,306,1427,65,164,814,81,27,71,,,,,,,,,,,,,,,,,,,,,,,,,,,,,
"",176405,5171,-9.41714,147.04066,2,06/30/2021 06:47:12,Argos,0,185,SR,,401677167.06,06/30/2021 06:48:51,1,9,0,-131,401677167.06,147.04066,-9.41714,147.04066,-9.41714,50,3,306,1427,65,164,814,83,33,103,,,,,,,,,,,,,,,,,,,,,,,,,,,,,
"",176405,5171,-9.41714,147.04066,2,06/30/2021 06:47:12,Argos,0,185,SR,,401677167.06,06/30/2021 06:49:05,2,9,0,-131,401677167.06,147.04066,-9.41714,147.04066,-9.41714,50,3,306,1427,65,164,814,99,141,0,,,,,,,,,,,,,,,,,,,,,,,,,,,,,
"",176405,5171,,,,,,,0,A1,,401650000,07/01/2021 06:54:31,1,1,0,-137,401650000,,,,,,,,,,,,65,56,131,220,168,104,58,164,96,155,136,65,212,217,111,56,1,255,255,213,145,127,192,,,,,,,,,
"",176405,5171,-9.4459,147.05308,A,07/03/2021 06:53:53,Argos,0,42,SR,,401677168.32,07/03/2021 06:53:34,1,3,0,-135,401677168.32,147.05308,-9.4459,147.05309,-9.4459,0,3,1975,7793,500,161,5580,22,75,24,,,,,,,,,,,,,,,,,,,,,,,,,,,,,
"",176405,5171,-9.4459,147.05308,A,07/03/2021 06:53:53,Argos,0,42,SR,,401677168.32,07/03/2021 06:53:49,1,3,0,-135,401677168.32,147.05308,-9.4459,147.05309,-9.4459,0,3,1975,7793,500,161,5580,70,97,5,,,,,,,,,,,,,,,,,,,,,,,,,,,,,
"",176405,5171,-9.4459,147.05308,A,07/03/2021 06:53:53,Argos,0,42,SR,,401677168.32,07/03/2021 06:54:17,1,3,0,-135,401677168.32,147.05308,-9.4459,147.05309,-9.4459,0,3,1975,7793,500,161,5580,102,140,0,,,,,,,,,,,,,,,,,,,,,,,,,,,,,
"",176405,5171,,,,,,,0,SR,,401650000,07/06/2021 06:57:06,1,1,0,-138,401650000,,,,,,,,,,,,102,140,0,,,,,,,,,,,,,,,,,,,,,,,,,,,,,
"",176405,5171,,,,,,,0,MC,,401650000,07/07/2021 23:58:29,1,1,1,-116,401650000,,,,,,,,,,,,32,92,224,0,0,0,0,0,0,0,0,0,255,163,0,159,92,192,0,0,0,0,0,0,0,0,0,255,196,0,255,
"",176405,5171,,,,,,,0,NN,,401650000,07/08/2021 00:38:58,1,1,0,-133,401650000,,,,,,,,,,,,33,92,224,0,0,0,0,0,0,0,0,0,255,163,0,159,92,192,0,0,0,0,0,0,0,0,0,255,196,0,255,
"",176405,5171,-9.42655,147.04176,2,07/10/2021 06:38:20,Argos,0,285,SR,,401677188.6,07/10/2021 06:36:12,1,4,0,-135,401677188.6,147.04176,-9.42655,147.04176,-9.42655,60,3,482,3782,61,63,1333,89,223,112,,,,,,,,,,,,,,,,,,,,,,,,,,,,,
"",176405,5171,-9.42655,147.04176,2,07/10/2021 06:38:20,Argos,0,285,SR,,401677188.6,07/10/2021 06:36:26,1,4,0,-135,401677188.6,147.04176,-9.42655,147.04176,-9.42655,60,3,482,3782,61,63,1333,98,140,64,,,,,,,,,,,,,,,,,,,,,,,,,,,,,
"",176405,5171,-9.42655,147.04176,2,07/10/2021 06:38:20,Argos,0,285,SR,,401677188.6,07/10/2021 06:39:46,1,4,0,-135,401677188.6,147.04176,-9.42655,147.04176,-9.42655,60,3,482,3782,61,63,1333,65,94,5,,,,,,,,,,,,,,,,,,,,,,,,,,,,,
"",176405,5171,-9.42655,147.04176,2,07/10/2021 06:38:20,Argos,0,285,SR,,401677188.6,07/10/2021 06:40:57,1,4,0,-135,401677188.6,147.04176,-9.42655,147.04176,-9.42655,60,3,482,3782,61,63,1333,64,95,5,,,,,,,,,,,,,,,,,,,,,,,,,,,,,
"",176405,5171,-9.43082,147.03304,B,07/13/2021 06:44:02,Argos,0,313,SR,,401677189.31,07/13/2021 06:41:26,1,2,0,-136,401677189.31,147.03304,-9.43082,147.03304,-9.43082,0,3,2863,71955,113,50,8094,67,112,5,,,,,,,,,,,,,,,,,,,,,,,,,,,,,
"",176405,5171,-9.43082,147.03304,B,07/13/2021 06:44:02,Argos,0,313,SR,,401677189.31,07/13/2021 06:46:39,1,2,0,-136,401677189.31,147.03304,-9.43082,147.03304,-9.43082,0,3,2863,71955,113,50,8094,102,140,0,,,,,,,,,,,,,,,,,,,,,,,,,,,,,
"",176405,5171,,,,,,,0,A1,,401650000,07/14/2021 06:50:12,1,1,0,-138,401650000,,,,,,,,,,,,81,21,117,,,,,,,,,,,,,,,,,,,,,,,,,,,,,
"",176405,5171,,,,,,,0,SR,,401650000,07/16/2021 06:53:13,1,1,0,-139,401650000,,,,,,,,,,,,80,62,119,,,,,,,,,,,,,,,,,,,,,,,,,,,,,
"",176405,5171,-9.42356,147.05043,B,07/19/2021 06:54:34,Argos,0,14,SR,,401677189.32,07/19/2021 06:54:28,1,2,0,-136,401677189.32,147.05043,-9.42356,147.05043,-9.42356,0,3,2726,5572,1333,173,7706,65,106,5,,,,,,,,,,,,,,,,,,,,,,,,,,,,,
"",176405,5171,-9.42356,147.05043,B,07/19/2021 06:54:34,Argos,0,14,SR,,401677189.32,07/19/2021 06:54:42,1,2,0,-136,401677189.32,147.05043,-9.42356,147.05043,-9.42356,0,3,2726,5572,1333,173,7706,93,28,122,,,,,,,,,,,,,,,,,,,,,,,,,,,,,
"",176405,5171,-9.42346,147.05106,B,07/19/2021 23:58:26,Argos,0,0,MB,,401677190.38,07/19/2021 23:58:27,1,1,0,-132,401677190.38,147.05106,-9.42346,147.05106,-9.42346,0,3,5072,6180,4163,176,14345,32,94,96,0,0,0,0,0,0,0,0,212,255,178,19,13,94,64,0,0,0,0,0,0,0,0,173,255,175,20,204,
"",176405,5171,,,,,,,0,NN,,401650000,07/27/2021 23:58:25,1,1,0,-133,401650000,,,,,,,,,,,,32,95,96,0,0,0,0,0,0,0,0,255,127,148,0,14,95,64,0,0,0,0,0,0,0,0,255,101,65,0,46,
"",176405,5171,,,,,,,0,MC,,401650000,07/31/2021 23:58:24,1,1,1,-119,401650000,,,,,,,,,,,,32,95,224,0,0,0,0,0,0,0,0,255,178,74,0,143,95,192,0,0,0,0,0,0,0,0,21,255,41,29,7,
"",176405,5171,-9.42148,147.04865,3,08/01/2021 06:52:34,Argos,0,299,SR,,401677179.24,08/01/2021 06:50:08,1,15,0,-134,401677179.24,147.04865,-9.42148,147.04865,-9.42148,50,3,200,846,47,88,483,90,253,134,,,,,,,,,,,,,,,,,,,,,,,,,,,,,
"",176405,5171,-9.42148,147.04865,3,08/01/2021 06:52:34,Argos,0,299,SR,,401677179.24,08/01/2021 06:52:30,1,15,0,-134,401677179.24,147.04865,-9.42148,147.04865,-9.42148,50,3,200,846,47,88,483,94,7,135,,,,,,,,,,,,,,,,,,,,,,,,,,,,,
"",176405,5171,-9.42148,147.04865,3,08/01/2021 06:52:34,Argos,0,299,SR,,401677179.24,08/01/2021 06:52:44,2,15,0,-134,401677179.24,147.04865,-9.42148,147.04865,-9.42148,50,3,200,846,47,88,483,102,140,0,,,,,,,,,,,,,,,,,,,,,,,,,,,,,
"",176405,5171,-9.42148,147.04865,3,08/01/2021 06:52:34,Argos,0,299,SR,,401677179.24,08/01/2021 06:53:27,2,15,0,-134,401677179.24,147.04865,-9.42148,147.04865,-9.42148,50,3,200,846,47,88,483,78,73,5,,,,,,,,,,,,,,,,,,,,,,,,,,,,,
"",176405,5171,-9.42148,147.04865,3,08/01/2021 06:52:34,Argos,0,299,SR,,401677179.24,08/01/2021 06:53:41,1,15,0,-134,401677179.24,147.04865,-9.42148,147.04865,-9.42148,50,3,200,846,47,88,483,217,12,135,,,,,,,,,,,,,,,,,,,,,,,,,,,,,
"",176405,5171,-9.42148,147.04865,3,08/01/2021 06:52:34,Argos,0,299,SR,,401677179.24,08/01/2021 06:53:56,1,15,0,-134,401677179.24,147.04865,-9.42148,147.04865,-9.42148,50,3,200,846,47,88,483,102,140,8,,,,,,,,,,,,,,,,,,,,,,,,,,,,,
"",176405,5171,-9.42148,147.04865,3,08/01/2021 06:52:34,Argos,0,299,SR,,401677179.24,08/01/2021 06:54:10,3,15,0,-134,401677179.24,147.04865,-9.42148,147.04865,-9.42148,50,3,200,846,47,88,483,10,0,16,,,,,,,,,,,,,,,,,,,,,,,,,,,,,
"",176405,5171,-9.42148,147.04865,3,08/01/2021 06:52:34,Argos,0,299,SR,,401677179.24,08/01/2021 06:54:38,4,15,0,-134,401677179.24,147.04865,-9.42148,147.04865,-9.42148,50,3,200,846,47,88,483,22,75,24,,,,,,,,,,,,,,,,,,,,,,,,,,,,,
"",176405,5171,-9.41707,147.02767,B,08/02/2021 06:53:39,Argos,0,27,A1,,401677185.4,08/02/2021 06:53:25,1,2,0,-139,401677185.4,147.02767,-9.41707,147.02766,-9.41707,0,3,2766,11869,644,104,7819,67,64,5,,,,,,,,,,,,,,,,,,,,,,,,,,,,,
"",176405,5171,-9.41707,147.02767,B,08/02/2021 06:53:39,Argos,0,27,A1,,401677185.4,08/02/2021 06:53:53,1,2,0,-139,401677185.4,147.02767,-9.41707,147.02766,-9.41707,0,3,2766,11869,644,104,7819,109,139,0,,,,,,,,,,,,,,,,,,,,,,,,,,,,,
"",176405,5171,-9.42203,147.04533,2,08/04/2021 06:56:15,Argos,0,185,SR,,401677189.22,08/04/2021 06:54:22,1,8,0,-131,401677189.22,147.04533,-9.42203,147.04533,-9.42203,50,3,415,1232,139,35,1010,109,139,0,,,,,,,,,,,,,,,,,,,,,,,,,,,,,
"",176405,5171,-9.42203,147.04533,2,08/04/2021 06:56:15,Argos,0,185,SR,,401677189.22,08/04/2021 06:56:01,1,8,0,-131,401677189.22,147.04533,-9.42203,147.04533,-9.42203,50,3,415,1232,139,35,1010,22,75,24,,,,,,,,,,,,,,,,,,,,,,,,,,,,,
"",176405,5171,-9.42203,147.04533,2,08/04/2021 06:56:15,Argos,0,185,SR,,401677189.22,08/04/2021 06:56:30,1,8,0,-131,401677189.22,147.04533,-9.42203,147.04533,-9.42203,50,3,415,1232,139,35,1010,81,15,138,,,,,,,,,,,,,,,,,,,,,,,,,,,,,
"",176405,5171,-9.42203,147.04533,2,08/04/2021 06:56:15,Argos,0,185,SR,,401677189.22,08/04/2021 06:56:44,1,8,0,-131,401677189.22,147.04533,-9.42203,147.04533,-9.42203,50,3,415,1232,139,35,1010,102,140,0,,,,,,,,,,,,,,,,,,,,,,,,,,,,,
"",176405,5171,-9.42203,147.04533,2,08/04/2021 06:56:15,Argos,0,185,SR,,401677189.22,08/04/2021 06:56:58,2,8,0,-131,401677189.22,147.04533,-9.42203,147.04533,-9.42203,50,3,415,1232,139,35,1010,10,0,16,,,,,,,,,,,,,,,,,,,,,,,,,,,,,
"",176405,5171,-9.42203,147.04533,2,08/04/2021 06:56:15,Argos,0,185,SR,,401677189.22,08/04/2021 06:57:27,2,8,0,-131,401677189.22,147.04533,-9.42203,147.04533,-9.42203,50,3,415,1232,139,35,1010,76,83,5,,,,,,,,,,,,,,,,,,,,,,,,,,,,,
"",176405,5171,-9.4212,147.04484,B,08/04/2021 23:58:23,Argos,0,0,NN,,401677188.29,08/04/2021 23:58:23,1,1,0,-137,401677188.29,147.04484,-9.4212,147.04485,-9.4212,0,3,4381,4685,4096,111,12049,32,104,128,2,0,64,65,42,3,0,68,168,127,171,4,161,113,102,0,64,128,65,40,64,0,16,226,255,185,32,221,
"",176405,5171,-9.42618,147.04727,A,08/05/2021 06:26:07,Argos,0,27,SR,,401677187.76,08/05/2021 06:25:54,1,3,0,-136,401677187.76,147.04727,-9.42618,147.04727,-9.42618,8,2,2886,5964,1396,60,8159,99,141,0,,,,,,,,,,,,,,,,,,,,,,,,,,,,,
"",176405,5171,-9.42618,147.04727,A,08/05/2021 06:26:07,Argos,0,27,SR,,401677187.76,08/05/2021 06:26:08,1,3,0,-136,401677187.76,147.04727,-9.42618,147.04727,-9.42618,8,2,2886,5964,1396,60,8159,86,80,131,220,168,40,58,164,98,153,187,44,21,21,39,26,1,255,255,212,1,127,192,,,,,,,,,
"",176405,5171,-9.42618,147.04727,A,08/05/2021 06:26:07,Argos,0,27,SR,,401677187.76,08/05/2021 06:26:22,1,3,0,-136,401677187.76,147.04727,-9.42618,147.04727,-9.42618,8,2,2886,5964,1396,60,8159,10,0,16,,,,,,,,,,,,,,,,,,,,,,,,,,,,,
"",176405,5171,-9.42348,147.03526,0,08/08/2021 06:32:23,Argos,0,156,SR,,401677189.78,08/08/2021 06:31:34,1,4,0,-137,401677189.78,147.03526,-9.42348,147.03526,-9.42348,50,3,3853,50154,296,70,4820,10,0,16,,,,,,,,,,,,,,,,,,,,,,,,,,,,,
"",176405,5171,-9.42348,147.03526,0,08/08/2021 06:32:23,Argos,0,156,SR,,401677189.78,08/08/2021 06:31:48,1,4,0,-137,401677189.78,147.03526,-9.42348,147.03526,-9.42348,50,3,3853,50154,296,70,4820,22,73,8,,,,,,,,,,,,,,,,,,,,,,,,,,,,,
"",176405,5171,-9.42348,147.03526,0,08/08/2021 06:32:23,Argos,0,156,SR,,401677189.78,08/08/2021 06:32:02,1,4,0,-137,401677189.78,147.03526,-9.42348,147.03526,-9.42348,50,3,3853,50154,296,70,4820,77,70,5,,,,,,,,,,,,,,,,,,,,,,,,,,,,,
"",176405,5171,-9.42348,147.03526,0,08/08/2021 06:32:23,Argos,0,156,SR,,401677189.78,08/08/2021 06:34:10,1,4,0,-137,401677189.78,147.03526,-9.42348,147.03526,-9.42348,50,3,3853,50154,296,70,4820,22,73,24,,,,,,,,,,,,,,,,,,,,,,,,,,,,,
"",176405,5171,-9.42788,147.05494,1,08/11/2021 06:40:23,Argos,0,185,SR,,401677192.49,08/11/2021 06:40:35,2,5,0,-135,401677192.49,147.05494,-9.42788,147.05495,-9.42788,50,3,1216,15924,92,81,3428,10,0,16,,,,,,,,,,,,,,,,,,,,,,,,,,,,,
"",176405,5171,-9.42788,147.05494,1,08/11/2021 06:40:23,Argos,0,185,SR,,401677192.49,08/11/2021 06:40:49,1,5,0,-135,401677192.49,147.05494,-9.42788,147.05495,-9.42788,50,3,1216,15924,92,81,3428,22,75,24,,,,,,,,,,,,,,,,,,,,,,,,,,,,,
"",176405,5171,-9.42788,147.05494,1,08/11/2021 06:40:23,Argos,0,185,SR,,401677192.49,08/11/2021 06:41:03,1,5,0,-135,401677192.49,147.05494,-9.42788,147.05495,-9.42788,50,3,1216,15924,92,81,3428,71,84,5,,,,,,,,,,,,,,,,,,,,,,,,,,,,,
"",176405,5171,-9.42788,147.05494,1,08/11/2021 06:40:23,Argos,0,185,SR,,401677192.49,08/11/2021 06:41:18,1,5,0,-135,401677192.49,147.05494,-9.42788,147.05495,-9.42788,50,3,1216,15924,92,81,3428,94,203,144,,,,,,,,,,,,,,,,,,,,,,,,,,,,,
"",176405,5171,-9.41675,146.98661,1,08/14/2021 06:46:43,Argos,0,128,SR,,401677176.8,08/14/2021 06:46:02,1,9,0,-135,401677176.8,146.98661,-9.41675,146.9866,-9.41675,50,3,1303,15108,112,98,3675,22,75,88,,,,,,,,,,,,,,,,,,,,,,,,,,,,,
"",176405,5171,-9.41675,146.98661,1,08/14/2021 06:46:43,Argos,0,128,SR,,401677176.8,08/14/2021 06:46:16,1,9,0,-135,401677176.8,146.98661,-9.41675,146.9866,-9.41675,50,3,1303,15108,112,98,3675,73,82,5,,,,,,,,,,,,,,,,,,,,,,,,,,,,,
"",176405,5171,-9.41675,146.98661,1,08/14/2021 06:46:43,Argos,0,128,SR,,401677176.8,08/14/2021 06:46:31,1,9,0,-135,401677176.8,146.98661,-9.41675,146.9866,-9.41675,50,3,1303,15108,112,98,3675,84,216,147,,,,,,,,,,,,,,,,,,,,,,,,,,,,,
"",176405,5171,-9.41675,146.98661,1,08/14/2021 06:46:43,Argos,0,128,SR,,401677176.8,08/14/2021 06:46:45,2,9,0,-135,401677176.8,146.98661,-9.41675,146.9866,-9.41675,50,3,1303,15108,112,98,3675,102,140,0,,,,,,,,,,,,,,,,,,,,,,,,,,,,,
"",176405,5171,-9.41675,146.98661,1,08/14/2021 06:46:43,Argos,0,128,SR,,401677176.8,08/14/2021 06:46:59,1,9,0,-135,401677176.8,146.98661,-9.41675,146.9866,-9.41675,50,3,1303,15108,112,98,3675,69,240,131,220,168,40,58,164,103,27,9,172,21,39,181,24,1,255,255,213,49,127,192,,,,,,,,,
"",176405,5171,-9.41675,146.98661,1,08/14/2021 06:46:43,Argos,0,128,SR,,401677176.8,08/14/2021 06:47:13,1,9,0,-135,401677176.8,146.98661,-9.41675,146.9866,-9.41675,50,3,1303,15108,112,98,3675,10,0,16,,,,,,,,,,,,,,,,,,,,,,,,,,,,,
"",176405,5171,-9.41675,146.98661,1,08/14/2021 06:46:43,Argos,0,128,SR,,401677176.8,08/14/2021 06:47:27,1,9,0,-135,401677176.8,146.98661,-9.41675,146.9866,-9.41675,50,3,1303,15108,112,98,3675,22,75,24,,,,,,,,,,,,,,,,,,,,,,,,,,,,,
"",176405,5171,-9.41675,146.98661,1,08/14/2021 06:46:43,Argos,0,128,SR,,401677176.8,08/14/2021 06:47:42,1,9,0,-135,401677176.8,146.98661,-9.41675,146.9866,-9.41675,50,3,1303,15108,112,98,3675,76,83,5,,,,,,,,,,,,,,,,,,,,,,,,,,,,,
"",176405,5171,-9.42428,147.02254,0,08/15/2021 06:47:40,Argos,0,70,A1,,401677185.17,08/15/2021 06:46:58,1,4,0,-136,401677185.17,147.02254,-9.42428,147.02254,-9.42428,50,3,4080,33047,503,78,5577,102,140,0,,,,,,,,,,,,,,,,,,,,,,,,,,,,,
"",176405,5171,-9.42428,147.02254,0,08/15/2021 06:47:40,Argos,0,70,A1,,401677185.17,08/15/2021 06:47:41,1,4,0,-136,401677185.17,147.02254,-9.42428,147.02254,-9.42428,50,3,4080,33047,503,78,5577,65,90,5,,,,,,,,,,,,,,,,,,,,,,,,,,,,,
"",176405,5171,-9.42428,147.02254,0,08/15/2021 06:47:40,Argos,0,70,A1,,401677185.17,08/15/2021 06:47:55,1,4,0,-136,401677185.17,147.02254,-9.42428,147.02254,-9.42428,50,3,4080,33047,503,78,5577,95,226,148,,,,,,,,,,,,,,,,,,,,,,,,,,,,,
"",176405,5171,-9.42428,147.02254,0,08/15/2021 06:47:40,Argos,0,70,A1,,401677185.17,08/15/2021 06:48:09,1,4,0,-136,401677185.17,147.02254,-9.42428,147.02254,-9.42428,50,3,4080,33047,503,78,5577,109,139,0,,,,,,,,,,,,,,,,,,,,,,,,,,,,,
"",176405,5171,-9.42377,147.03798,2,08/17/2021 06:51:56,Argos,0,285,SR,,401677186.77,08/17/2021 06:49:48,1,10,0,-134,401677186.77,147.03798,-9.42377,147.03798,-9.42377,60,3,297,1133,77,70,789,109,139,0,,,,,,,,,,,,,,,,,,,,,,,,,,,,,
"",176405,5171,-9.42377,147.03798,2,08/17/2021 06:51:56,Argos,0,285,SR,,401677186.77,08/17/2021 06:51:14,1,10,0,-134,401677186.77,147.03798,-9.42377,147.03798,-9.42377,60,3,297,1133,77,70,789,8,1,16,,,,,,,,,,,,,,,,,,,,,,,,,,,,,
"",176405,5171,-9.42377,147.03798,2,08/17/2021 06:51:56,Argos,0,285,SR,,401677186.77,08/17/2021 06:52:39,2,10,0,-134,401677186.77,147.03798,-9.42377,147.03798,-9.42377,60,3,297,1133,77,70,789,22,75,24,,,,,,,,,,,,,,,,,,,,,,,,,,,,,
"",176405,5171,-9.42377,147.03798,2,08/17/2021 06:51:56,Argos,0,285,SR,,401677186.77,08/17/2021 06:52:53,1,10,0,-134,401677186.77,147.03798,-9.42377,147.03798,-9.42377,60,3,297,1133,77,70,789,75,72,5,,,,,,,,,,,,,,,,,,,,,,,,,,,,,
"",176405,5171,-9.42377,147.03798,2,08/17/2021 06:51:56,Argos,0,285,SR,,401677186.77,08/17/2021 06:53:07,1,10,0,-134,401677186.77,147.03798,-9.42377,147.03798,-9.42377,60,3,297,1133,77,70,789,82,245,150,,,,,,,,,,,,,,,,,,,,,,,,,,,,,
"",176405,5171,-9.42377,147.03798,2,08/17/2021 06:51:56,Argos,0,285,SR,,401677186.77,08/17/2021 06:53:22,1,10,0,-134,401677186.77,147.03798,-9.42377,147.03798,-9.42377,60,3,297,1133,77,70,789,102,140,0,,,,,,,,,,,,,,,,,,,,,,,,,,,,,
"",176405,5171,-9.42377,147.03798,2,08/17/2021 06:51:56,Argos,0,285,SR,,401677186.77,08/17/2021 06:53:36,3,10,0,-134,401677186.77,147.03798,-9.42377,147.03798,-9.42377,60,3,297,1133,77,70,789,10,0,16,,,,,,,,,,,,,,,,,,,,,,,,,,,,,
"",176405,5171,-9.41365,147.04838,3,08/20/2021 06:55:53,Argos,0,170,SR,,401677196.34,08/20/2021 06:55:30,1,10,0,-131,401677196.34,147.04838,-9.41365,147.04839,-9.41365,50,3,236,886,62,24,596,6,75,24,,,,,,,,,,,,,,,,,,,,,,,,,,,,,
"",176405,5171,-9.41365,147.04838,3,08/20/2021 06:55:53,Argos,0,170,SR,,401677196.34,08/20/2021 06:55:58,1,10,0,-131,401677196.34,147.04838,-9.41365,147.04839,-9.41365,50,3,236,886,62,24,596,90,248,153,,,,,,,,,,,,,,,,,,,,,,,,,,,,,
"",176405,5171,-9.41365,147.04838,3,08/20/2021 06:55:53,Argos,0,170,SR,,401677196.34,08/20/2021 06:56:12,1,10,0,-131,401677196.34,147.04838,-9.41365,147.04839,-9.41365,50,3,236,886,62,24,596,109,139,0,,,,,,,,,,,,,,,,,,,,,,,,,,,,,
"",176405,5171,-9.41365,147.04838,3,08/20/2021 06:55:53,Argos,0,170,SR,,401677196.34,08/20/2021 06:56:27,2,10,0,-131,401677196.34,147.04838,-9.41365,147.04839,-9.41365,50,3,236,886,62,24,596,10,0,16,,,,,,,,,,,,,,,,,,,,,,,,,,,,,
"",176405,5171,-9.41365,147.04838,3,08/20/2021 06:55:53,Argos,0,170,SR,,401677196.34,08/20/2021 06:56:41,2,10,0,-131,401677196.34,147.04838,-9.41365,147.04839,-9.41365,50,3,236,886,62,24,596,22,75,24,,,,,,,,,,,,,,,,,,,,,,,,,,,,,
"",176405,5171,-9.41365,147.04838,3,08/20/2021 06:55:53,Argos,0,170,SR,,401677196.34,08/20/2021 06:56:55,2,10,0,-131,401677196.34,147.04838,-9.41365,147.04839,-9.41365,50,3,236,886,62,24,596,65,90,5,,,,,,,,,,,,,,,,,,,,,,,,,,,,,
"",176405,5171,-9.41365,147.04838,3,08/20/2021 06:55:53,Argos,0,170,SR,,401677196.34,08/20/2021 06:57:09,1,10,0,-131,401677196.34,147.04838,-9.41365,147.04839,-9.41365,50,3,236,886,62,24,596,91,253,153,,,,,,,,,,,,,,,,,,,,,,,,,,,,,
"",176405,5171,-9.41536,147.05345,B,08/21/2021 06:25:50,Argos,0,0,SR,,401677196.63,08/21/2021 06:25:51,1,1,0,-139,401677196.63,147.05345,-9.41536,147.05345,-9.41536,0,3,4204,7306,2418,117,11888,22,75,24,,,,,,,,,,,,,,,,,,,,,,,,,,,,,
"",176405,5171,-9.42846,147.05484,0,08/21/2021 06:53:35,Argos,0,56,A1,,401677194.27,08/21/2021 06:53:07,1,5,0,-136,401677194.27,147.05484,-9.42846,147.05484,-9.42846,56,3,2944,26726,324,109,8323,18,67,24,,,,,,,,,,,,,,,,,,,,,,,,,,,,,
"",176405,5171,-9.42846,147.05484,0,08/21/2021 06:53:35,Argos,0,56,A1,,401677194.27,08/21/2021 06:53:21,1,5,0,-136,401677194.27,147.05484,-9.42846,147.05484,-9.42846,56,3,2944,26726,324,109,8323,70,97,5,,,,,,,,,,,,,,,,,,,,,,,,,,,,,
"",176405,5171,-9.42846,147.05484,0,08/21/2021 06:53:35,Argos,0,56,A1,,401677194.27,08/21/2021 06:53:36,1,5,0,-136,401677194.27,147.05484,-9.42846,147.05484,-9.42846,56,3,2944,26726,324,109,8323,93,242,154,,,,,,,,,,,,,,,,,,,,,,,,,,,,,
"",176405,5171,-9.42846,147.05484,0,08/21/2021 06:53:35,Argos,0,56,A1,,401677194.27,08/21/2021 06:53:50,1,5,0,-136,401677194.27,147.05484,-9.42846,147.05484,-9.42846,56,3,2944,26726,324,109,8323,102,140,0,,,,,,,,,,,,,,,,,,,,,,,,,,,,,
"",176405,5171,-9.42846,147.05484,0,08/21/2021 06:53:35,Argos,0,56,A1,,401677194.27,08/21/2021 06:54:04,1,5,0,-136,401677194.27,147.05484,-9.42846,147.05484,-9.42846,56,3,2944,26726,324,109,8323,10,0,16,,,,,,,,,,,,,,,,,,,,,,,,,,,,,
"",176405,5171,-9.41278,147.04733,B,08/22/2021 06:37:07,Argos,0,14,A1,,401677192.35,08/22/2021 06:37:00,1,2,0,-139,401677192.35,147.04733,-9.41278,147.04733,-9.41278,0,3,3051,6354,1465,78,8627,22,75,24,,,,,,,,,,,,,,,,,,,,,,,,,,,,,
"",176405,5171,-9.41278,147.04733,B,08/22/2021 06:37:07,Argos,0,14,A1,,401677192.35,08/22/2021 06:37:15,1,2,0,-139,401677192.35,147.04733,-9.41278,147.04733,-9.41278,0,3,3051,6354,1465,78,8627,65,106,4,,,,,,,,,,,,,,,,,,,,,,,,,,,,,
"",176405,5171,-9.40337,147.0606,A,08/24/2021 06:32:14,Argos,0,56,SR,,401677196.36,08/24/2021 06:31:46,1,3,0,-138,401677196.36,147.0606,-9.40337,147.0606,-9.40337,0,3,3464,19637,610,53,9794,84,141,157,,,,,,,,,,,,,,,,,,,,,,,,,,,,,
"",176405,5171,-9.40337,147.0606,A,08/24/2021 06:32:14,Argos,0,56,SR,,401677196.36,08/24/2021 06:32:14,1,3,0,-138,401677196.36,147.0606,-9.40337,147.0606,-9.40337,0,3,3464,19637,610,53,9794,10,0,16,,,,,,,,,,,,,,,,,,,,,,,,,,,,,
"",176405,5171,-9.40337,147.0606,A,08/24/2021 06:32:14,Argos,0,56,SR,,401677196.36,08/24/2021 06:32:43,1,3,0,-138,401677196.36,147.0606,-9.40337,147.0606,-9.40337,0,3,3464,19637,610,53,9794,73,82,37,,,,,,,,,,,,,,,,,,,,,,,,,,,,,
"",176405,5171,-9.40184,147.04824,B,08/24/2021 23:58:18,Argos,0,0,MC,,401677225.71,08/24/2021 23:58:19,1,1,0,-127,401677225.71,147.04824,-9.40184,147.04823,-9.40184,0,3,5593,8140,3842,53,15818,32,99,0,0,0,0,0,0,0,0,0,255,155,174,0,59,98,224,0,0,0,0,0,0,0,0,0,255,103,35,44,
"",176405,5171,-9.44252,147.07781,A,08/27/2021 06:40:21,Argos,0,28,SR,,401677213.82,08/27/2021 06:40:07,1,3,0,-136,401677213.82,147.07781,-9.44252,147.0778,-9.44252,0,3,9756,43770,2174,94,14934,138,0,16,,,,,,,,,,,,,,,,,,,,,,,,,,,,,
"",176405,5171,-9.44252,147.07781,A,08/27/2021 06:40:21,Argos,0,28,SR,,401677213.82,08/27/2021 06:40:22,1,3,0,-136,401677213.82,147.07781,-9.44252,147.0778,-9.44252,0,3,9756,43770,2174,94,14934,22,75,24,,,,,,,,,,,,,,,,,,,,,,,,,,,,,
"",176405,5171,-9.44252,147.07781,A,08/27/2021 06:40:21,Argos,0,28,SR,,401677213.82,08/27/2021 06:40:36,1,3,0,-136,401677213.82,147.07781,-9.44252,147.0778,-9.44252,0,3,9756,43770,2174,94,14934,74,172,5,,,,,,,,,,,,,,,,,,,,,,,,,,,,,
"",176405,5171,-9.44264,147.08368,B,08/27/2021 06:56:58,Argos,0,0,A1,,401677213.84,08/27/2021 06:56:59,1,1,0,-141,401677213.84,147.08368,-9.44264,147.08368,-9.44264,6,3,8925,35614,2236,95,13668,209,248,160,,,,,,,,,,,,,,,,,,,,,,,,,,,,,
"",176405,5171,-9.4544,147.07762,B,08/28/2021 06:43:13,Argos,0,0,A1,,401677217.62,08/28/2021 06:43:13,1,1,0,-139,401677217.62,147.07762,-9.4544,147.07762,-9.4544,0,3,8623,15918,4670,103,18674,84,208,3,222,168,40,58,164,110,26,205,129,21,67,113,24,0,255,255,220,209,127,192,,,,,,,,,
"",176405,5171,-9.4204,147.04943,2,08/30/2021 06:45:22,Argos,0,300,SR,,401677208.81,08/30/2021 06:42:22,1,5,0,-136,401677208.81,147.04943,-9.4204,147.04942,-9.4204,60,3,465,2422,89,59,1282,97,75,6,,,,,,,,,,,,,,,,,,,,,,,,,,,,,
"",176405,5171,-9.4204,147.04943,2,08/30/2021 06:45:22,Argos,0,300,SR,,401677208.81,08/30/2021 06:43:34,1,5,0,-136,401677208.81,147.04943,-9.4204,147.04942,-9.4204,60,3,465,2422,89,59,1282,74,76,4,,,,,,,,,,,,,,,,,,,,,,,,,,,,,
"",176405,5171,-9.4204,147.04943,2,08/30/2021 06:45:22,Argos,0,300,SR,,401677208.81,08/30/2021 06:46:39,1,5,0,-136,401677208.81,147.04943,-9.4204,147.04942,-9.4204,60,3,465,2422,89,59,1282,10,0,16,,,,,,,,,,,,,,,,,,,,,,,,,,,,,
"",176405,5171,-9.4204,147.04943,2,08/30/2021 06:45:22,Argos,0,300,SR,,401677208.81,08/30/2021 06:46:54,1,5,0,-136,401677208.81,147.04943,-9.4204,147.04942,-9.4204,60,3,465,2422,89,59,1282,22,75,28,,,,,,,,,,,,,,,,,,,,,,,,,,,,,
"",176405,5171,-9.4204,147.04943,2,08/30/2021 06:45:22,Argos,0,300,SR,,401677208.81,08/30/2021 06:47:22,1,5,0,-136,401677208.81,147.04943,-9.4204,147.04942,-9.4204,60,3,465,2422,89,59,1282,74,76,6,,,,,,,,,,,,,,,,,,,,,,,,,,,,,
"",176405,5171,-9.42472,147.04244,B,08/30/2021 23:58:18,Argos,0,0,NN,,401677214.66,08/30/2021 23:58:18,1,1,0,-133,401677214.66,147.04244,-9.42472,147.04243,-9.42472,0,3,4300,4560,4054,117,12160,32,99,192,0,0,0,0,0,0,0,0,255,246,255,243,171,99,160,0,0,0,0,0,0,0,24,106,255,132,75,179,
"",176405,5171,-9.42162,147.0371,1,09/02/2021 06:51:46,Argos,0,242,SR,,401677209.09,09/02/2021 06:49:22,1,7,0,-136,401677209.09,147.0371,-9.42162,147.0371,-9.42162,50,3,1025,5188,202,68,1191,109,139,0,,,,,,,,,,,,,,,,,,,,,,,,,,,,,
"",176405,5171,-9.42162,147.0371,1,09/02/2021 06:51:46,Argos,0,242,SR,,401677209.09,09/02/2021 06:51:45,1,7,0,-136,401677209.09,147.0371,-9.42162,147.0371,-9.42162,50,3,1025,5188,202,68,1191,102,140,0,,,,,,,,,,,,,,,,,,,,,,,,,,,,,
"",176405,5171,-9.42162,147.0371,1,09/02/2021 06:51:46,Argos,0,242,SR,,401677209.09,09/02/2021 06:51:59,1,7,0,-136,401677209.09,147.0371,-9.42162,147.0371,-9.42162,50,3,1025,5188,202,68,1191,10,0,16,,,,,,,,,,,,,,,,,,,,,,,,,,,,,
"",176405,5171,-9.42162,147.0371,1,09/02/2021 06:51:46,Argos,0,242,SR,,401677209.09,09/02/2021 06:52:56,1,7,0,-136,401677209.09,147.0371,-9.42162,147.0371,-9.42162,50,3,1025,5188,202,68,1191,102,132,0,,,,,,,,,,,,,,,,,,,,,,,,,,,,,
"",176405,5171,-9.42162,147.0371,1,09/02/2021 06:51:46,Argos,0,242,SR,,401677209.09,09/02/2021 06:53:10,1,7,0,-136,401677209.09,147.0371,-9.42162,147.0371,-9.42162,50,3,1025,5188,202,68,1191,10,0,80,,,,,,,,,,,,,,,,,,,,,,,,,,,,,
"",176405,5171,-9.42162,147.0371,1,09/02/2021 06:51:46,Argos,0,242,SR,,401677209.09,09/02/2021 06:53:24,2,7,0,-136,401677209.09,147.0371,-9.42162,147.0371,-9.42162,50,3,1025,5188,202,68,1191,22,75,24,,,,,,,,,,,,,,,,,,,,,,,,,,,,,
"",176405,5171,-9.42589,147.02584,A,09/03/2021 06:47:26,Argos,0,28,A1,,401677207.86,09/03/2021 06:47:12,1,3,0,-139,401677207.86,147.02584,-9.42589,147.02583,-9.42589,0,3,5426,20648,1425,95,7401,22,75,24,,,,,,,,,,,,,,,,,,,,,,,,,,,,,
"",176405,5171,-9.42589,147.02584,A,09/03/2021 06:47:26,Argos,0,28,A1,,401677207.86,09/03/2021 06:47:26,1,3,0,-139,401677207.86,147.02584,-9.42589,147.02583,-9.42589,0,3,5426,20648,1425,95,7401,65,139,5,,,,,,,,,,,,,,,,,,,,,,,,,,,,,
"",176405,5171,-9.42589,147.02584,A,09/03/2021 06:47:26,Argos,0,28,A1,,401677207.86,09/03/2021 06:47:41,1,3,0,-139,401677207.86,147.02584,-9.42589,147.02583,-9.42589,0,3,5426,20648,1425,95,7401,95,195,167,,,,,,,,,,,,,,,,,,,,,,,,,,,,,
"",176405,5171,-9.42727,147.04489,1,09/05/2021 06:54:54,Argos,0,114,SR,,401677209.33,09/05/2021 06:54:06,1,5,0,-132,401677209.33,147.04489,-9.42727,147.04489,-9.42727,50,3,1353,6965,262,174,2540,68,154,5,,,,,,,,,,,,,,,,,,,,,,,,,,,,,
"",176405,5171,-9.42727,147.04489,1,09/05/2021 06:54:54,Argos,0,114,SR,,401677209.33,09/05/2021 06:54:21,1,5,0,-132,401677209.33,147.04489,-9.42727,147.04489,-9.42727,50,3,1353,6965,262,174,2540,94,220,169,,,,,,,,,,,,,,,,,,,,,,,,,,,,,
"",176405,5171,-9.42727,147.04489,1,09/05/2021 06:54:54,Argos,0,114,SR,,401677209.33,09/05/2021 06:55:18,1,5,0,-132,401677209.33,147.04489,-9.42727,147.04489,-9.42727,50,3,1353,6965,262,174,2540,75,153,5,,,,,,,,,,,,,,,,,,,,,,,,,,,,,
"",176405,5171,-9.42727,147.04489,1,09/05/2021 06:54:54,Argos,0,114,SR,,401677209.33,09/05/2021 06:56:00,2,5,0,-132,401677209.33,147.04489,-9.42727,147.04489,-9.42727,50,3,1353,6965,262,174,2540,10,0,16,,,,,,,,,,,,,,,,,,,,,,,,,,,,,
"",176405,5171,,,,,,,0,NN,,401650000,09/07/2021 23:58:17,1,1,0,-133,401650000,,,,,,,,,,,,32,100,224,0,0,0,0,0,0,0,0,255,112,84,29,157,100,192,0,0,0,0,0,0,0,0,255,129,105,69,251,
"",176405,5171,-9.42662,147.05393,1,09/09/2021 06:33:23,Argos,0,242,SR,,401677211.93,09/09/2021 06:31:46,1,6,0,-134,401677211.93,147.05393,-9.42662,147.05392,-9.42662,50,3,583,3903,87,60,1311,10,0,16,,,,,,,,,,,,,,,,,,,,,,,,,,,,,
"",176405,5171,-9.42662,147.05393,1,09/09/2021 06:33:23,Argos,0,242,SR,,401677211.93,09/09/2021 06:33:54,1,6,0,-134,401677211.93,147.05393,-9.42662,147.05392,-9.42662,50,3,583,3903,87,60,1311,70,140,0,,,,,,,,,,,,,,,,,,,,,,,,,,,,,
"",176405,5171,-9.42662,147.05393,1,09/09/2021 06:33:23,Argos,0,242,SR,,401677211.93,09/09/2021 06:34:23,2,6,0,-134,401677211.93,147.05393,-9.42662,147.05392,-9.42662,50,3,583,3903,87,60,1311,22,75,24,,,,,,,,,,,,,,,,,,,,,,,,,,,,,
"",176405,5171,-9.42662,147.05393,1,09/09/2021 06:33:23,Argos,0,242,SR,,401677211.93,09/09/2021 06:34:37,1,6,0,-134,401677211.93,147.05393,-9.42662,147.05392,-9.42662,50,3,583,3903,87,60,1311,76,115,5,,,,,,,,,,,,,,,,,,,,,,,,,,,,,
"",176405,5171,-9.42662,147.05393,1,09/09/2021 06:33:23,Argos,0,242,SR,,401677211.93,09/09/2021 06:34:51,1,6,0,-134,401677211.93,147.05393,-9.42662,147.05392,-9.42662,50,3,583,3903,87,60,1311,92,133,173,,,,,,,,,,,,,,,,,,,,,,,,,,,,,
"",176405,5171,-9.42652,147.05405,B,09/09/2021 06:52:10,Argos,0,0,A1,,401677210.44,09/09/2021 06:52:10,1,1,0,-140,401677210.44,147.05405,-9.42652,147.05405,-9.42652,6,3,808,1174,555,61,2111,92,206,169,,,,,,,,,,,,,,,,,,,,,,,,,,,,,
"",176405,5171,-9.43145,147.05044,B,09/10/2021 06:36:16,Argos,0,0,A1,,401677211.22,09/10/2021 06:36:17,1,1,0,-141,401677211.22,147.05044,-9.43145,147.05045,-9.43145,0,3,4149,8055,2137,122,11734,91,143,174,,,,,,,,,,,,,,,,,,,,,,,,,,,,,
"",176405,5171,,,,,,,0,SR,,401650000,09/12/2021 06:40:48,1,1,0,-137,401650000,,,,,,,,,,,,10,0,16,,,,,,,,,,,,,,,,,,,,,,,,,,,,,
"",176405,5171,-9.42249,147.04131,2,09/15/2021 06:45:17,Argos,0,299,SR,,401677208.02,09/15/2021 06:41:54,1,4,0,-135,401677208.02,147.04131,-9.42249,147.0413,-9.42249,50,3,312,1536,63,38,835,88,155,179,,,,,,,,,,,,,,,,,,,,,,,,,,,,,
"",176405,5171,-9.42249,147.04131,2,09/15/2021 06:45:17,Argos,0,299,SR,,401677208.02,09/15/2021 06:45:42,1,4,0,-135,401677208.02,147.04131,-9.42249,147.0413,-9.42249,50,3,312,1536,63,38,835,100,156,128,,,,,,,,,,,,,,,,,,,,,,,,,,,,,
"",176405,5171,-9.42249,147.04131,2,09/15/2021 06:45:17,Argos,0,299,SR,,401677208.02,09/15/2021 06:46:39,1,4,0,-135,401677208.02,147.04131,-9.42249,147.0413,-9.42249,50,3,312,1536,63,38,835,92,175,179,,,,,,,,,,,,,,,,,,,,,,,,,,,,,
"",176405,5171,-9.42249,147.04131,2,09/15/2021 06:45:17,Argos,0,299,SR,,401677208.02,09/15/2021 06:46:53,1,4,0,-135,401677208.02,147.04131,-9.42249,147.0413,-9.42249,50,3,312,1536,63,38,835,66,16,131,220,168,40,58,164,103,155,9,65,85,103,97,24,1,255,255,213,177,127,192,,,,,,,,,
"",176405,5171,-9.42236,147.04134,B,09/15/2021 06:56:29,Argos,0,14,A1,,401677208.71,09/15/2021 06:56:22,1,2,0,-137,401677208.71,147.04134,-9.42236,147.04134,-9.42236,6,3,534,672,424,45,1480,75,88,5,,,,,,,,,,,,,,,,,,,,,,,,,,,,,
"",176405,5171,-9.42236,147.04134,B,09/15/2021 06:56:29,Argos,0,14,A1,,401677208.71,09/15/2021 06:56:37,1,2,0,-137,401677208.71,147.04134,-9.42236,147.04134,-9.42236,6,3,534,672,424,45,1480,81,217,179,,,,,,,,,,,,,,,,,,,,,,,,,,,,,
"",176405,5171,-9.42749,147.03786,B,09/16/2021 06:40:45,Argos,0,0,A1,,401677209.61,09/16/2021 06:40:45,1,1,0,-140,401677209.61,147.03786,-9.42749,147.03786,-9.42749,0,3,4086,8386,1990,123,11554,84,154,180,,,,,,,,,,,,,,,,,,,,,,,,,,,,,
"",176405,5171,-9.42128,147.0516,0,09/18/2021 06:53:01,Argos,0,142,SR,,401677210.03,09/18/2021 06:51:38,1,6,0,-136,401677210.03,147.0516,-9.42128,147.0516,-9.42128,50,3,4494,68881,293,95,6216,22,75,24,,,,,,,,,,,,,,,,,,,,,,,,,,,,,
"",176405,5171,-9.42128,147.0516,0,09/18/2021 06:53:01,Argos,0,142,SR,,401677210.03,09/18/2021 06:51:52,1,6,0,-136,401677210.03,147.0516,-9.42128,147.0516,-9.42128,50,3,4494,68881,293,95,6216,76,99,5,,,,,,,,,,,,,,,,,,,,,,,,,,,,,
"",176405,5171,-9.42128,147.0516,0,09/18/2021 06:53:01,Argos,0,142,SR,,401677210.03,09/18/2021 06:53:18,1,6,0,-136,401677210.03,147.0516,-9.42128,147.0516,-9.42128,50,3,4494,68881,293,95,6216,95,206,182,,,,,,,,,,,,,,,,,,,,,,,,,,,,,
"",176405,5171,-9.42128,147.0516,0,09/18/2021 06:53:01,Argos,0,142,SR,,401677210.03,09/18/2021 06:53:32,1,6,0,-136,401677210.03,147.0516,-9.42128,147.0516,-9.42128,50,3,4494,68881,293,95,6216,109,139,0,,,,,,,,,,,,,,,,,,,,,,,,,,,,,
"",176405,5171,-9.42128,147.0516,0,09/18/2021 06:53:01,Argos,0,142,SR,,401677210.03,09/18/2021 06:53:46,1,6,0,-136,401677210.03,147.0516,-9.42128,147.0516,-9.42128,50,3,4494,68881,293,95,6216,10,0,16,,,,,,,,,,,,,,,,,,,,,,,,,,,,,
"",176405,5171,-9.42128,147.0516,0,09/18/2021 06:53:01,Argos,0,142,SR,,401677210.03,09/18/2021 06:54:00,1,6,0,-136,401677210.03,147.0516,-9.42128,147.0516,-9.42128,50,3,4494,68881,293,95,6216,6,75,24,,,,,,,,,,,,,,,,,,,,,,,,,,,,,
"",176405,5171,-9.43161,147.03826,B,09/22/2021 06:26:30,Argos,0,85,SR,,401677210.77,09/22/2021 06:25:47,1,2,0,-139,401677210.77,147.03826,-9.43161,147.03825,-9.43161,0,3,4893,33159,722,53,8738,10,32,16,,,,,,,,,,,,,,,,,,,,,,,,,,,,,
"",176405,5171,-9.43161,147.03826,B,09/22/2021 06:26:30,Argos,0,85,SR,,401677210.77,09/22/2021 06:27:13,1,2,0,-139,401677210.77,147.03826,-9.43161,147.03825,-9.43161,0,3,4893,33159,722,53,8738,10,0,16,,,,,,,,,,,,,,,,,,,,,,,,,,,,,
"",176405,5171,-9.44056,147.02702,B,09/22/2021 06:46:34,Argos,0,14,A1,,401677205.22,09/22/2021 06:46:27,1,2,0,-139,401677205.22,147.02702,-9.44056,147.02702,-9.44056,6,3,1890,5666,630,58,5338,86,170,186,,,,,,,,,,,,,,,,,,,,,,,,,,,,,
"",176405,5171,-9.44056,147.02702,B,09/22/2021 06:46:34,Argos,0,14,A1,,401677205.22,09/22/2021 06:46:41,1,2,0,-139,401677205.22,147.02702,-9.44056,147.02702,-9.44056,6,3,1890,5666,630,58,5338,102,140,0,,,,,,,,,,,,,,,,,,,,,,,,,,,,,
"",176405,5171,,,,,,,0,SR,,401650000,09/25/2021 06:31:02,1,1,0,-139,401650000,,,,,,,,,,,,102,140,0,,,,,,,,,,,,,,,,,,,,,,,,,,,,,
"",176405,5171,-9.43633,147.05707,0,09/28/2021 06:40:31,Argos,0,56,SR,,401677209.18,09/28/2021 06:39:59,1,4,0,-135,401677209.18,147.05707,-9.43633,147.05707,-9.43633,50,3,7915,60696,1032,89,12014,102,140,0,,,,,,,,,,,,,,,,,,,,,,,,,,,,,
"",176405,5171,-9.43633,147.05707,0,09/28/2021 06:40:31,Argos,0,56,SR,,401677209.18,09/28/2021 06:40:28,1,4,0,-135,401677209.18,147.05707,-9.43633,147.05707,-9.43633,50,3,7915,60696,1032,89,12014,22,75,24,,,,,,,,,,,,,,,,,,,,,,,,,,,,,
"",176405,5171,-9.43633,147.05707,0,09/28/2021 06:40:31,Argos,0,56,SR,,401677209.18,09/28/2021 06:40:42,1,4,0,-135,401677209.18,147.05707,-9.43633,147.05707,-9.43633,50,3,7915,60696,1032,89,12014,67,112,5,,,,,,,,,,,,,,,,,,,,,,,,,,,,,
"",176405,5171,-9.43633,147.05707,0,09/28/2021 06:40:31,Argos,0,56,SR,,401677209.18,09/28/2021 06:40:56,1,4,0,-135,401677209.18,147.05707,-9.43633,147.05707,-9.43633,50,3,7915,60696,1032,89,12014,93,139,192,,,,,,,,,,,,,,,,,,,,,,,,,,,,,
"",176405,5171,,,,,,,0,NN,,401650000,09/30/2021 00:38:42,1,1,0,-133,401650000,,,,,,,,,,,,32,103,160,0,0,0,0,0,0,0,0,67,255,68,76,149,103,128,0,0,0,0,32,0,0,0,255,109,64,100,232,
"",176405,5171,-9.42626,147.03598,1,10/01/2021 06:46:05,Argos,0,242,SR,,401677204.71,10/01/2021 06:43:22,1,4,0,-135,401677204.71,147.03598,-9.42626,147.03598,-9.42626,50,3,670,6748,66,61,1873,22,75,24,,,,,,,,,,,,,,,,,,,,,,,,,,,,,
"",176405,5171,-9.42626,147.03598,1,10/01/2021 06:46:05,Argos,0,242,SR,,401677204.71,10/01/2021 06:46:42,1,4,0,-135,401677204.71,147.03598,-9.42626,147.03598,-9.42626,50,3,670,6748,66,61,1873,10,0,16,,,,,,,,,,,,,,,,,,,,,,,,,,,,,
"",176405,5171,-9.42626,147.03598,1,10/01/2021 06:46:05,Argos,0,242,SR,,401677204.71,10/01/2021 06:46:56,1,4,0,-135,401677204.71,147.03598,-9.42626,147.03598,-9.42626,50,3,670,6748,66,61,1873,90,208,131,220,168,40,58,164,96,155,10,128,213,135,55,24,1,255,255,219,145,127,192,,,,,,,,,
"",176405,5171,-9.42626,147.03598,1,10/01/2021 06:46:05,Argos,0,242,SR,,401677204.71,10/01/2021 06:47:24,1,4,0,-135,401677204.71,147.03598,-9.42626,147.03598,-9.42626,50,3,670,6748,66,61,1873,70,58,5,,,,,,,,,,,,,,,,,,,,,,,,,,,,,
"",176405,5171,-9.43001,147.02926,0,10/04/2021 06:52:52,Argos,0,142,SR,,401677199.11,10/04/2021 06:51:37,1,6,0,-136,401677199.11,147.02926,-9.43001,147.02927,-9.43001,50,3,2053,25926,162,95,2981,80,176,194,,,,,,,,,,,,,,,,,,,,,,,,,,,,,
"",176405,5171,-9.43001,147.02926,0,10/04/2021 06:52:52,Argos,0,142,SR,,401677199.11,10/04/2021 06:52:05,1,6,0,-136,401677199.11,147.02926,-9.43001,147.02927,-9.43001,50,3,2053,25926,162,95,2981,10,0,16,,,,,,,,,,,,,,,,,,,,,,,,,,,,,
"",176405,5171,-9.43001,147.02926,0,10/04/2021 06:52:52,Argos,0,142,SR,,401677199.11,10/04/2021 06:53:31,2,6,0,-136,401677199.11,147.02926,-9.43001,147.02927,-9.43001,50,3,2053,25926,162,95,2981,22,75,24,,,,,,,,,,,,,,,,,,,,,,,,,,,,,
"",176405,5171,-9.43001,147.02926,0,10/04/2021 06:52:52,Argos,0,142,SR,,401677199.11,10/04/2021 06:53:45,1,6,0,-136,401677199.11,147.02926,-9.43001,147.02927,-9.43001,50,3,2053,25926,162,95,2981,73,114,5,,,,,,,,,,,,,,,,,,,,,,,,,,,,,
"",176405,5171,-9.43001,147.02926,0,10/04/2021 06:52:52,Argos,0,142,SR,,401677199.11,10/04/2021 06:53:59,1,6,0,-136,401677199.11,147.02926,-9.43001,147.02927,-9.43001,50,3,2053,25926,162,95,2981,82,186,198,,,,,,,,,,,,,,,,,,,,,,,,,,,,,
"",176405,5171,-9.4303,147.02769,B,10/04/2021 06:55:02,Argos,0,14,A1,,401677195.75,10/04/2021 06:54:56,1,2,0,-141,401677195.75,147.02769,-9.4303,147.0277,-9.4303,6,3,1929,12545,296,95,3015,22,75,24,,,,,,,,,,,,,,,,,,,,,,,,,,,,,
"",176405,5171,-9.4303,147.02769,B,10/04/2021 06:55:02,Argos,0,14,A1,,401677195.75,10/04/2021 06:55:10,1,2,0,-141,401677195.75,147.02769,-9.4303,147.0277,-9.4303,6,3,1929,12545,296,95,3015,117,110,5,,,,,,,,,,,,,,,,,,,,,,,,,,,,,
"",176405,5171,-9.43,147.02516,B,10/05/2021 06:39:04,Argos,0,85,A1,,401677195.86,10/05/2021 06:38:22,1,2,0,-140,401677195.86,147.02516,-9.43,147.02516,-9.43,0,3,4887,42454,562,64,6207,110,140,0,,,,,,,,,,,,,,,,,,,,,,,,,,,,,
"",176405,5171,-9.43,147.02516,B,10/05/2021 06:39:04,Argos,0,85,A1,,401677195.86,10/05/2021 06:39:48,1,2,0,-140,401677195.86,147.02516,-9.43,147.02516,-9.43,0,3,4887,42454,562,64,6207,10,8,16,,,,,,,,,,,,,,,,,,,,,,,,,,,,,
"",176405,5171,-9.4297,147.05983,B,10/08/2021 06:27:34,Argos,0,14,SR,,401677192.41,10/08/2021 06:27:27,1,2,0,-138,401677192.41,147.05983,-9.4297,147.05983,-9.4297,0,3,4898,9181,2613,85,13854,80,69,202,,,,,,,,,,,,,,,,,,,,,,,,,,,,,
"",176405,5171,-9.4297,147.05983,B,10/08/2021 06:27:34,Argos,0,14,SR,,401677192.41,10/08/2021 06:27:41,1,2,0,-138,401677192.41,147.05983,-9.4297,147.05983,-9.4297,0,3,4898,9181,2613,85,13854,99,141,0,,,,,,,,,,,,,,,,,,,,,,,,,,,,,
"",176405,5171,,,,,,,0,NN,,401650000,10/11/2021 23:58:13,1,1,0,-128,401650000,,,,,,,,,,,,32,105,96,0,0,0,0,0,0,0,0,255,25,45,164,239,105,64,0,0,0,0,0,0,0,0,255,67,108,112,222,
"",176405,5171,-9.4168,147.07357,0,10/14/2021 06:40:33,Argos,0,56,SR,,401677187.97,10/14/2021 06:40:05,1,5,0,-137,401677187.97,147.07357,-9.4168,147.07356,-9.4168,50,3,6340,65336,615,89,15017,22,91,24,,,,,,,,,,,,,,,,,,,,,,,,,,,,,
"",176405,5171,-9.4168,147.07357,0,10/14/2021 06:40:33,Argos,0,56,SR,,401677187.97,10/14/2021 06:40:19,1,5,0,-137,401677187.97,147.07357,-9.4168,147.07356,-9.4168,50,3,6340,65336,615,89,15017,66,101,5,,,,,,,,,,,,,,,,,,,,,,,,,,,,,
"",176405,5171,-9.4168,147.07357,0,10/14/2021 06:40:33,Argos,0,56,SR,,401677187.97,10/14/2021 06:40:33,1,5,0,-137,401677187.97,147.07357,-9.4168,147.07356,-9.4168,50,3,6340,65336,615,89,15017,91,116,208,,,,,,,,,,,,,,,,,,,,,,,,,,,,,
"",176405,5171,-9.4168,147.07357,0,10/14/2021 06:40:33,Argos,0,56,SR,,401677187.97,10/14/2021 06:40:48,1,5,0,-137,401677187.97,147.07357,-9.4168,147.07356,-9.4168,50,3,6340,65336,615,89,15017,99,141,0,,,,,,,,,,,,,,,,,,,,,,,,,,,,,
"",176405,5171,-9.4168,147.07357,0,10/14/2021 06:40:33,Argos,0,56,SR,,401677187.97,10/14/2021 06:41:02,1,5,0,-137,401677187.97,147.07357,-9.4168,147.07356,-9.4168,50,3,6340,65336,615,89,15017,10,0,16,,,,,,,,,,,,,,,,,,,,,,,,,,,,,
"",176405,5171,-9.42235,147.03964,2,10/17/2021 06:45:50,Argos,0,300,SR,,401677177.3,10/17/2021 06:43:34,1,10,0,-134,401677177.3,147.03964,-9.42235,147.03964,-9.42235,50,3,349,2034,59,64,617,81,119,219,,,,,,,,,,,,,,,,,,,,,,,,,,,,,
"",176405,5171,-9.42235,147.03964,2,10/17/2021 06:45:50,Argos,0,300,SR,,401677177.3,10/17/2021 06:46:54,1,10,0,-134,401677177.3,147.03964,-9.42235,147.03964,-9.42235,50,3,349,2034,59,64,617,75,38,6,,,,,,,,,,,,,,,,,,,,,,,,,,,,,
"",176405,5171,-9.42235,147.03964,2,10/17/2021 06:45:50,Argos,0,300,SR,,401677177.3,10/17/2021 06:47:08,1,10,0,-134,401677177.3,147.03964,-9.42235,147.03964,-9.42235,50,3,349,2034,59,64,617,73,240,131,220,168,40,58,164,104,155,13,193,85,167,13,24,1,255,255,226,81,127,192,,,,,,,,,
"",176405,5171,-9.42235,147.03964,2,10/17/2021 06:45:50,Argos,0,300,SR,,401677177.3,10/17/2021 06:47:22,1,10,0,-134,401677177.3,147.03964,-9.42235,147.03964,-9.42235,50,3,349,2034,59,64,617,84,135,211,,,,,,,,,,,,,,,,,,,,,,,,,,,,,
"",176405,5171,-9.42114,147.04097,1,10/17/2021 06:48:22,Argos,0,99,A1,,401677178.9,10/17/2021 06:47:22,1,5,0,-138,401677178.9,147.04097,-9.42114,147.04097,-9.42114,56,3,769,1635,361,76,769,84,135,211,113,23,57,46,,,,,,,,,,,,,,,,,,,,,,,,,
"",176405,5171,-9.42235,147.03964,2,10/17/2021 06:45:50,Argos,0,300,SR,,401677177.3,10/17/2021 06:47:37,2,10,0,-134,401677177.3,147.03964,-9.42235,147.03964,-9.42235,50,3,349,2034,59,64,617,102,140,0,,,,,,,,,,,,,,,,,,,,,,,,,,,,,
"",176405,5171,-9.42235,147.03964,2,10/17/2021 06:45:50,Argos,0,300,SR,,401677177.3,10/17/2021 06:48:05,4,10,0,-134,401677177.3,147.03964,-9.42235,147.03964,-9.42235,50,3,349,2034,59,64,617,22,75,24,,,,,,,,,,,,,,,,,,,,,,,,,,,,,
"",176405,5171,-9.42114,147.04097,1,10/17/2021 06:48:22,Argos,0,99,A1,,401677178.9,10/17/2021 06:48:05,1,5,0,-138,401677178.9,147.04097,-9.42114,147.04097,-9.42114,56,3,769,1635,361,76,769,22,75,25,,,,,,,,,,,,,,,,,,,,,,,,,,,,,
"",176405,5171,-9.42114,147.04097,1,10/17/2021 06:48:22,Argos,0,99,A1,,401677178.9,10/17/2021 06:48:34,1,5,0,-138,401677178.9,147.04097,-9.42114,147.04097,-9.42114,56,3,769,1635,361,76,769,83,140,211,,,,,,,,,,,,,,,,,,,,,,,,,,,,,
"",176405,5171,-9.42114,147.04097,1,10/17/2021 06:48:22,Argos,0,99,A1,,401677178.9,10/17/2021 06:48:48,1,5,0,-138,401677178.9,147.04097,-9.42114,147.04097,-9.42114,56,3,769,1635,361,76,769,102,140,0,,,,,,,,,,,,,,,,,,,,,,,,,,,,,
"",176405,5171,-9.42114,147.04097,1,10/17/2021 06:48:22,Argos,0,99,A1,,401677178.9,10/17/2021 06:49:02,1,5,0,-138,401677178.9,147.04097,-9.42114,147.04097,-9.42114,56,3,769,1635,361,76,769,10,0,16,,,,,,,,,,,,,,,,,,,,,,,,,,,,,
"",176405,5171,,,,,,,0,NN,,401650000,10/19/2021 23:58:13,1,1,0,-133,401650000,,,,,,,,,,,,32,106,96,0,0,0,0,0,0,0,31,104,124,255,135,141,106,64,0,0,0,0,0,0,0,0,202,255,68,185,118,
"",176405,5171,-9.42234,147.02927,3,10/20/2021 06:52:12,Argos,0,286,SR,,401677180.24,10/20/2021 06:49:59,1,16,0,-132,401677180.24,147.02927,-9.42234,147.02927,-9.42234,50,3,223,882,56,69,362,64,17,6,,,,,,,,,,,,,,,,,,,,,,,,,,,,,
"",176405,5171,-9.42234,147.02927,3,10/20/2021 06:52:12,Argos,0,286,SR,,401677180.24,10/20/2021 06:50:28,1,16,0,-132,401677180.24,147.02927,-9.42234,147.02927,-9.42234,50,3,223,882,56,69,362,98,140,0,,,,,,,,,,,,,,,,,,,,,,,,,,,,,
"",176405,5171,-9.42234,147.02927,3,10/20/2021 06:52:12,Argos,0,286,SR,,401677180.24,10/20/2021 06:52:08,2,16,0,-132,401677180.24,147.02927,-9.42234,147.02927,-9.42234,50,3,223,882,56,69,362,22,75,24,,,,,,,,,,,,,,,,,,,,,,,,,,,,,
"",176405,5171,-9.42234,147.02927,3,10/20/2021 06:52:12,Argos,0,286,SR,,401677180.24,10/20/2021 06:52:22,1,16,0,-132,401677180.24,147.02927,-9.42234,147.02927,-9.42234,50,3,223,882,56,69,362,70,15,6,,,,,,,,,,,,,,,,,,,,,,,,,,,,,
"",176405,5171,-9.42234,147.02927,3,10/20/2021 06:52:12,Argos,0,286,SR,,401677180.24,10/20/2021 06:52:37,1,16,0,-132,401677180.24,147.02927,-9.42234,147.02927,-9.42234,50,3,223,882,56,69,362,86,158,214,,,,,,,,,,,,,,,,,,,,,,,,,,,,,
"",176405,5171,-9.42234,147.02927,3,10/20/2021 06:52:12,Argos,0,286,SR,,401677180.24,10/20/2021 06:53:20,1,16,0,-132,401677180.24,147.02927,-9.42234,147.02927,-9.42234,50,3,223,882,56,69,362,22,75,28,,,,,,,,,,,,,,,,,,,,,,,,,,,,,
"",176405,5171,-9.42234,147.02927,3,10/20/2021 06:52:12,Argos,0,286,SR,,401677180.24,10/20/2021 06:53:34,1,16,0,-132,401677180.24,147.02927,-9.42234,147.02927,-9.42234,50,3,223,882,56,69,362,73,12,6,,,,,,,,,,,,,,,,,,,,,,,,,,,,,
"",176405,5171,-9.42234,147.02927,3,10/20/2021 06:52:12,Argos,0,286,SR,,401677180.24,10/20/2021 06:53:48,1,16,0,-132,401677180.24,147.02927,-9.42234,147.02927,-9.42234,50,3,223,882,56,69,362,95,163,214,,,,,,,,,,,,,,,,,,,,,,,,,,,,,
"",176405,5171,-9.42234,147.02927,3,10/20/2021 06:52:12,Argos,0,286,SR,,401677180.24,10/20/2021 06:54:02,3,16,0,-132,401677180.24,147.02927,-9.42234,147.02927,-9.42234,50,3,223,882,56,69,362,102,140,0,,,,,,,,,,,,,,,,,,,,,,,,,,,,,
"",176405,5171,-9.42234,147.02927,3,10/20/2021 06:52:12,Argos,0,286,SR,,401677180.24,10/20/2021 06:54:17,4,16,0,-132,401677180.24,147.02927,-9.42234,147.02927,-9.42234,50,3,223,882,56,69,362,10,0,16,,,,,,,,,,,,,,,,,,,,,,,,,,,,,
"",176405,5171,,,,,,,0,MC,,401650000,10/21/2021 23:58:14,1,1,0,-131,401650000,,,,,,,,,,,,32,106,160,0,0,0,4,0,0,0,11,219,196,138,127,4,106,128,0,0,0,0,0,0,0,0,103,78,255,140,68,
"",176405,5171,-9.42188,147.04852,2,10/23/2021 06:52:32,Argos,0,185,A1,,401677188.95,10/23/2021 06:52:40,1,6,0,-137,401677188.95,147.04852,-9.42188,147.04852,-9.42188,50,3,309,1756,54,74,819,75,137,5,,,,,,,,,,,,,,,,,,,,,,,,,,,,,
"",176405,5171,-9.42188,147.04852,2,10/23/2021 06:52:32,Argos,0,185,A1,,401677188.95,10/23/2021 06:52:54,1,6,0,-137,401677188.95,147.04852,-9.42188,147.04852,-9.42188,50,3,309,1756,54,74,819,90,151,217,,,,,,,,,,,,,,,,,,,,,,,,,,,,,
"",176405,5171,-9.42188,147.04852,2,10/23/2021 06:52:32,Argos,0,185,A1,,401677188.95,10/23/2021 06:53:08,2,6,0,-137,401677188.95,147.04852,-9.42188,147.04852,-9.42188,50,3,309,1756,54,74,819,102,140,0,,,,,,,,,,,,,,,,,,,,,,,,,,,,,
"",176405,5171,-9.42188,147.04852,2,10/23/2021 06:52:32,Argos,0,185,A1,,401677188.95,10/23/2021 06:53:37,2,6,0,-137,401677188.95,147.04852,-9.42188,147.04852,-9.42188,50,3,309,1756,54,74,819,22,75,24,,,,,,,,,,,,,,,,,,,,,,,,,,,,,
"",176405,5171,-9.42124,147.04763,2,10/23/2021 06:55:56,Argos,0,128,SR,,401677194.31,10/23/2021 06:55:45,2,5,0,-135,401677194.31,147.04763,-9.42124,147.04762,-9.42124,56,3,375,513,273,11,654,10,0,16,,,,,,,,,,,,,,,,,,,,,,,,,,,,,
"",176405,5171,-9.42124,147.04763,2,10/23/2021 06:55:56,Argos,0,128,SR,,401677194.31,10/23/2021 06:56:14,1,5,0,-135,401677194.31,147.04763,-9.42124,147.04762,-9.42124,56,3,375,513,273,11,654,72,134,5,,,,,,,,,,,,,,,,,,,,,,,,,,,,,
"",176405,5171,-9.42124,147.04763,2,10/23/2021 06:55:56,Argos,0,128,SR,,401677194.31,10/23/2021 06:56:28,1,5,0,-135,401677194.31,147.04763,-9.42124,147.04762,-9.42124,56,3,375,513,273,11,654,95,166,217,,,,,,,,,,,,,,,,,,,,,,,,,,,,,
"",176405,5171,-9.42124,147.04763,2,10/23/2021 06:55:56,Argos,0,128,SR,,401677194.31,10/23/2021 06:56:42,1,5,0,-135,401677194.31,147.04763,-9.42124,147.04762,-9.42124,56,3,375,513,273,11,654,102,140,0,,,,,,,,,,,,,,,,,,,,,,,,,,,,,
"",176405,5171,-9.42214,147.04275,0,10/24/2021 06:26:59,Argos,0,129,SR,,401677194.04,10/24/2021 06:25:50,1,7,0,-137,401677194.04,147.04275,-9.42214,147.04276,-9.42214,50,3,1612,10915,238,57,4551,102,140,0,,,,,,,,,,,,,,,,,,,,,,,,,,,,,
"",176405,5171,-9.42214,147.04275,0,10/24/2021 06:26:59,Argos,0,129,SR,,401677194.04,10/24/2021 06:26:19,1,7,0,-137,401677194.04,147.04275,-9.42214,147.04276,-9.42214,50,3,1612,10915,238,57,4551,10,0,16,,,,,,,,,,,,,,,,,,,,,,,,,,,,,
"",176405,5171,-9.42214,147.04275,0,10/24/2021 06:26:59,Argos,0,129,SR,,401677194.04,10/24/2021 06:27:01,1,7,0,-137,401677194.04,147.04275,-9.42214,147.04276,-9.42214,50,3,1612,10915,238,57,4551,84,46,218,,,,,,,,,,,,,,,,,,,,,,,,,,,,,
"",176405,5171,-9.42214,147.04275,0,10/24/2021 06:26:59,Argos,0,129,SR,,401677194.04,10/24/2021 06:27:30,1,7,0,-137,401677194.04,147.04275,-9.42214,147.04276,-9.42214,50,3,1612,10915,238,57,4551,42,0,16,,,,,,,,,,,,,,,,,,,,,,,,,,,,,
"",176405,5171,-9.42214,147.04275,0,10/24/2021 06:26:59,Argos,0,129,SR,,401677194.04,10/24/2021 06:27:44,2,7,0,-137,401677194.04,147.04275,-9.42214,147.04276,-9.42214,50,3,1612,10915,238,57,4551,22,75,24,,,,,,,,,,,,,,,,,,,,,,,,,,,,,
"",176405,5171,-9.42214,147.04275,0,10/24/2021 06:26:59,Argos,0,129,SR,,401677194.04,10/24/2021 06:27:59,1,7,0,-137,401677194.04,147.04275,-9.42214,147.04276,-9.42214,50,3,1612,10915,238,57,4551,74,227,5,,,,,,,,,,,,,,,,,,,,,,,,,,,,,
"",176405,5171,-9.42187,147.04314,B,10/24/2021 06:37:29,Argos,0,0,A1,,401677192.26,10/24/2021 06:37:29,1,1,0,-138,401677192.26,147.04314,-9.42187,147.04314,-9.42187,6,3,1655,6800,402,57,4672,22,75,24,,,,,,,,,,,,,,,,,,,,,,,,,,,,,
"",176405,5171,-9.42582,147.03907,1,10/27/2021 06:33:25,Argos,0,214,SR,,401677194.86,10/27/2021 06:31:18,1,9,0,-137,401677194.86,147.03907,-9.42582,147.03906,-9.42582,50,3,1113,5327,232,58,1791,102,204,0,,,,,,,,,,,,,,,,,,,,,,,,,,,,,
"",176405,5171,-9.42582,147.03907,1,10/27/2021 06:33:25,Argos,0,214,SR,,401677194.86,10/27/2021 06:32:01,1,9,0,-137,401677194.86,147.03907,-9.42582,147.03906,-9.42582,50,3,1113,5327,232,58,1791,66,219,5,,,,,,,,,,,,,,,,,,,,,,,,,,,,,
"",176405,5171,-9.42582,147.03907,1,10/27/2021 06:33:25,Argos,0,214,SR,,401677194.86,10/27/2021 06:33:12,1,9,0,-137,401677194.86,147.03907,-9.42582,147.03906,-9.42582,50,3,1113,5327,232,58,1791,72,217,5,,,,,,,,,,,,,,,,,,,,,,,,,,,,,
"",176405,5171,-9.42582,147.03907,1,10/27/2021 06:33:25,Argos,0,214,SR,,401677194.86,10/27/2021 06:33:55,1,9,0,-137,401677194.86,147.03907,-9.42582,147.03906,-9.42582,50,3,1113,5327,232,58,1791,10,0,16,,,,,,,,,,,,,,,,,,,,,,,,,,,,,
"",176405,5171,-9.42582,147.03907,1,10/27/2021 06:33:25,Argos,0,214,SR,,401677194.86,10/27/2021 06:34:09,2,9,0,-137,401677194.86,147.03907,-9.42582,147.03906,-9.42582,50,3,1113,5327,232,58,1791,22,75,24,,,,,,,,,,,,,,,,,,,,,,,,,,,,,
"",176405,5171,-9.42582,147.03907,1,10/27/2021 06:33:25,Argos,0,214,SR,,401677194.86,10/27/2021 06:34:38,1,9,0,-137,401677194.86,147.03907,-9.42582,147.03906,-9.42582,50,3,1113,5327,232,58,1791,89,69,221,,,,,,,,,,,,,,,,,,,,,,,,,,,,,
"",176405,5171,-9.42582,147.03907,1,10/27/2021 06:33:25,Argos,0,214,SR,,401677194.86,10/27/2021 06:34:52,2,9,0,-137,401677194.86,147.03907,-9.42582,147.03906,-9.42582,50,3,1113,5327,232,58,1791,102,140,0,,,,,,,,,,,,,,,,,,,,,,,,,,,,,
"",176405,5171,-9.42256,147.03706,1,10/29/2021 06:56:02,Argos,0,214,A1,,401677183.6,10/29/2021 06:53:47,1,6,0,-136,401677183.6,147.03706,-9.42256,147.03706,-9.42256,50,3,592,3450,101,64,955,102,12,0,,,,,,,,,,,,,,,,,,,,,,,,,,,,,
"",176405,5171,-9.42256,147.03706,1,10/29/2021 06:56:02,Argos,0,214,A1,,401677183.6,10/29/2021 06:54:30,1,6,0,-136,401677183.6,147.03706,-9.42256,147.03706,-9.42256,50,3,592,3450,101,64,955,78,23,6,,,,,,,,,,,,,,,,,,,,,,,,,,,,,
"",176405,5171,-9.42256,147.03706,1,10/29/2021 06:56:02,Argos,0,214,A1,,401677183.6,10/29/2021 06:56:38,1,6,0,-136,401677183.6,147.03706,-9.42256,147.03706,-9.42256,50,3,592,3450,101,64,955,22,75,24,,,,,,,,,,,,,,,,,,,,,,,,,,,,,
"",176405,5171,-9.42256,147.03706,1,10/29/2021 06:56:02,Argos,0,214,A1,,401677183.6,10/29/2021 06:56:53,1,6,0,-136,401677183.6,147.03706,-9.42256,147.03706,-9.42256,50,3,592,3450,101,64,955,75,22,6,,,,,,,,,,,,,,,,,,,,,,,,,,,,,
"",176405,5171,-9.42256,147.03706,1,10/29/2021 06:56:02,Argos,0,214,A1,,401677183.6,10/29/2021 06:57:07,1,6,0,-136,401677183.6,147.03706,-9.42256,147.03706,-9.42256,50,3,592,3450,101,64,955,94,161,223,,,,,,,,,,,,,,,,,,,,,,,,,,,,,
"",176405,5171,-9.42256,147.03706,1,10/29/2021 06:56:02,Argos,0,214,A1,,401677183.6,10/29/2021 06:57:21,1,6,0,-136,401677183.6,147.03706,-9.42256,147.03706,-9.42256,50,3,592,3450,101,64,955,72,48,131,220,168,40,58,164,110,155,177,192,213,191,69,24,1,255,255,225,97,127,192,,,,,,,,,
"",176405,5171,-9.43501,147.0402,B,10/30/2021 00:38:45,Argos,0,0,MC,,401677186.27,10/30/2021 00:38:46,1,1,0,-130,401677186.27,147.0402,-9.43501,147.0402,-9.43501,0,3,5410,9938,2945,76,10245,32,107,160,0,0,0,64,0,0,64,0,78,171,65,255,112,106,132,32,0,128,72,0,0,0,0,252,171,182,255,116,
"",176405,5171,-9.41261,147.0478,1,10/30/2021 06:40:02,Argos,0,256,SR,,401677180.37,10/30/2021 06:40:07,1,9,0,-135,401677180.37,147.0478,-9.41261,147.0478,-9.41261,58,3,537,1935,149,56,1188,86,93,224,,,,,,,,,,,,,,,,,,,,,,,,,,,,,
"",176405,5171,-9.41261,147.0478,1,10/30/2021 06:40:02,Argos,0,256,SR,,401677180.37,10/30/2021 06:40:21,1,9,0,-135,401677180.37,147.0478,-9.41261,147.0478,-9.41261,58,3,537,1935,149,56,1188,102,140,0,,,,,,,,,,,,,,,,,,,,,,,,,,,,,
"",176405,5171,-9.41261,147.0478,1,10/30/2021 06:40:02,Argos,0,256,SR,,401677180.37,10/30/2021 06:40:36,2,9,0,-135,401677180.37,147.0478,-9.41261,147.0478,-9.41261,58,3,537,1935,149,56,1188,10,0,16,,,,,,,,,,,,,,,,,,,,,,,,,,,,,
"",176405,5171,-9.41261,147.0478,1,10/30/2021 06:40:02,Argos,0,256,SR,,401677180.37,10/30/2021 06:40:50,3,9,0,-135,401677180.37,147.0478,-9.41261,147.0478,-9.41261,58,3,537,1935,149,56,1188,22,75,24,,,,,,,,,,,,,,,,,,,,,,,,,,,,,
"",176405,5171,-9.41261,147.0478,1,10/30/2021 06:40:02,Argos,0,256,SR,,401677180.37,10/30/2021 06:41:04,1,9,0,-135,401677180.37,147.0478,-9.41261,147.0478,-9.41261,58,3,537,1935,149,56,1188,72,201,5,,,,,,,,,,,,,,,,,,,,,,,,,,,,,
"",176405,5171,-9.41261,147.0478,1,10/30/2021 06:40:02,Argos,0,256,SR,,401677180.37,10/30/2021 06:41:18,1,9,0,-135,401677180.37,147.0478,-9.41261,147.0478,-9.41261,58,3,537,1935,149,56,1188,85,98,224,,,,,,,,,,,,,,,,,,,,,,,,,,,,,
"",176405,5171,-9.41254,147.04776,B,10/30/2021 06:42:01,Argos,0,0,A1,,401677181.55,10/30/2021 06:42:01,1,1,0,-139,401677181.55,147.04776,-9.41254,147.04776,-9.41254,6,3,548,1326,226,56,1307,22,75,24,,,,,,,,,,,,,,,,,,,,,,,,,,,,,
"",176405,5171,,,,,,,0,MC,,401650000,10/31/2021 23:58:15,1,1,0,-131,401650000,,,,,,,,,,,,32,107,224,0,0,0,0,0,0,0,0,166,104,217,255,67,107,192,0,0,0,0,0,0,0,0,101,179,152,255,160,
"",176405,5171,-9.42658,147.04789,2,11/02/2021 06:45:29,Argos,0,285,SR,,401677182.57,11/02/2021 06:42:58,1,9,0,-135,401677182.57,147.04789,-9.42658,147.0479,-9.42658,50,3,355,2930,42,57,852,90,96,227,,,,,,,,,,,,,,,,,,,,,,,,,,,,,
"",176405,5171,-9.42658,147.04789,2,11/02/2021 06:45:29,Argos,0,285,SR,,401677182.57,11/02/2021 06:43:41,1,9,0,-135,401677182.57,147.04789,-9.42658,147.0479,-9.42658,50,3,355,2930,42,57,852,22,91,24,,,,,,,,,,,,,,,,,,,,,,,,,,,,,
"",176405,5171,-9.42658,147.04789,2,11/02/2021 06:45:29,Argos,0,285,SR,,401677182.57,11/02/2021 06:46:46,2,9,0,-135,401677182.57,147.04789,-9.42658,147.0479,-9.42658,50,3,355,2930,42,57,852,102,140,0,,,,,,,,,,,,,,,,,,,,,,,,,,,,,
"",176405,5171,-9.42658,147.04789,2,11/02/2021 06:45:29,Argos,0,285,SR,,401677182.57,11/02/2021 06:47:00,1,9,0,-135,401677182.57,147.04789,-9.42658,147.0479,-9.42658,50,3,355,2930,42,57,852,85,176,131,220,168,40,58,164,97,27,11,64,215,198,227,24,1,255,255,218,129,127,192,,,,,,,,,
"",176405,5171,-9.42658,147.04789,2,11/02/2021 06:45:29,Argos,0,285,SR,,401677182.57,11/02/2021 06:47:14,2,9,0,-135,401677182.57,147.04789,-9.42658,147.0479,-9.42658,50,3,355,2930,42,57,852,10,0,16,,,,,,,,,,,,,,,,,,,,,,,,,,,,,
"",176405,5171,-9.42658,147.04789,2,11/02/2021 06:45:29,Argos,0,285,SR,,401677182.57,11/02/2021 06:47:29,1,9,0,-135,401677182.57,147.04789,-9.42658,147.0479,-9.42658,50,3,355,2930,42,57,852,22,75,26,,,,,,,,,,,,,,,,,,,,,,,,,,,,,
"",176405,5171,-9.42658,147.04789,2,11/02/2021 06:45:29,Argos,0,285,SR,,401677182.57,11/02/2021 06:47:43,1,9,0,-135,401677182.57,147.04789,-9.42658,147.0479,-9.42658,50,3,355,2930,42,57,852,77,167,5,,,,,,,,,,,,,,,,,,,,,,,,,,,,,
"",176405,5171,,,,,,,0,A1,,401650000,11/04/2021 06:57:12,1,1,0,-140,401650000,,,,,,,,,,,,10,0,16,,,,,,,,,,,,,,,,,,,,,,,,,,,,,
"",176405,5171,-9.40666,147.0297,B,11/05/2021 06:46:10,Argos,0,14,A1,,401677185.7,11/05/2021 06:46:03,1,2,0,-138,401677185.7,147.0297,-9.40666,147.0297,-9.40666,0,3,3694,11333,1204,106,10443,102,140,0,,,,,,,,,,,,,,,,,,,,,,,,,,,,,
"",176405,5171,-9.40666,147.0297,B,11/05/2021 06:46:10,Argos,0,14,A1,,401677185.7,11/05/2021 06:46:17,1,2,0,-138,401677185.7,147.0297,-9.40666,147.0297,-9.40666,0,3,3694,11333,1204,106,10443,10,0,16,,,,,,,,,,,,,,,,,,,,,,,,,,,,,
"",176405,5171,-9.4227,147.0463,3,11/05/2021 06:51:57,Argos,0,328,SR,,401677187.42,11/05/2021 06:50:06,2,12,0,-132,401677187.42,147.0463,-9.4227,147.0463,-9.4227,50,3,190,666,54,60,316,10,0,16,,,,,,,,,,,,,,,,,,,,,,,,,,,,,
"",176405,5171,-9.4227,147.0463,3,11/05/2021 06:51:57,Argos,0,328,SR,,401677187.42,11/05/2021 06:52:00,1,12,0,-132,401677187.42,147.0463,-9.4227,147.0463,-9.4227,50,3,190,666,54,60,316,91,135,230,,,,,,,,,,,,,,,,,,,,,,,,,,,,,
"",176405,5171,-9.4227,147.0463,3,11/05/2021 06:51:57,Argos,0,328,SR,,401677187.42,11/05/2021 06:52:14,2,12,0,-132,401677187.42,147.0463,-9.4227,147.0463,-9.4227,50,3,190,666,54,60,316,109,139,0,,,,,,,,,,,,,,,,,,,,,,,,,,,,,
"",176405,5171,-9.4227,147.0463,3,11/05/2021 06:51:57,Argos,0,328,SR,,401677187.42,11/05/2021 06:52:57,1,12,0,-132,401677187.42,147.0463,-9.4227,147.0463,-9.4227,50,3,190,666,54,60,316,69,192,5,,,,,,,,,,,,,,,,,,,,,,,,,,,,,
"",176405,5171,-9.4227,147.0463,3,11/05/2021 06:51:57,Argos,0,328,SR,,401677187.42,11/05/2021 06:53:11,1,12,0,-132,401677187.42,147.0463,-9.4227,147.0463,-9.4227,50,3,190,666,54,60,316,92,140,230,,,,,,,,,,,,,,,,,,,,,,,,,,,,,
"",176405,5171,-9.4227,147.0463,3,11/05/2021 06:51:57,Argos,0,328,SR,,401677187.42,11/05/2021 06:53:54,3,12,0,-132,401677187.42,147.0463,-9.4227,147.0463,-9.4227,50,3,190,666,54,60,316,22,75,24,,,,,,,,,,,,,,,,,,,,,,,,,,,,,
"",176405,5171,-9.4227,147.0463,3,11/05/2021 06:51:57,Argos,0,328,SR,,401677187.42,11/05/2021 06:54:08,1,12,0,-132,401677187.42,147.0463,-9.4227,147.0463,-9.4227,50,3,190,666,54,60,316,69,191,5,,,,,,,,,,,,,,,,,,,,,,,,,,,,,
"",176405,5171,-9.4227,147.0463,3,11/05/2021 06:51:57,Argos,0,328,SR,,401677187.42,11/05/2021 06:54:22,1,12,0,-132,401677187.42,147.0463,-9.4227,147.0463,-9.4227,50,3,190,666,54,60,316,89,144,131,220,168,40,58,164,98,155,129,193,149,205,35,54,1,255,255,219,225,127,192,,,,,,,,,
"",176405,5171,-9.42853,147.03916,3,11/08/2021 06:56:02,Argos,0,200,SR,,401677181.69,11/08/2021 06:55:07,1,10,0,-135,401677181.69,147.03916,-9.42853,147.03915,-9.42853,50,3,216,636,73,24,421,74,76,6,,,,,,,,,,,,,,,,,,,,,,,,,,,,,
"",176405,5171,-9.42853,147.03916,3,11/08/2021 06:56:02,Argos,0,200,SR,,401677181.69,11/08/2021 06:55:21,1,10,0,-135,401677181.69,147.03916,-9.42853,147.03915,-9.42853,50,3,216,636,73,24,421,83,138,233,,,,,,,,,,,,,,,,,,,,,,,,,,,,,
"",176405,5171,-9.42853,147.03916,3,11/08/2021 06:56:02,Argos,0,200,SR,,401677181.69,11/08/2021 06:55:50,2,10,0,-135,401677181.69,147.03916,-9.42853,147.03915,-9.42853,50,3,216,636,73,24,421,10,0,16,,,,,,,,,,,,,,,,,,,,,,,,,,,,,
"",176405,5171,-9.42853,147.03916,3,11/08/2021 06:56:02,Argos,0,200,SR,,401677181.69,11/08/2021 06:56:04,2,10,0,-135,401677181.69,147.03916,-9.42853,147.03915,-9.42853,50,3,216,636,73,24,421,22,75,24,,,,,,,,,,,,,,,,,,,,,,,,,,,,,
"",176405,5171,-9.42853,147.03916,3,11/08/2021 06:56:02,Argos,0,200,SR,,401677181.69,11/08/2021 06:56:18,1,10,0,-135,401677181.69,147.03916,-9.42853,147.03915,-9.42853,50,3,216,636,73,24,421,194,68,6,,,,,,,,,,,,,,,,,,,,,,,,,,,,,
"",176405,5171,-9.42853,147.03916,3,11/08/2021 06:56:02,Argos,0,200,SR,,401677181.69,11/08/2021 06:56:33,1,10,0,-135,401677181.69,147.03916,-9.42853,147.03915,-9.42853,50,3,216,636,73,24,421,82,143,233,,,,,,,,,,,,,,,,,,,,,,,,,,,,,
"",176405,5171,-9.42853,147.03916,3,11/08/2021 06:56:02,Argos,0,200,SR,,401677181.69,11/08/2021 06:57:44,1,10,0,-135,401677181.69,147.03916,-9.42853,147.03915,-9.42853,50,3,216,636,73,24,421,85,148,233,,,,,,,,,,,,,,,,,,,,,,,,,,,,,
"",176405,5171,-9.42853,147.03916,3,11/08/2021 06:56:02,Argos,0,200,SR,,401677181.69,11/08/2021 06:57:58,1,10,0,-135,401677181.69,147.03916,-9.42853,147.03915,-9.42853,50,3,216,636,73,24,421,102,140,0,,,,,,,,,,,,,,,,,,,,,,,,,,,,,
"",176405,5171,-9.42807,147.03235,0,11/09/2021 06:26:40,Argos,0,71,SR,,401677182.03,11/09/2021 06:26:01,1,4,0,-136,401677182.03,147.03235,-9.42807,147.03235,-9.42807,50,3,3804,16563,873,50,6144,22,75,24,,,,,,,,,,,,,,,,,,,,,,,,,,,,,
"",176405,5171,-9.42807,147.03235,0,11/09/2021 06:26:40,Argos,0,71,SR,,401677182.03,11/09/2021 06:26:30,1,4,0,-136,401677182.03,147.03235,-9.42807,147.03235,-9.42807,50,3,3804,16563,873,50,6144,73,146,6,,,,,,,,,,,,,,,,,,,,,,,,,,,,,
"",176405,5171,-9.42807,147.03235,0,11/09/2021 06:26:40,Argos,0,71,SR,,401677182.03,11/09/2021 06:26:58,1,4,0,-136,401677182.03,147.03235,-9.42807,147.03235,-9.42807,50,3,3804,16563,873,50,6144,99,141,0,,,,,,,,,,,,,,,,,,,,,,,,,,,,,
"",176405,5171,-9.42807,147.03235,0,11/09/2021 06:26:40,Argos,0,71,SR,,401677182.03,11/09/2021 06:27:13,1,4,0,-136,401677182.03,147.03235,-9.42807,147.03235,-9.42807,50,3,3804,16563,873,50,6144,8,0,16,,,,,,,,,,,,,,,,,,,,,,,,,,,,,
"",176405,5171,,,,,,,0,NN,,401650000,11/11/2021 00:38:47,1,1,0,-132,401650000,,,,,,,,,,,,32,109,64,0,0,0,0,0,0,0,0,0,153,219,255,186,109,32,0,0,0,0,0,0,0,0,91,130,157,255,162,
"",176405,5171,,,,,,,0,A1,,401650000,11/11/2021 06:49:24,1,1,0,-141,401650000,,,,,,,,,,,,102,140,0,,,,,,,,,,,,,,,,,,,,,,,,,,,,,
"",176405,5171,-9.44101,147.04183,B,11/12/2021 06:31:34,Argos,0,56,SR,,401677183.23,11/12/2021 06:31:06,1,2,0,-138,401677183.23,147.04183,-9.44101,147.04182,-9.44101,0,3,2940,13867,623,20,8218,10,0,16,,,,,,,,,,,,,,,,,,,,,,,,,,,,,
"",176405,5171,-9.44101,147.04183,B,11/12/2021 06:31:34,Argos,0,56,SR,,401677183.23,11/12/2021 06:32:03,1,2,0,-138,401677183.23,147.04183,-9.44101,147.04182,-9.44101,0,3,2940,13867,623,20,8218,99,141,0,,,,,,,,,,,,,,,,,,,,,,,,,,,,,
"",176405,5171,-9.42251,147.05123,B,11/18/2021 06:46:27,Argos,0,114,SR,,401677183.07,11/18/2021 06:45:30,1,2,0,-138,401677183.07,147.05123,-9.42251,147.05122,-9.42251,0,3,4865,93286,253,84,13758,22,75,24,,,,,,,,,,,,,,,,,,,,,,,,,,,,,
"",176405,5171,-9.42251,147.05123,B,11/18/2021 06:46:27,Argos,0,114,SR,,401677183.07,11/18/2021 06:47:24,1,2,0,-138,401677183.07,147.05123,-9.42251,147.05122,-9.42251,0,3,4865,93286,253,84,13758,92,94,243,,,,,,,,,,,,,,,,,,,,,,,,,,,,,
"",176405,5171,,,,,,,0,SR,,401650000,11/21/2021 06:52:37,1,1,,,401650000,,,,,,,,,,,,84,117,246,,,,,,,,,,,,,,,,,,,,,,,,,,,,,
"",176405,5171,,,,,,,0,NN,,401650000,11/22/2021 23:58:15,1,1,0,-128,401650000,,,,,,,,,,,,32,110,192,0,0,0,0,0,0,0,0,223,255,186,224,121,110,160,0,0,0,0,0,0,0,0,0,255,230,136,140,
"",176405,5171,,,,,,,0,MC,,401650000,11/23/2021 00:38:44,1,1,0,-128,401650000,,,,,,,,,,,,32,110,192,0,0,0,0,0,0,0,0,223,253,181,176,62,6,4,62,161,29,55,236,5,255,137,242,84,254,7,117,
"",176405,5171,,,,,,,0,MC,,401650000,11/24/2021 23:58:15,1,1,0,-122,401650000,,,,,,,,,,,,32,111,0,0,0,0,0,0,0,0,0,0,255,175,132,164,110,224,0,0,0,0,0,0,0,0,255,96,22,209,212,
"",176405,5171,,,,,,,0,SR,,401650000,11/28/2021 06:31:31,1,1,0,-140,401650000,,,,,,,,,,,,102,148,0,,,,,,,,,,,,,,,,,,,,,,,,,,,,,
"",176405,5171,,,,,,,0,SR,,401650000,12/04/2021 06:43:49,1,1,0,-138,401650000,,,,,,,,,,,,23,75,120,,,,,,,,,,,,,,,,,,,,,,,,,,,,,
"",176405,5171,,,,,,,0,SR,,401650000,12/07/2021 06:55:30,1,1,0,-139,401650000,,,,,,,,,,,,20,75,0,,,,,,,,,,,,,,,,,,,,,,,,,,,,,
"",176405,5171,-9.41694,147.04145,3,12/10/2021 06:54:45,Argos,0,256,SR,,401677192.55,12/10/2021 06:52:37,1,5,0,-137,401677192.55,147.04145,-9.41694,147.04144,-9.41694,50,3,226,954,53,135,568,92,87,9,,,,,,,,,,,,,,,,,,,,,,,,,,,,,
"",176405,5171,-9.41694,147.04145,3,12/10/2021 06:54:45,Argos,0,256,SR,,401677192.55,12/10/2021 06:52:51,1,5,0,-137,401677192.55,147.04145,-9.41694,147.04144,-9.41694,50,3,226,954,53,135,568,109,139,0,,,,,,,,,,,,,,,,,,,,,,,,,,,,,
"",176405,5171,-9.41694,147.04145,3,12/10/2021 06:54:45,Argos,0,256,SR,,401677192.55,12/10/2021 06:55:28,1,5,0,-137,401677192.55,147.04145,-9.41694,147.04144,-9.41694,50,3,226,954,53,135,568,10,0,16,,,,,,,,,,,,,,,,,,,,,,,,,,,,,
"",176405,5171,-9.41694,147.04145,3,12/10/2021 06:54:45,Argos,0,256,SR,,401677192.55,12/10/2021 06:55:56,1,5,0,-137,401677192.55,147.04145,-9.41694,147.04144,-9.41694,50,3,226,954,53,135,568,75,185,5,,,,,,,,,,,,,,,,,,,,,,,,,,,,,
"",176405,5171,-9.41694,147.04145,3,12/10/2021 06:54:45,Argos,0,256,SR,,401677192.55,12/10/2021 06:56:53,1,5,0,-137,401677192.55,147.04145,-9.41694,147.04144,-9.41694,50,3,226,954,53,135,568,22,75,24,,,,,,,,,,,,,,,,,,,,,,,,,,,,,
"",176405,5171,,,,,,,0,NN,,401650000,12/15/2021 00:38:47,1,1,0,-131,401650000,,,,,,,,,,,,32,113,192,0,0,0,0,0,0,0,0,0,203,85,255,3,113,160,0,0,0,0,0,0,0,0,121,196,234,255,89,
"",176405,5171,-9.43225,147.04044,A,12/17/2021 06:38:06,Argos,0,114,SR,,401677185.44,12/17/2021 06:37:24,1,3,0,-134,401677185.44,147.04044,-9.43225,147.04044,-9.43225,0,3,2015,15729,258,19,5693,80,19,16,,,,,,,,,,,,,,,,,,,,,,,,,,,,,
"",176405,5171,-9.43225,147.04044,A,12/17/2021 06:38:06,Argos,0,114,SR,,401677185.44,12/17/2021 06:37:38,1,3,0,-134,401677185.44,147.04044,-9.43225,147.04044,-9.43225,0,3,2015,15729,258,19,5693,109,139,0,,,,,,,,,,,,,,,,,,,,,,,,,,,,,
"",176405,5171,-9.43225,147.04044,A,12/17/2021 06:38:06,Argos,0,114,SR,,401677185.44,12/17/2021 06:39:18,1,3,0,-134,401677185.44,147.04044,-9.43225,147.04044,-9.43225,0,3,2015,15729,258,19,5693,22,75,24,,,,,,,,,,,,,,,,,,,,,,,,,,,,,
"",176405,5171,-9.41572,147.0664,A,12/20/2021 06:41:55,Argos,0,27,SR,,401677189.84,12/20/2021 06:41:41,1,3,0,-135,401677189.84,147.0664,-9.41572,147.0664,-9.41572,0,3,5049,20195,1262,124,11070,109,139,0,,,,,,,,,,,,,,,,,,,,,,,,,,,,,
"",176405,5171,-9.41572,147.0664,A,12/20/2021 06:41:55,Argos,0,27,SR,,401677189.84,12/20/2021 06:41:55,1,3,0,-135,401677189.84,147.0664,-9.41572,147.0664,-9.41572,0,3,5049,20195,1262,124,11070,10,0,16,,,,,,,,,,,,,,,,,,,,,,,,,,,,,
"",176405,5171,-9.41572,147.0664,A,12/20/2021 06:41:55,Argos,0,27,SR,,401677189.84,12/20/2021 06:42:09,1,3,0,-135,401677189.84,147.0664,-9.41572,147.0664,-9.41572,0,3,5049,20195,1262,124,11070,22,75,24,,,,,,,,,,,,,,,,,,,,,,,,,,,,,
"",176405,5171,-9.41495,147.03864,B,12/23/2021 06:48:35,Argos,0,27,SR,,401677188.7,12/23/2021 06:48:22,1,2,0,-137,401677188.7,147.03864,-9.41495,147.03864,-9.41495,0,3,4433,23835,824,129,12537,74,240,131,220,168,40,58,164,107,155,34,1,20,44,115,22,1,255,255,219,81,127,192,,,,,,,,,
"",176405,5171,-9.41495,147.03864,B,12/23/2021 06:48:35,Argos,0,27,SR,,401677188.7,12/23/2021 06:48:50,1,2,0,-137,401677188.7,147.03864,-9.41495,147.03864,-9.41495,0,3,4433,23835,824,129,12537,22,75,24,,,,,,,,,,,,,,,,,,,,,,,,,,,,,
"",176405,5171,-9.41299,147.04172,3,12/26/2021 06:54:56,Argos,0,257,SR,,401677186.05,12/26/2021 06:53:04,1,8,0,-135,401677186.05,147.04172,-9.41299,147.04172,-9.41299,50,3,210,585,75,138,389,76,146,1,,,,,,,,,,,,,,,,,,,,,,,,,,,,,
"",176405,5171,-9.41299,147.04172,3,12/26/2021 06:54:56,Argos,0,257,SR,,401677186.05,12/26/2021 06:53:18,1,8,0,-135,401677186.05,147.04172,-9.41299,147.04172,-9.41299,50,3,210,585,75,138,389,86,69,25,,,,,,,,,,,,,,,,,,,,,,,,,,,,,
"",176405,5171,-9.41299,147.04172,3,12/26/2021 06:54:56,Argos,0,257,SR,,401677186.05,12/26/2021 06:54:30,1,8,0,-135,401677186.05,147.04172,-9.41299,147.04172,-9.41299,50,3,210,585,75,138,389,85,74,25,,,,,,,,,,,,,,,,,,,,,,,,,,,,,
"",176405,5171,-9.41299,147.04172,3,12/26/2021 06:54:56,Argos,0,257,SR,,401677186.05,12/26/2021 06:54:58,1,8,0,-135,401677186.05,147.04172,-9.41299,147.04172,-9.41299,50,3,210,585,75,138,389,10,64,16,,,,,,,,,,,,,,,,,,,,,,,,,,,,,
"",176405,5171,-9.41299,147.04172,3,12/26/2021 06:54:56,Argos,0,257,SR,,401677186.05,12/26/2021 06:55:12,1,8,0,-135,401677186.05,147.04172,-9.41299,147.04172,-9.41299,50,3,210,585,75,138,389,22,75,24,,,,,,,,,,,,,,,,,,,,,,,,,,,,,
"",176405,5171,-9.41299,147.04172,3,12/26/2021 06:54:56,Argos,0,257,SR,,401677186.05,12/26/2021 06:55:27,1,8,0,-135,401677186.05,147.04172,-9.41299,147.04172,-9.41299,50,3,210,585,75,138,389,67,145,5,,,,,,,,,,,,,,,,,,,,,,,,,,,,,
"",176405,5171,-9.41299,147.04172,3,12/26/2021 06:54:56,Argos,0,257,SR,,401677186.05,12/26/2021 06:55:41,1,8,0,-135,401677186.05,147.04172,-9.41299,147.04172,-9.41299,50,3,210,585,75,138,389,84,79,25,,,,,,,,,,,,,,,,,,,,,,,,,,,,,
"",176405,5171,-9.41299,147.04172,3,12/26/2021 06:54:56,Argos,0,257,SR,,401677186.05,12/26/2021 06:57:21,1,8,0,-135,401677186.05,147.04172,-9.41299,147.04172,-9.41299,50,3,210,585,75,138,389,10,0,16,,,,,,,,,,,,,,,,,,,,,,,,,,,,,
"",176405,5171,-9.43519,147.04703,B,12/27/2021 00:38:59,Argos,0,0,MC,,401677190.68,12/27/2021 00:38:59,1,1,0,-129,401677190.68,147.04703,-9.43519,147.04703,-9.43519,0,3,4363,8075,2357,77,10179,68,16,131,220,168,40,58,164,109,130,139,129,20,50,179,24,17,255,255,220,177,127,192,,,,,,,,,
"",176405,5171,-9.43141,147.05638,B,12/27/2021 06:27:12,Argos,0,0,SR,,401677187.14,12/27/2021 06:27:12,1,1,0,-138,401677187.14,147.05638,-9.43141,147.05638,-9.43141,8,3,4254,5152,3512,93,10720,69,192,5,,,,,,,,,,,,,,,,,,,,,,,,,,,,,
"",176405,5171,,,,,,,0,MC,,401650000,12/28/2021 23:58:13,1,1,0,-122,401650000,,,,,,,,,,,,32,115,128,0,0,0,0,0,0,0,0,0,107,88,255,148,115,96,0,0,0,0,0,0,0,0,0,112,133,255,125,
"",176405,5171,-9.42874,147.043,A,01/02/2022 06:37:53,Argos,0,27,SR,,401677186.44,01/02/2022 06:37:39,1,3,0,-135,401677186.44,147.043,-9.42874,147.043,-9.42874,0,3,3310,10022,1093,171,9358,22,75,24,,,,,,,,,,,,,,,,,,,,,,,,,,,,,
"",176405,5171,-9.42874,147.043,A,01/02/2022 06:37:53,Argos,0,27,SR,,401677186.44,01/02/2022 06:37:53,1,3,0,-135,401677186.44,147.043,-9.42874,147.043,-9.42874,0,3,3310,10022,1093,171,9358,65,187,5,,,,,,,,,,,,,,,,,,,,,,,,,,,,,
"",176405,5171,-9.42874,147.043,A,01/02/2022 06:37:53,Argos,0,27,SR,,401677186.44,01/02/2022 06:38:07,1,3,0,-135,401677186.44,147.043,-9.42874,147.043,-9.42874,0,3,3310,10022,1093,171,9358,90,1,32,,,,,,,,,,,,,,,,,,,,,,,,,,,,,
"",176405,5171,-9.41275,147.04759,0,01/05/2022 06:42:15,Argos,0,42,SR,,401677193.45,01/05/2022 06:41:54,1,4,0,-133,401677193.45,147.04759,-9.41275,147.04759,-9.41275,50,3,7879,59862,1037,125,13231,71,165,5,,,,,,,,,,,,,,,,,,,,,,,,,,,,,
"",176405,5171,-9.41275,147.04759,0,01/05/2022 06:42:15,Argos,0,42,SR,,401677193.45,01/05/2022 06:42:08,1,4,0,-133,401677193.45,147.04759,-9.41275,147.04759,-9.41275,50,3,7879,59862,1037,125,13231,87,9,35,,,,,,,,,,,,,,,,,,,,,,,,,,,,,
"",176405,5171,-9.41275,147.04759,0,01/05/2022 06:42:15,Argos,0,42,SR,,401677193.45,01/05/2022 06:42:23,1,4,0,-133,401677193.45,147.04759,-9.41275,147.04759,-9.41275,50,3,7879,59862,1037,125,13231,109,139,0,,,,,,,,,,,,,,,,,,,,,,,,,,,,,
"",176405,5171,-9.41275,147.04759,0,01/05/2022 06:42:15,Argos,0,42,SR,,401677193.45,01/05/2022 06:42:37,1,4,0,-133,401677193.45,147.04759,-9.41275,147.04759,-9.41275,50,3,7879,59862,1037,125,13231,10,0,16,,,,,,,,,,,,,,,,,,,,,,,,,,,,,
"",176405,5171,-9.45039,147.06142,0,01/08/2022 06:49:23,Argos,0,114,SR,,401677176.73,01/08/2022 06:48:45,1,4,0,-135,401677176.73,147.06142,-9.45039,147.06142,-9.45039,50,3,2770,32439,236,151,3624,91,38,38,,,,,,,,,,,,,,,,,,,,,,,,,,,,,
"",176405,5171,-9.45039,147.06142,0,01/08/2022 06:49:23,Argos,0,114,SR,,401677176.73,01/08/2022 06:48:59,1,4,0,-135,401677176.73,147.06142,-9.45039,147.06142,-9.45039,50,3,2770,32439,236,151,3624,104,138,0,,,,,,,,,,,,,,,,,,,,,,,,,,,,,
"",176405,5171,-9.45039,147.06142,0,01/08/2022 06:49:23,Argos,0,114,SR,,401677176.73,01/08/2022 06:49:13,1,4,0,-135,401677176.73,147.06142,-9.45039,147.06142,-9.45039,50,3,2770,32439,236,151,3624,10,0,16,,,,,,,,,,,,,,,,,,,,,,,,,,,,,
"",176405,5171,-9.45039,147.06142,0,01/08/2022 06:49:23,Argos,0,114,SR,,401677176.73,01/08/2022 06:50:39,1,4,0,-135,401677176.73,147.06142,-9.45039,147.06142,-9.45039,50,3,2770,32439,236,151,3624,22,75,24,,,,,,,,,,,,,,,,,,,,,,,,,,,,,
"",176405,5171,-9.44407,147.05349,B,01/11/2022 06:56:24,Argos,0,56,SR,,401677176.39,01/11/2022 06:55:56,1,2,0,-138,401677176.39,147.05349,-9.44407,147.0535,-9.44407,0,3,2801,17765,441,158,6346,22,75,24,,,,,,,,,,,,,,,,,,,,,,,,,,,,,
"",176405,5171,-9.44407,147.05349,B,01/11/2022 06:56:24,Argos,0,56,SR,,401677176.39,01/11/2022 06:56:53,1,2,0,-138,401677176.39,147.05349,-9.44407,147.0535,-9.44407,0,3,2801,17765,441,158,6346,10,0,16,,,,,,,,,,,,,,,,,,,,,,,,,,,,,
"",176405,5171,,,,,,,0,SR,,401650000,01/15/2022 06:32:53,1,1,0,-140,401650000,,,,,,,,,,,,23,67,24,,,,,,,,,,,,,,,,,,,,,,,,,,,,,
"",176405,5171,,,,,,,0,SR,,401650000,01/18/2022 06:38:06,1,1,0,-140,401650000,,,,,,,,,,,,10,64,80,,,,,,,,,,,,,,,,,,,,,,,,,,,,,
"",176405,5171,-9.44194,147.0884,B,01/21/2022 06:42:42,Argos,0,14,SR,,401677175.48,01/21/2022 06:42:36,1,2,0,-137,401677175.48,147.0884,-9.44194,147.0884,-9.44194,0,3,5271,14884,1866,120,14909,70,160,5,,,,,,,,,,,,,,,,,,,,,,,,,,,,,
"",176405,5171,-9.44194,147.0884,B,01/21/2022 06:42:42,Argos,0,14,SR,,401677175.48,01/21/2022 06:42:50,1,2,0,-137,401677175.48,147.0884,-9.44194,147.0884,-9.44194,0,3,5271,14884,1866,120,14909,87,247,50,,,,,,,,,,,,,,,,,,,,,,,,,,,,,
"",176405,5171,,,,,,,0,NN,,401650000,01/26/2022 00:38:44,1,1,0,-133,401650000,,,,,,,,,,,,32,135,32,0,0,0,0,0,0,0,0,0,121,139,255,79,135,0,0,0,0,0,0,0,0,0,0,212,68,255,70,
"",176405,5171,,,,,,,0,SR,,401650000,01/27/2022 06:57:07,1,1,0,-140,401650000,,,,,,,,,,,,83,43,57,,,,,,,,,,,,,,,,,,,,,,,,,,,,,
"",176405,5171,,,,,,,28,SR,,401650000,02/03/2022 06:38:19,1,3,0,-134,401650000,,,,,,,,,,,,67,216,63,,,,,,,,,,,,,,,,,,,,,,,,,,,,,
"",176405,5171,,,,,,,28,SR,,401650000,02/03/2022 06:38:34,1,3,0,-134,401650000,,,,,,,,,,,,109,139,0,,,,,,,,,,,,,,,,,,,,,,,,,,,,,
"",176405,5171,,,,,,,28,SR,,401650000,02/03/2022 06:38:48,1,3,0,-134,401650000,,,,,,,,,,,,10,0,16,,,,,,,,,,,,,,,,,,,,,,,,,,,,,
"",176405,5171,,,,,,,0,SR,,401650000,02/06/2022 06:42:51,1,1,0,-136,401650000,,,,,,,,,,,,10,0,16,,,,,,,,,,,,,,,,,,,,,,,,,,,,,
"",176405,5171,,,,,,,0,A1,,401650000,02/06/2022 06:47:08,1,1,0,-140,401650000,,,,,,,,,,,,72,203,4,,,,,,,,,,,,,,,,,,,,,,,,,,,,,
"",176405,5171,,,,,,,0,NN,,401650000,02/06/2022 23:58:11,1,1,0,-133,401650000,,,,,,,,,,,,32,136,192,0,0,0,0,0,0,0,0,22,255,144,236,239,136,160,0,0,0,0,0,0,0,0,0,116,255,233,51,
"",176405,5171,-9.43075,147.04706,1,02/09/2022 06:50:28,Argos,0,171,SR,,401677172.16,02/09/2022 06:49:14,1,4,0,-136,401677172.16,147.04706,-9.43075,147.04706,-9.43075,50,3,682,3410,136,158,1760,109,139,0,,,,,,,,,,,,,,,,,,,,,,,,,,,,,
"",176405,5171,-9.43075,147.04706,1,02/09/2022 06:50:28,Argos,0,171,SR,,401677172.16,02/09/2022 06:49:28,1,4,0,-136,401677172.16,147.04706,-9.43075,147.04706,-9.43075,50,3,682,3410,136,158,1760,10,1,16,,,,,,,,,,,,,,,,,,,,,,,,,,,,,
"",176405,5171,-9.43075,147.04706,1,02/09/2022 06:50:28,Argos,0,171,SR,,401677172.16,02/09/2022 06:51:08,1,4,0,-136,401677172.16,147.04706,-9.43075,147.04706,-9.43075,50,3,682,3410,136,158,1760,79,157,5,,,,,,,,,,,,,,,,,,,,,,,,,,,,,
"",176405,5171,-9.43075,147.04706,1,02/09/2022 06:50:28,Argos,0,171,SR,,401677172.16,02/09/2022 06:52:05,1,4,0,-136,401677172.16,147.04706,-9.43075,147.04706,-9.43075,50,3,682,3410,136,158,1760,22,75,24,,,,,,,,,,,,,,,,,,,,,,,,,,,,,
"",176405,5171,-9.43707,147.0769,B,02/12/2022 06:55:39,Argos,0,199,SR,,401677174.54,02/12/2022 06:54:00,1,2,0,-138,401677174.54,147.0769,-9.43707,147.0769,-9.43707,0,3,3121,85490,113,127,8822,71,181,5,,,,,,,,,,,,,,,,,,,,,,,,,,,,,
"",176405,5171,-9.43707,147.0769,B,02/12/2022 06:55:39,Argos,0,199,SR,,401677174.54,02/12/2022 06:57:19,1,2,0,-138,401677174.54,147.0769,-9.43707,147.0769,-9.43707,0,3,3121,85490,113,127,8822,22,75,24,,,,,,,,,,,,,,,,,,,,,,,,,,,,,
"",176405,5171,,,,,,,0,NN,,401650000,02/14/2022 23:58:10,1,1,0,-133,401650000,,,,,,,,,,,,32,137,192,0,0,0,0,0,0,0,0,79,140,142,255,114,137,160,0,0,0,0,0,0,0,0,0,255,207,240,135,
"",176405,5171,-9.41204,147.02766,B,02/16/2022 06:33:55,Argos,0,42,SR,,401677178.07,02/16/2022 06:33:34,1,2,0,-136,401677178.07,147.02766,-9.41204,147.02766,-9.41204,0,3,2937,10870,793,31,8304,91,174,76,,,,,,,,,,,,,,,,,,,,,,,,,,,,,
"",176405,5171,-9.41204,147.02766,B,02/16/2022 06:33:55,Argos,0,42,SR,,401677178.07,02/16/2022 06:34:17,1,2,0,-136,401677178.07,147.02766,-9.41204,147.02766,-9.41204,0,3,2937,10870,793,31,8304,22,75,24,,,,,,,,,,,,,,,,,,,,,,,,,,,,,
"",176405,5171,-9.43102,147.04291,A,02/22/2022 06:44:40,Argos,0,271,SR,,401677174.25,02/22/2022 06:43:05,1,3,0,-135,401677174.25,147.04291,-9.43102,147.04291,-9.43102,0,3,1237,24209,63,4,3487,218,206,82,,,,,,,,,,,,,,,,,,,,,,,,,,,,,
"",176405,5171,-9.43102,147.04291,A,02/22/2022 06:44:40,Argos,0,271,SR,,401677174.25,02/22/2022 06:43:19,1,3,0,-135,401677174.25,147.04291,-9.43102,147.04291,-9.43102,0,3,1237,24209,63,4,3487,109,139,0,,,,,,,,,,,,,,,,,,,,,,,,,,,,,
"",176405,5171,-9.43102,147.04291,A,02/22/2022 06:44:40,Argos,0,271,SR,,401677174.25,02/22/2022 06:47:36,1,3,0,-135,401677174.25,147.04291,-9.43102,147.04291,-9.43102,0,3,1237,24209,63,4,3487,22,75,24,,,,,,,,,,,,,,,,,,,,,,,,,,,,,
"",176405,5171,,,,,,,0,MC,,401650000,02/24/2022 23:58:10,1,1,0,-124,401650000,,,,,,,,,,,,32,139,0,0,0,0,0,0,0,0,0,0,230,216,255,204,138,224,0,0,0,0,0,0,0,4,255,182,57,121,106,
"",176405,5171,-9.44184,147.0775,1,02/25/2022 06:50:01,Argos,0,143,SR,,401677162.1,02/25/2022 06:48:42,1,5,0,-133,401677162.1,147.0775,-9.44184,147.0775,-9.44184,60,3,628,4557,86,134,1752,109,139,8,,,,,,,,,,,,,,,,,,,,,,,,,,,,,
"",176405,5171,-9.44184,147.0775,1,02/25/2022 06:50:01,Argos,0,143,SR,,401677162.1,02/25/2022 06:49:39,1,5,0,-133,401677162.1,147.0775,-9.44184,147.0775,-9.44184,60,3,628,4557,86,134,1752,82,235,85,,,,,,,,,,,,,,,,,,,,,,,,,,,,,
"",176405,5171,-9.44184,147.0775,1,02/25/2022 06:50:01,Argos,0,143,SR,,401677162.1,02/25/2022 06:49:53,1,5,0,-133,401677162.1,147.0775,-9.44184,147.0775,-9.44184,60,3,628,4557,86,134,1752,109,139,0,,,,,,,,,,,,,,,,,,,,,,,,,,,,,
"",176405,5171,-9.44184,147.0775,1,02/25/2022 06:50:01,Argos,0,143,SR,,401677162.1,02/25/2022 06:50:50,1,5,0,-133,401677162.1,147.0775,-9.44184,147.0775,-9.44184,60,3,628,4557,86,134,1752,85,240,85,,,,,,,,,,,,,,,,,,,,,,,,,,,,,
"",176405,5171,-9.44184,147.0775,1,02/25/2022 06:50:01,Argos,0,143,SR,,401677162.1,02/25/2022 06:51:05,1,5,0,-133,401677162.1,147.0775,-9.44184,147.0775,-9.44184,60,3,628,4557,86,134,1752,104,138,0,,,,,,,,,,,,,,,,,,,,,,,,,,,,,
"",176405,5171,,,,,,,0,SR,,401650000,02/28/2022 06:56:05,1,1,0,-137,401650000,,,,,,,,,,,,91,253,88,,,,,,,,,,,,,,,,,,,,,,,,,,,,,
