Prog,PTT,Len,Satellite,Class,Pass,PassDate,PassTime,Latitude,Longitude,Comment,Frequency,Power,IQ,Dups,MsgDate,MsgTime,Latitude2,Longitude2,Duration,Error radius,Error Semi-major axis,Error Semi-minor axis,Error Ellipse orientation,Offset,Offset orientation,SENSOR #01,SENSOR #02,SENSOR #03,SENSOR #04,SENSOR #05,SENSOR #06,SENSOR #07,SENSOR #08,SENSOR #09,SENSOR #10,SENSOR #11,SENSOR #12,SENSOR #13,SENSOR #14,SENSOR #15,SENSOR #16,SENSOR #17,SENSOR #18,SENSOR #19,SENSOR #20,SENSOR #21,SENSOR #22,SENSOR #23,SENSOR #24,SENSOR #25,SENSOR #26,SENSOR #27,SENSOR #28,SENSOR #29,SENSOR #30,SENSOR #31,SENSOR #32
5171,209945,3,NN,0,3,07-May-2021,12:07:31,-20.1582,148.7791,,401677647,-128,46,0,07-May-2021,12:07:09,-20.1582,148.7791,45,14029,26437,7444,74,,,30,142,28,,,,,,,,,,,,,,,,,,,,,,,,,,,,,
5171,209945,3,NN,0,3,07-May-2021,12:07:31,-20.1582,148.7791,,401677647,-128,46,0,07-May-2021,12:07:24,-20.1582,148.7791,45,14029,26437,7444,74,,,77,25,5,,,,,,,,,,,,,,,,,,,,,,,,,,,,,
5171,209945,3,NN,0,3,07-May-2021,12:07:31,-20.1582,148.7791,,401677647,-128,46,0,07-May-2021,12:07:39,-20.1582,148.7791,45,14029,26437,7444,74,,,93,139,1,,,,,,,,,,,,,,,,,,,,,,,,,,,,,
5171,209945,3,NN,0,3,07-May-2021,12:07:31,-20.1582,148.7791,,401677647,-128,46,0,07-May-2021,12:07:54,-20.1582,148.7791,45,14029,26437,7444,74,,,107,133,0,,,,,,,,,,,,,,,,,,,,,,,,,,,,,
5171,209945,3,MC,2,4,07-May-2021,12:09:57,-20.2936,148.8279,,401677660,-111,56,0,07-May-2021,12:08:39,-20.2936,148.8279,302,254,446,145,88,,,71,43,5,,,,,,,,,,,,,,,,,,,,,,,,,,,,,
5171,209945,3,MC,2,4,07-May-2021,12:09:57,-20.2936,148.8279,,401677660,-111,56,0,07-May-2021,12:08:54,-20.2936,148.8279,302,254,446,145,88,,,90,144,1,,,,,,,,,,,,,,,,,,,,,,,,,,,,,
5171,209945,3,MC,2,4,07-May-2021,12:09:57,-20.2936,148.8279,,401677660,-111,56,0,07-May-2021,12:09:54,-20.2936,148.8279,302,254,446,145,88,,,78,38,5,,,,,,,,,,,,,,,,,,,,,,,,,,,,,
5171,209945,3,MC,2,4,07-May-2021,12:09:57,-20.2936,148.8279,,401677660,-111,56,0,07-May-2021,12:10:09,-20.2936,148.8279,302,254,446,145,88,,,91,149,1,,,,,,,,,,,,,,,,,,,,,,,,,,,,,
5171,209945,3,MC,2,4,07-May-2021,12:09:57,-20.2936,148.8279,,401677660,-111,56,3,07-May-2021,12:10:54,-20.2936,148.8279,302,254,446,145,88,,,30,142,28,,,,,,,,,,,,,,,,,,,,,,,,,,,,,
5171,209945,3,MC,2,4,07-May-2021,12:09:57,-20.2936,148.8279,,401677660,-111,56,0,07-May-2021,12:11:09,-20.2936,148.8279,302,254,446,145,88,,,67,31,5,,,,,,,,,,,,,,,,,,,,,,,,,,,,,
5171,209945,3,MC,2,4,07-May-2021,12:09:57,-20.2936,148.8279,,401677660,-111,56,0,07-May-2021,12:11:24,-20.2936,148.8279,302,254,446,145,88,,,88,154,1,,,,,,,,,,,,,,,,,,,,,,,,,,,,,
5171,209945,3,MC,2,4,07-May-2021,12:09:57,-20.2936,148.8279,,401677660,-111,56,2,07-May-2021,12:11:39,-20.2936,148.8279,302,254,446,145,88,,,100,134,0,,,,,,,,,,,,,,,,,,,,,,,,,,,,,
5171,209945,3,MC,2,4,07-May-2021,12:09:57,-20.2936,148.8279,,401677660,-111,56,2,07-May-2021,12:11:54,-20.2936,148.8279,302,254,446,145,88,,,15,1,16,,,,,,,,,,,,,,,,,,,,,,,,,,,,,
5171,209945,3,MC,2,4,07-May-2021,12:09:57,-20.2936,148.8279,,401677660,-111,56,0,07-May-2021,12:13:41,-20.2936,148.8279,302,254,446,145,88,,,74,18,5,,,,,,,,,,,,,,,,,,,,,,,,,,,,,
5171,209945,3,A1,3,5,24-Sep-2021,19:32:09,-20.1883,148.8435,,401677717,-126,46,0,24-Sep-2021,19:28:49,-20.1883,148.8435,556,217,359,130,78,,,79,237,4,,,,,,,,,,,,,,,,,,,,,,,,,,,,,
5171,209945,3,A1,3,5,24-Sep-2021,19:32:09,-20.1883,148.8435,,401677717,-126,46,0,24-Sep-2021,19:29:04,-20.1883,148.8435,556,217,359,130,78,,,93,154,2,,,,,,,,,,,,,,,,,,,,,,,,,,,,,
5171,209945,3,A1,3,5,24-Sep-2021,19:32:09,-20.1883,148.8435,,401677717,-126,46,0,24-Sep-2021,19:30:04,-20.1883,148.8435,556,217,359,130,78,,,75,249,4,,,,,,,,,,,,,,,,,,,,,,,,,,,,,
5171,209945,3,A1,3,5,24-Sep-2021,19:32:09,-20.1883,148.8435,,401677717,-126,46,0,24-Sep-2021,19:31:19,-20.1883,148.8435,556,217,359,130,78,,,70,240,4,,,,,,,,,,,,,,,,,,,,,,,,,,,,,
5171,209945,3,A1,3,5,24-Sep-2021,19:32:09,-20.1883,148.8435,,401677717,-126,46,0,24-Sep-2021,19:31:34,-20.1883,148.8435,556,217,359,130,78,,,91,164,2,,,,,,,,,,,,,,,,,,,,,,,,,,,,,
5171,209945,3,A1,3,5,24-Sep-2021,19:32:09,-20.1883,148.8435,,401677717,-126,46,1,24-Sep-2021,19:31:49,-20.1883,148.8435,556,217,359,130,78,,,110,132,0,,,,,,,,,,,,,,,,,,,,,,,,,,,,,
5171,209945,3,A1,3,5,24-Sep-2021,19:32:09,-20.1883,148.8435,,401677717,-126,46,0,24-Sep-2021,19:32:34,-20.1883,148.8435,556,217,359,130,78,,,75,233,4,,,,,,,,,,,,,,,,,,,,,,,,,,,,,
5171,209945,3,A1,3,5,24-Sep-2021,19:32:09,-20.1883,148.8435,,401677717,-126,46,0,24-Sep-2021,19:32:49,-20.1883,148.8435,556,217,359,130,78,,,82,169,2,,,,,,,,,,,,,,,,,,,,,,,,,,,,,
5171,209945,3,A1,3,5,24-Sep-2021,19:32:09,-20.1883,148.8435,,401677717,-126,46,3,24-Sep-2021,19:33:19,-20.1883,148.8435,556,217,359,130,78,,,15,1,16,,,,,,,,,,,,,,,,,,,,,,,,,,,,,
5171,209945,3,A1,3,5,24-Sep-2021,19:32:09,-20.1883,148.8435,,401677717,-126,46,2,24-Sep-2021,19:33:34,-20.1883,148.8435,556,217,359,130,78,,,30,142,28,,,,,,,,,,,,,,,,,,,,,,,,,,,,,
5171,209945,3,A1,3,5,24-Sep-2021,19:32:09,-20.1883,148.8435,,401677717,-126,46,0,24-Sep-2021,19:35:04,-20.1883,148.8435,556,217,359,130,78,,,78,216,4,,,,,,,,,,,,,,,,,,,,,,,,,,,,,
5171,209945,3,A1,3,5,24-Sep-2021,19:32:09,-20.1883,148.8435,,401677717,-126,46,0,24-Sep-2021,19:36:35,-20.1883,148.8435,556,217,359,130,78,,,89,174,2,,,,,,,,,,,,,,,,,,,,,,,,,,,,,
5171,209945,3,A1,3,5,24-Sep-2021,19:32:09,-20.1883,148.8435,,401677717,-126,46,0,24-Sep-2021,19:38:05,-20.1883,148.8435,556,217,359,130,78,,,78,132,0,,,,,,,,,,,,,,,,,,,,,,,,,,,,,
5171,209945,3,SR,1,6,24-Sep-2021,19:31:22,-20.1684,148.9133,,401677728,-125,56,0,24-Sep-2021,19:29:04,-20.1684,148.9133,270,1270,8134,198,76,,,93,154,2,,,,,,,,,,,,,,,,,,,,,,,,,,,,,
5171,209945,3,SR,1,6,24-Sep-2021,19:31:22,-20.1684,148.9133,,401677728,-125,56,0,24-Sep-2021,19:30:04,-20.1684,148.9133,270,1270,8134,198,76,,,75,249,4,,,,,,,,,,,,,,,,,,,,,,,,,,,,,
5171,209945,3,SR,1,6,24-Sep-2021,19:31:22,-20.1684,148.9133,,401677728,-125,56,0,24-Sep-2021,19:30:19,-20.1684,148.9133,270,1270,8134,198,76,,,92,159,2,,,,,,,,,,,,,,,,,,,,,,,,,,,,,
5171,209945,3,SR,1,6,24-Sep-2021,19:31:22,-20.1684,148.9133,,401677728,-125,56,0,24-Sep-2021,19:31:19,-20.1684,148.9133,270,1270,8134,198,76,,,70,240,4,,,,,,,,,,,,,,,,,,,,,,,,,,,,,
5171,209945,3,SR,1,6,24-Sep-2021,19:31:22,-20.1684,148.9133,,401677728,-125,56,0,24-Sep-2021,19:31:34,-20.1684,148.9133,270,1270,8134,198,76,,,91,164,2,,,,,,,,,,,,,,,,,,,,,,,,,,,,,
5171,209945,3,SR,1,6,24-Sep-2021,19:31:22,-20.1684,148.9133,,401677728,-125,56,0,24-Sep-2021,19:32:34,-20.1684,148.9133,270,1270,8134,198,76,,,75,225,4,,,,,,,,,,,,,,,,,,,,,,,,,,,,,
5171,209945,3,SR,1,6,24-Sep-2021,19:31:22,-20.1684,148.9133,,401677728,-125,56,3,24-Sep-2021,19:33:19,-20.1684,148.9133,270,1270,8134,198,76,,,15,1,16,,,,,,,,,,,,,,,,,,,,,,,,,,,,,
5171,209945,3,SR,1,6,24-Sep-2021,19:31:22,-20.1684,148.9133,,401677728,-125,56,1,24-Sep-2021,19:33:34,-20.1684,148.9133,270,1270,8134,198,76,,,30,142,28,,,,,,,,,,,,,,,,,,,,,,,,,,,,,
5171,209945,3,NK,1,7,24-Sep-2021,19:54:16,-20.1997,148.8891,,401677714,-128,56,0,24-Sep-2021,19:51:39,-20.1997,148.8891,360,1230,2873,526,66,,,78,183,4,,,,,,,,,,,,,,,,,,,,,,,,,,,,,
5171,209945,3,NK,1,7,24-Sep-2021,19:54:16,-20.1997,148.8891,,401677714,-128,56,0,24-Sep-2021,19:53:09,-20.1997,148.8891,360,1230,2873,526,66,,,82,185,2,,,,,,,,,,,,,,,,,,,,,,,,,,,,,
5171,209945,3,NK,1,7,24-Sep-2021,19:54:16,-20.1997,148.8891,,401677714,-128,56,0,24-Sep-2021,19:54:40,-20.1997,148.8891,360,1230,2873,526,66,,,110,132,0,,,,,,,,,,,,,,,,,,,,,,,,,,,,,
5171,209945,3,NK,1,7,24-Sep-2021,19:54:16,-20.1997,148.8891,,401677714,-128,56,0,24-Sep-2021,19:57:39,-20.1997,148.8891,360,1230,2873,526,66,,,30,142,28,,,,,,,,,,,,,,,,,,,,,,,,,,,,,
5171,209945,3,NP,1,8,24-Sep-2021,20:03:40,-20.1891,148.9041,,401677712,-126,58,0,24-Sep-2021,20:02:10,-20.1891,148.9041,181,1180,3762,369,70,,,110,132,0,,,,,,,,,,,,,,,,,,,,,,,,,,,,,
5171,209945,3,NP,1,8,24-Sep-2021,20:03:40,-20.1891,148.9041,,401677712,-126,58,0,24-Sep-2021,20:03:41,-20.1891,148.9041,181,1180,3762,369,70,,,12,1,144,,,,,,,,,,,,,,,,,,,,,,,,,,,,,
5171,209945,3,NP,1,8,24-Sep-2021,20:03:40,-20.1891,148.9041,,401677712,-126,58,0,24-Sep-2021,20:05:11,-20.1891,148.9041,181,1180,3762,369,70,,,30,142,28,,,,,,,,,,,,,,,,,,,,,,,,,,,,,
5171,209945,3,SR,2,9,24-Sep-2021,21:07:32,-20.0917,148.9697,,401677713,-127,56,0,24-Sep-2021,21:02:20,-20.0917,148.9697,357,305,712,131,107,,,67,225,4,,,,,,,,,,,,,,,,,,,,,,,,,,,,,
5171,209945,3,SR,2,9,24-Sep-2021,21:07:32,-20.0917,148.9697,,401677713,-127,56,0,24-Sep-2021,21:03:48,-20.0917,148.9697,357,305,712,131,107,,,84,232,2,,,,,,,,,,,,,,,,,,,,,,,,,,,,,
5171,209945,3,SR,2,9,24-Sep-2021,21:07:32,-20.0917,148.9697,,401677713,-127,56,0,24-Sep-2021,21:05:18,-20.0917,148.9697,357,305,712,131,107,,,107,133,0,,,,,,,,,,,,,,,,,,,,,,,,,,,,,
5171,209945,3,SR,2,9,24-Sep-2021,21:07:32,-20.0917,148.9697,,401677713,-127,56,0,24-Sep-2021,21:06:47,-20.0917,148.9697,357,305,712,131,107,,,12,1,144,,,,,,,,,,,,,,,,,,,,,,,,,,,,,
5171,209945,3,SR,2,9,24-Sep-2021,21:07:32,-20.0917,148.9697,,401677713,-127,56,0,24-Sep-2021,21:08:17,-20.0917,148.9697,357,305,712,131,107,,,30,142,28,,,,,,,,,,,,,,,,,,,,,,,,,,,,,
5171,209945,3,A1,B,10,24-Sep-2021,21:04:32,-20.0855,148.9436,,401677707,-133,8,0,24-Sep-2021,21:03:48,-20.0855,148.9436,90,2541,10671,605,104,,,84,232,2,,,,,,,,,,,,,,,,,,,,,,,,,,,,,
5171,209945,3,A1,B,10,24-Sep-2021,21:04:32,-20.0855,148.9436,,401677707,-133,8,0,24-Sep-2021,21:05:18,-20.0855,148.9436,90,2541,10671,605,104,,,107,133,0,,,,,,,,,,,,,,,,,,,,,,,,,,,,,
5171,209945,3,MA,1,11,24-Sep-2021,21:11:14,-20.0698,148.9758,,401677703,-112,46,0,24-Sep-2021,21:09:45,-20.0698,148.9758,721,899,1467,550,103,,,64,0,5,,,,,,,,,,,,,,,,,,,,,,,,,,,,,
5171,209945,3,MA,1,11,24-Sep-2021,21:11:14,-20.0698,148.9758,,401677703,-112,46,0,24-Sep-2021,21:11:15,-20.0698,148.9758,721,899,1467,550,103,,,85,237,2,,,,,,,,,,,,,,,,,,,,,,,,,,,,,
5171,209945,3,MA,1,11,24-Sep-2021,21:11:14,-20.0698,148.9758,,401677703,-112,46,0,24-Sep-2021,21:12:43,-20.0698,148.9758,721,899,1467,550,103,,,107,133,0,,,,,,,,,,,,,,,,,,,,,,,,,,,,,
5171,209945,3,MA,1,11,24-Sep-2021,21:11:14,-20.0698,148.9758,,401677703,-112,46,1,24-Sep-2021,21:15:41,-20.0698,148.9758,721,899,1467,550,103,,,30,142,28,,,,,,,,,,,,,,,,,,,,,,,,,,,,,
5171,209945,3,MA,1,11,24-Sep-2021,21:11:14,-20.0698,148.9758,,401677703,-112,46,0,24-Sep-2021,21:17:11,-20.0698,148.9758,721,899,1467,550,103,,,71,84,5,,,,,,,,,,,,,,,,,,,,,,,,,,,,,
5171,209945,3,MA,1,11,24-Sep-2021,21:11:14,-20.0698,148.9758,,401677703,-112,46,0,24-Sep-2021,21:18:44,-20.0698,148.9758,721,899,1467,550,103,,,86,242,2,,,,,,,,,,,,,,,,,,,,,,,,,,,,,
5171,209945,3,MA,1,11,24-Sep-2021,21:11:14,-20.0698,148.9758,,401677703,-112,46,0,24-Sep-2021,21:20:14,-20.0698,148.9758,721,899,1467,550,103,,,100,134,4,,,,,,,,,,,,,,,,,,,,,,,,,,,,,
5171,209945,3,MA,1,11,24-Sep-2021,21:11:14,-20.0698,148.9758,,401677703,-112,46,1,24-Sep-2021,21:21:46,-20.0698,148.9758,721,899,1467,550,103,,,12,1,144,,,,,,,,,,,,,,,,,,,,,,,,,,,,,
5171,209945,3,NK,2,12,24-Sep-2021,21:33:34,-20.0742,148.9660,,401677710,-118,56,0,24-Sep-2021,21:30:54,-20.0742,148.9660,447,286,1031,79,103,,,30,142,28,,,,,,,,,,,,,,,,,,,,,,,,,,,,,
5171,209945,23,NK,2,12,24-Sep-2021,21:33:34,-20.0742,148.9660,,401677710,-118,56,0,24-Sep-2021,21:32:24,-20.0742,148.9660,447,286,1031,79,103,,,76,144,165,245,40,150,198,113,60,86,44,97,212,5,247,12,1,255,1,209,144,0,0,,,,,,,,,
5171,209945,3,NK,2,12,24-Sep-2021,21:33:34,-20.0742,148.9660,,401677710,-118,56,0,24-Sep-2021,21:36:51,-20.0742,148.9660,447,286,1031,79,103,,,106,133,0,,,,,,,,,,,,,,,,,,,,,,,,,,,,,
5171,209945,3,NK,2,12,24-Sep-2021,21:33:34,-20.0742,148.9660,,401677710,-118,56,1,24-Sep-2021,21:38:21,-20.0742,148.9660,447,286,1031,79,103,,,12,1,144,,,,,,,,,,,,,,,,,,,,,,,,,,,,,
5171,209945,3,NP,3,13,24-Sep-2021,21:36:07,-20.0745,148.9621,,401677710,-133,56,0,24-Sep-2021,21:35:23,-20.0745,148.9621,539,226,280,181,118,,,85,253,2,,,,,,,,,,,,,,,,,,,,,,,,,,,,,
5171,209945,3,NP,3,13,24-Sep-2021,21:36:07,-20.0745,148.9621,,401677710,-133,56,0,24-Sep-2021,21:36:51,-20.0745,148.9621,539,226,280,181,118,,,107,133,0,,,,,,,,,,,,,,,,,,,,,,,,,,,,,
5171,209945,3,NP,3,13,24-Sep-2021,21:36:07,-20.0745,148.9621,,401677710,-133,56,0,24-Sep-2021,21:38:21,-20.0745,148.9621,539,226,280,181,118,,,20,1,240,,,,,,,,,,,,,,,,,,,,,,,,,,,,,
5171,209945,3,NP,3,13,24-Sep-2021,21:36:07,-20.0745,148.9621,,401677710,-133,56,0,24-Sep-2021,21:39:52,-20.0745,148.9621,539,226,280,181,118,,,30,142,28,,,,,,,,,,,,,,,,,,,,,,,,,,,,,
5171,209945,3,NP,3,13,24-Sep-2021,21:36:07,-20.0745,148.9621,,401677710,-133,56,0,24-Sep-2021,21:41:22,-20.0745,148.9621,539,226,280,181,118,,,64,254,4,,,,,,,,,,,,,,,,,,,,,,,,,,,,,
5171,209945,3,NP,3,13,24-Sep-2021,21:36:07,-20.0745,148.9621,,401677710,-133,56,0,24-Sep-2021,21:42:52,-20.0745,148.9621,539,226,280,181,118,,,80,2,2,,,,,,,,,,,,,,,,,,,,,,,,,,,,,
5171,209945,3,NP,3,13,24-Sep-2021,21:36:07,-20.0745,148.9621,,401677710,-133,56,1,24-Sep-2021,21:44:22,-20.0745,148.9621,539,226,280,181,118,,,107,133,0,,,,,,,,,,,,,,,,,,,,,,,,,,,,,
5171,209945,3,MC,2,14,24-Sep-2021,21:47:22,-20.0680,148.9635,,401677709,-125,56,0,24-Sep-2021,21:41:22,-20.0680,148.9635,360,351,655,187,36,,,64,254,4,,,,,,,,,,,,,,,,,,,,,,,,,,,,,
5171,209945,3,MC,2,14,24-Sep-2021,21:47:22,-20.0680,148.9635,,401677709,-125,56,0,24-Sep-2021,21:42:52,-20.0680,148.9635,360,351,655,187,36,,,80,2,3,,,,,,,,,,,,,,,,,,,,,,,,,,,,,
5171,209945,3,MC,2,14,24-Sep-2021,21:47:22,-20.0680,148.9635,,401677709,-125,56,0,24-Sep-2021,21:44:22,-20.0680,148.9635,360,351,655,187,36,,,107,133,0,,,,,,,,,,,,,,,,,,,,,,,,,,,,,
5171,209945,3,MC,2,14,24-Sep-2021,21:47:22,-20.0680,148.9635,,401677709,-125,56,0,24-Sep-2021,21:47:22,-20.0680,148.9635,360,351,655,187,36,,,30,142,28,,,,,,,,,,,,,,,,,,,,,,,,,,,,,
5171,209945,3,NN,B,15,24-Sep-2021,22:16:39,-20.0864,148.9440,,401677720,-133,6,0,24-Sep-2021,22:15:54,-20.0864,148.9440,90,1315,2582,669,109,,,107,133,0,,,,,,,,,,,,,,,,,,,,,,,,,,,,,
5171,209945,3,NN,B,15,24-Sep-2021,22:16:39,-20.0864,148.9440,,401677720,-133,6,0,24-Sep-2021,22:17:24,-20.0864,148.9440,90,1315,2582,669,109,,,12,1,144,,,,,,,,,,,,,,,,,,,,,,,,,,,,,
5171,209945,3,MB,B,16,24-Sep-2021,22:28:44,-20.1192,148.9680,,401677716,-130,8,0,24-Sep-2021,22:27:59,-20.1192,148.9680,90,1943,7515,502,100,,,65,235,4,,,,,,,,,,,,,,,,,,,,,,,,,,,,,
5171,209945,3,MB,B,16,24-Sep-2021,22:28:44,-20.1192,148.9680,,401677716,-130,8,0,24-Sep-2021,22:29:29,-20.1192,148.9680,90,1943,7515,502,100,,,95,33,3,,,,,,,,,,,,,,,,,,,,,,,,,,,,,
5171,209945,3,MA,2,17,24-Sep-2021,22:53:18,-20.1689,149.0390,,401677694,-122,56,0,24-Sep-2021,22:52:06,-20.1689,149.0390,271,399,792,200,60,,,70,128,5,,,,,,,,,,,,,,,,,,,,,,,,,,,,,
5171,209945,3,MA,2,17,24-Sep-2021,22:53:18,-20.1689,149.0390,,401677694,-122,56,0,24-Sep-2021,22:53:36,-20.1689,149.0390,271,399,792,200,60,,,95,49,3,,,,,,,,,,,,,,,,,,,,,,,,,,,,,
5171,209945,3,MA,2,17,24-Sep-2021,22:53:18,-20.1689,149.0390,,401677694,-122,56,0,24-Sep-2021,22:55:07,-20.1689,149.0390,271,399,792,200,60,,,97,135,0,,,,,,,,,,,,,,,,,,,,,,,,,,,,,
5171,209945,3,MA,2,17,24-Sep-2021,22:53:18,-20.1689,149.0390,,401677694,-122,56,1,24-Sep-2021,22:56:37,-20.1689,149.0390,271,399,792,200,60,,,12,1,144,,,,,,,,,,,,,,,,,,,,,,,,,,,,,
5171,209945,3,MC,0,18,24-Sep-2021,23:22:02,-20.1734,149.0785,,401677698,-110,56,0,24-Sep-2021,23:16:06,-20.1734,149.0785,812,2084,33044,131,101,,,89,64,3,,,,,,,,,,,,,,,,,,,,,,,,,,,,,
5171,209945,3,MC,0,18,24-Sep-2021,23:22:02,-20.1734,149.0785,,401677698,-110,56,0,24-Sep-2021,23:17:36,-20.1734,149.0785,812,2084,33044,131,101,,,100,134,0,,,,,,,,,,,,,,,,,,,,,,,,,,,,,
5171,209945,3,MC,0,18,24-Sep-2021,23:22:02,-20.1734,149.0785,,401677698,-110,56,0,24-Sep-2021,23:19:02,-20.1734,149.0785,812,2084,33044,131,101,,,12,1,144,,,,,,,,,,,,,,,,,,,,,,,,,,,,,
5171,209945,3,MC,0,18,24-Sep-2021,23:22:02,-20.1734,149.0785,,401677698,-110,56,0,24-Sep-2021,23:22:02,-20.1734,149.0785,812,2084,33044,131,101,,,77,70,5,,,,,,,,,,,,,,,,,,,,,,,,,,,,,
5171,209945,3,MC,0,18,24-Sep-2021,23:22:02,-20.1734,149.0785,,401677698,-110,56,0,24-Sep-2021,23:23:32,-20.1734,149.0785,812,2084,33044,131,101,,,88,69,3,,,,,,,,,,,,,,,,,,,,,,,,,,,,,
5171,209945,23,MC,0,18,24-Sep-2021,23:22:02,-20.1734,149.0785,,401677698,-110,56,0,24-Sep-2021,23:25:05,-20.1734,149.0785,812,2084,33044,131,101,,,84,240,165,245,40,150,198,113,60,93,183,226,84,6,141,12,1,255,1,214,192,0,0,,,,,,,,,
5171,209945,3,MC,0,18,24-Sep-2021,23:22:02,-20.1734,149.0785,,401677698,-110,56,0,24-Sep-2021,23:26:35,-20.1734,149.0785,812,2084,33044,131,101,,,97,135,0,,,,,,,,,,,,,,,,,,,,,,,,,,,,,
5171,209945,3,MC,0,18,24-Sep-2021,23:22:02,-20.1734,149.0785,,401677698,-110,56,1,24-Sep-2021,23:29:38,-20.1734,149.0785,812,2084,33044,131,101,,,30,142,28,,,,,,,,,,,,,,,,,,,,,,,,,,,,,
5171,209945,3,NN,2,19,24-Sep-2021,23:56:06,-20.2409,149.0462,,401677662,-120,58,0,24-Sep-2021,23:53:54,-20.2409,149.0462,808,491,1262,191,109,,,74,124,6,,,,,,,,,,,,,,,,,,,,,,,,,,,,,
5171,209945,3,NN,2,19,24-Sep-2021,23:56:06,-20.2409,149.0462,,401677662,-120,58,0,24-Sep-2021,23:55:22,-20.2409,149.0462,808,491,1262,191,109,,,91,90,3,,,,,,,,,,,,,,,,,,,,,,,,,,,,,
5171,209945,3,NN,2,19,24-Sep-2021,23:56:06,-20.2409,149.0462,,401677662,-120,58,0,24-Sep-2021,23:56:52,-20.2409,149.0462,808,491,1262,191,109,,,104,138,0,,,,,,,,,,,,,,,,,,,,,,,,,,,,,
5171,209945,31,NN,2,19,24-Sep-2021,23:56:06,-20.2409,149.0462,,401677662,-120,58,0,24-Sep-2021,23:58:18,-20.2409,149.0462,808,491,1262,191,109,,,40,103,19,0,0,0,0,0,0,0,0,0,15,255,255,232,103,19,0,0,0,0,239,255,205,117,103,55,14,119,92,
5171,209945,3,NN,2,19,24-Sep-2021,23:56:06,-20.2409,149.0462,,401677662,-120,58,0,24-Sep-2021,23:59:49,-20.2409,149.0462,808,491,1262,191,109,,,12,1,144,,,,,,,,,,,,,,,,,,,,,,,,,,,,,
5171,209945,23,NN,2,19,24-Sep-2021,23:56:06,-20.2409,149.0462,,401677662,-120,58,0,25-Sep-2021,00:02:51,-20.2409,149.0462,808,491,1262,191,109,,,74,16,165,245,40,150,198,113,60,128,84,98,214,6,191,20,11,255,255,232,128,255,128,,,,,,,,,
5171,209945,3,NN,2,19,24-Sep-2021,23:56:06,-20.2409,149.0462,,401677662,-120,58,0,25-Sep-2021,00:04:21,-20.2409,149.0462,808,491,1262,191,109,,,73,130,6,,,,,,,,,,,,,,,,,,,,,,,,,,,,,
5171,209945,3,NN,2,19,24-Sep-2021,23:56:06,-20.2409,149.0462,,401677662,-120,58,0,25-Sep-2021,00:05:51,-20.2409,149.0462,808,491,1262,191,109,,,92,97,3,,,,,,,,,,,,,,,,,,,,,,,,,,,,,
5171,209945,3,NN,2,19,24-Sep-2021,23:56:06,-20.2409,149.0462,,401677662,-120,58,1,25-Sep-2021,00:07:22,-20.2409,149.0462,808,491,1262,191,109,,,104,138,0,,,,,,,,,,,,,,,,,,,,,,,,,,,,,
5171,209945,3,MB,A,20,25-Sep-2021,00:10:51,-20.2396,149.0082,,401677664,-129,6,0,25-Sep-2021,00:07:22,-20.2396,149.0082,538,1061,2887,389,174,,,104,138,0,,,,,,,,,,,,,,,,,,,,,,,,,,,,,
5171,209945,3,MB,A,20,25-Sep-2021,00:10:51,-20.2396,149.0082,,401677664,-129,6,1,25-Sep-2021,00:16:20,-20.2396,149.0082,538,1061,2887,389,174,,,12,1,144,,,,,,,,,,,,,,,,,,,,,,,,,,,,,
5171,209945,3,MC,B,21,25-Sep-2021,01:02:45,-20.2666,148.9850,,401677681,-122,7,0,25-Sep-2021,01:02:46,-20.2666,148.9850,,2908,3243,2606,118,,,97,135,0,,,,,,,,,,,,,,,,,,,,,,,,,,,,,
5171,209945,31,SR,B,22,29-Sep-2021,07:45:07,-19.9017,149.3121,,401677718,-129,,0,29-Sep-2021,07:42:31,-19.9017,149.3121,313,11767,,,,,,40,103,132,0,0,142,106,226,243,143,51,96,206,21,5,63,10,70,38,161,188,46,6,86,1,31,253,255,255,223,120,
5171,209945,3,SR,B,22,29-Sep-2021,07:45:07,-19.9017,149.3121,,401677718,-129,,0,29-Sep-2021,07:47:44,-19.9017,149.3121,313,11767,,,,,,15,1,16,,,,,,,,,,,,,,,,,,,,,,,,,,,,,
5171,209945,3,NK,B,23,29-Sep-2021,08:15:53,-19.9078,149.2928,,401677727,-135,7,0,29-Sep-2021,08:15:53,-19.9078,149.2928,,18282,129774,2575,102,,,30,142,28,,,,,,,,,,,,,,,,,,,,,,,,,,,,,
5171,209945,3,A1,B,24,29-Sep-2021,19:55:27,-20.0560,148.8416,,401677728,-131,8,0,29-Sep-2021,19:55:28,-20.0560,148.8416,,24826,39837,15471,99,,,15,1,16,,,,,,,,,,,,,,,,,,,,,,,,,,,,,
5171,209945,3,SR,B,25,29-Sep-2021,20:08:39,-20.0063,148.7878,,401677761,-127,8,0,29-Sep-2021,20:08:39,-20.0063,148.7878,475,24462,44179,13544,91,,,85,189,3,,,,,,,,,,,,,,,,,,,,,,,,,,,,,
5171,209945,31,SR,B,25,29-Sep-2021,20:08:39,-20.0063,148.7878,,401677761,-127,8,0,29-Sep-2021,20:16:34,-20.0063,148.7878,475,24462,44179,13544,91,,,40,103,132,0,4,143,207,229,45,239,33,209,115,196,209,219,103,191,54,135,197,252,28,147,211,84,228,156,62,69,125,
5171,209945,3,NP,1,26,29-Sep-2021,20:35:42,-19.7904,148.8779,,401677719,-126,56,0,29-Sep-2021,20:35:20,-19.7904,148.8779,707,545,2203,135,93,,,89,206,3,,,,,,,,,,,,,,,,,,,,,,,,,,,,,
5171,209945,3,NP,1,26,29-Sep-2021,20:35:42,-19.7904,148.8779,,401677719,-126,56,0,29-Sep-2021,20:36:06,-19.7904,148.8779,707,545,2203,135,93,,,111,141,0,,,,,,,,,,,,,,,,,,,,,,,,,,,,,
5171,209945,3,NP,1,26,29-Sep-2021,20:35:42,-19.7904,148.8779,,401677719,-126,56,0,29-Sep-2021,20:37:51,-19.7904,148.8779,707,545,2203,135,93,,,74,252,4,,,,,,,,,,,,,,,,,,,,,,,,,,,,,
5171,209945,3,NP,1,26,29-Sep-2021,20:35:42,-19.7904,148.8779,,401677719,-126,56,0,29-Sep-2021,20:38:07,-19.7904,148.8779,707,545,2203,135,93,,,80,211,3,,,,,,,,,,,,,,,,,,,,,,,,,,,,,
5171,209945,3,NP,1,26,29-Sep-2021,20:35:42,-19.7904,148.8779,,401677719,-126,56,0,29-Sep-2021,20:38:25,-19.7904,148.8779,707,545,2203,135,93,,,100,134,0,,,,,,,,,,,,,,,,,,,,,,,,,,,,,
5171,209945,3,NP,1,26,29-Sep-2021,20:35:42,-19.7904,148.8779,,401677719,-126,56,1,29-Sep-2021,20:38:43,-19.7904,148.8779,707,545,2203,135,93,,,15,1,16,,,,,,,,,,,,,,,,,,,,,,,,,,,,,
5171,209945,3,NP,1,26,29-Sep-2021,20:35:42,-19.7904,148.8779,,401677719,-126,56,0,29-Sep-2021,20:39:21,-19.7904,148.8779,707,545,2203,135,93,,,30,142,28,,,,,,,,,,,,,,,,,,,,,,,,,,,,,
5171,209945,3,NP,1,26,29-Sep-2021,20:35:42,-19.7904,148.8779,,401677719,-126,56,0,29-Sep-2021,20:47:07,-19.7904,148.8779,707,545,2203,135,93,,,30,142,29,,,,,,,,,,,,,,,,,,,,,,,,,,,,,
5171,209945,3,NK,2,27,29-Sep-2021,21:01:51,-19.7931,148.8859,,401677713,-123,56,0,29-Sep-2021,21:00:20,-19.7931,148.8859,421,319,963,105,125,,,30,142,28,,,,,,,,,,,,,,,,,,,,,,,,,,,,,
5171,209945,31,NK,2,27,29-Sep-2021,21:01:51,-19.7931,148.8859,,401677713,-123,56,0,29-Sep-2021,21:01:52,-19.7931,148.8859,421,319,963,105,125,,,40,103,132,0,0,14,238,238,238,238,238,238,238,238,238,168,103,89,150,146,120,56,18,78,117,39,66,193,125,220,216,
5171,209945,3,NK,2,27,29-Sep-2021,21:01:51,-19.7931,148.8859,,401677713,-123,56,0,29-Sep-2021,21:03:31,-19.7931,148.8859,421,319,963,105,125,,,82,233,3,,,,,,,,,,,,,,,,,,,,,,,,,,,,,
5171,209945,3,NK,2,27,29-Sep-2021,21:01:51,-19.7931,148.8859,,401677713,-123,56,0,29-Sep-2021,21:07:21,-19.7931,148.8859,421,319,963,105,125,,,107,133,0,,,,,,,,,,,,,,,,,,,,,,,,,,,,,
5171,209945,3,MA,B,28,29-Sep-2021,21:07:20,-19.7929,148.8670,,401677715,-121,6,0,29-Sep-2021,21:07:21,-19.7929,148.8670,,3967,7740,2032,75,,,107,133,0,,,,,,,,,,,,,,,,,,,,,,,,,,,,,
5171,209945,3,MA,1,29,30-Sep-2021,20:51:35,-19.5119,148.9420,,401677716,-120,50,0,30-Sep-2021,20:48:37,-19.5119,148.9420,285,881,1771,438,24,,,90,241,3,,,,,,,,,,,,,,,,,,,,,,,,,,,,,
5171,209945,31,MA,1,29,30-Sep-2021,20:51:35,-19.5119,148.9420,,401677716,-120,50,0,30-Sep-2021,20:51:26,-19.5119,148.9420,285,881,1771,438,24,,,40,103,160,238,238,238,238,238,238,238,238,238,0,0,238,124,103,160,0,0,0,0,0,1,255,0,0,0,0,0,48,
5171,209945,23,MA,1,29,30-Sep-2021,20:51:35,-19.5119,148.9420,,401677716,-120,50,0,30-Sep-2021,20:52:55,-19.5119,148.9420,285,881,1771,438,24,,,81,16,165,245,40,150,198,120,79,219,117,17,131,67,205,211,213,17,196,216,77,0,61,,,,,,,,,
5171,209945,3,MA,1,29,30-Sep-2021,20:51:35,-19.5119,148.9420,,401677716,-120,50,0,30-Sep-2021,20:53:22,-19.5119,148.9420,285,881,1771,438,24,,,111,129,0,,,,,,,,,,,,,,,,,,,,,,,,,,,,,
5171,209945,3,NP,2,30,01-Oct-2021,20:11:28,-19.1771,149.0968,,401677725,-131,,0,01-Oct-2021,20:11:29,-19.1771,149.0968,670,256,356,183,93,,,30,142,28,,,,,,,,,,,,,,,,,,,,,,,,,,,,,
5171,209945,3,NP,2,30,01-Oct-2021,20:11:28,-19.1771,149.0968,,401677725,-131,,0,01-Oct-2021,20:12:21,-19.1771,149.0968,670,256,356,183,93,,,85,46,4,,,,,,,,,,,,,,,,,,,,,,,,,,,,,
5171,209945,3,NP,2,30,01-Oct-2021,20:11:28,-19.1771,149.0968,,401677725,-131,,0,01-Oct-2021,20:13:51,-19.1771,149.0968,670,256,356,183,93,,,70,30,5,,,,,,,,,,,,,,,,,,,,,,,,,,,,,
5171,209945,3,NP,2,30,01-Oct-2021,20:11:28,-19.1771,149.0968,,401677725,-131,,0,01-Oct-2021,20:14:09,-19.1771,149.0968,670,256,356,183,93,,,92,51,4,,,,,,,,,,,,,,,,,,,,,,,,,,,,,
5171,209945,3,NP,2,30,01-Oct-2021,20:11:28,-19.1771,149.0968,,401677725,-131,,0,01-Oct-2021,20:14:52,-19.1771,149.0968,670,256,356,183,93,,,107,133,0,,,,,,,,,,,,,,,,,,,,,,,,,,,,,
5171,209945,3,NP,2,30,01-Oct-2021,20:11:28,-19.1771,149.0968,,401677725,-131,,1,01-Oct-2021,20:15:43,-19.1771,149.0968,670,256,356,183,93,,,15,1,16,,,,,,,,,,,,,,,,,,,,,,,,,,,,,
5171,209945,3,NP,2,30,01-Oct-2021,20:11:28,-19.1771,149.0968,,401677725,-131,,2,01-Oct-2021,20:16:03,-19.1771,149.0968,670,256,356,183,93,,,30,142,28,,,,,,,,,,,,,,,,,,,,,,,,,,,,,
5171,209945,3,NP,2,30,01-Oct-2021,20:11:28,-19.1771,149.0968,,401677725,-131,,0,01-Oct-2021,20:16:22,-19.1771,149.0968,670,256,356,183,93,,,67,31,5,,,,,,,,,,,,,,,,,,,,,,,,,,,,,
5171,209945,3,NP,2,30,01-Oct-2021,20:11:28,-19.1771,149.0968,,401677725,-131,,0,01-Oct-2021,20:16:51,-19.1771,149.0968,670,256,356,183,93,,,91,56,4,,,,,,,,,,,,,,,,,,,,,,,,,,,,,
5171,209945,3,NP,2,30,01-Oct-2021,20:11:28,-19.1771,149.0968,,401677725,-131,,0,01-Oct-2021,20:18:55,-19.1771,149.0968,670,256,356,183,93,,,97,135,0,,,,,,,,,,,,,,,,,,,,,,,,,,,,,
5171,209945,3,NP,2,30,01-Oct-2021,20:11:28,-19.1771,149.0968,,401677725,-131,,0,01-Oct-2021,20:19:53,-19.1771,149.0968,670,256,356,183,93,,,15,1,24,,,,,,,,,,,,,,,,,,,,,,,,,,,,,
5171,209945,31,NP,2,30,01-Oct-2021,20:11:28,-19.1771,149.0968,,401677725,-131,,0,01-Oct-2021,20:21:06,-19.1771,149.0968,670,256,356,183,93,,,40,103,192,238,238,238,14,238,238,238,238,238,238,14,224,68,103,192,0,0,0,0,0,0,255,0,0,1,2,16,123,
5171,209945,3,NP,2,30,01-Oct-2021,20:11:28,-19.1771,149.0968,,401677725,-131,,0,01-Oct-2021,20:21:21,-19.1771,149.0968,670,256,356,183,93,,,62,206,28,,,,,,,,,,,,,,,,,,,,,,,,,,,,,
5171,209945,3,NP,2,30,01-Oct-2021,20:11:28,-19.1771,149.0968,,401677725,-131,,1,01-Oct-2021,20:22:39,-19.1771,149.0968,670,256,356,183,93,,,64,32,5,,,,,,,,,,,,,,,,,,,,,,,,,,,,,
5171,209945,3,NK,3,31,01-Oct-2021,20:14:32,-19.1793,149.1021,,401677712,-124,56,0,01-Oct-2021,20:11:57,-19.1793,149.1021,418,179,259,122,163,,,64,32,5,,,,,,,,,,,,,,,,,,,,,,,,,,,,,
5171,209945,3,NK,3,31,01-Oct-2021,20:14:32,-19.1793,149.1021,,401677712,-124,56,0,01-Oct-2021,20:12:21,-19.1793,149.1021,418,179,259,122,163,,,85,46,4,,,,,,,,,,,,,,,,,,,,,,,,,,,,,
5171,209945,3,NK,3,31,01-Oct-2021,20:14:32,-19.1793,149.1021,,401677712,-124,56,0,01-Oct-2021,20:13:51,-19.1793,149.1021,418,179,259,122,163,,,70,30,5,,,,,,,,,,,,,,,,,,,,,,,,,,,,,
5171,209945,3,NK,3,31,01-Oct-2021,20:14:32,-19.1793,149.1021,,401677712,-124,56,0,01-Oct-2021,20:14:09,-19.1793,149.1021,418,179,259,122,163,,,92,51,4,,,,,,,,,,,,,,,,,,,,,,,,,,,,,
5171,209945,3,NK,3,31,01-Oct-2021,20:14:32,-19.1793,149.1021,,401677712,-124,56,0,01-Oct-2021,20:14:52,-19.1793,149.1021,418,179,259,122,163,,,107,133,0,,,,,,,,,,,,,,,,,,,,,,,,,,,,,
5171,209945,3,NK,3,31,01-Oct-2021,20:14:32,-19.1793,149.1021,,401677712,-124,56,1,01-Oct-2021,20:15:43,-19.1793,149.1021,418,179,259,122,163,,,15,1,16,,,,,,,,,,,,,,,,,,,,,,,,,,,,,
5171,209945,3,NK,3,31,01-Oct-2021,20:14:32,-19.1793,149.1021,,401677712,-124,56,2,01-Oct-2021,20:16:03,-19.1793,149.1021,418,179,259,122,163,,,30,142,28,,,,,,,,,,,,,,,,,,,,,,,,,,,,,
5171,209945,3,NK,3,31,01-Oct-2021,20:14:32,-19.1793,149.1021,,401677712,-124,56,0,01-Oct-2021,20:16:22,-19.1793,149.1021,418,179,259,122,163,,,67,31,5,,,,,,,,,,,,,,,,,,,,,,,,,,,,,
5171,209945,3,NK,3,31,01-Oct-2021,20:14:32,-19.1793,149.1021,,401677712,-124,56,0,01-Oct-2021,20:16:51,-19.1793,149.1021,418,179,259,122,163,,,91,56,4,,,,,,,,,,,,,,,,,,,,,,,,,,,,,
5171,209945,3,NK,3,31,01-Oct-2021,20:14:32,-19.1793,149.1021,,401677712,-124,56,0,01-Oct-2021,20:18:55,-19.1793,149.1021,418,179,259,122,163,,,97,135,0,,,,,,,,,,,,,,,,,,,,,,,,,,,,,
5171,209945,3,MA,1,32,01-Oct-2021,20:28:00,-19.1777,149.1178,,401677713,-120,46,0,01-Oct-2021,20:25:10,-19.1777,149.1178,481,728,884,598,6,,,83,29,86,,,,,,,,,,,,,,,,,,,,,,,,,,,,,
5171,209945,3,MA,1,32,01-Oct-2021,20:28:00,-19.1777,149.1178,,401677713,-120,46,0,01-Oct-2021,20:29:03,-19.1777,149.1178,481,728,884,598,6,,,97,135,0,,,,,,,,,,,,,,,,,,,,,,,,,,,,,
5171,209945,3,MA,1,32,01-Oct-2021,20:28:00,-19.1777,149.1178,,401677713,-120,46,0,01-Oct-2021,20:29:48,-19.1777,149.1178,481,728,884,598,6,,,15,1,16,,,,,,,,,,,,,,,,,,,,,,,,,,,,,
5171,209945,3,MA,1,32,01-Oct-2021,20:28:00,-19.1777,149.1178,,401677713,-120,46,0,01-Oct-2021,20:30:10,-19.1777,149.1178,481,728,884,598,6,,,30,142,29,,,,,,,,,,,,,,,,,,,,,,,,,,,,,
5171,209945,3,MA,1,32,01-Oct-2021,20:28:00,-19.1777,149.1178,,401677713,-120,46,0,01-Oct-2021,20:30:26,-19.1777,149.1178,481,728,884,598,6,,,71,29,19,,,,,,,,,,,,,,,,,,,,,,,,,,,,,
5171,209945,3,MA,1,32,01-Oct-2021,20:28:00,-19.1777,149.1178,,401677713,-120,46,0,01-Oct-2021,20:31:08,-19.1777,149.1178,481,728,884,598,6,,,84,68,4,,,,,,,,,,,,,,,,,,,,,,,,,,,,,
5171,209945,3,MA,1,32,01-Oct-2021,20:28:00,-19.1777,149.1178,,401677713,-120,46,0,01-Oct-2021,20:31:30,-19.1777,149.1178,481,728,884,598,6,,,231,67,19,,,,,,,,,,,,,,,,,,,,,,,,,,,,,
5171,209945,3,MA,1,32,01-Oct-2021,20:28:00,-19.1777,149.1178,,401677713,-120,46,0,01-Oct-2021,20:31:50,-19.1777,149.1178,481,728,884,598,6,,,79,1,16,,,,,,,,,,,,,,,,,,,,,,,,,,,,,
5171,209945,3,MA,1,32,01-Oct-2021,20:28:00,-19.1777,149.1178,,401677713,-120,46,0,01-Oct-2021,20:32:28,-19.1777,149.1178,481,728,884,598,6,,,30,174,28,,,,,,,,,,,,,,,,,,,,,,,,,,,,,
5171,209945,3,MA,1,32,01-Oct-2021,20:28:00,-19.1777,149.1178,,401677713,-120,46,0,01-Oct-2021,20:32:50,-19.1777,149.1178,481,728,884,598,6,,,67,31,5,,,,,,,,,,,,,,,,,,,,,,,,,,,,,
5171,209945,3,MA,1,32,01-Oct-2021,20:28:00,-19.1777,149.1178,,401677713,-120,46,0,01-Oct-2021,20:33:11,-19.1777,149.1178,481,728,884,598,6,,,93,73,4,,,,,,,,,,,,,,,,,,,,,,,,,,,,,
5171,209945,3,SR,2,33,01-Oct-2021,20:43:29,-19.1749,149.1156,,401677710,-126,56,0,01-Oct-2021,20:43:19,-19.1749,149.1156,637,353,750,165,129,,,95,81,5,,,,,,,,,,,,,,,,,,,,,,,,,,,,,
5171,209945,3,SR,2,33,01-Oct-2021,20:43:29,-19.1749,149.1156,,401677710,-126,56,0,01-Oct-2021,20:43:40,-19.1749,149.1156,637,353,750,165,129,,,164,4,200,,,,,,,,,,,,,,,,,,,,,,,,,,,,,
5171,209945,3,SR,2,33,01-Oct-2021,20:43:29,-19.1749,149.1156,,401677710,-126,56,0,01-Oct-2021,20:50:53,-19.1749,149.1156,637,353,750,165,129,,,15,1,21,,,,,,,,,,,,,,,,,,,,,,,,,,,,,
5171,209945,3,SR,2,33,01-Oct-2021,20:43:29,-19.1749,149.1156,,401677710,-126,56,0,01-Oct-2021,20:52:15,-19.1749,149.1156,637,353,750,165,129,,,30,142,28,,,,,,,,,,,,,,,,,,,,,,,,,,,,,
5171,209945,23,SR,2,33,01-Oct-2021,20:43:29,-19.1749,149.1156,,401677710,-126,56,0,01-Oct-2021,20:52:47,-19.1749,149.1156,637,353,750,165,129,,,93,144,181,231,184,22,201,41,64,77,144,7,107,56,102,196,95,104,109,144,132,106,232,,,,,,,,,
5171,209945,3,SR,2,33,01-Oct-2021,20:43:29,-19.1749,149.1156,,401677710,-126,56,0,01-Oct-2021,20:53:22,-19.1749,149.1156,637,353,750,165,129,,,74,34,5,,,,,,,,,,,,,,,,,,,,,,,,,,,,,
5171,209945,3,SR,2,33,01-Oct-2021,20:43:29,-19.1749,149.1156,,401677710,-126,56,0,01-Oct-2021,20:53:56,-19.1749,149.1156,637,353,750,165,129,,,93,89,4,,,,,,,,,,,,,,,,,,,,,,,,,,,,,
5171,209945,3,A1,2,34,01-Oct-2021,20:54:33,-19.1797,149.1259,,401677714,-132,56,0,01-Oct-2021,20:52:15,-19.1797,149.1259,378,325,591,178,138,,,30,142,28,,,,,,,,,,,,,,,,,,,,,,,,,,,,,
5171,209945,23,A1,2,34,01-Oct-2021,20:54:33,-19.1797,149.1259,,401677714,-132,56,0,01-Oct-2021,20:52:47,-19.1797,149.1259,378,325,591,178,138,,,93,22,199,224,132,104,119,159,66,11,227,166,219,117,176,242,128,31,187,122,224,6,60,,,,,,,,,
5171,209945,3,A1,2,34,01-Oct-2021,20:54:33,-19.1797,149.1259,,401677714,-132,56,0,01-Oct-2021,20:53:22,-19.1797,149.1259,378,325,591,178,138,,,74,34,5,,,,,,,,,,,,,,,,,,,,,,,,,,,,,
5171,209945,3,A1,2,34,01-Oct-2021,20:54:33,-19.1797,149.1259,,401677714,-132,56,0,01-Oct-2021,20:53:56,-19.1797,149.1259,378,325,591,178,138,,,93,89,4,,,,,,,,,,,,,,,,,,,,,,,,,,,,,
5171,209945,3,A1,2,34,01-Oct-2021,20:54:33,-19.1797,149.1259,,401677714,-132,56,0,01-Oct-2021,20:56:28,-19.1797,149.1259,378,325,591,178,138,,,110,132,0,,,,,,,,,,,,,,,,,,,,,,,,,,,,,
5171,209945,3,A1,2,34,01-Oct-2021,20:54:33,-19.1797,149.1259,,401677714,-132,56,0,01-Oct-2021,20:58:33,-19.1797,149.1259,378,325,591,178,138,,,15,1,16,,,,,,,,,,,,,,,,,,,,,,,,,,,,,
5171,209945,3,MC,B,35,01-Oct-2021,22:38:18,-19.1638,149.1291,,401677697,-117,8,0,01-Oct-2021,22:38:18,-19.1638,149.1291,,3160,4190,2382,102,,,110,132,33,,,,,,,,,,,,,,,,,,,,,,,,,,,,,
5171,209945,3,NN,B,36,01-Oct-2021,22:38:18,-19.1629,149.1288,,401677703,-125,,0,01-Oct-2021,22:38:18,-19.1629,149.1288,,2792,3767,2068,100,,,78,164,0,,,,,,,,,,,,,,,,,,,,,,,,,,,,,
5171,209945,3,A1,A,37,02-Oct-2021,07:20:55,-19.1215,149.1387,,401677709,-128,8,0,02-Oct-2021,07:19:40,-19.1215,149.1387,155,1932,29845,125,69,,,81,117,4,,,,,,,,,,,,,,,,,,,,,,,,,,,,,
5171,209945,3,A1,A,37,02-Oct-2021,07:20:55,-19.1215,149.1387,,401677709,-128,8,0,02-Oct-2021,07:20:52,-19.1215,149.1387,155,1932,29845,125,69,,,15,1,16,,,,,,,,,,,,,,,,,,,,,,,,,,,,,
5171,209945,3,A1,A,37,02-Oct-2021,07:20:55,-19.1215,149.1387,,401677709,-128,8,0,02-Oct-2021,07:22:15,-19.1215,149.1387,155,1932,29845,125,69,,,77,41,5,,,,,,,,,,,,,,,,,,,,,,,,,,,,,
5171,209945,3,NP,B,38,02-Oct-2021,10:36:10,-19.1063,149.1407,,401677715,-133,8,0,02-Oct-2021,10:36:11,-19.1063,149.1407,,2641,4721,1477,73,,,77,41,5,,,,,,,,,,,,,,,,,,,,,,,,,,,,,
5171,209945,3,MA,B,39,02-Oct-2021,10:36:10,-19.1108,149.1562,,401677696,-120,8,0,02-Oct-2021,10:36:11,-19.1108,149.1562,,2485,4557,1355,60,,,77,41,5,,,,,,,,,,,,,,,,,,,,,,,,,,,,,
5171,209945,3,NP,3,40,02-Oct-2021,20:06:54,-19.2211,149.2749,,401677713,-126,58,0,02-Oct-2021,19:58:23,-19.2211,149.2749,725,161,187,138,142,,,31,1,16,,,,,,,,,,,,,,,,,,,,,,,,,,,,,
5171,209945,3,NP,3,40,02-Oct-2021,20:06:54,-19.2211,149.2749,,401677713,-126,58,0,02-Oct-2021,20:00:04,-19.2211,149.2749,725,161,187,138,142,,,90,252,4,,,,,,,,,,,,,,,,,,,,,,,,,,,,,
5171,209945,3,NP,3,40,02-Oct-2021,20:06:54,-19.2211,149.2749,,401677713,-126,58,0,02-Oct-2021,20:00:25,-19.2211,149.2749,725,161,187,138,142,,,110,132,0,,,,,,,,,,,,,,,,,,,,,,,,,,,,,
5171,209945,3,NP,3,40,02-Oct-2021,20:06:54,-19.2211,149.2749,,401677713,-126,58,0,02-Oct-2021,20:01:57,-19.2211,149.2749,725,161,187,138,142,,,85,1,5,,,,,,,,,,,,,,,,,,,,,,,,,,,,,
5171,209945,23,NP,3,40,02-Oct-2021,20:06:54,-19.2211,149.2749,,401677713,-126,58,0,02-Oct-2021,20:04:12,-19.2211,149.2749,725,161,187,138,142,,,93,16,165,245,40,150,208,114,196,251,50,68,220,96,136,142,201,168,136,122,140,171,32,,,,,,,,,
5171,209945,3,NP,3,40,02-Oct-2021,20:06:54,-19.2211,149.2749,,401677713,-126,58,0,02-Oct-2021,20:04:46,-19.2211,149.2749,725,161,187,138,142,,,91,7,5,,,,,,,,,,,,,,,,,,,,,,,,,,,,,
5171,209945,3,NP,3,40,02-Oct-2021,20:06:54,-19.2211,149.2749,,401677713,-126,58,0,02-Oct-2021,20:05:20,-19.2211,149.2749,725,161,187,138,142,,,100,134,0,,,,,,,,,,,,,,,,,,,,,,,,,,,,,
5171,209945,3,NP,3,40,02-Oct-2021,20:06:54,-19.2211,149.2749,,401677713,-126,58,0,02-Oct-2021,20:05:36,-19.2211,149.2749,725,161,187,138,142,,,15,1,16,,,,,,,,,,,,,,,,,,,,,,,,,,,,,
5171,209945,3,NP,3,40,02-Oct-2021,20:06:54,-19.2211,149.2749,,401677713,-126,58,0,02-Oct-2021,20:06:18,-19.2211,149.2749,725,161,187,138,142,,,77,25,5,,,,,,,,,,,,,,,,,,,,,,,,,,,,,
5171,209945,3,NP,3,40,02-Oct-2021,20:06:54,-19.2211,149.2749,,401677713,-126,58,0,02-Oct-2021,20:06:39,-19.2211,149.2749,725,161,187,138,142,,,92,12,5,,,,,,,,,,,,,,,,,,,,,,,,,,,,,
5171,209945,3,NP,3,40,02-Oct-2021,20:06:54,-19.2211,149.2749,,401677713,-126,58,0,02-Oct-2021,20:06:57,-19.2211,149.2749,725,161,187,138,142,,,96,130,0,,,,,,,,,,,,,,,,,,,,,,,,,,,,,
5171,209945,3,NP,3,40,02-Oct-2021,20:06:54,-19.2211,149.2749,,401677713,-126,58,0,02-Oct-2021,20:08:02,-19.2211,149.2749,725,161,187,138,142,,,15,0,33,,,,,,,,,,,,,,,,,,,,,,,,,,,,,
5171,209945,3,NP,3,40,02-Oct-2021,20:06:54,-19.2211,149.2749,,401677713,-126,58,0,02-Oct-2021,20:08:17,-19.2211,149.2749,725,161,187,138,142,,,30,142,28,,,,,,,,,,,,,,,,,,,,,,,,,,,,,
5171,209945,3,NP,3,40,02-Oct-2021,20:06:54,-19.2211,149.2749,,401677713,-126,58,0,02-Oct-2021,20:09:25,-19.2211,149.2749,725,161,187,138,142,,,72,24,5,,,,,,,,,,,,,,,,,,,,,,,,,,,,,
5171,209945,3,NP,3,40,02-Oct-2021,20:06:54,-19.2211,149.2749,,401677713,-126,58,0,02-Oct-2021,20:10:28,-19.2211,149.2749,725,161,187,138,142,,,85,17,5,,,,,,,,,,,,,,,,,,,,,,,,,,,,,
5171,209945,3,MA,2,41,02-Oct-2021,20:08:46,-19.2216,149.2761,,401677713,-126,56,0,02-Oct-2021,20:06:18,-19.2216,149.2761,392,267,379,187,16,,,77,25,5,,,,,,,,,,,,,,,,,,,,,,,,,,,,,
5171,209945,3,MA,2,41,02-Oct-2021,20:08:46,-19.2216,149.2761,,401677713,-126,56,0,02-Oct-2021,20:06:39,-19.2216,149.2761,392,267,379,187,16,,,92,12,5,,,,,,,,,,,,,,,,,,,,,,,,,,,,,
5171,209945,3,MA,2,41,02-Oct-2021,20:08:46,-19.2216,149.2761,,401677713,-126,56,0,02-Oct-2021,20:06:57,-19.2216,149.2761,392,267,379,187,16,,,96,130,0,,,,,,,,,,,,,,,,,,,,,,,,,,,,,
5171,209945,3,MA,2,41,02-Oct-2021,20:08:46,-19.2216,149.2761,,401677713,-126,56,0,02-Oct-2021,20:09:25,-19.2216,149.2761,392,267,379,187,16,,,72,24,5,,,,,,,,,,,,,,,,,,,,,,,,,,,,,
5171,209945,3,MA,2,41,02-Oct-2021,20:08:46,-19.2216,149.2761,,401677713,-126,56,0,02-Oct-2021,20:10:28,-19.2216,149.2761,392,267,379,187,16,,,85,17,5,,,,,,,,,,,,,,,,,,,,,,,,,,,,,
5171,209945,3,MA,2,41,02-Oct-2021,20:08:46,-19.2216,149.2761,,401677713,-126,56,0,02-Oct-2021,20:12:50,-19.2216,149.2761,392,267,379,187,16,,,15,1,16,,,,,,,,,,,,,,,,,,,,,,,,,,,,,
5171,209945,3,SR,2,42,02-Oct-2021,20:14:54,-19.2284,149.2823,,401677714,-125,56,0,02-Oct-2021,20:13:19,-19.2284,149.2823,210,296,2577,33,70,,,30,142,28,,,,,,,,,,,,,,,,,,,,,,,,,,,,,
5171,209945,3,SR,2,42,02-Oct-2021,20:14:54,-19.2284,149.2823,,401677714,-125,56,0,02-Oct-2021,20:14:13,-19.2284,149.2823,210,296,2577,33,70,,,66,26,5,,,,,,,,,,,,,,,,,,,,,,,,,,,,,
5171,209945,3,SR,2,42,02-Oct-2021,20:14:54,-19.2284,149.2823,,401677714,-125,56,0,02-Oct-2021,20:15:41,-19.2284,149.2823,210,296,2577,33,70,,,94,22,5,,,,,,,,,,,,,,,,,,,,,,,,,,,,,
5171,209945,3,SR,2,42,02-Oct-2021,20:14:54,-19.2284,149.2823,,401677714,-125,56,0,02-Oct-2021,20:16:32,-19.2284,149.2823,210,296,2577,33,70,,,98,136,0,,,,,,,,,,,,,,,,,,,,,,,,,,,,,
5171,209945,3,SR,2,42,02-Oct-2021,20:14:54,-19.2284,149.2823,,401677714,-125,56,1,02-Oct-2021,20:16:49,-19.2284,149.2823,210,296,2577,33,70,,,15,1,16,,,,,,,,,,,,,,,,,,,,,,,,,,,,,
5171,209945,3,A1,1,43,02-Oct-2021,20:37:48,-19.2364,149.2933,,401677719,-130,56,0,02-Oct-2021,20:36:24,-19.2364,149.2933,157,698,3344,145,58,,,110,132,0,,,,,,,,,,,,,,,,,,,,,,,,,,,,,
5171,209945,3,A1,1,43,02-Oct-2021,20:37:48,-19.2364,149.2933,,401677719,-130,56,0,02-Oct-2021,20:37:30,-19.2364,149.2933,157,698,3344,145,58,,,15,1,16,,,,,,,,,,,,,,,,,,,,,,,,,,,,,
5171,209945,3,A1,1,43,02-Oct-2021,20:37:48,-19.2364,149.2933,,401677719,-130,56,0,02-Oct-2021,20:37:57,-19.2364,149.2933,157,698,3344,145,58,,,30,142,28,,,,,,,,,,,,,,,,,,,,,,,,,,,,,
5171,209945,3,A1,1,43,02-Oct-2021,20:37:48,-19.2364,149.2933,,401677719,-130,56,0,02-Oct-2021,20:38:12,-19.2364,149.2933,157,698,3344,145,58,,,76,28,5,,,,,,,,,,,,,,,,,,,,,,,,,,,,,
5171,209945,3,A1,1,43,02-Oct-2021,20:37:48,-19.2364,149.2933,,401677719,-130,56,0,02-Oct-2021,20:39:01,-19.2364,149.2933,157,698,3344,145,58,,,80,48,5,,,,,,,,,,,,,,,,,,,,,,,,,,,,,
5171,209945,3,NK,B,44,02-Oct-2021,21:22:33,-19.2367,149.2964,,401677713,-137,8,0,02-Oct-2021,21:22:34,-19.2367,149.2964,,1250,1559,1001,64,,,15,33,80,,,,,,,,,,,,,,,,,,,,,,,,,,,,,
5171,209945,3,A1,A,45,03-Oct-2021,07:10:46,-19.2022,149.2477,,401677719,-125,8,0,03-Oct-2021,07:10:20,-19.2022,149.2477,47,1032,12581,84,90,,,97,135,0,,,,,,,,,,,,,,,,,,,,,,,,,,,,,
5171,209945,3,A1,A,45,03-Oct-2021,07:10:46,-19.2022,149.2477,,401677719,-125,8,0,03-Oct-2021,07:10:52,-19.2022,149.2477,47,1032,12581,84,90,,,15,1,16,,,,,,,,,,,,,,,,,,,,,,,,,,,,,
5171,209945,3,A1,A,45,03-Oct-2021,07:10:46,-19.2022,149.2477,,401677719,-125,8,0,03-Oct-2021,07:11:07,-19.2022,149.2477,47,1032,12581,84,90,,,30,142,28,,,,,,,,,,,,,,,,,,,,,,,,,,,,,
5171,209945,3,SR,B,46,03-Oct-2021,07:28:00,-19.2021,149.2486,,401677717,-134,6,0,03-Oct-2021,07:28:00,-19.2021,149.2486,,1161,3230,417,90,,,98,136,0,,,,,,,,,,,,,,,,,,,,,,,,,,,,,
5171,209945,3,NK,2,47,03-Oct-2021,08:15:43,-19.2300,149.2388,,401677710,-129,58,0,03-Oct-2021,08:13:00,-19.2300,149.2388,369,364,801,164,14,,,110,132,0,,,,,,,,,,,,,,,,,,,,,,,,,,,,,
5171,209945,3,NK,2,47,03-Oct-2021,08:15:43,-19.2300,149.2388,,401677710,-129,58,0,03-Oct-2021,08:13:20,-19.2300,149.2388,369,364,801,164,14,,,15,1,18,,,,,,,,,,,,,,,,,,,,,,,,,,,,,
5171,209945,3,NK,2,47,03-Oct-2021,08:15:43,-19.2300,149.2388,,401677710,-129,58,0,03-Oct-2021,08:13:57,-19.2300,149.2388,369,364,801,164,14,,,30,142,28,,,,,,,,,,,,,,,,,,,,,,,,,,,,,
5171,209945,3,NK,2,47,03-Oct-2021,08:15:43,-19.2300,149.2388,,401677710,-129,58,0,03-Oct-2021,08:14:12,-19.2300,149.2388,369,364,801,164,14,,,66,42,5,,,,,,,,,,,,,,,,,,,,,,,,,,,,,
5171,209945,3,NK,2,47,03-Oct-2021,08:15:43,-19.2300,149.2388,,401677710,-129,58,0,03-Oct-2021,08:14:35,-19.2300,149.2388,369,364,801,164,14,,,89,114,5,,,,,,,,,,,,,,,,,,,,,,,,,,,,,
5171,209945,3,NK,2,47,03-Oct-2021,08:15:43,-19.2300,149.2388,,401677710,-129,58,0,03-Oct-2021,08:14:54,-19.2300,149.2388,369,364,801,164,14,,,107,133,0,,,,,,,,,,,,,,,,,,,,,,,,,,,,,
5171,209945,3,NK,2,47,03-Oct-2021,08:15:43,-19.2300,149.2388,,401677710,-129,58,0,03-Oct-2021,08:15:44,-19.2300,149.2388,369,364,801,164,14,,,30,143,24,,,,,,,,,,,,,,,,,,,,,,,,,,,,,
5171,209945,3,NK,2,47,03-Oct-2021,08:15:43,-19.2300,149.2388,,401677710,-129,58,0,03-Oct-2021,08:16:17,-19.2300,149.2388,369,364,801,164,14,,,88,119,7,,,,,,,,,,,,,,,,,,,,,,,,,,,,,
5171,209945,3,NK,2,47,03-Oct-2021,08:15:43,-19.2300,149.2388,,401677710,-129,58,0,03-Oct-2021,08:16:35,-19.2300,149.2388,369,364,801,164,14,,,97,135,0,,,,,,,,,,,,,,,,,,,,,,,,,,,,,
5171,209945,3,NK,2,47,03-Oct-2021,08:15:43,-19.2300,149.2388,,401677710,-129,58,0,03-Oct-2021,08:17:32,-19.2300,149.2388,369,364,801,164,14,,,76,44,5,,,,,,,,,,,,,,,,,,,,,,,,,,,,,
5171,209945,3,NK,2,47,03-Oct-2021,08:15:43,-19.2300,149.2388,,401677710,-129,58,0,03-Oct-2021,08:18:53,-19.2300,149.2388,369,364,801,164,14,,,101,131,0,,,,,,,,,,,,,,,,,,,,,,,,,,,,,
5171,209945,3,NK,2,47,03-Oct-2021,08:15:43,-19.2300,149.2388,,401677710,-129,58,2,03-Oct-2021,08:19:09,-19.2300,149.2388,369,364,801,164,14,,,15,1,16,,,,,,,,,,,,,,,,,,,,,,,,,,,,,
5171,209945,3,NK,B,48,03-Oct-2021,09:53:52,-19.2033,149.2590,,401677704,-119,8,0,03-Oct-2021,09:53:53,-19.2033,149.2590,,1957,2686,1425,84,,,76,163,236,,,,,,,,,,,,,,,,,,,,,,,,,,,,,
5171,209945,31,MA,B,49,03-Oct-2021,10:15:44,-19.2042,149.2574,,401677704,-117,6,0,03-Oct-2021,10:15:45,-19.2042,149.2574,,2068,2802,1525,84,,,40,104,64,238,238,238,0,14,0,238,238,238,224,14,238,142,120,64,0,0,64,4,4,4,60,255,0,0,0,0,145,
5171,209945,31,NP,B,50,03-Oct-2021,10:17:01,-19.2592,149.2440,,401677720,-126,6,0,03-Oct-2021,10:15:45,-19.2592,149.2440,153,1577,23279,106,93,,,40,104,64,238,238,238,0,14,0,238,238,238,224,14,238,174,40,64,0,0,0,4,4,4,60,254,0,2,0,4,145,
5171,209945,3,NP,B,50,03-Oct-2021,10:17:01,-19.2592,149.2440,,401677720,-126,6,0,03-Oct-2021,10:18:18,-19.2592,149.2440,153,1577,23279,106,93,,,92,130,5,,,,,,,,,,,,,,,,,,,,,,,,,,,,,
5171,209945,3,NK,B,51,03-Oct-2021,19:25:48,-19.2365,149.2735,,401677709,-140,8,0,03-Oct-2021,19:25:49,-19.2365,149.2735,,3317,5254,2093,95,,,15,1,16,,,,,,,,,,,,,,,,,,,,,,,,,,,,,
5171,209945,3,SR,2,52,03-Oct-2021,19:42:25,-19.1678,149.1322,,401677713,-122,56,0,03-Oct-2021,19:42:49,-19.1678,149.1322,612,403,658,246,14,,,30,142,28,,,,,,,,,,,,,,,,,,,,,,,,,,,,,
5171,209945,3,SR,2,52,03-Oct-2021,19:42:25,-19.1678,149.1322,,401677713,-122,56,0,03-Oct-2021,19:43:27,-19.1678,149.1322,612,403,658,246,14,,,80,174,5,,,,,,,,,,,,,,,,,,,,,,,,,,,,,
5171,209945,3,SR,2,52,03-Oct-2021,19:42:25,-19.1678,149.1322,,401677713,-122,56,1,03-Oct-2021,19:49:09,-19.1678,149.1322,612,403,658,246,14,,,98,136,0,,,,,,,,,,,,,,,,,,,,,,,,,,,,,
5171,209945,3,SR,2,52,03-Oct-2021,19:42:25,-19.1678,149.1322,,401677713,-122,56,0,03-Oct-2021,19:49:59,-19.1678,149.1322,612,403,658,246,14,,,15,1,16,,,,,,,,,,,,,,,,,,,,,,,,,,,,,
5171,209945,3,SR,2,52,03-Oct-2021,19:42:25,-19.1678,149.1322,,401677713,-122,56,0,03-Oct-2021,19:51:03,-19.1678,149.1322,612,403,658,246,14,,,89,179,5,,,,,,,,,,,,,,,,,,,,,,,,,,,,,
5171,209945,3,SR,2,52,03-Oct-2021,19:42:25,-19.1678,149.1322,,401677713,-122,56,0,03-Oct-2021,19:51:19,-19.1678,149.1322,612,403,658,246,14,,,110,132,0,,,,,,,,,,,,,,,,,,,,,,,,,,,,,
5171,209945,23,SR,2,52,03-Oct-2021,19:42:25,-19.1678,149.1322,,401677713,-122,56,0,03-Oct-2021,19:51:37,-19.1678,149.1322,612,403,658,246,14,,,82,48,23,221,185,73,186,246,214,47,133,20,88,235,106,26,33,67,225,6,255,128,63,,,,,,,,,
5171,209945,3,SR,2,52,03-Oct-2021,19:42:25,-19.1678,149.1322,,401677713,-122,56,0,03-Oct-2021,19:53:01,-19.1678,149.1322,612,403,658,246,14,,,64,32,5,,,,,,,,,,,,,,,,,,,,,,,,,,,,,
5171,209945,3,NP,2,53,03-Oct-2021,19:55:29,-19.1708,149.1283,,401677712,-126,56,0,03-Oct-2021,19:49:09,-19.1708,149.1283,556,312,1096,88,87,,,98,136,0,,,,,,,,,,,,,,,,,,,,,,,,,,,,,
5171,209945,3,NP,2,53,03-Oct-2021,19:55:29,-19.1708,149.1283,,401677712,-126,56,0,03-Oct-2021,19:50:48,-19.1708,149.1283,556,312,1096,88,87,,,135,213,28,,,,,,,,,,,,,,,,,,,,,,,,,,,,,
5171,209945,3,NP,2,53,03-Oct-2021,19:55:29,-19.1708,149.1283,,401677712,-126,56,0,03-Oct-2021,19:51:03,-19.1708,149.1283,556,312,1096,88,87,,,89,179,5,,,,,,,,,,,,,,,,,,,,,,,,,,,,,
5171,209945,3,NP,2,53,03-Oct-2021,19:55:29,-19.1708,149.1283,,401677712,-126,56,0,03-Oct-2021,19:53:34,-19.1708,149.1283,556,312,1096,88,87,,,91,185,5,,,,,,,,,,,,,,,,,,,,,,,,,,,,,
5171,209945,3,NP,2,53,03-Oct-2021,19:55:29,-19.1708,149.1283,,401677712,-126,56,0,03-Oct-2021,19:53:54,-19.1708,149.1283,556,312,1096,88,87,,,110,132,0,,,,,,,,,,,,,,,,,,,,,,,,,,,,,
5171,209945,3,NP,2,53,03-Oct-2021,19:55:29,-19.1708,149.1283,,401677712,-126,56,0,03-Oct-2021,19:55:01,-19.1708,149.1283,556,312,1096,88,87,,,80,190,5,,,,,,,,,,,,,,,,,,,,,,,,,,,,,
5171,209945,3,NP,2,53,03-Oct-2021,19:55:29,-19.1708,149.1283,,401677712,-126,56,0,03-Oct-2021,19:55:21,-19.1708,149.1283,556,312,1096,88,87,,,101,131,0,,,,,,,,,,,,,,,,,,,,,,,,,,,,,
5171,209945,3,NP,2,53,03-Oct-2021,19:55:29,-19.1708,149.1283,,401677712,-126,56,1,03-Oct-2021,19:56:16,-19.1708,149.1283,556,312,1096,88,87,,,30,142,28,,,,,,,,,,,,,,,,,,,,,,,,,,,,,
5171,209945,3,NP,2,53,03-Oct-2021,19:55:29,-19.1708,149.1283,,401677712,-126,56,2,03-Oct-2021,19:56:51,-19.1708,149.1283,556,312,1096,88,87,,,64,32,5,,,,,,,,,,,,,,,,,,,,,,,,,,,,,
5171,209945,3,NP,2,53,03-Oct-2021,19:55:29,-19.1708,149.1283,,401677712,-126,56,0,03-Oct-2021,19:57:13,-19.1708,149.1283,556,312,1096,88,87,,,90,195,5,,,,,,,,,,,,,,,,,,,,,,,,,,,,,
5171,209945,3,NP,2,53,03-Oct-2021,19:55:29,-19.1708,149.1283,,401677712,-126,56,0,03-Oct-2021,19:57:59,-19.1708,149.1283,556,312,1096,88,87,,,97,135,0,,,,,,,,,,,,,,,,,,,,,,,,,,,,,
5171,209945,3,NP,2,53,03-Oct-2021,19:55:29,-19.1708,149.1283,,401677712,-126,56,2,03-Oct-2021,19:58:25,-19.1708,149.1283,556,312,1096,88,87,,,15,1,16,,,,,,,,,,,,,,,,,,,,,,,,,,,,,
5171,209945,3,A1,B,54,03-Oct-2021,20:28:42,-19.1691,149.1273,,401677712,-130,8,0,03-Oct-2021,20:28:42,-19.1691,149.1273,,1257,1409,1120,97,,,15,1,16,,,,,,,,,,,,,,,,,,,,,,,,,,,,,
5171,209945,3,NK,3,55,03-Oct-2021,20:58:38,-19.1676,149.1131,,401677712,-127,6,0,03-Oct-2021,20:57:52,-19.1676,149.1131,620,159,572,44,104,,,75,39,5,,,,,,,,,,,,,,,,,,,,,,,,,,,,,
5171,209945,3,NK,3,55,03-Oct-2021,20:58:38,-19.1676,149.1131,,401677712,-127,6,0,03-Oct-2021,20:58:07,-19.1676,149.1131,620,159,572,44,104,,,80,17,6,,,,,,,,,,,,,,,,,,,,,,,,,,,,,
5171,209945,3,NK,3,55,03-Oct-2021,20:58:38,-19.1676,149.1131,,401677712,-127,6,0,03-Oct-2021,20:59:24,-19.1676,149.1131,620,159,572,44,104,,,30,142,28,,,,,,,,,,,,,,,,,,,,,,,,,,,,,
5171,209945,3,NK,3,55,03-Oct-2021,20:58:38,-19.1676,149.1131,,401677712,-127,6,0,03-Oct-2021,21:00:00,-19.1676,149.1131,620,159,572,44,104,,,91,22,6,,,,,,,,,,,,,,,,,,,,,,,,,,,,,
5171,209945,3,NK,3,55,03-Oct-2021,20:58:38,-19.1676,149.1131,,401677712,-127,6,1,03-Oct-2021,21:00:18,-19.1676,149.1131,620,159,572,44,104,,,100,134,0,,,,,,,,,,,,,,,,,,,,,,,,,,,,,
5171,209945,23,NK,3,55,03-Oct-2021,20:58:38,-19.1676,149.1131,,401677712,-127,6,0,03-Oct-2021,21:01:03,-19.1676,149.1131,620,159,572,44,104,,,72,144,165,245,40,150,198,120,65,212,61,16,150,12,51,12,1,211,30,210,128,255,128,,,,,,,,,
5171,209945,3,NK,3,55,03-Oct-2021,20:58:38,-19.1676,149.1131,,401677712,-127,6,0,03-Oct-2021,21:01:53,-19.1676,149.1131,620,159,572,44,104,,,89,28,6,,,,,,,,,,,,,,,,,,,,,,,,,,,,,
5171,209945,3,NK,3,55,03-Oct-2021,20:58:38,-19.1676,149.1131,,401677712,-127,6,0,03-Oct-2021,21:03:01,-19.1676,149.1131,620,159,572,44,104,,,100,6,4,,,,,,,,,,,,,,,,,,,,,,,,,,,,,
5171,209945,3,NK,3,55,03-Oct-2021,20:58:38,-19.1676,149.1131,,401677712,-127,6,1,03-Oct-2021,21:04:00,-19.1676,149.1131,620,159,572,44,104,,,75,39,5,,,,,,,,,,,,,,,,,,,,,,,,,,,,,
5171,209945,3,NK,3,55,03-Oct-2021,20:58:38,-19.1676,149.1131,,401677712,-127,6,0,03-Oct-2021,21:04:24,-19.1676,149.1131,620,159,572,44,104,,,80,33,6,,,,,,,,,,,,,,,,,,,,,,,,,,,,,
5171,209945,3,NK,3,55,03-Oct-2021,20:58:38,-19.1676,149.1131,,401677712,-127,6,0,03-Oct-2021,21:05:16,-19.1676,149.1131,620,159,572,44,104,,,96,130,0,,,,,,,,,,,,,,,,,,,,,,,,,,,,,
5171,209945,3,NK,3,55,03-Oct-2021,20:58:38,-19.1676,149.1131,,401677712,-127,6,2,03-Oct-2021,21:06:19,-19.1676,149.1131,620,159,572,44,104,,,30,142,28,,,,,,,,,,,,,,,,,,,,,,,,,,,,,
5171,209945,3,NK,3,55,03-Oct-2021,20:58:38,-19.1676,149.1131,,401677712,-127,6,0,03-Oct-2021,21:07:40,-19.1676,149.1131,620,159,572,44,104,,,110,132,0,,,,,,,,,,,,,,,,,,,,,,,,,,,,,
5171,209945,3,NK,3,55,03-Oct-2021,20:58:38,-19.1676,149.1131,,401677712,-127,6,2,03-Oct-2021,21:08:12,-19.1676,149.1131,620,159,572,44,104,,,15,1,16,,,,,,,,,,,,,,,,,,,,,,,,,,,,,
5171,209945,3,SR,2,56,03-Oct-2021,21:26:23,-19.1689,149.1096,,401677715,-127,56,0,03-Oct-2021,21:23:01,-19.1689,149.1096,338,320,541,189,153,,,68,36,5,,,,,,,,,,,,,,,,,,,,,,,,,,,,,
5171,209945,3,SR,2,56,03-Oct-2021,21:26:23,-19.1689,149.1096,,401677715,-127,56,0,03-Oct-2021,21:23:16,-19.1689,149.1096,338,320,541,189,153,,,82,43,6,,,,,,,,,,,,,,,,,,,,,,,,,,,,,
5171,209945,3,SR,2,56,03-Oct-2021,21:26:23,-19.1689,149.1096,,401677715,-127,56,0,03-Oct-2021,21:24:52,-19.1689,149.1096,338,320,541,189,153,,,110,132,0,,,,,,,,,,,,,,,,,,,,,,,,,,,,,
5171,209945,3,SR,2,56,03-Oct-2021,21:26:23,-19.1689,149.1096,,401677715,-127,56,0,03-Oct-2021,21:25:40,-19.1689,149.1096,338,320,541,189,153,,,30,142,28,,,,,,,,,,,,,,,,,,,,,,,,,,,,,
5171,209945,3,SR,2,56,03-Oct-2021,21:26:23,-19.1689,149.1096,,401677715,-127,56,0,03-Oct-2021,21:26:24,-19.1689,149.1096,338,320,541,189,153,,,72,40,5,,,,,,,,,,,,,,,,,,,,,,,,,,,,,
5171,209945,23,SR,2,56,03-Oct-2021,21:26:23,-19.1689,149.1096,,401677715,-127,56,0,03-Oct-2021,21:28:39,-19.1689,149.1096,338,320,541,189,153,,,84,80,165,245,40,148,230,120,65,213,247,209,54,68,101,12,1,250,94,210,112,255,128,,,,,,,,,
5171,209945,3,MA,3,57,03-Oct-2021,21:25:53,-19.1682,149.1107,,401677712,-117,56,0,03-Oct-2021,21:23:01,-19.1682,149.1107,515,162,581,44,107,,,68,36,5,,,,,,,,,,,,,,,,,,,,,,,,,,,,,
5171,209945,3,MA,3,57,03-Oct-2021,21:25:53,-19.1682,149.1107,,401677712,-117,56,0,03-Oct-2021,21:23:16,-19.1682,149.1107,515,162,581,44,107,,,82,43,6,,,,,,,,,,,,,,,,,,,,,,,,,,,,,
5171,209945,3,MA,3,57,03-Oct-2021,21:25:53,-19.1682,149.1107,,401677712,-117,56,0,03-Oct-2021,21:24:52,-19.1682,149.1107,515,162,581,44,107,,,110,132,0,,,,,,,,,,,,,,,,,,,,,,,,,,,,,
5171,209945,3,MA,3,57,03-Oct-2021,21:25:53,-19.1682,149.1107,,401677712,-117,56,0,03-Oct-2021,21:25:40,-19.1682,149.1107,515,162,581,44,107,,,30,142,28,,,,,,,,,,,,,,,,,,,,,,,,,,,,,
5171,209945,3,MA,3,57,03-Oct-2021,21:25:53,-19.1682,149.1107,,401677712,-117,56,0,03-Oct-2021,21:26:24,-19.1682,149.1107,515,162,581,44,107,,,72,40,5,,,,,,,,,,,,,,,,,,,,,,,,,,,,,
5171,209945,3,MA,3,57,03-Oct-2021,21:25:53,-19.1682,149.1107,,401677712,-117,56,0,03-Oct-2021,21:27:48,-19.1682,149.1107,515,162,581,44,107,,,85,48,6,,,,,,,,,,,,,,,,,,,,,,,,,,,,,
5171,209945,3,MA,3,57,03-Oct-2021,21:25:53,-19.1682,149.1107,,401677712,-117,56,0,03-Oct-2021,21:28:08,-19.1682,149.1107,515,162,581,44,107,,,98,136,0,,,,,,,,,,,,,,,,,,,,,,,,,,,,,
5171,209945,23,MA,3,57,03-Oct-2021,21:25:53,-19.1682,149.1107,,401677712,-117,56,0,03-Oct-2021,21:28:39,-19.1682,149.1107,515,162,581,44,107,,,84,80,165,245,40,150,198,120,65,213,247,17,86,12,101,12,1,250,30,210,112,255,128,,,,,,,,,
5171,209945,3,MA,3,57,03-Oct-2021,21:25:53,-19.1682,149.1107,,401677712,-117,56,1,03-Oct-2021,21:31:36,-19.1682,149.1107,515,162,581,44,107,,,15,1,16,,,,,,,,,,,,,,,,,,,,,,,,,,,,,
5171,209945,3,NP,1,58,03-Oct-2021,21:29:02,-19.1697,149.1091,,401677712,-125,56,0,03-Oct-2021,21:27:48,-19.1697,149.1091,228,783,2534,242,114,,,85,48,6,,,,,,,,,,,,,,,,,,,,,,,,,,,,,
5171,209945,3,NP,1,58,03-Oct-2021,21:29:02,-19.1697,149.1091,,401677712,-125,56,0,03-Oct-2021,21:28:08,-19.1697,149.1091,228,783,2534,242,114,,,98,136,0,,,,,,,,,,,,,,,,,,,,,,,,,,,,,
5171,209945,23,NP,1,58,03-Oct-2021,21:29:02,-19.1697,149.1091,,401677712,-125,56,0,03-Oct-2021,21:28:39,-19.1697,149.1091,228,783,2534,242,114,,,84,80,165,245,40,150,198,120,65,213,247,17,86,12,101,12,1,250,30,210,112,255,128,,,,,,,,,
5171,209945,3,NP,1,58,03-Oct-2021,21:29:02,-19.1697,149.1091,,401677712,-125,56,0,03-Oct-2021,21:31:36,-19.1697,149.1091,228,783,2534,242,114,,,15,1,16,,,,,,,,,,,,,,,,,,,,,,,,,,,,,
5171,209945,31,SR,3,59,04-Oct-2021,06:53:41,-19.1123,149.0462,,401677710,-127,58,0,04-Oct-2021,06:51:04,-19.1123,149.0462,283,240,570,101,61,,,40,104,96,238,238,238,0,14,238,238,238,224,224,0,238,10,104,96,0,0,0,0,8,19,138,29,65,118,250,235,196,
5171,209945,3,SR,3,59,04-Oct-2021,06:53:41,-19.1123,149.0462,,401677710,-127,58,0,04-Oct-2021,06:53:09,-19.1123,149.0462,283,240,570,101,61,,,92,61,6,,,,,,,,,,,,,,,,,,,,,,,,,,,,,
5171,209945,3,SR,3,59,04-Oct-2021,06:53:41,-19.1123,149.0462,,401677710,-127,58,0,04-Oct-2021,06:54:45,-19.1123,149.0462,283,240,570,101,61,,,15,1,16,,,,,,,,,,,,,,,,,,,,,,,,,,,,,
5171,209945,3,SR,3,59,04-Oct-2021,06:53:41,-19.1123,149.0462,,401677710,-127,58,0,04-Oct-2021,06:55:47,-19.1123,149.0462,283,240,570,101,61,,,30,142,28,,,,,,,,,,,,,,,,,,,,,,,,,,,,,
5171,209945,31,A1,3,60,04-Oct-2021,06:53:41,-19.1125,149.0541,,401677711,-130,58,0,04-Oct-2021,06:51:04,-19.1125,149.0541,283,148,303,71,140,,,40,104,96,238,238,238,0,14,238,238,238,224,224,0,238,10,104,96,0,0,0,0,64,13,96,93,224,7,243,15,4,
5171,209945,3,A1,3,60,04-Oct-2021,06:53:41,-19.1125,149.0541,,401677711,-130,58,0,04-Oct-2021,06:53:09,-19.1125,149.0541,283,148,303,71,140,,,92,61,6,,,,,,,,,,,,,,,,,,,,,,,,,,,,,
5171,209945,3,A1,3,60,04-Oct-2021,06:53:41,-19.1125,149.0541,,401677711,-130,58,0,04-Oct-2021,06:54:45,-19.1125,149.0541,283,148,303,71,140,,,15,1,16,,,,,,,,,,,,,,,,,,,,,,,,,,,,,
5171,209945,3,A1,3,60,04-Oct-2021,06:53:41,-19.1125,149.0541,,401677711,-130,58,0,04-Oct-2021,06:55:47,-19.1125,149.0541,283,148,303,71,140,,,30,140,28,,,,,,,,,,,,,,,,,,,,,,,,,,,,,
5171,209945,3,SR,B,61,04-Oct-2021,08:30:56,-19.1176,149.0438,,401677732,-124,7,0,04-Oct-2021,08:30:57,-19.1176,149.0438,,4149,5395,3190,101,,,206,134,22,,,,,,,,,,,,,,,,,,,,,,,,,,,,,
5171,209945,3,MA,B,62,04-Oct-2021,09:55:47,-19.1458,149.0374,,401677696,-121,8,0,04-Oct-2021,09:55:48,-19.1458,149.0374,,4354,7255,2612,100,,,74,34,132,,,,,,,,,,,,,,,,,,,,,,,,,,,,,
5171,209945,3,MC,1,63,04-Oct-2021,10:23:04,-19.1733,149.0191,,401677709,-126,56,0,04-Oct-2021,10:21:21,-19.1733,149.0191,312,1375,7760,243,41,,,107,133,0,,,,,,,,,,,,,,,,,,,,,,,,,,,,,
5171,209945,3,MC,1,63,04-Oct-2021,10:23:04,-19.1733,149.0191,,401677709,-126,56,0,04-Oct-2021,10:21:43,-19.1733,149.0191,312,1375,7760,243,41,,,15,1,16,,,,,,,,,,,,,,,,,,,,,,,,,,,,,
5171,209945,3,MC,1,63,04-Oct-2021,10:23:04,-19.1733,149.0191,,401677709,-126,56,0,04-Oct-2021,10:22:39,-19.1733,149.0191,312,1375,7760,243,41,,,30,142,28,,,,,,,,,,,,,,,,,,,,,,,,,,,,,
5171,209945,3,MC,1,63,04-Oct-2021,10:23:04,-19.1733,149.0191,,401677709,-126,56,0,04-Oct-2021,10:26:33,-19.1733,149.0191,312,1375,7760,243,41,,,97,135,0,,,,,,,,,,,,,,,,,,,,,,,,,,,,,
5171,209945,3,NN,B,64,04-Oct-2021,10:44:24,-19.1742,149.0192,,401677706,-132,6,0,04-Oct-2021,10:44:01,-19.1742,149.0192,47,1137,2062,626,47,,,30,142,28,,,,,,,,,,,,,,,,,,,,,,,,,,,,,
5171,209945,3,NN,B,64,04-Oct-2021,10:44:24,-19.1742,149.0192,,401677706,-132,6,0,04-Oct-2021,10:44:48,-19.1742,149.0192,47,1137,2062,626,47,,,78,38,5,,,,,,,,,,,,,,,,,,,,,,,,,,,,,
5171,209945,3,MC,B,65,04-Oct-2021,12:12:24,-19.1807,149.0110,,401677710,-134,8,0,04-Oct-2021,12:12:24,-19.1807,149.0110,,2606,2967,2288,51,,,74,34,5,,,,,,,,,,,,,,,,,,,,,,,,,,,,,
5171,209945,3,NN,B,66,04-Oct-2021,12:33:31,-19.1780,149.0135,,401677712,-133,6,0,04-Oct-2021,12:33:31,-19.1780,149.0135,,2401,2893,1991,49,,,64,32,29,,,,,,,,,,,,,,,,,,,,,,,,,,,,,
5171,209945,3,NP,3,67,04-Oct-2021,19:43:49,-19.1975,148.9960,,401677713,-128,58,0,04-Oct-2021,19:36:19,-19.1975,148.9960,604,156,249,97,11,,,94,169,6,,,,,,,,,,,,,,,,,,,,,,,,,,,,,
5171,209945,3,NP,3,67,04-Oct-2021,19:43:49,-19.1975,148.9960,,401677713,-128,58,0,04-Oct-2021,19:37:25,-19.1975,148.9960,604,156,249,97,11,,,30,158,20,,,,,,,,,,,,,,,,,,,,,,,,,,,,,
5171,209945,3,NP,3,67,04-Oct-2021,19:43:49,-19.1975,148.9960,,401677713,-128,58,0,04-Oct-2021,19:37:41,-19.1975,148.9960,604,156,249,97,11,,,74,34,5,,,,,,,,,,,,,,,,,,,,,,,,,,,,,
5171,209945,3,NP,3,67,04-Oct-2021,19:43:49,-19.1975,148.9960,,401677713,-128,58,0,04-Oct-2021,19:37:56,-19.1975,148.9960,604,156,249,97,11,,,85,174,6,,,,,,,,,,,,,,,,,,,,,,,,,,,,,
5171,209945,23,NP,3,67,04-Oct-2021,19:43:49,-19.1975,148.9960,,401677713,-128,58,0,04-Oct-2021,19:38:12,-19.1975,148.9960,604,156,249,97,11,,,75,208,165,245,40,150,198,120,66,78,144,216,150,13,95,12,1,242,28,210,48,255,128,,,,,,,,,
5171,209945,3,NP,3,67,04-Oct-2021,19:43:49,-19.1975,148.9960,,401677713,-128,58,0,04-Oct-2021,19:38:50,-19.1975,148.9960,604,156,249,97,11,,,75,48,17,,,,,,,,,,,,,,,,,,,,,,,,,,,,,
5171,209945,3,NP,3,67,04-Oct-2021,19:43:49,-19.1975,148.9960,,401677713,-128,58,0,04-Oct-2021,19:39:52,-19.1975,148.9960,604,156,249,97,11,,,87,180,6,,,,,,,,,,,,,,,,,,,,,,,,,,,,,
5171,209945,3,NP,3,67,04-Oct-2021,19:43:49,-19.1975,148.9960,,401677713,-128,58,0,04-Oct-2021,19:42:12,-19.1975,148.9960,604,156,249,97,11,,,94,185,6,,,,,,,,,,,,,,,,,,,,,,,,,,,,,
5171,209945,3,NP,3,67,04-Oct-2021,19:43:49,-19.1975,148.9960,,401677713,-128,58,0,04-Oct-2021,19:42:27,-19.1975,148.9960,604,156,249,97,11,,,100,134,0,,,,,,,,,,,,,,,,,,,,,,,,,,,,,
5171,209945,3,NP,3,67,04-Oct-2021,19:43:49,-19.1975,148.9960,,401677713,-128,58,1,04-Oct-2021,19:43:26,-19.1975,148.9960,604,156,249,97,11,,,65,37,5,,,,,,,,,,,,,,,,,,,,,,,,,,,,,
5171,209945,3,NP,3,67,04-Oct-2021,19:43:49,-19.1975,148.9960,,401677713,-128,58,0,04-Oct-2021,19:43:43,-19.1975,148.9960,604,156,249,97,11,,,85,190,6,,,,,,,,,,,,,,,,,,,,,,,,,,,,,
5171,209945,3,NP,3,67,04-Oct-2021,19:43:49,-19.1975,148.9960,,401677713,-128,58,0,04-Oct-2021,19:44:00,-19.1975,148.9960,604,156,249,97,11,,,110,132,0,,,,,,,,,,,,,,,,,,,,,,,,,,,,,
5171,209945,3,NP,3,67,04-Oct-2021,19:43:49,-19.1975,148.9960,,401677713,-128,58,1,04-Oct-2021,19:44:50,-19.1975,148.9960,604,156,249,97,11,,,30,142,28,,,,,,,,,,,,,,,,,,,,,,,,,,,,,
5171,209945,3,NP,3,67,04-Oct-2021,19:43:49,-19.1975,148.9960,,401677713,-128,58,0,04-Oct-2021,19:45:05,-19.1975,148.9960,604,156,249,97,11,,,68,36,5,,,,,,,,,,,,,,,,,,,,,,,,,,,,,
5171,209945,3,NP,3,67,04-Oct-2021,19:43:49,-19.1975,148.9960,,401677713,-128,58,0,04-Oct-2021,19:45:32,-19.1975,148.9960,604,156,249,97,11,,,95,195,6,,,,,,,,,,,,,,,,,,,,,,,,,,,,,
5171,209945,3,NP,3,67,04-Oct-2021,19:43:49,-19.1975,148.9960,,401677713,-128,58,2,04-Oct-2021,19:46:23,-19.1975,148.9960,604,156,249,97,11,,,15,1,16,,,,,,,,,,,,,,,,,,,,,,,,,,,,,
5171,209945,23,A1,3,68,04-Oct-2021,20:09:45,-19.2009,149.0031,,401677713,-122,56,0,04-Oct-2021,20:06:23,-19.2009,149.0031,544,167,371,74,96,,,78,112,165,245,40,150,198,120,66,80,147,149,150,13,195,12,1,230,28,210,80,255,128,,,,,,,,,
5171,209945,3,A1,3,68,04-Oct-2021,20:09:45,-19.2009,149.0031,,401677713,-122,56,0,04-Oct-2021,20:06:50,-19.2009,149.0031,544,167,371,74,96,,,75,63,136,,,,,,,,,,,,,,,,,,,,,,,,,,,,,
5171,209945,3,A1,3,68,04-Oct-2021,20:09:45,-19.2009,149.0031,,401677713,-122,56,0,04-Oct-2021,20:07:17,-19.2009,149.0031,544,167,371,74,96,,,95,227,6,,,,,,,,,,,,,,,,,,,,,,,,,,,,,
5171,209945,3,A1,3,68,04-Oct-2021,20:09:45,-19.2009,149.0031,,401677713,-122,56,0,04-Oct-2021,20:07:35,-19.2009,149.0031,544,167,371,74,96,,,97,135,0,,,,,,,,,,,,,,,,,,,,,,,,,,,,,
5171,209945,3,A1,3,68,04-Oct-2021,20:09:45,-19.2009,149.0031,,401677713,-122,56,0,04-Oct-2021,20:08:48,-19.2009,149.0031,544,167,371,74,96,,,79,35,5,,,,,,,,,,,,,,,,,,,,,,,,,,,,,
5171,209945,3,A1,3,68,04-Oct-2021,20:09:45,-19.2009,149.0031,,401677713,-122,56,0,04-Oct-2021,20:10:11,-19.2009,149.0031,544,167,371,74,96,,,88,234,64,,,,,,,,,,,,,,,,,,,,,,,,,,,,,
5171,209945,3,A1,3,68,04-Oct-2021,20:09:45,-19.2009,149.0031,,401677713,-122,56,0,04-Oct-2021,20:12:08,-19.2009,149.0031,544,167,371,74,96,,,101,131,0,,,,,,,,,,,,,,,,,,,,,,,,,,,,,
5171,209945,3,A1,3,68,04-Oct-2021,20:09:45,-19.2009,149.0031,,401677713,-122,56,1,04-Oct-2021,20:12:31,-19.2009,149.0031,544,167,371,74,96,,,15,1,16,,,,,,,,,,,,,,,,,,,,,,,,,,,,,
5171,209945,3,A1,3,68,04-Oct-2021,20:09:45,-19.2009,149.0031,,401677713,-122,56,1,04-Oct-2021,20:13:35,-19.2009,149.0031,544,167,371,74,96,,,30,142,28,,,,,,,,,,,,,,,,,,,,,,,,,,,,,
5171,209945,3,A1,3,68,04-Oct-2021,20:09:45,-19.2009,149.0031,,401677713,-122,56,0,04-Oct-2021,20:15:27,-19.2009,149.0031,544,167,371,74,96,,,89,237,6,,,,,,,,,,,,,,,,,,,,,,,,,,,,,
5171,209945,3,NK,1,69,04-Oct-2021,20:34:06,-19.2064,149.0029,,401677713,-129,56,0,04-Oct-2021,20:33:09,-19.2064,149.0029,116,576,1142,290,73,,,92,74,39,,,,,,,,,,,,,,,,,,,,,,,,,,,,,
5171,209945,3,NK,1,69,04-Oct-2021,20:34:06,-19.2064,149.0029,,401677713,-129,56,0,04-Oct-2021,20:33:35,-19.2064,149.0029,116,576,1142,290,73,,,97,135,0,,,,,,,,,,,,,,,,,,,,,,,,,,,,,
5171,209945,3,NK,1,69,04-Oct-2021,20:34:06,-19.2064,149.0029,,401677713,-129,56,0,04-Oct-2021,20:33:50,-19.2064,149.0029,116,576,1142,290,73,,,15,1,16,,,,,,,,,,,,,,,,,,,,,,,,,,,,,
5171,209945,3,NK,1,69,04-Oct-2021,20:34:06,-19.2064,149.0029,,401677713,-129,56,0,04-Oct-2021,20:34:17,-19.2064,149.0029,116,576,1142,290,73,,,30,142,28,,,,,,,,,,,,,,,,,,,,,,,,,,,,,
5171,209945,3,NK,1,69,04-Oct-2021,20:34:06,-19.2064,149.0029,,401677713,-129,56,0,04-Oct-2021,20:34:45,-19.2064,149.0029,116,576,1142,290,73,,,69,33,5,,,,,,,,,,,,,,,,,,,,,,,,,,,,,
5171,209945,3,NK,1,69,04-Oct-2021,20:34:06,-19.2064,149.0029,,401677713,-129,56,0,04-Oct-2021,20:35:05,-19.2064,149.0029,116,576,1142,290,73,,,93,7,7,,,,,,,,,,,,,,,,,,,,,,,,,,,,,
5171,209945,3,NP,3,70,04-Oct-2021,21:17:23,-19.1899,149.0148,,401677713,-120,58,0,04-Oct-2021,21:15:36,-19.1899,149.0148,632,140,336,58,96,,,98,136,0,,,,,,,,,,,,,,,,,,,,,,,,,,,,,
5171,209945,3,NP,3,70,04-Oct-2021,21:17:23,-19.1899,149.0148,,401677713,-120,58,0,04-Oct-2021,21:16:24,-19.1899,149.0148,632,140,336,58,96,,,71,27,5,,,,,,,,,,,,,,,,,,,,,,,,,,,,,
5171,209945,3,NP,3,70,04-Oct-2021,21:17:23,-19.1899,149.0148,,401677713,-120,58,0,04-Oct-2021,21:16:44,-19.1899,149.0148,632,140,336,58,96,,,90,12,7,,,,,,,,,,,,,,,,,,,,,,,,,,,,,
5171,209945,3,NP,3,70,04-Oct-2021,21:17:23,-19.1899,149.0148,,401677713,-120,58,0,04-Oct-2021,21:18:18,-19.1899,149.0148,632,140,336,58,96,,,70,30,5,,,,,,,,,,,,,,,,,,,,,,,,,,,,,
5171,209945,3,NP,3,70,04-Oct-2021,21:17:23,-19.1899,149.0148,,401677713,-120,58,0,04-Oct-2021,21:18:33,-19.1899,149.0148,632,140,336,58,96,,,83,17,7,,,,,,,,,,,,,,,,,,,,,,,,,,,,,
5171,209945,3,NP,3,70,04-Oct-2021,21:17:23,-19.1899,149.0148,,401677713,-120,58,0,04-Oct-2021,21:19:20,-19.1899,149.0148,632,140,336,58,96,,,97,135,0,,,,,,,,,,,,,,,,,,,,,,,,,,,,,
5171,209945,23,NP,3,70,04-Oct-2021,21:17:23,-19.1899,149.0148,,401677713,-120,58,0,04-Oct-2021,21:19:35,-19.1899,149.0148,632,140,336,58,96,,,73,112,165,245,40,150,198,120,66,85,102,209,214,14,39,14,1,255,28,210,0,255,128,,,,,,,,,
5171,209945,3,NP,3,70,04-Oct-2021,21:17:23,-19.1899,149.0148,,401677713,-120,58,0,04-Oct-2021,21:20:56,-19.1899,149.0148,632,140,336,58,96,,,93,23,7,,,,,,,,,,,,,,,,,,,,,,,,,,,,,
5171,209945,3,NP,3,70,04-Oct-2021,21:17:23,-19.1899,149.0148,,401677713,-120,58,0,04-Oct-2021,21:22:51,-19.1899,149.0148,632,140,336,58,96,,,90,28,7,,,,,,,,,,,,,,,,,,,,,,,,,,,,,
5171,209945,3,NP,3,70,04-Oct-2021,21:17:23,-19.1899,149.0148,,401677713,-120,58,1,04-Oct-2021,21:23:06,-19.1899,149.0148,632,140,336,58,96,,,100,134,0,,,,,,,,,,,,,,,,,,,,,,,,,,,,,
5171,209945,3,NP,3,70,04-Oct-2021,21:17:23,-19.1899,149.0148,,401677713,-120,58,4,04-Oct-2021,21:24:01,-19.1899,149.0148,632,140,336,58,96,,,15,1,16,,,,,,,,,,,,,,,,,,,,,,,,,,,,,
5171,209945,3,NP,3,70,04-Oct-2021,21:17:23,-19.1899,149.0148,,401677713,-120,58,4,04-Oct-2021,21:24:39,-19.1899,149.0148,632,140,336,58,96,,,30,142,28,,,,,,,,,,,,,,,,,,,,,,,,,,,,,
5171,209945,3,NP,3,70,04-Oct-2021,21:17:23,-19.1899,149.0148,,401677713,-120,58,2,04-Oct-2021,21:26:08,-19.1899,149.0148,632,140,336,58,96,,,74,34,5,,,,,,,,,,,,,,,,,,,,,,,,,,,,,
5171,209945,3,MC,1,71,04-Oct-2021,21:38:24,-19.1953,149.0227,,401677710,-129,56,0,04-Oct-2021,21:36:54,-19.1953,149.0227,90,1148,1605,821,44,,,107,133,0,,,,,,,,,,,,,,,,,,,,,,,,,,,,,
5171,209945,3,MC,1,71,04-Oct-2021,21:38:24,-19.1953,149.0227,,401677710,-129,56,0,04-Oct-2021,21:37:12,-19.1953,149.0227,90,1148,1605,821,44,,,15,1,16,,,,,,,,,,,,,,,,,,,,,,,,,,,,,
5171,209945,3,MC,1,71,04-Oct-2021,21:38:24,-19.1953,149.0227,,401677710,-129,56,0,04-Oct-2021,21:37:32,-19.1953,149.0227,90,1148,1605,821,44,,,30,142,28,,,,,,,,,,,,,,,,,,,,,,,,,,,,,
5171,209945,3,MC,1,71,04-Oct-2021,21:38:24,-19.1953,149.0227,,401677710,-129,56,0,04-Oct-2021,21:37:50,-19.1953,149.0227,90,1148,1605,821,44,,,65,37,5,,,,,,,,,,,,,,,,,,,,,,,,,,,,,
5171,209945,3,MC,1,71,04-Oct-2021,21:38:24,-19.1953,149.0227,,401677710,-129,56,0,04-Oct-2021,21:38:24,-19.1953,149.0227,90,1148,1605,821,44,,,100,134,0,,,,,,,,,,,,,,,,,,,,,,,,,,,,,
5171,209945,3,SR,B,72,05-Oct-2021,06:25:23,-19.1880,149.0379,,401677703,-135,8,0,05-Oct-2021,06:25:24,-19.1880,149.0379,,5099,6010,4325,139,,,15,1,16,,,,,,,,,,,,,,,,,,,,,,,,,,,,,
5171,209945,3,A1,2,73,05-Oct-2021,06:41:08,-19.2300,149.1055,,401677713,-130,66,0,05-Oct-2021,06:37:43,-19.2300,149.1055,302,319,1461,69,20,,,92,50,7,,,,,,,,,,,,,,,,,,,,,,,,,,,,,
5171,209945,3,A1,2,73,05-Oct-2021,06:41:08,-19.2300,149.1055,,401677713,-130,66,0,05-Oct-2021,06:41:55,-19.2300,149.1055,302,319,1461,69,20,,,98,136,0,,,,,,,,,,,,,,,,,,,,,,,,,,,,,
5171,209945,3,A1,2,73,05-Oct-2021,06:41:08,-19.2300,149.1055,,401677713,-130,66,0,05-Oct-2021,06:42:12,-19.2300,149.1055,302,319,1461,69,20,,,15,1,16,,,,,,,,,,,,,,,,,,,,,,,,,,,,,
5171,209945,3,A1,2,73,05-Oct-2021,06:41:08,-19.2300,149.1055,,401677713,-130,66,0,05-Oct-2021,06:42:45,-19.2300,149.1055,302,319,1461,69,20,,,30,142,28,,,,,,,,,,,,,,,,,,,,,,,,,,,,,
5171,209945,3,SR,3,74,05-Oct-2021,08:01:43,-19.2539,149.1329,,401677713,-124,58,0,05-Oct-2021,07:59:34,-19.2539,149.1329,458,141,633,31,111,,,67,31,5,,,,,,,,,,,,,,,,,,,,,,,,,,,,,
5171,209945,3,SR,3,74,05-Oct-2021,08:01:43,-19.2539,149.1329,,401677713,-124,58,0,05-Oct-2021,08:00:02,-19.2539,149.1329,458,141,633,31,111,,,92,140,7,,,,,,,,,,,,,,,,,,,,,,,,,,,,,
5171,209945,3,SR,3,74,05-Oct-2021,08:01:43,-19.2539,149.1329,,401677713,-124,58,0,05-Oct-2021,08:00:48,-19.2539,149.1329,458,141,633,31,111,,,97,135,0,,,,,,,,,,,,,,,,,,,,,,,,,,,,,
5171,209945,23,SR,3,74,05-Oct-2021,08:01:43,-19.2539,149.1329,,401677713,-124,58,0,05-Oct-2021,08:02:45,-19.2539,149.1329,458,141,633,31,111,,,65,112,165,245,40,150,198,120,66,160,89,86,86,15,33,8,7,239,27,210,32,255,128,,,,,,,,,
5171,209945,3,SR,3,74,05-Oct-2021,08:01:43,-19.2539,149.1329,,401677713,-124,58,0,05-Oct-2021,08:03:37,-19.2539,149.1329,458,141,633,31,111,,,90,146,7,,,,,,,,,,,,,,,,,,,,,,,,,,,,,
5171,209945,3,SR,3,74,05-Oct-2021,08:01:43,-19.2539,149.1329,,401677713,-124,58,0,05-Oct-2021,08:03:56,-19.2539,149.1329,458,141,633,31,111,,,100,134,0,,,,,,,,,,,,,,,,,,,,,,,,,,,,,
5171,209945,3,SR,3,74,05-Oct-2021,08:01:43,-19.2539,149.1329,,401677713,-124,58,1,05-Oct-2021,08:04:21,-19.2539,149.1329,458,141,633,31,111,,,15,1,16,,,,,,,,,,,,,,,,,,,,,,,,,,,,,
5171,209945,3,SR,3,74,05-Oct-2021,08:01:43,-19.2539,149.1329,,401677713,-124,58,1,05-Oct-2021,08:04:46,-19.2539,149.1329,458,141,633,31,111,,,30,142,28,,,,,,,,,,,,,,,,,,,,,,,,,,,,,
5171,209945,3,SR,3,74,05-Oct-2021,08:01:43,-19.2539,149.1329,,401677713,-124,58,1,05-Oct-2021,08:05:23,-19.2539,149.1329,458,141,633,31,111,,,68,36,5,,,,,,,,,,,,,,,,,,,,,,,,,,,,,
5171,209945,3,SR,3,74,05-Oct-2021,08:01:43,-19.2539,149.1329,,401677713,-124,58,0,05-Oct-2021,08:05:38,-19.2539,149.1329,458,141,633,31,111,,,91,151,7,,,,,,,,,,,,,,,,,,,,,,,,,,,,,
5171,209945,3,SR,3,74,05-Oct-2021,08:01:43,-19.2539,149.1329,,401677713,-124,58,0,05-Oct-2021,08:05:53,-19.2539,149.1329,458,141,633,31,111,,,110,132,0,,,,,,,,,,,,,,,,,,,,,,,,,,,,,
5171,209945,3,SR,3,74,05-Oct-2021,08:01:43,-19.2539,149.1329,,401677713,-124,58,2,05-Oct-2021,08:06:08,-19.2539,149.1329,458,141,633,31,111,,,15,1,16,,,,,,,,,,,,,,,,,,,,,,,,,,,,,
5171,209945,3,SR,3,74,05-Oct-2021,08:01:43,-19.2539,149.1329,,401677713,-124,58,2,05-Oct-2021,08:06:29,-19.2539,149.1329,458,141,633,31,111,,,30,142,28,,,,,,,,,,,,,,,,,,,,,,,,,,,,,
5171,209945,3,SR,3,74,05-Oct-2021,08:01:43,-19.2539,149.1329,,401677713,-124,58,0,05-Oct-2021,08:06:55,-19.2539,149.1329,458,141,633,31,111,,,65,37,5,,,,,,,,,,,,,,,,,,,,,,,,,,,,,
5171,209945,3,SR,3,74,05-Oct-2021,08:01:43,-19.2539,149.1329,,401677713,-124,58,0,05-Oct-2021,08:07:12,-19.2539,149.1329,458,141,633,31,111,,,92,156,7,,,,,,,,,,,,,,,,,,,,,,,,,,,,,
5171,209945,3,NP,3,75,05-Oct-2021,08:10:08,-19.2615,149.1368,,401677713,-130,56,0,05-Oct-2021,08:09:28,-19.2615,149.1368,681,159,186,135,31,,,85,161,7,,,,,,,,,,,,,,,,,,,,,,,,,,,,,
5171,209945,3,NP,3,75,05-Oct-2021,08:10:08,-19.2615,149.1368,,401677713,-130,56,0,05-Oct-2021,08:09:49,-19.2615,149.1368,681,159,186,135,31,,,100,134,0,,,,,,,,,,,,,,,,,,,,,,,,,,,,,
5171,209945,3,NP,3,75,05-Oct-2021,08:10:08,-19.2615,149.1368,,401677713,-130,56,0,05-Oct-2021,08:10:11,-19.2615,149.1368,681,159,186,135,31,,,15,1,16,,,,,,,,,,,,,,,,,,,,,,,,,,,,,
5171,209945,3,NP,3,75,05-Oct-2021,08:10:08,-19.2615,149.1368,,401677713,-130,56,0,05-Oct-2021,08:10:26,-19.2615,149.1368,681,159,186,135,31,,,30,142,28,,,,,,,,,,,,,,,,,,,,,,,,,,,,,
5171,209945,3,NP,3,75,05-Oct-2021,08:10:08,-19.2615,149.1368,,401677713,-130,56,1,05-Oct-2021,08:10:51,-19.2615,149.1368,681,159,186,135,31,,,65,37,5,,,,,,,,,,,,,,,,,,,,,,,,,,,,,
5171,209945,3,NP,3,75,05-Oct-2021,08:10:08,-19.2615,149.1368,,401677713,-130,56,0,05-Oct-2021,08:11:07,-19.2615,149.1368,681,159,186,135,31,,,94,166,7,,,,,,,,,,,,,,,,,,,,,,,,,,,,,
5171,209945,3,NP,3,75,05-Oct-2021,08:10:08,-19.2615,149.1368,,401677713,-130,56,0,05-Oct-2021,08:13:26,-19.2615,149.1368,681,159,186,135,31,,,97,135,0,,,,,,,,,,,,,,,,,,,,,,,,,,,,,
5171,209945,23,NP,3,75,05-Oct-2021,08:10:08,-19.2615,149.1368,,401677713,-130,56,0,05-Oct-2021,08:14:29,-19.2615,149.1368,681,159,186,135,31,,,95,176,165,245,40,150,198,120,66,161,21,146,214,15,83,14,7,123,27,210,80,255,128,,,,,,,,,
5171,209945,3,NP,3,75,05-Oct-2021,08:10:08,-19.2615,149.1368,,401677713,-130,56,0,05-Oct-2021,08:15:29,-19.2615,149.1368,681,159,186,135,31,,,92,172,7,,,,,,,,,,,,,,,,,,,,,,,,,,,,,
5171,209945,3,NP,3,75,05-Oct-2021,08:10:08,-19.2615,149.1368,,401677713,-130,56,0,05-Oct-2021,08:15:44,-19.2615,149.1368,681,159,186,135,31,,,107,133,0,,,,,,,,,,,,,,,,,,,,,,,,,,,,,
5171,209945,3,NP,3,75,05-Oct-2021,08:10:08,-19.2615,149.1368,,401677713,-130,56,3,05-Oct-2021,08:16:36,-19.2615,149.1368,681,159,186,135,31,,,65,37,5,,,,,,,,,,,,,,,,,,,,,,,,,,,,,
5171,209945,3,NP,3,75,05-Oct-2021,08:10:08,-19.2615,149.1368,,401677713,-130,56,0,05-Oct-2021,08:16:55,-19.2615,149.1368,681,159,186,135,31,,,85,177,7,,,,,,,,,,,,,,,,,,,,,,,,,,,,,
5171,209945,3,NP,3,75,05-Oct-2021,08:10:08,-19.2615,149.1368,,401677713,-130,56,0,05-Oct-2021,08:18:48,-19.2615,149.1368,681,159,186,135,31,,,94,182,7,,,,,,,,,,,,,,,,,,,,,,,,,,,,,
5171,209945,3,NP,3,75,05-Oct-2021,08:10:08,-19.2615,149.1368,,401677713,-130,56,1,05-Oct-2021,08:19:58,-19.2615,149.1368,681,159,186,135,31,,,100,134,0,,,,,,,,,,,,,,,,,,,,,,,,,,,,,
5171,209945,3,NP,3,75,05-Oct-2021,08:10:08,-19.2615,149.1368,,401677713,-130,56,1,05-Oct-2021,08:20:14,-19.2615,149.1368,681,159,186,135,31,,,15,1,16,,,,,,,,,,,,,,,,,,,,,,,,,,,,,
5171,209945,3,NP,3,75,05-Oct-2021,08:10:08,-19.2615,149.1368,,401677713,-130,56,1,05-Oct-2021,08:20:33,-19.2615,149.1368,681,159,186,135,31,,,30,142,28,,,,,,,,,,,,,,,,,,,,,,,,,,,,,
5171,209945,3,NP,3,75,05-Oct-2021,08:10:08,-19.2615,149.1368,,401677713,-130,56,0,05-Oct-2021,08:20:49,-19.2615,149.1368,681,159,186,135,31,,,75,39,5,,,,,,,,,,,,,,,,,,,,,,,,,,,,,
5171,209945,3,A1,3,76,05-Oct-2021,08:14:44,-19.2616,149.1328,,401677713,-130,56,0,05-Oct-2021,08:09:28,-19.2616,149.1328,560,134,180,99,76,,,85,161,7,,,,,,,,,,,,,,,,,,,,,,,,,,,,,
5171,209945,3,A1,3,76,05-Oct-2021,08:14:44,-19.2616,149.1328,,401677713,-130,56,0,05-Oct-2021,08:11:07,-19.2616,149.1328,560,134,180,99,76,,,94,166,7,,,,,,,,,,,,,,,,,,,,,,,,,,,,,
5171,209945,3,A1,3,76,05-Oct-2021,08:14:44,-19.2616,149.1328,,401677713,-130,56,0,05-Oct-2021,08:13:26,-19.2616,149.1328,560,134,180,99,76,,,97,135,0,,,,,,,,,,,,,,,,,,,,,,,,,,,,,
5171,209945,23,A1,3,76,05-Oct-2021,08:14:44,-19.2616,149.1328,,401677713,-130,56,0,05-Oct-2021,08:14:29,-19.2616,149.1328,560,134,180,99,76,,,95,176,165,245,40,150,198,120,66,161,21,146,214,15,83,14,7,123,27,210,80,255,128,,,,,,,,,
5171,209945,3,A1,3,76,05-Oct-2021,08:14:44,-19.2616,149.1328,,401677713,-130,56,0,05-Oct-2021,08:15:29,-19.2616,149.1328,560,134,180,99,76,,,92,172,7,,,,,,,,,,,,,,,,,,,,,,,,,,,,,
5171,209945,3,A1,3,76,05-Oct-2021,08:14:44,-19.2616,149.1328,,401677713,-130,56,0,05-Oct-2021,08:15:44,-19.2616,149.1328,560,134,180,99,76,,,107,133,0,,,,,,,,,,,,,,,,,,,,,,,,,,,,,
5171,209945,3,A1,3,76,05-Oct-2021,08:14:44,-19.2616,149.1328,,401677713,-130,56,2,05-Oct-2021,08:16:36,-19.2616,149.1328,560,134,180,99,76,,,65,37,5,,,,,,,,,,,,,,,,,,,,,,,,,,,,,
5171,209945,3,A1,3,76,05-Oct-2021,08:14:44,-19.2616,149.1328,,401677713,-130,56,0,05-Oct-2021,08:16:55,-19.2616,149.1328,560,134,180,99,76,,,85,177,7,,,,,,,,,,,,,,,,,,,,,,,,,,,,,
5171,209945,3,A1,3,76,05-Oct-2021,08:14:44,-19.2616,149.1328,,401677713,-130,56,1,05-Oct-2021,08:17:11,-19.2616,149.1328,560,134,180,99,76,,,100,134,0,,,,,,,,,,,,,,,,,,,,,,,,,,,,,
5171,209945,3,A1,3,76,05-Oct-2021,08:14:44,-19.2616,149.1328,,401677713,-130,56,3,05-Oct-2021,08:17:26,-19.2616,149.1328,560,134,180,99,76,,,15,1,16,,,,,,,,,,,,,,,,,,,,,,,,,,,,,
5171,209945,3,A1,3,76,05-Oct-2021,08:14:44,-19.2616,149.1328,,401677713,-130,56,2,05-Oct-2021,08:17:44,-19.2616,149.1328,560,134,180,99,76,,,30,142,28,,,,,,,,,,,,,,,,,,,,,,,,,,,,,
5171,209945,3,A1,3,76,05-Oct-2021,08:14:44,-19.2616,149.1328,,401677713,-130,56,0,05-Oct-2021,08:18:13,-19.2616,149.1328,560,134,180,99,76,,,78,38,5,,,,,,,,,,,,,,,,,,,,,,,,,,,,,
5171,209945,3,A1,3,76,05-Oct-2021,08:14:44,-19.2616,149.1328,,401677713,-130,56,0,05-Oct-2021,08:18:48,-19.2616,149.1328,560,134,180,99,76,,,94,182,7,,,,,,,,,,,,,,,,,,,,,,,,,,,,,
5171,209945,3,NK,B,77,05-Oct-2021,09:09:17,-19.2667,149.1405,,401677709,-129,8,0,05-Oct-2021,09:09:18,-19.2667,149.1405,,2301,2467,2144,70,,,30,142,28,,,,,,,,,,,,,,,,,,,,,,,,,,,,,
5171,209945,3,MA,B,78,05-Oct-2021,09:33:16,-19.2705,149.1409,,401677701,-122,8,0,05-Oct-2021,09:33:17,-19.2705,149.1409,,2765,2994,2552,102,,,69,33,5,,,,,,,,,,,,,,,,,,,,,,,,,,,,,
5171,209945,31,NP,B,79,05-Oct-2021,09:53:47,-19.2686,149.1379,,401677709,-125,6,0,05-Oct-2021,09:53:48,-19.2686,149.1379,,2905,3021,2791,41,,,40,104,128,238,238,0,0,0,0,0,14,238,225,0,14,177,104,128,0,0,0,0,0,0,107,255,0,0,0,0,118,
5171,209945,3,NP,B,80,05-Oct-2021,19:34:19,-19.3104,149.0980,,401677744,-138,8,0,05-Oct-2021,19:34:19,-19.3104,149.0980,,3276,3908,2745,124,,,100,134,0,,,,,,,,,,,,,,,,,,,,,,,,,,,,,
5171,209945,3,A1,0,81,05-Oct-2021,19:54:47,-19.4343,149.0668,,401677714,-125,56,0,05-Oct-2021,19:50:53,-19.4343,149.0668,530,1942,20226,186,70,,,85,206,7,,,,,,,,,,,,,,,,,,,,,,,,,,,,,
5171,209945,3,A1,0,81,05-Oct-2021,19:54:47,-19.4343,149.0668,,401677714,-125,56,0,05-Oct-2021,19:51:52,-19.4343,149.0668,530,1942,20226,186,70,,,30,142,28,,,,,,,,,,,,,,,,,,,,,,,,,,,,,
5171,209945,3,A1,0,81,05-Oct-2021,19:54:47,-19.4343,149.0668,,401677714,-125,56,0,05-Oct-2021,19:52:26,-19.4343,149.0668,530,1942,20226,186,70,,,73,29,5,,,,,,,,,,,,,,,,,,,,,,,,,,,,,
5171,209945,3,A1,0,81,05-Oct-2021,19:54:47,-19.4343,149.0668,,401677714,-125,56,0,05-Oct-2021,19:57:52,-19.4343,149.0668,530,1942,20226,186,70,,,92,211,7,,,,,,,,,,,,,,,,,,,,,,,,,,,,,
5171,209945,3,A1,0,81,05-Oct-2021,19:54:47,-19.4343,149.0668,,401677714,-125,56,0,05-Oct-2021,19:59:07,-19.4343,149.0668,530,1942,20226,186,70,,,110,132,0,,,,,,,,,,,,,,,,,,,,,,,,,,,,,
5171,209945,3,A1,0,81,05-Oct-2021,19:54:47,-19.4343,149.0668,,401677714,-125,56,1,05-Oct-2021,19:59:43,-19.4343,149.0668,530,1942,20226,186,70,,,15,1,16,,,,,,,,,,,,,,,,,,,,,,,,,,,,,
5171,209945,3,SR,A,82,05-Oct-2021,20:24:50,-19.4736,148.9912,,401677713,-124,8,0,05-Oct-2021,20:22:26,-19.4736,148.9912,193,342,552,211,117,,,30,142,28,,,,,,,,,,,,,,,,,,,,,,,,,,,,,
5171,209945,3,SR,A,82,05-Oct-2021,20:24:50,-19.4736,148.9912,,401677713,-124,8,0,05-Oct-2021,20:24:51,-19.4736,148.9912,193,342,552,211,117,,,71,27,5,,,,,,,,,,,,,,,,,,,,,,,,,,,,,
5171,209945,3,SR,A,82,05-Oct-2021,20:24:50,-19.4736,148.9912,,401677713,-124,8,0,05-Oct-2021,20:25:39,-19.4736,148.9912,193,342,552,211,117,,,91,216,7,,,,,,,,,,,,,,,,,,,,,,,,,,,,,
5171,209945,3,MA,B,83,05-Oct-2021,20:49:20,-19.4839,148.9733,,401677712,-123,6,0,05-Oct-2021,20:48:38,-19.4839,148.9733,85,995,2543,389,89,,,97,135,0,,,,,,,,,,,,,,,,,,,,,,,,,,,,,
5171,209945,3,MA,B,83,05-Oct-2021,20:49:20,-19.4839,148.9733,,401677712,-123,6,0,05-Oct-2021,20:50:03,-19.4839,148.9733,85,995,2543,389,89,,,15,1,16,,,,,,,,,,,,,,,,,,,,,,,,,,,,,
5171,209945,23,SR,B,84,06-Oct-2021,07:34:33,-19.7856,148.5297,Lon > 4 deviations from mean,401677667,-130,8,0,06-Oct-2021,07:34:33,-19.7856,148.5297,,5516,6201,4907,98,,,67,16,165,245,40,150,198,120,67,30,87,83,22,15,183,8,13,241,30,193,184,94,43,,,,,,,,,
5171,209945,3,A1,0,85,06-Oct-2021,07:57:42,-19.5763,148.9574,,401677709,-124,46,0,06-Oct-2021,07:54:14,-19.5763,148.9574,337,1816,5289,623,81,,,66,26,5,,,,,,,,,,,,,,,,,,,,,,,,,,,,,
5171,209945,3,A1,0,85,06-Oct-2021,07:57:42,-19.5763,148.9574,,401677709,-124,46,0,06-Oct-2021,07:55:07,-19.5763,148.9574,337,1816,5289,623,81,,,100,134,0,,,,,,,,,,,,,,,,,,,,,,,,,,,,,
5171,209945,3,A1,0,85,06-Oct-2021,07:57:42,-19.5763,148.9574,,401677709,-124,46,0,06-Oct-2021,07:57:17,-19.5763,148.9574,337,1816,5289,623,81,,,30,142,28,,,,,,,,,,,,,,,,,,,,,,,,,,,,,
5171,209945,23,A1,0,85,06-Oct-2021,07:57:42,-19.5763,148.9574,,401677709,-124,46,0,06-Oct-2021,07:58:52,-19.5763,148.9574,337,1816,5289,623,81,,,77,208,175,227,34,166,220,7,184,185,248,32,52,243,25,152,114,31,192,35,39,254,119,,,,,,,,,
5171,209945,3,A1,0,85,06-Oct-2021,07:57:42,-19.5763,148.9574,,401677709,-124,46,0,06-Oct-2021,07:59:11,-19.5763,148.9574,337,1816,5289,623,81,,,81,14,8,,,,,,,,,,,,,,,,,,,,,,,,,,,,,
5171,209945,3,A1,0,85,06-Oct-2021,07:57:42,-19.5763,148.9574,,401677709,-124,46,0,06-Oct-2021,07:59:28,-19.5763,148.9574,337,1816,5289,623,81,,,100,6,0,,,,,,,,,,,,,,,,,,,,,,,,,,,,,
5171,209945,3,A1,0,85,06-Oct-2021,07:57:42,-19.5763,148.9574,,401677709,-124,46,0,06-Oct-2021,07:59:51,-19.5763,148.9574,337,1816,5289,623,81,,,15,1,16,,,,,,,,,,,,,,,,,,,,,,,,,,,,,
5171,209945,23,NP,2,86,06-Oct-2021,07:59:20,-19.5764,148.9579,,401677715,-132,56,0,06-Oct-2021,07:58:52,-19.5764,148.9579,59,337,415,273,101,,,77,209,161,236,111,0,67,71,172,56,253,111,120,2,13,173,163,87,5,44,248,118,156,,,,,,,,,
5171,209945,3,NP,2,86,06-Oct-2021,07:59:20,-19.5764,148.9579,,401677715,-132,56,0,06-Oct-2021,07:59:11,-19.5764,148.9579,59,337,415,273,101,,,81,14,8,,,,,,,,,,,,,,,,,,,,,,,,,,,,,
5171,209945,3,NP,2,86,06-Oct-2021,07:59:20,-19.5764,148.9579,,401677715,-132,56,0,06-Oct-2021,07:59:28,-19.5764,148.9579,59,337,415,273,101,,,100,146,161,,,,,,,,,,,,,,,,,,,,,,,,,,,,,
5171,209945,3,NP,2,86,06-Oct-2021,07:59:20,-19.5764,148.9579,,401677715,-132,56,0,06-Oct-2021,07:59:51,-19.5764,148.9579,59,337,415,273,101,,,15,1,16,,,,,,,,,,,,,,,,,,,,,,,,,,,,,
5171,209945,31,NP,B,87,06-Oct-2021,09:49:10,-19.5767,148.9580,,401677709,-130,8,0,06-Oct-2021,09:49:10,-19.5767,148.9580,,40569,43195,38102,92,,,40,104,160,238,238,238,1,16,238,238,239,238,224,14,238,172,72,160,0,0,0,0,0,0,53,255,0,40,81,97,141,
5171,209945,3,MA,B,88,06-Oct-2021,11:00:48,-19.6354,148.8687,,401677714,-125,8,0,06-Oct-2021,11:00:48,-19.6354,148.8687,,108489,342072,34407,57,,,77,25,13,,,,,,,,,,,,,,,,,,,,,,,,,,,,,
5171,209945,3,MC,0,89,06-Oct-2021,11:28:19,-19.7029,148.8945,,401677710,-117,56,0,06-Oct-2021,11:26:17,-19.7029,148.8945,215,1728,18482,161,66,,,97,135,5,,,,,,,,,,,,,,,,,,,,,,,,,,,,,
5171,209945,3,MC,0,89,06-Oct-2021,11:28:19,-19.7029,148.8945,,401677710,-117,56,0,06-Oct-2021,11:27:53,-19.7029,148.8945,215,1728,18482,161,66,,,30,142,28,,,,,,,,,,,,,,,,,,,,,,,,,,,,,
5171,209945,3,MC,0,89,06-Oct-2021,11:28:19,-19.7029,148.8945,,401677710,-117,56,0,06-Oct-2021,11:29:10,-19.7029,148.8945,215,1728,18482,161,66,,,86,53,8,,,,,,,,,,,,,,,,,,,,,,,,,,,,,
5171,209945,3,MC,0,89,06-Oct-2021,11:28:19,-19.7029,148.8945,,401677710,-117,56,0,06-Oct-2021,11:29:37,-19.7029,148.8945,215,1728,18482,161,66,,,97,135,0,,,,,,,,,,,,,,,,,,,,,,,,,,,,,
5171,209945,3,MC,0,89,06-Oct-2021,11:28:19,-19.7029,148.8945,,401677710,-117,56,1,06-Oct-2021,11:29:52,-19.7029,148.8945,215,1728,18482,161,66,,,15,1,16,,,,,,,,,,,,,,,,,,,,,,,,,,,,,
5171,209945,3,NP,1,90,06-Oct-2021,19:16:56,-19.7412,148.8407,,401677731,-134,58,0,06-Oct-2021,19:15:26,-19.7412,148.8407,148,1469,7665,281,164,,,100,134,0,,,,,,,,,,,,,,,,,,,,,,,,,,,,,
5171,209945,3,NP,1,90,06-Oct-2021,19:16:56,-19.7412,148.8407,,401677731,-134,58,0,06-Oct-2021,19:16:26,-19.7412,148.8407,148,1469,7665,281,164,,,15,33,0,,,,,,,,,,,,,,,,,,,,,,,,,,,,,
5171,209945,3,NP,1,90,06-Oct-2021,19:16:56,-19.7412,148.8407,,401677731,-134,58,0,06-Oct-2021,19:17:20,-19.7412,148.8407,148,1469,7665,281,164,,,73,29,5,,,,,,,,,,,,,,,,,,,,,,,,,,,,,
5171,209945,3,NP,1,90,06-Oct-2021,19:16:56,-19.7412,148.8407,,401677731,-134,58,0,06-Oct-2021,19:17:37,-19.7412,148.8407,148,1469,7665,281,164,,,83,154,8,,,,,,,,,,,,,,,,,,,,,,,,,,,,,
5171,209945,3,NP,1,90,06-Oct-2021,19:16:56,-19.7412,148.8407,,401677731,-134,58,0,06-Oct-2021,19:17:54,-19.7412,148.8407,148,1469,7665,281,164,,,98,136,0,,,,,,,,,,,,,,,,,,,,,,,,,,,,,
5171,209945,3,A1,3,91,06-Oct-2021,19:41:22,-19.8053,148.8668,,401677715,-123,58,0,06-Oct-2021,19:37:12,-19.8053,148.8668,521,123,230,65,76,,,92,185,8,,,,,,,,,,,,,,,,,,,,,,,,,,,,,
5171,209945,23,A1,3,91,06-Oct-2021,19:41:22,-19.8053,148.8668,,401677715,-123,58,0,06-Oct-2021,19:38:04,-19.8053,148.8668,521,123,230,65,76,,,75,208,165,245,40,150,198,120,67,78,144,82,24,17,121,14,139,231,30,209,215,133,190,,,,,,,,,
5171,209945,3,A1,3,91,06-Oct-2021,19:41:22,-19.8053,148.8668,,401677715,-123,58,1,06-Oct-2021,19:38:40,-19.8053,148.8668,521,123,230,65,76,,,76,28,5,,,,,,,,,,,,,,,,,,,,,,,,,,,,,
5171,209945,3,A1,3,91,06-Oct-2021,19:41:22,-19.8053,148.8668,,401677715,-123,58,0,06-Oct-2021,19:39:29,-19.8053,148.8668,521,123,230,65,76,,,82,191,8,,,,,,,,,,,,,,,,,,,,,,,,,,,,,
5171,209945,3,A1,3,91,06-Oct-2021,19:41:22,-19.8053,148.8668,,401677715,-123,58,0,06-Oct-2021,19:39:44,-19.8053,148.8668,521,123,230,65,76,,,98,136,0,,,,,,,,,,,,,,,,,,,,,,,,,,,,,
5171,209945,3,A1,3,91,06-Oct-2021,19:41:22,-19.8053,148.8668,,401677715,-123,58,0,06-Oct-2021,19:40:53,-19.8053,148.8668,521,123,230,65,76,,,86,196,8,,,,,,,,,,,,,,,,,,,,,,,,,,,,,
5171,209945,3,A1,3,91,06-Oct-2021,19:41:22,-19.8053,148.8668,,401677715,-123,58,0,06-Oct-2021,19:41:41,-19.8053,148.8668,521,123,230,65,76,,,15,1,22,,,,,,,,,,,,,,,,,,,,,,,,,,,,,
5171,209945,3,A1,3,91,06-Oct-2021,19:41:22,-19.8053,148.8668,,401677715,-123,58,0,06-Oct-2021,19:42:29,-19.8053,148.8668,521,123,230,65,76,,,95,201,8,,,,,,,,,,,,,,,,,,,,,,,,,,,,,
5171,209945,3,A1,3,91,06-Oct-2021,19:41:22,-19.8053,148.8668,,401677715,-123,58,0,06-Oct-2021,19:42:45,-19.8053,148.8668,521,123,230,65,76,,,97,135,0,,,,,,,,,,,,,,,,,,,,,,,,,,,,,
5171,209945,3,A1,3,91,06-Oct-2021,19:41:22,-19.8053,148.8668,,401677715,-123,58,1,06-Oct-2021,19:43:34,-19.8053,148.8668,521,123,230,65,76,,,70,30,5,,,,,,,,,,,,,,,,,,,,,,,,,,,,,
5171,209945,3,A1,3,91,06-Oct-2021,19:41:22,-19.8053,148.8668,,401677715,-123,58,3,06-Oct-2021,19:44:25,-19.8053,148.8668,521,123,230,65,76,,,15,1,16,,,,,,,,,,,,,,,,,,,,,,,,,,,,,
5171,209945,3,A1,3,91,06-Oct-2021,19:41:22,-19.8053,148.8668,,401677715,-123,58,4,06-Oct-2021,19:44:40,-19.8053,148.8668,521,123,230,65,76,,,30,142,28,,,,,,,,,,,,,,,,,,,,,,,,,,,,,
5171,209945,3,A1,3,91,06-Oct-2021,19:41:22,-19.8053,148.8668,,401677715,-123,58,0,06-Oct-2021,19:45:11,-19.8053,148.8668,521,123,230,65,76,,,93,211,8,,,,,,,,,,,,,,,,,,,,,,,,,,,,,
5171,209945,3,A1,3,91,06-Oct-2021,19:41:22,-19.8053,148.8668,,401677715,-123,58,3,06-Oct-2021,19:45:29,-19.8053,148.8668,521,123,230,65,76,,,100,134,0,,,,,,,,,,,,,,,,,,,,,,,,,,,,,
5171,209945,23,A1,3,91,06-Oct-2021,19:41:22,-19.8053,148.8668,,401677715,-123,58,0,06-Oct-2021,19:45:53,-19.8053,148.8668,521,123,230,65,76,,,91,144,165,245,40,150,198,120,67,79,12,150,216,17,171,16,1,222,30,209,224,255,128,,,,,,,,,
5171,209945,23,NK,B,92,06-Oct-2021,19:45:53,-19.8071,148.8644,,401677715,-137,6,0,06-Oct-2021,19:45:53,-19.8071,148.8644,,759,810,711,88,,,91,144,165,245,40,150,198,120,67,79,12,150,216,17,171,16,1,222,30,209,224,255,128,,,,,,,,,
5171,209945,3,MA,B,93,07-Oct-2021,10:35:08,-20.0644,149.0155,,401677687,-119,,0,07-Oct-2021,10:34:33,-20.0644,149.0155,70,1886,9799,362,155,,,85,235,8,,,,,,,,,,,,,,,,,,,,,,,,,,,,,
5171,209945,3,MA,B,93,07-Oct-2021,10:35:08,-20.0644,149.0155,,401677687,-119,,0,07-Oct-2021,10:35:43,-20.0644,149.0155,70,1886,9799,362,155,,,104,142,175,,,,,,,,,,,,,,,,,,,,,,,,,,,,,
5171,209945,3,MA,B,94,07-Oct-2021,20:07:04,-20.2544,148.8422,,401677676,-127,8,0,07-Oct-2021,20:07:04,-20.2544,148.8422,,4040,5668,2879,108,,,30,142,28,,,,,,,,,,,,,,,,,,,,,,,,,,,,,
5171,209945,3,SR,B,95,08-Oct-2021,18:47:36,-20.1420,148.9830,,401677738,-135,,0,08-Oct-2021,18:47:37,-20.1420,148.9830,,6835,14206,3288,114,,,15,1,16,,,,,,,,,,,,,,,,,,,,,,,,,,,,,
5171,209945,3,A1,0,96,08-Oct-2021,19:13:47,-19.9991,148.8225,,401677716,-135,56,0,08-Oct-2021,19:12:06,-19.9991,148.8225,188,1908,12042,302,89,,,81,1,9,,,,,,,,,,,,,,,,,,,,,,,,,,,,,
5171,209945,31,A1,0,96,08-Oct-2021,19:13:47,-19.9991,148.8225,,401677716,-135,56,0,08-Oct-2021,19:12:54,-19.9991,148.8225,188,1908,12042,302,89,,,40,104,224,238,238,238,238,224,14,238,238,238,238,14,238,167,104,224,0,0,0,0,20,37,113,192,193,187,0,101,131,
5171,209945,3,A1,0,96,08-Oct-2021,19:13:47,-19.9991,148.8225,,401677716,-135,56,0,08-Oct-2021,19:14:54,-19.9991,148.8225,188,1908,12042,302,89,,,228,134,9,,,,,,,,,,,,,,,,,,,,,,,,,,,,,
5171,209945,3,A1,0,96,08-Oct-2021,19:13:47,-19.9991,148.8225,,401677716,-135,56,0,08-Oct-2021,19:15:14,-19.9991,148.8225,188,1908,12042,302,89,,,15,1,16,,,,,,,,,,,,,,,,,,,,,,,,,,,,,
5171,209945,3,MC,B,97,08-Oct-2021,21:54:06,-20.0272,148.7904,,401677689,-125,8,0,08-Oct-2021,21:54:07,-20.0272,148.7904,,5368,6773,4254,98,,,92,40,9,,,,,,,,,,,,,,,,,,,,,,,,,,,,,
5171,209945,3,A1,3,98,09-Oct-2021,07:13:59,-19.8092,148.8697,,401677713,-124,58,0,09-Oct-2021,07:09:27,-19.8092,148.8697,521,139,167,115,104,,,15,28,29,,,,,,,,,,,,,,,,,,,,,,,,,,,,,
5171,209945,3,A1,3,98,09-Oct-2021,07:13:59,-19.8092,148.8697,,401677713,-124,58,0,09-Oct-2021,07:11:30,-19.8092,148.8697,521,139,167,115,104,,,89,118,9,,,,,,,,,,,,,,,,,,,,,,,,,,,,,
5171,209945,3,A1,3,98,09-Oct-2021,07:13:59,-19.8092,148.8697,,401677713,-124,58,0,09-Oct-2021,07:11:48,-19.8092,148.8697,521,139,167,115,104,,,98,136,0,,,,,,,,,,,,,,,,,,,,,,,,,,,,,
5171,209945,3,A1,3,98,09-Oct-2021,07:13:59,-19.8092,148.8697,,401677713,-124,58,0,09-Oct-2021,07:13:06,-19.8092,148.8697,521,139,167,115,104,,,80,123,9,,,,,,,,,,,,,,,,,,,,,,,,,,,,,
5171,209945,3,A1,3,98,09-Oct-2021,07:13:59,-19.8092,148.8697,,401677713,-124,58,0,09-Oct-2021,07:15:10,-19.8092,148.8697,521,139,167,115,104,,,70,30,5,,,,,,,,,,,,,,,,,,,,,,,,,,,,,
5171,209945,3,A1,3,98,09-Oct-2021,07:13:59,-19.8092,148.8697,,401677713,-124,58,0,09-Oct-2021,07:15:29,-19.8092,148.8697,521,139,167,115,104,,,82,128,9,,,,,,,,,,,,,,,,,,,,,,,,,,,,,
5171,209945,3,A1,3,98,09-Oct-2021,07:13:59,-19.8092,148.8697,,401677713,-124,58,0,09-Oct-2021,07:15:49,-19.8092,148.8697,521,139,167,115,104,,,107,133,0,,,,,,,,,,,,,,,,,,,,,,,,,,,,,
5171,209945,3,A1,3,98,09-Oct-2021,07:13:59,-19.8092,148.8697,,401677713,-124,58,2,09-Oct-2021,07:16:08,-19.8092,148.8697,521,139,167,115,104,,,15,1,16,,,,,,,,,,,,,,,,,,,,,,,,,,,,,
5171,209945,3,A1,3,98,09-Oct-2021,07:13:59,-19.8092,148.8697,,401677713,-124,58,2,09-Oct-2021,07:16:24,-19.8092,148.8697,521,139,167,115,104,,,30,142,28,,,,,,,,,,,,,,,,,,,,,,,,,,,,,
5171,209945,23,A1,3,98,09-Oct-2021,07:13:59,-19.8092,148.8697,,401677713,-124,58,0,09-Oct-2021,07:16:57,-19.8092,148.8697,521,139,167,115,104,,,93,144,165,245,40,150,198,120,68,157,64,22,22,19,9,16,5,90,29,209,240,255,128,,,,,,,,,
5171,209945,3,A1,3,98,09-Oct-2021,07:13:59,-19.8092,148.8697,,401677713,-124,58,1,09-Oct-2021,07:17:38,-19.8092,148.8697,521,139,167,115,104,,,67,31,5,,,,,,,,,,,,,,,,,,,,,,,,,,,,,
5171,209945,3,A1,3,98,09-Oct-2021,07:13:59,-19.8092,148.8697,,401677713,-124,58,0,09-Oct-2021,07:18:08,-19.8092,148.8697,521,139,167,115,104,,,92,134,9,,,,,,,,,,,,,,,,,,,,,,,,,,,,,
5171,209945,3,SR,3,99,09-Oct-2021,07:32:55,-19.7999,148.8686,,401677713,-121,56,0,09-Oct-2021,07:29:03,-19.7999,148.8686,803,152,646,35,102,,,62,142,28,,,,,,,,,,,,,,,,,,,,,,,,,,,,,
5171,209945,31,SR,3,99,09-Oct-2021,07:32:55,-19.7999,148.8686,,401677713,-121,56,0,09-Oct-2021,07:30:14,-19.7999,148.8686,803,152,646,35,102,,,40,105,0,238,238,238,238,238,238,238,238,14,0,14,238,172,105,0,0,0,0,9,180,56,30,150,155,119,220,134,181,
5171,209945,3,SR,3,99,09-Oct-2021,07:32:55,-19.7999,148.8686,,401677713,-121,56,0,09-Oct-2021,07:30:31,-19.7999,148.8686,803,152,646,35,102,,,87,145,9,,,,,,,,,,,,,,,,,,,,,,,,,,,,,
5171,209945,3,SR,3,99,09-Oct-2021,07:32:55,-19.7999,148.8686,,401677713,-121,56,0,09-Oct-2021,07:31:19,-19.7999,148.8686,803,152,646,35,102,,,97,135,0,,,,,,,,,,,,,,,,,,,,,,,,,,,,,
5171,209945,3,SR,3,99,09-Oct-2021,07:32:55,-19.7999,148.8686,,401677713,-121,56,0,09-Oct-2021,07:32:22,-19.7999,148.8686,803,152,646,35,102,,,92,150,9,,,,,,,,,,,,,,,,,,,,,,,,,,,,,
5171,209945,3,SR,3,99,09-Oct-2021,07:32:55,-19.7999,148.8686,,401677713,-121,56,1,09-Oct-2021,07:34:14,-19.7999,148.8686,803,152,646,35,102,,,70,30,5,,,,,,,,,,,,,,,,,,,,,,,,,,,,,
5171,209945,3,SR,3,99,09-Oct-2021,07:32:55,-19.7999,148.8686,,401677713,-121,56,0,09-Oct-2021,07:34:31,-19.7999,148.8686,803,152,646,35,102,,,85,155,9,,,,,,,,,,,,,,,,,,,,,,,,,,,,,
5171,209945,3,SR,3,99,09-Oct-2021,07:32:55,-19.7999,148.8686,,401677713,-121,56,0,09-Oct-2021,07:34:53,-19.7999,148.8686,803,152,646,35,102,,,98,136,0,,,,,,,,,,,,,,,,,,,,,,,,,,,,,
5171,209945,23,SR,3,99,09-Oct-2021,07:32:55,-19.7999,148.8686,,401677713,-121,56,0,09-Oct-2021,07:35:13,-19.7999,148.8686,803,152,646,35,102,,,88,16,165,245,40,150,198,56,68,210,100,18,150,19,59,14,3,197,15,81,240,254,133,,,,,,,,,
5171,209945,3,SR,3,99,09-Oct-2021,07:32:55,-19.7999,148.8686,,401677713,-121,56,2,09-Oct-2021,07:35:34,-19.7999,148.8686,803,152,646,35,102,,,15,1,16,,,,,,,,,,,,,,,,,,,,,,,,,,,,,
5171,209945,3,SR,3,99,09-Oct-2021,07:32:55,-19.7999,148.8686,,401677713,-121,56,2,09-Oct-2021,07:35:59,-19.7999,148.8686,803,152,646,35,102,,,30,142,28,,,,,,,,,,,,,,,,,,,,,,,,,,,,,
5171,209945,3,SR,3,99,09-Oct-2021,07:32:55,-19.7999,148.8686,,401677713,-121,56,1,09-Oct-2021,07:36:15,-19.7999,148.8686,803,152,646,35,102,,,67,31,5,,,,,,,,,,,,,,,,,,,,,,,,,,,,,
5171,209945,3,SR,3,99,09-Oct-2021,07:32:55,-19.7999,148.8686,,401677713,-121,56,0,09-Oct-2021,07:37:17,-19.7999,148.8686,803,152,646,35,102,,,100,134,0,,,,,,,,,,,,,,,,,,,,,,,,,,,,,
5171,209945,3,SR,3,99,09-Oct-2021,07:32:55,-19.7999,148.8686,,401677713,-121,56,3,09-Oct-2021,07:37:47,-19.7999,148.8686,803,152,646,35,102,,,30,142,28,,,,,,,,,,,,,,,,,,,,,,,,,,,,,
5171,209945,3,SR,3,99,09-Oct-2021,07:32:55,-19.7999,148.8686,,401677713,-121,56,0,09-Oct-2021,07:38:41,-19.7999,148.8686,803,152,646,35,102,,,73,157,7,,,,,,,,,,,,,,,,,,,,,,,,,,,,,
5171,209945,3,SR,3,99,09-Oct-2021,07:32:55,-19.7999,148.8686,,401677713,-121,56,0,09-Oct-2021,07:39:03,-19.7999,148.8686,803,152,646,35,102,,,92,166,9,,,,,,,,,,,,,,,,,,,,,,,,,,,,,
5171,209945,3,SR,3,99,09-Oct-2021,07:32:55,-19.7999,148.8686,,401677713,-121,56,0,09-Oct-2021,07:39:27,-19.7999,148.8686,803,152,646,35,102,,,110,132,0,,,,,,,,,,,,,,,,,,,,,,,,,,,,,
5171,209945,3,SR,3,99,09-Oct-2021,07:32:55,-19.7999,148.8686,,401677713,-121,56,4,09-Oct-2021,07:39:45,-19.7999,148.8686,803,152,646,35,102,,,15,1,16,,,,,,,,,,,,,,,,,,,,,,,,,,,,,
5171,209945,3,SR,3,99,09-Oct-2021,07:32:55,-19.7999,148.8686,,401677713,-121,56,2,09-Oct-2021,07:40:37,-19.7999,148.8686,803,152,646,35,102,,,70,30,5,,,,,,,,,,,,,,,,,,,,,,,,,,,,,
5171,209945,3,SR,3,99,09-Oct-2021,07:32:55,-19.7999,148.8686,,401677713,-121,56,0,09-Oct-2021,07:40:53,-19.7999,148.8686,803,152,646,35,102,,,85,171,9,,,,,,,,,,,,,,,,,,,,,,,,,,,,,
5171,209945,3,SR,3,99,09-Oct-2021,07:32:55,-19.7999,148.8686,,401677713,-121,56,1,09-Oct-2021,07:41:39,-19.7999,148.8686,803,152,646,35,102,,,97,135,0,,,,,,,,,,,,,,,,,,,,,,,,,,,,,
5171,209945,3,SR,3,99,09-Oct-2021,07:32:55,-19.7999,148.8686,,401677713,-121,56,0,09-Oct-2021,07:42:26,-19.7999,148.8686,803,152,646,35,102,,,30,140,187,,,,,,,,,,,,,,,,,,,,,,,,,,,,,
5171,209945,3,NK,0,100,09-Oct-2021,09:01:02,-19.7633,148.8733,,401677712,-121,58,0,09-Oct-2021,09:00:19,-19.7633,148.8733,94,3895,15631,970,103,,,76,28,5,,,,,,,,,,,,,,,,,,,,,,,,,,,,,
5171,209945,3,NK,0,100,09-Oct-2021,09:01:02,-19.7633,148.8733,,401677712,-121,58,0,09-Oct-2021,09:00:51,-19.7633,148.8733,94,3895,15631,970,103,,,92,25,10,,,,,,,,,,,,,,,,,,,,,,,,,,,,,
5171,209945,23,NK,0,100,09-Oct-2021,09:01:02,-19.7633,148.8733,,401677712,-121,58,0,09-Oct-2021,09:01:08,-19.7633,148.8733,94,3895,15631,970,103,,,70,112,165,245,40,146,194,114,69,164,2,179,38,23,21,249,58,86,136,124,35,182,94,,,,,,,,,
5171,209945,3,NK,0,100,09-Oct-2021,09:01:02,-19.7633,148.8733,,401677712,-121,58,0,09-Oct-2021,09:01:53,-19.7633,148.8733,94,3895,15631,970,103,,,110,132,0,,,,,,,,,,,,,,,,,,,,,,,,,,,,,
5171,209945,3,NP,B,101,09-Oct-2021,09:01:52,-19.8013,148.8730,,401677715,-131,8,0,09-Oct-2021,09:01:53,-19.8013,148.8730,819,2039,6862,605,161,,,110,132,0,,,,,,,,,,,,,,,,,,,,,,,,,,,,,
5171,209945,3,NP,B,101,09-Oct-2021,09:01:52,-19.8013,148.8730,,401677715,-131,8,0,09-Oct-2021,09:15:32,-19.8013,148.8730,819,2039,6862,605,161,,,15,1,16,,,,,,,,,,,,,,,,,,,,,,,,,,,,,
5171,209945,3,SR,1,102,09-Oct-2021,09:17:21,-19.7847,148.8777,,401677702,-132,56,0,09-Oct-2021,09:15:32,-19.7847,148.8777,185,827,3238,211,141,,,15,1,16,,,,,,,,,,,,,,,,,,,,,,,,,,,,,
5171,209945,3,SR,1,102,09-Oct-2021,09:17:21,-19.7847,148.8777,,401677702,-132,56,0,09-Oct-2021,09:17:17,-19.7847,148.8777,185,827,3238,211,141,,,30,142,28,,,,,,,,,,,,,,,,,,,,,,,,,,,,,
5171,209945,3,SR,1,102,09-Oct-2021,09:17:21,-19.7847,148.8777,,401677702,-132,56,0,09-Oct-2021,09:18:00,-19.7847,148.8777,185,827,3238,211,141,,,73,29,5,,,,,,,,,,,,,,,,,,,,,,,,,,,,,
5171,209945,3,SR,1,102,09-Oct-2021,09:17:21,-19.7847,148.8777,,401677702,-132,56,0,09-Oct-2021,09:18:37,-19.7847,148.8777,185,827,3238,211,141,,,82,76,42,,,,,,,,,,,,,,,,,,,,,,,,,,,,,
5171,209945,3,A1,B,103,10-Oct-2021,07:03:52,-19.7784,148.9169,,401677687,-139,,0,10-Oct-2021,07:03:53,-19.7784,148.9169,,4520,5442,3753,164,,,11,113,56,,,,,,,,,,,,,,,,,,,,,,,,,,,,,
5171,209945,3,SR,1,104,10-Oct-2021,07:06:37,-19.4343,148.9441,,401677711,-124,40,0,10-Oct-2021,07:03:53,-19.4343,148.9441,349,719,1960,263,83,,,209,48,46,,,,,,,,,,,,,,,,,,,,,,,,,,,,,
5171,209945,3,SR,1,104,10-Oct-2021,07:06:37,-19.4343,148.9441,,401677711,-124,40,0,10-Oct-2021,07:04:34,-19.4343,148.9441,349,719,1960,263,83,,,100,134,0,,,,,,,,,,,,,,,,,,,,,,,,,,,,,
5171,209945,3,SR,1,104,10-Oct-2021,07:06:37,-19.4343,148.9441,,401677711,-124,40,0,10-Oct-2021,07:05:41,-19.4343,148.9441,349,719,1960,263,83,,,15,1,16,,,,,,,,,,,,,,,,,,,,,,,,,,,,,
5171,209945,3,SR,1,104,10-Oct-2021,07:06:37,-19.4343,148.9441,,401677711,-124,40,0,10-Oct-2021,07:06:27,-19.4343,148.9441,349,719,1960,263,83,,,30,142,28,,,,,,,,,,,,,,,,,,,,,,,,,,,,,
5171,209945,3,SR,1,104,10-Oct-2021,07:06:37,-19.4343,148.9441,,401677711,-124,40,0,10-Oct-2021,07:07:32,-19.4343,148.9441,349,719,1960,263,83,,,159,79,118,,,,,,,,,,,,,,,,,,,,,,,,,,,,,
5171,209945,31,SR,1,104,10-Oct-2021,07:06:37,-19.4343,148.9441,,401677711,-124,40,0,10-Oct-2021,07:08:30,-19.4343,148.9441,349,719,1960,263,83,,,40,105,32,142,76,48,23,120,162,220,150,184,3,167,47,43,11,234,194,153,112,185,228,25,234,127,168,167,163,248,35,
5171,209945,3,SR,1,104,10-Oct-2021,07:06:37,-19.4343,148.9441,,401677711,-124,40,0,10-Oct-2021,07:09:42,-19.4343,148.9441,349,719,1960,263,83,,,90,55,10,,,,,,,,,,,,,,,,,,,,,,,,,,,,,
5171,209945,31,SR,1,105,10-Oct-2021,19:32:03,-19.1875,149.0421,,401677714,-126,50,0,10-Oct-2021,19:26:58,-19.1875,149.0421,409,774,5636,106,117,,,40,105,48,199,233,6,215,163,145,158,34,33,103,15,110,205,107,241,255,247,251,253,255,255,128,3,63,255,255,255,251,
5171,209945,3,SR,1,105,10-Oct-2021,19:32:03,-19.1875,149.0421,,401677714,-126,50,0,10-Oct-2021,19:32:16,-19.1875,149.0421,409,774,5636,106,117,,,89,119,10,,,,,,,,,,,,,,,,,,,,,,,,,,,,,
5171,209945,3,SR,1,105,10-Oct-2021,19:32:03,-19.1875,149.0421,,401677714,-126,50,0,10-Oct-2021,19:32:49,-19.1875,149.0421,409,774,5636,106,117,,,97,135,0,,,,,,,,,,,,,,,,,,,,,,,,,,,,,
5171,209945,3,SR,1,105,10-Oct-2021,19:32:03,-19.1875,149.0421,,401677714,-126,50,0,10-Oct-2021,19:33:07,-19.1875,149.0421,409,774,5636,106,117,,,15,3,51,,,,,,,,,,,,,,,,,,,,,,,,,,,,,
5171,209945,3,SR,1,105,10-Oct-2021,19:32:03,-19.1875,149.0421,,401677714,-126,50,0,10-Oct-2021,19:33:23,-19.1875,149.0421,409,774,5636,106,117,,,30,142,28,,,,,,,,,,,,,,,,,,,,,,,,,,,,,
5171,209945,3,SR,1,105,10-Oct-2021,19:32:03,-19.1875,149.0421,,401677714,-126,50,0,10-Oct-2021,19:33:47,-19.1875,149.0421,409,774,5636,106,117,,,68,36,5,,,,,,,,,,,,,,,,,,,,,,,,,,,,,
5171,209945,3,NK,B,106,10-Oct-2021,19:52:25,-19.1875,149.0422,,401677712,-140,6,0,10-Oct-2021,19:52:26,-19.1875,149.0422,,1397,1816,1074,113,,,103,137,0,,,,,,,,,,,,,,,,,,,,,,,,,,,,,
5171,209945,3,NP,3,107,10-Oct-2021,20:13:29,-19.1759,149.0525,,401677712,-122,58,0,10-Oct-2021,20:08:17,-19.1759,149.0525,535,147,195,111,60,,,30,142,233,,,,,,,,,,,,,,,,,,,,,,,,,,,,,
5171,209945,3,NP,3,107,10-Oct-2021,20:13:29,-19.1759,149.0525,,401677712,-122,58,0,10-Oct-2021,20:08:35,-19.1759,149.0525,535,147,195,111,60,,,79,35,1,,,,,,,,,,,,,,,,,,,,,,,,,,,,,
5171,209945,3,NP,3,107,10-Oct-2021,20:13:29,-19.1759,149.0525,,401677712,-122,58,0,10-Oct-2021,20:08:50,-19.1759,149.0525,535,147,195,111,60,,,82,161,10,,,,,,,,,,,,,,,,,,,,,,,,,,,,,
5171,209945,3,NP,3,107,10-Oct-2021,20:13:29,-19.1759,149.0525,,401677712,-122,58,0,10-Oct-2021,20:09:17,-19.1759,149.0525,535,147,195,111,60,,,98,136,0,,,,,,,,,,,,,,,,,,,,,,,,,,,,,
5171,209945,31,NP,3,107,10-Oct-2021,20:13:29,-19.1759,149.0525,,401677712,-122,58,0,10-Oct-2021,20:10:24,-19.1759,149.0525,535,147,195,111,60,,,40,105,32,238,238,0,0,16,0,0,238,238,225,17,14,21,105,32,0,0,0,0,0,0,255,241,0,0,0,0,24,
5171,209945,3,NP,3,107,10-Oct-2021,20:13:29,-19.1759,149.0525,,401677712,-122,58,0,10-Oct-2021,20:11:52,-19.1759,149.0525,535,147,195,111,60,,,92,167,10,,,,,,,,,,,,,,,,,,,,,,,,,,,,,
5171,209945,3,NP,3,107,10-Oct-2021,20:13:29,-19.1759,149.0525,,401677712,-122,58,0,10-Oct-2021,20:12:22,-19.1759,149.0525,535,147,195,111,60,,,100,134,0,,,,,,,,,,,,,,,,,,,,,,,,,,,,,
5171,209945,3,NP,3,107,10-Oct-2021,20:13:29,-19.1759,149.0525,,401677712,-122,58,1,10-Oct-2021,20:12:56,-19.1759,149.0525,535,147,195,111,60,,,30,142,28,,,,,,,,,,,,,,,,,,,,,,,,,,,,,
5171,209945,3,NP,3,107,10-Oct-2021,20:13:29,-19.1759,149.0525,,401677712,-122,58,0,10-Oct-2021,20:13:35,-19.1759,149.0525,535,147,195,111,60,,,91,172,10,,,,,,,,,,,,,,,,,,,,,,,,,,,,,
5171,209945,3,NP,3,107,10-Oct-2021,20:13:29,-19.1759,149.0525,,401677712,-122,58,0,10-Oct-2021,20:13:51,-19.1759,149.0525,535,147,195,111,60,,,110,132,0,,,,,,,,,,,,,,,,,,,,,,,,,,,,,
5171,209945,3,NP,3,107,10-Oct-2021,20:13:29,-19.1759,149.0525,,401677712,-122,58,1,10-Oct-2021,20:15:57,-19.1759,149.0525,535,147,195,111,60,,,79,35,5,,,,,,,,,,,,,,,,,,,,,,,,,,,,,
5171,209945,3,NP,3,107,10-Oct-2021,20:13:29,-19.1759,149.0525,,401677712,-122,58,0,10-Oct-2021,20:16:18,-19.1759,149.0525,535,147,195,111,60,,,93,178,10,,,,,,,,,,,,,,,,,,,,,,,,,,,,,
5171,209945,3,NP,3,107,10-Oct-2021,20:13:29,-19.1759,149.0525,,401677712,-122,58,2,10-Oct-2021,20:17:12,-19.1759,149.0525,535,147,195,111,60,,,15,1,16,,,,,,,,,,,,,,,,,,,,,,,,,,,,,
5171,209945,31,A1,3,108,10-Oct-2021,20:13:33,-19.1716,149.0513,,401677715,-123,56,0,10-Oct-2021,20:10:24,-19.1716,149.0513,408,126,273,58,96,,,40,105,32,238,238,0,0,16,0,0,238,238,225,17,14,21,105,32,0,0,0,0,0,0,255,241,0,0,0,0,24,
5171,209945,3,A1,3,108,10-Oct-2021,20:13:33,-19.1716,149.0513,,401677715,-123,56,0,10-Oct-2021,20:11:52,-19.1716,149.0513,408,126,273,58,96,,,92,167,10,,,,,,,,,,,,,,,,,,,,,,,,,,,,,
5171,209945,3,A1,3,108,10-Oct-2021,20:13:33,-19.1716,149.0513,,401677715,-123,56,0,10-Oct-2021,20:12:22,-19.1716,149.0513,408,126,273,58,96,,,100,134,0,,,,,,,,,,,,,,,,,,,,,,,,,,,,,
5171,209945,3,A1,3,108,10-Oct-2021,20:13:33,-19.1716,149.0513,,401677715,-123,56,0,10-Oct-2021,20:13:35,-19.1716,149.0513,408,126,273,58,96,,,91,172,10,,,,,,,,,,,,,,,,,,,,,,,,,,,,,
5171,209945,3,A1,3,108,10-Oct-2021,20:13:33,-19.1716,149.0513,,401677715,-123,56,0,10-Oct-2021,20:13:51,-19.1716,149.0513,408,126,273,58,96,,,110,132,0,,,,,,,,,,,,,,,,,,,,,,,,,,,,,
5171,209945,3,A1,3,108,10-Oct-2021,20:13:33,-19.1716,149.0513,,401677715,-123,56,2,10-Oct-2021,20:14:34,-19.1716,149.0513,408,126,273,58,96,,,30,142,28,,,,,,,,,,,,,,,,,,,,,,,,,,,,,
5171,209945,3,A1,3,108,10-Oct-2021,20:13:33,-19.1716,149.0513,,401677715,-123,56,1,10-Oct-2021,20:15:57,-19.1716,149.0513,408,126,273,58,96,,,79,35,5,,,,,,,,,,,,,,,,,,,,,,,,,,,,,
5171,209945,3,A1,3,108,10-Oct-2021,20:13:33,-19.1716,149.0513,,401677715,-123,56,0,10-Oct-2021,20:16:18,-19.1716,149.0513,408,126,273,58,96,,,93,178,10,,,,,,,,,,,,,,,,,,,,,,,,,,,,,
5171,209945,3,A1,3,108,10-Oct-2021,20:13:33,-19.1716,149.0513,,401677715,-123,56,2,10-Oct-2021,20:17:12,-19.1716,149.0513,408,126,273,58,96,,,15,1,16,,,,,,,,,,,,,,,,,,,,,,,,,,,,,
5171,209945,3,MA,2,109,10-Oct-2021,20:41:38,-19.1636,149.0554,,401677712,-121,56,0,10-Oct-2021,20:40:21,-19.1636,149.0554,527,301,402,225,50,,,79,35,5,,,,,,,,,,,,,,,,,,,,,,,,,,,,,
5171,209945,3,MA,2,109,10-Oct-2021,20:41:38,-19.1636,149.0554,,401677712,-121,56,0,10-Oct-2021,20:41:09,-19.1636,149.0554,527,301,402,225,50,,,91,188,10,,,,,,,,,,,,,,,,,,,,,,,,,,,,,
5171,209945,3,MA,2,109,10-Oct-2021,20:41:38,-19.1636,149.0554,,401677712,-121,56,0,10-Oct-2021,20:41:48,-19.1636,149.0554,527,301,402,225,50,,,100,134,0,,,,,,,,,,,,,,,,,,,,,,,,,,,,,
5171,209945,3,MA,2,109,10-Oct-2021,20:41:38,-19.1636,149.0554,,401677712,-121,56,0,10-Oct-2021,20:42:40,-19.1636,149.0554,527,301,402,225,50,,,74,34,5,,,,,,,,,,,,,,,,,,,,,,,,,,,,,
5171,209945,3,MA,2,109,10-Oct-2021,20:41:38,-19.1636,149.0554,,401677712,-121,56,0,10-Oct-2021,20:43:27,-19.1636,149.0554,527,301,402,225,50,,,97,135,0,,,,,,,,,,,,,,,,,,,,,,,,,,,,,
5171,209945,3,MA,2,109,10-Oct-2021,20:41:38,-19.1636,149.0554,,401677712,-121,56,0,10-Oct-2021,20:45:27,-19.1636,149.0554,527,301,402,225,50,,,90,198,10,,,,,,,,,,,,,,,,,,,,,,,,,,,,,
5171,209945,3,MA,2,109,10-Oct-2021,20:41:38,-19.1636,149.0554,,401677712,-121,56,3,10-Oct-2021,20:46:46,-19.1636,149.0554,527,301,402,225,50,,,15,1,16,,,,,,,,,,,,,,,,,,,,,,,,,,,,,
5171,209945,23,MA,2,109,10-Oct-2021,20:41:38,-19.1636,149.0554,,401677712,-121,56,0,10-Oct-2021,20:47:04,-19.1636,149.0554,527,301,402,225,50,,,73,16,165,144,254,143,180,172,41,177,29,207,134,191,207,138,183,162,8,182,27,141,8,,,,,,,,,
5171,209945,3,MA,2,109,10-Oct-2021,20:41:38,-19.1636,149.0554,,401677712,-121,56,2,10-Oct-2021,20:47:50,-19.1636,149.0554,527,301,402,225,50,,,30,142,28,,,,,,,,,,,,,,,,,,,,,,,,,,,,,
5171,209945,3,MA,2,109,10-Oct-2021,20:41:38,-19.1636,149.0554,,401677712,-121,56,0,10-Oct-2021,20:49:08,-19.1636,149.0554,527,301,402,225,50,,,88,204,73,,,,,,,,,,,,,,,,,,,,,,,,,,,,,
5171,209945,3,SR,1,110,10-Oct-2021,21:05:03,-19.1502,149.0560,,401677713,-126,56,0,10-Oct-2021,21:03:56,-19.1502,149.0560,201,747,2473,225,90,,,74,34,5,,,,,,,,,,,,,,,,,,,,,,,,,,,,,
5171,209945,3,SR,1,110,10-Oct-2021,21:05:03,-19.1502,149.0560,,401677713,-126,56,0,10-Oct-2021,21:05:37,-19.1502,149.0560,201,747,2473,225,90,,,74,221,8,,,,,,,,,,,,,,,,,,,,,,,,,,,,,
5171,209945,3,SR,1,110,10-Oct-2021,21:05:03,-19.1502,149.0560,,401677713,-126,56,0,10-Oct-2021,21:05:56,-19.1502,149.0560,201,747,2473,225,90,,,97,135,0,,,,,,,,,,,,,,,,,,,,,,,,,,,,,
5171,209945,3,SR,1,110,10-Oct-2021,21:05:03,-19.1502,149.0560,,401677713,-126,56,1,10-Oct-2021,21:07:17,-19.1502,149.0560,201,747,2473,225,90,,,30,142,28,,,,,,,,,,,,,,,,,,,,,,,,,,,,,
5171,209945,3,NK,A,111,10-Oct-2021,21:23:37,-19.1435,149.0469,,401677713,-129,6,0,10-Oct-2021,21:23:37,-19.1435,149.0469,301,329,1236,87,92,,,15,1,16,,,,,,,,,,,,,,,,,,,,,,,,,,,,,
5171,209945,3,NK,A,111,10-Oct-2021,21:23:37,-19.1435,149.0469,,401677713,-129,6,0,10-Oct-2021,21:26:31,-19.1435,149.0469,301,329,1236,87,92,,,74,34,1,,,,,,,,,,,,,,,,,,,,,,,,,,,,,
5171,209945,3,NK,A,111,10-Oct-2021,21:23:37,-19.1435,149.0469,,401677713,-129,6,0,10-Oct-2021,21:28:38,-19.1435,149.0469,301,329,1236,87,92,,,107,133,0,,,,,,,,,,,,,,,,,,,,,,,,,,,,,
5171,209945,3,SR,B,112,11-Oct-2021,08:13:05,-19.0551,149.0956,,401677712,-122,8,0,11-Oct-2021,08:13:06,-19.0551,149.0956,,2639,7524,925,93,,,15,1,16,,,,,,,,,,,,,,,,,,,,,,,,,,,,,
5171,209945,3,NK,B,113,11-Oct-2021,08:13:05,-19.0549,149.0821,,401677714,-131,,0,11-Oct-2021,08:13:06,-19.0549,149.0821,,3096,17185,557,92,,,15,1,16,,,,,,,,,,,,,,,,,,,,,,,,,,,,,
5171,209945,3,NP,1,114,11-Oct-2021,19:55:27,-18.9941,149.4341,,401677713,-130,58,0,11-Oct-2021,19:53:15,-18.9941,149.4341,306,873,5791,131,118,,,15,1,16,,,,,,,,,,,,,,,,,,,,,,,,,,,,,
5171,209945,3,NP,1,114,11-Oct-2021,19:55:27,-18.9941,149.4341,,401677713,-130,58,0,11-Oct-2021,19:54:55,-18.9941,149.4341,306,873,5791,131,118,,,30,142,28,,,,,,,,,,,,,,,,,,,,,,,,,,,,,
5171,209945,3,NP,1,114,11-Oct-2021,19:55:27,-18.9941,149.4341,,401677713,-130,58,0,11-Oct-2021,19:55:19,-18.9941,149.4341,306,873,5791,131,118,,,74,50,5,,,,,,,,,,,,,,,,,,,,,,,,,,,,,
5171,209945,3,NP,1,114,11-Oct-2021,19:55:27,-18.9941,149.4341,,401677713,-130,58,0,11-Oct-2021,19:58:21,-18.9941,149.4341,306,873,5791,131,118,,,92,6,11,,,,,,,,,,,,,,,,,,,,,,,,,,,,,
5171,209945,3,A1,B,115,11-Oct-2021,19:56:50,-19.1405,149.1880,,401677710,-128,8,0,11-Oct-2021,19:55:19,-19.1405,149.1880,182,3457,55599,214,66,,,74,50,5,,,,,,,,,,,,,,,,,,,,,,,,,,,,,
5171,209945,3,A1,B,115,11-Oct-2021,19:56:50,-19.1405,149.1880,,401677710,-128,8,0,11-Oct-2021,19:58:21,-19.1405,149.1880,182,3457,55599,214,66,,,92,6,11,,,,,,,,,,,,,,,,,,,,,,,,,,,,,
5171,209945,3,SR,B,116,12-Oct-2021,07:43:59,-18.9736,149.4238,,401677714,-126,8,0,12-Oct-2021,07:37:39,-18.9736,149.4238,380,4381,7380,2600,96,,,88,18,11,,,,,,,,,,,,,,,,,,,,,,,,,,,,,
5171,209945,3,SR,B,116,12-Oct-2021,07:43:59,-18.9736,149.4238,,401677714,-126,8,0,12-Oct-2021,07:43:59,-18.9736,149.4238,380,4381,7380,2600,96,,,103,137,0,,,,,,,,,,,,,,,,,,,,,,,,,,,,,
5171,209945,23,A1,1,117,12-Oct-2021,08:00:15,-18.9196,149.6127,,401677715,-129,56,0,12-Oct-2021,07:58:25,-18.9196,149.6127,168,1049,10628,103,122,,,79,208,165,245,40,150,198,120,70,32,25,20,22,22,41,18,9,109,28,210,224,255,128,,,,,,,,,
5171,209945,31,A1,1,117,12-Oct-2021,08:00:15,-18.9196,149.6127,,401677715,-129,56,0,12-Oct-2021,08:00:30,-18.9196,149.6127,168,1049,10628,103,122,,,40,105,96,238,238,224,14,14,238,238,238,238,224,14,238,19,105,96,0,0,0,1,1,3,14,255,3,0,0,0,145,
5171,209945,3,A1,1,117,12-Oct-2021,08:00:15,-18.9196,149.6127,,401677715,-129,56,0,12-Oct-2021,08:00:55,-18.9196,149.6127,168,1049,10628,103,122,,,15,1,16,,,,,,,,,,,,,,,,,,,,,,,,,,,,,
5171,209945,3,A1,1,117,12-Oct-2021,08:00:15,-18.9196,149.6127,,401677715,-129,56,0,12-Oct-2021,08:01:13,-18.9196,149.6127,168,1049,10628,103,122,,,30,142,28,,,,,,,,,,,,,,,,,,,,,,,,,,,,,
5171,209945,3,NP,B,118,12-Oct-2021,08:30:45,-18.9137,149.6162,,401677711,-126,8,0,12-Oct-2021,08:29:54,-18.9137,149.6162,103,621,2369,162,71,,,98,136,0,,,,,,,,,,,,,,,,,,,,,,,,,,,,,
5171,209945,3,NP,B,118,12-Oct-2021,08:30:45,-18.9137,149.6162,,401677711,-126,8,0,12-Oct-2021,08:31:37,-18.9137,149.6162,103,621,2369,162,71,,,15,1,16,,,,,,,,,,,,,,,,,,,,,,,,,,,,,
5171,209945,31,NN,3,119,12-Oct-2021,12:32:53,-18.9921,149.6157,,401677709,-121,58,0,12-Oct-2021,12:31:21,-18.9921,149.6157,209,225,341,148,64,,,40,105,96,238,238,224,14,14,238,238,238,239,96,14,191,91,70,64,213,45,0,144,1,131,30,251,3,0,0,0,145,
5171,209945,3,NN,3,119,12-Oct-2021,12:32:53,-18.9921,149.6157,,401677709,-121,58,0,12-Oct-2021,12:32:42,-18.9921,149.6157,209,225,341,148,64,,,83,37,11,,,,,,,,,,,,,,,,,,,,,,,,,,,,,
5171,209945,3,NN,3,119,12-Oct-2021,12:32:53,-18.9921,149.6157,,401677709,-121,58,0,12-Oct-2021,12:32:57,-18.9921,149.6157,209,225,341,148,64,,,98,136,0,,,,,,,,,,,,,,,,,,,,,,,,,,,,,
5171,209945,3,NN,3,119,12-Oct-2021,12:32:53,-18.9921,149.6157,,401677709,-121,58,0,12-Oct-2021,12:33:12,-18.9921,149.6157,209,225,341,148,64,,,15,1,16,,,,,,,,,,,,,,,,,,,,,,,,,,,,,
5171,209945,3,NN,3,119,12-Oct-2021,12:32:53,-18.9921,149.6157,,401677709,-121,58,1,12-Oct-2021,12:33:28,-18.9921,149.6157,209,225,341,148,64,,,30,142,28,,,,,,,,,,,,,,,,,,,,,,,,,,,,,
5171,209945,3,NN,3,119,12-Oct-2021,12:32:53,-18.9921,149.6157,,401677709,-121,58,1,12-Oct-2021,12:34:50,-18.9921,149.6157,209,225,341,148,64,,,78,54,5,,,,,,,,,,,,,,,,,,,,,,,,,,,,,
5171,209945,3,MC,B,120,12-Oct-2021,12:34:49,-18.9921,149.6160,,401677709,-130,6,0,12-Oct-2021,12:34:50,-18.9921,149.6160,,458,506,415,74,,,78,54,5,,,,,,,,,,,,,,,,,,,,,,,,,,,,,
5171,209945,3,SR,0,121,12-Oct-2021,20:02:25,-19.1751,149.7268,,401677709,-123,58,0,12-Oct-2021,20:00:09,-19.1751,149.7268,358,3683,96604,140,76,,,100,134,0,,,,,,,,,,,,,,,,,,,,,,,,,,,,,
5171,209945,3,SR,0,121,12-Oct-2021,20:02:25,-19.1751,149.7268,,401677709,-123,58,0,12-Oct-2021,20:02:04,-19.1751,149.7268,358,3683,96604,140,76,,,30,142,28,,,,,,,,,,,,,,,,,,,,,,,,,,,,,
5171,209945,3,SR,0,121,12-Oct-2021,20:02:25,-19.1751,149.7268,,401677709,-123,58,0,12-Oct-2021,20:02:20,-19.1751,149.7268,358,3683,96604,140,76,,,68,52,5,,,,,,,,,,,,,,,,,,,,,,,,,,,,,
5171,209945,3,SR,0,121,12-Oct-2021,20:02:25,-19.1751,149.7268,,401677709,-123,58,0,12-Oct-2021,20:03:28,-19.1751,149.7268,358,3683,96604,140,76,,,81,64,11,,,,,,,,,,,,,,,,,,,,,,,,,,,,,
5171,209945,3,SR,0,121,12-Oct-2021,20:02:25,-19.1751,149.7268,,401677709,-123,58,0,12-Oct-2021,20:04:06,-19.1751,149.7268,358,3683,96604,140,76,,,101,131,0,,,,,,,,,,,,,,,,,,,,,,,,,,,,,
5171,209945,3,SR,0,121,12-Oct-2021,20:02:25,-19.1751,149.7268,,401677709,-123,58,0,12-Oct-2021,20:06:07,-19.1751,149.7268,358,3683,96604,140,76,,,15,1,16,,,,,,,,,,,,,,,,,,,,,,,,,,,,,
5171,209945,3,MA,0,122,12-Oct-2021,20:02:00,-19.1276,149.7359,,401677724,-127,58,0,12-Oct-2021,20:00:09,-19.1276,149.7359,199,2806,10279,765,3,,,100,134,0,,,,,,,,,,,,,,,,,,,,,,,,,,,,,
5171,209945,3,MA,0,122,12-Oct-2021,20:02:00,-19.1276,149.7359,,401677724,-127,58,0,12-Oct-2021,20:02:04,-19.1276,149.7359,199,2806,10279,765,3,,,30,142,28,,,,,,,,,,,,,,,,,,,,,,,,,,,,,
5171,209945,3,MA,0,122,12-Oct-2021,20:02:00,-19.1276,149.7359,,401677724,-127,58,0,12-Oct-2021,20:02:20,-19.1276,149.7359,199,2806,10279,765,3,,,68,52,5,,,,,,,,,,,,,,,,,,,,,,,,,,,,,
5171,209945,3,MA,0,122,12-Oct-2021,20:02:00,-19.1276,149.7359,,401677724,-127,58,0,12-Oct-2021,20:03:28,-19.1276,149.7359,199,2806,10279,765,3,,,81,64,11,,,,,,,,,,,,,,,,,,,,,,,,,,,,,
5171,209945,3,MA,B,123,12-Oct-2021,21:44:36,-19.1873,149.7428,,401677714,-116,8,0,12-Oct-2021,21:44:36,-19.1873,149.7428,,7051,9205,5400,82,,,76,60,5,,,,,,,,,,,,,,,,,,,,,,,,,,,,,
5171,209945,3,MB,A,124,13-Oct-2021,11:28:34,-19.4339,150.0966,,401677705,-125,,0,13-Oct-2021,11:28:35,-19.4339,150.0966,313,2727,54552,136,80,,,15,3,16,,,,,,,,,,,,,,,,,,,,,,,,,,,,,
5171,209945,3,MB,A,124,13-Oct-2021,11:28:34,-19.4339,150.0966,,401677705,-125,,0,13-Oct-2021,11:31:49,-19.4339,150.0966,313,2727,54552,136,80,,,15,1,16,,,,,,,,,,,,,,,,,,,,,,,,,,,,,
5171,209945,3,MB,A,124,13-Oct-2021,11:28:34,-19.4339,150.0966,,401677705,-125,,0,13-Oct-2021,11:33:48,-19.4339,150.0966,313,2727,54552,136,80,,,90,81,206,,,,,,,,,,,,,,,,,,,,,,,,,,,,,
5171,209945,3,MA,A,125,13-Oct-2021,11:49:18,-19.4329,150.1164,,401677701,-131,6,0,13-Oct-2021,11:47:56,-19.4329,150.1164,141,1938,4276,878,115,,,30,142,28,,,,,,,,,,,,,,,,,,,,,,,,,,,,,
5171,209945,3,MA,A,125,13-Oct-2021,11:49:18,-19.4329,150.1164,,401677701,-131,6,0,13-Oct-2021,11:49:43,-19.4329,150.1164,141,1938,4276,878,115,,,89,104,11,,,,,,,,,,,,,,,,,,,,,,,,,,,,,
5171,209945,3,MA,A,125,13-Oct-2021,11:49:18,-19.4329,150.1164,,401677701,-131,6,0,13-Oct-2021,11:50:17,-19.4329,150.1164,141,1938,4276,878,115,,,97,135,0,,,,,,,,,,,,,,,,,,,,,,,,,,,,,
5171,209945,3,MB,B,126,13-Oct-2021,13:03:23,-19.4440,150.1335,,401677697,-135,8,0,13-Oct-2021,13:03:23,-19.4440,150.1335,,4555,5402,3841,113,,,107,133,0,,,,,,,,,,,,,,,,,,,,,,,,,,,,,
5171,209945,3,NN,B,127,13-Oct-2021,13:59:15,-19.4500,150.1727,,401677689,-140,8,0,13-Oct-2021,13:59:15,-19.4500,150.1727,192,2830,14548,550,161,,,98,136,0,,,,,,,,,,,,,,,,,,,,,,,,,,,,,
5171,209945,3,NN,B,127,13-Oct-2021,13:59:15,-19.4500,150.1727,,401677689,-140,8,0,13-Oct-2021,14:02:27,-19.4500,150.1727,192,2830,14548,550,161,,,71,43,5,,,,,,,,,,,,,,,,,,,,,,,,,,,,,
5171,209945,3,SR,B,128,14-Oct-2021,08:18:47,-19.8260,150.1174,,401677754,-121,,0,14-Oct-2021,08:18:47,-19.8260,150.1174,,2662,5023,1410,96,,,84,76,12,,,,,,,,,,,,,,,,,,,,,,,,,,,,,
5171,209945,31,NN,B,129,14-Oct-2021,12:07:59,-19.8753,150.1828,,401677757,-127,8,0,14-Oct-2021,12:07:59,-19.8753,150.1828,,6395,42541,961,87,,,40,109,168,70,38,170,48,149,205,204,0,48,196,200,211,34,77,32,7,72,36,148,13,58,172,237,121,241,111,39,1,
5171,209945,3,SR,A,130,14-Oct-2021,18:57:10,-19.8800,149.8717,,401677695,-140,8,0,14-Oct-2021,18:57:11,-19.8800,149.8717,595,541,660,443,80,,,79,19,7,,,,,,,,,,,,,,,,,,,,,,,,,,,,,
5171,209945,3,SR,A,130,14-Oct-2021,18:57:10,-19.8800,149.8717,,401677695,-140,8,0,14-Oct-2021,19:02:37,-19.8800,149.8717,595,541,660,443,80,,,97,135,0,,,,,,,,,,,,,,,,,,,,,,,,,,,,,
5171,209945,3,SR,A,130,14-Oct-2021,18:57:10,-19.8800,149.8717,,401677695,-140,8,0,14-Oct-2021,19:07:06,-19.8800,149.8717,595,541,660,443,80,,,15,1,16,,,,,,,,,,,,,,,,,,,,,,,,,,,,,
5171,209945,3,NP,B,131,14-Oct-2021,19:21:02,-19.8831,149.8689,,401677714,-133,6,0,14-Oct-2021,19:21:02,-19.8831,149.8689,,2854,3101,2625,78,,,100,134,0,,,,,,,,,,,,,,,,,,,,,,,,,,,,,
5171,209945,3,NK,1,132,14-Oct-2021,19:45:37,-19.8974,149.8471,,401677714,-129,56,0,14-Oct-2021,19:43:32,-19.8974,149.8471,222,710,2307,218,140,,,98,136,0,,,,,,,,,,,,,,,,,,,,,,,,,,,,,
5171,209945,3,NK,1,132,14-Oct-2021,19:45:37,-19.8974,149.8471,,401677714,-129,56,0,14-Oct-2021,19:45:40,-19.8974,149.8471,222,710,2307,218,140,,,15,1,16,,,,,,,,,,,,,,,,,,,,,,,,,,,,,
5171,209945,3,NK,1,132,14-Oct-2021,19:45:37,-19.8974,149.8471,,401677714,-129,56,0,14-Oct-2021,19:46:03,-19.8974,149.8471,222,710,2307,218,140,,,30,142,28,,,,,,,,,,,,,,,,,,,,,,,,,,,,,
5171,209945,3,NK,1,132,14-Oct-2021,19:45:37,-19.8974,149.8471,,401677714,-129,56,0,14-Oct-2021,19:47:14,-19.8974,149.8471,222,710,2307,218,140,,,65,21,4,,,,,,,,,,,,,,,,,,,,,,,,,,,,,
5171,209945,31,SR,B,133,14-Oct-2021,20:38:24,-19.9053,149.8400,,401677717,-130,8,0,14-Oct-2021,20:38:25,-19.9053,149.8400,,1099,1251,964,134,,,40,105,160,238,238,238,238,238,0,0,0,0,0,0,14,38,105,160,0,0,0,1,2,5,21,255,15,0,0,0,32,
5171,209945,3,SR,0,134,15-Oct-2021,07:43:20,-20.0362,149.7574,,401677712,-124,58,0,15-Oct-2021,07:42:10,-20.0362,149.7574,168,10788,181957,639,115,,,84,210,12,,,,,,,,,,,,,,,,,,,,,,,,,,,,,
5171,209945,3,SR,0,134,15-Oct-2021,07:43:20,-20.0362,149.7574,,401677712,-124,58,1,15-Oct-2021,07:43:42,-20.0362,149.7574,168,10788,181957,639,115,,,64,32,5,,,,,,,,,,,,,,,,,,,,,,,,,,,,,
5171,209945,3,SR,0,134,15-Oct-2021,07:43:20,-20.0362,149.7574,,401677712,-124,58,0,15-Oct-2021,07:44:11,-20.0362,149.7574,168,10788,181957,639,115,,,86,216,12,,,,,,,,,,,,,,,,,,,,,,,,,,,,,
5171,209945,3,SR,0,134,15-Oct-2021,07:43:20,-20.0362,149.7574,,401677712,-124,58,1,15-Oct-2021,07:44:27,-20.0362,149.7574,168,10788,181957,639,115,,,97,135,0,,,,,,,,,,,,,,,,,,,,,,,,,,,,,
5171,209945,3,SR,0,134,15-Oct-2021,07:43:20,-20.0362,149.7574,,401677712,-124,58,0,15-Oct-2021,07:44:43,-20.0362,149.7574,168,10788,181957,639,115,,,15,1,16,,,,,,,,,,,,,,,,,,,,,,,,,,,,,
5171,209945,3,SR,0,134,15-Oct-2021,07:43:20,-20.0362,149.7574,,401677712,-124,58,1,15-Oct-2021,07:44:58,-20.0362,149.7574,168,10788,181957,639,115,,,30,142,28,,,,,,,,,,,,,,,,,,,,,,,,,,,,,
5171,209945,3,NP,0,135,15-Oct-2021,07:59:08,-19.9949,149.6545,,401677735,-133,56,0,15-Oct-2021,07:57:37,-19.9949,149.6545,174,4771,24815,917,125,,,70,30,5,,,,,,,,,,,,,,,,,,,,,,,,,,,,,
5171,209945,31,NP,0,135,15-Oct-2021,07:59:08,-19.9949,149.6545,,401677735,-133,56,0,15-Oct-2021,07:58:27,-19.9949,149.6545,174,4771,24815,917,125,,,40,105,192,238,238,238,224,0,238,14,238,238,224,15,238,213,243,241,95,161,35,21,126,98,70,62,206,167,201,250,96,
5171,209945,3,NP,0,135,15-Oct-2021,07:59:08,-19.9949,149.6545,,401677735,-133,56,0,15-Oct-2021,07:58:50,-19.9949,149.6545,174,4771,24815,917,125,,,88,222,12,,,,,,,,,,,,,,,,,,,,,,,,,,,,,
5171,209945,3,NP,0,135,15-Oct-2021,07:59:08,-19.9949,149.6545,,401677735,-133,56,0,15-Oct-2021,07:59:08,-19.9949,149.6545,174,4771,24815,917,125,,,103,137,0,,,,,,,,,,,,,,,,,,,,,,,,,,,,,
5171,209945,3,NP,0,135,15-Oct-2021,07:59:08,-19.9949,149.6545,,401677735,-133,56,0,15-Oct-2021,08:00:16,-19.9949,149.6545,174,4771,24815,917,125,,,69,33,5,,,,,,,,,,,,,,,,,,,,,,,,,,,,,
5171,209945,3,NP,0,135,15-Oct-2021,07:59:08,-19.9949,149.6545,,401677735,-133,56,0,15-Oct-2021,08:00:31,-19.9949,149.6545,174,4771,24815,917,125,,,81,227,12,,,,,,,,,,,,,,,,,,,,,,,,,,,,,
5171,209945,3,NK,B,136,15-Oct-2021,08:09:58,-19.9941,149.6482,,401677711,-135,6,0,15-Oct-2021,08:09:59,-19.9941,149.6482,,4671,11550,1888,125,,,30,142,28,,,,,,,,,,,,,,,,,,,,,,,,,,,,,
5171,209945,3,MA,B,137,15-Oct-2021,09:23:38,-20.0499,149.7336,,401677696,-126,8,0,15-Oct-2021,09:23:38,-20.0499,149.7336,,11171,30388,4106,115,,,30,142,28,,,,,,,,,,,,,,,,,,,,,,,,,,,,,
5171,209945,3,NK,2,138,15-Oct-2021,09:50:57,-19.9862,149.5470,,401677712,-124,56,0,15-Oct-2021,09:47:11,-19.9862,149.5470,545,269,731,99,68,,,70,30,5,,,,,,,,,,,,,,,,,,,,,,,,,,,,,
5171,209945,3,NK,2,138,15-Oct-2021,09:50:57,-19.9862,149.5470,,401677712,-124,56,0,15-Oct-2021,09:47:26,-19.9862,149.5470,545,269,731,99,68,,,87,19,13,,,,,,,,,,,,,,,,,,,,,,,,,,,,,
5171,209945,3,NK,2,138,15-Oct-2021,09:50:57,-19.9862,149.5470,,401677712,-124,56,0,15-Oct-2021,09:48:42,-19.9862,149.5470,545,269,731,99,68,,,101,131,0,,,,,,,,,,,,,,,,,,,,,,,,,,,,,
5171,209945,3,NK,2,138,15-Oct-2021,09:50:57,-19.9862,149.5470,,401677712,-124,56,0,15-Oct-2021,09:49:00,-19.9862,149.5470,545,269,731,99,68,,,15,1,16,,,,,,,,,,,,,,,,,,,,,,,,,,,,,
5171,209945,3,NK,2,138,15-Oct-2021,09:50:57,-19.9862,149.5470,,401677712,-124,56,0,15-Oct-2021,09:50:15,-19.9862,149.5470,545,269,731,99,68,,,75,39,5,,,,,,,,,,,,,,,,,,,,,,,,,,,,,
5171,209945,3,NK,2,138,15-Oct-2021,09:50:57,-19.9862,149.5470,,401677712,-124,56,0,15-Oct-2021,09:50:37,-19.9862,149.5470,545,269,731,99,68,,,80,24,13,,,,,,,,,,,,,,,,,,,,,,,,,,,,,
5171,209945,3,NK,2,138,15-Oct-2021,09:50:57,-19.9862,149.5470,,401677712,-124,56,0,15-Oct-2021,09:51:35,-19.9862,149.5470,545,269,731,99,68,,,15,3,16,,,,,,,,,,,,,,,,,,,,,,,,,,,,,
5171,209945,3,NK,2,138,15-Oct-2021,09:50:57,-19.9862,149.5470,,401677712,-124,56,0,15-Oct-2021,09:52:29,-19.9862,149.5470,545,269,731,99,68,,,30,142,28,,,,,,,,,,,,,,,,,,,,,,,,,,,,,
5171,209945,23,NK,2,138,15-Oct-2021,09:50:57,-19.9862,149.5470,,401677712,-124,56,0,15-Oct-2021,09:56:01,-19.9862,149.5470,545,269,731,99,68,,,78,112,165,245,40,150,198,120,71,167,181,17,24,26,67,16,1,96,29,210,96,255,128,,,,,,,,,
5171,209945,3,NK,2,138,15-Oct-2021,09:50:57,-19.9862,149.5470,,401677712,-124,56,0,15-Oct-2021,09:56:16,-19.9862,149.5470,545,269,731,99,68,,,72,40,5,,,,,,,,,,,,,,,,,,,,,,,,,,,,,
5171,209945,3,MB,B,139,15-Oct-2021,10:50:57,-20.0197,149.6331,,401677736,-136,6,0,15-Oct-2021,10:50:57,-20.0197,149.6331,,9674,11976,7814,117,,,97,135,0,,,,,,,,,,,,,,,,,,,,,,,,,,,,,
5171,209945,3,MA,1,140,15-Oct-2021,11:07:22,-19.9972,149.5523,,401677714,-120,56,0,15-Oct-2021,11:07:19,-19.9972,149.5523,81,1315,7572,228,90,,,81,66,13,,,,,,,,,,,,,,,,,,,,,,,,,,,,,
5171,209945,3,MA,1,140,15-Oct-2021,11:07:22,-19.9972,149.5523,,401677714,-120,56,0,15-Oct-2021,11:08:08,-19.9972,149.5523,81,1315,7572,228,90,,,15,1,16,,,,,,,,,,,,,,,,,,,,,,,,,,,,,
5171,209945,3,MA,1,140,15-Oct-2021,11:07:22,-19.9972,149.5523,,401677714,-120,56,1,15-Oct-2021,11:08:40,-19.9972,149.5523,81,1315,7572,228,90,,,30,142,28,,,,,,,,,,,,,,,,,,,,,,,,,,,,,
5171,209945,3,MC,B,141,15-Oct-2021,11:34:19,-19.9986,149.5519,,401677710,-123,6,0,15-Oct-2021,11:34:20,-19.9986,149.5519,,1534,2242,1049,90,,,78,38,5,,,,,,,,,,,,,,,,,,,,,,,,,,,,,
5171,209945,3,NN,2,142,15-Oct-2021,11:55:17,-19.9968,149.5323,,401677711,-121,56,0,15-Oct-2021,11:52:38,-19.9968,149.5323,463,259,742,90,71,,,94,81,13,,,,,,,,,,,,,,,,,,,,,,,,,,,,,
5171,209945,3,NN,2,142,15-Oct-2021,11:55:17,-19.9968,149.5323,,401677711,-121,56,0,15-Oct-2021,11:52:55,-19.9968,149.5323,463,259,742,90,71,,,110,204,136,,,,,,,,,,,,,,,,,,,,,,,,,,,,,
5171,209945,3,NN,2,142,15-Oct-2021,11:55:17,-19.9968,149.5323,,401677711,-121,56,0,15-Oct-2021,11:54:38,-19.9968,149.5323,463,259,742,90,71,,,74,34,5,,,,,,,,,,,,,,,,,,,,,,,,,,,,,
5171,209945,3,NN,2,142,15-Oct-2021,11:55:17,-19.9968,149.5323,,401677711,-121,56,0,15-Oct-2021,11:55:02,-19.9968,149.5323,463,259,742,90,71,,,80,87,13,,,,,,,,,,,,,,,,,,,,,,,,,,,,,
5171,209945,3,NN,2,142,15-Oct-2021,11:55:17,-19.9968,149.5323,,401677711,-121,56,0,15-Oct-2021,11:57:04,-19.9968,149.5323,463,259,742,90,71,,,65,37,5,,,,,,,,,,,,,,,,,,,,,,,,,,,,,
5171,209945,3,NN,2,142,15-Oct-2021,11:55:17,-19.9968,149.5323,,401677711,-121,56,0,15-Oct-2021,11:57:21,-19.9968,149.5323,463,259,742,90,71,,,87,92,13,,,,,,,,,,,,,,,,,,,,,,,,,,,,,
5171,209945,3,NN,2,142,15-Oct-2021,11:55:17,-19.9968,149.5323,,401677711,-121,56,0,15-Oct-2021,11:57:38,-19.9968,149.5323,463,259,742,90,71,,,100,134,0,,,,,,,,,,,,,,,,,,,,,,,,,,,,,
5171,209945,3,NN,2,142,15-Oct-2021,11:55:17,-19.9968,149.5323,,401677711,-121,56,1,15-Oct-2021,11:59:09,-19.9968,149.5323,463,259,742,90,71,,,15,1,16,,,,,,,,,,,,,,,,,,,,,,,,,,,,,
5171,209945,3,NN,2,142,15-Oct-2021,11:55:17,-19.9968,149.5323,,401677711,-121,56,1,15-Oct-2021,12:00:21,-19.9968,149.5323,463,259,742,90,71,,,30,142,28,,,,,,,,,,,,,,,,,,,,,,,,,,,,,
5171,209945,31,NN,B,143,16-Oct-2021,00:50:58,-20.0217,149.1623,,401677713,-130,,0,16-Oct-2021,00:50:59,-20.0217,149.1623,,11112,20713,5961,109,,,40,105,224,238,14,224,1,0,0,0,238,238,224,14,0,252,105,224,0,0,0,0,0,0,4,255,0,0,0,0,75,
5171,209945,31,MA,B,144,16-Oct-2021,21:58:07,-20.1050,149.1057,,401677722,-121,,0,16-Oct-2021,21:58:07,-20.1050,149.1057,,15316,47329,4956,112,,,40,105,224,238,14,224,1,0,0,0,238,238,224,14,0,252,105,224,0,0,0,0,0,0,4,255,0,0,0,0,75,
5171,209945,3,NN,B,145,16-Oct-2021,23:04:01,-20.1630,149.2030,,401677712,-129,8,0,16-Oct-2021,23:04:02,-20.1630,149.2030,,30348,204376,4506,104,,,99,133,16,,,,,,,,,,,,,,,,,,,,,,,,,,,,,
5171,209945,31,NP, ,146,21-Oct-2021,19:40:32,,,,401650000,-133,,0,21-Oct-2021,19:40:32,,,,,,,,,,40,106,128,238,238,238,238,238,238,238,14,238,238,238,238,139,98,128,0,0,0,32,0,0,0,223,64,24,0,32,237,
5171,209945,31,NK, ,147,22-Oct-2021,21:19:11,,,,401650000,-132,,0,22-Oct-2021,21:19:11,,,,,,,,,,40,106,160,238,238,238,238,238,238,238,238,238,224,238,238,98,106,160,0,0,0,0,0,0,0,255,0,0,0,0,60,
5171,209945,31,NP, ,148,23-Oct-2021,20:57:38,,,,401650000,-134,,0,23-Oct-2021,20:57:38,,,,,,,,,,40,106,192,238,238,238,238,238,238,238,238,238,238,224,14,51,42,192,0,0,0,0,0,0,0,255,0,0,0,0,57,
5171,209945,31,SR, ,149,23-Oct-2021,20:57:38,,,,401650000,-135,,0,23-Oct-2021,20:57:38,,,,,,,,,,40,106,192,238,238,238,238,238,238,238,238,238,238,224,14,51,106,192,0,0,0,0,0,0,0,255,0,0,0,0,57,
5171,209945,31,NK, ,150,23-Oct-2021,20:57:38,,,,401650000,-130,,0,23-Oct-2021,20:57:38,,,,,,,,,,40,106,192,238,238,238,238,238,238,238,238,238,238,224,14,51,106,192,0,0,0,0,0,0,0,255,0,0,0,0,57,
5171,209945,31,SR, ,151,24-Oct-2021,06:24:37,,,,401650000,-133,,0,24-Oct-2021,06:24:37,,,,,,,,,,40,106,160,238,238,238,238,238,238,238,238,238,224,238,238,98,106,160,0,0,0,0,0,0,0,255,0,0,0,0,60,
5171,209945,31,SR, ,152,24-Oct-2021,18:56:02,,,,401650000,-139,,0,24-Oct-2021,18:56:02,,,,,,,,,,40,106,96,238,238,200,46,230,80,243,63,28,128,35,162,74,121,65,55,222,126,212,66,0,0,127,128,0,0,0,25,
5171,209945,31,A1, ,153,24-Oct-2021,19:56:03,,,,401650000,-127,,0,24-Oct-2021,19:56:03,,,,,,,,,,40,106,64,0,238,224,224,238,238,14,238,238,238,238,224,14,106,64,0,0,0,0,0,0,0,255,0,0,0,0,200,
5171,209945,3,SR,A,154,25-Oct-2021,19:56:15,-19.0451,148.8874,,401677711,-121,,0,25-Oct-2021,19:56:15,-19.0451,148.8874,352,1245,2945,526,97,,,30,142,28,,,,,,,,,,,,,,,,,,,,,,,,,,,,,
5171,209945,3,SR,A,154,25-Oct-2021,19:56:15,-19.0451,148.8874,,401677711,-121,,0,25-Oct-2021,19:58:08,-19.0451,148.8874,352,1245,2945,526,97,,,70,65,5,,,,,,,,,,,,,,,,,,,,,,,,,,,,,
5171,209945,31,SR,A,154,25-Oct-2021,19:56:15,-19.0451,148.8874,,401677711,-121,,0,25-Oct-2021,20:02:07,-19.0451,148.8874,352,1245,2945,526,97,,,40,107,0,238,238,227,234,238,199,235,236,242,64,39,217,238,130,122,202,209,198,255,255,139,193,126,4,241,255,255,255,
5171,209945,3,NK,B,155,25-Oct-2021,20:12:37,-19.0449,148.8877,,401677702,-132,6,0,25-Oct-2021,20:12:37,-19.0449,148.8877,,7375,7930,6858,96,,,97,135,0,,,,,,,,,,,,,,,,,,,,,,,,,,,,,
5171,209945,31,MA,2,156,25-Oct-2021,20:27:50,-19.0450,148.8991,,401677701,-122,58,0,25-Oct-2021,20:27:50,-19.0450,148.8991,532,413,934,182,162,,,40,106,224,238,238,238,224,238,238,224,238,238,238,224,238,10,106,224,0,0,0,0,0,0,1,255,3,0,0,0,212,
5171,209945,3,MA,2,156,25-Oct-2021,20:27:50,-19.0450,148.8991,,401677701,-122,58,0,25-Oct-2021,20:34:33,-19.0450,148.8991,532,413,934,182,162,,,92,245,13,,,,,,,,,,,,,,,,,,,,,,,,,,,,,
5171,209945,3,MA,2,156,25-Oct-2021,20:27:50,-19.0450,148.8991,,401677701,-122,58,0,25-Oct-2021,20:34:52,-19.0450,148.8991,532,413,934,182,162,,,107,133,0,,,,,,,,,,,,,,,,,,,,,,,,,,,,,
5171,209945,3,MA,2,156,25-Oct-2021,20:27:50,-19.0450,148.8991,,401677701,-122,58,0,25-Oct-2021,20:36:42,-19.0450,148.8991,532,413,934,182,162,,,13,50,147,,,,,,,,,,,,,,,,,,,,,,,,,,,,,
5171,209945,3,NP,A,157,25-Oct-2021,20:35:22,-19.0343,148.8939,,401677704,-119,6,0,25-Oct-2021,20:34:33,-19.0343,148.8939,129,378,1200,118,49,,,92,245,13,,,,,,,,,,,,,,,,,,,,,,,,,,,,,
5171,209945,3,NP,A,157,25-Oct-2021,20:35:22,-19.0343,148.8939,,401677704,-119,6,0,25-Oct-2021,20:34:52,-19.0343,148.8939,129,378,1200,118,49,,,107,133,0,,,,,,,,,,,,,,,,,,,,,,,,,,,,,
5171,209945,3,NP,A,157,25-Oct-2021,20:35:22,-19.0343,148.8939,,401677704,-119,6,0,25-Oct-2021,20:36:42,-19.0343,148.8939,129,378,1200,118,49,,,15,1,18,,,,,,,,,,,,,,,,,,,,,,,,,,,,,
5171,209945,3,A1,B,158,25-Oct-2021,21:12:24,-19.0343,148.9073,,401677714,-132,7,0,25-Oct-2021,21:12:25,-19.0343,148.9073,,1520,1911,1209,67,,,30,142,28,,,,,,,,,,,,,,,,,,,,,,,,,,,,,
5171,209945,3,NN,B,159,25-Oct-2021,22:53:32,-19.0370,148.9379,,401677708,-129,8,0,25-Oct-2021,22:53:33,-19.0370,148.9379,,2284,3397,1535,99,,,67,63,5,,,,,,,,,,,,,,,,,,,,,,,,,,,,,
5171,209945,31,MA,B,160,26-Oct-2021,10:45:04,-19.0240,149.1995,,401677734,-122,8,0,26-Oct-2021,10:45:04,-19.0240,149.1995,,4424,8061,2427,113,,,40,107,19,238,255,230,8,113,224,232,130,233,179,135,21,138,34,7,21,163,206,240,2,235,205,228,230,236,218,93,48,
5171,209945,31,NP,B,161,26-Oct-2021,10:45:04,-18.9938,149.0908,,401677743,-135,,0,26-Oct-2021,10:45:04,-18.9938,149.0908,,3841,8764,1683,124,,,59,69,232,197,126,238,58,221,61,178,69,3,117,157,195,39,224,23,58,112,159,200,247,14,36,181,154,116,40,195,112,
5171,209945,3,NN,B,162,26-Oct-2021,11:22:28,-18.8912,149.0577,,401677709,-127,8,0,26-Oct-2021,11:21:26,-18.8912,149.0577,124,10120,130901,782,93,,,15,1,16,,,,,,,,,,,,,,,,,,,,,,,,,,,,,
5171,209945,3,NN,B,162,26-Oct-2021,11:22:28,-18.8912,149.0577,,401677709,-127,8,0,26-Oct-2021,11:23:30,-18.8912,149.0577,124,10120,130901,782,93,,,30,142,28,,,,,,,,,,,,,,,,,,,,,,,,,,,,,
5171,209945,3,MC,B,163,26-Oct-2021,12:47:39,-18.8497,148.9559,,401677682,-123,8,0,26-Oct-2021,12:47:40,-18.8497,148.9559,283,6399,80579,508,127,,,3,130,4,,,,,,,,,,,,,,,,,,,,,,,,,,,,,
5171,209945,3,MC,B,163,26-Oct-2021,12:47:39,-18.8497,148.9559,,401677682,-123,8,0,26-Oct-2021,12:52:23,-18.8497,148.9559,283,6399,80579,508,127,,,68,75,5,,,,,,,,,,,,,,,,,,,,,,,,,,,,,
5171,209945,3,NN,B,164,26-Oct-2021,13:12:13,-18.8320,148.9646,,401677701,-133,6,0,26-Oct-2021,13:12:13,-18.8320,148.9646,,4919,12163,1989,127,,,83,22,14,,,,,,,,,,,,,,,,,,,,,,,,,,,,,
5171,209945,3,A1,3,165,26-Oct-2021,19:24:38,-19.0261,149.0910,,401677706,-127,56,0,26-Oct-2021,19:20:34,-19.0261,149.0910,415,147,172,124,103,,,30,142,28,,,,,,,,,,,,,,,,,,,,,,,,,,,,,
5171,209945,3,A1,3,165,26-Oct-2021,19:24:38,-19.0261,149.0910,,401677706,-127,56,0,26-Oct-2021,19:24:14,-19.0261,149.0910,415,147,172,124,103,,,98,136,0,,,,,,,,,,,,,,,,,,,,,,,,,,,,,
5171,209945,3,A1,3,165,26-Oct-2021,19:24:38,-19.0261,149.0910,,401677706,-127,56,0,26-Oct-2021,19:26:18,-19.0261,149.0910,415,147,172,124,103,,,15,1,16,,,,,,,,,,,,,,,,,,,,,,,,,,,,,
5171,209945,3,A1,3,165,26-Oct-2021,19:24:38,-19.0261,149.0910,,401677706,-127,56,0,26-Oct-2021,19:27:01,-19.0261,149.0910,415,147,172,124,103,,,30,140,28,,,,,,,,,,,,,,,,,,,,,,,,,,,,,
5171,209945,3,A1,3,165,26-Oct-2021,19:24:38,-19.0261,149.0910,,401677706,-127,56,1,26-Oct-2021,19:27:29,-19.0261,149.0910,415,147,172,124,103,,,74,77,5,,,,,,,,,,,,,,,,,,,,,,,,,,,,,
5171,209945,3,SR,2,166,26-Oct-2021,19:23:14,-19.0287,149.0933,,401677704,-122,58,0,26-Oct-2021,19:24:14,-19.0287,149.0933,612,288,431,192,99,,,98,136,0,,,,,,,,,,,,,,,,,,,,,,,,,,,,,
5171,209945,3,SR,2,166,26-Oct-2021,19:23:14,-19.0287,149.0933,,401677704,-122,58,0,26-Oct-2021,19:27:01,-19.0287,149.0933,612,288,431,192,99,,,30,140,24,,,,,,,,,,,,,,,,,,,,,,,,,,,,,
5171,209945,3,SR,2,166,26-Oct-2021,19:23:14,-19.0287,149.0933,,401677704,-122,58,1,26-Oct-2021,19:27:29,-19.0287,149.0933,612,288,431,192,99,,,74,77,5,,,,,,,,,,,,,,,,,,,,,,,,,,,,,
5171,209945,3,SR,2,166,26-Oct-2021,19:23:14,-19.0287,149.0933,,401677704,-122,58,0,26-Oct-2021,19:29:52,-19.0287,149.0933,612,288,431,192,99,,,100,134,0,,,,,,,,,,,,,,,,,,,,,,,,,,,,,
5171,209945,3,SR,2,166,26-Oct-2021,19:23:14,-19.0287,149.0933,,401677704,-122,58,1,26-Oct-2021,19:33:09,-19.0287,149.0933,612,288,431,192,99,,,15,1,16,,,,,,,,,,,,,,,,,,,,,,,,,,,,,
5171,209945,3,SR,2,166,26-Oct-2021,19:23:14,-19.0287,149.0933,,401677704,-122,58,0,26-Oct-2021,19:34:26,-19.0287,149.0933,612,288,431,192,99,,,30,142,28,,,,,,,,,,,,,,,,,,,,,,,,,,,,,
5171,209945,3,MA,B,167,26-Oct-2021,20:09:59,-19.0176,149.0820,,401677716,-129,7,0,26-Oct-2021,20:09:35,-19.0176,149.0820,49,1755,2332,1320,134,,,15,1,16,,,,,,,,,,,,,,,,,,,,,,,,,,,,,
5171,209945,3,MA,B,167,26-Oct-2021,20:09:59,-19.0176,149.0820,,401677716,-129,7,0,26-Oct-2021,20:10:24,-19.0176,149.0820,49,1755,2332,1320,134,,,30,142,28,,,,,,,,,,,,,,,,,,,,,,,,,,,,,
5171,209945,3,NP,B,168,26-Oct-2021,20:29:49,-19.0590,149.0957,,401677702,-125,8,0,26-Oct-2021,20:22:36,-19.0590,149.0957,434,1265,18680,85,83,,,68,75,5,,,,,,,,,,,,,,,,,,,,,,,,,,,,,
5171,209945,3,NP,B,168,26-Oct-2021,20:29:49,-19.0590,149.0957,,401677702,-125,8,0,26-Oct-2021,20:29:50,-19.0590,149.0957,434,1265,18680,85,83,,,100,134,0,,,,,,,,,,,,,,,,,,,,,,,,,,,,,
5171,209945,3,SR,A,169,26-Oct-2021,21:07:04,-19.0618,149.1026,,401677690,-125,8,0,26-Oct-2021,21:06:01,-19.0618,149.1026,131,619,1839,208,143,,,30,142,28,,,,,,,,,,,,,,,,,,,,,,,,,,,,,
5171,209945,3,SR,A,169,26-Oct-2021,21:07:04,-19.0618,149.1026,,401677690,-125,8,0,26-Oct-2021,21:07:01,-19.0618,149.1026,131,619,1839,208,143,,,75,72,5,,,,,,,,,,,,,,,,,,,,,,,,,,,,,
5171,209945,3,SR,A,169,26-Oct-2021,21:07:04,-19.0618,149.1026,,401677690,-125,8,0,26-Oct-2021,21:08:12,-19.0618,149.1026,131,619,1839,208,143,,,91,113,14,,,,,,,,,,,,,,,,,,,,,,,,,,,,,
5171,209945,3,MA,1,170,26-Oct-2021,21:51:46,-19.0887,149.1306,,401677708,-118,56,0,26-Oct-2021,21:50:34,-19.0887,149.1306,123,1466,6707,320,90,,,68,75,5,,,,,,,,,,,,,,,,,,,,,,,,,,,,,
5171,209945,3,MA,1,170,26-Oct-2021,21:51:46,-19.0887,149.1306,,401677708,-118,56,0,26-Oct-2021,21:51:47,-19.0887,149.1306,123,1466,6707,320,90,,,80,118,14,,,,,,,,,,,,,,,,,,,,,,,,,,,,,
5171,209945,3,MA,1,170,26-Oct-2021,21:51:46,-19.0887,149.1306,,401677708,-118,56,0,26-Oct-2021,21:52:07,-19.0887,149.1306,123,1466,6707,320,90,,,104,138,0,,,,,,,,,,,,,,,,,,,,,,,,,,,,,
5171,209945,3,MA,1,170,26-Oct-2021,21:51:46,-19.0887,149.1306,,401677708,-118,56,0,26-Oct-2021,21:52:37,-19.0887,149.1306,123,1466,6707,320,90,,,15,1,16,,,,,,,,,,,,,,,,,,,,,,,,,,,,,
5171,209945,3,A1,B,171,27-Oct-2021,07:23:35,-19.0932,149.2857,,401677705,-130,8,0,27-Oct-2021,07:23:35,-19.0932,149.2857,,12979,15114,11144,67,,,84,131,14,,,,,,,,,,,,,,,,,,,,,,,,,,,,,
5171,209945,3,SR,2,172,27-Oct-2021,08:10:06,-19.2566,149.0889,,401677703,-122,58,0,27-Oct-2021,08:06:41,,,540,290,582,143,78,,,86,153,14,,,,,,,,,,,,,,,,,,,,,,,,,,,,,
5171,209945,3,SR,2,172,27-Oct-2021,08:10:06,-19.2566,149.0889,,401677703,-122,58,0,27-Oct-2021,08:08:05,,,540,290,582,143,78,,,15,1,16,,,,,,,,,,,,,,,,,,,,,,,,,,,,,
5171,209945,3,SR,2,172,27-Oct-2021,08:10:06,-19.2566,149.0889,,401677703,-122,58,0,27-Oct-2021,08:08:58,,,540,290,582,143,78,,,30,142,28,,,,,,,,,,,,,,,,,,,,,,,,,,,,,
5171,209945,3,SR,2,172,27-Oct-2021,08:10:06,-19.2566,149.0889,,401677703,-122,58,0,27-Oct-2021,08:10:07,,,540,290,582,143,78,,,67,64,5,,,,,,,,,,,,,,,,,,,,,,,,,,,,,
5171,209945,3,SR,2,172,27-Oct-2021,08:10:06,-19.2566,149.0889,,401677703,-122,58,0,27-Oct-2021,08:10:31,,,540,290,582,143,78,,,93,158,14,,,,,,,,,,,,,,,,,,,,,,,,,,,,,
5171,209945,3,SR,2,172,27-Oct-2021,08:10:06,-19.2566,149.0889,,401677703,-122,58,1,27-Oct-2021,08:13:28,,,540,290,582,143,78,,,98,136,0,,,,,,,,,,,,,,,,,,,,,,,,,,,,,
5171,209945,3,SR,2,172,27-Oct-2021,08:10:06,-19.2566,149.0889,,401677703,-122,58,0,27-Oct-2021,08:15:41,,,540,290,582,143,78,,,15,1,144,,,,,,,,,,,,,,,,,,,,,,,,,,,,,
5171,209945,3,NK,A,173,27-Oct-2021,08:09:34,-19.2215,149.1153,,401677692,-133,8,0,27-Oct-2021,08:08:05,-19.2215,149.1153,146,10743,70492,1637,32,,,15,1,16,,,,,,,,,,,,,,,,,,,,,,,,,,,,,
5171,209945,3,NK,A,173,27-Oct-2021,08:09:34,-19.2215,149.1153,,401677692,-133,8,0,27-Oct-2021,08:10:07,-19.2215,149.1153,146,10743,70492,1637,32,,,67,64,69,,,,,,,,,,,,,,,,,,,,,,,,,,,,,
5171,209945,3,NK,A,173,27-Oct-2021,08:09:34,-19.2215,149.1153,,401677692,-133,8,0,27-Oct-2021,08:10:31,-19.2215,149.1153,146,10743,70492,1637,32,,,93,158,14,,,,,,,,,,,,,,,,,,,,,,,,,,,,,
5171,209945,3,MA,B,174,27-Oct-2021,08:41:09,-19.2865,149.0634,,401677715,-127,6,0,27-Oct-2021,08:41:09,-19.2865,149.0634,,6096,6669,5572,87,,,84,163,14,,,,,,,,,,,,,,,,,,,,,,,,,,,,,
5171,209945,31,NP,B,175,27-Oct-2021,08:53:30,-19.2608,149.0965,,401677701,-130,8,0,27-Oct-2021,08:53:31,-19.2608,149.0965,,3014,3221,2819,95,,,40,107,64,238,238,238,238,238,14,0,0,14,0,128,238,86,96,227,132,11,7,48,51,231,100,163,245,185,173,97,241,
5171,209945,31,MB,B,176,27-Oct-2021,11:36:37,-19.3272,149.0577,,401677715,-133,8,0,27-Oct-2021,11:36:30,-19.3272,149.0577,16,1818,6563,503,82,,,40,107,192,238,238,238,238,238,14,0,0,14,0,0,238,83,107,72,21,25,40,237,127,245,134,124,109,56,134,32,219,
5171,209945,3,MB,B,176,27-Oct-2021,11:36:37,-19.3272,149.0577,,401677715,-133,8,0,27-Oct-2021,11:36:46,-19.3272,149.0577,16,1818,6563,503,82,,,98,136,0,,,,,,,,,,,,,,,,,,,,,,,,,,,,,
5171,209945,3,SR,B,177,27-Oct-2021,18:58:14,-19.3746,148.9799,,401677708,-132,8,0,27-Oct-2021,18:55:35,-19.3746,148.9799,319,2398,40693,141,144,,,92,187,14,,,,,,,,,,,,,,,,,,,,,,,,,,,,,
5171,209945,3,SR,B,177,27-Oct-2021,18:58:14,-19.3746,148.9799,,401677708,-132,8,0,27-Oct-2021,19:00:54,-19.3746,148.9799,319,2398,40693,141,144,,,103,137,0,,,,,,,,,,,,,,,,,,,,,,,,,,,,,
5171,209945,3,A1,3,178,27-Oct-2021,19:10:41,-19.3690,148.9720,,401677706,-131,56,0,27-Oct-2021,19:10:20,-19.3690,148.9720,138,180,376,86,133,,,88,192,14,,,,,,,,,,,,,,,,,,,,,,,,,,,,,
5171,209945,3,A1,3,178,27-Oct-2021,19:10:41,-19.3690,148.9720,,401677706,-131,56,0,27-Oct-2021,19:10:58,-19.3690,148.9720,138,180,376,86,133,,,98,136,0,,,,,,,,,,,,,,,,,,,,,,,,,,,,,
5171,209945,3,A1,3,178,27-Oct-2021,19:10:41,-19.3690,148.9720,,401677706,-131,56,0,27-Oct-2021,19:11:26,-19.3690,148.9720,138,180,376,86,133,,,15,148,126,,,,,,,,,,,,,,,,,,,,,,,,,,,,,
5171,209945,3,A1,3,178,27-Oct-2021,19:10:41,-19.3690,148.9720,,401677706,-131,56,1,27-Oct-2021,19:12:38,-19.3690,148.9720,138,180,376,86,133,,,30,142,28,,,,,,,,,,,,,,,,,,,,,,,,,,,,,
5171,209945,3,MA,B,179,27-Oct-2021,19:52:14,-19.3755,148.9839,,401677711,-133,8,0,27-Oct-2021,19:51:44,-19.3755,148.9839,61,1546,1862,1284,31,,,15,1,17,,,,,,,,,,,,,,,,,,,,,,,,,,,,,
5171,209945,3,MA,B,179,27-Oct-2021,19:52:14,-19.3755,148.9839,,401677711,-133,8,0,27-Oct-2021,19:52:45,-19.3755,148.9839,61,1546,1862,1284,31,,,78,54,5,,,,,,,,,,,,,,,,,,,,,,,,,,,,,
5171,209945,3,NP,2,180,27-Oct-2021,20:14:21,-19.3933,148.9851,,401677705,-125,56,0,27-Oct-2021,20:10:23,-19.3933,148.9851,450,325,814,129,79,,,88,14,15,,,,,,,,,,,,,,,,,,,,,,,,,,,,,
5171,209945,3,NP,2,180,27-Oct-2021,20:14:21,-19.3933,148.9851,,401677705,-125,56,0,27-Oct-2021,20:10:40,-19.3933,148.9851,450,325,814,129,79,,,98,136,0,,,,,,,,,,,,,,,,,,,,,,,,,,,,,
5171,209945,3,NP,2,180,27-Oct-2021,20:14:21,-19.3933,148.9851,,401677705,-125,56,0,27-Oct-2021,20:11:34,-19.3933,148.9851,450,325,814,129,79,,,79,51,5,,,,,,,,,,,,,,,,,,,,,,,,,,,,,
5171,209945,3,NP,2,180,27-Oct-2021,20:14:21,-19.3933,148.9851,,401677705,-125,56,0,27-Oct-2021,20:12:06,-19.3933,148.9851,450,325,814,129,79,,,81,19,15,,,,,,,,,,,,,,,,,,,,,,,,,,,,,
5171,209945,23,NP,2,180,27-Oct-2021,20:14:21,-19.3933,148.9851,,401677705,-125,56,0,27-Oct-2021,20:12:42,-19.3933,148.9851,450,325,814,129,79,,,68,246,71,61,131,16,75,114,93,44,27,145,0,157,6,24,236,21,39,38,71,0,46,,,,,,,,,
5171,209945,3,NP,2,180,27-Oct-2021,20:14:21,-19.3933,148.9851,,401677705,-125,56,1,27-Oct-2021,20:13:17,-19.3933,148.9851,450,325,814,129,79,,,30,142,28,,,,,,,,,,,,,,,,,,,,,,,,,,,,,
5171,209945,3,NP,2,180,27-Oct-2021,20:14:21,-19.3933,148.9851,,401677705,-125,56,0,27-Oct-2021,20:14:29,-19.3933,148.9851,450,325,814,129,79,,,65,53,5,,,,,,,,,,,,,,,,,,,,,,,,,,,,,
5171,209945,3,NP,2,180,27-Oct-2021,20:14:21,-19.3933,148.9851,,401677705,-125,56,0,27-Oct-2021,20:14:56,-19.3933,148.9851,450,325,814,129,79,,,83,25,15,,,,,,,,,,,,,,,,,,,,,,,,,,,,,
5171,209945,3,NP,2,180,27-Oct-2021,20:14:21,-19.3933,148.9851,,401677705,-125,56,0,27-Oct-2021,20:15:58,-19.3933,148.9851,450,325,814,129,79,,,30,142,24,,,,,,,,,,,,,,,,,,,,,,,,,,,,,
5171,209945,3,NP,2,180,27-Oct-2021,20:14:21,-19.3933,148.9851,,401677705,-125,56,0,27-Oct-2021,20:16:36,-19.3933,148.9851,450,325,814,129,79,,,88,30,14,,,,,,,,,,,,,,,,,,,,,,,,,,,,,
5171,209945,3,NP,2,180,27-Oct-2021,20:14:21,-19.3933,148.9851,,401677705,-125,56,0,27-Oct-2021,20:17:12,-19.3933,148.9851,450,325,814,129,79,,,15,1,16,,,,,,,,,,,,,,,,,,,,,,,,,,,,,
5171,209945,3,NP,2,180,27-Oct-2021,20:14:21,-19.3933,148.9851,,401677705,-125,56,0,27-Oct-2021,20:17:53,-19.3933,148.9851,450,325,814,129,79,,,75,55,5,,,,,,,,,,,,,,,,,,,,,,,,,,,,,
5171,209945,3,SR,3,181,27-Oct-2021,20:36:58,-19.4040,148.9956,,401677704,-122,56,0,27-Oct-2021,20:30:48,-19.4040,148.9956,673,138,282,67,77,,,15,1,16,,,,,,,,,,,,,,,,,,,,,,,,,,,,,
5171,209945,3,SR,3,181,27-Oct-2021,20:36:58,-19.4040,148.9956,,401677704,-122,56,0,27-Oct-2021,20:32:42,-19.4040,148.9956,673,138,282,67,77,,,15,35,18,,,,,,,,,,,,,,,,,,,,,,,,,,,,,
5171,209945,23,SR,3,181,27-Oct-2021,20:36:58,-19.4040,148.9956,,401677704,-122,56,0,27-Oct-2021,20:34:45,-19.4040,148.9956,673,138,282,67,77,,,72,144,165,245,40,150,198,120,77,210,105,83,214,30,143,12,1,100,8,137,241,195,155,,,,,,,,,
5171,209945,3,SR,3,181,27-Oct-2021,20:36:58,-19.4040,148.9956,,401677704,-122,56,0,27-Oct-2021,20:35:03,-19.4040,148.9956,673,138,282,67,77,,,85,72,15,,,,,,,,,,,,,,,,,,,,,,,,,,,,,
5171,209945,3,SR,3,181,27-Oct-2021,20:36:58,-19.4040,148.9956,,401677704,-122,56,0,27-Oct-2021,20:35:26,-19.4040,148.9956,673,138,282,67,77,,,91,133,230,,,,,,,,,,,,,,,,,,,,,,,,,,,,,
5171,209945,3,SR,3,181,27-Oct-2021,20:36:58,-19.4040,148.9956,,401677704,-122,56,0,27-Oct-2021,20:36:06,-19.4040,148.9956,673,138,282,67,77,,,30,12,31,,,,,,,,,,,,,,,,,,,,,,,,,,,,,
5171,209945,3,SR,3,181,27-Oct-2021,20:36:58,-19.4040,148.9956,,401677704,-122,56,1,27-Oct-2021,20:36:27,-19.4040,148.9956,673,138,282,67,77,,,78,54,5,,,,,,,,,,,,,,,,,,,,,,,,,,,,,
5171,209945,3,SR,3,181,27-Oct-2021,20:36:58,-19.4040,148.9956,,401677704,-122,56,0,27-Oct-2021,20:36:59,-19.4040,148.9956,673,138,282,67,77,,,97,135,0,,,,,,,,,,,,,,,,,,,,,,,,,,,,,
5171,209945,3,SR,3,181,27-Oct-2021,20:36:58,-19.4040,148.9956,,401677704,-122,56,0,27-Oct-2021,20:37:49,-19.4040,148.9956,673,138,282,67,77,,,75,55,5,,,,,,,,,,,,,,,,,,,,,,,,,,,,,
5171,209945,3,SR,3,181,27-Oct-2021,20:36:58,-19.4040,148.9956,,401677704,-122,56,0,27-Oct-2021,20:38:08,-19.4040,148.9956,673,138,282,67,77,,,87,82,15,,,,,,,,,,,,,,,,,,,,,,,,,,,,,
5171,209945,3,SR,3,181,27-Oct-2021,20:36:58,-19.4040,148.9956,,401677704,-122,56,0,27-Oct-2021,20:40:18,-19.4040,148.9956,673,138,282,67,77,,,68,52,5,,,,,,,,,,,,,,,,,,,,,,,,,,,,,
5171,209945,3,SR,3,181,27-Oct-2021,20:36:58,-19.4040,148.9956,,401677704,-122,56,0,27-Oct-2021,20:40:51,-19.4040,148.9956,673,138,282,67,77,,,98,136,0,,,,,,,,,,,,,,,,,,,,,,,,,,,,,
5171,209945,3,SR,3,181,27-Oct-2021,20:36:58,-19.4040,148.9956,,401677704,-122,56,3,27-Oct-2021,20:41:26,-19.4040,148.9956,673,138,282,67,77,,,30,142,28,,,,,,,,,,,,,,,,,,,,,,,,,,,,,
5171,209945,3,SR,3,181,27-Oct-2021,20:36:58,-19.4040,148.9956,,401677704,-122,56,0,27-Oct-2021,20:42:01,-19.4040,148.9956,673,138,282,67,77,,,65,53,5,,,,,,,,,,,,,,,,,,,,,,,,,,,,,
5171,209945,3,A1,3,182,27-Oct-2021,20:42:20,-19.4060,148.9972,,401677707,-127,56,0,27-Oct-2021,20:39:09,-19.4060,148.9972,372,208,346,124,160,,,15,1,16,,,,,,,,,,,,,,,,,,,,,,,,,,,,,
5171,209945,3,A1,3,182,27-Oct-2021,20:42:20,-19.4060,148.9972,,401677707,-127,56,0,27-Oct-2021,20:40:18,-19.4060,148.9972,372,208,346,124,160,,,68,52,5,,,,,,,,,,,,,,,,,,,,,,,,,,,,,
5171,209945,3,A1,3,182,27-Oct-2021,20:42:20,-19.4060,148.9972,,401677707,-127,56,0,27-Oct-2021,20:42:01,-19.4060,148.9972,372,208,346,124,160,,,65,53,5,,,,,,,,,,,,,,,,,,,,,,,,,,,,,
5171,209945,3,A1,3,182,27-Oct-2021,20:42:20,-19.4060,148.9972,,401677707,-127,56,1,27-Oct-2021,20:44:37,-19.4060,148.9972,372,208,346,124,160,,,98,136,0,,,,,,,,,,,,,,,,,,,,,,,,,,,,,
5171,209945,3,A1,3,182,27-Oct-2021,20:42:20,-19.4060,148.9972,,401677707,-127,56,0,27-Oct-2021,20:45:02,-19.4060,148.9972,372,208,346,124,160,,,15,1,17,,,,,,,,,,,,,,,,,,,,,,,,,,,,,
5171,209945,3,A1,3,182,27-Oct-2021,20:42:20,-19.4060,148.9972,,401677707,-127,56,1,27-Oct-2021,20:45:21,-19.4060,148.9972,372,208,346,124,160,,,30,142,28,,,,,,,,,,,,,,,,,,,,,,,,,,,,,
5171,209945,3,NK,3,183,27-Oct-2021,20:58:44,-19.4023,149.0027,,401677705,-121,56,0,27-Oct-2021,20:52:54,-19.4023,149.0027,450,180,285,113,113,,,110,132,0,,,,,,,,,,,,,,,,,,,,,,,,,,,,,
5171,209945,3,NK,3,183,27-Oct-2021,20:58:44,-19.4023,149.0027,,401677705,-121,56,0,27-Oct-2021,20:54:26,-19.4023,149.0027,450,180,285,113,113,,,81,108,15,,,,,,,,,,,,,,,,,,,,,,,,,,,,,
5171,209945,3,NK,3,183,27-Oct-2021,20:58:44,-19.4023,149.0027,,401677705,-121,56,0,27-Oct-2021,20:55:23,-19.4023,149.0027,450,180,285,113,113,,,15,1,16,,,,,,,,,,,,,,,,,,,,,,,,,,,,,
5171,209945,3,NK,3,183,27-Oct-2021,20:58:44,-19.4023,149.0027,,401677705,-121,56,1,27-Oct-2021,20:56:23,-19.4023,149.0027,450,180,285,113,113,,,30,142,28,,,,,,,,,,,,,,,,,,,,,,,,,,,,,
5171,209945,3,NK,3,183,27-Oct-2021,20:58:44,-19.4023,149.0027,,401677705,-121,56,0,27-Oct-2021,20:57:06,-19.4023,149.0027,450,180,285,113,113,,,76,114,87,,,,,,,,,,,,,,,,,,,,,,,,,,,,,
5171,209945,3,NK,3,183,27-Oct-2021,20:58:44,-19.4023,149.0027,,401677705,-121,56,0,27-Oct-2021,21:00:24,-19.4023,149.0027,450,180,285,113,113,,,97,135,0,,,,,,,,,,,,,,,,,,,,,,,,,,,,,
5171,209945,31,NN,B,184,28-Oct-2021,00:03:15,-19.5124,148.9457,,401677700,-135,8,0,28-Oct-2021,00:03:16,-19.5124,148.9457,,2916,3084,2757,92,,,40,107,96,238,238,238,0,14,224,238,224,238,0,0,224,118,107,96,0,0,0,0,0,0,0,255,28,0,0,0,92,
5171,209945,23,MA,B,185,28-Oct-2021,08:20:04,-19.6906,148.8376,,401677715,-135,8,0,28-Oct-2021,08:20:04,-19.6906,148.8376,,5221,7767,3509,68,,,75,126,36,192,56,14,35,122,64,128,82,90,31,6,203,183,253,32,141,106,0,127,192,,,,,,,,,
5171,209945,3,A1,B,186,28-Oct-2021,18:53:23,-19.8124,148.7625,,401677683,-133,8,0,28-Oct-2021,18:53:24,-19.8124,148.7625,,6708,11932,3770,67,,,100,134,0,,,,,,,,,,,,,,,,,,,,,,,,,,,,,
5171,209945,3,NP,B,187,28-Oct-2021,19:55:11,-19.8845,148.7854,,401677744,-133,6,0,28-Oct-2021,19:54:51,-19.8845,148.7854,42,6517,34504,1230,87,,,100,134,0,,,,,,,,,,,,,,,,,,,,,,,,,,,,,
5171,209945,3,NP,B,187,28-Oct-2021,19:55:11,-19.8845,148.7854,,401677744,-133,6,0,28-Oct-2021,19:55:33,-19.8845,148.7854,42,6517,34504,1230,87,,,15,1,16,,,,,,,,,,,,,,,,,,,,,,,,,,,,,
5171,209945,3,SR,B,188,28-Oct-2021,20:08:01,-19.9527,148.9131,,401677694,-127,8,0,28-Oct-2021,20:07:46,-19.9527,148.9131,30,3820,30228,482,71,,,30,142,28,,,,,,,,,,,,,,,,,,,,,,,,,,,,,
5171,209945,3,SR,B,188,28-Oct-2021,20:08:01,-19.9527,148.9131,,401677694,-127,8,0,28-Oct-2021,20:08:16,-19.9527,148.9131,30,3820,30228,482,71,,,67,64,5,,,,,,,,,,,,,,,,,,,,,,,,,,,,,
5171,209945,3,A1,3,189,28-Oct-2021,20:26:51,-19.9138,149.0972,,401677706,-125,56,0,28-Oct-2021,20:23:47,-19.9138,149.0972,493,171,492,59,69,,,84,156,15,,,,,,,,,,,,,,,,,,,,,,,,,,,,,
5171,209945,3,A1,3,189,28-Oct-2021,20:26:51,-19.9138,149.0972,,401677706,-125,56,0,28-Oct-2021,20:24:12,-19.9138,149.0972,493,171,492,59,69,,,110,132,0,,,,,,,,,,,,,,,,,,,,,,,,,,,,,
5171,209945,3,A1,3,189,28-Oct-2021,20:26:51,-19.9138,149.0972,,401677706,-125,56,0,28-Oct-2021,20:27:29,-19.9138,149.0972,493,171,492,59,69,,,15,1,16,,,,,,,,,,,,,,,,,,,,,,,,,,,,,
5171,209945,3,A1,3,189,28-Oct-2021,20:26:51,-19.9138,149.0972,,401677706,-125,56,0,28-Oct-2021,20:32:00,-19.9138,149.0972,493,171,492,59,69,,,30,142,28,,,,,,,,,,,,,,,,,,,,,,,,,,,,,
5171,209945,3,NK,A,190,28-Oct-2021,20:31:59,-19.9170,149.0979,,401677704,-127,6,0,28-Oct-2021,20:27:29,-19.9170,149.0979,613,164,277,97,65,,,15,1,16,,,,,,,,,,,,,,,,,,,,,,,,,,,,,
5171,209945,3,NK,A,190,28-Oct-2021,20:31:59,-19.9170,149.0979,,401677704,-127,6,0,28-Oct-2021,20:32:00,-19.9170,149.0979,613,164,277,97,65,,,30,142,28,,,,,,,,,,,,,,,,,,,,,,,,,,,,,
5171,209945,3,NK,A,190,28-Oct-2021,20:31:59,-19.9170,149.0979,,401677704,-127,6,0,28-Oct-2021,20:37:42,-19.9170,149.0979,613,164,277,97,65,,,73,66,5,,,,,,,,,,,,,,,,,,,,,,,,,,,,,
5171,209945,3,MA,B,191,28-Oct-2021,21:11:09,-19.9412,149.0731,,401677694,-119,8,0,28-Oct-2021,21:11:09,-19.9412,149.0731,,3281,7652,1406,88,,,86,166,15,,,,,,,,,,,,,,,,,,,,,,,,,,,,,
5171,209945,3,NP,B,192,28-Oct-2021,21:44:14,-19.9536,149.1252,,401677707,-131,7,0,28-Oct-2021,21:44:14,-19.9536,149.1252,,2344,4071,1349,103,,,30,142,28,,,,,,,,,,,,,,,,,,,,,,,,,,,,,
5171,209945,3,SR,B,193,28-Oct-2021,21:44:14,-19.9495,149.1196,,401677708,-135,,0,28-Oct-2021,21:44:14,-19.9495,149.1196,,3016,5348,1700,85,,,30,142,28,,,,,,,,,,,,,,,,,,,,,,,,,,,,,
5171,209945,3,SR,B,194,29-Oct-2021,07:14:14,-19.9856,149.0678,,401677734,-128,8,0,29-Oct-2021,07:14:15,-19.9856,149.0678,,5698,7672,4231,124,,,15,1,16,,,,,,,,,,,,,,,,,,,,,,,,,,,,,
5171,209945,3,NN,A,195,29-Oct-2021,12:34:16,-20.0042,149.0126,,401677700,-122,6,0,29-Oct-2021,12:33:01,-20.0042,149.0126,76,1602,18105,141,87,,,100,134,0,,,,,,,,,,,,,,,,,,,,,,,,,,,,,
5171,209945,3,NN,A,195,29-Oct-2021,12:34:16,-20.0042,149.0126,,401677700,-122,6,0,29-Oct-2021,12:33:19,-20.0042,149.0126,76,1602,18105,141,87,,,15,1,16,,,,,,,,,,,,,,,,,,,,,,,,,,,,,
5171,209945,3,NN,A,195,29-Oct-2021,12:34:16,-20.0042,149.0126,,401677700,-122,6,0,29-Oct-2021,12:34:17,-20.0042,149.0126,76,1602,18105,141,87,,,30,142,28,,,,,,,,,,,,,,,,,,,,,,,,,,,,,
5171,209945,3,MB,B,196,29-Oct-2021,12:33:10,-19.9801,149.0472,,401677718,-132,8,0,29-Oct-2021,12:33:01,-19.9801,149.0472,18,3112,8153,1187,64,,,100,134,0,,,,,,,,,,,,,,,,,,,,,,,,,,,,,
5171,209945,3,MB,B,196,29-Oct-2021,12:33:10,-19.9801,149.0472,,401677718,-132,8,0,29-Oct-2021,12:33:19,-19.9801,149.0472,18,3112,8153,1187,64,,,15,1,25,,,,,,,,,,,,,,,,,,,,,,,,,,,,,
5171,209945,3,NP,A,197,29-Oct-2021,19:48:38,-20.1659,149.0658,,401677705,-131,8,0,29-Oct-2021,19:43:47,-20.1659,149.0658,626,294,414,208,70,,,15,1,16,,,,,,,,,,,,,,,,,,,,,,,,,,,,,
5171,209945,31,NP,A,197,29-Oct-2021,19:48:38,-20.1659,149.0658,,401677705,-131,8,0,29-Oct-2021,19:47:55,-20.1659,149.0658,626,294,414,208,70,,,40,107,128,14,238,0,238,238,238,238,224,238,224,0,238,151,107,128,0,0,0,0,0,0,0,255,58,0,0,0,18,
5171,209945,3,NP,A,197,29-Oct-2021,19:48:38,-20.1659,149.0658,,401677705,-131,8,0,29-Oct-2021,19:54:13,-20.1659,149.0658,626,294,414,208,70,,,30,142,28,,,,,,,,,,,,,,,,,,,,,,,,,,,,,
5171,209945,3,NK,B,198,29-Oct-2021,20:03:46,-20.1714,149.0759,,401677705,-135,6,0,29-Oct-2021,20:03:46,-20.1714,149.0759,,1663,1765,1566,49,,,87,204,15,,,,,,,,,,,,,,,,,,,,,,,,,,,,,
5171,209945,3,SR,2,199,29-Oct-2021,21:12:47,-20.2070,149.0776,,401677704,-127,58,0,29-Oct-2021,21:11:26,-20.2070,149.0776,343,320,545,187,179,,,85,214,15,,,,,,,,,,,,,,,,,,,,,,,,,,,,,
5171,209945,3,SR,2,199,29-Oct-2021,21:12:47,-20.2070,149.0776,,401677704,-127,58,0,29-Oct-2021,21:11:41,-20.2070,149.0776,343,320,545,187,179,,,97,135,0,,,,,,,,,,,,,,,,,,,,,,,,,,,,,
5171,209945,3,SR,2,199,29-Oct-2021,21:12:47,-20.2070,149.0776,,401677704,-127,58,1,29-Oct-2021,21:12:14,-20.2070,149.0776,343,320,545,187,179,,,30,142,28,,,,,,,,,,,,,,,,,,,,,,,,,,,,,
5171,209945,3,SR,2,199,29-Oct-2021,21:12:47,-20.2070,149.0776,,401677704,-127,58,1,29-Oct-2021,21:12:42,-20.2070,149.0776,343,320,545,187,179,,,68,52,5,,,,,,,,,,,,,,,,,,,,,,,,,,,,,
5171,209945,3,SR,2,199,29-Oct-2021,21:12:47,-20.2070,149.0776,,401677704,-127,58,0,29-Oct-2021,21:13:21,-20.2070,149.0776,343,320,545,187,179,,,92,219,15,,,,,,,,,,,,,,,,,,,,,,,,,,,,,
5171,209945,3,SR,2,199,29-Oct-2021,21:12:47,-20.2070,149.0776,,401677704,-127,58,0,29-Oct-2021,21:15:29,-20.2070,149.0776,343,320,545,187,179,,,98,136,0,,,,,,,,,,,,,,,,,,,,,,,,,,,,,
5171,209945,3,SR,2,199,29-Oct-2021,21:12:47,-20.2070,149.0776,,401677704,-127,58,1,29-Oct-2021,21:17:09,-20.2070,149.0776,343,320,545,187,179,,,15,1,16,,,,,,,,,,,,,,,,,,,,,,,,,,,,,
5171,209945,3,NP,2,200,29-Oct-2021,21:23:02,-20.2048,149.0723,,401677706,-127,56,0,29-Oct-2021,21:22:01,-20.2048,149.0723,734,295,387,224,34,,,31,142,29,,,,,,,,,,,,,,,,,,,,,,,,,,,,,
5171,209945,3,NP,2,200,29-Oct-2021,21:23:02,-20.2048,149.0723,,401677706,-127,56,0,29-Oct-2021,21:22:16,-20.2048,149.0723,734,295,387,224,34,,,75,55,5,,,,,,,,,,,,,,,,,,,,,,,,,,,,,
5171,209945,3,NP,2,200,29-Oct-2021,21:23:02,-20.2048,149.0723,,401677706,-127,56,0,29-Oct-2021,21:22:32,-20.2048,149.0723,734,295,387,224,34,,,85,230,15,,,,,,,,,,,,,,,,,,,,,,,,,,,,,
5171,209945,3,NP,2,200,29-Oct-2021,21:23:02,-20.2048,149.0723,,401677706,-127,56,0,29-Oct-2021,21:23:22,-20.2048,149.0723,734,295,387,224,34,,,97,135,0,,,,,,,,,,,,,,,,,,,,,,,,,,,,,
5171,209945,3,NP,2,200,29-Oct-2021,21:23:02,-20.2048,149.0723,,401677706,-127,56,1,29-Oct-2021,21:23:37,-20.2048,149.0723,734,295,387,224,34,,,15,1,16,,,,,,,,,,,,,,,,,,,,,,,,,,,,,
5171,209945,3,NP,2,200,29-Oct-2021,21:23:02,-20.2048,149.0723,,401677706,-127,56,0,29-Oct-2021,21:25:56,-20.2048,149.0723,734,295,387,224,34,,,30,142,28,,,,,,,,,,,,,,,,,,,,,,,,,,,,,
5171,209945,3,NP,2,200,29-Oct-2021,21:23:02,-20.2048,149.0723,,401677706,-127,56,0,29-Oct-2021,21:32:00,-20.2048,149.0723,734,295,387,224,34,,,92,235,15,,,,,,,,,,,,,,,,,,,,,,,,,,,,,
5171,209945,3,NP,2,200,29-Oct-2021,21:23:02,-20.2048,149.0723,,401677706,-127,56,0,29-Oct-2021,21:34:15,-20.2048,149.0723,734,295,387,224,34,,,103,137,0,,,,,,,,,,,,,,,,,,,,,,,,,,,,,
5171,209945,3,A1,0,201,30-Oct-2021,19:59:58,-20.3159,149.1480,,401677704,-125,40,0,30-Oct-2021,19:57:04,-20.3159,149.1480,323,9936,437399,225,81,,,15,1,16,,,,,,,,,,,,,,,,,,,,,,,,,,,,,
5171,209945,3,A1,0,201,30-Oct-2021,19:59:58,-20.3159,149.1480,,401677704,-125,40,0,30-Oct-2021,20:00:04,-20.3159,149.1480,323,9936,437399,225,81,,,30,142,28,,,,,,,,,,,,,,,,,,,,,,,,,,,,,
5171,209945,3,A1,0,201,30-Oct-2021,19:59:58,-20.3159,149.1480,,401677704,-125,40,0,30-Oct-2021,20:00:19,-20.3159,149.1480,323,9936,437399,225,81,,,77,70,5,,,,,,,,,,,,,,,,,,,,,,,,,,,,,
5171,209945,3,A1,0,201,30-Oct-2021,19:59:58,-20.3159,149.1480,,401677704,-125,40,0,30-Oct-2021,20:02:27,-20.3159,149.1480,323,9936,437399,225,81,,,94,37,16,,,,,,,,,,,,,,,,,,,,,,,,,,,,,
5171,209945,3,MA,0,202,30-Oct-2021,20:32:44,-20.2749,149.3136,,401677695,-125,48,0,30-Oct-2021,20:31:51,-20.2749,149.3136,166,9726,65703,1439,102,,,30,142,28,,,,,,,,,,,,,,,,,,,,,,,,,,,,,
5171,209945,3,MA,0,202,30-Oct-2021,20:32:44,-20.2749,149.3136,,401677695,-125,48,0,30-Oct-2021,20:32:08,-20.2749,149.3136,166,9726,65703,1439,102,,,77,70,5,,,,,,,,,,,,,,,,,,,,,,,,,,,,,
5171,209945,3,MA,0,202,30-Oct-2021,20:32:44,-20.2749,149.3136,,401677695,-125,48,0,30-Oct-2021,20:32:23,-20.2749,149.3136,166,9726,65703,1439,102,,,88,43,16,,,,,,,,,,,,,,,,,,,,,,,,,,,,,
5171,209945,3,MA,0,202,30-Oct-2021,20:32:44,-20.2749,149.3136,,401677695,-125,48,0,30-Oct-2021,20:34:37,-20.2749,149.3136,166,9726,65703,1439,102,,,103,137,0,,,,,,,,,,,,,,,,,,,,,,,,,,,,,
5171,209945,3,SR,B,203,30-Oct-2021,20:48:45,-20.3275,149.1759,,401677722,-136,7,0,30-Oct-2021,20:48:45,-20.3275,149.1759,,8358,20000,3492,82,,,15,1,16,,,,,,,,,,,,,,,,,,,,,,,,,,,,,
5171,209945,27,MC,B,204,31-Oct-2021,00:13:42,-20.3688,149.2858,,401677706,-130,8,0,31-Oct-2021,00:13:42,-20.3688,149.2858,,13281,18414,9578,109,,,40,107,192,238,238,238,238,238,238,238,238,0,0,14,14,1,107,192,0,0,0,0,0,0,0,255,155,,,,,
5171,209945,27,MC,B,205,31-Oct-2021,11:07:29,-20.3029,149.2197,,401677702,-119,8,0,31-Oct-2021,11:07:30,-20.3029,149.2197,,19226,69689,5304,92,,,40,107,192,238,238,238,238,238,238,238,238,0,0,14,14,1,107,192,0,0,0,0,0,0,0,255,155,,,,,
5171,209945,23,SR,1,206,01-Nov-2021,07:19:14,-20.3681,148.9093,,401677705,-123,50,0,01-Nov-2021,07:16:31,-20.3681,148.9093,397,511,1106,235,83,,,64,112,165,245,40,150,198,120,64,157,72,216,86,32,131,12,11,132,28,211,160,255,128,,,,,,,,,
5171,209945,3,SR,1,206,01-Nov-2021,07:19:14,-20.3681,148.9093,,401677705,-123,50,0,01-Nov-2021,07:19:55,-20.3681,148.9093,397,511,1106,235,83,,,98,136,0,,,,,,,,,,,,,,,,,,,,,,,,,,,,,
5171,209945,3,SR,1,206,01-Nov-2021,07:19:14,-20.3681,148.9093,,401677705,-123,50,1,01-Nov-2021,07:22:31,-20.3681,148.9093,397,511,1106,235,83,,,30,142,28,,,,,,,,,,,,,,,,,,,,,,,,,,,,,
5171,209945,3,SR,1,206,01-Nov-2021,07:19:14,-20.3681,148.9093,,401677705,-123,50,0,01-Nov-2021,07:23:08,-20.3681,148.9093,397,511,1106,235,83,,,77,57,5,,,,,,,,,,,,,,,,,,,,,,,,,,,,,
5171,209945,3,SR,2,207,01-Nov-2021,19:38:46,-20.3434,148.8563,,401677705,-122,50,0,01-Nov-2021,19:38:21,-20.3434,148.8563,212,260,681,99,5,,,15,1,16,,,,,,,,,,,,,,,,,,,,,,,,,,,,,
5171,209945,31,SR,2,207,01-Nov-2021,19:38:46,-20.3434,148.8563,,401677705,-122,50,0,01-Nov-2021,19:38:38,-20.3434,148.8563,212,260,681,99,5,,,40,107,224,224,238,238,238,238,224,238,238,238,238,238,238,89,107,224,0,0,0,0,0,0,0,255,72,0,0,0,9,
5171,209945,3,SR,2,207,01-Nov-2021,19:38:46,-20.3434,148.8563,,401677705,-122,50,0,01-Nov-2021,19:38:55,-20.3434,148.8563,212,260,681,99,5,,,30,142,28,,,,,,,,,,,,,,,,,,,,,,,,,,,,,
5171,209945,3,SR,2,207,01-Nov-2021,19:38:46,-20.3434,148.8563,,401677705,-122,50,0,01-Nov-2021,19:39:13,-20.3434,148.8563,212,260,681,99,5,,,77,57,5,,,,,,,,,,,,,,,,,,,,,,,,,,,,,
5171,209945,3,SR,2,207,01-Nov-2021,19:38:46,-20.3434,148.8563,,401677705,-122,50,0,01-Nov-2021,19:41:53,-20.3434,148.8563,212,260,681,99,5,,,88,100,16,,,,,,,,,,,,,,,,,,,,,,,,,,,,,
5171,209945,31,MB,2,208,03-Nov-2021,10:49:50,-20.4278,148.9177,,401677716,-132,50,0,03-Nov-2021,10:48:25,-20.4278,148.9177,580,482,1202,193,170,,,40,108,68,204,189,178,206,155,131,167,133,204,220,182,198,240,30,133,153,30,236,194,52,167,9,108,121,157,63,181,11,
5171,209945,3,MB,2,208,03-Nov-2021,10:49:50,-20.4278,148.9177,,401677716,-132,50,0,03-Nov-2021,10:49:27,-20.4278,148.9177,580,482,1202,193,170,,,75,55,5,,,,,,,,,,,,,,,,,,,,,,,,,,,,,
5171,209945,3,MB,2,208,03-Nov-2021,10:49:50,-20.4278,148.9177,,401677716,-132,50,0,03-Nov-2021,10:50:33,-20.4278,148.9177,580,482,1202,193,170,,,15,1,16,,,,,,,,,,,,,,,,,,,,,,,,,,,,,
5171,209945,3,MB,2,208,03-Nov-2021,10:49:50,-20.4278,148.9177,,401677716,-132,50,0,03-Nov-2021,10:50:58,-20.4278,148.9177,580,482,1202,193,170,,,14,142,28,,,,,,,,,,,,,,,,,,,,,,,,,,,,,
5171,209945,23,MB,2,208,03-Nov-2021,10:49:50,-20.4278,148.9177,,401677716,-132,50,0,03-Nov-2021,10:56:21,-20.4278,148.9177,580,482,1202,193,170,,,93,116,165,242,40,150,198,120,65,172,7,149,24,33,25,8,12,58,60,220,96,255,142,,,,,,,,,
5171,209945,3,MB,2,208,03-Nov-2021,10:49:50,-20.4278,148.9177,,401677716,-132,50,0,03-Nov-2021,10:56:45,-20.4278,148.9177,580,482,1202,193,170,,,110,132,0,,,,,,,,,,,,,,,,,,,,,,,,,,,,,
5171,209945,3,MB,2,208,03-Nov-2021,10:49:50,-20.4278,148.9177,,401677716,-132,50,1,03-Nov-2021,10:57:26,-20.4278,148.9177,580,482,1202,193,170,,,15,1,16,,,,,,,,,,,,,,,,,,,,,,,,,,,,,
5171,209945,3,MB,2,208,03-Nov-2021,10:49:50,-20.4278,148.9177,,401677716,-132,50,0,03-Nov-2021,10:58:05,-20.4278,148.9177,580,482,1202,193,170,,,30,142,28,,,,,,,,,,,,,,,,,,,,,,,,,,,,,
5171,209945,3,NP,2,209,03-Nov-2021,10:55:19,-20.4276,148.9048,,401677708,-129,56,0,03-Nov-2021,10:50:14,-20.4276,148.9048,522,412,773,219,126,,,107,5,194,,,,,,,,,,,,,,,,,,,,,,,,,,,,,
5171,209945,3,NP,2,209,03-Nov-2021,10:55:19,-20.4276,148.9048,,401677708,-129,56,0,03-Nov-2021,10:51:42,-20.4276,148.9048,522,412,773,219,126,,,92,129,16,,,,,,,,,,,,,,,,,,,,,,,,,,,,,
5171,209945,3,NP,2,209,03-Nov-2021,10:55:19,-20.4276,148.9048,,401677708,-129,56,0,03-Nov-2021,10:52:04,-20.4276,148.9048,522,412,773,219,126,,,98,136,0,,,,,,,,,,,,,,,,,,,,,,,,,,,,,
5171,209945,3,NP,2,209,03-Nov-2021,10:55:19,-20.4276,148.9048,,401677708,-129,56,0,03-Nov-2021,10:53:44,-20.4276,148.9048,522,412,773,219,126,,,87,132,49,,,,,,,,,,,,,,,,,,,,,,,,,,,,,
5171,209945,3,NP,2,209,03-Nov-2021,10:55:19,-20.4276,148.9048,,401677708,-129,56,0,03-Nov-2021,10:55:15,-20.4276,148.9048,522,412,773,219,126,,,30,142,28,,,,,,,,,,,,,,,,,,,,,,,,,,,,,
5171,209945,3,NP,2,209,03-Nov-2021,10:55:19,-20.4276,148.9048,,401677708,-129,56,0,03-Nov-2021,10:55:34,-20.4276,148.9048,522,412,773,219,126,,,75,51,151,,,,,,,,,,,,,,,,,,,,,,,,,,,,,
5171,209945,3,NP,2,209,03-Nov-2021,10:55:19,-20.4276,148.9048,,401677708,-129,56,0,03-Nov-2021,10:56:45,-20.4276,148.9048,522,412,773,219,126,,,110,132,0,,,,,,,,,,,,,,,,,,,,,,,,,,,,,
5171,209945,3,NP,2,209,03-Nov-2021,10:55:19,-20.4276,148.9048,,401677708,-129,56,0,03-Nov-2021,10:57:26,-20.4276,148.9048,522,412,773,219,126,,,15,1,16,,,,,,,,,,,,,,,,,,,,,,,,,,,,,
5171,209945,3,NP,2,209,03-Nov-2021,10:55:19,-20.4276,148.9048,,401677708,-129,56,0,03-Nov-2021,10:58:56,-20.4276,148.9048,522,412,773,219,126,,,75,183,5,,,,,,,,,,,,,,,,,,,,,,,,,,,,,
5171,209945,3,MA,2,210,03-Nov-2021,11:13:07,-20.4291,148.9023,,401677706,-120,56,0,03-Nov-2021,11:11:57,-20.4291,148.9023,293,274,752,100,115,,,103,137,0,,,,,,,,,,,,,,,,,,,,,,,,,,,,,
5171,209945,3,MA,2,210,03-Nov-2021,11:13:07,-20.4291,148.9023,,401677706,-120,56,0,03-Nov-2021,11:13:17,-20.4291,148.9023,293,274,752,100,115,,,87,150,16,,,,,,,,,,,,,,,,,,,,,,,,,,,,,
5171,209945,3,MA,2,210,03-Nov-2021,11:13:07,-20.4291,148.9023,,401677706,-120,56,1,03-Nov-2021,11:14:16,-20.4291,148.9023,293,274,752,100,115,,,15,1,16,,,,,,,,,,,,,,,,,,,,,,,,,,,,,
5171,209945,3,MA,2,210,03-Nov-2021,11:13:07,-20.4291,148.9023,,401677706,-120,56,1,03-Nov-2021,11:14:37,-20.4291,148.9023,293,274,752,100,115,,,30,142,28,,,,,,,,,,,,,,,,,,,,,,,,,,,,,
5171,209945,3,MA,2,210,03-Nov-2021,11:13:07,-20.4291,148.9023,,401677706,-120,56,1,03-Nov-2021,11:15:08,-20.4291,148.9023,293,274,752,100,115,,,75,55,5,,,,,,,,,,,,,,,,,,,,,,,,,,,,,
5171,209945,3,MA,2,210,03-Nov-2021,11:13:07,-20.4291,148.9023,,401677706,-120,56,0,03-Nov-2021,11:16:21,-20.4291,148.9023,293,274,752,100,115,,,94,155,16,,,,,,,,,,,,,,,,,,,,,,,,,,,,,
5171,209945,3,MA,2,210,03-Nov-2021,11:13:07,-20.4291,148.9023,,401677706,-120,56,0,03-Nov-2021,11:16:50,-20.4291,148.9023,293,274,752,100,115,,,98,136,0,,,,,,,,,,,,,,,,,,,,,,,,,,,,,
5171,209945,31,NN,2,211,03-Nov-2021,11:34:03,-20.4325,148.9043,,401677707,-127,56,0,03-Nov-2021,11:32:26,-20.4325,148.9043,235,441,2219,87,84,,,40,108,64,238,238,238,238,14,238,224,14,238,238,238,238,101,108,64,0,0,0,0,0,0,0,255,5,0,0,0,214,
5171,209945,31,NN,2,211,03-Nov-2021,11:34:03,-20.4325,148.9043,,401677707,-127,56,0,03-Nov-2021,11:32:52,-20.4325,148.9043,235,441,2219,87,84,,,40,108,32,238,238,238,224,238,238,238,224,238,224,238,224,75,108,43,85,234,110,239,165,58,9,10,127,113,217,48,58,
5171,209945,3,NN,2,211,03-Nov-2021,11:34:03,-20.4325,148.9043,,401677707,-127,56,0,03-Nov-2021,11:34:20,-20.4325,148.9043,235,441,2219,87,84,,,83,162,16,,,,,,,,,,,,,,,,,,,,,,,,,,,,,
5171,209945,3,NN,2,211,03-Nov-2021,11:34:03,-20.4325,148.9043,,401677707,-127,56,0,03-Nov-2021,11:34:37,-20.4325,148.9043,235,441,2219,87,84,,,98,136,0,,,,,,,,,,,,,,,,,,,,,,,,,,,,,
5171,209945,3,NN,2,211,03-Nov-2021,11:34:03,-20.4325,148.9043,,401677707,-127,56,1,03-Nov-2021,11:34:52,-20.4325,148.9043,235,441,2219,87,84,,,15,1,16,,,,,,,,,,,,,,,,,,,,,,,,,,,,,
5171,209945,23,NN,2,211,03-Nov-2021,11:34:03,-20.4325,148.9043,,401677707,-127,56,0,03-Nov-2021,11:35:51,-20.4325,148.9043,235,441,2219,87,84,,,71,112,188,223,144,82,35,98,71,236,94,238,236,217,213,98,107,248,114,9,113,145,125,,,,,,,,,
5171,209945,3,NN,2,211,03-Nov-2021,11:34:03,-20.4325,148.9043,,401677707,-127,56,1,03-Nov-2021,11:36:21,-20.4325,148.9043,235,441,2219,87,84,,,30,142,28,,,,,,,,,,,,,,,,,,,,,,,,,,,,,
5171,209945,3,MC,0,212,03-Nov-2021,11:45:29,-20.4290,148.8898,,401677703,-116,46,0,03-Nov-2021,11:44:28,-20.4290,148.8898,122,1688,5350,532,77,,,75,55,5,,,,,,,,,,,,,,,,,,,,,,,,,,,,,
5171,209945,3,MC,0,212,03-Nov-2021,11:45:29,-20.4290,148.8898,,401677703,-116,46,0,03-Nov-2021,11:45:04,-20.4290,148.8898,122,1688,5350,532,77,,,81,168,16,,,,,,,,,,,,,,,,,,,,,,,,,,,,,
5171,209945,3,MC,0,212,03-Nov-2021,11:45:29,-20.4290,148.8898,,401677703,-116,46,0,03-Nov-2021,11:45:56,-20.4290,148.8898,122,1688,5350,532,77,,,100,134,0,,,,,,,,,,,,,,,,,,,,,,,,,,,,,
5171,209945,3,MC,0,212,03-Nov-2021,11:45:29,-20.4290,148.8898,,401677703,-116,46,0,03-Nov-2021,11:46:30,-20.4290,148.8898,122,1688,5350,532,77,,,15,1,4,,,,,,,,,,,,,,,,,,,,,,,,,,,,,
5171,209945,3,A1,A,213,04-Nov-2021,18:41:33,-20.3177,149.0493,,401677693,-139,,0,04-Nov-2021,18:40:30,-20.3177,149.0493,119,3849,22737,651,37,,,98,136,0,,,,,,,,,,,,,,,,,,,,,,,,,,,,,
5171,209945,3,A1,A,213,04-Nov-2021,18:41:33,-20.3177,149.0493,,401677693,-139,,0,04-Nov-2021,18:41:43,-20.3177,149.0493,119,3849,22737,651,37,,,30,142,28,,,,,,,,,,,,,,,,,,,,,,,,,,,,,
5171,209945,3,A1,A,213,04-Nov-2021,18:41:33,-20.3177,149.0493,,401677693,-139,,0,04-Nov-2021,18:42:29,-20.3177,149.0493,119,3849,22737,651,37,,,74,50,5,,,,,,,,,,,,,,,,,,,,,,,,,,,,,
5171,209945,3,SR,0,214,04-Nov-2021,19:42:24,-20.3544,149.0301,,401677702,-127,58,0,04-Nov-2021,19:41:27,-20.3544,149.0301,102,4009,12324,1304,107,,,68,52,5,,,,,,,,,,,,,,,,,,,,,,,,,,,,,
5171,209945,3,SR,0,214,04-Nov-2021,19:42:24,-20.3544,149.0301,,401677702,-127,58,0,04-Nov-2021,19:42:14,-20.3544,149.0301,102,4009,12324,1304,107,,,81,57,17,,,,,,,,,,,,,,,,,,,,,,,,,,,,,
5171,209945,3,SR,0,214,04-Nov-2021,19:42:24,-20.3544,149.0301,,401677702,-127,58,0,04-Nov-2021,19:42:48,-20.3544,149.0301,102,4009,12324,1304,107,,,110,132,0,,,,,,,,,,,,,,,,,,,,,,,,,,,,,
5171,209945,23,SR,0,214,04-Nov-2021,19:42:24,-20.3544,149.0301,,401677702,-127,58,0,04-Nov-2021,19:43:09,-20.3544,149.0301,102,4009,12324,1304,107,,,65,176,165,245,40,150,198,120,66,78,245,148,150,34,115,8,32,47,75,1,113,64,31,,,,,,,,,
5171,209945,3,A1,B,215,04-Nov-2021,20:17:19,-20.3444,148.9931,,401677702,-121,8,0,04-Nov-2021,20:16:35,-20.3444,148.9931,90,1728,24834,120,41,,,84,132,1,,,,,,,,,,,,,,,,,,,,,,,,,,,,,
5171,209945,3,A1,B,215,04-Nov-2021,20:17:19,-20.3444,148.9931,,401677702,-121,8,0,04-Nov-2021,20:18:05,-20.3444,148.9931,90,1728,24834,120,41,,,30,142,28,,,,,,,,,,,,,,,,,,,,,,,,,,,,,
5171,209945,3,NP,B,216,04-Nov-2021,20:18:04,-20.3458,148.9916,,401677702,-131,6,0,04-Nov-2021,20:18:05,-20.3458,148.9916,,1169,5613,243,42,,,30,142,28,,,,,,,,,,,,,,,,,,,,,,,,,,,,,
5171,209945,3,NK,B,217,04-Nov-2021,20:50:30,-20.3480,148.9805,,401677705,-133,8,0,04-Nov-2021,20:50:31,-20.3480,148.9805,,1533,1914,1227,47,,,97,135,0,,,,,,,,,,,,,,,,,,,,,,,,,,,,,
5171,209945,3,A1, ,218,05-Nov-2021,19:58:35,,,,401650000,,,0,05-Nov-2021,19:58:35,,,21,,,,,,,30,142,28,,,,,,,,,,,,,,,,,,,,,,,,,,,,,
5171,209945,3,A1, ,218,05-Nov-2021,19:58:35,,,,401650000,,,0,05-Nov-2021,19:58:56,,,21,,,,,,,70,46,5,,,,,,,,,,,,,,,,,,,,,,,,,,,,,
5171,209945,31,NK,2,219,08-Nov-2021,08:05:50,-20.2639,148.8914,,401677707,-133,50,0,08-Nov-2021,08:04:17,-20.2639,148.8914,211,470,2153,102,26,,,40,108,192,238,238,238,238,14,238,238,238,238,238,238,238,22,108,192,0,0,0,32,194,227,209,227,101,251,145,59,17,
5171,209945,3,NK,2,219,08-Nov-2021,08:05:50,-20.2639,148.8914,,401677707,-133,50,0,08-Nov-2021,08:04:42,-20.2639,148.8914,211,470,2153,102,26,,,30,142,28,,,,,,,,,,,,,,,,,,,,,,,,,,,,,
5171,209945,3,NK,2,219,08-Nov-2021,08:05:50,-20.2639,148.8914,,401677707,-133,50,0,08-Nov-2021,08:05:26,-20.2639,148.8914,211,470,2153,102,26,,,71,59,5,,,,,,,,,,,,,,,,,,,,,,,,,,,,,
5171,209945,3,NK,2,219,08-Nov-2021,08:05:50,-20.2639,148.8914,,401677707,-133,50,0,08-Nov-2021,08:06:10,-20.2639,148.8914,211,470,2153,102,26,,,95,96,17,,,,,,,,,,,,,,,,,,,,,,,,,,,,,
5171,209945,3,NK,2,219,08-Nov-2021,08:05:50,-20.2639,148.8914,,401677707,-133,50,0,08-Nov-2021,08:06:42,-20.2639,148.8914,211,470,2153,102,26,,,100,134,0,,,,,,,,,,,,,,,,,,,,,,,,,,,,,
5171,209945,3,NK,2,219,08-Nov-2021,08:05:50,-20.2639,148.8914,,401677707,-133,50,0,08-Nov-2021,08:07:48,-20.2639,148.8914,211,470,2153,102,26,,,15,1,16,,,,,,,,,,,,,,,,,,,,,,,,,,,,,
5171,209945,3,NP,A,220,08-Nov-2021,08:21:02,-20.1345,148.8851,,401650000,-134,,0,08-Nov-2021,08:10:45,-20.1345,148.8851,628,1027,18741,56,177,,,100,134,16,,,,,,,,,,,,,,,,,,,,,,,,,,,,,
5171,209945,3,NP,A,220,08-Nov-2021,08:21:02,-20.1345,148.8851,,401650000,-134,,0,08-Nov-2021,08:20:51,-20.1345,148.8851,628,1027,18741,56,177,,,66,58,5,,,,,,,,,,,,,,,,,,,,,,,,,,,,,
5171,209945,3,NP,A,220,08-Nov-2021,08:21:02,-20.1345,148.8851,,401650000,-134,,0,08-Nov-2021,08:21:13,-20.1345,148.8851,628,1027,18741,56,177,,,77,122,17,,,,,,,,,,,,,,,,,,,,,,,,,,,,,
5171,209945,3,SR,0,221,08-Nov-2021,08:42:26,-20.2489,148.8958,,401677724,-130,56,0,08-Nov-2021,08:42:17,-20.2489,148.8958,82,1790,2612,1227,65,,,93,122,17,,,,,,,,,,,,,,,,,,,,,,,,,,,,,
5171,209945,31,SR,0,221,08-Nov-2021,08:42:26,-20.2489,148.8958,,401677724,-130,56,0,08-Nov-2021,08:42:36,-20.2489,148.8958,82,1790,2612,1227,65,,,40,108,224,238,238,238,238,238,238,238,238,238,234,233,110,205,59,151,43,214,159,56,31,206,184,127,14,44,48,252,124,
5171,209945,31,SR,0,221,08-Nov-2021,08:42:26,-20.2489,148.8958,,401677724,-130,56,0,08-Nov-2021,08:42:59,-20.2489,148.8958,82,1790,2612,1227,65,,,40,108,160,238,238,238,238,238,238,238,238,238,224,14,238,113,108,160,0,0,0,0,0,0,0,255,0,0,0,0,108,
5171,209945,3,SR,0,221,08-Nov-2021,08:42:26,-20.2489,148.8958,,401677724,-130,56,0,08-Nov-2021,08:43:17,-20.2489,148.8958,82,1790,2612,1227,65,,,100,134,0,,,,,,,,,,,,,,,,,,,,,,,,,,,,,
5171,209945,3,SR,0,221,08-Nov-2021,08:42:26,-20.2489,148.8958,,401677724,-130,56,0,08-Nov-2021,08:43:39,-20.2489,148.8958,82,1790,2612,1227,65,,,15,1,16,,,,,,,,,,,,,,,,,,,,,,,,,,,,,
5171,209945,31,MC,B,222,08-Nov-2021,13:23:38,-20.2703,148.8946,,401677690,-129,8,0,08-Nov-2021,13:23:38,-20.2703,148.8946,,5541,7204,4261,85,,,56,110,217,156,104,17,193,170,117,41,181,204,134,248,72,143,41,156,0,254,1,63,224,1,254,120,110,23,252,111,165,
5171,209945,31,NP,B,223,08-Nov-2021,21:16:35,-20.3666,148.7352,,401677710,-126,8,0,08-Nov-2021,21:16:35,-20.3666,148.7352,64,8569,34292,2141,89,,,40,108,192,238,238,238,238,14,238,238,238,238,238,230,33,215,35,92,9,183,231,43,167,202,115,202,216,45,136,242,84,
5171,209945,31,NP,B,223,08-Nov-2021,21:16:35,-20.3666,148.7352,,401677710,-126,8,0,08-Nov-2021,21:17:39,-20.3666,148.7352,64,8569,34292,2141,89,,,40,108,224,238,238,238,238,238,238,238,238,238,238,238,238,229,108,224,0,0,0,0,0,0,0,255,2,0,0,0,187,
5171,209945,31,SR,B,224,09-Nov-2021,06:30:02,-20.3390,148.9348,,401677697,-133,8,0,09-Nov-2021,06:30:03,-20.3390,148.9348,,5121,11307,2319,114,,,40,109,0,238,238,238,0,0,238,224,238,238,238,254,98,91,41,125,66,81,92,91,80,64,94,47,205,32,183,191,19,
5171,209945,31,A1,2,225,09-Nov-2021,07:20:47,-20.3816,149.0408,,401677704,-123,47,0,09-Nov-2021,07:14:02,-20.3816,149.0408,652,379,1109,129,112,,,42,109,0,172,238,230,119,242,111,15,142,121,3,182,219,39,236,12,243,174,192,117,88,156,25,116,12,253,48,172,112,
5171,209945,3,A1,2,225,09-Nov-2021,07:20:47,-20.3816,149.0408,,401677704,-123,47,0,09-Nov-2021,07:19:50,-20.3816,149.0408,652,379,1109,129,112,,,98,136,0,,,,,,,,,,,,,,,,,,,,,,,,,,,,,
5171,209945,23,A1,2,225,09-Nov-2021,07:20:47,-20.3816,149.0408,,401677704,-123,47,0,09-Nov-2021,07:20:25,-20.3816,149.0408,652,379,1109,129,112,,,64,80,60,131,215,118,96,50,34,190,224,205,25,164,109,162,228,19,40,232,109,204,147,,,,,,,,,
5171,209945,3,A1,2,225,09-Nov-2021,07:20:47,-20.3816,149.0408,,401677704,-123,47,0,09-Nov-2021,07:20:45,-20.3816,149.0408,652,379,1109,129,112,,,15,1,16,,,,,,,,,,,,,,,,,,,,,,,,,,,,,
5171,209945,3,A1,2,225,09-Nov-2021,07:20:47,-20.3816,149.0408,,401677704,-123,47,0,09-Nov-2021,07:21:01,-20.3816,149.0408,652,379,1109,129,112,,,30,142,28,,,,,,,,,,,,,,,,,,,,,,,,,,,,,
5171,209945,3,A1,2,225,09-Nov-2021,07:20:47,-20.3816,149.0408,,401677704,-123,47,0,09-Nov-2021,07:22:21,-20.3816,149.0408,652,379,1109,129,112,,,85,163,17,,,,,,,,,,,,,,,,,,,,,,,,,,,,,
5171,209945,3,A1,2,225,09-Nov-2021,07:20:47,-20.3816,149.0408,,401677704,-123,47,0,09-Nov-2021,07:22:39,-20.3816,149.0408,652,379,1109,129,112,,,110,132,0,,,,,,,,,,,,,,,,,,,,,,,,,,,,,
5171,209945,3,A1,2,225,09-Nov-2021,07:20:47,-20.3816,149.0408,,401677704,-123,47,1,09-Nov-2021,07:24:37,-20.3816,149.0408,652,379,1109,129,112,,,70,62,5,,,,,,,,,,,,,,,,,,,,,,,,,,,,,
5171,209945,3,A1,2,225,09-Nov-2021,07:20:47,-20.3816,149.0408,,401677704,-123,47,0,09-Nov-2021,07:24:54,-20.3816,149.0408,652,379,1109,129,112,,,82,168,17,,,,,,,,,,,,,,,,,,,,,,,,,,,,,
5171,209945,31,NP,B,226,10-Nov-2021,07:52:48,-20.6132,149.0091,Lat > 4 deviations from mean,401677824,-136,,0,10-Nov-2021,07:51:32,-20.6132,149.0091,154,13773,89678,2115,162,,,40,109,32,238,238,238,224,238,238,238,238,238,224,14,238,181,109,32,0,0,0,0,0,0,0,255,115,0,0,0,112,
5171,209945,3,NP,B,226,10-Nov-2021,07:52:48,-20.6132,149.0091,Lat > 4 deviations from mean,401677824,-136,,0,10-Nov-2021,07:54:06,-20.6132,149.0091,154,13773,89678,2115,162,,,107,133,1,,,,,,,,,,,,,,,,,,,,,,,,,,,,,
5171,209945,3,SR,2,227,10-Nov-2021,19:55:37,-20.3395,148.9129,,401677704,-121,40,0,10-Nov-2021,19:53:07,-20.3395,148.9129,736,463,1535,139,77,,,94,11,18,,,,,,,,,,,,,,,,,,,,,,,,,,,,,
5171,209945,3,SR,2,227,10-Nov-2021,19:55:37,-20.3395,148.9129,,401677704,-121,40,0,10-Nov-2021,19:54:31,-20.3395,148.9129,736,463,1535,139,77,,,15,1,20,,,,,,,,,,,,,,,,,,,,,,,,,,,,,
5171,209945,3,SR,2,227,10-Nov-2021,19:55:37,-20.3395,148.9129,,401677704,-121,40,0,10-Nov-2021,19:56:12,-20.3395,148.9129,736,463,1535,139,77,,,238,132,0,,,,,,,,,,,,,,,,,,,,,,,,,,,,,
5171,209945,3,SR,2,227,10-Nov-2021,19:55:37,-20.3395,148.9129,,401677704,-121,40,0,10-Nov-2021,19:58:22,-20.3395,148.9129,736,463,1535,139,77,,,88,21,18,,,,,,,,,,,,,,,,,,,,,,,,,,,,,
5171,209945,3,SR,2,227,10-Nov-2021,19:55:37,-20.3395,148.9129,,401677704,-121,40,2,10-Nov-2021,20:00:27,-20.3395,148.9129,736,463,1535,139,77,,,73,66,5,,,,,,,,,,,,,,,,,,,,,,,,,,,,,
5171,209945,3,SR,2,227,10-Nov-2021,19:55:37,-20.3395,148.9129,,401677704,-121,40,0,10-Nov-2021,20:00:47,-20.3395,148.9129,736,463,1535,139,77,,,91,26,18,,,,,,,,,,,,,,,,,,,,,,,,,,,,,
5171,209945,3,SR,2,227,10-Nov-2021,19:55:37,-20.3395,148.9129,,401677704,-121,40,0,10-Nov-2021,20:02:45,-20.3395,148.9129,736,463,1535,139,77,,,89,32,18,,,,,,,,,,,,,,,,,,,,,,,,,,,,,
5171,209945,3,SR,2,227,10-Nov-2021,19:55:37,-20.3395,148.9129,,401677704,-121,40,1,10-Nov-2021,20:03:01,-20.3395,148.9129,736,463,1535,139,77,,,107,133,0,,,,,,,,,,,,,,,,,,,,,,,,,,,,,
5171,209945,3,SR,2,227,10-Nov-2021,19:55:37,-20.3395,148.9129,,401677704,-121,40,3,10-Nov-2021,20:03:16,-20.3395,148.9129,736,463,1535,139,77,,,15,1,16,,,,,,,,,,,,,,,,,,,,,,,,,,,,,
5171,209945,3,SR,2,227,10-Nov-2021,19:55:37,-20.3395,148.9129,,401677704,-121,40,3,10-Nov-2021,20:03:54,-20.3395,148.9129,736,463,1535,139,77,,,30,142,28,,,,,,,,,,,,,,,,,,,,,,,,,,,,,
5171,209945,3,SR,2,227,10-Nov-2021,19:55:37,-20.3395,148.9129,,401677704,-121,40,2,10-Nov-2021,20:05:23,-20.3395,148.9129,736,463,1535,139,77,,,97,135,0,,,,,,,,,,,,,,,,,,,,,,,,,,,,,
5171,209945,3,NK,3,228,10-Nov-2021,20:03:14,-20.3449,148.9088,,401677704,-128,56,0,10-Nov-2021,20:00:47,-20.3449,148.9088,531,196,224,170,0,,,91,26,18,,,,,,,,,,,,,,,,,,,,,,,,,,,,,
5171,209945,23,NK,3,228,10-Nov-2021,20:03:14,-20.3449,148.9088,,401677704,-128,56,0,10-Nov-2021,20:01:36,-20.3449,148.9088,531,196,224,170,0,,,93,48,165,245,40,150,198,120,69,80,97,86,216,36,57,12,1,100,28,212,16,255,128,,,,,,,,,
5171,209945,3,NK,3,228,10-Nov-2021,20:03:14,-20.3449,148.9088,,401677704,-128,56,0,10-Nov-2021,20:02:45,-20.3449,148.9088,531,196,224,170,0,,,89,32,18,,,,,,,,,,,,,,,,,,,,,,,,,,,,,
5171,209945,3,NK,3,228,10-Nov-2021,20:03:14,-20.3449,148.9088,,401677704,-128,56,1,10-Nov-2021,20:03:01,-20.3449,148.9088,531,196,224,170,0,,,107,133,0,,,,,,,,,,,,,,,,,,,,,,,,,,,,,
5171,209945,3,NK,3,228,10-Nov-2021,20:03:14,-20.3449,148.9088,,401677704,-128,56,1,10-Nov-2021,20:03:16,-20.3449,148.9088,531,196,224,170,0,,,15,1,16,,,,,,,,,,,,,,,,,,,,,,,,,,,,,
5171,209945,3,NK,3,228,10-Nov-2021,20:03:14,-20.3449,148.9088,,401677704,-128,56,1,10-Nov-2021,20:03:54,-20.3449,148.9088,531,196,224,170,0,,,30,142,28,,,,,,,,,,,,,,,,,,,,,,,,,,,,,
5171,209945,3,NK,3,228,10-Nov-2021,20:03:14,-20.3449,148.9088,,401677704,-128,56,0,10-Nov-2021,20:05:23,-20.3449,148.9088,531,196,224,170,0,,,97,135,0,,,,,,,,,,,,,,,,,,,,,,,,,,,,,
5171,209945,3,NK,3,228,10-Nov-2021,20:03:14,-20.3449,148.9088,,401677704,-128,56,0,10-Nov-2021,20:09:38,-20.3449,148.9088,531,196,224,170,0,,,70,65,5,,,,,,,,,,,,,,,,,,,,,,,,,,,,,
5171,209945,3,A1,B,229,10-Nov-2021,20:20:24,-20.3412,148.9189,,401677702,-127,6,0,10-Nov-2021,20:20:25,-20.3412,148.9189,,5476,7089,4230,74,,,91,42,18,,,,,,,,,,,,,,,,,,,,,,,,,,,,,
5171,209945,31,SR,B,230,11-Nov-2021,19:26:18,-20.3906,149.2321,,401677699,-130,,0,11-Nov-2021,19:26:18,-20.3906,149.2321,,5528,12309,2482,105,,,40,109,64,238,238,238,224,14,224,14,14,238,224,14,224,43,109,64,0,0,0,0,0,0,0,7,255,0,0,0,188,
5171,209945,31,A1, ,231,14-Nov-2021,19:24:51,,,,401650000,-136,,0,14-Nov-2021,19:24:51,,,,,,,,,,40,109,160,238,238,238,238,238,238,238,238,238,238,238,14,69,109,160,0,0,0,0,0,0,0,1,255,0,0,0,3,
5171,209945,3,SR, ,232,14-Nov-2021,19:30:42,,,,401650000,-129,,0,14-Nov-2021,19:30:42,,,,,,,,,,103,137,0,,,,,,,,,,,,,,,,,,,,,,,,,,,,,
5171,209945,3,MC, ,233,14-Nov-2021,22:33:58,,,,401650000,-129,,0,14-Nov-2021,22:33:58,,,,,,,,,,30,142,28,,,,,,,,,,,,,,,,,,,,,,,,,,,,,
5171,209945,3,NP,B,234,15-Nov-2021,08:31:03,-20.3627,148.9568,,401677696,-130,,0,15-Nov-2021,08:30:33,-20.3627,148.9568,61,6026,104778,346,80,,,64,247,86,,,,,,,,,,,,,,,,,,,,,,,,,,,,,
5171,209945,3,NP,B,234,15-Nov-2021,08:31:03,-20.3627,148.9568,,401677696,-130,,0,15-Nov-2021,08:31:34,-20.3627,148.9568,61,6026,104778,346,80,,,87,89,18,,,,,,,,,,,,,,,,,,,,,,,,,,,,,
5171,209945,3,MC,0,235,15-Nov-2021,22:08:42,-20.3520,149.1862,,401677706,-120,50,0,15-Nov-2021,22:06:50,-20.3520,149.1862,151,1611,5040,515,1,,,86,141,18,,,,,,,,,,,,,,,,,,,,,,,,,,,,,
5171,209945,3,MC,0,235,15-Nov-2021,22:08:42,-20.3520,149.1862,,401677706,-120,50,0,15-Nov-2021,22:07:28,-20.3520,149.1862,151,1611,5040,515,1,,,13,36,141,,,,,,,,,,,,,,,,,,,,,,,,,,,,,
5171,209945,3,MC,0,235,15-Nov-2021,22:08:42,-20.3520,149.1862,,401677706,-120,50,0,15-Nov-2021,22:08:02,-20.3520,149.1862,151,1611,5040,515,1,,,67,64,5,,,,,,,,,,,,,,,,,,,,,,,,,,,,,
5171,209945,3,MC,0,235,15-Nov-2021,22:08:42,-20.3520,149.1862,,401677706,-120,50,0,15-Nov-2021,22:08:18,-20.3520,149.1862,151,1611,5040,515,1,,,85,146,18,,,,,,,,,,,,,,,,,,,,,,,,,,,,,
5171,209945,3,MC,0,235,15-Nov-2021,22:08:42,-20.3520,149.1862,,401677706,-120,50,0,15-Nov-2021,22:08:48,-20.3520,149.1862,151,1611,5040,515,1,,,15,1,16,,,,,,,,,,,,,,,,,,,,,,,,,,,,,
5171,209945,3,MC,0,235,15-Nov-2021,22:08:42,-20.3520,149.1862,,401677706,-120,50,0,15-Nov-2021,22:09:05,-20.3520,149.1862,151,1611,5040,515,1,,,30,142,28,,,,,,,,,,,,,,,,,,,,,,,,,,,,,
5171,209945,3,MC,0,235,15-Nov-2021,22:08:42,-20.3520,149.1862,,401677706,-120,50,0,15-Nov-2021,22:09:21,-20.3520,149.1862,151,1611,5040,515,1,,,70,62,5,,,,,,,,,,,,,,,,,,,,,,,,,,,,,
5171,209945,3,A1,3,236,16-Nov-2021,07:08:02,-20.1998,149.2730,,401677703,-127,58,0,16-Nov-2021,07:04:05,-20.1998,149.2730,567,205,346,120,111,,,15,1,16,,,,,,,,,,,,,,,,,,,,,,,,,,,,,
5171,209945,3,A1,3,236,16-Nov-2021,07:08:02,-20.1998,149.2730,,401677703,-127,58,0,16-Nov-2021,07:05:12,-20.1998,149.2730,567,205,346,120,111,,,86,28,19,,,,,,,,,,,,,,,,,,,,,,,,,,,,,
5171,209945,3,A1,3,236,16-Nov-2021,07:08:02,-20.1998,149.2730,,401677703,-127,58,1,16-Nov-2021,07:07:05,-20.1998,149.2730,567,205,346,120,111,,,70,62,5,,,,,,,,,,,,,,,,,,,,,,,,,,,,,
5171,209945,3,A1,3,236,16-Nov-2021,07:08:02,-20.1998,149.2730,,401677703,-127,58,0,16-Nov-2021,07:07:20,-20.1998,149.2730,567,205,346,120,111,,,95,33,19,,,,,,,,,,,,,,,,,,,,,,,,,,,,,
5171,209945,3,A1,3,236,16-Nov-2021,07:08:02,-20.1998,149.2730,,401677703,-127,58,0,16-Nov-2021,07:08:04,-20.1998,149.2730,567,205,346,120,111,,,110,132,0,,,,,,,,,,,,,,,,,,,,,,,,,,,,,
5171,209945,31,A1,3,236,16-Nov-2021,07:08:02,-20.1998,149.2730,,401677703,-127,58,0,16-Nov-2021,07:08:51,-20.1998,149.2730,567,205,346,120,111,,,40,109,224,238,238,238,238,134,72,163,224,227,0,238,14,110,109,224,0,0,0,0,0,0,0,3,255,0,0,0,60,
5171,209945,3,A1,3,236,16-Nov-2021,07:08:02,-20.1998,149.2730,,401677703,-127,58,0,16-Nov-2021,07:09:12,-20.1998,149.2730,567,205,346,120,111,,,67,63,5,,,,,,,,,,,,,,,,,,,,,,,,,,,,,
5171,209945,3,A1,3,236,16-Nov-2021,07:08:02,-20.1998,149.2730,,401677703,-127,58,0,16-Nov-2021,07:09:28,-20.1998,149.2730,567,205,346,120,111,,,81,39,19,,,,,,,,,,,,,,,,,,,,,,,,,,,,,
5171,209945,3,A1,3,236,16-Nov-2021,07:08:02,-20.1998,149.2730,,401677703,-127,58,0,16-Nov-2021,07:10:53,-20.1998,149.2730,567,205,346,120,111,,,15,5,208,,,,,,,,,,,,,,,,,,,,,,,,,,,,,
5171,209945,3,A1,3,236,16-Nov-2021,07:08:02,-20.1998,149.2730,,401677703,-127,58,0,16-Nov-2021,07:13:32,-20.1998,149.2730,567,205,346,120,111,,,30,142,28,,,,,,,,,,,,,,,,,,,,,,,,,,,,,
5171,209945,3,SR,B,237,16-Nov-2021,07:45:03,-20.1999,149.2794,,401677695,-123,8,0,16-Nov-2021,07:45:03,-20.1999,149.2794,300,2532,16420,390,85,,,67,63,5,,,,,,,,,,,,,,,,,,,,,,,,,,,,,
5171,209945,3,SR,B,237,16-Nov-2021,07:45:03,-20.1999,149.2794,,401677695,-123,8,0,16-Nov-2021,07:50:03,-20.1999,149.2794,300,2532,16420,390,85,,,84,77,133,,,,,,,,,,,,,,,,,,,,,,,,,,,,,
5171,209945,3,NP,A,238,16-Nov-2021,08:21:42,-20.2014,149.2795,,401677703,-130,8,0,16-Nov-2021,08:20:02,-20.2014,149.2795,241,409,1302,128,179,,,15,1,16,,,,,,,,,,,,,,,,,,,,,,,,,,,,,
5171,209945,23,NP,A,238,16-Nov-2021,08:21:42,-20.2014,149.2795,,401677703,-130,8,0,16-Nov-2021,08:21:02,-20.2014,149.2795,241,409,1302,128,179,,,66,144,165,245,41,150,134,179,204,37,219,191,152,46,198,10,70,155,19,211,240,255,0,,,,,,,,,
5171,209945,3,NP,A,238,16-Nov-2021,08:21:42,-20.2014,149.2795,,401677703,-130,8,0,16-Nov-2021,08:24:03,-20.2014,149.2795,241,409,1302,128,179,,,97,135,0,,,,,,,,,,,,,,,,,,,,,,,,,,,,,
5171,209945,3,NK,B,239,16-Nov-2021,09:38:31,-20.1991,149.2897,,401677705,-140,8,0,16-Nov-2021,09:38:32,-20.1991,149.2897,,1267,1288,1245,178,,,30,142,28,,,,,,,,,,,,,,,,,,,,,,,,,,,,,
5171,209945,3,NK,B,240,16-Nov-2021,11:23:47,-20.1953,149.3030,,401677704,-130,8,0,16-Nov-2021,11:23:48,-20.1953,149.3030,,1797,2034,1587,67,,,70,65,5,,,,,,,,,,,,,,,,,,,,,,,,,,,,,
5171,209945,3,MB, ,241,16-Nov-2021,11:23:48,,,,401650000,,,0,16-Nov-2021,11:23:48,,,,,,,,,,70,65,5,,,,,,,,,,,,,,,,,,,,,,,,,,,,,
5171,209945,3,SR,0,242,17-Nov-2021,07:14:17,-20.1821,149.2457,,401677683,-123,60,0,17-Nov-2021,07:13:46,-20.1821,149.2457,62,2992,45358,197,86,,,30,142,30,,,,,,,,,,,,,,,,,,,,,,,,,,,,,
5171,209945,3,SR,0,242,17-Nov-2021,07:14:17,-20.1821,149.2457,,401677683,-123,60,0,17-Nov-2021,07:14:05,-20.1821,149.2457,62,2992,45358,197,86,,,67,64,5,,,,,,,,,,,,,,,,,,,,,,,,,,,,,
5171,209945,3,SR,0,242,17-Nov-2021,07:14:17,-20.1821,149.2457,,401677683,-123,60,0,17-Nov-2021,07:14:29,-20.1821,149.2457,62,2992,45358,197,86,,,90,131,20,,,,,,,,,,,,,,,,,,,,,,,,,,,,,
5171,209945,3,SR,0,242,17-Nov-2021,07:14:17,-20.1821,149.2457,,401677683,-123,60,0,17-Nov-2021,07:14:48,-20.1821,149.2457,62,2992,45358,197,86,,,110,132,0,,,,,,,,,,,,,,,,,,,,,,,,,,,,,
5171,209945,23,NP,B,243,18-Nov-2021,07:56:13,-20.1420,149.0475,,401677690,-136,,0,18-Nov-2021,07:55:42,-20.1420,149.0475,63,3418,19430,601,52,,,79,176,165,245,40,150,198,120,73,32,7,151,24,41,127,18,5,226,27,211,243,216,53,,,,,,,,,
5171,209945,3,NP,B,243,18-Nov-2021,07:56:13,-20.1420,149.0475,,401677690,-136,,0,18-Nov-2021,07:56:45,-20.1420,149.0475,63,3418,19430,601,52,,,83,193,20,,,,,,,,,,,,,,,,,,,,,,,,,,,,,
5171,209945,31,NP,0,244,18-Nov-2021,09:36:29,-20.1568,148.9951,,401677704,-127,40,0,18-Nov-2021,09:33:50,-20.1568,148.9951,371,1828,20186,165,78,,,40,110,32,238,224,0,0,0,14,238,238,0,0,0,238,250,110,32,0,0,0,0,0,6,31,228,154,221,178,97,195,
5171,209945,3,NP,0,244,18-Nov-2021,09:36:29,-20.1568,148.9951,,401677704,-127,40,0,18-Nov-2021,09:37:10,-20.1568,148.9951,371,1828,20186,165,78,,,30,142,28,,,,,,,,,,,,,,,,,,,,,,,,,,,,,
5171,209945,3,NP,0,244,18-Nov-2021,09:36:29,-20.1568,148.9951,,401677704,-127,40,1,18-Nov-2021,09:38:18,-20.1568,148.9951,371,1828,20186,165,78,,,67,64,5,,,,,,,,,,,,,,,,,,,,,,,,,,,,,
5171,209945,3,NP,0,244,18-Nov-2021,09:36:29,-20.1568,148.9951,,401677704,-127,40,0,18-Nov-2021,09:40:01,-20.1568,148.9951,371,1828,20186,165,78,,,92,242,20,,,,,,,,,,,,,,,,,,,,,,,,,,,,,
5171,209945,3,NK,B,245,18-Nov-2021,10:31:00,-20.1556,148.9966,,401677702,-128,8,0,18-Nov-2021,10:31:00,-20.1556,148.9966,,5290,6034,4636,75,,,17,85,213,,,,,,,,,,,,,,,,,,,,,,,,,,,,,
5171,209945,3,MC,A,246,18-Nov-2021,11:33:19,-20.1607,148.9960,,401677704,-113,8,0,18-Nov-2021,11:32:54,-20.1607,148.9960,59,1432,14574,140,82,,,94,39,21,,,,,,,,,,,,,,,,,,,,,,,,,,,,,
5171,209945,3,MC,A,246,18-Nov-2021,11:33:19,-20.1607,148.9960,,401677704,-113,8,0,18-Nov-2021,11:33:12,-20.1607,148.9960,59,1432,14574,140,82,,,97,135,0,,,,,,,,,,,,,,,,,,,,,,,,,,,,,
5171,209945,3,MC,A,246,18-Nov-2021,11:33:19,-20.1607,148.9960,,401677704,-113,8,0,18-Nov-2021,11:33:53,-20.1607,148.9960,59,1432,14574,140,82,,,15,1,16,,,,,,,,,,,,,,,,,,,,,,,,,,,,,
5171,209945,3,NN,B,247,18-Nov-2021,11:50:17,-20.1611,148.9952,,401677700,-129,6,0,18-Nov-2021,11:50:17,-20.1611,148.9952,,1633,4605,578,82,,,21,142,108,,,,,,,,,,,,,,,,,,,,,,,,,,,,,
5171,209945,3,MB,1,248,18-Nov-2021,12:21:18,-20.1375,148.9736,,401677705,-132,58,0,18-Nov-2021,12:20:20,-20.1375,148.9736,158,802,6140,104,95,,,100,142,0,,,,,,,,,,,,,,,,,,,,,,,,,,,,,
5171,209945,3,MB,1,248,18-Nov-2021,12:21:18,-20.1375,148.9736,,401677705,-132,58,0,18-Nov-2021,12:20:45,-20.1375,148.9736,158,802,6140,104,95,,,15,1,16,,,,,,,,,,,,,,,,,,,,,,,,,,,,,
5171,209945,3,MB,1,248,18-Nov-2021,12:21:18,-20.1375,148.9736,,401677705,-132,58,0,18-Nov-2021,12:21:10,-20.1375,148.9736,158,802,6140,104,95,,,30,142,28,,,,,,,,,,,,,,,,,,,,,,,,,,,,,
5171,209945,3,MB,1,248,18-Nov-2021,12:21:18,-20.1375,148.9736,,401677705,-132,58,0,18-Nov-2021,12:22:58,-20.1375,148.9736,158,802,6140,104,95,,,98,136,0,,,,,,,,,,,,,,,,,,,,,,,,,,,,,
5171,209945,3,MC,B,249,18-Nov-2021,13:12:16,-20.1262,148.9637,,401677704,-131,8,0,18-Nov-2021,13:12:17,-20.1262,148.9637,,1404,1775,1109,91,,,14,7,128,,,,,,,,,,,,,,,,,,,,,,,,,,,,,
5171,209945,3,NN,B,250,18-Nov-2021,13:34:58,-20.1262,148.9639,,401677707,-131,6,0,18-Nov-2021,13:34:58,-20.1262,148.9639,,1512,2031,1125,122,,,15,1,16,,,,,,,,,,,,,,,,,,,,,,,,,,,,,
5171,209945,3,SR,B,251,19-Nov-2021,06:13:43,-19.8993,149.1469,,401677666,-128,,0,19-Nov-2021,06:13:13,-19.8993,149.1469,61,3107,12800,754,146,,,30,142,28,,,,,,,,,,,,,,,,,,,,,,,,,,,,,
5171,209945,3,SR,B,251,19-Nov-2021,06:13:43,-19.8993,149.1469,,401677666,-128,,0,19-Nov-2021,06:14:14,-19.8993,149.1469,61,3107,12800,754,146,,,73,66,5,,,,,,,,,,,,,,,,,,,,,,,,,,,,,
5171,209945,3,SR,2,252,19-Nov-2021,07:52:39,-19.7556,149.0778,,401677702,-121,57,0,19-Nov-2021,07:47:56,-19.7556,149.0778,792,404,2463,66,100,,,85,111,22,,,,,,,,,,,,,,,,,,,,,,,,,,,,,
5171,209945,3,SR,2,252,19-Nov-2021,07:52:39,-19.7556,149.0778,,401677702,-121,57,0,19-Nov-2021,07:49:54,-19.7556,149.0778,792,404,2463,66,100,,,35,47,16,,,,,,,,,,,,,,,,,,,,,,,,,,,,,
5171,209945,3,SR,2,252,19-Nov-2021,07:52:39,-19.7556,149.0778,,401677702,-121,57,0,19-Nov-2021,07:50:34,-19.7556,149.0778,792,404,2463,66,100,,,82,116,22,,,,,,,,,,,,,,,,,,,,,,,,,,,,,
5171,209945,3,SR,2,252,19-Nov-2021,07:52:39,-19.7556,149.0778,,401677702,-121,57,0,19-Nov-2021,07:51:14,-19.7556,149.0778,792,404,2463,66,100,,,100,134,0,,,,,,,,,,,,,,,,,,,,,,,,,,,,,
5171,209945,3,SR,2,252,19-Nov-2021,07:52:39,-19.7556,149.0778,,401677702,-121,57,0,19-Nov-2021,07:52:02,-19.7556,149.0778,792,404,2463,66,100,,,73,66,5,,,,,,,,,,,,,,,,,,,,,,,,,,,,,
5171,209945,3,SR,2,252,19-Nov-2021,07:52:39,-19.7556,149.0778,,401677702,-121,57,0,19-Nov-2021,07:52:22,-19.7556,149.0778,792,404,2463,66,100,,,91,121,22,,,,,,,,,,,,,,,,,,,,,,,,,,,,,
5171,209945,3,SR,2,252,19-Nov-2021,07:52:39,-19.7556,149.0778,,401677702,-121,57,1,19-Nov-2021,07:53:08,-19.7556,149.0778,792,404,2463,66,100,,,98,136,0,,,,,,,,,,,,,,,,,,,,,,,,,,,,,
5171,209945,3,SR,2,252,19-Nov-2021,07:52:39,-19.7556,149.0778,,401677702,-121,57,1,19-Nov-2021,07:53:43,-19.7556,149.0778,792,404,2463,66,100,,,30,142,28,,,,,,,,,,,,,,,,,,,,,,,,,,,,,
5171,209945,3,SR,2,252,19-Nov-2021,07:52:39,-19.7556,149.0778,,401677702,-121,57,0,19-Nov-2021,07:54:24,-19.7556,149.0778,792,404,2463,66,100,,,80,126,22,,,,,,,,,,,,,,,,,,,,,,,,,,,,,
5171,209945,3,SR,2,252,19-Nov-2021,07:52:39,-19.7556,149.0778,,401677702,-121,57,0,19-Nov-2021,07:54:43,-19.7556,149.0778,792,404,2463,66,100,,,107,133,0,,,,,,,,,,,,,,,,,,,,,,,,,,,,,
5171,209945,3,SR,2,252,19-Nov-2021,07:52:39,-19.7556,149.0778,,401677702,-121,57,2,19-Nov-2021,07:55:25,-19.7556,149.0778,792,404,2463,66,100,,,15,1,16,,,,,,,,,,,,,,,,,,,,,,,,,,,,,
5171,209945,3,SR,2,252,19-Nov-2021,07:52:39,-19.7556,149.0778,,401677702,-121,57,1,19-Nov-2021,07:57:37,-19.7556,149.0778,792,404,2463,66,100,,,67,64,5,,,,,,,,,,,,,,,,,,,,,,,,,,,,,
5171,209945,3,SR,2,252,19-Nov-2021,07:52:39,-19.7556,149.0778,,401677702,-121,57,0,19-Nov-2021,07:58:44,-19.7556,149.0778,792,404,2463,66,100,,,87,132,22,,,,,,,,,,,,,,,,,,,,,,,,,,,,,
5171,209945,3,SR,2,252,19-Nov-2021,07:52:39,-19.7556,149.0778,,401677702,-121,57,0,19-Nov-2021,07:59:30,-19.7556,149.0778,792,404,2463,66,100,,,101,131,0,,,,,,,,,,,,,,,,,,,,,,,,,,,,,
5171,209945,3,SR,2,252,19-Nov-2021,07:52:39,-19.7556,149.0778,,401677702,-121,57,0,19-Nov-2021,08:01:08,-19.7556,149.0778,792,404,2463,66,100,,,70,65,5,,,,,,,,,,,,,,,,,,,,,,,,,,,,,
5171,209945,3,SR,0,253,20-Nov-2021,07:18:06,-19.2878,149.1522,,401677745,-132,40,0,20-Nov-2021,07:18:07,-19.2878,149.1522,269,3050,28919,321,98,,,15,1,16,,,,,,,,,,,,,,,,,,,,,,,,,,,,,
5171,209945,3,SR,0,253,20-Nov-2021,07:18:06,-19.2878,149.1522,,401677745,-132,40,0,20-Nov-2021,07:19:01,-19.2878,149.1522,269,3050,28919,321,98,,,30,142,28,,,,,,,,,,,,,,,,,,,,,,,,,,,,,
5171,209945,3,SR,0,253,20-Nov-2021,07:18:06,-19.2878,149.1522,,401677745,-132,40,0,20-Nov-2021,07:21:51,-19.2878,149.1522,269,3050,28919,321,98,,,70,65,5,,,,,,,,,,,,,,,,,,,,,,,,,,,,,
5171,209945,3,SR,0,253,20-Nov-2021,07:18:06,-19.2878,149.1522,,401677745,-132,40,0,20-Nov-2021,07:22:36,-19.2878,149.1522,269,3050,28919,321,98,,,80,192,22,,,,,,,,,,,,,,,,,,,,,,,,,,,,,
5171,209945,3,NK,1,254,20-Nov-2021,08:03:47,-19.2813,149.1713,,401677706,-133,58,0,20-Nov-2021,08:01:33,-19.2813,149.1713,304,913,2323,359,1,,,70,62,5,,,,,,,,,,,,,,,,,,,,,,,,,,,,,
5171,209945,3,NK,1,254,20-Nov-2021,08:03:47,-19.2813,149.1713,,401677706,-133,58,0,20-Nov-2021,08:02:45,-19.2813,149.1713,304,913,2323,359,1,,,103,137,0,,,,,,,,,,,,,,,,,,,,,,,,,,,,,
5171,209945,3,NK,1,254,20-Nov-2021,08:03:47,-19.2813,149.1713,,401677706,-133,58,0,20-Nov-2021,08:04:15,-19.2813,149.1713,304,913,2323,359,1,,,80,240,22,,,,,,,,,,,,,,,,,,,,,,,,,,,,,
5171,209945,3,NK,1,254,20-Nov-2021,08:03:47,-19.2813,149.1713,,401677706,-133,58,0,20-Nov-2021,08:06:37,-19.2813,149.1713,304,913,2323,359,1,,,15,1,16,,,,,,,,,,,,,,,,,,,,,,,,,,,,,
5171,209945,3,NP,B,255,20-Nov-2021,09:13:47,-19.2361,149.1370,,401677701,-131,8,0,20-Nov-2021,09:13:48,-19.2361,149.1370,,9557,11547,7908,99,,,15,1,16,,,,,,,,,,,,,,,,,,,,,,,,,,,,,
5171,209945,3,NK,B,256,20-Nov-2021,09:41:00,-19.2602,149.1475,,401677704,-129,6,0,20-Nov-2021,09:40:49,-19.2602,149.1475,24,6646,9631,4586,82,,,103,137,0,,,,,,,,,,,,,,,,,,,,,,,,,,,,,
5171,209945,3,NK,B,256,20-Nov-2021,09:41:00,-19.2602,149.1475,,401677704,-129,6,0,20-Nov-2021,09:41:13,-19.2602,149.1475,24,6646,9631,4586,82,,,15,1,16,,,,,,,,,,,,,,,,,,,,,,,,,,,,,
5171,209945,3,MC,0,257,20-Nov-2021,10:58:40,-19.2390,149.1705,,401677704,-123,56,0,20-Nov-2021,10:57:44,-19.2390,149.1705,131,2538,12546,513,58,,,30,142,28,,,,,,,,,,,,,,,,,,,,,,,,,,,,,
5171,209945,3,MC,0,257,20-Nov-2021,10:58:40,-19.2390,149.1705,,401677704,-123,56,0,20-Nov-2021,10:58:03,-19.2390,149.1705,131,2538,12546,513,58,,,70,62,5,,,,,,,,,,,,,,,,,,,,,,,,,,,,,
5171,209945,3,MC,0,257,20-Nov-2021,10:58:40,-19.2390,149.1705,,401677704,-123,56,0,20-Nov-2021,10:58:58,-19.2390,149.1705,131,2538,12546,513,58,,,84,85,23,,,,,,,,,,,,,,,,,,,,,,,,,,,,,
5171,209945,3,MC,0,257,20-Nov-2021,10:58:40,-19.2390,149.1705,,401677704,-123,56,0,20-Nov-2021,10:59:55,-19.2390,149.1705,131,2538,12546,513,58,,,15,1,16,,,,,,,,,,,,,,,,,,,,,,,,,,,,,
5171,209945,3,NP,B,258,20-Nov-2021,10:58:30,-19.2615,149.1635,,401677715,-130,8,0,20-Nov-2021,10:58:03,-19.2615,149.1635,55,7974,24134,2634,36,,,70,62,5,,,,,,,,,,,,,,,,,,,,,,,,,,,,,
5171,209945,3,NP,B,258,20-Nov-2021,10:58:30,-19.2615,149.1635,,401677715,-130,8,0,20-Nov-2021,10:58:58,-19.2615,149.1635,55,7974,24134,2634,36,,,84,85,23,,,,,,,,,,,,,,,,,,,,,,,,,,,,,
5171,209945,3,NK,B,259,20-Nov-2021,11:23:37,-19.2309,149.1697,,401677703,-135,6,0,20-Nov-2021,11:22:49,-19.2309,149.1697,98,981,1351,712,170,,,70,62,5,,,,,,,,,,,,,,,,,,,,,,,,,,,,,
5171,209945,3,NK,B,259,20-Nov-2021,11:23:37,-19.2309,149.1697,,401677703,-135,6,0,20-Nov-2021,11:24:27,-19.2309,149.1697,98,981,1351,712,170,,,15,1,16,,,,,,,,,,,,,,,,,,,,,,,,,,,,,
5171,209945,3,NN,0,260,20-Nov-2021,11:25:49,-19.2208,149.1640,,401677707,-125,46,0,20-Nov-2021,11:24:27,-19.2208,149.1640,134,5301,15396,1824,97,,,15,1,16,,,,,,,,,,,,,,,,,,,,,,,,,,,,,
5171,209945,3,NN,0,260,20-Nov-2021,11:25:49,-19.2208,149.1640,,401677707,-125,46,0,20-Nov-2021,11:25:51,-19.2208,149.1640,134,5301,15396,1824,97,,,101,48,155,,,,,,,,,,,,,,,,,,,,,,,,,,,,,
5171,209945,3,NN,0,260,20-Nov-2021,11:25:49,-19.2208,149.1640,,401677707,-125,46,0,20-Nov-2021,11:26:21,-19.2208,149.1640,134,5301,15396,1824,97,,,15,1,146,,,,,,,,,,,,,,,,,,,,,,,,,,,,,
5171,209945,23,NN,0,260,20-Nov-2021,11:25:49,-19.2208,149.1640,,401677707,-125,46,0,20-Nov-2021,11:26:41,-19.2208,149.1640,134,5301,15396,1824,97,,,94,176,167,117,11,137,159,52,81,107,98,199,143,105,238,98,130,98,63,93,197,239,3,,,,,,,,,
5171,209945,3,MC,A,261,20-Nov-2021,12:34:29,-19.2018,149.2061,,401677700,-118,8,0,20-Nov-2021,12:34:30,-19.2018,149.2061,165,3326,22809,485,52,,,103,137,0,,,,,,,,,,,,,,,,,,,,,,,,,,,,,
5171,209945,3,MC,A,261,20-Nov-2021,12:34:29,-19.2018,149.2061,,401677700,-118,8,0,20-Nov-2021,12:36:27,-19.2018,149.2061,165,3326,22809,485,52,,,15,1,16,,,,,,,,,,,,,,,,,,,,,,,,,,,,,
5171,209945,3,MC,A,261,20-Nov-2021,12:34:29,-19.2018,149.2061,,401677700,-118,8,0,20-Nov-2021,12:37:15,-19.2018,149.2061,165,3326,22809,485,52,,,30,142,28,,,,,,,,,,,,,,,,,,,,,,,,,,,,,
5171,209945,23,NN,B,262,20-Nov-2021,13:08:00,-19.1924,149.2112,,401677702,-125,8,0,20-Nov-2021,13:08:00,-19.1924,149.2112,,2710,4039,1818,50,,,75,240,165,245,40,150,198,120,74,52,205,210,216,46,247,16,1,245,25,212,96,255,128,,,,,,,,,
5171,209945,3,SR, ,263,21-Nov-2021,08:25:33,,,,401650000,,,0,21-Nov-2021,08:25:33,,,618,,,,,,,68,75,5,,,,,,,,,,,,,,,,,,,,,,,,,,,,,
5171,209945,3,SR, ,263,21-Nov-2021,08:25:33,,,,401650000,,,0,21-Nov-2021,08:25:48,,,618,,,,,,,84,164,23,,,,,,,,,,,,,,,,,,,,,,,,,,,,,
5171,209945,3,SR, ,263,21-Nov-2021,08:25:33,,,,401650000,,,0,21-Nov-2021,08:26:05,,,618,,,,,,,98,136,0,,,,,,,,,,,,,,,,,,,,,,,,,,,,,
5171,209945,3,SR, ,263,21-Nov-2021,08:25:33,,,,401650000,,,0,21-Nov-2021,08:28:25,,,618,,,,,,,97,135,0,,,,,,,,,,,,,,,,,,,,,,,,,,,,,
5171,209945,23,SR, ,263,21-Nov-2021,08:25:33,,,,401650000,,,0,21-Nov-2021,08:29:26,,,618,,,,,,,75,240,165,245,40,150,198,120,74,162,37,142,26,47,91,16,11,107,27,204,217,33,203,,,,,,,,,
5171,209945,3,SR, ,263,21-Nov-2021,08:25:33,,,,401650000,,,0,21-Nov-2021,08:29:49,,,618,,,,,,,69,78,5,,,,,,,,,,,,,,,,,,,,,,,,,,,,,
5171,209945,3,SR, ,263,21-Nov-2021,08:25:33,,,,401650000,,,0,21-Nov-2021,08:30:09,,,618,,,,,,,79,165,7,,,,,,,,,,,,,,,,,,,,,,,,,,,,,
5171,209945,3,SR, ,263,21-Nov-2021,08:25:33,,,,401650000,,,1,21-Nov-2021,08:34:25,,,618,,,,,,,15,1,16,,,,,,,,,,,,,,,,,,,,,,,,,,,,,
5171,209945,3,SR, ,263,21-Nov-2021,08:25:33,,,,401650000,,,2,21-Nov-2021,08:35:10,,,618,,,,,,,30,142,28,,,,,,,,,,,,,,,,,,,,,,,,,,,,,
5171,209945,3,SR, ,263,21-Nov-2021,08:25:33,,,,401650000,,,0,21-Nov-2021,08:35:51,,,618,,,,,,,67,80,5,,,,,,,,,,,,,,,,,,,,,,,,,,,,,
5171,209945,3,MC,1,264,21-Nov-2021,10:29:34,-19.1338,149.0332,,401677698,-126,,0,21-Nov-2021,10:29:35,-19.1338,149.0332,424,551,946,320,3,,,97,135,0,,,,,,,,,,,,,,,,,,,,,,,,,,,,,
5171,209945,3,MC,1,264,21-Nov-2021,10:29:34,-19.1338,149.0332,,401677698,-126,,0,21-Nov-2021,10:29:57,-19.1338,149.0332,424,551,946,320,3,,,15,1,16,,,,,,,,,,,,,,,,,,,,,,,,,,,,,
5171,209945,3,MC,1,264,21-Nov-2021,10:29:34,-19.1338,149.0332,,401677698,-126,,0,21-Nov-2021,10:32:20,-19.1338,149.0332,424,551,946,320,3,,,30,142,28,,,,,,,,,,,,,,,,,,,,,,,,,,,,,
5171,209945,3,MC,1,264,21-Nov-2021,10:29:34,-19.1338,149.0332,,401677698,-126,,0,21-Nov-2021,10:32:46,-19.1338,149.0332,424,551,946,320,3,,,72,71,5,,,,,,,,,,,,,,,,,,,,,,,,,,,,,
5171,209945,3,MC,1,264,21-Nov-2021,10:29:34,-19.1338,149.0332,,401677698,-126,,1,21-Nov-2021,10:34:41,-19.1338,149.0332,424,551,946,320,3,,,97,135,0,,,,,,,,,,,,,,,,,,,,,,,,,,,,,
5171,209945,3,MC,1,264,21-Nov-2021,10:29:34,-19.1338,149.0332,,401677698,-126,,0,21-Nov-2021,10:35:38,-19.1338,149.0332,424,551,946,320,3,,,30,142,29,,,,,,,,,,,,,,,,,,,,,,,,,,,,,
5171,209945,3,MC,1,264,21-Nov-2021,10:29:34,-19.1338,149.0332,,401677698,-126,,0,21-Nov-2021,10:36:39,-19.1338,149.0332,424,551,946,320,3,,,82,197,3,,,,,,,,,,,,,,,,,,,,,,,,,,,,,
5171,209945,31,MB,B,265,21-Nov-2021,11:23:18,-19.1229,149.0379,,401677691,-134,8,0,21-Nov-2021,11:23:18,-19.1229,149.0379,,3398,3813,3028,64,,,40,110,128,238,238,224,0,0,0,14,0,0,0,14,238,158,110,128,0,0,40,66,37,74,20,40,86,181,202,84,193,
5171,209945,31,NN,B,266,21-Nov-2021,11:23:18,-19.1283,149.0354,,401677709,-137,,0,21-Nov-2021,11:23:18,-19.1283,149.0354,,3493,4685,2603,39,,,40,110,128,238,238,224,0,0,0,14,0,0,0,14,238,158,110,128,0,0,0,0,0,0,0,51,222,40,22,4,133,
5171,209945,3,MC,2,267,21-Nov-2021,12:08:50,-19.1355,149.0070,,401677701,-119,58,0,21-Nov-2021,12:08:03,-19.1355,149.0070,559,447,1194,167,122,,,76,67,5,,,,,,,,,,,,,,,,,,,,,,,,,,,,,
5171,209945,31,MC,2,267,21-Nov-2021,12:08:50,-19.1355,149.0070,,401677701,-119,58,0,21-Nov-2021,12:08:44,-19.1355,149.0070,559,447,1194,167,122,,,40,110,128,238,238,224,0,0,0,14,0,0,0,14,238,158,110,128,0,0,0,0,0,0,0,51,255,0,0,0,71,
5171,209945,3,MC,2,267,21-Nov-2021,12:08:50,-19.1355,149.0070,,401677701,-119,58,0,21-Nov-2021,12:09:43,-19.1355,149.0070,559,447,1194,167,122,,,98,136,0,,,,,,,,,,,,,,,,,,,,,,,,,,,,,
5171,209945,3,MC,2,267,21-Nov-2021,12:08:50,-19.1355,149.0070,,401677701,-119,58,0,21-Nov-2021,12:15:23,-19.1355,149.0070,559,447,1194,167,122,,,30,142,28,,,,,,,,,,,,,,,,,,,,,,,,,,,,,
5171,209945,3,MC,2,267,21-Nov-2021,12:08:50,-19.1355,149.0070,,401677701,-119,58,0,21-Nov-2021,12:17:22,-19.1355,149.0070,559,447,1194,167,122,,,72,71,5,,,,,,,,,,,,,,,,,,,,,,,,,,,,,
5171,209945,3,SR, ,268,21-Nov-2021,19:10:00,,,,401650000,,,0,21-Nov-2021,19:10:00,,,663,,,,,,,98,136,0,,,,,,,,,,,,,,,,,,,,,,,,,,,,,
5171,209945,3,SR, ,268,21-Nov-2021,19:10:00,,,,401650000,,,0,21-Nov-2021,19:10:53,,,663,,,,,,,15,0,152,,,,,,,,,,,,,,,,,,,,,,,,,,,,,
5171,209945,3,SR, ,268,21-Nov-2021,19:10:00,,,,401650000,,,0,21-Nov-2021,19:11:59,,,663,,,,,,,30,142,28,,,,,,,,,,,,,,,,,,,,,,,,,,,,,
5171,209945,3,SR, ,268,21-Nov-2021,19:10:00,,,,401650000,,,0,21-Nov-2021,19:12:46,,,663,,,,,,,91,12,24,,,,,,,,,,,,,,,,,,,,,,,,,,,,,
5171,209945,3,SR, ,268,21-Nov-2021,19:10:00,,,,401650000,,,0,21-Nov-2021,19:13:26,,,663,,,,,,,15,1,25,,,,,,,,,,,,,,,,,,,,,,,,,,,,,
5171,209945,23,SR, ,268,21-Nov-2021,19:10:00,,,,401650000,,,0,21-Nov-2021,19:16:05,,,663,,,,,,,76,240,165,245,40,150,198,120,74,205,80,209,22,48,35,18,1,107,27,212,192,255,128,,,,,,,,,
5171,209945,3,SR, ,268,21-Nov-2021,19:10:00,,,,401650000,,,0,21-Nov-2021,19:17:15,,,663,,,,,,,93,18,24,,,,,,,,,,,,,,,,,,,,,,,,,,,,,
5171,209945,3,SR, ,268,21-Nov-2021,19:10:00,,,,401650000,,,0,21-Nov-2021,19:19:24,,,663,,,,,,,15,1,16,,,,,,,,,,,,,,,,,,,,,,,,,,,,,
5171,209945,3,SR, ,268,21-Nov-2021,19:10:00,,,,401650000,,,0,21-Nov-2021,19:20:42,,,663,,,,,,,15,210,128,,,,,,,,,,,,,,,,,,,,,,,,,,,,,
5171,209945,3,SR, ,268,21-Nov-2021,19:10:00,,,,401650000,,,0,21-Nov-2021,19:21:03,,,663,,,,,,,74,77,5,,,,,,,,,,,,,,,,,,,,,,,,,,,,,
5171,209945,3,SR,0,269,22-Nov-2021,07:55:27,-19.2384,149.1345,,401677715,-122,40,0,22-Nov-2021,07:54:11,-19.2384,149.1345,195,29485,521808,1666,126,,,15,1,16,,,,,,,,,,,,,,,,,,,,,,,,,,,,,
5171,209945,31,SR,0,269,22-Nov-2021,07:55:27,-19.2384,149.1345,,401677715,-122,40,0,22-Nov-2021,07:54:40,-19.2384,149.1345,195,29485,521808,1666,126,,,40,110,160,238,238,238,238,0,0,14,238,238,224,0,199,115,102,38,183,242,111,164,31,77,50,10,63,158,218,218,95,
5171,209945,3,SR,0,269,22-Nov-2021,07:55:27,-19.2384,149.1345,,401677715,-122,40,0,22-Nov-2021,07:55:32,-19.2384,149.1345,195,29485,521808,1666,126,,,30,142,28,,,,,,,,,,,,,,,,,,,,,,,,,,,,,
5171,209945,3,SR,0,269,22-Nov-2021,07:55:27,-19.2384,149.1345,,401677715,-122,40,0,22-Nov-2021,07:57:26,-19.2384,149.1345,195,29485,521808,1666,126,,,64,79,5,,,,,,,,,,,,,,,,,,,,,,,,,,,,,
5171,209945,3,NP,B,270,22-Nov-2021,08:45:52,-19.2178,149.0750,,401677693,-140,8,0,22-Nov-2021,08:45:53,-19.2178,149.0750,,22402,90473,5546,126,,,93,140,24,,,,,,,,,,,,,,,,,,,,,,,,,,,,,
5171,209945,3,MC,B,271,22-Nov-2021,13:34:50,-19.1189,148.9937,,401677741,-133,8,0,22-Nov-2021,13:34:50,-19.1189,148.9937,,20741,36732,11711,108,,,103,137,0,,,,,,,,,,,,,,,,,,,,,,,,,,,,,
5171,209945,3,NK,1,272,22-Nov-2021,20:00:37,-18.9354,148.9148,,401677702,-127,48,0,22-Nov-2021,19:57:54,-18.9354,148.9148,411,838,1608,436,161,,,112,91,25,,,,,,,,,,,,,,,,,,,,,,,,,,,,,
5171,209945,3,NK,1,272,22-Nov-2021,20:00:37,-18.9354,148.9148,,401677702,-127,48,0,22-Nov-2021,19:58:11,-18.9354,148.9148,411,838,1608,436,161,,,100,134,0,,,,,,,,,,,,,,,,,,,,,,,,,,,,,
5171,209945,3,NK,1,272,22-Nov-2021,20:00:37,-18.9354,148.9148,,401677702,-127,48,0,22-Nov-2021,19:58:55,-18.9354,148.9148,411,838,1608,436,161,,,30,142,28,,,,,,,,,,,,,,,,,,,,,,,,,,,,,
5171,209945,3,NK,1,272,22-Nov-2021,20:00:37,-18.9354,148.9148,,401677702,-127,48,0,22-Nov-2021,19:59:24,-18.9354,148.9148,411,838,1608,436,161,,,70,81,5,,,,,,,,,,,,,,,,,,,,,,,,,,,,,
5171,209945,3,NK,1,272,22-Nov-2021,20:00:37,-18.9354,148.9148,,401677702,-127,48,0,22-Nov-2021,20:00:07,-18.9354,148.9148,411,838,1608,436,161,,,87,96,25,,,,,,,,,,,,,,,,,,,,,,,,,,,,,
5171,209945,3,NK,1,272,22-Nov-2021,20:00:37,-18.9354,148.9148,,401677702,-127,48,0,22-Nov-2021,20:00:32,-18.9354,148.9148,411,838,1608,436,161,,,42,22,136,,,,,,,,,,,,,,,,,,,,,,,,,,,,,
5171,209945,3,NK,1,272,22-Nov-2021,20:00:37,-18.9354,148.9148,,401677702,-127,48,0,22-Nov-2021,20:02:05,-18.9354,148.9148,411,838,1608,436,161,,,76,83,5,,,,,,,,,,,,,,,,,,,,,,,,,,,,,
5171,209945,3,NK,1,272,22-Nov-2021,20:00:37,-18.9354,148.9148,,401677702,-127,48,0,22-Nov-2021,20:02:32,-18.9354,148.9148,411,838,1608,436,161,,,86,101,25,,,,,,,,,,,,,,,,,,,,,,,,,,,,,
5171,209945,3,NK,1,272,22-Nov-2021,20:00:37,-18.9354,148.9148,,401677702,-127,48,0,22-Nov-2021,20:03:29,-18.9354,148.9148,411,838,1608,436,161,,,103,137,0,,,,,,,,,,,,,,,,,,,,,,,,,,,,,
5171,209945,3,NK,1,272,22-Nov-2021,20:00:37,-18.9354,148.9148,,401677702,-127,48,2,22-Nov-2021,20:04:45,-18.9354,148.9148,411,838,1608,436,161,,,15,1,16,,,,,,,,,,,,,,,,,,,,,,,,,,,,,
5171,209945,3,NP,0,273,22-Nov-2021,20:03:12,-18.9388,148.9277,,401677699,-128,58,0,22-Nov-2021,20:02:05,-18.9388,148.9277,160,7297,82021,649,107,,,76,83,5,,,,,,,,,,,,,,,,,,,,,,,,,,,,,
5171,209945,3,NP,0,273,22-Nov-2021,20:03:12,-18.9388,148.9277,,401677699,-128,58,0,22-Nov-2021,20:02:32,-18.9388,148.9277,160,7297,82021,649,107,,,86,101,25,,,,,,,,,,,,,,,,,,,,,,,,,,,,,
5171,209945,3,NP,0,273,22-Nov-2021,20:03:12,-18.9388,148.9277,,401677699,-128,58,0,22-Nov-2021,20:03:29,-18.9388,148.9277,160,7297,82021,649,107,,,103,137,0,,,,,,,,,,,,,,,,,,,,,,,,,,,,,
5171,209945,3,NP,0,273,22-Nov-2021,20:03:12,-18.9388,148.9277,,401677699,-128,58,0,22-Nov-2021,20:04:45,-18.9388,148.9277,160,7297,82021,649,107,,,15,1,16,,,,,,,,,,,,,,,,,,,,,,,,,,,,,
5171,209945,3,SR,0,274,22-Nov-2021,20:26:29,-18.9363,148.8754,,401677708,-124,58,0,22-Nov-2021,20:25:49,-18.9363,148.8754,74,3911,96868,157,82,,,85,106,25,,,,,,,,,,,,,,,,,,,,,,,,,,,,,
5171,209945,3,SR,0,274,22-Nov-2021,20:26:29,-18.9363,148.8754,,401677708,-124,58,0,22-Nov-2021,20:26:24,-18.9363,148.8754,74,3911,96868,157,82,,,97,135,0,,,,,,,,,,,,,,,,,,,,,,,,,,,,,
5171,209945,3,SR,0,274,22-Nov-2021,20:26:29,-18.9363,148.8754,,401677708,-124,58,0,22-Nov-2021,20:26:41,-18.9363,148.8754,74,3911,96868,157,82,,,15,1,16,,,,,,,,,,,,,,,,,,,,,,,,,,,,,
5171,209945,3,SR,0,274,22-Nov-2021,20:26:29,-18.9363,148.8754,,401677708,-124,58,0,22-Nov-2021,20:27:03,-18.9363,148.8754,74,3911,96868,157,82,,,30,142,28,,,,,,,,,,,,,,,,,,,,,,,,,,,,,
5171,209945,3,NN,B,275,23-Nov-2021,10:50:14,-18.5527,148.2605,Lon > 4 deviations from mean,401677739,-137,,0,23-Nov-2021,10:50:14,-18.5527,148.2605,,5768,9350,3558,98,,,75,88,5,,,,,,,,,,,,,,,,,,,,,,,,,,,,,
5171,209945,3,MB,B,276,23-Nov-2021,12:19:01,-18.7505,149.0367,,401677691,-127,,0,23-Nov-2021,12:18:32,-18.7505,149.0367,59,4474,53564,373,100,,,97,135,0,,,,,,,,,,,,,,,,,,,,,,,,,,,,,
5171,209945,3,MB,B,276,23-Nov-2021,12:19:01,-18.7505,149.0367,,401677691,-127,,0,23-Nov-2021,12:19:31,-18.7505,149.0367,59,4474,53564,373,100,,,30,142,28,,,,,,,,,,,,,,,,,,,,,,,,,,,,,
5171,209945,3,NK,A,277,24-Nov-2021,08:01:57,-18.6719,149.0658,,401677714,-135,,0,24-Nov-2021,08:00:24,-18.6719,149.0658,198,3623,18878,695,28,,,67,80,5,,,,,,,,,,,,,,,,,,,,,,,,,,,,,
5171,209945,3,NK,A,277,24-Nov-2021,08:01:57,-18.6719,149.0658,,401677714,-135,,0,24-Nov-2021,08:01:47,-18.6719,149.0658,198,3623,18878,695,28,,,89,105,19,,,,,,,,,,,,,,,,,,,,,,,,,,,,,
5171,209945,3,NK,A,277,24-Nov-2021,08:01:57,-18.6719,149.0658,,401677714,-135,,0,24-Nov-2021,08:03:42,-18.6719,149.0658,198,3623,18878,695,28,,,100,134,0,,,,,,,,,,,,,,,,,,,,,,,,,,,,,
5171,209945,31,NP,1,278,24-Nov-2021,08:25:01,-18.6291,149.0928,,401677713,-133,40,0,24-Nov-2021,08:24:49,-18.6291,149.0928,543,812,1227,537,130,,,40,110,224,238,238,238,14,14,0,0,0,0,1,238,14,184,110,224,0,2,2,1,1,3,15,105,255,0,0,0,23,
5171,209945,3,NP,1,278,24-Nov-2021,08:25:01,-18.6291,149.0928,,401677713,-133,40,0,24-Nov-2021,08:25:14,-18.6291,149.0928,543,812,1227,537,130,,,30,142,28,,,,,,,,,,,,,,,,,,,,,,,,,,,,,
5171,209945,3,NP,1,278,24-Nov-2021,08:25:01,-18.6291,149.0928,,401677713,-133,40,0,24-Nov-2021,08:26:42,-18.6291,149.0928,543,812,1227,537,130,,,64,78,163,,,,,,,,,,,,,,,,,,,,,,,,,,,,,
5171,209945,3,NP,1,278,24-Nov-2021,08:25:01,-18.6291,149.0928,,401677713,-133,40,0,24-Nov-2021,08:27:06,-18.6291,149.0928,543,812,1227,537,130,,,83,132,26,,,,,,,,,,,,,,,,,,,,,,,,,,,,,
5171,209945,3,NP,1,278,24-Nov-2021,08:25:01,-18.6291,149.0928,,401677713,-133,40,0,24-Nov-2021,08:27:21,-18.6291,149.0928,543,812,1227,537,130,,,98,136,0,,,,,,,,,,,,,,,,,,,,,,,,,,,,,
5171,209945,3,NP,1,278,24-Nov-2021,08:25:01,-18.6291,149.0928,,401677713,-133,40,0,24-Nov-2021,08:28:06,-18.6291,149.0928,543,812,1227,537,130,,,21,56,81,,,,,,,,,,,,,,,,,,,,,,,,,,,,,
5171,209945,3,NP,1,278,24-Nov-2021,08:25:01,-18.6291,149.0928,,401677713,-133,40,0,24-Nov-2021,08:33:52,-18.6291,149.0928,543,812,1227,537,130,,,64,79,5,,,,,,,,,,,,,,,,,,,,,,,,,,,,,
5171,209945,3,SR,B,279,24-Nov-2021,08:37:37,-18.6487,149.0884,,401677693,-130,6,0,24-Nov-2021,08:33:52,-18.6487,149.0884,452,660,4903,88,10,,,64,79,5,,,,,,,,,,,,,,,,,,,,,,,,,,,,,
5171,209945,3,SR,B,279,24-Nov-2021,08:37:37,-18.6487,149.0884,,401677693,-130,6,0,24-Nov-2021,08:41:24,-18.6487,149.0884,452,660,4903,88,10,,,15,1,16,,,,,,,,,,,,,,,,,,,,,,,,,,,,,
5171,209945,3,NN,B,280,24-Nov-2021,10:38:20,-18.6100,149.0425,,401677706,-137,8,0,24-Nov-2021,10:38:21,-18.6100,149.0425,,7585,7773,7399,162,,,110,132,0,,,,,,,,,,,,,,,,,,,,,,,,,,,,,
5171,209945,3,MC,B,281,24-Nov-2021,11:05:52,-18.6063,149.0314,,401677706,-126,8,0,24-Nov-2021,11:05:21,-18.6063,149.0314,63,1368,2577,726,116,,,79,76,5,,,,,,,,,,,,,,,,,,,,,,,,,,,,,
5171,209945,3,MC,B,281,24-Nov-2021,11:05:52,-18.6063,149.0314,,401677706,-126,8,0,24-Nov-2021,11:06:24,-18.6063,149.0314,63,1368,2577,726,116,,,90,153,26,,,,,,,,,,,,,,,,,,,,,,,,,,,,,
5171,209945,3,NN,1,282,24-Nov-2021,12:18:07,-18.6299,149.0097,,401677703,-123,58,0,24-Nov-2021,12:15:26,-18.6299,149.0097,702,1025,10057,104,70,,,97,135,0,,,,,,,,,,,,,,,,,,,,,,,,,,,,,
5171,209945,3,NN,1,282,24-Nov-2021,12:18:07,-18.6299,149.0097,,401677703,-123,58,0,24-Nov-2021,12:16:32,-18.6299,149.0097,702,1025,10057,104,70,,,30,142,28,,,,,,,,,,,,,,,,,,,,,,,,,,,,,
5171,209945,3,NN,1,282,24-Nov-2021,12:18:07,-18.6299,149.0097,,401677703,-123,58,0,24-Nov-2021,12:17:17,-18.6299,149.0097,702,1025,10057,104,70,,,79,76,5,,,,,,,,,,,,,,,,,,,,,,,,,,,,,
5171,209945,23,NN,1,282,24-Nov-2021,12:18:07,-18.6299,149.0097,,401677703,-123,58,0,24-Nov-2021,12:17:38,-18.6299,149.0097,702,1025,10057,104,70,,,83,208,165,245,40,151,112,55,198,100,231,246,33,100,233,227,18,93,255,168,0,106,171,,,,,,,,,
5171,209945,3,NN,1,282,24-Nov-2021,12:18:07,-18.6299,149.0097,,401677703,-123,58,0,24-Nov-2021,12:18:46,-18.6299,149.0097,702,1025,10057,104,70,,,86,181,26,,,,,,,,,,,,,,,,,,,,,,,,,,,,,
5171,209945,3,NN,1,282,24-Nov-2021,12:18:07,-18.6299,149.0097,,401677703,-123,58,0,24-Nov-2021,12:20:06,-18.6299,149.0097,702,1025,10057,104,70,,,15,1,16,,,,,,,,,,,,,,,,,,,,,,,,,,,,,
5171,209945,3,NN,1,282,24-Nov-2021,12:18:07,-18.6299,149.0097,,401677703,-123,58,0,24-Nov-2021,12:21:10,-18.6299,149.0097,702,1025,10057,104,70,,,68,75,5,,,,,,,,,,,,,,,,,,,,,,,,,,,,,
5171,209945,3,NN,1,282,24-Nov-2021,12:18:07,-18.6299,149.0097,,401677703,-123,58,0,24-Nov-2021,12:27:08,-18.6299,149.0097,702,1025,10057,104,70,,,103,137,0,,,,,,,,,,,,,,,,,,,,,,,,,,,,,
5171,209945,3,MC,1,283,24-Nov-2021,12:51:11,-18.6320,149.0400,,401677697,-122,58,0,24-Nov-2021,12:50:14,-18.6320,149.0400,369,777,2057,293,40,,,15,1,16,,,,,,,,,,,,,,,,,,,,,,,,,,,,,
5171,209945,3,MC,1,283,24-Nov-2021,12:51:11,-18.6320,149.0400,,401677697,-122,58,0,24-Nov-2021,12:50:59,-18.6320,149.0400,369,777,2057,293,40,,,75,72,5,,,,,,,,,,,,,,,,,,,,,,,,,,,,,
5171,209945,3,MC,1,283,24-Nov-2021,12:51:11,-18.6320,149.0400,,401677697,-122,58,0,24-Nov-2021,12:52:20,-18.6320,149.0400,369,777,2057,293,40,,,98,136,0,,,,,,,,,,,,,,,,,,,,,,,,,,,,,
5171,209945,3,MC,1,283,24-Nov-2021,12:51:11,-18.6320,149.0400,,401677697,-122,58,0,24-Nov-2021,12:56:23,-18.6320,149.0400,369,777,2057,293,40,,,89,201,26,,,,,,,,,,,,,,,,,,,,,,,,,,,,,
5171,209945,3,NN,B,284,24-Nov-2021,14:00:32,-18.6286,149.0324,,401677696,-140,8,0,24-Nov-2021,14:00:33,-18.6286,149.0324,,2958,3209,2725,65,,,98,136,0,,,,,,,,,,,,,,,,,,,,,,,,,,,,,
5171,209945,3,SR,B,285,25-Nov-2021,06:31:36,-18.9930,148.8509,,401677664,-133,,0,25-Nov-2021,06:30:28,-18.9930,148.8509,138,8941,108832,734,105,,,79,76,5,,,,,,,,,,,,,,,,,,,,,,,,,,,,,
5171,209945,3,SR,B,285,25-Nov-2021,06:31:36,-18.9930,148.8509,,401677664,-133,,0,25-Nov-2021,06:32:46,-18.9930,148.8509,138,8941,108832,734,105,,,107,141,0,,,,,,,,,,,,,,,,,,,,,,,,,,,,,
5171,209945,3,SR,2,286,25-Nov-2021,08:02:20,-19.1017,149.0755,,401677699,-122,57,0,25-Nov-2021,08:00:36,-19.1017,149.0755,435,403,1010,160,81,,,88,172,27,,,,,,,,,,,,,,,,,,,,,,,,,,,,,
5171,209945,3,SR,2,286,25-Nov-2021,08:02:20,-19.1017,149.0755,,401677699,-122,57,0,25-Nov-2021,08:00:51,-19.1017,149.0755,435,403,1010,160,81,,,98,136,0,,,,,,,,,,,,,,,,,,,,,,,,,,,,,
5171,209945,23,SR,2,286,25-Nov-2021,08:02:20,-19.1017,149.0755,,401677699,-122,57,0,25-Nov-2021,08:01:51,-19.1017,149.0755,435,403,1010,160,81,,,81,48,165,245,40,150,198,120,76,160,110,149,150,55,93,8,7,100,25,213,112,255,128,,,,,,,,,
5171,209945,3,SR,2,286,25-Nov-2021,08:02:20,-19.1017,149.0755,,401677699,-122,57,0,25-Nov-2021,08:02:45,-19.1017,149.0755,435,403,1010,160,81,,,30,142,28,,,,,,,,,,,,,,,,,,,,,,,,,,,,,
5171,209945,3,SR,2,286,25-Nov-2021,08:02:20,-19.1017,149.0755,,401677699,-122,57,0,25-Nov-2021,08:03:52,-19.1017,149.0755,435,403,1010,160,81,,,75,88,5,,,,,,,,,,,,,,,,,,,,,,,,,,,,,
5171,209945,3,SR,2,286,25-Nov-2021,08:02:20,-19.1017,149.0755,,401677699,-122,57,0,25-Nov-2021,08:04:08,-19.1017,149.0755,435,403,1010,160,81,,,94,178,27,,,,,,,,,,,,,,,,,,,,,,,,,,,,,
5171,209945,3,SR,2,286,25-Nov-2021,08:02:20,-19.1017,149.0755,,401677699,-122,57,0,25-Nov-2021,08:04:41,-19.1017,149.0755,435,403,1010,160,81,,,107,133,0,,,,,,,,,,,,,,,,,,,,,,,,,,,,,
5171,209945,3,SR,2,286,25-Nov-2021,08:02:20,-19.1017,149.0755,,401677699,-122,57,0,25-Nov-2021,08:07:51,-19.1017,149.0755,435,403,1010,160,81,,,15,1,16,,,,,,,,,,,,,,,,,,,,,,,,,,,,,
5171,209945,3,MC,A,287,25-Nov-2021,10:46:10,-19.1516,149.1727,,401677681,-122,8,0,25-Nov-2021,10:45:20,-19.1516,149.1727,125,4122,25241,673,94,,,30,142,28,,,,,,,,,,,,,,,,,,,,,,,,,,,,,
5171,209945,31,MC,A,287,25-Nov-2021,10:46:10,-19.1516,149.1727,,401677681,-122,8,0,25-Nov-2021,10:45:47,-19.1516,149.1727,125,4122,25241,673,94,,,40,111,0,238,224,224,224,47,236,250,99,225,195,206,55,36,103,119,237,146,203,241,129,18,137,181,127,128,0,0,94,
5171,209945,3,MC,A,287,25-Nov-2021,10:46:10,-19.1516,149.1727,,401677681,-122,8,0,25-Nov-2021,10:47:25,-19.1516,149.1727,125,4122,25241,673,94,,,74,77,5,,,,,,,,,,,,,,,,,,,,,,,,,,,,,
5171,209945,3,SR,A,288,25-Nov-2021,18:51:44,-19.1998,149.0494,,401677693,-130,8,0,25-Nov-2021,18:47:23,-19.1998,149.0494,413,752,5056,111,7,,,65,74,5,,,,,,,,,,,,,,,,,,,,,,,,,,,,,
5171,209945,3,SR,A,288,25-Nov-2021,18:51:44,-19.1998,149.0494,,401677693,-130,8,0,25-Nov-2021,18:53:34,-19.1998,149.0494,413,752,5056,111,7,,,83,212,27,,,,,,,,,,,,,,,,,,,,,,,,,,,,,
5171,209945,3,SR,A,288,25-Nov-2021,18:51:44,-19.1998,149.0494,,401677693,-130,8,0,25-Nov-2021,18:54:16,-19.1998,149.0494,413,752,5056,111,7,,,97,135,64,,,,,,,,,,,,,,,,,,,,,,,,,,,,,
5171,209945,3,NP,1,289,25-Nov-2021,19:29:37,-19.2214,149.0585,,401677703,-135,57,0,25-Nov-2021,19:29:16,-19.2214,149.0585,90,1145,3548,369,147,,,84,19,28,,,,,,,,,,,,,,,,,,,,,,,,,,,,,
5171,209945,3,NP,1,289,25-Nov-2021,19:29:37,-19.2214,149.0585,,401677703,-135,57,0,25-Nov-2021,19:29:45,-19.2214,149.0585,90,1145,3548,369,147,,,100,134,0,,,,,,,,,,,,,,,,,,,,,,,,,,,,,
5171,209945,3,NP,1,289,25-Nov-2021,19:29:37,-19.2214,149.0585,,401677703,-135,57,0,25-Nov-2021,19:30:06,-19.2214,149.0585,90,1145,3548,369,147,,,15,1,16,,,,,,,,,,,,,,,,,,,,,,,,,,,,,
5171,209945,3,NP,1,289,25-Nov-2021,19:29:37,-19.2214,149.0585,,401677703,-135,57,1,25-Nov-2021,19:30:21,-19.2214,149.0585,90,1145,3548,369,147,,,30,142,28,,,,,,,,,,,,,,,,,,,,,,,,,,,,,
5171,209945,3,NP,1,289,25-Nov-2021,19:29:37,-19.2214,149.0585,,401677703,-135,57,1,25-Nov-2021,19:30:46,-19.2214,149.0585,90,1145,3548,369,147,,,68,75,5,,,,,,,,,,,,,,,,,,,,,,,,,,,,,
5171,209945,3,SR,B,290,26-Nov-2021,07:34:05,-19.2383,149.0622,,401677699,-123,,0,26-Nov-2021,07:34:06,-19.2383,149.0622,485,3821,151272,96,83,,,81,109,28,,,,,,,,,,,,,,,,,,,,,,,,,,,,,
5171,209945,3,SR,B,290,26-Nov-2021,07:34:05,-19.2383,149.0622,,401677699,-123,,0,26-Nov-2021,07:42:11,-19.2383,149.0622,485,3821,151272,96,83,,,100,134,0,,,,,,,,,,,,,,,,,,,,,,,,,,,,,
5171,209945,3,NP,B,291,26-Nov-2021,08:02:28,-19.2461,149.0689,,401677698,-136,6,0,26-Nov-2021,08:02:29,-19.2461,149.0689,,3303,16250,671,84,,,85,121,28,,,,,,,,,,,,,,,,,,,,,,,,,,,,,
5171,209945,3,NK,B,292,26-Nov-2021,08:47:46,-19.2589,149.0774,,401677695,-130,8,0,26-Nov-2021,08:47:47,-19.2589,149.0774,,3375,10140,1123,85,,,89,132,28,,,,,,,,,,,,,,,,,,,,,,,,,,,,,
5171,209945,3,SR,B,293,26-Nov-2021,09:16:11,-19.2676,149.0443,,401677688,-131,8,0,26-Nov-2021,09:15:43,-19.2676,149.0443,57,1905,3015,1203,155,,,78,73,5,,,,,,,,,,,,,,,,,,,,,,,,,,,,,
5171,209945,3,SR,B,293,26-Nov-2021,09:16:11,-19.2676,149.0443,,401677688,-131,8,0,26-Nov-2021,09:16:40,-19.2676,149.0443,57,1905,3015,1203,155,,,80,137,28,,,,,,,,,,,,,,,,,,,,,,,,,,,,,
5171,209945,3,NP,B,294,26-Nov-2021,09:48:21,-19.2581,149.0443,,401677700,-125,7,0,26-Nov-2021,09:48:22,-19.2581,149.0443,,1706,2369,1228,149,,,98,136,0,,,,,,,,,,,,,,,,,,,,,,,,,,,,,
5171,209945,3,NP,0,295,26-Nov-2021,19:22:09,-19.4297,148.9502,,401677702,-135,58,0,26-Nov-2021,19:19:14,-19.4297,148.9502,191,2092,9155,477,29,,,72,71,5,,,,,,,,,,,,,,,,,,,,,,,,,,,,,
5171,209945,3,NP,0,295,26-Nov-2021,19:22:09,-19.4297,148.9502,,401677702,-135,58,0,26-Nov-2021,19:19:52,-19.4297,148.9502,191,2092,9155,477,29,,,94,191,28,,,,,,,,,,,,,,,,,,,,,,,,,,,,,
5171,209945,3,NP,0,295,26-Nov-2021,19:22:09,-19.4297,148.9502,,401677702,-135,58,0,26-Nov-2021,19:20:20,-19.4297,148.9502,191,2092,9155,477,29,,,98,136,0,,,,,,,,,,,,,,,,,,,,,,,,,,,,,
5171,209945,23,NP,0,295,26-Nov-2021,19:22:09,-19.4297,148.9502,,401677702,-135,58,0,26-Nov-2021,19:21:08,-19.4297,148.9502,191,2092,9155,477,29,,,94,80,165,245,43,34,71,93,43,250,124,2,118,200,197,220,163,239,253,29,25,59,224,,,,,,,,,
5171,209945,3,NP,0,295,26-Nov-2021,19:22:09,-19.4297,148.9502,,401677702,-135,58,0,26-Nov-2021,19:21:54,-19.4297,148.9502,191,2092,9155,477,29,,,15,1,16,,,,,,,,,,,,,,,,,,,,,,,,,,,,,
5171,209945,3,NP,0,295,26-Nov-2021,19:22:09,-19.4297,148.9502,,401677702,-135,58,0,26-Nov-2021,19:22:25,-19.4297,148.9502,191,2092,9155,477,29,,,30,142,28,,,,,,,,,,,,,,,,,,,,,,,,,,,,,
5171,209945,3,SR,3,296,26-Nov-2021,19:56:38,-19.4516,148.9456,,401677700,-119,58,0,26-Nov-2021,19:53:34,-19.4516,148.9456,748,126,522,30,78,,,76,67,5,,,,,,,,,,,,,,,,,,,,,,,,,,,,,
5171,209945,3,SR,3,296,26-Nov-2021,19:56:38,-19.4516,148.9456,,401677700,-119,58,0,26-Nov-2021,19:54:36,-19.4516,148.9456,748,126,522,30,78,,,83,249,28,,,,,,,,,,,,,,,,,,,,,,,,,,,,,
5171,209945,3,SR,3,296,26-Nov-2021,19:56:38,-19.4516,148.9456,,401677700,-119,58,0,26-Nov-2021,19:57:10,-19.4516,148.9456,748,126,522,30,78,,,88,254,28,,,,,,,,,,,,,,,,,,,,,,,,,,,,,
5171,209945,3,SR,3,296,26-Nov-2021,19:56:38,-19.4516,148.9456,,401677700,-119,58,0,26-Nov-2021,19:58:51,-19.4516,148.9456,748,126,522,30,78,,,87,3,29,,,,,,,,,,,,,,,,,,,,,,,,,,,,,
5171,209945,3,SR,3,296,26-Nov-2021,19:56:38,-19.4516,148.9456,,401677700,-119,58,2,26-Nov-2021,19:59:10,-19.4516,148.9456,748,126,522,30,78,,,100,134,0,,,,,,,,,,,,,,,,,,,,,,,,,,,,,
5171,209945,3,SR,3,296,26-Nov-2021,19:56:38,-19.4516,148.9456,,401677700,-119,58,3,26-Nov-2021,19:59:47,-19.4516,148.9456,748,126,522,30,78,,,30,142,28,,,,,,,,,,,,,,,,,,,,,,,,,,,,,
5171,209945,3,SR,3,296,26-Nov-2021,19:56:38,-19.4516,148.9456,,401677700,-119,58,0,26-Nov-2021,20:00:22,-19.4516,148.9456,748,126,522,30,78,,,80,8,29,,,,,,,,,,,,,,,,,,,,,,,,,,,,,
5171,209945,23,SR,3,296,26-Nov-2021,19:56:38,-19.4516,148.9456,,401677700,-119,58,0,26-Nov-2021,20:01:51,-19.4516,148.9456,748,126,522,30,78,,,93,112,165,245,40,150,198,120,77,80,112,148,214,58,25,14,1,210,27,212,64,255,128,,,,,,,,,
5171,209945,3,SR,3,296,26-Nov-2021,19:56:38,-19.4516,148.9456,,401677700,-119,58,0,26-Nov-2021,20:03:06,-19.4516,148.9456,748,126,522,30,78,,,94,14,29,,,,,,,,,,,,,,,,,,,,,,,,,,,,,
5171,209945,3,SR,3,296,26-Nov-2021,19:56:38,-19.4516,148.9456,,401677700,-119,58,1,26-Nov-2021,20:03:22,-19.4516,148.9456,748,126,522,30,78,,,98,136,0,,,,,,,,,,,,,,,,,,,,,,,,,,,,,
5171,209945,3,SR,3,296,26-Nov-2021,19:56:38,-19.4516,148.9456,,401677700,-119,58,5,26-Nov-2021,20:03:53,-19.4516,148.9456,748,126,522,30,78,,,15,1,16,,,,,,,,,,,,,,,,,,,,,,,,,,,,,
5171,209945,3,SR,3,296,26-Nov-2021,19:56:38,-19.4516,148.9456,,401677700,-119,58,0,26-Nov-2021,20:04:14,-19.4516,148.9456,748,126,522,30,78,,,30,142,15,,,,,,,,,,,,,,,,,,,,,,,,,,,,,
5171,209945,3,SR,3,296,26-Nov-2021,19:56:38,-19.4516,148.9456,,401677700,-119,58,3,26-Nov-2021,20:04:35,-19.4516,148.9456,748,126,522,30,78,,,66,69,5,,,,,,,,,,,,,,,,,,,,,,,,,,,,,
5171,209945,3,SR,3,296,26-Nov-2021,19:56:38,-19.4516,148.9456,,401677700,-119,58,0,26-Nov-2021,20:05:45,-19.4516,148.9456,748,126,522,30,78,,,87,19,29,,,,,,,,,,,,,,,,,,,,,,,,,,,,,
5171,209945,3,SR,3,296,26-Nov-2021,19:56:38,-19.4516,148.9456,,401677700,-119,58,0,26-Nov-2021,20:06:02,-19.4516,148.9456,748,126,522,30,78,,,97,135,0,,,,,,,,,,,,,,,,,,,,,,,,,,,,,
5171,209945,3,NK,3,297,26-Nov-2021,20:00:46,-19.4535,148.9370,,401677700,-127,56,0,26-Nov-2021,19:57:10,-19.4535,148.9370,532,142,204,98,14,,,88,254,28,,,,,,,,,,,,,,,,,,,,,,,,,,,,,
5171,209945,3,NK,3,297,26-Nov-2021,20:00:46,-19.4535,148.9370,,401677700,-127,56,0,26-Nov-2021,19:58:51,-19.4535,148.9370,532,142,204,98,14,,,87,3,29,,,,,,,,,,,,,,,,,,,,,,,,,,,,,
5171,209945,3,NK,3,297,26-Nov-2021,20:00:46,-19.4535,148.9370,,401677700,-127,56,1,26-Nov-2021,19:59:10,-19.4535,148.9370,532,142,204,98,14,,,100,134,0,,,,,,,,,,,,,,,,,,,,,,,,,,,,,
5171,209945,3,NK,3,297,26-Nov-2021,20:00:46,-19.4535,148.9370,,401677700,-127,56,0,26-Nov-2021,20:00:22,-19.4535,148.9370,532,142,204,98,14,,,80,8,29,,,,,,,,,,,,,,,,,,,,,,,,,,,,,
5171,209945,3,NK,3,297,26-Nov-2021,20:00:46,-19.4535,148.9370,,401677700,-127,56,3,26-Nov-2021,20:01:34,-19.4535,148.9370,532,142,204,98,14,,,30,142,28,,,,,,,,,,,,,,,,,,,,,,,,,,,,,
5171,209945,23,NK,3,297,26-Nov-2021,20:00:46,-19.4535,148.9370,,401677700,-127,56,0,26-Nov-2021,20:01:51,-19.4535,148.9370,532,142,204,98,14,,,93,112,165,245,40,150,198,120,77,80,112,148,214,58,25,14,1,210,27,212,64,255,128,,,,,,,,,
5171,209945,3,NK,3,297,26-Nov-2021,20:00:46,-19.4535,148.9370,,401677700,-127,56,0,26-Nov-2021,20:03:06,-19.4535,148.9370,532,142,204,98,14,,,94,14,29,,,,,,,,,,,,,,,,,,,,,,,,,,,,,
5171,209945,3,NK,3,297,26-Nov-2021,20:00:46,-19.4535,148.9370,,401677700,-127,56,1,26-Nov-2021,20:03:22,-19.4535,148.9370,532,142,204,98,14,,,98,136,0,,,,,,,,,,,,,,,,,,,,,,,,,,,,,
5171,209945,3,NK,3,297,26-Nov-2021,20:00:46,-19.4535,148.9370,,401677700,-127,56,3,26-Nov-2021,20:03:53,-19.4535,148.9370,532,142,204,98,14,,,15,1,16,,,,,,,,,,,,,,,,,,,,,,,,,,,,,
5171,209945,3,NK,3,297,26-Nov-2021,20:00:46,-19.4535,148.9370,,401677700,-127,56,0,26-Nov-2021,20:04:14,-19.4535,148.9370,532,142,204,98,14,,,30,142,29,,,,,,,,,,,,,,,,,,,,,,,,,,,,,
5171,209945,3,NK,3,297,26-Nov-2021,20:00:46,-19.4535,148.9370,,401677700,-127,56,4,26-Nov-2021,20:04:35,-19.4535,148.9370,532,142,204,98,14,,,66,69,5,,,,,,,,,,,,,,,,,,,,,,,,,,,,,
5171,209945,3,NK,3,297,26-Nov-2021,20:00:46,-19.4535,148.9370,,401677700,-127,56,0,26-Nov-2021,20:05:45,-19.4535,148.9370,532,142,204,98,14,,,87,19,29,,,,,,,,,,,,,,,,,,,,,,,,,,,,,
5171,209945,3,NK,3,297,26-Nov-2021,20:00:46,-19.4535,148.9370,,401677700,-127,56,0,26-Nov-2021,20:06:02,-19.4535,148.9370,532,142,204,98,14,,,97,135,0,,,,,,,,,,,,,,,,,,,,,,,,,,,,,
5171,209945,3,SR,1,298,27-Nov-2021,19:23:49,-19.7650,149.0733,,401677708,-126,50,0,27-Nov-2021,19:22:19,-19.7650,149.0733,741,594,1620,217,158,,,98,136,0,,,,,,,,,,,,,,,,,,,,,,,,,,,,,
5171,209945,3,SR,1,298,27-Nov-2021,19:23:49,-19.7650,149.0733,,401677708,-126,50,0,27-Nov-2021,19:23:15,-19.7650,149.0733,741,594,1620,217,158,,,15,1,16,,,,,,,,,,,,,,,,,,,,,,,,,,,,,
5171,209945,3,SR,1,298,27-Nov-2021,19:23:49,-19.7650,149.0733,,401677708,-126,50,0,27-Nov-2021,19:24:20,-19.7650,149.0733,741,594,1620,217,158,,,30,142,28,,,,,,,,,,,,,,,,,,,,,,,,,,,,,
5171,209945,3,SR,1,298,27-Nov-2021,19:23:49,-19.7650,149.0733,,401677708,-126,50,0,27-Nov-2021,19:25:25,-19.7650,149.0733,741,594,1620,217,158,,,75,72,5,,,,,,,,,,,,,,,,,,,,,,,,,,,,,
5171,209945,3,SR,1,298,27-Nov-2021,19:23:49,-19.7650,149.0733,,401677708,-126,50,0,27-Nov-2021,19:32:31,-19.7650,149.0733,741,594,1620,217,158,,,88,111,29,,,,,,,,,,,,,,,,,,,,,,,,,,,,,
5171,209945,23,SR,1,298,27-Nov-2021,19:23:49,-19.7650,149.0733,,401677708,-126,50,0,27-Nov-2021,19:33:12,-19.7650,149.0733,741,594,1620,217,158,,,81,144,165,245,40,149,225,11,151,126,124,173,194,30,192,144,155,160,206,192,153,30,63,,,,,,,,,
5171,209945,3,SR,1,298,27-Nov-2021,19:23:49,-19.7650,149.0733,,401677708,-126,50,0,27-Nov-2021,19:34:02,-19.7650,149.0733,741,594,1620,217,158,,,97,135,0,,,,,,,,,,,,,,,,,,,,,,,,,,,,,
5171,209945,3,SR,1,298,27-Nov-2021,19:23:49,-19.7650,149.0733,,401677708,-126,50,1,27-Nov-2021,19:34:20,-19.7650,149.0733,741,594,1620,217,158,,,15,1,16,,,,,,,,,,,,,,,,,,,,,,,,,,,,,
5171,209945,3,SR,1,298,27-Nov-2021,19:23:49,-19.7650,149.0733,,401677708,-126,50,1,27-Nov-2021,19:34:40,-19.7650,149.0733,741,594,1620,217,158,,,30,142,28,,,,,,,,,,,,,,,,,,,,,,,,,,,,,
5171,209945,3,NK,2,299,27-Nov-2021,19:37:28,-19.7630,149.0640,,401677700,-133,56,0,27-Nov-2021,19:36:01,-19.7630,149.0640,206,290,657,128,35,,,75,72,5,,,,,,,,,,,,,,,,,,,,,,,,,,,,,
5171,209945,3,NK,2,299,27-Nov-2021,19:37:28,-19.7630,149.0640,,401677700,-133,56,0,27-Nov-2021,19:36:26,-19.7630,149.0640,206,290,657,128,35,,,90,117,29,,,,,,,,,,,,,,,,,,,,,,,,,,,,,
5171,209945,3,NK,2,299,27-Nov-2021,19:37:28,-19.7630,149.0640,,401677700,-133,56,0,27-Nov-2021,19:37:03,-19.7630,149.0640,206,290,657,128,35,,,97,135,0,,,,,,,,,,,,,,,,,,,,,,,,,,,,,
5171,209945,31,NK,2,299,27-Nov-2021,19:37:28,-19.7630,149.0640,,401677700,-133,56,0,27-Nov-2021,19:37:40,-19.7630,149.0640,206,290,657,128,35,,,40,111,64,238,238,224,0,0,14,224,224,224,1,17,0,107,111,64,0,0,0,0,0,0,0,40,255,0,0,0,37,
5171,209945,3,NK,2,299,27-Nov-2021,19:37:28,-19.7630,149.0640,,401677700,-133,56,1,27-Nov-2021,19:38:29,-19.7630,149.0640,206,290,657,128,35,,,15,1,16,,,,,,,,,,,,,,,,,,,,,,,,,,,,,
5171,209945,3,NK,2,299,27-Nov-2021,19:37:28,-19.7630,149.0640,,401677700,-133,56,0,27-Nov-2021,19:38:46,-19.7630,149.0640,206,290,657,128,35,,,30,142,28,,,,,,,,,,,,,,,,,,,,,,,,,,,,,
5171,209945,3,NK,2,299,27-Nov-2021,19:37:28,-19.7630,149.0640,,401677700,-133,56,0,27-Nov-2021,19:39:03,-19.7630,149.0640,206,290,657,128,35,,,78,73,5,,,,,,,,,,,,,,,,,,,,,,,,,,,,,
5171,209945,3,NK,2,299,27-Nov-2021,19:37:28,-19.7630,149.0640,,401677700,-133,56,0,27-Nov-2021,19:39:27,-19.7630,149.0640,206,290,657,128,35,,,92,123,29,,,,,,,,,,,,,,,,,,,,,,,,,,,,,
5171,209945,31,NN,B,300,28-Nov-2021,00:45:02,-19.8540,149.0684,,401677696,-130,8,0,28-Nov-2021,00:45:03,-19.8540,149.0684,,2250,2738,1848,64,,,40,111,64,238,238,224,0,0,14,224,224,224,1,17,0,107,111,64,0,0,0,0,0,0,0,40,255,0,0,0,37,
5171,209945,31,SR,B,301,28-Nov-2021,08:18:56,-19.9756,149.0767,,401677695,-134,8,0,28-Nov-2021,08:18:57,-19.9756,149.0767,,4661,6501,3341,3,,,40,111,96,238,14,238,238,14,238,238,238,238,0,238,238,66,111,96,0,0,0,0,0,0,0,0,255,0,0,0,166,
5171,209945,31,NN,A,302,28-Nov-2021,11:36:40,-19.9627,149.0027,,401677717,-128,8,0,28-Nov-2021,11:36:02,-19.9627,149.0027,71,3298,32006,339,88,,,40,111,96,238,14,238,238,14,238,238,238,238,0,234,46,130,47,227,14,171,203,250,179,113,76,111,251,116,253,151,27,
5171,209945,3,NN,A,302,28-Nov-2021,11:36:40,-19.9627,149.0027,,401677717,-128,8,0,28-Nov-2021,11:36:46,-19.9627,149.0027,71,3298,32006,339,88,,,89,139,29,,,,,,,,,,,,,,,,,,,,,,,,,,,,,
5171,209945,3,NN,A,302,28-Nov-2021,11:36:40,-19.9627,149.0027,,401677717,-128,8,0,28-Nov-2021,11:37:13,-19.9627,149.0027,71,3298,32006,339,88,,,103,137,0,,,,,,,,,,,,,,,,,,,,,,,,,,,,,
5171,209945,31,MC,B,303,28-Nov-2021,13:03:56,-19.9739,148.9635,,401677711,-130,8,0,28-Nov-2021,13:03:39,-19.9739,148.9635,34,4164,11221,1545,78,,,40,111,96,238,14,238,238,14,238,238,238,238,0,238,238,67,47,112,0,38,4,161,69,39,199,160,107,192,46,156,15,
5171,209945,3,MC,B,303,28-Nov-2021,13:03:56,-19.9739,148.9635,,401677711,-130,8,0,28-Nov-2021,13:04:13,-19.9739,148.9635,34,4164,11221,1545,78,,,91,145,29,,,,,,,,,,,,,,,,,,,,,,,,,,,,,
5171,209945,3,NN,B,304,28-Nov-2021,13:16:37,-19.9804,148.9529,,401677703,-129,6,0,28-Nov-2021,13:16:38,-19.9804,148.9529,,3153,6552,1517,80,,,104,138,0,,,,,,,,,,,,,,,,,,,,,,,,,,,,,
5171,209945,3,SR,0,305,28-Nov-2021,18:59:36,-20.0899,148.9734,,401677688,-126,58,0,28-Nov-2021,18:58:06,-20.0899,148.9734,140,1519,10279,224,117,,,83,214,29,,,,,,,,,,,,,,,,,,,,,,,,,,,,,
5171,209945,3,SR,0,305,28-Nov-2021,18:59:36,-20.0899,148.9734,,401677688,-126,58,0,28-Nov-2021,18:59:29,-20.0899,148.9734,140,1519,10279,224,117,,,103,137,0,,,,,,,,,,,,,,,,,,,,,,,,,,,,,
5171,209945,3,SR,0,305,28-Nov-2021,18:59:36,-20.0899,148.9734,,401677688,-126,58,0,28-Nov-2021,18:59:52,-20.0899,148.9734,140,1519,10279,224,117,,,15,1,16,,,,,,,,,,,,,,,,,,,,,,,,,,,,,
5171,209945,3,SR,0,305,28-Nov-2021,18:59:36,-20.0899,148.9734,,401677688,-126,58,0,28-Nov-2021,19:00:10,-20.0899,148.9734,140,1519,10279,224,117,,,30,142,28,,,,,,,,,,,,,,,,,,,,,,,,,,,,,
5171,209945,3,SR,0,305,28-Nov-2021,18:59:36,-20.0899,148.9734,,401677688,-126,58,0,28-Nov-2021,19:00:26,-20.0899,148.9734,140,1519,10279,224,117,,,77,70,5,,,,,,,,,,,,,,,,,,,,,,,,,,,,,
5171,209945,3,NK,3,306,28-Nov-2021,20:52:15,-20.1690,148.9800,,401677700,-117,58,0,28-Nov-2021,20:51:31,-20.1690,148.9800,222,247,794,76,120,,,87,77,30,,,,,,,,,,,,,,,,,,,,,,,,,,,,,
5171,209945,3,NK,3,306,28-Nov-2021,20:52:15,-20.1690,148.9800,,401677700,-117,58,0,28-Nov-2021,20:51:55,-20.1690,148.9800,222,247,794,76,120,,,100,134,0,,,,,,,,,,,,,,,,,,,,,,,,,,,,,
5171,209945,3,NK,3,306,28-Nov-2021,20:52:15,-20.1690,148.9800,,401677700,-117,58,0,28-Nov-2021,20:52:30,-20.1690,148.9800,222,247,794,76,120,,,15,1,16,,,,,,,,,,,,,,,,,,,,,,,,,,,,,
5171,209945,3,NK,3,306,28-Nov-2021,20:52:15,-20.1690,148.9800,,401677700,-117,58,1,28-Nov-2021,20:52:46,-20.1690,148.9800,222,247,794,76,120,,,30,142,28,,,,,,,,,,,,,,,,,,,,,,,,,,,,,
5171,209945,23,NK,3,306,28-Nov-2021,20:52:15,-20.1690,148.9800,,401677700,-117,58,0,28-Nov-2021,20:53:07,-20.1690,148.9800,222,247,794,76,120,,,77,80,165,245,40,150,198,120,78,83,165,243,66,184,114,162,239,35,202,96,218,61,204,,,,,,,,,
5171,209945,3,NK,3,306,28-Nov-2021,20:52:15,-20.1690,148.9800,,401677700,-117,58,0,28-Nov-2021,20:54:04,-20.1690,148.9800,222,247,794,76,120,,,67,80,5,,,,,,,,,,,,,,,,,,,,,,,,,,,,,
5171,209945,3,NK,3,306,28-Nov-2021,20:52:15,-20.1690,148.9800,,401677700,-117,58,0,28-Nov-2021,20:54:36,-20.1690,148.9800,222,247,794,76,120,,,81,83,30,,,,,,,,,,,,,,,,,,,,,,,,,,,,,
5171,209945,3,NK,3,306,28-Nov-2021,20:52:15,-20.1690,148.9800,,401677700,-117,58,0,28-Nov-2021,20:55:13,-20.1690,148.9800,222,247,794,76,120,,,98,136,0,,,,,,,,,,,,,,,,,,,,,,,,,,,,,
5171,209945,3,NN,B,307,28-Nov-2021,22:46:39,-20.2120,148.9711,,401677692,-129,8,0,28-Nov-2021,22:46:39,-20.2120,148.9711,,2540,2958,2181,84,,,84,98,30,,,,,,,,,,,,,,,,,,,,,,,,,,,,,
5171,209945,3,SR,0,308,29-Nov-2021,07:42:24,-20.3392,149.0355,,401677699,-122,58,0,29-Nov-2021,07:36:50,-20.3392,149.0355,618,1868,58847,59,102,,,90,116,30,,,,,,,,,,,,,,,,,,,,,,,,,,,,,
5171,209945,3,SR,0,308,29-Nov-2021,07:42:24,-20.3392,149.0355,,401677699,-122,58,0,29-Nov-2021,07:40:13,-20.3392,149.0355,618,1868,58847,59,102,,,15,1,16,,,,,,,,,,,,,,,,,,,,,,,,,,,,,
5171,209945,3,SR,0,308,29-Nov-2021,07:42:24,-20.3392,149.0355,,401677699,-122,58,0,29-Nov-2021,07:42:13,-20.3392,149.0355,618,1868,58847,59,102,,,14,185,252,,,,,,,,,,,,,,,,,,,,,,,,,,,,,
5171,209945,3,SR,0,308,29-Nov-2021,07:42:24,-20.3392,149.0355,,401677699,-122,58,0,29-Nov-2021,07:42:35,-20.3392,149.0355,618,1868,58847,59,102,,,78,73,5,,,,,,,,,,,,,,,,,,,,,,,,,,,,,
5171,209945,3,SR,0,308,29-Nov-2021,07:42:24,-20.3392,149.0355,,401677699,-122,58,0,29-Nov-2021,07:47:08,-20.3392,149.0355,618,1868,58847,59,102,,,83,121,30,,,,,,,,,,,,,,,,,,,,,,,,,,,,,
5171,209945,31,SR,1,309,30-Nov-2021,07:13:20,-20.3832,148.9322,,401677702,-123,50,0,30-Nov-2021,07:11:52,-20.3832,148.9322,189,542,2531,115,94,,,40,111,160,110,39,169,194,13,90,237,37,96,165,8,129,219,78,242,183,31,241,193,114,99,153,125,52,104,93,178,173,
5171,209945,3,SR,1,309,30-Nov-2021,07:13:20,-20.3832,148.9322,,401677702,-123,50,0,30-Nov-2021,07:12:43,-20.3832,148.9322,189,542,2531,115,94,,,82,141,30,,,,,,,,,,,,,,,,,,,,,,,,,,,,,
5171,209945,3,SR,1,309,30-Nov-2021,07:13:20,-20.3832,148.9322,,401677702,-123,50,0,30-Nov-2021,07:12:59,-20.3832,148.9322,189,542,2531,115,94,,,107,133,0,,,,,,,,,,,,,,,,,,,,,,,,,,,,,
5171,209945,3,SR,1,309,30-Nov-2021,07:13:20,-20.3832,148.9322,,401677702,-123,50,0,30-Nov-2021,07:13:35,-20.3832,148.9322,189,542,2531,115,94,,,15,1,16,,,,,,,,,,,,,,,,,,,,,,,,,,,,,
5171,209945,3,SR,1,309,30-Nov-2021,07:13:20,-20.3832,148.9322,,401677702,-123,50,0,30-Nov-2021,07:13:52,-20.3832,148.9322,189,542,2531,115,94,,,30,142,28,,,,,,,,,,,,,,,,,,,,,,,,,,,,,
5171,209945,3,SR,1,309,30-Nov-2021,07:13:20,-20.3832,148.9322,,401677702,-123,50,0,30-Nov-2021,07:15:01,-20.3832,148.9322,189,542,2531,115,94,,,69,78,5,,,,,,,,,,,,,,,,,,,,,,,,,,,,,
5171,209945,31,MB, ,310,01-Dec-2021,11:17:24,,,,401650000,-128,,0,01-Dec-2021,11:17:24,,,,,,,,,,40,111,160,238,238,14,224,14,238,238,238,238,238,230,238,2,111,160,0,0,0,0,0,0,0,0,255,0,0,0,172,
5171,209945,3,MC, ,311,01-Dec-2021,12:11:31,,,,401650000,-126,,0,01-Dec-2021,12:11:31,,,,,,,,,,97,135,0,,,,,,,,,,,,,,,,,,,,,,,,,,,,,
5171,209945,3,SR, ,312,02-Dec-2021,18:32:20,,,,401650000,-133,,0,02-Dec-2021,18:32:20,,,,,,,,,,30,142,28,,,,,,,,,,,,,,,,,,,,,,,,,,,,,
5171,209945,3,NP,B,313,02-Dec-2021,19:45:51,-20.3324,148.9863,,401677707,-135,,0,02-Dec-2021,19:45:42,-20.3324,148.9863,19,8305,23021,2996,99,,,15,1,16,,,,,,,,,,,,,,,,,,,,,,,,,,,,,
5171,209945,31,NP,B,313,02-Dec-2021,19:45:51,-20.3324,148.9863,,401677707,-135,,0,02-Dec-2021,19:46:01,-20.3324,148.9863,19,8305,23021,2996,99,,,40,112,32,14,238,238,238,238,224,14,224,14,224,238,0,210,112,32,0,0,0,0,0,0,0,0,255,0,0,0,175,
5171,209945,3,SR, ,314,02-Dec-2021,20:12:19,,,,401650000,-124,,0,02-Dec-2021,20:12:19,,,,,,,,,,30,142,28,,,,,,,,,,,,,,,,,,,,,,,,,,,,,
5171,209945,31,SR,A,315,04-Dec-2021,08:27:18,-20.3926,148.9086,,401677701,-122,,0,04-Dec-2021,08:27:11,-20.3926,148.9086,153,1465,28838,74,100,,,40,112,64,238,238,238,224,14,238,238,238,238,14,14,238,96,112,64,0,0,0,0,0,0,0,0,255,1,0,0,193,
5171,209945,31,SR,A,315,04-Dec-2021,08:27:18,-20.3926,148.9086,,401677701,-122,,0,04-Dec-2021,08:27:26,-20.3926,148.9086,153,1465,28838,74,100,,,40,112,96,238,238,238,238,238,238,238,238,238,224,14,238,161,112,96,0,0,0,0,0,0,0,0,255,0,0,0,84,
5171,209945,3,SR,A,315,04-Dec-2021,08:27:18,-20.3926,148.9086,,401677701,-122,,0,04-Dec-2021,08:29:44,-20.3926,148.9086,153,1465,28838,74,100,,,80,216,30,,,,,,,,,,,,,,,,,,,,,,,,,,,,,
5171,209945,31,MC,1,316,05-Dec-2021,21:57:51,-20.3224,148.9478,,401677696,-129,50,0,05-Dec-2021,21:52:34,-20.3224,148.9478,355,529,2535,110,36,,,40,112,128,224,238,14,14,238,238,238,238,238,224,14,238,176,112,128,0,0,0,0,0,0,0,0,255,0,0,0,160,
5171,209945,3,MC,1,316,05-Dec-2021,21:57:51,-20.3224,148.9478,,401677696,-129,50,0,05-Dec-2021,21:57:14,-20.3224,148.9478,355,529,2535,110,36,,,30,142,28,,,,,,,,,,,,,,,,,,,,,,,,,,,,,
5171,209945,3,MC,1,316,05-Dec-2021,21:57:51,-20.3224,148.9478,,401677696,-129,50,0,05-Dec-2021,21:57:52,-20.3224,148.9478,355,529,2535,110,36,,,72,87,5,,,,,,,,,,,,,,,,,,,,,,,,,,,,,
5171,209945,3,MC,1,316,05-Dec-2021,21:57:51,-20.3224,148.9478,,401677696,-129,50,0,05-Dec-2021,21:58:29,-20.3224,148.9478,355,529,2535,110,36,,,91,239,30,,,,,,,,,,,,,,,,,,,,,,,,,,,,,
5171,209945,3,SR,B,317,05-Dec-2021,21:57:52,-20.3231,148.9570,,401677700,-135,,0,05-Dec-2021,21:57:52,-20.3231,148.9570,,2743,18361,409,95,,,76,92,31,,,,,,,,,,,,,,,,,,,,,,,,,,,,,
5171,209945,3,NK, ,318,07-Dec-2021,20:23:43,,,,401650000,-125,,0,07-Dec-2021,20:23:43,,,,,,,,,,104,138,0,,,,,,,,,,,,,,,,,,,,,,,,,,,,,
5171,209945,31,SR, ,319,09-Dec-2021,07:24:02,,,,401650000,-135,,0,09-Dec-2021,07:24:02,,,,,,,,,,40,112,224,238,238,238,238,238,238,238,238,238,238,0,238,170,112,224,0,0,0,0,0,0,0,0,255,0,0,0,165,
5171,209945,3,SR, ,320,09-Dec-2021,21:30:20,,,,401650000,-136,,0,09-Dec-2021,21:30:20,,,,,,,,,,30,142,28,,,,,,,,,,,,,,,,,,,,,,,,,,,,,
5171,209945,3,SR,3,321,10-Dec-2021,08:34:42,-20.3707,149.0108,,401677697,-132,50,0,10-Dec-2021,08:33:59,-20.3707,149.0108,404,166,392,70,57,,,86,166,31,,,,,,,,,,,,,,,,,,,,,,,,,,,,,
5171,209945,3,SR,3,321,10-Dec-2021,08:34:42,-20.3707,149.0108,,401677697,-132,50,0,10-Dec-2021,08:34:26,-20.3707,149.0108,404,166,392,70,57,,,100,134,0,,,,,,,,,,,,,,,,,,,,,,,,,,,,,
5171,209945,3,SR,3,321,10-Dec-2021,08:34:42,-20.3707,149.0108,,401677697,-132,50,0,10-Dec-2021,08:35:03,-20.3707,149.0108,404,166,392,70,57,,,15,1,16,,,,,,,,,,,,,,,,,,,,,,,,,,,,,
5171,209945,3,SR,3,321,10-Dec-2021,08:34:42,-20.3707,149.0108,,401677697,-132,50,0,10-Dec-2021,08:35:22,-20.3707,149.0108,404,166,392,70,57,,,30,142,28,,,,,,,,,,,,,,,,,,,,,,,,,,,,,
5171,209945,3,SR,3,321,10-Dec-2021,08:34:42,-20.3707,149.0108,,401677697,-132,50,0,10-Dec-2021,08:38:19,-20.3707,149.0108,404,166,392,70,57,,,78,89,5,,,,,,,,,,,,,,,,,,,,,,,,,,,,,
5171,209945,3,SR,3,321,10-Dec-2021,08:34:42,-20.3707,149.0108,,401677697,-132,50,0,10-Dec-2021,08:38:34,-20.3707,149.0108,404,166,392,70,57,,,95,171,31,,,,,,,,,,,,,,,,,,,,,,,,,,,,,
5171,209945,3,SR,3,321,10-Dec-2021,08:34:42,-20.3707,149.0108,,401677697,-132,50,0,10-Dec-2021,08:38:59,-20.3707,149.0108,404,166,392,70,57,,,97,135,0,,,,,,,,,,,,,,,,,,,,,,,,,,,,,
5171,209945,3,SR,3,321,10-Dec-2021,08:34:42,-20.3707,149.0108,,401677697,-132,50,1,10-Dec-2021,08:39:35,-20.3707,149.0108,404,166,392,70,57,,,15,1,16,,,,,,,,,,,,,,,,,,,,,,,,,,,,,
5171,209945,31,SR,3,321,10-Dec-2021,08:34:42,-20.3707,149.0108,,401677697,-132,50,0,10-Dec-2021,08:40:01,-20.3707,149.0108,404,166,392,70,57,,,40,113,32,238,238,224,0,0,238,238,238,238,238,224,224,30,113,32,0,0,128,0,55,74,246,123,156,231,252,126,46,
5171,209945,23,SR,3,321,10-Dec-2021,08:34:42,-20.3707,149.0108,,401677697,-132,50,0,10-Dec-2021,08:40:26,-20.3707,149.0108,404,166,392,70,57,,,70,112,165,245,40,150,198,120,69,34,227,22,150,63,95,16,1,143,139,213,241,255,128,,,,,,,,,
5171,209945,3,SR,3,321,10-Dec-2021,08:34:42,-20.3707,149.0108,,401677697,-132,50,1,10-Dec-2021,08:40:43,-20.3707,149.0108,404,166,392,70,57,,,30,142,28,,,,,,,,,,,,,,,,,,,,,,,,,,,,,
5171,209945,3,NP,3,322,10-Dec-2021,08:37:38,-20.3707,149.0192,,401677696,-126,56,0,10-Dec-2021,08:35:22,-20.3707,149.0192,691,174,308,97,88,,,30,142,28,,,,,,,,,,,,,,,,,,,,,,,,,,,,,
5171,209945,3,NP,3,322,10-Dec-2021,08:37:38,-20.3707,149.0192,,401677696,-126,56,0,10-Dec-2021,08:38:19,-20.3707,149.0192,691,174,308,97,88,,,78,89,5,,,,,,,,,,,,,,,,,,,,,,,,,,,,,
5171,209945,3,NP,3,322,10-Dec-2021,08:37:38,-20.3707,149.0192,,401677696,-126,56,0,10-Dec-2021,08:38:34,-20.3707,149.0192,691,174,308,97,88,,,95,171,31,,,,,,,,,,,,,,,,,,,,,,,,,,,,,
5171,209945,3,NP,3,322,10-Dec-2021,08:37:38,-20.3707,149.0192,,401677696,-126,56,0,10-Dec-2021,08:38:59,-20.3707,149.0192,691,174,308,97,88,,,97,135,0,,,,,,,,,,,,,,,,,,,,,,,,,,,,,
5171,209945,3,NP,3,322,10-Dec-2021,08:37:38,-20.3707,149.0192,,401677696,-126,56,1,10-Dec-2021,08:39:35,-20.3707,149.0192,691,174,308,97,88,,,15,1,16,,,,,,,,,,,,,,,,,,,,,,,,,,,,,
5171,209945,31,NP,3,322,10-Dec-2021,08:37:38,-20.3707,149.0192,,401677696,-126,56,0,10-Dec-2021,08:40:01,-20.3707,149.0192,691,174,308,97,88,,,40,113,32,238,238,224,0,0,238,238,238,238,238,224,224,30,113,32,0,0,0,22,6,8,108,41,27,224,108,84,156,
5171,209945,23,NP,3,322,10-Dec-2021,08:37:38,-20.3707,149.0192,,401677696,-126,56,0,10-Dec-2021,08:40:26,-20.3707,149.0192,691,174,308,97,88,,,70,112,165,245,40,150,198,120,69,34,227,22,150,63,95,16,1,143,27,213,240,255,128,,,,,,,,,
5171,209945,3,NP,3,322,10-Dec-2021,08:37:38,-20.3707,149.0192,,401677696,-126,56,1,10-Dec-2021,08:40:43,-20.3707,149.0192,691,174,308,97,88,,,30,142,28,,,,,,,,,,,,,,,,,,,,,,,,,,,,,
5171,209945,3,NP,3,322,10-Dec-2021,08:37:38,-20.3707,149.0192,,401677696,-126,56,0,10-Dec-2021,08:46:53,-20.3707,149.0192,691,174,308,97,88,,,75,88,5,,,,,,,,,,,,,,,,,,,,,,,,,,,,,
5171,209945,3,NK,B,323,10-Dec-2021,09:37:32,-20.3649,149.0130,,401677694,-128,8,0,10-Dec-2021,09:34:28,-20.3649,149.0130,368,1107,11679,104,63,,,103,137,0,,,,,,,,,,,,,,,,,,,,,,,,,,,,,
5171,209945,3,NK,B,323,10-Dec-2021,09:37:32,-20.3649,149.0130,,401677694,-128,8,0,10-Dec-2021,09:40:36,-20.3649,149.0130,368,1107,11679,104,63,,,15,1,16,,,,,,,,,,,,,,,,,,,,,,,,,,,,,
5171,209945,31,SR,A,324,11-Dec-2021,18:52:30,-20.3630,148.9323,,401677701,-130,,0,11-Dec-2021,18:50:35,-20.3630,148.9323,238,491,1711,141,138,,,40,113,64,224,238,14,14,16,238,238,238,238,238,14,238,187,113,64,0,0,0,0,0,0,0,0,255,4,0,0,228,
5171,209945,3,SR,A,324,11-Dec-2021,18:52:30,-20.3630,148.9323,,401677701,-130,,0,11-Dec-2021,18:52:23,-20.3630,148.9323,238,491,1711,141,138,,,90,229,31,,,,,,,,,,,,,,,,,,,,,,,,,,,,,
5171,209945,3,SR,A,324,11-Dec-2021,18:52:30,-20.3630,148.9323,,401677701,-130,,0,11-Dec-2021,18:54:33,-20.3630,148.9323,238,491,1711,141,138,,,89,234,31,,,,,,,,,,,,,,,,,,,,,,,,,,,,,
5171,209945,3,SR,1,325,12-Dec-2021,07:31:23,-20.3062,149.1457,,401677701,-128,50,0,12-Dec-2021,07:30:36,-20.3062,149.1457,420,515,3236,82,104,,,72,87,69,,,,,,,,,,,,,,,,,,,,,,,,,,,,,
5171,209945,3,SR,1,325,12-Dec-2021,07:31:23,-20.3062,149.1457,,401677701,-128,50,0,12-Dec-2021,07:30:54,-20.3062,149.1457,420,515,3236,82,104,,,94,60,97,,,,,,,,,,,,,,,,,,,,,,,,,,,,,
5171,209945,3,SR,1,325,12-Dec-2021,07:31:23,-20.3062,149.1457,,401677701,-128,50,0,12-Dec-2021,07:31:09,-20.3062,149.1457,420,515,3236,82,104,,,98,136,0,,,,,,,,,,,,,,,,,,,,,,,,,,,,,
5171,209945,3,SR,1,325,12-Dec-2021,07:31:23,-20.3062,149.1457,,401677701,-128,50,0,12-Dec-2021,07:31:27,-20.3062,149.1457,420,515,3236,82,104,,,15,1,16,,,,,,,,,,,,,,,,,,,,,,,,,,,,,
5171,209945,3,SR,1,325,12-Dec-2021,07:31:23,-20.3062,149.1457,,401677701,-128,50,0,12-Dec-2021,07:31:58,-20.3062,149.1457,420,515,3236,82,104,,,75,88,5,,,,,,,,,,,,,,,,,,,,,,,,,,,,,
5171,209945,3,SR,1,325,12-Dec-2021,07:31:23,-20.3062,149.1457,,401677701,-128,50,0,12-Dec-2021,07:32:14,-20.3062,149.1457,420,515,3236,82,104,,,85,18,32,,,,,,,,,,,,,,,,,,,,,,,,,,,,,
5171,209945,3,SR,1,325,12-Dec-2021,07:31:23,-20.3062,149.1457,,401677701,-128,50,0,12-Dec-2021,07:33:27,-20.3062,149.1457,420,515,3236,82,104,,,30,142,28,,,,,,,,,,,,,,,,,,,,,,,,,,,,,
5171,209945,3,SR,1,325,12-Dec-2021,07:31:23,-20.3062,149.1457,,401677701,-128,50,0,12-Dec-2021,07:33:45,-20.3062,149.1457,420,515,3236,82,104,,,77,86,5,,,,,,,,,,,,,,,,,,,,,,,,,,,,,
5171,209945,3,SR,1,325,12-Dec-2021,07:31:23,-20.3062,149.1457,,401677701,-128,50,0,12-Dec-2021,07:34:01,-20.3062,149.1457,420,515,3236,82,104,,,87,24,32,,,,,,,,,,,,,,,,,,,,,,,,,,,,,
5171,209945,3,SR,1,325,12-Dec-2021,07:31:23,-20.3062,149.1457,,401677701,-128,50,0,12-Dec-2021,07:35:01,-20.3062,149.1457,420,515,3236,82,104,,,31,238,89,,,,,,,,,,,,,,,,,,,,,,,,,,,,,
5171,209945,3,SR,1,325,12-Dec-2021,07:31:23,-20.3062,149.1457,,401677701,-128,50,0,12-Dec-2021,07:35:16,-20.3062,149.1457,420,515,3236,82,104,,,72,87,5,,,,,,,,,,,,,,,,,,,,,,,,,,,,,
5171,209945,3,SR,1,325,12-Dec-2021,07:31:23,-20.3062,149.1457,,401677701,-128,50,1,12-Dec-2021,07:36:25,-20.3062,149.1457,420,515,3236,82,104,,,15,1,16,,,,,,,,,,,,,,,,,,,,,,,,,,,,,
5171,209945,3,SR,1,325,12-Dec-2021,07:31:23,-20.3062,149.1457,,401677701,-128,50,3,12-Dec-2021,07:37:36,-20.3062,149.1457,420,515,3236,82,104,,,98,136,0,,,,,,,,,,,,,,,,,,,,,,,,,,,,,
5171,209945,3,NP,B,326,12-Dec-2021,08:19:28,-20.3058,149.1485,,401677695,-133,8,0,12-Dec-2021,08:19:29,-20.3058,149.1485,,4059,4482,3675,82,,,15,1,18,,,,,,,,,,,,,,,,,,,,,,,,,,,,,
5171,209945,3,NK,B,327,12-Dec-2021,08:49:39,-20.2935,149.1574,,401677699,-131,8,0,12-Dec-2021,08:49:13,-20.2935,149.1574,54,3521,10823,1145,122,,,15,1,16,,,,,,,,,,,,,,,,,,,,,,,,,,,,,
5171,209945,23,NK,B,327,12-Dec-2021,08:49:39,-20.2935,149.1574,,401677699,-131,8,0,12-Dec-2021,08:50:07,-20.2935,149.1574,54,3521,10823,1145,122,,,88,130,236,7,124,44,170,23,206,105,1,3,202,78,166,42,69,15,197,51,51,51,51,,,,,,,,,
5171,209945,31,NP,1,328,12-Dec-2021,09:53:41,-20.2521,149.1658,,401677699,-131,58,0,12-Dec-2021,09:53:42,-20.2521,149.1658,589,687,1577,298,149,,,40,113,96,224,224,238,224,14,238,238,238,238,0,238,231,7,241,112,2,20,17,80,164,6,0,4,88,130,12,160,102,
5171,209945,3,NP,1,328,12-Dec-2021,09:53:41,-20.2521,149.1658,,401677699,-131,58,0,12-Dec-2021,10:01:21,-20.2521,149.1658,589,687,1577,298,149,,,15,1,16,,,,,,,,,,,,,,,,,,,,,,,,,,,,,
5171,209945,3,NP,1,328,12-Dec-2021,09:53:41,-20.2521,149.1658,,401677699,-131,58,0,12-Dec-2021,10:01:53,-20.2521,149.1658,589,687,1577,298,149,,,30,142,28,,,,,,,,,,,,,,,,,,,,,,,,,,,,,
5171,209945,3,NP,1,328,12-Dec-2021,09:53:41,-20.2521,149.1658,,401677699,-131,58,0,12-Dec-2021,10:03:31,-20.2521,149.1658,589,687,1577,298,149,,,81,89,32,,,,,,,,,,,,,,,,,,,,,,,,,,,,,
5171,209945,3,MC,2,329,12-Dec-2021,11:35:45,-20.2067,149.1809,,401677695,-113,58,0,12-Dec-2021,11:32:26,-20.2067,149.1809,481,398,2289,69,74,,,26,104,208,,,,,,,,,,,,,,,,,,,,,,,,,,,,,
5171,209945,3,MC,2,329,12-Dec-2021,11:35:45,-20.2067,149.1809,,401677695,-113,58,0,12-Dec-2021,11:32:58,-20.2067,149.1809,481,398,2289,69,74,,,73,220,14,,,,,,,,,,,,,,,,,,,,,,,,,,,,,
5171,209945,3,MC,2,329,12-Dec-2021,11:35:45,-20.2067,149.1809,,401677695,-113,58,0,12-Dec-2021,11:33:16,-20.2067,149.1809,481,398,2289,69,74,,,84,137,32,,,,,,,,,,,,,,,,,,,,,,,,,,,,,
5171,209945,3,MC,2,329,12-Dec-2021,11:35:45,-20.2067,149.1809,,401677695,-113,58,0,12-Dec-2021,11:33:37,-20.2067,149.1809,481,398,2289,69,74,,,108,15,1,,,,,,,,,,,,,,,,,,,,,,,,,,,,,
5171,209945,3,MC,2,329,12-Dec-2021,11:35:45,-20.2067,149.1809,,401677695,-113,58,0,12-Dec-2021,11:34:56,-20.2067,149.1809,481,398,2289,69,74,,,95,142,32,,,,,,,,,,,,,,,,,,,,,,,,,,,,,
5171,209945,23,MC,2,329,12-Dec-2021,11:35:45,-20.2067,149.1809,,401677695,-113,58,0,12-Dec-2021,11:35:35,-20.2067,149.1809,481,398,2289,69,74,,,95,16,165,245,40,150,198,120,70,46,150,207,214,65,33,16,1,196,27,213,240,255,128,,,,,,,,,
5171,209945,3,MC,2,329,12-Dec-2021,11:35:45,-20.2067,149.1809,,401677695,-113,58,0,12-Dec-2021,11:37:09,-20.2067,149.1809,481,398,2289,69,74,,,64,95,5,,,,,,,,,,,,,,,,,,,,,,,,,,,,,
5171,209945,3,MC,2,329,12-Dec-2021,11:35:45,-20.2067,149.1809,,401677695,-113,58,0,12-Dec-2021,11:37:57,-20.2067,149.1809,481,398,2289,69,74,,,93,149,102,,,,,,,,,,,,,,,,,,,,,,,,,,,,,
5171,209945,3,MC,2,329,12-Dec-2021,11:35:45,-20.2067,149.1809,,401677695,-113,58,0,12-Dec-2021,11:38:35,-20.2067,149.1809,481,398,2289,69,74,,,102,172,255,,,,,,,,,,,,,,,,,,,,,,,,,,,,,
5171,209945,3,MC,2,329,12-Dec-2021,11:35:45,-20.2067,149.1809,,401677695,-113,58,0,12-Dec-2021,11:39:11,-20.2067,149.1809,481,398,2289,69,74,,,15,1,16,,,,,,,,,,,,,,,,,,,,,,,,,,,,,
5171,209945,3,MC,2,329,12-Dec-2021,11:35:45,-20.2067,149.1809,,401677695,-113,58,1,12-Dec-2021,11:39:36,-20.2067,149.1809,481,398,2289,69,74,,,30,142,28,,,,,,,,,,,,,,,,,,,,,,,,,,,,,
5171,209945,3,MC,2,329,12-Dec-2021,11:35:45,-20.2067,149.1809,,401677695,-113,58,0,12-Dec-2021,11:40:12,-20.2067,149.1809,481,398,2289,69,74,,,84,153,32,,,,,,,,,,,,,,,,,,,,,,,,,,,,,
5171,209945,3,MC,2,329,12-Dec-2021,11:35:45,-20.2067,149.1809,,401677695,-113,58,1,12-Dec-2021,11:40:27,-20.2067,149.1809,481,398,2289,69,74,,,98,136,0,,,,,,,,,,,,,,,,,,,,,,,,,,,,,
5171,209945,3,NN,B,330,12-Dec-2021,12:15:25,-20.1965,149.1848,,401677693,-137,8,0,12-Dec-2021,12:15:25,-20.1965,149.1848,,3662,3954,3391,88,,,15,1,16,,,,,,,,,,,,,,,,,,,,,,,,,,,,,
5171,209945,3,SR,A,331,13-Dec-2021,07:05:34,-20.3345,148.9834,,401677695,-132,,0,13-Dec-2021,07:00:16,-20.3345,148.9834,585,324,790,132,122,,,15,1,16,,,,,,,,,,,,,,,,,,,,,,,,,,,,,
5171,209945,31,SR,A,331,13-Dec-2021,07:05:34,-20.3345,148.9834,,401677695,-132,,0,13-Dec-2021,07:06:27,-20.3345,148.9834,585,324,790,132,122,,,40,113,128,238,224,238,224,0,0,0,0,0,0,16,14,93,113,128,0,78,49,54,23,180,199,67,25,129,195,128,15,
5171,209945,3,SR,A,331,13-Dec-2021,07:05:34,-20.3345,148.9834,,401677695,-132,,0,13-Dec-2021,07:10:01,-20.3345,148.9834,585,324,790,132,122,,,30,142,28,,,,,,,,,,,,,,,,,,,,,,,,,,,,,
5171,209945,3,NP,B,332,13-Dec-2021,08:07:37,-20.3340,148.9789,,401677694,-140,8,0,13-Dec-2021,08:06:46,-20.3340,148.9789,103,1405,3370,585,120,,,64,95,5,,,,,,,,,,,,,,,,,,,,,,,,,,,,,
5171,209945,3,NP,B,332,13-Dec-2021,08:07:37,-20.3340,148.9789,,401677694,-140,8,0,13-Dec-2021,08:08:29,-20.3340,148.9789,103,1405,3370,585,120,,,67,96,7,,,,,,,,,,,,,,,,,,,,,,,,,,,,,
5171,209945,31,NP,B,333,13-Dec-2021,09:53:33,-20.3242,148.9780,,401677692,-140,8,0,13-Dec-2021,09:53:34,-20.3242,148.9780,,2286,2787,1874,116,,,40,113,128,238,224,238,224,0,0,0,0,0,0,16,14,93,113,128,0,0,32,198,59,95,196,152,255,240,4,183,23,
5171,209945,3,SR,2,334,14-Dec-2021,18:58:32,-20.3543,149.0120,,401677694,-127,50,0,14-Dec-2021,18:53:49,-20.3543,149.0120,522,303,374,245,153,,,68,91,5,,,,,,,,,,,,,,,,,,,,,,,,,,,,,
5171,209945,3,SR,2,334,14-Dec-2021,18:58:32,-20.3543,149.0120,,401677694,-127,50,0,14-Dec-2021,18:55:13,-20.3543,149.0120,522,303,374,245,153,,,104,138,156,,,,,,,,,,,,,,,,,,,,,,,,,,,,,
5171,209945,3,SR,2,334,14-Dec-2021,18:58:32,-20.3543,149.0120,,401677694,-127,50,0,14-Dec-2021,18:57:16,-20.3543,149.0120,522,303,374,245,153,,,15,1,16,,,,,,,,,,,,,,,,,,,,,,,,,,,,,
5171,209945,3,SR,2,334,14-Dec-2021,18:58:32,-20.3543,149.0120,,401677694,-127,50,0,14-Dec-2021,18:58:12,-20.3543,149.0120,522,303,374,245,153,,,30,142,28,,,,,,,,,,,,,,,,,,,,,,,,,,,,,
5171,209945,3,SR,2,334,14-Dec-2021,18:58:32,-20.3543,149.0120,,401677694,-127,50,0,14-Dec-2021,18:59:29,-20.3543,149.0120,522,303,374,245,153,,,92,158,33,,,,,,,,,,,,,,,,,,,,,,,,,,,,,
5171,209945,3,SR,2,334,14-Dec-2021,18:58:32,-20.3543,149.0120,,401677694,-127,50,0,14-Dec-2021,18:59:45,-20.3543,149.0120,522,303,374,245,153,,,101,131,0,,,,,,,,,,,,,,,,,,,,,,,,,,,,,
5171,209945,3,SR,2,334,14-Dec-2021,18:58:32,-20.3543,149.0120,,401677694,-127,50,1,14-Dec-2021,19:01:57,-20.3543,149.0120,522,303,374,245,153,,,79,92,5,,,,,,,,,,,,,,,,,,,,,,,,,,,,,
5171,209945,23,SR,2,334,14-Dec-2021,18:58:32,-20.3543,149.0120,,401677694,-127,50,0,14-Dec-2021,19:02:31,-20.3543,149.0120,522,303,374,245,153,,,92,144,165,245,40,150,198,120,71,76,135,87,86,67,71,14,3,105,27,213,192,255,128,,,,,,,,,
5171,209945,3,SR,1,335,14-Dec-2021,20:32:38,-20.3870,149.0206,,401677694,-128,58,0,14-Dec-2021,20:32:01,-20.3870,149.0206,559,992,3573,275,166,,,100,134,0,,,,,,,,,,,,,,,,,,,,,,,,,,,,,
5171,209945,3,SR,1,335,14-Dec-2021,20:32:38,-20.3870,149.0206,,401677694,-128,58,0,14-Dec-2021,20:32:36,-20.3870,149.0206,559,992,3573,275,166,,,14,3,49,,,,,,,,,,,,,,,,,,,,,,,,,,,,,
5171,209945,23,SR,1,335,14-Dec-2021,20:32:38,-20.3870,149.0206,,401677694,-128,58,0,14-Dec-2021,20:33:19,-20.3870,149.0206,559,992,3573,275,166,,,65,112,165,245,40,150,198,120,71,82,116,153,24,68,65,16,1,130,27,213,192,255,128,,,,,,,,,
5171,209945,3,SR,1,335,14-Dec-2021,20:32:38,-20.3870,149.0206,,401677694,-128,58,0,14-Dec-2021,20:41:20,-20.3870,149.0206,559,992,3573,275,166,,,79,92,5,,,,,,,,,,,,,,,,,,,,,,,,,,,,,
5171,209945,3,NK,2,336,14-Dec-2021,20:46:08,-20.3857,149.0356,,401677694,-120,56,0,14-Dec-2021,20:41:20,-20.3857,149.0356,503,257,581,113,114,,,79,92,5,,,,,,,,,,,,,,,,,,,,,,,,,,,,,
5171,209945,3,NK,2,336,14-Dec-2021,20:46:08,-20.3857,149.0356,,401677694,-120,56,0,14-Dec-2021,20:42:16,-20.3857,149.0356,503,257,581,113,114,,,83,34,34,,,,,,,,,,,,,,,,,,,,,,,,,,,,,
5171,209945,3,NK,2,336,14-Dec-2021,20:46:08,-20.3857,149.0356,,401677694,-120,56,0,14-Dec-2021,20:46:07,-20.3857,149.0356,503,257,581,113,114,,,103,137,0,,,,,,,,,,,,,,,,,,,,,,,,,,,,,
5171,209945,3,NK,2,336,14-Dec-2021,20:46:08,-20.3857,149.0356,,401677694,-120,56,0,14-Dec-2021,20:46:45,-20.3857,149.0356,503,257,581,113,114,,,30,193,134,,,,,,,,,,,,,,,,,,,,,,,,,,,,,
5171,209945,3,NK,2,336,14-Dec-2021,20:46:08,-20.3857,149.0356,,401677694,-120,56,0,14-Dec-2021,20:47:04,-20.3857,149.0356,503,257,581,113,114,,,101,197,16,,,,,,,,,,,,,,,,,,,,,,,,,,,,,
5171,209945,3,NK,2,336,14-Dec-2021,20:46:08,-20.3857,149.0356,,401677694,-120,56,1,14-Dec-2021,20:47:59,-20.3857,149.0356,503,257,581,113,114,,,15,1,16,,,,,,,,,,,,,,,,,,,,,,,,,,,,,
5171,209945,3,NK,2,336,14-Dec-2021,20:46:08,-20.3857,149.0356,,401677694,-120,56,1,14-Dec-2021,20:49:43,-20.3857,149.0356,503,257,581,113,114,,,97,135,0,,,,,,,,,,,,,,,,,,,,,,,,,,,,,
5171,209945,3,NP,3,337,14-Dec-2021,20:53:44,-20.3868,149.0322,,401677694,-120,56,0,14-Dec-2021,20:46:07,-20.3868,149.0322,621,228,644,80,94,,,103,137,0,,,,,,,,,,,,,,,,,,,,,,,,,,,,,
5171,209945,3,NP,3,337,14-Dec-2021,20:53:44,-20.3868,149.0322,,401677694,-120,56,0,14-Dec-2021,20:49:43,-20.3868,149.0322,621,228,644,80,94,,,97,135,0,,,,,,,,,,,,,,,,,,,,,,,,,,,,,
5171,209945,3,NP,3,337,14-Dec-2021,20:53:44,-20.3868,149.0322,,401677694,-120,56,1,14-Dec-2021,20:55:23,-20.3868,149.0322,621,228,644,80,94,,,15,1,16,,,,,,,,,,,,,,,,,,,,,,,,,,,,,
5171,209945,3,NP,3,337,14-Dec-2021,20:53:44,-20.3868,149.0322,,401677694,-120,56,0,14-Dec-2021,20:55:42,-20.3868,149.0322,621,228,644,80,94,,,30,142,28,,,,,,,,,,,,,,,,,,,,,,,,,,,,,
5171,209945,3,NP,3,337,14-Dec-2021,20:53:44,-20.3868,149.0322,,401677694,-120,56,0,14-Dec-2021,20:55:57,-20.3868,149.0322,621,228,644,80,94,,,79,92,5,,,,,,,,,,,,,,,,,,,,,,,,,,,,,
5171,209945,3,NP,3,337,14-Dec-2021,20:53:44,-20.3868,149.0322,,401677694,-120,56,1,14-Dec-2021,20:56:28,-20.3868,149.0322,621,228,644,80,94,,,100,134,0,,,,,,,,,,,,,,,,,,,,,,,,,,,,,
5171,209945,3,SR,A,338,15-Dec-2021,18:27:26,-20.3653,149.1031,,401677681,-133,,0,15-Dec-2021,18:26:26,-20.3653,149.1031,122,4288,21184,867,152,,,79,22,93,,,,,,,,,,,,,,,,,,,,,,,,,,,,,
5171,209945,3,SR,A,338,15-Dec-2021,18:27:26,-20.3653,149.1031,,401677681,-133,,0,15-Dec-2021,18:27:26,-20.3653,149.1031,122,4288,21184,867,152,,,91,180,34,,,,,,,,,,,,,,,,,,,,,,,,,,,,,
5171,209945,23,SR,A,338,15-Dec-2021,18:27:26,-20.3653,149.1031,,401677681,-133,,0,15-Dec-2021,18:28:28,-20.3653,149.1031,122,4288,21184,867,152,,,93,112,165,245,40,150,198,120,71,202,38,29,7,253,93,207,172,187,44,254,102,110,174,,,,,,,,,
5171,209945,3,SR,2,339,16-Dec-2021,19:34:39,-20.0221,149.0541,,401677694,-125,40,0,16-Dec-2021,19:30:09,-20.0221,149.0541,631,298,486,182,94,,,93,165,35,,,,,,,,,,,,,,,,,,,,,,,,,,,,,
5171,209945,3,SR,2,339,16-Dec-2021,19:34:39,-20.0221,149.0541,,401677694,-125,40,0,16-Dec-2021,19:30:28,-20.0221,149.0541,631,298,486,182,94,,,100,134,0,,,,,,,,,,,,,,,,,,,,,,,,,,,,,
5171,209945,3,SR,2,339,16-Dec-2021,19:34:39,-20.0221,149.0541,,401677694,-125,40,0,16-Dec-2021,19:32:01,-20.0221,149.0541,631,298,486,182,94,,,94,170,35,,,,,,,,,,,,,,,,,,,,,,,,,,,,,
5171,209945,3,SR,2,339,16-Dec-2021,19:34:39,-20.0221,149.0541,,401677694,-125,40,0,16-Dec-2021,19:34:06,-20.0221,149.0541,631,298,486,182,94,,,95,175,35,,,,,,,,,,,,,,,,,,,,,,,,,,,,,
5171,209945,23,SR,2,339,16-Dec-2021,19:34:39,-20.0221,149.0541,,401677694,-125,40,0,16-Dec-2021,19:34:23,-20.0221,149.0541,631,298,486,182,94,,,75,208,165,245,40,150,88,255,27,87,162,160,114,45,225,253,221,96,149,219,123,204,250,,,,,,,,,
5171,209945,3,SR,2,339,16-Dec-2021,19:34:39,-20.0221,149.0541,,401677694,-125,40,1,16-Dec-2021,19:38:18,-20.0221,149.0541,631,298,486,182,94,,,97,135,0,,,,,,,,,,,,,,,,,,,,,,,,,,,,,
5171,209945,3,SR,2,339,16-Dec-2021,19:34:39,-20.0221,149.0541,,401677694,-125,40,2,16-Dec-2021,19:39:11,-20.0221,149.0541,631,298,486,182,94,,,75,88,5,,,,,,,,,,,,,,,,,,,,,,,,,,,,,
5171,209945,3,SR,2,339,16-Dec-2021,19:34:39,-20.0221,149.0541,,401677694,-125,40,4,16-Dec-2021,19:40:40,-20.0221,149.0541,631,298,486,182,94,,,15,1,16,,,,,,,,,,,,,,,,,,,,,,,,,,,,,
5171,209945,3,NP,3,340,16-Dec-2021,20:20:14,-20.0182,149.0828,,401677697,-135,58,0,16-Dec-2021,20:19:42,-20.0182,149.0828,661,148,189,114,131,,,92,207,35,,,,,,,,,,,,,,,,,,,,,,,,,,,,,
5171,209945,3,NP,3,340,16-Dec-2021,20:20:14,-20.0182,149.0828,,401677697,-135,58,0,16-Dec-2021,20:19:59,-20.0182,149.0828,661,148,189,114,131,,,98,136,0,,,,,,,,,,,,,,,,,,,,,,,,,,,,,
5171,209945,3,NP,3,340,16-Dec-2021,20:20:14,-20.0182,149.0828,,401677697,-135,58,0,16-Dec-2021,20:20:28,-20.0182,149.0828,661,148,189,114,131,,,15,1,16,,,,,,,,,,,,,,,,,,,,,,,,,,,,,
5171,209945,3,NP,3,340,16-Dec-2021,20:20:14,-20.0182,149.0828,,401677697,-135,58,0,16-Dec-2021,20:20:50,-20.0182,149.0828,661,148,189,114,131,,,30,142,28,,,,,,,,,,,,,,,,,,,,,,,,,,,,,
5171,209945,3,NP,3,340,16-Dec-2021,20:20:14,-20.0182,149.0828,,401677697,-135,58,0,16-Dec-2021,20:22:30,-20.0182,149.0828,661,148,189,114,131,,,91,212,35,,,,,,,,,,,,,,,,,,,,,,,,,,,,,
5171,209945,3,NP,3,340,16-Dec-2021,20:20:14,-20.0182,149.0828,,401677697,-135,58,1,16-Dec-2021,20:22:46,-20.0182,149.0828,661,148,189,114,131,,,98,136,0,,,,,,,,,,,,,,,,,,,,,,,,,,,,,
5171,209945,3,NP,3,340,16-Dec-2021,20:20:14,-20.0182,149.0828,,401677697,-135,58,0,16-Dec-2021,20:23:58,-20.0182,149.0828,661,148,189,114,131,,,75,88,5,,,,,,,,,,,,,,,,,,,,,,,,,,,,,
5171,209945,3,NP,3,340,16-Dec-2021,20:20:14,-20.0182,149.0828,,401677697,-135,58,0,16-Dec-2021,20:24:33,-20.0182,149.0828,661,148,189,114,131,,,82,217,35,,,,,,,,,,,,,,,,,,,,,,,,,,,,,
5171,209945,3,NP,3,340,16-Dec-2021,20:20:14,-20.0182,149.0828,,401677697,-135,58,0,16-Dec-2021,20:24:53,-20.0182,149.0828,661,148,189,114,131,,,100,134,0,,,,,,,,,,,,,,,,,,,,,,,,,,,,,
5171,209945,3,NP,3,340,16-Dec-2021,20:20:14,-20.0182,149.0828,,401677697,-135,58,0,16-Dec-2021,20:25:59,-20.0182,149.0828,661,148,189,114,131,,,30,139,118,,,,,,,,,,,,,,,,,,,,,,,,,,,,,
5171,209945,3,NP,3,340,16-Dec-2021,20:20:14,-20.0182,149.0828,,401677697,-135,58,0,16-Dec-2021,20:26:43,-20.0182,149.0828,661,148,189,114,131,,,89,222,35,,,,,,,,,,,,,,,,,,,,,,,,,,,,,
5171,209945,3,NP,3,340,16-Dec-2021,20:20:14,-20.0182,149.0828,,401677697,-135,58,0,16-Dec-2021,20:27:12,-20.0182,149.0828,661,148,189,114,131,,,101,131,35,,,,,,,,,,,,,,,,,,,,,,,,,,,,,
5171,209945,3,NP,3,340,16-Dec-2021,20:20:14,-20.0182,149.0828,,401677697,-135,58,0,16-Dec-2021,20:27:28,-20.0182,149.0828,661,148,189,114,131,,,15,1,67,,,,,,,,,,,,,,,,,,,,,,,,,,,,,
5171,209945,3,NP,3,340,16-Dec-2021,20:20:14,-20.0182,149.0828,,401677697,-135,58,2,16-Dec-2021,20:27:53,-20.0182,149.0828,661,148,189,114,131,,,30,142,28,,,,,,,,,,,,,,,,,,,,,,,,,,,,,
5171,209945,23,NP,3,340,16-Dec-2021,20:20:14,-20.0182,149.0828,,401677697,-135,58,0,16-Dec-2021,20:28:08,-20.0182,149.0828,661,148,189,114,131,,,75,98,168,20,12,110,167,154,47,172,204,145,172,220,24,243,254,0,231,42,176,127,192,,,,,,,,,
5171,209945,3,NP,3,340,16-Dec-2021,20:20:14,-20.0182,149.0828,,401677697,-135,58,1,16-Dec-2021,20:29:28,-20.0182,149.0828,661,148,189,114,131,,,15,1,16,,,,,,,,,,,,,,,,,,,,,,,,,,,,,
5171,209945,3,NP,3,340,16-Dec-2021,20:20:14,-20.0182,149.0828,,401677697,-135,58,0,16-Dec-2021,20:30:43,-20.0182,149.0828,661,148,189,114,131,,,72,87,5,,,,,,,,,,,,,,,,,,,,,,,,,,,,,
5171,209945,3,SR,1,341,16-Dec-2021,21:11:28,-20.0178,149.1049,,401677695,-126,58,0,16-Dec-2021,21:09:58,-20.0178,149.1049,519,596,711,499,20,,,15,1,16,,,,,,,,,,,,,,,,,,,,,,,,,,,,,
5171,209945,3,SR,1,341,16-Dec-2021,21:11:28,-20.0178,149.1049,,401677695,-126,58,0,16-Dec-2021,21:10:45,-20.0178,149.1049,519,596,711,499,20,,,75,88,7,,,,,,,,,,,,,,,,,,,,,,,,,,,,,
5171,209945,3,SR,1,341,16-Dec-2021,21:11:28,-20.0178,149.1049,,401677695,-126,58,0,16-Dec-2021,21:11:09,-20.0178,149.1049,519,596,711,499,20,,,92,147,245,,,,,,,,,,,,,,,,,,,,,,,,,,,,,
5171,209945,3,SR,1,341,16-Dec-2021,21:11:28,-20.0178,149.1049,,401677695,-126,58,0,16-Dec-2021,21:11:39,-20.0178,149.1049,519,596,711,499,20,,,97,135,0,,,,,,,,,,,,,,,,,,,,,,,,,,,,,
5171,209945,3,SR,1,341,16-Dec-2021,21:11:28,-20.0178,149.1049,,401677695,-126,58,0,16-Dec-2021,21:11:54,-20.0178,149.1049,519,596,711,499,20,,,15,135,137,,,,,,,,,,,,,,,,,,,,,,,,,,,,,
5171,209945,3,SR,1,341,16-Dec-2021,21:11:28,-20.0178,149.1049,,401677695,-126,58,0,16-Dec-2021,21:12:38,-20.0178,149.1049,519,596,711,499,20,,,77,86,5,,,,,,,,,,,,,,,,,,,,,,,,,,,,,
5171,209945,3,SR,1,341,16-Dec-2021,21:11:28,-20.0178,149.1049,,401677695,-126,58,0,16-Dec-2021,21:13:47,-20.0178,149.1049,519,596,711,499,20,,,89,99,36,,,,,,,,,,,,,,,,,,,,,,,,,,,,,
5171,209945,3,SR,1,341,16-Dec-2021,21:11:28,-20.0178,149.1049,,401677695,-126,58,1,16-Dec-2021,21:18:37,-20.0178,149.1049,519,596,711,499,20,,,30,142,28,,,,,,,,,,,,,,,,,,,,,,,,,,,,,
5171,209945,3,MC,B,342,16-Dec-2021,21:27:03,-20.0170,149.1091,,401677693,-135,6,0,16-Dec-2021,21:27:03,-20.0170,149.1091,,2800,2978,2631,90,,,30,142,12,,,,,,,,,,,,,,,,,,,,,,,,,,,,,
5171,209945,3,SR,0,343,17-Dec-2021,08:25:30,-19.8275,149.1943,,401677686,-132,58,0,17-Dec-2021,08:25:03,-19.8275,149.1943,66,12312,50113,3024,63,,,30,142,28,,,,,,,,,,,,,,,,,,,,,,,,,,,,,
5171,209945,3,SR,0,343,17-Dec-2021,08:25:30,-19.8275,149.1943,,401677686,-132,58,0,17-Dec-2021,08:25:18,-19.8275,149.1943,66,12312,50113,3024,63,,,71,84,5,,,,,,,,,,,,,,,,,,,,,,,,,,,,,
5171,209945,3,SR,0,343,17-Dec-2021,08:25:30,-19.8275,149.1943,,401677686,-132,58,0,17-Dec-2021,08:25:34,-19.8275,149.1943,66,12312,50113,3024,63,,,84,202,36,,,,,,,,,,,,,,,,,,,,,,,,,,,,,
5171,209945,3,SR,0,343,17-Dec-2021,08:25:30,-19.8275,149.1943,,401677686,-132,58,0,17-Dec-2021,08:26:09,-19.8275,149.1943,66,12312,50113,3024,63,,,15,1,16,,,,,,,,,,,,,,,,,,,,,,,,,,,,,
5171,209945,3,NP,1,344,17-Dec-2021,08:55:34,-19.8410,149.0926,,401677696,-125,57,0,17-Dec-2021,08:53:04,-19.8410,149.0926,308,962,5995,154,86,,,30,158,28,,,,,,,,,,,,,,,,,,,,,,,,,,,,,
5171,209945,3,NP,1,344,17-Dec-2021,08:55:34,-19.8410,149.0926,,401677696,-125,57,0,17-Dec-2021,08:53:39,-19.8410,149.0926,308,962,5995,154,86,,,95,3,37,,,,,,,,,,,,,,,,,,,,,,,,,,,,,
5171,209945,3,NP,1,344,17-Dec-2021,08:55:34,-19.8410,149.0926,,401677696,-125,57,0,17-Dec-2021,08:53:57,-19.8410,149.0926,308,962,5995,154,86,,,98,136,0,,,,,,,,,,,,,,,,,,,,,,,,,,,,,
5171,209945,3,NP,1,344,17-Dec-2021,08:55:34,-19.8410,149.0926,,401677696,-125,57,0,17-Dec-2021,08:55:58,-19.8410,149.0926,308,962,5995,154,86,,,97,135,0,,,,,,,,,,,,,,,,,,,,,,,,,,,,,
5171,209945,3,NP,1,344,17-Dec-2021,08:55:34,-19.8410,149.0926,,401677696,-125,57,1,17-Dec-2021,08:56:32,-19.8410,149.0926,308,962,5995,154,86,,,30,142,28,,,,,,,,,,,,,,,,,,,,,,,,,,,,,
5171,209945,3,NP,1,344,17-Dec-2021,08:55:34,-19.8410,149.0926,,401677696,-125,57,2,17-Dec-2021,08:56:52,-19.8410,149.0926,308,962,5995,154,86,,,71,84,5,,,,,,,,,,,,,,,,,,,,,,,,,,,,,
5171,209945,3,NP,1,344,17-Dec-2021,08:55:34,-19.8410,149.0926,,401677696,-125,57,0,17-Dec-2021,08:57:18,-19.8410,149.0926,308,962,5995,154,86,,,89,61,172,,,,,,,,,,,,,,,,,,,,,,,,,,,,,
5171,209945,23,NP,1,344,17-Dec-2021,08:55:34,-19.8410,149.0926,,401677696,-125,57,0,17-Dec-2021,08:57:42,-19.8410,149.0926,308,962,5995,154,86,,,69,176,165,245,40,150,198,120,72,164,59,148,22,74,29,8,1,94,27,213,48,255,128,,,,,,,,,
5171,209945,3,NP,1,344,17-Dec-2021,08:55:34,-19.8410,149.0926,,401677696,-125,57,0,17-Dec-2021,08:58:12,-19.8410,149.0926,308,962,5995,154,86,,,15,1,16,,,,,,,,,,,,,,,,,,,,,,,,,,,,,
5171,209945,3,NK,B,345,17-Dec-2021,10:08:36,-19.8066,149.0687,,401677693,-131,8,0,17-Dec-2021,10:07:16,-19.8066,149.0687,80,4097,6136,2735,107,,,30,142,28,,,,,,,,,,,,,,,,,,,,,,,,,,,,,
5171,209945,3,NK,B,345,17-Dec-2021,10:08:36,-19.8066,149.0687,,401677693,-131,8,0,17-Dec-2021,10:08:36,-19.8066,149.0687,80,4097,6136,2735,107,,,103,137,0,,,,,,,,,,,,,,,,,,,,,,,,,,,,,
5171,209945,3,SR,0,346,18-Dec-2021,07:43:49,-19.5388,149.0423,,401677695,-122,40,0,18-Dec-2021,07:42:36,-19.5388,149.0423,455,1864,24977,139,101,,,31,142,28,,,,,,,,,,,,,,,,,,,,,,,,,,,,,
5171,209945,3,SR,0,346,18-Dec-2021,07:43:49,-19.5388,149.0423,,401677695,-122,40,0,18-Dec-2021,07:43:14,-19.5388,149.0423,455,1864,24977,139,101,,,77,86,5,,,,,,,,,,,,,,,,,,,,,,,,,,,,,
5171,209945,3,SR,0,346,18-Dec-2021,07:43:49,-19.5388,149.0423,,401677695,-122,40,0,18-Dec-2021,07:43:43,-19.5388,149.0423,455,1864,24977,139,101,,,82,199,40,,,,,,,,,,,,,,,,,,,,,,,,,,,,,
5171,209945,3,SR,0,346,18-Dec-2021,07:43:49,-19.5388,149.0423,,401677695,-122,40,0,18-Dec-2021,07:45:42,-19.5388,149.0423,455,1864,24977,139,101,,,98,136,0,,,,,,,,,,,,,,,,,,,,,,,,,,,,,
5171,209945,3,SR,0,346,18-Dec-2021,07:43:49,-19.5388,149.0423,,401677695,-122,40,0,18-Dec-2021,07:47:45,-19.5388,149.0423,455,1864,24977,139,101,,,66,85,5,,,,,,,,,,,,,,,,,,,,,,,,,,,,,
5171,209945,3,SR,0,346,18-Dec-2021,07:43:49,-19.5388,149.0423,,401677695,-122,40,0,18-Dec-2021,07:48:09,-19.5388,149.0423,455,1864,24977,139,101,,,91,153,37,,,,,,,,,,,,,,,,,,,,,,,,,,,,,
5171,209945,3,SR,0,346,18-Dec-2021,07:43:49,-19.5388,149.0423,,401677695,-122,40,1,18-Dec-2021,07:49:01,-19.5388,149.0423,455,1864,24977,139,101,,,15,1,16,,,,,,,,,,,,,,,,,,,,,,,,,,,,,
5171,209945,3,SR,0,346,18-Dec-2021,07:43:49,-19.5388,149.0423,,401677695,-122,40,1,18-Dec-2021,07:50:11,-19.5388,149.0423,455,1864,24977,139,101,,,30,142,28,,,,,,,,,,,,,,,,,,,,,,,,,,,,,
5171,209945,3,NP,1,347,18-Dec-2021,08:44:22,-19.5184,149.0057,,401677697,-126,58,0,18-Dec-2021,08:42:43,-19.5184,149.0057,286,1032,3259,326,59,,,103,137,0,,,,,,,,,,,,,,,,,,,,,,,,,,,,,
5171,209945,3,NP,1,347,18-Dec-2021,08:44:22,-19.5184,149.0057,,401677697,-126,58,0,18-Dec-2021,08:44:04,-19.5184,149.0057,286,1032,3259,326,59,,,135,25,5,,,,,,,,,,,,,,,,,,,,,,,,,,,,,
5171,209945,3,NP,1,347,18-Dec-2021,08:44:22,-19.5184,149.0057,,401677697,-126,58,0,18-Dec-2021,08:45:02,-19.5184,149.0057,286,1032,3259,326,59,,,71,84,183,,,,,,,,,,,,,,,,,,,,,,,,,,,,,
5171,209945,3,NP,1,347,18-Dec-2021,08:44:22,-19.5184,149.0057,,401677697,-126,58,0,18-Dec-2021,08:45:40,-19.5184,149.0057,286,1032,3259,326,59,,,81,228,37,,,,,,,,,,,,,,,,,,,,,,,,,,,,,
5171,209945,3,NP,1,347,18-Dec-2021,08:44:22,-19.5184,149.0057,,401677697,-126,58,0,18-Dec-2021,08:47:29,-19.5184,149.0057,286,1032,3259,326,59,,,15,1,16,,,,,,,,,,,,,,,,,,,,,,,,,,,,,
5171,209945,3,MB,0,348,18-Dec-2021,12:07:19,-19.4615,148.9571,,401677695,-126,58,0,18-Dec-2021,12:05:19,-19.4615,148.9571,243,3650,39694,335,97,,,15,1,16,,,,,,,,,,,,,,,,,,,,,,,,,,,,,
5171,209945,3,MB,0,348,18-Dec-2021,12:07:19,-19.4615,148.9571,,401677695,-126,58,0,18-Dec-2021,12:06:11,-19.4615,148.9571,243,3650,39694,335,97,,,83,238,37,,,,,,,,,,,,,,,,,,,,,,,,,,,,,
5171,209945,23,MB,0,348,18-Dec-2021,12:07:19,-19.4615,148.9571,,401677695,-126,58,0,18-Dec-2021,12:06:43,-19.4615,148.9571,243,3650,39694,335,97,,,81,80,165,245,40,150,198,120,73,48,204,206,152,75,223,18,1,255,27,213,96,255,128,,,,,,,,,
5171,209945,3,MB,0,348,18-Dec-2021,12:07:19,-19.4615,148.9571,,401677695,-126,58,0,18-Dec-2021,12:07:08,-19.4615,148.9571,243,3650,39694,335,97,,,97,135,0,,,,,,,,,,,,,,,,,,,,,,,,,,,,,
5171,209945,3,MB,0,348,18-Dec-2021,12:07:19,-19.4615,148.9571,,401677695,-126,58,0,18-Dec-2021,12:07:59,-19.4615,148.9571,243,3650,39694,335,97,,,30,142,28,,,,,,,,,,,,,,,,,,,,,,,,,,,,,
5171,209945,3,MB,0,348,18-Dec-2021,12:07:19,-19.4615,148.9571,,401677695,-126,58,0,18-Dec-2021,12:08:33,-19.4615,148.9571,243,3650,39694,335,97,,,77,86,5,,,,,,,,,,,,,,,,,,,,,,,,,,,,,
5171,209945,3,MB,0,348,18-Dec-2021,12:07:19,-19.4615,148.9571,,401677695,-126,58,0,18-Dec-2021,12:09:22,-19.4615,148.9571,243,3650,39694,335,97,,,98,136,0,,,,,,,,,,,,,,,,,,,,,,,,,,,,,
5171,209945,3,NN,3,349,18-Dec-2021,12:35:19,-19.4582,148.9743,,401677694,-123,56,0,18-Dec-2021,12:34:18,-19.4582,148.9743,551,162,362,72,55,,,66,85,5,,,,,,,,,,,,,,,,,,,,,,,,,,,,,
5171,209945,3,NN,3,349,18-Dec-2021,12:35:19,-19.4582,148.9743,,401677694,-123,56,0,18-Dec-2021,12:36:20,-19.4582,148.9743,551,162,362,72,55,,,97,135,0,,,,,,,,,,,,,,,,,,,,,,,,,,,,,
5171,209945,3,NN,3,349,18-Dec-2021,12:35:19,-19.4582,148.9743,,401677694,-123,56,0,18-Dec-2021,12:39:48,-19.4582,148.9743,551,162,362,72,55,,,90,19,38,,,,,,,,,,,,,,,,,,,,,,,,,,,,,
5171,209945,3,NN,3,349,18-Dec-2021,12:35:19,-19.4582,148.9743,,401677694,-123,56,0,18-Dec-2021,12:40:35,-19.4582,148.9743,551,162,362,72,55,,,103,137,0,,,,,,,,,,,,,,,,,,,,,,,,,,,,,
5171,209945,3,NN,3,349,18-Dec-2021,12:35:19,-19.4582,148.9743,,401677694,-123,56,0,18-Dec-2021,12:43:29,-19.4582,148.9743,551,162,362,72,55,,,93,24,38,,,,,,,,,,,,,,,,,,,,,,,,,,,,,
5171,209945,3,SR,2,350,19-Dec-2021,07:18:48,-19.0814,149.0252,,401677695,-125,40,0,19-Dec-2021,07:15:20,-19.0814,149.0252,453,484,814,287,108,,,30,142,28,,,,,,,,,,,,,,,,,,,,,,,,,,,,,
5171,209945,3,SR,2,350,19-Dec-2021,07:18:48,-19.0814,149.0252,,401677695,-125,40,0,19-Dec-2021,07:18:26,-19.0814,149.0252,453,484,814,287,108,,,65,106,5,,,,,,,,,,,,,,,,,,,,,,,,,,,,,
5171,209945,3,SR,2,350,19-Dec-2021,07:18:48,-19.0814,149.0252,,401677695,-125,40,0,19-Dec-2021,07:21:03,-19.0814,149.0252,453,484,814,287,108,,,82,84,38,,,,,,,,,,,,,,,,,,,,,,,,,,,,,
5171,209945,3,SR,2,350,19-Dec-2021,07:18:48,-19.0814,149.0252,,401677695,-125,40,1,19-Dec-2021,07:22:02,-19.0814,149.0252,453,484,814,287,108,,,15,1,16,,,,,,,,,,,,,,,,,,,,,,,,,,,,,
5171,209945,3,SR,2,350,19-Dec-2021,07:18:48,-19.0814,149.0252,,401677695,-125,40,0,19-Dec-2021,07:22:53,-19.0814,149.0252,453,484,814,287,108,,,78,105,5,,,,,,,,,,,,,,,,,,,,,,,,,,,,,
5171,209945,23,SR,B,351,19-Dec-2021,08:52:12,-19.0543,149.0046,,401677690,-136,8,0,19-Dec-2021,08:52:13,-19.0543,149.0046,,7210,7625,6816,106,,,77,16,165,245,40,150,198,120,73,163,165,213,216,77,61,12,5,253,25,214,80,255,128,,,,,,,,,
5171,209945,3,NK,0,352,19-Dec-2021,09:15:01,-19.0698,149.0271,,401677693,-127,56,0,19-Dec-2021,09:15:01,-19.0698,149.0271,107,3865,22858,653,56,,,80,159,38,,,,,,,,,,,,,,,,,,,,,,,,,,,,,
5171,209945,3,NK,0,352,19-Dec-2021,09:15:01,-19.0698,149.0271,,401677693,-127,56,0,19-Dec-2021,09:15:35,-19.0698,149.0271,107,3865,22858,653,56,,,98,136,0,,,,,,,,,,,,,,,,,,,,,,,,,,,,,
5171,209945,3,NK,0,352,19-Dec-2021,09:15:01,-19.0698,149.0271,,401677693,-127,56,0,19-Dec-2021,09:16:14,-19.0698,149.0271,107,3865,22858,653,56,,,15,1,16,,,,,,,,,,,,,,,,,,,,,,,,,,,,,
5171,209945,3,NK,0,352,19-Dec-2021,09:15:01,-19.0698,149.0271,,401677693,-127,56,0,19-Dec-2021,09:16:33,-19.0698,149.0271,107,3865,22858,653,56,,,30,142,28,,,,,,,,,,,,,,,,,,,,,,,,,,,,,
5171,209945,3,NK,0,352,19-Dec-2021,09:15:01,-19.0698,149.0271,,401677693,-127,56,0,19-Dec-2021,09:16:48,-19.0698,149.0271,107,3865,22858,653,56,,,67,96,5,,,,,,,,,,,,,,,,,,,,,,,,,,,,,
5171,209945,23,SR,3,353,19-Dec-2021,19:45:01,-19.1287,149.0024,,401677694,-123,58,0,19-Dec-2021,19:39:12,-19.1287,149.0024,359,139,209,92,86,,,72,16,161,245,56,150,46,76,119,151,234,59,56,78,184,70,47,47,140,171,87,255,191,,,,,,,,,
5171,209945,3,SR,3,353,19-Dec-2021,19:45:01,-19.1287,149.0024,,401677694,-123,58,0,19-Dec-2021,19:40:40,-19.1287,149.0024,359,139,209,92,86,,,80,30,39,,,,,,,,,,,,,,,,,,,,,,,,,,,,,
5171,209945,3,SR,3,353,19-Dec-2021,19:45:01,-19.1287,149.0024,,401677694,-123,58,0,19-Dec-2021,19:41:37,-19.1287,149.0024,359,139,209,92,86,,,97,135,0,,,,,,,,,,,,,,,,,,,,,,,,,,,,,
5171,209945,3,SR,3,353,19-Dec-2021,19:45:01,-19.1287,149.0024,,401677694,-123,58,1,19-Dec-2021,19:43:19,-19.1287,149.0024,359,139,209,92,86,,,66,101,5,,,,,,,,,,,,,,,,,,,,,,,,,,,,,
5171,209945,3,SR,3,353,19-Dec-2021,19:45:01,-19.1287,149.0024,,401677694,-123,58,2,19-Dec-2021,19:44:51,-19.1287,149.0024,359,139,209,92,86,,,15,1,16,,,,,,,,,,,,,,,,,,,,,,,,,,,,,
5171,209945,3,SR,3,353,19-Dec-2021,19:45:01,-19.1287,149.0024,,401677694,-123,58,1,19-Dec-2021,19:45:11,-19.1287,149.0024,359,139,209,92,86,,,30,142,28,,,,,,,,,,,,,,,,,,,,,,,,,,,,,
5171,209945,3,SR,B,354,20-Dec-2021,06:42:10,-19.0207,148.9032,,401677710,-136,8,0,20-Dec-2021,06:41:51,-19.0207,148.9032,39,4063,12808,1289,86,,,15,1,16,,,,,,,,,,,,,,,,,,,,,,,,,,,,,
5171,209945,3,SR,B,354,20-Dec-2021,06:42:10,-19.0207,148.9032,,401677710,-136,8,0,20-Dec-2021,06:42:30,-19.0207,148.9032,39,4063,12808,1289,86,,,30,142,28,,,,,,,,,,,,,,,,,,,,,,,,,,,,,
5171,209945,3,NP,1,355,20-Dec-2021,08:18:50,-18.9495,149.1046,,401677730,-138,58,0,20-Dec-2021,08:18:51,-18.9495,149.1046,366,905,2473,330,40,,,76,35,7,,,,,,,,,,,,,,,,,,,,,,,,,,,,,
5171,209945,3,NP,1,355,20-Dec-2021,08:18:50,-18.9495,149.1046,,401677730,-138,58,0,20-Dec-2021,08:21:22,-18.9495,149.1046,366,905,2473,330,40,,,86,94,224,,,,,,,,,,,,,,,,,,,,,,,,,,,,,
5171,209945,3,NP,1,355,20-Dec-2021,08:18:50,-18.9495,149.1046,,401677730,-138,58,0,20-Dec-2021,08:21:52,-18.9495,149.1046,366,905,2473,330,40,,,98,201,88,,,,,,,,,,,,,,,,,,,,,,,,,,,,,
5171,209945,3,NP,1,355,20-Dec-2021,08:18:50,-18.9495,149.1046,,401677730,-138,58,0,20-Dec-2021,08:23:10,-18.9495,149.1046,366,905,2473,330,40,,,15,1,16,,,,,,,,,,,,,,,,,,,,,,,,,,,,,
5171,209945,3,NP,1,355,20-Dec-2021,08:18:50,-18.9495,149.1046,,401677730,-138,58,1,20-Dec-2021,08:23:44,-18.9495,149.1046,366,905,2473,330,40,,,30,142,28,,,,,,,,,,,,,,,,,,,,,,,,,,,,,
5171,209945,3,NP,1,355,20-Dec-2021,08:18:50,-18.9495,149.1046,,401677730,-138,58,0,20-Dec-2021,08:24:00,-18.9495,149.1046,366,905,2473,330,40,,,68,107,5,,,,,,,,,,,,,,,,,,,,,,,,,,,,,
5171,209945,3,NP,1,355,20-Dec-2021,08:18:50,-18.9495,149.1046,,401677730,-138,58,0,20-Dec-2021,08:24:57,-18.9495,149.1046,366,905,2473,330,40,,,81,100,39,,,,,,,,,,,,,,,,,,,,,,,,,,,,,
5171,209945,3,SR,2,356,20-Dec-2021,08:21:54,-18.9552,149.0989,,401677691,-124,56,0,20-Dec-2021,08:21:52,-18.9552,149.0989,185,370,1148,118,101,,,98,140,0,,,,,,,,,,,,,,,,,,,,,,,,,,,,,
5171,209945,3,SR,2,356,20-Dec-2021,08:21:54,-18.9552,149.0989,,401677691,-124,56,0,20-Dec-2021,08:23:10,-18.9552,149.0989,185,370,1148,118,101,,,15,1,16,,,,,,,,,,,,,,,,,,,,,,,,,,,,,
5171,209945,3,SR,2,356,20-Dec-2021,08:21:54,-18.9552,149.0989,,401677691,-124,56,1,20-Dec-2021,08:23:44,-18.9552,149.0989,185,370,1148,118,101,,,30,142,28,,,,,,,,,,,,,,,,,,,,,,,,,,,,,
5171,209945,3,SR,2,356,20-Dec-2021,08:21:54,-18.9552,149.0989,,401677691,-124,56,0,20-Dec-2021,08:24:00,-18.9552,149.0989,185,370,1148,118,101,,,68,107,5,,,,,,,,,,,,,,,,,,,,,,,,,,,,,
5171,209945,3,SR,2,356,20-Dec-2021,08:21:54,-18.9552,149.0989,,401677691,-124,56,0,20-Dec-2021,08:24:57,-18.9552,149.0989,185,370,1148,118,101,,,81,100,39,,,,,,,,,,,,,,,,,,,,,,,,,,,,,
5171,209945,3,NP,3,357,20-Dec-2021,10:02:27,-18.9658,149.0972,,401677699,-123,58,0,20-Dec-2021,09:59:19,-18.9658,149.0972,335,220,875,55,86,,,89,110,119,,,,,,,,,,,,,,,,,,,,,,,,,,,,,
5171,209945,3,NP,3,357,20-Dec-2021,10:02:27,-18.9658,149.0972,,401677699,-123,58,0,20-Dec-2021,10:01:48,-18.9658,149.0972,335,220,875,55,86,,,65,106,5,,,,,,,,,,,,,,,,,,,,,,,,,,,,,
5171,209945,3,NP,3,357,20-Dec-2021,10:02:27,-18.9658,149.0972,,401677699,-123,58,0,20-Dec-2021,10:02:32,-18.9658,149.0972,335,220,875,55,86,,,97,135,0,,,,,,,,,,,,,,,,,,,,,,,,,,,,,
5171,209945,3,NP,3,357,20-Dec-2021,10:02:27,-18.9658,149.0972,,401677699,-123,58,1,20-Dec-2021,10:03:11,-18.9658,149.0972,335,220,875,55,86,,,15,1,16,,,,,,,,,,,,,,,,,,,,,,,,,,,,,
5171,209945,3,NP,3,357,20-Dec-2021,10:02:27,-18.9658,149.0972,,401677699,-123,58,1,20-Dec-2021,10:03:54,-18.9658,149.0972,335,220,875,55,86,,,30,142,28,,,,,,,,,,,,,,,,,,,,,,,,,,,,,
5171,209945,3,NP,3,357,20-Dec-2021,10:02:27,-18.9658,149.0972,,401677699,-123,58,0,20-Dec-2021,10:04:37,-18.9658,149.0972,335,220,875,55,86,,,91,118,39,,,,,,,,,,,,,,,,,,,,,,,,,,,,,
5171,209945,3,NP,3,357,20-Dec-2021,10:02:27,-18.9658,149.0972,,401677699,-123,58,0,20-Dec-2021,10:04:54,-18.9658,149.0972,335,220,875,55,86,,,98,136,0,,,,,,,,,,,,,,,,,,,,,,,,,,,,,
5171,209945,3,MC,B,358,20-Dec-2021,12:07:32,-18.9394,149.1349,,401677700,-127,8,0,20-Dec-2021,12:07:32,-18.9394,149.1349,,2612,2755,2476,88,,,15,1,16,,,,,,,,,,,,,,,,,,,,,,,,,,,,,
5171,209945,3,NN,B,359,20-Dec-2021,12:07:32,-18.9525,149.1163,,401677697,-130,,0,20-Dec-2021,12:07:32,-18.9525,149.1163,,4092,8977,1865,54,,,15,1,16,,,,,,,,,,,,,,,,,,,,,,,,,,,,,
5171,209945,3,SR,3,360,20-Dec-2021,19:06:07,-19.1806,149.1718,,401677712,-132,58,0,20-Dec-2021,19:05:49,-19.1806,149.1718,494,225,290,174,29,,,15,1,16,,,,,,,,,,,,,,,,,,,,,,,,,,,,,
5171,209945,3,SR,3,360,20-Dec-2021,19:06:07,-19.1806,149.1718,,401677712,-132,58,0,20-Dec-2021,19:06:05,-19.1806,149.1718,494,225,290,174,29,,,30,142,28,,,,,,,,,,,,,,,,,,,,,,,,,,,,,
5171,209945,3,SR,3,360,20-Dec-2021,19:06:07,-19.1806,149.1718,,401677712,-132,58,0,20-Dec-2021,19:06:29,-19.1806,149.1718,494,225,290,174,29,,,76,99,5,,,,,,,,,,,,,,,,,,,,,,,,,,,,,
5171,209945,3,SR,3,360,20-Dec-2021,19:06:07,-19.1806,149.1718,,401677712,-132,58,1,20-Dec-2021,19:09:02,-19.1806,149.1718,494,225,290,174,29,,,15,1,16,,,,,,,,,,,,,,,,,,,,,,,,,,,,,
5171,209945,3,SR,3,360,20-Dec-2021,19:06:07,-19.1806,149.1718,,401677712,-132,58,0,20-Dec-2021,19:10:59,-19.1806,149.1718,494,225,290,174,29,,,83,192,39,,,,,,,,,,,,,,,,,,,,,,,,,,,,,
5171,209945,3,SR,3,360,20-Dec-2021,19:06:07,-19.1806,149.1718,,401677712,-132,58,2,20-Dec-2021,19:12:12,-19.1806,149.1718,494,225,290,174,29,,,30,142,28,,,,,,,,,,,,,,,,,,,,,,,,,,,,,
5171,209945,3,SR,3,360,20-Dec-2021,19:06:07,-19.1806,149.1718,,401677712,-132,58,0,20-Dec-2021,19:13:47,-19.1806,149.1718,494,225,290,174,29,,,82,197,39,,,,,,,,,,,,,,,,,,,,,,,,,,,,,
5171,209945,3,SR,3,360,20-Dec-2021,19:06:07,-19.1806,149.1718,,401677712,-132,58,0,20-Dec-2021,19:14:03,-19.1806,149.1718,494,225,290,174,29,,,100,134,0,,,,,,,,,,,,,,,,,,,,,,,,,,,,,
5171,209945,3,NP,2,361,20-Dec-2021,19:41:14,-19.1882,149.1637,,401677694,-134,58,0,20-Dec-2021,19:34:59,-19.1882,149.1637,491,384,631,232,44,,,82,229,39,,,,,,,,,,,,,,,,,,,,,,,,,,,,,
5171,209945,3,NP,2,361,20-Dec-2021,19:41:14,-19.1882,149.1637,,401677694,-134,58,0,20-Dec-2021,19:37:41,-19.1882,149.1637,491,384,631,232,44,,,66,101,5,,,,,,,,,,,,,,,,,,,,,,,,,,,,,
5171,209945,3,NP,2,361,20-Dec-2021,19:41:14,-19.1882,149.1637,,401677694,-134,58,0,20-Dec-2021,19:38:33,-19.1882,149.1637,491,384,631,232,44,,,81,234,39,,,,,,,,,,,,,,,,,,,,,,,,,,,,,
5171,209945,3,NP,2,361,20-Dec-2021,19:41:14,-19.1882,149.1637,,401677694,-134,58,0,20-Dec-2021,19:39:39,-19.1882,149.1637,491,384,631,232,44,,,15,1,20,,,,,,,,,,,,,,,,,,,,,,,,,,,,,
5171,209945,3,NP,2,361,20-Dec-2021,19:41:14,-19.1882,149.1637,,401677694,-134,58,0,20-Dec-2021,19:40:38,-19.1882,149.1637,491,384,631,232,44,,,76,99,5,,,,,,,,,,,,,,,,,,,,,,,,,,,,,
5171,209945,3,NP,2,361,20-Dec-2021,19:41:14,-19.1882,149.1637,,401677694,-134,58,0,20-Dec-2021,19:40:56,-19.1882,149.1637,491,384,631,232,44,,,80,239,39,,,,,,,,,,,,,,,,,,,,,,,,,,,,,
5171,209945,3,NP,2,361,20-Dec-2021,19:41:14,-19.1882,149.1637,,401677694,-134,58,1,20-Dec-2021,19:41:12,-19.1882,149.1637,491,384,631,232,44,,,97,135,0,,,,,,,,,,,,,,,,,,,,,,,,,,,,,
5171,209945,3,NP,2,361,20-Dec-2021,19:41:14,-19.1882,149.1637,,401677694,-134,58,0,20-Dec-2021,19:42:15,-19.1882,149.1637,491,384,631,232,44,,,15,1,16,,,,,,,,,,,,,,,,,,,,,,,,,,,,,
5171,209945,3,NP,2,361,20-Dec-2021,19:41:14,-19.1882,149.1637,,401677694,-134,58,0,20-Dec-2021,19:42:55,-19.1882,149.1637,491,384,631,232,44,,,71,100,5,,,,,,,,,,,,,,,,,,,,,,,,,,,,,
5171,209945,3,NP,2,361,20-Dec-2021,19:41:14,-19.1882,149.1637,,401677694,-134,58,0,20-Dec-2021,19:43:10,-19.1882,149.1637,491,384,631,232,44,,,83,172,188,,,,,,,,,,,,,,,,,,,,,,,,,,,,,
5171,209945,3,NK,2,362,20-Dec-2021,19:54:12,-19.1872,149.1571,,401677696,-130,56,0,20-Dec-2021,19:52:40,-19.1872,149.1571,310,430,628,294,175,,,15,1,16,,,,,,,,,,,,,,,,,,,,,,,,,,,,,
5171,209945,3,NK,2,362,20-Dec-2021,19:54:12,-19.1872,149.1571,,401677696,-130,56,0,20-Dec-2021,19:53:05,-19.1872,149.1571,310,430,628,294,175,,,30,142,53,,,,,,,,,,,,,,,,,,,,,,,,,,,,,
5171,209945,3,NK,2,362,20-Dec-2021,19:54:12,-19.1872,149.1571,,401677696,-130,56,1,20-Dec-2021,19:54:11,-19.1872,149.1571,310,430,628,294,175,,,76,99,5,,,,,,,,,,,,,,,,,,,,,,,,,,,,,
5171,209945,3,NK,2,362,20-Dec-2021,19:54:12,-19.1872,149.1571,,401677696,-130,56,0,20-Dec-2021,19:54:38,-19.1872,149.1571,310,430,628,294,175,,,90,9,40,,,,,,,,,,,,,,,,,,,,,,,,,,,,,
5171,209945,3,NK,2,362,20-Dec-2021,19:54:12,-19.1872,149.1571,,401677696,-130,56,0,20-Dec-2021,19:55:03,-19.1872,149.1571,310,430,628,294,175,,,97,135,0,,,,,,,,,,,,,,,,,,,,,,,,,,,,,
5171,209945,3,NK,2,362,20-Dec-2021,19:54:12,-19.1872,149.1571,,401677696,-130,56,0,20-Dec-2021,19:55:53,-19.1872,149.1571,310,430,628,294,175,,,30,142,28,,,,,,,,,,,,,,,,,,,,,,,,,,,,,
5171,209945,3,NK,2,362,20-Dec-2021,19:54:12,-19.1872,149.1571,,401677696,-130,56,0,20-Dec-2021,19:57:50,-19.1872,149.1571,310,430,628,294,175,,,81,14,40,,,,,,,,,,,,,,,,,,,,,,,,,,,,,
5171,209945,3,SR,B,363,21-Dec-2021,07:51:36,-19.2380,149.0015,,401677693,-131,8,0,21-Dec-2021,07:51:37,-19.2380,149.0015,505,6039,68258,534,159,,,103,137,0,,,,,,,,,,,,,,,,,,,,,,,,,,,,,
5171,209945,3,SR,B,363,21-Dec-2021,07:51:36,-19.2380,149.0015,,401677693,-131,8,0,21-Dec-2021,08:00:02,-19.2380,149.0015,505,6039,68258,534,159,,,15,1,16,,,,,,,,,,,,,,,,,,,,,,,,,,,,,
5171,209945,3,NK,B,364,21-Dec-2021,08:25:06,-19.2318,148.9984,,401677697,-137,8,0,21-Dec-2021,08:25:07,-19.2318,148.9984,,4574,14257,1467,158,,,15,1,16,,,,,,,,,,,,,,,,,,,,,,,,,,,,,
5171,209945,3,NN,B,365,21-Dec-2021,12:00:43,-19.1951,148.9874,,401677700,-125,8,0,21-Dec-2021,12:00:43,-19.1951,148.9874,,2055,3149,1341,107,,,30,142,28,,,,,,,,,,,,,,,,,,,,,,,,,,,,,
5171,209945,3,SR,B,366,21-Dec-2021,20:25:26,-19.1602,148.9706,,401677694,-135,8,0,21-Dec-2021,20:25:27,-19.1602,148.9706,,3575,4341,2943,92,,,15,1,16,,,,,,,,,,,,,,,,,,,,,,,,,,,,,
5171,209945,23,SR,B,367,22-Dec-2021,09:02:20,-19.1915,148.9726,,401677697,-132,,0,22-Dec-2021,09:02:21,-19.1915,148.9726,,4357,10079,1883,109,,,76,240,165,245,40,150,198,120,75,36,137,149,86,81,237,16,127,100,54,113,92,123,48,,,,,,,,,
5171,209945,3,MC,A,368,22-Dec-2021,11:28:54,-19.2756,149.0768,,401677696,-120,8,0,22-Dec-2021,11:27:25,-19.2756,149.0768,182,2033,41180,100,91,,,74,93,5,,,,,,,,,,,,,,,,,,,,,,,,,,,,,
5171,209945,31,MC,A,368,22-Dec-2021,11:28:54,-19.2756,149.0768,,401677696,-120,8,0,22-Dec-2021,11:28:51,-19.2756,149.0768,182,2033,41180,100,91,,,40,114,160,238,238,238,0,0,238,238,14,238,224,0,238,135,114,160,0,0,0,0,0,0,16,30,255,58,0,12,73,
5171,209945,3,MC,A,368,22-Dec-2021,11:28:54,-19.2756,149.0768,,401677696,-120,8,0,22-Dec-2021,11:30:27,-19.2756,149.0768,182,2033,41180,100,91,,,80,184,3,,,,,,,,,,,,,,,,,,,,,,,,,,,,,
5171,209945,3,NN,B,369,22-Dec-2021,13:32:52,-19.2965,149.1031,,401677692,-127,8,0,22-Dec-2021,13:32:45,-19.2965,149.1031,16,1850,3636,940,81,,,79,92,5,,,,,,,,,,,,,,,,,,,,,,,,,,,,,
5171,209945,3,NN,B,369,22-Dec-2021,13:32:52,-19.2965,149.1031,,401677692,-127,8,0,22-Dec-2021,13:33:01,-19.2965,149.1031,16,1850,3636,940,81,,,84,0,41,,,,,,,,,,,,,,,,,,,,,,,,,,,,,
5171,209945,3,SR,3,370,22-Dec-2021,19:44:34,-19.3550,149.1324,,401677694,-120,58,0,22-Dec-2021,19:42:34,-19.3550,149.1324,704,144,352,58,76,,,68,91,5,,,,,,,,,,,,,,,,,,,,,,,,,,,,,
5171,209945,3,SR,3,370,22-Dec-2021,19:44:34,-19.3550,149.1324,,401677694,-120,58,0,22-Dec-2021,19:42:50,-19.3550,149.1324,704,144,352,58,76,,,81,94,41,,,,,,,,,,,,,,,,,,,,,,,,,,,,,
5171,209945,3,SR,3,370,22-Dec-2021,19:44:34,-19.3550,149.1324,,401677694,-120,58,0,22-Dec-2021,19:43:07,-19.3550,149.1324,704,144,352,58,76,,,97,135,0,,,,,,,,,,,,,,,,,,,,,,,,,,,,,
5171,209945,3,SR,3,370,22-Dec-2021,19:44:34,-19.3550,149.1324,,401677694,-120,58,0,22-Dec-2021,19:44:06,-19.3550,149.1324,704,144,352,58,76,,,79,92,5,,,,,,,,,,,,,,,,,,,,,,,,,,,,,
5171,209945,3,SR,3,370,22-Dec-2021,19:44:34,-19.3550,149.1324,,401677694,-120,58,0,22-Dec-2021,19:44:59,-19.3550,149.1324,704,144,352,58,76,,,88,99,41,,,,,,,,,,,,,,,,,,,,,,,,,,,,,
5171,209945,3,SR,3,370,22-Dec-2021,19:44:34,-19.3550,149.1324,,401677694,-120,58,0,22-Dec-2021,19:45:15,-19.3550,149.1324,704,144,352,58,76,,,96,130,0,,,,,,,,,,,,,,,,,,,,,,,,,,,,,
5171,209945,3,SR,3,370,22-Dec-2021,19:44:34,-19.3550,149.1324,,401677694,-120,58,0,22-Dec-2021,19:45:43,-19.3550,149.1324,704,144,352,58,76,,,15,1,81,,,,,,,,,,,,,,,,,,,,,,,,,,,,,
5171,209945,3,SR,3,370,22-Dec-2021,19:44:34,-19.3550,149.1324,,401677694,-120,58,0,22-Dec-2021,19:47:15,-19.3550,149.1324,704,144,352,58,76,,,98,136,0,,,,,,,,,,,,,,,,,,,,,,,,,,,,,
5171,209945,3,SR,3,370,22-Dec-2021,19:44:34,-19.3550,149.1324,,401677694,-120,58,0,22-Dec-2021,19:47:36,-19.3550,149.1324,704,144,352,58,76,,,207,13,207,,,,,,,,,,,,,,,,,,,,,,,,,,,,,
5171,209945,3,SR,3,370,22-Dec-2021,19:44:34,-19.3550,149.1324,,401677694,-120,58,0,22-Dec-2021,19:48:28,-19.3550,149.1324,704,144,352,58,76,,,94,109,41,,,,,,,,,,,,,,,,,,,,,,,,,,,,,
5171,209945,3,SR,3,370,22-Dec-2021,19:44:34,-19.3550,149.1324,,401677694,-120,58,0,22-Dec-2021,19:48:47,-19.3550,149.1324,704,144,352,58,76,,,107,133,0,,,,,,,,,,,,,,,,,,,,,,,,,,,,,
5171,209945,3,SR,3,370,22-Dec-2021,19:44:34,-19.3550,149.1324,,401677694,-120,58,2,22-Dec-2021,19:49:20,-19.3550,149.1324,704,144,352,58,76,,,30,142,28,,,,,,,,,,,,,,,,,,,,,,,,,,,,,
5171,209945,23,SR,3,370,22-Dec-2021,19:44:34,-19.3550,149.1324,,401677694,-120,58,0,22-Dec-2021,19:50:27,-19.3550,149.1324,704,144,352,58,76,,,89,240,165,245,40,150,198,120,75,79,139,146,150,86,24,241,255,255,252,95,137,171,236,,,,,,,,,
5171,209945,3,SR,3,370,22-Dec-2021,19:44:34,-19.3550,149.1324,,401677694,-120,58,3,22-Dec-2021,19:51:19,-19.3550,149.1324,704,144,352,58,76,,,15,1,16,,,,,,,,,,,,,,,,,,,,,,,,,,,,,
5171,209945,3,SR,3,370,22-Dec-2021,19:44:34,-19.3550,149.1324,,401677694,-120,58,2,22-Dec-2021,19:52:12,-19.3550,149.1324,704,144,352,58,76,,,65,90,5,,,,,,,,,,,,,,,,,,,,,,,,,,,,,
5171,209945,3,SR,3,370,22-Dec-2021,19:44:34,-19.3550,149.1324,,401677694,-120,58,0,22-Dec-2021,19:52:35,-19.3550,149.1324,704,144,352,58,76,,,95,120,41,,,,,,,,,,,,,,,,,,,,,,,,,,,,,
5171,209945,3,SR,3,370,22-Dec-2021,19:44:34,-19.3550,149.1324,,401677694,-120,58,1,22-Dec-2021,19:53:04,-19.3550,149.1324,704,144,352,58,76,,,107,133,0,,,,,,,,,,,,,,,,,,,,,,,,,,,,,
5171,209945,3,SR,3,370,22-Dec-2021,19:44:34,-19.3550,149.1324,,401677694,-120,58,4,22-Dec-2021,19:53:24,-19.3550,149.1324,704,144,352,58,76,,,15,1,16,,,,,,,,,,,,,,,,,,,,,,,,,,,,,
5171,209945,3,SR,3,370,22-Dec-2021,19:44:34,-19.3550,149.1324,,401677694,-120,58,3,22-Dec-2021,19:53:45,-19.3550,149.1324,704,144,352,58,76,,,30,142,28,,,,,,,,,,,,,,,,,,,,,,,,,,,,,
5171,209945,3,SR,3,370,22-Dec-2021,19:44:34,-19.3550,149.1324,,401677694,-120,58,3,22-Dec-2021,19:54:01,-19.3550,149.1324,704,144,352,58,76,,,65,90,5,,,,,,,,,,,,,,,,,,,,,,,,,,,,,
5171,209945,3,SR,3,370,22-Dec-2021,19:44:34,-19.3550,149.1324,,401677694,-120,58,0,22-Dec-2021,19:54:18,-19.3550,149.1324,704,144,352,58,76,,,94,125,41,,,,,,,,,,,,,,,,,,,,,,,,,,,,,
5171,209945,3,SR,3,371,23-Dec-2021,19:13:05,-19.1555,149.0381,,401677694,-129,50,0,23-Dec-2021,19:12:56,-19.1555,149.0381,479,222,346,142,42,,,77,102,5,,,,,,,,,,,,,,,,,,,,,,,,,,,,,
5171,209945,3,SR,3,371,23-Dec-2021,19:13:05,-19.1555,149.0381,,401677694,-129,50,0,23-Dec-2021,19:13:11,-19.1555,149.0381,479,222,346,142,42,,,86,251,41,,,,,,,,,,,,,,,,,,,,,,,,,,,,,
5171,209945,3,SR,3,371,23-Dec-2021,19:13:05,-19.1555,149.0381,,401677694,-129,50,0,23-Dec-2021,19:13:27,-19.1555,149.0381,479,222,346,142,42,,,98,136,0,,,,,,,,,,,,,,,,,,,,,,,,,,,,,
5171,209945,3,SR,3,371,23-Dec-2021,19:13:05,-19.1555,149.0381,,401677694,-129,50,1,23-Dec-2021,19:13:43,-19.1555,149.0381,479,222,346,142,42,,,15,1,16,,,,,,,,,,,,,,,,,,,,,,,,,,,,,
5171,209945,3,SR,3,371,23-Dec-2021,19:13:05,-19.1555,149.0381,,401677694,-129,50,0,23-Dec-2021,19:14:03,-19.1555,149.0381,479,222,346,142,42,,,30,142,28,,,,,,,,,,,,,,,,,,,,,,,,,,,,,
5171,209945,3,SR,3,371,23-Dec-2021,19:13:05,-19.1555,149.0381,,401677694,-129,50,1,23-Dec-2021,19:14:23,-19.1555,149.0381,479,222,346,142,42,,,72,103,5,,,,,,,,,,,,,,,,,,,,,,,,,,,,,
5171,209945,3,SR,3,371,23-Dec-2021,19:13:05,-19.1555,149.0381,,401677694,-129,50,0,23-Dec-2021,19:15:08,-19.1555,149.0381,479,222,346,142,42,,,81,0,42,,,,,,,,,,,,,,,,,,,,,,,,,,,,,
5171,209945,3,SR,3,371,23-Dec-2021,19:13:05,-19.1555,149.0381,,401677694,-129,50,0,23-Dec-2021,19:15:34,-19.1555,149.0381,479,222,346,142,42,,,97,135,0,,,,,,,,,,,,,,,,,,,,,,,,,,,,,
5171,209945,3,SR,3,371,23-Dec-2021,19:13:05,-19.1555,149.0381,,401677694,-129,50,2,23-Dec-2021,19:15:49,-19.1555,149.0381,479,222,346,142,42,,,15,1,16,,,,,,,,,,,,,,,,,,,,,,,,,,,,,
5171,209945,3,SR,3,371,23-Dec-2021,19:13:05,-19.1555,149.0381,,401677694,-129,50,1,23-Dec-2021,19:17:47,-19.1555,149.0381,479,222,346,142,42,,,77,102,5,,,,,,,,,,,,,,,,,,,,,,,,,,,,,
5171,209945,3,SR,3,371,23-Dec-2021,19:13:05,-19.1555,149.0381,,401677694,-129,50,0,23-Dec-2021,19:18:02,-19.1555,149.0381,479,222,346,142,42,,,80,5,42,,,,,,,,,,,,,,,,,,,,,,,,,,,,,
5171,209945,3,SR,3,371,23-Dec-2021,19:13:05,-19.1555,149.0381,,401677694,-129,50,0,23-Dec-2021,19:18:24,-19.1555,149.0381,479,222,346,142,42,,,103,137,0,,,,,,,,,,,,,,,,,,,,,,,,,,,,,
5171,209945,3,SR,3,371,23-Dec-2021,19:13:05,-19.1555,149.0381,,401677694,-129,50,2,23-Dec-2021,19:20:55,-19.1555,149.0381,479,222,346,142,42,,,30,142,28,,,,,,,,,,,,,,,,,,,,,,,,,,,,,
5171,209945,3,NK,1,372,23-Dec-2021,20:18:23,-19.1555,149.0533,,401677682,-127,58,0,23-Dec-2021,20:17:50,-19.1555,149.0533,66,725,1953,268,174,,,85,52,42,,,,,,,,,,,,,,,,,,,,,,,,,,,,,
5171,209945,3,NK,1,372,23-Dec-2021,20:18:23,-19.1555,149.0533,,401677682,-127,58,0,23-Dec-2021,20:18:09,-19.1555,149.0533,66,725,1953,268,174,,,101,131,0,,,,,,,,,,,,,,,,,,,,,,,,,,,,,
5171,209945,3,NK,1,372,23-Dec-2021,20:18:23,-19.1555,149.0533,,401677682,-127,58,0,23-Dec-2021,20:18:24,-19.1555,149.0533,66,725,1953,268,174,,,15,1,16,,,,,,,,,,,,,,,,,,,,,,,,,,,,,
5171,209945,3,NK,1,372,23-Dec-2021,20:18:23,-19.1555,149.0533,,401677682,-127,58,0,23-Dec-2021,20:18:40,-19.1555,149.0533,66,725,1953,268,174,,,30,142,28,,,,,,,,,,,,,,,,,,,,,,,,,,,,,
5171,209945,3,NK,1,372,23-Dec-2021,20:18:23,-19.1555,149.0533,,401677682,-127,58,0,23-Dec-2021,20:18:56,-19.1555,149.0533,66,725,1953,268,174,,,65,106,5,,,,,,,,,,,,,,,,,,,,,,,,,,,,,
5171,209945,3,NK,B,373,23-Dec-2021,22:02:44,-19.1393,149.0326,,401677692,-129,8,0,23-Dec-2021,22:02:23,-19.1393,149.0326,44,4042,9733,1678,74,,,69,94,5,,,,,,,,,,,,,,,,,,,,,,,,,,,,,
5171,209945,3,NK,B,373,23-Dec-2021,22:02:44,-19.1393,149.0326,,401677692,-129,8,0,23-Dec-2021,22:03:07,-19.1393,149.0326,44,4042,9733,1678,74,,,82,63,42,,,,,,,,,,,,,,,,,,,,,,,,,,,,,
5171,209945,3,SR,B,374,24-Dec-2021,06:22:04,-19.1219,148.9680,,401677687,-132,8,0,24-Dec-2021,06:19:38,-19.1219,148.9680,292,1780,24141,131,9,,,79,108,5,,,,,,,,,,,,,,,,,,,,,,,,,,,,,
5171,209945,3,SR,B,374,24-Dec-2021,06:22:04,-19.1219,148.9680,,401677687,-132,8,0,24-Dec-2021,06:24:30,-19.1219,148.9680,292,1780,24141,131,9,,,92,70,42,,,,,,,,,,,,,,,,,,,,,,,,,,,,,
5171,209945,3,SR,2,375,24-Dec-2021,07:55:29,-19.0923,148.9341,,401677692,-122,58,0,24-Dec-2021,07:55:43,-19.0923,148.9341,669,454,2270,90,112,,,79,92,5,,,,,,,,,,,,,,,,,,,,,,,,,,,,,
5171,209945,31,SR,2,375,24-Dec-2021,07:55:29,-19.0923,148.9341,,401677692,-122,58,0,24-Dec-2021,07:59:24,-19.0923,148.9341,669,454,2270,90,112,,,40,114,224,238,238,224,0,14,238,238,224,238,224,0,14,87,114,96,6,128,0,0,76,0,11,66,255,81,0,0,31,
5171,209945,3,SR,2,375,24-Dec-2021,07:55:29,-19.0923,148.9341,,401677692,-122,58,0,24-Dec-2021,08:00:37,-19.0923,148.9341,669,454,2270,90,112,,,103,137,0,,,,,,,,,,,,,,,,,,,,,,,,,,,,,
5171,209945,3,SR,2,375,24-Dec-2021,07:55:29,-19.0923,148.9341,,401677692,-122,58,1,24-Dec-2021,08:06:37,-19.0923,148.9341,669,454,2270,90,112,,,30,142,28,,,,,,,,,,,,,,,,,,,,,,,,,,,,,
5171,209945,3,SR,2,375,24-Dec-2021,07:55:29,-19.0923,148.9341,,401677692,-122,58,0,24-Dec-2021,08:06:52,-19.0923,148.9341,669,454,2270,90,112,,,70,113,5,,,,,,,,,,,,,,,,,,,,,,,,,,,,,
5171,209945,3,NK,3,376,24-Dec-2021,08:43:58,-19.0817,148.9255,,401677694,-125,58,0,24-Dec-2021,08:41:12,-19.0817,148.9255,373,214,339,134,28,,,71,100,5,,,,,,,,,,,,,,,,,,,,,,,,,,,,,
5171,209945,3,NK,3,376,24-Dec-2021,08:43:58,-19.0817,148.9255,,401677694,-125,58,0,24-Dec-2021,08:42:45,-19.0817,148.9255,373,214,339,134,28,,,90,88,42,,,,,,,,,,,,,,,,,,,,,,,,,,,,,
5171,209945,3,NK,3,376,24-Dec-2021,08:43:58,-19.0817,148.9255,,401677694,-125,58,0,24-Dec-2021,08:43:51,-19.0817,148.9255,373,214,339,134,28,,,97,135,0,,,,,,,,,,,,,,,,,,,,,,,,,,,,,
5171,209945,3,NK,3,376,24-Dec-2021,08:43:58,-19.0817,148.9255,,401677694,-125,58,0,24-Dec-2021,08:44:41,-19.0817,148.9255,373,214,339,134,28,,,15,1,16,,,,,,,,,,,,,,,,,,,,,,,,,,,,,
5171,209945,3,NK,3,376,24-Dec-2021,08:43:58,-19.0817,148.9255,,401677694,-125,58,0,24-Dec-2021,08:47:25,-19.0817,148.9255,373,214,339,134,28,,,62,78,12,,,,,,,,,,,,,,,,,,,,,,,,,,,,,
5171,209945,3,NK,3,377,24-Dec-2021,19:54:15,-19.0943,148.7473,,401677693,-130,58,0,24-Dec-2021,19:51:48,-19.0943,148.7473,341,250,516,120,27,,,94,189,42,,,,,,,,,,,,,,,,,,,,,,,,,,,,,
5171,209945,3,NK,3,377,24-Dec-2021,19:54:15,-19.0943,148.7473,,401677693,-130,58,0,24-Dec-2021,19:52:08,-19.0943,148.7473,341,250,516,120,27,,,100,134,0,,,,,,,,,,,,,,,,,,,,,,,,,,,,,
5171,209945,3,NK,3,377,24-Dec-2021,19:54:15,-19.0943,148.7473,,401677693,-130,58,0,24-Dec-2021,19:53:40,-19.0943,148.7473,341,250,516,120,27,,,94,194,42,,,,,,,,,,,,,,,,,,,,,,,,,,,,,
5171,209945,3,NK,3,377,24-Dec-2021,19:54:15,-19.0943,148.7473,,401677693,-130,58,0,24-Dec-2021,19:54:06,-19.0943,148.7473,341,250,516,120,27,,,97,135,0,,,,,,,,,,,,,,,,,,,,,,,,,,,,,
5171,209945,3,NK,3,377,24-Dec-2021,19:54:15,-19.0943,148.7473,,401677693,-130,58,2,24-Dec-2021,19:55:10,-19.0943,148.7473,341,250,516,120,27,,,70,97,5,,,,,,,,,,,,,,,,,,,,,,,,,,,,,
5171,209945,3,NK,3,377,24-Dec-2021,19:54:15,-19.0943,148.7473,,401677693,-130,58,0,24-Dec-2021,19:55:29,-19.0943,148.7473,341,250,516,120,27,,,95,199,42,,,,,,,,,,,,,,,,,,,,,,,,,,,,,
5171,209945,3,NK,3,377,24-Dec-2021,19:54:15,-19.0943,148.7473,,401677693,-130,58,0,24-Dec-2021,19:55:44,-19.0943,148.7473,341,250,516,120,27,,,100,142,15,,,,,,,,,,,,,,,,,,,,,,,,,,,,,
5171,209945,3,NK,3,377,24-Dec-2021,19:54:15,-19.0943,148.7473,,401677693,-130,58,1,24-Dec-2021,19:56:17,-19.0943,148.7473,341,250,516,120,27,,,15,1,16,,,,,,,,,,,,,,,,,,,,,,,,,,,,,
5171,209945,3,NK,3,377,24-Dec-2021,19:54:15,-19.0943,148.7473,,401677693,-130,58,2,24-Dec-2021,19:56:36,-19.0943,148.7473,341,250,516,120,27,,,30,142,28,,,,,,,,,,,,,,,,,,,,,,,,,,,,,
5171,209945,3,NK,3,377,24-Dec-2021,19:54:15,-19.0943,148.7473,,401677693,-130,58,0,24-Dec-2021,19:57:14,-19.0943,148.7473,341,250,516,120,27,,,67,96,5,,,,,,,,,,,,,,,,,,,,,,,,,,,,,
5171,209945,3,NK,3,377,24-Dec-2021,19:54:15,-19.0943,148.7473,,401677693,-130,58,0,24-Dec-2021,19:57:29,-19.0943,148.7473,341,250,516,120,27,,,88,204,42,,,,,,,,,,,,,,,,,,,,,,,,,,,,,
5171,209945,3,SR,3,378,24-Dec-2021,20:26:10,-19.0879,148.7439,,401677692,-119,58,0,24-Dec-2021,20:18:59,-19.0879,148.7439,752,169,840,33,90,,,90,246,42,,,,,,,,,,,,,,,,,,,,,,,,,,,,,
5171,209945,3,SR,3,378,24-Dec-2021,20:26:10,-19.0879,148.7439,,401677692,-119,58,0,24-Dec-2021,20:19:32,-19.0879,148.7439,752,169,840,33,90,,,97,135,0,,,,,,,,,,,,,,,,,,,,,,,,,,,,,
5171,209945,3,SR,3,378,24-Dec-2021,20:26:10,-19.0879,148.7439,,401677692,-119,58,0,24-Dec-2021,20:19:55,-19.0879,148.7439,752,169,840,33,90,,,15,1,16,,,,,,,,,,,,,,,,,,,,,,,,,,,,,
5171,209945,3,SR,3,378,24-Dec-2021,20:26:10,-19.0879,148.7439,,401677692,-119,58,0,24-Dec-2021,20:21:45,-19.0879,148.7439,752,169,840,33,90,,,83,251,42,,,,,,,,,,,,,,,,,,,,,,,,,,,,,
5171,209945,3,SR,3,378,24-Dec-2021,20:26:10,-19.0879,148.7439,,401677692,-119,58,0,24-Dec-2021,20:26:00,-19.0879,148.7439,752,169,840,33,90,,,30,142,28,,,,,,,,,,,,,,,,,,,,,,,,,,,,,
5171,209945,3,SR,3,378,24-Dec-2021,20:26:10,-19.0879,148.7439,,401677692,-119,58,0,24-Dec-2021,20:26:20,-19.0879,148.7439,752,169,840,33,90,,,73,98,5,,,,,,,,,,,,,,,,,,,,,,,,,,,,,
5171,209945,3,SR,3,378,24-Dec-2021,20:26:10,-19.0879,148.7439,,401677692,-119,58,0,24-Dec-2021,20:26:45,-19.0879,148.7439,752,169,840,33,90,,,82,0,43,,,,,,,,,,,,,,,,,,,,,,,,,,,,,
5171,209945,23,SR,3,378,24-Dec-2021,20:26:10,-19.0879,148.7439,,401677692,-119,58,0,24-Dec-2021,20:29:46,-19.0879,148.7439,752,169,840,33,90,,,81,216,38,186,28,169,125,151,178,82,66,144,150,86,7,14,1,249,25,214,16,255,128,,,,,,,,,
5171,209945,3,SR,3,378,24-Dec-2021,20:26:10,-19.0879,148.7439,,401677692,-119,58,1,24-Dec-2021,20:31:09,-19.0879,148.7439,752,169,840,33,90,,,70,97,5,,,,,,,,,,,,,,,,,,,,,,,,,,,,,
5171,209945,3,SR,3,378,24-Dec-2021,20:26:10,-19.0879,148.7439,,401677692,-119,58,0,24-Dec-2021,20:31:31,-19.0879,148.7439,752,169,840,33,90,,,92,6,43,,,,,,,,,,,,,,,,,,,,,,,,,,,,,
5171,209945,3,NP,3,379,24-Dec-2021,20:26:21,-19.0876,148.7407,,401677691,-132,56,0,24-Dec-2021,20:26:00,-19.0876,148.7407,731,186,351,98,112,,,30,142,28,,,,,,,,,,,,,,,,,,,,,,,,,,,,,
5171,209945,3,NP,3,379,24-Dec-2021,20:26:21,-19.0876,148.7407,,401677691,-132,56,0,24-Dec-2021,20:26:20,-19.0876,148.7407,731,186,351,98,112,,,73,98,5,,,,,,,,,,,,,,,,,,,,,,,,,,,,,
5171,209945,3,NP,3,379,24-Dec-2021,20:26:21,-19.0876,148.7407,,401677691,-132,56,0,24-Dec-2021,20:26:45,-19.0876,148.7407,731,186,351,98,112,,,82,0,43,,,,,,,,,,,,,,,,,,,,,,,,,,,,,
5171,209945,3,NP,3,379,24-Dec-2021,20:26:21,-19.0876,148.7407,,401677691,-132,56,0,24-Dec-2021,20:27:31,-19.0876,148.7407,731,186,351,98,112,,,15,1,16,,,,,,,,,,,,,,,,,,,,,,,,,,,,,
5171,209945,3,NP,3,379,24-Dec-2021,20:26:21,-19.0876,148.7407,,401677691,-132,56,0,24-Dec-2021,20:31:31,-19.0876,148.7407,731,186,351,98,112,,,92,6,43,,,,,,,,,,,,,,,,,,,,,,,,,,,,,
5171,209945,3,NP,3,379,24-Dec-2021,20:26:21,-19.0876,148.7407,,401677691,-132,56,1,24-Dec-2021,20:33:03,-19.0876,148.7407,731,186,351,98,112,,,70,97,5,,,,,,,,,,,,,,,,,,,,,,,,,,,,,
5171,209945,3,NP,3,379,24-Dec-2021,20:26:21,-19.0876,148.7407,,401677691,-132,56,0,24-Dec-2021,20:33:28,-19.0876,148.7407,731,186,351,98,112,,,85,11,43,,,,,,,,,,,,,,,,,,,,,,,,,,,,,
5171,209945,3,NP,3,379,24-Dec-2021,20:26:21,-19.0876,148.7407,,401677691,-132,56,0,24-Dec-2021,20:38:11,-19.0876,148.7407,731,186,351,98,112,,,107,176,28,,,,,,,,,,,,,,,,,,,,,,,,,,,,,
5171,209945,3,NK,1,380,24-Dec-2021,21:28:28,-19.0651,148.7277,,401677693,-128,58,0,24-Dec-2021,21:27:20,-19.0651,148.7277,293,1210,20513,71,107,,,110,132,0,,,,,,,,,,,,,,,,,,,,,,,,,,,,,
5171,209945,3,NK,1,380,24-Dec-2021,21:28:28,-19.0651,148.7277,,401677693,-128,58,0,24-Dec-2021,21:28:33,-19.0651,148.7277,293,1210,20513,71,107,,,15,1,16,,,,,,,,,,,,,,,,,,,,,,,,,,,,,
5171,209945,3,NK,1,380,24-Dec-2021,21:28:28,-19.0651,148.7277,,401677693,-128,58,0,24-Dec-2021,21:29:32,-19.0651,148.7277,293,1210,20513,71,107,,,30,142,28,,,,,,,,,,,,,,,,,,,,,,,,,,,,,
5171,209945,3,NK,1,380,24-Dec-2021,21:28:28,-19.0651,148.7277,,401677693,-128,58,0,24-Dec-2021,21:32:13,-19.0651,148.7277,293,1210,20513,71,107,,,70,97,5,,,,,,,,,,,,,,,,,,,,,,,,,,,,,
5171,209945,3,MC,B,381,24-Dec-2021,22:00:41,-19.0594,148.7222,,401677692,-127,8,0,24-Dec-2021,22:00:42,-19.0594,148.7222,,1395,2221,875,105,,,64,95,5,,,,,,,,,,,,,,,,,,,,,,,,,,,,,
5171,209945,3,NN,B,382,24-Dec-2021,22:36:28,-19.0711,148.7117,,401677687,-137,8,0,24-Dec-2021,22:36:12,-19.0711,148.7117,32,2088,3681,1184,110,,,86,52,43,,,,,,,,,,,,,,,,,,,,,,,,,,,,,
5171,209945,23,NN,B,382,24-Dec-2021,22:36:28,-19.0711,148.7117,,401677687,-137,8,0,24-Dec-2021,22:36:44,-19.0711,148.7117,32,2088,3681,1184,110,,,81,80,165,245,40,150,198,120,76,90,162,58,9,71,135,21,101,24,213,71,53,121,255,,,,,,,,,
5171,209945,3,SR,B,383,25-Dec-2021,07:29:29,-19.0286,148.6747,,401677707,-122,8,0,25-Dec-2021,07:28:29,-19.0286,148.6747,121,5233,186765,146,124,,,15,1,16,,,,,,,,,,,,,,,,,,,,,,,,,,,,,
5171,209945,3,SR,B,383,25-Dec-2021,07:29:29,-19.0286,148.6747,,401677707,-122,8,0,25-Dec-2021,07:30:30,-19.0286,148.6747,121,5233,186765,146,124,,,66,117,5,,,,,,,,,,,,,,,,,,,,,,,,,,,,,
5171,209945,3,NK,B,384,25-Dec-2021,08:22:17,-19.0532,148.7049,,401677684,-137,8,0,25-Dec-2021,08:22:17,-19.0532,148.7049,,2940,5576,1550,117,,,30,142,28,,,,,,,,,,,,,,,,,,,,,,,,,,,,,
5171,209945,23,NK,B,385,25-Dec-2021,19:30:06,-19.2241,148.8130,,401677708,-135,8,0,25-Dec-2021,19:29:47,-19.2241,148.8130,40,4601,8986,2355,52,,,72,48,165,245,40,150,198,120,76,206,67,147,150,86,157,12,1,89,27,214,16,255,128,,,,,,,,,
5171,209945,3,NK,B,385,25-Dec-2021,19:30:06,-19.2241,148.8130,,401677708,-135,8,0,25-Dec-2021,19:30:27,-19.2241,148.8130,40,4601,8986,2355,52,,,70,97,5,,,,,,,,,,,,,,,,,,,,,,,,,,,,,
5171,209945,3,SR,0,386,25-Dec-2021,19:57:32,-19.2772,148.7987,,401677691,-125,58,0,25-Dec-2021,19:56:17,-19.2772,148.7987,125,9145,186062,449,63,,,80,85,43,,,,,,,,,,,,,,,,,,,,,,,,,,,,,
5171,209945,3,SR,0,386,25-Dec-2021,19:57:32,-19.2772,148.7987,,401677691,-125,58,0,25-Dec-2021,19:57:30,-19.2772,148.7987,125,9145,186062,449,63,,,103,137,0,,,,,,,,,,,,,,,,,,,,,,,,,,,,,
5171,209945,3,SR,0,386,25-Dec-2021,19:57:32,-19.2772,148.7987,,401677691,-125,58,0,25-Dec-2021,19:58:02,-19.2772,148.7987,125,9145,186062,449,63,,,15,1,16,,,,,,,,,,,,,,,,,,,,,,,,,,,,,
5171,209945,3,SR,0,386,25-Dec-2021,19:57:32,-19.2772,148.7987,,401677691,-125,58,0,25-Dec-2021,19:58:22,-19.2772,148.7987,125,9145,186062,449,63,,,30,142,28,,,,,,,,,,,,,,,,,,,,,,,,,,,,,
5171,209945,3,NP,B,387,25-Dec-2021,20:16:19,-19.2795,148.8002,,401677696,-130,6,0,25-Dec-2021,20:16:20,-19.2795,148.8002,,6786,31464,1463,63,,,30,142,28,,,,,,,,,,,,,,,,,,,,,,,,,,,,,
5171,209945,3,NK,2,388,25-Dec-2021,21:03:54,-19.3010,148.8174,,401677692,-124,58,0,25-Dec-2021,21:01:32,-19.3010,148.8174,781,343,502,233,151,,,103,137,0,,,,,,,,,,,,,,,,,,,,,,,,,,,,,
5171,209945,3,NK,2,388,25-Dec-2021,21:03:54,-19.3010,148.8174,,401677692,-124,58,0,25-Dec-2021,21:02:16,-19.3010,148.8174,781,343,502,233,151,,,15,1,16,,,,,,,,,,,,,,,,,,,,,,,,,,,,,
5171,209945,23,NK,2,388,25-Dec-2021,21:03:54,-19.3010,148.8174,,401677692,-124,58,0,25-Dec-2021,21:03:18,-19.3010,148.8174,781,343,502,233,151,,,67,48,165,245,40,150,198,120,76,212,155,85,86,86,207,16,1,129,27,214,16,255,128,,,,,,,,,
5171,209945,3,NK,2,388,25-Dec-2021,21:03:54,-19.3010,148.8174,,401677692,-124,58,0,25-Dec-2021,21:03:54,-19.3010,148.8174,781,343,502,233,151,,,30,142,28,,,,,,,,,,,,,,,,,,,,,,,,,,,,,
5171,209945,3,NK,2,388,25-Dec-2021,21:03:54,-19.3010,148.8174,,401677692,-124,58,0,25-Dec-2021,21:11:09,-19.3010,148.8174,781,343,502,233,151,,,83,106,43,,,,,,,,,,,,,,,,,,,,,,,,,,,,,
5171,209945,3,NK,2,388,25-Dec-2021,21:03:54,-19.3010,148.8174,,401677692,-124,58,0,25-Dec-2021,21:11:42,-19.3010,148.8174,781,343,502,233,151,,,98,136,0,,,,,,,,,,,,,,,,,,,,,,,,,,,,,
5171,209945,3,NK,2,388,25-Dec-2021,21:03:54,-19.3010,148.8174,,401677692,-124,58,1,25-Dec-2021,21:13:33,-19.3010,148.8174,781,343,502,233,151,,,30,142,28,,,,,,,,,,,,,,,,,,,,,,,,,,,,,
5171,209945,3,NK,2,388,25-Dec-2021,21:03:54,-19.3010,148.8174,,401677692,-124,58,0,25-Dec-2021,21:13:49,-19.3010,148.8174,781,343,502,233,151,,,76,99,5,,,,,,,,,,,,,,,,,,,,,,,,,,,,,
5171,209945,3,NK,2,388,25-Dec-2021,21:03:54,-19.3010,148.8174,,401677692,-124,58,0,25-Dec-2021,21:14:13,-19.3010,148.8174,781,343,502,233,151,,,82,111,43,,,,,,,,,,,,,,,,,,,,,,,,,,,,,
5171,209945,3,NK,2,388,25-Dec-2021,21:03:54,-19.3010,148.8174,,401677692,-124,58,0,25-Dec-2021,21:14:33,-19.3010,148.8174,781,343,502,233,151,,,97,135,0,,,,,,,,,,,,,,,,,,,,,,,,,,,,,
5171,209945,3,MC,A,389,25-Dec-2021,21:42:40,-19.3125,148.8249,,401677692,-130,8,0,25-Dec-2021,21:41:44,-19.3125,148.8249,92,717,1260,408,64,,,92,121,43,,,,,,,,,,,,,,,,,,,,,,,,,,,,,
5171,209945,3,MC,A,389,25-Dec-2021,21:42:40,-19.3125,148.8249,,401677692,-130,8,0,25-Dec-2021,21:42:06,-19.3125,148.8249,92,717,1260,408,64,,,97,135,0,,,,,,,,,,,,,,,,,,,,,,,,,,,,,
5171,209945,3,MC,A,389,25-Dec-2021,21:42:40,-19.3125,148.8249,,401677692,-130,8,0,25-Dec-2021,21:43:16,-19.3125,148.8249,92,717,1260,408,64,,,15,1,16,,,,,,,,,,,,,,,,,,,,,,,,,,,,,
5171,209945,3,NP,B,390,25-Dec-2021,22:01:13,-19.3175,148.8276,,401677695,-131,6,0,25-Dec-2021,22:01:14,-19.3175,148.8276,,914,1327,629,66,,,87,126,43,,,,,,,,,,,,,,,,,,,,,,,,,,,,,
5171,209945,3,SR,3,391,26-Dec-2021,19:21:27,-19.7498,149.1016,,401677697,-125,50,0,26-Dec-2021,19:17:32,-19.7498,149.1016,380,171,487,60,66,,,73,98,5,,,,,,,,,,,,,,,,,,,,,,,,,,,,,
5171,209945,3,SR,3,391,26-Dec-2021,19:21:27,-19.7498,149.1016,,401677697,-125,50,0,26-Dec-2021,19:18:08,-19.7498,149.1016,380,171,487,60,66,,,82,174,43,,,,,,,,,,,,,,,,,,,,,,,,,,,,,
5171,209945,3,SR,3,391,26-Dec-2021,19:21:27,-19.7498,149.1016,,401677697,-125,50,0,26-Dec-2021,19:21:28,-19.7498,149.1016,380,171,487,60,66,,,30,142,28,,,,,,,,,,,,,,,,,,,,,,,,,,,,,
5171,209945,3,SR,3,391,26-Dec-2021,19:21:27,-19.7498,149.1016,,401677697,-125,50,1,26-Dec-2021,19:22:19,-19.7498,149.1016,380,171,487,60,66,,,73,98,5,,,,,,,,,,,,,,,,,,,,,,,,,,,,,
5171,209945,3,SR,3,391,26-Dec-2021,19:21:27,-19.7498,149.1016,,401677697,-125,50,0,26-Dec-2021,19:22:38,-19.7498,149.1016,380,171,487,60,66,,,80,180,43,,,,,,,,,,,,,,,,,,,,,,,,,,,,,
5171,209945,3,SR,3,391,26-Dec-2021,19:21:27,-19.7498,149.1016,,401677697,-125,50,0,26-Dec-2021,19:23:52,-19.7498,149.1016,380,171,487,60,66,,,70,97,5,,,,,,,,,,,,,,,,,,,,,,,,,,,,,
5171,209945,3,NP,3,392,26-Dec-2021,20:10:57,-19.7627,149.0914,,401677692,-127,58,0,26-Dec-2021,20:04:44,-19.7627,149.0914,559,156,211,115,58,,,70,97,5,,,,,,,,,,,,,,,,,,,,,,,,,,,,,
5171,209945,3,NP,3,392,26-Dec-2021,20:10:57,-19.7627,149.0914,,401677692,-127,58,0,26-Dec-2021,20:05:05,-19.7627,149.0914,559,156,211,115,58,,,93,242,43,,,,,,,,,,,,,,,,,,,,,,,,,,,,,
5171,209945,3,NP,3,392,26-Dec-2021,20:10:57,-19.7627,149.0914,,401677692,-127,58,0,26-Dec-2021,20:06:26,-19.7627,149.0914,559,156,211,115,58,,,92,247,43,,,,,,,,,,,,,,,,,,,,,,,,,,,,,
5171,209945,3,NP,3,392,26-Dec-2021,20:10:57,-19.7627,149.0914,,401677692,-127,58,1,26-Dec-2021,20:06:42,-19.7627,149.0914,559,156,211,115,58,,,98,136,0,,,,,,,,,,,,,,,,,,,,,,,,,,,,,
5171,209945,3,NP,3,392,26-Dec-2021,20:10:57,-19.7627,149.0914,,401677692,-127,58,0,26-Dec-2021,20:08:06,-19.7627,149.0914,559,156,211,115,58,,,91,252,43,,,,,,,,,,,,,,,,,,,,,,,,,,,,,
5171,209945,23,NP,3,392,26-Dec-2021,20:10:57,-19.7627,149.0914,,401677692,-127,58,0,26-Dec-2021,20:08:22,-19.7627,149.0914,559,156,211,115,58,,,82,240,165,245,40,150,198,120,77,80,236,209,216,87,251,16,1,229,27,214,64,255,128,,,,,,,,,
5171,209945,3,NP,3,392,26-Dec-2021,20:10:57,-19.7627,149.0914,,401677692,-127,58,0,26-Dec-2021,20:09:32,-19.7627,149.0914,559,156,211,115,58,,,76,99,5,,,,,,,,,,,,,,,,,,,,,,,,,,,,,
5171,209945,3,NP,3,392,26-Dec-2021,20:10:57,-19.7627,149.0914,,401677692,-127,58,0,26-Dec-2021,20:09:49,-19.7627,149.0914,559,156,211,115,58,,,81,2,44,,,,,,,,,,,,,,,,,,,,,,,,,,,,,
5171,209945,3,NP,3,392,26-Dec-2021,20:10:57,-19.7627,149.0914,,401677692,-127,58,0,26-Dec-2021,20:10:17,-19.7627,149.0914,559,156,211,115,58,,,96,130,0,,,,,,,,,,,,,,,,,,,,,,,,,,,,,
5171,209945,3,NP,3,392,26-Dec-2021,20:10:57,-19.7627,149.0914,,401677692,-127,58,0,26-Dec-2021,20:11:04,-19.7627,149.0914,559,156,211,115,58,,,76,66,198,,,,,,,,,,,,,,,,,,,,,,,,,,,,,
5171,209945,3,NP,3,392,26-Dec-2021,20:10:57,-19.7627,149.0914,,401677692,-127,58,0,26-Dec-2021,20:11:19,-19.7627,149.0914,559,156,211,115,58,,,80,7,44,,,,,,,,,,,,,,,,,,,,,,,,,,,,,
5171,209945,3,NP,3,392,26-Dec-2021,20:10:57,-19.7627,149.0914,,401677692,-127,58,1,26-Dec-2021,20:11:40,-19.7627,149.0914,559,156,211,115,58,,,97,135,0,,,,,,,,,,,,,,,,,,,,,,,,,,,,,
5171,209945,3,NP,3,392,26-Dec-2021,20:10:57,-19.7627,149.0914,,401677692,-127,58,0,26-Dec-2021,20:13:02,-19.7627,149.0914,559,156,211,115,58,,,87,12,44,,,,,,,,,,,,,,,,,,,,,,,,,,,,,
5171,209945,3,NP,3,392,26-Dec-2021,20:10:57,-19.7627,149.0914,,401677692,-127,58,0,26-Dec-2021,20:13:17,-19.7627,149.0914,559,156,211,115,58,,,107,133,0,,,,,,,,,,,,,,,,,,,,,,,,,,,,,
5171,209945,3,NP,3,392,26-Dec-2021,20:10:57,-19.7627,149.0914,,401677692,-127,58,2,26-Dec-2021,20:13:33,-19.7627,149.0914,559,156,211,115,58,,,15,1,16,,,,,,,,,,,,,,,,,,,,,,,,,,,,,
5171,209945,3,NP,3,392,26-Dec-2021,20:10:57,-19.7627,149.0914,,401677692,-127,58,2,26-Dec-2021,20:13:48,-19.7627,149.0914,559,156,211,115,58,,,30,142,28,,,,,,,,,,,,,,,,,,,,,,,,,,,,,
5171,209945,3,NP,3,392,26-Dec-2021,20:10:57,-19.7627,149.0914,,401677692,-127,58,1,26-Dec-2021,20:14:03,-19.7627,149.0914,559,156,211,115,58,,,71,100,5,,,,,,,,,,,,,,,,,,,,,,,,,,,,,
5171,209945,3,SR,3,393,26-Dec-2021,21:02:42,-19.7793,149.0774,,401677693,-125,58,0,26-Dec-2021,20:58:55,-19.7793,149.0774,447,183,265,126,48,,,94,49,44,,,,,,,,,,,,,,,,,,,,,,,,,,,,,
5171,209945,3,SR,3,393,26-Dec-2021,21:02:42,-19.7793,149.0774,,401677693,-125,58,0,26-Dec-2021,21:02:39,-19.7793,149.0774,447,183,265,126,48,,,85,54,44,,,,,,,,,,,,,,,,,,,,,,,,,,,,,
5171,209945,3,SR,3,393,26-Dec-2021,21:02:42,-19.7793,149.0774,,401677693,-125,58,0,26-Dec-2021,21:03:00,-19.7793,149.0774,447,183,265,126,48,,,110,132,0,,,,,,,,,,,,,,,,,,,,,,,,,,,,,
5171,209945,3,SR,3,393,26-Dec-2021,21:02:42,-19.7793,149.0774,,401677693,-125,58,0,26-Dec-2021,21:03:16,-19.7793,149.0774,447,183,265,126,48,,,15,1,16,,,,,,,,,,,,,,,,,,,,,,,,,,,,,
5171,209945,3,SR,3,393,26-Dec-2021,21:02:42,-19.7793,149.0774,,401677693,-125,58,1,26-Dec-2021,21:03:48,-19.7793,149.0774,447,183,265,126,48,,,70,97,5,,,,,,,,,,,,,,,,,,,,,,,,,,,,,
5171,209945,3,SR,3,393,26-Dec-2021,21:02:42,-19.7793,149.0774,,401677693,-125,58,0,26-Dec-2021,21:04:22,-19.7793,149.0774,447,183,265,126,48,,,97,135,0,,,,,,,,,,,,,,,,,,,,,,,,,,,,,
5171,209945,3,SR,3,393,26-Dec-2021,21:02:42,-19.7793,149.0774,,401677693,-125,58,0,26-Dec-2021,21:05:10,-19.7793,149.0774,447,183,265,126,48,,,73,98,5,,,,,,,,,,,,,,,,,,,,,,,,,,,,,
5171,209945,3,SR,3,393,26-Dec-2021,21:02:42,-19.7793,149.0774,,401677693,-125,58,0,26-Dec-2021,21:05:26,-19.7793,149.0774,447,183,265,126,48,,,88,64,44,,,,,,,,,,,,,,,,,,,,,,,,,,,,,
5171,209945,3,SR,3,393,26-Dec-2021,21:02:42,-19.7793,149.0774,,401677693,-125,58,0,26-Dec-2021,21:05:46,-19.7793,149.0774,447,183,265,126,48,,,101,131,0,,,,,,,,,,,,,,,,,,,,,,,,,,,,,
5171,209945,3,SR,3,393,26-Dec-2021,21:02:42,-19.7793,149.0774,,401677693,-125,58,3,26-Dec-2021,21:06:22,-19.7793,149.0774,447,183,265,126,48,,,30,142,28,,,,,,,,,,,,,,,,,,,,,,,,,,,,,
5171,209945,3,MC,B,394,26-Dec-2021,22:53:51,-19.8107,149.0726,,401677693,-129,8,0,26-Dec-2021,22:53:52,-19.8107,149.0726,,2845,3022,2678,86,,,104,138,0,,,,,,,,,,,,,,,,,,,,,,,,,,,,,
5171,209945,3,NN,B,395,27-Dec-2021,01:38:16,-19.8571,149.0657,,401677697,-137,8,0,27-Dec-2021,01:38:17,-19.8571,149.0657,,4385,4593,4186,66,,,97,132,131,,,,,,,,,,,,,,,,,,,,,,,,,,,,,
5171,209945,3,NN,B,396,27-Dec-2021,10:48:44,-20.0020,149.0437,,401677703,-135,8,0,27-Dec-2021,10:48:45,-20.0020,149.0437,,5911,10682,3271,90,,,15,1,16,,,,,,,,,,,,,,,,,,,,,,,,,,,,,
5171,209945,3,NK,B,397,27-Dec-2021,20:13:56,-20.1122,149.0285,,401677680,-128,8,0,27-Dec-2021,20:13:57,-20.1122,149.0285,,4266,8836,2059,77,,,73,98,5,,,,,,,,,,,,,,,,,,,,,,,,,,,,,
5171,209945,31,NP,B,398,28-Dec-2021,08:31:18,-20.2669,149.0068,,401677693,-131,,0,28-Dec-2021,08:31:18,-20.2669,149.0068,,5357,17497,1640,66,,,40,119,96,160,238,238,69,214,13,88,55,176,112,57,212,161,64,45,157,112,19,177,95,25,247,192,255,16,0,0,222,
5171,209945,3,NP,B,399,28-Dec-2021,19:48:11,-20.4247,148.9862,,401677681,-138,8,0,28-Dec-2021,19:48:11,-20.4247,148.9862,,4788,9361,2449,101,,,15,1,16,,,,,,,,,,,,,,,,,,,,,,,,,,,,,
5171,209945,23,NP,1,400,28-Dec-2021,21:20:49,-20.2458,148.8865,,401677693,-122,58,0,28-Dec-2021,21:18:11,-20.2458,148.8865,349,1245,17528,88,110,,,94,16,173,247,69,92,13,250,206,76,247,206,218,25,182,124,65,237,124,60,76,242,80,,,,,,,,,
5171,209945,3,NP,1,400,28-Dec-2021,21:20:49,-20.2458,148.8865,,401677693,-122,58,0,28-Dec-2021,21:20:10,-20.2458,148.8865,349,1245,17528,88,110,,,15,17,95,,,,,,,,,,,,,,,,,,,,,,,,,,,,,
5171,209945,3,NP,1,400,28-Dec-2021,21:20:49,-20.2458,148.8865,,401677693,-122,58,0,28-Dec-2021,21:20:58,-20.2458,148.8865,349,1245,17528,88,110,,,82,179,44,,,,,,,,,,,,,,,,,,,,,,,,,,,,,
5171,209945,3,NP,1,400,28-Dec-2021,21:20:49,-20.2458,148.8865,,401677693,-122,58,0,28-Dec-2021,21:22:45,-20.2458,148.8865,349,1245,17528,88,110,,,85,184,44,,,,,,,,,,,,,,,,,,,,,,,,,,,,,
5171,209945,3,NP,1,400,28-Dec-2021,21:20:49,-20.2458,148.8865,,401677693,-122,58,0,28-Dec-2021,21:23:19,-20.2458,148.8865,349,1245,17528,88,110,,,101,131,0,,,,,,,,,,,,,,,,,,,,,,,,,,,,,
5171,209945,3,NP,1,400,28-Dec-2021,21:20:49,-20.2458,148.8865,,401677693,-122,58,1,28-Dec-2021,21:23:39,-20.2458,148.8865,349,1245,17528,88,110,,,15,1,16,,,,,,,,,,,,,,,,,,,,,,,,,,,,,
5171,209945,3,NP,1,400,28-Dec-2021,21:20:49,-20.2458,148.8865,,401677693,-122,58,2,28-Dec-2021,21:24:00,-20.2458,148.8865,349,1245,17528,88,110,,,30,142,28,,,,,,,,,,,,,,,,,,,,,,,,,,,,,
5171,209945,31,NK,1,401,28-Dec-2021,21:36:43,-20.2430,148.8862,,401677692,-125,56,0,28-Dec-2021,21:34:49,-20.2430,148.8862,243,928,4768,180,83,,,40,115,96,224,238,238,14,238,14,238,238,238,238,238,238,132,115,96,0,0,0,0,0,0,0,0,255,16,0,0,222,
5171,209945,3,NK,1,401,28-Dec-2021,21:36:43,-20.2430,148.8862,,401677692,-125,56,0,28-Dec-2021,21:35:24,-20.2430,148.8862,243,928,4768,180,83,,,97,135,0,,,,,,,,,,,,,,,,,,,,,,,,,,,,,
5171,209945,3,NK,1,401,28-Dec-2021,21:36:43,-20.2430,148.8862,,401677692,-125,56,0,28-Dec-2021,21:36:29,-20.2430,148.8862,243,928,4768,180,83,,,81,195,44,,,,,,,,,,,,,,,,,,,,,,,,,,,,,
5171,209945,3,NK,1,401,28-Dec-2021,21:36:43,-20.2430,148.8862,,401677692,-125,56,0,28-Dec-2021,21:36:46,-20.2430,148.8862,243,928,4768,180,83,,,98,136,0,,,,,,,,,,,,,,,,,,,,,,,,,,,,,
5171,209945,23,NK,1,401,28-Dec-2021,21:36:43,-20.2430,148.8862,,401677692,-125,56,0,28-Dec-2021,21:37:20,-20.2430,148.8862,243,928,4768,180,83,,,72,176,165,245,40,150,198,120,78,86,189,212,214,89,139,18,3,190,27,213,192,255,128,,,,,,,,,
5171,209945,3,NK,1,401,28-Dec-2021,21:36:43,-20.2430,148.8862,,401677692,-125,56,1,28-Dec-2021,21:37:35,-20.2430,148.8862,243,928,4768,180,83,,,15,1,16,,,,,,,,,,,,,,,,,,,,,,,,,,,,,
5171,209945,3,NK,1,401,28-Dec-2021,21:36:43,-20.2430,148.8862,,401677692,-125,56,1,28-Dec-2021,21:38:08,-20.2430,148.8862,243,928,4768,180,83,,,74,93,5,,,,,,,,,,,,,,,,,,,,,,,,,,,,,
5171,209945,3,NK,1,401,28-Dec-2021,21:36:43,-20.2430,148.8862,,401677692,-125,56,0,28-Dec-2021,21:38:52,-20.2430,148.8862,243,928,4768,180,83,,,83,201,44,,,,,,,,,,,,,,,,,,,,,,,,,,,,,
5171,209945,3,SR,1,402,28-Dec-2021,21:36:36,-20.2395,148.8809,,401677689,-131,56,0,28-Dec-2021,21:35:24,-20.2395,148.8809,164,1021,4123,252,102,,,97,135,0,,,,,,,,,,,,,,,,,,,,,,,,,,,,,
5171,209945,3,SR,1,402,28-Dec-2021,21:36:36,-20.2395,148.8809,,401677689,-131,56,0,28-Dec-2021,21:35:55,-20.2395,148.8809,164,1021,4123,252,102,,,30,142,28,,,,,,,,,,,,,,,,,,,,,,,,,,,,,
5171,209945,3,SR,1,402,28-Dec-2021,21:36:36,-20.2395,148.8809,,401677689,-131,56,0,28-Dec-2021,21:36:29,-20.2395,148.8809,164,1021,4123,252,102,,,81,195,44,,,,,,,,,,,,,,,,,,,,,,,,,,,,,
5171,209945,3,SR,1,402,28-Dec-2021,21:36:36,-20.2395,148.8809,,401677689,-131,56,0,28-Dec-2021,21:36:46,-20.2395,148.8809,164,1021,4123,252,102,,,98,136,0,,,,,,,,,,,,,,,,,,,,,,,,,,,,,
5171,209945,23,SR,1,402,28-Dec-2021,21:36:36,-20.2395,148.8809,,401677689,-131,56,0,28-Dec-2021,21:37:20,-20.2395,148.8809,164,1021,4123,252,102,,,72,176,165,245,40,150,198,120,78,86,189,212,214,89,139,18,3,190,27,213,192,255,128,,,,,,,,,
5171,209945,3,SR,1,402,28-Dec-2021,21:36:36,-20.2395,148.8809,,401677689,-131,56,1,28-Dec-2021,21:37:35,-20.2395,148.8809,164,1021,4123,252,102,,,15,1,16,,,,,,,,,,,,,,,,,,,,,,,,,,,,,
5171,209945,3,SR,1,402,28-Dec-2021,21:36:36,-20.2395,148.8809,,401677689,-131,56,1,28-Dec-2021,21:38:08,-20.2395,148.8809,164,1021,4123,252,102,,,74,93,5,,,,,,,,,,,,,,,,,,,,,,,,,,,,,
5171,209945,31,MC,1,403,28-Dec-2021,22:22:15,-20.2114,148.8670,,401677687,-124,58,0,28-Dec-2021,22:20:33,-20.2114,148.8670,244,567,3638,88,107,,,40,115,96,224,238,238,14,238,14,238,238,238,238,238,238,132,115,96,0,0,0,0,0,0,0,0,255,16,0,0,222,
5171,209945,3,MC,1,403,28-Dec-2021,22:22:15,-20.2114,148.8670,,401677687,-124,58,0,28-Dec-2021,22:20:53,-20.2114,148.8670,244,567,3638,88,107,,,70,97,5,,,,,,,,,,,,,,,,,,,,,,,,,,,,,
5171,209945,3,MC,1,403,28-Dec-2021,22:22:15,-20.2114,148.8670,,401677687,-124,58,0,28-Dec-2021,22:21:09,-20.2114,148.8670,244,567,3638,88,107,,,83,217,44,,,,,,,,,,,,,,,,,,,,,,,,,,,,,
5171,209945,3,MC,1,403,28-Dec-2021,22:22:15,-20.2114,148.8670,,401677687,-124,58,0,28-Dec-2021,22:21:26,-20.2114,148.8670,244,567,3638,88,107,,,100,134,0,,,,,,,,,,,,,,,,,,,,,,,,,,,,,
5171,209945,3,MC,1,403,28-Dec-2021,22:22:15,-20.2114,148.8670,,401677687,-124,58,0,28-Dec-2021,22:22:14,-20.2114,148.8670,244,567,3638,88,107,,,74,93,5,,,,,,,,,,,,,,,,,,,,,,,,,,,,,
5171,209945,23,MC,1,403,28-Dec-2021,22:22:15,-20.2114,148.8670,,401677687,-124,58,0,28-Dec-2021,22:22:35,-20.2114,148.8670,244,567,3638,88,107,,,83,48,165,245,40,150,198,120,78,89,210,145,150,89,189,16,1,175,27,213,176,255,128,,,,,,,,,
5171,209945,3,MC,1,403,28-Dec-2021,22:22:15,-20.2114,148.8670,,401677687,-124,58,0,28-Dec-2021,22:22:51,-20.2114,148.8670,244,567,3638,88,107,,,93,223,44,,,,,,,,,,,,,,,,,,,,,,,,,,,,,
5171,209945,3,MC,1,403,28-Dec-2021,22:22:15,-20.2114,148.8670,,401677687,-124,58,0,28-Dec-2021,22:23:28,-20.2114,148.8670,244,567,3638,88,107,,,103,137,0,,,,,,,,,,,,,,,,,,,,,,,,,,,,,
5171,209945,3,MC,1,403,28-Dec-2021,22:22:15,-20.2114,148.8670,,401677687,-124,58,1,28-Dec-2021,22:23:48,-20.2114,148.8670,244,567,3638,88,107,,,15,1,16,,,,,,,,,,,,,,,,,,,,,,,,,,,,,
5171,209945,3,MC,1,403,28-Dec-2021,22:22:15,-20.2114,148.8670,,401677687,-124,58,2,28-Dec-2021,22:24:04,-20.2114,148.8670,244,567,3638,88,107,,,30,142,28,,,,,,,,,,,,,,,,,,,,,,,,,,,,,
5171,209945,3,MC,1,403,28-Dec-2021,22:22:15,-20.2114,148.8670,,401677687,-124,58,0,28-Dec-2021,22:24:37,-20.2114,148.8670,244,567,3638,88,107,,,90,228,44,,,,,,,,,,,,,,,,,,,,,,,,,,,,,
5171,209945,3,NN,B,404,28-Dec-2021,23:37:33,-20.1859,148.8428,,401677684,-130,8,0,28-Dec-2021,23:37:34,-20.1859,148.8428,,1640,1904,1412,102,,,15,1,16,,,,,,,,,,,,,,,,,,,,,,,,,,,,,
5171,209945,3,NN,1,405,29-Dec-2021,01:08:37,-20.0727,148.8327,,401677692,-132,58,0,29-Dec-2021,01:08:29,-20.0727,148.8327,610,1096,4408,272,3,,,94,93,109,,,,,,,,,,,,,,,,,,,,,,,,,,,,,
5171,209945,3,NN,1,405,29-Dec-2021,01:08:37,-20.0727,148.8327,,401677692,-132,58,0,29-Dec-2021,01:08:45,-20.0727,148.8327,610,1096,4408,272,3,,,94,62,45,,,,,,,,,,,,,,,,,,,,,,,,,,,,,
5171,209945,3,NN,1,405,29-Dec-2021,01:08:37,-20.0727,148.8327,,401677692,-132,58,0,29-Dec-2021,01:09:07,-20.0727,148.8327,610,1096,4408,272,3,,,98,136,0,,,,,,,,,,,,,,,,,,,,,,,,,,,,,
5171,209945,3,NN,1,405,29-Dec-2021,01:08:37,-20.0727,148.8327,,401677692,-132,58,0,29-Dec-2021,01:09:24,-20.0727,148.8327,610,1096,4408,272,3,,,15,0,82,,,,,,,,,,,,,,,,,,,,,,,,,,,,,
5171,209945,3,NN,1,405,29-Dec-2021,01:08:37,-20.0727,148.8327,,401677692,-132,58,0,29-Dec-2021,01:10:25,-20.0727,148.8327,610,1096,4408,272,3,,,30,142,28,,,,,,,,,,,,,,,,,,,,,,,,,,,,,
5171,209945,23,NN,1,405,29-Dec-2021,01:08:37,-20.0727,148.8327,,401677692,-132,58,0,29-Dec-2021,01:17:58,-20.0727,148.8327,610,1096,4408,272,3,,,81,80,165,245,40,150,198,120,78,133,140,22,245,54,13,180,162,245,218,98,139,168,241,,,,,,,,,
5171,209945,3,NN,1,405,29-Dec-2021,01:08:37,-20.0727,148.8327,,401677692,-132,58,0,29-Dec-2021,01:18:39,-20.0727,148.8327,610,1096,4408,272,3,,,64,95,5,,,,,,,,,,,,,,,,,,,,,,,,,,,,,
5171,209945,3,SR,A,406,29-Dec-2021,07:04:08,-19.9021,148.8460,,401677695,-134,8,0,29-Dec-2021,07:01:14,-19.9021,148.8460,510,4180,63902,273,7,,,98,136,0,,,,,,,,,,,,,,,,,,,,,,,,,,,,,
5171,209945,3,SR,A,406,29-Dec-2021,07:04:08,-19.9021,148.8460,,401677695,-134,8,0,29-Dec-2021,07:01:29,-19.9021,148.8460,510,4180,63902,273,7,,,15,1,16,,,,,,,,,,,,,,,,,,,,,,,,,,,,,
5171,209945,3,SR,A,406,29-Dec-2021,07:04:08,-19.9021,148.8460,,401677695,-134,8,0,29-Dec-2021,07:09:44,-19.9021,148.8460,510,4180,63902,273,7,,,30,142,57,,,,,,,,,,,,,,,,,,,,,,,,,,,,,
5171,209945,3,SR,A,407,30-Dec-2021,06:32:15,-19.2172,148.8304,,401677732,-130,,0,30-Dec-2021,06:31:02,-19.2172,148.8304,123,5626,60647,521,119,,,98,136,0,,,,,,,,,,,,,,,,,,,,,,,,,,,,,
5171,209945,3,SR,A,407,30-Dec-2021,06:32:15,-19.2172,148.8304,,401677732,-130,,0,30-Dec-2021,06:32:40,-19.2172,148.8304,123,5626,60647,521,119,,,30,142,28,,,,,,,,,,,,,,,,,,,,,,,,,,,,,
5171,209945,3,SR,A,407,30-Dec-2021,06:32:15,-19.2172,148.8304,,401677732,-130,,0,30-Dec-2021,06:33:05,-19.2172,148.8304,123,5626,60647,521,119,,,77,86,5,,,,,,,,,,,,,,,,,,,,,,,,,,,,,
5171,209945,3,SR,0,408,30-Dec-2021,08:16:13,-19.2811,148.9543,,401677691,-124,58,0,30-Dec-2021,08:15:55,-19.2811,148.9543,210,1609,17485,148,81,,,70,81,5,,,,,,,,,,,,,,,,,,,,,,,,,,,,,
5171,209945,3,SR,0,408,30-Dec-2021,08:16:13,-19.2811,148.9543,,401677691,-124,58,0,30-Dec-2021,08:16:31,-19.2811,148.9543,210,1609,17485,148,81,,,92,187,46,,,,,,,,,,,,,,,,,,,,,,,,,,,,,
5171,209945,3,SR,0,408,30-Dec-2021,08:16:13,-19.2811,148.9543,,401677691,-124,58,0,30-Dec-2021,08:17:23,-19.2811,148.9543,210,1609,17485,148,81,,,15,1,16,,,,,,,,,,,,,,,,,,,,,,,,,,,,,
5171,209945,3,SR,0,408,30-Dec-2021,08:16:13,-19.2811,148.9543,,401677691,-124,58,0,30-Dec-2021,08:19:00,-19.2811,148.9543,210,1609,17485,148,81,,,75,88,5,,,,,,,,,,,,,,,,,,,,,,,,,,,,,
5171,209945,3,SR,0,408,30-Dec-2021,08:16:13,-19.2811,148.9543,,401677691,-124,58,0,30-Dec-2021,08:19:25,-19.2811,148.9543,210,1609,17485,148,81,,,88,192,46,,,,,,,,,,,,,,,,,,,,,,,,,,,,,
5171,209945,3,MC,B,409,30-Dec-2021,10:31:28,-19.2530,148.9877,,401677699,-135,8,0,30-Dec-2021,10:31:29,-19.2530,148.9877,,2987,3720,2398,75,,,30,142,20,,,,,,,,,,,,,,,,,,,,,,,,,,,,,
5171,209945,3,SR,A,410,30-Dec-2021,18:54:15,-19.0719,149.0678,,401677682,-136,8,0,30-Dec-2021,18:54:02,-19.0719,149.0678,63,7561,40681,1405,84,,,30,142,28,,,,,,,,,,,,,,,,,,,,,,,,,,,,,
5171,209945,3,SR,A,410,30-Dec-2021,18:54:15,-19.0719,149.0678,,401677682,-136,8,0,30-Dec-2021,18:54:30,-19.0719,149.0678,63,7561,40681,1405,84,,,64,95,5,,,,,,,,,,,,,,,,,,,,,,,,,,,,,
5171,209945,3,SR,A,410,30-Dec-2021,18:54:15,-19.0719,149.0678,,401677682,-136,8,0,30-Dec-2021,18:55:05,-19.0719,149.0678,63,7561,40681,1405,84,,,91,239,46,,,,,,,,,,,,,,,,,,,,,,,,,,,,,
5171,209945,3,SR,B,411,31-Dec-2021,07:42:21,-19.1160,149.0181,,401677691,-127,,0,31-Dec-2021,07:42:21,-19.1160,149.0181,,12944,67562,2480,104,,,30,142,28,,,,,,,,,,,,,,,,,,,,,,,,,,,,,
5171,209945,3,NK,B,412,31-Dec-2021,09:14:48,-19.0823,148.9585,,401677682,-129,8,0,31-Dec-2021,09:14:34,-19.0823,148.9585,30,4361,8307,2289,88,,,98,136,0,,,,,,,,,,,,,,,,,,,,,,,,,,,,,
5171,209945,31,NK,B,412,31-Dec-2021,09:14:48,-19.0823,148.9585,,401677682,-129,8,0,31-Dec-2021,09:15:04,-19.0823,148.9585,30,4361,8307,2289,88,,,40,115,192,14,238,224,0,0,238,238,238,14,0,224,238,117,115,192,0,0,0,0,0,0,0,0,219,6,47,228,249,
5171,209945,3,NP,A,413,31-Dec-2021,09:39:55,-19.1051,148.9670,,401677690,-128,6,0,31-Dec-2021,09:39:04,-19.1051,148.9670,102,2514,12527,504,67,,,93,145,47,,,,,,,,,,,,,,,,,,,,,,,,,,,,,
5171,209945,3,NP,A,413,31-Dec-2021,09:39:55,-19.1051,148.9670,,401677690,-128,6,0,31-Dec-2021,09:39:57,-19.1051,148.9670,102,2514,12527,504,67,,,98,129,244,,,,,,,,,,,,,,,,,,,,,,,,,,,,,
5171,209945,3,NP,A,413,31-Dec-2021,09:39:55,-19.1051,148.9670,,401677690,-128,6,0,31-Dec-2021,09:40:46,-19.1051,148.9670,102,2514,12527,504,67,,,30,142,28,,,,,,,,,,,,,,,,,,,,,,,,,,,,,
5171,209945,3,SR,1,414,31-Dec-2021,20:06:12,-19.0666,148.9196,,401677692,-123,48,0,31-Dec-2021,20:01:43,-19.0666,148.9196,630,996,10756,92,77,,,101,131,0,,,,,,,,,,,,,,,,,,,,,,,,,,,,,
5171,209945,3,SR,1,414,31-Dec-2021,20:06:12,-19.0666,148.9196,,401677692,-123,48,0,31-Dec-2021,20:02:05,-19.0666,148.9196,630,996,10756,92,77,,,7,1,0,,,,,,,,,,,,,,,,,,,,,,,,,,,,,
5171,209945,3,SR,1,414,31-Dec-2021,20:06:12,-19.0666,148.9196,,401677692,-123,48,0,31-Dec-2021,20:03:32,-19.0666,148.9196,630,996,10756,92,77,,,67,96,5,,,,,,,,,,,,,,,,,,,,,,,,,,,,,
5171,209945,3,SR,1,414,31-Dec-2021,20:06:12,-19.0666,148.9196,,401677692,-123,48,0,31-Dec-2021,20:03:47,-19.0666,148.9196,630,996,10756,92,77,,,90,197,47,,,,,,,,,,,,,,,,,,,,,,,,,,,,,
5171,209945,3,SR,1,414,31-Dec-2021,20:06:12,-19.0666,148.9196,,401677692,-123,48,0,31-Dec-2021,20:05:33,-19.0666,148.9196,630,996,10756,92,77,,,75,92,193,,,,,,,,,,,,,,,,,,,,,,,,,,,,,
5171,209945,3,SR,1,414,31-Dec-2021,20:06:12,-19.0666,148.9196,,401677692,-123,48,0,31-Dec-2021,20:05:57,-19.0666,148.9196,630,996,10756,92,77,,,89,202,47,,,,,,,,,,,,,,,,,,,,,,,,,,,,,
5171,209945,3,SR,1,414,31-Dec-2021,20:06:12,-19.0666,148.9196,,401677692,-123,48,0,31-Dec-2021,20:06:37,-19.0666,148.9196,630,996,10756,92,77,,,103,137,0,,,,,,,,,,,,,,,,,,,,,,,,,,,,,
5171,209945,23,SR,1,414,31-Dec-2021,20:06:12,-19.0666,148.9196,,401677692,-123,48,0,31-Dec-2021,20:07:07,-19.0666,148.9196,630,996,10756,92,77,,,86,208,165,245,40,150,198,120,79,208,220,148,148,44,101,85,111,3,138,136,126,45,168,,,,,,,,,
5171,209945,3,SR,1,414,31-Dec-2021,20:06:12,-19.0666,148.9196,,401677692,-123,48,0,31-Dec-2021,20:09:01,-19.0666,148.9196,630,996,10756,92,77,,,91,208,46,,,,,,,,,,,,,,,,,,,,,,,,,,,,,
5171,209945,3,SR,1,414,31-Dec-2021,20:06:12,-19.0666,148.9196,,401677692,-123,48,1,31-Dec-2021,20:10:23,-19.0666,148.9196,630,996,10756,92,77,,,98,136,0,,,,,,,,,,,,,,,,,,,,,,,,,,,,,
5171,209945,3,SR,1,414,31-Dec-2021,20:06:12,-19.0666,148.9196,,401677692,-123,48,2,31-Dec-2021,20:10:42,-19.0666,148.9196,630,996,10756,92,77,,,15,1,16,,,,,,,,,,,,,,,,,,,,,,,,,,,,,
5171,209945,3,SR,1,414,31-Dec-2021,20:06:12,-19.0666,148.9196,,401677692,-123,48,3,31-Dec-2021,20:12:13,-19.0666,148.9196,630,996,10756,92,77,,,30,142,28,,,,,,,,,,,,,,,,,,,,,,,,,,,,,
5171,209945,3,NK,2,415,31-Dec-2021,20:14:50,-19.0650,148.9269,,401677693,-129,56,0,31-Dec-2021,20:13:24,-19.0650,148.9269,288,388,1172,128,159,,,90,213,47,,,,,,,,,,,,,,,,,,,,,,,,,,,,,
5171,209945,3,NK,2,415,31-Dec-2021,20:14:50,-19.0650,148.9269,,401677693,-129,56,0,31-Dec-2021,20:13:43,-19.0650,148.9269,288,388,1172,128,159,,,103,137,0,,,,,,,,,,,,,,,,,,,,,,,,,,,,,
5171,209945,3,NK,2,415,31-Dec-2021,20:14:50,-19.0650,148.9269,,401677693,-129,56,0,31-Dec-2021,20:14:00,-19.0650,148.9269,288,388,1172,128,159,,,15,1,16,,,,,,,,,,,,,,,,,,,,,,,,,,,,,
5171,209945,3,NK,2,415,31-Dec-2021,20:14:50,-19.0650,148.9269,,401677693,-129,56,1,31-Dec-2021,20:17:31,-19.0650,148.9269,288,388,1172,128,159,,,30,142,28,,,,,,,,,,,,,,,,,,,,,,,,,,,,,
5171,209945,3,NK,2,415,31-Dec-2021,20:14:50,-19.0650,148.9269,,401677693,-129,56,0,31-Dec-2021,20:18:12,-19.0650,148.9269,288,388,1172,128,159,,,64,95,5,,,,,,,,,,,,,,,,,,,,,,,,,,,,,
5171,209945,3,NP,1,416,31-Dec-2021,20:44:32,-19.0646,148.9375,,401677693,-132,58,0,31-Dec-2021,20:44:33,-19.0646,148.9375,269,958,7872,116,108,,,15,1,16,,,,,,,,,,,,,,,,,,,,,,,,,,,,,
5171,209945,3,NP,1,416,31-Dec-2021,20:44:32,-19.0646,148.9375,,401677693,-132,58,0,31-Dec-2021,20:46:03,-19.0646,148.9375,269,958,7872,116,108,,,95,244,47,,,,,,,,,,,,,,,,,,,,,,,,,,,,,
5171,209945,3,NP,1,416,31-Dec-2021,20:44:32,-19.0646,148.9375,,401677693,-132,58,0,31-Dec-2021,20:46:35,-19.0646,148.9375,269,958,7872,116,108,,,103,137,0,,,,,,,,,,,,,,,,,,,,,,,,,,,,,
5171,209945,3,NP,1,416,31-Dec-2021,20:44:32,-19.0646,148.9375,,401677693,-132,58,0,31-Dec-2021,20:49:02,-19.0646,148.9375,269,958,7872,116,108,,,30,142,28,,,,,,,,,,,,,,,,,,,,,,,,,,,,,
5171,209945,3,NK,B,417,31-Dec-2021,21:54:49,-19.0813,148.9563,,401677690,-129,8,0,31-Dec-2021,21:53:28,,,164,1362,16745,110,74,,,15,1,16,,,,,,,,,,,,,,,,,,,,,,,,,,,,,
5171,209945,3,NK,B,417,31-Dec-2021,21:54:49,-19.0813,148.9563,,401677690,-129,8,0,31-Dec-2021,21:56:12,,,164,1362,16745,110,74,,,30,142,28,,,,,,,,,,,,,,,,,,,,,,,,,,,,,
5171,209945,31,SR,B,418,01-Jan-2022,07:08:02,-19.0567,149.0273,,401677678,-133,8,0,01-Jan-2022,07:08:03,-19.0567,149.0273,,4531,5810,3532,59,,,40,115,224,238,238,14,0,0,238,238,238,238,224,0,14,229,115,224,0,0,0,0,0,1,6,4,255,43,0,0,132,
5171,209945,3,NK,B,419,01-Jan-2022,08:39:10,-19.0705,148.9964,,401677678,-132,8,0,01-Jan-2022,08:39:10,-19.0705,148.9964,,4321,11072,1686,84,,,97,135,0,,,,,,,,,,,,,,,,,,,,,,,,,,,,,
5171,209945,3,SR,B,420,01-Jan-2022,08:50:54,-19.0804,148.9731,,401677687,-127,8,0,01-Jan-2022,08:50:54,-19.0804,148.9731,,3423,6130,1911,100,,,30,142,28,,,,,,,,,,,,,,,,,,,,,,,,,,,,,
5171,209945,3,NK,B,421,01-Jan-2022,19:55:16,-19.0798,148.9226,,401677707,-137,8,0,01-Jan-2022,19:55:17,-19.0798,148.9226,,4442,5150,3831,114,,,103,137,0,,,,,,,,,,,,,,,,,,,,,,,,,,,,,
5171,209945,3,NP,3,422,01-Jan-2022,20:32:43,-19.0237,148.7881,,401677679,-133,58,0,01-Jan-2022,20:32:01,-19.0237,148.7881,651,175,303,101,115,,,77,102,5,,,,,,,,,,,,,,,,,,,,,,,,,,,,,
5171,209945,3,NP,3,422,01-Jan-2022,20:32:43,-19.0237,148.7881,,401677679,-133,58,0,01-Jan-2022,20:33:26,-19.0237,148.7881,651,175,303,101,115,,,84,88,48,,,,,,,,,,,,,,,,,,,,,,,,,,,,,
5171,209945,3,NP,3,422,01-Jan-2022,20:32:43,-19.0237,148.7881,,401677679,-133,58,0,01-Jan-2022,20:34:01,-19.0237,148.7881,651,175,303,101,115,,,98,136,0,,,,,,,,,,,,,,,,,,,,,,,,,,,,,
5171,209945,3,NP,3,422,01-Jan-2022,20:32:43,-19.0237,148.7881,,401677679,-133,58,0,01-Jan-2022,20:35:54,-19.0237,148.7881,651,175,303,101,115,,,85,93,48,,,,,,,,,,,,,,,,,,,,,,,,,,,,,
5171,209945,3,NP,3,422,01-Jan-2022,20:32:43,-19.0237,148.7881,,401677679,-133,58,0,01-Jan-2022,20:36:22,-19.0237,148.7881,651,175,303,101,115,,,107,133,0,,,,,,,,,,,,,,,,,,,,,,,,,,,,,
5171,209945,3,NP,3,422,01-Jan-2022,20:32:43,-19.0237,148.7881,,401677679,-133,58,1,01-Jan-2022,20:36:37,-19.0237,148.7881,651,175,303,101,115,,,15,1,16,,,,,,,,,,,,,,,,,,,,,,,,,,,,,
5171,209945,3,NP,3,422,01-Jan-2022,20:32:43,-19.0237,148.7881,,401677679,-133,58,1,01-Jan-2022,20:37:15,-19.0237,148.7881,651,175,303,101,115,,,30,142,28,,,,,,,,,,,,,,,,,,,,,,,,,,,,,
5171,209945,3,NP,3,422,01-Jan-2022,20:32:43,-19.0237,148.7881,,401677679,-133,58,1,01-Jan-2022,20:38:32,-19.0237,148.7881,651,175,303,101,115,,,66,101,5,,,,,,,,,,,,,,,,,,,,,,,,,,,,,
5171,209945,23,NP,3,422,01-Jan-2022,20:32:43,-19.0237,148.7881,,401677679,-133,58,0,01-Jan-2022,20:38:53,-19.0237,148.7881,651,175,303,101,115,,,78,112,165,245,40,150,198,120,64,210,217,213,22,96,197,14,1,255,25,214,80,255,128,,,,,,,,,
5171,209945,3,NP,3,422,01-Jan-2022,20:32:43,-19.0237,148.7881,,401677679,-133,58,0,01-Jan-2022,20:42:52,-19.0237,148.7881,651,175,303,101,115,,,83,99,48,,,,,,,,,,,,,,,,,,,,,,,,,,,,,
5171,209945,3,NK,B,423,01-Jan-2022,21:27:43,-19.0156,148.7981,,401677688,-127,8,0,01-Jan-2022,21:27:44,-19.0156,148.7981,577,1614,6678,389,144,,,78,105,5,,,,,,,,,,,,,,,,,,,,,,,,,,,,,
5171,209945,3,NK,B,423,01-Jan-2022,21:27:43,-19.0156,148.7981,,401677688,-127,8,0,01-Jan-2022,21:37:21,-19.0156,148.7981,577,1614,6678,389,144,,,84,104,48,,,,,,,,,,,,,,,,,,,,,,,,,,,,,
5171,209945,31,NP,2,424,02-Jan-2022,20:28:50,-19.0129,149.0412,,401677689,-124,50,0,02-Jan-2022,20:24:42,,,424,355,795,158,77,,,40,132,32,238,14,238,238,224,238,238,238,224,238,0,238,34,132,64,7,68,0,111,255,147,251,223,8,60,127,255,23,
5171,209945,3,NP,2,424,02-Jan-2022,20:28:50,-19.0129,149.0412,,401677689,-124,50,0,02-Jan-2022,20:25:20,,,424,355,795,158,77,,,90,143,48,,,,,,,,,,,,,,,,,,,,,,,,,,,,,
5171,209945,3,NP,2,424,02-Jan-2022,20:28:50,-19.0129,149.0412,,401677689,-124,50,0,02-Jan-2022,20:26:33,,,424,355,795,158,77,,,74,109,5,,,,,,,,,,,,,,,,,,,,,,,,,,,,,
5171,209945,23,NP,2,424,02-Jan-2022,20:28:50,-19.0129,149.0412,,401677689,-124,50,0,02-Jan-2022,20:26:53,,,424,355,795,158,77,,,80,48,165,245,40,150,70,108,87,43,135,104,151,29,19,240,194,185,112,63,85,151,179,,,,,,,,,
5171,209945,3,NP,2,424,02-Jan-2022,20:28:50,-19.0129,149.0412,,401677689,-124,50,2,02-Jan-2022,20:28:20,,,424,355,795,158,77,,,30,142,28,,,,,,,,,,,,,,,,,,,,,,,,,,,,,
5171,209945,3,NP,2,424,02-Jan-2022,20:28:50,-19.0129,149.0412,,401677689,-124,50,1,02-Jan-2022,20:28:39,,,424,355,795,158,77,,,69,110,5,,,,,,,,,,,,,,,,,,,,,,,,,,,,,
5171,209945,3,NP,2,424,02-Jan-2022,20:28:50,-19.0129,149.0412,,401677689,-124,50,0,02-Jan-2022,20:29:35,,,424,355,795,158,77,,,103,137,0,,,,,,,,,,,,,,,,,,,,,,,,,,,,,
5171,209945,3,NP,2,424,02-Jan-2022,20:28:50,-19.0129,149.0412,,401677689,-124,50,1,02-Jan-2022,20:30:00,,,424,355,795,158,77,,,15,1,16,,,,,,,,,,,,,,,,,,,,,,,,,,,,,
5171,209945,3,NP,2,424,02-Jan-2022,20:28:50,-19.0129,149.0412,,401677689,-124,50,0,02-Jan-2022,20:30:57,,,424,355,795,158,77,,,69,126,45,,,,,,,,,,,,,,,,,,,,,,,,,,,,,
5171,209945,3,NP,2,424,02-Jan-2022,20:28:50,-19.0129,149.0412,,401677689,-124,50,0,02-Jan-2022,20:31:22,,,424,355,795,158,77,,,90,159,48,,,,,,,,,,,,,,,,,,,,,,,,,,,,,
5171,209945,3,NP,2,424,02-Jan-2022,20:28:50,-19.0129,149.0412,,401677689,-124,50,2,02-Jan-2022,20:31:46,,,424,355,795,158,77,,,98,136,0,,,,,,,,,,,,,,,,,,,,,,,,,,,,,
5171,209945,3,SR,1,425,02-Jan-2022,20:39:35,-19.0204,149.0518,,401677693,-127,56,0,02-Jan-2022,20:38:06,,,160,1296,2961,567,47,,,90,175,48,,,,,,,,,,,,,,,,,,,,,,,,,,,,,
5171,209945,3,SR,1,425,02-Jan-2022,20:39:35,-19.0204,149.0518,,401677693,-127,56,0,02-Jan-2022,20:39:10,,,160,1296,2961,567,47,,,15,1,0,,,,,,,,,,,,,,,,,,,,,,,,,,,,,
5171,209945,3,SR,1,425,02-Jan-2022,20:39:35,-19.0204,149.0518,,401677693,-127,56,0,02-Jan-2022,20:40:18,,,160,1296,2961,567,47,,,93,180,48,,,,,,,,,,,,,,,,,,,,,,,,,,,,,
5171,209945,3,SR,1,425,02-Jan-2022,20:39:35,-19.0204,149.0518,,401677693,-127,56,0,02-Jan-2022,20:40:46,,,160,1296,2961,567,47,,,100,134,0,,,,,,,,,,,,,,,,,,,,,,,,,,,,,
5171,209945,3,NP,B,426,02-Jan-2022,22:00:51,-19.0174,149.0574,,401677691,-140,8,0,02-Jan-2022,22:00:51,-19.0174,149.0574,,3320,3524,3126,70,,,30,142,28,,,,,,,,,,,,,,,,,,,,,,,,,,,,,
5171,209945,3,NP,0,427,03-Jan-2022,20:16:11,-18.8023,149.1821,,401677673,-128,50,0,03-Jan-2022,20:15:48,-18.8023,149.1821,47,8037,50959,1267,86,,,83,51,49,,,,,,,,,,,,,,,,,,,,,,,,,,,,,
5171,209945,31,NP,0,427,03-Jan-2022,20:16:11,-18.8023,149.1821,,401677673,-128,50,0,03-Jan-2022,20:16:05,-18.8023,149.1821,47,8037,50959,1267,86,,,40,132,64,238,238,206,15,253,245,246,28,44,29,128,232,59,62,125,44,36,113,14,63,171,65,86,49,120,208,253,26,
5171,209945,3,NP,0,427,03-Jan-2022,20:16:11,-18.8023,149.1821,,401677673,-128,50,0,03-Jan-2022,20:16:20,-18.8023,149.1821,47,8037,50959,1267,86,,,98,136,0,,,,,,,,,,,,,,,,,,,,,,,,,,,,,
5171,209945,3,NP,0,427,03-Jan-2022,20:16:11,-18.8023,149.1821,,401677673,-128,50,0,03-Jan-2022,20:16:35,-18.8023,149.1821,47,8037,50959,1267,86,,,15,1,16,,,,,,,,,,,,,,,,,,,,,,,,,,,,,
5171,209945,3,SR,0,428,03-Jan-2022,20:19:44,-18.8061,149.1788,,401677693,-122,56,0,03-Jan-2022,20:15:48,-18.8061,149.1788,236,8409,118856,594,86,,,83,51,49,,,,,,,,,,,,,,,,,,,,,,,,,,,,,
5171,209945,31,SR,0,428,03-Jan-2022,20:19:44,-18.8061,149.1788,,401677693,-122,56,0,03-Jan-2022,20:16:05,-18.8061,149.1788,236,8409,118856,594,86,,,40,132,64,238,238,236,143,206,145,76,194,213,238,180,36,182,81,208,117,154,36,50,20,155,45,70,91,214,104,125,8,
5171,209945,3,SR,0,428,03-Jan-2022,20:19:44,-18.8061,149.1788,,401677693,-122,56,0,03-Jan-2022,20:16:20,-18.8061,149.1788,236,8409,118856,594,86,,,98,136,0,,,,,,,,,,,,,,,,,,,,,,,,,,,,,
5171,209945,3,SR,0,428,03-Jan-2022,20:19:44,-18.8061,149.1788,,401677693,-122,56,0,03-Jan-2022,20:16:35,-18.8061,149.1788,236,8409,118856,594,86,,,15,1,16,,,,,,,,,,,,,,,,,,,,,,,,,,,,,
5171,209945,3,SR,0,428,03-Jan-2022,20:19:44,-18.8061,149.1788,,401677693,-122,56,0,03-Jan-2022,20:19:44,-18.8061,149.1788,236,8409,118856,594,86,,,30,142,28,,,,,,,,,,,,,,,,,,,,,,,,,,,,,
5171,209945,3,NK,B,429,03-Jan-2022,22:19:45,-18.7872,149.2016,,401677677,-128,8,0,03-Jan-2022,22:19:45,-18.7872,149.2016,,8191,19087,3514,92,,,81,57,49,,,,,,,,,,,,,,,,,,,,,,,,,,,,,
5171,209945,3,SR,B,430,04-Jan-2022,07:14:39,-18.7344,149.2542,,401677672,-129,8,0,04-Jan-2022,07:14:39,-18.7344,149.2542,,11358,14582,8847,70,,,15,1,16,,,,,,,,,,,,,,,,,,,,,,,,,,,,,
5171,209945,3,NP,2,431,04-Jan-2022,08:44:47,-18.6592,149.2008,,401677692,-129,57,0,04-Jan-2022,08:43:39,-18.6592,149.2008,469,255,331,196,76,,,84,71,49,,,,,,,,,,,,,,,,,,,,,,,,,,,,,
5171,209945,3,NP,2,431,04-Jan-2022,08:44:47,-18.6592,149.2008,,401677692,-129,57,0,04-Jan-2022,08:44:33,-18.6592,149.2008,469,255,331,196,76,,,97,135,3,,,,,,,,,,,,,,,,,,,,,,,,,,,,,
5171,209945,3,NP,2,431,04-Jan-2022,08:44:47,-18.6592,149.2008,,401677692,-129,57,1,04-Jan-2022,08:46:12,-18.6592,149.2008,469,255,331,196,76,,,69,110,5,,,,,,,,,,,,,,,,,,,,,,,,,,,,,
5171,209945,3,NP,2,431,04-Jan-2022,08:44:47,-18.6592,149.2008,,401677692,-129,57,0,04-Jan-2022,08:46:48,-18.6592,149.2008,469,255,331,196,76,,,83,76,49,,,,,,,,,,,,,,,,,,,,,,,,,,,,,
5171,209945,3,NP,2,431,04-Jan-2022,08:44:47,-18.6592,149.2008,,401677692,-129,57,0,04-Jan-2022,08:47:43,-18.6592,149.2008,469,255,331,196,76,,,97,135,4,,,,,,,,,,,,,,,,,,,,,,,,,,,,,
5171,209945,3,NP,2,431,04-Jan-2022,08:44:47,-18.6592,149.2008,,401677692,-129,57,0,04-Jan-2022,08:51:28,-18.6592,149.2008,469,255,331,196,76,,,90,83,95,,,,,,,,,,,,,,,,,,,,,,,,,,,,,
5171,209945,3,NP,B,432,04-Jan-2022,10:29:10,-18.6253,149.2014,,401677683,-127,8,0,04-Jan-2022,10:29:11,-18.6253,149.2014,,3030,3860,2378,82,,,30,142,28,,,,,,,,,,,,,,,,,,,,,,,,,,,,,
5171,209945,3,MB,B,433,04-Jan-2022,12:47:44,-18.5820,149.2046,,401677681,-132,8,0,04-Jan-2022,12:47:45,-18.5820,149.2046,,5076,6411,4019,172,,,84,87,49,,,,,,,,,,,,,,,,,,,,,,,,,,,,,
5171,209945,3,NK,B,434,04-Jan-2022,20:19:39,-18.5340,149.1809,,401677725,-130,8,0,04-Jan-2022,20:19:39,-18.5340,149.1809,,7223,9349,5579,141,,,30,142,28,,,,,,,,,,,,,,,,,,,,,,,,,,,,,
5171,209945,3,NN,B,435,04-Jan-2022,23:46:33,-18.5477,149.1882,,401677717,-129,8,0,04-Jan-2022,23:46:34,-18.5477,149.1882,,5784,11722,2853,5,,,93,106,49,,,,,,,,,,,,,,,,,,,,,,,,,,,,,
5171,209945,3,SR,3,436,05-Jan-2022,19:08:24,-18.7938,149.0127,,401677690,-126,50,0,05-Jan-2022,19:05:47,-18.7938,149.0127,635,244,308,192,62,,,98,136,0,,,,,,,,,,,,,,,,,,,,,,,,,,,,,
5171,209945,3,SR,3,436,05-Jan-2022,19:08:24,-18.7938,149.0127,,401677690,-126,50,0,05-Jan-2022,19:06:03,-18.7938,149.0127,635,244,308,192,62,,,15,1,48,,,,,,,,,,,,,,,,,,,,,,,,,,,,,
5171,209945,23,SR,3,436,05-Jan-2022,19:08:24,-18.7938,149.0127,,401677690,-126,50,0,05-Jan-2022,19:08:02,-18.7938,149.0127,635,244,308,192,62,,,65,48,165,245,40,150,198,121,2,217,47,255,70,20,103,207,179,169,249,11,112,127,192,,,,,,,,,
5171,209945,3,SR,3,436,05-Jan-2022,19:08:24,-18.7938,149.0127,,401677690,-126,50,0,05-Jan-2022,19:08:29,-18.7938,149.0127,635,244,308,192,62,,,69,110,5,,,,,,,,,,,,,,,,,,,,,,,,,,,,,
5171,209945,3,SR,3,436,05-Jan-2022,19:08:24,-18.7938,149.0127,,401677690,-126,50,0,05-Jan-2022,19:08:44,-18.7938,149.0127,635,244,308,192,62,,,90,144,49,,,,,,,,,,,,,,,,,,,,,,,,,,,,,
5171,209945,3,SR,3,436,05-Jan-2022,19:08:24,-18.7938,149.0127,,401677690,-126,50,0,05-Jan-2022,19:09:23,-18.7938,149.0127,635,244,308,192,62,,,102,241,199,,,,,,,,,,,,,,,,,,,,,,,,,,,,,
5171,209945,3,SR,3,436,05-Jan-2022,19:08:24,-18.7938,149.0127,,401677690,-126,50,1,05-Jan-2022,19:11:26,-18.7938,149.0127,635,244,308,192,62,,,69,110,5,,,,,,,,,,,,,,,,,,,,,,,,,,,,,
5171,209945,3,SR,3,436,05-Jan-2022,19:08:24,-18.7938,149.0127,,401677690,-126,50,0,05-Jan-2022,19:12:03,-18.7938,149.0127,635,244,308,192,62,,,91,149,49,,,,,,,,,,,,,,,,,,,,,,,,,,,,,
5171,209945,3,SR,3,436,05-Jan-2022,19:08:24,-18.7938,149.0127,,401677690,-126,50,0,05-Jan-2022,19:16:22,-18.7938,149.0127,635,244,308,192,62,,,104,138,0,,,,,,,,,,,,,,,,,,,,,,,,,,,,,
5171,209945,3,NK,2,437,05-Jan-2022,19:49:30,-18.8016,149.0377,,401677689,-132,58,0,05-Jan-2022,19:47:01,-18.8016,149.0377,351,462,1021,209,176,,,15,1,233,,,,,,,,,,,,,,,,,,,,,,,,,,,,,
5171,209945,3,NK,2,437,05-Jan-2022,19:49:30,-18.8016,149.0377,,401677689,-132,58,0,05-Jan-2022,19:48:23,-18.8016,149.0377,351,462,1021,209,176,,,87,153,114,,,,,,,,,,,,,,,,,,,,,,,,,,,,,
5171,209945,3,NK,2,437,05-Jan-2022,19:49:30,-18.8016,149.0377,,401677689,-132,58,0,05-Jan-2022,19:49:23,-18.8016,149.0377,351,462,1021,209,176,,,98,136,0,,,,,,,,,,,,,,,,,,,,,,,,,,,,,
5171,209945,3,NK,2,437,05-Jan-2022,19:49:30,-18.8016,149.0377,,401677689,-132,58,0,05-Jan-2022,19:50:38,-18.8016,149.0377,351,462,1021,209,176,,,15,1,16,,,,,,,,,,,,,,,,,,,,,,,,,,,,,
5171,209945,3,NK,2,437,05-Jan-2022,19:49:30,-18.8016,149.0377,,401677689,-132,58,1,05-Jan-2022,19:50:58,-18.8016,149.0377,351,462,1021,209,176,,,30,142,28,,,,,,,,,,,,,,,,,,,,,,,,,,,,,
5171,209945,3,NK,2,437,05-Jan-2022,19:49:30,-18.8016,149.0377,,401677689,-132,58,0,05-Jan-2022,19:52:52,-18.8016,149.0377,351,462,1021,209,176,,,92,190,49,,,,,,,,,,,,,,,,,,,,,,,,,,,,,
5171,209945,3,NP,1,438,05-Jan-2022,19:52:50,-18.8009,149.0402,,401677689,-132,58,0,05-Jan-2022,19:48:23,-18.8009,149.0402,331,530,1313,213,36,,,87,185,26,,,,,,,,,,,,,,,,,,,,,,,,,,,,,
5171,209945,3,NP,1,438,05-Jan-2022,19:52:50,-18.8009,149.0402,,401677689,-132,58,0,05-Jan-2022,19:49:23,-18.8009,149.0402,331,530,1313,213,36,,,98,136,0,,,,,,,,,,,,,,,,,,,,,,,,,,,,,
5171,209945,3,NP,1,438,05-Jan-2022,19:52:50,-18.8009,149.0402,,401677689,-132,58,0,05-Jan-2022,19:50:58,-18.8009,149.0402,331,530,1313,213,36,,,30,142,28,,,,,,,,,,,,,,,,,,,,,,,,,,,,,
5171,209945,3,NP,1,438,05-Jan-2022,19:52:50,-18.8009,149.0402,,401677689,-132,58,0,05-Jan-2022,19:52:52,-18.8009,149.0402,331,530,1313,213,36,,,92,190,49,,,,,,,,,,,,,,,,,,,,,,,,,,,,,
5171,209945,23,NP,1,438,05-Jan-2022,19:52:50,-18.8009,149.0402,,401677689,-132,58,0,05-Jan-2022,19:53:38,-18.8009,149.0402,331,530,1313,213,36,,,88,112,165,245,40,150,198,120,193,236,115,207,135,204,3,146,144,68,31,197,164,92,48,,,,,,,,,
5171,209945,3,NP,1,438,05-Jan-2022,19:52:50,-18.8009,149.0402,,401677689,-132,58,0,05-Jan-2022,19:53:54,-18.8009,149.0402,331,530,1313,213,36,,,15,1,16,,,,,,,,,,,,,,,,,,,,,,,,,,,,,
5171,209945,3,NP,B,439,05-Jan-2022,21:35:41,-18.7952,149.0556,,401677685,-133,8,0,05-Jan-2022,21:35:41,-18.7952,149.0556,,2794,2948,2646,75,,,95,206,49,,,,,,,,,,,,,,,,,,,,,,,,,,,,,
5171,209945,3,NK,B,440,05-Jan-2022,21:35:41,-18.7978,149.0480,,401677686,-133,,0,05-Jan-2022,21:35:41,-18.7978,149.0480,,2912,3901,2174,71,,,95,206,49,,,,,,,,,,,,,,,,,,,,,,,,,,,,,
5171,209945,3,NK,B,441,06-Jan-2022,19:26:42,-18.7262,149.2480,,401677685,-137,,0,06-Jan-2022,19:26:42,-18.7262,149.2480,,7239,12171,4305,118,,,93,113,51,,,,,,,,,,,,,,,,,,,,,,,,,,,,,
5171,209945,3,SR,B,442,06-Jan-2022,20:15:33,-18.7525,149.3207,,401677685,-132,7,0,06-Jan-2022,20:15:00,-18.7525,149.3207,66,2753,18134,417,58,,,30,142,28,,,,,,,,,,,,,,,,,,,,,,,,,,,,,
5171,209945,3,SR,B,442,06-Jan-2022,20:15:33,-18.7525,149.3207,,401677685,-132,7,0,06-Jan-2022,20:16:06,-18.7525,149.3207,66,2753,18134,417,58,,,69,110,5,,,,,,,,,,,,,,,,,,,,,,,,,,,,,
5171,209945,3,NP,2,443,06-Jan-2022,21:20:54,-18.7734,149.3795,,401677688,-124,58,0,06-Jan-2022,21:17:19,-18.7734,149.3795,345,369,1435,94,106,,,107,133,0,,,,,,,,,,,,,,,,,,,,,,,,,,,,,
5171,209945,3,NP,2,443,06-Jan-2022,21:20:54,-18.7734,149.3795,,401677688,-124,58,0,06-Jan-2022,21:20:41,-18.7734,149.3795,345,369,1435,94,106,,,76,115,1,,,,,,,,,,,,,,,,,,,,,,,,,,,,,
5171,209945,3,NP,2,443,06-Jan-2022,21:20:54,-18.7734,149.3795,,401677688,-124,58,0,06-Jan-2022,21:22:35,-18.7734,149.3795,345,369,1435,94,106,,,81,8,50,,,,,,,,,,,,,,,,,,,,,,,,,,,,,
5171,209945,3,NP,2,443,06-Jan-2022,21:20:54,-18.7734,149.3795,,401677688,-124,58,0,06-Jan-2022,21:23:04,-18.7734,149.3795,345,369,1435,94,106,,,97,135,1,,,,,,,,,,,,,,,,,,,,,,,,,,,,,
5171,209945,31,SR,B,444,07-Jan-2022,07:22:49,-18.7402,149.3731,,401677679,-122,8,0,07-Jan-2022,07:22:50,-18.7402,149.3731,,4433,9317,2108,83,,,40,140,196,238,185,234,252,159,158,8,18,222,63,158,64,123,1,128,31,241,3,8,14,210,160,26,86,42,157,119,87,
5171,209945,3,NK,1,445,08-Jan-2022,20:15:01,-18.7142,149.1954,,401677691,-129,50,0,08-Jan-2022,20:12:09,-18.7142,149.1954,403,572,1271,257,53,,,71,116,5,,,,,,,,,,,,,,,,,,,,,,,,,,,,,
5171,209945,3,NK,1,445,08-Jan-2022,20:15:01,-18.7142,149.1954,,401677691,-129,50,0,08-Jan-2022,20:12:28,-18.7142,149.1954,403,572,1271,257,53,,,92,94,50,,,,,,,,,,,,,,,,,,,,,,,,,,,,,
5171,209945,3,NK,1,445,08-Jan-2022,20:15:01,-18.7142,149.1954,,401677691,-129,50,0,08-Jan-2022,20:13:35,-18.7142,149.1954,403,572,1271,257,53,,,15,1,16,,,,,,,,,,,,,,,,,,,,,,,,,,,,,
5171,209945,3,NK,1,445,08-Jan-2022,20:15:01,-18.7142,149.1954,,401677691,-129,50,0,08-Jan-2022,20:14:48,-18.7142,149.1954,403,572,1271,257,53,,,78,121,5,,,,,,,,,,,,,,,,,,,,,,,,,,,,,
5171,209945,3,NK,1,445,08-Jan-2022,20:15:01,-18.7142,149.1954,,401677691,-129,50,0,08-Jan-2022,20:15:48,-18.7142,149.1954,403,572,1271,257,53,,,85,99,50,,,,,,,,,,,,,,,,,,,,,,,,,,,,,
5171,209945,3,NK,1,445,08-Jan-2022,20:15:01,-18.7142,149.1954,,401677691,-129,50,0,08-Jan-2022,20:18:27,-18.7142,149.1954,403,572,1271,257,53,,,142,18,179,,,,,,,,,,,,,,,,,,,,,,,,,,,,,
5171,209945,3,NK,1,445,08-Jan-2022,20:15:01,-18.7142,149.1954,,401677691,-129,50,1,08-Jan-2022,20:18:52,-18.7142,149.1954,403,572,1271,257,53,,,30,142,28,,,,,,,,,,,,,,,,,,,,,,,,,,,,,
5171,209945,31,NN,B,446,09-Jan-2022,11:34:03,-18.8805,149.7529,,401677674,-128,,0,09-Jan-2022,11:34:04,-18.8805,149.7529,,12241,26582,5636,100,,,40,133,0,238,225,236,100,174,134,141,68,40,250,86,17,230,42,58,202,52,48,39,174,108,178,246,104,175,23,215,183,
5171,209945,3,NK,B,447,09-Jan-2022,19:48:39,-18.9726,149.6828,,401677738,-133,8,0,09-Jan-2022,19:48:39,-18.9726,149.6828,,80209,,,,,,77,118,5,,,,,,,,,,,,,,,,,,,,,,,,,,,,,
5171,209945,3,SR,B,448,09-Jan-2022,20:20:23,-18.9707,149.6668,,401677689,-133,8,0,09-Jan-2022,20:20:23,-18.9707,149.6668,,32702,241378,4430,97,,,107,133,0,,,,,,,,,,,,,,,,,,,,,,,,,,,,,
5171,209945,3,NP,A,449,09-Jan-2022,20:47:19,-19.0184,149.1011,,401677685,-130,6,0,09-Jan-2022,20:41:42,-19.0184,149.1011,337,1954,8405,454,57,,,98,184,57,,,,,,,,,,,,,,,,,,,,,,,,,,,,,
5171,209945,3,NP,A,449,09-Jan-2022,20:47:19,-19.0184,149.1011,,401677685,-130,6,0,09-Jan-2022,20:42:24,-19.0184,149.1011,337,1954,8405,454,57,,,15,1,16,,,,,,,,,,,,,,,,,,,,,,,,,,,,,
5171,209945,3,NP,A,449,09-Jan-2022,20:47:19,-19.0184,149.1011,,401677685,-130,6,0,09-Jan-2022,20:47:19,-19.0184,149.1011,337,1954,8405,454,57,,,91,235,50,,,,,,,,,,,,,,,,,,,,,,,,,,,,,
5171,209945,23,NK,B,450,09-Jan-2022,21:34:36,-19.0212,149.1153,,401677691,-135,8,0,09-Jan-2022,21:34:37,-19.0212,149.1153,,8509,9353,7741,71,,,67,144,165,245,40,150,198,120,68,214,154,214,152,101,217,18,1,90,49,90,2,35,63,,,,,,,,,
5171,209945,3,NP,0,451,09-Jan-2022,22:23:14,-19.0497,149.2161,,401677703,-130,58,0,09-Jan-2022,22:23:15,-19.0497,149.2161,101,3619,13588,964,20,,,84,6,51,,,,,,,,,,,,,,,,,,,,,,,,,,,,,
5171,209945,3,NP,0,451,09-Jan-2022,22:23:14,-19.0497,149.2161,,401677703,-130,58,0,09-Jan-2022,22:23:36,-19.0497,149.2161,101,3619,13588,964,20,,,103,137,0,,,,,,,,,,,,,,,,,,,,,,,,,,,,,
5171,209945,3,NP,0,451,09-Jan-2022,22:23:14,-19.0497,149.2161,,401677703,-130,58,0,09-Jan-2022,22:24:00,-19.0497,149.2161,101,3619,13588,964,20,,,15,1,24,,,,,,,,,,,,,,,,,,,,,,,,,,,,,
5171,209945,3,NP,0,451,09-Jan-2022,22:23:14,-19.0497,149.2161,,401677703,-130,58,0,09-Jan-2022,22:24:41,-19.0497,149.2161,101,3619,13588,964,20,,,30,142,28,,,,,,,,,,,,,,,,,,,,,,,,,,,,,
5171,209945,3,NP,0,451,09-Jan-2022,22:23:14,-19.0497,149.2161,,401677703,-130,58,0,09-Jan-2022,22:24:56,-19.0497,149.2161,101,3619,13588,964,20,,,66,117,5,,,,,,,,,,,,,,,,,,,,,,,,,,,,,
5171,209945,3,NN,0,452,09-Jan-2022,22:47:44,-19.0827,149.2158,,401677688,-128,56,0,09-Jan-2022,22:47:18,-19.0827,149.2158,67,2409,6226,931,130,,,76,115,5,,,,,,,,,,,,,,,,,,,,,,,,,,,,,
5171,209945,3,NN,0,452,09-Jan-2022,22:47:44,-19.0827,149.2158,,401677688,-128,56,0,09-Jan-2022,22:47:39,-19.0827,149.2158,67,2409,6226,931,130,,,90,16,51,,,,,,,,,,,,,,,,,,,,,,,,,,,,,
5171,209945,3,NN,0,452,09-Jan-2022,22:47:44,-19.0827,149.2158,,401677688,-128,56,0,09-Jan-2022,22:47:55,-19.0827,149.2158,67,2409,6226,931,130,,,107,133,0,,,,,,,,,,,,,,,,,,,,,,,,,,,,,
5171,209945,3,NN,0,452,09-Jan-2022,22:47:44,-19.0827,149.2158,,401677688,-128,56,0,09-Jan-2022,22:48:10,-19.0827,149.2158,67,2409,6226,931,130,,,15,1,16,,,,,,,,,,,,,,,,,,,,,,,,,,,,,
5171,209945,3,NN,0,452,09-Jan-2022,22:47:44,-19.0827,149.2158,,401677688,-128,56,1,09-Jan-2022,22:48:25,-19.0827,149.2158,67,2409,6226,931,130,,,30,142,28,,,,,,,,,,,,,,,,,,,,,,,,,,,,,
5171,209945,3,SR,B,453,10-Jan-2022,07:36:21,-19.1762,149.0924,,401677689,-132,8,0,10-Jan-2022,07:35:20,-19.1762,149.0924,123,8161,35965,1852,136,,,15,12,152,,,,,,,,,,,,,,,,,,,,,,,,,,,,,
5171,209945,31,SR,B,453,10-Jan-2022,07:36:21,-19.1762,149.0924,,401677689,-132,8,0,10-Jan-2022,07:37:23,-19.1762,149.0924,123,8161,35965,1852,136,,,40,133,32,238,238,238,14,238,238,0,224,224,149,103,60,230,43,114,92,95,192,128,31,3,188,128,238,171,71,208,92,
5171,209945,3,NK,B,454,10-Jan-2022,08:13:33,-19.2436,149.1550,,401677664,-133,8,0,10-Jan-2022,08:13:34,-19.2436,149.1550,,10511,43932,2514,133,,,100,134,0,,,,,,,,,,,,,,,,,,,,,,,,,,,,,
5171,209945,3,NK,B,455,10-Jan-2022,09:52:39,-19.2399,149.1757,,401677681,-123,8,0,10-Jan-2022,09:52:40,-19.2399,149.1757,,10025,23928,4200,134,,,15,1,16,,,,,,,,,,,,,,,,,,,,,,,,,,,,,
5171,209945,3,MB,B,456,10-Jan-2022,12:23:33,-19.2325,149.1598,,401677694,-132,8,0,10-Jan-2022,12:23:34,-19.2325,149.1598,,7260,12138,4342,128,,,71,100,5,,,,,,,,,,,,,,,,,,,,,,,,,,,,,
5171,209945,3,SR,2,457,10-Jan-2022,19:54:30,-19.4082,148.9375,,401677693,-122,58,0,10-Jan-2022,19:53:11,-19.4082,148.9375,299,278,921,83,81,,,83,163,51,,,,,,,,,,,,,,,,,,,,,,,,,,,,,
5171,209945,3,SR,2,457,10-Jan-2022,19:54:30,-19.4082,148.9375,,401677693,-122,58,0,10-Jan-2022,19:53:32,-19.4082,148.9375,299,278,921,83,81,,,98,136,0,,,,,,,,,,,,,,,,,,,,,,,,,,,,,
5171,209945,3,SR,2,457,10-Jan-2022,19:54:30,-19.4082,148.9375,,401677693,-122,58,2,10-Jan-2022,19:54:48,-19.4082,148.9375,299,278,921,83,81,,,75,104,5,,,,,,,,,,,,,,,,,,,,,,,,,,,,,
5171,209945,3,SR,2,457,10-Jan-2022,19:54:30,-19.4082,148.9375,,401677693,-122,58,3,10-Jan-2022,19:57:51,-19.4082,148.9375,299,278,921,83,81,,,15,1,16,,,,,,,,,,,,,,,,,,,,,,,,,,,,,
5171,209945,3,SR,2,457,10-Jan-2022,19:54:30,-19.4082,148.9375,,401677693,-122,58,2,10-Jan-2022,19:58:10,-19.4082,148.9375,299,278,921,83,81,,,30,142,28,,,,,,,,,,,,,,,,,,,,,,,,,,,,,
5171,209945,3,NP,1,458,10-Jan-2022,20:28:00,-19.4168,148.9521,,401677688,-134,58,0,10-Jan-2022,20:28:01,-19.4168,148.9521,471,1024,2278,460,170,,,30,142,28,,,,,,,,,,,,,,,,,,,,,,,,,,,,,
5171,209945,3,NP,1,458,10-Jan-2022,20:28:00,-19.4168,148.9521,,401677688,-134,58,0,10-Jan-2022,20:34:09,-19.4168,148.9521,471,1024,2278,460,170,,,98,136,0,,,,,,,,,,,,,,,,,,,,,,,,,,,,,
5171,209945,3,NP,1,458,10-Jan-2022,20:28:00,-19.4168,148.9521,,401677688,-134,58,0,10-Jan-2022,20:35:14,-19.4168,148.9521,471,1024,2278,460,170,,,15,1,16,,,,,,,,,,,,,,,,,,,,,,,,,,,,,
5171,209945,3,NP,1,458,10-Jan-2022,20:28:00,-19.4168,148.9521,,401677688,-134,58,0,10-Jan-2022,20:35:52,-19.4168,148.9521,471,1024,2278,460,170,,,27,17,234,,,,,,,,,,,,,,,,,,,,,,,,,,,,,
5171,209945,3,MC,B,459,10-Jan-2022,22:54:54,-19.4578,148.9810,,401677688,-129,8,0,10-Jan-2022,22:54:54,-19.4578,148.9810,,6988,7257,6727,97,,,15,1,16,,,,,,,,,,,,,,,,,,,,,,,,,,,,,
5171,209945,31,NN,B,460,11-Jan-2022,00:21:09,-19.3962,148.9364,,401677655,-128,8,0,11-Jan-2022,00:21:10,-19.3962,148.9364,,7916,9338,6709,141,,,40,133,64,238,238,224,0,14,14,0,238,14,0,0,0,209,133,64,0,0,0,3,2,4,2,7,215,255,0,0,156,
5171,209945,3,NK, ,461,12-Jan-2022,21:56:55,,,,401650000,-127,,0,12-Jan-2022,21:56:55,,,,,,,,,,15,1,16,,,,,,,,,,,,,,,,,,,,,,,,,,,,,
5171,209945,3,MC, ,462,12-Jan-2022,22:10:53,,,,401650000,-124,,0,12-Jan-2022,22:10:53,,,,,,,,,,30,142,28,,,,,,,,,,,,,,,,,,,,,,,,,,,,,
5171,209945,31,NN, ,463,12-Jan-2022,23:56:48,,,,401650000,-123,,0,12-Jan-2022,23:56:48,,,,,,,,,,40,133,128,238,238,238,238,14,238,224,238,238,238,0,14,117,133,128,0,0,0,0,0,0,0,0,13,255,0,0,100,
5171,209945,3,SR, ,464,13-Jan-2022,07:37:54,,,,401650000,-118,,0,13-Jan-2022,07:37:54,,,,,,,,,,65,106,5,,,,,,,,,,,,,,,,,,,,,,,,,,,,,
5171,209945,31,NP,0,465,13-Jan-2022,08:38:06,-20.1878,149.0641,,401677697,-127,40,0,13-Jan-2022,08:36:45,-20.1878,149.0641,532,2196,3280,1469,175,,,40,197,128,238,238,238,238,14,238,224,238,238,238,0,14,117,133,128,0,0,0,0,0,0,0,0,13,255,0,0,100,
5171,209945,3,NP,0,465,13-Jan-2022,08:38:06,-20.1878,149.0641,,401677697,-127,40,0,13-Jan-2022,08:37:13,-20.1878,149.0641,532,2196,3280,1469,175,,,30,142,28,,,,,,,,,,,,,,,,,,,,,,,,,,,,,
5171,209945,3,NP,0,465,13-Jan-2022,08:38:06,-20.1878,149.0641,,401677697,-127,40,0,13-Jan-2022,08:37:57,-20.1878,149.0641,532,2196,3280,1469,175,,,72,103,5,,,,,,,,,,,,,,,,,,,,,,,,,,,,,
5171,209945,3,NP,0,465,13-Jan-2022,08:38:06,-20.1878,149.0641,,401677697,-127,40,0,13-Jan-2022,08:38:35,-20.1878,149.0641,532,2196,3280,1469,175,,,90,147,52,,,,,,,,,,,,,,,,,,,,,,,,,,,,,
5171,209945,3,NP,0,465,13-Jan-2022,08:38:06,-20.1878,149.0641,,401677697,-127,40,0,13-Jan-2022,08:40:03,-20.1878,149.0641,532,2196,3280,1469,175,,,15,1,16,,,,,,,,,,,,,,,,,,,,,,,,,,,,,
5171,209945,3,NP,0,465,13-Jan-2022,08:38:06,-20.1878,149.0641,,401677697,-127,40,0,13-Jan-2022,08:45:37,-20.1878,149.0641,532,2196,3280,1469,175,,,9,170,30,,,,,,,,,,,,,,,,,,,,,,,,,,,,,
5171,209945,31,NK,0,466,13-Jan-2022,08:38:06,-20.1598,149.0812,,401677683,-123,40,0,13-Jan-2022,08:36:45,-20.1598,149.0812,198,7810,31498,1936,44,,,40,133,128,238,238,238,238,14,238,224,238,238,238,0,14,117,133,128,0,0,0,0,0,0,0,0,13,255,0,0,100,
5171,209945,3,NK,0,466,13-Jan-2022,08:38:06,-20.1598,149.0812,,401677683,-123,40,0,13-Jan-2022,08:37:13,-20.1598,149.0812,198,7810,31498,1936,44,,,30,142,28,,,,,,,,,,,,,,,,,,,,,,,,,,,,,
5171,209945,3,NK,0,466,13-Jan-2022,08:38:06,-20.1598,149.0812,,401677683,-123,40,0,13-Jan-2022,08:37:57,-20.1598,149.0812,198,7810,31498,1936,44,,,72,103,5,,,,,,,,,,,,,,,,,,,,,,,,,,,,,
5171,209945,3,NK,0,466,13-Jan-2022,08:38:06,-20.1598,149.0812,,401677683,-123,40,0,13-Jan-2022,08:38:35,-20.1598,149.0812,198,7810,31498,1936,44,,,90,147,52,,,,,,,,,,,,,,,,,,,,,,,,,,,,,
5171,209945,3,NK,0,466,13-Jan-2022,08:38:06,-20.1598,149.0812,,401677683,-123,40,0,13-Jan-2022,08:40:03,-20.1598,149.0812,198,7810,31498,1936,44,,,15,1,16,,,,,,,,,,,,,,,,,,,,,,,,,,,,,
5171,209945,3,SR,3,467,14-Jan-2022,19:31:08,-20.3696,149.0103,,401650000,-130,,0,14-Jan-2022,19:26:08,-20.3696,149.0103,365,174,274,110,36,,,15,1,16,,,,,,,,,,,,,,,,,,,,,,,,,,,,,
5171,209945,23,SR,3,467,14-Jan-2022,19:31:08,-20.3696,149.0103,,401650000,-130,,0,14-Jan-2022,19:30:04,-20.3696,149.0103,365,174,274,110,36,,,80,144,165,247,185,180,223,195,191,113,175,238,248,157,163,120,244,31,135,64,23,37,200,,,,,,,,,
5171,209945,3,SR,3,467,14-Jan-2022,19:31:08,-20.3696,149.0103,,401650000,-130,,0,14-Jan-2022,19:30:53,-20.3696,149.0103,365,174,274,110,36,,,72,103,5,,,,,,,,,,,,,,,,,,,,,,,,,,,,,
5171,209945,3,SR,3,467,14-Jan-2022,19:31:08,-20.3696,149.0103,,401650000,-130,,0,14-Jan-2022,19:31:24,-20.3696,149.0103,365,174,274,110,36,,,91,201,52,,,,,,,,,,,,,,,,,,,,,,,,,,,,,
5171,209945,3,SR,3,467,14-Jan-2022,19:31:08,-20.3696,149.0103,,401650000,-130,,1,14-Jan-2022,19:32:13,-20.3696,149.0103,365,174,274,110,36,,,15,1,16,,,,,,,,,,,,,,,,,,,,,,,,,,,,,
5171,209945,3,NP,B,468,14-Jan-2022,19:44:30,-20.3708,149.0104,,401677691,-133,6,0,14-Jan-2022,19:44:30,-20.3708,149.0104,,560,600,522,85,,,224,50,194,,,,,,,,,,,,,,,,,,,,,,,,,,,,,
5171,209945,3,NK,A,469,14-Jan-2022,21:04:44,-20.3771,149.0319,,401677689,-123,8,0,14-Jan-2022,21:00:11,-20.3771,149.0319,480,231,365,145,39,,,91,233,52,,,,,,,,,,,,,,,,,,,,,,,,,,,,,
5171,209945,3,NK,A,469,14-Jan-2022,21:04:44,-20.3771,149.0319,,401677689,-123,8,0,14-Jan-2022,21:05:50,-20.3771,149.0319,480,231,365,145,39,,,103,137,0,,,,,,,,,,,,,,,,,,,,,,,,,,,,,
5171,209945,31,NK,A,469,14-Jan-2022,21:04:44,-20.3771,149.0319,,401677689,-123,8,0,14-Jan-2022,21:08:11,-20.3771,149.0319,480,231,365,145,39,,,40,133,160,14,238,224,0,0,238,238,230,249,235,150,53,186,42,104,212,190,49,16,128,71,143,193,97,208,45,198,226,
5171,209945,3,SR,B,470,14-Jan-2022,21:05:49,-20.3792,149.0128,,401677685,-127,8,0,14-Jan-2022,21:05:50,-20.3792,149.0128,,1286,1438,1149,63,,,103,137,0,,,,,,,,,,,,,,,,,,,,,,,,,,,,,
5171,209945,3,SR,A,471,16-Jan-2022,07:41:31,-20.2314,149.1257,,401677690,-122,,0,16-Jan-2022,07:40:04,-20.2314,149.1257,537,11808,,,,,,101,131,0,,,,,,,,,,,,,,,,,,,,,,,,,,,,,
5171,209945,3,SR,A,471,16-Jan-2022,07:41:31,-20.2314,149.1257,,401677690,-122,,0,16-Jan-2022,07:42:59,-20.2314,149.1257,537,11808,,,,,,15,1,16,,,,,,,,,,,,,,,,,,,,,,,,,,,,,
5171,209945,3,SR,A,471,16-Jan-2022,07:41:31,-20.2314,149.1257,,401677690,-122,,0,16-Jan-2022,07:49:01,-20.2314,149.1257,537,11808,,,,,,110,132,0,,,,,,,,,,,,,,,,,,,,,,,,,,,,,
5171,209945,3,NN,B,472,16-Jan-2022,11:54:57,-20.2616,149.1861,,401677674,-132,8,0,16-Jan-2022,11:54:58,-20.2616,149.1861,,11180,18205,6865,86,,,82,26,53,,,,,,,,,,,,,,,,,,,,,,,,,,,,,
5171,209945,31,SR,B,473,17-Jan-2022,07:15:36,-20.3408,149.2426,,401677727,-129,,0,17-Jan-2022,07:15:04,-20.3408,149.2426,65,9365,174787,501,120,,,40,134,0,224,238,224,224,0,238,14,0,0,1,14,238,191,134,0,0,0,0,0,0,0,0,0,0,255,0,0,67,
5171,209945,3,SR,B,473,17-Jan-2022,07:15:36,-20.3408,149.2426,,401677727,-129,,0,17-Jan-2022,07:16:09,-20.3408,149.2426,65,9365,174787,501,120,,,69,110,5,,,,,,,,,,,,,,,,,,,,,,,,,,,,,
5171,209945,31,SR,B,474,17-Jan-2022,08:56:24,-20.2399,149.0659,,401677689,-136,8,0,17-Jan-2022,08:56:24,-20.2399,149.0659,,2459,5792,1043,116,,,40,134,0,224,238,224,224,0,238,14,0,0,1,14,238,191,134,0,0,0,0,0,0,0,0,0,0,255,0,0,67,
5171,209945,3,NP,B,475,17-Jan-2022,09:39:15,-20.2344,149.0549,,401677686,-132,8,0,17-Jan-2022,09:39:16,-20.2344,149.0549,,2112,3366,1325,109,,,67,112,5,,,,,,,,,,,,,,,,,,,,,,,,,,,,,
5171,209945,3,NN,B,476,17-Jan-2022,13:20:25,-20.2936,149.0892,,401677662,-129,8,0,17-Jan-2022,13:20:26,-20.2936,149.0892,,2490,4151,1493,83,,,87,234,53,,,,,,,,,,,,,,,,,,,,,,,,,,,,,
5171,209945,31,MC,B,477,18-Jan-2022,12:08:04,-20.2496,148.7193,,401677678,-130,,0,18-Jan-2022,12:08:04,-20.2496,148.7193,,6099,8121,4579,91,,,40,134,32,224,238,238,224,0,238,238,14,238,224,238,238,202,134,32,0,0,0,0,0,0,0,2,0,247,24,23,168,
5171,209945,31,NK,B,478,18-Jan-2022,21:07:16,-20.2367,148.7137,,401677666,-135,8,0,18-Jan-2022,21:07:16,-20.2367,148.7137,,13062,39676,4300,98,,,40,134,32,224,238,238,224,0,238,238,14,238,224,238,238,233,170,138,127,85,110,187,21,103,13,93,81,254,159,169,35,
5171,209945,3,NP,B,479,18-Jan-2022,22:20:53,-19.9837,148.9199,,401677678,-126,8,0,18-Jan-2022,22:20:44,-19.9837,148.9199,19,6624,15845,2769,114,,,68,130,2,,,,,,,,,,,,,,,,,,,,,,,,,,,,,
5171,209945,3,NP,B,479,18-Jan-2022,22:20:53,-19.9837,148.9199,,401677678,-126,8,0,18-Jan-2022,22:21:03,-19.9837,148.9199,19,6624,15845,2769,114,,,15,1,16,,,,,,,,,,,,,,,,,,,,,,,,,,,,,
5171,209945,3,SR,1,480,19-Jan-2022,07:48:11,-19.7450,149.0679,,401677689,-121,58,0,19-Jan-2022,07:50:59,-19.7450,149.0679,255,1135,6799,189,102,,,100,134,0,,,,,,,,,,,,,,,,,,,,,,,,,,,,,
5171,209945,3,SR,1,480,19-Jan-2022,07:48:11,-19.7450,149.0679,,401677689,-121,58,0,19-Jan-2022,07:51:15,-19.7450,149.0679,255,1135,6799,189,102,,,15,1,16,,,,,,,,,,,,,,,,,,,,,,,,,,,,,
5171,209945,3,SR,1,480,19-Jan-2022,07:48:11,-19.7450,149.0679,,401677689,-121,58,1,19-Jan-2022,07:51:50,-19.7450,149.0679,255,1135,6799,189,102,,,30,142,28,,,,,,,,,,,,,,,,,,,,,,,,,,,,,
5171,209945,3,SR,1,480,19-Jan-2022,07:48:11,-19.7450,149.0679,,401677689,-121,58,0,19-Jan-2022,07:52:25,-19.7450,149.0679,255,1135,6799,189,102,,,68,107,5,,,,,,,,,,,,,,,,,,,,,,,,,,,,,
5171,209945,31,SR,1,480,19-Jan-2022,07:48:11,-19.7450,149.0679,,401677689,-121,58,0,19-Jan-2022,07:53:21,-19.7450,149.0679,255,1135,6799,189,102,,,40,134,64,238,236,239,29,8,35,27,241,226,28,246,88,118,137,31,172,127,36,61,88,56,169,73,234,83,195,168,32,
5171,209945,3,SR,1,480,19-Jan-2022,07:48:11,-19.7450,149.0679,,401677689,-121,58,0,19-Jan-2022,07:53:41,-19.7450,149.0679,255,1135,6799,189,102,,,95,109,54,,,,,,,,,,,,,,,,,,,,,,,,,,,,,
5171,209945,3,SR,1,480,19-Jan-2022,07:48:11,-19.7450,149.0679,,401677689,-121,58,2,19-Jan-2022,07:55:14,-19.7450,149.0679,255,1135,6799,189,102,,,30,142,28,,,,,,,,,,,,,,,,,,,,,,,,,,,,,
5171,209945,3,MB,B,481,19-Jan-2022,11:04:27,-19.6861,149.0543,,401677696,-132,8,0,19-Jan-2022,11:04:19,-19.6861,149.0543,16,7656,10651,5502,61,,,30,142,28,,,,,,,,,,,,,,,,,,,,,,,,,,,,,
5171,209945,3,MB,B,481,19-Jan-2022,11:04:27,-19.6861,149.0543,,401677696,-132,8,0,19-Jan-2022,11:04:35,-19.6861,149.0543,16,7656,10651,5502,61,,,68,75,5,,,,,,,,,,,,,,,,,,,,,,,,,,,,,
5171,209945,3,NK,0,482,19-Jan-2022,11:05:45,-19.6984,149.0477,,401677699,-132,56,0,19-Jan-2022,11:04:19,-19.6984,149.0477,213,1767,9376,333,112,,,30,142,28,,,,,,,,,,,,,,,,,,,,,,,,,,,,,
5171,209945,3,NK,0,482,19-Jan-2022,11:05:45,-19.6984,149.0477,,401677699,-132,56,0,19-Jan-2022,11:04:35,-19.6984,149.0477,213,1767,9376,333,112,,,68,107,5,,,,,,,,,,,,,,,,,,,,,,,,,,,,,
5171,209945,3,NK,0,482,19-Jan-2022,11:05:45,-19.6984,149.0477,,401677699,-132,56,1,19-Jan-2022,11:06:32,-19.6984,149.0477,213,1767,9376,333,112,,,15,1,16,,,,,,,,,,,,,,,,,,,,,,,,,,,,,
5171,209945,3,NK,0,482,19-Jan-2022,11:05:45,-19.6984,149.0477,,401677699,-132,56,0,19-Jan-2022,11:07:35,-19.6984,149.0477,213,1767,9376,333,112,,,93,217,54,,,,,,,,,,,,,,,,,,,,,,,,,,,,,
5171,209945,3,NK,0,482,19-Jan-2022,11:05:45,-19.6984,149.0477,,401677699,-132,56,0,19-Jan-2022,11:07:52,-19.6984,149.0477,213,1767,9376,333,112,,,100,134,0,,,,,,,,,,,,,,,,,,,,,,,,,,,,,
5171,209945,3,MC,1,483,19-Jan-2022,11:53:46,-19.6746,149.0400,,401677689,-120,58,0,19-Jan-2022,11:54:30,-19.6746,149.0400,311,1238,22816,67,80,,,244,192,121,,,,,,,,,,,,,,,,,,,,,,,,,,,,,
5171,209945,3,MC,1,483,19-Jan-2022,11:53:46,-19.6746,149.0400,,401677689,-120,58,1,19-Jan-2022,11:55:31,-19.6746,149.0400,311,1238,22816,67,80,,,78,105,5,,,,,,,,,,,,,,,,,,,,,,,,,,,,,
5171,209945,23,MC,1,483,19-Jan-2022,11:53:46,-19.6746,149.0400,,401677689,-120,58,0,19-Jan-2022,11:56:07,-19.6746,149.0400,311,1238,22816,67,80,,,70,112,165,245,40,150,198,120,73,176,57,142,88,109,219,16,1,90,27,214,160,255,128,,,,,,,,,
5171,209945,3,MC,1,483,19-Jan-2022,11:53:46,-19.6746,149.0400,,401677689,-120,58,1,19-Jan-2022,11:57:42,-19.6746,149.0400,311,1238,22816,67,80,,,30,142,28,,,,,,,,,,,,,,,,,,,,,,,,,,,,,
5171,209945,3,MC,1,483,19-Jan-2022,11:53:46,-19.6746,149.0400,,401677689,-120,58,0,19-Jan-2022,11:58:01,-19.6746,149.0400,311,1238,22816,67,80,,,65,106,5,,,,,,,,,,,,,,,,,,,,,,,,,,,,,
5171,209945,3,MC,1,483,19-Jan-2022,11:53:46,-19.6746,149.0400,,401677689,-120,58,0,19-Jan-2022,11:59:41,-19.6746,149.0400,311,1238,22816,67,80,,,95,243,54,,,,,,,,,,,,,,,,,,,,,,,,,,,,,
5171,209945,3,SR,0,484,19-Jan-2022,20:13:34,-19.5268,148.9525,,401677690,-124,48,0,19-Jan-2022,20:08:31,-19.5268,148.9525,453,9132,164983,505,82,,,72,69,2,,,,,,,,,,,,,,,,,,,,,,,,,,,,,
5171,209945,3,SR,0,484,19-Jan-2022,20:13:34,-19.5268,148.9525,,401677690,-124,48,0,19-Jan-2022,20:14:31,-19.5268,148.9525,453,9132,164983,505,82,,,30,142,28,,,,,,,,,,,,,,,,,,,,,,,,,,,,,
5171,209945,3,SR,0,484,19-Jan-2022,20:13:34,-19.5268,148.9525,,401677690,-124,48,0,19-Jan-2022,20:15:13,-19.5268,148.9525,453,9132,164983,505,82,,,5,8,238,,,,,,,,,,,,,,,,,,,,,,,,,,,,,
5171,209945,3,SR,0,484,19-Jan-2022,20:13:34,-19.5268,148.9525,,401677690,-124,48,0,19-Jan-2022,20:16:04,-19.5268,148.9525,453,9132,164983,505,82,,,90,28,55,,,,,,,,,,,,,,,,,,,,,,,,,,,,,
5171,209945,23,NK,A,485,19-Jan-2022,20:39:38,-19.5118,148.9955,,401677687,-127,6,0,19-Jan-2022,20:37:37,-19.5118,148.9955,212,3502,32538,376,102,,,82,80,165,245,40,150,198,120,73,210,210,82,22,110,63,18,1,117,27,214,112,255,128,,,,,,,,,
5171,209945,3,NK,A,485,19-Jan-2022,20:39:38,-19.5118,148.9955,,401677687,-127,6,0,19-Jan-2022,20:40:11,-19.5118,148.9955,212,3502,32538,376,102,,,75,104,5,,,,,,,,,,,,,,,,,,,,,,,,,,,,,
5171,209945,3,NK,A,485,19-Jan-2022,20:39:38,-19.5118,148.9955,,401677687,-127,6,0,19-Jan-2022,20:41:09,-19.5118,148.9955,212,3502,32538,376,102,,,92,34,54,,,,,,,,,,,,,,,,,,,,,,,,,,,,,
5171,209945,3,SR,3,486,20-Jan-2022,07:12:54,-19.2533,149.0506,,401677696,-131,58,0,20-Jan-2022,07:12:21,-19.2533,149.0506,569,249,505,122,116,,,15,1,16,,,,,,,,,,,,,,,,,,,,,,,,,,,,,
5171,209945,3,SR,3,486,20-Jan-2022,07:12:54,-19.2533,149.0506,,401677696,-131,58,0,20-Jan-2022,07:13:28,-19.2533,149.0506,569,249,505,122,116,,,84,148,55,,,,,,,,,,,,,,,,,,,,,,,,,,,,,
5171,209945,3,SR,3,486,20-Jan-2022,07:12:54,-19.2533,149.0506,,401677696,-131,58,0,20-Jan-2022,07:15:48,-19.2533,149.0506,569,249,505,122,116,,,62,142,24,,,,,,,,,,,,,,,,,,,,,,,,,,,,,
5171,209945,3,SR,3,486,20-Jan-2022,07:12:54,-19.2533,149.0506,,401677696,-131,58,0,20-Jan-2022,07:16:47,-19.2533,149.0506,569,249,505,122,116,,,93,153,55,,,,,,,,,,,,,,,,,,,,,,,,,,,,,
5171,209945,3,SR,3,486,20-Jan-2022,07:12:54,-19.2533,149.0506,,401677696,-131,58,2,20-Jan-2022,07:18:19,-19.2533,149.0506,569,249,505,122,116,,,15,1,16,,,,,,,,,,,,,,,,,,,,,,,,,,,,,
5171,209945,23,SR,3,486,20-Jan-2022,07:12:54,-19.2533,149.0506,,401677696,-131,58,0,20-Jan-2022,07:19:11,-19.2533,149.0506,569,249,505,122,116,,,83,144,165,245,40,150,198,120,74,29,171,82,26,255,145,166,3,225,25,214,128,255,128,,,,,,,,,
5171,209945,3,SR,3,486,20-Jan-2022,07:12:54,-19.2533,149.0506,,401677696,-131,58,0,20-Jan-2022,07:20:07,-19.2533,149.0506,569,249,505,122,116,,,30,142,119,,,,,,,,,,,,,,,,,,,,,,,,,,,,,
5171,209945,3,SR,3,486,20-Jan-2022,07:12:54,-19.2533,149.0506,,401677696,-131,58,0,20-Jan-2022,07:21:50,-19.2533,149.0506,569,249,505,122,116,,,75,104,5,,,,,,,,,,,,,,,,,,,,,,,,,,,,,
5171,209945,3,SR,0,487,20-Jan-2022,08:54:45,-19.2150,149.0524,,401677688,-132,58,0,20-Jan-2022,08:54:38,-19.2150,149.0524,119,4178,21801,800,72,,,103,137,0,,,,,,,,,,,,,,,,,,,,,,,,,,,,,
5171,209945,3,SR,0,487,20-Jan-2022,08:54:45,-19.2150,149.0524,,401677688,-132,58,0,20-Jan-2022,08:54:54,-19.2150,149.0524,119,4178,21801,800,72,,,15,1,16,,,,,,,,,,,,,,,,,,,,,,,,,,,,,
5171,209945,3,SR,0,487,20-Jan-2022,08:54:45,-19.2150,149.0524,,401677688,-132,58,0,20-Jan-2022,08:55:09,-19.2150,149.0524,119,4178,21801,800,72,,,30,142,28,,,,,,,,,,,,,,,,,,,,,,,,,,,,,
5171,209945,3,SR,0,487,20-Jan-2022,08:54:45,-19.2150,149.0524,,401677688,-132,58,0,20-Jan-2022,08:56:05,-19.2150,149.0524,119,4178,21801,800,72,,,92,39,56,,,,,,,,,,,,,,,,,,,,,,,,,,,,,
5171,209945,3,SR,0,487,20-Jan-2022,08:54:45,-19.2150,149.0524,,401677688,-132,58,0,20-Jan-2022,08:56:37,-19.2150,149.0524,119,4178,21801,800,72,,,98,136,0,,,,,,,,,,,,,,,,,,,,,,,,,,,,,
5171,209945,3,NP,0,488,20-Jan-2022,08:55:56,-19.2020,149.0375,,401677690,-130,56,0,20-Jan-2022,08:55:09,-19.2020,149.0375,106,4175,23868,730,100,,,30,134,24,,,,,,,,,,,,,,,,,,,,,,,,,,,,,
5171,209945,3,NP,0,488,20-Jan-2022,08:55:56,-19.2020,149.0375,,401677690,-130,56,0,20-Jan-2022,08:56:05,-19.2020,149.0375,106,4175,23868,730,100,,,92,39,56,,,,,,,,,,,,,,,,,,,,,,,,,,,,,
5171,209945,3,NP,0,488,20-Jan-2022,08:55:56,-19.2020,149.0375,,401677690,-130,56,0,20-Jan-2022,08:56:37,-19.2020,149.0375,106,4175,23868,730,100,,,98,136,0,,,,,,,,,,,,,,,,,,,,,,,,,,,,,
5171,209945,3,NP,0,488,20-Jan-2022,08:55:56,-19.2020,149.0375,,401677690,-130,56,1,20-Jan-2022,08:56:55,-19.2020,149.0375,106,4175,23868,730,100,,,15,1,16,,,,,,,,,,,,,,,,,,,,,,,,,,,,,
5171,209945,3,SR,0,489,21-Jan-2022,08:31:37,-19.0024,148.8702,,401677686,-130,50,0,21-Jan-2022,08:30:51,-19.0024,148.8702,97,17912,218427,1468,70,,,87,111,56,,,,,,,,,,,,,,,,,,,,,,,,,,,,,
5171,209945,31,SR,0,489,21-Jan-2022,08:31:37,-19.0024,148.8702,,401677686,-130,50,0,21-Jan-2022,08:31:10,-19.0024,148.8702,97,17912,218427,1468,70,,,40,130,199,194,79,55,216,14,168,240,4,47,201,187,216,159,12,121,139,4,240,60,220,241,103,249,1,141,238,123,144,
5171,209945,3,SR,0,489,21-Jan-2022,08:31:37,-19.0024,148.8702,,401677686,-130,50,0,21-Jan-2022,08:31:25,-19.0024,148.8702,97,17912,218427,1468,70,,,98,136,0,,,,,,,,,,,,,,,,,,,,,,,,,,,,,
5171,209945,3,SR,0,489,21-Jan-2022,08:31:37,-19.0024,148.8702,,401677686,-130,50,0,21-Jan-2022,08:31:41,-19.0024,148.8702,97,17912,218427,1468,70,,,15,1,16,,,,,,,,,,,,,,,,,,,,,,,,,,,,,
5171,209945,3,SR,0,489,21-Jan-2022,08:31:37,-19.0024,148.8702,,401677686,-130,50,0,21-Jan-2022,08:32:10,-19.0024,148.8702,97,17912,218427,1468,70,,,30,142,28,,,,,,,,,,,,,,,,,,,,,,,,,,,,,
5171,209945,3,SR,0,489,21-Jan-2022,08:31:37,-19.0024,148.8702,,401677686,-130,50,0,21-Jan-2022,08:32:28,-19.0024,148.8702,97,17912,218427,1468,70,,,65,107,5,,,,,,,,,,,,,,,,,,,,,,,,,,,,,
5171,209945,3,NK,2,490,21-Jan-2022,08:37:14,-19.0098,148.8356,,401677691,-129,56,0,21-Jan-2022,08:33:14,-19.0098,148.8356,464,372,509,272,19,,,103,137,0,,,,,,,,,,,,,,,,,,,,,,,,,,,,,
5171,209945,3,NK,2,490,21-Jan-2022,08:37:14,-19.0098,148.8356,,401677691,-129,56,0,21-Jan-2022,08:36:02,-19.0098,148.8356,464,372,509,272,19,,,98,136,0,,,,,,,,,,,,,,,,,,,,,,,,,,,,,
5171,209945,23,NK,2,490,21-Jan-2022,08:37:14,-19.0098,148.8356,,401677691,-129,56,0,21-Jan-2022,08:36:52,-19.0098,148.8356,464,372,509,272,19,,,74,240,165,247,82,84,104,88,211,205,215,133,107,226,79,127,202,190,56,203,107,189,149,,,,,,,,,
5171,209945,3,NK,2,490,21-Jan-2022,08:37:14,-19.0098,148.8356,,401677691,-129,56,0,21-Jan-2022,08:37:34,-19.0098,148.8356,464,372,509,272,19,,,30,142,28,,,,,,,,,,,,,,,,,,,,,,,,,,,,,
5171,209945,3,NK,2,490,21-Jan-2022,08:37:14,-19.0098,148.8356,,401677691,-129,56,1,21-Jan-2022,08:37:51,-19.0098,148.8356,464,372,509,272,19,,,68,107,5,,,,,,,,,,,,,,,,,,,,,,,,,,,,,
5171,209945,3,NK,2,490,21-Jan-2022,08:37:14,-19.0098,148.8356,,401677691,-129,56,0,21-Jan-2022,08:38:38,-19.0098,148.8356,464,372,509,272,19,,,107,133,0,,,,,,,,,,,,,,,,,,,,,,,,,,,,,
5171,209945,3,NK,2,490,21-Jan-2022,08:37:14,-19.0098,148.8356,,401677691,-129,56,0,21-Jan-2022,08:39:44,-19.0098,148.8356,464,372,509,272,19,,,65,106,5,,,,,,,,,,,,,,,,,,,,,,,,,,,,,
5171,209945,3,NK,2,490,21-Jan-2022,08:37:14,-19.0098,148.8356,,401677691,-129,56,1,21-Jan-2022,08:40:58,-19.0098,148.8356,464,372,509,272,19,,,15,1,16,,,,,,,,,,,,,,,,,,,,,,,,,,,,,
5171,209945,3,NP,1,491,21-Jan-2022,08:52:26,-19.0072,148.8349,,401677690,-131,46,0,21-Jan-2022,08:44:16,-19.0072,148.8349,491,527,598,464,54,,,98,136,0,,,,,,,,,,,,,,,,,,,,,,,,,,,,,
5171,209945,3,NP,1,491,21-Jan-2022,08:52:26,-19.0072,148.8349,,401677690,-131,46,0,21-Jan-2022,08:45:39,-19.0072,148.8349,491,527,598,464,54,,,68,107,5,,,,,,,,,,,,,,,,,,,,,,,,,,,,,
5171,209945,3,NP,1,491,21-Jan-2022,08:52:26,-19.0072,148.8349,,401677690,-131,46,0,21-Jan-2022,08:46:26,-19.0072,148.8349,491,527,598,464,54,,,103,137,0,,,,,,,,,,,,,,,,,,,,,,,,,,,,,
5171,209945,3,NP,1,491,21-Jan-2022,08:52:26,-19.0072,148.8349,,401677690,-131,46,1,21-Jan-2022,08:46:42,-19.0072,148.8349,491,527,598,464,54,,,15,1,16,,,,,,,,,,,,,,,,,,,,,,,,,,,,,
5171,209945,3,NP,1,491,21-Jan-2022,08:52:26,-19.0072,148.8349,,401677690,-131,46,0,21-Jan-2022,08:47:27,-19.0072,148.8349,491,527,598,464,54,,,30,142,28,,,,,,,,,,,,,,,,,,,,,,,,,,,,,
5171,209945,3,NP,1,491,21-Jan-2022,08:52:26,-19.0072,148.8349,,401677690,-131,46,1,21-Jan-2022,08:49:14,-19.0072,148.8349,491,527,598,464,54,,,65,106,5,,,,,,,,,,,,,,,,,,,,,,,,,,,,,
5171,209945,3,NP,1,491,21-Jan-2022,08:52:26,-19.0072,148.8349,,401677690,-131,46,0,21-Jan-2022,08:52:27,-19.0072,148.8349,491,527,598,464,54,,,85,148,56,,,,,,,,,,,,,,,,,,,,,,,,,,,,,
5171,209945,3,NK,A,492,21-Jan-2022,10:15:27,-18.9985,148.8189,,401677693,-122,8,0,21-Jan-2022,10:14:05,-18.9985,148.8189,188,2368,21198,264,83,,,66,101,5,,,,,,,,,,,,,,,,,,,,,,,,,,,,,
5171,209945,3,NK,A,492,21-Jan-2022,10:15:27,-18.9985,148.8189,,401677693,-122,8,0,21-Jan-2022,10:15:05,-18.9985,148.8189,188,2368,21198,264,83,,,80,165,56,,,,,,,,,,,,,,,,,,,,,,,,,,,,,
5171,209945,3,NK,A,492,21-Jan-2022,10:15:27,-18.9985,148.8189,,401677693,-122,8,0,21-Jan-2022,10:17:13,-18.9985,148.8189,188,2368,21198,264,83,,,65,106,5,,,,,,,,,,,,,,,,,,,,,,,,,,,,,
5171,209945,3,MB,2,493,21-Jan-2022,11:56:50,-19.0051,148.7803,,401677691,-124,58,0,21-Jan-2022,11:54:31,-19.0051,148.7803,372,403,1581,102,80,,,77,102,5,,,,,,,,,,,,,,,,,,,,,,,,,,,,,
5171,209945,3,MB,2,493,21-Jan-2022,11:56:50,-19.0051,148.7803,,401677691,-124,58,0,21-Jan-2022,11:55:08,-19.0051,148.7803,372,403,1581,102,80,,,80,181,56,,,,,,,,,,,,,,,,,,,,,,,,,,,,,
5171,209945,3,MB,2,493,21-Jan-2022,11:56:50,-19.0051,148.7803,,401677691,-124,58,0,21-Jan-2022,11:55:46,-19.0051,148.7803,372,403,1581,102,80,,,98,136,0,,,,,,,,,,,,,,,,,,,,,,,,,,,,,
5171,209945,3,MB,2,493,21-Jan-2022,11:56:50,-19.0051,148.7803,,401677691,-124,58,0,21-Jan-2022,11:56:20,-19.0051,148.7803,372,403,1581,102,80,,,30,142,28,,,,,,,,,,,,,,,,,,,,,,,,,,,,,
5171,209945,3,MB,2,493,21-Jan-2022,11:56:50,-19.0051,148.7803,,401677691,-124,58,0,21-Jan-2022,11:56:35,-19.0051,148.7803,372,403,1581,102,80,,,65,106,5,,,,,,,,,,,,,,,,,,,,,,,,,,,,,
5171,209945,3,MB,2,493,21-Jan-2022,11:56:50,-19.0051,148.7803,,401677691,-124,58,0,21-Jan-2022,11:57:42,-19.0051,148.7803,372,403,1581,102,80,,,83,186,56,,,,,,,,,,,,,,,,,,,,,,,,,,,,,
5171,209945,3,MB,2,493,21-Jan-2022,11:56:50,-19.0051,148.7803,,401677691,-124,58,1,21-Jan-2022,11:58:50,-19.0051,148.7803,372,403,1581,102,80,,,15,1,16,,,,,,,,,,,,,,,,,,,,,,,,,,,,,
5171,209945,3,MB,2,493,21-Jan-2022,11:56:50,-19.0051,148.7803,,401677691,-124,58,0,21-Jan-2022,12:00:43,-19.0051,148.7803,372,403,1581,102,80,,,96,135,0,,,,,,,,,,,,,,,,,,,,,,,,,,,,,
5171,209945,3,NN,1,494,21-Jan-2022,12:30:01,-19.0014,148.7699,,401677690,-120,58,0,21-Jan-2022,12:28:42,-19.0014,148.7699,242,1017,12290,84,72,,,110,132,0,,,,,,,,,,,,,,,,,,,,,,,,,,,,,
5171,209945,3,NN,1,494,21-Jan-2022,12:30:01,-19.0014,148.7699,,401677690,-120,58,0,21-Jan-2022,12:29:21,-19.0014,148.7699,242,1017,12290,84,72,,,30,142,28,,,,,,,,,,,,,,,,,,,,,,,,,,,,,
5171,209945,23,NN,1,494,21-Jan-2022,12:30:01,-19.0014,148.7699,,401677690,-120,58,0,21-Jan-2022,12:29:55,-19.0014,148.7699,242,1017,12290,84,72,,,67,16,165,245,40,150,198,120,74,178,87,210,20,113,145,16,1,131,25,214,240,188,17,,,,,,,,,
5171,209945,3,NN,1,494,21-Jan-2022,12:30:01,-19.0014,148.7699,,401677690,-120,58,0,21-Jan-2022,12:31:08,-19.0014,148.7699,242,1017,12290,84,72,,,98,136,0,,,,,,,,,,,,,,,,,,,,,,,,,,,,,
5171,209945,3,NN,1,494,21-Jan-2022,12:30:01,-19.0014,148.7699,,401677690,-120,58,2,21-Jan-2022,12:31:56,-19.0014,148.7699,242,1017,12290,84,72,,,15,1,16,,,,,,,,,,,,,,,,,,,,,,,,,,,,,
5171,209945,3,NN,1,494,21-Jan-2022,12:30:01,-19.0014,148.7699,,401677690,-120,58,0,21-Jan-2022,12:32:16,-19.0014,148.7699,242,1017,12290,84,72,,,30,142,14,,,,,,,,,,,,,,,,,,,,,,,,,,,,,
5171,209945,3,NN,1,494,21-Jan-2022,12:30:01,-19.0014,148.7699,,401677690,-120,58,1,21-Jan-2022,12:32:44,-19.0014,148.7699,242,1017,12290,84,72,,,72,103,5,,,,,,,,,,,,,,,,,,,,,,,,,,,,,
5171,209945,3,NK,B,495,21-Jan-2022,19:45:54,-18.9707,148.7909,,401677677,-137,8,0,21-Jan-2022,19:45:55,-18.9707,148.7909,,10489,15755,6982,104,,,30,142,28,,,,,,,,,,,,,,,,,,,,,,,,,,,,,
5171,209945,3,NP,B,496,21-Jan-2022,20:02:40,-19.0091,148.8851,,401677680,-133,8,0,21-Jan-2022,19:58:57,-19.0091,148.8851,448,6843,132872,352,13,,,91,19,194,,,,,,,,,,,,,,,,,,,,,,,,,,,,,
5171,209945,3,NP,B,496,21-Jan-2022,20:02:40,-19.0091,148.8851,,401677680,-133,8,0,21-Jan-2022,20:06:25,-19.0091,148.8851,448,6843,132872,352,13,,,92,8,57,,,,,,,,,,,,,,,,,,,,,,,,,,,,,
5171,209945,3,NK,A,497,21-Jan-2022,21:26:47,-19.0000,148.8963,,401677692,-125,8,0,21-Jan-2022,21:24:19,-19.0000,148.8963,425,717,13663,37,109,,,72,103,5,,,,,,,,,,,,,,,,,,,,,,,,,,,,,
5171,209945,3,NK,A,497,21-Jan-2022,21:26:47,-19.0000,148.8963,,401677692,-125,8,0,21-Jan-2022,21:24:39,-19.0000,148.8963,425,717,13663,37,109,,,94,34,57,,,,,,,,,,,,,,,,,,,,,,,,,,,,,
5171,209945,3,NK,A,497,21-Jan-2022,21:26:47,-19.0000,148.8963,,401677692,-125,8,0,21-Jan-2022,21:31:24,-19.0000,148.8963,425,717,13663,37,109,,,30,142,28,,,,,,,,,,,,,,,,,,,,,,,,,,,,,
5171,209945,3,SR,A,498,22-Jan-2022,07:58:17,-19.1353,149.0458,,401677691,-124,8,0,22-Jan-2022,07:59:39,-19.1353,149.0458,122,822,4543,148,133,,,75,120,2,,,,,,,,,,,,,,,,,,,,,,,,,,,,,
5171,209945,3,SR,A,498,22-Jan-2022,07:58:17,-19.1353,149.0458,,401677691,-124,8,1,22-Jan-2022,08:01:41,-19.1353,149.0458,122,822,4543,148,133,,,15,1,16,,,,,,,,,,,,,,,,,,,,,,,,,,,,,
5171,209945,3,NK,B,499,22-Jan-2022,08:11:05,-19.1366,149.0478,,401677684,-140,6,0,22-Jan-2022,08:11:05,-19.1366,149.0478,,1900,3186,1133,130,,,30,130,5,,,,,,,,,,,,,,,,,,,,,,,,,,,,,
5171,209945,31,NP,A,500,22-Jan-2022,08:33:42,-19.1414,149.0520,,401677681,-129,8,0,22-Jan-2022,08:32:23,-19.1414,149.0520,127,1006,3570,283,75,,,42,140,172,232,49,50,184,45,7,47,51,124,227,233,132,97,22,128,225,108,149,10,196,196,54,157,88,226,179,191,112,
5171,209945,3,NP,A,500,22-Jan-2022,08:33:42,-19.1414,149.0520,,401677681,-129,8,0,22-Jan-2022,08:34:15,-19.1414,149.0520,127,1006,3570,283,75,,,100,134,0,,,,,,,,,,,,,,,,,,,,,,,,,,,,,
5171,209945,3,NP,A,500,22-Jan-2022,08:33:42,-19.1414,149.0520,,401677681,-129,8,0,22-Jan-2022,08:34:30,-19.1414,149.0520,127,1006,3570,283,75,,,15,1,16,,,,,,,,,,,,,,,,,,,,,,,,,,,,,
5171,209945,3,NP,0,501,22-Jan-2022,19:52:58,-19.1938,149.1883,,401677670,-131,58,0,22-Jan-2022,19:52:18,-19.1938,149.1883,93,2483,13899,443,69,,,81,165,255,,,,,,,,,,,,,,,,,,,,,,,,,,,,,
5171,209945,3,NP,0,501,22-Jan-2022,19:52:58,-19.1938,149.1883,,401677670,-131,58,0,22-Jan-2022,19:52:36,-19.1938,149.1883,93,2483,13899,443,69,,,107,133,0,,,,,,,,,,,,,,,,,,,,,,,,,,,,,
5171,209945,3,NP,0,501,22-Jan-2022,19:52:58,-19.1938,149.1883,,401677670,-131,58,0,22-Jan-2022,19:53:08,-19.1938,149.1883,93,2483,13899,443,69,,,15,1,16,,,,,,,,,,,,,,,,,,,,,,,,,,,,,
5171,209945,3,NP,0,501,22-Jan-2022,19:52:58,-19.1938,149.1883,,401677670,-131,58,0,22-Jan-2022,19:53:51,-19.1938,149.1883,93,2483,13899,443,69,,,30,142,28,,,,,,,,,,,,,,,,,,,,,,,,,,,,,
5171,209945,3,SR,1,502,22-Jan-2022,20:22:49,-19.1850,149.2458,,401677690,-126,58,0,22-Jan-2022,20:13:05,-19.1850,149.2458,584,657,3659,117,73,,,85,191,57,,,,,,,,,,,,,,,,,,,,,,,,,,,,,
5171,209945,3,SR,1,502,22-Jan-2022,20:22:49,-19.1850,149.2458,,401677690,-126,58,0,22-Jan-2022,20:13:31,-19.1850,149.2458,584,657,3659,117,73,,,100,134,0,,,,,,,,,,,,,,,,,,,,,,,,,,,,,
5171,209945,3,SR,1,502,22-Jan-2022,20:22:49,-19.1850,149.2458,,401677690,-126,58,0,22-Jan-2022,20:15:08,-19.1850,149.2458,584,657,3659,117,73,,,15,1,16,,,,,,,,,,,,,,,,,,,,,,,,,,,,,
5171,209945,3,SR,1,502,22-Jan-2022,20:22:49,-19.1850,149.2458,,401677690,-126,58,0,22-Jan-2022,20:16:56,-19.1850,149.2458,584,657,3659,117,73,,,30,142,28,,,,,,,,,,,,,,,,,,,,,,,,,,,,,
5171,209945,3,SR,1,502,22-Jan-2022,20:22:49,-19.1850,149.2458,,401677690,-126,58,0,22-Jan-2022,20:17:17,-19.1850,149.2458,584,657,3659,117,73,,,76,99,5,,,,,,,,,,,,,,,,,,,,,,,,,,,,,
5171,209945,3,SR,1,502,22-Jan-2022,20:22:49,-19.1850,149.2458,,401677690,-126,58,0,22-Jan-2022,20:19:12,-19.1850,149.2458,584,657,3659,117,73,,,80,197,57,,,,,,,,,,,,,,,,,,,,,,,,,,,,,
5171,209945,3,SR,1,502,22-Jan-2022,20:22:49,-19.1850,149.2458,,401677690,-126,58,0,22-Jan-2022,20:22:49,-19.1850,149.2458,584,657,3659,117,73,,,83,202,57,,,,,,,,,,,,,,,,,,,,,,,,,,,,,
5171,209945,3,NK,3,503,22-Jan-2022,21:02:43,-19.1910,149.2599,,401677690,-122,58,0,22-Jan-2022,20:58:29,-19.1910,149.2599,277,148,174,125,131,,,82,223,57,,,,,,,,,,,,,,,,,,,,,,,,,,,,,
5171,209945,3,NK,3,503,22-Jan-2022,21:02:43,-19.1910,149.2599,,401677690,-122,58,0,22-Jan-2022,21:02:20,-19.1910,149.2599,277,148,174,125,131,,,15,1,16,,,,,,,,,,,,,,,,,,,,,,,,,,,,,
5171,209945,3,NK,3,503,22-Jan-2022,21:02:43,-19.1910,149.2599,,401677690,-122,58,0,22-Jan-2022,21:03:06,-19.1910,149.2599,277,148,174,125,131,,,30,142,28,,,,,,,,,,,,,,,,,,,,,,,,,,,,,
5171,209945,3,NP,2,504,22-Jan-2022,21:25:20,-19.1914,149.2685,,401677688,-133,56,0,22-Jan-2022,21:25:20,-19.1914,149.2685,657,386,542,275,127,,,71,100,5,,,,,,,,,,,,,,,,,,,,,,,,,,,,,
5171,209945,3,NP,2,504,22-Jan-2022,21:25:20,-19.1914,149.2685,,401677688,-133,56,0,22-Jan-2022,21:27:23,-19.1914,149.2685,657,386,542,275,127,,,94,243,57,,,,,,,,,,,,,,,,,,,,,,,,,,,,,
5171,209945,23,NP,2,504,22-Jan-2022,21:25:20,-19.1914,149.2685,,401677688,-133,56,0,22-Jan-2022,21:28:01,-19.1914,149.2685,657,386,542,275,127,,,74,240,165,245,40,150,198,120,75,86,58,84,152,115,233,14,1,112,35,6,184,200,18,,,,,,,,,
5171,209945,3,NP,2,504,22-Jan-2022,21:25:20,-19.1914,149.2685,,401677688,-133,56,0,22-Jan-2022,21:29:34,-19.1914,149.2685,657,386,542,275,127,,,92,249,57,,,,,,,,,,,,,,,,,,,,,,,,,,,,,
5171,209945,3,NP,2,504,22-Jan-2022,21:25:20,-19.1914,149.2685,,401677688,-133,56,0,22-Jan-2022,21:34:05,-19.1914,149.2685,657,386,542,275,127,,,76,99,5,,,,,,,,,,,,,,,,,,,,,,,,,,,,,
5171,209945,3,NP,2,504,22-Jan-2022,21:25:20,-19.1914,149.2685,,401677688,-133,56,0,22-Jan-2022,21:34:47,-19.1914,149.2685,657,386,542,275,127,,,87,254,57,,,,,,,,,,,,,,,,,,,,,,,,,,,,,
5171,209945,3,NP,2,504,22-Jan-2022,21:25:20,-19.1914,149.2685,,401677688,-133,56,0,22-Jan-2022,21:36:17,-19.1914,149.2685,657,386,542,275,127,,,97,135,0,,,,,,,,,,,,,,,,,,,,,,,,,,,,,
5171,209945,3,MC,B,505,22-Jan-2022,22:01:38,-19.1936,149.2751,,401677687,-126,8,0,22-Jan-2022,22:01:38,-19.1936,149.2751,,2592,2842,2364,100,,,76,99,5,,,,,,,,,,,,,,,,,,,,,,,,,,,,,
5171,209945,3,SR,B,506,23-Jan-2022,07:30:12,-19.2288,149.2206,,401677687,-136,8,0,23-Jan-2022,07:29:49,-19.2288,149.2206,48,7059,16471,3025,140,,,30,142,28,,,,,,,,,,,,,,,,,,,,,,,,,,,,,
5171,209945,3,SR,B,506,23-Jan-2022,07:30:12,-19.2288,149.2206,,401677687,-136,8,0,23-Jan-2022,07:30:37,-19.2288,149.2206,48,7059,16471,3025,140,,,83,42,58,,,,,,,,,,,,,,,,,,,,,,,,,,,,,
5171,209945,3,NP,B,507,23-Jan-2022,08:20:12,-19.2608,149.2529,,401677688,-138,8,0,23-Jan-2022,08:19:56,-19.2608,149.2529,33,2958,6001,1457,108,,,15,1,16,,,,,,,,,,,,,,,,,,,,,,,,,,,,,
5171,209945,3,NP,B,507,23-Jan-2022,08:20:12,-19.2608,149.2529,,401677688,-138,8,0,23-Jan-2022,08:20:29,-19.2608,149.2529,33,2958,6001,1457,108,,,30,142,28,,,,,,,,,,,,,,,,,,,,,,,,,,,,,
5171,209945,3,MB,B,508,23-Jan-2022,11:22:48,-19.2893,149.2696,,401677707,-133,8,0,23-Jan-2022,11:22:48,-19.2893,149.2696,,2733,3637,2054,111,,,89,87,58,,,,,,,,,,,,,,,,,,,,,,,,,,,,,
5171,209945,3,NP,A,509,23-Jan-2022,19:40:59,-19.3537,149.1222,,401677724,-133,8,0,23-Jan-2022,19:40:00,-19.3537,149.1222,129,5902,33171,1050,58,,,30,142,28,,,,,,,,,,,,,,,,,,,,,,,,,,,,,
5171,209945,3,NP,A,509,23-Jan-2022,19:40:59,-19.3537,149.1222,,401677724,-133,8,0,23-Jan-2022,19:40:50,-19.3537,149.1222,129,5902,33171,1050,58,,,76,99,5,,,,,,,,,,,,,,,,,,,,,,,,,,,,,
5171,209945,3,NP,A,509,23-Jan-2022,19:40:59,-19.3537,149.1222,,401677724,-133,8,0,23-Jan-2022,19:42:09,-19.3537,149.1222,129,5902,33171,1050,58,,,80,171,58,,,,,,,,,,,,,,,,,,,,,,,,,,,,,
5171,209945,3,SR,3,510,23-Jan-2022,19:47:43,-19.4127,149.0357,,401677690,-121,58,0,23-Jan-2022,19:42:09,-19.4127,149.0357,674,185,456,75,81,,,80,171,58,,,,,,,,,,,,,,,,,,,,,,,,,,,,,
5171,209945,3,SR,3,510,23-Jan-2022,19:47:43,-19.4127,149.0357,,401677690,-121,58,0,23-Jan-2022,19:43:02,-19.4127,149.0357,674,185,456,75,81,,,15,1,16,,,,,,,,,,,,,,,,,,,,,,,,,,,,,
5171,209945,3,SR,3,510,23-Jan-2022,19:47:43,-19.4127,149.0357,,401677690,-121,58,0,23-Jan-2022,19:45:47,-19.4127,149.0357,674,185,456,75,81,,,73,38,94,,,,,,,,,,,,,,,,,,,,,,,,,,,,,
5171,209945,3,SR,3,510,23-Jan-2022,19:47:43,-19.4127,149.0357,,401677690,-121,58,0,23-Jan-2022,19:47:31,-19.4127,149.0357,674,185,456,75,81,,,87,176,58,,,,,,,,,,,,,,,,,,,,,,,,,,,,,
5171,209945,3,SR,3,510,23-Jan-2022,19:47:43,-19.4127,149.0357,,401677690,-121,58,0,23-Jan-2022,19:48:22,-19.4127,149.0357,674,185,456,75,81,,,107,133,0,,,,,,,,,,,,,,,,,,,,,,,,,,,,,
5171,209945,3,SR,3,510,23-Jan-2022,19:47:43,-19.4127,149.0357,,401677690,-121,58,0,23-Jan-2022,19:49:47,-19.4127,149.0357,674,185,456,75,81,,,30,142,28,,,,,,,,,,,,,,,,,,,,,,,,,,,,,
5171,209945,3,SR,3,510,23-Jan-2022,19:47:43,-19.4127,149.0357,,401677690,-121,58,0,23-Jan-2022,19:51:49,-19.4127,149.0357,674,185,456,75,81,,,76,99,5,,,,,,,,,,,,,,,,,,,,,,,,,,,,,
5171,209945,3,SR,3,510,23-Jan-2022,19:47:43,-19.4127,149.0357,,401677690,-121,58,0,23-Jan-2022,19:53:23,-19.4127,149.0357,674,185,456,75,81,,,11,5,193,,,,,,,,,,,,,,,,,,,,,,,,,,,,,
5171,209945,3,NK,3,511,23-Jan-2022,20:33:37,-19.4271,149.0289,,401677690,-124,58,0,23-Jan-2022,20:29:46,-19.4271,149.0289,615,152,281,81,77,,,73,98,5,,,,,,,,,,,,,,,,,,,,,,,,,,,,,
5171,209945,3,NK,3,511,23-Jan-2022,20:33:37,-19.4271,149.0289,,401677690,-124,58,0,23-Jan-2022,20:32:40,-19.4271,149.0289,615,152,281,81,77,,,87,223,58,,,,,,,,,,,,,,,,,,,,,,,,,,,,,
5171,209945,3,NK,3,511,23-Jan-2022,20:33:37,-19.4271,149.0289,,401677690,-124,58,0,23-Jan-2022,20:33:15,-19.4271,149.0289,615,152,281,81,77,,,97,135,0,,,,,,,,,,,,,,,,,,,,,,,,,,,,,
5171,209945,3,NK,3,511,23-Jan-2022,20:33:37,-19.4271,149.0289,,401677690,-124,58,0,23-Jan-2022,20:33:39,-19.4271,149.0289,615,152,281,81,77,,,15,1,16,,,,,,,,,,,,,,,,,,,,,,,,,,,,,
5171,209945,3,NK,3,511,23-Jan-2022,20:33:37,-19.4271,149.0289,,401677690,-124,58,0,23-Jan-2022,20:34:00,-19.4271,149.0289,615,152,281,81,77,,,30,142,28,,,,,,,,,,,,,,,,,,,,,,,,,,,,,
5171,209945,3,NK,3,511,23-Jan-2022,20:33:37,-19.4271,149.0289,,401677690,-124,58,0,23-Jan-2022,20:40:01,-19.4271,149.0289,615,152,281,81,77,,,80,228,58,,,,,,,,,,,,,,,,,,,,,,,,,,,,,
5171,209945,3,NK,B,512,23-Jan-2022,22:14:56,-19.4531,149.0252,,401677697,-128,8,0,23-Jan-2022,22:14:56,-19.4531,149.0252,,1536,2143,1100,110,,,80,244,58,,,,,,,,,,,,,,,,,,,,,,,,,,,,,
5171,209945,31,NN,B,513,24-Jan-2022,01:08:39,-19.4868,149.0164,,401677698,-132,8,0,24-Jan-2022,01:08:39,,,,2408,2585,2242,144,,,40,134,224,238,238,14,224,0,238,0,0,238,224,0,14,119,134,224,0,0,0,2,1,1,1,1,255,107,0,0,17,
5171,209945,3,SR,B,514,24-Jan-2022,06:55:06,-19.6119,148.9620,,401677710,-128,8,0,24-Jan-2022,06:55:07,-19.6119,148.9620,,3107,5108,1889,140,,,15,1,16,,,,,,,,,,,,,,,,,,,,,,,,,,,,,
5171,209945,3,NK,B,515,24-Jan-2022,20:11:42,-19.7121,148.9455,,401677661,-129,,0,24-Jan-2022,20:10:27,-19.7121,148.9455,151,2629,45637,151,58,,,100,134,0,,,,,,,,,,,,,,,,,,,,,,,,,,,,,
5171,209945,3,NK,B,515,24-Jan-2022,20:11:42,-19.7121,148.9455,,401677661,-129,,0,24-Jan-2022,20:12:58,-19.7121,148.9455,151,2629,45637,151,58,,,30,142,28,,,,,,,,,,,,,,,,,,,,,,,,,,,,,
5171,209945,3,SR,1,516,24-Jan-2022,20:53:11,-19.6832,148.9657,,401677685,-125,50,0,24-Jan-2022,20:51:35,-19.6832,148.9657,244,778,5914,102,74,,,66,101,5,,,,,,,,,,,,,,,,,,,,,,,,,,,,,
5171,209945,3,SR,1,516,24-Jan-2022,20:53:11,-19.6832,148.9657,,401677685,-125,50,0,24-Jan-2022,20:51:59,-19.6832,148.9657,244,778,5914,102,74,,,94,67,59,,,,,,,,,,,,,,,,,,,,,,,,,,,,,
5171,209945,3,SR,1,516,24-Jan-2022,20:53:11,-19.6832,148.9657,,401677685,-125,50,1,24-Jan-2022,20:53:04,-19.6832,148.9657,244,778,5914,102,74,,,30,142,28,,,,,,,,,,,,,,,,,,,,,,,,,,,,,
5171,209945,3,SR,1,516,24-Jan-2022,20:53:11,-19.6832,148.9657,,401677685,-125,50,0,24-Jan-2022,20:54:13,-19.6832,148.9657,244,778,5914,102,74,,,89,72,59,,,,,,,,,,,,,,,,,,,,,,,,,,,,,
5171,209945,3,SR,1,516,24-Jan-2022,20:53:11,-19.6832,148.9657,,401677685,-125,50,1,24-Jan-2022,20:55:23,-19.6832,148.9657,244,778,5914,102,74,,,100,134,0,,,,,,,,,,,,,,,,,,,,,,,,,,,,,
5171,209945,3,SR,1,516,24-Jan-2022,20:53:11,-19.6832,148.9657,,401677685,-125,50,0,24-Jan-2022,20:55:39,-19.6832,148.9657,244,778,5914,102,74,,,15,1,16,,,,,,,,,,,,,,,,,,,,,,,,,,,,,
5171,209945,3,NK,B,517,24-Jan-2022,21:53:35,-19.6980,148.9630,,401677690,-130,8,0,24-Jan-2022,21:53:35,-19.6980,148.9630,,2271,2654,1942,75,,,88,93,59,,,,,,,,,,,,,,,,,,,,,,,,,,,,,
5171,209945,3,NK,B,518,25-Jan-2022,08:31:58,-19.8801,148.9056,,401677668,-133,8,0,25-Jan-2022,08:31:58,-19.8801,148.9056,,6304,7973,4984,117,,,107,132,72,,,,,,,,,,,,,,,,,,,,,,,,,,,,,
5171,209945,31,MC, ,519,27-Jan-2022,12:23:55,,,,401650000,-122,,0,27-Jan-2022,12:23:55,,,,,,,,,,40,135,64,224,14,19,67,38,17,238,238,238,238,0,224,76,155,209,221,14,222,36,42,189,156,73,101,88,58,25,244,
5171,209945,31,NN, ,520,28-Jan-2022,23:58:49,,,,401650000,-133,,0,28-Jan-2022,23:58:49,,,,,,,,,,40,135,128,238,238,238,224,238,14,238,238,238,238,238,238,137,135,128,0,0,0,0,0,0,0,0,255,77,0,0,186,
5171,209945,3,NK, ,521,29-Jan-2022,19:47:00,,,,401650000,-137,,0,29-Jan-2022,19:47:00,,,,,,,,,,81,188,60,,,,,,,,,,,,,,,,,,,,,,,,,,,,,
5171,209945,3,SR,3,522,29-Jan-2022,19:57:31,-20.3386,148.9721,,401677688,-121,50,0,29-Jan-2022,19:55:06,-20.3386,148.9721,509,191,571,63,90,,,91,193,60,,,,,,,,,,,,,,,,,,,,,,,,,,,,,
5171,209945,3,SR,3,522,29-Jan-2022,19:57:31,-20.3386,148.9721,,401677688,-121,50,0,29-Jan-2022,19:55:27,-20.3386,148.9721,509,191,571,63,90,,,103,137,0,,,,,,,,,,,,,,,,,,,,,,,,,,,,,
5171,209945,3,SR,3,522,29-Jan-2022,19:57:31,-20.3386,148.9721,,401677688,-121,50,0,29-Jan-2022,19:57:37,-20.3386,148.9721,509,191,571,63,90,,,30,142,28,,,,,,,,,,,,,,,,,,,,,,,,,,,,,
5171,209945,3,SR,3,522,29-Jan-2022,19:57:31,-20.3386,148.9721,,401677688,-121,50,0,29-Jan-2022,19:58:27,-20.3386,148.9721,509,191,571,63,90,,,64,95,5,,,,,,,,,,,,,,,,,,,,,,,,,,,,,
5171,209945,3,SR,3,522,29-Jan-2022,19:57:31,-20.3386,148.9721,,401677688,-121,50,0,29-Jan-2022,19:59:09,-20.3386,148.9721,509,191,571,63,90,,,80,198,60,,,,,,,,,,,,,,,,,,,,,,,,,,,,,
5171,209945,3,SR,3,522,29-Jan-2022,19:57:31,-20.3386,148.9721,,401677688,-121,50,0,29-Jan-2022,19:59:24,-20.3386,148.9721,509,191,571,63,90,,,107,133,0,,,,,,,,,,,,,,,,,,,,,,,,,,,,,
5171,209945,3,SR,3,522,29-Jan-2022,19:57:31,-20.3386,148.9721,,401677688,-121,50,0,29-Jan-2022,20:03:35,-20.3386,148.9721,509,191,571,63,90,,,15,1,16,,,,,,,,,,,,,,,,,,,,,,,,,,,,,
5171,209945,3,NP,2,523,30-Jan-2022,08:38:11,-20.3418,149.0180,,401677688,-131,50,0,30-Jan-2022,08:37:06,-20.3418,149.0180,651,320,485,210,141,,,90,244,60,,,,,,,,,,,,,,,,,,,,,,,,,,,,,
5171,209945,3,NP,2,523,30-Jan-2022,08:38:11,-20.3418,149.0180,,401677688,-131,50,0,30-Jan-2022,08:39:17,-20.3418,149.0180,651,320,485,210,141,,,87,141,231,,,,,,,,,,,,,,,,,,,,,,,,,,,,,
5171,209945,3,NP,2,523,30-Jan-2022,08:38:11,-20.3418,149.0180,,401677688,-131,50,0,30-Jan-2022,08:39:39,-20.3418,149.0180,651,320,485,210,141,,,97,135,0,,,,,,,,,,,,,,,,,,,,,,,,,,,,,
5171,209945,23,NP,2,523,30-Jan-2022,08:38:11,-20.3418,149.0180,,401677688,-131,50,0,30-Jan-2022,08:42:09,-20.3418,149.0180,651,320,485,210,141,,,66,208,165,231,28,113,135,28,113,135,237,182,5,59,32,126,255,97,5,19,218,169,79,,,,,,,,,
5171,209945,3,NP,2,523,30-Jan-2022,08:38:11,-20.3418,149.0180,,401677688,-131,50,1,30-Jan-2022,08:46:54,-20.3418,149.0180,651,320,485,210,141,,,66,101,5,,,,,,,,,,,,,,,,,,,,,,,,,,,,,
5171,209945,3,NP,2,523,30-Jan-2022,08:38:11,-20.3418,149.0180,,401677688,-131,50,0,30-Jan-2022,08:47:09,-20.3418,149.0180,651,320,485,210,141,,,92,4,61,,,,,,,,,,,,,,,,,,,,,,,,,,,,,
5171,209945,3,NP,2,523,30-Jan-2022,08:38:11,-20.3418,149.0180,,401677688,-131,50,0,30-Jan-2022,08:47:41,-20.3418,149.0180,651,320,485,210,141,,,15,1,16,,,,,,,,,,,,,,,,,,,,,,,,,,,,,
5171,209945,3,NP,2,523,30-Jan-2022,08:38:11,-20.3418,149.0180,,401677688,-131,50,0,30-Jan-2022,08:47:57,-20.3418,149.0180,651,320,485,210,141,,,30,142,28,,,,,,,,,,,,,,,,,,,,,,,,,,,,,
5171,209945,23,SR,2,524,30-Jan-2022,08:42:08,-20.3414,149.0256,,401677686,-127,56,0,30-Jan-2022,08:42:09,-20.3414,149.0256,562,412,506,334,36,,,66,208,175,95,122,212,67,78,90,39,132,54,101,191,124,105,134,16,81,60,149,124,109,,,,,,,,,
5171,209945,3,SR,2,524,30-Jan-2022,08:42:08,-20.3414,149.0256,,401677686,-127,56,0,30-Jan-2022,08:43:29,-20.3414,149.0256,562,412,506,334,36,,,203,226,61,,,,,,,,,,,,,,,,,,,,,,,,,,,,,
5171,209945,3,SR,2,524,30-Jan-2022,08:42:08,-20.3414,149.0256,,401677686,-127,56,0,30-Jan-2022,08:47:09,-20.3414,149.0256,562,412,506,334,36,,,92,4,61,,,,,,,,,,,,,,,,,,,,,,,,,,,,,
5171,209945,3,SR,2,524,30-Jan-2022,08:42:08,-20.3414,149.0256,,401677686,-127,56,0,30-Jan-2022,08:47:24,-20.3414,149.0256,562,412,506,334,36,,,103,137,0,,,,,,,,,,,,,,,,,,,,,,,,,,,,,
5171,209945,3,SR,2,524,30-Jan-2022,08:42:08,-20.3414,149.0256,,401677686,-127,56,0,30-Jan-2022,08:47:41,-20.3414,149.0256,562,412,506,334,36,,,15,1,16,,,,,,,,,,,,,,,,,,,,,,,,,,,,,
5171,209945,3,SR,2,524,30-Jan-2022,08:42:08,-20.3414,149.0256,,401677686,-127,56,1,30-Jan-2022,08:48:13,-20.3414,149.0256,562,412,506,334,36,,,66,101,5,,,,,,,,,,,,,,,,,,,,,,,,,,,,,
5171,209945,3,SR,2,524,30-Jan-2022,08:42:08,-20.3414,149.0256,,401677686,-127,56,0,30-Jan-2022,08:48:29,-20.3414,149.0256,562,412,506,334,36,,,85,9,61,,,,,,,,,,,,,,,,,,,,,,,,,,,,,
5171,209945,3,SR,2,524,30-Jan-2022,08:42:08,-20.3414,149.0256,,401677686,-127,56,1,30-Jan-2022,08:49:45,-20.3414,149.0256,562,412,506,334,36,,,30,142,28,,,,,,,,,,,,,,,,,,,,,,,,,,,,,
5171,209945,3,SR,2,524,30-Jan-2022,08:42:08,-20.3414,149.0256,,401677686,-127,56,0,30-Jan-2022,08:51:31,-20.3414,149.0256,562,412,506,334,36,,,28,142,28,,,,,,,,,,,,,,,,,,,,,,,,,,,,,
5171,209945,23,NK,B,525,30-Jan-2022,09:53:21,-20.3507,149.0245,,401677693,-125,8,0,30-Jan-2022,09:53:21,-20.3507,149.0245,,5341,5758,4953,90,,,69,16,165,245,40,150,198,120,79,40,21,78,88,122,168,31,216,14,95,224,104,87,155,,,,,,,,,
5171,209945,3,NP,B,526,30-Jan-2022,10:21:35,-20.3242,149.0314,,401677682,-129,6,0,30-Jan-2022,10:21:27,-20.3242,149.0314,17,4292,8100,2274,93,,,71,100,5,,,,,,,,,,,,,,,,,,,,,,,,,,,,,
5171,209945,3,NP,B,526,30-Jan-2022,10:21:35,-20.3242,149.0314,,401677682,-129,6,0,30-Jan-2022,10:21:44,-20.3242,149.0314,17,4292,8100,2274,93,,,92,75,61,,,,,,,,,,,,,,,,,,,,,,,,,,,,,
5171,209945,3,NK,3,527,30-Jan-2022,20:58:33,-20.2944,149.1073,,401677689,-124,58,0,30-Jan-2022,20:55:45,-20.2944,149.1073,349,191,314,116,101,,,71,100,5,,,,,,,,,,,,,,,,,,,,,,,,,,,,,
5171,209945,3,NK,3,527,30-Jan-2022,20:58:33,-20.2944,149.1073,,401677689,-124,58,0,30-Jan-2022,20:57:03,-20.2944,149.1073,349,191,314,116,101,,,14,72,195,,,,,,,,,,,,,,,,,,,,,,,,,,,,,
5171,209945,3,NK,3,527,30-Jan-2022,20:58:33,-20.2944,149.1073,,401677689,-124,58,0,30-Jan-2022,20:57:45,-20.2944,149.1073,349,191,314,116,101,,,66,101,5,,,,,,,,,,,,,,,,,,,,,,,,,,,,,
5171,209945,3,NK,3,527,30-Jan-2022,20:58:33,-20.2944,149.1073,,401677689,-124,58,0,30-Jan-2022,20:58:22,-20.2944,149.1073,349,191,314,116,101,,,97,150,85,,,,,,,,,,,,,,,,,,,,,,,,,,,,,
5171,209945,3,NK,3,527,30-Jan-2022,20:58:33,-20.2944,149.1073,,401677689,-124,58,0,30-Jan-2022,20:58:37,-20.2944,149.1073,349,191,314,116,101,,,15,177,17,,,,,,,,,,,,,,,,,,,,,,,,,,,,,
5171,209945,3,NK,3,527,30-Jan-2022,20:58:33,-20.2944,149.1073,,401677689,-124,58,1,30-Jan-2022,20:59:11,-20.2944,149.1073,349,191,314,116,101,,,30,142,28,,,,,,,,,,,,,,,,,,,,,,,,,,,,,
5171,209945,3,NK,3,527,30-Jan-2022,20:58:33,-20.2944,149.1073,,401677689,-124,58,0,30-Jan-2022,20:59:52,-20.2944,149.1073,349,191,314,116,101,,,94,113,61,,,,,,,,,,,,,,,,,,,,,,,,,,,,,
5171,209945,3,NK,3,527,30-Jan-2022,20:58:33,-20.2944,149.1073,,401677689,-124,58,0,30-Jan-2022,21:00:10,-20.2944,149.1073,349,191,314,116,101,,,107,133,0,,,,,,,,,,,,,,,,,,,,,,,,,,,,,
5171,209945,3,NK,3,527,30-Jan-2022,20:58:33,-20.2944,149.1073,,401677689,-124,58,0,30-Jan-2022,21:01:34,-20.2944,149.1073,349,191,314,116,101,,,85,118,61,,,,,,,,,,,,,,,,,,,,,,,,,,,,,
5171,209945,3,SR,B,528,30-Jan-2022,21:11:39,-20.3307,149.0349,,401677709,-133,8,0,30-Jan-2022,21:10:40,-20.3307,149.0349,120,3143,43930,224,67,,,30,142,28,,,,,,,,,,,,,,,,,,,,,,,,,,,,,
5171,209945,3,SR,B,528,30-Jan-2022,21:11:39,-20.3307,149.0349,,401677709,-133,8,0,30-Jan-2022,21:12:40,-20.3307,149.0349,120,3143,43930,224,67,,,15,1,16,,,,,,,,,,,,,,,,,,,,,,,,,,,,,
5171,209945,3,NP,3,529,30-Jan-2022,21:32:01,-20.3054,149.1322,,401677687,-124,56,0,30-Jan-2022,21:31:00,-20.3054,149.1322,720,196,676,56,117,,,98,136,0,,,,,,,,,,,,,,,,,,,,,,,,,,,,,
5171,209945,3,NP,3,529,30-Jan-2022,21:32:01,-20.3054,149.1322,,401677687,-124,56,0,30-Jan-2022,21:32:41,-20.3054,149.1322,720,196,676,56,117,,,30,142,29,,,,,,,,,,,,,,,,,,,,,,,,,,,,,
5171,209945,3,NP,3,529,30-Jan-2022,21:32:01,-20.3054,149.1322,,401677687,-124,56,0,30-Jan-2022,21:33:07,-20.3054,149.1322,720,196,676,56,117,,,66,101,5,,,,,,,,,,,,,,,,,,,,,,,,,,,,,
5171,209945,3,NP,3,529,30-Jan-2022,21:32:01,-20.3054,149.1322,,401677687,-124,56,0,30-Jan-2022,21:35:59,-20.3054,149.1322,720,196,676,56,117,,,97,135,0,,,,,,,,,,,,,,,,,,,,,,,,,,,,,
5171,209945,3,NP,3,529,30-Jan-2022,21:32:01,-20.3054,149.1322,,401677687,-124,56,0,30-Jan-2022,21:36:45,-20.3054,149.1322,720,196,676,56,117,,,30,142,28,,,,,,,,,,,,,,,,,,,,,,,,,,,,,
5171,209945,3,NP,3,529,30-Jan-2022,21:32:01,-20.3054,149.1322,,401677687,-124,56,0,30-Jan-2022,21:41:37,-20.3054,149.1322,720,196,676,56,117,,,94,160,61,,,,,,,,,,,,,,,,,,,,,,,,,,,,,
5171,209945,3,NP,3,529,30-Jan-2022,21:32:01,-20.3054,149.1322,,401677687,-124,56,2,30-Jan-2022,21:43:00,-20.3054,149.1322,720,196,676,56,117,,,15,1,16,,,,,,,,,,,,,,,,,,,,,,,,,,,,,
5171,209945,3,NP,B,530,31-Jan-2022,10:09:36,-20.2654,149.1015,,401677696,-125,,0,31-Jan-2022,10:09:36,-20.2654,149.1015,,4431,9733,2017,57,,,98,136,0,,,,,,,,,,,,,,,,,,,,,,,,,,,,,
5171,209945,3,SR,B,531,01-Feb-2022,07:37:42,-20.3470,149.0488,,401677683,-122,,0,01-Feb-2022,07:37:43,-20.3470,149.0488,435,8595,12070,6120,57,,,71,71,147,,,,,,,,,,,,,,,,,,,,,,,,,,,,,
5171,209945,3,SR,B,531,01-Feb-2022,07:37:42,-20.3470,149.0488,,401677683,-122,,0,01-Feb-2022,07:44:58,-20.3470,149.0488,435,8595,12070,6120,57,,,15,1,16,,,,,,,,,,,,,,,,,,,,,,,,,,,,,
5171,209945,3,A1,B,532,01-Feb-2022,08:10:56,-19.8932,148.9936,,401677683,-140,8,0,01-Feb-2022,08:10:56,-19.8932,148.9936,,91224,531956,15643,102,,,36,39,153,,,,,,,,,,,,,,,,,,,,,,,,,,,,,
5171,209945,3,NP,1,533,01-Feb-2022,08:19:21,-19.8684,148.9961,,401677687,-135,56,0,01-Feb-2022,08:14:41,-19.8684,148.9961,455,704,2159,229,5,,,87,226,61,,,,,,,,,,,,,,,,,,,,,,,,,,,,,
5171,209945,3,NP,1,533,01-Feb-2022,08:19:21,-19.8684,148.9961,,401677687,-135,56,0,01-Feb-2022,08:15:36,-19.8684,148.9961,455,704,2159,229,5,,,15,1,16,,,,,,,,,,,,,,,,,,,,,,,,,,,,,
5171,209945,3,NP,1,533,01-Feb-2022,08:19:21,-19.8684,148.9961,,401677687,-135,56,0,01-Feb-2022,08:20:18,-19.8684,148.9961,455,704,2159,229,5,,,30,142,28,,,,,,,,,,,,,,,,,,,,,,,,,,,,,
5171,209945,3,NP,1,533,01-Feb-2022,08:19:21,-19.8684,148.9961,,401677687,-135,56,0,01-Feb-2022,08:20:49,-19.8684,148.9961,455,704,2159,229,5,,,81,236,61,,,,,,,,,,,,,,,,,,,,,,,,,,,,,
5171,209945,3,NP,1,533,01-Feb-2022,08:19:21,-19.8684,148.9961,,401677687,-135,56,0,01-Feb-2022,08:21:15,-19.8684,148.9961,455,704,2159,229,5,,,98,136,0,,,,,,,,,,,,,,,,,,,,,,,,,,,,,
5171,209945,3,NP,1,533,01-Feb-2022,08:19:21,-19.8684,148.9961,,401677687,-135,56,1,01-Feb-2022,08:22:16,-19.8684,148.9961,455,704,2159,229,5,,,67,112,5,,,,,,,,,,,,,,,,,,,,,,,,,,,,,
5171,209945,3,NK,B,534,01-Feb-2022,08:57:11,-19.8654,148.9933,,401677692,-128,8,0,01-Feb-2022,08:57:11,-19.8654,148.9933,,2164,2219,2110,108,,,30,142,28,,,,,,,,,,,,,,,,,,,,,,,,,,,,,
5171,209945,3,NP,B,535,01-Feb-2022,19:33:40,-19.7768,149.1625,,401677649,-138,8,0,01-Feb-2022,19:32:30,-19.7768,149.1625,140,3934,22336,693,11,,,66,101,5,,,,,,,,,,,,,,,,,,,,,,,,,,,,,
5171,209945,3,NP,B,535,01-Feb-2022,19:33:40,-19.7768,149.1625,,401677649,-138,8,0,01-Feb-2022,19:34:50,-19.7768,149.1625,140,3934,22336,693,11,,,100,134,0,,,,,,,,,,,,,,,,,,,,,,,,,,,,,
5171,209945,3,NK,B,536,01-Feb-2022,20:09:09,-19.7713,149.1646,,401677637,-129,8,0,01-Feb-2022,20:09:10,-19.7713,149.1646,,2012,5580,725,11,,,30,142,28,,,,,,,,,,,,,,,,,,,,,,,,,,,,,
5171,209945,3,NN,B,537,02-Feb-2022,00:51:34,-19.6626,149.0478,,401677678,-133,8,0,02-Feb-2022,00:51:34,-19.6626,149.0478,617,2403,53954,107,16,,,30,142,28,,,,,,,,,,,,,,,,,,,,,,,,,,,,,
5171,209945,3,NN,B,537,02-Feb-2022,00:51:34,-19.6626,149.0478,,401677678,-133,8,0,02-Feb-2022,01:01:51,-19.6626,149.0478,617,2403,53954,107,16,,,78,105,5,,,,,,,,,,,,,,,,,,,,,,,,,,,,,
5171,209945,3,A1,B,538,02-Feb-2022,07:54:37,-19.5712,149.0089,,401677682,-130,8,0,02-Feb-2022,07:54:38,-19.5712,149.0089,,3919,6568,2338,15,,,97,135,15,,,,,,,,,,,,,,,,,,,,,,,,,,,,,
5171,209945,3,NP,B,539,02-Feb-2022,19:22:33,-19.2113,149.0119,,401677661,-140,8,0,02-Feb-2022,19:22:34,-19.2113,149.0119,,5568,10860,2854,145,,,83,37,63,,,,,,,,,,,,,,,,,,,,,,,,,,,,,
5171,209945,23,A1,3,540,02-Feb-2022,19:32:43,-19.1574,149.0875,,401677687,-127,58,0,02-Feb-2022,19:29:38,-19.1574,149.0875,340,209,344,126,72,,,78,176,165,245,40,150,198,224,67,208,204,124,119,94,53,126,221,48,97,144,146,194,96,,,,,,,,,
5171,209945,3,A1,3,540,02-Feb-2022,19:32:43,-19.1574,149.0875,,401677687,-127,58,0,02-Feb-2022,19:29:55,-19.1574,149.0875,340,209,344,126,72,,,97,135,0,,,,,,,,,,,,,,,,,,,,,,,,,,,,,
5171,209945,3,A1,3,540,02-Feb-2022,19:32:43,-19.1574,149.0875,,401677687,-127,58,0,02-Feb-2022,19:31:22,-19.1574,149.0875,340,209,344,126,72,,,93,63,63,,,,,,,,,,,,,,,,,,,,,,,,,,,,,
5171,209945,3,A1,3,540,02-Feb-2022,19:32:43,-19.1574,149.0875,,401677687,-127,58,1,02-Feb-2022,19:32:54,-19.1574,149.0875,340,209,344,126,72,,,76,99,5,,,,,,,,,,,,,,,,,,,,,,,,,,,,,
5171,209945,3,A1,3,540,02-Feb-2022,19:32:43,-19.1574,149.0875,,401677687,-127,58,0,02-Feb-2022,19:33:27,-19.1574,149.0875,340,209,344,126,72,,,110,132,0,,,,,,,,,,,,,,,,,,,,,,,,,,,,,
5171,209945,3,A1,3,540,02-Feb-2022,19:32:43,-19.1574,149.0875,,401677687,-127,58,0,02-Feb-2022,19:34:14,-19.1574,149.0875,340,209,344,126,72,,,73,98,5,,,,,,,,,,,,,,,,,,,,,,,,,,,,,
5171,209945,3,A1,3,540,02-Feb-2022,19:32:43,-19.1574,149.0875,,401677687,-127,58,0,02-Feb-2022,19:34:30,-19.1574,149.0875,340,209,344,126,72,,,80,73,63,,,,,,,,,,,,,,,,,,,,,,,,,,,,,
5171,209945,3,A1,3,540,02-Feb-2022,19:32:43,-19.1574,149.0875,,401677687,-127,58,2,02-Feb-2022,19:35:01,-19.1574,149.0875,340,209,344,126,72,,,15,1,16,,,,,,,,,,,,,,,,,,,,,,,,,,,,,
5171,209945,3,A1,3,540,02-Feb-2022,19:32:43,-19.1574,149.0875,,401677687,-127,58,1,02-Feb-2022,19:35:18,-19.1574,149.0875,340,209,344,126,72,,,30,142,28,,,,,,,,,,,,,,,,,,,,,,,,,,,,,
5171,209945,3,SR,2,541,02-Feb-2022,19:34:21,-19.1574,149.0885,,401677686,-127,56,0,02-Feb-2022,19:31:22,-19.1574,149.0885,330,274,657,113,74,,,93,63,63,,,,,,,,,,,,,,,,,,,,,,,,,,,,,
5171,209945,3,SR,2,541,02-Feb-2022,19:34:21,-19.1574,149.0885,,401677686,-127,56,1,02-Feb-2022,19:32:54,-19.1574,149.0885,330,274,657,113,74,,,76,99,5,,,,,,,,,,,,,,,,,,,,,,,,,,,,,
5171,209945,3,SR,2,541,02-Feb-2022,19:34:21,-19.1574,149.0885,,401677686,-127,56,0,02-Feb-2022,19:33:27,-19.1574,149.0885,330,274,657,113,74,,,110,132,0,,,,,,,,,,,,,,,,,,,,,,,,,,,,,
5171,209945,3,SR,2,541,02-Feb-2022,19:34:21,-19.1574,149.0885,,401677686,-127,56,1,02-Feb-2022,19:33:58,-19.1574,149.0885,330,274,657,113,74,,,30,142,28,,,,,,,,,,,,,,,,,,,,,,,,,,,,,
5171,209945,3,SR,2,541,02-Feb-2022,19:34:21,-19.1574,149.0885,,401677686,-127,56,0,02-Feb-2022,19:34:14,-19.1574,149.0885,330,274,657,113,74,,,73,98,5,,,,,,,,,,,,,,,,,,,,,,,,,,,,,
5171,209945,3,SR,2,541,02-Feb-2022,19:34:21,-19.1574,149.0885,,401677686,-127,56,0,02-Feb-2022,19:34:30,-19.1574,149.0885,330,274,657,113,74,,,80,73,63,,,,,,,,,,,,,,,,,,,,,,,,,,,,,
5171,209945,3,SR,2,541,02-Feb-2022,19:34:21,-19.1574,149.0885,,401677686,-127,56,0,02-Feb-2022,19:34:46,-19.1574,149.0885,330,274,657,113,74,,,34,136,0,,,,,,,,,,,,,,,,,,,,,,,,,,,,,
5171,209945,3,SR,2,541,02-Feb-2022,19:34:21,-19.1574,149.0885,,401677686,-127,56,2,02-Feb-2022,19:35:01,-19.1574,149.0885,330,274,657,113,74,,,15,1,16,,,,,,,,,,,,,,,,,,,,,,,,,,,,,
5171,209945,3,SR,2,541,02-Feb-2022,19:34:21,-19.1574,149.0885,,401677686,-127,56,2,02-Feb-2022,19:35:18,-19.1574,149.0885,330,274,657,113,74,,,30,142,28,,,,,,,,,,,,,,,,,,,,,,,,,,,,,
5171,209945,3,SR,2,541,02-Feb-2022,19:34:21,-19.1574,149.0885,,401677686,-127,56,0,02-Feb-2022,19:36:52,-19.1574,149.0885,330,274,657,113,74,,,100,243,248,,,,,,,,,,,,,,,,,,,,,,,,,,,,,
5171,209945,3,SR,A,542,03-Feb-2022,06:46:12,-19.0636,148.9746,,401677667,-135,8,0,03-Feb-2022,06:45:35,-19.0636,148.9746,85,7317,47850,1119,122,,,15,1,16,,,,,,,,,,,,,,,,,,,,,,,,,,,,,
5171,209945,31,SR,A,542,03-Feb-2022,06:46:12,-19.0636,148.9746,,401677667,-135,8,0,03-Feb-2022,06:46:03,-19.0636,148.9746,85,7317,47850,1119,122,,,40,136,96,0,14,224,14,14,238,238,0,0,1,32,238,158,136,64,0,0,0,0,0,0,0,0,234,255,0,0,45,
5171,209945,3,SR,A,542,03-Feb-2022,06:46:12,-19.0636,148.9746,,401677667,-135,8,0,03-Feb-2022,06:47:00,-19.0636,148.9746,85,7317,47850,1119,122,,,81,228,136,,,,,,,,,,,,,,,,,,,,,,,,,,,,,
5171,209945,3,A1,0,543,03-Feb-2022,07:32:18,-19.0878,148.9561,,401677688,-128,46,0,03-Feb-2022,07:30:54,-19.0878,148.9561,186,8681,187966,400,94,,,15,1,16,,,,,,,,,,,,,,,,,,,,,,,,,,,,,
5171,209945,3,A1,0,543,03-Feb-2022,07:32:18,-19.0878,148.9561,,401677688,-128,46,0,03-Feb-2022,07:32:12,-19.0878,148.9561,186,8681,187966,400,94,,,107,133,0,,,,,,,,,,,,,,,,,,,,,,,,,,,,,
5171,209945,3,A1,0,543,03-Feb-2022,07:32:18,-19.0878,148.9561,,401677688,-128,46,1,03-Feb-2022,07:32:51,-19.0878,148.9561,186,8681,187966,400,94,,,30,142,28,,,,,,,,,,,,,,,,,,,,,,,,,,,,,
5171,209945,3,A1,0,543,03-Feb-2022,07:32:18,-19.0878,148.9561,,401677688,-128,46,1,03-Feb-2022,07:33:26,-19.0878,148.9561,186,8681,187966,400,94,,,75,104,5,,,,,,,,,,,,,,,,,,,,,,,,,,,,,
5171,209945,3,A1,0,543,03-Feb-2022,07:32:18,-19.0878,148.9561,,401677688,-128,46,0,03-Feb-2022,07:34:00,-19.0878,148.9561,186,8681,187966,400,94,,,89,218,63,,,,,,,,,,,,,,,,,,,,,,,,,,,,,
5171,209945,3,SR,2,544,03-Feb-2022,08:17:27,-19.1021,149.0514,,401677685,-125,57,0,03-Feb-2022,08:18:04,-19.1021,149.0514,503,252,368,172,118,,,65,106,11,,,,,,,,,,,,,,,,,,,,,,,,,,,,,
5171,209945,3,SR,2,544,03-Feb-2022,08:17:27,-19.1021,149.0514,,401677685,-125,57,0,03-Feb-2022,08:18:19,-19.1021,149.0514,503,252,368,172,118,,,82,25,64,,,,,,,,,,,,,,,,,,,,,,,,,,,,,
5171,209945,3,SR,2,544,03-Feb-2022,08:17:27,-19.1021,149.0514,,401677685,-125,57,0,03-Feb-2022,08:18:39,-19.1021,149.0514,503,252,368,172,118,,,107,133,0,,,,,,,,,,,,,,,,,,,,,,,,,,,,,
5171,209945,3,SR,2,544,03-Feb-2022,08:17:27,-19.1021,149.0514,,401677685,-125,57,0,03-Feb-2022,08:24:26,-19.1021,149.0514,503,252,368,172,118,,,92,31,64,,,,,,,,,,,,,,,,,,,,,,,,,,,,,
5171,209945,3,SR,2,544,03-Feb-2022,08:17:27,-19.1021,149.0514,,401677685,-125,57,1,03-Feb-2022,08:25:00,-19.1021,149.0514,503,252,368,172,118,,,15,1,16,,,,,,,,,,,,,,,,,,,,,,,,,,,,,
5171,209945,3,SR,2,544,03-Feb-2022,08:17:27,-19.1021,149.0514,,401677685,-125,57,2,03-Feb-2022,08:25:24,-19.1021,149.0514,503,252,368,172,118,,,30,142,28,,,,,,,,,,,,,,,,,,,,,,,,,,,,,
5171,209945,3,SR,2,544,03-Feb-2022,08:17:27,-19.1021,149.0514,,401677685,-125,57,0,03-Feb-2022,08:26:27,-19.1021,149.0514,503,252,368,172,118,,,91,36,64,,,,,,,,,,,,,,,,,,,,,,,,,,,,,
5171,209945,31,A1,2,545,04-Feb-2022,07:19:35,-18.9786,149.2593,,401677685,-122,40,0,04-Feb-2022,07:16:02,-18.9786,149.2593,375,459,744,282,107,,,40,136,96,238,15,166,171,94,91,169,71,251,190,193,143,199,234,243,186,124,33,166,11,183,212,169,158,163,38,4,22,
5171,209945,3,A1,2,545,04-Feb-2022,07:19:35,-18.9786,149.2593,,401677685,-122,40,0,04-Feb-2022,07:16:19,-18.9786,149.2593,375,459,744,282,107,,,30,142,28,,,,,,,,,,,,,,,,,,,,,,,,,,,,,
5171,209945,3,A1,2,545,04-Feb-2022,07:19:35,-18.9786,149.2593,,401677685,-122,40,0,04-Feb-2022,07:19:04,-18.9786,149.2593,375,459,744,282,107,,,97,135,0,,,,,,,,,,,,,,,,,,,,,,,,,,,,,
5171,209945,3,A1,2,545,04-Feb-2022,07:19:35,-18.9786,149.2593,,401677685,-122,40,0,04-Feb-2022,07:20:48,-18.9786,149.2593,375,459,744,282,107,,,92,129,64,,,,,,,,,,,,,,,,,,,,,,,,,,,,,
5171,209945,3,A1,2,545,04-Feb-2022,07:19:35,-18.9786,149.2593,,401677685,-122,40,0,04-Feb-2022,07:21:08,-18.9786,149.2593,375,459,744,282,107,,,100,134,0,,,,,,,,,,,,,,,,,,,,,,,,,,,,,
5171,209945,3,A1,2,545,04-Feb-2022,07:19:35,-18.9786,149.2593,,401677685,-122,40,1,04-Feb-2022,07:21:43,-18.9786,149.2593,375,459,744,282,107,,,15,1,16,,,,,,,,,,,,,,,,,,,,,,,,,,,,,
5171,209945,3,A1,2,545,04-Feb-2022,07:19:35,-18.9786,149.2593,,401677685,-122,40,0,04-Feb-2022,07:22:17,-18.9786,149.2593,375,459,744,282,107,,,79,108,5,,,,,,,,,,,,,,,,,,,,,,,,,,,,,
5171,209945,3,SR,A,546,04-Feb-2022,07:44:12,-18.9811,149.2543,,401677680,-127,6,0,04-Feb-2022,07:44:13,-18.9811,149.2543,201,4509,20788,978,110,,,103,137,0,,,,,,,,,,,,,,,,,,,,,,,,,,,,,
5171,209945,3,SR,A,546,04-Feb-2022,07:44:12,-18.9811,149.2543,,401677680,-127,6,0,04-Feb-2022,07:46:54,-18.9811,149.2543,201,4509,20788,978,110,,,15,1,16,,,,,,,,,,,,,,,,,,,,,,,,,,,,,
5171,209945,3,SR,A,546,04-Feb-2022,07:44:12,-18.9811,149.2543,,401677680,-127,6,0,04-Feb-2022,07:47:34,-18.9811,149.2543,201,4509,20788,978,110,,,30,142,28,,,,,,,,,,,,,,,,,,,,,,,,,,,,,
5171,209945,3,NP,1,547,04-Feb-2022,11:03:31,-19.0687,149.2842,,401677679,-132,58,0,04-Feb-2022,11:02:42,-19.0687,149.2842,355,650,1593,265,9,,,26,181,219,,,,,,,,,,,,,,,,,,,,,,,,,,,,,
5171,209945,3,NP,1,547,04-Feb-2022,11:03:31,-19.0687,149.2842,,401677679,-132,58,0,04-Feb-2022,11:04:20,-19.0687,149.2842,355,650,1593,265,9,,,15,1,16,,,,,,,,,,,,,,,,,,,,,,,,,,,,,
5171,209945,3,NP,1,547,04-Feb-2022,11:03:31,-19.0687,149.2842,,401677679,-132,58,0,04-Feb-2022,11:06:37,-19.0687,149.2842,355,650,1593,265,9,,,98,136,0,,,,,,,,,,,,,,,,,,,,,,,,,,,,,
5171,209945,3,NP,1,547,04-Feb-2022,11:03:31,-19.0687,149.2842,,401677679,-132,58,0,04-Feb-2022,11:06:52,-19.0687,149.2842,355,650,1593,265,9,,,78,33,16,,,,,,,,,,,,,,,,,,,,,,,,,,,,,
5171,209945,3,NP,1,547,04-Feb-2022,11:03:31,-19.0687,149.2842,,401677679,-132,58,0,04-Feb-2022,11:08:37,-19.0687,149.2842,355,650,1593,265,9,,,100,134,0,,,,,,,,,,,,,,,,,,,,,,,,,,,,,
5171,209945,3,NK,B,548,04-Feb-2022,11:03:31,-19.0194,149.2524,,401677665,-131,8,0,04-Feb-2022,11:02:42,-19.0194,149.2524,98,6579,26320,1644,164,,,25,158,206,,,,,,,,,,,,,,,,,,,,,,,,,,,,,
5171,209945,3,NK,B,548,04-Feb-2022,11:03:31,-19.0194,149.2524,,401677665,-131,8,0,04-Feb-2022,11:04:20,-19.0194,149.2524,98,6579,26320,1644,164,,,15,1,16,,,,,,,,,,,,,,,,,,,,,,,,,,,,,
5171,209945,3,MB,B,549,04-Feb-2022,12:11:54,-19.1058,149.3062,,401677687,-131,8,0,04-Feb-2022,12:11:32,-19.1058,149.3062,45,1554,5567,434,88,,,69,23,76,,,,,,,,,,,,,,,,,,,,,,,,,,,,,
5171,209945,3,MB,B,549,04-Feb-2022,12:11:54,-19.1058,149.3062,,401677687,-131,8,0,04-Feb-2022,12:12:17,-19.1058,149.3062,45,1554,5567,434,88,,,82,22,65,,,,,,,,,,,,,,,,,,,,,,,,,,,,,
5171,209945,3,MC,1,550,04-Feb-2022,12:59:03,-19.1429,149.3072,,401677690,-125,58,0,04-Feb-2022,12:58:16,-19.1429,149.3072,283,561,1706,184,132,,,67,96,37,,,,,,,,,,,,,,,,,,,,,,,,,,,,,
5171,209945,3,MC,1,550,04-Feb-2022,12:59:03,-19.1429,149.3072,,401677690,-125,58,0,04-Feb-2022,12:58:46,-19.1429,149.3072,283,561,1706,184,132,,,92,32,65,,,,,,,,,,,,,,,,,,,,,,,,,,,,,
5171,209945,3,MC,1,550,04-Feb-2022,12:59:03,-19.1429,149.3072,,401677690,-125,58,0,04-Feb-2022,13:00:09,-19.1429,149.3072,283,561,1706,184,132,,,63,185,211,,,,,,,,,,,,,,,,,,,,,,,,,,,,,
5171,209945,3,MC,1,550,04-Feb-2022,12:59:03,-19.1429,149.3072,,401677690,-125,58,0,04-Feb-2022,13:02:59,-19.1429,149.3072,283,561,1706,184,132,,,97,135,0,,,,,,,,,,,,,,,,,,,,,,,,,,,,,
5171,209945,3,NN,1,551,04-Feb-2022,13:06:14,-19.1406,149.3055,,401677688,-127,56,0,04-Feb-2022,13:00:56,-19.1406,149.3055,364,519,2108,127,87,,,66,101,5,,,,,,,,,,,,,,,,,,,,,,,,,,,,,
5171,209945,3,NN,1,551,04-Feb-2022,13:06:14,-19.1406,149.3055,,401677688,-127,56,0,04-Feb-2022,13:02:15,-19.1406,149.3055,364,519,2108,127,87,,,93,37,65,,,,,,,,,,,,,,,,,,,,,,,,,,,,,
5171,209945,3,NN,1,551,04-Feb-2022,13:06:14,-19.1406,149.3055,,401677688,-127,56,0,04-Feb-2022,13:02:59,-19.1406,149.3055,364,519,2108,127,87,,,97,135,0,,,,,,,,,,,,,,,,,,,,,,,,,,,,,
5171,209945,3,NN,1,551,04-Feb-2022,13:06:14,-19.1406,149.3055,,401677688,-127,56,0,04-Feb-2022,13:05:20,-19.1406,149.3055,364,519,2108,127,87,,,94,42,65,,,,,,,,,,,,,,,,,,,,,,,,,,,,,
5171,209945,3,NN,1,551,04-Feb-2022,13:06:14,-19.1406,149.3055,,401677688,-127,56,0,04-Feb-2022,13:06:07,-19.1406,149.3055,364,519,2108,127,87,,,15,1,16,,,,,,,,,,,,,,,,,,,,,,,,,,,,,
5171,209945,3,NN,1,551,04-Feb-2022,13:06:14,-19.1406,149.3055,,401677688,-127,56,0,04-Feb-2022,13:06:30,-19.1406,149.3055,364,519,2108,127,87,,,30,142,28,,,,,,,,,,,,,,,,,,,,,,,,,,,,,
5171,209945,23,NN,1,551,04-Feb-2022,13:06:14,-19.1406,149.3055,,401677688,-127,56,0,04-Feb-2022,13:07:00,-19.1406,149.3055,364,519,2108,127,87,,,67,112,165,245,40,150,135,206,66,164,96,138,131,85,41,77,96,164,137,186,26,221,32,,,,,,,,,
5171,209945,3,A1,1,552,05-Feb-2022,07:04:54,-19.4135,149.0166,,401677684,-132,40,0,05-Feb-2022,07:02:49,-19.4135,149.0166,353,1432,2815,728,76,,,90,113,64,,,,,,,,,,,,,,,,,,,,,,,,,,,,,
5171,209945,3,A1,1,552,05-Feb-2022,07:04:54,-19.4135,149.0166,,401677684,-132,40,0,05-Feb-2022,07:03:30,-19.4135,149.0166,353,1432,2815,728,76,,,103,137,5,,,,,,,,,,,,,,,,,,,,,,,,,,,,,
5171,209945,3,A1,1,552,05-Feb-2022,07:04:54,-19.4135,149.0166,,401677684,-132,40,0,05-Feb-2022,07:04:36,-19.4135,149.0166,353,1432,2815,728,76,,,15,1,16,,,,,,,,,,,,,,,,,,,,,,,,,,,,,
5171,209945,3,A1,1,552,05-Feb-2022,07:04:54,-19.4135,149.0166,,401677684,-132,40,0,05-Feb-2022,07:08:42,-19.4135,149.0166,353,1432,2815,728,76,,,66,101,5,,,,,,,,,,,,,,,,,,,,,,,,,,,,,
5171,209945,23,SR,3,553,05-Feb-2022,07:13:58,-19.4145,149.0157,,401677621,-140,56,0,05-Feb-2022,07:13:58,-19.4145,149.0157,651,154,477,49,117,,,78,144,167,25,112,186,31,114,253,219,9,26,230,57,216,82,179,64,74,101,252,207,205,,,,,,,,,
5171,209945,3,SR,3,553,05-Feb-2022,07:13:58,-19.4145,149.0157,,401677621,-140,56,0,05-Feb-2022,07:19:31,-19.4145,149.0157,651,154,477,49,117,,,40,17,189,,,,,,,,,,,,,,,,,,,,,,,,,,,,,
5171,209945,3,SR,3,553,05-Feb-2022,07:13:58,-19.4145,149.0157,,401677621,-140,56,0,05-Feb-2022,07:20:49,-19.4145,149.0157,651,154,477,49,117,,,97,135,0,,,,,,,,,,,,,,,,,,,,,,,,,,,,,
5171,209945,3,SR,3,553,05-Feb-2022,07:13:58,-19.4145,149.0157,,401677621,-140,56,0,05-Feb-2022,07:24:49,-19.4145,149.0157,651,154,477,49,117,,,95,129,65,,,,,,,,,,,,,,,,,,,,,,,,,,,,,
5171,209945,3,A1,A,554,05-Feb-2022,08:39:11,-19.4322,148.9870,,401677683,-137,8,0,05-Feb-2022,08:37:22,-19.4322,148.9870,271,293,1025,83,160,,,6,169,114,,,,,,,,,,,,,,,,,,,,,,,,,,,,,
5171,209945,3,A1,A,554,05-Feb-2022,08:39:11,-19.4322,148.9870,,401677683,-137,8,0,05-Feb-2022,08:38:18,-19.4322,148.9870,271,293,1025,83,160,,,98,136,0,,,,,,,,,,,,,,,,,,,,,,,,,,,,,
5171,209945,3,A1,A,554,05-Feb-2022,08:39:11,-19.4322,148.9870,,401677683,-137,8,0,05-Feb-2022,08:41:53,-19.4322,148.9870,271,293,1025,83,160,,,107,133,0,,,,,,,,,,,,,,,,,,,,,,,,,,,,,
5171,209945,3,SR,B,555,05-Feb-2022,09:00:05,-19.4329,148.9876,,401677674,-134,6,0,05-Feb-2022,08:59:48,-19.4329,148.9876,34,646,848,491,139,,,76,99,5,,,,,,,,,,,,,,,,,,,,,,,,,,,,,
5171,209945,3,SR,B,555,05-Feb-2022,09:00:05,-19.4329,148.9876,,401677674,-134,6,0,05-Feb-2022,09:00:22,-19.4329,148.9876,34,646,848,491,139,,,85,204,65,,,,,,,,,,,,,,,,,,,,,,,,,,,,,
5171,209945,3,NK,B,556,05-Feb-2022,09:00:05,-19.4395,148.9861,,401677693,-129,,0,05-Feb-2022,08:59:48,-19.4395,148.9861,34,599,1009,355,114,,,76,99,5,,,,,,,,,,,,,,,,,,,,,,,,,,,,,
5171,209945,3,NK,B,556,05-Feb-2022,09:00:05,-19.4395,148.9861,,401677693,-129,,0,05-Feb-2022,09:00:22,-19.4395,148.9861,34,599,1009,355,114,,,85,204,65,,,,,,,,,,,,,,,,,,,,,,,,,,,,,
5171,209945,3,SR,B,557,05-Feb-2022,19:38:07,-19.6068,148.9879,,401677686,-129,8,0,05-Feb-2022,19:37:45,-19.6068,148.9879,46,3185,13018,779,110,,,30,142,28,,,,,,,,,,,,,,,,,,,,,,,,,,,,,
5171,209945,3,SR,B,557,05-Feb-2022,19:38:07,-19.6068,148.9879,,401677686,-129,8,0,05-Feb-2022,19:38:31,-19.6068,148.9879,46,3185,13018,779,110,,,66,101,5,,,,,,,,,,,,,,,,,,,,,,,,,,,,,
5171,209945,31,NN,B,558,06-Feb-2022,00:03:19,-19.6785,148.9688,,401677686,-135,8,0,06-Feb-2022,00:03:19,-19.6785,148.9688,,4244,9949,1810,118,,,40,136,160,238,238,238,0,0,14,238,224,14,3,168,44,169,162,156,184,131,189,53,162,97,215,12,69,45,215,255,3,
5171,209945,3,NP,B,559,06-Feb-2022,08:55:44,-19.9257,148.9722,,401677685,-128,8,0,06-Feb-2022,08:54:07,-19.9257,148.9722,195,3488,87359,139,99,,,70,97,5,,,,,,,,,,,,,,,,,,,,,,,,,,,,,
5171,209945,3,NP,B,559,06-Feb-2022,08:55:44,-19.9257,148.9722,,401677685,-128,8,0,06-Feb-2022,08:57:22,-19.9257,148.9722,195,3488,87359,139,99,,,91,132,66,,,,,,,,,,,,,,,,,,,,,,,,,,,,,
5171,209945,3,NP,A,560,06-Feb-2022,20:17:44,-20.0838,148.9680,,401677680,-129,8,0,06-Feb-2022,20:16:21,-20.0838,148.9680,140,1552,17824,135,86,,,67,96,5,,,,,,,,,,,,,,,,,,,,,,,,,,,,,
5171,209945,3,NP,A,560,06-Feb-2022,20:17:44,-20.0838,148.9680,,401677680,-129,8,0,06-Feb-2022,20:18:12,-20.0838,148.9680,140,1552,17824,135,86,,,89,174,66,,,,,,,,,,,,,,,,,,,,,,,,,,,,,
5171,209945,3,NP,A,560,06-Feb-2022,20:17:44,-20.0838,148.9680,,401677680,-129,8,0,06-Feb-2022,20:18:41,-20.0838,148.9680,140,1552,17824,135,86,,,103,137,0,,,,,,,,,,,,,,,,,,,,,,,,,,,,,
5171,209945,3,SR,B,561,06-Feb-2022,20:47:08,-20.0812,148.9541,,401677681,-127,6,0,06-Feb-2022,20:46:35,-20.0812,148.9541,67,1045,4487,243,62,,,86,189,66,,,,,,,,,,,,,,,,,,,,,,,,,,,,,
5171,209945,3,SR,B,561,06-Feb-2022,20:47:08,-20.0812,148.9541,,401677681,-127,6,0,06-Feb-2022,20:47:42,-20.0812,148.9541,67,1045,4487,243,62,,,98,156,170,,,,,,,,,,,,,,,,,,,,,,,,,,,,,
5171,209945,3,NK,B,562,06-Feb-2022,21:18:13,-20.0958,148.9480,,401677684,-125,8,0,06-Feb-2022,21:18:13,-20.0958,148.9480,,1480,3476,630,60,,,15,1,16,,,,,,,,,,,,,,,,,,,,,,,,,,,,,
5171,209945,3,NP,B,563,06-Feb-2022,22:00:48,-20.1092,148.9509,,401677688,-127,8,0,06-Feb-2022,22:00:48,-20.1092,148.9509,,1687,2947,965,59,,,15,1,16,,,,,,,,,,,,,,,,,,,,,,,,,,,,,
5171,209945,3,NK, ,564,08-Feb-2022,10:59:11,,,,401650000,-130,,0,08-Feb-2022,10:59:11,,,,,,,,,,111,106,161,,,,,,,,,,,,,,,,,,,,,,,,,,,,,
5171,209945,31,MC,A,565,08-Feb-2022,11:37:09,-20.3542,148.9933,,401677685,-118,,0,08-Feb-2022,11:36:43,-20.3542,148.9933,363,2477,12776,480,98,,,40,136,129,172,234,189,66,243,103,183,251,255,4,150,220,48,197,7,90,213,27,18,64,133,21,248,63,195,250,163,252,
5171,209945,3,MC,A,565,08-Feb-2022,11:37:09,-20.3542,148.9933,,401677685,-118,,0,08-Feb-2022,11:37:36,-20.3542,148.9933,363,2477,12776,480,98,,,101,131,0,,,,,,,,,,,,,,,,,,,,,,,,,,,,,
5171,209945,3,MC,A,565,08-Feb-2022,11:37:09,-20.3542,148.9933,,401677685,-118,,0,08-Feb-2022,11:42:46,-20.3542,148.9933,363,2477,12776,480,98,,,15,1,16,,,,,,,,,,,,,,,,,,,,,,,,,,,,,
5171,209945,23,NN,0,566,08-Feb-2022,12:14:05,-20.3501,148.9718,,401677686,-129,58,0,08-Feb-2022,12:14:05,-20.3501,148.9718,537,1731,3072,974,101,,,78,186,164,7,144,96,181,3,196,22,213,105,255,36,163,178,203,70,100,173,14,85,64,,,,,,,,,
5171,209945,3,NN,0,566,08-Feb-2022,12:14:05,-20.3501,148.9718,,401677686,-129,58,0,08-Feb-2022,12:15:42,-20.3501,148.9718,537,1731,3072,974,101,,,78,81,82,,,,,,,,,,,,,,,,,,,,,,,,,,,,,
5171,209945,3,NN,0,566,08-Feb-2022,12:14:05,-20.3501,148.9718,,401677686,-129,58,0,08-Feb-2022,12:22:23,-20.3501,148.9718,537,1731,3072,974,101,,,86,12,67,,,,,,,,,,,,,,,,,,,,,,,,,,,,,
5171,209945,3,NN,0,566,08-Feb-2022,12:14:05,-20.3501,148.9718,,401677686,-129,58,0,08-Feb-2022,12:23:02,-20.3501,148.9718,537,1731,3072,974,101,,,111,137,3,,,,,,,,,,,,,,,,,,,,,,,,,,,,,
5171,209945,3,MB,B,567,08-Feb-2022,23:36:55,-20.3741,148.8751,,401677675,-129,8,0,08-Feb-2022,23:36:55,-20.3741,148.8751,,7777,26537,2278,100,,,30,142,28,,,,,,,,,,,,,,,,,,,,,,,,,,,,,
5171,209945,3,SR,B,568,09-Feb-2022,21:01:37,-20.3519,148.9895,,401677707,-132,,0,09-Feb-2022,21:01:37,-20.3519,148.9895,,14131,26021,7674,112,,,30,142,28,,,,,,,,,,,,,,,,,,,,,,,,,,,,,
5171,209945,23,NP,B,569,10-Feb-2022,08:13:56,-20.1093,149.0548,,401677691,-133,8,0,10-Feb-2022,08:13:46,-20.1093,149.0548,20,14532,24742,8534,147,,,79,208,165,117,40,150,198,120,69,33,99,144,150,134,119,12,11,161,25,214,112,255,128,,,,,,,,,
5171,209945,3,NP,B,569,10-Feb-2022,08:13:56,-20.1093,149.0548,,401677691,-133,8,0,10-Feb-2022,08:14:06,-20.1093,149.0548,20,14532,24742,8534,147,,,11,89,16,,,,,,,,,,,,,,,,,,,,,,,,,,,,,
5171,209945,3,NK,2,570,10-Feb-2022,08:30:46,-20.1378,148.9769,,401677690,-128,56,0,10-Feb-2022,08:29:24,-20.1378,148.9769,339,375,1251,112,167,,,73,98,5,,,,,,,,,,,,,,,,,,,,,,,,,,,,,
5171,209945,3,NK,2,570,10-Feb-2022,08:30:46,-20.1378,148.9769,,401677690,-128,56,0,10-Feb-2022,08:30:05,-20.1378,148.9769,339,375,1251,112,167,,,107,133,4,,,,,,,,,,,,,,,,,,,,,,,,,,,,,
5171,209945,3,NK,2,570,10-Feb-2022,08:30:46,-20.1378,148.9769,,401677690,-128,56,0,10-Feb-2022,08:30:20,-20.1378,148.9769,339,375,1251,112,167,,,15,1,16,,,,,,,,,,,,,,,,,,,,,,,,,,,,,
5171,209945,3,NK,2,570,10-Feb-2022,08:30:46,-20.1378,148.9769,,401677690,-128,56,1,10-Feb-2022,08:35:03,-20.1378,148.9769,339,375,1251,112,167,,,30,142,28,,,,,,,,,,,,,,,,,,,,,,,,,,,,,
5171,209945,3,MC,B,571,10-Feb-2022,12:33:54,-20.0946,149.0358,,401677699,-124,8,0,10-Feb-2022,12:33:55,-20.0946,149.0358,,16876,26230,10858,146,,,15,1,16,,,,,,,,,,,,,,,,,,,,,,,,,,,,,
5171,209945,31,SR,2,572,11-Feb-2022,19:54:43,-20.3519,148.9761,,401677686,-123,50,0,11-Feb-2022,19:54:08,-20.3519,148.9761,402,368,1964,69,88,,,40,137,64,238,238,238,238,0,238,238,238,238,238,238,238,175,137,64,0,0,0,0,0,0,0,0,255,12,0,0,48,
5171,209945,3,SR,2,572,11-Feb-2022,19:54:43,-20.3519,148.9761,,401677686,-123,50,0,11-Feb-2022,19:54:23,-20.3519,148.9761,402,368,1964,69,88,,,83,114,67,,,,,,,,,,,,,,,,,,,,,,,,,,,,,
5171,209945,27,SR,2,572,11-Feb-2022,19:54:43,-20.3519,148.9761,,401677686,-123,50,0,11-Feb-2022,19:55:08,-20.3519,148.9761,402,368,1964,69,88,,,30,142,28,198,171,169,194,197,161,117,26,65,40,238,207,195,245,39,203,195,179,75,205,51,180,198,230,,,,,
5171,209945,3,SR,2,572,11-Feb-2022,19:54:43,-20.3519,148.9761,,401677686,-123,50,0,11-Feb-2022,19:55:23,-20.3519,148.9761,402,368,1964,69,88,,,65,90,5,,,,,,,,,,,,,,,,,,,,,,,,,,,,,
5171,209945,3,SR,2,572,11-Feb-2022,19:54:43,-20.3519,148.9761,,401677686,-123,50,0,11-Feb-2022,19:57:21,-20.3519,148.9761,402,368,1964,69,88,,,100,134,0,,,,,,,,,,,,,,,,,,,,,,,,,,,,,
5171,209945,3,SR,2,572,11-Feb-2022,19:54:43,-20.3519,148.9761,,401677686,-123,50,0,11-Feb-2022,19:57:36,-20.3519,148.9761,402,368,1964,69,88,,,31,249,227,,,,,,,,,,,,,,,,,,,,,,,,,,,,,
5171,209945,3,SR,2,572,11-Feb-2022,19:54:43,-20.3519,148.9761,,401677686,-123,50,0,11-Feb-2022,19:58:06,-20.3519,148.9761,402,368,1964,69,88,,,79,92,5,,,,,,,,,,,,,,,,,,,,,,,,,,,,,
5171,209945,3,SR,2,572,11-Feb-2022,19:54:43,-20.3519,148.9761,,401677686,-123,50,1,11-Feb-2022,19:58:38,-20.3519,148.9761,402,368,1964,69,88,,,98,136,0,,,,,,,,,,,,,,,,,,,,,,,,,,,,,
5171,209945,3,SR,2,572,11-Feb-2022,19:54:43,-20.3519,148.9761,,401677686,-123,50,0,11-Feb-2022,19:58:54,-20.3519,148.9761,402,368,1964,69,88,,,15,1,17,,,,,,,,,,,,,,,,,,,,,,,,,,,,,
5171,209945,3,SR,2,572,11-Feb-2022,19:54:43,-20.3519,148.9761,,401677686,-123,50,1,11-Feb-2022,20:00:50,-20.3519,148.9761,402,368,1964,69,88,,,68,91,5,,,,,,,,,,,,,,,,,,,,,,,,,,,,,
5171,209945,3,A1,B,573,11-Feb-2022,20:20:57,-20.3517,148.9748,,401677686,-128,6,0,11-Feb-2022,20:20:57,-20.3517,148.9748,,2543,2731,2367,84,,,89,145,67,,,,,,,,,,,,,,,,,,,,,,,,,,,,,
5171,209945,3,NP,B,574,11-Feb-2022,21:02:56,-20.3515,148.9734,,401677685,-136,8,0,11-Feb-2022,21:02:57,-20.3515,148.9734,,3908,4195,3641,87,,,30,142,28,,,,,,,,,,,,,,,,,,,,,,,,,,,,,
5171,209945,3,SR,B,575,11-Feb-2022,21:29:31,-20.3503,148.9715,,401677693,-137,6,0,11-Feb-2022,21:29:32,-20.3503,148.9715,,4359,4701,4041,77,,,87,151,67,,,,,,,,,,,,,,,,,,,,,,,,,,,,,
5171,209945,3,A1,A,576,12-Feb-2022,08:22:51,-20.3192,148.9938,,401677697,-137,8,0,12-Feb-2022,08:22:13,-20.3192,148.9938,66,2536,22225,289,118,,,93,202,67,,,,,,,,,,,,,,,,,,,,,,,,,,,,,
5171,209945,3,A1,A,576,12-Feb-2022,08:22:51,-20.3192,148.9938,,401677697,-137,8,0,12-Feb-2022,08:23:03,-20.3192,148.9938,66,2536,22225,289,118,,,30,142,28,,,,,,,,,,,,,,,,,,,,,,,,,,,,,
5171,209945,3,A1,A,576,12-Feb-2022,08:22:51,-20.3192,148.9938,,401677697,-137,8,0,12-Feb-2022,08:23:19,-20.3192,148.9938,66,2536,22225,289,118,,,64,95,5,,,,,,,,,,,,,,,,,,,,,,,,,,,,,
5171,209945,31,NP,B,577,12-Feb-2022,09:29:03,-20.3262,148.9979,,401677690,-119,8,0,12-Feb-2022,09:29:03,-20.3262,148.9979,,2577,9001,737,110,,,40,137,96,238,238,238,14,14,238,238,14,238,238,0,238,46,137,96,0,0,0,0,0,0,0,0,255,3,0,0,137,
5171,209945,31,SR,B,578,13-Feb-2022,08:04:40,-20.3863,149.0507,,401677695,-129,,0,13-Feb-2022,08:04:40,-20.3863,149.0507,,5323,7201,3935,111,,,40,137,96,238,238,238,14,14,238,238,14,238,238,0,238,46,137,96,0,0,0,0,0,0,0,0,255,3,0,0,137,
5171,209945,3,MB,B,579,13-Feb-2022,10:46:45,-20.3512,149.0230,,401677696,-133,8,0,13-Feb-2022,10:46:46,-20.3512,149.0230,,4964,8011,3075,90,,,15,1,16,,,,,,,,,,,,,,,,,,,,,,,,,,,,,
5171,209945,3,NN,B,580,13-Feb-2022,11:16:08,-20.3538,148.9896,,401677685,-135,6,0,13-Feb-2022,11:15:57,-20.3538,148.9896,24,2147,5182,889,71,,,15,1,16,,,,,,,,,,,,,,,,,,,,,,,,,,,,,
5171,209945,3,NN,B,580,13-Feb-2022,11:16:08,-20.3538,148.9896,,401677685,-135,6,0,13-Feb-2022,11:16:21,-20.3538,148.9896,24,2147,5182,889,71,,,30,142,28,,,,,,,,,,,,,,,,,,,,,,,,,,,,,
5171,209945,3,A1,0,581,13-Feb-2022,19:56:33,-20.3383,148.9718,,401677684,-129,58,0,13-Feb-2022,19:55:51,-20.3383,148.9718,117,12292,126784,1191,55,,,71,84,5,,,,,,,,,,,,,,,,,,,,,,,,,,,,,
5171,209945,3,A1,0,581,13-Feb-2022,19:56:33,-20.3383,148.9718,,401677684,-129,58,0,13-Feb-2022,19:56:08,-20.3383,148.9718,117,12292,126784,1191,55,,,90,28,80,,,,,,,,,,,,,,,,,,,,,,,,,,,,,
5171,209945,3,A1,0,581,13-Feb-2022,19:56:33,-20.3383,148.9718,,401677684,-129,58,0,13-Feb-2022,19:56:29,-20.3383,148.9718,117,12292,126784,1191,55,,,98,136,0,,,,,,,,,,,,,,,,,,,,,,,,,,,,,
5171,209945,3,A1,0,581,13-Feb-2022,19:56:33,-20.3383,148.9718,,401677684,-129,58,0,13-Feb-2022,19:57:48,-20.3383,148.9718,117,12292,126784,1191,55,,,30,142,28,,,,,,,,,,,,,,,,,,,,,,,,,,,,,
5171,209945,3,NK,B,582,13-Feb-2022,20:05:31,-20.3232,148.9972,,401677692,-133,6,0,13-Feb-2022,20:02:11,-20.3232,148.9972,402,2318,18845,285,30,,,71,84,5,,,,,,,,,,,,,,,,,,,,,,,,,,,,,
5171,209945,3,NK,B,582,13-Feb-2022,20:05:31,-20.3232,148.9972,,401677692,-133,6,0,13-Feb-2022,20:08:53,-20.3232,148.9972,402,2318,18845,285,30,,,15,1,16,,,,,,,,,,,,,,,,,,,,,,,,,,,,,
5171,209945,3,A1,B,583,14-Feb-2022,19:35:37,-20.3129,148.9660,,401677678,-132,,0,14-Feb-2022,19:35:21,-20.3129,148.9660,34,3166,42845,233,104,,,70,81,5,,,,,,,,,,,,,,,,,,,,,,,,,,,,,
5171,209945,3,A1,B,583,14-Feb-2022,19:35:37,-20.3129,148.9660,,401677678,-132,,0,14-Feb-2022,19:35:55,-20.3129,148.9660,34,3166,42845,233,104,,,80,64,68,,,,,,,,,,,,,,,,,,,,,,,,,,,,,
5171,209945,3,SR,3,584,14-Feb-2022,20:01:36,-20.3062,148.9301,,401677684,-124,56,0,14-Feb-2022,19:59:35,-20.3062,148.9301,419,141,676,29,86,,,82,74,68,,,,,,,,,,,,,,,,,,,,,,,,,,,,,
5171,209945,3,SR,3,584,14-Feb-2022,20:01:36,-20.3062,148.9301,,401677684,-124,56,0,14-Feb-2022,19:59:59,-20.3062,148.9301,419,141,676,29,86,,,107,133,0,,,,,,,,,,,,,,,,,,,,,,,,,,,,,
5171,209945,3,SR,3,584,14-Feb-2022,20:01:36,-20.3062,148.9301,,401677684,-124,56,0,14-Feb-2022,20:00:35,-20.3062,148.9301,419,141,676,29,86,,,15,1,16,,,,,,,,,,,,,,,,,,,,,,,,,,,,,
5171,209945,23,SR,3,584,14-Feb-2022,20:01:36,-20.3062,148.9301,,401677684,-124,56,0,14-Feb-2022,20:01:37,-20.3062,148.9301,419,141,676,29,86,,,75,208,146,85,40,150,198,120,71,80,164,86,150,136,157,10,5,97,27,213,48,255,128,,,,,,,,,
5171,209945,3,SR,3,584,14-Feb-2022,20:01:36,-20.3062,148.9301,,401677684,-124,56,0,14-Feb-2022,20:03:44,-20.3062,148.9301,419,141,676,29,86,,,76,83,5,,,,,,,,,,,,,,,,,,,,,,,,,,,,,
5171,209945,3,SR,3,584,14-Feb-2022,20:01:36,-20.3062,148.9301,,401677684,-124,56,0,14-Feb-2022,20:04:00,-20.3062,148.9301,419,141,676,29,86,,,81,85,68,,,,,,,,,,,,,,,,,,,,,,,,,,,,,
5171,209945,3,SR,3,584,14-Feb-2022,20:01:36,-20.3062,148.9301,,401677684,-124,56,0,14-Feb-2022,20:04:16,-20.3062,148.9301,419,141,676,29,86,,,98,136,0,,,,,,,,,,,,,,,,,,,,,,,,,,,,,
5171,209945,3,SR,3,584,14-Feb-2022,20:01:36,-20.3062,148.9301,,401677684,-124,56,0,14-Feb-2022,20:04:44,-20.3062,148.9301,419,141,676,29,86,,,15,2,176,,,,,,,,,,,,,,,,,,,,,,,,,,,,,
5171,209945,3,SR,3,584,14-Feb-2022,20:01:36,-20.3062,148.9301,,401677684,-124,56,0,14-Feb-2022,20:06:19,-20.3062,148.9301,419,141,676,29,86,,,73,82,5,,,,,,,,,,,,,,,,,,,,,,,,,,,,,
5171,209945,3,SR,3,584,14-Feb-2022,20:01:36,-20.3062,148.9301,,401677684,-124,56,0,14-Feb-2022,20:06:34,-20.3062,148.9301,419,141,676,29,86,,,82,90,68,,,,,,,,,,,,,,,,,,,,,,,,,,,,,
5171,209945,31,NP,1,585,14-Feb-2022,20:22:33,-20.3142,148.9226,,401677679,-129,56,0,14-Feb-2022,20:20:13,-20.3142,148.9226,317,642,1766,233,66,,,40,137,160,238,238,224,238,0,14,238,238,14,224,238,224,105,137,160,0,0,0,0,0,0,0,0,255,0,0,0,225,
5171,209945,3,NP,1,585,14-Feb-2022,20:22:33,-20.3142,148.9226,,401677679,-129,56,0,14-Feb-2022,20:20:33,-20.3142,148.9226,317,642,1766,233,66,,,76,83,5,,,,,,,,,,,,,,,,,,,,,,,,,,,,,
5171,209945,3,NP,1,585,14-Feb-2022,20:22:33,-20.3142,148.9226,,401677679,-129,56,0,14-Feb-2022,20:20:56,-20.3142,148.9226,317,642,1766,233,66,,,80,96,68,,,,,,,,,,,,,,,,,,,,,,,,,,,,,
5171,209945,3,NP,1,585,14-Feb-2022,20:22:33,-20.3142,148.9226,,401677679,-129,56,0,14-Feb-2022,20:21:11,-20.3142,148.9226,317,642,1766,233,66,,,101,131,0,,,,,,,,,,,,,,,,,,,,,,,,,,,,,
5171,209945,3,NP,1,585,14-Feb-2022,20:22:33,-20.3142,148.9226,,401677679,-129,56,0,14-Feb-2022,20:21:26,-20.3142,148.9226,317,642,1766,233,66,,,15,1,16,,,,,,,,,,,,,,,,,,,,,,,,,,,,,
5171,209945,3,NP,1,585,14-Feb-2022,20:22:33,-20.3142,148.9226,,401677679,-129,56,0,14-Feb-2022,20:22:51,-20.3142,148.9226,317,642,1766,233,66,,,81,101,68,,,,,,,,,,,,,,,,,,,,,,,,,,,,,
5171,209945,23,NP,1,585,14-Feb-2022,20:22:33,-20.3142,148.9226,,401677679,-129,56,0,14-Feb-2022,20:23:57,-20.3142,148.9226,317,642,1766,233,66,,,88,112,165,245,40,150,198,120,71,82,9,149,214,152,207,27,3,100,210,249,214,248,134,,,,,,,,,
5171,209945,3,NP,1,585,14-Feb-2022,20:22:33,-20.3142,148.9226,,401677679,-129,56,1,14-Feb-2022,20:24:34,-20.3142,148.9226,317,642,1766,233,66,,,30,142,28,,,,,,,,,,,,,,,,,,,,,,,,,,,,,
5171,209945,3,NP,1,585,14-Feb-2022,20:22:33,-20.3142,148.9226,,401677679,-129,56,0,14-Feb-2022,20:25:30,-20.3142,148.9226,317,642,1766,233,66,,,73,17,136,,,,,,,,,,,,,,,,,,,,,,,,,,,,,
5171,209945,3,SR,B,586,15-Feb-2022,07:07:18,-20.3125,148.9174,,401677679,-125,8,0,15-Feb-2022,07:07:18,-20.3125,148.9174,,11326,27680,4634,109,,,30,142,28,,,,,,,,,,,,,,,,,,,,,,,,,,,,,
5171,209945,31,SR,B,587,15-Feb-2022,08:50:25,-20.3446,148.9698,,401677687,-130,8,0,15-Feb-2022,08:50:26,-20.3446,148.9698,59,6982,25370,1921,84,,,40,137,192,238,238,238,238,238,238,238,238,238,224,0,238,24,137,192,0,0,0,0,0,0,0,0,255,0,0,0,59,
5171,209945,3,SR,B,587,15-Feb-2022,08:50:25,-20.3446,148.9698,,401677687,-130,8,0,15-Feb-2022,08:51:25,-20.3446,148.9698,59,6982,25370,1921,84,,,67,80,5,,,,,,,,,,,,,,,,,,,,,,,,,,,,,
5171,209945,3,NP,0,588,15-Feb-2022,08:51:44,-20.3115,149.0398,,401677678,-130,56,0,15-Feb-2022,08:50:44,-20.3115,149.0398,179,4488,46509,433,62,,,15,1,16,,,,,,,,,,,,,,,,,,,,,,,,,,,,,
5171,209945,3,NP,0,588,15-Feb-2022,08:51:44,-20.3115,149.0398,,401677678,-130,56,0,15-Feb-2022,08:51:05,-20.3115,149.0398,179,4488,46509,433,62,,,30,142,28,,,,,,,,,,,,,,,,,,,,,,,,,,,,,
5171,209945,3,NP,0,588,15-Feb-2022,08:51:44,-20.3115,149.0398,,401677678,-130,56,0,15-Feb-2022,08:51:25,-20.3115,149.0398,179,4488,46509,433,62,,,67,80,5,,,,,,,,,,,,,,,,,,,,,,,,,,,,,
5171,209945,3,NP,0,588,15-Feb-2022,08:51:44,-20.3115,149.0398,,401677678,-130,56,0,15-Feb-2022,08:53:43,-20.3115,149.0398,179,4488,46509,433,62,,,3,134,136,,,,,,,,,,,,,,,,,,,,,,,,,,,,,
5171,209945,3,MB,B,589,15-Feb-2022,11:46:23,-20.3324,149.0451,,401677688,-127,8,0,15-Feb-2022,11:45:19,-20.3324,149.0451,130,5680,21251,1518,63,,,30,142,28,,,,,,,,,,,,,,,,,,,,,,,,,,,,,
5171,209945,3,MB,B,589,15-Feb-2022,11:46:23,-20.3324,149.0451,,401677688,-127,8,0,15-Feb-2022,11:47:29,-20.3324,149.0451,130,5680,21251,1518,63,,,73,82,5,,,,,,,,,,,,,,,,,,,,,,,,,,,,,
5171,209945,23,SR,2,590,15-Feb-2022,19:29:35,-20.3311,149.0381,,401677687,-126,58,0,15-Feb-2022,19:29:22,-20.3311,149.0381,307,442,2979,65,109,,,87,48,103,198,10,118,247,158,153,255,74,216,243,68,31,203,116,234,132,63,78,129,13,,,,,,,,,
5171,209945,3,SR,2,590,15-Feb-2022,19:29:35,-20.3311,149.0381,,401677687,-126,58,0,15-Feb-2022,19:29:49,-20.3311,149.0381,307,442,2979,65,109,,,3,203,237,,,,,,,,,,,,,,,,,,,,,,,,,,,,,
5171,209945,3,SR,2,590,15-Feb-2022,19:29:35,-20.3311,149.0381,,401677687,-126,58,0,15-Feb-2022,19:33:09,-20.3311,149.0381,307,442,2979,65,109,,,30,142,28,,,,,,,,,,,,,,,,,,,,,,,,,,,,,
5171,209945,3,SR,2,590,15-Feb-2022,19:29:35,-20.3311,149.0381,,401677687,-126,58,0,15-Feb-2022,19:33:53,-20.3311,149.0381,307,442,2979,65,109,,,64,79,5,,,,,,,,,,,,,,,,,,,,,,,,,,,,,
5171,209945,3,SR,2,590,15-Feb-2022,19:29:35,-20.3311,149.0381,,401677687,-126,58,0,15-Feb-2022,19:34:29,-20.3311,149.0381,307,442,2979,65,109,,,82,187,68,,,,,,,,,,,,,,,,,,,,,,,,,,,,,
5171,209945,3,NP,1,591,15-Feb-2022,20:10:42,-20.3162,149.0170,,401677693,-129,58,0,15-Feb-2022,20:09:03,-20.3162,149.0170,183,1015,2744,375,40,,,107,133,0,,,,,,,,,,,,,,,,,,,,,,,,,,,,,
5171,209945,3,NP,1,591,15-Feb-2022,20:10:42,-20.3162,149.0170,,401677693,-129,58,0,15-Feb-2022,20:10:16,-20.3162,149.0170,183,1015,2744,375,40,,,30,142,28,,,,,,,,,,,,,,,,,,,,,,,,,,,,,
5171,209945,3,NP,1,591,15-Feb-2022,20:10:42,-20.3162,149.0170,,401677693,-129,58,0,15-Feb-2022,20:10:46,-20.3162,149.0170,183,1015,2744,375,40,,,74,77,5,,,,,,,,,,,,,,,,,,,,,,,,,,,,,
5171,209945,3,NP,1,591,15-Feb-2022,20:10:42,-20.3162,149.0170,,401677693,-129,58,0,15-Feb-2022,20:11:04,-20.3162,149.0170,183,1015,2744,375,40,,,82,244,68,,,,,,,,,,,,,,,,,,,,,,,,,,,,,
5171,209945,3,NP,1,591,15-Feb-2022,20:10:42,-20.3162,149.0170,,401677693,-129,58,1,15-Feb-2022,20:12:06,-20.3162,149.0170,183,1015,2744,375,40,,,15,1,16,,,,,,,,,,,,,,,,,,,,,,,,,,,,,
5171,209945,3,NK,2,592,15-Feb-2022,20:52:22,-20.3318,148.9749,,401677685,-125,58,0,15-Feb-2022,20:48:47,-20.3318,148.9749,578,463,1037,207,73,,,95,35,69,,,,,,,,,,,,,,,,,,,,,,,,,,,,,
5171,209945,3,NK,2,592,15-Feb-2022,20:52:22,-20.3318,148.9749,,401677685,-125,58,0,15-Feb-2022,20:50:40,-20.3318,148.9749,578,463,1037,207,73,,,30,142,28,,,,,,,,,,,,,,,,,,,,,,,,,,,,,
5171,209945,3,NK,2,592,15-Feb-2022,20:52:22,-20.3318,148.9749,,401677685,-125,58,0,15-Feb-2022,20:51:28,-20.3318,148.9749,578,463,1037,207,73,,,74,77,5,,,,,,,,,,,,,,,,,,,,,,,,,,,,,
5171,209945,3,NK,2,592,15-Feb-2022,20:52:22,-20.3318,148.9749,,401677685,-125,58,0,15-Feb-2022,20:52:34,-20.3318,148.9749,578,463,1037,207,73,,,88,40,69,,,,,,,,,,,,,,,,,,,,,,,,,,,,,
5171,209945,3,NK,2,592,15-Feb-2022,20:52:22,-20.3318,148.9749,,401677685,-125,58,0,15-Feb-2022,20:58:25,-20.3318,148.9749,578,463,1037,207,73,,,98,136,0,,,,,,,,,,,,,,,,,,,,,,,,,,,,,
5171,209945,3,A1,B,593,15-Feb-2022,20:58:25,-20.3171,149.0120,,401677673,-137,8,0,15-Feb-2022,20:58:25,-20.3171,149.0120,,3818,4643,3139,81,,,98,136,0,,,,,,,,,,,,,,,,,,,,,,,,,,,,,
5171,209945,3,SR,B,594,15-Feb-2022,21:08:00,-20.3213,148.9759,,401677676,-125,6,0,15-Feb-2022,21:08:00,-20.3213,148.9759,178,2202,13518,358,173,,,74,77,5,,,,,,,,,,,,,,,,,,,,,,,,,,,,,
5171,209945,3,SR,B,594,15-Feb-2022,21:08:00,-20.3213,148.9759,,401677676,-125,6,0,15-Feb-2022,21:10:58,-20.3213,148.9759,178,2202,13518,358,173,,,89,45,69,,,,,,,,,,,,,,,,,,,,,,,,,,,,,
5171,209945,3,NP,B,595,16-Feb-2022,21:41:25,-20.3730,148.9357,,401677679,-130,,0,16-Feb-2022,21:31:50,-20.3730,148.9357,576,3702,96100,142,50,,,15,1,16,,,,,,,,,,,,,,,,,,,,,,,,,,,,,
5171,209945,3,NP,B,595,16-Feb-2022,21:41:25,-20.3730,148.9357,,401677679,-130,,0,16-Feb-2022,21:41:26,-20.3730,148.9357,576,3702,96100,142,50,,,78,73,5,,,,,,,,,,,,,,,,,,,,,,,,,,,,,
5171,209945,23,MC,B,596,16-Feb-2022,23:21:35,-20.3340,148.9692,,401677677,-121,8,0,16-Feb-2022,23:21:36,-20.3340,148.9692,,3397,11563,997,52,,,69,48,165,245,40,150,198,120,72,93,229,156,150,147,1,43,63,179,231,211,66,54,65,,,,,,,,,
5171,209945,3,NP,A,597,17-Feb-2022,08:26:48,-20.3571,149.0080,,401677675,-133,8,0,17-Feb-2022,08:26:49,-20.3571,149.0080,358,278,589,131,21,,,30,142,28,,,,,,,,,,,,,,,,,,,,,,,,,,,,,
5171,209945,3,NP,A,597,17-Feb-2022,08:26:48,-20.3571,149.0080,,401677675,-133,8,0,17-Feb-2022,08:30:18,-20.3571,149.0080,358,278,589,131,21,,,110,132,0,,,,,,,,,,,,,,,,,,,,,,,,,,,,,
5171,209945,3,NP,A,597,17-Feb-2022,08:26:48,-20.3571,149.0080,,401677675,-133,8,1,17-Feb-2022,08:32:47,-20.3571,149.0080,358,278,589,131,21,,,30,142,28,,,,,,,,,,,,,,,,,,,,,,,,,,,,,
5171,209945,31,NK,B,598,17-Feb-2022,08:59:32,-20.3561,149.0086,,401677669,-135,8,0,17-Feb-2022,08:59:33,-20.3561,149.0086,,827,868,787,48,,,40,138,0,238,238,238,0,238,238,224,238,238,224,224,238,51,138,0,0,0,0,0,0,0,0,0,255,0,0,0,25,
5171,209945,3,MB,B,599,17-Feb-2022,10:55:34,-20.3531,149.0086,,401677669,-130,8,0,17-Feb-2022,10:55:34,-20.3531,149.0086,,1644,1741,1552,116,,,15,1,16,,,,,,,,,,,,,,,,,,,,,,,,,,,,,
5171,209945,3,SR,B,600,17-Feb-2022,18:28:19,-20.3476,149.0057,,401677682,-138,8,0,17-Feb-2022,18:28:20,-20.3476,149.0057,,3007,3994,2263,76,,,65,37,70,,,,,,,,,,,,,,,,,,,,,,,,,,,,,
5171,209945,3,A1,B,601,17-Feb-2022,18:50:36,-20.3390,149.0127,,401677683,-139,6,0,17-Feb-2022,18:50:36,-20.3390,149.0127,,2876,3490,2369,90,,,30,142,28,,,,,,,,,,,,,,,,,,,,,,,,,,,,,
5171,209945,3,MC,B,602,17-Feb-2022,23:06:48,-20.3379,149.0085,,401677690,-120,8,0,17-Feb-2022,23:06:48,-20.3379,149.0085,,3082,5055,1878,115,,,30,142,28,,,,,,,,,,,,,,,,,,,,,,,,,,,,,
5171,209945,3,NP,B,603,17-Feb-2022,23:06:48,-20.3387,149.0045,,401677688,-137,,0,17-Feb-2022,23:06:48,-20.3387,149.0045,,2775,3989,1930,106,,,30,142,28,,,,,,,,,,,,,,,,,,,,,,,,,,,,,
5171,209945,3,NN,B,604,18-Feb-2022,13:35:45,-20.3098,148.9973,,401677689,-135,,0,18-Feb-2022,13:35:46,-20.3098,148.9973,,4064,6005,2750,53,,,30,142,28,,,,,,,,,,,,,,,,,,,,,,,,,,,,,
5171,209945,3,A1,B,605,19-Feb-2022,08:11:59,-20.3355,148.9843,,401677692,-130,,0,19-Feb-2022,08:11:59,-20.3355,148.9843,,4309,12165,1526,114,,,82,108,18,,,,,,,,,,,,,,,,,,,,,,,,,,,,,
5171,209945,31,SR,B,606,19-Feb-2022,08:21:38,-20.3316,148.9823,,401677690,-122,,0,19-Feb-2022,08:20:41,-20.3316,148.9823,114,1380,17641,108,175,,,40,138,32,238,238,238,14,0,224,0,0,0,0,224,224,72,138,32,0,0,0,0,0,0,0,0,255,0,0,0,231,
5171,209945,3,SR,B,606,19-Feb-2022,08:21:38,-20.3316,148.9823,,401677690,-122,,0,19-Feb-2022,08:22:35,-20.3316,148.9823,114,1380,17641,108,175,,,15,1,16,,,,,,,,,,,,,,,,,,,,,,,,,,,,,
5171,209945,3,NP,0,607,19-Feb-2022,09:47:23,-20.3581,148.9808,,401677685,-124,58,0,19-Feb-2022,09:47:24,-20.3581,148.9808,381,4586,137442,153,77,,,98,136,0,,,,,,,,,,,,,,,,,,,,,,,,,,,,,
5171,209945,3,NP,0,607,19-Feb-2022,09:47:23,-20.3581,148.9808,,401677685,-124,58,0,19-Feb-2022,09:50:13,-20.3581,148.9808,381,4586,137442,153,77,,,15,1,16,,,,,,,,,,,,,,,,,,,,,,,,,,,,,
5171,209945,31,NP,0,607,19-Feb-2022,09:47:23,-20.3581,148.9808,,401677685,-124,58,0,19-Feb-2022,09:50:54,-20.3581,148.9808,381,4586,137442,153,77,,,40,138,64,238,238,238,238,224,238,238,238,238,238,238,238,138,138,64,0,0,0,0,0,0,0,0,255,8,179,228,22,
5171,209945,3,NP,0,607,19-Feb-2022,09:47:23,-20.3581,148.9808,,401677685,-124,58,0,19-Feb-2022,09:53:45,-20.3581,148.9808,381,4586,137442,153,77,,,70,81,5,,,,,,,,,,,,,,,,,,,,,,,,,,,,,
5171,209945,3,NK,B,608,19-Feb-2022,09:49:08,-20.3573,148.9777,,401677685,-128,6,0,19-Feb-2022,09:47:24,-20.3573,148.9777,210,2808,23934,329,77,,,98,136,0,,,,,,,,,,,,,,,,,,,,,,,,,,,,,
5171,209945,31,NK,B,608,19-Feb-2022,09:49:08,-20.3573,148.9777,,401677685,-128,6,0,19-Feb-2022,09:50:54,-20.3573,148.9777,210,2808,23934,329,77,,,105,14,64,238,238,238,238,224,238,238,238,238,238,238,238,138,138,64,0,0,0,0,0,0,0,0,243,164,173,31,236,
5171,209945,3,MC,B,609,19-Feb-2022,11:13:34,-20.3512,148.9850,,401677670,-116,8,0,19-Feb-2022,11:13:02,-20.3512,148.9850,66,3637,27449,481,81,,,64,79,20,,,,,,,,,,,,,,,,,,,,,,,,,,,,,
5171,209945,3,MC,B,609,19-Feb-2022,11:13:34,-20.3512,148.9850,,401677670,-116,8,0,19-Feb-2022,11:14:08,-20.3512,148.9850,66,3637,27449,481,81,,,84,120,55,,,,,,,,,,,,,,,,,,,,,,,,,,,,,
5171,209945,3,SR,B,610,19-Feb-2022,20:40:42,-20.4032,149.0202,,401677682,-131,8,0,19-Feb-2022,20:40:22,-20.4032,149.0202,41,2534,12732,504,50,,,107,143,7,,,,,,,,,,,,,,,,,,,,,,,,,,,,,
5171,209945,3,SR,B,610,19-Feb-2022,20:40:42,-20.4032,149.0202,,401677682,-131,8,0,19-Feb-2022,20:41:03,-20.4032,149.0202,41,2534,12732,504,50,,,15,1,16,,,,,,,,,,,,,,,,,,,,,,,,,,,,,
5171,209945,3,NP,3,611,19-Feb-2022,20:57:55,-20.4074,149.0088,,401677683,-132,56,0,19-Feb-2022,20:57:55,-20.4074,149.0088,534,217,572,81,101,,,97,135,0,,,,,,,,,,,,,,,,,,,,,,,,,,,,,
5171,209945,3,NP,3,611,19-Feb-2022,20:57:55,-20.4074,149.0088,,401677683,-132,56,0,19-Feb-2022,21:02:17,-20.4074,149.0088,534,217,572,81,101,,,69,78,5,,,,,,,,,,,,,,,,,,,,,,,,,,,,,
5171,209945,3,NP,3,611,19-Feb-2022,20:57:55,-20.4074,149.0088,,401677683,-132,56,0,19-Feb-2022,21:04:01,-20.4074,149.0088,534,217,572,81,101,,,90,233,74,,,,,,,,,,,,,,,,,,,,,,,,,,,,,
5171,209945,3,NP,3,611,19-Feb-2022,20:57:55,-20.4074,149.0088,,401677683,-132,56,0,19-Feb-2022,21:04:40,-20.4074,149.0088,534,217,572,81,101,,,100,134,0,,,,,,,,,,,,,,,,,,,,,,,,,,,,,
5171,209945,3,NP,3,611,19-Feb-2022,20:57:55,-20.4074,149.0088,,401677683,-132,56,0,19-Feb-2022,21:04:59,-20.4074,149.0088,534,217,572,81,101,,,15,1,16,,,,,,,,,,,,,,,,,,,,,,,,,,,,,
5171,209945,3,NP,3,611,19-Feb-2022,20:57:55,-20.4074,149.0088,,401677683,-132,56,0,19-Feb-2022,21:05:26,-20.4074,149.0088,534,217,572,81,101,,,30,142,28,,,,,,,,,,,,,,,,,,,,,,,,,,,,,
5171,209945,3,NP,3,611,19-Feb-2022,20:57:55,-20.4074,149.0088,,401677683,-132,56,0,19-Feb-2022,21:06:49,-20.4074,149.0088,534,217,572,81,101,,,107,133,0,,,,,,,,,,,,,,,,,,,,,,,,,,,,,
5171,209945,3,MC,0,612,19-Feb-2022,22:18:54,-20.3955,149.0071,,401677674,-126,58,0,19-Feb-2022,22:18:10,-20.3955,149.0071,107,1772,8096,387,109,,,97,135,0,,,,,,,,,,,,,,,,,,,,,,,,,,,,,
5171,209945,3,MC,0,612,19-Feb-2022,22:18:54,-20.3955,149.0071,,401677674,-126,58,0,19-Feb-2022,22:18:36,-20.3955,149.0071,107,1772,8096,387,109,,,15,1,16,,,,,,,,,,,,,,,,,,,,,,,,,,,,,
5171,209945,3,MC,0,612,19-Feb-2022,22:18:54,-20.3955,149.0071,,401677674,-126,58,0,19-Feb-2022,22:18:55,-20.3955,149.0071,107,1772,8096,387,109,,,30,132,232,,,,,,,,,,,,,,,,,,,,,,,,,,,,,
5171,209945,3,MC,0,612,19-Feb-2022,22:18:54,-20.3955,149.0071,,401677674,-126,58,0,19-Feb-2022,22:19:57,-20.3955,149.0071,107,1772,8096,387,109,,,86,32,71,,,,,,,,,,,,,,,,,,,,,,,,,,,,,
5171,209945,3,NK,B,613,20-Feb-2022,09:22:52,-20.3572,148.9572,,401677710,-127,8,0,20-Feb-2022,09:22:53,-20.3572,148.9572,,4789,5747,3990,44,,,37,164,180,,,,,,,,,,,,,,,,,,,,,,,,,,,,,
5171,209945,3,NN,B,614,20-Feb-2022,22:55:31,-20.3167,148.9705,,401677696,-135,,0,20-Feb-2022,22:55:07,-20.3167,148.9705,49,3666,18546,724,124,,,97,135,0,,,,,,,,,,,,,,,,,,,,,,,,,,,,,
5171,209945,3,NN,B,614,20-Feb-2022,22:55:31,-20.3167,148.9705,,401677696,-135,,0,20-Feb-2022,22:55:56,-20.3167,148.9705,49,3666,18546,724,124,,,15,1,16,,,,,,,,,,,,,,,,,,,,,,,,,,,,,
5171,209945,3,NN,B,615,21-Feb-2022,13:00:43,-20.3435,149.0482,,401677688,-128,,0,21-Feb-2022,13:00:44,-20.3435,149.0482,,4069,4272,3875,85,,,15,1,16,,,,,,,,,,,,,,,,,,,,,,,,,,,,,
5171,209945,3,A1,3,616,21-Feb-2022,19:29:37,-20.3902,149.0742,,401677682,-128,58,0,21-Feb-2022,19:24:02,-20.3902,149.0742,335,218,606,78,105,,,110,132,0,,,,,,,,,,,,,,,,,,,,,,,,,,,,,
5171,209945,3,A1,3,616,21-Feb-2022,19:29:37,-20.3902,149.0742,,401677682,-128,58,0,21-Feb-2022,19:25:19,-20.3902,149.0742,335,218,606,78,105,,,30,142,28,,,,,,,,,,,,,,,,,,,,,,,,,,,,,
5171,209945,3,A1,3,616,21-Feb-2022,19:29:37,-20.3902,149.0742,,401677682,-128,58,0,21-Feb-2022,19:27:14,-20.3902,149.0742,335,218,606,78,105,,,70,81,5,,,,,,,,,,,,,,,,,,,,,,,,,,,,,
5171,209945,3,A1,3,616,21-Feb-2022,19:29:37,-20.3902,149.0742,,401677682,-128,58,1,21-Feb-2022,19:28:51,-20.3902,149.0742,335,218,606,78,105,,,15,1,16,,,,,,,,,,,,,,,,,,,,,,,,,,,,,
5171,209945,3,A1,3,616,21-Feb-2022,19:29:37,-20.3902,149.0742,,401677682,-128,58,0,21-Feb-2022,19:29:37,-20.3902,149.0742,335,218,606,78,105,,,67,80,5,,,,,,,,,,,,,,,,,,,,,,,,,,,,,
5171,209945,3,SR,2,617,21-Feb-2022,19:38:49,-20.3933,149.0672,,401677683,-128,56,0,21-Feb-2022,19:37:53,-20.3933,149.0672,631,258,524,126,53,,,15,1,16,,,,,,,,,,,,,,,,,,,,,,,,,,,,,
5171,209945,3,SR,2,617,21-Feb-2022,19:38:49,-20.3933,149.0672,,401677683,-128,56,0,21-Feb-2022,19:38:52,-20.3933,149.0672,631,258,524,126,53,,,85,206,71,,,,,,,,,,,,,,,,,,,,,,,,,,,,,
5171,209945,3,SR,2,617,21-Feb-2022,19:38:49,-20.3933,149.0672,,401677683,-128,56,0,21-Feb-2022,19:39:43,-20.3933,149.0672,631,258,524,126,53,,,15,12,236,,,,,,,,,,,,,,,,,,,,,,,,,,,,,
5171,209945,3,SR,2,617,21-Feb-2022,19:38:49,-20.3933,149.0672,,401677683,-128,56,0,21-Feb-2022,19:43:42,-20.3933,149.0672,631,258,524,126,53,,,15,1,19,,,,,,,,,,,,,,,,,,,,,,,,,,,,,
5171,209945,3,SR,2,617,21-Feb-2022,19:38:49,-20.3933,149.0672,,401677683,-128,56,0,21-Feb-2022,19:48:24,-20.3933,149.0672,631,258,524,126,53,,,64,79,5,,,,,,,,,,,,,,,,,,,,,,,,,,,,,
5171,209945,3,NK,3,618,21-Feb-2022,20:02:19,-20.3890,149.0640,,401677681,-130,56,0,21-Feb-2022,19:59:23,-20.3890,149.0640,468,214,364,125,9,,,74,77,5,,,,,,,,,,,,,,,,,,,,,,,,,,,,,
5171,209945,3,NK,3,618,21-Feb-2022,20:02:19,-20.3890,149.0640,,401677681,-130,56,0,21-Feb-2022,19:59:41,-20.3890,149.0640,468,214,364,125,9,,,91,248,71,,,,,,,,,,,,,,,,,,,,,,,,,,,,,
5171,209945,3,NK,3,618,21-Feb-2022,20:02:19,-20.3890,149.0640,,401677681,-130,56,0,21-Feb-2022,20:00:03,-20.3890,149.0640,468,214,364,125,9,,,96,130,0,,,,,,,,,,,,,,,,,,,,,,,,,,,,,
5171,209945,3,NK,3,618,21-Feb-2022,20:02:19,-20.3890,149.0640,,401677681,-130,56,0,21-Feb-2022,20:02:06,-20.3890,149.0640,468,214,364,125,9,,,69,78,5,,,,,,,,,,,,,,,,,,,,,,,,,,,,,
5171,209945,3,NK,3,618,21-Feb-2022,20:02:19,-20.3890,149.0640,,401677681,-130,56,0,21-Feb-2022,20:02:39,-20.3890,149.0640,468,214,364,125,9,,,90,253,71,,,,,,,,,,,,,,,,,,,,,,,,,,,,,
5171,209945,3,NK,3,618,21-Feb-2022,20:02:19,-20.3890,149.0640,,401677681,-130,56,0,21-Feb-2022,20:04:28,-20.3890,149.0640,468,214,364,125,9,,,15,1,16,,,,,,,,,,,,,,,,,,,,,,,,,,,,,
5171,209945,3,NK,3,618,21-Feb-2022,20:02:19,-20.3890,149.0640,,401677681,-130,56,2,21-Feb-2022,20:04:44,-20.3890,149.0640,468,214,364,125,9,,,30,142,28,,,,,,,,,,,,,,,,,,,,,,,,,,,,,
5171,209945,3,NK,3,618,21-Feb-2022,20:02:19,-20.3890,149.0640,,401677681,-130,56,0,21-Feb-2022,20:05:20,-20.3890,149.0640,468,214,364,125,9,,,64,79,5,,,,,,,,,,,,,,,,,,,,,,,,,,,,,
5171,209945,23,NK,3,618,21-Feb-2022,20:02:19,-20.3890,149.0640,,401677681,-130,56,0,21-Feb-2022,20:07:11,-20.3890,149.0640,468,214,364,125,9,,,64,144,165,109,18,215,241,93,115,88,178,226,141,2,86,244,159,165,81,111,112,147,96,,,,,,,,,
5171,209945,3,A1,B,619,22-Feb-2022,07:28:03,-20.3392,149.0852,,401677676,-133,8,0,22-Feb-2022,07:28:03,-20.3392,149.0852,,4036,17989,905,109,,,71,84,7,,,,,,,,,,,,,,,,,,,,,,,,,,,,,
5171,209945,3,SR,1,620,22-Feb-2022,08:31:48,-20.3129,149.0630,,401677682,-127,58,0,22-Feb-2022,08:28:13,-20.3129,149.0630,312,501,1734,144,112,,,93,95,103,,,,,,,,,,,,,,,,,,,,,,,,,,,,,
5171,209945,3,SR,1,620,22-Feb-2022,08:31:48,-20.3129,149.0630,,401677682,-127,58,0,22-Feb-2022,08:29:37,-20.3129,149.0630,312,501,1734,144,112,,,15,1,16,,,,,,,,,,,,,,,,,,,,,,,,,,,,,
5171,209945,3,SR,1,620,22-Feb-2022,08:31:48,-20.3129,149.0630,,401677682,-127,58,1,22-Feb-2022,08:31:49,-20.3129,149.0630,312,501,1734,144,112,,,77,86,5,,,,,,,,,,,,,,,,,,,,,,,,,,,,,
5171,209945,3,SR,1,620,22-Feb-2022,08:31:48,-20.3129,149.0630,,401677682,-127,58,0,22-Feb-2022,08:33:05,-20.3129,149.0630,312,501,1734,144,112,,,94,131,72,,,,,,,,,,,,,,,,,,,,,,,,,,,,,
5171,209945,3,SR,1,620,22-Feb-2022,08:31:48,-20.3129,149.0630,,401677682,-127,58,0,22-Feb-2022,08:33:25,-20.3129,149.0630,312,501,1734,144,112,,,62,187,240,,,,,,,,,,,,,,,,,,,,,,,,,,,,,
5171,209945,3,NK,2,621,22-Feb-2022,08:29:58,-20.3144,149.0646,,401677684,-131,58,0,22-Feb-2022,08:28:13,-20.3144,149.0646,292,413,1149,148,133,,,93,117,230,,,,,,,,,,,,,,,,,,,,,,,,,,,,,
5171,209945,3,NK,2,621,22-Feb-2022,08:29:58,-20.3144,149.0646,,401677684,-131,58,0,22-Feb-2022,08:29:37,-20.3144,149.0646,292,413,1149,148,133,,,15,1,16,,,,,,,,,,,,,,,,,,,,,,,,,,,,,
5171,209945,3,NK,2,621,22-Feb-2022,08:29:58,-20.3144,149.0646,,401677684,-131,58,1,22-Feb-2022,08:31:49,-20.3144,149.0646,292,413,1149,148,133,,,77,86,5,,,,,,,,,,,,,,,,,,,,,,,,,,,,,
5171,209945,3,NK,2,621,22-Feb-2022,08:29:58,-20.3144,149.0646,,401677684,-131,58,0,22-Feb-2022,08:33:05,-20.3144,149.0646,292,413,1149,148,133,,,94,131,72,,,,,,,,,,,,,,,,,,,,,,,,,,,,,
5171,209945,3,NP,B,622,22-Feb-2022,09:09:10,-20.2991,149.0582,,401677681,-128,8,0,22-Feb-2022,09:08:55,-20.2991,149.0582,31,2132,3441,1320,94,,,15,1,16,,,,,,,,,,,,,,,,,,,,,,,,,,,,,
5171,209945,3,NP,B,622,22-Feb-2022,09:09:10,-20.2991,149.0582,,401677681,-128,8,0,22-Feb-2022,09:09:26,-20.2991,149.0582,31,2132,3441,1320,94,,,30,142,28,,,,,,,,,,,,,,,,,,,,,,,,,,,,,
5171,209945,3,MC,B,623,22-Feb-2022,10:06:23,-20.2882,149.0503,,401677673,-132,8,0,22-Feb-2022,10:06:23,-20.2882,149.0503,,3372,4184,2716,93,,,15,1,16,,,,,,,,,,,,,,,,,,,,,,,,,,,,,
5171,209945,3,NK,B,624,22-Feb-2022,10:06:23,-20.2922,149.0608,,401677657,-125,8,0,22-Feb-2022,10:06:23,-20.2922,149.0608,,3224,3794,2739,76,,,15,1,16,,,,,,,,,,,,,,,,,,,,,,,,,,,,,
5171,209945,3,MC,B,625,22-Feb-2022,11:46:51,-20.2814,149.0475,,401677651,-122,8,0,22-Feb-2022,11:46:52,-20.2814,149.0475,,2764,3092,2469,112,,,30,142,28,,,,,,,,,,,,,,,,,,,,,,,,,,,,,
5171,209945,3,NN,1,626,22-Feb-2022,12:50:58,-20.3920,149.0916,,401677684,-120,56,0,22-Feb-2022,12:50:03,-20.3920,149.0916,138,877,3419,225,103,,,30,138,253,,,,,,,,,,,,,,,,,,,,,,,,,,,,,
5171,209945,3,NN,1,626,22-Feb-2022,12:50:58,-20.3920,149.0916,,401677684,-120,56,0,22-Feb-2022,12:50:19,-20.3920,149.0916,138,877,3419,225,103,,,71,84,5,,,,,,,,,,,,,,,,,,,,,,,,,,,,,
5171,209945,3,NN,1,626,22-Feb-2022,12:50:58,-20.3920,149.0916,,401677684,-120,56,0,22-Feb-2022,12:50:35,-20.3920,149.0916,138,877,3419,225,103,,,95,201,72,,,,,,,,,,,,,,,,,,,,,,,,,,,,,
5171,209945,3,NN,1,626,22-Feb-2022,12:50:58,-20.3920,149.0916,,401677684,-120,56,0,22-Feb-2022,12:51:09,-20.3920,149.0916,138,877,3419,225,103,,,111,128,61,,,,,,,,,,,,,,,,,,,,,,,,,,,,,
5171,209945,3,NN,1,626,22-Feb-2022,12:50:58,-20.3920,149.0916,,401677684,-120,56,0,22-Feb-2022,12:51:26,-20.3920,149.0916,138,877,3419,225,103,,,15,1,16,,,,,,,,,,,,,,,,,,,,,,,,,,,,,
5171,209945,23,NN,1,626,22-Feb-2022,12:50:58,-20.3920,149.0916,,401677684,-120,56,0,22-Feb-2022,12:52:21,-20.3920,149.0916,138,877,3419,225,103,,,87,144,165,245,40,150,198,143,148,207,216,48,1,67,194,161,52,39,81,164,241,59,93,,,,,,,,,
5171,209945,3,MC,B,627,22-Feb-2022,13:25:21,-20.4038,149.0950,,401677685,-134,8,0,22-Feb-2022,13:25:22,-20.4038,149.0950,,2836,3192,2520,93,,,15,1,16,,,,,,,,,,,,,,,,,,,,,,,,,,,,,
5171,209945,3,SR,A,628,22-Feb-2022,19:07:06,-20.3601,149.0148,,401677670,-135,8,0,22-Feb-2022,19:06:45,-20.3601,149.0148,633,1720,14357,206,158,,,30,134,28,,,,,,,,,,,,,,,,,,,,,,,,,,,,,
5171,209945,3,SR,A,628,22-Feb-2022,19:07:06,-20.3601,149.0148,,401677670,-135,8,0,22-Feb-2022,19:07:27,-20.3601,149.0148,633,1720,14357,206,158,,,91,3,73,,,,,,,,,,,,,,,,,,,,,,,,,,,,,
5171,209945,3,SR,A,628,22-Feb-2022,19:07:06,-20.3601,149.0148,,401677670,-135,8,0,22-Feb-2022,19:17:18,-20.3601,149.0148,633,1720,14357,206,158,,,15,1,16,,,,,,,,,,,,,,,,,,,,,,,,,,,,,
5171,209945,3,A1,B,629,22-Feb-2022,19:07:06,-20.3559,149.0743,,401677668,-136,,0,22-Feb-2022,19:06:45,-20.3559,149.0743,42,2124,12387,364,87,,,30,142,28,,,,,,,,,,,,,,,,,,,,,,,,,,,,,
5171,209945,3,A1,B,629,22-Feb-2022,19:07:06,-20.3559,149.0743,,401677668,-136,,0,22-Feb-2022,19:07:27,-20.3559,149.0743,42,2124,12387,364,87,,,91,3,73,,,,,,,,,,,,,,,,,,,,,,,,,,,,,
5171,209945,3,NK,B,630,22-Feb-2022,19:41:21,-20.3660,149.0560,,401677688,-137,6,0,22-Feb-2022,19:41:22,-20.3660,149.0560,,2025,4493,912,91,,,69,78,5,,,,,,,,,,,,,,,,,,,,,,,,,,,,,
5171,209945,31,NN,B,631,23-Feb-2022,00:03:33,-20.4255,149.0338,,401677680,-127,8,0,23-Feb-2022,00:03:34,-20.4255,149.0338,,2658,3426,2062,94,,,41,138,140,246,146,68,3,166,98,225,27,178,137,116,40,7,131,88,197,162,184,216,93,206,211,209,17,71,25,88,40,
5171,209945,3,SR,0,632,23-Feb-2022,07:51:58,-20.1938,148.8952,,401677681,-121,48,0,23-Feb-2022,07:51:58,-20.1938,148.8952,224,2904,32899,256,106,,,89,86,69,,,,,,,,,,,,,,,,,,,,,,,,,,,,,
5171,209945,3,SR,0,632,23-Feb-2022,07:51:58,-20.1938,148.8952,,401677681,-121,48,0,23-Feb-2022,07:54:23,-20.1938,148.8952,224,2904,32899,256,106,,,65,90,5,,,,,,,,,,,,,,,,,,,,,,,,,,,,,
5171,209945,3,SR,0,632,23-Feb-2022,07:51:58,-20.1938,148.8952,,401677681,-121,48,0,23-Feb-2022,07:54:50,-20.1938,148.8952,224,2904,32899,256,106,,,80,91,73,,,,,,,,,,,,,,,,,,,,,,,,,,,,,
5171,209945,3,SR,0,632,23-Feb-2022,07:51:58,-20.1938,148.8952,,401677681,-121,48,0,23-Feb-2022,07:55:42,-20.1938,148.8952,224,2904,32899,256,106,,,110,132,70,,,,,,,,,,,,,,,,,,,,,,,,,,,,,
5171,209945,3,NP,B,633,23-Feb-2022,20:16:14,-20.0469,148.9344,,401677659,-135,,0,23-Feb-2022,20:11:43,-20.0469,148.9344,271,5084,80250,322,151,,,80,170,73,,,,,,,,,,,,,,,,,,,,,,,,,,,,,
5171,209945,3,NP,B,633,23-Feb-2022,20:16:14,-20.0469,148.9344,,401677659,-135,,0,23-Feb-2022,20:16:14,-20.0469,148.9344,271,5084,80250,322,151,,,30,142,28,,,,,,,,,,,,,,,,,,,,,,,,,,,,,
5171,209945,3,SR,B,634,23-Feb-2022,20:16:14,-20.2154,148.7777,,401677694,-133,,0,23-Feb-2022,20:16:14,-20.2154,148.7777,,16205,17948,14631,71,,,30,142,28,,,,,,,,,,,,,,,,,,,,,,,,,,,,,
5171,209945,3,NK,B,635,23-Feb-2022,20:57:35,-20.0354,148.9203,,401677680,-133,6,0,23-Feb-2022,20:57:35,-20.0354,148.9203,,1645,3827,707,151,,,63,135,84,,,,,,,,,,,,,,,,,,,,,,,,,,,,,
5171,209945,3,NP,B,636,23-Feb-2022,21:49:36,-20.0363,148.9105,,401677682,-137,7,0,23-Feb-2022,21:49:36,-20.0363,148.9105,,1913,3285,1113,152,,,98,136,0,,,,,,,,,,,,,,,,,,,,,,,,,,,,,
5171,209945,3,NK,B,637,23-Feb-2022,22:27:10,-20.0254,148.9071,,401677671,-133,8,0,23-Feb-2022,22:27:11,-20.0254,148.9071,,2120,3203,1403,144,,,15,1,16,,,,,,,,,,,,,,,,,,,,,,,,,,,,,
5171,209945,3,SR,B,638,24-Feb-2022,07:20:57,-19.9768,148.8073,,401677672,-129,8,0,24-Feb-2022,07:20:57,-19.9768,148.8073,374,3665,3883,3457,151,,,15,1,16,,,,,,,,,,,,,,,,,,,,,,,,,,,,,
5171,209945,3,SR,B,638,24-Feb-2022,07:20:57,-19.9768,148.8073,,401677672,-129,8,0,24-Feb-2022,07:27:11,-19.9768,148.8073,374,3665,3883,3457,151,,,90,247,73,,,,,,,,,,,,,,,,,,,,,,,,,,,,,
5171,209945,3,A1,0,639,24-Feb-2022,08:31:10,-19.7414,148.9713,,401677687,-133,46,0,24-Feb-2022,08:29:35,-19.7414,148.9713,212,1691,3299,866,162,,,88,61,74,,,,,,,,,,,,,,,,,,,,,,,,,,,,,
5171,209945,23,A1,0,639,24-Feb-2022,08:31:10,-19.7414,148.9713,,401677687,-133,46,0,24-Feb-2022,08:31:16,-19.7414,148.9713,212,1691,3299,866,162,,,77,208,161,245,40,150,206,120,76,34,133,78,24,148,131,3,11,164,199,175,224,170,254,,,,,,,,,
5171,209945,3,A1,0,639,24-Feb-2022,08:31:10,-19.7414,148.9713,,401677687,-133,46,0,24-Feb-2022,08:31:32,-19.7414,148.9713,212,1691,3299,866,162,,,78,212,81,,,,,,,,,,,,,,,,,,,,,,,,,,,,,
5171,209945,3,A1,0,639,24-Feb-2022,08:31:10,-19.7414,148.9713,,401677687,-133,46,1,24-Feb-2022,08:33:07,-19.7414,148.9713,212,1691,3299,866,162,,,30,142,28,,,,,,,,,,,,,,,,,,,,,,,,,,,,,
5171,209945,3,NP,B,640,24-Feb-2022,08:45:55,-19.7510,148.9778,,401677700,-131,6,0,24-Feb-2022,08:45:56,-19.7510,148.9778,110,3187,7607,1334,58,,,30,142,28,,,,,,,,,,,,,,,,,,,,,,,,,,,,,
5171,209945,23,NP,B,640,24-Feb-2022,08:45:55,-19.7510,148.9778,,401677700,-131,6,0,24-Feb-2022,08:47:46,-19.7510,148.9778,110,3187,7607,1334,58,,,94,144,165,245,40,150,198,120,76,35,141,15,216,148,185,0,1,146,27,214,24,244,145,,,,,,,,,
5171,209945,3,SR,B,641,24-Feb-2022,09:04:40,-19.7478,148.9834,,401677663,-131,6,0,24-Feb-2022,09:04:32,-19.7478,148.9834,16,2816,3220,2462,72,,,56,112,103,,,,,,,,,,,,,,,,,,,,,,,,,,,,,
5171,209945,3,SR,B,641,24-Feb-2022,09:04:40,-19.7478,148.9834,,401677663,-131,6,0,24-Feb-2022,09:04:48,-19.7478,148.9834,16,2816,3220,2462,72,,,69,94,5,,,,,,,,,,,,,,,,,,,,,,,,,,,,,
5171,209945,3,MC,B,642,24-Feb-2022,11:13:38,-19.7077,148.9563,,401677677,-121,8,0,24-Feb-2022,11:10:36,-19.7077,148.9563,182,4611,47469,447,62,,,30,7,62,,,,,,,,,,,,,,,,,,,,,,,,,,,,,
5171,209945,23,MC,B,642,24-Feb-2022,11:13:38,-19.7077,148.9563,,401677677,-121,8,0,24-Feb-2022,11:13:38,-19.7077,148.9563,182,4611,47469,447,62,,,78,144,165,245,40,150,184,16,88,199,39,216,120,61,226,254,12,110,226,225,104,63,49,,,,,,,,,
5171,209945,3,MC,B,643,24-Feb-2022,12:46:49,-19.6570,148.9221,,401677663,-121,8,0,24-Feb-2022,12:46:49,-19.6570,148.9221,,4637,8918,2410,65,,,84,191,74,,,,,,,,,,,,,,,,,,,,,,,,,,,,,
5171,209945,31,MC,B,644,24-Feb-2022,23:59:51,-19.3787,148.7379,,401677733,-122,8,0,24-Feb-2022,23:59:52,-19.3787,148.7379,,3373,7415,1534,74,,,40,139,0,238,238,224,0,0,0,224,14,224,0,0,224,7,139,0,0,0,0,0,0,0,0,0,255,9,0,0,68,
5171,209945,3,NP,B,645,25-Feb-2022,19:54:27,-19.1917,148.9368,,401677633,-137,,0,25-Feb-2022,19:52:57,-19.1917,148.9368,182,7119,128618,394,79,,,30,142,28,,,,,,,,,,,,,,,,,,,,,,,,,,,,,
5171,209945,3,NP,B,645,25-Feb-2022,19:54:27,-19.1917,148.9368,,401677633,-137,,0,25-Feb-2022,19:55:59,-19.1917,148.9368,182,7119,128618,394,79,,,107,133,0,,,,,,,,,,,,,,,,,,,,,,,,,,,,,
5171,209945,3,A1,B,646,25-Feb-2022,19:54:27,-19.1735,149.0318,,401677688,-129,,0,25-Feb-2022,19:52:57,-19.1735,149.0318,182,4718,90675,245,80,,,30,142,28,,,,,,,,,,,,,,,,,,,,,,,,,,,,,
5171,209945,3,A1,B,646,25-Feb-2022,19:54:27,-19.1735,149.0318,,401677688,-129,,0,25-Feb-2022,19:55:59,-19.1735,149.0318,182,4718,90675,245,80,,,107,133,0,,,,,,,,,,,,,,,,,,,,,,,,,,,,,
5171,209945,3,NK,B,647,25-Feb-2022,19:55:59,-19.1733,149.0324,,401677690,-140,6,0,25-Feb-2022,19:55:59,-19.1733,149.0324,,3314,43999,249,80,,,111,133,4,,,,,,,,,,,,,,,,,,,,,,,,,,,,,
5171,209945,3,SR,1,648,25-Feb-2022,20:54:27,-19.1505,149.1405,,401677685,-127,48,0,25-Feb-2022,20:53:23,-19.1505,149.1405,495,552,660,461,75,,,30,142,28,,,,,,,,,,,,,,,,,,,,,,,,,,,,,
5171,209945,3,SR,1,648,25-Feb-2022,20:54:27,-19.1505,149.1405,,401677685,-127,48,0,25-Feb-2022,20:54:02,-19.1505,149.1405,495,552,660,461,75,,,74,93,5,,,,,,,,,,,,,,,,,,,,,,,,,,,,,
5171,209945,3,SR,1,648,25-Feb-2022,20:54:27,-19.1505,149.1405,,401677685,-127,48,0,25-Feb-2022,20:55:57,-19.1505,149.1405,495,552,660,461,75,,,15,1,16,,,,,,,,,,,,,,,,,,,,,,,,,,,,,
5171,209945,3,SR,1,648,25-Feb-2022,20:54:27,-19.1505,149.1405,,401677685,-127,48,0,25-Feb-2022,20:57:19,-19.1505,149.1405,495,552,660,461,75,,,31,142,121,,,,,,,,,,,,,,,,,,,,,,,,,,,,,
5171,209945,3,SR,1,648,25-Feb-2022,20:54:27,-19.1505,149.1405,,401677685,-127,48,0,25-Feb-2022,20:57:53,-19.1505,149.1405,495,552,660,461,75,,,71,94,5,,,,,,,,,,,,,,,,,,,,,,,,,,,,,
5171,209945,3,SR,1,648,25-Feb-2022,20:54:27,-19.1505,149.1405,,401677685,-127,48,0,25-Feb-2022,21:00:22,-19.1505,149.1405,495,552,660,461,75,,,95,25,75,,,,,,,,,,,,,,,,,,,,,,,,,,,,,
5171,209945,3,SR,1,648,25-Feb-2022,20:54:27,-19.1505,149.1405,,401677685,-127,48,0,25-Feb-2022,21:01:38,-19.1505,149.1405,495,552,660,461,75,,,107,197,60,,,,,,,,,,,,,,,,,,,,,,,,,,,,,
5171,209945,3,NK,B,649,25-Feb-2022,21:40:18,-19.1606,149.1755,,401677686,-126,8,0,25-Feb-2022,21:39:12,,,134,3703,33865,404,56,,,84,30,75,,,,,,,,,,,,,,,,,,,,,,,,,,,,,
5171,209945,3,NK,B,649,25-Feb-2022,21:40:18,-19.1606,149.1755,,401677686,-126,8,0,25-Feb-2022,21:41:26,,,134,3703,33865,404,56,,,15,1,16,,,,,,,,,,,,,,,,,,,,,,,,,,,,,
5171,209945,31,NK,B,650,26-Feb-2022,10:06:19,-19.0959,149.5898,,401677656,-123,,0,26-Feb-2022,10:06:19,-19.0959,149.5898,,16321,36763,7245,61,,,40,139,32,224,0,224,0,0,238,224,224,14,238,0,14,26,139,32,0,0,0,0,1,5,5,7,255,1,0,0,116,
5171,209945,3,SR,B,651,26-Feb-2022,18:49:42,-19.5058,149.1294,,401677639,-135,8,0,26-Feb-2022,18:49:30,-19.5058,149.1294,24,5878,15488,2230,92,,,100,134,0,,,,,,,,,,,,,,,,,,,,,,,,,,,,,
5171,209945,3,SR,B,651,26-Feb-2022,18:49:42,-19.5058,149.1294,,401677639,-135,8,0,26-Feb-2022,18:49:54,-19.5058,149.1294,24,5878,15488,2230,92,,,15,1,16,,,,,,,,,,,,,,,,,,,,,,,,,,,,,
5171,209945,3,SR,2,652,26-Feb-2022,20:25:24,-19.6082,149.2424,,401677650,-122,56,0,26-Feb-2022,20:25:17,-19.6082,149.2424,334,431,1428,129,56,,,15,1,63,,,,,,,,,,,,,,,,,,,,,,,,,,,,,
5171,209945,23,SR,2,652,26-Feb-2022,20:25:24,-19.6082,149.2424,,401677650,-122,56,0,26-Feb-2022,20:25:32,-19.6082,149.2424,334,431,1428,129,56,,,71,240,165,245,40,150,198,120,77,82,43,22,150,150,173,8,1,250,27,213,208,255,128,,,,,,,,,
5171,209945,3,SR,2,652,26-Feb-2022,20:25:24,-19.6082,149.2424,,401677650,-122,56,0,26-Feb-2022,20:27:53,-19.6082,149.2424,334,431,1428,129,56,,,96,130,0,,,,,,,,,,,,,,,,,,,,,,,,,,,,,
5171,209945,3,SR,2,652,26-Feb-2022,20:25:24,-19.6082,149.2424,,401677650,-122,56,0,26-Feb-2022,20:29:50,-19.6082,149.2424,334,431,1428,129,56,,,15,1,16,,,,,,,,,,,,,,,,,,,,,,,,,,,,,
5171,209945,3,SR,2,652,26-Feb-2022,20:25:24,-19.6082,149.2424,,401677650,-122,56,0,26-Feb-2022,20:30:51,-19.6082,149.2424,334,431,1428,129,56,,,30,142,28,,,,,,,,,,,,,,,,,,,,,,,,,,,,,
5171,209945,3,NK,B,653,26-Feb-2022,21:08:24,-19.6245,149.2609,,401677683,-140,8,0,26-Feb-2022,21:08:24,-19.6245,149.2609,46,2919,3112,2737,85,,,100,6,0,,,,,,,,,,,,,,,,,,,,,,,,,,,,,
5171,209945,3,NK,B,653,26-Feb-2022,21:08:24,-19.6245,149.2609,,401677683,-140,8,0,26-Feb-2022,21:09:10,-19.6245,149.2609,46,2919,3112,2737,85,,,15,1,16,,,,,,,,,,,,,,,,,,,,,,,,,,,,,
5171,209945,3,MC,B,654,26-Feb-2022,23:10:24,-19.6243,149.2608,,401677682,-129,8,0,26-Feb-2022,23:10:24,-19.6243,149.2608,,4949,5265,4651,93,,,30,142,28,,,,,,,,,,,,,,,,,,,,,,,,,,,,,
5171,209945,3,SR,A,655,27-Feb-2022,19:51:12,-20.1339,149.7940,,401677649,-124,,0,27-Feb-2022,19:50:39,-20.1339,149.7940,85,12670,214567,748,98,,,97,135,0,,,,,,,,,,,,,,,,,,,,,,,,,,,,,
5171,209945,3,SR,A,655,27-Feb-2022,19:51:12,-20.1339,149.7940,,401677649,-124,,0,27-Feb-2022,19:50:54,-20.1339,149.7940,85,12670,214567,748,98,,,15,1,16,,,,,,,,,,,,,,,,,,,,,,,,,,,,,
5171,209945,3,SR,A,655,27-Feb-2022,19:51:12,-20.1339,149.7940,,401677649,-124,,0,27-Feb-2022,19:52:04,-20.1339,149.7940,85,12670,214567,748,98,,,30,142,28,,,,,,,,,,,,,,,,,,,,,,,,,,,,,
5171,209945,3,A1,Z,656,27-Feb-2022,20:58:24,-20.0669,149.3356,,401677739,-135,5,0,27-Feb-2022,20:58:25,-20.0669,149.3356,,6354,16312,2474,93,,,30,142,28,,,,,,,,,,,,,,,,,,,,,,,,,,,,,
5171,209945,3,A1,B,657,28-Feb-2022,19:08:36,-20.7757,150.1112,Lon > 4 deviations from mean,401677615,-138,,0,28-Feb-2022,19:08:36,-20.7757,150.1112,,15885,39732,6351,113,,,92,70,92,,,,,,,,,,,,,,,,,,,,,,,,,,,,,
5171,209945,3,SR,0,658,28-Feb-2022,19:22:11,-20.1833,149.0686,,401677667,-128,46,0,28-Feb-2022,19:20:47,-20.1833,149.0686,163,6000,52568,684,64,,,67,96,5,,,,,,,,,,,,,,,,,,,,,,,,,,,,,
5171,209945,3,SR,0,658,28-Feb-2022,19:22:11,-20.1833,149.0686,,401677667,-128,46,0,28-Feb-2022,19:21:22,-20.1833,149.0686,163,6000,52568,684,64,,,85,22,76,,,,,,,,,,,,,,,,,,,,,,,,,,,,,
5171,209945,3,SR,0,658,28-Feb-2022,19:22:11,-20.1833,149.0686,,401677667,-128,46,0,28-Feb-2022,19:23:08,-20.1833,149.0686,163,6000,52568,684,64,,,30,142,28,,,,,,,,,,,,,,,,,,,,,,,,,,,,,
5171,209945,3,SR,0,658,28-Feb-2022,19:22:11,-20.1833,149.0686,,401677667,-128,46,0,28-Feb-2022,19:23:30,-20.1833,149.0686,163,6000,52568,684,64,,,67,96,22,,,,,,,,,,,,,,,,,,,,,,,,,,,,,
5171,209945,3,NK,B,659,28-Feb-2022,20:25:59,-20.1972,149.0208,,401677677,-133,8,0,28-Feb-2022,20:22:18,-20.1972,149.0208,443,4542,43310,476,26,,,89,85,76,,,,,,,,,,,,,,,,,,,,,,,,,,,,,
5171,209945,3,NK,B,659,28-Feb-2022,20:25:59,-20.1972,149.0208,,401677677,-133,8,0,28-Feb-2022,20:29:41,-20.1972,149.0208,443,4542,43310,476,26,,,15,1,16,,,,,,,,,,,,,,,,,,,,,,,,,,,,,
5171,209945,3,A1,0,660,28-Feb-2022,20:43:39,-20.1853,149.0297,,401677686,-129,57,0,28-Feb-2022,20:42:38,-20.1853,149.0297,125,2542,24945,259,86,,,15,1,16,,,,,,,,,,,,,,,,,,,,,,,,,,,,,
5171,209945,3,A1,0,660,28-Feb-2022,20:43:39,-20.1853,149.0297,,401677686,-129,57,0,28-Feb-2022,20:42:55,-20.1853,149.0297,125,2542,24945,259,86,,,30,142,28,,,,,,,,,,,,,,,,,,,,,,,,,,,,,
5171,209945,3,A1,0,660,28-Feb-2022,20:43:39,-20.1853,149.0297,,401677686,-129,57,0,28-Feb-2022,20:44:22,-20.1853,149.0297,125,2542,24945,259,86,,,70,97,5,,,,,,,,,,,,,,,,,,,,,,,,,,,,,
5171,209945,3,A1,0,660,28-Feb-2022,20:43:39,-20.1853,149.0297,,401677686,-129,57,0,28-Feb-2022,20:44:43,-20.1853,149.0297,125,2542,24945,259,86,,,92,100,76,,,,,,,,,,,,,,,,,,,,,,,,,,,,,
5171,209945,3,NP,3,661,28-Feb-2022,20:51:43,-20.1821,149.0180,,401677680,-133,56,0,28-Feb-2022,20:51:11,-20.1821,149.0180,614,207,377,113,93,,,98,136,0,,,,,,,,,,,,,,,,,,,,,,,,,,,,,
5171,209945,3,NP,3,661,28-Feb-2022,20:51:43,-20.1821,149.0180,,401677680,-133,56,0,28-Feb-2022,20:51:47,-20.1821,149.0180,614,207,377,113,93,,,30,142,28,,,,,,,,,,,,,,,,,,,,,,,,,,,,,
5171,209945,3,NP,3,661,28-Feb-2022,20:51:43,-20.1821,149.0180,,401677680,-133,56,0,28-Feb-2022,20:52:14,-20.1821,149.0180,614,207,377,113,93,,,76,99,5,,,,,,,,,,,,,,,,,,,,,,,,,,,,,
5171,209945,23,NP,3,661,28-Feb-2022,20:51:43,-20.1821,149.0180,,401677680,-133,56,0,28-Feb-2022,20:52:56,-20.1821,149.0180,614,207,377,113,93,,,64,208,165,245,40,150,198,120,78,84,35,89,22,152,211,10,1,191,27,214,32,255,128,,,,,,,,,
5171,209945,3,NP,3,661,28-Feb-2022,20:51:43,-20.1821,149.0180,,401677680,-133,56,0,28-Feb-2022,20:53:22,-20.1821,149.0180,614,207,377,113,93,,,90,106,76,,,,,,,,,,,,,,,,,,,,,,,,,,,,,
5171,209945,3,NP,3,661,28-Feb-2022,20:51:43,-20.1821,149.0180,,401677680,-133,56,0,28-Feb-2022,20:54:19,-20.1821,149.0180,614,207,377,113,93,,,15,1,16,,,,,,,,,,,,,,,,,,,,,,,,,,,,,
5171,209945,3,NP,3,661,28-Feb-2022,20:51:43,-20.1821,149.0180,,401677680,-133,56,1,28-Feb-2022,20:54:57,-20.1821,149.0180,614,207,377,113,93,,,30,142,28,,,,,,,,,,,,,,,,,,,,,,,,,,,,,
5171,209945,3,NP,3,661,28-Feb-2022,20:51:43,-20.1821,149.0180,,401677680,-133,56,0,28-Feb-2022,20:55:36,-20.1821,149.0180,614,207,377,113,93,,,91,111,76,,,,,,,,,,,,,,,,,,,,,,,,,,,,,
5171,209945,3,NP,3,661,28-Feb-2022,20:51:43,-20.1821,149.0180,,401677680,-133,56,0,28-Feb-2022,20:56:07,-20.1821,149.0180,614,207,377,113,93,,,111,129,0,,,,,,,,,,,,,,,,,,,,,,,,,,,,,
5171,209945,3,NP,3,661,28-Feb-2022,20:51:43,-20.1821,149.0180,,401677680,-133,56,1,28-Feb-2022,20:58:52,-20.1821,149.0180,614,207,377,113,93,,,110,132,0,,,,,,,,,,,,,,,,,,,,,,,,,,,,,
5171,209945,3,NP,3,661,28-Feb-2022,20:51:43,-20.1821,149.0180,,401677680,-133,56,0,28-Feb-2022,21:00:57,-20.1821,149.0180,614,207,377,113,93,,,71,100,5,,,,,,,,,,,,,,,,,,,,,,,,,,,,,
5171,209945,3,NP,3,661,28-Feb-2022,20:51:43,-20.1821,149.0180,,401677680,-133,56,0,28-Feb-2022,21:01:25,-20.1821,149.0180,614,207,377,113,93,,,85,121,76,,,,,,,,,,,,,,,,,,,,,,,,,,,,,
5171,209945,3,SR,A,662,28-Feb-2022,21:00:24,-20.1776,149.0182,,401677680,-128,6,0,28-Feb-2022,20:58:52,-20.1776,149.0182,153,908,2472,333,70,,,110,132,0,,,,,,,,,,,,,,,,,,,,,,,,,,,,,
5171,209945,3,SR,A,662,28-Feb-2022,21:00:24,-20.1776,149.0182,,401677680,-128,6,0,28-Feb-2022,21:00:57,-20.1776,149.0182,153,908,2472,333,70,,,71,100,5,,,,,,,,,,,,,,,,,,,,,,,,,,,,,
5171,209945,3,SR,A,662,28-Feb-2022,21:00:24,-20.1776,149.0182,,401677680,-128,6,0,28-Feb-2022,21:01:25,-20.1776,149.0182,153,908,2472,333,70,,,85,121,76,,,,,,,,,,,,,,,,,,,,,,,,,,,,,
5171,209945,3,SR,A,663,01-Mar-2022,06:31:17,-19.9983,148.9852,,401677678,-136,8,0,01-Mar-2022,06:26:26,-19.9983,148.9852,496,763,2064,281,18,,,88,129,76,,,,,,,,,,,,,,,,,,,,,,,,,,,,,
5171,209945,3,SR,A,663,01-Mar-2022,06:31:17,-19.9983,148.9852,,401677678,-136,8,0,01-Mar-2022,06:32:45,-19.9983,148.9852,496,763,2064,281,18,,,30,142,28,,,,,,,,,,,,,,,,,,,,,,,,,,,,,
5171,209945,3,SR,A,663,01-Mar-2022,06:31:17,-19.9983,148.9852,,401677678,-136,8,0,01-Mar-2022,06:34:42,-19.9983,148.9852,496,763,2064,281,18,,,14,19,16,,,,,,,,,,,,,,,,,,,,,,,,,,,,,
5171,209945,3,A1,1,664,01-Mar-2022,07:11:45,-19.9706,148.9825,,401677682,-127,58,0,01-Mar-2022,07:10:19,-19.9706,148.9825,160,675,5219,87,84,,,192,155,160,,,,,,,,,,,,,,,,,,,,,,,,,,,,,
5171,209945,3,A1,1,664,01-Mar-2022,07:11:45,-19.9706,148.9825,,401677682,-127,58,0,01-Mar-2022,07:11:42,-19.9706,148.9825,160,675,5219,87,84,,,30,142,28,,,,,,,,,,,,,,,,,,,,,,,,,,,,,
5171,209945,3,A1,1,664,01-Mar-2022,07:11:45,-19.9706,148.9825,,401677682,-127,58,0,01-Mar-2022,07:11:57,-19.9706,148.9825,160,675,5219,87,84,,,66,117,5,,,,,,,,,,,,,,,,,,,,,,,,,,,,,
5171,209945,3,A1,1,664,01-Mar-2022,07:11:45,-19.9706,148.9825,,401677682,-127,58,0,01-Mar-2022,07:12:26,-19.9706,148.9825,160,675,5219,87,84,,,86,183,76,,,,,,,,,,,,,,,,,,,,,,,,,,,,,
5171,209945,3,A1,1,664,01-Mar-2022,07:11:45,-19.9706,148.9825,,401677682,-127,58,1,01-Mar-2022,07:12:59,-19.9706,148.9825,160,675,5219,87,84,,,15,1,16,,,,,,,,,,,,,,,,,,,,,,,,,,,,,
5171,209945,3,SR,0,665,01-Mar-2022,08:04:35,-19.9541,149.0045,,401677679,-126,58,0,01-Mar-2022,08:03:02,-19.9541,149.0045,172,4011,21143,761,129,,,67,112,5,,,,,,,,,,,,,,,,,,,,,,,,,,,,,
5171,209945,3,SR,0,665,01-Mar-2022,08:04:35,-19.9541,149.0045,,401677679,-126,58,0,01-Mar-2022,08:03:30,-19.9541,149.0045,172,4011,21143,761,129,,,80,118,76,,,,,,,,,,,,,,,,,,,,,,,,,,,,,
5171,209945,3,SR,0,665,01-Mar-2022,08:04:35,-19.9541,149.0045,,401677679,-126,58,0,01-Mar-2022,08:04:28,-19.9541,149.0045,172,4011,21143,761,129,,,30,142,28,,,,,,,,,,,,,,,,,,,,,,,,,,,,,
5171,209945,3,SR,0,665,01-Mar-2022,08:04:35,-19.9541,149.0045,,401677679,-126,58,0,01-Mar-2022,08:05:11,-19.9541,149.0045,172,4011,21143,761,129,,,70,113,5,,,,,,,,,,,,,,,,,,,,,,,,,,,,,
5171,209945,3,SR,0,665,01-Mar-2022,08:04:35,-19.9541,149.0045,,401677679,-126,58,0,01-Mar-2022,08:05:26,-19.9541,149.0045,172,4011,21143,761,129,,,89,251,76,,,,,,,,,,,,,,,,,,,,,,,,,,,,,
5171,209945,3,SR,0,665,01-Mar-2022,08:04:35,-19.9541,149.0045,,401677679,-126,58,0,01-Mar-2022,08:05:54,-19.9541,149.0045,172,4011,21143,761,129,,,98,136,0,,,,,,,,,,,,,,,,,,,,,,,,,,,,,
5171,209945,3,NK,B,666,01-Mar-2022,19:56:40,-19.7848,149.1075,,401677665,-137,8,0,01-Mar-2022,19:56:15,-19.7848,149.1075,51,10449,41365,2639,108,,,89,90,76,,,,,,,,,,,,,,,,,,,,,,,,,,,,,
5171,209945,3,NK,B,666,01-Mar-2022,19:56:40,-19.7848,149.1075,,401677665,-137,8,0,01-Mar-2022,19:57:06,-19.7848,149.1075,51,10449,41365,2639,108,,,15,1,254,,,,,,,,,,,,,,,,,,,,,,,,,,,,,
5171,209945,3,SR,2,667,01-Mar-2022,20:32:29,-19.7584,149.0121,,401677680,-124,50,0,01-Mar-2022,20:32:30,-19.7584,149.0121,269,324,1814,57,70,,,76,99,5,,,,,,,,,,,,,,,,,,,,,,,,,,,,,
5171,209945,3,SR,2,667,01-Mar-2022,20:32:29,-19.7584,149.0121,,401677680,-124,50,0,01-Mar-2022,20:34:00,-19.7584,149.0121,269,324,1814,57,70,,,88,111,77,,,,,,,,,,,,,,,,,,,,,,,,,,,,,
5171,209945,3,SR,2,667,01-Mar-2022,20:32:29,-19.7584,149.0121,,401677680,-124,50,0,01-Mar-2022,20:35:40,-19.7584,149.0121,269,324,1814,57,70,,,30,142,28,,,,,,,,,,,,,,,,,,,,,,,,,,,,,
5171,209945,3,SR,2,667,01-Mar-2022,20:32:29,-19.7584,149.0121,,401677680,-124,50,0,01-Mar-2022,20:36:12,-19.7584,149.0121,269,324,1814,57,70,,,68,107,7,,,,,,,,,,,,,,,,,,,,,,,,,,,,,
5171,209945,3,SR,2,667,01-Mar-2022,20:32:29,-19.7584,149.0121,,401677680,-124,50,0,01-Mar-2022,20:36:28,-19.7584,149.0121,269,324,1814,57,70,,,95,116,77,,,,,,,,,,,,,,,,,,,,,,,,,,,,,
5171,209945,3,SR,2,667,01-Mar-2022,20:32:29,-19.7584,149.0121,,401677680,-124,50,0,01-Mar-2022,20:36:59,-19.7584,149.0121,269,324,1814,57,70,,,97,135,0,,,,,,,,,,,,,,,,,,,,,,,,,,,,,
5171,209945,3,A1,B,668,02-Mar-2022,06:57:34,-19.9417,149.0745,,401677727,-135,8,0,02-Mar-2022,06:57:34,-19.9417,149.0745,,4721,9603,2320,82,,,76,99,5,,,,,,,,,,,,,,,,,,,,,,,,,,,,,
5171,209945,3,SR,B,669,02-Mar-2022,07:35:03,-20.0754,149.0043,,401677676,-125,8,0,02-Mar-2022,07:34:24,-20.0754,149.0043,80,11542,161351,825,92,,,101,131,0,,,,,,,,,,,,,,,,,,,,,,,,,,,,,
5171,209945,31,SR,B,669,02-Mar-2022,07:35:03,-20.0754,149.0043,,401677676,-125,8,0,02-Mar-2022,07:35:44,-20.0754,149.0043,80,11542,161351,825,92,,,40,140,32,238,224,238,0,0,14,238,238,0,0,0,14,140,140,32,0,0,0,0,0,0,0,0,255,224,0,0,121,
5171,209945,3,NP,B,670,02-Mar-2022,11:01:10,-20.2425,148.8996,,401677729,-134,7,0,02-Mar-2022,11:01:11,-20.2425,148.8996,,34876,82832,14684,92,,,96,130,0,,,,,,,,,,,,,,,,,,,,,,,,,,,,,
5171,209945,31,NN,B,671,02-Mar-2022,11:10:41,-20.2458,148.8798,,401677712,-135,6,0,02-Mar-2022,11:10:41,-20.2458,148.8798,,33015,75447,14446,89,,,40,140,32,238,224,238,0,0,14,238,238,0,0,0,14,140,140,32,0,64,0,6,120,69,37,183,222,76,133,185,131,
5171,209945,3,MB,B,672,02-Mar-2022,11:27:33,-20.2571,148.8725,,401677713,-133,6,0,02-Mar-2022,11:27:34,-20.2571,148.8725,,24030,49295,11713,88,,,93,159,13,,,,,,,,,,,,,,,,,,,,,,,,,,,,,
5171,209945,3,SR,B,673,02-Mar-2022,19:56:26,-20.7400,148.6141,Lon > 4 deviations from mean,401677726,-133,8,0,02-Mar-2022,19:56:27,-20.7400,148.6141,,4316,5866,3175,84,,,103,137,0,,,,,,,,,,,,,,,,,,,,,,,,,,,,,
5171,209945,3,A1,B,674,02-Mar-2022,20:12:32,-20.2481,148.9323,,401677668,-130,6,0,02-Mar-2022,20:12:33,-20.2481,148.9323,,20000,117083,3416,22,,,15,1,16,,,,,,,,,,,,,,,,,,,,,,,,,,,,,
5171,209945,31,NN,B,675,03-Mar-2022,11:07:15,-20.2565,148.9300,,401677667,-135,,0,03-Mar-2022,11:07:15,-20.2565,148.9300,,13263,33367,5272,37,,,40,140,64,238,238,224,0,0,224,224,238,0,0,14,238,132,140,64,0,0,0,0,0,0,0,0,141,255,0,0,135,
5171,209945,3,A1,B,676,03-Mar-2022,20:00:31,-20.3528,148.8951,,401677678,-121,8,0,03-Mar-2022,20:00:31,-20.3528,148.8951,,7346,28283,1907,83,,,30,142,25,,,,,,,,,,,,,,,,,,,,,,,,,,,,,
5171,209945,3,NK,A,677,03-Mar-2022,20:47:45,-20.3503,149.0237,,401677677,-128,8,0,03-Mar-2022,20:43:54,-20.3503,149.0237,673,5452,36236,820,15,,,84,221,77,,,,,,,,,,,,,,,,,,,,,,,,,,,,,
5171,209945,3,NK,A,677,03-Mar-2022,20:47:45,-20.3503,149.0237,,401677677,-128,8,0,03-Mar-2022,20:44:17,-20.3503,149.0237,673,5452,36236,820,15,,,106,152,65,,,,,,,,,,,,,,,,,,,,,,,,,,,,,
5171,209945,3,NK,A,677,03-Mar-2022,20:47:45,-20.3503,149.0237,,401677677,-128,8,0,03-Mar-2022,20:55:07,-20.3503,149.0237,673,5452,36236,820,15,,,15,1,16,,,,,,,,,,,,,,,,,,,,,,,,,,,,,
5171,209945,3,SR,A,678,03-Mar-2022,21:08:15,-20.3491,149.0822,,401677710,-125,6,0,03-Mar-2022,21:07:54,-20.3491,149.0822,42,13511,79746,2289,112,,,30,142,28,,,,,,,,,,,,,,,,,,,,,,,,,,,,,
5171,209945,3,SR,A,678,03-Mar-2022,21:08:15,-20.3491,149.0822,,401677710,-125,6,0,03-Mar-2022,21:08:15,-20.3491,149.0822,42,13511,79746,2289,112,,,70,161,106,,,,,,,,,,,,,,,,,,,,,,,,,,,,,
5171,209945,3,SR,A,678,03-Mar-2022,21:08:15,-20.3491,149.0822,,401677710,-125,6,0,03-Mar-2022,21:08:36,-20.3491,149.0822,42,13511,79746,2289,112,,,82,227,77,,,,,,,,,,,,,,,,,,,,,,,,,,,,,
5171,209945,3,MC,B,679,03-Mar-2022,21:36:35,-20.3475,149.0672,,401677679,-132,6,0,03-Mar-2022,21:36:35,-20.3475,149.0672,,11652,35691,3804,108,,,80,233,77,,,,,,,,,,,,,,,,,,,,,,,,,,,,,
5171,209945,3,A1, ,680,05-Mar-2022,07:50:53,,,,401650000,-136,,0,05-Mar-2022,07:50:53,,,,,,,,,,15,1,16,,,,,,,,,,,,,,,,,,,,,,,,,,,,,
5171,209945,3,A1,A,681,05-Mar-2022,19:27:18,-20.3312,149.1380,,401677678,-126,,0,05-Mar-2022,19:26:29,-20.3312,149.1380,105,5281,49462,563,77,,,86,88,78,,,,,,,,,,,,,,,,,,,,,,,,,,,,,
5171,209945,3,A1,A,681,05-Mar-2022,19:27:18,-20.3312,149.1380,,401677678,-126,,0,05-Mar-2022,19:27:13,-20.3312,149.1380,105,5281,49462,563,77,,,15,1,16,,,,,,,,,,,,,,,,,,,,,,,,,,,,,
5171,209945,3,A1,A,681,05-Mar-2022,19:27:18,-20.3312,149.1380,,401677678,-126,,0,05-Mar-2022,19:28:14,-20.3312,149.1380,105,5281,49462,563,77,,,71,100,5,,,,,,,,,,,,,,,,,,,,,,,,,,,,,
5171,209945,3,NP,1,682,05-Mar-2022,19:59:53,-20.3228,149.1272,,401677678,-133,58,0,05-Mar-2022,19:54:21,-20.3228,149.1272,416,946,1454,615,10,,,15,1,16,,,,,,,,,,,,,,,,,,,,,,,,,,,,,
5171,209945,3,NP,1,682,05-Mar-2022,19:59:53,-20.3228,149.1272,,401677678,-133,58,0,05-Mar-2022,19:57:33,-20.3228,149.1272,416,946,1454,615,10,,,66,101,5,,,,,,,,,,,,,,,,,,,,,,,,,,,,,
5171,209945,3,NP,1,682,05-Mar-2022,19:59:53,-20.3228,149.1272,,401677678,-133,58,0,05-Mar-2022,19:58:29,-20.3228,149.1272,416,946,1454,615,10,,,84,114,78,,,,,,,,,,,,,,,,,,,,,,,,,,,,,
5171,209945,3,NP,1,682,05-Mar-2022,19:59:53,-20.3228,149.1272,,401677678,-133,58,0,05-Mar-2022,19:59:54,-20.3228,149.1272,416,946,1454,615,10,,,30,143,75,,,,,,,,,,,,,,,,,,,,,,,,,,,,,
5171,209945,3,NP,1,682,05-Mar-2022,19:59:53,-20.3228,149.1272,,401677678,-133,58,0,05-Mar-2022,20:01:17,-20.3228,149.1272,416,946,1454,615,10,,,86,120,78,,,,,,,,,,,,,,,,,,,,,,,,,,,,,
5171,209945,3,NK,1,683,05-Mar-2022,19:59:18,-20.3418,149.1172,,401677669,-132,58,0,05-Mar-2022,19:57:33,-20.3418,149.1172,224,1270,3286,490,16,,,66,101,5,,,,,,,,,,,,,,,,,,,,,,,,,,,,,
5171,209945,3,NK,1,683,05-Mar-2022,19:59:18,-20.3418,149.1172,,401677669,-132,58,0,05-Mar-2022,19:58:29,-20.3418,149.1172,224,1270,3286,490,16,,,84,114,78,,,,,,,,,,,,,,,,,,,,,,,,,,,,,
5171,209945,3,NK,1,683,05-Mar-2022,19:59:18,-20.3418,149.1172,,401677669,-132,58,0,05-Mar-2022,19:59:54,-20.3418,149.1172,224,1270,3286,490,16,,,30,142,25,,,,,,,,,,,,,,,,,,,,,,,,,,,,,
5171,209945,3,NK,1,683,05-Mar-2022,19:59:18,-20.3418,149.1172,,401677669,-132,58,0,05-Mar-2022,20:01:17,-20.3418,149.1172,224,1270,3286,490,16,,,86,120,78,,,,,,,,,,,,,,,,,,,,,,,,,,,,,
5171,209945,3,SR,B,684,05-Mar-2022,20:07:42,-20.3264,149.1321,,401677685,-127,6,0,05-Mar-2022,20:07:43,-20.3264,149.1321,,1696,3864,744,75,,,77,102,5,,,,,,,,,,,,,,,,,,,,,,,,,,,,,
5171,209945,3,A1,B,685,05-Mar-2022,21:01:48,-20.3356,149.1411,,401677697,-133,7,0,05-Mar-2022,21:01:48,-20.3356,149.1411,,4276,5739,3185,73,,,30,142,28,,,,,,,,,,,,,,,,,,,,,,,,,,,,,
5171,209945,3,MB,B,686,05-Mar-2022,23:19:15,-20.3603,149.1618,,401677696,-127,8,0,05-Mar-2022,23:19:15,-20.3603,149.1618,,5240,13241,2073,95,,,87,156,78,,,,,,,,,,,,,,,,,,,,,,,,,,,,,
5171,209945,3,SR,B,687,06-Mar-2022,21:13:20,-20.3059,149.0924,,401677720,-129,,0,06-Mar-2022,21:13:20,-20.3059,149.0924,,4328,7377,2538,57,,,87,172,78,,,,,,,,,,,,,,,,,,,,,,,,,,,,,
5171,209945,3,NK,B,688,06-Mar-2022,21:13:27,-20.3927,148.8670,,401677675,-126,6,0,06-Mar-2022,21:13:20,-20.3927,148.8670,15,4330,11666,1607,110,,,87,172,78,,,,,,,,,,,,,,,,,,,,,,,,,,,,,
5171,209945,31,NK,B,688,06-Mar-2022,21:13:27,-20.3927,148.8670,,401677675,-126,6,0,06-Mar-2022,21:13:35,-20.3927,148.8670,15,4330,11666,1607,110,,,40,140,160,14,238,238,224,14,238,224,0,0,224,0,0,178,140,160,0,0,0,0,0,0,0,0,15,255,0,0,110,
5171,209945,3,NP,B,689,06-Mar-2022,21:32:51,-20.2401,149.0410,,401677677,-140,6,0,06-Mar-2022,21:32:51,-20.2401,149.0410,,4224,8001,2230,46,,,103,137,0,,,,,,,,,,,,,,,,,,,,,,,,,,,,,
5171,209945,3,NN,0,690,06-Mar-2022,23:28:09,-20.3748,148.8869,,401677676,-126,58,0,06-Mar-2022,23:26:22,-20.3748,148.8869,211,5488,54549,552,124,,,15,1,16,,,,,,,,,,,,,,,,,,,,,,,,,,,,,
5171,209945,3,NN,0,690,06-Mar-2022,23:28:09,-20.3748,148.8869,,401677676,-126,58,0,06-Mar-2022,23:27:42,-20.3748,148.8869,211,5488,54549,552,124,,,30,142,28,,,,,,,,,,,,,,,,,,,,,,,,,,,,,
5171,209945,3,NN,0,690,06-Mar-2022,23:28:09,-20.3748,148.8869,,401677676,-126,58,0,06-Mar-2022,23:28:01,-20.3748,148.8869,211,5488,54549,552,124,,,67,112,5,,,,,,,,,,,,,,,,,,,,,,,,,,,,,
5171,209945,3,NN,0,690,06-Mar-2022,23:28:09,-20.3748,148.8869,,401677676,-126,58,0,06-Mar-2022,23:28:19,-20.3748,148.8869,211,5488,54549,552,124,,,80,183,78,,,,,,,,,,,,,,,,,,,,,,,,,,,,,
5171,209945,3,NN,0,690,06-Mar-2022,23:28:09,-20.3748,148.8869,,401677676,-126,58,0,06-Mar-2022,23:28:43,-20.3748,148.8869,211,5488,54549,552,124,,,100,134,0,,,,,,,,,,,,,,,,,,,,,,,,,,,,,
5171,209945,3,NN,0,690,06-Mar-2022,23:28:09,-20.3748,148.8869,,401677676,-126,58,0,06-Mar-2022,23:29:53,-20.3748,148.8869,211,5488,54549,552,124,,,11,25,29,,,,,,,,,,,,,,,,,,,,,,,,,,,,,
5171,209945,3,NK,B,691,07-Mar-2022,09:43:38,-20.6430,148.6871,,401677689,-125,8,0,07-Mar-2022,09:43:39,-20.6430,148.6871,,17210,19010,15579,96,,,65,106,5,,,,,,,,,,,,,,,,,,,,,,,,,,,,,
5171,209945,3,NN,B,692,07-Mar-2022,13:39:28,-20.5502,148.6684,,401677745,-137,7,0,07-Mar-2022,13:39:29,-20.5502,148.6684,,15414,23553,10087,101,,,15,1,16,,,,,,,,,,,,,,,,,,,,,,,,,,,,,
,,,,,,,,,,,,,,,,,,,,,,,,,,,,,,,,,,,,,,,,,,,,,,,,,,,,,,,,,
,,,,,,,,,,,,,,,,,,,,,,,,,,,,,,,,,,,,,,,,,,,,,,,,,,,,,,,,,
PTT,Diags,Passes,Msgs,,,,,,,,,,,,,,,,,,,,,,,,,,,,,,,,,,,,,,,,,,,,,,,,,,,,,,
209945,0,690,2941,,,,,,,,,,,,,,,,,,,,,,,,,,,,,,,,,,,,,,,,,,,,,,,,,,,,,,
