DeployID,Ptt,Instr,Date,Duplicates,Satellite,LocationQuality,Latitude,Longitude,Reason,Possible Timestamp,Possible Type,Byte 0,Byte 1,Byte 2,Byte 3,Byte 4,Byte 5,Byte 6,Byte 7,Byte 8,Byte 9,Byte 10,Byte 11,Byte 12,Byte 13,Byte 14,Byte 15,Byte 16,Byte 17,Byte 18,Byte 19,Byte 20,Byte 21,Byte 22,Byte 23,Byte 24,Byte 25,Byte 26,Byte 27,Byte 28,Byte 29,Byte 30,Byte 31
Barnacle Betty,222233,UT,19:32:23 09-Oct-2022,,,B,-23.2011,151.7772,CRC 15.4,19:32:23 09-Oct-2022,Status,15,61,77,,,,,,,,,,,,,,,,,,,,,,,,,,,,,
Barnacle Betty,222233,UT,10:44:37 10-Oct-2022,,,B,-22.9594,152.0064,CRC 8.2,10:44:37 10-Oct-2022,Status,72,230,2,,,,,,,,,,,,,,,,,,,,,,,,,,,,,
Barnacle Betty,222233,UT,10:44:37 10-Oct-2022,,,B,-22.9694,152.0048,CRC 8.13,10:44:37 10-Oct-2022,Status,72,230,214,,,,,,,,,,,,,,,,,,,,,,,,,,,,,
Barnacle Betty,222233,UT,08:45:50 11-Oct-2022,,,B,-22.5804,152.0133,CRC (both failed),,,32,169,64,0,0,0,0,51,9,127,166,218,217,240,14,41,11,107,218,86,75,39,119,187,104,10,92,2,222,46,233,
Barnacle Betty,222233,UT,10:34:15 11-Oct-2022,,,B,-22.5254,152.0259,CRC (both failed),,,48,151,50,68,37,35,122,8,18,63,45,183,179,15,81,186,127,160,112,162,53,166,0,70,202,94,97,207,89,193,201,
Barnacle Betty,222233,UT,13:31:34 11-Oct-2022,,,B,-22.4306,151.9577,CRC 7.5,,,183,197,158,,,,,,,,,,,,,,,,,,,,,,,,,,,,,
Barnacle Betty,222233,UT,07:08:38 12-Oct-2022,,,B,-22.2001,152.1022,CRC 4.14,,,100,150,38,,,,,,,,,,,,,,,,,,,,,,,,,,,,,
Barnacle Betty,222233,UT,00:31:30 13-Oct-2022,,,B,-21.9521,152.1490,CRC (both failed),,,32,169,128,0,0,0,0,0,27,255,0,0,16,97,216,242,219,33,3,122,109,248,67,210,138,200,32,142,142,52,16,
Barnacle Betty,222233,UT,21:13:20 14-Oct-2022,,,B,-21.1664,152.5782,CRC 72.168,21:14:25 14-Oct-2022,Status,73,16,165,253,104,32,234,146,55,84,230,87,86,10,115,14,1,152,32,209,193,127,224,,,,,,,,,
Barnacle Betty,222233,UT,13:54:36 17-Oct-2022,,,A,-22.4076,152.0080,CRC (both failed),,,32,170,0,0,0,0,0,0,99,71,110,203,82,213,150,181,104,39,62,182,155,78,169,200,49,177,10,231,215,228,209,
Barnacle Betty,222233,UT,10:51:30 18-Oct-2022,,,B,-22.4591,151.9858,CRC 1.2,,,97,135,1,,,,,,,,,,,,,,,,,,,,,,,,,,,,,
Barnacle Betty,222233,UT,20:20:25 18-Oct-2022,,,B,-22.6682,151.8663,CRC 14.5,20:20:25 18-Oct-2022,Status,14,1,54,,,,,,,,,,,,,,,,,,,,,,,,,,,,,
Barnacle Betty,222233,UT,20:20:25 18-Oct-2022,,,1,-22.7337,151.7480,CRC 15.4,20:20:25 18-Oct-2022,Status,15,13,156,,,,,,,,,,,,,,,,,,,,,,,,,,,,,
Barnacle Betty,222233,UT,20:24:15 18-Oct-2022,,,1,-22.7337,151.7480,CRC 11.13,,,107,135,4,,,,,,,,,,,,,,,,,,,,,,,,,,,,,
Barnacle Betty,222233,UT,07:23:55 19-Oct-2022,,,B,-23.0028,151.7930,CRC (both failed),,,32,170,64,0,0,0,0,0,151,200,185,158,13,249,125,200,87,19,124,193,179,83,236,52,4,249,31,26,0,1,26,
Barnacle Betty,222233,UT,07:24:44 19-Oct-2022,,,B,-23.0028,151.7930,CRC 159.113,14:08:27 19-Oct-2022,Status,83,240,165,253,104,32,234,146,57,184,134,223,127,54,41,75,129,51,231,241,214,55,113,,,,,,,,,
Barnacle Betty,222233,UT,19:58:26 19-Oct-2022,,,1,-23.1747,151.7860,CRC 11.13,,,107,133,66,,,,,,,,,,,,,,,,,,,,,,,,,,,,,
Barnacle Betty,222233,UT,20:00:26 19-Oct-2022,,,1,-23.1747,151.7860,CRC 14.12,,,110,133,109,,,,,,,,,,,,,,,,,,,,,,,,,,,,,
Barnacle Betty,222233,UT,20:30:55 19-Oct-2022,,,3,-23.1846,151.7670,CRC 11.2,20:30:55 19-Oct-2022,Status,43,172,15,,,,,,,,,,,,,,,,,,,,,,,,,,,,,
Barnacle Betty,222233,UT,20:31:11 19-Oct-2022,,,3,-23.1846,151.7670,CRC 12.7,20:31:11 19-Oct-2022,Status,76,250,5,,,,,,,,,,,,,,,,,,,,,,,,,,,,,
Barnacle Betty,222233,UT,08:25:51 21-Oct-2022,,,B,-23.2958,151.7548,CRC (both failed),,,32,0,4,148,251,13,100,39,138,187,226,117,76,153,147,147,47,66,136,220,45,225,153,243,148,44,116,102,42,27,120,
Barnacle Betty,222233,UT,22:47:10 21-Oct-2022,,,3,-23.2921,151.6982,CRC 123.96,22:48:40 21-Oct-2022,Status,79,112,165,253,104,32,234,146,58,219,10,22,22,13,147,12,1,74,50,214,78,83,232,,,,,,,,,
Barnacle Betty,222233,UT,08:41:08 23-Oct-2022,,,3,-23.3190,151.7213,CRC 13.15,08:41:08 23-Oct-2022,Status,77,243,38,,,,,,,,,,,,,,,,,,,,,,,,,,,,,
Barnacle Betty,222233,UT,08:41:39 24-Oct-2022,,,A,-23.5376,151.7072,CRC 14.11,08:41:39 24-Oct-2022,Status,14,17,157,,,,,,,,,,,,,,,,,,,,,,,,,,,,,
Barnacle Betty,222233,UT,20:00:10 25-Oct-2022,,,0,-23.4041,151.6712,CRC (both failed),,,32,171,0,0,0,0,2,228,27,50,96,13,240,56,232,254,187,103,21,2,240,198,242,102,201,249,100,166,172,208,247,
Barnacle Betty,222233,UT,20:05:31 25-Oct-2022,,,0,-23.4041,151.6712,CRC 151.166,22:27:28 29-Oct-2022,Status,82,240,173,237,104,32,234,146,30,217,183,38,95,95,72,5,158,68,166,235,71,111,212,,,,,,,,,
Barnacle Betty,222233,UT,07:10:28 29-Oct-2022,,,3,-23.3530,151.7135,CRC 152.216,07:12:25 29-Oct-2022,Status,83,16,165,253,104,32,234,146,62,156,198,82,6,50,41,129,99,159,96,115,94,200,202,,,,,,,,,
Barnacle Betty,222233,UT,07:11:04 29-Oct-2022,,,3,-23.3530,151.7135,CRC (both failed),,,32,171,128,2,94,198,26,251,130,237,230,182,15,240,253,102,4,190,156,44,238,29,10,64,43,15,9,228,47,53,154,
Barnacle Betty,222233,UT,07:10:28 29-Oct-2022,,,2,-23.3529,151.7139,CRC 152.41,07:12:25 29-Oct-2022,Status,83,16,165,253,104,32,234,146,62,156,198,90,84,17,17,174,12,237,255,216,11,242,47,,,,,,,,,
Barnacle Betty,222233,UT,07:11:04 29-Oct-2022,,,2,-23.3529,151.7139,CRC (both failed),,,32,171,128,32,128,66,158,3,254,220,249,185,87,106,163,64,118,217,135,18,97,163,217,229,72,230,229,165,15,239,226,
Barnacle Betty,222233,UT,21:54:36 31-Oct-2022,,,2,-23.2311,151.7941,CRC 14.3,,,110,140,19,,,,,,,,,,,,,,,,,,,,,,,,,,,,,
Barnacle Betty,222233,UT,21:55:27 31-Oct-2022,,,2,-23.2311,151.7941,CRC 11.7,21:55:27 31-Oct-2022,Status,75,7,1,,,,,,,,,,,,,,,,,,,,,,,,,,,,,
Barnacle Betty,222233,UT,22:11:45 31-Oct-2022,,,B,-23.2497,151.7958,CRC 28.109,22:11:45 31-Oct-2022,Status,67,144,165,253,104,32,234,146,139,247,229,57,99,250,177,13,40,99,115,195,67,180,118,,,,,,,,,
Barnacle Betty,222233,UT,09:00:56 01-Nov-2022,,,2,-23.3171,151.7256,CRC,04:11:58 02-Dec-2020,Fast-GPS,102,8,133,245,104,32,234,146,48,164,49,21,22,17,173,12,1,160,32,209,1,127,192,,,,,,,,,
Barnacle Betty,222233,UT,09:31:51 01-Nov-2022,,,3,-23.2929,151.7202,CRC 1.2,,,97,135,128,,,,,,,,,,,,,,,,,,,,,,,,,,,,,
Barnacle Betty,222233,UT,09:45:27 01-Nov-2022,,,3,-23.2929,151.7202,CRC 4.12,09:45:27 01-Nov-2022,Status,100,142,0,,,,,,,,,,,,,,,,,,,,,,,,,,,,,
Barnacle Betty,222233,UT,09:51:40 01-Nov-2022,,,2,-23.2922,151.7265,CRC 0.8,09:51:40 01-Nov-2022,Status,64,16,13,,,,,,,,,,,,,,,,,,,,,,,,,,,,,
Barnacle Betty,222233,UT,09:55:58 01-Nov-2022,,,2,-23.2922,151.7265,CRC 2.1,09:55:58 01-Nov-2022,Status,82,128,137,,,,,,,,,,,,,,,,,,,,,,,,,,,,,
Barnacle Betty,222233,UT,11:31:24 01-Nov-2022,,,0,-23.3057,151.6947,CRC 0.6,11:31:24 01-Nov-2022,Status,64,58,9,,,,,,,,,,,,,,,,,,,,,,,,,,,,,
Barnacle Betty,222233,UT,08:20:09 02-Nov-2022,,,B,-23.2691,151.8739,CRC 4.1,,,100,134,19,,,,,,,,,,,,,,,,,,,,,,,,,,,,,
Barnacle Betty,222233,UT,18:37:21 03-Nov-2022,,,1,-23.3136,151.7535,CRC 15.7,18:37:21 03-Nov-2022,Status,79,7,17,,,,,,,,,,,,,,,,,,,,,,,,,,,,,
Barnacle Betty,222233,UT,07:00:18 04-Nov-2022,,,B,-23.3027,151.7168,CRC (both failed),,,32,32,101,32,38,233,57,222,11,157,176,113,232,97,158,15,203,12,58,31,64,91,46,252,128,255,255,255,255,255,118,
Barnacle Betty,222233,UT,09:03:44 04-Nov-2022,,,B,-23.3057,151.7011,CRC (both failed),,,32,172,96,0,0,0,0,0,0,255,0,240,162,171,226,135,210,189,43,230,125,60,1,239,218,195,138,27,139,216,247,
Barnacle Betty,222233,UT,09:03:44 04-Nov-2022,,,B,-23.3135,151.7133,CRC (both failed),,,32,172,96,0,0,2,129,24,4,223,152,248,151,207,182,4,234,208,147,200,60,217,173,216,205,106,8,38,110,226,195,
Barnacle Betty,222233,UT,09:03:44 04-Nov-2022,,,B,-23.3156,151.6999,CRC (both failed),,,32,172,96,0,0,0,0,0,0,223,4,44,28,17,5,59,195,37,47,104,13,29,7,139,50,242,219,244,24,236,121,
Barnacle Betty,222233,UT,12:54:13 04-Nov-2022,,,B,-23.3171,151.6064,CRC 4.7,,,100,4,5,,,,,,,,,,,,,,,,,,,,,,,,,,,,,
Barnacle Betty,222233,UT,08:46:49 05-Nov-2022,,,0,-23.4414,151.5608,CRC 206.48,18:58:00 22-Nov-2022,Status,89,208,165,253,104,32,234,148,123,75,160,9,185,77,38,174,190,22,127,35,4,68,119,,,,,,,,,
Barnacle Betty,222233,UT,08:52:38 05-Nov-2022,,,0,-23.4414,151.5608,CRC 11.0,08:52:38 05-Nov-2022,Status,75,62,198,,,,,,,,,,,,,,,,,,,,,,,,,,,,,
Barnacle Betty,222233,UT,08:54:18 05-Nov-2022,,,0,-23.4414,151.5608,CRC 11.10,08:54:18 05-Nov-2022,Status,27,140,135,,,,,,,,,,,,,,,,,,,,,,,,,,,,,
Barnacle Betty,222233,UT,10:13:34 05-Nov-2022,,,A,-23.3909,151.5353,CRC 11.1,10:13:34 05-Nov-2022,Status,27,143,155,,,,,,,,,,,,,,,,,,,,,,,,,,,,,
Barnacle Betty,222233,UT,10:21:48 05-Nov-2022,,,3,-23.3813,151.5442,CRC 5.11,10:21:48 05-Nov-2022,Status,69,42,227,,,,,,,,,,,,,,,,,,,,,,,,,,,,,
Barnacle Betty,222233,UT,10:28:43 05-Nov-2022,,,2,-23.3784,151.5480,,,,1,129,8,,,,,,,,,,,,,,,,,,,,,,,,,,,,,
Barnacle Betty,222233,UT,07:36:45 07-Nov-2022,,,0,-23.3601,151.8670,CRC 15.14,07:36:45 07-Nov-2022,Status,95,129,30,,,,,,,,,,,,,,,,,,,,,,,,,,,,,
Barnacle Betty,222233,UT,07:45:45 07-Nov-2022,,,3,-23.3358,151.8223,CRC 137.127,07:48:14 07-Nov-2022,Status,81,48,165,253,104,32,234,146,51,159,3,151,147,30,35,218,83,47,94,103,212,5,142,,,,,,,,,
Barnacle Betty,222233,UT,08:27:22 07-Nov-2022,,,B,-23.3352,151.8216,CRC 1.5,,,97,135,12,,,,,,,,,,,,,,,,,,,,,,,,,,,,,
Barnacle Betty,222233,UT,08:06:57 09-Nov-2022,,,2,-23.2520,151.9329,CRC 60.229,08:09:34 09-Nov-2022,Status,71,144,165,253,104,32,234,146,52,160,152,154,86,29,2,154,9,126,107,183,205,2,75,,,,,,,,,
Barnacle Betty,222233,UT,08:08:05 09-Nov-2022,,,2,-23.2520,151.9329,CRC 11.7,08:08:05 09-Nov-2022,Status,27,143,24,,,,,,,,,,,,,,,,,,,,,,,,,,,,,
Barnacle Betty,222233,UT,08:11:12 09-Nov-2022,,,2,-23.2520,151.9329,CRC 0.4,,,96,167,3,,,,,,,,,,,,,,,,,,,,,,,,,,,,,
Barnacle Betty,222233,UT,08:12:38 09-Nov-2022,,,2,-23.2520,151.9329,CRC 15.0,08:12:38 09-Nov-2022,Status,79,201,125,,,,,,,,,,,,,,,,,,,,,,,,,,,,,
Barnacle Betty,222233,UT,09:37:08 09-Nov-2022,,,3,-23.2320,151.9213,CRC 15.7,09:37:08 09-Nov-2022,Status,15,9,16,,,,,,,,,,,,,,,,,,,,,,,,,,,,,
Barnacle Betty,222233,UT,09:41:56 09-Nov-2022,,,3,-23.2320,151.9213,CRC 14.13,09:41:56 09-Nov-2022,Status,94,239,76,,,,,,,,,,,,,,,,,,,,,,,,,,,,,
Barnacle Betty,222233,UT,09:44:49 09-Nov-2022,,,3,-23.2320,151.9213,CRC 12.1,09:44:49 09-Nov-2022,Status,76,130,126,,,,,,,,,,,,,,,,,,,,,,,,,,,,,
Barnacle Betty,222233,UT,06:54:52 10-Nov-2022,,,3,-23.1506,152.1748,CRC 6.1,06:54:52 10-Nov-2022,Status,86,245,135,,,,,,,,,,,,,,,,,,,,,,,,,,,,,
Barnacle Betty,222233,UT,06:57:46 10-Nov-2022,,,3,-23.1506,152.1748,CRC 15.6,06:57:46 10-Nov-2022,Status,15,1,55,,,,,,,,,,,,,,,,,,,,,,,,,,,,,
Barnacle Betty,222233,UT,07:34:56 10-Nov-2022,,,2,-23.1611,152.1886,CRC 11.1,07:34:56 10-Nov-2022,Status,27,134,176,,,,,,,,,,,,,,,,,,,,,,,,,,,,,
Barnacle Betty,222233,UT,07:41:39 10-Nov-2022,,,2,-23.1611,152.1886,CRC 15.1,07:41:39 10-Nov-2022,Status,31,34,15,,,,,,,,,,,,,,,,,,,,,,,,,,,,,
Barnacle Betty,222233,UT,07:54:10 12-Nov-2022,,,A,-23.5201,151.8105,,,,97,162,127,,,,,,,,,,,,,,,,,,,,,,,,,,,,,
Barnacle Betty,222233,UT,08:15:51 12-Nov-2022,,,B,-23.5223,151.8074,CRC (both failed),,,32,173,96,44,13,104,221,144,226,19,7,132,89,62,175,152,42,160,0,0,0,4,5,7,255,140,0,0,0,0,97,
Barnacle Betty,222233,UT,07:37:24 13-Nov-2022,,,B,-23.6936,151.6080,CRC 1.11,,,97,135,102,,,,,,,,,,,,,,,,,,,,,,,,,,,,,
Barnacle Betty,222233,UT,19:03:10 14-Nov-2022,,,,,,CRC 10.3,19:03:10 14-Nov-2022,Status,26,36,154,,,,,,,,,,,,,,,,,,,,,,,,,,,,,
Barnacle Betty,222233,UT,06:44:00 15-Nov-2022,,,A,-23.5245,151.5196,CRC 2.10,06:44:00 15-Nov-2022,Status,82,143,0,,,,,,,,,,,,,,,,,,,,,,,,,,,,,
Barnacle Betty,222233,UT,06:46:03 15-Nov-2022,,,A,-23.5245,151.5196,CRC 4.8,,,100,133,144,,,,,,,,,,,,,,,,,,,,,,,,,,,,,
Barnacle Betty,222233,UT,07:05:27 15-Nov-2022,,,2,-23.5400,151.5234,CRC 0.3,,,96,51,241,,,,,,,,,,,,,,,,,,,,,,,,,,,,,
Barnacle Betty,222233,UT,07:07:15 15-Nov-2022,,,2,-23.5400,151.5234,CRC 55.170,07:07:15 15-Nov-2022,Status,70,228,39,221,217,35,147,148,242,11,23,232,213,2,66,239,230,81,36,244,67,223,224,,,,,,,,,
Barnacle Betty,222233,UT,07:11:06 15-Nov-2022,,,2,-23.5400,151.5234,CRC 1.2,07:11:06 15-Nov-2022,Status,49,251,23,,,,,,,,,,,,,,,,,,,,,,,,,,,,,
Barnacle Betty,222233,UT,07:48:16 15-Nov-2022,,,B,-23.5438,151.5176,CRC 11.14,07:48:16 15-Nov-2022,Status,91,143,28,,,,,,,,,,,,,,,,,,,,,,,,,,,,,
Barnacle Betty,222233,UT,18:43:27 15-Nov-2022,,,1,-23.5343,151.3714,CRC 254.136,06:01:52 05-Nov-2022,Status,95,208,165,254,86,203,128,185,34,152,29,25,1,249,213,133,16,34,246,30,113,209,216,,,,,,,,,
Barnacle Betty,222233,UT,18:45:56 15-Nov-2022,,,1,-23.5343,151.3714,CRC 4.1,18:45:56 15-Nov-2022,Status,84,95,26,,,,,,,,,,,,,,,,,,,,,,,,,,,,,
Barnacle Betty,222233,UT,18:47:43 15-Nov-2022,,,1,-23.5343,151.3714,CRC 4.0,18:47:43 15-Nov-2022,Status,20,101,153,,,,,,,,,,,,,,,,,,,,,,,,,,,,,
Barnacle Betty,222233,UT,19:03:21 15-Nov-2022,,,3,-23.5322,151.3746,CRC 15.9,19:03:21 15-Nov-2022,Status,31,138,188,,,,,,,,,,,,,,,,,,,,,,,,,,,,,
Barnacle Betty,222233,UT,19:06:39 15-Nov-2022,,,3,-23.5322,151.3746,CRC 11.14,19:06:39 15-Nov-2022,Status,27,143,47,,,,,,,,,,,,,,,,,,,,,,,,,,,,,
Barnacle Betty,222233,UT,08:26:18 16-Nov-2022,,,B,-23.4701,151.3032,CRC 15.1,,,207,228,18,,,,,,,,,,,,,,,,,,,,,,,,,,,,,
Barnacle Betty,222233,UT,11:20:52 16-Nov-2022,,,B,-23.4893,151.2640,CRC 15.7,11:20:52 16-Nov-2022,Status,15,1,185,,,,,,,,,,,,,,,,,,,,,,,,,,,,,
Barnacle Betty,222233,UT,11:20:52 16-Nov-2022,,,B,-23.4831,151.2507,CRC 15.2,11:20:52 16-Nov-2022,Status,15,1,107,,,,,,,,,,,,,,,,,,,,,,,,,,,,,
Barnacle Betty,222233,UT,20:05:34 16-Nov-2022,,,2,-23.3424,151.2481,CRC 11.8,20:05:34 16-Nov-2022,Status,75,23,4,,,,,,,,,,,,,,,,,,,,,,,,,,,,,
Barnacle Betty,222233,UT,20:09:36 16-Nov-2022,,,2,-23.3410,151.2462,CRC 9.12,20:09:36 16-Nov-2022,Status,25,137,186,,,,,,,,,,,,,,,,,,,,,,,,,,,,,
Barnacle Betty,222233,UT,20:09:36 16-Nov-2022,,,2,-23.3429,151.2480,CRC 14.12,20:09:36 16-Nov-2022,Status,94,15,80,,,,,,,,,,,,,,,,,,,,,,,,,,,,,
Barnacle Betty,222233,UT,07:20:42 17-Nov-2022,,,B,-23.4464,151.2303,CRC 1.10,07:20:42 17-Nov-2022,Status,65,131,133,,,,,,,,,,,,,,,,,,,,,,,,,,,,,
Barnacle Betty,222233,UT,08:36:41 17-Nov-2022,,,1,-23.4526,151.2655,CRC 6.0,08:36:41 17-Nov-2022,Status,70,14,103,,,,,,,,,,,,,,,,,,,,,,,,,,,,,
Barnacle Betty,222233,UT,08:38:10 17-Nov-2022,,,1,-23.4526,151.2655,CRC 10.14,08:38:10 17-Nov-2022,Status,106,132,0,,,,,,,,,,,,,,,,,,,,,,,,,,,,,
Barnacle Betty,222233,UT,08:57:51 17-Nov-2022,,,B,-23.4517,151.2545,CRC 5.14,,,101,108,107,,,,,,,,,,,,,,,,,,,,,,,,,,,,,
Barnacle Betty,222233,UT,09:49:43 17-Nov-2022,,,A,-23.4455,151.3015,CRC 12.4,09:49:43 17-Nov-2022,Status,92,209,216,,,,,,,,,,,,,,,,,,,,,,,,,,,,,
Barnacle Betty,222233,UT,19:38:18 17-Nov-2022,,,3,-23.5213,151.2827,CRC 5.6,19:38:18 17-Nov-2022,Status,85,35,18,,,,,,,,,,,,,,,,,,,,,,,,,,,,,
Barnacle Betty,222233,UT,19:39:33 17-Nov-2022,,,3,-23.5213,151.2827,CRC 1.3,,,97,1,247,,,,,,,,,,,,,,,,,,,,,,,,,,,,,
Barnacle Betty,222233,UT,19:40:34 17-Nov-2022,,,3,-23.5213,151.2827,CRC 2.5,19:40:34 17-Nov-2022,Status,82,42,40,,,,,,,,,,,,,,,,,,,,,,,,,,,,,
Barnacle Betty,222233,UT,21:31:04 17-Nov-2022,,,B,-23.5330,151.3176,CRC 16.102,17:06:35 27-Nov-2022,Status,66,16,180,143,133,12,134,159,13,196,104,230,188,245,78,28,93,63,154,135,203,136,131,,,,,,,,,
Barnacle Betty,222233,UT,22:10:26 17-Nov-2022,,,B,-23.5340,151.3270,CRC 12.14,22:10:26 17-Nov-2022,Status,76,1,76,,,,,,,,,,,,,,,,,,,,,,,,,,,,,
Barnacle Betty,222233,UT,06:42:43 18-Nov-2022,,,3,-23.4083,151.2961,CRC 11.4,06:42:43 18-Nov-2022,Status,27,131,29,,,,,,,,,,,,,,,,,,,,,,,,,,,,,
Barnacle Betty,222233,UT,06:51:04 18-Nov-2022,,,3,-23.4083,151.2961,CRC 14.105,06:54:13 18-Nov-2022,Status,65,208,165,253,104,32,234,146,57,27,99,90,86,6,102,247,189,24,22,7,133,33,162,,,,,,,,,
Barnacle Betty,222233,UT,07:45:33 18-Nov-2022,,,3,-23.4198,151.2818,CRC 0.5,,,0,16,5,,,,,,,,,,,,,,,,,,,,,,,,,,,,,
Barnacle Betty,222233,UT,08:07:54 18-Nov-2022,,,2,-23.4230,151.2794,CRC 0.5,08:07:54 18-Nov-2022,Status,80,62,245,,,,,,,,,,,,,,,,,,,,,,,,,,,,,
Barnacle Betty,222233,UT,08:13:23 18-Nov-2022,,,2,-23.4230,151.2794,CRC 207.140,08:16:33 18-Nov-2022,Status,89,240,165,253,104,32,234,146,57,33,8,88,150,39,141,12,3,96,28,208,193,127,192,,,,,,,,,
Barnacle Betty,222233,UT,08:22:50 18-Nov-2022,,,2,-23.4288,151.2678,CRC 1.2,,,97,135,81,,,,,,,,,,,,,,,,,,,,,,,,,,,,,
Barnacle Betty,222233,UT,08:23:06 18-Nov-2022,,,2,-23.4288,151.2678,CRC 15.2,08:23:06 18-Nov-2022,Status,31,209,24,,,,,,,,,,,,,,,,,,,,,,,,,,,,,
Barnacle Betty,222233,UT,08:24:04 18-Nov-2022,,,2,-23.4288,151.2678,CRC 11.12,,,123,138,12,,,,,,,,,,,,,,,,,,,,,,,,,,,,,
Barnacle Betty,222233,UT,07:31:01 19-Nov-2022,,,2,-23.3164,151.2968,CRC 10.13,07:31:01 19-Nov-2022,Status,90,164,193,,,,,,,,,,,,,,,,,,,,,,,,,,,,,
Barnacle Betty,222233,UT,08:02:28 19-Nov-2022,,,3,-23.3233,151.2984,CRC 10.1,08:02:28 19-Nov-2022,Status,26,169,32,,,,,,,,,,,,,,,,,,,,,,,,,,,,,
Barnacle Betty,222233,UT,07:15:36 20-Nov-2022,,,3,-23.6339,151.3423,CRC 8.3,,,104,202,56,,,,,,,,,,,,,,,,,,,,,,,,,,,,,
Barnacle Betty,222233,UT,07:27:21 20-Nov-2022,,,1,-23.6331,151.3274,CRC 157.251,07:27:21 20-Nov-2022,Status,83,183,132,218,121,161,207,92,194,122,33,64,200,250,44,121,120,144,185,114,63,23,159,,,,,,,,,
Barnacle Betty,222233,UT,18:57:28 20-Nov-2022,,,B,-23.6842,151.4079,CRC 5.2,18:57:28 20-Nov-2022,Status,69,13,221,,,,,,,,,,,,,,,,,,,,,,,,,,,,,
Barnacle Betty,222233,UT,21:15:13 20-Nov-2022,,,A,-23.7727,151.4469,CRC 15.5,21:15:13 20-Nov-2022,Status,79,99,82,,,,,,,,,,,,,,,,,,,,,,,,,,,,,
Barnacle Betty,222233,UT,08:41:49 21-Nov-2022,,,2,-23.9456,151.5751,CRC 15.4,08:41:49 21-Nov-2022,Status,15,41,17,,,,,,,,,,,,,,,,,,,,,,,,,,,,,
Barnacle Betty,222233,UT,19:22:16 22-Nov-2022,,,B,-23.3354,151.7483,CRC 13.15,19:22:16 22-Nov-2022,Status,13,1,16,,,,,,,,,,,,,,,,,,,,,,,,,,,,,
Barnacle Betty,222233,UT,09:27:30 23-Nov-2022,,,1,-23.2850,151.7536,CRC 1.6,,,97,141,51,,,,,,,,,,,,,,,,,,,,,,,,,,,,,
Barnacle Betty,222233,UT,10:01:00 24-Nov-2022,,,1,-23.2996,151.7180,CRC 4.8,,,100,134,4,,,,,,,,,,,,,,,,,,,,,,,,,,,,,
Barnacle Betty,222233,UT,20:24:34 25-Nov-2022,,,1,-23.1917,151.7044,CRC 11.8,20:24:34 25-Nov-2022,Status,27,207,28,,,,,,,,,,,,,,,,,,,,,,,,,,,,,
Barnacle Betty,222233,UT,20:28:12 25-Nov-2022,,,1,-23.1917,151.7044,CRC 5.9,20:28:12 25-Nov-2022,Status,69,73,217,,,,,,,,,,,,,,,,,,,,,,,,,,,,,
Barnacle Betty,222233,UT,08:06:47 26-Nov-2022,,,B,-23.1676,151.7242,CRC (both failed),,,32,175,32,64,90,245,197,224,47,77,219,31,61,12,185,198,136,37,41,142,97,155,86,31,161,59,211,8,201,24,76,
Barnacle Betty,222233,UT,14:16:37 26-Nov-2022,,,B,-23.2217,151.6698,CRC 1.10,,,97,135,73,,,,,,,,,,,,,,,,,,,,,,,,,,,,,
Barnacle Betty,222233,UT,18:20:26 26-Nov-2022,,,B,-23.2415,151.6427,CRC 98.132,18:20:26 26-Nov-2022,Status,76,80,165,253,104,32,234,130,129,79,213,56,54,176,9,206,77,119,160,125,190,124,111,,,,,,,,,
Barnacle Betty,222233,UT,10:53:03 27-Nov-2022,,,B,-23.3564,151.5804,CRC 2.3,,,98,200,207,,,,,,,,,,,,,,,,,,,,,,,,,,,,,
Barnacle Betty,222233,UT,11:14:23 27-Nov-2022,,,A,-23.3172,151.6634,CRC 2.10,11:14:23 27-Nov-2022,Status,66,40,154,,,,,,,,,,,,,,,,,,,,,,,,,,,,,
Barnacle Betty,222233,UT,19:23:37 27-Nov-2022,,,3,-23.1952,151.7420,CRC 15.9,19:23:37 27-Nov-2022,Status,31,159,50,,,,,,,,,,,,,,,,,,,,,,,,,,,,,
Barnacle Betty,222233,UT,19:23:56 27-Nov-2022,,,3,-23.1952,151.7420,CRC 15.10,19:23:56 27-Nov-2022,Status,31,131,198,,,,,,,,,,,,,,,,,,,,,,,,,,,,,
Barnacle Betty,222233,UT,06:42:31 28-Nov-2022,,,0,-23.2987,151.6946,CRC 6.1,06:42:31 28-Nov-2022,Status,102,135,0,,,,,,,,,,,,,,,,,,,,,,,,,,,,,
Barnacle Betty,222233,UT,08:08:55 28-Nov-2022,,,3,-23.3491,151.7297,CRC (both failed),,,32,175,96,0,0,0,0,0,0,17,255,0,0,0,0,49,83,62,191,187,158,119,202,2,32,122,251,222,67,249,188,
Barnacle Betty,222233,UT,08:12:31 28-Nov-2022,,,2,-23.3540,151.7325,CRC 11.4,,,187,128,239,,,,,,,,,,,,,,,,,,,,,,,,,,,,,
Barnacle Betty,222233,UT,08:21:33 28-Nov-2022,,,2,-23.3540,151.7325,CRC 1.4,08:21:33 28-Nov-2022,Status,81,174,9,,,,,,,,,,,,,,,,,,,,,,,,,,,,,
Barnacle Betty,222233,UT,09:04:10 28-Nov-2022,,,1,-23.3706,151.7416,CRC 15.6,,,111,196,136,,,,,,,,,,,,,,,,,,,,,,,,,,,,,
Barnacle Betty,222233,UT,09:19:48 28-Nov-2022,,,3,-23.3709,151.7485,CRC 15.12,09:19:48 28-Nov-2022,Status,15,1,49,,,,,,,,,,,,,,,,,,,,,,,,,,,,,
Barnacle Betty,222233,UT,09:20:50 28-Nov-2022,,,3,-23.3709,151.7485,CRC 11.3,09:20:50 28-Nov-2022,Status,91,5,59,,,,,,,,,,,,,,,,,,,,,,,,,,,,,
Barnacle Betty,222233,UT,07:39:37 29-Nov-2022,,,A,-23.6299,151.7190,CRC 6.5,07:39:37 29-Nov-2022,Status,70,30,4,,,,,,,,,,,,,,,,,,,,,,,,,,,,,
Barnacle Betty,222233,UT,08:50:22 30-Nov-2022,,,B,-23.9010,151.6936,CRC 15.11,08:50:22 30-Nov-2022,Status,31,143,28,,,,,,,,,,,,,,,,,,,,,,,,,,,,,
Barnacle Betty,222233,UT,21:14:01 30-Nov-2022,,,0,-23.6923,151.7502,CRC 15.13,21:14:01 30-Nov-2022,Status,15,131,187,,,,,,,,,,,,,,,,,,,,,,,,,,,,,
Barnacle Betty,222233,UT,21:16:58 30-Nov-2022,,,0,-23.6923,151.7502,CRC 11.13,21:16:58 30-Nov-2022,Status,27,191,14,,,,,,,,,,,,,,,,,,,,,,,,,,,,,
Barnacle Betty,222233,UT,08:20:39 01-Dec-2022,,,3,-23.5200,151.7641,CRC 11.8,08:20:39 01-Dec-2022,Status,27,135,164,,,,,,,,,,,,,,,,,,,,,,,,,,,,,
Barnacle Betty,222233,UT,08:21:40 01-Dec-2022,,,3,-23.5200,151.7641,CRC 1.7,08:21:40 01-Dec-2022,Status,81,29,31,,,,,,,,,,,,,,,,,,,,,,,,,,,,,
Barnacle Betty,222233,UT,13:18:13 01-Dec-2022,,,3,-23.4251,151.8045,CRC 11.9,13:18:13 01-Dec-2022,Status,27,140,7,,,,,,,,,,,,,,,,,,,,,,,,,,,,,
Barnacle Betty,222233,UT,07:02:50 02-Dec-2022,,,3,-23.3322,151.9925,CRC 15.13,07:02:50 02-Dec-2022,Status,95,207,141,,,,,,,,,,,,,,,,,,,,,,,,,,,,,
Barnacle Betty,222233,UT,07:45:08 02-Dec-2022,,,3,-23.3138,151.9926,CRC 13.1,07:45:08 02-Dec-2022,Status,77,25,1,,,,,,,,,,,,,,,,,,,,,,,,,,,,,
Barnacle Betty,222233,UT,07:52:04 02-Dec-2022,,,3,-23.3138,151.9926,CRC 67.74,07:52:04 02-Dec-2022,Status,72,112,165,254,96,160,231,226,96,57,192,153,161,176,82,225,19,56,63,72,4,75,129,,,,,,,,,
Barnacle Betty,222233,UT,07:54:22 02-Dec-2022,,,3,-23.3138,151.9926,CRC 7.4,07:54:22 02-Dec-2022,Status,71,41,243,,,,,,,,,,,,,,,,,,,,,,,,,,,,,
Barnacle Betty,222233,UT,08:29:07 02-Dec-2022,,,A,-23.3127,152.0045,CRC 0.2,08:29:07 02-Dec-2022,Status,96,136,0,,,,,,,,,,,,,,,,,,,,,,,,,,,,,
Barnacle Betty,222233,UT,07:12:34 03-Dec-2022,,,2,-22.7492,151.8850,CRC 11.13,07:12:34 03-Dec-2022,Status,27,143,30,,,,,,,,,,,,,,,,,,,,,,,,,,,,,
Barnacle Betty,222233,UT,07:12:52 03-Dec-2022,,,2,-22.7492,151.8850,CRC 11.14,07:12:52 03-Dec-2022,Status,75,6,5,,,,,,,,,,,,,,,,,,,,,,,,,,,,,
Barnacle Betty,222233,UT,12:56:07 03-Dec-2022,,,2,-22.6244,151.9540,CRC 12.0,12:56:07 03-Dec-2022,Status,92,164,218,,,,,,,,,,,,,,,,,,,,,,,,,,,,,
Barnacle Betty,222233,UT,06:26:53 04-Dec-2022,,,3,-22.2505,151.9757,CRC 14.0,,,126,205,0,,,,,,,,,,,,,,,,,,,,,,,,,,,,,
Barnacle Betty,222233,UT,07:59:01 04-Dec-2022,,,2,-22.2126,151.9616,CRC 64.43,08:03:09 04-Dec-2022,Status,72,16,165,253,104,32,234,146,50,32,50,83,148,76,0,53,172,7,128,126,233,197,254,,,,,,,,,
Barnacle Betty,222233,UT,10:03:46 07-Dec-2022,,,3,-21.7909,152.4446,CRC 5.2,10:03:46 07-Dec-2022,Status,85,75,71,,,,,,,,,,,,,,,,,,,,,,,,,,,,,
Barnacle Betty,222233,UT,10:07:48 07-Dec-2022,,,3,-21.7909,152.4446,CRC 14.4,10:07:48 07-Dec-2022,Status,94,182,33,,,,,,,,,,,,,,,,,,,,,,,,,,,,,
Barnacle Betty,222233,UT,09:00:03 08-Dec-2022,,,1,-22.1295,152.4318,CRC 11.14,09:00:03 08-Dec-2022,Status,75,54,5,,,,,,,,,,,,,,,,,,,,,,,,,,,,,
Barnacle Betty,222233,UT,09:01:57 08-Dec-2022,,,1,-22.1295,152.4318,CRC 9.3,,,201,4,111,,,,,,,,,,,,,,,,,,,,,,,,,,,,,
Barnacle Betty,222233,UT,10:41:33 08-Dec-2022,,,B,-22.1598,152.4673,CRC (both failed),,,32,128,169,14,81,157,71,78,152,127,49,249,222,17,103,145,121,186,95,236,219,131,239,68,128,29,28,27,142,255,229,
Barnacle Betty,222233,UT,20:20:13 08-Dec-2022,,,2,-22.3016,152.4423,CRC 13.14,20:20:13 08-Dec-2022,Status,77,57,52,,,,,,,,,,,,,,,,,,,,,,,,,,,,,
Barnacle Betty,222233,UT,20:20:13 08-Dec-2022,,,3,-22.3092,152.4464,CRC 13.2,20:20:13 08-Dec-2022,Status,77,57,0,,,,,,,,,,,,,,,,,,,,,,,,,,,,,
Barnacle Betty,222233,UT,20:24:46 08-Dec-2022,,,3,-22.3092,152.4464,CRC 4.7,,,100,134,1,,,,,,,,,,,,,,,,,,,,,,,,,,,,,
Barnacle Betty,222233,UT,20:30:43 08-Dec-2022,,,3,-22.3092,152.4464,CRC 15.6,20:30:43 08-Dec-2022,Status,15,2,18,,,,,,,,,,,,,,,,,,,,,,,,,,,,,
Barnacle Betty,222233,UT,08:34:30 10-Dec-2022,,,0,-23.0642,152.2946,CRC 6.4,08:34:30 10-Dec-2022,Status,102,166,0,,,,,,,,,,,,,,,,,,,,,,,,,,,,,
Barnacle Betty,222233,UT,08:40:35 10-Dec-2022,,,3,-23.0517,152.2800,CRC 113.57,08:40:35 10-Dec-2022,Status,78,48,161,47,231,156,151,49,71,97,38,191,169,226,190,252,146,140,34,130,98,138,157,,,,,,,,,
Barnacle Betty,222233,UT,08:43:24 10-Dec-2022,,,3,-23.0517,152.2800,CRC 15.13,08:43:24 10-Dec-2022,Status,95,221,58,,,,,,,,,,,,,,,,,,,,,,,,,,,,,
Barnacle Betty,222233,UT,10:32:45 10-Dec-2022,,,2,-23.0962,152.2543,CRC (both failed),,,32,177,32,0,1,76,166,186,57,121,167,140,139,101,125,139,206,234,162,243,68,198,144,39,140,68,153,64,248,20,79,
Barnacle Betty,222233,UT,10:32:45 10-Dec-2022,,,B,-23.0880,152.2547,CRC (both failed),,,32,177,32,0,5,175,118,34,89,127,124,118,31,249,0,184,64,213,36,9,77,207,1,216,41,50,244,30,112,116,223,
Barnacle Betty,222233,UT,13:02:31 10-Dec-2022,,,A,-23.1286,152.2278,CRC 14.2,13:02:31 10-Dec-2022,Status,78,248,16,,,,,,,,,,,,,,,,,,,,,,,,,,,,,
Barnacle Betty,222233,UT,07:07:13 13-Dec-2022,,,B,-23.3995,151.7168,CRC 251.121,07:11:53 13-Dec-2022,Status,95,112,165,253,104,32,234,146,54,156,189,94,123,127,219,148,223,137,197,123,65,127,192,,,,,,,,,
Barnacle Betty,222233,UT,07:07:53 13-Dec-2022,,,B,-23.3995,151.7168,CRC 9.14,07:07:53 13-Dec-2022,Status,89,66,137,,,,,,,,,,,,,,,,,,,,,,,,,,,,,
Barnacle Betty,222233,UT,07:07:13 13-Dec-2022,,,B,-23.3970,151.7171,CRC 251.26,07:11:53 13-Dec-2022,Status,95,112,161,239,120,44,234,144,54,156,189,95,70,247,247,128,82,144,226,240,32,191,159,,,,,,,,,
Barnacle Betty,222233,UT,07:07:53 13-Dec-2022,,,B,-23.3970,151.7171,CRC 8.11,07:07:53 13-Dec-2022,Status,88,68,113,,,,,,,,,,,,,,,,,,,,,,,,,,,,,
Barnacle Betty,222233,UT,09:17:32 13-Dec-2022,,,0,-23.3689,151.7669,CRC 5.13,09:17:32 13-Dec-2022,Status,69,49,13,,,,,,,,,,,,,,,,,,,,,,,,,,,,,
Barnacle Betty,222233,UT,10:30:02 13-Dec-2022,,,B,-23.3467,151.7337,CRC 218.123,10:30:02 13-Dec-2022,Status,91,80,165,253,104,32,250,146,28,252,162,161,159,252,235,179,22,81,247,243,134,107,137,,,,,,,,,
Barnacle Betty,222233,UT,01:29:02 14-Dec-2022,,,B,-23.2941,151.7511,CRC (both failed),,,32,177,160,0,0,0,0,0,33,64,189,2,82,164,153,121,90,99,218,161,244,186,168,166,43,7,22,234,69,210,85,
Barnacle Betty,222233,UT,11:07:35 14-Dec-2022,,,B,-23.2404,151.7680,CRC 13.14,11:07:35 14-Dec-2022,Status,77,57,4,,,,,,,,,,,,,,,,,,,,,,,,,,,,,
Barnacle Betty,222233,UT,08:53:38 16-Dec-2022,,,A,-23.2581,151.8193,CRC 52.204,02:23:45 19-Dec-2022,Status,70,144,165,253,104,32,234,102,89,137,123,119,79,47,127,4,123,53,147,32,89,112,171,,,,,,,,,
Barnacle Betty,222233,UT,09:07:04 16-Dec-2022,,,3,-23.2303,151.8020,CRC 11.8,09:07:04 16-Dec-2022,Status,27,143,156,,,,,,,,,,,,,,,,,,,,,,,,,,,,,
Barnacle Betty,222233,UT,11:49:16 16-Dec-2022,,,B,-23.2229,151.8069,CRC 15.5,11:49:16 16-Dec-2022,Status,15,1,199,,,,,,,,,,,,,,,,,,,,,,,,,,,,,
Barnacle Betty,222233,UT,13:31:36 16-Dec-2022,,,1,-23.2393,151.7705,CRC 195.135,13:36:28 16-Dec-2022,Status,88,112,165,253,104,32,234,146,56,54,71,22,86,75,125,44,9,125,98,23,38,224,31,,,,,,,,,
Barnacle Betty,222233,UT,22:04:10 17-Dec-2022,,,B,-23.2883,151.7044,CRC 1.2,,,97,170,6,,,,,,,,,,,,,,,,,,,,,,,,,,,,,
Barnacle Betty,222233,UT,08:39:08 18-Dec-2022,,,B,-23.2875,151.5363,CRC 147.231,08:39:08 18-Dec-2022,Status,82,96,181,114,232,3,210,118,158,21,124,238,121,250,76,112,56,31,121,145,24,164,95,,,,,,,,,
Barnacle Betty,222233,UT,06:56:26 19-Dec-2022,,,3,-23.3469,151.7207,CRC 11.7,06:56:26 19-Dec-2022,Status,27,143,120,,,,,,,,,,,,,,,,,,,,,,,,,,,,,
Barnacle Betty,222233,UT,06:56:41 19-Dec-2022,,,3,-23.3469,151.7207,CRC 0.14,06:56:41 19-Dec-2022,Status,64,56,23,,,,,,,,,,,,,,,,,,,,,,,,,,,,,
Barnacle Betty,222233,UT,07:19:34 19-Dec-2022,,,3,-23.3503,151.7094,CRC 13.5,07:19:34 19-Dec-2022,Status,77,41,13,,,,,,,,,,,,,,,,,,,,,,,,,,,,,
Barnacle Betty,222233,UT,07:21:14 19-Dec-2022,,,3,-23.3503,151.7094,CRC 12.6,07:21:14 19-Dec-2022,Status,12,78,103,,,,,,,,,,,,,,,,,,,,,,,,,,,,,
Barnacle Betty,222233,UT,07:24:20 19-Dec-2022,,,3,-23.3503,151.7094,CRC 14.0,,,110,133,136,,,,,,,,,,,,,,,,,,,,,,,,,,,,,
Barnacle Betty,222233,UT,08:29:49 19-Dec-2022,,,2,-23.3681,151.6965,CRC 253.211,00:12:06 15-Dec-2022,Status,95,176,165,248,36,15,254,6,151,128,193,146,231,54,132,44,23,191,141,233,48,191,224,,,,,,,,,
Barnacle Betty,222233,UT,08:28:23 19-Dec-2022,,,B,-23.3507,151.7018,CRC 15.6,,,143,1,16,,,,,,,,,,,,,,,,,,,,,,,,,,,,,
Barnacle Betty,222233,UT,08:00:21 20-Dec-2022,,,B,-23.5563,151.7199,CRC (both failed),00:00:00 18-Dec-2022,TAT,32,178,96,0,0,4,0,0,0,3,255,0,8,16,64,143,178,64,0,0,0,0,0,6,9,255,3,0,0,0,154,
Barnacle Betty,222233,UT,08:25:27 20-Dec-2022,,,B,-23.6415,151.6928,CRC 4.5,,,100,202,171,,,,,,,,,,,,,,,,,,,,,,,,,,,,,
Barnacle Betty,222233,UT,07:41:34 22-Dec-2022,,,B,-23.8729,151.4475,CRC 183.99,,,32,178,160,0,7,22,71,122,45,17,43,95,28,187,87,99,167,79,113,106,194,84,7,52,91,244,85,,,,,
Barnacle Betty,222233,UT,08:55:17 22-Dec-2022,,,B,-23.9078,151.4728,CRC 0.5,08:55:17 22-Dec-2022,Status,64,183,109,,,,,,,,,,,,,,,,,,,,,,,,,,,,,
Barnacle Betty,222233,UT,19:47:48 22-Dec-2022,,,A,-23.6595,151.5256,CRC 2.14,,,98,141,170,,,,,,,,,,,,,,,,,,,,,,,,,,,,,
Barnacle Betty,222233,UT,10:03:13 23-Dec-2022,,,A,-23.4758,151.4775,CRC 13.7,,,173,131,42,,,,,,,,,,,,,,,,,,,,,,,,,,,,,
Barnacle Betty,222233,UT,11:52:37 23-Dec-2022,,,B,-23.4508,151.5048,CRC 15.10,11:52:37 23-Dec-2022,Status,31,1,19,,,,,,,,,,,,,,,,,,,,,,,,,,,,,
Barnacle Betty,222233,UT,20:51:22 23-Dec-2022,,,B,-23.3095,151.4188,CRC 4.9,,,100,135,24,,,,,,,,,,,,,,,,,,,,,,,,,,,,,
Barnacle Betty,222233,UT,23:28:01 23-Dec-2022,,,3,-23.2689,151.3637,CRC 15.0,23:28:01 23-Dec-2022,Status,15,33,117,,,,,,,,,,,,,,,,,,,,,,,,,,,,,
Barnacle Betty,222233,UT,23:29:03 23-Dec-2022,,,3,-23.2689,151.3637,CRC 11.8,23:29:03 23-Dec-2022,Status,27,143,29,,,,,,,,,,,,,,,,,,,,,,,,,,,,,
Barnacle Betty,222233,UT,23:55:04 23-Dec-2022,,,3,-23.2604,151.3587,CRC (both failed),,,32,178,224,0,0,0,45,133,216,220,11,171,140,132,217,222,245,216,176,48,88,104,121,252,140,247,132,122,0,173,216,
Barnacle Betty,222233,UT,09:14:02 24-Dec-2022,,,A,-23.1801,151.4236,CRC 11.12,,,123,129,1,,,,,,,,,,,,,,,,,,,,,,,,,,,,,
Barnacle Betty,222233,UT,09:15:15 24-Dec-2022,,,A,-23.1801,151.4236,CRC 11.9,09:15:15 24-Dec-2022,Status,27,139,30,,,,,,,,,,,,,,,,,,,,,,,,,,,,,
Barnacle Betty,222233,UT,12:03:21 24-Dec-2022,,,1,-23.1377,151.3629,CRC 6.5,12:03:21 24-Dec-2022,Status,86,234,43,,,,,,,,,,,,,,,,,,,,,,,,,,,,,
Barnacle Betty,222233,UT,12:03:46 24-Dec-2022,,,1,-23.1377,151.3629,CRC 187.243,12:09:07 24-Dec-2022,Status,87,112,172,253,232,36,234,146,60,48,145,214,214,85,215,6,1,210,27,210,225,127,192,,,,,,,,,
Barnacle Betty,222233,UT,13:40:53 24-Dec-2022,,,B,-23.1267,151.4071,CRC 5.0,13:40:53 24-Dec-2022,Status,85,244,42,,,,,,,,,,,,,,,,,,,,,,,,,,,,,
Barnacle Betty,222233,UT,10:35:51 25-Dec-2022,,,A,-22.7760,151.4059,CRC 11.12,10:35:51 25-Dec-2022,Status,75,89,107,,,,,,,,,,,,,,,,,,,,,,,,,,,,,
Barnacle Betty,222233,UT,11:50:22 25-Dec-2022,,,B,-22.7405,151.3952,CRC 9.6,11:50:22 25-Dec-2022,Status,73,62,85,,,,,,,,,,,,,,,,,,,,,,,,,,,,,
Barnacle Betty,222233,UT,13:31:33 25-Dec-2022,,,2,-22.7188,151.3857,CRC 5.11,13:31:33 25-Dec-2022,Status,85,119,165,,,,,,,,,,,,,,,,,,,,,,,,,,,,,
Barnacle Betty,222233,UT,11:30:25 26-Dec-2022,,,3,-22.9452,151.2684,CRC 15.12,11:30:25 26-Dec-2022,Status,95,197,45,,,,,,,,,,,,,,,,,,,,,,,,,,,,,
Barnacle Betty,222233,UT,11:39:21 26-Dec-2022,,,3,-22.9452,151.2684,CRC 11.2,11:39:21 26-Dec-2022,Status,27,191,43,,,,,,,,,,,,,,,,,,,,,,,,,,,,,
Barnacle Betty,222233,UT,11:40:44 26-Dec-2022,,,2,-22.9445,151.2774,CRC 1.8,,,97,62,126,,,,,,,,,,,,,,,,,,,,,,,,,,,,,
Barnacle Betty,222233,UT,12:32:02 26-Dec-2022,,,0,-22.9436,151.2547,CRC 0.7,12:32:02 26-Dec-2022,Status,64,97,90,,,,,,,,,,,,,,,,,,,,,,,,,,,,,
Barnacle Betty,222233,UT,13:15:30 26-Dec-2022,,,1,-22.9442,151.2671,CRC 7.11,13:15:30 26-Dec-2022,Status,87,35,9,,,,,,,,,,,,,,,,,,,,,,,,,,,,,
Barnacle Betty,222233,UT,13:16:00 26-Dec-2022,,,1,-22.9442,151.2671,CRC 4.3,,,228,104,27,,,,,,,,,,,,,,,,,,,,,,,,,,,,,
Barnacle Betty,222233,UT,08:17:56 27-Dec-2022,,,1,-23.2003,151.1193,CRC 19.152,13:22:31 25-Dec-2022,Status,66,112,165,253,104,32,234,179,188,181,103,221,115,82,152,137,87,145,249,6,167,64,31,,,,,,,,,
Barnacle Betty,222233,UT,08:18:36 27-Dec-2022,,,1,-23.2003,151.1193,CRC 0.1,08:18:36 27-Dec-2022,Status,48,85,6,,,,,,,,,,,,,,,,,,,,,,,,,,,,,
Barnacle Betty,222233,UT,19:33:43 27-Dec-2022,,,B,-23.3726,151.2064,CRC 14.6,19:33:43 27-Dec-2022,Status,78,38,13,,,,,,,,,,,,,,,,,,,,,,,,,,,,,
Barnacle Betty,222233,UT,20:36:47 27-Dec-2022,,,B,-23.3618,151.1179,CRC 250.219,20:42:20 27-Dec-2022,Status,95,80,165,253,104,32,234,146,61,210,165,26,24,91,229,14,1,239,112,160,165,41,95,,,,,,,,,
Barnacle Betty,222233,UT,07:36:41 28-Dec-2022,,,B,-23.3592,151.1126,CRC (both failed),,,32,179,96,0,0,0,0,0,0,0,255,0,0,1,48,181,15,67,26,131,204,221,36,66,235,231,255,72,187,54,60,
Barnacle Betty,222233,UT,20:48:44 28-Dec-2022,,,1,-23.4840,151.4790,CRC 4.5,20:48:44 28-Dec-2022,Status,52,127,197,,,,,,,,,,,,,,,,,,,,,,,,,,,,,
Barnacle Betty,222233,UT,20:49:03 28-Dec-2022,,,1,-23.4840,151.4790,CRC 0.3,20:49:03 28-Dec-2022,Status,64,32,20,,,,,,,,,,,,,,,,,,,,,,,,,,,,,
Barnacle Betty,222233,UT,20:53:58 28-Dec-2022,,,1,-23.4840,151.4790,CRC 5.1,,,101,139,84,,,,,,,,,,,,,,,,,,,,,,,,,,,,,
Barnacle Betty,222233,UT,07:10:36 29-Dec-2022,,,B,-23.5084,151.4624,CRC 209.254,15:16:14 13-Dec-2022,Status,90,48,165,253,104,32,138,182,54,189,3,155,216,93,67,14,1,163,27,85,211,126,136,,,,,,,,,
Barnacle Betty,222233,UT,08:50:32 29-Dec-2022,,,A,-23.6966,151.6014,CRC 148.116,08:56:10 29-Dec-2022,Status,82,144,165,253,104,32,234,146,62,163,130,155,90,93,117,18,1,222,27,209,209,119,216,,,,,,,,,
Barnacle Betty,222233,UT,10:58:52 29-Dec-2022,,,B,-23.7527,151.5714,CRC 4.3,,,164,169,104,,,,,,,,,,,,,,,,,,,,,,,,,,,,,
Barnacle Betty,222233,UT,06:57:31 30-Dec-2022,,,B,-23.9124,151.6334,CRC 155.70,07:03:13 30-Dec-2022,Status,83,112,165,253,104,32,234,146,63,28,51,88,88,94,61,18,7,137,25,119,41,127,192,,,,,,,,,
Barnacle Betty,222233,UT,06:43:56 31-Dec-2022,,,0,-23.8980,151.9280,CRC 4.13,06:43:56 31-Dec-2022,Status,84,6,197,,,,,,,,,,,,,,,,,,,,,,,,,,,,,
Barnacle Betty,222233,UT,06:45:36 31-Dec-2022,,,0,-23.8980,151.9280,CRC 11.14,06:45:36 31-Dec-2022,Status,27,143,127,,,,,,,,,,,,,,,,,,,,,,,,,,,,,
Barnacle Betty,222233,UT,06:46:03 31-Dec-2022,,,0,-23.8980,151.9280,CRC 0.8,06:46:03 31-Dec-2022,Status,64,40,5,,,,,,,,,,,,,,,,,,,,,,,,,,,,,
Barnacle Betty,222233,UT,07:43:57 31-Dec-2022,,,1,-23.8764,151.9267,CRC 6.12,07:43:57 31-Dec-2022,Status,70,30,19,,,,,,,,,,,,,,,,,,,,,,,,,,,,,
Barnacle Betty,222233,UT,07:08:22 01-Jan-2023,,,1,-23.6515,152.1871,CRC 0.8,07:08:22 01-Jan-2023,Status,64,112,12,,,,,,,,,,,,,,,,,,,,,,,,,,,,,
Barnacle Betty,222233,UT,07:09:22 01-Jan-2023,,,1,-23.6515,152.1871,CRC 5.2,,,5,16,8,,,,,,,,,,,,,,,,,,,,,,,,,,,,,
Barnacle Betty,222233,UT,07:09:38 01-Jan-2023,,,1,-23.6515,152.1871,CRC 11.5,07:09:38 01-Jan-2023,Status,27,151,175,,,,,,,,,,,,,,,,,,,,,,,,,,,,,
Barnacle Betty,222233,UT,07:54:03 01-Jan-2023,,,0,-23.6416,152.2154,CRC 13.5,07:54:03 01-Jan-2023,Status,77,33,5,,,,,,,,,,,,,,,,,,,,,,,,,,,,,
Barnacle Betty,222233,UT,07:58:05 01-Jan-2023,,,3,-23.6555,152.2221,CRC 22.211,08:03:54 01-Jan-2023,Status,66,208,165,253,104,32,234,146,48,160,61,154,150,99,215,28,227,48,232,49,6,33,36,,,,,,,,,
Barnacle Betty,222233,UT,09:30:01 01-Jan-2023,,,0,-23.6745,152.2789,,,,98,136,80,,,,,,,,,,,,,,,,,,,,,,,,,,,,,
Barnacle Betty,222233,UT,09:04:10 02-Jan-2023,,,1,-24.1125,152.4582,CRC 2.15,09:04:10 02-Jan-2023,Status,82,160,50,,,,,,,,,,,,,,,,,,,,,,,,,,,,,
Barnacle Betty,222233,UT,09:04:10 02-Jan-2023,,,1,-24.1206,152.4616,CRC 11.2,,,251,248,135,,,,,,,,,,,,,,,,,,,,,,,,,,,,,
Barnacle Betty,222233,UT,09:05:44 02-Jan-2023,,,1,-24.1206,152.4616,CRC 9.10,09:05:44 02-Jan-2023,Status,25,141,196,,,,,,,,,,,,,,,,,,,,,,,,,,,,,
Barnacle Betty,222233,UT,09:08:22 02-Jan-2023,,,1,-24.1206,152.4616,CRC 11.7,09:08:22 02-Jan-2023,Status,27,138,119,,,,,,,,,,,,,,,,,,,,,,,,,,,,,
Barnacle Betty,222233,UT,10:44:56 02-Jan-2023,,,A,-24.1459,152.4712,CRC 9.2,10:44:56 02-Jan-2023,Status,73,204,92,,,,,,,,,,,,,,,,,,,,,,,,,,,,,
Barnacle Betty,222233,UT,11:57:02 02-Jan-2023,,,B,-24.1560,152.4836,CRC 14.1,,,110,202,102,,,,,,,,,,,,,,,,,,,,,,,,,,,,,
Barnacle Betty,222233,UT,08:39:12 03-Jan-2023,,,3,-24.5835,152.6179,CRC 15.9,08:39:12 03-Jan-2023,Status,15,83,69,,,,,,,,,,,,,,,,,,,,,,,,,,,,,
Barnacle Betty,222233,UT,08:40:22 03-Jan-2023,,,3,-24.5835,152.6179,CRC 1.14,,,97,135,53,,,,,,,,,,,,,,,,,,,,,,,,,,,,,
Barnacle Betty,222233,UT,08:42:23 03-Jan-2023,,,3,-24.5835,152.6179,CRC 4.13,08:42:23 03-Jan-2023,Status,68,45,200,,,,,,,,,,,,,,,,,,,,,,,,,,,,,
Barnacle Betty,222233,UT,08:42:45 03-Jan-2023,,,3,-24.5835,152.6179,CRC 8.11,08:42:45 03-Jan-2023,Status,88,103,84,,,,,,,,,,,,,,,,,,,,,,,,,,,,,
Barnacle Betty,222233,UT,08:43:07 03-Jan-2023,,,3,-24.5835,152.6179,CRC 5.9,,,101,131,4,,,,,,,,,,,,,,,,,,,,,,,,,,,,,
Barnacle Betty,222233,UT,11:32:02 03-Jan-2023,,,B,-24.6316,152.6382,CRC 15.8,11:32:02 03-Jan-2023,Status,79,5,2,,,,,,,,,,,,,,,,,,,,,,,,,,,,,
Barnacle Betty,222233,UT,08:18:13 04-Jan-2023,,,A,-24.8609,153.0581,CRC 148.46,08:24:14 04-Jan-2023,Status,82,144,165,253,104,32,234,146,50,33,131,154,152,102,113,18,1,255,27,88,185,243,145,,,,,,,,,
Barnacle Betty,222233,UT,10:13:02 04-Jan-2023,,,0,-24.8856,153.0666,CRC 12.11,,,124,3,88,,,,,,,,,,,,,,,,,,,,,,,,,,,,,
Barnacle Betty,222233,UT,10:13:37 04-Jan-2023,,,0,-24.8856,153.0666,CRC 14.0,,,110,140,114,,,,,,,,,,,,,,,,,,,,,,,,,,,,,
Barnacle Betty,222233,UT,12:51:32 04-Jan-2023,,,1,-24.8946,153.1498,CRC 148.70,12:00:09 21-Dec-2022,Status,82,135,165,175,46,49,179,122,251,254,36,171,0,36,192,71,191,50,103,57,210,56,16,,,,,,,,,
Barnacle Betty,222233,UT,06:54:01 05-Jan-2023,,,B,-25.0913,153.3861,CRC (both failed),,,32,196,128,0,0,0,0,0,0,4,115,246,39,151,177,223,223,24,62,9,197,184,72,118,67,48,12,228,205,236,235,
Barnacle Betty,222233,UT,06:54:01 05-Jan-2023,,,B,-25.0916,153.3639,CRC (both failed),,,32,196,128,0,0,0,0,0,0,3,32,100,187,82,96,127,168,243,11,139,134,8,61,192,108,8,232,21,0,43,170,
Barnacle Betty,222233,UT,08:10:28 06-Jan-2023,,,B,-24.9571,153.6659,CRC 165.254,08:10:28 06-Jan-2023,Status,84,179,213,145,120,113,185,252,81,121,183,143,133,41,242,87,172,224,142,152,43,10,196,,,,,,,,,
Barnacle Betty,222233,UT,12:37:01 06-Jan-2023,,,B,-25.0617,153.7434,CRC 9.4,12:37:01 06-Jan-2023,Status,9,194,47,,,,,,,,,,,,,,,,,,,,,,,,,,,,,
Barnacle Betty,222233,UT,10:47:16 07-Jan-2023,,,B,-25.9508,154.1850,CRC 3.0,10:47:16 07-Jan-2023,Status,67,46,71,,,,,,,,,,,,,,,,,,,,,,,,,,,,,
Barnacle Betty,222233,UT,19:24:05 07-Jan-2023,,,A,-26.0668,154.1625,CRC 4.7,,,100,134,1,,,,,,,,,,,,,,,,,,,,,,,,,,,,,
Barnacle Betty,222233,UT,19:24:46 07-Jan-2023,,,A,-26.0668,154.1625,CRC 18.122,19:24:46 07-Jan-2023,Status,66,80,165,255,166,100,112,14,55,238,111,39,209,176,191,202,1,102,123,208,225,127,209,,,,,,,,,
Barnacle Betty,222233,UT,19:42:20 07-Jan-2023,,,1,-26.1117,154.1006,CRC 7.4,19:42:20 07-Jan-2023,Status,71,43,133,,,,,,,,,,,,,,,,,,,,,,,,,,,,,
Barnacle Betty,222233,UT,19:47:08 07-Jan-2023,,,1,-26.1117,154.1006,CRC 3.1,19:47:08 07-Jan-2023,Status,3,214,96,,,,,,,,,,,,,,,,,,,,,,,,,,,,,
Barnacle Betty,222233,UT,19:51:55 07-Jan-2023,,,1,-26.1117,154.1006,CRC 126.182,13:57:43 31-Jan-2023,Status,79,208,138,60,251,96,242,5,191,183,154,227,151,240,51,2,72,241,56,249,111,34,96,,,,,,,,,
Barnacle Betty,222233,UT,19:51:55 07-Jan-2023,,,2,-26.1180,154.0724,CRC 126.226,14:24:52 14-Jan-2023,Status,79,208,177,17,234,69,62,221,199,57,141,16,138,102,76,217,215,22,72,89,77,136,74,,,,,,,,,
Barnacle Betty,222233,UT,20:55:09 07-Jan-2023,,,B,-26.1119,154.0710,CRC 4.1,,,212,158,61,,,,,,,,,,,,,,,,,,,,,,,,,,,,,
Barnacle Betty,222233,UT,08:14:36 08-Jan-2023,,,0,-26.3263,154.1556,CRC 187.167,08:14:36 08-Jan-2023,Status,87,103,112,46,87,112,148,70,171,155,56,63,54,28,124,37,194,136,19,58,219,128,145,,,,,,,,,
Barnacle Betty,222233,UT,08:31:02 08-Jan-2023,,,B,-26.3552,154.1563,CRC 2.10,08:31:02 08-Jan-2023,Status,98,128,0,,,,,,,,,,,,,,,,,,,,,,,,,,,,,
Barnacle Betty,222233,UT,19:10:26 08-Jan-2023,,,2,-26.5944,154.0501,CRC 11.0,19:10:26 08-Jan-2023,Status,27,143,148,,,,,,,,,,,,,,,,,,,,,,,,,,,,,
Barnacle Betty,222233,UT,06:28:48 09-Jan-2023,,,B,-26.9330,154.1499,CRC 8.11,06:28:48 09-Jan-2023,Status,72,71,4,,,,,,,,,,,,,,,,,,,,,,,,,,,,,
Barnacle Betty,222233,UT,07:47:46 09-Jan-2023,,,1,-26.9779,154.0670,CRC 11.9,,,251,1,55,,,,,,,,,,,,,,,,,,,,,,,,,,,,,
Barnacle Betty,222233,UT,07:54:04 09-Jan-2023,,,1,-26.9779,154.0670,CRC 15.9,07:54:04 09-Jan-2023,Status,15,1,18,,,,,,,,,,,,,,,,,,,,,,,,,,,,,
Barnacle Betty,222233,UT,11:48:30 09-Jan-2023,,,A,-27.1595,154.0463,CRC 2.1,11:48:30 09-Jan-2023,Status,82,218,55,,,,,,,,,,,,,,,,,,,,,,,,,,,,,
Barnacle Betty,222233,UT,09:04:56 10-Jan-2023,,,B,-27.7066,153.9260,CRC 15.2,09:04:56 10-Jan-2023,Status,15,14,26,,,,,,,,,,,,,,,,,,,,,,,,,,,,,
Barnacle Betty,222233,UT,09:04:56 10-Jan-2023,,,B,-27.7506,153.9313,CRC 15.13,09:04:56 10-Jan-2023,Status,15,68,16,,,,,,,,,,,,,,,,,,,,,,,,,,,,,
Barnacle Betty,222233,UT,10:44:09 10-Jan-2023,,,A,-27.7420,154.1870,CRC 11.13,10:44:09 10-Jan-2023,Status,27,229,97,,,,,,,,,,,,,,,,,,,,,,,,,,,,,
Barnacle Betty,222233,UT,10:48:46 10-Jan-2023,,,A,-27.7420,154.1870,CRC 7.1,10:48:46 10-Jan-2023,Status,71,27,7,,,,,,,,,,,,,,,,,,,,,,,,,,,,,
Barnacle Betty,222233,UT,10:44:09 10-Jan-2023,,,B,-27.7199,154.2066,CRC 8.14,10:44:09 10-Jan-2023,Status,56,14,238,,,,,,,,,,,,,,,,,,,,,,,,,,,,,
Barnacle Betty,222233,UT,10:44:09 10-Jan-2023,,,B,-27.7157,154.2100,CRC 10.6,10:44:09 10-Jan-2023,Status,26,170,56,,,,,,,,,,,,,,,,,,,,,,,,,,,,,
Barnacle Betty,222233,UT,11:33:29 10-Jan-2023,,,0,-27.7195,154.2173,CRC 4.15,,,100,198,8,,,,,,,,,,,,,,,,,,,,,,,,,,,,,
Barnacle Betty,222233,UT,11:56:58 10-Jan-2023,,,0,-27.7472,154.1664,CRC 13.0,11:56:58 10-Jan-2023,Status,93,55,28,,,,,,,,,,,,,,,,,,,,,,,,,,,,,
Barnacle Betty,222233,UT,11:57:39 10-Jan-2023,,,0,-27.7472,154.1664,CRC 8.58,20:34:34 12-Jan-2023,Status,65,16,165,252,84,242,201,157,102,82,40,188,122,68,135,113,238,198,131,154,163,186,36,,,,,,,,,
Barnacle Betty,222233,UT,12:19:39 10-Jan-2023,,,1,-27.7407,154.1973,CRC 9.6,12:19:39 10-Jan-2023,Status,25,191,119,,,,,,,,,,,,,,,,,,,,,,,,,,,,,
Barnacle Betty,222233,UT,12:20:42 10-Jan-2023,,,1,-27.7407,154.1973,CRC 7.11,12:20:42 10-Jan-2023,Status,71,27,1,,,,,,,,,,,,,,,,,,,,,,,,,,,,,
Barnacle Betty,222233,UT,12:24:15 10-Jan-2023,,,1,-27.7407,154.1973,CRC 15.9,12:24:15 10-Jan-2023,Status,15,3,68,,,,,,,,,,,,,,,,,,,,,,,,,,,,,
Barnacle Betty,222233,UT,13:34:30 10-Jan-2023,,,1,-27.7528,154.1883,CRC 11.7,13:34:30 10-Jan-2023,Status,91,77,110,,,,,,,,,,,,,,,,,,,,,,,,,,,,,
Barnacle Betty,222233,UT,13:39:27 10-Jan-2023,,,1,-27.7528,154.1883,CRC 12.1,13:39:27 10-Jan-2023,Status,76,173,222,,,,,,,,,,,,,,,,,,,,,,,,,,,,,
Barnacle Betty,222233,UT,18:14:26 10-Jan-2023,,,0,-27.7970,154.1952,CRC 3.1,18:14:26 10-Jan-2023,Status,3,172,158,,,,,,,,,,,,,,,,,,,,,,,,,,,,,
Barnacle Betty,222233,UT,18:37:43 10-Jan-2023,,,B,-27.8960,154.1981,CRC 14.8,,,110,4,0,,,,,,,,,,,,,,,,,,,,,,,,,,,,,
Barnacle Betty,222233,UT,10:23:34 11-Jan-2023,,,B,-27.9810,154.1587,CRC (both failed),,,32,197,64,0,0,0,4,13,39,209,255,0,0,16,12,37,173,73,53,221,183,170,15,76,198,36,9,201,93,45,164,
Barnacle Betty,222233,UT,10:23:34 11-Jan-2023,,,1,-27.9827,154.1466,CRC (both failed),,,32,197,64,0,0,0,4,13,39,209,255,0,0,8,2,240,247,55,224,40,167,225,233,239,125,56,235,186,221,209,118,
Barnacle Betty,222233,UT,19:48:32 11-Jan-2023,,,0,-28.3199,154.1130,CRC 11.5,19:48:32 11-Jan-2023,Status,27,143,22,,,,,,,,,,,,,,,,,,,,,,,,,,,,,
Barnacle Betty,222233,UT,19:48:32 11-Jan-2023,,,B,-28.2634,154.0908,CRC 11.6,19:48:32 11-Jan-2023,Status,27,143,23,,,,,,,,,,,,,,,,,,,,,,,,,,,,,
Barnacle Betty,222233,UT,18:57:47 14-Jan-2023,,,B,-31.3417,153.2242,CRC 11.15,18:57:47 14-Jan-2023,Status,27,143,193,,,,,,,,,,,,,,,,,,,,,,,,,,,,,
Barnacle Betty,222233,UT,19:28:54 14-Jan-2023,,,B,-31.4067,153.2605,CRC 11.13,19:28:54 14-Jan-2023,Status,75,23,7,,,,,,,,,,,,,,,,,,,,,,,,,,,,,
Barnacle Betty,222233,UT,19:31:28 14-Jan-2023,,,B,-31.4067,153.2605,CRC 2.11,19:31:28 14-Jan-2023,Status,82,146,137,,,,,,,,,,,,,,,,,,,,,,,,,,,,,
Barnacle Betty,222233,UT,20:14:52 14-Jan-2023,,,B,-31.4691,153.2634,CRC 11.15,20:14:52 14-Jan-2023,Status,27,157,70,,,,,,,,,,,,,,,,,,,,,,,,,,,,,
Barnacle Betty,222233,UT,08:38:32 15-Jan-2023,,,0,-32.1402,153.3091,CRC 8.4,08:38:32 15-Jan-2023,Status,88,221,45,,,,,,,,,,,,,,,,,,,,,,,,,,,,,
Barnacle Betty,222233,UT,12:12:24 15-Jan-2023,,,A,-32.2860,153.2582,CRC 5.13,12:12:24 15-Jan-2023,Status,85,4,50,,,,,,,,,,,,,,,,,,,,,,,,,,,,,
Barnacle Betty,222233,UT,18:49:54 15-Jan-2023,,,3,-32.6034,153.3501,CRC 0.6,18:49:54 15-Jan-2023,Status,64,32,7,,,,,,,,,,,,,,,,,,,,,,,,,,,,,
Barnacle Betty,222233,UT,18:55:01 15-Jan-2023,,,3,-32.6034,153.3501,CRC 0.4,18:55:01 15-Jan-2023,Status,80,96,120,,,,,,,,,,,,,,,,,,,,,,,,,,,,,
Barnacle Betty,222233,UT,19:48:32 15-Jan-2023,,,2,-32.6493,153.3388,CRC 14.6,19:48:32 15-Jan-2023,Status,94,100,58,,,,,,,,,,,,,,,,,,,,,,,,,,,,,
Barnacle Betty,222233,UT,19:51:00 15-Jan-2023,,,2,-32.6493,153.3388,CRC 196.1,02:10:14 31-Jan-2023,Status,88,144,165,253,104,32,234,131,79,136,163,136,170,145,42,69,112,94,111,33,71,131,1,,,,,,,,,
Barnacle Betty,222233,UT,19:53:29 15-Jan-2023,,,2,-32.6493,153.3388,CRC 6.7,19:53:29 15-Jan-2023,Status,70,30,155,,,,,,,,,,,,,,,,,,,,,,,,,,,,,
Barnacle Betty,222233,UT,20:20:19 15-Jan-2023,,,0,-32.6618,153.3126,CRC 15.7,20:20:19 15-Jan-2023,Status,15,0,218,,,,,,,,,,,,,,,,,,,,,,,,,,,,,
Barnacle Betty,222233,UT,20:20:38 15-Jan-2023,,,0,-32.6618,153.3126,CRC 15.8,,,159,129,8,,,,,,,,,,,,,,,,,,,,,,,,,,,,,
Barnacle Betty,222233,UT,10:17:19 16-Jan-2023,,,B,-33.1515,153.1274,CRC 152.216,10:17:19 16-Jan-2023,Status,83,0,236,95,4,228,143,123,155,94,181,247,188,144,180,162,50,58,236,102,151,72,64,,,,,,,,,
Barnacle Betty,222233,UT,20:02:31 16-Jan-2023,,,A,-33.4667,153.1795,CRC 11.5,20:02:31 16-Jan-2023,Status,27,143,6,,,,,,,,,,,,,,,,,,,,,,,,,,,,,
Barnacle Betty,222233,UT,20:09:12 16-Jan-2023,,,0,-33.4888,153.4120,CRC 15.13,20:09:12 16-Jan-2023,Status,15,5,82,,,,,,,,,,,,,,,,,,,,,,,,,,,,,
Barnacle Betty,222233,UT,21:11:11 16-Jan-2023,,,A,-33.5192,153.4257,CRC 11.2,21:11:11 16-Jan-2023,Status,27,46,26,,,,,,,,,,,,,,,,,,,,,,,,,,,,,
Barnacle Betty,222233,UT,09:17:19 17-Jan-2023,,,3,-33.8510,153.4270,CRC 7.13,09:17:19 17-Jan-2023,Status,87,243,8,,,,,,,,,,,,,,,,,,,,,,,,,,,,,
Barnacle Betty,222233,UT,09:21:53 17-Jan-2023,,,3,-33.8510,153.4270,CRC 248.133,09:21:53 17-Jan-2023,Status,95,24,165,241,100,48,234,178,40,128,138,62,10,165,192,100,252,226,109,196,44,135,235,,,,,,,,,
Barnacle Betty,222233,UT,09:21:53 17-Jan-2023,,,2,-33.8532,153.4313,CRC 248.241,09:34:02 17-Jan-2023,Status,95,16,165,253,104,32,238,128,24,166,32,142,168,27,17,98,208,226,156,249,148,71,63,,,,,,,,,
Barnacle Betty,222233,UT,10:59:56 17-Jan-2023,,,0,-33.8951,153.4446,CRC 13.6,,,189,240,81,,,,,,,,,,,,,,,,,,,,,,,,,,,,,
Barnacle Betty,222233,UT,08:57:15 18-Jan-2023,,,1,-34.1829,153.9751,CRC 15.4,,,15,1,9,,,,,,,,,,,,,,,,,,,,,,,,,,,,,
Barnacle Betty,222233,UT,11:53:44 18-Jan-2023,,,2,-34.1837,154.1144,CRC 11.7,,,107,133,245,,,,,,,,,,,,,,,,,,,,,,,,,,,,,
Barnacle Betty,222233,UT,11:54:38 18-Jan-2023,,,2,-34.1837,154.1144,CRC 15.5,11:54:38 18-Jan-2023,Status,15,236,18,,,,,,,,,,,,,,,,,,,,,,,,,,,,,
Barnacle Betty,222233,UT,11:59:17 18-Jan-2023,,,2,-34.1837,154.1144,CRC 15.12,11:59:17 18-Jan-2023,Status,15,1,17,,,,,,,,,,,,,,,,,,,,,,,,,,,,,
Barnacle Betty,222233,UT,11:59:17 18-Jan-2023,,,B,-34.1830,154.1176,CRC 15.14,11:59:17 18-Jan-2023,Status,15,17,63,,,,,,,,,,,,,,,,,,,,,,,,,,,,,
Barnacle Betty,222233,UT,19:02:58 18-Jan-2023,,,2,-34.1584,154.3878,CRC 15.12,19:02:58 18-Jan-2023,Status,15,1,208,,,,,,,,,,,,,,,,,,,,,,,,,,,,,
Barnacle Betty,222233,UT,19:28:03 18-Jan-2023,,,3,-34.1554,154.4117,CRC 7.6,19:28:03 18-Jan-2023,Status,23,36,72,,,,,,,,,,,,,,,,,,,,,,,,,,,,,
Barnacle Betty,222233,UT,20:26:39 18-Jan-2023,,,2,-34.1401,154.4822,CRC 254.196,04:26:05 24-Jan-2023,Status,95,208,165,253,104,32,170,152,60,17,161,71,27,46,126,50,52,185,26,107,216,151,198,,,,,,,,,
Barnacle Betty,222233,UT,06:17:48 19-Jan-2023,,,A,-34.0628,155.0159,CRC 14.3,06:17:48 19-Jan-2023,Status,94,68,152,,,,,,,,,,,,,,,,,,,,,,,,,,,,,
Barnacle Betty,222233,UT,07:56:27 19-Jan-2023,,,2,-34.0457,155.0991,CRC 14.4,07:56:27 19-Jan-2023,Status,14,201,18,,,,,,,,,,,,,,,,,,,,,,,,,,,,,
Barnacle Betty,222233,UT,09:01:31 19-Jan-2023,,,2,-34.0194,155.1411,CRC 9.10,09:01:31 19-Jan-2023,Status,9,118,75,,,,,,,,,,,,,,,,,,,,,,,,,,,,,
Barnacle Betty,222233,UT,10:31:46 19-Jan-2023,,,2,-33.9878,155.2209,CRC 109.25,10:38:40 19-Jan-2023,Status,77,176,165,253,104,32,234,146,57,170,106,26,27,138,49,3,2,204,224,109,121,156,104,,,,,,,,,
Barnacle Betty,222233,UT,10:49:49 19-Jan-2023,,,1,-33.9826,155.2219,CRC 15.9,10:49:49 19-Jan-2023,Status,31,158,81,,,,,,,,,,,,,,,,,,,,,,,,,,,,,
Barnacle Betty,222233,UT,10:58:45 19-Jan-2023,,,1,-33.9826,155.2219,CRC 11.3,10:58:45 19-Jan-2023,Status,27,199,156,,,,,,,,,,,,,,,,,,,,,,,,,,,,,
Barnacle Betty,222233,UT,12:32:09 19-Jan-2023,,,A,-33.9594,155.2934,CRC 10.4,12:32:09 19-Jan-2023,Status,58,252,205,,,,,,,,,,,,,,,,,,,,,,,,,,,,,
Barnacle Betty,222233,UT,10:40:15 20-Jan-2023,,,B,-33.7310,156.3361,CRC 15.6,10:40:15 20-Jan-2023,Status,15,152,30,,,,,,,,,,,,,,,,,,,,,,,,,,,,,
Barnacle Betty,222233,UT,19:06:25 21-Jan-2023,,,1,-34.5370,156.4917,CRC 11.14,19:06:25 21-Jan-2023,Status,27,143,31,,,,,,,,,,,,,,,,,,,,,,,,,,,,,
Barnacle Betty,222233,UT,19:04:36 21-Jan-2023,,,B,-34.3729,156.1565,CRC 15.0,19:04:36 21-Jan-2023,Status,47,1,4,,,,,,,,,,,,,,,,,,,,,,,,,,,,,
Barnacle Betty,222233,UT,06:24:54 22-Jan-2023,,,B,-34.7578,156.5801,CRC 8.14,06:24:54 22-Jan-2023,Status,72,193,190,,,,,,,,,,,,,,,,,,,,,,,,,,,,,
Barnacle Betty,222233,UT,10:38:07 22-Jan-2023,,,B,-34.9949,156.5299,CRC 9.12,10:38:07 22-Jan-2023,Status,25,13,244,,,,,,,,,,,,,,,,,,,,,,,,,,,,,
Barnacle Betty,222233,UT,22:31:13 22-Jan-2023,,,1,-35.3573,156.3943,CRC 15.2,22:31:13 22-Jan-2023,Status,15,5,23,,,,,,,,,,,,,,,,,,,,,,,,,,,,,
Barnacle Betty,222233,UT,05:49:25 23-Jan-2023,,,2,-35.6483,156.3516,CRC 15.8,05:49:25 23-Jan-2023,Status,15,79,255,,,,,,,,,,,,,,,,,,,,,,,,,,,,,
Barnacle Betty,222233,UT,08:27:52 23-Jan-2023,,,0,-35.7432,156.3648,CRC 15.12,08:27:52 23-Jan-2023,Status,15,1,17,,,,,,,,,,,,,,,,,,,,,,,,,,,,,
Barnacle Betty,222233,UT,12:34:36 23-Jan-2023,,,1,-35.8731,156.3444,CRC 894c.7d4f,,,17,50,19,25,31,3,104,104,31,217,77,140,123,63,184,133,0,213,14,110,144,191,224,,,,,,,,,
Barnacle Betty,222233,UT,12:36:36 23-Jan-2023,,,1,-35.8731,156.3444,CRC 15.8,,,15,23,7,,,,,,,,,,,,,,,,,,,,,,,,,,,,,
Barnacle Betty,222233,UT,12:39:32 23-Jan-2023,,,1,-35.8731,156.3444,CRC 3.8,12:39:32 23-Jan-2023,Status,83,101,130,,,,,,,,,,,,,,,,,,,,,,,,,,,,,
Barnacle Betty,222233,UT,19:25:42 24-Jan-2023,,,2,-36.6049,155.5491,CRC 14.11,,,110,132,130,,,,,,,,,,,,,,,,,,,,,,,,,,,,,
Barnacle Betty,222233,UT,20:45:54 24-Jan-2023,,,1,-36.6444,155.5461,CRC 12.3,20:45:54 24-Jan-2023,Status,92,129,196,,,,,,,,,,,,,,,,,,,,,,,,,,,,,
Barnacle Betty,222233,UT,21:02:40 24-Jan-2023,,,3,-36.6517,155.5366,CRC 130.57,21:09:55 24-Jan-2023,Status,80,80,165,253,104,32,234,146,60,84,157,215,150,129,51,24,16,254,14,239,199,155,227,,,,,,,,,
Barnacle Betty,222233,UT,21:06:22 24-Jan-2023,,,3,-36.6517,155.5366,CRC 8.0,21:06:22 24-Jan-2023,Status,88,173,64,,,,,,,,,,,,,,,,,,,,,,,,,,,,,
Barnacle Betty,222233,UT,21:02:40 24-Jan-2023,,,3,-36.6517,155.5336,CRC 130.245,21:09:55 24-Jan-2023,Status,80,80,165,253,104,32,234,146,60,84,157,215,150,129,97,25,49,233,167,8,17,23,230,,,,,,,,,
Barnacle Betty,222233,UT,08:09:15 25-Jan-2023,,,0,-36.8199,155.3503,CRC 10.8,,,122,167,39,,,,,,,,,,,,,,,,,,,,,,,,,,,,,
Barnacle Betty,222233,UT,21:34:25 26-Jan-2023,,,,,,CRC 0.14,,,96,200,164,,,,,,,,,,,,,,,,,,,,,,,,,,,,,
Barnacle Betty,222233,UT,19:59:38 27-Jan-2023,,,,,,CRC (both failed),,,56,231,47,190,111,97,206,97,6,65,70,44,225,189,132,162,247,8,188,231,212,169,189,95,145,127,224,63,128,254,33,
Barnacle Betty,222233,UT,22:44:36 27-Jan-2023,,,A,-37.0170,154.1488,CRC (both failed),,,32,207,2,112,6,98,84,64,218,192,96,10,175,186,240,252,71,121,207,10,174,180,98,125,88,220,180,152,153,248,109,
Barnacle Betty,222233,UT,23:04:47 27-Jan-2023,,,B,-37.0204,154.1418,CRC 20.119,23:12:13 27-Jan-2023,Status,66,144,165,253,104,32,232,146,45,220,195,66,35,245,218,135,103,70,78,50,13,207,157,,,,,,,,,
Barnacle Betty,222233,UT,14:53:20 28-Jan-2023,,,B,-36.9898,153.4535,CRC 10.6,14:53:20 28-Jan-2023,Status,90,239,69,,,,,,,,,,,,,,,,,,,,,,,,,,,,,
Barnacle Betty,222233,UT,20:19:18 28-Jan-2023,,,0,-36.5181,153.3846,CRC 184.92,20:26:47 28-Jan-2023,Status,87,16,165,253,104,32,234,146,62,81,171,216,133,32,1,227,16,88,111,96,197,18,202,,,,,,,,,
Barnacle Betty,222233,UT,21:07:48 28-Jan-2023,,,0,-36.4910,153.3590,CRC 11.4,21:07:48 28-Jan-2023,Status,27,159,9,,,,,,,,,,,,,,,,,,,,,,,,,,,,,
Barnacle Betty,222233,UT,21:11:29 28-Jan-2023,,,1,-36.4785,153.3600,CRC 228.88,21:11:29 28-Jan-2023,Status,92,144,170,234,202,34,61,238,96,254,84,198,202,96,239,65,153,201,131,71,146,254,73,,,,,,,,,
Barnacle Betty,222233,UT,12:06:21 30-Jan-2023,,,1,-36.4137,152.5861,CRC 11.8,12:06:21 30-Jan-2023,Status,91,3,217,,,,,,,,,,,,,,,,,,,,,,,,,,,,,
Barnacle Betty,222233,UT,12:07:32 30-Jan-2023,,,1,-36.4137,152.5861,CRC 4.14,,,100,131,9,,,,,,,,,,,,,,,,,,,,,,,,,,,,,
Barnacle Betty,222233,UT,19:02:34 30-Jan-2023,,,1,-36.6436,152.6910,CRC 4.11,19:02:34 30-Jan-2023,Status,68,6,86,,,,,,,,,,,,,,,,,,,,,,,,,,,,,
Barnacle Betty,222233,UT,19:49:31 30-Jan-2023,,,0,-36.6562,152.7233,,,,100,32,137,,,,,,,,,,,,,,,,,,,,,,,,,,,,,
Barnacle Betty,222233,UT,10:04:21 31-Jan-2023,,,A,-36.8424,153.1930,CRC,,Fast-GPS,101,131,0,144,164,189,207,44,93,132,130,251,13,234,74,182,49,124,55,,,,,,,,,,,,,
Barnacle Betty,222233,UT,11:49:44 31-Jan-2023,,,B,-36.8475,153.2505,CRC 15.4,,,15,1,136,,,,,,,,,,,,,,,,,,,,,,,,,,,,,
Barnacle Betty,222233,UT,13:23:14 31-Jan-2023,,,A,-36.8295,153.2593,CRC 1.12,,,97,135,202,,,,,,,,,,,,,,,,,,,,,,,,,,,,,
Barnacle Betty,222233,UT,10:31:36 01-Feb-2023,,,B,-36.7405,154.0713,CRC 11.8,10:31:36 01-Feb-2023,Status,27,143,29,,,,,,,,,,,,,,,,,,,,,,,,,,,,,
Barnacle Betty,222233,UT,14:02:02 01-Feb-2023,,,B,-36.5564,153.5898,CRC 15.6,14:02:02 01-Feb-2023,Status,79,76,66,,,,,,,,,,,,,,,,,,,,,,,,,,,,,
Barnacle Betty,222233,UT,14:09:28 01-Feb-2023,,,B,-36.5564,153.5898,CRC 12.8,14:09:28 01-Feb-2023,Status,76,240,207,,,,,,,,,,,,,,,,,,,,,,,,,,,,,
Barnacle Betty,222233,UT,18:55:22 02-Feb-2023,,,0,-36.5203,154.4747,CRC 9.12,18:55:22 02-Feb-2023,Status,25,137,75,,,,,,,,,,,,,,,,,,,,,,,,,,,,,
Barnacle Betty,222233,UT,21:31:35 02-Feb-2023,,,B,-36.4902,154.5548,CRC 168.188,21:39:23 02-Feb-2023,Status,85,16,165,253,104,32,234,146,49,86,117,216,28,140,129,4,1,103,27,205,97,127,192,,,,,,,,,
Barnacle Betty,222233,UT,22:14:30 02-Feb-2023,,,B,-36.5056,154.5841,CRC 2.4,22:14:30 02-Feb-2023,Status,82,219,55,,,,,,,,,,,,,,,,,,,,,,,,,,,,,
Barnacle Betty,222233,UT,22:26:34 02-Feb-2023,,,B,-36.5040,154.5866,CRC 5.0,22:26:34 02-Feb-2023,Status,5,2,48,,,,,,,,,,,,,,,,,,,,,,,,,,,,,
Barnacle Betty,222233,UT,10:47:03 03-Feb-2023,,,B,-36.4748,154.7404,CRC 4.5,,,100,137,255,,,,,,,,,,,,,,,,,,,,,,,,,,,,,
Barnacle Betty,222233,UT,13:46:01 03-Feb-2023,,,A,-36.4836,154.8144,CRC 13.15,13:46:01 03-Feb-2023,Status,93,252,103,,,,,,,,,,,,,,,,,,,,,,,,,,,,,
Barnacle Betty,222233,UT,12:08:49 04-Feb-2023,,,2,-36.5924,155.1977,CRC 12.9,,,108,4,31,,,,,,,,,,,,,,,,,,,,,,,,,,,,,
Barnacle Betty,222233,UT,12:09:09 04-Feb-2023,,,2,-36.5924,155.1977,CRC 206.66,12:17:03 04-Feb-2023,Status,89,208,165,253,104,32,234,146,50,49,16,216,152,143,17,10,1,160,28,205,161,127,244,,,,,,,,,
Barnacle Betty,222233,UT,10:52:15 05-Feb-2023,,,B,-36.9136,155.6804,CRC 5.0,10:52:15 05-Feb-2023,Status,101,130,0,,,,,,,,,,,,,,,,,,,,,,,,,,,,,
Barnacle Betty,222233,UT,12:18:04 05-Feb-2023,,,B,-36.9364,155.6727,CRC 11.3,,,107,201,172,,,,,,,,,,,,,,,,,,,,,,,,,,,,,
Barnacle Betty,222233,UT,23:50:32 05-Feb-2023,,,B,-37.1939,155.7990,CRC 2.4,23:50:32 05-Feb-2023,Status,34,8,3,,,,,,,,,,,,,,,,,,,,,,,,,,,,,
Barnacle Betty,222233,UT,20:09:43 06-Feb-2023,,,B,-37.5512,156.0082,CRC 1.7,20:09:43 06-Feb-2023,Status,81,223,90,,,,,,,,,,,,,,,,,,,,,,,,,,,,,
Barnacle Betty,222233,UT,20:39:30 06-Feb-2023,,,B,-37.5497,156.0474,CRC 10.13,20:39:30 06-Feb-2023,Status,106,196,0,,,,,,,,,,,,,,,,,,,,,,,,,,,,,
Barnacle Betty,222233,UT,11:46:41 07-Feb-2023,,,B,-37.8877,156.2439,CRC 122.225,11:46:41 07-Feb-2023,Status,79,66,165,253,104,32,234,146,51,175,107,90,150,145,255,14,1,115,28,204,225,127,192,,,,,,,,,
Barnacle Betty,222233,UT,11:46:41 07-Feb-2023,,,B,-37.8858,156.3691,CRC 126.188,11:54:45 07-Feb-2023,Status,79,208,165,253,104,32,234,146,19,175,107,90,150,145,255,14,1,115,28,204,225,127,192,,,,,,,,,
Barnacle Betty,222233,UT,23:26:31 09-Feb-2023,,,,,,CRC 211.200,23:34:44 09-Feb-2023,Status,90,112,165,253,104,32,234,146,52,222,43,26,216,146,197,0,208,199,33,24,20,106,94,,,,,,,,,
Barnacle Betty,222233,UT,01:36:54 10-Feb-2023,,,B,-37.4479,156.1064,CRC (both failed),,,32,201,32,0,0,0,3,27,255,0,0,0,0,0,1,21,137,64,223,2,194,100,203,246,154,122,190,229,0,72,218,
Barnacle Betty,222233,UT,12:12:35 10-Feb-2023,,,2,-37.5609,156.1126,CRC 5.2,,,101,131,172,,,,,,,,,,,,,,,,,,,,,,,,,,,,,
Barnacle Betty,222233,UT,18:45:36 10-Feb-2023,,,,,,CRC 205.131,18:53:53 10-Feb-2023,Status,89,176,165,253,104,32,234,146,53,75,93,88,26,147,243,12,1,243,28,222,168,37,19,,,,,,,,,
Barnacle Betty,222233,UT,20:14:50 10-Feb-2023,,,,,,CRC,05:14:14 31-Jul-2022,Fast-GPS,115,252,167,28,229,191,207,55,57,146,230,230,209,201,101,161,62,243,129,45,113,234,111,,,,,,,,,
Barnacle Betty,222233,UT,23:02:48 10-Feb-2023,,,3,-37.5754,156.4059,Short Msg Type 7?,,,117,132,25,,,,,,,,,,,,,,,,,,,,,,,,,,,,,
Barnacle Betty,222233,UT,23:04:21 10-Feb-2023,,,3,-37.5754,156.4059,CRC 173.43,23:12:37 10-Feb-2023,Status,85,176,165,253,104,32,234,146,53,92,201,88,90,148,87,12,1,146,79,151,86,126,0,,,,,,,,,
Barnacle Betty,222233,UT,10:29:32 11-Feb-2023,,,B,-37.5881,156.7091,CRC 11.3,10:29:32 11-Feb-2023,Status,27,143,4,,,,,,,,,,,,,,,,,,,,,,,,,,,,,
Barnacle Betty,222233,UT,11:17:51 11-Feb-2023,,,B,-37.5997,156.7378,CRC 163.252,08:26:42 11-Feb-2023,Status,84,112,165,253,104,32,232,150,117,161,170,191,42,123,255,251,60,51,33,57,158,183,13,,,,,,,,,
Barnacle Betty,222233,UT,18:07:53 11-Feb-2023,,,,,,CRC 11.7,18:07:53 11-Feb-2023,Status,27,173,239,,,,,,,,,,,,,,,,,,,,,,,,,,,,,
Barnacle Betty,222233,UT,19:09:42 11-Feb-2023,,,B,-37.7435,156.7756,CRC 12.9,19:09:42 11-Feb-2023,Status,92,135,73,,,,,,,,,,,,,,,,,,,,,,,,,,,,,
Barnacle Betty,222233,UT,10:54:54 12-Feb-2023,,,B,-38.0825,157.3013,CRC 15.0,10:54:54 12-Feb-2023,Status,15,1,85,,,,,,,,,,,,,,,,,,,,,,,,,,,,,
Barnacle Betty,222233,UT,19:38:58 12-Feb-2023,,,B,-38.2335,157.5372,CRC 3.0,19:38:58 12-Feb-2023,Status,83,219,123,,,,,,,,,,,,,,,,,,,,,,,,,,,,,
Barnacle Betty,222233,UT,23:57:32 12-Feb-2023,,,A,-38.2610,157.6087,CRC 14.13,,,110,132,1,,,,,,,,,,,,,,,,,,,,,,,,,,,,,
Barnacle Betty,222233,UT,08:47:11 14-Feb-2023,,,B,-38.0054,157.9335,CRC 11.5,08:47:11 14-Feb-2023,Status,27,175,22,,,,,,,,,,,,,,,,,,,,,,,,,,,,,
Barnacle Betty,222233,UT,10:47:41 14-Feb-2023,,,1,-38.0717,158.4184,CRC 10.5,,,122,175,36,,,,,,,,,,,,,,,,,,,,,,,,,,,,,
Barnacle Betty,222233,UT,05:42:54 16-Feb-2023,,,B,-37.4568,159.2189,CRC 15.3,,,111,139,203,,,,,,,,,,,,,,,,,,,,,,,,,,,,,
Barnacle Betty,222233,UT,11:02:19 16-Feb-2023,,,B,-37.3901,159.3582,CRC (both failed),,,32,201,224,2,1,1,3,25,255,0,2,0,162,165,255,100,110,187,123,43,137,132,143,183,171,191,209,196,202,181,137,
Barnacle Betty,222233,UT,20:53:23 16-Feb-2023,,,1,-37.4116,159.7774,CRC 15.4,20:53:23 16-Feb-2023,Status,95,64,233,,,,,,,,,,,,,,,,,,,,,,,,,,,,,
Barnacle Betty,222233,UT,20:45:42 19-Feb-2023,,,B,-37.3010,161.9124,CRC 5.0,20:45:42 19-Feb-2023,Status,85,251,138,,,,,,,,,,,,,,,,,,,,,,,,,,,,,
Barnacle Betty,222233,UT,21:30:09 21-Feb-2023,,,B,-37.1279,163.3510,CRC 11.9,21:30:09 21-Feb-2023,Status,91,59,79,,,,,,,,,,,,,,,,,,,,,,,,,,,,,
Barnacle Betty,222233,UT,09:09:52 22-Feb-2023,,,B,-37.0435,163.8752,CRC 9.10,09:09:52 22-Feb-2023,Status,89,138,79,,,,,,,,,,,,,,,,,,,,,,,,,,,,,
Barnacle Betty,222233,UT,10:34:07 22-Feb-2023,,,A,-36.9532,163.5042,CRC 11.6,10:34:07 22-Feb-2023,Status,27,143,87,,,,,,,,,,,,,,,,,,,,,,,,,,,,,
Barnacle Betty,222233,UT,19:10:37 22-Feb-2023,,,A,-36.8961,163.7547,CRC 5.0,19:10:37 22-Feb-2023,Status,101,130,0,,,,,,,,,,,,,,,,,,,,,,,,,,,,,
Barnacle Betty,222233,UT,06:22:20 23-Feb-2023,,,B,-36.8165,163.9607,CRC 57.15,06:22:20 23-Feb-2023,Status,71,48,165,253,104,48,242,197,237,109,175,96,101,105,74,161,91,210,146,172,131,225,110,,,,,,,,,
Barnacle Betty,222233,UT,11:18:38 23-Feb-2023,,,B,-36.7735,164.0548,CRC 15.0,11:18:38 23-Feb-2023,Status,15,1,212,,,,,,,,,,,,,,,,,,,,,,,,,,,,,
Barnacle Betty,222233,UT,18:25:56 23-Feb-2023,,,B,-36.7052,164.4067,CRC 5.9,,,101,131,4,,,,,,,,,,,,,,,,,,,,,,,,,,,,,
Barnacle Betty,222233,UT,22:42:30 23-Feb-2023,,,B,-36.7124,164.4895,CRC 15.2,22:42:30 23-Feb-2023,Status,15,136,211,,,,,,,,,,,,,,,,,,,,,,,,,,,,,
Barnacle Betty,222233,UT,08:21:58 24-Feb-2023,,,B,-36.5960,164.7182,CRC 14.15,08:21:58 24-Feb-2023,Status,14,1,16,,,,,,,,,,,,,,,,,,,,,,,,,,,,,
Barnacle Betty,222233,UT,19:45:30 24-Feb-2023,,,B,-36.5298,164.6814,CRC 203.103,08:35:43 24-Feb-2023,Status,89,112,165,253,104,32,234,146,60,34,58,232,82,132,153,60,51,34,9,114,160,61,39,,,,,,,,,
Barnacle Betty,222233,UT,11:34:27 25-Feb-2023,,,B,-36.2960,164.9196,CRC 5.15,11:34:27 25-Feb-2023,Status,21,255,128,,,,,,,,,,,,,,,,,,,,,,,,,,,,,
Barnacle Betty,222233,UT,19:06:10 25-Feb-2023,,,B,-36.0516,164.8739,CRC 2.1,19:06:10 25-Feb-2023,Status,82,216,81,,,,,,,,,,,,,,,,,,,,,,,,,,,,,
Barnacle Betty,222233,UT,19:06:10 25-Feb-2023,,,B,-36.0102,164.8558,CRC 2.3,19:06:10 25-Feb-2023,Status,82,197,88,,,,,,,,,,,,,,,,,,,,,,,,,,,,,
Barnacle Betty,222233,UT,18:42:30 26-Feb-2023,,,B,-35.8409,164.8576,,,,15,1,0,,,,,,,,,,,,,,,,,,,,,,,,,,,,,
Barnacle Betty,222233,UT,18:42:30 26-Feb-2023,,,B,-35.7399,164.9375,CRC 15.14,,,143,69,85,,,,,,,,,,,,,,,,,,,,,,,,,,,,,
Barnacle Betty,222233,UT,19:29:13 26-Feb-2023,,,B,-35.6545,165.0319,CRC 4.1,,,100,150,99,,,,,,,,,,,,,,,,,,,,,,,,,,,,,
Barnacle Betty,222233,UT,05:17:50 28-Feb-2023,,,B,-33.2682,166.2203,CRC (both failed),,,32,203,96,2,3,3,14,40,250,8,17,64,119,153,24,24,86,119,194,173,184,51,229,205,144,114,68,8,129,43,224,
Barnacle Betty,222233,UT,05:17:50 28-Feb-2023,,,B,-34.6259,165.0175,CRC (both failed),,,32,203,96,2,3,3,14,41,127,50,129,16,33,146,117,90,197,159,252,54,117,107,167,255,165,251,184,60,125,193,220,
Barnacle Betty,222233,UT,13:20:30 02-Mar-2023,,,B,-33.7388,166.7797,CRC 2.0,13:20:30 02-Mar-2023,Status,82,107,136,,,,,,,,,,,,,,,,,,,,,,,,,,,,,
Barnacle Betty,222233,UT,20:17:33 02-Mar-2023,,,B,-34.1892,166.4436,CRC 12.13,,,108,42,176,,,,,,,,,,,,,,,,,,,,,,,,,,,,,
Barnacle Betty,222233,UT,18:47:10 04-Mar-2023,,,A,-32.3936,172.7935,CRC 12.14,18:47:10 04-Mar-2023,Status,92,219,81,,,,,,,,,,,,,,,,,,,,,,,,,,,,,
Barnacle Betty,222233,UT,18:53:12 04-Mar-2023,,,3,-33.4087,167.1730,,,,103,131,255,,,,,,,,,,,,,,,,,,,,,,,,,,,,,
Barnacle Betty,222233,UT,04:27:15 05-Mar-2023,,,B,-33.3704,167.2859,CRC 226.175,19:27:19 24-Mar-2023,Status,92,83,192,98,115,134,233,130,28,77,180,239,147,81,135,48,54,247,92,203,68,3,151,,,,,,,,,
Barnacle Betty,222233,UT,06:03:13 05-Mar-2023,,,B,-33.3530,167.2532,CRC 4.6,06:03:13 05-Mar-2023,Status,68,205,130,,,,,,,,,,,,,,,,,,,,,,,,,,,,,
Barnacle Betty,222233,UT,06:51:12 05-Mar-2023,,,A,-33.1859,167.3195,CRC 11.1,06:51:12 05-Mar-2023,Status,27,143,26,,,,,,,,,,,,,,,,,,,,,,,,,,,,,
Barnacle Betty,222233,UT,06:55:07 05-Mar-2023,,,A,-33.1859,167.3195,CRC 15.4,06:55:07 05-Mar-2023,Status,15,118,97,,,,,,,,,,,,,,,,,,,,,,,,,,,,,
Barnacle Betty,222233,UT,09:26:31 05-Mar-2023,,,3,-33.1384,167.3392,CRC 62.6,09:36:08 05-Mar-2023,Status,71,208,165,253,104,32,234,146,50,166,66,19,90,164,91,12,1,226,28,206,17,127,200,,,,,,,,,
Barnacle Betty,222233,UT,09:32:02 05-Mar-2023,,,3,-33.1384,167.3392,CRC 7.8,09:32:02 05-Mar-2023,Status,71,69,19,,,,,,,,,,,,,,,,,,,,,,,,,,,,,
Barnacle Betty,222233,UT,10:08:39 05-Mar-2023,,,B,-33.1256,167.3745,CRC 11.8,10:08:39 05-Mar-2023,Status,59,143,12,,,,,,,,,,,,,,,,,,,,,,,,,,,,,
Barnacle Betty,222233,UT,09:32:46 08-Mar-2023,,,B,-31.8095,167.7257,CRC 06.a1,,,0,204,224,0,11,4,7,15,255,8,0,0,0,0,0,52,204,192,3,36,48,57,36,255,0,0,0,0,0,0,91,
Barnacle Betty,222233,UT,10:25:11 08-Mar-2023,,,1,-31.8375,167.5848,CRC 4.13,,,100,134,7,,,,,,,,,,,,,,,,,,,,,,,,,,,,,
Barnacle Betty,222233,UT,18:22:18 08-Mar-2023,,,1,-31.9533,167.4029,CRC 2.10,18:22:18 08-Mar-2023,Status,66,192,32,,,,,,,,,,,,,,,,,,,,,,,,,,,,,
Barnacle Betty,222233,UT,18:28:43 08-Mar-2023,,,1,-31.9533,167.4029,CRC 8.12,18:28:43 08-Mar-2023,Status,24,39,202,,,,,,,,,,,,,,,,,,,,,,,,,,,,,
Barnacle Betty,222233,UT,18:30:14 08-Mar-2023,,,1,-31.9533,167.4029,CRC 9.12,18:30:14 08-Mar-2023,Status,25,191,160,,,,,,,,,,,,,,,,,,,,,,,,,,,,,
Barnacle Betty,222233,UT,19:04:17 08-Mar-2023,,,B,-31.9556,167.3857,CRC 6.9,19:04:17 08-Mar-2023,Status,70,242,103,,,,,,,,,,,,,,,,,,,,,,,,,,,,,
Barnacle Betty,222233,UT,19:08:31 08-Mar-2023,,,B,-31.9554,167.3919,CRC 6.7,,,118,63,88,,,,,,,,,,,,,,,,,,,,,,,,,,,,,
Barnacle Betty,222233,UT,05:45:03 09-Mar-2023,,,A,-31.9205,167.3740,CRC 6.0,05:45:03 09-Mar-2023,Status,70,240,6,,,,,,,,,,,,,,,,,,,,,,,,,,,,,
Barnacle Betty,222233,UT,09:24:34 09-Mar-2023,,,2,-31.8399,167.4346,CRC 26.117,09:34:26 09-Mar-2023,Status,67,80,165,253,104,32,234,146,52,166,38,151,150,169,111,4,0,183,5,78,211,6,41,,,,,,,,,
Barnacle Betty,222233,UT,09:52:25 09-Mar-2023,,,2,-31.8298,167.4176,CRC 3.6,,,195,217,88,,,,,,,,,,,,,,,,,,,,,,,,,,,,,
Barnacle Betty,222233,UT,10:07:58 09-Mar-2023,,,B,-31.8274,167.4050,CRC 15.9,10:07:58 09-Mar-2023,Status,15,1,18,,,,,,,,,,,,,,,,,,,,,,,,,,,,,
Barnacle Betty,222233,UT,10:36:24 09-Mar-2023,,,0,-31.8274,167.3477,CRC 8.13,10:36:24 09-Mar-2023,Status,8,5,147,,,,,,,,,,,,,,,,,,,,,,,,,,,,,
Barnacle Betty,222233,UT,10:39:31 09-Mar-2023,,,0,-31.8274,167.3477,CRC 12.4,10:39:31 09-Mar-2023,Status,92,195,63,,,,,,,,,,,,,,,,,,,,,,,,,,,,,
Barnacle Betty,222233,UT,10:43:07 09-Mar-2023,,,0,-31.8274,167.3477,CRC 11.6,,,107,141,19,,,,,,,,,,,,,,,,,,,,,,,,,,,,,
Barnacle Betty,222233,UT,10:46:04 09-Mar-2023,,,0,-31.8274,167.3477,CRC 14.1,,,110,128,57,,,,,,,,,,,,,,,,,,,,,,,,,,,,,
Barnacle Betty,222233,UT,11:50:39 09-Mar-2023,,,0,-31.8051,167.3934,CRC 11.247,12:00:31 09-Mar-2023,Status,65,112,165,253,104,32,234,146,52,176,7,217,150,170,155,2,1,156,27,205,28,45,155,,,,,,,,,
Barnacle Betty,222233,UT,10:27:44 10-Mar-2023,,,2,-31.4226,167.6882,CRC 169.213,10:27:44 10-Mar-2023,Status,85,48,165,253,104,33,47,77,19,230,231,101,250,179,12,252,234,131,132,254,227,112,51,,,,,,,,,
Barnacle Betty,222233,UT,10:28:56 10-Mar-2023,,,2,-31.4226,167.6882,CRC 13.0,,,221,204,85,,,,,,,,,,,,,,,,,,,,,,,,,,,,,
Barnacle Betty,222233,UT,11:08:52 10-Mar-2023,,,2,-31.4138,167.7027,CRC 15.13,11:08:52 10-Mar-2023,Status,79,114,9,,,,,,,,,,,,,,,,,,,,,,,,,,,,,
Barnacle Betty,222233,UT,11:37:36 10-Mar-2023,,,1,-31.3982,167.7430,CRC 14.0,,,110,132,10,,,,,,,,,,,,,,,,,,,,,,,,,,,,,
Barnacle Betty,222233,UT,20:05:41 12-Mar-2023,,,B,-31.4919,167.7633,CRC 0.14,,,96,229,163,,,,,,,,,,,,,,,,,,,,,,,,,,,,,
Barnacle Betty,222233,UT,10:36:35 14-Mar-2023,,,0,-32.3386,167.7710,CRC 15.14,,,15,1,15,,,,,,,,,,,,,,,,,,,,,,,,,,,,,
Barnacle Betty,222233,UT,10:40:31 14-Mar-2023,,,B,-32.3373,167.7759,CRC 17.214,10:50:46 14-Mar-2023,Status,66,48,165,253,108,32,234,50,55,43,43,149,20,175,75,8,65,203,27,206,113,127,192,,,,,,,,,
Barnacle Betty,222233,UT,11:22:07 14-Mar-2023,,,B,-32.3791,167.7402,CRC 8.10,11:22:07 14-Mar-2023,Status,88,162,87,,,,,,,,,,,,,,,,,,,,,,,,,,,,,
Barnacle Betty,222233,UT,07:29:24 15-Mar-2023,,,1,-32.6773,167.8275,,,,110,2,137,,,,,,,,,,,,,,,,,,,,,,,,,,,,,
Barnacle Betty,222233,UT,07:30:52 15-Mar-2023,,,1,-32.6773,167.8275,CRC 30.219,07:41:05 15-Mar-2023,Status,67,208,165,253,104,32,234,146,55,158,145,90,22,176,119,10,1,203,28,205,245,58,177,,,,,,,,,
Barnacle Betty,222233,UT,09:42:29 15-Mar-2023,,,A,-32.7345,167.8231,CRC 210.222,09:42:29 15-Mar-2023,Status,90,80,165,247,223,155,210,75,239,124,193,123,161,139,226,32,13,26,207,179,156,210,112,,,,,,,,,
Barnacle Betty,222233,UT,06:58:21 16-Mar-2023,,,2,-32.8624,167.6491,CRC 0.15,06:58:21 16-Mar-2023,Status,80,166,201,,,,,,,,,,,,,,,,,,,,,,,,,,,,,
Barnacle Betty,222233,UT,07:00:02 16-Mar-2023,,,2,-32.8624,167.6491,CRC 35.168,04:35:24 17-Mar-2023,Status,68,112,165,253,104,32,234,146,120,146,54,52,240,56,56,33,168,176,68,221,65,71,235,,,,,,,,,
Barnacle Betty,222233,UT,18:46:17 17-Mar-2023,,,3,-32.8443,167.4230,CRC 78.116,18:56:40 17-Mar-2023,Status,73,208,165,253,104,32,234,146,56,203,138,25,150,181,39,42,1,126,26,204,225,127,192,,,,,,,,,
Barnacle Betty,222233,UT,05:28:08 19-Mar-2023,,,B,-32.6129,167.4765,CRC 9.14,05:28:08 19-Mar-2023,Status,25,143,31,,,,,,,,,,,,,,,,,,,,,,,,,,,,,
Barnacle Betty,222233,UT,08:32:12 19-Mar-2023,,,A,-32.6377,167.6166,CRC 8.12,08:32:12 19-Mar-2023,Status,40,171,108,,,,,,,,,,,,,,,,,,,,,,,,,,,,,
Barnacle Betty,222233,UT,08:35:11 19-Mar-2023,,,A,-32.6377,167.6166,CRC 11.12,08:35:11 19-Mar-2023,Status,27,144,161,,,,,,,,,,,,,,,,,,,,,,,,,,,,,
Barnacle Betty,222233,UT,10:11:16 19-Mar-2023,,,0,-32.6296,167.6048,CRC 11.12,10:11:16 19-Mar-2023,Status,75,221,101,,,,,,,,,,,,,,,,,,,,,,,,,,,,,
Barnacle Betty,222233,UT,10:40:37 19-Mar-2023,,,1,-32.6275,167.6732,CRC 15.12,10:40:37 19-Mar-2023,Status,63,143,80,,,,,,,,,,,,,,,,,,,,,,,,,,,,,
Barnacle Betty,222233,UT,10:39:55 19-Mar-2023,,,3,-32.6287,167.6652,CRC 15.12,10:39:55 19-Mar-2023,Status,15,1,17,,,,,,,,,,,,,,,,,,,,,,,,,,,,,
Barnacle Betty,222233,UT,19:16:50 19-Mar-2023,,,2,-32.5864,167.5513,CRC 11.3,19:16:50 19-Mar-2023,Status,75,248,15,,,,,,,,,,,,,,,,,,,,,,,,,,,,,
Barnacle Betty,222233,UT,19:20:16 19-Mar-2023,,,2,-32.5864,167.5513,CRC 224.117,19:20:16 19-Mar-2023,Status,92,16,177,228,2,87,61,90,195,105,121,2,130,123,158,92,91,218,82,194,132,136,127,,,,,,,,,
Barnacle Betty,222233,UT,19:46:53 19-Mar-2023,,,B,-32.5841,167.5585,CRC 13.15,19:46:53 19-Mar-2023,Status,45,104,59,,,,,,,,,,,,,,,,,,,,,,,,,,,,,
Barnacle Betty,222233,UT,20:11:05 19-Mar-2023,,,A,-32.5829,167.5643,CRC 2.9,,,146,136,253,,,,,,,,,,,,,,,,,,,,,,,,,,,,,
Barnacle Betty,222233,UT,22:43:11 19-Mar-2023,,,A,-32.5277,167.5811,CRC 1.13,22:43:11 19-Mar-2023,Status,81,177,95,,,,,,,,,,,,,,,,,,,,,,,,,,,,,
Barnacle Betty,222233,UT,06:37:00 20-Mar-2023,,,B,-32.4518,167.6935,CRC 160.189,07:47:31 20-Mar-2023,Status,84,16,165,253,104,32,234,146,58,30,247,197,181,48,8,185,223,226,101,222,182,206,170,,,,,,,,,
Barnacle Betty,222233,UT,08:13:22 20-Mar-2023,,,0,-32.4536,167.6470,CRC 11.0,,,107,144,38,,,,,,,,,,,,,,,,,,,,,,,,,,,,,
Barnacle Betty,222233,UT,08:13:41 20-Mar-2023,,,0,-32.4536,167.6470,CRC 15.3,08:13:41 20-Mar-2023,Status,15,1,84,,,,,,,,,,,,,,,,,,,,,,,,,,,,,
Barnacle Betty,222233,UT,09:49:45 20-Mar-2023,,,A,-32.4999,167.5382,CRC 8.5,09:49:45 20-Mar-2023,Status,8,255,87,,,,,,,,,,,,,,,,,,,,,,,,,,,,,
Barnacle Betty,222233,UT,22:44:26 20-Mar-2023,,,A,-32.6547,167.6676,CRC 3.0,,,99,39,61,,,,,,,,,,,,,,,,,,,,,,,,,,,,,
Barnacle Betty,222233,UT,06:53:20 21-Mar-2023,,,B,-32.7095,167.7189,CRC 0.5,06:53:20 21-Mar-2023,Status,64,248,93,,,,,,,,,,,,,,,,,,,,,,,,,,,,,
Barnacle Betty,222233,UT,08:26:30 21-Mar-2023,,,2,-32.5930,167.9345,CRC 15.2,08:26:30 21-Mar-2023,Status,63,15,24,,,,,,,,,,,,,,,,,,,,,,,,,,,,,
Barnacle Betty,222233,UT,08:35:16 21-Mar-2023,,,2,-32.5930,167.9345,,,,15,1,0,,,,,,,,,,,,,,,,,,,,,,,,,,,,,
Barnacle Betty,222233,UT,11:11:28 21-Mar-2023,,,3,-32.6269,167.8483,CRC 58.15,11:22:03 21-Mar-2023,Status,71,80,165,253,104,32,234,146,58,173,96,253,195,55,59,169,14,84,44,118,148,241,155,,,,,,,,,
Barnacle Betty,222233,UT,11:30:02 21-Mar-2023,,,3,-32.6388,167.8296,CRC 3.10,11:30:02 21-Mar-2023,Status,67,225,19,,,,,,,,,,,,,,,,,,,,,,,,,,,,,
Barnacle Betty,222233,UT,09:29:14 22-Mar-2023,,,B,-32.6548,167.3350,CRC 13.4,09:29:14 22-Mar-2023,Status,13,29,188,,,,,,,,,,,,,,,,,,,,,,,,,,,,,
Barnacle Betty,222233,UT,11:17:53 22-Mar-2023,,,1,-32.6124,167.5102,CRC 10.13,11:17:53 22-Mar-2023,Status,26,99,136,,,,,,,,,,,,,,,,,,,,,,,,,,,,,
Barnacle Betty,222233,UT,18:33:39 22-Mar-2023,,,1,-32.5054,167.6569,CRC 7.14,18:33:39 22-Mar-2023,Status,87,148,1,,,,,,,,,,,,,,,,,,,,,,,,,,,,,
Barnacle Betty,222233,UT,10:10:49 23-Mar-2023,,,B,-32.6035,168.0341,CRC 217.8,17:20:24 28-Mar-2023,Status,91,48,165,253,104,32,235,145,238,69,70,46,85,112,225,135,159,247,244,107,169,172,157,,,,,,,,,
Barnacle Betty,222233,UT,12:31:29 23-Mar-2023,,,B,-32.5453,167.7524,CRC 15.6,,,15,35,1,,,,,,,,,,,,,,,,,,,,,,,,,,,,,
Barnacle Betty,222233,UT,18:25:37 24-Mar-2023,,,B,-32.9075,167.6262,CRC 0.13,18:25:37 24-Mar-2023,Status,80,59,3,,,,,,,,,,,,,,,,,,,,,,,,,,,,,
Barnacle Betty,222233,UT,09:23:21 25-Mar-2023,,,1,-32.6553,167.5313,CRC 11.3,,,11,87,15,,,,,,,,,,,,,,,,,,,,,,,,,,,,,
Barnacle Betty,222233,UT,09:23:21 25-Mar-2023,,,2,-32.6524,167.5384,CRC 15.1,,,15,25,2,,,,,,,,,,,,,,,,,,,,,,,,,,,,,
Barnacle Betty,222233,UT,10:02:37 26-Mar-2023,,,1,-32.4096,167.6756,CRC 11.5,10:02:37 26-Mar-2023,Status,27,143,22,,,,,,,,,,,,,,,,,,,,,,,,,,,,,
Barnacle Betty,222233,UT,10:06:49 26-Mar-2023,,,1,-32.4096,167.6756,CRC 15.5,10:06:49 26-Mar-2023,Status,15,2,51,,,,,,,,,,,,,,,,,,,,,,,,,,,,,
Barnacle Betty,222233,UT,06:17:13 27-Mar-2023,,,0,-32.2585,168.1114,CRC 14.4,06:17:13 27-Mar-2023,Status,30,143,9,,,,,,,,,,,,,,,,,,,,,,,,,,,,,
Barnacle Betty,222233,UT,11:38:00 27-Mar-2023,,,0,-32.2696,168.3908,CRC 10.7,11:38:00 27-Mar-2023,Status,26,29,157,,,,,,,,,,,,,,,,,,,,,,,,,,,,,
Barnacle Betty,222233,UT,18:05:00 27-Mar-2023,,,1,-32.2002,168.5947,CRC 10.9,18:05:00 27-Mar-2023,Status,90,131,85,,,,,,,,,,,,,,,,,,,,,,,,,,,,,
Barnacle Betty,222233,UT,18:10:37 27-Mar-2023,,,3,-32.1904,168.6047,CRC 1.5,18:10:37 27-Mar-2023,Status,65,125,209,,,,,,,,,,,,,,,,,,,,,,,,,,,,,
Barnacle Betty,222233,UT,18:27:14 27-Mar-2023,,,1,-32.1937,168.6168,CRC 11.3,18:27:14 27-Mar-2023,Status,27,135,28,,,,,,,,,,,,,,,,,,,,,,,,,,,,,
Barnacle Betty,222233,UT,18:35:40 27-Mar-2023,,,1,-32.1937,168.6168,CRC 14.10,18:35:40 27-Mar-2023,Status,110,128,0,,,,,,,,,,,,,,,,,,,,,,,,,,,,,
Barnacle Betty,222233,UT,18:38:07 27-Mar-2023,,,1,-32.1937,168.6168,CRC 5.12,,,101,2,22,,,,,,,,,,,,,,,,,,,,,,,,,,,,,
Barnacle Betty,222233,UT,18:38:27 27-Mar-2023,,,1,-32.1937,168.6168,CRC 15.2,18:38:27 27-Mar-2023,Status,95,161,235,,,,,,,,,,,,,,,,,,,,,,,,,,,,,
Barnacle Betty,222233,UT,19:39:39 27-Mar-2023,,,A,-32.1640,168.6586,CRC 189.205,19:39:39 27-Mar-2023,Status,87,176,35,171,189,212,149,51,5,253,31,80,14,187,103,213,15,106,7,255,99,148,43,,,,,,,,,
Barnacle Betty,222233,UT,19:40:41 27-Mar-2023,,,A,-32.1640,168.6586,CRC 15.7,19:40:41 27-Mar-2023,Status,15,1,24,,,,,,,,,,,,,,,,,,,,,,,,,,,,,
Barnacle Betty,222233,UT,19:39:39 27-Mar-2023,,,1,-32.1610,168.6593,CRC 189.21,19:39:39 27-Mar-2023,Status,87,176,37,210,205,202,243,187,215,117,223,237,81,123,59,223,133,84,120,237,40,171,131,,,,,,,,,
Barnacle Betty,222233,UT,19:50:43 27-Mar-2023,,,1,-32.1610,168.6593,CRC 1.12,19:50:43 27-Mar-2023,Status,81,200,235,,,,,,,,,,,,,,,,,,,,,,,,,,,,,
Barnacle Betty,222233,UT,20:13:29 27-Mar-2023,,,B,-32.1573,168.6824,CRC 14.10,,,110,128,32,,,,,,,,,,,,,,,,,,,,,,,,,,,,,
Barnacle Betty,222233,UT,19:28:18 28-Mar-2023,,,B,-31.8437,169.1028,CRC 15.10,19:28:18 28-Mar-2023,Status,15,0,16,,,,,,,,,,,,,,,,,,,,,,,,,,,,,
Barnacle Betty,222233,UT,19:38:17 28-Mar-2023,,,B,-31.9415,169.2086,CRC 15.6,19:38:17 28-Mar-2023,Status,79,137,223,,,,,,,,,,,,,,,,,,,,,,,,,,,,,
Barnacle Betty,222233,UT,20:59:09 28-Mar-2023,,,B,-31.8903,169.1990,CRC 1.12,,,97,188,54,,,,,,,,,,,,,,,,,,,,,,,,,,,,,
Barnacle Betty,222233,UT,20:59:09 28-Mar-2023,,,B,-31.8361,169.3468,CRC 14.2,,,110,21,21,,,,,,,,,,,,,,,,,,,,,,,,,,,,,
Barnacle Betty,222233,UT,11:03:00 29-Mar-2023,,,A,-31.7126,169.5064,CRC 188.204,11:03:00 29-Mar-2023,Status,87,144,165,253,106,32,248,195,167,99,177,147,90,33,11,221,127,14,151,69,242,210,142,,,,,,,,,
Barnacle Betty,222233,UT,19:02:29 29-Mar-2023,,,1,-31.6535,169.7128,CRC 4.12,19:02:29 29-Mar-2023,Status,100,142,0,,,,,,,,,,,,,,,,,,,,,,,,,,,,,
Barnacle Betty,222233,UT,19:02:52 29-Mar-2023,,,1,-31.6535,169.7128,CRC 15.12,19:02:52 29-Mar-2023,Status,15,1,49,,,,,,,,,,,,,,,,,,,,,,,,,,,,,
Barnacle Betty,222233,UT,19:04:35 29-Mar-2023,,,1,-31.6535,169.7128,CRC 11.4,19:04:35 29-Mar-2023,Status,27,172,92,,,,,,,,,,,,,,,,,,,,,,,,,,,,,
Barnacle Betty,222233,UT,19:07:28 29-Mar-2023,,,1,-31.6535,169.7128,CRC 147.81,19:07:28 29-Mar-2023,Status,82,112,165,214,171,135,105,24,81,240,109,232,223,136,88,182,196,5,10,133,137,86,230,,,,,,,,,
Barnacle Betty,222233,UT,19:04:35 29-Mar-2023,,,2,-31.6525,169.7174,CRC 11.6,19:04:35 29-Mar-2023,Status,27,27,9,,,,,,,,,,,,,,,,,,,,,,,,,,,,,
Barnacle Betty,222233,UT,19:07:28 29-Mar-2023,,,2,-31.6525,169.7174,CRC 147.255,05:38:11 25-Mar-2023,Status,82,112,165,125,245,84,76,130,236,150,98,241,33,92,1,185,73,90,47,23,42,7,124,,,,,,,,,
Barnacle Betty,222233,UT,10:57:32 30-Mar-2023,,,B,-31.6640,169.7336,CRC 11.5,10:57:32 30-Mar-2023,Status,27,69,75,,,,,,,,,,,,,,,,,,,,,,,,,,,,,
Barnacle Betty,222233,UT,18:25:28 30-Mar-2023,,,1,-31.7103,170.0447,CRC 192.153,18:25:28 30-Mar-2023,Status,88,8,76,150,215,90,12,116,233,7,252,106,75,180,228,116,40,161,99,219,115,16,85,,,,,,,,,
Barnacle Betty,222233,UT,18:34:30 30-Mar-2023,,,1,-31.7103,170.0447,CRC 12.8,18:34:30 30-Mar-2023,Status,28,19,234,,,,,,,,,,,,,,,,,,,,,,,,,,,,,
Barnacle Betty,222233,UT,18:34:30 30-Mar-2023,,,1,-31.7219,170.0689,CRC 3.2,18:34:30 30-Mar-2023,Status,19,154,181,,,,,,,,,,,,,,,,,,,,,,,,,,,,,
Barnacle Betty,222233,UT,18:38:24 30-Mar-2023,,,1,-31.7219,170.0689,CRC 11.2,18:38:24 30-Mar-2023,Status,27,143,27,,,,,,,,,,,,,,,,,,,,,,,,,,,,,
Barnacle Betty,222233,UT,18:40:29 30-Mar-2023,,,1,-31.7219,170.0689,CRC 11.4,,,107,133,5,,,,,,,,,,,,,,,,,,,,,,,,,,,,,
Barnacle Betty,222233,UT,18:43:35 30-Mar-2023,,,B,-31.7356,170.0737,CRC 15.0,18:43:35 30-Mar-2023,Status,15,13,208,,,,,,,,,,,,,,,,,,,,,,,,,,,,,
Barnacle Betty,222233,UT,19:40:44 30-Mar-2023,,,B,-31.7209,170.1087,CRC 11.15,19:40:44 30-Mar-2023,Status,75,114,182,,,,,,,,,,,,,,,,,,,,,,,,,,,,,
Barnacle Betty,222233,UT,07:34:37 31-Mar-2023,,,B,-31.5190,170.6174,CRC 15.5,07:34:37 31-Mar-2023,Status,15,9,255,,,,,,,,,,,,,,,,,,,,,,,,,,,,,
Barnacle Betty,222233,UT,08:11:42 31-Mar-2023,,,2,-31.9000,170.3078,CRC 9.11,08:11:42 31-Mar-2023,Status,73,193,189,,,,,,,,,,,,,,,,,,,,,,,,,,,,,
Barnacle Betty,222233,UT,08:16:01 31-Mar-2023,,,2,-31.9000,170.3078,CRC 11.12,,,107,131,119,,,,,,,,,,,,,,,,,,,,,,,,,,,,,
Barnacle Betty,222233,UT,10:30:45 31-Mar-2023,,,0,-31.9132,170.3635,CRC 11.15,10:30:45 31-Mar-2023,Status,27,143,16,,,,,,,,,,,,,,,,,,,,,,,,,,,,,
Barnacle Betty,222233,UT,10:33:57 31-Mar-2023,,,0,-31.9132,170.3635,CRC 54.185,10:45:09 31-Mar-2023,Status,70,208,165,253,104,32,234,146,63,170,210,88,151,218,97,2,1,142,27,221,61,195,143,,,,,,,,,
Barnacle Betty,222233,UT,20:00:15 31-Mar-2023,,,B,-32.0301,170.5632,CRC 1.7,20:00:15 31-Mar-2023,Status,81,195,62,,,,,,,,,,,,,,,,,,,,,,,,,,,,,
Barnacle Betty,222233,UT,21:14:07 31-Mar-2023,,,B,-32.0374,170.5769,CRC 15.5,21:14:07 31-Mar-2023,Status,15,3,16,,,,,,,,,,,,,,,,,,,,,,,,,,,,,
Barnacle Betty,222233,UT,05:23:12 01-Apr-2023,,,B,-32.0903,170.7333,CRC (both failed),,,32,207,224,9,1,67,197,78,255,126,33,227,30,153,32,83,88,172,0,0,0,2,7,255,0,0,0,0,0,0,65,
Barnacle Betty,222233,UT,07:57:06 01-Apr-2023,,,B,-32.0647,170.6770,CRC (both failed),,,32,207,224,1,20,144,87,197,225,231,207,140,183,230,82,187,95,39,20,140,38,76,203,111,45,95,186,232,56,132,1,
Barnacle Betty,222233,UT,07:57:06 01-Apr-2023,,,B,-32.0877,170.7412,CRC (both failed),,,32,207,224,1,210,142,242,183,80,56,99,123,84,71,13,74,217,43,133,10,151,194,65,52,98,14,201,164,84,36,112,
Barnacle Betty,222233,UT,10:14:27 02-Apr-2023,,,B,-32.0772,171.2298,CRC 9.8,10:14:27 02-Apr-2023,Status,73,41,118,,,,,,,,,,,,,,,,,,,,,,,,,,,,,
Barnacle Betty,222233,UT,17:06:44 02-Apr-2023,,,B,-32.0405,171.6723,CRC 7.9,,,103,230,58,,,,,,,,,,,,,,,,,,,,,,,,,,,,,
Barnacle Betty,222233,UT,20:20:12 02-Apr-2023,,,B,-32.0260,171.3865,CRC 4.7,,,100,134,1,,,,,,,,,,,,,,,,,,,,,,,,,,,,,
Barnacle Betty,222233,UT,20:54:55 02-Apr-2023,,,0,-32.0027,171.3811,CRC 4.2,20:54:55 02-Apr-2023,Status,68,202,6,,,,,,,,,,,,,,,,,,,,,,,,,,,,,
Barnacle Betty,222233,UT,09:18:43 03-Apr-2023,,,B,-32.1786,171.4484,CRC (both failed),,,32,208,64,0,0,0,1,2,229,173,151,182,122,247,223,176,191,255,255,255,222,254,254,0,127,255,255,255,255,255,228,
Barnacle Betty,222233,UT,18:27:54 03-Apr-2023,,,1,-32.1788,171.6285,CRC 12.15,18:27:54 03-Apr-2023,Status,76,251,94,,,,,,,,,,,,,,,,,,,,,,,,,,,,,
Barnacle Betty,222233,UT,20:01:50 03-Apr-2023,,,B,-32.1888,171.6382,CRC 11.12,20:01:50 03-Apr-2023,Status,27,141,134,,,,,,,,,,,,,,,,,,,,,,,,,,,,,
Barnacle Betty,222233,UT,20:01:50 03-Apr-2023,,,3,-32.1893,171.6485,CRC 11.2,20:01:50 03-Apr-2023,Status,27,157,29,,,,,,,,,,,,,,,,,,,,,,,,,,,,,
Barnacle Betty,222233,UT,20:13:00 03-Apr-2023,,,3,-32.1893,171.6485,CRC 11.1,,,187,143,28,,,,,,,,,,,,,,,,,,,,,,,,,,,,,
Barnacle Betty,222233,UT,10:55:01 04-Apr-2023,,,B,-32.1147,171.6858,CRC 15.9,10:55:01 04-Apr-2023,Status,15,1,18,,,,,,,,,,,,,,,,,,,,,,,,,,,,,
Barnacle Betty,222233,UT,10:33:52 05-Apr-2023,,,1,-32.4109,172.4821,CRC 11.3,10:33:52 05-Apr-2023,Status,27,159,20,,,,,,,,,,,,,,,,,,,,,,,,,,,,,
Barnacle Betty,222233,UT,10:33:52 05-Apr-2023,,,2,-32.4140,172.4904,CRC 11.13,10:33:52 05-Apr-2023,Status,27,159,30,,,,,,,,,,,,,,,,,,,,,,,,,,,,,
Barnacle Betty,222233,UT,04:23:42 06-Apr-2023,,,B,-32.7775,172.6970,CRC 9.5,04:23:42 06-Apr-2023,Status,73,195,0,,,,,,,,,,,,,,,,,,,,,,,,,,,,,
Barnacle Betty,222233,UT,08:36:50 06-Apr-2023,,,2,-32.9627,172.8788,CRC 6.11,08:36:50 06-Apr-2023,Status,70,191,206,,,,,,,,,,,,,,,,,,,,,,,,,,,,,
Barnacle Betty,222233,UT,18:13:56 06-Apr-2023,,,1,-33.0944,173.1018,CRC 11.1,18:13:56 06-Apr-2023,Status,91,92,238,,,,,,,,,,,,,,,,,,,,,,,,,,,,,
Barnacle Betty,222233,UT,18:17:19 06-Apr-2023,,,1,-33.0944,173.1018,CRC 12.0,18:17:19 06-Apr-2023,Status,76,194,0,,,,,,,,,,,,,,,,,,,,,,,,,,,,,
Barnacle Betty,222233,UT,18:13:56 06-Apr-2023,,,2,-33.0904,173.1027,CRC 15.7,18:13:56 06-Apr-2023,Status,95,96,216,,,,,,,,,,,,,,,,,,,,,,,,,,,,,
Barnacle Betty,222233,UT,18:15:52 06-Apr-2023,,,2,-33.0904,173.1027,CRC 11.1,18:15:52 06-Apr-2023,Status,27,143,26,,,,,,,,,,,,,,,,,,,,,,,,,,,,,
Barnacle Betty,222233,UT,18:21:25 06-Apr-2023,,,2,-33.0904,173.1027,CRC 151.101,18:21:25 06-Apr-2023,Status,82,240,165,253,8,125,145,132,36,109,56,95,157,211,168,189,69,254,163,34,8,66,230,,,,,,,,,
Barnacle Betty,222233,UT,18:21:25 06-Apr-2023,,,B,-33.0907,173.1048,CRC 151.171,16:07:42 01-Apr-2023,Status,82,240,228,255,105,162,19,61,160,192,122,171,126,90,29,183,104,54,89,100,116,216,144,,,,,,,,,
Barnacle Betty,222233,UT,06:23:34 07-Apr-2023,,,B,-33.2496,173.3125,CRC 13.9,06:23:34 07-Apr-2023,Status,13,39,120,,,,,,,,,,,,,,,,,,,,,,,,,,,,,
Barnacle Betty,222233,UT,07:12:30 07-Apr-2023,,,B,-33.2784,173.2713,CRC 15.4,07:12:30 07-Apr-2023,Status,15,1,184,,,,,,,,,,,,,,,,,,,,,,,,,,,,,
Barnacle Betty,222233,UT,07:12:30 07-Apr-2023,,,B,-33.3061,173.2560,CRC 15.7,07:12:30 07-Apr-2023,Status,15,9,16,,,,,,,,,,,,,,,,,,,,,,,,,,,,,
Barnacle Betty,222233,UT,08:52:15 07-Apr-2023,,,1,-33.3379,173.2684,CRC 0.6,,,96,130,163,,,,,,,,,,,,,,,,,,,,,,,,,,,,,
Barnacle Betty,222233,UT,10:38:44 07-Apr-2023,,,A,-33.3633,173.3139,CRC 1.3,10:38:44 07-Apr-2023,Status,81,195,243,,,,,,,,,,,,,,,,,,,,,,,,,,,,,
Barnacle Betty,222233,UT,17:50:53 07-Apr-2023,,,A,-33.3342,173.4892,CRC 10.1,17:50:53 07-Apr-2023,Status,74,183,81,,,,,,,,,,,,,,,,,,,,,,,,,,,,,
Barnacle Betty,222233,UT,17:50:53 07-Apr-2023,,,B,-33.3345,173.4886,CRC 10.5,17:50:53 07-Apr-2023,Status,74,179,49,,,,,,,,,,,,,,,,,,,,,,,,,,,,,
Barnacle Betty,222233,UT,18:57:50 08-Apr-2023,,,1,-33.6228,174.4005,CRC 109.251,19:09:32 08-Apr-2023,Status,77,176,165,253,104,32,234,146,52,76,152,27,88,213,113,11,1,183,28,203,209,127,192,,,,,,,,,
Barnacle Betty,222233,UT,06:09:46 09-Apr-2023,,,B,-33.7184,174.8510,CRC 9.4,06:09:46 09-Apr-2023,Status,89,72,64,,,,,,,,,,,,,,,,,,,,,,,,,,,,,
Barnacle Betty,222233,UT,06:14:38 09-Apr-2023,,,B,-33.7184,174.8510,CRC 9.7,06:14:38 09-Apr-2023,Status,25,143,24,,,,,,,,,,,,,,,,,,,,,,,,,,,,,
Barnacle Betty,222233,UT,10:32:09 09-Apr-2023,,,3,-33.7794,175.0841,CRC 4.14,10:32:09 09-Apr-2023,Status,68,169,54,,,,,,,,,,,,,,,,,,,,,,,,,,,,,
Barnacle Betty,222233,UT,10:38:57 09-Apr-2023,,,3,-33.7794,175.0841,CRC 141.39,10:38:57 09-Apr-2023,Status,81,176,165,253,109,5,98,246,120,96,149,198,224,201,170,83,4,60,245,198,54,13,36,,,,,,,,,
Barnacle Betty,222233,UT,11:39:01 09-Apr-2023,,,B,-33.7770,175.2026,CRC 15.11,,,15,1,12,,,,,,,,,,,,,,,,,,,,,,,,,,,,,
Barnacle Betty,222233,UT,19:09:32 09-Apr-2023,,,B,-33.8566,175.4454,CRC 15.9,19:09:32 09-Apr-2023,Status,15,1,18,,,,,,,,,,,,,,,,,,,,,,,,,,,,,
Barnacle Betty,222233,UT,12:02:56 10-Apr-2023,,,2,-33.9816,175.9388,CRC 17.143,12:02:56 10-Apr-2023,Status,66,48,165,253,104,114,16,53,33,235,90,16,89,41,152,167,137,110,46,49,163,167,149,,,,,,,,,
Barnacle Betty,222233,UT,12:07:39 10-Apr-2023,,,2,-33.9816,175.9388,CRC 0.8,12:07:39 10-Apr-2023,Status,96,138,0,,,,,,,,,,,,,,,,,,,,,,,,,,,,,
Barnacle Betty,222233,UT,18:31:02 10-Apr-2023,,,2,-34.0214,176.1155,CRC 5.1,18:31:02 10-Apr-2023,Status,85,228,212,,,,,,,,,,,,,,,,,,,,,,,,,,,,,
Barnacle Betty,222233,UT,18:32:57 10-Apr-2023,,,2,-34.0214,176.1155,CRC 175.142,18:44:46 10-Apr-2023,Status,85,240,165,253,104,32,234,146,53,74,203,152,216,217,223,8,1,195,28,12,65,81,63,,,,,,,,,
Barnacle Betty,222233,UT,05:03:35 11-Apr-2023,,,3,-34.1750,176.3044,CRC (both failed),,,32,209,64,0,0,0,5,59,55,206,234,29,28,67,251,160,143,31,135,134,119,111,4,116,19,182,211,22,13,81,225,
Barnacle Betty,222233,UT,05:10:01 11-Apr-2023,,,3,-34.1750,176.3044,CRC 12.8,,,124,59,224,,,,,,,,,,,,,,,,,,,,,,,,,,,,,
Barnacle Betty,222233,UT,05:03:35 11-Apr-2023,,,3,-34.1738,176.3036,CRC (both failed),,,32,209,64,0,0,1,116,12,135,111,50,134,197,64,238,13,159,115,64,76,237,62,39,28,181,246,28,131,69,0,100,
Barnacle Betty,222233,UT,05:10:01 11-Apr-2023,,,3,-34.1738,176.3036,CRC 13.2,,,109,173,142,,,,,,,,,,,,,,,,,,,,,,,,,,,,,
Barnacle Betty,222233,UT,17:31:00 14-Apr-2023,,,B,-35.0287,176.9033,CRC 230.100,17:14:06 14-Apr-2023,Status,92,208,165,253,104,32,234,146,55,68,225,188,221,33,11,115,186,197,75,25,144,246,58,,,,,,,,,
Barnacle Betty,222233,UT,19:12:00 14-Apr-2023,,,B,-35.2930,176.9135,CRC 0.110,19:24:12 14-Apr-2023,Status,64,16,165,253,104,32,234,146,55,77,131,24,24,220,255,12,99,104,23,16,223,231,175,,,,,,,,,
Barnacle Betty,222233,UT,04:36:06 15-Apr-2023,,,B,-35.5496,176.8725,CRC 10.5,,,106,224,100,,,,,,,,,,,,,,,,,,,,,,,,,,,,,
Barnacle Betty,222233,UT,07:09:31 15-Apr-2023,,,2,-35.5887,176.9192,CRC 15.5,07:09:31 15-Apr-2023,Status,15,3,16,,,,,,,,,,,,,,,,,,,,,,,,,,,,,
Barnacle Betty,222233,UT,12:43:03 15-Apr-2023,,,B,-35.7019,176.9805,CRC 14.15,12:43:03 15-Apr-2023,Status,78,178,4,,,,,,,,,,,,,,,,,,,,,,,,,,,,,
Barnacle Betty,222233,UT,18:21:54 15-Apr-2023,,,2,-35.7683,176.8328,CRC 11.4,18:21:54 15-Apr-2023,Status,27,137,146,,,,,,,,,,,,,,,,,,,,,,,,,,,,,
Barnacle Betty,222233,UT,18:36:31 15-Apr-2023,,,1,-35.7752,176.8304,CRC 11.15,18:36:31 15-Apr-2023,Status,27,140,180,,,,,,,,,,,,,,,,,,,,,,,,,,,,,
Barnacle Betty,222233,UT,18:36:31 15-Apr-2023,,,B,-35.7771,176.8240,CRC 11.8,18:36:31 15-Apr-2023,Status,27,143,29,,,,,,,,,,,,,,,,,,,,,,,,,,,,,
Barnacle Betty,222233,UT,20:06:01 15-Apr-2023,,,A,-35.7989,176.8036,CRC 13.9,,,109,1,96,,,,,,,,,,,,,,,,,,,,,,,,,,,,,
Barnacle Betty,222233,UT,22:23:24 15-Apr-2023,,,B,-35.8681,176.8133,CRC 14.2,,,110,132,4,,,,,,,,,,,,,,,,,,,,,,,,,,,,,
Barnacle Betty,222233,UT,05:47:27 16-Apr-2023,,,A,-36.0214,176.7403,CRC 15.13,05:47:27 16-Apr-2023,Status,95,246,134,,,,,,,,,,,,,,,,,,,,,,,,,,,,,
Barnacle Betty,222233,UT,18:05:02 16-Apr-2023,,,A,-36.2508,176.7260,CRC 62.45,13:40:19 14-Apr-2023,Status,71,210,7,4,30,116,145,231,247,54,132,203,181,11,60,166,12,201,252,188,174,83,195,,,,,,,,,
Barnacle Betty,222233,UT,19:06:44 17-Apr-2023,,,B,-36.8399,176.6202,CRC 11.1,19:06:44 17-Apr-2023,Status,27,141,157,,,,,,,,,,,,,,,,,,,,,,,,,,,,,
Barnacle Betty,222233,UT,20:15:49 17-Apr-2023,,,B,-36.8088,176.6360,,,,108,127,64,,,,,,,,,,,,,,,,,,,,,,,,,,,,,
Barnacle Betty,222233,UT,21:02:24 17-Apr-2023,,,B,-36.8325,176.6213,CRC 3.1,21:02:24 17-Apr-2023,Status,83,7,178,,,,,,,,,,,,,,,,,,,,,,,,,,,,,
Barnacle Betty,222233,UT,17:02:57 18-Apr-2023,,,B,-37.3211,177.0138,CRC 10.9,17:02:57 18-Apr-2023,Status,74,35,230,,,,,,,,,,,,,,,,,,,,,,,,,,,,,
Barnacle Betty,222233,UT,18:36:29 18-Apr-2023,,,1,-37.2958,176.9530,CRC 3.4,18:36:29 18-Apr-2023,Status,83,84,4,,,,,,,,,,,,,,,,,,,,,,,,,,,,,
Barnacle Betty,222233,UT,18:43:08 18-Apr-2023,,,3,-37.2980,176.9297,CRC 11.1,18:43:08 18-Apr-2023,Status,27,191,26,,,,,,,,,,,,,,,,,,,,,,,,,,,,,
Barnacle Betty,222233,UT,18:52:29 18-Apr-2023,,,3,-37.2980,176.9297,CRC 2.13,,,98,130,11,,,,,,,,,,,,,,,,,,,,,,,,,,,,,
Barnacle Betty,222233,UT,20:28:05 18-Apr-2023,,,A,-37.3295,176.9223,CRC 8.11,20:28:05 18-Apr-2023,Status,88,59,113,,,,,,,,,,,,,,,,,,,,,,,,,,,,,
Barnacle Betty,222233,UT,04:22:13 19-Apr-2023,,,B,-37.3348,176.8954,CRC (both failed),,,34,59,37,27,15,172,22,30,220,77,1,183,249,127,82,251,229,51,199,84,95,44,3,239,18,203,68,11,80,14,185,
Barnacle Betty,222233,UT,05:50:48 19-Apr-2023,,,B,-37.4641,176.9261,CRC (both failed),,,32,210,96,8,130,214,56,238,21,245,112,11,241,128,116,80,172,48,16,254,9,35,242,128,215,119,82,155,98,144,162,
Barnacle Betty,222233,UT,05:50:48 19-Apr-2023,,,A,-37.4865,176.9055,CRC (both failed),,,35,194,222,24,160,25,34,216,0,35,78,126,33,2,9,188,93,136,175,112,238,195,29,111,136,242,205,39,188,135,122,
Barnacle Betty,222233,UT,10:36:07 21-Apr-2023,,,B,-37.6531,177.2847,CRC (both failed),,,32,68,136,35,95,96,13,255,0,32,64,0,0,0,0,114,210,96,0,5,16,10,255,0,0,16,116,1,101,14,57,
Barnacle Betty,222233,UT,11:29:03 21-Apr-2023,,,2,-37.6531,177.3156,CRC 11.3,,,107,133,8,,,,,,,,,,,,,,,,,,,,,,,,,,,,,
Barnacle Betty,222233,UT,11:31:17 21-Apr-2023,,,2,-37.6531,177.3156,CRC 34.221,11:43:45 21-Apr-2023,Status,68,80,165,253,104,32,234,146,58,174,187,87,158,228,5,51,84,43,154,94,165,95,153,,,,,,,,,
Barnacle Betty,222233,UT,19:44:27 23-Apr-2023,,,A,-37.4202,178.1909,CRC 4.7,19:44:27 23-Apr-2023,Status,84,167,115,,,,,,,,,,,,,,,,,,,,,,,,,,,,,
Barnacle Betty,222233,UT,20:48:02 23-Apr-2023,,,3,-37.4079,178.2277,CRC 0.3,,,96,130,1,,,,,,,,,,,,,,,,,,,,,,,,,,,,,
Barnacle Betty,222233,UT,08:11:25 24-Apr-2023,,,1,-37.4253,178.5240,CRC 156.191,21:47:59 01-Apr-2023,Status,83,144,165,253,104,32,234,82,208,214,254,217,89,149,233,248,123,192,240,145,198,130,186,,,,,,,,,
Barnacle Betty,222233,UT,08:15:33 24-Apr-2023,,,1,-37.4253,178.5240,CRC 2.10,08:15:33 24-Apr-2023,Status,66,171,12,,,,,,,,,,,,,,,,,,,,,,,,,,,,,
Barnacle Betty,222233,UT,08:15:33 24-Apr-2023,,,1,-37.4291,178.5341,CRC 0.6,,,96,127,22,,,,,,,,,,,,,,,,,,,,,,,,,,,,,
Barnacle Betty,222233,UT,09:51:08 25-Apr-2023,,,A,-37.6138,178.5527,CRC 15.213,09:51:08 25-Apr-2023,Status,65,251,37,119,8,187,174,159,132,140,88,40,146,100,64,102,18,73,251,74,156,170,179,,,,,,,,,
Barnacle Betty,222233,UT,11:04:48 25-Apr-2023,,,1,-37.6087,178.5595,CRC (both failed),,,32,241,65,114,35,95,228,125,182,15,183,77,198,198,249,233,53,115,250,35,81,177,224,251,227,233,83,151,144,143,255,
Barnacle Betty,222233,UT,19:30:10 26-Apr-2023,,,B,-37.5716,179.0198,CRC 0.3,19:30:10 26-Apr-2023,Status,64,161,5,,,,,,,,,,,,,,,,,,,,,,,,,,,,,
Barnacle Betty,222233,UT,07:45:05 27-Apr-2023,,,B,-37.7402,179.5876,CRC (both failed),,,32,211,64,0,0,5,0,208,23,215,61,202,78,217,231,230,3,191,212,36,115,77,9,213,133,145,129,98,255,129,55,
Barnacle Betty,222233,UT,19:13:50 27-Apr-2023,,,B,-37.7121,179.4176,CRC (both failed),,,32,209,116,193,51,239,222,201,197,89,253,234,51,202,142,242,212,11,45,176,255,250,137,79,252,23,172,213,234,250,122,
Barnacle Betty,222233,UT,19:42:01 28-Apr-2023,,,B,-37.6035,179.3493,CRC 14.15,19:42:01 28-Apr-2023,Status,14,1,48,,,,,,,,,,,,,,,,,,,,,,,,,,,,,
Barnacle Betty,222233,UT,08:56:32 29-Apr-2023,,,B,-37.8245,-179.6250,CRC (both failed),00:00:00 27-Apr-2023,TAT,32,130,128,2,18,38,178,53,5,0,43,0,154,255,255,71,211,96,0,0,0,255,101,0,0,0,0,0,0,0,209,
Barnacle Betty,222233,UT,09:23:59 29-Apr-2023,,,B,-37.6658,179.4925,CRC 7.10,09:23:59 29-Apr-2023,Status,23,164,239,,,,,,,,,,,,,,,,,,,,,,,,,,,,,
Barnacle Betty,222233,UT,06:51:33 01-May-2023,,,B,-38.3907,179.2674,CRC (both failed),,,32,211,192,0,0,0,255,5,0,0,0,0,0,0,0,72,211,160,1,11,34,46,6,17,121,37,180,171,141,130,25,
Barnacle Betty,222233,UT,09:05:22 01-May-2023,,,B,-38.1378,179.0430,CRC 14.2,,,110,132,4,,,,,,,,,,,,,,,,,,,,,,,,,,,,,
Barnacle Betty,222233,UT,21:51:01 04-May-2023,,,B,-38.4597,178.6966,CRC 13.3,21:51:01 04-May-2023,Status,13,0,214,,,,,,,,,,,,,,,,,,,,,,,,,,,,,
Barnacle Betty,222233,UT,21:51:01 04-May-2023,,,B,-38.4598,178.6970,CRC 15.6,21:51:01 04-May-2023,Status,15,5,170,,,,,,,,,,,,,,,,,,,,,,,,,,,,,
Barnacle Betty,222233,UT,17:18:39 09-May-2023,,,B,-38.1059,178.7458,CRC 95.236,19:57:37 25-May-2023,Status,75,244,164,24,161,124,252,210,44,207,153,112,49,19,214,25,162,172,177,14,76,109,98,,,,,,,,,
Barnacle Betty,222233,UT,05:10:55 11-May-2023,,,1,-37.7809,179.4980,CRC 0.12,,,224,168,220,,,,,,,,,,,,,,,,,,,,,,,,,,,,,
Barnacle Betty,222233,UT,18:32:37 12-May-2023,,,A,-36.9205,179.3007,CRC 204.244,18:46:21 12-May-2023,Status,89,144,165,253,104,32,238,146,54,74,229,91,86,236,9,6,1,107,28,200,113,127,192,,,,,,,,,
Barnacle Betty,222233,UT,11:17:06 19-May-2023,,,B,-34.9639,177.4450,CRC 15.11,11:17:06 19-May-2023,Status,15,5,16,,,,,,,,,,,,,,,,,,,,,,,,,,,,,
Barnacle Betty,222233,UT,12:28:56 19-May-2023,,,B,-34.6652,177.1526,CRC 7.6,12:28:56 19-May-2023,Status,39,138,200,,,,,,,,,,,,,,,,,,,,,,,,,,,,,
Barnacle Betty,222233,UT,21:58:55 20-May-2023,,,B,-33.6817,176.5109,CRC 1.2,21:58:55 20-May-2023,Status,81,245,103,,,,,,,,,,,,,,,,,,,,,,,,,,,,,
Barnacle Betty,222233,UT,07:52:35 22-May-2023,,,B,-32.9619,176.8094,,,,101,131,16,,,,,,,,,,,,,,,,,,,,,,,,,,,,,
Barnacle Betty,222233,UT,11:53:25 22-May-2023,,,B,-33.0098,176.6122,CRC 11.1,11:53:25 22-May-2023,Status,27,143,203,,,,,,,,,,,,,,,,,,,,,,,,,,,,,
Barnacle Betty,222233,UT,19:11:19 22-May-2023,,,A,-32.8617,176.6309,CRC 3.6,19:11:19 22-May-2023,Status,83,55,110,,,,,,,,,,,,,,,,,,,,,,,,,,,,,
Barnacle Betty,222233,UT,19:11:19 22-May-2023,,,3,-32.8491,176.6456,CRC 3.11,19:11:19 22-May-2023,Status,83,126,238,,,,,,,,,,,,,,,,,,,,,,,,,,,,,
Barnacle Betty,222233,UT,19:11:19 22-May-2023,,,1,-32.8511,176.6457,CRC 7.2,19:11:19 22-May-2023,Status,87,118,177,,,,,,,,,,,,,,,,,,,,,,,,,,,,,
Barnacle Betty,222233,UT,19:21:16 22-May-2023,,,1,-32.8511,176.6457,CRC 15.7,19:21:16 22-May-2023,Status,15,0,107,,,,,,,,,,,,,,,,,,,,,,,,,,,,,
Barnacle Betty,222233,UT,20:31:59 22-May-2023,,,B,-32.8214,176.6299,CRC 2.5,20:31:59 22-May-2023,Status,66,169,31,,,,,,,,,,,,,,,,,,,,,,,,,,,,,
Barnacle Betty,222233,UT,10:54:06 23-May-2023,,,B,-32.4689,176.4949,CRC 89.240,10:54:06 23-May-2023,Status,75,48,165,253,104,32,234,146,63,236,27,29,112,65,248,135,255,43,26,193,244,67,135,,,,,,,,,
Barnacle Betty,222233,UT,22:23:22 24-May-2023,,,B,-31.5476,175.8417,,,,110,132,129,,,,,,,,,,,,,,,,,,,,,,,,,,,,,
Barnacle Betty,222233,UT,08:28:30 25-May-2023,,,A,-31.2889,175.7414,CRC 13.7,08:28:30 25-May-2023,Status,13,10,228,,,,,,,,,,,,,,,,,,,,,,,,,,,,,
Barnacle Betty,222233,UT,21:46:41 26-May-2023,,,,,,CRC 10.7,21:46:41 26-May-2023,Status,90,142,24,,,,,,,,,,,,,,,,,,,,,,,,,,,,,
Barnacle Betty,222233,UT,05:57:51 27-May-2023,,,A,-30.5110,175.4320,CRC 11.14,05:57:51 27-May-2023,Status,27,142,28,,,,,,,,,,,,,,,,,,,,,,,,,,,,,
Barnacle Betty,222233,UT,19:45:11 27-May-2023,,,B,-30.3726,175.2324,CRC 7.11,19:45:11 27-May-2023,Status,71,197,64,,,,,,,,,,,,,,,,,,,,,,,,,,,,,
Barnacle Betty,222233,UT,19:25:39 29-May-2023,,,,,,CRC 15.12,19:25:39 29-May-2023,Status,15,1,144,,,,,,,,,,,,,,,,,,,,,,,,,,,,,
Barnacle Betty,222233,UT,18:47:39 31-May-2023,,,,,,CRC (both failed),,,32,215,192,0,0,10,16,45,11,43,0,8,18,73,50,143,223,79,131,21,222,214,112,69,140,35,110,159,155,59,199,
Barnacle Betty,222233,UT,19:32:14 01-Jun-2023,,,,,,CRC 15.2,19:32:14 01-Jun-2023,Status,31,142,24,,,,,,,,,,,,,,,,,,,,,,,,,,,,,
Barnacle Betty,222233,UT,06:43:04 02-Jun-2023,,,,,,CRC (both failed),,,33,216,32,0,0,0,1,1,255,0,0,0,0,0,0,243,215,224,0,0,0,0,255,23,0,0,0,0,0,0,68,
Barnacle Betty,222233,UT,09:36:32 03-Jun-2023,,,B,-27.7767,172.6463,CRC 2.6,09:36:32 03-Jun-2023,Status,66,228,8,,,,,,,,,,,,,,,,,,,,,,,,,,,,,
Barnacle Betty,222233,UT,19:59:02 04-Jun-2023,,,,,,CRC 14.4,,,110,175,11,,,,,,,,,,,,,,,,,,,,,,,,,,,,,
Barnacle Betty,222233,UT,10:02:43 05-Jun-2023,,,B,-27.6626,172.0252,CRC 244.204,10:17:48 05-Jun-2023,Status,94,144,165,253,104,32,234,146,50,169,28,48,114,64,181,56,68,116,139,198,8,106,21,,,,,,,,,
Barnacle Betty,222233,UT,08:20:55 06-Jun-2023,,,0,-27.3037,171.7005,CRC (both failed),,,32,216,160,0,0,0,0,1,255,0,0,0,0,0,9,11,26,197,134,127,83,170,21,156,115,80,133,221,102,71,68,
Barnacle Betty,222233,UT,08:24:56 06-Jun-2023,,,0,-27.3037,171.7005,CRC 246.187,08:40:08 06-Jun-2023,Status,94,208,165,253,104,32,234,146,51,34,130,24,214,245,155,2,3,129,28,204,88,217,217,,,,,,,,,
Barnacle Betty,222233,UT,12:15:22 06-Jun-2023,,,A,-27.3017,171.4947,CRC 204.113,12:15:22 06-Jun-2023,Status,89,144,167,255,233,155,123,28,168,231,197,35,82,249,121,212,149,119,225,7,4,100,87,,,,,,,,,
Barnacle Betty,222233,UT,21:14:01 06-Jun-2023,,,B,-27.1250,171.3289,CRC 9.14,21:14:01 06-Jun-2023,Status,57,84,48,,,,,,,,,,,,,,,,,,,,,,,,,,,,,
Barnacle Betty,222233,UT,23:17:37 07-Jun-2023,,,B,-26.9780,170.9516,CRC 15.9,23:17:37 07-Jun-2023,Status,15,1,18,,,,,,,,,,,,,,,,,,,,,,,,,,,,,
Barnacle Betty,222233,UT,04:47:43 08-Jun-2023,,,B,-26.9842,170.9487,CRC 3.6,04:47:43 08-Jun-2023,Status,67,231,45,,,,,,,,,,,,,,,,,,,,,,,,,,,,,
Barnacle Betty,222233,UT,18:54:23 08-Jun-2023,,,B,-26.7685,170.5220,CRC 13.15,18:54:23 08-Jun-2023,Status,13,1,145,,,,,,,,,,,,,,,,,,,,,,,,,,,,,
Barnacle Betty,222233,UT,09:17:38 13-Jun-2023,,,B,-25.4836,169.0788,CRC 3.6,09:17:38 13-Jun-2023,Status,99,125,0,,,,,,,,,,,,,,,,,,,,,,,,,,,,,
Barnacle Betty,222233,UT,19:48:22 17-Jun-2023,,,1,-25.3650,166.9342,CRC 92.197,13:47:34 25-Jun-2023,Status,75,145,165,125,106,40,232,110,44,182,248,139,45,27,214,124,32,17,73,38,97,170,124,,,,,,,,,
Barnacle Betty,222233,UT,22:28:56 17-Jun-2023,,,B,-25.4042,166.9189,CRC 1.25,22:44:51 17-Jun-2023,Status,64,48,165,253,104,32,234,146,56,218,204,219,214,251,18,5,7,184,47,245,227,43,193,,,,,,,,,
Barnacle Betty,222233,UT,07:19:27 19-Jun-2023,,,B,-25.2443,165.9249,CRC 64.71,08:01:03 30-Jun-2023,Status,72,16,165,252,233,32,60,133,31,32,16,244,167,219,47,209,23,223,207,5,102,82,32,,,,,,,,,
Barnacle Betty,222233,UT,07:59:09 21-Jun-2023,,,,,,CRC (both failed),00:00:00 18-Jun-2023,TAT,32,218,96,0,0,0,0,2,3,255,0,0,0,8,0,4,218,64,0,1,1,1,2,61,255,0,0,0,0,0,160,
Barnacle Betty,222233,UT,07:27:57 22-Jun-2023,,,A,-24.3958,165.2652,CRC (both failed),,,32,218,160,0,0,0,0,0,143,255,0,209,73,238,67,67,67,179,194,224,240,166,178,252,237,101,143,212,192,197,182,
Barnacle Betty,222233,UT,07:27:57 22-Jun-2023,,,A,-24.3928,165.2171,CRC (both failed),,,32,218,160,0,0,0,0,0,143,255,68,69,153,149,238,83,52,166,248,114,116,36,40,64,197,70,75,20,1,34,50,
Barnacle Betty,222233,UT,09:34:00 22-Jun-2023,,,B,-24.3577,165.2942,CRC 8.7,09:34:00 22-Jun-2023,Status,88,45,15,,,,,,,,,,,,,,,,,,,,,,,,,,,,,
Barnacle Betty,222233,UT,19:11:31 22-Jun-2023,,,A,-24.2878,165.2423,CRC 11.2,,,203,233,4,,,,,,,,,,,,,,,,,,,,,,,,,,,,,
Barnacle Betty,222233,UT,21:58:43 22-Jun-2023,,,B,-24.2848,165.0978,CRC 0.5,,,96,164,57,,,,,,,,,,,,,,,,,,,,,,,,,,,,,
Barnacle Betty,222233,UT,00:28:42 27-Jun-2023,,,B,-23.1807,164.1557,CRC 6.5,00:28:42 27-Jun-2023,Status,70,38,108,,,,,,,,,,,,,,,,,,,,,,,,,,,,,
Barnacle Betty,222233,UT,06:32:20 27-Jun-2023,,,B,-22.9476,164.2180,CRC 5.6,06:32:20 27-Jun-2023,Status,69,249,47,,,,,,,,,,,,,,,,,,,,,,,,,,,,,
Barnacle Betty,222233,UT,10:47:58 27-Jun-2023,,,B,-22.7206,164.2443,,,,14,3,136,,,,,,,,,,,,,,,,,,,,,,,,,,,,,
Barnacle Betty,222233,UT,10:22:35 28-Jun-2023,,,B,-22.6383,163.8682,CRC (both failed),,,33,219,96,4,4,36,0,0,10,191,0,0,2,0,0,226,219,64,0,0,0,0,0,255,5,0,0,0,0,0,57,
Barnacle Betty,222233,UT,10:29:23 29-Jun-2023,,,1,-22.1821,163.2944,CRC 12.7,10:29:23 29-Jun-2023,Status,76,159,138,,,,,,,,,,,,,,,,,,,,,,,,,,,,,
Barnacle Betty,222233,UT,10:31:52 29-Jun-2023,,,1,-22.1821,163.2944,CRC 0.14,10:31:52 29-Jun-2023,Status,80,60,154,,,,,,,,,,,,,,,,,,,,,,,,,,,,,
Barnacle Betty,222233,UT,21:29:29 29-Jun-2023,,,B,-22.0398,163.1940,CRC 13.14,21:29:29 29-Jun-2023,Status,77,247,5,,,,,,,,,,,,,,,,,,,,,,,,,,,,,
Barnacle Betty,222233,UT,09:59:38 30-Jun-2023,,,1,-21.9408,162.9928,CRC 11.5,09:59:38 30-Jun-2023,Status,27,133,24,,,,,,,,,,,,,,,,,,,,,,,,,,,,,
Barnacle Betty,222233,UT,19:23:38 30-Jun-2023,,,1,-21.8853,162.8424,CRC 0.4,19:23:38 30-Jun-2023,Status,64,47,40,,,,,,,,,,,,,,,,,,,,,,,,,,,,,
Barnacle Betty,222233,UT,19:45:40 30-Jun-2023,,,B,-21.8129,162.8652,CRC 10.9,19:45:40 30-Jun-2023,Status,74,2,4,,,,,,,,,,,,,,,,,,,,,,,,,,,,,
Barnacle Betty,222233,UT,22:03:33 30-Jun-2023,,,B,-21.8809,162.8458,CRC 15.5,22:03:33 30-Jun-2023,Status,15,3,16,,,,,,,,,,,,,,,,,,,,,,,,,,,,,
Barnacle Betty,222233,UT,21:44:11 01-Jul-2023,,,B,-21.6464,162.4441,CRC 15.12,21:44:11 01-Jul-2023,Status,79,253,5,,,,,,,,,,,,,,,,,,,,,,,,,,,,,
Barnacle Betty,222233,UT,21:44:11 01-Jul-2023,,,B,-21.6479,162.4442,CRC 11.15,21:44:11 01-Jul-2023,Status,75,253,4,,,,,,,,,,,,,,,,,,,,,,,,,,,,,
Barnacle Betty,222233,UT,12:02:32 02-Jul-2023,,,0,-21.4386,162.3792,CRC 14.8,12:02:32 02-Jul-2023,Status,94,170,192,,,,,,,,,,,,,,,,,,,,,,,,,,,,,
Barnacle Betty,222233,UT,06:37:01 03-Jul-2023,,,2,-21.2563,162.1078,CRC 181.34,06:53:51 03-Jul-2023,Status,86,176,165,253,104,32,234,146,49,155,92,213,123,49,178,166,192,176,161,129,204,85,244,,,,,,,,,
Barnacle Betty,222233,UT,06:41:33 03-Jul-2023,,,2,-21.2563,162.1078,CRC 0.6,,,96,131,1,,,,,,,,,,,,,,,,,,,,,,,,,,,,,
Barnacle Betty,222233,UT,08:19:01 03-Jul-2023,,,2,-21.2376,162.0890,CRC 15.9,08:19:01 03-Jul-2023,Status,15,1,82,,,,,,,,,,,,,,,,,,,,,,,,,,,,,
Barnacle Betty,222233,UT,08:19:56 03-Jul-2023,,,2,-21.2376,162.0890,CRC 11.6,08:19:56 03-Jul-2023,Status,27,132,122,,,,,,,,,,,,,,,,,,,,,,,,,,,,,
Barnacle Betty,222233,UT,08:20:15 03-Jul-2023,,,2,-21.2376,162.0890,CRC 2.9,08:20:15 03-Jul-2023,Status,66,252,180,,,,,,,,,,,,,,,,,,,,,,,,,,,,,
Barnacle Betty,222233,UT,08:21:47 03-Jul-2023,,,2,-21.2376,162.0890,CRC 15.5,08:21:47 03-Jul-2023,Status,15,3,16,,,,,,,,,,,,,,,,,,,,,,,,,,,,,
Barnacle Betty,222233,UT,08:30:33 03-Jul-2023,,,1,-21.2488,162.0670,CRC 6.7,08:30:33 03-Jul-2023,Status,22,184,128,,,,,,,,,,,,,,,,,,,,,,,,,,,,,
Barnacle Betty,222233,UT,09:49:24 04-Jul-2023,,,B,-21.0441,161.6704,CRC 4.11,09:49:24 04-Jul-2023,Status,68,235,131,,,,,,,,,,,,,,,,,,,,,,,,,,,,,
Barnacle Betty,222233,UT,10:54:46 04-Jul-2023,,,A,-21.0382,161.6640,CRC 3.7,10:54:46 04-Jul-2023,Status,19,143,24,,,,,,,,,,,,,,,,,,,,,,,,,,,,,
Barnacle Betty,222233,UT,11:02:24 04-Jul-2023,,,A,-21.0382,161.6640,CRC 193.206,11:02:24 04-Jul-2023,Status,88,48,165,245,29,48,8,249,78,203,199,125,27,199,28,186,177,247,137,103,46,130,113,,,,,,,,,
Barnacle Betty,222233,UT,11:29:48 04-Jul-2023,,,B,-21.0424,161.6531,CRC 11.8,11:29:48 04-Jul-2023,Status,27,143,220,,,,,,,,,,,,,,,,,,,,,,,,,,,,,
Barnacle Betty,222233,UT,18:25:49 04-Jul-2023,,,B,-20.9884,161.6026,CRC 10.13,,,106,132,192,,,,,,,,,,,,,,,,,,,,,,,,,,,,,
Barnacle Betty,222233,UT,18:25:49 04-Jul-2023,,,B,-21.0082,161.6565,CRC 10.6,,,106,132,88,,,,,,,,,,,,,,,,,,,,,,,,,,,,,
Barnacle Betty,222233,UT,19:16:04 04-Jul-2023,,,A,-21.0065,161.5407,CRC 10.8,,,106,145,204,,,,,,,,,,,,,,,,,,,,,,,,,,,,,
Barnacle Betty,222233,UT,20:02:55 04-Jul-2023,,,B,-20.9865,161.6015,CRC 1.10,20:02:55 04-Jul-2023,Status,65,251,140,,,,,,,,,,,,,,,,,,,,,,,,,,,,,
Barnacle Betty,222233,UT,23:18:13 04-Jul-2023,,,B,-20.9920,161.5215,CRC 12.6,23:18:13 04-Jul-2023,Status,92,237,226,,,,,,,,,,,,,,,,,,,,,,,,,,,,,
Barnacle Betty,222233,UT,10:05:45 05-Jul-2023,,,2,-20.8286,161.2515,CRC 3.0,10:05:45 05-Jul-2023,Status,67,189,145,,,,,,,,,,,,,,,,,,,,,,,,,,,,,
Barnacle Betty,222233,UT,10:45:15 05-Jul-2023,,,3,-20.8265,161.2370,CRC 11.4,,,107,139,182,,,,,,,,,,,,,,,,,,,,,,,,,,,,,
Barnacle Betty,222233,UT,10:52:48 05-Jul-2023,,,3,-20.8265,161.2370,CRC 10.4,,,154,90,131,,,,,,,,,,,,,,,,,,,,,,,,,,,,,
Barnacle Betty,222233,UT,10:52:48 05-Jul-2023,,,0,-20.8267,161.2291,CRC 14.2,10:52:48 05-Jul-2023,Status,62,123,21,,,,,,,,,,,,,,,,,,,,,,,,,,,,,
Barnacle Betty,222233,UT,07:21:44 08-Jul-2023,,,1,-21.0427,161.0632,CRC (both failed),,,32,220,224,0,0,0,0,0,0,119,19,210,64,47,233,47,108,144,0,0,0,0,0,0,255,0,0,0,0,0,27,
Barnacle Betty,222233,UT,07:26:34 08-Jul-2023,,,1,-21.0427,161.0632,CRC 3.7,07:26:34 08-Jul-2023,Status,19,179,76,,,,,,,,,,,,,,,,,,,,,,,,,,,,,
Barnacle Betty,222233,UT,08:02:17 08-Jul-2023,,,1,-21.0417,161.0478,CRC 11.5,08:02:17 08-Jul-2023,Status,27,143,199,,,,,,,,,,,,,,,,,,,,,,,,,,,,,
Barnacle Betty,222233,UT,08:04:56 08-Jul-2023,,,1,-21.0417,161.0478,CRC 1.11,,,97,56,5,,,,,,,,,,,,,,,,,,,,,,,,,,,,,
Barnacle Betty,222233,UT,08:10:52 08-Jul-2023,,,1,-21.0417,161.0478,CRC 7.2,08:10:52 08-Jul-2023,Status,71,94,8,,,,,,,,,,,,,,,,,,,,,,,,,,,,,
Barnacle Betty,222233,UT,08:27:01 08-Jul-2023,,,B,-21.0488,161.0679,CRC 71.124,08:44:10 08-Jul-2023,Status,72,240,165,253,104,32,234,146,52,34,194,150,25,14,205,6,1,206,27,208,1,127,192,,,,,,,,,
Barnacle Betty,222233,UT,10:36:20 08-Jul-2023,,,A,-21.0545,160.9994,CRC 2.6,10:36:20 08-Jul-2023,Status,82,133,155,,,,,,,,,,,,,,,,,,,,,,,,,,,,,
Barnacle Betty,222233,UT,22:44:50 08-Jul-2023,,,B,-21.0864,161.0060,CRC 9.13,,,201,72,161,,,,,,,,,,,,,,,,,,,,,,,,,,,,,
Barnacle Betty,222233,UT,07:37:35 09-Jul-2023,,,B,-21.1068,160.9737,CRC 9.14,07:37:35 09-Jul-2023,Status,73,16,63,,,,,,,,,,,,,,,,,,,,,,,,,,,,,
Barnacle Betty,222233,UT,10:00:57 09-Jul-2023,,,B,-21.1178,160.9599,CRC 241.180,10:00:57 09-Jul-2023,Status,94,33,19,0,60,19,96,132,0,227,7,3,110,150,141,63,48,244,173,45,5,226,247,,,,,,,,,
Barnacle Betty,222233,UT,11:33:50 09-Jul-2023,,,B,-21.1345,160.9459,CRC 15.9,11:33:50 09-Jul-2023,Status,95,9,136,,,,,,,,,,,,,,,,,,,,,,,,,,,,,
Barnacle Betty,222233,UT,12:01:53 09-Jul-2023,,,B,-21.1333,160.9387,CRC 5.6,,,101,131,1,,,,,,,,,,,,,,,,,,,,,,,,,,,,,
Barnacle Betty,222233,UT,18:20:03 09-Jul-2023,,,B,-21.1984,160.9237,CRC 0.6,18:20:03 09-Jul-2023,Status,64,0,7,,,,,,,,,,,,,,,,,,,,,,,,,,,,,
Barnacle Betty,222233,UT,18:21:09 09-Jul-2023,,,B,-21.1984,160.9237,CRC 0.12,18:21:09 09-Jul-2023,Status,80,2,23,,,,,,,,,,,,,,,,,,,,,,,,,,,,,
