"DeployID","Platform ID No.","Prg No.","Latitude","Longitude","Loc. quality","Loc. date","Loc. type","Altitude","Pass","Sat.","Mote Id","Frequency","Msg Date","Comp.","Msg","> - 120 DB","Best level","Delta freq.","Long. 1","Lat. sol. 1","Long. 2","Lat. sol. 2","Loc. idx","Nopc","Error radius","Semi-major axis","Semi-minor axis","Ellipse orientation","GDOP","SENSOR #01","SENSOR #02","SENSOR #03","SENSOR #04","SENSOR #05","SENSOR #06","SENSOR #07","SENSOR #08","SENSOR #09","SENSOR #10","SENSOR #11","SENSOR #12","SENSOR #13","SENSOR #14","SENSOR #15","SENSOR #16","SENSOR #17","SENSOR #18","SENSOR #19","SENSOR #20","SENSOR #21","SENSOR #22","SENSOR #23","SENSOR #24","SENSOR #25","SENSOR #26","SENSOR #27","SENSOR #28","SENSOR #29","SENSOR #30","SENSOR #31","SENSOR #32"
"",202529,5171,-20.45515,148.92143,3,10/20/2020 06:31:07,Argos,0,357,A1,,401677643.23,10/20/2020 06:27:47,1,4,0,-133,401677643.23,148.92143,-20.45515,148.92143,-20.45515,56,3,217,326,144,17,400,22,75,24,,,,,,,,,,,,,,,,,,,,,,,,,,,,,
"",202529,5171,-20.45515,148.92143,3,10/20/2020 06:31:07,Argos,0,357,A1,,401677643.23,10/20/2020 06:30:46,1,4,0,-133,401677643.23,148.92143,-20.45515,148.92143,-20.45515,56,3,217,326,144,17,400,93,187,1,,,,,,,,,,,,,,,,,,,,,,,,,,,,,
"",202529,5171,-20.45515,148.92143,3,10/20/2020 06:31:07,Argos,0,357,A1,,401677643.23,10/20/2020 06:32:14,1,4,0,-133,401677643.23,148.92143,-20.45515,148.92143,-20.45515,56,3,217,326,144,17,400,97,135,0,,,,,,,,,,,,,,,,,,,,,,,,,,,,,
"",202529,5171,-20.45515,148.92143,3,10/20/2020 06:31:07,Argos,0,357,A1,,401677643.23,10/20/2020 06:33:44,1,4,0,-133,401677643.23,148.92143,-20.45515,148.92143,-20.45515,56,3,217,326,144,17,400,9,0,144,,,,,,,,,,,,,,,,,,,,,,,,,,,,,
"",202529,5171,-20.48451,148.93442,3,10/20/2020 06:50:23,Argos,0,633,SR,,401677643.6,10/20/2020 06:45:36,1,7,0,-125,401677643.6,148.93442,-20.48451,148.93442,-20.48451,56,3,173,218,136,128,225,88,197,1,,,,,,,,,,,,,,,,,,,,,,,,,,,,,
"",202529,5171,-20.48451,148.93442,3,10/20/2020 06:50:23,Argos,0,633,SR,,401677643.6,10/20/2020 06:47:10,1,7,0,-125,401677643.6,148.93442,-20.48451,148.93442,-20.48451,56,3,173,218,136,128,225,100,134,0,,,,,,,,,,,,,,,,,,,,,,,,,,,,,
"",202529,5171,-20.48451,148.93442,3,10/20/2020 06:50:23,Argos,0,633,SR,,401677643.6,10/20/2020 06:50:13,1,7,0,-125,401677643.6,148.93442,-20.48451,148.93442,-20.48451,56,3,173,218,136,128,225,22,75,24,,,,,,,,,,,,,,,,,,,,,,,,,,,,,
"",202529,5171,-20.48451,148.93442,3,10/20/2020 06:50:23,Argos,0,633,SR,,401677643.6,10/20/2020 06:51:43,1,7,0,-125,401677643.6,148.93442,-20.48451,148.93442,-20.48451,56,3,173,218,136,128,225,68,4,5,,,,,,,,,,,,,,,,,,,,,,,,,,,,,
"",202529,5171,-20.48451,148.93442,3,10/20/2020 06:50:23,Argos,0,633,SR,,401677643.6,10/20/2020 06:53:12,1,7,0,-125,401677643.6,148.93442,-20.48451,148.93442,-20.48451,56,3,173,218,136,128,225,91,202,1,,,,,,,,,,,,,,,,,,,,,,,,,,,,,
"",202529,5171,-20.48451,148.93442,3,10/20/2020 06:50:23,Argos,0,633,SR,,401677643.6,10/20/2020 06:56:09,2,7,0,-125,401677643.6,148.93442,-20.48451,148.93442,-20.48451,56,3,173,218,136,128,225,9,0,144,,,,,,,,,,,,,,,,,,,,,,,,,,,,,
"",202529,5171,-20.54554,148.86007,3,10/20/2020 08:01:44,Argos,0,450,NP,,401677646.04,10/20/2020 08:01:45,1,5,0,-130,401677646.04,148.86007,-20.54554,148.86008,-20.54554,58,3,214,390,117,104,218,64,16,5,,,,,,,,,,,,,,,,,,,,,,,,,,,,,
"",202529,5171,-20.54741,148.85604,2,10/20/2020 08:05:30,Argos,0,450,A1,,401677643.85,10/20/2020 08:01:45,1,6,0,-129,401677643.85,148.85604,-20.54741,148.85603,-20.54741,46,3,355,531,236,106,132,64,16,5,,,,,,,,,,,,,,,,,,,,,,,,,,,,,
"",202529,5171,-20.54554,148.86007,3,10/20/2020 08:01:44,Argos,0,450,NP,,401677646.04,10/20/2020 08:03:15,1,5,0,-130,401677646.04,148.86007,-20.54554,148.86008,-20.54554,58,3,214,390,117,104,218,84,249,1,,,,,,,,,,,,,,,,,,,,,,,,,,,,,
"",202529,5171,-20.54741,148.85604,2,10/20/2020 08:05:30,Argos,0,450,A1,,401677643.85,10/20/2020 08:03:15,1,6,0,-129,401677643.85,148.85604,-20.54741,148.85603,-20.54741,46,3,355,531,236,106,132,84,249,1,,,,,,,,,,,,,,,,,,,,,,,,,,,,,
"",202529,5171,-20.54741,148.85604,2,10/20/2020 08:05:30,Argos,0,450,A1,,401677643.85,10/20/2020 08:04:47,1,6,0,-129,401677643.85,148.85604,-20.54741,148.85603,-20.54741,46,3,355,531,236,106,132,97,135,0,,,,,,,,,,,,,,,,,,,,,,,,,,,,,
"",202529,5171,-20.54554,148.86007,3,10/20/2020 08:01:44,Argos,0,450,NP,,401677646.04,10/20/2020 08:06:17,1,5,0,-130,401677646.04,148.86007,-20.54554,148.86008,-20.54554,58,3,214,390,117,104,218,9,0,144,,,,,,,,,,,,,,,,,,,,,,,,,,,,,
"",202529,5171,-20.54741,148.85604,2,10/20/2020 08:05:30,Argos,0,450,A1,,401677643.85,10/20/2020 08:06:17,1,6,0,-129,401677643.85,148.85604,-20.54741,148.85603,-20.54741,46,3,355,531,236,106,132,9,0,144,,,,,,,,,,,,,,,,,,,,,,,,,,,,,
"",202529,5171,-20.54554,148.86007,3,10/20/2020 08:01:44,Argos,0,450,NP,,401677646.04,10/20/2020 08:07:45,2,5,0,-130,401677646.04,148.86007,-20.54554,148.86008,-20.54554,58,3,214,390,117,104,218,22,75,24,,,,,,,,,,,,,,,,,,,,,,,,,,,,,
"",202529,5171,-20.54741,148.85604,2,10/20/2020 08:05:30,Argos,0,450,A1,,401677643.85,10/20/2020 08:07:45,1,6,0,-129,401677643.85,148.85604,-20.54741,148.85603,-20.54741,46,3,355,531,236,106,132,22,75,24,,,,,,,,,,,,,,,,,,,,,,,,,,,,,
"",202529,5171,-20.54554,148.86007,3,10/20/2020 08:01:44,Argos,0,450,NP,,401677646.04,10/20/2020 08:09:15,1,5,0,-130,401677646.04,148.86007,-20.54554,148.86008,-20.54554,58,3,214,390,117,104,218,74,2,5,,,,,,,,,,,,,,,,,,,,,,,,,,,,,
"",202529,5171,-20.54741,148.85604,2,10/20/2020 08:05:30,Argos,0,450,A1,,401677643.85,10/20/2020 08:09:15,1,6,0,-129,401677643.85,148.85604,-20.54741,148.85603,-20.54741,46,3,355,531,236,106,132,74,2,5,,,,,,,,,,,,,,,,,,,,,,,,,,,,,
"",202529,5171,-20.53812,148.79331,2,10/20/2020 08:33:17,Argos,0,268,SR,,401677636.23,10/20/2020 08:28:50,1,4,0,-126,401677636.23,148.79331,-20.53812,148.7933,-20.53812,56,3,329,546,197,125,258,100,134,0,,,,,,,,,,,,,,,,,,,,,,,,,,,,,
"",202529,5171,-20.53812,148.79331,2,10/20/2020 08:33:17,Argos,0,268,SR,,401677636.23,10/20/2020 08:30:20,1,4,0,-126,401677636.23,148.79331,-20.53812,148.7933,-20.53812,56,3,329,546,197,125,258,9,0,144,,,,,,,,,,,,,,,,,,,,,,,,,,,,,
"",202529,5171,-20.53812,148.79331,2,10/20/2020 08:33:17,Argos,0,268,SR,,401677636.23,10/20/2020 08:31:48,1,4,0,-126,401677636.23,148.79331,-20.53812,148.7933,-20.53812,56,3,329,546,197,125,258,22,75,24,,,,,,,,,,,,,,,,,,,,,,,,,,,,,
"",202529,5171,-20.53812,148.79331,2,10/20/2020 08:33:17,Argos,0,268,SR,,401677636.23,10/20/2020 08:33:18,1,4,0,-126,401677636.23,148.79331,-20.53812,148.7933,-20.53812,56,3,329,546,197,125,258,66,244,4,,,,,,,,,,,,,,,,,,,,,,,,,,,,,
"",202529,5171,-20.53812,148.79331,2,10/20/2020 08:33:17,Argos,0,268,SR,,401677636.23,10/20/2020 08:36:21,1,4,0,-126,401677636.23,148.79331,-20.53812,148.7933,-20.53812,56,3,329,546,197,125,258,100,162,0,,,,,,,,,,,,,,,,,,,,,,,,,,,,,
"",202529,5171,-20.53248,148.78997,1,10/20/2020 09:36:34,Argos,0,453,NK,,401677639.47,10/20/2020 09:30:32,1,5,0,-127,401677639.47,148.78997,-20.53248,148.78996,-20.53248,58,3,907,11383,72,79,818,89,112,131,220,232,166,194,168,90,37,230,201,214,4,103,12,1,255,255,205,96,0,0,,,,,,,,,
"",202529,5171,-20.53248,148.78997,1,10/20/2020 09:36:34,Argos,0,453,NK,,401677639.47,10/20/2020 09:32:05,1,5,0,-127,401677639.47,148.78997,-20.53248,148.78996,-20.53248,58,3,907,11383,72,79,818,100,134,0,,,,,,,,,,,,,,,,,,,,,,,,,,,,,
"",202529,5171,-20.54908,148.77294,A,10/20/2020 09:36:34,Argos,0,181,NK,,401677640,10/20/2020 09:35:04,1,3,0,-127,401677640,148.77294,-20.54908,148.77293,-20.54908,8,3,1871,6660,525,69,2311,22,75,24,,,,,,,,,,,,,,,,,,,,,,,,,,,,,
"",202529,5171,-20.54908,148.77294,A,10/20/2020 09:36:34,Argos,0,181,NK,,401677640,10/20/2020 09:36:34,1,3,0,-127,401677640,148.77294,-20.54908,148.77293,-20.54908,8,3,1871,6660,525,69,2311,78,216,4,,,,,,,,,,,,,,,,,,,,,,,,,,,,,
"",202529,5171,-20.54908,148.77294,A,10/20/2020 09:36:34,Argos,0,181,NK,,401677640,10/20/2020 09:38:05,1,3,0,-127,401677640,148.77294,-20.54908,148.77293,-20.54908,8,3,1871,6660,525,69,2311,81,56,2,,,,,,,,,,,,,,,,,,,,,,,,,,,,,
"",202529,5171,-20.52831,148.79704,3,10/20/2020 10:18:57,Argos,0,816,MA,,401677641.4,10/20/2020 10:15:56,1,7,0,-121,401677641.4,148.79704,-20.52831,148.79704,-20.52831,58,2,168,316,89,76,180,77,215,4,,,,,,,,,,,,,,,,,,,,,,,,,,,,,
"",202529,5171,-20.52831,148.79704,3,10/20/2020 10:18:57,Argos,0,816,MA,,401677641.4,10/20/2020 10:17:27,1,7,0,-121,401677641.4,148.79704,-20.52831,148.79704,-20.52831,58,2,168,316,89,76,180,80,82,2,,,,,,,,,,,,,,,,,,,,,,,,,,,,,
"",202529,5171,-20.52917,148.79624,B,10/20/2020 10:18:57,Argos,0,178,MA,,401677641.98,10/20/2020 10:18:57,1,2,0,-128,401677641.98,148.79624,-20.52917,148.79623,-20.52917,8,2,1179,13777,100,120,1992,100,134,0,,,,,,,,,,,,,,,,,,,,,,,,,,,,,
"",202529,5171,-20.52835,148.7956,2,10/20/2020 10:18:57,Argos,0,451,MA,,401677641.09,10/20/2020 10:20:25,1,4,0,-126,401677641.09,148.7956,-20.52835,148.7956,-20.52835,58,2,346,904,132,90,287,9,0,144,,,,,,,,,,,,,,,,,,,,,,,,,,,,,
"",202529,5171,-20.52917,148.79624,B,10/20/2020 10:18:57,Argos,0,178,MA,,401677641.98,10/20/2020 10:21:55,1,2,0,-128,401677641.98,148.79624,-20.52917,148.79623,-20.52917,8,2,1179,13777,100,120,1992,22,75,24,,,,,,,,,,,,,,,,,,,,,,,,,,,,,
"",202529,5171,-20.52835,148.7956,2,10/20/2020 10:18:57,Argos,0,451,MA,,401677641.09,10/20/2020 10:26:28,2,4,0,-126,401677641.09,148.7956,-20.52835,148.7956,-20.52835,58,2,346,904,132,90,287,100,134,0,,,,,,,,,,,,,,,,,,,,,,,,,,,,,
"",202529,5171,-20.52832,148.79642,B,10/20/2020 10:41:31,Argos,0,0,MC,,401677640.86,10/20/2020 10:41:31,1,1,0,-132,401677640.86,148.79642,-20.52832,148.79642,-20.52832,6,3,878,3836,201,175,1332,100,134,0,,,,,,,,,,,,,,,,,,,,,,,,,,,,,
"",202529,5171,-20.53021,148.79748,3,10/20/2020 10:41:31,Argos,0,621,MC,,401677640.51,10/20/2020 10:45:59,1,6,0,-123,401677640.51,148.79748,-20.53021,148.79749,-20.53021,56,3,147,169,127,90,271,92,80,131,220,232,166,194,168,90,42,221,138,22,4,203,12,1,255,255,205,32,0,0,,,,,,,,,
"",202529,5171,-20.53021,148.79748,3,10/20/2020 10:41:31,Argos,0,621,MC,,401677640.51,10/20/2020 10:47:25,1,6,0,-123,401677640.51,148.79748,-20.53021,148.79749,-20.53021,56,3,147,169,127,90,271,73,211,4,,,,,,,,,,,,,,,,,,,,,,,,,,,,,
"",202529,5171,-20.53021,148.79748,3,10/20/2020 10:41:31,Argos,0,621,MC,,401677640.51,10/20/2020 10:48:55,1,6,0,-123,401677640.51,148.79748,-20.53021,148.79749,-20.53021,56,3,147,169,127,90,271,81,103,2,,,,,,,,,,,,,,,,,,,,,,,,,,,,,
"",202529,5171,-20.53021,148.79748,3,10/20/2020 10:41:31,Argos,0,621,MC,,401677640.51,10/20/2020 10:50:22,2,6,0,-123,401677640.51,148.79748,-20.53021,148.79749,-20.53021,56,3,147,169,127,90,271,100,134,0,,,,,,,,,,,,,,,,,,,,,,,,,,,,,
"",202529,5171,-20.52832,148.79642,B,10/20/2020 10:41:31,Argos,0,0,MC,,401677640.86,10/20/2020 10:51:52,1,1,0,-132,401677640.86,148.79642,-20.52832,148.79642,-20.52832,6,3,878,3836,201,175,1332,9,64,144,,,,,,,,,,,,,,,,,,,,,,,,,,,,,
"",202529,5171,-20.52989,148.79834,3,10/20/2020 11:06:07,Argos,0,266,NN,,401677642.41,10/20/2020 11:03:55,1,4,0,-130,401677642.41,148.79834,-20.52989,148.79834,-20.52989,56,3,163,215,123,111,193,95,113,2,,,,,,,,,,,,,,,,,,,,,,,,,,,,,
"",202529,5171,-20.52989,148.79834,3,10/20/2020 11:06:07,Argos,0,266,NN,,401677642.41,10/20/2020 11:05:21,1,4,0,-130,401677642.41,148.79834,-20.52989,148.79834,-20.52989,56,3,163,215,123,111,193,107,133,0,,,,,,,,,,,,,,,,,,,,,,,,,,,,,
"",202529,5171,-20.52989,148.79834,3,10/20/2020 11:06:07,Argos,0,266,NN,,401677642.41,10/20/2020 11:06:51,1,4,0,-130,401677642.41,148.79834,-20.52989,148.79834,-20.52989,56,3,163,215,123,111,193,9,0,144,,,,,,,,,,,,,,,,,,,,,,,,,,,,,
"",202529,5171,-20.52989,148.79834,3,10/20/2020 11:06:07,Argos,0,266,NN,,401677642.41,10/20/2020 11:08:21,1,4,0,-130,401677642.41,148.79834,-20.52989,148.79834,-20.52989,56,3,163,215,123,111,193,22,75,24,,,,,,,,,,,,,,,,,,,,,,,,,,,,,
"",202529,5171,-20.52989,148.79834,3,10/20/2020 11:06:07,Argos,0,266,NN,,401677642.41,10/20/2020 11:11:20,1,4,0,-130,401677642.41,148.79834,-20.52989,148.79834,-20.52989,56,3,163,215,123,111,193,84,118,2,,,,,,,,,,,,,,,,,,,,,,,,,,,,,
"",202529,5171,-20.52989,148.79834,3,10/20/2020 11:06:07,Argos,0,266,NN,,401677642.41,10/20/2020 11:12:50,1,4,0,-130,401677642.41,148.79834,-20.52989,148.79834,-20.52989,56,3,163,215,123,111,193,100,134,0,,,,,,,,,,,,,,,,,,,,,,,,,,,,,
"",202529,5171,-20.52989,148.79834,3,10/20/2020 11:06:07,Argos,0,266,NN,,401677642.41,10/20/2020 11:14:21,2,4,0,-130,401677642.41,148.79834,-20.52989,148.79834,-20.52989,56,3,163,215,123,111,193,9,0,144,,,,,,,,,,,,,,,,,,,,,,,,,,,,,
"",202529,5171,-20.52989,148.79834,3,10/20/2020 11:06:07,Argos,0,266,NN,,401677642.41,10/20/2020 11:15:51,2,4,0,-130,401677642.41,148.79834,-20.52989,148.79834,-20.52989,56,3,163,215,123,111,193,22,75,24,,,,,,,,,,,,,,,,,,,,,,,,,,,,,
"",202529,5171,-20.53172,148.79271,3,10/20/2020 11:30:45,Argos,0,354,MB,,401677644.25,10/20/2020 11:27:49,1,5,0,-129,401677644.25,148.79271,-20.53172,148.79271,-20.53172,66,3,244,1934,30,79,613,90,129,2,,,,,,,,,,,,,,,,,,,,,,,,,,,,,
"",202529,5171,-20.53172,148.79271,3,10/20/2020 11:30:45,Argos,0,354,MB,,401677644.25,10/20/2020 11:29:15,1,5,0,-129,401677644.25,148.79271,-20.53172,148.79271,-20.53172,66,3,244,1934,30,79,613,107,133,0,,,,,,,,,,,,,,,,,,,,,,,,,,,,,
"",202529,5171,-20.53172,148.79271,3,10/20/2020 11:30:45,Argos,0,354,MB,,401677644.25,10/20/2020 11:30:45,1,5,0,-129,401677644.25,148.79271,-20.53172,148.79271,-20.53172,66,3,244,1934,30,79,613,9,0,144,,,,,,,,,,,,,,,,,,,,,,,,,,,,,
"",202529,5171,-20.53172,148.79271,3,10/20/2020 11:30:45,Argos,0,354,MB,,401677644.25,10/20/2020 11:32:13,1,5,0,-129,401677644.25,148.79271,-20.53172,148.79271,-20.53172,66,3,244,1934,30,79,613,22,75,24,,,,,,,,,,,,,,,,,,,,,,,,,,,,,
"",202529,5171,-20.53172,148.79271,3,10/20/2020 11:30:45,Argos,0,354,MB,,401677644.25,10/20/2020 11:33:43,1,5,0,-129,401677644.25,148.79271,-20.53172,148.79271,-20.53172,66,3,244,1934,30,79,613,69,207,4,,,,,,,,,,,,,,,,,,,,,,,,,,,,,
"",202529,5171,-20.53172,148.79271,3,10/20/2020 11:30:45,Argos,0,354,MB,,401677644.25,10/20/2020 11:35:10,1,5,0,-129,401677644.25,148.79271,-20.53172,148.79271,-20.53172,66,3,244,1934,30,79,613,81,134,2,,,,,,,,,,,,,,,,,,,,,,,,,,,,,
"",202529,5171,-20.53172,148.79271,3,10/20/2020 11:30:45,Argos,0,354,MB,,401677644.25,10/20/2020 11:36:40,1,5,0,-129,401677644.25,148.79271,-20.53172,148.79271,-20.53172,66,3,244,1934,30,79,613,100,134,0,,,,,,,,,,,,,,,,,,,,,,,,,,,,,
"",202529,5171,-20.53172,148.79271,3,10/20/2020 11:30:45,Argos,0,354,MB,,401677644.25,10/20/2020 11:39:38,2,5,0,-129,401677644.25,148.79271,-20.53172,148.79271,-20.53172,66,3,244,1934,30,79,613,22,75,24,,,,,,,,,,,,,,,,,,,,,,,,,,,,,
"",202529,5171,-20.52908,148.80349,B,10/20/2020 11:53:06,Argos,0,0,MA,,401677645.71,10/20/2020 11:53:07,1,1,0,-132,401677645.71,148.80349,-20.52908,148.8035,-20.52908,6,3,2156,2316,2007,87,1840,9,0,144,,,,,,,,,,,,,,,,,,,,,,,,,,,,,
"",202529,5171,-20.52928,148.80214,B,10/20/2020 12:22:55,Argos,0,0,MC,,401677647.71,10/20/2020 12:22:56,1,1,0,-127,401677647.71,148.80214,-20.52928,148.80214,-20.52928,6,3,3033,3252,2829,84,2797,107,133,0,,,,,,,,,,,,,,,,,,,,,,,,,,,,,
"",202529,5171,-20.2652,148.86585,B,10/29/2020 00:09:20,Argos,0,0,NN,,401650000,10/29/2020 00:07:03,1,1,0,-127,401650000,148.86585,-20.2652,148.86584,-20.2652,0,3,7182,228250,226,56,5532,32,43,96,0,0,0,0,0,0,128,255,0,0,0,0,99,43,66,0,0,0,0,0,0,255,133,0,0,0,0,178,
"",202529,5171,-20.15291,149.03782,B,10/29/2020 00:09:20,Argos,0,0,MC,,401650000,10/29/2020 00:07:03,1,1,0,-127,401650000,149.03782,-20.15291,149.03783,-20.15291,0,3,718,2396,214,71,468,32,43,96,0,0,0,0,0,0,128,255,0,0,0,0,99,43,66,0,0,0,0,0,0,255,133,0,0,0,0,178,
"",202529,5171,-20.15291,149.03782,B,10/29/2020 00:09:20,Argos,0,0,MC,,401650000,10/29/2020 00:11:38,1,1,0,-127,401650000,149.03782,-20.15291,149.03783,-20.15291,0,3,718,2396,214,71,468,75,23,5,,,,,,,,,,,,,,,,,,,,,,,,,,,,,
"",202529,5171,-20.2652,148.86585,B,10/29/2020 00:09:20,Argos,0,0,NN,,401650000,10/29/2020 00:11:38,1,1,0,-127,401650000,148.86585,-20.2652,148.86584,-20.2652,0,3,7182,228250,226,56,5532,75,23,5,,,,,,,,,,,,,,,,,,,,,,,,,,,,,
"",202529,5171,,,,,,,0,NK,,401650000,11/02/2020 21:54:24,1,1,0,-125,401650000,,,,,,,,,,,,32,11,96,36,229,198,254,78,206,161,134,0,40,8,149,96,82,236,181,34,5,215,114,72,229,17,150,68,89,0,138,
"",202529,5171,,,,,,,0,MC,,401650000,11/02/2020 22:28:10,1,1,0,-121,401650000,,,,,,,,,,,,97,135,0,,,,,,,,,,,,,,,,,,,,,,,,,,,,,
"",202529,5171,-20.27159,149.37954,B,11/03/2020 22:51:28,Argos,0,528,MB,,401677652.06,11/03/2020 22:51:28,1,2,0,-132,401677652.06,149.37954,-20.27159,149.37955,-20.27159,0,3,14251,694594,292,36,14746,10,0,16,,,,,,,,,,,,,,,,,,,,,,,,,,,,,
"",202529,5171,,,,,,,0,NN,,401650000,11/03/2020 22:55:19,1,1,0,-132,401650000,,,,,,,,,,,,22,75,24,,,,,,,,,,,,,,,,,,,,,,,,,,,,,
"",202529,5171,-20.13228,149.47958,2,11/03/2020 23:01:40,Argos,0,642,NN,,401677670.93,11/03/2020 22:59:19,1,6,0,-127,401677670.93,149.47958,-20.13228,149.47958,-20.13228,50,3,315,1394,71,103,187,79,35,5,,,,,,,,,,,,,,,,,,,,,,,,,,,,,
"",202529,5171,,,,,,,0,MB,,401650000,11/03/2020 23:00:16,1,1,0,-133,401650000,,,,,,,,,,,,85,176,131,,,,,,,,,,,,,,,,,,,,,,,,,,,,,
"",202529,5171,-20.13228,149.47958,2,11/03/2020 23:01:40,Argos,0,642,NN,,401677670.93,11/03/2020 23:00:16,1,6,0,-127,401677670.93,149.47958,-20.13228,149.47958,-20.13228,50,3,315,1394,71,103,187,85,176,131,220,232,166,194,180,33,220,0,21,148,5,177,14,29,255,32,146,19,127,130,,,,,,,,,
"",202529,5171,-20.13228,149.47958,2,11/03/2020 23:01:40,Argos,0,642,NN,,401677670.93,11/03/2020 23:04:00,1,6,0,-127,401677670.93,149.47958,-20.13228,149.47958,-20.13228,50,3,315,1394,71,103,187,97,135,0,,,,,,,,,,,,,,,,,,,,,,,,,,,,,
"",202529,5171,-20.13228,149.47958,2,11/03/2020 23:01:40,Argos,0,642,NN,,401677670.93,11/03/2020 23:05:06,1,6,0,-127,401677670.93,149.47958,-20.13228,149.47958,-20.13228,50,3,315,1394,71,103,187,10,0,16,,,,,,,,,,,,,,,,,,,,,,,,,,,,,
"",202529,5171,-20.13228,149.47958,2,11/03/2020 23:01:40,Argos,0,642,NN,,401677670.93,11/03/2020 23:06:01,2,6,0,-127,401677670.93,149.47958,-20.13228,149.47958,-20.13228,50,3,315,1394,71,103,187,22,75,24,,,,,,,,,,,,,,,,,,,,,,,,,,,,,
"",202529,5171,-20.46781,149.0881,B,11/04/2020 22:52:43,Argos,0,68,NN,,401677681.77,11/04/2020 22:52:09,1,2,0,-132,401677681.77,149.0881,-20.46781,149.0881,-20.46781,0,3,16646,121639,2277,137,10033,91,251,2,,,,,,,,,,,,,,,,,,,,,,,,,,,,,
"",202529,5171,-20.46781,149.0881,B,11/04/2020 22:52:43,Argos,0,68,NN,,401677681.77,11/04/2020 22:53:18,1,2,0,-132,401677681.77,149.0881,-20.46781,149.0881,-20.46781,0,3,16646,121639,2277,137,10033,97,135,0,,,,,,,,,,,,,,,,,,,,,,,,,,,,,
"",202529,5171,,,,,,,0,MA,,401650000,11/04/2020 22:53:18,1,1,,,401650000,,,,,,,,,,,,97,135,0,,,,,,,,,,,,,,,,,,,,,,,,,,,,,
"",202529,5171,-20.56923,148.97258,B,11/05/2020 20:42:36,Argos,0,0,NK,,401677673.81,11/05/2020 20:42:36,1,1,0,-129,401677673.81,148.97258,-20.56923,148.97258,-20.56923,0,3,24865,38909,15889,139,16417,32,44,128,0,0,0,0,0,0,0,255,0,0,0,0,206,44,96,0,0,0,0,0,0,0,255,0,0,0,0,58,
"",202529,5171,,,,,,,0,SR,,401650000,11/08/2020 19:19:19,1,1,0,-129,401650000,,,,,,,,,,,,32,44,192,0,0,0,0,0,0,0,255,0,0,0,0,53,44,160,0,0,0,0,0,0,0,255,0,32,0,4,248,
"",202529,5171,,,,,,,0,SR,,401650000,11/15/2020 20:38:06,1,1,0,-131,401650000,,,,,,,,,,,,32,45,192,0,0,0,0,0,0,48,93,215,171,73,232,230,69,136,97,111,97,96,130,1,251,141,124,246,233,51,174,
"",202529,5171,,,,,,,0,A1,,401650000,11/18/2020 07:20:46,1,1,0,-128,401650000,,,,,,,,,,,,8,189,46,221,159,184,210,254,31,231,179,1,135,4,220,90,56,93,121,142,237,160,197,4,21,134,129,6,74,24,7,
"",202529,5171,,,,,,,0,NK,,401650000,11/18/2020 20:05:59,1,1,0,-133,401650000,,,,,,,,,,,,32,44,128,0,0,2,18,57,219,124,128,23,49,46,177,86,166,139,139,89,172,174,50,62,66,12,146,201,227,15,169,
"",202529,5171,,,,,,,0,NP,,401650000,11/21/2020 08:27:50,1,1,0,-129,401650000,,,,,,,,,,,,32,46,64,0,0,1,0,0,0,0,255,0,0,0,0,9,46,32,0,4,0,164,100,81,206,64,72,64,4,0,26,
"",202529,5171,,,,,,,0,SR,,401650000,11/21/2020 08:27:50,1,1,0,-130,401650000,,,,,,,,,,,,32,46,64,0,0,0,18,1,8,0,253,0,0,4,0,9,44,34,9,254,94,124,215,224,223,193,121,114,240,154,161,
"",202529,5171,,,,,,,0,NN,,401650000,11/21/2020 22:52:51,1,1,0,-135,401650000,,,,,,,,,,,,32,46,0,0,0,0,0,1,129,169,158,58,72,219,15,147,76,51,112,92,148,49,14,145,18,66,137,33,88,4,133,
"",202529,5171,,,,,,,0,MC,,401650000,11/23/2020 23:29:41,1,1,0,-125,401650000,,,,,,,,,,,,32,45,192,0,0,0,0,0,0,0,255,0,0,0,0,208,45,160,0,0,0,0,0,0,0,255,0,0,0,0,213,
"",202529,5171,,,,,,,0,NP,,401650000,11/24/2020 19:13:16,1,1,0,-130,401650000,,,,,,,,,,,,32,45,192,0,0,0,0,0,0,0,255,0,0,0,0,208,45,160,0,0,0,0,0,0,0,255,0,0,0,0,213,
"",202529,5171,,,,,,,0,A1,,401650000,11/25/2020 08:47:25,1,1,0,-139,401650000,,,,,,,,,,,,32,46,64,0,0,0,0,0,0,0,255,0,0,0,0,9,46,32,0,0,0,0,130,181,0,255,1,0,0,22,30,
"",202529,5171,,,,,,,0,NP,,401650000,11/27/2020 09:01:48,1,1,0,-131,401650000,,,,,,,,,,,,32,46,192,0,0,0,0,0,0,0,255,0,0,0,0,248,46,160,0,0,0,0,0,0,0,255,1,0,0,0,235,
"",202529,5171,,,,,,,0,NK,,401650000,11/29/2020 22:11:01,1,1,0,-127,401650000,,,,,,,,,,,,32,46,192,0,0,0,0,0,0,0,255,0,0,0,0,248,46,160,16,9,86,169,145,187,52,91,207,41,81,25,247,
"",202529,5171,,,,,,,0,NP,,401650000,12/01/2020 08:11:38,1,1,0,-125,401650000,,,,,,,,,,,,32,47,64,0,0,0,0,0,0,0,255,0,0,0,0,236,47,32,0,0,0,0,0,0,0,255,1,0,0,0,255,
"",202529,5171,,,,,,,0,NP,,401650000,12/04/2020 20:30:49,1,1,0,-130,401650000,,,,,,,,,,,,32,47,64,0,0,0,0,0,0,0,255,0,0,0,0,236,47,32,0,0,0,0,0,0,0,255,1,0,0,0,255,
"",202529,5171,,,,,,,0,NK,,401650000,12/05/2020 10:14:34,1,1,0,-128,401650000,,,,,,,,,,,,32,47,192,0,0,0,0,0,0,0,255,1,0,0,0,11,47,160,0,0,0,0,0,0,0,255,0,0,0,0,24,
"",202529,5171,,,,,,,0,MC,,401650000,12/06/2020 00:26:39,1,1,0,-127,401650000,,,,,,,,,,,,32,47,0,0,0,0,0,0,0,0,255,0,0,0,0,23,46,224,0,0,0,0,0,0,0,255,0,0,0,0,6,
"",202529,5171,,,,,,,0,NN,,401650000,12/06/2020 23:07:28,1,1,0,-128,401650000,,,,,,,,,,,,32,48,64,0,0,0,0,0,0,0,255,149,0,0,0,6,48,32,0,0,0,0,0,0,0,255,50,0,2,1,173,
"",202529,5171,,,,,,,0,MB,,401650000,12/06/2020 23:07:28,1,1,0,-132,401650000,,,,,,,,,,,,32,48,64,0,0,0,0,0,0,0,255,149,0,0,0,6,48,32,0,0,0,0,0,0,0,255,50,0,0,17,115,
"",202529,5171,,,,,,,0,NK,,401650000,12/07/2020 09:16:52,1,1,0,-140,401650000,,,,,,,,,,,,32,47,128,0,0,0,0,1,0,0,251,0,0,0,0,230,47,96,0,0,0,0,0,0,0,255,0,0,0,0,18,
"",202529,5171,-16.89388,130.88579,0,12/08/2020 21:40:27,Argos,0,81,NK,,401677782.13,12/08/2020 21:39:47,1,5,0,-131,401677782.13,130.88579,-16.89388,149.29584,-20.67561,50,0,193829,0,4230,71,85686,76,176,131,220,232,166,194,180,36,86,113,25,148,7,65,14,47,255,29,212,32,232,128,,,,,,,,,
"",202529,5171,-16.89388,130.88579,0,12/08/2020 21:40:27,Argos,0,81,NK,,401677782.13,12/08/2020 21:40:09,1,5,0,-131,401677782.13,130.88579,-16.89388,149.29584,-20.67561,50,0,193829,0,4230,71,85686,32,48,64,4,0,0,0,0,0,0,255,149,0,0,0,6,48,32,0,0,0,0,0,0,0,255,50,0,0,4,142,
"",202529,5171,-16.89388,130.88579,0,12/08/2020 21:40:27,Argos,0,81,NK,,401677782.13,12/08/2020 21:40:29,1,5,0,-131,401677782.13,130.88579,-16.89388,149.29584,-20.67561,50,0,193829,0,4230,71,85686,32,48,192,0,0,0,0,0,0,0,69,255,0,0,0,34,48,160,0,0,0,0,0,0,0,23,255,0,0,0,25,
"",202529,5171,-16.89388,130.88579,0,12/08/2020 21:40:27,Argos,0,81,NK,,401677782.13,12/08/2020 21:40:45,1,5,0,-131,401677782.13,130.88579,-16.89388,149.29584,-20.67561,50,0,193829,0,4230,71,85686,32,48,128,0,0,0,0,0,0,0,72,255,0,0,0,45,48,96,0,0,0,0,0,0,0,255,180,0,0,0,32,
"",202529,5171,-16.89388,130.88579,0,12/08/2020 21:40:27,Argos,0,81,NK,,401677782.13,12/08/2020 21:41:09,1,5,0,-131,401677782.13,130.88579,-16.89388,149.29584,-20.67561,50,0,193829,0,4230,71,85686,32,47,192,0,0,0,0,0,0,0,255,1,0,0,0,11,47,160,0,0,0,0,0,0,0,255,0,0,0,0,24,
"",202529,5171,-20.60377,149.22563,B,12/08/2020 21:41:08,Argos,0,0,MC,,401677535.94,12/08/2020 21:41:09,1,1,0,-133,401677535.94,149.22563,-20.60377,130.65216,-16.98221,6,3,6586,17265,2512,133,3556,32,47,192,0,0,0,0,0,0,0,255,1,0,0,0,11,47,160,0,0,0,0,0,0,0,255,64,2,4,0,24,
"",202529,5171,-20.152,149.39549,B,12/10/2020 20:52:33,Argos,0,18,NK,,401677628.09,12/10/2020 20:52:24,1,2,0,-128,401677628.09,149.39549,-20.152,149.3955,-20.152,1,3,34429,256082,4628,86,14212,32,48,192,0,0,0,0,0,0,0,69,255,0,86,160,252,187,41,227,255,119,26,202,64,226,121,39,227,209,109,17,
"",202529,5171,-20.152,149.39549,B,12/10/2020 20:52:33,Argos,0,18,NK,,401677628.09,12/10/2020 20:52:43,1,2,0,-128,401677628.09,149.39549,-20.152,149.3955,-20.152,1,3,34429,256082,4628,86,14212,32,48,128,0,0,0,0,1,0,0,73,105,253,222,129,169,219,188,220,111,62,145,242,169,233,90,92,3,173,69,145,
"",202529,5171,-20.22195,149.3013,B,12/11/2020 07:55:12,Argos,0,0,NP,,401677611.64,12/11/2020 07:55:12,1,1,0,-127,401677611.64,149.3013,-20.22195,149.3013,-20.22195,8,3,64837,217524,19326,97,14832,97,135,0,,,,,,,,,,,,,,,,,,,,,,,,,,,,,
"",202529,5171,-20.15489,148.95286,B,12/11/2020 07:55:12,Argos,0,0,A1,,401677760.2,12/11/2020 07:55:12,1,1,0,-133,401677760.2,148.95286,-20.15489,148.95287,-20.15489,8,3,48367,92495,25292,137,9076,97,135,0,,,,,,,,,,,,,,,,,,,,,,,,,,,,,
"",202529,5171,-20.12839,148.6642,A,12/11/2020 20:52:28,Argos,0,79,NP,,401677717.5,12/11/2020 20:51:44,1,3,0,-129,401677717.5,148.6642,-20.12839,148.6642,-20.12839,0,3,10156,46235,2231,48,1898,32,49,64,0,0,0,0,0,0,0,0,255,0,0,0,19,49,32,0,0,0,0,0,0,0,3,255,0,0,0,176,
"",202529,5171,-20.12839,148.6642,A,12/11/2020 20:52:28,Argos,0,79,NP,,401677717.5,12/11/2020 20:52:37,1,3,0,-129,401677717.5,148.6642,-20.12839,148.6642,-20.12839,0,3,10156,46235,2231,48,1898,32,48,192,0,0,0,32,0,0,0,76,137,227,250,220,55,57,146,131,58,143,123,200,135,253,200,162,157,223,178,233,
"",202529,5171,-20.12839,148.6642,A,12/11/2020 20:52:28,Argos,0,79,NP,,401677717.5,12/11/2020 20:53:03,1,3,0,-129,401677717.5,148.6642,-20.12839,148.6642,-20.12839,0,3,10156,46235,2231,48,1898,22,75,24,,,,,,,,,,,,,,,,,,,,,,,,,,,,,
"",202529,5171,-19.90623,148.32287,A,12/12/2020 23:35:21,Argos,0,255,NN,,401677667.83,12/12/2020 23:33:50,1,3,0,-131,401677667.83,148.32287,-19.90623,148.32288,-19.90623,0,3,33216,0,851,118,10717,22,75,24,,,,,,,,,,,,,,,,,,,,,,,,,,,,,
"",202529,5171,-19.90623,148.32287,A,12/12/2020 23:35:21,Argos,0,255,NN,,401677667.83,12/12/2020 23:34:10,1,3,0,-131,401677667.83,148.32287,-19.90623,148.32288,-19.90623,0,3,33216,0,851,118,10717,73,66,5,,,,,,,,,,,,,,,,,,,,,,,,,,,,,
"",202529,5171,-19.90623,148.32287,A,12/12/2020 23:35:21,Argos,0,255,NN,,401677667.83,12/12/2020 23:38:05,1,3,0,-131,401677667.83,148.32287,-19.90623,148.32288,-19.90623,0,3,33216,0,851,118,10717,88,219,3,,,,,,,,,,,,,,,,,,,,,,,,,,,,,
"",202529,5171,-19.98466,148.46289,B,12/12/2020 23:38:05,Argos,0,0,MC,,401677658.62,12/12/2020 23:38:05,1,1,0,-120,401677658.62,148.46289,-19.98466,148.46289,-19.98466,6,3,14256,803869,252,119,30087,88,219,3,,,,,,,,,,,,,,,,,,,,,,,,,,,,,
"",202529,5171,,,,,,,0,NP,,401650000,12/19/2020 20:59:28,1,1,0,-129,401650000,,,,,,,,,,,,32,50,0,0,0,0,0,0,79,176,72,209,36,213,101,145,167,74,113,4,3,8,8,217,0,0,255,0,0,0,28,
"",202529,5171,-20.17254,148.9312,B,12/21/2020 19:39:44,Argos,0,22,NK,,401677677.94,12/21/2020 19:39:33,1,2,0,-131,401677677.94,148.9312,-20.17254,148.9312,-20.17254,0,3,2699,5013,1453,42,7630,94,73,98,,,,,,,,,,,,,,,,,,,,,,,,,,,,,
"",202529,5171,-20.17254,148.9312,B,12/21/2020 19:39:44,Argos,0,22,NK,,401677677.94,12/21/2020 19:39:55,1,2,0,-131,401677677.94,148.9312,-20.17254,148.9312,-20.17254,0,3,2699,5013,1453,42,7630,80,15,4,,,,,,,,,,,,,,,,,,,,,,,,,,,,,
"",202529,5171,-20.11461,148.96182,B,12/21/2020 21:42:53,Argos,0,0,MA,,401650000,12/21/2020 21:42:53,1,1,0,-129,401650000,148.96182,-20.11461,148.96182,-20.11461,8,3,3214,5574,1852,38,9086,32,50,0,0,0,0,0,95,142,26,149,229,15,4,209,36,64,224,162,183,135,29,252,169,40,244,13,172,47,8,204,
"",202529,5171,-20.22666,149.00884,3,12/21/2020 23:51:47,Argos,0,453,MC,,401677690.19,12/21/2020 23:51:17,1,16,5,-116,401677690.19,149.00884,-20.22666,149.00883,-20.22666,58,3,190,230,156,89,128,32,50,128,0,0,0,0,0,0,0,0,255,0,0,0,49,50,96,0,0,0,0,0,0,0,0,255,0,0,0,197,
"",202529,5171,-20.22666,149.00884,3,12/21/2020 23:51:47,Argos,0,453,MC,,401677690.19,12/21/2020 23:52:18,1,16,5,-116,401677690.19,149.00884,-20.22666,149.00883,-20.22666,58,3,190,230,156,89,128,72,87,5,,,,,,,,,,,,,,,,,,,,,,,,,,,,,
"",202529,5171,-20.22666,149.00884,3,12/21/2020 23:51:47,Argos,0,453,MC,,401677690.19,12/21/2020 23:52:50,1,16,5,-116,401677690.19,149.00884,-20.22666,149.00883,-20.22666,58,3,190,230,156,89,128,100,134,0,,,,,,,,,,,,,,,,,,,,,,,,,,,,,
"",202529,5171,-20.22666,149.00884,3,12/21/2020 23:51:47,Argos,0,453,MC,,401677690.19,12/21/2020 23:53:38,1,16,5,-116,401677690.19,149.00884,-20.22666,149.00883,-20.22666,58,3,190,230,156,89,128,78,89,5,,,,,,,,,,,,,,,,,,,,,,,,,,,,,
"",202529,5171,-20.22666,149.00884,3,12/21/2020 23:51:47,Argos,0,453,MC,,401677690.19,12/21/2020 23:53:53,1,16,5,-116,401677690.19,149.00884,-20.22666,149.00883,-20.22666,58,3,190,230,156,89,128,90,45,4,,,,,,,,,,,,,,,,,,,,,,,,,,,,,
"",202529,5171,-20.22666,149.00884,3,12/21/2020 23:51:47,Argos,0,453,MC,,401677690.19,12/21/2020 23:54:24,2,16,5,-116,401677690.19,149.00884,-20.22666,149.00883,-20.22666,58,3,190,230,156,89,128,10,0,16,,,,,,,,,,,,,,,,,,,,,,,,,,,,,
"",202529,5171,-20.22666,149.00884,3,12/21/2020 23:51:47,Argos,0,453,MC,,401677690.19,12/21/2020 23:55:16,1,16,5,-116,401677690.19,149.00884,-20.22666,149.00883,-20.22666,58,3,190,230,156,89,128,89,50,4,,,,,,,,,,,,,,,,,,,,,,,,,,,,,
"",202529,5171,-20.22666,149.00884,3,12/21/2020 23:51:47,Argos,0,453,MC,,401677690.19,12/21/2020 23:56:42,2,16,5,-116,401677690.19,149.00884,-20.22666,149.00883,-20.22666,58,3,190,230,156,89,128,97,135,0,,,,,,,,,,,,,,,,,,,,,,,,,,,,,
"",202529,5171,-20.22666,149.00884,3,12/21/2020 23:51:47,Argos,0,453,MC,,401677690.19,12/21/2020 23:57:22,4,16,5,-116,401677690.19,149.00884,-20.22666,149.00883,-20.22666,58,3,190,230,156,89,128,22,75,24,,,,,,,,,,,,,,,,,,,,,,,,,,,,,
"",202529,5171,-20.22666,149.00884,3,12/21/2020 23:51:47,Argos,0,453,MC,,401677690.19,12/21/2020 23:58:35,1,16,5,-116,401677690.19,149.00884,-20.22666,149.00883,-20.22666,58,3,190,230,156,89,128,78,144,131,220,232,166,194,180,42,223,154,23,150,8,109,14,15,181,29,213,64,145,0,,,,,,,,,
"",202529,5171,-20.22666,149.00884,3,12/21/2020 23:51:47,Argos,0,453,MC,,401677690.19,12/21/2020 23:58:50,1,16,5,-116,401677690.19,149.00884,-20.22666,149.00883,-20.22666,58,3,190,230,156,89,128,77,86,5,,,,,,,,,,,,,,,,,,,,,,,,,,,,,
"",202529,5171,,,,,,,0,SR,,401650000,12/24/2020 20:22:36,1,1,0,-126,401650000,,,,,,,,,,,,82,90,4,,,,,,,,,,,,,,,,,,,,,,,,,,,,,
"",202529,5171,,,,,,,0,SR,,401650000,12/25/2020 07:30:14,1,1,0,-122,401650000,,,,,,,,,,,,10,0,16,,,,,,,,,,,,,,,,,,,,,,,,,,,,,
"",202529,5171,,,,,,,0,NP,,401650000,12/25/2020 08:41:13,1,1,0,-138,401650000,,,,,,,,,,,,32,51,0,0,0,0,0,0,0,0,0,255,0,161,155,243,247,254,222,36,106,248,0,0,0,0,255,1,0,0,95,
"",202529,5171,,,,,,,0,NK,,401650000,12/26/2020 08:05:49,1,1,0,-135,401650000,,,,,,,,,,,,32,51,0,0,0,1,16,0,0,0,0,255,1,0,0,78,50,231,105,56,200,98,208,164,114,155,168,189,138,194,204,
"",202529,5171,-20.22864,149.02483,B,12/26/2020 23:57:03,Argos,0,22,MC,,401677691.56,12/26/2020 23:56:53,1,2,0,-123,401677691.56,149.02483,-20.22864,149.02483,-20.22864,0,3,23859,110755,5139,66,20658,32,51,0,0,0,0,0,0,0,0,64,239,65,0,8,17,164,21,121,193,3,111,202,113,49,225,27,96,188,113,158,
"",202529,5171,-20.22864,149.02483,B,12/26/2020 23:57:03,Argos,0,22,MC,,401677691.56,12/26/2020 23:57:15,1,2,0,-123,401677691.56,149.02483,-20.22864,149.02483,-20.22864,0,3,23859,110755,5139,66,20658,22,75,24,,,,,,,,,,,,,,,,,,,,,,,,,,,,,
"",202529,5171,-20.18838,149.09063,B,12/27/2020 00:17:58,Argos,0,0,NN,,401677678.69,12/27/2020 00:17:59,1,1,0,-127,401677678.69,149.09063,-20.18838,149.09064,-20.18838,6,3,17216,67715,4376,72,15395,32,51,64,0,0,0,0,0,0,0,32,255,16,0,3,158,36,48,25,142,12,29,46,163,233,234,113,39,76,106,33,
"",202529,5171,,,,,,,0,NN,,401650000,12/30/2020 21:51:07,1,1,0,-137,401650000,,,,,,,,,,,,32,51,64,0,0,0,0,0,0,0,0,255,0,0,16,222,51,32,9,2,8,57,59,102,150,72,135,168,95,237,197,
"",202529,5171,,,,,,,0,NK,,401650000,12/31/2020 20:30:58,1,1,0,-130,401650000,,,,,,,,,,,,32,51,128,0,0,0,0,0,0,0,0,255,0,0,0,212,51,96,0,0,0,0,0,0,0,77,207,92,100,233,6,
"",202529,5171,-20.13831,148.96834,B,01/01/2021 07:11:51,Argos,0,96,SR,,401677676.11,01/01/2021 07:11:03,1,2,0,-130,401677676.11,148.96834,-20.13831,148.96834,-20.13831,0,3,4508,52038,390,173,4440,68,75,5,,,,,,,,,,,,,,,,,,,,,,,,,,,,,
"",202529,5171,-20.12307,148.96644,B,01/01/2021 07:11:51,Argos,0,96,NP,,401677692.12,01/01/2021 07:11:03,1,2,0,-135,401677692.12,148.96644,-20.12307,148.96645,-20.12307,0,3,742,4187,131,173,2076,68,75,5,,,,,,,,,,,,,,,,,,,,,,,,,,,,,
"",202529,5171,-20.13831,148.96834,B,01/01/2021 07:11:51,Argos,0,96,SR,,401677676.11,01/01/2021 07:12:40,1,2,0,-130,401677676.11,148.96834,-20.13831,148.96834,-20.13831,0,3,4508,52038,390,173,4440,100,134,0,,,,,,,,,,,,,,,,,,,,,,,,,,,,,
"",202529,5171,-20.12307,148.96644,B,01/01/2021 07:11:51,Argos,0,96,NP,,401677692.12,01/01/2021 07:12:40,1,2,0,-135,401677692.12,148.96644,-20.12307,148.96645,-20.12307,0,3,742,4187,131,173,2076,100,134,0,,,,,,,,,,,,,,,,,,,,,,,,,,,,,
"",202529,5171,-20.15201,148.94399,A,01/02/2021 21:13:38,Argos,0,291,NK,,401677688.55,01/02/2021 21:11:49,1,3,0,-125,401677688.55,148.94399,-20.15201,148.94398,-20.15201,0,3,2417,180276,32,96,6826,22,75,24,,,,,,,,,,,,,,,,,,,,,,,,,,,,,
"",202529,5171,-20.15201,148.94399,A,01/02/2021 21:13:38,Argos,0,291,NK,,401677688.55,01/02/2021 21:12:27,1,3,0,-125,401677688.55,148.94399,-20.15201,148.94398,-20.15201,0,3,2417,180276,32,96,6826,78,73,5,,,,,,,,,,,,,,,,,,,,,,,,,,,,,
"",202529,5171,-20.15201,148.94399,A,01/02/2021 21:13:38,Argos,0,291,NK,,401677688.55,01/02/2021 21:16:40,1,3,0,-125,401677688.55,148.94399,-20.15201,148.94398,-20.15201,0,3,2417,180276,32,96,6826,85,207,4,,,,,,,,,,,,,,,,,,,,,,,,,,,,,
"",202529,5171,-20.14629,148.96679,B,01/02/2021 21:37:07,Argos,0,16,NP,,401677694.6,01/02/2021 21:36:59,1,2,0,-131,401677694.6,148.96679,-20.14629,148.9668,-20.14629,0,3,2472,3126,1953,161,6985,22,75,24,,,,,,,,,,,,,,,,,,,,,,,,,,,,,
"",202529,5171,-20.14629,148.96679,B,01/02/2021 21:37:07,Argos,0,16,NP,,401677694.6,01/02/2021 21:37:16,1,2,0,-131,401677694.6,148.96679,-20.14629,148.9668,-20.14629,0,3,2472,3126,1953,161,6985,65,74,5,,,,,,,,,,,,,,,,,,,,,,,,,,,,,
"",202529,5171,-20.16897,148.97058,B,01/03/2021 21:24:55,Argos,0,0,NP,,401677684.24,01/03/2021 21:24:56,1,1,0,-130,401677684.24,148.97058,-20.16897,148.97058,-20.16897,0,3,5057,7315,3495,109,14302,32,51,192,0,0,0,0,0,0,0,0,255,0,0,0,47,51,160,0,0,0,0,0,0,0,0,255,0,0,60,47,
"",202529,5171,-20.10823,149.14483,B,01/04/2021 19:37:46,Argos,0,105,NP,,401677687.09,01/04/2021 19:36:54,1,2,0,-132,401677687.09,149.14483,-20.10823,149.14484,-20.10823,0,3,4113,50637,334,135,11632,32,68,32,0,0,0,0,0,0,0,0,255,0,0,0,15,51,224,0,0,0,0,0,0,0,0,255,0,0,2,209,
"",202529,5171,-20.13236,149.17508,1,01/04/2021 19:38:54,Argos,0,205,SR,,401677693.96,01/04/2021 19:36:54,1,4,0,-125,401677693.96,149.17508,-20.13236,149.17508,-20.13236,56,3,888,5642,139,91,1057,32,68,32,0,0,0,0,0,0,0,0,255,0,0,0,15,51,224,0,0,0,0,0,0,0,0,255,0,0,0,209,
"",202529,5171,-20.10823,149.14483,B,01/04/2021 19:37:46,Argos,0,105,NP,,401677687.09,01/04/2021 19:38:39,1,2,0,-132,401677687.09,149.14483,-20.10823,149.14484,-20.10823,0,3,4113,50637,334,135,11632,100,134,0,,,,,,,,,,,,,,,,,,,,,,,,,,,,,
"",202529,5171,-20.13236,149.17508,1,01/04/2021 19:38:54,Argos,0,205,SR,,401677693.96,01/04/2021 19:38:39,1,4,0,-125,401677693.96,149.17508,-20.13236,149.17508,-20.13236,56,3,888,5642,139,91,1057,100,134,0,,,,,,,,,,,,,,,,,,,,,,,,,,,,,
"",202529,5171,-20.13236,149.17508,1,01/04/2021 19:38:54,Argos,0,205,SR,,401677693.96,01/04/2021 19:39:48,1,4,0,-125,401677693.96,149.17508,-20.13236,149.17508,-20.13236,56,3,888,5642,139,91,1057,10,0,16,,,,,,,,,,,,,,,,,,,,,,,,,,,,,
"",202529,5171,-20.13236,149.17508,1,01/04/2021 19:38:54,Argos,0,205,SR,,401677693.96,01/04/2021 19:40:19,1,4,0,-125,401677693.96,149.17508,-20.13236,149.17508,-20.13236,56,3,888,5642,139,91,1057,22,75,24,,,,,,,,,,,,,,,,,,,,,,,,,,,,,
"",202529,5171,-20.12821,149.19135,3,01/04/2021 20:05:00,Argos,0,611,A1,,401677692.46,01/04/2021 20:01:00,1,23,0,-123,401677692.46,149.19135,-20.12821,149.19135,-20.12821,56,3,129,655,25,77,124,85,1,5,,,,,,,,,,,,,,,,,,,,,,,,,,,,,
"",202529,5171,-20.12821,149.19135,3,01/04/2021 20:05:00,Argos,0,611,A1,,401677692.46,01/04/2021 20:02:06,1,23,0,-123,401677692.46,149.19135,-20.12821,149.19135,-20.12821,56,3,129,655,25,77,124,79,65,168,,,,,,,,,,,,,,,,,,,,,,,,,,,,,
"",202529,5171,-20.12821,149.19135,3,01/04/2021 20:05:00,Argos,0,611,A1,,401677692.46,01/04/2021 20:02:21,1,23,0,-123,401677692.46,149.19135,-20.12821,149.19135,-20.12821,56,3,129,655,25,77,124,94,6,5,,,,,,,,,,,,,,,,,,,,,,,,,,,,,
"",202529,5171,-20.12821,149.19135,3,01/04/2021 20:05:00,Argos,0,611,A1,,401677692.46,01/04/2021 20:02:39,1,23,0,-123,401677692.46,149.19135,-20.12821,149.19135,-20.12821,56,3,129,655,25,77,124,110,132,0,,,,,,,,,,,,,,,,,,,,,,,,,,,,,
"",202529,5171,-20.12821,149.19135,3,01/04/2021 20:05:00,Argos,0,611,A1,,401677692.46,01/04/2021 20:03:00,1,23,0,-123,401677692.46,149.19135,-20.12821,149.19135,-20.12821,56,3,129,655,25,77,124,78,4,102,,,,,,,,,,,,,,,,,,,,,,,,,,,,,
"",202529,5171,-20.12821,149.19135,3,01/04/2021 20:05:00,Argos,0,611,A1,,401677692.46,01/04/2021 20:04:02,1,23,0,-123,401677692.46,149.19135,-20.12821,149.19135,-20.12821,56,3,129,655,25,77,124,87,11,5,,,,,,,,,,,,,,,,,,,,,,,,,,,,,
"",202529,5171,-20.12821,149.19135,3,01/04/2021 20:05:00,Argos,0,611,A1,,401677692.46,01/04/2021 20:05:07,1,23,0,-123,401677692.46,149.19135,-20.12821,149.19135,-20.12821,56,3,129,655,25,77,124,79,76,5,,,,,,,,,,,,,,,,,,,,,,,,,,,,,
"",202529,5171,-20.12821,149.19135,3,01/04/2021 20:05:00,Argos,0,611,A1,,401677692.46,01/04/2021 20:05:27,1,23,0,-123,401677692.46,149.19135,-20.12821,149.19135,-20.12821,56,3,129,655,25,77,124,80,16,5,,,,,,,,,,,,,,,,,,,,,,,,,,,,,
"",202529,5171,-20.12821,149.19135,3,01/04/2021 20:05:00,Argos,0,611,A1,,401677692.46,01/04/2021 20:06:00,1,23,0,-123,401677692.46,149.19135,-20.12821,149.19135,-20.12821,56,3,129,655,25,77,124,100,134,0,,,,,,,,,,,,,,,,,,,,,,,,,,,,,
"",202529,5171,-20.12821,149.19135,3,01/04/2021 20:05:00,Argos,0,611,A1,,401677692.46,01/04/2021 20:06:16,2,23,0,-123,401677692.46,149.19135,-20.12821,149.19135,-20.12821,56,3,129,655,25,77,124,10,0,16,,,,,,,,,,,,,,,,,,,,,,,,,,,,,
"",202529,5171,-20.12821,149.19135,3,01/04/2021 20:05:00,Argos,0,611,A1,,401677692.46,01/04/2021 20:07:44,1,23,0,-123,401677692.46,149.19135,-20.12821,149.19135,-20.12821,56,3,129,655,25,77,124,81,21,5,,,,,,,,,,,,,,,,,,,,,,,,,,,,,
"",202529,5171,-20.12821,149.19135,3,01/04/2021 20:05:00,Argos,0,611,A1,,401677692.46,01/04/2021 20:08:09,2,23,0,-123,401677692.46,149.19135,-20.12821,149.19135,-20.12821,56,3,129,655,25,77,124,97,135,0,,,,,,,,,,,,,,,,,,,,,,,,,,,,,
"",202529,5171,-20.12821,149.19135,3,01/04/2021 20:05:00,Argos,0,611,A1,,401677692.46,01/04/2021 20:08:40,1,23,0,-123,401677692.46,149.19135,-20.12821,149.19135,-20.12821,56,3,129,655,25,77,124,86,48,131,220,232,166,194,180,34,80,120,87,20,10,47,16,29,246,29,212,176,255,128,,,,,,,,,
"",202529,5171,-20.12821,149.19135,3,01/04/2021 20:05:00,Argos,0,611,A1,,401677692.46,01/04/2021 20:09:19,5,23,0,-123,401677692.46,149.19135,-20.12821,149.19135,-20.12821,56,3,129,655,25,77,124,22,75,24,,,,,,,,,,,,,,,,,,,,,,,,,,,,,
"",202529,5171,-20.12821,149.19135,3,01/04/2021 20:05:00,Argos,0,611,A1,,401677692.46,01/04/2021 20:09:44,2,23,0,-123,401677692.46,149.19135,-20.12821,149.19135,-20.12821,56,3,129,655,25,77,124,68,75,5,,,,,,,,,,,,,,,,,,,,,,,,,,,,,
"",202529,5171,-20.12821,149.19135,3,01/04/2021 20:05:00,Argos,0,611,A1,,401677692.46,01/04/2021 20:10:34,1,23,0,-123,401677692.46,149.19135,-20.12821,149.19135,-20.12821,56,3,129,655,25,77,124,10,1,16,,,,,,,,,,,,,,,,,,,,,,,,,,,,,
"",202529,5171,-20.12323,149.20359,A,01/04/2021 20:24:24,Argos,0,406,NK,,401677692.17,01/04/2021 20:20:24,1,3,0,-128,401677692.17,149.20359,-20.12323,149.20358,-20.12323,6,3,249,653,95,125,413,10,0,16,,,,,,,,,,,,,,,,,,,,,,,,,,,,,
"",202529,5171,-20.12323,149.20359,A,01/04/2021 20:24:24,Argos,0,406,NK,,401677692.17,01/04/2021 20:25:38,1,3,0,-128,401677692.17,149.20359,-20.12323,149.20358,-20.12323,6,3,249,653,95,125,413,32,68,32,0,0,0,0,0,0,0,0,255,0,0,32,143,179,224,10,178,135,128,22,128,63,6,65,233,109,85,15,
"",202529,5171,-20.12323,149.20359,A,01/04/2021 20:24:24,Argos,0,406,NK,,401677692.17,01/04/2021 20:27:10,1,3,0,-128,401677692.17,149.20359,-20.12323,149.20358,-20.12323,6,3,249,653,95,125,413,79,76,5,,,,,,,,,,,,,,,,,,,,,,,,,,,,,
"",202529,5171,-20.10854,149.21105,2,01/04/2021 21:14:11,Argos,0,299,NP,,401677690.99,01/04/2021 21:11:44,1,8,0,-126,401677690.99,149.21105,-20.10854,149.21104,-20.10854,58,3,284,586,137,146,388,22,75,24,,,,,,,,,,,,,,,,,,,,,,,,,,,,,
"",202529,5171,-20.10854,149.21105,2,01/04/2021 21:14:11,Argos,0,299,NP,,401677690.99,01/04/2021 21:12:29,1,8,0,-126,401677690.99,149.21105,-20.10854,149.21104,-20.10854,58,3,284,586,137,146,388,32,68,96,0,0,0,0,0,0,0,0,255,0,0,0,244,68,64,0,0,0,0,0,0,0,0,255,0,32,17,67,
"",202529,5171,-20.10854,149.21105,2,01/04/2021 21:14:11,Argos,0,299,NP,,401677690.99,01/04/2021 21:13:16,1,8,0,-126,401677690.99,149.21105,-20.10854,149.21104,-20.10854,58,3,284,586,137,146,388,88,103,5,,,,,,,,,,,,,,,,,,,,,,,,,,,,,
"",202529,5171,-20.10854,149.21105,2,01/04/2021 21:14:11,Argos,0,299,NP,,401677690.99,01/04/2021 21:14:28,1,8,0,-126,401677690.99,149.21105,-20.10854,149.21104,-20.10854,58,3,284,586,137,146,388,74,77,5,,,,,,,,,,,,,,,,,,,,,,,,,,,,,
"",202529,5171,-20.10854,149.21105,2,01/04/2021 21:14:11,Argos,0,299,NP,,401677690.99,01/04/2021 21:14:44,1,8,0,-126,401677690.99,149.21105,-20.10854,149.21104,-20.10854,58,3,284,586,137,146,388,95,108,5,,,,,,,,,,,,,,,,,,,,,,,,,,,,,
"",202529,5171,-20.10854,149.21105,2,01/04/2021 21:14:11,Argos,0,299,NP,,401677690.99,01/04/2021 21:16:11,1,8,0,-126,401677690.99,149.21105,-20.10854,149.21104,-20.10854,58,3,284,586,137,146,388,100,134,0,,,,,,,,,,,,,,,,,,,,,,,,,,,,,
"",202529,5171,-20.10799,149.21119,B,01/04/2021 21:16:26,Argos,0,31,SR,,401677690.37,01/04/2021 21:16:11,1,2,0,-131,401677690.37,149.21119,-20.10799,149.2112,-20.10799,6,3,433,503,372,136,695,100,134,0,,,,,,,,,,,,,,,,,,,,,,,,,,,,,
"",202529,5171,-20.10854,149.21105,2,01/04/2021 21:14:11,Argos,0,299,NP,,401677690.99,01/04/2021 21:16:43,2,8,0,-126,401677690.99,149.21105,-20.10854,149.21104,-20.10854,58,3,284,586,137,146,388,10,0,16,,,,,,,,,,,,,,,,,,,,,,,,,,,,,
"",202529,5171,-20.10799,149.21119,B,01/04/2021 21:16:26,Argos,0,31,SR,,401677690.37,01/04/2021 21:16:43,1,2,0,-131,401677690.37,149.21119,-20.10799,149.2112,-20.10799,6,3,433,503,372,136,695,10,0,16,,,,,,,,,,,,,,,,,,,,,,,,,,,,,
"",202529,5171,-20.08696,149.38132,B,01/05/2021 19:10:45,Argos,0,0,SR,,401677683.75,01/05/2021 19:10:46,1,1,0,-128,401677683.75,149.38132,-20.08696,149.38132,-20.08696,0,3,6041,15388,2371,81,10687,73,176,131,220,232,166,194,180,34,204,155,58,124,63,64,179,116,54,38,243,246,14,147,,,,,,,,,
"",202529,5171,-20.08413,149.36556,B,01/06/2021 00:01:39,Argos,0,0,NN,,401677684.82,01/06/2021 00:01:39,1,1,0,-124,401677684.82,149.36556,-20.08413,149.36555,-20.08413,8,3,11455,59099,2220,74,22072,32,68,160,0,0,0,0,0,0,0,0,255,0,0,0,254,68,128,0,0,0,0,0,0,0,0,255,,,,,
"",202529,5171,-20.04473,149.08877,B,01/06/2021 20:19:50,Argos,0,428,SR,,401677677.64,01/06/2021 20:16:17,1,2,0,-124,401677677.64,149.08877,-20.04473,149.08878,-20.04473,0,3,13864,273434,702,37,10368,82,165,6,,,,,,,,,,,,,,,,,,,,,,,,,,,,,
"",202529,5171,-20.04473,149.08877,B,01/06/2021 20:19:50,Argos,0,428,SR,,401677677.64,01/06/2021 20:23:25,1,2,0,-124,401677677.64,149.08877,-20.04473,149.08878,-20.04473,0,3,13864,273434,702,37,10368,86,240,70,111,51,6,239,254,220,112,134,247,175,125,20,80,33,190,81,165,200,15,184,,,,,,,,,
"",202529,5171,-20.16671,148.99786,B,01/06/2021 21:14:26,Argos,0,0,NK,,401677714.94,01/06/2021 21:14:26,1,1,0,-125,401677714.94,148.99786,-20.16671,148.99786,-20.16671,6,3,6534,9419,4532,70,3192,97,135,0,,,,,,,,,,,,,,,,,,,,,,,,,,,,,
"",202529,5171,-20.16512,149.0002,B,01/06/2021 21:14:37,Argos,0,23,MA,,401677703.9,01/06/2021 21:14:26,1,2,0,-124,401677703.9,149.0002,-20.16512,149.0002,-20.16512,6,2,3731,5575,2496,107,2535,97,135,0,,,,,,,,,,,,,,,,,,,,,,,,,,,,,
"",202529,5171,-20.16512,149.0002,B,01/06/2021 21:14:37,Argos,0,23,MA,,401677703.9,01/06/2021 21:14:49,1,2,0,-124,401677703.9,149.0002,-20.16512,149.0002,-20.16512,6,2,3731,5575,2496,107,2535,136,103,198,,,,,,,,,,,,,,,,,,,,,,,,,,,,,
"",202529,5171,-20.23942,148.94514,B,01/06/2021 23:21:38,Argos,0,0,MC,,401677682.14,01/06/2021 23:21:39,1,1,0,-120,401677682.14,148.94514,-20.23942,148.94514,-20.23942,8,3,8027,9262,6957,102,5032,22,75,24,,,,,,,,,,,,,,,,,,,,,,,,,,,,,
"",202529,5171,-20.18178,148.93146,B,01/07/2021 07:23:04,Argos,0,0,SR,,401677668.45,01/07/2021 07:23:04,1,1,0,-125,401677668.45,148.93146,-20.18178,148.93146,-20.18178,8,2,3022,5823,1568,81,7985,10,0,16,,,,,,,,,,,,,,,,,,,,,,,,,,,,,
"",202529,5171,-20.14122,149.00939,A,01/07/2021 07:41:17,Argos,0,38,NP,,401677711.39,01/07/2021 07:40:59,1,2,0,-128,401677711.39,149.00939,-20.14122,149.00938,-20.14122,6,3,513,2329,112,153,1419,65,74,5,,,,,,,,,,,,,,,,,,,,,,,,,,,,,
"",202529,5171,-20.1407,149.01086,A,01/07/2021 07:42:22,Argos,0,214,A1,,401677690.61,01/07/2021 07:40:59,1,3,0,-127,401677690.61,149.01086,-20.1407,149.01086,-20.1407,6,3,2391,13379,427,96,1670,65,74,5,,,,,,,,,,,,,,,,,,,,,,,,,,,,,
"",202529,5171,-20.14122,149.00939,A,01/07/2021 07:41:17,Argos,0,38,NP,,401677711.39,01/07/2021 07:41:37,1,2,0,-128,401677711.39,149.00939,-20.14122,149.00938,-20.14122,6,3,513,2329,112,153,1419,100,134,0,,,,,,,,,,,,,,,,,,,,,,,,,,,,,
"",202529,5171,-20.1407,149.01086,A,01/07/2021 07:42:22,Argos,0,214,A1,,401677690.61,01/07/2021 07:41:37,1,3,0,-127,401677690.61,149.01086,-20.1407,149.01086,-20.1407,6,3,2391,13379,427,96,1670,100,134,0,,,,,,,,,,,,,,,,,,,,,,,,,,,,,
"",202529,5171,-20.1407,149.01086,A,01/07/2021 07:42:22,Argos,0,214,A1,,401677690.61,01/07/2021 07:44:33,1,3,0,-127,401677690.61,149.01086,-20.1407,149.01086,-20.1407,6,3,2391,13379,427,96,1670,22,75,24,,,,,,,,,,,,,,,,,,,,,,,,,,,,,
"",202529,5171,-20.14122,149.00939,A,01/07/2021 07:41:17,Argos,0,38,NP,,401677711.39,01/07/2021 07:44:33,1,2,0,-128,401677711.39,149.00939,-20.14122,149.00938,-20.14122,6,3,513,2329,112,153,1419,22,75,24,,,,,,,,,,,,,,,,,,,,,,,,,,,,,
"",202529,5171,-20.40539,148.99207,B,01/07/2021 19:21:13,Argos,0,441,A1,,401677741.76,01/07/2021 19:17:33,1,2,0,-134,401677741.76,148.99207,-20.40539,148.99207,-20.40539,8,2,9121,256616,324,179,6362,97,135,0,,,,,,,,,,,,,,,,,,,,,,,,,,,,,
"",202529,5171,-20.40539,148.99207,B,01/07/2021 19:21:13,Argos,0,441,A1,,401677741.76,01/07/2021 19:24:54,1,2,0,-134,401677741.76,148.99207,-20.40539,148.99207,-20.40539,8,2,9121,256616,324,179,6362,22,75,24,,,,,,,,,,,,,,,,,,,,,,,,,,,,,
"",202529,5171,-20.14854,149.00287,A,01/07/2021 19:46:49,Argos,0,27,SR,,401677694.3,01/07/2021 19:46:36,1,2,0,-124,401677694.3,149.00287,-20.14854,149.00287,-20.14854,6,3,310,2037,47,103,827,78,65,7,,,,,,,,,,,,,,,,,,,,,,,,,,,,,
"",202529,5171,-20.14854,149.00287,A,01/07/2021 19:46:49,Argos,0,27,SR,,401677694.3,01/07/2021 19:47:03,1,2,0,-124,401677694.3,149.00287,-20.14854,149.00287,-20.14854,6,3,310,2037,47,103,827,94,97,148,,,,,,,,,,,,,,,,,,,,,,,,,,,,,
"",202529,5171,-20.14854,149.00287,A,01/07/2021 19:46:49,Argos,0,27,SR,,401677694.3,01/07/2021 19:53:33,1,2,0,-124,401677694.3,149.00287,-20.14854,149.00287,-20.14854,6,3,310,2037,47,103,827,10,0,16,,,,,,,,,,,,,,,,,,,,,,,,,,,,,
"",202529,5171,-20.16535,148.99269,B,01/07/2021 20:33:32,Argos,0,120,NP,,401677691.52,01/07/2021 20:32:33,1,2,0,-132,401677691.52,148.99269,-20.16535,148.99269,-20.16535,8,3,765,2538,230,126,2144,78,73,5,,,,,,,,,,,,,,,,,,,,,,,,,,,,,
"",202529,5171,-20.16535,148.99269,B,01/07/2021 20:33:32,Argos,0,120,NP,,401677691.52,01/07/2021 20:34:33,1,2,0,-132,401677691.52,148.99269,-20.16535,148.99269,-20.16535,8,3,765,2538,230,126,2144,97,135,0,,,,,,,,,,,,,,,,,,,,,,,,,,,,,
"",202529,5171,-20.17138,148.98725,B,01/07/2021 20:49:42,Argos,0,148,NK,,401677694.63,01/07/2021 20:48:29,1,2,0,-124,401677694.63,148.98725,-20.17138,148.98724,-20.17138,6,3,670,6179,72,152,1870,75,72,5,,,,,,,,,,,,,,,,,,,,,,,,,,,,,
"",202529,5171,-20.17138,148.98725,B,01/07/2021 20:49:42,Argos,0,148,NK,,401677694.63,01/07/2021 20:50:57,1,2,0,-124,401677694.63,148.98725,-20.17138,148.98724,-20.17138,6,3,670,6179,72,152,1870,93,249,6,,,,,,,,,,,,,,,,,,,,,,,,,,,,,
"",202529,5171,-20.16832,148.98587,B,01/07/2021 21:56:42,Argos,0,0,NN,,401677696.54,01/07/2021 21:56:42,1,1,0,-135,401677696.54,148.98587,-20.16832,148.98587,-20.16832,8,3,1329,1790,987,152,3747,10,0,16,,,,,,,,,,,,,,,,,,,,,,,,,,,,,
"",202529,5171,-20.20292,148.97082,B,01/07/2021 23:00:03,Argos,0,81,MC,,401677695.43,01/07/2021 23:00:03,1,2,1,-117,401677695.43,148.97082,-20.20292,148.97083,-20.20292,8,3,1364,11210,165,86,3845,72,71,5,,,,,,,,,,,,,,,,,,,,,,,,,,,,,
"",202529,5171,-20.20292,148.97082,B,01/07/2021 23:00:03,Argos,0,81,MC,,401677695.43,01/07/2021 23:01:25,1,2,1,-117,401677695.43,148.97082,-20.20292,148.97083,-20.20292,8,3,1364,11210,165,86,3845,97,135,0,,,,,,,,,,,,,,,,,,,,,,,,,,,,,
"",202529,5171,-20.21412,148.97147,B,01/07/2021 23:30:10,Argos,0,0,NN,,401677684.66,01/07/2021 23:30:11,1,1,0,-128,401677684.66,148.97147,-20.21412,148.97147,-20.21412,8,3,1593,4515,561,87,4495,77,70,5,,,,,,,,,,,,,,,,,,,,,,,,,,,,,
"",202529,5171,-20.18276,148.97036,B,01/08/2021 20:56:42,Argos,0,0,SR,,401677689.55,01/08/2021 20:56:42,1,1,0,-128,401677689.55,148.97036,-20.18276,148.97037,-20.18276,0,2,3971,12859,1225,82,11228,98,136,0,,,,,,,,,,,,,,,,,,,,,,,,,,,,,
"",202529,5171,-20.20543,148.94801,B,01/08/2021 22:09:39,Argos,0,0,MA,,401677688.26,01/08/2021 22:09:39,1,1,0,-127,401677688.26,148.94801,-20.20543,148.94801,-20.20543,8,3,6233,31940,1216,77,17628,32,68,224,0,0,0,0,0,0,0,0,255,0,1,8,141,185,232,86,90,2,174,144,8,89,250,76,104,39,174,32,
"",202529,5171,-20.19073,148.99851,B,01/08/2021 22:09:39,Argos,0,0,NK,,401677696.61,01/08/2021 22:09:39,1,1,0,-135,401677696.61,148.99851,-20.19073,148.9985,-20.19073,0,2,4941,17254,1414,72,13973,32,68,224,0,0,0,0,0,0,0,0,255,0,4,39,169,93,166,194,64,234,177,64,134,209,45,50,92,217,145,179,
"",202529,5171,-20.45061,149.00634,B,01/09/2021 20:09:53,Argos,0,0,NP,,401677668.99,01/09/2021 20:09:53,1,1,0,-131,401677668.99,149.00634,-20.45061,149.00633,-20.45061,0,3,6482,9679,4340,78,18333,77,70,5,,,,,,,,,,,,,,,,,,,,,,,,,,,,,
"",202529,5171,-20.43122,149.08516,A,01/13/2021 20:05:34,Argos,0,63,SR,,401677678.17,01/13/2021 20:05:06,1,3,0,-132,401677678.17,149.08516,-20.43122,149.08516,-20.43122,0,2,44503,505482,3918,51,29625,32,69,96,0,0,0,0,107,196,66,6,203,127,255,248,16,221,184,70,4,8,64,112,11,9,2,135,13,79,33,233,
"",202529,5171,-20.43122,149.08516,A,01/13/2021 20:05:34,Argos,0,63,SR,,401677678.17,01/13/2021 20:05:28,1,3,0,-132,401677678.17,149.08516,-20.43122,149.08516,-20.43122,0,2,44503,505482,3918,51,29625,32,69,32,0,0,0,0,0,0,0,0,255,0,0,0,234,69,0,0,0,0,0,0,0,0,0,255,0,0,0,20,
"",202529,5171,-20.43122,149.08516,A,01/13/2021 20:05:34,Argos,0,63,SR,,401677678.17,01/13/2021 20:06:09,1,3,0,-132,401677678.17,149.08516,-20.43122,149.08516,-20.43122,0,2,44503,505482,3918,51,29625,10,0,16,,,,,,,,,,,,,,,,,,,,,,,,,,,,,
"",202529,5171,,,,,,,0,A1,,401650000,01/14/2021 20:47:56,1,1,0,-133,401650000,,,,,,,,,,,,32,69,160,10,82,235,97,8,115,218,156,34,168,91,82,90,82,90,212,181,169,82,214,216,90,18,30,26,77,33,101,
"",202529,5171,,,,,,,0,MB,,401650000,01/14/2021 23:12:36,1,1,0,-136,401650000,,,,,,,,,,,,32,69,96,0,0,40,0,36,182,117,63,222,251,247,50,253,50,79,183,96,190,176,18,255,192,31,188,224,248,62,224,
"",202529,5171,-20.2342,149.02439,A,01/17/2021 08:52:19,Argos,0,69,SR,,401677673.02,01/17/2021 08:51:45,1,2,0,-125,401677673.02,149.02439,-20.2342,149.02438,-20.2342,0,3,617,2708,140,127,700,32,69,96,0,0,0,0,0,0,0,0,255,0,0,0,17,69,64,0,0,0,0,0,6,106,9,34,159,159,53,201,
"",202529,5171,-20.23823,148.99108,B,01/17/2021 08:52:19,Argos,0,69,NK,,401677687.25,01/17/2021 08:51:45,1,2,0,-128,401677687.25,148.99108,-20.23823,148.99107,-20.23823,0,3,12064,224936,647,83,10568,32,69,96,0,0,0,0,0,0,0,0,255,0,0,0,17,69,64,0,0,0,0,0,10,72,63,199,186,53,100,239,
"",202529,5171,-20.2342,149.02439,A,01/17/2021 08:52:19,Argos,0,69,SR,,401677673.02,01/17/2021 08:52:55,1,2,0,-125,401677673.02,149.02439,-20.2342,149.02438,-20.2342,0,3,617,2708,140,127,700,32,69,224,0,0,0,0,0,0,0,0,255,0,0,0,224,69,192,0,0,0,0,0,0,0,0,255,0,0,0,30,
"",202529,5171,-20.23823,148.99108,B,01/17/2021 08:52:19,Argos,0,69,NK,,401677687.25,01/17/2021 08:52:55,1,2,0,-128,401677687.25,148.99108,-20.23823,148.99107,-20.23823,0,3,12064,224936,647,83,10568,32,69,224,0,0,0,0,0,0,0,0,255,0,0,0,224,69,192,0,0,0,0,0,0,0,0,255,0,0,0,30,
"",202529,5171,-20.2342,149.02439,A,01/17/2021 08:52:19,Argos,0,69,SR,,401677673.02,01/17/2021 08:55:59,1,2,0,-125,401677673.02,149.02439,-20.2342,149.02438,-20.2342,0,3,617,2708,140,127,700,32,69,32,0,0,0,0,0,0,0,0,255,0,0,0,234,77,144,65,240,188,174,168,159,199,71,231,5,140,47,231,
"",202529,5171,-20.13488,149.0328,B,01/17/2021 21:16:54,Argos,0,0,SR,,401677720.95,01/17/2021 21:16:54,1,1,0,-131,401677720.95,149.0328,-20.13488,149.0328,-20.13488,0,3,3090,5370,1777,93,8735,71,68,5,,,,,,,,,,,,,,,,,,,,,,,,,,,,,
"",202529,5171,-20.09098,149.06614,B,01/17/2021 21:32:48,Argos,0,0,NK,,401677676.74,01/17/2021 21:32:48,1,1,0,-132,401677676.74,149.06614,-20.09098,149.06615,-20.09098,6,3,2939,5598,1542,102,8307,10,0,16,,,,,,,,,,,,,,,,,,,,,,,,,,,,,
"",202529,5171,-20.18559,149.09989,B,01/19/2021 20:44:02,Argos,0,150,NK,,401677707.95,01/19/2021 20:42:48,1,2,0,-127,401677707.95,149.09989,-20.18559,149.09988,-20.18559,0,3,4861,189657,124,82,13749,32,69,224,0,0,0,0,0,0,0,0,255,0,0,0,224,69,192,0,0,0,0,0,0,0,0,255,0,0,0,30,
"",202529,5171,-20.18559,149.09989,B,01/19/2021 20:44:02,Argos,0,150,NK,,401677707.95,01/19/2021 20:45:18,1,2,0,-127,401677707.95,149.09989,-20.18559,149.09988,-20.18559,0,3,4861,189657,124,82,13749,84,164,10,,,,,,,,,,,,,,,,,,,,,,,,,,,,,
"",202529,5171,,,,,,,0,NP,,401650000,01/21/2021 21:10:15,1,1,0,-132,401650000,,,,,,,,,,,,10,0,16,,,,,,,,,,,,,,,,,,,,,,,,,,,,,
"",202529,5171,,,,,,,0,MA,,401650000,01/21/2021 21:10:15,1,1,0,-134,401650000,,,,,,,,,,,,10,0,16,,,,,,,,,,,,,,,,,,,,,,,,,,,,,
"",202529,5171,,,,,,,0,MC,,401650000,01/21/2021 23:21:10,1,1,0,-136,401650000,,,,,,,,,,,,0,70,32,0,0,0,4,0,0,8,152,255,0,0,0,194,70,4,0,0,0,0,0,0,0,0,238,137,154,135,56,
"",202529,5171,,,,,,,0,SR,,401650000,01/23/2021 19:51:23,1,1,0,-124,401650000,,,,,,,,,,,,76,48,231,,,,,,,,,,,,,,,,,,,,,,,,,,,,,
"",202529,5171,-20.21412,149.18211,B,01/23/2021 20:08:07,Argos,0,258,A1,,401677726.45,01/23/2021 20:05:59,1,2,0,-124,401677726.45,149.18211,-20.21412,149.18211,-20.21412,0,3,4272,299194,61,108,7139,100,134,0,,,,,,,,,,,,,,,,,,,,,,,,,,,,,
"",202529,5171,-20.21412,149.18211,B,01/23/2021 20:08:07,Argos,0,258,A1,,401677726.45,01/23/2021 20:10:17,1,2,0,-124,401677726.45,149.18211,-20.21412,149.18211,-20.21412,0,3,4272,299194,61,108,7139,10,0,16,,,,,,,,,,,,,,,,,,,,,,,,,,,,,
"",202529,5171,-20.15679,149.00311,B,01/23/2021 20:44:23,Argos,0,0,NK,,401677689.19,01/23/2021 20:44:23,1,1,0,-128,401677689.19,149.00311,-20.15679,149.00311,-20.15679,8,3,5106,21550,1209,105,6705,80,223,7,,,,,,,,,,,,,,,,,,,,,,,,,,,,,
"",202529,5171,,,,,,,0,NN,,401650000,01/24/2021 23:31:56,1,1,0,-128,401650000,,,,,,,,,,,,32,70,160,0,0,0,0,0,0,0,0,255,0,0,0,51,70,128,0,0,0,0,0,0,0,1,213,43,173,81,109,
"",202529,5171,,,,,,,0,SR,,401650000,01/28/2021 08:10:43,1,1,0,-122,401650000,,,,,,,,,,,,19,85,137,,,,,,,,,,,,,,,,,,,,,,,,,,,,,
"",202529,5171,,,,,,,0,NN,,401650000,01/28/2021 11:28:18,1,1,0,-125,401650000,,,,,,,,,,,,32,71,96,0,0,0,0,0,0,0,0,255,0,0,0,220,71,64,0,0,0,0,0,0,0,0,255,0,0,0,34,
"",202529,5171,,,,,,,0,NP,,401650000,01/28/2021 21:33:16,1,1,0,-132,401650000,,,,,,,,,,,,77,70,5,,,,,,,,,,,,,,,,,,,,,,,,,,,,,
"",202529,5171,,,,,,,0,A1,,401650000,01/29/2021 20:16:09,1,1,0,-123,401650000,,,,,,,,,,,,76,80,131,220,232,166,194,180,46,208,234,25,148,16,161,12,1,255,29,212,144,255,128,,,,,,,,,
"",202529,5171,,,,,,,0,NP,,401650000,01/29/2021 21:22:30,1,1,0,-130,401650000,,,,,,,,,,,,78,73,5,,,,,,,,,,,,,,,,,,,,,,,,,,,,,
"",202529,5171,,,,,,,0,NK,,401650000,01/29/2021 21:30:29,1,1,0,-130,401650000,,,,,,,,,,,,10,0,16,,,,,,,,,,,,,,,,,,,,,,,,,,,,,
"",202529,5171,,,,,,,0,NP,,401650000,02/01/2021 20:51:18,1,1,0,-132,401650000,,,,,,,,,,,,32,71,224,0,0,0,0,0,0,0,0,255,0,0,0,45,71,192,0,0,0,0,0,0,0,0,255,0,0,0,211,
"",202529,5171,-20.17717,149.01465,B,02/04/2021 23:30:49,Argos,0,16,MC,,401677700.44,02/04/2021 23:30:41,1,2,0,-126,401677700.44,149.01465,-20.17717,149.01465,-20.17717,0,3,33907,72430,15873,97,40964,32,71,160,0,0,2,44,31,254,222,255,0,127,255,239,149,103,0,0,0,0,0,0,0,0,0,255,0,0,0,40,
"",202529,5171,-20.17717,149.01465,B,02/04/2021 23:30:49,Argos,0,16,MC,,401677700.44,02/04/2021 23:30:58,1,2,0,-126,401677700.44,149.01465,-20.17717,149.01465,-20.17717,0,3,33907,72430,15873,97,40964,16,197,124,119,230,246,46,108,148,6,23,7,132,128,194,170,72,32,0,0,144,0,0,3,11,17,140,239,68,10,218,
"",202529,5171,,,,,,,0,NN,,401650000,02/08/2021 12:41:11,1,1,0,-132,401650000,,,,,,,,,,,,32,72,128,0,0,0,0,2,64,34,0,255,65,32,1,137,255,223,169,206,112,212,250,243,231,88,28,154,252,220,20,
"",202529,5171,-20.17303,149.22044,B,02/12/2021 08:59:52,Argos,0,90,NP,,401677687.86,02/12/2021 08:59:08,1,2,0,-125,401677687.86,149.22044,-20.17303,149.22044,-20.17303,0,2,13340,860893,206,63,23209,14,243,193,,,,,,,,,,,,,,,,,,,,,,,,,,,,,
"",202529,5171,-20.0845,149.39904,B,02/12/2021 09:00:37,Argos,0,90,MA,,401677704.06,02/12/2021 08:59:08,1,2,0,-132,401677704.06,149.39904,-20.0845,149.39903,-20.0845,6,3,524,1669,164,60,1409,57,48,73,,,,,,,,,,,,,,,,,,,,,,,,,,,,,
"",202529,5171,-20.17303,149.22044,B,02/12/2021 08:59:52,Argos,0,90,NP,,401677687.86,02/12/2021 09:00:38,1,2,0,-125,401677687.86,149.22044,-20.17303,149.22044,-20.17303,0,2,13340,860893,206,63,23209,22,75,24,,,,,,,,,,,,,,,,,,,,,,,,,,,,,
"",202529,5171,-20.0845,149.39904,B,02/12/2021 09:00:37,Argos,0,90,MA,,401677704.06,02/12/2021 09:00:38,1,2,0,-132,401677704.06,149.39904,-20.0845,149.39903,-20.0845,6,3,524,1669,164,60,1409,22,75,24,,,,,,,,,,,,,,,,,,,,,,,,,,,,,
"",202529,5171,-20.09008,149.37285,B,02/12/2021 20:48:40,Argos,0,0,NK,,401677734.05,02/12/2021 20:48:41,1,1,0,-133,401677734.05,149.37285,-20.09008,149.37285,-20.09008,8,3,3581,3664,3498,104,10125,87,144,10,,,,,,,,,,,,,,,,,,,,,,,,,,,,,
"",202529,5171,,,,,,,0,NP,,401650000,02/14/2021 08:34:22,1,1,0,-132,401650000,,,,,,,,,,,,32,73,128,0,0,0,0,0,0,0,0,255,0,0,0,69,73,96,0,0,0,0,0,0,0,0,255,0,0,0,177,
"",202529,5171,,,,,,,0,A1,,401650000,02/15/2021 07:33:28,1,1,0,-124,401650000,,,,,,,,,,,,32,73,128,0,0,0,0,0,0,0,0,255,0,0,0,69,73,96,0,0,0,0,0,0,0,0,255,0,0,0,177,
"",202529,5171,,,,,,,0,NP,,401650000,02/16/2021 09:53:00,1,1,0,-132,401650000,,,,,,,,,,,,32,73,192,0,0,0,32,113,141,195,199,137,208,241,176,147,35,224,19,132,182,113,77,12,199,156,74,12,250,231,157,
"",202529,5171,-19.9616,149.11326,0,02/16/2021 22:02:55,Argos,0,95,MA,,401677703.55,02/16/2021 22:02:08,1,2,0,-124,401677703.55,149.11326,-19.9616,149.11327,-19.9616,50,3,2943,127359,68,105,3330,76,82,79,,,,,,,,,,,,,,,,,,,,,,,,,,,,,
"",202529,5171,-19.9616,149.11326,0,02/16/2021 22:02:55,Argos,0,95,MA,,401677703.55,02/16/2021 22:03:44,1,2,0,-124,401677703.55,149.11326,-19.9616,149.11327,-19.9616,50,3,2943,127359,68,105,3330,85,170,10,,,,,,,,,,,,,,,,,,,,,,,,,,,,,
"",202529,5171,-19.9616,149.11326,0,02/16/2021 22:02:55,Argos,0,95,MA,,401677703.55,02/16/2021 22:09:26,1,2,0,-124,401677703.55,149.11326,-19.9616,149.11327,-19.9616,50,3,2943,127359,68,105,3330,71,84,5,,,,,,,,,,,,,,,,,,,,,,,,,,,,,
"",202529,5171,-19.9616,149.11326,0,02/16/2021 22:02:55,Argos,0,95,MA,,401677703.55,02/16/2021 22:13:55,1,2,0,-124,401677703.55,149.11326,-19.9616,149.11327,-19.9616,50,3,2943,127359,68,105,3330,84,175,10,,,,,,,,,,,,,,,,,,,,,,,,,,,,,
"",202529,5171,-20.04751,149.37165,0,02/16/2021 22:32:55,Argos,0,212,MC,,401677713.24,02/16/2021 22:31:05,1,4,0,-121,401677713.24,149.37165,-20.04751,149.37164,-20.04751,46,2,9256,77567,1104,98,1938,83,180,10,,,,,,,,,,,,,,,,,,,,,,,,,,,,,
"",202529,5171,-20.04751,149.37165,0,02/16/2021 22:32:55,Argos,0,212,MC,,401677713.24,02/16/2021 22:32:17,1,4,0,-121,401677713.24,149.37165,-20.04751,149.37164,-20.04751,46,2,9256,77567,1104,98,1938,107,133,0,,,,,,,,,,,,,,,,,,,,,,,,,,,,,
"",202529,5171,-20.04751,149.37165,0,02/16/2021 22:32:55,Argos,0,212,MC,,401677713.24,02/16/2021 22:33:44,1,4,0,-121,401677713.24,149.37165,-20.04751,149.37164,-20.04751,46,2,9256,77567,1104,98,1938,10,0,16,,,,,,,,,,,,,,,,,,,,,,,,,,,,,
"",202529,5171,-20.04751,149.37165,0,02/16/2021 22:32:55,Argos,0,212,MC,,401677713.24,02/16/2021 22:34:37,1,4,0,-121,401677713.24,149.37165,-20.04751,149.37164,-20.04751,46,2,9256,77567,1104,98,1938,71,84,5,,,,,,,,,,,,,,,,,,,,,,,,,,,,,
"",202529,5171,-20.04569,149.37333,B,02/17/2021 00:14:54,Argos,0,0,MC,,401677709.35,02/17/2021 00:14:54,1,1,0,-123,401677709.35,149.37333,-20.04569,149.37334,-20.04569,8,3,13827,19829,9641,107,4095,32,74,0,0,0,0,0,0,1,70,49,187,220,160,2,3,126,63,255,255,255,255,255,255,255,254,0,255,255,255,127,
"",202529,5171,,,,,,,0,NN,,401650000,02/19/2021 23:31:19,1,1,0,-125,401650000,,,,,,,,,,,,32,74,64,0,0,0,0,0,0,0,0,255,0,0,0,103,74,32,0,0,0,0,0,0,0,0,255,0,0,0,98,
"",202529,5171,,,,,,,0,NK,,401650000,02/25/2021 20:13:06,1,1,0,-129,401650000,,,,,,,,,,,,72,240,131,220,232,166,194,180,44,208,178,193,1,27,202,25,224,24,140,171,52,119,63,,,,,,,,,
"",202529,5171,,,,,,,0,SR,,401650000,02/26/2021 06:26:53,1,1,0,-137,401650000,,,,,,,,,,,,10,0,16,,,,,,,,,,,,,,,,,,,,,,,,,,,,,
"",202529,5171,,,,,,,0,NN,,401650000,02/26/2021 23:45:21,1,1,0,-126,401650000,,,,,,,,,,,,32,74,128,0,0,0,24,90,106,55,105,242,119,68,37,93,240,33,236,170,85,175,117,158,169,205,104,195,219,37,4,
"",202529,5171,,,,,,,0,NN,,401650000,03/03/2021 22:43:53,1,1,0,-131,401650000,,,,,,,,,,,,32,76,64,0,0,0,0,0,165,16,74,145,167,120,30,15,21,49,145,170,252,134,73,103,1,157,6,211,130,136,27,
"",202529,5171,,,,,,,0,NK,,401650000,03/03/2021 22:43:53,1,1,0,-133,401650000,,,,,,,,,,,,32,76,64,0,0,0,0,2,207,250,154,147,16,224,18,155,162,170,0,209,219,47,137,147,241,19,95,141,175,59,51,
"",202529,5171,,,,,,,0,A1,,401650000,03/04/2021 08:05:14,1,1,0,-129,401650000,,,,,,,,,,,,76,112,131,220,198,120,105,79,175,105,35,62,132,41,106,233,41,44,13,184,207,129,43,,,,,,,,,
"",202529,5171,,,,,,,0,MC,,401650000,03/05/2021 23:24:48,1,1,0,-123,401650000,,,,,,,,,,,,10,0,16,,,,,,,,,,,,,,,,,,,,,,,,,,,,,
"",202529,5171,,,,,,,0,SR,,401650000,03/09/2021 21:22:05,1,1,0,-132,401650000,,,,,,,,,,,,32,76,192,0,0,0,0,0,0,0,0,255,0,0,0,198,76,160,0,0,0,0,0,0,0,0,255,0,0,0,195,
"",202529,5171,,,,,,,0,SR,,401650000,03/13/2021 19:20:40,1,1,0,-127,401650000,,,,,,,,,,,,34,73,34,21,12,218,217,6,55,255,171,85,171,115,106,241,13,187,32,203,246,168,146,33,13,43,249,157,65,27,246,
"",202529,5171,,,,,,,0,NP,,401650000,03/14/2021 08:15:16,1,1,0,-137,401650000,,,,,,,,,,,,66,85,5,,,,,,,,,,,,,,,,,,,,,,,,,,,,,
"",202529,5171,,,,,,,0,A1,,401650000,03/15/2021 06:52:53,1,1,0,-140,401650000,,,,,,,,,,,,32,77,192,0,0,0,0,0,0,0,1,207,113,164,2,56,231,14,70,79,96,132,118,112,238,238,11,89,133,134,54,
"",202529,5171,-20.21482,149.14434,B,03/15/2021 22:55:03,Argos,0,17,MA,,401677694.86,03/15/2021 22:54:54,1,2,0,-127,401677694.86,149.14434,-20.21482,149.14433,-20.21482,0,3,78373,425260,14443,63,32800,32,77,192,0,0,0,0,0,0,0,0,255,0,0,0,35,77,160,0,0,0,0,0,0,0,0,255,0,0,0,38,
"",202529,5171,-20.21482,149.14434,B,03/15/2021 22:55:03,Argos,0,17,MA,,401677694.86,03/15/2021 22:55:12,1,2,0,-127,401677694.86,149.14434,-20.21482,149.14433,-20.21482,0,3,78373,425260,14443,63,32800,75,112,131,220,232,166,194,180,39,219,81,25,146,24,213,6,17,76,28,213,80,225,128,,,,,,,,,
"",202529,5171,-20.14279,148.81448,B,03/16/2021 07:03:34,Argos,0,0,SR,,401677695.87,03/16/2021 07:03:35,1,1,0,-128,401677695.87,148.81448,-20.14279,148.81448,-20.14279,8,3,3519,6687,1851,135,9949,32,77,192,0,0,0,0,0,0,0,4,255,0,0,0,35,77,160,0,0,0,0,0,0,0,0,255,0,0,0,38,
"",202529,5171,-20.12081,148.42352,B,03/16/2021 20:34:34,Argos,0,0,NK,,401677704.17,03/16/2021 20:34:35,1,1,0,-128,401677704.17,148.42352,-20.12081,148.42352,-20.12081,0,3,4455,8174,2427,81,12598,22,75,24,,,,,,,,,,,,,,,,,,,,,,,,,,,,,
"",202529,5171,-20.07571,148.2861,B,03/17/2021 01:14:23,Argos,0,0,NN,,401677721.81,03/17/2021 01:14:24,1,1,0,-137,401677721.81,148.2861,-20.07571,148.2861,-20.07571,8,3,15018,86047,2621,84,42483,32,77,208,6,0,111,6,49,0,0,0,255,4,64,8,19,79,97,84,17,16,0,4,127,235,137,109,171,127,3,177,
"",202529,5171,,,,,,,0,SR,,401650000,03/19/2021 19:32:06,1,1,0,-130,401650000,,,,,,,,,,,,32,78,64,0,0,0,0,0,0,0,0,255,0,0,0,250,78,32,0,0,0,0,0,0,0,0,255,0,0,0,255,
"",202529,5171,-19.895,148.99695,B,03/21/2021 23:35:43,Argos,0,55,MB,,401677654.4,03/21/2021 23:35:15,1,2,0,-127,401677654.4,148.99695,-19.895,148.99695,-19.895,0,3,7443,109170,507,128,15322,10,88,209,,,,,,,,,,,,,,,,,,,,,,,,,,,,,
"",202529,5171,-19.895,148.99695,B,03/21/2021 23:35:43,Argos,0,55,MB,,401677654.4,03/21/2021 23:36:11,1,2,0,-127,401677654.4,148.99695,-19.895,148.99695,-19.895,0,3,7443,109170,507,128,15322,20,111,24,,,,,,,,,,,,,,,,,,,,,,,,,,,,,
"",202529,5171,-20.35854,149.49709,B,03/22/2021 09:58:35,Argos,0,16,NP,,401677632.06,03/22/2021 09:58:27,1,2,0,-131,401677632.06,149.49709,-20.35854,149.49709,-20.35854,8,3,7765,15134,3983,125,5806,82,242,14,,,,,,,,,,,,,,,,,,,,,,,,,,,,,
"",202529,5171,-20.35854,149.49709,B,03/22/2021 09:58:35,Argos,0,16,NP,,401677632.06,03/22/2021 09:58:44,1,2,0,-131,401677632.06,149.49709,-20.35854,149.49709,-20.35854,8,3,7765,15134,3983,125,5806,110,132,0,,,,,,,,,,,,,,,,,,,,,,,,,,,,,
"",202529,5171,,,,,,,0,MC,,401650000,03/23/2021 23:57:23,1,1,0,-127,401650000,,,,,,,,,,,,32,78,192,0,0,0,0,0,0,0,0,255,0,0,0,11,78,160,0,0,0,0,0,0,0,0,255,0,0,0,14,
"",202529,5171,,,,,,,0,SR,,401650000,03/25/2021 07:21:18,1,1,0,-127,401650000,,,,,,,,,,,,64,79,5,,,,,,,,,,,,,,,,,,,,,,,,,,,,,
"",202529,5171,,,,,,,0,MC,,401650000,03/25/2021 23:09:40,1,1,1,-118,401650000,,,,,,,,,,,,87,45,15,,,,,,,,,,,,,,,,,,,,,,,,,,,,,
"",202529,5171,-20.49236,149.54587,B,03/27/2021 23:20:42,Argos,0,19,MB,,401677704.49,03/27/2021 23:20:33,1,2,0,-129,401677704.49,149.54587,-20.49236,149.54587,-20.49236,0,3,50742,178213,14447,110,25558,32,79,64,0,0,0,0,0,0,0,0,255,0,0,0,31,79,32,8,8,47,117,128,51,92,250,248,192,113,216,47,
"",202529,5171,-20.49236,149.54587,B,03/27/2021 23:20:42,Argos,0,19,MB,,401677704.49,03/27/2021 23:20:53,1,2,0,-129,401677704.49,149.54587,-20.49236,149.54587,-20.49236,0,3,50742,178213,14447,110,25558,9,228,79,,,,,,,,,,,,,,,,,,,,,,,,,,,,,
"",202529,5171,-20.18362,148.93662,B,03/28/2021 20:34:29,Argos,0,98,NK,,401677675.44,03/28/2021 20:33:40,1,2,0,-125,401677675.44,148.93662,-20.18362,148.93661,-20.18362,0,2,11719,133416,1029,50,3817,85,72,15,,,,,,,,,,,,,,,,,,,,,,,,,,,,,
"",202529,5171,-20.18362,148.93662,B,03/28/2021 20:34:29,Argos,0,98,NK,,401677675.44,03/28/2021 20:35:19,1,2,0,-125,401677675.44,148.93662,-20.18362,148.93661,-20.18362,0,2,11719,133416,1029,50,3817,101,131,0,,,,,,,,,,,,,,,,,,,,,,,,,,,,,
"",202529,5171,,,,,,,0,SR,,401650000,03/29/2021 20:53:09,1,1,0,-137,401650000,,,,,,,,,,,,32,79,128,0,0,0,0,0,0,0,0,255,0,8,1,20,91,44,113,106,2,82,53,169,27,133,120,213,244,176,86,
"",202529,5171,-20.21581,148.99445,B,04/04/2021 19:58:42,Argos,0,14,A1,,401677704.91,04/04/2021 19:58:35,1,2,0,-124,401677704.91,148.99445,-20.21581,148.99445,-20.21581,0,3,98347,0,1459,79,26457,32,80,96,0,0,0,0,0,0,0,21,255,0,0,0,204,80,64,0,0,0,0,0,0,0,0,255,0,0,0,237,
"",202529,5171,-20.21581,148.99445,B,04/04/2021 19:58:42,Argos,0,14,A1,,401677704.91,04/04/2021 19:58:50,1,2,0,-124,401677704.91,148.99445,-20.21581,148.99445,-20.21581,0,3,98347,0,1459,79,26457,10,0,16,,,,,,,,,,,,,,,,,,,,,,,,,,,,,
"",202529,5171,,,,,,,0,NP,,401650000,04/06/2021 21:36:39,1,1,0,-129,401650000,,,,,,,,,,,,32,80,96,0,0,0,0,0,0,0,21,255,0,0,0,204,80,64,0,0,0,0,0,0,0,0,255,0,0,0,237,
"",202529,5171,-20.02223,149.25359,0,04/08/2021 00:16:13,Argos,0,154,NN,,401677697.58,04/08/2021 00:16:04,1,4,0,-126,401677697.58,149.25359,-20.02223,149.25359,-20.02223,50,2,7157,188268,272,73,8075,40,80,168,208,0,3,181,140,179,253,251,254,37,249,0,53,67,0,0,0,0,1,0,128,2,186,241,21,167,196,48,
"",202529,5171,-20.02223,149.25359,0,04/08/2021 00:16:13,Argos,0,154,NN,,401677697.58,04/08/2021 00:16:23,1,4,0,-126,401677697.58,149.25359,-20.02223,149.25359,-20.02223,50,2,7157,188268,272,73,8075,32,80,160,0,0,0,0,0,0,0,255,0,0,0,0,241,80,128,0,0,0,0,0,0,0,83,255,0,0,0,187,
"",202529,5171,-20.02223,149.25359,0,04/08/2021 00:16:13,Argos,0,154,NN,,401677697.58,04/08/2021 00:17:41,1,4,0,-126,401677697.58,149.25359,-20.02223,149.25359,-20.02223,50,2,7157,188268,272,73,8075,22,75,24,,,,,,,,,,,,,,,,,,,,,,,,,,,,,
"",202529,5171,-20.02223,149.25359,0,04/08/2021 00:16:13,Argos,0,154,NN,,401677697.58,04/08/2021 00:18:38,1,4,0,-126,401677697.58,149.25359,-20.02223,149.25359,-20.02223,50,2,7157,188268,272,73,8075,76,67,18,,,,,,,,,,,,,,,,,,,,,,,,,,,,,
"",202529,5171,-20.0035,149.31119,B,04/08/2021 21:10:14,Argos,0,0,NP,,401677682.44,04/08/2021 21:10:14,1,1,0,-135,401677682.44,149.31119,-20.0035,149.31119,-20.0035,0,3,8244,8910,7627,131,13147,32,80,160,0,0,0,0,0,0,0,255,0,0,0,0,241,80,128,0,0,0,0,0,0,0,83,255,0,0,0,187,
"",202529,5171,-20.09043,149.2613,B,04/08/2021 21:10:14,Argos,0,0,MA,,401677711.4,04/08/2021 21:10:14,1,1,0,-120,401677711.4,149.2613,-20.09043,149.2613,-20.09043,0,3,8674,21690,3468,80,13543,32,80,160,0,0,0,0,0,0,0,255,0,0,0,0,241,80,128,0,0,0,0,0,0,0,83,255,0,0,0,187,
"",202529,5171,,,,,,,0,NK,,401650000,04/15/2021 21:13:15,1,1,0,-137,401650000,,,,,,,,,,,,10,0,16,,,,,,,,,,,,,,,,,,,,,,,,,,,,,
"",202529,5171,,,,,,,0,NP,,401650000,04/24/2021 21:29:16,1,1,0,-130,401650000,,,,,,,,,,,,32,82,224,0,0,0,0,0,0,0,255,0,0,0,0,199,82,192,0,0,0,0,1,13,90,248,249,102,101,131,167,
"",202529,5171,,,,,,,0,NN,,401650000,04/29/2021 23:14:14,1,1,0,-125,401650000,,,,,,,,,,,,32,82,226,132,68,188,36,100,161,14,160,66,137,19,1,131,159,139,106,173,144,207,146,161,40,246,42,178,30,115,179,
"",202529,5171,,,,,,,0,NN,,401650000,05/01/2021 00:39:07,1,1,0,-133,401650000,,,,,,,,,,,,32,81,160,0,0,0,0,1,1,66,99,40,175,37,198,245,34,46,73,61,47,132,35,198,229,235,134,203,184,247,98,
"",202529,5171,-20.12779,148.81295,B,05/03/2021 22:01:28,Argos,0,42,NK,,401677665.78,05/03/2021 22:01:07,1,2,0,-131,401677665.78,148.81295,-20.12779,148.81294,-20.12779,0,3,18497,391867,873,117,38948,32,82,160,0,119,89,93,109,156,40,162,170,221,153,53,220,180,160,0,0,0,0,0,0,0,63,192,0,0,0,48,
"",202529,5171,,,,,,,0,NK,,401650000,05/03/2021 22:01:50,1,1,0,-133,401650000,,,,,,,,,,,,82,176,131,220,232,166,194,180,98,163,128,163,152,33,133,254,35,55,194,76,31,62,255,,,,,,,,,
"",202529,5171,-20.16905,148.88014,B,05/03/2021 22:33:31,Argos,0,0,MA,,401650000,05/03/2021 22:33:31,1,1,0,-124,401650000,148.88014,-20.16905,148.88014,-20.16905,6,3,52527,768603,3589,116,32310,32,83,96,0,0,0,0,0,2,55,212,145,182,168,40,57,252,205,110,33,241,102,36,9,98,162,101,168,32,206,162,
"",202529,5171,,,,,,,0,MB,,401650000,05/04/2021 23:31:28,1,1,0,-133,401650000,,,,,,,,,,,,96,82,64,,,,,,,,,,,,,,,,,,,,,,,,,,,,,
"",202529,5171,,,,,,,0,NN,,401650000,05/04/2021 23:56:50,1,1,0,-130,401650000,,,,,,,,,,,,32,82,32,0,0,0,0,0,0,0,255,16,4,0,0,171,70,30,111,140,80,19,73,102,4,48,215,96,241,83,161,
"",202529,5171,,,,,,,0,MC,,401650000,05/05/2021 00:22:36,1,1,1,-119,401650000,,,,,,,,,,,,32,83,32,0,0,0,0,0,0,0,190,0,66,87,44,191,73,2,128,235,231,139,172,133,253,5,110,31,219,71,165,
"",202529,5171,,,,,,,0,MA,,401650000,05/06/2021 21:30:07,1,1,0,-124,401650000,,,,,,,,,,,,32,83,160,0,0,0,0,0,0,255,200,0,0,0,0,9,83,128,0,0,0,0,0,0,2,255,0,0,0,0,117,
"",202529,5171,,,,,,,0,MA,,401650000,05/06/2021 23:12:47,1,1,0,-129,401650000,,,,,,,,,,,,32,84,32,0,0,0,0,0,0,44,255,0,0,0,0,77,83,192,0,0,0,0,0,0,0,255,0,0,0,0,220,
"",202529,5171,,,,,,,0,SR,,401650000,05/07/2021 06:35:43,1,1,0,-137,401650000,,,,,,,,,,,,32,84,160,0,0,0,0,0,0,255,129,0,0,0,0,15,84,128,0,0,0,0,0,0,23,255,0,0,0,0,211,
"",202529,5171,-20.32423,149.07641,1,05/11/2021 20:21:16,Argos,0,243,SR,,401677700.58,05/11/2021 20:17:21,1,4,0,-131,401677700.58,149.07641,-20.32423,149.07642,-20.32423,56,3,788,2512,247,83,486,32,85,32,0,0,0,0,0,0,1,255,0,0,0,0,81,85,0,0,0,0,0,0,0,255,209,0,1,73,21,105,
"",202529,5171,-20.32576,149.0765,A,05/11/2021 20:18:49,Argos,0,228,A1,,401677703.28,05/11/2021 20:17:21,1,3,0,-125,401677703.28,149.0765,-20.32576,149.0765,-20.32576,0,3,416,1908,90,73,182,32,85,32,0,0,0,0,0,0,1,255,0,0,0,0,81,85,0,0,0,0,0,0,0,255,209,0,0,0,0,31,
"",202529,5171,-20.32423,149.07641,1,05/11/2021 20:21:16,Argos,0,243,SR,,401677700.58,05/11/2021 20:17:59,1,4,0,-131,401677700.58,149.07641,-20.32423,149.07642,-20.32423,56,3,788,2512,247,83,486,32,84,224,0,0,0,0,0,0,255,17,0,0,0,0,81,84,192,0,0,134,242,149,171,158,155,159,222,113,172,167,
"",202529,5171,-20.32576,149.0765,A,05/11/2021 20:18:49,Argos,0,228,A1,,401677703.28,05/11/2021 20:17:59,1,3,0,-125,401677703.28,149.0765,-20.32576,149.0765,-20.32576,0,3,416,1908,90,73,182,32,84,224,0,0,0,0,0,0,255,17,0,0,0,0,81,84,192,0,0,16,71,102,223,64,201,194,231,220,36,11,
"",202529,5171,-20.32709,149.07721,A,05/11/2021 20:21:07,Argos,0,32,NK,,401677702.26,05/11/2021 20:20:51,1,3,0,-131,401677702.26,149.07721,-20.32709,149.07721,-20.32709,6,3,712,836,605,83,607,203,179,34,,,,,,,,,,,,,,,,,,,,,,,,,,,,,
"",202529,5171,-20.32423,149.07641,1,05/11/2021 20:21:16,Argos,0,243,SR,,401677700.58,05/11/2021 20:21:09,1,4,0,-131,401677700.58,149.07641,-20.32423,149.07642,-20.32423,56,3,788,2512,247,83,486,104,123,0,,,,,,,,,,,,,,,,,,,,,,,,,,,,,
"",202529,5171,-20.32576,149.0765,A,05/11/2021 20:18:49,Argos,0,228,A1,,401677703.28,05/11/2021 20:21:09,1,3,0,-125,401677703.28,149.0765,-20.32576,149.0765,-20.32576,0,3,416,1908,90,73,182,104,123,0,,,,,,,,,,,,,,,,,,,,,,,,,,,,,
"",202529,5171,-20.32709,149.07721,A,05/11/2021 20:21:07,Argos,0,32,NK,,401677702.26,05/11/2021 20:21:09,1,3,0,-131,401677702.26,149.07721,-20.32709,149.07721,-20.32709,6,3,712,836,605,83,607,104,123,0,,,,,,,,,,,,,,,,,,,,,,,,,,,,,
"",202529,5171,-20.32423,149.07641,1,05/11/2021 20:21:16,Argos,0,243,SR,,401677700.58,05/11/2021 20:21:24,1,4,0,-131,401677700.58,149.07641,-20.32423,149.07642,-20.32423,56,3,788,2512,247,83,486,9,62,29,,,,,,,,,,,,,,,,,,,,,,,,,,,,,
"",202529,5171,-20.32709,149.07721,A,05/11/2021 20:21:07,Argos,0,32,NK,,401677702.26,05/11/2021 20:21:24,1,3,0,-131,401677702.26,149.07721,-20.32709,149.07721,-20.32709,6,3,712,836,605,83,607,155,36,238,,,,,,,,,,,,,,,,,,,,,,,,,,,,,
"",202529,5171,,,,,,,0,NK,,401650000,05/13/2021 21:18:42,1,1,0,-127,401650000,,,,,,,,,,,,32,85,96,0,0,0,0,0,0,1,255,0,0,0,0,170,85,64,0,0,0,0,33,194,215,33,139,170,36,238,250,
"",202529,5171,,,,,,,0,MC,,401650000,05/15/2021 00:19:35,1,1,0,-129,401650000,,,,,,,,,,,,32,85,160,16,0,21,76,75,199,222,230,234,123,16,138,13,174,215,190,151,14,9,107,222,31,231,129,128,55,31,172,
"",202529,5171,,,,,,,0,A1,,401650000,05/15/2021 07:40:38,1,1,0,-134,401650000,,,,,,,,,,,,32,85,160,0,0,0,0,0,0,0,255,0,0,0,0,137,85,128,0,0,0,0,0,0,0,255,0,0,0,0,119,
"",202529,5171,,,,,,,0,NP,,401650000,05/15/2021 20:46:27,1,1,0,-124,401650000,,,,,,,,,,,,22,75,24,,,,,,,,,,,,,,,,,,,,,,,,,,,,,
"",202529,5171,,,,,,,0,MA,,401650000,05/15/2021 21:49:35,1,1,0,-129,401650000,,,,,,,,,,,,97,118,0,,,,,,,,,,,,,,,,,,,,,,,,,,,,,
"",202529,5171,-20.64439,149.06856,B,05/16/2021 06:56:40,Argos,0,129,SR,,401677736.87,05/16/2021 06:55:36,1,2,0,-126,401677736.87,149.06856,-20.64439,149.06856,-20.64439,0,2,4179,53232,328,4,3839,65,7,61,,,,,,,,,,,,,,,,,,,,,,,,,,,,,
"",202529,5171,-20.64439,149.06856,B,05/16/2021 06:56:40,Argos,0,129,SR,,401677736.87,05/16/2021 06:57:45,1,2,0,-126,401677736.87,149.06856,-20.64439,149.06856,-20.64439,0,2,4179,53232,328,4,3839,10,0,16,,,,,,,,,,,,,,,,,,,,,,,,,,,,,
"",202529,5171,-20.64909,149.07469,B,05/16/2021 07:19:59,Argos,0,0,A1,,401677735.97,05/16/2021 07:19:59,1,1,0,-128,401677735.97,149.07469,-20.64909,149.07469,-20.64909,6,3,4015,11346,1420,5,4258,74,2,5,,,,,,,,,,,,,,,,,,,,,,,,,,,,,
"",202529,5171,-20.78096,149.3047,B,05/16/2021 20:31:44,Argos,0,0,NP,,401677738.94,05/16/2021 20:31:44,1,1,0,-129,401677738.94,149.3047,-20.78096,149.3047,-20.78096,0,3,5393,444657,65,100,7735,22,75,24,,,,,,,,,,,,,,,,,,,,,,,,,,,,,
"",202529,5171,-20.78096,149.3047,B,05/16/2021 20:31:44,Argos,0,0,NP,,401677738.94,05/16/2021 20:35:17,1,1,0,-129,401677738.94,149.3047,-20.78096,149.3047,-20.78096,0,3,5393,444657,65,100,7735,94,69,17,,,,,,,,,,,,,,,,,,,,,,,,,,,,,
"",202529,5171,-20.75891,149.17807,B,05/16/2021 20:35:17,Argos,0,0,A1,,401677693.34,05/16/2021 20:35:17,1,1,0,-136,401677693.34,149.17807,-20.75891,149.17807,-20.75891,6,2,2138,26053,175,99,6039,94,69,17,,,,,,,,,,,,,,,,,,,,,,,,,,,,,
"",202529,5171,-20.76926,149.19079,B,05/16/2021 21:34:29,Argos,0,0,NK,,401677688.57,05/16/2021 21:34:30,1,1,0,-130,401677688.57,149.19079,-20.76926,149.1908,-20.76926,8,3,2104,5775,766,98,5943,10,0,16,,,,,,,,,,,,,,,,,,,,,,,,,,,,,
"",202529,5171,-20.77753,149.20064,B,05/16/2021 23:07:31,Argos,0,0,MA,,401677683.2,05/16/2021 23:07:32,1,1,0,-125,401677683.2,149.20064,-20.77753,149.20064,-20.77753,8,3,2308,4608,1156,91,6522,22,75,24,,,,,,,,,,,,,,,,,,,,,,,,,,,,,
"",202529,5171,-20.75483,149.25243,B,05/16/2021 23:12:29,Argos,0,297,NN,,401677695.06,05/16/2021 23:07:32,1,2,0,-128,401677695.06,149.25243,-20.75483,149.25243,-20.75483,6,3,1640,53441,50,130,4630,22,75,24,,,,,,,,,,,,,,,,,,,,,,,,,,,,,
"",202529,5171,-20.76931,149.22266,B,05/16/2021 23:12:29,Argos,0,0,NN,,401677672.63,05/16/2021 23:12:29,1,1,0,-128,401677672.63,149.22266,-20.76931,149.22266,-20.76931,6,3,2075,3395,1268,111,5862,79,253,4,,,,,,,,,,,,,,,,,,,,,,,,,,,,,
"",202529,5171,-20.83562,149.3513,B,05/17/2021 07:11:20,Argos,0,0,A1,,401677706.01,05/17/2021 07:11:21,1,1,0,-137,401677706.01,149.3513,-20.83562,149.3513,-20.83562,8,3,3166,3828,2618,142,8952,89,110,17,,,,,,,,,,,,,,,,,,,,,,,,,,,,,
"",202529,5171,-20.70736,149.22445,B,05/17/2021 07:26:54,Argos,0,0,NP,,401677702.51,05/17/2021 07:26:55,1,1,0,-140,401677702.51,149.22445,-20.70736,149.22446,-20.70736,6,3,4520,10848,1883,117,12783,100,119,0,,,,,,,,,,,,,,,,,,,,,,,,,,,,,
"",202529,5171,-20.67529,149.18769,B,05/17/2021 21:02:14,Argos,0,0,MA,,401677686.88,05/17/2021 21:02:14,1,1,0,-128,401677686.88,149.18769,-20.67529,149.18768,-20.67529,0,3,4117,7555,2243,67,11641,70,14,5,,,,,,,,,,,,,,,,,,,,,,,,,,,,,
"",202529,5171,,,,,,,0,SR,,401650000,05/20/2021 08:12:38,1,1,0,-129,401650000,,,,,,,,,,,,32,86,96,0,0,0,0,0,0,255,94,0,0,0,0,149,86,64,0,0,0,22,150,113,8,223,209,4,211,226,235,
"",202529,5171,-20.36533,149.07634,0,05/20/2021 08:32:05,Argos,0,0,NP,,401650000,05/20/2021 08:25:27,1,1,0,-136,401650000,149.07634,-20.36533,149.07634,-20.36533,40,3,1748,4240,720,177,658,109,122,0,,,,,,,,,,,,,,,,,,,,,,,,,,,,,
"",202529,5171,-20.36533,149.07634,0,05/20/2021 08:32:05,Argos,0,0,NP,,401650000,05/20/2021 08:33:17,1,1,0,-136,401650000,149.07634,-20.36533,149.07634,-20.36533,40,3,1748,4240,720,177,658,10,0,16,,,,,,,,,,,,,,,,,,,,,,,,,,,,,
"",202529,5171,-20.36533,149.07634,0,05/20/2021 08:32:05,Argos,0,0,NP,,401650000,05/20/2021 08:33:42,1,1,0,-136,401650000,149.07634,-20.36533,149.07634,-20.36533,40,3,1748,4240,720,177,658,22,75,24,,,,,,,,,,,,,,,,,,,,,,,,,,,,,
"",202529,5171,-20.36533,149.07634,0,05/20/2021 08:32:05,Argos,0,0,NP,,401650000,05/20/2021 08:35:57,1,1,0,-136,401650000,149.07634,-20.36533,149.07634,-20.36533,40,3,1748,4240,720,177,658,86,227,17,,,,,,,,,,,,,,,,,,,,,,,,,,,,,
"",202529,5171,-20.36504,149.07603,B,05/20/2021 08:52:16,Argos,0,0,NK,,401677705.76,05/20/2021 08:52:16,1,1,0,-133,401677705.76,149.07603,-20.36504,149.07603,-20.36504,6,3,3467,3572,3363,5,1847,109,122,0,,,,,,,,,,,,,,,,,,,,,,,,,,,,,
"",202529,5171,-20.3274,149.08276,A,05/20/2021 12:10:14,Argos,0,46,MA,,401677709.25,05/20/2021 12:09:51,1,3,0,-132,401677709.25,149.08276,-20.3274,149.08276,-20.3274,8,3,6231,11228,3458,106,4299,40,86,96,0,0,0,0,0,0,188,4,219,191,255,255,237,192,195,248,253,191,239,191,172,24,36,192,0,4,150,152,
"",202529,5171,-20.3274,149.08276,A,05/20/2021 12:10:14,Argos,0,46,MA,,401677709.25,05/20/2021 12:10:14,1,3,0,-132,401677709.25,149.08276,-20.3274,149.08276,-20.3274,8,3,6231,11228,3458,106,4299,72,8,5,,,,,,,,,,,,,,,,,,,,,,,,,,,,,
"",202529,5171,-20.3274,149.08276,A,05/20/2021 12:10:14,Argos,0,46,MA,,401677709.25,05/20/2021 12:10:38,1,3,0,-132,401677709.25,149.08276,-20.3274,149.08276,-20.3274,8,3,6231,11228,3458,106,4299,91,234,21,,,,,,,,,,,,,,,,,,,,,,,,,,,,,
"",202529,5171,-20.34714,149.15336,B,05/20/2021 21:23:55,Argos,0,0,NP,,401677716.9,05/20/2021 21:23:55,1,1,0,-129,401677716.9,149.15336,-20.34714,149.15337,-20.34714,8,3,10455,22342,4892,107,8966,22,75,24,,,,,,,,,,,,,,,,,,,,,,,,,,,,,
"",202529,5171,-20.30362,149.11214,B,05/20/2021 23:51:51,Argos,0,0,MC,,401677703.32,05/20/2021 23:51:52,1,1,1,-116,401677703.32,149.11214,-20.30362,149.11214,-20.30362,8,3,9513,29744,3042,99,11519,10,0,16,,,,,,,,,,,,,,,,,,,,,,,,,,,,,
"",202529,5171,-20.29291,149.1875,B,05/21/2021 06:03:58,Argos,0,0,SR,,401677657.26,05/21/2021 06:03:58,1,1,0,-140,401677657.26,149.1875,-20.29291,149.1875,-20.29291,8,3,8949,17009,4707,99,13227,88,5,18,,,,,,,,,,,,,,,,,,,,,,,,,,,,,
"",202529,5171,-20.30078,149.30389,B,05/21/2021 21:51:16,Argos,0,0,MC,,401677669.59,05/21/2021 21:51:16,1,1,0,-131,401677669.59,149.30389,-20.30078,149.3039,-20.30078,0,3,5614,11110,2836,89,15878,93,36,18,,,,,,,,,,,,,,,,,,,,,,,,,,,,,
"",202529,5171,-20.28031,149.33396,B,05/21/2021 23:58:38,Argos,0,0,NN,,401677684.26,05/21/2021 23:58:39,1,1,0,-133,401677684.26,149.33396,-20.28031,149.33395,-20.28031,8,3,5993,16405,2189,103,16951,76,12,5,,,,,,,,,,,,,,,,,,,,,,,,,,,,,
"",202529,5171,-20.33364,149.59642,B,05/22/2021 20:44:56,Argos,0,0,A1,,401677666.27,05/22/2021 20:44:57,1,1,0,-129,401677666.27,149.59642,-20.33364,149.59642,-20.33364,0,3,6063,22744,1616,101,17148,68,5,4,,,,,,,,,,,,,,,,,,,,,,,,,,,,,
"",202529,5171,-20.15336,149.62414,B,05/22/2021 20:44:56,Argos,0,0,NK,,401677682.29,05/22/2021 20:44:57,1,1,0,-128,401677682.29,149.62414,-20.15336,149.62415,-20.15336,0,3,6196,22629,1696,84,17525,68,4,5,,,,,,,,,,,,,,,,,,,,,,,,,,,,,
"",202529,5171,-20.24364,149.41532,B,05/23/2021 20:19:55,Argos,0,0,NK,,401677664.62,05/23/2021 20:19:55,1,1,0,-128,401677664.62,149.41532,-20.24364,149.41531,-20.24364,0,3,10480,59389,1849,93,29644,82,88,18,,,,,,,,,,,,,,,,,,,,,,,,,,,,,
"",202529,5171,-20.21441,149.12274,B,05/23/2021 22:51:59,Argos,0,151,MC,,401677714.86,05/23/2021 22:50:44,1,2,1,-119,401677714.86,149.12274,-20.21441,149.12274,-20.21441,0,3,5317,265199,106,96,9326,68,4,5,,,,,,,,,,,,,,,,,,,,,,,,,,,,,
"",202529,5171,-20.21441,149.12274,B,05/23/2021 22:51:59,Argos,0,151,MC,,401677714.86,05/23/2021 22:53:15,1,2,1,-119,401677714.86,149.12274,-20.21441,149.12274,-20.21441,0,3,5317,265199,106,96,9326,82,104,18,,,,,,,,,,,,,,,,,,,,,,,,,,,,,
"",202529,5171,-20.20467,149.01806,B,05/24/2021 00:32:04,Argos,0,0,MC,,401677699.73,05/24/2021 00:32:05,1,1,0,-126,401677699.73,149.01806,-20.20467,149.01807,-20.20467,8,3,7699,18426,3217,87,6164,22,75,24,,,,,,,,,,,,,,,,,,,,,,,,,,,,,
"",202529,5171,,,,,,,0,MA,,401650000,05/27/2021 20:55:29,1,1,0,-127,401650000,,,,,,,,,,,,32,87,32,0,0,0,0,0,8,206,250,169,112,105,59,137,192,243,221,230,142,156,104,133,214,2,224,177,43,133,236,
"",202529,5171,,,,,,,0,MA,,401650000,05/28/2021 22:11:47,1,1,0,-130,401650000,,,,,,,,,,,,69,144,131,220,232,166,194,180,46,88,138,156,213,76,216,184,104,164,31,60,177,62,134,,,,,,,,,
"",202529,5171,,,,,,,0,NN,,401650000,05/29/2021 22:16:17,1,1,0,-133,401650000,,,,,,,,,,,,10,0,16,,,,,,,,,,,,,,,,,,,,,,,,,,,,,
"",202529,5171,,,,,,,0,NP,,401650000,05/31/2021 20:59:35,1,1,0,-130,401650000,,,,,,,,,,,,103,120,0,,,,,,,,,,,,,,,,,,,,,,,,,,,,,
"",202529,5171,,,,,,,0,MA,,401650000,05/31/2021 21:21:33,1,1,0,-134,401650000,,,,,,,,,,,,10,0,8,,,,,,,,,,,,,,,,,,,,,,,,,,,,,
"",202529,5171,,,,,,,0,MC,,401650000,05/31/2021 21:47:20,1,1,0,-133,401650000,,,,,,,,,,,,85,205,18,,,,,,,,,,,,,,,,,,,,,,,,,,,,,
"",202529,5171,,,,,,,0,MC,,401650000,05/31/2021 23:24:52,1,1,1,-119,401650000,,,,,,,,,,,,64,254,4,,,,,,,,,,,,,,,,,,,,,,,,,,,,,
"",202529,5171,,,,,,,0,NN,,401650000,05/31/2021 23:31:39,1,1,0,-129,401650000,,,,,,,,,,,,88,212,18,,,,,,,,,,,,,,,,,,,,,,,,,,,,,
"",202529,5171,,,,,,,0,SR,,401650000,06/01/2021 19:14:52,1,1,0,-136,401650000,,,,,,,,,,,,32,87,224,0,0,0,0,0,18,255,0,0,0,0,0,97,66,255,239,249,255,226,209,17,191,160,204,210,221,115,92,
"",202529,5171,-20.22555,149.01817,B,06/01/2021 21:29:50,Argos,0,106,NK,,401677697.18,06/01/2021 21:28:58,1,2,0,-128,401677697.18,149.01817,-20.22555,149.01817,-20.22555,0,3,23747,660090,854,131,26950,10,0,16,,,,,,,,,,,,,,,,,,,,,,,,,,,,,
"",202529,5171,-20.22555,149.01817,B,06/01/2021 21:29:50,Argos,0,106,NK,,401677697.18,06/01/2021 21:30:44,1,2,0,-128,401677697.18,149.01817,-20.22555,149.01817,-20.22555,0,3,23747,660090,854,131,26950,22,75,24,,,,,,,,,,,,,,,,,,,,,,,,,,,,,
"",202529,5171,-20.30885,149.06131,B,06/02/2021 20:36:36,Argos,0,0,NP,,401677716.74,06/02/2021 20:36:36,1,1,0,-131,401677716.74,149.06131,-20.30885,149.06131,-20.30885,0,3,8908,24624,3222,123,25197,32,87,224,0,0,0,0,0,18,255,0,0,0,0,0,67,87,192,4,80,233,48,191,231,237,228,217,152,238,223,157,
"",202529,5171,-20.05177,148.27811,B,06/02/2021 20:36:36,Argos,0,0,MA,,401677661.69,06/02/2021 20:36:36,1,1,0,-131,401677661.69,148.27811,-20.05177,148.2781,-20.05177,0,3,27367,277326,2700,113,77417,32,87,224,0,0,0,0,0,18,255,0,0,0,0,0,67,87,192,3,240,56,105,211,203,115,99,97,37,206,167,205,
"",202529,5171,-20.30719,149.00676,B,06/03/2021 00:52:22,Argos,0,320,NN,,401677722.99,06/03/2021 00:49:42,1,2,0,-130,401677722.99,149.00676,-20.30719,149.00676,-20.30719,7,3,17937,525429,612,153,8669,22,75,24,,,,,,,,,,,,,,,,,,,,,,,,,,,,,
"",202529,5171,-20.30719,149.00676,B,06/03/2021 00:52:22,Argos,0,320,NN,,401677722.99,06/03/2021 00:55:02,1,2,0,-130,401677722.99,149.00676,-20.30719,149.00676,-20.30719,7,3,17937,525429,612,153,8669,88,10,19,,,,,,,,,,,,,,,,,,,,,,,,,,,,,
"",202529,5171,-20.61486,149.23183,B,06/03/2021 20:22:50,Argos,0,0,NP,,401677735.52,06/03/2021 20:22:51,1,1,0,-124,401677735.52,149.23183,-20.61486,149.23183,-20.61486,0,3,25470,65118,9961,132,12299,10,0,16,,,,,,,,,,,,,,,,,,,,,,,,,,,,,
"",202529,5171,-20.70333,149.28368,B,06/03/2021 20:42:04,Argos,0,57,NK,,401677695.37,06/03/2021 20:41:35,1,2,0,-124,401677695.37,149.28368,-20.70333,149.28368,-20.70333,6,3,7597,84773,680,97,5188,80,50,19,,,,,,,,,,,,,,,,,,,,,,,,,,,,,
"",202529,5171,-20.70333,149.28368,B,06/03/2021 20:42:04,Argos,0,57,NK,,401677695.37,06/03/2021 20:42:33,1,2,0,-124,401677695.37,149.28368,-20.70333,149.28368,-20.70333,6,3,7597,84773,680,97,5188,10,0,16,,,,,,,,,,,,,,,,,,,,,,,,,,,,,
"",202529,5171,-20.81278,149.40598,1,06/04/2021 07:04:19,Argos,0,246,SR,,401677702.58,06/04/2021 07:02:30,1,8,0,-125,401677702.58,149.40598,-20.81278,149.40598,-20.81278,58,3,602,1251,289,74,310,32,88,64,0,11,96,114,186,36,87,132,158,128,6,1,118,17,108,5,39,192,26,118,102,148,89,231,145,139,66,109,
"",202529,5171,-20.81278,149.40598,1,06/04/2021 07:04:19,Argos,0,246,SR,,401677702.58,06/04/2021 07:03:31,1,8,0,-125,401677702.58,149.40598,-20.81278,149.40598,-20.81278,58,3,602,1251,289,74,310,97,118,0,,,,,,,,,,,,,,,,,,,,,,,,,,,,,
"",202529,5171,-20.81278,149.40598,1,06/04/2021 07:04:19,Argos,0,246,SR,,401677702.58,06/04/2021 07:04:01,1,8,0,-125,401677702.58,149.40598,-20.81278,149.40598,-20.81278,58,3,602,1251,289,74,310,22,75,24,,,,,,,,,,,,,,,,,,,,,,,,,,,,,
"",202529,5171,-20.81278,149.40598,1,06/04/2021 07:04:19,Argos,0,246,SR,,401677702.58,06/04/2021 07:04:17,1,8,0,-125,401677702.58,149.40598,-20.81278,149.40598,-20.81278,58,3,602,1251,289,74,310,73,243,4,,,,,,,,,,,,,,,,,,,,,,,,,,,,,
"",202529,5171,-20.81278,149.40598,1,06/04/2021 07:04:19,Argos,0,246,SR,,401677702.58,06/04/2021 07:04:34,1,8,0,-125,401677702.58,149.40598,-20.81278,149.40598,-20.81278,58,3,602,1251,289,74,310,94,67,60,,,,,,,,,,,,,,,,,,,,,,,,,,,,,
"",202529,5171,-20.81278,149.40598,1,06/04/2021 07:04:19,Argos,0,246,SR,,401677702.58,06/04/2021 07:05:24,2,8,0,-125,401677702.58,149.40598,-20.81278,149.40598,-20.81278,58,3,602,1251,289,74,310,10,0,16,,,,,,,,,,,,,,,,,,,,,,,,,,,,,
"",202529,5171,-20.81278,149.40598,1,06/04/2021 07:04:19,Argos,0,246,SR,,401677702.58,06/04/2021 07:06:36,1,8,0,-125,401677702.58,149.40598,-20.81278,149.40598,-20.81278,58,3,602,1251,289,74,310,93,100,19,,,,,,,,,,,,,,,,,,,,,,,,,,,,,
"",202529,5171,-20.87001,149.54231,A,06/04/2021 20:38:06,Argos,0,364,A1,,401677702.62,06/04/2021 20:34:37,1,3,0,-132,401677702.62,149.54231,-20.87001,149.54231,-20.87001,0,3,486,1023,230,114,311,97,118,0,,,,,,,,,,,,,,,,,,,,,,,,,,,,,
"",202529,5171,-20.87001,149.54231,A,06/04/2021 20:38:06,Argos,0,364,A1,,401677702.62,06/04/2021 20:39:02,1,3,0,-132,401677702.62,149.54231,-20.87001,149.54231,-20.87001,0,3,486,1023,230,114,311,90,111,19,,,,,,,,,,,,,,,,,,,,,,,,,,,,,
"",202529,5171,-20.87001,149.54231,A,06/04/2021 20:38:06,Argos,0,364,A1,,401677702.62,06/04/2021 20:40:41,1,3,0,-132,401677702.62,149.54231,-20.87001,149.54231,-20.87001,0,3,486,1023,230,114,311,100,95,168,,,,,,,,,,,,,,,,,,,,,,,,,,,,,
"",202529,5171,-20.87401,149.54686,B,06/04/2021 21:02:52,Argos,0,0,SR,,401677701.65,06/04/2021 21:02:53,1,1,0,-131,401677701.65,149.54686,-20.87401,149.54686,-20.87401,6,3,967,1047,892,87,1936,102,109,0,,,,,,,,,,,,,,,,,,,,,,,,,,,,,
"",202529,5171,-20.88085,149.55283,B,06/04/2021 21:45:55,Argos,0,0,NP,,401677708.52,06/04/2021 21:45:56,1,1,0,-136,401677708.52,149.55283,-20.88085,149.55283,-20.88085,8,3,1153,1317,1008,106,3246,100,119,0,,,,,,,,,,,,,,,,,,,,,,,,,,,,,
"",202529,5171,-20.89482,149.52043,2,06/04/2021 22:00:01,Argos,0,538,NK,,401677698.7,06/04/2021 21:55:26,1,5,0,-124,401677698.7,149.52043,-20.89482,,,56,3,387,559,268,10,291,30,248,155,,,,,,,,,,,,,,,,,,,,,,,,,,,,,
"",202529,5171,-20.89906,149.5133,A,06/04/2021 22:03:55,Argos,0,216,MC,,401677694.64,06/04/2021 22:00:48,1,3,0,-125,401677694.64,149.5133,-20.89906,149.5133,-20.89906,6,3,1739,6575,459,27,1519,10,0,16,,,,,,,,,,,,,,,,,,,,,,,,,,,,,
"",202529,5171,-20.89482,149.52043,2,06/04/2021 22:00:01,Argos,0,538,NK,,401677698.7,06/04/2021 22:00:48,1,5,0,-124,401677698.7,149.52043,-20.89482,,,56,3,387,559,268,10,291,10,0,16,,,,,,,,,,,,,,,,,,,,,,,,,,,,,
"",202529,5171,-20.8932,149.55993,B,06/04/2021 22:03:55,Argos,0,55,MC,,401677708.66,06/04/2021 22:03:28,1,2,0,-125,401677708.66,149.55993,-20.8932,149.55994,-20.8932,6,3,1013,2352,436,73,2849,76,242,4,,,,,,,,,,,,,,,,,,,,,,,,,,,,,
"",202529,5171,-20.89482,149.52043,2,06/04/2021 22:00:01,Argos,0,538,NK,,401677698.7,06/04/2021 22:03:28,2,5,0,-124,401677698.7,149.52043,-20.89482,,,56,3,387,559,268,10,291,76,242,4,,,,,,,,,,,,,,,,,,,,,,,,,,,,,
"",202529,5171,-20.8932,149.55993,B,06/04/2021 22:03:55,Argos,0,55,MC,,401677708.66,06/04/2021 22:04:24,1,2,0,-125,401677708.66,149.55993,-20.8932,149.55994,-20.8932,6,3,1013,2352,436,73,2849,93,149,19,,,,,,,,,,,,,,,,,,,,,,,,,,,,,
"",202529,5171,-20.89482,149.52043,2,06/04/2021 22:00:01,Argos,0,538,NK,,401677698.7,06/04/2021 22:04:24,1,5,0,-124,401677698.7,149.52043,-20.89482,,,56,3,387,559,268,10,291,93,149,19,,,,,,,,,,,,,,,,,,,,,,,,,,,,,
"",202529,5171,-20.89966,149.56832,B,06/04/2021 22:47:14,Argos,0,0,NN,,401677705.46,06/04/2021 22:47:15,1,1,0,-124,401677705.46,149.56832,-20.89966,149.56831,-20.89966,8,3,1317,2138,811,78,3713,10,0,16,,,,,,,,,,,,,,,,,,,,,,,,,,,,,
"",202529,5171,-20.89546,149.56261,B,06/04/2021 22:47:14,Argos,0,0,MB,,401677688.82,06/04/2021 22:47:15,1,1,0,-132,401677688.82,149.56261,-20.89546,149.5626,-20.89546,8,3,1317,2211,784,71,3712,10,0,16,,,,,,,,,,,,,,,,,,,,,,,,,,,,,
"",202529,5171,-20.89789,149.55275,B,06/04/2021 23:16:12,Argos,0,0,MA,,401677684.42,06/04/2021 23:16:12,1,1,0,-130,401677684.42,149.55275,-20.89789,149.55275,-20.89789,6,3,2830,3680,2175,92,4285,22,75,24,,,,,,,,,,,,,,,,,,,,,,,,,,,,,
"",202529,5171,-20.89029,149.5504,B,06/05/2021 06:28:22,Argos,0,0,SR,,401677673.13,06/05/2021 06:28:23,1,1,0,-138,401677673.13,149.5504,-20.89029,149.5504,-20.89029,8,3,3101,3728,2578,81,8766,103,120,0,,,,,,,,,,,,,,,,,,,,,,,,,,,,,
"",202529,5171,-21.04343,149.30018,A,06/05/2021 20:21:05,Argos,0,161,A1,,401677701.93,06/05/2021 20:19:44,1,3,0,-130,401677701.93,149.30018,-21.04343,149.30019,-21.04343,0,3,980,9499,101,64,1325,22,75,24,,,,,,,,,,,,,,,,,,,,,,,,,,,,,
"",202529,5171,-21.04343,149.30018,A,06/05/2021 20:21:05,Argos,0,161,A1,,401677701.93,06/05/2021 20:21:08,1,3,0,-130,401677701.93,149.30018,-21.04343,149.30019,-21.04343,0,3,980,9499,101,64,1325,69,207,4,,,,,,,,,,,,,,,,,,,,,,,,,,,,,
"",202529,5171,-21.04343,149.30018,A,06/05/2021 20:21:05,Argos,0,161,A1,,401677701.93,06/05/2021 20:22:25,1,3,0,-130,401677701.93,149.30018,-21.04343,149.30019,-21.04343,0,3,980,9499,101,64,1325,97,118,0,,,,,,,,,,,,,,,,,,,,,,,,,,,,,
"",202529,5171,-21.04577,149.3034,A,06/05/2021 20:35:52,Argos,0,84,SR,,401677671.45,06/05/2021 20:35:53,1,3,0,-123,401677671.45,149.3034,-21.04577,149.3034,-21.04577,6,3,1005,6219,162,80,1506,22,75,24,,,,,,,,,,,,,,,,,,,,,,,,,,,,,
"",202529,5171,-21.04577,149.3034,A,06/05/2021 20:35:52,Argos,0,84,SR,,401677671.45,06/05/2021 20:36:18,1,3,0,-123,401677671.45,149.3034,-21.04577,149.3034,-21.04577,6,3,1005,6219,162,80,1506,70,208,4,,,,,,,,,,,,,,,,,,,,,,,,,,,,,
"",202529,5171,-21.04577,149.3034,A,06/05/2021 20:35:52,Argos,0,84,SR,,401677671.45,06/05/2021 20:37:18,1,3,0,-123,401677671.45,149.3034,-21.04577,149.3034,-21.04577,6,3,1005,6219,162,80,1506,86,207,50,,,,,,,,,,,,,,,,,,,,,,,,,,,,,
"",202529,5171,-21.05109,149.3042,B,06/05/2021 21:08:15,Argos,0,0,MA,,401677695.06,06/05/2021 21:08:15,1,1,0,-129,401677695.06,149.3042,-21.05109,149.3042,-21.05109,7,3,2357,3465,1602,81,2664,67,209,4,,,,,,,,,,,,,,,,,,,,,,,,,,,,,
"",202529,5171,-21.06286,149.31419,A,06/05/2021 21:32:53,Argos,0,71,NK,,401677697.97,06/05/2021 21:32:13,1,3,0,-122,401677697.97,149.31419,-21.06286,149.3142,-21.06286,6,3,896,7630,105,86,1787,10,0,16,,,,,,,,,,,,,,,,,,,,,,,,,,,,,
"",202529,5171,-21.05812,149.30072,B,06/05/2021 21:33:14,Argos,0,21,NP,,401677700.83,06/05/2021 21:33:04,1,2,0,-138,401677700.83,149.30072,-21.05812,149.30072,-21.05812,6,3,1980,2463,1591,93,3135,22,75,24,,,,,,,,,,,,,,,,,,,,,,,,,,,,,
"",202529,5171,-21.06286,149.31419,A,06/05/2021 21:32:53,Argos,0,71,NK,,401677697.97,06/05/2021 21:33:04,1,3,0,-122,401677697.97,149.31419,-21.06286,149.3142,-21.06286,6,3,896,7630,105,86,1787,22,75,24,,,,,,,,,,,,,,,,,,,,,,,,,,,,,
"",202529,5171,-21.05812,149.30072,B,06/05/2021 21:33:14,Argos,0,21,NP,,401677700.83,06/05/2021 21:33:25,1,2,0,-138,401677700.83,149.30072,-21.05812,149.30072,-21.05812,6,3,1980,2463,1591,93,3135,76,210,4,,,,,,,,,,,,,,,,,,,,,,,,,,,,,
"",202529,5171,-21.06286,149.31419,A,06/05/2021 21:32:53,Argos,0,71,NK,,401677697.97,06/05/2021 21:33:25,1,3,0,-122,401677697.97,149.31419,-21.06286,149.3142,-21.06286,6,3,896,7630,105,86,1787,76,210,4,,,,,,,,,,,,,,,,,,,,,,,,,,,,,
"",202529,5171,-21.06431,149.30301,B,06/05/2021 22:22:52,Argos,0,0,MB,,401677696.86,06/05/2021 22:22:52,1,1,0,-135,401677696.86,149.30301,-21.06431,149.30301,-21.06431,8,3,2631,2936,2357,88,4093,92,53,248,,,,,,,,,,,,,,,,,,,,,,,,,,,,,
"",202529,5171,-21.0663,149.2993,B,06/05/2021 22:39:53,Argos,0,0,NN,,401677690.55,06/05/2021 22:39:54,1,1,0,-133,401677690.55,149.2993,-21.0663,149.2993,-21.0663,8,3,2788,3126,2486,106,4535,92,3,20,,,,,,,,,,,,,,,,,,,,,,,,,,,,,
"",202529,5171,-21.19686,149.34405,B,06/06/2021 20:03:51,Argos,0,0,SR,,401677695.82,06/06/2021 20:03:51,1,1,0,-121,401677695.82,149.34405,-21.19686,149.34406,-21.19686,0,3,4714,23711,937,77,10336,92,35,20,,,,,,,,,,,,,,,,,,,,,,,,,,,,,
"",202529,5171,-21.19552,149.34533,B,06/06/2021 20:03:51,Argos,0,0,A1,,401677697.1,06/06/2021 20:03:51,1,1,0,-139,401677697.1,149.34533,-21.19552,149.34534,-21.19552,0,3,3577,22883,559,77,10113,92,35,20,,,,,,,,,,,,,,,,,,,,,,,,,,,,,
"",202529,5171,-21.20042,149.37097,B,06/06/2021 21:08:51,Argos,0,645,NK,,401677693.96,06/06/2021 21:03:29,1,2,0,-131,401677693.96,149.37097,-21.20042,149.37097,-21.20042,8,3,1660,2967,928,55,4686,22,75,24,,,,,,,,,,,,,,,,,,,,,,,,,,,,,
"",202529,5171,-21.20042,149.37097,B,06/06/2021 21:08:51,Argos,0,645,NK,,401677693.96,06/06/2021 21:14:14,1,2,0,-131,401677693.96,149.37097,-21.20042,149.37097,-21.20042,8,3,1660,2967,928,55,4686,102,103,124,,,,,,,,,,,,,,,,,,,,,,,,,,,,,
"",202529,5171,-21.21782,149.39205,B,06/07/2021 00:00:52,Argos,0,0,NN,,401677691.67,06/07/2021 00:00:52,1,1,0,-131,401677691.67,149.39205,-21.21782,149.39204,-21.21782,8,2,2271,2648,1947,104,6416,74,204,4,,,,,,,,,,,,,,,,,,,,,,,,,,,,,
"",202529,5171,-21.17154,149.34109,B,06/07/2021 23:55:29,Argos,0,0,NN,,401677673.4,06/07/2021 23:55:29,1,1,0,-128,401677673.4,149.34109,-21.17154,149.3411,-21.17154,0,3,5273,6201,4483,60,14913,32,88,192,0,0,0,0,53,255,0,0,0,0,140,4,64,142,21,59,188,49,225,234,162,127,211,117,191,255,254,64,
"",202529,5171,,,,,,,0,NK,,401650000,06/09/2021 21:28:00,1,1,0,-132,401650000,,,,,,,,,,,,66,212,4,,,,,,,,,,,,,,,,,,,,,,,,,,,,,
"",202529,5171,,,,,,,0,MA,,401650000,06/09/2021 21:28:00,1,1,0,-120,401650000,,,,,,,,,,,,66,212,4,,,,,,,,,,,,,,,,,,,,,,,,,,,,,
"",202529,5171,-20.94289,149.95113,B,06/10/2021 23:59:06,Argos,0,19,MB,,401677749.95,06/10/2021 23:58:57,1,2,0,-132,401677749.95,149.95113,-20.94289,149.95113,-20.94289,0,3,49167,163527,14782,134,17329,100,119,0,,,,,,,,,,,,,,,,,,,,,,,,,,,,,
"",202529,5171,-20.94289,149.95113,B,06/10/2021 23:59:06,Argos,0,19,MB,,401677749.95,06/10/2021 23:59:17,1,2,0,-132,401677749.95,149.95113,-20.94289,149.95113,-20.94289,0,3,49167,163527,14782,134,17329,10,16,16,,,,,,,,,,,,,,,,,,,,,,,,,,,,,
"",202529,5171,-20.61044,149.77184,B,06/11/2021 20:25:18,Argos,0,0,NP,,401677619.54,06/11/2021 20:25:18,1,1,0,-126,401677619.54,149.77184,-20.61044,149.77184,-20.61044,0,3,56981,184739,17575,69,11804,32,89,64,0,0,0,0,0,255,9,0,0,0,0,0,198,89,32,0,0,0,0,0,255,0,0,0,0,0,1,28,
"",202529,5171,-20.60794,149.53479,B,06/11/2021 20:25:18,Argos,0,0,A1,,401677725.31,06/11/2021 20:25:18,1,1,0,-135,401677725.31,149.53479,-20.60794,149.53479,-20.60794,0,3,50932,182434,14218,63,10488,32,89,64,0,0,0,0,0,255,9,0,0,0,0,0,198,89,32,0,0,0,0,0,255,0,0,0,0,82,108,129,
"",202529,5171,-20.55853,149.60655,B,06/11/2021 22:25:19,Argos,0,0,MA,,401677705.87,06/11/2021 22:25:19,1,1,0,-128,401677705.87,149.60655,-20.55853,149.60655,-20.55853,8,3,33544,77514,14516,68,9768,22,75,24,,,,,,,,,,,,,,,,,,,,,,,,,,,,,
"",202529,5171,-20.57664,149.52908,B,06/11/2021 22:25:19,Argos,0,0,NK,,401677661.92,06/11/2021 22:25:20,1,1,0,-137,401677661.92,149.52908,-20.57664,149.52908,-20.57664,0,3,28703,51114,16118,54,7282,22,75,24,,,,,,,,,,,,,,,,,,,,,,,,,,,,,
"",202529,5171,,,,,,,0,MC,,401650000,06/12/2021 22:33:03,1,1,0,-122,401650000,,,,,,,,,,,,87,170,20,,,,,,,,,,,,,,,,,,,,,,,,,,,,,
"",202529,5171,,,,,,,0,NK,,401650000,06/15/2021 20:36:50,1,1,0,-129,401650000,,,,,,,,,,,,22,75,24,,,,,,,,,,,,,,,,,,,,,,,,,,,,,
"",202529,5171,-20.52922,149.71895,B,06/15/2021 21:10:18,Argos,0,42,MA,,401677642.71,06/15/2021 21:09:57,1,2,0,-126,401677642.71,149.71895,-20.52922,149.71895,-20.52922,0,3,11786,105245,1319,128,16326,22,75,24,,,,,,,,,,,,,,,,,,,,,,,,,,,,,
"",202529,5171,-20.52922,149.71895,B,06/15/2021 21:10:18,Argos,0,42,MA,,401677642.71,06/15/2021 21:10:40,1,2,0,-126,401677642.71,149.71895,-20.52922,149.71895,-20.52922,0,3,11786,105245,1319,128,16326,72,246,4,,,,,,,,,,,,,,,,,,,,,,,,,,,,,
"",202529,5171,-20.53763,149.68168,B,06/15/2021 21:16:31,Argos,0,53,NP,,401677642.97,06/15/2021 21:16:05,1,2,0,-134,401677642.97,149.68168,-20.53763,149.68169,-20.53763,0,3,10906,113301,1049,127,17406,27,93,26,,,,,,,,,,,,,,,,,,,,,,,,,,,,,
"",202529,5171,-20.53763,149.68168,B,06/15/2021 21:16:31,Argos,0,53,NP,,401677642.97,06/15/2021 21:16:58,1,2,0,-134,401677642.97,149.68168,-20.53763,149.68169,-20.53763,0,3,10906,113301,1049,127,17406,10,0,16,,,,,,,,,,,,,,,,,,,,,,,,,,,,,
"",202529,5171,,,,,,,0,NP,,401650000,06/21/2021 21:52:46,1,1,0,-129,401650000,,,,,,,,,,,,32,90,128,0,0,0,0,0,1,255,0,0,0,0,0,182,90,96,0,0,0,0,0,163,255,0,0,0,0,0,210,
"",202529,5171,,,,,,,0,NK,,401650000,06/22/2021 20:58:44,1,1,0,-135,401650000,,,,,,,,,,,,10,0,16,,,,,,,,,,,,,,,,,,,,,,,,,,,,,
"",202529,5171,,,,,,,0,MA,,401650000,06/23/2021 23:24:10,1,1,0,-132,401650000,,,,,,,,,,,,32,90,128,0,0,0,0,0,1,255,0,0,0,0,0,182,90,105,16,25,20,193,95,188,14,62,224,38,118,235,110,
"",202529,5171,-20.79136,150.03923,A,06/24/2021 06:35:26,Argos,0,41,SR,,401677656.54,06/24/2021 06:35:07,1,3,0,-132,401677656.54,150.03923,-20.79136,150.03923,-20.79136,0,3,24321,203660,2904,102,12748,32,90,195,196,16,205,72,224,228,16,10,228,145,38,153,192,144,111,35,95,95,2,122,246,183,221,224,4,221,40,203,
"",202529,5171,-20.79136,150.03923,A,06/24/2021 06:35:26,Argos,0,41,SR,,401677656.54,06/24/2021 06:35:22,1,3,0,-132,401677656.54,150.03923,-20.79136,150.03923,-20.79136,0,3,24321,203660,2904,102,12748,86,65,21,,,,,,,,,,,,,,,,,,,,,,,,,,,,,
"",202529,5171,-20.79136,150.03923,A,06/24/2021 06:35:26,Argos,0,41,SR,,401677656.54,06/24/2021 06:35:49,1,3,0,-132,401677656.54,150.03923,-20.79136,150.03923,-20.79136,0,3,24321,203660,2904,102,12748,106,113,0,,,,,,,,,,,,,,,,,,,,,,,,,,,,,
"",202529,5171,-20.74952,149.80298,B,06/24/2021 08:13:59,Argos,0,90,SR,,401677707.26,06/24/2021 08:12:30,1,2,0,-133,401677707.26,149.80298,-20.74952,149.80298,-20.74952,6,3,9940,53993,1830,128,5280,235,116,0,,,,,,,,,,,,,,,,,,,,,,,,,,,,,
"",202529,5171,-20.74952,149.80298,B,06/24/2021 08:13:59,Argos,0,90,SR,,401677707.26,06/24/2021 08:14:00,1,2,0,-133,401677707.26,149.80298,-20.74952,149.80298,-20.74952,6,3,9940,53993,1830,128,5280,10,0,11,,,,,,,,,,,,,,,,,,,,,,,,,,,,,
"",202529,5171,-21.12345,150.11614,A,06/25/2021 11:23:10,Argos,0,57,MA,,401677703.05,06/25/2021 11:22:46,1,3,0,-125,401677703.05,150.11614,-21.12345,150.11613,-21.12345,0,3,27584,191453,3974,61,9632,32,90,192,0,0,0,0,0,255,64,0,0,0,0,0,15,90,160,0,0,35,201,75,251,15,100,246,39,48,248,90,
"",202529,5171,-21.12345,150.11614,A,06/25/2021 11:23:10,Argos,0,57,MA,,401677703.05,06/25/2021 11:23:01,1,3,0,-125,401677703.05,150.11614,-21.12345,150.11613,-21.12345,0,3,27584,191453,3974,61,9632,32,91,0,0,0,202,159,65,4,1,238,50,164,100,57,132,4,63,64,15,240,31,224,194,7,240,124,31,3,224,247,
"",202529,5171,-21.12345,150.11614,A,06/25/2021 11:23:10,Argos,0,57,MA,,401677703.05,06/25/2021 11:23:44,1,3,0,-125,401677703.05,150.11614,-21.12345,150.11613,-21.12345,0,3,27584,191453,3974,61,9632,22,75,24,,,,,,,,,,,,,,,,,,,,,,,,,,,,,
"",202529,5171,,,,,,,0,MA,,401650000,06/26/2021 20:42:07,1,1,0,-127,401650000,,,,,,,,,,,,38,13,16,242,14,231,25,96,206,64,21,246,168,15,35,88,38,96,134,177,255,98,228,232,146,76,80,62,233,30,141,
"",202529,5171,,,,,,,0,MA,,401650000,06/27/2021 21:52:49,1,1,0,-128,401650000,,,,,,,,,,,,65,235,4,,,,,,,,,,,,,,,,,,,,,,,,,,,,,
"",202529,5171,,,,,,,0,NK,,401650000,06/27/2021 22:22:49,1,1,0,-137,401650000,,,,,,,,,,,,10,0,16,,,,,,,,,,,,,,,,,,,,,,,,,,,,,
"",202529,5171,-21.25084,150.69268,B,06/27/2021 22:25:28,Argos,0,318,MC,,401677737.38,06/27/2021 22:22:49,1,2,0,-121,401677737.38,150.69268,-21.25084,150.69267,-21.25084,0,3,24081,768602,754,174,7906,10,0,16,,,,,,,,,,,,,,,,,,,,,,,,,,,,,
"",202529,5171,,,,,,,0,MC,,401650000,06/27/2021 22:28:07,1,1,0,-121,401650000,,,,,,,,,,,,105,110,0,,,,,,,,,,,,,,,,,,,,,,,,,,,,,
"",202529,5171,-21.26836,150.55091,B,06/28/2021 06:14:38,Argos,0,0,SR,,401677756.56,06/28/2021 06:14:38,1,1,0,-135,401677756.56,150.55091,-21.26836,150.5509,-21.26836,8,3,25694,38713,17053,161,10331,224,176,225,,,,,,,,,,,,,,,,,,,,,,,,,,,,,
"",202529,5171,-21.46435,150.79577,A,06/28/2021 08:42:58,Argos,0,63,MA,,401677713.24,06/28/2021 08:42:27,1,3,0,-131,401677713.24,150.79577,-21.46435,150.79578,-21.46435,8,3,4731,13460,1662,56,4521,99,108,0,,,,,,,,,,,,,,,,,,,,,,,,,,,,,
"",202529,5171,-21.46435,150.79577,A,06/28/2021 08:42:58,Argos,0,63,MA,,401677713.24,06/28/2021 08:42:59,1,3,0,-131,401677713.24,150.79577,-21.46435,150.79578,-21.46435,8,3,4731,13460,1662,56,4521,22,75,24,,,,,,,,,,,,,,,,,,,,,,,,,,,,,
"",202529,5171,-21.46435,150.79577,A,06/28/2021 08:42:58,Argos,0,63,MA,,401677713.24,06/28/2021 08:43:30,1,3,0,-131,401677713.24,150.79577,-21.46435,150.79578,-21.46435,8,3,4731,13460,1662,56,4521,92,221,21,,,,,,,,,,,,,,,,,,,,,,,,,,,,,
"",202529,5171,-21.48504,151.0001,B,06/28/2021 22:52:16,Argos,0,0,MB,,401677669.85,06/28/2021 22:52:16,1,1,0,-131,401677669.85,151.0001,-21.48504,151.0001,-21.48504,0,3,8054,21556,3009,104,6608,10,0,16,,,,,,,,,,,,,,,,,,,,,,,,,,,,,
"",202529,5171,-21.48092,150.9283,B,06/28/2021 22:59:51,Argos,0,0,NN,,401677629.73,06/28/2021 22:59:52,1,1,0,-132,401677629.73,150.9283,-21.48092,150.9283,-21.48092,6,3,11365,72676,1777,110,13176,22,75,24,,,,,,,,,,,,,,,,,,,,,,,,,,,,,
"",202529,5171,-21.2934,149.87087,B,07/02/2021 21:31:25,Argos,0,81,SR,,401677698.7,07/02/2021 21:30:45,1,2,0,-135,401677698.7,149.87087,-21.2934,110.19602,-29.49089,0,2,926,8251,104,80,1466,32,91,128,0,0,0,0,0,255,1,0,0,0,0,1,228,17,16,8,23,207,251,111,170,199,50,1,215,184,139,126,
"",202529,5171,-21.2934,149.87087,B,07/02/2021 21:31:25,Argos,0,81,SR,,401677698.7,07/02/2021 21:32:07,1,2,0,-135,401677698.7,149.87087,-21.2934,110.19602,-29.49089,0,2,926,8251,104,80,1466,32,91,192,0,0,0,0,0,255,0,0,0,0,0,0,156,91,160,0,0,0,0,0,255,0,0,0,0,0,0,153,
"",202529,5171,-21.29347,149.8705,B,07/02/2021 21:46:13,Argos,0,0,NK,,401677704.62,07/02/2021 21:46:13,1,1,0,-137,401677704.62,149.8705,-21.29347,110.22119,-29.4955,6,3,1471,2635,821,81,2083,89,80,131,220,232,166,194,180,33,86,171,221,150,43,248,206,23,210,28,233,96,154,128,,,,,,,,,
"",202529,5171,-21.15108,149.94835,B,07/03/2021 21:03:11,Argos,0,0,SR,,401677740.21,07/03/2021 21:03:11,1,1,0,-129,401677740.21,149.94835,-21.15108,149.94835,-21.15108,1,3,7764,13179,4573,110,12046,32,91,128,0,0,0,0,0,255,0,0,36,76,187,185,201,114,8,111,194,144,255,218,76,6,205,246,63,15,209,61,
"",202529,5171,-21.08169,150.05826,B,07/03/2021 22:07:06,Argos,0,0,NN,,401677677.82,07/03/2021 22:07:06,1,1,0,-140,401677677.82,150.05826,-21.08169,150.05826,-21.08169,8,3,3811,10419,1393,122,10777,32,91,192,0,0,0,0,0,255,0,0,0,0,0,0,156,91,160,0,14,187,129,202,233,70,195,56,194,141,209,24,
"",202529,5171,-21.19959,149.98127,B,07/04/2021 20:30:18,Argos,0,0,SR,,401677645.51,07/04/2021 20:30:19,1,1,0,-127,401677645.51,149.98127,-21.19959,149.98128,-21.19959,0,3,15799,50762,4917,100,12476,72,230,6,,,,,,,,,,,,,,,,,,,,,,,,,,,,,
"",202529,5171,-21.3485,150.23541,Z,07/04/2021 21:09:20,Argos,0,0,MA,,401677778.61,07/04/2021 21:09:21,1,1,0,-124,401677778.61,150.23541,-21.3485,150.23541,-21.3485,4,2,13547,56387,3254,90,10697,22,75,24,,,,,,,,,,,,,,,,,,,,,,,,,,,,,
"",202529,5171,-21.0069,150.33596,B,07/05/2021 09:26:46,Argos,0,0,NP,,401677635.71,07/05/2021 09:26:47,1,1,0,-130,401677635.71,150.33596,-21.0069,150.33595,-21.0069,0,3,19745,33803,11533,104,15582,32,92,128,0,0,0,0,0,255,1,0,0,0,0,0,251,92,96,0,0,0,0,11,12,220,81,228,252,162,68,11,
"",202529,5171,-21.59023,149.91914,B,07/05/2021 09:26:46,Argos,0,0,NK,,401677557.93,07/05/2021 09:26:47,1,1,0,-123,401677557.93,149.91914,-21.59023,149.91914,-21.59023,0,3,121675,497314,29769,102,12435,32,92,128,0,0,0,0,0,255,1,0,0,0,0,0,251,92,96,0,0,0,0,8,4,14,87,104,104,1,20,1,
"",202529,5171,,,,,,,0,MA,,401650000,07/06/2021 22:14:58,1,1,0,-121,401650000,,,,,,,,,,,,105,110,0,,,,,,,,,,,,,,,,,,,,,,,,,,,,,
"",202529,5171,,,,,,,0,NP,,401650000,07/06/2021 22:14:58,1,1,0,-136,401650000,,,,,,,,,,,,105,110,0,,,,,,,,,,,,,,,,,,,,,,,,,,,,,
"",202529,5171,,,,,,,0,MC,,401650000,07/07/2021 00:21:01,1,1,0,-121,401650000,,,,,,,,,,,,72,230,4,,,,,,,,,,,,,,,,,,,,,,,,,,,,,
"",202529,5171,,,,,,,0,A1,,401650000,07/07/2021 08:34:33,1,1,0,-137,401650000,,,,,,,,,,,,80,143,22,,,,,,,,,,,,,,,,,,,,,,,,,,,,,
"",202529,5171,,,,,,,0,NK,,401650000,07/07/2021 08:34:33,1,1,0,-129,401650000,,,,,,,,,,,,80,143,22,,,,,,,,,,,,,,,,,,,,,,,,,,,,,
"",202529,5171,-19.70527,152.65285,B,07/09/2021 20:30:43,Argos,0,65,NK,,401677525.84,07/09/2021 20:30:11,1,2,0,-132,401677525.84,152.65285,-19.70527,152.65285,-19.70527,0,3,199490,0,16364,70,20419,10,0,16,,,,,,,,,,,,,,,,,,,,,,,,,,,,,
"",202529,5171,-19.70527,152.65285,B,07/09/2021 20:30:43,Argos,0,65,NK,,401677525.84,07/09/2021 20:31:16,1,2,0,-132,401677525.84,152.65285,-19.70527,152.65285,-19.70527,0,3,199490,0,16364,70,20419,22,75,24,,,,,,,,,,,,,,,,,,,,,,,,,,,,,
"",202529,5171,,,,,,,0,NP,,401650000,07/11/2021 21:13:23,1,1,0,-131,401650000,,,,,,,,,,,,64,222,4,,,,,,,,,,,,,,,,,,,,,,,,,,,,,
"",202529,5171,,,,,,,0,SR,,401650000,07/17/2021 06:18:51,1,1,0,-136,401650000,,,,,,,,,,,,32,94,0,0,31,141,254,140,198,120,174,142,44,31,4,127,159,202,94,39,50,110,208,30,82,206,126,43,68,189,78,
"",202529,5171,,,,,,,0,SR,,401650000,07/19/2021 06:55:04,1,1,0,-135,401650000,,,,,,,,,,,,32,93,192,0,0,0,0,0,255,0,0,0,0,0,0,204,93,160,0,0,0,0,0,255,1,0,0,0,0,0,224,
"",202529,5171,,,,,,,0,NP,,401650000,07/19/2021 21:18:56,1,1,0,-134,401650000,,,,,,,,,,,,32,94,0,0,0,1,201,255,204,102,188,63,93,250,113,36,67,120,164,38,112,190,110,140,61,15,177,241,226,153,221,
"",202529,5171,,,,,,,0,NK,,401650000,07/19/2021 21:18:56,1,1,0,-132,401650000,,,,,,,,,,,,32,94,0,0,0,29,1,128,92,171,35,177,15,175,64,211,192,191,20,34,58,210,233,245,109,249,67,181,94,37,105,
"",202529,5171,-20.60019,152.65282,B,07/19/2021 23:59:17,Argos,0,31,NN,,401677592.48,07/19/2021 23:59:01,1,2,0,-129,401677592.48,152.65282,-20.60019,152.65282,-20.60019,0,3,54341,312801,9440,67,11885,85,240,131,220,232,166,194,180,41,223,118,93,148,46,80,205,66,204,245,138,232,128,73,,,,,,,,,
"",202529,5171,-20.60019,152.65282,B,07/19/2021 23:59:17,Argos,0,31,NN,,401677592.48,07/19/2021 23:59:33,1,2,0,-129,401677592.48,152.65282,-20.60019,152.65282,-20.60019,0,3,54341,312801,9440,67,11885,32,93,192,0,0,0,0,0,255,0,0,0,0,0,0,204,93,160,0,0,0,0,0,255,1,0,0,0,0,0,224,
