DeployID,Ptt,Instr,Date,Type,Quality,Latitude,Longitude,Error radius,Error Semi-major axis,Error Semi-minor axis,Error Ellipse orientation,Offset,Offset orientation,GPE MSD,GPE U,Count,Comment
184222,184222,UT,20:26:26 14-Mar-2021,Argos,B,-23.8341,151.2484,,,,,,,,,,
184222,184222,UT,21:08:39 14-Mar-2021,Argos,2,-23.8271,151.2477,321,343,300,115,,,,,,
184222,184222,UT,21:26:52 14-Mar-2021,Argos,2,-23.8286,151.2453,414,831,206,104,,,,,,
184222,184222,UT,21:27:38 14-Mar-2021,Argos,3,-23.8304,151.2416,211,401,110,99,,,,,,
184222,184222,UT,22:01:51 14-Mar-2021,Argos,0,-23.7600,151.3814,2443,3941,1514,178,,,,,,
184222,184222,UT,22:18:41 14-Mar-2021,Argos,1,-23.6742,151.4633,683,818,569,143,,,,,,
184222,184222,UT,22:49:29 14-Mar-2021,Argos,0,-23.5543,151.6508,1521,2489,928,154,,,,,,
184222,184222,UT,23:06:30 14-Mar-2021,Argos,0,-23.3090,151.5694,4174,13595,1281,63,,,,,,
184222,184222,UT,23:37:55 14-Mar-2021,Argos,2,-23.2954,151.6988,434,711,264,96,,,,,,
184222,184222,UT,23:53:29 14-Mar-2021,Argos,3,-23.2952,151.7047,248,267,230,76,,,,,,
184222,184222,UT,21:00:01 15-Mar-2021,Argos,A,-23.1404,152.3395,22180,299342,1643,77,,,,,,
184222,184222,UT,21:04:31 15-Mar-2021,Argos,0,-23.3206,151.8444,4388,44177,435,103,,,,,,
184222,184222,UT,21:09:02 15-Mar-2021,Argos,1,-23.2829,151.6976,517,711,375,100,,,,,,
184222,184222,UT,21:32:12 15-Mar-2021,Argos,B,-23.2905,151.6936,3878,6602,2277,112,,,,,,
184222,184222,UT,21:41:47 15-Mar-2021,Argos,3,-23.2905,151.6991,181,279,117,22,,,,,,
184222,184222,UT,22:08:04 15-Mar-2021,Argos,3,-23.2836,151.7011,204,267,155,68,,,,,,
184222,184222,UT,22:26:27 15-Mar-2021,Argos,B,-23.2875,151.7003,1196,1368,1046,90,,,,,,
184222,184222,UT,22:41:24 15-Mar-2021,Argos,B,-23.2876,151.7005,1377,1537,1233,89,,,,,,
184222,184222,UT,22:45:06 15-Mar-2021,Argos,2,-23.2903,151.6957,411,865,195,67,,,,,,
184222,184222,UT,08:12:03 16-Mar-2021,Argos,B,-23.2469,151.7694,8990,11191,7220,136,,,,,,
184222,184222,UT,20:03:12 20-Mar-2021,Argos,0,-23.0838,151.9426,24963,547888,1137,132,,,,,,
184222,184222,UT,21:33:57 20-Mar-2021,Argos,B,-23.0930,151.9426,4591,21809,966,158,,,,,,
184222,184222,UT,21:34:47 20-Mar-2021,Argos,B,-23.0965,151.9570,20956,145694,3014,131,,,,,,
184222,184222,UT,07:01:54 21-Mar-2021,Argos,B,-23.1746,152.0497,3489,17959,677,96,,,,,,
184222,184222,UT,19:46:19 21-Mar-2021,Argos,B,-23.2522,152.0979,4628,15799,1355,105,,,,,,
184222,184222,UT,20:16:41 21-Mar-2021,Argos,B,-23.2101,152.0073,4396,29082,664,87,,,,,,
184222,184222,UT,20:16:41 21-Mar-2021,Argos,B,-23.2087,151.9945,3737,26494,527,84,,,,,,
184222,184222,UT,20:42:17 21-Mar-2021,Argos,A,-23.2284,151.8636,3799,17838,808,99,,,,,,
184222,184222,UT,21:32:54 21-Mar-2021,Argos,B,-23.1922,151.9233,3233,7859,1330,77,,,,,,
184222,184222,UT,21:50:29 21-Mar-2021,Argos,B,-23.2234,151.8533,3583,8378,1532,109,,,,,,
184222,184222,UT,22:22:38 21-Mar-2021,Argos,B,-23.2215,151.8494,2992,5622,1592,106,,,,,,
184222,184222,UT,22:51:30 21-Mar-2021,Argos,B,-23.2277,151.8635,1860,2799,1236,104,,,,,,
184222,184222,UT,23:36:04 21-Mar-2021,Argos,B,-23.1886,151.8908,2559,3745,1747,97,,,,,,
184222,184222,UT,19:48:29 22-Mar-2021,Argos,0,-23.2517,151.8818,8022,74745,860,88,,,,,,
184222,184222,UT,22:09:43 22-Mar-2021,Argos,B,-23.2339,151.8355,5911,14628,2388,85,,,,,,
184222,184222,UT,12:30:47 23-Mar-2021,Argos,B,-23.2466,151.8744,6655,11848,3738,47,,,,,,
184222,184222,UT,19:42:21 23-Mar-2021,Argos,B,-23.2071,151.7617,7105,9643,5235,47,,,,,,
184222,184222,UT,20:04:55 23-Mar-2021,Argos,B,-23.1957,151.9835,2158,11387,409,16,,,,,,
184222,184222,UT,20:08:47 28-Mar-2021,Argos,B,-23.2576,151.8396,3509,206620,59,40,,,,,,
184222,184222,UT,06:41:41 29-Mar-2021,Argos,B,-23.2422,151.8563,3071,4248,2219,146,,,,,,
184222,184222,UT,10:31:39 29-Mar-2021,Argos,B,-23.1954,151.8516,2307,19157,277,98,,,,,,
184222,184222,UT,11:27:10 29-Mar-2021,Argos,B,-23.1893,151.8371,2114,5759,776,98,,,,,,
184222,184222,UT,19:56:21 29-Mar-2021,Argos,B,-23.2406,151.7504,2077,7568,570,115,,,,,,
184222,184222,UT,19:56:21 29-Mar-2021,Argos,B,-23.2390,151.7560,3100,13793,696,90,,,,,,
184222,184222,UT,21:14:52 29-Mar-2021,Argos,2,-23.2867,151.7292,325,1324,79,139,,,,,,
184222,184222,UT,00:17:34 30-Mar-2021,Argos,B,-23.3054,151.6991,3289,4154,2604,113,,,,,,
184222,184222,UT,08:07:25 30-Mar-2021,Argos,1,-23.2707,151.7423,622,3422,113,103,,,,,,
184222,184222,UT,08:22:16 30-Mar-2021,Argos,B,-23.2721,151.7403,1447,1829,1144,98,,,,,,
184222,184222,UT,09:42:04 30-Mar-2021,Argos,0,-23.2967,151.7258,4731,16225,1379,112,,,,,,
184222,184222,UT,10:02:48 30-Mar-2021,Argos,1,-23.2985,151.7291,1104,4820,252,95,,,,,,
184222,184222,UT,10:13:16 30-Mar-2021,Argos,2,-23.2920,151.7034,362,993,132,167,,,,,,
184222,184222,UT,10:17:50 30-Mar-2021,Argos,B,-23.2910,151.7031,438,607,316,121,,,,,,
184222,184222,UT,05:53:49 31-Mar-2021,Argos,A,-23.2479,151.7728,1818,10742,307,166,,,,,,
184222,184222,UT,07:34:02 31-Mar-2021,Argos,B,-23.2265,151.7618,1542,2511,947,129,,,,,,
184222,184222,UT,07:43:04 31-Mar-2021,Argos,B,-23.2282,151.7657,1562,2455,993,120,,,,,,
184222,184222,UT,18:16:45 31-Mar-2021,Argos,B,-23.2185,151.7091,3310,4869,2250,83,,,,,,
184222,184222,UT,19:19:33 31-Mar-2021,Argos,B,-23.2563,151.7210,3919,13068,1175,94,,,,,,
184222,184222,UT,19:24:19 31-Mar-2021,Argos,3,-23.2696,151.7039,233,633,85,75,,,,,,
184222,184222,UT,19:29:36 31-Mar-2021,Argos,1,-23.2676,151.7119,637,1248,324,125,,,,,,
184222,184222,UT,19:54:03 31-Mar-2021,Argos,3,-23.2697,151.7077,190,1116,32,79,,,,,,
184222,184222,UT,07:27:24 01-Apr-2021,Argos,0,-23.1956,151.6995,4423,69878,280,107,,,,,,
184222,184222,UT,09:41:41 01-Apr-2021,Argos,B,-23.2674,151.7360,5120,91920,285,57,,,,,,
184222,184222,UT,10:39:11 01-Apr-2021,Argos,B,-23.2793,151.7374,5921,11062,3169,59,,,,,,
184222,184222,UT,11:00:31 01-Apr-2021,Argos,B,-23.2771,151.7370,1880,3173,1113,56,,,,,,
184222,184222,UT,11:07:45 01-Apr-2021,Argos,B,-23.2794,151.7366,1686,2826,1005,52,,,,,,
184222,184222,UT,12:02:45 01-Apr-2021,Argos,B,-23.2895,151.7374,1765,2617,1190,69,,,,,,
184222,184222,UT,12:21:33 01-Apr-2021,Argos,0,-23.2761,151.7033,1573,13042,189,55,,,,,,
184222,184222,UT,12:52:51 01-Apr-2021,Argos,2,-23.2730,151.6974,463,1018,210,135,,,,,,
184222,184222,UT,19:22:45 01-Apr-2021,Argos,B,-23.2642,151.7010,4309,9203,2017,108,,,,,,
184222,184222,UT,19:22:45 01-Apr-2021,Argos,B,-23.2813,151.6827,5196,9173,2943,101,,,,,,
184222,184222,UT,20:20:53 01-Apr-2021,Argos,B,-23.2685,151.6980,4348,8183,2310,107,,,,,,
184222,184222,UT,23:44:34 01-Apr-2021,Argos,B,-23.2846,151.6891,2489,6039,1026,87,,,,,,
184222,184222,UT,00:11:22 02-Apr-2021,Argos,A,-23.2924,151.7080,3939,15225,1018,84,,,,,,
184222,184222,UT,06:33:15 02-Apr-2021,Argos,A,-23.3202,151.7449,2501,16827,371,75,,,,,,
184222,184222,UT,07:13:11 02-Apr-2021,Argos,B,-23.3214,151.7592,1362,4366,425,4,,,,,,
184222,184222,UT,07:46:12 02-Apr-2021,Argos,1,-23.3168,151.7448,510,1710,151,153,,,,,,
184222,184222,UT,09:26:07 02-Apr-2021,Argos,A,-23.3410,151.7268,925,8656,98,147,,,,,,
184222,184222,UT,10:57:29 02-Apr-2021,Argos,B,-23.3371,151.7127,1213,3951,372,66,,,,,,
184222,184222,UT,18:49:40 02-Apr-2021,Argos,1,-23.2565,151.7203,586,635,540,58,,,,,,
184222,184222,UT,18:54:14 02-Apr-2021,Argos,1,-23.2604,151.7269,666,1688,262,131,,,,,,
184222,184222,UT,19:07:00 02-Apr-2021,Argos,B,-23.2661,151.7328,1299,1470,1148,108,,,,,,
184222,184222,UT,20:04:12 02-Apr-2021,Argos,B,-23.2621,151.7243,1842,11898,285,90,,,,,,
184222,184222,UT,20:25:59 02-Apr-2021,Argos,B,-23.2584,151.7213,3121,3603,2703,62,,,,,,
184222,184222,UT,20:40:28 02-Apr-2021,Argos,1,-23.2746,151.7056,556,753,410,5,,,,,,
184222,184222,UT,21:52:31 02-Apr-2021,Argos,B,-23.2719,151.7006,3458,3926,3045,102,,,,,,
184222,184222,UT,21:52:31 02-Apr-2021,Argos,B,-23.2727,151.7040,2816,3315,2392,114,,,,,,
184222,184222,UT,23:49:02 02-Apr-2021,Argos,B,-23.2733,151.6977,3884,4436,3399,88,,,,,,
184222,184222,UT,07:02:21 03-Apr-2021,Argos,B,-23.2276,151.7720,2224,15096,327,139,,,,,,
184222,184222,UT,07:40:48 03-Apr-2021,Argos,B,-23.1673,151.7279,1493,36702,60,97,,,,,,
184222,184222,UT,08:36:35 03-Apr-2021,Argos,0,-23.1524,151.7025,2107,17575,252,87,,,,,,
184222,184222,UT,08:04:56 04-Apr-2021,Argos,B,-22.7740,151.1172,6651,11644,3798,111,,,,,,Lat > 4 deviations from mean
184222,184222,UT,19:56:18 04-Apr-2021,Argos,0,-23.3279,151.6946,2007,8023,501,88,,,,,,
184222,184222,UT,18:57:35 05-Apr-2021,Argos,B,-23.4725,151.5796,41083,88298,19114,102,,,,,,
184222,184222,UT,20:30:45 05-Apr-2021,Argos,B,-23.5300,151.6062,31948,88481,11535,94,,,,,,
184222,184222,UT,20:30:45 05-Apr-2021,Argos,B,-23.5414,151.6211,30585,106972,8744,91,,,,,,
184222,184222,UT,21:49:26 05-Apr-2021,Argos,B,-23.5251,151.6445,2212,5211,938,74,,,,,,
184222,184222,UT,22:41:05 05-Apr-2021,Argos,B,-23.5208,151.6718,2202,3872,1252,69,,,,,,
184222,184222,UT,19:29:46 06-Apr-2021,Argos,B,-23.3741,151.6016,2286,7293,716,74,,,,,,
184222,184222,UT,22:20:31 06-Apr-2021,Argos,B,-23.3457,151.6199,2790,6836,1139,72,,,,,,
184222,184222,UT,22:47:41 06-Apr-2021,Argos,A,-23.2708,151.7086,611,5685,65,116,,,,,,
184222,184222,UT,00:02:27 07-Apr-2021,Argos,B,-23.2586,151.7370,1908,2893,1257,108,,,,,,
184222,184222,UT,19:15:39 07-Apr-2021,Argos,B,-23.0908,152.1231,3761,12061,1173,66,,,,,,Lon > 4 deviations from mean
184222,184222,UT,19:39:33 07-Apr-2021,Argos,B,-23.2868,151.7398,8347,62418,1116,66,,,,,,
184222,184222,UT,19:39:33 07-Apr-2021,Argos,B,-23.2681,151.7916,13521,251017,728,66,,,,,,
184222,184222,UT,06:42:53 08-Apr-2021,Argos,B,-23.2853,151.7424,8130,47196,1400,73,,,,,,
184222,184222,UT,08:25:27 08-Apr-2021,Argos,B,-23.2689,151.8342,6479,20713,2026,77,,,,,,
184222,184222,UT,08:25:27 08-Apr-2021,Argos,B,-23.2713,151.8061,5768,27500,1209,68,,,,,,
184222,184222,UT,09:51:10 08-Apr-2021,Argos,B,-23.2973,151.7661,2486,9811,629,96,,,,,,
184222,184222,UT,18:58:06 08-Apr-2021,Argos,1,-23.3152,151.7091,836,7130,98,61,,,,,,
184222,184222,UT,18:59:41 08-Apr-2021,Argos,B,-23.3152,151.7091,639,2215,184,61,,,,,,
184222,184222,UT,21:41:27 08-Apr-2021,Argos,B,-23.3138,151.7111,1881,2389,1480,94,,,,,,
184222,184222,UT,22:49:54 08-Apr-2021,Argos,B,-23.3129,151.7090,1993,2314,1715,91,,,,,,
184222,184222,UT,23:19:05 08-Apr-2021,Argos,A,-23.3444,151.7335,175,327,93,112,,,,,,
184222,184222,UT,00:05:59 09-Apr-2021,Argos,A,-23.3351,151.7302,1599,2050,1246,77,,,,,,
184222,184222,UT,00:07:58 09-Apr-2021,Argos,A,-23.3426,151.7354,1127,7834,162,169,,,,,,
184222,184222,UT,18:35:41 09-Apr-2021,Argos,2,-23.3135,151.7146,448,993,202,175,,,,,,
184222,184222,UT,20:22:19 09-Apr-2021,Argos,B,-23.3115,151.7142,3039,3331,2772,105,,,,,,
184222,184222,UT,22:10:51 09-Apr-2021,Argos,B,-23.3028,151.7195,3251,4627,2283,107,,,,,,
184222,184222,UT,22:10:51 09-Apr-2021,Argos,B,-23.3026,151.7188,3548,5193,2424,108,,,,,,
184222,184222,UT,07:24:48 10-Apr-2021,Argos,1,-23.2854,151.7213,798,10210,62,110,,,,,,
184222,184222,UT,22:15:56 10-Apr-2021,Argos,B,-23.2512,151.7227,11873,14476,9737,66,,,,,,
184222,184222,UT,06:35:21 11-Apr-2021,Argos,B,-23.3152,151.7253,4352,9282,2040,41,,,,,,
184222,184222,UT,06:56:41 11-Apr-2021,Argos,B,-23.3132,151.7286,1543,2227,1068,51,,,,,,
184222,184222,UT,07:40:54 11-Apr-2021,Argos,2,-23.3001,151.7682,286,507,160,12,,,,,,
184222,184222,UT,08:09:24 11-Apr-2021,Argos,3,-23.3043,151.7777,135,140,129,168,,,,,,
184222,184222,UT,08:29:18 11-Apr-2021,Argos,A,-23.3086,151.7668,612,2954,126,144,,,,,,
184222,184222,UT,08:30:25 11-Apr-2021,Argos,A,-23.3024,151.7608,231,504,105,1,,,,,,
184222,184222,UT,09:30:39 11-Apr-2021,Argos,B,-23.3037,151.7836,1147,1296,1014,123,,,,,,
184222,184222,UT,12:48:36 11-Apr-2021,Argos,A,-23.2204,151.8276,8789,115464,669,59,,,,,,Lat > 4 deviations from mean
184222,184222,UT,07:54:02 12-Apr-2021,Argos,3,-23.3051,151.7751,152,287,80,106,,,,,,
184222,184222,UT,07:56:33 12-Apr-2021,Argos,3,-23.3022,151.7751,143,246,82,102,,,,,,
184222,184222,UT,08:06:17 12-Apr-2021,Argos,2,-23.3152,151.7659,297,574,153,178,,,,,,
184222,184222,UT,08:38:02 12-Apr-2021,Argos,0,-23.3075,151.7704,1632,3740,711,164,,,,,,
184222,184222,UT,09:09:17 12-Apr-2021,Argos,2,-23.3048,151.7632,396,2845,55,66,,,,,,
184222,184222,UT,20:17:40 12-Apr-2021,Argos,2,-23.3169,151.7274,344,980,120,95,,,,,,
184222,184222,UT,19:22:20 13-Apr-2021,Argos,2,-23.5648,151.6649,258,422,157,85,,,,,,
184222,184222,UT,21:04:48 13-Apr-2021,Argos,B,-23.5676,151.6619,5437,5961,4958,84,,,,,,
184222,184222,UT,22:50:12 13-Apr-2021,Argos,A,-23.5692,151.5972,827,3075,222,154,,,,,,
184222,184222,UT,23:05:07 13-Apr-2021,Argos,B,-23.5692,151.5972,1155,1727,772,153,,,,,,
184222,184222,UT,07:22:51 14-Apr-2021,Argos,B,-23.5527,151.4964,3141,4351,2267,96,,,,,,
184222,184222,UT,07:08:24 15-Apr-2021,Argos,B,-23.4641,151.0453,8517,35433,2047,72,,,,,,Lon > 4 deviations from mean
184222,184222,UT,08:28:47 15-Apr-2021,Argos,B,-23.2449,151.2746,21603,96278,4847,83,,,,,,
184222,184222,UT,19:37:52 15-Apr-2021,Argos,A,-23.1514,151.7056,16612,253392,1089,131,,,,,,
184222,184222,UT,22:12:17 15-Apr-2021,Argos,B,-23.0471,151.7984,19959,36057,11048,129,,,,,,
184222,184222,UT,23:25:49 15-Apr-2021,Argos,B,-23.0235,151.8559,21017,32944,13407,123,,,,,,
184222,184222,UT,11:05:28 16-Apr-2021,Argos,B,-23.1335,151.7786,10500,70294,1568,50,,,,,,
184222,184222,UT,11:05:28 16-Apr-2021,Argos,B,-23.1279,151.7955,24243,102232,5748,67,,,,,,
184222,184222,UT,20:54:09 16-Apr-2021,Argos,B,-23.1971,151.7151,4838,14764,1585,100,,,,,,
184222,184222,UT,08:17:18 17-Apr-2021,Argos,B,-23.0410,152.0398,3246,131208,80,75,,,,,,
184222,184222,UT,08:17:18 17-Apr-2021,Argos,B,-23.0949,151.8268,477,3611,63,82,,,,,,
184222,184222,UT,19:28:09 17-Apr-2021,Argos,B,-22.8938,152.1052,3170,4147,2422,45,,,,,,Lon > 4 deviations from mean
184222,184222,UT,19:28:09 17-Apr-2021,Argos,B,-23.1854,151.8237,7114,45952,1101,57,,,,,,
184222,184222,UT,21:29:52 17-Apr-2021,Argos,B,-23.2224,151.7616,3791,8975,1601,52,,,,,,
184222,184222,UT,21:58:52 17-Apr-2021,Argos,A,-23.2588,151.7262,465,2232,96,9,,,,,,
184222,184222,UT,08:05:27 18-Apr-2021,Argos,B,-23.1916,151.8104,3304,3421,3190,127,,,,,,
184222,184222,UT,08:05:27 18-Apr-2021,Argos,B,-23.2044,151.7836,5016,13866,1814,60,,,,,,
184222,184222,UT,09:38:54 18-Apr-2021,Argos,B,-23.2020,151.7877,4950,11899,2059,62,,,,,,
184222,184222,UT,10:30:39 18-Apr-2021,Argos,B,-23.2006,151.7874,5081,11878,2173,61,,,,,,
184222,184222,UT,11:35:56 18-Apr-2021,Argos,B,-23.2462,151.7155,4384,6099,3150,95,,,,,,
184222,184222,UT,12:26:35 18-Apr-2021,Argos,B,-23.2542,151.7049,3822,6677,2187,68,,,,,,
184222,184222,UT,22:51:59 19-Apr-2021,Argos,B,-23.5241,151.2971,6093,299910,123,95,,,,,,Lon > 4 deviations from mean
184222,184222,UT,21:08:40 20-Apr-2021,Argos,B,-23.6066,151.4767,4425,11724,1670,57,,,,,,
184222,184222,UT,01:02:21 21-Apr-2021,Argos,B,-23.4091,151.7152,6977,37253,1306,66,,,,,,
184222,184222,UT,07:10:38 21-Apr-2021,Argos,B,-23.2762,151.9233,6643,19338,2281,68,,,,,,
184222,184222,UT,21:27:38 21-Apr-2021,Argos,B,-23.3498,151.8136,4965,9934,2480,106,,,,,,
184222,184222,UT,23:12:20 21-Apr-2021,Argos,B,-23.3118,151.8316,6257,8812,4442,69,,,,,,
184222,184222,UT,06:59:55 22-Apr-2021,Argos,3,-23.2916,151.7578,116,200,66,112,,,,,,
184222,184222,UT,06:49:11 23-Apr-2021,Argos,B,-23.3026,151.7320,5712,9089,3589,150,,,,,,
184222,184222,UT,07:12:00 23-Apr-2021,Argos,B,-23.3470,151.7342,2803,5494,1430,76,,,,,,
184222,184222,UT,21:05:54 23-Apr-2021,Argos,B,-23.3393,151.7491,3568,5645,2255,137,,,,,,
184222,184222,UT,06:31:23 24-Apr-2021,Argos,2,-23.2888,151.7498,286,380,214,175,,,,,,
184222,184222,UT,06:44:53 24-Apr-2021,Argos,3,-23.2811,151.7498,210,460,96,99,,,,,,
184222,184222,UT,08:08:48 24-Apr-2021,Argos,B,-23.2722,151.7527,3822,4193,3483,77,,,,,,
184222,184222,UT,08:21:26 24-Apr-2021,Argos,B,-23.2802,151.7410,3900,4126,3685,10,,,,,,
184222,184222,UT,09:31:39 24-Apr-2021,Argos,B,-23.2812,151.7458,4345,5958,3168,80,,,,,,
184222,184222,UT,10:41:19 24-Apr-2021,Argos,B,-23.2798,151.7446,1806,2019,1614,72,,,,,,
184222,184222,UT,19:31:59 25-Apr-2021,Argos,1,-23.2838,151.6976,667,2193,203,101,,,,,,
184222,184222,UT,19:33:50 25-Apr-2021,Argos,A,-23.2857,151.6974,830,1343,513,92,,,,,,
184222,184222,UT,07:15:31 26-Apr-2021,Argos,3,-23.2848,151.7215,181,713,46,104,,,,,,
184222,184222,UT,07:39:36 26-Apr-2021,Argos,1,-23.2920,151.7261,1376,3619,522,65,,,,,,
184222,184222,UT,07:09:45 28-Apr-2021,Argos,0,-23.5746,151.6913,9209,151803,558,137,,,,,,
184222,184222,UT,07:41:40 28-Apr-2021,Argos,1,-23.5678,151.6697,1143,5636,231,75,,,,,,
184222,184222,UT,08:01:16 28-Apr-2021,Argos,3,-23.5589,151.6951,144,223,93,113,,,,,,
184222,184222,UT,08:02:25 28-Apr-2021,Argos,2,-23.5596,151.6919,259,322,207,10,,,,,,
184222,184222,UT,08:39:34 28-Apr-2021,Argos,1,-23.5514,151.6915,760,2753,209,30,,,,,,
184222,184222,UT,22:25:31 29-Apr-2021,Argos,B,-23.4122,151.4078,8582,12108,6082,58,,,,,,Lon > 4 deviations from mean
184222,184222,UT,22:42:50 29-Apr-2021,Argos,0,-23.2888,151.7949,1809,17509,186,108,,,,,,
184222,184222,UT,06:59:28 30-Apr-2021,Argos,B,-23.2452,151.7200,13764,20530,9227,132,,,,,,
184222,184222,UT,07:19:15 30-Apr-2021,Argos,B,-23.2701,151.7493,20971,95482,4606,125,,,,,,
184222,184222,UT,08:13:37 30-Apr-2021,Argos,B,-23.2802,151.7600,9660,18370,5079,108,,,,,,
184222,184222,UT,11:14:52 30-Apr-2021,Argos,B,-23.2552,151.7589,941,8309,106,131,,,,,,
184222,184222,UT,18:36:49 30-Apr-2021,Argos,B,-23.2583,151.7480,2700,3698,1971,88,,,,,,
184222,184222,UT,20:02:17 30-Apr-2021,Argos,B,-23.2577,151.7292,1988,41674,94,2,,,,,,
184222,184222,UT,20:21:37 30-Apr-2021,Argos,B,-23.2605,151.7574,3152,4116,2413,107,,,,,,
184222,184222,UT,20:21:37 30-Apr-2021,Argos,B,-23.2645,151.7634,2995,3687,2432,98,,,,,,
184222,184222,UT,00:38:50 01-May-2021,Argos,2,-23.2995,151.7646,268,575,124,4,,,,,,
184222,184222,UT,10:26:13 01-May-2021,Argos,B,-23.3133,151.7560,3408,186476,62,85,,,,,,
184222,184222,UT,10:59:57 01-May-2021,Argos,B,-23.3136,151.7558,3378,15394,741,85,,,,,,
184222,184222,UT,11:27:26 01-May-2021,Argos,2,-23.3011,151.7013,258,762,87,47,,,,,,
184222,184222,UT,11:34:32 01-May-2021,Argos,1,-23.3086,151.7010,938,1338,657,83,,,,,,
184222,184222,UT,18:29:38 01-May-2021,Argos,B,-23.3124,151.6965,6673,8385,5310,118,,,,,,
184222,184222,UT,18:47:44 01-May-2021,Argos,2,-23.2705,151.7118,288,373,221,16,,,,,,
184222,184222,UT,19:37:31 01-May-2021,Argos,B,-23.2639,151.7134,762,17558,33,106,,,,,,
184222,184222,UT,19:37:31 01-May-2021,Argos,B,-23.2627,151.7097,181,850,38,106,,,,,,
184222,184222,UT,22:48:31 01-May-2021,Argos,B,-23.2592,151.7070,1332,38673,45,88,,,,,,
184222,184222,UT,22:55:33 01-May-2021,Argos,B,-23.2589,151.7084,1380,7755,245,88,,,,,,
184222,184222,UT,23:45:14 01-May-2021,Argos,B,-23.2565,151.7107,1082,3250,359,66,,,,,,
184222,184222,UT,19:21:05 02-May-2021,Argos,A,-23.2678,151.7106,256,922,70,148,,,,,,
184222,184222,UT,20:56:17 02-May-2021,Argos,B,-23.2647,151.7106,1268,1578,1018,89,,,,,,
184222,184222,UT,20:56:17 02-May-2021,Argos,B,-23.2662,151.7110,1357,1465,1255,100,,,,,,
184222,184222,UT,21:20:50 02-May-2021,Argos,B,-23.2613,151.7120,1354,1844,994,98,,,,,,
184222,184222,UT,08:24:24 03-May-2021,Argos,B,-23.2636,151.7011,3310,4877,2245,116,,,,,,
184222,184222,UT,08:42:48 03-May-2021,Argos,B,-23.2998,151.6710,1940,36655,102,127,,,,,,
184222,184222,UT,11:20:56 03-May-2021,Argos,B,-23.2997,151.6728,1797,2044,1580,106,,,,,,
184222,184222,UT,12:52:01 03-May-2021,Argos,B,-23.2655,151.6716,1400,10833,180,79,,,,,,
184222,184222,UT,19:05:37 03-May-2021,Argos,B,-23.2552,151.7309,1759,58404,53,43,,,,,,
184222,184222,UT,19:45:15 03-May-2021,Argos,A,-23.2685,151.7155,254,833,77,52,,,,,,
184222,184222,UT,21:24:47 03-May-2021,Argos,B,-23.2683,151.7104,1302,1631,1039,91,,,,,,
184222,184222,UT,21:24:47 03-May-2021,Argos,B,-23.2688,151.7103,1349,1548,1174,93,,,,,,
184222,184222,UT,22:22:12 03-May-2021,Argos,B,-23.2684,151.7125,1665,1974,1404,91,,,,,,
184222,184222,UT,00:46:47 04-May-2021,Argos,B,-23.2658,151.7081,2289,2748,1905,88,,,,,,
184222,184222,UT,06:32:05 04-May-2021,Argos,B,-23.2669,151.6959,2959,4759,1839,107,,,,,,
184222,184222,UT,18:49:41 04-May-2021,Argos,A,-23.2510,151.7189,234,483,112,9,,,,,,
184222,184222,UT,18:50:50 04-May-2021,Argos,B,-23.2666,151.7079,2019,39195,104,44,,,,,,
184222,184222,UT,19:37:19 04-May-2021,Argos,B,-23.2590,151.7160,1157,18345,72,58,,,,,,
184222,184222,UT,20:02:58 04-May-2021,Argos,B,-23.2663,151.7194,2636,8495,817,62,,,,,,
184222,184222,UT,20:38:25 04-May-2021,Argos,B,-23.2549,151.7185,1476,2546,855,61,,,,,,
184222,184222,UT,20:38:25 04-May-2021,Argos,B,-23.2551,151.7183,1520,2728,846,61,,,,,,
184222,184222,UT,21:06:33 04-May-2021,Argos,B,-23.2754,151.7173,1207,25848,56,77,,,,,,
184222,184222,UT,22:41:03 04-May-2021,Argos,A,-23.2783,151.7174,1429,7312,279,88,,,,,,
184222,184222,UT,23:24:36 04-May-2021,Argos,B,-23.2681,151.7213,2011,3152,1282,79,,,,,,
184222,184222,UT,05:58:39 05-May-2021,Argos,A,-23.3011,151.6990,2083,6204,699,124,,,,,,
184222,184222,UT,06:57:40 05-May-2021,Argos,B,-23.2955,151.7103,2188,6033,793,130,,,,,,
184222,184222,UT,07:45:35 05-May-2021,Argos,A,-23.2859,151.7016,1596,3054,833,109,,,,,,
184222,184222,UT,08:02:09 05-May-2021,Argos,B,-23.2849,151.7034,1637,3247,825,105,,,,,,
184222,184222,UT,08:24:34 05-May-2021,Argos,2,-23.2931,151.7018,275,608,123,52,,,,,,
184222,184222,UT,08:28:00 05-May-2021,Argos,B,-23.2829,151.7023,1542,3600,660,103,,,,,,
184222,184222,UT,18:23:44 05-May-2021,Argos,A,-23.2741,151.7094,2422,20617,284,137,,,,,,
184222,184222,UT,19:36:32 05-May-2021,Argos,B,-23.2704,151.7126,3322,6265,1761,124,,,,,,
184222,184222,UT,22:05:14 05-May-2021,Argos,B,-23.2591,151.7166,3188,4201,2418,129,,,,,,
184222,184222,UT,07:04:39 06-May-2021,Argos,B,-23.2993,151.7436,2544,15048,430,71,,,,,,
184222,184222,UT,10:47:48 06-May-2021,Argos,B,-23.2899,151.7541,2815,5927,1337,85,,,,,,
184222,184222,UT,12:15:17 06-May-2021,Argos,B,-23.2755,151.7442,2905,6371,1325,79,,,,,,
184222,184222,UT,19:12:24 06-May-2021,Argos,A,-23.2597,151.7112,627,4076,96,38,,,,,,
184222,184222,UT,19:12:24 06-May-2021,Argos,B,-23.2609,151.7104,643,4270,96,38,,,,,,
184222,184222,UT,06:27:46 07-May-2021,Argos,3,-23.3088,151.7620,202,433,94,41,,,,,,
184222,184222,UT,06:42:19 07-May-2021,Argos,3,-23.3086,151.7618,177,460,67,82,,,,,,
184222,184222,UT,09:21:28 07-May-2021,Argos,B,-23.3009,151.7602,1463,2430,880,84,,,,,,
184222,184222,UT,09:21:28 07-May-2021,Argos,B,-23.3036,151.7606,1819,1978,1671,88,,,,,,
184222,184222,UT,18:56:47 07-May-2021,Argos,3,-23.2853,151.7146,160,190,135,138,,,,,,
184222,184222,UT,18:59:06 07-May-2021,Argos,2,-23.2923,151.7033,377,975,145,30,,,,,,
184222,184222,UT,19:46:55 07-May-2021,Argos,B,-23.2910,151.7029,1019,1111,933,55,,,,,,
184222,184222,UT,22:05:16 07-May-2021,Argos,B,-23.2810,151.7036,2822,3811,2089,97,,,,,,
184222,184222,UT,22:27:43 07-May-2021,Argos,B,-23.2776,151.7031,2807,4549,1731,94,,,,,,
184222,184222,UT,22:58:39 07-May-2021,Argos,B,-23.2722,151.7100,1772,2833,1108,102,,,,,,
184222,184222,UT,07:42:57 08-May-2021,Argos,B,-23.2246,151.7342,3398,3828,3015,119,,,,,,
184222,184222,UT,07:42:57 08-May-2021,Argos,B,-23.2249,151.7294,3224,3715,2798,146,,,,,,
184222,184222,UT,10:47:28 08-May-2021,Argos,B,-23.3049,151.7061,6315,8246,4836,87,,,,,,
184222,184222,UT,20:01:03 08-May-2021,Argos,B,-23.3970,151.5828,4999,6444,3877,30,,,,,,
184222,184222,UT,20:28:54 08-May-2021,Argos,B,-23.3685,151.7219,8502,13383,5400,79,,,,,,
184222,184222,UT,21:23:08 08-May-2021,Argos,B,-23.3819,151.6826,8181,10502,6372,91,,,,,,
184222,184222,UT,21:37:57 08-May-2021,Argos,B,-23.3841,151.6770,5689,6976,4638,94,,,,,,
184222,184222,UT,22:33:33 08-May-2021,Argos,B,-23.4274,151.7050,3340,5926,1882,59,,,,,,
184222,184222,UT,23:13:22 08-May-2021,Argos,B,-23.4156,151.6423,3385,4942,2318,117,,,,,,
184222,184222,UT,07:17:30 09-May-2021,Argos,B,-23.5237,151.6460,12197,26592,5594,115,,,,,,
184222,184222,UT,07:33:21 09-May-2021,Argos,B,-23.5686,151.6731,22456,83265,6056,149,,,,,,
184222,184222,UT,09:02:01 09-May-2021,Argos,B,-23.6052,151.6652,10785,14164,8211,122,,,,,,
184222,184222,UT,10:02:11 09-May-2021,Argos,B,-23.6148,151.6600,12116,18633,7878,13,,,,,,
184222,184222,UT,20:45:36 09-May-2021,Argos,B,-23.4153,151.7734,5192,170297,158,148,,,,,,
184222,184222,UT,21:09:25 09-May-2021,Argos,B,-23.4013,151.7605,3989,14501,1097,147,,,,,,
184222,184222,UT,21:53:37 09-May-2021,Argos,B,-23.3902,151.7527,4122,8547,1988,143,,,,,,
184222,184222,UT,11:32:12 10-May-2021,Argos,B,-23.5186,151.6927,6334,6490,6181,50,,,,,,
184222,184222,UT,19:55:26 10-May-2021,Argos,3,-23.2867,151.7302,146,418,51,98,,,,,,
184222,184222,UT,20:11:44 10-May-2021,Argos,3,-23.2856,151.7286,220,448,107,33,,,,,,
184222,184222,UT,20:34:42 10-May-2021,Argos,B,-23.2874,151.7294,2364,2604,2146,96,,,,,,
184222,184222,UT,07:02:36 11-May-2021,Argos,3,-23.2829,151.7209,121,147,98,112,,,,,,
184222,184222,UT,07:47:17 11-May-2021,Argos,3,-23.2891,151.7044,138,270,70,90,,,,,,
184222,184222,UT,10:13:08 11-May-2021,Argos,B,-23.2951,151.6903,4377,4773,4013,90,,,,,,
184222,184222,UT,20:12:25 11-May-2021,Argos,B,-23.4038,151.7507,6790,65971,698,67,,,,,,
184222,184222,UT,20:14:06 11-May-2021,Argos,B,-23.4426,151.6695,2718,227304,32,71,,,,,,
184222,184222,UT,07:25:25 12-May-2021,Argos,3,-23.5672,151.6695,245,1384,43,104,,,,,,
184222,184222,UT,08:20:15 12-May-2021,Argos,3,-23.5674,151.6887,129,287,57,64,,,,,,
184222,184222,UT,08:20:40 12-May-2021,Argos,3,-23.5665,151.6851,168,223,126,29,,,,,,
184222,184222,UT,08:46:35 12-May-2021,Argos,B,-23.5660,151.6853,1280,1408,1163,94,,,,,,
184222,184222,UT,09:55:36 12-May-2021,Argos,B,-23.5718,151.6925,2316,2843,1886,99,,,,,,
184222,184222,UT,19:46:24 12-May-2021,Argos,B,-23.6488,151.7488,2394,17553,326,64,,,,,,
184222,184222,UT,22:50:49 12-May-2021,Argos,B,-23.7038,151.7419,2811,7240,1091,72,,,,,,
184222,184222,UT,06:50:46 13-May-2021,Argos,B,-23.7220,151.7833,3519,8072,1533,92,,,,,,
184222,184222,UT,20:51:48 13-May-2021,Argos,2,-23.5633,151.6805,252,837,75,85,,,,,,
184222,184222,UT,20:54:03 13-May-2021,Argos,3,-23.5599,151.6787,140,183,107,40,,,,,,
184222,184222,UT,21:02:14 13-May-2021,Argos,1,-23.5631,151.6768,710,1774,284,3,,,,,,
184222,184222,UT,21:18:03 13-May-2021,Argos,2,-23.5603,151.6898,466,2043,106,113,,,,,,
184222,184222,UT,21:18:03 13-May-2021,Argos,1,-23.5688,151.6915,775,1767,339,19,,,,,,
184222,184222,UT,21:20:34 13-May-2021,Argos,B,-23.5603,151.6897,1053,1313,844,105,,,,,,
184222,184222,UT,22:02:39 13-May-2021,Argos,B,-23.5643,151.6790,2525,2860,2228,88,,,,,,
184222,184222,UT,07:52:53 14-May-2021,Argos,3,-23.5624,151.6651,176,342,90,102,,,,,,
184222,184222,UT,07:54:14 14-May-2021,Argos,3,-23.5595,151.6668,124,217,71,98,,,,,,
184222,184222,UT,07:55:04 14-May-2021,Argos,3,-23.5622,151.6666,135,137,131,145,,,,,,
184222,184222,UT,07:58:41 14-May-2021,Argos,2,-23.5619,151.6652,259,505,132,6,,,,,,
184222,184222,UT,20:22:51 14-May-2021,Argos,3,-23.5613,151.6727,138,345,54,76,,,,,,
184222,184222,UT,20:26:12 14-May-2021,Argos,B,-23.5634,151.6704,448,755,265,128,,,,,,
184222,184222,UT,21:58:10 14-May-2021,Argos,1,-23.5697,151.6656,506,738,347,34,,,,,,
184222,184222,UT,22:07:23 14-May-2021,Argos,3,-23.5677,151.6684,156,363,67,113,,,,,,
184222,184222,UT,22:27:31 14-May-2021,Argos,B,-23.5630,151.6649,1131,1296,985,77,,,,,,
184222,184222,UT,22:37:35 14-May-2021,Argos,B,-23.5648,151.6716,746,921,602,97,,,,,,
184222,184222,UT,23:31:06 14-May-2021,Argos,2,-23.5623,151.6983,252,1019,62,99,,,,,,
184222,184222,UT,05:49:38 15-May-2021,Argos,B,-23.5744,151.7677,9674,13075,7157,106,,,,,,
184222,184222,UT,09:00:02 15-May-2021,Argos,B,-23.5654,151.7914,11761,19705,7019,87,,,,,,
184222,184222,UT,09:09:02 15-May-2021,Argos,A,-23.5646,151.6737,848,3127,230,159,,,,,,
184222,184222,UT,09:19:30 15-May-2021,Argos,2,-23.5626,151.6825,373,789,176,66,,,,,,
184222,184222,UT,09:23:15 15-May-2021,Argos,3,-23.5622,151.6872,137,245,76,82,,,,,,
184222,184222,UT,20:40:55 15-May-2021,Argos,2,-23.3938,151.6716,380,1496,96,103,,,,,,
184222,184222,UT,20:50:34 15-May-2021,Argos,B,-23.3938,151.6720,1618,1854,1412,89,,,,,,
184222,184222,UT,21:42:09 15-May-2021,Argos,0,-23.3610,151.6749,5289,49379,566,100,,,,,,
184222,184222,UT,21:45:25 15-May-2021,Argos,A,-23.3662,151.6952,4213,16031,1107,99,,,,,,
184222,184222,UT,22:03:58 15-May-2021,Argos,A,-23.3589,151.6976,2182,4772,997,14,,,,,,
184222,184222,UT,22:17:38 15-May-2021,Argos,2,-23.3585,151.6953,420,571,309,123,,,,,,
184222,184222,UT,23:02:57 15-May-2021,Argos,B,-23.3432,151.7130,1414,2399,832,91,,,,,,
184222,184222,UT,23:28:05 15-May-2021,Argos,A,-23.3231,151.6872,1866,5326,654,165,,,,,,
184222,184222,UT,23:29:07 15-May-2021,Argos,B,-23.3412,151.6793,1053,2479,447,9,,,,,,
184222,184222,UT,23:54:26 15-May-2021,Argos,B,-23.3317,151.6835,1257,1739,907,5,,,,,,
184222,184222,UT,06:55:49 16-May-2021,Argos,B,-23.2692,151.7444,4697,7485,2947,79,,,,,,
184222,184222,UT,07:24:50 16-May-2021,Argos,B,-23.2929,151.7110,3985,12134,1308,66,,,,,,
184222,184222,UT,07:31:28 16-May-2021,Argos,B,-23.2752,151.7351,2600,5150,1312,79,,,,,,
184222,184222,UT,08:32:38 16-May-2021,Argos,B,-23.2808,151.7404,1879,6878,513,102,,,,,,
184222,184222,UT,08:32:38 16-May-2021,Argos,B,-23.2815,151.7400,1798,6577,491,104,,,,,,
184222,184222,UT,09:13:48 16-May-2021,Argos,3,-23.2855,151.7274,137,214,88,99,,,,,,
184222,184222,UT,10:08:22 16-May-2021,Argos,0,-23.3079,151.7269,8990,10426,7751,88,,,,,,
184222,184222,UT,20:33:46 16-May-2021,Argos,B,-23.3187,151.7245,20331,49424,8363,94,,,,,,
184222,184222,UT,08:24:41 17-May-2021,Argos,1,-23.2809,151.7015,545,3424,86,117,,,,,,
184222,184222,UT,09:00:35 17-May-2021,Argos,1,-23.3029,151.6939,716,6380,80,77,,,,,,
184222,184222,UT,09:59:14 17-May-2021,Argos,3,-23.3063,151.6998,161,342,76,83,,,,,,
184222,184222,UT,10:01:46 17-May-2021,Argos,3,-23.3013,151.6955,203,559,73,91,,,,,,
184222,184222,UT,10:42:27 17-May-2021,Argos,1,-23.3164,151.6908,692,1985,241,127,,,,,,
184222,184222,UT,21:15:44 17-May-2021,Argos,B,-23.3476,151.6636,4449,24456,809,94,,,,,,
184222,184222,UT,23:20:04 17-May-2021,Argos,B,-23.3844,151.6682,7355,8097,6681,88,,,,,,
184222,184222,UT,07:29:09 18-May-2021,Argos,B,-23.4053,151.6623,5906,7843,4446,21,,,,,,
184222,184222,UT,07:55:15 18-May-2021,Argos,B,-23.3189,151.6936,4183,6505,2689,113,,,,,,
184222,184222,UT,08:51:49 18-May-2021,Argos,A,-23.3037,151.6986,2167,86796,54,82,,,,,,
184222,184222,UT,09:30:08 18-May-2021,Argos,B,-23.2959,151.6996,2408,5907,981,85,,,,,,
184222,184222,UT,09:40:09 18-May-2021,Argos,B,-23.2987,151.7009,1773,3521,892,81,,,,,,
184222,184222,UT,10:02:28 18-May-2021,Argos,0,-23.2989,151.7155,1996,7293,546,147,,,,,,
184222,184222,UT,10:30:57 18-May-2021,Argos,0,-23.2935,151.7050,1972,6051,642,111,,,,,,
184222,184222,UT,11:16:20 18-May-2021,Argos,3,-23.2882,151.6967,216,477,97,33,,,,,,
184222,184222,UT,11:16:37 18-May-2021,Argos,2,-23.2887,151.6965,315,408,242,36,,,,,,
184222,184222,UT,11:28:20 18-May-2021,Argos,3,-23.2947,151.7020,153,298,78,79,,,,,,
184222,184222,UT,11:38:17 18-May-2021,Argos,1,-23.2999,151.6981,501,10190,24,76,,,,,,
184222,184222,UT,09:10:01 19-May-2021,Argos,0,-23.2971,151.6433,2875,69495,118,93,,,,,,
184222,184222,UT,09:10:33 19-May-2021,Argos,A,-23.3120,151.6653,5541,68865,445,66,,,,,,
184222,184222,UT,22:08:34 19-May-2021,Argos,B,-23.2346,151.6863,3933,5565,2779,69,,,,,,
184222,184222,UT,22:08:55 19-May-2021,Argos,A,-23.3530,151.6577,12038,71970,2013,77,,,,,,
184222,184222,UT,23:15:11 19-May-2021,Argos,B,-23.2662,151.6822,5209,9963,2723,27,,,,,,
184222,184222,UT,06:33:16 20-May-2021,Argos,B,-23.2828,151.6715,9532,18603,4884,108,,,,,,
184222,184222,UT,10:07:08 20-May-2021,Argos,3,-23.3053,151.6969,212,316,142,154,,,,,,
184222,184222,UT,10:38:18 20-May-2021,Argos,B,-23.3035,151.6990,1465,1609,1333,93,,,,,,
184222,184222,UT,11:00:28 20-May-2021,Argos,B,-23.3026,151.6995,1710,2161,1353,84,,,,,,
184222,184222,UT,11:08:48 20-May-2021,Argos,1,-23.2966,151.6997,1282,6435,255,114,,,,,,
184222,184222,UT,12:10:32 20-May-2021,Argos,B,-23.3034,151.7023,2102,2693,1640,123,,,,,,
184222,184222,UT,21:38:25 20-May-2021,Argos,1,-23.3002,151.6951,814,7374,89,98,,,,,,
184222,184222,UT,21:38:47 20-May-2021,Argos,2,-23.3084,151.7103,263,426,162,127,,,,,,
184222,184222,UT,22:15:09 20-May-2021,Argos,3,-23.3135,151.7290,214,277,165,127,,,,,,
184222,184222,UT,22:27:15 20-May-2021,Argos,3,-23.3069,151.7254,150,160,140,153,,,,,,
184222,184222,UT,23:01:39 20-May-2021,Argos,A,-23.2964,151.7184,243,975,60,93,,,,,,
184222,184222,UT,23:24:20 20-May-2021,Argos,A,-23.2890,151.7269,417,1026,169,153,,,,,,
184222,184222,UT,23:47:46 20-May-2021,Argos,2,-23.2966,151.7379,273,372,200,86,,,,,,
184222,184222,UT,00:00:16 21-May-2021,Argos,3,-23.2967,151.7358,142,195,103,120,,,,,,
184222,184222,UT,07:46:43 21-May-2021,Argos,B,-23.1787,151.7861,3212,3497,2950,88,,,,,,Lat > 4 deviations from mean
184222,184222,UT,07:46:43 21-May-2021,Argos,B,-23.2194,151.7682,6619,19095,2294,23,,,,,,Lat > 4 deviations from mean
184222,184222,UT,09:57:56 21-May-2021,Argos,B,-23.2651,151.7588,3389,8449,1358,62,,,,,,
184222,184222,UT,09:57:56 21-May-2021,Argos,B,-23.2824,151.7399,2756,6655,1141,73,,,,,,
184222,184222,UT,10:38:21 21-May-2021,Argos,B,-23.2727,151.7410,3109,6159,1568,61,,,,,,
184222,184222,UT,12:16:00 21-May-2021,Argos,B,-23.2867,151.6700,2886,36962,225,58,,,,,,
184222,184222,UT,19:32:39 21-May-2021,Argos,B,-23.2972,151.5206,4222,7909,2253,86,,,,,,Lon > 4 deviations from mean
184222,184222,UT,19:32:39 21-May-2021,Argos,B,-23.2967,151.6100,6579,36238,1194,87,,,,,,
184222,184222,UT,21:13:22 21-May-2021,Argos,B,-23.2975,151.6071,5093,19267,1346,93,,,,,,
184222,184222,UT,21:13:22 21-May-2021,Argos,B,-23.3077,151.6423,4264,16676,1090,87,,,,,,
184222,184222,UT,21:28:57 21-May-2021,Argos,B,-23.3067,151.7431,1884,4460,795,126,,,,,,
184222,184222,UT,22:41:27 21-May-2021,Argos,B,-23.3133,151.7187,2168,4155,1130,126,,,,,,
184222,184222,UT,23:03:43 21-May-2021,Argos,B,-23.3075,151.7195,2067,3051,1400,113,,,,,,
184222,184222,UT,23:48:37 21-May-2021,Argos,B,-23.3126,151.7106,1612,13413,193,126,,,,,,
184222,184222,UT,07:04:57 22-May-2021,Argos,B,-23.2921,151.5816,2155,14352,323,72,,,,,,
184222,184222,UT,08:01:47 22-May-2021,Argos,B,-23.2774,151.6163,3404,15332,755,74,,,,,,
184222,184222,UT,08:48:12 22-May-2021,Argos,B,-23.2782,151.7068,2910,9799,864,47,,,,,,
184222,184222,UT,10:40:34 22-May-2021,Argos,B,-23.2896,151.7487,5625,6737,4696,75,,,,,,
184222,184222,UT,11:29:48 22-May-2021,Argos,B,-23.2835,151.7555,6167,7562,5028,56,,,,,,
184222,184222,UT,11:57:26 22-May-2021,Argos,1,-23.2884,151.6679,1490,3533,628,120,,,,,,
184222,184222,UT,19:21:21 22-May-2021,Argos,0,-23.3144,151.7014,6713,36475,1235,146,,,,,,
184222,184222,UT,19:32:43 22-May-2021,Argos,2,-23.3010,151.7043,255,890,73,96,,,,,,
184222,184222,UT,20:45:33 22-May-2021,Argos,B,-23.3019,151.7053,1708,2017,1445,86,,,,,,
184222,184222,UT,21:01:45 22-May-2021,Argos,B,-23.3063,151.7046,1772,2388,1314,105,,,,,,
184222,184222,UT,21:01:45 22-May-2021,Argos,B,-23.3056,151.7019,1515,2008,1142,108,,,,,,
184222,184222,UT,22:16:04 22-May-2021,Argos,B,-23.3041,151.7037,1363,2905,639,112,,,,,,
184222,184222,UT,23:16:27 22-May-2021,Argos,B,-23.3033,151.7021,1691,2604,1097,109,,,,,,
184222,184222,UT,23:45:26 22-May-2021,Argos,B,-23.3026,151.7015,1827,2614,1276,107,,,,,,
184222,184222,UT,06:38:23 23-May-2021,Argos,B,-23.2848,151.7097,2769,5626,1362,102,,,,,,
184222,184222,UT,08:46:35 23-May-2021,Argos,A,-23.2967,151.7095,4465,14720,1354,10,,,,,,
184222,184222,UT,09:17:25 23-May-2021,Argos,3,-23.2976,151.7034,144,393,52,85,,,,,,
184222,184222,UT,09:36:13 23-May-2021,Argos,B,-23.3000,151.7121,3423,86427,135,88,,,,,,
184222,184222,UT,09:58:00 23-May-2021,Argos,B,-23.3021,151.6413,1169,2283,598,87,,,,,,
184222,184222,UT,10:31:14 23-May-2021,Argos,1,-23.3114,151.6983,950,1854,486,9,,,,,,
184222,184222,UT,11:44:42 23-May-2021,Argos,B,-23.2962,151.7091,1360,1681,1100,43,,,,,,
184222,184222,UT,12:07:24 23-May-2021,Argos,A,-23.2954,151.7193,644,6046,68,107,,,,,,
184222,184222,UT,13:16:40 23-May-2021,Argos,B,-23.2926,151.7169,1268,1704,943,98,,,,,,
184222,184222,UT,20:35:07 23-May-2021,Argos,B,-23.2827,151.7135,3043,3235,2862,87,,,,,,
184222,184222,UT,07:46:31 24-May-2021,Argos,B,-23.2924,151.7020,3417,13700,852,103,,,,,,
184222,184222,UT,07:46:31 24-May-2021,Argos,B,-23.3001,151.7140,3206,18488,555,99,,,,,,
184222,184222,UT,08:32:47 24-May-2021,Argos,B,-23.2988,151.7115,2279,6952,746,90,,,,,,
184222,184222,UT,08:47:27 24-May-2021,Argos,1,-23.2976,151.7008,873,1538,494,128,,,,,,
184222,184222,UT,09:06:39 24-May-2021,Argos,0,-23.2815,151.7303,3930,33442,461,69,,,,,,
184222,184222,UT,09:22:41 24-May-2021,Argos,3,-23.2924,151.7018,209,1032,42,63,,,,,,
184222,184222,UT,10:23:21 24-May-2021,Argos,B,-23.2818,151.7110,1072,1210,949,78,,,,,,
184222,184222,UT,10:25:46 24-May-2021,Argos,3,-23.2966,151.6978,201,267,151,110,,,,,,
184222,184222,UT,10:52:36 24-May-2021,Argos,3,-23.2981,151.6993,199,440,90,69,,,,,,
184222,184222,UT,11:14:45 24-May-2021,Argos,2,-23.2939,151.6984,484,1528,153,96,,,,,,
184222,184222,UT,12:56:49 24-May-2021,Argos,B,-23.2826,151.7068,5273,6314,4403,75,,,,,,
184222,184222,UT,20:08:38 24-May-2021,Argos,1,-23.3008,151.7027,1364,29565,62,78,,,,,,
184222,184222,UT,20:12:58 24-May-2021,Argos,2,-23.2957,151.6994,497,1450,170,140,,,,,,
184222,184222,UT,20:21:44 24-May-2021,Argos,2,-23.2967,151.7046,405,1010,162,22,,,,,,
184222,184222,UT,20:35:10 24-May-2021,Argos,2,-23.2959,151.6921,256,532,123,60,,,,,,
184222,184222,UT,21:33:14 24-May-2021,Argos,B,-23.2928,151.6958,1146,1255,1046,91,,,,,,
184222,184222,UT,22:30:20 24-May-2021,Argos,B,-23.3029,151.6944,1477,1993,1094,97,,,,,,
184222,184222,UT,07:21:21 25-May-2021,Argos,0,-23.2988,151.7136,11855,53773,2613,135,,,,,,
184222,184222,UT,08:20:34 25-May-2021,Argos,B,-23.2855,151.7049,4848,8148,2884,97,,,,,,
184222,184222,UT,08:22:16 25-May-2021,Argos,2,-23.2976,151.7014,431,1119,166,154,,,,,,
184222,184222,UT,08:44:45 25-May-2021,Argos,1,-23.3184,151.7120,1333,4076,435,26,,,,,,
184222,184222,UT,09:07:44 25-May-2021,Argos,2,-23.2959,151.7030,323,2134,49,83,,,,,,
184222,184222,UT,10:00:09 25-May-2021,Argos,B,-23.2929,151.7034,1097,1316,914,70,,,,,,
184222,184222,UT,12:07:35 25-May-2021,Argos,B,-23.2953,151.7038,1804,2048,1587,79,,,,,,
184222,184222,UT,12:34:56 25-May-2021,Argos,B,-23.2878,151.7010,1350,4202,433,87,,,,,,
184222,184222,UT,13:28:01 25-May-2021,Argos,B,-23.2851,151.7002,1725,3460,860,89,,,,,,
184222,184222,UT,21:06:32 25-May-2021,Argos,B,-23.2999,151.7168,2530,64725,98,72,,,,,,
184222,184222,UT,21:13:05 25-May-2021,Argos,B,-23.3105,151.7133,2436,29841,198,72,,,,,,
184222,184222,UT,22:14:14 25-May-2021,Argos,B,-23.3065,151.7135,2602,8784,770,72,,,,,,
184222,184222,UT,06:43:01 26-May-2021,Argos,B,-23.2935,151.7258,3627,7958,1652,66,,,,,,
184222,184222,UT,07:17:28 26-May-2021,Argos,1,-23.3085,151.7117,646,1593,262,3,,,,,,
184222,184222,UT,07:55:10 26-May-2021,Argos,1,-23.2950,151.7413,751,2321,242,29,,,,,,
184222,184222,UT,08:03:04 26-May-2021,Argos,B,-23.3083,151.7126,1672,2972,940,124,,,,,,
184222,184222,UT,20:47:10 26-May-2021,Argos,3,-23.3057,151.6949,194,326,115,43,,,,,,
184222,184222,UT,20:47:15 26-May-2021,Argos,3,-23.3047,151.6968,151,345,66,95,,,,,,
184222,184222,UT,21:50:13 26-May-2021,Argos,B,-23.3184,151.7037,2862,3295,2485,85,,,,,,
184222,184222,UT,06:11:28 27-May-2021,Argos,B,-23.3317,151.7050,8806,11962,6482,78,,,,,,
184222,184222,UT,07:54:38 27-May-2021,Argos,2,-23.2840,151.7469,252,1336,47,102,,,,,,
184222,184222,UT,08:44:03 27-May-2021,Argos,2,-23.2824,151.7150,455,3244,63,73,,,,,,
184222,184222,UT,09:11:37 27-May-2021,Argos,3,-23.2844,151.7096,128,319,51,71,,,,,,
184222,184222,UT,10:48:39 27-May-2021,Argos,B,-23.2836,151.6887,7413,8530,6442,66,,,,,,
184222,184222,UT,20:05:02 27-May-2021,Argos,B,-23.2360,151.7195,2783,6192,1250,114,,,,,,
184222,184222,UT,20:22:33 27-May-2021,Argos,3,-23.2640,151.8085,169,338,84,148,,,,,,
184222,184222,UT,21:02:19 27-May-2021,Argos,B,-23.2371,151.7011,3793,17815,807,105,,,,,,
184222,184222,UT,21:04:38 27-May-2021,Argos,B,-23.2466,151.7164,3625,18365,715,103,,,,,,
184222,184222,UT,21:25:30 27-May-2021,Argos,B,-23.2596,151.7599,2673,8530,837,100,,,,,,
184222,184222,UT,21:47:13 27-May-2021,Argos,B,-23.2622,151.7636,2618,7123,962,100,,,,,,
184222,184222,UT,05:43:33 28-May-2021,Argos,B,-23.2768,151.7768,3535,5983,2088,115,,,,,,
184222,184222,UT,07:23:15 28-May-2021,Argos,B,-23.2972,151.7717,3372,9482,1198,112,,,,,,
184222,184222,UT,08:34:58 28-May-2021,Argos,3,-23.2900,151.7033,230,341,154,61,,,,,,
184222,184222,UT,08:48:08 28-May-2021,Argos,A,-23.2921,151.7001,684,2043,228,108,,,,,,
184222,184222,UT,08:58:17 28-May-2021,Argos,A,-23.2887,151.7030,1672,7294,383,2,,,,,,
184222,184222,UT,09:31:52 28-May-2021,Argos,2,-23.3086,151.6974,274,497,151,79,,,,,,
184222,184222,UT,10:17:28 28-May-2021,Argos,A,-23.3214,151.6862,2863,7901,1037,49,,,,,,
184222,184222,UT,10:22:50 28-May-2021,Argos,B,-23.3105,151.6941,1270,3495,461,55,,,,,,
184222,184222,UT,11:03:59 28-May-2021,Argos,B,-23.3093,151.6866,1795,22714,141,85,,,,,,
184222,184222,UT,11:09:44 28-May-2021,Argos,A,-23.2972,151.7177,368,1874,72,48,,,,,,
184222,184222,UT,12:51:25 28-May-2021,Argos,A,-23.2872,151.7079,992,11060,88,101,,,,,,
184222,184222,UT,21:21:10 28-May-2021,Argos,B,-23.3123,151.7306,3906,5582,2732,63,,,,,,
184222,184222,UT,22:15:24 28-May-2021,Argos,B,-23.3167,151.7201,2762,4971,1534,78,,,,,,
184222,184222,UT,22:51:00 28-May-2021,Argos,B,-23.3153,151.7225,2860,4876,1677,79,,,,,,
184222,184222,UT,07:16:06 29-May-2021,Argos,B,-23.3883,151.7770,3596,7371,1754,66,,,,,,
184222,184222,UT,20:35:48 29-May-2021,Argos,B,-23.4730,151.7558,3505,64279,191,99,,,,,,
184222,184222,UT,20:50:40 29-May-2021,Argos,3,-23.4530,151.7522,215,258,178,53,,,,,,
184222,184222,UT,21:13:14 29-May-2021,Argos,2,-23.4459,151.7373,323,371,280,130,,,,,,
184222,184222,UT,21:16:18 29-May-2021,Argos,2,-23.4403,151.7422,338,564,202,127,,,,,,
184222,184222,UT,21:56:05 29-May-2021,Argos,2,-23.4240,151.7486,257,860,76,94,,,,,,
184222,184222,UT,22:19:28 29-May-2021,Argos,A,-23.4124,151.7605,324,738,141,175,,,,,,
184222,184222,UT,22:30:06 29-May-2021,Argos,A,-23.4215,151.7560,495,1181,207,119,,,,,,
184222,184222,UT,23:39:08 29-May-2021,Argos,B,-23.4157,151.7598,2050,2425,1733,99,,,,,,
184222,184222,UT,23:54:26 29-May-2021,Argos,B,-23.4047,151.7651,947,5669,158,122,,,,,,
184222,184222,UT,08:37:20 30-May-2021,Argos,B,-23.2907,151.7912,2705,5026,1455,92,,,,,,
184222,184222,UT,08:43:24 30-May-2021,Argos,B,-23.2669,151.7290,1016,4773,216,34,,,,,,
184222,184222,UT,07:43:27 01-Jun-2021,Argos,2,-23.5629,151.6893,458,1887,111,56,,,,,,
184222,184222,UT,08:08:51 01-Jun-2021,Argos,0,-23.5718,151.6927,1714,6815,431,163,,,,,,
184222,184222,UT,08:39:32 01-Jun-2021,Argos,B,-23.5612,151.6905,1496,7818,286,92,,,,,,
184222,184222,UT,08:43:52 01-Jun-2021,Argos,2,-23.5595,151.6745,311,754,127,51,,,,,,
184222,184222,UT,09:22:12 01-Jun-2021,Argos,B,-23.5562,151.6944,4291,5929,3105,92,,,,,,
184222,184222,UT,09:45:26 01-Jun-2021,Argos,B,-23.5545,151.6944,1207,1599,910,78,,,,,,
184222,184222,UT,20:49:59 01-Jun-2021,Argos,B,-23.4764,151.7201,6672,7970,5585,68,,,,,,
184222,184222,UT,20:59:14 01-Jun-2021,Argos,A,-23.5355,151.7719,4480,53026,378,106,,,,,,
184222,184222,UT,21:00:26 01-Jun-2021,Argos,A,-23.5338,151.8056,599,2710,132,24,,,,,,
184222,184222,UT,08:17:09 02-Jun-2021,Argos,1,-23.5452,151.9588,1028,4737,223,72,,,,,,
184222,184222,UT,20:32:38 02-Jun-2021,Argos,B,-23.5799,151.9546,4554,235174,88,114,,,,,,
184222,184222,UT,20:32:38 02-Jun-2021,Argos,B,-23.5827,151.9613,4303,180955,102,114,,,,,,
184222,184222,UT,20:34:47 02-Jun-2021,Argos,A,-23.6770,152.1626,814,1165,569,176,,,,,,
184222,184222,UT,22:14:23 02-Jun-2021,Argos,B,-23.6818,152.1598,5763,7829,4241,109,,,,,,
184222,184222,UT,07:41:42 03-Jun-2021,Argos,B,-23.6710,152.2121,11188,11774,10631,92,,,,,,
184222,184222,UT,21:53:10 03-Jun-2021,Argos,A,-23.9657,152.4453,13123,212440,810,100,,,,,,
184222,184222,UT,00:05:17 04-Jun-2021,Argos,B,-23.9875,152.4688,30212,43755,20861,85,,,,,,
184222,184222,UT,23:45:02 04-Jun-2021,Argos,B,-24.2823,152.7518,56896,114173,28352,74,,,,,,
184222,184222,UT,21:34:25 05-Jun-2021,Argos,1,-24.2510,152.9604,1413,20721,96,59,,,,,,
184222,184222,UT,21:35:14 05-Jun-2021,Argos,2,-24.2558,152.9551,477,1109,204,120,,,,,,
184222,184222,UT,21:40:06 05-Jun-2021,Argos,B,-24.2556,152.9553,859,1007,732,106,,,,,,
184222,184222,UT,20:49:53 06-Jun-2021,Argos,A,-24.0295,152.6737,6462,75881,550,102,,,,,,
184222,184222,UT,21:29:51 06-Jun-2021,Argos,B,-23.9970,152.6536,4975,55633,444,95,,,,,,
184222,184222,UT,21:41:18 06-Jun-2021,Argos,B,-23.9806,152.5088,1864,4831,719,114,,,,,,
184222,184222,UT,22:19:30 06-Jun-2021,Argos,B,-23.9788,152.5093,1633,2279,1170,106,,,,,,
184222,184222,UT,22:33:18 06-Jun-2021,Argos,A,-23.9647,152.4900,998,11474,86,101,,,,,,
184222,184222,UT,23:00:44 06-Jun-2021,Argos,1,-23.9548,152.4972,663,10694,41,104,,,,,,
184222,184222,UT,23:59:06 06-Jun-2021,Argos,B,-23.9665,152.5054,2218,4282,1148,119,,,,,,
184222,184222,UT,06:35:35 07-Jun-2021,Argos,B,-23.8978,152.4564,4223,5517,3231,68,,,,,,
184222,184222,UT,20:31:00 07-Jun-2021,Argos,B,-23.8146,152.4514,6503,11780,3589,100,,,,,,
184222,184222,UT,20:41:31 07-Jun-2021,Argos,A,-23.6880,152.0912,9840,327582,295,114,,,,,,
184222,184222,UT,21:12:04 07-Jun-2021,Argos,1,-23.6634,152.0540,561,2460,127,28,,,,,,
184222,184222,UT,21:12:28 07-Jun-2021,Argos,B,-23.6644,152.0537,378,1287,110,29,,,,,,
184222,184222,UT,22:14:09 07-Jun-2021,Argos,1,-23.6598,152.0502,636,5565,72,84,,,,,,
184222,184222,UT,22:14:53 07-Jun-2021,Argos,2,-23.6614,152.0423,467,2002,109,91,,,,,,
184222,184222,UT,22:23:35 07-Jun-2021,Argos,A,-23.6592,152.0217,241,389,148,179,,,,,,
184222,184222,UT,22:42:15 07-Jun-2021,Argos,3,-23.6554,152.0191,231,892,59,97,,,,,,
184222,184222,UT,23:47:01 07-Jun-2021,Argos,B,-23.6691,151.9889,2565,3236,2032,124,,,,,,
184222,184222,UT,06:35:20 08-Jun-2021,Argos,B,-23.6541,151.8691,6424,7965,5180,72,,,,,,
184222,184222,UT,09:45:08 08-Jun-2021,Argos,B,-23.6160,151.7063,18258,55034,6057,58,,,,,,
184222,184222,UT,21:02:08 08-Jun-2021,Argos,B,-23.4803,151.5009,12673,27278,5887,101,,,,,,
184222,184222,UT,23:31:03 08-Jun-2021,Argos,B,-23.5146,151.5519,5982,13406,2669,117,,,,,,
184222,184222,UT,23:55:02 08-Jun-2021,Argos,B,-23.5678,151.6348,4450,7103,2788,101,,,,,,
184222,184222,UT,19:27:05 09-Jun-2021,Argos,B,-23.5521,151.6074,6299,8057,4924,62,,,,,,
184222,184222,UT,20:04:52 09-Jun-2021,Argos,B,-23.5825,151.5144,6805,11651,3973,55,,,,,,
184222,184222,UT,19:36:06 10-Jun-2021,Argos,A,-23.5456,151.7056,1835,30207,111,66,,,,,,
184222,184222,UT,20:34:53 10-Jun-2021,Argos,3,-23.5659,151.6742,153,634,37,97,,,,,,
184222,184222,UT,20:42:26 10-Jun-2021,Argos,3,-23.5734,151.6778,143,160,128,144,,,,,,
184222,184222,UT,21:02:47 10-Jun-2021,Argos,2,-23.5611,151.6751,305,2156,43,100,,,,,,
184222,184222,UT,21:07:11 10-Jun-2021,Argos,3,-23.5668,151.7018,159,380,66,112,,,,,,
184222,184222,UT,21:12:08 10-Jun-2021,Argos,B,-23.5688,151.6781,1230,1602,944,101,,,,,,
184222,184222,UT,08:31:35 12-Jun-2021,Argos,1,-23.5556,151.6769,837,3287,213,52,,,,,,
184222,184222,UT,08:56:15 12-Jun-2021,Argos,0,-23.5406,151.7817,2406,78964,73,76,,,,,,
184222,184222,UT,09:06:28 12-Jun-2021,Argos,2,-23.5640,151.6819,311,1292,74,104,,,,,,
184222,184222,UT,09:12:46 12-Jun-2021,Argos,B,-23.5606,151.7005,3497,6171,1982,78,,,,,,
184222,184222,UT,22:42:55 12-Jun-2021,Argos,B,-23.6251,151.5383,4978,5192,4772,111,,,,,,
184222,184222,UT,05:44:28 13-Jun-2021,Argos,B,-23.6499,151.4967,7287,18623,2851,86,,,,,,
184222,184222,UT,12:40:21 13-Jun-2021,Argos,B,-23.7633,151.5024,6072,18735,1967,77,,,,,,
184222,184222,UT,21:23:07 13-Jun-2021,Argos,B,-23.6535,151.6284,10964,27792,4325,87,,,,,,
184222,184222,UT,22:14:08 13-Jun-2021,Argos,B,-23.5802,151.6122,11134,68543,1808,75,,,,,,
184222,184222,UT,23:09:29 13-Jun-2021,Argos,B,-23.5936,151.6143,11737,39608,3478,74,,,,,,
184222,184222,UT,08:01:33 14-Jun-2021,Argos,3,-23.5585,151.7032,171,337,86,159,,,,,,
184222,184222,UT,08:14:18 14-Jun-2021,Argos,B,-23.5575,151.7025,697,788,616,86,,,,,,
184222,184222,UT,09:54:21 14-Jun-2021,Argos,3,-23.5598,151.6728,212,822,54,76,,,,,,
184222,184222,UT,10:16:33 14-Jun-2021,Argos,B,-23.5521,151.6969,2265,2805,1828,74,,,,,,
184222,184222,UT,10:18:01 14-Jun-2021,Argos,B,-23.5578,151.7001,1556,21882,110,77,,,,,,
184222,184222,UT,11:11:10 14-Jun-2021,Argos,B,-23.5559,151.6958,1445,3119,669,82,,,,,,
184222,184222,UT,10:22:59 15-Jun-2021,Argos,A,-23.2628,151.7436,2373,15523,362,141,,,,,,
184222,184222,UT,10:56:21 15-Jun-2021,Argos,3,-23.2865,151.7781,185,270,126,80,,,,,,
184222,184222,UT,11:08:54 15-Jun-2021,Argos,3,-23.2847,151.7797,242,729,80,100,,,,,,
184222,184222,UT,11:09:21 15-Jun-2021,Argos,1,-23.2854,151.7758,1173,2080,661,106,,,,,,
184222,184222,UT,11:35:14 15-Jun-2021,Argos,B,-23.2854,151.7806,2737,3674,2038,97,,,,,,
184222,184222,UT,11:58:49 15-Jun-2021,Argos,B,-23.2778,151.7746,1171,4432,309,54,,,,,,
184222,184222,UT,12:37:23 15-Jun-2021,Argos,B,-23.2760,151.7699,1104,1649,738,56,,,,,,
184222,184222,UT,18:46:20 15-Jun-2021,Argos,B,-23.2560,151.7726,2705,3310,2211,60,,,,,,
184222,184222,UT,19:44:06 15-Jun-2021,Argos,B,-23.2753,151.7717,2593,3779,1779,107,,,,,,
184222,184222,UT,20:17:45 15-Jun-2021,Argos,2,-23.2885,151.7985,260,514,131,108,,,,,,
184222,184222,UT,22:40:59 15-Jun-2021,Argos,B,-23.2946,151.8281,2465,16589,366,106,,,,,,
184222,184222,UT,07:30:20 16-Jun-2021,Argos,0,-23.2994,151.7975,3429,154537,76,102,,,,,,
184222,184222,UT,07:31:04 16-Jun-2021,Argos,B,-23.2987,151.7943,2747,63212,119,102,,,,,,
184222,184222,UT,09:08:29 16-Jun-2021,Argos,B,-23.3122,151.7894,1946,65945,57,116,,,,,,
184222,184222,UT,10:03:16 16-Jun-2021,Argos,B,-23.3063,151.8185,2877,6351,1303,99,,,,,,
184222,184222,UT,10:47:44 16-Jun-2021,Argos,B,-23.3044,151.8093,2889,6546,1274,102,,,,,,
184222,184222,UT,10:47:44 16-Jun-2021,Argos,B,-23.3053,151.8148,2880,6482,1279,101,,,,,,
184222,184222,UT,20:15:17 16-Jun-2021,Argos,B,-23.2931,151.8037,3601,9102,1424,84,,,,,,
184222,184222,UT,22:57:41 16-Jun-2021,Argos,B,-23.2896,151.7879,4006,8614,1862,81,,,,,,
184222,184222,UT,07:07:10 18-Jun-2021,Argos,B,-23.3639,151.8016,4738,33925,661,141,,,,,,Lat > 4 deviations from mean
184222,184222,UT,08:06:24 18-Jun-2021,Argos,B,-23.3110,151.7607,1750,3477,880,116,,,,,,
184222,184222,UT,08:13:20 18-Jun-2021,Argos,B,-23.3198,151.7635,1587,4129,609,106,,,,,,
184222,184222,UT,12:01:48 18-Jun-2021,Argos,A,-23.3073,151.7609,4273,34551,528,65,,,,,,
184222,184222,UT,12:39:58 18-Jun-2021,Argos,2,-23.3147,151.7515,442,652,300,47,,,,,,
184222,184222,UT,22:09:13 18-Jun-2021,Argos,B,-23.3403,151.6805,6885,9361,5063,73,,,,,,
184222,184222,UT,10:19:23 20-Jun-2021,Argos,B,-23.6330,151.6300,4305,8770,2113,151,,,,,,
184222,184222,UT,13:19:55 20-Jun-2021,Argos,B,-23.6677,151.6017,5550,11415,2697,115,,,,,,
184222,184222,UT,08:44:18 21-Jun-2021,Argos,B,-23.7819,151.4750,7753,9275,6480,75,,,,,,
184222,184222,UT,20:16:58 21-Jun-2021,Argos,B,-23.7244,151.4789,10371,24096,4463,54,,,,,,
184222,184222,UT,21:33:31 21-Jun-2021,Argos,0,-23.4907,151.7349,15956,208073,1223,87,,,,,,
184222,184222,UT,23:42:00 21-Jun-2021,Argos,B,-23.3922,151.8385,9666,28903,3232,87,,,,,,
184222,184222,UT,00:26:33 22-Jun-2021,Argos,B,-23.3990,151.7451,9075,22250,3701,97,,,,,,
184222,184222,UT,00:26:33 22-Jun-2021,Argos,B,-23.3653,151.7846,6402,11329,3617,90,,,,,,
184222,184222,UT,00:09:56 23-Jun-2021,Argos,B,-23.1966,151.6389,12997,23448,7204,88,,,,,,
184222,184222,UT,00:09:56 23-Jun-2021,Argos,B,-23.2557,151.6804,12056,27743,5238,82,,,,,,
184222,184222,UT,20:36:48 23-Jun-2021,Argos,B,-23.4229,151.8530,3654,8917,1497,65,,,,,,
184222,184222,UT,20:36:48 23-Jun-2021,Argos,B,-23.3044,151.7634,4879,7427,3204,58,,,,,,
184222,184222,UT,10:03:56 24-Jun-2021,Argos,B,-23.2966,151.7132,4466,5138,3880,88,,,,,,
184222,184222,UT,10:03:56 24-Jun-2021,Argos,B,-23.5025,151.7732,6703,13736,3271,143,,,,,,
184222,184222,UT,11:43:44 24-Jun-2021,Argos,B,-23.4619,151.7543,4929,8102,2998,170,,,,,,
184222,184222,UT,19:30:04 24-Jun-2021,Argos,B,-23.5124,151.7722,3542,6459,1941,63,,,,,,
184222,184222,UT,21:11:48 24-Jun-2021,Argos,B,-23.4947,151.8248,2904,4122,2045,130,,,,,,
184222,184222,UT,20:03:17 25-Jun-2021,Argos,B,-23.1965,151.9751,5835,6446,5281,119,,,,,,
184222,184222,UT,21:03:58 25-Jun-2021,Argos,Z,-23.5652,151.7476,3690,10873,1252,102,,,,,,
184222,184222,UT,21:03:58 25-Jun-2021,Argos,B,-23.3021,151.9267,7951,13159,4803,7,,,,,,
184222,184222,UT,21:30:40 25-Jun-2021,Argos,B,-23.5926,152.1293,10687,170124,671,138,,,,,,
184222,184222,UT,21:32:02 25-Jun-2021,Argos,B,-23.7326,152.2512,2785,5375,1443,128,,,,,,
184222,184222,UT,22:00:00 25-Jun-2021,Argos,B,-23.5874,151.9118,4957,6190,3969,102,,,,,,
184222,184222,UT,06:40:42 26-Jun-2021,Argos,B,-23.6135,152.2870,9092,16551,4994,127,,,,,,
184222,184222,UT,21:07:50 26-Jun-2021,Argos,B,-23.3132,152.4406,14133,19543,10220,153,,,,,,
184222,184222,UT,21:14:49 26-Jun-2021,Argos,B,-23.8553,152.3746,9755,15743,6043,73,,,,,,
184222,184222,UT,20:37:39 27-Jun-2021,Argos,B,-23.8671,152.4266,6824,30214,1541,118,,,,,,
184222,184222,UT,20:37:39 27-Jun-2021,Argos,B,-24.1318,152.4691,17255,202571,1469,97,,,,,,
184222,184222,UT,21:30:19 29-Jun-2021,Argos,B,-24.5602,152.9648,33553,295068,3815,117,,,,,,
184222,184222,UT,23:39:32 03-Jul-2021,Argos,A,-24.4454,152.9575,14088,248975,797,112,,,,,,
184222,184222,UT,23:41:15 03-Jul-2021,Argos,A,-24.4202,152.9244,1909,5213,698,65,,,,,,
184222,184222,UT,19:25:53 04-Jul-2021,Argos,B,-24.4665,152.8750,61778,86049,44351,125,,,,,,
184222,184222,UT,21:03:41 04-Jul-2021,Argos,B,-24.3116,152.7464,61235,197441,18991,96,,,,,,
184222,184222,UT,21:03:41 04-Jul-2021,Argos,B,-24.3238,152.9022,64946,597364,7060,103,,,,,,
184222,184222,UT,07:51:28 05-Jul-2021,Argos,A,-23.9918,152.1211,8730,39466,1930,126,,,,,,
184222,184222,UT,09:14:15 05-Jul-2021,Argos,B,-23.9834,152.1021,8453,15626,4572,113,,,,,,
184222,184222,UT,11:58:06 05-Jul-2021,Argos,B,-23.9234,152.0164,8236,11565,5865,107,,,,,,
184222,184222,UT,20:48:13 05-Jul-2021,Argos,B,-23.8452,151.8563,9245,23867,3581,82,,,,,,
184222,184222,UT,20:48:13 05-Jul-2021,Argos,B,-23.8434,151.8991,5325,61178,463,89,,,,,,
184222,184222,UT,20:48:41 05-Jul-2021,Argos,B,-23.8335,151.9056,5215,49437,550,91,,,,,,
184222,184222,UT,20:40:45 06-Jul-2021,Argos,0,-23.4623,151.1885,23229,116475,4632,100,,,,,,
184222,184222,UT,10:40:55 07-Jul-2021,Argos,B,-23.5493,151.0929,67612,825464,5537,100,,,,,,
184222,184222,UT,23:08:30 07-Jul-2021,Argos,B,-23.3312,150.7223,112546,,,,,,,,,
184222,184222,UT,07:45:52 08-Jul-2021,Argos,B,-23.5530,151.4427,38819,116426,12943,111,,,,,,
184222,184222,UT,13:06:21 08-Jul-2021,Argos,B,-23.5844,151.6002,24613,429207,1411,70,,,,,,
184222,184222,UT,21:33:21 08-Jul-2021,Argos,B,-23.5966,151.5943,10066,17861,5672,77,,,,,,
184222,184222,UT,07:14:45 09-Jul-2021,Argos,B,-23.6276,151.5469,3396,18225,632,131,,,,,,
184222,184222,UT,08:06:36 12-Jul-2021,Argos,3,-23.5545,151.6856,137,233,80,170,,,,,,
184222,184222,UT,08:10:01 12-Jul-2021,Argos,2,-23.5550,151.6867,300,531,168,28,,,,,,
184222,184222,UT,08:58:00 12-Jul-2021,Argos,B,-23.5449,151.6944,986,1817,535,125,,,,,,
184222,184222,UT,08:58:33 12-Jul-2021,Argos,B,-23.5462,151.6957,773,1441,414,105,,,,,,
184222,184222,UT,22:20:03 12-Jul-2021,Argos,B,-23.5099,151.7366,3470,4512,2667,139,,,,,,
184222,184222,UT,08:34:35 13-Jul-2021,Argos,A,-23.5867,151.6847,5943,84409,418,147,,,,,,
184222,184222,UT,13:49:16 13-Jul-2021,Argos,B,-23.5763,151.6905,8820,12127,6413,140,,,,,,
184222,184222,UT,23:28:38 13-Jul-2021,Argos,B,-23.5415,151.6994,7657,12935,4532,95,,,,,,
184222,184222,UT,23:40:07 13-Jul-2021,Argos,B,-23.5381,151.7118,5646,8848,3603,106,,,,,,
184222,184222,UT,06:17:48 14-Jul-2021,Argos,B,-23.5298,151.7093,3527,5833,2132,139,,,,,,
184222,184222,UT,08:00:47 14-Jul-2021,Argos,B,-23.5301,151.6944,3302,5388,2023,141,,,,,,
184222,184222,UT,10:24:42 14-Jul-2021,Argos,0,-23.5438,151.6510,2286,13820,378,125,,,,,,
184222,184222,UT,10:39:18 14-Jul-2021,Argos,0,-23.5698,151.6655,1792,5782,555,132,,,,,,
184222,184222,UT,20:17:53 14-Jul-2021,Argos,B,-23.5119,151.6769,11926,18838,7550,98,,,,,,
184222,184222,UT,21:04:42 14-Jul-2021,Argos,B,-23.4811,151.8430,3886,34023,443,151,,,,,,
184222,184222,UT,21:55:57 14-Jul-2021,Argos,B,-23.4733,151.9048,7419,11597,4745,148,,,,,,
184222,184222,UT,00:54:59 15-Jul-2021,Argos,B,-23.4451,152.1180,11581,14736,9102,115,,,,,,
184222,184222,UT,00:54:59 15-Jul-2021,Argos,B,-23.4527,152.0086,36059,247782,5247,86,,,,,,
184222,184222,UT,11:34:48 15-Jul-2021,Argos,0,-23.3883,151.6696,21411,83976,5459,95,,,,,,
184222,184222,UT,11:46:53 15-Jul-2021,Argos,1,-23.2865,151.7164,540,4089,71,85,,,,,,
184222,184222,UT,19:18:23 19-Jul-2021,Argos,1,-23.4430,151.8815,1073,5000,230,47,,,,,,
184222,184222,UT,07:00:41 20-Jul-2021,Argos,B,-23.4501,151.8493,8512,342273,211,55,,,,,,
184222,184222,UT,19:53:19 21-Jul-2021,Argos,B,-23.5658,151.7026,4792,16805,1366,89,,,,,,
184222,184222,UT,20:13:23 22-Jul-2021,Argos,A,-23.4514,151.8479,13742,73889,2555,128,,,,,,
184222,184222,UT,21:09:26 25-Jul-2021,Argos,A,-23.3036,151.8687,4555,93567,221,90,,,,,,
184222,184222,UT,22:13:15 25-Jul-2021,Argos,A,-23.3153,151.7406,1652,9173,297,148,,,,,,
184222,184222,UT,22:17:47 25-Jul-2021,Argos,3,-23.3161,151.7341,244,299,199,130,,,,,,
184222,184222,UT,22:45:55 25-Jul-2021,Argos,3,-23.3165,151.7201,224,256,196,168,,,,,,
184222,184222,UT,22:49:43 25-Jul-2021,Argos,3,-23.3181,151.7230,192,542,67,86,,,,,,
184222,184222,UT,08:48:22 27-Jul-2021,Argos,B,-23.5447,151.3213,7941,22391,2815,88,,,,,,Lon > 4 deviations from mean
184222,184222,UT,10:08:45 27-Jul-2021,Argos,A,-23.5722,151.6593,2808,22758,346,73,,,,,,
184222,184222,UT,10:11:24 27-Jul-2021,Argos,3,-23.5650,151.6824,185,558,61,98,,,,,,
184222,184222,UT,10:18:56 27-Jul-2021,Argos,B,-23.5721,151.6594,4228,12518,1427,73,,,,,,
184222,184222,UT,00:00:36 28-Jul-2021,Argos,0,-23.3096,151.7252,1507,7618,298,111,,,,,,
184222,184222,UT,05:37:25 28-Jul-2021,Argos,B,-23.3238,151.7238,32696,40228,26573,105,,,,,,
184222,184222,UT,07:16:25 28-Jul-2021,Argos,B,-23.3166,151.8370,150133,,,,,,,,,
184222,184222,UT,09:47:22 28-Jul-2021,Argos,B,-23.3186,151.7438,1765,6361,489,175,,,,,,
184222,184222,UT,09:57:34 28-Jul-2021,Argos,3,-23.3054,151.7686,151,169,134,139,,,,,,
184222,184222,UT,10:07:21 28-Jul-2021,Argos,3,-23.3032,151.7752,190,1118,32,77,,,,,,
184222,184222,UT,10:28:03 28-Jul-2021,Argos,2,-23.3016,151.7823,305,1093,85,50,,,,,,
184222,184222,UT,10:47:45 28-Jul-2021,Argos,B,-23.3023,151.7827,1172,1318,1041,79,,,,,,
184222,184222,UT,23:24:52 28-Jul-2021,Argos,B,-23.2169,152.0319,5059,18139,1411,99,,,,,,
184222,184222,UT,08:26:17 29-Jul-2021,Argos,A,-23.0831,151.9841,9685,48382,1938,145,,,,,,
184222,184222,UT,22:12:09 29-Jul-2021,Argos,B,-23.0379,151.8152,10024,25298,3971,165,,,,,,
184222,184222,UT,09:37:43 30-Jul-2021,Argos,B,-23.1623,151.7122,6644,29717,1485,88,,,,,,
184222,184222,UT,07:09:08 01-Aug-2021,Argos,B,-23.5725,151.7842,24070,117585,4927,59,,,,,,
184222,184222,UT,21:26:53 01-Aug-2021,Argos,B,-23.6136,151.7615,78582,85714,72043,83,,,,,,
184222,184222,UT,06:22:51 02-Aug-2021,Argos,2,-23.5397,151.7267,345,386,308,80,,,,,,
184222,184222,UT,07:56:04 02-Aug-2021,Argos,2,-23.5402,151.7339,362,808,161,78,,,,,,
184222,184222,UT,11:20:19 02-Aug-2021,Argos,B,-23.5414,151.7430,5806,6319,5333,71,,,,,,
184222,184222,UT,11:26:20 02-Aug-2021,Argos,B,-23.5574,151.7540,3369,92582,122,56,,,,,,
184222,184222,UT,12:10:08 02-Aug-2021,Argos,B,-23.5499,151.7639,758,11174,51,105,,,,,,
184222,184222,UT,20:25:51 02-Aug-2021,Argos,B,-23.5040,151.8322,8824,10746,7245,118,,,,,,
184222,184222,UT,20:25:59 02-Aug-2021,Argos,B,-23.5227,151.8091,6255,7964,4912,112,,,,,,
184222,184222,UT,20:27:55 02-Aug-2021,Argos,A,-23.5648,151.7565,1694,68520,41,129,,,,,,
184222,184222,UT,20:06:13 03-Aug-2021,Argos,B,-23.5442,151.9249,4180,9485,1841,82,,,,,,
184222,184222,UT,20:06:13 03-Aug-2021,Argos,B,-23.5975,151.7446,4215,12266,1448,111,,,,,,
184222,184222,UT,21:31:18 03-Aug-2021,Argos,B,-23.5590,151.8569,8167,66439,1003,79,,,,,,
184222,184222,UT,06:21:49 04-Aug-2021,Argos,B,-23.5158,151.8999,8418,47647,1487,77,,,,,,
184222,184222,UT,08:44:13 04-Aug-2021,Argos,B,-23.5393,151.7450,5984,24328,1471,65,,,,,,
184222,184222,UT,23:25:32 04-Aug-2021,Argos,B,-23.5526,151.5678,4930,653415,37,90,,,,,,
184222,184222,UT,00:01:55 05-Aug-2021,Argos,2,-23.5585,151.7112,377,621,228,95,,,,,,
184222,184222,UT,18:53:44 05-Aug-2021,Argos,B,-23.3879,152.4592,16944,22886,12544,50,,,,,,
184222,184222,UT,20:59:15 05-Aug-2021,Argos,B,-23.2709,152.5193,15266,23615,9868,56,,,,,,
184222,184222,UT,22:17:42 05-Aug-2021,Argos,B,-23.1386,152.4301,11639,27658,4898,75,,,,,,
184222,184222,UT,07:03:19 07-Aug-2021,Argos,A,-23.1086,151.6571,3951,17658,883,119,,,,,,
184222,184222,UT,21:46:51 07-Aug-2021,Argos,B,-22.9393,151.9193,30514,,,,,,,,,
184222,184222,UT,21:49:37 07-Aug-2021,Argos,B,-22.9017,151.8490,43093,,,,,,,,,
184222,184222,UT,06:58:35 08-Aug-2021,Argos,B,-22.7032,152.0412,3926,22169,695,103,,,,,,
184222,184222,UT,20:14:53 08-Aug-2021,Argos,B,-22.6538,152.0474,5591,25070,1247,103,,,,,,
184222,184222,UT,08:50:42 10-Aug-2021,Argos,0,-23.2967,151.7207,10045,32336,3120,169,,,,,,
184222,184222,UT,08:55:04 10-Aug-2021,Argos,3,-23.3066,151.7060,167,298,93,175,,,,,,
184222,184222,UT,09:04:54 10-Aug-2021,Argos,A,-23.3038,151.7082,564,2126,149,78,,,,,,
184222,184222,UT,09:51:19 12-Aug-2021,Argos,0,-23.5702,151.6775,2013,20331,199,84,,,,,,
184222,184222,UT,10:02:14 12-Aug-2021,Argos,B,-23.5702,151.6774,3041,4834,1912,85,,,,,,
184222,184222,UT,10:18:56 12-Aug-2021,Argos,B,-23.5644,151.6775,3077,12096,782,66,,,,,,
184222,184222,UT,10:28:04 12-Aug-2021,Argos,B,-23.5648,151.6756,3578,7812,1638,68,,,,,,
184222,184222,UT,21:23:31 12-Aug-2021,Argos,B,-23.5336,151.7577,3526,4007,3102,76,,,,,,
184222,184222,UT,11:13:41 13-Aug-2021,Argos,1,-23.5464,151.7420,914,2928,284,112,,,,,,
184222,184222,UT,11:39:55 13-Aug-2021,Argos,1,-23.5478,151.7463,507,11063,23,78,,,,,,
184222,184222,UT,11:46:57 18-Aug-2021,Argos,A,-23.6158,151.7261,1234,19892,76,62,,,,,,
184222,184222,UT,20:23:24 18-Aug-2021,Argos,B,-23.5636,151.7527,2258,108250,47,83,,,,,,
184222,184222,UT,20:26:49 18-Aug-2021,Argos,2,-23.5677,151.6752,293,739,115,99,,,,,,
184222,184222,UT,20:26:49 18-Aug-2021,Argos,1,-23.5629,151.6630,1355,6300,291,107,,,,,,
184222,184222,UT,20:42:04 18-Aug-2021,Argos,B,-23.5620,151.6640,2859,3499,2334,101,,,,,,
184222,184222,UT,07:26:58 19-Aug-2021,Argos,B,-23.5380,151.7047,6388,7876,5180,93,,,,,,
184222,184222,UT,07:26:58 19-Aug-2021,Argos,B,-23.5465,151.6855,6331,10041,3990,76,,,,,,
184222,184222,UT,10:51:27 19-Aug-2021,Argos,B,-23.5385,151.7103,2178,54723,86,142,,,,,,
184222,184222,UT,12:32:03 20-Aug-2021,Argos,1,-23.5802,151.6505,702,1766,279,6,,,,,,
184222,184222,UT,06:22:54 21-Aug-2021,Argos,B,-23.5201,151.6736,8621,11483,6471,66,,,,,,
184222,184222,UT,11:24:13 21-Aug-2021,Argos,B,-23.3769,151.5630,6983,31549,1545,72,,,,,,
184222,184222,UT,18:45:49 21-Aug-2021,Argos,B,-23.3012,151.5319,6747,10681,4262,81,,,,,,
184222,184222,UT,19:59:52 21-Aug-2021,Argos,3,-23.3039,151.7836,147,200,107,99,,,,,,
184222,184222,UT,20:07:55 21-Aug-2021,Argos,3,-23.3023,151.7859,115,250,52,72,,,,,,
184222,184222,UT,20:30:17 21-Aug-2021,Argos,3,-23.3024,151.7883,150,264,85,116,,,,,,
184222,184222,UT,20:57:47 21-Aug-2021,Argos,B,-23.2985,151.8153,1375,1491,1267,74,,,,,,
184222,184222,UT,07:30:19 22-Aug-2021,Argos,1,-23.3184,151.7313,758,10711,53,104,,,,,,
184222,184222,UT,08:11:57 22-Aug-2021,Argos,3,-23.3135,151.7208,129,151,109,51,,,,,,
184222,184222,UT,18:19:21 22-Aug-2021,Argos,B,-23.2650,151.9703,4872,7096,3345,77,,,,,,
184222,184222,UT,19:47:01 22-Aug-2021,Argos,A,-23.3123,151.7831,1451,9843,214,172,,,,,,
184222,184222,UT,19:59:00 22-Aug-2021,Argos,1,-23.3028,151.7785,831,6894,100,74,,,,,,
184222,184222,UT,20:23:14 22-Aug-2021,Argos,3,-23.2999,151.7909,232,673,80,115,,,,,,
184222,184222,UT,20:56:21 22-Aug-2021,Argos,3,-23.3014,151.7817,157,307,80,99,,,,,,
184222,184222,UT,21:22:42 22-Aug-2021,Argos,B,-23.2972,151.7684,969,5536,169,20,,,,,,
184222,184222,UT,21:29:24 22-Aug-2021,Argos,B,-23.2960,151.7695,1153,2261,587,20,,,,,,
184222,184222,UT,22:04:22 22-Aug-2021,Argos,2,-23.2881,151.7658,478,1385,165,50,,,,,,
184222,184222,UT,22:09:47 22-Aug-2021,Argos,B,-23.3073,151.7663,1326,2132,824,21,,,,,,
184222,184222,UT,22:12:26 22-Aug-2021,Argos,A,-23.2967,151.7715,242,456,128,50,,,,,,
184222,184222,UT,07:58:16 23-Aug-2021,Argos,2,-23.3127,151.7110,272,778,95,156,,,,,,
184222,184222,UT,08:11:39 23-Aug-2021,Argos,3,-23.3188,151.7199,187,434,80,59,,,,,,
184222,184222,UT,08:41:51 23-Aug-2021,Argos,B,-23.3185,151.7208,793,878,715,92,,,,,,
184222,184222,UT,20:02:20 23-Aug-2021,Argos,B,-23.2599,151.7621,2976,5323,1663,118,,,,,,
184222,184222,UT,07:42:46 24-Aug-2021,Argos,3,-23.3027,151.8037,153,515,45,84,,,,,,
184222,184222,UT,08:15:54 24-Aug-2021,Argos,2,-23.3021,151.8046,256,1725,38,91,,,,,,
184222,184222,UT,08:25:05 24-Aug-2021,Argos,3,-23.3055,151.7962,133,198,89,19,,,,,,
184222,184222,UT,08:59:28 24-Aug-2021,Argos,3,-23.3060,151.7798,125,175,89,32,,,,,,
184222,184222,UT,07:36:10 25-Aug-2021,Argos,B,-23.3393,151.5887,7361,7925,6836,92,,,,,,
184222,184222,UT,09:32:27 25-Aug-2021,Argos,3,-23.3076,151.7609,130,367,46,75,,,,,,
184222,184222,UT,09:46:41 25-Aug-2021,Argos,3,-23.3068,151.7567,164,1135,23,77,,,,,,
184222,184222,UT,10:26:26 25-Aug-2021,Argos,3,-23.3030,151.7646,240,591,97,77,,,,,,
184222,184222,UT,12:36:37 25-Aug-2021,Argos,B,-23.2996,151.7769,3630,4149,3175,99,,,,,,
184222,184222,UT,10:06:21 26-Aug-2021,Argos,1,-23.5722,151.6778,974,8569,110,77,,,,,,
184222,184222,UT,11:01:01 26-Aug-2021,Argos,B,-23.5738,151.6803,4335,4989,3765,79,,,,,,
184222,184222,UT,21:12:15 26-Aug-2021,Argos,B,-23.6006,151.7143,13124,16274,10582,69,,,,,,
184222,184222,UT,07:16:54 29-Aug-2021,Argos,A,-23.2983,151.5807,1918,5402,681,130,,,,,,
184222,184222,UT,07:55:50 29-Aug-2021,Argos,B,-23.2977,151.5819,7766,8780,6868,104,,,,,,
184222,184222,UT,08:01:25 29-Aug-2021,Argos,B,-23.2951,151.5838,7882,9812,6330,112,,,,,,
184222,184222,UT,09:06:34 29-Aug-2021,Argos,B,-23.2936,151.5858,8621,10323,7198,94,,,,,,
184222,184222,UT,12:58:36 29-Aug-2021,Argos,0,-23.2958,151.6037,3047,13149,705,99,,,,,,
184222,184222,UT,20:13:57 29-Aug-2021,Argos,1,-23.2947,151.6981,884,4082,191,27,,,,,,
184222,184222,UT,20:44:14 29-Aug-2021,Argos,B,-23.2960,151.7003,1130,1868,684,28,,,,,,
184222,184222,UT,21:57:51 29-Aug-2021,Argos,B,-23.2948,151.7074,1640,2046,1313,31,,,,,,
184222,184222,UT,22:23:03 29-Aug-2021,Argos,B,-23.2834,151.7093,1100,10563,114,46,,,,,,
184222,184222,UT,22:28:07 29-Aug-2021,Argos,A,-23.2666,151.7257,262,847,81,142,,,,,,
184222,184222,UT,23:16:05 29-Aug-2021,Argos,B,-23.2762,151.7165,1417,2426,827,48,,,,,,
184222,184222,UT,00:04:41 30-Aug-2021,Argos,B,-23.2744,151.7262,1651,2603,1046,58,,,,,,
184222,184222,UT,00:04:41 30-Aug-2021,Argos,B,-23.2783,151.7265,1638,2920,918,56,,,,,,
184222,184222,UT,10:51:33 30-Aug-2021,Argos,B,-23.2442,151.8178,3325,5672,1949,60,,,,,,
184222,184222,UT,10:55:21 30-Aug-2021,Argos,B,-23.2652,151.7912,3416,4116,2835,120,,,,,,
184222,184222,UT,11:42:54 30-Aug-2021,Argos,B,-23.2790,151.7409,4049,5757,2847,95,,,,,,
184222,184222,UT,11:59:06 30-Aug-2021,Argos,B,-23.2867,151.7459,3567,5605,2269,73,,,,,,
184222,184222,UT,12:30:11 30-Aug-2021,Argos,B,-23.3026,151.7339,3156,5566,1789,91,,,,,,
184222,184222,UT,19:48:05 30-Aug-2021,Argos,B,-23.3638,151.6747,3712,7323,1881,77,,,,,,
184222,184222,UT,23:58:47 30-Aug-2021,Argos,B,-23.3337,151.6935,3726,10867,1277,89,,,,,,
184222,184222,UT,10:29:28 31-Aug-2021,Argos,0,-23.3157,151.7146,3695,23636,577,130,,,,,,
184222,184222,UT,10:29:43 31-Aug-2021,Argos,1,-23.3259,151.7259,1103,1496,812,41,,,,,,
184222,184222,UT,18:56:55 01-Sep-2021,Argos,B,-23.5549,151.6956,5426,19159,1536,61,,,,,,
184222,184222,UT,19:30:44 01-Sep-2021,Argos,2,-23.5641,151.6961,400,708,226,8,,,,,,
184222,184222,UT,19:31:42 01-Sep-2021,Argos,B,-23.5637,151.6968,436,527,359,6,,,,,,
184222,184222,UT,19:42:39 01-Sep-2021,Argos,3,-23.5683,151.6968,133,374,47,73,,,,,,
184222,184222,UT,20:31:04 01-Sep-2021,Argos,B,-23.5741,151.6925,953,1151,787,68,,,,,,
184222,184222,UT,22:59:17 01-Sep-2021,Argos,B,-23.5803,151.6876,1249,12940,120,106,,,,,,
184222,184222,UT,07:04:40 02-Sep-2021,Argos,B,-23.6174,151.6975,2643,5104,1369,135,,,,,,
184222,184222,UT,20:18:04 02-Sep-2021,Argos,B,-23.5718,151.6887,3380,11880,961,96,,,,,,
184222,184222,UT,20:49:17 02-Sep-2021,Argos,B,-23.5797,151.6808,2994,9647,929,102,,,,,,
184222,184222,UT,20:49:17 02-Sep-2021,Argos,B,-23.5814,151.6825,2870,12954,635,99,,,,,,
184222,184222,UT,06:26:21 03-Sep-2021,Argos,B,-23.6327,151.6198,4235,6802,2636,101,,,,,,
184222,184222,UT,07:45:12 03-Sep-2021,Argos,B,-23.7331,151.4840,4044,9762,1675,124,,,,,,
184222,184222,UT,06:33:13 04-Sep-2021,Argos,B,-23.5635,150.8181,2681,3367,2134,54,,,,,,Lon > 4 deviations from mean
184222,184222,UT,19:47:18 04-Sep-2021,Argos,0,-23.3171,151.6927,7899,33548,1860,109,,,,,,
184222,184222,UT,19:52:33 04-Sep-2021,Argos,B,-23.3178,151.6928,6355,18950,2131,109,,,,,,
184222,184222,UT,19:52:41 04-Sep-2021,Argos,2,-23.3119,151.7137,306,3029,30,74,,,,,,
184222,184222,UT,19:58:37 04-Sep-2021,Argos,3,-23.3164,151.7117,163,300,88,47,,,,,,
184222,184222,UT,23:32:39 04-Sep-2021,Argos,B,-23.3452,151.6928,2933,3144,2735,95,,,,,,
184222,184222,UT,00:40:22 05-Sep-2021,Argos,B,-23.3393,151.6942,3468,5651,2127,57,,,,,,
184222,184222,UT,06:16:30 05-Sep-2021,Argos,B,-23.3295,151.6964,4558,6774,3066,67,,,,,,
184222,184222,UT,06:57:21 05-Sep-2021,Argos,3,-23.3040,151.7888,223,514,96,115,,,,,,
184222,184222,UT,10:22:48 05-Sep-2021,Argos,B,-23.2894,151.9298,6818,8621,5391,101,,,,,,Lon > 4 deviations from mean
184222,184222,UT,21:01:05 05-Sep-2021,Argos,A,-23.3026,151.7151,3450,32555,365,63,,,,,,
184222,184222,UT,21:05:14 05-Sep-2021,Argos,B,-23.3178,151.6910,1216,7878,187,84,,,,,,
184222,184222,UT,21:07:01 05-Sep-2021,Argos,B,-23.3174,151.6926,1070,3856,297,84,,,,,,
184222,184222,UT,22:22:05 05-Sep-2021,Argos,B,-23.2621,151.7641,1920,3507,1051,48,,,,,,
184222,184222,UT,07:38:30 06-Sep-2021,Argos,3,-23.2849,151.7387,163,475,55,79,,,,,,
184222,184222,UT,08:01:38 06-Sep-2021,Argos,B,-23.2836,151.7307,1100,3684,328,11,,,,,,
184222,184222,UT,08:51:05 06-Sep-2021,Argos,3,-23.2860,151.7311,144,523,39,85,,,,,,
184222,184222,UT,13:01:40 06-Sep-2021,Argos,B,-23.2770,151.7860,2033,2532,1632,101,,,,,,
184222,184222,UT,20:13:01 06-Sep-2021,Argos,3,-23.1930,151.7402,238,362,156,115,,,,,,
184222,184222,UT,20:49:20 06-Sep-2021,Argos,1,-23.1766,151.7323,567,1348,238,69,,,,,,
184222,184222,UT,20:49:20 06-Sep-2021,Argos,2,-23.1805,151.7320,416,2490,69,99,,,,,,
184222,184222,UT,20:50:20 06-Sep-2021,Argos,B,-23.1823,151.7467,1296,7652,219,111,,,,,,
184222,184222,UT,21:46:40 06-Sep-2021,Argos,2,-23.1460,151.6930,458,634,330,38,,,,,,
184222,184222,UT,22:24:57 06-Sep-2021,Argos,B,-23.1341,151.6869,3423,3715,3153,97,,,,,,
184222,184222,UT,22:55:22 06-Sep-2021,Argos,B,-23.1171,151.6837,2718,32068,230,97,,,,,,
184222,184222,UT,21:35:40 07-Sep-2021,Argos,B,-23.0208,151.7980,3721,6270,2207,63,,,,,,
184222,184222,UT,21:36:03 07-Sep-2021,Argos,A,-23.3063,151.7123,755,1797,316,98,,,,,,
184222,184222,UT,08:27:10 08-Sep-2021,Argos,3,-23.5581,151.6755,156,263,92,66,,,,,,
184222,184222,UT,08:40:49 08-Sep-2021,Argos,B,-23.5582,151.6766,1035,1141,937,91,,,,,,
184222,184222,UT,08:40:49 08-Sep-2021,Argos,B,-23.5572,151.6741,1078,1178,986,89,,,,,,
184222,184222,UT,10:59:41 08-Sep-2021,Argos,B,-23.5508,151.6586,3319,3858,2854,108,,,,,,
184222,184222,UT,20:18:35 08-Sep-2021,Argos,B,-23.5252,151.6342,3275,3810,2814,9,,,,,,
184222,184222,UT,21:41:16 08-Sep-2021,Argos,B,-23.5523,151.6622,3113,4599,2107,30,,,,,,
184222,184222,UT,21:41:16 08-Sep-2021,Argos,B,-23.5424,151.6512,3617,4040,3237,173,,,,,,
184222,184222,UT,08:32:52 09-Sep-2021,Argos,B,-23.5496,151.6716,1953,12270,310,14,,,,,,
184222,184222,UT,10:38:44 09-Sep-2021,Argos,B,-23.5495,151.6702,2474,4536,1348,14,,,,,,
184222,184222,UT,10:38:44 09-Sep-2021,Argos,B,-23.5495,151.6701,2472,4499,1357,14,,,,,,
184222,184222,UT,21:26:04 09-Sep-2021,Argos,B,-23.4030,151.7015,2636,9182,756,102,,,,,,
184222,184222,UT,22:39:33 09-Sep-2021,Argos,B,-23.3954,151.7133,2748,6916,1092,105,,,,,,
184222,184222,UT,07:43:44 10-Sep-2021,Argos,3,-23.2828,151.7851,217,711,66,106,,,,,,
184222,184222,UT,07:53:15 10-Sep-2021,Argos,B,-23.2826,151.7856,800,956,669,96,,,,,,
184222,184222,UT,09:42:28 10-Sep-2021,Argos,2,-23.2959,151.8062,438,8012,23,77,,,,,,
184222,184222,UT,09:44:09 10-Sep-2021,Argos,3,-23.3026,151.7907,137,221,85,73,,,,,,
184222,184222,UT,09:57:02 10-Sep-2021,Argos,3,-23.3038,151.7907,163,561,47,78,,,,,,
184222,184222,UT,08:01:15 11-Sep-2021,Argos,B,-23.1290,151.9079,14505,17985,11697,44,,,,,,
184222,184222,UT,08:52:35 11-Sep-2021,Argos,B,-23.2794,151.8123,13606,19736,9379,71,,,,,,
184222,184222,UT,09:11:07 11-Sep-2021,Argos,3,-23.2970,151.7897,139,303,63,85,,,,,,
184222,184222,UT,09:35:38 11-Sep-2021,Argos,3,-23.2972,151.7957,140,360,54,80,,,,,,
184222,184222,UT,09:38:48 11-Sep-2021,Argos,3,-23.2970,151.7980,223,672,73,89,,,,,,
184222,184222,UT,09:58:34 11-Sep-2021,Argos,2,-23.3024,151.7803,415,961,179,176,,,,,,
184222,184222,UT,10:44:52 11-Sep-2021,Argos,B,-23.3157,151.7745,2003,2271,1766,103,,,,,,
184222,184222,UT,22:50:34 11-Sep-2021,Argos,B,-23.2991,151.7729,6680,10001,4461,80,,,,,,
184222,184222,UT,00:32:32 12-Sep-2021,Argos,B,-23.3395,151.7429,9149,15369,5445,47,,,,,,
184222,184222,UT,11:27:04 12-Sep-2021,Argos,B,-23.2835,151.6368,7214,16202,3212,45,,,,,,
184222,184222,UT,11:42:46 12-Sep-2021,Argos,3,-23.3170,151.7303,153,588,39,86,,,,,,
184222,184222,UT,12:07:46 12-Sep-2021,Argos,A,-23.3152,151.7344,431,3815,48,45,,,,,,
184222,184222,UT,13:26:40 12-Sep-2021,Argos,1,-23.3135,151.7485,704,2622,189,109,,,,,,
184222,184222,UT,20:37:48 12-Sep-2021,Argos,B,-23.3266,151.7685,7317,9977,5366,95,,,,,,
184222,184222,UT,20:37:48 12-Sep-2021,Argos,B,-23.3062,151.7428,6314,11169,3569,79,,,,,,
184222,184222,UT,10:57:20 13-Sep-2021,Argos,B,-23.3531,151.7663,9618,19365,4776,114,,,,,,
184222,184222,UT,12:43:08 13-Sep-2021,Argos,B,-23.3417,151.7431,4558,10011,2074,114,,,,,,
184222,184222,UT,21:14:35 13-Sep-2021,Argos,B,-23.3421,151.7565,5032,9673,2617,103,,,,,,
184222,184222,UT,07:14:23 14-Sep-2021,Argos,B,-23.2608,151.7300,398,1431,110,117,,,,,,
184222,184222,UT,07:14:23 14-Sep-2021,Argos,B,-23.2980,151.7843,3842,131452,112,124,,,,,,
184222,184222,UT,12:59:50 14-Sep-2021,Argos,B,-23.2625,151.7488,2377,2724,2073,47,,,,,,
184222,184222,UT,09:55:35 15-Sep-2021,Argos,A,-23.3233,151.8637,6068,17727,2076,47,,,,,,
184222,184222,UT,07:52:29 16-Sep-2021,Argos,B,-23.4576,151.6961,10691,21788,5245,125,,,,,,
184222,184222,UT,22:08:10 17-Sep-2021,Argos,B,-23.3290,151.7929,7758,30889,1948,107,,,,,,
184222,184222,UT,06:13:42 18-Sep-2021,Argos,1,-23.3205,151.7295,969,5340,175,54,,,,,,
184222,184222,UT,06:47:10 18-Sep-2021,Argos,0,-23.3101,151.7305,1609,5018,515,71,,,,,,
184222,184222,UT,08:17:46 18-Sep-2021,Argos,B,-23.3023,151.7310,2315,3116,1719,70,,,,,,
184222,184222,UT,09:54:05 18-Sep-2021,Argos,3,-23.3036,151.7245,195,565,67,37,,,,,,
184222,184222,UT,10:31:16 18-Sep-2021,Argos,2,-23.2987,151.7211,300,605,148,76,,,,,,
184222,184222,UT,10:35:32 18-Sep-2021,Argos,B,-23.2995,151.7169,550,743,407,163,,,,,,
184222,184222,UT,11:40:27 18-Sep-2021,Argos,0,-23.3058,151.7243,1797,18230,177,70,,,,,,
184222,184222,UT,19:13:37 18-Sep-2021,Argos,3,-23.3085,151.7065,154,494,48,106,,,,,,
184222,184222,UT,20:02:45 18-Sep-2021,Argos,1,-23.3172,151.7141,1486,7171,307,73,,,,,,
184222,184222,UT,06:20:09 19-Sep-2021,Argos,B,-23.3193,151.7476,3468,79985,150,148,,,,,,
184222,184222,UT,07:27:54 19-Sep-2021,Argos,0,-23.2932,151.7414,4320,20815,896,132,,,,,,
184222,184222,UT,19:12:05 19-Sep-2021,Argos,3,-23.3022,151.7824,114,133,96,87,,,,,,
184222,184222,UT,19:20:46 19-Sep-2021,Argos,3,-23.3052,151.7870,169,265,107,29,,,,,,
184222,184222,UT,20:23:06 19-Sep-2021,Argos,B,-23.2975,151.7879,1975,2828,1378,82,,,,,,
184222,184222,UT,20:23:06 19-Sep-2021,Argos,B,-23.2960,151.7876,1815,3190,1032,88,,,,,,
184222,184222,UT,07:17:18 20-Sep-2021,Argos,3,-23.3127,151.7077,184,754,44,90,,,,,,
184222,184222,UT,07:28:55 20-Sep-2021,Argos,1,-23.3158,151.7147,529,10723,26,102,,,,,,
184222,184222,UT,07:48:37 20-Sep-2021,Argos,3,-23.3142,151.7246,201,327,122,4,,,,,,
184222,184222,UT,09:26:21 20-Sep-2021,Argos,B,-23.3105,151.7229,3346,3640,3075,83,,,,,,
184222,184222,UT,10:21:38 20-Sep-2021,Argos,B,-23.3092,151.7217,3933,4584,3374,63,,,,,,
184222,184222,UT,11:09:55 20-Sep-2021,Argos,B,-23.3102,151.7214,4484,5011,4011,67,,,,,,
184222,184222,UT,11:27:31 20-Sep-2021,Argos,B,-23.3082,151.7204,1916,2103,1745,76,,,,,,
184222,184222,UT,18:55:12 20-Sep-2021,Argos,B,-23.3004,151.7008,2997,4432,2026,114,,,,,,
184222,184222,UT,19:51:36 20-Sep-2021,Argos,2,-23.3144,151.7256,364,1503,88,128,,,,,,
184222,184222,UT,19:52:24 20-Sep-2021,Argos,3,-23.3160,151.7292,157,729,33,75,,,,,,
184222,184222,UT,20:27:32 20-Sep-2021,Argos,1,-23.3150,151.7308,1387,5427,354,50,,,,,,
184222,184222,UT,20:46:00 20-Sep-2021,Argos,1,-23.3151,151.7188,1008,15167,67,104,,,,,,
184222,184222,UT,06:58:54 21-Sep-2021,Argos,2,-23.3145,151.6853,275,657,115,86,,,,,,
184222,184222,UT,07:03:32 21-Sep-2021,Argos,2,-23.3102,151.6789,493,889,273,177,,,,,,
184222,184222,UT,09:24:09 21-Sep-2021,Argos,B,-23.3078,151.6840,3378,4705,2425,97,,,,,,
184222,184222,UT,09:51:10 21-Sep-2021,Argos,B,-23.3070,151.6817,3072,4196,2248,96,,,,,,
184222,184222,UT,10:03:19 21-Sep-2021,Argos,B,-23.3197,151.7229,1072,13426,85,26,,,,,,
184222,184222,UT,10:38:43 21-Sep-2021,Argos,B,-23.3072,151.6852,3212,3741,2757,103,,,,,,
184222,184222,UT,21:12:51 21-Sep-2021,Argos,B,-23.2834,151.7162,3813,4582,3172,96,,,,,,
184222,184222,UT,08:59:43 22-Sep-2021,Argos,0,-23.2978,151.6894,3442,41140,288,89,,,,,,
184222,184222,UT,09:00:44 22-Sep-2021,Argos,0,-23.3045,151.6639,9233,132976,641,99,,,,,,
184222,184222,UT,21:54:46 22-Sep-2021,Argos,3,-23.3106,151.7027,158,330,75,85,,,,,,
184222,184222,UT,21:59:11 22-Sep-2021,Argos,B,-23.3105,151.7029,510,641,404,88,,,,,,
184222,184222,UT,10:46:22 23-Sep-2021,Argos,B,-23.3265,151.6785,4847,5419,4335,120,,,,,,
184222,184222,UT,10:46:22 23-Sep-2021,Argos,B,-23.3180,151.6778,3705,6023,2279,43,,,,,,
184222,184222,UT,20:24:50 23-Sep-2021,Argos,B,-23.3404,151.6759,4087,4719,3539,71,,,,,,
184222,184222,UT,21:36:06 23-Sep-2021,Argos,0,-23.3043,151.6720,4302,130696,141,104,,,,,,
184222,184222,UT,21:36:06 23-Sep-2021,Argos,B,-23.3166,151.6743,2977,20015,442,94,,,,,,
184222,184222,UT,21:49:12 23-Sep-2021,Argos,2,-23.3102,151.7205,329,956,113,174,,,,,,
184222,184222,UT,21:59:13 23-Sep-2021,Argos,3,-23.3117,151.7176,208,361,120,12,,,,,,
184222,184222,UT,22:07:43 23-Sep-2021,Argos,3,-23.3166,151.7231,168,200,141,8,,,,,,
184222,184222,UT,22:58:58 23-Sep-2021,Argos,B,-23.3159,151.7155,2563,2838,2314,91,,,,,,
184222,184222,UT,07:09:05 24-Sep-2021,Argos,B,-23.3111,151.7247,8719,9774,7776,132,,,,,,
184222,184222,UT,07:51:06 24-Sep-2021,Argos,3,-23.3068,151.7665,140,233,84,91,,,,,,
184222,184222,UT,08:20:51 24-Sep-2021,Argos,B,-23.3071,151.7763,2015,2268,1789,71,,,,,,
184222,184222,UT,08:39:37 24-Sep-2021,Argos,3,-23.3133,151.7462,142,200,100,75,,,,,,
184222,184222,UT,08:41:39 24-Sep-2021,Argos,3,-23.3143,151.7460,156,204,118,36,,,,,,
184222,184222,UT,08:47:22 24-Sep-2021,Argos,3,-23.3169,151.7460,171,200,146,23,,,,,,
184222,184222,UT,23:30:54 24-Sep-2021,Argos,B,-23.2781,151.9918,10631,11473,9849,84,,,,,,Lon > 4 deviations from mean
184222,184222,UT,06:31:42 25-Sep-2021,Argos,A,-23.2988,151.6924,3353,44764,251,125,,,,,,
184222,184222,UT,08:34:26 25-Sep-2021,Argos,B,-23.3057,151.7074,4998,5939,4205,111,,,,,,
184222,184222,UT,09:45:46 25-Sep-2021,Argos,3,-23.3086,151.7535,135,297,61,84,,,,,,
184222,184222,UT,09:55:47 25-Sep-2021,Argos,3,-23.3060,151.7634,132,304,57,83,,,,,,
184222,184222,UT,21:31:39 25-Sep-2021,Argos,B,-23.2758,151.8977,6926,9723,4933,63,,,,,,Lat > 4 deviations from mean
184222,184222,UT,22:40:06 25-Sep-2021,Argos,A,-23.3134,151.8000,18667,688116,506,84,,,,,,
184222,184222,UT,23:44:38 25-Sep-2021,Argos,0,-23.3031,151.7247,1607,23531,109,113,,,,,,
184222,184222,UT,23:47:28 25-Sep-2021,Argos,B,-23.3027,151.7237,1006,5042,200,113,,,,,,
184222,184222,UT,09:24:36 26-Sep-2021,Argos,3,-23.3141,151.7144,179,253,126,88,,,,,,
184222,184222,UT,09:38:21 26-Sep-2021,Argos,2,-23.3150,151.7244,437,5144,37,76,,,,,,
184222,184222,UT,11:31:09 26-Sep-2021,Argos,B,-23.3180,151.7253,2683,4509,1595,75,,,,,,
184222,184222,UT,00:19:51 27-Sep-2021,Argos,B,-23.3248,151.6386,5322,103538,273,81,,,,,,
184222,184222,UT,20:22:30 27-Sep-2021,Argos,B,-23.3108,151.7011,6233,10648,3648,83,,,,,,
184222,184222,UT,20:23:43 27-Sep-2021,Argos,B,-23.2897,151.7372,3258,133642,79,98,,,,,,
184222,184222,UT,19:48:45 28-Sep-2021,Argos,A,-23.2837,151.6429,3477,90953,132,116,,,,,,
184222,184222,UT,09:10:32 30-Sep-2021,Argos,0,-23.2884,151.7200,4283,184772,99,80,,,,,,
184222,184222,UT,20:44:45 30-Sep-2021,Argos,B,-23.3033,151.6667,4004,14781,1084,123,,,,,,
184222,184222,UT,20:44:54 30-Sep-2021,Argos,B,-23.2965,151.6841,6711,10865,4145,78,,,,,,
184222,184222,UT,21:17:43 30-Sep-2021,Argos,B,-23.2994,151.7093,5607,16951,1854,63,,,,,,
184222,184222,UT,22:59:44 30-Sep-2021,Argos,B,-23.3455,151.6699,3419,14821,788,91,,,,,,
184222,184222,UT,06:51:02 01-Oct-2021,Argos,B,-23.4310,151.6353,3888,6164,2452,91,,,,,,
184222,184222,UT,00:19:20 02-Oct-2021,Argos,B,-23.4277,151.6432,5295,11303,2480,78,,,,,,
184222,184222,UT,00:19:20 02-Oct-2021,Argos,B,-23.4253,151.6068,5995,16154,2225,82,,,,,,
184222,184222,UT,10:16:45 02-Oct-2021,Argos,A,-23.4165,151.6297,23450,203055,2708,56,,,,,,
184222,184222,UT,11:04:08 02-Oct-2021,Argos,3,-23.3064,151.7006,174,514,58,66,,,,,,
184222,184222,UT,11:05:39 02-Oct-2021,Argos,3,-23.3103,151.7001,204,431,96,89,,,,,,
184222,184222,UT,18:37:31 02-Oct-2021,Argos,2,-23.3080,151.7705,319,799,127,164,,,,,,
184222,184222,UT,08:11:39 03-Oct-2021,Argos,B,-23.3332,151.7972,4645,6558,3289,115,,,,,,
184222,184222,UT,08:32:20 03-Oct-2021,Argos,B,-23.3371,151.7922,4955,5962,4118,121,,,,,,
184222,184222,UT,10:16:19 03-Oct-2021,Argos,B,-23.2932,151.7495,3589,10318,1248,62,,,,,,
184222,184222,UT,06:42:25 05-Oct-2021,Argos,3,-23.2842,151.7297,171,398,73,69,,,,,,
184222,184222,UT,09:53:41 05-Oct-2021,Argos,B,-23.3020,151.7120,2335,4778,1141,114,,,,,,
184222,184222,UT,11:12:56 05-Oct-2021,Argos,B,-23.3029,151.7105,3422,4835,2422,112,,,,,,
184222,184222,UT,12:18:44 05-Oct-2021,Argos,A,-23.3030,151.7130,5312,9130,3089,95,,,,,,
184222,184222,UT,19:28:39 05-Oct-2021,Argos,B,-23.2810,151.7574,4225,16966,1051,139,,,,,,
184222,184222,UT,07:28:52 06-Oct-2021,Argos,1,-23.3116,151.7943,711,16508,30,102,,,,,,
184222,184222,UT,08:01:15 06-Oct-2021,Argos,3,-23.3058,151.7727,205,565,74,118,,,,,,
184222,184222,UT,08:02:05 06-Oct-2021,Argos,2,-23.3059,151.7677,325,498,211,153,,,,,,
184222,184222,UT,19:42:22 06-Oct-2021,Argos,0,-23.2621,151.7557,4500,80820,250,63,,,,,,
184222,184222,UT,19:47:52 06-Oct-2021,Argos,2,-23.2812,151.7155,321,838,123,115,,,,,,
184222,184222,UT,19:49:25 06-Oct-2021,Argos,A,-23.2766,151.7247,841,6631,106,83,,,,,,
184222,184222,UT,20:23:20 06-Oct-2021,Argos,0,-23.2746,151.7035,1543,11482,207,101,,,,,,
184222,184222,UT,20:52:25 06-Oct-2021,Argos,A,-23.2733,151.6952,1962,3237,1188,101,,,,,,
184222,184222,UT,06:58:58 07-Oct-2021,Argos,A,-23.3116,151.7077,156,355,68,122,,,,,,
184222,184222,UT,07:44:49 07-Oct-2021,Argos,3,-23.3080,151.7016,146,175,121,35,,,,,,
184222,184222,UT,07:48:07 07-Oct-2021,Argos,1,-23.3103,151.7080,515,834,317,3,,,,,,
184222,184222,UT,08:14:18 07-Oct-2021,Argos,3,-23.3126,151.7165,213,374,120,5,,,,,,
184222,184222,UT,08:37:37 07-Oct-2021,Argos,3,-23.3143,151.7225,194,349,107,44,,,,,,
184222,184222,UT,20:40:45 07-Oct-2021,Argos,B,-23.3221,151.7127,9371,10212,8598,90,,,,,,
184222,184222,UT,20:55:51 07-Oct-2021,Argos,B,-23.3213,151.7331,6320,33324,1198,57,,,,,,
184222,184222,UT,20:56:16 07-Oct-2021,Argos,B,-23.3211,151.7333,2580,13525,492,57,,,,,,
184222,184222,UT,07:32:09 08-Oct-2021,Argos,3,-23.3134,151.7397,233,916,59,104,,,,,,
184222,184222,UT,07:34:29 08-Oct-2021,Argos,B,-23.3134,151.7397,446,557,357,99,,,,,,
184222,184222,UT,07:48:48 08-Oct-2021,Argos,B,-23.3134,151.7395,1005,1127,895,92,,,,,,
184222,184222,UT,08:07:39 08-Oct-2021,Argos,3,-23.3096,151.7538,127,260,61,101,,,,,,
184222,184222,UT,08:34:21 08-Oct-2021,Argos,2,-23.3066,151.7646,321,761,135,147,,,,,,
184222,184222,UT,09:19:05 08-Oct-2021,Argos,0,-23.3032,151.7712,1560,26578,91,78,,,,,,
184222,184222,UT,20:38:17 08-Oct-2021,Argos,A,-23.2908,151.7438,3279,88692,121,114,,,,,,
184222,184222,UT,20:38:17 08-Oct-2021,Argos,A,-23.2848,151.7307,189,522,68,134,,,,,,
184222,184222,UT,20:46:27 08-Oct-2021,Argos,B,-23.2927,151.7484,1816,12263,268,113,,,,,,
184222,184222,UT,21:24:42 08-Oct-2021,Argos,1,-23.2842,151.7125,1244,2050,754,106,,,,,,
184222,184222,UT,22:39:10 08-Oct-2021,Argos,B,-23.2784,151.6963,6205,6880,5595,85,,,,,,
184222,184222,UT,07:16:39 09-Oct-2021,Argos,B,-23.2892,151.7020,8564,245923,298,116,,,,,,
184222,184222,UT,07:34:29 09-Oct-2021,Argos,0,-23.2985,151.7191,5028,79872,316,104,,,,,,
184222,184222,UT,09:05:16 09-Oct-2021,Argos,3,-23.3032,151.7737,221,516,94,136,,,,,,
184222,184222,UT,09:06:08 09-Oct-2021,Argos,3,-23.3046,151.7725,135,553,32,77,,,,,,
184222,184222,UT,09:16:22 09-Oct-2021,Argos,A,-23.3037,151.7668,387,535,279,9,,,,,,
184222,184222,UT,09:56:38 09-Oct-2021,Argos,3,-23.3109,151.7540,160,634,40,79,,,,,,
184222,184222,UT,06:55:40 10-Oct-2021,Argos,B,-23.4072,151.6996,8637,20143,3703,60,,,,,,
184222,184222,UT,07:08:34 10-Oct-2021,Argos,B,-23.4140,151.6821,2753,145435,52,99,,,,,,
184222,184222,UT,08:46:29 10-Oct-2021,Argos,A,-23.4295,151.6385,1216,3969,372,129,,,,,,
184222,184222,UT,08:52:47 10-Oct-2021,Argos,B,-23.4401,151.6463,1306,3246,525,125,,,,,,
184222,184222,UT,10:16:49 10-Oct-2021,Argos,B,-23.4556,151.6436,1473,1740,1246,108,,,,,,
184222,184222,UT,11:09:56 10-Oct-2021,Argos,B,-23.4935,151.6369,1663,4447,621,102,,,,,,
184222,184222,UT,11:09:56 10-Oct-2021,Argos,B,-23.5097,151.6434,2816,11319,700,100,,,,,,
184222,184222,UT,12:53:44 10-Oct-2021,Argos,B,-23.5420,151.6281,3163,4858,2059,90,,,,,,
184222,184222,UT,08:40:14 11-Oct-2021,Argos,B,-23.5773,151.6559,5330,304124,93,83,,,,,,
184222,184222,UT,09:11:38 11-Oct-2021,Argos,B,-23.5844,151.6554,3241,22000,477,81,,,,,,
184222,184222,UT,09:50:11 11-Oct-2021,Argos,B,-23.5912,151.6522,2150,7530,613,71,,,,,,
184222,184222,UT,11:25:11 11-Oct-2021,Argos,2,-23.5571,151.6799,432,1145,162,68,,,,,,
184222,184222,UT,12:07:40 11-Oct-2021,Argos,A,-23.5682,151.6890,902,4953,164,52,,,,,,
184222,184222,UT,13:03:24 11-Oct-2021,Argos,B,-23.5760,151.6936,1042,1178,920,81,,,,,,
184222,184222,UT,19:57:40 11-Oct-2021,Argos,1,-23.5498,151.6463,874,10351,73,67,,,,,,
184222,184222,UT,19:57:40 11-Oct-2021,Argos,1,-23.5432,151.6615,1011,4883,209,70,,,,,,
184222,184222,UT,20:22:35 11-Oct-2021,Argos,B,-23.5431,151.6618,3514,4107,3005,84,,,,,,
184222,184222,UT,22:23:30 11-Oct-2021,Argos,B,-23.5535,151.6671,7098,7541,6679,104,,,,,,
184222,184222,UT,22:34:51 11-Oct-2021,Argos,3,-23.5551,151.6869,128,309,53,105,,,,,,
184222,184222,UT,22:40:35 11-Oct-2021,Argos,B,-23.5556,151.6871,364,439,300,92,,,,,,
184222,184222,UT,23:19:40 11-Oct-2021,Argos,3,-23.5669,151.6771,151,687,33,95,,,,,,
184222,184222,UT,07:36:35 12-Oct-2021,Argos,B,-23.6332,151.6672,6668,7240,6141,90,,,,,,
184222,184222,UT,10:48:34 12-Oct-2021,Argos,B,-23.4677,151.7144,6792,9634,4788,109,,,,,,
184222,184222,UT,22:06:10 12-Oct-2021,Argos,B,-23.3270,151.7499,8275,18249,3752,98,,,,,,
184222,184222,UT,08:29:22 13-Oct-2021,Argos,B,-23.3247,151.7394,4762,13743,1650,91,,,,,,
184222,184222,UT,12:13:26 13-Oct-2021,Argos,B,-23.2877,151.7344,4793,8880,2586,104,,,,,,
184222,184222,UT,12:13:26 13-Oct-2021,Argos,B,-23.3006,151.7246,4634,6344,3384,102,,,,,,
184222,184222,UT,07:36:47 14-Oct-2021,Argos,B,-23.3071,151.7063,5434,318920,92,79,,,,,,
184222,184222,UT,09:48:02 14-Oct-2021,Argos,B,-23.2929,151.7685,4380,20008,958,70,,,,,,
184222,184222,UT,09:48:02 14-Oct-2021,Argos,B,-23.3234,151.6618,5293,29492,950,83,,,,,,
184222,184222,UT,10:16:44 14-Oct-2021,Argos,B,-23.2981,151.7617,4614,17999,1183,69,,,,,,
184222,184222,UT,10:16:44 14-Oct-2021,Argos,B,-23.3040,151.7395,2675,7751,923,63,,,,,,
184222,184222,UT,06:11:11 15-Oct-2021,Argos,B,-23.3081,151.7961,3972,7921,1991,119,,,,,,
184222,184222,UT,07:45:44 15-Oct-2021,Argos,B,-23.3054,151.7791,5431,10990,2683,94,,,,,,
184222,184222,UT,07:59:59 15-Oct-2021,Argos,B,-23.3017,151.7732,5111,15204,1717,90,,,,,,
184222,184222,UT,09:28:42 15-Oct-2021,Argos,B,-23.3058,151.7160,1265,2417,661,144,,,,,,
184222,184222,UT,11:37:04 15-Oct-2021,Argos,B,-23.3281,151.7147,1746,2445,1246,94,,,,,,
184222,184222,UT,11:51:37 15-Oct-2021,Argos,B,-23.3360,151.7236,1593,2987,849,80,,,,,,
184222,184222,UT,18:31:44 15-Oct-2021,Argos,1,-23.3068,151.7771,842,3448,205,149,,,,,,
184222,184222,UT,22:16:18 15-Oct-2021,Argos,B,-23.3035,151.7761,3472,3889,3098,123,,,,,,
184222,184222,UT,05:39:40 16-Oct-2021,Argos,B,-23.3091,151.7751,5128,6867,3828,107,,,,,,
184222,184222,UT,07:18:52 16-Oct-2021,Argos,B,-23.3091,151.7599,2354,109071,50,91,,,,,,
184222,184222,UT,09:09:55 16-Oct-2021,Argos,B,-23.3103,151.7557,2730,8019,929,91,,,,,,
184222,184222,UT,10:46:17 16-Oct-2021,Argos,B,-23.3119,151.7567,2896,6564,1277,87,,,,,,
184222,184222,UT,11:06:12 16-Oct-2021,Argos,B,-23.3111,151.7473,2741,5418,1386,86,,,,,,
184222,184222,UT,20:18:02 16-Oct-2021,Argos,B,-23.2996,151.7149,3335,10695,1039,66,,,,,,
184222,184222,UT,20:18:02 16-Oct-2021,Argos,B,-23.2966,151.7228,3275,20362,526,68,,,,,,
184222,184222,UT,20:34:58 16-Oct-2021,Argos,A,-23.2964,151.7278,521,7141,38,116,,,,,,
184222,184222,UT,20:37:32 16-Oct-2021,Argos,B,-23.2965,151.7223,3144,14762,669,69,,,,,,
184222,184222,UT,21:56:39 16-Oct-2021,Argos,B,-23.3013,151.7067,2633,6058,1144,70,,,,,,
184222,184222,UT,22:29:22 16-Oct-2021,Argos,B,-23.3135,151.6968,2400,5652,1019,80,,,,,,
184222,184222,UT,20:02:47 17-Oct-2021,Argos,B,-23.2898,151.7350,6109,579449,64,83,,,,,,
184222,184222,UT,20:03:25 17-Oct-2021,Argos,B,-23.2893,151.7396,5827,223209,152,83,,,,,,
184222,184222,UT,20:46:15 17-Oct-2021,Argos,B,-23.2930,151.7321,5981,32984,1084,83,,,,,,
184222,184222,UT,22:08:16 17-Oct-2021,Argos,B,-23.3017,151.7337,3372,14246,798,81,,,,,,
184222,184222,UT,22:08:16 17-Oct-2021,Argos,B,-23.3031,151.7256,4471,18022,1109,81,,,,,,
184222,184222,UT,23:53:37 17-Oct-2021,Argos,B,-23.3114,151.7246,2555,4683,1394,80,,,,,,
184222,184222,UT,06:17:18 18-Oct-2021,Argos,1,-23.3173,151.7047,530,1109,252,53,,,,,,
184222,184222,UT,06:34:51 18-Oct-2021,Argos,3,-23.3160,151.7127,119,175,80,49,,,,,,
184222,184222,UT,08:25:47 18-Oct-2021,Argos,B,-23.3221,151.6997,1981,2344,1674,89,,,,,,
184222,184222,UT,08:40:37 18-Oct-2021,Argos,B,-23.3178,151.7081,2197,2743,1759,75,,,,,,
184222,184222,UT,10:11:53 18-Oct-2021,Argos,B,-23.3172,151.7063,2891,3602,2320,77,,,,,,
184222,184222,UT,10:11:53 18-Oct-2021,Argos,B,-23.3237,151.6984,2805,3208,2452,81,,,,,,
184222,184222,UT,13:00:20 18-Oct-2021,Argos,2,-23.3362,151.7214,459,686,307,71,,,,,,
184222,184222,UT,18:39:50 18-Oct-2021,Argos,0,-23.3073,151.7411,3128,21248,460,108,,,,,,
184222,184222,UT,21:50:44 18-Oct-2021,Argos,B,-23.2920,151.7311,3615,13473,970,92,,,,,,
184222,184222,UT,07:53:13 19-Oct-2021,Argos,2,-23.2561,151.7409,287,448,184,139,,,,,,
184222,184222,UT,10:30:08 19-Oct-2021,Argos,B,-23.2655,151.7440,4055,5249,3131,75,,,,,,
184222,184222,UT,19:23:36 19-Oct-2021,Argos,0,-23.3140,151.7225,1773,7656,410,54,,,,,,
184222,184222,UT,06:52:18 20-Oct-2021,Argos,3,-23.3178,151.7256,110,145,82,116,,,,,,
184222,184222,UT,06:52:18 20-Oct-2021,Argos,3,-23.3178,151.7256,110,145,82,116,,,,,,
184222,184222,UT,07:38:02 20-Oct-2021,Argos,3,-23.3120,151.7447,120,284,50,99,,,,,,
184222,184222,UT,07:46:03 20-Oct-2021,Argos,B,-23.3120,151.7431,849,859,838,163,,,,,,
184222,184222,UT,11:02:04 20-Oct-2021,Argos,B,-23.3011,151.7607,4205,4951,3571,56,,,,,,
184222,184222,UT,12:32:35 20-Oct-2021,Argos,B,-23.2995,151.7645,2911,3762,2251,68,,,,,,
184222,184222,UT,20:34:06 20-Oct-2021,Argos,B,-23.2848,151.7498,3365,5735,1974,65,,,,,,
184222,184222,UT,20:34:06 20-Oct-2021,Argos,B,-23.2671,151.8024,3256,6370,1664,68,,,,,,
184222,184222,UT,22:47:44 20-Oct-2021,Argos,1,-23.2971,151.7422,663,2152,204,102,,,,,,
184222,184222,UT,06:21:10 21-Oct-2021,Argos,0,-23.2789,151.7250,2238,4557,1099,5,,,,,,
184222,184222,UT,07:24:16 21-Oct-2021,Argos,1,-23.2926,151.7148,984,26025,37,101,,,,,,
184222,184222,UT,07:56:08 21-Oct-2021,Argos,3,-23.2967,151.7280,172,282,104,98,,,,,,
184222,184222,UT,08:30:59 21-Oct-2021,Argos,2,-23.3023,151.7315,265,335,208,20,,,,,,
184222,184222,UT,07:12:04 22-Oct-2021,Argos,B,-23.4459,151.8362,12008,12981,11108,144,,,,,,Lat > 4 deviations from mean
184222,184222,UT,07:27:44 22-Oct-2021,Argos,A,-23.2238,151.7282,6456,648299,64,102,,,,,,
184222,184222,UT,08:09:03 22-Oct-2021,Argos,B,-23.2264,151.7318,6401,36532,1121,103,,,,,,
184222,184222,UT,08:31:02 22-Oct-2021,Argos,B,-23.2489,151.7404,4340,37620,500,101,,,,,,
184222,184222,UT,10:20:56 22-Oct-2021,Argos,B,-23.2422,151.7499,3399,5408,2136,93,,,,,,
184222,184222,UT,10:33:46 22-Oct-2021,Argos,B,-23.2569,151.7137,1800,8169,396,128,,,,,,
184222,184222,UT,18:45:50 22-Oct-2021,Argos,B,-23.3039,151.7764,3187,5177,1961,131,,,,,,
184222,184222,UT,19:31:54 22-Oct-2021,Argos,1,-23.2810,151.7179,1389,4124,467,157,,,,,,
184222,184222,UT,19:47:29 22-Oct-2021,Argos,2,-23.2778,151.7154,310,915,105,59,,,,,,
184222,184222,UT,19:48:13 22-Oct-2021,Argos,B,-23.2819,151.7157,1680,2088,1351,150,,,,,,
184222,184222,UT,20:25:03 22-Oct-2021,Argos,0,-23.2828,151.7188,2997,20629,435,87,,,,,,
184222,184222,UT,07:05:47 23-Oct-2021,Argos,B,-23.3221,151.6846,10732,11490,10023,93,,,,,,
184222,184222,UT,08:00:40 23-Oct-2021,Argos,1,-23.2910,151.7991,1014,3222,319,37,,,,,,
184222,184222,UT,08:10:53 23-Oct-2021,Argos,2,-23.2912,151.7988,412,669,253,167,,,,,,
184222,184222,UT,08:23:33 23-Oct-2021,Argos,1,-23.2841,151.7890,649,1830,229,150,,,,,,
184222,184222,UT,08:26:02 23-Oct-2021,Argos,B,-23.2917,151.8091,1546,5202,459,56,,,,,,
184222,184222,UT,08:38:15 23-Oct-2021,Argos,3,-23.3053,151.7923,223,302,164,155,,,,,,
184222,184222,UT,08:06:02 24-Oct-2021,Argos,A,-23.3422,151.6772,619,1755,218,76,,,,,,
184222,184222,UT,09:34:22 24-Oct-2021,Argos,B,-23.3321,151.7026,6491,14327,2940,85,,,,,,
184222,184222,UT,10:55:40 24-Oct-2021,Argos,3,-23.3060,151.6936,170,259,110,171,,,,,,
184222,184222,UT,11:03:18 24-Oct-2021,Argos,2,-23.2971,151.6953,332,793,139,125,,,,,,
184222,184222,UT,11:10:06 24-Oct-2021,Argos,B,-23.3113,151.6890,621,1400,274,125,,,,,,
184222,184222,UT,11:20:39 24-Oct-2021,Argos,3,-23.3093,151.6977,239,320,178,125,,,,,,
184222,184222,UT,20:24:09 24-Oct-2021,Argos,B,-23.2400,151.8076,6833,7177,6505,68,,,,,,
184222,184222,UT,22:18:54 24-Oct-2021,Argos,B,-23.2414,151.8010,12322,42462,3575,52,,,,,,
184222,184222,UT,22:39:28 24-Oct-2021,Argos,B,-23.2772,151.7594,3205,25506,402,78,,,,,,
184222,184222,UT,23:04:32 24-Oct-2021,Argos,B,-23.2893,151.7177,2298,9410,561,83,,,,,,
184222,184222,UT,23:04:32 24-Oct-2021,Argos,B,-23.2989,151.7369,2912,7923,1070,83,,,,,,
184222,184222,UT,11:01:29 25-Oct-2021,Argos,B,-23.2911,151.8354,4070,9929,1668,90,,,,,,
184222,184222,UT,12:17:05 25-Oct-2021,Argos,B,-23.3044,151.7505,4065,8075,2046,81,,,,,,
184222,184222,UT,20:30:11 25-Oct-2021,Argos,B,-23.3048,151.7041,4324,7025,2660,60,,,,,,
184222,184222,UT,20:34:46 25-Oct-2021,Argos,B,-23.3075,151.6934,2986,91259,97,38,,,,,,
184222,184222,UT,07:39:23 26-Oct-2021,Argos,B,-23.2813,151.6695,2433,59501,99,127,,,,,,
184222,184222,UT,08:34:53 26-Oct-2021,Argos,1,-23.2487,151.6541,763,2067,281,168,,,,,,
184222,184222,UT,19:21:04 26-Oct-2021,Argos,B,-23.0932,151.5319,4669,4990,4367,114,,,,,,
184222,184222,UT,19:21:04 26-Oct-2021,Argos,B,-23.1351,151.5169,3243,5370,1958,111,,,,,,
184222,184222,UT,22:18:23 26-Oct-2021,Argos,A,-23.2680,151.5551,9005,79897,1014,90,,,,,,
184222,184222,UT,11:42:10 27-Oct-2021,Argos,B,-23.3191,151.5206,16187,23162,11311,85,,,,,,
184222,184222,UT,18:53:08 27-Oct-2021,Argos,1,-23.1319,151.7191,781,2783,219,56,,,,,,
184222,184222,UT,19:06:47 27-Oct-2021,Argos,A,-23.1322,151.7260,468,1617,135,58,,,,,,
184222,184222,UT,21:33:20 27-Oct-2021,Argos,B,-23.1127,151.7414,1434,2266,907,99,,,,,,
184222,184222,UT,22:49:48 27-Oct-2021,Argos,B,-23.1149,151.7460,1635,3431,778,104,,,,,,
184222,184222,UT,23:43:44 27-Oct-2021,Argos,B,-23.1113,151.7322,1851,2887,1185,103,,,,,,
184222,184222,UT,06:03:37 28-Oct-2021,Argos,1,-23.1096,151.6968,722,4154,125,40,,,,,,
184222,184222,UT,07:38:12 28-Oct-2021,Argos,3,-23.1136,151.7270,239,1026,55,95,,,,,,
184222,184222,UT,08:17:17 28-Oct-2021,Argos,B,-23.1176,151.7368,1822,2265,1465,48,,,,,,
184222,184222,UT,09:26:30 28-Oct-2021,Argos,A,-23.0999,151.7650,2947,89329,97,87,,,,,,
184222,184222,UT,10:25:32 28-Oct-2021,Argos,B,-23.0904,151.7758,3184,8330,1217,73,,,,,,
184222,184222,UT,10:25:56 28-Oct-2021,Argos,B,-23.0953,151.7625,2122,4632,972,32,,,,,,
184222,184222,UT,20:06:45 28-Oct-2021,Argos,B,-23.0581,151.8863,3246,3399,3100,139,,,,,,
184222,184222,UT,20:07:45 28-Oct-2021,Argos,A,-23.2100,151.7911,5171,135672,197,81,,,,,,
184222,184222,UT,20:24:00 28-Oct-2021,Argos,B,-23.2071,151.8125,976,7964,119,58,,,,,,
184222,184222,UT,20:35:35 28-Oct-2021,Argos,B,-23.2077,151.8119,925,2363,362,60,,,,,,
184222,184222,UT,22:56:20 28-Oct-2021,Argos,B,-23.1969,151.8467,1786,2168,1470,55,,,,,,
184222,184222,UT,23:55:08 28-Oct-2021,Argos,B,-23.2096,151.8107,2128,2543,1780,72,,,,,,
184222,184222,UT,07:00:59 29-Oct-2021,Argos,B,-23.1866,151.8547,3541,4018,3119,64,,,,,,
184222,184222,UT,08:37:40 29-Oct-2021,Argos,B,-23.2172,151.8325,4159,6359,2719,74,,,,,,
184222,184222,UT,19:28:56 29-Oct-2021,Argos,0,-23.3116,151.7330,2050,28454,147,95,,,,,,
184222,184222,UT,19:44:36 29-Oct-2021,Argos,B,-23.3131,151.7330,1799,4428,730,95,,,,,,
184222,184222,UT,20:13:42 29-Oct-2021,Argos,B,-23.3132,151.7340,2536,4572,1406,97,,,,,,
184222,184222,UT,20:14:09 29-Oct-2021,Argos,B,-23.3103,151.7348,964,2120,438,118,,,,,,
184222,184222,UT,20:54:44 29-Oct-2021,Argos,B,-23.2936,151.7570,1122,15803,79,117,,,,,,
184222,184222,UT,22:33:16 29-Oct-2021,Argos,B,-23.2936,151.7845,1570,2358,1044,103,,,,,,
184222,184222,UT,18:59:45 30-Oct-2021,Argos,B,-23.4644,151.6399,2647,83527,83,139,,,,,,
184222,184222,UT,19:37:04 30-Oct-2021,Argos,B,-23.5199,151.6922,3419,10334,1131,133,,,,,,
184222,184222,UT,11:51:54 31-Oct-2021,Argos,B,-23.4873,151.6613,15975,23284,10960,55,,,,,,
184222,184222,UT,19:41:06 31-Oct-2021,Argos,B,-23.3151,151.8341,39939,132685,12022,92,,,,,,
184222,184222,UT,18:38:10 03-Nov-2021,Argos,1,-23.3238,151.7568,847,1910,375,135,,,,,,
184222,184222,UT,18:57:02 03-Nov-2021,Argos,3,-23.3102,151.7220,204,496,83,12,,,,,,
184222,184222,UT,07:04:56 04-Nov-2021,Argos,0,-23.3139,151.7237,3391,26669,431,141,,,,,,
184222,184222,UT,07:26:13 04-Nov-2021,Argos,2,-23.2824,151.6992,335,2443,46,99,,,,,,
184222,184222,UT,10:56:46 04-Nov-2021,Argos,B,-23.3042,151.7552,7237,9339,5606,98,,,,,,
184222,184222,UT,12:10:43 04-Nov-2021,Argos,B,-23.3040,151.7220,6939,171284,281,98,,,,,,
184222,184222,UT,18:39:22 04-Nov-2021,Argos,B,-23.3439,151.7831,2782,4689,1650,120,,,,,,
184222,184222,UT,22:08:34 04-Nov-2021,Argos,B,-23.3100,151.7332,3283,9181,1174,92,,,,,,
184222,184222,UT,06:44:04 05-Nov-2021,Argos,A,-23.2915,151.7113,1769,31498,99,91,,,,,,
184222,184222,UT,06:54:57 05-Nov-2021,Argos,B,-23.2916,151.7492,1273,5091,318,93,,,,,,
184222,184222,UT,08:28:40 05-Nov-2021,Argos,3,-23.3110,151.7742,196,395,97,47,,,,,,
184222,184222,UT,08:44:44 05-Nov-2021,Argos,A,-23.3016,151.7805,1461,2059,1035,109,,,,,,
184222,184222,UT,20:08:22 05-Nov-2021,Argos,0,-23.2878,151.7850,3488,25358,479,85,,,,,,
184222,184222,UT,20:09:13 05-Nov-2021,Argos,2,-23.2864,151.7388,442,2319,84,93,,,,,,
184222,184222,UT,20:37:41 05-Nov-2021,Argos,0,-23.2928,151.7226,2165,5757,814,139,,,,,,
184222,184222,UT,07:58:37 06-Nov-2021,Argos,3,-23.3046,151.7760,131,240,71,82,,,,,,
184222,184222,UT,08:28:38 06-Nov-2021,Argos,2,-23.3139,151.7653,275,489,154,178,,,,,,
184222,184222,UT,08:36:02 06-Nov-2021,Argos,3,-23.3099,151.7583,150,238,93,52,,,,,,
184222,184222,UT,21:18:28 06-Nov-2021,Argos,0,-23.2808,151.6775,1687,36122,78,100,,,,,,
184222,184222,UT,21:20:05 07-Nov-2021,Argos,B,-23.2938,151.6799,7597,65799,877,101,,,,,,
184222,184222,UT,08:35:22 08-Nov-2021,Argos,B,-23.2686,151.6167,13661,34532,5403,102,,,,,,
184222,184222,UT,09:43:53 08-Nov-2021,Argos,A,-23.3046,151.7808,8569,145498,504,68,,,,,,
184222,184222,UT,09:53:25 08-Nov-2021,Argos,1,-23.3027,151.7613,669,5270,84,79,,,,,,
184222,184222,UT,08:08:29 09-Nov-2021,Argos,B,-23.2650,152.2875,4183,11075,1579,89,,,,,,
184222,184222,UT,20:59:54 09-Nov-2021,Argos,B,-23.4247,152.1167,6701,22280,2015,103,,,,,,
184222,184222,UT,07:19:56 17-Nov-2021,Argos,A,-23.2723,151.8762,13306,369009,479,108,,,,,,
184222,184222,UT,23:05:14 17-Nov-2021,Argos,B,-23.2758,151.8775,12891,34976,4750,95,,,,,,
184222,184222,UT,09:04:52 21-Nov-2021,Argos,B,-23.2649,151.8414,7273,144646,365,80,,,,,,
184222,184222,UT,20:52:38 05-Dec-2021,Argos,0,-23.2520,151.5425,9098,656890,126,100,,,,,,
184222,184222,UT,09:25:30 06-Dec-2021,Argos,A,-23.3095,151.7439,6242,270571,144,77,,,,,,
184222,184222,UT,23:12:33 06-Dec-2021,Argos,2,-23.2947,151.7290,360,2332,55,99,,,,,,
184222,184222,UT,22:53:00 07-Dec-2021,Argos,B,-23.3094,151.7269,3751,17370,810,98,,,,,,
184222,184222,UT,22:35:47 08-Dec-2021,Argos,B,-23.3213,151.7707,6305,12508,3177,123,,,,,,
184222,184222,UT,08:49:30 18-Dec-2021,Argos,A,-23.3336,151.6819,3966,101620,154,69,,,,,,
184222,184222,UT,20:01:44 18-Dec-2021,Argos,B,-23.3157,151.7621,4683,14641,1497,79,,,,,,
184222,184222,UT,07:20:17 19-Dec-2021,Argos,1,-23.3021,151.7810,1040,9508,113,98,,,,,,
184222,184222,UT,20:48:27 20-Dec-2021,Argos,A,-23.2838,151.7279,3598,14562,888,150,,,,,,
184222,184222,UT,20:18:30 21-Dec-2021,Argos,A,-23.3126,151.7289,1608,21500,120,57,,,,,,
184222,184222,UT,21:03:56 21-Dec-2021,Argos,1,-23.3176,151.7678,566,3572,89,99,,,,,,
184222,184222,UT,21:05:11 21-Dec-2021,Argos,1,-23.3144,151.7636,1038,7007,153,100,,,,,,
184222,184222,UT,11:07:17 23-Dec-2021,Argos,A,-23.2890,151.4665,24059,740101,782,90,,,,,,
184222,184222,UT,21:57:28 23-Dec-2021,Argos,B,-23.2602,151.7136,59056,129744,26880,119,,,,,,
184222,184222,UT,22:21:29 23-Dec-2021,Argos,0,-23.3074,151.7526,6080,43535,849,138,,,,,,
184222,184222,UT,12:10:25 25-Dec-2021,Argos,B,-23.3086,151.7841,5984,119506,299,68,,,,,,
184222,184222,UT,23:19:17 25-Dec-2021,Argos,1,-23.3078,151.7466,641,8251,49,99,,,,,,
184222,184222,UT,11:55:04 30-Dec-2021,Argos,B,-23.3003,151.6848,2771,39926,192,142,,,,,,
184222,184222,UT,20:12:14 03-Jan-2022,Argos,1,-23.2636,151.7625,1309,16727,102,65,,,,,,
184222,184222,UT,20:12:44 03-Jan-2022,Argos,B,-23.2785,151.7335,1181,5646,247,69,,,,,,
184222,184222,UT,10:14:30 05-Jan-2022,Argos,B,-23.2687,151.7643,4211,36853,481,113,,,,,,
