Prog,PTT,Len,Satellite,Class,Pass,PassDate,PassTime,Latitude,Longitude,Comment,Frequency,Power,IQ,Dups,MsgDate,MsgTime,Latitude2,Longitude2,Duration,Error radius,Error Semi-major axis,Error Semi-minor axis,Error Ellipse orientation,Offset,Offset orientation,SENSOR #01,SENSOR #02,SENSOR #03,SENSOR #04,SENSOR #05,SENSOR #06,SENSOR #07,SENSOR #08,SENSOR #09,SENSOR #10,SENSOR #11,SENSOR #12,SENSOR #13,SENSOR #14,SENSOR #15,SENSOR #16,SENSOR #17,SENSOR #18,SENSOR #19,SENSOR #20,SENSOR #21,SENSOR #22,SENSOR #23,SENSOR #24,SENSOR #25,SENSOR #26,SENSOR #27,SENSOR #28,SENSOR #29,SENSOR #30,SENSOR #31,SENSOR #32
7495,209948,3,SR,2,1,04-Oct-2022,06:52:58,-23.8455,151.2493,,401677693,-124,50,0,04-Oct-2022,06:48:47,-23.8455,151.2493,450,306,397,235,116,,,11,143,28,,,,,,,,,,,,,,,,,,,,,,,,,,,,,
7495,209948,3,SR,2,1,04-Oct-2022,06:52:58,-23.8455,151.2493,,401677693,-124,50,0,04-Oct-2022,06:51:45,-23.8455,151.2493,450,306,397,235,116,,,92,192,2,,,,,,,,,,,,,,,,,,,,,,,,,,,,,
7495,209948,3,SR,2,1,04-Oct-2022,06:52:58,-23.8455,151.2493,,401677693,-124,50,0,04-Oct-2022,06:53:15,-23.8455,151.2493,450,306,397,235,116,,,107,133,0,,,,,,,,,,,,,,,,,,,,,,,,,,,,,
7495,209948,3,SR,2,1,04-Oct-2022,06:52:58,-23.8455,151.2493,,401677693,-124,50,0,04-Oct-2022,06:54:47,-23.8455,151.2493,450,306,397,235,116,,,12,1,144,,,,,,,,,,,,,,,,,,,,,,,,,,,,,
7495,209948,3,SR,2,1,04-Oct-2022,06:52:58,-23.8455,151.2493,,401677693,-124,50,0,04-Oct-2022,06:56:17,-23.8455,151.2493,450,306,397,235,116,,,27,143,28,,,,,,,,,,,,,,,,,,,,,,,,,,,,,
7495,209948,3,A1,3,2,04-Oct-2022,07:45:02,-23.8454,151.2522,,401677706,-119,57,0,04-Oct-2022,07:42:49,-23.8454,151.2522,267,140,241,81,109,,,27,143,28,,,,,,,,,,,,,,,,,,,,,,,,,,,,,
7495,209948,3,A1,3,2,04-Oct-2022,07:45:02,-23.8454,151.2522,,401677706,-119,57,0,04-Oct-2022,07:44:19,-23.8454,151.2522,267,140,241,81,109,,,74,204,4,,,,,,,,,,,,,,,,,,,,,,,,,,,,,
7495,209948,23,A1,3,2,04-Oct-2022,07:45:02,-23.8454,151.2522,,401677706,-119,57,0,04-Oct-2022,07:45:45,-23.8454,151.2522,267,140,241,81,109,,,73,48,165,253,40,150,250,136,98,30,226,93,150,5,201,8,1,255,1,204,161,0,0,,,,,,,,,
7495,209948,3,A1,3,2,04-Oct-2022,07:45:02,-23.8454,151.2522,,401677706,-119,57,0,04-Oct-2022,07:47:16,-23.8454,151.2522,267,140,241,81,109,,,93,229,2,,,,,,,,,,,,,,,,,,,,,,,,,,,,,
7495,209948,3,NP,B,3,04-Oct-2022,08:29:22,-23.8451,151.2529,,401677708,-138,8,0,04-Oct-2022,08:29:23,-23.8451,151.2529,,1062,1197,942,88,,,12,1,144,,,,,,,,,,,,,,,,,,,,,,,,,,,,,
7495,209948,3,SR,3,4,04-Oct-2022,08:35:26,-23.8446,151.2529,,401677708,-127,56,0,04-Oct-2022,08:29:23,-23.8446,151.2529,363,227,348,147,27,,,12,1,144,,,,,,,,,,,,,,,,,,,,,,,,,,,,,
7495,209948,3,SR,3,4,04-Oct-2022,08:35:26,-23.8446,151.2529,,401677708,-127,56,0,04-Oct-2022,08:30:53,-23.8446,151.2529,363,227,348,147,27,,,27,143,28,,,,,,,,,,,,,,,,,,,,,,,,,,,,,
7495,209948,3,SR,3,4,04-Oct-2022,08:35:26,-23.8446,151.2529,,401677708,-127,56,0,04-Oct-2022,08:32:23,-23.8446,151.2529,363,227,348,147,27,,,73,188,4,,,,,,,,,,,,,,,,,,,,,,,,,,,,,
7495,209948,3,SR,3,4,04-Oct-2022,08:35:26,-23.8446,151.2529,,401677708,-127,56,0,04-Oct-2022,08:33:56,-23.8446,151.2529,363,227,348,147,27,,,94,4,3,,,,,,,,,,,,,,,,,,,,,,,,,,,,,
7495,209948,3,SR,3,4,04-Oct-2022,08:35:26,-23.8446,151.2529,,401677708,-127,56,0,04-Oct-2022,08:35:26,-23.8446,151.2529,363,227,348,147,27,,,107,133,0,,,,,,,,,,,,,,,,,,,,,,,,,,,,,
7495,209948,3,NK,A,5,04-Oct-2022,08:53:29,-23.8460,151.2488,,401677708,-127,6,0,04-Oct-2022,08:52:00,-23.8460,151.2488,360,236,614,90,171,,,12,1,144,,,,,,,,,,,,,,,,,,,,,,,,,,,,,
7495,209948,3,NK,A,5,04-Oct-2022,08:53:29,-23.8460,151.2488,,401677708,-127,6,1,04-Oct-2022,08:58:00,-23.8460,151.2488,360,236,614,90,171,,,107,133,0,,,,,,,,,,,,,,,,,,,,,,,,,,,,,
7495,209948,3,NP,2,6,04-Oct-2022,10:08:14,-23.8458,151.2522,,401677711,-120,58,0,04-Oct-2022,10:05:15,-23.8458,151.2522,358,359,3870,33,75,,,79,178,4,,,,,,,,,,,,,,,,,,,,,,,,,,,,,
7495,209948,3,NP,2,6,04-Oct-2022,10:08:14,-23.8458,151.2522,,401677711,-120,58,0,04-Oct-2022,10:06:44,-23.8458,151.2522,358,359,3870,33,75,,,83,66,3,,,,,,,,,,,,,,,,,,,,,,,,,,,,,
7495,209948,3,NP,2,6,04-Oct-2022,10:08:14,-23.8458,151.2522,,401677711,-120,58,0,04-Oct-2022,10:08:14,-23.8458,151.2522,358,359,3870,33,75,,,107,133,0,,,,,,,,,,,,,,,,,,,,,,,,,,,,,
7495,209948,3,NP,2,6,04-Oct-2022,10:08:14,-23.8458,151.2522,,401677711,-120,58,0,04-Oct-2022,10:09:43,-23.8458,151.2522,358,359,3870,33,75,,,12,1,144,,,,,,,,,,,,,,,,,,,,,,,,,,,,,
7495,209948,3,NP,2,6,04-Oct-2022,10:08:14,-23.8458,151.2522,,401677711,-120,58,0,04-Oct-2022,10:11:13,-23.8458,151.2522,358,359,3870,33,75,,,24,206,62,,,,,,,,,,,,,,,,,,,,,,,,,,,,,
7495,209948,3,NK,A,7,04-Oct-2022,10:33:20,-23.8483,151.2495,,401677712,-121,6,0,04-Oct-2022,10:30:50,-23.8483,151.2495,271,222,572,85,109,,,83,82,3,,,,,,,,,,,,,,,,,,,,,,,,,,,,,
7495,209948,3,NK,A,7,04-Oct-2022,10:33:20,-23.8483,151.2495,,401677712,-121,6,0,04-Oct-2022,10:33:51,-23.8483,151.2495,271,222,572,85,109,,,12,1,144,,,,,,,,,,,,,,,,,,,,,,,,,,,,,
7495,209948,3,NK,A,7,04-Oct-2022,10:33:20,-23.8483,151.2495,,401677712,-121,6,0,04-Oct-2022,10:35:21,-23.8483,151.2495,271,222,572,85,109,,,27,143,28,,,,,,,,,,,,,,,,,,,,,,,,,,,,,
7495,209948,3,MC,3,8,04-Oct-2022,11:10:26,-23.8463,151.2507,,401677711,-124,68,0,04-Oct-2022,11:08:12,-23.8463,151.2507,361,138,247,77,61,,,73,188,4,,,,,,,,,,,,,,,,,,,,,,,,,,,,,
7495,209948,3,MC,3,8,04-Oct-2022,11:10:26,-23.8463,151.2507,,401677711,-124,68,0,04-Oct-2022,11:09:40,-23.8463,151.2507,361,138,247,77,61,,,85,108,3,,,,,,,,,,,,,,,,,,,,,,,,,,,,,
7495,209948,3,MC,3,8,04-Oct-2022,11:10:26,-23.8463,151.2507,,401677711,-124,68,0,04-Oct-2022,11:11:10,-23.8463,151.2507,361,138,247,77,61,,,107,133,0,,,,,,,,,,,,,,,,,,,,,,,,,,,,,
7495,209948,3,MC,3,8,04-Oct-2022,11:10:26,-23.8463,151.2507,,401677711,-124,68,0,04-Oct-2022,11:12:43,-23.8463,151.2507,361,138,247,77,61,,,12,1,144,,,,,,,,,,,,,,,,,,,,,,,,,,,,,
7495,209948,3,MC,3,8,04-Oct-2022,11:10:26,-23.8463,151.2507,,401677711,-124,68,0,04-Oct-2022,11:14:13,-23.8463,151.2507,361,138,247,77,61,,,27,143,28,,,,,,,,,,,,,,,,,,,,,,,,,,,,,
7495,209948,3,NN,B,9,04-Oct-2022,11:29:14,-23.8463,151.2503,,401677712,-137,6,0,04-Oct-2022,11:29:14,-23.8463,151.2503,449,443,1999,98,175,,,27,143,28,,,,,,,,,,,,,,,,,,,,,,,,,,,,,
7495,209948,3,NN,B,9,04-Oct-2022,11:29:14,-23.8463,151.2503,,401677712,-137,6,0,04-Oct-2022,11:36:43,-23.8463,151.2503,449,443,1999,98,175,,,12,1,144,,,,,,,,,,,,,,,,,,,,,,,,,,,,,
7495,209948,3,MB,3,10,04-Oct-2022,11:59:56,-23.8464,151.2534,,401677713,-130,58,0,04-Oct-2022,11:59:12,-23.8464,151.2534,360,165,567,48,65,,,12,1,144,,,,,,,,,,,,,,,,,,,,,,,,,,,,,
7495,209948,3,MB,3,10,04-Oct-2022,11:59:56,-23.8464,151.2534,,401677713,-130,58,0,04-Oct-2022,12:00:40,-23.8464,151.2534,360,165,567,48,65,,,27,143,28,,,,,,,,,,,,,,,,,,,,,,,,,,,,,
7495,209948,3,MB,3,10,04-Oct-2022,11:59:56,-23.8464,151.2534,,401677713,-130,58,0,04-Oct-2022,12:03:42,-23.8464,151.2534,360,165,567,48,65,,,92,144,3,,,,,,,,,,,,,,,,,,,,,,,,,,,,,
7495,209948,3,MB,3,10,04-Oct-2022,11:59:56,-23.8464,151.2534,,401677713,-130,58,0,04-Oct-2022,12:05:12,-23.8464,151.2534,360,165,567,48,65,,,107,133,0,,,,,,,,,,,,,,,,,,,,,,,,,,,,,
7495,209948,3,NK,B,11,04-Oct-2022,21:44:42,-23.8503,151.2678,,401677713,-133,8,0,04-Oct-2022,21:44:42,-23.8503,151.2678,,2551,6456,1008,100,,,27,143,28,,,,,,,,,,,,,,,,,,,,,,,,,,,,,
7495,209948,3,NK, ,12,09-Oct-2022,08:26:08,,,,401650000,-130,,0,09-Oct-2022,08:26:08,,,,,,,,,,92,223,3,,,,,,,,,,,,,,,,,,,,,,,,,,,,,
7495,209948,3,NP, ,13,09-Oct-2022,22:08:23,,,,401650000,-127,,0,09-Oct-2022,22:08:23,,,,,,,,,,15,1,16,,,,,,,,,,,,,,,,,,,,,,,,,,,,,
7495,209948,3,SR, ,14,11-Oct-2022,06:35:12,,,,401650000,-129,,0,11-Oct-2022,06:35:12,,,,,,,,,,87,4,4,,,,,,,,,,,,,,,,,,,,,,,,,,,,,
7495,209948,3,SR,0,15,11-Oct-2022,18:52:54,-22.1105,152.2519,,401677727,-126,40,0,11-Oct-2022,18:52:37,-22.1105,152.2519,468,4691,22197,991,0,,,27,143,28,,,,,,,,,,,,,,,,,,,,,,,,,,,,,
7495,209948,3,SR,0,15,11-Oct-2022,18:52:54,-22.1105,152.2519,,401677727,-126,40,0,11-Oct-2022,18:53:13,-22.1105,152.2519,468,4691,22197,991,0,,,77,9,5,,,,,,,,,,,,,,,,,,,,,,,,,,,,,
7495,209948,3,SR,0,15,11-Oct-2022,18:52:54,-22.1105,152.2519,,401677727,-126,40,0,11-Oct-2022,18:59:27,-22.1105,152.2519,468,4691,22197,991,0,,,97,135,0,,,,,,,,,,,,,,,,,,,,,,,,,,,,,
7495,209948,3,SR,0,15,11-Oct-2022,18:52:54,-22.1105,152.2519,,401677727,-126,40,0,11-Oct-2022,19:00:25,-22.1105,152.2519,468,4691,22197,991,0,,,15,1,16,,,,,,,,,,,,,,,,,,,,,,,,,,,,,
7495,209948,3,A1,B,16,11-Oct-2022,19:00:24,-22.1100,152.2524,,401677733,-136,6,0,11-Oct-2022,19:00:25,-22.1100,152.2524,,7196,8129,6370,179,,,15,1,16,,,,,,,,,,,,,,,,,,,,,,,,,,,,,
7495,209948,3,NP,B,17,11-Oct-2022,20:00:03,-22.1004,152.2548,,401677704,-139,8,0,11-Oct-2022,20:00:03,-22.1004,152.2548,,15543,17036,14179,89,,,27,143,28,,,,,,,,,,,,,,,,,,,,,,,,,,,,,
7495,209948,3,NK,B,18,11-Oct-2022,20:25:22,-22.0975,152.2543,,401677698,-125,6,0,11-Oct-2022,20:25:22,-22.0975,152.2543,,15533,18018,13391,82,,,95,67,4,,,,,,,,,,,,,,,,,,,,,,,,,,,,,
7495,209948,31,MC, ,19,14-Oct-2022,12:42:18,,,,401650000,-125,,0,14-Oct-2022,12:42:18,,,,,,,,,,32,169,160,0,0,0,3,4,92,45,69,255,62,246,213,162,243,99,152,253,87,192,191,11,119,147,230,168,31,235,223,
7495,209948,3,A1,1,20,14-Oct-2022,19:46:03,-22.1659,152.1592,,401677723,-125,50,0,14-Oct-2022,19:43:03,-22.1659,152.1592,280,1474,74390,29,80,,,70,14,5,,,,,,,,,,,,,,,,,,,,,,,,,,,,,
7495,209948,3,A1,1,20,14-Oct-2022,19:46:03,-22.1659,152.1592,,401677723,-125,50,0,14-Oct-2022,19:45:15,-22.1659,152.1592,280,1474,74390,29,80,,,87,107,4,,,,,,,,,,,,,,,,,,,,,,,,,,,,,
7495,209948,3,A1,1,20,14-Oct-2022,19:46:03,-22.1659,152.1592,,401677723,-125,50,0,14-Oct-2022,19:46:29,-22.1659,152.1592,280,1474,74390,29,80,,,100,134,0,,,,,,,,,,,,,,,,,,,,,,,,,,,,,
7495,209948,3,A1,1,20,14-Oct-2022,19:46:03,-22.1659,152.1592,,401677723,-125,50,0,14-Oct-2022,19:46:46,-22.1659,152.1592,280,1474,74390,29,80,,,15,1,16,,,,,,,,,,,,,,,,,,,,,,,,,,,,,
7495,209948,3,A1,1,20,14-Oct-2022,19:46:03,-22.1659,152.1592,,401677723,-125,50,0,14-Oct-2022,19:47:01,-22.1659,152.1592,280,1474,74390,29,80,,,27,143,28,,,,,,,,,,,,,,,,,,,,,,,,,,,,,
7495,209948,3,A1,1,20,14-Oct-2022,19:46:03,-22.1659,152.1592,,401677723,-125,50,0,14-Oct-2022,19:47:43,-22.1659,152.1592,280,1474,74390,29,80,,,73,13,5,,,,,,,,,,,,,,,,,,,,,,,,,,,,,
7495,209948,3,NN,B,21,15-Oct-2022,00:13:22,-22.1494,152.1778,,401677723,-128,8,0,15-Oct-2022,00:13:23,-22.1494,152.1778,,2956,3972,2199,79,,,90,114,4,,,,,,,,,,,,,,,,,,,,,,,,,,,,,
7495,209948,3,SR,B,22,15-Oct-2022,18:32:33,-22.1716,152.1710,,401677719,-130,,0,15-Oct-2022,18:32:34,,,,4660,10568,2055,78,,,27,143,28,,,,,,,,,,,,,,,,,,,,,,,,,,,,,
7495,209948,3,NP,B,23,15-Oct-2022,21:01:21,-22.1394,152.2406,,401677711,-133,8,0,15-Oct-2022,21:01:22,-22.1394,152.2406,,4320,10124,1843,88,,,93,121,4,,,,,,,,,,,,,,,,,,,,,,,,,,,,,
7495,209948,3,A1, ,24,15-Oct-2022,21:03:31,,,,401650000,,,0,15-Oct-2022,21:03:31,,,33,,,,,,,100,134,0,,,,,,,,,,,,,,,,,,,,,,,,,,,,,
7495,209948,3,A1, ,24,15-Oct-2022,21:03:31,,,,401650000,,,0,15-Oct-2022,21:04:04,,,33,,,,,,,15,1,16,,,,,,,,,,,,,,,,,,,,,,,,,,,,,
7495,209948,3,A1,A,25,16-Oct-2022,07:30:08,-22.0495,152.4558,,401677726,-135,8,0,16-Oct-2022,07:29:47,-22.0495,152.4558,39,9397,22299,3960,138,,,85,128,4,,,,,,,,,,,,,,,,,,,,,,,,,,,,,
7495,209948,31,A1,A,25,16-Oct-2022,07:30:08,-22.0495,152.4558,,401677726,-135,8,0,16-Oct-2022,07:30:11,-22.0495,152.4558,39,9397,22299,3960,138,,,32,169,224,0,0,0,0,0,3,255,8,0,0,0,0,131,169,192,64,64,0,0,0,1,255,1,0,0,0,0,191,
7495,209948,3,A1,A,25,16-Oct-2022,07:30:08,-22.0495,152.4558,,401677726,-135,8,0,16-Oct-2022,07:30:26,-22.0495,152.4558,39,9397,22299,3960,138,,,107,133,0,,,,,,,,,,,,,,,,,,,,,,,,,,,,,
7495,209948,3,NN,B,26,16-Oct-2022,23:43:26,-21.9881,152.6368,,401677730,-127,,0,16-Oct-2022,23:43:26,-21.9881,152.6368,,10876,22761,5196,91,,,27,143,28,,,,,,,,,,,,,,,,,,,,,,,,,,,,,
7495,209948,3,SR,B,27,17-Oct-2022,06:46:58,-21.9722,152.7055,,401677729,-123,,0,17-Oct-2022,06:46:59,-21.9722,152.7055,,11785,46334,2997,101,,,27,143,28,,,,,,,,,,,,,,,,,,,,,,,,,,,,,
7495,209948,3,SR,B,28,17-Oct-2022,08:27:32,-21.9170,152.4515,,401677717,-134,8,0,17-Oct-2022,08:27:32,-21.9170,152.4515,,12081,44524,3277,97,,,75,23,5,,,,,,,,,,,,,,,,,,,,,,,,,,,,,
7495,209948,3,NK,B,29,17-Oct-2022,08:27:32,-21.9158,152.4477,,401677718,-131,,0,17-Oct-2022,08:27:32,-21.9158,152.4477,,6056,26840,1366,80,,,75,23,5,,,,,,,,,,,,,,,,,,,,,,,,,,,,,
7495,209948,3,NP,B,30,17-Oct-2022,20:28:14,-21.8175,152.2641,,401677735,-136,,0,17-Oct-2022,20:28:14,-21.8175,152.2641,,7691,15800,3743,67,,,71,27,5,,,,,,,,,,,,,,,,,,,,,,,,,,,,,
7495,209948,3,NK,B,31,17-Oct-2022,21:19:00,-21.8160,152.2491,,401677726,-130,8,0,17-Oct-2022,21:19:01,-21.8160,152.2491,,7756,16382,3672,68,,,92,210,4,,,,,,,,,,,,,,,,,,,,,,,,,,,,,
7495,209948,23,SR,A,32,19-Oct-2022,19:44:41,-21.3708,151.9390,,401677776,-125,,0,19-Oct-2022,19:44:01,-21.3708,151.9390,101,27518,403675,1875,84,,,94,48,165,253,40,150,250,144,73,206,211,217,212,10,13,12,17,12,11,214,112,126,244,,,,,,,,,
7495,209948,3,SR,A,32,19-Oct-2022,19:44:41,-21.3708,151.9390,,401677776,-125,,0,19-Oct-2022,19:45:21,-21.3708,151.9390,101,27518,403675,1875,84,,,79,252,77,,,,,,,,,,,,,,,,,,,,,,,,,,,,,
7495,209948,3,SR,A,32,19-Oct-2022,19:44:41,-21.3708,151.9390,,401677776,-125,,0,19-Oct-2022,19:45:42,-21.3708,151.9390,101,27518,403675,1875,84,,,88,8,5,,,,,,,,,,,,,,,,,,,,,,,,,,,,,
7495,209948,3,A1,B,33,19-Oct-2022,20:01:30,-21.3635,151.9424,,401677843,-130,6,0,19-Oct-2022,20:01:31,-21.3635,151.9424,,31630,88387,11319,85,,,97,135,0,,,,,,,,,,,,,,,,,,,,,,,,,,,,,
7495,209948,3,NK,B,34,20-Oct-2022,20:00:05,-20.7867,151.9432,,401677764,-127,,0,20-Oct-2022,20:00:06,-20.7867,151.9432,,68167,119122,39007,117,,,15,1,16,,,,,,,,,,,,,,,,,,,,,,,,,,,,,
7495,209948,3,MC,Z,35,20-Oct-2022,21:56:58,-21.3175,152.8634,,401650000,-128,8,0,20-Oct-2022,21:56:58,-21.3175,152.8634,,167008,704994,39563,121,,,127,170,187,,,,,,,,,,,,,,,,,,,,,,,,,,,,,
7495,209948,3,NP,B,36,21-Oct-2022,19:45:46,-21.2157,152.6992,,401677807,-137,,0,21-Oct-2022,19:45:39,-21.2157,152.6992,15,18910,26981,13252,93,,,66,42,5,,,,,,,,,,,,,,,,,,,,,,,,,,,,,
7495,209948,3,NP,B,36,21-Oct-2022,19:45:46,-21.2157,152.6992,,401677807,-137,,0,21-Oct-2022,19:45:54,-21.2157,152.6992,15,18910,26981,13252,93,,,95,76,5,,,,,,,,,,,,,,,,,,,,,,,,,,,,,
7495,209948,3,A1,0,37,21-Oct-2022,20:57:40,-21.4794,152.6642,,401677730,-137,48,0,21-Oct-2022,20:57:04,-21.4794,152.6642,64,22987,220062,2401,85,,,27,143,28,,,,,,,,,,,,,,,,,,,,,,,,,,,,,
7495,209948,3,A1,0,37,21-Oct-2022,20:57:40,-21.4794,152.6642,,401677730,-137,48,0,21-Oct-2022,20:57:37,-21.4794,152.6642,64,22987,220062,2401,85,,,192,134,61,,,,,,,,,,,,,,,,,,,,,,,,,,,,,
7495,209948,23,A1,0,37,21-Oct-2022,20:57:40,-21.4794,152.6642,,401677730,-137,48,0,21-Oct-2022,20:57:52,-21.4794,152.6642,64,22987,220062,2401,85,,,69,48,165,253,40,150,250,144,74,211,179,88,148,10,163,16,1,239,30,50,191,89,89,,,,,,,,,
7495,209948,3,A1,0,37,21-Oct-2022,20:57:40,-21.4794,152.6642,,401677730,-137,48,0,21-Oct-2022,20:58:08,-21.4794,152.6642,64,22987,220062,2401,85,,,89,82,5,,,,,,,,,,,,,,,,,,,,,,,,,,,,,
7495,209948,3,SR, ,38,23-Oct-2022,08:43:25,,,,401650000,-132,,0,23-Oct-2022,08:43:25,,,,,,,,,,76,44,5,,,,,,,,,,,,,,,,,,,,,,,,,,,,,
7495,209948,3,MB, ,39,23-Oct-2022,23:22:52,,,,401650000,-130,,0,23-Oct-2022,23:22:52,,,,,,,,,,27,143,28,,,,,,,,,,,,,,,,,,,,,,,,,,,,,
7495,209948,31,A1, ,40,24-Oct-2022,06:59:24,,,,401650000,-127,,0,24-Oct-2022,06:59:24,,,,,,,,,,32,170,224,0,0,0,0,0,0,2,255,1,0,0,0,6,170,192,0,0,0,0,0,0,37,255,0,0,0,0,10,
7495,209948,31,SR,B,41,24-Oct-2022,18:48:10,-21.4599,152.4139,,401677708,-128,,0,24-Oct-2022,18:46:26,-21.4599,152.4139,208,30026,970225,929,71,,,32,170,224,0,0,0,0,0,0,2,255,1,0,0,0,6,170,192,0,0,0,1,17,54,179,150,37,204,175,56,15,
7495,209948,3,SR,B,41,24-Oct-2022,18:48:10,-21.4599,152.4139,,401677708,-128,,0,24-Oct-2022,18:49:54,-21.4599,152.4139,208,30026,970225,929,71,,,95,141,5,,,,,,,,,,,,,,,,,,,,,,,,,,,,,
7495,209948,3,MC,B,42,24-Oct-2022,22:16:54,-21.6193,152.3689,,401677708,-131,8,0,24-Oct-2022,22:16:54,-21.6193,152.3689,,18582,30138,11457,71,,,15,1,16,,,,,,,,,,,,,,,,,,,,,,,,,,,,,
7495,209948,3,NP,B,43,24-Oct-2022,22:29:47,-21.5128,152.3808,,401677715,-130,6,0,24-Oct-2022,22:29:48,-21.5128,152.3808,,32798,51422,20918,75,,,27,143,28,,,,,,,,,,,,,,,,,,,,,,,,,,,,,
7495,209948,3,A1,B,44,25-Oct-2022,06:39:17,-21.5676,152.3776,,401677727,-135,8,0,25-Oct-2022,06:39:10,-21.5676,152.3776,15,1813,5552,592,159,,,71,59,5,,,,,,,,,,,,,,,,,,,,,,,,,,,,,
7495,209948,23,A1,B,44,25-Oct-2022,06:39:17,-21.5676,152.3776,,401677727,-135,8,0,25-Oct-2022,06:39:25,-21.5676,152.3776,15,1813,5552,592,159,,,88,208,165,253,40,150,250,144,76,154,142,91,86,11,57,16,1,255,28,211,161,127,192,,,,,,,,,
7495,209948,3,SR,B,45,25-Oct-2022,07:41:23,-21.6207,152.3732,,401677682,-135,8,0,25-Oct-2022,07:41:23,-21.6207,152.3732,,1674,2406,1163,151,,,95,157,5,,,,,,,,,,,,,,,,,,,,,,,,,,,,,
7495,209948,3,SR,B,46,25-Oct-2022,18:18:43,-21.6143,152.3759,,401677704,-138,8,0,25-Oct-2022,18:18:44,-21.6143,152.3759,,3272,4958,2158,94,,,93,167,5,,,,,,,,,,,,,,,,,,,,,,,,,,,,,
7495,209948,3,NK,0,47,25-Oct-2022,19:32:22,-21.6449,152.3285,,401677703,-131,58,0,25-Oct-2022,19:29:45,-21.6449,152.3285,228,3272,20130,531,179,,,98,136,0,,,,,,,,,,,,,,,,,,,,,,,,,,,,,
7495,209948,3,NK,0,47,25-Oct-2022,19:32:22,-21.6449,152.3285,,401677703,-131,58,0,25-Oct-2022,19:32:58,-21.6449,152.3285,228,3272,20130,531,179,,,66,58,5,,,,,,,,,,,,,,,,,,,,,,,,,,,,,
7495,209948,3,NK,0,47,25-Oct-2022,19:32:22,-21.6449,152.3285,,401677703,-131,58,0,25-Oct-2022,19:33:16,-21.6449,152.3285,228,3272,20130,531,179,,,83,177,5,,,,,,,,,,,,,,,,,,,,,,,,,,,,,
7495,209948,3,NK,0,47,25-Oct-2022,19:32:22,-21.6449,152.3285,,401677703,-131,58,0,25-Oct-2022,19:33:33,-21.6449,152.3285,228,3272,20130,531,179,,,107,133,0,,,,,,,,,,,,,,,,,,,,,,,,,,,,,
7495,209948,3,MB,B,48,25-Oct-2022,22:34:14,-21.6914,152.3023,,401677709,-128,8,0,25-Oct-2022,22:33:50,-21.6914,152.3023,49,2628,8433,818,80,,,90,188,5,,,,,,,,,,,,,,,,,,,,,,,,,,,,,
7495,209948,3,MB,B,48,25-Oct-2022,22:34:14,-21.6914,152.3023,,401677709,-128,8,0,25-Oct-2022,22:34:39,-21.6914,152.3023,49,2628,8433,818,80,,,98,136,0,,,,,,,,,,,,,,,,,,,,,,,,,,,,,
7495,209948,3,SR,B,49,26-Oct-2022,07:00:14,-21.8020,152.2305,,401677726,-134,8,0,26-Oct-2022,07:00:15,-21.8020,152.2305,,5516,6816,4463,80,,,15,1,16,,,,,,,,,,,,,,,,,,,,,,,,,,,,,
7495,209948,23,SR,B,50,26-Oct-2022,19:28:40,-22.0589,152.2842,,401677698,-120,,0,26-Oct-2022,19:28:29,-22.0589,152.2842,24,1920,5465,674,142,,,74,144,165,253,40,150,250,144,77,77,225,152,214,11,157,8,7,91,133,99,141,83,223,,,,,,,,,
7495,209948,31,SR,B,50,26-Oct-2022,19:28:40,-22.0589,152.2842,,401677698,-120,,0,26-Oct-2022,19:28:53,-22.0589,152.2842,24,1920,5465,674,142,,,32,171,32,0,0,0,0,0,0,108,65,183,220,124,126,173,242,118,63,128,42,224,254,15,129,63,247,188,31,7,240,
7495,209948,3,SR,B,51,27-Oct-2022,08:12:51,-22.3107,152.1896,,401677718,-127,,0,27-Oct-2022,08:12:51,-22.3107,152.1896,,8248,15574,4367,111,,,15,1,16,,,,,,,,,,,,,,,,,,,,,,,,,,,,,
7495,209948,3,A1,B,52,27-Oct-2022,19:20:38,-22.5374,152.1251,,401677704,-127,8,0,27-Oct-2022,19:19:56,-22.5374,152.1251,86,2034,29479,140,14,,,27,143,28,,,,,,,,,,,,,,,,,,,,,,,,,,,,,
7495,209948,3,A1,B,52,27-Oct-2022,19:20:38,-22.5374,152.1251,,401677704,-127,8,0,27-Oct-2022,19:21:22,-22.5374,152.1251,86,2034,29479,140,14,,,71,27,5,,,,,,,,,,,,,,,,,,,,,,,,,,,,,
7495,209948,3,SR,B,53,28-Oct-2022,07:48:04,-22.7780,152.0442,,401677707,-129,,0,28-Oct-2022,07:48:05,-22.7780,152.0442,,3702,4197,3265,75,,,30,0,174,,,,,,,,,,,,,,,,,,,,,,,,,,,,,
7495,209948,3,MC,B,54,28-Oct-2022,11:23:27,-22.7115,152.0585,,401677726,-132,8,0,28-Oct-2022,11:23:28,-22.7115,152.0585,,10786,38985,2983,23,,,100,134,0,,,,,,,,,,,,,,,,,,,,,,,,,,,,,
7495,209948,3,NN,B,55,28-Oct-2022,11:41:10,-22.8832,151.9702,,401677712,-129,6,0,28-Oct-2022,11:41:10,-22.8832,151.9702,,4238,5849,3070,168,,,78,6,5,,,,,,,,,,,,,,,,,,,,,,,,,,,,,
7495,209948,23,MB,B,56,28-Oct-2022,11:59:40,-22.8062,151.8885,,401677721,-132,6,0,28-Oct-2022,11:58:56,-22.8062,151.8885,89,2113,11816,377,43,,,65,112,165,253,40,134,250,144,78,48,11,213,84,9,0,0,171,238,68,24,83,112,58,,,,,,,,,
7495,209948,31,MB,B,56,28-Oct-2022,11:59:40,-22.8062,151.8885,,401677721,-132,6,0,28-Oct-2022,12:00:25,-22.8062,151.8885,89,2113,11816,377,43,,,32,171,96,0,0,0,1,17,41,51,241,233,249,213,190,223,30,73,198,106,76,159,224,165,123,206,79,96,77,229,206,
7495,209948,3,SR,B,57,28-Oct-2022,20:00:59,-22.9282,151.8402,,401677713,-128,8,0,28-Oct-2022,20:00:59,-22.9282,151.8402,,3625,4954,2652,51,,,27,143,28,,,,,,,,,,,,,,,,,,,,,,,,,,,,,
7495,209948,3,NP,B,58,28-Oct-2022,20:00:59,-22.9232,151.8408,,401677721,-132,8,0,28-Oct-2022,20:00:59,-22.9232,151.8408,,3075,4418,2139,78,,,27,143,28,,,,,,,,,,,,,,,,,,,,,,,,,,,,,
7495,209948,3,NK,B,59,28-Oct-2022,20:00:59,-22.9352,151.8582,,401677700,-133,,0,28-Oct-2022,20:00:59,-22.9352,151.8582,,3815,6802,2139,44,,,27,143,28,,,,,,,,,,,,,,,,,,,,,,,,,,,,,
7495,209948,3,A1,B,60,28-Oct-2022,20:41:44,-22.8898,151.8570,,401677712,-137,8,0,28-Oct-2022,20:41:44,-22.8898,151.8570,,3975,5636,2803,6,,,85,95,6,,,,,,,,,,,,,,,,,,,,,,,,,,,,,
7495,209948,3,NN,2,61,28-Oct-2022,23:03:19,-22.9865,151.8632,,401677716,-124,58,0,28-Oct-2022,22:56:58,-22.9865,151.8632,648,254,373,171,107,,,75,7,5,,,,,,,,,,,,,,,,,,,,,,,,,,,,,
7495,209948,3,NN,2,61,28-Oct-2022,23:03:19,-22.9865,151.8632,,401677716,-124,58,0,28-Oct-2022,22:57:13,-22.9865,151.8632,648,254,373,171,107,,,84,106,6,,,,,,,,,,,,,,,,,,,,,,,,,,,,,
7495,209948,3,NN,2,61,28-Oct-2022,23:03:19,-22.9865,151.8632,,401677716,-124,58,0,28-Oct-2022,22:58:52,-22.9865,151.8632,648,254,373,171,107,,,85,111,6,,,,,,,,,,,,,,,,,,,,,,,,,,,,,
7495,209948,3,NN,2,61,28-Oct-2022,23:03:19,-22.9865,151.8632,,401677716,-124,58,0,28-Oct-2022,22:59:29,-22.9865,151.8632,648,254,373,171,107,,,15,1,242,,,,,,,,,,,,,,,,,,,,,,,,,,,,,
7495,209948,3,NN,2,61,28-Oct-2022,23:03:19,-22.9865,151.8632,,401677716,-124,58,2,28-Oct-2022,23:00:18,-22.9865,151.8632,648,254,373,171,107,,,27,143,28,,,,,,,,,,,,,,,,,,,,,,,,,,,,,
7495,209948,3,NN,2,61,28-Oct-2022,23:03:19,-22.9865,151.8632,,401677716,-124,58,0,28-Oct-2022,23:00:35,-22.9865,151.8632,648,254,373,171,107,,,78,6,5,,,,,,,,,,,,,,,,,,,,,,,,,,,,,
7495,209948,3,NN,2,61,28-Oct-2022,23:03:19,-22.9865,151.8632,,401677716,-124,58,0,28-Oct-2022,23:00:54,-22.9865,151.8632,648,254,373,171,107,,,82,116,6,,,,,,,,,,,,,,,,,,,,,,,,,,,,,
7495,209948,3,NN,2,61,28-Oct-2022,23:03:19,-22.9865,151.8632,,401677716,-124,58,0,28-Oct-2022,23:01:42,-22.9865,151.8632,648,254,373,171,107,,,100,134,0,,,,,,,,,,,,,,,,,,,,,,,,,,,,,
7495,209948,3,NN,2,61,28-Oct-2022,23:03:19,-22.9865,151.8632,,401677716,-124,58,0,28-Oct-2022,23:02:22,-22.9865,151.8632,648,254,373,171,107,,,15,1,16,,,,,,,,,,,,,,,,,,,,,,,,,,,,,
7495,209948,3,NN,2,61,28-Oct-2022,23:03:19,-22.9865,151.8632,,401677716,-124,58,0,28-Oct-2022,23:06:41,-22.9865,151.8632,648,254,373,171,107,,,69,1,5,,,,,,,,,,,,,,,,,,,,,,,,,,,,,
7495,209948,3,NN,2,61,28-Oct-2022,23:03:19,-22.9865,151.8632,,401677716,-124,58,0,28-Oct-2022,23:07:46,-22.9865,151.8632,648,254,373,171,107,,,91,121,6,,,,,,,,,,,,,,,,,,,,,,,,,,,,,
7495,209948,3,MB,A,62,28-Oct-2022,23:10:23,-22.9876,151.8510,,401677716,-131,6,0,28-Oct-2022,23:10:04,-22.9876,151.8510,680,921,1164,728,52,,,107,7,223,,,,,,,,,,,,,,,,,,,,,,,,,,,,,
7495,209948,3,MB,A,62,28-Oct-2022,23:10:23,-22.9876,151.8510,,401677716,-131,6,0,28-Oct-2022,23:10:43,-22.9876,151.8510,680,921,1164,728,52,,,27,143,28,,,,,,,,,,,,,,,,,,,,,,,,,,,,,
7495,209948,3,MB,A,62,28-Oct-2022,23:10:23,-22.9876,151.8510,,401677716,-131,6,0,28-Oct-2022,23:21:24,-22.9876,151.8510,680,921,1164,728,52,,,85,127,6,,,,,,,,,,,,,,,,,,,,,,,,,,,,,
7495,209948,3,NP,B,63,28-Oct-2022,23:21:24,-22.9923,151.8557,,401677718,-135,6,0,28-Oct-2022,23:21:24,-22.9923,151.8557,,1475,1639,1326,87,,,85,127,6,,,,,,,,,,,,,,,,,,,,,,,,,,,,,
7495,209948,3,NK,B,64,29-Oct-2022,08:22:21,-23.1773,151.8259,,401677717,-135,8,0,29-Oct-2022,08:22:22,-23.1773,151.8259,,5310,8182,3446,70,,,64,254,4,,,,,,,,,,,,,,,,,,,,,,,,,,,,,
7495,209948,3,A1,B,65,29-Oct-2022,08:40:22,-23.1785,151.8239,,401677718,-140,8,0,29-Oct-2022,08:40:23,-23.1785,151.8239,,5309,8595,3278,107,,,94,137,70,,,,,,,,,,,,,,,,,,,,,,,,,,,,,
7495,209948,3,MC,B,66,29-Oct-2022,23:43:45,-23.4711,151.7885,,401677719,-124,,0,29-Oct-2022,23:43:45,-23.4711,151.7885,,5609,7251,4337,10,,,91,184,6,,,,,,,,,,,,,,,,,,,,,,,,,,,,,
7495,209948,3,SR,B,67,30-Oct-2022,08:21:49,-23.3275,151.7501,,401677748,-124,,0,30-Oct-2022,08:21:50,-23.3275,151.7501,,2449,4505,1331,91,,,15,1,16,,,,,,,,,,,,,,,,,,,,,,,,,,,,,
7495,209948,3,NP,B,68,30-Oct-2022,08:21:49,-23.3673,151.7858,,401677733,-139,8,0,30-Oct-2022,08:21:50,-23.3673,151.7858,,4668,9414,2315,106,,,15,1,16,,,,,,,,,,,,,,,,,,,,,,,,,,,,,
7495,209948,3,A1,B,69,30-Oct-2022,08:21:49,-23.3489,151.7968,,401677722,-135,,0,30-Oct-2022,08:21:50,-23.3489,151.7968,,4349,13605,1389,110,,,15,1,16,,,,,,,,,,,,,,,,,,,,,,,,,,,,,
7495,209948,3,NK,B,70,30-Oct-2022,09:35:57,-23.3298,151.7358,,401677726,-122,7,0,30-Oct-2022,09:35:57,-23.3298,151.7358,,2298,8316,635,81,,,75,7,5,,,,,,,,,,,,,,,,,,,,,,,,,,,,,
7495,209948,3,NK,B,71,30-Oct-2022,11:13:02,-23.3548,151.7574,,401677724,-133,8,0,30-Oct-2022,11:11:42,-23.3548,151.7574,161,1447,9429,222,126,,,89,253,6,,,,,,,,,,,,,,,,,,,,,,,,,,,,,
7495,209948,3,NK,B,71,30-Oct-2022,11:13:02,-23.3548,151.7574,,401677724,-133,8,0,30-Oct-2022,11:14:23,-23.3548,151.7574,161,1447,9429,222,126,,,98,136,0,,,,,,,,,,,,,,,,,,,,,,,,,,,,,
7495,209948,3,SR,2,72,30-Oct-2022,19:09:25,-23.2882,151.8226,,401677715,-125,58,0,30-Oct-2022,19:00:34,-23.2882,151.8226,539,264,403,173,105,,,66,10,5,,,,,,,,,,,,,,,,,,,,,,,,,,,,,
7495,209948,3,SR,2,72,30-Oct-2022,19:09:25,-23.2882,151.8226,,401677715,-125,58,0,30-Oct-2022,19:03:23,-23.2882,151.8226,539,264,403,173,105,,,85,80,7,,,,,,,,,,,,,,,,,,,,,,,,,,,,,
7495,209948,3,SR,2,72,30-Oct-2022,19:09:25,-23.2882,151.8226,,401677715,-125,58,0,30-Oct-2022,19:04:58,-23.2882,151.8226,539,264,403,173,105,,,97,135,0,,,,,,,,,,,,,,,,,,,,,,,,,,,,,
7495,209948,3,SR,2,72,30-Oct-2022,19:09:25,-23.2882,151.8226,,401677715,-125,58,0,30-Oct-2022,19:05:41,-23.2882,151.8226,539,264,403,173,105,,,15,1,16,,,,,,,,,,,,,,,,,,,,,,,,,,,,,
7495,209948,3,SR,2,72,30-Oct-2022,19:09:25,-23.2882,151.8226,,401677715,-125,58,0,30-Oct-2022,19:07:18,-23.2882,151.8226,539,264,403,173,105,,,27,143,28,,,,,,,,,,,,,,,,,,,,,,,,,,,,,
7495,209948,3,SR,2,72,30-Oct-2022,19:09:25,-23.2882,151.8226,,401677715,-125,58,0,30-Oct-2022,19:09:17,-23.2882,151.8226,539,264,403,173,105,,,71,11,5,,,,,,,,,,,,,,,,,,,,,,,,,,,,,
7495,209948,3,SR,2,72,30-Oct-2022,19:09:25,-23.2882,151.8226,,401677715,-125,58,0,30-Oct-2022,19:09:33,-23.2882,151.8226,539,264,403,173,105,,,80,85,7,,,,,,,,,,,,,,,,,,,,,,,,,,,,,
7495,209948,3,NP,B,73,30-Oct-2022,21:23:02,-23.3081,151.8276,,401677718,-131,8,0,30-Oct-2022,21:23:02,-23.3081,151.8276,,3755,4056,3476,97,,,65,5,5,,,,,,,,,,,,,,,,,,,,,,,,,,,,,
7495,209948,3,NN,B,74,30-Oct-2022,22:37:23,-23.2940,151.8272,,401677706,-130,8,0,30-Oct-2022,22:37:24,-23.2940,151.8272,,4329,5016,3736,116,,,101,131,0,,,,,,,,,,,,,,,,,,,,,,,,,,,,,
7495,209948,3,A1,B,75,31-Oct-2022,06:37:21,-23.3054,151.8179,,401677731,-130,8,0,31-Oct-2022,06:37:03,-23.3054,151.8179,36,2209,13925,350,110,,,15,1,16,,,,,,,,,,,,,,,,,,,,,,,,,,,,,
7495,209948,23,A1,B,75,31-Oct-2022,06:37:21,-23.3054,151.8179,,401677731,-130,8,0,31-Oct-2022,06:37:39,-23.3054,151.8179,36,2209,13925,350,110,,,67,176,165,253,40,150,250,144,79,154,119,218,22,14,239,12,1,201,27,209,177,127,192,,,,,,,,,
7495,209948,3,SR,2,76,31-Oct-2022,07:45:49,-23.2843,151.7229,,401677704,-123,58,0,31-Oct-2022,07:46:55,-23.2843,151.7229,584,298,509,173,109,,,97,135,0,,,,,,,,,,,,,,,,,,,,,,,,,,,,,
7495,209948,23,SR,2,76,31-Oct-2022,07:45:49,-23.2843,151.7229,,401677704,-123,58,0,31-Oct-2022,07:47:25,-23.2843,151.7229,584,298,509,173,109,,,80,48,165,253,40,150,250,144,79,159,20,157,20,15,233,4,1,255,27,209,193,127,192,,,,,,,,,
7495,209948,3,SR,2,76,31-Oct-2022,07:45:49,-23.2843,151.7229,,401677704,-123,58,1,31-Oct-2022,07:47:58,-23.2843,151.7229,584,298,509,173,109,,,66,26,5,,,,,,,,,,,,,,,,,,,,,,,,,,,,,
7495,209948,3,SR,2,76,31-Oct-2022,07:45:49,-23.2843,151.7229,,401677704,-123,58,0,31-Oct-2022,07:48:13,-23.2843,151.7229,584,298,509,173,109,,,88,247,7,,,,,,,,,,,,,,,,,,,,,,,,,,,,,
7495,209948,3,SR,2,76,31-Oct-2022,07:45:49,-23.2843,151.7229,,401677704,-123,58,0,31-Oct-2022,07:55:34,-23.2843,151.7229,584,298,509,173,109,,,77,25,5,,,,,,,,,,,,,,,,,,,,,,,,,,,,,
7495,209948,3,SR,2,76,31-Oct-2022,07:45:49,-23.2843,151.7229,,401677704,-123,58,0,31-Oct-2022,07:55:50,-23.2843,151.7229,584,298,509,173,109,,,95,252,7,,,,,,,,,,,,,,,,,,,,,,,,,,,,,
7495,209948,3,SR,2,76,31-Oct-2022,07:45:49,-23.2843,151.7229,,401677704,-123,58,1,31-Oct-2022,07:56:07,-23.2843,151.7229,584,298,509,173,109,,,98,136,0,,,,,,,,,,,,,,,,,,,,,,,,,,,,,
7495,209948,3,SR,2,76,31-Oct-2022,07:45:49,-23.2843,151.7229,,401677704,-123,58,3,31-Oct-2022,07:56:22,-23.2843,151.7229,584,298,509,173,109,,,15,1,16,,,,,,,,,,,,,,,,,,,,,,,,,,,,,
7495,209948,3,SR,2,76,31-Oct-2022,07:45:49,-23.2843,151.7229,,401677704,-123,58,2,31-Oct-2022,07:56:39,-23.2843,151.7229,584,298,509,173,109,,,27,143,28,,,,,,,,,,,,,,,,,,,,,,,,,,,,,
7495,209948,3,A1,1,77,31-Oct-2022,08:09:35,-23.2867,151.7306,,401677699,-129,56,0,31-Oct-2022,08:08:06,-23.2867,151.7306,165,519,1657,162,138,,,80,11,8,,,,,,,,,,,,,,,,,,,,,,,,,,,,,
7495,209948,3,A1,1,77,31-Oct-2022,08:09:35,-23.2867,151.7306,,401677699,-129,56,0,31-Oct-2022,08:09:30,-23.2867,151.7306,165,519,1657,162,138,,,27,143,28,,,,,,,,,,,,,,,,,,,,,,,,,,,,,
7495,209948,3,A1,1,77,31-Oct-2022,08:09:35,-23.2867,151.7306,,401677699,-129,56,0,31-Oct-2022,08:09:45,-23.2867,151.7306,165,519,1657,162,138,,,66,26,5,,,,,,,,,,,,,,,,,,,,,,,,,,,,,
7495,209948,3,A1,1,77,31-Oct-2022,08:09:35,-23.2867,151.7306,,401677699,-129,56,0,31-Oct-2022,08:10:01,-23.2867,151.7306,165,519,1657,162,138,,,82,17,8,,,,,,,,,,,,,,,,,,,,,,,,,,,,,
7495,209948,3,A1,1,77,31-Oct-2022,08:09:35,-23.2867,151.7306,,401677699,-129,56,1,31-Oct-2022,08:10:35,-23.2867,151.7306,165,519,1657,162,138,,,97,135,0,,,,,,,,,,,,,,,,,,,,,,,,,,,,,
7495,209948,3,A1,1,77,31-Oct-2022,08:09:35,-23.2867,151.7306,,401677699,-129,56,0,31-Oct-2022,08:10:51,-23.2867,151.7306,165,519,1657,162,138,,,15,1,16,,,,,,,,,,,,,,,,,,,,,,,,,,,,,
7495,209948,3,NK,2,78,31-Oct-2022,09:15:52,-23.2848,151.7302,,401677703,-124,58,0,31-Oct-2022,09:06:35,-23.2848,151.7302,558,292,835,102,92,,,15,1,16,,,,,,,,,,,,,,,,,,,,,,,,,,,,,
7495,209948,3,NK,2,78,31-Oct-2022,09:15:52,-23.2848,151.7302,,401677703,-124,58,0,31-Oct-2022,09:06:50,-23.2848,151.7302,558,292,835,102,92,,,27,143,28,,,,,,,,,,,,,,,,,,,,,,,,,,,,,
7495,209948,3,NK,2,78,31-Oct-2022,09:15:52,-23.2848,151.7302,,401677703,-124,58,0,31-Oct-2022,09:09:02,-23.2848,151.7302,558,292,835,102,92,,,75,23,5,,,,,,,,,,,,,,,,,,,,,,,,,,,,,
7495,209948,3,NK,2,78,31-Oct-2022,09:15:52,-23.2848,151.7302,,401677703,-124,58,0,31-Oct-2022,09:15:53,-23.2848,151.7302,558,292,835,102,92,,,87,48,10,,,,,,,,,,,,,,,,,,,,,,,,,,,,,
7495,209948,3,NP,B,79,31-Oct-2022,09:44:25,-23.2861,151.7184,,401677704,-137,6,0,31-Oct-2022,09:44:25,-23.2861,151.7184,,4746,7381,3051,94,,,86,53,8,,,,,,,,,,,,,,,,,,,,,,,,,,,,,
7495,209948,3,MC,A,80,31-Oct-2022,10:10:23,-23.2851,151.7207,,401677706,-124,6,0,31-Oct-2022,10:09:10,-23.2851,151.7207,413,311,787,122,19,,,15,1,16,,,,,,,,,,,,,,,,,,,,,,,,,,,,,
7495,209948,3,MC,A,80,31-Oct-2022,10:10:23,-23.2851,151.7207,,401677706,-124,6,0,31-Oct-2022,10:11:37,-23.2851,151.7207,413,311,787,122,19,,,27,143,28,,,,,,,,,,,,,,,,,,,,,,,,,,,,,
7495,209948,3,MC,A,80,31-Oct-2022,10:10:23,-23.2851,151.7207,,401677706,-124,6,0,31-Oct-2022,10:16:03,-23.2851,151.7207,413,311,787,122,19,,,75,23,4,,,,,,,,,,,,,,,,,,,,,,,,,,,,,
7495,209948,3,MB,B,81,31-Oct-2022,11:02:42,-23.2809,151.7053,,401677706,-131,8,0,31-Oct-2022,11:02:42,-23.2809,151.7053,58,686,3068,153,112,,,27,143,28,,,,,,,,,,,,,,,,,,,,,,,,,,,,,
7495,209948,3,MB,B,81,31-Oct-2022,11:02:42,-23.2809,151.7053,,401677706,-131,8,0,31-Oct-2022,11:03:40,-23.2809,151.7053,58,686,3068,153,112,,,65,21,5,,,,,,,,,,,,,,,,,,,,,,,,,,,,,
7495,209948,3,NN,B,82,31-Oct-2022,11:04:32,-23.2869,151.7172,,401677705,-130,6,0,31-Oct-2022,11:03:40,-23.2869,151.7172,105,601,2016,179,105,,,65,21,5,,,,,,,,,,,,,,,,,,,,,,,,,,,,,
7495,209948,3,NN,B,82,31-Oct-2022,11:04:32,-23.2869,151.7172,,401677705,-130,6,0,31-Oct-2022,11:05:25,-23.2869,151.7172,105,601,2016,179,105,,,85,69,8,,,,,,,,,,,,,,,,,,,,,,,,,,,,,
7495,209948,3,MC,B,83,31-Oct-2022,11:51:37,-23.2897,151.7191,,401677703,-121,8,0,31-Oct-2022,11:51:13,-23.2897,151.7191,49,835,3481,200,66,,,79,19,5,,,,,,,,,,,,,,,,,,,,,,,,,,,,,
7495,209948,3,MC,B,83,31-Oct-2022,11:51:37,-23.2897,151.7191,,401677703,-121,8,0,31-Oct-2022,11:52:02,-23.2897,151.7191,49,835,3481,200,66,,,86,74,8,,,,,,,,,,,,,,,,,,,,,,,,,,,,,
7495,209948,31,NN,B,84,01-Nov-2022,00:00:17,-23.3166,151.5379,,401677698,-131,,0,01-Nov-2022,00:00:17,-23.3166,151.5379,,3801,4296,3363,81,,,32,171,224,0,64,2,4,159,188,34,26,224,217,247,8,173,117,223,220,218,19,100,157,232,20,235,152,0,29,129,254,
7495,209948,31,MB,B,85,01-Nov-2022,00:00:17,-23.2934,151.7660,,401677719,-135,,0,01-Nov-2022,00:00:17,-23.2934,151.7660,,5407,11242,2600,73,,,32,171,224,8,178,112,197,250,32,80,117,83,121,248,93,224,209,116,50,61,52,50,63,208,114,213,230,6,255,175,198,
7495,209948,31,MC,B,86,01-Nov-2022,00:47:04,-23.3139,151.7659,,401677727,-128,8,0,01-Nov-2022,00:46:51,-23.3139,151.7659,27,2495,3670,1695,173,,,32,171,224,0,0,0,0,0,0,255,121,0,0,154,65,118,34,64,199,242,42,18,78,2,165,205,245,51,202,71,129,
7495,209948,23,MC,B,86,01-Nov-2022,00:47:04,-23.3139,151.7659,,401677727,-128,8,0,01-Nov-2022,00:47:18,-23.3139,151.7659,27,2495,3670,1695,173,,,72,208,165,253,40,151,253,104,135,206,216,28,105,142,218,79,36,28,173,111,219,53,153,,,,,,,,,
7495,209948,3,A1,B,87,01-Nov-2022,07:54:17,-23.3856,151.6783,,401677716,-130,8,0,01-Nov-2022,07:54:05,-23.3856,151.6783,26,2199,15921,303,76,,,84,96,8,,,,,,,,,,,,,,,,,,,,,,,,,,,,,
7495,209948,3,A1,B,87,01-Nov-2022,07:54:17,-23.3856,151.6783,,401677716,-130,8,0,01-Nov-2022,07:54:31,-23.3856,151.6783,26,2199,15921,303,76,,,98,158,49,,,,,,,,,,,,,,,,,,,,,,,,,,,,,
7495,209948,3,A1,A,88,01-Nov-2022,19:31:38,-23.2683,151.7092,,401677711,-127,8,0,01-Nov-2022,19:30:34,-23.2683,151.7092,148,231,408,130,128,,,27,143,28,,,,,,,,,,,,,,,,,,,,,,,,,,,,,
7495,209948,3,A1,A,88,01-Nov-2022,19:31:38,-23.2683,151.7092,,401677711,-127,8,0,01-Nov-2022,19:31:20,-23.2683,151.7092,148,231,408,130,128,,,87,127,8,,,,,,,,,,,,,,,,,,,,,,,,,,,,,
7495,209948,3,A1,A,88,01-Nov-2022,19:31:38,-23.2683,151.7092,,401677711,-127,8,0,01-Nov-2022,19:33:02,-23.2683,151.7092,148,231,408,130,128,,,107,134,0,,,,,,,,,,,,,,,,,,,,,,,,,,,,,
7495,209948,3,SR,A,89,01-Nov-2022,19:37:58,-23.2624,151.7069,,401677709,-125,6,0,01-Nov-2022,19:36:05,-23.2624,151.7069,427,232,527,102,93,,,15,1,16,,,,,,,,,,,,,,,,,,,,,,,,,,,,,
7495,209948,3,SR,A,89,01-Nov-2022,19:37:58,-23.2624,151.7069,,401677709,-125,6,0,01-Nov-2022,19:39:52,-23.2624,151.7069,427,232,527,102,93,,,74,18,5,,,,,,,,,,,,,,,,,,,,,,,,,,,,,
7495,209948,3,SR,A,89,01-Nov-2022,19:37:58,-23.2624,151.7069,,401677709,-125,6,0,01-Nov-2022,19:43:12,-23.2624,151.7069,427,232,527,102,93,,,85,132,8,,,,,,,,,,,,,,,,,,,,,,,,,,,,,
7495,209948,3,NK,B,90,01-Nov-2022,19:58:24,-23.2635,151.7032,,401677709,-132,6,0,01-Nov-2022,19:58:24,-23.2635,151.7032,,639,718,567,94,,,98,136,8,,,,,,,,,,,,,,,,,,,,,,,,,,,,,
7495,209948,3,NN,B,91,01-Nov-2022,23:48:54,-23.3130,151.6887,,401677709,-127,8,0,01-Nov-2022,23:48:54,-23.3130,151.6887,689,1740,4014,753,72,,,15,0,58,,,,,,,,,,,,,,,,,,,,,,,,,,,,,
7495,209948,3,NN,B,91,01-Nov-2022,23:48:54,-23.3130,151.6887,,401677709,-127,8,0,02-Nov-2022,00:00:23,-23.3130,151.6887,689,1740,4014,753,72,,,27,11,28,,,,,,,,,,,,,,,,,,,,,,,,,,,,,
7495,209948,3,SR,B,92,02-Nov-2022,06:48:15,-23.3733,151.6339,,401677713,-125,8,0,02-Nov-2022,06:48:16,-23.3733,151.6339,,4392,10070,1915,102,,,27,143,28,,,,,,,,,,,,,,,,,,,,,,,,,,,,,
7495,209948,3,NP,B,93,02-Nov-2022,09:25:36,-23.3810,151.6267,,401677725,-127,8,0,02-Nov-2022,09:25:36,-23.3810,151.6267,,4934,15598,1560,99,,,15,1,16,,,,,,,,,,,,,,,,,,,,,,,,,,,,,
7495,209948,3,SR,A,94,03-Nov-2022,18:36:23,-23.3005,151.6800,,401677723,-132,,0,03-Nov-2022,18:35:54,-23.3005,151.6800,52,13633,77229,2406,53,,,27,143,28,,,,,,,,,,,,,,,,,,,,,,,,,,,,,
7495,209948,3,SR,A,94,03-Nov-2022,18:36:23,-23.3005,151.6800,,401677723,-132,,0,03-Nov-2022,18:36:30,-23.3005,151.6800,52,13633,77229,2406,53,,,69,255,4,,,,,,,,,,,,,,,,,,,,,,,,,,,,,
7495,209948,3,SR,A,94,03-Nov-2022,18:36:23,-23.3005,151.6800,,401677723,-132,,0,03-Nov-2022,18:36:46,-23.3005,151.6800,52,13633,77229,2406,53,,,94,236,8,,,,,,,,,,,,,,,,,,,,,,,,,,,,,
7495,209948,3,A1,B,95,03-Nov-2022,18:59:42,-23.2996,151.6831,,401677717,-133,6,0,03-Nov-2022,18:59:42,-23.2996,151.6831,,15586,79331,3062,51,,,64,0,5,,,,,,,,,,,,,,,,,,,,,,,,,,,,,
7495,209948,3,A1,B,96,03-Nov-2022,20:28:38,-23.2949,151.6893,,401677714,-137,8,0,03-Nov-2022,20:28:39,-23.2949,151.6893,,8890,20050,3941,50,,,15,1,16,,,,,,,,,,,,,,,,,,,,,,,,,,,,,
7495,209948,3,NP,B,97,03-Nov-2022,20:28:38,-23.2957,151.6864,,401677712,-128,,0,03-Nov-2022,20:28:39,-23.2957,151.6864,,6997,19423,2520,53,,,15,1,16,,,,,,,,,,,,,,,,,,,,,,,,,,,,,
7495,209948,3,A1, ,98,04-Nov-2022,18:40:56,,,,401650000,,,0,04-Nov-2022,18:40:56,,,198,,,,,,,94,34,9,,,,,,,,,,,,,,,,,,,,,,,,,,,,,
7495,209948,3,A1, ,98,04-Nov-2022,18:40:56,,,,401650000,,,0,04-Nov-2022,18:44:14,,,198,,,,,,,11,125,67,,,,,,,,,,,,,,,,,,,,,,,,,,,,,
7495,209948,3,SR,2,99,05-Nov-2022,08:28:59,-23.2687,151.7002,,401677713,-124,50,0,05-Nov-2022,08:30:03,-23.2687,151.7002,484,264,289,239,89,,,68,4,5,,,,,,,,,,,,,,,,,,,,,,,,,,,,,
7495,209948,3,SR,2,99,05-Nov-2022,08:28:59,-23.2687,151.7002,,401677713,-124,50,0,05-Nov-2022,08:30:19,-23.2687,151.7002,484,264,289,239,89,,,94,125,9,,,,,,,,,,,,,,,,,,,,,,,,,,,,,
7495,209948,3,SR,2,99,05-Nov-2022,08:28:59,-23.2687,151.7002,,401677713,-124,50,0,05-Nov-2022,08:33:09,-23.2687,151.7002,484,264,289,239,89,,,79,3,5,,,,,,,,,,,,,,,,,,,,,,,,,,,,,
7495,209948,3,SR,2,99,05-Nov-2022,08:28:59,-23.2687,151.7002,,401677713,-124,50,0,05-Nov-2022,08:33:24,-23.2687,151.7002,484,264,289,239,89,,,88,130,9,,,,,,,,,,,,,,,,,,,,,,,,,,,,,
7495,209948,23,SR,2,99,05-Nov-2022,08:28:59,-23.2687,151.7002,,401677713,-124,50,0,05-Nov-2022,08:34:04,-23.2687,151.7002,484,264,289,239,89,,,75,208,165,253,40,150,250,144,66,162,67,88,220,18,33,164,182,231,212,32,203,104,252,,,,,,,,,
7495,209948,3,SR,2,99,05-Nov-2022,08:28:59,-23.2687,151.7002,,401677713,-124,50,2,05-Nov-2022,08:34:36,-23.2687,151.7002,484,264,289,239,89,,,27,143,28,,,,,,,,,,,,,,,,,,,,,,,,,,,,,
7495,209948,3,SR,2,99,05-Nov-2022,08:28:59,-23.2687,151.7002,,401677713,-124,50,0,05-Nov-2022,08:35:31,-23.2687,151.7002,484,264,289,239,89,,,90,136,9,,,,,,,,,,,,,,,,,,,,,,,,,,,,,
7495,209948,3,SR,2,99,05-Nov-2022,08:28:59,-23.2687,151.7002,,401677713,-124,50,0,05-Nov-2022,08:36:24,-23.2687,151.7002,484,264,289,239,89,,,32,184,225,,,,,,,,,,,,,,,,,,,,,,,,,,,,,
7495,209948,3,SR,2,99,05-Nov-2022,08:28:59,-23.2687,151.7002,,401677713,-124,50,0,05-Nov-2022,08:37:27,-23.2687,151.7002,484,264,289,239,89,,,0,136,193,,,,,,,,,,,,,,,,,,,,,,,,,,,,,
7495,209948,3,SR,2,99,05-Nov-2022,08:28:59,-23.2687,151.7002,,401677713,-124,50,0,05-Nov-2022,08:37:44,-23.2687,151.7002,484,264,289,239,89,,,74,2,5,,,,,,,,,,,,,,,,,,,,,,,,,,,,,
7495,209948,3,SR,2,99,05-Nov-2022,08:28:59,-23.2687,151.7002,,401677713,-124,50,0,05-Nov-2022,08:38:07,-23.2687,151.7002,484,264,289,239,89,,,91,141,9,,,,,,,,,,,,,,,,,,,,,,,,,,,,,
7495,209948,3,NK,1,100,05-Nov-2022,08:40:10,-23.2666,151.6945,,401677712,-130,56,0,05-Nov-2022,08:37:27,-23.2666,151.6945,595,852,3156,229,177,,,72,214,29,,,,,,,,,,,,,,,,,,,,,,,,,,,,,
7495,209948,3,NK,1,100,05-Nov-2022,08:40:10,-23.2666,151.6945,,401677712,-130,56,0,05-Nov-2022,08:37:44,-23.2666,151.6945,595,852,3156,229,177,,,74,2,5,,,,,,,,,,,,,,,,,,,,,,,,,,,,,
7495,209948,3,NK,1,100,05-Nov-2022,08:40:10,-23.2666,151.6945,,401677712,-130,56,0,05-Nov-2022,08:38:07,-23.2666,151.6945,595,852,3156,229,177,,,91,141,9,,,,,,,,,,,,,,,,,,,,,,,,,,,,,
7495,209948,3,NK,1,100,05-Nov-2022,08:40:10,-23.2666,151.6945,,401677712,-130,56,0,05-Nov-2022,08:47:22,-23.2666,151.6945,595,852,3156,229,177,,,88,146,9,,,,,,,,,,,,,,,,,,,,,,,,,,,,,
7495,209948,3,NP,B,101,05-Nov-2022,08:48:05,-23.2702,151.6999,,401677713,-137,6,0,05-Nov-2022,08:47:22,-23.2702,151.6999,88,1727,2736,1089,61,,,88,146,8,,,,,,,,,,,,,,,,,,,,,,,,,,,,,
7495,209948,3,NP,B,101,05-Nov-2022,08:48:05,-23.2702,151.6999,,401677713,-137,6,0,05-Nov-2022,08:48:50,-23.2702,151.6999,88,1727,2736,1089,61,,,98,136,0,,,,,,,,,,,,,,,,,,,,,,,,,,,,,
7495,209948,3,MC,B,102,05-Nov-2022,11:54:13,-23.2792,151.6913,,401677704,-119,8,0,05-Nov-2022,11:54:14,-23.2792,151.6913,,6261,7057,5554,87,,,79,3,5,,,,,,,,,,,,,,,,,,,,,,,,,,,,,
7495,209948,3,NN,B,103,05-Nov-2022,11:54:13,-23.2772,151.6930,,401677708,-135,,0,05-Nov-2022,11:54:14,-23.2772,151.6930,,1893,2050,1746,86,,,79,3,5,,,,,,,,,,,,,,,,,,,,,,,,,,,,,
7495,209948,3,SR,B,104,05-Nov-2022,19:10:40,-23.2875,151.6865,,401677718,-137,8,0,05-Nov-2022,19:10:40,-23.2875,151.6865,,3196,3618,2822,135,,,27,143,28,,,,,,,,,,,,,,,,,,,,,,,,,,,,,
7495,209948,3,NK,B,105,05-Nov-2022,19:50:33,-23.2942,151.6965,,401677725,-130,7,0,05-Nov-2022,19:50:01,-23.2942,151.6965,64,2209,12907,378,120,,,76,12,5,,,,,,,,,,,,,,,,,,,,,,,,,,,,,
7495,209948,3,NK,B,105,05-Nov-2022,19:50:33,-23.2942,151.6965,,401677725,-130,7,0,05-Nov-2022,19:51:05,-23.2942,151.6965,64,2209,12907,378,120,,,98,136,0,,,,,,,,,,,,,,,,,,,,,,,,,,,,,
7495,209948,3,MB,B,106,05-Nov-2022,22:07:43,-23.3160,151.6885,,401677729,-132,8,0,05-Nov-2022,22:07:35,-23.3160,151.6885,16,2809,6914,1141,97,,,87,206,9,,,,,,,,,,,,,,,,,,,,,,,,,,,,,
7495,209948,23,MB,B,106,05-Nov-2022,22:07:43,-23.3160,151.6885,,401677729,-132,8,0,05-Nov-2022,22:07:51,-23.3160,151.6885,16,2809,6914,1141,97,,,77,130,37,142,193,145,109,11,109,197,245,57,193,154,118,241,1,255,3,40,190,255,60,,,,,,,,,
7495,209948,3,MC,0,107,05-Nov-2022,22:57:09,-23.3789,151.7119,,401677712,-127,48,0,05-Nov-2022,22:56:23,-23.3789,151.7119,104,16000,60851,4206,90,,,27,143,28,,,,,,,,,,,,,,,,,,,,,,,,,,,,,
7495,209948,3,MC,0,107,05-Nov-2022,22:57:09,-23.3789,151.7119,,401677712,-127,48,0,05-Nov-2022,22:56:53,-23.3789,151.7119,104,16000,60851,4206,90,,,76,12,5,,,,,,,,,,,,,,,,,,,,,,,,,,,,,
7495,209948,3,MC,0,107,05-Nov-2022,22:57:09,-23.3789,151.7119,,401677712,-127,48,0,05-Nov-2022,22:57:12,-23.3789,151.7119,104,16000,60851,4206,90,,,92,220,100,,,,,,,,,,,,,,,,,,,,,,,,,,,,,
7495,209948,3,MC,0,107,05-Nov-2022,22:57:09,-23.3789,151.7119,,401677712,-127,48,0,05-Nov-2022,22:58:07,-23.3789,151.7119,104,16000,60851,4206,90,,,107,133,0,,,,,,,,,,,,,,,,,,,,,,,,,,,,,
7495,209948,3,SR,B,108,06-Nov-2022,07:56:13,-23.6170,151.7821,Lat > 4 deviations from mean,401677703,-140,8,0,06-Nov-2022,07:56:13,-23.6170,151.7821,,14944,21439,10415,92,,,15,1,16,,,,,,,,,,,,,,,,,,,,,,,,,,,,,
7495,209948,3,NP,B,109,06-Nov-2022,21:32:46,-23.5050,151.7109,,401677656,-129,,0,06-Nov-2022,21:32:46,-23.5050,151.7109,,15264,24344,9570,73,,,103,137,0,,,,,,,,,,,,,,,,,,,,,,,,,,,,,
7495,209948,3,NN,B,110,07-Nov-2022,13:01:13,-23.3853,151.6674,,401677687,-129,,0,07-Nov-2022,13:01:14,-23.3853,151.6674,,17478,38173,8002,45,,,14,51,215,,,,,,,,,,,,,,,,,,,,,,,,,,,,,
7495,209948,23,SR,B,111,07-Nov-2022,19:49:19,-23.3708,151.7826,,401677725,-129,8,0,07-Nov-2022,19:48:54,-23.3708,151.7826,52,3297,20883,520,94,,,82,48,165,253,40,150,250,144,67,207,50,220,150,20,102,18,1,116,28,207,193,127,192,,,,,,,,,
7495,209948,3,SR,B,111,07-Nov-2022,19:49:19,-23.3708,151.7826,,401677725,-129,8,0,07-Nov-2022,19:49:46,-23.3708,151.7826,52,3297,20883,520,94,,,98,136,0,,,,,,,,,,,,,,,,,,,,,,,,,,,,,
7495,209948,3,NN,B,112,08-Nov-2022,00:21:31,-23.3628,151.8915,,401677703,-127,8,0,08-Nov-2022,00:21:32,-23.3628,151.8915,,3370,13970,812,104,,,27,143,28,,,,,,,,,,,,,,,,,,,,,,,,,,,,,
7495,209948,3,MC,B,113,08-Nov-2022,10:44:29,-23.4108,151.9899,,401677709,-129,8,0,08-Nov-2022,10:44:29,-23.4108,151.9899,,5362,14054,2045,111,,,103,137,0,,,,,,,,,,,,,,,,,,,,,,,,,,,,,
7495,209948,3,NK,B,114,08-Nov-2022,10:44:29,-23.3068,151.7894,,401677724,-128,,0,08-Nov-2022,10:44:29,-23.3068,151.7894,,2804,3202,2455,175,,,103,137,0,,,,,,,,,,,,,,,,,,,,,,,,,,,,,
7495,209948,3,SR,B,115,08-Nov-2022,19:23:28,-23.2265,151.7503,,401677735,-122,8,0,08-Nov-2022,19:23:29,-23.2265,151.7503,,3415,5189,2246,67,,,15,1,16,,,,,,,,,,,,,,,,,,,,,,,,,,,,,
7495,209948,3,SR,B,116,09-Nov-2022,06:26:29,-23.1961,151.7519,,401677719,-126,8,0,09-Nov-2022,06:26:30,-23.1961,151.7519,,4965,12975,1900,68,,,64,0,5,,,,,,,,,,,,,,,,,,,,,,,,,,,,,
7495,209948,31,NN,B,117,09-Nov-2022,10:56:29,-23.2002,151.8297,,401677712,-137,8,0,09-Nov-2022,10:56:30,-23.2002,151.8297,,5666,19299,1663,91,,,32,173,0,32,0,128,0,0,0,255,0,0,0,0,0,149,172,224,0,0,0,0,0,1,255,0,0,0,0,0,91,
7495,209948,3,MC,B,118,09-Nov-2022,23:17:34,-23.2126,151.7475,,401677730,-121,,0,09-Nov-2022,23:17:34,-23.2126,151.7475,,4752,10439,2163,120,,,15,1,16,,,,,,,,,,,,,,,,,,,,,,,,,,,,,
7495,209948,3,NP,B,119,10-Nov-2022,11:08:48,-23.1544,151.7611,,401677722,-130,8,0,10-Nov-2022,11:08:11,-23.1544,151.7611,76,3889,56463,267,66,,,93,130,10,,,,,,,,,,,,,,,,,,,,,,,,,,,,,
7495,209948,3,NP,B,119,10-Nov-2022,11:08:48,-23.1544,151.7611,,401677722,-130,8,0,10-Nov-2022,11:09:27,-23.1544,151.7611,76,3889,56463,267,66,,,98,136,0,,,,,,,,,,,,,,,,,,,,,,,,,,,,,
7495,209948,3,SR,0,120,10-Nov-2022,19:57:19,-22.9991,151.8049,,401677714,-122,58,0,10-Nov-2022,19:55:04,-22.9991,151.8049,260,6368,488601,83,78,,,107,133,0,,,,,,,,,,,,,,,,,,,,,,,,,,,,,
7495,209948,3,SR,0,120,10-Nov-2022,19:57:19,-22.9991,151.8049,,401677714,-122,58,1,10-Nov-2022,19:58:28,-22.9991,151.8049,260,6368,488601,83,78,,,15,1,16,,,,,,,,,,,,,,,,,,,,,,,,,,,,,
7495,209948,3,SR,0,120,10-Nov-2022,19:57:19,-22.9991,151.8049,,401677714,-122,58,1,10-Nov-2022,19:58:53,-22.9991,151.8049,260,6368,488601,83,78,,,27,143,28,,,,,,,,,,,,,,,,,,,,,,,,,,,,,
7495,209948,3,SR,0,120,10-Nov-2022,19:57:19,-22.9991,151.8049,,401677714,-122,58,0,10-Nov-2022,19:59:24,-22.9991,151.8049,260,6368,488601,83,78,,,80,171,10,,,,,,,,,,,,,,,,,,,,,,,,,,,,,
7495,209948,3,NK,1,121,10-Nov-2022,21:04:17,-22.9903,151.7598,,401677716,-123,58,0,10-Nov-2022,21:00:22,-22.9903,151.7598,477,1317,42409,40,103,,,74,252,4,,,,,,,,,,,,,,,,,,,,,,,,,,,,,
7495,209948,3,NK,1,121,10-Nov-2022,21:04:17,-22.9903,151.7598,,401677716,-123,58,0,10-Nov-2022,21:00:50,-22.9903,151.7598,477,1317,42409,40,103,,,85,229,10,,,,,,,,,,,,,,,,,,,,,,,,,,,,,
7495,209948,3,NK,1,121,10-Nov-2022,21:04:17,-22.9903,151.7598,,401677716,-123,58,0,10-Nov-2022,21:06:00,-22.9903,151.7598,477,1317,42409,40,103,,,98,136,0,,,,,,,,,,,,,,,,,,,,,,,,,,,,,
7495,209948,3,NK,1,121,10-Nov-2022,21:04:17,-22.9903,151.7598,,401677716,-123,58,1,10-Nov-2022,21:06:17,-22.9903,151.7598,477,1317,42409,40,103,,,15,1,16,,,,,,,,,,,,,,,,,,,,,,,,,,,,,
7495,209948,3,NK,1,121,10-Nov-2022,21:04:17,-22.9903,151.7598,,401677716,-123,58,1,10-Nov-2022,21:07:08,-22.9903,151.7598,477,1317,42409,40,103,,,27,143,28,,,,,,,,,,,,,,,,,,,,,,,,,,,,,
7495,209948,3,NK,1,121,10-Nov-2022,21:04:17,-22.9903,151.7598,,401677716,-123,58,0,10-Nov-2022,21:08:19,-22.9903,151.7598,477,1317,42409,40,103,,,65,251,4,,,,,,,,,,,,,,,,,,,,,,,,,,,,,
7495,209948,23,MB,B,122,10-Nov-2022,23:52:34,-22.9322,151.7032,,401677715,-134,6,0,10-Nov-2022,23:51:21,-22.9322,151.7032,148,2492,15898,390,71,,,81,240,165,253,40,150,250,144,69,95,92,86,22,21,247,18,1,99,28,207,241,127,192,,,,,,,,,
7495,209948,3,MB,B,122,10-Nov-2022,23:52:34,-22.9322,151.7032,,401677715,-134,6,0,10-Nov-2022,23:53:49,-22.9322,151.7032,148,2492,15898,390,71,,,15,1,16,,,,,,,,,,,,,,,,,,,,,,,,,,,,,
7495,209948,23,NN,B,123,10-Nov-2022,23:51:21,-22.9716,151.7344,,401677717,-137,8,0,10-Nov-2022,23:51:21,-22.9716,151.7344,,3813,4536,3204,98,,,81,240,165,253,40,150,250,144,69,95,92,86,22,21,247,18,1,99,28,207,241,127,192,,,,,,,,,
7495,209948,3,MC,B,124,11-Nov-2022,00:36:12,-22.9275,151.6954,,401677716,-128,8,0,11-Nov-2022,00:36:13,-22.9275,151.6954,,1507,3202,709,73,,,7,62,29,,,,,,,,,,,,,,,,,,,,,,,,,,,,,
7495,209948,3,SR,B,125,11-Nov-2022,08:49:25,-22.8131,151.6406,,401677728,-131,8,0,11-Nov-2022,08:49:26,-22.8131,151.6406,130,2187,20155,237,91,,,27,143,28,,,,,,,,,,,,,,,,,,,,,,,,,,,,,
7495,209948,3,SR,B,125,11-Nov-2022,08:49:25,-22.8131,151.6406,,401677728,-131,8,0,11-Nov-2022,08:51:36,-22.8131,151.6406,130,2187,20155,237,91,,,74,2,5,,,,,,,,,,,,,,,,,,,,,,,,,,,,,
7495,209948,3,MC,B,126,11-Nov-2022,11:19:42,-22.7923,151.6489,,401677721,-133,8,0,11-Nov-2022,11:19:43,-22.7923,151.6489,,3668,11341,1186,91,,,79,3,5,,,,,,,,,,,,,,,,,,,,,,,,,,,,,
7495,209948,3,A1,B,127,12-Nov-2022,07:55:23,-22.3910,151.7367,,401677697,-127,,0,12-Nov-2022,07:55:23,-22.3910,151.7367,,1984,4377,898,107,,,64,32,5,,,,,,,,,,,,,,,,,,,,,,,,,,,,,
7495,209948,3,SR,B,128,12-Nov-2022,08:13:45,-22.3983,151.7250,,401677689,-122,,0,12-Nov-2022,08:13:45,-22.3983,151.7250,,3465,9021,1331,112,,,86,52,11,,,,,,,,,,,,,,,,,,,,,,,,,,,,,
7495,209948,3,NP,B,129,12-Nov-2022,09:04:50,-22.4091,151.8311,,401677719,-130,7,0,12-Nov-2022,09:04:50,-22.4091,151.8311,,12181,178230,832,114,,,15,1,16,,,,,,,,,,,,,,,,,,,,,,,,,,,,,
7495,209948,3,NK,B,130,12-Nov-2022,09:04:50,-22.3920,151.7669,,401677701,-125,8,0,12-Nov-2022,09:04:50,-22.3920,151.7669,,4229,28152,635,102,,,15,1,16,,,,,,,,,,,,,,,,,,,,,,,,,,,,,
7495,209948,3,SR,B,131,12-Nov-2022,20:39:07,-22.2077,151.7797,,401677718,-125,8,0,12-Nov-2022,20:39:08,-22.2077,151.7797,,9599,58332,1579,106,,,27,143,28,,,,,,,,,,,,,,,,,,,,,,,,,,,,,
7495,209948,3,MC, ,132,13-Nov-2022,23:31:58,,,,401650000,-124,,0,13-Nov-2022,23:31:58,,,,,,,,,,73,45,5,,,,,,,,,,,,,,,,,,,,,,,,,,,,,
7495,209948,3,SR,B,133,14-Nov-2022,07:12:00,-21.6526,152.0029,,401677745,-127,,0,14-Nov-2022,07:09:24,-21.6526,152.0029,313,9823,323498,298,155,,,27,143,28,,,,,,,,,,,,,,,,,,,,,,,,,,,,,
7495,209948,3,SR,B,133,14-Nov-2022,07:12:00,-21.6526,152.0029,,401677745,-127,,0,14-Nov-2022,07:14:37,-21.6526,152.0029,313,9823,323498,298,155,,,66,42,5,,,,,,,,,,,,,,,,,,,,,,,,,,,,,
7495,209948,3,A1,B,134,14-Nov-2022,07:22:16,-21.7486,152.0388,,401677735,-124,6,0,14-Nov-2022,07:21:21,-21.7486,152.0388,111,2957,28912,302,129,,,87,110,11,,,,,,,,,,,,,,,,,,,,,,,,,,,,,
7495,209948,3,A1,B,134,14-Nov-2022,07:22:16,-21.7486,152.0388,,401677735,-124,6,0,14-Nov-2022,07:23:12,-21.7486,152.0388,111,2957,28912,302,129,,,103,137,0,,,,,,,,,,,,,,,,,,,,,,,,,,,,,
7495,209948,3,NK,A,135,14-Nov-2022,08:14:21,-21.7544,152.1012,,401677704,-132,8,0,14-Nov-2022,08:13:41,-21.7544,152.1012,107,2537,7100,906,178,,,68,52,5,,,,,,,,,,,,,,,,,,,,,,,,,,,,,
7495,209948,3,NK,A,135,14-Nov-2022,08:14:21,-21.7544,152.1012,,401677704,-132,8,0,14-Nov-2022,08:13:56,-21.7544,152.1012,107,2537,7100,906,178,,,94,115,11,,,,,,,,,,,,,,,,,,,,,,,,,,,,,
7495,209948,3,NK,A,135,14-Nov-2022,08:14:21,-21.7544,152.1012,,401677704,-132,8,0,14-Nov-2022,08:15:28,-21.7544,152.1012,107,2537,7100,906,178,,,98,136,0,,,,,,,,,,,,,,,,,,,,,,,,,,,,,
7495,209948,3,NP,B,136,14-Nov-2022,19:58:24,-21.6719,152.2033,,401677689,-134,8,0,14-Nov-2022,19:58:14,-21.6719,152.2033,22,10863,15837,7451,133,,,78,54,5,,,,,,,,,,,,,,,,,,,,,,,,,,,,,
7495,209948,3,NP,B,136,14-Nov-2022,19:58:24,-21.6719,152.2033,,401677689,-134,8,0,14-Nov-2022,19:58:36,-21.6719,152.2033,22,10863,15837,7451,133,,,92,136,11,,,,,,,,,,,,,,,,,,,,,,,,,,,,,
7495,209948,3,NN,B,137,14-Nov-2022,22:57:48,-21.6404,152.2588,,401677686,-126,8,0,14-Nov-2022,22:57:48,-21.6404,152.2588,,10129,16326,6284,131,,,98,136,0,,,,,,,,,,,,,,,,,,,,,,,,,,,,,
7495,209948,3,SR,B,138,15-Nov-2022,06:46:22,-21.6070,152.2044,,401677729,-132,8,0,15-Nov-2022,06:46:22,-21.6070,152.2044,,20314,24858,16600,94,,,73,61,5,,,,,,,,,,,,,,,,,,,,,,,,,,,,,
7495,209948,3,A1,B,139,15-Nov-2022,07:11:17,-21.6090,152.1966,,401677717,-142,6,0,15-Nov-2022,07:11:17,-21.6090,152.1966,,18745,28396,12374,47,,,92,156,11,,,,,,,,,,,,,,,,,,,,,,,,,,,,,
7495,209948,3,SR,B,140,15-Nov-2022,08:15:35,-21.6016,152.2063,,401677717,-133,8,0,15-Nov-2022,08:15:36,-21.6016,152.2063,,5039,6293,4033,46,,,93,226,11,,,,,,,,,,,,,,,,,,,,,,,,,,,,,
7495,209948,3,SR,B,141,15-Nov-2022,19:10:08,-21.5229,152.1873,,401677756,-139,8,0,15-Nov-2022,19:10:09,-21.5229,152.1873,,5767,7639,4353,63,,,103,201,0,,,,,,,,,,,,,,,,,,,,,,,,,,,,,
7495,209948,3,NK,B,142,15-Nov-2022,20:32:29,-21.5586,151.9859,,401677693,-137,8,0,15-Nov-2022,20:32:30,-21.5586,151.9859,,50340,189558,13368,37,,,27,143,28,,,,,,,,,,,,,,,,,,,,,,,,,,,,,
7495,209948,3,SR,0,143,16-Nov-2022,07:48:43,-21.3684,151.8854,,401677728,-120,48,0,16-Nov-2022,07:48:21,-21.3684,151.8854,367,3334,18223,610,122,,,74,50,5,,,,,,,,,,,,,,,,,,,,,,,,,,,,,
7495,209948,3,SR,0,143,16-Nov-2022,07:48:43,-21.3684,151.8854,,401677728,-120,48,0,16-Nov-2022,07:49:06,-21.3684,151.8854,367,3334,18223,610,122,,,82,241,11,,,,,,,,,,,,,,,,,,,,,,,,,,,,,
7495,209948,3,SR,0,143,16-Nov-2022,07:48:43,-21.3684,151.8854,,401677728,-120,48,0,16-Nov-2022,07:53:30,-21.3684,151.8854,367,3334,18223,610,122,,,107,133,0,,,,,,,,,,,,,,,,,,,,,,,,,,,,,
7495,209948,3,SR,0,143,16-Nov-2022,07:48:43,-21.3684,151.8854,,401677728,-120,48,0,16-Nov-2022,07:54:28,-21.3684,151.8854,367,3334,18223,610,122,,,27,143,28,,,,,,,,,,,,,,,,,,,,,,,,,,,,,
7495,209948,3,MC,B,144,16-Nov-2022,11:20:12,-21.3774,151.7567,,401677730,-121,8,0,16-Nov-2022,11:20:13,-21.3774,151.7567,,22508,25010,20255,100,,,15,1,16,,,,,,,,,,,,,,,,,,,,,,,,,,,,,
7495,209948,3,NN,B,145,16-Nov-2022,11:20:12,-21.3976,151.7620,,401677686,-132,8,0,16-Nov-2022,11:20:13,-21.3976,151.7620,,21515,25218,18354,64,,,15,1,16,,,,,,,,,,,,,,,,,,,,,,,,,,,,,
7495,209948,3,A1,B,146,16-Nov-2022,20:00:19,-21.4009,152.0178,,401677698,-129,8,0,16-Nov-2022,20:00:12,-21.4009,152.0178,15,8785,22559,3420,43,,,92,62,254,,,,,,,,,,,,,,,,,,,,,,,,,,,,,
7495,209948,3,A1,B,146,16-Nov-2022,20:00:19,-21.4009,152.0178,,401677698,-129,8,0,16-Nov-2022,20:00:27,-21.4009,152.0178,15,8785,22559,3420,43,,,103,137,0,,,,,,,,,,,,,,,,,,,,,,,,,,,,,
7495,209948,3,SR,0,147,17-Nov-2022,07:24:24,-21.4071,152.0287,,401677700,-129,58,0,17-Nov-2022,07:23:23,-21.4071,152.0287,136,5986,40786,878,133,,,67,63,5,,,,,,,,,,,,,,,,,,,,,,,,,,,,,
7495,209948,31,SR,0,147,17-Nov-2022,07:24:24,-21.4071,152.0287,,401677700,-129,58,0,17-Nov-2022,07:23:40,-21.4071,152.0287,136,5986,40786,878,133,,,32,174,0,0,0,0,0,0,0,0,255,6,0,0,0,95,173,224,0,0,0,0,0,0,0,255,52,0,0,0,6,
7495,209948,3,SR,0,147,17-Nov-2022,07:24:24,-21.4071,152.0287,,401677700,-129,58,0,17-Nov-2022,07:23:57,-21.4071,152.0287,136,5986,40786,878,133,,,80,55,12,,,,,,,,,,,,,,,,,,,,,,,,,,,,,
7495,209948,3,SR,0,147,17-Nov-2022,07:24:24,-21.4071,152.0287,,401677700,-129,58,0,17-Nov-2022,07:24:31,-21.4071,152.0287,136,5986,40786,878,133,,,98,136,0,,,,,,,,,,,,,,,,,,,,,,,,,,,,,
7495,209948,3,SR,0,147,17-Nov-2022,07:24:24,-21.4071,152.0287,,401677700,-129,58,0,17-Nov-2022,07:25:17,-21.4071,152.0287,136,5986,40786,878,133,,,27,175,28,,,,,,,,,,,,,,,,,,,,,,,,,,,,,
7495,209948,3,SR,0,147,17-Nov-2022,07:24:24,-21.4071,152.0287,,401677700,-129,58,0,17-Nov-2022,07:25:39,-21.4071,152.0287,136,5986,40786,878,133,,,221,67,38,,,,,,,,,,,,,,,,,,,,,,,,,,,,,
7495,209948,3,NK,B,148,17-Nov-2022,08:38:11,-21.5033,152.0892,,401677683,-127,8,0,17-Nov-2022,08:38:12,-21.5033,152.0892,,4322,10884,1716,122,,,27,143,28,,,,,,,,,,,,,,,,,,,,,,,,,,,,,
7495,209948,31,SR,B,149,17-Nov-2022,19:39:14,-21.7548,152.1379,,401677712,-123,8,0,17-Nov-2022,19:39:14,-21.7548,152.1379,,6565,10976,3926,121,,,32,174,0,0,0,0,0,0,1,1,91,193,127,137,157,107,190,24,89,235,192,139,128,205,226,50,169,164,105,115,199,
7495,209948,31,A1,B,150,18-Nov-2022,06:13:52,-21.9557,152.1475,,401677688,-133,8,0,18-Nov-2022,06:13:44,-21.9557,152.1475,17,2581,6866,969,117,,,32,174,0,0,0,0,0,0,0,0,255,6,0,0,0,95,173,226,1,34,1,20,159,123,255,0,199,255,255,255,253,
7495,209948,3,A1,B,150,18-Nov-2022,06:13:52,-21.9557,152.1475,,401677688,-133,8,0,18-Nov-2022,06:14:01,-21.9557,152.1475,17,2581,6866,969,117,,,100,134,0,,,,,,,,,,,,,,,,,,,,,,,,,,,,,
7495,209948,3,A1,A,151,18-Nov-2022,07:51:01,-21.9403,152.0248,,401677705,-123,8,0,18-Nov-2022,07:48:06,-21.9403,152.0248,349,142,217,93,153,,,72,56,5,,,,,,,,,,,,,,,,,,,,,,,,,,,,,
7495,209948,3,A1,A,151,18-Nov-2022,07:51:01,-21.9403,152.0248,,401677705,-123,8,0,18-Nov-2022,07:51:04,-21.9403,152.0248,349,142,217,93,153,,,95,91,12,,,,,,,,,,,,,,,,,,,,,,,,,,,,,
7495,209948,3,A1,A,151,18-Nov-2022,07:51:01,-21.9403,152.0248,,401677705,-123,8,0,18-Nov-2022,07:53:55,-21.9403,152.0248,349,142,217,93,153,,,15,1,16,,,,,,,,,,,,,,,,,,,,,,,,,,,,,
7495,209948,3,SR,3,152,18-Nov-2022,08:23:15,-21.9420,152.0067,,401677707,-126,58,0,18-Nov-2022,08:23:15,-21.9420,152.0067,354,219,517,92,50,,,88,96,12,,,,,,,,,,,,,,,,,,,,,,,,,,,,,
7495,209948,3,SR,3,152,18-Nov-2022,08:23:15,-21.9420,152.0067,,401677707,-126,58,0,18-Nov-2022,08:24:45,-21.9420,152.0067,354,219,517,92,50,,,98,136,0,,,,,,,,,,,,,,,,,,,,,,,,,,,,,
7495,209948,3,SR,3,152,18-Nov-2022,08:23:15,-21.9420,152.0067,,401677707,-126,58,0,18-Nov-2022,08:27:36,-21.9420,152.0067,354,219,517,92,50,,,15,1,16,,,,,,,,,,,,,,,,,,,,,,,,,,,,,
7495,209948,3,SR,3,152,18-Nov-2022,08:23:15,-21.9420,152.0067,,401677707,-126,58,0,18-Nov-2022,08:29:09,-21.9420,152.0067,354,219,517,92,50,,,27,143,28,,,,,,,,,,,,,,,,,,,,,,,,,,,,,
7495,209948,3,NK,A,153,18-Nov-2022,09:48:08,-21.9346,152.0091,,401677709,-124,8,0,18-Nov-2022,09:46:35,-21.9346,152.0091,168,3000,10879,827,47,,,100,134,0,,,,,,,,,,,,,,,,,,,,,,,,,,,,,
7495,209948,3,NK,A,153,18-Nov-2022,09:48:08,-21.9346,152.0091,,401677709,-124,8,0,18-Nov-2022,09:48:29,-21.9346,152.0091,168,3000,10879,827,47,,,143,179,208,,,,,,,,,,,,,,,,,,,,,,,,,,,,,
7495,209948,3,NK,A,153,18-Nov-2022,09:48:08,-21.9346,152.0091,,401677709,-124,8,0,18-Nov-2022,09:49:23,-21.9346,152.0091,168,3000,10879,827,47,,,27,143,28,,,,,,,,,,,,,,,,,,,,,,,,,,,,,
7495,209948,3,SR,B,154,19-Nov-2022,07:50:31,-22.1560,151.6289,,401677679,-125,,0,19-Nov-2022,07:50:31,-22.1560,151.6289,250,15233,786618,295,116,,,15,1,16,,,,,,,,,,,,,,,,,,,,,,,,,,,,,
7495,209948,3,SR,B,154,19-Nov-2022,07:50:31,-22.1560,151.6289,,401677679,-125,,0,19-Nov-2022,07:54:41,-22.1560,151.6289,250,15233,786618,295,116,,,27,143,28,,,,,,,,,,,,,,,,,,,,,,,,,,,,,
7495,209948,3,NK,B,155,19-Nov-2022,09:34:36,-22.1810,151.6033,,401677697,-137,8,0,19-Nov-2022,09:34:37,-22.1810,151.6033,,13317,49098,3612,116,,,27,143,28,,,,,,,,,,,,,,,,,,,,,,,,,,,,,
7495,209948,3,MC,0,156,19-Nov-2022,10:17:36,-22.4093,151.8521,,401677737,-124,60,0,19-Nov-2022,10:16:29,-13.4810,-161.5793,152,4615,105002,202,76,,,15,1,16,,,,,,,,,,,,,,,,,,,,,,,,,,,,,
7495,209948,3,MC,0,156,19-Nov-2022,10:17:36,-22.4093,151.8521,,401677737,-124,60,0,19-Nov-2022,10:16:46,-13.4810,-161.5793,152,4615,105002,202,76,,,27,143,28,,,,,,,,,,,,,,,,,,,,,,,,,,,,,
7495,209948,3,MC,0,156,19-Nov-2022,10:17:36,-22.4093,151.8521,,401677737,-124,60,0,19-Nov-2022,10:17:04,-13.4810,-161.5793,152,4615,105002,202,76,,,66,42,5,,,,,,,,,,,,,,,,,,,,,,,,,,,,,
7495,209948,3,MC,0,156,19-Nov-2022,10:17:36,-22.4093,151.8521,,401677737,-124,60,0,19-Nov-2022,10:18:43,-13.4810,-161.5793,152,4615,105002,202,76,,,80,185,12,,,,,,,,,,,,,,,,,,,,,,,,,,,,,
7495,209948,3,MC,0,156,19-Nov-2022,10:17:36,-22.4093,151.8521,,401677737,-124,60,0,19-Nov-2022,10:19:01,-13.4810,-161.5793,152,4615,105002,202,76,,,97,135,0,,,,,,,,,,,,,,,,,,,,,,,,,,,,,
7495,209948,3,SR,3,157,19-Nov-2022,20:19:45,-22.5735,151.9418,,401677711,-124,51,0,19-Nov-2022,20:13:22,-22.5735,151.9418,544,164,383,70,77,,,74,96,71,,,,,,,,,,,,,,,,,,,,,,,,,,,,,
7495,209948,3,SR,3,157,19-Nov-2022,20:19:45,-22.5735,151.9418,,401677711,-124,51,0,19-Nov-2022,20:13:48,-22.5735,151.9418,544,164,383,70,77,,,83,217,12,,,,,,,,,,,,,,,,,,,,,,,,,,,,,
7495,209948,3,SR,3,157,19-Nov-2022,20:19:45,-22.5735,151.9418,,401677711,-124,51,0,19-Nov-2022,20:14:12,-22.5735,151.9418,544,164,383,70,77,,,103,137,0,,,,,,,,,,,,,,,,,,,,,,,,,,,,,
7495,209948,3,SR,3,157,19-Nov-2022,20:19:45,-22.5735,151.9418,,401677711,-124,51,0,19-Nov-2022,20:15:47,-22.5735,151.9418,544,164,383,70,77,,,88,222,12,,,,,,,,,,,,,,,,,,,,,,,,,,,,,
7495,209948,3,SR,3,157,19-Nov-2022,20:19:45,-22.5735,151.9418,,401677711,-124,51,0,19-Nov-2022,20:17:48,-22.5735,151.9418,544,164,383,70,77,,,81,227,12,,,,,,,,,,,,,,,,,,,,,,,,,,,,,
7495,209948,3,SR,3,157,19-Nov-2022,20:19:45,-22.5735,151.9418,,401677711,-124,51,1,19-Nov-2022,20:18:06,-22.5735,151.9418,544,164,383,70,77,,,97,135,0,,,,,,,,,,,,,,,,,,,,,,,,,,,,,
7495,209948,3,SR,3,157,19-Nov-2022,20:19:45,-22.5735,151.9418,,401677711,-124,51,0,19-Nov-2022,20:18:32,-22.5735,151.9418,544,164,383,70,77,,,15,1,81,,,,,,,,,,,,,,,,,,,,,,,,,,,,,
7495,209948,3,SR,3,157,19-Nov-2022,20:19:45,-22.5735,151.9418,,401677711,-124,51,1,19-Nov-2022,20:19:19,-22.5735,151.9418,544,164,383,70,77,,,78,38,5,,,,,,,,,,,,,,,,,,,,,,,,,,,,,
7495,209948,3,SR,3,157,19-Nov-2022,20:19:45,-22.5735,151.9418,,401677711,-124,51,0,19-Nov-2022,20:19:39,-22.5735,151.9418,544,164,383,70,77,,,86,232,12,,,,,,,,,,,,,,,,,,,,,,,,,,,,,
7495,209948,3,SR,3,157,19-Nov-2022,20:19:45,-22.5735,151.9418,,401677711,-124,51,0,19-Nov-2022,20:19:56,-22.5735,151.9418,544,164,383,70,77,,,100,134,0,,,,,,,,,,,,,,,,,,,,,,,,,,,,,
7495,209948,3,SR,3,157,19-Nov-2022,20:19:45,-22.5735,151.9418,,401677711,-124,51,2,19-Nov-2022,20:20:11,-22.5735,151.9418,544,164,383,70,77,,,15,1,16,,,,,,,,,,,,,,,,,,,,,,,,,,,,,
7495,209948,3,SR,3,157,19-Nov-2022,20:19:45,-22.5735,151.9418,,401677711,-124,51,3,19-Nov-2022,20:20:47,-22.5735,151.9418,544,164,383,70,77,,,27,143,28,,,,,,,,,,,,,,,,,,,,,,,,,,,,,
7495,209948,3,SR,3,157,19-Nov-2022,20:19:45,-22.5735,151.9418,,401677711,-124,51,0,19-Nov-2022,20:21:22,-22.5735,151.9418,544,164,383,70,77,,,75,39,5,,,,,,,,,,,,,,,,,,,,,,,,,,,,,
7495,209948,3,SR,3,157,19-Nov-2022,20:19:45,-22.5735,151.9418,,401677711,-124,51,0,19-Nov-2022,20:21:50,-22.5735,151.9418,544,164,383,70,77,,,87,237,12,,,,,,,,,,,,,,,,,,,,,,,,,,,,,
7495,209948,3,SR,3,157,19-Nov-2022,20:19:45,-22.5735,151.9418,,401677711,-124,51,0,19-Nov-2022,20:22:11,-22.5735,151.9418,544,164,383,70,77,,,98,136,0,,,,,,,,,,,,,,,,,,,,,,,,,,,,,
7495,209948,23,SR,3,157,19-Nov-2022,20:19:45,-22.5735,151.9418,,401677711,-124,51,0,19-Nov-2022,20:22:26,-22.5735,151.9418,544,164,383,70,77,,,93,80,165,253,40,150,250,144,73,209,149,212,150,25,223,16,1,250,27,210,129,127,192,,,,,,,,,
7495,209948,3,NK,B,158,19-Nov-2022,20:43:38,-22.5802,151.9450,,401677710,-129,6,0,19-Nov-2022,20:43:26,-22.5802,151.9450,25,2147,2311,1993,95,,,27,143,28,,,,,,,,,,,,,,,,,,,,,,,,,,,,,
7495,209948,3,NK,B,158,19-Nov-2022,20:43:38,-22.5802,151.9450,,401677710,-129,6,0,19-Nov-2022,20:43:51,-22.5802,151.9450,25,2147,2311,1993,95,,,78,38,5,,,,,,,,,,,,,,,,,,,,,,,,,,,,,
7495,209948,3,A1,1,159,19-Nov-2022,20:45:10,-22.5831,151.9497,,401677714,-128,56,0,19-Nov-2022,20:43:51,-22.5831,151.9497,130,828,4008,171,98,,,78,38,5,,,,,,,,,,,,,,,,,,,,,,,,,,,,,
7495,209948,3,A1,1,159,19-Nov-2022,20:45:10,-22.5831,151.9497,,401677714,-128,56,0,19-Nov-2022,20:44:48,-22.5831,151.9497,130,828,4008,171,98,,,81,243,12,,,,,,,,,,,,,,,,,,,,,,,,,,,,,
7495,209948,3,A1,1,159,19-Nov-2022,20:45:10,-22.5831,151.9497,,401677714,-128,56,0,19-Nov-2022,20:45:06,-22.5831,151.9497,130,828,4008,171,98,,,98,136,0,,,,,,,,,,,,,,,,,,,,,,,,,,,,,
7495,209948,3,A1,1,159,19-Nov-2022,20:45:10,-22.5831,151.9497,,401677714,-128,56,0,19-Nov-2022,20:45:29,-22.5831,151.9497,130,828,4008,171,98,,,15,1,16,,,,,,,,,,,,,,,,,,,,,,,,,,,,,
7495,209948,3,A1,1,159,19-Nov-2022,20:45:10,-22.5831,151.9497,,401677714,-128,56,0,19-Nov-2022,20:45:46,-22.5831,151.9497,130,828,4008,171,98,,,27,143,28,,,,,,,,,,,,,,,,,,,,,,,,,,,,,
7495,209948,3,A1,1,159,19-Nov-2022,20:45:10,-22.5831,151.9497,,401677714,-128,56,0,19-Nov-2022,20:46:01,-22.5831,151.9497,130,828,4008,171,98,,,75,39,5,,,,,,,,,,,,,,,,,,,,,,,,,,,,,
7495,209948,3,NP,1,160,19-Nov-2022,20:44:55,-22.5829,151.9467,,401677711,-127,56,0,19-Nov-2022,20:43:51,-22.5829,151.9467,130,1422,6058,333,104,,,78,38,5,,,,,,,,,,,,,,,,,,,,,,,,,,,,,
7495,209948,3,NP,1,160,19-Nov-2022,20:44:55,-22.5829,151.9467,,401677711,-127,56,0,19-Nov-2022,20:44:48,-22.5829,151.9467,130,1422,6058,333,104,,,81,243,12,,,,,,,,,,,,,,,,,,,,,,,,,,,,,
7495,209948,3,NP,1,160,19-Nov-2022,20:44:55,-22.5829,151.9467,,401677711,-127,56,0,19-Nov-2022,20:45:06,-22.5829,151.9467,130,1422,6058,333,104,,,98,136,0,,,,,,,,,,,,,,,,,,,,,,,,,,,,,
7495,209948,3,NP,1,160,19-Nov-2022,20:44:55,-22.5829,151.9467,,401677711,-127,56,0,19-Nov-2022,20:45:29,-22.5829,151.9467,130,1422,6058,333,104,,,15,1,16,,,,,,,,,,,,,,,,,,,,,,,,,,,,,
7495,209948,3,NP,1,160,19-Nov-2022,20:44:55,-22.5829,151.9467,,401677711,-127,56,1,19-Nov-2022,20:45:46,-22.5829,151.9467,130,1422,6058,333,104,,,27,143,28,,,,,,,,,,,,,,,,,,,,,,,,,,,,,
7495,209948,3,NP,1,160,19-Nov-2022,20:44:55,-22.5829,151.9467,,401677711,-127,56,0,19-Nov-2022,20:46:01,-22.5829,151.9467,130,1422,6058,333,104,,,75,39,5,,,,,,,,,,,,,,,,,,,,,,,,,,,,,
7495,209948,3,MC,B,161,19-Nov-2022,21:31:14,-22.5798,151.9557,,401677716,-133,8,0,19-Nov-2022,21:31:00,-22.5798,151.9557,29,1896,2360,1523,110,,,87,253,12,,,,,,,,,,,,,,,,,,,,,,,,,,,,,
7495,209948,3,MC,B,161,19-Nov-2022,21:31:14,-22.5798,151.9557,,401677716,-133,8,0,19-Nov-2022,21:31:29,-22.5798,151.9557,29,1896,2360,1523,110,,,103,137,0,,,,,,,,,,,,,,,,,,,,,,,,,,,,,
7495,209948,3,SR,B,162,19-Nov-2022,21:55:39,-22.6024,151.9603,,401677713,-139,8,0,19-Nov-2022,21:55:39,-22.6024,151.9603,,2515,2959,2138,89,,,97,135,8,,,,,,,,,,,,,,,,,,,,,,,,,,,,,
7495,209948,3,NN,B,163,20-Nov-2022,01:22:15,-22.6567,151.9913,,401677717,-135,8,0,20-Nov-2022,01:22:16,-22.6567,151.9913,,4022,4750,3405,67,,,27,143,28,,,,,,,,,,,,,,,,,,,,,,,,,,,,,
7495,209948,3,SR,B,164,20-Nov-2022,07:32:06,-22.7518,152.0462,,401677713,-132,8,0,20-Nov-2022,07:32:06,-22.7518,152.0462,,4863,5236,4517,151,,,70,30,5,,,,,,,,,,,,,,,,,,,,,,,,,,,,,
7495,209948,3,NK,3,165,20-Nov-2022,09:00:23,-22.8534,151.9342,,401677709,-124,58,0,20-Nov-2022,08:55:27,-22.8534,151.9342,576,211,312,143,73,,,27,143,28,,,,,,,,,,,,,,,,,,,,,,,,,,,,,
7495,209948,3,NK,3,165,20-Nov-2022,09:00:23,-22.8534,151.9342,,401677709,-124,58,0,20-Nov-2022,08:56:16,-22.8534,151.9342,576,211,312,143,73,,,77,25,5,,,,,,,,,,,,,,,,,,,,,,,,,,,,,
7495,209948,3,NK,3,165,20-Nov-2022,09:00:23,-22.8534,151.9342,,401677709,-124,58,0,20-Nov-2022,08:59:35,-22.8534,151.9342,576,211,312,143,73,,,89,122,13,,,,,,,,,,,,,,,,,,,,,,,,,,,,,
7495,209948,3,NK,3,165,20-Nov-2022,09:00:23,-22.8534,151.9342,,401677709,-124,58,0,20-Nov-2022,09:01:38,-22.8534,151.9342,576,211,312,143,73,,,15,1,16,,,,,,,,,,,,,,,,,,,,,,,,,,,,,
7495,209948,3,NK,3,165,20-Nov-2022,09:00:23,-22.8534,151.9342,,401677709,-124,58,0,20-Nov-2022,09:04:23,-22.8534,151.9342,576,211,312,143,73,,,76,28,5,,,,,,,,,,,,,,,,,,,,,,,,,,,,,
7495,209948,3,NK,3,165,20-Nov-2022,09:00:23,-22.8534,151.9342,,401677709,-124,58,0,20-Nov-2022,09:05:03,-22.8534,151.9342,576,211,312,143,73,,,88,127,10,,,,,,,,,,,,,,,,,,,,,,,,,,,,,
7495,209948,3,SR,A,166,20-Nov-2022,09:08:58,-22.8647,151.9393,,401677707,-134,,0,20-Nov-2022,09:04:23,-22.8647,151.9393,276,1272,9257,174,145,,,76,28,5,,,,,,,,,,,,,,,,,,,,,,,,,,,,,
7495,209948,3,SR,A,166,20-Nov-2022,09:08:58,-22.8647,151.9393,,401677707,-134,,0,20-Nov-2022,09:05:03,-22.8647,151.9393,276,1272,9257,174,145,,,88,127,145,,,,,,,,,,,,,,,,,,,,,,,,,,,,,
7495,209948,3,SR,A,166,20-Nov-2022,09:08:58,-22.8647,151.9393,,401677707,-134,,0,20-Nov-2022,09:08:59,-22.8647,151.9393,276,1272,9257,174,145,,,15,1,16,,,,,,,,,,,,,,,,,,,,,,,,,,,,,
7495,209948,3,NP,B,167,20-Nov-2022,09:08:58,-22.8820,152.0640,,401677693,-127,8,0,20-Nov-2022,09:08:59,-22.8820,152.0640,,6889,17052,2782,136,,,15,1,16,,,,,,,,,,,,,,,,,,,,,,,,,,,,,
7495,209948,3,MC,0,168,20-Nov-2022,09:59:16,-22.8855,151.9281,,401677710,-129,58,0,20-Nov-2022,09:59:09,-22.8855,151.9281,226,3161,17573,568,158,,,27,143,28,,,,,,,,,,,,,,,,,,,,,,,,,,,,,
7495,209948,3,MC,0,168,20-Nov-2022,09:59:16,-22.8855,151.9281,,401677710,-129,58,0,20-Nov-2022,09:59:25,-22.8855,151.9281,226,3161,17573,568,158,,,69,17,5,,,,,,,,,,,,,,,,,,,,,,,,,,,,,
7495,209948,3,MC,0,168,20-Nov-2022,09:59:16,-22.8855,151.9281,,401677710,-129,58,0,20-Nov-2022,10:02:18,-22.8855,151.9281,226,3161,17573,568,158,,,27,139,30,,,,,,,,,,,,,,,,,,,,,,,,,,,,,
7495,209948,3,MC,0,168,20-Nov-2022,09:59:16,-22.8855,151.9281,,401677710,-129,58,0,20-Nov-2022,10:02:55,-22.8855,151.9281,226,3161,17573,568,158,,,75,23,5,,,,,,,,,,,,,,,,,,,,,,,,,,,,,
7495,209948,3,NP,B,169,20-Nov-2022,10:51:09,-22.9326,151.9504,,401677723,-126,8,0,20-Nov-2022,10:51:09,-22.9326,151.9504,,1526,1572,1480,93,,,100,134,1,,,,,,,,,,,,,,,,,,,,,,,,,,,,,
7495,209948,23,SR,3,170,20-Nov-2022,19:46:43,-23.1005,151.9032,,401677715,-120,58,0,20-Nov-2022,19:42:09,-23.1005,151.9032,538,220,735,65,76,,,91,144,165,253,40,150,250,144,74,78,210,89,86,27,211,18,1,255,27,207,177,127,192,,,,,,,,,
7495,209948,3,SR,3,170,20-Nov-2022,19:46:43,-23.1005,151.9032,,401677715,-120,58,0,20-Nov-2022,19:43:41,-23.1005,151.9032,538,220,735,65,76,,,171,247,36,,,,,,,,,,,,,,,,,,,,,,,,,,,,,
7495,209948,3,SR,3,170,20-Nov-2022,19:46:43,-23.1005,151.9032,,401677715,-120,58,0,20-Nov-2022,19:44:04,-23.1005,151.9032,538,220,735,65,76,,,72,8,5,,,,,,,,,,,,,,,,,,,,,,,,,,,,,
7495,209948,3,SR,3,170,20-Nov-2022,19:46:43,-23.1005,151.9032,,401677715,-120,58,0,20-Nov-2022,19:44:19,-23.1005,151.9032,538,220,735,65,76,,,84,237,13,,,,,,,,,,,,,,,,,,,,,,,,,,,,,
7495,209948,3,SR,3,170,20-Nov-2022,19:46:43,-23.1005,151.9032,,401677715,-120,58,0,20-Nov-2022,19:44:47,-23.1005,151.9032,538,220,735,65,76,,,98,136,0,,,,,,,,,,,,,,,,,,,,,,,,,,,,,
7495,209948,3,SR,3,170,20-Nov-2022,19:46:43,-23.1005,151.9032,,401677715,-120,58,0,20-Nov-2022,19:45:57,-23.1005,151.9032,538,220,735,65,76,,,76,12,5,,,,,,,,,,,,,,,,,,,,,,,,,,,,,
7495,209948,3,SR,3,170,20-Nov-2022,19:46:43,-23.1005,151.9032,,401677715,-120,58,0,20-Nov-2022,19:46:12,-23.1005,151.9032,538,220,735,65,76,,,87,242,13,,,,,,,,,,,,,,,,,,,,,,,,,,,,,
7495,209948,3,SR,3,170,20-Nov-2022,19:46:43,-23.1005,151.9032,,401677715,-120,58,0,20-Nov-2022,19:46:35,-23.1005,151.9032,538,220,735,65,76,,,100,134,0,,,,,,,,,,,,,,,,,,,,,,,,,,,,,
7495,209948,3,SR,3,170,20-Nov-2022,19:46:43,-23.1005,151.9032,,401677715,-120,58,0,20-Nov-2022,19:47:28,-23.1005,151.9032,538,220,735,65,76,,,27,143,28,,,,,,,,,,,,,,,,,,,,,,,,,,,,,
7495,209948,3,SR,3,170,20-Nov-2022,19:46:43,-23.1005,151.9032,,401677715,-120,58,0,20-Nov-2022,19:47:59,-23.1005,151.9032,538,220,735,65,76,,,86,247,13,,,,,,,,,,,,,,,,,,,,,,,,,,,,,
7495,209948,3,SR,3,170,20-Nov-2022,19:46:43,-23.1005,151.9032,,401677715,-120,58,0,20-Nov-2022,19:48:16,-23.1005,151.9032,538,220,735,65,76,,,97,132,31,,,,,,,,,,,,,,,,,,,,,,,,,,,,,
7495,209948,3,SR,3,170,20-Nov-2022,19:46:43,-23.1005,151.9032,,401677715,-120,58,0,20-Nov-2022,19:49:09,-23.1005,151.9032,538,220,735,65,76,,,27,208,15,,,,,,,,,,,,,,,,,,,,,,,,,,,,,
7495,209948,3,SR,3,170,20-Nov-2022,19:46:43,-23.1005,151.9032,,401677715,-120,58,1,20-Nov-2022,19:50:07,-23.1005,151.9032,538,220,735,65,76,,,70,14,5,,,,,,,,,,,,,,,,,,,,,,,,,,,,,
7495,209948,3,SR,3,170,20-Nov-2022,19:46:43,-23.1005,151.9032,,401677715,-120,58,0,20-Nov-2022,19:50:23,-23.1005,151.9032,538,220,735,65,76,,,81,252,13,,,,,,,,,,,,,,,,,,,,,,,,,,,,,
7495,209948,3,SR,3,170,20-Nov-2022,19:46:43,-23.1005,151.9032,,401677715,-120,58,4,20-Nov-2022,19:51:07,-23.1005,151.9032,538,220,735,65,76,,,15,1,16,,,,,,,,,,,,,,,,,,,,,,,,,,,,,
7495,209948,31,NN,B,171,21-Nov-2022,01:01:10,-23.2778,151.9294,,401677713,-133,8,0,21-Nov-2022,01:01:10,-23.2778,151.9294,,9232,10298,8275,120,,,32,174,128,0,0,0,0,17,75,255,197,0,0,0,0,19,174,96,0,0,1,12,12,47,159,158,255,1,96,27,77,
7495,209948,3,SR,1,172,21-Nov-2022,08:35:11,-23.3275,151.7800,,401677694,-126,58,0,21-Nov-2022,08:31:05,-23.3275,151.7800,407,929,2113,408,169,,,27,143,28,,,,,,,,,,,,,,,,,,,,,,,,,,,,,
7495,209948,3,SR,1,172,21-Nov-2022,08:35:11,-23.3275,151.7800,,401677694,-126,58,0,21-Nov-2022,08:32:58,-23.3275,151.7800,407,929,2113,408,169,,,83,39,249,,,,,,,,,,,,,,,,,,,,,,,,,,,,,
7495,209948,3,SR,1,172,21-Nov-2022,08:35:11,-23.3275,151.7800,,401677694,-126,58,0,21-Nov-2022,08:36:48,-23.3275,151.7800,407,929,2113,408,169,,,27,143,25,,,,,,,,,,,,,,,,,,,,,,,,,,,,,
7495,209948,3,SR,1,172,21-Nov-2022,08:35:11,-23.3275,151.7800,,401677694,-126,58,0,21-Nov-2022,08:37:18,-23.3275,151.7800,407,929,2113,408,169,,,78,89,5,,,,,,,,,,,,,,,,,,,,,,,,,,,,,
7495,209948,3,SR,1,172,21-Nov-2022,08:35:11,-23.3275,151.7800,,401677694,-126,58,0,21-Nov-2022,08:37:52,-23.3275,151.7800,407,929,2113,408,169,,,90,43,14,,,,,,,,,,,,,,,,,,,,,,,,,,,,,
7495,209948,3,NK,2,173,21-Nov-2022,08:36:13,-23.3233,151.7783,,401677714,-128,56,0,21-Nov-2022,08:32:58,-23.3233,151.7783,294,388,736,204,35,,,83,98,91,,,,,,,,,,,,,,,,,,,,,,,,,,,,,
7495,209948,3,NK,2,173,21-Nov-2022,08:36:13,-23.3233,151.7783,,401677714,-128,56,0,21-Nov-2022,08:36:48,-23.3233,151.7783,294,388,736,204,35,,,27,143,54,,,,,,,,,,,,,,,,,,,,,,,,,,,,,
7495,209948,3,NK,2,173,21-Nov-2022,08:36:13,-23.3233,151.7783,,401677714,-128,56,0,21-Nov-2022,08:37:18,-23.3233,151.7783,294,388,736,204,35,,,78,89,5,,,,,,,,,,,,,,,,,,,,,,,,,,,,,
7495,209948,3,NK,2,173,21-Nov-2022,08:36:13,-23.3233,151.7783,,401677714,-128,56,0,21-Nov-2022,08:37:52,-23.3233,151.7783,294,388,736,204,35,,,90,43,14,,,,,,,,,,,,,,,,,,,,,,,,,,,,,
7495,209948,3,SR,B,174,21-Nov-2022,20:55:03,-23.4454,151.6519,,401677763,-123,,0,21-Nov-2022,20:55:04,-23.4454,151.6519,,5026,10037,2516,70,,,15,1,16,,,,,,,,,,,,,,,,,,,,,,,,,,,,,
7495,209948,3,NK,B,175,21-Nov-2022,21:32:03,-23.3262,151.7711,,401677705,-133,8,0,21-Nov-2022,21:32:03,-23.3262,151.7711,,14477,63635,3293,58,,,15,1,16,,,,,,,,,,,,,,,,,,,,,,,,,,,,,
7495,209948,3,MC,B,176,21-Nov-2022,22:26:09,-23.3273,151.7858,,401677700,-132,8,0,21-Nov-2022,22:25:57,-23.3273,151.7858,26,21464,89138,5168,61,,,89,91,14,,,,,,,,,,,,,,,,,,,,,,,,,,,,,
7495,209948,3,MC,B,176,21-Nov-2022,22:26:09,-23.3273,151.7858,,401677700,-132,8,0,21-Nov-2022,22:26:23,-23.3273,151.7858,26,21464,89138,5168,61,,,103,137,0,,,,,,,,,,,,,,,,,,,,,,,,,,,,,
7495,209948,3,NK,B,177,22-Nov-2022,19:21:25,-23.2176,151.8942,,401677683,-135,,0,22-Nov-2022,19:21:25,-23.2176,151.8942,,21719,45020,10478,101,,,105,133,0,,,,,,,,,,,,,,,,,,,,,,,,,,,,,
7495,209948,3,MC,B,178,22-Nov-2022,23:51:29,-23.1328,152.1817,Lon > 4 deviations from mean,401677704,-120,8,0,22-Nov-2022,23:51:30,-23.1328,152.1817,,32314,309426,3374,87,,,15,1,16,,,,,,,,,,,,,,,,,,,,,,,,,,,,,
7495,209948,3,A1,A,179,23-Nov-2022,08:02:39,-23.2367,151.7185,,401677711,-129,8,0,23-Nov-2022,08:00:49,-23.2367,151.7185,235,4365,29852,638,90,,,82,122,56,,,,,,,,,,,,,,,,,,,,,,,,,,,,,
7495,209948,3,A1,A,179,23-Nov-2022,08:02:39,-23.2367,151.7185,,401677711,-129,8,0,23-Nov-2022,08:02:25,-23.2367,151.7185,235,4365,29852,638,90,,,97,135,0,,,,,,,,,,,,,,,,,,,,,,,,,,,,,
7495,209948,3,A1,A,179,23-Nov-2022,08:02:39,-23.2367,151.7185,,401677711,-129,8,0,23-Nov-2022,08:04:44,-23.2367,151.7185,235,4365,29852,638,90,,,15,1,16,,,,,,,,,,,,,,,,,,,,,,,,,,,,,
7495,209948,3,MC,B,180,23-Nov-2022,10:43:00,-23.2234,151.7293,,401677704,-133,8,0,23-Nov-2022,10:43:01,-23.2234,151.7293,,23236,25834,20898,73,,,69,17,5,,,,,,,,,,,,,,,,,,,,,,,,,,,,,
7495,209948,3,A1,B,181,23-Nov-2022,19:42:44,-23.2543,151.7585,,401677705,-131,8,0,23-Nov-2022,19:41:47,-23.2543,151.7585,116,20109,400276,1010,51,,,15,1,16,,,,,,,,,,,,,,,,,,,,,,,,,,,,,
7495,209948,3,A1,B,181,23-Nov-2022,19:42:44,-23.2543,151.7585,,401677705,-131,8,0,23-Nov-2022,19:43:43,-23.2543,151.7585,116,20109,400276,1010,51,,,27,143,28,,,,,,,,,,,,,,,,,,,,,,,,,,,,,
7495,209948,3,MC,B,182,24-Nov-2022,10:21:49,-23.2024,151.8631,,401677697,-132,,0,24-Nov-2022,10:21:50,-23.2024,151.8631,,5070,11041,2328,54,,,15,1,16,,,,,,,,,,,,,,,,,,,,,,,,,,,,,
7495,209948,3,MC,B,183,24-Nov-2022,11:56:10,-23.2565,151.8280,,401677693,-119,8,0,24-Nov-2022,11:56:11,-23.2565,151.8280,,6111,21787,1714,57,,,27,143,28,,,,,,,,,,,,,,,,,,,,,,,,,,,,,
7495,209948,3,SR,B,184,24-Nov-2022,19:26:36,-23.3152,151.7932,,401677719,-127,8,0,24-Nov-2022,19:26:37,-23.3152,151.7932,,6183,13392,2854,58,,,79,19,5,,,,,,,,,,,,,,,,,,,,,,,,,,,,,
7495,209948,3,A1,B,185,24-Nov-2022,19:26:36,-23.3257,151.7828,,401677718,-135,8,0,24-Nov-2022,19:26:37,-23.3257,151.7828,,5894,12157,2857,60,,,79,19,5,,,,,,,,,,,,,,,,,,,,,,,,,,,,,
7495,209948,31,MB,B,186,25-Nov-2022,10:45:37,-23.2188,151.7970,,401677728,-134,,0,25-Nov-2022,10:45:37,-23.2188,151.7970,,8158,26392,2521,84,,,32,175,0,0,64,0,0,0,0,255,166,0,0,0,0,224,174,224,0,0,0,0,0,0,255,82,0,0,0,0,119,
7495,209948,3,NN,B,187,25-Nov-2022,11:06:14,-23.2212,151.7590,,401677737,-130,6,0,25-Nov-2022,11:06:15,-23.2212,151.7590,,4750,9652,2337,75,,,10,137,199,,,,,,,,,,,,,,,,,,,,,,,,,,,,,
7495,209948,3,A1,1,188,25-Nov-2022,19:05:59,-23.0508,151.7318,,401677708,-129,58,0,25-Nov-2022,19:04:39,-23.0508,151.7318,200,643,1326,311,150,,,75,38,44,,,,,,,,,,,,,,,,,,,,,,,,,,,,,
7495,209948,3,A1,1,188,25-Nov-2022,19:05:59,-23.0508,151.7318,,401677708,-129,58,0,25-Nov-2022,19:05:24,-23.0508,151.7318,200,643,1326,311,150,,,98,136,0,,,,,,,,,,,,,,,,,,,,,,,,,,,,,
7495,209948,3,A1,1,188,25-Nov-2022,19:05:59,-23.0508,151.7318,,401677708,-129,58,0,25-Nov-2022,19:05:55,-23.0508,151.7318,200,643,1326,311,150,,,15,1,16,,,,,,,,,,,,,,,,,,,,,,,,,,,,,
7495,209948,3,A1,1,188,25-Nov-2022,19:05:59,-23.0508,151.7318,,401677708,-129,58,0,25-Nov-2022,19:07:59,-23.0508,151.7318,200,643,1326,311,150,,,81,253,14,,,,,,,,,,,,,,,,,,,,,,,,,,,,,
7495,209948,3,NK,B,189,26-Nov-2022,08:11:11,-22.9205,151.7092,,401677727,-137,,0,26-Nov-2022,08:11:11,-22.9205,151.7092,,10298,16877,6283,74,,,71,59,5,,,,,,,,,,,,,,,,,,,,,,,,,,,,,
7495,209948,3,SR,B,190,26-Nov-2022,09:15:02,-22.9181,151.7593,,401677685,-138,,0,26-Nov-2022,09:15:03,-22.9181,151.7593,,11086,16165,7603,111,,,48,110,201,,,,,,,,,,,,,,,,,,,,,,,,,,,,,
7495,209948,3,NP,B,191,26-Nov-2022,22:35:57,-22.8410,151.7937,,401677675,-133,,0,26-Nov-2022,22:35:58,-22.8410,151.7937,,11952,19121,7469,144,,,87,61,15,,,,,,,,,,,,,,,,,,,,,,,,,,,,,
7495,209948,3,NP,0,192,28-Nov-2022,09:19:00,-22.1773,151.8511,,401677744,-126,40,0,28-Nov-2022,09:18:53,-22.1773,151.8511,139,4407,26134,743,116,,,15,1,16,,,,,,,,,,,,,,,,,,,,,,,,,,,,,
7495,209948,23,NP,0,192,28-Nov-2022,09:19:00,-22.1773,151.8511,,401677744,-126,40,0,28-Nov-2022,09:19:08,-22.1773,151.8511,139,4407,26134,743,116,,,94,80,165,253,40,150,250,144,78,37,104,83,212,30,193,12,1,255,27,211,225,127,192,,,,,,,,,
7495,209948,3,NP,0,192,28-Nov-2022,09:19:00,-22.1773,151.8511,,401677744,-126,40,0,28-Nov-2022,09:19:23,-22.1773,151.8511,139,4407,26134,743,116,,,27,143,28,,,,,,,,,,,,,,,,,,,,,,,,,,,,,
7495,209948,3,NP,0,192,28-Nov-2022,09:19:00,-22.1773,151.8511,,401677744,-126,40,0,28-Nov-2022,09:19:38,-22.1773,151.8511,139,4407,26134,743,116,,,73,61,5,,,,,,,,,,,,,,,,,,,,,,,,,,,,,
7495,209948,3,NP,0,192,28-Nov-2022,09:19:00,-22.1773,151.8511,,401677744,-126,40,0,28-Nov-2022,09:19:53,-22.1773,151.8511,139,4407,26134,743,116,,,82,99,15,,,,,,,,,,,,,,,,,,,,,,,,,,,,,
7495,209948,3,NP,0,192,28-Nov-2022,09:19:00,-22.1773,151.8511,,401677744,-126,40,0,28-Nov-2022,09:20:33,-22.1773,151.8511,139,4407,26134,743,116,,,97,142,69,,,,,,,,,,,,,,,,,,,,,,,,,,,,,
7495,209948,3,NP,0,192,28-Nov-2022,09:19:00,-22.1773,151.8511,,401677744,-126,40,1,28-Nov-2022,09:21:12,-22.1773,151.8511,139,4407,26134,743,116,,,15,1,16,,,,,,,,,,,,,,,,,,,,,,,,,,,,,
7495,209948,3,SR,B,193,28-Nov-2022,18:58:12,-22.2083,151.8840,,401677656,-125,8,0,28-Nov-2022,18:58:13,-22.2083,151.8840,,16826,30317,9338,84,,,71,59,5,,,,,,,,,,,,,,,,,,,,,,,,,,,,,
7495,209948,3,A1,B,194,28-Nov-2022,19:45:02,-22.2666,151.8644,,401677707,-135,6,0,28-Nov-2022,19:45:02,-22.2666,151.8644,,17401,34514,8773,73,,,87,222,152,,,,,,,,,,,,,,,,,,,,,,,,,,,,,
7495,209948,3,NP,B,195,28-Nov-2022,22:20:12,-22.2961,151.8638,,401677714,-132,8,0,28-Nov-2022,22:20:12,-22.2961,151.8638,,18035,30730,10584,71,,,125,43,76,,,,,,,,,,,,,,,,,,,,,,,,,,,,,
7495,209948,3,MC,B,196,28-Nov-2022,23:22:11,-22.3059,151.8726,,401677708,-121,8,0,28-Nov-2022,23:22:11,-22.3059,151.8726,,4288,6165,2982,64,,,103,137,0,,,,,,,,,,,,,,,,,,,,,,,,,,,,,
7495,209948,3,NN,B,197,28-Nov-2022,23:22:11,-22.2995,151.8778,,401677712,-135,,0,28-Nov-2022,23:22:11,-22.2995,151.8778,,4060,5357,3076,53,,,103,137,0,,,,,,,,,,,,,,,,,,,,,,,,,,,,,
7495,209948,3,MC,B,198,29-Nov-2022,10:11:58,-22.4511,151.8794,,401677703,-124,8,0,29-Nov-2022,10:11:58,-22.4511,151.8794,,3770,6604,2151,97,,,26,143,28,,,,,,,,,,,,,,,,,,,,,,,,,,,,,
7495,209948,3,NK,B,199,29-Nov-2022,10:11:58,-22.3908,151.8756,,401677717,-121,8,0,29-Nov-2022,10:11:58,-22.3908,151.8756,,3714,10060,1370,53,,,27,143,28,,,,,,,,,,,,,,,,,,,,,,,,,,,,,
7495,209948,3,NP,B,200,29-Nov-2022,10:44:52,-22.4177,151.8022,,401677719,-125,7,0,29-Nov-2022,10:44:35,-22.4177,151.8022,34,1791,11253,285,69,,,15,1,16,,,,,,,,,,,,,,,,,,,,,,,,,,,,,
7495,209948,23,NP,B,200,29-Nov-2022,10:44:52,-22.4177,151.8022,,401677719,-125,7,0,29-Nov-2022,10:45:09,-22.4177,151.8022,34,1791,11253,285,69,,,81,48,165,253,40,150,250,144,78,171,9,150,148,31,37,18,7,136,27,211,145,127,192,,,,,,,,,
7495,209948,3,A1,A,201,29-Nov-2022,19:35:38,-22.5681,151.7607,,401677706,-126,8,0,29-Nov-2022,19:35:12,-22.5681,151.7607,66,19206,294727,1251,51,,,12,102,86,,,,,,,,,,,,,,,,,,,,,,,,,,,,,
7495,209948,3,A1,A,201,29-Nov-2022,19:35:38,-22.5681,151.7607,,401677706,-126,8,0,29-Nov-2022,19:35:28,-22.5681,151.7607,66,19206,294727,1251,51,,,27,143,28,,,,,,,,,,,,,,,,,,,,,,,,,,,,,
7495,209948,3,A1,A,201,29-Nov-2022,19:35:38,-22.5681,151.7607,,401677706,-126,8,0,29-Nov-2022,19:36:18,-22.5681,151.7607,66,19206,294727,1251,51,,,75,55,5,,,,,,,,,,,,,,,,,,,,,,,,,,,,,
7495,209948,3,NK,B,202,29-Nov-2022,19:40:10,-22.5685,151.7604,,401677710,-131,6,0,29-Nov-2022,19:39:58,-22.5685,151.7604,25,10090,49832,2043,52,,,98,136,0,,,,,,,,,,,,,,,,,,,,,,,,,,,,,
7495,209948,3,NK,B,202,29-Nov-2022,19:40:10,-22.5685,151.7604,,401677710,-131,6,0,29-Nov-2022,19:40:23,-22.5685,151.7604,25,10090,49832,2043,52,,,15,1,16,,,,,,,,,,,,,,,,,,,,,,,,,,,,,
7495,209948,3,SR,B,203,29-Nov-2022,20:08:10,-22.6047,151.7256,,401677708,-130,6,0,29-Nov-2022,20:07:23,-22.6047,151.7256,94,957,16302,56,79,,,91,38,17,,,,,,,,,,,,,,,,,,,,,,,,,,,,,
7495,209948,3,SR,B,203,29-Nov-2022,20:08:10,-22.6047,151.7256,,401677708,-130,6,0,29-Nov-2022,20:08:57,-22.6047,151.7256,94,957,16302,56,79,,,82,162,15,,,,,,,,,,,,,,,,,,,,,,,,,,,,,
7495,209948,3,MB,B,204,29-Nov-2022,23:56:36,-22.6694,151.6376,,401677733,-136,8,0,29-Nov-2022,23:56:37,-22.6694,151.6376,,2156,3607,1289,76,,,83,167,15,,,,,,,,,,,,,,,,,,,,,,,,,,,,,
7495,209948,3,NK,B,205,30-Nov-2022,21:01:39,-22.6752,151.6229,,401677745,-124,,0,30-Nov-2022,21:01:39,-22.6752,151.6229,,6126,8888,4221,75,,,84,188,15,,,,,,,,,,,,,,,,,,,,,,,,,,,,,
7495,209948,3,NK,B,206,30-Nov-2022,22:34:21,-22.8032,151.3242,,401677707,-133,,0,30-Nov-2022,22:34:21,-22.8032,151.3242,,5099,7356,3534,108,,,27,143,28,,,,,,,,,,,,,,,,,,,,,,,,,,,,,
7495,209948,3,MC,B,207,01-Dec-2022,11:09:35,-22.9258,151.0719,,401677717,-124,,0,01-Dec-2022,11:09:36,-22.9258,151.0719,,5652,14343,2226,122,,,104,138,0,,,,,,,,,,,,,,,,,,,,,,,,,,,,,
7495,209948,3,NP,B,208,01-Dec-2022,19:57:18,-23.0086,150.8980,Lon > 4 deviations from mean,401677709,-140,8,0,01-Dec-2022,19:57:18,-23.0086,150.8980,,6978,25894,1880,106,,,27,143,60,,,,,,,,,,,,,,,,,,,,,,,,,,,,,
7495,209948,3,A1,3,209,01-Dec-2022,20:32:49,-23.0778,151.6157,,401677709,-128,50,0,01-Dec-2022,20:30:44,-26.7400,132.1387,316,194,217,173,151,,,94,37,16,,,,,,,,,,,,,,,,,,,,,,,,,,,,,
7495,209948,3,A1,3,209,01-Dec-2022,20:32:49,-23.0778,151.6157,,401677709,-128,50,0,01-Dec-2022,20:31:01,-26.7400,132.1387,316,194,217,173,151,,,103,137,0,,,,,,,,,,,,,,,,,,,,,,,,,,,,,
7495,209948,3,A1,3,209,01-Dec-2022,20:32:49,-23.0778,151.6157,,401677709,-128,50,0,01-Dec-2022,20:31:16,-26.7400,132.1387,316,194,217,173,151,,,15,1,16,,,,,,,,,,,,,,,,,,,,,,,,,,,,,
7495,209948,23,A1,3,209,01-Dec-2022,20:32:49,-23.0778,151.6157,,401677709,-128,50,0,01-Dec-2022,20:31:49,-26.7400,132.1387,316,194,217,173,151,,,75,176,165,253,40,150,250,144,64,210,54,90,88,32,81,16,1,94,27,210,65,127,192,,,,,,,,,
7495,209948,3,A1,3,209,01-Dec-2022,20:32:49,-23.0778,151.6157,,401677709,-128,50,0,01-Dec-2022,20:32:18,-26.7400,132.1387,316,194,217,173,151,,,27,143,28,,,,,,,,,,,,,,,,,,,,,,,,,,,,,
7495,209948,3,A1,3,209,01-Dec-2022,20:32:49,-23.0778,151.6157,,401677709,-128,50,0,01-Dec-2022,20:32:36,-26.7400,132.1387,316,194,217,173,151,,,65,37,5,,,,,,,,,,,,,,,,,,,,,,,,,,,,,
7495,209948,3,A1,3,209,01-Dec-2022,20:32:49,-23.0778,151.6157,,401677709,-128,50,0,01-Dec-2022,20:33:05,-26.7400,132.1387,316,194,217,173,151,,,88,43,16,,,,,,,,,,,,,,,,,,,,,,,,,,,,,
7495,209948,3,A1,3,209,01-Dec-2022,20:32:49,-23.0778,151.6157,,401677709,-128,50,0,01-Dec-2022,20:33:27,-26.7400,132.1387,316,194,217,173,151,,,98,136,0,,,,,,,,,,,,,,,,,,,,,,,,,,,,,
7495,209948,3,A1,3,209,01-Dec-2022,20:32:49,-23.0778,151.6157,,401677709,-128,50,0,01-Dec-2022,20:34:04,-26.7400,132.1387,316,194,217,173,151,,,185,164,149,,,,,,,,,,,,,,,,,,,,,,,,,,,,,
7495,209948,3,A1,3,209,01-Dec-2022,20:32:49,-23.0778,151.6157,,401677709,-128,50,0,01-Dec-2022,20:34:41,-26.7400,132.1387,316,194,217,173,151,,,95,48,16,,,,,,,,,,,,,,,,,,,,,,,,,,,,,
7495,209948,3,A1,3,209,01-Dec-2022,20:32:49,-23.0778,151.6157,,401677709,-128,50,0,01-Dec-2022,20:36:00,-26.7400,132.1387,316,194,217,173,151,,,233,133,15,,,,,,,,,,,,,,,,,,,,,,,,,,,,,
7495,209948,3,NK,3,210,01-Dec-2022,20:34:01,-23.0785,151.6190,,401677705,-124,56,0,01-Dec-2022,20:30:44,-23.0785,151.6190,471,154,281,83,88,,,94,37,16,,,,,,,,,,,,,,,,,,,,,,,,,,,,,
7495,209948,3,NK,3,210,01-Dec-2022,20:34:01,-23.0785,151.6190,,401677705,-124,56,0,01-Dec-2022,20:31:01,-23.0785,151.6190,471,154,281,83,88,,,103,137,0,,,,,,,,,,,,,,,,,,,,,,,,,,,,,
7495,209948,3,NK,3,210,01-Dec-2022,20:34:01,-23.0785,151.6190,,401677705,-124,56,0,01-Dec-2022,20:31:16,-23.0785,151.6190,471,154,281,83,88,,,15,1,16,,,,,,,,,,,,,,,,,,,,,,,,,,,,,
7495,209948,23,NK,3,210,01-Dec-2022,20:34:01,-23.0785,151.6190,,401677705,-124,56,0,01-Dec-2022,20:31:49,-23.0785,151.6190,471,154,281,83,88,,,75,176,165,253,40,150,250,144,64,210,54,90,88,32,81,16,1,94,27,210,65,127,192,,,,,,,,,
7495,209948,3,NK,3,210,01-Dec-2022,20:34:01,-23.0785,151.6190,,401677705,-124,56,0,01-Dec-2022,20:33:05,-23.0785,151.6190,471,154,281,83,88,,,88,43,16,,,,,,,,,,,,,,,,,,,,,,,,,,,,,
7495,209948,3,NK,3,210,01-Dec-2022,20:34:01,-23.0785,151.6190,,401677705,-124,56,0,01-Dec-2022,20:33:27,-23.0785,151.6190,471,154,281,83,88,,,98,136,0,,,,,,,,,,,,,,,,,,,,,,,,,,,,,
7495,209948,3,NK,3,210,01-Dec-2022,20:34:01,-23.0785,151.6190,,401677705,-124,56,0,01-Dec-2022,20:34:04,-23.0785,151.6190,471,154,281,83,88,,,13,188,161,,,,,,,,,,,,,,,,,,,,,,,,,,,,,
7495,209948,3,NK,3,210,01-Dec-2022,20:34:01,-23.0785,151.6190,,401677705,-124,56,0,01-Dec-2022,20:34:41,-23.0785,151.6190,471,154,281,83,88,,,95,48,16,,,,,,,,,,,,,,,,,,,,,,,,,,,,,
7495,209948,3,NK,3,210,01-Dec-2022,20:34:01,-23.0785,151.6190,,401677705,-124,56,1,01-Dec-2022,20:36:40,-23.0785,151.6190,471,154,281,83,88,,,27,143,28,,,,,,,,,,,,,,,,,,,,,,,,,,,,,
7495,209948,3,NK,3,210,01-Dec-2022,20:34:01,-23.0785,151.6190,,401677705,-124,56,1,01-Dec-2022,20:37:48,-23.0785,151.6190,471,154,281,83,88,,,65,37,5,,,,,,,,,,,,,,,,,,,,,,,,,,,,,
7495,209948,3,NK,3,210,01-Dec-2022,20:34:01,-23.0785,151.6190,,401677705,-124,56,0,01-Dec-2022,20:38:19,-23.0785,151.6190,471,154,281,83,88,,,94,53,16,,,,,,,,,,,,,,,,,,,,,,,,,,,,,
7495,209948,3,NK,3,210,01-Dec-2022,20:34:01,-23.0785,151.6190,,401677705,-124,56,0,01-Dec-2022,20:38:35,-23.0785,151.6190,471,154,281,83,88,,,100,134,0,,,,,,,,,,,,,,,,,,,,,,,,,,,,,
7495,209948,3,SR,3,211,01-Dec-2022,20:45:54,-23.0698,151.6215,,401677705,-125,56,0,01-Dec-2022,20:38:19,-23.0698,151.6215,596,196,359,107,111,,,94,53,16,,,,,,,,,,,,,,,,,,,,,,,,,,,,,
7495,209948,3,SR,3,211,01-Dec-2022,20:45:54,-23.0698,151.6215,,401677705,-125,56,0,01-Dec-2022,20:38:35,-23.0698,151.6215,596,196,359,107,111,,,100,134,0,,,,,,,,,,,,,,,,,,,,,,,,,,,,,
7495,209948,3,SR,3,211,01-Dec-2022,20:45:54,-23.0698,151.6215,,401677705,-125,56,0,01-Dec-2022,20:39:47,-23.0698,151.6215,596,196,359,107,111,,,15,9,32,,,,,,,,,,,,,,,,,,,,,,,,,,,,,
7495,209948,3,SR,3,211,01-Dec-2022,20:45:54,-23.0698,151.6215,,401677705,-125,56,1,01-Dec-2022,20:40:42,-23.0698,151.6215,596,196,359,107,111,,,65,37,5,,,,,,,,,,,,,,,,,,,,,,,,,,,,,
7495,209948,3,SR,3,211,01-Dec-2022,20:45:54,-23.0698,151.6215,,401677705,-125,56,0,01-Dec-2022,20:44:10,-23.0698,151.6215,596,196,359,107,111,,,98,136,0,,,,,,,,,,,,,,,,,,,,,,,,,,,,,
7495,209948,3,SR,3,211,01-Dec-2022,20:45:54,-23.0698,151.6215,,401677705,-125,56,0,01-Dec-2022,20:44:56,-23.0698,151.6215,596,196,359,107,111,,,15,1,16,,,,,,,,,,,,,,,,,,,,,,,,,,,,,
7495,209948,3,SR,3,211,01-Dec-2022,20:45:54,-23.0698,151.6215,,401677705,-125,56,0,01-Dec-2022,20:46:18,-23.0698,151.6215,596,196,359,107,111,,,78,38,5,,,,,,,,,,,,,,,,,,,,,,,,,,,,,
7495,209948,3,SR,3,211,01-Dec-2022,20:45:54,-23.0698,151.6215,,401677705,-125,56,0,01-Dec-2022,20:48:15,-23.0698,151.6215,596,196,359,107,111,,,92,63,16,,,,,,,,,,,,,,,,,,,,,,,,,,,,,
7495,209948,3,NN,B,212,02-Dec-2022,11:26:39,-23.1786,151.7001,,401677671,-130,,0,02-Dec-2022,11:26:39,-23.1786,151.7001,,7234,12279,4262,61,,,27,143,28,,,,,,,,,,,,,,,,,,,,,,,,,,,,,
7495,209948,3,A1,B,213,03-Dec-2022,08:19:07,-23.3269,151.6849,,401677691,-133,,0,03-Dec-2022,08:18:08,-23.3269,151.6849,118,3143,48457,203,34,,,97,135,0,,,,,,,,,,,,,,,,,,,,,,,,,,,,,
7495,209948,3,A1,B,213,03-Dec-2022,08:19:07,-23.3269,151.6849,,401677691,-133,,0,03-Dec-2022,08:20:06,-23.3269,151.6849,118,3143,48457,203,34,,,27,143,28,,,,,,,,,,,,,,,,,,,,,,,,,,,,,
7495,209948,3,NK,B,214,03-Dec-2022,08:36:30,-23.2951,151.7032,,401677708,-133,6,0,03-Dec-2022,08:36:21,-23.2951,151.7032,20,4589,12276,1715,39,,,79,19,5,,,,,,,,,,,,,,,,,,,,,,,,,,,,,
7495,209948,31,NK,B,214,03-Dec-2022,08:36:30,-23.2951,151.7032,,401677708,-133,6,0,03-Dec-2022,08:36:41,-23.2951,151.7032,20,4589,12276,1715,39,,,32,176,132,247,30,11,130,103,23,91,219,123,68,234,232,113,120,34,216,106,188,41,223,203,46,145,80,126,106,119,145,
7495,209948,3,SR,1,215,03-Dec-2022,08:58:39,-23.2987,151.6801,,401677704,-130,57,0,03-Dec-2022,08:56:21,-23.2987,151.6801,238,1100,3376,358,30,,,27,143,28,,,,,,,,,,,,,,,,,,,,,,,,,,,,,
7495,209948,3,SR,1,215,03-Dec-2022,08:58:39,-23.2987,151.6801,,401677704,-130,57,0,03-Dec-2022,08:58:06,-23.2987,151.6801,238,1100,3376,358,30,,,69,139,145,,,,,,,,,,,,,,,,,,,,,,,,,,,,,
7495,209948,3,SR,1,215,03-Dec-2022,08:58:39,-23.2987,151.6801,,401677704,-130,57,0,03-Dec-2022,08:58:23,-23.2987,151.6801,238,1100,3376,358,30,,,94,171,20,,,,,,,,,,,,,,,,,,,,,,,,,,,,,
7495,209948,3,SR,1,215,03-Dec-2022,08:58:39,-23.2987,151.6801,,401677704,-130,57,0,03-Dec-2022,08:58:53,-23.2987,151.6801,238,1100,3376,358,30,,,100,134,0,,,,,,,,,,,,,,,,,,,,,,,,,,,,,
7495,209948,3,SR,1,215,03-Dec-2022,08:58:39,-23.2987,151.6801,,401677704,-130,57,0,03-Dec-2022,08:59:56,-23.2987,151.6801,238,1100,3376,358,30,,,15,1,16,,,,,,,,,,,,,,,,,,,,,,,,,,,,,
7495,209948,3,SR,1,215,03-Dec-2022,08:58:39,-23.2987,151.6801,,401677704,-130,57,0,03-Dec-2022,09:00:19,-23.2987,151.6801,238,1100,3376,358,30,,,11,143,24,,,,,,,,,,,,,,,,,,,,,,,,,,,,,
7495,209948,3,SR,B,216,03-Dec-2022,19:43:57,-23.2329,151.6686,,401677692,-127,8,0,03-Dec-2022,19:43:57,-23.2329,151.6686,,6907,10104,4721,52,,,15,1,16,,,,,,,,,,,,,,,,,,,,,,,,,,,,,
7495,209948,3,NK,B,217,03-Dec-2022,19:43:57,-23.2635,151.6641,,401677705,-133,,0,03-Dec-2022,19:43:57,-23.2635,151.6641,,5105,9073,2872,81,,,15,1,16,,,,,,,,,,,,,,,,,,,,,,,,,,,,,
7495,209948,3,A1,B,218,04-Dec-2022,06:26:47,-23.2717,151.6719,,401677709,-134,8,0,04-Dec-2022,06:26:47,-23.2717,151.6719,,6888,12119,3914,64,,,75,23,5,,,,,,,,,,,,,,,,,,,,,,,,,,,,,
7495,209948,3,SR,B,219,04-Dec-2022,08:32:42,-23.2265,151.6823,,401677727,-134,8,0,04-Dec-2022,08:32:43,-23.2265,151.6823,,3961,5063,3097,64,,,27,143,28,,,,,,,,,,,,,,,,,,,,,,,,,,,,,
7495,209948,3,MC,B,220,04-Dec-2022,13:28:12,-23.2455,151.7291,,401677699,-131,8,0,04-Dec-2022,13:28:13,-23.2455,151.7291,,3897,8483,1790,51,,,100,134,0,,,,,,,,,,,,,,,,,,,,,,,,,,,,,
7495,209948,3,SR,B,221,04-Dec-2022,19:11:53,-23.2686,151.7404,,401677695,-124,8,0,04-Dec-2022,19:11:53,-23.2686,151.7404,,4281,9473,1934,60,,,110,132,0,,,,,,,,,,,,,,,,,,,,,,,,,,,,,
7495,209948,3,NP,B,222,05-Dec-2022,11:11:13,-23.2164,151.8083,,401677683,-132,,0,05-Dec-2022,11:11:14,-23.2164,151.8083,,5454,6811,4367,54,,,84,119,17,,,,,,,,,,,,,,,,,,,,,,,,,,,,,
7495,209948,3,SR,B,223,05-Dec-2022,20:24:34,-23.1919,151.9004,,401677710,-132,8,0,05-Dec-2022,20:24:35,-23.1919,151.9004,,5913,8672,4031,18,,,67,31,5,,,,,,,,,,,,,,,,,,,,,,,,,,,,,
7495,209948,3,NK,B,224,05-Dec-2022,20:35:05,-23.1840,151.9066,,401677706,-129,6,0,05-Dec-2022,20:35:06,-23.1840,151.9066,,4556,7697,2696,159,,,103,137,0,,,,,,,,,,,,,,,,,,,,,,,,,,,,,
7495,209948,3,NN,B,225,05-Dec-2022,23:51:23,-23.1706,151.9275,,401677708,-133,8,0,05-Dec-2022,23:51:23,-23.1706,151.9275,,4808,7800,2962,155,,,27,143,28,,,,,,,,,,,,,,,,,,,,,,,,,,,,,
7495,209948,3,SR,B,226,06-Dec-2022,19:46:53,-22.6938,152.0177,,401677706,-124,,0,06-Dec-2022,19:46:45,-22.6938,152.0177,16,58626,580764,5918,70,,,15,1,16,,,,,,,,,,,,,,,,,,,,,,,,,,,,,
7495,209948,3,SR,B,226,06-Dec-2022,19:46:53,-22.6938,152.0177,,401677706,-124,,0,06-Dec-2022,19:47:01,-22.6938,152.0177,16,58626,580764,5918,70,,,27,143,28,,,,,,,,,,,,,,,,,,,,,,,,,,,,,
7495,209948,3,SR,B,227,06-Dec-2022,21:22:46,-22.6898,151.9864,,401677732,-133,7,0,06-Dec-2022,21:22:47,-22.6898,151.9864,,50332,91594,27657,65,,,72,40,5,,,,,,,,,,,,,,,,,,,,,,,,,,,,,
7495,209948,3,NN,B,228,06-Dec-2022,23:36:54,-22.6660,151.9868,,401677715,-125,8,0,06-Dec-2022,23:36:55,-22.6660,151.9868,,64645,92090,45378,68,,,80,221,17,,,,,,,,,,,,,,,,,,,,,,,,,,,,,
7495,209948,31,NN,B,229,07-Dec-2022,01:16:14,-22.5676,151.9700,,401677681,-129,8,0,07-Dec-2022,01:15:58,-22.5676,151.9700,34,2292,5296,992,108,,,1,151,156,74,10,50,102,237,239,225,27,181,0,0,0,8,216,80,0,0,0,0,0,0,2,255,128,0,0,0,95,
7495,209948,3,NN,B,229,07-Dec-2022,01:16:14,-22.5676,151.9700,,401677681,-129,8,0,07-Dec-2022,01:16:32,-22.5676,151.9700,34,2292,5296,992,108,,,97,135,0,,,,,,,,,,,,,,,,,,,,,,,,,,,,,
7495,209948,3,A1,B,230,07-Dec-2022,07:13:42,-22.4210,151.9385,,401677683,-125,8,0,07-Dec-2022,07:13:42,-22.4210,151.9385,,3226,5560,1871,137,,,93,228,17,,,,,,,,,,,,,,,,,,,,,,,,,,,,,
7495,209948,3,NK,A,231,07-Dec-2022,08:32:09,-22.3835,151.9894,,401677700,-127,7,0,07-Dec-2022,08:28:13,-22.3835,151.9894,437,266,499,141,153,,,27,143,28,,,,,,,,,,,,,,,,,,,,,,,,,,,,,
7495,209948,3,NK,A,231,07-Dec-2022,08:32:09,-22.3835,151.9894,,401677700,-127,7,0,07-Dec-2022,08:32:47,-22.3835,151.9894,437,266,499,141,153,,,71,59,5,,,,,,,,,,,,,,,,,,,,,,,,,,,,,
7495,209948,3,NK,A,231,07-Dec-2022,08:32:09,-22.3835,151.9894,,401677700,-127,7,0,07-Dec-2022,08:35:30,-22.3835,151.9894,437,266,499,141,153,,,89,240,17,,,,,,,,,,,,,,,,,,,,,,,,,,,,,
7495,209948,3,SR,B,232,07-Dec-2022,08:34:08,-22.4148,151.9916,,401677688,-125,8,0,07-Dec-2022,08:32:47,-22.4148,151.9916,163,2350,29904,184,7,,,71,59,5,,,,,,,,,,,,,,,,,,,,,,,,,,,,,
7495,209948,3,SR,B,232,07-Dec-2022,08:34:08,-22.4148,151.9916,,401677688,-125,8,0,07-Dec-2022,08:35:30,-22.4148,151.9916,163,2350,29904,184,7,,,89,240,17,,,,,,,,,,,,,,,,,,,,,,,,,,,,,
7495,209948,3,NP,B,233,07-Dec-2022,09:09:49,-22.3897,151.9986,,401677699,-129,7,0,07-Dec-2022,09:09:49,-22.3897,151.9986,,1597,2341,1088,7,,,71,59,5,,,,,,,,,,,,,,,,,,,,,,,,,,,,,
7495,209948,31,NK,B,234,07-Dec-2022,10:08:02,-22.3641,152.0070,,401677702,-126,8,0,07-Dec-2022,10:08:02,-22.3641,152.0070,,2127,2678,1689,8,,,32,176,192,1,138,52,18,76,152,15,83,96,42,155,129,119,81,242,76,60,70,57,64,217,75,60,223,240,165,5,242,
7495,209948,3,NK,0,235,07-Dec-2022,19:41:24,-22.2749,152.0643,,401677664,-128,58,0,07-Dec-2022,19:40:54,-22.2749,152.0643,58,5795,20771,1616,41,,,65,65,53,,,,,,,,,,,,,,,,,,,,,,,,,,,,,
7495,209948,3,NK,0,235,07-Dec-2022,19:41:24,-22.2749,152.0643,,401677664,-128,58,0,07-Dec-2022,19:41:14,-22.2749,152.0643,58,5795,20771,1616,41,,,15,1,18,,,,,,,,,,,,,,,,,,,,,,,,,,,,,
7495,209948,3,NK,0,235,07-Dec-2022,19:41:24,-22.2749,152.0643,,401677664,-128,58,0,07-Dec-2022,19:41:37,-22.2749,152.0643,58,5795,20771,1616,41,,,27,143,28,,,,,,,,,,,,,,,,,,,,,,,,,,,,,
7495,209948,3,NK,0,235,07-Dec-2022,19:41:24,-22.2749,152.0643,,401677664,-128,58,0,07-Dec-2022,19:41:52,-22.2749,152.0643,58,5795,20771,1616,41,,,77,57,5,,,,,,,,,,,,,,,,,,,,,,,,,,,,,
7495,209948,3,SR,B,236,08-Dec-2022,18:45:22,-21.7507,152.0724,,401677621,-133,,0,08-Dec-2022,18:44:57,-21.7507,152.0724,50,3905,15420,988,12,,,27,143,28,,,,,,,,,,,,,,,,,,,,,,,,,,,,,
7495,209948,3,SR,B,236,08-Dec-2022,18:45:22,-21.7507,152.0724,,401677621,-133,,0,08-Dec-2022,18:45:47,-21.7507,152.0724,50,3905,15420,988,12,,,67,63,5,,,,,,,,,,,,,,,,,,,,,,,,,,,,,
7495,209948,3,A1,2,237,08-Dec-2022,20:07:15,-21.8859,152.0227,,401677701,-126,56,0,08-Dec-2022,20:04:18,-21.8859,152.0227,481,347,982,122,75,,,67,63,5,,,,,,,,,,,,,,,,,,,,,,,,,,,,,
7495,209948,3,A1,2,237,08-Dec-2022,20:07:15,-21.8859,152.0227,,401677701,-126,56,0,08-Dec-2022,20:05:10,-21.8859,152.0227,481,347,982,122,75,,,92,159,18,,,,,,,,,,,,,,,,,,,,,,,,,,,,,
7495,209948,3,A1,2,237,08-Dec-2022,20:07:15,-21.8859,152.0227,,401677701,-126,56,0,08-Dec-2022,20:06:01,-21.8859,152.0227,481,347,982,122,75,,,107,133,4,,,,,,,,,,,,,,,,,,,,,,,,,,,,,
7495,209948,3,A1,2,237,08-Dec-2022,20:07:15,-21.8859,152.0227,,401677701,-126,56,0,08-Dec-2022,20:06:42,-21.8859,152.0227,481,347,982,122,75,,,70,40,237,,,,,,,,,,,,,,,,,,,,,,,,,,,,,
7495,209948,3,A1,2,237,08-Dec-2022,20:07:15,-21.8859,152.0227,,401677701,-126,56,0,08-Dec-2022,20:09:00,-21.8859,152.0227,481,347,982,122,75,,,73,61,5,,,,,,,,,,,,,,,,,,,,,,,,,,,,,
7495,209948,3,A1,2,237,08-Dec-2022,20:07:15,-21.8859,152.0227,,401677701,-126,56,0,08-Dec-2022,20:12:19,-21.8859,152.0227,481,347,982,122,75,,,27,143,28,,,,,,,,,,,,,,,,,,,,,,,,,,,,,
7495,209948,3,A1,2,238,09-Dec-2022,06:38:20,-21.8672,152.0038,,401677699,-131,58,0,09-Dec-2022,06:34:48,-21.8672,152.0038,336,305,401,232,135,,,84,183,18,,,,,,,,,,,,,,,,,,,,,,,,,,,,,
7495,209948,3,A1,2,238,09-Dec-2022,06:38:20,-21.8672,152.0038,,401677699,-131,58,0,09-Dec-2022,06:38:12,-21.8672,152.0038,336,305,401,232,135,,,103,137,0,,,,,,,,,,,,,,,,,,,,,,,,,,,,,
7495,209948,3,A1,2,238,09-Dec-2022,06:38:20,-21.8672,152.0038,,401677699,-131,58,0,09-Dec-2022,06:38:28,-21.8672,152.0038,336,305,401,232,135,,,15,1,16,,,,,,,,,,,,,,,,,,,,,,,,,,,,,
7495,209948,3,A1,2,238,09-Dec-2022,06:38:20,-21.8672,152.0038,,401677699,-131,58,0,09-Dec-2022,06:39:50,-21.8672,152.0038,336,305,401,232,135,,,27,143,28,,,,,,,,,,,,,,,,,,,,,,,,,,,,,
7495,209948,3,A1,2,238,09-Dec-2022,06:38:20,-21.8672,152.0038,,401677699,-131,58,0,09-Dec-2022,06:40:24,-21.8672,152.0038,336,305,401,232,135,,,77,70,5,,,,,,,,,,,,,,,,,,,,,,,,,,,,,
7495,209948,3,NP,2,239,09-Dec-2022,08:46:37,-21.8418,152.0399,,401677706,-130,58,0,09-Dec-2022,08:46:37,-21.8418,152.0399,348,463,1502,142,134,,,67,64,5,,,,,,,,,,,,,,,,,,,,,,,,,,,,,
7495,209948,3,NP,2,239,09-Dec-2022,08:46:37,-21.8418,152.0399,,401677706,-130,58,0,09-Dec-2022,08:47:47,-21.8418,152.0399,348,463,1502,142,134,,,84,200,18,,,,,,,,,,,,,,,,,,,,,,,,,,,,,
7495,209948,3,NP,2,239,09-Dec-2022,08:46:37,-21.8418,152.0399,,401677706,-130,58,0,09-Dec-2022,08:48:16,-21.8418,152.0399,348,463,1502,142,134,,,100,134,0,,,,,,,,,,,,,,,,,,,,,,,,,,,,,
7495,209948,3,NP,2,239,09-Dec-2022,08:46:37,-21.8418,152.0399,,401677706,-130,58,0,09-Dec-2022,08:48:54,-21.8418,152.0399,348,463,1502,142,134,,,15,1,16,,,,,,,,,,,,,,,,,,,,,,,,,,,,,
7495,209948,3,NP,2,239,09-Dec-2022,08:46:37,-21.8418,152.0399,,401677706,-130,58,0,09-Dec-2022,08:50:31,-21.8418,152.0399,348,463,1502,142,134,,,70,65,5,,,,,,,,,,,,,,,,,,,,,,,,,,,,,
7495,209948,3,NP,2,239,09-Dec-2022,08:46:37,-21.8418,152.0399,,401677706,-130,58,0,09-Dec-2022,08:50:50,-21.8418,152.0399,348,463,1502,142,134,,,80,159,134,,,,,,,,,,,,,,,,,,,,,,,,,,,,,
7495,209948,3,NP,2,239,09-Dec-2022,08:46:37,-21.8418,152.0399,,401677706,-130,58,0,09-Dec-2022,08:51:09,-21.8418,152.0399,348,463,1502,142,134,,,97,135,0,,,,,,,,,,,,,,,,,,,,,,,,,,,,,
7495,209948,3,NP,2,239,09-Dec-2022,08:46:37,-21.8418,152.0399,,401677706,-130,58,1,09-Dec-2022,08:51:30,-21.8418,152.0399,348,463,1502,142,134,,,15,1,16,,,,,,,,,,,,,,,,,,,,,,,,,,,,,
7495,209948,3,NP,2,239,09-Dec-2022,08:46:37,-21.8418,152.0399,,401677706,-130,58,1,09-Dec-2022,08:52:25,-21.8418,152.0399,348,463,1502,142,134,,,27,143,28,,,,,,,,,,,,,,,,,,,,,,,,,,,,,
7495,209948,3,NP,B,240,09-Dec-2022,10:32:26,-21.8369,152.0451,,401677704,-127,8,0,09-Dec-2022,10:32:26,-21.8369,152.0451,,2095,2291,1915,103,,,103,137,0,,,,,,,,,,,,,,,,,,,,,,,,,,,,,
7495,209948,3,NK,B,241,10-Dec-2022,08:49:52,-21.7788,152.1088,,401677705,-130,,0,10-Dec-2022,08:49:53,-21.7788,152.1088,,6455,8322,5007,128,,,15,1,16,,,,,,,,,,,,,,,,,,,,,,,,,,,,,
7495,209948,3,NP,A,242,10-Dec-2022,10:10:24,-21.5450,152.0638,Rate of Travel: 5.5 m/s,401677697,-129,,0,10-Dec-2022,10:09:57,-21.5450,152.0638,65,19943,50879,7816,80,,,98,136,0,,,,,,,,,,,,,,,,,,,,,,,,,,,,,
7495,209948,3,NP,A,242,10-Dec-2022,10:10:24,-21.5450,152.0638,Rate of Travel: 5.5 m/s,401677697,-129,,0,10-Dec-2022,10:10:13,-21.5450,152.0638,65,19943,50879,7816,80,,,15,2,180,,,,,,,,,,,,,,,,,,,,,,,,,,,,,
7495,209948,3,NP,A,242,10-Dec-2022,10:10:24,-21.5450,152.0638,Rate of Travel: 5.5 m/s,401677697,-129,,0,10-Dec-2022,10:11:02,-21.5450,152.0638,65,19943,50879,7816,80,,,27,143,28,,,,,,,,,,,,,,,,,,,,,,,,,,,,,
7495,209948,3,SR,B,243,10-Dec-2022,19:26:06,-21.4611,151.9164,,401677722,-126,8,0,10-Dec-2022,19:26:06,-21.4611,151.9164,,20401,44074,9443,54,,,103,137,0,,,,,,,,,,,,,,,,,,,,,,,,,,,,,
7495,209948,3,A1,B,244,10-Dec-2022,19:38:25,-21.4720,151.9042,,401677714,-128,6,0,10-Dec-2022,19:38:25,-21.4720,151.9042,,16715,41532,6726,51,,,15,1,16,,,,,,,,,,,,,,,,,,,,,,,,,,,,,
7495,209948,31,SR,B,245,11-Dec-2022,06:28:58,-21.2794,151.9207,,401677701,-126,8,0,11-Dec-2022,06:28:59,-21.2794,151.9207,,11911,31106,4560,80,,,32,177,64,0,0,0,0,0,0,1,35,57,66,247,96,114,54,193,255,255,255,255,255,255,255,254,0,255,255,255,112,
7495,209948,3,A1,B,246,11-Dec-2022,07:34:11,-21.2727,151.9492,,401677701,-139,8,0,11-Dec-2022,07:34:11,-21.2727,151.9492,,5333,19083,1490,87,,,95,255,18,,,,,,,,,,,,,,,,,,,,,,,,,,,,,
7495,209948,3,MC, ,247,12-Dec-2022,10:40:51,,,,401650000,-125,,0,12-Dec-2022,10:40:51,,,,,,,,,,71,92,132,,,,,,,,,,,,,,,,,,,,,,,,,,,,,
7495,209948,3,NP, ,248,12-Dec-2022,21:06:31,,,,401650000,-126,,0,12-Dec-2022,21:06:31,,,,,,,,,,68,75,5,,,,,,,,,,,,,,,,,,,,,,,,,,,,,
7495,209948,31,NN, ,249,13-Dec-2022,00:03:57,,,,401650000,-125,,0,13-Dec-2022,00:03:57,,,,,,,,,,32,177,128,0,0,0,0,0,0,0,4,255,1,0,0,36,177,96,0,0,0,0,0,0,0,205,255,0,0,0,159,
7495,209948,31,MB, ,250,13-Dec-2022,11:16:50,,,,401650000,-132,,0,13-Dec-2022,11:16:50,,,,,,,,,,32,177,128,0,0,0,0,0,0,0,4,255,5,69,241,206,220,203,246,50,17,112,82,154,144,56,52,134,212,49,192,
7495,209948,31,NP, ,251,13-Dec-2022,11:16:50,,,,401650000,-133,,0,13-Dec-2022,11:16:50,,,,,,,,,,32,177,128,0,0,0,0,0,0,0,4,255,1,129,0,164,177,32,15,4,49,70,173,73,10,178,96,4,150,35,250,
7495,209948,31,NN, ,252,13-Dec-2022,12:29:15,,,,401650000,-124,,0,13-Dec-2022,12:29:15,,,,,,,,,,32,177,128,0,0,0,0,0,0,32,70,223,3,17,17,167,134,186,67,182,53,208,196,0,96,214,76,160,154,188,172,
7495,209948,3,SR,B,253,13-Dec-2022,19:26:04,-22.0744,151.4071,,401677758,-121,,0,13-Dec-2022,19:23:38,-22.0744,151.4071,293,30005,889119,1012,88,,,15,1,16,,,,,,,,,,,,,,,,,,,,,,,,,,,,,
7495,209948,3,SR,B,253,13-Dec-2022,19:26:04,-22.0744,151.4071,,401677758,-121,,0,13-Dec-2022,19:28:31,-22.0744,151.4071,293,30005,889119,1012,88,,,27,143,92,,,,,,,,,,,,,,,,,,,,,,,,,,,,,
7495,209948,3,MB,B,254,14-Dec-2022,10:52:35,-22.3437,151.3854,,401677706,-134,,0,14-Dec-2022,10:52:36,-22.3437,151.3854,,54873,115383,26096,78,,,15,1,16,,,,,,,,,,,,,,,,,,,,,,,,,,,,,
7495,209948,3,MC,B,255,14-Dec-2022,11:47:48,-22.2647,151.4964,,401677706,-122,8,0,14-Dec-2022,11:46:44,-22.2647,151.4964,129,64256,,,,,,27,143,28,,,,,,,,,,,,,,,,,,,,,,,,,,,,,
7495,209948,3,MC,B,255,14-Dec-2022,11:47:48,-22.2647,151.4964,,401677706,-122,8,0,14-Dec-2022,11:48:53,-22.2647,151.4964,129,64256,,,,,,77,70,5,,,,,,,,,,,,,,,,,,,,,,,,,,,,,
7495,209948,3,NP,B,256,15-Dec-2022,09:15:12,-22.5474,151.8987,,401677678,-133,,0,15-Dec-2022,09:14:38,-22.5474,151.8987,70,6992,51715,945,48,,,73,66,5,,,,,,,,,,,,,,,,,,,,,,,,,,,,,
7495,209948,31,NP,B,256,15-Dec-2022,09:15:12,-22.5474,151.8987,,401677678,-133,,0,15-Dec-2022,09:15:48,-22.5474,151.8987,70,6992,51715,945,48,,,32,177,192,0,0,0,16,64,16,124,127,136,8,0,206,92,30,58,111,54,98,94,59,62,54,36,109,20,225,246,142,
7495,209948,23,NN,B,257,15-Dec-2022,12:04:31,-22.5118,151.9461,,401677679,-129,8,0,15-Dec-2022,12:04:32,-22.5118,151.9461,,6421,11928,3456,50,,,73,176,165,253,40,150,250,144,71,176,141,152,22,38,195,18,5,97,27,212,145,127,192,,,,,,,,,
7495,209948,31,NK,B,258,15-Dec-2022,21:10:15,-22.4363,152.0481,,401677704,-137,8,0,15-Dec-2022,21:10:16,-22.4363,152.0481,,12346,16609,9176,56,,,32,177,192,0,0,0,0,0,0,124,255,162,0,0,0,56,177,160,0,0,0,0,0,0,5,54,255,0,0,0,174,
7495,209948,3,SR,B,259,16-Dec-2022,07:14:33,-22.9208,152.0938,,401677767,-120,8,0,16-Dec-2022,07:12:48,-22.9208,152.0938,211,26934,600110,1208,74,,,86,115,19,,,,,,,,,,,,,,,,,,,,,,,,,,,,,
7495,209948,3,SR,B,259,16-Dec-2022,07:14:33,-22.9208,152.0938,,401677767,-120,8,0,16-Dec-2022,07:16:19,-22.9208,152.0938,211,26934,600110,1208,74,,,100,134,0,,,,,,,,,,,,,,,,,,,,,,,,,,,,,
7495,209948,3,NN,B,260,16-Dec-2022,23:10:54,-23.0986,152.3947,,401677792,-130,,0,16-Dec-2022,23:10:55,-23.0986,152.3947,,69690,157824,30772,83,,,27,143,28,,,,,,,,,,,,,,,,,,,,,,,,,,,,,
7495,209948,31,A1,B,261,17-Dec-2022,07:29:05,-23.0955,152.1521,,401677805,-131,8,0,17-Dec-2022,07:29:05,-23.0955,152.1521,,102105,186394,55931,98,,,32,178,0,0,0,0,0,0,3,36,255,29,0,0,0,145,177,224,0,0,0,0,0,0,0,255,172,0,0,0,58,
7495,209948,3,SR,B,262,17-Dec-2022,08:21:43,-23.1619,152.2687,,401677817,-129,8,0,17-Dec-2022,08:21:44,-23.1619,152.2687,,77586,230088,26162,92,,,98,136,0,,,,,,,,,,,,,,,,,,,,,,,,,,,,,
7495,209948,3,NP,0,263,17-Dec-2022,08:50:16,-23.2409,151.7887,,401677692,-136,46,0,17-Dec-2022,08:47:54,-23.2409,151.7887,463,1623,3582,735,21,,,89,161,19,,,,,,,,,,,,,,,,,,,,,,,,,,,,,
7495,209948,3,NP,0,263,17-Dec-2022,08:50:16,-23.2409,151.7887,,401677692,-136,46,0,17-Dec-2022,08:48:19,-23.2409,151.7887,463,1623,3582,735,21,,,227,0,152,,,,,,,,,,,,,,,,,,,,,,,,,,,,,
7495,209948,3,NP,0,263,17-Dec-2022,08:50:16,-23.2409,151.7887,,401677692,-136,46,0,17-Dec-2022,08:49:34,-23.2409,151.7887,463,1623,3582,735,21,,,82,166,19,,,,,,,,,,,,,,,,,,,,,,,,,,,,,
7495,209948,3,NP,0,263,17-Dec-2022,08:50:16,-23.2409,151.7887,,401677692,-136,46,0,17-Dec-2022,08:52:24,-23.2409,151.7887,463,1623,3582,735,21,,,15,1,16,,,,,,,,,,,,,,,,,,,,,,,,,,,,,
7495,209948,3,NP,0,263,17-Dec-2022,08:50:16,-23.2409,151.7887,,401677692,-136,46,0,17-Dec-2022,08:53:08,-23.2409,151.7887,463,1623,3582,735,21,,,71,43,5,,,,,,,,,,,,,,,,,,,,,,,,,,,,,
7495,209948,3,NP,0,263,17-Dec-2022,08:50:16,-23.2409,151.7887,,401677692,-136,46,0,17-Dec-2022,08:54:12,-23.2409,151.7887,463,1623,3582,735,21,,,91,235,27,,,,,,,,,,,,,,,,,,,,,,,,,,,,,
7495,209948,23,NP,0,263,17-Dec-2022,08:50:16,-23.2409,151.7887,,401677692,-136,46,0,17-Dec-2022,08:55:37,-23.2409,151.7887,463,1623,3582,735,21,,,78,48,165,252,40,147,203,166,220,9,174,244,88,227,227,104,128,142,205,81,22,239,142,,,,,,,,,
7495,209948,3,NK,2,264,17-Dec-2022,09:22:24,-23.2270,151.7872,,401677697,-121,58,0,17-Dec-2022,09:10:57,-23.2270,151.7872,695,306,678,138,81,,,87,183,19,,,,,,,,,,,,,,,,,,,,,,,,,,,,,
7495,209948,3,NK,2,264,17-Dec-2022,09:22:24,-23.2270,151.7872,,401677697,-121,58,0,17-Dec-2022,09:13:50,-23.2270,151.7872,695,306,678,138,81,,,15,1,16,,,,,,,,,,,,,,,,,,,,,,,,,,,,,
7495,209948,3,NK,2,264,17-Dec-2022,09:22:24,-23.2270,151.7872,,401677697,-121,58,0,17-Dec-2022,09:15:06,-23.2270,151.7872,695,306,678,138,81,,,27,143,28,,,,,,,,,,,,,,,,,,,,,,,,,,,,,
7495,209948,3,NK,2,264,17-Dec-2022,09:22:24,-23.2270,151.7872,,401677697,-121,58,0,17-Dec-2022,09:17:07,-23.2270,151.7872,695,306,678,138,81,,,71,43,5,,,,,,,,,,,,,,,,,,,,,,,,,,,,,
7495,209948,3,NK,2,264,17-Dec-2022,09:22:24,-23.2270,151.7872,,401677697,-121,58,0,17-Dec-2022,09:19:10,-23.2270,151.7872,695,306,678,138,81,,,80,188,19,,,,,,,,,,,,,,,,,,,,,,,,,,,,,
7495,209948,3,NK,2,264,17-Dec-2022,09:22:24,-23.2270,151.7872,,401677697,-121,58,0,17-Dec-2022,09:20:56,-23.2270,151.7872,695,306,678,138,81,,,77,36,146,,,,,,,,,,,,,,,,,,,,,,,,,,,,,
7495,209948,3,NK,2,264,17-Dec-2022,09:22:24,-23.2270,151.7872,,401677697,-121,58,0,17-Dec-2022,09:22:16,-23.2270,151.7872,695,306,678,138,81,,,70,46,5,,,,,,,,,,,,,,,,,,,,,,,,,,,,,
7495,209948,3,NK,2,264,17-Dec-2022,09:22:24,-23.2270,151.7872,,401677697,-121,58,0,17-Dec-2022,09:22:32,-23.2270,151.7872,695,306,678,138,81,,,90,193,19,,,,,,,,,,,,,,,,,,,,,,,,,,,,,
7495,209948,3,NN,B,265,17-Dec-2022,13:18:10,-23.2487,151.8612,,401677710,-135,8,0,17-Dec-2022,13:18:11,-23.2487,151.8612,,8604,9101,8132,82,,,76,44,5,,,,,,,,,,,,,,,,,,,,,,,,,,,,,
7495,209948,3,SR,B,266,17-Dec-2022,19:00:12,-23.2912,151.9013,,401677683,-135,8,0,17-Dec-2022,19:00:12,-23.2912,151.9013,,13789,23464,8103,125,,,69,49,5,,,,,,,,,,,,,,,,,,,,,,,,,,,,,
7495,209948,3,NK,1,267,17-Dec-2022,22:06:59,-23.2281,151.8010,,401677695,-129,58,0,17-Dec-2022,22:04:25,-23.2281,151.8010,322,781,1863,327,152,,,156,5,25,,,,,,,,,,,,,,,,,,,,,,,,,,,,,
7495,209948,3,NK,1,267,17-Dec-2022,22:06:59,-23.2281,151.8010,,401677695,-129,58,0,17-Dec-2022,22:05:22,-23.2281,151.8010,322,781,1863,327,152,,,84,11,20,,,,,,,,,,,,,,,,,,,,,,,,,,,,,
7495,209948,3,NK,1,267,17-Dec-2022,22:06:59,-23.2281,151.8010,,401677695,-129,58,0,17-Dec-2022,22:05:39,-23.2281,151.8010,322,781,1863,327,152,,,107,133,0,,,,,,,,,,,,,,,,,,,,,,,,,,,,,
7495,209948,3,NK,1,267,17-Dec-2022,22:06:59,-23.2281,151.8010,,401677695,-129,58,0,17-Dec-2022,22:07:29,-23.2281,151.8010,322,781,1863,327,152,,,15,1,16,,,,,,,,,,,,,,,,,,,,,,,,,,,,,
7495,209948,3,NK,1,267,17-Dec-2022,22:06:59,-23.2281,151.8010,,401677695,-129,58,0,17-Dec-2022,22:09:17,-23.2281,151.8010,322,781,1863,327,152,,,27,143,28,,,,,,,,,,,,,,,,,,,,,,,,,,,,,
7495,209948,3,NK,1,267,17-Dec-2022,22:06:59,-23.2281,151.8010,,401677695,-129,58,0,17-Dec-2022,22:09:47,-23.2281,151.8010,322,781,1863,327,152,,,70,46,5,,,,,,,,,,,,,,,,,,,,,,,,,,,,,
7495,209948,3,MB,B,268,17-Dec-2022,22:36:12,-23.2908,151.9133,,401677683,-134,8,0,17-Dec-2022,22:36:12,-23.2908,151.9133,,21836,60309,7906,112,,,15,1,16,,,,,,,,,,,,,,,,,,,,,,,,,,,,,
7495,209948,3,SR,B,269,18-Dec-2022,07:55:49,-23.2803,151.8807,,401677682,-126,8,0,18-Dec-2022,07:55:00,-23.2803,151.8807,99,14410,155414,1336,70,,,75,55,5,,,,,,,,,,,,,,,,,,,,,,,,,,,,,
7495,209948,3,SR,B,269,18-Dec-2022,07:55:49,-23.2803,151.8807,,401677682,-126,8,0,18-Dec-2022,07:56:39,-23.2803,151.8807,99,14410,155414,1336,70,,,98,136,0,,,,,,,,,,,,,,,,,,,,,,,,,,,,,
7495,209948,3,MB,B,270,18-Dec-2022,11:09:19,-23.3076,151.7496,,401677717,-133,8,0,18-Dec-2022,11:08:21,-23.3076,151.7496,116,1817,16407,201,171,,,83,32,20,,,,,,,,,,,,,,,,,,,,,,,,,,,,,
7495,209948,3,MB,B,270,18-Dec-2022,11:09:19,-23.3076,151.7496,,401677717,-133,8,0,18-Dec-2022,11:10:17,-23.3076,151.7496,116,1817,16407,201,171,,,98,136,0,,,,,,,,,,,,,,,,,,,,,,,,,,,,,
7495,209948,3,NP,A,271,18-Dec-2022,20:00:16,-23.2995,151.7417,,401677676,-137,8,0,18-Dec-2022,19:56:26,-23.2995,151.7417,231,2231,16715,297,36,,,98,136,0,,,,,,,,,,,,,,,,,,,,,,,,,,,,,
7495,209948,3,NP,A,271,18-Dec-2022,20:00:16,-23.2995,151.7417,,401677676,-137,8,0,18-Dec-2022,19:56:53,-23.2995,151.7417,231,2231,16715,297,36,,,15,1,49,,,,,,,,,,,,,,,,,,,,,,,,,,,,,
7495,209948,3,NP,A,271,18-Dec-2022,20:00:16,-23.2995,151.7417,,401677676,-137,8,0,18-Dec-2022,20:00:17,-23.2995,151.7417,231,2231,16715,297,36,,,27,143,28,,,,,,,,,,,,,,,,,,,,,,,,,,,,,
7495,209948,3,NK,B,272,18-Dec-2022,20:00:16,-23.2776,151.7056,,401677676,-128,8,0,18-Dec-2022,20:00:17,-23.2776,151.7056,,3717,6162,2242,93,,,27,143,28,,,,,,,,,,,,,,,,,,,,,,,,,,,,,
7495,209948,3,SR,A,273,18-Dec-2022,20:13:41,-23.2498,151.7716,,401677697,-124,6,0,18-Dec-2022,20:07:03,-23.2498,151.7716,399,2330,32450,167,89,,,65,21,5,,,,,,,,,,,,,,,,,,,,,,,,,,,,,
7495,209948,3,SR,A,273,18-Dec-2022,20:13:41,-23.2498,151.7716,,401677697,-124,6,0,18-Dec-2022,20:07:18,-23.2498,151.7716,399,2330,32450,167,89,,,92,157,20,,,,,,,,,,,,,,,,,,,,,,,,,,,,,
7495,209948,3,SR,A,273,18-Dec-2022,20:13:41,-23.2498,151.7716,,401677697,-124,6,0,18-Dec-2022,20:13:42,-23.2498,151.7716,399,2330,32450,167,89,,,98,136,0,,,,,,,,,,,,,,,,,,,,,,,,,,,,,
7495,209948,3,MC,B,274,18-Dec-2022,23:12:15,-23.2542,151.7628,,401677692,-121,8,0,18-Dec-2022,23:12:15,-23.2542,151.7628,,13792,22216,8561,104,,,95,178,20,,,,,,,,,,,,,,,,,,,,,,,,,,,,,
7495,209948,3,NP,B,275,18-Dec-2022,23:21:18,-23.2524,151.7667,,401677694,-134,6,0,18-Dec-2022,23:21:19,-23.2524,151.7667,,9744,15071,6299,107,,,44,149,206,,,,,,,,,,,,,,,,,,,,,,,,,,,,,
7495,209948,3,A1,B,276,19-Dec-2022,18:37:02,-23.1335,151.7424,,401677718,-141,,0,19-Dec-2022,18:37:03,-23.1335,151.7424,,18333,42621,7885,82,,,15,1,16,,,,,,,,,,,,,,,,,,,,,,,,,,,,,
7495,209948,31,SR,2,277,19-Dec-2022,19:47:16,-23.0850,151.5137,,401677695,-133,48,0,19-Dec-2022,19:40:25,-23.0850,151.5137,456,495,1700,144,92,,,32,178,64,0,0,0,0,0,1,3,255,3,0,0,0,148,186,51,29,71,14,241,153,115,165,99,249,127,203,222,64,
7495,209948,3,SR,2,277,19-Dec-2022,19:47:16,-23.0850,151.5137,,401677695,-133,48,0,19-Dec-2022,19:41:14,-23.0850,151.5137,456,495,1700,144,92,,,103,137,0,,,,,,,,,,,,,,,,,,,,,,,,,,,,,
7495,209948,3,SR,2,277,19-Dec-2022,19:47:16,-23.0850,151.5137,,401677695,-133,48,0,19-Dec-2022,19:41:46,-23.0850,151.5137,456,495,1700,144,92,,,27,143,28,,,,,,,,,,,,,,,,,,,,,,,,,,,,,
7495,209948,3,SR,2,277,19-Dec-2022,19:47:16,-23.0850,151.5137,,401677695,-133,48,0,19-Dec-2022,19:43:50,-23.0850,151.5137,456,495,1700,144,92,,,98,136,0,,,,,,,,,,,,,,,,,,,,,,,,,,,,,
7495,209948,3,SR,2,277,19-Dec-2022,19:47:16,-23.0850,151.5137,,401677695,-133,48,0,19-Dec-2022,19:44:14,-23.0850,151.5137,456,495,1700,144,92,,,15,1,16,,,,,,,,,,,,,,,,,,,,,,,,,,,,,
7495,209948,3,SR,2,277,19-Dec-2022,19:47:16,-23.0850,151.5137,,401677695,-133,48,0,19-Dec-2022,19:46:31,-23.0850,151.5137,456,495,1700,144,92,,,64,48,5,,,,,,,,,,,,,,,,,,,,,,,,,,,,,
7495,209948,3,SR,2,277,19-Dec-2022,19:47:16,-23.0850,151.5137,,401677695,-133,48,0,19-Dec-2022,19:48:01,-23.0850,151.5137,456,495,1700,144,92,,,94,22,21,,,,,,,,,,,,,,,,,,,,,,,,,,,,,
7495,209948,3,NK,A,278,19-Dec-2022,21:14:28,-23.0388,151.4804,,401677696,-124,8,0,19-Dec-2022,21:09:09,-23.0388,151.4804,553,1684,21946,129,99,,,27,143,28,,,,,,,,,,,,,,,,,,,,,,,,,,,,,
7495,209948,3,NK,A,278,19-Dec-2022,21:14:28,-23.0388,151.4804,,401677696,-124,8,0,19-Dec-2022,21:15:55,-23.0388,151.4804,553,1684,21946,129,99,,,97,135,0,,,,,,,,,,,,,,,,,,,,,,,,,,,,,
7495,209948,3,NK,A,278,19-Dec-2022,21:14:28,-23.0388,151.4804,,401677696,-124,8,0,19-Dec-2022,21:18:22,-23.0388,151.4804,553,1684,21946,129,99,,,15,1,16,,,,,,,,,,,,,,,,,,,,,,,,,,,,,
7495,209948,3,SR,B,279,19-Dec-2022,21:17:08,-23.0618,151.4393,,401677682,-129,8,0,19-Dec-2022,21:15:55,-23.0618,151.4393,147,4561,22429,927,76,,,97,135,0,,,,,,,,,,,,,,,,,,,,,,,,,,,,,
7495,209948,3,SR,B,279,19-Dec-2022,21:17:08,-23.0618,151.4393,,401677682,-129,8,0,19-Dec-2022,21:18:22,-23.0618,151.4393,147,4561,22429,927,76,,,15,1,16,,,,,,,,,,,,,,,,,,,,,,,,,,,,,
7495,209948,3,MC,B,280,19-Dec-2022,22:58:11,-23.0271,151.5008,,401677695,-129,8,0,19-Dec-2022,22:57:01,-23.0271,151.5008,142,2155,6488,716,132,,,15,1,16,,,,,,,,,,,,,,,,,,,,,,,,,,,,,
7495,209948,3,MC,B,280,19-Dec-2022,22:58:11,-23.0271,151.5008,,401677695,-129,8,0,19-Dec-2022,22:59:23,-23.0271,151.5008,142,2155,6488,716,132,,,91,143,28,,,,,,,,,,,,,,,,,,,,,,,,,,,,,
7495,209948,3,SR,3,281,20-Dec-2022,08:24:46,-22.9646,151.3993,,401677709,-129,58,0,20-Dec-2022,08:24:39,-22.9646,151.3993,562,223,234,212,142,,,103,137,0,,,,,,,,,,,,,,,,,,,,,,,,,,,,,
7495,209948,3,SR,3,281,20-Dec-2022,08:24:46,-22.9646,151.3993,,401677709,-129,58,0,20-Dec-2022,08:24:55,-22.9646,151.3993,562,223,234,212,142,,,15,1,16,,,,,,,,,,,,,,,,,,,,,,,,,,,,,
7495,209948,3,SR,3,281,20-Dec-2022,08:24:46,-22.9646,151.3993,,401677709,-129,58,0,20-Dec-2022,08:25:44,-22.9646,151.3993,562,223,234,212,142,,,94,121,21,,,,,,,,,,,,,,,,,,,,,,,,,,,,,
7495,209948,3,SR,3,281,20-Dec-2022,08:24:46,-22.9646,151.3993,,401677709,-129,58,1,20-Dec-2022,08:27:04,-22.9646,151.3993,562,223,234,212,142,,,79,51,5,,,,,,,,,,,,,,,,,,,,,,,,,,,,,
7495,209948,3,SR,3,281,20-Dec-2022,08:24:46,-22.9646,151.3993,,401677709,-129,58,0,20-Dec-2022,08:27:23,-22.9646,151.3993,562,223,234,212,142,,,85,126,21,,,,,,,,,,,,,,,,,,,,,,,,,,,,,
7495,209948,3,SR,3,281,20-Dec-2022,08:24:46,-22.9646,151.3993,,401677709,-129,58,0,20-Dec-2022,08:28:25,-22.9646,151.3993,562,223,234,212,142,,,27,249,222,,,,,,,,,,,,,,,,,,,,,,,,,,,,,
7495,209948,3,SR,3,281,20-Dec-2022,08:24:46,-22.9646,151.3993,,401677709,-129,58,0,20-Dec-2022,08:28:52,-22.9646,151.3993,562,223,234,212,142,,,74,50,5,,,,,,,,,,,,,,,,,,,,,,,,,,,,,
7495,209948,3,SR,3,281,20-Dec-2022,08:24:46,-22.9646,151.3993,,401677709,-129,58,1,20-Dec-2022,08:29:24,-22.9646,151.3993,562,223,234,212,142,,,100,134,0,,,,,,,,,,,,,,,,,,,,,,,,,,,,,
7495,209948,3,SR,3,281,20-Dec-2022,08:24:46,-22.9646,151.3993,,401677709,-129,58,2,20-Dec-2022,08:29:43,-22.9646,151.3993,562,223,234,212,142,,,15,1,16,,,,,,,,,,,,,,,,,,,,,,,,,,,,,
7495,209948,3,SR,3,281,20-Dec-2022,08:24:46,-22.9646,151.3993,,401677709,-129,58,0,20-Dec-2022,08:31:17,-22.9646,151.3993,562,223,234,212,142,,,91,137,21,,,,,,,,,,,,,,,,,,,,,,,,,,,,,
7495,209948,3,SR,3,281,20-Dec-2022,08:24:46,-22.9646,151.3993,,401677709,-129,58,0,20-Dec-2022,08:32:00,-22.9646,151.3993,562,223,234,212,142,,,98,136,0,,,,,,,,,,,,,,,,,,,,,,,,,,,,,
7495,209948,3,SR,3,281,20-Dec-2022,08:24:46,-22.9646,151.3993,,401677709,-129,58,1,20-Dec-2022,08:32:48,-22.9646,151.3993,562,223,234,212,142,,,27,143,28,,,,,,,,,,,,,,,,,,,,,,,,,,,,,
7495,209948,3,SR,3,281,20-Dec-2022,08:24:46,-22.9646,151.3993,,401677709,-129,58,0,20-Dec-2022,08:34:01,-22.9646,151.3993,562,223,234,212,142,,,40,202,4,,,,,,,,,,,,,,,,,,,,,,,,,,,,,
7495,209948,3,MB,B,282,20-Dec-2022,10:23:22,-22.9184,151.3459,,401677704,-134,8,0,20-Dec-2022,10:23:22,-22.9184,151.3459,133,3706,19585,701,78,,,19,143,28,,,,,,,,,,,,,,,,,,,,,,,,,,,,,
7495,209948,3,MB,B,282,20-Dec-2022,10:23:22,-22.9184,151.3459,,401677704,-134,8,0,20-Dec-2022,10:25:35,-22.9184,151.3459,133,3706,19585,701,78,,,74,58,4,,,,,,,,,,,,,,,,,,,,,,,,,,,,,
7495,209948,3,SR,B,283,20-Dec-2022,19:09:52,-22.7197,151.1248,,401677706,-127,8,0,20-Dec-2022,19:09:53,-22.7197,151.1248,,11318,27925,4586,84,,,98,136,0,,,,,,,,,,,,,,,,,,,,,,,,,,,,,
7495,209948,23,SR,B,284,20-Dec-2022,20:46:13,-22.7110,151.3267,,401677690,-129,8,0,20-Dec-2022,20:45:19,-22.7110,151.3267,110,1826,17932,186,58,,,84,112,165,253,40,150,250,144,74,83,30,211,151,44,9,18,3,252,27,211,161,127,192,,,,,,,,,
7495,209948,3,SR,B,284,20-Dec-2022,20:46:13,-22.7110,151.3267,,401677690,-129,8,0,20-Dec-2022,20:47:09,-22.7110,151.3267,110,1826,17932,186,58,,,66,58,5,,,,,,,,,,,,,,,,,,,,,,,,,,,,,
7495,209948,23,NK,B,285,20-Dec-2022,20:46:13,-22.6928,151.3552,,401677693,-128,,0,20-Dec-2022,20:45:19,-22.6928,151.3552,110,695,3438,140,69,,,84,112,165,253,40,150,250,144,74,83,30,215,214,44,9,18,1,252,27,211,161,127,192,,,,,,,,,
7495,209948,3,NK,B,285,20-Dec-2022,20:46:13,-22.6928,151.3552,,401677693,-128,,0,20-Dec-2022,20:47:09,-22.6928,151.3552,110,695,3438,140,69,,,66,58,5,,,,,,,,,,,,,,,,,,,,,,,,,,,,,
7495,209948,31,SR,B,286,21-Dec-2022,08:03:50,-22.4423,151.3397,,401677706,-138,8,0,21-Dec-2022,08:03:50,-22.4423,151.3397,,3591,3962,3255,77,,,32,178,128,0,0,0,0,0,0,0,255,2,0,96,103,64,156,78,31,63,95,138,112,119,4,168,51,41,240,105,30,
7495,209948,3,NK,A,287,21-Dec-2022,09:10:51,-22.3960,151.3228,,401677701,-127,8,0,21-Dec-2022,09:09:10,-22.3960,151.3228,160,6465,98355,424,108,,,15,1,16,,,,,,,,,,,,,,,,,,,,,,,,,,,,,
7495,209948,3,NK,A,287,21-Dec-2022,09:10:51,-22.3960,151.3228,,401677701,-127,8,0,21-Dec-2022,09:11:34,-22.3960,151.3228,160,6465,98355,424,108,,,70,62,5,,,,,,,,,,,,,,,,,,,,,,,,,,,,,
7495,209948,23,NK,A,287,21-Dec-2022,09:10:51,-22.3960,151.3228,,401677701,-127,8,0,21-Dec-2022,09:11:50,-22.3960,151.3228,160,6465,98355,424,108,,,78,80,165,253,40,175,4,140,165,80,50,205,85,139,83,229,77,69,137,53,12,196,131,,,,,,,,,
7495,209948,3,A1, ,288,22-Dec-2022,19:17:58,,,,401650000,-136,,0,22-Dec-2022,19:17:58,,,,,,,,,,91,121,22,,,,,,,,,,,,,,,,,,,,,,,,,,,,,
7495,209948,23,NP,B,289,22-Dec-2022,22:24:15,-22.3207,151.4496,,401677691,-133,,0,22-Dec-2022,22:23:34,-22.3207,151.4496,84,29643,230340,3814,135,,,72,208,165,253,40,22,250,144,75,89,197,22,214,45,3,165,139,217,242,158,146,246,224,,,,,,,,,
7495,209948,3,NP,B,289,22-Dec-2022,22:24:15,-22.3207,151.4496,,401677691,-133,,0,22-Dec-2022,22:24:58,-22.3207,151.4496,84,29643,230340,3814,135,,,67,63,5,,,,,,,,,,,,,,,,,,,,,,,,,,,,,
7495,209948,3,NK,B,290,23-Dec-2022,19:38:01,-22.3725,151.3998,,401677708,-133,,0,23-Dec-2022,19:38:02,-22.3725,151.3998,,31828,80000,12662,133,,,7,17,20,,,,,,,,,,,,,,,,,,,,,,,,,,,,,
7495,209948,31,NK,B,291,23-Dec-2022,21:16:46,-22.6837,151.5286,,401677694,-124,8,0,23-Dec-2022,21:15:34,-22.6837,151.5286,144,18271,494145,675,95,,,32,178,192,0,0,0,0,0,0,0,186,255,0,0,0,15,178,160,0,0,0,0,0,0,0,57,255,0,0,0,59,
7495,209948,3,NK,B,291,23-Dec-2022,21:16:46,-22.6837,151.5286,,401677694,-124,8,0,23-Dec-2022,21:17:58,-22.6837,151.5286,144,18271,494145,675,95,,,85,158,22,,,,,,,,,,,,,,,,,,,,,,,,,,,,,
7495,209948,3,MC,A,292,23-Dec-2022,23:13:22,-22.7591,151.7001,,401677694,-117,8,0,23-Dec-2022,23:12:31,-22.7591,151.7001,141,14701,270978,797,100,,,98,136,0,,,,,,,,,,,,,,,,,,,,,,,,,,,,,
7495,209948,31,MC,A,292,23-Dec-2022,23:13:22,-22.7591,151.7001,,401677694,-117,8,0,23-Dec-2022,23:12:46,-22.7591,151.7001,141,14701,270978,797,100,,,32,178,192,0,0,0,0,0,0,0,186,255,0,0,0,15,178,160,0,0,0,0,0,0,0,57,255,0,0,0,59,
7495,209948,3,MC,A,292,23-Dec-2022,23:13:22,-22.7591,151.7001,,401677694,-117,8,0,23-Dec-2022,23:14:52,-22.7591,151.7001,141,14701,270978,797,100,,,15,1,16,,,,,,,,,,,,,,,,,,,,,,,,,,,,,
7495,209948,3,NN,B,293,23-Dec-2022,23:28:53,-22.7469,151.5277,,401677681,-123,6,0,23-Dec-2022,23:24:48,-22.7469,151.5277,246,2574,29663,223,136,,,27,143,28,,,,,,,,,,,,,,,,,,,,,,,,,,,,,
7495,209948,3,NN,B,293,23-Dec-2022,23:28:53,-22.7469,151.5277,,401677681,-123,6,0,23-Dec-2022,23:28:54,-22.7469,151.5277,246,2574,29663,223,136,,,65,61,200,,,,,,,,,,,,,,,,,,,,,,,,,,,,,
7495,209948,3,MB,B,294,23-Dec-2022,23:55:26,-22.7436,151.5574,,401677709,-135,6,0,23-Dec-2022,23:55:26,-22.7436,151.5574,,12724,48340,3349,102,,,98,136,0,,,,,,,,,,,,,,,,,,,,,,,,,,,,,
7495,209948,3,SR,B,295,24-Dec-2022,18:49:57,-23.2335,151.7936,,401677757,-137,,0,24-Dec-2022,18:49:57,-23.2335,151.7936,,4661,6747,3220,76,,,15,1,16,,,,,,,,,,,,,,,,,,,,,,,,,,,,,
7495,209948,23,A1,B,296,24-Dec-2022,20:20:27,-23.1724,151.8199,,401677758,-128,8,0,24-Dec-2022,20:20:28,-23.1724,151.8199,,3422,12285,953,100,,,64,16,165,253,40,150,250,145,220,192,190,119,156,132,41,161,208,24,110,118,123,28,219,,,,,,,,,
7495,209948,23,SR,B,297,24-Dec-2022,20:20:27,-23.1582,151.8418,,401677730,-133,,0,24-Dec-2022,20:20:28,-23.1582,151.8418,,3748,21908,641,97,,,64,16,165,253,40,150,250,144,189,244,233,24,197,166,209,7,224,59,138,16,97,242,5,,,,,,,,,
7495,209948,3,NK,A,298,24-Dec-2022,20:50:07,-23.1228,151.6006,,401677697,-122,6,0,24-Dec-2022,20:48:15,-23.1228,151.6006,212,502,2756,91,86,,,70,46,5,,,,,,,,,,,,,,,,,,,,,,,,,,,,,
7495,209948,3,NK,A,298,24-Dec-2022,20:50:07,-23.1228,151.6006,,401677697,-122,6,0,24-Dec-2022,20:50:21,-23.1228,151.6006,212,502,2756,91,86,,,107,133,0,,,,,,,,,,,,,,,,,,,,,,,,,,,,,
7495,209948,3,NK,A,298,24-Dec-2022,20:50:07,-23.1228,151.6006,,401677697,-122,6,0,24-Dec-2022,20:51:47,-23.1228,151.6006,212,502,2756,91,86,,,15,1,16,,,,,,,,,,,,,,,,,,,,,,,,,,,,,
7495,209948,3,NN,B,299,24-Dec-2022,23:09:56,-23.1430,151.6597,,401677684,-137,8,0,24-Dec-2022,23:09:57,-23.1430,151.6597,,3732,4115,3383,86,,,27,143,28,,,,,,,,,,,,,,,,,,,,,,,,,,,,,
7495,209948,23,MC,B,300,25-Dec-2022,00:31:36,-23.1551,151.6966,,401677694,-121,8,0,25-Dec-2022,00:31:37,-23.1551,151.6966,,4379,5599,3424,80,,,67,208,165,253,40,150,250,150,76,130,71,151,86,45,203,10,11,255,27,210,177,127,192,,,,,,,,,
7495,209948,3,NK,A,301,25-Dec-2022,09:10:16,-23.3140,151.7175,,401677694,-122,8,0,25-Dec-2022,09:09:39,-23.3140,151.7175,95,3920,124431,123,93,,,15,1,16,,,,,,,,,,,,,,,,,,,,,,,,,,,,,
7495,209948,3,NK,A,301,25-Dec-2022,09:10:16,-23.3140,151.7175,,401677694,-122,8,0,25-Dec-2022,09:09:54,-23.3140,151.7175,95,3920,124431,123,93,,,27,143,28,,,,,,,,,,,,,,,,,,,,,,,,,,,,,
7495,209948,3,NK,A,301,25-Dec-2022,09:10:16,-23.3140,151.7175,,401677694,-122,8,0,25-Dec-2022,09:11:14,-23.3140,151.7175,95,3920,124431,123,93,,,68,36,5,,,,,,,,,,,,,,,,,,,,,,,,,,,,,
7495,209948,3,SR,B,302,25-Dec-2022,09:10:34,-23.2246,151.7821,,401677733,-132,8,0,25-Dec-2022,09:09:54,-23.2246,151.7821,80,2204,9748,498,42,,,27,143,28,,,,,,,,,,,,,,,,,,,,,,,,,,,,,
7495,209948,3,SR,B,302,25-Dec-2022,09:10:34,-23.2246,151.7821,,401677733,-132,8,0,25-Dec-2022,09:11:14,-23.2246,151.7821,80,2204,9748,498,42,,,68,36,5,,,,,,,,,,,,,,,,,,,,,,,,,,,,,
7495,209948,3,NP,B,303,25-Dec-2022,10:40:31,-23.3155,151.7467,,401677691,-122,8,0,25-Dec-2022,10:40:32,-23.3155,151.7467,25,1373,5865,321,83,,,103,137,0,,,,,,,,,,,,,,,,,,,,,,,,,,,,,
7495,209948,3,NP,B,303,25-Dec-2022,10:40:31,-23.3155,151.7467,,401677691,-122,8,0,25-Dec-2022,10:40:57,-23.3155,151.7467,25,1373,5865,321,83,,,15,1,16,,,,,,,,,,,,,,,,,,,,,,,,,,,,,
7495,209948,3,NK,B,304,25-Dec-2022,10:50:42,-23.3162,151.7359,,401677692,-128,6,0,25-Dec-2022,10:50:43,-23.3162,151.7359,,1754,7021,438,84,,,27,143,28,,,,,,,,,,,,,,,,,,,,,,,,,,,,,
7495,209948,3,SR,B,305,25-Dec-2022,19:52:16,-23.2556,151.6882,,401677699,-131,8,0,25-Dec-2022,19:48:35,-23.2556,151.6882,444,10722,377898,304,61,,,98,136,0,,,,,,,,,,,,,,,,,,,,,,,,,,,,,
7495,209948,3,SR,B,305,25-Dec-2022,19:52:16,-23.2556,151.6882,,401677699,-131,8,0,25-Dec-2022,19:55:59,-23.2556,151.6882,444,10722,377898,304,61,,,27,143,28,,,,,,,,,,,,,,,,,,,,,,,,,,,,,
7495,209948,3,SR,B,306,25-Dec-2022,21:30:48,-23.2808,151.6842,,401677709,-137,8,0,25-Dec-2022,21:30:49,-23.2808,151.6842,,16250,49172,5370,59,,,75,39,5,,,,,,,,,,,,,,,,,,,,,,,,,,,,,
7495,209948,23,NP,B,307,26-Dec-2022,08:46:40,-23.1318,151.9886,,401677731,-138,8,0,26-Dec-2022,08:46:40,-23.1318,151.9886,91,11391,65241,1988,128,,,93,16,165,253,40,150,250,144,77,35,57,150,214,43,109,190,64,147,225,245,247,178,73,,,,,,,,,
7495,209948,3,NP,B,307,26-Dec-2022,08:46:40,-23.1318,151.9886,,401677731,-138,8,0,26-Dec-2022,08:48:11,-23.1318,151.9886,91,11391,65241,1988,128,,,98,136,8,,,,,,,,,,,,,,,,,,,,,,,,,,,,,
7495,209948,23,NK,2,308,26-Dec-2022,08:53:37,-23.0490,151.8917,,401677695,-128,56,0,26-Dec-2022,08:46:40,-23.0490,151.8917,417,286,594,137,104,,,93,16,165,253,40,150,250,144,77,35,57,150,150,47,41,16,129,254,95,49,227,36,113,,,,,,,,,
7495,209948,3,NK,2,308,26-Dec-2022,08:53:37,-23.0490,151.8917,,401677695,-128,56,0,26-Dec-2022,08:47:38,-23.0490,151.8917,417,286,594,137,104,,,81,149,23,,,,,,,,,,,,,,,,,,,,,,,,,,,,,
7495,209948,3,NK,2,308,26-Dec-2022,08:53:37,-23.0490,151.8917,,401677695,-128,56,0,26-Dec-2022,08:48:11,-23.0490,151.8917,417,286,594,137,104,,,98,136,0,,,,,,,,,,,,,,,,,,,,,,,,,,,,,
7495,209948,3,NK,2,308,26-Dec-2022,08:53:37,-23.0490,151.8917,,401677695,-128,56,0,26-Dec-2022,08:48:27,-23.0490,151.8917,417,286,594,137,104,,,15,1,16,,,,,,,,,,,,,,,,,,,,,,,,,,,,,
7495,209948,3,NK,2,308,26-Dec-2022,08:53:37,-23.0490,151.8917,,401677695,-128,56,0,26-Dec-2022,08:49:22,-23.0490,151.8917,417,286,594,137,104,,,71,43,5,,,,,,,,,,,,,,,,,,,,,,,,,,,,,
7495,209948,3,NK,2,308,26-Dec-2022,08:53:37,-23.0490,151.8917,,401677695,-128,56,0,26-Dec-2022,08:49:48,-23.0490,151.8917,417,286,594,137,104,,,82,25,32,,,,,,,,,,,,,,,,,,,,,,,,,,,,,
7495,209948,3,NK,2,308,26-Dec-2022,08:53:37,-23.0490,151.8917,,401677695,-128,56,0,26-Dec-2022,08:51:22,-23.0490,151.8917,417,286,594,137,104,,,97,144,126,,,,,,,,,,,,,,,,,,,,,,,,,,,,,
7495,209948,3,NK,2,308,26-Dec-2022,08:53:37,-23.0490,151.8917,,401677695,-128,56,0,26-Dec-2022,08:53:37,-23.0490,151.8917,417,286,594,137,104,,,27,143,28,,,,,,,,,,,,,,,,,,,,,,,,,,,,,
7495,209948,3,MC,3,309,26-Dec-2022,10:52:02,-23.0734,151.8746,,401677695,-118,58,0,26-Dec-2022,10:50:24,-23.0734,151.8746,566,164,263,102,39,,,84,164,23,,,,,,,,,,,,,,,,,,,,,,,,,,,,,
7495,209948,3,MC,3,309,26-Dec-2022,10:52:02,-23.0734,151.8746,,401677695,-118,58,0,26-Dec-2022,10:51:22,-23.0734,151.8746,566,164,263,102,39,,,98,136,0,,,,,,,,,,,,,,,,,,,,,,,,,,,,,
7495,209948,3,MC,3,309,26-Dec-2022,10:52:02,-23.0734,151.8746,,401677695,-118,58,0,26-Dec-2022,10:52:09,-23.0734,151.8746,566,164,263,102,39,,,15,1,16,,,,,,,,,,,,,,,,,,,,,,,,,,,,,
7495,209948,3,MC,3,309,26-Dec-2022,10:52:02,-23.0734,151.8746,,401677695,-118,58,0,26-Dec-2022,10:54:15,-23.0734,151.8746,566,164,263,102,39,,,27,143,28,,,,,,,,,,,,,,,,,,,,,,,,,,,,,
7495,209948,3,MC,3,309,26-Dec-2022,10:52:02,-23.0734,151.8746,,401677695,-118,58,0,26-Dec-2022,10:56:57,-23.0734,151.8746,566,164,263,102,39,,,93,169,23,,,,,,,,,,,,,,,,,,,,,,,,,,,,,
7495,209948,3,MC,3,309,26-Dec-2022,10:52:02,-23.0734,151.8746,,401677695,-118,58,0,26-Dec-2022,10:57:27,-23.0734,151.8746,566,164,263,102,39,,,108,16,39,,,,,,,,,,,,,,,,,,,,,,,,,,,,,
7495,209948,3,MC,3,309,26-Dec-2022,10:52:02,-23.0734,151.8746,,401677695,-118,58,1,26-Dec-2022,10:57:54,-23.0734,151.8746,566,164,263,102,39,,,15,1,16,,,,,,,,,,,,,,,,,,,,,,,,,,,,,
7495,209948,3,MC,3,309,26-Dec-2022,10:52:02,-23.0734,151.8746,,401677695,-118,58,1,26-Dec-2022,10:59:50,-23.0734,151.8746,566,164,263,102,39,,,27,143,28,,,,,,,,,,,,,,,,,,,,,,,,,,,,,
7495,209948,3,NN,2,310,26-Dec-2022,11:32:37,-23.0732,151.8504,,401677690,-127,58,0,26-Dec-2022,11:32:37,-23.0732,151.8504,408,256,402,163,174,,,27,143,28,,,,,,,,,,,,,,,,,,,,,,,,,,,,,
7495,209948,3,NN,2,310,26-Dec-2022,11:32:37,-23.0732,151.8504,,401677690,-127,58,0,26-Dec-2022,11:36:54,-23.0732,151.8504,408,256,402,163,174,,,76,44,5,,,,,,,,,,,,,,,,,,,,,,,,,,,,,
7495,209948,3,NN,2,310,26-Dec-2022,11:32:37,-23.0732,151.8504,,401677690,-127,58,0,26-Dec-2022,11:38:09,-23.0732,151.8504,408,256,402,163,174,,,86,190,23,,,,,,,,,,,,,,,,,,,,,,,,,,,,,
7495,209948,3,NN,2,310,26-Dec-2022,11:32:37,-23.0732,151.8504,,401677690,-127,58,0,26-Dec-2022,11:38:32,-23.0732,151.8504,408,256,402,163,174,,,98,136,0,,,,,,,,,,,,,,,,,,,,,,,,,,,,,
7495,209948,3,NN,2,310,26-Dec-2022,11:32:37,-23.0732,151.8504,,401677690,-127,58,0,26-Dec-2022,11:39:25,-23.0732,151.8504,408,256,402,163,174,,,15,1,16,,,,,,,,,,,,,,,,,,,,,,,,,,,,,
7495,209948,3,MB,1,311,26-Dec-2022,11:43:20,-23.0565,151.8636,,401677695,-125,56,0,26-Dec-2022,11:45:08,-23.0565,151.8636,313,694,3932,122,77,,,92,195,23,,,,,,,,,,,,,,,,,,,,,,,,,,,,,
7495,209948,3,MB,1,311,26-Dec-2022,11:43:20,-23.0565,151.8636,,401677695,-125,56,0,26-Dec-2022,11:45:24,-23.0565,151.8636,313,694,3932,122,77,,,100,134,0,,,,,,,,,,,,,,,,,,,,,,,,,,,,,
7495,209948,3,MB,1,311,26-Dec-2022,11:43:20,-23.0565,151.8636,,401677695,-125,56,1,26-Dec-2022,11:46:52,-23.0565,151.8636,313,694,3932,122,77,,,15,1,16,,,,,,,,,,,,,,,,,,,,,,,,,,,,,
7495,209948,23,MB,1,311,26-Dec-2022,11:43:20,-23.0565,151.8636,,401677695,-125,56,0,26-Dec-2022,11:47:37,-23.0565,151.8636,313,694,3932,122,77,,,76,48,165,253,40,150,250,144,77,47,72,216,24,47,141,16,1,242,27,210,177,127,192,,,,,,,,,
7495,209948,3,MB,1,311,26-Dec-2022,11:43:20,-23.0565,151.8636,,401677695,-125,56,1,26-Dec-2022,11:50:21,-23.0565,151.8636,313,694,3932,122,77,,,27,143,28,,,,,,,,,,,,,,,,,,,,,,,,,,,,,
7495,209948,3,MC,0,312,26-Dec-2022,12:37:08,-23.0358,151.8329,,401677687,-117,58,0,26-Dec-2022,12:36:24,-23.0358,151.8329,125,2531,10532,608,48,,,27,143,28,,,,,,,,,,,,,,,,,,,,,,,,,,,,,
7495,209948,3,MC,0,312,26-Dec-2022,12:37:08,-23.0358,151.8329,,401677687,-117,58,0,26-Dec-2022,12:37:04,-23.0358,151.8329,125,2531,10532,608,48,,,70,46,5,,,,,,,,,,,,,,,,,,,,,,,,,,,,,
7495,209948,3,MC,0,312,26-Dec-2022,12:37:08,-23.0358,151.8329,,401677687,-117,58,0,26-Dec-2022,12:37:21,-23.0358,151.8329,125,2531,10532,608,48,,,85,206,23,,,,,,,,,,,,,,,,,,,,,,,,,,,,,
7495,209948,3,MC,0,312,26-Dec-2022,12:37:08,-23.0358,151.8329,,401677687,-117,58,0,26-Dec-2022,12:37:45,-23.0358,151.8329,125,2531,10532,608,48,,,98,136,0,,,,,,,,,,,,,,,,,,,,,,,,,,,,,
7495,209948,3,MC,0,312,26-Dec-2022,12:37:08,-23.0358,151.8329,,401677687,-117,58,1,26-Dec-2022,12:38:29,-23.0358,151.8329,125,2531,10532,608,48,,,27,143,28,,,,,,,,,,,,,,,,,,,,,,,,,,,,,
7495,209948,3,SR,0,313,26-Dec-2022,19:27:13,-23.0043,151.6872,,401677690,-128,58,0,26-Dec-2022,19:25:22,-23.0043,151.6872,278,2483,23858,258,62,,,97,135,0,,,,,,,,,,,,,,,,,,,,,,,,,,,,,
7495,209948,3,SR,0,313,26-Dec-2022,19:27:13,-23.0043,151.6872,,401677690,-128,58,0,26-Dec-2022,19:25:48,-23.0043,151.6872,278,2483,23858,258,62,,,15,1,16,,,,,,,,,,,,,,,,,,,,,,,,,,,,,
7495,209948,3,SR,0,313,26-Dec-2022,19:27:13,-23.0043,151.6872,,401677690,-128,58,0,26-Dec-2022,19:26:55,-23.0043,151.6872,278,2483,23858,258,62,,,27,143,28,,,,,,,,,,,,,,,,,,,,,,,,,,,,,
7495,209948,3,SR,0,313,26-Dec-2022,19:27:13,-23.0043,151.6872,,401677690,-128,58,0,26-Dec-2022,19:28:01,-23.0043,151.6872,278,2483,23858,258,62,,,82,33,24,,,,,,,,,,,,,,,,,,,,,,,,,,,,,
7495,209948,3,SR,0,313,26-Dec-2022,19:27:13,-23.0043,151.6872,,401677690,-128,58,0,26-Dec-2022,19:30:00,-23.0043,151.6872,278,2483,23858,258,62,,,15,1,80,,,,,,,,,,,,,,,,,,,,,,,,,,,,,
7495,209948,3,A1,B,314,26-Dec-2022,19:42:46,-22.9849,151.7099,,401677697,-131,6,0,26-Dec-2022,19:42:06,-22.9849,151.7099,81,1625,3967,665,93,,,82,49,24,,,,,,,,,,,,,,,,,,,,,,,,,,,,,
7495,209948,3,A1,B,314,26-Dec-2022,19:42:46,-22.9849,151.7099,,401677697,-131,6,0,26-Dec-2022,19:43:27,-22.9849,151.7099,81,1625,3967,665,93,,,15,1,16,,,,,,,,,,,,,,,,,,,,,,,,,,,,,
7495,209948,3,NK,A,315,26-Dec-2022,20:00:28,-22.9765,151.7048,,401677688,-130,6,0,26-Dec-2022,19:58:31,-22.9765,151.7048,279,532,2342,120,90,,,89,54,24,,,,,,,,,,,,,,,,,,,,,,,,,,,,,
7495,209948,3,NK,A,315,26-Dec-2022,20:00:28,-22.9765,151.7048,,401677688,-130,6,0,26-Dec-2022,19:59:46,-22.9765,151.7048,279,532,2342,120,90,,,97,135,0,,,,,,,,,,,,,,,,,,,,,,,,,,,,,
7495,209948,3,NK,A,315,26-Dec-2022,20:00:28,-22.9765,151.7048,,401677688,-130,6,0,26-Dec-2022,20:03:10,-22.9765,151.7048,279,532,2342,120,90,,,27,143,42,,,,,,,,,,,,,,,,,,,,,,,,,,,,,
7495,209948,3,NP,B,316,26-Dec-2022,20:03:09,-22.9843,151.7116,,401677688,-138,6,0,26-Dec-2022,20:03:10,-22.9843,151.7116,,2059,3180,1332,94,,,27,142,92,,,,,,,,,,,,,,,,,,,,,,,,,,,,,
7495,209948,31,NK,A,317,27-Dec-2022,08:22:30,-22.7253,151.5998,,401677696,-133,,0,27-Dec-2022,08:19:13,-22.7253,151.5998,346,557,1470,211,17,,,32,179,64,0,0,0,0,0,0,2,255,0,0,0,0,189,179,32,0,0,0,0,0,0,0,255,0,0,0,0,234,
7495,209948,3,NK,A,317,27-Dec-2022,08:22:30,-22.7253,151.5998,,401677696,-133,,0,27-Dec-2022,08:23:21,-22.7253,151.5998,346,557,1470,211,17,,,15,33,92,,,,,,,,,,,,,,,,,,,,,,,,,,,,,
7495,209948,3,NK,A,317,27-Dec-2022,08:22:30,-22.7253,151.5998,,401677696,-133,,0,27-Dec-2022,08:24:59,-22.7253,151.5998,346,557,1470,211,17,,,77,57,5,,,,,,,,,,,,,,,,,,,,,,,,,,,,,
7495,209948,3,SR,B,318,27-Dec-2022,18:49:16,-22.5699,151.5872,,401677722,-135,8,0,27-Dec-2022,18:49:16,-22.5699,151.5872,,5742,8472,3891,110,,,66,58,5,,,,,,,,,,,,,,,,,,,,,,,,,,,,,
7495,209948,3,A1,B,319,27-Dec-2022,19:24:59,-22.5541,151.5815,,401677708,-141,8,0,27-Dec-2022,19:24:59,-22.5541,151.5815,,7371,14579,3727,125,,,92,185,24,,,,,,,,,,,,,,,,,,,,,,,,,,,,,
7495,209948,23,NP,2,320,27-Dec-2022,21:24:56,-22.4812,151.6384,,401677704,-137,58,0,27-Dec-2022,21:24:57,-22.4812,151.6384,316,453,5588,36,102,,,64,176,165,253,40,150,250,144,77,213,224,18,88,49,129,18,1,255,26,211,193,127,192,,,,,,,,,
7495,209948,3,NP,2,320,27-Dec-2022,21:24:56,-22.4812,151.6384,,401677704,-137,58,0,27-Dec-2022,21:26:43,-22.4812,151.6384,316,453,5588,36,102,,,15,1,16,,,,,,,,,,,,,,,,,,,,,,,,,,,,,
7495,209948,3,NP,2,320,27-Dec-2022,21:24:56,-22.4812,151.6384,,401677704,-137,58,0,27-Dec-2022,21:29:43,-22.4812,151.6384,316,453,5588,36,102,,,73,61,5,,,,,,,,,,,,,,,,,,,,,,,,,,,,,
7495,209948,3,NP,2,320,27-Dec-2022,21:24:56,-22.4812,151.6384,,401677704,-137,58,0,27-Dec-2022,21:30:13,-22.4812,151.6384,316,453,5588,36,102,,,86,196,24,,,,,,,,,,,,,,,,,,,,,,,,,,,,,
7495,209948,3,MB,A,321,27-Dec-2022,22:34:33,-22.4603,151.6526,,401677697,-131,8,0,27-Dec-2022,22:32:47,-22.4603,151.6526,121,672,5038,89,119,,,95,201,24,,,,,,,,,,,,,,,,,,,,,,,,,,,,,
7495,209948,3,MB,A,321,27-Dec-2022,22:34:33,-22.4603,151.6526,,401677697,-131,8,0,27-Dec-2022,22:34:20,-22.4603,151.6526,121,672,5038,89,119,,,98,136,0,,,,,,,,,,,,,,,,,,,,,,,,,,,,,
7495,209948,3,MB,A,321,27-Dec-2022,22:34:33,-22.4603,151.6526,,401677697,-131,8,0,27-Dec-2022,22:34:48,-22.4603,151.6526,121,672,5038,89,119,,,15,1,16,,,,,,,,,,,,,,,,,,,,,,,,,,,,,
7495,209948,3,NP,B,322,27-Dec-2022,23:10:59,-22.4457,151.6562,,401677696,-130,8,0,27-Dec-2022,23:10:59,-22.4457,151.6562,,2275,3651,1417,117,,,27,143,28,,,,,,,,,,,,,,,,,,,,,,,,,,,,,
7495,209948,3,A1,A,323,28-Dec-2022,07:31:24,-22.2633,151.5253,,401677695,-127,8,0,28-Dec-2022,07:27:55,-22.2633,151.5253,541,2512,9356,674,131,,,100,134,0,,,,,,,,,,,,,,,,,,,,,,,,,,,,,
7495,209948,3,A1,A,323,28-Dec-2022,07:31:24,-22.2633,151.5253,,401677695,-127,8,1,28-Dec-2022,07:36:56,-22.2633,151.5253,541,2512,9356,674,131,,,27,143,28,,,,,,,,,,,,,,,,,,,,,,,,,,,,,
7495,209948,3,SR,1,324,28-Dec-2022,07:36:55,-22.2862,151.5648,,401677668,-125,56,0,28-Dec-2022,07:36:56,-22.2862,151.5648,390,1060,5001,224,111,,,27,143,28,,,,,,,,,,,,,,,,,,,,,,,,,,,,,
7495,209948,3,SR,1,324,28-Dec-2022,07:36:55,-22.2862,151.5648,,401677668,-125,56,0,28-Dec-2022,07:40:34,-22.2862,151.5648,390,1060,5001,224,111,,,67,63,5,,,,,,,,,,,,,,,,,,,,,,,,,,,,,
7495,209948,23,SR,1,324,28-Dec-2022,07:36:55,-22.2862,151.5648,,401677668,-125,56,0,28-Dec-2022,07:43:05,-22.2862,151.5648,390,1060,5001,224,111,,,78,240,165,253,40,150,235,156,145,212,103,12,31,188,4,19,142,108,88,144,60,151,5,,,,,,,,,
7495,209948,3,SR,1,324,28-Dec-2022,07:36:55,-22.2862,151.5648,,401677668,-125,56,0,28-Dec-2022,07:43:26,-22.2862,151.5648,390,1060,5001,224,111,,,93,243,24,,,,,,,,,,,,,,,,,,,,,,,,,,,,,
7495,209948,3,NK,B,325,28-Dec-2022,07:53:45,-22.2789,151.5646,,401677698,-137,6,0,28-Dec-2022,07:53:46,-22.2789,151.5646,,1854,2324,1479,104,,,15,3,16,,,,,,,,,,,,,,,,,,,,,,,,,,,,,
7495,209948,3,NN,B,326,28-Dec-2022,12:45:42,-22.1584,151.5513,,401677689,-135,8,0,28-Dec-2022,12:45:42,-22.1584,151.5513,,5983,6345,5642,97,,,15,1,16,,,,,,,,,,,,,,,,,,,,,,,,,,,,,
7495,209948,3,SR,0,327,28-Dec-2022,18:22:12,-22.1237,151.5948,,401677702,-136,58,0,28-Dec-2022,18:21:44,-22.1237,151.5948,126,1624,5904,446,167,,,67,64,4,,,,,,,,,,,,,,,,,,,,,,,,,,,,,
7495,209948,3,SR,0,327,28-Dec-2022,18:22:12,-22.1237,151.5948,,401677702,-136,58,0,28-Dec-2022,18:22:58,-22.1237,151.5948,126,1624,5904,446,167,,,80,75,25,,,,,,,,,,,,,,,,,,,,,,,,,,,,,
7495,209948,3,SR,0,327,28-Dec-2022,18:22:12,-22.1237,151.5948,,401677702,-136,58,0,28-Dec-2022,18:23:15,-22.1237,151.5948,126,1624,5904,446,167,,,100,134,0,,,,,,,,,,,,,,,,,,,,,,,,,,,,,
7495,209948,3,SR,0,327,28-Dec-2022,18:22:12,-22.1237,151.5948,,401677702,-136,58,1,28-Dec-2022,18:23:50,-22.1237,151.5948,126,1624,5904,446,167,,,15,1,16,,,,,,,,,,,,,,,,,,,,,,,,,,,,,
7495,209948,3,A1,B,328,28-Dec-2022,19:08:55,-22.1023,151.5939,,401677692,-136,8,0,28-Dec-2022,19:08:47,-22.1023,151.5939,16,1958,2498,1535,120,,,83,251,147,,,,,,,,,,,,,,,,,,,,,,,,,,,,,
7495,209948,3,A1,B,328,28-Dec-2022,19:08:55,-22.1023,151.5939,,401677692,-136,8,0,28-Dec-2022,19:09:03,-22.1023,151.5939,16,1958,2498,1535,120,,,100,134,0,,,,,,,,,,,,,,,,,,,,,,,,,,,,,
7495,209948,3,SR,B,329,28-Dec-2022,19:59:38,-22.0935,151.5980,,401677684,-126,8,0,28-Dec-2022,19:59:38,-22.0935,151.5980,,2308,2874,1853,79,,,87,112,25,,,,,,,,,,,,,,,,,,,,,,,,,,,,,
7495,209948,3,SR, ,330,29-Dec-2022,21:08:43,,,,401650000,-129,,0,29-Dec-2022,21:08:43,,,,,,,,,,97,135,0,,,,,,,,,,,,,,,,,,,,,,,,,,,,,
7495,209948,3,NP, ,331,29-Dec-2022,21:08:43,,,,401650000,-125,,0,29-Dec-2022,21:08:43,,,,,,,,,,97,135,0,,,,,,,,,,,,,,,,,,,,,,,,,,,,,
7495,209948,3,SR,A,332,30-Dec-2022,18:58:13,-22.7665,151.3170,,401677669,-131,,0,30-Dec-2022,18:53:04,-22.7665,151.3170,477,17558,180814,1705,28,,,15,17,16,,,,,,,,,,,,,,,,,,,,,,,,,,,,,
7495,209948,3,SR,A,332,30-Dec-2022,18:58:13,-22.7665,151.3170,,401677669,-131,,0,30-Dec-2022,19:00:37,-22.7665,151.3170,477,17558,180814,1705,28,,,83,165,25,,,,,,,,,,,,,,,,,,,,,,,,,,,,,
7495,209948,3,SR,A,332,30-Dec-2022,18:58:13,-22.7665,151.3170,,401677669,-131,,0,30-Dec-2022,19:01:01,-22.7665,151.3170,477,17558,180814,1705,28,,,98,136,0,,,,,,,,,,,,,,,,,,,,,,,,,,,,,
7495,209948,3,NK,1,333,30-Dec-2022,19:57:50,-22.8572,151.2565,,401677697,-129,56,0,30-Dec-2022,19:53:51,-22.8572,151.2565,452,679,866,532,34,,,27,143,28,,,,,,,,,,,,,,,,,,,,,,,,,,,,,
7495,209948,3,NK,1,333,30-Dec-2022,19:57:50,-22.8572,151.2565,,401677697,-129,56,0,30-Dec-2022,19:57:50,-22.8572,151.2565,452,679,866,532,34,,,70,46,5,,,,,,,,,,,,,,,,,,,,,,,,,,,,,
7495,209948,3,NK,1,333,30-Dec-2022,19:57:50,-22.8572,151.2565,,401677697,-129,56,0,30-Dec-2022,19:58:18,-22.8572,151.2565,452,679,866,532,34,,,85,196,25,,,,,,,,,,,,,,,,,,,,,,,,,,,,,
7495,209948,3,NK,1,333,30-Dec-2022,19:57:50,-22.8572,151.2565,,401677697,-129,56,0,30-Dec-2022,20:01:23,-22.8572,151.2565,452,679,866,532,34,,,15,1,16,,,,,,,,,,,,,,,,,,,,,,,,,,,,,
7495,209948,3,A1,B,334,30-Dec-2022,20:15:21,-22.7502,151.3175,,401677671,-132,8,0,30-Dec-2022,20:15:21,-22.7502,151.3175,,32351,41642,25132,33,,,103,137,0,,,,,,,,,,,,,,,,,,,,,,,,,,,,,
7495,209948,3,MB,A,335,30-Dec-2022,23:13:47,-22.8818,151.2866,,401677711,-129,8,0,30-Dec-2022,23:13:47,-22.8818,151.2866,264,6044,237983,153,101,,,27,143,28,,,,,,,,,,,,,,,,,,,,,,,,,,,,,
7495,209948,3,MB,A,335,30-Dec-2022,23:13:47,-22.8818,151.2866,,401677711,-129,8,0,30-Dec-2022,23:15:40,-22.8818,151.2866,264,6044,237983,153,101,,,64,48,5,,,,,,,,,,,,,,,,,,,,,,,,,,,,,
7495,209948,3,MB,A,335,30-Dec-2022,23:13:47,-22.8818,151.2866,,401677711,-129,8,0,30-Dec-2022,23:18:11,-22.8818,151.2866,264,6044,237983,153,101,,,94,243,25,,,,,,,,,,,,,,,,,,,,,,,,,,,,,
7495,209948,3,NN,B,336,30-Dec-2022,23:50:41,-22.8839,151.2775,,401677698,-135,7,0,30-Dec-2022,23:50:22,-22.8839,151.2775,38,5108,11982,2177,102,,,15,1,16,,,,,,,,,,,,,,,,,,,,,,,,,,,,,
7495,209948,3,NN,B,336,30-Dec-2022,23:50:41,-22.8839,151.2775,,401677698,-135,7,0,30-Dec-2022,23:51:00,-22.8839,151.2775,38,5108,11982,2177,102,,,27,143,28,,,,,,,,,,,,,,,,,,,,,,,,,,,,,
7495,209948,31,NN,A,337,31-Dec-2022,01:22:09,-22.8304,151.1438,,401677685,-130,8,0,31-Dec-2022,01:22:10,-22.8304,151.1438,220,1267,3966,404,26,,,32,179,192,0,0,0,0,0,0,0,255,3,0,0,0,36,179,160,0,0,0,0,0,0,6,160,163,188,187,90,5,
7495,209948,3,NN,A,337,31-Dec-2022,01:22:09,-22.8304,151.1438,,401677685,-130,8,0,31-Dec-2022,01:23:51,-22.8304,151.1438,220,1267,3966,404,26,,,27,143,28,,,,,,,,,,,,,,,,,,,,,,,,,,,,,
7495,209948,3,NN,A,337,31-Dec-2022,01:22:09,-22.8304,151.1438,,401677685,-130,8,0,31-Dec-2022,01:25:50,-22.8304,151.1438,220,1267,3966,404,26,,,74,50,5,,,,,,,,,,,,,,,,,,,,,,,,,,,,,
7495,209948,3,SR,B,338,31-Dec-2022,06:03:06,-22.7849,150.9982,,401677676,-138,8,0,31-Dec-2022,06:03:07,-22.7849,150.9982,,7255,8797,5982,80,,,90,23,26,,,,,,,,,,,,,,,,,,,,,,,,,,,,,
7495,209948,3,A1,A,339,31-Dec-2022,06:40:10,-22.7039,151.1421,,401677689,-133,7,0,31-Dec-2022,06:39:03,-22.7039,151.1421,153,2694,10705,678,155,,,84,62,56,,,,,,,,,,,,,,,,,,,,,,,,,,,,,
7495,209948,3,A1,A,339,31-Dec-2022,06:40:10,-22.7039,151.1421,,401677689,-133,7,0,31-Dec-2022,06:39:54,-22.7039,151.1421,153,2694,10705,678,155,,,98,136,0,,,,,,,,,,,,,,,,,,,,,,,,,,,,,
7495,209948,3,A1,A,339,31-Dec-2022,06:40:10,-22.7039,151.1421,,401677689,-133,7,0,31-Dec-2022,06:41:36,-22.7039,151.1421,153,2694,10705,678,155,,,27,143,28,,,,,,,,,,,,,,,,,,,,,,,,,,,,,
7495,209948,3,NP,B,340,31-Dec-2022,09:21:43,-22.5906,151.2658,,401677665,-137,8,0,31-Dec-2022,09:21:44,-22.5906,151.2658,,14833,16434,13387,110,,,27,143,28,,,,,,,,,,,,,,,,,,,,,,,,,,,,,
7495,209948,3,NK,B,341,31-Dec-2022,10:07:07,-22.5619,151.2973,,401677681,-128,7,0,31-Dec-2022,10:07:07,-22.5619,151.2973,,13420,16312,11040,58,,,89,87,26,,,,,,,,,,,,,,,,,,,,,,,,,,,,,
7495,209948,3,MC,B,342,31-Dec-2022,10:49:54,-22.5872,151.2667,,401677669,-125,8,0,31-Dec-2022,10:49:55,-22.5872,151.2667,,13790,16980,11198,74,,,94,92,26,,,,,,,,,,,,,,,,,,,,,,,,,,,,,
7495,209948,3,SR,B,343,31-Dec-2022,18:28:08,-22.5544,151.1808,,401677749,-135,7,0,31-Dec-2022,18:26:13,-22.5544,151.1808,231,4477,58775,341,153,,,27,143,28,,,,,,,,,,,,,,,,,,,,,,,,,,,,,
7495,209948,3,SR,B,343,31-Dec-2022,18:28:08,-22.5544,151.1808,,401677749,-135,7,0,31-Dec-2022,18:30:04,-22.5544,151.1808,231,4477,58775,341,153,,,98,136,0,,,,,,,,,,,,,,,,,,,,,,,,,,,,,
7495,209948,3,NK,B,344,31-Dec-2022,19:29:31,-22.4179,151.1568,,401677682,-135,8,0,31-Dec-2022,19:29:31,-22.4179,151.1568,,3600,6205,2088,142,,,85,154,80,,,,,,,,,,,,,,,,,,,,,,,,,,,,,
7495,209948,3,SR,0,345,31-Dec-2022,20:08:00,-22.3611,151.0968,,401677694,-123,48,0,31-Dec-2022,20:02:55,-22.3611,151.0968,523,1839,25763,131,77,,,86,165,26,,,,,,,,,,,,,,,,,,,,,,,,,,,,,
7495,209948,3,SR,0,345,31-Dec-2022,20:08:00,-22.3611,151.0968,,401677694,-123,48,0,31-Dec-2022,20:03:22,-22.3611,151.0968,523,1839,25763,131,77,,,100,134,0,,,,,,,,,,,,,,,,,,,,,,,,,,,,,
7495,209948,3,SR,0,345,31-Dec-2022,20:08:00,-22.3611,151.0968,,401677694,-123,48,0,31-Dec-2022,20:04:43,-22.3611,151.0968,523,1839,25763,131,77,,,15,1,16,,,,,,,,,,,,,,,,,,,,,,,,,,,,,
7495,209948,3,SR,0,345,31-Dec-2022,20:08:00,-22.3611,151.0968,,401677694,-123,48,0,31-Dec-2022,20:06:04,-22.3611,151.0968,523,1839,25763,131,77,,,72,56,5,,,,,,,,,,,,,,,,,,,,,,,,,,,,,
7495,209948,3,SR,0,345,31-Dec-2022,20:08:00,-22.3611,151.0968,,401677694,-123,48,0,31-Dec-2022,20:06:34,-22.3611,151.0968,523,1839,25763,131,77,,,85,170,26,,,,,,,,,,,,,,,,,,,,,,,,,,,,,
7495,209948,3,SR,0,345,31-Dec-2022,20:08:00,-22.3611,151.0968,,401677694,-123,48,0,31-Dec-2022,20:06:56,-22.3611,151.0968,523,1839,25763,131,77,,,101,131,0,,,,,,,,,,,,,,,,,,,,,,,,,,,,,
7495,209948,3,SR,0,345,31-Dec-2022,20:08:00,-22.3611,151.0968,,401677694,-123,48,0,31-Dec-2022,20:08:53,-22.3611,151.0968,523,1839,25763,131,77,,,27,143,28,,,,,,,,,,,,,,,,,,,,,,,,,,,,,
7495,209948,3,SR,0,345,31-Dec-2022,20:08:00,-22.3611,151.0968,,401677694,-123,48,0,31-Dec-2022,20:11:38,-22.3611,151.0968,523,1839,25763,131,77,,,84,175,26,,,,,,,,,,,,,,,,,,,,,,,,,,,,,
7495,209948,3,MC,B,346,31-Dec-2022,22:01:57,-22.2649,151.1061,,401677709,-125,8,0,31-Dec-2022,22:01:57,-22.2649,151.1061,,9787,11820,8103,83,,,66,58,21,,,,,,,,,,,,,,,,,,,,,,,,,,,,,
7495,209948,3,NP,0,347,31-Dec-2022,22:26:08,-22.3025,151.0856,,401677695,-125,56,0,31-Dec-2022,22:24:55,-22.3025,151.0856,223,1854,17133,200,91,,,23,36,248,,,,,,,,,,,,,,,,,,,,,,,,,,,,,
7495,209948,3,NP,0,347,31-Dec-2022,22:26:08,-22.3025,151.0856,,401677695,-125,56,0,31-Dec-2022,22:26:30,-22.3025,151.0856,223,1854,17133,200,91,,,82,222,26,,,,,,,,,,,,,,,,,,,,,,,,,,,,,
7495,209948,3,NP,0,347,31-Dec-2022,22:26:08,-22.3025,151.0856,,401677695,-125,56,0,31-Dec-2022,22:27:01,-22.3025,151.0856,223,1854,17133,200,91,,,98,136,0,,,,,,,,,,,,,,,,,,,,,,,,,,,,,
7495,209948,3,NP,0,347,31-Dec-2022,22:26:08,-22.3025,151.0856,,401677695,-125,56,0,31-Dec-2022,22:28:38,-22.3025,151.0856,223,1854,17133,200,91,,,27,143,28,,,,,,,,,,,,,,,,,,,,,,,,,,,,,
7495,209948,3,NN,0,348,31-Dec-2022,23:36:05,-22.2549,151.0721,,401677691,-127,58,0,31-Dec-2022,23:34:26,-22.2549,151.0721,169,3396,26912,428,127,,,71,59,5,,,,,,,,,,,,,,,,,,,,,,,,,,,,,
7495,209948,3,NN,0,348,31-Dec-2022,23:36:05,-22.2549,151.0721,,401677691,-127,58,0,31-Dec-2022,23:35:00,-22.2549,151.0721,169,3396,26912,428,127,,,89,233,26,,,,,,,,,,,,,,,,,,,,,,,,,,,,,
7495,209948,3,NN,0,348,31-Dec-2022,23:36:05,-22.2549,151.0721,,401677691,-127,58,0,31-Dec-2022,23:35:54,-22.2549,151.0721,169,3396,26912,428,127,,,103,137,0,,,,,,,,,,,,,,,,,,,,,,,,,,,,,
7495,209948,3,NN,0,348,31-Dec-2022,23:36:05,-22.2549,151.0721,,401677691,-127,58,0,31-Dec-2022,23:36:09,-22.2549,151.0721,169,3396,26912,428,127,,,15,1,16,,,,,,,,,,,,,,,,,,,,,,,,,,,,,
7495,209948,3,NN,0,348,31-Dec-2022,23:36:05,-22.2549,151.0721,,401677691,-127,58,0,31-Dec-2022,23:36:24,-22.2549,151.0721,169,3396,26912,428,127,,,27,143,28,,,,,,,,,,,,,,,,,,,,,,,,,,,,,
7495,209948,3,NN,0,348,31-Dec-2022,23:36:05,-22.2549,151.0721,,401677691,-127,58,0,31-Dec-2022,23:36:40,-22.2549,151.0721,169,3396,26912,428,127,,,76,60,5,,,,,,,,,,,,,,,,,,,,,,,,,,,,,
7495,209948,3,NN,0,348,31-Dec-2022,23:36:05,-22.2549,151.0721,,401677691,-127,58,0,31-Dec-2022,23:36:55,-22.2549,151.0721,169,3396,26912,428,127,,,82,238,26,,,,,,,,,,,,,,,,,,,,,,,,,,,,,
7495,209948,3,NN,0,348,31-Dec-2022,23:36:05,-22.2549,151.0721,,401677691,-127,58,0,31-Dec-2022,23:37:15,-22.2549,151.0721,169,3396,26912,428,127,,,98,136,0,,,,,,,,,,,,,,,,,,,,,,,,,,,,,
7495,209948,3,A1,A,349,01-Jan-2023,06:22:45,-22.1985,151.0861,,401677672,-138,8,0,01-Jan-2023,06:22:14,-22.1985,151.0861,70,4570,26648,783,145,,,70,62,5,,,,,,,,,,,,,,,,,,,,,,,,,,,,,
7495,209948,3,A1,A,349,01-Jan-2023,06:22:45,-22.1985,151.0861,,401677672,-138,8,0,01-Jan-2023,06:22:38,-22.1985,151.0861,70,4570,26648,783,145,,,93,253,26,,,,,,,,,,,,,,,,,,,,,,,,,,,,,
7495,209948,3,A1,A,349,01-Jan-2023,06:22:45,-22.1985,151.0861,,401677672,-138,8,0,01-Jan-2023,06:23:24,-22.1985,151.0861,70,4570,26648,783,145,,,98,136,0,,,,,,,,,,,,,,,,,,,,,,,,,,,,,
7495,209948,3,NK,0,350,01-Jan-2023,09:32:17,-22.0802,151.0582,,401677692,-127,58,0,01-Jan-2023,09:29:46,-22.0802,151.0582,282,4869,130918,181,81,,,97,135,0,,,,,,,,,,,,,,,,,,,,,,,,,,,,,
7495,209948,3,NK,0,350,01-Jan-2023,09:32:17,-22.0802,151.0582,,401677692,-127,58,0,01-Jan-2023,09:31:38,-22.0802,151.0582,282,4869,130918,181,81,,,15,1,16,,,,,,,,,,,,,,,,,,,,,,,,,,,,,
7495,209948,3,NK,0,350,01-Jan-2023,09:32:17,-22.0802,151.0582,,401677692,-127,58,0,01-Jan-2023,09:33:17,-22.0802,151.0582,282,4869,130918,181,81,,,89,39,27,,,,,,,,,,,,,,,,,,,,,,,,,,,,,
7495,209948,3,NK,0,350,01-Jan-2023,09:32:17,-22.0802,151.0582,,401677692,-127,58,0,01-Jan-2023,09:34:28,-22.0802,151.0582,282,4869,130918,181,81,,,103,137,0,,,,,,,,,,,,,,,,,,,,,,,,,,,,,
7495,209948,3,NP,B,351,01-Jan-2023,20:32:29,-21.7143,150.9414,,401677723,-133,8,0,01-Jan-2023,20:32:29,-21.7143,150.9414,,8786,14239,5421,116,,,15,1,16,,,,,,,,,,,,,,,,,,,,,,,,,,,,,
7495,209948,3,NP,B,352,01-Jan-2023,22:04:58,-21.7512,150.9826,,401677689,-133,8,0,01-Jan-2023,22:04:59,-21.7512,150.9826,,12357,32146,4749,132,,,27,143,28,,,,,,,,,,,,,,,,,,,,,,,,,,,,,
7495,209948,3,SR, ,353,03-Jan-2023,18:36:29,,,,401650000,-135,,0,03-Jan-2023,18:36:29,,,,,,,,,,90,87,27,,,,,,,,,,,,,,,,,,,,,,,,,,,,,
7495,209948,3,MC,B,354,03-Jan-2023,22:46:04,-22.3687,150.0866,,401677578,-116,,0,03-Jan-2023,22:43:22,,,324,37396,948618,1474,112,,,27,143,28,,,,,,,,,,,,,,,,,,,,,,,,,,,,,
7495,209948,3,MC,B,354,03-Jan-2023,22:46:04,-22.3687,150.0866,,401677578,-116,,0,03-Jan-2023,22:48:46,,,324,37396,948618,1474,112,,,93,108,27,,,,,,,,,,,,,,,,,,,,,,,,,,,,,
7495,209948,3,NN,B,355,03-Jan-2023,23:00:41,-22.3700,150.1025,,401677475,-135,6,0,03-Jan-2023,23:00:41,-22.3700,150.1025,,40017,151955,10538,112,,,103,137,0,,,,,,,,,,,,,,,,,,,,,,,,,,,,,
7495,209948,31,NN,Z,356,04-Jan-2023,00:40:13,-22.5126,150.3986,,401677896,-129,1,0,04-Jan-2023,00:40:13,-22.5126,150.3986,,50992,75886,34264,107,,,32,196,96,0,0,0,0,0,0,0,255,64,154,222,228,189,68,216,150,209,138,215,72,156,190,106,174,228,72,38,238,
7495,209948,3,NP,B,357,04-Jan-2023,08:37:24,-22.2429,149.9924,,401677471,-139,8,0,04-Jan-2023,08:37:25,-22.2429,149.9924,,93431,144952,60222,104,,,70,46,5,,,,,,,,,,,,,,,,,,,,,,,,,,,,,
7495,209948,3,NN,B,358,04-Jan-2023,11:32:00,-22.4438,150.5290,,401677424,-135,8,0,04-Jan-2023,11:32:00,-22.4438,150.5290,,102496,233866,44920,125,,,27,143,28,,,,,,,,,,,,,,,,,,,,,,,,,,,,,
7495,209948,3,MB,B,359,04-Jan-2023,11:53:16,-23.0554,151.3575,,401677697,-130,,0,04-Jan-2023,11:51:51,-25.1833,143.8723,171,1200,10689,134,40,,,81,161,27,,,,,,,,,,,,,,,,,,,,,,,,,,,,,
7495,209948,3,MB,B,359,04-Jan-2023,11:53:16,-23.0554,151.3575,,401677697,-130,,0,04-Jan-2023,11:54:42,-25.1833,143.8723,171,1200,10689,134,40,,,15,1,16,,,,,,,,,,,,,,,,,,,,,,,,,,,,,
7495,209948,3,MC,B,360,04-Jan-2023,12:47:19,-23.0584,151.3589,,401677685,-125,8,0,04-Jan-2023,12:47:19,-23.0584,151.3589,,31212,62150,15674,43,,,67,47,5,,,,,,,,,,,,,,,,,,,,,,,,,,,,,
7495,209948,3,SR,0,361,04-Jan-2023,19:47:21,-23.1378,151.4385,,401677698,-131,58,0,04-Jan-2023,19:46:42,-23.1378,151.4385,86,11747,48136,2866,43,,,98,136,0,,,,,,,,,,,,,,,,,,,,,,,,,,,,,
7495,209948,3,SR,0,361,04-Jan-2023,19:47:21,-23.1378,151.4385,,401677698,-131,58,0,04-Jan-2023,19:47:03,-23.1378,151.4385,86,11747,48136,2866,43,,,15,1,16,,,,,,,,,,,,,,,,,,,,,,,,,,,,,
7495,209948,3,SR,0,361,04-Jan-2023,19:47:21,-23.1378,151.4385,,401677698,-131,58,0,04-Jan-2023,19:47:33,-23.1378,151.4385,86,11747,48136,2866,43,,,27,143,28,,,,,,,,,,,,,,,,,,,,,,,,,,,,,
7495,209948,3,SR,0,361,04-Jan-2023,19:47:21,-23.1378,151.4385,,401677698,-131,58,0,04-Jan-2023,19:48:08,-23.1378,151.4385,86,11747,48136,2866,43,,,86,197,27,,,,,,,,,,,,,,,,,,,,,,,,,,,,,
7495,209948,3,A1,0,362,04-Jan-2023,20:17:13,-23.2430,151.3781,,401677703,-127,56,0,04-Jan-2023,20:16:09,-23.2430,151.3781,135,1850,21946,155,50,,,104,138,0,,,,,,,,,,,,,,,,,,,,,,,,,,,,,
7495,209948,23,A1,0,362,04-Jan-2023,20:17:13,-23.2430,151.3781,,401677703,-127,56,0,04-Jan-2023,20:16:31,-23.2430,151.3781,135,1850,21946,155,50,,,91,48,165,253,200,214,226,151,124,76,195,162,152,27,178,44,23,231,139,238,159,250,86,,,,,,,,,
7495,209948,3,A1,0,362,04-Jan-2023,20:17:13,-23.2430,151.3781,,401677703,-127,56,0,04-Jan-2023,20:17:02,-23.2430,151.3781,135,1850,21946,155,50,,,14,3,24,,,,,,,,,,,,,,,,,,,,,,,,,,,,,
7495,209948,3,A1,0,362,04-Jan-2023,20:17:13,-23.2430,151.3781,,401677703,-127,56,0,04-Jan-2023,20:17:26,-23.2430,151.3781,135,1850,21946,155,50,,,27,143,28,,,,,,,,,,,,,,,,,,,,,,,,,,,,,
7495,209948,3,A1,0,362,04-Jan-2023,20:17:13,-23.2430,151.3781,,401677703,-127,56,0,04-Jan-2023,20:17:51,-23.2430,151.3781,135,1850,21946,155,50,,,73,45,5,,,,,,,,,,,,,,,,,,,,,,,,,,,,,
7495,209948,3,A1,0,362,04-Jan-2023,20:17:13,-23.2430,151.3781,,401677703,-127,56,0,04-Jan-2023,20:18:24,-23.2430,151.3781,135,1850,21946,155,50,,,80,203,27,,,,,,,,,,,,,,,,,,,,,,,,,,,,,
7495,209948,3,NP,A,363,04-Jan-2023,21:41:06,-23.2904,151.3340,,401677694,-125,8,0,04-Jan-2023,21:40:21,-23.2904,151.3340,116,1777,3869,816,133,,,15,1,16,,,,,,,,,,,,,,,,,,,,,,,,,,,,,
7495,209948,3,NP,A,363,04-Jan-2023,21:41:06,-23.2904,151.3340,,401677694,-125,8,0,04-Jan-2023,21:40:42,-23.2904,151.3340,116,1777,3869,816,133,,,27,143,28,,,,,,,,,,,,,,,,,,,,,,,,,,,,,
7495,209948,3,NP,A,363,04-Jan-2023,21:41:06,-23.2904,151.3340,,401677694,-125,8,0,04-Jan-2023,21:42:17,-23.2904,151.3340,116,1777,3869,816,133,,,85,218,27,,,,,,,,,,,,,,,,,,,,,,,,,,,,,
7495,209948,3,MC,B,364,04-Jan-2023,22:26:22,-23.2996,151.3291,,401677689,-124,8,0,04-Jan-2023,22:26:23,-23.2996,151.3291,,3405,5039,2301,131,,,70,38,94,,,,,,,,,,,,,,,,,,,,,,,,,,,,,
7495,209948,3,NN,B,365,04-Jan-2023,22:43:27,-23.3034,151.3294,,401677695,-130,6,0,04-Jan-2023,22:43:27,-23.3034,151.3294,,2597,3153,2138,122,,,103,137,0,,,,,,,,,,,,,,,,,,,,,,,,,,,,,
7495,209948,3,NP,A,366,04-Jan-2023,23:18:15,-23.2952,151.3448,,401677698,-131,8,0,04-Jan-2023,23:16:18,-23.2952,151.3448,344,815,3833,173,134,,,85,234,27,,,,,,,,,,,,,,,,,,,,,,,,,,,,,
7495,209948,3,NP,A,366,04-Jan-2023,23:18:15,-23.2952,151.3448,,401677698,-131,8,0,04-Jan-2023,23:20:13,-23.2952,151.3448,344,815,3833,173,134,,,93,132,120,,,,,,,,,,,,,,,,,,,,,,,,,,,,,
7495,209948,3,NP,A,366,04-Jan-2023,23:18:15,-23.2952,151.3448,,401677698,-131,8,0,04-Jan-2023,23:22:02,-23.2952,151.3448,344,815,3833,173,134,,,27,143,12,,,,,,,,,,,,,,,,,,,,,,,,,,,,,
7495,209948,3,MC,B,367,05-Jan-2023,00:02:33,-23.3016,151.3480,,401677703,-121,8,0,05-Jan-2023,00:02:33,-23.3016,151.3480,,1608,2100,1230,116,,,84,255,27,,,,,,,,,,,,,,,,,,,,,,,,,,,,,
7495,209948,3,NN,3,368,05-Jan-2023,00:20:47,-23.3249,151.3962,,401677688,-125,56,0,05-Jan-2023,00:23:41,-23.3249,151.3962,408,175,750,40,99,,,95,4,28,,,,,,,,,,,,,,,,,,,,,,,,,,,,,
7495,209948,3,NN,3,368,05-Jan-2023,00:20:47,-23.3249,151.3962,,401677688,-125,56,1,05-Jan-2023,00:24:20,-23.3249,151.3962,408,175,750,40,99,,,15,1,16,,,,,,,,,,,,,,,,,,,,,,,,,,,,,
7495,209948,3,NN,3,368,05-Jan-2023,00:20:47,-23.3249,151.3962,,401677688,-125,56,0,05-Jan-2023,00:30:29,-23.3249,151.3962,408,175,750,40,99,,,27,143,28,,,,,,,,,,,,,,,,,,,,,,,,,,,,,
7495,209948,3,SR,A,369,06-Jan-2023,07:55:39,-23.2662,151.7892,,401677687,-122,,0,06-Jan-2023,07:54:57,-23.2662,151.7892,416,343,1019,115,127,,,27,143,28,,,,,,,,,,,,,,,,,,,,,,,,,,,,,
7495,209948,3,SR,A,369,06-Jan-2023,07:55:39,-23.2662,151.7892,,401677687,-122,,0,06-Jan-2023,07:56:23,-23.2662,151.7892,416,343,1019,115,127,,,86,22,21,,,,,,,,,,,,,,,,,,,,,,,,,,,,,
7495,209948,3,SR,A,369,06-Jan-2023,07:55:39,-23.2662,151.7892,,401677687,-122,,0,06-Jan-2023,08:01:53,-23.2662,151.7892,416,343,1019,115,127,,,103,137,0,,,,,,,,,,,,,,,,,,,,,,,,,,,,,
7495,209948,3,A1,B,370,06-Jan-2023,08:11:21,-23.2689,151.7922,,401677686,-138,6,0,06-Jan-2023,08:11:12,-23.2689,151.7922,19,1858,2069,1668,96,,,15,1,16,,,,,,,,,,,,,,,,,,,,,,,,,,,,,
7495,209948,3,A1,B,370,06-Jan-2023,08:11:21,-23.2689,151.7922,,401677686,-138,6,0,06-Jan-2023,08:11:31,-23.2689,151.7922,19,1858,2069,1668,96,,,27,143,28,,,,,,,,,,,,,,,,,,,,,,,,,,,,,
7495,209948,3,NK,2,371,06-Jan-2023,09:14:07,-23.2501,151.7781,,401677690,-122,58,0,06-Jan-2023,09:08:39,-23.2501,151.7781,328,318,1722,58,82,,,98,136,0,,,,,,,,,,,,,,,,,,,,,,,,,,,,,
7495,209948,3,NK,2,371,06-Jan-2023,09:14:07,-23.2501,151.7781,,401677690,-122,58,0,06-Jan-2023,09:09:28,-23.2501,151.7781,328,318,1722,58,82,,,70,46,5,,,,,,,,,,,,,,,,,,,,,,,,,,,,,
7495,209948,3,NK,2,371,06-Jan-2023,09:14:07,-23.2501,151.7781,,401677690,-122,58,0,06-Jan-2023,09:09:45,-23.2501,151.7781,328,318,1722,58,82,,,85,70,29,,,,,,,,,,,,,,,,,,,,,,,,,,,,,
7495,209948,3,NK,2,371,06-Jan-2023,09:14:07,-23.2501,151.7781,,401677690,-122,58,0,06-Jan-2023,09:10:08,-23.2501,151.7781,328,318,1722,58,82,,,98,159,21,,,,,,,,,,,,,,,,,,,,,,,,,,,,,
7495,209948,3,NK,2,371,06-Jan-2023,09:14:07,-23.2501,151.7781,,401677690,-122,58,0,06-Jan-2023,09:11:46,-23.2501,151.7781,328,318,1722,58,82,,,92,75,29,,,,,,,,,,,,,,,,,,,,,,,,,,,,,
7495,209948,3,NK,2,371,06-Jan-2023,09:14:07,-23.2501,151.7781,,401677690,-122,58,1,06-Jan-2023,09:13:01,-23.2501,151.7781,328,318,1722,58,82,,,27,143,28,,,,,,,,,,,,,,,,,,,,,,,,,,,,,
7495,209948,3,NK,2,371,06-Jan-2023,09:14:07,-23.2501,151.7781,,401677690,-122,58,0,06-Jan-2023,09:14:07,-23.2501,151.7781,328,318,1722,58,82,,,15,1,16,,,,,,,,,,,,,,,,,,,,,,,,,,,,,
7495,209948,3,NP,2,372,06-Jan-2023,09:55:24,-23.2390,151.7796,,401677689,-129,58,0,06-Jan-2023,09:54:25,-23.2390,151.7796,350,255,588,110,92,,,71,43,5,,,,,,,,,,,,,,,,,,,,,,,,,,,,,
7495,209948,23,NP,2,372,06-Jan-2023,09:55:24,-23.2390,151.7796,,401677689,-129,58,0,06-Jan-2023,09:55:43,-23.2390,151.7796,350,255,588,110,92,,,91,144,165,253,40,150,250,144,67,40,20,147,214,58,225,14,3,103,27,210,193,127,192,,,,,,,,,
7495,209948,3,NP,2,372,06-Jan-2023,09:55:24,-23.2390,151.7796,,401677689,-129,58,0,06-Jan-2023,09:56:05,-23.2390,151.7796,350,255,588,110,92,,,94,113,29,,,,,,,,,,,,,,,,,,,,,,,,,,,,,
7495,209948,3,NP,2,372,06-Jan-2023,09:55:24,-23.2390,151.7796,,401677689,-129,58,0,06-Jan-2023,09:56:55,-23.2390,151.7796,350,255,588,110,92,,,27,143,28,,,,,,,,,,,,,,,,,,,,,,,,,,,,,
7495,209948,3,NP,2,372,06-Jan-2023,09:55:24,-23.2390,151.7796,,401677689,-129,58,0,06-Jan-2023,09:57:11,-23.2390,151.7796,350,255,588,110,92,,,76,44,5,,,,,,,,,,,,,,,,,,,,,,,,,,,,,
7495,209948,3,NP,2,372,06-Jan-2023,09:55:24,-23.2390,151.7796,,401677689,-129,58,0,06-Jan-2023,09:58:42,-23.2390,151.7796,350,255,588,110,92,,,97,135,0,,,,,,,,,,,,,,,,,,,,,,,,,,,,,
7495,209948,3,NP,2,372,06-Jan-2023,09:55:24,-23.2390,151.7796,,401677689,-129,58,0,06-Jan-2023,10:00:15,-23.2390,151.7796,350,255,588,110,92,,,15,1,16,,,,,,,,,,,,,,,,,,,,,,,,,,,,,
7495,209948,3,NK,B,373,06-Jan-2023,10:46:11,-23.2404,151.7758,,401677687,-128,8,0,06-Jan-2023,10:46:02,-23.2404,151.7758,19,2246,2869,1757,94,,,103,137,0,,,,,,,,,,,,,,,,,,,,,,,,,,,,,
7495,209948,3,NK,B,373,06-Jan-2023,10:46:11,-23.2404,151.7758,,401677687,-128,8,0,06-Jan-2023,10:46:21,-23.2404,151.7758,19,2246,2869,1757,94,,,15,1,16,,,,,,,,,,,,,,,,,,,,,,,,,,,,,
7495,209948,3,NN,0,374,06-Jan-2023,11:06:03,-23.2505,151.7869,,401677693,-133,56,0,06-Jan-2023,11:04:48,-23.2505,151.7869,173,1933,7563,494,99,,,71,43,5,,,,,,,,,,,,,,,,,,,,,,,,,,,,,
7495,209948,3,NN,0,374,06-Jan-2023,11:06:03,-23.2505,151.7869,,401677693,-133,56,0,06-Jan-2023,11:05:32,-23.2505,151.7869,173,1933,7563,494,99,,,219,129,30,,,,,,,,,,,,,,,,,,,,,,,,,,,,,
7495,209948,3,NN,0,374,06-Jan-2023,11:06:03,-23.2505,151.7869,,401677693,-133,56,0,06-Jan-2023,11:05:54,-23.2505,151.7869,173,1933,7563,494,99,,,97,141,65,,,,,,,,,,,,,,,,,,,,,,,,,,,,,
7495,209948,3,NN,0,374,06-Jan-2023,11:06:03,-23.2505,151.7869,,401677693,-133,56,0,06-Jan-2023,11:06:23,-23.2505,151.7869,173,1933,7563,494,99,,,15,0,26,,,,,,,,,,,,,,,,,,,,,,,,,,,,,
7495,209948,3,NN,0,374,06-Jan-2023,11:06:03,-23.2505,151.7869,,401677693,-133,56,0,06-Jan-2023,11:07:41,-23.2505,151.7869,173,1933,7563,494,99,,,19,165,206,,,,,,,,,,,,,,,,,,,,,,,,,,,,,
7495,209948,3,SR,1,375,06-Jan-2023,18:39:38,-23.2662,151.7241,,401677692,-129,48,0,06-Jan-2023,18:38:36,-23.2662,151.7241,247,1111,1894,650,166,,,73,44,91,,,,,,,,,,,,,,,,,,,,,,,,,,,,,
7495,209948,23,SR,1,375,06-Jan-2023,18:39:38,-23.2662,151.7241,,401677692,-129,48,0,06-Jan-2023,18:38:51,-23.2662,151.7241,247,1111,1894,650,166,,,64,16,165,253,40,150,250,144,67,74,198,211,214,59,169,14,1,203,27,210,225,127,192,,,,,,,,,
7495,209948,3,SR,1,375,06-Jan-2023,18:39:38,-23.2662,151.7241,,401677692,-129,48,0,06-Jan-2023,18:39:07,-23.2662,151.7241,247,1111,1894,650,166,,,92,213,29,,,,,,,,,,,,,,,,,,,,,,,,,,,,,
7495,209948,3,SR,1,375,06-Jan-2023,18:39:38,-23.2662,151.7241,,401677692,-129,48,0,06-Jan-2023,18:39:42,-23.2662,151.7241,247,1111,1894,650,166,,,110,132,0,,,,,,,,,,,,,,,,,,,,,,,,,,,,,
7495,209948,3,SR,1,375,06-Jan-2023,18:39:38,-23.2662,151.7241,,401677692,-129,48,1,06-Jan-2023,18:40:35,-23.2662,151.7241,247,1111,1894,650,166,,,27,143,28,,,,,,,,,,,,,,,,,,,,,,,,,,,,,
7495,209948,3,SR,1,375,06-Jan-2023,18:39:38,-23.2662,151.7241,,401677692,-129,48,2,06-Jan-2023,18:41:47,-23.2662,151.7241,247,1111,1894,650,166,,,15,1,16,,,,,,,,,,,,,,,,,,,,,,,,,,,,,
7495,209948,3,SR,1,375,06-Jan-2023,18:39:38,-23.2662,151.7241,,401677692,-129,48,0,06-Jan-2023,18:42:43,-23.2662,151.7241,247,1111,1894,650,166,,,91,212,98,,,,,,,,,,,,,,,,,,,,,,,,,,,,,
7495,209948,3,A1,B,376,07-Jan-2023,06:17:41,-23.1728,151.7213,,401677674,-141,8,0,07-Jan-2023,06:17:41,-23.1728,151.7213,,18961,32016,11229,125,,,82,19,30,,,,,,,,,,,,,,,,,,,,,,,,,,,,,
7495,209948,3,SR,B,377,07-Jan-2023,07:22:05,-23.1860,151.7679,,401677698,-129,7,0,07-Jan-2023,07:22:05,-23.1860,151.7679,,25800,70365,9459,131,,,15,232,119,,,,,,,,,,,,,,,,,,,,,,,,,,,,,
7495,209948,3,A1,B,378,07-Jan-2023,07:50:35,-23.2273,151.8051,,401677698,-131,6,0,07-Jan-2023,07:50:35,-23.2273,151.8051,,11958,22777,6277,86,,,85,24,30,,,,,,,,,,,,,,,,,,,,,,,,,,,,,
7495,209948,3,NK,B,379,07-Jan-2023,10:17:38,-23.2132,151.8182,,401677696,-132,8,0,07-Jan-2023,10:17:39,-23.2132,151.8182,,2382,3909,1452,69,,,84,82,30,,,,,,,,,,,,,,,,,,,,,,,,,,,,,
7495,209948,3,NN,B,380,07-Jan-2023,10:50:05,-23.2299,151.8027,,401677684,-135,8,0,07-Jan-2023,10:50:05,-23.2299,151.8027,,2296,3287,1603,79,,,27,143,28,,,,,,,,,,,,,,,,,,,,,,,,,,,,,
7495,209948,3,MB,B,381,07-Jan-2023,10:57:49,-23.2262,151.8182,,401677694,-125,8,0,07-Jan-2023,10:57:31,-23.2262,151.8182,37,1845,11441,297,84,,,98,136,0,,,,,,,,,,,,,,,,,,,,,,,,,,,,,
7495,209948,3,MB,B,381,07-Jan-2023,10:57:49,-23.2262,151.8182,,401677694,-125,8,0,07-Jan-2023,10:58:08,-23.2262,151.8182,37,1845,11441,297,84,,,15,1,16,,,,,,,,,,,,,,,,,,,,,,,,,,,,,
7495,209948,3,NP,A,382,07-Jan-2023,11:26:44,-23.2417,151.8231,,401677678,-126,6,0,07-Jan-2023,11:26:45,-23.2417,151.8231,73,1662,9040,305,76,,,74,34,5,,,,,,,,,,,,,,,,,,,,,,,,,,,,,
7495,209948,3,NP,A,382,07-Jan-2023,11:26:44,-23.2417,151.8231,,401677678,-126,6,0,07-Jan-2023,11:27:27,-23.2417,151.8231,73,1662,9040,305,76,,,80,102,30,,,,,,,,,,,,,,,,,,,,,,,,,,,,,
7495,209948,3,NP,A,382,07-Jan-2023,11:26:44,-23.2417,151.8231,,401677678,-126,6,0,07-Jan-2023,11:27:58,-23.2417,151.8231,73,1662,9040,305,76,,,107,133,0,,,,,,,,,,,,,,,,,,,,,,,,,,,,,
7495,209948,3,NP,0,383,07-Jan-2023,20:55:44,-23.2943,151.7927,,401677678,-131,58,0,07-Jan-2023,20:55:04,-23.2943,151.7927,77,9913,78409,1253,88,,,89,123,30,,,,,,,,,,,,,,,,,,,,,,,,,,,,,
7495,209948,3,NP,0,383,07-Jan-2023,20:55:44,-23.2943,151.7927,,401677678,-131,58,0,07-Jan-2023,20:55:31,-23.2943,151.7927,77,9913,78409,1253,88,,,107,133,0,,,,,,,,,,,,,,,,,,,,,,,,,,,,,
7495,209948,3,NP,0,383,07-Jan-2023,20:55:44,-23.2943,151.7927,,401677678,-131,58,0,07-Jan-2023,20:55:46,-23.2943,151.7927,77,9913,78409,1253,88,,,15,1,16,,,,,,,,,,,,,,,,,,,,,,,,,,,,,
7495,209948,3,NP,0,383,07-Jan-2023,20:55:44,-23.2943,151.7927,,401677678,-131,58,0,07-Jan-2023,20:56:01,-23.2943,151.7927,77,9913,78409,1253,88,,,27,143,28,,,,,,,,,,,,,,,,,,,,,,,,,,,,,
7495,209948,3,NP,0,383,07-Jan-2023,20:55:44,-23.2943,151.7927,,401677678,-131,58,0,07-Jan-2023,20:56:21,-23.2943,151.7927,77,9913,78409,1253,88,,,70,46,5,,,,,,,,,,,,,,,,,,,,,,,,,,,,,
7495,209948,3,SR,B,384,07-Jan-2023,21:23:27,-23.1871,151.8267,,401677702,-134,8,0,07-Jan-2023,21:23:27,-23.1871,151.8267,,5216,7157,3801,46,,,91,128,30,,,,,,,,,,,,,,,,,,,,,,,,,,,,,
7495,209948,3,MC,B,385,07-Jan-2023,21:23:27,-23.2450,151.7887,,401677721,-133,8,0,07-Jan-2023,21:23:27,-23.2450,151.7887,,5118,6680,3921,124,,,91,128,30,,,,,,,,,,,,,,,,,,,,,,,,,,,,,
7495,209948,3,NK,B,386,08-Jan-2023,19:27:39,-23.2441,151.8084,,401677694,-132,,0,08-Jan-2023,19:26:35,-23.2441,151.8084,129,2317,17096,314,3,,,15,1,16,,,,,,,,,,,,,,,,,,,,,,,,,,,,,
7495,209948,3,NK,B,386,08-Jan-2023,19:27:39,-23.2441,151.8084,,401677694,-132,,0,08-Jan-2023,19:28:44,-23.2441,151.8084,129,2317,17096,314,3,,,27,143,28,,,,,,,,,,,,,,,,,,,,,,,,,,,,,
7495,209948,3,NP,B,387,08-Jan-2023,20:45:21,-23.2446,151.8120,,401677693,-130,8,0,08-Jan-2023,20:45:22,-23.2446,151.8120,,2609,6554,1038,3,,,15,1,16,,,,,,,,,,,,,,,,,,,,,,,,,,,,,
7495,209948,3,A1,B,388,08-Jan-2023,20:45:21,-23.2455,151.8121,,401677693,-133,8,0,08-Jan-2023,20:45:22,-23.2455,151.8121,,1308,1675,1020,51,,,15,1,16,,,,,,,,,,,,,,,,,,,,,,,,,,,,,
7495,209948,3,NK,0,389,08-Jan-2023,21:11:34,-23.2572,151.8037,,401677689,-123,56,0,08-Jan-2023,21:10:14,-23.2572,151.8037,192,2772,30088,255,101,,,67,47,5,,,,,,,,,,,,,,,,,,,,,,,,,,,,,
7495,209948,3,NK,0,389,08-Jan-2023,21:11:34,-23.2572,151.8037,,401677689,-123,56,0,08-Jan-2023,21:10:33,-23.2572,151.8037,192,2772,30088,255,101,,,92,187,30,,,,,,,,,,,,,,,,,,,,,,,,,,,,,
7495,209948,3,NK,0,389,08-Jan-2023,21:11:34,-23.2572,151.8037,,401677689,-123,56,0,08-Jan-2023,21:10:55,-23.2572,151.8037,192,2772,30088,255,101,,,98,136,0,,,,,,,,,,,,,,,,,,,,,,,,,,,,,
7495,209948,3,NK,0,389,08-Jan-2023,21:11:34,-23.2572,151.8037,,401677689,-123,56,0,08-Jan-2023,21:11:46,-23.2572,151.8037,192,2772,30088,255,101,,,70,46,5,,,,,,,,,,,,,,,,,,,,,,,,,,,,,
7495,209948,3,NK,0,389,08-Jan-2023,21:11:34,-23.2572,151.8037,,401677689,-123,56,0,08-Jan-2023,21:12:03,-23.2572,151.8037,192,2772,30088,255,101,,,88,192,30,,,,,,,,,,,,,,,,,,,,,,,,,,,,,
7495,209948,3,NK,0,389,08-Jan-2023,21:11:34,-23.2572,151.8037,,401677689,-123,56,0,08-Jan-2023,21:12:32,-23.2572,151.8037,192,2772,30088,255,101,,,97,135,0,,,,,,,,,,,,,,,,,,,,,,,,,,,,,
7495,209948,3,NK,0,389,08-Jan-2023,21:11:34,-23.2572,151.8037,,401677689,-123,56,1,08-Jan-2023,21:13:10,-23.2572,151.8037,192,2772,30088,255,101,,,15,1,16,,,,,,,,,,,,,,,,,,,,,,,,,,,,,
7495,209948,3,NK,0,389,08-Jan-2023,21:11:34,-23.2572,151.8037,,401677689,-123,56,2,08-Jan-2023,21:13:26,-23.2572,151.8037,192,2772,30088,255,101,,,27,143,28,,,,,,,,,,,,,,,,,,,,,,,,,,,,,
7495,209948,3,SR,2,390,09-Jan-2023,08:01:56,-23.2491,151.7700,,401677699,-123,58,0,09-Jan-2023,08:01:30,-23.2491,151.7700,396,286,1097,74,144,,,103,137,0,,,,,,,,,,,,,,,,,,,,,,,,,,,,,
7495,209948,3,SR,2,390,09-Jan-2023,08:01:56,-23.2491,151.7700,,401677699,-123,58,0,09-Jan-2023,08:02:23,-23.2491,151.7700,396,286,1097,74,144,,,15,1,16,,,,,,,,,,,,,,,,,,,,,,,,,,,,,
7495,209948,3,SR,2,390,09-Jan-2023,08:01:56,-23.2491,151.7700,,401677699,-123,58,0,09-Jan-2023,08:06:55,-23.2491,151.7700,396,286,1097,74,144,,,27,143,28,,,,,,,,,,,,,,,,,,,,,,,,,,,,,
7495,209948,3,SR,2,390,09-Jan-2023,08:01:56,-23.2491,151.7700,,401677699,-123,58,0,09-Jan-2023,08:07:51,-23.2491,151.7700,396,286,1097,74,144,,,87,66,31,,,,,,,,,,,,,,,,,,,,,,,,,,,,,
7495,209948,3,SR,2,390,09-Jan-2023,08:01:56,-23.2491,151.7700,,401677699,-123,58,1,09-Jan-2023,08:08:06,-23.2491,151.7700,396,286,1097,74,144,,,103,137,0,,,,,,,,,,,,,,,,,,,,,,,,,,,,,
7495,209948,3,A1,B,391,09-Jan-2023,08:49:03,-23.2471,151.7709,,401677684,-141,8,0,09-Jan-2023,08:49:04,-23.2471,151.7709,,1231,1405,1077,98,,,98,136,0,,,,,,,,,,,,,,,,,,,,,,,,,,,,,
7495,209948,3,NP,1,392,09-Jan-2023,09:17:15,-23.2437,151.8006,,401677698,-128,58,0,09-Jan-2023,09:17:06,-23.2437,151.8006,412,719,3926,131,151,,,27,142,22,,,,,,,,,,,,,,,,,,,,,,,,,,,,,
7495,209948,3,NP,1,392,09-Jan-2023,09:17:15,-23.2437,151.8006,,401677698,-128,58,0,09-Jan-2023,09:17:25,-23.2437,151.8006,412,719,3926,131,151,,,69,49,5,,,,,,,,,,,,,,,,,,,,,,,,,,,,,
7495,209948,3,NP,1,392,09-Jan-2023,09:17:15,-23.2437,151.8006,,401677698,-128,58,0,09-Jan-2023,09:22:48,-23.2437,151.8006,412,719,3926,131,151,,,87,82,31,,,,,,,,,,,,,,,,,,,,,,,,,,,,,
7495,209948,3,NP,1,392,09-Jan-2023,09:17:15,-23.2437,151.8006,,401677698,-128,58,0,09-Jan-2023,09:23:04,-23.2437,151.8006,412,719,3926,131,151,,,100,134,0,,,,,,,,,,,,,,,,,,,,,,,,,,,,,
7495,209948,3,NP,1,392,09-Jan-2023,09:17:15,-23.2437,151.8006,,401677698,-128,58,0,09-Jan-2023,09:23:19,-23.2437,151.8006,412,719,3926,131,151,,,15,1,16,,,,,,,,,,,,,,,,,,,,,,,,,,,,,
7495,209948,3,NP,1,392,09-Jan-2023,09:17:15,-23.2437,151.8006,,401677698,-128,58,0,09-Jan-2023,09:23:42,-23.2437,151.8006,412,719,3926,131,151,,,27,143,28,,,,,,,,,,,,,,,,,,,,,,,,,,,,,
7495,209948,3,NP,1,392,09-Jan-2023,09:17:15,-23.2437,151.8006,,401677698,-128,58,0,09-Jan-2023,09:23:58,-23.2437,151.8006,412,719,3926,131,151,,,79,51,5,,,,,,,,,,,,,,,,,,,,,,,,,,,,,
7495,209948,3,NK,B,393,09-Jan-2023,09:37:15,-23.2430,151.8034,,401677689,-132,6,0,09-Jan-2023,09:37:16,-23.2430,151.8034,,1414,1654,1208,141,,,15,1,16,,,,,,,,,,,,,,,,,,,,,,,,,,,,,
7495,209948,3,NP,A,394,09-Jan-2023,10:53:13,-23.2605,151.7826,,401677692,-128,8,0,09-Jan-2023,10:53:13,-23.2605,151.7826,681,1621,13428,195,136,,,27,143,28,,,,,,,,,,,,,,,,,,,,,,,,,,,,,
7495,209948,3,NP,A,394,09-Jan-2023,10:53:13,-23.2605,151.7826,,401677692,-128,8,0,09-Jan-2023,11:04:15,-23.2605,151.7826,681,1621,13428,195,136,,,86,103,31,,,,,,,,,,,,,,,,,,,,,,,,,,,,,
7495,209948,3,NP,A,394,09-Jan-2023,10:53:13,-23.2605,151.7826,,401677692,-128,8,0,09-Jan-2023,11:04:34,-23.2605,151.7826,681,1621,13428,195,136,,,103,137,0,,,,,,,,,,,,,,,,,,,,,,,,,,,,,
7495,209948,3,MC,A,395,09-Jan-2023,11:04:13,-23.2538,151.7772,,401677682,-119,6,0,09-Jan-2023,11:03:52,-23.2538,151.7772,42,453,955,215,87,,,68,52,5,,,,,,,,,,,,,,,,,,,,,,,,,,,,,
7495,209948,3,MC,A,395,09-Jan-2023,11:04:13,-23.2538,151.7772,,401677682,-119,6,0,09-Jan-2023,11:04:15,-23.2538,151.7772,42,453,955,215,87,,,86,103,31,,,,,,,,,,,,,,,,,,,,,,,,,,,,,
7495,209948,3,MC,A,395,09-Jan-2023,11:04:13,-23.2538,151.7772,,401677682,-119,6,0,09-Jan-2023,11:04:34,-23.2538,151.7772,42,453,955,215,87,,,103,137,0,,,,,,,,,,,,,,,,,,,,,,,,,,,,,
7495,209948,3,MB,A,396,09-Jan-2023,11:53:11,-23.2611,151.7610,,401677694,-130,8,0,09-Jan-2023,11:53:11,-23.2611,151.7610,432,349,2942,41,58,,,98,136,0,,,,,,,,,,,,,,,,,,,,,,,,,,,,,
7495,209948,3,MB,A,396,09-Jan-2023,11:53:11,-23.2611,151.7610,,401677694,-130,8,0,09-Jan-2023,11:57:49,-23.2611,151.7610,432,349,2942,41,58,,,15,1,16,,,,,,,,,,,,,,,,,,,,,,,,,,,,,
7495,209948,3,MB,A,396,09-Jan-2023,11:53:11,-23.2611,151.7610,,401677694,-130,8,0,09-Jan-2023,12:00:23,-23.2611,151.7610,432,349,2942,41,58,,,90,123,31,,,,,,,,,,,,,,,,,,,,,,,,,,,,,
7495,209948,3,NN,2,397,09-Jan-2023,12:03:50,-23.2464,151.7691,,401677689,-125,56,0,09-Jan-2023,12:00:23,-23.2464,151.7691,462,334,1415,78,67,,,90,123,31,,,,,,,,,,,,,,,,,,,,,,,,,,,,,
7495,209948,3,NN,2,397,09-Jan-2023,12:03:50,-23.2464,151.7691,,401677689,-125,56,0,09-Jan-2023,12:00:57,-23.2464,151.7691,462,334,1415,78,67,,,97,135,0,,,,,,,,,,,,,,,,,,,,,,,,,,,,,
7495,209948,23,NN,2,397,09-Jan-2023,12:03:50,-23.2464,151.7691,,401677689,-125,56,0,09-Jan-2023,12:01:24,-23.2464,151.7691,462,334,1415,78,67,,,65,208,165,253,40,150,250,144,68,176,114,86,86,62,251,14,1,205,27,211,209,127,192,,,,,,,,,
7495,209948,3,NN,2,397,09-Jan-2023,12:03:50,-23.2464,151.7691,,401677689,-125,56,0,09-Jan-2023,12:04:11,-23.2464,151.7691,462,334,1415,78,67,,,15,1,16,,,,,,,,,,,,,,,,,,,,,,,,,,,,,
7495,209948,3,NN,2,397,09-Jan-2023,12:03:50,-23.2464,151.7691,,401677689,-125,56,0,09-Jan-2023,12:04:36,-23.2464,151.7691,462,334,1415,78,67,,,27,143,28,,,,,,,,,,,,,,,,,,,,,,,,,,,,,
7495,209948,3,NN,2,397,09-Jan-2023,12:03:50,-23.2464,151.7691,,401677689,-125,56,0,09-Jan-2023,12:07:20,-23.2464,151.7691,462,334,1415,78,67,,,93,129,31,,,,,,,,,,,,,,,,,,,,,,,,,,,,,
7495,209948,3,NN,2,397,09-Jan-2023,12:03:50,-23.2464,151.7691,,401677689,-125,56,0,09-Jan-2023,12:08:05,-23.2464,151.7691,462,334,1415,78,67,,,98,136,0,,,,,,,,,,,,,,,,,,,,,,,,,,,,,
7495,209948,3,MC,A,398,09-Jan-2023,12:49:55,-23.2497,151.7661,,401677688,-125,8,0,09-Jan-2023,12:49:22,-23.2497,151.7661,59,1695,3156,909,80,,,15,1,16,,,,,,,,,,,,,,,,,,,,,,,,,,,,,
7495,209948,3,MC,A,398,09-Jan-2023,12:49:55,-23.2497,151.7661,,401677688,-125,8,0,09-Jan-2023,12:50:03,-23.2497,151.7661,59,1695,3156,909,80,,,68,52,5,,,,,,,,,,,,,,,,,,,,,,,,,,,,,
7495,209948,3,MC,A,398,09-Jan-2023,12:49:55,-23.2497,151.7661,,401677688,-125,8,0,09-Jan-2023,12:50:21,-23.2497,151.7661,59,1695,3156,909,80,,,89,149,31,,,,,,,,,,,,,,,,,,,,,,,,,,,,,
7495,209948,3,MB,B,399,09-Jan-2023,23:04:21,-23.2616,151.7311,,401677677,-133,8,0,09-Jan-2023,23:04:21,-23.2616,151.7311,,4166,6724,2580,98,,,89,202,31,,,,,,,,,,,,,,,,,,,,,,,,,,,,,
7495,209948,31,SR,A,400,10-Jan-2023,07:36:13,-23.3220,151.7001,,401677680,-126,8,0,10-Jan-2023,07:35:46,-23.3220,151.7001,48,4698,38454,573,100,,,32,197,32,0,0,0,0,0,0,0,255,56,0,0,0,194,197,0,0,0,0,0,0,0,0,255,5,0,0,0,107,
7495,209948,3,SR,A,400,10-Jan-2023,07:36:13,-23.3220,151.7001,,401677680,-126,8,0,10-Jan-2023,07:36:19,-23.3220,151.7001,48,4698,38454,573,100,,,97,135,0,,,,,,,,,,,,,,,,,,,,,,,,,,,,,
7495,209948,3,SR,A,400,10-Jan-2023,07:36:13,-23.3220,151.7001,,401677680,-126,8,0,10-Jan-2023,07:36:34,-23.3220,151.7001,48,4698,38454,573,100,,,15,0,17,,,,,,,,,,,,,,,,,,,,,,,,,,,,,
7495,209948,3,NP,2,401,10-Jan-2023,09:06:49,-23.2940,151.7585,,401677704,-130,58,0,10-Jan-2023,09:05:21,-23.2940,151.7585,419,388,852,176,138,,,90,17,32,,,,,,,,,,,,,,,,,,,,,,,,,,,,,
7495,209948,3,NP,2,401,10-Jan-2023,09:06:49,-23.2940,151.7585,,401677704,-130,58,0,10-Jan-2023,09:05:40,-23.2940,151.7585,419,388,852,176,138,,,97,135,0,,,,,,,,,,,,,,,,,,,,,,,,,,,,,
7495,209948,23,NP,2,401,10-Jan-2023,09:06:49,-23.2940,151.7585,,401677704,-130,58,0,10-Jan-2023,09:06:07,-23.2940,151.7585,419,388,852,176,138,,,91,112,165,253,40,150,250,144,69,36,189,154,214,64,39,16,5,214,27,211,209,127,192,,,,,,,,,
7495,209948,3,NP,2,401,10-Jan-2023,09:06:49,-23.2940,151.7585,,401677704,-130,58,0,10-Jan-2023,09:06:58,-23.2940,151.7585,419,388,852,176,138,,,67,63,80,,,,,,,,,,,,,,,,,,,,,,,,,,,,,
7495,209948,3,NP,2,401,10-Jan-2023,09:06:49,-23.2940,151.7585,,401677704,-130,58,0,10-Jan-2023,09:07:17,-23.2940,151.7585,419,388,852,176,138,,,84,23,32,,,,,,,,,,,,,,,,,,,,,,,,,,,,,
7495,209948,3,NP,2,401,10-Jan-2023,09:06:49,-23.2940,151.7585,,401677704,-130,58,0,10-Jan-2023,09:07:38,-23.2940,151.7585,419,388,852,176,138,,,100,134,0,,,,,,,,,,,,,,,,,,,,,,,,,,,,,
7495,209948,3,NP,2,401,10-Jan-2023,09:06:49,-23.2940,151.7585,,401677704,-130,58,1,10-Jan-2023,09:07:55,-23.2940,151.7585,419,388,852,176,138,,,15,1,16,,,,,,,,,,,,,,,,,,,,,,,,,,,,,
7495,209948,3,NP,2,401,10-Jan-2023,09:06:49,-23.2940,151.7585,,401677704,-130,58,1,10-Jan-2023,09:08:13,-23.2940,151.7585,419,388,852,176,138,,,27,143,28,,,,,,,,,,,,,,,,,,,,,,,,,,,,,
7495,209948,3,NP,2,401,10-Jan-2023,09:06:49,-23.2940,151.7585,,401677704,-130,58,0,10-Jan-2023,09:10:34,-23.2940,151.7585,419,388,852,176,138,,,83,28,32,,,,,,,,,,,,,,,,,,,,,,,,,,,,,
7495,209948,3,NP,2,401,10-Jan-2023,09:06:49,-23.2940,151.7585,,401677704,-130,58,1,10-Jan-2023,09:11:11,-23.2940,151.7585,419,388,852,176,138,,,97,135,0,,,,,,,,,,,,,,,,,,,,,,,,,,,,,
7495,209948,3,NP,2,401,10-Jan-2023,09:06:49,-23.2940,151.7585,,401677704,-130,58,2,10-Jan-2023,09:12:20,-23.2940,151.7585,419,388,852,176,138,,,27,143,28,,,,,,,,,,,,,,,,,,,,,,,,,,,,,
7495,209948,3,NK,3,402,10-Jan-2023,09:13:02,-23.2823,151.7533,,401677689,-125,56,0,10-Jan-2023,09:05:21,-23.2823,151.7533,504,214,462,99,91,,,90,17,32,,,,,,,,,,,,,,,,,,,,,,,,,,,,,
7495,209948,23,NK,3,402,10-Jan-2023,09:13:02,-23.2823,151.7533,,401677689,-125,56,0,10-Jan-2023,09:06:07,-23.2823,151.7533,504,214,462,99,91,,,91,112,165,253,40,150,250,144,69,36,189,154,214,64,39,16,5,214,27,211,209,127,192,,,,,,,,,
7495,209948,3,NK,3,402,10-Jan-2023,09:13:02,-23.2823,151.7533,,401677689,-125,56,0,10-Jan-2023,09:06:58,-23.2823,151.7533,504,214,462,99,91,,,67,63,4,,,,,,,,,,,,,,,,,,,,,,,,,,,,,
7495,209948,3,NK,3,402,10-Jan-2023,09:13:02,-23.2823,151.7533,,401677689,-125,56,0,10-Jan-2023,09:07:17,-23.2823,151.7533,504,214,462,99,91,,,84,23,32,,,,,,,,,,,,,,,,,,,,,,,,,,,,,
7495,209948,3,NK,3,402,10-Jan-2023,09:13:02,-23.2823,151.7533,,401677689,-125,56,0,10-Jan-2023,09:07:38,-23.2823,151.7533,504,214,462,99,91,,,100,134,0,,,,,,,,,,,,,,,,,,,,,,,,,,,,,
7495,209948,3,NK,3,402,10-Jan-2023,09:13:02,-23.2823,151.7533,,401677689,-125,56,1,10-Jan-2023,09:07:55,-23.2823,151.7533,504,214,462,99,91,,,15,1,16,,,,,,,,,,,,,,,,,,,,,,,,,,,,,
7495,209948,3,NK,3,402,10-Jan-2023,09:13:02,-23.2823,151.7533,,401677689,-125,56,1,10-Jan-2023,09:11:11,-23.2823,151.7533,504,214,462,99,91,,,97,135,0,,,,,,,,,,,,,,,,,,,,,,,,,,,,,
7495,209948,3,NK,3,402,10-Jan-2023,09:13:02,-23.2823,151.7533,,401677689,-125,56,0,10-Jan-2023,09:12:20,-23.2823,151.7533,504,214,462,99,91,,,27,143,28,,,,,,,,,,,,,,,,,,,,,,,,,,,,,
7495,209948,3,NK,3,402,10-Jan-2023,09:13:02,-23.2823,151.7533,,401677689,-125,56,0,10-Jan-2023,09:13:45,-23.2823,151.7533,504,214,462,99,91,,,90,33,32,,,,,,,,,,,,,,,,,,,,,,,,,,,,,
7495,209948,3,SR,1,403,10-Jan-2023,09:12:48,-23.2919,151.7448,,401677680,-132,56,0,10-Jan-2023,09:10:34,-23.2919,151.7448,253,589,1128,306,173,,,83,28,32,,,,,,,,,,,,,,,,,,,,,,,,,,,,,
7495,209948,3,SR,1,403,10-Jan-2023,09:12:48,-23.2919,151.7448,,401677680,-132,56,0,10-Jan-2023,09:11:11,-23.2919,151.7448,253,589,1128,306,173,,,97,135,0,,,,,,,,,,,,,,,,,,,,,,,,,,,,,
7495,209948,3,SR,1,403,10-Jan-2023,09:12:48,-23.2919,151.7448,,401677680,-132,56,0,10-Jan-2023,09:12:20,-23.2919,151.7448,253,589,1128,306,173,,,27,143,28,,,,,,,,,,,,,,,,,,,,,,,,,,,,,
7495,209948,3,SR,1,403,10-Jan-2023,09:12:48,-23.2919,151.7448,,401677680,-132,56,0,10-Jan-2023,09:13:45,-23.2919,151.7448,253,589,1128,306,173,,,90,33,32,,,,,,,,,,,,,,,,,,,,,,,,,,,,,
7495,209948,3,SR,1,403,10-Jan-2023,09:12:48,-23.2919,151.7448,,401677680,-132,56,0,10-Jan-2023,09:14:16,-23.2919,151.7448,253,589,1128,306,173,,,101,131,0,,,,,,,,,,,,,,,,,,,,,,,,,,,,,
7495,209948,3,SR,1,403,10-Jan-2023,09:12:48,-23.2919,151.7448,,401677680,-132,56,0,10-Jan-2023,09:14:47,-23.2919,151.7448,253,589,1128,306,173,,,15,1,16,,,,,,,,,,,,,,,,,,,,,,,,,,,,,
7495,209948,3,A1,B,404,10-Jan-2023,20:10:08,-23.2247,151.7971,,401677697,-130,8,0,10-Jan-2023,20:10:09,-23.2247,151.7971,,9424,21452,4139,48,,,64,48,5,,,,,,,,,,,,,,,,,,,,,,,,,,,,,
7495,209948,3,MC,B,405,10-Jan-2023,22:00:36,-23.2311,151.7945,,401677699,-125,8,0,10-Jan-2023,22:00:36,-23.2311,151.7945,,9638,20701,4487,67,,,97,135,0,,,,,,,,,,,,,,,,,,,,,,,,,,,,,
7495,209948,3,NK,B,406,10-Jan-2023,22:00:36,-23.2399,151.7661,,401677681,-130,,0,10-Jan-2023,22:00:36,-23.2399,151.7661,,6718,9598,4701,54,,,97,135,0,,,,,,,,,,,,,,,,,,,,,,,,,,,,,
7495,209948,3,NP,B,407,10-Jan-2023,22:00:36,-23.2346,151.7852,,401677692,-128,,0,10-Jan-2023,22:00:36,-23.2346,151.7852,,7997,14376,4448,70,,,97,135,0,,,,,,,,,,,,,,,,,,,,,,,,,,,,,
7495,209948,3,MB,B,408,10-Jan-2023,22:43:57,-23.2137,151.8031,,401677690,-133,8,0,10-Jan-2023,22:43:57,-23.2137,151.8031,,3482,10423,1163,62,,,86,98,32,,,,,,,,,,,,,,,,,,,,,,,,,,,,,
7495,209948,3,SR,B,409,11-Jan-2023,07:04:27,-23.1771,151.8026,,401677706,-128,8,0,11-Jan-2023,07:04:28,-23.1771,151.8026,,3908,5149,2966,57,,,103,137,0,,,,,,,,,,,,,,,,,,,,,,,,,,,,,
7495,209948,23,SR,B,410,11-Jan-2023,08:36:28,-23.1828,151.8080,,401677704,-137,8,0,11-Jan-2023,08:36:28,-23.1828,151.8080,,4509,5867,3465,36,,,77,16,165,253,40,150,250,144,69,162,164,218,150,64,239,16,1,156,27,211,33,127,192,,,,,,,,,
7495,209948,3,NK,B,411,11-Jan-2023,10:23:10,-23.2692,151.7915,,401677677,-126,8,0,11-Jan-2023,10:22:56,-23.2692,151.7915,28,1682,7174,394,70,,,103,137,0,,,,,,,,,,,,,,,,,,,,,,,,,,,,,
7495,209948,3,NK,B,411,11-Jan-2023,10:23:10,-23.2692,151.7915,,401677677,-126,8,0,11-Jan-2023,10:23:24,-23.2692,151.7915,28,1682,7174,394,70,,,15,1,16,,,,,,,,,,,,,,,,,,,,,,,,,,,,,
7495,209948,3,MC,A,412,11-Jan-2023,10:23:31,-23.2785,151.7681,,401677686,-121,6,0,11-Jan-2023,10:22:56,-23.2785,151.7681,79,866,2062,363,39,,,103,137,0,,,,,,,,,,,,,,,,,,,,,,,,,,,,,
7495,209948,3,MC,A,412,11-Jan-2023,10:23:31,-23.2785,151.7681,,401677686,-121,6,0,11-Jan-2023,10:23:24,-23.2785,151.7681,79,866,2062,363,39,,,15,1,16,,,,,,,,,,,,,,,,,,,,,,,,,,,,,
7495,209948,3,MC,A,412,11-Jan-2023,10:23:31,-23.2785,151.7681,,401677686,-121,6,0,11-Jan-2023,10:24:15,-23.2785,151.7681,79,866,2062,363,39,,,27,143,28,,,,,,,,,,,,,,,,,,,,,,,,,,,,,
7495,209948,3,NP,2,413,11-Jan-2023,10:34:37,-23.2874,151.7683,,401677689,-121,58,0,11-Jan-2023,10:33:14,-23.2874,151.7683,514,335,1625,69,70,,,75,55,5,,,,,,,,,,,,,,,,,,,,,,,,,,,,,
7495,209948,3,NP,2,413,11-Jan-2023,10:34:37,-23.2874,151.7683,,401677689,-121,58,0,11-Jan-2023,10:36:01,-23.2874,151.7683,514,335,1625,69,70,,,80,124,32,,,,,,,,,,,,,,,,,,,,,,,,,,,,,
7495,209948,3,NP,2,413,11-Jan-2023,10:34:37,-23.2874,151.7683,,401677689,-121,58,0,11-Jan-2023,10:39:24,-23.2874,151.7683,514,335,1625,69,70,,,72,56,5,,,,,,,,,,,,,,,,,,,,,,,,,,,,,
7495,209948,3,NP,2,413,11-Jan-2023,10:34:37,-23.2874,151.7683,,401677689,-121,58,0,11-Jan-2023,10:41:05,-23.2874,151.7683,514,335,1625,69,70,,,98,136,0,,,,,,,,,,,,,,,,,,,,,,,,,,,,,
7495,209948,3,NP,2,413,11-Jan-2023,10:34:37,-23.2874,151.7683,,401677689,-121,58,1,11-Jan-2023,10:41:48,-23.2874,151.7683,514,335,1625,69,70,,,15,1,16,,,,,,,,,,,,,,,,,,,,,,,,,,,,,
7495,209948,3,MB,1,414,11-Jan-2023,11:18:09,-23.2908,151.7643,,401677687,-130,58,0,11-Jan-2023,11:14:04,-23.2908,151.7643,288,855,6619,110,69,,,88,165,32,,,,,,,,,,,,,,,,,,,,,,,,,,,,,
7495,209948,3,MB,1,414,11-Jan-2023,11:18:09,-23.2908,151.7643,,401677687,-130,58,0,11-Jan-2023,11:14:19,-23.2908,151.7643,288,855,6619,110,69,,,98,136,0,,,,,,,,,,,,,,,,,,,,,,,,,,,,,
7495,209948,3,MB,1,414,11-Jan-2023,11:18:09,-23.2908,151.7643,,401677687,-130,58,0,11-Jan-2023,11:14:50,-23.2908,151.7643,288,855,6619,110,69,,,27,143,28,,,,,,,,,,,,,,,,,,,,,,,,,,,,,
7495,209948,3,MB,1,414,11-Jan-2023,11:18:09,-23.2908,151.7643,,401677687,-130,58,0,11-Jan-2023,11:15:24,-23.2908,151.7643,288,855,6619,110,69,,,75,55,5,,,,,,,,,,,,,,,,,,,,,,,,,,,,,
7495,209948,3,MB,1,414,11-Jan-2023,11:18:09,-23.2908,151.7643,,401677687,-130,58,0,11-Jan-2023,11:15:57,-23.2908,151.7643,288,855,6619,110,69,,,107,133,0,,,,,,,,,,,,,,,,,,,,,,,,,,,,,
7495,209948,3,MB,1,414,11-Jan-2023,11:18:09,-23.2908,151.7643,,401677687,-130,58,0,11-Jan-2023,11:17:00,-23.2908,151.7643,288,855,6619,110,69,,,89,176,32,,,,,,,,,,,,,,,,,,,,,,,,,,,,,
7495,209948,3,MB,1,414,11-Jan-2023,11:18:09,-23.2908,151.7643,,401677687,-130,58,0,11-Jan-2023,11:18:36,-23.2908,151.7643,288,855,6619,110,69,,,97,135,0,,,,,,,,,,,,,,,,,,,,,,,,,,,,,
7495,209948,3,MB,1,414,11-Jan-2023,11:18:09,-23.2908,151.7643,,401677687,-130,58,1,11-Jan-2023,11:18:52,-23.2908,151.7643,288,855,6619,110,69,,,15,1,16,,,,,,,,,,,,,,,,,,,,,,,,,,,,,
7495,209948,3,NN,B,415,11-Jan-2023,13:16:37,-23.3078,151.7614,,401677676,-140,8,0,11-Jan-2023,13:16:38,-23.3078,151.7614,,4371,4825,3959,82,,,27,143,28,,,,,,,,,,,,,,,,,,,,,,,,,,,,,
7495,209948,23,SR,B,416,11-Jan-2023,19:24:54,-23.2665,151.8226,,401677687,-129,8,0,11-Jan-2023,19:20:44,-23.2665,151.8226,502,5371,152086,189,130,,,67,132,203,161,135,253,1,137,26,16,132,79,139,126,12,130,192,32,192,15,182,24,97,,,,,,,,,
7495,209948,3,SR,B,416,11-Jan-2023,19:24:54,-23.2665,151.8226,,401677687,-129,8,0,11-Jan-2023,19:29:06,-23.2665,151.8226,502,5371,152086,189,130,,,64,48,5,,,,,,,,,,,,,,,,,,,,,,,,,,,,,
7495,209948,3,NN,B,417,11-Jan-2023,23:02:33,-23.2757,151.8186,,401677687,-127,8,0,11-Jan-2023,23:02:34,-23.2757,151.8186,,3040,6788,1360,128,,,98,136,0,,,,,,,,,,,,,,,,,,,,,,,,,,,,,
7495,209948,3,MC,B,418,11-Jan-2023,23:13:48,-23.2841,151.8180,,401677682,-120,6,0,11-Jan-2023,23:13:08,-23.2841,151.8180,82,2291,30735,170,112,,,15,1,16,,,,,,,,,,,,,,,,,,,,,,,,,,,,,
7495,209948,3,MC,B,418,11-Jan-2023,23:13:48,-23.2841,151.8180,,401677682,-120,6,0,11-Jan-2023,23:14:30,-23.2841,151.8180,82,2291,30735,170,112,,,27,143,28,,,,,,,,,,,,,,,,,,,,,,,,,,,,,
7495,209948,3,NP,B,419,12-Jan-2023,08:40:50,-23.2719,151.8124,,401677687,-138,8,0,12-Jan-2023,08:40:51,-23.2719,151.8124,271,1882,19469,181,4,,,78,42,5,,,,,,,,,,,,,,,,,,,,,,,,,,,,,
7495,209948,3,NP,B,419,12-Jan-2023,08:40:50,-23.2719,151.8124,,401677687,-138,8,0,12-Jan-2023,08:45:22,-23.2719,151.8124,271,1882,19469,181,4,,,27,143,28,,,,,,,,,,,,,,,,,,,,,,,,,,,,,
7495,209948,3,NP,B,420,12-Jan-2023,10:18:53,-23.2180,151.8067,,401677682,-127,8,0,12-Jan-2023,10:18:53,-23.2180,151.8067,612,1567,2562,958,36,,,27,143,28,,,,,,,,,,,,,,,,,,,,,,,,,,,,,
7495,209948,23,NP,B,420,12-Jan-2023,10:18:53,-23.2180,151.8067,,401677682,-127,8,0,12-Jan-2023,10:29:05,-23.2180,151.8067,612,1567,2562,958,36,,,76,80,165,236,0,51,184,17,255,139,136,126,213,205,140,236,145,208,0,4,126,0,31,,,,,,,,,
7495,209948,3,MB,B,421,12-Jan-2023,12:34:33,-23.2200,151.8006,,401677671,-133,8,0,12-Jan-2023,12:34:33,-23.2200,151.8006,,2088,2243,1943,73,,,103,137,128,,,,,,,,,,,,,,,,,,,,,,,,,,,,,
7495,209948,3,NN,1,422,12-Jan-2023,13:06:03,-23.2476,151.7795,,401677680,-127,57,0,12-Jan-2023,13:04:56,-23.2476,151.7795,493,692,4279,111,113,,,27,143,28,,,,,,,,,,,,,,,,,,,,,,,,,,,,,
7495,209948,3,NN,1,422,12-Jan-2023,13:06:03,-23.2476,151.7795,,401677680,-127,57,0,12-Jan-2023,13:05:57,-23.2476,151.7795,493,692,4279,111,113,,,80,67,33,,,,,,,,,,,,,,,,,,,,,,,,,,,,,
7495,209948,3,NN,1,422,12-Jan-2023,13:06:03,-23.2476,151.7795,,401677680,-127,57,0,12-Jan-2023,13:06:20,-23.2476,151.7795,493,692,4279,111,113,,,238,129,229,,,,,,,,,,,,,,,,,,,,,,,,,,,,,
7495,209948,3,NN,1,422,12-Jan-2023,13:06:03,-23.2476,151.7795,,401677680,-127,57,0,12-Jan-2023,13:06:59,-23.2476,151.7795,493,692,4279,111,113,,,15,1,16,,,,,,,,,,,,,,,,,,,,,,,,,,,,,
7495,209948,3,NN,1,422,12-Jan-2023,13:06:03,-23.2476,151.7795,,401677680,-127,57,0,12-Jan-2023,13:13:09,-23.2476,151.7795,493,692,4279,111,113,,,69,49,5,,,,,,,,,,,,,,,,,,,,,,,,,,,,,
7495,209948,3,MC,B,423,12-Jan-2023,13:25:50,-23.2501,151.7750,,401677680,-129,6,0,12-Jan-2023,13:25:50,-23.2501,151.7750,,1226,1615,930,107,,,27,143,28,,,,,,,,,,,,,,,,,,,,,,,,,,,,,
7495,209948,3,NN,B,424,13-Jan-2023,00:21:46,-23.3276,151.6391,,401677664,-133,8,0,13-Jan-2023,00:21:47,-23.3276,151.6391,,5403,5768,5061,105,,,15,1,16,,,,,,,,,,,,,,,,,,,,,,,,,,,,,
7495,209948,3,MC,B,425,13-Jan-2023,13:01:41,-23.4194,151.4736,,401677665,-126,,0,13-Jan-2023,13:01:41,-23.4194,151.4736,,6571,15620,2763,67,,,93,228,33,,,,,,,,,,,,,,,,,,,,,,,,,,,,,
7495,209948,3,NN,B,426,13-Jan-2023,13:01:41,-23.2603,151.6866,,401677679,-125,,0,13-Jan-2023,13:01:41,-23.2603,151.6866,,5889,13566,2556,107,,,93,228,33,,,,,,,,,,,,,,,,,,,,,,,,,,,,,
7495,209948,3,MB,B,427,14-Jan-2023,11:48:19,-23.3672,151.5596,,401677665,-130,,0,14-Jan-2023,11:46:24,-23.3672,151.5596,231,10350,,,,,,91,180,34,,,,,,,,,,,,,,,,,,,,,,,,,,,,,
7495,209948,31,MB,B,427,14-Jan-2023,11:48:19,-23.3672,151.5596,,401677665,-130,,0,14-Jan-2023,11:50:15,-23.3672,151.5596,231,10350,,,,,,32,197,160,0,0,0,0,0,0,0,255,0,0,0,0,42,197,128,0,0,1,136,0,0,1,255,1,0,0,0,235,
7495,209948,3,MC, ,428,15-Jan-2023,12:25:28,,,,401650000,-123,,0,15-Jan-2023,12:25:28,,,,,,,,,,15,1,16,,,,,,,,,,,,,,,,,,,,,,,,,,,,,
7495,209948,3,NN, ,429,15-Jan-2023,12:40:10,,,,401650000,-132,,0,15-Jan-2023,12:40:10,,,,,,,,,,27,143,28,,,,,,,,,,,,,,,,,,,,,,,,,,,,,
7495,209948,3,A1,B,430,15-Jan-2023,18:47:20,-23.2647,151.6795,,401677682,-136,,0,15-Jan-2023,18:47:13,-23.2647,151.6795,16,4365,12366,1540,104,,,15,1,16,,,,,,,,,,,,,,,,,,,,,,,,,,,,,
7495,209948,3,A1,B,430,15-Jan-2023,18:47:20,-23.2647,151.6795,,401677682,-136,,0,15-Jan-2023,18:47:29,-23.2647,151.6795,16,4365,12366,1540,104,,,27,143,28,,,,,,,,,,,,,,,,,,,,,,,,,,,,,
7495,209948,3,SR,3,431,15-Jan-2023,19:03:56,-23.2594,151.6907,,401677683,-127,56,0,15-Jan-2023,18:53:26,-23.2594,151.6907,630,176,193,160,46,,,92,113,35,,,,,,,,,,,,,,,,,,,,,,,,,,,,,
7495,209948,3,SR,3,431,15-Jan-2023,19:03:56,-23.2594,151.6907,,401677683,-127,56,0,15-Jan-2023,18:53:41,-23.2594,151.6907,630,176,193,160,46,,,98,136,0,,,,,,,,,,,,,,,,,,,,,,,,,,,,,
7495,209948,3,SR,3,431,15-Jan-2023,19:03:56,-23.2594,151.6907,,401677683,-127,56,0,15-Jan-2023,18:54:49,-23.2594,151.6907,630,176,193,160,46,,,87,118,35,,,,,,,,,,,,,,,,,,,,,,,,,,,,,
7495,209948,3,SR,3,431,15-Jan-2023,19:03:56,-23.2594,151.6907,,401677683,-127,56,0,15-Jan-2023,18:55:05,-23.2594,151.6907,630,176,193,160,46,,,100,134,0,,,,,,,,,,,,,,,,,,,,,,,,,,,,,
7495,209948,23,SR,3,431,15-Jan-2023,19:03:56,-23.2594,151.6907,,401677683,-127,56,0,15-Jan-2023,18:57:35,-23.2594,151.6907,630,176,193,160,46,,,77,48,165,253,40,150,250,144,70,99,43,126,82,250,126,193,37,153,241,45,236,137,69,,,,,,,,,
7495,209948,3,SR,3,431,15-Jan-2023,19:03:56,-23.2594,151.6907,,401677683,-127,56,0,15-Jan-2023,18:57:51,-23.2594,151.6907,630,176,193,160,46,,,17,201,237,,,,,,,,,,,,,,,,,,,,,,,,,,,,,
7495,209948,3,SR,3,431,15-Jan-2023,19:03:56,-23.2594,151.6907,,401677683,-127,56,0,15-Jan-2023,18:58:35,-23.2594,151.6907,630,176,193,160,46,,,89,129,35,,,,,,,,,,,,,,,,,,,,,,,,,,,,,
7495,209948,3,SR,3,431,15-Jan-2023,19:03:56,-23.2594,151.6907,,401677683,-127,56,0,15-Jan-2023,19:00:17,-23.2594,151.6907,630,176,193,160,46,,,82,134,35,,,,,,,,,,,,,,,,,,,,,,,,,,,,,
7495,209948,3,SR,3,431,15-Jan-2023,19:03:56,-23.2594,151.6907,,401677683,-127,56,3,15-Jan-2023,19:00:49,-23.2594,151.6907,630,176,193,160,46,,,15,1,16,,,,,,,,,,,,,,,,,,,,,,,,,,,,,
7495,209948,3,SR,3,431,15-Jan-2023,19:03:56,-23.2594,151.6907,,401677683,-127,56,1,15-Jan-2023,19:01:06,-23.2594,151.6907,630,176,193,160,46,,,27,143,28,,,,,,,,,,,,,,,,,,,,,,,,,,,,,
7495,209948,3,SR,3,431,15-Jan-2023,19:03:56,-23.2594,151.6907,,401677683,-127,56,1,15-Jan-2023,19:03:09,-23.2594,151.6907,630,176,193,160,46,,,70,46,5,,,,,,,,,,,,,,,,,,,,,,,,,,,,,
7495,209948,3,SR,3,431,15-Jan-2023,19:03:56,-23.2594,151.6907,,401677683,-127,56,0,15-Jan-2023,19:03:40,-23.2594,151.6907,630,176,193,160,46,,,92,208,35,,,,,,,,,,,,,,,,,,,,,,,,,,,,,
7495,209948,3,SR,3,431,15-Jan-2023,19:03:56,-23.2594,151.6907,,401677683,-127,56,0,15-Jan-2023,19:03:56,-23.2594,151.6907,630,176,193,160,46,,,97,135,0,,,,,,,,,,,,,,,,,,,,,,,,,,,,,
7495,209948,23,NK,1,432,15-Jan-2023,19:48:30,-23.2633,151.6802,,401677683,-128,58,0,15-Jan-2023,19:47:00,-23.2633,151.6802,295,718,2084,247,153,,,71,208,165,253,40,150,250,145,179,108,42,5,134,112,106,193,193,229,65,111,4,93,139,,,,,,,,,
7495,209948,3,NK,1,432,15-Jan-2023,19:48:30,-23.2633,151.6802,,401677683,-128,58,1,15-Jan-2023,19:50:07,-23.2633,151.6802,295,718,2084,247,153,,,100,134,0,,,,,,,,,,,,,,,,,,,,,,,,,,,,,
7495,209948,3,NK,1,432,15-Jan-2023,19:48:30,-23.2633,151.6802,,401677683,-128,58,1,15-Jan-2023,19:50:23,-23.2633,151.6802,295,718,2084,247,153,,,15,1,16,,,,,,,,,,,,,,,,,,,,,,,,,,,,,
7495,209948,3,NK,1,432,15-Jan-2023,19:48:30,-23.2633,151.6802,,401677683,-128,58,0,15-Jan-2023,19:51:55,-23.2633,151.6802,295,718,2084,247,153,,,27,143,28,,,,,,,,,,,,,,,,,,,,,,,,,,,,,
7495,209948,3,SR,B,433,16-Jan-2023,07:39:15,-23.3075,151.5856,,401677667,-136,8,0,16-Jan-2023,07:39:15,-23.3075,151.5856,,10509,11275,9794,93,,,223,240,35,,,,,,,,,,,,,,,,,,,,,,,,,,,,,
7495,209948,3,NK,1,434,16-Jan-2023,08:12:56,-23.2776,151.8176,,401677680,-133,68,0,16-Jan-2023,08:09:19,-14.3991,-168.4889,311,1115,5322,233,54,,,27,135,28,,,,,,,,,,,,,,,,,,,,,,,,,,,,,
7495,209948,3,NK,1,434,16-Jan-2023,08:12:56,-23.2776,151.8176,,401677680,-133,68,0,16-Jan-2023,08:12:59,-14.3991,-168.4889,311,1115,5322,233,54,,,77,41,5,,,,,,,,,,,,,,,,,,,,,,,,,,,,,
7495,209948,23,NK,1,434,16-Jan-2023,08:12:56,-23.2776,151.8176,,401677680,-133,68,0,16-Jan-2023,08:13:47,-14.3991,-168.4889,311,1115,5322,233,54,,,72,144,165,253,40,150,250,144,72,33,61,151,22,71,247,16,7,116,26,210,145,127,192,,,,,,,,,
7495,209948,3,NK,1,434,16-Jan-2023,08:12:56,-23.2776,151.8176,,401677680,-133,68,0,16-Jan-2023,08:14:08,-14.3991,-168.4889,311,1115,5322,233,54,,,67,252,35,,,,,,,,,,,,,,,,,,,,,,,,,,,,,
7495,209948,3,NK,1,434,16-Jan-2023,08:12:56,-23.2776,151.8176,,401677680,-133,68,0,16-Jan-2023,08:14:30,-14.3991,-168.4889,311,1115,5322,233,54,,,98,136,0,,,,,,,,,,,,,,,,,,,,,,,,,,,,,
7495,209948,3,A1,1,435,16-Jan-2023,08:24:35,-23.2792,151.7991,,401677684,-135,47,0,16-Jan-2023,08:21:40,-23.2792,151.7991,317,609,1178,314,135,,,86,1,36,,,,,,,,,,,,,,,,,,,,,,,,,,,,,
7495,209948,3,A1,1,435,16-Jan-2023,08:24:35,-23.2792,151.7991,,401677684,-135,47,0,16-Jan-2023,08:23:47,-23.2792,151.7991,317,609,1178,314,135,,,15,1,16,,,,,,,,,,,,,,,,,,,,,,,,,,,,,
7495,209948,3,A1,1,435,16-Jan-2023,08:24:35,-23.2792,151.7991,,401677684,-135,47,0,16-Jan-2023,08:24:31,-23.2792,151.7991,317,609,1178,314,135,,,66,42,5,,,,,,,,,,,,,,,,,,,,,,,,,,,,,
7495,209948,3,A1,1,435,16-Jan-2023,08:24:35,-23.2792,151.7991,,401677684,-135,47,0,16-Jan-2023,08:25:24,-23.2792,151.7991,317,609,1178,314,135,,,88,7,36,,,,,,,,,,,,,,,,,,,,,,,,,,,,,
7495,209948,3,A1,1,435,16-Jan-2023,08:24:35,-23.2792,151.7991,,401677684,-135,47,1,16-Jan-2023,08:25:39,-23.2792,151.7991,317,609,1178,314,135,,,98,136,0,,,,,,,,,,,,,,,,,,,,,,,,,,,,,
7495,209948,3,A1,1,435,16-Jan-2023,08:24:35,-23.2792,151.7991,,401677684,-135,47,1,16-Jan-2023,08:26:33,-23.2792,151.7991,317,609,1178,314,135,,,27,143,28,,,,,,,,,,,,,,,,,,,,,,,,,,,,,
7495,209948,3,A1,1,435,16-Jan-2023,08:24:35,-23.2792,151.7991,,401677684,-135,47,0,16-Jan-2023,08:26:57,-23.2792,151.7991,317,609,1178,314,135,,,71,43,5,,,,,,,,,,,,,,,,,,,,,,,,,,,,,
7495,209948,3,MC,2,436,16-Jan-2023,11:57:54,-23.2302,151.7675,,401677683,-116,58,0,16-Jan-2023,11:56:13,-23.2302,151.7675,574,370,1145,119,77,,,71,43,5,,,,,,,,,,,,,,,,,,,,,,,,,,,,,
7495,209948,3,MC,2,436,16-Jan-2023,11:57:54,-23.2302,151.7675,,401677683,-116,58,0,16-Jan-2023,11:56:48,-23.2302,151.7675,574,370,1145,119,77,,,91,56,36,,,,,,,,,,,,,,,,,,,,,,,,,,,,,
7495,209948,3,MC,2,436,16-Jan-2023,11:57:54,-23.2302,151.7675,,401677683,-116,58,0,16-Jan-2023,11:57:05,-23.2302,151.7675,574,370,1145,119,77,,,103,137,0,,,,,,,,,,,,,,,,,,,,,,,,,,,,,
7495,209948,3,MC,2,436,16-Jan-2023,11:57:54,-23.2302,151.7675,,401677683,-116,58,0,16-Jan-2023,11:58:16,-23.2302,151.7675,574,370,1145,119,77,,,70,46,5,,,,,,,,,,,,,,,,,,,,,,,,,,,,,
7495,209948,3,MC,2,436,16-Jan-2023,11:57:54,-23.2302,151.7675,,401677683,-116,58,0,16-Jan-2023,11:59:14,-23.2302,151.7675,574,370,1145,119,77,,,90,61,36,,,,,,,,,,,,,,,,,,,,,,,,,,,,,
7495,209948,3,MC,2,436,16-Jan-2023,11:57:54,-23.2302,151.7675,,401677683,-116,58,0,16-Jan-2023,11:59:30,-23.2302,151.7675,574,370,1145,119,77,,,98,136,0,,,,,,,,,,,,,,,,,,,,,,,,,,,,,
7495,209948,3,MC,2,436,16-Jan-2023,11:57:54,-23.2302,151.7675,,401677683,-116,58,1,16-Jan-2023,12:01:40,-23.2302,151.7675,574,370,1145,119,77,,,27,143,28,,,,,,,,,,,,,,,,,,,,,,,,,,,,,
7495,209948,3,MC,2,436,16-Jan-2023,11:57:54,-23.2302,151.7675,,401677683,-116,58,3,16-Jan-2023,12:05:47,-23.2302,151.7675,574,370,1145,119,77,,,15,1,16,,,,,,,,,,,,,,,,,,,,,,,,,,,,,
7495,209948,3,NN,B,437,16-Jan-2023,12:29:40,-23.2280,151.7885,,401677682,-137,8,0,16-Jan-2023,12:29:41,-23.2280,151.7885,,3602,3942,3290,89,,,89,77,36,,,,,,,,,,,,,,,,,,,,,,,,,,,,,
7495,209948,3,SR,B,438,16-Jan-2023,18:28:47,-23.2493,151.7097,,401677700,-131,8,0,16-Jan-2023,18:27:32,-23.2493,151.7097,151,7073,49452,1011,133,,,87,197,36,,,,,,,,,,,,,,,,,,,,,,,,,,,,,
7495,209948,3,SR,B,438,16-Jan-2023,18:28:47,-23.2493,151.7097,,401677700,-131,8,0,16-Jan-2023,18:30:03,-23.2493,151.7097,151,7073,49452,1011,133,,,97,135,0,,,,,,,,,,,,,,,,,,,,,,,,,,,,,
7495,209948,3,SR,B,439,17-Jan-2023,21:12:35,-22.7466,151.8678,,401677739,-130,,0,17-Jan-2023,21:12:14,-22.7466,151.8678,43,22563,149599,3403,97,,,27,140,120,,,,,,,,,,,,,,,,,,,,,,,,,,,,,
7495,209948,3,SR,B,439,17-Jan-2023,21:12:35,-22.7466,151.8678,,401677739,-130,,0,17-Jan-2023,21:12:57,-22.7466,151.8678,43,22563,149599,3403,97,,,70,62,5,,,,,,,,,,,,,,,,,,,,,,,,,,,,,
7495,209948,3,MC,B,440,17-Jan-2023,21:12:57,-22.7433,151.8504,,401677728,-132,6,0,17-Jan-2023,21:12:57,-22.7433,151.8504,,12552,68516,2299,94,,,70,62,13,,,,,,,,,,,,,,,,,,,,,,,,,,,,,
7495,209948,3,A1,2,441,18-Jan-2023,19:29:09,-22.9489,151.4733,,401677685,-127,40,0,18-Jan-2023,19:25:50,-22.9489,151.4733,353,467,713,305,59,,,98,136,0,,,,,,,,,,,,,,,,,,,,,,,,,,,,,
7495,209948,3,A1,2,441,18-Jan-2023,19:29:09,-22.9489,151.4733,,401677685,-127,40,0,18-Jan-2023,19:28:51,-22.9489,151.4733,353,467,713,305,59,,,93,118,37,,,,,,,,,,,,,,,,,,,,,,,,,,,,,
7495,209948,3,A1,2,441,18-Jan-2023,19:29:09,-22.9489,151.4733,,401677685,-127,40,0,18-Jan-2023,19:30:14,-22.9489,151.4733,353,467,713,305,59,,,103,137,0,,,,,,,,,,,,,,,,,,,,,,,,,,,,,
7495,209948,3,A1,2,441,18-Jan-2023,19:29:09,-22.9489,151.4733,,401677685,-127,40,0,18-Jan-2023,19:31:43,-22.9489,151.4733,353,467,713,305,59,,,79,51,5,,,,,,,,,,,,,,,,,,,,,,,,,,,,,
7495,209948,3,NK,B,442,18-Jan-2023,21:59:44,-22.9457,151.4941,,401677673,-137,8,0,18-Jan-2023,21:59:45,-22.9457,151.4941,,8101,8751,7499,83,,,83,145,36,,,,,,,,,,,,,,,,,,,,,,,,,,,,,
7495,209948,3,A1,B,443,19-Jan-2023,07:31:34,-22.7832,151.6018,,401677652,-121,8,0,19-Jan-2023,07:31:26,-22.7832,151.6018,17,12976,314321,535,106,,,88,150,37,,,,,,,,,,,,,,,,,,,,,,,,,,,,,
7495,209948,3,A1,B,443,19-Jan-2023,07:31:34,-22.7832,151.6018,,401677652,-121,8,0,19-Jan-2023,07:31:43,-22.7832,151.6018,17,12976,314321,535,106,,,103,137,0,,,,,,,,,,,,,,,,,,,,,,,,,,,,,
7495,209948,3,SR,B,444,19-Jan-2023,07:55:31,-22.9345,151.4767,,401677658,-133,8,0,19-Jan-2023,07:55:31,-22.9345,151.4767,,14929,17874,12468,78,,,27,143,28,,,,,,,,,,,,,,,,,,,,,,,,,,,,,
7495,209948,3,A1,1,445,19-Jan-2023,19:12:35,-22.8715,151.5207,,401677684,-130,58,0,19-Jan-2023,19:10:52,-22.8715,151.5207,210,734,3700,145,101,,,86,160,37,,,,,,,,,,,,,,,,,,,,,,,,,,,,,
7495,209948,3,A1,1,445,19-Jan-2023,19:12:35,-22.8715,151.5207,,401677684,-130,58,0,19-Jan-2023,19:11:37,-22.8715,151.5207,210,734,3700,145,101,,,98,136,0,,,,,,,,,,,,,,,,,,,,,,,,,,,,,
7495,209948,3,A1,1,445,19-Jan-2023,19:12:35,-22.8715,151.5207,,401677684,-130,58,0,19-Jan-2023,19:13:31,-22.8715,151.5207,210,734,3700,145,101,,,15,1,16,,,,,,,,,,,,,,,,,,,,,,,,,,,,,
7495,209948,3,A1,1,445,19-Jan-2023,19:12:35,-22.8715,151.5207,,401677684,-130,58,0,19-Jan-2023,19:14:22,-22.8715,151.5207,210,734,3700,145,101,,,27,143,28,,,,,,,,,,,,,,,,,,,,,,,,,,,,,
7495,209948,3,A1,B,446,20-Jan-2023,07:12:13,-23.0107,151.5977,,401677745,-130,8,0,20-Jan-2023,07:12:14,-23.0107,151.5977,,9406,20990,4215,71,,,92,178,37,,,,,,,,,,,,,,,,,,,,,,,,,,,,,
7495,209948,3,NP,B,447,20-Jan-2023,08:46:04,-23.1151,151.5177,,401677676,-138,8,0,20-Jan-2023,08:46:04,-23.1151,151.5177,,9697,31264,3007,78,,,103,137,4,,,,,,,,,,,,,,,,,,,,,,,,,,,,,
7495,209948,3,A1,0,448,20-Jan-2023,18:52:45,-23.2437,151.6947,,401677674,-133,58,0,20-Jan-2023,18:51:09,-23.2437,151.6947,168,1563,6800,359,29,,,77,106,213,,,,,,,,,,,,,,,,,,,,,,,,,,,,,
7495,209948,3,A1,0,448,20-Jan-2023,18:52:45,-23.2437,151.6947,,401677674,-133,58,0,20-Jan-2023,18:52:13,-23.2437,151.6947,168,1563,6800,359,29,,,87,250,37,,,,,,,,,,,,,,,,,,,,,,,,,,,,,
7495,209948,3,A1,0,448,20-Jan-2023,18:52:45,-23.2437,151.6947,,401677674,-133,58,0,20-Jan-2023,18:53:41,-23.2437,151.6947,168,1563,6800,359,29,,,15,1,16,,,,,,,,,,,,,,,,,,,,,,,,,,,,,
7495,209948,3,A1,0,448,20-Jan-2023,18:52:45,-23.2437,151.6947,,401677674,-133,58,0,20-Jan-2023,18:53:57,-23.2437,151.6947,168,1563,6800,359,29,,,27,143,28,,,,,,,,,,,,,,,,,,,,,,,,,,,,,
7495,209948,3,SR,B,449,21-Jan-2023,08:25:09,-23.2288,151.7093,,401677668,-130,,0,21-Jan-2023,08:24:55,-23.2288,151.7093,30,6990,27152,1799,105,,,15,1,16,,,,,,,,,,,,,,,,,,,,,,,,,,,,,
7495,209948,3,SR,B,449,21-Jan-2023,08:25:09,-23.2288,151.7093,,401677668,-130,,0,21-Jan-2023,08:25:25,-23.2288,151.7093,30,6990,27152,1799,105,,,67,63,5,,,,,,,,,,,,,,,,,,,,,,,,,,,,,
7495,209948,3,NK,B,450,21-Jan-2023,09:29:18,-23.2450,151.7075,,401677667,-124,8,0,21-Jan-2023,09:29:18,-23.2450,151.7075,,6116,16401,2280,100,,,89,67,38,,,,,,,,,,,,,,,,,,,,,,,,,,,,,
7495,209948,3,NP,B,451,21-Jan-2023,10:14:33,-23.2556,151.7243,,401677686,-130,8,0,21-Jan-2023,10:12:43,-23.2556,151.7243,221,4308,181730,102,82,,,27,143,28,,,,,,,,,,,,,,,,,,,,,,,,,,,,,
7495,209948,3,NP,B,451,21-Jan-2023,10:14:33,-23.2556,151.7243,,401677686,-130,8,0,21-Jan-2023,10:16:24,-23.2556,151.7243,221,4308,181730,102,82,,,68,52,5,,,,,,,,,,,,,,,,,,,,,,,,,,,,,
7495,209948,3,MC,B,452,21-Jan-2023,10:16:23,-23.2547,151.7319,,401677687,-123,6,0,21-Jan-2023,10:16:24,-23.2547,151.7319,,3544,59332,211,82,,,68,52,5,,,,,,,,,,,,,,,,,,,,,,,,,,,,,
7495,209948,3,NN,B,453,21-Jan-2023,11:19:46,-23.2684,151.7346,,401677692,-128,8,0,21-Jan-2023,11:19:47,-23.2684,151.7346,,2367,7673,730,84,,,95,77,38,,,,,,,,,,,,,,,,,,,,,,,,,,,,,
7495,209948,3,MC, ,454,22-Jan-2023,22:47:41,,,,401650000,-119,,0,22-Jan-2023,22:47:41,,,,,,,,,,107,133,0,,,,,,,,,,,,,,,,,,,,,,,,,,,,,
7495,209948,23,SR,B,455,23-Jan-2023,07:21:30,-23.2436,151.7371,,401650000,-131,,0,23-Jan-2023,07:20:50,-23.2436,151.7371,40,5735,18758,1753,89,,,87,240,165,253,40,150,250,144,75,157,181,85,214,77,11,16,1,85,26,211,161,127,192,,,,,,,,,
7495,209948,3,SR,B,455,23-Jan-2023,07:21:30,-23.2436,151.7371,,401650000,-131,,0,23-Jan-2023,07:21:30,-23.2436,151.7371,40,5735,18758,1753,89,,,27,143,28,,,,,,,,,,,,,,,,,,,,,,,,,,,,,
7495,209948,3,NK,A,456,23-Jan-2023,08:35:46,-23.3049,151.7481,,401677676,-128,8,0,23-Jan-2023,08:36:06,-23.3049,151.7481,40,717,3576,143,29,,,100,134,0,,,,,,,,,,,,,,,,,,,,,,,,,,,,,
7495,209948,3,NK,A,456,23-Jan-2023,08:35:46,-23.3049,151.7481,,401677676,-128,8,1,23-Jan-2023,08:36:46,-23.3049,151.7481,40,717,3576,143,29,,,27,143,28,,,,,,,,,,,,,,,,,,,,,,,,,,,,,
7495,209948,3,NP,B,457,23-Jan-2023,09:51:36,-23.2863,151.7080,,401677676,-125,8,0,23-Jan-2023,09:51:37,-23.2863,151.7080,,5135,21447,1229,98,,,219,135,22,,,,,,,,,,,,,,,,,,,,,,,,,,,,,
7495,209948,3,NK,B,458,23-Jan-2023,10:11:52,-23.2858,151.7269,,401677667,-131,6,0,23-Jan-2023,10:11:52,-23.2858,151.7269,,3481,10382,1167,111,,,88,151,38,,,,,,,,,,,,,,,,,,,,,,,,,,,,,
7495,209948,3,NN,B,459,23-Jan-2023,12:39:58,-23.2856,151.7286,,401677667,-123,8,0,23-Jan-2023,12:39:59,-23.2856,151.7286,,3487,10898,1115,103,,,64,48,5,,,,,,,,,,,,,,,,,,,,,,,,,,,,,
7495,209948,31,MC,B,460,24-Jan-2023,00:11:49,-23.2928,151.7245,,401677671,-122,8,0,24-Jan-2023,00:11:49,-23.2928,151.7245,,3939,7993,1941,71,,,32,198,224,0,0,0,0,0,0,0,255,30,0,0,0,90,198,192,0,0,0,0,0,0,0,255,0,0,0,0,7,
7495,209948,3,NK,B,461,24-Jan-2023,08:06:32,-23.2499,151.7581,,401677686,-137,8,0,24-Jan-2023,08:06:33,-23.2499,151.7581,,4328,8397,2230,87,,,81,186,38,,,,,,,,,,,,,,,,,,,,,,,,,,,,,
7495,209948,3,NP,A,462,24-Jan-2023,09:39:49,-23.2470,151.7842,,401677683,-123,8,0,24-Jan-2023,09:38:46,-23.2470,151.7842,133,777,5312,113,58,,,15,1,16,,,,,,,,,,,,,,,,,,,,,,,,,,,,,
7495,209948,3,NP,A,462,24-Jan-2023,09:39:49,-23.2470,151.7842,,401677683,-123,8,0,24-Jan-2023,09:39:42,-23.2470,151.7842,133,777,5312,113,58,,,27,143,28,,,,,,,,,,,,,,,,,,,,,,,,,,,,,
7495,209948,3,NP,A,462,24-Jan-2023,09:39:49,-23.2470,151.7842,,401677683,-123,8,0,24-Jan-2023,09:40:59,-23.2470,151.7842,133,777,5312,113,58,,,66,58,5,,,,,,,,,,,,,,,,,,,,,,,,,,,,,
7495,209948,3,NK,B,463,24-Jan-2023,09:55:04,-23.2482,151.7829,,401677681,-130,6,0,24-Jan-2023,09:55:05,-23.2482,151.7829,,1020,2079,499,61,,,81,197,38,,,,,,,,,,,,,,,,,,,,,,,,,,,,,
7495,209948,3,NP,B,464,24-Jan-2023,11:23:27,-23.2547,151.7811,,401677680,-126,8,0,24-Jan-2023,11:23:15,-23.2547,151.7811,25,1243,2788,554,49,,,98,136,0,,,,,,,,,,,,,,,,,,,,,,,,,,,,,
7495,209948,3,NP,B,464,24-Jan-2023,11:23:27,-23.2547,151.7811,,401677680,-126,8,0,24-Jan-2023,11:23:40,-23.2547,151.7811,25,1243,2788,554,49,,,15,1,16,,,,,,,,,,,,,,,,,,,,,,,,,,,,,
7495,209948,3,MB,B,465,24-Jan-2023,11:38:58,-23.2252,151.8131,,401677677,-129,6,0,24-Jan-2023,11:38:59,-23.2252,151.8131,529,1248,1832,850,124,,,72,56,5,,,,,,,,,,,,,,,,,,,,,,,,,,,,,
7495,209948,3,MB,B,465,24-Jan-2023,11:38:58,-23.2252,151.8131,,401677677,-129,6,0,24-Jan-2023,11:47:48,-23.2252,151.8131,529,1248,1832,850,124,,,94,230,38,,,,,,,,,,,,,,,,,,,,,,,,,,,,,
7495,209948,3,NN,B,466,24-Jan-2023,12:26:12,-23.2360,151.8165,,401677668,-133,8,0,24-Jan-2023,12:26:13,-23.2360,151.8165,,1183,1844,758,87,,,88,236,38,,,,,,,,,,,,,,,,,,,,,,,,,,,,,
7495,209948,3,NN,B,467,25-Jan-2023,12:13:47,-23.2362,151.8170,,401677667,-129,,0,25-Jan-2023,12:13:48,-23.2362,151.8170,,6314,22335,1785,86,,,15,1,16,,,,,,,,,,,,,,,,,,,,,,,,,,,,,
7495,209948,3,MC,B,468,25-Jan-2023,12:13:47,-23.2454,151.7883,,401677682,-117,,0,25-Jan-2023,12:13:48,-23.2454,151.7883,,3175,7959,1266,100,,,15,1,16,,,,,,,,,,,,,,,,,,,,,,,,,,,,,
7495,209948,3,A1,B,469,26-Jan-2023,08:39:48,-23.2570,151.7984,,401677688,-140,,0,26-Jan-2023,08:39:48,-23.2570,151.7984,,4408,9198,2111,67,,,73,67,17,,,,,,,,,,,,,,,,,,,,,,,,,,,,,
7495,209948,3,NK,B,470,26-Jan-2023,08:59:14,-23.2841,151.7753,,401677678,-129,6,0,26-Jan-2023,08:54:58,-23.2841,151.7753,513,1542,24508,97,13,,,15,2,123,,,,,,,,,,,,,,,,,,,,,,,,,,,,,
7495,209948,3,NK,B,470,26-Jan-2023,08:59:14,-23.2841,151.7753,,401677678,-129,6,0,26-Jan-2023,09:03:31,-23.2841,151.7753,513,1542,24508,97,13,,,66,58,5,,,,,,,,,,,,,,,,,,,,,,,,,,,,,
7495,209948,3,NP,3,471,26-Jan-2023,10:54:42,-23.2372,151.7971,,401677685,-125,58,0,26-Jan-2023,10:54:16,-23.2372,151.7971,381,223,581,85,104,,,15,1,16,,,,,,,,,,,,,,,,,,,,,,,,,,,,,
7495,209948,3,NP,3,471,26-Jan-2023,10:54:42,-23.2372,151.7971,,401677685,-125,58,0,26-Jan-2023,10:54:43,-23.2372,151.7971,381,223,581,85,104,,,27,143,28,,,,,,,,,,,,,,,,,,,,,,,,,,,,,
7495,209948,3,NP,3,471,26-Jan-2023,10:54:42,-23.2372,151.7971,,401677685,-125,58,0,26-Jan-2023,10:54:59,-23.2372,151.7971,381,223,581,85,104,,,77,57,5,,,,,,,,,,,,,,,,,,,,,,,,,,,,,
7495,209948,3,NP,3,471,26-Jan-2023,10:54:42,-23.2372,151.7971,,401677685,-125,58,0,26-Jan-2023,10:55:15,-23.2372,151.7971,381,223,581,85,104,,,85,64,39,,,,,,,,,,,,,,,,,,,,,,,,,,,,,
7495,209948,3,NP,3,471,26-Jan-2023,10:54:42,-23.2372,151.7971,,401677685,-125,58,1,26-Jan-2023,10:55:30,-23.2372,151.7971,381,223,581,85,104,,,100,134,0,,,,,,,,,,,,,,,,,,,,,,,,,,,,,
7495,209948,3,NP,3,471,26-Jan-2023,10:54:42,-23.2372,151.7971,,401677685,-125,58,0,26-Jan-2023,10:58:43,-23.2372,151.7971,381,223,581,85,104,,,66,58,5,,,,,,,,,,,,,,,,,,,,,,,,,,,,,
7495,209948,3,NP,3,471,26-Jan-2023,10:54:42,-23.2372,151.7971,,401677685,-125,58,0,26-Jan-2023,10:58:58,-23.2372,151.7971,381,223,581,85,104,,,84,69,39,,,,,,,,,,,,,,,,,,,,,,,,,,,,,
7495,209948,3,NP,3,471,26-Jan-2023,10:54:42,-23.2372,151.7971,,401677685,-125,58,0,26-Jan-2023,10:59:21,-23.2372,151.7971,381,223,581,85,104,,,107,133,0,,,,,,,,,,,,,,,,,,,,,,,,,,,,,
7495,209948,3,NP,3,471,26-Jan-2023,10:54:42,-23.2372,151.7971,,401677685,-125,58,1,26-Jan-2023,11:00:01,-23.2372,151.7971,381,223,581,85,104,,,15,1,16,,,,,,,,,,,,,,,,,,,,,,,,,,,,,
7495,209948,3,NP,3,471,26-Jan-2023,10:54:42,-23.2372,151.7971,,401677685,-125,58,2,26-Jan-2023,11:00:37,-23.2372,151.7971,381,223,581,85,104,,,27,143,28,,,,,,,,,,,,,,,,,,,,,,,,,,,,,
7495,209948,3,MB,2,472,26-Jan-2023,10:59:04,-23.2394,151.7969,,401677675,-130,56,0,26-Jan-2023,10:58:19,-23.2394,151.7969,102,334,654,170,93,,,27,143,28,,,,,,,,,,,,,,,,,,,,,,,,,,,,,
7495,209948,3,MB,2,472,26-Jan-2023,10:59:04,-23.2394,151.7969,,401677675,-130,56,0,26-Jan-2023,10:58:43,-23.2394,151.7969,102,334,654,170,93,,,66,58,5,,,,,,,,,,,,,,,,,,,,,,,,,,,,,
7495,209948,3,MB,2,472,26-Jan-2023,10:59:04,-23.2394,151.7969,,401677675,-130,56,0,26-Jan-2023,10:58:58,-23.2394,151.7969,102,334,654,170,93,,,84,69,39,,,,,,,,,,,,,,,,,,,,,,,,,,,,,
7495,209948,3,MB,2,472,26-Jan-2023,10:59:04,-23.2394,151.7969,,401677675,-130,56,0,26-Jan-2023,10:59:21,-23.2394,151.7969,102,334,654,170,93,,,107,141,0,,,,,,,,,,,,,,,,,,,,,,,,,,,,,
7495,209948,3,MB,2,472,26-Jan-2023,10:59:04,-23.2394,151.7969,,401677675,-130,56,0,26-Jan-2023,11:00:01,-23.2394,151.7969,102,334,654,170,93,,,15,1,16,,,,,,,,,,,,,,,,,,,,,,,,,,,,,
7495,209948,23,MC,3,473,26-Jan-2023,11:54:19,-23.2507,151.7728,,401677678,-118,58,0,26-Jan-2023,11:51:29,-23.2507,151.7728,312,143,342,59,81,,,74,240,165,253,40,150,250,144,77,47,162,149,150,78,155,18,1,255,26,211,161,127,192,,,,,,,,,
7495,209948,3,MC,3,473,26-Jan-2023,11:54:19,-23.2507,151.7728,,401677678,-118,58,0,26-Jan-2023,11:53:23,-23.2507,151.7728,312,143,342,59,81,,,73,61,5,,,,,,,,,,,,,,,,,,,,,,,,,,,,,
7495,209948,3,MC,3,473,26-Jan-2023,11:54:19,-23.2507,151.7728,,401677678,-118,58,0,26-Jan-2023,11:53:42,-23.2507,151.7728,312,143,342,59,81,,,85,80,39,,,,,,,,,,,,,,,,,,,,,,,,,,,,,
7495,209948,3,MC,3,473,26-Jan-2023,11:54:19,-23.2507,151.7728,,401677678,-118,58,0,26-Jan-2023,11:54:20,-23.2507,151.7728,312,143,342,59,81,,,97,135,0,,,,,,,,,,,,,,,,,,,,,,,,,,,,,
7495,209948,3,MC,3,473,26-Jan-2023,11:54:19,-23.2507,151.7728,,401677678,-118,58,1,26-Jan-2023,11:54:53,-23.2507,151.7728,312,143,342,59,81,,,27,143,28,,,,,,,,,,,,,,,,,,,,,,,,,,,,,
7495,209948,3,MC,3,473,26-Jan-2023,11:54:19,-23.2507,151.7728,,401677678,-118,58,0,26-Jan-2023,11:55:08,-23.2507,151.7728,312,143,342,59,81,,,67,64,5,,,,,,,,,,,,,,,,,,,,,,,,,,,,,
7495,209948,3,MC,3,473,26-Jan-2023,11:54:19,-23.2507,151.7728,,401677678,-118,58,0,26-Jan-2023,11:55:29,-23.2507,151.7728,312,143,342,59,81,,,84,85,39,,,,,,,,,,,,,,,,,,,,,,,,,,,,,
7495,209948,3,MC,3,473,26-Jan-2023,11:54:19,-23.2507,151.7728,,401677678,-118,58,0,26-Jan-2023,11:56:07,-23.2507,151.7728,312,143,342,59,81,,,98,136,0,,,,,,,,,,,,,,,,,,,,,,,,,,,,,
7495,209948,3,MC,3,473,26-Jan-2023,11:54:19,-23.2507,151.7728,,401677678,-118,58,1,26-Jan-2023,11:56:41,-23.2507,151.7728,312,143,342,59,81,,,15,1,16,,,,,,,,,,,,,,,,,,,,,,,,,,,,,
7495,209948,3,NN,A,474,26-Jan-2023,11:56:05,-23.2514,151.7724,,401677677,-132,6,0,26-Jan-2023,11:55:29,-23.2514,151.7724,72,417,485,358,88,,,84,85,39,,,,,,,,,,,,,,,,,,,,,,,,,,,,,
7495,209948,3,NN,A,474,26-Jan-2023,11:56:05,-23.2514,151.7724,,401677677,-132,6,0,26-Jan-2023,11:56:07,-23.2514,151.7724,72,417,485,358,88,,,98,136,0,,,,,,,,,,,,,,,,,,,,,,,,,,,,,
7495,209948,3,NN,A,474,26-Jan-2023,11:56:05,-23.2514,151.7724,,401677677,-132,6,0,26-Jan-2023,11:56:41,-23.2514,151.7724,72,417,485,358,88,,,15,1,16,,,,,,,,,,,,,,,,,,,,,,,,,,,,,
7495,209948,3,SR,0,475,26-Jan-2023,18:15:59,-23.2547,151.7969,,401677668,-136,58,0,26-Jan-2023,18:14:53,-23.2547,151.7969,122,3301,14484,752,146,,,66,58,5,,,,,,,,,,,,,,,,,,,,,,,,,,,,,
7495,209948,23,SR,0,475,26-Jan-2023,18:15:59,-23.2547,151.7969,,401677668,-136,58,0,26-Jan-2023,18:15:32,-23.2547,151.7969,122,3301,14484,752,146,,,85,176,165,249,52,242,203,56,9,47,81,0,190,81,96,31,187,69,227,22,197,22,24,,,,,,,,,
7495,209948,3,SR,0,475,26-Jan-2023,18:15:59,-23.2547,151.7969,,401677668,-136,58,0,26-Jan-2023,18:16:02,-23.2547,151.7969,122,3301,14484,752,146,,,98,136,0,,,,,,,,,,,,,,,,,,,,,,,,,,,,,
7495,209948,3,SR,0,475,26-Jan-2023,18:15:59,-23.2547,151.7969,,401677668,-136,58,0,26-Jan-2023,18:16:36,-23.2547,151.7969,122,3301,14484,752,146,,,27,143,28,,,,,,,,,,,,,,,,,,,,,,,,,,,,,
7495,209948,3,SR,0,475,26-Jan-2023,18:15:59,-23.2547,151.7969,,401677668,-136,58,0,26-Jan-2023,18:16:55,-23.2547,151.7969,122,3301,14484,752,146,,,67,59,5,,,,,,,,,,,,,,,,,,,,,,,,,,,,,
7495,209948,3,SR,B,476,26-Jan-2023,19:48:01,-23.2583,151.7996,,401677676,-136,8,0,26-Jan-2023,19:48:02,-23.2583,151.7996,,3499,5391,2270,143,,,103,137,0,,,,,,,,,,,,,,,,,,,,,,,,,,,,,
7495,209948,3,NP,B,477,26-Jan-2023,20:40:03,-23.2605,151.7956,,401677673,-139,8,0,26-Jan-2023,20:40:03,-23.2605,151.7956,,3406,4788,2423,143,,,15,1,20,,,,,,,,,,,,,,,,,,,,,,,,,,,,,
7495,209948,3,NK,B,478,26-Jan-2023,21:47:50,-23.2591,151.7944,,401677671,-124,8,0,26-Jan-2023,21:47:50,-23.2591,151.7944,,3202,4582,2237,127,,,27,143,28,,,,,,,,,,,,,,,,,,,,,,,,,,,,,
7495,209948,3,MC,B,479,27-Jan-2023,00:46:59,-23.2649,151.7961,,401677687,-131,8,0,27-Jan-2023,00:43:04,-23.2649,151.7961,471,1947,29259,129,4,,,98,136,0,,,,,,,,,,,,,,,,,,,,,,,,,,,,,
7495,209948,3,MC,B,479,27-Jan-2023,00:46:59,-23.2649,151.7961,,401677687,-131,8,0,27-Jan-2023,00:50:55,-23.2649,151.7961,471,1947,29259,129,4,,,15,1,16,,,,,,,,,,,,,,,,,,,,,,,,,,,,,
7495,209948,3,NN,B,480,27-Jan-2023,01:01:01,-23.2709,151.7957,,401677694,-127,6,0,27-Jan-2023,01:01:02,-23.2709,151.7957,,1838,7960,424,4,,,27,143,28,,,,,,,,,,,,,,,,,,,,,,,,,,,,,
7495,209948,3,A1,B,481,27-Jan-2023,08:19:35,-23.2690,151.8330,,401677667,-134,8,0,27-Jan-2023,08:19:22,-23.2690,151.8330,27,1759,7579,408,60,,,66,58,5,,,,,,,,,,,,,,,,,,,,,,,,,,,,,
7495,209948,3,A1,B,481,27-Jan-2023,08:19:35,-23.2690,151.8330,,401677667,-134,8,0,27-Jan-2023,08:19:49,-23.2690,151.8330,27,1759,7579,408,60,,,88,199,39,,,,,,,,,,,,,,,,,,,,,,,,,,,,,
7495,209948,3,SR,2,482,27-Jan-2023,08:42:08,-23.2638,151.8388,,401677680,-128,58,0,27-Jan-2023,08:40:57,-23.2638,151.8388,316,331,1275,85,121,,,104,138,0,,,,,,,,,,,,,,,,,,,,,,,,,,,,,
7495,209948,3,SR,2,482,27-Jan-2023,08:42:08,-23.2638,151.8388,,401677680,-128,58,0,27-Jan-2023,08:41:50,-23.2638,151.8388,316,331,1275,85,121,,,15,1,16,,,,,,,,,,,,,,,,,,,,,,,,,,,,,
7495,209948,23,SR,2,482,27-Jan-2023,08:42:08,-23.2638,151.8388,,401677680,-128,58,0,27-Jan-2023,08:43:38,-23.2638,151.8388,316,331,1275,85,121,,,74,112,165,253,40,150,250,144,77,163,37,147,86,79,149,18,1,242,26,211,177,127,192,,,,,,,,,
7495,209948,3,SR,2,482,27-Jan-2023,08:42:08,-23.2638,151.8388,,401677680,-128,58,0,27-Jan-2023,08:46:13,-23.2638,151.8388,316,331,1275,85,121,,,24,142,161,,,,,,,,,,,,,,,,,,,,,,,,,,,,,
7495,209948,3,NP,B,483,27-Jan-2023,09:06:14,-23.2656,151.8363,,401677673,-131,6,0,27-Jan-2023,09:06:06,-23.2656,151.8363,17,907,1117,736,113,,,27,143,28,,,,,,,,,,,,,,,,,,,,,,,,,,,,,
7495,209948,3,NP,B,483,27-Jan-2023,09:06:14,-23.2656,151.8363,,401677673,-131,6,0,27-Jan-2023,09:06:23,-23.2656,151.8363,17,907,1117,736,113,,,76,60,5,,,,,,,,,,,,,,,,,,,,,,,,,,,,,
7495,209948,3,MC,B,484,27-Jan-2023,09:52:23,-23.2669,151.8365,,401677669,-133,8,0,27-Jan-2023,09:52:23,-23.2669,151.8365,,1280,1465,1118,104,,,88,215,39,,,,,,,,,,,,,,,,,,,,,,,,,,,,,
7495,209948,3,NK,B,485,27-Jan-2023,10:12:10,-23.2658,151.8321,,401677682,-122,6,0,27-Jan-2023,10:10:36,-23.2658,151.8321,190,1338,20229,88,79,,,98,136,0,,,,,,,,,,,,,,,,,,,,,,,,,,,,,
7495,209948,3,NK,B,485,27-Jan-2023,10:12:10,-23.2658,151.8321,,401677682,-122,6,0,27-Jan-2023,10:13:46,-23.2658,151.8321,190,1338,20229,88,79,,,15,0,218,,,,,,,,,,,,,,,,,,,,,,,,,,,,,
7495,209948,3,MC,B,486,27-Jan-2023,11:33:32,-23.2677,151.8369,,401677669,-121,8,0,27-Jan-2023,11:33:32,-23.2677,151.8369,,3083,5901,1610,79,,,103,137,0,,,,,,,,,,,,,,,,,,,,,,,,,,,,,
7495,209948,3,NN,B,487,27-Jan-2023,11:53:11,-23.2745,151.8321,,401677690,-125,6,0,27-Jan-2023,11:53:12,-23.2745,151.8321,,1505,2848,795,84,,,15,1,16,,,,,,,,,,,,,,,,,,,,,,,,,,,,,
7495,209948,3,NP,B,488,28-Jan-2023,10:27:26,-23.2746,151.8302,,401677676,-136,,0,28-Jan-2023,10:27:26,-23.2746,151.8302,,5256,5954,4640,87,,,89,6,40,,,,,,,,,,,,,,,,,,,,,,,,,,,,,
7495,209948,3,MC,B,489,28-Jan-2023,11:12:18,-23.2538,151.8362,,401677678,-116,8,0,28-Jan-2023,11:12:18,-23.2538,151.8362,,3971,16141,977,91,,,15,1,16,,,,,,,,,,,,,,,,,,,,,,,,,,,,,
7495,209948,3,NN,B,490,28-Jan-2023,11:35:15,-23.2308,151.7802,,401677667,-127,6,0,28-Jan-2023,11:34:52,-23.2308,151.7802,46,2896,24984,335,78,,,27,143,28,,,,,,,,,,,,,,,,,,,,,,,,,,,,,
7495,209948,3,NN,B,490,28-Jan-2023,11:35:15,-23.2308,151.7802,,401677667,-127,6,0,28-Jan-2023,11:35:38,-23.2308,151.7802,46,2896,24984,335,78,,,73,61,5,,,,,,,,,,,,,,,,,,,,,,,,,,,,,
7495,209948,3,NP,B,491,28-Jan-2023,12:13:37,-23.2250,151.7784,,401677668,-135,8,0,28-Jan-2023,12:13:37,-23.2250,151.7784,,2166,6889,681,75,,,15,1,16,,,,,,,,,,,,,,,,,,,,,,,,,,,,,
7495,209948,3,MC,B,492,28-Jan-2023,12:48:57,-23.2191,151.7773,,401677670,-129,8,0,28-Jan-2023,12:48:57,-23.2191,151.7773,,2244,5379,936,75,,,27,143,28,,,,,,,,,,,,,,,,,,,,,,,,,,,,,
7495,209948,3,NN,B,493,28-Jan-2023,13:14:08,-23.2314,151.8042,,401677677,-131,6,0,28-Jan-2023,13:12:32,-23.2314,151.8042,192,1845,26854,126,56,,,92,23,40,,,,,,,,,,,,,,,,,,,,,,,,,,,,,
7495,209948,3,NN,B,493,28-Jan-2023,13:14:08,-23.2314,151.8042,,401677677,-131,6,0,28-Jan-2023,13:15:44,-23.2314,151.8042,192,1845,26854,126,56,,,103,137,0,,,,,,,,,,,,,,,,,,,,,,,,,,,,,
7495,209948,3,NP,B,494,28-Jan-2023,21:43:25,-23.1352,151.8054,,401677677,-138,8,0,28-Jan-2023,21:43:25,-23.1352,151.8054,,3584,4814,2668,61,,,27,143,28,,,,,,,,,,,,,,,,,,,,,,,,,,,,,
7495,209948,3,NK,0,495,28-Jan-2023,22:37:08,-23.2609,151.8415,,401677689,-132,57,0,28-Jan-2023,22:35:47,-23.2609,151.8415,247,4317,27039,689,36,,,27,143,28,,,,,,,,,,,,,,,,,,,,,,,,,,,,,
7495,209948,3,NK,0,495,28-Jan-2023,22:37:08,-23.2609,151.8415,,401677689,-132,57,0,28-Jan-2023,22:36:02,-23.2609,151.8415,247,4317,27039,689,36,,,67,63,5,,,,,,,,,,,,,,,,,,,,,,,,,,,,,
7495,209948,3,NK,0,495,28-Jan-2023,22:37:08,-23.2609,151.8415,,401677689,-132,57,0,28-Jan-2023,22:36:48,-23.2609,151.8415,247,4317,27039,689,36,,,84,80,40,,,,,,,,,,,,,,,,,,,,,,,,,,,,,
7495,209948,3,NK,0,495,28-Jan-2023,22:37:08,-23.2609,151.8415,,401677689,-132,57,0,28-Jan-2023,22:39:54,-23.2609,151.8415,247,4317,27039,689,36,,,103,137,0,,,,,,,,,,,,,,,,,,,,,,,,,,,,,
7495,209948,3,NN,B,496,28-Jan-2023,22:49:14,-23.2373,151.8132,,401677689,-135,8,0,28-Jan-2023,22:49:15,-23.2373,151.8132,,4578,6549,3200,25,,,73,61,5,,,,,,,,,,,,,,,,,,,,,,,,,,,,,
7495,209948,3,MB,B,497,28-Jan-2023,23:17:05,-23.1974,151.8049,,401677687,-130,8,0,28-Jan-2023,23:17:06,-23.1974,151.8049,,5351,8163,3507,6,,,15,1,16,,,,,,,,,,,,,,,,,,,,,,,,,,,,,
7495,209948,3,NP,A,498,28-Jan-2023,23:28:25,-23.3286,151.8277,,401677689,-136,6,0,28-Jan-2023,23:28:26,-23.3286,151.8277,339,484,1536,152,8,,,98,136,0,,,,,,,,,,,,,,,,,,,,,,,,,,,,,
7495,209948,3,NP,A,498,28-Jan-2023,23:28:25,-23.3286,151.8277,,401677689,-136,6,0,28-Jan-2023,23:30:14,-23.3286,151.8277,339,484,1536,152,8,,,15,1,16,,,,,,,,,,,,,,,,,,,,,,,,,,,,,
7495,209948,3,NP,A,498,28-Jan-2023,23:28:25,-23.3286,151.8277,,401677689,-136,6,0,28-Jan-2023,23:34:05,-23.3286,151.8277,339,484,1536,152,8,,,27,143,28,,,,,,,,,,,,,,,,,,,,,,,,,,,,,
7495,209948,3,MC,2,499,28-Jan-2023,23:59:49,-23.2840,151.8255,,401677674,-119,57,0,28-Jan-2023,23:59:50,-23.2840,151.8255,599,281,421,186,108,,,27,143,28,,,,,,,,,,,,,,,,,,,,,,,,,,,,,
7495,209948,3,MC,2,499,28-Jan-2023,23:59:49,-23.2840,151.8255,,401677674,-119,57,0,29-Jan-2023,00:04:47,-23.2840,151.8255,599,281,421,186,108,,,73,61,5,,,,,,,,,,,,,,,,,,,,,,,,,,,,,
7495,209948,23,MC,2,499,28-Jan-2023,23:59:49,-23.2840,151.8255,,401677674,-119,57,0,29-Jan-2023,00:05:02,-23.2840,151.8255,599,281,421,186,108,,,73,144,165,253,40,150,250,144,78,128,189,20,84,80,243,14,1,255,26,212,17,127,192,,,,,,,,,
7495,209948,3,MC,2,499,28-Jan-2023,23:59:49,-23.2840,151.8255,,401677674,-119,57,0,29-Jan-2023,00:06:48,-23.2840,151.8255,599,281,421,186,108,,,86,122,40,,,,,,,,,,,,,,,,,,,,,,,,,,,,,
7495,209948,3,MC,2,499,28-Jan-2023,23:59:49,-23.2840,151.8255,,401677674,-119,57,0,29-Jan-2023,00:09:33,-23.2840,151.8255,599,281,421,186,108,,,98,136,0,,,,,,,,,,,,,,,,,,,,,,,,,,,,,
7495,209948,3,MC,2,499,28-Jan-2023,23:59:49,-23.2840,151.8255,,401677674,-119,57,0,29-Jan-2023,00:09:49,-23.2840,151.8255,599,281,421,186,108,,,15,1,16,,,,,,,,,,,,,,,,,,,,,,,,,,,,,
7495,209948,3,NN,1,500,29-Jan-2023,00:29:35,-23.2917,151.8223,,401677666,-126,56,0,29-Jan-2023,00:28:26,-23.2917,151.8223,484,970,4018,233,62,,,107,133,0,,,,,,,,,,,,,,,,,,,,,,,,,,,,,
7495,209948,3,NN,1,500,29-Jan-2023,00:29:35,-23.2917,151.8223,,401677666,-126,56,0,29-Jan-2023,00:29:15,-23.2917,151.8223,484,970,4018,233,62,,,68,91,5,,,,,,,,,,,,,,,,,,,,,,,,,,,,,
7495,209948,3,NN,1,500,29-Jan-2023,00:29:35,-23.2917,151.8223,,401677666,-126,56,0,29-Jan-2023,00:29:42,-23.2917,151.8223,484,970,4018,233,62,,,87,142,40,,,,,,,,,,,,,,,,,,,,,,,,,,,,,
7495,209948,3,NN,1,500,29-Jan-2023,00:29:35,-23.2917,151.8223,,401677666,-126,56,0,29-Jan-2023,00:29:57,-23.2917,151.8223,484,970,4018,233,62,,,98,136,0,,,,,,,,,,,,,,,,,,,,,,,,,,,,,
7495,209948,3,NN,1,500,29-Jan-2023,00:29:35,-23.2917,151.8223,,401677666,-126,56,1,29-Jan-2023,00:30:12,-23.2917,151.8223,484,970,4018,233,62,,,15,1,16,,,,,,,,,,,,,,,,,,,,,,,,,,,,,
7495,209948,3,NN,1,500,29-Jan-2023,00:29:35,-23.2917,151.8223,,401677666,-126,56,1,29-Jan-2023,00:30:28,-23.2917,151.8223,484,970,4018,233,62,,,27,143,28,,,,,,,,,,,,,,,,,,,,,,,,,,,,,
7495,209948,23,NN,1,500,29-Jan-2023,00:29:35,-23.2917,151.8223,,401677666,-126,56,0,29-Jan-2023,00:30:43,-23.2917,151.8223,484,970,4018,233,62,,,69,240,165,253,40,150,250,144,78,130,88,18,150,81,37,14,1,255,26,214,33,127,192,,,,,,,,,
7495,209948,3,NN,1,500,29-Jan-2023,00:29:35,-23.2917,151.8223,,401677666,-126,56,0,29-Jan-2023,00:36:30,-23.2917,151.8223,484,970,4018,233,62,,,67,64,5,,,,,,,,,,,,,,,,,,,,,,,,,,,,,
7495,209948,3,MC,B,501,29-Jan-2023,10:47:11,-23.0175,151.7674,,401677637,-129,8,0,29-Jan-2023,10:47:11,-23.0175,151.7674,,15039,17478,12939,119,,,15,1,16,,,,,,,,,,,,,,,,,,,,,,,,,,,,,
7495,209948,3,MC,B,502,29-Jan-2023,12:26:48,-22.9724,151.7385,,401677652,-135,8,0,29-Jan-2023,12:26:48,-22.9724,151.7385,,13833,17700,10811,156,,,27,143,28,,,,,,,,,,,,,,,,,,,,,,,,,,,,,
7495,209948,3,NP,B,503,29-Jan-2023,23:14:52,-22.8984,151.5989,Lon > 4 deviations from mean,401677714,-134,8,0,29-Jan-2023,23:14:53,-22.8984,151.5989,,18303,25418,13180,129,,,15,1,16,,,,,,,,,,,,,,,,,,,,,,,,,,,,,
7495,209948,3,MC,A,504,29-Jan-2023,23:39:14,-23.3088,151.7992,,401677671,-130,6,0,29-Jan-2023,23:39:15,-23.3088,151.7992,553,548,1139,263,100,,,76,60,5,,,,,,,,,,,,,,,,,,,,,,,,,,,,,
7495,209948,3,MC,A,504,29-Jan-2023,23:39:14,-23.3088,151.7992,,401677671,-130,6,0,29-Jan-2023,23:44:11,-23.3088,151.7992,553,548,1139,263,100,,,88,226,40,,,,,,,,,,,,,,,,,,,,,,,,,,,,,
7495,209948,3,MC,A,504,29-Jan-2023,23:39:14,-23.3088,151.7992,,401677671,-130,6,0,29-Jan-2023,23:48:28,-23.3088,151.7992,553,548,1139,263,100,,,103,137,0,,,,,,,,,,,,,,,,,,,,,,,,,,,,,
7495,209948,3,NN,B,505,30-Jan-2023,00:19:26,-23.3124,151.7993,,401677674,-128,8,0,30-Jan-2023,00:19:26,-23.3124,151.7993,149,1953,24770,154,98,,,90,232,40,,,,,,,,,,,,,,,,,,,,,,,,,,,,,
7495,209948,3,NN,B,505,30-Jan-2023,00:19:26,-23.3124,151.7993,,401677674,-128,8,0,30-Jan-2023,00:21:55,-23.3124,151.7993,149,1953,24770,154,98,,,98,136,0,,,,,,,,,,,,,,,,,,,,,,,,,,,,,
7495,209948,3,NP, ,506,31-Jan-2023,21:09:28,,,,401650000,-130,,0,31-Jan-2023,21:09:28,,,,,,,,,,82,64,42,,,,,,,,,,,,,,,,,,,,,,,,,,,,,
7495,209948,3,MC, ,507,01-Feb-2023,11:24:00,,,,401650000,-131,,0,01-Feb-2023,11:24:00,,,,,,,,,,15,1,16,,,,,,,,,,,,,,,,,,,,,,,,,,,,,
7495,209948,3,NP, ,508,01-Feb-2023,11:24:00,,,,401650000,-134,,0,01-Feb-2023,11:24:00,,,,,,,,,,15,1,16,,,,,,,,,,,,,,,,,,,,,,,,,,,,,
7495,209948,3,A1, ,509,02-Feb-2023,08:09:11,,,,401650000,-133,,0,02-Feb-2023,08:09:11,,,,,,,,,,80,106,42,,,,,,,,,,,,,,,,,,,,,,,,,,,,,
7495,209948,3,MB,B,510,02-Feb-2023,12:00:11,-23.3082,151.7537,,401677678,-129,,0,02-Feb-2023,11:52:16,-23.3082,151.7537,475,5596,288615,108,123,,,15,1,16,,,,,,,,,,,,,,,,,,,,,,,,,,,,,
7495,209948,23,MB,B,510,02-Feb-2023,12:00:11,-23.3082,151.7537,,401677678,-129,,0,02-Feb-2023,12:00:11,-23.3082,151.7537,475,5596,288615,108,123,,,74,80,165,253,40,150,250,144,65,48,116,26,20,84,219,20,1,115,26,212,113,127,192,,,,,,,,,
7495,209948,3,NK,B,511,03-Feb-2023,08:56:13,-23.2683,151.7286,,401677678,-129,,0,03-Feb-2023,08:56:13,-23.2683,151.7286,,5137,21530,1225,96,,,27,143,28,,,,,,,,,,,,,,,,,,,,,,,,,,,,,
7495,209948,3,MC,B,512,03-Feb-2023,10:48:06,-23.2508,151.7263,,401677679,-122,,0,03-Feb-2023,10:48:07,-23.2508,151.7263,,5514,21113,1440,100,,,78,73,5,,,,,,,,,,,,,,,,,,,,,,,,,,,,,
7495,209948,3,A1,3,513,03-Feb-2023,19:32:24,-23.3133,151.7050,,401677671,-126,58,0,03-Feb-2023,19:30:50,-23.3133,151.7050,248,149,219,100,97,,,93,253,42,,,,,,,,,,,,,,,,,,,,,,,,,,,,,
7495,209948,3,A1,3,513,03-Feb-2023,19:32:24,-23.3133,151.7050,,401677671,-126,58,0,03-Feb-2023,19:31:10,-23.3133,151.7050,248,149,219,100,97,,,103,137,0,,,,,,,,,,,,,,,,,,,,,,,,,,,,,
7495,209948,3,A1,3,513,03-Feb-2023,19:32:24,-23.3133,151.7050,,401677671,-126,58,0,03-Feb-2023,19:31:26,-23.3133,151.7050,248,149,219,100,97,,,15,1,151,,,,,,,,,,,,,,,,,,,,,,,,,,,,,
7495,209948,3,A1,3,513,03-Feb-2023,19:32:24,-23.3133,151.7050,,401677671,-126,58,0,03-Feb-2023,19:31:46,-23.3133,151.7050,248,149,219,100,97,,,27,143,28,,,,,,,,,,,,,,,,,,,,,,,,,,,,,
7495,209948,3,A1,3,513,03-Feb-2023,19:32:24,-23.3133,151.7050,,401677671,-126,58,0,03-Feb-2023,19:32:16,-23.3133,151.7050,248,149,219,100,97,,,88,2,43,,,,,,,,,,,,,,,,,,,,,,,,,,,,,
7495,209948,23,A1,3,513,03-Feb-2023,19:32:24,-23.3133,151.7050,,401677671,-126,58,0,03-Feb-2023,19:32:31,-23.3133,151.7050,248,149,219,100,97,,,74,144,165,253,40,150,250,144,65,206,121,211,148,86,7,24,1,255,26,212,145,127,192,,,,,,,,,
7495,209948,3,A1,3,513,03-Feb-2023,19:32:24,-23.3133,151.7050,,401677671,-126,58,0,03-Feb-2023,19:32:46,-23.3133,151.7050,248,149,219,100,97,,,107,133,0,,,,,,,,,,,,,,,,,,,,,,,,,,,,,
7495,209948,3,A1,3,513,03-Feb-2023,19:32:24,-23.3133,151.7050,,401677671,-126,58,2,03-Feb-2023,19:33:58,-23.3133,151.7050,248,149,219,100,97,,,78,73,5,,,,,,,,,,,,,,,,,,,,,,,,,,,,,
7495,209948,3,A1,3,513,03-Feb-2023,19:32:24,-23.3133,151.7050,,401677671,-126,58,0,03-Feb-2023,19:34:39,-23.3133,151.7050,248,149,219,100,97,,,100,134,0,,,,,,,,,,,,,,,,,,,,,,,,,,,,,
7495,209948,3,A1,3,513,03-Feb-2023,19:32:24,-23.3133,151.7050,,401677671,-126,58,0,03-Feb-2023,19:34:58,-23.3133,151.7050,248,149,219,100,97,,,15,1,16,,,,,,,,,,,,,,,,,,,,,,,,,,,,,
7495,209948,3,NP,B,514,04-Feb-2023,09:05:23,-23.3573,151.7292,,401677690,-136,,0,04-Feb-2023,09:05:16,-23.3573,151.7292,15,9212,14748,5753,101,,,103,137,0,,,,,,,,,,,,,,,,,,,,,,,,,,,,,
7495,209948,3,NP,B,514,04-Feb-2023,09:05:23,-23.3573,151.7292,,401677690,-136,,0,04-Feb-2023,09:05:31,-23.3573,151.7292,15,9212,14748,5753,101,,,15,1,16,,,,,,,,,,,,,,,,,,,,,,,,,,,,,
7495,209948,3,NK,B,515,04-Feb-2023,19:44:51,-23.3256,151.8048,,401677666,-135,8,0,04-Feb-2023,19:44:51,-23.3256,151.8048,,12073,25774,5655,130,,,89,39,43,,,,,,,,,,,,,,,,,,,,,,,,,,,,,
7495,209948,3,MC,B,516,04-Feb-2023,21:39:24,-23.3044,151.7758,,401677666,-132,8,0,04-Feb-2023,21:39:24,-23.3044,151.7758,,10986,16495,7316,116,,,103,137,0,,,,,,,,,,,,,,,,,,,,,,,,,,,,,
7495,209948,3,A1,A,517,06-Feb-2023,07:04:11,-23.0896,151.9722,,401677665,-130,,0,06-Feb-2023,07:03:25,-23.0896,151.9722,82,24473,492711,1215,136,,,15,1,16,,,,,,,,,,,,,,,,,,,,,,,,,,,,,
7495,209948,3,A1,A,517,06-Feb-2023,07:04:11,-23.0896,151.9722,,401677665,-130,,0,06-Feb-2023,07:04:23,-23.0896,151.9722,82,24473,492711,1215,136,,,18,136,211,,,,,,,,,,,,,,,,,,,,,,,,,,,,,
7495,209948,3,A1,A,517,06-Feb-2023,07:04:11,-23.0896,151.9722,,401677665,-130,,0,06-Feb-2023,07:04:47,-23.0896,151.9722,82,24473,492711,1215,136,,,74,77,5,,,,,,,,,,,,,,,,,,,,,,,,,,,,,
7495,209948,3,NP,A,518,06-Feb-2023,21:38:05,-23.0523,151.9766,,401677668,-136,,0,06-Feb-2023,21:38:05,-23.0523,151.9766,84,12461,85408,1817,82,,,80,39,44,,,,,,,,,,,,,,,,,,,,,,,,,,,,,
7495,209948,3,NP,A,518,06-Feb-2023,21:38:05,-23.0523,151.9766,,401677668,-136,,0,06-Feb-2023,21:39:13,-23.0523,151.9766,84,12461,85408,1817,82,,,27,143,28,,,,,,,,,,,,,,,,,,,,,,,,,,,,,
7495,209948,3,NP,A,518,06-Feb-2023,21:38:05,-23.0523,151.9766,,401677668,-136,,0,06-Feb-2023,21:39:29,-23.0523,151.9766,84,12461,85408,1817,82,,,64,79,5,,,,,,,,,,,,,,,,,,,,,,,,,,,,,
7495,209948,3,NK,B,519,06-Feb-2023,22:15:01,-23.0537,151.9415,,401677649,-135,8,0,06-Feb-2023,22:15:02,-23.0537,151.9415,,4051,18290,897,81,,,80,55,44,,,,,,,,,,,,,,,,,,,,,,,,,,,,,
7495,209948,3,NN,0,520,06-Feb-2023,22:47:08,-23.0565,151.7907,,401677678,-133,58,0,06-Feb-2023,22:45:29,-23.0565,151.7907,194,2263,9738,525,58,,,77,70,5,,,,,,,,,,,,,,,,,,,,,,,,,,,,,
7495,209948,3,NN,0,520,06-Feb-2023,22:47:08,-23.0565,151.7907,,401677678,-133,58,0,06-Feb-2023,22:45:52,-23.0565,151.7907,194,2263,9738,525,58,,,93,81,44,,,,,,,,,,,,,,,,,,,,,,,,,,,,,
7495,209948,3,NN,0,520,06-Feb-2023,22:47:08,-23.0565,151.7907,,401677678,-133,58,0,06-Feb-2023,22:47:19,-23.0565,151.7907,194,2263,9738,525,58,,,27,143,24,,,,,,,,,,,,,,,,,,,,,,,,,,,,,
7495,209948,3,NN,0,520,06-Feb-2023,22:47:08,-23.0565,151.7907,,401677678,-133,58,0,06-Feb-2023,22:47:46,-23.0565,151.7907,194,2263,9738,525,58,,,68,75,5,,,,,,,,,,,,,,,,,,,,,,,,,,,,,
7495,209948,3,NN,0,520,06-Feb-2023,22:47:08,-23.0565,151.7907,,401677678,-133,58,0,06-Feb-2023,22:48:01,-23.0565,151.7907,194,2263,9738,525,58,,,86,86,44,,,,,,,,,,,,,,,,,,,,,,,,,,,,,
7495,209948,3,NN,0,520,06-Feb-2023,22:47:08,-23.0565,151.7907,,401677678,-133,58,1,06-Feb-2023,22:48:43,-23.0565,151.7907,194,2263,9738,525,58,,,15,1,16,,,,,,,,,,,,,,,,,,,,,,,,,,,,,
7495,209948,31,MB,B,521,07-Feb-2023,11:59:13,-23.0298,150.5947,,401677746,-133,,0,07-Feb-2023,11:59:14,-23.0298,150.5947,,25044,27719,22626,95,,,32,200,192,0,67,228,181,121,209,9,32,235,235,253,218,15,25,64,196,62,36,68,241,124,82,155,175,202,165,209,253,
7495,209948,3,NN,B,522,08-Feb-2023,00:18:18,-23.0305,150.5947,,401677746,-128,,0,08-Feb-2023,00:18:19,-23.0305,150.5947,,30171,37296,24406,88,,,104,138,0,,,,,,,,,,,,,,,,,,,,,,,,,,,,,
7495,209948,3,A1,B,523,08-Feb-2023,08:01:58,-23.0787,151.1041,,401677790,-137,8,0,08-Feb-2023,07:59:45,-23.0787,151.1041,267,11591,742313,181,104,,,93,223,44,,,,,,,,,,,,,,,,,,,,,,,,,,,,,
7495,209948,3,A1,B,523,08-Feb-2023,08:01:58,-23.0787,151.1041,,401677790,-137,8,0,08-Feb-2023,08:04:12,-23.0787,151.1041,267,11591,742313,181,104,,,43,44,135,,,,,,,,,,,,,,,,,,,,,,,,,,,,,
7495,209948,3,MC,B,524,08-Feb-2023,10:40:16,-23.0934,151.0393,,401677751,-130,8,0,08-Feb-2023,10:40:16,-23.0934,151.0393,,14343,34187,6017,103,,,15,1,16,,,,,,,,,,,,,,,,,,,,,,,,,,,,,
7495,209948,3,NP,Z,525,08-Feb-2023,11:43:26,-23.2624,151.4112,,401677600,-136,8,0,08-Feb-2023,11:43:26,-23.2624,151.4112,,11140,17920,6924,82,,,88,238,44,,,,,,,,,,,,,,,,,,,,,,,,,,,,,
7495,209948,3,MC,B,526,08-Feb-2023,12:21:48,-23.1811,151.4366,,401677565,-130,8,0,08-Feb-2023,12:21:48,-23.1811,151.4366,,14009,17539,11189,99,,,103,8,145,,,,,,,,,,,,,,,,,,,,,,,,,,,,,
7495,209948,3,NK,B,527,08-Feb-2023,19:44:20,-23.3817,151.7696,,401677624,-137,8,0,08-Feb-2023,19:44:20,-23.3817,151.7696,,14695,19290,11194,111,,,66,164,66,,,,,,,,,,,,,,,,,,,,,,,,,,,,,
7495,209948,3,NK,B,528,08-Feb-2023,21:15:59,-23.4255,151.8878,,401677650,-128,8,0,08-Feb-2023,21:15:59,-23.4255,151.8878,,16071,20299,12724,99,,,80,24,45,,,,,,,,,,,,,,,,,,,,,,,,,,,,,
7495,209948,3,NP,B,529,08-Feb-2023,21:15:59,-23.4070,151.8322,,401677617,-136,8,0,08-Feb-2023,21:15:59,-23.4070,151.8322,,10502,12012,9180,19,,,80,24,45,,,,,,,,,,,,,,,,,,,,,,,,,,,,,
7495,209948,3,NN,B,530,08-Feb-2023,22:23:07,-23.3763,151.8931,,401677622,-140,8,0,08-Feb-2023,22:23:07,-23.3763,151.8931,,58158,460238,7349,111,,,83,55,45,,,,,,,,,,,,,,,,,,,,,,,,,,,,,
7495,209948,3,MB,B,531,08-Feb-2023,22:48:55,-23.2688,151.6493,,401677621,-135,6,0,08-Feb-2023,22:48:55,-23.2688,151.6493,,8565,34566,2122,109,,,15,1,16,,,,,,,,,,,,,,,,,,,,,,,,,,,,,
7495,209948,3,SR, ,532,09-Feb-2023,19:11:20,,,,401650000,,,0,09-Feb-2023,19:11:20,,,,,,,,,,103,137,0,,,,,,,,,,,,,,,,,,,,,,,,,,,,,
7495,209948,3,A1, ,533,10-Feb-2023,07:22:26,,,,401650000,-132,,0,10-Feb-2023,07:22:26,,,,,,,,,,94,160,45,,,,,,,,,,,,,,,,,,,,,,,,,,,,,
7495,209948,3,SR, ,534,10-Feb-2023,18:42:11,,,,401650000,,,0,10-Feb-2023,18:42:11,,,443,,,,,,,15,9,16,,,,,,,,,,,,,,,,,,,,,,,,,,,,,
7495,209948,3,SR, ,534,10-Feb-2023,18:42:11,,,,401650000,,,0,10-Feb-2023,18:44:14,,,443,,,,,,,15,1,16,,,,,,,,,,,,,,,,,,,,,,,,,,,,,
7495,209948,3,SR, ,534,10-Feb-2023,18:42:11,,,,401650000,,,0,10-Feb-2023,18:47:43,,,443,,,,,,,27,143,28,,,,,,,,,,,,,,,,,,,,,,,,,,,,,
7495,209948,3,SR, ,534,10-Feb-2023,18:42:11,,,,401650000,,,0,10-Feb-2023,18:48:25,,,443,,,,,,,80,118,62,,,,,,,,,,,,,,,,,,,,,,,,,,,,,
7495,209948,3,SR, ,534,10-Feb-2023,18:42:11,,,,401650000,,,0,10-Feb-2023,18:49:13,,,443,,,,,,,15,1,17,,,,,,,,,,,,,,,,,,,,,,,,,,,,,
7495,209948,3,SR, ,534,10-Feb-2023,18:42:11,,,,401650000,,,0,10-Feb-2023,18:49:34,,,443,,,,,,,3,23,9,,,,,,,,,,,,,,,,,,,,,,,,,,,,,
7495,209948,3,A1,A,535,10-Feb-2023,19:03:40,-23.2435,151.7416,,401677676,-137,,0,10-Feb-2023,19:03:10,-23.2435,151.7416,128,917,3402,247,173,,,98,136,0,,,,,,,,,,,,,,,,,,,,,,,,,,,,,
7495,209948,3,A1,A,535,10-Feb-2023,19:03:40,-23.2435,151.7416,,401677676,-137,,1,10-Feb-2023,19:05:18,-23.2435,151.7416,128,917,3402,247,173,,,77,70,5,,,,,,,,,,,,,,,,,,,,,,,,,,,,,
7495,209948,31,SR, ,536,11-Feb-2023,05:54:56,,,,401650000,,,0,11-Feb-2023,05:54:56,,,,,,,,,,32,201,64,0,0,0,0,0,0,0,11,255,1,0,4,41,205,184,175,108,154,176,162,81,164,227,37,247,49,114,17,
7495,209948,31,NK,B,537,11-Feb-2023,08:55:02,-23.3400,151.7216,,401677673,-129,,0,11-Feb-2023,08:53:20,-23.3400,151.7216,205,4082,128265,129,106,,,32,201,64,0,0,0,0,0,0,0,11,255,0,0,0,41,201,32,0,0,0,0,0,0,0,0,255,0,0,0,147,
7495,209948,3,NK,B,537,11-Feb-2023,08:55:02,-23.3400,151.7216,,401677673,-129,,0,11-Feb-2023,08:56:45,-23.3400,151.7216,205,4082,128265,129,106,,,103,137,0,,,,,,,,,,,,,,,,,,,,,,,,,,,,,
7495,209948,3,MC,B,538,11-Feb-2023,13:02:35,-23.4055,151.9997,Lon > 4 deviations from mean,401677724,-127,8,0,11-Feb-2023,13:02:35,-23.4055,151.9997,,24087,260393,2228,105,,,27,143,28,,,,,,,,,,,,,,,,,,,,,,,,,,,,,
7495,209948,3,A1,A,539,11-Feb-2023,18:48:19,-23.3585,151.6712,,401677619,-138,8,0,11-Feb-2023,18:47:52,-23.3585,151.6712,59,9152,137397,609,108,,,15,1,16,,,,,,,,,,,,,,,,,,,,,,,,,,,,,
7495,209948,3,A1,A,539,11-Feb-2023,18:48:19,-23.3585,151.6712,,401677619,-138,8,0,11-Feb-2023,18:48:15,-23.3585,151.6712,59,9152,137397,609,108,,,27,143,28,,,,,,,,,,,,,,,,,,,,,,,,,,,,,
7495,209948,3,A1,A,539,11-Feb-2023,18:48:19,-23.3585,151.6712,,401677619,-138,8,0,11-Feb-2023,18:48:51,-23.3585,151.6712,59,9152,137397,609,108,,,85,233,46,,,,,,,,,,,,,,,,,,,,,,,,,,,,,
7495,209948,3,NK,B,540,11-Feb-2023,20:05:55,-23.3870,151.7410,,401677641,-132,7,0,11-Feb-2023,20:04:45,-23.3870,151.7410,141,3598,59681,216,88,,,15,1,16,,,,,,,,,,,,,,,,,,,,,,,,,,,,,
7495,209948,3,NK,B,540,11-Feb-2023,20:05:55,-23.3870,151.7410,,401677641,-132,7,0,11-Feb-2023,20:07:06,-23.3870,151.7410,141,3598,59681,216,88,,,27,143,28,,,,,,,,,,,,,,,,,,,,,,,,,,,,,
7495,209948,3,NP,B,541,11-Feb-2023,20:46:47,-23.3937,151.7600,,401677632,-138,8,0,11-Feb-2023,20:46:47,-23.3937,151.7600,,3169,12137,827,88,,,15,1,16,,,,,,,,,,,,,,,,,,,,,,,,,,,,,
7495,209948,3,NK,B,542,11-Feb-2023,21:40:08,-23.3935,151.7601,,401677637,-125,8,0,11-Feb-2023,21:40:08,-23.3935,151.7601,,2964,7954,1104,88,,,27,143,28,,,,,,,,,,,,,,,,,,,,,,,,,,,,,
7495,209948,3,MC,B,543,12-Feb-2023,00:16:24,-23.4073,151.8135,,401677617,-125,8,0,12-Feb-2023,00:16:25,-23.4073,151.8135,,2821,5918,1344,81,,,81,3,47,,,,,,,,,,,,,,,,,,,,,,,,,,,,,
7495,209948,3,NN,B,544,12-Feb-2023,01:06:33,-23.4023,151.8060,,401677616,-133,8,0,12-Feb-2023,01:06:33,-23.4023,151.8060,,4074,9824,1689,97,,,27,143,28,,,,,,,,,,,,,,,,,,,,,,,,,,,,,
7495,209948,3,SR, ,545,12-Feb-2023,06:56:02,,,,401650000,,,0,12-Feb-2023,06:56:02,,,,,,,,,,70,81,5,,,,,,,,,,,,,,,,,,,,,,,,,,,,,
7495,209948,3,NK,B,546,12-Feb-2023,08:24:05,-23.3619,151.8221,,401677642,-135,8,0,12-Feb-2023,08:24:05,-23.3619,151.8221,,4607,12382,1713,103,,,87,2,47,,,,,,,,,,,,,,,,,,,,,,,,,,,,,
7495,209948,3,A1,B,547,12-Feb-2023,20:03:01,-23.3040,151.7976,,401677645,-125,8,0,12-Feb-2023,20:03:02,-23.3040,151.7976,,4130,31855,535,78,,,103,137,0,,,,,,,,,,,,,,,,,,,,,,,,,,,,,
7495,209948,3,NP,B,548,12-Feb-2023,20:33:45,-23.3189,151.7637,,401677664,-135,6,0,12-Feb-2023,20:33:45,-23.3189,151.7637,,3646,18325,725,85,,,103,137,0,,,,,,,,,,,,,,,,,,,,,,,,,,,,,
7495,209948,3,NN,B,549,12-Feb-2023,23:14:41,-23.3463,151.7479,,401677666,-130,8,0,12-Feb-2023,23:14:42,-23.3463,151.7479,,3969,10352,1521,91,,,27,143,28,,,,,,,,,,,,,,,,,,,,,,,,,,,,,
7495,209948,3,NN,B,550,13-Feb-2023,23:02:30,-23.2628,151.8044,,401677652,-131,,0,13-Feb-2023,23:02:30,-23.2628,151.8044,,6730,13437,3370,106,,,27,143,28,,,,,,,,,,,,,,,,,,,,,,,,,,,,,
7495,209948,3,MC,B,551,13-Feb-2023,23:38:49,-23.2676,151.8522,,401677672,-130,6,0,13-Feb-2023,23:38:50,-23.2676,151.8522,,10760,29130,3974,139,,,69,78,5,,,,,,,,,,,,,,,,,,,,,,,,,,,,,
7495,209948,3,NK,A,552,14-Feb-2023,09:15:07,-23.4040,151.7588,,401677669,-127,8,0,14-Feb-2023,09:13:17,-23.4040,151.7588,195,1408,11230,176,79,,,72,71,5,,,,,,,,,,,,,,,,,,,,,,,,,,,,,
7495,209948,3,NK,A,552,14-Feb-2023,09:15:07,-23.4040,151.7588,,401677669,-127,8,0,14-Feb-2023,09:15:33,-23.4040,151.7588,195,1408,11230,176,79,,,15,1,16,,,,,,,,,,,,,,,,,,,,,,,,,,,,,
7495,209948,23,NK,A,552,14-Feb-2023,09:15:07,-23.4040,151.7588,,401677669,-127,8,0,14-Feb-2023,09:16:32,-23.4040,151.7588,195,1408,11230,176,79,,,80,16,165,253,40,150,250,144,71,37,131,211,150,96,47,16,1,87,26,213,115,37,136,,,,,,,,,
7495,209948,3,A1,B,553,14-Feb-2023,19:26:23,-23.3233,151.7581,,401677647,-135,8,0,14-Feb-2023,19:24:19,-23.3233,151.7581,249,5145,270653,97,53,,,87,40,48,,,,,,,,,,,,,,,,,,,,,,,,,,,,,
7495,209948,3,A1,B,553,14-Feb-2023,19:26:23,-23.3233,151.7581,,401677647,-135,8,0,14-Feb-2023,19:28:28,-23.3233,151.7581,249,5145,270653,97,53,,,104,138,0,,,,,,,,,,,,,,,,,,,,,,,,,,,,,
7495,209948,3,NP,B,554,15-Feb-2023,10:18:02,-23.2798,151.8576,,401677659,-134,,0,15-Feb-2023,10:18:03,-23.2798,151.8576,,11009,24540,4938,69,,,27,143,28,,,,,,,,,,,,,,,,,,,,,,,,,,,,,
7495,209948,3,NK,B,555,15-Feb-2023,10:29:10,-23.2850,151.7831,,401677664,-128,6,0,15-Feb-2023,10:29:11,-23.2850,151.7831,,3279,3867,2779,107,,,77,86,5,,,,,,,,,,,,,,,,,,,,,,,,,,,,,
7495,209948,3,NN,B,556,15-Feb-2023,13:00:17,-23.2406,151.7891,,401677665,-129,8,0,15-Feb-2023,13:00:18,-23.2406,151.7891,,3119,5103,1906,82,,,104,138,0,,,,,,,,,,,,,,,,,,,,,,,,,,,,,
7495,209948,3,A1,B,557,15-Feb-2023,19:09:33,-23.2256,151.7904,,401677652,-131,8,0,15-Feb-2023,19:09:33,-23.2256,151.7904,,3478,5817,2078,107,,,27,143,28,,,,,,,,,,,,,,,,,,,,,,,,,,,,,
7495,209948,3,NP,1,558,15-Feb-2023,23:12:55,-23.1654,151.8145,,401677668,-134,58,0,15-Feb-2023,23:12:56,-23.1654,151.8145,442,716,956,535,13,,,88,234,49,,,,,,,,,,,,,,,,,,,,,,,,,,,,,
7495,209948,3,NP,1,558,15-Feb-2023,23:12:55,-23.1654,151.8145,,401677668,-134,58,0,15-Feb-2023,23:16:33,-23.1654,151.8145,442,716,956,535,13,,,74,77,5,,,,,,,,,,,,,,,,,,,,,,,,,,,,,
7495,209948,3,NP,1,558,15-Feb-2023,23:12:55,-23.1654,151.8145,,401677668,-134,58,0,15-Feb-2023,23:16:57,-23.1654,151.8145,442,716,956,535,13,,,89,239,48,,,,,,,,,,,,,,,,,,,,,,,,,,,,,
7495,209948,3,NP,1,558,15-Feb-2023,23:12:55,-23.1654,151.8145,,401677668,-134,58,0,15-Feb-2023,23:17:56,-23.1654,151.8145,442,716,956,535,13,,,29,201,175,,,,,,,,,,,,,,,,,,,,,,,,,,,,,
7495,209948,3,NP,1,558,15-Feb-2023,23:12:55,-23.1654,151.8145,,401677668,-134,58,0,15-Feb-2023,23:18:12,-23.1654,151.8145,442,716,956,535,13,,,27,142,12,,,,,,,,,,,,,,,,,,,,,,,,,,,,,
7495,209948,3,NP,1,558,15-Feb-2023,23:12:55,-23.1654,151.8145,,401677668,-134,58,0,15-Feb-2023,23:19:45,-23.1654,151.8145,442,716,956,535,13,,,103,137,0,,,,,,,,,,,,,,,,,,,,,,,,,,,,,
7495,209948,3,NP,1,558,15-Feb-2023,23:12:55,-23.1654,151.8145,,401677668,-134,58,0,15-Feb-2023,23:20:03,-23.1654,151.8145,442,716,956,535,13,,,15,1,16,,,,,,,,,,,,,,,,,,,,,,,,,,,,,
7495,209948,3,NP,1,558,15-Feb-2023,23:12:55,-23.1654,151.8145,,401677668,-134,58,0,15-Feb-2023,23:20:18,-23.1654,151.8145,442,716,956,535,13,,,27,143,28,,,,,,,,,,,,,,,,,,,,,,,,,,,,,
7495,209948,3,A1,3,559,16-Feb-2023,07:14:49,-23.2413,151.7937,,401677666,-125,58,0,16-Feb-2023,07:14:17,-23.2413,151.7937,177,208,386,112,81,,,79,76,5,,,,,,,,,,,,,,,,,,,,,,,,,,,,,
7495,209948,3,A1,3,559,16-Feb-2023,07:14:49,-23.2413,151.7937,,401677666,-125,58,0,16-Feb-2023,07:14:32,-23.2413,151.7937,177,208,386,112,81,,,81,9,49,,,,,,,,,,,,,,,,,,,,,,,,,,,,,
7495,209948,3,A1,3,559,16-Feb-2023,07:14:49,-23.2413,151.7937,,401677666,-125,58,1,16-Feb-2023,07:14:47,-23.2413,151.7937,177,208,386,112,81,,,104,138,0,,,,,,,,,,,,,,,,,,,,,,,,,,,,,
7495,209948,3,A1,3,559,16-Feb-2023,07:14:49,-23.2413,151.7937,,401677666,-125,58,0,16-Feb-2023,07:15:37,-23.2413,151.7937,177,208,386,112,81,,,27,143,28,,,,,,,,,,,,,,,,,,,,,,,,,,,,,
7495,209948,3,A1,3,559,16-Feb-2023,07:14:49,-23.2413,151.7937,,401677666,-125,58,0,16-Feb-2023,07:16:56,-23.2413,151.7937,177,208,386,112,81,,,103,137,0,,,,,,,,,,,,,,,,,,,,,,,,,,,,,
7495,209948,3,A1,3,559,16-Feb-2023,07:14:49,-23.2413,151.7937,,401677666,-125,58,2,16-Feb-2023,07:17:14,-23.2413,151.7937,177,208,386,112,81,,,15,1,16,,,,,,,,,,,,,,,,,,,,,,,,,,,,,
7495,209948,3,SR,2,560,16-Feb-2023,08:12:47,-23.2326,151.7724,,401677672,-132,58,0,16-Feb-2023,08:12:48,-23.2326,151.7724,420,451,812,249,177,,,15,1,16,,,,,,,,,,,,,,,,,,,,,,,,,,,,,
7495,209948,3,SR,2,560,16-Feb-2023,08:12:47,-23.2326,151.7724,,401677672,-132,58,0,16-Feb-2023,08:17:23,-23.2326,151.7724,420,451,812,249,177,,,119,51,205,,,,,,,,,,,,,,,,,,,,,,,,,,,,,
7495,209948,3,SR,2,560,16-Feb-2023,08:12:47,-23.2326,151.7724,,401677672,-132,58,0,16-Feb-2023,08:18:21,-23.2326,151.7724,420,451,812,249,177,,,103,137,0,,,,,,,,,,,,,,,,,,,,,,,,,,,,,
7495,209948,3,SR,2,560,16-Feb-2023,08:12:47,-23.2326,151.7724,,401677672,-132,58,0,16-Feb-2023,08:19:48,-23.2326,151.7724,420,451,812,249,177,,,84,56,49,,,,,,,,,,,,,,,,,,,,,,,,,,,,,
7495,209948,3,NK,A,561,16-Feb-2023,08:23:23,-23.2388,151.7778,,401677664,-135,6,0,16-Feb-2023,08:21:35,-23.2388,151.7778,282,548,2009,149,51,,,15,5,16,,,,,,,,,,,,,,,,,,,,,,,,,,,,,
7495,209948,3,NK,A,561,16-Feb-2023,08:23:23,-23.2388,151.7778,,401677664,-135,6,0,16-Feb-2023,08:22:19,-23.2388,151.7778,282,548,2009,149,51,,,27,143,28,,,,,,,,,,,,,,,,,,,,,,,,,,,,,
7495,209948,3,NK,A,561,16-Feb-2023,08:23:23,-23.2388,151.7778,,401677664,-135,6,0,16-Feb-2023,08:26:17,-23.2388,151.7778,282,548,2009,149,51,,,103,137,0,,,,,,,,,,,,,,,,,,,,,,,,,,,,,
7495,209948,3,NN,B,562,16-Feb-2023,11:05:57,-23.2322,151.7546,,401677646,-135,8,0,16-Feb-2023,11:05:57,-23.2322,151.7546,,3887,4720,3201,99,,,84,87,49,,,,,,,,,,,,,,,,,,,,,,,,,,,,,
7495,209948,3,MC,B,563,16-Feb-2023,11:16:05,-23.2197,151.7561,,401677658,-126,8,0,16-Feb-2023,11:16:05,-23.2197,151.7561,,4167,4590,3783,98,,,27,143,28,,,,,,,,,,,,,,,,,,,,,,,,,,,,,
7495,209948,3,MC,B,564,16-Feb-2023,12:56:49,-23.2188,151.7573,,401677654,-129,8,0,16-Feb-2023,12:56:49,-23.2188,151.7573,,4146,4415,3892,0,,,27,143,24,,,,,,,,,,,,,,,,,,,,,,,,,,,,,
7495,209948,3,SR,2,565,16-Feb-2023,18:58:13,-23.2596,151.6827,,401677668,-132,58,0,16-Feb-2023,18:54:25,-23.2596,151.6827,373,481,764,302,165,,,15,1,16,,,,,,,,,,,,,,,,,,,,,,,,,,,,,
7495,209948,3,SR,2,565,16-Feb-2023,18:58:13,-23.2596,151.6827,,401677668,-132,58,0,16-Feb-2023,18:56:10,-23.2596,151.6827,373,481,764,302,165,,,107,140,0,,,,,,,,,,,,,,,,,,,,,,,,,,,,,
7495,209948,3,SR,2,565,16-Feb-2023,18:58:13,-23.2596,151.6827,,401677668,-132,58,0,16-Feb-2023,18:57:06,-23.2596,151.6827,373,481,764,302,165,,,68,75,5,,,,,,,,,,,,,,,,,,,,,,,,,,,,,
7495,209948,3,SR,2,565,16-Feb-2023,18:58:13,-23.2596,151.6827,,401677668,-132,58,0,16-Feb-2023,18:58:27,-23.2596,151.6827,373,481,764,302,165,,,27,143,28,,,,,,,,,,,,,,,,,,,,,,,,,,,,,
7495,209948,3,SR,2,565,16-Feb-2023,18:58:13,-23.2596,151.6827,,401677668,-132,58,0,16-Feb-2023,18:58:46,-23.2596,151.6827,373,481,764,302,165,,,65,74,5,,,,,,,,,,,,,,,,,,,,,,,,,,,,,
7495,209948,3,SR,2,565,16-Feb-2023,18:58:13,-23.2596,151.6827,,401677668,-132,58,0,16-Feb-2023,18:59:02,-23.2596,151.6827,373,481,764,302,165,,,95,238,49,,,,,,,,,,,,,,,,,,,,,,,,,,,,,
7495,209948,3,SR,2,565,16-Feb-2023,18:58:13,-23.2596,151.6827,,401677668,-132,58,0,16-Feb-2023,18:59:19,-23.2596,151.6827,373,481,764,302,165,,,103,137,0,,,,,,,,,,,,,,,,,,,,,,,,,,,,,
7495,209948,23,SR,2,565,16-Feb-2023,18:58:13,-23.2596,151.6827,,401677668,-132,58,0,16-Feb-2023,19:00:07,-23.2596,151.6827,373,481,764,302,165,,,83,176,165,253,40,150,215,128,200,76,126,210,86,99,229,18,1,148,57,178,209,219,171,,,,,,,,,
7495,209948,3,SR,2,565,16-Feb-2023,18:58:13,-23.2596,151.6827,,401677668,-132,58,0,16-Feb-2023,19:00:38,-23.2596,151.6827,373,481,764,302,165,,,93,244,49,,,,,,,,,,,,,,,,,,,,,,,,,,,,,
7495,209948,3,MC, ,566,18-Feb-2023,12:18:55,,,,401650000,-121,,0,18-Feb-2023,12:18:55,,,,,,,,,,104,138,0,,,,,,,,,,,,,,,,,,,,,,,,,,,,,
7495,209948,3,A1, ,567,18-Feb-2023,19:52:43,,,,401650000,-131,,0,18-Feb-2023,19:52:43,,,,,,,,,,15,1,16,,,,,,,,,,,,,,,,,,,,,,,,,,,,,
7495,209948,3,NK, ,568,19-Feb-2023,19:56:24,,,,401650000,-137,,0,19-Feb-2023,19:56:24,,,,,,,,,,98,136,0,,,,,,,,,,,,,,,,,,,,,,,,,,,,,
7495,209948,3,SR, ,569,19-Feb-2023,20:43:42,,,,401650000,-126,,0,19-Feb-2023,20:43:42,,,,,,,,,,27,143,28,,,,,,,,,,,,,,,,,,,,,,,,,,,,,
7495,209948,3,NK,B,570,19-Feb-2023,21:42:42,-23.2720,151.7012,,401677670,-129,,0,19-Feb-2023,21:42:26,-23.2720,151.7012,32,15946,182544,1393,84,,,104,138,0,,,,,,,,,,,,,,,,,,,,,,,,,,,,,
7495,209948,3,NK,B,570,19-Feb-2023,21:42:42,-23.2720,151.7012,,401677670,-129,,0,19-Feb-2023,21:42:58,-23.2720,151.7012,32,15946,182544,1393,84,,,27,143,28,,,,,,,,,,,,,,,,,,,,,,,,,,,,,
7495,209948,3,NN,B,571,19-Feb-2023,23:29:55,-23.2666,151.7276,,401677664,-129,8,0,19-Feb-2023,23:29:55,-23.2666,151.7276,,7285,17848,2973,103,,,82,119,51,,,,,,,,,,,,,,,,,,,,,,,,,,,,,
7495,209948,3,A1, ,572,20-Feb-2023,07:37:11,,,,401650000,,,0,20-Feb-2023,07:37:11,,,138,,,,,,,72,71,5,,,,,,,,,,,,,,,,,,,,,,,,,,,,,
7495,209948,3,A1, ,572,20-Feb-2023,07:37:11,,,,401650000,,,0,20-Feb-2023,07:37:59,,,138,,,,,,,89,145,51,,,,,,,,,,,,,,,,,,,,,,,,,,,,,
7495,209948,3,A1, ,572,20-Feb-2023,07:37:11,,,,401650000,,,0,20-Feb-2023,07:39:10,,,138,,,,,,,15,1,16,,,,,,,,,,,,,,,,,,,,,,,,,,,,,
7495,209948,3,A1, ,572,20-Feb-2023,07:37:11,,,,401650000,,,1,20-Feb-2023,07:39:29,,,138,,,,,,,27,143,28,,,,,,,,,,,,,,,,,,,,,,,,,,,,,
7495,209948,3,NK,0,573,21-Feb-2023,09:40:35,-23.2951,151.7364,,401677666,-127,50,0,21-Feb-2023,09:37:53,-23.2951,151.7364,250,1900,63024,57,74,,,15,1,16,,,,,,,,,,,,,,,,,,,,,,,,,,,,,
7495,209948,23,NK,0,573,21-Feb-2023,09:40:35,-23.2951,151.7364,,401677666,-127,50,0,21-Feb-2023,09:41:03,-23.2951,151.7364,250,1900,63024,57,74,,,72,48,165,253,40,150,250,144,74,167,18,147,22,104,49,20,3,255,26,212,33,127,192,,,,,,,,,
7495,209948,3,NK,0,573,21-Feb-2023,09:40:35,-23.2951,151.7364,,401677666,-127,50,0,21-Feb-2023,09:41:24,-23.2951,151.7364,250,1900,63024,57,74,,,94,25,52,,,,,,,,,,,,,,,,,,,,,,,,,,,,,
7495,209948,3,NK,0,573,21-Feb-2023,09:40:35,-23.2951,151.7364,,401677666,-127,50,0,21-Feb-2023,09:42:03,-23.2951,151.7364,250,1900,63024,57,74,,,103,137,0,,,,,,,,,,,,,,,,,,,,,,,,,,,,,
7495,209948,3,MC, ,574,21-Feb-2023,11:19:10,,,,401650000,-122,,0,21-Feb-2023,11:19:10,,,,,,,,,,15,1,16,,,,,,,,,,,,,,,,,,,,,,,,,,,,,
7495,209948,3,NN,B,575,21-Feb-2023,13:32:47,-23.2910,151.7830,,401677660,-137,8,0,21-Feb-2023,13:32:48,-23.2910,151.7830,,2494,4000,1554,83,,,15,1,16,,,,,,,,,,,,,,,,,,,,,,,,,,,,,
7495,209948,3,NP,B,576,21-Feb-2023,22:04:10,-23.2783,151.8688,,401677664,-133,8,0,21-Feb-2023,22:04:10,-23.2783,151.8688,,3463,13427,893,108,,,103,137,0,,,,,,,,,,,,,,,,,,,,,,,,,,,,,
7495,209948,3,NP,B,577,22-Feb-2023,10:35:22,-23.2301,151.9636,,401677663,-129,,0,22-Feb-2023,10:35:22,-23.2301,151.9636,,4677,15426,1418,81,,,73,66,5,,,,,,,,,,,,,,,,,,,,,,,,,,,,,
7495,209948,3,MC,B,578,22-Feb-2023,11:02:30,-23.2768,151.8730,,401677682,-134,6,0,22-Feb-2023,11:02:31,-23.2768,151.8730,,7590,50476,1141,77,,,87,197,52,,,,,,,,,,,,,,,,,,,,,,,,,,,,,
7495,209948,3,NN,B,579,22-Feb-2023,13:13:35,-23.2369,151.8428,,401677682,-133,8,0,22-Feb-2023,13:13:36,,,84,5111,184096,141,77,,,75,5,43,,,,,,,,,,,,,,,,,,,,,,,,,,,,,
7495,209948,3,NN,B,579,22-Feb-2023,13:13:35,-23.2369,151.8428,,401677682,-133,8,0,22-Feb-2023,13:15:00,,,84,5111,184096,141,77,,,85,239,52,,,,,,,,,,,,,,,,,,,,,,,,,,,,,
7495,209948,3,SR,B,580,23-Feb-2023,07:54:17,-23.1702,151.8162,,401677678,-138,,0,23-Feb-2023,07:54:17,-23.1702,151.8162,,5077,13034,1977,102,,,15,1,16,,,,,,,,,,,,,,,,,,,,,,,,,,,,,
7495,209948,3,NK,1,581,23-Feb-2023,08:46:08,-23.2389,151.8271,,401677664,-129,58,0,23-Feb-2023,08:43:53,-23.2389,151.8271,484,755,1725,330,161,,,103,137,0,,,,,,,,,,,,,,,,,,,,,,,,,,,,,
7495,209948,23,NK,1,581,23-Feb-2023,08:46:08,-23.2389,151.8271,,401677664,-129,58,0,23-Feb-2023,08:44:25,-23.2389,151.8271,484,755,1725,330,161,,,79,240,165,253,40,150,250,144,75,163,73,151,152,107,31,18,1,255,25,212,17,127,192,,,,,,,,,
7495,209948,3,NK,1,581,23-Feb-2023,08:46:08,-23.2389,151.8271,,401677664,-129,58,0,23-Feb-2023,08:44:41,-23.2389,151.8271,484,755,1725,330,161,,,27,143,28,,,,,,,,,,,,,,,,,,,,,,,,,,,,,
7495,209948,3,NK,1,581,23-Feb-2023,08:46:08,-23.2389,151.8271,,401677664,-129,58,0,23-Feb-2023,08:45:47,-23.2389,151.8271,484,755,1725,330,161,,,92,146,53,,,,,,,,,,,,,,,,,,,,,,,,,,,,,
7495,209948,3,NK,1,581,23-Feb-2023,08:46:08,-23.2389,151.8271,,401677664,-129,58,0,23-Feb-2023,08:51:57,-23.2389,151.8271,484,755,1725,330,161,,,92,151,53,,,,,,,,,,,,,,,,,,,,,,,,,,,,,
7495,209948,3,NP,A,582,23-Feb-2023,10:23:06,-23.2834,151.6990,,401677654,-128,8,0,23-Feb-2023,10:22:16,-23.2834,151.6990,458,1115,13216,94,82,,,15,1,16,,,,,,,,,,,,,,,,,,,,,,,,,,,,,
7495,209948,3,NP,A,582,23-Feb-2023,10:23:06,-23.2834,151.6990,,401677654,-128,8,0,23-Feb-2023,10:23:56,-23.2834,151.6990,458,1115,13216,94,82,,,67,64,5,,,,,,,,,,,,,,,,,,,,,,,,,,,,,
7495,209948,3,NP,A,582,23-Feb-2023,10:23:06,-23.2834,151.6990,,401677654,-128,8,0,23-Feb-2023,10:29:54,-23.2834,151.6990,458,1115,13216,94,82,,,73,67,135,,,,,,,,,,,,,,,,,,,,,,,,,,,,,
7495,209948,3,NK,B,583,23-Feb-2023,10:23:06,-23.2818,151.7118,,401677652,-133,,0,23-Feb-2023,10:22:16,-23.2818,151.7118,100,931,8580,101,81,,,15,1,16,,,,,,,,,,,,,,,,,,,,,,,,,,,,,
7495,209948,3,NK,B,583,23-Feb-2023,10:23:06,-23.2818,151.7118,,401677652,-133,,0,23-Feb-2023,10:23:56,-23.2818,151.7118,100,931,8580,101,81,,,67,64,5,,,,,,,,,,,,,,,,,,,,,,,,,,,,,
7495,209948,3,MC,B,584,23-Feb-2023,10:36:55,-23.2691,151.7254,,401677655,-131,6,0,23-Feb-2023,10:36:06,-23.2691,151.7254,99,1686,4596,618,108,,,15,1,16,,,,,,,,,,,,,,,,,,,,,,,,,,,,,
7495,209948,3,MC,B,584,23-Feb-2023,10:36:55,-23.2691,151.7254,,401677655,-131,6,0,23-Feb-2023,10:37:45,-23.2691,151.7254,99,1686,4596,618,108,,,84,213,53,,,,,,,,,,,,,,,,,,,,,,,,,,,,,
7495,209948,3,NN,A,585,23-Feb-2023,11:21:08,-23.2904,151.7318,,401677675,-135,7,0,23-Feb-2023,11:20:12,-23.2904,151.7318,113,1443,5001,416,68,,,104,138,0,,,,,,,,,,,,,,,,,,,,,,,,,,,,,
7495,209948,3,NN,A,585,23-Feb-2023,11:21:08,-23.2904,151.7318,,401677675,-135,7,0,23-Feb-2023,11:21:07,-23.2904,151.7318,113,1443,5001,416,68,,,67,64,5,,,,,,,,,,,,,,,,,,,,,,,,,,,,,
7495,209948,3,NN,A,585,23-Feb-2023,11:21:08,-23.2904,151.7318,,401677675,-135,7,0,23-Feb-2023,11:22:05,-23.2904,151.7318,113,1443,5001,416,68,,,84,229,53,,,,,,,,,,,,,,,,,,,,,,,,,,,,,
7495,209948,3,MB,B,586,23-Feb-2023,11:22:05,-23.2978,151.7153,,401677665,-133,6,0,23-Feb-2023,11:22:05,-23.2978,151.7153,,1865,6627,524,68,,,84,229,53,,,,,,,,,,,,,,,,,,,,,,,,,,,,,
7495,209948,3,NK,B,587,23-Feb-2023,19:58:40,-23.3111,151.6717,,401677645,-135,8,0,23-Feb-2023,19:58:41,-23.3111,151.6717,,3665,6382,2104,108,,,67,189,5,,,,,,,,,,,,,,,,,,,,,,,,,,,,,
7495,209948,3,SR,A,588,23-Feb-2023,20:19:01,-23.3172,151.7746,,401677665,-127,8,0,23-Feb-2023,20:17:19,-23.3172,151.7746,203,231,996,53,61,,,15,1,16,,,,,,,,,,,,,,,,,,,,,,,,,,,,,
7495,209948,3,SR,A,588,23-Feb-2023,20:19:01,-23.3172,151.7746,,401677665,-127,8,0,23-Feb-2023,20:19:04,-23.3172,151.7746,203,231,996,53,61,,,27,143,28,,,,,,,,,,,,,,,,,,,,,,,,,,,,,
7495,209948,3,SR,A,588,23-Feb-2023,20:19:01,-23.3172,151.7746,,401677665,-127,8,0,23-Feb-2023,20:20:42,-23.3172,151.7746,203,231,996,53,61,,,67,64,5,,,,,,,,,,,,,,,,,,,,,,,,,,,,,
7495,209948,3,SR,1,589,24-Feb-2023,07:24:05,-23.3027,151.6885,,401677663,-131,48,0,24-Feb-2023,07:22:04,-23.3027,151.6885,303,945,6172,144,103,,,104,138,0,,,,,,,,,,,,,,,,,,,,,,,,,,,,,
7495,209948,23,SR,1,589,24-Feb-2023,07:24:05,-23.3027,151.6885,,401677663,-131,48,0,24-Feb-2023,07:22:43,-23.3027,151.6885,303,945,6172,144,103,,,76,48,165,253,40,150,250,144,76,29,240,25,86,109,19,20,1,100,26,208,1,239,241,,,,,,,,,
7495,209948,3,SR,1,589,24-Feb-2023,07:24:05,-23.3027,151.6885,,401677663,-131,48,0,24-Feb-2023,07:23:58,-23.3027,151.6885,303,945,6172,144,103,,,95,140,54,,,,,,,,,,,,,,,,,,,,,,,,,,,,,
7495,209948,3,SR,1,589,24-Feb-2023,07:24:05,-23.3027,151.6885,,401677663,-131,48,0,24-Feb-2023,07:24:31,-23.3027,151.6885,303,945,6172,144,103,,,103,137,0,,,,,,,,,,,,,,,,,,,,,,,,,,,,,
7495,209948,3,SR,1,589,24-Feb-2023,07:24:05,-23.3027,151.6885,,401677663,-131,48,1,24-Feb-2023,07:25:14,-23.3027,151.6885,303,945,6172,144,103,,,27,143,28,,,,,,,,,,,,,,,,,,,,,,,,,,,,,
7495,209948,3,SR,1,589,24-Feb-2023,07:24:05,-23.3027,151.6885,,401677663,-131,48,0,24-Feb-2023,07:27:07,-23.3027,151.6885,303,945,6172,144,103,,,67,63,5,,,,,,,,,,,,,,,,,,,,,,,,,,,,,
7495,209948,3,NK,B,590,24-Feb-2023,10:06:23,-23.3128,151.6758,,401677677,-137,8,0,24-Feb-2023,10:06:23,-23.3128,151.6758,,9572,10725,8541,99,,,15,1,16,,,,,,,,,,,,,,,,,,,,,,,,,,,,,
7495,209948,3,MC,B,591,24-Feb-2023,11:54:27,-23.2663,151.6438,,401677683,-124,8,0,24-Feb-2023,11:54:28,-23.2663,151.6438,,9720,22785,4146,76,,,31,18,142,,,,,,,,,,,,,,,,,,,,,,,,,,,,,
7495,209948,3,A1,B,592,25-Feb-2023,07:42:30,-23.2300,151.7424,,401677683,-128,,0,25-Feb-2023,07:42:23,-23.2300,151.7424,16,1258,11485,137,123,,,104,138,0,,,,,,,,,,,,,,,,,,,,,,,,,,,,,
7495,209948,3,A1,B,592,25-Feb-2023,07:42:30,-23.2300,151.7424,,401677683,-128,,0,25-Feb-2023,07:42:39,-23.2300,151.7424,16,1258,11485,137,123,,,15,1,16,,,,,,,,,,,,,,,,,,,,,,,,,,,,,
7495,209948,3,SR,B,593,25-Feb-2023,08:33:31,-23.2332,151.7476,,401677664,-135,8,0,25-Feb-2023,08:33:31,-23.2332,151.7476,,1457,2821,752,127,,,94,150,55,,,,,,,,,,,,,,,,,,,,,,,,,,,,,
7495,209948,3,MC,1,594,25-Feb-2023,11:33:56,-23.2507,151.7565,,401677666,-120,58,0,25-Feb-2023,11:32:18,-23.2507,151.7565,356,538,2370,122,71,,,83,208,55,,,,,,,,,,,,,,,,,,,,,,,,,,,,,
7495,209948,3,MC,1,594,25-Feb-2023,11:33:56,-23.2507,151.7565,,401677666,-120,58,0,25-Feb-2023,11:32:54,-23.2507,151.7565,356,538,2370,122,71,,,47,1,144,,,,,,,,,,,,,,,,,,,,,,,,,,,,,
7495,209948,3,MC,1,594,25-Feb-2023,11:33:56,-23.2507,151.7565,,401677666,-120,58,0,25-Feb-2023,11:34:10,-23.2507,151.7565,356,538,2370,122,71,,,98,136,0,,,,,,,,,,,,,,,,,,,,,,,,,,,,,
7495,209948,3,MC,1,594,25-Feb-2023,11:33:56,-23.2507,151.7565,,401677666,-120,58,0,25-Feb-2023,11:34:25,-23.2507,151.7565,356,538,2370,122,71,,,15,1,16,,,,,,,,,,,,,,,,,,,,,,,,,,,,,
7495,209948,3,MC,1,594,25-Feb-2023,11:33:56,-23.2507,151.7565,,401677666,-120,58,0,25-Feb-2023,11:34:40,-23.2507,151.7565,356,538,2370,122,71,,,27,143,28,,,,,,,,,,,,,,,,,,,,,,,,,,,,,
7495,209948,3,MC,1,594,25-Feb-2023,11:33:56,-23.2507,151.7565,,401677666,-120,58,0,25-Feb-2023,11:35:14,-23.2507,151.7565,356,538,2370,122,71,,,81,218,55,,,,,,,,,,,,,,,,,,,,,,,,,,,,,
7495,209948,3,MC,1,594,25-Feb-2023,11:33:56,-23.2507,151.7565,,401677666,-120,58,0,25-Feb-2023,11:35:47,-23.2507,151.7565,356,538,2370,122,71,,,15,1,28,,,,,,,,,,,,,,,,,,,,,,,,,,,,,
7495,209948,3,MC,1,594,25-Feb-2023,11:33:56,-23.2507,151.7565,,401677666,-120,58,0,25-Feb-2023,11:36:18,-23.2507,151.7565,356,538,2370,122,71,,,64,32,71,,,,,,,,,,,,,,,,,,,,,,,,,,,,,
7495,209948,3,MC,1,594,25-Feb-2023,11:33:56,-23.2507,151.7565,,401677666,-120,58,0,25-Feb-2023,11:36:35,-23.2507,151.7565,356,538,2370,122,71,,,80,223,55,,,,,,,,,,,,,,,,,,,,,,,,,,,,,
7495,209948,3,MC,1,594,25-Feb-2023,11:33:56,-23.2507,151.7565,,401677666,-120,58,0,25-Feb-2023,11:38:14,-23.2507,151.7565,356,538,2370,122,71,,,87,228,53,,,,,,,,,,,,,,,,,,,,,,,,,,,,,
7495,209948,3,NP,B,595,25-Feb-2023,11:37:55,-23.2537,151.7538,,401677665,-138,6,0,25-Feb-2023,11:37:56,-23.2537,151.7538,,1512,2125,1075,80,,,76,28,5,,,,,,,,,,,,,,,,,,,,,,,,,,,,,
7495,209948,3,NK,B,596,25-Feb-2023,20:44:38,-23.2282,151.7553,,401677661,-135,8,0,25-Feb-2023,20:43:41,-23.2282,151.7553,116,9266,251869,340,93,,,15,1,16,,,,,,,,,,,,,,,,,,,,,,,,,,,,,
7495,209948,3,NK,B,596,25-Feb-2023,20:44:38,-23.2282,151.7553,,401677661,-135,8,0,25-Feb-2023,20:45:37,-23.2282,151.7553,116,9266,251869,340,93,,,95,71,56,,,,,,,,,,,,,,,,,,,,,,,,,,,,,
7495,209948,3,A1,1,597,26-Feb-2023,07:24:02,-23.2184,151.7706,,401677661,-132,58,0,26-Feb-2023,07:22:57,-23.2184,151.7706,185,842,6632,107,96,,,81,97,56,,,,,,,,,,,,,,,,,,,,,,,,,,,,,
7495,209948,3,A1,1,597,26-Feb-2023,07:24:02,-23.2184,151.7706,,401677661,-132,58,0,26-Feb-2023,07:23:29,-23.2184,151.7706,185,842,6632,107,96,,,104,138,0,,,,,,,,,,,,,,,,,,,,,,,,,,,,,
7495,209948,3,A1,1,597,26-Feb-2023,07:24:02,-23.2184,151.7706,,401677661,-132,58,0,26-Feb-2023,07:23:44,-23.2184,151.7706,185,842,6632,107,96,,,15,1,16,,,,,,,,,,,,,,,,,,,,,,,,,,,,,
7495,209948,23,A1,1,597,26-Feb-2023,07:24:02,-23.2184,151.7706,,401677661,-132,58,0,26-Feb-2023,07:24:01,-23.2184,151.7706,185,842,6632,107,96,,,71,112,165,253,40,150,250,144,77,30,6,18,216,112,201,22,1,89,24,212,65,127,192,,,,,,,,,
7495,209948,3,A1,1,597,26-Feb-2023,07:24:02,-23.2184,151.7706,,401677661,-132,58,0,26-Feb-2023,07:26:02,-23.2184,151.7706,185,842,6632,107,96,,,27,143,28,,,,,,,,,,,,,,,,,,,,,,,,,,,,,
7495,209948,3,NK, ,598,27-Feb-2023,08:44:18,,,,401650000,-133,,0,27-Feb-2023,08:44:18,,,,,,,,,,15,1,16,,,,,,,,,,,,,,,,,,,,,,,,,,,,,
7495,209948,3,NP, ,599,01-Mar-2023,10:53:00,,,,401650000,-135,,0,01-Mar-2023,10:53:00,,,,,,,,,,27,143,28,,,,,,,,,,,,,,,,,,,,,,,,,,,,,
7495,209948,3,A1, ,600,01-Mar-2023,19:45:28,,,,401650000,-137,,0,01-Mar-2023,19:45:28,,,,,,,,,,27,143,28,,,,,,,,,,,,,,,,,,,,,,,,,,,,,
7495,209948,3,NN, ,601,02-Mar-2023,13:16:21,,,,401650000,-129,,0,02-Mar-2023,13:16:21,,,,,,,,,,81,192,57,,,,,,,,,,,,,,,,,,,,,,,,,,,,,
7495,209948,3,A1,A,602,02-Mar-2023,19:28:12,-23.2273,151.7822,,401677660,-125,,0,02-Mar-2023,19:25:00,-23.2273,151.7822,305,921,10466,81,131,,,15,1,16,,,,,,,,,,,,,,,,,,,,,,,,,,,,,
7495,209948,3,A1,A,602,02-Mar-2023,19:28:12,-23.2273,151.7822,,401677660,-125,,0,02-Mar-2023,19:29:32,-23.2273,151.7822,305,921,10466,81,131,,,27,143,28,,,,,,,,,,,,,,,,,,,,,,,,,,,,,
7495,209948,3,A1,A,602,02-Mar-2023,19:28:12,-23.2273,151.7822,,401677660,-125,,0,02-Mar-2023,19:30:05,-23.2273,151.7822,305,921,10466,81,131,,,73,66,5,,,,,,,,,,,,,,,,,,,,,,,,,,,,,
7495,209948,3,SR,1,603,02-Mar-2023,20:00:57,-23.2338,151.7852,,401677662,-129,58,0,02-Mar-2023,20:00:09,-23.2338,151.7852,128,1112,10052,123,76,,,27,143,28,,,,,,,,,,,,,,,,,,,,,,,,,,,,,
7495,209948,3,SR,1,603,02-Mar-2023,20:00:57,-23.2338,151.7852,,401677662,-129,58,0,02-Mar-2023,20:00:25,-23.2338,151.7852,128,1112,10052,123,76,,,73,66,5,,,,,,,,,,,,,,,,,,,,,,,,,,,,,
7495,209948,3,SR,1,603,02-Mar-2023,20:00:57,-23.2338,151.7852,,401677662,-129,58,0,02-Mar-2023,20:00:59,-23.2338,151.7852,128,1112,10052,123,76,,,83,218,57,,,,,,,,,,,,,,,,,,,,,,,,,,,,,
7495,209948,23,SR,1,603,02-Mar-2023,20:00:57,-23.2338,151.7852,,401677662,-129,58,0,02-Mar-2023,20:02:17,-23.2338,151.7852,128,1112,10052,123,76,,,65,48,137,241,10,82,140,128,199,253,218,46,94,231,86,168,160,44,141,246,162,154,81,,,,,,,,,
7495,209948,3,A1,B,604,02-Mar-2023,21:02:08,-23.2408,151.7858,,401677652,-137,8,0,02-Mar-2023,21:02:09,-23.2408,151.7858,,1611,2268,1143,84,,,27,143,28,,,,,,,,,,,,,,,,,,,,,,,,,,,,,
7495,209948,3,SR,B,605,03-Mar-2023,07:02:59,-23.2722,151.7943,,401677644,-126,8,0,03-Mar-2023,07:03:00,-23.2722,151.7943,,3510,5194,2371,74,,,27,143,28,,,,,,,,,,,,,,,,,,,,,,,,,,,,,
7495,209948,3,NK,2,606,03-Mar-2023,08:41:29,-23.1589,151.8268,,401677659,-127,58,0,03-Mar-2023,08:39:23,-23.1589,151.8268,417,335,803,139,37,,,15,1,16,,,,,,,,,,,,,,,,,,,,,,,,,,,,,
7495,209948,3,NK,2,606,03-Mar-2023,08:41:29,-23.1589,151.8268,,401677659,-127,58,0,03-Mar-2023,08:39:41,-23.1589,151.8268,417,335,803,139,37,,,27,143,28,,,,,,,,,,,,,,,,,,,,,,,,,,,,,
7495,209948,3,NK,2,606,03-Mar-2023,08:41:29,-23.1589,151.8268,,401677659,-127,58,0,03-Mar-2023,08:39:58,-23.1589,151.8268,417,335,803,139,37,,,73,66,7,,,,,,,,,,,,,,,,,,,,,,,,,,,,,
7495,209948,3,NK,2,606,03-Mar-2023,08:41:29,-23.1589,151.8268,,401677659,-127,58,0,03-Mar-2023,08:42:06,-23.1589,151.8268,417,335,803,139,37,,,100,134,0,,,,,,,,,,,,,,,,,,,,,,,,,,,,,
7495,209948,3,NK,2,606,03-Mar-2023,08:41:29,-23.1589,151.8268,,401677659,-127,58,0,03-Mar-2023,08:46:20,-23.1589,151.8268,417,335,803,139,37,,,84,78,58,,,,,,,,,,,,,,,,,,,,,,,,,,,,,
7495,209948,3,SR,B,607,03-Mar-2023,08:46:20,-23.2232,151.8129,,401677630,-129,8,0,03-Mar-2023,08:46:20,-23.2232,151.8129,,3448,4446,2673,95,,,84,78,58,,,,,,,,,,,,,,,,,,,,,,,,,,,,,
7495,209948,3,NP,B,608,03-Mar-2023,08:51:10,-23.1665,151.8311,,401677663,-138,6,0,03-Mar-2023,08:50:58,-23.1665,151.8311,24,3324,7281,1517,90,,,107,135,0,,,,,,,,,,,,,,,,,,,,,,,,,,,,,
7495,209948,3,NP,B,608,03-Mar-2023,08:51:10,-23.1665,151.8311,,401677663,-138,6,0,03-Mar-2023,08:51:22,-23.1665,151.8311,24,3324,7281,1517,90,,,11,3,112,,,,,,,,,,,,,,,,,,,,,,,,,,,,,
7495,209948,3,NK,B,609,03-Mar-2023,10:20:30,-23.1622,151.8351,,401677667,-133,8,0,03-Mar-2023,10:20:30,-23.1622,151.8351,,3720,6159,2246,90,,,100,134,8,,,,,,,,,,,,,,,,,,,,,,,,,,,,,
7495,209948,3,MB,3,610,03-Mar-2023,11:55:14,-23.1226,151.8590,,401677659,-126,58,0,03-Mar-2023,11:52:56,-23.1226,151.8590,484,200,694,57,72,,,73,66,114,,,,,,,,,,,,,,,,,,,,,,,,,,,,,
7495,209948,3,MB,3,610,03-Mar-2023,11:55:14,-23.1226,151.8590,,401677659,-126,58,0,03-Mar-2023,11:57:34,-23.1226,151.8590,484,200,694,57,72,,,27,143,28,,,,,,,,,,,,,,,,,,,,,,,,,,,,,
7495,209948,3,MB,3,610,03-Mar-2023,11:55:14,-23.1226,151.8590,,401677659,-126,58,0,03-Mar-2023,12:00:19,-23.1226,151.8590,484,200,694,57,72,,,15,9,19,,,,,,,,,,,,,,,,,,,,,,,,,,,,,
7495,209948,3,MB,3,610,03-Mar-2023,11:55:14,-23.1226,151.8590,,401677659,-126,58,0,03-Mar-2023,12:01:00,-23.1226,151.8590,484,200,694,57,72,,,73,66,5,,,,,,,,,,,,,,,,,,,,,,,,,,,,,
7495,209948,3,NN,1,611,03-Mar-2023,13:04:00,-23.1435,151.8784,,401677662,-126,58,0,03-Mar-2023,13:02:11,-23.1435,151.8784,406,551,1490,203,99,,,100,134,25,,,,,,,,,,,,,,,,,,,,,,,,,,,,,
7495,209948,3,NN,1,611,03-Mar-2023,13:04:00,-23.1435,151.8784,,401677662,-126,58,0,03-Mar-2023,13:02:59,-23.1435,151.8784,406,551,1490,203,99,,,15,1,16,,,,,,,,,,,,,,,,,,,,,,,,,,,,,
7495,209948,3,NN,1,611,03-Mar-2023,13:04:00,-23.1435,151.8784,,401677662,-126,58,0,03-Mar-2023,13:04:36,-23.1435,151.8784,406,551,1490,203,99,,,27,135,23,,,,,,,,,,,,,,,,,,,,,,,,,,,,,
7495,209948,3,NN,1,611,03-Mar-2023,13:04:00,-23.1435,151.8784,,401677662,-126,58,0,03-Mar-2023,13:06:16,-23.1435,151.8784,406,551,1490,203,99,,,107,133,0,,,,,,,,,,,,,,,,,,,,,,,,,,,,,
7495,209948,3,NN,1,611,03-Mar-2023,13:04:00,-23.1435,151.8784,,401677662,-126,58,0,03-Mar-2023,13:08:39,-23.1435,151.8784,406,551,1490,203,99,,,70,65,5,,,,,,,,,,,,,,,,,,,,,,,,,,,,,
7495,209948,3,NN,1,611,03-Mar-2023,13:04:00,-23.1435,151.8784,,401677662,-126,58,0,03-Mar-2023,13:08:57,-23.1435,151.8784,406,551,1490,203,99,,,90,198,58,,,,,,,,,,,,,,,,,,,,,,,,,,,,,
7495,209948,3,A1,B,612,04-Mar-2023,07:15:39,-23.1653,152.0270,,401677680,-134,,0,04-Mar-2023,07:15:39,-23.1653,152.0270,,21074,21862,20313,126,,,73,66,5,,,,,,,,,,,,,,,,,,,,,,,,,,,,,
7495,209948,3,SR,2,613,04-Mar-2023,08:14:14,-23.2682,151.8426,,401677659,-125,50,0,04-Mar-2023,08:11:33,-23.2682,151.8426,528,363,545,240,16,,,67,71,243,,,,,,,,,,,,,,,,,,,,,,,,,,,,,
7495,209948,3,SR,2,613,04-Mar-2023,08:14:14,-23.2682,151.8426,,401677659,-125,50,0,04-Mar-2023,08:14:40,-23.2682,151.8426,528,363,545,240,16,,,86,36,59,,,,,,,,,,,,,,,,,,,,,,,,,,,,,
7495,209948,3,SR,2,613,04-Mar-2023,08:14:14,-23.2682,151.8426,,401677659,-125,50,1,04-Mar-2023,08:15:43,-23.2682,151.8426,528,363,545,240,16,,,15,1,16,,,,,,,,,,,,,,,,,,,,,,,,,,,,,
7495,209948,3,SR,2,613,04-Mar-2023,08:14:14,-23.2682,151.8426,,401677659,-125,50,0,04-Mar-2023,08:16:40,-23.2682,151.8426,528,363,545,240,16,,,71,68,5,,,,,,,,,,,,,,,,,,,,,,,,,,,,,
7495,209948,3,SR,2,613,04-Mar-2023,08:14:14,-23.2682,151.8426,,401677659,-125,50,0,04-Mar-2023,08:17:03,-23.2682,151.8426,528,363,545,240,16,,,95,41,59,,,,,,,,,,,,,,,,,,,,,,,,,,,,,
7495,209948,3,SR,2,613,04-Mar-2023,08:14:14,-23.2682,151.8426,,401677659,-125,50,2,04-Mar-2023,08:17:20,-23.2682,151.8426,528,363,545,240,16,,,100,134,0,,,,,,,,,,,,,,,,,,,,,,,,,,,,,
7495,209948,3,SR,2,613,04-Mar-2023,08:14:14,-23.2682,151.8426,,401677659,-125,50,0,04-Mar-2023,08:17:44,-23.2682,151.8426,528,363,545,240,16,,,15,17,46,,,,,,,,,,,,,,,,,,,,,,,,,,,,,
7495,209948,3,SR,2,613,04-Mar-2023,08:14:14,-23.2682,151.8426,,401677659,-125,50,0,04-Mar-2023,08:18:39,-23.2682,151.8426,528,363,545,240,16,,,84,46,59,,,,,,,,,,,,,,,,,,,,,,,,,,,,,
7495,209948,3,SR,2,613,04-Mar-2023,08:14:14,-23.2682,151.8426,,401677659,-125,50,0,04-Mar-2023,08:20:21,-23.2682,151.8426,528,363,545,240,16,,,76,67,5,,,,,,,,,,,,,,,,,,,,,,,,,,,,,
7495,209948,3,NK,1,614,04-Mar-2023,08:17:33,-23.2742,151.8201,,401677666,-129,56,0,04-Mar-2023,08:14:40,-23.2742,151.8201,392,607,1104,334,24,,,86,36,59,,,,,,,,,,,,,,,,,,,,,,,,,,,,,
7495,209948,3,NK,1,614,04-Mar-2023,08:17:33,-23.2742,151.8201,,401677666,-129,56,0,04-Mar-2023,08:16:40,-23.2742,151.8201,392,607,1104,334,24,,,71,68,54,,,,,,,,,,,,,,,,,,,,,,,,,,,,,
7495,209948,3,NK,1,614,04-Mar-2023,08:17:33,-23.2742,151.8201,,401677666,-129,56,0,04-Mar-2023,08:17:03,-23.2742,151.8201,392,607,1104,334,24,,,95,41,59,,,,,,,,,,,,,,,,,,,,,,,,,,,,,
7495,209948,3,NK,1,614,04-Mar-2023,08:17:33,-23.2742,151.8201,,401677666,-129,56,1,04-Mar-2023,08:17:20,-23.2742,151.8201,392,607,1104,334,24,,,100,134,0,,,,,,,,,,,,,,,,,,,,,,,,,,,,,
7495,209948,3,NK,1,614,04-Mar-2023,08:17:33,-23.2742,151.8201,,401677666,-129,56,0,04-Mar-2023,08:17:44,-23.2742,151.8201,392,607,1104,334,24,,,172,205,191,,,,,,,,,,,,,,,,,,,,,,,,,,,,,
7495,209948,3,NK,1,614,04-Mar-2023,08:17:33,-23.2742,151.8201,,401677666,-129,56,1,04-Mar-2023,08:19:27,-23.2742,151.8201,392,607,1104,334,24,,,15,1,16,,,,,,,,,,,,,,,,,,,,,,,,,,,,,
7495,209948,3,NK,1,614,04-Mar-2023,08:17:33,-23.2742,151.8201,,401677666,-129,56,0,04-Mar-2023,08:20:21,-23.2742,151.8201,392,607,1104,334,24,,,76,67,5,,,,,,,,,,,,,,,,,,,,,,,,,,,,,
7495,209948,3,NK,1,614,04-Mar-2023,08:17:33,-23.2742,151.8201,,401677666,-129,56,0,04-Mar-2023,08:21:12,-23.2742,151.8201,392,607,1104,334,24,,,93,51,59,,,,,,,,,,,,,,,,,,,,,,,,,,,,,
7495,209948,23,NP,B,615,04-Mar-2023,10:18:09,-23.3246,151.7577,,401677674,-127,8,0,04-Mar-2023,10:18:09,-23.3246,151.7577,,7060,11610,4292,74,,,67,112,165,253,40,150,250,191,72,248,98,19,211,63,3,184,9,73,207,128,81,175,228,,,,,,,,,
7495,209948,3,MC,A,616,04-Mar-2023,10:51:57,-23.3223,151.7540,,401677659,-122,8,0,04-Mar-2023,10:50:58,-23.3223,151.7540,139,2698,21744,334,77,,,27,143,28,,,,,,,,,,,,,,,,,,,,,,,,,,,,,
7495,209948,3,MC,A,616,04-Mar-2023,10:51:57,-23.3223,151.7540,,401677659,-122,8,0,04-Mar-2023,10:51:38,-23.3223,151.7540,139,2698,21744,334,77,,,70,65,5,,,,,,,,,,,,,,,,,,,,,,,,,,,,,
7495,209948,3,MC,A,616,04-Mar-2023,10:51:57,-23.3223,151.7540,,401677659,-122,8,0,04-Mar-2023,10:53:17,-23.3223,151.7540,139,2698,21744,334,77,,,89,88,59,,,,,,,,,,,,,,,,,,,,,,,,,,,,,
7495,209948,3,NK,B,617,05-Mar-2023,09:38:31,-23.8012,151.1080,Lat > 4 deviations from mean,401677671,-131,,0,05-Mar-2023,09:38:31,-23.8012,151.1080,,14166,16423,12219,81,,,67,64,5,,,,,,,,,,,,,,,,,,,,,,,,,,,,,
7495,209948,3,NP,B,618,05-Mar-2023,10:05:06,-23.2692,151.7680,,401677664,-127,,0,05-Mar-2023,10:05:07,-23.2692,151.7680,,11436,46358,2821,86,,,96,130,0,,,,,,,,,,,,,,,,,,,,,,,,,,,,,
7495,209948,3,MC,0,619,05-Mar-2023,10:24:20,-23.2699,151.7001,,401677656,-127,46,0,05-Mar-2023,10:23:44,-23.2699,151.7001,551,1659,3056,900,168,,,27,143,28,,,,,,,,,,,,,,,,,,,,,,,,,,,,,
7495,209948,3,MC,0,619,05-Mar-2023,10:24:20,-23.2699,151.7001,,401677656,-127,46,0,05-Mar-2023,10:24:57,-23.2699,151.7001,551,1659,3056,900,168,,,70,65,5,,,,,,,,,,,,,,,,,,,,,,,,,,,,,
7495,209948,3,MC,0,619,05-Mar-2023,10:24:20,-23.2699,151.7001,,401677656,-127,46,0,05-Mar-2023,10:26:11,-23.2699,151.7001,551,1659,3056,900,168,,,107,133,0,,,,,,,,,,,,,,,,,,,,,,,,,,,,,
7495,209948,3,MC,0,619,05-Mar-2023,10:24:20,-23.2699,151.7001,,401677656,-127,46,1,05-Mar-2023,10:30:17,-23.2699,151.7001,551,1659,3056,900,168,,,27,143,28,,,,,,,,,,,,,,,,,,,,,,,,,,,,,
7495,209948,3,MC,0,619,05-Mar-2023,10:24:20,-23.2699,151.7001,,401677656,-127,46,0,05-Mar-2023,10:31:25,-23.2699,151.7001,551,1659,3056,900,168,,,67,64,5,,,,,,,,,,,,,,,,,,,,,,,,,,,,,
7495,209948,3,MC,0,619,05-Mar-2023,10:24:20,-23.2699,151.7001,,401677656,-127,46,0,05-Mar-2023,10:31:41,-23.2699,151.7001,551,1659,3056,900,168,,,81,18,60,,,,,,,,,,,,,,,,,,,,,,,,,,,,,
7495,209948,3,MC,0,619,05-Mar-2023,10:24:20,-23.2699,151.7001,,401677656,-127,46,0,05-Mar-2023,10:32:55,-23.2699,151.7001,551,1659,3056,900,168,,,100,134,2,,,,,,,,,,,,,,,,,,,,,,,,,,,,,
7495,209948,3,NN,B,620,05-Mar-2023,11:02:18,-23.2637,151.7333,,401677655,-140,8,0,05-Mar-2023,11:02:19,-23.2637,151.7333,120,5409,35646,820,82,,,27,143,28,,,,,,,,,,,,,,,,,,,,,,,,,,,,,
7495,209948,3,NN,B,620,05-Mar-2023,11:02:18,-23.2637,151.7333,,401677655,-140,8,0,05-Mar-2023,11:04:19,-23.2637,151.7333,120,5409,35646,820,82,,,107,133,0,,,,,,,,,,,,,,,,,,,,,,,,,,,,,
7495,209948,3,NK,A,621,05-Mar-2023,11:13:19,-23.2742,151.6953,,401677658,-133,6,0,05-Mar-2023,11:13:03,-23.2742,151.6953,34,1259,1605,986,76,,,15,1,16,,,,,,,,,,,,,,,,,,,,,,,,,,,,,
7495,209948,3,NK,A,621,05-Mar-2023,11:13:19,-23.2742,151.6953,,401677658,-133,6,0,05-Mar-2023,11:13:18,-23.2742,151.6953,34,1259,1605,986,76,,,27,143,28,,,,,,,,,,,,,,,,,,,,,,,,,,,,,
7495,209948,3,NK,A,621,05-Mar-2023,11:13:19,-23.2742,151.6953,,401677658,-133,6,0,05-Mar-2023,11:13:37,-23.2742,151.6953,34,1259,1605,986,76,,,70,65,5,,,,,,,,,,,,,,,,,,,,,,,,,,,,,
7495,209948,3,MB,B,622,05-Mar-2023,11:21:33,-23.2735,151.7346,,401677670,-133,6,0,05-Mar-2023,11:18:40,-23.2735,151.7346,174,15744,259967,953,59,,,73,2,5,,,,,,,,,,,,,,,,,,,,,,,,,,,,,
7495,209948,3,MB,B,622,05-Mar-2023,11:21:33,-23.2735,151.7346,,401677670,-133,6,0,05-Mar-2023,11:21:34,-23.2735,151.7346,174,15744,259967,953,59,,,15,1,16,,,,,,,,,,,,,,,,,,,,,,,,,,,,,
7495,209948,3,NP,A,623,05-Mar-2023,11:40:51,-23.2593,151.7552,,401677674,-127,6,0,05-Mar-2023,11:40:51,-23.2593,151.7552,185,1604,14189,181,75,,,27,143,28,,,,,,,,,,,,,,,,,,,,,,,,,,,,,
7495,209948,3,NP,A,623,05-Mar-2023,11:40:51,-23.2593,151.7552,,401677674,-127,6,0,05-Mar-2023,11:43:39,-23.2593,151.7552,185,1604,14189,181,75,,,81,77,60,,,,,,,,,,,,,,,,,,,,,,,,,,,,,
7495,209948,3,NP,A,623,05-Mar-2023,11:40:51,-23.2593,151.7552,,401677674,-127,6,0,05-Mar-2023,11:43:56,-23.2593,151.7552,185,1604,14189,181,75,,,100,134,98,,,,,,,,,,,,,,,,,,,,,,,,,,,,,
7495,209948,3,MC,3,624,05-Mar-2023,12:05:26,-23.2885,151.6783,,401677662,-120,56,0,05-Mar-2023,12:01:32,-23.2885,151.6783,635,178,406,78,121,,,80,88,60,,,,,,,,,,,,,,,,,,,,,,,,,,,,,
7495,209948,3,MC,3,624,05-Mar-2023,12:05:26,-23.2885,151.6783,,401677662,-120,56,0,05-Mar-2023,12:04:34,-23.2885,151.6783,635,178,406,78,121,,,27,143,28,,,,,,,,,,,,,,,,,,,,,,,,,,,,,
7495,209948,3,MC,3,624,05-Mar-2023,12:05:26,-23.2885,151.6783,,401677662,-120,56,0,05-Mar-2023,12:10:13,-23.2885,151.6783,635,178,406,78,121,,,100,134,0,,,,,,,,,,,,,,,,,,,,,,,,,,,,,
7495,209948,3,MC,3,624,05-Mar-2023,12:05:26,-23.2885,151.6783,,401677662,-120,56,0,05-Mar-2023,12:11:20,-23.2885,151.6783,635,178,406,78,121,,,67,64,5,,,,,,,,,,,,,,,,,,,,,,,,,,,,,
7495,209948,3,MC,3,624,05-Mar-2023,12:05:26,-23.2885,151.6783,,401677662,-120,56,1,05-Mar-2023,12:12:07,-23.2885,151.6783,635,178,406,78,121,,,100,134,0,,,,,,,,,,,,,,,,,,,,,,,,,,,,,
7495,209948,3,NN,A,625,05-Mar-2023,12:38:59,-23.3092,151.6810,,401677662,-127,8,0,05-Mar-2023,12:38:20,-23.3092,151.6810,518,916,1772,473,129,,,67,64,5,,,,,,,,,,,,,,,,,,,,,,,,,,,,,
7495,209948,3,NN,A,625,05-Mar-2023,12:38:59,-23.3092,151.6810,,401677662,-127,8,0,05-Mar-2023,12:39:38,-23.3092,151.6810,518,916,1772,473,129,,,107,133,0,,,,,,,,,,,,,,,,,,,,,,,,,,,,,
7495,209948,3,NN,A,625,05-Mar-2023,12:38:59,-23.3092,151.6810,,401677662,-127,8,0,05-Mar-2023,12:46:58,-23.3092,151.6810,518,916,1772,473,129,,,87,130,60,,,,,,,,,,,,,,,,,,,,,,,,,,,,,
7495,209948,3,A1,B,626,06-Mar-2023,06:37:45,-23.3157,151.6765,,401677663,-136,,0,06-Mar-2023,06:37:46,-23.3157,151.6765,,18517,42452,8077,128,,,93,223,60,,,,,,,,,,,,,,,,,,,,,,,,,,,,,
7495,209948,3,NP,B,627,06-Mar-2023,09:58:04,-23.3594,151.5811,,401677654,-129,8,0,06-Mar-2023,09:57:45,-23.3594,151.5811,38,7645,25758,2269,57,,,71,68,5,,,,,,,,,,,,,,,,,,,,,,,,,,,,,
7495,209948,3,NP,B,627,06-Mar-2023,09:58:04,-23.3594,151.5811,,401677654,-129,8,0,06-Mar-2023,09:58:23,-23.3594,151.5811,38,7645,25758,2269,57,,,110,132,0,,,,,,,,,,,,,,,,,,,,,,,,,,,,,
7495,209948,3,MC,B,628,06-Mar-2023,10:09:10,-23.2938,151.6742,,401677663,-129,6,0,06-Mar-2023,10:08:19,-23.2938,151.6742,103,894,2283,350,124,,,15,1,16,,,,,,,,,,,,,,,,,,,,,,,,,,,,,
7495,209948,3,MC,B,628,06-Mar-2023,10:09:10,-23.2938,151.6742,,401677663,-129,6,0,06-Mar-2023,10:10:02,-23.2938,151.6742,103,894,2283,350,124,,,71,68,3,,,,,,,,,,,,,,,,,,,,,,,,,,,,,
7495,209948,3,MC,1,629,06-Mar-2023,11:47:11,-23.2950,151.7016,,401677663,-121,58,0,06-Mar-2023,11:47:12,-23.2950,151.7016,288,1213,19023,77,70,,,27,142,28,,,,,,,,,,,,,,,,,,,,,,,,,,,,,
7495,209948,3,MC,1,629,06-Mar-2023,11:47:11,-23.2950,151.7016,,401677663,-121,58,0,06-Mar-2023,11:50:13,-23.2950,151.7016,288,1213,19023,77,70,,,94,14,61,,,,,,,,,,,,,,,,,,,,,,,,,,,,,
7495,209948,3,MC,1,629,06-Mar-2023,11:47:11,-23.2950,151.7016,,401677663,-121,58,0,06-Mar-2023,11:51:28,-23.2950,151.7016,288,1213,19023,77,70,,,15,1,16,,,,,,,,,,,,,,,,,,,,,,,,,,,,,
7495,209948,3,MC,1,629,06-Mar-2023,11:47:11,-23.2950,151.7016,,401677663,-121,58,0,06-Mar-2023,11:52:00,-23.2950,151.7016,288,1213,19023,77,70,,,67,64,5,,,,,,,,,,,,,,,,,,,,,,,,,,,,,
7495,209948,3,NN,1,630,06-Mar-2023,12:27:10,-23.2862,151.6862,,401677659,-128,58,0,06-Mar-2023,12:26:00,-23.2862,151.6862,471,1229,6500,232,73,,,107,133,0,,,,,,,,,,,,,,,,,,,,,,,,,,,,,
7495,209948,3,NN,1,630,06-Mar-2023,12:27:10,-23.2862,151.6862,,401677659,-128,58,0,06-Mar-2023,12:26:39,-23.2862,151.6862,471,1229,6500,232,73,,,90,211,56,,,,,,,,,,,,,,,,,,,,,,,,,,,,,
7495,209948,3,NN,1,630,06-Mar-2023,12:27:10,-23.2862,151.6862,,401677659,-128,58,0,06-Mar-2023,12:26:58,-23.2862,151.6862,471,1229,6500,232,73,,,73,61,5,,,,,,,,,,,,,,,,,,,,,,,,,,,,,
7495,209948,3,NN,1,630,06-Mar-2023,12:27:10,-23.2862,151.6862,,401677659,-128,58,0,06-Mar-2023,12:27:50,-23.2862,151.6862,471,1229,6500,232,73,,,80,40,61,,,,,,,,,,,,,,,,,,,,,,,,,,,,,
7495,209948,3,NN,1,630,06-Mar-2023,12:27:10,-23.2862,151.6862,,401677659,-128,58,1,06-Mar-2023,12:29:21,-23.2862,151.6862,471,1229,6500,232,73,,,15,1,16,,,,,,,,,,,,,,,,,,,,,,,,,,,,,
7495,209948,3,NN,1,630,06-Mar-2023,12:27:10,-23.2862,151.6862,,401677659,-128,58,0,06-Mar-2023,12:33:34,-23.2862,151.6862,471,1229,6500,232,73,,,27,143,28,,,,,,,,,,,,,,,,,,,,,,,,,,,,,
7495,209948,3,NN,1,630,06-Mar-2023,12:27:10,-23.2862,151.6862,,401677659,-128,58,1,06-Mar-2023,12:33:51,-23.2862,151.6862,471,1229,6500,232,73,,,73,61,5,,,,,,,,,,,,,,,,,,,,,,,,,,,,,
7495,209948,3,SR,2,631,06-Mar-2023,19:38:15,-23.2947,151.6770,,401677659,-120,58,0,06-Mar-2023,19:29:24,-23.2947,151.6770,542,258,520,128,61,,,107,133,0,,,,,,,,,,,,,,,,,,,,,,,,,,,,,
7495,209948,3,SR,2,631,06-Mar-2023,19:38:15,-23.2947,151.6770,,401677659,-120,58,0,06-Mar-2023,19:34:20,-23.2947,151.6770,542,258,520,128,61,,,27,143,30,,,,,,,,,,,,,,,,,,,,,,,,,,,,,
7495,209948,3,SR,2,631,06-Mar-2023,19:38:15,-23.2947,151.6770,,401677659,-120,58,0,06-Mar-2023,19:35:32,-23.2947,151.6770,542,258,520,128,61,,,94,176,61,,,,,,,,,,,,,,,,,,,,,,,,,,,,,
7495,209948,3,SR,2,631,06-Mar-2023,19:38:15,-23.2947,151.6770,,401677659,-120,58,0,06-Mar-2023,19:36:33,-23.2947,151.6770,542,258,520,128,61,,,101,131,0,,,,,,,,,,,,,,,,,,,,,,,,,,,,,
7495,209948,3,SR,2,631,06-Mar-2023,19:38:15,-23.2947,151.6770,,401677659,-120,58,1,06-Mar-2023,19:37:17,-23.2947,151.6770,542,258,520,128,61,,,15,1,16,,,,,,,,,,,,,,,,,,,,,,,,,,,,,
7495,209948,3,SR,2,631,06-Mar-2023,19:38:15,-23.2947,151.6770,,401677659,-120,58,1,06-Mar-2023,19:38:04,-23.2947,151.6770,542,258,520,128,61,,,67,64,5,,,,,,,,,,,,,,,,,,,,,,,,,,,,,
7495,209948,3,SR,2,631,06-Mar-2023,19:38:15,-23.2947,151.6770,,401677659,-120,58,0,06-Mar-2023,19:38:26,-23.2947,151.6770,542,258,520,128,61,,,26,148,120,,,,,,,,,,,,,,,,,,,,,,,,,,,,,
7495,209948,3,A1,3,632,06-Mar-2023,19:49:50,-23.2962,151.6800,,401677660,-123,56,0,06-Mar-2023,19:47:37,-23.2962,151.6800,356,164,946,28,83,,,15,1,16,,,,,,,,,,,,,,,,,,,,,,,,,,,,,
7495,209948,3,A1,3,632,06-Mar-2023,19:49:50,-23.2962,151.6800,,401677660,-123,56,0,06-Mar-2023,19:48:30,-23.2962,151.6800,356,164,946,28,83,,,67,64,5,,,,,,,,,,,,,,,,,,,,,,,,,,,,,
7495,209948,3,A1,3,632,06-Mar-2023,19:49:50,-23.2962,151.6800,,401677660,-123,56,0,06-Mar-2023,19:49:02,-23.2962,151.6800,356,164,946,28,83,,,92,186,61,,,,,,,,,,,,,,,,,,,,,,,,,,,,,
7495,209948,3,A1,3,632,06-Mar-2023,19:49:50,-23.2962,151.6800,,401677660,-123,56,0,06-Mar-2023,19:50:27,-23.2962,151.6800,356,164,946,28,83,,,107,133,0,,,,,,,,,,,,,,,,,,,,,,,,,,,,,
7495,209948,3,A1,3,632,06-Mar-2023,19:49:50,-23.2962,151.6800,,401677660,-123,56,1,06-Mar-2023,19:51:44,-23.2962,151.6800,356,164,946,28,83,,,27,143,28,,,,,,,,,,,,,,,,,,,,,,,,,,,,,
7495,209948,3,A1,3,632,06-Mar-2023,19:49:50,-23.2962,151.6800,,401677660,-123,56,0,06-Mar-2023,19:53:33,-23.2962,151.6800,356,164,946,28,83,,,93,191,61,,,,,,,,,,,,,,,,,,,,,,,,,,,,,
7495,209948,3,NK,0,633,06-Mar-2023,20:23:26,-23.2999,151.6669,,401677655,-133,58,0,06-Mar-2023,20:22:01,-23.2999,151.6669,163,2555,8758,745,130,,,26,89,87,,,,,,,,,,,,,,,,,,,,,,,,,,,,,
7495,209948,3,NK,0,633,06-Mar-2023,20:23:26,-23.2999,151.6669,,401677655,-133,58,0,06-Mar-2023,20:22:44,-23.2999,151.6669,163,2555,8758,745,130,,,70,62,5,,,,,,,,,,,,,,,,,,,,,,,,,,,,,
7495,209948,3,NK,0,633,06-Mar-2023,20:23:26,-23.2999,151.6669,,401677655,-133,58,0,06-Mar-2023,20:23:43,-23.2999,151.6669,163,2555,8758,745,130,,,94,207,61,,,,,,,,,,,,,,,,,,,,,,,,,,,,,
7495,209948,3,NK,0,633,06-Mar-2023,20:23:26,-23.2999,151.6669,,401677655,-133,58,0,06-Mar-2023,20:24:01,-23.2999,151.6669,163,2555,8758,745,130,,,100,134,0,,,,,,,,,,,,,,,,,,,,,,,,,,,,,
7495,209948,3,NK,0,633,06-Mar-2023,20:23:26,-23.2999,151.6669,,401677655,-133,58,0,06-Mar-2023,20:24:44,-23.2999,151.6669,163,2555,8758,745,130,,,15,1,16,,,,,,,,,,,,,,,,,,,,,,,,,,,,,
7495,209948,23,MC,0,634,07-Mar-2023,11:31:07,-23.2496,151.8663,,401677665,-120,40,0,07-Mar-2023,11:29:20,-23.2496,151.8663,210,15021,270261,834,62,,,94,208,165,253,40,150,250,144,67,174,99,146,212,123,184,0,236,62,180,148,86,1,128,,,,,,,,,
7495,209948,3,MC,0,634,07-Mar-2023,11:31:07,-23.2496,151.8663,,401677665,-120,40,0,07-Mar-2023,11:30:14,-23.2496,151.8663,210,15021,270261,834,62,,,13,9,54,,,,,,,,,,,,,,,,,,,,,,,,,,,,,
7495,209948,3,MC,0,634,07-Mar-2023,11:31:07,-23.2496,151.8663,,401677665,-120,40,0,07-Mar-2023,11:32:04,-23.2496,151.8663,210,15021,270261,834,62,,,93,224,61,,,,,,,,,,,,,,,,,,,,,,,,,,,,,
7495,209948,3,MC,0,634,07-Mar-2023,11:31:07,-23.2496,151.8663,,401677665,-120,40,0,07-Mar-2023,11:32:50,-23.2496,151.8663,210,15021,270261,834,62,,,108,255,119,,,,,,,,,,,,,,,,,,,,,,,,,,,,,
7495,209948,3,NN,B,635,07-Mar-2023,12:15:22,-23.2572,151.8533,,401677645,-128,8,0,07-Mar-2023,12:15:22,-23.2572,151.8533,,10985,31567,3822,63,,,27,143,28,,,,,,,,,,,,,,,,,,,,,,,,,,,,,
7495,209948,3,SR,1,636,07-Mar-2023,19:00:50,-23.2331,151.7337,,401677656,-129,58,0,07-Mar-2023,18:58:04,-23.2331,151.7337,273,508,1478,174,55,,,27,143,28,,,,,,,,,,,,,,,,,,,,,,,,,,,,,
7495,209948,3,SR,1,636,07-Mar-2023,19:00:50,-23.2331,151.7337,,401677656,-129,58,0,07-Mar-2023,18:59:54,-23.2331,151.7337,273,508,1478,174,55,,,107,135,3,,,,,,,,,,,,,,,,,,,,,,,,,,,,,
7495,209948,3,SR,1,636,07-Mar-2023,19:00:50,-23.2331,151.7337,,401677656,-129,58,0,07-Mar-2023,19:00:29,-23.2331,151.7337,273,508,1478,174,55,,,15,4,141,,,,,,,,,,,,,,,,,,,,,,,,,,,,,
7495,209948,3,SR,1,636,07-Mar-2023,19:00:50,-23.2331,151.7337,,401677656,-129,58,0,07-Mar-2023,19:00:56,-23.2331,151.7337,273,508,1478,174,55,,,27,143,140,,,,,,,,,,,,,,,,,,,,,,,,,,,,,
7495,209948,3,SR,1,636,07-Mar-2023,19:00:50,-23.2331,151.7337,,401677656,-129,58,0,07-Mar-2023,19:01:12,-23.2331,151.7337,273,508,1478,174,55,,,73,74,106,,,,,,,,,,,,,,,,,,,,,,,,,,,,,
7495,209948,3,SR,1,636,07-Mar-2023,19:00:50,-23.2331,151.7337,,401677656,-129,58,0,07-Mar-2023,19:01:29,-23.2331,151.7337,273,508,1478,174,55,,,82,51,62,,,,,,,,,,,,,,,,,,,,,,,,,,,,,
7495,209948,3,SR,1,636,07-Mar-2023,19:00:50,-23.2331,151.7337,,401677656,-129,58,0,07-Mar-2023,19:02:01,-23.2331,151.7337,273,508,1478,174,55,,,107,133,0,,,,,,,,,,,,,,,,,,,,,,,,,,,,,
7495,209948,3,SR,1,636,07-Mar-2023,19:00:50,-23.2331,151.7337,,401677656,-129,58,0,07-Mar-2023,19:02:37,-23.2331,151.7337,273,508,1478,174,55,,,15,1,16,,,,,,,,,,,,,,,,,,,,,,,,,,,,,
7495,209948,3,A1,2,637,07-Mar-2023,19:30:22,-23.2351,151.7104,,401677659,-125,46,0,07-Mar-2023,19:26:46,-23.2351,151.7104,516,353,767,162,90,,,87,93,62,,,,,,,,,,,,,,,,,,,,,,,,,,,,,
7495,209948,3,A1,2,637,07-Mar-2023,19:30:22,-23.2351,151.7104,,401677659,-125,46,0,07-Mar-2023,19:28:42,-23.2351,151.7104,516,353,767,162,90,,,25,217,107,,,,,,,,,,,,,,,,,,,,,,,,,,,,,
7495,209948,3,A1,2,637,07-Mar-2023,19:30:22,-23.2351,151.7104,,401677659,-125,46,0,07-Mar-2023,19:29:33,-23.2351,151.7104,516,353,767,162,90,,,67,64,5,,,,,,,,,,,,,,,,,,,,,,,,,,,,,
7495,209948,3,A1,2,637,07-Mar-2023,19:30:22,-23.2351,151.7104,,401677659,-125,46,0,07-Mar-2023,19:30:04,-23.2351,151.7104,516,353,767,162,90,,,84,107,183,,,,,,,,,,,,,,,,,,,,,,,,,,,,,
7495,209948,3,A1,2,637,07-Mar-2023,19:30:22,-23.2351,151.7104,,401677659,-125,46,1,07-Mar-2023,19:30:26,-23.2351,151.7104,516,353,767,162,90,,,100,134,0,,,,,,,,,,,,,,,,,,,,,,,,,,,,,
7495,209948,3,A1,2,637,07-Mar-2023,19:30:22,-23.2351,151.7104,,401677659,-125,46,0,07-Mar-2023,19:33:37,-23.2351,151.7104,516,353,767,162,90,,,85,108,158,,,,,,,,,,,,,,,,,,,,,,,,,,,,,
7495,209948,3,A1,2,637,07-Mar-2023,19:30:22,-23.2351,151.7104,,401677659,-125,46,1,07-Mar-2023,19:35:22,-23.2351,151.7104,516,353,767,162,90,,,15,1,16,,,,,,,,,,,,,,,,,,,,,,,,,,,,,
7495,209948,3,NK,2,638,07-Mar-2023,19:54:03,-23.2415,151.7052,,401677660,-128,56,0,07-Mar-2023,19:49:35,-23.2415,151.7052,480,382,804,181,35,,,82,124,62,,,,,,,,,,,,,,,,,,,,,,,,,,,,,
7495,209948,3,NK,2,638,07-Mar-2023,19:54:03,-23.2415,151.7052,,401677660,-128,56,0,07-Mar-2023,19:50:22,-23.2415,151.7052,480,382,804,181,35,,,107,133,0,,,,,,,,,,,,,,,,,,,,,,,,,,,,,
7495,209948,3,NK,2,638,07-Mar-2023,19:54:03,-23.2415,151.7052,,401677660,-128,56,0,07-Mar-2023,19:52:25,-23.2415,151.7052,480,382,804,181,35,,,94,129,62,,,,,,,,,,,,,,,,,,,,,,,,,,,,,
7495,209948,3,NK,2,638,07-Mar-2023,19:54:03,-23.2415,151.7052,,401677660,-128,56,0,07-Mar-2023,19:55:19,-23.2415,151.7052,480,382,804,181,35,,,85,134,62,,,,,,,,,,,,,,,,,,,,,,,,,,,,,
7495,209948,3,NK,2,638,07-Mar-2023,19:54:03,-23.2415,151.7052,,401677660,-128,56,0,07-Mar-2023,19:56:05,-23.2415,151.7052,480,382,804,181,35,,,100,134,0,,,,,,,,,,,,,,,,,,,,,,,,,,,,,
7495,209948,3,NK,2,638,07-Mar-2023,19:54:03,-23.2415,151.7052,,401677660,-128,56,0,07-Mar-2023,19:56:43,-23.2415,151.7052,480,382,804,181,35,,,15,1,16,,,,,,,,,,,,,,,,,,,,,,,,,,,,,
7495,209948,3,NK,2,638,07-Mar-2023,19:54:03,-23.2415,151.7052,,401677660,-128,56,1,07-Mar-2023,19:57:14,-23.2415,151.7052,480,382,804,181,35,,,27,143,28,,,,,,,,,,,,,,,,,,,,,,,,,,,,,
7495,209948,3,NK,2,638,07-Mar-2023,19:54:03,-23.2415,151.7052,,401677660,-128,56,0,07-Mar-2023,19:57:35,-23.2415,151.7052,480,382,804,181,35,,,70,65,5,,,,,,,,,,,,,,,,,,,,,,,,,,,,,
7495,209948,3,SR,3,639,07-Mar-2023,20:42:30,-23.2631,151.7028,,401677659,-127,58,0,07-Mar-2023,20:39:54,-23.2631,151.7028,337,206,398,106,30,,,27,143,28,,,,,,,,,,,,,,,,,,,,,,,,,,,,,
7495,209948,3,SR,3,639,07-Mar-2023,20:42:30,-23.2631,151.7028,,401677659,-127,58,0,07-Mar-2023,20:40:54,-23.2631,151.7028,337,206,398,106,30,,,107,133,0,,,,,,,,,,,,,,,,,,,,,,,,,,,,,
7495,209948,3,SR,3,639,07-Mar-2023,20:42:30,-23.2631,151.7028,,401677659,-127,58,0,07-Mar-2023,20:41:40,-23.2631,151.7028,337,206,398,106,30,,,15,1,16,,,,,,,,,,,,,,,,,,,,,,,,,,,,,
7495,209948,3,SR,3,639,07-Mar-2023,20:42:30,-23.2631,151.7028,,401677659,-127,58,0,07-Mar-2023,20:44:06,-23.2631,151.7028,337,206,398,106,30,,,25,209,56,,,,,,,,,,,,,,,,,,,,,,,,,,,,,
7495,209948,3,SR,3,639,07-Mar-2023,20:42:30,-23.2631,151.7028,,401677659,-127,58,1,07-Mar-2023,20:44:33,-23.2631,151.7028,337,206,398,106,30,,,73,66,5,,,,,,,,,,,,,,,,,,,,,,,,,,,,,
7495,209948,3,SR,3,639,07-Mar-2023,20:42:30,-23.2631,151.7028,,401677659,-127,58,1,07-Mar-2023,20:45:31,-23.2631,151.7028,337,206,398,106,30,,,100,134,0,,,,,,,,,,,,,,,,,,,,,,,,,,,,,
7495,209948,3,A1,B,640,08-Mar-2023,07:36:58,-23.3574,151.5743,,401677655,-129,8,0,08-Mar-2023,07:36:59,-23.3574,151.5743,,6681,7530,5927,80,,,15,1,16,,,,,,,,,,,,,,,,,,,,,,,,,,,,,
7495,209948,3,NK,B,641,08-Mar-2023,08:19:17,-23.3172,151.6001,,401677664,-133,8,0,08-Mar-2023,08:19:17,-23.3172,151.6001,,11137,47153,2630,62,,,97,135,0,,,,,,,,,,,,,,,,,,,,,,,,,,,,,
7495,209948,3,MB,A,642,08-Mar-2023,11:54:40,-23.2456,151.7885,,401677655,-128,8,0,08-Mar-2023,11:54:41,-23.2456,151.7885,135,6704,322590,139,72,,,15,1,23,,,,,,,,,,,,,,,,,,,,,,,,,,,,,
7495,209948,3,MB,A,642,08-Mar-2023,11:54:40,-23.2456,151.7885,,401677655,-128,8,0,08-Mar-2023,11:56:41,-23.2456,151.7885,135,6704,322590,139,72,,,67,63,5,,,,,,,,,,,,,,,,,,,,,,,,,,,,,
7495,209948,3,MB,A,642,08-Mar-2023,11:54:40,-23.2456,151.7885,,401677655,-128,8,0,08-Mar-2023,11:56:56,-23.2456,151.7885,135,6704,322590,139,72,,,119,28,23,,,,,,,,,,,,,,,,,,,,,,,,,,,,,
7495,209948,3,NN,2,643,08-Mar-2023,12:02:25,-23.2500,151.7785,,401677656,-133,56,0,08-Mar-2023,12:01:28,-23.2500,151.7785,712,329,736,147,38,,,15,1,16,,,,,,,,,,,,,,,,,,,,,,,,,,,,,
7495,209948,3,NN,2,643,08-Mar-2023,12:02:25,-23.2500,151.7785,,401677656,-133,56,0,08-Mar-2023,12:03:22,-23.2500,151.7785,712,329,736,147,38,,,27,143,28,,,,,,,,,,,,,,,,,,,,,,,,,,,,,
7495,209948,23,NN,2,643,08-Mar-2023,12:02:25,-23.2500,151.7785,,401677656,-133,56,0,08-Mar-2023,12:09:00,-23.2500,151.7785,712,329,736,147,38,,,95,176,165,253,40,150,250,144,68,49,30,83,84,126,67,12,1,161,26,211,225,127,192,,,,,,,,,
7495,209948,3,NN,2,643,08-Mar-2023,12:02:25,-23.2500,151.7785,,401677656,-133,56,0,08-Mar-2023,12:09:29,-23.2500,151.7785,712,329,736,147,38,,,67,64,5,,,,,,,,,,,,,,,,,,,,,,,,,,,,,
7495,209948,3,NN,2,643,08-Mar-2023,12:02:25,-23.2500,151.7785,,401677656,-133,56,0,08-Mar-2023,12:13:20,-23.2500,151.7785,712,329,736,147,38,,,81,35,63,,,,,,,,,,,,,,,,,,,,,,,,,,,,,
7495,209948,3,SR,B,644,08-Mar-2023,18:32:59,-23.2186,151.8536,,401677644,-135,8,0,08-Mar-2023,18:33:00,-23.2186,151.8536,,4838,6544,3576,72,,,97,135,0,,,,,,,,,,,,,,,,,,,,,,,,,,,,,
7495,209948,3,SR,B,645,08-Mar-2023,20:15:33,-23.2218,151.8569,,401677650,-134,8,0,08-Mar-2023,20:15:33,-23.2218,151.8569,,4656,6336,3420,67,,,73,66,5,,,,,,,,,,,,,,,,,,,,,,,,,,,,,
7495,209948,3,NP,B,646,08-Mar-2023,20:48:35,-23.2502,151.7331,,401677672,-133,6,0,08-Mar-2023,20:43:10,-23.2502,151.7331,326,1497,19773,113,11,,,27,143,28,,,,,,,,,,,,,,,,,,,,,,,,,,,,,
7495,209948,3,NP,B,646,08-Mar-2023,20:48:35,-23.2502,151.7331,,401677672,-133,6,0,08-Mar-2023,20:48:36,-23.2502,151.7331,326,1497,19773,113,11,,,97,135,0,,,,,,,,,,,,,,,,,,,,,,,,,,,,,
7495,209948,3,A1,B,647,08-Mar-2023,20:43:10,-23.2181,151.8199,,401677676,-140,6,0,08-Mar-2023,20:43:10,-23.2181,151.8199,,4086,5735,2911,44,,,27,143,28,,,,,,,,,,,,,,,,,,,,,,,,,,,,,
7495,209948,3,NK,1,648,08-Mar-2023,21:08:56,-23.2815,151.7265,,401677659,-124,56,0,08-Mar-2023,21:10:14,-23.2815,151.7265,78,967,5604,167,103,,,77,70,5,,,,,,,,,,,,,,,,,,,,,,,,,,,,,
7495,209948,3,NK,1,648,08-Mar-2023,21:08:56,-23.2815,151.7265,,401677659,-124,56,0,08-Mar-2023,21:10:33,-23.2815,151.7265,78,967,5604,167,103,,,86,71,63,,,,,,,,,,,,,,,,,,,,,,,,,,,,,
7495,209948,3,NK,1,648,08-Mar-2023,21:08:56,-23.2815,151.7265,,401677659,-124,56,1,08-Mar-2023,21:11:16,-23.2815,151.7265,78,967,5604,167,103,,,15,1,16,,,,,,,,,,,,,,,,,,,,,,,,,,,,,
7495,209948,3,NK,1,648,08-Mar-2023,21:08:56,-23.2815,151.7265,,401677659,-124,56,1,08-Mar-2023,21:11:32,-23.2815,151.7265,78,967,5604,167,103,,,27,143,28,,,,,,,,,,,,,,,,,,,,,,,,,,,,,
7495,209948,3,NP,B,649,08-Mar-2023,22:28:55,-23.2503,151.7325,,401677669,-130,8,0,08-Mar-2023,22:28:55,-23.2503,151.7325,,1975,3328,1172,15,,,88,81,63,,,,,,,,,,,,,,,,,,,,,,,,,,,,,
7495,209948,3,SR,B,650,09-Mar-2023,07:15:35,-23.1842,151.8381,,401677667,-123,8,0,09-Mar-2023,07:15:35,-23.1842,151.8381,,5721,7272,4500,64,,,27,143,28,,,,,,,,,,,,,,,,,,,,,,,,,,,,,
7495,209948,3,A1,B,651,09-Mar-2023,07:15:35,-23.2100,151.8351,,401677669,-123,8,0,09-Mar-2023,07:15:35,-23.2100,151.8351,,4253,15955,1133,92,,,27,143,28,,,,,,,,,,,,,,,,,,,,,,,,,,,,,
7495,209948,3,NK,B,652,09-Mar-2023,09:30:32,-23.2265,151.9079,,401677649,-127,8,0,09-Mar-2023,09:29:45,-23.2265,151.9079,96,2776,172390,44,76,,,177,1,207,,,,,,,,,,,,,,,,,,,,,,,,,,,,,
7495,209948,31,NK,B,652,09-Mar-2023,09:30:32,-23.2265,151.9079,,401677649,-127,8,0,09-Mar-2023,09:31:21,-23.2265,151.9079,96,2776,172390,44,76,,,32,205,0,0,0,0,0,0,0,0,1,255,1,0,0,249,204,224,0,0,0,0,0,0,0,10,255,0,0,0,60,
7495,209948,3,MC,A,653,09-Mar-2023,10:50:54,-23.2855,151.7124,,401677644,-122,8,0,09-Mar-2023,10:48:03,-23.2855,151.7124,172,14313,211595,968,70,,,27,143,28,,,,,,,,,,,,,,,,,,,,,,,,,,,,,
7495,209948,3,MC,A,653,09-Mar-2023,10:50:54,-23.2855,151.7124,,401677644,-122,8,0,09-Mar-2023,10:48:26,-23.2855,151.7124,172,14313,211595,968,70,,,78,73,5,,,,,,,,,,,,,,,,,,,,,,,,,,,,,
7495,209948,3,MC,A,653,09-Mar-2023,10:50:54,-23.2855,151.7124,,401677644,-122,8,0,09-Mar-2023,10:50:55,-23.2855,151.7124,172,14313,211595,968,70,,,100,134,0,,,,,,,,,,,,,,,,,,,,,,,,,,,,,
7495,209948,3,NP,1,654,09-Mar-2023,10:52:20,-23.3053,151.7911,,401677661,-132,56,0,09-Mar-2023,10:51:11,-23.3053,151.7911,772,1431,3583,571,176,,,15,1,16,,,,,,,,,,,,,,,,,,,,,,,,,,,,,
7495,209948,3,NP,1,654,09-Mar-2023,10:52:20,-23.3053,151.7911,,401677661,-132,56,0,09-Mar-2023,10:52:03,-23.3053,151.7911,772,1431,3583,571,176,,,27,143,28,,,,,,,,,,,,,,,,,,,,,,,,,,,,,
7495,209948,3,NP,1,654,09-Mar-2023,10:52:20,-23.3053,151.7911,,401677661,-132,56,0,09-Mar-2023,10:53:47,-23.3053,151.7911,772,1431,3583,571,176,,,65,74,5,,,,,,,,,,,,,,,,,,,,,,,,,,,,,
7495,209948,23,NP,1,654,09-Mar-2023,10:52:20,-23.3053,151.7911,,401677661,-132,56,0,09-Mar-2023,11:04:03,-23.3053,151.7911,772,1431,3583,571,176,,,95,208,165,253,40,150,250,144,68,172,210,89,143,53,219,3,98,79,154,156,21,127,192,,,,,,,,,
7495,209948,3,NK,B,655,09-Mar-2023,11:09:02,-23.2669,151.7919,,401677651,-135,6,0,09-Mar-2023,11:09:03,-23.2669,151.7919,,5064,5651,4536,69,,,27,134,61,,,,,,,,,,,,,,,,,,,,,,,,,,,,,
7495,209948,3,A1,B,656,09-Mar-2023,18:56:12,-23.3074,151.8310,,401677641,-136,8,0,09-Mar-2023,18:56:13,-23.3074,151.8310,,16777,30225,9312,72,,,100,134,0,,,,,,,,,,,,,,,,,,,,,,,,,,,,,
7495,209948,3,SR,B,657,09-Mar-2023,19:33:51,-23.3233,151.8273,,401677655,-137,6,0,09-Mar-2023,19:33:28,-23.3233,151.8273,48,1793,3241,991,94,,,15,1,20,,,,,,,,,,,,,,,,,,,,,,,,,,,,,
7495,209948,3,SR,B,657,09-Mar-2023,19:33:51,-23.3233,151.8273,,401677655,-137,6,0,09-Mar-2023,19:34:16,-23.3233,151.8273,48,1793,3241,991,94,,,77,70,5,,,,,,,,,,,,,,,,,,,,,,,,,,,,,
7495,209948,3,SR,0,658,10-Mar-2023,06:43:21,-23.2425,151.7916,,401677651,-131,58,0,10-Mar-2023,06:41:39,-23.2425,151.7916,210,1612,15384,169,97,,,27,143,28,,,,,,,,,,,,,,,,,,,,,,,,,,,,,
7495,209948,3,SR,0,658,10-Mar-2023,06:43:21,-23.2425,151.7916,,401677651,-131,58,0,10-Mar-2023,06:42:45,-23.2425,151.7916,210,1612,15384,169,97,,,78,73,5,,,,,,,,,,,,,,,,,,,,,,,,,,,,,
7495,209948,3,SR,0,658,10-Mar-2023,06:43:21,-23.2425,151.7916,,401677651,-131,58,0,10-Mar-2023,06:43:00,-23.2425,151.7916,210,1612,15384,169,97,,,86,82,64,,,,,,,,,,,,,,,,,,,,,,,,,,,,,
7495,209948,3,SR,0,658,10-Mar-2023,06:43:21,-23.2425,151.7916,,401677651,-131,58,0,10-Mar-2023,06:44:13,-23.2425,151.7916,210,1612,15384,169,97,,,107,133,0,,,,,,,,,,,,,,,,,,,,,,,,,,,,,
7495,209948,3,SR,0,658,10-Mar-2023,06:43:21,-23.2425,151.7916,,401677651,-131,58,0,10-Mar-2023,06:45:09,-23.2425,151.7916,210,1612,15384,169,97,,,15,1,16,,,,,,,,,,,,,,,,,,,,,,,,,,,,,
7495,209948,3,MB,B,659,10-Mar-2023,11:16:08,-23.2548,151.7803,,401677669,-131,8,0,10-Mar-2023,11:16:09,-23.2548,151.7803,,4133,4798,3559,68,,,82,118,64,,,,,,,,,,,,,,,,,,,,,,,,,,,,,
7495,209948,3,MC,B,660,10-Mar-2023,12:03:12,-23.2467,151.7780,,401677674,-117,8,0,10-Mar-2023,12:01:48,-23.2467,151.7780,169,2468,88800,68,87,,,100,134,0,,,,,,,,,,,,,,,,,,,,,,,,,,,,,
7495,209948,3,MC,B,660,10-Mar-2023,12:03:12,-23.2467,151.7780,,401677674,-117,8,0,10-Mar-2023,12:04:37,-23.2467,151.7780,169,2468,88800,68,87,,,87,134,64,,,,,,,,,,,,,,,,,,,,,,,,,,,,,
7495,209948,3,NN,B,661,10-Mar-2023,13:25:04,-23.2592,151.7559,,401677652,-129,8,0,10-Mar-2023,13:25:04,-23.2592,151.7559,,1884,4408,804,94,,,90,175,64,,,,,,,,,,,,,,,,,,,,,,,,,,,,,
7495,209948,3,A1,0,662,11-Mar-2023,08:13:55,-23.2419,151.7690,,401677653,-131,50,0,11-Mar-2023,08:12:42,-23.2419,151.7690,148,1976,12767,305,12,,,15,1,16,,,,,,,,,,,,,,,,,,,,,,,,,,,,,
7495,209948,31,A1,0,662,11-Mar-2023,08:13:55,-23.2419,151.7690,,401677653,-131,50,0,11-Mar-2023,08:12:57,-23.2419,151.7690,148,1976,12767,305,12,,,32,205,64,0,0,0,0,0,0,0,0,255,0,0,0,11,205,32,0,0,0,0,0,0,0,9,226,125,253,241,30,
7495,209948,3,A1,0,662,11-Mar-2023,08:13:55,-23.2419,151.7690,,401677653,-131,50,0,11-Mar-2023,08:14:52,-23.2419,151.7690,148,1976,12767,305,12,,,83,92,65,,,,,,,,,,,,,,,,,,,,,,,,,,,,,
7495,209948,3,A1,0,662,11-Mar-2023,08:13:55,-23.2419,151.7690,,401677653,-131,50,0,11-Mar-2023,08:15:10,-23.2419,151.7690,148,1976,12767,305,12,,,97,135,0,,,,,,,,,,,,,,,,,,,,,,,,,,,,,
7495,209948,3,MC,0,663,11-Mar-2023,10:02:16,-23.2573,151.7811,,401677667,-126,58,0,11-Mar-2023,10:01:53,-23.2573,151.7811,76,1640,4852,554,34,,,65,74,5,,,,,,,,,,,,,,,,,,,,,,,,,,,,,
7495,209948,3,MC,0,663,11-Mar-2023,10:02:16,-23.2573,151.7811,,401677667,-126,58,0,11-Mar-2023,10:02:15,-23.2573,151.7811,76,1640,4852,554,34,,,83,108,65,,,,,,,,,,,,,,,,,,,,,,,,,,,,,
7495,209948,3,MC,0,663,11-Mar-2023,10:02:16,-23.2573,151.7811,,401677667,-126,58,0,11-Mar-2023,10:02:39,-23.2573,151.7811,76,1640,4852,554,34,,,100,134,0,,,,,,,,,,,,,,,,,,,,,,,,,,,,,
7495,209948,3,MC,0,663,11-Mar-2023,10:02:16,-23.2573,151.7811,,401677667,-126,58,1,11-Mar-2023,10:03:09,-23.2573,151.7811,76,1640,4852,554,34,,,27,143,28,,,,,,,,,,,,,,,,,,,,,,,,,,,,,
7495,209948,3,SR,B,664,11-Mar-2023,18:34:53,-23.3461,151.8118,,401677664,-131,8,0,11-Mar-2023,18:33:35,-23.3461,151.8118,157,2415,25713,226,50,,,83,124,65,,,,,,,,,,,,,,,,,,,,,,,,,,,,,
7495,209948,3,SR,B,664,11-Mar-2023,18:34:53,-23.3461,151.8118,,401677664,-131,8,0,11-Mar-2023,18:36:12,-23.3461,151.8118,157,2415,25713,226,50,,,97,135,0,,,,,,,,,,,,,,,,,,,,,,,,,,,,,
7495,209948,3,NN,B,665,12-Mar-2023,00:28:59,-23.3528,151.8370,,401677649,-133,8,0,12-Mar-2023,00:29:00,-23.3528,151.8370,,2708,5970,1228,84,,,98,136,0,,,,,,,,,,,,,,,,,,,,,,,,,,,,,
7495,209948,3,NP,A,666,12-Mar-2023,12:01:29,-23.3458,151.8404,,401677687,-135,8,0,12-Mar-2023,12:00:59,-23.3458,151.8404,64,2918,10430,816,134,,,97,135,0,,,,,,,,,,,,,,,,,,,,,,,,,,,,,
7495,209948,3,NP,A,666,12-Mar-2023,12:01:29,-23.3458,151.8404,,401677687,-135,8,0,12-Mar-2023,12:01:27,-23.3458,151.8404,64,2918,10430,816,134,,,15,1,16,,,,,,,,,,,,,,,,,,,,,,,,,,,,,
7495,209948,3,NP,A,666,12-Mar-2023,12:01:29,-23.3458,151.8404,,401677687,-135,8,0,12-Mar-2023,12:02:03,-23.3458,151.8404,64,2918,10430,816,134,,,74,77,5,,,,,,,,,,,,,,,,,,,,,,,,,,,,,
7495,209948,3,NN,0,667,13-Mar-2023,22:25:03,-23.1625,152.0636,,401677673,-135,50,0,13-Mar-2023,22:23:42,-23.1625,152.0636,133,8339,62811,1107,63,,,95,206,65,,,,,,,,,,,,,,,,,,,,,,,,,,,,,
7495,209948,3,NN,0,667,13-Mar-2023,22:25:03,-23.1625,152.0636,,401677673,-135,50,0,13-Mar-2023,22:25:11,-23.1625,152.0636,133,8339,62811,1107,63,,,97,135,0,,,,,,,,,,,,,,,,,,,,,,,,,,,,,
7495,209948,3,NN,0,667,13-Mar-2023,22:25:03,-23.1625,152.0636,,401677673,-135,50,0,13-Mar-2023,22:25:28,-23.1625,152.0636,133,8339,62811,1107,63,,,15,1,16,,,,,,,,,,,,,,,,,,,,,,,,,,,,,
7495,209948,3,NN,0,667,13-Mar-2023,22:25:03,-23.1625,152.0636,,401677673,-135,50,0,13-Mar-2023,22:25:55,-23.1625,152.0636,133,8339,62811,1107,63,,,27,143,28,,,,,,,,,,,,,,,,,,,,,,,,,,,,,
7495,209948,3,MC,B,668,13-Mar-2023,23:54:28,-23.1680,152.0642,,401677676,-124,8,0,13-Mar-2023,23:54:28,-23.1680,152.0642,,6633,16594,2650,69,,,98,136,0,,,,,,,,,,,,,,,,,,,,,,,,,,,,,
7495,209948,3,A1,B,669,14-Mar-2023,07:16:40,-23.1217,152.0466,,401677665,-137,8,0,14-Mar-2023,07:15:55,-23.1217,152.0466,92,5363,51896,554,75,,,76,67,69,,,,,,,,,,,,,,,,,,,,,,,,,,,,,
7495,209948,3,A1,B,669,14-Mar-2023,07:16:40,-23.1217,152.0466,,401677665,-137,8,0,14-Mar-2023,07:17:27,-23.1217,152.0466,92,5363,51896,554,75,,,93,18,25,,,,,,,,,,,,,,,,,,,,,,,,,,,,,
7495,209948,3,SR,2,670,14-Mar-2023,07:56:19,-23.2741,151.9092,,401677657,-128,58,0,14-Mar-2023,07:56:19,-23.2741,151.9092,590,458,657,318,177,,,78,73,5,,,,,,,,,,,,,,,,,,,,,,,,,,,,,
7495,209948,3,SR,2,670,14-Mar-2023,07:56:19,-23.2741,151.9092,,401677657,-128,58,0,14-Mar-2023,07:57:24,-23.2741,151.9092,590,458,657,318,177,,,84,25,66,,,,,,,,,,,,,,,,,,,,,,,,,,,,,
7495,209948,3,SR,2,670,14-Mar-2023,07:56:19,-23.2741,151.9092,,401677657,-128,58,0,14-Mar-2023,07:58:27,-23.2741,151.9092,590,458,657,318,177,,,98,136,0,,,,,,,,,,,,,,,,,,,,,,,,,,,,,
7495,209948,3,SR,2,670,14-Mar-2023,07:56:19,-23.2741,151.9092,,401677657,-128,58,0,14-Mar-2023,07:58:53,-23.2741,151.9092,590,458,657,318,177,,,15,4,8,,,,,,,,,,,,,,,,,,,,,,,,,,,,,
7495,209948,3,SR,2,670,14-Mar-2023,07:56:19,-23.2741,151.9092,,401677657,-128,58,0,14-Mar-2023,08:03:45,-23.2741,151.9092,590,458,657,318,177,,,68,65,21,,,,,,,,,,,,,,,,,,,,,,,,,,,,,
7495,209948,3,SR,2,670,14-Mar-2023,07:56:19,-23.2741,151.9092,,401677657,-128,58,0,14-Mar-2023,08:04:16,-23.2741,151.9092,590,458,657,318,177,,,95,30,66,,,,,,,,,,,,,,,,,,,,,,,,,,,,,
7495,209948,3,SR,2,670,14-Mar-2023,07:56:19,-23.2741,151.9092,,401677657,-128,58,0,14-Mar-2023,08:06:09,-23.2741,151.9092,590,458,657,318,177,,,27,143,28,,,,,,,,,,,,,,,,,,,,,,,,,,,,,
7495,209948,3,NK,B,671,14-Mar-2023,09:05:36,-23.3242,151.8275,,401677695,-133,6,0,14-Mar-2023,09:05:36,-23.3242,151.8275,,7343,9411,5729,72,,,103,137,0,,,,,,,,,,,,,,,,,,,,,,,,,,,,,
7495,209948,3,MC,3,672,14-Mar-2023,12:22:57,-23.2894,151.7903,,401677664,-122,58,0,14-Mar-2023,12:20:45,-23.2894,151.7903,326,202,385,105,50,,,103,137,0,,,,,,,,,,,,,,,,,,,,,,,,,,,,,
7495,209948,3,MC,3,672,14-Mar-2023,12:22:57,-23.2894,151.7903,,401677664,-122,58,0,14-Mar-2023,12:23:24,-23.2894,151.7903,326,202,385,105,50,,,27,143,28,,,,,,,,,,,,,,,,,,,,,,,,,,,,,
7495,209948,3,MC,3,672,14-Mar-2023,12:22:57,-23.2894,151.7903,,401677664,-122,58,0,14-Mar-2023,12:23:47,-23.2894,151.7903,326,202,385,105,50,,,64,95,5,,,,,,,,,,,,,,,,,,,,,,,,,,,,,
7495,209948,3,MC,3,672,14-Mar-2023,12:22:57,-23.2894,151.7903,,401677664,-122,58,0,14-Mar-2023,12:24:07,-23.2894,151.7903,326,202,385,105,50,,,86,51,66,,,,,,,,,,,,,,,,,,,,,,,,,,,,,
7495,209948,3,MC,3,672,14-Mar-2023,12:22:57,-23.2894,151.7903,,401677664,-122,58,1,14-Mar-2023,12:25:12,-23.2894,151.7903,326,202,385,105,50,,,15,1,16,,,,,,,,,,,,,,,,,,,,,,,,,,,,,
7495,209948,3,MC,3,672,14-Mar-2023,12:22:57,-23.2894,151.7903,,401677664,-122,58,0,14-Mar-2023,12:25:47,-23.2894,151.7903,326,202,385,105,50,,,69,94,5,,,,,,,,,,,,,,,,,,,,,,,,,,,,,
7495,209948,3,MC,3,672,14-Mar-2023,12:22:57,-23.2894,151.7903,,401677664,-122,58,0,14-Mar-2023,12:26:11,-23.2894,151.7903,326,202,385,105,50,,,81,56,66,,,,,,,,,,,,,,,,,,,,,,,,,,,,,
7495,209948,3,SR,B,673,14-Mar-2023,18:46:27,-23.2943,151.7940,,401677660,-135,8,0,14-Mar-2023,18:46:20,-23.2943,151.7940,15,3047,4631,2004,81,,,15,1,16,,,,,,,,,,,,,,,,,,,,,,,,,,,,,
7495,209948,3,SR,B,673,14-Mar-2023,18:46:27,-23.2943,151.7940,,401677660,-135,8,0,14-Mar-2023,18:46:35,-23.2943,151.7940,15,3047,4631,2004,81,,,27,143,28,,,,,,,,,,,,,,,,,,,,,,,,,,,,,
7495,209948,3,A1,1,674,14-Mar-2023,18:57:46,-23.3409,151.7146,,401677658,-137,56,0,14-Mar-2023,18:56:09,-23.3409,151.7146,216,556,1364,226,38,,,97,135,0,,,,,,,,,,,,,,,,,,,,,,,,,,,,,
7495,209948,3,A1,1,674,14-Mar-2023,18:57:46,-23.3409,151.7146,,401677658,-137,56,0,14-Mar-2023,18:57:13,-23.3409,151.7146,216,556,1364,226,38,,,95,207,66,,,,,,,,,,,,,,,,,,,,,,,,,,,,,
7495,209948,3,A1,1,674,14-Mar-2023,18:57:46,-23.3409,151.7146,,401677658,-137,56,0,14-Mar-2023,18:57:36,-23.3409,151.7146,216,556,1364,226,38,,,100,134,0,,,,,,,,,,,,,,,,,,,,,,,,,,,,,
7495,209948,3,A1,1,674,14-Mar-2023,18:57:46,-23.3409,151.7146,,401677658,-137,56,0,14-Mar-2023,18:58:08,-23.3409,151.7146,216,556,1364,226,38,,,15,1,16,,,,,,,,,,,,,,,,,,,,,,,,,,,,,
7495,209948,3,A1,1,674,14-Mar-2023,18:57:46,-23.3409,151.7146,,401677658,-137,56,0,14-Mar-2023,18:59:45,-23.3409,151.7146,216,556,1364,226,38,,,110,132,0,,,,,,,,,,,,,,,,,,,,,,,,,,,,,
7495,209948,3,NK,B,675,15-Mar-2023,10:21:02,-23.3449,151.7147,,401677657,-130,,0,15-Mar-2023,10:21:03,-23.3449,151.7147,,8322,16491,4199,101,,,15,1,16,,,,,,,,,,,,,,,,,,,,,,,,,,,,,
7495,209948,3,NN,0,676,15-Mar-2023,13:59:56,-23.2944,151.7558,,401677645,-130,58,0,15-Mar-2023,13:58:57,-23.2944,151.7558,141,3827,27588,531,98,,,77,86,5,,,,,,,,,,,,,,,,,,,,,,,,,,,,,
7495,209948,3,NN,0,676,15-Mar-2023,13:59:56,-23.2944,151.7558,,401677645,-130,58,0,15-Mar-2023,13:59:26,-23.2944,151.7558,141,3827,27588,531,98,,,82,56,67,,,,,,,,,,,,,,,,,,,,,,,,,,,,,
7495,209948,3,NN,0,676,15-Mar-2023,13:59:56,-23.2944,151.7558,,401677645,-130,58,0,15-Mar-2023,13:59:43,-23.2944,151.7558,141,3827,27588,531,98,,,113,151,76,,,,,,,,,,,,,,,,,,,,,,,,,,,,,
7495,209948,23,NN,0,676,15-Mar-2023,13:59:56,-23.2944,151.7558,,401677645,-130,58,0,15-Mar-2023,14:00:20,-23.2944,151.7558,141,3827,27588,531,98,,,65,80,165,253,40,150,250,130,27,128,171,44,177,12,238,28,3,14,53,170,130,255,129,,,,,,,,,
7495,209948,3,NN,0,676,15-Mar-2023,13:59:56,-23.2944,151.7558,,401677645,-130,58,0,15-Mar-2023,14:01:18,-23.2944,151.7558,141,3827,27588,531,98,,,27,143,28,,,,,,,,,,,,,,,,,,,,,,,,,,,,,
7495,209948,3,SR,B,677,15-Mar-2023,19:49:32,-23.2769,151.7636,,401677657,-127,8,0,15-Mar-2023,19:49:32,-23.2769,151.7636,,5484,10074,2985,103,,,15,1,16,,,,,,,,,,,,,,,,,,,,,,,,,,,,,
7495,209948,3,NK,B,678,15-Mar-2023,19:49:32,-23.3229,151.5888,,401677609,-137,8,0,15-Mar-2023,19:49:32,-23.3229,151.5888,,5495,10000,3019,95,,,15,1,16,,,,,,,,,,,,,,,,,,,,,,,,,,,,,
7495,209948,3,A1,B,679,15-Mar-2023,20:13:10,-23.2724,151.7919,,401677650,-134,6,0,15-Mar-2023,20:13:10,-23.2724,151.7919,,4426,4988,3926,61,,,15,1,16,,,,,,,,,,,,,,,,,,,,,,,,,,,,,
7495,209948,3,NP,A,680,15-Mar-2023,21:01:00,-23.2598,151.7426,,401677670,-130,6,0,15-Mar-2023,20:57:07,-23.2598,151.7426,257,1876,14495,242,107,,,73,82,5,,,,,,,,,,,,,,,,,,,,,,,,,,,,,
7495,209948,3,NP,A,680,15-Mar-2023,21:01:00,-23.2598,151.7426,,401677670,-130,6,0,15-Mar-2023,21:00:36,-23.2598,151.7426,257,1876,14495,242,107,,,82,103,67,,,,,,,,,,,,,,,,,,,,,,,,,,,,,
7495,209948,3,NP,A,680,15-Mar-2023,21:01:00,-23.2598,151.7426,,401677670,-130,6,0,15-Mar-2023,21:01:24,-23.2598,151.7426,257,1876,14495,242,107,,,98,136,0,,,,,,,,,,,,,,,,,,,,,,,,,,,,,
7495,209948,3,A1,3,681,17-Mar-2023,19:38:15,-23.0923,151.8745,,401677660,-127,50,0,17-Mar-2023,19:37:19,-23.0923,151.8745,212,201,343,117,75,,,75,88,5,,,,,,,,,,,,,,,,,,,,,,,,,,,,,
7495,209948,3,A1,3,681,17-Mar-2023,19:38:15,-23.0923,151.8745,,401677660,-127,50,0,17-Mar-2023,19:37:38,-23.0923,151.8745,212,201,343,117,75,,,94,197,67,,,,,,,,,,,,,,,,,,,,,,,,,,,,,
7495,209948,3,A1,3,681,17-Mar-2023,19:38:15,-23.0923,151.8745,,401677660,-127,50,1,17-Mar-2023,19:38:09,-23.0923,151.8745,212,201,343,117,75,,,15,1,16,,,,,,,,,,,,,,,,,,,,,,,,,,,,,
7495,209948,3,A1,3,681,17-Mar-2023,19:38:15,-23.0923,151.8745,,401677660,-127,50,0,17-Mar-2023,19:39:38,-23.0923,151.8745,212,201,343,117,75,,,75,120,2,,,,,,,,,,,,,,,,,,,,,,,,,,,,,
7495,209948,3,A1,3,681,17-Mar-2023,19:38:15,-23.0923,151.8745,,401677660,-127,50,0,17-Mar-2023,19:39:56,-23.0923,151.8745,212,201,343,117,75,,,93,202,67,,,,,,,,,,,,,,,,,,,,,,,,,,,,,
7495,209948,3,A1,3,681,17-Mar-2023,19:38:15,-23.0923,151.8745,,401677660,-127,50,2,17-Mar-2023,19:40:12,-23.0923,151.8745,212,201,343,117,75,,,98,136,0,,,,,,,,,,,,,,,,,,,,,,,,,,,,,
7495,209948,3,A1,3,681,17-Mar-2023,19:38:15,-23.0923,151.8745,,401677660,-127,50,2,17-Mar-2023,19:40:51,-23.0923,151.8745,212,201,343,117,75,,,27,143,28,,,,,,,,,,,,,,,,,,,,,,,,,,,,,
7495,209948,3,MB,B,682,17-Mar-2023,23:20:07,-23.0583,151.8924,,401677648,-132,8,0,17-Mar-2023,23:19:59,-23.0583,151.8924,17,3441,4967,2384,147,,,64,111,5,,,,,,,,,,,,,,,,,,,,,,,,,,,,,
7495,209948,3,MB,B,682,17-Mar-2023,23:20:07,-23.0583,151.8924,,401677648,-132,8,0,17-Mar-2023,23:20:16,-23.0583,151.8924,17,3441,4967,2384,147,,,82,11,84,,,,,,,,,,,,,,,,,,,,,,,,,,,,,
7495,209948,3,NN,B,683,17-Mar-2023,23:20:16,-23.0557,151.8903,,401677655,-137,6,0,17-Mar-2023,23:20:16,-23.0557,151.8903,,3121,4712,2066,114,,,82,73,70,,,,,,,,,,,,,,,,,,,,,,,,,,,,,
7495,209948,3,MB,B,684,18-Mar-2023,11:50:54,-22.8431,151.6746,,401677678,-131,,0,18-Mar-2023,11:50:24,-22.8431,151.6746,60,3623,28444,461,90,,,15,1,16,,,,,,,,,,,,,,,,,,,,,,,,,,,,,
7495,209948,3,MB,B,684,18-Mar-2023,11:50:54,-22.8431,151.6746,,401677678,-131,,0,18-Mar-2023,11:51:24,-22.8431,151.6746,60,3623,28444,461,90,,,27,143,28,,,,,,,,,,,,,,,,,,,,,,,,,,,,,
7495,209948,3,NN,B,685,18-Mar-2023,11:50:54,-22.8545,152.1171,,401677671,-133,,0,18-Mar-2023,11:50:24,-22.8545,152.1171,60,2662,8871,798,81,,,15,33,16,,,,,,,,,,,,,,,,,,,,,,,,,,,,,
7495,209948,3,NN,B,685,18-Mar-2023,11:50:54,-22.8545,152.1171,,401677671,-133,,0,18-Mar-2023,11:51:24,-22.8545,152.1171,60,2662,8871,798,81,,,27,138,170,,,,,,,,,,,,,,,,,,,,,,,,,,,,,
7495,209948,3,MC,B,686,18-Mar-2023,12:39:38,-22.8497,152.1033,,401677668,-122,8,0,18-Mar-2023,12:39:39,-22.8497,152.1033,,2484,4672,1320,83,,,119,216,59,,,,,,,,,,,,,,,,,,,,,,,,,,,,,
7495,209948,3,NK,B,687,18-Mar-2023,20:17:42,-22.8019,151.9761,,401677672,-133,8,0,18-Mar-2023,20:17:42,-22.8019,151.9761,,5432,6656,4432,108,,,27,143,28,,,,,,,,,,,,,,,,,,,,,,,,,,,,,
7495,209948,3,NP,1,688,18-Mar-2023,20:31:13,-22.9199,151.9500,,401677655,-137,58,0,18-Mar-2023,20:24:04,-22.9199,151.9500,429,1171,2925,468,41,,,72,87,5,,,,,,,,,,,,,,,,,,,,,,,,,,,,,
7495,209948,3,NP,1,688,18-Mar-2023,20:31:13,-22.9199,151.9500,,401677655,-137,58,0,18-Mar-2023,20:24:44,-22.9199,151.9500,429,1171,2925,468,41,,,98,136,0,,,,,,,,,,,,,,,,,,,,,,,,,,,,,
7495,209948,3,NP,1,688,18-Mar-2023,20:31:13,-22.9199,151.9500,,401677655,-137,58,1,18-Mar-2023,20:25:54,-22.9199,151.9500,429,1171,2925,468,41,,,27,143,28,,,,,,,,,,,,,,,,,,,,,,,,,,,,,
7495,209948,3,NP,1,688,18-Mar-2023,20:31:13,-22.9199,151.9500,,401677655,-137,58,0,18-Mar-2023,20:31:13,-22.9199,151.9500,429,1171,2925,468,41,,,31,1,148,,,,,,,,,,,,,,,,,,,,,,,,,,,,,
7495,209948,3,SR,B,689,18-Mar-2023,21:34:31,-22.9214,151.9274,,401677659,-132,8,0,18-Mar-2023,21:34:24,-22.9214,151.9274,16,3474,3958,3049,82,,,27,143,28,,,,,,,,,,,,,,,,,,,,,,,,,,,,,
7495,209948,3,SR,B,689,18-Mar-2023,21:34:31,-22.9214,151.9274,,401677659,-132,8,0,18-Mar-2023,21:34:40,-22.9214,151.9274,16,3474,3958,3049,82,,,201,86,5,,,,,,,,,,,,,,,,,,,,,,,,,,,,,
7495,209948,3,MC,A,690,18-Mar-2023,22:15:44,-22.9156,151.9128,,401677658,-127,8,0,18-Mar-2023,22:15:06,-22.9156,151.9128,91,4668,17545,1242,123,,,77,86,5,,,,,,,,,,,,,,,,,,,,,,,,,,,,,
7495,209948,3,MC,A,690,18-Mar-2023,22:15:44,-22.9156,151.9128,,401677658,-127,8,0,18-Mar-2023,22:15:31,-22.9156,151.9128,91,4668,17545,1242,123,,,82,171,68,,,,,,,,,,,,,,,,,,,,,,,,,,,,,
7495,209948,3,MC,A,690,18-Mar-2023,22:15:44,-22.9156,151.9128,,401677658,-127,8,0,18-Mar-2023,22:16:37,-22.9156,151.9128,91,4668,17545,1242,123,,,27,143,28,,,,,,,,,,,,,,,,,,,,,,,,,,,,,
7495,209948,3,SR,B,691,19-Mar-2023,07:06:14,-22.9031,151.7184,,401677664,-126,8,0,19-Mar-2023,07:06:15,,,,15957,32766,7770,123,,,66,85,5,,,,,,,,,,,,,,,,,,,,,,,,,,,,,
7495,209948,3,MC,B,692,19-Mar-2023,10:36:44,-23.0002,151.7128,,401677629,-125,8,0,19-Mar-2023,10:36:44,-23.0002,151.7128,,29616,194333,4513,115,,,15,1,16,,,,,,,,,,,,,,,,,,,,,,,,,,,,,
7495,209948,3,NP,B,693,19-Mar-2023,10:36:44,-23.0303,151.8059,,401677631,-126,,0,19-Mar-2023,10:36:44,-23.0303,151.8059,,14082,44244,4481,118,,,15,1,16,,,,,,,,,,,,,,,,,,,,,,,,,,,,,
7495,209948,3,A1,A,694,19-Mar-2023,19:01:01,-23.2228,151.8139,,401677669,-135,8,0,19-Mar-2023,19:00:29,-23.2228,151.8139,60,5414,47383,618,69,,,27,143,28,,,,,,,,,,,,,,,,,,,,,,,,,,,,,
7495,209948,3,A1,A,694,19-Mar-2023,19:01:01,-23.2228,151.8139,,401677669,-135,8,0,19-Mar-2023,19:01:08,-23.2228,151.8139,60,5414,47383,618,69,,,66,69,5,,,,,,,,,,,,,,,,,,,,,,,,,,,,,
7495,209948,3,A1,A,694,19-Mar-2023,19:01:01,-23.2228,151.8139,,401677669,-135,8,0,19-Mar-2023,19:01:29,-23.2228,151.8139,60,5414,47383,618,69,,,83,31,69,,,,,,,,,,,,,,,,,,,,,,,,,,,,,
7495,209948,3,NP,B,695,19-Mar-2023,20:15:36,-23.2294,151.8094,,401677663,-140,8,0,19-Mar-2023,20:15:36,-23.2294,151.8094,,5579,9974,3120,78,,,84,52,69,,,,,,,,,,,,,,,,,,,,,,,,,,,,,
7495,209948,3,NK,B,696,19-Mar-2023,21:25:57,-23.2444,151.7890,,401677669,-129,8,0,19-Mar-2023,21:25:57,-23.2444,151.7890,,4438,7069,2786,91,,,27,143,28,,,,,,,,,,,,,,,,,,,,,,,,,,,,,
7495,209948,3,SR,1,697,20-Mar-2023,06:32:26,-23.1011,151.9711,,401677654,-132,58,0,20-Mar-2023,06:30:30,-23.1011,151.9711,259,548,1061,283,160,,,67,80,5,,,,,,,,,,,,,,,,,,,,,,,,,,,,,
7495,209948,23,SR,1,697,20-Mar-2023,06:32:26,-23.1011,151.9711,,401677654,-132,58,0,20-Mar-2023,06:31:38,-23.1011,151.9711,259,548,1061,283,160,,,77,112,165,253,40,150,250,144,74,26,147,146,144,154,216,210,79,180,126,154,244,17,66,,,,,,,,,
7495,209948,3,SR,1,697,20-Mar-2023,06:32:26,-23.1011,151.9711,,401677654,-132,58,0,20-Mar-2023,06:32:23,-23.1011,151.9711,259,548,1061,283,160,,,94,73,69,,,,,,,,,,,,,,,,,,,,,,,,,,,,,
7495,209948,3,SR,1,697,20-Mar-2023,06:32:26,-23.1011,151.9711,,401677654,-132,58,0,20-Mar-2023,06:32:54,-23.1011,151.9711,259,548,1061,283,160,,,103,137,0,,,,,,,,,,,,,,,,,,,,,,,,,,,,,
7495,209948,3,SR,1,697,20-Mar-2023,06:32:26,-23.1011,151.9711,,401677654,-132,58,0,20-Mar-2023,06:34:49,-23.1011,151.9711,259,548,1061,283,160,,,15,1,16,,,,,,,,,,,,,,,,,,,,,,,,,,,,,
7495,209948,3,SR,B,698,20-Mar-2023,08:12:39,-23.0995,151.9632,,401677645,-129,8,0,20-Mar-2023,08:12:39,-23.0995,151.9632,,3082,4227,2246,98,,,27,143,28,,,,,,,,,,,,,,,,,,,,,,,,,,,,,
7495,209948,3,NK,A,699,20-Mar-2023,09:51:02,-23.0672,151.8620,,401677657,-124,8,0,20-Mar-2023,09:48:47,-23.0672,151.8620,228,457,2360,88,88,,,90,125,69,,,,,,,,,,,,,,,,,,,,,,,,,,,,,
7495,209948,3,NK,A,699,20-Mar-2023,09:51:02,-23.0672,151.8620,,401677657,-124,8,0,20-Mar-2023,09:51:46,-23.0672,151.8620,228,457,2360,88,88,,,15,1,16,,,,,,,,,,,,,,,,,,,,,,,,,,,,,
7495,209948,3,NK,A,699,20-Mar-2023,09:51:02,-23.0672,151.8620,,401677657,-124,8,0,20-Mar-2023,09:52:35,-23.0672,151.8620,228,457,2360,88,88,,,83,15,28,,,,,,,,,,,,,,,,,,,,,,,,,,,,,
7495,209948,3,NP,0,700,20-Mar-2023,10:24:11,-23.0626,151.9267,,401677654,-126,58,0,20-Mar-2023,10:23:03,-23.0626,151.9267,151,4321,117442,159,81,,,92,130,80,,,,,,,,,,,,,,,,,,,,,,,,,,,,,
7495,209948,3,NP,0,700,20-Mar-2023,10:24:11,-23.0626,151.9267,,401677654,-126,58,0,20-Mar-2023,10:23:33,-23.0626,151.9267,151,4321,117442,159,81,,,103,137,0,,,,,,,,,,,,,,,,,,,,,,,,,,,,,
7495,209948,3,NP,0,700,20-Mar-2023,10:24:11,-23.0626,151.9267,,401677654,-126,58,0,20-Mar-2023,10:23:48,-23.0626,151.9267,151,4321,117442,159,81,,,15,1,16,,,,,,,,,,,,,,,,,,,,,,,,,,,,,
7495,209948,3,NP,0,700,20-Mar-2023,10:24:11,-23.0626,151.9267,,401677654,-126,58,0,20-Mar-2023,10:25:02,-23.0626,151.9267,151,4321,117442,159,81,,,27,143,28,,,,,,,,,,,,,,,,,,,,,,,,,,,,,
7495,209948,3,NP,0,700,20-Mar-2023,10:24:11,-23.0626,151.9267,,401677654,-126,58,0,20-Mar-2023,10:25:34,-23.0626,151.9267,151,4321,117442,159,81,,,70,81,5,,,,,,,,,,,,,,,,,,,,,,,,,,,,,
7495,209948,3,NN,B,701,20-Mar-2023,11:18:35,-23.0628,151.9132,,401677640,-131,8,0,20-Mar-2023,11:18:35,-23.0628,151.9132,,4387,9771,1969,83,,,15,1,16,,,,,,,,,,,,,,,,,,,,,,,,,,,,,
7495,209948,3,A1,B,702,20-Mar-2023,20:21:30,-23.0665,151.7911,,401677619,-135,8,0,20-Mar-2023,20:21:31,-23.0665,151.7911,,7967,10467,6063,104,,,103,137,0,,,,,,,,,,,,,,,,,,,,,,,,,,,,,
7495,209948,3,NN,A,703,21-Mar-2023,00:23:16,-23.2304,151.8753,,401677652,-125,8,0,21-Mar-2023,00:21:03,-23.2304,151.8753,214,8361,262972,265,82,,,15,1,16,,,,,,,,,,,,,,,,,,,,,,,,,,,,,
7495,209948,3,NN,A,703,21-Mar-2023,00:23:16,-23.2304,151.8753,,401677652,-125,8,0,21-Mar-2023,00:24:10,-23.2304,151.8753,214,8361,262972,265,82,,,72,71,5,,,,,,,,,,,,,,,,,,,,,,,,,,,,,
7495,209948,3,NN,A,703,21-Mar-2023,00:23:16,-23.2304,151.8753,,401677652,-125,8,0,21-Mar-2023,00:24:37,-23.2304,151.8753,214,8361,262972,265,82,,,82,251,69,,,,,,,,,,,,,,,,,,,,,,,,,,,,,
7495,209948,31,A1,B,704,21-Mar-2023,06:49:15,-23.2574,151.8309,,401677660,-132,8,0,21-Mar-2023,06:48:29,-23.2574,151.8309,94,3522,86280,143,97,,,32,232,81,153,201,196,108,65,113,107,16,88,65,149,31,111,217,230,165,176,177,115,150,0,254,135,22,1,80,62,126,
7495,209948,3,A1,B,704,21-Mar-2023,06:49:15,-23.2574,151.8309,,401677660,-132,8,0,21-Mar-2023,06:50:03,-23.2574,151.8309,94,3522,86280,143,97,,,27,143,28,,,,,,,,,,,,,,,,,,,,,,,,,,,,,
7495,209948,3,NP,B,705,21-Mar-2023,21:25:50,-23.3673,151.7204,,401677647,-138,,0,21-Mar-2023,21:25:50,-23.3673,151.7204,,5767,6974,4768,68,,,97,135,0,,,,,,,,,,,,,,,,,,,,,,,,,,,,,
7495,209948,3,NP,B,706,21-Mar-2023,23:17:08,-23.3333,151.7528,,401677652,-137,8,0,21-Mar-2023,23:17:09,-23.3333,151.7528,,8200,22943,2930,41,,,15,1,16,,,,,,,,,,,,,,,,,,,,,,,,,,,,,
7495,209948,3,NN,B,707,22-Mar-2023,00:04:23,-23.2673,151.8093,,401677656,-129,8,0,22-Mar-2023,00:04:23,-23.2673,151.8093,,3525,4702,2642,133,,,98,136,0,,,,,,,,,,,,,,,,,,,,,,,,,,,,,
7495,209948,3,SR,2,708,22-Mar-2023,07:08:55,-23.2275,151.8713,,401677655,-123,58,0,22-Mar-2023,07:06:38,-23.2275,151.8713,226,320,1778,57,107,,,80,208,70,,,,,,,,,,,,,,,,,,,,,,,,,,,,,
7495,209948,3,SR,2,708,22-Mar-2023,07:08:55,-23.2275,151.8713,,401677655,-123,58,0,22-Mar-2023,07:08:59,-23.2275,151.8713,226,320,1778,57,107,,,15,1,16,,,,,,,,,,,,,,,,,,,,,,,,,,,,,
7495,209948,3,SR,2,708,22-Mar-2023,07:08:55,-23.2275,151.8713,,401677655,-123,58,0,22-Mar-2023,07:09:41,-23.2275,151.8713,226,320,1778,57,107,,,27,143,28,,,,,,,,,,,,,,,,,,,,,,,,,,,,,
7495,209948,3,SR,2,708,22-Mar-2023,07:08:55,-23.2275,151.8713,,401677655,-123,58,0,22-Mar-2023,07:10:24,-23.2275,151.8713,226,320,1778,57,107,,,76,67,5,,,,,,,,,,,,,,,,,,,,,,,,,,,,,
7495,209948,3,NP,B,709,22-Mar-2023,10:00:29,-23.2464,151.8638,,401677631,-132,8,0,22-Mar-2023,10:00:30,-23.2464,151.8638,,1869,2406,1450,103,,,103,137,0,,,,,,,,,,,,,,,,,,,,,,,,,,,,,
7495,209948,3,NK,B,710,22-Mar-2023,10:37:59,-23.2604,151.8182,,401677677,-131,5,0,22-Mar-2023,10:38:00,-23.2604,151.8182,,3543,4564,2749,38,,,85,15,71,,,,,,,,,,,,,,,,,,,,,,,,,,,,,
7495,209948,3,MC,B,711,22-Mar-2023,11:14:37,-23.2119,151.8944,,401677623,-119,8,0,22-Mar-2023,11:13:25,-23.2119,151.8944,145,2173,98591,47,74,,,27,143,28,,,,,,,,,,,,,,,,,,,,,,,,,,,,,
7495,209948,3,MC,B,711,22-Mar-2023,11:14:37,-23.2119,151.8944,,401677623,-119,8,0,22-Mar-2023,11:15:50,-23.2119,151.8944,145,2173,98591,47,74,,,91,25,71,,,,,,,,,,,,,,,,,,,,,,,,,,,,,
7495,209948,3,NP,B,712,22-Mar-2023,11:39:31,-23.2411,151.7651,,401677669,-138,6,0,22-Mar-2023,11:39:32,-23.2411,151.7651,,3546,9450,1330,73,,,15,38,190,,,,,,,,,,,,,,,,,,,,,,,,,,,,,
7495,209948,3,SR,B,713,22-Mar-2023,19:38:08,-23.2053,151.5316,Lon > 4 deviations from mean,401677627,-140,8,0,22-Mar-2023,19:38:09,-23.2053,151.5316,,3924,4758,3236,80,,,66,69,5,,,,,,,,,,,,,,,,,,,,,,,,,,,,,
7495,209948,3,A1,0,714,22-Mar-2023,19:41:09,-23.3065,151.7558,,401677654,-127,46,0,22-Mar-2023,19:38:09,-23.3065,151.7558,350,3109,27343,353,37,,,66,69,5,,,,,,,,,,,,,,,,,,,,,,,,,,,,,
7495,209948,3,A1,0,714,22-Mar-2023,19:41:09,-23.3065,151.7558,,401677654,-127,46,0,22-Mar-2023,19:38:48,-23.3065,151.7558,350,3109,27343,353,37,,,89,59,71,,,,,,,,,,,,,,,,,,,,,,,,,,,,,
7495,209948,3,A1,0,714,22-Mar-2023,19:41:09,-23.3065,151.7558,,401677654,-127,46,0,22-Mar-2023,19:43:44,-23.3065,151.7558,350,3109,27343,353,37,,,27,143,28,,,,,,,,,,,,,,,,,,,,,,,,,,,,,
7495,209948,3,A1,0,714,22-Mar-2023,19:41:09,-23.3065,151.7558,,401677654,-127,46,0,22-Mar-2023,19:43:59,-23.3065,151.7558,350,3109,27343,353,37,,,71,68,5,,,,,,,,,,,,,,,,,,,,,,,,,,,,,
7495,209948,3,NK,2,715,22-Mar-2023,20:11:33,-23.3294,151.7236,,401677656,-132,58,0,22-Mar-2023,20:09:56,-23.3294,151.7236,254,292,427,199,35,,,66,69,5,,,,,,,,,,,,,,,,,,,,,,,,,,,,,
7495,209948,3,NK,2,715,22-Mar-2023,20:11:33,-23.3294,151.7236,,401677656,-132,58,0,22-Mar-2023,20:10:49,-23.3294,151.7236,254,292,427,199,35,,,102,189,54,,,,,,,,,,,,,,,,,,,,,,,,,,,,,
7495,209948,23,NK,2,715,22-Mar-2023,20:11:33,-23.3294,151.7236,,401677656,-132,58,0,22-Mar-2023,20:11:42,-23.3294,151.7236,254,292,427,199,35,,,92,144,165,253,40,150,250,144,75,81,86,131,143,226,20,180,94,167,81,233,42,175,202,,,,,,,,,
7495,209948,3,NK,2,715,22-Mar-2023,20:11:33,-23.3294,151.7236,,401677656,-132,58,0,22-Mar-2023,20:13:35,-23.3294,151.7236,254,292,427,199,35,,,98,136,0,,,,,,,,,,,,,,,,,,,,,,,,,,,,,
7495,209948,3,NK,2,715,22-Mar-2023,20:11:33,-23.3294,151.7236,,401677656,-132,58,0,22-Mar-2023,20:13:50,-23.3294,151.7236,254,292,427,199,35,,,15,1,16,,,,,,,,,,,,,,,,,,,,,,,,,,,,,
7495,209948,3,NK,2,715,22-Mar-2023,20:11:33,-23.3294,151.7236,,401677656,-132,58,3,22-Mar-2023,20:14:10,-23.3294,151.7236,254,292,427,199,35,,,27,143,28,,,,,,,,,,,,,,,,,,,,,,,,,,,,,
7495,209948,3,NP,B,716,22-Mar-2023,21:25:09,-23.3165,151.7112,,401677667,-139,8,0,22-Mar-2023,21:24:46,-23.3165,151.7112,47,3774,4843,2940,135,,,15,1,16,,,,,,,,,,,,,,,,,,,,,,,,,,,,,
7495,209948,3,NP,B,716,22-Mar-2023,21:25:09,-23.3165,151.7112,,401677667,-139,8,0,22-Mar-2023,21:25:33,-23.3165,151.7112,47,3774,4843,2940,135,,,27,143,28,,,,,,,,,,,,,,,,,,,,,,,,,,,,,
7495,209948,3,NK,B,717,22-Mar-2023,21:53:48,-23.3149,151.6927,,401677647,-129,6,0,22-Mar-2023,21:53:49,-23.3149,151.6927,,4442,5296,3726,93,,,75,72,5,,,,,,,,,,,,,,,,,,,,,,,,,,,,,
7495,209948,3,MC,B,718,22-Mar-2023,22:25:30,-23.3177,151.6777,,401677651,-132,8,0,22-Mar-2023,22:25:31,-23.3177,151.6777,,5108,6128,4257,89,,,27,143,28,,,,,,,,,,,,,,,,,,,,,,,,,,,,,
7495,209948,3,NK,B,719,23-Mar-2023,08:33:41,-23.2528,151.7009,,401677671,-133,8,0,23-Mar-2023,08:33:42,-23.2528,151.7009,,16047,32457,7933,95,,,88,184,71,,,,,,,,,,,,,,,,,,,,,,,,,,,,,
7495,209948,3,NP,0,720,23-Mar-2023,09:48:27,-23.2548,151.7675,,401677658,-130,48,0,23-Mar-2023,09:47:03,-23.2548,151.7675,202,1832,10945,306,71,,,67,64,85,,,,,,,,,,,,,,,,,,,,,,,,,,,,,
7495,209948,3,NP,0,720,23-Mar-2023,09:48:27,-23.2548,151.7675,,401677658,-130,48,0,23-Mar-2023,09:48:46,-23.2548,151.7675,202,1832,10945,306,71,,,87,196,71,,,,,,,,,,,,,,,,,,,,,,,,,,,,,
7495,209948,3,NP,0,720,23-Mar-2023,09:48:27,-23.2548,151.7675,,401677658,-130,48,1,23-Mar-2023,09:50:07,-23.2548,151.7675,202,1832,10945,306,71,,,15,1,16,,,,,,,,,,,,,,,,,,,,,,,,,,,,,
7495,209948,3,NP,0,720,23-Mar-2023,09:48:27,-23.2548,151.7675,,401677658,-130,48,0,23-Mar-2023,09:50:25,-23.2548,151.7675,202,1832,10945,306,71,,,27,143,28,,,,,,,,,,,,,,,,,,,,,,,,,,,,,
7495,209948,3,SR,3,721,23-Mar-2023,18:59:27,-23.2530,151.7362,,401677657,-133,58,0,23-Mar-2023,18:56:10,-23.2530,151.7362,414,202,330,123,22,,,105,128,247,,,,,,,,,,,,,,,,,,,,,,,,,,,,,
7495,209948,3,SR,3,721,23-Mar-2023,18:59:27,-23.2530,151.7362,,401677657,-133,58,0,23-Mar-2023,18:57:44,-23.2530,151.7362,414,202,330,123,22,,,86,5,72,,,,,,,,,,,,,,,,,,,,,,,,,,,,,
7495,209948,3,SR,3,721,23-Mar-2023,18:59:27,-23.2530,151.7362,,401677657,-133,58,0,23-Mar-2023,18:58:15,-23.2530,151.7362,414,202,330,123,22,,,98,136,0,,,,,,,,,,,,,,,,,,,,,,,,,,,,,
7495,209948,3,SR,3,721,23-Mar-2023,18:59:27,-23.2530,151.7362,,401677657,-133,58,0,23-Mar-2023,18:58:57,-23.2530,151.7362,414,202,330,123,22,,,27,143,249,,,,,,,,,,,,,,,,,,,,,,,,,,,,,
7495,209948,3,SR,3,721,23-Mar-2023,18:59:27,-23.2530,151.7362,,401677657,-133,58,0,23-Mar-2023,18:59:29,-23.2530,151.7362,414,202,330,123,22,,,71,68,37,,,,,,,,,,,,,,,,,,,,,,,,,,,,,
7495,209948,3,SR,3,721,23-Mar-2023,18:59:27,-23.2530,151.7362,,401677657,-133,58,0,23-Mar-2023,18:59:44,-23.2530,151.7362,414,202,330,123,22,,,85,10,72,,,,,,,,,,,,,,,,,,,,,,,,,,,,,
7495,209948,3,SR,3,721,23-Mar-2023,18:59:27,-23.2530,151.7362,,401677657,-133,58,0,23-Mar-2023,19:02:13,-23.2530,151.7362,414,202,330,123,22,,,84,15,72,,,,,,,,,,,,,,,,,,,,,,,,,,,,,
7495,209948,3,SR,3,721,23-Mar-2023,18:59:27,-23.2530,151.7362,,401677657,-133,58,0,23-Mar-2023,19:03:04,-23.2530,151.7362,414,202,330,123,22,,,15,1,16,,,,,,,,,,,,,,,,,,,,,,,,,,,,,
7495,209948,3,A1,3,722,23-Mar-2023,19:23:56,-23.2406,151.7350,,401677656,-135,56,0,23-Mar-2023,19:21:57,-23.2406,151.7350,282,225,385,131,98,,,31,142,49,,,,,,,,,,,,,,,,,,,,,,,,,,,,,
7495,209948,3,A1,3,722,23-Mar-2023,19:23:56,-23.2406,151.7350,,401677656,-135,56,0,23-Mar-2023,19:23:19,-23.2406,151.7350,282,225,385,131,98,,,97,135,0,,,,,,,,,,,,,,,,,,,,,,,,,,,,,
7495,209948,3,A1,3,722,23-Mar-2023,19:23:56,-23.2406,151.7350,,401677656,-135,56,0,23-Mar-2023,19:23:37,-23.2406,151.7350,282,225,385,131,98,,,15,1,16,,,,,,,,,,,,,,,,,,,,,,,,,,,,,
7495,209948,3,A1,3,722,23-Mar-2023,19:23:56,-23.2406,151.7350,,401677656,-135,56,0,23-Mar-2023,19:24:09,-23.2406,151.7350,282,225,385,131,98,,,19,15,92,,,,,,,,,,,,,,,,,,,,,,,,,,,,,
7495,209948,3,A1,3,722,23-Mar-2023,19:23:56,-23.2406,151.7350,,401677656,-135,56,0,23-Mar-2023,19:26:39,-23.2406,151.7350,282,225,385,131,98,,,81,62,72,,,,,,,,,,,,,,,,,,,,,,,,,,,,,
7495,209948,3,A1,0,723,24-Mar-2023,07:29:51,-23.2399,151.7548,,401677654,-131,50,0,24-Mar-2023,07:27:58,-23.2399,151.7548,173,10553,619369,179,105,,,95,183,242,,,,,,,,,,,,,,,,,,,,,,,,,,,,,
7495,209948,3,A1,0,723,24-Mar-2023,07:29:51,-23.2399,151.7548,,401677654,-131,50,0,24-Mar-2023,07:30:12,-23.2399,151.7548,173,10553,619369,179,105,,,103,137,16,,,,,,,,,,,,,,,,,,,,,,,,,,,,,
7495,209948,3,A1,0,723,24-Mar-2023,07:29:51,-23.2399,151.7548,,401677654,-131,50,0,24-Mar-2023,07:30:27,-23.2399,151.7548,173,10553,619369,179,105,,,15,1,16,,,,,,,,,,,,,,,,,,,,,,,,,,,,,
7495,209948,3,A1,0,723,24-Mar-2023,07:29:51,-23.2399,151.7548,,401677654,-131,50,0,24-Mar-2023,07:30:51,-23.2399,151.7548,173,10553,619369,179,105,,,27,143,28,,,,,,,,,,,,,,,,,,,,,,,,,,,,,
7495,209948,3,NK,A,724,24-Mar-2023,09:50:36,-23.2687,151.8039,,401677662,-127,8,0,24-Mar-2023,09:46:34,-23.2687,151.8039,381,858,2765,266,136,,,77,70,5,,,,,,,,,,,,,,,,,,,,,,,,,,,,,
7495,209948,3,NK,A,724,24-Mar-2023,09:50:36,-23.2687,151.8039,,401677662,-127,8,0,24-Mar-2023,09:52:19,-23.2687,151.8039,381,858,2765,266,136,,,104,138,0,,,,,,,,,,,,,,,,,,,,,,,,,,,,,
7495,209948,3,NK,A,724,24-Mar-2023,09:50:36,-23.2687,151.8039,,401677662,-127,8,0,24-Mar-2023,09:52:55,-23.2687,151.8039,381,858,2765,266,136,,,27,143,28,,,,,,,,,,,,,,,,,,,,,,,,,,,,,
7495,209948,3,NP,B,725,24-Mar-2023,11:20:21,-23.2569,151.7716,,401677657,-134,8,0,24-Mar-2023,11:19:35,-23.2569,151.7716,92,2947,25175,344,37,,,103,137,0,,,,,,,,,,,,,,,,,,,,,,,,,,,,,
7495,209948,3,NP,B,725,24-Mar-2023,11:20:21,-23.2569,151.7716,,401677657,-134,8,0,24-Mar-2023,11:21:07,-23.2569,151.7716,92,2947,25175,344,37,,,15,191,129,,,,,,,,,,,,,,,,,,,,,,,,,,,,,
7495,209948,3,MB,B,726,24-Mar-2023,11:22:06,-23.2522,151.7753,,401677657,-129,6,0,24-Mar-2023,11:22:07,-23.2522,151.7753,,2545,15816,409,37,,,27,143,28,,,,,,,,,,,,,,,,,,,,,,,,,,,,,
7495,209948,3,NN,B,727,24-Mar-2023,12:09:05,-23.2393,151.7766,,401677657,-130,8,0,24-Mar-2023,12:07:19,-23.2393,151.7766,214,753,5210,108,99,,,103,137,0,,,,,,,,,,,,,,,,,,,,,,,,,,,,,
7495,209948,3,NN,B,727,24-Mar-2023,12:09:05,-23.2393,151.7766,,401677657,-130,8,0,24-Mar-2023,12:10:53,-23.2393,151.7766,214,753,5210,108,99,,,27,143,28,,,,,,,,,,,,,,,,,,,,,,,,,,,,,
7495,209948,3,MC,B,728,24-Mar-2023,12:10:53,-23.2397,151.7787,,401677653,-129,6,0,24-Mar-2023,12:10:53,-23.2397,151.7787,,779,3634,167,100,,,11,143,29,,,,,,,,,,,,,,,,,,,,,,,,,,,,,
7495,209948,3,A1,B,729,24-Mar-2023,19:04:10,-23.2340,151.7317,,401677642,-135,8,0,24-Mar-2023,19:04:10,-23.2340,151.7317,,2438,4399,1350,109,,,27,15,28,,,,,,,,,,,,,,,,,,,,,,,,,,,,,
7495,209948,3,SR,B,730,24-Mar-2023,20:05:10,-23.2478,151.7463,,401677652,-137,8,0,24-Mar-2023,20:05:11,-23.2478,151.7463,,3256,8100,1308,116,,,27,143,28,,,,,,,,,,,,,,,,,,,,,,,,,,,,,
7495,209948,3,NP,B,731,24-Mar-2023,22:35:15,-23.2801,151.7410,,401677666,-133,8,0,24-Mar-2023,22:35:15,-23.2801,151.7410,,3088,10666,894,103,,,15,1,16,,,,,,,,,,,,,,,,,,,,,,,,,,,,,
7495,209948,3,SR,B,732,25-Mar-2023,08:56:10,-23.3023,151.7380,,401677661,-135,8,0,25-Mar-2023,08:55:58,-23.3023,151.7380,26,2342,4279,1282,179,,,92,182,73,,,,,,,,,,,,,,,,,,,,,,,,,,,,,
7495,209948,3,SR,B,732,25-Mar-2023,08:56:10,-23.3023,151.7380,,401677661,-135,8,0,25-Mar-2023,08:56:24,-23.3023,151.7380,26,2342,4279,1282,179,,,107,133,0,,,,,,,,,,,,,,,,,,,,,,,,,,,,,
7495,209948,3,NK,B,733,25-Mar-2023,09:31:00,-23.2100,151.6807,,401677655,-132,8,0,25-Mar-2023,09:30:46,-23.2100,151.6807,30,43122,53877,34513,16,,,15,1,16,,,,,,,,,,,,,,,,,,,,,,,,,,,,,
7495,209948,3,NK,B,733,25-Mar-2023,09:31:00,-23.2100,151.6807,,401677655,-132,8,0,25-Mar-2023,09:31:16,-23.2100,151.6807,30,43122,53877,34513,16,,,72,71,5,,,,,,,,,,,,,,,,,,,,,,,,,,,,,
7495,209948,3,NP,A,734,25-Mar-2023,09:31:15,-23.3986,151.7444,,401677676,-132,7,0,25-Mar-2023,09:30:46,-23.3986,151.7444,30,8633,14906,5000,67,,,79,1,16,,,,,,,,,,,,,,,,,,,,,,,,,,,,,
7495,209948,3,NP,A,734,25-Mar-2023,09:31:15,-23.3986,151.7444,,401677676,-132,7,0,25-Mar-2023,09:31:01,-23.3986,151.7444,30,8633,14906,5000,67,,,27,143,28,,,,,,,,,,,,,,,,,,,,,,,,,,,,,
7495,209948,3,NP,A,734,25-Mar-2023,09:31:15,-23.3986,151.7444,,401677676,-132,7,0,25-Mar-2023,09:31:16,-23.3986,151.7444,30,8633,14906,5000,67,,,72,71,5,,,,,,,,,,,,,,,,,,,,,,,,,,,,,
7495,209948,3,NP,B,735,25-Mar-2023,11:07:49,-23.3663,151.7516,,401677698,-125,7,0,25-Mar-2023,11:07:50,-23.3663,151.7516,,14354,26578,7752,82,,,72,71,37,,,,,,,,,,,,,,,,,,,,,,,,,,,,,
7495,209948,23,SR,0,736,25-Mar-2023,19:34:33,-23.2745,151.7774,,401677658,-128,58,0,25-Mar-2023,19:32:48,-23.2745,151.7774,353,1518,43564,52,64,,,73,80,165,253,40,150,250,144,76,206,170,207,214,147,241,14,1,109,25,212,49,127,200,,,,,,,,,
7495,209948,3,SR,0,736,25-Mar-2023,19:34:33,-23.2745,151.7774,,401677658,-128,58,0,25-Mar-2023,19:33:04,-23.2745,151.7774,353,1518,43564,52,64,,,71,68,5,,,,,,,,,,,,,,,,,,,,,,,,,,,,,
7495,209948,3,SR,0,736,25-Mar-2023,19:34:33,-23.2745,151.7774,,401677658,-128,58,0,25-Mar-2023,19:33:39,-23.2745,151.7774,353,1518,43564,52,64,,,112,150,240,,,,,,,,,,,,,,,,,,,,,,,,,,,,,
7495,209948,3,SR,0,736,25-Mar-2023,19:34:33,-23.2745,151.7774,,401677658,-128,58,0,25-Mar-2023,19:38:41,-23.2745,151.7774,353,1518,43564,52,64,,,73,66,5,,,,,,,,,,,,,,,,,,,,,,,,,,,,,
7495,209948,3,NK,0,737,25-Mar-2023,20:30:06,-23.2407,151.7983,,401677655,-130,48,0,25-Mar-2023,20:28:53,-23.2407,151.7983,160,8420,67152,1055,79,,,67,64,5,,,,,,,,,,,,,,,,,,,,,,,,,,,,,
7495,209948,3,NK,0,737,25-Mar-2023,20:30:06,-23.2407,151.7983,,401677655,-130,48,0,25-Mar-2023,20:29:12,-23.2407,151.7983,160,8420,67152,1055,79,,,92,9,74,,,,,,,,,,,,,,,,,,,,,,,,,,,,,
7495,209948,3,NK,0,737,25-Mar-2023,20:30:06,-23.2407,151.7983,,401677655,-130,48,0,25-Mar-2023,20:30:47,-23.2407,151.7983,160,8420,67152,1055,79,,,87,14,74,,,,,,,,,,,,,,,,,,,,,,,,,,,,,
7495,209948,3,NK,0,737,25-Mar-2023,20:30:06,-23.2407,151.7983,,401677655,-130,48,0,25-Mar-2023,20:31:33,-23.2407,151.7983,160,8420,67152,1055,79,,,15,1,244,,,,,,,,,,,,,,,,,,,,,,,,,,,,,
7495,209948,3,NP,B,738,25-Mar-2023,22:19:57,-23.3365,151.7879,,401677638,-133,8,0,25-Mar-2023,22:19:58,-23.3365,151.7879,,2179,2634,1802,75,,,27,143,28,,,,,,,,,,,,,,,,,,,,,,,,,,,,,
7495,209948,3,NN,B,739,25-Mar-2023,23:21:49,-23.3330,151.7869,,401677643,-133,8,0,25-Mar-2023,23:21:50,-23.3330,151.7869,,3887,8170,1849,178,,,85,20,74,,,,,,,,,,,,,,,,,,,,,,,,,,,,,
7495,209948,3,NN,B,740,26-Mar-2023,01:03:45,-23.3602,151.7831,,401677641,-137,8,0,26-Mar-2023,01:03:46,-23.3602,151.7831,,16447,37351,7242,0,,,27,143,28,,,,,,,,,,,,,,,,,,,,,,,,,,,,,
7495,209948,3,SR,B,741,26-Mar-2023,06:42:58,-23.2976,151.7847,,401677643,-134,8,0,26-Mar-2023,06:42:58,,,,3590,4154,3102,37,,,27,143,28,,,,,,,,,,,,,,,,,,,,,,,,,,,,,
7495,209948,3,NK,3,742,26-Mar-2023,08:57:50,-23.2232,151.8118,,401677654,-130,58,0,26-Mar-2023,08:55:24,-23.2232,151.8118,311,184,398,84,48,,,89,87,74,,,,,,,,,,,,,,,,,,,,,,,,,,,,,
7495,209948,3,NK,3,742,26-Mar-2023,08:57:50,-23.2232,151.8118,,401677654,-130,58,0,26-Mar-2023,08:55:39,-23.2232,151.8118,311,184,398,84,48,,,97,135,0,,,,,,,,,,,,,,,,,,,,,,,,,,,,,
7495,209948,3,NK,3,742,26-Mar-2023,08:57:50,-23.2232,151.8118,,401677654,-130,58,0,26-Mar-2023,08:56:49,-23.2232,151.8118,311,184,398,84,48,,,78,73,5,,,,,,,,,,,,,,,,,,,,,,,,,,,,,
7495,209948,3,NK,3,742,26-Mar-2023,08:57:50,-23.2232,151.8118,,401677654,-130,58,0,26-Mar-2023,08:57:29,-23.2232,151.8118,311,184,398,84,48,,,91,93,74,,,,,,,,,,,,,,,,,,,,,,,,,,,,,
7495,209948,3,NK,3,742,26-Mar-2023,08:57:50,-23.2232,151.8118,,401677654,-130,58,0,26-Mar-2023,08:59:45,-23.2232,151.8118,311,184,398,84,48,,,88,98,74,,,,,,,,,,,,,,,,,,,,,,,,,,,,,
7495,209948,3,NK,3,742,26-Mar-2023,08:57:50,-23.2232,151.8118,,401677654,-130,58,0,26-Mar-2023,09:00:00,-23.2232,151.8118,311,184,398,84,48,,,98,136,0,,,,,,,,,,,,,,,,,,,,,,,,,,,,,
7495,209948,3,NK,3,742,26-Mar-2023,08:57:50,-23.2232,151.8118,,401677654,-130,58,0,26-Mar-2023,09:00:18,-23.2232,151.8118,311,184,398,84,48,,,15,1,16,,,,,,,,,,,,,,,,,,,,,,,,,,,,,
7495,209948,3,NK,3,742,26-Mar-2023,08:57:50,-23.2232,151.8118,,401677654,-130,58,2,26-Mar-2023,09:00:35,-23.2232,151.8118,311,184,398,84,48,,,27,143,28,,,,,,,,,,,,,,,,,,,,,,,,,,,,,
7495,209948,3,NP,B,743,26-Mar-2023,09:13:37,-23.2524,151.7851,,401677668,-139,8,0,26-Mar-2023,09:13:37,,,,2934,7076,1216,84,,,103,137,0,,,,,,,,,,,,,,,,,,,,,,,,,,,,,
7495,209948,3,NN,B,744,26-Mar-2023,13:33:31,-23.2955,151.7731,,401677658,-133,8,0,26-Mar-2023,13:33:32,-23.2955,151.7731,,6820,10054,4626,85,,,27,143,29,,,,,,,,,,,,,,,,,,,,,,,,,,,,,
7495,209948,3,SR,B,745,27-Mar-2023,07:51:14,-23.2179,151.8379,,401677632,-127,,0,27-Mar-2023,07:51:15,-23.2179,151.8379,,8004,20189,3173,125,,,15,1,16,,,,,,,,,,,,,,,,,,,,,,,,,,,,,
7495,209948,3,MC,B,746,27-Mar-2023,12:48:30,-23.1987,151.8215,,401677637,-133,8,0,27-Mar-2023,12:48:30,-23.1987,151.8215,,4073,6213,2669,102,,,15,1,16,,,,,,,,,,,,,,,,,,,,,,,,,,,,,
7495,209948,3,SR,B,747,27-Mar-2023,18:35:52,-23.1934,151.8305,,401677648,-139,8,0,27-Mar-2023,18:35:53,-23.1934,151.8305,,4335,8296,2265,109,,,89,72,75,,,,,,,,,,,,,,,,,,,,,,,,,,,,,
7495,209948,3,A1,1,748,27-Mar-2023,19:46:09,-23.2302,151.7684,,401677655,-131,58,0,27-Mar-2023,19:42:39,-23.2302,151.7684,302,959,2525,364,8,,,64,79,5,,,,,,,,,,,,,,,,,,,,,,,,,,,,,
7495,209948,3,A1,1,748,27-Mar-2023,19:46:09,-23.2302,151.7684,,401677655,-131,58,0,27-Mar-2023,19:47:01,-23.2302,151.7684,302,959,2525,364,8,,,93,108,75,,,,,,,,,,,,,,,,,,,,,,,,,,,,,
7495,209948,3,A1,1,748,27-Mar-2023,19:46:09,-23.2302,151.7684,,401677655,-131,58,0,27-Mar-2023,19:47:18,-23.2302,151.7684,302,959,2525,364,8,,,103,137,0,,,,,,,,,,,,,,,,,,,,,,,,,,,,,
7495,209948,3,A1,1,748,27-Mar-2023,19:46:09,-23.2302,151.7684,,401677655,-131,58,0,27-Mar-2023,19:47:41,-23.2302,151.7684,302,959,2525,364,8,,,15,1,232,,,,,,,,,,,,,,,,,,,,,,,,,,,,,
7495,209948,3,NK,B,749,27-Mar-2023,19:47:00,-23.2301,151.7684,,401677652,-137,6,0,27-Mar-2023,19:47:01,-23.2301,151.7684,,747,1443,386,8,,,93,108,75,,,,,,,,,,,,,,,,,,,,,,,,,,,,,
7495,209948,3,SR,B,750,27-Mar-2023,20:19:28,-23.2356,151.7596,,401677656,-137,8,0,27-Mar-2023,20:19:28,-23.2356,151.7596,,1740,1775,1705,68,,,64,79,5,,,,,,,,,,,,,,,,,,,,,,,,,,,,,
7495,209948,3,NN,B,751,28-Mar-2023,00:40:13,-23.2353,151.7663,,401677665,-137,8,0,28-Mar-2023,00:40:14,-23.2353,151.7663,,4333,4818,3897,73,,,97,135,0,,,,,,,,,,,,,,,,,,,,,,,,,,,,,
7495,209948,3,SR,B,752,28-Mar-2023,09:03:35,-23.2507,151.6498,,401677646,-139,8,0,28-Mar-2023,09:03:36,-23.2507,151.6498,,4438,10005,1968,76,,,27,143,28,,,,,,,,,,,,,,,,,,,,,,,,,,,,,
7495,209948,3,A1,B,753,28-Mar-2023,19:25:12,-23.1412,151.8556,,401677675,-132,8,0,28-Mar-2023,19:25:13,-23.1412,151.8556,,4287,14797,1241,104,,,15,1,16,,,,,,,,,,,,,,,,,,,,,,,,,,,,,
7495,209948,3,NK,1,754,28-Mar-2023,20:58:36,-23.2541,152.0866,,401677660,-124,58,0,28-Mar-2023,20:55:14,-23.2541,152.0866,541,662,2084,209,92,,,83,24,76,,,,,,,,,,,,,,,,,,,,,,,,,,,,,
7495,209948,3,NK,1,754,28-Mar-2023,20:58:36,-23.2541,152.0866,,401677660,-124,58,1,28-Mar-2023,20:56:00,-23.2541,152.0866,541,662,2084,209,92,,,15,1,16,,,,,,,,,,,,,,,,,,,,,,,,,,,,,
7495,209948,3,NK,1,754,28-Mar-2023,20:58:36,-23.2541,152.0866,,401677660,-124,58,0,28-Mar-2023,21:00:23,-23.2541,152.0866,541,662,2084,209,92,,,26,39,110,,,,,,,,,,,,,,,,,,,,,,,,,,,,,
7495,209948,23,NK,1,754,28-Mar-2023,20:58:36,-23.2541,152.0866,,401677660,-124,58,0,28-Mar-2023,21:00:55,-23.2541,152.0866,541,662,2084,209,92,,,71,112,165,253,40,150,250,144,78,84,176,21,150,152,61,14,1,91,26,212,113,127,192,,,,,,,,,
7495,209948,3,NK,1,754,28-Mar-2023,20:58:36,-23.2541,152.0866,,401677660,-124,58,0,28-Mar-2023,21:01:33,-23.2541,152.0866,541,662,2084,209,92,,,107,133,0,,,,,,,,,,,,,,,,,,,,,,,,,,,,,
7495,209948,3,NK,1,754,28-Mar-2023,20:58:36,-23.2541,152.0866,,401677660,-124,58,2,28-Mar-2023,21:03:48,-23.2541,152.0866,541,662,2084,209,92,,,27,143,28,,,,,,,,,,,,,,,,,,,,,,,,,,,,,
7495,209948,3,NK,1,754,28-Mar-2023,20:58:36,-23.2541,152.0866,,401677660,-124,58,0,28-Mar-2023,21:04:15,-23.2541,152.0866,541,662,2084,209,92,,,77,70,5,,,,,,,,,,,,,,,,,,,,,,,,,,,,,
7495,209948,23,A1,B,755,28-Mar-2023,21:00:55,-23.2063,152.0393,,401677625,-141,8,0,28-Mar-2023,21:00:55,-23.2063,152.0393,,4509,6135,3313,89,,,71,112,165,253,40,150,250,144,78,84,176,21,150,152,61,14,1,91,26,212,113,127,192,,,,,,,,,
7495,209948,31,NN,B,756,29-Mar-2023,00:27:05,-23.2778,152.1622,,401677652,-133,8,0,29-Mar-2023,00:27:06,-23.2778,152.1622,,14388,24313,8514,76,,,36,207,128,0,0,0,94,20,35,45,66,255,3,0,0,109,207,96,0,0,0,0,0,0,0,66,187,0,8,136,12,
7495,209948,3,NK,B,757,30-Mar-2023,08:56:14,-23.2993,151.8259,,401677659,-127,,0,30-Mar-2023,08:54:52,-23.2993,151.8259,165,5256,135933,203,42,,,66,85,5,,,,,,,,,,,,,,,,,,,,,,,,,,,,,
7495,209948,3,NK,B,757,30-Mar-2023,08:56:14,-23.2993,151.8259,,401677659,-127,,0,30-Mar-2023,08:57:37,-23.2993,151.8259,165,5256,135933,203,42,,,15,1,16,,,,,,,,,,,,,,,,,,,,,,,,,,,,,
7495,209948,3,NP,B,758,30-Mar-2023,10:02:10,-23.8934,153.1757,,401677581,-134,,0,30-Mar-2023,10:01:57,-23.8934,153.1757,27,11603,59853,2249,108,,,15,1,16,,,,,,,,,,,,,,,,,,,,,,,,,,,,,
7495,209948,3,NP,B,758,30-Mar-2023,10:02:10,-23.8934,153.1757,,401677581,-134,,0,30-Mar-2023,10:02:24,-23.8934,153.1757,27,11603,59853,2249,108,,,27,143,28,,,,,,,,,,,,,,,,,,,,,,,,,,,,,
7495,209948,3,SR,B,759,01-Apr-2023,06:56:39,-23.3550,151.9666,,401677568,-131,,0,01-Apr-2023,06:55:41,-23.3550,151.9666,116,8123,104029,634,150,,,15,1,22,,,,,,,,,,,,,,,,,,,,,,,,,,,,,
7495,209948,23,SR,B,759,01-Apr-2023,06:56:39,-23.3550,151.9666,,401677568,-131,,0,01-Apr-2023,06:57:37,-23.3550,151.9666,116,8123,104029,634,150,,,90,48,165,253,40,150,250,144,64,156,125,83,86,156,37,12,1,83,24,212,81,127,192,,,,,,,,,
7495,209948,3,NK,B,760,01-Apr-2023,08:03:53,-23.2910,151.9527,,401677660,-137,5,0,01-Apr-2023,08:03:53,,,,6074,8484,4348,132,,,27,143,28,,,,,,,,,,,,,,,,,,,,,,,,,,,,,
7495,209948,3,NN,3,761,01-Apr-2023,12:15:18,-23.3413,151.8779,,401677654,-128,57,0,01-Apr-2023,12:13:20,-23.3413,151.8779,447,176,476,65,85,,,103,137,0,,,,,,,,,,,,,,,,,,,,,,,,,,,,,
7495,209948,3,NN,3,761,01-Apr-2023,12:15:18,-23.3413,151.8779,,401677654,-128,57,0,01-Apr-2023,12:16:49,-23.3413,151.8779,447,176,476,65,85,,,27,143,28,,,,,,,,,,,,,,,,,,,,,,,,,,,,,
7495,209948,3,NN,3,761,01-Apr-2023,12:15:18,-23.3413,151.8779,,401677654,-128,57,0,01-Apr-2023,12:18:14,-23.3413,151.8779,447,176,476,65,85,,,84,98,78,,,,,,,,,,,,,,,,,,,,,,,,,,,,,
7495,209948,3,NN,3,761,01-Apr-2023,12:15:18,-23.3413,151.8779,,401677654,-128,57,0,01-Apr-2023,12:18:55,-23.3413,151.8779,447,176,476,65,85,,,98,139,89,,,,,,,,,,,,,,,,,,,,,,,,,,,,,
7495,209948,3,NN,3,761,01-Apr-2023,12:15:18,-23.3413,151.8779,,401677654,-128,57,1,01-Apr-2023,12:19:42,-23.3413,151.8779,447,176,476,65,85,,,15,1,16,,,,,,,,,,,,,,,,,,,,,,,,,,,,,
7495,209948,3,NN,3,761,01-Apr-2023,12:15:18,-23.3413,151.8779,,401677654,-128,57,0,01-Apr-2023,12:20:47,-23.3413,151.8779,447,176,476,65,85,,,73,82,5,,,,,,,,,,,,,,,,,,,,,,,,,,,,,
7495,209948,31,MC,B,762,02-Apr-2023,00:01:22,-23.3017,151.8820,,401677653,-121,8,0,02-Apr-2023,00:01:22,-23.3017,151.8820,,4559,9751,2131,103,,,32,208,32,0,2,0,65,221,232,46,205,196,150,153,172,160,174,56,135,139,180,157,152,240,82,16,222,51,38,63,73,
7495,209948,3,SR,B,763,02-Apr-2023,06:22:37,-23.2609,151.8702,,401677640,-135,8,0,02-Apr-2023,06:22:05,-23.2609,151.8702,65,3897,31130,487,101,,,15,1,16,,,,,,,,,,,,,,,,,,,,,,,,,,,,,
7495,209948,3,SR,B,763,02-Apr-2023,06:22:37,-23.2609,151.8702,,401677640,-135,8,0,02-Apr-2023,06:23:10,-23.2609,151.8702,65,3897,31130,487,101,,,89,213,78,,,,,,,,,,,,,,,,,,,,,,,,,,,,,
7495,209948,3,SR,0,764,02-Apr-2023,08:10:16,-23.2489,151.8316,,401677643,-127,58,0,02-Apr-2023,08:09:12,-23.2489,151.8316,118,9768,74943,1273,70,,,95,219,78,,,,,,,,,,,,,,,,,,,,,,,,,,,,,
7495,209948,3,SR,0,764,02-Apr-2023,08:10:16,-23.2489,151.8316,,401677643,-127,58,0,02-Apr-2023,08:09:52,-23.2489,151.8316,118,9768,74943,1273,70,,,97,135,0,,,,,,,,,,,,,,,,,,,,,,,,,,,,,
7495,209948,3,SR,0,764,02-Apr-2023,08:10:16,-23.2489,151.8316,,401677643,-127,58,0,02-Apr-2023,08:10:53,-23.2489,151.8316,118,9768,74943,1273,70,,,27,143,28,,,,,,,,,,,,,,,,,,,,,,,,,,,,,
7495,209948,3,SR,0,764,02-Apr-2023,08:10:16,-23.2489,151.8316,,401677643,-127,58,0,02-Apr-2023,08:11:10,-23.2489,151.8316,118,9768,74943,1273,70,,,78,73,5,,,,,,,,,,,,,,,,,,,,,,,,,,,,,
7495,209948,3,MC,A,765,02-Apr-2023,10:44:50,-23.2716,151.7116,,401677650,-121,8,0,02-Apr-2023,10:44:50,-23.2716,151.7116,386,566,1299,246,3,,,27,143,23,,,,,,,,,,,,,,,,,,,,,,,,,,,,,
7495,209948,3,MC,A,765,02-Apr-2023,10:44:50,-23.2716,151.7116,,401677650,-121,8,0,02-Apr-2023,10:46:35,-23.2716,151.7116,386,566,1299,246,3,,,83,40,201,,,,,,,,,,,,,,,,,,,,,,,,,,,,,
7495,209948,3,MC,A,765,02-Apr-2023,10:44:50,-23.2716,151.7116,,401677650,-121,8,0,02-Apr-2023,10:51:16,-23.2716,151.7116,386,566,1299,246,3,,,78,73,5,,,,,,,,,,,,,,,,,,,,,,,,,,,,,
7495,209948,3,NP,1,766,02-Apr-2023,11:07:32,-23.2736,151.7192,,401677653,-127,56,0,02-Apr-2023,11:06:33,-23.2736,151.7192,276,1491,10874,204,75,,,27,143,28,,,,,,,,,,,,,,,,,,,,,,,,,,,,,
7495,209948,3,NP,1,766,02-Apr-2023,11:07:32,-23.2736,151.7192,,401677653,-127,56,0,02-Apr-2023,11:08:32,-23.2736,151.7192,276,1491,10874,204,75,,,77,70,5,,,,,,,,,,,,,,,,,,,,,,,,,,,,,
7495,209948,3,NP,1,766,02-Apr-2023,11:07:32,-23.2736,151.7192,,401677653,-127,56,0,02-Apr-2023,11:10:53,-23.2736,151.7192,276,1491,10874,204,75,,,97,135,0,,,,,,,,,,,,,,,,,,,,,,,,,,,,,
7495,209948,3,NP,1,766,02-Apr-2023,11:07:32,-23.2736,151.7192,,401677653,-127,56,0,02-Apr-2023,11:11:09,-23.2736,151.7192,276,1491,10874,204,75,,,15,1,16,,,,,,,,,,,,,,,,,,,,,,,,,,,,,
7495,209948,3,MB,B,767,02-Apr-2023,11:39:26,-23.2731,151.7084,,401677652,-131,8,0,02-Apr-2023,11:39:26,-23.2731,151.7084,,2828,3627,2204,81,,,15,1,16,,,,,,,,,,,,,,,,,,,,,,,,,,,,,
7495,209948,3,NN,1,768,02-Apr-2023,12:09:35,-23.2702,151.7223,,401677652,-125,58,0,02-Apr-2023,11:58:39,-23.2702,151.7223,657,548,1548,193,9,,,68,75,5,,,,,,,,,,,,,,,,,,,,,,,,,,,,,
7495,209948,3,NN,1,768,02-Apr-2023,12:09:35,-23.2702,151.7223,,401677652,-125,58,0,02-Apr-2023,11:59:37,-23.2702,151.7223,657,548,1548,193,9,,,87,52,85,,,,,,,,,,,,,,,,,,,,,,,,,,,,,
7495,209948,23,NN,1,768,02-Apr-2023,12:09:35,-23.2702,151.7223,,401677652,-125,58,0,02-Apr-2023,12:07:33,-23.2702,151.7223,657,548,1548,193,9,,,86,176,165,253,40,150,250,144,65,49,29,81,86,158,175,10,1,199,26,212,193,127,192,,,,,,,,,
7495,209948,3,NN,1,768,02-Apr-2023,12:09:35,-23.2702,151.7223,,401677652,-125,58,0,02-Apr-2023,12:09:36,-23.2702,151.7223,657,548,1548,193,9,,,15,1,16,,,,,,,,,,,,,,,,,,,,,,,,,,,,,
7495,209948,3,MC,B,769,02-Apr-2023,12:31:49,-23.2753,151.7225,,401677654,-118,6,0,02-Apr-2023,12:29:52,-23.2753,151.7225,235,1023,13778,76,71,,,97,135,0,,,,,,,,,,,,,,,,,,,,,,,,,,,,,
7495,209948,3,MC,B,769,02-Apr-2023,12:31:49,-23.2753,151.7225,,401677654,-118,6,0,02-Apr-2023,12:33:47,-23.2753,151.7225,235,1023,13778,76,71,,,15,1,16,,,,,,,,,,,,,,,,,,,,,,,,,,,,,
7495,209948,3,NN,B,770,02-Apr-2023,13:43:34,-23.2783,151.7131,,401677634,-132,8,0,02-Apr-2023,13:43:34,-23.2783,151.7131,,1490,2667,832,67,,,15,1,16,,,,,,,,,,,,,,,,,,,,,,,,,,,,,
7495,209948,3,SR,A,771,02-Apr-2023,20:31:41,-23.2324,151.6700,,401677654,-128,8,0,02-Apr-2023,20:31:04,-23.2324,151.6700,98,6162,40212,944,107,,,15,1,16,,,,,,,,,,,,,,,,,,,,,,,,,,,,,
7495,209948,23,SR,A,771,02-Apr-2023,20:31:41,-23.2324,151.6700,,401677654,-128,8,0,02-Apr-2023,20:31:19,-23.2324,151.6700,98,6162,40212,944,107,,,80,240,165,253,40,150,250,144,65,82,154,17,214,159,19,4,121,170,221,33,134,124,128,,,,,,,,,
7495,209948,3,SR,A,771,02-Apr-2023,20:31:41,-23.2324,151.6700,,401677654,-128,8,0,02-Apr-2023,20:32:42,-23.2324,151.6700,98,6162,40212,944,107,,,73,13,5,,,,,,,,,,,,,,,,,,,,,,,,,,,,,
7495,209948,23,NK,1,772,02-Apr-2023,20:32:52,-23.3057,151.7509,,401677641,-122,46,0,02-Apr-2023,20:31:19,-23.3057,151.7509,307,1165,5543,244,99,,,80,240,165,253,40,150,250,144,65,82,154,17,214,159,19,11,129,193,65,63,18,9,165,,,,,,,,,
7495,209948,3,NK,1,772,02-Apr-2023,20:32:52,-23.3057,151.7509,,401677641,-122,46,0,02-Apr-2023,20:32:42,-23.3057,151.7509,307,1165,5543,244,99,,,73,13,5,,,,,,,,,,,,,,,,,,,,,,,,,,,,,
7495,209948,3,NK,1,772,02-Apr-2023,20:32:52,-23.3057,151.7509,,401677641,-122,46,1,02-Apr-2023,20:36:26,-23.3057,151.7509,307,1165,5543,244,99,,,15,1,16,,,,,,,,,,,,,,,,,,,,,,,,,,,,,
7495,209948,3,NP,B,773,02-Apr-2023,20:49:36,-23.2396,151.6929,,401677653,-130,6,0,02-Apr-2023,20:49:37,-23.2396,151.6929,,8496,52082,1386,109,,,15,1,16,,,,,,,,,,,,,,,,,,,,,,,,,,,,,
7495,209948,3,MC,B,774,02-Apr-2023,21:57:10,-23.2472,151.7074,,401677665,-130,8,0,02-Apr-2023,21:57:10,-23.2472,151.7074,,4692,11453,1921,107,,,64,48,5,,,,,,,,,,,,,,,,,,,,,,,,,,,,,
7495,209948,3,NK,B,775,02-Apr-2023,22:14:53,-23.2248,151.6864,,401677677,-137,6,0,02-Apr-2023,22:14:46,-23.2248,151.6864,15,7325,17434,3077,101,,,95,171,79,,,,,,,,,,,,,,,,,,,,,,,,,,,,,
7495,209948,3,NK,B,775,02-Apr-2023,22:14:53,-23.2248,151.6864,,401677677,-137,6,0,02-Apr-2023,22:15:01,-23.2248,151.6864,15,7325,17434,3077,101,,,98,136,0,,,,,,,,,,,,,,,,,,,,,,,,,,,,,
7495,209948,3,MB,B,776,02-Apr-2023,22:51:10,-23.2321,151.6768,,401677644,-134,8,0,02-Apr-2023,22:51:11,-23.2321,151.6768,,6582,20092,2156,110,,,100,134,0,,,,,,,,,,,,,,,,,,,,,,,,,,,,,
7495,209948,3,NK,B,777,03-Apr-2023,08:56:03,-23.2846,151.7204,,401677639,-125,8,0,03-Apr-2023,08:56:03,-23.2846,151.7204,,12019,35152,4109,86,,,97,135,0,,,,,,,,,,,,,,,,,,,,,,,,,,,,,
7495,209948,3,NP,B,778,03-Apr-2023,22:15:47,-23.2951,151.6980,,401677638,-130,,0,03-Apr-2023,22:15:40,-23.2951,151.6980,15,2154,10657,435,74,,,15,1,16,,,,,,,,,,,,,,,,,,,,,,,,,,,,,
7495,209948,3,NP,B,778,03-Apr-2023,22:15:47,-23.2951,151.6980,,401677638,-130,,0,03-Apr-2023,22:15:55,-23.2951,151.6980,15,2154,10657,435,74,,,27,143,28,,,,,,,,,,,,,,,,,,,,,,,,,,,,,
7495,209948,3,SR,B,779,04-Apr-2023,08:41:30,-23.2542,151.6377,,401677604,-135,8,0,04-Apr-2023,08:41:30,-23.2542,151.6377,,3824,6407,2281,77,,,73,66,5,,,,,,,,,,,,,,,,,,,,,,,,,,,,,
7495,209948,31,NN,B,780,04-Apr-2023,11:33:32,-23.2068,151.7399,,401677656,-137,7,0,04-Apr-2023,11:33:33,-23.2068,151.7399,,3823,8645,1690,110,,,32,208,96,0,0,0,0,0,0,1,18,255,0,0,0,21,208,64,0,0,0,0,0,0,12,53,255,0,0,0,100,
7495,209948,3,NK,B,781,04-Apr-2023,21:17:00,-23.1617,151.7565,,401677665,-124,8,0,04-Apr-2023,21:17:00,-23.1617,151.7565,,4396,9198,2100,126,,,98,136,0,,,,,,,,,,,,,,,,,,,,,,,,,,,,,
7495,209948,3,MB,B,782,04-Apr-2023,23:42:53,-23.1373,151.7748,,401677661,-132,,0,04-Apr-2023,23:42:54,-23.1373,151.7748,,4464,7035,2832,135,,,15,1,16,,,,,,,,,,,,,,,,,,,,,,,,,,,,,
7495,209948,3,NP,B,783,04-Apr-2023,23:42:53,-23.2360,151.7834,,401677665,-137,,0,04-Apr-2023,23:42:54,-23.2360,151.7834,,4399,4664,4149,45,,,15,1,16,,,,,,,,,,,,,,,,,,,,,,,,,,,,,
7495,209948,3,SR,0,784,05-Apr-2023,18:56:26,-23.1785,151.9357,,401677671,-127,50,0,05-Apr-2023,18:55:12,-23.1785,151.9357,140,5907,70996,491,94,,,100,134,0,,,,,,,,,,,,,,,,,,,,,,,,,,,,,
7495,209948,3,SR,0,784,05-Apr-2023,18:56:26,-23.1785,151.9357,,401677671,-127,50,0,05-Apr-2023,18:55:27,-23.1785,151.9357,140,5907,70996,491,94,,,10,1,16,,,,,,,,,,,,,,,,,,,,,,,,,,,,,
7495,209948,3,SR,0,784,05-Apr-2023,18:56:26,-23.1785,151.9357,,401677671,-127,50,0,05-Apr-2023,18:56:14,-23.1785,151.9357,140,5907,70996,491,94,,,27,143,28,,,,,,,,,,,,,,,,,,,,,,,,,,,,,
7495,209948,23,SR,0,784,05-Apr-2023,18:56:26,-23.1785,151.9357,,401677671,-127,50,0,05-Apr-2023,18:57:00,-23.1785,151.9357,140,5907,70996,491,94,,,79,80,165,253,40,150,250,144,70,204,118,239,148,153,103,42,114,53,180,194,132,113,15,,,,,,,,,
7495,209948,3,SR,0,784,05-Apr-2023,18:56:26,-23.1785,151.9357,,401677671,-127,50,0,05-Apr-2023,18:57:15,-23.1785,151.9357,140,5907,70996,491,94,,,71,68,5,,,,,,,,,,,,,,,,,,,,,,,,,,,,,
7495,209948,3,SR,0,784,05-Apr-2023,18:56:26,-23.1785,151.9357,,401677671,-127,50,0,05-Apr-2023,18:57:32,-23.1785,151.9357,140,5907,70996,491,94,,,90,208,80,,,,,,,,,,,,,,,,,,,,,,,,,,,,,
7495,209948,3,NK,B,785,05-Apr-2023,19:15:02,-23.1764,151.9366,,401677665,-140,6,0,05-Apr-2023,19:15:03,-23.1764,151.9366,,5490,19740,1526,94,,,89,223,80,,,,,,,,,,,,,,,,,,,,,,,,,,,,,
7495,209948,3,NK,2,786,05-Apr-2023,20:54:00,-23.1855,151.8134,,401677651,-127,58,0,05-Apr-2023,20:50:30,-23.1855,151.8134,338,336,817,138,98,,,27,143,28,,,,,,,,,,,,,,,,,,,,,,,,,,,,,
7495,209948,3,NK,2,786,05-Apr-2023,20:54:00,-23.1855,151.8134,,401677651,-127,58,0,05-Apr-2023,20:53:33,-23.1855,151.8134,338,336,817,138,98,,,71,68,5,,,,,,,,,,,,,,,,,,,,,,,,,,,,,
7495,209948,3,NK,2,786,05-Apr-2023,20:54:00,-23.1855,151.8134,,401677651,-127,58,0,05-Apr-2023,20:55:49,-23.1855,151.8134,338,336,817,138,98,,,92,254,80,,,,,,,,,,,,,,,,,,,,,,,,,,,,,
7495,209948,3,NK,2,786,05-Apr-2023,20:54:00,-23.1855,151.8134,,401677651,-127,58,0,05-Apr-2023,20:56:08,-23.1855,151.8134,338,336,817,138,98,,,97,135,0,,,,,,,,,,,,,,,,,,,,,,,,,,,,,
7495,209948,3,NK,B,787,06-Apr-2023,09:16:59,-23.2080,151.8431,,401677645,-123,,1,06-Apr-2023,09:21:30,-23.2080,151.8431,,5475,145360,206,39,,,15,1,16,,,,,,,,,,,,,,,,,,,,,,,,,,,,,
7495,209948,3,NP,B,788,06-Apr-2023,10:23:33,-23.2979,151.8405,,401677639,-126,,0,06-Apr-2023,10:23:33,-23.2979,151.8405,,6500,23311,1812,81,,,74,77,5,,,,,,,,,,,,,,,,,,,,,,,,,,,,,
7495,209948,3,MC,B,789,06-Apr-2023,11:04:46,-23.3043,151.7892,,401677638,-119,8,0,06-Apr-2023,11:04:28,-23.3043,151.7892,37,4661,61673,352,66,,,90,62,81,,,,,,,,,,,,,,,,,,,,,,,,,,,,,
7495,209948,3,MC,B,789,06-Apr-2023,11:04:46,-23.3043,151.7892,,401677638,-119,8,0,06-Apr-2023,11:05:05,-23.3043,151.7892,37,4661,61673,352,66,,,97,135,0,,,,,,,,,,,,,,,,,,,,,,,,,,,,,
7495,209948,3,MB,B,790,06-Apr-2023,11:50:23,-23.3126,151.7675,,401677651,-132,7,0,06-Apr-2023,11:50:23,-23.3126,151.7675,,2681,6981,1029,65,,,15,1,16,,,,,,,,,,,,,,,,,,,,,,,,,,,,,
7495,209948,3,NP,B,791,06-Apr-2023,12:03:43,-23.3133,151.7658,,401677652,-134,6,0,06-Apr-2023,12:03:43,-23.3133,151.7658,,1959,4703,815,67,,,68,75,5,,,,,,,,,,,,,,,,,,,,,,,,,,,,,
7495,209948,3,MC,B,792,06-Apr-2023,12:44:52,-23.3161,151.7616,,401677646,-124,8,0,06-Apr-2023,12:44:53,-23.3161,151.7616,,2040,4131,1007,66,,,89,76,105,,,,,,,,,,,,,,,,,,,,,,,,,,,,,
7495,209948,3,NN,B,793,06-Apr-2023,12:53:06,-23.3272,151.7367,,401677647,-124,6,0,06-Apr-2023,12:53:07,-23.3272,151.7367,351,978,8464,112,158,,,27,143,28,,,,,,,,,,,,,,,,,,,,,,,,,,,,,
7495,209948,3,NN,B,793,06-Apr-2023,12:53:06,-23.3272,151.7367,,401677647,-124,6,0,06-Apr-2023,12:58:58,-23.3272,151.7367,351,978,8464,112,158,,,65,74,5,,,,,,,,,,,,,,,,,,,,,,,,,,,,,
7495,209948,3,SR,B,794,06-Apr-2023,18:22:40,-23.3264,151.7664,,401677643,-138,8,0,06-Apr-2023,18:21:54,-23.3264,151.7664,93,1731,6941,431,161,,,107,133,0,,,,,,,,,,,,,,,,,,,,,,,,,,,,,
7495,209948,3,SR,B,794,06-Apr-2023,18:22:40,-23.3264,151.7664,,401677643,-138,8,0,06-Apr-2023,18:23:27,-23.3264,151.7664,93,1731,6941,431,161,,,91,234,81,,,,,,,,,,,,,,,,,,,,,,,,,,,,,
7495,209948,3,SR,0,795,07-Apr-2023,07:04:15,-23.1673,151.9396,,401677642,-122,40,0,07-Apr-2023,07:03:40,-23.1673,151.9396,178,11828,235406,594,81,,,81,56,82,,,,,,,,,,,,,,,,,,,,,,,,,,,,,
7495,209948,3,SR,0,795,07-Apr-2023,07:04:15,-23.1673,151.9396,,401677642,-122,40,0,07-Apr-2023,07:03:56,-23.1673,151.9396,178,11828,235406,594,81,,,96,130,0,,,,,,,,,,,,,,,,,,,,,,,,,,,,,
7495,209948,3,SR,0,795,07-Apr-2023,07:04:15,-23.1673,151.9396,,401677642,-122,40,1,07-Apr-2023,07:04:22,-23.1673,151.9396,178,11828,235406,594,81,,,15,1,16,,,,,,,,,,,,,,,,,,,,,,,,,,,,,
7495,209948,3,SR,0,795,07-Apr-2023,07:04:15,-23.1673,151.9396,,401677642,-122,40,0,07-Apr-2023,07:06:38,-23.1673,151.9396,178,11828,235406,594,81,,,101,131,0,,,,,,,,,,,,,,,,,,,,,,,,,,,,,
7495,209948,3,NK,A,796,07-Apr-2023,10:34:02,-23.2231,151.8215,,401677645,-127,8,0,07-Apr-2023,10:31:15,-23.2231,151.8215,277,1534,6152,382,174,,,86,124,82,,,,,,,,,,,,,,,,,,,,,,,,,,,,,
7495,209948,3,NK,A,796,07-Apr-2023,10:34:02,-23.2231,151.8215,,401677645,-127,8,0,07-Apr-2023,10:35:00,-23.2231,151.8215,277,1534,6152,382,174,,,67,63,5,,,,,,,,,,,,,,,,,,,,,,,,,,,,,
7495,209948,3,NK,A,796,07-Apr-2023,10:34:02,-23.2231,151.8215,,401677645,-127,8,0,07-Apr-2023,10:35:52,-23.2231,151.8215,277,1534,6152,382,174,,,90,129,82,,,,,,,,,,,,,,,,,,,,,,,,,,,,,
7495,209948,3,MC,2,797,07-Apr-2023,10:39:03,-23.2410,151.8316,,401677630,-132,56,0,07-Apr-2023,10:38:53,-23.2410,151.8316,657,313,491,199,59,,,15,1,16,,,,,,,,,,,,,,,,,,,,,,,,,,,,,
7495,209948,3,MC,2,797,07-Apr-2023,10:39:03,-23.2410,151.8316,,401677630,-132,56,0,07-Apr-2023,10:39:15,-23.2410,151.8316,657,313,491,199,59,,,27,143,28,,,,,,,,,,,,,,,,,,,,,,,,,,,,,
7495,209948,3,MC,2,797,07-Apr-2023,10:39:03,-23.2410,151.8316,,401677630,-132,56,0,07-Apr-2023,10:45:19,-23.2410,151.8316,657,313,491,199,59,,,100,133,224,,,,,,,,,,,,,,,,,,,,,,,,,,,,,
7495,209948,3,MC,2,797,07-Apr-2023,10:39:03,-23.2410,151.8316,,401677630,-132,56,1,07-Apr-2023,10:46:14,-23.2410,151.8316,657,313,491,199,59,,,15,1,16,,,,,,,,,,,,,,,,,,,,,,,,,,,,,
7495,209948,3,MC,2,797,07-Apr-2023,10:39:03,-23.2410,151.8316,,401677630,-132,56,1,07-Apr-2023,10:47:24,-23.2410,151.8316,657,313,491,199,59,,,27,143,28,,,,,,,,,,,,,,,,,,,,,,,,,,,,,
7495,209948,3,MC,2,797,07-Apr-2023,10:39:03,-23.2410,151.8316,,401677630,-132,56,0,07-Apr-2023,10:47:43,-23.2410,151.8316,657,313,491,199,59,,,70,65,5,,,,,,,,,,,,,,,,,,,,,,,,,,,,,
7495,209948,23,MC,2,797,07-Apr-2023,10:39:03,-23.2410,151.8316,,401677630,-132,56,0,07-Apr-2023,10:48:26,-23.2410,151.8316,657,313,491,199,59,,,66,208,165,253,40,150,250,144,67,171,176,219,88,165,33,12,1,159,26,211,225,123,241,,,,,,,,,
7495,209948,3,MC,2,797,07-Apr-2023,10:39:03,-23.2410,151.8316,,401677630,-132,56,0,07-Apr-2023,10:48:54,-23.2410,151.8316,657,313,491,199,59,,,90,145,82,,,,,,,,,,,,,,,,,,,,,,,,,,,,,
7495,209948,3,MC,2,797,07-Apr-2023,10:39:03,-23.2410,151.8316,,401677630,-132,56,0,07-Apr-2023,10:49:50,-23.2410,151.8316,657,313,491,199,59,,,97,135,0,,,,,,,,,,,,,,,,,,,,,,,,,,,,,
7495,209948,3,NN,B,798,07-Apr-2023,10:58:41,-23.2425,151.8285,,401677614,-137,6,0,07-Apr-2023,10:58:42,-23.2425,151.8285,,2195,2425,1986,92,,,81,150,82,,,,,,,,,,,,,,,,,,,,,,,,,,,,,
7495,209948,3,NP,B,799,07-Apr-2023,11:54:51,-23.1643,151.9419,,401677611,-131,8,0,07-Apr-2023,11:54:52,-23.1643,151.9419,,8616,13724,5408,90,,,101,131,23,,,,,,,,,,,,,,,,,,,,,,,,,,,,,
7495,209948,23,A1,2,800,08-Apr-2023,07:35:43,-23.2401,151.7990,,401677651,-121,50,0,08-Apr-2023,07:33:33,-23.2401,151.7990,256,422,3707,48,102,,,93,80,165,253,40,150,250,144,68,30,195,85,86,166,27,16,7,105,26,212,65,127,192,,,,,,,,,
7495,209948,3,A1,2,800,08-Apr-2023,07:35:43,-23.2401,151.7990,,401677651,-121,50,0,08-Apr-2023,07:34:50,-23.2401,151.7990,256,422,3707,48,102,,,77,70,5,,,,,,,,,,,,,,,,,,,,,,,,,,,,,
7495,209948,3,A1,2,800,08-Apr-2023,07:35:43,-23.2401,151.7990,,401677651,-121,50,0,08-Apr-2023,07:35:05,-23.2401,151.7990,256,422,3707,48,102,,,95,17,83,,,,,,,,,,,,,,,,,,,,,,,,,,,,,
7495,209948,3,A1,2,800,08-Apr-2023,07:35:43,-23.2401,151.7990,,401677651,-121,50,0,08-Apr-2023,07:35:25,-23.2401,151.7990,256,422,3707,48,102,,,107,133,0,,,,,,,,,,,,,,,,,,,,,,,,,,,,,
7495,209948,3,A1,2,800,08-Apr-2023,07:35:43,-23.2401,151.7990,,401677651,-121,50,1,08-Apr-2023,07:36:15,-23.2401,151.7990,256,422,3707,48,102,,,27,143,28,,,,,,,,,,,,,,,,,,,,,,,,,,,,,
7495,209948,3,A1,2,800,08-Apr-2023,07:35:43,-23.2401,151.7990,,401677651,-121,50,0,08-Apr-2023,07:36:49,-23.2401,151.7990,256,422,3707,48,102,,,72,71,5,,,,,,,,,,,,,,,,,,,,,,,,,,,,,
7495,209948,3,A1,2,800,08-Apr-2023,07:35:43,-23.2401,151.7990,,401677651,-121,50,0,08-Apr-2023,07:37:07,-23.2401,151.7990,256,422,3707,48,102,,,84,22,83,,,,,,,,,,,,,,,,,,,,,,,,,,,,,
7495,209948,3,A1,2,800,08-Apr-2023,07:35:43,-23.2401,151.7990,,401677651,-121,50,0,08-Apr-2023,07:37:29,-23.2401,151.7990,256,422,3707,48,102,,,97,135,0,,,,,,,,,,,,,,,,,,,,,,,,,,,,,
7495,209948,3,A1,2,800,08-Apr-2023,07:35:43,-23.2401,151.7990,,401677651,-121,50,2,08-Apr-2023,07:37:49,-23.2401,151.7990,256,422,3707,48,102,,,15,1,16,,,,,,,,,,,,,,,,,,,,,,,,,,,,,
7495,209948,23,NP,B,801,08-Apr-2023,09:56:37,-23.2432,151.7930,,401677645,-129,8,0,08-Apr-2023,09:56:38,-23.2432,151.7930,,6460,7483,5576,104,,,78,144,165,253,40,150,250,144,68,40,116,84,212,166,77,14,3,96,26,212,97,127,192,,,,,,,,,
7495,209948,3,NK,B,802,08-Apr-2023,21:16:53,-23.1267,151.8304,,401677621,-124,8,0,08-Apr-2023,21:16:06,-23.1267,151.8304,95,7484,295109,189,89,,,85,51,83,,,,,,,,,,,,,,,,,,,,,,,,,,,,,
7495,209948,3,NK,B,802,08-Apr-2023,21:16:53,-23.1267,151.8304,,401677621,-124,8,0,08-Apr-2023,21:17:41,-23.1267,151.8304,95,7484,295109,189,89,,,27,143,28,,,,,,,,,,,,,,,,,,,,,,,,,,,,,
7495,209948,3,NP,B,803,08-Apr-2023,21:17:40,-23.1267,151.8273,,401677614,-131,6,0,08-Apr-2023,21:17:41,-23.1267,151.8273,,2092,46443,94,89,,,27,143,28,,,,,,,,,,,,,,,,,,,,,,,,,,,,,
7495,209948,3,NP,B,804,09-Apr-2023,21:07:47,-23.1049,151.7382,,401677631,-133,,0,09-Apr-2023,21:07:47,-23.1049,151.7382,,4856,6874,3429,120,,,83,82,83,,,,,,,,,,,,,,,,,,,,,,,,,,,,,
7495,209948,3,MB,B,805,09-Apr-2023,22:02:46,-23.2582,151.8487,,401677649,-133,7,0,09-Apr-2023,22:02:47,-23.2582,151.8487,,7810,11609,5254,55,,,73,61,5,,,,,,,,,,,,,,,,,,,,,,,,,,,,,
7495,209948,3,MB,B,806,09-Apr-2023,23:44:19,-23.2618,151.9348,,401677656,-134,8,0,09-Apr-2023,23:44:19,-23.2618,151.9348,,9010,13820,5873,84,,,15,1,21,,,,,,,,,,,,,,,,,,,,,,,,,,,,,
7495,209948,3,SR,B,807,10-Apr-2023,07:16:20,-23.2275,151.9995,,401677633,-126,8,0,10-Apr-2023,07:16:21,-23.2275,151.9995,,10532,14337,7736,115,,,15,1,16,,,,,,,,,,,,,,,,,,,,,,,,,,,,,
7495,209948,3,NP,1,808,10-Apr-2023,11:11:35,-23.1416,151.8763,,401677667,-137,58,0,10-Apr-2023,11:11:36,-23.1416,151.8763,352,716,1235,415,78,,,100,134,0,,,,,,,,,,,,,,,,,,,,,,,,,,,,,
7495,209948,3,NP,1,808,10-Apr-2023,11:11:35,-23.1416,151.8763,,401677667,-137,58,0,10-Apr-2023,11:15:28,-23.1416,151.8763,352,716,1235,415,78,,,27,143,28,,,,,,,,,,,,,,,,,,,,,,,,,,,,,
7495,209948,3,NP,1,808,10-Apr-2023,11:11:35,-23.1416,151.8763,,401677667,-137,58,1,10-Apr-2023,11:17:28,-23.1416,151.8763,352,716,1235,415,78,,,15,1,16,,,,,,,,,,,,,,,,,,,,,,,,,,,,,
7495,209948,3,MC,A,809,10-Apr-2023,11:19:59,-23.1392,151.8768,,401677651,-122,6,0,10-Apr-2023,11:17:28,-23.1392,151.8768,670,568,3275,98,90,,,15,1,16,,,,,,,,,,,,,,,,,,,,,,,,,,,,,
7495,209948,3,MC,A,809,10-Apr-2023,11:19:59,-23.1392,151.8768,,401677651,-122,6,0,10-Apr-2023,11:22:32,-23.1392,151.8768,670,568,3275,98,90,,,27,143,28,,,,,,,,,,,,,,,,,,,,,,,,,,,,,
7495,209948,3,MC,A,809,10-Apr-2023,11:19:59,-23.1392,151.8768,,401677651,-122,6,0,10-Apr-2023,11:28:38,-23.1392,151.8768,670,568,3275,98,90,,,89,161,83,,,,,,,,,,,,,,,,,,,,,,,,,,,,,
7495,209948,3,NN,1,810,10-Apr-2023,12:04:44,-23.1520,151.8827,,401677646,-125,58,0,10-Apr-2023,12:04:02,-23.1520,151.8827,77,887,4516,174,90,,,27,143,28,,,,,,,,,,,,,,,,,,,,,,,,,,,,,
7495,209948,3,NN,1,810,10-Apr-2023,12:04:44,-23.1520,151.8827,,401677646,-125,58,0,10-Apr-2023,12:04:33,-23.1520,151.8827,77,887,4516,174,90,,,73,61,5,,,,,,,,,,,,,,,,,,,,,,,,,,,,,
7495,209948,3,NN,1,810,10-Apr-2023,12:04:44,-23.1520,151.8827,,401677646,-125,58,0,10-Apr-2023,12:05:04,-23.1520,151.8827,77,887,4516,174,90,,,87,167,83,,,,,,,,,,,,,,,,,,,,,,,,,,,,,
7495,209948,3,NN,1,810,10-Apr-2023,12:04:44,-23.1520,151.8827,,401677646,-125,58,0,10-Apr-2023,12:05:19,-23.1520,151.8827,77,887,4516,174,90,,,107,133,0,,,,,,,,,,,,,,,,,,,,,,,,,,,,,
7495,209948,3,MC,B,811,11-Apr-2023,11:01:49,-23.0547,151.9182,,401677655,-116,,0,11-Apr-2023,11:01:50,-23.0547,151.9182,,3347,7156,1565,128,,,95,240,83,,,,,,,,,,,,,,,,,,,,,,,,,,,,,
7495,209948,3,NP,B,812,11-Apr-2023,11:01:49,-23.1394,151.8647,,401677650,-127,,0,11-Apr-2023,11:01:50,-23.1394,151.8647,,4926,9379,2587,45,,,95,240,83,,,,,,,,,,,,,,,,,,,,,,,,,,,,,
7495,209948,3,NP,B,813,11-Apr-2023,20:35:53,-23.1275,151.9852,,401677653,-137,8,0,11-Apr-2023,20:35:53,-23.1275,151.9852,,3563,5827,2178,84,,,13,54,38,,,,,,,,,,,,,,,,,,,,,,,,,,,,,
7495,209948,3,NN,B,814,11-Apr-2023,23:15:29,-23.1144,151.9554,,401677669,-133,8,0,11-Apr-2023,23:15:30,-23.1144,151.9554,,4222,5331,3343,174,,,70,62,5,,,,,,,,,,,,,,,,,,,,,,,,,,,,,
7495,209948,3,MC,0,815,11-Apr-2023,23:49:40,-23.1722,151.9516,,401677660,-130,48,0,11-Apr-2023,23:48:47,-23.1722,151.9516,133,15760,173973,1427,124,,,27,143,28,,,,,,,,,,,,,,,,,,,,,,,,,,,,,
7495,209948,3,MC,0,815,11-Apr-2023,23:49:40,-23.1722,151.9516,,401677660,-130,48,0,11-Apr-2023,23:49:02,-23.1722,151.9516,133,15760,173973,1427,124,,,75,64,5,,,,,,,,,,,,,,,,,,,,,,,,,,,,,
7495,209948,31,MC,0,815,11-Apr-2023,23:49:40,-23.1722,151.9516,,401677660,-130,48,0,11-Apr-2023,23:49:51,-23.1722,151.9516,133,15760,173973,1427,124,,,32,209,96,0,0,0,0,0,0,31,179,255,0,0,0,70,209,64,0,0,0,0,0,0,0,78,255,0,0,0,75,
7495,209948,3,MC,0,815,11-Apr-2023,23:49:40,-23.1722,151.9516,,401677660,-130,48,0,11-Apr-2023,23:51:00,-23.1722,151.9516,133,15760,173973,1427,124,,,82,21,84,,,,,,,,,,,,,,,,,,,,,,,,,,,,,
7495,209948,3,SR,B,816,12-Apr-2023,18:37:34,-23.5609,151.6656,Lat > 4 deviations from mean,401677748,-136,,0,12-Apr-2023,18:37:35,-23.5609,151.6656,,14494,19992,10507,76,,,107,133,0,,,,,,,,,,,,,,,,,,,,,,,,,,,,,
7495,209948,3,SR,0,817,12-Apr-2023,20:15:17,-23.1240,151.8110,,401677653,-127,48,0,12-Apr-2023,20:08:20,-23.1240,151.8110,527,1723,5408,548,83,,,110,132,0,,,,,,,,,,,,,,,,,,,,,,,,,,,,,
7495,209948,3,SR,0,817,12-Apr-2023,20:15:17,-23.1240,151.8110,,401677653,-127,48,0,12-Apr-2023,20:09:30,-23.1240,151.8110,527,1723,5408,548,83,,,27,173,127,,,,,,,,,,,,,,,,,,,,,,,,,,,,,
7495,209948,3,SR,0,817,12-Apr-2023,20:15:17,-23.1240,151.8110,,401677653,-127,48,0,12-Apr-2023,20:09:56,-23.1240,151.8110,527,1723,5408,548,83,,,68,75,5,,,,,,,,,,,,,,,,,,,,,,,,,,,,,
7495,209948,3,SR,0,817,12-Apr-2023,20:15:17,-23.1240,151.8110,,401677653,-127,48,0,12-Apr-2023,20:10:45,-23.1240,151.8110,527,1723,5408,548,83,,,101,131,0,,,,,,,,,,,,,,,,,,,,,,,,,,,,,
7495,209948,3,SR,0,817,12-Apr-2023,20:15:17,-23.1240,151.8110,,401677653,-127,48,0,12-Apr-2023,20:11:51,-23.1240,151.8110,527,1723,5408,548,83,,,212,47,223,,,,,,,,,,,,,,,,,,,,,,,,,,,,,
7495,209948,3,SR,0,817,12-Apr-2023,20:15:17,-23.1240,151.8110,,401677653,-127,48,1,12-Apr-2023,20:13:38,-23.1240,151.8110,527,1723,5408,548,83,,,15,1,16,,,,,,,,,,,,,,,,,,,,,,,,,,,,,
7495,209948,3,SR,0,817,12-Apr-2023,20:15:17,-23.1240,151.8110,,401677653,-127,48,0,12-Apr-2023,20:15:04,-23.1240,151.8110,527,1723,5408,548,83,,,27,143,28,,,,,,,,,,,,,,,,,,,,,,,,,,,,,
7495,209948,3,SR,0,817,12-Apr-2023,20:15:17,-23.1240,151.8110,,401677653,-127,48,0,12-Apr-2023,20:15:20,-23.1240,151.8110,527,1723,5408,548,83,,,74,77,5,,,,,,,,,,,,,,,,,,,,,,,,,,,,,
7495,209948,3,SR,0,817,12-Apr-2023,20:15:17,-23.1240,151.8110,,401677653,-127,48,0,12-Apr-2023,20:17:07,-23.1240,151.8110,527,1723,5408,548,83,,,107,133,0,,,,,,,,,,,,,,,,,,,,,,,,,,,,,
7495,209948,23,MC,A,818,12-Apr-2023,21:58:57,-23.1032,151.7251,,401677640,-127,8,0,12-Apr-2023,21:58:26,-23.1032,151.7251,74,33830,102722,11141,114,,,71,144,165,253,40,150,250,144,70,88,149,83,20,169,159,10,1,169,26,208,140,65,77,,,,,,,,,
7495,209948,3,MC,A,818,12-Apr-2023,21:58:57,-23.1032,151.7251,,401677640,-127,8,0,12-Apr-2023,21:58:48,-23.1032,151.7251,74,33830,102722,11141,114,,,78,73,5,,,,,,,,,,,,,,,,,,,,,,,,,,,,,
7495,209948,3,MC,A,818,12-Apr-2023,21:58:57,-23.1032,151.7251,,401677640,-127,8,0,12-Apr-2023,21:59:40,-23.1032,151.7251,74,33830,102722,11141,114,,,83,209,84,,,,,,,,,,,,,,,,,,,,,,,,,,,,,
7495,209948,3,NP,A,819,12-Apr-2023,22:04:02,-23.1175,151.7292,,401677649,-130,6,0,12-Apr-2023,22:03:06,-23.1175,151.7292,93,3563,12998,976,112,,,68,75,5,,,,,,,,,,,,,,,,,,,,,,,,,,,,,
7495,209948,3,NP,A,819,12-Apr-2023,22:04:02,-23.1175,151.7292,,401677649,-130,6,0,12-Apr-2023,22:04:22,-23.1175,151.7292,93,3563,12998,976,112,,,110,132,0,,,,,,,,,,,,,,,,,,,,,,,,,,,,,
7495,209948,3,NP,A,819,12-Apr-2023,22:04:02,-23.1175,151.7292,,401677649,-130,6,0,12-Apr-2023,22:04:39,-23.1175,151.7292,93,3563,12998,976,112,,,15,1,16,,,,,,,,,,,,,,,,,,,,,,,,,,,,,
7495,209948,3,MB,A,820,12-Apr-2023,22:40:58,-23.1676,151.7944,,401677658,-126,7,0,12-Apr-2023,22:40:13,-23.1676,151.7944,84,2416,19839,294,119,,,27,143,28,,,,,,,,,,,,,,,,,,,,,,,,,,,,,
7495,209948,3,MB,A,820,12-Apr-2023,22:40:58,-23.1676,151.7944,,401677658,-126,7,0,12-Apr-2023,22:41:07,-23.1676,151.7944,84,2416,19839,294,119,,,72,199,5,,,,,,,,,,,,,,,,,,,,,,,,,,,,,
7495,209948,3,MB,A,820,12-Apr-2023,22:40:58,-23.1676,151.7944,,401677658,-126,7,0,12-Apr-2023,22:41:37,-23.1676,151.7944,84,2416,19839,294,119,,,86,224,84,,,,,,,,,,,,,,,,,,,,,,,,,,,,,
7495,209948,3,NN,B,821,13-Apr-2023,00:43:32,-23.1569,151.8689,,401677666,-128,8,0,13-Apr-2023,00:43:33,-23.1569,151.8689,,8690,10621,7110,106,,,27,143,28,,,,,,,,,,,,,,,,,,,,,,,,,,,,,
7495,209948,3,SR,B,822,13-Apr-2023,07:18:37,-23.1822,152.0221,,401677702,-121,8,0,13-Apr-2023,07:18:38,-23.1822,152.0221,,15628,35612,6857,89,,,84,52,85,,,,,,,,,,,,,,,,,,,,,,,,,,,,,
7495,209948,3,A1,2,823,13-Apr-2023,19:15:57,-23.2766,151.6846,,401677648,-132,58,0,13-Apr-2023,19:14:10,-23.2766,151.6846,299,453,1439,142,108,,,15,1,16,,,,,,,,,,,,,,,,,,,,,,,,,,,,,
7495,209948,3,A1,2,823,13-Apr-2023,19:15:57,-23.2766,151.6846,,401677648,-132,58,1,13-Apr-2023,19:18:34,-23.2766,151.6846,299,453,1439,142,108,,,107,133,0,,,,,,,,,,,,,,,,,,,,,,,,,,,,,
7495,209948,3,A1,2,823,13-Apr-2023,19:15:57,-23.2766,151.6846,,401677648,-132,58,1,13-Apr-2023,19:19:09,-23.2766,151.6846,299,453,1439,142,108,,,27,143,28,,,,,,,,,,,,,,,,,,,,,,,,,,,,,
7495,209948,3,A1,B,824,13-Apr-2023,20:45:44,-23.2837,151.7136,,401677650,-135,8,0,13-Apr-2023,20:45:35,-23.2837,151.7136,20,3342,5880,1899,70,,,26,173,44,,,,,,,,,,,,,,,,,,,,,,,,,,,,,
7495,209948,3,A1,B,824,13-Apr-2023,20:45:44,-23.2837,151.7136,,401677650,-135,8,0,13-Apr-2023,20:45:55,-23.2837,151.7136,20,3342,5880,1899,70,,,70,65,5,,,,,,,,,,,,,,,,,,,,,,,,,,,,,
7495,209948,3,NK,B,825,13-Apr-2023,20:45:54,-23.2856,151.7052,,401677645,-130,6,0,13-Apr-2023,20:45:55,-23.2856,151.7052,,3765,9225,1536,70,,,70,65,5,,,,,,,,,,,,,,,,,,,,,,,,,,,,,
7495,209948,3,SR,B,826,13-Apr-2023,21:21:49,-23.2891,151.7140,,401677639,-132,8,0,13-Apr-2023,21:21:49,-23.2891,151.7140,,4445,8363,2362,77,,,107,133,0,,,,,,,,,,,,,,,,,,,,,,,,,,,,,
7495,209948,3,NP,B,827,13-Apr-2023,23:41:44,-23.3038,151.7544,,401677652,-140,8,0,13-Apr-2023,23:41:44,-23.3038,151.7544,,2178,3567,1329,74,,,101,131,24,,,,,,,,,,,,,,,,,,,,,,,,,,,,,
7495,209948,3,NN,B,828,14-Apr-2023,00:33:27,-23.2983,151.7433,,401677650,-131,8,0,14-Apr-2023,00:32:43,-23.2983,151.7433,89,2333,9316,584,69,,,79,76,5,,,,,,,,,,,,,,,,,,,,,,,,,,,,,
7495,209948,3,NN,B,828,14-Apr-2023,00:33:27,-23.2983,151.7433,,401677650,-131,8,0,14-Apr-2023,00:34:12,-23.2983,151.7433,89,2333,9316,584,69,,,92,162,85,,,,,,,,,,,,,,,,,,,,,,,,,,,,,
7495,209948,3,SR,B,829,14-Apr-2023,06:50:59,-23.3129,151.7006,,401677659,-126,8,0,14-Apr-2023,06:50:15,-23.3129,151.7006,89,1562,21929,111,75,,,110,132,0,,,,,,,,,,,,,,,,,,,,,,,,,,,,,
7495,209948,3,SR,B,829,14-Apr-2023,06:50:59,-23.3129,151.7006,,401677659,-126,8,0,14-Apr-2023,06:51:44,-23.3129,151.7006,89,1562,21929,111,75,,,15,133,206,,,,,,,,,,,,,,,,,,,,,,,,,,,,,
7495,209948,3,NP,B,830,14-Apr-2023,12:04:04,-23.3144,151.7601,,401677667,-140,8,0,14-Apr-2023,12:04:05,-23.3144,151.7601,,3083,5302,1792,79,,,15,1,80,,,,,,,,,,,,,,,,,,,,,,,,,,,,,
7495,209948,3,NN,B,831,14-Apr-2023,13:03:28,-23.3167,151.7305,,401677655,-127,8,0,14-Apr-2023,13:03:28,-23.3167,151.7305,,2894,3843,2178,86,,,27,143,28,,,,,,,,,,,,,,,,,,,,,,,,,,,,,
7495,209948,3,SR,2,832,14-Apr-2023,19:16:08,-23.2250,151.6934,,401677646,-124,58,0,14-Apr-2023,19:05:15,-23.2250,151.6934,653,347,746,161,55,,,77,70,7,,,,,,,,,,,,,,,,,,,,,,,,,,,,,
7495,209948,3,SR,2,832,14-Apr-2023,19:16:08,-23.2250,151.6934,,401677646,-124,58,0,14-Apr-2023,19:12:22,-23.2250,151.6934,653,347,746,161,55,,,108,127,0,,,,,,,,,,,,,,,,,,,,,,,,,,,,,
7495,209948,3,SR,2,832,14-Apr-2023,19:16:08,-23.2250,151.6934,,401677646,-124,58,0,14-Apr-2023,19:13:31,-23.2250,151.6934,653,347,746,161,55,,,88,41,222,,,,,,,,,,,,,,,,,,,,,,,,,,,,,
7495,209948,3,SR,2,832,14-Apr-2023,19:16:08,-23.2250,151.6934,,401677646,-124,58,0,14-Apr-2023,19:16:08,-23.2250,151.6934,653,347,746,161,55,,,72,71,5,,,,,,,,,,,,,,,,,,,,,,,,,,,,,
7495,209948,3,SR,B,833,14-Apr-2023,20:45:08,-23.2201,151.6966,,401677643,-138,8,0,14-Apr-2023,20:45:09,-23.2201,151.6966,,2320,2495,2156,83,,,86,240,90,,,,,,,,,,,,,,,,,,,,,,,,,,,,,
7495,209948,3,MC,B,834,15-Apr-2023,00:32:14,-23.2169,151.7011,,401677648,-126,8,0,15-Apr-2023,00:32:15,-23.2169,151.7011,,3226,4408,2359,94,,,73,66,5,,,,,,,,,,,,,,,,,,,,,,,,,,,,,
7495,209948,3,SR,2,835,15-Apr-2023,18:39:09,-23.2539,151.7185,,401677645,-129,50,0,15-Apr-2023,18:36:36,-23.2539,151.7185,383,264,556,125,3,,,95,156,86,,,,,,,,,,,,,,,,,,,,,,,,,,,,,
7495,209948,3,SR,2,835,15-Apr-2023,18:39:09,-23.2539,151.7185,,401677645,-129,50,0,15-Apr-2023,18:37:21,-23.2539,151.7185,383,264,556,125,3,,,110,132,0,,,,,,,,,,,,,,,,,,,,,,,,,,,,,
7495,209948,3,SR,2,835,15-Apr-2023,18:39:09,-23.2539,151.7185,,401677645,-129,50,0,15-Apr-2023,18:38:18,-23.2539,151.7185,383,264,556,125,3,,,27,143,28,,,,,,,,,,,,,,,,,,,,,,,,,,,,,
7495,209948,3,SR,2,835,15-Apr-2023,18:39:09,-23.2539,151.7185,,401677645,-129,50,0,15-Apr-2023,18:38:45,-23.2539,151.7185,383,264,556,125,3,,,67,64,5,,,,,,,,,,,,,,,,,,,,,,,,,,,,,
7495,209948,3,SR,2,835,15-Apr-2023,18:39:09,-23.2539,151.7185,,401677645,-129,50,0,15-Apr-2023,18:40:26,-23.2539,151.7185,383,264,556,125,3,,,86,161,86,,,,,,,,,,,,,,,,,,,,,,,,,,,,,
7495,209948,3,SR,2,835,15-Apr-2023,18:39:09,-23.2539,151.7185,,401677645,-129,50,0,15-Apr-2023,18:41:16,-23.2539,151.7185,383,264,556,125,3,,,101,131,0,,,,,,,,,,,,,,,,,,,,,,,,,,,,,
7495,209948,3,SR,2,835,15-Apr-2023,18:39:09,-23.2539,151.7185,,401677645,-129,50,1,15-Apr-2023,18:42:59,-23.2539,151.7185,383,264,556,125,3,,,15,1,16,,,,,,,,,,,,,,,,,,,,,,,,,,,,,
7495,209948,3,NK,B,836,15-Apr-2023,19:56:27,-23.2522,151.7206,,401677645,-130,8,0,15-Apr-2023,19:56:27,-23.2522,151.7206,,1455,1629,1298,82,,,96,130,0,,,,,,,,,,,,,,,,,,,,,,,,,,,,,
7495,209948,3,SR,B,837,15-Apr-2023,20:21:02,-23.2435,151.7094,,401677642,-130,8,0,15-Apr-2023,20:17:29,-23.2435,151.7094,426,1124,14643,86,39,,,87,203,86,,,,,,,,,,,,,,,,,,,,,,,,,,,,,
7495,209948,3,SR,B,837,15-Apr-2023,20:21:02,-23.2435,151.7094,,401677642,-130,8,0,15-Apr-2023,20:24:35,-23.2435,151.7094,426,1124,14643,86,39,,,100,134,0,,,,,,,,,,,,,,,,,,,,,,,,,,,,,
7495,209948,3,NP,B,838,15-Apr-2023,23:16:56,-23.2418,151.7080,,401677649,-135,8,0,15-Apr-2023,23:16:56,-23.2418,151.7080,,1975,2705,1441,55,,,100,134,0,,,,,,,,,,,,,,,,,,,,,,,,,,,,,
7495,209948,31,MC,A,839,16-Apr-2023,00:15:58,-23.2261,151.7162,,401677651,-128,8,0,16-Apr-2023,00:15:59,-23.2261,151.7162,120,2463,16028,378,84,,,32,209,224,0,0,0,0,0,0,0,3,255,0,0,0,120,209,192,0,0,0,0,0,0,0,3,255,0,0,0,134,
7495,209948,3,MC,A,839,16-Apr-2023,00:15:58,-23.2261,151.7162,,401677651,-128,8,0,16-Apr-2023,00:17:17,-23.2261,151.7162,120,2463,16028,378,84,,,15,1,16,,,,,,,,,,,,,,,,,,,,,,,,,,,,,
7495,209948,3,MC,A,839,16-Apr-2023,00:15:58,-23.2261,151.7162,,401677651,-128,8,0,16-Apr-2023,00:17:59,-23.2261,151.7162,120,2463,16028,378,84,,,27,143,28,,,,,,,,,,,,,,,,,,,,,,,,,,,,,
7495,209948,3,SR,B,840,16-Apr-2023,05:48:44,-23.1798,151.8539,,401677617,-137,8,0,16-Apr-2023,05:48:01,-23.1798,151.8539,87,2029,7015,586,41,,,77,70,5,,,,,,,,,,,,,,,,,,,,,,,,,,,,,
7495,209948,3,SR,B,840,16-Apr-2023,05:48:44,-23.1798,151.8539,,401677617,-137,8,0,16-Apr-2023,05:49:28,-23.1798,151.8539,87,2029,7015,586,41,,,84,42,87,,,,,,,,,,,,,,,,,,,,,,,,,,,,,
7495,209948,3,A1,B,841,16-Apr-2023,06:38:21,-23.1776,151.8565,,401677611,-137,8,0,16-Apr-2023,06:38:22,-23.1776,151.8565,,2177,5413,875,40,,,27,143,28,,,,,,,,,,,,,,,,,,,,,,,,,,,,,
7495,209948,3,MC,B,842,16-Apr-2023,10:57:35,-23.1707,151.9589,,401677644,-118,8,0,16-Apr-2023,10:57:13,-23.1707,151.9589,45,1631,12631,210,71,,,15,1,16,,,,,,,,,,,,,,,,,,,,,,,,,,,,,
7495,209948,3,MC,B,842,16-Apr-2023,10:57:35,-23.1707,151.9589,,401677644,-118,8,0,16-Apr-2023,10:57:58,-23.1707,151.9589,45,1631,12631,210,71,,,27,143,28,,,,,,,,,,,,,,,,,,,,,,,,,,,,,
7495,209948,3,NN,B,843,16-Apr-2023,10:57:13,-23.1203,151.8939,,401677630,-140,8,0,16-Apr-2023,10:57:13,-23.1203,151.8939,,2672,4422,1614,62,,,15,1,16,,,,,,,,,,,,,,,,,,,,,,,,,,,,,
7495,209948,3,SR,B,844,16-Apr-2023,19:51:46,-23.1729,151.9415,,401677652,-126,8,0,16-Apr-2023,19:51:47,-23.1729,151.9415,,3340,4358,2559,55,,,90,83,87,,,,,,,,,,,,,,,,,,,,,,,,,,,,,
7495,209948,3,A1,B,845,17-Apr-2023,06:23:31,-23.1102,151.9314,,401677653,-139,8,0,17-Apr-2023,06:22:25,-23.1102,151.9314,133,2478,51130,120,68,,,101,131,0,,,,,,,,,,,,,,,,,,,,,,,,,,,,,
7495,209948,3,A1,B,845,17-Apr-2023,06:23:31,-23.1102,151.9314,,401677653,-139,8,0,17-Apr-2023,06:24:38,-23.1102,151.9314,133,2478,51130,120,68,,,111,129,0,,,,,,,,,,,,,,,,,,,,,,,,,,,,,
7495,209948,3,A1,2,846,17-Apr-2023,07:53:37,-23.1506,151.8741,,401677644,-128,58,0,17-Apr-2023,07:51:50,-23.1506,151.8741,208,428,2299,79,100,,,15,1,16,,,,,,,,,,,,,,,,,,,,,,,,,,,,,
7495,209948,3,A1,2,846,17-Apr-2023,07:53:37,-23.1506,151.8741,,401677644,-128,58,0,17-Apr-2023,07:52:27,-23.1506,151.8741,208,428,2299,79,100,,,73,61,1,,,,,,,,,,,,,,,,,,,,,,,,,,,,,
7495,209948,3,A1,2,846,17-Apr-2023,07:53:37,-23.1506,151.8741,,401677644,-128,58,1,17-Apr-2023,07:54:08,-23.1506,151.8741,208,428,2299,79,100,,,27,143,28,,,,,,,,,,,,,,,,,,,,,,,,,,,,,
7495,209948,3,A1,2,846,17-Apr-2023,07:53:37,-23.1506,151.8741,,401677644,-128,58,0,17-Apr-2023,07:54:32,-23.1506,151.8741,208,428,2299,79,100,,,70,62,5,,,,,,,,,,,,,,,,,,,,,,,,,,,,,
7495,209948,3,A1,2,846,17-Apr-2023,07:53:37,-23.1506,151.8741,,401677644,-128,58,0,17-Apr-2023,07:54:52,-23.1506,151.8741,208,428,2299,79,100,,,90,130,87,,,,,,,,,,,,,,,,,,,,,,,,,,,,,
7495,209948,3,A1,2,846,17-Apr-2023,07:53:37,-23.1506,151.8741,,401677644,-128,58,0,17-Apr-2023,07:55:18,-23.1506,151.8741,208,428,2299,79,100,,,101,131,0,,,,,,,,,,,,,,,,,,,,,,,,,,,,,
7495,209948,3,NP,1,847,17-Apr-2023,09:51:58,-23.1872,151.8392,,401677645,-129,58,0,17-Apr-2023,09:51:24,-23.1872,151.8392,254,673,2499,181,112,,,15,1,16,,,,,,,,,,,,,,,,,,,,,,,,,,,,,
7495,209948,3,NP,1,847,17-Apr-2023,09:51:58,-23.1872,151.8392,,401677645,-129,58,0,17-Apr-2023,09:52:07,-23.1872,151.8392,254,673,2499,181,112,,,27,143,28,,,,,,,,,,,,,,,,,,,,,,,,,,,,,
7495,209948,3,NP,1,847,17-Apr-2023,09:51:58,-23.1872,151.8392,,401677645,-129,58,0,17-Apr-2023,09:52:23,-23.1872,151.8392,254,673,2499,181,112,,,67,63,5,,,,,,,,,,,,,,,,,,,,,,,,,,,,,
7495,209948,3,NP,1,847,17-Apr-2023,09:51:58,-23.1872,151.8392,,401677645,-129,58,0,17-Apr-2023,09:55:38,-23.1872,151.8392,254,673,2499,181,112,,,91,135,87,,,,,,,,,,,,,,,,,,,,,,,,,,,,,
7495,209948,3,NP,A,848,17-Apr-2023,21:10:52,-23.2837,151.8818,,401677653,-132,8,0,17-Apr-2023,21:09:44,-23.2837,151.8818,142,1490,10895,203,91,,,85,161,87,,,,,,,,,,,,,,,,,,,,,,,,,,,,,
7495,209948,3,NP,A,848,17-Apr-2023,21:10:52,-23.2837,151.8818,,401677653,-132,8,0,17-Apr-2023,21:10:46,-23.2837,151.8818,142,1490,10895,203,91,,,15,1,16,,,,,,,,,,,,,,,,,,,,,,,,,,,,,
7495,209948,23,NP,A,848,17-Apr-2023,21:10:52,-23.2837,151.8818,,401677653,-132,8,0,17-Apr-2023,21:12:06,-23.2837,151.8818,142,1490,10895,203,91,,,89,80,165,253,40,150,250,144,72,213,116,148,212,175,73,8,1,59,26,211,209,127,192,,,,,,,,,
7495,209948,3,MC,B,849,17-Apr-2023,21:53:45,-23.2893,151.8736,,401677649,-133,8,0,17-Apr-2023,21:53:45,-23.2893,151.8736,,2197,4414,1093,92,,,98,136,0,,,,,,,,,,,,,,,,,,,,,,,,,,,,,
7495,209948,3,NK,B,850,17-Apr-2023,22:29:42,-23.2978,151.8287,,401677627,-133,8,0,17-Apr-2023,22:29:29,-23.2978,151.8287,27,2432,3187,1854,119,,,67,64,5,,,,,,,,,,,,,,,,,,,,,,,,,,,,,
7495,209948,3,NK,B,850,17-Apr-2023,22:29:42,-23.2978,151.8287,,401677627,-133,8,0,17-Apr-2023,22:29:56,-23.2978,151.8287,27,2432,3187,1854,119,,,85,177,87,,,,,,,,,,,,,,,,,,,,,,,,,,,,,
7495,209948,3,NP,B,851,17-Apr-2023,22:50:56,-23.2777,151.8586,,401677626,-127,8,0,17-Apr-2023,22:50:28,-23.2777,151.8586,58,1116,6209,200,112,,,107,133,54,,,,,,,,,,,,,,,,,,,,,,,,,,,,,
7495,209948,3,NP,B,851,17-Apr-2023,22:50:56,-23.2777,151.8586,,401677626,-127,8,0,17-Apr-2023,22:51:26,-23.2777,151.8586,58,1116,6209,200,112,,,15,1,16,,,,,,,,,,,,,,,,,,,,,,,,,,,,,
7495,209948,3,NN,B,852,17-Apr-2023,23:42:13,-23.2789,151.8453,,401677634,-137,8,0,17-Apr-2023,23:42:13,-23.2789,151.8453,,2955,4998,1746,114,,,87,187,87,,,,,,,,,,,,,,,,,,,,,,,,,,,,,
7495,209948,31,SR,2,853,18-Apr-2023,08:06:08,-23.0752,151.8827,,401677647,-122,58,0,18-Apr-2023,08:02:59,-23.0752,151.8827,423,386,1169,127,109,,,32,210,32,0,0,0,0,0,0,0,82,255,0,0,0,194,210,0,0,0,0,0,0,3,54,221,112,13,143,205,127,
7495,209948,3,SR,2,853,18-Apr-2023,08:06:08,-23.0752,151.8827,,401677647,-122,58,0,18-Apr-2023,08:04:06,-23.0752,151.8827,423,386,1169,127,109,,,100,134,0,,,,,,,,,,,,,,,,,,,,,,,,,,,,,
7495,209948,3,SR,2,853,18-Apr-2023,08:06:08,-23.0752,151.8827,,401677647,-122,58,0,18-Apr-2023,08:04:34,-23.0752,151.8827,423,386,1169,127,109,,,15,1,16,,,,,,,,,,,,,,,,,,,,,,,,,,,,,
7495,209948,23,SR,2,853,18-Apr-2023,08:06:08,-23.0752,151.8827,,401677647,-122,58,0,18-Apr-2023,08:05:37,-23.0752,151.8827,423,386,1169,127,109,,,92,80,165,253,40,150,248,152,28,114,47,193,24,10,63,146,0,106,237,111,30,23,43,,,,,,,,,
7495,209948,3,SR,2,853,18-Apr-2023,08:06:08,-23.0752,151.8827,,401677647,-122,58,0,18-Apr-2023,08:06:40,-23.0752,151.8827,423,386,1169,127,109,,,107,133,0,,,,,,,,,,,,,,,,,,,,,,,,,,,,,
7495,209948,3,SR,2,853,18-Apr-2023,08:06:08,-23.0752,151.8827,,401677647,-122,58,0,18-Apr-2023,08:07:36,-23.0752,151.8827,423,386,1169,127,109,,,27,143,28,,,,,,,,,,,,,,,,,,,,,,,,,,,,,
7495,209948,3,SR,2,853,18-Apr-2023,08:06:08,-23.0752,151.8827,,401677647,-122,58,0,18-Apr-2023,08:08:24,-23.0752,151.8827,423,386,1169,127,109,,,71,59,5,,,,,,,,,,,,,,,,,,,,,,,,,,,,,
7495,209948,3,SR,2,853,18-Apr-2023,08:06:08,-23.0752,151.8827,,401677647,-122,58,0,18-Apr-2023,08:10:02,-23.0752,151.8827,423,386,1169,127,109,,,116,15,88,,,,,,,,,,,,,,,,,,,,,,,,,,,,,
7495,209948,3,NP,B,854,18-Apr-2023,09:45:19,-23.0657,151.8694,,401677654,-135,8,0,18-Apr-2023,09:45:19,-23.0657,151.8694,,5254,5661,4876,81,,,27,143,28,,,,,,,,,,,,,,,,,,,,,,,,,,,,,
7495,209948,3,NN,B,855,18-Apr-2023,23:25:36,-23.1008,151.8725,,401677661,-135,,0,18-Apr-2023,23:25:36,-23.1008,151.8725,,11531,29784,4464,89,,,83,52,88,,,,,,,,,,,,,,,,,,,,,,,,,,,,,
7495,209948,3,NN,B,856,19-Apr-2023,23:15:18,-23.0721,151.5447,,401677681,-131,,0,19-Apr-2023,23:15:19,-23.0721,151.5447,,19046,54708,6630,118,,,77,57,5,,,,,,,,,,,,,,,,,,,,,,,,,,,,,
7495,209948,3,SR,B,857,20-Apr-2023,07:05:26,-23.2008,151.7525,,401677648,-132,8,0,20-Apr-2023,07:05:27,-23.2008,151.7525,,7015,17287,2846,111,,,87,209,88,,,,,,,,,,,,,,,,,,,,,,,,,,,,,
7495,209948,3,NP,B,858,20-Apr-2023,10:58:19,-23.2433,151.7588,,401677643,-123,8,0,20-Apr-2023,10:58:19,-23.2433,151.7588,,6576,37974,1138,106,,,94,220,88,,,,,,,,,,,,,,,,,,,,,,,,,,,,,
7495,209948,3,SR,1,859,20-Apr-2023,19:21:01,-23.2636,151.7331,,401677645,-124,48,0,20-Apr-2023,19:17:11,-23.2636,151.7331,603,590,1187,293,86,,,85,37,89,,,,,,,,,,,,,,,,,,,,,,,,,,,,,
7495,209948,3,SR,1,859,20-Apr-2023,19:21:01,-23.2636,151.7331,,401677645,-124,48,0,20-Apr-2023,19:17:53,-23.2636,151.7331,603,590,1187,293,86,,,15,1,16,,,,,,,,,,,,,,,,,,,,,,,,,,,,,
7495,209948,3,SR,1,859,20-Apr-2023,19:21:01,-23.2636,151.7331,,401677645,-124,48,0,20-Apr-2023,19:19:29,-23.2636,151.7331,603,590,1187,293,86,,,115,176,115,,,,,,,,,,,,,,,,,,,,,,,,,,,,,
7495,209948,3,SR,1,859,20-Apr-2023,19:21:01,-23.2636,151.7331,,401677645,-124,48,0,20-Apr-2023,19:21:33,-23.2636,151.7331,603,590,1187,293,86,,,73,49,9,,,,,,,,,,,,,,,,,,,,,,,,,,,,,
7495,209948,3,SR,1,859,20-Apr-2023,19:21:01,-23.2636,151.7331,,401677645,-124,48,0,20-Apr-2023,19:22:47,-23.2636,151.7331,603,590,1187,293,86,,,15,64,105,,,,,,,,,,,,,,,,,,,,,,,,,,,,,
7495,209948,3,SR,1,859,20-Apr-2023,19:21:01,-23.2636,151.7331,,401677645,-124,48,0,20-Apr-2023,19:27:14,-23.2636,151.7331,603,590,1187,293,86,,,107,133,0,,,,,,,,,,,,,,,,,,,,,,,,,,,,,
7495,209948,3,NK,1,860,20-Apr-2023,19:32:51,-23.2751,151.7156,,401677640,-135,56,0,20-Apr-2023,19:29:58,-23.2751,151.7156,369,879,2093,369,29,,,75,55,5,,,,,,,,,,,,,,,,,,,,,,,,,,,,,
7495,209948,3,NK,1,860,20-Apr-2023,19:32:51,-23.2751,151.7156,,401677640,-135,56,0,20-Apr-2023,19:30:40,-23.2751,151.7156,369,879,2093,369,29,,,106,231,50,,,,,,,,,,,,,,,,,,,,,,,,,,,,,
7495,209948,3,NK,1,860,20-Apr-2023,19:32:51,-23.2751,151.7156,,401677640,-135,56,0,20-Apr-2023,19:32:12,-23.2751,151.7156,369,879,2093,369,29,,,27,133,32,,,,,,,,,,,,,,,,,,,,,,,,,,,,,
7495,209948,3,NK,1,860,20-Apr-2023,19:32:51,-23.2751,151.7156,,401677640,-135,56,0,20-Apr-2023,19:35:18,-23.2751,151.7156,369,879,2093,369,29,,,96,131,0,,,,,,,,,,,,,,,,,,,,,,,,,,,,,
7495,209948,3,NK,1,860,20-Apr-2023,19:32:51,-23.2751,151.7156,,401677640,-135,56,0,20-Apr-2023,19:36:07,-23.2751,151.7156,369,879,2093,369,29,,,27,143,28,,,,,,,,,,,,,,,,,,,,,,,,,,,,,
7495,209948,3,NP,B,861,20-Apr-2023,22:10:46,-23.2853,151.7115,,401677640,-124,8,0,20-Apr-2023,22:10:46,-23.2853,151.7115,,4937,5765,4227,103,,,27,143,28,,,,,,,,,,,,,,,,,,,,,,,,,,,,,
7495,209948,3,MC,B,862,21-Apr-2023,00:08:48,-23.2545,151.7295,,401677648,-124,8,0,21-Apr-2023,00:08:49,-23.2545,151.7295,345,3576,76414,167,118,,,27,143,15,,,,,,,,,,,,,,,,,,,,,,,,,,,,,
7495,209948,3,MC,B,862,21-Apr-2023,00:08:48,-23.2545,151.7295,,401677648,-124,8,0,21-Apr-2023,00:14:34,-23.2545,151.7295,345,3576,76414,167,118,,,107,31,228,,,,,,,,,,,,,,,,,,,,,,,,,,,,,
7495,209948,3,NK,B,863,21-Apr-2023,09:38:09,-23.2395,151.7453,,401677639,-127,8,0,21-Apr-2023,09:38:02,-23.2395,151.7453,16,2522,25496,249,78,,,88,162,89,,,,,,,,,,,,,,,,,,,,,,,,,,,,,
7495,209948,3,NK,B,863,21-Apr-2023,09:38:09,-23.2395,151.7453,,401677639,-127,8,0,21-Apr-2023,09:38:18,-23.2395,151.7453,16,2522,25496,249,78,,,100,134,0,,,,,,,,,,,,,,,,,,,,,,,,,,,,,
7495,209948,3,SR,B,864,21-Apr-2023,18:55:32,-23.2257,151.7448,,401677641,-137,8,0,21-Apr-2023,18:55:33,-23.2257,151.7448,,3683,6532,2076,64,,,68,52,5,,,,,,,,,,,,,,,,,,,,,,,,,,,,,
7495,209948,3,A1,0,865,21-Apr-2023,19:52:17,-23.2785,151.6406,,401677646,-122,58,0,21-Apr-2023,19:51:11,-23.2785,151.6406,219,2662,75633,93,77,,,91,93,90,,,,,,,,,,,,,,,,,,,,,,,,,,,,,
7495,209948,3,A1,0,865,21-Apr-2023,19:52:17,-23.2785,151.6406,,401677646,-122,58,0,21-Apr-2023,19:52:57,-23.2785,151.6406,219,2662,75633,93,77,,,15,1,16,,,,,,,,,,,,,,,,,,,,,,,,,,,,,
7495,209948,3,A1,0,865,21-Apr-2023,19:52:17,-23.2785,151.6406,,401677646,-122,58,1,21-Apr-2023,19:54:50,-23.2785,151.6406,219,2662,75633,93,77,,,27,143,28,,,,,,,,,,,,,,,,,,,,,,,,,,,,,
7495,209948,31,NK,1,866,22-Apr-2023,09:10:31,-23.2885,151.7800,,401677648,-125,40,0,22-Apr-2023,09:09:07,-23.2885,151.7800,268,1041,2701,401,148,,,32,210,160,0,0,0,0,0,0,1,255,0,0,0,0,204,210,128,0,0,0,0,0,0,0,255,15,0,0,0,201,
7495,209948,23,NK,1,866,22-Apr-2023,09:10:31,-23.2885,151.7800,,401677648,-125,40,0,22-Apr-2023,09:09:31,-23.2885,151.7800,268,1041,2701,401,148,,,84,80,165,253,40,150,250,144,75,37,78,88,86,180,243,6,1,132,26,210,193,127,192,,,,,,,,,
7495,209948,3,NK,1,866,22-Apr-2023,09:10:31,-23.2885,151.7800,,401677648,-125,40,0,22-Apr-2023,09:09:56,-23.2885,151.7800,268,1041,2701,401,148,,,110,132,0,,,,,,,,,,,,,,,,,,,,,,,,,,,,,
7495,209948,3,NK,1,866,22-Apr-2023,09:10:31,-23.2885,151.7800,,401677648,-125,40,0,22-Apr-2023,09:13:35,-23.2885,151.7800,268,1041,2701,401,148,,,15,1,16,,,,,,,,,,,,,,,,,,,,,,,,,,,,,
7495,209948,3,MB,B,867,22-Apr-2023,11:20:05,-23.3068,151.7427,,401677653,-135,8,0,22-Apr-2023,11:20:06,-23.3068,151.7427,,6639,7541,5844,100,,,107,133,0,,,,,,,,,,,,,,,,,,,,,,,,,,,,,
7495,209948,3,NN,B,868,22-Apr-2023,11:20:05,-23.2961,151.7614,,401677658,-135,,0,22-Apr-2023,11:20:06,-23.2961,151.7614,,8579,18431,3993,66,,,107,133,0,,,,,,,,,,,,,,,,,,,,,,,,,,,,,
7495,209948,3,NK,1,869,22-Apr-2023,20:24:29,-23.1994,151.7946,,401677647,-127,58,0,22-Apr-2023,20:22:52,-23.1994,151.7946,246,914,5928,140,109,,,92,183,90,,,,,,,,,,,,,,,,,,,,,,,,,,,,,
7495,209948,3,NK,1,869,22-Apr-2023,20:24:29,-23.1994,151.7946,,401677647,-127,58,0,22-Apr-2023,20:23:12,-23.1994,151.7946,246,914,5928,140,109,,,104,104,43,,,,,,,,,,,,,,,,,,,,,,,,,,,,,
7495,209948,3,NK,1,869,22-Apr-2023,20:24:29,-23.1994,151.7946,,401677647,-127,58,0,22-Apr-2023,20:23:37,-23.1994,151.7946,246,914,5928,140,109,,,24,159,103,,,,,,,,,,,,,,,,,,,,,,,,,,,,,
7495,209948,3,NK,1,869,22-Apr-2023,20:24:29,-23.1994,151.7946,,401677647,-127,58,1,22-Apr-2023,20:24:12,-23.1994,151.7946,246,914,5928,140,109,,,74,50,5,,,,,,,,,,,,,,,,,,,,,,,,,,,,,
7495,209948,3,NK,1,869,22-Apr-2023,20:24:29,-23.1994,151.7946,,401677647,-127,58,0,22-Apr-2023,20:24:46,-23.1994,151.7946,246,914,5928,140,109,,,101,131,0,,,,,,,,,,,,,,,,,,,,,,,,,,,,,
7495,209948,3,NK,1,869,22-Apr-2023,20:24:29,-23.1994,151.7946,,401677647,-127,58,0,22-Apr-2023,20:26:02,-23.1994,151.7946,246,914,5928,140,109,,,27,143,28,,,,,,,,,,,,,,,,,,,,,,,,,,,,,
7495,209948,3,NK,1,869,22-Apr-2023,20:24:29,-23.1994,151.7946,,401677647,-127,58,0,22-Apr-2023,20:26:25,-23.1994,151.7946,246,914,5928,140,109,,,79,51,5,,,,,,,,,,,,,,,,,,,,,,,,,,,,,
7495,209948,3,NK,1,869,22-Apr-2023,20:24:29,-23.1994,151.7946,,401677647,-127,58,0,22-Apr-2023,20:26:58,-23.1994,151.7946,246,914,5928,140,109,,,81,193,90,,,,,,,,,,,,,,,,,,,,,,,,,,,,,
7495,209948,3,A1,B,870,22-Apr-2023,21:08:17,-23.3570,151.5467,Lon > 4 deviations from mean,401677675,-140,8,0,22-Apr-2023,21:08:17,-23.3570,151.5467,,10918,20853,5716,54,,,81,225,90,,,,,,,,,,,,,,,,,,,,,,,,,,,,,
7495,209948,3,MC,Z,871,22-Apr-2023,21:46:22,-23.1335,151.9510,Lon > 4 deviations from mean,401677669,-128,8,0,22-Apr-2023,21:46:22,-23.1335,151.9510,,16142,91823,2837,74,,,15,1,16,,,,,,,,,,,,,,,,,,,,,,,,,,,,,
7495,209948,3,NP,2,872,22-Apr-2023,21:51:43,-23.1711,151.7672,,401677646,-130,60,0,22-Apr-2023,21:46:22,-25.0558,159.7883,544,418,619,282,111,,,15,1,16,,,,,,,,,,,,,,,,,,,,,,,,,,,,,
7495,209948,3,NP,2,872,22-Apr-2023,21:51:43,-23.1711,151.7672,,401677646,-130,60,0,22-Apr-2023,21:51:02,-25.0558,159.7883,544,418,619,282,111,,,27,143,28,,,,,,,,,,,,,,,,,,,,,,,,,,,,,
7495,209948,3,NP,2,872,22-Apr-2023,21:51:43,-23.1711,151.7672,,401677646,-130,60,0,22-Apr-2023,21:54:04,-25.0558,159.7883,544,418,619,282,111,,,79,51,5,,,,,,,,,,,,,,,,,,,,,,,,,,,,,
7495,209948,3,NP,2,872,22-Apr-2023,21:51:43,-23.1711,151.7672,,401677646,-130,60,0,22-Apr-2023,21:55:26,-25.0558,159.7883,544,418,619,282,111,,,85,245,90,,,,,,,,,,,,,,,,,,,,,,,,,,,,,
7495,209948,23,NK,Z,873,22-Apr-2023,22:03:07,-23.1606,151.8191,,401677640,-129,8,0,22-Apr-2023,22:03:07,-23.1606,151.8191,,23136,197410,2711,66,,,73,176,165,253,40,150,250,144,75,88,233,22,214,181,237,14,1,193,26,211,33,127,192,,,,,,,,,
7495,209948,3,A1,2,874,23-Apr-2023,19:18:33,-23.2311,151.7393,,401677648,-131,50,0,23-Apr-2023,19:16:39,-23.2311,151.7393,271,380,1225,117,105,,,15,9,103,,,,,,,,,,,,,,,,,,,,,,,,,,,,,
7495,209948,3,A1,2,874,23-Apr-2023,19:18:33,-23.2311,151.7393,,401677648,-131,50,0,23-Apr-2023,19:16:56,-23.2311,151.7393,271,380,1225,117,105,,,27,143,28,,,,,,,,,,,,,,,,,,,,,,,,,,,,,
7495,209948,3,A1,2,874,23-Apr-2023,19:18:33,-23.2311,151.7393,,401677648,-131,50,0,23-Apr-2023,19:18:13,-23.2311,151.7393,271,380,1225,117,105,,,15,1,16,,,,,,,,,,,,,,,,,,,,,,,,,,,,,
7495,209948,3,A1,2,874,23-Apr-2023,19:18:33,-23.2311,151.7393,,401677648,-131,50,0,23-Apr-2023,19:19:50,-23.2311,151.7393,271,380,1225,117,105,,,110,132,0,,,,,,,,,,,,,,,,,,,,,,,,,,,,,
7495,209948,23,A1,2,874,23-Apr-2023,19:18:33,-23.2311,151.7393,,401677648,-131,50,0,23-Apr-2023,19:21:10,-23.2311,151.7393,271,380,1225,117,105,,,84,176,165,253,40,150,250,144,75,206,10,83,148,182,81,8,1,152,26,210,225,125,128,,,,,,,,,
7495,209948,3,SR,2,875,23-Apr-2023,19:26:37,-23.2256,151.7299,,401677645,-125,56,0,23-Apr-2023,19:23:11,-23.2256,151.7299,547,316,576,173,107,,,13,1,16,,,,,,,,,,,,,,,,,,,,,,,,,,,,,
7495,209948,3,SR,2,875,23-Apr-2023,19:26:37,-23.2256,151.7299,,401677645,-125,56,0,23-Apr-2023,19:24:22,-23.2256,151.7299,547,316,576,173,107,,,81,47,91,,,,,,,,,,,,,,,,,,,,,,,,,,,,,
7495,209948,3,SR,2,875,23-Apr-2023,19:26:37,-23.2256,151.7299,,401677645,-125,56,0,23-Apr-2023,19:24:47,-23.2256,151.7299,547,316,576,173,107,,,107,133,0,,,,,,,,,,,,,,,,,,,,,,,,,,,,,
7495,209948,3,SR,2,875,23-Apr-2023,19:26:37,-23.2256,151.7299,,401677645,-125,56,0,23-Apr-2023,19:26:59,-23.2256,151.7299,547,316,576,173,107,,,27,143,28,,,,,,,,,,,,,,,,,,,,,,,,,,,,,
7495,209948,3,SR,2,875,23-Apr-2023,19:26:37,-23.2256,151.7299,,401677645,-125,56,0,23-Apr-2023,19:27:16,-23.2256,151.7299,547,316,576,173,107,,,70,46,5,,,,,,,,,,,,,,,,,,,,,,,,,,,,,
7495,209948,3,SR,2,875,23-Apr-2023,19:26:37,-23.2256,151.7299,,401677645,-125,56,0,23-Apr-2023,19:27:31,-23.2256,151.7299,547,316,576,173,107,,,86,52,91,,,,,,,,,,,,,,,,,,,,,,,,,,,,,
7495,209948,3,SR,2,875,23-Apr-2023,19:26:37,-23.2256,151.7299,,401677645,-125,56,1,23-Apr-2023,19:32:18,-23.2256,151.7299,547,316,576,173,107,,,15,1,16,,,,,,,,,,,,,,,,,,,,,,,,,,,,,
7495,209948,3,NK,B,876,23-Apr-2023,19:59:00,-23.2202,151.7302,,401677647,-129,8,0,23-Apr-2023,19:57:14,-23.2202,151.7302,213,1705,8614,337,94,,,92,73,91,,,,,,,,,,,,,,,,,,,,,,,,,,,,,
7495,209948,3,NK,B,876,23-Apr-2023,19:59:00,-23.2202,151.7302,,401677647,-129,8,0,23-Apr-2023,20:00:47,-23.2202,151.7302,213,1705,8614,337,94,,,110,132,0,,,,,,,,,,,,,,,,,,,,,,,,,,,,,
7495,209948,3,A1,B,877,24-Apr-2023,07:21:47,-23.1803,151.7436,,401677639,-131,8,0,24-Apr-2023,07:21:47,-23.1803,151.7436,,9092,12141,6808,127,,,71,43,5,,,,,,,,,,,,,,,,,,,,,,,,,,,,,
7495,209948,3,SR,B,878,25-Apr-2023,06:06:27,-23.1089,151.7610,,401677635,-139,,0,25-Apr-2023,06:06:28,-23.1089,151.7610,,5068,9581,2680,116,,,92,105,91,,,,,,,,,,,,,,,,,,,,,,,,,,,,,
7495,209948,3,NN,B,879,25-Apr-2023,12:25:52,-22.9830,151.6955,,401677660,-128,8,0,25-Apr-2023,12:25:52,-22.9830,151.6955,,3780,18644,766,86,,,79,51,5,,,,,,,,,,,,,,,,,,,,,,,,,,,,,
7495,209948,23,A1,B,880,25-Apr-2023,20:16:53,-22.9996,151.5418,Lon > 4 deviations from mean,401677659,-133,8,0,25-Apr-2023,20:16:27,-22.9996,151.5418,53,4309,41405,448,112,,,93,240,165,253,40,150,250,144,76,209,193,15,150,182,231,10,1,125,27,211,33,122,192,,,,,,,,,
7495,209948,3,A1,B,880,25-Apr-2023,20:16:53,-22.9996,151.5418,Lon > 4 deviations from mean,401677659,-133,8,0,25-Apr-2023,20:17:20,-22.9996,151.5418,53,4309,41405,448,112,,,85,116,91,,,,,,,,,,,,,,,,,,,,,,,,,,,,,
7495,209948,3,NP,B,881,26-Apr-2023,11:22:25,-23.1218,151.8085,,401677619,-129,,0,26-Apr-2023,11:22:25,-23.1218,151.8085,,8632,13887,5365,50,,,100,134,0,,,,,,,,,,,,,,,,,,,,,,,,,,,,,
7495,209948,3,NN,B,882,26-Apr-2023,12:17:07,-23.1191,151.8109,,401677631,-127,7,0,26-Apr-2023,12:17:08,-23.1191,151.8109,,9834,12785,7563,38,,,107,133,8,,,,,,,,,,,,,,,,,,,,,,,,,,,,,
7495,209948,3,SR,B,883,26-Apr-2023,19:31:51,-23.3140,151.7510,,401677631,-125,8,0,26-Apr-2023,19:31:25,-23.3140,151.7510,53,7629,79805,729,97,,,27,143,28,,,,,,,,,,,,,,,,,,,,,,,,,,,,,
7495,209948,3,SR,B,883,26-Apr-2023,19:31:51,-23.3140,151.7510,,401677631,-125,8,0,26-Apr-2023,19:32:18,-23.3140,151.7510,53,7629,79805,729,97,,,74,34,5,,,,,,,,,,,,,,,,,,,,,,,,,,,,,
7495,209948,3,A1,B,884,26-Apr-2023,19:53:42,-23.3025,151.7018,,401677643,-129,6,0,26-Apr-2023,19:52:58,-23.3025,151.7018,89,2983,140534,63,79,,,91,95,92,,,,,,,,,,,,,,,,,,,,,,,,,,,,,
7495,209948,3,A1,B,884,26-Apr-2023,19:53:42,-23.3025,151.7018,,401677643,-129,6,0,26-Apr-2023,19:54:27,-23.3025,151.7018,89,2983,140534,63,79,,,96,3,5,,,,,,,,,,,,,,,,,,,,,,,,,,,,,
7495,209948,3,SR,B,885,27-Apr-2023,19:04:41,-23.2899,151.7415,,401677667,-131,,0,27-Apr-2023,19:02:31,-23.2899,151.7415,262,2277,53710,96,134,,,27,143,28,,,,,,,,,,,,,,,,,,,,,,,,,,,,,
7495,209948,3,SR,B,885,27-Apr-2023,19:04:41,-23.2899,151.7415,,401677667,-131,,0,27-Apr-2023,19:06:53,-23.2899,151.7415,262,2277,53710,96,134,,,71,43,5,,,,,,,,,,,,,,,,,,,,,,,,,,,,,
7495,209948,3,A1,3,886,27-Apr-2023,19:36:57,-23.2421,151.7166,,401677646,-129,58,0,27-Apr-2023,19:34:27,-23.2421,151.7166,278,143,307,66,85,,,27,143,28,,,,,,,,,,,,,,,,,,,,,,,,,,,,,
7495,209948,3,A1,3,886,27-Apr-2023,19:36:57,-23.2421,151.7166,,401677646,-129,58,0,27-Apr-2023,19:36:00,-23.2421,151.7166,278,143,307,66,85,,,89,21,93,,,,,,,,,,,,,,,,,,,,,,,,,,,,,
7495,209948,3,A1,3,886,27-Apr-2023,19:36:57,-23.2421,151.7166,,401677646,-129,58,0,27-Apr-2023,19:36:20,-23.2421,151.7166,278,143,307,66,85,,,101,131,0,,,,,,,,,,,,,,,,,,,,,,,,,,,,,
7495,209948,3,A1,3,886,27-Apr-2023,19:36:57,-23.2421,151.7166,,401677646,-129,58,0,27-Apr-2023,19:36:42,-23.2421,151.7166,278,143,307,66,85,,,15,1,17,,,,,,,,,,,,,,,,,,,,,,,,,,,,,
7495,209948,3,A1,3,886,27-Apr-2023,19:36:57,-23.2421,151.7166,,401677646,-129,58,0,27-Apr-2023,19:36:58,-23.2421,151.7166,278,143,307,66,85,,,27,143,31,,,,,,,,,,,,,,,,,,,,,,,,,,,,,
7495,209948,3,A1,3,886,27-Apr-2023,19:36:57,-23.2421,151.7166,,401677646,-129,58,0,27-Apr-2023,19:37:36,-23.2421,151.7166,278,143,307,66,85,,,90,26,93,,,,,,,,,,,,,,,,,,,,,,,,,,,,,
7495,209948,3,A1,3,886,27-Apr-2023,19:36:57,-23.2421,151.7166,,401677646,-129,58,0,27-Apr-2023,19:38:34,-23.2421,151.7166,278,143,307,66,85,,,105,126,0,,,,,,,,,,,,,,,,,,,,,,,,,,,,,
7495,209948,23,A1,3,886,27-Apr-2023,19:36:57,-23.2421,151.7166,,401677646,-129,58,0,27-Apr-2023,19:39:05,-23.2421,151.7166,278,143,307,66,85,,,94,208,165,253,40,150,250,144,77,207,44,77,153,176,58,105,164,137,88,32,138,198,161,,,,,,,,,
7495,209948,3,NK,B,887,27-Apr-2023,19:52:16,-23.2364,151.7242,,401677647,-131,6,0,27-Apr-2023,19:51:38,-23.2364,151.7242,77,920,1473,574,134,,,66,42,5,,,,,,,,,,,,,,,,,,,,,,,,,,,,,
7495,209948,3,NK,B,887,27-Apr-2023,19:52:16,-23.2364,151.7242,,401677647,-131,6,0,27-Apr-2023,19:52:55,-23.2364,151.7242,77,920,1473,574,134,,,90,42,93,,,,,,,,,,,,,,,,,,,,,,,,,,,,,
7495,209948,3,SR,B,888,27-Apr-2023,20:42:49,-23.2183,151.7274,,401677633,-130,8,0,27-Apr-2023,20:41:34,-23.2183,151.7274,152,1356,9926,185,155,,,86,73,93,,,,,,,,,,,,,,,,,,,,,,,,,,,,,
7495,209948,3,SR,B,888,27-Apr-2023,20:42:49,-23.2183,151.7274,,401677633,-130,8,0,27-Apr-2023,20:44:06,-23.2183,151.7274,152,1356,9926,185,155,,,15,1,16,,,,,,,,,,,,,,,,,,,,,,,,,,,,,
7495,209948,3,NP,B,889,27-Apr-2023,22:24:14,-23.1913,151.7185,,401677641,-137,8,0,27-Apr-2023,22:24:15,-23.1913,151.7185,,2274,2642,1957,139,,,15,1,16,,,,,,,,,,,,,,,,,,,,,,,,,,,,,
7495,209948,3,NK,B,890,28-Apr-2023,09:54:31,-23.2343,151.7404,,401677645,-123,8,0,28-Apr-2023,09:53:29,-23.2343,151.7404,124,2743,49545,151,54,,,15,3,6,,,,,,,,,,,,,,,,,,,,,,,,,,,,,
7495,209948,23,NK,B,890,28-Apr-2023,09:54:31,-23.2343,151.7404,,401677645,-123,8,0,28-Apr-2023,09:55:33,-23.2343,151.7404,124,2743,49545,151,54,,,74,80,165,253,40,150,250,144,78,40,117,20,150,186,207,6,5,62,27,210,225,127,192,,,,,,,,,
7495,209948,23,MC,A,891,28-Apr-2023,11:56:51,-23.2366,151.7415,,401677642,-127,8,0,28-Apr-2023,11:48:19,-23.2366,151.7415,556,919,7299,115,39,,,76,16,165,253,40,150,250,144,78,48,1,150,212,187,1,8,3,156,27,210,145,127,192,,,,,,,,,
7495,209948,3,MC,A,891,28-Apr-2023,11:56:51,-23.2366,151.7415,,401677642,-127,8,0,28-Apr-2023,11:56:08,-23.2366,151.7415,556,919,7299,115,39,,,81,131,93,,,,,,,,,,,,,,,,,,,,,,,,,,,,,
7495,209948,3,MC,A,891,28-Apr-2023,11:56:51,-23.2366,151.7415,,401677642,-127,8,0,28-Apr-2023,11:57:35,-23.2366,151.7415,556,919,7299,115,39,,,37,131,0,,,,,,,,,,,,,,,,,,,,,,,,,,,,,
7495,209948,23,NN,B,892,28-Apr-2023,11:48:19,-23.2404,151.7032,,401677633,-133,8,0,28-Apr-2023,11:48:19,-23.2404,151.7032,,2111,4907,908,70,,,76,16,165,253,40,150,250,144,78,48,1,150,212,187,1,8,3,156,27,210,145,127,192,,,,,,,,,
7495,209948,3,NN,B,893,28-Apr-2023,13:25:00,-23.2207,151.7360,,401677651,-133,8,0,28-Apr-2023,13:25:01,-23.2207,151.7360,,1579,2196,1134,39,,,77,41,5,,,,,,,,,,,,,,,,,,,,,,,,,,,,,
7495,209948,3,SR,0,894,28-Apr-2023,18:34:23,-23.3169,151.7244,,401677672,-134,48,0,28-Apr-2023,18:32:52,-23.3169,151.7244,163,9723,63768,1482,125,,,88,1,94,,,,,,,,,,,,,,,,,,,,,,,,,,,,,
7495,209948,3,SR,0,894,28-Apr-2023,18:34:23,-23.3169,151.7244,,401677672,-134,48,0,28-Apr-2023,18:33:49,-23.3169,151.7244,163,9723,63768,1482,125,,,15,1,16,,,,,,,,,,,,,,,,,,,,,,,,,,,,,
7495,209948,3,SR,0,894,28-Apr-2023,18:34:23,-23.3169,151.7244,,401677672,-134,48,0,28-Apr-2023,18:35:20,-23.3169,151.7244,163,9723,63768,1482,125,,,15,1,20,,,,,,,,,,,,,,,,,,,,,,,,,,,,,
7495,209948,3,SR,0,894,28-Apr-2023,18:34:23,-23.3169,151.7244,,401677672,-134,48,0,28-Apr-2023,18:35:35,-23.3169,151.7244,163,9723,63768,1482,125,,,27,143,28,,,,,,,,,,,,,,,,,,,,,,,,,,,,,
7495,209948,3,A1, ,895,29-Apr-2023,20:35:11,,,,401650000,-135,,0,29-Apr-2023,20:35:11,,,,,,,,,,101,131,0,,,,,,,,,,,,,,,,,,,,,,,,,,,,,
7495,209948,3,SR, ,896,30-Apr-2023,06:44:30,,,,401650000,-135,,0,30-Apr-2023,06:44:30,,,,,,,,,,27,143,28,,,,,,,,,,,,,,,,,,,,,,,,,,,,,
7495,209948,3,A1,B,897,30-Apr-2023,07:02:51,-23.3046,151.7540,,401677655,-131,,0,30-Apr-2023,07:00:40,-23.3046,151.7540,263,14100,964215,206,64,,,93,193,94,,,,,,,,,,,,,,,,,,,,,,,,,,,,,
7495,209948,31,A1,B,897,30-Apr-2023,07:02:51,-23.3046,151.7540,,401677655,-131,,0,30-Apr-2023,07:05:03,-23.3046,151.7540,263,14100,964215,206,64,,,32,211,160,0,0,0,0,0,0,0,255,0,0,0,0,0,211,128,0,0,0,0,0,0,0,255,0,0,0,0,254,
7495,209948,3,SR,B,898,30-Apr-2023,08:31:31,-23.3126,151.7237,,401677637,-133,8,0,30-Apr-2023,08:31:31,-23.3126,151.7237,,10772,29296,3960,60,,,80,200,94,,,,,,,,,,,,,,,,,,,,,,,,,,,,,
7495,209948,3,NK,B,899,30-Apr-2023,09:10:39,-23.3134,151.7021,,401677652,-131,6,0,30-Apr-2023,09:10:39,-23.3134,151.7021,,3107,7803,1237,56,,,15,1,16,,,,,,,,,,,,,,,,,,,,,,,,,,,,,
7495,209948,3,NP,1,900,30-Apr-2023,10:34:36,-23.3011,151.6369,,401677644,-130,58,0,30-Apr-2023,10:32:40,-23.3011,151.6369,555,891,26802,29,79,,,82,210,94,,,,,,,,,,,,,,,,,,,,,,,,,,,,,
7495,209948,3,NP,1,900,30-Apr-2023,10:34:36,-23.3011,151.6369,,401677644,-130,58,0,30-Apr-2023,10:36:34,-23.3011,151.6369,555,891,26802,29,79,,,110,132,0,,,,,,,,,,,,,,,,,,,,,,,,,,,,,
7495,209948,3,NP,1,900,30-Apr-2023,10:34:36,-23.3011,151.6369,,401677644,-130,58,0,30-Apr-2023,10:40:35,-23.3011,151.6369,555,891,26802,29,79,,,15,1,16,,,,,,,,,,,,,,,,,,,,,,,,,,,,,
7495,209948,3,NP,1,900,30-Apr-2023,10:34:36,-23.3011,151.6369,,401677644,-130,58,0,30-Apr-2023,10:41:28,-23.3011,151.6369,555,891,26802,29,79,,,71,43,5,,,,,,,,,,,,,,,,,,,,,,,,,,,,,
7495,209948,3,NP,1,900,30-Apr-2023,10:34:36,-23.3011,151.6369,,401677644,-130,58,0,30-Apr-2023,10:41:55,-23.3011,151.6369,555,891,26802,29,79,,,83,215,94,,,,,,,,,,,,,,,,,,,,,,,,,,,,,
7495,209948,3,NK,2,901,30-Apr-2023,10:47:34,-23.2957,151.6744,,401677644,-129,56,0,30-Apr-2023,10:41:28,-23.2957,151.6744,551,268,489,146,104,,,71,43,5,,,,,,,,,,,,,,,,,,,,,,,,,,,,,
7495,209948,3,NK,2,901,30-Apr-2023,10:47:34,-23.2957,151.6744,,401677644,-129,56,0,30-Apr-2023,10:47:44,-23.2957,151.6744,551,268,489,146,104,,,66,42,5,,,,,,,,,,,,,,,,,,,,,,,,,,,,,
7495,209948,3,NK,2,901,30-Apr-2023,10:47:34,-23.2957,151.6744,,401677644,-129,56,0,30-Apr-2023,10:48:05,-23.2957,151.6744,551,268,489,146,104,,,84,220,94,,,,,,,,,,,,,,,,,,,,,,,,,,,,,
7495,209948,3,NK,2,901,30-Apr-2023,10:47:34,-23.2957,151.6744,,401677644,-129,56,0,30-Apr-2023,10:48:24,-23.2957,151.6744,551,268,489,146,104,,,111,129,0,,,,,,,,,,,,,,,,,,,,,,,,,,,,,
7495,209948,3,NK,2,901,30-Apr-2023,10:47:34,-23.2957,151.6744,,401677644,-129,56,0,30-Apr-2023,10:49:14,-23.2957,151.6744,551,268,489,146,104,,,15,1,16,,,,,,,,,,,,,,,,,,,,,,,,,,,,,
7495,209948,3,NK,2,901,30-Apr-2023,10:47:34,-23.2957,151.6744,,401677644,-129,56,1,30-Apr-2023,10:50:39,-23.2957,151.6744,551,268,489,146,104,,,27,143,28,,,,,,,,,,,,,,,,,,,,,,,,,,,,,
7495,209948,3,MC,3,902,30-Apr-2023,11:07:11,-23.2863,151.6764,,401677645,-127,56,0,30-Apr-2023,11:06:30,-23.2863,151.6764,391,124,157,96,74,,,83,231,94,,,,,,,,,,,,,,,,,,,,,,,,,,,,,
7495,209948,3,MC,3,902,30-Apr-2023,11:07:11,-23.2863,151.6764,,401677645,-127,56,0,30-Apr-2023,11:07:08,-23.2863,151.6764,391,124,157,96,74,,,96,130,0,,,,,,,,,,,,,,,,,,,,,,,,,,,,,
7495,209948,3,MC,3,902,30-Apr-2023,11:07:11,-23.2863,151.6764,,401677645,-127,56,0,30-Apr-2023,11:07:34,-23.2863,151.6764,391,124,157,96,74,,,15,1,16,,,,,,,,,,,,,,,,,,,,,,,,,,,,,
7495,209948,3,MC,3,902,30-Apr-2023,11:07:11,-23.2863,151.6764,,401677645,-127,56,1,30-Apr-2023,11:08:33,-23.2863,151.6764,391,124,157,96,74,,,27,143,28,,,,,,,,,,,,,,,,,,,,,,,,,,,,,
7495,209948,3,MC,3,902,30-Apr-2023,11:07:11,-23.2863,151.6764,,401677645,-127,56,1,30-Apr-2023,11:09:30,-23.2863,151.6764,391,124,157,96,74,,,71,43,5,,,,,,,,,,,,,,,,,,,,,,,,,,,,,
7495,209948,3,MC,3,902,30-Apr-2023,11:07:11,-23.2863,151.6764,,401677645,-127,56,0,30-Apr-2023,11:10:57,-23.2863,151.6764,391,124,157,96,74,,,84,236,94,,,,,,,,,,,,,,,,,,,,,,,,,,,,,
7495,209948,3,MC,3,902,30-Apr-2023,11:07:11,-23.2863,151.6764,,401677645,-127,56,0,30-Apr-2023,11:12:00,-23.2863,151.6764,391,124,157,96,74,,,101,131,0,,,,,,,,,,,,,,,,,,,,,,,,,,,,,
7495,209948,3,MC,3,902,30-Apr-2023,11:07:11,-23.2863,151.6764,,401677645,-127,56,1,30-Apr-2023,11:12:28,-23.2863,151.6764,391,124,157,96,74,,,15,1,16,,,,,,,,,,,,,,,,,,,,,,,,,,,,,
7495,209948,3,MC,3,902,30-Apr-2023,11:07:11,-23.2863,151.6764,,401677645,-127,56,2,30-Apr-2023,11:13:01,-23.2863,151.6764,391,124,157,96,74,,,27,143,28,,,,,,,,,,,,,,,,,,,,,,,,,,,,,
7495,209948,3,NN,B,903,30-Apr-2023,11:21:10,-23.2862,151.6714,,401677645,-135,6,0,30-Apr-2023,11:21:10,-23.2862,151.6714,,527,582,476,90,,,71,43,5,,,,,,,,,,,,,,,,,,,,,,,,,,,,,
7495,209948,3,MB,3,904,30-Apr-2023,11:56:20,-23.2794,151.6877,,401677645,-131,58,0,30-Apr-2023,11:54:55,-23.2794,151.6877,345,243,317,185,138,,,71,43,5,,,,,,,,,,,,,,,,,,,,,,,,,,,,,
7495,209948,3,MB,3,904,30-Apr-2023,11:56:20,-23.2794,151.6877,,401677645,-131,58,0,30-Apr-2023,11:55:14,-23.2794,151.6877,345,243,317,185,138,,,86,246,94,,,,,,,,,,,,,,,,,,,,,,,,,,,,,
7495,209948,3,MB,3,904,30-Apr-2023,11:56:20,-23.2794,151.6877,,401677645,-131,58,0,30-Apr-2023,11:58:52,-23.2794,151.6877,345,243,317,185,138,,,27,206,28,,,,,,,,,,,,,,,,,,,,,,,,,,,,,
7495,209948,3,MB,3,904,30-Apr-2023,11:56:20,-23.2794,151.6877,,401677645,-131,58,0,30-Apr-2023,12:00:40,-23.2794,151.6877,345,243,317,185,138,,,96,130,0,,,,,,,,,,,,,,,,,,,,,,,,,,,,,
7495,209948,3,NP,B,905,30-Apr-2023,12:14:02,-23.2767,151.6907,,401677647,-136,6,0,30-Apr-2023,12:14:03,-23.2767,151.6907,,819,886,757,90,,,91,1,95,,,,,,,,,,,,,,,,,,,,,,,,,,,,,
7495,209948,3,MC,B,906,30-Apr-2023,12:51:50,-23.2726,151.6956,,401677646,-127,8,0,30-Apr-2023,12:51:51,-23.2726,151.6956,,1166,1306,1040,88,,,15,1,16,,,,,,,,,,,,,,,,,,,,,,,,,,,,,
7495,209948,3,NN,2,907,30-Apr-2023,13:04:27,-23.2694,151.7121,,401677646,-126,56,0,30-Apr-2023,13:01:38,-23.2694,151.7121,581,281,587,134,72,,,110,132,0,,,,,,,,,,,,,,,,,,,,,,,,,,,,,
7495,209948,3,NN,2,907,30-Apr-2023,13:04:27,-23.2694,151.7121,,401677646,-126,56,0,30-Apr-2023,13:04:43,-23.2694,151.7121,581,281,587,134,72,,,15,1,16,,,,,,,,,,,,,,,,,,,,,,,,,,,,,
7495,209948,3,NN,2,907,30-Apr-2023,13:04:27,-23.2694,151.7121,,401677646,-126,56,0,30-Apr-2023,13:07:02,-23.2694,151.7121,581,281,587,134,72,,,27,143,28,,,,,,,,,,,,,,,,,,,,,,,,,,,,,
7495,209948,3,NN,2,907,30-Apr-2023,13:04:27,-23.2694,151.7121,,401677646,-126,56,0,30-Apr-2023,13:11:19,-23.2694,151.7121,581,281,587,134,72,,,71,43,5,,,,,,,,,,,,,,,,,,,,,,,,,,,,,
7495,209948,3,SR,0,908,30-Apr-2023,19:11:25,-23.2669,151.7023,,401677647,-132,48,0,30-Apr-2023,19:08:24,-23.2669,151.7023,371,6612,49267,887,115,,,80,41,95,,,,,,,,,,,,,,,,,,,,,,,,,,,,,
7495,209948,3,SR,0,908,30-Apr-2023,19:11:25,-23.2669,151.7023,,401677647,-132,48,0,30-Apr-2023,19:08:58,-23.2669,151.7023,371,6612,49267,887,115,,,108,127,0,,,,,,,,,,,,,,,,,,,,,,,,,,,,,
7495,209948,3,SR,0,908,30-Apr-2023,19:11:25,-23.2669,151.7023,,401677647,-132,48,0,30-Apr-2023,19:13:45,-23.2669,151.7023,371,6612,49267,887,115,,,82,119,155,,,,,,,,,,,,,,,,,,,,,,,,,,,,,
7495,209948,3,SR,0,908,30-Apr-2023,19:11:25,-23.2669,151.7023,,401677647,-132,48,0,30-Apr-2023,19:14:35,-23.2669,151.7023,371,6612,49267,887,115,,,96,130,0,,,,,,,,,,,,,,,,,,,,,,,,,,,,,
7495,209948,3,NK,B,909,01-May-2023,08:39:38,-23.2403,151.7711,,401677631,-130,,0,01-May-2023,08:39:39,-23.2403,151.7711,,43945,79793,24202,107,,,67,47,5,,,,,,,,,,,,,,,,,,,,,,,,,,,,,
7495,209948,3,SR,B,910,01-May-2023,18:39:23,-23.2502,151.7413,,401677640,-135,8,0,01-May-2023,18:39:23,-23.2502,151.7413,,51605,86091,30932,63,,,73,45,5,,,,,,,,,,,,,,,,,,,,,,,,,,,,,
7495,209948,3,A1,B,911,01-May-2023,19:52:01,-23.2354,151.7883,,401677643,-141,8,0,01-May-2023,19:52:02,-23.2354,151.7883,,58244,180504,18793,69,,,102,125,0,,,,,,,,,,,,,,,,,,,,,,,,,,,,,
7495,209948,3,NK,B,912,01-May-2023,21:29:44,-23.2734,151.7148,,401677649,-123,8,0,01-May-2023,21:29:45,-23.2734,151.7148,,3017,6354,1432,108,,,27,143,28,,,,,,,,,,,,,,,,,,,,,,,,,,,,,
7495,209948,3,NP,B,913,02-May-2023,10:07:46,-23.3325,151.6190,,401677658,-136,,0,02-May-2023,10:07:46,-23.3325,151.6190,,4395,6558,2945,122,,,82,41,96,,,,,,,,,,,,,,,,,,,,,,,,,,,,,
7495,209948,31,MC,0,914,02-May-2023,10:29:53,-23.2756,151.7287,,401677635,-126,56,0,02-May-2023,10:29:43,-23.2756,151.7287,90,7225,54408,959,104,,,32,212,32,0,0,0,0,0,0,0,255,1,0,0,0,82,211,192,0,0,128,2,34,46,60,204,8,143,255,255,248,
7495,209948,3,MC,0,914,02-May-2023,10:29:53,-23.2756,151.7287,,401677635,-126,56,0,02-May-2023,10:30:05,-23.2756,151.7287,90,7225,54408,959,104,,,102,125,0,,,,,,,,,,,,,,,,,,,,,,,,,,,,,
7495,209948,3,MC,0,914,02-May-2023,10:29:53,-23.2756,151.7287,,401677635,-126,56,0,02-May-2023,10:30:22,-23.2756,151.7287,90,7225,54408,959,104,,,15,1,16,,,,,,,,,,,,,,,,,,,,,,,,,,,,,
7495,209948,3,MC,0,914,02-May-2023,10:29:53,-23.2756,151.7287,,401677635,-126,56,0,02-May-2023,10:31:13,-23.2756,151.7287,90,7225,54408,959,104,,,153,207,165,,,,,,,,,,,,,,,,,,,,,,,,,,,,,
7495,209948,3,NK,A,915,02-May-2023,19:25:53,-23.2678,151.7787,,401677655,-137,8,0,02-May-2023,19:24:29,-23.2678,151.7787,215,2653,16916,416,4,,,67,23,135,,,,,,,,,,,,,,,,,,,,,,,,,,,,,
7495,209948,3,NK,A,915,02-May-2023,19:25:53,-23.2678,151.7787,,401677655,-137,8,0,02-May-2023,19:25:08,-23.2678,151.7787,215,2653,16916,416,4,,,95,95,96,,,,,,,,,,,,,,,,,,,,,,,,,,,,,
7495,209948,3,NK,A,915,02-May-2023,19:25:53,-23.2678,151.7787,,401677655,-137,8,0,02-May-2023,19:28:04,-23.2678,151.7787,215,2653,16916,416,4,,,64,32,5,,,,,,,,,,,,,,,,,,,,,,,,,,,,,
7495,209948,3,SR,B,916,02-May-2023,19:49:44,-23.2810,151.7347,,401677628,-133,8,0,02-May-2023,19:49:44,-23.2810,151.7347,,10317,13947,7631,94,,,15,1,16,,,,,,,,,,,,,,,,,,,,,,,,,,,,,
7495,209948,3,NK,0,917,02-May-2023,21:05:58,-23.3107,151.8286,,401677640,-125,48,0,02-May-2023,21:04:14,-23.3107,151.8286,332,18953,,,,,,15,1,16,,,,,,,,,,,,,,,,,,,,,,,,,,,,,
7495,209948,3,NK,0,917,02-May-2023,21:05:58,-23.3107,151.8286,,401677640,-125,48,0,02-May-2023,21:04:52,-23.3107,151.8286,332,18953,,,,,,77,231,4,,,,,,,,,,,,,,,,,,,,,,,,,,,,,
7495,209948,23,NK,0,917,02-May-2023,21:05:58,-23.3107,151.8286,,401677640,-125,48,0,02-May-2023,21:05:17,-23.3107,151.8286,332,18953,,,,,,71,144,165,253,40,150,250,144,65,85,20,147,216,192,220,238,1,175,26,206,113,114,192,,,,,,,,,
7495,209948,3,NK,0,917,02-May-2023,21:05:58,-23.3107,151.8286,,401677640,-125,48,0,02-May-2023,21:05:44,-23.3107,151.8286,332,18953,,,,,,95,111,96,,,,,,,,,,,,,,,,,,,,,,,,,,,,,
7495,209948,3,NK,0,917,02-May-2023,21:05:58,-23.3107,151.8286,,401677640,-125,48,0,02-May-2023,21:09:46,-23.3107,151.8286,332,18953,,,,,,108,127,0,,,,,,,,,,,,,,,,,,,,,,,,,,,,,
7495,209948,3,A1,B,918,02-May-2023,21:09:45,-23.2975,151.6939,,401677629,-138,8,0,02-May-2023,21:09:46,-23.2975,151.6939,,11663,29203,4657,72,,,108,127,0,,,,,,,,,,,,,,,,,,,,,,,,,,,,,
7495,209948,3,A1,B,919,03-May-2023,07:42:16,-23.3295,151.6528,,401677644,-130,8,0,03-May-2023,07:42:17,-23.3295,151.6528,,36534,86373,15453,64,,,86,131,96,,,,,,,,,,,,,,,,,,,,,,,,,,,,,
7495,209948,3,NK,B,920,03-May-2023,20:34:44,-23.3483,151.6093,,401677651,-133,,0,03-May-2023,20:34:44,-23.3483,151.6093,,43262,83139,22511,66,,,81,168,96,,,,,,,,,,,,,,,,,,,,,,,,,,,,,
7495,209948,3,NP,B,921,03-May-2023,21:14:35,-23.3795,151.5892,,401677648,-130,,0,03-May-2023,21:14:36,-23.3795,151.5892,,38503,107286,13818,76,,,15,1,16,,,,,,,,,,,,,,,,,,,,,,,,,,,,,
7495,209948,31,MB,B,922,03-May-2023,23:49:27,-23.3792,151.6148,,401677650,-130,8,0,03-May-2023,23:49:28,-23.3792,151.6148,,7473,25763,2167,74,,,32,212,96,0,0,0,23,232,2,244,56,15,95,111,200,213,158,121,99,135,241,226,165,252,71,14,208,19,105,60,236,
7495,209948,31,NN,B,923,03-May-2023,23:49:27,-23.3745,151.6804,,401677634,-135,8,0,03-May-2023,23:49:28,-23.3745,151.6804,,5989,16978,2112,65,,,32,212,96,0,0,0,26,207,99,69,213,21,52,183,160,180,69,44,35,119,107,246,93,121,206,37,215,130,165,246,20,
7495,209948,3,SR,B,924,04-May-2023,08:05:10,-23.4127,151.5287,,401677636,-134,8,0,04-May-2023,08:05:11,-23.4127,151.5287,,7368,17196,3156,73,,,88,218,96,,,,,,,,,,,,,,,,,,,,,,,,,,,,,
7495,209948,3,SR,B,925,04-May-2023,18:43:14,-23.2784,151.7003,,401677660,-136,8,0,04-May-2023,18:42:45,-23.2784,151.7003,60,4491,19440,1037,25,,,95,111,125,,,,,,,,,,,,,,,,,,,,,,,,,,,,,
7495,209948,3,SR,B,925,04-May-2023,18:43:14,-23.2784,151.7003,,401677660,-136,8,0,04-May-2023,18:43:45,-23.2784,151.7003,60,4491,19440,1037,25,,,15,1,145,,,,,,,,,,,,,,,,,,,,,,,,,,,,,
7495,209948,3,A1,1,926,04-May-2023,18:57:44,-23.2457,151.7063,,401677644,-135,56,0,04-May-2023,18:57:34,-23.2457,151.7063,66,1451,8460,248,66,,,108,127,0,,,,,,,,,,,,,,,,,,,,,,,,,,,,,
7495,209948,3,A1,1,926,04-May-2023,18:57:44,-23.2457,151.7063,,401677644,-135,56,0,04-May-2023,18:58:24,-23.2457,151.7063,66,1451,8460,248,66,,,27,143,28,,,,,,,,,,,,,,,,,,,,,,,,,,,,,
7495,209948,3,A1,1,926,04-May-2023,18:57:44,-23.2457,151.7063,,401677644,-135,56,1,04-May-2023,18:58:40,-23.2457,151.7063,66,1451,8460,248,66,,,75,39,5,,,,,,,,,,,,,,,,,,,,,,,,,,,,,
7495,209948,3,NK,A,927,05-May-2023,08:40:23,-23.2809,151.7379,,401677639,-130,,0,05-May-2023,08:39:28,-23.2809,151.7379,119,944,3987,223,146,,,15,1,16,,,,,,,,,,,,,,,,,,,,,,,,,,,,,
7495,209948,3,NK,A,927,05-May-2023,08:40:23,-23.2809,151.7379,,401677639,-130,,0,05-May-2023,08:40:16,-23.2809,151.7379,119,944,3987,223,146,,,27,142,56,,,,,,,,,,,,,,,,,,,,,,,,,,,,,
7495,209948,3,NK,A,927,05-May-2023,08:40:23,-23.2809,151.7379,,401677639,-130,,0,05-May-2023,08:41:27,-23.2809,151.7379,119,944,3987,223,146,,,105,126,0,,,,,,,,,,,,,,,,,,,,,,,,,,,,,
7495,209948,3,MC,B,928,05-May-2023,12:42:10,-23.2422,151.7093,,401677638,-132,,0,05-May-2023,12:42:10,-23.2422,151.7093,,7835,11170,5495,36,,,111,129,0,,,,,,,,,,,,,,,,,,,,,,,,,,,,,
7495,209948,3,NN,B,929,05-May-2023,13:49:48,-23.2461,151.7072,,401677637,-135,8,0,05-May-2023,13:49:49,-23.2461,151.7072,,3497,5199,2351,8,,,27,143,28,,,,,,,,,,,,,,,,,,,,,,,,,,,,,
7495,209948,3,SR,3,930,06-May-2023,06:58:51,-23.2516,151.7749,,401677642,-124,50,0,06-May-2023,06:54:29,-23.2516,151.7749,531,240,524,109,93,,,27,143,28,,,,,,,,,,,,,,,,,,,,,,,,,,,,,
7495,209948,3,SR,3,930,06-May-2023,06:58:51,-23.2516,151.7749,,401677642,-124,50,0,06-May-2023,06:56:17,-23.2516,151.7749,531,240,524,109,93,,,78,38,5,,,,,,,,,,,,,,,,,,,,,,,,,,,,,
7495,209948,3,SR,3,930,06-May-2023,06:58:51,-23.2516,151.7749,,401677642,-124,50,0,06-May-2023,06:57:07,-23.2516,151.7749,531,240,524,109,93,,,86,189,98,,,,,,,,,,,,,,,,,,,,,,,,,,,,,
7495,209948,3,SR,3,930,06-May-2023,06:58:51,-23.2516,151.7749,,401677642,-124,50,0,06-May-2023,06:59:05,-23.2516,151.7749,531,240,524,109,93,,,86,194,98,,,,,,,,,,,,,,,,,,,,,,,,,,,,,
7495,209948,3,SR,3,930,06-May-2023,06:58:51,-23.2516,151.7749,,401677642,-124,50,1,06-May-2023,06:59:20,-23.2516,151.7749,531,240,524,109,93,,,106,128,0,,,,,,,,,,,,,,,,,,,,,,,,,,,,,
7495,209948,3,SR,3,930,06-May-2023,06:58:51,-23.2516,151.7749,,401677642,-124,50,1,06-May-2023,06:59:35,-23.2516,151.7749,531,240,524,109,93,,,15,1,16,,,,,,,,,,,,,,,,,,,,,,,,,,,,,
7495,209948,3,SR,3,930,06-May-2023,06:58:51,-23.2516,151.7749,,401677642,-124,50,1,06-May-2023,07:03:00,-23.2516,151.7749,531,240,524,109,93,,,65,37,5,,,,,,,,,,,,,,,,,,,,,,,,,,,,,
7495,209948,3,SR,3,930,06-May-2023,06:58:51,-23.2516,151.7749,,401677642,-124,50,0,06-May-2023,07:03:20,-23.2516,151.7749,531,240,524,109,93,,,84,200,98,,,,,,,,,,,,,,,,,,,,,,,,,,,,,
7495,209948,3,MC,A,931,06-May-2023,10:42:59,-23.2528,151.7526,,401677638,-124,8,0,06-May-2023,10:42:21,-23.2528,151.7526,355,691,1872,255,163,,,111,129,0,,,,,,,,,,,,,,,,,,,,,,,,,,,,,
7495,209948,3,MC,A,931,06-May-2023,10:42:59,-23.2528,151.7526,,401677638,-124,8,0,06-May-2023,10:43:39,-23.2528,151.7526,355,691,1872,255,163,,,27,143,28,,,,,,,,,,,,,,,,,,,,,,,,,,,,,
7495,209948,3,MC,A,931,06-May-2023,10:42:59,-23.2528,151.7526,,401677638,-124,8,0,06-May-2023,10:48:16,-23.2528,151.7526,355,691,1872,255,163,,,68,36,5,,,,,,,,,,,,,,,,,,,,,,,,,,,,,
7495,209948,23,NP,B,932,06-May-2023,11:02:22,-23.2527,151.7518,,401677650,-130,6,0,06-May-2023,11:02:23,-23.2527,151.7518,,649,675,624,136,,,70,129,132,156,60,2,56,73,75,222,236,87,194,192,50,102,161,141,59,205,229,116,9,,,,,,,,,
7495,209948,3,NN,B,933,06-May-2023,11:49:49,-23.2645,151.7370,,401677639,-135,8,0,06-May-2023,11:49:49,-23.2645,151.7370,378,816,8887,74,136,,,79,35,5,,,,,,,,,,,,,,,,,,,,,,,,,,,,,
7495,209948,3,NN,B,933,06-May-2023,11:49:49,-23.2645,151.7370,,401677639,-135,8,0,06-May-2023,11:56:07,-23.2645,151.7370,378,816,8887,74,136,,,28,141,11,,,,,,,,,,,,,,,,,,,,,,,,,,,,,
7495,209948,3,NN,B,934,06-May-2023,13:32:28,-23.2669,151.6982,,401677640,-131,8,0,06-May-2023,13:30:40,-23.2669,151.6982,217,1181,12887,108,166,,,15,1,16,,,,,,,,,,,,,,,,,,,,,,,,,,,,,
7495,209948,3,NN,B,934,06-May-2023,13:32:28,-23.2669,151.6982,,401677640,-131,8,0,06-May-2023,13:34:17,-23.2669,151.6982,217,1181,12887,108,166,,,27,155,189,,,,,,,,,,,,,,,,,,,,,,,,,,,,,
7495,209948,3,SR,B,935,07-May-2023,08:08:12,-23.2126,151.5034,Lon > 4 deviations from mean,401677622,-128,,0,07-May-2023,08:08:13,-23.2126,151.5034,,3228,9471,1100,94,,,27,143,28,,,,,,,,,,,,,,,,,,,,,,,,,,,,,
7495,209948,3,MC,B,936,07-May-2023,10:26:22,-23.2322,151.6103,Lon > 4 deviations from mean,401677613,-127,8,0,07-May-2023,10:26:22,-23.2322,151.6103,,7407,51546,1064,86,,,27,143,28,,,,,,,,,,,,,,,,,,,,,,,,,,,,,
7495,209948,3,NP,2,937,07-May-2023,10:52:42,-23.2528,151.7151,,401677643,-126,56,0,07-May-2023,10:52:07,-23.2528,151.7151,368,286,1462,55,66,,,68,36,5,,,,,,,,,,,,,,,,,,,,,,,,,,,,,
7495,209948,3,NP,2,937,07-May-2023,10:52:42,-23.2528,151.7151,,401677643,-126,56,0,07-May-2023,10:52:35,-23.2528,151.7151,368,286,1462,55,66,,,87,183,99,,,,,,,,,,,,,,,,,,,,,,,,,,,,,
7495,209948,3,NP,2,937,07-May-2023,10:52:42,-23.2528,151.7151,,401677643,-126,56,0,07-May-2023,10:53:26,-23.2528,151.7151,368,286,1462,55,66,,,105,126,0,,,,,,,,,,,,,,,,,,,,,,,,,,,,,
7495,209948,3,NP,2,937,07-May-2023,10:52:42,-23.2528,151.7151,,401677643,-126,56,0,07-May-2023,10:56:32,-23.2528,151.7151,368,286,1462,55,66,,,15,1,16,,,,,,,,,,,,,,,,,,,,,,,,,,,,,
7495,209948,3,NP,2,937,07-May-2023,10:52:42,-23.2528,151.7151,,401677643,-126,56,0,07-May-2023,10:58:15,-23.2528,151.7151,368,286,1462,55,66,,,27,143,28,,,,,,,,,,,,,,,,,,,,,,,,,,,,,
7495,209948,3,SR,B,938,07-May-2023,18:53:02,-23.2736,151.7160,,401677646,-138,8,0,07-May-2023,18:53:03,-23.2736,151.7160,,4032,5468,2971,60,,,81,42,100,,,,,,,,,,,,,,,,,,,,,,,,,,,,,
7495,209948,3,NP,B,939,07-May-2023,20:30:57,-23.2544,151.7235,,401677633,-137,8,0,07-May-2023,20:30:58,-23.2544,151.7235,,3313,5557,1974,86,,,95,227,100,,,,,,,,,,,,,,,,,,,,,,,,,,,,,
7495,209948,3,MB,B,940,07-May-2023,22:24:00,-23.2753,151.7305,,401677645,-134,8,0,07-May-2023,22:24:01,-23.2753,151.7305,,3143,6149,1606,82,,,88,104,100,,,,,,,,,,,,,,,,,,,,,,,,,,,,,
7495,209948,3,MC, ,941,08-May-2023,22:56:09,,,,401650000,-131,,0,08-May-2023,22:56:09,,,,,,,,,,27,143,28,,,,,,,,,,,,,,,,,,,,,,,,,,,,,
7495,209948,3,NP, ,942,09-May-2023,10:22:25,,,,401650000,-137,,0,09-May-2023,10:22:25,,,,,,,,,,27,143,28,,,,,,,,,,,,,,,,,,,,,,,,,,,,,
7495,209948,3,MC, ,943,09-May-2023,13:02:56,,,,401650000,-125,,0,09-May-2023,13:02:56,,,,,,,,,,82,26,101,,,,,,,,,,,,,,,,,,,,,,,,,,,,,
7495,209948,3,SR, ,944,09-May-2023,19:24:55,,,,401650000,-129,,0,09-May-2023,19:24:55,,,,,,,,,,15,1,16,,,,,,,,,,,,,,,,,,,,,,,,,,,,,
7495,209948,3,NP, ,945,09-May-2023,21:49:26,,,,401650000,-133,,0,09-May-2023,21:49:26,,,,,,,,,,105,121,0,,,,,,,,,,,,,,,,,,,,,,,,,,,,,
7495,209948,3,MB,B,946,09-May-2023,23:21:21,-23.3302,151.8928,,401677652,-134,,0,09-May-2023,23:21:14,-23.3302,151.8928,15,4789,56486,406,105,,,15,1,16,,,,,,,,,,,,,,,,,,,,,,,,,,,,,
7495,209948,3,MB,B,946,09-May-2023,23:21:21,-23.3302,151.8928,,401677652,-134,,0,09-May-2023,23:21:29,-23.3302,151.8928,15,4789,56486,406,105,,,27,143,28,,,,,,,,,,,,,,,,,,,,,,,,,,,,,
7495,209948,23,NK,B,947,10-May-2023,09:51:08,-23.2868,151.7760,,401677638,-125,8,0,10-May-2023,09:51:09,-23.2868,151.7760,,4207,14789,1196,78,,,66,144,165,253,40,150,250,144,69,40,56,205,150,203,4,252,5,100,27,208,225,111,0,,,,,,,,,
7495,209948,3,MB,B,948,10-May-2023,11:53:41,-23.3179,151.8468,,401677644,-129,,0,10-May-2023,11:53:41,-23.3179,151.8468,,6163,15990,2375,115,,,102,125,1,,,,,,,,,,,,,,,,,,,,,,,,,,,,,
7495,209948,3,NP,B,949,10-May-2023,11:53:41,-23.3042,151.7993,,401677643,-138,,0,10-May-2023,11:53:41,-23.3042,151.7993,,3959,6592,2377,136,,,102,125,0,,,,,,,,,,,,,,,,,,,,,,,,,,,,,
7495,209948,3,SR,B,950,10-May-2023,20:38:03,-23.3053,151.8564,,401677665,-128,8,0,10-May-2023,20:38:04,-23.3053,151.8564,,4546,8835,2338,138,,,75,23,5,,,,,,,,,,,,,,,,,,,,,,,,,,,,,
7495,209948,3,NK,B,951,10-May-2023,21:01:40,-23.2238,151.8083,,401677636,-130,6,0,10-May-2023,21:01:32,-23.2238,151.8083,18,2814,34702,228,108,,,105,126,0,,,,,,,,,,,,,,,,,,,,,,,,,,,,,
7495,209948,3,NK,B,951,10-May-2023,21:01:40,-23.2238,151.8083,,401677636,-130,6,0,10-May-2023,21:01:50,-23.2238,151.8083,18,2814,34702,228,108,,,15,1,16,,,,,,,,,,,,,,,,,,,,,,,,,,,,,
7495,209948,3,MB,B,952,11-May-2023,11:29:45,-23.1824,151.7781,,401677643,-132,,0,11-May-2023,11:29:45,-23.1824,151.7781,,3529,16820,740,76,,,15,1,16,,,,,,,,,,,,,,,,,,,,,,,,,,,,,
7495,209948,3,SR,B,953,11-May-2023,18:27:23,-23.1840,151.8320,,401677635,-139,8,0,11-May-2023,18:27:24,-23.1840,151.8320,,4627,9880,2166,76,,,27,143,28,,,,,,,,,,,,,,,,,,,,,,,,,,,,,
7495,209948,3,SR,0,954,12-May-2023,07:08:27,-23.2442,151.7467,,401677638,-133,50,0,12-May-2023,07:06:26,-23.2442,151.7467,489,2760,15672,485,169,,,15,1,16,,,,,,,,,,,,,,,,,,,,,,,,,,,,,
7495,209948,3,SR,0,954,12-May-2023,07:08:27,-23.2442,151.7467,,401677638,-133,50,0,12-May-2023,07:06:49,-23.2442,151.7467,489,2760,15672,485,169,,,27,143,28,,,,,,,,,,,,,,,,,,,,,,,,,,,,,
7495,209948,3,SR,0,954,12-May-2023,07:08:27,-23.2442,151.7467,,401677638,-133,50,0,12-May-2023,07:07:04,-23.2442,151.7467,489,2760,15672,485,169,,,78,22,5,,,,,,,,,,,,,,,,,,,,,,,,,,,,,
7495,209948,3,SR,0,954,12-May-2023,07:08:27,-23.2442,151.7467,,401677638,-133,50,0,12-May-2023,07:07:24,-23.2442,151.7467,489,2760,15672,485,169,,,87,5,102,,,,,,,,,,,,,,,,,,,,,,,,,,,,,
7495,209948,3,SR,0,954,12-May-2023,07:08:27,-23.2442,151.7467,,401677638,-133,50,0,12-May-2023,07:14:35,-23.2442,151.7467,489,2760,15672,485,169,,,99,124,0,,,,,,,,,,,,,,,,,,,,,,,,,,,,,
7495,209948,3,A1,B,955,12-May-2023,07:58:25,-23.2408,151.7321,,401677632,-130,8,0,12-May-2023,07:57:00,-23.2408,151.7321,170,2563,38517,170,178,,,27,143,28,,,,,,,,,,,,,,,,,,,,,,,,,,,,,
7495,209948,3,A1,B,955,12-May-2023,07:58:25,-23.2408,151.7321,,401677632,-130,8,0,12-May-2023,07:59:50,-23.2408,151.7321,170,2563,38517,170,178,,,65,21,5,,,,,,,,,,,,,,,,,,,,,,,,,,,,,
7495,209948,3,SR,B,956,12-May-2023,19:28:03,-23.2304,151.6847,,401677644,-130,8,0,12-May-2023,19:28:04,-23.2304,151.6847,,10307,11746,9043,117,,,15,1,16,,,,,,,,,,,,,,,,,,,,,,,,,,,,,
7495,209948,3,SR,B,957,13-May-2023,19:05:02,-23.2288,151.7004,,401677643,-136,,0,13-May-2023,19:05:02,-23.2288,151.7004,,5027,9876,2558,43,,,104,123,0,,,,,,,,,,,,,,,,,,,,,,,,,,,,,
7495,209948,3,NP,B,958,14-May-2023,11:03:27,-23.2268,151.6118,,401677627,-139,,0,14-May-2023,11:03:28,-23.2268,151.6118,,6966,11094,4373,58,,,104,123,0,,,,,,,,,,,,,,,,,,,,,,,,,,,,,
7495,209948,3,MC, ,959,15-May-2023,12:42:13,,,,401650000,-124,,0,15-May-2023,12:42:13,,,,,,,,,,15,1,16,,,,,,,,,,,,,,,,,,,,,,,,,,,,,
7495,209948,3,NK,B,960,16-May-2023,09:01:24,-23.2094,151.6383,,401677634,-133,,0,16-May-2023,08:57:26,-23.2094,151.6383,477,5721,487011,67,122,,,79,19,5,,,,,,,,,,,,,,,,,,,,,,,,,,,,,
7495,209948,3,NK,B,960,16-May-2023,09:01:24,-23.2094,151.6383,,401677634,-133,,0,16-May-2023,09:05:23,-23.2094,151.6383,477,5721,487011,67,122,,,83,91,104,,,,,,,,,,,,,,,,,,,,,,,,,,,,,
7495,209948,3,NP, ,961,16-May-2023,09:05:23,,,,401650000,-140,,0,16-May-2023,09:05:23,,,,,,,,,,19,91,104,,,,,,,,,,,,,,,,,,,,,,,,,,,,,
7495,209948,3,MC,2,962,16-May-2023,12:18:00,-23.2523,151.7006,,401677641,-120,58,0,16-May-2023,12:16:59,-23.2523,151.7006,422,421,685,258,61,,,69,17,53,,,,,,,,,,,,,,,,,,,,,,,,,,,,,
7495,209948,3,MC,2,962,16-May-2023,12:18:00,-23.2523,151.7006,,401677641,-120,58,1,16-May-2023,12:18:02,-23.2523,151.7006,422,421,685,258,61,,,99,124,0,,,,,,,,,,,,,,,,,,,,,,,,,,,,,
7495,209948,3,MC,2,962,16-May-2023,12:18:00,-23.2523,151.7006,,401677641,-120,58,0,16-May-2023,12:20:18,-23.2523,151.7006,422,421,685,258,61,,,87,158,104,,,,,,,,,,,,,,,,,,,,,,,,,,,,,
7495,209948,3,MC,2,962,16-May-2023,12:18:00,-23.2523,151.7006,,401677641,-120,58,0,16-May-2023,12:20:42,-23.2523,151.7006,422,421,685,258,61,,,104,123,0,,,,,,,,,,,,,,,,,,,,,,,,,,,,,
7495,209948,3,MC,2,962,16-May-2023,12:18:00,-23.2523,151.7006,,401677641,-120,58,1,16-May-2023,12:24:01,-23.2523,151.7006,422,421,685,258,61,,,15,1,16,,,,,,,,,,,,,,,,,,,,,,,,,,,,,
7495,209948,3,SR,B,963,17-May-2023,07:56:18,-23.2554,151.7017,,401677642,-126,,0,17-May-2023,07:56:18,-23.2554,151.7017,,18576,42682,8084,74,,,104,123,0,,,,,,,,,,,,,,,,,,,,,,,,,,,,,
7495,209948,3,A1,B,964,17-May-2023,07:56:18,-23.3748,151.7971,,401677645,-127,,0,17-May-2023,07:56:18,-23.3748,151.7971,,17944,46930,6860,130,,,104,123,0,,,,,,,,,,,,,,,,,,,,,,,,,,,,,
7495,209948,3,MC,B,965,17-May-2023,10:14:27,-23.3744,151.7957,,401677645,-133,8,0,17-May-2023,10:14:27,-23.3744,151.7957,,25834,126180,5289,125,,,14,1,16,,,,,,,,,,,,,,,,,,,,,,,,,,,,,
7495,209948,3,NK,B,966,17-May-2023,10:14:27,-23.3041,151.7398,,401677659,-124,8,0,17-May-2023,10:14:27,-23.3041,151.7398,,14616,51453,4151,106,,,15,1,16,,,,,,,,,,,,,,,,,,,,,,,,,,,,,
7495,209948,3,MB,B,967,17-May-2023,11:04:42,-23.3019,151.7149,,401677658,-135,8,0,17-May-2023,11:04:43,-23.3019,151.7149,,11106,24103,5117,106,,,90,152,105,,,,,,,,,,,,,,,,,,,,,,,,,,,,,
7495,209948,3,NP,0,968,17-May-2023,12:11:27,-23.3071,151.6209,,401677628,-133,58,1,17-May-2023,12:11:24,-23.3071,151.6209,88,3512,23302,529,103,,,15,1,16,,,,,,,,,,,,,,,,,,,,,,,,,,,,,
7495,209948,3,NP,0,968,17-May-2023,12:11:27,-23.3071,151.6209,,401677628,-133,58,1,17-May-2023,12:11:41,-23.3071,151.6209,88,3512,23302,529,103,,,27,143,28,,,,,,,,,,,,,,,,,,,,,,,,,,,,,
7495,209948,23,NP,0,968,17-May-2023,12:11:27,-23.3071,151.6209,,401677628,-133,58,0,17-May-2023,12:12:35,-23.3071,151.6209,88,3512,23302,529,103,,,84,16,165,253,40,150,250,144,72,177,150,79,212,211,207,246,1,92,27,208,225,118,64,,,,,,,,,
7495,209948,3,NP,0,968,17-May-2023,12:11:27,-23.3071,151.6209,,401677628,-133,58,1,17-May-2023,12:12:52,-23.3071,151.6209,88,3512,23302,529,103,,,109,122,0,,,,,,,,,,,,,,,,,,,,,,,,,,,,,
7495,209948,3,NN,B,969,17-May-2023,12:52:19,-23.2988,151.5944,,401677636,-135,8,0,17-May-2023,12:52:19,-23.2988,151.5944,,3877,7514,2000,102,,,70,14,5,,,,,,,,,,,,,,,,,,,,,,,,,,,,,
7495,209948,3,NK,B,970,18-May-2023,09:54:01,-23.0290,150.7679,Lat > 4 deviations from mean,401677658,-135,,0,18-May-2023,09:54:01,-23.0290,150.7679,,13923,16695,11610,102,,,95,73,106,,,,,,,,,,,,,,,,,,,,,,,,,,,,,
7495,209948,31,MC,B,971,18-May-2023,09:58:37,-23.2663,151.7728,,401677645,-130,6,0,18-May-2023,09:58:30,-23.2663,151.7728,15,6088,10862,3412,104,,,37,86,160,0,0,2,0,0,0,255,0,0,0,0,0,31,214,0,0,0,0,0,0,0,255,15,0,0,0,0,209,
7495,209948,23,MC,B,971,18-May-2023,09:58:37,-23.2663,151.7728,,401677645,-130,6,0,18-May-2023,09:58:45,-23.2663,151.7728,15,6088,10862,3412,104,,,77,144,165,253,40,150,250,144,73,40,185,143,22,212,150,244,1,89,27,208,193,113,128,,,,,,,,,
7495,209948,3,NP,A,972,18-May-2023,10:15:30,-23.3298,151.6441,,401677644,-135,6,0,18-May-2023,10:15:30,-23.3298,151.6441,713,629,1688,234,7,,,27,143,28,,,,,,,,,,,,,,,,,,,,,,,,,,,,,
7495,209948,3,NP,A,972,18-May-2023,10:15:30,-23.3298,151.6441,,401677644,-135,6,0,18-May-2023,10:25:43,-23.3298,151.6441,713,629,1688,234,7,,,71,11,5,,,,,,,,,,,,,,,,,,,,,,,,,,,,,
7495,209948,3,NP,A,972,18-May-2023,10:15:30,-23.3298,151.6441,,401677644,-135,6,0,18-May-2023,10:27:23,-23.3298,151.6441,713,629,1688,234,7,,,66,80,122,,,,,,,,,,,,,,,,,,,,,,,,,,,,,
7495,209948,3,NN,B,973,18-May-2023,11:03:46,-23.2890,151.5867,,401677643,-133,8,0,18-May-2023,11:03:32,-23.2890,151.5867,30,6044,9074,4026,39,,,27,143,28,,,,,,,,,,,,,,,,,,,,,,,,,,,,,
7495,209948,23,NN,B,973,18-May-2023,11:03:46,-23.2890,151.5867,,401677643,-133,8,0,18-May-2023,11:04:02,-23.2890,151.5867,30,6044,9074,4026,39,,,95,144,165,253,40,150,250,144,73,45,13,214,212,212,200,246,1,179,27,208,193,113,128,,,,,,,,,
7495,209948,3,MC,1,974,18-May-2023,11:34:33,-23.2863,151.7178,,401677640,-119,58,0,18-May-2023,11:30:55,-23.2863,151.7178,723,780,16950,35,77,,,66,10,5,,,,,,,,,,,,,,,,,,,,,,,,,,,,,
7495,209948,3,MC,1,974,18-May-2023,11:34:33,-23.2863,151.7178,,401677640,-119,58,0,18-May-2023,11:31:10,-23.2863,151.7178,723,780,16950,35,77,,,95,168,106,,,,,,,,,,,,,,,,,,,,,,,,,,,,,
7495,209948,3,MC,1,974,18-May-2023,11:34:33,-23.2863,151.7178,,401677640,-119,58,0,18-May-2023,11:32:26,-23.2863,151.7178,723,780,16950,35,77,,,94,173,106,,,,,,,,,,,,,,,,,,,,,,,,,,,,,
7495,209948,23,MC,1,974,18-May-2023,11:34:33,-23.2863,151.7178,,401677640,-119,58,0,18-May-2023,11:32:56,-23.2863,151.7178,723,780,16950,35,77,,,91,240,165,253,40,150,250,144,73,46,220,146,148,213,94,242,1,69,27,208,145,113,128,,,,,,,,,
7495,209948,3,MC,1,974,18-May-2023,11:34:33,-23.2863,151.7178,,401677640,-119,58,0,18-May-2023,11:33:57,-23.2863,151.7178,723,780,16950,35,77,,,88,179,106,,,,,,,,,,,,,,,,,,,,,,,,,,,,,
7495,209948,3,MC,1,974,18-May-2023,11:34:33,-23.2863,151.7178,,401677640,-119,58,0,18-May-2023,11:35:14,-23.2863,151.7178,723,780,16950,35,77,,,95,184,106,,,,,,,,,,,,,,,,,,,,,,,,,,,,,
7495,209948,3,MC,1,974,18-May-2023,11:34:33,-23.2863,151.7178,,401677640,-119,58,0,18-May-2023,11:35:29,-23.2863,151.7178,723,780,16950,35,77,,,104,123,0,,,,,,,,,,,,,,,,,,,,,,,,,,,,,
7495,209948,3,MC,1,974,18-May-2023,11:34:33,-23.2863,151.7178,,401677640,-119,58,1,18-May-2023,11:36:25,-23.2863,151.7178,723,780,16950,35,77,,,75,7,5,,,,,,,,,,,,,,,,,,,,,,,,,,,,,
7495,209948,3,MC,1,974,18-May-2023,11:34:33,-23.2863,151.7178,,401677640,-119,58,0,18-May-2023,11:36:41,-23.2863,151.7178,723,780,16950,35,77,,,94,189,106,,,,,,,,,,,,,,,,,,,,,,,,,,,,,
7495,209948,3,MC,1,974,18-May-2023,11:34:33,-23.2863,151.7178,,401677640,-119,58,0,18-May-2023,11:37:49,-23.2863,151.7178,723,780,16950,35,77,,,72,8,5,,,,,,,,,,,,,,,,,,,,,,,,,,,,,
7495,209948,3,MC,1,974,18-May-2023,11:34:33,-23.2863,151.7178,,401677640,-119,58,0,18-May-2023,11:38:04,-23.2863,151.7178,723,780,16950,35,77,,,94,194,106,,,,,,,,,,,,,,,,,,,,,,,,,,,,,
7495,209948,3,MC,1,974,18-May-2023,11:34:33,-23.2863,151.7178,,401677640,-119,58,0,18-May-2023,11:39:21,-23.2863,151.7178,723,780,16950,35,77,,,95,193,124,,,,,,,,,,,,,,,,,,,,,,,,,,,,,
7495,209948,23,MC,1,974,18-May-2023,11:34:33,-23.2863,151.7178,,401677640,-119,58,0,18-May-2023,11:39:42,-23.2863,151.7178,723,780,16950,35,77,,,91,144,165,253,40,150,250,144,73,47,72,209,22,213,144,236,1,88,27,208,145,113,128,,,,,,,,,
7495,209948,3,MC,1,974,18-May-2023,11:34:33,-23.2863,151.7178,,401677640,-119,58,3,18-May-2023,11:39:58,-23.2863,151.7178,723,780,16950,35,77,,,98,121,0,,,,,,,,,,,,,,,,,,,,,,,,,,,,,
7495,209948,3,MC,1,974,18-May-2023,11:34:33,-23.2863,151.7178,,401677640,-119,58,0,18-May-2023,11:41:01,-23.2863,151.7178,723,780,16950,35,77,,,93,205,106,,,,,,,,,,,,,,,,,,,,,,,,,,,,,
7495,209948,3,MC,1,974,18-May-2023,11:34:33,-23.2863,151.7178,,401677640,-119,58,2,18-May-2023,11:41:18,-23.2863,151.7178,723,780,16950,35,77,,,103,120,0,,,,,,,,,,,,,,,,,,,,,,,,,,,,,
7495,209948,3,MC,1,974,18-May-2023,11:34:33,-23.2863,151.7178,,401677640,-119,58,7,18-May-2023,11:41:33,-23.2863,151.7178,723,780,16950,35,77,,,15,1,16,,,,,,,,,,,,,,,,,,,,,,,,,,,,,
7495,209948,3,MC,1,974,18-May-2023,11:34:33,-23.2863,151.7178,,401677640,-119,58,8,18-May-2023,11:41:49,-23.2863,151.7178,723,780,16950,35,77,,,27,143,28,,,,,,,,,,,,,,,,,,,,,,,,,,,,,
7495,209948,3,MC,1,974,18-May-2023,11:34:33,-23.2863,151.7178,,401677640,-119,58,3,18-May-2023,11:42:08,-23.2863,151.7178,723,780,16950,35,77,,,77,9,5,,,,,,,,,,,,,,,,,,,,,,,,,,,,,
7495,209948,3,MC,1,974,18-May-2023,11:34:33,-23.2863,151.7178,,401677640,-119,58,0,18-May-2023,11:42:24,-23.2863,151.7178,723,780,16950,35,77,,,94,210,106,,,,,,,,,,,,,,,,,,,,,,,,,,,,,
7495,209948,3,MC,1,974,18-May-2023,11:34:33,-23.2863,151.7178,,401677640,-119,58,0,18-May-2023,11:42:40,-23.2863,151.7178,723,780,16950,35,77,,,100,127,8,,,,,,,,,,,,,,,,,,,,,,,,,,,,,
7495,209948,3,MC,1,974,18-May-2023,11:34:33,-23.2863,151.7178,,401677640,-119,58,0,18-May-2023,11:42:58,-23.2863,151.7178,723,780,16950,35,77,,,15,1,144,,,,,,,,,,,,,,,,,,,,,,,,,,,,,
7495,209948,3,NP,2,975,18-May-2023,11:57:36,-23.3122,151.6382,,401677642,-131,56,0,18-May-2023,11:57:34,-23.3122,151.6382,336,436,1149,165,116,,,87,1,107,,,,,,,,,,,,,,,,,,,,,,,,,,,,,
7495,209948,3,NP,2,975,18-May-2023,11:57:36,-23.3122,151.6382,,401677642,-131,56,0,18-May-2023,11:57:50,-23.3122,151.6382,336,436,1149,165,116,,,100,119,0,,,,,,,,,,,,,,,,,,,,,,,,,,,,,
7495,209948,3,NP,2,975,18-May-2023,11:57:36,-23.3122,151.6382,,401677642,-131,56,0,18-May-2023,11:58:31,-23.3122,151.6382,336,436,1149,165,116,,,27,143,28,,,,,,,,,,,,,,,,,,,,,,,,,,,,,
7495,209948,3,NP,2,975,18-May-2023,11:57:36,-23.3122,151.6382,,401677642,-131,56,0,18-May-2023,11:59:34,-23.3122,151.6382,336,436,1149,165,116,,,92,6,107,,,,,,,,,,,,,,,,,,,,,,,,,,,,,
7495,209948,3,NP,2,975,18-May-2023,11:57:36,-23.3122,151.6382,,401677642,-131,56,1,18-May-2023,12:00:11,-23.3122,151.6382,336,436,1149,165,116,,,15,1,16,,,,,,,,,,,,,,,,,,,,,,,,,,,,,
7495,209948,3,NP,2,975,18-May-2023,11:57:36,-23.3122,151.6382,,401677642,-131,56,2,18-May-2023,12:02:08,-23.3122,151.6382,336,436,1149,165,116,,,71,11,5,,,,,,,,,,,,,,,,,,,,,,,,,,,,,
7495,209948,3,NP,2,975,18-May-2023,11:57:36,-23.3122,151.6382,,401677642,-131,56,0,18-May-2023,12:02:44,-23.3122,151.6382,336,436,1149,165,116,,,85,75,107,,,,,,,,,,,,,,,,,,,,,,,,,,,,,
7495,209948,3,NP,2,975,18-May-2023,11:57:36,-23.3122,151.6382,,401677642,-131,56,1,18-May-2023,12:03:10,-23.3122,151.6382,336,436,1149,165,116,,,98,121,0,,,,,,,,,,,,,,,,,,,,,,,,,,,,,
7495,209948,23,SR,B,976,19-May-2023,06:50:04,-23.1073,151.4280,Lat > 4 deviations from mean,401677688,-130,,0,19-May-2023,06:47:23,-23.1073,151.4280,324,5806,255787,131,130,,,81,176,190,251,160,23,38,146,149,81,88,54,12,110,63,228,33,85,209,154,99,63,178,,,,,,,,,
7495,209948,3,SR,B,976,19-May-2023,06:50:04,-23.1073,151.4280,Lat > 4 deviations from mean,401677688,-130,,0,19-May-2023,06:52:47,-23.1073,151.4280,324,5806,255787,131,130,,,27,143,28,,,,,,,,,,,,,,,,,,,,,,,,,,,,,
7495,209948,3,NP,0,977,19-May-2023,10:09:20,-23.2647,151.6037,,401677637,-129,58,0,19-May-2023,10:04:29,-23.2647,151.6037,404,1856,13994,246,48,,,103,120,32,,,,,,,,,,,,,,,,,,,,,,,,,,,,,
7495,209948,3,NP,0,977,19-May-2023,10:09:20,-23.2647,151.6037,,401677637,-129,58,0,19-May-2023,10:10:43,-23.2647,151.6037,404,1856,13994,246,48,,,77,9,5,,,,,,,,,,,,,,,,,,,,,,,,,,,,,
7495,209948,3,NP,0,977,19-May-2023,10:09:20,-23.2647,151.6037,,401677637,-129,58,0,19-May-2023,10:10:58,-23.2647,151.6037,404,1856,13994,246,48,,,93,157,107,,,,,,,,,,,,,,,,,,,,,,,,,,,,,
7495,209948,3,NP,0,977,19-May-2023,10:09:20,-23.2647,151.6037,,401677637,-129,58,0,19-May-2023,10:11:13,-23.2647,151.6037,404,1856,13994,246,48,,,103,120,0,,,,,,,,,,,,,,,,,,,,,,,,,,,,,
7495,209948,3,NK,B,978,19-May-2023,10:59:09,-23.2672,151.6105,,401677637,-137,8,0,19-May-2023,10:59:09,-23.2672,151.6105,,3802,4476,3228,59,,,71,11,5,,,,,,,,,,,,,,,,,,,,,,,,,,,,,
7495,209948,3,MC,B,979,19-May-2023,11:21:22,-23.2658,151.6069,,401677640,-131,6,0,19-May-2023,11:21:05,-23.2658,151.6069,35,2995,4063,2207,57,,,95,167,107,,,,,,,,,,,,,,,,,,,,,,,,,,,,,
7495,209948,23,MC,B,979,19-May-2023,11:21:22,-23.2658,151.6069,,401677640,-131,6,0,19-May-2023,11:21:40,-23.2658,151.6069,35,2995,4063,2207,57,,,77,208,165,253,40,150,250,144,73,174,41,15,84,215,82,236,1,66,27,208,161,127,192,,,,,,,,,
7495,209948,3,NP,B,980,19-May-2023,11:46:04,-23.2715,151.6136,,401677636,-137,6,0,19-May-2023,11:45:57,-23.2715,151.6136,15,1445,2022,1032,61,,,82,193,107,,,,,,,,,,,,,,,,,,,,,,,,,,,,,
7495,209948,23,NP,B,980,19-May-2023,11:46:04,-23.2715,151.6136,,401677636,-137,6,0,19-May-2023,11:46:12,-23.2715,151.6136,15,1445,2022,1032,61,,,75,48,165,253,40,150,250,144,73,175,178,18,214,215,132,238,1,103,27,208,145,127,192,,,,,,,,,
7495,209948,3,NN,1,981,19-May-2023,12:36:55,-23.2813,151.6485,,401677640,-124,58,0,19-May-2023,12:32:41,-23.2813,151.6485,415,1378,20720,91,77,,,98,121,0,,,,,,,,,,,,,,,,,,,,,,,,,,,,,
7495,209948,3,NN,1,981,19-May-2023,12:36:55,-23.2813,151.6485,,401677640,-124,58,0,19-May-2023,12:35:27,-23.2813,151.6485,415,1378,20720,91,77,,,71,11,5,,,,,,,,,,,,,,,,,,,,,,,,,,,,,
7495,209948,3,NN,1,981,19-May-2023,12:36:55,-23.2813,151.6485,,401677640,-124,58,0,19-May-2023,12:35:42,-23.2813,151.6485,415,1378,20720,91,77,,,91,204,107,,,,,,,,,,,,,,,,,,,,,,,,,,,,,
7495,209948,3,NN,1,981,19-May-2023,12:36:55,-23.2813,151.6485,,401677640,-124,58,1,19-May-2023,12:36:28,-23.2813,151.6485,415,1378,20720,91,77,,,27,143,28,,,,,,,,,,,,,,,,,,,,,,,,,,,,,
7495,209948,3,NN,1,981,19-May-2023,12:36:55,-23.2813,151.6485,,401677640,-124,58,0,19-May-2023,12:37:09,-23.2813,151.6485,415,1378,20720,91,77,,,82,209,107,,,,,,,,,,,,,,,,,,,,,,,,,,,,,
7495,209948,3,NN,1,981,19-May-2023,12:36:55,-23.2813,151.6485,,401677640,-124,58,0,19-May-2023,12:38:22,-23.2813,151.6485,415,1378,20720,91,77,,,66,10,5,,,,,,,,,,,,,,,,,,,,,,,,,,,,,
7495,209948,3,NN,1,981,19-May-2023,12:36:55,-23.2813,151.6485,,401677640,-124,58,0,19-May-2023,12:38:37,-23.2813,151.6485,415,1378,20720,91,77,,,89,214,107,,,,,,,,,,,,,,,,,,,,,,,,,,,,,
7495,209948,3,NN,1,981,19-May-2023,12:36:55,-23.2813,151.6485,,401677640,-124,58,2,19-May-2023,12:39:12,-23.2813,151.6485,415,1378,20720,91,77,,,100,119,0,,,,,,,,,,,,,,,,,,,,,,,,,,,,,
7495,209948,3,NN,1,981,19-May-2023,12:36:55,-23.2813,151.6485,,401677640,-124,58,2,19-May-2023,12:39:36,-23.2813,151.6485,415,1378,20720,91,77,,,15,1,16,,,,,,,,,,,,,,,,,,,,,,,,,,,,,
7495,209948,3,MC,2,982,19-May-2023,12:55:44,-23.2789,151.6534,,401677637,-125,66,0,19-May-2023,12:55:27,-23.2789,151.6534,120,348,708,170,148,,,66,10,5,,,,,,,,,,,,,,,,,,,,,,,,,,,,,
7495,209948,3,MC,2,982,19-May-2023,12:55:44,-23.2789,151.6534,,401677637,-125,66,0,19-May-2023,12:55:55,-23.2789,151.6534,120,348,708,170,148,,,82,225,107,,,,,,,,,,,,,,,,,,,,,,,,,,,,,
7495,209948,3,MC,2,982,19-May-2023,12:55:44,-23.2789,151.6534,,401677637,-125,66,1,19-May-2023,12:57:27,-23.2789,151.6534,120,348,708,170,148,,,15,1,16,,,,,,,,,,,,,,,,,,,,,,,,,,,,,
7495,209948,3,A1,B,983,19-May-2023,18:58:36,-23.3017,151.7443,,401677644,-141,8,0,19-May-2023,18:58:37,-23.3017,151.7443,,2171,3881,1214,89,,,27,135,148,,,,,,,,,,,,,,,,,,,,,,,,,,,,,
7495,209948,3,NN,A,984,20-May-2023,12:27:20,-23.4154,151.7537,,401677646,-133,,0,20-May-2023,12:18:03,-23.4154,151.7537,577,1952,14574,261,146,,,110,117,0,,,,,,,,,,,,,,,,,,,,,,,,,,,,,
7495,209948,3,NN,A,984,20-May-2023,12:27:20,-23.4154,151.7537,,401677646,-133,,0,20-May-2023,12:27:00,-23.4154,151.7537,577,1952,14574,261,146,,,27,143,28,,,,,,,,,,,,,,,,,,,,,,,,,,,,,
7495,209948,3,NN,A,984,20-May-2023,12:27:20,-23.4154,151.7537,,401677646,-133,,0,20-May-2023,12:27:40,-23.4154,151.7537,577,1952,14574,261,146,,,92,100,108,,,,,,,,,,,,,,,,,,,,,,,,,,,,,
7495,209948,3,MC,A,985,20-May-2023,12:32:08,-23.2612,151.8159,,401677664,-127,6,0,20-May-2023,12:31:44,-23.2612,151.8159,56,6579,69481,623,67,,,99,124,0,,,,,,,,,,,,,,,,,,,,,,,,,,,,,
7495,209948,3,MC,A,985,20-May-2023,12:32:08,-23.2612,151.8159,,401677664,-127,6,0,20-May-2023,12:32:00,-23.2612,151.8159,56,6579,69481,623,67,,,15,1,16,,,,,,,,,,,,,,,,,,,,,,,,,,,,,
7495,209948,3,MC,A,985,20-May-2023,12:32:08,-23.2612,151.8159,,401677664,-127,6,0,20-May-2023,12:32:40,-23.2612,151.8159,56,6579,69481,623,67,,,27,143,28,,,,,,,,,,,,,,,,,,,,,,,,,,,,,
7495,209948,3,SR,B,986,20-May-2023,18:43:31,-23.3407,151.7359,,401677664,-132,8,0,20-May-2023,18:43:12,-23.3407,151.7359,40,3577,9791,1306,128,,,99,124,0,,,,,,,,,,,,,,,,,,,,,,,,,,,,,
7495,209948,3,SR,B,986,20-May-2023,18:43:31,-23.3407,151.7359,,401677664,-132,8,0,20-May-2023,18:43:52,-23.3407,151.7359,40,3577,9791,1306,128,,,27,143,28,,,,,,,,,,,,,,,,,,,,,,,,,,,,,
7495,209948,3,NK,B,987,20-May-2023,20:03:37,-23.3143,151.7040,,401677631,-137,8,0,20-May-2023,20:03:37,-23.3143,151.7040,,2855,4120,1977,109,,,85,168,108,,,,,,,,,,,,,,,,,,,,,,,,,,,,,
7495,209948,3,A1,B,988,20-May-2023,20:16:35,-23.3344,151.7162,,401677638,-139,8,0,20-May-2023,20:16:35,-23.3344,151.7162,,3658,6438,2078,133,,,15,1,16,,,,,,,,,,,,,,,,,,,,,,,,,,,,,
7495,209948,3,SR,B,989,20-May-2023,20:25:28,-23.3174,151.7074,,401677637,-133,6,0,20-May-2023,20:25:13,-23.3174,151.7074,30,1925,5126,723,107,,,79,3,5,,,,,,,,,,,,,,,,,,,,,,,,,,,,,
7495,209948,3,SR,B,989,20-May-2023,20:25:28,-23.3174,151.7074,,401677637,-133,6,0,20-May-2023,20:25:43,-23.3174,151.7074,30,1925,5126,723,107,,,84,173,108,,,,,,,,,,,,,,,,,,,,,,,,,,,,,
7495,209948,3,NP,B,990,20-May-2023,22:52:43,-23.3298,151.6629,,401677638,-130,8,0,20-May-2023,22:52:44,-23.3298,151.6629,404,1539,33747,70,143,,,102,105,120,,,,,,,,,,,,,,,,,,,,,,,,,,,,,
7495,209948,3,NP,B,990,20-May-2023,22:52:43,-23.3298,151.6629,,401677638,-130,8,0,20-May-2023,22:59:28,-23.3298,151.6629,404,1539,33747,70,143,,,72,8,5,,,,,,,,,,,,,,,,,,,,,,,,,,,,,
7495,209948,3,MB,B,991,20-May-2023,22:59:27,-23.3277,151.7062,,401677635,-131,6,0,20-May-2023,22:59:28,-23.3277,151.7062,,2207,4586,1061,116,,,72,8,5,,,,,,,,,,,,,,,,,,,,,,,,,,,,,
7495,209948,3,NN,0,992,20-May-2023,23:35:05,-23.3069,151.6114,,401677634,-127,48,0,20-May-2023,23:34:16,-23.3069,151.6114,94,13903,144549,1337,89,,,82,200,108,,,,,,,,,,,,,,,,,,,,,,,,,,,,,
7495,209948,3,NN,0,992,20-May-2023,23:35:05,-23.3069,151.6114,,401677634,-127,48,0,20-May-2023,23:34:44,-23.3069,151.6114,94,13903,144549,1337,89,,,105,126,0,,,,,,,,,,,,,,,,,,,,,,,,,,,,,
7495,209948,3,NN,0,992,20-May-2023,23:35:05,-23.3069,151.6114,,401677634,-127,48,0,20-May-2023,23:34:59,-23.3069,151.6114,94,13903,144549,1337,89,,,15,1,16,,,,,,,,,,,,,,,,,,,,,,,,,,,,,
7495,209948,3,NN,0,992,20-May-2023,23:35:05,-23.3069,151.6114,,401677634,-127,48,0,20-May-2023,23:35:15,-23.3069,151.6114,94,13903,144549,1337,89,,,27,143,28,,,,,,,,,,,,,,,,,,,,,,,,,,,,,
7495,209948,3,NN,0,992,20-May-2023,23:35:05,-23.3069,151.6114,,401677634,-127,48,0,20-May-2023,23:35:31,-23.3069,151.6114,94,13903,144549,1337,89,,,66,10,5,,,,,,,,,,,,,,,,,,,,,,,,,,,,,
7495,209948,3,NN,0,992,20-May-2023,23:35:05,-23.3069,151.6114,,401677634,-127,48,0,20-May-2023,23:35:50,-23.3069,151.6114,94,13903,144549,1337,89,,,91,209,116,,,,,,,,,,,,,,,,,,,,,,,,,,,,,
7495,209948,3,A1,B,993,21-May-2023,06:39:58,-23.3364,151.3241,,401677683,-139,8,0,21-May-2023,06:39:58,-23.3364,151.3241,,22880,38586,13566,78,,,75,7,5,,,,,,,,,,,,,,,,,,,,,,,,,,,,,
7495,209948,3,NK,B,994,21-May-2023,08:34:08,-23.4117,151.3262,,401677604,-133,8,0,21-May-2023,08:34:08,-23.4117,151.3262,,19836,47211,8334,66,,,102,125,0,,,,,,,,,,,,,,,,,,,,,,,,,,,,,
7495,209948,3,NP,B,995,21-May-2023,09:43:08,-23.4229,151.4786,,401677693,-137,8,0,21-May-2023,09:40:48,-23.4229,151.4786,280,13991,383873,509,57,,,98,121,17,,,,,,,,,,,,,,,,,,,,,,,,,,,,,
7495,209948,3,NP,B,995,21-May-2023,09:43:08,-23.4229,151.4786,,401677693,-137,8,0,21-May-2023,09:45:28,-23.4229,151.4786,280,13991,383873,509,57,,,15,1,16,,,,,,,,,,,,,,,,,,,,,,,,,,,,,
7495,209948,3,NP,A,996,21-May-2023,11:22:24,-23.3111,151.6592,,401677629,-127,8,0,21-May-2023,11:20:48,-23.3111,151.6592,267,11065,273573,447,78,,,15,1,16,,,,,,,,,,,,,,,,,,,,,,,,,,,,,
7495,209948,3,NP,A,996,21-May-2023,11:22:24,-23.3111,151.6592,,401677629,-127,8,0,21-May-2023,11:21:10,-23.3111,151.6592,267,11065,273573,447,78,,,27,143,28,,,,,,,,,,,,,,,,,,,,,,,,,,,,,
7495,209948,3,NP,A,996,21-May-2023,11:22:24,-23.3111,151.6592,,401677629,-127,8,0,21-May-2023,11:25:15,-23.3111,151.6592,267,11065,273573,447,78,,,91,31,109,,,,,,,,,,,,,,,,,,,,,,,,,,,,,
7495,209948,3,MB,B,997,21-May-2023,11:25:15,-23.4042,151.5278,,401677624,-133,8,0,21-May-2023,11:25:15,-23.4042,151.5278,,4000,8776,1823,53,,,91,31,109,,,,,,,,,,,,,,,,,,,,,,,,,,,,,
7495,209948,3,NN,B,998,21-May-2023,12:15:44,-23.4034,151.5269,,401677620,-133,8,0,21-May-2023,12:15:44,-23.4034,151.5269,,4334,8261,2274,55,,,15,1,16,,,,,,,,,,,,,,,,,,,,,,,,,,,,,
7495,209948,3,MC,B,999,21-May-2023,12:17:29,-23.3389,151.5778,,401677657,-120,6,0,21-May-2023,12:15:44,-23.3389,151.5778,211,1651,47382,57,73,,,15,1,16,,,,,,,,,,,,,,,,,,,,,,,,,,,,,
7495,209948,3,MC,B,999,21-May-2023,12:17:29,-23.3389,151.5778,,401677657,-120,6,0,21-May-2023,12:19:15,-23.3389,151.5778,211,1651,47382,57,73,,,27,143,28,,,,,,,,,,,,,,,,,,,,,,,,,,,,,
7495,209948,3,SR,B,1000,21-May-2023,19:51:25,-23.3598,151.5674,,401677652,-122,8,0,21-May-2023,19:51:26,-23.3598,151.5674,,2767,8911,859,68,,,15,1,16,,,,,,,,,,,,,,,,,,,,,,,,,,,,,
7495,209948,3,MC,B,1001,21-May-2023,23:25:34,-23.3125,151.6330,,401677626,-124,8,0,21-May-2023,23:25:34,-23.3125,151.6330,,2578,5674,1171,94,,,68,4,5,,,,,,,,,,,,,,,,,,,,,,,,,,,,,
7495,209948,3,NN,B,1002,21-May-2023,23:25:34,-23.3133,151.6308,,401677625,-135,,0,21-May-2023,23:25:34,-23.3133,151.6308,,2311,4582,1165,90,,,68,4,5,,,,,,,,,,,,,,,,,,,,,,,,,,,,,
7495,209948,3,A1,B,1003,22-May-2023,07:57:38,-23.2323,151.6539,,401677621,-129,8,0,22-May-2023,07:57:39,-23.2323,151.6539,,2936,8665,994,90,,,27,143,28,,,,,,,,,,,,,,,,,,,,,,,,,,,,,
7495,209948,31,MC,B,1004,22-May-2023,11:53:56,-23.2473,151.6807,,401677593,-124,8,0,22-May-2023,11:53:57,-23.2473,151.6807,,3351,13891,808,80,,,32,214,160,8,194,5,6,42,195,137,229,26,91,6,216,30,252,224,160,192,202,62,208,87,226,32,80,116,175,49,35,
7495,209948,3,SR,B,1005,22-May-2023,19:21:09,-23.2424,151.6545,,401677606,-130,8,0,22-May-2023,19:21:09,-23.2424,151.6545,,4256,9048,2001,73,,,27,143,28,,,,,,,,,,,,,,,,,,,,,,,,,,,,,
7495,209948,3,NP,B,1006,22-May-2023,22:34:22,-23.2421,151.7251,,401677635,-131,8,0,22-May-2023,22:34:23,-23.2421,151.7251,,4425,12806,1528,61,,,64,0,5,,,,,,,,,,,,,,,,,,,,,,,,,,,,,
7495,209948,3,NN,B,1007,23-May-2023,11:48:49,-23.1755,151.6715,,401677674,-135,,0,23-May-2023,11:48:49,-23.1755,151.6715,,5139,12795,2064,50,,,15,1,16,,,,,,,,,,,,,,,,,,,,,,,,,,,,,
7495,209948,3,SR,B,1008,23-May-2023,20:23:48,-23.1615,151.6964,,401677657,-135,8,0,23-May-2023,20:23:49,-23.1615,151.6964,,6664,13471,3296,56,,,15,3,222,,,,,,,,,,,,,,,,,,,,,,,,,,,,,
7495,209948,3,NK,B,1009,24-May-2023,20:06:39,-22.6140,152.2971,,401677659,-135,,0,24-May-2023,20:06:40,-22.6140,152.2971,,3525,6373,1949,89,,,65,21,5,,,,,,,,,,,,,,,,,,,,,,,,,,,,,
7495,209948,3,SR,3,1010,25-May-2023,07:03:19,-22.2400,151.8187,,401677637,-124,56,0,25-May-2023,06:59:00,-22.2400,151.8187,585,209,351,124,113,,,115,4,195,,,,,,,,,,,,,,,,,,,,,,,,,,,,,
7495,209948,3,SR,3,1010,25-May-2023,07:03:19,-22.2400,151.8187,,401677637,-124,56,0,25-May-2023,07:00:28,-22.2400,151.8187,585,209,351,124,113,,,72,24,5,,,,,,,,,,,,,,,,,,,,,,,,,,,,,
7495,209948,3,SR,3,1010,25-May-2023,07:03:19,-22.2400,151.8187,,401677637,-124,56,0,25-May-2023,07:00:43,-22.2400,151.8187,585,209,351,124,113,,,83,38,110,,,,,,,,,,,,,,,,,,,,,,,,,,,,,
7495,209948,3,SR,3,1010,25-May-2023,07:03:19,-22.2400,151.8187,,401677637,-124,56,1,25-May-2023,07:02:54,-22.2400,151.8187,585,209,351,124,113,,,102,125,0,,,,,,,,,,,,,,,,,,,,,,,,,,,,,
7495,209948,3,SR,3,1010,25-May-2023,07:03:19,-22.2400,151.8187,,401677637,-124,56,0,25-May-2023,07:04:39,-22.2400,151.8187,585,209,351,124,113,,,93,48,110,,,,,,,,,,,,,,,,,,,,,,,,,,,,,
7495,209948,3,SR,3,1010,25-May-2023,07:03:19,-22.2400,151.8187,,401677637,-124,56,3,25-May-2023,07:05:09,-22.2400,151.8187,585,209,351,124,113,,,15,1,16,,,,,,,,,,,,,,,,,,,,,,,,,,,,,
7495,209948,3,SR,3,1010,25-May-2023,07:03:19,-22.2400,151.8187,,401677637,-124,56,1,25-May-2023,07:06:10,-22.2400,151.8187,585,209,351,124,113,,,75,23,5,,,,,,,,,,,,,,,,,,,,,,,,,,,,,
7495,209948,3,SR,3,1010,25-May-2023,07:03:19,-22.2400,151.8187,,401677637,-124,56,0,25-May-2023,07:06:26,-22.2400,151.8187,585,209,351,124,113,,,83,54,110,,,,,,,,,,,,,,,,,,,,,,,,,,,,,
7495,209948,3,SR,3,1010,25-May-2023,07:03:19,-22.2400,151.8187,,401677637,-124,56,1,25-May-2023,07:06:45,-22.2400,151.8187,585,209,351,124,113,,,99,124,0,,,,,,,,,,,,,,,,,,,,,,,,,,,,,
7495,209948,3,SR,3,1010,25-May-2023,07:03:19,-22.2400,151.8187,,401677637,-124,56,4,25-May-2023,07:08:07,-22.2400,151.8187,585,209,351,124,113,,,27,143,28,,,,,,,,,,,,,,,,,,,,,,,,,,,,,
7495,209948,3,SR,3,1010,25-May-2023,07:03:19,-22.2400,151.8187,,401677637,-124,56,0,25-May-2023,07:08:45,-22.2400,151.8187,585,209,351,124,113,,,90,59,110,,,,,,,,,,,,,,,,,,,,,,,,,,,,,
7495,209948,3,A1,2,1011,25-May-2023,07:00:58,-22.2447,151.8193,,401677638,-129,48,1,25-May-2023,07:00:28,-22.2447,151.8193,266,486,859,274,97,,,72,24,5,,,,,,,,,,,,,,,,,,,,,,,,,,,,,
7495,209948,3,A1,2,1011,25-May-2023,07:00:58,-22.2447,151.8193,,401677638,-129,48,0,25-May-2023,07:00:43,-22.2447,151.8193,266,486,859,274,97,,,83,38,110,,,,,,,,,,,,,,,,,,,,,,,,,,,,,
7495,209948,3,A1,2,1011,25-May-2023,07:00:58,-22.2447,151.8193,,401677638,-129,48,1,25-May-2023,07:01:13,-22.2447,151.8193,266,486,859,274,97,,,15,1,16,,,,,,,,,,,,,,,,,,,,,,,,,,,,,
7495,209948,3,A1,2,1011,25-May-2023,07:00:58,-22.2447,151.8193,,401677638,-129,48,1,25-May-2023,07:01:43,-22.2447,151.8193,266,486,859,274,97,,,27,143,28,,,,,,,,,,,,,,,,,,,,,,,,,,,,,
7495,209948,3,A1,2,1011,25-May-2023,07:00:58,-22.2447,151.8193,,401677638,-129,48,1,25-May-2023,07:02:54,-22.2447,151.8193,266,486,859,274,97,,,102,125,0,,,,,,,,,,,,,,,,,,,,,,,,,,,,,
7495,209948,3,A1,2,1011,25-May-2023,07:00:58,-22.2447,151.8193,,401677638,-129,48,0,25-May-2023,07:04:39,-22.2447,151.8193,266,486,859,274,97,,,93,48,110,,,,,,,,,,,,,,,,,,,,,,,,,,,,,
7495,209948,3,A1,2,1011,25-May-2023,07:00:58,-22.2447,151.8193,,401677638,-129,48,0,25-May-2023,07:04:54,-22.2447,151.8193,266,486,859,274,97,,,99,124,0,,,,,,,,,,,,,,,,,,,,,,,,,,,,,
7495,209948,3,SR,B,1012,25-May-2023,08:40:06,-22.2153,151.8127,,401677645,-135,8,0,25-May-2023,08:40:07,-22.2153,151.8127,457,4539,43989,468,162,,,77,25,5,,,,,,,,,,,,,,,,,,,,,,,,,,,,,
7495,209948,3,SR,B,1012,25-May-2023,08:40:06,-22.2153,151.8127,,401677645,-135,8,0,25-May-2023,08:47:44,-22.2153,151.8127,457,4539,43989,468,162,,,15,1,16,,,,,,,,,,,,,,,,,,,,,,,,,,,,,
7495,209948,3,NP, ,1013,26-May-2023,21:37:23,,,,401650000,-133,,0,26-May-2023,21:37:23,,,,,,,,,,65,5,5,,,,,,,,,,,,,,,,,,,,,,,,,,,,,
7495,209948,3,SR, ,1014,27-May-2023,07:40:53,,,,401650000,-133,,0,27-May-2023,07:40:53,,,,,,,,,,27,143,28,,,,,,,,,,,,,,,,,,,,,,,,,,,,,
7495,209948,3,SR,Z,1015,27-May-2023,19:59:21,-22.7006,154.4077,,401677648,-126,30,0,27-May-2023,19:58:18,-22.7006,154.4077,166,,,,,,,155,143,28,,,,,,,,,,,,,,,,,,,,,,,,,,,,,
7495,209948,3,SR,Z,1015,27-May-2023,19:59:21,-22.7006,154.4077,,401677648,-126,30,1,27-May-2023,19:59:30,-22.7006,154.4077,166,,,,,,,27,143,28,,,,,,,,,,,,,,,,,,,,,,,,,,,,,
7495,209948,3,SR,Z,1015,27-May-2023,19:59:21,-22.7006,154.4077,,401677648,-126,30,0,27-May-2023,19:59:59,-22.7006,154.4077,166,,,,,,,65,251,4,,,,,,,,,,,,,,,,,,,,,,,,,,,,,
7495,209948,3,SR,Z,1015,27-May-2023,19:59:21,-22.7006,154.4077,,401677648,-126,30,0,27-May-2023,20:01:04,-22.7006,154.4077,166,,,,,,,89,11,111,,,,,,,,,,,,,,,,,,,,,,,,,,,,,
7495,209948,3,NK,B,1016,27-May-2023,20:28:56,-23.3132,151.7056,,401677638,-124,,1,27-May-2023,20:29:48,-27.1389,169.8488,,829,4044,170,105,,,27,143,28,,,,,,,,,,,,,,,,,,,,,,,,,,,,,
7495,209948,3,NP,A,1017,28-May-2023,09:58:28,-23.2783,151.7360,,401677638,-126,,0,28-May-2023,09:58:29,-23.2783,151.7360,523,245,636,94,156,,,27,143,28,,,,,,,,,,,,,,,,,,,,,,,,,,,,,
7495,209948,3,NP,A,1017,28-May-2023,09:58:28,-23.2783,151.7360,,401677638,-126,,0,28-May-2023,10:05:02,-23.2783,151.7360,523,245,636,94,156,,,75,249,4,,,,,,,,,,,,,,,,,,,,,,,,,,,,,
7495,209948,3,NP,A,1017,28-May-2023,09:58:28,-23.2783,151.7360,,401677638,-126,,0,28-May-2023,10:07:12,-23.2783,151.7360,523,245,636,94,156,,,103,120,0,,,,,,,,,,,,,,,,,,,,,,,,,,,,,
7495,209948,3,NK,B,1018,28-May-2023,10:34:00,-23.2783,151.7365,,401677634,-133,8,0,28-May-2023,10:34:01,-23.2783,151.7365,,827,922,741,97,,,27,143,28,,,,,,,,,,,,,,,,,,,,,,,,,,,,,
7495,209948,3,MC,B,1019,28-May-2023,13:10:11,-23.2689,151.7137,,401677630,-132,8,0,28-May-2023,13:10:11,-23.2689,151.7137,176,1309,8403,204,31,,,27,143,28,,,,,,,,,,,,,,,,,,,,,,,,,,,,,
7495,209948,3,MC,B,1019,28-May-2023,13:10:11,-23.2689,151.7137,,401677630,-132,8,0,28-May-2023,13:13:07,-23.2689,151.7137,176,1309,8403,204,31,,,85,104,111,,,,,,,,,,,,,,,,,,,,,,,,,,,,,
7495,209948,3,SR,B,1020,28-May-2023,19:31:58,-23.2577,151.6912,,401677630,-132,8,0,28-May-2023,19:29:40,-23.2577,151.6912,276,1643,45922,58,127,,,75,249,4,,,,,,,,,,,,,,,,,,,,,,,,,,,,,
7495,209948,3,SR,B,1020,28-May-2023,19:31:58,-23.2577,151.6912,,401677630,-132,8,0,28-May-2023,19:34:16,-23.2577,151.6912,276,1643,45922,58,127,,,27,143,28,,,,,,,,,,,,,,,,,,,,,,,,,,,,,
7495,209948,3,NK,B,1021,28-May-2023,20:00:03,-23.2661,151.7020,,401677638,-135,6,0,28-May-2023,20:00:03,-23.2661,151.7020,,1317,3177,546,124,,,27,143,28,,,,,,,,,,,,,,,,,,,,,,,,,,,,,
7495,209948,3,NP,B,1022,28-May-2023,23:03:01,-23.2620,151.6948,,401677641,-137,8,0,28-May-2023,23:03:02,-23.2620,151.6948,,2230,2857,1741,116,,,27,143,28,,,,,,,,,,,,,,,,,,,,,,,,,,,,,
7495,209948,3,NN,A,1023,28-May-2023,23:43:02,-23.2010,151.7991,,401677639,-128,8,0,28-May-2023,23:34:55,-23.2010,151.7991,543,667,2561,173,123,,,64,254,4,,,,,,,,,,,,,,,,,,,,,,,,,,,,,
7495,209948,3,NN,A,1023,28-May-2023,23:43:02,-23.2010,151.7991,,401677639,-128,8,0,28-May-2023,23:42:08,-23.2010,151.7991,543,667,2561,173,123,,,27,143,28,,,,,,,,,,,,,,,,,,,,,,,,,,,,,
7495,209948,3,NN,A,1023,28-May-2023,23:43:02,-23.2010,151.7991,,401677639,-128,8,0,28-May-2023,23:43:58,-23.2010,151.7991,543,667,2561,173,123,,,65,146,4,,,,,,,,,,,,,,,,,,,,,,,,,,,,,
7495,209948,3,SR,B,1024,29-May-2023,08:21:05,-22.9647,152.1885,,401677650,-132,8,0,29-May-2023,08:21:05,-22.9647,152.1885,,10007,13330,7511,63,,,75,249,4,,,,,,,,,,,,,,,,,,,,,,,,,,,,,
7495,209948,3,NK,B,1025,29-May-2023,08:29:24,-23.0155,152.2147,,401677610,-133,6,0,29-May-2023,08:29:25,-23.0155,152.2147,,6103,14671,2538,63,,,91,107,112,,,,,,,,,,,,,,,,,,,,,,,,,,,,,
7495,209948,31,A1,B,1026,30-May-2023,06:57:26,-23.0768,152.2588,,401677624,-138,,0,30-May-2023,06:57:27,-23.0768,152.2588,,9378,22499,3908,64,,,32,215,181,0,0,0,0,0,10,255,0,0,187,176,47,254,89,124,225,148,47,203,232,176,189,53,196,247,55,111,206,
7495,209948,3,MC,B,1027,30-May-2023,10:46:57,-23.2989,151.8864,,401677612,-126,8,0,30-May-2023,10:46:58,-23.2989,151.8864,,4900,20803,1154,82,,,27,143,28,,,,,,,,,,,,,,,,,,,,,,,,,,,,,
7495,209948,3,SR,B,1028,30-May-2023,18:31:33,-23.4052,151.5883,,401677649,-140,8,0,30-May-2023,18:31:33,-23.4052,151.5883,,3944,6181,2516,65,,,26,15,28,,,,,,,,,,,,,,,,,,,,,,,,,,,,,
7495,209948,3,SR,A,1029,31-May-2023,07:17:47,-23.3301,151.8118,,401677644,-125,,0,31-May-2023,07:17:00,-23.3301,151.8118,157,8045,220729,293,115,,,69,239,4,,,,,,,,,,,,,,,,,,,,,,,,,,,,,
7495,209948,3,SR,A,1029,31-May-2023,07:17:47,-23.3301,151.8118,,401677644,-125,,1,31-May-2023,07:19:37,-23.3301,151.8118,157,8045,220729,293,115,,,27,143,28,,,,,,,,,,,,,,,,,,,,,,,,,,,,,
7495,209948,3,NK,B,1030,31-May-2023,09:11:21,-23.3418,151.7769,,401677635,-135,8,0,31-May-2023,09:11:22,-23.3418,151.7769,,10813,20360,5742,114,,,66,244,4,,,,,,,,,,,,,,,,,,,,,,,,,,,,,
7495,209948,3,NP,B,1031,31-May-2023,09:27:19,-23.3243,151.7533,,401677667,-137,8,0,31-May-2023,09:27:19,-23.3243,151.7533,,10204,17521,5943,105,,,83,210,113,,,,,,,,,,,,,,,,,,,,,,,,,,,,,
7495,209948,3,NK,B,1032,31-May-2023,22:05:29,-23.2530,151.5543,,401677635,-131,,0,31-May-2023,22:05:29,-23.2530,151.5543,,10744,25210,4579,99,,,27,143,28,,,,,,,,,,,,,,,,,,,,,,,,,,,,,
7495,209948,3,NP,0,1033,31-May-2023,22:25:27,-23.3067,151.7368,,401677650,-137,56,0,31-May-2023,22:25:18,-23.3067,151.7368,254,3900,87596,173,84,,,64,238,4,,,,,,,,,,,,,,,,,,,,,,,,,,,,,
7495,209948,3,NP,0,1033,31-May-2023,22:25:27,-23.3067,151.7368,,401677650,-137,56,0,31-May-2023,22:25:37,-23.3067,151.7368,254,3900,87596,173,84,,,92,225,113,,,,,,,,,,,,,,,,,,,,,,,,,,,,,
7495,209948,3,NP,0,1033,31-May-2023,22:25:27,-23.3067,151.7368,,401677650,-137,56,0,31-May-2023,22:27:44,-23.3067,151.7368,254,3900,87596,173,84,,,27,207,28,,,,,,,,,,,,,,,,,,,,,,,,,,,,,
7495,209948,3,NP,0,1033,31-May-2023,22:25:27,-23.3067,151.7368,,401677650,-137,56,0,31-May-2023,22:28:01,-23.3067,151.7368,254,3900,87596,173,84,,,70,240,4,,,,,,,,,,,,,,,,,,,,,,,,,,,,,
7495,209948,3,NP,0,1033,31-May-2023,22:25:27,-23.3067,151.7368,,401677650,-137,56,0,31-May-2023,22:28:16,-23.3067,151.7368,254,3900,87596,173,84,,,94,235,113,,,,,,,,,,,,,,,,,,,,,,,,,,,,,
7495,209948,3,NP,0,1033,31-May-2023,22:25:27,-23.3067,151.7368,,401677650,-137,56,0,31-May-2023,22:28:32,-23.3067,151.7368,254,3900,87596,173,84,,,105,110,0,,,,,,,,,,,,,,,,,,,,,,,,,,,,,
7495,209948,3,NP,0,1033,31-May-2023,22:25:27,-23.3067,151.7368,,401677650,-137,56,0,31-May-2023,22:28:47,-23.3067,151.7368,254,3900,87596,173,84,,,15,1,16,,,,,,,,,,,,,,,,,,,,,,,,,,,,,
7495,209948,3,NP,0,1033,31-May-2023,22:25:27,-23.3067,151.7368,,401677650,-137,56,1,31-May-2023,22:29:02,-23.3067,151.7368,254,3900,87596,173,84,,,27,143,28,,,,,,,,,,,,,,,,,,,,,,,,,,,,,
7495,209948,3,NP,0,1033,31-May-2023,22:25:27,-23.3067,151.7368,,401677650,-137,56,1,31-May-2023,22:29:17,-23.3067,151.7368,254,3900,87596,173,84,,,64,238,4,,,,,,,,,,,,,,,,,,,,,,,,,,,,,
7495,209948,3,NP,0,1033,31-May-2023,22:25:27,-23.3067,151.7368,,401677650,-137,56,0,31-May-2023,22:29:32,-23.3067,151.7368,254,3900,87596,173,84,,,89,240,113,,,,,,,,,,,,,,,,,,,,,,,,,,,,,
7495,209948,3,MB,B,1034,31-May-2023,22:27:43,-23.3165,151.7048,,401677635,-133,6,0,31-May-2023,22:27:44,-23.3165,151.7048,,3763,24156,586,92,,,19,143,28,,,,,,,,,,,,,,,,,,,,,,,,,,,,,
7495,209948,3,MC,B,1035,31-May-2023,23:16:45,-23.3195,151.6883,,401677628,-123,8,0,31-May-2023,23:16:45,-23.3195,151.6883,,3878,17522,858,92,,,15,1,16,,,,,,,,,,,,,,,,,,,,,,,,,,,,,
7495,209948,3,MC,A,1036,01-Jun-2023,11:48:09,-23.3321,151.5402,,401677667,-119,,0,01-Jun-2023,11:47:57,-23.3321,151.5402,27,6779,110100,417,71,,,27,128,22,,,,,,,,,,,,,,,,,,,,,,,,,,,,,
7495,209948,3,MC,A,1036,01-Jun-2023,11:48:09,-23.3321,151.5402,,401677667,-119,,0,01-Jun-2023,11:48:08,-23.3321,151.5402,27,6779,110100,417,71,,,27,143,28,,,,,,,,,,,,,,,,,,,,,,,,,,,,,
7495,209948,3,MC,A,1036,01-Jun-2023,11:48:09,-23.3321,151.5402,,401677667,-119,,0,01-Jun-2023,11:48:24,-23.3321,151.5402,27,6779,110100,417,71,,,77,247,4,,,,,,,,,,,,,,,,,,,,,,,,,,,,,
7495,209948,3,NN,B,1037,01-Jun-2023,13:20:27,-23.3294,151.5255,,401677677,-135,8,0,01-Jun-2023,13:20:28,-23.3294,151.5255,,12817,65352,2513,71,,,27,143,28,,,,,,,,,,,,,,,,,,,,,,,,,,,,,
7495,209948,3,A1,3,1038,01-Jun-2023,19:35:30,-23.2857,151.7246,,401677639,-128,58,0,01-Jun-2023,19:33:33,-23.2857,151.7246,292,177,410,76,100,,,68,230,59,,,,,,,,,,,,,,,,,,,,,,,,,,,,,
7495,209948,3,A1,3,1038,01-Jun-2023,19:35:30,-23.2857,151.7246,,401677639,-128,58,0,01-Jun-2023,19:34:00,-23.2857,151.7246,292,177,410,76,100,,,70,240,4,,,,,,,,,,,,,,,,,,,,,,,,,,,,,
7495,209948,3,A1,3,1038,01-Jun-2023,19:35:30,-23.2857,151.7246,,401677639,-128,58,0,01-Jun-2023,19:34:15,-23.2857,151.7246,292,177,410,76,100,,,83,109,114,,,,,,,,,,,,,,,,,,,,,,,,,,,,,
7495,209948,3,A1,3,1038,01-Jun-2023,19:35:30,-23.2857,151.7246,,401677639,-128,58,0,01-Jun-2023,19:34:30,-23.2857,151.7246,292,177,410,76,100,,,111,112,0,,,,,,,,,,,,,,,,,,,,,,,,,,,,,
7495,209948,3,A1,3,1038,01-Jun-2023,19:35:30,-23.2857,151.7246,,401677639,-128,58,0,01-Jun-2023,19:34:45,-23.2857,151.7246,292,177,410,76,100,,,15,1,16,,,,,,,,,,,,,,,,,,,,,,,,,,,,,
7495,209948,3,A1,3,1038,01-Jun-2023,19:35:30,-23.2857,151.7246,,401677639,-128,58,0,01-Jun-2023,19:35:48,-23.2857,151.7246,292,177,410,76,100,,,76,242,7,,,,,,,,,,,,,,,,,,,,,,,,,,,,,
7495,209948,3,A1,3,1038,01-Jun-2023,19:35:30,-23.2857,151.7246,,401677639,-128,58,0,01-Jun-2023,19:36:08,-23.2857,151.7246,292,177,410,76,100,,,67,241,4,,,,,,,,,,,,,,,,,,,,,,,,,,,,,
7495,209948,3,A1,3,1038,01-Jun-2023,19:35:30,-23.2857,151.7246,,401677639,-128,58,0,01-Jun-2023,19:36:24,-23.2857,151.7246,292,177,410,76,100,,,82,120,114,,,,,,,,,,,,,,,,,,,,,,,,,,,,,
7495,209948,3,A1,3,1038,01-Jun-2023,19:35:30,-23.2857,151.7246,,401677639,-128,58,7,01-Jun-2023,19:37:38,-23.2857,151.7246,292,177,410,76,100,,,27,143,28,,,,,,,,,,,,,,,,,,,,,,,,,,,,,
7495,209948,3,A1,3,1038,01-Jun-2023,19:35:30,-23.2857,151.7246,,401677639,-128,58,0,01-Jun-2023,19:38:10,-23.2857,151.7246,292,177,410,76,100,,,90,129,114,,,,,,,,,,,,,,,,,,,,,,,,,,,,,
7495,209948,3,A1,3,1038,01-Jun-2023,19:35:30,-23.2857,151.7246,,401677639,-128,58,0,01-Jun-2023,19:38:25,-23.2857,151.7246,292,177,410,76,100,,,34,105,64,,,,,,,,,,,,,,,,,,,,,,,,,,,,,
7495,209948,3,NK,0,1039,01-Jun-2023,20:02:01,-23.2988,151.7248,,401677633,-128,56,0,01-Jun-2023,20:01:13,-23.2988,151.7248,110,1796,5572,578,42,,,27,142,134,,,,,,,,,,,,,,,,,,,,,,,,,,,,,
7495,209948,3,NK,0,1039,01-Jun-2023,20:02:01,-23.2988,151.7248,,401677633,-128,56,0,01-Jun-2023,20:01:36,-23.2988,151.7248,110,1796,5572,578,42,,,68,234,4,,,,,,,,,,,,,,,,,,,,,,,,,,,,,
7495,209948,3,NK,0,1039,01-Jun-2023,20:02:01,-23.2988,151.7248,,401677633,-128,56,3,01-Jun-2023,20:03:03,-23.2988,151.7248,110,1796,5572,578,42,,,27,143,28,,,,,,,,,,,,,,,,,,,,,,,,,,,,,
7495,209948,3,SR,B,1040,02-Jun-2023,07:52:07,-23.2701,151.6845,,401677630,-132,8,0,02-Jun-2023,07:52:07,-23.2701,151.6845,,9391,31344,2813,100,,,27,143,28,,,,,,,,,,,,,,,,,,,,,,,,,,,,,
7495,209948,3,NK,B,1041,02-Jun-2023,10:07:46,-23.2682,151.6923,,401677634,-132,8,0,02-Jun-2023,10:07:47,-23.2682,151.6923,,10867,40282,2931,102,,,67,241,4,,,,,,,,,,,,,,,,,,,,,,,,,,,,,
7495,209948,3,MC,B,1042,02-Jun-2023,22:41:53,-23.2440,151.6814,,401677627,-130,,0,02-Jun-2023,22:41:53,-23.2440,151.6814,,11900,22321,6343,125,,,151,252,249,,,,,,,,,,,,,,,,,,,,,,,,,,,,,
7495,209948,3,NK,B,1043,03-Jun-2023,07:57:44,-23.2518,151.6647,,401677623,-137,8,0,03-Jun-2023,07:57:44,-23.2518,151.6647,,4988,13068,1904,120,,,27,143,28,,,,,,,,,,,,,,,,,,,,,,,,,,,,,
7495,209948,3,SR,0,1044,03-Jun-2023,19:47:29,-23.3064,151.7195,,401677636,-125,58,0,03-Jun-2023,19:44:44,-23.3064,151.7195,193,2382,32792,173,62,,,67,220,19,,,,,,,,,,,,,,,,,,,,,,,,,,,,,
7495,209948,3,SR,0,1044,03-Jun-2023,19:47:29,-23.3064,151.7195,,401677636,-125,58,0,03-Jun-2023,19:46:03,-23.3064,151.7195,193,2382,32792,173,62,,,68,234,4,,,,,,,,,,,,,,,,,,,,,,,,,,,,,
7495,209948,3,SR,0,1044,03-Jun-2023,19:47:29,-23.3064,151.7195,,401677636,-125,58,0,03-Jun-2023,19:46:37,-23.3064,151.7195,193,2382,32792,173,62,,,111,96,0,,,,,,,,,,,,,,,,,,,,,,,,,,,,,
7495,209948,3,SR,0,1044,03-Jun-2023,19:47:29,-23.3064,151.7195,,401677636,-125,58,5,03-Jun-2023,19:47:57,-23.3064,151.7195,193,2382,32792,173,62,,,27,143,28,,,,,,,,,,,,,,,,,,,,,,,,,,,,,
7495,209948,3,A1,3,1045,03-Jun-2023,20:29:05,-23.3159,151.7287,,401677638,-130,58,0,03-Jun-2023,20:26:43,-23.3159,151.7287,308,178,264,120,94,,,15,1,16,,,,,,,,,,,,,,,,,,,,,,,,,,,,,
7495,209948,3,A1,3,1045,03-Jun-2023,20:29:05,-23.3159,151.7287,,401677638,-130,58,0,03-Jun-2023,20:27:14,-23.3159,151.7287,308,178,264,120,94,,,70,208,4,,,,,,,,,,,,,,,,,,,,,,,,,,,,,
7495,209948,3,A1,3,1045,03-Jun-2023,20:29:05,-23.3159,151.7287,,401677638,-130,58,0,03-Jun-2023,20:28:47,-23.3159,151.7287,308,178,264,120,94,,,105,94,0,,,,,,,,,,,,,,,,,,,,,,,,,,,,,
7495,209948,3,A1,3,1045,03-Jun-2023,20:29:05,-23.3159,151.7287,,401677638,-130,58,0,03-Jun-2023,20:29:32,-23.3159,151.7287,308,178,264,120,94,,,70,240,4,,,,,,,,,,,,,,,,,,,,,,,,,,,,,
7495,209948,3,A1,3,1045,03-Jun-2023,20:29:05,-23.3159,151.7287,,401677638,-130,58,0,03-Jun-2023,20:29:48,-23.3159,151.7287,308,178,264,120,94,,,83,48,116,,,,,,,,,,,,,,,,,,,,,,,,,,,,,
7495,209948,3,A1,3,1045,03-Jun-2023,20:29:05,-23.3159,151.7287,,401677638,-130,58,3,03-Jun-2023,20:31:51,-23.3159,151.7287,308,178,264,120,94,,,27,143,28,,,,,,,,,,,,,,,,,,,,,,,,,,,,,
7495,209948,3,NK,A,1046,03-Jun-2023,20:49:54,-23.3193,151.7397,,401677633,-125,6,1,03-Jun-2023,20:50:06,-23.3193,151.7397,35,535,1442,198,138,,,27,143,28,,,,,,,,,,,,,,,,,,,,,,,,,,,,,
7495,209948,3,NK,A,1046,03-Jun-2023,20:49:54,-23.3193,151.7397,,401677633,-125,6,0,03-Jun-2023,20:50:41,-23.3193,151.7397,35,535,1442,198,138,,,70,240,4,,,,,,,,,,,,,,,,,,,,,,,,,,,,,
7495,209948,31,NN, ,1047,04-Jun-2023,23:52:06,,,,401650000,-137,,0,04-Jun-2023,23:52:06,,,,,,,,,,32,232,147,130,139,95,230,56,220,92,4,94,255,127,223,40,190,50,146,189,147,61,19,231,228,176,210,20,30,197,48,
7495,209948,3,A1, ,1048,09-Jun-2023,08:28:58,,,,401650000,-142,,0,09-Jun-2023,08:28:58,,,,,,,,,,27,143,28,,,,,,,,,,,,,,,,,,,,,,,,,,,,,
7495,209948,3,NP,0,1049,09-Jun-2023,22:15:10,-23.2943,151.4918,,401677641,-130,40,0,09-Jun-2023,22:14:52,-23.2943,151.4918,68,15081,923020,246,104,,,27,143,56,,,,,,,,,,,,,,,,,,,,,,,,,,,,,
7495,209948,3,NP,0,1049,09-Jun-2023,22:15:10,-23.2943,151.4918,,401677641,-130,40,0,09-Jun-2023,22:15:07,-23.2943,151.4918,68,15081,923020,246,104,,,74,236,4,,,,,,,,,,,,,,,,,,,,,,,,,,,,,
7495,209948,3,NP,0,1049,09-Jun-2023,22:15:10,-23.2943,151.4918,,401677641,-130,40,0,09-Jun-2023,22:15:32,-23.2943,151.4918,68,15081,923020,246,104,,,27,143,28,,,,,,,,,,,,,,,,,,,,,,,,,,,,,
7495,209948,3,NP,0,1049,09-Jun-2023,22:15:10,-23.2943,151.4918,,401677641,-130,40,0,09-Jun-2023,22:16:00,-23.2943,151.4918,68,15081,923020,246,104,,,75,225,4,,,,,,,,,,,,,,,,,,,,,,,,,,,,,
7495,209948,3,MC,B,1050,09-Jun-2023,23:28:59,-23.3013,151.5096,,401677629,-134,8,0,09-Jun-2023,23:28:59,-23.3013,151.5096,,10776,32420,3581,105,,,27,143,28,,,,,,,,,,,,,,,,,,,,,,,,,,,,,
7495,209948,3,NN,B,1051,10-Jun-2023,00:34:22,-23.3002,151.5164,,401677625,-135,8,0,10-Jun-2023,00:34:23,-23.3002,151.5164,,9302,28091,3080,105,,,27,143,28,,,,,,,,,,,,,,,,,,,,,,,,,,,,,
PTT,Diags,Passes,Msgs,,,,,,,,,,,,,,,,,,,,,,,,,,,,,,,,,,,,,,,,,,,,,,,,,,,,,,
209948,0,1051,2709,,,,,,,,,,,,,,,,,,,,,,,,,,,,,,,,,,,,,,,,,,,,,,,,,,,,,,
