DeployID,Ptt,DepthSensor,Instr,SW,RTC,Received,Time Offset,LocationQuality,Latitude,Longitude,Type,HauledOut,BrokenThermistor,BrokenLink,Transmits,BattVoltage,TransmitVoltage,TransmitCurrent,Temperature,Depth,MaxDepth,ZeroDepthOffset,LightLevel,NoDawnDusk,ReleaseType,ReleaseTime,InitiallyBroken,BurnMinutes,ReleaseDepth,FastGPSPower,TWICPower,PowerLimit,WetDry,MinWetDry,MaxWetDry,WetDryThreshold,StatusWord,TransmitPower,Resets,PreReleaseTilt,PreReleaseTiltSd,PreReleaseTiltCount,XmitQueue,FastGPSLocNumber,FastGPSFailures,BattDiscon,Tilt,S11,ReleaseWetDry,ReleaseTemperature,MaxDepth,LLRangeToday,DeployStart,FirstPostReleaseTX,upright,SWBuild
252321,252321,0.500000,UT,,,12:43:52 24-Feb-2024,,,,,,,,,622,,,,,,,,,,,,,,,,,,,,,,,,,,,,,,,0,,,,,,,07:00:00 24-Feb-2024,,,
252321,252321,0.500000,UT,,,12:44:11 24-Feb-2024,,,,,,,,,,3.150,,,,,,,,,,,,,,,,,,,,,,,,,,,,,,0,,,,,,,07:00:00 24-Feb-2024,,,
252321,252321,0.500000,UT,1.00b,,12:44:29 24-Feb-2024,,,,,,0,,,,,,,,,,,,,,,,,,,,,,,,,,,,,,,,,,0,,,,,,,07:00:00 24-Feb-2024,,,
252321,252321,0.500000,UT,,,19:31:46 25-Feb-2024,,3,-23.2853,151.7826,,,,,,3.025,,,,,,,,,,,,,,,,,,,,,,,,,,,,,,0,,,,,,,07:00:00 24-Feb-2024,,,
252321,252321,0.500000,UT,,,19:33:10 25-Feb-2024,,3,-23.2853,151.7826,,,,,653,,,,,,,,,,,,,,,,,,,,,,,,,,,,,,,0,,,,,,,07:00:00 24-Feb-2024,,,
252321,252321,0.500000,UT,,,19:34:36 25-Feb-2024,,3,-23.2853,151.7826,,,,,658,,,,,,,,,,,,,,,,,,,,,,,,,,,,,,,0,,,,,,,07:00:00 24-Feb-2024,,,
252321,252321,0.500000,UT,,,19:36:06 25-Feb-2024,,3,-23.2853,151.7826,,,,,663,,,,,,,,,,,,,,,,,,,,,,,,,,,,,,,0,,,,,,,07:00:00 24-Feb-2024,,,
252321,252321,0.500000,UT,,,19:36:21 25-Feb-2024,,3,-23.2853,151.7826,,,,,,3.200,,,,,,,,,,,,,,,,,,,,,,,,,,,,,,0,,,,,,,07:00:00 24-Feb-2024,,,
252321,252321,0.500000,UT,1.00b,,19:36:36 25-Feb-2024,,3,-23.2853,151.7826,,0,,,,,,,,,,,,,,,,,,,,,,,,,,,,,,,,,,0,,,,,,,07:00:00 24-Feb-2024,,,
252321,252321,0.500000,UT,,,19:36:54 25-Feb-2024,,3,-23.2853,151.7826,,,,,,,,,,,,,,,,,,,,,,,,,,,,,,,,,,,,0,,,,,,,07:00:00 24-Feb-2024,,,7311
252321,252321,0.500000,UT,,,19:37:09 25-Feb-2024,,3,-23.2853,151.7826,,,,,,,,,27.85,,,,,,,,,,,,,,,,,,,,,,,,,,,0,,,,,,,07:00:00 24-Feb-2024,,,
252321,252321,0.500000,UT,,,19:37:39 25-Feb-2024,,3,-23.2853,151.7826,,,,,668,,,,,,,,,,,,,,,,,,,,,,,,,,,,,,,0,,,,,,,07:00:00 24-Feb-2024,,,
252321,252321,0.500000,UT,,19:40:18 25-Feb-2024,19:37:55 25-Feb-2024,-142,3,-23.2853,151.7826,CRC,,,,669,3.175,,,27.85,,,,,,,,,,,,,,255,26,238,0,,,,,,,5,,,0,89,,,,,,07:00:00 24-Feb-2024,,,
252321,252321,0.500000,UT,,,19:38:17 25-Feb-2024,,3,-23.2853,151.7826,,,,,,3.175,,,,,,,,,,,,,,,,,,,,,,,,,,,,,,0,,,,,,,07:00:00 24-Feb-2024,,,
252321,252321,0.500000,UT,,,19:39:58 25-Feb-2024,,3,-23.2853,151.7826,,,,,674,,,,,,,,,,,,,,,,,,,,,,,,,,,,,,,0,,,,,,,07:00:00 24-Feb-2024,,,
252321,252321,0.500000,UT,,,19:41:08 25-Feb-2024,,3,-23.2841,151.7805,,,,,,,,,27.95,,,,,,,,,,,,,,,,,,,,,,,,,,,0,,,,,,,07:00:00 24-Feb-2024,,,
252321,252321,0.500000,UT,,,19:41:23 25-Feb-2024,,3,-23.2841,151.7805,,,,,679,,,,,,,,,,,,,,,,,,,,,,,,,,,,,,,0,,,,,,,07:00:00 24-Feb-2024,,,
252321,252321,0.500000,UT,,,19:41:39 25-Feb-2024,,3,-23.2841,151.7805,,,,,,3.225,,,,,,,,,,,,,,,,,,,,,,,,,,,,,,0,,,,,,,07:00:00 24-Feb-2024,,,
252321,252321,0.500000,UT,,,19:42:33 25-Feb-2024,,3,-23.2841,151.7805,,,,,,,,,27.80,,,,,,,,,,,,,,,,,,,,,,,,,,,0,,,,,,,07:00:00 24-Feb-2024,,,
252321,252321,0.500000,UT,,,19:42:48 25-Feb-2024,,3,-23.2841,151.7805,,,,,684,,,,,,,,,,,,,,,,,,,,,,,,,,,,,,,0,,,,,,,07:00:00 24-Feb-2024,,,
252321,252321,0.500000,UT,,,19:43:04 25-Feb-2024,,3,-23.2841,151.7805,,,,,,3.175,,,,,,,,,,,,,,,,,,,,,,,,,,,,,,0,,,,,,,07:00:00 24-Feb-2024,,,
252321,252321,0.500000,UT,,,19:44:20 25-Feb-2024,,3,-23.2841,151.7805,,,,,689,,,,,,,,,,,,,,,,,,,,,,,,,,,,,,,0,,,,,,,07:00:00 24-Feb-2024,,,
252321,252321,0.500000,UT,,,19:44:37 25-Feb-2024,,3,-23.2841,151.7805,,,,,,3.150,,,,,,,,,,,,,,,,,,,,,,,,,,,,,,0,,,,,,,07:00:00 24-Feb-2024,,,
252321,252321,0.500000,UT,,,19:45:23 25-Feb-2024,,3,-23.2841,151.7805,,,,,,,,,27.75,,,,,,,,,,,,,,,,,,,,,,,,,,,0,,,,,,,07:00:00 24-Feb-2024,,,
252321,252321,0.500000,UT,,19:48:09 25-Feb-2024,19:45:46 25-Feb-2024,-142,3,-23.2841,151.7805,CRC,,,,694,3.100,,,27.80,,,,,,,,,,,,,,255,26,238,0,,,,,,,5,,,0,106,,,,,,07:00:00 24-Feb-2024,,,
252321,252321,0.500000,UT,,,19:46:02 25-Feb-2024,,3,-23.2841,151.7805,,,,,695,,,,,,,,,,,,,,,,,,,,,,,,,,,,,,,0,,,,,,,07:00:00 24-Feb-2024,,,
252321,252321,0.500000,UT,,,19:46:19 25-Feb-2024,,3,-23.2850,151.7786,,,,,,3.200,,,,,,,,,,,,,,,,,,,,,,,,,,,,,,0,,,,,,,07:00:00 24-Feb-2024,,,
252321,252321,0.500000,UT,1.00b,,19:46:35 25-Feb-2024,,3,-23.2850,151.7786,,0,,,,,,,,,,,,,,,,,,,,,,,,,,,,,,,,,,0,,,,,,,07:00:00 24-Feb-2024,,,
252321,252321,0.500000,UT,,,19:46:50 25-Feb-2024,,3,-23.2850,151.7786,,,,,,,,,,,,,,,,,,,,,,,,,,,,,,,,,,,,0,,,,,,,07:00:00 24-Feb-2024,,,7311
252321,252321,0.500000,UT,,,19:47:24 25-Feb-2024,,3,-23.2841,151.7805,,,,,700,,,,,,,,,,,,,,,,,,,,,,,,,,,,,,,0,,,,,,,07:00:00 24-Feb-2024,,,
252321,252321,0.500000,UT,,,19:47:39 25-Feb-2024,,3,-23.2841,151.7805,,,,,,3.250,,,,,,,,,,,,,,,,,,,,,,,,,,,,,,0,,,,,,,07:00:00 24-Feb-2024,,,
252321,252321,0.500000,UT,1.00b,,19:47:55 25-Feb-2024,,3,-23.2841,151.7805,,0,,,,,,,,,,,,,,,,,,,,,,,,,,,,,,,,,,0,,,,,,,07:00:00 24-Feb-2024,,,
252321,252321,0.500000,UT,,,19:48:10 25-Feb-2024,,3,-23.2841,151.7805,,,,,,,,,,,,,,,,,,,,,,,,,,,,,,,,,,,,0,,,,,,,07:00:00 24-Feb-2024,,,7311
252321,252321,0.500000,UT,,,19:48:26 25-Feb-2024,,3,-23.2841,151.7805,,,,,,,,,27.85,,,,,,,,,,,,,,,,,,,,,,,,,,,0,,,,,,,07:00:00 24-Feb-2024,,,
252321,252321,0.500000,UT,,,19:48:41 25-Feb-2024,,3,-23.2841,151.7805,,,,,705,,,,,,,,,,,,,,,,,,,,,,,,,,,,,,,0,,,,,,,07:00:00 24-Feb-2024,,,
252321,252321,0.500000,UT,,,19:49:13 25-Feb-2024,,3,-23.2850,151.7786,,,,,,3.300,,,,,,,,,,,,,,,,,,,,,,,,,,,,,,0,,,,,,,07:00:00 24-Feb-2024,,,
252321,252321,0.500000,UT,1.00b,,19:49:28 25-Feb-2024,,3,-23.2850,151.7786,,0,,,,,,,,,,,,,,,,,,,,,,,,,,,,,,,,,,0,,,,,,,07:00:00 24-Feb-2024,,,
252321,252321,0.500000,UT,,,19:49:45 25-Feb-2024,,3,-23.2850,151.7786,,,,,,,,,,,,,,,,,,,,,,,,,,,,,,,,,,,,0,,,,,,,07:00:00 24-Feb-2024,,,7311
252321,252321,0.500000,UT,,,19:50:01 25-Feb-2024,,3,-23.2850,151.7786,,,,,,,,,27.95,,,,,,,,,,,,,,,,,,,,,,,,,,,0,,,,,,,07:00:00 24-Feb-2024,,,
252321,252321,0.500000,UT,,,19:50:19 25-Feb-2024,,3,-23.2850,151.7786,,,,,711,,,,,,,,,,,,,,,,,,,,,,,,,,,,,,,0,,,,,,,07:00:00 24-Feb-2024,,,
252321,252321,0.500000,UT,,,19:50:36 25-Feb-2024,,3,-23.2850,151.7786,,,,,,3.225,,,,,,,,,,,,,,,,,,,,,,,,,,,,,,0,,,,,,,07:00:00 24-Feb-2024,,,
252321,252321,0.500000,UT,,,19:51:45 25-Feb-2024,,3,-23.2850,151.7786,,,,,716,,,,,,,,,,,,,,,,,,,,,,,,,,,,,,,0,,,,,,,07:00:00 24-Feb-2024,,,
252321,252321,0.500000,UT,,,19:52:00 25-Feb-2024,,3,-23.2850,151.7786,,,,,,3.275,,,,,,,,,,,,,,,,,,,,,,,,,,,,,,0,,,,,,,07:00:00 24-Feb-2024,,,
252321,252321,0.500000,UT,,,07:35:55 26-Feb-2024,,B,-23.2952,151.8167,,,,,,,,,30.15,,,,,,,,,,,,,,,,,,,,,,,,,,,0,,,,,,,07:00:00 24-Feb-2024,,,
252321,252321,0.500000,UT,,,07:09:20 27-Feb-2024,,1,-23.2968,151.7900,,,,,,,,,,,,,,,,,,,,,,,,,,,,,,,,,,,,0,,,,,,,07:00:00 24-Feb-2024,,,7311
252321,252321,0.500000,UT,,,07:10:35 27-Feb-2024,,1,-23.2968,151.7900,,,,,,,,,30.10,,,,,,,,,,,,,,,,,,,,,,,,,,,0,,,,,,,07:00:00 24-Feb-2024,,,
252321,252321,0.500000,UT,,,07:10:59 27-Feb-2024,,1,-23.2968,151.7900,,,,,1138,,,,,,,,,,,,,,,,,,,,,,,,,,,,,,,0,,,,,,,07:00:00 24-Feb-2024,,,
252321,252321,0.500000,UT,,,07:12:04 27-Feb-2024,,1,-23.2968,151.7900,,,,,,3.350,,,,,,,,,,,,,,,,,,,,,,,,,,,,,,0,,,,,,,07:00:00 24-Feb-2024,,,
252321,252321,0.500000,UT,1.00b,,07:18:56 27-Feb-2024,,1,-23.2968,151.7900,,0,,,,,,,,,,,,,,,,,,,,,,,,,,,,,,,,,,0,,,,,,,07:00:00 24-Feb-2024,,,
252321,252321,0.500000,UT,,,07:19:59 27-Feb-2024,,0,-23.2909,151.7894,,,,,,,,,29.95,,,,,,,,,,,,,,,,,,,,,,,,,,,0,,,,,,,07:00:00 24-Feb-2024,,,
252321,252321,0.500000,UT,,,07:20:14 27-Feb-2024,,0,-23.2909,151.7894,,,,,1143,,,,,,,,,,,,,,,,,,,,,,,,,,,,,,,0,,,,,,,07:00:00 24-Feb-2024,,,
252321,252321,0.500000,UT,,,11:14:57 27-Feb-2024,,B,-23.2799,151.8530,,,,,,,,,28.50,,,,,,,,,,,,,,,,,,,,,,,,,,,0,,,,,,,07:00:00 24-Feb-2024,,,
252321,252321,0.500000,UT,,,05:47:52 28-Feb-2024,,B,-23.2691,151.7799,,,,,,,,,,,,,,,,,,,,,,,,,,,,,,,,,,,,0,,,,,,,07:00:00 24-Feb-2024,,,7311
252321,252321,0.500000,UT,,,21:45:40 29-Feb-2024,,3,-23.2824,151.7190,,,,,1260,,,,,,,,,,,,,,,,,,,,,,,,,,,,,,,0,,,,,,,07:00:00 24-Feb-2024,,,
252321,252321,0.500000,UT,,,21:45:57 29-Feb-2024,,3,-23.2824,151.7190,,,,,,3.300,,,,,,,,,,,,,,,,,,,,,,,,,,,,,,0,,,,,,,07:00:00 24-Feb-2024,,,
252321,252321,0.500000,UT,1.00b,,21:46:17 29-Feb-2024,,3,-23.2824,151.7190,,0,,,,,,,,,,,,,,,,,,,,,,,,,,,,,,,,,,0,,,,,,,07:00:00 24-Feb-2024,,,
252321,252321,0.500000,UT,,,21:46:32 29-Feb-2024,,3,-23.2824,151.7190,,,,,,,,,,,,,,,,,,,,,,,,,,,,,,,,,,,,0,,,,,,,07:00:00 24-Feb-2024,,,7311
252321,252321,0.500000,UT,,,21:47:06 29-Feb-2024,,3,-23.2824,151.7190,,,,,,,,,28.20,,,,,,,,,,,,,,,,,,,,,,,,,,,0,,,,,,,07:00:00 24-Feb-2024,,,
252321,252321,0.500000,UT,,,21:47:47 29-Feb-2024,,3,-23.2824,151.7190,,,,,1265,,,,,,,,,,,,,,,,,,,,,,,,,,,,,,,0,,,,,,,07:00:00 24-Feb-2024,,,
252321,252321,0.500000,UT,,,21:49:21 29-Feb-2024,,3,-23.2824,151.7190,,,,,,,,,,,,,,,,,,,,,,,,,,,,,,,,,,,,0,,,,,,,07:00:00 24-Feb-2024,,,7311
252321,252321,0.500000,UT,,21:52:17 29-Feb-2024,21:49:45 29-Feb-2024,-151,3,-23.2824,151.7190,CRC,,,,1269,3.250,,,28.20,,,,,,,,,,,,,,255,26,255,0,,,,,,,2,,,0,91,,,,,,07:00:00 24-Feb-2024,,,
252321,252321,0.500000,UT,,,21:50:00 29-Feb-2024,,3,-23.2824,151.7190,,,,,,,,,28.30,,,,,,,,,,,,,,,,,,,,,,,,,,,0,,,,,,,07:00:00 24-Feb-2024,,,
252321,252321,0.500000,UT,,,21:50:18 29-Feb-2024,,3,-23.2824,151.7190,,,,,1271,,,,,,,,,,,,,,,,,,,,,,,,,,,,,,,0,,,,,,,07:00:00 24-Feb-2024,,,
252321,252321,0.500000,UT,,,21:51:27 29-Feb-2024,,3,-23.2824,151.7190,,,,,,3.275,,,,,,,,,,,,,,,,,,,,,,,,,,,,,,0,,,,,,,07:00:00 24-Feb-2024,,,
252321,252321,0.500000,UT,1.00b,,21:51:42 29-Feb-2024,,3,-23.2824,151.7190,,0,,,,,,,,,,,,,,,,,,,,,,,,,,,,,,,,,,0,,,,,,,07:00:00 24-Feb-2024,,,
252321,252321,0.500000,UT,,,21:52:47 29-Feb-2024,,3,-23.2824,151.7190,,,,,,,,,28.25,,,,,,,,,,,,,,,,,,,,,,,,,,,0,,,,,,,07:00:00 24-Feb-2024,,,
252321,252321,0.500000,UT,,,21:53:39 29-Feb-2024,,3,-23.2824,151.7190,,,,,1276,,,,,,,,,,,,,,,,,,,,,,,,,,,,,,,0,,,,,,,07:00:00 24-Feb-2024,,,
252321,252321,0.500000,UT,,,21:54:15 29-Feb-2024,,3,-23.2824,151.7190,,,,,,3.325,,,,,,,,,,,,,,,,,,,,,,,,,,,,,,0,,,,,,,07:00:00 24-Feb-2024,,,
252321,252321,0.500000,UT,1.00b,,21:54:32 29-Feb-2024,,3,-23.2824,151.7190,,0,,,,,,,,,,,,,,,,,,,,,,,,,,,,,,,,,,0,,,,,,,07:00:00 24-Feb-2024,,,
252321,252321,0.500000,UT,,,21:55:03 29-Feb-2024,,3,-23.2824,151.7190,,,,,,,,,28.15,,,,,,,,,,,,,,,,,,,,,,,,,,,0,,,,,,,07:00:00 24-Feb-2024,,,
252321,252321,0.500000,UT,,,21:55:18 29-Feb-2024,,3,-23.2824,151.7190,,,,,1281,,,,,,,,,,,,,,,,,,,,,,,,,,,,,,,0,,,,,,,07:00:00 24-Feb-2024,,,
252321,252321,0.500000,UT,,,21:55:51 29-Feb-2024,,3,-23.2824,151.7190,,,,,,3.275,,,,,,,,,,,,,,,,,,,,,,,,,,,,,,0,,,,,,,07:00:00 24-Feb-2024,,,
252321,252321,0.500000,UT,,,21:56:58 29-Feb-2024,,3,-23.2824,151.7190,,,,,,,,,,,,,,,,,,,,,,,,,,,,,,,,,,,,0,,,,,,,07:00:00 24-Feb-2024,,,7311
252321,252321,0.500000,UT,,,21:57:48 29-Feb-2024,,3,-23.2824,151.7190,,,,,,,,,28.20,,,,,,,,,,,,,,,,,,,,,,,,,,,0,,,,,,,07:00:00 24-Feb-2024,,,
252321,252321,0.500000,UT,,,22:05:37 29-Feb-2024,,3,-23.2857,151.7223,,,,,,3.300,,,,,,,,,,,,,,,,,,,,,,,,,,,,,,0,,,,,,,07:00:00 24-Feb-2024,,,
252321,252321,0.500000,UT,,,22:08:01 29-Feb-2024,,3,-23.2857,151.7223,,,,,1302,,,,,,,,,,,,,,,,,,,,,,,,,,,,,,,0,,,,,,,07:00:00 24-Feb-2024,,,
252321,252321,0.500000,UT,,,22:10:02 29-Feb-2024,,3,-23.2857,151.7223,,,,,,3.225,,,,,,,,,,,,,,,,,,,,,,,,,,,,,,0,,,,,,,07:00:00 24-Feb-2024,,,
252321,252321,0.500000,UT,1.00b,,22:10:43 29-Feb-2024,,3,-23.2857,151.7223,,0,,,,,,,,,,,,,,,,,,,,,,,,,,,,,,,,,,0,,,,,,,07:00:00 24-Feb-2024,,,
252321,252321,0.500000,UT,,,22:14:56 29-Feb-2024,,3,-23.2857,151.7223,,,,,,,,,28.40,,,,,,,,,,,,,,,,,,,,,,,,,,,0,,,,,,,07:00:00 24-Feb-2024,,,
252321,252321,0.500000,UT,,,22:15:18 29-Feb-2024,,3,-23.2857,151.7223,,,,,1312,,,,,,,,,,,,,,,,,,,,,,,,,,,,,,,0,,,,,,,07:00:00 24-Feb-2024,,,
252321,252321,0.500000,UT,,,22:15:37 29-Feb-2024,,3,-23.2857,151.7223,,,,,,3.275,,,,,,,,,,,,,,,,,,,,,,,,,,,,,,0,,,,,,,07:00:00 24-Feb-2024,,,
252321,252321,0.500000,UT,,,22:16:25 29-Feb-2024,,3,-23.2857,151.7223,,,,,,,,,,,,,,,,,,,,,,,,,,,,,,,,,,,,0,,,,,,,07:00:00 24-Feb-2024,,,7311
252321,252321,0.500000,UT,,,22:16:45 29-Feb-2024,,3,-23.2857,151.7223,,,,,,,,,28.35,,,,,,,,,,,,,,,,,,,,,,,,,,,0,,,,,,,07:00:00 24-Feb-2024,,,
252321,252321,0.500000,UT,,,22:17:45 29-Feb-2024,,3,-23.2847,151.7215,,,,,1318,,,,,,,,,,,,,,,,,,,,,,,,,,,,,,,0,,,,,,,07:00:00 24-Feb-2024,,,
252321,252321,0.500000,UT,,22:20:32 29-Feb-2024,22:18:01 29-Feb-2024,-150,3,-23.2847,151.7215,CRC,,,,1319,3.325,,,28.30,,,,,,,,,,,,,,255,26,255,0,,,,,,,1,,,0,80,,,,,,07:00:00 24-Feb-2024,,,
252321,252321,0.500000,UT,,,22:18:16 29-Feb-2024,,3,-23.2847,151.7215,,,,,,3.350,,,,,,,,,,,,,,,,,,,,,,,,,,,,,,0,,,,,,,07:00:00 24-Feb-2024,,,
252321,252321,0.500000,UT,,,22:19:16 29-Feb-2024,,3,-23.2847,151.7215,,,,,,,,,28.30,,,,,,,,,,,,,,,,,,,,,,,,,,,0,,,,,,,07:00:00 24-Feb-2024,,,
252321,252321,0.500000,UT,,,22:22:26 29-Feb-2024,,3,-23.2847,151.7215,,,,,1324,,,,,,,,,,,,,,,,,,,,,,,,,,,,,,,0,,,,,,,07:00:00 24-Feb-2024,,,
252321,252321,0.500000,UT,,,22:22:43 29-Feb-2024,,3,-23.2847,151.7215,,,,,,3.325,,,,,,,,,,,,,,,,,,,,,,,,,,,,,,0,,,,,,,07:00:00 24-Feb-2024,,,
252321,252321,0.500000,UT,,,22:23:28 29-Feb-2024,,3,-23.2847,151.7215,,,,,,,,,28.40,,,,,,,,,,,,,,,,,,,,,,,,,,,0,,,,,,,07:00:00 24-Feb-2024,,,
252321,252321,0.500000,UT,,,22:23:44 29-Feb-2024,,3,-23.2847,151.7215,,,,,1329,,,,,,,,,,,,,,,,,,,,,,,,,,,,,,,0,,,,,,,07:00:00 24-Feb-2024,,,
252321,252321,0.500000,UT,,,22:23:59 29-Feb-2024,,3,-23.2847,151.7215,,,,,,3.375,,,,,,,,,,,,,,,,,,,,,,,,,,,,,,0,,,,,,,07:00:00 24-Feb-2024,,,
252321,252321,0.500000,UT,1.00b,,22:24:14 29-Feb-2024,,3,-23.2847,151.7215,,0,,,,,,,,,,,,,,,,,,,,,,,,,,,,,,,,,,0,,,,,,,07:00:00 24-Feb-2024,,,
252321,252321,0.500000,UT,,,22:24:29 29-Feb-2024,,3,-23.2847,151.7215,,,,,,,,,,,,,,,,,,,,,,,,,,,,,,,,,,,,0,,,,,,,07:00:00 24-Feb-2024,,,7311
252321,252321,0.500000,UT,,,23:00:13 29-Feb-2024,,1,-23.3015,151.7149,,,,,,,,,,,,,,,,,,,,,,,,,,,,,,,,,,,,0,,,,,,,07:00:00 24-Feb-2024,,,7311
252321,252321,0.500000,UT,,,23:01:06 29-Feb-2024,,1,-23.3015,151.7149,,,,,,,,,27.45,,,,,,,,,,,,,,,,,,,,,,,,,,,0,,,,,,,07:00:00 24-Feb-2024,,,
252321,252321,0.500000,UT,,,23:01:36 29-Feb-2024,,1,-23.3015,151.7149,,,,,1372,,,,,,,,,,,,,,,,,,,,,,,,,,,,,,,0,,,,,,,07:00:00 24-Feb-2024,,,
252321,252321,0.500000,UT,,,23:02:09 29-Feb-2024,,1,-23.3015,151.7149,,,,,,3.300,,,,,,,,,,,,,,,,,,,,,,,,,,,,,,0,,,,,,,07:00:00 24-Feb-2024,,,
252321,252321,0.500000,UT,1.00b,,23:02:27 29-Feb-2024,,1,-23.3015,151.7149,,0,,,,,,,,,,,,,,,,,,,,,,,,,,,,,,,,,,0,,,,,,,07:00:00 24-Feb-2024,,,
252321,252321,0.500000,UT,,,11:23:04 01-Mar-2024,,A,-23.2827,151.7176,,,,,,,,,,,,,,,,,,,,,,,,,,,,,,,,,,,,0,,,,,,,07:00:00 24-Feb-2024,,,7311
252321,252321,0.500000,UT,,,11:24:32 01-Mar-2024,,A,-23.2827,151.7176,,,,,,,,,28.65,,,,,,,,,,,,,,,,,,,,,,,,,,,0,,,,,,,07:00:00 24-Feb-2024,,,
252321,252321,0.500000,UT,1.00b,,12:22:29 01-Mar-2024,,B,-23.2861,151.7139,,0,,,,,,,,,,,,,,,,,,,,,,,,,,,,,,,,,,0,,,,,,,07:00:00 24-Feb-2024,,,
252321,252321,0.500000,UT,,,13:16:07 01-Mar-2024,,B,-23.2888,151.7114,,,,,,,,,28.30,,,,,,,,,,,,,,,,,,,,,,,,,,,0,,,,,,,07:00:00 24-Feb-2024,,,
252321,252321,0.500000,UT,,,14:59:55 01-Mar-2024,,A,-23.2845,151.7388,,,,,,3.375,,,,,,,,,,,,,,,,,,,,,,,,,,,,,,0,,,,,,,07:00:00 24-Feb-2024,,,
252321,252321,0.500000,UT,1.00b,,15:02:19 01-Mar-2024,,A,-23.2845,151.7388,,0,,,,,,,,,,,,,,,,,,,,,,,,,,,,,,,,,,0,,,,,,,07:00:00 24-Feb-2024,,,
252321,252321,0.500000,UT,,,19:47:18 01-Mar-2024,,B,-23.2944,151.7501,,,,,1473,,,,,,,,,,,,,,,,,,,,,,,,,,,,,,,0,,,,,,,07:00:00 24-Feb-2024,,,
252321,252321,0.500000,UT,,,21:21:21 01-Mar-2024,,3,-23.2862,151.7610,,,,,,,,,28.15,,,,,,,,,,,,,,,,,,,,,,,,,,,0,,,,,,,07:00:00 24-Feb-2024,,,
252321,252321,0.500000,UT,,,21:21:40 01-Mar-2024,,3,-23.2862,151.7610,,,,,1510,,,,,,,,,,,,,,,,,,,,,,,,,,,,,,,0,,,,,,,07:00:00 24-Feb-2024,,,
252321,252321,0.500000,UT,,,21:22:17 01-Mar-2024,,3,-23.2862,151.7610,,,,,,3.275,,,,,,,,,,,,,,,,,,,,,,,,,,,,,,0,,,,,,,07:00:00 24-Feb-2024,,,
252321,252321,0.500000,UT,,,21:23:04 01-Mar-2024,,3,-23.2862,151.7610,,,,,,,,,,,,,,,,,,,,,,,,,,,,,,,,,,,,0,,,,,,,07:00:00 24-Feb-2024,,,7311
252321,252321,0.500000,UT,,,21:23:41 01-Mar-2024,,3,-23.2862,151.7610,,,,,1515,,,,,,,,,,,,,,,,,,,,,,,,,,,,,,,0,,,,,,,07:00:00 24-Feb-2024,,,
252321,252321,0.500000,UT,,,21:24:15 01-Mar-2024,,3,-23.2862,151.7610,,,,,,3.250,,,,,,,,,,,,,,,,,,,,,,,,,,,,,,0,,,,,,,07:00:00 24-Feb-2024,,,
252321,252321,0.500000,UT,1.00b,,21:24:31 01-Mar-2024,,3,-23.2862,151.7610,,0,,,,,,,,,,,,,,,,,,,,,,,,,,,,,,,,,,0,,,,,,,07:00:00 24-Feb-2024,,,
252321,252321,0.500000,UT,,,21:24:48 01-Mar-2024,,3,-23.2862,151.7610,,,,,,,,,,,,,,,,,,,,,,,,,,,,,,,,,,,,0,,,,,,,07:00:00 24-Feb-2024,,,7311
252321,252321,0.500000,UT,,,21:25:22 01-Mar-2024,,3,-23.2862,151.7610,,,,,,,,,28.35,,,,,,,,,,,,,,,,,,,,,,,,,,,0,,,,,,,07:00:00 24-Feb-2024,,,
252321,252321,0.500000,UT,,,21:25:37 01-Mar-2024,,3,-23.2862,151.7610,,,,,1521,,,,,,,,,,,,,,,,,,,,,,,,,,,,,,,0,,,,,,,07:00:00 24-Feb-2024,,,
252321,252321,0.500000,UT,1.00b,,21:31:31 01-Mar-2024,,3,-23.2862,151.7610,,0,,,,,,,,,,,,,,,,,,,,,,,,,,,,,,,,,,0,,,,,,,07:00:00 24-Feb-2024,,,
252321,252321,0.500000,UT,,,21:32:02 01-Mar-2024,,3,-23.2862,151.7610,,,,,,,,,28.25,,,,,,,,,,,,,,,,,,,,,,,,,,,0,,,,,,,07:00:00 24-Feb-2024,,,
252321,252321,0.500000,UT,,,21:32:18 01-Mar-2024,,3,-23.2862,151.7610,,,,,1526,,,,,,,,,,,,,,,,,,,,,,,,,,,,,,,0,,,,,,,07:00:00 24-Feb-2024,,,
252321,252321,0.500000,UT,,,21:44:48 01-Mar-2024,,3,-23.2858,151.7675,,,,,,3.300,,,,,,,,,,,,,,,,,,,,,,,,,,,,,,0,,,,,,,07:00:00 24-Feb-2024,,,
252321,252321,0.500000,UT,,,21:47:30 01-Mar-2024,,3,-23.2858,151.7675,,,,,,,,,28.40,,,,,,,,,,,,,,,,,,,,,,,,,,,0,,,,,,,07:00:00 24-Feb-2024,,,
252321,252321,0.500000,UT,,,21:47:47 01-Mar-2024,,3,-23.2858,151.7675,,,,,1542,,,,,,,,,,,,,,,,,,,,,,,,,,,,,,,0,,,,,,,07:00:00 24-Feb-2024,,,
252321,252321,0.500000,UT,,21:51:10 01-Mar-2024,21:48:36 01-Mar-2024,-153,3,-23.2858,151.7675,CRC,,,,1544,3.325,,,28.45,,,,,,,,,,,,,,255,26,255,0,,,,,,,1,,,0,94,,,,,,07:00:00 24-Feb-2024,,,
252321,252321,0.500000,UT,,,21:49:46 01-Mar-2024,,3,-23.2858,151.7675,,,,,1548,,,,,,,,,,,,,,,,,,,,,,,,,,,,,,,0,,,,,,,07:00:00 24-Feb-2024,,,
252321,252321,0.500000,UT,,,21:50:06 01-Mar-2024,,3,-23.2858,151.7675,,,,,,3.325,,,,,,,,,,,,,,,,,,,,,,,,,,,,,,0,,,,,,,07:00:00 24-Feb-2024,,,
252321,252321,0.500000,UT,,,21:51:09 01-Mar-2024,,3,-23.2858,151.7675,,,,,,,,,28.45,,,,,,,,,,,,,,,,,,,,,,,,,,,0,,,,,,,07:00:00 24-Feb-2024,,,
252321,252321,0.500000,UT,,,21:51:25 01-Mar-2024,,3,-23.2858,151.7675,,,,,1553,,,,,,,,,,,,,,,,,,,,,,,,,,,,,,,0,,,,,,,07:00:00 24-Feb-2024,,,
252321,252321,0.500000,UT,,,21:51:40 01-Mar-2024,,3,-23.2858,151.7675,,,,,,3.275,,,,,,,,,,,,,,,,,,,,,,,,,,,,,,0,,,,,,,07:00:00 24-Feb-2024,,,
252321,252321,0.500000,UT,,,21:52:11 01-Mar-2024,,3,-23.2858,151.7675,,,,,,,,,,,,,,,,,,,,,,,,,,,,,,,,,,,,0,,,,,,,07:00:00 24-Feb-2024,,,7311
252321,252321,0.500000,UT,,,21:52:26 01-Mar-2024,,3,-23.2858,151.7675,,,,,,,,,28.50,,,,,,,,,,,,,,,,,,,,,,,,,,,0,,,,,,,07:00:00 24-Feb-2024,,,
252321,252321,0.500000,UT,,,21:52:48 01-Mar-2024,,3,-23.2858,151.7675,,,,,1558,,,,,,,,,,,,,,,,,,,,,,,,,,,,,,,0,,,,,,,07:00:00 24-Feb-2024,,,
252321,252321,0.500000,UT,,,21:53:03 01-Mar-2024,,3,-23.2858,151.7675,,,,,,3.375,,,,,,,,,,,,,,,,,,,,,,,,,,,,,,0,,,,,,,07:00:00 24-Feb-2024,,,
252321,252321,0.500000,UT,1.00b,,21:53:18 01-Mar-2024,,3,-23.2858,151.7675,,0,,,,,,,,,,,,,,,,,,,,,,,,,,,,,,,,,,0,,,,,,,07:00:00 24-Feb-2024,,,
252321,252321,0.500000,UT,,,22:04:34 01-Mar-2024,,3,-23.2887,151.7654,,,,,,,,,28.45,,,,,,,,,,,,,,,,,,,,,,,,,,,0,,,,,,,07:00:00 24-Feb-2024,,,
252321,252321,0.500000,UT,,,22:08:23 01-Mar-2024,,3,-23.2887,151.7654,,,,,,3.325,,,,,,,,,,,,,,,,,,,,,,,,,,,,,,0,,,,,,,07:00:00 24-Feb-2024,,,
252321,252321,0.500000,UT,1.00b,,22:08:40 01-Mar-2024,,3,-23.2887,151.7654,,0,,,,,,,,,,,,,,,,,,,,,,,,,,,,,,,,,,0,,,,,,,07:00:00 24-Feb-2024,,,
252321,252321,0.500000,UT,,,22:09:24 01-Mar-2024,,3,-23.2887,151.7654,,,,,,,,,,,,,,,,,,,,,,,,,,,,,,,,,,,,0,,,,,,,07:00:00 24-Feb-2024,,,7311
252321,252321,0.500000,UT,,,22:10:57 01-Mar-2024,,3,-23.2887,151.7654,,,,,,,,,28.50,,,,,,,,,,,,,,,,,,,,,,,,,,,0,,,,,,,07:00:00 24-Feb-2024,,,
252321,252321,0.500000,UT,,,22:32:36 01-Mar-2024,,3,-23.2900,151.7637,,,,,1601,,,,,,,,,,,,,,,,,,,,,,,,,,,,,,,0,,,,,,,07:00:00 24-Feb-2024,,,
252321,252321,0.500000,UT,,,22:34:25 01-Mar-2024,,3,-23.2900,151.7637,,,,,,3.300,,,,,,,,,,,,,,,,,,,,,,,,,,,,,,0,,,,,,,07:00:00 24-Feb-2024,,,
252321,252321,0.500000,UT,,,22:35:27 01-Mar-2024,,3,-23.2900,151.7637,,,,,,,,,28.50,,,,,,,,,,,,,,,,,,,,,,,,,,,0,,,,,,,07:00:00 24-Feb-2024,,,
252321,252321,0.500000,UT,,,22:35:43 01-Mar-2024,,3,-23.2900,151.7637,,,,,1611,,,,,,,,,,,,,,,,,,,,,,,,,,,,,,,0,,,,,,,07:00:00 24-Feb-2024,,,
252321,252321,0.500000,UT,,,22:36:28 01-Mar-2024,,3,-23.2900,151.7637,,,,,,,,,,,,,,,,,,,,,,,,,,,,,,,,,,,,0,,,,,,,07:00:00 24-Feb-2024,,,7311
252321,252321,0.500000,UT,,,22:36:43 01-Mar-2024,,3,-23.2900,151.7637,,,,,,,,,28.45,,,,,,,,,,,,,,,,,,,,,,,,,,,0,,,,,,,07:00:00 24-Feb-2024,,,
252321,252321,0.500000,UT,,22:40:17 01-Mar-2024,22:37:43 01-Mar-2024,-153,3,-23.2900,151.7637,CRC,,,,1619,3.375,,,28.40,,,,,,,,,,,,,,255,26,255,0,,,,,,,0,,,0,84,,,,,,07:00:00 24-Feb-2024,,,
252321,252321,0.500000,UT,,,22:40:02 01-Mar-2024,,3,-23.2900,151.7637,,,,,,3.375,,,,,,,,,,,,,,,,,,,,,,,,,,,,,,0,,,,,,,07:00:00 24-Feb-2024,,,
252321,252321,0.500000,UT,,,22:41:02 01-Mar-2024,,3,-23.2900,151.7637,,,,,1632,,,,,,,,,,,,,,,,,,,,,,,,,,,,,,,0,,,,,,,07:00:00 24-Feb-2024,,,
252321,252321,0.500000,UT,,,22:41:17 01-Mar-2024,,3,-23.2900,151.7637,,,,,,3.350,,,,,,,,,,,,,,,,,,,,,,,,,,,,,,0,,,,,,,07:00:00 24-Feb-2024,,,
252321,252321,0.500000,UT,,,22:42:02 01-Mar-2024,,3,-23.2900,151.7637,,,,,,,,,28.35,,,,,,,,,,,,,,,,,,,,,,,,,,,0,,,,,,,07:00:00 24-Feb-2024,,,
252321,252321,0.500000,UT,,,22:42:32 01-Mar-2024,,3,-23.2900,151.7637,,,,,,3.325,,,,,,,,,,,,,,,,,,,,,,,,,,,,,,0,,,,,,,07:00:00 24-Feb-2024,,,
252321,252321,0.500000,UT,1.00b,,22:42:47 01-Mar-2024,,3,-23.2900,151.7637,,0,,,,,,,,,,,,,,,,,,,,,,,,,,,,,,,,,,0,,,,,,,07:00:00 24-Feb-2024,,,
252321,252321,0.500000,UT,,,20:58:43 02-Mar-2024,,B,-23.2838,151.7545,,,,,1648,,,,,,,,,,,,,,,,,,,,,,,,,,,,,,,0,,,,,,,07:00:00 24-Feb-2024,,,
252321,252321,0.500000,UT,,,21:07:03 02-Mar-2024,,B,-23.2838,151.7545,,,,,,3.300,,,,,,,,,,,,,,,,,,,,,,,,,,,,,,0,,,,,,,07:00:00 24-Feb-2024,,,
252321,252321,0.500000,UT,,,21:29:46 02-Mar-2024,,2,-23.2922,151.7885,,,,,,,,,,,,,,,,,,,,,,,,,,,,,,,,,,,,0,,,,,,,07:00:00 24-Feb-2024,,,7311
252321,252321,0.500000,UT,,,21:30:38 02-Mar-2024,,2,-23.2922,151.7885,,,,,,,,,28.30,,,,,,,,,,,,,,,,,,,,,,,,,,,0,,,,,,,07:00:00 24-Feb-2024,,,
252321,252321,0.500000,UT,,,21:32:04 02-Mar-2024,,2,-23.2922,151.7885,,,,,1674,,,,,,,,,,,,,,,,,,,,,,,,,,,,,,,0,,,,,,,07:00:00 24-Feb-2024,,,
252321,252321,0.500000,UT,,,21:35:19 02-Mar-2024,,2,-23.2922,151.7885,,,,,,3.275,,,,,,,,,,,,,,,,,,,,,,,,,,,,,,0,,,,,,,07:00:00 24-Feb-2024,,,
252321,252321,0.500000,UT,,,21:46:54 02-Mar-2024,,3,-23.2896,151.7881,,,,,1680,,,,,,,,,,,,,,,,,,,,,,,,,,,,,,,0,,,,,,,07:00:00 24-Feb-2024,,,
252321,252321,0.500000,UT,,,21:48:37 02-Mar-2024,,3,-23.2896,151.7881,,,,,,3.250,,,,,,,,,,,,,,,,,,,,,,,,,,,,,,0,,,,,,,07:00:00 24-Feb-2024,,,
252321,252321,0.500000,UT,,,21:54:38 02-Mar-2024,,3,-23.2896,151.7881,,,,,,,,,,,,,,,,,,,,,,,,,,,,,,,,,,,,0,,,,,,,07:00:00 24-Feb-2024,,,7311
252321,252321,0.500000,UT,,,21:55:00 02-Mar-2024,,3,-23.2896,151.7881,,,,,,,,,28.40,,,,,,,,,,,,,,,,,,,,,,,,,,,0,,,,,,,07:00:00 24-Feb-2024,,,
252321,252321,0.500000,UT,,,21:55:51 02-Mar-2024,,3,-23.2896,151.7881,,,,,1685,,,,,,,,,,,,,,,,,,,,,,,,,,,,,,,0,,,,,,,07:00:00 24-Feb-2024,,,
252321,252321,0.500000,UT,,,21:58:45 02-Mar-2024,,3,-23.2896,151.7881,,,,,,3.300,,,,,,,,,,,,,,,,,,,,,,,,,,,,,,0,,,,,,,07:00:00 24-Feb-2024,,,
252321,252321,0.500000,UT,1.00b,,21:59:11 02-Mar-2024,,3,-23.2896,151.7881,,0,,,,,,,,,,,,,,,,,,,,,,,,,,,,,,,,,,0,,,,,,,07:00:00 24-Feb-2024,,,
252321,252321,0.500000,UT,,,22:38:06 02-Mar-2024,,B,-23.2888,151.7806,,,,,,3.275,,,,,,,,,,,,,,,,,,,,,,,,,,,,,,0,,,,,,,07:00:00 24-Feb-2024,,,
252321,252321,0.500000,UT,,,23:04:04 02-Mar-2024,,A,-23.2924,151.7890,,,,,,,,,28.60,,,,,,,,,,,,,,,,,,,,,,,,,,,0,,,,,,,07:00:00 24-Feb-2024,,,
252321,252321,0.500000,UT,,,23:10:58 02-Mar-2024,,A,-23.2924,151.7890,,,,,1707,,,,,,,,,,,,,,,,,,,,,,,,,,,,,,,0,,,,,,,07:00:00 24-Feb-2024,,,
252321,252321,0.500000,UT,,,23:12:31 02-Mar-2024,,A,-23.2924,151.7890,,,,,,3.300,,,,,,,,,,,,,,,,,,,,,,,,,,,,,,0,,,,,,,07:00:00 24-Feb-2024,,,
252321,252321,0.500000,UT,1.00b,,23:27:38 02-Mar-2024,,B,-23.2967,151.7809,,0,,,,,,,,,,,,,,,,,,,,,,,,,,,,,,,,,,0,,,,,,,07:00:00 24-Feb-2024,,,
252321,252321,0.500000,UT,,,23:28:52 02-Mar-2024,,B,-23.2967,151.7809,,,,,,,,,,,,,,,,,,,,,,,,,,,,,,,,,,,,0,,,,,,,07:00:00 24-Feb-2024,,,3215
252321,252321,0.500000,UT,,,23:39:35 02-Mar-2024,,A,-23.2958,151.7841,,,,,,,,,28.95,,,,,,,,,,,,,,,,,,,,,,,,,,,0,,,,,,,07:00:00 24-Feb-2024,,,
252321,252321,0.500000,UT,1.00b,,00:46:19 03-Mar-2024,,2,-23.2882,151.7609,,0,,,,,,,,,,,,,,,,,,,,,,,,,,,,,,,,,,0,,,,,,,07:00:00 24-Feb-2024,,,
252321,252321,0.500000,UT,,,00:46:50 03-Mar-2024,,2,-23.2882,151.7609,,,,,,,,,30.25,,,,,,,,,,,,,,,,,,,,,,,,,,,0,,,,,,,07:00:00 24-Feb-2024,,,
252321,252321,0.500000,UT,,,00:47:07 03-Mar-2024,,2,-23.2882,151.7609,,,,,1741,,,,,,,,,,,,,,,,,,,,,,,,,,,,,,,0,,,,,,,07:00:00 24-Feb-2024,,,
252321,252321,0.500000,UT,,,00:47:22 03-Mar-2024,,2,-23.2882,151.7609,,,,,,3.325,,,,,,,,,,,,,,,,,,,,,,,,,,,,,,0,,,,,,,07:00:00 24-Feb-2024,,,
252321,252321,0.500000,UT,,00:50:29 03-Mar-2024,00:47:53 03-Mar-2024,-155,2,-23.2882,151.7609,CRC,,,,1744,3.350,,,30.35,,,,,,,,,,,,,,255,25,255,0,,,,,,,10,,,0,87,,,,,,07:00:00 24-Feb-2024,,,
252321,252321,0.500000,UT,,,00:48:14 03-Mar-2024,,2,-23.2882,151.7609,,,,,,,,,,,,,,,,,,,,,,,,,,,,,,,,,,,,0,,,,,,,07:00:00 24-Feb-2024,,,7311
252321,252321,0.500000,UT,,,00:48:44 03-Mar-2024,,2,-23.2882,151.7609,,,,,1747,,,,,,,,,,,,,,,,,,,,,,,,,,,,,,,0,,,,,,,07:00:00 24-Feb-2024,,,
252321,252321,0.500000,UT,,,00:49:00 03-Mar-2024,,2,-23.2882,151.7609,,,,,,3.300,,,,,,,,,,,,,,,,,,,,,,,,,,,,,,0,,,,,,,07:00:00 24-Feb-2024,,,
252321,252321,0.500000,UT,,,00:52:01 03-Mar-2024,,2,-23.2882,151.7609,,,,,,,,,30.40,,,,,,,,,,,,,,,,,,,,,,,,,,,0,,,,,,,07:00:00 24-Feb-2024,,,
252321,252321,0.500000,UT,,,00:52:23 03-Mar-2024,,2,-23.2882,151.7609,,,,,1752,,,,,,,,,,,,,,,,,,,,,,,,,,,,,,,0,,,,,,,07:00:00 24-Feb-2024,,,
252321,252321,0.500000,UT,,,00:52:38 03-Mar-2024,,2,-23.2882,151.7609,,,,,,3.325,,,,,,,,,,,,,,,,,,,,,,,,,,,,,,0,,,,,,,07:00:00 24-Feb-2024,,,
252321,252321,0.500000,UT,1.00b,,00:52:56 03-Mar-2024,,2,-23.2882,151.7609,,0,,,,,,,,,,,,,,,,,,,,,,,,,,,,,,,,,,0,,,,,,,07:00:00 24-Feb-2024,,,
252321,252321,0.500000,UT,,,00:53:11 03-Mar-2024,,2,-23.2882,151.7609,,,,,,,,,,,,,,,,,,,,,,,,,,,,,,,,,,,,0,,,,,,,07:00:00 24-Feb-2024,,,7311
252321,252321,0.500000,UT,,,00:58:04 03-Mar-2024,,3,-23.2926,151.7631,,,,,1767,,,,,,,,,,,,,,,,,,,,,,,,,,,,,,,0,,,,,,,07:00:00 24-Feb-2024,,,
252321,252321,0.500000,UT,,01:01:16 03-Mar-2024,00:58:40 03-Mar-2024,-155,3,-23.2926,151.7631,CRC,,,,1769,3.325,,,30.25,,,,,,,,,,,,,,93,25,255,0,,,,,,,10,,,0,91,,,,,,07:00:00 24-Feb-2024,,,
252321,252321,0.500000,UT,,,00:59:26 03-Mar-2024,,3,-23.2926,151.7631,,,,,,,,,30.35,,,,,,,,,,,,,,,,,,,,,,,,,,,0,,,,,,,07:00:00 24-Feb-2024,,,
252321,252321,0.500000,UT,,,01:00:30 03-Mar-2024,,3,-23.2926,151.7631,,,,,1773,,,,,,,,,,,,,,,,,,,,,,,,,,,,,,,0,,,,,,,07:00:00 24-Feb-2024,,,
252321,252321,0.500000,UT,,,01:01:56 03-Mar-2024,,3,-23.2926,151.7631,,,,,,,,,30.50,,,,,,,,,,,,,,,,,,,,,,,,,,,0,,,,,,,07:00:00 24-Feb-2024,,,
252321,252321,0.500000,UT,,,01:02:11 03-Mar-2024,,3,-23.2926,151.7631,,,,,1778,,,,,,,,,,,,,,,,,,,,,,,,,,,,,,,0,,,,,,,07:00:00 24-Feb-2024,,,
252321,252321,0.500000,UT,,,01:03:17 03-Mar-2024,,3,-23.2926,151.7631,,,,,,,,,30.55,,,,,,,,,,,,,,,,,,,,,,,,,,,0,,,,,,,07:00:00 24-Feb-2024,,,
252321,252321,0.500000,UT,,,01:03:32 03-Mar-2024,,3,-23.2926,151.7631,,,,,1783,,,,,,,,,,,,,,,,,,,,,,,,,,,,,,,0,,,,,,,07:00:00 24-Feb-2024,,,
252321,252321,0.500000,UT,,,01:03:48 03-Mar-2024,,3,-23.2926,151.7631,,,,,,3.275,,,,,,,,,,,,,,,,,,,,,,,,,,,,,,0,,,,,,,07:00:00 24-Feb-2024,,,
252321,252321,0.500000,UT,,,01:05:33 03-Mar-2024,,3,-23.2926,151.7631,,,,,1788,,,,,,,,,,,,,,,,,,,,,,,,,,,,,,,0,,,,,,,07:00:00 24-Feb-2024,,,
252321,252321,0.500000,UT,,,01:05:48 03-Mar-2024,,3,-23.2926,151.7631,,,,,,3.300,,,,,,,,,,,,,,,,,,,,,,,,,,,,,,0,,,,,,,07:00:00 24-Feb-2024,,,
252321,252321,0.500000,UT,,,01:06:58 03-Mar-2024,,3,-23.2926,151.7631,,,,,,,,,30.75,,,,,,,,,,,,,,,,,,,,,,,,,,,0,,,,,,,07:00:00 24-Feb-2024,,,
252321,252321,0.500000,UT,,,01:07:14 03-Mar-2024,,3,-23.2926,151.7631,,,,,1793,,,,,,,,,,,,,,,,,,,,,,,,,,,,,,,0,,,,,,,07:00:00 24-Feb-2024,,,
252321,252321,0.500000,UT,,01:11:29 03-Mar-2024,01:08:53 03-Mar-2024,-155,3,-23.2926,151.7631,CRC,,,,1794,3.325,,,30.70,,,,,,,,,,,,,,250,25,255,0,,,,,,,10,,,0,95,,,,,,07:00:00 24-Feb-2024,,,
252321,252321,0.500000,UT,,,01:09:41 03-Mar-2024,,3,-23.2926,151.7631,,,,,,3.325,,,,,,,,,,,,,,,,,,,,,,,,,,,,,,0,,,,,,,07:00:00 24-Feb-2024,,,
252321,252321,0.500000,UT,1.00b,,01:09:56 03-Mar-2024,,3,-23.2926,151.7631,,0,,,,,,,,,,,,,,,,,,,,,,,,,,,,,,,,,,0,,,,,,,07:00:00 24-Feb-2024,,,
252321,252321,0.500000,UT,,,01:10:25 03-Mar-2024,,3,-23.2926,151.7631,,,,,,,,,,,,,,,,,,,,,,,,,,,,,,,,,,,,0,,,,,,,07:00:00 24-Feb-2024,,,7311
252321,252321,0.500000,UT,,,01:11:21 03-Mar-2024,,3,-23.2926,151.7631,,,,,,,,,30.70,,,,,,,,,,,,,,,,,,,,,,,,,,,0,,,,,,,07:00:00 24-Feb-2024,,,
252321,252321,0.500000,UT,,,01:12:04 03-Mar-2024,,3,-23.2938,151.7597,,,,,1799,,,,,,,,,,,,,,,,,,,,,,,,,,,,,,,0,,,,,,,07:00:00 24-Feb-2024,,,
252321,252321,0.500000,UT,,,01:12:26 03-Mar-2024,,3,-23.2938,151.7597,,,,,,3.300,,,,,,,,,,,,,,,,,,,,,,,,,,,,,,0,,,,,,,07:00:00 24-Feb-2024,,,
252321,252321,0.500000,UT,,,01:13:39 03-Mar-2024,,3,-23.2938,151.7597,,,,,1804,,,,,,,,,,,,,,,,,,,,,,,,,,,,,,,0,,,,,,,07:00:00 24-Feb-2024,,,
252321,252321,0.500000,UT,,,01:14:42 03-Mar-2024,,3,-23.2938,151.7597,,,,,,,,,30.60,,,,,,,,,,,,,,,,,,,,,,,,,,,0,,,,,,,07:00:00 24-Feb-2024,,,
252321,252321,0.500000,UT,,,01:14:59 03-Mar-2024,,3,-23.2938,151.7597,,,,,1809,,,,,,,,,,,,,,,,,,,,,,,,,,,,,,,0,,,,,,,07:00:00 24-Feb-2024,,,
252321,252321,0.500000,UT,,,01:15:57 03-Mar-2024,,3,-23.2938,151.7597,,,,,,3.325,,,,,,,,,,,,,,,,,,,,,,,,,,,,,,0,,,,,,,07:00:00 24-Feb-2024,,,
252321,252321,0.500000,UT,,,01:16:59 03-Mar-2024,,3,-23.2938,151.7597,,,,,1814,,,,,,,,,,,,,,,,,,,,,,,,,,,,,,,0,,,,,,,07:00:00 24-Feb-2024,,,
252321,252321,0.500000,UT,,,01:17:18 03-Mar-2024,,3,-23.2938,151.7597,,,,,,3.275,,,,,,,,,,,,,,,,,,,,,,,,,,,,,,0,,,,,,,07:00:00 24-Feb-2024,,,
252321,252321,0.500000,UT,,01:21:09 03-Mar-2024,01:18:33 03-Mar-2024,-155,3,-23.2938,151.7597,CRC,,,,1819,3.325,,,30.70,,,,,,,,,,,,,,255,25,255,0,,,,,,,10,,,0,82,,,,,,07:00:00 24-Feb-2024,,,
252321,252321,0.500000,UT,,,01:18:48 03-Mar-2024,,3,-23.2938,151.7597,,,,,1820,,,,,,,,,,,,,,,,,,,,,,,,,,,,,,,0,,,,,,,07:00:00 24-Feb-2024,,,
252321,252321,0.500000,UT,,,01:19:34 03-Mar-2024,,3,-23.2938,151.7597,,,,,,,,,,,,,,,,,,,,,,,,,,,,,,,,,,,,0,,,,,,,07:00:00 24-Feb-2024,,,7311
252321,252321,0.500000,UT,,,01:19:49 03-Mar-2024,,3,-23.2938,151.7597,,,,,,,,,30.70,,,,,,,,,,,,,,,,,,,,,,,,,,,0,,,,,,,07:00:00 24-Feb-2024,,,
252321,252321,0.500000,UT,,,01:20:04 03-Mar-2024,,3,-23.2938,151.7597,,,,,1825,,,,,,,,,,,,,,,,,,,,,,,,,,,,,,,0,,,,,,,07:00:00 24-Feb-2024,,,
252321,252321,0.500000,UT,,,01:20:19 03-Mar-2024,,3,-23.2938,151.7597,,,,,,3.350,,,,,,,,,,,,,,,,,,,,,,,,,,,,,,0,,,,,,,07:00:00 24-Feb-2024,,,
252321,252321,0.500000,UT,1.00b,,01:20:34 03-Mar-2024,,3,-23.2938,151.7597,,0,,,,,,,,,,,,,,,,,,,,,,,,,,,,,,,,,,0,,,,,,,07:00:00 24-Feb-2024,,,
252321,252321,0.500000,UT,,,06:57:39 03-Mar-2024,,0,-23.2829,151.7870,,,,,1899,,,,,,,,,,,,,,,,,,,,,,,,,,,,,,,0,,,,,,,07:00:00 24-Feb-2024,,,
252321,252321,0.500000,UT,,,06:57:54 03-Mar-2024,,0,-23.2829,151.7870,,,,,,3.375,,,,,,,,,,,,,,,,,,,,,,,,,,,,,,0,,,,,,,07:00:00 24-Feb-2024,,,
252321,252321,0.500000,UT,1.00b,,06:58:10 03-Mar-2024,,0,-23.2829,151.7870,,0,,,,,,,,,,,,,,,,,,,,,,,,,,,,,,,,,,0,,,,,,,07:00:00 24-Feb-2024,,,
252321,252321,0.500000,UT,,,06:58:25 03-Mar-2024,,0,-23.2829,151.7870,,,,,,,,,,,,,,,,,,,,,,,,,,,,,,,,,,,,0,,,,,,,07:00:00 24-Feb-2024,,,7311
252321,252321,0.500000,UT,,,06:59:24 03-Mar-2024,,0,-23.2829,151.7870,,,,,,,,,31.55,,,,,,,,,,,,,,,,,,,,,,,,,,,0,,,,,,,07:00:00 24-Feb-2024,,,
252321,252321,0.500000,UT,,,06:59:40 03-Mar-2024,,0,-23.2829,151.7870,,,,,1904,,,,,,,,,,,,,,,,,,,,,,,,,,,,,,,0,,,,,,,07:00:00 24-Feb-2024,,,
252321,252321,0.500000,UT,1.00b,,18:23:38 03-Mar-2024,,A,-23.2488,151.6489,,0,,,,,,,,,,,,,,,,,,,,,,,,,,,,,,,,,,0,,,,,,,07:00:00 24-Feb-2024,,,
252321,252321,0.500000,UT,,18:26:31 03-Mar-2024,18:23:53 03-Mar-2024,-157,A,-23.2488,151.6489,CRC,,,,1919,3.325,,,28.30,,,,,,,,,,,,,,255,25,255,0,,,,,,,2,,,0,82,,,,,,07:00:00 24-Feb-2024,,,
252321,252321,0.500000,UT,,,18:24:08 03-Mar-2024,,A,-23.2488,151.6489,,,,,,,,,,,,,,,,,,,,,,,,,,,,,,,,,,,,0,,,,,,,07:00:00 24-Feb-2024,,,7311
252321,252321,0.500000,UT,1.00b,,20:27:46 03-Mar-2024,,B,-23.2643,151.6622,,0,,,,,,,,,,,,,,,,,,,,,,,,,,,,,,,,,,0,,,,,,,07:00:00 24-Feb-2024,,,
252321,252321,0.500000,UT,,,20:28:53 03-Mar-2024,,B,-23.2643,151.6622,,,,,,,,,,,,,,,,,,,,,,,,,,,,,,,,,,,,0,,,,,,,07:00:00 24-Feb-2024,,,7311
252321,252321,0.500000,UT,,,23:07:49 03-Mar-2024,,B,-23.2857,151.7336,,,,,,,,,28.85,,,,,,,,,,,,,,,,,,,,,,,,,,,0,,,,,,,07:00:00 24-Feb-2024,,,
252321,252321,0.500000,UT,,,23:16:41 03-Mar-2024,,B,-23.2857,151.7336,,,,,1939,,,,,,,,,,,,,,,,,,,,,,,,,,,,,,,0,,,,,,,07:00:00 24-Feb-2024,,,
252321,252321,0.500000,UT,,,23:19:12 03-Mar-2024,,A,-23.2822,151.7237,,,,,,,,,,,,,,,,,,,,,,,,,,,,,,,,,,,,0,,,,,,,07:00:00 24-Feb-2024,,,7311
252321,252321,0.500000,UT,,,23:19:38 03-Mar-2024,,A,-23.2822,151.7237,,,,,,,,,29.10,,,,,,,,,,,,,,,,,,,,,,,,,,,0,,,,,,,07:00:00 24-Feb-2024,,,
252321,252321,0.500000,UT,,23:35:34 03-Mar-2024,23:32:56 03-Mar-2024,-157,3,-23.2854,151.7379,CRC,,,,1944,3.375,,,28.80,,,,,,,,,,,,,,218,25,255,0,,,,,,,0,,,0,85,,,,,,07:00:00 24-Feb-2024,,,
252321,252321,0.500000,UT,,,23:33:12 03-Mar-2024,,3,-23.2854,151.7379,,,,,1945,,,,,,,,,,,,,,,,,,,,,,,,,,,,,,,0,,,,,,,07:00:00 24-Feb-2024,,,
252321,252321,0.500000,UT,,,23:35:15 03-Mar-2024,,3,-23.2854,151.7379,,,,,,,,,29.25,,,,,,,,,,,,,,,,,,,,,,,,,,,0,,,,,,,07:00:00 24-Feb-2024,,,
252321,252321,0.500000,UT,,,23:35:31 03-Mar-2024,,3,-23.2854,151.7379,,,,,1950,,,,,,,,,,,,,,,,,,,,,,,,,,,,,,,0,,,,,,,07:00:00 24-Feb-2024,,,
252321,252321,0.500000,UT,,,23:35:47 03-Mar-2024,,3,-23.2854,151.7379,,,,,,3.300,,,,,,,,,,,,,,,,,,,,,,,,,,,,,,0,,,,,,,07:00:00 24-Feb-2024,,,
252321,252321,0.500000,UT,1.00b,,23:36:40 03-Mar-2024,,3,-23.2854,151.7379,,0,,,,,,,,,,,,,,,,,,,,,,,,,,,,,,,,,,0,,,,,,,07:00:00 24-Feb-2024,,,
252321,252321,0.500000,UT,,,23:38:28 03-Mar-2024,,3,-23.2854,151.7379,,,,,,3.300,,,,,,,,,,,,,,,,,,,,,,,,,,,,,,0,,,,,,,07:00:00 24-Feb-2024,,,
252321,252321,0.500000,UT,1.00b,,23:38:52 03-Mar-2024,,3,-23.2854,151.7379,,0,,,,,,,,,,,,,,,,,,,,,,,,,,,,,,,,,,0,,,,,,,07:00:00 24-Feb-2024,,,
252321,252321,0.500000,UT,,,02:02:04 04-Mar-2024,,3,-23.2880,151.7289,,,,,1966,,,,,,,,,,,,,,,,,,,,,,,,,,,,,,,0,,,,,,,07:00:00 24-Feb-2024,,,
252321,252321,0.500000,UT,,,02:04:02 04-Mar-2024,,3,-23.2880,151.7289,,,,,,3.350,,,,,,,,,,,,,,,,,,,,,,,,,,,,,,0,,,,,,,07:00:00 24-Feb-2024,,,
252321,252321,0.500000,UT,,02:06:56 04-Mar-2024,02:04:17 04-Mar-2024,-158,3,-23.2880,151.7289,CRC,,,,1969,3.375,,,29.30,,,,,,,,,,,,,,255,25,255,0,,,,,,,8,,,0,85,,,,,,07:00:00 24-Feb-2024,,,
252321,252321,0.500000,UT,,,02:05:19 04-Mar-2024,,3,-23.2880,151.7289,,,,,1973,,,,,,,,,,,,,,,,,,,,,,,,,,,,,,,0,,,,,,,07:00:00 24-Feb-2024,,,
252321,252321,0.500000,UT,,,02:05:35 04-Mar-2024,,3,-23.2880,151.7289,,,,,,3.325,,,,,,,,,,,,,,,,,,,,,,,,,,,,,,0,,,,,,,07:00:00 24-Feb-2024,,,
252321,252321,0.500000,UT,1.00b,,02:05:50 04-Mar-2024,,3,-23.2880,151.7289,,0,,,,,,,,,,,,,,,,,,,,,,,,,,,,,,,,,,0,,,,,,,07:00:00 24-Feb-2024,,,
252321,252321,0.500000,UT,,,02:06:05 04-Mar-2024,,3,-23.2880,151.7289,,,,,,,,,,,,,,,,,,,,,,,,,,,,,,,,,,,,0,,,,,,,07:00:00 24-Feb-2024,,,7311
252321,252321,0.500000,UT,,,02:06:20 04-Mar-2024,,3,-23.2880,151.7289,,,,,,,,,29.30,,,,,,,,,,,,,,,,,,,,,,,,,,,0,,,,,,,07:00:00 24-Feb-2024,,,
252321,252321,0.500000,UT,,,02:06:36 04-Mar-2024,,3,-23.2880,151.7289,,,,,1978,,,,,,,,,,,,,,,,,,,,,,,,,,,,,,,0,,,,,,,07:00:00 24-Feb-2024,,,
252321,252321,0.500000,UT,,,02:06:51 04-Mar-2024,,3,-23.2880,151.7289,,,,,,3.350,,,,,,,,,,,,,,,,,,,,,,,,,,,,,,0,,,,,,,07:00:00 24-Feb-2024,,,
252321,252321,0.500000,UT,,,02:07:38 04-Mar-2024,,3,-23.2880,151.7289,,,,,,,,,29.20,,,,,,,,,,,,,,,,,,,,,,,,,,,0,,,,,,,07:00:00 24-Feb-2024,,,
252321,252321,0.500000,UT,,,02:07:53 04-Mar-2024,,3,-23.2880,151.7289,,,,,1983,,,,,,,,,,,,,,,,,,,,,,,,,,,,,,,0,,,,,,,07:00:00 24-Feb-2024,,,
252321,252321,0.500000,UT,,,02:08:53 04-Mar-2024,,3,-23.2880,151.7289,,,,,,,,,28.95,,,,,,,,,,,,,,,,,,,,,,,,,,,0,,,,,,,07:00:00 24-Feb-2024,,,
252321,252321,0.500000,UT,,,02:09:08 04-Mar-2024,,3,-23.2880,151.7289,,,,,1988,,,,,,,,,,,,,,,,,,,,,,,,,,,,,,,0,,,,,,,07:00:00 24-Feb-2024,,,
252321,252321,0.500000,UT,,,02:09:23 04-Mar-2024,,3,-23.2880,151.7289,,,,,,3.400,,,,,,,,,,,,,,,,,,,,,,,,,,,,,,0,,,,,,,07:00:00 24-Feb-2024,,,
252321,252321,0.500000,UT,,,02:10:08 04-Mar-2024,,3,-23.2880,151.7289,,,,,,,,,29.00,,,,,,,,,,,,,,,,,,,,,,,,,,,0,,,,,,,07:00:00 24-Feb-2024,,,
252321,252321,0.500000,UT,,,02:10:23 04-Mar-2024,,3,-23.2880,151.7289,,,,,1993,,,,,,,,,,,,,,,,,,,,,,,,,,,,,,,0,,,,,,,07:00:00 24-Feb-2024,,,
252321,252321,0.500000,UT,,02:13:17 04-Mar-2024,02:10:38 04-Mar-2024,-158,3,-23.2880,151.7289,CRC,,,,1994,3.300,,,29.05,,,,,,,,,,,,,,239,25,255,0,,,,,,,8,,,0,89,,,,,,07:00:00 24-Feb-2024,,,
252321,252321,0.500000,UT,,,02:10:54 04-Mar-2024,,3,-23.2880,151.7289,,,,,,3.375,,,,,,,,,,,,,,,,,,,,,,,,,,,,,,0,,,,,,,07:00:00 24-Feb-2024,,,
252321,252321,0.500000,UT,1.00b,,02:11:09 04-Mar-2024,,3,-23.2880,151.7289,,0,,,,,,,,,,,,,,,,,,,,,,,,,,,,,,,,,,0,,,,,,,07:00:00 24-Feb-2024,,,
252321,252321,0.500000,UT,,,02:12:02 04-Mar-2024,,3,-23.2880,151.7289,,,,,,,,,29.15,,,,,,,,,,,,,,,,,,,,,,,,,,,0,,,,,,,07:00:00 24-Feb-2024,,,
252321,252321,0.500000,UT,,,02:12:18 04-Mar-2024,,3,-23.2880,151.7289,,,,,1999,,,,,,,,,,,,,,,,,,,,,,,,,,,,,,,0,,,,,,,07:00:00 24-Feb-2024,,,
252321,252321,0.500000,UT,,,02:13:25 04-Mar-2024,,3,-23.2880,151.7289,,,,,,,,,,,,,,,,,,,,,,,,,,,,,,,,,,,,0,,,,,,,07:00:00 24-Feb-2024,,,7311
252321,252321,0.500000,UT,1.00b,,20:14:19 04-Mar-2024,,B,-23.2952,151.7074,,0,,,,,,,,,,,,,,,,,,,,,,,,,,,,,,,,,,0,,,,,,,07:00:00 24-Feb-2024,,,
252321,252321,0.500000,UT,1.00b,,20:30:14 04-Mar-2024,,A,-23.2910,151.7185,,0,,,,,,,,,,,,,,,,,,,,,,,,,,,,,,,,,,0,,,,,,,07:00:00 24-Feb-2024,,,
252321,252321,0.500000,UT,,,20:36:41 04-Mar-2024,,A,-23.2910,151.7185,,,,,2195,,,,,,,,,,,,,,,,,,,,,,,,,,,,,,,0,,,,,,,07:00:00 24-Feb-2024,,,
252321,252321,0.500000,UT,,,21:12:46 04-Mar-2024,,A,-23.2872,151.7167,,,,,,3.300,,,,,,,,,,,,,,,,,,,,,,,,,,,,,,0,,,,,,,07:00:00 24-Feb-2024,,,
252321,252321,0.500000,UT,1.00b,,21:14:01 04-Mar-2024,,A,-23.2872,151.7167,,0,,,,,,,,,,,,,,,,,,,,,,,,,,,,,,,,,,0,,,,,,,07:00:00 24-Feb-2024,,,
252321,252321,0.500000,UT,,,21:14:25 04-Mar-2024,,A,-23.2872,151.7167,,,,,,,,,,,,,,,,,,,,,,,,,,,,,,,,,,,,0,,,,,,,07:00:00 24-Feb-2024,,,7311
252321,252321,0.500000,UT,,,07:27:21 05-Mar-2024,,2,-23.2958,151.7065,,,,,,3.325,,,,,,,,,,,,,,,,,,,,,,,,,,,,,,0,,,,,,,07:00:00 24-Feb-2024,,,
252321,252321,0.500000,UT,,,07:30:41 05-Mar-2024,,2,-23.2958,151.7065,,,,,2227,,,,,,,,,,,,,,,,,,,,,,,,,,,,,,,0,,,,,,,07:00:00 24-Feb-2024,,,
252321,252321,0.500000,UT,,,07:31:00 05-Mar-2024,,2,-23.2958,151.7065,,,,,,3.350,,,,,,,,,,,,,,,,,,,,,,,,,,,,,,0,,,,,,,07:00:00 24-Feb-2024,,,
252321,252321,0.500000,UT,1.00b,,07:31:22 05-Mar-2024,,0,-23.2861,151.7154,,0,,,,,,,,,,,,,,,,,,,,,,,,,,,,,,,,,,0,,,,,,,07:00:00 24-Feb-2024,,,
252321,252321,0.500000,UT,,,07:31:37 05-Mar-2024,,2,-23.2958,151.7065,,,,,,,,,,,,,,,,,,,,,,,,,,,,,,,,,,,,0,,,,,,,07:00:00 24-Feb-2024,,,7311
252321,252321,0.500000,UT,,,07:31:58 05-Mar-2024,,2,-23.2958,151.7065,,,,,,,,,29.25,,,,,,,,,,,,,,,,,,,,,,,,,,,0,,,,,,,07:00:00 24-Feb-2024,,,
252321,252321,0.500000,UT,,,07:32:13 05-Mar-2024,,2,-23.2958,151.7065,,,,,2232,,,,,,,,,,,,,,,,,,,,,,,,,,,,,,,0,,,,,,,07:00:00 24-Feb-2024,,,
252321,252321,0.500000,UT,,,07:32:28 05-Mar-2024,,2,-23.2958,151.7065,,,,,,3.375,,,,,,,,,,,,,,,,,,,,,,,,,,,,,,0,,,,,,,07:00:00 24-Feb-2024,,,
252321,252321,0.500000,UT,1.00b,,07:34:16 05-Mar-2024,,2,-23.2958,151.7065,,0,,,,,,,,,,,,,,,,,,,,,,,,,,,,,,,,,,0,,,,,,,07:00:00 24-Feb-2024,,,
252321,252321,0.500000,UT,,,07:43:45 05-Mar-2024,,1,-23.2913,151.6999,,,,,,,,,,,,,,,,,,,,,,,,,,,,,,,,,,,,0,,,,,,,07:00:00 24-Feb-2024,,,7311
252321,252321,0.500000,UT,,,07:44:15 05-Mar-2024,,1,-23.2913,151.6999,,,,,,,,,29.45,,,,,,,,,,,,,,,,,,,,,,,,,,,0,,,,,,,07:00:00 24-Feb-2024,,,
252321,252321,0.500000,UT,,,07:44:31 05-Mar-2024,,1,-23.2913,151.6999,,,,,2237,,,,,,,,,,,,,,,,,,,,,,,,,,,,,,,0,,,,,,,07:00:00 24-Feb-2024,,,
252321,252321,0.500000,UT,,,07:44:52 05-Mar-2024,,1,-23.2913,151.6999,,,,,,3.325,,,,,,,,,,,,,,,,,,,,,,,,,,,,,,0,,,,,,,07:00:00 24-Feb-2024,,,
252321,252321,0.500000,UT,1.00b,,07:46:51 05-Mar-2024,,1,-23.2913,151.6999,,0,,,,,,,,,,,,,,,,,,,,,,,,,,,,,,,,,,0,,,,,,,07:00:00 24-Feb-2024,,,
252321,252321,0.500000,UT,,,20:29:32 06-Mar-2024,,,,,,,,,2285,,,,,,,,,,,,,,,,,,,,,,,,,,,,,,,0,,,,,,,07:00:00 24-Feb-2024,,,
252321,252321,0.500000,UT,,,06:13:34 07-Mar-2024,,0,-23.2785,151.6649,,,,,,,,,28.55,,,,,,,,,,,,,,,,,,,,,,,,,,,0,,,,,,,07:00:00 24-Feb-2024,,,
252321,252321,0.500000,UT,,,06:13:49 07-Mar-2024,,0,-23.2785,151.6649,,,,,2302,,,,,,,,,,,,,,,,,,,,,,,,,,,,,,,0,,,,,,,07:00:00 24-Feb-2024,,,
252321,252321,0.500000,UT,,,06:15:02 07-Mar-2024,,0,-23.2785,151.6649,,,,,,,,,28.40,,,,,,,,,,,,,,,,,,,,,,,,,,,0,,,,,,,07:00:00 24-Feb-2024,,,
252321,252321,0.500000,UT,,,06:15:17 07-Mar-2024,,0,-23.2785,151.6649,,,,,2307,,,,,,,,,,,,,,,,,,,,,,,,,,,,,,,0,,,,,,,07:00:00 24-Feb-2024,,,
252321,252321,0.500000,UT,1.00b,,06:15:47 07-Mar-2024,,0,-23.2785,151.6649,,0,,,,,,,,,,,,,,,,,,,,,,,,,,,,,,,,,,0,,,,,,,07:00:00 24-Feb-2024,,,
252321,252321,0.500000,UT,,,06:16:02 07-Mar-2024,,0,-23.2785,151.6649,,,,,,,,,,,,,,,,,,,,,,,,,,,,,,,,,,,,0,,,,,,,07:00:00 24-Feb-2024,,,7311
252321,252321,0.500000,UT,,,06:17:05 07-Mar-2024,,0,-23.2785,151.6649,,,,,,3.375,,,,,,,,,,,,,,,,,,,,,,,,,,,,,,0,,,,,,,07:00:00 24-Feb-2024,,,
252321,252321,0.500000,UT,,,06:29:31 07-Mar-2024,,A,-23.2755,151.6844,,,,,,3.350,,,,,,,,,,,,,,,,,,,,,,,,,,,,,,0,,,,,,,07:00:00 24-Feb-2024,,,
252321,252321,0.500000,UT,1.00b,,06:32:59 07-Mar-2024,,A,-23.2755,151.6844,,0,,,,,,,,,,,,,,,,,,,,,,,,,,,,,,,,,,0,,,,,,,07:00:00 24-Feb-2024,,,
252321,252321,0.500000,UT,,,07:49:58 07-Mar-2024,,A,-23.2873,151.7079,,,,,,,,,,,,,,,,,,,,,,,,,,,,,,,,,,,,0,,,,,,,07:00:00 24-Feb-2024,,,7311
252321,252321,0.500000,UT,,,07:53:33 07-Mar-2024,,A,-23.2873,151.7079,,,,,,,,,29.20,,,,,,,,,,,,,,,,,,,,,,,,,,,0,,,,,,,07:00:00 24-Feb-2024,,,
252321,252321,0.500000,UT,,,08:08:47 07-Mar-2024,,B,-23.2893,151.7100,,,,,,3.400,,,,,,,,,,,,,,,,,,,,,,,,,,,,,,0,,,,,,,07:00:00 24-Feb-2024,,,
252321,252321,0.500000,UT,,,18:07:09 08-Mar-2024,,3,-23.2825,151.7196,,,,,,,,,26.25,,,,,,,,,,,,,,,,,,,,,,,,,,,0,,,,,,,07:00:00 24-Feb-2024,,,
252321,252321,0.500000,UT,,,18:08:40 08-Mar-2024,,3,-23.2825,151.7196,,,,,,,,,26.05,,,,,,,,,,,,,,,,,,,,,,,,,,,0,,,,,,,07:00:00 24-Feb-2024,,,
252321,252321,0.500000,UT,,,18:09:07 08-Mar-2024,,3,-23.2825,151.7196,,,,,2415,,,,,,,,,,,,,,,,,,,,,,,,,,,,,,,0,,,,,,,07:00:00 24-Feb-2024,,,
252321,252321,0.500000,UT,,,18:11:34 08-Mar-2024,,3,-23.2825,151.7196,,,,,2421,,,,,,,,,,,,,,,,,,,,,,,,,,,,,,,0,,,,,,,07:00:00 24-Feb-2024,,,
252321,252321,0.500000,UT,,,18:11:49 08-Mar-2024,,3,-23.2825,151.7196,,,,,,3.325,,,,,,,,,,,,,,,,,,,,,,,,,,,,,,0,,,,,,,07:00:00 24-Feb-2024,,,
252321,252321,0.500000,UT,,,18:13:11 08-Mar-2024,,3,-23.2825,151.7196,,,,,,,,,26.75,,,,,,,,,,,,,,,,,,,,,,,,,,,0,,,,,,,07:00:00 24-Feb-2024,,,
252321,252321,0.500000,UT,,,18:14:40 08-Mar-2024,,3,-23.2825,151.7196,,,,,,,,,26.65,,,,,,,,,,,,,,,,,,,,,,,,,,,0,,,,,,,07:00:00 24-Feb-2024,,,
252321,252321,0.500000,UT,,,18:14:55 08-Mar-2024,,3,-23.2825,151.7196,,,,,2431,,,,,,,,,,,,,,,,,,,,,,,,,,,,,,,0,,,,,,,07:00:00 24-Feb-2024,,,
252321,252321,0.500000,UT,,,18:15:10 08-Mar-2024,,3,-23.2825,151.7196,,,,,,3.350,,,,,,,,,,,,,,,,,,,,,,,,,,,,,,0,,,,,,,07:00:00 24-Feb-2024,,,
252321,252321,0.500000,UT,,,18:16:13 08-Mar-2024,,3,-23.2825,151.7196,,,,,,,,,26.50,,,,,,,,,,,,,,,,,,,,,,,,,,,0,,,,,,,07:00:00 24-Feb-2024,,,
252321,252321,0.500000,UT,1.00b,,18:17:11 08-Mar-2024,,3,-23.2825,151.7196,,0,,,,,,,,,,,,,,,,,,,,,,,,,,,,,,,,,,0,,,,,,,07:00:00 24-Feb-2024,,,
252321,252321,0.500000,UT,,,18:17:51 08-Mar-2024,,3,-23.2825,151.7196,,,,,,,,,,,,,,,,,,,,,,,,,,,,,,,,,,,,0,,,,,,,07:00:00 24-Feb-2024,,,7311
252321,252321,0.500000,UT,,,18:18:07 08-Mar-2024,,3,-23.2825,151.7196,,,,,,,,,26.85,,,,,,,,,,,,,,,,,,,,,,,,,,,0,,,,,,,07:00:00 24-Feb-2024,,,
252321,252321,0.500000,UT,,,18:18:39 08-Mar-2024,,3,-23.2825,151.7196,,,,,,3.375,,,,,,,,,,,,,,,,,,,,,,,,,,,,,,0,,,,,,,07:00:00 24-Feb-2024,,,
252321,252321,0.500000,UT,,,18:26:22 08-Mar-2024,,0,-23.3029,151.6984,,,,,2448,,,,,,,,,,,,,,,,,,,,,,,,,,,,,,,0,,,,,,,07:00:00 24-Feb-2024,,,
252321,252321,0.500000,UT,,,18:26:37 08-Mar-2024,,0,-23.3029,151.6984,,,,,,3.300,,,,,,,,,,,,,,,,,,,,,,,,,,,,,,0,,,,,,,07:00:00 24-Feb-2024,,,
252321,252321,0.500000,UT,,,18:27:07 08-Mar-2024,,0,-23.3029,151.6984,,,,,,,,,,,,,,,,,,,,,,,,,,,,,,,,,,,,0,,,,,,,07:00:00 24-Feb-2024,,,7311
252321,252321,0.500000,UT,,,18:27:22 08-Mar-2024,,0,-23.3029,151.6984,,,,,,,,,26.75,,,,,,,,,,,,,,,,,,,,,,,,,,,0,,,,,,,07:00:00 24-Feb-2024,,,
252321,252321,0.500000,UT,,,18:27:37 08-Mar-2024,,0,-23.3029,151.6984,,,,,2453,,,,,,,,,,,,,,,,,,,,,,,,,,,,,,,0,,,,,,,07:00:00 24-Feb-2024,,,
252321,252321,0.500000,UT,1.00b,,18:28:07 08-Mar-2024,,0,-23.3029,151.6984,,0,,,,,,,,,,,,,,,,,,,,,,,,,,,,,,,,,,0,,,,,,,07:00:00 24-Feb-2024,,,
252321,252321,0.500000,UT,,20:01:06 08-Mar-2024,19:58:17 08-Mar-2024,-168,0,-23.2838,151.7351,CRC,,,,2519,3.375,,,26.30,,,,,,,,,,,,,,121,23,255,0,,,,,,,10,,,0,92,,,,,,07:00:00 24-Feb-2024,,,
252321,252321,0.500000,UT,1.00b,,20:09:40 08-Mar-2024,,0,-23.2838,151.7351,,0,,,,,,,,,,,,,,,,,,,,,,,,,,,,,,,,,,0,,,,,,,07:00:00 24-Feb-2024,,,
252321,252321,0.500000,UT,,,07:17:20 09-Mar-2024,,0,-23.3385,151.7436,,,,,,,,,,,,,,,,,,,,,,,,,,,,,,,,,,,,0,,,,,,,07:00:00 24-Feb-2024,,,7311
252321,252321,0.500000,UT,,,07:17:58 09-Mar-2024,,0,-23.3385,151.7436,,,,,,,,,27.60,,,,,,,,,,,,,,,,,,,,,,,,,,,0,,,,,,,07:00:00 24-Feb-2024,,,
252321,252321,0.500000,UT,,,07:42:59 09-Mar-2024,,1,-23.2952,151.7270,,,,,,,,,27.25,,,,,,,,,,,,,,,,,,,,,,,,,,,0,,,,,,,07:00:00 24-Feb-2024,,,
252321,252321,0.500000,UT,,,07:43:14 09-Mar-2024,,1,-23.2952,151.7270,,,,,2602,,,,,,,,,,,,,,,,,,,,,,,,,,,,,,,0,,,,,,,07:00:00 24-Feb-2024,,,
252321,252321,0.500000,UT,,,07:43:29 09-Mar-2024,,1,-23.2952,151.7270,,,,,,3.375,,,,,,,,,,,,,,,,,,,,,,,,,,,,,,0,,,,,,,07:00:00 24-Feb-2024,,,
252321,252321,0.500000,UT,,,07:44:17 09-Mar-2024,,1,-23.2952,151.7270,,,,,,,,,26.95,,,,,,,,,,,,,,,,,,,,,,,,,,,0,,,,,,,07:00:00 24-Feb-2024,,,
252321,252321,0.500000,UT,,,07:44:32 09-Mar-2024,,1,-23.2952,151.7270,,,,,2607,,,,,,,,,,,,,,,,,,,,,,,,,,,,,,,0,,,,,,,07:00:00 24-Feb-2024,,,
252321,252321,0.500000,UT,,,07:45:48 09-Mar-2024,,1,-23.2952,151.7270,,,,,2612,,,,,,,,,,,,,,,,,,,,,,,,,,,,,,,0,,,,,,,07:00:00 24-Feb-2024,,,
252321,252321,0.500000,UT,,,07:46:05 09-Mar-2024,,1,-23.2952,151.7270,,,,,,3.300,,,,,,,,,,,,,,,,,,,,,,,,,,,,,,0,,,,,,,07:00:00 24-Feb-2024,,,
252321,252321,0.500000,UT,,,07:46:40 09-Mar-2024,,1,-23.2952,151.7270,,,,,,,,,,,,,,,,,,,,,,,,,,,,,,,,,,,,0,,,,,,,07:00:00 24-Feb-2024,,,7311
252321,252321,0.500000,UT,,,07:46:55 09-Mar-2024,,1,-23.2952,151.7270,,,,,,,,,27.05,,,,,,,,,,,,,,,,,,,,,,,,,,,0,,,,,,,07:00:00 24-Feb-2024,,,
252321,252321,0.500000,UT,,,07:47:10 09-Mar-2024,,1,-23.2952,151.7270,,,,,2617,,,,,,,,,,,,,,,,,,,,,,,,,,,,,,,0,,,,,,,07:00:00 24-Feb-2024,,,
252321,252321,0.500000,UT,,,07:47:25 09-Mar-2024,,1,-23.2952,151.7270,,,,,,3.400,,,,,,,,,,,,,,,,,,,,,,,,,,,,,,0,,,,,,,07:00:00 24-Feb-2024,,,
252321,252321,0.500000,UT,,07:50:30 09-Mar-2024,07:47:40 09-Mar-2024,-169,1,-23.2952,151.7270,CRC,,,,2619,3.375,,,26.30,,,,,,,,,,,,,,255,24,255,0,,,,,,,14,,,0,94,,,,,,07:00:00 24-Feb-2024,,,
252321,252321,0.500000,UT,1.00b,,07:47:55 09-Mar-2024,,1,-23.2952,151.7270,,0,,,,,,,,,,,,,,,,,,,,,,,,,,,,,,,,,,0,,,,,,,07:00:00 24-Feb-2024,,,
252321,252321,0.500000,UT,,,07:49:59 09-Mar-2024,,1,-23.2952,151.7270,,,,,,,,,26.65,,,,,,,,,,,,,,,,,,,,,,,,,,,0,,,,,,,07:00:00 24-Feb-2024,,,
252321,252321,0.500000,UT,,,19:04:44 09-Mar-2024,,3,-23.2853,151.7314,,,,,2727,,,,,,,,,,,,,,,,,,,,,,,,,,,,,,,0,,,,,,,07:00:00 24-Feb-2024,,,
252321,252321,0.500000,UT,,,19:05:55 09-Mar-2024,,3,-23.2853,151.7314,,,,,,,,,25.50,,,,,,,,,,,,,,,,,,,,,,,,,,,0,,,,,,,07:00:00 24-Feb-2024,,,
252321,252321,0.500000,UT,,,19:06:46 09-Mar-2024,,3,-23.2853,151.7314,,,,,,3.325,,,,,,,,,,,,,,,,,,,,,,,,,,,,,,0,,,,,,,07:00:00 24-Feb-2024,,,
252321,252321,0.500000,UT,1.00b,,19:07:13 09-Mar-2024,,3,-23.2853,151.7314,,0,,,,,,,,,,,,,,,,,,,,,,,,,,,,,,,,,,0,,,,,,,07:00:00 24-Feb-2024,,,
252321,252321,0.500000,UT,,,19:07:28 09-Mar-2024,,3,-23.2853,151.7314,,,,,,,,,,,,,,,,,,,,,,,,,,,,,,,,,,,,0,,,,,,,07:00:00 24-Feb-2024,,,7311
252321,252321,0.500000,UT,,,19:07:47 09-Mar-2024,,3,-23.2853,151.7314,,,,,,,,,25.40,,,,,,,,,,,,,,,,,,,,,,,,,,,0,,,,,,,07:00:00 24-Feb-2024,,,
252321,252321,0.500000,UT,,,19:10:14 09-Mar-2024,,3,-23.2853,151.7314,,,,,,,,,25.85,,,,,,,,,,,,,,,,,,,,,,,,,,,0,,,,,,,07:00:00 24-Feb-2024,,,
252321,252321,0.500000,UT,,,19:10:32 09-Mar-2024,,3,-23.2853,151.7314,,,,,2742,,,,,,,,,,,,,,,,,,,,,,,,,,,,,,,0,,,,,,,07:00:00 24-Feb-2024,,,
252321,252321,0.500000,UT,,,19:11:03 09-Mar-2024,,3,-23.2853,151.7314,,,,,,3.300,,,,,,,,,,,,,,,,,,,,,,,,,,,,,,0,,,,,,,07:00:00 24-Feb-2024,,,
252321,252321,0.500000,UT,,19:14:11 09-Mar-2024,19:11:19 09-Mar-2024,-171,3,-23.2853,151.7314,CRC,,,,2744,3.325,,,25.95,,,,,,,,,,,,,,105,24,255,0,,,,,,,9,,,0,86,,,,,,07:00:00 24-Feb-2024,,,
252321,252321,0.500000,UT,,,19:12:25 09-Mar-2024,,3,-23.2853,151.7314,,,,,,,,,25.95,,,,,,,,,,,,,,,,,,,,,,,,,,,0,,,,,,,07:00:00 24-Feb-2024,,,
252321,252321,0.500000,UT,,,19:12:40 09-Mar-2024,,3,-23.2853,151.7314,,,,,2748,,,,,,,,,,,,,,,,,,,,,,,,,,,,,,,0,,,,,,,07:00:00 24-Feb-2024,,,
252321,252321,0.500000,UT,,,19:12:55 09-Mar-2024,,3,-23.2853,151.7314,,,,,,3.375,,,,,,,,,,,,,,,,,,,,,,,,,,,,,,0,,,,,,,07:00:00 24-Feb-2024,,,
252321,252321,0.500000,UT,,,19:15:21 09-Mar-2024,,3,-23.2853,151.7314,,,,,,3.350,,,,,,,,,,,,,,,,,,,,,,,,,,,,,,0,,,,,,,07:00:00 24-Feb-2024,,,
252321,252321,0.500000,UT,1.00b,,19:15:39 09-Mar-2024,,3,-23.2853,151.7314,,0,,,,,,,,,,,,,,,,,,,,,,,,,,,,,,,,,,0,,,,,,,07:00:00 24-Feb-2024,,,
252321,252321,0.500000,UT,,,19:15:54 09-Mar-2024,,3,-23.2853,151.7314,,,,,,,,,,,,,,,,,,,,,,,,,,,,,,,,,,,,0,,,,,,,07:00:00 24-Feb-2024,,,7311
252321,252321,0.500000,UT,,,19:20:10 09-Mar-2024,,3,-23.2935,151.7213,,,,,,3.300,,,,,,,,,,,,,,,,,,,,,,,,,,,,,,0,,,,,,,07:00:00 24-Feb-2024,,,
252321,252321,0.500000,UT,,,19:21:27 09-Mar-2024,,3,-23.2935,151.7213,,,,,,,,,25.55,,,,,,,,,,,,,,,,,,,,,,,,,,,0,,,,,,,07:00:00 24-Feb-2024,,,
252321,252321,0.500000,UT,,,19:22:04 09-Mar-2024,,3,-23.2935,151.7213,,,,,2768,,,,,,,,,,,,,,,,,,,,,,,,,,,,,,,0,,,,,,,07:00:00 24-Feb-2024,,,
252321,252321,0.500000,UT,,19:25:18 09-Mar-2024,19:22:26 09-Mar-2024,-171,3,-23.2935,151.7213,CRC,,,,2769,3.300,,,25.85,,,,,,,,,,,,,,191,24,255,0,,,,,,,9,,,0,84,,,,,,07:00:00 24-Feb-2024,,,
252321,252321,0.500000,UT,1.00b,,19:24:47 09-Mar-2024,,3,-23.2935,151.7213,,0,,,,,,,,,,,,,,,,,,,,,,,,,,,,,,,,,,0,,,,,,,07:00:00 24-Feb-2024,,,
252321,252321,0.500000,UT,,,19:26:41 09-Mar-2024,,3,-23.2935,151.7213,,,,,,,,,,,,,,,,,,,,,,,,,,,,,,,,,,,,0,,,,,,,07:00:00 24-Feb-2024,,,7311
252321,252321,0.500000,UT,,,08:14:11 10-Mar-2024,,1,-23.2895,151.7256,,,,,2824,,,,,,,,,,,,,,,,,,,,,,,,,,,,,,,0,,,,,,,07:00:00 24-Feb-2024,,,
252321,252321,0.500000,UT,,,08:14:27 10-Mar-2024,,1,-23.2895,151.7256,,,,,,3.375,,,,,,,,,,,,,,,,,,,,,,,,,,,,,,0,,,,,,,07:00:00 24-Feb-2024,,,
252321,252321,0.500000,UT,,,08:15:27 10-Mar-2024,,1,-23.2895,151.7256,,,,,2829,,,,,,,,,,,,,,,,,,,,,,,,,,,,,,,0,,,,,,,07:00:00 24-Feb-2024,,,
252321,252321,0.500000,UT,,,08:15:42 10-Mar-2024,,1,-23.2895,151.7256,,,,,,3.350,,,,,,,,,,,,,,,,,,,,,,,,,,,,,,0,,,,,,,07:00:00 24-Feb-2024,,,
252321,252321,0.500000,UT,,,08:16:13 10-Mar-2024,,1,-23.2895,151.7256,,,,,,,,,,,,,,,,,,,,,,,,,,,,,,,,,,,,0,,,,,,,07:00:00 24-Feb-2024,,,15503
252321,252321,0.500000,UT,,,08:17:34 10-Mar-2024,,1,-23.2895,151.7256,,,,,,,,,27.65,,,,,,,,,,,,,,,,,,,,,,,,,,,0,,,,,,,07:00:00 24-Feb-2024,,,
252321,252321,0.500000,UT,,,08:17:49 10-Mar-2024,,1,-23.2895,151.7256,,,,,2834,,,,,,,,,,,,,,,,,,,,,,,,,,,,,,,0,,,,,,,07:00:00 24-Feb-2024,,,
252321,252321,0.500000,UT,,,08:18:14 10-Mar-2024,,1,-23.2895,151.7256,,,,,,3.300,,,,,,,,,,,,,,,,,,,,,,,,,,,,,,0,,,,,,,07:00:00 24-Feb-2024,,,
252321,252321,0.500000,UT,1.00b,,08:18:29 10-Mar-2024,,1,-23.2895,151.7256,,0,,,,,,,,,,,,,,,,,,,,,,,,,,,,,,,,,,0,,,,,,,07:00:00 24-Feb-2024,,,
252321,252321,0.500000,UT,,,08:18:44 10-Mar-2024,,1,-23.2895,151.7256,,,,,,,,,,,,,,,,,,,,,,,,,,,,,,,,,,,,0,,,,,,,07:00:00 24-Feb-2024,,,7311
252321,252321,0.500000,UT,,,08:19:20 10-Mar-2024,,1,-23.2895,151.7256,,,,,,,,,27.55,,,,,,,,,,,,,,,,,,,,,,,,,,,0,,,,,,,07:00:00 24-Feb-2024,,,
252321,252321,0.500000,UT,,,08:19:51 10-Mar-2024,,1,-23.2895,151.7256,,,,,2839,,,,,,,,,,,,,,,,,,,,,,,,,,,,,,,0,,,,,,,07:00:00 24-Feb-2024,,,
252321,252321,0.500000,UT,,,08:20:07 10-Mar-2024,,1,-23.2895,151.7256,,,,,,3.275,,,,,,,,,,,,,,,,,,,,,,,,,,,,,,0,,,,,,,07:00:00 24-Feb-2024,,,
252321,252321,0.500000,UT,,,19:01:49 10-Mar-2024,,B,-23.2707,151.7730,,,,,,,,,26.55,,,,,,,,,,,,,,,,,,,,,,,,,,,0,,,,,,,07:00:00 24-Feb-2024,,,
252321,252321,0.500000,UT,,,19:07:14 10-Mar-2024,,0,-23.2938,151.7807,,,,,2847,,,,,,,,,,,,,,,,,,,,,,,,,,,,,,,0,,,,,,,07:00:00 24-Feb-2024,,,
252321,252321,0.500000,UT,,,19:13:08 10-Mar-2024,,A,-23.2883,151.7301,,,,,,,,,26.10,,,,,,,,,,,,,,,,,,,,,,,,,,,0,,,,,,,07:00:00 24-Feb-2024,,,
252321,252321,0.500000,UT,,,19:14:42 10-Mar-2024,,A,-23.2883,151.7301,,,,,,,,,,,,,,,,,,,,,,,,,,,,,,,,,,,,0,,,,,,,07:00:00 24-Feb-2024,,,7311
252321,252321,0.500000,UT,,,19:15:02 10-Mar-2024,,A,-23.2883,151.7301,,,,,,,,,25.65,,,,,,,,,,,,,,,,,,,,,,,,,,,0,,,,,,,07:00:00 24-Feb-2024,,,
252321,252321,0.500000,UT,,,20:05:29 10-Mar-2024,,1,-23.2842,151.7310,,,,,,,,,,,,,,,,,,,,,,,,,,,,,,,,,,,,0,,,,,,,07:00:00 24-Feb-2024,,,7311
252321,252321,0.500000,UT,,,20:05:44 10-Mar-2024,,1,-23.2842,151.7310,,,,,,,,,26.20,,,,,,,,,,,,,,,,,,,,,,,,,,,0,,,,,,,07:00:00 24-Feb-2024,,,
252321,252321,0.500000,UT,,,20:06:00 10-Mar-2024,,1,-23.2842,151.7310,,,,,2927,,,,,,,,,,,,,,,,,,,,,,,,,,,,,,,0,,,,,,,07:00:00 24-Feb-2024,,,
252321,252321,0.500000,UT,,,20:06:17 10-Mar-2024,,1,-23.2842,151.7310,,,,,,3.325,,,,,,,,,,,,,,,,,,,,,,,,,,,,,,0,,,,,,,07:00:00 24-Feb-2024,,,
252321,252321,0.500000,UT,1.00b,,20:06:33 10-Mar-2024,,1,-23.2842,151.7310,,0,,,,,,,,,,,,,,,,,,,,,,,,,,,,,,,,,,0,,,,,,,07:00:00 24-Feb-2024,,,
252321,252321,0.500000,UT,,,20:07:40 10-Mar-2024,,1,-23.2842,151.7310,,,,,2932,,,,,,,,,,,,,,,,,,,,,,,,,,,,,,,0,,,,,,,07:00:00 24-Feb-2024,,,
252321,252321,0.500000,UT,,,20:13:02 10-Mar-2024,,1,-23.2842,151.7310,,,,,,3.375,,,,,,,,,,,,,,,,,,,,,,,,,,,,,,0,,,,,,,07:00:00 24-Feb-2024,,,
252321,252321,0.500000,UT,1.00b,,20:13:22 10-Mar-2024,,1,-23.2842,151.7310,,0,,,,,,,,,,,,,,,,,,,,,,,,,,,,,,,,,,0,,,,,,,07:00:00 24-Feb-2024,,,
252321,252321,0.500000,UT,,,20:13:51 10-Mar-2024,,1,-23.2842,151.7310,,,,,,,,,,,,,,,,,,,,,,,,,,,,,,,,,,,,0,,,,,,,07:00:00 24-Feb-2024,,,7311
252321,252321,0.500000,UT,,,20:37:48 10-Mar-2024,,B,-23.2976,151.7190,,,,,,,,,24.95,,,,,,,,,,,,,,,,,,,,,,,,,,,0,,,,,,,07:00:00 24-Feb-2024,,,
252321,252321,0.500000,UT,1.00b,,07:45:13 11-Mar-2024,,A,-23.2932,151.6736,,0,,,,,,,,,,,,,,,,,,,,,,,,,,,,,,,,,,0,,,,,,,07:00:00 24-Feb-2024,,,
252321,252321,0.500000,UT,,,08:20:52 11-Mar-2024,,2,-23.3027,151.6891,,,,,,,,,26.50,,,,,,,,,,,,,,,,,,,,,,,,,,,0,,,,,,,07:00:00 24-Feb-2024,,,
252321,252321,0.500000,UT,,,08:21:37 11-Mar-2024,,2,-23.3027,151.6891,,,,,2979,,,,,,,,,,,,,,,,,,,,,,,,,,,,,,,0,,,,,,,07:00:00 24-Feb-2024,,,
252321,252321,0.500000,UT,,,08:21:57 11-Mar-2024,,2,-23.3027,151.6891,,,,,,3.300,,,,,,,,,,,,,,,,,,,,,,,,,,,,,,0,,,,,,,07:00:00 24-Feb-2024,,,
252321,252321,0.500000,UT,1.00b,,08:22:35 11-Mar-2024,,2,-23.3027,151.6891,,0,,,,,,,,,,,,,,,,,,,,,,,,,,,,,,,,,,0,,,,,,,07:00:00 24-Feb-2024,,,
252321,252321,0.500000,UT,,,08:23:03 11-Mar-2024,,2,-23.3027,151.6891,,,,,,,,,,,,,,,,,,,,,,,,,,,,,,,,,,,,0,,,,,,,07:00:00 24-Feb-2024,,,7343
252321,252321,0.500000,UT,,,08:23:20 11-Mar-2024,,2,-23.3027,151.6891,,,,,,,,,26.45,,,,,,,,,,,,,,,,,,,,,,,,,,,0,,,,,,,07:00:00 24-Feb-2024,,,
252321,252321,0.500000,UT,,,08:23:40 11-Mar-2024,,2,-23.3027,151.6891,,,,,2984,,,,,,,,,,,,,,,,,,,,,,,,,,,,,,,0,,,,,,,07:00:00 24-Feb-2024,,,
252321,252321,0.500000,UT,,,08:24:03 11-Mar-2024,,2,-23.3027,151.6891,,,,,,3.350,,,,,,,,,,,,,,,,,,,,,,,,,,,,,,0,,,,,,,07:00:00 24-Feb-2024,,,
252321,252321,0.500000,UT,,,08:25:46 11-Mar-2024,,2,-23.3027,151.6891,,,,,,,,,,,,,,,,,,,,,,,,,,,,,,,,,,,,0,,,,,,,07:00:00 24-Feb-2024,,,7311
252321,252321,0.500000,UT,,,08:26:58 11-Mar-2024,,2,-23.3027,151.6891,,,,,,,,,26.80,,,,,,,,,,,,,,,,,,,,,,,,,,,0,,,,,,,07:00:00 24-Feb-2024,,,
252321,252321,0.500000,UT,,08:34:47 11-Mar-2024,08:31:53 11-Mar-2024,-173,3,-23.3041,151.6966,CRC,,,,2994,3.325,,,26.85,,,,,,,,,,,,,,255,26,255,0,,,,,,,10,,,0,96,,,,,,07:00:00 24-Feb-2024,,,
252321,252321,0.500000,UT,,,08:32:29 11-Mar-2024,,3,-23.3041,151.6966,,,,,,,,,26.85,,,,,,,,,,,,,,,,,,,,,,,,,,,0,,,,,,,07:00:00 24-Feb-2024,,,
252321,252321,0.500000,UT,,,08:33:55 11-Mar-2024,,3,-23.3041,151.6966,,,,,,,,,26.95,,,,,,,,,,,,,,,,,,,,,,,,,,,0,,,,,,,07:00:00 24-Feb-2024,,,
252321,252321,0.500000,UT,,,08:34:13 11-Mar-2024,,3,-23.3041,151.6966,,,,,3002,,,,,,,,,,,,,,,,,,,,,,,,,,,,,,,0,,,,,,,07:00:00 24-Feb-2024,,,
252321,252321,0.500000,UT,,,08:35:16 11-Mar-2024,,3,-23.3041,151.6966,,,,,,,,,26.80,,,,,,,,,,,,,,,,,,,,,,,,,,,0,,,,,,,07:00:00 24-Feb-2024,,,
252321,252321,0.500000,UT,,,08:35:51 11-Mar-2024,,3,-23.3041,151.6966,,,,,,3.325,,,,,,,,,,,,,,,,,,,,,,,,,,,,,,0,,,,,,,07:00:00 24-Feb-2024,,,
252321,252321,0.500000,UT,,,08:36:57 11-Mar-2024,,3,-23.3041,151.6966,,,,,3012,,,,,,,,,,,,,,,,,,,,,,,,,,,,,,,0,,,,,,,07:00:00 24-Feb-2024,,,
252321,252321,0.500000,UT,,,08:37:12 11-Mar-2024,,3,-23.3041,151.6966,,,,,,3.375,,,,,,,,,,,,,,,,,,,,,,,,,,,,,,0,,,,,,,07:00:00 24-Feb-2024,,,
252321,252321,0.500000,UT,1.00b,,08:37:32 11-Mar-2024,,3,-23.3041,151.6966,,0,,,,,,,,,,,,,,,,,,,,,,,,,,,,,,,,,,0,,,,,,,07:00:00 24-Feb-2024,,,
252321,252321,0.500000,UT,,,08:37:48 11-Mar-2024,,3,-23.3041,151.6966,,,,,,,,,,,,,,,,,,,,,,,,,,,,,,,,,,,,0,,,,,,,07:00:00 24-Feb-2024,,,7311
252321,252321,0.500000,UT,,,08:38:16 11-Mar-2024,,3,-23.3041,151.6966,,,,,,,,,26.60,,,,,,,,,,,,,,,,,,,,,,,,,,,0,,,,,,,07:00:00 24-Feb-2024,,,
252321,252321,0.500000,UT,,,08:38:59 11-Mar-2024,,3,-23.3041,151.6966,,,,,,3.300,,,,,,,,,,,,,,,,,,,,,,,,,,,,,,0,,,,,,,07:00:00 24-Feb-2024,,,
252321,252321,0.500000,UT,,08:42:12 11-Mar-2024,08:39:18 11-Mar-2024,-173,3,-23.3041,151.6966,CRC,,,,3019,3.375,,,26.50,,,,,,,,,,,,,,174,26,255,0,,,,,,,10,,,0,95,,,,,,07:00:00 24-Feb-2024,,,
252321,252321,0.500000,UT,,,09:14:49 11-Mar-2024,,2,-23.2920,151.7081,,,,,,,,,25.70,,,,,,,,,,,,,,,,,,,,,,,,,,,0,,,,,,,07:00:00 24-Feb-2024,,,
252321,252321,0.500000,UT,,,09:15:04 11-Mar-2024,,2,-23.2920,151.7081,,,,,3103,,,,,,,,,,,,,,,,,,,,,,,,,,,,,,,0,,,,,,,07:00:00 24-Feb-2024,,,
252321,252321,0.500000,UT,,,09:17:22 11-Mar-2024,,2,-23.2920,151.7081,,,,,,,,,24.90,,,,,,,,,,,,,,,,,,,,,,,,,,,0,,,,,,,07:00:00 24-Feb-2024,,,
252321,252321,0.500000,UT,,,09:17:39 11-Mar-2024,,2,-23.2920,151.7081,,,,,3113,,,,,,,,,,,,,,,,,,,,,,,,,,,,,,,0,,,,,,,07:00:00 24-Feb-2024,,,
252321,252321,0.500000,UT,,,09:17:54 11-Mar-2024,,2,-23.2920,151.7081,,,,,,3.375,,,,,,,,,,,,,,,,,,,,,,,,,,,,,,0,,,,,,,07:00:00 24-Feb-2024,,,
252321,252321,0.500000,UT,,,09:18:41 11-Mar-2024,,2,-23.2920,151.7081,,,,,,,,,25.15,,,,,,,,,,,,,,,,,,,,,,,,,,,0,,,,,,,07:00:00 24-Feb-2024,,,
252321,252321,0.500000,UT,,,09:18:56 11-Mar-2024,,2,-23.2920,151.7081,,,,,3118,,,,,,,,,,,,,,,,,,,,,,,,,,,,,,,0,,,,,,,07:00:00 24-Feb-2024,,,
252321,252321,0.500000,UT,,,09:20:29 11-Mar-2024,,2,-23.2920,151.7081,,,,,,,,,24.80,,,,,,,,,,,,,,,,,,,,,,,,,,,0,,,,,,,07:00:00 24-Feb-2024,,,
252321,252321,0.500000,UT,,,09:20:59 11-Mar-2024,,2,-23.2920,151.7081,,,,,3124,,,,,,,,,,,,,,,,,,,,,,,,,,,,,,,0,,,,,,,07:00:00 24-Feb-2024,,,
252321,252321,0.500000,UT,,,09:21:15 11-Mar-2024,,2,-23.2920,151.7081,,,,,,3.250,,,,,,,,,,,,,,,,,,,,,,,,,,,,,,0,,,,,,,07:00:00 24-Feb-2024,,,
252321,252321,0.500000,UT,,,09:22:02 11-Mar-2024,,2,-23.2920,151.7081,,,,,,,,,25.25,,,,,,,,,,,,,,,,,,,,,,,,,,,0,,,,,,,07:00:00 24-Feb-2024,,,
252321,252321,0.500000,UT,,,09:23:48 11-Mar-2024,,2,-23.2920,151.7081,,,,,,,,,25.40,,,,,,,,,,,,,,,,,,,,,,,,,,,0,,,,,,,07:00:00 24-Feb-2024,,,
252321,252321,0.500000,UT,,,09:24:03 11-Mar-2024,,2,-23.2920,151.7081,,,,,3134,,,,,,,,,,,,,,,,,,,,,,,,,,,,,,,0,,,,,,,07:00:00 24-Feb-2024,,,
252321,252321,0.500000,UT,,,09:24:19 11-Mar-2024,,2,-23.2920,151.7081,,,,,,3.350,,,,,,,,,,,,,,,,,,,,,,,,,,,,,,0,,,,,,,07:00:00 24-Feb-2024,,,
252321,252321,0.500000,UT,1.00b,,09:24:34 11-Mar-2024,,2,-23.2920,151.7081,,0,,,,,,,,,,,,,,,,,,,,,,,,,,,,,,,,,,0,,,,,,,07:00:00 24-Feb-2024,,,
252321,252321,0.500000,UT,,,09:24:49 11-Mar-2024,,2,-23.2920,151.7081,,,,,,,,,,,,,,,,,,,,,,,,,,,,,,,,,,,,0,,,,,,,07:00:00 24-Feb-2024,,,7311
252321,252321,0.500000,UT,,,09:25:27 11-Mar-2024,,2,-23.2920,151.7081,,,,,3139,,,,,,,,,,,,,,,,,,,,,,,,,,,,,,,0,,,,,,,07:00:00 24-Feb-2024,,,
252321,252321,0.500000,UT,,,09:25:48 11-Mar-2024,,2,-23.2920,151.7081,,,,,,3.300,,,,,,,,,,,,,,,,,,,,,,,,,,,,,,0,,,,,,,07:00:00 24-Feb-2024,,,
252321,252321,0.500000,UT,,,09:28:46 11-Mar-2024,,B,-23.2919,151.7082,,,,,3145,,,,,,,,,,,,,,,,,,,,,,,,,,,,,,,0,,,,,,,07:00:00 24-Feb-2024,,,
252321,252321,0.500000,UT,,,19:28:35 11-Mar-2024,,B,-23.2765,151.7059,,,,,,,,,26.40,,,,,,,,,,,,,,,,,,,,,,,,,,,0,,,,,,,07:00:00 24-Feb-2024,,,
252321,252321,0.500000,UT,,,20:23:24 11-Mar-2024,,3,-23.2848,151.7253,,,,,,,,,25.85,,,,,,,,,,,,,,,,,,,,,,,,,,,0,,,,,,,07:00:00 24-Feb-2024,,,
252321,252321,0.500000,UT,,,20:24:09 11-Mar-2024,,3,-23.2848,151.7253,,,,,3170,,,,,,,,,,,,,,,,,,,,,,,,,,,,,,,0,,,,,,,07:00:00 24-Feb-2024,,,
252321,252321,0.500000,UT,,,20:29:31 11-Mar-2024,,3,-23.2848,151.7253,,,,,3175,,,,,,,,,,,,,,,,,,,,,,,,,,,,,,,0,,,,,,,07:00:00 24-Feb-2024,,,
252321,252321,0.500000,UT,,,20:29:50 11-Mar-2024,,3,-23.2848,151.7253,,,,,,3.325,,,,,,,,,,,,,,,,,,,,,,,,,,,,,,0,,,,,,,07:00:00 24-Feb-2024,,,
252321,252321,0.500000,UT,,,20:31:11 11-Mar-2024,,3,-23.2848,151.7253,,,,,,,,,26.25,,,,,,,,,,,,,,,,,,,,,,,,,,,0,,,,,,,07:00:00 24-Feb-2024,,,
252321,252321,0.500000,UT,,,20:32:35 11-Mar-2024,,3,-23.2848,151.7253,,,,,,3.350,,,,,,,,,,,,,,,,,,,,,,,,,,,,,,0,,,,,,,07:00:00 24-Feb-2024,,,
252321,252321,0.500000,UT,,,20:33:25 11-Mar-2024,,3,-23.2848,151.7253,,,,,,,,,26.20,,,,,,,,,,,,,,,,,,,,,,,,,,,0,,,,,,,07:00:00 24-Feb-2024,,,
252321,252321,0.500000,UT,,,20:33:40 11-Mar-2024,,3,-23.2848,151.7253,,,,,3185,,,,,,,,,,,,,,,,,,,,,,,,,,,,,,,0,,,,,,,07:00:00 24-Feb-2024,,,
252321,252321,0.500000,UT,,,20:34:38 11-Mar-2024,,3,-23.2848,151.7253,,,,,,,,,,,,,,,,,,,,,,,,,,,,,,,,,,,,0,,,,,,,07:00:00 24-Feb-2024,,,7311
252321,252321,0.500000,UT,,,20:35:08 11-Mar-2024,,3,-23.2848,151.7253,,,,,,,,,26.00,,,,,,,,,,,,,,,,,,,,,,,,,,,0,,,,,,,07:00:00 24-Feb-2024,,,
252321,252321,0.500000,UT,,,20:35:24 11-Mar-2024,,3,-23.2848,151.7253,,,,,3190,,,,,,,,,,,,,,,,,,,,,,,,,,,,,,,0,,,,,,,07:00:00 24-Feb-2024,,,
252321,252321,0.500000,UT,,,20:35:48 11-Mar-2024,,3,-23.2848,151.7253,,,,,,3.300,,,,,,,,,,,,,,,,,,,,,,,,,,,,,,0,,,,,,,07:00:00 24-Feb-2024,,,
252321,252321,0.500000,UT,1.00b,,20:36:18 11-Mar-2024,,3,-23.2848,151.7253,,0,,,,,,,,,,,,,,,,,,,,,,,,,,,,,,,,,,0,,,,,,,07:00:00 24-Feb-2024,,,
252321,252321,0.500000,UT,,,08:52:34 12-Mar-2024,,3,-23.2829,151.7477,,,,,,,,,26.95,,,,,,,,,,,,,,,,,,,,,,,,,,,0,,,,,,,07:00:00 24-Feb-2024,,,
252321,252321,0.500000,UT,,,08:52:55 12-Mar-2024,,3,-23.2829,151.7477,,,,,3215,,,,,,,,,,,,,,,,,,,,,,,,,,,,,,,0,,,,,,,07:00:00 24-Feb-2024,,,
252321,252321,0.500000,UT,,,08:53:10 12-Mar-2024,,3,-23.2829,151.7477,,,,,,3.375,,,,,,,,,,,,,,,,,,,,,,,,,,,,,,0,,,,,,,07:00:00 24-Feb-2024,,,
252321,252321,0.500000,UT,,08:56:55 12-Mar-2024,08:53:58 12-Mar-2024,-176,3,-23.2829,151.7477,CRC,,,,3219,3.375,,,26.80,,,,,,,,,,,,,,255,26,255,0,,,,,,,10,,,0,82,,,,,,07:00:00 24-Feb-2024,,,
252321,252321,0.500000,UT,,,08:54:14 12-Mar-2024,,3,-23.2829,151.7477,,,,,,,,,26.85,,,,,,,,,,,,,,,,,,,,,,,,,,,0,,,,,,,07:00:00 24-Feb-2024,,,
252321,252321,0.500000,UT,,,08:54:31 12-Mar-2024,,3,-23.2829,151.7477,,,,,3221,,,,,,,,,,,,,,,,,,,,,,,,,,,,,,,0,,,,,,,07:00:00 24-Feb-2024,,,
252321,252321,0.500000,UT,,,08:54:47 12-Mar-2024,,3,-23.2829,151.7477,,,,,,3.300,,,,,,,,,,,,,,,,,,,,,,,,,,,,,,0,,,,,,,07:00:00 24-Feb-2024,,,
252321,252321,0.500000,UT,1.00b,,08:55:03 12-Mar-2024,,2,-23.2935,151.7462,,0,,,,,,,,,,,,,,,,,,,,,,,,,,,,,,,,,,0,,,,,,,07:00:00 24-Feb-2024,,,
252321,252321,0.500000,UT,,,08:55:52 12-Mar-2024,,3,-23.2829,151.7477,,,,,3226,,,,,,,,,,,,,,,,,,,,,,,,,,,,,,,0,,,,,,,07:00:00 24-Feb-2024,,,
252321,252321,0.500000,UT,,,08:56:21 12-Mar-2024,,3,-23.2829,151.7477,,,,,,3.350,,,,,,,,,,,,,,,,,,,,,,,,,,,,,,0,,,,,,,07:00:00 24-Feb-2024,,,
252321,252321,0.500000,UT,,,08:57:23 12-Mar-2024,,3,-23.2829,151.7477,,,,,,,,,,,,,,,,,,,,,,,,,,,,,,,,,,,,0,,,,,,,07:00:00 24-Feb-2024,,,7311
252321,252321,0.500000,UT,,,08:57:42 12-Mar-2024,,3,-23.2829,151.7477,,,,,,,,,26.80,,,,,,,,,,,,,,,,,,,,,,,,,,,0,,,,,,,07:00:00 24-Feb-2024,,,
252321,252321,0.500000,UT,,,08:58:15 12-Mar-2024,,2,-23.2935,151.7462,,,,,3231,,,,,,,,,,,,,,,,,,,,,,,,,,,,,,,0,,,,,,,07:00:00 24-Feb-2024,,,
252321,252321,0.500000,UT,,,08:58:58 12-Mar-2024,,3,-23.2829,151.7477,,,,,,3.250,,,,,,,,,,,,,,,,,,,,,,,,,,,,,,0,,,,,,,07:00:00 24-Feb-2024,,,
252321,252321,0.500000,UT,1.00b,,08:59:35 12-Mar-2024,,3,-23.2829,151.7477,,0,,,,,,,,,,,,,,,,,,,,,,,,,,,,,,,,,,0,,,,,,,07:00:00 24-Feb-2024,,,
252321,252321,0.500000,UT,,,08:59:50 12-Mar-2024,,2,-23.2935,151.7462,,,,,,,,,,,,,,,,,,,,,,,,,,,,,,,,,,,,0,,,,,,,07:00:00 24-Feb-2024,,,7311
252321,252321,0.500000,UT,,,09:00:08 12-Mar-2024,,3,-23.2829,151.7477,,,,,,,,,27.00,,,,,,,,,,,,,,,,,,,,,,,,,,,0,,,,,,,07:00:00 24-Feb-2024,,,
252321,252321,0.500000,UT,,,09:00:41 12-Mar-2024,,2,-23.2935,151.7462,,,,,,3.325,,,,,,,,,,,,,,,,,,,,,,,,,,,,,,0,,,,,,,07:00:00 24-Feb-2024,,,
252321,252321,0.500000,UT,1.00b,,09:01:17 12-Mar-2024,,2,-23.2935,151.7462,,0,,,,,,,,,,,,,,,,,,,,,,,,,,,,,,,,,,0,,,,,,,07:00:00 24-Feb-2024,,,
252321,252321,0.500000,UT,,,01:57:15 15-Mar-2024,,3,-23.2926,151.7142,,,,,,,,,27.95,,,,,,,,,,,,,,,,,,,,,,,,,,,0,,,,,,,07:00:00 24-Feb-2024,,,
252321,252321,0.500000,UT,,,01:57:39 15-Mar-2024,,3,-23.2926,151.7142,,,,,3364,,,,,,,,,,,,,,,,,,,,,,,,,,,,,,,0,,,,,,,07:00:00 24-Feb-2024,,,
252321,252321,0.500000,UT,,,01:58:47 15-Mar-2024,,3,-23.2926,151.7142,,,,,,,,,28.10,,,,,,,,,,,,,,,,,,,,,,,,,,,0,,,,,,,07:00:00 24-Feb-2024,,,
252321,252321,0.500000,UT,,02:02:07 15-Mar-2024,01:59:04 15-Mar-2024,-182,3,-23.2926,151.7142,CRC,,,,3369,3.275,,,28.05,,,,,,,,,,,,,,255,26,255,0,,,,,,,22,,,0,74,,,,,,07:00:00 24-Feb-2024,,,
252321,252321,0.500000,UT,,,01:59:46 15-Mar-2024,,3,-23.2926,151.7142,,,,,3370,,,,,,,,,,,,,,,,,,,,,,,,,,,,,,,0,,,,,,,07:00:00 24-Feb-2024,,,
252321,252321,0.500000,UT,,,02:00:01 15-Mar-2024,,3,-23.2926,151.7142,,,,,,3.350,,,,,,,,,,,,,,,,,,,,,,,,,,,,,,0,,,,,,,07:00:00 24-Feb-2024,,,
252321,252321,0.500000,UT,1.00b,,02:00:17 15-Mar-2024,,2,-23.2886,151.7091,,0,,,,,,,,,,,,,,,,,,,,,,,,,,,,,,,,,,0,,,,,,,07:00:00 24-Feb-2024,,,
252321,252321,0.500000,UT,,,02:00:32 15-Mar-2024,,2,-23.2886,151.7091,,,,,,,,,,,,,,,,,,,,,,,,,,,,,,,,,,,,0,,,,,,,07:00:00 24-Feb-2024,,,7311
252321,252321,0.500000,UT,,,02:01:14 15-Mar-2024,,3,-23.2926,151.7142,,,,,3375,,,,,,,,,,,,,,,,,,,,,,,,,,,,,,,0,,,,,,,07:00:00 24-Feb-2024,,,
252321,252321,0.500000,UT,,,02:02:16 15-Mar-2024,,3,-23.2926,151.7142,,,,,,,,,28.20,,,,,,,,,,,,,,,,,,,,,,,,,,,0,,,,,,,07:00:00 24-Feb-2024,,,
252321,252321,0.500000,UT,,,02:02:36 15-Mar-2024,,3,-23.2926,151.7142,,,,,3380,,,,,,,,,,,,,,,,,,,,,,,,,,,,,,,0,,,,,,,07:00:00 24-Feb-2024,,,
252321,252321,0.500000,UT,,,02:02:52 15-Mar-2024,,3,-23.2926,151.7142,,,,,,3.300,,,,,,,,,,,,,,,,,,,,,,,,,,,,,,0,,,,,,,07:00:00 24-Feb-2024,,,
252321,252321,0.500000,UT,1.00b,,02:03:09 15-Mar-2024,,3,-23.2926,151.7142,,0,,,,,,,,,,,,,,,,,,,,,,,,,,,,,,,,,,0,,,,,,,07:00:00 24-Feb-2024,,,
252321,252321,0.500000,UT,,,02:03:24 15-Mar-2024,,3,-23.2926,151.7142,,,,,,,,,,,,,,,,,,,,,,,,,,,,,,,,,,,,0,,,,,,,07:00:00 24-Feb-2024,,,7311
252321,252321,0.500000,UT,1.00b,,06:17:16 19-Mar-2024,,B,-23.2911,151.7432,,0,,,,,,,,,,,,,,,,,,,,,,,,,,,,,,,,,,0,,,,,,,07:00:00 24-Feb-2024,,,
252321,252321,0.500000,UT,,06:23:41 19-Mar-2024,06:20:29 19-Mar-2024,-191,B,-23.2911,151.7432,CRC,,,,3469,3.350,,,28.95,,,,,,,,,,,,,,177,25,255,0,,,,,,,24,,,0,89,,,,,,07:00:00 24-Feb-2024,,,
252321,252321,0.500000,UT,,,06:54:18 19-Mar-2024,,3,-23.2971,151.7237,,,,,,3.325,,,,,,,,,,,,,,,,,,,,,,,,,,,,,,0,,,,,,,07:00:00 24-Feb-2024,,,
252321,252321,0.500000,UT,1.00b,,06:54:34 19-Mar-2024,,3,-23.2971,151.7237,,0,,,,,,,,,,,,,,,,,,,,,,,,,,,,,,,,,,0,,,,,,,07:00:00 24-Feb-2024,,,
252321,252321,0.500000,UT,,,06:58:03 19-Mar-2024,,3,-23.2971,151.7237,,,,,,,,,,,,,,,,,,,,,,,,,,,,,,,,,,,,0,,,,,,,07:00:00 24-Feb-2024,,,7311
252321,252321,0.500000,UT,,,07:15:02 20-Mar-2024,,1,-23.2985,151.7011,,,,,3538,,,,,,,,,,,,,,,,,,,,,,,,,,,,,,,0,,,,,,,07:00:00 24-Feb-2024,,,
252321,252321,0.500000,UT,,,07:15:17 20-Mar-2024,,1,-23.2985,151.7011,,,,,,3.375,,,,,,,,,,,,,,,,,,,,,,,,,,,,,,0,,,,,,,07:00:00 24-Feb-2024,,,
252321,252321,0.500000,UT,1.00b,,07:15:57 20-Mar-2024,,1,-23.2985,151.7011,,0,,,,,,,,,,,,,,,,,,,,,,,,,,,,,,,,,,0,,,,,,,07:00:00 24-Feb-2024,,,
252321,252321,0.500000,UT,,,07:18:43 20-Mar-2024,,1,-23.2985,151.7011,,,,,,,,,29.60,,,,,,,,,,,,,,,,,,,,,,,,,,,0,,,,,,,07:00:00 24-Feb-2024,,,
252321,252321,0.500000,UT,1.00b,,07:58:31 20-Mar-2024,,0,-23.2963,151.6982,,0,,,,,,,,,,,,,,,,,,,,,,,,,,,,,,,,,,0,,,,,,,07:00:00 24-Feb-2024,,,
252321,252321,0.500000,UT,,,07:59:13 20-Mar-2024,,0,-23.2963,151.6982,,,,,,,,,,,,,,,,,,,,,,,,,,,,,,,,,,,,0,,,,,,,07:00:00 24-Feb-2024,,,7311
252321,252321,0.500000,UT,,,07:59:38 20-Mar-2024,,0,-23.2963,151.6982,,,,,,,,,30.10,,,,,,,,,,,,,,,,,,,,,,,,,,,0,,,,,,,07:00:00 24-Feb-2024,,,
252321,252321,0.500000,UT,,,08:00:15 20-Mar-2024,,0,-23.2963,151.6982,,,,,3568,,,,,,,,,,,,,,,,,,,,,,,,,,,,,,,0,,,,,,,07:00:00 24-Feb-2024,,,
252321,252321,0.500000,UT,,,08:21:28 20-Mar-2024,,2,-23.2980,151.7022,,,,,,3.350,,,,,,,,,,,,,,,,,,,,,,,,,,,,,,0,,,,,,,07:00:00 24-Feb-2024,,,
252321,252321,0.500000,UT,,,06:19:56 21-Mar-2024,,0,-23.3260,151.7308,,,,,,,,,,,,,,,,,,,,,,,,,,,,,,,,,,,,0,,,,,,,07:00:00 24-Feb-2024,,,7311
252321,252321,0.500000,UT,,,06:20:11 21-Mar-2024,,0,-23.3260,151.7308,,,,,,,,,27.95,,,,,,,,,,,,,,,,,,,,,,,,,,,0,,,,,,,07:00:00 24-Feb-2024,,,
252321,252321,0.500000,UT,,,06:20:26 21-Mar-2024,,0,-23.3260,151.7308,,,,,3625,,,,,,,,,,,,,,,,,,,,,,,,,,,,,,,0,,,,,,,07:00:00 24-Feb-2024,,,
252321,252321,0.500000,UT,,,06:21:27 21-Mar-2024,,0,-23.3260,151.7308,,,,,,,,,27.80,,,,,,,,,,,,,,,,,,,,,,,,,,,0,,,,,,,07:00:00 24-Feb-2024,,,
252321,252321,0.500000,UT,,,06:21:58 21-Mar-2024,,0,-23.3260,151.7308,,,,,,3.375,,,,,,,,,,,,,,,,,,,,,,,,,,,,,,0,,,,,,,07:00:00 24-Feb-2024,,,
252321,252321,0.500000,UT,1.00b,,06:22:16 21-Mar-2024,,0,-23.3260,151.7308,,0,,,,,,,,,,,,,,,,,,,,,,,,,,,,,,,,,,0,,,,,,,07:00:00 24-Feb-2024,,,
252321,252321,0.500000,UT,,,06:22:51 21-Mar-2024,,0,-23.3260,151.7308,,,,,,,,,29.50,,,,,,,,,,,,,,,,,,,,,,,,,,,0,,,,,,,07:00:00 24-Feb-2024,,,
252321,252321,0.500000,UT,,,06:29:46 21-Mar-2024,,2,-23.2890,151.7319,,,,,1353,,,,,,,,,,,,,,,,,,,,,,,,,,,,,,,0,,,,,,,07:00:00 24-Feb-2024,,,
252321,252321,0.500000,UT,,,06:30:01 21-Mar-2024,,2,-23.2890,151.7319,,,,,3656,,,,,,,,,,,,,,,,,,,,,,,,,,,,,,,0,,,,,,,07:00:00 24-Feb-2024,,,
252321,252321,0.500000,UT,,,06:30:16 21-Mar-2024,,2,-23.2890,151.7319,,,,,,3.375,,,,,,,,,,,,,,,,,,,,,,,,,,,,,,0,,,,,,,07:00:00 24-Feb-2024,,,
252321,252321,0.500000,UT,,,06:31:17 21-Mar-2024,,2,-23.2890,151.7319,,,,,3661,,,,,,,,,,,,,,,,,,,,,,,,,,,,,,,0,,,,,,,07:00:00 24-Feb-2024,,,
252321,252321,0.500000,UT,,,06:32:18 21-Mar-2024,,2,-23.2890,151.7319,,,,,,,,,27.40,,,,,,,,,,,,,,,,,,,,,,,,,,,0,,,,,,,07:00:00 24-Feb-2024,,,
252321,252321,0.500000,UT,,,06:32:33 21-Mar-2024,,2,-23.2890,151.7319,,,,,3666,,,,,,,,,,,,,,,,,,,,,,,,,,,,,,,0,,,,,,,07:00:00 24-Feb-2024,,,
252321,252321,0.500000,UT,,,06:32:48 21-Mar-2024,,2,-23.2890,151.7319,,,,,,3.350,,,,,,,,,,,,,,,,,,,,,,,,,,,,,,0,,,,,,,07:00:00 24-Feb-2024,,,
252321,252321,0.500000,UT,,,06:33:55 21-Mar-2024,,2,-23.2890,151.7319,,,,,,,,,27.65,,,,,,,,,,,,,,,,,,,,,,,,,,,0,,,,,,,07:00:00 24-Feb-2024,,,
252321,252321,0.500000,UT,,,06:34:10 21-Mar-2024,,2,-23.2890,151.7319,,,,,3672,,,,,,,,,,,,,,,,,,,,,,,,,,,,,,,0,,,,,,,07:00:00 24-Feb-2024,,,
252321,252321,0.500000,UT,,,06:35:21 21-Mar-2024,,2,-23.2890,151.7319,,,,,,,,,27.85,,,,,,,,,,,,,,,,,,,,,,,,,,,0,,,,,,,07:00:00 24-Feb-2024,,,
252321,252321,0.500000,UT,,,06:37:50 21-Mar-2024,,2,-23.2890,151.7319,,,,,,3.250,,,,,,,,,,,,,,,,,,,,,,,,,,,,,,0,,,,,,,07:00:00 24-Feb-2024,,,
252321,252321,0.500000,UT,,,06:38:35 21-Mar-2024,,2,-23.2890,151.7319,,,,,,,,,28.00,,,,,,,,,,,,,,,,,,,,,,,,,,,0,,,,,,,07:00:00 24-Feb-2024,,,
252321,252321,0.500000,UT,,,06:38:50 21-Mar-2024,,2,-23.2890,151.7319,,,,,3687,,,,,,,,,,,,,,,,,,,,,,,,,,,,,,,0,,,,,,,07:00:00 24-Feb-2024,,,
252321,252321,0.500000,UT,,,06:39:52 21-Mar-2024,,2,-23.2890,151.7319,,,,,,,,,28.10,,,,,,,,,,,,,,,,,,,,,,,,,,,0,,,,,,,07:00:00 24-Feb-2024,,,
252321,252321,0.500000,UT,,,06:40:07 21-Mar-2024,,2,-23.2890,151.7319,,,,,3692,,,,,,,,,,,,,,,,,,,,,,,,,,,,,,,0,,,,,,,07:00:00 24-Feb-2024,,,
252321,252321,0.500000,UT,,,06:40:22 21-Mar-2024,,2,-23.2890,151.7319,,,,,,3.300,,,,,,,,,,,,,,,,,,,,,,,,,,,,,,0,,,,,,,07:00:00 24-Feb-2024,,,
252321,252321,0.500000,UT,1.00b,,06:40:53 21-Mar-2024,,2,-23.2890,151.7319,,0,,,,,,,,,,,,,,,,,,,,,,,,,,,,,,,,,,0,,,,,,,07:00:00 24-Feb-2024,,,
252321,252321,0.500000,UT,,,06:41:08 21-Mar-2024,,2,-23.2890,151.7319,,,,,,,,,,,,,,,,,,,,,,,,,,,,,,,,,,,,0,,,,,,,07:00:00 24-Feb-2024,,,7311
252321,252321,0.500000,UT,,,06:41:23 21-Mar-2024,,2,-23.2890,151.7319,,,,,,,,,28.20,,,,,,,,,,,,,,,,,,,,,,,,,,,0,,,,,,,07:00:00 24-Feb-2024,,,
252321,252321,0.500000,UT,,,06:41:38 21-Mar-2024,,2,-23.2890,151.7319,,,,,3698,,,,,,,,,,,,,,,,,,,,,,,,,,,,,,,0,,,,,,,07:00:00 24-Feb-2024,,,
252321,252321,0.500000,UT,,,07:26:01 21-Mar-2024,,0,-23.2898,151.6778,,,,,,,,,28.60,,,,,,,,,,,,,,,,,,,,,,,,,,,0,,,,,,,07:00:00 24-Feb-2024,,,
252321,252321,0.500000,UT,,,07:26:17 21-Mar-2024,,0,-23.2898,151.6778,,,,,3747,,,,,,,,,,,,,,,,,,,,,,,,,,,,,,,0,,,,,,,07:00:00 24-Feb-2024,,,
252321,252321,0.500000,UT,,,07:27:04 21-Mar-2024,,0,-23.2898,151.6778,,,,,,3.325,,,,,,,,,,,,,,,,,,,,,,,,,,,,,,0,,,,,,,07:00:00 24-Feb-2024,,,
252321,252321,0.500000,UT,,,07:29:49 21-Mar-2024,,0,-23.2898,151.6778,,,,,3752,,,,,,,,,,,,,,,,,,,,,,,,,,,,,,,0,,,,,,,07:00:00 24-Feb-2024,,,
252321,252321,0.500000,UT,,,07:30:37 21-Mar-2024,,0,-23.2898,151.6778,,,,,,,,,,,,,,,,,,,,,,,,,,,,,,,,,,,,0,,,,,,,07:00:00 24-Feb-2024,,,7311
252321,252321,0.500000,UT,,,07:30:57 21-Mar-2024,,0,-23.2898,151.6778,,,,,,,,,29.15,,,,,,,,,,,,,,,,,,,,,,,,,,,0,,,,,,,07:00:00 24-Feb-2024,,,
252321,252321,0.500000,UT,,,07:31:12 21-Mar-2024,,0,-23.2898,151.6778,,,,,3757,,,,,,,,,,,,,,,,,,,,,,,,,,,,,,,0,,,,,,,07:00:00 24-Feb-2024,,,
252321,252321,0.500000,UT,,,07:35:22 21-Mar-2024,,0,-23.2898,151.6778,,,,,,,,,29.40,,,,,,,,,,,,,,,,,,,,,,,,,,,0,,,,,,,07:00:00 24-Feb-2024,,,
252321,252321,0.500000,UT,,,07:35:57 21-Mar-2024,,0,-23.2898,151.6778,,,,,3762,,,,,,,,,,,,,,,,,,,,,,,,,,,,,,,0,,,,,,,07:00:00 24-Feb-2024,,,
252321,252321,0.500000,UT,,,07:36:17 21-Mar-2024,,0,-23.2898,151.6778,,,,,,3.375,,,,,,,,,,,,,,,,,,,,,,,,,,,,,,0,,,,,,,07:00:00 24-Feb-2024,,,
252321,252321,0.500000,UT,1.00b,,07:36:43 21-Mar-2024,,0,-23.2898,151.6778,,0,,,,,,,,,,,,,,,,,,,,,,,,,,,,,,,,,,0,,,,,,,07:00:00 24-Feb-2024,,,
252321,252321,0.500000,UT,,,07:37:32 21-Mar-2024,,0,-23.2898,151.6778,,,,,,,,,29.95,,,,,,,,,,,,,,,,,,,,,,,,,,,0,,,,,,,07:00:00 24-Feb-2024,,,
252321,252321,0.500000,UT,,,07:38:27 21-Mar-2024,,0,-23.2898,151.6778,,,,,,3.350,,,,,,,,,,,,,,,,,,,,,,,,,,,,,,0,,,,,,,07:00:00 24-Feb-2024,,,
252321,252321,0.500000,UT,,,17:35:35 21-Mar-2024,,2,-23.2857,151.7894,,,,,,,,,24.80,,,,,,,,,,,,,,,,,,,,,,,,,,,0,,,,,,,07:00:00 24-Feb-2024,,,
252321,252321,0.500000,UT,,,17:36:24 21-Mar-2024,,2,-23.2857,151.7894,,,,,3806,,,,,,,,,,,,,,,,,,,,,,,,,,,,,,,0,,,,,,,07:00:00 24-Feb-2024,,,
252321,252321,0.500000,UT,,,17:37:20 21-Mar-2024,,2,-23.2857,151.7894,,,,,,3.325,,,,,,,,,,,,,,,,,,,,,,,,,,,,,,0,,,,,,,07:00:00 24-Feb-2024,,,
252321,252321,0.500000,UT,,,17:38:58 21-Mar-2024,,2,-23.2857,151.7894,,,,,,,,,25.10,,,,,,,,,,,,,,,,,,,,,,,,,,,0,,,,,,,07:00:00 24-Feb-2024,,,
252321,252321,0.500000,UT,,,17:39:41 21-Mar-2024,,2,-23.2857,151.7894,,,,,3811,,,,,,,,,,,,,,,,,,,,,,,,,,,,,,,0,,,,,,,07:00:00 24-Feb-2024,,,
252321,252321,0.500000,UT,,,17:40:02 21-Mar-2024,,2,-23.2857,151.7894,,,,,,3.300,,,,,,,,,,,,,,,,,,,,,,,,,,,,,,0,,,,,,,07:00:00 24-Feb-2024,,,
252321,252321,0.500000,UT,,,17:41:14 21-Mar-2024,,2,-23.2857,151.7894,,,,,,,,,25.60,,,,,,,,,,,,,,,,,,,,,,,,,,,0,,,,,,,07:00:00 24-Feb-2024,,,
252321,252321,0.500000,UT,,,17:41:29 21-Mar-2024,,2,-23.2857,151.7894,,,,,3816,,,,,,,,,,,,,,,,,,,,,,,,,,,,,,,0,,,,,,,07:00:00 24-Feb-2024,,,
252321,252321,0.500000,UT,,,17:41:44 21-Mar-2024,,2,-23.2857,151.7894,,,,,,3.275,,,,,,,,,,,,,,,,,,,,,,,,,,,,,,0,,,,,,,07:00:00 24-Feb-2024,,,
252321,252321,0.500000,UT,1.00b,,17:42:01 21-Mar-2024,,2,-23.2857,151.7894,,0,,,,,,,,,,,,,,,,,,,,,,,,,,,,,,,,,,0,,,,,,,07:00:00 24-Feb-2024,,,
252321,252321,0.500000,UT,,17:46:32 21-Mar-2024,17:43:14 21-Mar-2024,-197,2,-23.2857,151.7894,CRC,,,,3819,3.325,,,25.70,,,,,,,,,,,,,,254,23,255,0,,,,,,,8,,,0,71,,,,,,07:00:00 24-Feb-2024,,,
252321,252321,0.500000,UT,,,17:43:30 21-Mar-2024,,2,-23.2857,151.7894,,,,,,,,,,,,,,,,,,,,,,,,,,,,,,,,,,,,0,,,,,,,07:00:00 24-Feb-2024,,,7311
252321,252321,0.500000,UT,,,18:13:09 21-Mar-2024,,0,-23.2493,151.7474,,,,,3860,,,,,,,,,,,,,,,,,,,,,,,,,,,,,,,0,,,,,,,07:00:00 24-Feb-2024,,,
252321,252321,0.500000,UT,,,18:13:24 21-Mar-2024,,0,-23.2493,151.7474,,,,,,3.325,,,,,,,,,,,,,,,,,,,,,,,,,,,,,,0,,,,,,,07:00:00 24-Feb-2024,,,
252321,252321,0.500000,UT,1.00b,,18:13:39 21-Mar-2024,,0,-23.2493,151.7474,,0,,,,,,,,,,,,,,,,,,,,,,,,,,,,,,,,,,0,,,,,,,07:00:00 24-Feb-2024,,,
252321,252321,0.500000,UT,,,18:14:09 21-Mar-2024,,0,-23.2493,151.7474,,,,,,,,,25.05,,,,,,,,,,,,,,,,,,,,,,,,,,,0,,,,,,,07:00:00 24-Feb-2024,,,
252321,252321,0.500000,UT,,,18:14:24 21-Mar-2024,,0,-23.2493,151.7474,,,,,3865,,,,,,,,,,,,,,,,,,,,,,,,,,,,,,,0,,,,,,,07:00:00 24-Feb-2024,,,
252321,252321,0.500000,UT,,,18:14:39 21-Mar-2024,,0,-23.2493,151.7474,,,,,,3.350,,,,,,,,,,,,,,,,,,,,,,,,,,,,,,0,,,,,,,07:00:00 24-Feb-2024,,,
252321,252321,0.500000,UT,,,18:15:18 21-Mar-2024,,0,-23.2493,151.7474,,,,,,,,,,,,,,,,,,,,,,,,,,,,,,,,,,,,0,,,,,,,07:00:00 24-Feb-2024,,,7311
252321,252321,0.500000,UT,,18:19:25 21-Mar-2024,18:16:07 21-Mar-2024,-197,0,-23.2493,151.7474,CRC,,,,3869,3.325,,,24.45,,,,,,,,,,,,,,255,23,255,0,,,,,,,6,,,0,79,,,,,,07:00:00 24-Feb-2024,,,
252321,252321,0.500000,UT,,,18:31:16 22-Mar-2024,,3,-23.2925,151.6975,,,,,,,,,26.85,,,,,,,,,,,,,,,,,,,,,,,,,,,0,,,,,,,07:00:00 24-Feb-2024,,,
252321,252321,0.500000,UT,,,18:31:42 22-Mar-2024,,3,-23.2925,151.6975,,,,,3948,,,,,,,,,,,,,,,,,,,,,,,,,,,,,,,0,,,,,,,07:00:00 24-Feb-2024,,,
252321,252321,0.500000,UT,,,18:32:35 22-Mar-2024,,3,-23.2925,151.6975,,,,,,3.325,,,,,,,,,,,,,,,,,,,,,,,,,,,,,,0,,,,,,,07:00:00 24-Feb-2024,,,
252321,252321,0.500000,UT,,,18:33:30 22-Mar-2024,,3,-23.2925,151.6975,,,,,,,,,26.75,,,,,,,,,,,,,,,,,,,,,,,,,,,0,,,,,,,07:00:00 24-Feb-2024,,,
252321,252321,0.500000,UT,,,18:33:47 22-Mar-2024,,3,-23.2925,151.6975,,,,,3953,,,,,,,,,,,,,,,,,,,,,,,,,,,,,,,0,,,,,,,07:00:00 24-Feb-2024,,,
252321,252321,0.500000,UT,,,18:34:59 22-Mar-2024,,3,-23.2925,151.6975,,,,,,3.300,,,,,,,,,,,,,,,,,,,,,,,,,,,,,,0,,,,,,,07:00:00 24-Feb-2024,,,
252321,252321,0.500000,UT,,,18:35:45 22-Mar-2024,,3,-23.2925,151.6975,,,,,,,,,26.80,,,,,,,,,,,,,,,,,,,,,,,,,,,0,,,,,,,07:00:00 24-Feb-2024,,,
252321,252321,0.500000,UT,,,18:36:04 22-Mar-2024,,3,-23.2925,151.6975,,,,,3958,,,,,,,,,,,,,,,,,,,,,,,,,,,,,,,0,,,,,,,07:00:00 24-Feb-2024,,,
252321,252321,0.500000,UT,,,18:36:29 22-Mar-2024,,3,-23.2925,151.6975,,,,,,3.225,,,,,,,,,,,,,,,,,,,,,,,,,,,,,,0,,,,,,,07:00:00 24-Feb-2024,,,
252321,252321,0.500000,UT,,,18:37:47 22-Mar-2024,,3,-23.2925,151.6975,,,,,3963,,,,,,,,,,,,,,,,,,,,,,,,,,,,,,,0,,,,,,,07:00:00 24-Feb-2024,,,
252321,252321,0.500000,UT,,,18:40:27 22-Mar-2024,,3,-23.2925,151.6975,,,,,,,,,26.95,,,,,,,,,,,,,,,,,,,,,,,,,,,0,,,,,,,07:00:00 24-Feb-2024,,,
252321,252321,0.500000,UT,,,18:40:42 22-Mar-2024,,3,-23.2925,151.6975,,,,,3974,,,,,,,,,,,,,,,,,,,,,,,,,,,,,,,0,,,,,,,07:00:00 24-Feb-2024,,,
252321,252321,0.500000,UT,,,18:40:57 22-Mar-2024,,3,-23.2925,151.6975,,,,,,3.275,,,,,,,,,,,,,,,,,,,,,,,,,,,,,,0,,,,,,,07:00:00 24-Feb-2024,,,
252321,252321,0.500000,UT,1.00b,,18:41:12 22-Mar-2024,,3,-23.2925,151.6975,,0,,,,,,,,,,,,,,,,,,,,,,,,,,,,,,,,,,0,,,,,,,07:00:00 24-Feb-2024,,,
252321,252321,0.500000,UT,,,18:41:32 22-Mar-2024,,3,-23.2925,151.6975,,,,,,,,,,,,,,,,,,,,,,,,,,,,,,,,,,,,0,,,,,,,07:00:00 24-Feb-2024,,,7311
252321,252321,0.500000,UT,,,19:20:45 22-Mar-2024,,B,-23.2915,151.6979,,,,,,,,,26.85,,,,,,,,,,,,,,,,,,,,,,,,,,,0,,,,,,,07:00:00 24-Feb-2024,,,
252321,252321,0.500000,UT,,,08:05:43 23-Mar-2024,,3,-23.3041,151.7152,,,,,,,,,,,,,,,,,,,,,,,,,,,,,,,,,,,,0,,,,,,,07:00:00 24-Feb-2024,,,3215
252321,252321,0.500000,UT,,,08:05:58 23-Mar-2024,,3,-23.3041,151.7152,,,,,,,,,27.05,,,,,,,,,,,,,,,,,,,,,,,,,,,0,,,,,,,07:00:00 24-Feb-2024,,,
252321,252321,0.500000,UT,,,08:06:15 23-Mar-2024,,3,-23.3041,151.7152,,,,,4085,,,,,,,,,,,,,,,,,,,,,,,,,,,,,,,0,,,,,,,07:00:00 24-Feb-2024,,,
252321,252321,0.500000,UT,,,08:06:31 23-Mar-2024,,3,-23.3041,151.7152,,,,,,3.375,,,,,,,,,,,,,,,,,,,,,,,,,,,,,,0,,,,,,,07:00:00 24-Feb-2024,,,
252321,252321,0.500000,UT,,,08:07:17 23-Mar-2024,,3,-23.3041,151.7152,,,,,,,,,26.85,,,,,,,,,,,,,,,,,,,,,,,,,,,0,,,,,,,07:00:00 24-Feb-2024,,,
252321,252321,0.500000,UT,,,08:07:32 23-Mar-2024,,3,-23.3041,151.7152,,,,,4090,,,,,,,,,,,,,,,,,,,,,,,,,,,,,,,0,,,,,,,07:00:00 24-Feb-2024,,,
252321,252321,0.500000,UT,1.00b,,08:08:10 23-Mar-2024,,3,-23.3041,151.7152,,0,,,,,,,,,,,,,,,,,,,,,,,,,,,,,,,,,,0,,,,,,,07:00:00 24-Feb-2024,,,
252321,252321,0.500000,UT,,,08:10:09 23-Mar-2024,,3,-23.3041,151.7152,,,,,,,,,26.75,,,,,,,,,,,,,,,,,,,,,,,,,,,0,,,,,,,07:00:00 24-Feb-2024,,,
252321,252321,0.500000,UT,,,08:10:24 23-Mar-2024,,3,-23.3041,151.7152,,,,,4096,,,,,,,,,,,,,,,,,,,,,,,,,,,,,,,0,,,,,,,07:00:00 24-Feb-2024,,,
252321,252321,0.500000,UT,,,08:10:41 23-Mar-2024,,3,-23.3041,151.7152,,,,,,3.300,,,,,,,,,,,,,,,,,,,,,,,,,,,,,,0,,,,,,,07:00:00 24-Feb-2024,,,
252321,252321,0.500000,UT,,,08:11:42 23-Mar-2024,,3,-23.3041,151.7152,,,,,,,,,,,,,,,,,,,,,,,,,,,,,,,,,,,,0,,,,,,,07:00:00 24-Feb-2024,,,7311
252321,252321,0.500000,UT,,,08:11:57 23-Mar-2024,,3,-23.3041,151.7152,,,,,,,,,26.60,,,,,,,,,,,,,,,,,,,,,,,,,,,0,,,,,,,07:00:00 24-Feb-2024,,,
252321,252321,0.500000,UT,,,08:12:32 23-Mar-2024,,3,-23.3041,151.7152,,,,,4101,,,,,,,,,,,,,,,,,,,,,,,,,,,,,,,0,,,,,,,07:00:00 24-Feb-2024,,,
252321,252321,0.500000,UT,,,08:12:48 23-Mar-2024,,3,-23.3041,151.7152,,,,,,3.325,,,,,,,,,,,,,,,,,,,,,,,,,,,,,,0,,,,,,,07:00:00 24-Feb-2024,,,
252321,252321,0.500000,UT,1.64j,,08:13:50 23-Mar-2024,,3,-23.3041,151.7152,,0,,,,,,,,,,,,,,,,,,,,,,,,,,,,,,,,,,0,,,,,,,07:00:00 24-Feb-2024,,,
252321,252321,0.500000,UT,1.00b,,22:23:10 24-Mar-2024,,,,,,0,,,,,,,,,,,,,,,,,,,,,,,,,,,,,,,,,,0,,,,,,,07:00:00 24-Feb-2024,,,
252321,252321,0.500000,UT,,,08:21:02 25-Mar-2024,,2,-23.2829,151.7302,,,,,,,,,,,,,,,,,,,,,,,,,,,,,,,,,,,,0,,,,,,,07:00:00 24-Feb-2024,,,7311
252321,252321,0.500000,UT,,,08:21:40 25-Mar-2024,,2,-23.2829,151.7302,,,,,,,,,27.55,,,,,,,,,,,,,,,,,,,,,,,,,,,0,,,,,,,07:00:00 24-Feb-2024,,,
252321,252321,0.500000,UT,,,09:52:02 25-Mar-2024,,B,-23.2991,151.7370,,,,,,3.300,,,,,,,,,,,,,,,,,,,,,,,,,,,,,,0,,,,,,,07:00:00 24-Feb-2024,,,
252321,252321,0.500000,UT,1.00b,,09:56:59 25-Mar-2024,,B,-23.2991,151.7370,,0,,,,,,,,,,,,,,,,,,,,,,,,,,,,,,,,,,0,,,,,,,07:00:00 24-Feb-2024,,,
252321,252321,0.500000,UT,,,10:58:18 25-Mar-2024,,B,-23.3020,151.7391,,,,,,,,,27.05,,,,,,,,,,,,,,,,,,,,,,,,,,,0,,,,,,,07:00:00 24-Feb-2024,,,
252321,252321,0.500000,UT,,,13:16:38 25-Mar-2024,,3,-23.3033,151.7129,,,,,4216,,,,,,,,,,,,,,,,,,,,,,,,,,,,,,,0,,,,,,,07:00:00 24-Feb-2024,,,
252321,252321,0.500000,UT,,,13:17:32 25-Mar-2024,,3,-23.3033,151.7129,,,,,,3.325,,,,,,,,,,,,,,,,,,,,,,,,,,,,,,0,,,,,,,07:00:00 24-Feb-2024,,,
252321,252321,0.500000,UT,1.00b,,13:18:01 25-Mar-2024,,3,-23.3033,151.7129,,0,,,,,,,,,,,,,,,,,,,,,,,,,,,,,,,,,,0,,,,,,,07:00:00 24-Feb-2024,,,
252321,252321,0.500000,UT,,,19:22:52 25-Mar-2024,,3,-23.2871,151.7246,,,,,,,,,26.55,,,,,,,,,,,,,,,,,,,,,,,,,,,0,,,,,,,07:00:00 24-Feb-2024,,,
252321,252321,0.500000,UT,,,19:23:09 25-Mar-2024,,3,-23.2871,151.7246,,,,,4281,,,,,,,,,,,,,,,,,,,,,,,,,,,,,,,0,,,,,,,07:00:00 24-Feb-2024,,,
252321,252321,0.500000,UT,,,19:23:27 25-Mar-2024,,3,-23.2871,151.7246,,,,,,3.350,,,,,,,,,,,,,,,,,,,,,,,,,,,,,,0,,,,,,,07:00:00 24-Feb-2024,,,
252321,252321,0.500000,UT,,,19:24:44 25-Mar-2024,,3,-23.2871,151.7246,,,,,,,,,26.60,,,,,,,,,,,,,,,,,,,,,,,,,,,0,,,,,,,07:00:00 24-Feb-2024,,,
252321,252321,0.500000,UT,,,19:25:02 25-Mar-2024,,3,-23.2871,151.7246,,,,,4286,,,,,,,,,,,,,,,,,,,,,,,,,,,,,,,0,,,,,,,07:00:00 24-Feb-2024,,,
252321,252321,0.500000,UT,1.00b,,19:29:43 25-Mar-2024,,3,-23.2871,151.7246,,0,,,,,,,,,,,,,,,,,,,,,,,,,,,,,,,,,,0,,,,,,,07:00:00 24-Feb-2024,,,
252321,252321,0.500000,UT,,,19:32:13 25-Mar-2024,,3,-23.2871,151.7246,,,,,,,,,,,,,,,,,,,,,,,,,,,,,,,,,,,,0,,,,,,,07:00:00 24-Feb-2024,,,7311
252321,252321,0.500000,UT,,,19:32:50 25-Mar-2024,,3,-23.2871,151.7246,,,,,,,,,26.85,,,,,,,,,,,,,,,,,,,,,,,,,,,0,,,,,,,07:00:00 24-Feb-2024,,,
252321,252321,0.500000,UT,,,19:33:42 25-Mar-2024,,3,-23.2871,151.7246,,,,,4291,,,,,,,,,,,,,,,,,,,,,,,,,,,,,,,0,,,,,,,07:00:00 24-Feb-2024,,,
252321,252321,0.500000,UT,,,19:33:57 25-Mar-2024,,3,-23.2871,151.7246,,,,,,3.250,,,,,,,,,,,,,,,,,,,,,,,,,,,,,,0,,,,,,,07:00:00 24-Feb-2024,,,
252321,252321,0.500000,UT,,19:39:05 25-Mar-2024,19:35:38 25-Mar-2024,-206,3,-23.2853,151.7258,CRC,,,,4294,3.300,,,26.85,,,,,,,,,,,,,,86,24,255,0,,,,,,,7,,,0,87,,,,,,07:00:00 24-Feb-2024,,,
252321,252321,0.500000,UT,,,19:35:54 25-Mar-2024,,3,-23.2853,151.7258,,,,,,,,,,,,,,,,,,,,,,,,,,,,,,,,,,,,0,,,,,,,07:00:00 24-Feb-2024,,,7311
252321,252321,0.500000,UT,,,19:36:09 25-Mar-2024,,3,-23.2853,151.7258,,,,,,,,,26.90,,,,,,,,,,,,,,,,,,,,,,,,,,,0,,,,,,,07:00:00 24-Feb-2024,,,
252321,252321,0.500000,UT,,,19:36:24 25-Mar-2024,,3,-23.2853,151.7258,,,,,4297,,,,,,,,,,,,,,,,,,,,,,,,,,,,,,,0,,,,,,,07:00:00 24-Feb-2024,,,
252321,252321,0.500000,UT,1.00b,,19:36:55 25-Mar-2024,,3,-23.2853,151.7258,,0,,,,,,,,,,,,,,,,,,,,,,,,,,,,,,,,,,0,,,,,,,07:00:00 24-Feb-2024,,,
252321,252321,0.500000,UT,,,19:37:25 25-Mar-2024,,3,-23.2853,151.7258,,,,,,,,,26.85,,,,,,,,,,,,,,,,,,,,,,,,,,,0,,,,,,,07:00:00 24-Feb-2024,,,
252321,252321,0.500000,UT,,,19:37:49 25-Mar-2024,,3,-23.2853,151.7258,,,,,4302,,,,,,,,,,,,,,,,,,,,,,,,,,,,,,,0,,,,,,,07:00:00 24-Feb-2024,,,
252321,252321,0.500000,UT,,,19:38:05 25-Mar-2024,,3,-23.2853,151.7258,,,,,,3.325,,,,,,,,,,,,,,,,,,,,,,,,,,,,,,0,,,,,,,07:00:00 24-Feb-2024,,,
252321,252321,0.500000,UT,,,19:46:23 25-Mar-2024,,3,-23.2836,151.7210,,,,,,,,,26.90,,,,,,,,,,,,,,,,,,,,,,,,,,,0,,,,,,,07:00:00 24-Feb-2024,,,
252321,252321,0.500000,UT,,,19:47:18 25-Mar-2024,,3,-23.2836,151.7210,,,,,,3.275,,,,,,,,,,,,,,,,,,,,,,,,,,,,,,0,,,,,,,07:00:00 24-Feb-2024,,,
252321,252321,0.500000,UT,,,19:48:03 25-Mar-2024,,3,-23.2836,151.7210,,,,,,,,,26.85,,,,,,,,,,,,,,,,,,,,,,,,,,,0,,,,,,,07:00:00 24-Feb-2024,,,
252321,252321,0.500000,UT,,,19:48:18 25-Mar-2024,,3,-23.2836,151.7210,,,,,4335,,,,,,,,,,,,,,,,,,,,,,,,,,,,,,,0,,,,,,,07:00:00 24-Feb-2024,,,
252321,252321,0.500000,UT,,,19:49:33 25-Mar-2024,,3,-23.2836,151.7210,,,,,4340,,,,,,,,,,,,,,,,,,,,,,,,,,,,,,,0,,,,,,,07:00:00 24-Feb-2024,,,
252321,252321,0.500000,UT,,,19:50:50 25-Mar-2024,,3,-23.2836,151.7210,,,,,,,,,26.75,,,,,,,,,,,,,,,,,,,,,,,,,,,0,,,,,,,07:00:00 24-Feb-2024,,,
252321,252321,0.500000,UT,,,19:51:13 25-Mar-2024,,3,-23.2836,151.7210,,,,,4346,,,,,,,,,,,,,,,,,,,,,,,,,,,,,,,0,,,,,,,07:00:00 24-Feb-2024,,,
252321,252321,0.500000,UT,,,19:52:40 25-Mar-2024,,3,-23.2836,151.7210,,,,,4351,,,,,,,,,,,,,,,,,,,,,,,,,,,,,,,0,,,,,,,07:00:00 24-Feb-2024,,,
252321,252321,0.500000,UT,,,19:53:58 25-Mar-2024,,3,-23.2836,151.7210,,,,,4356,,,,,,,,,,,,,,,,,,,,,,,,,,,,,,,0,,,,,,,07:00:00 24-Feb-2024,,,
252321,252321,0.500000,UT,,,19:55:21 25-Mar-2024,,3,-23.2836,151.7210,,,,,4361,,,,,,,,,,,,,,,,,,,,,,,,,,,,,,,0,,,,,,,07:00:00 24-Feb-2024,,,
252321,252321,0.500000,UT,,,19:55:36 25-Mar-2024,,3,-23.2836,151.7210,,,,,,3.375,,,,,,,,,,,,,,,,,,,,,,,,,,,,,,0,,,,,,,07:00:00 24-Feb-2024,,,
252321,252321,0.500000,UT,,,19:56:07 25-Mar-2024,,3,-23.2836,151.7210,,,,,,,,,,,,,,,,,,,,,,,,,,,,,,,,,,,,0,,,,,,,07:00:00 24-Feb-2024,,,7311
252321,252321,0.500000,UT,,,19:56:22 25-Mar-2024,,3,-23.2836,151.7210,,,,,,,,,26.95,,,,,,,,,,,,,,,,,,,,,,,,,,,0,,,,,,,07:00:00 24-Feb-2024,,,
252321,252321,0.500000,UT,,,19:56:37 25-Mar-2024,,3,-23.2836,151.7210,,,,,4366,,,,,,,,,,,,,,,,,,,,,,,,,,,,,,,0,,,,,,,07:00:00 24-Feb-2024,,,
252321,252321,0.500000,UT,,,19:56:53 25-Mar-2024,,3,-23.2836,151.7210,,,,,,3.300,,,,,,,,,,,,,,,,,,,,,,,,,,,,,,0,,,,,,,07:00:00 24-Feb-2024,,,
252321,252321,0.500000,UT,1.00b,,19:57:08 25-Mar-2024,,3,-23.2836,151.7210,,0,,,,,,,,,,,,,,,,,,,,,,,,,,,,,,,,,,0,,,,,,,07:00:00 24-Feb-2024,,,
252321,252321,0.500000,UT,1.00b,,21:49:01 25-Mar-2024,,B,-23.2842,151.7126,,0,,,,,,,,,,,,,,,,,,,,,,,,,,,,,,,,,,0,,,,,,,07:00:00 24-Feb-2024,,,
252321,252321,0.500000,UT,,,21:55:43 25-Mar-2024,,B,-23.2842,151.7126,,,,,,,,,,,,,,,,,,,,,,,,,,,,,,,,,,,,0,,,,,,,07:00:00 24-Feb-2024,,,7311
252321,252321,0.500000,UT,,15:43:30 26-Mar-2024,15:40:02 26-Mar-2024,-207,1,-23.2914,151.7047,CRC,,,,4594,3.350,,,27.05,,,,,,,,,,,,,,111,26,255,0,,,,,,,7,,,0,92,,,,,,07:00:00 24-Feb-2024,,,
252321,252321,0.500000,UT,,,15:40:17 26-Mar-2024,,1,-23.2914,151.7047,,,,,,3.325,,,,,,,,,,,,,,,,,,,,,,,,,,,,,,0,,,,,,,07:00:00 24-Feb-2024,,,
252321,252321,0.500000,UT,1.00b,,15:40:34 26-Mar-2024,,1,-23.2914,151.7047,,0,,,,,,,,,,,,,,,,,,,,,,,,,,,,,,,,,,0,,,,,,,07:00:00 24-Feb-2024,,,
252321,252321,0.500000,UT,,,15:41:10 26-Mar-2024,,1,-23.2914,151.7047,,,,,,,,,26.95,,,,,,,,,,,,,,,,,,,,,,,,,,,0,,,,,,,07:00:00 24-Feb-2024,,,
252321,252321,0.500000,UT,,,15:41:29 26-Mar-2024,,1,-23.2914,151.7047,,,,,4599,,,,,,,,,,,,,,,,,,,,,,,,,,,,,,,0,,,,,,,07:00:00 24-Feb-2024,,,
252321,252321,0.500000,UT,,,15:41:52 26-Mar-2024,,1,-23.2914,151.7047,,,,,,3.350,,,,,,,,,,,,,,,,,,,,,,,,,,,,,,0,,,,,,,07:00:00 24-Feb-2024,,,
252321,252321,0.500000,UT,,,15:42:29 26-Mar-2024,,1,-23.2914,151.7047,,,,,,,,,,,,,,,,,,,,,,,,,,,,,,,,,,,,0,,,,,,,07:00:00 24-Feb-2024,,,7311
252321,252321,0.500000,UT,,,15:42:47 26-Mar-2024,,1,-23.2914,151.7047,,,,,,,,,27.05,,,,,,,,,,,,,,,,,,,,,,,,,,,0,,,,,,,07:00:00 24-Feb-2024,,,
252321,252321,0.500000,UT,,,15:43:02 26-Mar-2024,,1,-23.2914,151.7047,,,,,4604,,,,,,,,,,,,,,,,,,,,,,,,,,,,,,,0,,,,,,,07:00:00 24-Feb-2024,,,
252321,252321,0.500000,UT,,,15:43:19 26-Mar-2024,,1,-23.2914,151.7047,,,,,,3.275,,,,,,,,,,,,,,,,,,,,,,,,,,,,,,0,,,,,,,07:00:00 24-Feb-2024,,,
252321,252321,0.500000,UT,,,15:44:26 26-Mar-2024,,1,-23.2914,151.7047,,,,,4609,,,,,,,,,,,,,,,,,,,,,,,,,,,,,,,0,,,,,,,07:00:00 24-Feb-2024,,,
252321,252321,0.500000,UT,,,15:44:46 26-Mar-2024,,1,-23.2914,151.7047,,,,,,3.250,,,,,,,,,,,,,,,,,,,,,,,,,,,,,,0,,,,,,,07:00:00 24-Feb-2024,,,
252321,252321,0.500000,UT,,,22:47:44 27-Mar-2024,,B,-23.3306,151.7090,,,,,,,,,27.30,,,,,,,,,,,,,,,,,,,,,,,,,,,0,,,,,,,07:00:00 24-Feb-2024,,,
252321,252321,0.500000,UT,,,08:39:54 28-Mar-2024,,2,-23.2876,151.7358,,,,,4693,,,,,,,,,,,,,,,,,,,,,,,,,,,,,,,0,,,,,,,07:00:00 24-Feb-2024,,,
252321,252321,0.500000,UT,,08:43:42 28-Mar-2024,08:40:09 28-Mar-2024,-212,2,-23.2876,151.7358,CRC,,,,4694,3.375,,,28.15,,,,,,,,,,,,,,147,25,255,0,,,,,,,11,,,0,95,,,,,,07:00:00 24-Feb-2024,,,
252321,252321,0.500000,UT,,,08:40:24 28-Mar-2024,,2,-23.2876,151.7358,,,,,,3.300,,,,,,,,,,,,,,,,,,,,,,,,,,,,,,0,,,,,,,07:00:00 24-Feb-2024,,,
252321,252321,0.500000,UT,,,08:41:30 28-Mar-2024,,2,-23.2876,151.7358,,,,,4699,,,,,,,,,,,,,,,,,,,,,,,,,,,,,,,0,,,,,,,07:00:00 24-Feb-2024,,,
252321,252321,0.500000,UT,,,08:42:54 28-Mar-2024,,2,-23.2876,151.7358,,,,,4704,,,,,,,,,,,,,,,,,,,,,,,,,,,,,,,0,,,,,,,07:00:00 24-Feb-2024,,,
252321,252321,0.500000,UT,,,08:44:11 28-Mar-2024,,2,-23.2876,151.7358,,,,,,,,,27.90,,,,,,,,,,,,,,,,,,,,,,,,,,,0,,,,,,,07:00:00 24-Feb-2024,,,
252321,252321,0.500000,UT,,,08:44:29 28-Mar-2024,,2,-23.2876,151.7358,,,,,4709,,,,,,,,,,,,,,,,,,,,,,,,,,,,,,,0,,,,,,,07:00:00 24-Feb-2024,,,
252321,252321,0.500000,UT,,,08:44:44 28-Mar-2024,,2,-23.2876,151.7358,,,,,,3.375,,,,,,,,,,,,,,,,,,,,,,,,,,,,,,0,,,,,,,07:00:00 24-Feb-2024,,,
252321,252321,0.500000,UT,,,08:46:01 28-Mar-2024,,2,-23.2876,151.7358,,,,,4714,,,,,,,,,,,,,,,,,,,,,,,,,,,,,,,0,,,,,,,07:00:00 24-Feb-2024,,,
252321,252321,0.500000,UT,,,08:46:25 28-Mar-2024,,2,-23.2876,151.7358,,,,,,3.350,,,,,,,,,,,,,,,,,,,,,,,,,,,,,,0,,,,,,,07:00:00 24-Feb-2024,,,
252321,252321,0.500000,UT,,,08:46:56 28-Mar-2024,,2,-23.2876,151.7358,,,,,,,,,,,,,,,,,,,,,,,,,,,,,,,,,,,,0,,,,,,,07:00:00 24-Feb-2024,,,7311
252321,252321,0.500000,UT,,,08:47:13 28-Mar-2024,,2,-23.2876,151.7358,,,,,,,,,27.95,,,,,,,,,,,,,,,,,,,,,,,,,,,0,,,,,,,07:00:00 24-Feb-2024,,,
252321,252321,0.500000,UT,,,08:47:43 28-Mar-2024,,2,-23.2876,151.7358,,,,,4720,,,,,,,,,,,,,,,,,,,,,,,,,,,,,,,0,,,,,,,07:00:00 24-Feb-2024,,,
252321,252321,0.500000,UT,1.00b,,08:48:20 28-Mar-2024,,2,-23.2876,151.7358,,0,,,,,,,,,,,,,,,,,,,,,,,,,,,,,,,,,,0,,,,,,,07:00:00 24-Feb-2024,,,
252321,252321,0.500000,UT,,,08:49:07 28-Mar-2024,,0,-23.2978,151.7805,,,,,,,,,28.05,,,,,,,,,,,,,,,,,,,,,,,,,,,0,,,,,,,07:00:00 24-Feb-2024,,,
252321,252321,0.500000,UT,,,08:49:22 28-Mar-2024,,0,-23.2978,151.7805,,,,,4725,,,,,,,,,,,,,,,,,,,,,,,,,,,,,,,0,,,,,,,07:00:00 24-Feb-2024,,,
252321,252321,0.500000,UT,,,08:50:09 28-Mar-2024,,0,-23.2978,151.7805,,,,,,,,,,,,,,,,,,,,,,,,,,,,,,,,,,,,0,,,,,,,07:00:00 24-Feb-2024,,,7311
252321,252321,0.500000,UT,,,21:30:50 28-Mar-2024,,B,-23.2900,151.7074,,,,,4745,,,,,,,,,,,,,,,,,,,,,,,,,,,,,,,0,,,,,,,07:00:00 24-Feb-2024,,,
252321,252321,0.500000,UT,,,21:32:26 28-Mar-2024,,B,-23.2900,151.7074,,,,,,,,,27.05,,,,,,,,,,,,,,,,,,,,,,,,,,,0,,,,,,,07:00:00 24-Feb-2024,,,
252321,252321,0.500000,UT,,,21:32:43 28-Mar-2024,,2,-23.2828,151.6820,,,,,4750,,,,,,,,,,,,,,,,,,,,,,,,,,,,,,,0,,,,,,,07:00:00 24-Feb-2024,,,
252321,252321,0.500000,UT,,,21:35:46 28-Mar-2024,,2,-23.2828,151.6820,,,,,4760,,,,,,,,,,,,,,,,,,,,,,,,,,,,,,,0,,,,,,,07:00:00 24-Feb-2024,,,
252321,252321,0.500000,UT,,,21:36:01 28-Mar-2024,,2,-23.2828,151.6820,,,,,,3.300,,,,,,,,,,,,,,,,,,,,,,,,,,,,,,0,,,,,,,07:00:00 24-Feb-2024,,,
252321,252321,0.500000,UT,,,21:37:02 28-Mar-2024,,2,-23.2828,151.6820,,,,,,,,,,,,,,,,,,,,,,,,,,,,,,,,,,,,0,,,,,,,07:00:00 24-Feb-2024,,,7311
252321,252321,0.500000,UT,,,21:37:41 28-Mar-2024,,2,-23.2828,151.6820,,,,,,,,,26.10,,,,,,,,,,,,,,,,,,,,,,,,,,,0,,,,,,,07:00:00 24-Feb-2024,,,
252321,252321,0.500000,UT,,,21:38:08 28-Mar-2024,,2,-23.2828,151.6820,,,,,4765,,,,,,,,,,,,,,,,,,,,,,,,,,,,,,,0,,,,,,,07:00:00 24-Feb-2024,,,
252321,252321,0.500000,UT,,,21:38:25 28-Mar-2024,,2,-23.2828,151.6820,,,,,,3.325,,,,,,,,,,,,,,,,,,,,,,,,,,,,,,0,,,,,,,07:00:00 24-Feb-2024,,,
252321,252321,0.500000,UT,1.00b,,21:39:19 28-Mar-2024,,2,-23.2828,151.6820,,0,,,,,,,,,,,,,,,,,,,,,,,,,,,,,,,,,,0,,,,,,,07:00:00 24-Feb-2024,,,
252321,252321,0.500000,UT,,,21:39:34 28-Mar-2024,,2,-23.2828,151.6820,,,,,,,,,,,,,,,,,,,,,,,,,,,,,,,,,,,,0,,,,,,,07:00:00 24-Feb-2024,,,7311
252321,252321,0.500000,UT,,21:45:09 28-Mar-2024,21:41:36 28-Mar-2024,-212,2,-23.2828,151.6820,CRC,,,,4769,3.300,,,25.05,,,,,,,,,,,,,,241,25,255,0,,,,,,,7,,,0,108,,,,,,07:00:00 24-Feb-2024,,,
252321,252321,0.500000,UT,,,21:41:56 28-Mar-2024,,2,-23.2828,151.6820,,,,,,,,,25.05,,,,,,,,,,,,,,,,,,,,,,,,,,,0,,,,,,,07:00:00 24-Feb-2024,,,
252321,252321,0.500000,UT,,,08:59:56 03-Apr-2024,,0,-23.3068,151.6958,,,,,,3.300,,,,,,,,,,,,,,,,,,,,,,,,,,,,,,0,,,,,,,07:00:00 24-Feb-2024,,,
252321,252321,0.500000,UT,1.00b,,09:01:41 03-Apr-2024,,0,-23.3068,151.6958,,0,,,,,,,,,,,,,,,,,,,,,,,,,,,,,,,,,,0,,,,,,,07:00:00 24-Feb-2024,,,
252321,252321,0.500000,UT,,,09:02:01 03-Apr-2024,,0,-23.3068,151.6958,,,,,,,,,,,,,,,,,,,,,,,,,,,,,,,,,,,,0,,,,,,,07:00:00 24-Feb-2024,,,7311
252321,252321,0.500000,UT,,,14:34:26 03-Apr-2024,,2,-23.2973,151.6982,,,,,,,,,27.60,,,,,,,,,,,,,,,,,,,,,,,,,,,0,,,,,,,07:00:00 24-Feb-2024,,,
252321,252321,0.500000,UT,,,20:04:08 08-Apr-2024,,3,-23.2955,151.7102,,,,,5043,,,,,,,,,,,,,,,,,,,,,,,,,,,,,,,0,,,,,,,07:00:00 24-Feb-2024,,,
252321,252321,0.500000,UT,,20:08:21 08-Apr-2024,20:04:23 08-Apr-2024,-237,3,-23.2955,151.7102,CRC,,,,5044,3.300,,,24.90,,,,,,,,,,,,,,255,26,255,0,,,,,,,40,,,0,96,,,,,,07:00:00 24-Feb-2024,,,
252321,252321,0.500000,UT,,,20:05:14 08-Apr-2024,,3,-23.2955,151.7102,,,,,,3.250,,,,,,,,,,,,,,,,,,,,,,,,,,,,,,0,,,,,,,07:00:00 24-Feb-2024,,,
252321,252321,0.500000,UT,,,20:06:00 08-Apr-2024,,3,-23.2955,151.7102,,,,,,,,,24.80,,,,,,,,,,,,,,,,,,,,,,,,,,,0,,,,,,,07:00:00 24-Feb-2024,,,
252321,252321,0.500000,UT,,,20:06:36 08-Apr-2024,,3,-23.2955,151.7102,,,,,5049,,,,,,,,,,,,,,,,,,,,,,,,,,,,,,,0,,,,,,,07:00:00 24-Feb-2024,,,
252321,252321,0.500000,UT,,,20:06:51 08-Apr-2024,,3,-23.2955,151.7102,,,,,,3.325,,,,,,,,,,,,,,,,,,,,,,,,,,,,,,0,,,,,,,07:00:00 24-Feb-2024,,,
252321,252321,0.500000,UT,,,20:07:21 08-Apr-2024,,3,-23.2955,151.7102,,,,,,,,,,,,,,,,,,,,,,,,,,,,,,,,,,,,0,,,,,,,07:00:00 24-Feb-2024,,,7311
252321,252321,0.500000,UT,,,20:07:36 08-Apr-2024,,3,-23.2955,151.7102,,,,,,,,,24.60,,,,,,,,,,,,,,,,,,,,,,,,,,,0,,,,,,,07:00:00 24-Feb-2024,,,
252321,252321,0.500000,UT,,,20:09:33 08-Apr-2024,,3,-23.2955,151.7102,,,,,5054,,,,,,,,,,,,,,,,,,,,,,,,,,,,,,,0,,,,,,,07:00:00 24-Feb-2024,,,
252321,252321,0.500000,UT,,,20:09:48 08-Apr-2024,,3,-23.2955,151.7102,,,,,,3.350,,,,,,,,,,,,,,,,,,,,,,,,,,,,,,0,,,,,,,07:00:00 24-Feb-2024,,,
252321,252321,0.500000,UT,1.00b,,20:12:26 08-Apr-2024,,3,-23.2955,151.7102,,0,,,,,,,,,,,,,,,,,,,,,,,,,,,,,,,,,,0,,,,,,,07:00:00 24-Feb-2024,,,
252321,252321,0.500000,UT,,,20:29:20 08-Apr-2024,,A,-23.3000,151.7115,,,,,,,,,,,,,,,,,,,,,,,,,,,,,,,,,,,,0,,,,,,,07:00:00 24-Feb-2024,,,7311
252321,252321,0.500000,UT,,,20:29:35 08-Apr-2024,,A,-23.3000,151.7115,,,,,,,,,24.85,,,,,,,,,,,,,,,,,,,,,,,,,,,0,,,,,,,07:00:00 24-Feb-2024,,,
252321,252321,0.500000,UT,,,08:22:09 09-Apr-2024,,2,-23.2957,151.7172,,,,,,,,,,,,,,,,,,,,,,,,,,,,,,,,,,,,0,,,,,,,07:00:00 24-Feb-2024,,,7311
252321,252321,0.500000,UT,,,08:23:20 09-Apr-2024,,2,-23.2957,151.7172,,,,,,,,,27.35,,,,,,,,,,,,,,,,,,,,,,,,,,,0,,,,,,,07:00:00 24-Feb-2024,,,
252321,252321,0.500000,UT,,,08:23:47 09-Apr-2024,,2,-23.2957,151.7172,,,,,5141,,,,,,,,,,,,,,,,,,,,,,,,,,,,,,,0,,,,,,,07:00:00 24-Feb-2024,,,
252321,252321,0.500000,UT,,,08:29:44 09-Apr-2024,,2,-23.2957,151.7172,,,,,,3.350,,,,,,,,,,,,,,,,,,,,,,,,,,,,,,0,,,,,,,07:00:00 24-Feb-2024,,,
252321,252321,0.500000,UT,,,08:39:21 09-Apr-2024,,A,-23.3058,151.7086,,,,,,,,,,,,,,,,,,,,,,,,,,,,,,,,,,,,0,,,,,,,07:00:00 24-Feb-2024,,,7311
252321,252321,0.500000,UT,,,08:39:36 09-Apr-2024,,A,-23.3058,151.7086,,,,,,,,,27.65,,,,,,,,,,,,,,,,,,,,,,,,,,,0,,,,,,,07:00:00 24-Feb-2024,,,
252321,252321,0.500000,UT,1.00b,,09:28:20 11-Apr-2024,,0,-23.5229,151.3599,,0,,,,,,,,,,,,,,,,,,,,,,,,,,,,,,,,,,0,,,,,,,07:00:00 24-Feb-2024,,,
252321,252321,0.500000,UT,,,09:28:35 11-Apr-2024,,0,-23.5229,151.3599,,,,,,,,,,,,,,,,,,,,,,,,,,,,,,,,,,,,0,,,,,,,07:00:00 24-Feb-2024,,,7311
252321,252321,0.500000,UT,,,09:28:50 11-Apr-2024,,0,-23.5229,151.3599,,,,,,,,,25.50,,,,,,,,,,,,,,,,,,,,,,,,,,,0,,,,,,,07:00:00 24-Feb-2024,,,
252321,252321,0.500000,UT,,,09:29:06 11-Apr-2024,,0,-23.5229,151.3599,,,,,5161,,,,,,,,,,,,,,,,,,,,,,,,,,,,,,,0,,,,,,,07:00:00 24-Feb-2024,,,
252321,252321,0.500000,UT,,,09:29:21 11-Apr-2024,,0,-23.5229,151.3599,,,,,,3.325,,,,,,,,,,,,,,,,,,,,,,,,,,,,,,0,,,,,,,07:00:00 24-Feb-2024,,,
252321,252321,0.500000,UT,1.00b,,09:50:54 11-Apr-2024,,B,-23.5120,151.3703,,0,,,,,,,,,,,,,,,,,,,,,,,,,,,,,,,,,,0,,,,,,,07:00:00 24-Feb-2024,,,
252321,252321,0.500000,UT,,,22:36:26 11-Apr-2024,,2,-23.2887,151.7038,,,,,,,,,26.55,,,,,,,,,,,,,,,,,,,,,,,,,,,0,,,,,,,07:00:00 24-Feb-2024,,,
252321,252321,0.500000,UT,,,22:36:41 11-Apr-2024,,2,-23.2887,151.7038,,,,,5186,,,,,,,,,,,,,,,,,,,,,,,,,,,,,,,0,,,,,,,07:00:00 24-Feb-2024,,,
252321,252321,0.500000,UT,,,22:37:21 11-Apr-2024,,2,-23.2887,151.7038,,,,,,3.325,,,,,,,,,,,,,,,,,,,,,,,,,,,,,,0,,,,,,,07:00:00 24-Feb-2024,,,
252321,252321,0.500000,UT,,,22:38:42 11-Apr-2024,,2,-23.2887,151.7038,,,,,,,,,,,,,,,,,,,,,,,,,,,,,,,,,,,,0,,,,,,,07:00:00 24-Feb-2024,,,7311
252321,252321,0.500000,UT,,,22:40:35 11-Apr-2024,,2,-23.2887,151.7038,,,,,5191,,,,,,,,,,,,,,,,,,,,,,,,,,,,,,,0,,,,,,,07:00:00 24-Feb-2024,,,
252321,252321,0.500000,UT,,,22:41:35 11-Apr-2024,,2,-23.2887,151.7038,,,,,,3.150,,,,,,,,,,,,,,,,,,,,,,,,,,,,,,0,,,,,,,07:00:00 24-Feb-2024,,,
252321,252321,0.500000,UT,,,20:49:59 14-Apr-2024,,2,-23.2889,151.7106,,,,,,3.275,,,,,,,,,,,,,,,,,,,,,,,,,,,,,,0,,,,,,,07:00:00 24-Feb-2024,,,
252321,252321,0.500000,UT,,,20:51:47 14-Apr-2024,,2,-23.2889,151.7106,,,,,,,,,25.40,,,,,,,,,,,,,,,,,,,,,,,,,,,0,,,,,,,07:00:00 24-Feb-2024,,,
252321,252321,0.500000,UT,,,20:52:07 14-Apr-2024,,2,-23.2889,151.7106,,,,,5240,,,,,,,,,,,,,,,,,,,,,,,,,,,,,,,0,,,,,,,07:00:00 24-Feb-2024,,,
252321,252321,0.500000,UT,,,20:52:26 14-Apr-2024,,2,-23.2889,151.7106,,,,,,3.225,,,,,,,,,,,,,,,,,,,,,,,,,,,,,,0,,,,,,,07:00:00 24-Feb-2024,,,
252321,252321,0.500000,UT,,20:57:44 14-Apr-2024,20:53:33 14-Apr-2024,-250,2,-23.2889,151.7106,CRC,,,,5244,3.175,,,25.30,,,,,,,,,,,,,,255,26,255,0,,,,,,,36,,,0,85,,,,,,07:00:00 24-Feb-2024,,,
252321,252321,0.500000,UT,,,20:54:53 14-Apr-2024,,2,-23.2889,151.7106,,,,,5248,,,,,,,,,,,,,,,,,,,,,,,,,,,,,,,0,,,,,,,07:00:00 24-Feb-2024,,,
252321,252321,0.500000,UT,,,20:55:09 14-Apr-2024,,2,-23.2889,151.7106,,,,,,3.300,,,,,,,,,,,,,,,,,,,,,,,,,,,,,,0,,,,,,,07:00:00 24-Feb-2024,,,
252321,252321,0.500000,UT,,,20:55:40 14-Apr-2024,,2,-23.2889,151.7106,,,,,,,,,,,,,,,,,,,,,,,,,,,,,,,,,,,,0,,,,,,,07:00:00 24-Feb-2024,,,7311
252321,252321,0.500000,UT,,,20:56:11 14-Apr-2024,,2,-23.2889,151.7106,,,,,5253,,,,,,,,,,,,,,,,,,,,,,,,,,,,,,,0,,,,,,,07:00:00 24-Feb-2024,,,
252321,252321,0.500000,UT,1.00b,,20:56:52 14-Apr-2024,,2,-23.2889,151.7106,,0,,,,,,,,,,,,,,,,,,,,,,,,,,,,,,,,,,0,,,,,,,07:00:00 24-Feb-2024,,,
252321,252321,0.500000,UT,,,12:57:39 15-Apr-2024,,0,-23.2935,151.8085,,,,,,,,,25.85,,,,,,,,,,,,,,,,,,,,,,,,,,,0,,,,,,,07:00:00 24-Feb-2024,,,
252321,252321,0.500000,UT,,,12:57:54 15-Apr-2024,,0,-23.2935,151.8085,,,,,5338,,,,,,,,,,,,,,,,,,,,,,,,,,,,,,,0,,,,,,,07:00:00 24-Feb-2024,,,
252321,252321,0.500000,UT,,,12:58:09 15-Apr-2024,,0,-23.2935,151.8085,,,,,,3.275,,,,,,,,,,,,,,,,,,,,,,,,,,,,,,0,,,,,,,07:00:00 24-Feb-2024,,,
252321,252321,0.500000,UT,1.00b,,12:58:24 15-Apr-2024,,0,-23.2935,151.8085,,0,,,,,,,,,,,,,,,,,,,,,,,,,,,,,,,,,,0,,,,,,,07:00:00 24-Feb-2024,,,
252321,252321,0.500000,UT,,,12:58:41 15-Apr-2024,,0,-23.2935,151.8085,,,,,,,,,,,,,,,,,,,,,,,,,,,,,,,,,,,,0,,,,,,,07:00:00 24-Feb-2024,,,7311
252321,252321,0.500000,UT,,,12:59:14 15-Apr-2024,,0,-23.2935,151.8085,,,,,5343,,,,,,,,,,,,,,,,,,,,,,,,,,,,,,,0,,,,,,,07:00:00 24-Feb-2024,,,
252321,252321,0.500000,UT,,,13:23:03 15-Apr-2024,,A,-23.3277,151.7619,,,,,5349,,,,,,,,,,,,,,,,,,,,,,,,,,,,,,,0,,,,,,,07:00:00 24-Feb-2024,,,
252321,252321,0.500000,UT,,,13:24:55 15-Apr-2024,,A,-23.3277,151.7619,,,,,,,,,24.90,,,,,,,,,,,,,,,,,,,,,,,,,,,0,,,,,,,07:00:00 24-Feb-2024,,,
252321,252321,0.500000,UT,,,13:25:28 15-Apr-2024,,A,-23.3277,151.7619,,,,,5354,,,,,,,,,,,,,,,,,,,,,,,,,,,,,,,0,,,,,,,07:00:00 24-Feb-2024,,,
252321,252321,0.500000,UT,,,13:37:04 15-Apr-2024,,3,-23.2868,151.7024,,,,,,3.250,,,,,,,,,,,,,,,,,,,,,,,,,,,,,,0,,,,,,,07:00:00 24-Feb-2024,,,
252321,252321,0.500000,UT,,,13:39:38 15-Apr-2024,,3,-23.2868,151.7024,,,,,,,,,24.90,,,,,,,,,,,,,,,,,,,,,,,,,,,0,,,,,,,07:00:00 24-Feb-2024,,,
252321,252321,0.500000,UT,,,13:41:23 15-Apr-2024,,3,-23.2868,151.7024,,,,,,3.175,,,,,,,,,,,,,,,,,,,,,,,,,,,,,,0,,,,,,,07:00:00 24-Feb-2024,,,
252321,252321,0.500000,UT,1.00b,,13:42:31 15-Apr-2024,,3,-23.2868,151.7024,,0,,,,,,,,,,,,,,,,,,,,,,,,,,,,,,,,,,0,,,,,,,07:00:00 24-Feb-2024,,,
252321,252321,0.500000,UT,,,13:45:20 15-Apr-2024,,3,-23.2868,151.7024,,,,,,,,,,,,,,,,,,,,,,,,,,,,,,,,,,,,0,,,,,,,07:00:00 24-Feb-2024,,,7311
252321,252321,0.500000,UT,1.00b,,17:44:38 19-Apr-2024,,B,-23.3008,151.7858,,0,,,,,,,,,,,,,,,,,,,,,,,,,,,,,,,,,,0,,,,,,,07:00:00 24-Feb-2024,,,
252321,252321,0.500000,UT,,19:58:45 23-Apr-2024,19:54:13 23-Apr-2024,-271,B,-23.2740,151.7527,CRC,,,,5769,3.200,,,25.05,,,,,,,,,,,,,,254,26,255,0,,,,,,,22,,,0,78,,,,,,07:00:00 24-Feb-2024,,,
252321,252321,0.500000,UT,,,19:55:22 23-Apr-2024,,B,-23.2740,151.7527,,,,,5771,,,,,,,,,,,,,,,,,,,,,,,,,,,,,,,0,,,,,,,07:00:00 24-Feb-2024,,,
252321,252321,0.500000,UT,,,21:26:25 25-Apr-2024,,B,-23.2920,151.7729,,,,,,,,,,,,,,,,,,,,,,,,,,,,,,,,,,,,0,,,,,,,07:00:00 24-Feb-2024,,,7311
252321,252321,0.500000,UT,1.00b,,10:15:06 29-Apr-2024,,1,-23.2989,151.7212,,0,,,,,,,,,,,,,,,,,,,,,,,,,,,,,,,,,,0,,,,,,,07:00:00 24-Feb-2024,,,
252321,252321,0.500000,UT,,,10:15:26 29-Apr-2024,,1,-23.2989,151.7212,,,,,,,,,,,,,,,,,,,,,,,,,,,,,,,,,,,,0,,,,,,,07:00:00 24-Feb-2024,,,7311
252321,252321,0.500000,UT,,,10:15:50 29-Apr-2024,,1,-23.2989,151.7212,,,,,,,,,24.40,,,,,,,,,,,,,,,,,,,,,,,,,,,0,,,,,,,07:00:00 24-Feb-2024,,,
252321,252321,0.500000,UT,,,10:16:38 29-Apr-2024,,1,-23.2989,151.7212,,,,,5863,,,,,,,,,,,,,,,,,,,,,,,,,,,,,,,0,,,,,,,07:00:00 24-Feb-2024,,,
252321,252321,0.500000,UT,,,10:19:15 29-Apr-2024,,1,-23.2989,151.7212,,,,,,3.100,,,,,,,,,,,,,,,,,,,,,,,,,,,,,,0,,,,,,,07:00:00 24-Feb-2024,,,
252321,252321,0.500000,UT,,,10:26:24 29-Apr-2024,,1,-23.2932,151.7071,,,,,5868,,,,,,,,,,,,,,,,,,,,,,,,,,,,,,,0,,,,,,,07:00:00 24-Feb-2024,,,
252321,252321,0.500000,UT,,,10:26:54 29-Apr-2024,,1,-23.2932,151.7071,,,,,,3.275,,,,,,,,,,,,,,,,,,,,,,,,,,,,,,0,,,,,,,07:00:00 24-Feb-2024,,,
252321,252321,0.500000,UT,1.00b,,10:27:09 29-Apr-2024,,1,-23.2932,151.7071,,0,,,,,,,,,,,,,,,,,,,,,,,,,,,,,,,,,,0,,,,,,,07:00:00 24-Feb-2024,,,
252321,252321,0.500000,UT,,,10:27:33 29-Apr-2024,,1,-23.2932,151.7071,,,,,,,,,,,,,,,,,,,,,,,,,,,,,,,,,,,,0,,,,,,,07:00:00 24-Feb-2024,,,7311
252321,252321,0.500000,UT,,,10:27:54 29-Apr-2024,,1,-23.2932,151.7071,,,,,,,,,24.60,,,,,,,,,,,,,,,,,,,,,,,,,,,0,,,,,,,07:00:00 24-Feb-2024,,,
252321,252321,0.500000,UT,,,10:29:02 29-Apr-2024,,1,-23.2932,151.7071,,,,,5874,,,,,,,,,,,,,,,,,,,,,,,,,,,,,,,0,,,,,,,07:00:00 24-Feb-2024,,,
252321,252321,0.500000,UT,,,10:29:17 29-Apr-2024,,1,-23.2932,151.7071,,,,,,3.225,,,,,,,,,,,,,,,,,,,,,,,,,,,,,,0,,,,,,,07:00:00 24-Feb-2024,,,
252321,252321,0.500000,UT,,,10:33:11 29-Apr-2024,,1,-23.2932,151.7071,,,,,,,,,,,,,,,,,,,,,,,,,,,,,,,,,,,,0,,,,,,,07:00:00 24-Feb-2024,,,7311
252321,252321,0.500000,UT,,,11:08:14 29-Apr-2024,,0,-23.2823,151.7882,,,,,5918,,,,,,,,,,,,,,,,,,,,,,,,,,,,,,,0,,,,,,,07:00:00 24-Feb-2024,,,
252321,252321,0.500000,UT,,,11:09:34 29-Apr-2024,,0,-23.2823,151.7882,,,,,,,,,22.80,,,,,,,,,,,,,,,,,,,,,,,,,,,0,,,,,,,07:00:00 24-Feb-2024,,,
252321,252321,0.500000,UT,,,11:09:49 29-Apr-2024,,0,-23.2823,151.7882,,,,,5924,,,,,,,,,,,,,,,,,,,,,,,,,,,,,,,0,,,,,,,07:00:00 24-Feb-2024,,,
252321,252321,0.500000,UT,,,11:10:04 29-Apr-2024,,0,-23.2823,151.7882,,,,,,3.225,,,,,,,,,,,,,,,,,,,,,,,,,,,,,,0,,,,,,,07:00:00 24-Feb-2024,,,
252321,252321,0.500000,UT,,,11:10:34 29-Apr-2024,,0,-23.2823,151.7882,,,,,,,,,,,,,,,,,,,,,,,,,,,,,,,,,,,,0,,,,,,,07:00:00 24-Feb-2024,,,7311
252321,252321,0.500000,UT,,,11:10:49 29-Apr-2024,,0,-23.2823,151.7882,,,,,,,,,22.60,,,,,,,,,,,,,,,,,,,,,,,,,,,0,,,,,,,07:00:00 24-Feb-2024,,,
252321,252321,0.500000,UT,1.00b,,11:11:34 29-Apr-2024,,0,-23.2823,151.7882,,0,,,,,,,,,,,,,,,,,,,,,,,,,,,,,,,,,,0,,,,,,,07:00:00 24-Feb-2024,,,
252321,252321,0.500000,UT,,,21:10:37 29-Apr-2024,,1,-23.3207,151.7515,,,,,,,,,24.00,,,,,,,,,,,,,,,,,,,,,,,,,,,0,,,,,,,07:00:00 24-Feb-2024,,,
252321,252321,0.500000,UT,,,21:10:52 29-Apr-2024,,1,-23.3207,151.7515,,,,,6005,,,,,,,,,,,,,,,,,,,,,,,,,,,,,,,0,,,,,,,07:00:00 24-Feb-2024,,,
252321,252321,0.500000,UT,,,21:11:29 29-Apr-2024,,1,-23.3207,151.7515,,,,,,3.100,,,,,,,,,,,,,,,,,,,,,,,,,,,,,,0,,,,,,,07:00:00 24-Feb-2024,,,
252321,252321,0.500000,UT,,,21:13:20 29-Apr-2024,,1,-23.3207,151.7515,,,,,,,,,24.10,,,,,,,,,,,,,,,,,,,,,,,,,,,0,,,,,,,07:00:00 24-Feb-2024,,,
252321,252321,0.500000,UT,,,21:13:37 29-Apr-2024,,1,-23.3207,151.7515,,,,,6010,,,,,,,,,,,,,,,,,,,,,,,,,,,,,,,0,,,,,,,07:00:00 24-Feb-2024,,,
252321,252321,0.500000,UT,,,21:13:55 29-Apr-2024,,1,-23.3207,151.7515,,,,,,3.200,,,,,,,,,,,,,,,,,,,,,,,,,,,,,,0,,,,,,,07:00:00 24-Feb-2024,,,
252321,252321,0.500000,UT,1.00b,,21:14:13 29-Apr-2024,,1,-23.3207,151.7515,,0,,,,,,,,,,,,,,,,,,,,,,,,,,,,,,,,,,0,,,,,,,07:00:00 24-Feb-2024,,,
252321,252321,0.500000,UT,,,21:14:34 29-Apr-2024,,1,-23.3207,151.7515,,,,,,,,,,,,,,,,,,,,,,,,,,,,,,,,,,,,0,,,,,,,07:00:00 24-Feb-2024,,,7311
252321,252321,0.500000,UT,,,21:14:49 29-Apr-2024,,1,-23.3207,151.7515,,,,,,,,,24.05,,,,,,,,,,,,,,,,,,,,,,,,,,,0,,,,,,,07:00:00 24-Feb-2024,,,
252321,252321,0.500000,UT,,,21:26:51 29-Apr-2024,,B,-23.3920,151.8736,,,,,,3.100,,,,,,,,,,,,,,,,,,,,,,,,,,,,,,0,,,,,,,07:00:00 24-Feb-2024,,,
252321,252321,0.500000,UT,,,21:27:38 29-Apr-2024,,B,-23.3920,151.8736,,,,,,,,,,,,,,,,,,,,,,,,,,,,,,,,,,,,0,,,,,,,07:00:00 24-Feb-2024,,,7311
252321,252321,0.500000,UT,,,00:42:53 30-Apr-2024,,2,-23.3134,151.7669,,,,,6070,,,,,,,,,,,,,,,,,,,,,,,,,,,,,,,0,,,,,,,07:00:00 24-Feb-2024,,,
252321,252321,0.500000,UT,,,00:43:52 30-Apr-2024,,2,-23.3134,151.7669,,,,,,,,,,,,,,,,,,,,,,,,,,,,,,,,,,,,0,,,,,,,07:00:00 24-Feb-2024,,,7311
252321,252321,0.500000,UT,,,00:44:15 30-Apr-2024,,2,-23.3134,151.7669,,,,,,,,,25.40,,,,,,,,,,,,,,,,,,,,,,,,,,,0,,,,,,,07:00:00 24-Feb-2024,,,
252321,252321,0.500000,UT,,,00:44:46 30-Apr-2024,,2,-23.3134,151.7669,,,,,6075,,,,,,,,,,,,,,,,,,,,,,,,,,,,,,,0,,,,,,,07:00:00 24-Feb-2024,,,
252321,252321,0.500000,UT,,,00:45:04 30-Apr-2024,,2,-23.3134,151.7669,,,,,,3.175,,,,,,,,,,,,,,,,,,,,,,,,,,,,,,0,,,,,,,07:00:00 24-Feb-2024,,,
252321,252321,0.500000,UT,1.00b,,00:53:55 30-Apr-2024,,2,-23.3134,151.7669,,0,,,,,,,,,,,,,,,,,,,,,,,,,,,,,,,,,,0,,,,,,,07:00:00 24-Feb-2024,,,
252321,252321,0.500000,UT,1.100p,,10:42:55 30-Apr-2024,,B,-23.2895,151.7903,,0,,,,,,,,,,,,,,,,,,,,,,,,,,,,,,,,,,0,,,,,,,07:00:00 24-Feb-2024,,,
252321,252321,0.500000,UT,1.00b,,15:42:29 04-May-2024,,B,-23.2875,151.7168,,0,,,,,,,,,,,,,,,,,,,,,,,,,,,,,,,,,,0,,,,,,,07:00:00 24-Feb-2024,,,
252321,252321,0.500000,UT,,,15:43:21 04-May-2024,,B,-23.2875,151.7168,,,,,,,,,,,,,,,,,,,,,,,,,,,,,,,,,,,,0,,,,,,,07:00:00 24-Feb-2024,,,7311
252321,252321,0.500000,UT,,,18:20:58 05-May-2024,,0,-23.2849,151.7509,,,,,6379,,,,,,,,,,,,,,,,,,,,,,,,,,,,,,,0,,,,,,,07:00:00 24-Feb-2024,,,
252321,252321,0.500000,UT,,,19:00:35 06-May-2024,,1,-23.2830,151.7122,,,,,6398,,,,,,,,,,,,,,,,,,,,,,,,,,,,,,,0,,,,,,,07:00:00 24-Feb-2024,,,
252321,252321,0.500000,UT,,,19:01:03 06-May-2024,,1,-23.2830,151.7122,,,,,,3.175,,,,,,,,,,,,,,,,,,,,,,,,,,,,,,0,,,,,,,07:00:00 24-Feb-2024,,,
252321,252321,0.500000,UT,1.00b,,19:02:43 06-May-2024,,1,-23.2830,151.7122,,0,,,,,,,,,,,,,,,,,,,,,,,,,,,,,,,,,,0,,,,,,,07:00:00 24-Feb-2024,,,
252321,252321,0.500000,UT,,,19:15:13 06-May-2024,,3,-23.2912,151.7066,,,,,6403,,,,,,,,,,,,,,,,,,,,,,,,,,,,,,,0,,,,,,,07:00:00 24-Feb-2024,,,
252321,252321,0.500000,UT,,,19:16:10 06-May-2024,,3,-23.2912,151.7066,,,,,,3.075,,,,,,,,,,,,,,,,,,,,,,,,,,,,,,0,,,,,,,07:00:00 24-Feb-2024,,,
252321,252321,0.500000,UT,,,19:18:16 06-May-2024,,3,-23.2912,151.7066,,,,,,,,,22.15,,,,,,,,,,,,,,,,,,,,,,,,,,,0,,,,,,,07:00:00 24-Feb-2024,,,
252321,252321,0.500000,UT,,,19:18:31 06-May-2024,,3,-23.2912,151.7066,,,,,6408,,,,,,,,,,,,,,,,,,,,,,,,,,,,,,,0,,,,,,,07:00:00 24-Feb-2024,,,
252321,252321,0.500000,UT,,,19:19:47 06-May-2024,,3,-23.2912,151.7066,,,,,,,,,22.00,,,,,,,,,,,,,,,,,,,,,,,,,,,0,,,,,,,07:00:00 24-Feb-2024,,,
252321,252321,0.500000,UT,,,19:20:03 06-May-2024,,3,-23.2912,151.7066,,,,,6413,,,,,,,,,,,,,,,,,,,,,,,,,,,,,,,0,,,,,,,07:00:00 24-Feb-2024,,,
252321,252321,0.500000,UT,,,19:20:20 06-May-2024,,3,-23.2912,151.7066,,,,,,3.100,,,,,,,,,,,,,,,,,,,,,,,,,,,,,,0,,,,,,,07:00:00 24-Feb-2024,,,
252321,252321,0.500000,UT,,,19:21:39 06-May-2024,,3,-23.2912,151.7066,,,,,,,,,22.10,,,,,,,,,,,,,,,,,,,,,,,,,,,0,,,,,,,07:00:00 24-Feb-2024,,,
252321,252321,0.500000,UT,,,19:22:19 06-May-2024,,3,-23.2912,151.7066,,,,,6418,,,,,,,,,,,,,,,,,,,,,,,,,,,,,,,0,,,,,,,07:00:00 24-Feb-2024,,,
252321,252321,0.500000,UT,,19:27:35 06-May-2024,19:22:34 06-May-2024,-300,3,-23.2912,151.7066,CRC,,,,6419,3.150,,,22.10,,,,,,,,,,,,,,255,26,255,0,,,,,,,20,,,0,98,,,,,,07:00:00 24-Feb-2024,,,
252321,252321,0.500000,UT,,,19:22:49 06-May-2024,,3,-23.2912,151.7066,,,,,,3.250,,,,,,,,,,,,,,,,,,,,,,,,,,,,,,0,,,,,,,07:00:00 24-Feb-2024,,,
252321,252321,0.500000,UT,,,19:23:53 06-May-2024,,3,-23.2912,151.7066,,,,,6424,,,,,,,,,,,,,,,,,,,,,,,,,,,,,,,0,,,,,,,07:00:00 24-Feb-2024,,,
252321,252321,0.500000,UT,1.00b,,19:24:23 06-May-2024,,3,-23.2912,151.7066,,0,,,,,,,,,,,,,,,,,,,,,,,,,,,,,,,,,,0,,,,,,,07:00:00 24-Feb-2024,,,
252321,252321,0.500000,UT,,,19:24:51 06-May-2024,,3,-23.2912,151.7066,,,,,,,,,,,,,,,,,,,,,,,,,,,,,,,,,,,,0,,,,,,,07:00:00 24-Feb-2024,,,7311
252321,252321,0.500000,UT,,,19:25:06 06-May-2024,,3,-23.2912,151.7066,,,,,,,,,22.25,,,,,,,,,,,,,,,,,,,,,,,,,,,0,,,,,,,07:00:00 24-Feb-2024,,,
252321,252321,0.500000,UT,,,19:25:21 06-May-2024,,3,-23.2912,151.7066,,,,,6429,,,,,,,,,,,,,,,,,,,,,,,,,,,,,,,0,,,,,,,07:00:00 24-Feb-2024,,,
252321,252321,0.500000,UT,,,19:25:37 06-May-2024,,3,-23.2912,151.7066,,,,,,3.150,,,,,,,,,,,,,,,,,,,,,,,,,,,,,,0,,,,,,,07:00:00 24-Feb-2024,,,
252321,252321,0.500000,UT,,,19:44:16 06-May-2024,,2,-23.2905,151.7123,,,,,,3.150,,,,,,,,,,,,,,,,,,,,,,,,,,,,,,0,,,,,,,07:00:00 24-Feb-2024,,,
252321,252321,0.500000,UT,,,19:45:36 06-May-2024,,2,-23.2905,151.7123,,,,,,,,,,,,,,,,,,,,,,,,,,,,,,,,,,,,0,,,,,,,07:00:00 24-Feb-2024,,,7311
252321,252321,0.500000,UT,,,19:45:54 06-May-2024,,2,-23.2905,151.7123,,,,,,,,,22.20,,,,,,,,,,,,,,,,,,,,,,,,,,,0,,,,,,,07:00:00 24-Feb-2024,,,
252321,252321,0.500000,UT,,,19:46:37 06-May-2024,,2,-23.2905,151.7123,,,,,6481,,,,,,,,,,,,,,,,,,,,,,,,,,,,,,,0,,,,,,,07:00:00 24-Feb-2024,,,
252321,252321,0.500000,UT,,,19:49:07 06-May-2024,,2,-23.2905,151.7123,,,,,,3.225,,,,,,,,,,,,,,,,,,,,,,,,,,,,,,0,,,,,,,07:00:00 24-Feb-2024,,,
252321,252321,0.500000,UT,1.00b,,19:49:52 06-May-2024,,2,-23.2905,151.7123,,0,,,,,,,,,,,,,,,,,,,,,,,,,,,,,,,,,,0,,,,,,,07:00:00 24-Feb-2024,,,
252321,252321,0.500000,UT,,,18:33:50 07-May-2024,,B,-23.2333,151.8611,,,,,6498,,,,,,,,,,,,,,,,,,,,,,,,,,,,,,,0,,,,,,,07:00:00 24-Feb-2024,,,
252321,252321,0.500000,UT,,,19:21:04 07-May-2024,,1,-23.2867,151.7186,,,,,,3.175,,,,,,,,,,,,,,,,,,,,,,,,,,,,,,0,,,,,,,07:00:00 24-Feb-2024,,,
252321,252321,0.500000,UT,,,19:21:52 07-May-2024,,1,-23.2867,151.7186,,,,,,,,,24.10,,,,,,,,,,,,,,,,,,,,,,,,,,,0,,,,,,,07:00:00 24-Feb-2024,,,
252321,252321,0.500000,UT,,,19:22:07 07-May-2024,,1,-23.2867,151.7186,,,,,6507,,,,,,,,,,,,,,,,,,,,,,,,,,,,,,,0,,,,,,,07:00:00 24-Feb-2024,,,
252321,252321,0.500000,UT,,,19:22:23 07-May-2024,,1,-23.2867,151.7186,,,,,,3.100,,,,,,,,,,,,,,,,,,,,,,,,,,,,,,0,,,,,,,07:00:00 24-Feb-2024,,,
252321,252321,0.500000,UT,,,19:23:36 07-May-2024,,1,-23.2867,151.7186,,,,,,,,,24.25,,,,,,,,,,,,,,,,,,,,,,,,,,,0,,,,,,,07:00:00 24-Feb-2024,,,
252321,252321,0.500000,UT,,,19:24:45 07-May-2024,,1,-23.2867,151.7186,,,,,6512,,,,,,,,,,,,,,,,,,,,,,,,,,,,,,,0,,,,,,,07:00:00 24-Feb-2024,,,
252321,252321,0.500000,UT,,,19:26:28 07-May-2024,,1,-23.2867,151.7186,,,,,,,,,24.70,,,,,,,,,,,,,,,,,,,,,,,,,,,0,,,,,,,07:00:00 24-Feb-2024,,,
252321,252321,0.500000,UT,,,19:26:43 07-May-2024,,1,-23.2867,151.7186,,,,,6517,,,,,,,,,,,,,,,,,,,,,,,,,,,,,,,0,,,,,,,07:00:00 24-Feb-2024,,,
252321,252321,0.500000,UT,,,19:26:58 07-May-2024,,1,-23.2867,151.7186,,,,,,3.275,,,,,,,,,,,,,,,,,,,,,,,,,,,,,,0,,,,,,,07:00:00 24-Feb-2024,,,
252321,252321,0.500000,UT,,19:32:16 07-May-2024,19:27:13 07-May-2024,-302,1,-23.2867,151.7186,CRC,,,,6519,3.150,,,24.65,,,,,,,,,,,,,,247,26,255,0,,,,,,,15,,,0,87,,,,,,07:00:00 24-Feb-2024,,,
252321,252321,0.500000,UT,1.00b,,19:27:28 07-May-2024,,1,-23.2867,151.7186,,0,,,,,,,,,,,,,,,,,,,,,,,,,,,,,,,,,,0,,,,,,,07:00:00 24-Feb-2024,,,
252321,252321,0.500000,UT,,,19:27:43 07-May-2024,,1,-23.2867,151.7186,,,,,,,,,,,,,,,,,,,,,,,,,,,,,,,,,,,,0,,,,,,,07:00:00 24-Feb-2024,,,7311
252321,252321,0.500000,UT,,,20:00:01 07-May-2024,,3,-23.2938,151.7099,,,,,6611,,,,,,,,,,,,,,,,,,,,,,,,,,,,,,,0,,,,,,,07:00:00 24-Feb-2024,,,
252321,252321,0.500000,UT,,,20:01:01 07-May-2024,,3,-23.2938,151.7099,,,,,,,,,21.65,,,,,,,,,,,,,,,,,,,,,,,,,,,0,,,,,,,07:00:00 24-Feb-2024,,,
252321,252321,0.500000,UT,,,20:01:16 07-May-2024,,3,-23.2938,151.7099,,,,,6616,,,,,,,,,,,,,,,,,,,,,,,,,,,,,,,0,,,,,,,07:00:00 24-Feb-2024,,,
252321,252321,0.500000,UT,,,20:01:31 07-May-2024,,3,-23.2938,151.7099,,,,,,3.125,,,,,,,,,,,,,,,,,,,,,,,,,,,,,,0,,,,,,,07:00:00 24-Feb-2024,,,
252321,252321,0.500000,UT,,20:07:06 07-May-2024,20:02:03 07-May-2024,-302,3,-23.2938,151.7099,CRC,,,,6619,3.025,,,21.95,,,,,,,,,,,,,,103,26,255,0,,,,,,,15,,,0,83,,,,,,07:00:00 24-Feb-2024,,,
252321,252321,0.500000,UT,,,20:03:19 07-May-2024,,3,-23.2938,151.7099,,,,,,,,,22.00,,,,,,,,,,,,,,,,,,,,,,,,,,,0,,,,,,,07:00:00 24-Feb-2024,,,
252321,252321,0.500000,UT,,,20:05:25 07-May-2024,,3,-23.2938,151.7099,,,,,6625,,,,,,,,,,,,,,,,,,,,,,,,,,,,,,,0,,,,,,,07:00:00 24-Feb-2024,,,
252321,252321,0.500000,UT,,,20:05:42 07-May-2024,,3,-23.2938,151.7099,,,,,,3.150,,,,,,,,,,,,,,,,,,,,,,,,,,,,,,0,,,,,,,07:00:00 24-Feb-2024,,,
252321,252321,0.500000,UT,1.00b,,20:06:00 07-May-2024,,3,-23.2938,151.7099,,0,,,,,,,,,,,,,,,,,,,,,,,,,,,,,,,,,,0,,,,,,,07:00:00 24-Feb-2024,,,
252321,252321,0.500000,UT,,,20:06:15 07-May-2024,,3,-23.2938,151.7099,,,,,,,,,,,,,,,,,,,,,,,,,,,,,,,,,,,,0,,,,,,,07:00:00 24-Feb-2024,,,7311
252321,252321,0.500000,UT,,,20:06:30 07-May-2024,,3,-23.2938,151.7099,,,,,,,,,21.95,,,,,,,,,,,,,,,,,,,,,,,,,,,0,,,,,,,07:00:00 24-Feb-2024,,,
252321,252321,0.500000,UT,,,20:07:08 07-May-2024,,3,-23.2938,151.7099,,,,,,3.225,,,,,,,,,,,,,,,,,,,,,,,,,,,,,,0,,,,,,,07:00:00 24-Feb-2024,,,
252321,252321,0.500000,UT,,,20:07:53 07-May-2024,,1,-23.2921,151.6958,,,,,,,,,21.75,,,,,,,,,,,,,,,,,,,,,,,,,,,0,,,,,,,07:00:00 24-Feb-2024,,,
252321,252321,0.500000,UT,,,20:08:08 07-May-2024,,1,-23.2921,151.6958,,,,,6635,,,,,,,,,,,,,,,,,,,,,,,,,,,,,,,0,,,,,,,07:00:00 24-Feb-2024,,,
252321,252321,0.500000,UT,,,20:08:23 07-May-2024,,1,-23.2921,151.6958,,,,,,3.250,,,,,,,,,,,,,,,,,,,,,,,,,,,,,,0,,,,,,,07:00:00 24-Feb-2024,,,
252321,252321,0.500000,UT,1.00b,,20:08:38 07-May-2024,,1,-23.2921,151.6958,,0,,,,,,,,,,,,,,,,,,,,,,,,,,,,,,,,,,0,,,,,,,07:00:00 24-Feb-2024,,,
252321,252321,0.500000,UT,,,20:08:53 07-May-2024,,1,-23.2921,151.6958,,,,,,,,,,,,,,,,,,,,,,,,,,,,,,,,,,,,0,,,,,,,07:00:00 24-Feb-2024,,,7311
252321,252321,0.500000,UT,,,20:12:16 07-May-2024,,1,-23.2921,151.6958,,,,,,,,,22.00,,,,,,,,,,,,,,,,,,,,,,,,,,,0,,,,,,,07:00:00 24-Feb-2024,,,
252321,252321,0.500000,UT,,,20:12:33 07-May-2024,,1,-23.2921,151.6958,,,,,6640,,,,,,,,,,,,,,,,,,,,,,,,,,,,,,,0,,,,,,,07:00:00 24-Feb-2024,,,
252321,252321,0.500000,UT,,07:21:23 08-May-2024,07:16:18 08-May-2024,-304,3,-23.2832,151.7405,CRC,,,,6644,3.150,,,24.35,,,,,,,,,,,,,,96,26,255,0,,,,,,,19,,,0,77,,,,,,07:00:00 24-Feb-2024,,,
252321,252321,0.500000,UT,,,07:16:54 08-May-2024,,3,-23.2832,151.7405,,,,,,3.225,,,,,,,,,,,,,,,,,,,,,,,,,,,,,,0,,,,,,,07:00:00 24-Feb-2024,,,
252321,252321,0.500000,UT,,,07:17:52 08-May-2024,,3,-23.2832,151.7405,,,,,,,,,24.25,,,,,,,,,,,,,,,,,,,,,,,,,,,0,,,,,,,07:00:00 24-Feb-2024,,,
252321,252321,0.500000,UT,,,07:18:09 08-May-2024,,3,-23.2832,151.7405,,,,,6650,,,,,,,,,,,,,,,,,,,,,,,,,,,,,,,0,,,,,,,07:00:00 24-Feb-2024,,,
252321,252321,0.500000,UT,,,07:19:35 08-May-2024,,3,-23.2832,151.7405,,,,,,3.125,,,,,,,,,,,,,,,,,,,,,,,,,,,,,,0,,,,,,,07:00:00 24-Feb-2024,,,
252321,252321,0.500000,UT,1.00b,,07:20:01 08-May-2024,,3,-23.2832,151.7405,,0,,,,,,,,,,,,,,,,,,,,,,,,,,,,,,,,,,0,,,,,,,07:00:00 24-Feb-2024,,,
252321,252321,0.500000,UT,,,07:20:16 08-May-2024,,3,-23.2832,151.7405,,,,,,,,,,,,,,,,,,,,,,,,,,,,,,,,,,,,0,,,,,,,07:00:00 24-Feb-2024,,,7311
252321,252321,0.500000,UT,,,07:20:32 08-May-2024,,3,-23.2832,151.7405,,,,,,,,,24.10,,,,,,,,,,,,,,,,,,,,,,,,,,,0,,,,,,,07:00:00 24-Feb-2024,,,
252321,252321,0.500000,UT,,,08:01:58 08-May-2024,,3,-23.2878,151.7267,,,,,6672,,,,,,,,,,,,,,,,,,,,,,,,,,,,,,,0,,,,,,,07:00:00 24-Feb-2024,,,
252321,252321,0.500000,UT,,,08:05:38 08-May-2024,,3,-23.2878,151.7267,,,,,,3.275,,,,,,,,,,,,,,,,,,,,,,,,,,,,,,0,,,,,,,07:00:00 24-Feb-2024,,,
252321,252321,0.500000,UT,,,08:30:38 10-May-2024,,2,-23.3133,151.6886,,,,,,,,,23.20,,,,,,,,,,,,,,,,,,,,,,,,,,,0,,,,,,,07:00:00 24-Feb-2024,,,
252321,252321,0.500000,UT,,08:36:06 10-May-2024,08:30:57 10-May-2024,-308,2,-23.3133,151.6886,CRC,,,,6719,3.250,,,23.05,,,,,,,,,,,,,,200,26,255,0,,,,,,,21,,,0,86,,,,,,07:00:00 24-Feb-2024,,,
252321,252321,0.500000,UT,,,08:32:18 10-May-2024,,2,-23.3133,151.6886,,,,,6720,,,,,,,,,,,,,,,,,,,,,,,,,,,,,,,0,,,,,,,07:00:00 24-Feb-2024,,,
252321,252321,0.500000,UT,,,08:32:54 10-May-2024,,2,-23.3133,151.6886,,,,,,3.250,,,,,,,,,,,,,,,,,,,,,,,,,,,,,,0,,,,,,,07:00:00 24-Feb-2024,,,
252321,252321,0.500000,UT,1.00b,,08:33:10 10-May-2024,,2,-23.3133,151.6886,,0,,,,,,,,,,,,,,,,,,,,,,,,,,,,,,,,,,0,,,,,,,07:00:00 24-Feb-2024,,,
252321,252321,0.500000,UT,,,08:33:27 10-May-2024,,2,-23.3133,151.6886,,,,,,,,,,,,,,,,,,,,,,,,,,,,,,,,,,,,0,,,,,,,07:00:00 24-Feb-2024,,,7311
252321,252321,0.500000,UT,,,08:36:38 10-May-2024,,2,-23.3133,151.6886,,,,,,,,,23.55,,,,,,,,,,,,,,,,,,,,,,,,,,,0,,,,,,,07:00:00 24-Feb-2024,,,
252321,252321,0.500000,UT,,,08:47:05 10-May-2024,,1,-23.2999,151.7020,,,,,6725,,,,,,,,,,,,,,,,,,,,,,,,,,,,,,,0,,,,,,,07:00:00 24-Feb-2024,,,
252321,252321,0.500000,UT,,,08:47:22 10-May-2024,,1,-23.2999,151.7020,,,,,,3.100,,,,,,,,,,,,,,,,,,,,,,,,,,,,,,0,,,,,,,07:00:00 24-Feb-2024,,,
252321,252321,0.500000,UT,,,08:48:01 10-May-2024,,1,-23.2999,151.7020,,,,,,,,,,,,,,,,,,,,,,,,,,,,,,,,,,,,0,,,,,,,07:00:00 24-Feb-2024,,,7311
252321,252321,0.500000,UT,1.00b,,08:50:37 10-May-2024,,1,-23.2999,151.7020,,0,,,,,,,,,,,,,,,,,,,,,,,,,,,,,,,,,,0,,,,,,,07:00:00 24-Feb-2024,,,
252321,252321,0.500000,UT,,,08:51:10 10-May-2024,,1,-23.2999,151.7020,,,,,,,,,23.85,,,,,,,,,,,,,,,,,,,,,,,,,,,0,,,,,,,07:00:00 24-Feb-2024,,,
252321,252321,0.500000,UT,,,08:55:44 10-May-2024,,A,-23.2668,151.6845,,,,,,,,,24.35,,,,,,,,,,,,,,,,,,,,,,,,,,,0,,,,,,,07:00:00 24-Feb-2024,,,
252321,252321,0.500000,UT,,,09:05:05 11-May-2024,,B,-23.2589,151.7074,,,,,,,,,,,,,,,,,,,,,,,,,,,,,,,,,,,,0,,,,,,,07:00:00 24-Feb-2024,,,7311
252321,252321,0.500000,UT,,,09:05:43 11-May-2024,,B,-23.2589,151.7074,,,,,6856,,,,,,,,,,,,,,,,,,,,,,,,,,,,,,,0,,,,,,,07:00:00 24-Feb-2024,,,
252321,252321,0.500000,UT,,,09:40:31 11-May-2024,,1,-23.2890,151.7472,,,,,,,,,24.90,,,,,,,,,,,,,,,,,,,,,,,,,,,0,,,,,,,07:00:00 24-Feb-2024,,,
252321,252321,0.500000,UT,,,09:40:46 11-May-2024,,1,-23.2890,151.7472,,,,,6907,,,,,,,,,,,,,,,,,,,,,,,,,,,,,,,0,,,,,,,07:00:00 24-Feb-2024,,,
252321,252321,0.500000,UT,,,09:41:04 11-May-2024,,1,-23.2890,151.7472,,,,,,3.275,,,,,,,,,,,,,,,,,,,,,,,,,,,,,,0,,,,,,,07:00:00 24-Feb-2024,,,
252321,252321,0.500000,UT,1.00b,,09:42:02 11-May-2024,,1,-23.2890,151.7472,,0,,,,,,,,,,,,,,,,,,,,,,,,,,,,,,,,,,0,,,,,,,07:00:00 24-Feb-2024,,,
252321,252321,0.500000,UT,,,09:43:27 11-May-2024,,1,-23.2890,151.7472,,,,,,3.200,,,,,,,,,,,,,,,,,,,,,,,,,,,,,,0,,,,,,,07:00:00 24-Feb-2024,,,
252321,252321,0.500000,UT,,,09:44:12 11-May-2024,,1,-23.2890,151.7472,,,,,,,,,,,,,,,,,,,,,,,,,,,,,,,,,,,,0,,,,,,,07:00:00 24-Feb-2024,,,7311
252321,252321,0.500000,UT,,,09:45:00 11-May-2024,,1,-23.2890,151.7472,,,,,6917,,,,,,,,,,,,,,,,,,,,,,,,,,,,,,,0,,,,,,,07:00:00 24-Feb-2024,,,
252321,252321,0.500000,UT,,,09:45:37 11-May-2024,,1,-23.2890,151.7472,,,,,,3.225,,,,,,,,,,,,,,,,,,,,,,,,,,,,,,0,,,,,,,07:00:00 24-Feb-2024,,,
252321,252321,0.500000,UT,,,09:46:38 11-May-2024,,1,-23.2890,151.7472,,,,,,,,,24.85,,,,,,,,,,,,,,,,,,,,,,,,,,,0,,,,,,,07:00:00 24-Feb-2024,,,
252321,252321,0.500000,UT,,,09:46:53 11-May-2024,,1,-23.2890,151.7472,,,,,6923,,,,,,,,,,,,,,,,,,,,,,,,,,,,,,,0,,,,,,,07:00:00 24-Feb-2024,,,
252321,252321,0.500000,UT,,,09:47:08 11-May-2024,,2,-23.2826,151.7601,,,,,,3.275,,,,,,,,,,,,,,,,,,,,,,,,,,,,,,0,,,,,,,07:00:00 24-Feb-2024,,,
252321,252321,0.500000,UT,1.00b,,09:47:24 11-May-2024,,1,-23.2890,151.7472,,0,,,,,,,,,,,,,,,,,,,,,,,,,,,,,,,,,,0,,,,,,,07:00:00 24-Feb-2024,,,
252321,252321,0.500000,UT,,,09:48:16 11-May-2024,,2,-23.2826,151.7601,,,,,6928,,,,,,,,,,,,,,,,,,,,,,,,,,,,,,,0,,,,,,,07:00:00 24-Feb-2024,,,
252321,252321,0.500000,UT,,,09:48:34 11-May-2024,,2,-23.2826,151.7601,,,,,,3.200,,,,,,,,,,,,,,,,,,,,,,,,,,,,,,0,,,,,,,07:00:00 24-Feb-2024,,,
252321,252321,0.500000,UT,,,09:49:23 11-May-2024,,2,-23.2826,151.7601,,,,,,,,,24.80,,,,,,,,,,,,,,,,,,,,,,,,,,,0,,,,,,,07:00:00 24-Feb-2024,,,
252321,252321,0.500000,UT,,,09:49:46 11-May-2024,,2,-23.2826,151.7601,,,,,6933,,,,,,,,,,,,,,,,,,,,,,,,,,,,,,,0,,,,,,,07:00:00 24-Feb-2024,,,
252321,252321,0.500000,UT,,,09:53:38 11-May-2024,,2,-23.2826,151.7601,,,,,,3.175,,,,,,,,,,,,,,,,,,,,,,,,,,,,,,0,,,,,,,07:00:00 24-Feb-2024,,,
252321,252321,0.500000,UT,,,09:54:23 11-May-2024,,2,-23.2826,151.7601,,,,,,,,,24.90,,,,,,,,,,,,,,,,,,,,,,,,,,,0,,,,,,,07:00:00 24-Feb-2024,,,
252321,252321,0.500000,UT,,,09:54:38 11-May-2024,,2,-23.2826,151.7601,,,,,6938,,,,,,,,,,,,,,,,,,,,,,,,,,,,,,,0,,,,,,,07:00:00 24-Feb-2024,,,
252321,252321,0.500000,UT,,,09:55:43 11-May-2024,,2,-23.2826,151.7601,,,,,,,,,24.70,,,,,,,,,,,,,,,,,,,,,,,,,,,0,,,,,,,07:00:00 24-Feb-2024,,,
252321,252321,0.500000,UT,1.00b,,09:56:44 11-May-2024,,2,-23.2826,151.7601,,0,,,,,,,,,,,,,,,,,,,,,,,,,,,,,,,,,,0,,,,,,,07:00:00 24-Feb-2024,,,
252321,252321,0.500000,UT,,,09:57:03 11-May-2024,,2,-23.2826,151.7601,,,,,,,,,,,,,,,,,,,,,,,,,,,,,,,,,,,,0,,,,,,,07:00:00 24-Feb-2024,,,7311
252321,252321,0.500000,UT,,,10:41:52 12-May-2024,,1,-23.2981,151.7293,,,,,,,,,24.45,,,,,,,,,,,,,,,,,,,,,,,,,,,0,,,,,,,07:00:00 24-Feb-2024,,,
252321,252321,0.500000,UT,,,10:42:22 12-May-2024,,1,-23.2981,151.7293,,,,,6995,,,,,,,,,,,,,,,,,,,,,,,,,,,,,,,0,,,,,,,07:00:00 24-Feb-2024,,,
252321,252321,0.500000,UT,,,10:43:25 12-May-2024,,1,-23.2981,151.7293,,,,,,,,,24.60,,,,,,,,,,,,,,,,,,,,,,,,,,,0,,,,,,,07:00:00 24-Feb-2024,,,
252321,252321,0.500000,UT,,,10:43:40 12-May-2024,,1,-23.2981,151.7293,,,,,7000,,,,,,,,,,,,,,,,,,,,,,,,,,,,,,,0,,,,,,,07:00:00 24-Feb-2024,,,
252321,252321,0.500000,UT,,,10:43:55 12-May-2024,,1,-23.2981,151.7293,,,,,,3.275,,,,,,,,,,,,,,,,,,,,,,,,,,,,,,0,,,,,,,07:00:00 24-Feb-2024,,,
252321,252321,0.500000,UT,,,10:45:06 12-May-2024,,1,-23.2981,151.7293,,,,,,,,,24.80,,,,,,,,,,,,,,,,,,,,,,,,,,,0,,,,,,,07:00:00 24-Feb-2024,,,
252321,252321,0.500000,UT,,,10:45:50 12-May-2024,,1,-23.2981,151.7293,,,,,,3.175,,,,,,,,,,,,,,,,,,,,,,,,,,,,,,0,,,,,,,07:00:00 24-Feb-2024,,,
252321,252321,0.500000,UT,1.00b,,10:46:05 12-May-2024,,1,-23.2981,151.7293,,0,,,,,,,,,,,,,,,,,,,,,,,,,,,,,,,,,,0,,,,,,,07:00:00 24-Feb-2024,,,
252321,252321,0.500000,UT,,,10:46:23 12-May-2024,,1,-23.2981,151.7293,,,,,,,,,,,,,,,,,,,,,,,,,,,,,,,,,,,,0,,,,,,,07:00:00 24-Feb-2024,,,7311
252321,252321,0.500000,UT,,,10:46:51 12-May-2024,,1,-23.2981,151.7293,,,,,,,,,24.85,,,,,,,,,,,,,,,,,,,,,,,,,,,0,,,,,,,07:00:00 24-Feb-2024,,,
252321,252321,0.500000,UT,,,10:49:17 12-May-2024,,1,-23.2981,151.7293,,,,,7010,,,,,,,,,,,,,,,,,,,,,,,,,,,,,,,0,,,,,,,07:00:00 24-Feb-2024,,,
252321,252321,0.500000,UT,,,10:51:03 12-May-2024,,1,-23.2981,151.7293,,,,,,3.075,,,,,,,,,,,,,,,,,,,,,,,,,,,,,,0,,,,,,,07:00:00 24-Feb-2024,,,
252321,252321,0.500000,UT,1.00b,,10:51:21 12-May-2024,,1,-23.2981,151.7293,,0,,,,,,,,,,,,,,,,,,,,,,,,,,,,,,,,,,0,,,,,,,07:00:00 24-Feb-2024,,,
252321,252321,0.500000,UT,,,10:59:50 12-May-2024,,1,-23.2939,151.7280,,,,,7031,,,,,,,,,,,,,,,,,,,,,,,,,,,,,,,0,,,,,,,07:00:00 24-Feb-2024,,,
252321,252321,0.500000,UT,,,11:00:11 12-May-2024,,1,-23.2939,151.7280,,,,,,3.200,,,,,,,,,,,,,,,,,,,,,,,,,,,,,,0,,,,,,,07:00:00 24-Feb-2024,,,
252321,252321,0.500000,UT,1.00b,,11:00:31 12-May-2024,,1,-23.2939,151.7280,,0,,,,,,,,,,,,,,,,,,,,,,,,,,,,,,,,,,0,,,,,,,07:00:00 24-Feb-2024,,,
252321,252321,0.500000,UT,,,11:01:48 12-May-2024,,1,-23.2939,151.7280,,,,,,,,,24.95,,,,,,,,,,,,,,,,,,,,,,,,,,,0,,,,,,,07:00:00 24-Feb-2024,,,
252321,252321,0.500000,UT,,,11:02:50 12-May-2024,,1,-23.2939,151.7280,,,,,,3.175,,,,,,,,,,,,,,,,,,,,,,,,,,,,,,0,,,,,,,07:00:00 24-Feb-2024,,,
252321,252321,0.500000,UT,,,11:03:26 12-May-2024,,1,-23.2939,151.7280,,,,,,,,,,,,,,,,,,,,,,,,,,,,,,,,,,,,0,,,,,,,07:00:00 24-Feb-2024,,,7311
252321,252321,0.500000,UT,,,11:03:48 12-May-2024,,1,-23.2939,151.7280,,,,,,,,,24.90,,,,,,,,,,,,,,,,,,,,,,,,,,,0,,,,,,,07:00:00 24-Feb-2024,,,
252321,252321,0.500000,UT,,,11:04:03 12-May-2024,,1,-23.2939,151.7280,,,,,7026,,,,,,,,,,,,,,,,,,,,,,,,,,,,,,,0,,,,,,,07:00:00 24-Feb-2024,,,
252321,252321,0.500000,UT,,,11:04:35 12-May-2024,,1,-23.2939,151.7280,,,,,,3.150,,,,,,,,,,,,,,,,,,,,,,,,,,,,,,0,,,,,,,07:00:00 24-Feb-2024,,,
252321,252321,0.500000,UT,1.00b,,11:04:59 12-May-2024,,A,-23.2964,151.7303,,0,,,,,,,,,,,,,,,,,,,,,,,,,,,,,,,,,,0,,,,,,,07:00:00 24-Feb-2024,,,
252321,252321,0.500000,UT,,,11:06:17 12-May-2024,,A,-23.2964,151.7303,,,,,,,,,,,,,,,,,,,,,,,,,,,,,,,,,,,,0,,,,,,,07:00:00 24-Feb-2024,,,7311
252321,252321,0.500000,UT,,,11:07:11 12-May-2024,,A,-23.2964,151.7303,,,,,,,,,24.80,,,,,,,,,,,,,,,,,,,,,,,,,,,0,,,,,,,07:00:00 24-Feb-2024,,,
252321,252321,0.500000,UT,,,11:11:05 13-May-2024,,3,-23.2842,151.7172,,,,,,3.200,,,,,,,,,,,,,,,,,,,,,,,,,,,,,,0,,,,,,,07:00:00 24-Feb-2024,,,
252321,252321,0.500000,UT,,,11:11:38 13-May-2024,,3,-23.2842,151.7172,,,,,,,,,,,,,,,,,,,,,,,,,,,,,,,,,,,,0,,,,,,,07:00:00 24-Feb-2024,,,7311
252321,252321,0.500000,UT,,,11:12:46 13-May-2024,,3,-23.2842,151.7172,,,,,,3.075,,,,,,,,,,,,,,,,,,,,,,,,,,,,,,0,,,,,,,07:00:00 24-Feb-2024,,,
252321,252321,0.500000,UT,,,11:15:56 13-May-2024,,3,-23.2842,151.7172,,,,,7049,,,,,,,,,,,,,,,,,,,,,,,,,,,,,,,0,,,,,,,07:00:00 24-Feb-2024,,,
252321,252321,0.500000,UT,,,11:16:24 13-May-2024,,3,-23.2842,151.7172,,,,,,3.175,,,,,,,,,,,,,,,,,,,,,,,,,,,,,,0,,,,,,,07:00:00 24-Feb-2024,,,
252321,252321,0.500000,UT,,,11:16:58 13-May-2024,,3,-23.2842,151.7172,,,,,,,,,,,,,,,,,,,,,,,,,,,,,,,,,,,,0,,,,,,,07:00:00 24-Feb-2024,,,7311
252321,252321,0.500000,UT,,,11:17:17 13-May-2024,,3,-23.2842,151.7172,,,,,,,,,24.85,,,,,,,,,,,,,,,,,,,,,,,,,,,0,,,,,,,07:00:00 24-Feb-2024,,,
252321,252321,0.500000,UT,,,11:18:29 13-May-2024,,3,-23.2842,151.7172,,,,,,3.150,,,,,,,,,,,,,,,,,,,,,,,,,,,,,,0,,,,,,,07:00:00 24-Feb-2024,,,
252321,252321,0.500000,UT,1.00b,,11:18:51 13-May-2024,,3,-23.2842,151.7172,,0,,,,,,,,,,,,,,,,,,,,,,,,,,,,,,,,,,0,,,,,,,07:00:00 24-Feb-2024,,,
252321,252321,0.500000,UT,1.00b,,12:41:11 13-May-2024,,1,-23.2824,151.7100,,0,,,,,,,,,,,,,,,,,,,,,,,,,,,,,,,,,,0,,,,,,,07:00:00 24-Feb-2024,,,
252321,252321,0.500000,UT,,,12:41:44 13-May-2024,,1,-23.2824,151.7100,,,,,,,,,,,,,,,,,,,,,,,,,,,,,,,,,,,,0,,,,,,,07:00:00 24-Feb-2024,,,7311
252321,252321,0.500000,UT,,,12:43:17 13-May-2024,,1,-23.2824,151.7100,,,,,,,,,23.20,,,,,,,,,,,,,,,,,,,,,,,,,,,0,,,,,,,07:00:00 24-Feb-2024,,,
252321,252321,0.500000,UT,,,09:05:07 14-May-2024,,B,-23.3187,151.7980,,,,,,,,,,,,,,,,,,,,,,,,,,,,,,,,,,,,0,,,,,,,07:00:00 24-Feb-2024,,,7311
252321,252321,0.500000,UT,,,09:06:47 14-May-2024,,B,-23.3187,151.7980,,,,,,,,,23.90,,,,,,,,,,,,,,,,,,,,,,,,,,,0,,,,,,,07:00:00 24-Feb-2024,,,
252321,252321,0.500000,UT,,,13:32:23 15-May-2024,,3,-23.2961,151.6937,,,,,,,,,23.85,,,,,,,,,,,,,,,,,,,,,,,,,,,0,,,,,,,07:00:00 24-Feb-2024,,,
252321,252321,0.500000,UT,,,13:32:43 15-May-2024,,3,-23.2961,151.6937,,,,,7203,,,,,,,,,,,,,,,,,,,,,,,,,,,,,,,0,,,,,,,07:00:00 24-Feb-2024,,,
252321,252321,0.500000,UT,,,13:33:07 15-May-2024,,3,-23.2961,151.6937,,,,,,3.225,,,,,,,,,,,,,,,,,,,,,,,,,,,,,,0,,,,,,,07:00:00 24-Feb-2024,,,
252321,252321,0.500000,UT,1.00b,,13:33:22 15-May-2024,,3,-23.2961,151.6937,,0,,,,,,,,,,,,,,,,,,,,,,,,,,,,,,,,,,0,,,,,,,07:00:00 24-Feb-2024,,,
252321,252321,0.500000,UT,,,13:33:38 15-May-2024,,3,-23.2961,151.6937,,,,,,,,,,,,,,,,,,,,,,,,,,,,,,,,,,,,0,,,,,,,07:00:00 24-Feb-2024,,,7311
252321,252321,0.500000,UT,,,13:34:28 15-May-2024,,3,-23.2961,151.6937,,,,,,,,,24.10,,,,,,,,,,,,,,,,,,,,,,,,,,,0,,,,,,,07:00:00 24-Feb-2024,,,
252321,252321,0.500000,UT,,,13:34:59 15-May-2024,,3,-23.2961,151.6937,,,,,,3.150,,,,,,,,,,,,,,,,,,,,,,,,,,,,,,0,,,,,,,07:00:00 24-Feb-2024,,,
252321,252321,0.500000,UT,,,13:35:33 15-May-2024,,3,-23.2961,151.6937,,,,,,,,,,,,,,,,,,,,,,,,,,,,,,,,,,,,0,,,,,,,07:00:00 24-Feb-2024,,,7311
252321,252321,0.500000,UT,,,13:37:09 15-May-2024,,3,-23.2961,151.6937,,,,,,,,,24.25,,,,,,,,,,,,,,,,,,,,,,,,,,,0,,,,,,,07:00:00 24-Feb-2024,,,
252321,252321,0.500000,UT,,,13:37:24 15-May-2024,,3,-23.2961,151.6937,,,,,7213,,,,,,,,,,,,,,,,,,,,,,,,,,,,,,,0,,,,,,,07:00:00 24-Feb-2024,,,
252321,252321,0.500000,UT,1.00b,,13:37:54 15-May-2024,,3,-23.2961,151.6937,,0,,,,,,,,,,,,,,,,,,,,,,,,,,,,,,,,,,0,,,,,,,07:00:00 24-Feb-2024,,,
252321,252321,0.500000,UT,,,13:38:27 15-May-2024,,3,-23.2961,151.6937,,,,,,,,,24.00,,,,,,,,,,,,,,,,,,,,,,,,,,,0,,,,,,,07:00:00 24-Feb-2024,,,
252321,252321,0.500000,UT,,,13:39:09 15-May-2024,,3,-23.2961,151.6937,,,,,7218,,,,,,,,,,,,,,,,,,,,,,,,,,,,,,,0,,,,,,,07:00:00 24-Feb-2024,,,
252321,252321,0.500000,UT,,,13:51:41 15-May-2024,,3,-23.2869,151.7064,,,,,7266,,,,,,,,,,,,,,,,,,,,,,,,,,,,,,,0,,,,,,,07:00:00 24-Feb-2024,,,
252321,252321,0.500000,UT,,,13:51:56 15-May-2024,,3,-23.2869,151.7064,,,,,,3.250,,,,,,,,,,,,,,,,,,,,,,,,,,,,,,0,,,,,,,07:00:00 24-Feb-2024,,,
252321,252321,0.500000,UT,,,13:52:57 15-May-2024,,3,-23.2869,151.7064,,,,,,,,,24.10,,,,,,,,,,,,,,,,,,,,,,,,,,,0,,,,,,,07:00:00 24-Feb-2024,,,
252321,252321,0.500000,UT,,,13:53:12 15-May-2024,,3,-23.2869,151.7064,,,,,7239,,,,,,,,,,,,,,,,,,,,,,,,,,,,,,,0,,,,,,,07:00:00 24-Feb-2024,,,
252321,252321,0.500000,UT,,,13:53:54 15-May-2024,,3,-23.2869,151.7064,,,,,,3.150,,,,,,,,,,,,,,,,,,,,,,,,,,,,,,0,,,,,,,07:00:00 24-Feb-2024,,,
252321,252321,0.500000,UT,,,13:54:39 15-May-2024,,3,-23.2869,151.7064,,,,,,,,,24.30,,,,,,,,,,,,,,,,,,,,,,,,,,,0,,,,,,,07:00:00 24-Feb-2024,,,
252321,252321,0.500000,UT,,14:00:15 15-May-2024,13:54:54 15-May-2024,-320,3,-23.2869,151.7064,CRC,,,,7244,3.150,,,24.35,,,,,,,,,,,,,,253,26,255,0,,,,,,,17,,,0,87,,,,,,07:00:00 24-Feb-2024,,,
252321,252321,0.500000,UT,,,13:55:09 15-May-2024,,3,-23.2869,151.7064,,,,,7245,,,,,,,,,,,,,,,,,,,,,,,,,,,,,,,0,,,,,,,07:00:00 24-Feb-2024,,,
252321,252321,0.500000,UT,,,13:56:15 15-May-2024,,3,-23.2869,151.7064,,,,,,3.025,,,,,,,,,,,,,,,,,,,,,,,,,,,,,,0,,,,,,,07:00:00 24-Feb-2024,,,
252321,252321,0.500000,UT,,,13:57:16 15-May-2024,,3,-23.2869,151.7064,,,,,7250,,,,,,,,,,,,,,,,,,,,,,,,,,,,,,,0,,,,,,,07:00:00 24-Feb-2024,,,
252321,252321,0.500000,UT,,,13:58:32 15-May-2024,,3,-23.2869,151.7064,,,,,7255,,,,,,,,,,,,,,,,,,,,,,,,,,,,,,,0,,,,,,,07:00:00 24-Feb-2024,,,
252321,252321,0.500000,UT,,,13:58:51 15-May-2024,,3,-23.2869,151.7064,,,,,,3.225,,,,,,,,,,,,,,,,,,,,,,,,,,,,,,0,,,,,,,07:00:00 24-Feb-2024,,,
252321,252321,0.500000,UT,,,13:59:39 15-May-2024,,3,-23.2869,151.7064,,,,,,,,,24.25,,,,,,,,,,,,,,,,,,,,,,,,,,,0,,,,,,,07:00:00 24-Feb-2024,,,
252321,252321,0.500000,UT,,,13:59:57 15-May-2024,,3,-23.2869,151.7064,,,,,7260,,,,,,,,,,,,,,,,,,,,,,,,,,,,,,,0,,,,,,,07:00:00 24-Feb-2024,,,
252321,252321,0.500000,UT,,,14:01:25 15-May-2024,,3,-23.2869,151.7064,,,,,,,,,,,,,,,,,,,,,,,,,,,,,,,,,,,,0,,,,,,,07:00:00 24-Feb-2024,,,7311
252321,252321,0.500000,UT,,,14:01:44 15-May-2024,,3,-23.2869,151.7064,,,,,,,,,24.45,,,,,,,,,,,,,,,,,,,,,,,,,,,0,,,,,,,07:00:00 24-Feb-2024,,,
252321,252321,0.500000,UT,1.00b,,14:04:50 15-May-2024,,3,-23.2869,151.7064,,0,,,,,,,,,,,,,,,,,,,,,,,,,,,,,,,,,,0,,,,,,,07:00:00 24-Feb-2024,,,
252321,252321,0.500000,UT,1.00b,,14:46:50 16-May-2024,,B,-23.2831,151.7436,,0,,,,,,,,,,,,,,,,,,,,,,,,,,,,,,,,,,0,,,,,,,07:00:00 24-Feb-2024,,,
252321,252321,0.500000,UT,,,11:38:53 19-May-2024,,2,-23.3119,151.6932,,,,,,,,,23.70,,,,,,,,,,,,,,,,,,,,,,,,,,,0,,,,,,,07:00:00 24-Feb-2024,,,
252321,252321,0.500000,UT,,,11:43:04 19-May-2024,,2,-23.3119,151.6932,,,,,7604,,,,,,,,,,,,,,,,,,,,,,,,,,,,,,,0,,,,,,,07:00:00 24-Feb-2024,,,
252321,252321,0.500000,UT,,,11:44:10 19-May-2024,,2,-23.3119,151.6932,,,,,,,,,,,,,,,,,,,,,,,,,,,,,,,,,,,,0,,,,,,,07:00:00 24-Feb-2024,,,7311
252321,252321,0.500000,UT,,,11:44:46 19-May-2024,,2,-23.3119,151.6932,,,,,7609,,,,,,,,,,,,,,,,,,,,,,,,,,,,,,,0,,,,,,,07:00:00 24-Feb-2024,,,
252321,252321,0.500000,UT,,,17:07:48 19-May-2024,,1,-23.3055,151.7005,,,,,,,,,,,,,,,,,,,,,,,,,,,,,,,,,,,,0,,,,,,,07:00:00 24-Feb-2024,,,7311
252321,252321,0.500000,UT,,,17:08:38 19-May-2024,,1,-23.3055,151.7005,,,,,,,,,23.55,,,,,,,,,,,,,,,,,,,,,,,,,,,0,,,,,,,07:00:00 24-Feb-2024,,,
252321,252321,0.500000,UT,,,17:08:56 19-May-2024,,1,-23.3055,151.7005,,,,,7662,,,,,,,,,,,,,,,,,,,,,,,,,,,,,,,0,,,,,,,07:00:00 24-Feb-2024,,,
252321,252321,0.500000,UT,,,17:09:11 19-May-2024,,1,-23.3055,151.7005,,,,,,3.250,,,,,,,,,,,,,,,,,,,,,,,,,,,,,,0,,,,,,,07:00:00 24-Feb-2024,,,
252321,252321,0.500000,UT,1.00b,,17:09:27 19-May-2024,,1,-23.3055,151.7005,,0,,,,,,,,,,,,,,,,,,,,,,,,,,,,,,,,,,0,,,,,,,07:00:00 24-Feb-2024,,,
252321,252321,0.500000,UT,,,21:12:13 21-May-2024,,B,-23.2764,151.6816,,,,,,,,,,,,,,,,,,,,,,,,,,,,,,,,,,,,0,,,,,,,07:00:00 24-Feb-2024,,,7311
252321,252321,0.500000,UT,,,07:09:04 22-May-2024,,A,-23.2888,151.7415,,,,,7738,,,,,,,,,,,,,,,,,,,,,,,,,,,,,,,0,,,,,,,07:00:00 24-Feb-2024,,,
252321,252321,0.500000,UT,,,20:11:58 23-May-2024,,A,-23.4223,151.8210,,,,,,,,,23.50,,,,,,,,,,,,,,,,,,,,,,,,,,,0,,,,,,,07:00:00 24-Feb-2024,,,
252321,252321,0.500000,UT,,,08:14:42 25-May-2024,,3,-23.2827,151.7418,,,,,,3.050,,,,,,,,,,,,,,,,,,,,,,,,,,,,,,0,,,,,,,07:00:00 24-Feb-2024,,,
252321,252321,0.500000,UT,,,08:15:37 25-May-2024,,3,-23.2827,151.7418,,,,,,,,,22.85,,,,,,,,,,,,,,,,,,,,,,,,,,,0,,,,,,,07:00:00 24-Feb-2024,,,
252321,252321,0.500000,UT,,,08:15:57 25-May-2024,,3,-23.2827,151.7418,,,,,7884,,,,,,,,,,,,,,,,,,,,,,,,,,,,,,,0,,,,,,,07:00:00 24-Feb-2024,,,
252321,252321,0.500000,UT,,,08:16:14 25-May-2024,,3,-23.2827,151.7418,,,,,,3.000,,,,,,,,,,,,,,,,,,,,,,,,,,,,,,0,,,,,,,07:00:00 24-Feb-2024,,,
252321,252321,0.500000,UT,,,08:16:58 25-May-2024,,3,-23.2827,151.7418,,,,,,,,,,,,,,,,,,,,,,,,,,,,,,,,,,,,0,,,,,,,07:00:00 24-Feb-2024,,,7311
252321,252321,0.500000,UT,,,08:17:22 25-May-2024,,3,-23.2827,151.7418,,,,,,,,,22.95,,,,,,,,,,,,,,,,,,,,,,,,,,,0,,,,,,,07:00:00 24-Feb-2024,,,
252321,252321,0.500000,UT,,,08:17:37 25-May-2024,,3,-23.2827,151.7418,,,,,7889,,,,,,,,,,,,,,,,,,,,,,,,,,,,,,,0,,,,,,,07:00:00 24-Feb-2024,,,
252321,252321,0.500000,UT,,,08:17:53 25-May-2024,,3,-23.2827,151.7418,,,,,,3.175,,,,,,,,,,,,,,,,,,,,,,,,,,,,,,0,,,,,,,07:00:00 24-Feb-2024,,,
252321,252321,0.500000,UT,,,08:22:01 25-May-2024,,3,-23.2827,151.7418,,,,,,,,,23.05,,,,,,,,,,,,,,,,,,,,,,,,,,,0,,,,,,,07:00:00 24-Feb-2024,,,
252321,252321,0.500000,UT,,08:27:59 25-May-2024,08:22:16 25-May-2024,-342,3,-23.2827,151.7418,CRC,,,,7894,3.225,,,23.05,,,,,,,,,,,,,,255,26,255,0,,,,,,,23,,,0,90,,,,,,07:00:00 24-Feb-2024,,,
252321,252321,0.500000,UT,,,08:22:31 25-May-2024,,3,-23.2827,151.7418,,,,,7895,,,,,,,,,,,,,,,,,,,,,,,,,,,,,,,0,,,,,,,07:00:00 24-Feb-2024,,,
252321,252321,0.500000,UT,,,08:22:47 25-May-2024,,3,-23.2827,151.7418,,,,,,3.225,,,,,,,,,,,,,,,,,,,,,,,,,,,,,,0,,,,,,,07:00:00 24-Feb-2024,,,
252321,252321,0.500000,UT,,,08:23:32 25-May-2024,,3,-23.2827,151.7418,,,,,,,,,22.90,,,,,,,,,,,,,,,,,,,,,,,,,,,0,,,,,,,07:00:00 24-Feb-2024,,,
252321,252321,0.500000,UT,,,08:23:47 25-May-2024,,3,-23.2827,151.7418,,,,,7900,,,,,,,,,,,,,,,,,,,,,,,,,,,,,,,0,,,,,,,07:00:00 24-Feb-2024,,,
252321,252321,0.500000,UT,,,08:24:02 25-May-2024,,3,-23.2827,151.7418,,,,,,3.250,,,,,,,,,,,,,,,,,,,,,,,,,,,,,,0,,,,,,,07:00:00 24-Feb-2024,,,
252321,252321,0.500000,UT,,,08:25:02 25-May-2024,,3,-23.2827,151.7418,,,,,7905,,,,,,,,,,,,,,,,,,,,,,,,,,,,,,,0,,,,,,,07:00:00 24-Feb-2024,,,
252321,252321,0.500000,UT,,,08:25:18 25-May-2024,,3,-23.2827,151.7418,,,,,,3.050,,,,,,,,,,,,,,,,,,,,,,,,,,,,,,0,,,,,,,07:00:00 24-Feb-2024,,,
252321,252321,0.500000,UT,,,08:25:48 25-May-2024,,3,-23.2827,151.7418,,,,,,,,,,,,,,,,,,,,,,,,,,,,,,,,,,,,0,,,,,,,07:00:00 24-Feb-2024,,,7311
252321,252321,0.500000,UT,,,08:26:04 25-May-2024,,3,-23.2827,151.7418,,,,,,,,,22.75,,,,,,,,,,,,,,,,,,,,,,,,,,,0,,,,,,,07:00:00 24-Feb-2024,,,
252321,252321,0.500000,UT,1.00b,,08:26:49 25-May-2024,,3,-23.2827,151.7418,,0,,,,,,,,,,,,,,,,,,,,,,,,,,,,,,,,,,0,,,,,,,07:00:00 24-Feb-2024,,,
252321,252321,0.500000,UT,,,08:30:55 25-May-2024,,0,-23.2944,151.7447,,,,,7921,,,,,,,,,,,,,,,,,,,,,,,,,,,,,,,0,,,,,,,07:00:00 24-Feb-2024,,,
252321,252321,0.500000,UT,,,08:31:52 25-May-2024,,0,-23.2944,151.7447,,,,,,,,,,,,,,,,,,,,,,,,,,,,,,,,,,,,0,,,,,,,07:00:00 24-Feb-2024,,,7311
252321,252321,0.500000,UT,,,08:32:09 25-May-2024,,0,-23.2944,151.7447,,,,,,,,,22.90,,,,,,,,,,,,,,,,,,,,,,,,,,,0,,,,,,,07:00:00 24-Feb-2024,,,
252321,252321,0.500000,UT,1.00b,,08:46:52 25-May-2024,,B,-23.2949,151.7438,,0,,,,,,,,,,,,,,,,,,,,,,,,,,,,,,,,,,0,,,,,,,07:00:00 24-Feb-2024,,,
252321,252321,0.500000,UT,,,09:59:35 26-May-2024,,B,-23.2887,151.7443,,,,,,3.250,,,,,,,,,,,,,,,,,,,,,,,,,,,,,,0,,,,,,,07:00:00 24-Feb-2024,,,
252321,252321,0.500000,UT,1.00b,,13:48:16 26-May-2024,,B,-23.2903,151.7080,,0,,,,,,,,,,,,,,,,,,,,,,,,,,,,,,,,,,0,,,,,,,07:00:00 24-Feb-2024,,,
252321,252321,0.500000,UT,,,10:18:41 28-May-2024,,B,-23.2889,151.7162,,,,,,,,,,,,,,,,,,,,,,,,,,,,,,,,,,,,0,,,,,,,07:00:00 24-Feb-2024,,,7311
252321,252321,0.500000,UT,,,10:57:57 28-May-2024,,1,-23.2956,151.7574,,,,,8015,,,,,,,,,,,,,,,,,,,,,,,,,,,,,,,0,,,,,,,07:00:00 24-Feb-2024,,,
252321,252321,0.500000,UT,,,10:58:50 28-May-2024,,1,-23.2956,151.7574,,,,,,,,,,,,,,,,,,,,,,,,,,,,,,,,,,,,0,,,,,,,07:00:00 24-Feb-2024,,,23695
252321,252321,0.500000,UT,,11:04:55 28-May-2024,10:59:05 28-May-2024,-349,1,-23.2956,151.7574,CRC,,,,8019,3.250,,,23.55,,,,,,,,,,,,,,255,26,27,0,,,,,,,27,,,0,84,,,,,,07:00:00 24-Feb-2024,,,
252321,252321,0.500000,UT,,,10:59:20 28-May-2024,,1,-23.2956,151.7574,,,,,,,,,23.40,,,,,,,,,,,,,,,,,,,,,,,,,,,0,,,,,,,07:00:00 24-Feb-2024,,,
252321,252321,0.500000,UT,,,11:00:34 28-May-2024,,1,-23.2956,151.7574,,,,,,,,,,,,,,,,,,,,,,,,,,,,,,,,,,,,0,,,,,,,07:00:00 24-Feb-2024,,,7311
252321,252321,0.500000,UT,,,11:01:29 28-May-2024,,1,-23.2956,151.7574,,,,,,3.100,,,,,,,,,,,,,,,,,,,,,,,,,,,,,,0,,,,,,,07:00:00 24-Feb-2024,,,
252321,252321,0.500000,UT,,,11:07:47 28-May-2024,,1,-23.2956,151.7574,,,,,,,,,,,,,,,,,,,,,,,,,,,,,,,,,,,,0,,,,,,,07:00:00 24-Feb-2024,,,7311
252321,252321,0.500000,UT,,,11:08:33 28-May-2024,,1,-23.2956,151.7574,,,,,,,,,23.75,,,,,,,,,,,,,,,,,,,,,,,,,,,0,,,,,,,07:00:00 24-Feb-2024,,,
252321,252321,0.500000,UT,1.00b,,11:09:28 28-May-2024,,1,-23.2956,151.7574,,0,,,,,,,,,,,,,,,,,,,,,,,,,,,,,,,,,,0,,,,,,,07:00:00 24-Feb-2024,,,
252321,252321,0.500000,UT,,,11:10:40 28-May-2024,,1,-23.2871,151.7375,,,,,8036,,,,,,,,,,,,,,,,,,,,,,,,,,,,,,,0,,,,,,,07:00:00 24-Feb-2024,,,
252321,252321,0.500000,UT,,,11:10:55 28-May-2024,,1,-23.2871,151.7375,,,,,,3.175,,,,,,,,,,,,,,,,,,,,,,,,,,,,,,0,,,,,,,07:00:00 24-Feb-2024,,,
252321,252321,0.500000,UT,,,11:12:02 28-May-2024,,1,-23.2871,151.7375,,,,,,,,,23.85,,,,,,,,,,,,,,,,,,,,,,,,,,,0,,,,,,,07:00:00 24-Feb-2024,,,
252321,252321,0.500000,UT,,,11:12:17 28-May-2024,,1,-23.2871,151.7375,,,,,8041,,,,,,,,,,,,,,,,,,,,,,,,,,,,,,,0,,,,,,,07:00:00 24-Feb-2024,,,
252321,252321,0.500000,UT,,,11:12:47 28-May-2024,,1,-23.2871,151.7375,,,,,,3.150,,,,,,,,,,,,,,,,,,,,,,,,,,,,,,0,,,,,,,07:00:00 24-Feb-2024,,,
252321,252321,0.500000,UT,,11:19:14 28-May-2024,11:13:24 28-May-2024,-349,1,-23.2871,151.7375,CRC,,,,8044,3.150,,,23.75,,,,,,,,,,,,,,113,26,27,0,,,,,,,27,,,0,87,,,,,,07:00:00 24-Feb-2024,,,
252321,252321,0.500000,UT,,,11:13:42 28-May-2024,,1,-23.2871,151.7375,,,,,,,,,,,,,,,,,,,,,,,,,,,,,,,,,,,,0,,,,,,,07:00:00 24-Feb-2024,,,7311
252321,252321,0.500000,UT,,,11:14:03 28-May-2024,,1,-23.2871,151.7375,,,,,,,,,23.75,,,,,,,,,,,,,,,,,,,,,,,,,,,0,,,,,,,07:00:00 24-Feb-2024,,,
252321,252321,0.500000,UT,,,11:16:04 28-May-2024,,1,-23.2871,151.7375,,,,,8052,,,,,,,,,,,,,,,,,,,,,,,,,,,,,,,0,,,,,,,07:00:00 24-Feb-2024,,,
252321,252321,0.500000,UT,,,11:16:24 28-May-2024,,1,-23.2871,151.7375,,,,,,3.075,,,,,,,,,,,,,,,,,,,,,,,,,,,,,,0,,,,,,,07:00:00 24-Feb-2024,,,
252321,252321,0.500000,UT,1.00b,,11:16:39 28-May-2024,,1,-23.2871,151.7375,,0,,,,,,,,,,,,,,,,,,,,,,,,,,,,,,,,,,0,,,,,,,07:00:00 24-Feb-2024,,,
252321,252321,0.500000,UT,,,12:54:19 28-May-2024,,B,-23.2889,151.7645,,,,,,3.275,,,,,,,,,,,,,,,,,,,,,,,,,,,,,,0,,,,,,,07:00:00 24-Feb-2024,,,
252321,252321,0.500000,UT,,,11:30:28 29-May-2024,,1,-23.2906,151.7163,,,,,8118,,,,,,,,,,,,,,,,,,,,,,,,,,,,,,,0,,,,,,,07:00:00 24-Feb-2024,,,
252321,252321,0.500000,UT,,11:36:35 29-May-2024,11:30:43 29-May-2024,-351,1,-23.2906,151.7163,CRC,,,,8119,3.225,,,22.85,,,,,,,,,,,,,,238,25,255,0,,,,,,,23,,,0,85,,,,,,07:00:00 24-Feb-2024,,,
252321,252321,0.500000,UT,,,11:32:55 29-May-2024,,1,-23.2906,151.7163,,,,,,,,,22.85,,,,,,,,,,,,,,,,,,,,,,,,,,,0,,,,,,,07:00:00 24-Feb-2024,,,
252321,252321,0.500000,UT,,,11:33:21 29-May-2024,,1,-23.2906,151.7163,,,,,8124,,,,,,,,,,,,,,,,,,,,,,,,,,,,,,,0,,,,,,,07:00:00 24-Feb-2024,,,
252321,252321,0.500000,UT,,,11:33:40 29-May-2024,,1,-23.2906,151.7163,,,,,,3.125,,,,,,,,,,,,,,,,,,,,,,,,,,,,,,0,,,,,,,07:00:00 24-Feb-2024,,,
252321,252321,0.500000,UT,,,11:34:32 29-May-2024,,1,-23.2906,151.7163,,,,,,,,,23.00,,,,,,,,,,,,,,,,,,,,,,,,,,,0,,,,,,,07:00:00 24-Feb-2024,,,
252321,252321,0.500000,UT,,,11:34:52 29-May-2024,,1,-23.2906,151.7163,,,,,8129,,,,,,,,,,,,,,,,,,,,,,,,,,,,,,,0,,,,,,,07:00:00 24-Feb-2024,,,
252321,252321,0.500000,UT,,,11:35:09 29-May-2024,,1,-23.2906,151.7163,,,,,,3.175,,,,,,,,,,,,,,,,,,,,,,,,,,,,,,0,,,,,,,07:00:00 24-Feb-2024,,,
252321,252321,0.500000,UT,1.00b,,11:35:27 29-May-2024,,1,-23.2906,151.7163,,0,,,,,,,,,,,,,,,,,,,,,,,,,,,,,,,,,,0,,,,,,,07:00:00 24-Feb-2024,,,
252321,252321,0.500000,UT,,,11:37:17 29-May-2024,,1,-23.2906,151.7163,,,,,,,,,,,,,,,,,,,,,,,,,,,,,,,,,,,,0,,,,,,,07:00:00 24-Feb-2024,,,7311
252321,252321,0.500000,UT,,,11:37:32 29-May-2024,,1,-23.2906,151.7163,,,,,,,,,23.20,,,,,,,,,,,,,,,,,,,,,,,,,,,0,,,,,,,07:00:00 24-Feb-2024,,,
252321,252321,0.500000,UT,,,11:38:20 29-May-2024,,1,-23.2906,151.7163,,,,,8134,,,,,,,,,,,,,,,,,,,,,,,,,,,,,,,0,,,,,,,07:00:00 24-Feb-2024,,,
252321,252321,0.500000,UT,,,11:39:38 29-May-2024,,1,-23.2906,151.7163,,,,,,3.200,,,,,,,,,,,,,,,,,,,,,,,,,,,,,,0,,,,,,,07:00:00 24-Feb-2024,,,
252321,252321,0.500000,UT,,,11:41:15 29-May-2024,,1,-23.2906,151.7163,,,,,8139,,,,,,,,,,,,,,,,,,,,,,,,,,,,,,,0,,,,,,,07:00:00 24-Feb-2024,,,
252321,252321,0.500000,UT,,,11:41:30 29-May-2024,,1,-23.2906,151.7163,,,,,,3.150,,,,,,,,,,,,,,,,,,,,,,,,,,,,,,0,,,,,,,07:00:00 24-Feb-2024,,,
252321,252321,0.500000,UT,1.00b,,11:41:45 29-May-2024,,1,-23.2906,151.7163,,0,,,,,,,,,,,,,,,,,,,,,,,,,,,,,,,,,,0,,,,,,,07:00:00 24-Feb-2024,,,
252321,252321,0.500000,UT,,,11:43:13 29-May-2024,,1,-23.2906,151.7163,,,,,8145,,,,,,,,,,,,,,,,,,,,,,,,,,,,,,,0,,,,,,,07:00:00 24-Feb-2024,,,
252321,252321,0.500000,UT,,,11:43:33 29-May-2024,,1,-23.2906,151.7163,,,,,,3.075,,,,,,,,,,,,,,,,,,,,,,,,,,,,,,0,,,,,,,07:00:00 24-Feb-2024,,,
252321,252321,0.500000,UT,,,12:42:09 29-May-2024,,B,-23.2930,151.7303,,,,,,,,,23.20,,,,,,,,,,,,,,,,,,,,,,,,,,,0,,,,,,,07:00:00 24-Feb-2024,,,
252321,252321,0.500000,UT,,,21:18:13 31-May-2024,,1,-23.2830,151.7036,,,,,,,,,24.15,,,,,,,,,,,,,,,,,,,,,,,,,,,0,,,,,,,07:00:00 24-Feb-2024,,,
252321,252321,0.500000,UT,,,21:19:03 31-May-2024,,1,-23.2830,151.7036,,,,,8288,,,,,,,,,,,,,,,,,,,,,,,,,,,,,,,0,,,,,,,07:00:00 24-Feb-2024,,,
252321,252321,0.500000,UT,,,21:20:33 31-May-2024,,1,-23.2830,151.7036,,,,,,,,,24.05,,,,,,,,,,,,,,,,,,,,,,,,,,,0,,,,,,,07:00:00 24-Feb-2024,,,
252321,252321,0.500000,UT,,21:27:46 31-May-2024,21:21:48 31-May-2024,-357,1,-23.2830,151.7036,CRC,,,,8294,3.075,,,24.00,,,,,,,,,,,,,,99,26,255,0,,,,,,,15,,,0,89,,,,,,07:00:00 24-Feb-2024,,,
252321,252321,0.500000,UT,,,21:22:04 31-May-2024,,1,-23.2830,151.7036,,,,,,3.175,,,,,,,,,,,,,,,,,,,,,,,,,,,,,,0,,,,,,,07:00:00 24-Feb-2024,,,
252321,252321,0.500000,UT,1.00b,,21:23:24 31-May-2024,,1,-23.2830,151.7036,,0,,,,,,,,,,,,,,,,,,,,,,,,,,,,,,,,,,0,,,,,,,07:00:00 24-Feb-2024,,,
252321,252321,0.500000,UT,,,21:23:40 31-May-2024,,1,-23.2830,151.7036,,,,,,,,,,,,,,,,,,,,,,,,,,,,,,,,,,,,0,,,,,,,07:00:00 24-Feb-2024,,,7311
252321,252321,0.500000,UT,,,09:10:43 01-Jun-2024,,B,-23.2904,151.7285,,,,,,,,,,,,,,,,,,,,,,,,,,,,,,,,,,,,0,,,,,,,07:00:00 24-Feb-2024,,,7311
252321,252321,0.500000,UT,1.00b,,15:51:59 01-Jun-2024,,B,-23.2908,151.7315,,0,,,,,,,,,,,,,,,,,,,,,,,,,,,,,,,,,,0,,,,,,,07:00:00 24-Feb-2024,,,
252321,252321,0.500000,UT,,,05:45:33 03-Jun-2024,,0,-23.2646,151.6998,,,,,,,,,24.10,,,,,,,,,,,,,,,,,,,,,,,,,,,0,,,,,,,07:00:00 24-Feb-2024,,,
252321,252321,0.500000,UT,,,05:47:33 03-Jun-2024,,0,-23.2646,151.6998,,,,,8583,,,,,,,,,,,,,,,,,,,,,,,,,,,,,,,0,,,,,,,07:00:00 24-Feb-2024,,,
252321,252321,0.500000,UT,,,05:47:48 03-Jun-2024,,0,-23.2646,151.6998,,,,,,3.100,,,,,,,,,,,,,,,,,,,,,,,,,,,,,,0,,,,,,,07:00:00 24-Feb-2024,,,
252321,252321,0.500000,UT,1.00b,,05:48:03 03-Jun-2024,,0,-23.2646,151.6998,,0,,,,,,,,,,,,,,,,,,,,,,,,,,,,,,,,,,0,,,,,,,07:00:00 24-Feb-2024,,,
252321,252321,0.500000,UT,,,05:48:18 03-Jun-2024,,0,-23.2646,151.6998,,,,,,,,,,,,,,,,,,,,,,,,,,,,,,,,,,,,0,,,,,,,07:00:00 24-Feb-2024,,,7311
252321,252321,0.500000,UT,,,07:29:27 05-Jun-2024,,B,-23.2715,151.7316,,,,,,,,,,,,,,,,,,,,,,,,,,,,,,,,,,,,0,,,,,,,07:00:00 24-Feb-2024,,,7311
252321,252321,0.500000,UT,,,18:39:42 05-Jun-2024,,1,-23.2840,151.7103,,,,,8626,,,,,,,,,,,,,,,,,,,,,,,,,,,,,,,0,,,,,,,07:00:00 24-Feb-2024,,,
252321,252321,0.500000,UT,,,18:39:57 05-Jun-2024,,1,-23.2840,151.7103,,,,,,3.275,,,,,,,,,,,,,,,,,,,,,,,,,,,,,,0,,,,,,,07:00:00 24-Feb-2024,,,
252321,252321,0.500000,UT,,,18:41:43 05-Jun-2024,,1,-23.2840,151.7103,,,,,8631,,,,,,,,,,,,,,,,,,,,,,,,,,,,,,,0,,,,,,,07:00:00 24-Feb-2024,,,
252321,252321,0.500000,UT,,,18:41:58 05-Jun-2024,,1,-23.2840,151.7103,,,,,,3.200,,,,,,,,,,,,,,,,,,,,,,,,,,,,,,0,,,,,,,07:00:00 24-Feb-2024,,,
252321,252321,0.500000,UT,,,18:43:52 05-Jun-2024,,1,-23.2840,151.7103,,,,,,3.125,,,,,,,,,,,,,,,,,,,,,,,,,,,,,,0,,,,,,,07:00:00 24-Feb-2024,,,
252321,252321,0.500000,UT,,,18:44:49 05-Jun-2024,,1,-23.2840,151.7103,,,,,,,,,23.20,,,,,,,,,,,,,,,,,,,,,,,,,,,0,,,,,,,07:00:00 24-Feb-2024,,,
252321,252321,0.500000,UT,,,18:45:05 05-Jun-2024,,1,-23.2840,151.7103,,,,,8641,,,,,,,,,,,,,,,,,,,,,,,,,,,,,,,0,,,,,,,07:00:00 24-Feb-2024,,,
252321,252321,0.500000,UT,,18:52:02 05-Jun-2024,18:45:54 05-Jun-2024,-367,1,-23.2840,151.7103,CRC,,,,8644,3.100,,,23.10,,,,,,,,,,,,,,86,26,255,0,,,,,,,16,,,0,79,,,,,,07:00:00 24-Feb-2024,,,
252321,252321,0.500000,UT,,,18:47:19 05-Jun-2024,,1,-23.2840,151.7103,,,,,8647,,,,,,,,,,,,,,,,,,,,,,,,,,,,,,,0,,,,,,,07:00:00 24-Feb-2024,,,
252321,252321,0.500000,UT,,,18:48:22 05-Jun-2024,,1,-23.2840,151.7103,,,,,,,,,23.55,,,,,,,,,,,,,,,,,,,,,,,,,,,0,,,,,,,07:00:00 24-Feb-2024,,,
252321,252321,0.500000,UT,,,18:48:37 05-Jun-2024,,1,-23.2840,151.7103,,,,,8652,,,,,,,,,,,,,,,,,,,,,,,,,,,,,,,0,,,,,,,07:00:00 24-Feb-2024,,,
252321,252321,0.500000,UT,,,18:49:01 05-Jun-2024,,1,-23.2840,151.7103,,,,,,3.225,,,,,,,,,,,,,,,,,,,,,,,,,,,,,,0,,,,,,,07:00:00 24-Feb-2024,,,
252321,252321,0.500000,UT,1.00b,,18:49:19 05-Jun-2024,,1,-23.2840,151.7103,,0,,,,,,,,,,,,,,,,,,,,,,,,,,,,,,,,,,0,,,,,,,07:00:00 24-Feb-2024,,,
252321,252321,0.500000,UT,,,18:49:49 05-Jun-2024,,1,-23.2840,151.7103,,,,,,,,,23.30,,,,,,,,,,,,,,,,,,,,,,,,,,,0,,,,,,,07:00:00 24-Feb-2024,,,
252321,252321,0.500000,UT,,,18:50:10 05-Jun-2024,,1,-23.2840,151.7103,,,,,8657,,,,,,,,,,,,,,,,,,,,,,,,,,,,,,,0,,,,,,,07:00:00 24-Feb-2024,,,
252321,252321,0.500000,UT,,,18:51:00 05-Jun-2024,,1,-23.2840,151.7103,,,,,,,,,,,,,,,,,,,,,,,,,,,,,,,,,,,,0,,,,,,,07:00:00 24-Feb-2024,,,7311
252321,252321,0.500000,UT,,,19:49:10 05-Jun-2024,,2,-23.2948,151.7050,,,,,,,,,23.80,,,,,,,,,,,,,,,,,,,,,,,,,,,0,,,,,,,07:00:00 24-Feb-2024,,,
252321,252321,0.500000,UT,,,19:49:26 05-Jun-2024,,2,-23.2948,151.7050,,,,,8728,,,,,,,,,,,,,,,,,,,,,,,,,,,,,,,0,,,,,,,07:00:00 24-Feb-2024,,,
252321,252321,0.500000,UT,1.00b,,19:56:45 05-Jun-2024,,2,-23.2948,151.7050,,0,,,,,,,,,,,,,,,,,,,,,,,,,,,,,,,,,,0,,,,,,,07:00:00 24-Feb-2024,,,
252321,252321,0.500000,UT,,,19:57:34 05-Jun-2024,,2,-23.2948,151.7050,,,,,,,,,23.90,,,,,,,,,,,,,,,,,,,,,,,,,,,0,,,,,,,07:00:00 24-Feb-2024,,,
252321,252321,0.500000,UT,,,19:58:05 05-Jun-2024,,2,-23.2948,151.7050,,,,,,2.925,,,,,,,,,,,,,,,,,,,,,,,,,,,,,,0,,,,,,,07:00:00 24-Feb-2024,,,
252321,252321,0.500000,UT,,,20:00:05 05-Jun-2024,,2,-23.2948,151.7050,,,,,,,,,,,,,,,,,,,,,,,,,,,,,,,,,,,,0,,,,,,,07:00:00 24-Feb-2024,,,7311
252321,252321,0.500000,UT,,,20:28:56 06-Jun-2024,,2,-23.2808,151.7189,,,,,,,,,23.20,,,,,,,,,,,,,,,,,,,,,,,,,,,0,,,,,,,07:00:00 24-Feb-2024,,,
252321,252321,0.500000,UT,,,20:29:11 06-Jun-2024,,2,-23.2808,151.7189,,,,,8755,,,,,,,,,,,,,,,,,,,,,,,,,,,,,,,0,,,,,,,07:00:00 24-Feb-2024,,,
252321,252321,0.500000,UT,,,20:29:26 06-Jun-2024,,2,-23.2808,151.7189,,,,,,3.275,,,,,,,,,,,,,,,,,,,,,,,,,,,,,,0,,,,,,,07:00:00 24-Feb-2024,,,
252321,252321,0.500000,UT,,,20:30:11 06-Jun-2024,,2,-23.2808,151.7189,,,,,,,,,22.15,,,,,,,,,,,,,,,,,,,,,,,,,,,0,,,,,,,07:00:00 24-Feb-2024,,,
252321,252321,0.500000,UT,,,20:30:26 06-Jun-2024,,2,-23.2808,151.7189,,,,,8760,,,,,,,,,,,,,,,,,,,,,,,,,,,,,,,0,,,,,,,07:00:00 24-Feb-2024,,,
252321,252321,0.500000,UT,,,20:30:41 06-Jun-2024,,2,-23.2808,151.7189,,,,,,3.250,,,,,,,,,,,,,,,,,,,,,,,,,,,,,,0,,,,,,,07:00:00 24-Feb-2024,,,
252321,252321,0.500000,UT,,,20:31:26 06-Jun-2024,,2,-23.2808,151.7189,,,,,,,,,22.10,,,,,,,,,,,,,,,,,,,,,,,,,,,0,,,,,,,07:00:00 24-Feb-2024,,,
252321,252321,0.500000,UT,,,20:31:50 06-Jun-2024,,2,-23.2808,151.7189,,,,,8765,,,,,,,,,,,,,,,,,,,,,,,,,,,,,,,0,,,,,,,07:00:00 24-Feb-2024,,,
252321,252321,0.500000,UT,,,20:32:05 06-Jun-2024,,2,-23.2808,151.7189,,,,,,3.000,,,,,,,,,,,,,,,,,,,,,,,,,,,,,,0,,,,,,,07:00:00 24-Feb-2024,,,
252321,252321,0.500000,UT,1.00b,,20:32:20 06-Jun-2024,,2,-23.2808,151.7189,,0,,,,,,,,,,,,,,,,,,,,,,,,,,,,,,,,,,0,,,,,,,07:00:00 24-Feb-2024,,,
252321,252321,0.500000,UT,,,20:32:56 06-Jun-2024,,2,-23.2808,151.7189,,,,,,,,,,,,,,,,,,,,,,,,,,,,,,,,,,,,0,,,,,,,07:00:00 24-Feb-2024,,,7311
252321,252321,0.500000,UT,,,20:34:01 06-Jun-2024,,2,-23.2808,151.7189,,,,,,,,,23.10,,,,,,,,,,,,,,,,,,,,,,,,,,,0,,,,,,,07:00:00 24-Feb-2024,,,
252321,252321,0.500000,UT,1.00b,,08:55:15 08-Jun-2024,,,,,,0,,,,,,,,,,,,,,,,,,,,,,,,,,,,,,,,,,0,,,,,,,07:00:00 24-Feb-2024,,,
252321,252321,0.500000,UT,,,22:38:14 08-Jun-2024,,1,-23.2873,151.7534,,,,,,,,,,,,,,,,,,,,,,,,,,,,,,,,,,,,0,,,,,,,07:00:00 24-Feb-2024,,,7311
252321,252321,0.500000,UT,,22:46:25 08-Jun-2024,22:40:09 08-Jun-2024,-375,1,-23.2873,151.7534,CRC,,,,8844,3.275,,,23.45,,,,,,,,,,,,,,255,26,35,0,,,,,,,21,,,0,102,,,,,,07:00:00 24-Feb-2024,,,
252321,252321,0.500000,UT,,,22:40:25 08-Jun-2024,,1,-23.2873,151.7534,,,,,8845,,,,,,,,,,,,,,,,,,,,,,,,,,,,,,,0,,,,,,,07:00:00 24-Feb-2024,,,
252321,252321,0.500000,UT,1.00b,,22:40:57 08-Jun-2024,,1,-23.2873,151.7534,,0,,,,,,,,,,,,,,,,,,,,,,,,,,,,,,,,,,0,,,,,,,07:00:00 24-Feb-2024,,,
252321,252321,0.500000,UT,,,22:42:57 08-Jun-2024,,1,-23.2873,151.7534,,,,,,,,,23.40,,,,,,,,,,,,,,,,,,,,,,,,,,,0,,,,,,,07:00:00 24-Feb-2024,,,
252321,252321,0.500000,UT,,,07:00:50 09-Jun-2024,,3,-23.2991,151.7970,,,,,9073,,,,,,,,,,,,,,,,,,,,,,,,,,,,,,,0,,,,,,,07:00:00 24-Feb-2024,,,
252321,252321,0.500000,UT,,,07:01:05 09-Jun-2024,,3,-23.2991,151.7970,,,,,,3.200,,,,,,,,,,,,,,,,,,,,,,,,,,,,,,0,,,,,,,07:00:00 24-Feb-2024,,,
252321,252321,0.500000,UT,,,07:02:03 09-Jun-2024,,3,-23.2991,151.7970,,,,,,,,,23.65,,,,,,,,,,,,,,,,,,,,,,,,,,,0,,,,,,,07:00:00 24-Feb-2024,,,
252321,252321,0.500000,UT,,,07:02:21 09-Jun-2024,,3,-23.2991,151.7970,,,,,9078,,,,,,,,,,,,,,,,,,,,,,,,,,,,,,,0,,,,,,,07:00:00 24-Feb-2024,,,
252321,252321,0.500000,UT,,,07:02:38 09-Jun-2024,,3,-23.2991,151.7970,,,,,,3.075,,,,,,,,,,,,,,,,,,,,,,,,,,,,,,0,,,,,,,07:00:00 24-Feb-2024,,,
252321,252321,0.500000,UT,,,07:03:43 09-Jun-2024,,3,-23.2991,151.7970,,,,,9083,,,,,,,,,,,,,,,,,,,,,,,,,,,,,,,0,,,,,,,07:00:00 24-Feb-2024,,,
252321,252321,0.500000,UT,,,07:03:58 09-Jun-2024,,3,-23.2991,151.7970,,,,,,2.925,,,,,,,,,,,,,,,,,,,,,,,,,,,,,,0,,,,,,,07:00:00 24-Feb-2024,,,
252321,252321,0.500000,UT,,,07:05:07 09-Jun-2024,,3,-23.2991,151.7970,,,,,9088,,,,,,,,,,,,,,,,,,,,,,,,,,,,,,,0,,,,,,,07:00:00 24-Feb-2024,,,
252321,252321,0.500000,UT,,,07:05:24 09-Jun-2024,,3,-23.2991,151.7970,,,,,,3.025,,,,,,,,,,,,,,,,,,,,,,,,,,,,,,0,,,,,,,07:00:00 24-Feb-2024,,,
252321,252321,0.500000,UT,,,07:06:43 09-Jun-2024,,3,-23.2991,151.7970,,,,,9093,,,,,,,,,,,,,,,,,,,,,,,,,,,,,,,0,,,,,,,07:00:00 24-Feb-2024,,,
252321,252321,0.500000,UT,,07:13:27 09-Jun-2024,07:07:10 09-Jun-2024,-376,3,-23.2991,151.7970,CRC,,,,9094,3.075,,,23.80,,,,,,,,,,,,,,199,26,255,0,,,,,,,12,,,0,78,,,,,,07:00:00 24-Feb-2024,,,
252321,252321,0.500000,UT,,,07:07:40 09-Jun-2024,,3,-23.2991,151.7970,,,,,,2.975,,,,,,,,,,,,,,,,,,,,,,,,,,,,,,0,,,,,,,07:00:00 24-Feb-2024,,,
252321,252321,0.500000,UT,,,07:08:26 09-Jun-2024,,3,-23.2991,151.7970,,,,,,,,,23.90,,,,,,,,,,,,,,,,,,,,,,,,,,,0,,,,,,,07:00:00 24-Feb-2024,,,
252321,252321,0.500000,UT,,,07:08:48 09-Jun-2024,,3,-23.2991,151.7970,,,,,9099,,,,,,,,,,,,,,,,,,,,,,,,,,,,,,,0,,,,,,,07:00:00 24-Feb-2024,,,
252321,252321,0.500000,UT,,,07:10:36 09-Jun-2024,,3,-23.2991,151.7970,,,,,,,,,23.80,,,,,,,,,,,,,,,,,,,,,,,,,,,0,,,,,,,07:00:00 24-Feb-2024,,,
252321,252321,0.500000,UT,,,07:11:06 09-Jun-2024,,3,-23.2991,151.7970,,,,,9105,,,,,,,,,,,,,,,,,,,,,,,,,,,,,,,0,,,,,,,07:00:00 24-Feb-2024,,,
252321,252321,0.500000,UT,,,07:11:23 09-Jun-2024,,3,-23.2991,151.7970,,,,,,3.100,,,,,,,,,,,,,,,,,,,,,,,,,,,,,,0,,,,,,,07:00:00 24-Feb-2024,,,
252321,252321,0.500000,UT,,,07:12:23 09-Jun-2024,,3,-23.2991,151.7970,,,,,9110,,,,,,,,,,,,,,,,,,,,,,,,,,,,,,,0,,,,,,,07:00:00 24-Feb-2024,,,
252321,252321,0.500000,UT,,,07:12:55 09-Jun-2024,,3,-23.2991,151.7970,,,,,,3.000,,,,,,,,,,,,,,,,,,,,,,,,,,,,,,0,,,,,,,07:00:00 24-Feb-2024,,,
252321,252321,0.500000,UT,1.00b,,07:13:10 09-Jun-2024,,3,-23.2991,151.7970,,0,,,,,,,,,,,,,,,,,,,,,,,,,,,,,,,,,,0,,,,,,,07:00:00 24-Feb-2024,,,
252321,252321,0.500000,UT,,,07:13:30 09-Jun-2024,,3,-23.2991,151.7970,,,,,,,,,,,,,,,,,,,,,,,,,,,,,,,,,,,,0,,,,,,,07:00:00 24-Feb-2024,,,7311
252321,252321,0.500000,UT,,,07:13:53 09-Jun-2024,,3,-23.2991,151.7970,,,,,,,,,23.75,,,,,,,,,,,,,,,,,,,,,,,,,,,0,,,,,,,07:00:00 24-Feb-2024,,,
252321,252321,0.500000,UT,,,07:41:18 09-Jun-2024,,A,-23.3021,151.8039,,,,,9149,,,,,,,,,,,,,,,,,,,,,,,,,,,,,,,0,,,,,,,07:00:00 24-Feb-2024,,,
252321,252321,0.500000,UT,,,19:12:52 09-Jun-2024,,3,-23.2990,151.7951,,,,,,,,,22.55,,,,,,,,,,,,,,,,,,,,,,,,,,,0,,,,,,,07:00:00 24-Feb-2024,,,
252321,252321,0.500000,UT,,,19:13:46 09-Jun-2024,,3,-23.2990,151.7951,,,,,9164,,,,,,,,,,,,,,,,,,,,,,,,,,,,,,,0,,,,,,,07:00:00 24-Feb-2024,,,
252321,252321,0.500000,UT,,,19:15:53 09-Jun-2024,,3,-23.2990,151.7951,,,,,,2.975,,,,,,,,,,,,,,,,,,,,,,,,,,,,,,0,,,,,,,07:00:00 24-Feb-2024,,,
252321,252321,0.500000,UT,1.00b,,19:18:41 09-Jun-2024,,3,-23.2990,151.7951,,0,,,,,,,,,,,,,,,,,,,,,,,,,,,,,,,,,,0,,,,,,,07:00:00 24-Feb-2024,,,
252321,252321,0.500000,UT,,,19:19:21 09-Jun-2024,,3,-23.2990,151.7951,,,,,,,,,,,,,,,,,,,,,,,,,,,,,,,,,,,,0,,,,,,,07:00:00 24-Feb-2024,,,7311
252321,252321,0.500000,UT,,,19:19:46 09-Jun-2024,,3,-23.2990,151.7951,,,,,,,,,22.45,,,,,,,,,,,,,,,,,,,,,,,,,,,0,,,,,,,07:00:00 24-Feb-2024,,,
252321,252321,0.500000,UT,,19:27:12 09-Jun-2024,19:20:54 09-Jun-2024,-377,3,-23.2990,151.7951,CRC,,,,9169,3.200,,,22.45,,,,,,,,,,,,,,137,26,255,0,,,,,,,4,,,0,85,,,,,,07:00:00 24-Feb-2024,,,
252321,252321,0.500000,UT,,,19:21:59 09-Jun-2024,,3,-23.2990,151.7951,,,,,9170,,,,,,,,,,,,,,,,,,,,,,,,,,,,,,,0,,,,,,,07:00:00 24-Feb-2024,,,
252321,252321,0.500000,UT,,,19:22:34 09-Jun-2024,,3,-23.2990,151.7951,,,,,,3.100,,,,,,,,,,,,,,,,,,,,,,,,,,,,,,0,,,,,,,07:00:00 24-Feb-2024,,,
252321,252321,0.500000,UT,,,19:25:13 09-Jun-2024,,2,-23.3028,151.7986,,,,,,,,,22.45,,,,,,,,,,,,,,,,,,,,,,,,,,,0,,,,,,,07:00:00 24-Feb-2024,,,
252321,252321,0.500000,UT,,,19:26:44 09-Jun-2024,,2,-23.3028,151.7986,,,,,9175,,,,,,,,,,,,,,,,,,,,,,,,,,,,,,,0,,,,,,,07:00:00 24-Feb-2024,,,
252321,252321,0.500000,UT,,,19:33:48 09-Jun-2024,,2,-23.3028,151.7986,,,,,9181,,,,,,,,,,,,,,,,,,,,,,,,,,,,,,,0,,,,,,,07:00:00 24-Feb-2024,,,
252321,252321,0.500000,UT,,,19:34:54 09-Jun-2024,,2,-23.3028,151.7986,,,,,,3.100,,,,,,,,,,,,,,,,,,,,,,,,,,,,,,0,,,,,,,07:00:00 24-Feb-2024,,,
252321,252321,0.500000,UT,,,20:07:52 09-Jun-2024,,3,-23.2996,151.7942,,,,,9203,,,,,,,,,,,,,,,,,,,,,,,,,,,,,,,0,,,,,,,07:00:00 24-Feb-2024,,,
252321,252321,0.500000,UT,,,20:11:06 09-Jun-2024,,3,-23.2996,151.7942,,,,,,,,,22.20,,,,,,,,,,,,,,,,,,,,,,,,,,,0,,,,,,,07:00:00 24-Feb-2024,,,
252321,252321,0.500000,UT,,,20:12:22 09-Jun-2024,,3,-23.2996,151.7942,,,,,,2.925,,,,,,,,,,,,,,,,,,,,,,,,,,,,,,0,,,,,,,07:00:00 24-Feb-2024,,,
252321,252321,0.500000,UT,1.00b,,20:12:42 09-Jun-2024,,3,-23.2996,151.7942,,0,,,,,,,,,,,,,,,,,,,,,,,,,,,,,,,,,,0,,,,,,,07:00:00 24-Feb-2024,,,
252321,252321,0.500000,UT,,,20:13:50 09-Jun-2024,,3,-23.2996,151.7942,,,,,,,,,,,,,,,,,,,,,,,,,,,,,,,,,,,,0,,,,,,,07:00:00 24-Feb-2024,,,7311
252321,252321,0.500000,UT,,,20:16:30 09-Jun-2024,,3,-23.2996,151.7942,,,,,9213,,,,,,,,,,,,,,,,,,,,,,,,,,,,,,,0,,,,,,,07:00:00 24-Feb-2024,,,
252321,252321,0.500000,UT,,,20:16:50 09-Jun-2024,,3,-23.2996,151.7942,,,,,,2.950,,,,,,,,,,,,,,,,,,,,,,,,,,,,,,0,,,,,,,07:00:00 24-Feb-2024,,,
252321,252321,0.500000,UT,,,05:52:00 10-Jun-2024,,2,-23.3014,151.7969,,,,,,3.000,,,,,,,,,,,,,,,,,,,,,,,,,,,,,,0,,,,,,,07:00:00 24-Feb-2024,,,
252321,252321,0.500000,UT,,,05:53:20 10-Jun-2024,,2,-23.3014,151.7969,,,,,,,,,,,,,,,,,,,,,,,,,,,,,,,,,,,,0,,,,,,,07:00:00 24-Feb-2024,,,7311
252321,252321,0.500000,UT,,,05:55:30 10-Jun-2024,,2,-23.3014,151.7969,,,,,,,,,24.40,,,,,,,,,,,,,,,,,,,,,,,,,,,0,,,,,,,07:00:00 24-Feb-2024,,,
252321,252321,0.500000,UT,,,05:55:45 10-Jun-2024,,2,-23.3014,151.7969,,,,,9256,,,,,,,,,,,,,,,,,,,,,,,,,,,,,,,0,,,,,,,07:00:00 24-Feb-2024,,,
252321,252321,0.500000,UT,,,05:56:40 10-Jun-2024,,2,-23.3014,151.7969,,,,,,3.075,,,,,,,,,,,,,,,,,,,,,,,,,,,,,,0,,,,,,,07:00:00 24-Feb-2024,,,
252321,252321,0.500000,UT,1.00b,,05:58:29 10-Jun-2024,,2,-23.3014,151.7969,,0,,,,,,,,,,,,,,,,,,,,,,,,,,,,,,,,,,0,,,,,,,07:00:00 24-Feb-2024,,,
252321,252321,0.500000,UT,3.00b,,06:29:50 10-Jun-2024,,1,-23.3027,151.8056,,0,,,,,,,,,,,,,,,,,,,,,,,,,,,,,,,,,,0,,,,,,,07:00:00 24-Feb-2024,,,
252321,252321,0.500000,UT,,,06:31:07 10-Jun-2024,,1,-23.3027,151.8056,,,,,,,,,24.25,,,,,,,,,,,,,,,,,,,,,,,,,,,0,,,,,,,07:00:00 24-Feb-2024,,,
252321,252321,0.500000,UT,,,06:31:32 10-Jun-2024,,1,-23.3027,151.8056,,,,,9293,,,,,,,,,,,,,,,,,,,,,,,,,,,,,,,0,,,,,,,07:00:00 24-Feb-2024,,,
252321,252321,0.500000,UT,,06:38:39 10-Jun-2024,06:32:20 10-Jun-2024,-378,1,-23.3027,151.8056,CRC,,,,9294,3.000,,,24.25,,,,,,,,,,,,,,106,24,255,0,,,,,,,5,,,0,96,,,,,,07:00:00 24-Feb-2024,,,
252321,252321,0.500000,UT,,,06:32:35 10-Jun-2024,,1,-23.3027,151.8056,,,,,,3.150,,,,,,,,,,,,,,,,,,,,,,,,,,,,,,0,,,,,,,07:00:00 24-Feb-2024,,,
252321,252321,0.500000,UT,1.00b,,06:32:54 10-Jun-2024,,1,-23.3027,151.8056,,0,,,,,,,,,,,,,,,,,,,,,,,,,,,,,,,,,,0,,,,,,,07:00:00 24-Feb-2024,,,
252321,252321,0.500000,UT,,,06:33:31 10-Jun-2024,,1,-23.3027,151.8056,,,,,,,,,,,,,,,,,,,,,,,,,,,,,,,,,,,,0,,,,,,,07:00:00 24-Feb-2024,,,7311
252321,252321,0.500000,UT,,,07:12:31 10-Jun-2024,,3,-23.3003,151.7939,,,,,,3.100,,,,,,,,,,,,,,,,,,,,,,,,,,,,,,0,,,,,,,07:00:00 24-Feb-2024,,,
252321,252321,0.500000,UT,,,07:15:58 10-Jun-2024,,3,-23.3003,151.7939,,,,,9326,,,,,,,,,,,,,,,,,,,,,,,,,,,,,,,0,,,,,,,07:00:00 24-Feb-2024,,,
252321,252321,0.500000,UT,,,07:16:13 10-Jun-2024,,3,-23.3003,151.7939,,,,,,2.950,,,,,,,,,,,,,,,,,,,,,,,,,,,,,,0,,,,,,,07:00:00 24-Feb-2024,,,
252321,252321,0.500000,UT,,,07:16:59 10-Jun-2024,,3,-23.3003,151.7939,,,,,,,,,23.65,,,,,,,,,,,,,,,,,,,,,,,,,,,0,,,,,,,07:00:00 24-Feb-2024,,,
252321,252321,0.500000,UT,,,07:17:57 10-Jun-2024,,3,-23.3003,151.7939,,,,,9331,,,,,,,,,,,,,,,,,,,,,,,,,,,,,,,0,,,,,,,07:00:00 24-Feb-2024,,,
252321,252321,0.500000,UT,,,07:19:54 10-Jun-2024,,3,-23.3003,151.7939,,,,,,,,,23.50,,,,,,,,,,,,,,,,,,,,,,,,,,,0,,,,,,,07:00:00 24-Feb-2024,,,
252321,252321,0.500000,UT,,,07:20:23 10-Jun-2024,,3,-23.3003,151.7939,,,,,9336,,,,,,,,,,,,,,,,,,,,,,,,,,,,,,,0,,,,,,,07:00:00 24-Feb-2024,,,
252321,252321,0.500000,UT,,,07:21:15 10-Jun-2024,,3,-23.3003,151.7939,,,,,,3.075,,,,,,,,,,,,,,,,,,,,,,,,,,,,,,0,,,,,,,07:00:00 24-Feb-2024,,,
252321,252321,0.500000,UT,1.00b,,07:21:42 10-Jun-2024,,3,-23.3003,151.7939,,0,,,,,,,,,,,,,,,,,,,,,,,,,,,,,,,,,,0,,,,,,,07:00:00 24-Feb-2024,,,
252321,252321,0.500000,UT,,,07:22:15 10-Jun-2024,,3,-23.3003,151.7939,,,,,,,,,,,,,,,,,,,,,,,,,,,,,,,,,,,,0,,,,,,,07:00:00 24-Feb-2024,,,7311
252321,252321,0.500000,UT,,,07:29:51 10-Jun-2024,,2,-23.3010,151.7941,,,,,,,,,23.30,,,,,,,,,,,,,,,,,,,,,,,,,,,0,,,,,,,07:00:00 24-Feb-2024,,,
252321,252321,0.500000,UT,,,07:30:11 10-Jun-2024,,2,-23.3010,151.7941,,,,,9347,,,,,,,,,,,,,,,,,,,,,,,,,,,,,,,0,,,,,,,07:00:00 24-Feb-2024,,,
252321,252321,0.500000,UT,,,07:31:30 10-Jun-2024,,2,-23.3010,151.7941,,,,,,3.075,,,,,,,,,,,,,,,,,,,,,,,,,,,,,,0,,,,,,,07:00:00 24-Feb-2024,,,
252321,252321,0.500000,UT,,,07:35:16 10-Jun-2024,,2,-23.3010,151.7941,,,,,,,,,,,,,,,,,,,,,,,,,,,,,,,,,,,,0,,,,,,,07:00:00 24-Feb-2024,,,7311
252321,252321,0.500000,UT,,,07:37:01 10-Jun-2024,,2,-23.3010,151.7941,,,,,,,,,23.60,,,,,,,,,,,,,,,,,,,,,,,,,,,0,,,,,,,07:00:00 24-Feb-2024,,,
252321,252321,0.500000,UT,,,07:37:45 10-Jun-2024,,2,-23.3010,151.7941,,,,,9352,,,,,,,,,,,,,,,,,,,,,,,,,,,,,,,0,,,,,,,07:00:00 24-Feb-2024,,,
252321,252321,0.500000,UT,,,07:38:09 10-Jun-2024,,2,-23.3010,151.7941,,,,,,2.975,,,,,,,,,,,,,,,,,,,,,,,,,,,,,,0,,,,,,,07:00:00 24-Feb-2024,,,
252321,252321,0.500000,UT,1.00b,,07:40:34 10-Jun-2024,,2,-23.3010,151.7941,,0,,,,,,,,,,,,,,,,,,,,,,,,,,,,,,,,,,0,,,,,,,07:00:00 24-Feb-2024,,,
252321,252321,0.500000,UT,,,08:09:06 10-Jun-2024,,B,-23.3007,151.7929,,,,,,3.100,,,,,,,,,,,,,,,,,,,,,,,,,,,,,,0,,,,,,,07:00:00 24-Feb-2024,,,
252321,252321,0.500000,UT,,14:15:45 14-Jun-2024,14:09:16 14-Jun-2024,-388,A,-23.2896,151.7203,CRC,,,,9469,3.200,,,23.40,,,,,,,,,,,,,,111,25,176,0,,,,,,,22,,,0,78,,,,,,07:00:00 24-Feb-2024,,,
252321,252321,0.500000,UT,,,09:43:09 15-Jun-2024,,3,-23.3062,151.6967,,,,,,,,,23.20,,,,,,,,,,,,,,,,,,,,,,,,,,,0,,,,,,,07:00:00 24-Feb-2024,,,
252321,252321,0.500000,UT,,,09:43:25 15-Jun-2024,,3,-23.3062,151.6967,,,,,9485,,,,,,,,,,,,,,,,,,,,,,,,,,,,,,,0,,,,,,,07:00:00 24-Feb-2024,,,
252321,252321,0.500000,UT,,,09:44:31 15-Jun-2024,,3,-23.3062,151.6967,,,,,,2.925,,,,,,,,,,,,,,,,,,,,,,,,,,,,,,0,,,,,,,07:00:00 24-Feb-2024,,,
252321,252321,0.500000,UT,1.00b,,09:45:34 15-Jun-2024,,3,-23.3062,151.6967,,0,,,,,,,,,,,,,,,,,,,,,,,,,,,,,,,,,,0,,,,,,,07:00:00 24-Feb-2024,,,
252321,252321,0.500000,UT,,,09:46:58 15-Jun-2024,,3,-23.3062,151.6967,,,,,9490,,,,,,,,,,,,,,,,,,,,,,,,,,,,,,,0,,,,,,,07:00:00 24-Feb-2024,,,
252321,252321,0.500000,UT,,,09:47:20 15-Jun-2024,,3,-23.3062,151.6967,,,,,,3.175,,,,,,,,,,,,,,,,,,,,,,,,,,,,,,0,,,,,,,07:00:00 24-Feb-2024,,,
252321,252321,0.500000,UT,,,09:47:57 15-Jun-2024,,3,-23.3062,151.6967,,,,,,,,,,,,,,,,,,,,,,,,,,,,,,,,,,,,0,,,,,,,07:00:00 24-Feb-2024,,,7311
252321,252321,0.500000,UT,,,09:49:38 15-Jun-2024,,3,-23.3062,151.6967,,,,,9497,,,,,,,,,,,,,,,,,,,,,,,,,,,,,,,0,,,,,,,07:00:00 24-Feb-2024,,,
252321,252321,0.500000,UT,,,09:52:45 15-Jun-2024,,3,-23.3062,151.6967,,,,,,,,,23.15,,,,,,,,,,,,,,,,,,,,,,,,,,,0,,,,,,,07:00:00 24-Feb-2024,,,
252321,252321,0.500000,UT,,,12:21:24 15-Jun-2024,,A,-23.3034,151.6904,,,,,9502,,,,,,,,,,,,,,,,,,,,,,,,,,,,,,,0,,,,,,,07:00:00 24-Feb-2024,,,
252321,252321,0.500000,UT,,,07:52:58 17-Jun-2024,,B,-23.2958,151.7435,,,,,,,,,,,,,,,,,,,,,,,,,,,,,,,,,,,,0,,,,,,,07:00:00 24-Feb-2024,,,7311
252321,252321,0.500000,UT,,,15:08:31 17-Jun-2024,,0,-23.2427,151.8323,,,,,9603,,,,,,,,,,,,,,,,,,,,,,,,,,,,,,,0,,,,,,,07:00:00 24-Feb-2024,,,
252321,252321,0.500000,UT,,,15:08:46 17-Jun-2024,,0,-23.2427,151.8323,,,,,,3.150,,,,,,,,,,,,,,,,,,,,,,,,,,,,,,0,,,,,,,07:00:00 24-Feb-2024,,,
252321,252321,0.500000,UT,,,15:09:55 17-Jun-2024,,0,-23.2427,151.8323,,,,,,,,,19.95,,,,,,,,,,,,,,,,,,,,,,,,,,,0,,,,,,,07:00:00 24-Feb-2024,,,
252321,252321,0.500000,UT,,,15:10:42 17-Jun-2024,,0,-23.2427,151.8323,,,,,9608,,,,,,,,,,,,,,,,,,,,,,,,,,,,,,,0,,,,,,,07:00:00 24-Feb-2024,,,
252321,252321,0.500000,UT,1.00b,,15:11:57 17-Jun-2024,,0,-23.2427,151.8323,,0,,,,,,,,,,,,,,,,,,,,,,,,,,,,,,,,,,0,,,,,,,07:00:00 24-Feb-2024,,,
252321,252321,0.500000,UT,,,15:12:17 17-Jun-2024,,0,-23.2427,151.8323,,,,,,,,,,,,,,,,,,,,,,,,,,,,,,,,,,,,0,,,,,,,07:00:00 24-Feb-2024,,,7311
252321,252321,0.500000,UT,,,20:13:02 17-Jun-2024,,B,-23.2282,151.8452,,,,,,,,,17.55,,,,,,,,,,,,,,,,,,,,,,,,,,,0,,,,,,,07:00:00 24-Feb-2024,,,
252321,252321,0.500000,UT,,02:16:13 18-Jun-2024,02:09:36 18-Jun-2024,-396,B,-23.2752,151.8208,CRC,,,,9669,3.125,,,23.25,,,,,,,,,,,,,,220,26,255,0,,,,,,,13,,,0,78,,,,,,07:00:00 24-Feb-2024,,,
252321,252321,0.500000,UT,,,18:43:09 22-Jun-2024,,0,-21.4829,151.0309,,,,,9727,,,,,,,,,,,,,,,,,,,,,,,,,,,,,,,0,,,,,,,07:00:00 24-Feb-2024,,,
252321,252321,0.500000,UT,,,19:15:22 22-Jun-2024,,0,-21.5021,151.1783,,,,,9753,,,,,,,,,,,,,,,,,,,,,,,,,,,,,,,0,,,,,,,07:00:00 24-Feb-2024,,,
252321,252321,0.500000,UT,1.00b,,19:23:01 22-Jun-2024,,0,-21.5021,151.1783,,0,,,,,,,,,,,,,,,,,,,,,,,,,,,,,,,,,,0,,,,,,,07:00:00 24-Feb-2024,,,
252321,252321,0.500000,UT,,,08:13:12 26-Jun-2024,,0,-20.3361,150.2806,,,,,,,,,23.65,,,,,,,,,,,,,,,,,,,,,,,,,,,0,,,,,,,07:00:00 24-Feb-2024,,,
252321,252321,0.500000,UT,,,08:13:28 26-Jun-2024,,0,-20.3361,150.2806,,,,,9792,,,,,,,,,,,,,,,,,,,,,,,,,,,,,,,0,,,,,,,07:00:00 24-Feb-2024,,,
252321,252321,0.500000,UT,,,08:13:44 26-Jun-2024,,0,-20.3361,150.2806,,,,,,3.025,,,,,,,,,,,,,,,,,,,,,,,,,,,,,,0,,,,,,,07:00:00 24-Feb-2024,,,
252321,252321,0.500000,UT,1.00b,,08:14:15 26-Jun-2024,,0,-20.3361,150.2806,,0,,,,,,,,,,,,,,,,,,,,,,,,,,,,,,,,,,0,,,,,,,07:00:00 24-Feb-2024,,,
252321,252321,0.500000,UT,,,08:15:03 26-Jun-2024,,0,-20.3361,150.2806,,,,,,,,,23.55,,,,,,,,,,,,,,,,,,,,,,,,,,,0,,,,,,,07:00:00 24-Feb-2024,,,
252321,252321,0.500000,UT,,,08:15:18 26-Jun-2024,,3,-20.3574,150.1631,,,,,9798,,,,,,,,,,,,,,,,,,,,,,,,,,,,,,,0,,,,,,,07:00:00 24-Feb-2024,,,
252321,252321,0.500000,UT,,,08:15:39 26-Jun-2024,,3,-20.3574,150.1631,,,,,,3.100,,,,,,,,,,,,,,,,,,,,,,,,,,,,,,0,,,,,,,07:00:00 24-Feb-2024,,,
252321,252321,0.500000,UT,,,08:16:13 26-Jun-2024,,3,-20.3574,150.1631,,,,,,,,,,,,,,,,,,,,,,,,,,,,,,,,,,,,0,,,,,,,07:00:00 24-Feb-2024,,,7311
252321,252321,0.500000,UT,,,10:01:19 26-Jun-2024,,3,-20.3437,150.1435,,,,,,,,,23.50,,,,,,,,,,,,,,,,,,,,,,,,,,,0,,,,,,,07:00:00 24-Feb-2024,,,
252321,252321,0.500000,UT,,,10:01:34 26-Jun-2024,,3,-20.3437,150.1435,,,,,9868,,,,,,,,,,,,,,,,,,,,,,,,,,,,,,,0,,,,,,,07:00:00 24-Feb-2024,,,
252321,252321,0.500000,UT,,10:08:46 26-Jun-2024,10:01:50 26-Jun-2024,-415,3,-20.3437,150.1435,CRC,,,,9869,3.025,,,23.50,,,,,,,,,,,,,,247,26,255,0,,,,,,,43,,,0,63,,,,,,07:00:00 24-Feb-2024,,,
252321,252321,0.500000,UT,,,10:02:06 26-Jun-2024,,3,-20.3437,150.1435,,,,,,3.050,,,,,,,,,,,,,,,,,,,,,,,,,,,,,,0,,,,,,,07:00:00 24-Feb-2024,,,
252321,252321,0.500000,UT,,,10:03:16 26-Jun-2024,,3,-20.3437,150.1435,,,,,9874,,,,,,,,,,,,,,,,,,,,,,,,,,,,,,,0,,,,,,,07:00:00 24-Feb-2024,,,
252321,252321,0.500000,UT,,,10:03:33 26-Jun-2024,,3,-20.3437,150.1435,,,,,,3.150,,,,,,,,,,,,,,,,,,,,,,,,,,,,,,0,,,,,,,07:00:00 24-Feb-2024,,,
252321,252321,0.500000,UT,,,10:04:40 26-Jun-2024,,3,-20.3437,150.1435,,,,,9879,,,,,,,,,,,,,,,,,,,,,,,,,,,,,,,0,,,,,,,07:00:00 24-Feb-2024,,,
252321,252321,0.500000,UT,,,10:04:55 26-Jun-2024,,3,-20.3437,150.1435,,,,,,3.175,,,,,,,,,,,,,,,,,,,,,,,,,,,,,,0,,,,,,,07:00:00 24-Feb-2024,,,
252321,252321,0.500000,UT,1.00b,,10:05:10 26-Jun-2024,,3,-20.3437,150.1435,,0,,,,,,,,,,,,,,,,,,,,,,,,,,,,,,,,,,0,,,,,,,07:00:00 24-Feb-2024,,,
252321,252321,0.500000,UT,,,10:05:29 26-Jun-2024,,3,-20.3437,150.1435,,,,,,,,,,,,,,,,,,,,,,,,,,,,,,,,,,,,0,,,,,,,07:00:00 24-Feb-2024,,,7311
252321,252321,0.500000,UT,,,10:05:46 26-Jun-2024,,3,-20.3437,150.1435,,,,,,,,,23.40,,,,,,,,,,,,,,,,,,,,,,,,,,,0,,,,,,,07:00:00 24-Feb-2024,,,
252321,252321,0.500000,UT,,,10:26:26 26-Jun-2024,,1,-20.3561,150.1389,,,,,,3.150,,,,,,,,,,,,,,,,,,,,,,,,,,,,,,0,,,,,,,07:00:00 24-Feb-2024,,,
252321,252321,0.500000,UT,,10:33:37 26-Jun-2024,10:26:41 26-Jun-2024,-415,1,-20.3561,150.1389,CRC,,,,9894,2.925,,,23.70,,,,,,,,,,,,,,194,26,255,0,,,,,,,35,,,0,85,,,,,,07:00:00 24-Feb-2024,,,
252321,252321,0.500000,UT,1.00b,,10:26:57 26-Jun-2024,,1,-20.3561,150.1389,,0,,,,,,,,,,,,,,,,,,,,,,,,,,,,,,,,,,0,,,,,,,07:00:00 24-Feb-2024,,,
252321,252321,0.500000,UT,,,22:42:45 26-Jun-2024,,2,-20.1291,149.9943,,,,,,,,,23.95,,,,,,,,,,,,,,,,,,,,,,,,,,,0,,,,,,,07:00:00 24-Feb-2024,,,
252321,252321,0.500000,UT,,,22:43:00 26-Jun-2024,,2,-20.1291,149.9943,,,,,9932,,,,,,,,,,,,,,,,,,,,,,,,,,,,,,,0,,,,,,,07:00:00 24-Feb-2024,,,
252321,252321,0.500000,UT,,,22:43:15 26-Jun-2024,,2,-20.1291,149.9943,,,,,,3.125,,,,,,,,,,,,,,,,,,,,,,,,,,,,,,0,,,,,,,07:00:00 24-Feb-2024,,,
252321,252321,0.500000,UT,,,22:44:15 26-Jun-2024,,2,-20.1291,149.9943,,,,,9937,,,,,,,,,,,,,,,,,,,,,,,,,,,,,,,0,,,,,,,07:00:00 24-Feb-2024,,,
252321,252321,0.500000,UT,,,22:44:31 26-Jun-2024,,2,-20.1291,149.9943,,,,,,2.950,,,,,,,,,,,,,,,,,,,,,,,,,,,,,,0,,,,,,,07:00:00 24-Feb-2024,,,
252321,252321,0.500000,UT,,,22:45:46 26-Jun-2024,,2,-20.1291,149.9943,,,,,,3.225,,,,,,,,,,,,,,,,,,,,,,,,,,,,,,0,,,,,,,07:00:00 24-Feb-2024,,,
252321,252321,0.500000,UT,,,22:47:38 26-Jun-2024,,2,-20.1291,149.9943,,,,,,,,,,,,,,,,,,,,,,,,,,,,,,,,,,,,0,,,,,,,07:00:00 24-Feb-2024,,,7311
252321,252321,0.500000,UT,,,22:47:53 26-Jun-2024,,2,-20.1291,149.9943,,,,,,,,,24.10,,,,,,,,,,,,,,,,,,,,,,,,,,,0,,,,,,,07:00:00 24-Feb-2024,,,
252321,252321,0.500000,UT,,,22:48:25 26-Jun-2024,,2,-20.1291,149.9943,,,,,,3.100,,,,,,,,,,,,,,,,,,,,,,,,,,,,,,0,,,,,,,07:00:00 24-Feb-2024,,,
252321,252321,0.500000,UT,1.00b,,22:48:40 26-Jun-2024,,2,-20.1291,149.9943,,0,,,,,,,,,,,,,,,,,,,,,,,,,,,,,,,,,,0,,,,,,,07:00:00 24-Feb-2024,,,
252321,252321,0.500000,UT,1.00b,,22:51:14 26-Jun-2024,,1,-20.1303,149.9898,,0,,,,,,,,,,,,,,,,,,,,,,,,,,,,,,,,,,0,,,,,,,07:00:00 24-Feb-2024,,,
252321,252321,0.500000,UT,,,22:51:45 26-Jun-2024,,1,-20.1303,149.9898,,,,,,,,,24.25,,,,,,,,,,,,,,,,,,,,,,,,,,,0,,,,,,,07:00:00 24-Feb-2024,,,
252321,252321,0.500000,UT,,,22:52:15 26-Jun-2024,,1,-20.1303,149.9898,,,,,,3.050,,,,,,,,,,,,,,,,,,,,,,,,,,,,,,0,,,,,,,07:00:00 24-Feb-2024,,,
252321,252321,0.500000,UT,,,22:53:15 26-Jun-2024,,1,-20.1303,149.9898,,,,,9968,,,,,,,,,,,,,,,,,,,,,,,,,,,,,,,0,,,,,,,07:00:00 24-Feb-2024,,,
252321,252321,0.500000,UT,,,22:53:45 26-Jun-2024,,1,-20.1303,149.9898,,,,,,3.175,,,,,,,,,,,,,,,,,,,,,,,,,,,,,,0,,,,,,,07:00:00 24-Feb-2024,,,
252321,252321,0.500000,UT,,,22:54:15 26-Jun-2024,,1,-20.1303,149.9898,,,,,,,,,,,,,,,,,,,,,,,,,,,,,,,,,,,,0,,,,,,,07:00:00 24-Feb-2024,,,7311
252321,252321,0.500000,UT,,,23:02:15 26-Jun-2024,,2,-20.1276,149.9839,,,,,10000,,,,,,,,,,,,,,,,,,,,,,,,,,,,,,,0,,,,,,,07:00:00 24-Feb-2024,,,
252321,252321,0.500000,UT,,,23:03:45 26-Jun-2024,,2,-20.1276,149.9839,,,,,10005,,,,,,,,,,,,,,,,,,,,,,,,,,,,,,,0,,,,,,,07:00:00 24-Feb-2024,,,
252321,252321,0.500000,UT,,,23:04:01 26-Jun-2024,,2,-20.1276,149.9839,,,,,,3.200,,,,,,,,,,,,,,,,,,,,,,,,,,,,,,0,,,,,,,07:00:00 24-Feb-2024,,,
252321,252321,0.500000,UT,,,23:04:46 26-Jun-2024,,2,-20.1276,149.9839,,,,,,,,,24.20,,,,,,,,,,,,,,,,,,,,,,,,,,,0,,,,,,,07:00:00 24-Feb-2024,,,
252321,252321,0.500000,UT,,,23:05:02 26-Jun-2024,,2,-20.1276,149.9839,,,,,10010,,,,,,,,,,,,,,,,,,,,,,,,,,,,,,,0,,,,,,,07:00:00 24-Feb-2024,,,
252321,252321,0.500000,UT,,,23:05:17 26-Jun-2024,,2,-20.1276,149.9839,,,,,,3.125,,,,,,,,,,,,,,,,,,,,,,,,,,,,,,0,,,,,,,07:00:00 24-Feb-2024,,,
252321,252321,0.500000,UT,,,23:06:02 26-Jun-2024,,2,-20.1276,149.9839,,,,,,,,,24.10,,,,,,,,,,,,,,,,,,,,,,,,,,,0,,,,,,,07:00:00 24-Feb-2024,,,
252321,252321,0.500000,UT,,,23:06:18 26-Jun-2024,,2,-20.1276,149.9839,,,,,10015,,,,,,,,,,,,,,,,,,,,,,,,,,,,,,,0,,,,,,,07:00:00 24-Feb-2024,,,
252321,252321,0.500000,UT,,,23:06:35 26-Jun-2024,,2,-20.1276,149.9839,,,,,,3.075,,,,,,,,,,,,,,,,,,,,,,,,,,,,,,0,,,,,,,07:00:00 24-Feb-2024,,,
252321,252321,0.500000,UT,,,23:08:14 26-Jun-2024,,2,-20.1276,149.9839,,,,,,,,,24.00,,,,,,,,,,,,,,,,,,,,,,,,,,,0,,,,,,,07:00:00 24-Feb-2024,,,
252321,252321,0.500000,UT,,,23:08:29 26-Jun-2024,,2,-20.1276,149.9839,,,,,10021,,,,,,,,,,,,,,,,,,,,,,,,,,,,,,,0,,,,,,,07:00:00 24-Feb-2024,,,
252321,252321,0.500000,UT,,,23:10:36 26-Jun-2024,,2,-20.1276,149.9839,,,,,,,,,24.05,,,,,,,,,,,,,,,,,,,,,,,,,,,0,,,,,,,07:00:00 24-Feb-2024,,,
252321,252321,0.500000,UT,,,23:11:21 26-Jun-2024,,2,-20.1276,149.9839,,,,,10029,,,,,,,,,,,,,,,,,,,,,,,,,,,,,,,0,,,,,,,07:00:00 24-Feb-2024,,,
252321,252321,0.500000,UT,,,23:11:37 26-Jun-2024,,2,-20.1276,149.9839,,,,,,2.975,,,,,,,,,,,,,,,,,,,,,,,,,,,,,,0,,,,,,,07:00:00 24-Feb-2024,,,
252321,252321,0.500000,UT,1.00b,,23:12:21 26-Jun-2024,,2,-20.1276,149.9839,,0,,,,,,,,,,,,,,,,,,,,,,,,,,,,,,,,,,0,,,,,,,07:00:00 24-Feb-2024,,,
252321,252321,0.500000,UT,,,23:12:45 26-Jun-2024,,2,-20.1276,149.9839,,,,,,,,,,,,,,,,,,,,,,,,,,,,,,,,,,,,0,,,,,,,07:00:00 24-Feb-2024,,,7311
252321,252321,0.500000,UT,,,23:35:38 27-Jun-2024,,1,-20.0106,149.7462,,,,,,,,,23.90,,,,,,,,,,,,,,,,,,,,,,,,,,,0,,,,,,,07:00:00 24-Feb-2024,,,
252321,252321,0.500000,UT,,,23:37:31 27-Jun-2024,,1,-20.0106,149.7462,,,,,,3.175,,,,,,,,,,,,,,,,,,,,,,,,,,,,,,0,,,,,,,07:00:00 24-Feb-2024,,,
252321,252321,0.500000,UT,,,01:49:00 28-Jun-2024,,3,-20.0191,149.7103,,,,,10064,,,,,,,,,,,,,,,,,,,,,,,,,,,,,,,0,,,,,,,07:00:00 24-Feb-2024,,,
252321,252321,0.500000,UT,,,01:54:36 28-Jun-2024,,3,-20.0191,149.7103,,,,,10070,,,,,,,,,,,,,,,,,,,,,,,,,,,,,,,0,,,,,,,07:00:00 24-Feb-2024,,,
252321,252321,0.500000,UT,,,01:54:52 28-Jun-2024,,3,-20.0191,149.7103,,,,,,3.100,,,,,,,,,,,,,,,,,,,,,,,,,,,,,,0,,,,,,,07:00:00 24-Feb-2024,,,
252321,252321,0.500000,UT,,,01:57:20 28-Jun-2024,,3,-20.0191,149.7103,,,,,,3.125,,,,,,,,,,,,,,,,,,,,,,,,,,,,,,0,,,,,,,07:00:00 24-Feb-2024,,,
252321,252321,0.500000,UT,,,01:57:51 28-Jun-2024,,3,-20.0191,149.7103,,,,,,,,,,,,,,,,,,,,,,,,,,,,,,,,,,,,0,,,,,,,07:00:00 24-Feb-2024,,,7311
252321,252321,0.500000,UT,,,01:58:09 28-Jun-2024,,3,-20.0191,149.7103,,,,,,,,,25.35,,,,,,,,,,,,,,,,,,,,,,,,,,,0,,,,,,,07:00:00 24-Feb-2024,,,
252321,252321,0.500000,UT,,,01:58:24 28-Jun-2024,,3,-20.0191,149.7103,,,,,10080,,,,,,,,,,,,,,,,,,,,,,,,,,,,,,,0,,,,,,,07:00:00 24-Feb-2024,,,
252321,252321,0.500000,UT,1.00b,,01:58:59 28-Jun-2024,,3,-20.0191,149.7103,,0,,,,,,,,,,,,,,,,,,,,,,,,,,,,,,,,,,0,,,,,,,07:00:00 24-Feb-2024,,,
252321,252321,0.500000,UT,,,00:07:31 29-Jun-2024,,B,-19.9652,149.5687,,,,,10130,,,,,,,,,,,,,,,,,,,,,,,,,,,,,,,0,,,,,,,07:00:00 24-Feb-2024,,,
252321,252321,0.500000,UT,,,00:08:04 29-Jun-2024,,0,-19.7240,149.3257,,,,,,3.125,,,,,,,,,,,,,,,,,,,,,,,,,,,,,,0,,,,,,,07:00:00 24-Feb-2024,,,
252321,252321,0.500000,UT,1.00b,,00:08:30 29-Jun-2024,,0,-19.7240,149.3257,,0,,,,,,,,,,,,,,,,,,,,,,,,,,,,,,,,,,0,,,,,,,07:00:00 24-Feb-2024,,,
252321,252321,0.500000,UT,,,00:08:45 29-Jun-2024,,0,-19.7240,149.3257,,,,,,,,,,,,,,,,,,,,,,,,,,,,,,,,,,,,0,,,,,,,07:00:00 24-Feb-2024,,,7311
252321,252321,0.500000,UT,,,00:09:00 29-Jun-2024,,0,-19.7240,149.3257,,,,,,,,,24.45,,,,,,,,,,,,,,,,,,,,,,,,,,,0,,,,,,,07:00:00 24-Feb-2024,,,
252321,252321,0.500000,UT,,,01:35:46 29-Jun-2024,,1,-19.7495,149.3072,,,,,,,,,24.60,,,,,,,,,,,,,,,,,,,,,,,,,,,0,,,,,,,07:00:00 24-Feb-2024,,,
252321,252321,0.500000,UT,,,01:36:04 29-Jun-2024,,1,-19.7495,149.3072,,,,,10207,,,,,,,,,,,,,,,,,,,,,,,,,,,,,,,0,,,,,,,07:00:00 24-Feb-2024,,,
252321,252321,0.500000,UT,,,01:36:19 29-Jun-2024,,1,-19.7495,149.3072,,,,,,3.225,,,,,,,,,,,,,,,,,,,,,,,,,,,,,,0,,,,,,,07:00:00 24-Feb-2024,,,
252321,252321,0.500000,UT,,,01:36:50 29-Jun-2024,,1,-19.7495,149.3072,,,,,,,,,,,,,,,,,,,,,,,,,,,,,,,,,,,,0,,,,,,,07:00:00 24-Feb-2024,,,7311
252321,252321,0.500000,UT,,,01:37:10 29-Jun-2024,,1,-19.7495,149.3072,,,,,,,,,24.55,,,,,,,,,,,,,,,,,,,,,,,,,,,0,,,,,,,07:00:00 24-Feb-2024,,,
252321,252321,0.500000,UT,,,01:37:35 29-Jun-2024,,1,-19.7495,149.3072,,,,,10212,,,,,,,,,,,,,,,,,,,,,,,,,,,,,,,0,,,,,,,07:00:00 24-Feb-2024,,,
252321,252321,0.500000,UT,,,01:38:58 29-Jun-2024,,1,-19.7495,149.3072,,,,,,,,,24.50,,,,,,,,,,,,,,,,,,,,,,,,,,,0,,,,,,,07:00:00 24-Feb-2024,,,
252321,252321,0.500000,UT,,,01:39:34 29-Jun-2024,,1,-19.7495,149.3072,,,,,10217,,,,,,,,,,,,,,,,,,,,,,,,,,,,,,,0,,,,,,,07:00:00 24-Feb-2024,,,
252321,252321,0.500000,UT,,,01:40:35 29-Jun-2024,,1,-19.7495,149.3072,,,,,,3.150,,,,,,,,,,,,,,,,,,,,,,,,,,,,,,0,,,,,,,07:00:00 24-Feb-2024,,,
252321,252321,0.500000,UT,1.00b,,01:41:05 29-Jun-2024,,1,-19.7495,149.3072,,0,,,,,,,,,,,,,,,,,,,,,,,,,,,,,,,,,,0,,,,,,,07:00:00 24-Feb-2024,,,
252321,252321,0.500000,UT,,,02:54:43 30-Jun-2024,,2,-19.4998,148.8936,,,,,10581,,,,,,,,,,,,,,,,,,,,,,,,,,,,,,,0,,,,,,,07:00:00 24-Feb-2024,,,
252321,252321,0.500000,UT,,,02:54:59 30-Jun-2024,,2,-19.4998,148.8936,,,,,,3.075,,,,,,,,,,,,,,,,,,,,,,,,,,,,,,0,,,,,,,07:00:00 24-Feb-2024,,,
252321,252321,0.500000,UT,,,02:55:48 30-Jun-2024,,2,-19.4998,148.8936,,,,,,,,,25.60,,,,,,,,,,,,,,,,,,,,,,,,,,,0,,,,,,,07:00:00 24-Feb-2024,,,
252321,252321,0.500000,UT,,,02:56:08 30-Jun-2024,,2,-19.4998,148.8936,,,,,10586,,,,,,,,,,,,,,,,,,,,,,,,,,,,,,,0,,,,,,,07:00:00 24-Feb-2024,,,
252321,252321,0.500000,UT,,,02:56:23 30-Jun-2024,,2,-19.4998,148.8936,,,,,,3.000,,,,,,,,,,,,,,,,,,,,,,,,,,,,,,0,,,,,,,07:00:00 24-Feb-2024,,,
252321,252321,0.500000,UT,,,02:57:11 30-Jun-2024,,2,-19.4998,148.8936,,,,,,,,,25.55,,,,,,,,,,,,,,,,,,,,,,,,,,,0,,,,,,,07:00:00 24-Feb-2024,,,
252321,252321,0.500000,UT,,,02:57:27 30-Jun-2024,,2,-19.4998,148.8936,,,,,10591,,,,,,,,,,,,,,,,,,,,,,,,,,,,,,,0,,,,,,,07:00:00 24-Feb-2024,,,
252321,252321,0.500000,UT,,,02:57:42 30-Jun-2024,,2,-19.4998,148.8936,,,,,,3.200,,,,,,,,,,,,,,,,,,,,,,,,,,,,,,0,,,,,,,07:00:00 24-Feb-2024,,,
252321,252321,0.500000,UT,,03:05:20 30-Jun-2024,02:58:16 30-Jun-2024,-423,2,-19.4998,148.8936,CRC,,,,10594,2.950,,,25.50,,,,,,,,,,,,,,220,26,255,0,,,,,,,14,,,0,85,,,,,,07:00:00 24-Feb-2024,,,
252321,252321,0.500000,UT,,,02:59:04 30-Jun-2024,,2,-19.4998,148.8936,,,,,10597,,,,,,,,,,,,,,,,,,,,,,,,,,,,,,,0,,,,,,,07:00:00 24-Feb-2024,,,
252321,252321,0.500000,UT,,,02:59:21 30-Jun-2024,,2,-19.4998,148.8936,,,,,,3.125,,,,,,,,,,,,,,,,,,,,,,,,,,,,,,0,,,,,,,07:00:00 24-Feb-2024,,,
252321,252321,0.500000,UT,1.00b,,02:59:36 30-Jun-2024,,2,-19.4998,148.8936,,0,,,,,,,,,,,,,,,,,,,,,,,,,,,,,,,,,,0,,,,,,,07:00:00 24-Feb-2024,,,
252321,252321,0.500000,UT,,,02:59:53 30-Jun-2024,,2,-19.4998,148.8936,,,,,,,,,,,,,,,,,,,,,,,,,,,,,,,,,,,,0,,,,,,,07:00:00 24-Feb-2024,,,7311
252321,252321,0.500000,UT,,,03:00:08 30-Jun-2024,,2,-19.4998,148.8936,,,,,,,,,25.50,,,,,,,,,,,,,,,,,,,,,,,,,,,0,,,,,,,07:00:00 24-Feb-2024,,,
252321,252321,0.500000,UT,,,03:00:23 30-Jun-2024,,2,-19.4998,148.8936,,,,,10602,,,,,,,,,,,,,,,,,,,,,,,,,,,,,,,0,,,,,,,07:00:00 24-Feb-2024,,,
252321,252321,0.500000,UT,,,03:00:38 30-Jun-2024,,2,-19.4998,148.8936,,,,,,3.150,,,,,,,,,,,,,,,,,,,,,,,,,,,,,,0,,,,,,,07:00:00 24-Feb-2024,,,
252321,252321,0.500000,UT,,,03:01:24 30-Jun-2024,,2,-19.4998,148.8936,,,,,,,,,25.55,,,,,,,,,,,,,,,,,,,,,,,,,,,0,,,,,,,07:00:00 24-Feb-2024,,,
252321,252321,0.500000,UT,,,03:01:39 30-Jun-2024,,2,-19.4998,148.8936,,,,,10607,,,,,,,,,,,,,,,,,,,,,,,,,,,,,,,0,,,,,,,07:00:00 24-Feb-2024,,,
252321,252321,0.500000,UT,,,03:01:54 30-Jun-2024,,2,-19.4998,148.8936,,,,,,3.250,,,,,,,,,,,,,,,,,,,,,,,,,,,,,,0,,,,,,,07:00:00 24-Feb-2024,,,
252321,252321,0.500000,UT,1.00b,,03:02:09 30-Jun-2024,,2,-19.4998,148.8936,,0,,,,,,,,,,,,,,,,,,,,,,,,,,,,,,,,,,0,,,,,,,07:00:00 24-Feb-2024,,,
252321,252321,0.500000,UT,,,03:02:27 30-Jun-2024,,2,-19.4998,148.8936,,,,,,,,,,,,,,,,,,,,,,,,,,,,,,,,,,,,0,,,,,,,07:00:00 24-Feb-2024,,,7311
252321,252321,0.500000,UT,,,03:02:47 30-Jun-2024,,2,-19.4998,148.8936,,,,,,,,,25.30,,,,,,,,,,,,,,,,,,,,,,,,,,,0,,,,,,,07:00:00 24-Feb-2024,,,
252321,252321,0.500000,UT,,,03:03:20 30-Jun-2024,,2,-19.4998,148.8936,,,,,10612,,,,,,,,,,,,,,,,,,,,,,,,,,,,,,,0,,,,,,,07:00:00 24-Feb-2024,,,
252321,252321,0.500000,UT,,,03:03:35 30-Jun-2024,,2,-19.4998,148.8936,,,,,,3.125,,,,,,,,,,,,,,,,,,,,,,,,,,,,,,0,,,,,,,07:00:00 24-Feb-2024,,,
252321,252321,0.500000,UT,,,23:23:35 30-Jun-2024,,B,-19.4258,148.9246,,,,,,,,,24.75,,,,,,,,,,,,,,,,,,,,,,,,,,,0,,,,,,,07:00:00 24-Feb-2024,,,
252321,252321,0.500000,UT,,,23:39:01 30-Jun-2024,,B,-19.3211,148.7375,,,,,10627,,,,,,,,,,,,,,,,,,,,,,,,,,,,,,,0,,,,,,,07:00:00 24-Feb-2024,,,
252321,252321,0.500000,UT,1.00b,,23:41:44 30-Jun-2024,,B,-19.3211,148.7375,,0,,,,,,,,,,,,,,,,,,,,,,,,,,,,,,,,,,0,,,,,,,07:00:00 24-Feb-2024,,,
252321,252321,0.500000,UT,,00:12:07 01-Jul-2024,00:05:01 01-Jul-2024,-425,0,-19.2487,148.6384,CRC,,,,10644,3.075,,,24.85,,,,,,,,,,,,,,221,26,255,0,,,,,,,12,,,0,80,,,,,,07:00:00 24-Feb-2024,,,
252321,252321,0.500000,UT,,,00:05:16 01-Jul-2024,,0,-19.2487,148.6384,,,,,,,,,24.90,,,,,,,,,,,,,,,,,,,,,,,,,,,0,,,,,,,07:00:00 24-Feb-2024,,,
252321,252321,0.500000,UT,,,00:05:39 01-Jul-2024,,0,-19.2487,148.6384,,,,,10646,,,,,,,,,,,,,,,,,,,,,,,,,,,,,,,0,,,,,,,07:00:00 24-Feb-2024,,,
252321,252321,0.500000,UT,,,02:24:30 03-Jul-2024,,0,-18.8493,147.7434,,,,,,,,,24.90,,,,,,,,,,,,,,,,,,,,,,,,,,,0,,,,,,,07:00:00 24-Feb-2024,,,
252321,252321,0.500000,UT,,,02:24:50 03-Jul-2024,,0,-18.8493,147.7434,,,,,10709,,,,,,,,,,,,,,,,,,,,,,,,,,,,,,,0,,,,,,,07:00:00 24-Feb-2024,,,
252321,252321,0.500000,UT,,,02:25:29 03-Jul-2024,,0,-18.8493,147.7434,,,,,,3.025,,,,,,,,,,,,,,,,,,,,,,,,,,,,,,0,,,,,,,07:00:00 24-Feb-2024,,,
252321,252321,0.500000,UT,1.00b,,02:25:44 03-Jul-2024,,0,-18.8493,147.7434,,0,,,,,,,,,,,,,,,,,,,,,,,,,,,,,,,,,,0,,,,,,,07:00:00 24-Feb-2024,,,
