"DeployID","Platform ID No.","Prg No.","Latitude","Longitude","Loc. quality","Loc. date","Loc. type","Altitude","Pass","Sat.","Mote Id","Frequency","Msg Date","Comp.","Msg","> - 120 DB","Best level","Delta freq.","Long. 1","Lat. sol. 1","Long. 2","Lat. sol. 2","Loc. idx","Nopc","Error radius","Semi-major axis","Semi-minor axis","Ellipse orientation","GDOP","SENSOR #01","SENSOR #02","SENSOR #03","SENSOR #04","SENSOR #05","SENSOR #06","SENSOR #07","SENSOR #08","SENSOR #09","SENSOR #10","SENSOR #11","SENSOR #12","SENSOR #13","SENSOR #14","SENSOR #15","SENSOR #16","SENSOR #17","SENSOR #18","SENSOR #19","SENSOR #20","SENSOR #21","SENSOR #22","SENSOR #23","SENSOR #24","SENSOR #25","SENSOR #26","SENSOR #27","SENSOR #28","SENSOR #29","SENSOR #30","SENSOR #31","SENSOR #32"
"",228002,5675,,,,,,,0,NP,,401650000,02/15/2022 07:13:57,1,1,0,-139,401650000,,,,,,,,,,,,90,32,1,,,,,,,,,,,,,,,,,,,,,,,,,,,,,
"",228002,5675,-29.03946,167.94651,3,02/15/2022 08:03:33,Argos,0,360,NK,,401677672.83,02/15/2022 08:00:33,1,5,0,-125,401677672.83,167.94651,-29.03946,167.9465,-29.03946,58,3,131,226,76,104,223,82,240,165,245,104,201,152,158,103,160,21,28,86,3,127,4,1,255,1,204,32,0,0,,,,,,,,,
"",228002,5675,-29.03946,167.94651,3,02/15/2022 08:03:33,Argos,0,360,NK,,401677672.83,02/15/2022 08:02:04,1,5,0,-125,401677672.83,167.94651,-29.03946,167.9465,-29.03946,58,3,131,226,76,104,223,89,192,1,,,,,,,,,,,,,,,,,,,,,,,,,,,,,
"",228002,5675,-29.03946,167.94651,3,02/15/2022 08:03:33,Argos,0,360,NK,,401677672.83,02/15/2022 08:03:34,1,5,0,-125,401677672.83,167.94651,-29.03946,167.9465,-29.03946,58,3,131,226,76,104,223,101,131,0,,,,,,,,,,,,,,,,,,,,,,,,,,,,,
"",228002,5675,-29.03946,167.94651,3,02/15/2022 08:03:33,Argos,0,360,NK,,401677672.83,02/15/2022 08:05:03,1,5,0,-125,401677672.83,167.94651,-29.03946,167.9465,-29.03946,58,3,131,226,76,104,223,12,1,144,,,,,,,,,,,,,,,,,,,,,,,,,,,,,
"",228002,5675,-29.03946,167.94651,3,02/15/2022 08:03:33,Argos,0,360,NK,,401677672.83,02/15/2022 08:06:33,1,5,0,-125,401677672.83,167.94651,-29.03946,167.9465,-29.03946,58,3,131,226,76,104,223,30,142,28,,,,,,,,,,,,,,,,,,,,,,,,,,,,,
"",228002,5675,-29.0392,167.94162,A,02/15/2022 08:50:58,Argos,0,85,NP,,401650000,02/15/2022 08:48:32,1,2,0,-131,401650000,167.94162,-29.0392,162.31686,-30.29901,0,0,0,0,0,61,863,90,223,1,,,,,,,,,,,,,,,,,,,,,,,,,,,,,
"",228002,5675,-29.0392,167.94162,A,02/15/2022 08:50:58,Argos,0,85,NP,,401650000,02/15/2022 08:49:58,1,2,0,-131,401650000,167.94162,-29.0392,162.31686,-30.29901,0,0,0,0,0,61,863,101,131,0,,,,,,,,,,,,,,,,,,,,,,,,,,,,,
"",228002,5675,-29.0392,167.94162,A,02/15/2022 08:50:58,Argos,0,85,NP,,401650000,02/15/2022 08:54:26,1,2,0,-131,401650000,167.94162,-29.0392,162.31686,-30.29901,0,0,0,0,0,61,863,75,201,4,,,,,,,,,,,,,,,,,,,,,,,,,,,,,
"",228002,5675,-29.03381,167.94658,A,02/15/2022 09:12:38,Argos,0,178,MC,,401677672.14,02/15/2022 09:11:09,1,3,0,-131,401677672.14,167.94658,-29.03381,167.94658,-29.03381,6,3,0,0,0,116,1317,95,238,1,,,,,,,,,,,,,,,,,,,,,,,,,,,,,
"",228002,5675,-29.03381,167.94658,A,02/15/2022 09:12:38,Argos,0,178,MC,,401677672.14,02/15/2022 09:12:39,1,3,0,-131,401677672.14,167.94658,-29.03381,167.94658,-29.03381,6,3,0,0,0,116,1317,101,131,0,,,,,,,,,,,,,,,,,,,,,,,,,,,,,
"",228002,5675,-29.03381,167.94658,A,02/15/2022 09:12:38,Argos,0,178,MC,,401677672.14,02/15/2022 09:14:07,1,3,0,-131,401677672.14,167.94658,-29.03381,167.94658,-29.03381,6,3,0,0,0,116,1317,12,1,144,,,,,,,,,,,,,,,,,,,,,,,,,,,,,
"",228002,5675,-29.03321,167.94591,B,02/15/2022 10:00:22,Argos,0,0,MB,,401677675.39,02/15/2022 10:00:22,1,1,0,-133,401677675.39,167.94591,-29.03321,167.9459,-29.03321,8,3,1033,1292,825,100,2905,101,131,0,,,,,,,,,,,,,,,,,,,,,,,,,,,,,
"",228002,5675,-29.04006,167.94187,3,02/15/2022 10:50:43,Argos,0,272,MC,,401677680.07,02/15/2022 10:48:28,1,4,0,-126,401677680.07,167.94187,-29.04006,167.94186,-29.04006,58,3,157,437,56,77,314,12,1,144,,,,,,,,,,,,,,,,,,,,,,,,,,,,,
"",228002,5675,-29.04006,167.94187,3,02/15/2022 10:50:43,Argos,0,272,MC,,401677680.07,02/15/2022 10:49:58,1,4,0,-126,401677680.07,167.94187,-29.04006,167.94186,-29.04006,58,3,157,437,56,77,314,30,142,28,,,,,,,,,,,,,,,,,,,,,,,,,,,,,
"",228002,5675,-29.03864,167.94673,3,02/15/2022 10:52:59,Argos,0,361,NN,,401677679.9,02/15/2022 10:49:58,1,5,0,-126,401677679.9,167.94673,-29.03864,167.94673,-29.03864,56,3,143,346,59,92,227,30,142,28,,,,,,,,,,,,,,,,,,,,,,,,,,,,,
"",228002,5675,-29.04006,167.94187,3,02/15/2022 10:50:43,Argos,0,272,MC,,401677680.07,02/15/2022 10:51:28,1,4,0,-126,401677680.07,167.94187,-29.04006,167.94186,-29.04006,58,3,157,437,56,77,314,72,185,4,,,,,,,,,,,,,,,,,,,,,,,,,,,,,
"",228002,5675,-29.03864,167.94673,3,02/15/2022 10:52:59,Argos,0,361,NN,,401677679.9,02/15/2022 10:51:28,1,5,0,-126,401677679.9,167.94673,-29.03864,167.94673,-29.03864,56,3,143,346,59,92,227,72,185,4,,,,,,,,,,,,,,,,,,,,,,,,,,,,,
"",228002,5675,-29.04006,167.94187,3,02/15/2022 10:50:43,Argos,0,272,MC,,401677680.07,02/15/2022 10:53:00,1,4,0,-126,401677680.07,167.94187,-29.04006,167.94186,-29.04006,58,3,157,437,56,77,314,83,50,2,,,,,,,,,,,,,,,,,,,,,,,,,,,,,
"",228002,5675,-29.03864,167.94673,3,02/15/2022 10:52:59,Argos,0,361,NN,,401677679.9,02/15/2022 10:53:00,1,5,0,-126,401677679.9,167.94673,-29.03864,167.94673,-29.03864,56,3,143,346,59,92,227,83,50,2,,,,,,,,,,,,,,,,,,,,,,,,,,,,,
"",228002,5675,-29.03864,167.94673,3,02/15/2022 10:52:59,Argos,0,361,NN,,401677679.9,02/15/2022 10:54:30,1,5,0,-126,401677679.9,167.94673,-29.03864,167.94673,-29.03864,56,3,143,346,59,92,227,101,131,0,,,,,,,,,,,,,,,,,,,,,,,,,,,,,
"",228002,5675,-29.03864,167.94673,3,02/15/2022 10:52:59,Argos,0,361,NN,,401677679.9,02/15/2022 10:55:59,1,5,0,-126,401677679.9,167.94673,-29.03864,167.94673,-29.03864,56,3,143,346,59,92,227,12,1,144,,,,,,,,,,,,,,,,,,,,,,,,,,,,,
"",228002,5675,,,,,,,0,A1,,401650000,02/26/2022 06:31:35,1,1,0,-129,401650000,,,,,,,,,,,,30,142,28,,,,,,,,,,,,,,,,,,,,,,,,,,,,,
"",228002,5675,-28.78754,167.17008,3,02/27/2022 07:28:40,Argos,0,668,SR,,401677674.86,02/27/2022 07:27:51,1,9,0,-126,401677674.86,167.17008,-28.78754,167.17007,-28.78754,50,3,148,245,89,73,138,90,145,2,,,,,,,,,,,,,,,,,,,,,,,,,,,,,
"",228002,5675,-28.78754,167.17008,3,02/27/2022 07:28:40,Argos,0,668,SR,,401677674.86,02/27/2022 07:28:10,1,9,0,-126,401677674.86,167.17008,-28.78754,167.17007,-28.78754,50,3,148,245,89,73,138,107,133,0,,,,,,,,,,,,,,,,,,,,,,,,,,,,,
"",228002,5675,-28.78754,167.17008,3,02/27/2022 07:28:40,Argos,0,668,SR,,401677674.86,02/27/2022 07:29:10,1,9,0,-126,401677674.86,167.17008,-28.78754,167.17007,-28.78754,50,3,148,245,89,73,138,15,1,16,,,,,,,,,,,,,,,,,,,,,,,,,,,,,
"",228002,5675,-28.78754,167.17008,3,02/27/2022 07:28:40,Argos,0,668,SR,,401677674.86,02/27/2022 07:31:58,1,9,0,-126,401677674.86,167.17008,-28.78754,167.17007,-28.78754,50,3,148,245,89,73,138,65,21,5,,,,,,,,,,,,,,,,,,,,,,,,,,,,,
"",228002,5675,-28.78754,167.17008,3,02/27/2022 07:28:40,Argos,0,668,SR,,401677674.86,02/27/2022 07:33:13,1,9,0,-126,401677674.86,167.17008,-28.78754,167.17007,-28.78754,50,3,148,245,89,73,138,81,150,2,,,,,,,,,,,,,,,,,,,,,,,,,,,,,
"",228002,5675,-28.78754,167.17008,3,02/27/2022 07:28:40,Argos,0,668,SR,,401677674.86,02/27/2022 07:33:35,1,9,0,-126,401677674.86,167.17008,-28.78754,167.17007,-28.78754,50,3,148,245,89,73,138,42,139,64,238,238,238,238,238,238,0,238,238,238,238,238,232,139,55,0,0,0,0,0,0,0,0,0,0,0,14,14,
"",228002,5675,-28.78754,167.17008,3,02/27/2022 07:28:40,Argos,0,668,SR,,401677674.86,02/27/2022 07:34:59,1,9,0,-126,401677674.86,167.17008,-28.78754,167.17007,-28.78754,50,3,148,245,89,73,138,101,131,0,,,,,,,,,,,,,,,,,,,,,,,,,,,,,
"",228002,5675,-28.78754,167.17008,3,02/27/2022 07:28:40,Argos,0,668,SR,,401677674.86,02/27/2022 07:38:59,2,9,0,-126,401677674.86,167.17008,-28.78754,167.17007,-28.78754,50,3,148,245,89,73,138,30,142,28,,,,,,,,,,,,,,,,,,,,,,,,,,,,,
"",228002,5675,-28.78723,167.16787,B,02/27/2022 08:01:48,Argos,0,0,NK,,401677684.46,02/27/2022 08:01:48,1,1,0,-126,401677684.46,167.16787,-28.78723,167.16788,-28.78723,7,3,1563,1796,1360,82,2197,87,176,165,245,104,201,152,179,125,160,46,21,22,5,55,4,7,122,40,60,58,200,40,,,,,,,,,
"",228002,5675,-28.80231,167.15447,B,02/27/2022 10:04:58,Argos,0,21,MC,,401677707.09,02/27/2022 10:04:48,1,2,1,-118,401677707.09,167.15447,-28.80231,167.15446,-28.80231,7,3,2450,6477,926,77,3582,15,1,16,,,,,,,,,,,,,,,,,,,,,,,,,,,,,
"",228002,5675,-28.77243,167.16024,B,02/27/2022 10:04:58,Argos,0,21,NN,,401677671.79,02/27/2022 10:04:48,1,2,0,-130,401677671.79,167.16024,-28.77243,167.16023,-28.77243,8,3,2616,4187,1634,86,3980,15,1,16,,,,,,,,,,,,,,,,,,,,,,,,,,,,,
"",228002,5675,-28.80231,167.15447,B,02/27/2022 10:04:58,Argos,0,21,MC,,401677707.09,02/27/2022 10:05:09,1,2,1,-118,401677707.09,167.15447,-28.80231,167.15446,-28.80231,7,3,2450,6477,926,77,3582,42,139,64,238,238,238,238,238,238,0,238,238,238,238,238,232,139,55,0,0,0,0,0,0,0,0,0,0,0,14,14,
"",228002,5675,-28.77243,167.16024,B,02/27/2022 10:04:58,Argos,0,21,NN,,401677671.79,02/27/2022 10:05:09,1,2,0,-130,401677671.79,167.16024,-28.77243,167.16023,-28.77243,8,3,2616,4187,1634,86,3980,42,139,64,238,238,238,238,238,238,0,238,238,238,238,238,232,139,55,0,0,0,0,0,0,0,0,0,0,0,14,14,
"",228002,5675,-28.80433,167.15208,B,02/27/2022 10:46:38,Argos,0,0,MB,,401677690.63,02/27/2022 10:46:38,1,1,0,-133,401677690.63,167.15208,-28.80433,167.15208,-28.80433,8,3,2832,5328,1505,78,4393,91,164,2,,,,,,,,,,,,,,,,,,,,,,,,,,,,,
"",228002,5675,-28.63809,166.90693,A,02/27/2022 18:09:51,Argos,0,270,SR,,401677678.13,02/27/2022 18:07:04,1,3,0,-125,401677678.13,166.90693,-28.63809,166.90694,-28.63809,8,3,3989,39335,404,82,1687,68,20,5,,,,,,,,,,,,,,,,,,,,,,,,,,,,,
"",228002,5675,-28.63809,166.90693,A,02/27/2022 18:09:51,Argos,0,270,SR,,401677678.13,02/27/2022 18:10:57,1,3,0,-125,401677678.13,166.90693,-28.63809,166.90694,-28.63809,8,3,3989,39335,404,82,1687,90,144,163,255,245,127,103,232,94,200,65,162,32,222,250,14,5,63,212,76,200,235,23,,,,,,,,,
"",228002,5675,-28.63809,166.90693,A,02/27/2022 18:09:51,Argos,0,270,SR,,401677678.13,02/27/2022 18:11:34,1,3,0,-125,401677678.13,166.90693,-28.63809,166.90694,-28.63809,8,3,3989,39335,404,82,1687,94,181,2,,,,,,,,,,,,,,,,,,,,,,,,,,,,,
"",228002,5675,-28.61396,166.88044,2,02/27/2022 19:13:03,Argos,0,646,NK,,401677678.16,02/27/2022 19:07:13,1,7,0,-122,401677678.16,166.88044,-28.61396,166.88045,-28.61396,58,3,406,610,269,127,226,13,145,203,,,,,,,,,,,,,,,,,,,,,,,,,,,,,
"",228002,5675,-28.61396,166.88044,2,02/27/2022 19:13:03,Argos,0,646,NK,,401677678.16,02/27/2022 19:12:40,1,7,0,-122,401677678.16,166.88044,-28.61396,166.88045,-28.61396,58,3,406,610,269,127,226,74,18,5,,,,,,,,,,,,,,,,,,,,,,,,,,,,,
"",228002,5675,-28.61396,166.88044,2,02/27/2022 19:13:03,Argos,0,646,NK,,401677678.16,02/27/2022 19:14:42,1,7,0,-122,401677678.16,166.88044,-28.61396,166.88045,-28.61396,58,3,406,610,269,127,226,81,201,2,,,,,,,,,,,,,,,,,,,,,,,,,,,,,
"",228002,5675,-28.61396,166.88044,2,02/27/2022 19:13:03,Argos,0,646,NK,,401677678.16,02/27/2022 19:14:58,1,7,0,-122,401677678.16,166.88044,-28.61396,166.88045,-28.61396,58,3,406,610,269,127,226,100,134,0,,,,,,,,,,,,,,,,,,,,,,,,,,,,,
"",228002,5675,-28.61396,166.88044,2,02/27/2022 19:13:03,Argos,0,646,NK,,401677678.16,02/27/2022 19:16:07,2,7,0,-122,401677678.16,166.88044,-28.61396,166.88045,-28.61396,58,3,406,610,269,127,226,30,142,28,,,,,,,,,,,,,,,,,,,,,,,,,,,,,
"",228002,5675,-28.61396,166.88044,2,02/27/2022 19:13:03,Argos,0,646,NK,,401677678.16,02/27/2022 19:17:59,1,7,0,-122,401677678.16,166.88044,-28.61396,166.88045,-28.61396,58,3,406,610,269,127,226,79,19,5,,,,,,,,,,,,,,,,,,,,,,,,,,,,,
"",228002,5675,-28.57181,166.76105,B,02/27/2022 23:09:09,Argos,0,26,NN,,401677654.39,02/27/2022 23:08:56,1,2,0,-133,401677654.39,166.76105,-28.57181,166.76105,-28.57181,8,3,4504,17489,1159,129,3164,30,140,66,,,,,,,,,,,,,,,,,,,,,,,,,,,,,
"",228002,5675,-28.57181,166.76105,B,02/27/2022 23:09:09,Argos,0,26,NN,,401677654.39,02/27/2022 23:09:22,1,2,0,-133,401677654.39,166.76105,-28.57181,166.76105,-28.57181,8,3,4504,17489,1159,129,3164,74,18,5,,,,,,,,,,,,,,,,,,,,,,,,,,,,,
"",228002,5675,-28.504,166.6084,B,02/28/2022 07:04:45,Argos,0,0,SR,,401677653.73,02/28/2022 07:04:45,1,1,0,-125,401677653.73,166.6084,-28.504,166.6084,-28.504,8,3,12874,18313,9049,115,9770,15,1,16,,,,,,,,,,,,,,,,,,,,,,,,,,,,,
"",228002,5675,-28.46585,166.55217,B,02/28/2022 07:28:07,Argos,0,18,A1,,401677678.48,02/28/2022 07:27:58,1,2,0,-137,401677678.48,166.55217,-28.46585,166.55217,-28.46585,6,3,2178,5081,933,93,6153,83,243,2,,,,,,,,,,,,,,,,,,,,,,,,,,,,,
"",228002,5675,-28.47867,166.59131,B,02/28/2022 07:27:57,Argos,0,0,NK,,401677674.64,02/28/2022 07:27:58,1,1,0,-140,401677674.64,166.59131,-28.47867,166.59131,-28.47867,6,3,5593,22637,1381,93,15337,83,243,2,,,,,,,,,,,,,,,,,,,,,,,,,,,,,
"",228002,5675,-28.46585,166.55217,B,02/28/2022 07:28:07,Argos,0,18,A1,,401677678.48,02/28/2022 07:28:17,1,2,0,-137,401677678.48,166.55217,-28.46585,166.55217,-28.46585,6,3,2178,5081,933,93,6153,100,134,0,,,,,,,,,,,,,,,,,,,,,,,,,,,,,
"",228002,5675,-28.3374,166.28668,B,02/28/2022 20:21:07,Argos,0,0,NK,,401677692.5,02/28/2022 20:21:07,1,1,0,-133,401677692.5,166.28668,-28.3374,166.28668,-28.3374,0,3,4391,5820,3312,92,12418,30,142,28,,,,,,,,,,,,,,,,,,,,,,,,,,,,,
"",228002,5675,-28.28267,166.49449,A,03/01/2022 06:34:11,Argos,0,238,SR,,401677673.86,03/01/2022 06:32:16,1,3,0,-125,401677673.86,166.49449,-28.28267,166.49449,-28.28267,8,3,36921,0,323,100,15114,83,176,165,245,104,201,152,179,112,154,22,217,214,6,99,6,9,216,29,208,240,255,128,,,,,,,,,
"",228002,5675,-28.28267,166.49449,A,03/01/2022 06:34:11,Argos,0,238,SR,,401677673.86,03/01/2022 06:34:06,1,3,0,-125,401677673.86,166.49449,-28.28267,166.49449,-28.28267,8,3,36921,0,323,100,15114,30,142,28,,,,,,,,,,,,,,,,,,,,,,,,,,,,,
"",228002,5675,-28.28267,166.49449,A,03/01/2022 06:34:11,Argos,0,238,SR,,401677673.86,03/01/2022 06:36:14,1,3,0,-125,401677673.86,166.49449,-28.28267,166.49449,-28.28267,8,3,36921,0,323,100,15114,42,139,128,238,238,204,16,170,2,14,113,239,166,191,88,126,228,58,183,61,153,126,105,203,248,105,225,105,74,218,171,
"",228002,5675,-28.16036,165.81183,B,03/01/2022 07:08:10,Argos,0,162,NK,,401677692.21,03/01/2022 07:05:28,1,2,0,-133,401677692.21,165.81183,-28.16036,165.81183,-28.16036,6,2,18244,56882,5851,49,1906,70,14,5,,,,,,,,,,,,,,,,,,,,,,,,,,,,,
"",228002,5675,-28.2488,166.373,B,03/01/2022 07:08:10,Argos,0,0,NK,,401677719.61,03/01/2022 07:08:10,1,1,0,-137,401677719.61,166.373,-28.2488,166.373,-28.2488,5,2,45106,460345,4419,100,14199,100,134,0,,,,,,,,,,,,,,,,,,,,,,,,,,,,,
"",228002,5675,-28.18373,165.57898,B,03/01/2022 07:52:03,Argos,0,118,NP,,401677655.6,03/01/2022 07:51:04,1,2,0,-132,401677655.6,165.57898,-28.18373,165.57898,-28.18373,8,3,35334,104431,11954,61,2605,42,139,128,238,236,226,142,100,135,125,210,141,42,255,242,182,212,1,83,236,184,18,22,28,92,4,143,227,177,10,243,
"",228002,5675,-28.18373,165.57898,B,03/01/2022 07:52:03,Argos,0,118,NP,,401677655.6,03/01/2022 07:53:02,1,2,0,-132,401677655.6,165.57898,-28.18373,165.57898,-28.18373,8,3,35334,104431,11954,61,2605,89,64,3,,,,,,,,,,,,,,,,,,,,,,,,,,,,,
"",228002,5675,-28.18352,165.23618,B,03/01/2022 08:48:23,Argos,0,0,NK,,401677614.18,03/01/2022 08:48:23,1,1,0,-127,401677614.18,165.23618,-28.18352,165.23618,-28.18352,8,3,33092,70620,15506,74,3450,91,90,3,,,,,,,,,,,,,,,,,,,,,,,,,,,,,
"",228002,5675,-28.01659,164.43878,B,03/01/2022 11:04:33,Argos,0,0,MC,,401677718.43,03/01/2022 11:04:34,1,1,1,-119,401677718.43,164.43878,-28.01659,164.43878,-28.01659,7,3,55465,71772,42863,79,5782,30,142,28,,,,,,,,,,,,,,,,,,,,,,,,,,,,,
"",228002,5675,-27.98359,165.45644,0,03/01/2022 18:44:37,Argos,0,711,SR,,401677677.39,03/01/2022 18:44:38,1,4,0,-134,401677677.39,165.45644,-27.98359,165.45644,-27.98359,48,3,23849,100472,5661,168,2143,70,14,5,,,,,,,,,,,,,,,,,,,,,,,,,,,,,
"",228002,5675,-27.98359,165.45644,0,03/01/2022 18:44:37,Argos,0,711,SR,,401677677.39,03/01/2022 18:55:05,1,4,0,-134,401677677.39,165.45644,-27.98359,165.45644,-27.98359,48,3,23849,100472,5661,168,2143,87,118,3,,,,,,,,,,,,,,,,,,,,,,,,,,,,,
"",228002,5675,-28.00768,165.46325,1,03/01/2022 18:56:20,Argos,0,148,A1,,401677679.56,03/01/2022 18:55:05,1,4,0,-125,401677679.56,165.46325,-28.00768,165.46326,-28.00768,56,3,547,3501,85,70,1057,87,118,3,,,,,,,,,,,,,,,,,,,,,,,,,,,,,
"",228002,5675,-27.98359,165.45644,0,03/01/2022 18:44:37,Argos,0,711,SR,,401677677.39,03/01/2022 18:56:14,1,4,0,-134,401677677.39,165.45644,-27.98359,165.45644,-27.98359,48,3,23849,100472,5661,168,2143,101,131,0,,,,,,,,,,,,,,,,,,,,,,,,,,,,,
"",228002,5675,-28.00768,165.46325,1,03/01/2022 18:56:20,Argos,0,148,A1,,401677679.56,03/01/2022 18:56:14,1,4,0,-125,401677679.56,165.46325,-28.00768,165.46326,-28.00768,56,3,547,3501,85,70,1057,101,131,0,,,,,,,,,,,,,,,,,,,,,,,,,,,,,
"",228002,5675,-27.98359,165.45644,0,03/01/2022 18:44:37,Argos,0,711,SR,,401677677.39,03/01/2022 18:56:29,1,4,0,-134,401677677.39,165.45644,-27.98359,165.45644,-27.98359,48,3,23849,100472,5661,168,2143,15,1,16,,,,,,,,,,,,,,,,,,,,,,,,,,,,,
"",228002,5675,-28.00768,165.46325,1,03/01/2022 18:56:20,Argos,0,148,A1,,401677679.56,03/01/2022 18:56:29,1,4,0,-125,401677679.56,165.46325,-28.00768,165.46326,-28.00768,56,3,547,3501,85,70,1057,15,1,16,,,,,,,,,,,,,,,,,,,,,,,,,,,,,
"",228002,5675,-28.00768,165.46325,1,03/01/2022 18:56:20,Argos,0,148,A1,,401677679.56,03/01/2022 18:57:33,1,4,0,-125,401677679.56,165.46325,-28.00768,165.46326,-28.00768,56,3,547,3501,85,70,1057,30,142,28,,,,,,,,,,,,,,,,,,,,,,,,,,,,,
"",228002,5675,-27.96207,165.45151,1,03/01/2022 19:58:11,Argos,0,602,NK,,401677677.33,03/01/2022 19:55:21,1,7,0,-128,401677677.33,165.45151,-27.96207,165.4515,-27.96207,58,2,950,12997,69,99,1025,100,134,0,,,,,,,,,,,,,,,,,,,,,,,,,,,,,
"",228002,5675,-27.96207,165.45151,1,03/01/2022 19:58:11,Argos,0,602,NK,,401677677.33,03/01/2022 19:56:33,1,7,0,-128,401677677.33,165.45151,-27.96207,165.4515,-27.96207,58,2,950,12997,69,99,1025,76,12,5,,,,,,,,,,,,,,,,,,,,,,,,,,,,,
"",228002,5675,-27.96207,165.45151,1,03/01/2022 19:58:11,Argos,0,602,NK,,401677677.33,03/01/2022 19:57:12,1,7,0,-128,401677677.33,165.45151,-27.96207,165.4515,-27.96207,58,2,950,12997,69,99,1025,91,139,3,,,,,,,,,,,,,,,,,,,,,,,,,,,,,
"",228002,5675,-27.96207,165.45151,1,03/01/2022 19:58:11,Argos,0,602,NK,,401677677.33,03/01/2022 20:00:43,2,7,0,-128,401677677.33,165.45151,-27.96207,165.4515,-27.96207,58,2,950,12997,69,99,1025,15,1,16,,,,,,,,,,,,,,,,,,,,,,,,,,,,,
"",228002,5675,-27.96207,165.45151,1,03/01/2022 19:58:11,Argos,0,602,NK,,401677677.33,03/01/2022 20:05:23,2,7,0,-128,401677677.33,165.45151,-27.96207,165.4515,-27.96207,58,2,950,12997,69,99,1025,30,142,28,,,,,,,,,,,,,,,,,,,,,,,,,,,,,
"",228002,5675,-27.91752,165.27557,B,03/02/2022 18:42:31,Argos,0,0,A1,,401677738.17,03/02/2022 18:42:32,1,1,0,-129,401677738.17,165.27557,-27.91752,165.27557,-27.91752,0,2,12448,13819,11213,37,13154,30,142,28,,,,,,,,,,,,,,,,,,,,,,,,,,,,,
"",228002,5675,-27.7682,165.18282,B,03/02/2022 19:37:44,Argos,0,0,NK,,401677729.42,03/02/2022 19:37:44,1,1,0,-128,401677729.42,165.18282,-27.7682,165.18282,-27.7682,8,3,8071,20094,3242,111,9326,30,142,28,,,,,,,,,,,,,,,,,,,,,,,,,,,,,
"",228002,5675,-27.36796,164.55581,A,03/03/2022 19:05:50,Argos,0,49,NK,,401677655.29,03/03/2022 19:05:26,1,3,0,-135,401677655.29,164.55581,-27.36796,164.55582,-27.36796,0,3,82115,480914,14020,84,11897,15,1,16,,,,,,,,,,,,,,,,,,,,,,,,,,,,,
"",228002,5675,-27.36796,164.55581,A,03/03/2022 19:05:50,Argos,0,49,NK,,401677655.29,03/03/2022 19:05:51,1,3,0,-135,401677655.29,164.55581,-27.36796,164.55582,-27.36796,0,3,82115,480914,14020,84,11897,30,142,28,,,,,,,,,,,,,,,,,,,,,,,,,,,,,
"",228002,5675,-27.36796,164.55581,A,03/03/2022 19:05:50,Argos,0,49,NK,,401677655.29,03/03/2022 19:06:15,1,3,0,-135,401677655.29,164.55581,-27.36796,164.55582,-27.36796,0,3,82115,480914,14020,84,11897,69,17,5,,,,,,,,,,,,,,,,,,,,,,,,,,,,,
"",228002,5675,-27.36474,165.33103,B,03/03/2022 19:28:10,Argos,0,0,SR,,401677834.53,03/03/2022 19:28:10,1,1,0,-124,401677834.53,165.33103,-27.36474,165.33102,-27.36474,0,3,15585,53103,4574,68,6676,70,114,175,241,1,246,246,30,45,175,19,176,19,229,120,140,124,61,28,44,143,126,112,,,,,,,,,
"",228002,5675,-27.36474,165.33103,B,03/03/2022 19:28:10,Argos,0,0,SR,,401677834.53,03/03/2022 19:32:37,1,1,0,-124,401677834.53,165.33103,-27.36474,165.33102,-27.36474,0,3,15585,53103,4574,68,6676,42,140,66,254,255,200,239,175,206,191,191,139,57,171,15,147,252,155,103,156,39,167,14,62,246,51,175,69,6,237,210,
"",228002,5675,-27.27259,164.17425,B,03/04/2022 10:02:43,Argos,0,0,MC,,401677729.39,03/04/2022 10:02:43,1,1,0,-121,401677729.39,164.17425,-27.27259,164.17426,-27.27259,0,3,46958,95581,23070,56,11781,72,24,5,,,,,,,,,,,,,,,,,,,,,,,,,,,,,
"",228002,5675,-26.9158,163.98345,0,03/04/2022 18:47:25,Argos,0,272,NK,,401677678.97,03/04/2022 18:45:09,1,4,0,-130,401677678.97,163.98345,-26.9158,163.98344,-26.9158,58,3,1948,5336,710,57,1018,69,46,4,,,,,,,,,,,,,,,,,,,,,,,,,,,,,
"",228002,5675,-26.9158,163.98345,0,03/04/2022 18:47:25,Argos,0,272,NK,,401677678.97,03/04/2022 18:47:01,1,4,0,-130,401677678.97,163.98345,-26.9158,163.98344,-26.9158,58,3,1948,5336,710,57,1018,110,132,0,,,,,,,,,,,,,,,,,,,,,,,,,,,,,
"",228002,5675,-26.9158,163.98345,0,03/04/2022 18:47:25,Argos,0,272,NK,,401677678.97,03/04/2022 18:47:51,1,4,0,-130,401677678.97,163.98345,-26.9158,163.98344,-26.9158,58,3,1948,5336,710,57,1018,15,3,31,,,,,,,,,,,,,,,,,,,,,,,,,,,,,
"",228002,5675,-26.9158,163.98345,0,03/04/2022 18:47:25,Argos,0,272,NK,,401677678.97,03/04/2022 18:49:41,1,4,0,-130,401677678.97,163.98345,-26.9158,163.98344,-26.9158,58,3,1948,5336,710,57,1018,79,35,5,,,,,,,,,,,,,,,,,,,,,,,,,,,,,
"",228002,5675,-26.64048,163.35734,B,03/04/2022 18:52:58,Argos,0,0,SR,,401677698.81,03/04/2022 18:52:58,1,1,0,-125,401677698.81,163.35734,-26.64048,163.35735,-26.64048,8,3,7721,18089,3295,7,21839,87,20,4,,,,,,,,,,,,,,,,,,,,,,,,,,,,,
"",228002,5675,-26.90287,163.95366,3,03/04/2022 19:41:14,Argos,0,384,A1,,401677677.99,03/04/2022 19:38:53,1,9,0,-127,401677677.99,163.95366,-26.90287,145.42851,-30.36959,60,4,169,262,108,97,190,30,142,28,,,,,,,,,,,,,,,,,,,,,,,,,,,,,
"",228002,5675,-26.90287,163.95366,3,03/04/2022 19:41:14,Argos,0,384,A1,,401677677.99,03/04/2022 19:40:03,1,9,0,-127,401677677.99,163.95366,-26.90287,145.42851,-30.36959,60,4,169,262,108,97,190,64,32,5,,,,,,,,,,,,,,,,,,,,,,,,,,,,,
"",228002,5675,-26.90287,163.95366,3,03/04/2022 19:41:14,Argos,0,384,A1,,401677677.99,03/04/2022 19:41:09,1,9,0,-127,401677677.99,163.95366,-26.90287,145.42851,-30.36959,60,4,169,262,108,97,190,85,46,4,,,,,,,,,,,,,,,,,,,,,,,,,,,,,
"",228002,5675,-26.90287,163.95366,3,03/04/2022 19:41:14,Argos,0,384,A1,,401677677.99,03/04/2022 19:41:40,1,9,0,-127,401677677.99,163.95366,-26.90287,145.42851,-30.36959,60,4,169,262,108,97,190,100,134,0,,,,,,,,,,,,,,,,,,,,,,,,,,,,,
"",228002,5675,-26.90287,163.95366,3,03/04/2022 19:41:14,Argos,0,384,A1,,401677677.99,03/04/2022 19:42:11,2,9,0,-127,401677677.99,163.95366,-26.90287,145.42851,-30.36959,60,4,169,262,108,97,190,15,1,16,,,,,,,,,,,,,,,,,,,,,,,,,,,,,
"",228002,5675,-26.90287,163.95366,3,03/04/2022 19:41:14,Argos,0,384,A1,,401677677.99,03/04/2022 19:42:26,1,9,0,-127,401677677.99,163.95366,-26.90287,145.42851,-30.36959,60,4,169,262,108,97,190,30,140,122,,,,,,,,,,,,,,,,,,,,,,,,,,,,,
"",228002,5675,-26.90287,163.95366,3,03/04/2022 19:41:14,Argos,0,384,A1,,401677677.99,03/04/2022 19:43:30,1,9,0,-127,401677677.99,163.95366,-26.90287,145.42851,-30.36959,60,4,169,262,108,97,190,74,34,5,,,,,,,,,,,,,,,,,,,,,,,,,,,,,
"",228002,5675,-26.90287,163.95366,3,03/04/2022 19:41:14,Argos,0,384,A1,,401677677.99,03/04/2022 19:43:50,1,9,0,-127,401677677.99,163.95366,-26.90287,145.42851,-30.36959,60,4,169,262,108,97,190,92,51,4,,,,,,,,,,,,,,,,,,,,,,,,,,,,,
"",228002,5675,-26.90969,163.9508,1,03/04/2022 20:15:49,Argos,0,618,NP,,401677672.38,03/04/2022 20:07:03,1,5,0,-125,401677672.38,163.9508,-26.90969,163.9508,-26.90969,58,3,1366,2996,622,73,1241,30,142,28,,,,,,,,,,,,,,,,,,,,,,,,,,,,,
"",228002,5675,-26.90819,163.94916,0,03/04/2022 20:15:49,Argos,0,151,NP,,401677672.39,03/04/2022 20:14:50,1,4,0,-126,401677672.39,163.94916,-26.90819,163.94916,-26.90819,58,3,2923,5010,1705,116,1901,90,61,4,,,,,,,,,,,,,,,,,,,,,,,,,,,,,
"",228002,5675,-26.90819,163.94916,0,03/04/2022 20:15:49,Argos,0,151,NP,,401677672.39,03/04/2022 20:15:13,1,4,0,-126,401677672.39,163.94916,-26.90819,163.94916,-26.90819,58,3,2923,5010,1705,116,1901,97,135,0,,,,,,,,,,,,,,,,,,,,,,,,,,,,,
"",228002,5675,-26.90819,163.94916,0,03/04/2022 20:15:49,Argos,0,151,NP,,401677672.39,03/04/2022 20:15:55,1,4,0,-126,401677672.39,163.94916,-26.90819,163.94916,-26.90819,58,3,2923,5010,1705,116,1901,15,1,16,,,,,,,,,,,,,,,,,,,,,,,,,,,,,
"",228002,5675,-26.90819,163.94916,0,03/04/2022 20:15:49,Argos,0,151,NP,,401677672.39,03/04/2022 20:17:21,1,4,0,-126,401677672.39,163.94916,-26.90819,163.94916,-26.90819,58,3,2923,5010,1705,116,1901,30,158,28,,,,,,,,,,,,,,,,,,,,,,,,,,,,,
"",228002,5675,-26.88716,163.95362,B,03/04/2022 20:29:39,Argos,0,238,NK,,401677673.02,03/04/2022 20:27:41,1,2,0,-121,401677673.02,163.95362,-26.88716,163.95361,-26.88716,6,3,1223,6699,223,86,1498,73,144,109,211,188,103,54,229,150,40,150,78,158,7,53,65,137,36,26,76,213,135,134,,,,,,,,,
"",228002,5675,-26.88446,163.94822,0,03/04/2022 20:33:25,Argos,0,234,SR,,401677677.32,03/04/2022 20:31:39,1,5,0,-129,401677677.32,163.94822,-26.88446,163.94823,-26.88446,56,3,1781,6978,454,99,1019,74,34,5,,,,,,,,,,,,,,,,,,,,,,,,,,,,,
"",228002,5675,-26.88716,163.95362,B,03/04/2022 20:29:39,Argos,0,238,NK,,401677673.02,03/04/2022 20:31:39,1,2,0,-121,401677673.02,163.95362,-26.88716,163.95361,-26.88716,6,3,1223,6699,223,86,1498,74,34,5,,,,,,,,,,,,,,,,,,,,,,,,,,,,,
"",228002,5675,-26.88446,163.94822,0,03/04/2022 20:33:25,Argos,0,234,SR,,401677677.32,03/04/2022 20:32:07,1,5,0,-129,401677677.32,163.94822,-26.88446,163.94823,-26.88446,56,3,1781,6978,454,99,1019,88,72,4,,,,,,,,,,,,,,,,,,,,,,,,,,,,,
"",228002,5675,-26.88446,163.94822,0,03/04/2022 20:33:25,Argos,0,234,SR,,401677677.32,03/04/2022 20:33:21,1,5,0,-129,401677677.32,163.94822,-26.88446,163.94823,-26.88446,56,3,1781,6978,454,99,1019,100,134,0,,,,,,,,,,,,,,,,,,,,,,,,,,,,,
"",228002,5675,-26.88446,163.94822,0,03/04/2022 20:33:25,Argos,0,234,SR,,401677677.32,03/04/2022 20:34:30,1,5,0,-129,401677677.32,163.94822,-26.88446,163.94823,-26.88446,56,3,1781,6978,454,99,1019,30,142,28,,,,,,,,,,,,,,,,,,,,,,,,,,,,,
"",228002,5675,-26.88446,163.94822,0,03/04/2022 20:33:25,Argos,0,234,SR,,401677677.32,03/04/2022 20:35:33,1,5,0,-129,401677677.32,163.94822,-26.88446,163.94823,-26.88446,56,3,1781,6978,454,99,1019,68,36,5,,,,,,,,,,,,,,,,,,,,,,,,,,,,,
"",228002,5675,-26.84137,163.71442,0,03/05/2022 06:10:23,Argos,0,199,SR,,401677680.33,03/05/2022 06:08:46,1,5,0,-126,401677680.33,163.71442,-26.84137,163.71442,-26.84137,58,3,5442,64189,461,128,3401,77,41,196,,,,,,,,,,,,,,,,,,,,,,,,,,,,,
"",228002,5675,-26.84137,163.71442,0,03/05/2022 06:10:23,Argos,0,199,SR,,401677680.33,03/05/2022 06:09:31,1,5,0,-126,401677680.33,163.71442,-26.84137,163.71442,-26.84137,58,3,5442,64189,461,128,3401,86,110,4,,,,,,,,,,,,,,,,,,,,,,,,,,,,,
"",228002,5675,-26.79817,163.65566,3,03/05/2022 06:14:13,Argos,0,595,A1,,401677672.85,03/05/2022 06:09:31,1,16,0,-126,401677672.85,163.65566,-26.79817,163.65565,-26.79817,56,3,134,254,70,102,79,86,110,4,,,,,,,,,,,,,,,,,,,,,,,,,,,,,
"",228002,5675,-26.84137,163.71442,0,03/05/2022 06:10:23,Argos,0,199,SR,,401677680.33,03/05/2022 06:10:29,1,5,0,-126,401677680.33,163.71442,-26.84137,163.71442,-26.84137,58,3,5442,64189,461,128,3401,97,135,0,,,,,,,,,,,,,,,,,,,,,,,,,,,,,
"",228002,5675,-26.84137,163.71442,0,03/05/2022 06:10:23,Argos,0,199,SR,,401677680.33,03/05/2022 06:11:07,1,5,0,-126,401677680.33,163.71442,-26.84137,163.71442,-26.84137,58,3,5442,64189,461,128,3401,15,1,16,,,,,,,,,,,,,,,,,,,,,,,,,,,,,
"",228002,5675,-26.84137,163.71442,0,03/05/2022 06:10:23,Argos,0,199,SR,,401677680.33,03/05/2022 06:12:05,1,5,0,-126,401677680.33,163.71442,-26.84137,163.71442,-26.84137,58,3,5442,64189,461,128,3401,30,142,28,,,,,,,,,,,,,,,,,,,,,,,,,,,,,
"",228002,5675,-26.79817,163.65566,3,03/05/2022 06:14:13,Argos,0,595,A1,,401677672.85,03/05/2022 06:12:41,1,16,0,-126,401677672.85,163.65566,-26.79817,163.65565,-26.79817,56,3,134,254,70,102,79,95,115,4,,,,,,,,,,,,,,,,,,,,,,,,,,,,,
"",228002,5675,-26.79817,163.65566,3,03/05/2022 06:14:13,Argos,0,595,A1,,401677672.85,03/05/2022 06:13:09,1,16,0,-126,401677672.85,163.65566,-26.79817,163.65565,-26.79817,56,3,134,254,70,102,79,107,133,0,,,,,,,,,,,,,,,,,,,,,,,,,,,,,
"",228002,5675,-26.79817,163.65566,3,03/05/2022 06:14:13,Argos,0,595,A1,,401677672.85,03/05/2022 06:14:13,1,16,0,-126,401677672.85,163.65566,-26.79817,163.65565,-26.79817,56,3,134,254,70,102,79,72,144,165,245,104,201,152,179,114,152,247,210,88,8,237,10,9,81,28,210,144,255,128,,,,,,,,,
"",228002,5675,-26.79817,163.65566,3,03/05/2022 06:14:13,Argos,0,595,A1,,401677672.85,03/05/2022 06:15:16,2,16,0,-126,401677672.85,163.65566,-26.79817,163.65565,-26.79817,56,3,134,254,70,102,79,66,42,5,,,,,,,,,,,,,,,,,,,,,,,,,,,,,
"",228002,5675,-26.79817,163.65566,3,03/05/2022 06:14:13,Argos,0,595,A1,,401677672.85,03/05/2022 06:15:33,1,16,0,-126,401677672.85,163.65566,-26.79817,163.65565,-26.79817,56,3,134,254,70,102,79,93,121,4,,,,,,,,,,,,,,,,,,,,,,,,,,,,,
"",228002,5675,-26.79817,163.65566,3,03/05/2022 06:14:13,Argos,0,595,A1,,401677672.85,03/05/2022 06:16:26,2,16,0,-126,401677672.85,163.65566,-26.79817,163.65565,-26.79817,56,3,134,254,70,102,79,97,135,0,,,,,,,,,,,,,,,,,,,,,,,,,,,,,
"",228002,5675,-26.79817,163.65566,3,03/05/2022 06:14:13,Argos,0,595,A1,,401677672.85,03/05/2022 06:18:05,3,16,0,-126,401677672.85,163.65566,-26.79817,163.65565,-26.79817,56,3,134,254,70,102,79,15,1,16,,,,,,,,,,,,,,,,,,,,,,,,,,,,,
"",228002,5675,-26.79817,163.65566,3,03/05/2022 06:14:13,Argos,0,595,A1,,401677672.85,03/05/2022 06:18:59,3,16,0,-126,401677672.85,163.65566,-26.79817,163.65565,-26.79817,56,3,134,254,70,102,79,30,142,28,,,,,,,,,,,,,,,,,,,,,,,,,,,,,
"",228002,5675,-26.79817,163.65566,3,03/05/2022 06:14:13,Argos,0,595,A1,,401677672.85,03/05/2022 06:19:26,1,16,0,-126,401677672.85,163.65566,-26.79817,163.65565,-26.79817,56,3,134,254,70,102,79,77,41,5,,,,,,,,,,,,,,,,,,,,,,,,,,,,,
"",228002,5675,-26.79671,163.64795,B,03/05/2022 07:08:17,Argos,0,0,NK,,401677685.46,03/05/2022 07:08:18,1,1,0,-137,401677685.46,163.64795,-26.79671,163.64795,-26.79671,7,3,2748,3202,2359,88,2795,110,132,0,,,,,,,,,,,,,,,,,,,,,,,,,,,,,
"",228002,5675,-26.81369,163.63032,1,03/05/2022 07:42:06,Argos,0,337,SR,,401677680.03,03/05/2022 07:40:40,1,4,0,-124,401677680.03,163.63032,-26.81369,163.63033,-26.81369,58,3,510,1474,176,63,571,83,174,4,,,,,,,,,,,,,,,,,,,,,,,,,,,,,
"",228002,5675,-26.81369,163.63032,1,03/05/2022 07:42:06,Argos,0,337,SR,,401677680.03,03/05/2022 07:41:50,1,4,0,-124,401677680.03,163.63032,-26.81369,163.63033,-26.81369,58,3,510,1474,176,63,571,107,133,0,,,,,,,,,,,,,,,,,,,,,,,,,,,,,
"",228002,5675,-26.81369,163.63032,1,03/05/2022 07:42:06,Argos,0,337,SR,,401677680.03,03/05/2022 07:43:50,1,4,0,-124,401677680.03,163.63032,-26.81369,163.63033,-26.81369,58,3,510,1474,176,63,571,15,1,16,,,,,,,,,,,,,,,,,,,,,,,,,,,,,
"",228002,5675,-26.81369,163.63032,1,03/05/2022 07:42:06,Argos,0,337,SR,,401677680.03,03/05/2022 07:46:17,1,4,0,-124,401677680.03,163.63032,-26.81369,163.63033,-26.81369,58,3,510,1474,176,63,571,30,142,28,,,,,,,,,,,,,,,,,,,,,,,,,,,,,
"",228002,5675,-26.81393,163.6296,B,03/05/2022 07:46:16,Argos,0,0,A1,,401677681.13,03/05/2022 07:46:17,1,1,0,-137,401677681.13,163.6296,-26.81393,163.6296,-26.81393,6,3,612,859,436,68,976,30,142,28,,,,,,,,,,,,,,,,,,,,,,,,,,,,,
"",228002,5675,-26.82203,163.60042,B,03/05/2022 10:18:40,Argos,0,0,NP,,401677685.05,03/05/2022 10:18:41,1,1,0,-127,401677685.05,163.60042,-26.82203,163.60042,-26.82203,8,3,2322,2831,1904,68,4600,107,133,0,,,,,,,,,,,,,,,,,,,,,,,,,,,,,
"",228002,5675,-26.82097,163.59388,B,03/05/2022 10:32:59,Argos,0,0,NN,,401677674.09,03/05/2022 10:33:00,1,1,0,-133,401677674.09,163.59388,-26.82097,163.59389,-26.82097,6,3,2307,3444,1545,56,5276,15,1,16,,,,,,,,,,,,,,,,,,,,,,,,,,,,,
"",228002,5675,-26.91509,163.43341,B,03/05/2022 20:02:35,Argos,0,162,NP,,401677683.71,03/05/2022 20:01:15,1,2,0,-125,401677683.71,163.43341,-26.91509,163.43341,-26.91509,8,3,2511,51170,123,124,7096,85,240,165,245,104,201,152,179,114,208,40,144,20,9,181,12,1,128,60,15,5,118,25,,,,,,,,,
"",228002,5675,-26.8665,163.36259,B,03/05/2022 20:02:35,Argos,0,162,SR,,401677678.51,03/05/2022 20:01:15,1,2,0,-128,401677678.51,163.36259,-26.8665,163.3626,-26.8665,0,3,230,625,84,91,578,85,240,165,245,104,201,152,179,114,208,40,144,20,9,181,28,1,253,95,171,120,193,178,,,,,,,,,
"",228002,5675,-26.87122,163.37027,B,03/05/2022 20:02:35,Argos,0,162,NK,,401677679.07,03/05/2022 20:01:15,1,2,0,-123,401677679.07,163.37027,-26.87122,163.37027,-26.87122,0,3,496,5338,46,111,1371,85,240,165,245,104,201,152,179,114,208,40,144,20,9,181,12,9,189,86,43,193,0,26,,,,,,,,,
"",228002,5675,-26.91509,163.43341,B,03/05/2022 20:02:35,Argos,0,162,NP,,401677683.71,03/05/2022 20:03:57,1,2,0,-125,401677683.71,163.43341,-26.91509,163.43341,-26.91509,8,3,2511,51170,123,124,7096,81,219,4,,,,,,,,,,,,,,,,,,,,,,,,,,,,,
"",228002,5675,-26.8665,163.36259,B,03/05/2022 20:02:35,Argos,0,162,SR,,401677678.51,03/05/2022 20:03:57,1,2,0,-128,401677678.51,163.36259,-26.8665,163.3626,-26.8665,0,3,230,625,84,91,578,81,219,4,,,,,,,,,,,,,,,,,,,,,,,,,,,,,
"",228002,5675,-26.87122,163.37027,B,03/05/2022 20:02:35,Argos,0,162,NK,,401677679.07,03/05/2022 20:03:57,1,2,0,-123,401677679.07,163.37027,-26.87122,163.37027,-26.87122,0,3,496,5338,46,111,1371,81,219,4,,,,,,,,,,,,,,,,,,,,,,,,,,,,,
"",228002,5675,-26.71067,163.29983,A,03/06/2022 07:15:55,Argos,0,30,SR,,401677656.21,03/06/2022 07:15:40,1,3,0,-123,401677656.21,163.29983,-26.71067,163.29984,-26.71067,8,3,8427,69160,1026,105,5108,64,16,165,245,104,201,152,179,115,29,16,20,22,9,231,8,1,240,28,210,160,255,128,,,,,,,,,
"",228002,5675,-26.71067,163.29983,A,03/06/2022 07:15:55,Argos,0,30,SR,,401677656.21,03/06/2022 07:15:56,1,3,0,-123,401677656.21,163.29983,-26.71067,163.29984,-26.71067,8,3,8427,69160,1026,105,5108,71,43,5,,,,,,,,,,,,,,,,,,,,,,,,,,,,,
"",228002,5675,-26.71067,163.29983,A,03/06/2022 07:15:55,Argos,0,30,SR,,401677656.21,03/06/2022 07:16:11,1,3,0,-123,401677656.21,163.29983,-26.71067,163.29984,-26.71067,8,3,8427,69160,1026,105,5108,87,245,4,,,,,,,,,,,,,,,,,,,,,,,,,,,,,
"",228002,5675,-26.71025,163.29156,B,03/06/2022 07:33:01,Argos,0,0,A1,,401677666.18,03/06/2022 07:33:01,1,1,0,-137,401677666.18,163.29156,-26.71025,163.29156,-26.71025,6,3,12115,52284,2807,106,5193,15,1,16,,,,,,,,,,,,,,,,,,,,,,,,,,,,,
"",228002,5675,-26.69851,163.22099,B,03/06/2022 08:28:34,Argos,0,35,NP,,401677674.34,03/06/2022 08:28:17,1,2,0,-122,401677674.34,163.22099,-26.69851,163.221,-26.69851,8,3,2709,5467,1342,170,1951,15,1,16,,,,,,,,,,,,,,,,,,,,,,,,,,,,,
"",228002,5675,-26.7056,163.22425,B,03/06/2022 08:28:34,Argos,0,35,NK,,401677672.84,03/06/2022 08:28:17,1,2,0,-131,401677672.84,163.22425,-26.7056,163.22424,-26.7056,0,3,3411,5803,2004,171,1685,15,1,16,,,,,,,,,,,,,,,,,,,,,,,,,,,,,
"",228002,5675,-26.69851,163.22099,B,03/06/2022 08:28:34,Argos,0,35,NP,,401677674.34,03/06/2022 08:28:52,1,2,0,-122,401677674.34,163.22099,-26.69851,163.221,-26.69851,8,3,2709,5467,1342,170,1951,30,142,28,,,,,,,,,,,,,,,,,,,,,,,,,,,,,
"",228002,5675,-26.7056,163.22425,B,03/06/2022 08:28:34,Argos,0,35,NK,,401677672.84,03/06/2022 08:28:52,1,2,0,-131,401677672.84,163.22425,-26.7056,163.22424,-26.7056,0,3,3411,5803,2004,171,1685,30,142,28,,,,,,,,,,,,,,,,,,,,,,,,,,,,,
"",228002,5675,-26.68903,163.14454,B,03/06/2022 10:52:00,Argos,0,14,MC,,401677673.9,03/06/2022 10:51:53,1,2,0,-126,401677673.9,163.14454,-26.68903,163.14455,-26.68903,8,3,2962,3115,2816,98,4936,100,134,0,,,,,,,,,,,,,,,,,,,,,,,,,,,,,
"",228002,5675,-26.68903,163.14454,B,03/06/2022 10:52:00,Argos,0,14,MC,,401677673.9,03/06/2022 10:52:08,1,2,0,-126,401677673.9,163.14454,-26.68903,163.14455,-26.68903,8,3,2962,3115,2816,98,4936,15,1,16,,,,,,,,,,,,,,,,,,,,,,,,,,,,,
"",228002,5675,-26.73379,163.15137,B,03/06/2022 19:36:02,Argos,0,135,SR,,401677664.31,03/06/2022 19:33:48,1,2,0,-121,401677664.31,163.15137,-26.73379,163.15137,-26.73379,8,2,1827,67407,49,55,5159,30,142,28,,,,,,,,,,,,,,,,,,,,,,,,,,,,,
"",228002,5675,-26.74053,163.13327,B,03/06/2022 19:34:55,Argos,0,135,NK,,401677686,03/06/2022 19:33:48,1,2,0,-125,401677686,163.13327,-26.74053,163.13327,-26.74053,8,2,1267,14387,111,8,3570,30,142,28,,,,,,,,,,,,,,,,,,,,,,,,,,,,,
"",228002,5675,-26.73379,163.15137,B,03/06/2022 19:36:02,Argos,0,135,SR,,401677664.31,03/06/2022 19:36:03,1,2,0,-121,401677664.31,163.15137,-26.73379,163.15137,-26.73379,8,2,1827,67407,49,55,5159,118,251,212,,,,,,,,,,,,,,,,,,,,,,,,,,,,,
"",228002,5675,-26.74053,163.13327,B,03/06/2022 19:34:55,Argos,0,135,NK,,401677686,03/06/2022 19:36:03,1,2,0,-125,401677686,163.13327,-26.74053,163.13327,-26.74053,8,2,1267,14387,111,8,3570,71,240,141,,,,,,,,,,,,,,,,,,,,,,,,,,,,,
"",228002,5675,-26.42614,162.41306,0,03/08/2022 07:31:10,Argos,0,235,NK,,401677678.6,03/08/2022 07:29:50,1,4,0,-129,401677678.6,162.41306,-26.42614,162.41306,-26.42614,50,3,3465,15320,783,8,1739,82,10,5,,,,,,,,,,,,,,,,,,,,,,,,,,,,,
"",228002,5675,-26.42614,162.41306,0,03/08/2022 07:31:10,Argos,0,235,NK,,401677678.6,03/08/2022 07:30:08,1,4,0,-129,401677678.6,162.41306,-26.42614,162.41306,-26.42614,50,3,3465,15320,783,8,1739,110,132,0,,,,,,,,,,,,,,,,,,,,,,,,,,,,,
"",228002,5675,-26.42614,162.41306,0,03/08/2022 07:31:10,Argos,0,235,NK,,401677678.6,03/08/2022 07:30:57,1,4,0,-129,401677678.6,162.41306,-26.42614,162.41306,-26.42614,50,3,3465,15320,783,8,1739,80,144,165,245,104,201,152,179,116,30,5,88,214,19,17,30,144,33,154,39,222,177,77,,,,,,,,,
"",228002,5675,-26.42614,162.41306,0,03/08/2022 07:31:10,Argos,0,235,NK,,401677678.6,03/08/2022 07:33:45,1,4,0,-129,401677678.6,162.41306,-26.42614,162.41306,-26.42614,50,3,3465,15320,783,8,1739,30,142,92,,,,,,,,,,,,,,,,,,,,,,,,,,,,,
"",228002,5675,,,,,,,0,MB,,401650000,03/08/2022 11:00:51,1,1,0,-133,401650000,,,,,,,,,,,,42,140,192,238,238,224,0,0,14,238,238,238,224,238,238,196,156,160,238,14,224,0,238,224,238,238,224,0,14,14,145,
"",228002,5675,-26.34301,162.50709,A,03/09/2022 07:14:04,Argos,0,24,SR,,401677721.61,03/09/2022 07:13:52,1,2,0,-134,401677721.61,162.50709,-26.34301,162.5071,-26.34301,0,3,23914,74041,7723,139,10748,15,1,16,,,,,,,,,,,,,,,,,,,,,,,,,,,,,
"",228002,5675,-26.34301,162.50709,A,03/09/2022 07:14:04,Argos,0,24,SR,,401677721.61,03/09/2022 07:14:16,1,2,0,-134,401677721.61,162.50709,-26.34301,162.5071,-26.34301,0,3,23914,74041,7723,139,10748,30,142,28,,,,,,,,,,,,,,,,,,,,,,,,,,,,,
"",228002,5675,-26.34301,162.50709,A,03/09/2022 07:14:04,Argos,0,24,SR,,401677721.61,03/09/2022 07:14:42,1,2,0,-134,401677721.61,162.50709,-26.34301,162.5071,-26.34301,0,3,23914,74041,7723,139,10748,65,74,5,,,,,,,,,,,,,,,,,,,,,,,,,,,,,
"",228002,5675,-26.05884,162.05359,A,03/09/2022 07:58:31,Argos,0,41,NP,,401677678.6,03/09/2022 07:58:12,1,3,0,-131,401677678.6,162.05359,-26.05884,-164.7102,-18.56419,60,2,2814,81310,97,36,7741,15,1,16,,,,,,,,,,,,,,,,,,,,,,,,,,,,,
"",228002,5675,-26.05884,162.05359,A,03/09/2022 07:58:31,Argos,0,41,NP,,401677678.6,03/09/2022 07:58:29,1,3,0,-131,401677678.6,162.05359,-26.05884,-164.7102,-18.56419,60,2,2814,81310,97,36,7741,42,140,192,238,238,224,0,0,14,238,238,238,224,238,238,196,140,160,238,238,224,0,238,224,238,238,224,0,14,14,145,
"",228002,5675,-26.05884,162.05359,A,03/09/2022 07:58:31,Argos,0,41,NP,,401677678.6,03/09/2022 07:58:53,1,3,0,-131,401677678.6,162.05359,-26.05884,-164.7102,-18.56419,60,2,2814,81310,97,36,7741,95,144,165,245,104,201,152,179,116,160,4,147,22,10,75,12,7,231,28,211,208,255,128,,,,,,,,,
"",228002,5675,-26.03654,162.0239,2,03/09/2022 08:49:56,Argos,0,332,NK,,401677673.16,03/09/2022 08:46:54,1,12,0,-120,401677673.16,162.0239,-26.03654,162.0239,-26.03654,58,3,399,2705,58,80,364,89,144,165,245,104,201,152,179,116,163,4,211,20,10,125,8,5,246,202,113,133,147,6,,,,,,,,,
"",228002,5675,-26.03654,162.0239,2,03/09/2022 08:49:56,Argos,0,332,NK,,401677673.16,03/09/2022 08:48:11,1,12,0,-120,401677673.16,162.0239,-26.03654,162.0239,-26.03654,58,3,399,2705,58,80,364,110,132,0,,,,,,,,,,,,,,,,,,,,,,,,,,,,,
"",228002,5675,-26.03654,162.0239,2,03/09/2022 08:49:56,Argos,0,332,NK,,401677673.16,03/09/2022 08:49:19,1,12,0,-120,401677673.16,162.0239,-26.03654,162.0239,-26.03654,58,3,399,2705,58,80,364,73,61,5,,,,,,,,,,,,,,,,,,,,,,,,,,,,,
"",228002,5675,-26.03654,162.0239,2,03/09/2022 08:49:56,Argos,0,332,NK,,401677673.16,03/09/2022 08:49:37,1,12,0,-120,401677673.16,162.0239,-26.03654,162.0239,-26.03654,58,3,399,2705,58,80,364,87,68,5,,,,,,,,,,,,,,,,,,,,,,,,,,,,,
"",228002,5675,-26.03654,162.0239,2,03/09/2022 08:49:56,Argos,0,332,NK,,401677673.16,03/09/2022 08:50:36,2,12,0,-120,401677673.16,162.0239,-26.03654,162.0239,-26.03654,58,3,399,2705,58,80,364,15,1,16,,,,,,,,,,,,,,,,,,,,,,,,,,,,,
"",228002,5675,-26.03654,162.0239,2,03/09/2022 08:49:56,Argos,0,332,NK,,401677673.16,03/09/2022 08:51:09,2,12,0,-120,401677673.16,162.0239,-26.03654,162.0239,-26.03654,58,3,399,2705,58,80,364,30,142,28,,,,,,,,,,,,,,,,,,,,,,,,,,,,,
"",228002,5675,-26.03654,162.0239,2,03/09/2022 08:49:56,Argos,0,332,NK,,401677673.16,03/09/2022 08:51:24,1,12,0,-120,401677673.16,162.0239,-26.03654,162.0239,-26.03654,58,3,399,2705,58,80,364,73,66,5,,,,,,,,,,,,,,,,,,,,,,,,,,,,,
"",228002,5675,-26.03654,162.0239,2,03/09/2022 08:49:56,Argos,0,332,NK,,401677673.16,03/09/2022 08:52:08,1,12,0,-120,401677673.16,162.0239,-26.03654,162.0239,-26.03654,58,3,399,2705,58,80,364,94,73,5,,,,,,,,,,,,,,,,,,,,,,,,,,,,,
"",228002,5675,-26.03654,162.0239,2,03/09/2022 08:49:56,Argos,0,332,NK,,401677673.16,03/09/2022 08:52:26,2,12,0,-120,401677673.16,162.0239,-26.03654,162.0239,-26.03654,58,3,399,2705,58,80,364,100,134,0,,,,,,,,,,,,,,,,,,,,,,,,,,,,,
"",228002,5675,-26.0093,162.03876,2,03/09/2022 09:35:55,Argos,0,217,NP,,401677669.84,03/09/2022 09:35:17,1,8,0,-121,401677669.84,162.03876,-26.0093,162.03876,-26.0093,58,3,452,2897,70,73,680,93,176,165,245,104,201,152,179,116,166,74,147,212,10,175,8,3,98,28,211,64,255,128,,,,,,,,,
"",228002,5675,-26.0093,162.03876,2,03/09/2022 09:35:55,Argos,0,217,NP,,401677669.84,03/09/2022 09:35:41,1,8,0,-121,401677669.84,162.03876,-26.0093,162.03876,-26.0093,58,3,452,2897,70,73,680,42,141,0,238,238,238,238,224,238,238,238,238,238,238,238,169,140,224,238,238,238,238,238,238,238,238,238,238,238,238,74,
"",228002,5675,-26.0093,162.03876,2,03/09/2022 09:35:55,Argos,0,217,NP,,401677669.84,03/09/2022 09:36:04,1,8,0,-121,401677669.84,162.03876,-26.0093,162.03876,-26.0093,58,3,452,2897,70,73,680,77,57,5,,,,,,,,,,,,,,,,,,,,,,,,,,,,,
"",228002,5675,-26.0093,162.03876,2,03/09/2022 09:35:55,Argos,0,217,NP,,401677669.84,03/09/2022 09:36:43,1,8,0,-121,401677669.84,162.03876,-26.0093,162.03876,-26.0093,58,3,452,2897,70,73,680,81,90,5,,,,,,,,,,,,,,,,,,,,,,,,,,,,,
"",228002,5675,-26.0093,162.03876,2,03/09/2022 09:35:55,Argos,0,217,NP,,401677669.84,03/09/2022 09:37:17,1,8,0,-121,401677669.84,162.03876,-26.0093,162.03876,-26.0093,58,3,452,2897,70,73,680,100,134,0,,,,,,,,,,,,,,,,,,,,,,,,,,,,,
"",228002,5675,-26.0093,162.03876,2,03/09/2022 09:35:55,Argos,0,217,NP,,401677669.84,03/09/2022 09:37:45,1,8,0,-121,401677669.84,162.03876,-26.0093,162.03876,-26.0093,58,3,452,2897,70,73,680,15,1,16,,,,,,,,,,,,,,,,,,,,,,,,,,,,,
"",228002,5675,-26.0093,162.03876,2,03/09/2022 09:35:55,Argos,0,217,NP,,401677669.84,03/09/2022 09:38:06,2,8,0,-121,401677669.84,162.03876,-26.0093,162.03876,-26.0093,58,3,452,2897,70,73,680,30,142,28,,,,,,,,,,,,,,,,,,,,,,,,,,,,,
"",228002,5675,-26.02427,162.01914,1,03/09/2022 09:51:32,Argos,0,115,NN,,401677674.92,03/09/2022 09:51:01,1,6,0,-133,401677674.92,162.01914,-26.02427,162.01913,-26.02427,56,3,1417,2284,878,119,1329,76,44,5,,,,,,,,,,,,,,,,,,,,,,,,,,,,,
"",228002,5675,-26.00072,162.01034,1,03/09/2022 09:52:15,Argos,0,160,MC,,401677669.41,03/09/2022 09:51:01,1,6,0,-124,401677669.41,162.01034,-26.00072,162.01035,-26.00072,56,3,1459,4045,526,96,1046,76,44,5,,,,,,,,,,,,,,,,,,,,,,,,,,,,,
"",228002,5675,-26.02427,162.01914,1,03/09/2022 09:51:32,Argos,0,115,NN,,401677674.92,03/09/2022 09:51:20,1,6,0,-133,401677674.92,162.01914,-26.02427,162.01913,-26.02427,56,3,1417,2284,878,119,1329,80,95,5,,,,,,,,,,,,,,,,,,,,,,,,,,,,,
"",228002,5675,-26.00072,162.01034,1,03/09/2022 09:52:15,Argos,0,160,MC,,401677669.41,03/09/2022 09:51:20,1,6,0,-124,401677669.41,162.01034,-26.00072,162.01035,-26.00072,56,3,1459,4045,526,96,1046,80,95,5,,,,,,,,,,,,,,,,,,,,,,,,,,,,,
"",228002,5675,-26.02427,162.01914,1,03/09/2022 09:51:32,Argos,0,115,NN,,401677674.92,03/09/2022 09:51:42,1,6,0,-133,401677674.92,162.01914,-26.02427,162.01913,-26.02427,56,3,1417,2284,878,119,1329,100,134,0,,,,,,,,,,,,,,,,,,,,,,,,,,,,,
"",228002,5675,-26.02427,162.01914,1,03/09/2022 09:51:32,Argos,0,115,NN,,401677674.92,03/09/2022 09:52:06,1,6,0,-133,401677674.92,162.01914,-26.02427,162.01913,-26.02427,56,3,1417,2284,878,119,1329,15,1,16,,,,,,,,,,,,,,,,,,,,,,,,,,,,,
"",228002,5675,-26.00072,162.01034,1,03/09/2022 09:52:15,Argos,0,160,MC,,401677669.41,03/09/2022 09:52:06,1,6,0,-124,401677669.41,162.01034,-26.00072,162.01035,-26.00072,56,3,1459,4045,526,96,1046,15,1,16,,,,,,,,,,,,,,,,,,,,,,,,,,,,,
"",228002,5675,-26.02427,162.01914,1,03/09/2022 09:51:32,Argos,0,115,NN,,401677674.92,03/09/2022 09:52:27,1,6,0,-133,401677674.92,162.01914,-26.02427,162.01913,-26.02427,56,3,1417,2284,878,119,1329,30,142,28,,,,,,,,,,,,,,,,,,,,,,,,,,,,,
"",228002,5675,-26.00072,162.01034,1,03/09/2022 09:52:15,Argos,0,160,MC,,401677669.41,03/09/2022 09:52:27,1,6,0,-124,401677669.41,162.01034,-26.00072,162.01035,-26.00072,56,3,1459,4045,526,96,1046,30,142,28,,,,,,,,,,,,,,,,,,,,,,,,,,,,,
"",228002,5675,-26.02427,162.01914,1,03/09/2022 09:51:32,Argos,0,115,NN,,401677674.92,03/09/2022 09:52:56,1,6,0,-133,401677674.92,162.01914,-26.02427,162.01913,-26.02427,56,3,1417,2284,878,119,1329,75,55,5,,,,,,,,,,,,,,,,,,,,,,,,,,,,,
"",228002,5675,-26.00072,162.01034,1,03/09/2022 09:52:15,Argos,0,160,MC,,401677669.41,03/09/2022 09:52:56,1,6,0,-124,401677669.41,162.01034,-26.00072,162.01035,-26.00072,56,3,1459,4045,526,96,1046,75,55,5,,,,,,,,,,,,,,,,,,,,,,,,,,,,,
"",228002,5675,-26.00072,162.01034,1,03/09/2022 09:52:15,Argos,0,160,MC,,401677669.41,03/09/2022 09:53:41,1,6,0,-124,401677669.41,162.01034,-26.00072,162.01035,-26.00072,56,3,1459,4045,526,96,1046,87,100,5,,,,,,,,,,,,,,,,,,,,,,,,,,,,,
"",228002,5675,-25.98768,162.02494,0,03/09/2022 10:28:29,Argos,0,173,NK,,401677670.41,03/09/2022 10:26:57,1,5,0,-128,401677670.41,162.02494,-25.98768,162.02493,-25.98768,58,3,1758,5621,549,31,1512,15,1,16,,,,,,,,,,,,,,,,,,,,,,,,,,,,,
"",228002,5675,-25.98768,162.02494,0,03/09/2022 10:28:29,Argos,0,173,NK,,401677670.41,03/09/2022 10:27:47,1,5,0,-128,401677670.41,162.02494,-25.98768,162.02493,-25.98768,58,3,1758,5621,549,31,1512,30,142,28,,,,,,,,,,,,,,,,,,,,,,,,,,,,,
"",228002,5675,-25.98768,162.02494,0,03/09/2022 10:28:29,Argos,0,173,NK,,401677670.41,03/09/2022 10:28:30,1,5,0,-128,401677670.41,162.02494,-25.98768,162.02493,-25.98768,58,3,1758,5621,549,31,1512,74,50,5,,,,,,,,,,,,,,,,,,,,,,,,,,,,,
"",228002,5675,-25.98768,162.02494,0,03/09/2022 10:28:29,Argos,0,173,NK,,401677670.41,03/09/2022 10:29:24,1,5,0,-128,401677670.41,162.02494,-25.98768,162.02493,-25.98768,58,3,1758,5621,549,31,1512,94,105,5,,,,,,,,,,,,,,,,,,,,,,,,,,,,,
"",228002,5675,-25.98768,162.02494,0,03/09/2022 10:28:29,Argos,0,173,NK,,401677670.41,03/09/2022 10:29:50,1,5,0,-128,401677670.41,162.02494,-25.98768,162.02493,-25.98768,58,3,1758,5621,549,31,1512,100,134,0,,,,,,,,,,,,,,,,,,,,,,,,,,,,,
"",228002,5675,-25.98644,162.02341,1,03/09/2022 10:47:28,Argos,0,190,MB,,401677674.96,03/09/2022 10:46:04,1,8,0,-124,401677674.96,162.02341,-25.98644,162.0234,-25.98644,56,3,1299,8997,187,62,1508,30,142,28,,,,,,,,,,,,,,,,,,,,,,,,,,,,,
"",228002,5675,-25.98644,162.02341,1,03/09/2022 10:47:28,Argos,0,190,MB,,401677674.96,03/09/2022 10:46:29,1,8,0,-124,401677674.96,162.02341,-25.98644,162.0234,-25.98644,56,3,1299,8997,187,62,1508,66,42,5,,,,,,,,,,,,,,,,,,,,,,,,,,,,,
"",228002,5675,-25.98644,162.02341,1,03/09/2022 10:47:28,Argos,0,190,MB,,401677674.96,03/09/2022 10:46:52,1,8,0,-124,401677674.96,162.02341,-25.98644,162.0234,-25.98644,56,3,1299,8997,187,62,1508,85,110,5,,,,,,,,,,,,,,,,,,,,,,,,,,,,,
"",228002,5675,-25.98644,162.02341,1,03/09/2022 10:47:28,Argos,0,190,MB,,401677674.96,03/09/2022 10:47:07,1,8,0,-124,401677674.96,162.02341,-25.98644,162.0234,-25.98644,56,3,1299,8997,187,62,1508,107,133,0,,,,,,,,,,,,,,,,,,,,,,,,,,,,,
"",228002,5675,-25.98644,162.02341,1,03/09/2022 10:47:28,Argos,0,190,MB,,401677674.96,03/09/2022 10:47:33,1,8,0,-124,401677674.96,162.02341,-25.98644,162.0234,-25.98644,56,3,1299,8997,187,62,1508,66,176,165,245,104,201,152,179,116,171,14,148,84,10,225,12,1,118,28,211,16,255,128,,,,,,,,,
"",228002,5675,-25.98644,162.02341,1,03/09/2022 10:47:28,Argos,0,190,MB,,401677674.96,03/09/2022 10:47:53,1,8,0,-124,401677674.96,162.02341,-25.98644,162.0234,-25.98644,56,3,1299,8997,187,62,1508,15,1,16,,,,,,,,,,,,,,,,,,,,,,,,,,,,,
"",228002,5675,-25.98644,162.02341,1,03/09/2022 10:47:28,Argos,0,190,MB,,401677674.96,03/09/2022 10:48:37,1,8,0,-124,401677674.96,162.02341,-25.98644,162.0234,-25.98644,56,3,1299,8997,187,62,1508,79,51,5,,,,,,,,,,,,,,,,,,,,,,,,,,,,,
"",228002,5675,-25.98644,162.02341,1,03/09/2022 10:47:28,Argos,0,190,MB,,401677674.96,03/09/2022 10:49:14,1,8,0,-124,401677674.96,162.02341,-25.98644,162.0234,-25.98644,56,3,1299,8997,187,62,1508,87,116,5,,,,,,,,,,,,,,,,,,,,,,,,,,,,,
"",228002,5675,-25.96361,161.99824,3,03/09/2022 11:34:47,Argos,0,312,MC,,401677670.4,03/09/2022 11:33:06,1,9,3,-117,401677670.4,161.99824,-25.96361,161.99825,-25.96361,58,3,182,308,107,97,228,79,35,5,,,,,,,,,,,,,,,,,,,,,,,,,,,,,
"",228002,5675,-25.96618,162.00032,2,03/09/2022 11:34:55,Argos,0,312,NN,,401677671.8,03/09/2022 11:33:06,1,8,0,-122,401677671.8,162.00032,-25.96618,162.00032,-25.96618,56,3,464,782,274,84,243,79,35,5,,,,,,,,,,,,,,,,,,,,,,,,,,,,,
"",228002,5675,-25.96361,161.99824,3,03/09/2022 11:34:47,Argos,0,312,MC,,401677670.4,03/09/2022 11:33:25,1,9,3,-117,401677670.4,161.99824,-25.96361,161.99825,-25.96361,58,3,182,308,107,97,228,94,121,5,,,,,,,,,,,,,,,,,,,,,,,,,,,,,
"",228002,5675,-25.96618,162.00032,2,03/09/2022 11:34:55,Argos,0,312,NN,,401677671.8,03/09/2022 11:33:25,1,8,0,-122,401677671.8,162.00032,-25.96618,162.00032,-25.96618,56,3,464,782,274,84,243,94,121,5,,,,,,,,,,,,,,,,,,,,,,,,,,,,,
"",228002,5675,-25.96361,161.99824,3,03/09/2022 11:34:47,Argos,0,312,MC,,401677670.4,03/09/2022 11:33:41,1,9,3,-117,401677670.4,161.99824,-25.96361,161.99825,-25.96361,58,3,182,308,107,97,228,110,132,0,,,,,,,,,,,,,,,,,,,,,,,,,,,,,
"",228002,5675,-25.96361,161.99824,3,03/09/2022 11:34:47,Argos,0,312,MC,,401677670.4,03/09/2022 11:34:22,1,9,3,-117,401677670.4,161.99824,-25.96361,161.99825,-25.96361,58,3,182,308,107,97,228,30,142,28,,,,,,,,,,,,,,,,,,,,,,,,,,,,,
"",228002,5675,-25.96618,162.00032,2,03/09/2022 11:34:55,Argos,0,312,NN,,401677671.8,03/09/2022 11:34:22,1,8,0,-122,401677671.8,162.00032,-25.96618,162.00032,-25.96618,56,3,464,782,274,84,243,30,142,28,,,,,,,,,,,,,,,,,,,,,,,,,,,,,
"",228002,5675,-25.96361,161.99824,3,03/09/2022 11:34:47,Argos,0,312,MC,,401677670.4,03/09/2022 11:34:51,1,9,3,-117,401677670.4,161.99824,-25.96361,161.99825,-25.96361,58,3,182,308,107,97,228,67,47,5,,,,,,,,,,,,,,,,,,,,,,,,,,,,,
"",228002,5675,-25.96618,162.00032,2,03/09/2022 11:34:55,Argos,0,312,NN,,401677671.8,03/09/2022 11:34:51,1,8,0,-122,401677671.8,162.00032,-25.96618,162.00032,-25.96618,56,3,464,782,274,84,243,67,47,5,,,,,,,,,,,,,,,,,,,,,,,,,,,,,
"",228002,5675,-25.96361,161.99824,3,03/09/2022 11:34:47,Argos,0,312,MC,,401677670.4,03/09/2022 11:35:25,1,9,3,-117,401677670.4,161.99824,-25.96361,161.99825,-25.96361,58,3,182,308,107,97,228,85,126,5,,,,,,,,,,,,,,,,,,,,,,,,,,,,,
"",228002,5675,-25.96618,162.00032,2,03/09/2022 11:34:55,Argos,0,312,NN,,401677671.8,03/09/2022 11:35:25,1,8,0,-122,401677671.8,162.00032,-25.96618,162.00032,-25.96618,56,3,464,782,274,84,243,85,126,5,,,,,,,,,,,,,,,,,,,,,,,,,,,,,
"",228002,5675,-25.96361,161.99824,3,03/09/2022 11:34:47,Argos,0,312,MC,,401677670.4,03/09/2022 11:36:04,1,9,3,-117,401677670.4,161.99824,-25.96361,161.99825,-25.96361,58,3,182,308,107,97,228,97,135,0,,,,,,,,,,,,,,,,,,,,,,,,,,,,,
"",228002,5675,-25.96618,162.00032,2,03/09/2022 11:34:55,Argos,0,312,NN,,401677671.8,03/09/2022 11:36:04,1,8,0,-122,401677671.8,162.00032,-25.96618,162.00032,-25.96618,56,3,464,782,274,84,243,97,135,0,,,,,,,,,,,,,,,,,,,,,,,,,,,,,
"",228002,5675,-25.96361,161.99824,3,03/09/2022 11:34:47,Argos,0,312,MC,,401677670.4,03/09/2022 11:38:18,2,9,3,-117,401677670.4,161.99824,-25.96361,161.99825,-25.96361,58,3,182,308,107,97,228,15,1,16,,,,,,,,,,,,,,,,,,,,,,,,,,,,,
"",228002,5675,-25.96618,162.00032,2,03/09/2022 11:34:55,Argos,0,312,NN,,401677671.8,03/09/2022 11:38:18,2,8,0,-122,401677671.8,162.00032,-25.96618,162.00032,-25.96618,56,3,464,782,274,84,243,15,1,16,,,,,,,,,,,,,,,,,,,,,,,,,,,,,
"",228002,5675,-25.83512,161.95359,B,03/09/2022 19:09:59,Argos,0,0,NP,,401677672.31,03/09/2022 19:10:00,1,1,0,-130,401677672.31,161.95359,-25.83512,161.95358,-25.83512,8,2,12144,18925,7791,94,7184,101,131,0,,,,,,,,,,,,,,,,,,,,,,,,,,,,,
"",228002,5675,,,,,,,0,NK,,401650000,03/10/2022 19:36:29,1,1,0,-133,401650000,,,,,,,,,,,,95,173,5,,,,,,,,,,,,,,,,,,,,,,,,,,,,,
"",228002,5675,-25.44345,161.35734,2,03/10/2022 19:44:04,Argos,0,498,A1,,401677669.95,03/10/2022 19:40:12,1,9,0,-125,401677669.95,161.35734,-25.44345,161.35735,-25.44345,40,3,362,472,277,69,129,31,158,28,,,,,,,,,,,,,,,,,,,,,,,,,,,,,
"",228002,5675,-25.44345,161.35734,2,03/10/2022 19:44:04,Argos,0,498,A1,,401677669.95,03/10/2022 19:40:31,1,9,0,-125,401677669.95,161.35734,-25.44345,161.35735,-25.44345,40,3,362,472,277,69,129,76,60,5,,,,,,,,,,,,,,,,,,,,,,,,,,,,,
"",228002,5675,-25.44345,161.35734,2,03/10/2022 19:44:04,Argos,0,498,A1,,401677669.95,03/10/2022 19:41:01,1,9,0,-125,401677669.95,161.35734,-25.44345,161.35735,-25.44345,40,3,362,472,277,69,129,92,178,5,,,,,,,,,,,,,,,,,,,,,,,,,,,,,
"",228002,5675,-25.44345,161.35734,2,03/10/2022 19:44:04,Argos,0,498,A1,,401677669.95,03/10/2022 19:43:08,1,9,0,-125,401677669.95,161.35734,-25.44345,161.35735,-25.44345,40,3,362,472,277,69,129,97,135,0,,,,,,,,,,,,,,,,,,,,,,,,,,,,,
"",228002,5675,-25.44345,161.35734,2,03/10/2022 19:44:04,Argos,0,498,A1,,401677669.95,03/10/2022 19:43:29,1,9,0,-125,401677669.95,161.35734,-25.44345,161.35735,-25.44345,40,3,362,472,277,69,129,15,1,16,,,,,,,,,,,,,,,,,,,,,,,,,,,,,
"",228002,5675,-25.44345,161.35734,2,03/10/2022 19:44:04,Argos,0,498,A1,,401677669.95,03/10/2022 19:45:35,1,9,0,-125,401677669.95,161.35734,-25.44345,161.35735,-25.44345,40,3,362,472,277,69,129,30,142,28,,,,,,,,,,,,,,,,,,,,,,,,,,,,,
"",228002,5675,-25.44345,161.35734,2,03/10/2022 19:44:04,Argos,0,498,A1,,401677669.95,03/10/2022 19:46:28,1,9,0,-125,401677669.95,161.35734,-25.44345,161.35735,-25.44345,40,3,362,472,277,69,129,73,61,5,,,,,,,,,,,,,,,,,,,,,,,,,,,,,
"",228002,5675,-25.44345,161.35734,2,03/10/2022 19:44:04,Argos,0,498,A1,,401677669.95,03/10/2022 19:47:43,1,9,0,-125,401677669.95,161.35734,-25.44345,161.35735,-25.44345,40,3,362,472,277,69,129,107,133,0,,,,,,,,,,,,,,,,,,,,,,,,,,,,,
"",228002,5675,-25.44345,161.35734,2,03/10/2022 19:44:04,Argos,0,498,A1,,401677669.95,03/10/2022 19:48:30,1,9,0,-125,401677669.95,161.35734,-25.44345,161.35735,-25.44345,40,3,362,472,277,69,129,61,54,239,,,,,,,,,,,,,,,,,,,,,,,,,,,,,
"",228002,5675,-25.42874,161.34658,B,03/10/2022 20:38:08,Argos,0,0,NP,,401677672,03/10/2022 20:38:08,1,1,0,-126,401677672,161.34658,-25.42874,161.34657,-25.42874,8,3,6780,8010,5738,101,2739,94,199,5,,,,,,,,,,,,,,,,,,,,,,,,,,,,,
"",228002,5675,-25.41395,161.31725,3,03/10/2022 21:07:59,Argos,0,666,NK,,401677671.84,03/10/2022 21:07:32,1,6,0,-123,401677671.84,161.31725,-25.41395,161.31725,-25.41395,56,3,167,227,122,81,215,30,142,28,,,,,,,,,,,,,,,,,,,,,,,,,,,,,
"",228002,5675,-25.42011,161.34019,B,03/10/2022 21:07:59,Argos,0,0,NK,,401677675.34,03/10/2022 21:08:00,1,1,0,-131,401677675.34,161.34019,-25.42011,161.3402,-25.42011,8,3,8713,9546,7952,94,3520,77,57,5,,,,,,,,,,,,,,,,,,,,,,,,,,,,,
"",228002,5675,-25.41395,161.31725,3,03/10/2022 21:07:59,Argos,0,666,NK,,401677671.84,03/10/2022 21:11:43,1,6,0,-123,401677671.84,161.31725,-25.41395,161.31725,-25.41395,56,3,167,227,122,81,215,80,209,5,,,,,,,,,,,,,,,,,,,,,,,,,,,,,
"",228002,5675,-25.41395,161.31725,3,03/10/2022 21:07:59,Argos,0,666,NK,,401677671.84,03/10/2022 21:14:20,1,6,0,-123,401677671.84,161.31725,-25.41395,161.31725,-25.41395,56,3,167,227,122,81,215,109,183,102,,,,,,,,,,,,,,,,,,,,,,,,,,,,,
"",228002,5675,-25.41395,161.31725,3,03/10/2022 21:07:59,Argos,0,666,NK,,401677671.84,03/10/2022 21:16:23,1,6,0,-123,401677671.84,161.31725,-25.41395,161.31725,-25.41395,56,3,167,227,122,81,215,26,99,218,,,,,,,,,,,,,,,,,,,,,,,,,,,,,
"",228002,5675,-25.41395,161.31725,3,03/10/2022 21:07:59,Argos,0,666,NK,,401677671.84,03/10/2022 21:18:38,1,6,0,-123,401677671.84,161.31725,-25.41395,161.31725,-25.41395,56,3,167,227,122,81,215,79,48,165,245,104,201,152,179,117,85,67,153,182,179,23,239,154,58,166,70,179,38,244,,,,,,,,,
"",228002,5675,-25.38806,161.32515,B,03/10/2022 22:31:48,Argos,0,57,MC,,401677670.4,03/10/2022 22:31:19,1,2,1,-114,401677670.4,161.32515,-25.38806,161.32515,-25.38806,8,3,1405,16610,118,102,3961,30,142,28,,,,,,,,,,,,,,,,,,,,,,,,,,,,,
"",228002,5675,-25.37346,161.29495,A,03/10/2022 22:43:42,Argos,0,744,NN,,401677669.83,03/10/2022 22:31:19,1,3,0,-129,401677669.83,161.29495,-25.37346,161.29495,-25.37346,6,2,901,2259,359,44,1116,30,142,28,,,,,,,,,,,,,,,,,,,,,,,,,,,,,
"",228002,5675,-25.38806,161.32515,B,03/10/2022 22:31:48,Argos,0,57,MC,,401677670.4,03/10/2022 22:32:17,1,2,1,-114,401677670.4,161.32515,-25.38806,161.32515,-25.38806,8,3,1405,16610,118,102,3961,77,57,5,,,,,,,,,,,,,,,,,,,,,,,,,,,,,
"",228002,5675,-25.37346,161.29495,A,03/10/2022 22:43:42,Argos,0,744,NN,,401677669.83,03/10/2022 22:32:17,1,3,0,-129,401677669.83,161.29495,-25.37346,161.29495,-25.37346,6,2,901,2259,359,44,1116,77,57,5,,,,,,,,,,,,,,,,,,,,,,,,,,,,,
"",228002,5675,-25.38469,161.32505,B,03/10/2022 22:43:42,Argos,0,0,NN,,401677671.99,03/10/2022 22:43:43,1,1,0,-137,401677671.99,161.32505,-25.38469,161.32504,-25.38469,6,2,1557,7199,336,102,4394,82,235,5,,,,,,,,,,,,,,,,,,,,,,,,,,,,,
"",228002,5675,-25.18331,161.18243,B,03/11/2022 07:30:24,Argos,0,0,NP,,401677678.61,03/11/2022 07:30:24,1,1,0,-136,401677678.61,161.18243,-25.18331,161.18243,-25.18331,8,3,8905,13459,5892,81,7890,94,247,5,,,,,,,,,,,,,,,,,,,,,,,,,,,,,
"",228002,5675,-25.14547,161.15024,B,03/11/2022 07:52:02,Argos,0,0,A1,,401677661.55,03/11/2022 07:52:02,1,1,0,-136,401677661.55,161.15024,-25.14547,161.15024,-25.14547,6,3,5934,14158,2487,78,7434,68,52,5,,,,,,,,,,,,,,,,,,,,,,,,,,,,,
"",228002,5675,-25.14097,161.11252,B,03/11/2022 07:54:08,Argos,0,253,NK,,401677650.52,03/11/2022 07:52:02,1,2,0,-130,401677650.52,161.11252,-25.14097,161.11252,-25.14097,6,3,2100,50701,87,70,5934,68,52,5,,,,,,,,,,,,,,,,,,,,,,,,,,,,,
"",228002,5675,-25.1588,161.09262,B,03/11/2022 07:56:14,Argos,0,0,SR,,401677676.86,03/11/2022 07:56:15,1,1,0,-125,401677676.86,161.09262,-25.1588,161.09262,-25.1588,6,3,3710,5973,2304,78,5691,92,253,5,,,,,,,,,,,,,,,,,,,,,,,,,,,,,
"",228002,5675,-25.14097,161.11252,B,03/11/2022 07:54:08,Argos,0,253,NK,,401677650.52,03/11/2022 07:56:15,1,2,0,-130,401677650.52,161.11252,-25.14097,161.11252,-25.14097,6,3,2100,50701,87,70,5934,92,253,5,,,,,,,,,,,,,,,,,,,,,,,,,,,,,
"",228002,5675,-25.12914,161.06689,0,03/11/2022 09:10:51,Argos,0,360,NP,,401677670.04,03/11/2022 09:10:51,1,3,0,-130,401677670.04,161.06689,-25.12914,161.0669,-25.12914,58,3,2570,170205,38,77,4524,75,55,5,,,,,,,,,,,,,,,,,,,,,,,,,,,,,
"",228002,5675,-25.14152,161.00546,A,03/11/2022 09:15:49,Argos,0,40,MC,,401677671.82,03/11/2022 09:15:30,1,2,0,-128,401677671.82,161.00546,-25.14152,161.00546,-25.14152,6,2,593,1542,228,79,1573,87,10,6,,,,,,,,,,,,,,,,,,,,,,,,,,,,,
"",228002,5675,-25.12914,161.06689,0,03/11/2022 09:10:51,Argos,0,360,NP,,401677670.04,03/11/2022 09:15:30,1,3,0,-130,401677670.04,161.06689,-25.12914,161.0669,-25.12914,58,3,2570,170205,38,77,4524,87,10,6,,,,,,,,,,,,,,,,,,,,,,,,,,,,,
"",228002,5675,-25.14152,161.00546,A,03/11/2022 09:15:49,Argos,0,40,MC,,401677671.82,03/11/2022 09:16:10,1,2,0,-128,401677671.82,161.00546,-25.14152,161.00546,-25.14152,6,2,593,1542,228,79,1573,98,136,0,,,,,,,,,,,,,,,,,,,,,,,,,,,,,
"",228002,5675,-25.12914,161.06689,0,03/11/2022 09:10:51,Argos,0,360,NP,,401677670.04,03/11/2022 09:16:10,1,3,0,-130,401677670.04,161.06689,-25.12914,161.0669,-25.12914,58,3,2570,170205,38,77,4524,98,136,0,,,,,,,,,,,,,,,,,,,,,,,,,,,,,
"",228002,5675,-25.12914,161.06689,0,03/11/2022 09:10:51,Argos,0,360,NP,,401677670.04,03/11/2022 09:16:51,1,3,0,-130,401677670.04,161.06689,-25.12914,161.0669,-25.12914,58,3,2570,170205,38,77,4524,15,1,16,,,,,,,,,,,,,,,,,,,,,,,,,,,,,
"",228002,5675,-25.14152,161.00546,A,03/11/2022 09:15:49,Argos,0,40,MC,,401677671.82,03/11/2022 09:16:51,1,2,0,-128,401677671.82,161.00546,-25.14152,161.00546,-25.14152,6,2,593,1542,228,79,1573,15,1,16,,,,,,,,,,,,,,,,,,,,,,,,,,,,,
"",228002,5675,-25.13105,160.98918,1,03/11/2022 09:35:31,Argos,0,169,NK,,401677667.37,03/11/2022 09:34:24,1,4,0,-121,401677667.37,160.98918,-25.13105,160.98918,-25.13105,56,3,652,2275,187,113,620,30,142,28,,,,,,,,,,,,,,,,,,,,,,,,,,,,,
"",228002,5675,-25.13105,160.98918,1,03/11/2022 09:35:31,Argos,0,169,NK,,401677667.37,03/11/2022 09:35:03,1,4,0,-121,401677667.37,160.98918,-25.13105,160.98918,-25.13105,56,3,652,2275,187,113,620,73,61,5,,,,,,,,,,,,,,,,,,,,,,,,,,,,,
"",228002,5675,-25.13105,160.98918,1,03/11/2022 09:35:31,Argos,0,169,NK,,401677667.37,03/11/2022 09:35:28,1,4,0,-121,401677667.37,160.98918,-25.13105,160.98918,-25.13105,56,3,652,2275,187,113,620,86,15,6,,,,,,,,,,,,,,,,,,,,,,,,,,,,,
"",228002,5675,-25.13105,160.98918,1,03/11/2022 09:35:31,Argos,0,169,NK,,401677667.37,03/11/2022 09:37:13,1,4,0,-121,401677667.37,160.98918,-25.13105,160.98918,-25.13105,56,3,652,2275,187,113,620,98,136,0,,,,,,,,,,,,,,,,,,,,,,,,,,,,,
"",228002,5675,-25.10129,160.97803,0,03/11/2022 10:51:14,Argos,0,223,MC,,401677669.23,03/11/2022 10:49:17,1,7,1,-118,401677669.23,160.97803,-25.10129,160.97803,-25.10129,58,3,4049,39783,412,92,2898,42,141,64,238,238,238,238,35,35,150,244,63,144,168,12,77,91,141,108,239,223,65,80,12,133,235,144,196,16,19,222,
"",228002,5675,-25.1019,160.97353,A,03/11/2022 10:51:41,Argos,0,223,NP,,401677671.3,03/11/2022 10:49:17,1,3,0,-135,401677671.3,160.97353,-25.1019,160.97353,-25.1019,6,3,792,1255,500,99,644,40,141,64,254,239,238,176,11,39,56,93,126,184,61,86,197,197,131,45,155,216,113,231,1,91,179,102,23,92,22,45,
"",228002,5675,-25.10129,160.97803,0,03/11/2022 10:51:14,Argos,0,223,MC,,401677669.23,03/11/2022 10:49:45,1,7,1,-118,401677669.23,160.97803,-25.10129,160.97803,-25.10129,58,3,4049,39783,412,92,2898,80,33,6,,,,,,,,,,,,,,,,,,,,,,,,,,,,,
"",228002,5675,-25.10153,160.98131,B,03/11/2022 10:51:41,Argos,0,158,NP,,401677671.55,03/11/2022 10:50:22,1,2,0,-135,401677671.55,160.98131,-25.10153,160.98131,-25.10153,6,3,920,1918,441,92,801,100,134,0,,,,,,,,,,,,,,,,,,,,,,,,,,,,,
"",228002,5675,-25.10129,160.97803,0,03/11/2022 10:51:14,Argos,0,223,MC,,401677669.23,03/11/2022 10:50:22,1,7,1,-118,401677669.23,160.97803,-25.10129,160.97803,-25.10129,58,3,4049,39783,412,92,2898,100,134,0,,,,,,,,,,,,,,,,,,,,,,,,,,,,,
"",228002,5675,-25.10129,160.97803,0,03/11/2022 10:51:14,Argos,0,223,MC,,401677669.23,03/11/2022 10:51:45,1,7,1,-118,401677669.23,160.97803,-25.10129,160.97803,-25.10129,58,3,4049,39783,412,92,2898,15,24,50,,,,,,,,,,,,,,,,,,,,,,,,,,,,,
"",228002,5675,-25.10129,160.97803,0,03/11/2022 10:51:14,Argos,0,223,MC,,401677669.23,03/11/2022 10:52:06,1,7,1,-118,401677669.23,160.97803,-25.10129,160.97803,-25.10129,58,3,4049,39783,412,92,2898,30,142,28,,,,,,,,,,,,,,,,,,,,,,,,,,,,,
"",228002,5675,-25.10129,160.97803,0,03/11/2022 10:51:14,Argos,0,223,MC,,401677669.23,03/11/2022 10:52:29,1,7,1,-118,401677669.23,160.97803,-25.10129,160.97803,-25.10129,58,3,4049,39783,412,92,2898,77,57,5,,,,,,,,,,,,,,,,,,,,,,,,,,,,,
"",228002,5675,-25.10153,160.98131,B,03/11/2022 10:51:41,Argos,0,158,NP,,401677671.55,03/11/2022 10:53:00,1,2,0,-135,401677671.55,160.98131,-25.10153,160.98131,-25.10153,6,3,920,1918,441,92,801,91,38,6,,,,,,,,,,,,,,,,,,,,,,,,,,,,,
"",228002,5675,-25.10129,160.97803,0,03/11/2022 10:51:14,Argos,0,223,MC,,401677669.23,03/11/2022 10:53:00,1,7,1,-118,401677669.23,160.97803,-25.10129,160.97803,-25.10129,58,3,4049,39783,412,92,2898,91,38,6,,,,,,,,,,,,,,,,,,,,,,,,,,,,,
"",228002,5675,-25.10133,160.9731,B,03/11/2022 11:08:05,Argos,0,172,NN,,401677677.23,03/11/2022 11:06:39,1,2,0,-124,401677677.23,160.9731,-25.10133,160.9731,-25.10133,6,3,1391,9291,208,117,1217,15,1,16,,,,,,,,,,,,,,,,,,,,,,,,,,,,,
"",228002,5675,-25.10133,160.9731,B,03/11/2022 11:08:05,Argos,0,172,NN,,401677677.23,03/11/2022 11:09:31,1,2,0,-124,401677677.23,160.9731,-25.10133,160.9731,-25.10133,6,3,1391,9291,208,117,1217,158,140,28,,,,,,,,,,,,,,,,,,,,,,,,,,,,,
"",228002,5675,-25.07467,160.96415,B,03/11/2022 11:40:04,Argos,0,63,MB,,401677672.39,03/11/2022 11:39:33,1,2,0,-131,401677672.39,160.96415,-25.07467,160.96416,-25.07467,8,3,739,2892,188,69,2067,30,142,28,,,,,,,,,,,,,,,,,,,,,,,,,,,,,
"",228002,5675,-25.07467,160.96415,B,03/11/2022 11:40:04,Argos,0,63,MB,,401677672.39,03/11/2022 11:40:36,1,2,0,-131,401677672.39,160.96415,-25.07467,160.96416,-25.07467,8,3,739,2892,188,69,2067,97,135,0,,,,,,,,,,,,,,,,,,,,,,,,,,,,,
"",228002,5675,-25.04376,160.94692,1,03/11/2022 12:46:22,Argos,0,402,NN,,401677672.9,03/11/2022 12:42:58,1,6,0,-124,401677672.9,160.94692,-25.04376,160.94691,-25.04376,58,3,583,896,379,115,371,30,142,28,,,,,,,,,,,,,,,,,,,,,,,,,,,,,
"",228002,5675,-25.04376,160.94692,1,03/11/2022 12:46:22,Argos,0,402,NN,,401677672.9,03/11/2022 12:45:16,1,6,0,-124,401677672.9,160.94692,-25.04376,160.94691,-25.04376,58,3,583,896,379,115,371,76,60,5,,,,,,,,,,,,,,,,,,,,,,,,,,,,,
"",228002,5675,-25.04376,160.94692,1,03/11/2022 12:46:22,Argos,0,402,NN,,401677672.9,03/11/2022 12:45:50,1,6,0,-124,401677672.9,160.94692,-25.04376,160.94691,-25.04376,58,3,583,896,379,115,371,87,85,6,,,,,,,,,,,,,,,,,,,,,,,,,,,,,
"",228002,5675,-25.04376,160.94692,1,03/11/2022 12:46:22,Argos,0,402,NN,,401677672.9,03/11/2022 12:46:58,1,6,0,-124,401677672.9,160.94692,-25.04376,160.94691,-25.04376,58,3,583,896,379,115,371,97,135,0,,,,,,,,,,,,,,,,,,,,,,,,,,,,,
"",228002,5675,-25.04376,160.94692,1,03/11/2022 12:46:22,Argos,0,402,NN,,401677672.9,03/11/2022 12:47:36,1,6,0,-124,401677672.9,160.94692,-25.04376,160.94691,-25.04376,58,3,583,896,379,115,371,15,1,16,,,,,,,,,,,,,,,,,,,,,,,,,,,,,
"",228002,5675,-25.04376,160.94692,1,03/11/2022 12:46:22,Argos,0,402,NN,,401677672.9,03/11/2022 12:49:40,1,6,0,-124,401677672.9,160.94692,-25.04376,160.94691,-25.04376,58,3,583,896,379,115,371,30,142,20,,,,,,,,,,,,,,,,,,,,,,,,,,,,,
"",228002,5675,-24.92409,160.784,1,03/11/2022 18:47:51,Argos,0,364,NP,,401677665.55,03/11/2022 18:44:54,1,5,0,-133,401677665.55,160.784,-24.92409,160.784,-24.92409,58,3,974,2395,396,20,937,74,80,165,245,104,201,152,179,117,206,173,117,197,31,196,121,10,210,221,212,199,157,30,,,,,,,,,
"",228002,5675,-24.92409,160.784,1,03/11/2022 18:47:51,Argos,0,364,NP,,401677665.55,03/11/2022 18:45:59,1,5,0,-133,401677665.55,160.784,-24.92409,160.784,-24.92409,58,3,974,2395,396,20,937,77,70,5,,,,,,,,,,,,,,,,,,,,,,,,,,,,,
"",228002,5675,-24.92409,160.784,1,03/11/2022 18:47:51,Argos,0,364,NP,,401677665.55,03/11/2022 18:48:11,1,5,0,-133,401677665.55,160.784,-24.92409,160.784,-24.92409,58,3,974,2395,396,20,937,85,158,6,,,,,,,,,,,,,,,,,,,,,,,,,,,,,
"",228002,5675,-24.92409,160.784,1,03/11/2022 18:47:51,Argos,0,364,NP,,401677665.55,03/11/2022 18:49:14,1,5,0,-133,401677665.55,160.784,-24.92409,160.784,-24.92409,58,3,974,2395,396,20,937,97,135,0,,,,,,,,,,,,,,,,,,,,,,,,,,,,,
"",228002,5675,-24.92409,160.784,1,03/11/2022 18:47:51,Argos,0,364,NP,,401677665.55,03/11/2022 18:50:58,1,5,0,-133,401677665.55,160.784,-24.92409,160.784,-24.92409,58,3,974,2395,396,20,937,15,1,16,,,,,,,,,,,,,,,,,,,,,,,,,,,,,
"",228002,5675,-24.90673,160.76854,2,03/11/2022 19:07:49,Argos,0,269,NK,,401677666.24,03/11/2022 19:05:42,1,9,0,-129,401677666.24,160.76854,-24.90673,160.76854,-24.90673,56,3,261,610,111,177,639,98,136,0,,,,,,,,,,,,,,,,,,,,,,,,,,,,,
"",228002,5675,-24.90673,160.76854,2,03/11/2022 19:07:49,Argos,0,269,NK,,401677666.24,03/11/2022 19:06:46,1,9,0,-129,401677666.24,160.76854,-24.90673,160.76854,-24.90673,56,3,261,610,111,177,639,30,143,121,,,,,,,,,,,,,,,,,,,,,,,,,,,,,
"",228002,5675,-24.90673,160.76854,2,03/11/2022 19:07:49,Argos,0,269,NK,,401677666.24,03/11/2022 19:07:30,1,9,0,-129,401677666.24,160.76854,-24.90673,160.76854,-24.90673,56,3,261,610,111,177,639,78,73,5,,,,,,,,,,,,,,,,,,,,,,,,,,,,,
"",228002,5675,-24.90673,160.76854,2,03/11/2022 19:07:49,Argos,0,269,NK,,401677666.24,03/11/2022 19:07:46,1,9,0,-129,401677666.24,160.76854,-24.90673,160.76854,-24.90673,56,3,261,610,111,177,639,91,168,70,,,,,,,,,,,,,,,,,,,,,,,,,,,,,
"",228002,5675,-24.90673,160.76854,2,03/11/2022 19:07:49,Argos,0,269,NK,,401677666.24,03/11/2022 19:08:17,1,9,0,-129,401677666.24,160.76854,-24.90673,160.76854,-24.90673,56,3,261,610,111,177,639,97,135,0,,,,,,,,,,,,,,,,,,,,,,,,,,,,,
"",228002,5675,-24.90673,160.76854,2,03/11/2022 19:07:49,Argos,0,269,NK,,401677666.24,03/11/2022 19:08:42,2,9,0,-129,401677666.24,160.76854,-24.90673,160.76854,-24.90673,56,3,261,610,111,177,639,15,1,16,,,,,,,,,,,,,,,,,,,,,,,,,,,,,
"",228002,5675,-24.90673,160.76854,2,03/11/2022 19:07:49,Argos,0,269,NK,,401677666.24,03/11/2022 19:09:30,1,9,0,-129,401677666.24,160.76854,-24.90673,160.76854,-24.90673,56,3,261,610,111,177,639,30,142,28,,,,,,,,,,,,,,,,,,,,,,,,,,,,,
"",228002,5675,-24.90673,160.76854,2,03/11/2022 19:07:49,Argos,0,269,NK,,401677666.24,03/11/2022 19:10:11,1,9,0,-129,401677666.24,160.76854,-24.90673,160.76854,-24.90673,56,3,261,610,111,177,639,65,74,5,,,,,,,,,,,,,,,,,,,,,,,,,,,,,
"",228002,5675,-24.89462,160.76584,3,03/11/2022 19:27:28,Argos,0,394,A1,,401677667.53,03/11/2022 19:24:28,1,4,0,-121,401677667.53,160.76584,-24.89462,160.76584,-24.89462,58,3,148,794,27,88,294,89,178,6,,,,,,,,,,,,,,,,,,,,,,,,,,,,,
"",228002,5675,-24.89462,160.76584,3,03/11/2022 19:27:28,Argos,0,394,A1,,401677667.53,03/11/2022 19:24:56,1,4,0,-121,401677667.53,160.76584,-24.89462,160.76584,-24.89462,58,3,148,794,27,88,294,100,134,0,,,,,,,,,,,,,,,,,,,,,,,,,,,,,
"",228002,5675,-24.89462,160.76584,3,03/11/2022 19:27:28,Argos,0,394,A1,,401677667.53,03/11/2022 19:29:28,1,4,0,-121,401677667.53,160.76584,-24.89462,160.76584,-24.89462,58,3,148,794,27,88,294,66,240,165,245,104,201,152,179,117,205,238,82,20,13,107,40,20,192,221,20,73,147,94,,,,,,,,,
"",228002,5675,-24.89462,160.76584,3,03/11/2022 19:27:28,Argos,0,394,A1,,401677667.53,03/11/2022 19:31:02,1,4,0,-121,401677667.53,160.76584,-24.89462,160.76584,-24.89462,58,3,148,794,27,88,294,30,142,28,,,,,,,,,,,,,,,,,,,,,,,,,,,,,
"",228002,5675,-24.86966,160.74672,B,03/11/2022 20:28:22,Argos,0,0,NP,,401677668.42,03/11/2022 20:28:22,1,1,0,-132,401677668.42,160.74672,-24.86966,160.74672,-24.86966,8,3,949,1417,635,102,2668,30,142,12,,,,,,,,,,,,,,,,,,,,,,,,,,,,,
"",228002,5675,-24.67316,160.63703,0,03/12/2022 05:56:49,Argos,0,107,A1,,401677632.06,03/12/2022 05:55:53,1,6,0,-134,401677632.06,160.63703,-24.67316,,,58,2,5896,82865,419,86,5039,30,142,28,,,,,,,,,,,,,,,,,,,,,,,,,,,,,
"",228002,5675,-24.67316,160.63703,0,03/12/2022 05:56:49,Argos,0,107,A1,,401677632.06,03/12/2022 05:56:16,1,6,0,-134,401677632.06,160.63703,-24.67316,,,58,2,5896,82865,419,86,5039,67,80,5,,,,,,,,,,,,,,,,,,,,,,,,,,,,,
"",228002,5675,-24.67316,160.63703,0,03/12/2022 05:56:49,Argos,0,107,A1,,401677632.06,03/12/2022 05:56:37,1,6,0,-134,401677632.06,160.63703,-24.67316,,,58,2,5896,82865,419,86,5039,92,204,31,,,,,,,,,,,,,,,,,,,,,,,,,,,,,
"",228002,5675,-24.67316,160.63703,0,03/12/2022 05:56:49,Argos,0,107,A1,,401677632.06,03/12/2022 05:57:04,1,6,0,-134,401677632.06,160.63703,-24.67316,,,58,2,5896,82865,419,86,5039,110,132,0,,,,,,,,,,,,,,,,,,,,,,,,,,,,,
"",228002,5675,-24.67316,160.63703,0,03/12/2022 05:56:49,Argos,0,107,A1,,401677632.06,03/12/2022 05:57:25,1,6,0,-134,401677632.06,160.63703,-24.67316,,,58,2,5896,82865,419,86,5039,66,176,165,245,104,201,152,179,118,23,173,214,82,13,157,16,1,99,28,212,240,191,128,,,,,,,,,
"",228002,5675,-24.67316,160.63703,0,03/12/2022 05:56:49,Argos,0,107,A1,,401677632.06,03/12/2022 05:57:40,1,6,0,-134,401677632.06,160.63703,-24.67316,,,58,2,5896,82865,419,86,5039,15,1,20,,,,,,,,,,,,,,,,,,,,,,,,,,,,,
"",228002,5675,-24.65482,160.4783,B,03/12/2022 07:19:30,Argos,0,64,NP,,401677676.11,03/12/2022 07:18:59,1,2,0,-138,401677676.11,160.4783,-24.65482,160.4783,-24.65482,6,3,3616,6018,2172,121,3315,92,220,14,,,,,,,,,,,,,,,,,,,,,,,,,,,,,
"",228002,5675,-24.65482,160.4783,B,03/12/2022 07:19:30,Argos,0,64,NP,,401677676.11,03/12/2022 07:20:03,1,2,0,-138,401677676.11,160.4783,-24.65482,160.4783,-24.65482,6,3,3616,6018,2172,121,3315,15,1,16,,,,,,,,,,,,,,,,,,,,,,,,,,,,,
"",228002,5675,-24.6285,160.43874,B,03/12/2022 07:30:00,Argos,0,76,NK,,401677664.89,03/12/2022 07:29:22,1,2,0,-133,401677664.89,160.43874,-24.6285,160.43874,-24.6285,6,3,3318,5698,1931,47,2251,77,80,165,245,104,201,152,179,118,29,237,17,148,13,207,14,1,105,28,212,240,255,128,,,,,,,,,
"",228002,5675,-24.6285,160.43874,B,03/12/2022 07:30:00,Argos,0,76,NK,,401677664.89,03/12/2022 07:30:38,1,2,0,-133,401677664.89,160.43874,-24.6285,160.43874,-24.6285,6,3,3318,5698,1931,47,2251,100,134,0,,,,,,,,,,,,,,,,,,,,,,,,,,,,,
"",228002,5675,-24.6269,160.43922,B,03/12/2022 07:30:37,Argos,0,0,A1,,401677662.59,03/12/2022 07:30:38,1,1,0,-135,401677662.59,160.43922,-24.6269,160.43922,-24.6269,6,3,2231,3363,1479,47,2139,100,134,0,,,,,,,,,,,,,,,,,,,,,,,,,,,,,
"",228002,5675,-24.59335,160.36214,B,03/12/2022 09:08:48,Argos,0,0,NK,,401677665.46,03/12/2022 09:08:48,1,1,0,-129,401677665.46,160.36214,-24.59335,160.36214,-24.59335,8,3,4614,5367,3965,55,4428,30,142,137,,,,,,,,,,,,,,,,,,,,,,,,,,,,,
"",228002,5675,-24.54175,160.31104,A,03/12/2022 10:32:36,Argos,0,137,MC,,401677666.77,03/12/2022 10:32:36,1,3,0,-120,401677666.77,160.31104,-24.54175,160.31104,-24.54175,8,3,1895,22878,156,65,1930,31,206,151,,,,,,,,,,,,,,,,,,,,,,,,,,,,,
"",228002,5675,-24.54175,160.31104,A,03/12/2022 10:32:36,Argos,0,137,MC,,401677666.77,03/12/2022 10:34:36,1,3,0,-120,401677666.77,160.31104,-24.54175,160.31104,-24.54175,8,3,1895,22878,156,65,1930,74,144,165,245,104,201,152,179,118,42,65,148,212,14,51,14,1,255,28,212,192,255,128,,,,,,,,,
"",228002,5675,-24.53936,160.31663,B,03/12/2022 10:34:35,Argos,0,0,NP,,401677664.65,03/12/2022 10:34:36,1,1,0,-136,401677664.65,160.31663,-24.53936,160.31664,-24.53936,6,3,933,6056,143,66,2619,74,144,165,245,104,201,152,179,118,42,64,148,212,14,35,12,1,255,28,212,192,255,128,,,,,,,,,
"",228002,5675,-24.54175,160.31104,A,03/12/2022 10:32:36,Argos,0,137,MC,,401677666.77,03/12/2022 10:34:53,1,3,0,-120,401677666.77,160.31104,-24.54175,160.31104,-24.54175,8,3,1895,22878,156,65,1930,74,77,5,,,,,,,,,,,,,,,,,,,,,,,,,,,,,
"",228002,5675,-24.56597,160.29103,B,03/12/2022 11:24:44,Argos,0,0,MB,,401677684.74,03/12/2022 11:24:44,1,1,0,-132,401677684.74,160.29103,-24.56597,160.29103,-24.56597,8,3,8967,11814,6805,116,6604,98,136,0,,,,,,,,,,,,,,,,,,,,,,,,,,,,,
"",228002,5675,-24.4933,160.2665,1,03/12/2022 12:12:23,Argos,0,455,MC,,401677664.27,03/12/2022 12:10:10,1,6,0,-121,401677664.27,160.2665,-24.4933,160.2665,-24.4933,58,3,547,934,320,136,415,87,37,7,,,,,,,,,,,,,,,,,,,,,,,,,,,,,
"",228002,5675,-24.4933,160.2665,1,03/12/2022 12:12:23,Argos,0,455,MC,,401677664.27,03/12/2022 12:10:44,1,6,0,-121,401677664.27,160.2665,-24.4933,160.2665,-24.4933,58,3,547,934,320,136,415,97,135,0,,,,,,,,,,,,,,,,,,,,,,,,,,,,,
"",228002,5675,-24.4933,160.2665,1,03/12/2022 12:12:23,Argos,0,455,MC,,401677664.27,03/12/2022 12:11:01,1,6,0,-121,401677664.27,160.2665,-24.4933,160.2665,-24.4933,58,3,547,934,320,136,415,15,1,16,,,,,,,,,,,,,,,,,,,,,,,,,,,,,
"",228002,5675,-24.4933,160.2665,1,03/12/2022 12:12:23,Argos,0,455,MC,,401677664.27,03/12/2022 12:11:22,1,6,0,-121,401677664.27,160.2665,-24.4933,160.2665,-24.4933,58,3,547,934,320,136,415,30,12,239,,,,,,,,,,,,,,,,,,,,,,,,,,,,,
"",228002,5675,-24.4933,160.2665,1,03/12/2022 12:12:23,Argos,0,455,MC,,401677664.27,03/12/2022 12:13:20,1,6,0,-121,401677664.27,160.2665,-24.4933,160.2665,-24.4933,58,3,547,934,320,136,415,68,75,5,,,,,,,,,,,,,,,,,,,,,,,,,,,,,
"",228002,5675,-24.4933,160.2665,1,03/12/2022 12:12:23,Argos,0,455,MC,,401677664.27,03/12/2022 12:17:45,1,6,0,-121,401677664.27,160.2665,-24.4933,160.2665,-24.4933,58,3,547,934,320,136,415,98,136,0,,,,,,,,,,,,,,,,,,,,,,,,,,,,,
"",228002,5675,-24.49101,160.2519,A,03/12/2022 12:32:35,Argos,0,257,NN,,401677665.29,03/12/2022 12:29:57,1,3,0,-127,401677665.29,160.2519,-24.49101,160.2519,-24.49101,6,3,1192,6024,236,66,1137,15,1,16,,,,,,,,,,,,,,,,,,,,,,,,,,,,,
"",228002,5675,-24.49101,160.2519,A,03/12/2022 12:32:35,Argos,0,257,NN,,401677665.29,03/12/2022 12:33:34,1,3,0,-127,401677665.29,160.2519,-24.49101,160.2519,-24.49101,6,3,1192,6024,236,66,1137,30,142,28,,,,,,,,,,,,,,,,,,,,,,,,,,,,,
"",228002,5675,-24.49101,160.2519,A,03/12/2022 12:32:35,Argos,0,257,NN,,401677665.29,03/12/2022 12:34:14,1,3,0,-127,401677665.29,160.2519,-24.49101,160.2519,-24.49101,6,3,1192,6024,236,66,1137,68,75,5,,,,,,,,,,,,,,,,,,,,,,,,,,,,,
"",228002,5675,-24.22465,159.94568,B,03/12/2022 18:37:50,Argos,0,0,NP,,401677675.9,03/12/2022 18:37:50,1,1,0,-140,401677675.9,159.94568,-24.22465,159.94568,-24.22465,8,3,4172,5157,3374,110,6993,71,68,23,,,,,,,,,,,,,,,,,,,,,,,,,,,,,
"",228002,5675,-24.3266,160.03589,0,03/12/2022 19:12:59,Argos,0,432,A1,,401677666.25,03/12/2022 19:09:31,1,4,0,-129,401677666.25,160.03589,-24.3266,160.03589,-24.3266,48,3,2083,35347,122,76,782,107,133,0,,,,,,,,,,,,,,,,,,,,,,,,,,,,,
"",228002,5675,-24.3266,160.03589,0,03/12/2022 19:12:59,Argos,0,432,A1,,401677666.25,03/12/2022 19:11:25,1,4,0,-129,401677666.25,160.03589,-24.3266,160.03589,-24.3266,48,3,2083,35347,122,76,782,77,112,165,245,104,201,152,179,118,76,206,20,216,15,45,14,1,128,28,212,48,255,128,,,,,,,,,
"",228002,5675,-24.3266,160.03589,0,03/12/2022 19:12:59,Argos,0,432,A1,,401677666.25,03/12/2022 19:14:17,1,4,0,-129,401677666.25,160.03589,-24.3266,160.03589,-24.3266,48,3,2083,35347,122,76,782,73,66,5,,,,,,,,,,,,,,,,,,,,,,,,,,,,,
"",228002,5675,-24.3266,160.03589,0,03/12/2022 19:12:59,Argos,0,432,A1,,401677666.25,03/12/2022 19:16:43,1,4,0,-129,401677666.25,160.03589,-24.3266,160.03589,-24.3266,48,3,2083,35347,122,76,782,88,152,7,,,,,,,,,,,,,,,,,,,,,,,,,,,,,
"",228002,5675,-24.30054,160.01074,2,03/12/2022 20:19:45,Argos,0,727,NP,,401677666.41,03/12/2022 20:10:04,1,6,0,-125,401677666.41,160.01074,-24.30054,160.01074,-24.30054,40,3,456,1328,156,102,207,31,197,39,,,,,,,,,,,,,,,,,,,,,,,,,,,,,
"",228002,5675,-24.30054,160.01074,2,03/12/2022 20:19:45,Argos,0,727,NP,,401677666.41,03/12/2022 20:14:14,1,6,0,-125,401677666.41,160.01074,-24.30054,160.01074,-24.30054,40,3,456,1328,156,102,207,70,65,5,,,,,,,,,,,,,,,,,,,,,,,,,,,,,
"",228002,5675,-24.30054,160.01074,2,03/12/2022 20:19:45,Argos,0,727,NP,,401677666.41,03/12/2022 20:14:30,1,6,0,-125,401677666.41,160.01074,-24.30054,160.01074,-24.30054,40,3,456,1328,156,102,207,90,178,7,,,,,,,,,,,,,,,,,,,,,,,,,,,,,
"",228002,5675,-24.28922,159.98267,B,03/12/2022 20:19:45,Argos,0,290,NP,,401677665.05,03/12/2022 20:17:21,1,2,0,-129,401677665.05,159.98267,-24.28922,159.98267,-24.28922,8,2,3548,56032,224,115,2309,103,137,0,,,,,,,,,,,,,,,,,,,,,,,,,,,,,
"",228002,5675,-24.29353,159.9835,B,03/12/2022 20:19:45,Argos,0,290,NK,,401677668.07,03/12/2022 20:17:21,1,2,0,-127,401677668.07,159.9835,-24.29353,159.9835,-24.29353,8,2,3594,97563,132,101,2340,103,137,0,,,,,,,,,,,,,,,,,,,,,,,,,,,,,
"",228002,5675,-24.28922,159.98267,B,03/12/2022 20:19:45,Argos,0,290,NP,,401677665.05,03/12/2022 20:22:11,1,2,0,-129,401677665.05,159.98267,-24.28922,159.98267,-24.28922,8,2,3548,56032,224,115,2309,30,142,28,,,,,,,,,,,,,,,,,,,,,,,,,,,,,
"",228002,5675,-24.29353,159.9835,B,03/12/2022 20:19:45,Argos,0,290,NK,,401677668.07,03/12/2022 20:22:11,1,2,0,-127,401677668.07,159.9835,-24.29353,159.9835,-24.29353,8,2,3594,97563,132,101,2340,30,142,28,,,,,,,,,,,,,,,,,,,,,,,,,,,,,
"",228002,5675,-24.22137,159.96469,A,03/13/2022 07:15:55,Argos,0,114,A1,,401677706.84,03/13/2022 07:14:45,1,3,0,-129,401677706.84,159.96469,-24.22137,159.96469,-24.22137,8,3,1920,38997,94,123,5399,42,141,128,238,238,224,224,0,0,0,0,0,0,14,238,131,141,96,238,238,238,0,0,0,0,0,0,0,238,238,41,
"",228002,5675,-24.22137,159.96469,A,03/13/2022 07:15:55,Argos,0,114,A1,,401677706.84,03/13/2022 07:16:24,1,3,0,-129,401677706.84,159.96469,-24.22137,159.96469,-24.22137,8,3,1920,38997,94,123,5399,89,80,27,249,91,5,80,39,79,138,39,124,235,16,151,49,207,2,196,24,188,127,201,,,,,,,,,
"",228002,5675,-24.22137,159.96469,A,03/13/2022 07:15:55,Argos,0,114,A1,,401677706.84,03/13/2022 07:16:39,1,3,0,-129,401677706.84,159.96469,-24.22137,159.96469,-24.22137,8,3,1920,38997,94,123,5399,30,142,28,,,,,,,,,,,,,,,,,,,,,,,,,,,,,
"",228002,5675,-24.0713,159.79034,B,03/13/2022 11:56:20,Argos,0,0,MC,,401677709,03/13/2022 11:56:21,1,1,0,-120,401677709,159.79034,-24.0713,159.79034,-24.0713,8,3,2684,5470,1317,110,7587,64,112,165,245,104,201,152,179,118,175,157,79,152,15,245,12,1,221,28,212,0,255,128,,,,,,,,,
"",228002,5675,-23.8091,159.39383,1,03/14/2022 07:03:06,Argos,0,336,A1,,401677670.26,03/14/2022 07:00:26,1,5,0,-124,401677670.26,159.39383,-23.8091,159.39383,-23.8091,40,3,1264,4703,339,108,260,107,133,0,,,,,,,,,,,,,,,,,,,,,,,,,,,,,
"",228002,5675,-23.8091,159.39383,1,03/14/2022 07:03:06,Argos,0,336,A1,,401677670.26,03/14/2022 07:01:22,1,5,0,-124,401677670.26,159.39383,-23.8091,159.39383,-23.8091,40,3,1264,4703,339,108,260,15,1,16,,,,,,,,,,,,,,,,,,,,,,,,,,,,,
"",228002,5675,-23.8091,159.39383,1,03/14/2022 07:03:06,Argos,0,336,A1,,401677670.26,03/14/2022 07:02:36,1,5,0,-124,401677670.26,159.39383,-23.8091,159.39383,-23.8091,40,3,1264,4703,339,108,260,88,48,165,245,104,201,152,179,119,28,66,151,84,16,39,30,1,154,4,195,176,95,15,,,,,,,,,
"",228002,5675,-23.8091,159.39383,1,03/14/2022 07:03:06,Argos,0,336,A1,,401677670.26,03/14/2022 07:05:05,1,5,0,-124,401677670.26,159.39383,-23.8091,159.39383,-23.8091,40,3,1264,4703,339,108,260,30,142,28,,,,,,,,,,,,,,,,,,,,,,,,,,,,,
"",228002,5675,-23.8091,159.39383,1,03/14/2022 07:03:06,Argos,0,336,A1,,401677670.26,03/14/2022 07:06:02,1,5,0,-124,401677670.26,159.39383,-23.8091,159.39383,-23.8091,40,3,1264,4703,339,108,260,89,22,8,,,,,,,,,,,,,,,,,,,,,,,,,,,,,
"",228002,5675,-23.77977,159.38741,B,03/14/2022 08:35:09,Argos,0,95,NP,,401677674.99,03/14/2022 08:34:22,1,2,0,-124,401677674.99,159.38741,-23.77977,159.3874,-23.77977,8,3,7633,46726,1247,21,2228,76,60,5,,,,,,,,,,,,,,,,,,,,,,,,,,,,,
"",228002,5675,-23.77977,159.38741,B,03/14/2022 08:35:09,Argos,0,95,NP,,401677674.99,03/14/2022 08:35:58,1,2,0,-124,401677674.99,159.38741,-23.77977,159.3874,-23.77977,8,3,7633,46726,1247,21,2228,87,48,8,,,,,,,,,,,,,,,,,,,,,,,,,,,,,
"",228002,5675,-23.75025,159.35524,B,03/14/2022 09:50:01,Argos,0,53,MC,,401677677.64,03/14/2022 09:49:35,1,2,0,-124,401677677.64,159.35524,-23.75025,159.35524,-23.75025,8,3,1072,2021,568,76,3018,85,58,8,,,,,,,,,,,,,,,,,,,,,,,,,,,,,
"",228002,5675,-23.75025,159.35524,B,03/14/2022 09:50:01,Argos,0,53,MC,,401677677.64,03/14/2022 09:50:28,1,2,0,-124,401677677.64,159.35524,-23.75025,159.35524,-23.75025,8,3,1072,2021,568,76,3018,98,136,0,,,,,,,,,,,,,,,,,,,,,,,,,,,,,
"",228002,5675,-23.74558,159.3606,0,03/14/2022 10:11:49,Argos,0,118,NP,,401677660.71,03/14/2022 10:10:41,1,4,0,-132,401677660.71,159.3606,-23.74558,159.3606,-23.74558,56,3,4109,18996,888,61,2960,73,61,5,,,,,,,,,,,,,,,,,,,,,,,,,,,,,
"",228002,5675,-23.74558,159.3606,0,03/14/2022 10:11:49,Argos,0,118,NP,,401677660.71,03/14/2022 10:11:48,1,4,0,-132,401677660.71,159.3606,-23.74558,159.3606,-23.74558,56,3,4109,18996,888,61,2960,84,62,140,,,,,,,,,,,,,,,,,,,,,,,,,,,,,
"",228002,5675,-23.74558,159.3606,0,03/14/2022 10:11:49,Argos,0,118,NP,,401677660.71,03/14/2022 10:12:10,1,4,0,-132,401677660.71,159.3606,-23.74558,159.3606,-23.74558,56,3,4109,18996,888,61,2960,97,135,0,,,,,,,,,,,,,,,,,,,,,,,,,,,,,
"",228002,5675,-23.74558,159.3606,0,03/14/2022 10:11:49,Argos,0,118,NP,,401677660.71,03/14/2022 10:12:39,1,4,0,-132,401677660.71,159.3606,-23.74558,159.3606,-23.74558,56,3,4109,18996,888,61,2960,15,1,16,,,,,,,,,,,,,,,,,,,,,,,,,,,,,
"",228002,5675,-23.67851,159.3524,B,03/14/2022 11:39:13,Argos,0,178,MC,,401677672.95,03/14/2022 11:37:45,1,2,1,-119,401677672.95,159.3524,-23.67851,159.3524,-23.67851,8,3,2471,12467,489,104,3050,79,51,5,,,,,,,,,,,,,,,,,,,,,,,,,,,,,
"",228002,5675,-23.67851,159.3524,B,03/14/2022 11:39:13,Argos,0,178,MC,,401677672.95,03/14/2022 11:40:43,1,2,1,-119,401677672.95,159.3524,-23.67851,159.3524,-23.67851,8,3,2471,12467,489,104,3050,86,74,42,,,,,,,,,,,,,,,,,,,,,,,,,,,,,
"",228002,5675,-23.67452,159.38412,B,03/14/2022 12:11:02,Argos,0,0,NN,,401677664.66,03/14/2022 12:11:03,1,1,0,-127,401677664.66,159.38412,-23.67452,159.38412,-23.67452,8,3,2901,7531,1117,98,4125,98,136,0,,,,,,,,,,,,,,,,,,,,,,,,,,,,,
"",228002,5675,-23.44235,159.35149,2,03/14/2022 19:32:14,Argos,0,303,NK,,401677667.99,03/14/2022 19:30:01,1,6,0,-126,401677667.99,159.35149,-23.44235,159.35149,-23.44235,58,3,472,696,320,39,419,91,115,8,,,,,,,,,,,,,,,,,,,,,,,,,,,,,
"",228002,5675,-23.44235,159.35149,2,03/14/2022 19:32:14,Argos,0,303,NK,,401677667.99,03/14/2022 19:31:08,1,6,0,-126,401677667.99,159.35149,-23.44235,159.35149,-23.44235,58,3,472,696,320,39,419,97,135,0,,,,,,,,,,,,,,,,,,,,,,,,,,,,,
"",228002,5675,-23.44235,159.35149,2,03/14/2022 19:32:14,Argos,0,303,NK,,401677667.99,03/14/2022 19:31:58,1,6,0,-126,401677667.99,159.35149,-23.44235,159.35149,-23.44235,58,3,472,696,320,39,419,15,1,16,,,,,,,,,,,,,,,,,,,,,,,,,,,,,
"",228002,5675,-23.44235,159.35149,2,03/14/2022 19:32:14,Argos,0,303,NK,,401677667.99,03/14/2022 19:32:26,1,6,0,-126,401677667.99,159.35149,-23.44235,159.35149,-23.44235,58,3,472,696,320,39,419,30,142,28,,,,,,,,,,,,,,,,,,,,,,,,,,,,,
"",228002,5675,-23.44235,159.35149,2,03/14/2022 19:32:14,Argos,0,303,NK,,401677667.99,03/14/2022 19:32:48,1,6,0,-126,401677667.99,159.35149,-23.44235,159.35149,-23.44235,58,3,472,696,320,39,419,64,16,165,245,104,201,152,179,119,78,37,150,86,16,239,14,1,191,28,211,144,255,128,,,,,,,,,
"",228002,5675,-23.44235,159.35149,2,03/14/2022 19:32:14,Argos,0,303,NK,,401677667.99,03/14/2022 19:35:04,1,6,0,-126,401677667.99,159.35149,-23.44235,159.35149,-23.44235,58,3,472,696,320,39,419,66,58,5,,,,,,,,,,,,,,,,,,,,,,,,,,,,,
"",228002,5675,-23.42707,159.34778,2,03/14/2022 19:48:58,Argos,0,353,NP,,401677671.19,03/14/2022 19:45:39,1,9,0,-126,401677671.19,159.34778,-23.42707,159.34778,-23.42707,56,3,411,1880,89,105,575,89,121,8,,,,,,,,,,,,,,,,,,,,,,,,,,,,,
"",228002,5675,-23.42707,159.34778,2,03/14/2022 19:48:58,Argos,0,353,NP,,401677671.19,03/14/2022 19:46:51,1,9,0,-126,401677671.19,159.34778,-23.42707,159.34778,-23.42707,56,3,411,1880,89,105,575,100,134,0,,,,,,,,,,,,,,,,,,,,,,,,,,,,,
"",228002,5675,-23.42707,159.34778,2,03/14/2022 19:48:58,Argos,0,353,NP,,401677671.19,03/14/2022 19:49:21,1,9,0,-126,401677671.19,159.34778,-23.42707,159.34778,-23.42707,56,3,411,1880,89,105,575,82,126,8,,,,,,,,,,,,,,,,,,,,,,,,,,,,,
"",228002,5675,-23.42707,159.34778,2,03/14/2022 19:48:58,Argos,0,353,NP,,401677671.19,03/14/2022 19:49:51,1,9,0,-126,401677671.19,159.34778,-23.42707,159.34778,-23.42707,56,3,411,1880,89,105,575,107,133,0,,,,,,,,,,,,,,,,,,,,,,,,,,,,,
"",228002,5675,-23.42707,159.34778,2,03/14/2022 19:48:58,Argos,0,353,NP,,401677671.19,03/14/2022 19:50:25,2,9,0,-126,401677671.19,159.34778,-23.42707,159.34778,-23.42707,56,3,411,1880,89,105,575,15,1,16,,,,,,,,,,,,,,,,,,,,,,,,,,,,,
"",228002,5675,-23.42707,159.34778,2,03/14/2022 19:48:58,Argos,0,353,NP,,401677671.19,03/14/2022 19:50:45,1,9,0,-126,401677671.19,159.34778,-23.42707,159.34778,-23.42707,56,3,411,1880,89,105,575,30,142,28,,,,,,,,,,,,,,,,,,,,,,,,,,,,,
"",228002,5675,-23.42707,159.34778,2,03/14/2022 19:48:58,Argos,0,353,NP,,401677671.19,03/14/2022 19:51:32,2,9,0,-126,401677671.19,159.34778,-23.42707,159.34778,-23.42707,56,3,411,1880,89,105,575,77,57,5,,,,,,,,,,,,,,,,,,,,,,,,,,,,,
"",228002,5675,-23.42211,159.33662,B,03/14/2022 20:18:22,Argos,0,194,A1,,401677672.56,03/14/2022 20:16:46,1,2,0,-137,401677672.56,159.33662,-23.42211,159.33662,-23.42211,8,3,1751,37996,80,32,4946,30,142,28,,,,,,,,,,,,,,,,,,,,,,,,,,,,,
"",228002,5675,-23.42211,159.33662,B,03/14/2022 20:18:22,Argos,0,194,A1,,401677672.56,03/14/2022 20:20:00,1,2,0,-137,401677672.56,159.33662,-23.42211,159.33662,-23.42211,8,3,1751,37996,80,32,4946,88,141,14,,,,,,,,,,,,,,,,,,,,,,,,,,,,,
"",228002,5675,,,,,,,0,SR,,401650000,03/14/2022 20:20:29,1,1,,,401650000,,,,,,,,,,,,100,134,0,,,,,,,,,,,,,,,,,,,,,,,,,,,,,
"",228002,5675,-23.38959,159.33394,B,03/14/2022 21:26:55,Argos,0,0,NP,,401677671.57,03/14/2022 21:26:55,1,1,0,-134,401677671.57,159.33394,-23.38959,159.33394,-23.38959,8,3,1622,2724,965,31,4579,98,136,0,,,,,,,,,,,,,,,,,,,,,,,,,,,,,
"",228002,5675,-23.36779,159.33954,A,03/14/2022 21:47:38,Argos,0,159,NN,,401677670.56,03/14/2022 21:46:06,1,3,0,-132,401677670.56,159.33954,-23.36779,159.33954,-23.36779,6,3,1044,5396,202,162,2937,15,1,16,,,,,,,,,,,,,,,,,,,,,,,,,,,,,
"",228002,5675,-23.36779,159.33954,A,03/14/2022 21:47:38,Argos,0,159,NN,,401677670.56,03/14/2022 21:48:05,1,3,0,-132,401677670.56,159.33954,-23.36779,159.33954,-23.36779,6,3,1044,5396,202,162,2937,76,60,5,,,,,,,,,,,,,,,,,,,,,,,,,,,,,
"",228002,5675,-23.36779,159.33954,A,03/14/2022 21:47:38,Argos,0,159,NN,,401677670.56,03/14/2022 21:48:45,1,3,0,-132,401677670.56,159.33954,-23.36779,159.33954,-23.36779,6,3,1044,5396,202,162,2937,90,167,8,,,,,,,,,,,,,,,,,,,,,,,,,,,,,
"",228002,5675,-23.35468,159.3299,B,03/14/2022 22:49:29,Argos,0,0,MC,,401677665.75,03/14/2022 22:49:30,1,1,0,-125,401677665.75,159.3299,-23.35468,159.3299,-23.35468,8,3,2333,3351,1623,15,6592,69,176,165,245,104,201,152,179,119,91,49,22,146,19,123,176,13,127,143,127,211,162,253,,,,,,,,,
"",228002,5675,,,,,,,328,SR,,401650000,03/15/2022 05:51:04,1,3,,,401650000,,,,,,,,,,,,77,70,5,,,,,,,,,,,,,,,,,,,,,,,,,,,,,
"",228002,5675,,,,,,,328,SR,,401650000,03/15/2022 05:55:01,1,3,,,401650000,,,,,,,,,,,,85,180,8,,,,,,,,,,,,,,,,,,,,,,,,,,,,,
"",228002,5675,,,,,,,328,SR,,401650000,03/15/2022 05:56:32,1,3,,,401650000,,,,,,,,,,,,98,136,0,,,,,,,,,,,,,,,,,,,,,,,,,,,,,
"",228002,5675,-23.09366,159.31675,A,03/15/2022 06:45:04,Argos,0,145,A1,,401677662.1,03/15/2022 06:43:54,1,3,0,-130,401677662.1,159.31675,-23.09366,159.31676,-23.09366,8,3,1528,43942,53,88,4311,110,132,0,,,,,,,,,,,,,,,,,,,,,,,,,,,,,
"",228002,5675,-23.09366,159.31675,A,03/15/2022 06:45:04,Argos,0,145,A1,,401677662.1,03/15/2022 06:45:00,1,3,0,-130,401677662.1,159.31675,-23.09366,159.31676,-23.09366,8,3,1528,43942,53,88,4311,15,1,16,,,,,,,,,,,,,,,,,,,,,,,,,,,,,
"",228002,5675,-23.09366,159.31675,A,03/15/2022 06:45:04,Argos,0,145,A1,,401677662.1,03/15/2022 06:46:19,1,3,0,-130,401677662.1,159.31675,-23.09366,159.31676,-23.09366,8,3,1528,43942,53,88,4311,30,142,28,,,,,,,,,,,,,,,,,,,,,,,,,,,,,
"",228002,5675,,,,,,,104,SR,,401650000,03/15/2022 07:26:20,1,2,,,401650000,,,,,,,,,,,,103,137,0,,,,,,,,,,,,,,,,,,,,,,,,,,,,,
"",228002,5675,,,,,,,104,SR,,401650000,03/15/2022 07:28:04,1,2,,,401650000,,,,,,,,,,,,15,1,16,,,,,,,,,,,,,,,,,,,,,,,,,,,,,
"",228002,5675,-23.0589,159.2448,2,03/15/2022 07:57:21,Argos,0,628,NK,,401677669.76,03/15/2022 07:51:18,1,6,0,-130,401677669.76,159.2448,-23.0589,159.2448,-23.0589,58,2,326,415,255,97,293,42,141,192,238,14,238,164,128,96,165,169,154,82,76,238,216,133,28,222,51,48,203,170,9,210,174,24,237,13,63,65,
"",228002,5675,-23.0589,159.2448,2,03/15/2022 07:57:21,Argos,0,628,NK,,401677669.76,03/15/2022 07:56:08,1,6,0,-130,401677669.76,159.2448,-23.0589,159.2448,-23.0589,58,2,326,415,255,97,293,30,142,28,,,,,,,,,,,,,,,,,,,,,,,,,,,,,
"",228002,5675,-23.0589,159.2448,2,03/15/2022 07:57:21,Argos,0,628,NK,,401677669.76,03/15/2022 07:56:26,1,6,0,-130,401677669.76,159.2448,-23.0589,159.2448,-23.0589,58,2,326,415,255,97,293,73,16,165,245,104,201,152,179,119,159,166,209,78,22,152,123,98,106,165,163,189,64,103,,,,,,,,,
"",228002,5675,-23.0589,159.2448,2,03/15/2022 07:57:21,Argos,0,628,NK,,401677669.76,03/15/2022 07:58:08,1,6,0,-130,401677669.76,159.2448,-23.0589,159.2448,-23.0589,58,2,326,415,255,97,293,79,76,5,,,,,,,,,,,,,,,,,,,,,,,,,,,,,
"",228002,5675,-23.0589,159.2448,2,03/15/2022 07:57:21,Argos,0,628,NK,,401677669.76,03/15/2022 08:00:25,1,6,0,-130,401677669.76,159.2448,-23.0589,159.2448,-23.0589,58,2,326,415,255,97,293,92,246,8,,,,,,,,,,,,,,,,,,,,,,,,,,,,,
"",228002,5675,-23.0589,159.2448,2,03/15/2022 07:57:21,Argos,0,628,NK,,401677669.76,03/15/2022 08:01:46,1,6,0,-130,401677669.76,159.2448,-23.0589,159.2448,-23.0589,58,2,326,415,255,97,293,97,135,0,,,,,,,,,,,,,,,,,,,,,,,,,,,,,
"",228002,5675,-23.00639,159.24246,2,03/15/2022 09:33:49,Argos,0,584,NK,,401677667.88,03/15/2022 09:30:02,1,9,1,-119,401677667.88,159.24246,-23.00639,159.24246,-23.00639,56,3,279,319,243,97,194,107,135,64,,,,,,,,,,,,,,,,,,,,,,,,,,,,,
"",228002,5675,-23.01844,159.23769,0,03/15/2022 09:32:43,Argos,0,218,MC,,401677670.78,03/15/2022 09:31:09,1,6,0,-128,401677670.78,159.23769,-23.01844,159.23769,-23.01844,58,2,1755,6135,501,4,1628,15,1,1,,,,,,,,,,,,,,,,,,,,,,,,,,,,,
"",228002,5675,-23.00639,159.24246,2,03/15/2022 09:33:49,Argos,0,584,NK,,401677667.88,03/15/2022 09:31:09,1,9,1,-119,401677667.88,159.24246,-23.00639,159.24246,-23.00639,56,3,279,319,243,97,194,15,1,80,,,,,,,,,,,,,,,,,,,,,,,,,,,,,
"",228002,5675,-23.01844,159.23769,0,03/15/2022 09:32:43,Argos,0,218,MC,,401677670.78,03/15/2022 09:31:25,1,6,0,-128,401677670.78,159.23769,-23.01844,159.23769,-23.01844,58,2,1755,6135,501,4,1628,30,142,28,,,,,,,,,,,,,,,,,,,,,,,,,,,,,
"",228002,5675,-23.01844,159.23769,0,03/15/2022 09:32:43,Argos,0,218,MC,,401677670.78,03/15/2022 09:32:12,1,6,0,-128,401677670.78,159.23769,-23.01844,159.23769,-23.01844,58,2,1755,6135,501,4,1628,74,77,5,,,,,,,,,,,,,,,,,,,,,,,,,,,,,
"",228002,5675,-23.00639,159.24246,2,03/15/2022 09:33:49,Argos,0,584,NK,,401677667.88,03/15/2022 09:32:12,1,9,1,-119,401677667.88,159.24246,-23.00639,159.24246,-23.00639,56,3,279,319,243,97,194,74,77,5,,,,,,,,,,,,,,,,,,,,,,,,,,,,,
"",228002,5675,-23.01844,159.23769,0,03/15/2022 09:32:43,Argos,0,218,MC,,401677670.78,03/15/2022 09:33:07,1,6,0,-128,401677670.78,159.23769,-23.01844,159.23769,-23.01844,58,2,1755,6135,501,4,1628,90,22,9,,,,,,,,,,,,,,,,,,,,,,,,,,,,,
"",228002,5675,-23.00639,159.24246,2,03/15/2022 09:33:49,Argos,0,584,NK,,401677667.88,03/15/2022 09:33:07,1,9,1,-119,401677667.88,159.24246,-23.00639,159.24246,-23.00639,56,3,279,319,243,97,194,90,22,9,,,,,,,,,,,,,,,,,,,,,,,,,,,,,
"",228002,5675,-23.01844,159.23769,0,03/15/2022 09:32:43,Argos,0,218,MC,,401677670.78,03/15/2022 09:33:41,1,6,0,-128,401677670.78,159.23769,-23.01844,159.23769,-23.01844,58,2,1755,6135,501,4,1628,98,136,0,,,,,,,,,,,,,,,,,,,,,,,,,,,,,
"",228002,5675,-23.00639,159.24246,2,03/15/2022 09:33:49,Argos,0,584,NK,,401677667.88,03/15/2022 09:33:41,1,9,1,-119,401677667.88,159.24246,-23.00639,159.24246,-23.00639,56,3,279,319,243,97,194,98,136,0,,,,,,,,,,,,,,,,,,,,,,,,,,,,,
"",228002,5675,-23.01844,159.23769,0,03/15/2022 09:32:43,Argos,0,218,MC,,401677670.78,03/15/2022 09:34:47,1,6,0,-128,401677670.78,159.23769,-23.01844,159.23769,-23.01844,58,2,1755,6135,501,4,1628,15,1,16,,,,,,,,,,,,,,,,,,,,,,,,,,,,,
"",228002,5675,-23.00639,159.24246,2,03/15/2022 09:33:49,Argos,0,584,NK,,401677667.88,03/15/2022 09:34:47,1,9,1,-119,401677667.88,159.24246,-23.00639,159.24246,-23.00639,56,3,279,319,243,97,194,15,1,16,,,,,,,,,,,,,,,,,,,,,,,,,,,,,
"",228002,5675,-23.00639,159.24246,2,03/15/2022 09:33:49,Argos,0,584,NK,,401677667.88,03/15/2022 09:38:17,2,9,1,-119,401677667.88,159.24246,-23.00639,159.24246,-23.00639,56,3,279,319,243,97,194,30,142,28,,,,,,,,,,,,,,,,,,,,,,,,,,,,,
"",228002,5675,-23.00639,159.24246,2,03/15/2022 09:33:49,Argos,0,584,NK,,401677667.88,03/15/2022 09:39:46,1,9,1,-119,401677667.88,159.24246,-23.00639,159.24246,-23.00639,56,3,279,319,243,97,194,69,78,5,,,,,,,,,,,,,,,,,,,,,,,,,,,,,
"",228002,5675,-22.99111,159.23607,B,03/15/2022 10:09:54,Argos,0,18,NP,,401677664.41,03/15/2022 10:09:45,1,2,0,-132,401677664.41,159.23607,-22.99111,159.23607,-22.99111,8,3,2665,3012,2357,94,2285,30,142,28,,,,,,,,,,,,,,,,,,,,,,,,,,,,,
"",228002,5675,-22.99111,159.23607,B,03/15/2022 10:09:54,Argos,0,18,NP,,401677664.41,03/15/2022 10:10:04,1,2,0,-132,401677664.41,159.23607,-22.99111,159.23607,-22.99111,8,3,2665,3012,2357,94,2285,65,74,5,,,,,,,,,,,,,,,,,,,,,,,,,,,,,
"",228002,5675,-23.00398,159.30177,B,03/15/2022 10:16:06,Argos,0,0,MB,,401677657.9,03/15/2022 10:16:06,1,1,0,-136,401677657.9,159.30177,-23.00398,159.30177,-23.00398,6,3,6477,8894,4717,122,8126,74,77,5,,,,,,,,,,,,,,,,,,,,,,,,,,,,,
"",228002,5675,-22.9895,159.22854,A,03/15/2022 10:18:34,Argos,0,267,NN,,401677666.66,03/15/2022 10:16:06,1,3,0,-129,401677666.66,159.22854,-22.9895,159.22855,-22.9895,6,3,542,2013,145,32,1500,74,77,5,,,,,,,,,,,,,,,,,,,,,,,,,,,,,
"",228002,5675,-22.9895,159.22854,A,03/15/2022 10:18:34,Argos,0,267,NN,,401677666.66,03/15/2022 10:19:04,1,3,0,-129,401677666.66,159.22854,-22.9895,159.22855,-22.9895,6,3,542,2013,145,32,1500,73,48,165,245,104,201,152,179,119,169,74,18,31,137,43,211,89,191,69,179,212,188,75,,,,,,,,,
"",228002,5675,-22.9895,159.22854,A,03/15/2022 10:18:34,Argos,0,267,NN,,401677666.66,03/15/2022 10:20:33,1,3,0,-129,401677666.66,159.22854,-22.9895,159.22855,-22.9895,6,3,542,2013,145,32,1500,107,133,0,,,,,,,,,,,,,,,,,,,,,,,,,,,,,
"",228002,5675,-23.00691,159.30976,B,03/15/2022 11:08:10,Argos,0,79,MC,,401677670.46,03/15/2022 11:07:31,1,2,0,-126,401677670.46,159.30976,-23.00691,159.30975,-23.00691,7,3,2839,5909,1363,69,5629,74,79,107,,,,,,,,,,,,,,,,,,,,,,,,,,,,,
"",228002,5675,-23.00691,159.30976,B,03/15/2022 11:08:10,Argos,0,79,MC,,401677670.46,03/15/2022 11:08:50,1,2,0,-126,401677670.46,159.30976,-23.00691,159.30975,-23.00691,7,3,2839,5909,1363,69,5629,85,53,9,,,,,,,,,,,,,,,,,,,,,,,,,,,,,
"",228002,5675,-22.95713,159.31258,B,03/15/2022 12:54:46,Argos,0,0,MC,,401677691.21,03/15/2022 12:54:47,1,1,0,-130,401677691.21,159.31258,-22.95713,159.31258,-22.95713,8,2,2751,4924,1536,72,6806,68,75,5,,,,,,,,,,,,,,,,,,,,,,,,,,,,,
"",228002,5675,,,,,,,53,SR,,401650000,03/15/2022 19:51:19,1,2,,,401650000,,,,,,,,,,,,30,142,28,,,,,,,,,,,,,,,,,,,,,,,,,,,,,
"",228002,5675,,,,,,,53,SR,,401650000,03/15/2022 19:52:12,1,2,,,401650000,,,,,,,,,,,,74,77,7,,,,,,,,,,,,,,,,,,,,,,,,,,,,,
"",228002,5675,,,,,,,0,SR,,401650000,03/16/2022 07:06:11,1,1,,,401650000,,,,,,,,,,,,90,121,73,,,,,,,,,,,,,,,,,,,,,,,,,,,,,
"",228002,5675,-22.45648,159.32722,B,03/16/2022 09:10:37,Argos,0,0,NK,,401677695.86,03/16/2022 09:10:38,1,1,0,-126,401677695.86,159.32722,-22.45648,159.32722,-22.45648,0,3,4684,19031,1152,72,11592,88,240,165,245,104,201,152,179,120,36,195,213,24,19,21,18,1,211,28,213,0,255,128,,,,,,,,,
"",228002,5675,-22.43009,159.32571,B,03/16/2022 10:08:43,Argos,0,0,NN,,401677682.42,03/16/2022 10:08:44,1,1,0,-133,401677682.42,159.32571,-22.43009,159.32571,-22.43009,8,2,4204,15151,1166,72,11888,15,1,16,,,,,,,,,,,,,,,,,,,,,,,,,,,,,
"",228002,5675,,,,,,,0,NP,,401650000,03/17/2022 21:03:58,1,1,0,-136,401650000,,,,,,,,,,,,42,142,0,238,238,238,224,14,238,230,124,8,79,236,95,209,220,47,145,16,15,255,255,255,255,249,22,92,234,32,18,
"",228002,5675,,,,,,,0,NK,,401650000,03/18/2022 10:04:05,1,1,0,-126,401650000,,,,,,,,,,,,15,1,16,,,,,,,,,,,,,,,,,,,,,,,,,,,,,
"",228002,5675,,,,,,,0,MB,,401650000,03/18/2022 10:59:49,1,1,0,-132,401650000,,,,,,,,,,,,15,1,16,,,,,,,,,,,,,,,,,,,,,,,,,,,,,
"",228002,5675,-21.3787,159.2147,A,03/18/2022 11:23:12,Argos,0,107,NN,,401677658.44,03/18/2022 11:22:28,1,3,0,-125,401677658.44,159.2147,-21.3787,159.2147,-21.3787,0,3,2974,70542,125,74,3900,30,142,28,,,,,,,,,,,,,,,,,,,,,,,,,,,,,
"",228002,5675,-21.3787,159.2147,A,03/18/2022 11:23:12,Argos,0,107,NN,,401677658.44,03/18/2022 11:22:53,1,3,0,-125,401677658.44,159.2147,-21.3787,159.2147,-21.3787,0,3,2974,70542,125,74,3900,73,82,5,,,,,,,,,,,,,,,,,,,,,,,,,,,,,
"",228002,5675,-21.3787,159.2147,A,03/18/2022 11:23:12,Argos,0,107,NN,,401677658.44,03/18/2022 11:24:15,1,3,0,-125,401677658.44,159.2147,-21.3787,159.2147,-21.3787,0,3,2974,70542,125,74,3900,100,134,64,,,,,,,,,,,,,,,,,,,,,,,,,,,,,
"",228002,5675,-21.22891,159.09765,0,03/18/2022 19:13:39,Argos,0,241,A1,,401677664.36,03/18/2022 19:11:07,1,4,0,-125,401677664.36,159.09765,-21.22891,159.09766,-21.22891,48,3,7303,182110,292,86,3426,89,200,9,,,,,,,,,,,,,,,,,,,,,,,,,,,,,
"",228002,5675,-21.22891,159.09765,0,03/18/2022 19:13:39,Argos,0,241,A1,,401677664.36,03/18/2022 19:13:54,1,4,0,-125,401677664.36,159.09765,-21.22891,159.09766,-21.22891,48,3,7303,182110,292,86,3426,15,1,16,,,,,,,,,,,,,,,,,,,,,,,,,,,,,
"",228002,5675,-21.22891,159.09765,0,03/18/2022 19:13:39,Argos,0,241,A1,,401677664.36,03/18/2022 19:14:28,1,4,0,-125,401677664.36,159.09765,-21.22891,159.09766,-21.22891,48,3,7303,182110,292,86,3426,73,82,5,,,,,,,,,,,,,,,,,,,,,,,,,,,,,
"",228002,5675,-21.22891,159.09765,0,03/18/2022 19:13:39,Argos,0,241,A1,,401677664.36,03/18/2022 19:15:08,1,4,0,-125,401677664.36,159.09765,-21.22891,159.09766,-21.22891,48,3,7303,182110,292,86,3426,88,205,9,,,,,,,,,,,,,,,,,,,,,,,,,,,,,
"",228002,5675,-21.21353,159.0961,B,03/18/2022 19:54:59,Argos,0,0,SR,,401677658.74,03/18/2022 19:54:59,1,1,0,-136,401677658.74,159.0961,-21.21353,159.0961,-21.21353,8,2,6262,14322,2738,86,4162,91,210,9,,,,,,,,,,,,,,,,,,,,,,,,,,,,,
"",228002,5675,-20.93413,159.0455,B,03/19/2022 09:23:32,Argos,0,27,NP,,401677664.51,03/19/2022 09:23:18,1,2,0,-129,401677664.51,159.0455,-20.93413,159.0455,-20.93413,0,3,11163,17544,7102,90,10422,64,79,5,,,,,,,,,,,,,,,,,,,,,,,,,,,,,
"",228002,5675,-20.93413,159.0455,B,03/19/2022 09:23:32,Argos,0,27,NP,,401677664.51,03/19/2022 09:23:46,1,2,0,-129,401677664.51,159.0455,-20.93413,159.0455,-20.93413,0,3,11163,17544,7102,90,10422,85,228,9,,,,,,,,,,,,,,,,,,,,,,,,,,,,,
"",228002,5675,-20.93384,159.03965,B,03/19/2022 09:38:45,Argos,0,0,NK,,401677661.22,03/19/2022 09:38:46,1,1,0,-127,401677661.22,159.03965,-20.93384,159.03966,-20.93384,6,2,3459,6047,1978,101,9779,103,137,0,,,,,,,,,,,,,,,,,,,,,,,,,,,,,
"",228002,5675,-20.69276,159.00148,B,03/19/2022 20:38:33,Argos,0,0,NP,,401677658.69,03/19/2022 20:38:34,1,1,0,-132,401677658.69,159.00148,-20.69276,159.00148,-20.69276,8,3,4674,6643,3287,110,13217,42,142,64,238,238,238,224,0,0,229,162,191,122,97,173,30,78,113,244,215,234,187,200,209,97,1,167,199,51,75,204,
"",228002,5675,-20.69718,159.07205,0,03/19/2022 20:42:33,Argos,0,339,NK,,401677665.6,03/19/2022 20:38:34,1,4,0,-124,401677665.6,159.07205,-20.69718,159.07205,-20.69718,56,3,1622,36904,71,103,1832,42,142,64,238,238,238,224,0,0,224,33,246,164,2,184,187,6,196,51,159,121,175,132,103,13,145,181,128,98,133,172,
"",228002,5675,-20.69718,159.07205,0,03/19/2022 20:42:33,Argos,0,339,NK,,401677665.6,03/19/2022 20:43:34,1,4,0,-124,401677665.6,159.07205,-20.69718,159.07205,-20.69718,56,3,1622,36904,71,103,1832,30,142,28,,,,,,,,,,,,,,,,,,,,,,,,,,,,,
"",228002,5675,-20.69718,159.07205,0,03/19/2022 20:42:33,Argos,0,339,NK,,401677665.6,03/19/2022 20:43:52,1,4,0,-124,401677665.6,159.07205,-20.69718,159.07205,-20.69718,56,3,1622,36904,71,103,1832,68,75,5,,,,,,,,,,,,,,,,,,,,,,,,,,,,,
"",228002,5675,-20.69718,159.07205,0,03/19/2022 20:42:33,Argos,0,339,NK,,401677665.6,03/19/2022 20:44:13,1,4,0,-124,401677665.6,159.07205,-20.69718,159.07205,-20.69718,56,3,1622,36904,71,103,1832,91,242,9,,,,,,,,,,,,,,,,,,,,,,,,,,,,,
"",228002,5675,-20.64703,159.00733,B,03/19/2022 21:05:35,Argos,0,0,MC,,401677654.33,03/19/2022 21:05:36,1,1,0,-132,401677654.33,159.00733,-20.64703,159.00732,-20.64703,6,3,7148,18114,2820,146,20217,99,28,236,,,,,,,,,,,,,,,,,,,,,,,,,,,,,
"",228002,5675,-20.46145,158.98445,B,03/20/2022 07:25:42,Argos,0,0,NP,,401677646.83,03/20/2022 07:25:43,1,1,0,-139,401677646.83,158.98445,-20.46145,158.98445,-20.46145,8,3,6960,15870,3051,104,13625,97,135,0,,,,,,,,,,,,,,,,,,,,,,,,,,,,,
"",228002,5675,-20.47087,158.97154,B,03/20/2022 08:59:36,Argos,0,0,NP,,401677661.97,03/20/2022 08:59:36,1,1,0,-136,401677661.97,158.97154,-20.47087,158.97154,-20.47087,8,3,6369,11318,3583,78,14373,71,84,5,,,,,,,,,,,,,,,,,,,,,,,,,,,,,
"",228002,5675,-20.41256,158.69598,B,03/21/2022 06:01:56,Argos,0,49,SR,,401677620.69,03/21/2022 06:01:32,1,2,0,-129,401677620.69,158.69598,-20.41256,158.69598,-20.41256,0,3,3415,28652,406,107,9655,92,25,10,,,,,,,,,,,,,,,,,,,,,,,,,,,,,
"",228002,5675,-20.41256,158.69598,B,03/21/2022 06:01:56,Argos,0,49,SR,,401677620.69,03/21/2022 06:02:21,1,2,0,-129,401677620.69,158.69598,-20.41256,158.69598,-20.41256,0,3,3415,28652,406,107,9655,107,133,0,,,,,,,,,,,,,,,,,,,,,,,,,,,,,
"",228002,5675,-20.33346,158.48066,1,03/21/2022 06:48:44,Argos,0,601,A1,,401677664.51,03/21/2022 06:43:42,1,7,0,-123,401677664.51,158.48066,-20.33346,158.48067,-20.33346,56,3,526,2481,111,120,378,15,1,16,,,,,,,,,,,,,,,,,,,,,,,,,,,,,
"",228002,5675,-20.33346,158.48066,1,03/21/2022 06:48:44,Argos,0,601,A1,,401677664.51,03/21/2022 06:45:24,1,7,0,-123,401677664.51,158.48066,-20.33346,158.48067,-20.33346,56,3,526,2481,111,120,378,73,82,13,,,,,,,,,,,,,,,,,,,,,,,,,,,,,
"",228002,5675,-20.33346,158.48066,1,03/21/2022 06:48:44,Argos,0,601,A1,,401677664.51,03/21/2022 06:49:26,1,7,0,-123,401677664.51,158.48066,-20.33346,158.48067,-20.33346,56,3,526,2481,111,120,378,82,47,10,,,,,,,,,,,,,,,,,,,,,,,,,,,,,
"",228002,5675,-20.33346,158.48066,1,03/21/2022 06:48:44,Argos,0,601,A1,,401677664.51,03/21/2022 06:51:36,1,7,0,-123,401677664.51,158.48066,-20.33346,158.48067,-20.33346,56,3,526,2481,111,120,378,15,1,144,,,,,,,,,,,,,,,,,,,,,,,,,,,,,
"",228002,5675,-20.33346,158.48066,1,03/21/2022 06:48:44,Argos,0,601,A1,,401677664.51,03/21/2022 06:53:07,2,7,0,-123,401677664.51,158.48066,-20.33346,158.48067,-20.33346,56,3,526,2481,111,120,378,30,142,28,,,,,,,,,,,,,,,,,,,,,,,,,,,,,
"",228002,5675,-20.33346,158.48066,1,03/21/2022 06:48:44,Argos,0,601,A1,,401677664.51,03/21/2022 06:53:43,1,7,0,-123,401677664.51,158.48066,-20.33346,158.48067,-20.33346,56,3,526,2481,111,120,378,71,84,9,,,,,,,,,,,,,,,,,,,,,,,,,,,,,
"",228002,5675,-20.24786,158.30957,B,03/21/2022 08:50:31,Argos,0,0,NP,,401677673.04,03/21/2022 08:50:32,1,1,0,-131,401677673.04,158.30957,-20.24786,158.30957,-20.24786,0,3,4639,4840,4445,113,4171,67,80,5,,,,,,,,,,,,,,,,,,,,,,,,,,,,,
"",228002,5675,-20.25061,158.30328,B,03/21/2022 08:50:31,Argos,0,0,NK,,401677648.93,03/21/2022 08:50:32,1,1,0,-127,401677648.93,158.30328,-20.25061,158.30328,-20.25061,8,3,5194,5504,4901,88,4263,67,80,5,,,,,,,,,,,,,,,,,,,,,,,,,,,,,
"",228002,5675,-20.24652,158.30941,1,03/21/2022 10:47:52,Argos,0,115,MC,,401677673.59,03/21/2022 10:46:52,1,4,0,-120,401677673.59,158.30941,-20.24652,158.3094,-20.24652,58,3,894,10553,75,86,2510,92,118,10,,,,,,,,,,,,,,,,,,,,,,,,,,,,,
"",228002,5675,-20.27404,158.33447,0,03/21/2022 10:47:52,Argos,0,115,NN,,401677682.41,03/21/2022 10:46:52,1,4,0,-129,401677682.41,158.33447,-20.27404,158.33447,-20.27404,58,3,2051,10384,405,47,2292,92,118,10,,,,,,,,,,,,,,,,,,,,,,,,,,,,,
"",228002,5675,-20.24652,158.30941,1,03/21/2022 10:47:52,Argos,0,115,MC,,401677673.59,03/21/2022 10:47:44,1,4,0,-120,401677673.59,158.30941,-20.24652,158.3094,-20.24652,58,3,894,10553,75,86,2510,98,136,0,,,,,,,,,,,,,,,,,,,,,,,,,,,,,
"",228002,5675,-20.27404,158.33447,0,03/21/2022 10:47:52,Argos,0,115,NN,,401677682.41,03/21/2022 10:47:44,1,4,0,-129,401677682.41,158.33447,-20.27404,158.33447,-20.27404,58,3,2051,10384,405,47,2292,98,136,252,,,,,,,,,,,,,,,,,,,,,,,,,,,,,
"",228002,5675,-20.24652,158.30941,1,03/21/2022 10:47:52,Argos,0,115,MC,,401677673.59,03/21/2022 10:48:05,1,4,0,-120,401677673.59,158.30941,-20.24652,158.3094,-20.24652,58,3,894,10553,75,86,2510,15,1,16,,,,,,,,,,,,,,,,,,,,,,,,,,,,,
"",228002,5675,-20.27404,158.33447,0,03/21/2022 10:47:52,Argos,0,115,NN,,401677682.41,03/21/2022 10:48:05,1,4,0,-129,401677682.41,158.33447,-20.27404,158.33447,-20.27404,58,3,2051,10384,405,47,2292,15,1,16,,,,,,,,,,,,,,,,,,,,,,,,,,,,,
"",228002,5675,-20.24652,158.30941,1,03/21/2022 10:47:52,Argos,0,115,MC,,401677673.59,03/21/2022 10:48:47,1,4,0,-120,401677673.59,158.30941,-20.24652,158.3094,-20.24652,58,3,894,10553,75,86,2510,30,142,28,,,,,,,,,,,,,,,,,,,,,,,,,,,,,
"",228002,5675,-20.27404,158.33447,0,03/21/2022 10:47:52,Argos,0,115,NN,,401677682.41,03/21/2022 10:48:47,1,4,0,-129,401677682.41,158.33447,-20.27404,158.33447,-20.27404,58,3,2051,10384,405,47,2292,22,142,28,,,,,,,,,,,,,,,,,,,,,,,,,,,,,
"",228002,5675,-20.11808,158.13624,0,03/21/2022 18:30:39,Argos,0,251,SR,,401677667.51,03/21/2022 18:29:02,1,4,0,-126,401677667.51,158.13624,-20.11808,158.13625,-20.11808,58,3,2539,13750,468,91,1452,15,1,16,,,,,,,,,,,,,,,,,,,,,,,,,,,,,
"",228002,5675,-20.11908,158.13131,1,03/21/2022 18:30:39,Argos,0,251,A1,,401677668.64,03/21/2022 18:29:02,1,4,0,-132,401677668.64,158.13131,-20.11908,158.13132,-20.11908,58,3,715,1660,308,132,431,15,1,16,,,,,,,,,,,,,,,,,,,,,,,,,,,,,
"",228002,5675,-20.11808,158.13624,0,03/21/2022 18:30:39,Argos,0,251,SR,,401677667.51,03/21/2022 18:29:55,1,4,0,-126,401677667.51,158.13624,-20.11808,158.13625,-20.11808,58,3,2539,13750,468,91,1452,30,142,28,,,,,,,,,,,,,,,,,,,,,,,,,,,,,
"",228002,5675,-20.11908,158.13131,1,03/21/2022 18:30:39,Argos,0,251,A1,,401677668.64,03/21/2022 18:29:55,1,4,0,-132,401677668.64,158.13131,-20.11908,158.13132,-20.11908,58,3,715,1660,308,132,431,30,142,28,,,,,,,,,,,,,,,,,,,,,,,,,,,,,
"",228002,5675,-20.11808,158.13624,0,03/21/2022 18:30:39,Argos,0,251,SR,,401677667.51,03/21/2022 18:30:28,1,4,0,-126,401677667.51,158.13624,-20.11808,158.13625,-20.11808,58,3,2539,13750,468,91,1452,69,78,5,,,,,,,,,,,,,,,,,,,,,,,,,,,,,
"",228002,5675,-20.11908,158.13131,1,03/21/2022 18:30:39,Argos,0,251,A1,,401677668.64,03/21/2022 18:30:28,1,4,0,-132,401677668.64,158.13131,-20.11908,158.13132,-20.11908,58,3,715,1660,308,132,431,69,78,5,,,,,,,,,,,,,,,,,,,,,,,,,,,,,
"",228002,5675,-20.11808,158.13624,0,03/21/2022 18:30:39,Argos,0,251,SR,,401677667.51,03/21/2022 18:33:13,1,4,0,-126,401677667.51,158.13624,-20.11808,158.13625,-20.11808,58,3,2539,13750,468,91,1452,100,134,0,,,,,,,,,,,,,,,,,,,,,,,,,,,,,
"",228002,5675,-20.11908,158.13131,1,03/21/2022 18:30:39,Argos,0,251,A1,,401677668.64,03/21/2022 18:33:13,1,4,0,-132,401677668.64,158.13131,-20.11908,158.13132,-20.11908,58,3,715,1660,308,132,431,100,134,0,,,,,,,,,,,,,,,,,,,,,,,,,,,,,
"",228002,5675,-20.09355,158.09864,3,03/21/2022 19:53:42,Argos,0,417,NK,,401677665.23,03/21/2022 19:50:13,1,12,0,-125,401677665.23,158.09864,-20.09355,158.09863,-20.09355,58,3,237,325,172,173,187,84,175,11,,,,,,,,,,,,,,,,,,,,,,,,,,,,,
"",228002,5675,-20.09355,158.09864,3,03/21/2022 19:53:42,Argos,0,417,NK,,401677665.23,03/21/2022 19:51:02,1,12,0,-125,401677665.23,158.09864,-20.09355,158.09863,-20.09355,58,3,237,325,172,173,187,101,131,0,,,,,,,,,,,,,,,,,,,,,,,,,,,,,
"",228002,5675,-20.09355,158.09864,3,03/21/2022 19:53:42,Argos,0,417,NK,,401677665.23,03/21/2022 19:52:36,1,12,0,-125,401677665.23,158.09864,-20.09355,158.09863,-20.09355,58,3,237,325,172,173,187,69,78,5,,,,,,,,,,,,,,,,,,,,,,,,,,,,,
"",228002,5675,-20.09355,158.09864,3,03/21/2022 19:53:42,Argos,0,417,NK,,401677665.23,03/21/2022 19:53:06,1,12,0,-125,401677665.23,158.09864,-20.09355,158.09863,-20.09355,58,3,237,325,172,173,187,83,180,10,,,,,,,,,,,,,,,,,,,,,,,,,,,,,
"",228002,5675,-20.09355,158.09864,3,03/21/2022 19:53:42,Argos,0,417,NK,,401677665.23,03/21/2022 19:54:08,1,12,0,-125,401677665.23,158.09864,-20.09355,158.09863,-20.09355,58,3,237,325,172,173,187,97,135,0,,,,,,,,,,,,,,,,,,,,,,,,,,,,,
"",228002,5675,-20.09355,158.09864,3,03/21/2022 19:53:42,Argos,0,417,NK,,401677665.23,03/21/2022 19:55:01,1,12,0,-125,401677665.23,158.09864,-20.09355,158.09863,-20.09355,58,3,237,325,172,173,187,66,240,165,245,106,201,152,55,113,167,67,123,24,42,218,28,2,250,57,169,225,255,0,,,,,,,,,
"",228002,5675,-20.09355,158.09864,3,03/21/2022 19:53:42,Argos,0,417,NK,,401677665.23,03/21/2022 19:55:17,2,12,0,-125,401677665.23,158.09864,-20.09355,158.09863,-20.09355,58,3,237,325,172,173,187,15,1,16,,,,,,,,,,,,,,,,,,,,,,,,,,,,,
"",228002,5675,-20.09355,158.09864,3,03/21/2022 19:53:42,Argos,0,417,NK,,401677665.23,03/21/2022 19:56:14,2,12,0,-125,401677665.23,158.09864,-20.09355,158.09863,-20.09355,58,3,237,325,172,173,187,30,142,28,,,,,,,,,,,,,,,,,,,,,,,,,,,,,
"",228002,5675,-20.09355,158.09864,3,03/21/2022 19:53:42,Argos,0,417,NK,,401677665.23,03/21/2022 19:56:49,1,12,0,-125,401677665.23,158.09864,-20.09355,158.09863,-20.09355,58,3,237,325,172,173,187,64,79,5,,,,,,,,,,,,,,,,,,,,,,,,,,,,,
"",228002,5675,-20.09355,158.09864,3,03/21/2022 19:53:42,Argos,0,417,NK,,401677665.23,03/21/2022 19:57:10,1,12,0,-125,401677665.23,158.09864,-20.09355,158.09863,-20.09355,58,3,237,325,172,173,187,85,186,10,,,,,,,,,,,,,,,,,,,,,,,,,,,,,
"",228002,5675,-20.08182,158.06952,1,03/21/2022 20:12:28,Argos,0,199,NP,,401677662.76,03/21/2022 20:11:06,1,4,0,-125,401677662.76,158.06952,-20.08182,158.06952,-20.08182,56,3,1284,13024,126,116,2279,100,134,0,,,,,,,,,,,,,,,,,,,,,,,,,,,,,
"",228002,5675,-20.07684,158.03858,B,03/21/2022 20:12:11,Argos,0,77,SR,,401677669.63,03/21/2022 20:11:33,1,2,0,-129,401677669.63,158.03858,-20.07684,158.03857,-20.07684,8,3,3368,9824,1154,106,3378,15,1,16,,,,,,,,,,,,,,,,,,,,,,,,,,,,,
"",228002,5675,-20.08182,158.06952,1,03/21/2022 20:12:28,Argos,0,199,NP,,401677662.76,03/21/2022 20:11:33,1,4,0,-125,401677662.76,158.06952,-20.08182,158.06952,-20.08182,56,3,1284,13024,126,116,2279,15,1,16,,,,,,,,,,,,,,,,,,,,,,,,,,,,,
"",228002,5675,-20.07684,158.03858,B,03/21/2022 20:12:11,Argos,0,77,SR,,401677669.63,03/21/2022 20:12:50,1,2,0,-129,401677669.63,158.03858,-20.07684,158.03857,-20.07684,8,3,3368,9824,1154,106,3378,30,141,24,,,,,,,,,,,,,,,,,,,,,,,,,,,,,
"",228002,5675,-20.08182,158.06952,1,03/21/2022 20:12:28,Argos,0,199,NP,,401677662.76,03/21/2022 20:12:50,1,4,0,-125,401677662.76,158.06952,-20.08182,158.06952,-20.08182,56,3,1284,13024,126,116,2279,30,142,30,,,,,,,,,,,,,,,,,,,,,,,,,,,,,
"",228002,5675,-20.08182,158.06952,1,03/21/2022 20:12:28,Argos,0,199,NP,,401677662.76,03/21/2022 20:14:25,1,4,0,-125,401677662.76,158.06952,-20.08182,158.06952,-20.08182,56,3,1284,13024,126,116,2279,69,78,5,,,,,,,,,,,,,,,,,,,,,,,,,,,,,
"",228002,5675,-19.92536,158.01537,A,03/22/2022 10:04:56,Argos,0,148,NK,,401677634.38,03/22/2022 10:03:27,1,3,0,-125,401677634.38,158.01537,-19.92536,158.01537,-19.92536,0,3,5275,77281,360,93,7328,30,142,28,,,,,,,,,,,,,,,,,,,,,,,,,,,,,
"",228002,5675,-19.92536,158.01537,A,03/22/2022 10:04:56,Argos,0,148,NK,,401677634.38,03/22/2022 10:05:27,1,3,0,-125,401677634.38,158.01537,-19.92536,158.01537,-19.92536,0,3,5275,77281,360,93,7328,66,85,5,,,,,,,,,,,,,,,,,,,,,,,,,,,,,
"",228002,5675,-19.92536,158.01537,A,03/22/2022 10:04:56,Argos,0,148,NK,,401677634.38,03/22/2022 10:05:55,1,3,0,-125,401677634.38,158.01537,-19.92536,158.01537,-19.92536,0,3,5275,77281,360,93,7328,81,144,165,245,104,201,152,179,123,40,122,146,86,21,209,14,1,173,28,213,64,255,128,,,,,,,,,
"",228002,5675,-19.93176,157.46302,B,03/22/2022 10:27:17,Argos,0,22,MC,,401677722.52,03/22/2022 10:27:06,1,2,0,-124,401677722.52,157.46302,-19.93176,157.46301,-19.93176,0,3,6737,27884,1627,81,6636,30,142,28,,,,,,,,,,,,,,,,,,,,,,,,,,,,,
"",228002,5675,-19.71975,157.25797,B,03/22/2022 10:27:28,Argos,0,0,NP,,401677666.9,03/22/2022 10:27:28,1,1,0,-137,401677666.9,157.25797,-19.71975,157.25797,-19.71975,0,3,4116,5819,2910,112,10361,76,83,5,,,,,,,,,,,,,,,,,,,,,,,,,,,,,
"",228002,5675,-19.93176,157.46302,B,03/22/2022 10:27:17,Argos,0,22,MC,,401677722.52,03/22/2022 10:27:28,1,2,0,-124,401677722.52,157.46302,-19.93176,157.46301,-19.93176,0,3,6737,27884,1627,81,6636,76,83,5,,,,,,,,,,,,,,,,,,,,,,,,,,,,,
"",228002,5675,-19.87052,157.69204,1,03/22/2022 12:11:01,Argos,0,188,MC,,401677664.25,03/22/2022 12:10:35,1,4,1,-118,401677664.25,157.69204,-19.87052,157.69205,-19.87052,58,3,1400,9685,202,65,2068,110,132,0,,,,,,,,,,,,,,,,,,,,,,,,,,,,,
"",228002,5675,-19.87052,157.69204,1,03/22/2022 12:11:01,Argos,0,188,MC,,401677664.25,03/22/2022 12:10:58,1,4,1,-118,401677664.25,157.69204,-19.87052,157.69205,-19.87052,58,3,1400,9685,202,65,2068,15,1,16,,,,,,,,,,,,,,,,,,,,,,,,,,,,,
"",228002,5675,-19.87052,157.69204,1,03/22/2022 12:11:01,Argos,0,188,MC,,401677664.25,03/22/2022 12:11:31,1,4,1,-118,401677664.25,157.69204,-19.87052,157.69205,-19.87052,58,3,1400,9685,202,65,2068,30,142,28,,,,,,,,,,,,,,,,,,,,,,,,,,,,,
"",228002,5675,-19.87052,157.69204,1,03/22/2022 12:11:01,Argos,0,188,MC,,401677664.25,03/22/2022 12:13:43,1,4,1,-118,401677664.25,157.69204,-19.87052,157.69205,-19.87052,58,3,1400,9685,202,65,2068,77,86,5,,,,,,,,,,,,,,,,,,,,,,,,,,,,,
"",228002,5675,-19.87105,157.69161,B,03/22/2022 12:15:01,Argos,0,156,NN,,401677664.48,03/22/2022 12:13:43,1,2,0,-126,401677664.48,157.69161,-19.87105,157.6916,-19.87105,6,3,740,6820,80,63,2069,77,86,5,,,,,,,,,,,,,,,,,,,,,,,,,,,,,
"",228002,5675,-19.87105,157.69161,B,03/22/2022 12:15:01,Argos,0,156,NN,,401677664.48,03/22/2022 12:16:19,1,2,0,-126,401677664.48,157.69161,-19.87105,157.6916,-19.87105,6,3,740,6820,80,63,2069,92,248,10,,,,,,,,,,,,,,,,,,,,,,,,,,,,,
"",228002,5675,-19.72445,157.42751,B,03/22/2022 19:33:59,Argos,0,0,SR,,401677657.4,03/22/2022 19:34:00,1,1,0,-125,401677657.4,157.42751,-19.72445,157.4275,-19.72445,8,3,2768,3598,2129,79,7826,89,23,11,,,,,,,,,,,,,,,,,,,,,,,,,,,,,
"",228002,5675,-19.75444,157.61364,B,03/22/2022 19:33:59,Argos,0,0,NK,,401677653.24,03/22/2022 19:34:00,1,1,0,-133,401677653.24,157.61364,-19.75444,157.61365,-19.75444,0,2,12951,120036,1397,111,36633,89,23,11,,,,,,,,,,,,,,,,,,,,,,,,,,,,,
"",228002,5675,-19.75783,157.62322,B,03/23/2022 06:47:56,Argos,0,0,SR,,401677655.49,03/23/2022 06:47:57,1,1,0,-139,401677655.49,157.62322,-19.75783,157.62321,-19.75783,8,3,10451,37815,2888,111,29562,42,142,192,238,238,238,0,224,158,10,91,118,130,143,239,68,13,8,164,68,125,254,47,192,79,94,160,245,160,14,137,
"",228002,5675,-19.51121,157.58771,B,03/23/2022 08:21:52,Argos,0,160,SR,,401677618.13,03/23/2022 08:19:12,1,2,0,-125,401677618.13,157.58771,-19.51121,157.5877,-19.51121,8,3,4415,44823,434,31,5588,76,112,165,245,104,201,152,179,123,161,80,83,22,22,53,8,11,98,28,213,144,255,128,,,,,,,,,
"",228002,5675,-19.51121,157.58771,B,03/23/2022 08:21:52,Argos,0,160,SR,,401677618.13,03/23/2022 08:21:52,1,2,0,-125,401677618.13,157.58771,-19.51121,157.5877,-19.51121,8,3,4415,44823,434,31,5588,42,142,192,238,238,238,0,224,14,32,227,164,95,79,180,85,50,68,174,85,28,79,109,144,93,210,25,167,88,215,248,
"",228002,5675,-19.47449,157.60904,B,03/23/2022 08:36:34,Argos,0,0,NP,,401677661.6,03/23/2022 08:36:35,1,1,0,-132,401677661.6,157.60904,-19.47449,157.60904,-19.47449,6,3,3550,12819,983,32,4502,15,1,16,,,,,,,,,,,,,,,,,,,,,,,,,,,,,
"",228002,5675,-19.42955,157.63901,B,03/23/2022 09:36:37,Argos,0,0,NK,,401677666.79,03/23/2022 09:36:38,1,1,0,-122,401677666.79,157.63901,-19.42955,157.639,-19.42955,8,3,3184,4508,2248,49,4051,30,142,28,,,,,,,,,,,,,,,,,,,,,,,,,,,,,
"",228002,5675,-19.40048,157.65832,B,03/23/2022 10:27:46,Argos,0,0,NN,,401677669.44,03/23/2022 10:27:47,1,1,0,-132,401677669.44,157.65832,-19.40048,157.65833,-19.40048,8,3,2620,3114,2204,47,4712,77,86,5,,,,,,,,,,,,,,,,,,,,,,,,,,,,,
"",228002,5675,-19.34102,157.69121,B,03/23/2022 11:53:32,Argos,0,0,MC,,401677632.71,03/23/2022 11:53:32,1,1,0,-121,401677632.71,157.69121,-19.34102,157.69121,-19.34102,8,3,3369,3990,2844,56,6043,15,1,16,,,,,,,,,,,,,,,,,,,,,,,,,,,,,
"",228002,5675,-19.6077,158.83593,A,03/26/2022 12:22:13,Argos,0,507,MC,,401677589.87,03/26/2022 12:22:04,1,3,0,-127,401677589.87,158.83593,-19.6077,158.83594,-19.6077,0,3,6481,117867,356,154,3029,30,142,28,,,,,,,,,,,,,,,,,,,,,,,,,,,,,
"",228002,5675,-19.6077,158.83593,A,03/26/2022 12:22:13,Argos,0,507,MC,,401677589.87,03/26/2022 12:22:23,1,3,0,-127,401677589.87,158.83593,-19.6077,158.83594,-19.6077,0,3,6481,117867,356,154,3029,78,73,5,,,,,,,,,,,,,,,,,,,,,,,,,,,,,
"",228002,5675,-19.6077,158.83593,A,03/26/2022 12:22:13,Argos,0,507,MC,,401677589.87,03/26/2022 12:30:31,1,3,0,-127,401677589.87,158.83593,-19.6077,158.83594,-19.6077,0,3,6481,117867,356,154,3029,97,135,0,,,,,,,,,,,,,,,,,,,,,,,,,,,,,
"",228002,5675,-19.89264,158.98321,A,03/26/2022 13:10:06,Argos,0,428,NN,,401677665.23,03/26/2022 13:06:22,1,3,0,-131,401677665.23,158.98321,-19.89264,118.33313,-28.62027,50,3,1335,3404,523,72,487,15,1,16,,,,,,,,,,,,,,,,,,,,,,,,,,,,,
"",228002,5675,-19.89264,158.98321,A,03/26/2022 13:10:06,Argos,0,428,NN,,401677665.23,03/26/2022 13:10:28,1,3,0,-131,401677665.23,158.98321,-19.89264,118.33313,-28.62027,50,3,1335,3404,523,72,487,30,142,28,,,,,,,,,,,,,,,,,,,,,,,,,,,,,
"",228002,5675,-19.89264,158.98321,A,03/26/2022 13:10:06,Argos,0,428,NN,,401677665.23,03/26/2022 13:13:30,1,3,0,-131,401677665.23,158.98321,-19.89264,118.33313,-28.62027,50,3,1335,3404,523,72,487,86,75,11,,,,,,,,,,,,,,,,,,,,,,,,,,,,,
"",228002,5675,,,,,,,0,SR,,401650000,03/27/2022 20:23:19,1,1,0,-130,401650000,,,,,,,,,,,,42,143,64,238,238,238,238,238,224,0,0,14,238,161,106,10,19,130,96,212,193,185,254,7,8,38,149,36,38,160,124,
"",228002,5675,,,,,,,0,NK,,401650000,03/27/2022 20:46:45,1,1,0,-124,401650000,,,,,,,,,,,,15,17,86,,,,,,,,,,,,,,,,,,,,,,,,,,,,,
"",228002,5675,-19.96275,158.93616,B,03/27/2022 21:34:10,Argos,0,183,MC,,401677665.8,03/27/2022 21:32:39,1,2,0,-124,401677665.8,158.93616,-19.96275,158.93616,-19.96275,0,3,15702,356076,692,122,8120,30,140,28,,,,,,,,,,,,,,,,,,,,,,,,,,,,,
"",228002,5675,-19.96275,158.93616,B,03/27/2022 21:34:10,Argos,0,183,MC,,401677665.8,03/27/2022 21:35:42,1,2,0,-124,401677665.8,158.93616,-19.96275,158.93616,-19.96275,0,3,15702,356076,692,122,8120,42,143,64,238,238,238,238,238,224,0,0,14,238,238,238,94,143,32,238,238,238,238,238,238,14,238,238,238,238,14,103,
"",228002,5675,-19.90585,158.88093,B,03/28/2022 09:02:53,Argos,0,61,NK,,401677666.22,03/28/2022 09:02:23,1,2,0,-128,401677666.22,158.88093,-19.90585,158.88094,-19.90585,8,3,4338,9145,2057,72,8690,89,169,11,,,,,,,,,,,,,,,,,,,,,,,,,,,,,
"",228002,5675,-19.90585,158.88093,B,03/28/2022 09:02:53,Argos,0,61,NK,,401677666.22,03/28/2022 09:03:24,1,2,0,-128,401677666.22,158.88093,-19.90585,158.88094,-19.90585,8,3,4338,9145,2057,72,8690,110,132,2,,,,,,,,,,,,,,,,,,,,,,,,,,,,,
"",228002,5675,-19.94452,158.83904,B,03/28/2022 19:50:39,Argos,0,0,SR,,401677656.36,03/28/2022 19:50:39,1,1,0,-127,401677656.36,158.83904,-19.94452,158.83904,-19.94452,8,2,3742,9332,1500,96,10581,15,1,16,,,,,,,,,,,,,,,,,,,,,,,,,,,,,
"",228002,5675,-19.95064,158.88381,B,03/28/2022 19:50:39,Argos,0,0,A1,,401677661.71,03/28/2022 19:50:39,1,1,0,-124,401677661.71,158.88381,-19.95064,158.8838,-19.95064,8,2,3581,15624,820,84,10042,15,1,16,,,,,,,,,,,,,,,,,,,,,,,,,,,,,
